gene,cluster_id,random_effect,random_se,random_p,fixed_effect,fixed_se,fixed_p,i_squared,tau_squared,cochran_q,n_datasets,direction
ABCC8,0,-0.6517065242673751,0.22844081867288438,0.004332958504990059,-0.4384747771889898,0.075106774620261,5.282513488618817e-09,67.30580336503631,0.09637102838510082,6.117293605132258,3,down
CACNA1D,0,-0.5710372780705801,0.19198527976760854,0.0029358075300610015,-0.46508376569785154,0.09529234000610083,1.0576373011675695e-06,56.73178297377262,0.057771441983442647,4.622330517542897,3,down
CASR,0,-0.44295009797701335,0.09298152902314531,1.8993330337585183e-06,-0.44295009797701335,0.09298152902314531,1.8993330337585183e-06,0.0,0.0,0.8110687363425785,3,down
LRFN2,0,-0.5019112879131522,0.09424370420772123,1.0057912986202169e-07,-0.5068500181697693,0.08193552164740252,6.17249013939142e-10,22.762765381103176,0.004171367643466835,1.294712330049347,2,down
OTULINL,0,-0.7502217504956838,0.11648421460439945,1.1904576073677399e-10,-0.7502217504956838,0.11648421460439945,1.1904576073677399e-10,0.0,0.0,0.5673580657541996,3,down
RASGRP1,0,-0.7516323151998028,0.12157995361945781,6.321197411023591e-10,-0.7516323151998028,0.12157995361945781,6.321197411023591e-10,0.0,0.0,1.8620431525735395,3,down
RNF6,0,-0.4714922987115022,0.2181542667037325,0.030673771689248785,-0.2831524149743056,0.06278171627668426,6.47941717231022e-06,83.86851985557547,0.09370001562615429,12.398118350542395,3,down
SLC2A2,0,-1.2887303312331537,0.2581112667343687,5.947149562666342e-07,-1.2346131250946943,0.14625428626566447,3.1315224385960076e-17,60.426036628200364,0.12025836953157337,5.053827894896163,3,down
