gene,cluster_id,status,discovery_direction,n_same_tissue_concordant,n_same_tissue_discordant,n_cross_tissue_concordant,reason
ALG3,0,survived,up,3,0,0,Same-tissue replication: 3/3 concordant. Cross-tissue: 0/0 concordant.
CKAP5,0,survived,up,3,0,0,Same-tissue replication: 3/3 concordant. Cross-tissue: 0/0 concordant.
DNAAF11,0,survived,up,3,0,0,Same-tissue replication: 3/3 concordant. Cross-tissue: 0/0 concordant.
HYAL2,0,survived,up,3,0,0,Same-tissue replication: 3/3 concordant. Cross-tissue: 0/0 concordant.
PPP1R13L,0,survived,up,3,0,0,Same-tissue replication: 3/3 concordant. Cross-tissue: 0/0 concordant.
TNRC18,0,survived,up,3,0,0,Same-tissue replication: 3/3 concordant. Cross-tissue: 0/0 concordant.
WFS1,0,survived,up,3,0,0,Same-tissue replication: 3/3 concordant. Cross-tissue: 0/0 concordant.
AMIGO2,1,survived,up,3,0,0,Same-tissue replication: 3/3 concordant. Cross-tissue: 0/0 concordant.
ANXA5,1,survived,up,3,0,0,Same-tissue replication: 3/3 concordant. Cross-tissue: 0/0 concordant.
CCNH,1,survived,up,3,0,0,Same-tissue replication: 3/3 concordant. Cross-tissue: 0/0 concordant.
CUL1,1,survived,up,3,0,0,Same-tissue replication: 3/3 concordant. Cross-tissue: 0/0 concordant.
DUSP2,1,survived,up,3,0,0,Same-tissue replication: 3/3 concordant. Cross-tissue: 0/0 concordant.
EXOSC1,1,survived,up,3,0,0,Same-tissue replication: 3/3 concordant. Cross-tissue: 0/0 concordant.
FUNDC2,1,survived,up,3,0,0,Same-tissue replication: 3/3 concordant. Cross-tissue: 0/0 concordant.
FZR1,1,eliminated,up,1,2,0,"Significant opposite direction in same-tissue dataset(s): ['GSE32323', 'GSE39582']. Discovery direction: up."
GYG1,1,survived,up,3,0,0,Same-tissue replication: 3/3 concordant. Cross-tissue: 0/0 concordant.
HNRNPDL,1,survived,up,3,0,0,Same-tissue replication: 3/3 concordant. Cross-tissue: 0/0 concordant.
HSF2,1,survived,up,3,0,0,Same-tissue replication: 3/3 concordant. Cross-tissue: 0/0 concordant.
IDO1,1,survived,up,3,0,0,Same-tissue replication: 3/3 concordant. Cross-tissue: 0/0 concordant.
IGFBP5,1,survived,up,2,0,0,Same-tissue replication: 2/3 concordant. Cross-tissue: 0/0 concordant.
LDLR,1,survived,up,2,0,0,Same-tissue replication: 2/3 concordant. Cross-tissue: 0/0 concordant.
MX2,1,survived,up,3,0,0,Same-tissue replication: 3/3 concordant. Cross-tissue: 0/0 concordant.
NEDD4,1,survived,up,3,0,0,Same-tissue replication: 3/3 concordant. Cross-tissue: 0/0 concordant.
PLCG1,1,survived,up,3,0,0,Same-tissue replication: 3/3 concordant. Cross-tissue: 0/0 concordant.
PLEKHA8,1,survived,up,3,0,0,Same-tissue replication: 3/3 concordant. Cross-tissue: 0/0 concordant.
PRXL2C,1,survived,up,3,0,0,Same-tissue replication: 3/3 concordant. Cross-tissue: 0/0 concordant.
RAB23,1,survived,up,3,0,0,Same-tissue replication: 3/3 concordant. Cross-tissue: 0/0 concordant.
RHOB,1,survived,up,2,0,0,Same-tissue replication: 2/3 concordant. Cross-tissue: 0/0 concordant.
S1PR3,1,eliminated,up,2,1,0,Significant opposite direction in same-tissue dataset(s): ['GSE32323']. Discovery direction: up.
SLC19A2,1,survived,up,3,0,0,Same-tissue replication: 3/3 concordant. Cross-tissue: 0/0 concordant.
STK38L,1,survived,up,3,0,0,Same-tissue replication: 3/3 concordant. Cross-tissue: 0/0 concordant.
TASOR2,1,survived,up,3,0,0,Same-tissue replication: 3/3 concordant. Cross-tissue: 0/0 concordant.
TTC8,1,survived,up,3,0,0,Same-tissue replication: 3/3 concordant. Cross-tissue: 0/0 concordant.
UIMC1,1,survived,up,3,0,0,Same-tissue replication: 3/3 concordant. Cross-tissue: 0/0 concordant.
WDR90,1,survived,up,3,0,0,Same-tissue replication: 3/3 concordant. Cross-tissue: 0/0 concordant.
XPNPEP3,1,survived,up,3,0,0,Same-tissue replication: 3/3 concordant. Cross-tissue: 0/0 concordant.
ACAA2,2,survived,down,3,0,0,Same-tissue replication: 3/3 concordant. Cross-tissue: 0/0 concordant.
CEACAM1,2,survived,down,3,0,0,Same-tissue replication: 3/3 concordant. Cross-tissue: 0/0 concordant.
CPNE5,2,survived,down,3,0,0,Same-tissue replication: 3/3 concordant. Cross-tissue: 0/0 concordant.
CYP4F12,2,survived,down,3,0,0,Same-tissue replication: 3/3 concordant. Cross-tissue: 0/0 concordant.
DDX60,2,survived,down,3,0,0,Same-tissue replication: 3/3 concordant. Cross-tissue: 0/0 concordant.
GATM,2,survived,down,3,0,0,Same-tissue replication: 3/3 concordant. Cross-tissue: 0/0 concordant.
GNAI1,2,survived,down,3,0,0,Same-tissue replication: 3/3 concordant. Cross-tissue: 0/0 concordant.
GNG2,2,survived,down,3,0,0,Same-tissue replication: 3/3 concordant. Cross-tissue: 0/0 concordant.
MXD1,2,survived,down,3,0,0,Same-tissue replication: 3/3 concordant. Cross-tissue: 0/0 concordant.
NOVA1,2,survived,down,3,0,0,Same-tissue replication: 3/3 concordant. Cross-tissue: 0/0 concordant.
PLCD1,2,survived,down,3,0,0,Same-tissue replication: 3/3 concordant. Cross-tissue: 0/0 concordant.
PTGER2,2,survived,down,2,0,0,Same-tissue replication: 2/3 concordant. Cross-tissue: 0/0 concordant.
RAVER2,2,survived,down,3,0,0,Same-tissue replication: 3/3 concordant. Cross-tissue: 0/0 concordant.
RIMS3,2,survived,down,3,0,0,Same-tissue replication: 3/3 concordant. Cross-tissue: 0/0 concordant.
RIOK3,2,survived,down,3,0,0,Same-tissue replication: 3/3 concordant. Cross-tissue: 0/0 concordant.
SAMD13,2,survived,down,3,0,0,Same-tissue replication: 3/3 concordant. Cross-tissue: 0/0 concordant.
SLC22A5,2,survived,down,3,0,0,Same-tissue replication: 3/3 concordant. Cross-tissue: 0/0 concordant.
SLC44A4,2,survived,down,3,0,0,Same-tissue replication: 3/3 concordant. Cross-tissue: 0/0 concordant.
SPPL2A,2,survived,down,3,0,0,Same-tissue replication: 3/3 concordant. Cross-tissue: 0/0 concordant.
TMEM255A,2,survived,down,3,0,0,Same-tissue replication: 3/3 concordant. Cross-tissue: 0/0 concordant.
ZNF536,2,survived,down,3,0,0,Same-tissue replication: 3/3 concordant. Cross-tissue: 0/0 concordant.
AOC1,3,survived,down,3,0,0,Same-tissue replication: 3/3 concordant. Cross-tissue: 0/0 concordant.
ASAP3,3,survived,down,3,0,0,Same-tissue replication: 3/3 concordant. Cross-tissue: 0/0 concordant.
BCAR3,3,survived,down,3,0,0,Same-tissue replication: 3/3 concordant. Cross-tissue: 0/0 concordant.
CASD1,3,survived,down,3,0,0,Same-tissue replication: 3/3 concordant. Cross-tissue: 0/0 concordant.
CASP7,3,survived,down,3,0,0,Same-tissue replication: 3/3 concordant. Cross-tissue: 0/0 concordant.
CMA1,3,survived,down,3,0,0,Same-tissue replication: 3/3 concordant. Cross-tissue: 0/0 concordant.
GRAMD1C,3,survived,down,3,0,0,Same-tissue replication: 3/3 concordant. Cross-tissue: 0/0 concordant.
GSTM4,3,survived,down,3,0,0,Same-tissue replication: 3/3 concordant. Cross-tissue: 0/0 concordant.
LANCL3,3,survived,down,3,0,0,Same-tissue replication: 3/3 concordant. Cross-tissue: 0/0 concordant.
MEF2C,3,survived,down,3,0,0,Same-tissue replication: 3/3 concordant. Cross-tissue: 0/0 concordant.
NDRG2,3,survived,down,3,0,0,Same-tissue replication: 3/3 concordant. Cross-tissue: 0/0 concordant.
P2RX4,3,survived,down,3,0,0,Same-tissue replication: 3/3 concordant. Cross-tissue: 0/0 concordant.
PDE4D,3,survived,down,3,0,0,Same-tissue replication: 3/3 concordant. Cross-tissue: 0/0 concordant.
PITPNM3,3,survived,down,3,0,0,Same-tissue replication: 3/3 concordant. Cross-tissue: 0/0 concordant.
PLPP1,3,survived,down,3,0,0,Same-tissue replication: 3/3 concordant. Cross-tissue: 0/0 concordant.
PTPN21,3,survived,down,3,0,0,Same-tissue replication: 3/3 concordant. Cross-tissue: 0/0 concordant.
SELENOP,3,survived,down,3,0,0,Same-tissue replication: 3/3 concordant. Cross-tissue: 0/0 concordant.
SLC22A23,3,survived,down,3,0,0,Same-tissue replication: 3/3 concordant. Cross-tissue: 0/0 concordant.
TTC22,3,survived,down,3,0,0,Same-tissue replication: 3/3 concordant. Cross-tissue: 0/0 concordant.
ALKBH2,4,survived,up,3,0,0,Same-tissue replication: 3/3 concordant. Cross-tissue: 0/0 concordant.
AUNIP,4,survived,up,3,0,0,Same-tissue replication: 3/3 concordant. Cross-tissue: 0/0 concordant.
DDX56,4,survived,up,3,0,0,Same-tissue replication: 3/3 concordant. Cross-tissue: 0/0 concordant.
ESPL1,4,survived,up,3,0,0,Same-tissue replication: 3/3 concordant. Cross-tissue: 0/0 concordant.
GTPBP4,4,survived,up,3,0,0,Same-tissue replication: 3/3 concordant. Cross-tissue: 0/0 concordant.
IER5L,4,survived,up,3,0,0,Same-tissue replication: 3/3 concordant. Cross-tissue: 0/0 concordant.
ME1,4,survived,up,2,0,0,Same-tissue replication: 2/3 concordant. Cross-tissue: 0/0 concordant.
NOP58,4,survived,up,3,0,0,Same-tissue replication: 3/3 concordant. Cross-tissue: 0/0 concordant.
PA2G4,4,survived,up,3,0,0,Same-tissue replication: 3/3 concordant. Cross-tissue: 0/0 concordant.
POFUT1,4,survived,up,3,0,0,Same-tissue replication: 3/3 concordant. Cross-tissue: 0/0 concordant.
TACC3,4,survived,up,3,0,0,Same-tissue replication: 3/3 concordant. Cross-tissue: 0/0 concordant.
TXLNG,4,survived,up,3,0,0,Same-tissue replication: 3/3 concordant. Cross-tissue: 0/0 concordant.
ATIC,5,survived,up,3,0,0,Same-tissue replication: 3/3 concordant. Cross-tissue: 0/0 concordant.
FGFR4,5,survived,up,3,0,0,Same-tissue replication: 3/3 concordant. Cross-tissue: 0/0 concordant.
LAS1L,5,survived,up,3,0,0,Same-tissue replication: 3/3 concordant. Cross-tissue: 0/0 concordant.
NOC3L,5,survived,up,3,0,0,Same-tissue replication: 3/3 concordant. Cross-tissue: 0/0 concordant.
PTRH1,5,survived,up,3,0,0,Same-tissue replication: 3/3 concordant. Cross-tissue: 0/0 concordant.
RPN2,5,survived,up,3,0,0,Same-tissue replication: 3/3 concordant. Cross-tissue: 0/0 concordant.
RRP1B,5,survived,up,3,0,0,Same-tissue replication: 3/3 concordant. Cross-tissue: 0/0 concordant.
TIMELESS,5,survived,up,3,0,0,Same-tissue replication: 3/3 concordant. Cross-tissue: 0/0 concordant.
AMZ2,6,survived,up,3,0,0,Same-tissue replication: 3/3 concordant. Cross-tissue: 0/0 concordant.
ITPRIP,6,survived,up,3,0,0,Same-tissue replication: 3/3 concordant. Cross-tissue: 0/0 concordant.
LRRC58,6,survived,up,3,0,0,Same-tissue replication: 3/3 concordant. Cross-tissue: 0/0 concordant.
NUP153,6,survived,up,3,0,0,Same-tissue replication: 3/3 concordant. Cross-tissue: 0/0 concordant.
PPHLN1,6,survived,up,3,0,0,Same-tissue replication: 3/3 concordant. Cross-tissue: 0/0 concordant.
ACACA,7,survived,up,3,0,0,Same-tissue replication: 3/3 concordant. Cross-tissue: 0/0 concordant.
BCL2L12,7,survived,up,3,0,0,Same-tissue replication: 3/3 concordant. Cross-tissue: 0/0 concordant.
C1GALT1,7,survived,up,3,0,0,Same-tissue replication: 3/3 concordant. Cross-tissue: 0/0 concordant.
CEP164,7,survived,up,3,0,0,Same-tissue replication: 3/3 concordant. Cross-tissue: 0/0 concordant.
FBXO45,7,survived,up,3,0,0,Same-tissue replication: 3/3 concordant. Cross-tissue: 0/0 concordant.
GPC4,7,survived,up,3,0,0,Same-tissue replication: 3/3 concordant. Cross-tissue: 0/0 concordant.
GSPT1,7,survived,up,3,0,0,Same-tissue replication: 3/3 concordant. Cross-tissue: 0/0 concordant.
HSPBP1,7,survived,up,3,0,0,Same-tissue replication: 3/3 concordant. Cross-tissue: 0/0 concordant.
MSH6,7,survived,up,3,0,0,Same-tissue replication: 3/3 concordant. Cross-tissue: 0/0 concordant.
NFXL1,7,survived,up,3,0,0,Same-tissue replication: 3/3 concordant. Cross-tissue: 0/0 concordant.
NICOL1,7,survived,up,3,0,0,Same-tissue replication: 3/3 concordant. Cross-tissue: 0/0 concordant.
NTHL1,7,survived,up,3,0,0,Same-tissue replication: 3/3 concordant. Cross-tissue: 0/0 concordant.
PEX10,7,survived,up,3,0,0,Same-tissue replication: 3/3 concordant. Cross-tissue: 0/0 concordant.
PPA1,7,survived,up,3,0,0,Same-tissue replication: 3/3 concordant. Cross-tissue: 0/0 concordant.
PRPF19,7,survived,up,3,0,0,Same-tissue replication: 3/3 concordant. Cross-tissue: 0/0 concordant.
TOMM5,7,survived,up,3,0,0,Same-tissue replication: 3/3 concordant. Cross-tissue: 0/0 concordant.
UBE3D,7,survived,up,3,0,0,Same-tissue replication: 3/3 concordant. Cross-tissue: 0/0 concordant.
ZMIZ2,7,survived,up,3,0,0,Same-tissue replication: 3/3 concordant. Cross-tissue: 0/0 concordant.
CCNB1IP1,8,survived,up,3,0,0,Same-tissue replication: 3/3 concordant. Cross-tissue: 0/0 concordant.
CCT4,8,survived,up,3,0,0,Same-tissue replication: 3/3 concordant. Cross-tissue: 0/0 concordant.
DIMT1,8,survived,up,3,0,0,Same-tissue replication: 3/3 concordant. Cross-tissue: 0/0 concordant.
GADD45GIP1,8,survived,up,3,0,0,Same-tissue replication: 3/3 concordant. Cross-tissue: 0/0 concordant.
ZNF598,8,survived,up,3,0,0,Same-tissue replication: 3/3 concordant. Cross-tissue: 0/0 concordant.
MCM4,9,survived,up,3,0,0,Same-tissue replication: 3/3 concordant. Cross-tissue: 0/0 concordant.
NOTCH3,9,survived,up,3,0,0,Same-tissue replication: 3/3 concordant. Cross-tissue: 0/0 concordant.
RPGRIP1L,9,survived,up,3,0,0,Same-tissue replication: 3/3 concordant. Cross-tissue: 0/0 concordant.
SLC7A6,9,survived,up,3,0,0,Same-tissue replication: 3/3 concordant. Cross-tissue: 0/0 concordant.
TRMT1,9,survived,up,3,0,0,Same-tissue replication: 3/3 concordant. Cross-tissue: 0/0 concordant.
ADAMTS2,10,survived,up,2,0,0,Same-tissue replication: 2/3 concordant. Cross-tissue: 0/0 concordant.
BOK,10,survived,up,2,0,0,Same-tissue replication: 2/3 concordant. Cross-tissue: 0/0 concordant.
C5orf34,10,survived,up,3,0,0,Same-tissue replication: 3/3 concordant. Cross-tissue: 0/0 concordant.
CCND1,10,survived,up,3,0,0,Same-tissue replication: 3/3 concordant. Cross-tissue: 0/0 concordant.
CDK1,10,survived,up,3,0,0,Same-tissue replication: 3/3 concordant. Cross-tissue: 0/0 concordant.
CENPI,10,survived,up,3,0,0,Same-tissue replication: 3/3 concordant. Cross-tissue: 0/0 concordant.
CIBAR1,10,survived,up,3,0,0,Same-tissue replication: 3/3 concordant. Cross-tissue: 0/0 concordant.
CKMT2,10,survived,up,3,0,0,Same-tissue replication: 3/3 concordant. Cross-tissue: 0/0 concordant.
DNMT3B,10,survived,up,3,0,0,Same-tissue replication: 3/3 concordant. Cross-tissue: 0/0 concordant.
FAP,10,survived,up,3,0,0,Same-tissue replication: 3/3 concordant. Cross-tissue: 0/0 concordant.
FZD3,10,survived,up,3,0,0,Same-tissue replication: 3/3 concordant. Cross-tissue: 0/0 concordant.
HAUS6,10,survived,up,3,0,0,Same-tissue replication: 3/3 concordant. Cross-tissue: 0/0 concordant.
IFT56,10,survived,up,3,0,0,Same-tissue replication: 3/3 concordant. Cross-tissue: 0/0 concordant.
KIF4A,10,survived,up,3,0,0,Same-tissue replication: 3/3 concordant. Cross-tissue: 0/0 concordant.
LOXL2,10,survived,up,3,0,0,Same-tissue replication: 3/3 concordant. Cross-tissue: 0/0 concordant.
LYAR,10,survived,up,3,0,0,Same-tissue replication: 3/3 concordant. Cross-tissue: 0/0 concordant.
MMP10,10,survived,up,3,0,0,Same-tissue replication: 3/3 concordant. Cross-tissue: 0/0 concordant.
MSX1,10,survived,up,3,0,0,Same-tissue replication: 3/3 concordant. Cross-tissue: 0/0 concordant.
MTFR2,10,survived,up,3,0,0,Same-tissue replication: 3/3 concordant. Cross-tissue: 0/0 concordant.
MYEOV,10,survived,up,3,0,0,Same-tissue replication: 3/3 concordant. Cross-tissue: 0/0 concordant.
OLFML2B,10,survived,up,3,0,0,Same-tissue replication: 3/3 concordant. Cross-tissue: 0/0 concordant.
PHF19,10,survived,up,3,0,0,Same-tissue replication: 3/3 concordant. Cross-tissue: 0/0 concordant.
RGS16,10,survived,up,3,0,0,Same-tissue replication: 3/3 concordant. Cross-tissue: 0/0 concordant.
SKA3,10,survived,up,3,0,0,Same-tissue replication: 3/3 concordant. Cross-tissue: 0/0 concordant.
SLC25A15,10,survived,up,3,0,0,Same-tissue replication: 3/3 concordant. Cross-tissue: 0/0 concordant.
SLC2A12,10,survived,up,3,0,0,Same-tissue replication: 3/3 concordant. Cross-tissue: 0/0 concordant.
SP5,10,survived,up,3,0,0,Same-tissue replication: 3/3 concordant. Cross-tissue: 0/0 concordant.
STIL,10,survived,up,3,0,0,Same-tissue replication: 3/3 concordant. Cross-tissue: 0/0 concordant.
THEM6,10,survived,up,3,0,0,Same-tissue replication: 3/3 concordant. Cross-tissue: 0/0 concordant.
TMEM185B,10,survived,up,3,0,0,Same-tissue replication: 3/3 concordant. Cross-tissue: 0/0 concordant.
UBE2T,10,survived,up,3,0,0,Same-tissue replication: 3/3 concordant. Cross-tissue: 0/0 concordant.
WNT11,10,survived,up,3,0,0,Same-tissue replication: 3/3 concordant. Cross-tissue: 0/0 concordant.
ANAPC7,12,survived,up,3,0,0,Same-tissue replication: 3/3 concordant. Cross-tissue: 0/0 concordant.
CDC34,12,survived,up,3,0,0,Same-tissue replication: 3/3 concordant. Cross-tissue: 0/0 concordant.
CDK2AP1,12,survived,up,3,0,0,Same-tissue replication: 3/3 concordant. Cross-tissue: 0/0 concordant.
EMD,12,survived,up,3,0,0,Same-tissue replication: 3/3 concordant. Cross-tissue: 0/0 concordant.
NEU3,12,survived,up,3,0,0,Same-tissue replication: 3/3 concordant. Cross-tissue: 0/0 concordant.
PSMC2,12,survived,up,3,0,0,Same-tissue replication: 3/3 concordant. Cross-tissue: 0/0 concordant.
RAD18,12,survived,up,3,0,0,Same-tissue replication: 3/3 concordant. Cross-tissue: 0/0 concordant.
TBC1D4,12,survived,up,3,0,0,Same-tissue replication: 3/3 concordant. Cross-tissue: 0/0 concordant.
ANKEF1,13,survived,up,3,0,0,Same-tissue replication: 3/3 concordant. Cross-tissue: 0/0 concordant.
ARHGAP11A,13,survived,up,3,0,0,Same-tissue replication: 3/3 concordant. Cross-tissue: 0/0 concordant.
BACE1,13,survived,up,3,0,0,Same-tissue replication: 3/3 concordant. Cross-tissue: 0/0 concordant.
CYP27B1,13,survived,up,3,0,0,Same-tissue replication: 3/3 concordant. Cross-tissue: 0/0 concordant.
CYP39A1,13,survived,up,3,0,0,Same-tissue replication: 3/3 concordant. Cross-tissue: 0/0 concordant.
DPF2,13,survived,up,3,0,0,Same-tissue replication: 3/3 concordant. Cross-tissue: 0/0 concordant.
FOXO6,13,survived,up,3,0,0,Same-tissue replication: 3/3 concordant. Cross-tissue: 0/0 concordant.
KDM3A,13,survived,up,3,0,0,Same-tissue replication: 3/3 concordant. Cross-tissue: 0/0 concordant.
KMT2B,13,survived,up,2,0,0,Same-tissue replication: 2/3 concordant. Cross-tissue: 0/0 concordant.
LSG1,13,survived,up,3,0,0,Same-tissue replication: 3/3 concordant. Cross-tissue: 0/0 concordant.
MOCS3,13,survived,up,3,0,0,Same-tissue replication: 3/3 concordant. Cross-tissue: 0/0 concordant.
NPC1,13,survived,up,2,0,0,Same-tissue replication: 2/3 concordant. Cross-tissue: 0/0 concordant.
PRKAR1B,13,survived,up,2,0,0,Same-tissue replication: 2/3 concordant. Cross-tissue: 0/0 concordant.
PSMA5,13,survived,up,3,0,0,Same-tissue replication: 3/3 concordant. Cross-tissue: 0/0 concordant.
SLC15A4,13,survived,up,3,0,0,Same-tissue replication: 3/3 concordant. Cross-tissue: 0/0 concordant.
SLC9A7,13,survived,up,3,0,0,Same-tissue replication: 3/3 concordant. Cross-tissue: 0/0 concordant.
TMEM123,13,survived,up,3,0,0,Same-tissue replication: 3/3 concordant. Cross-tissue: 0/0 concordant.
ZBED8,13,survived,up,3,0,0,Same-tissue replication: 3/3 concordant. Cross-tissue: 0/0 concordant.
COPS4,14,survived,down,2,0,0,Same-tissue replication: 2/3 concordant. Cross-tissue: 0/0 concordant.
ERCC6L2,14,survived,down,2,0,0,Same-tissue replication: 2/3 concordant. Cross-tissue: 0/0 concordant.
HIPK1,14,survived,down,3,0,0,Same-tissue replication: 3/3 concordant. Cross-tissue: 0/0 concordant.
LAMA3,14,survived,down,3,0,0,Same-tissue replication: 3/3 concordant. Cross-tissue: 0/0 concordant.
PLCXD2,14,survived,down,3,0,0,Same-tissue replication: 3/3 concordant. Cross-tissue: 0/0 concordant.
SCFD1,14,survived,down,3,0,0,Same-tissue replication: 3/3 concordant. Cross-tissue: 0/0 concordant.
TSC1,14,survived,down,1,0,0,Same-tissue replication: 1/3 concordant. Cross-tissue: 0/0 concordant.
CFL1,15,survived,down,3,0,0,Same-tissue replication: 3/3 concordant. Cross-tissue: 0/0 concordant.
CXCR4,15,survived,up,2,0,0,Same-tissue replication: 2/3 concordant. Cross-tissue: 0/0 concordant.
EMC4,15,eliminated,down,0,2,0,"Significant opposite direction in same-tissue dataset(s): ['GSE32323', 'GSE39582']. Discovery direction: down."
GPC3,15,survived,down,0,0,0,Same-tissue replication: 0/3 concordant. Cross-tissue: 0/0 concordant.
HIVEP1,15,survived,up,2,0,0,Same-tissue replication: 2/3 concordant. Cross-tissue: 0/0 concordant.
LRG1,15,eliminated,up,1,1,0,Significant opposite direction in same-tissue dataset(s): ['GSE39582']. Discovery direction: up.
LRRC27,15,survived,up,1,0,0,Same-tissue replication: 1/3 concordant. Cross-tissue: 0/0 concordant.
PALM2AKAP2,15,survived,up,2,0,0,Same-tissue replication: 2/3 concordant. Cross-tissue: 0/0 concordant.
PRF1,15,eliminated,down,1,1,0,Significant opposite direction in same-tissue dataset(s): ['GSE39582']. Discovery direction: down.
SKP1,15,survived,down,2,0,0,Same-tissue replication: 2/3 concordant. Cross-tissue: 0/0 concordant.
TSGA10,15,eliminated,down,2,1,0,Significant opposite direction in same-tissue dataset(s): ['GSE32323']. Discovery direction: down.
EOGT,16,survived,up,2,0,0,Same-tissue replication: 2/3 concordant. Cross-tissue: 0/0 concordant.
RBM45,16,eliminated,up,1,1,0,Significant opposite direction in same-tissue dataset(s): ['GSE39582']. Discovery direction: up.
SCML4,16,eliminated,up,1,1,0,Significant opposite direction in same-tissue dataset(s): ['GSE37364']. Discovery direction: up.
SP110,16,eliminated,up,2,1,0,Significant opposite direction in same-tissue dataset(s): ['GSE32323']. Discovery direction: up.
TNRC6A,16,survived,up,2,0,0,Same-tissue replication: 2/3 concordant. Cross-tissue: 0/0 concordant.
C1orf74,17,eliminated,down,0,2,0,"Significant opposite direction in same-tissue dataset(s): ['GSE32323', 'GSE39582']. Discovery direction: down."
JMY,17,survived,down,0,0,0,Same-tissue replication: 0/3 concordant. Cross-tissue: 0/0 concordant.
MTURN,17,eliminated,down,0,2,0,"Significant opposite direction in same-tissue dataset(s): ['GSE32323', 'GSE37364']. Discovery direction: down."
CAMLG,18,survived,up,3,0,0,Same-tissue replication: 3/3 concordant. Cross-tissue: 0/0 concordant.
EEPD1,18,survived,up,3,0,0,Same-tissue replication: 3/3 concordant. Cross-tissue: 0/0 concordant.
EXT2,18,survived,up,3,0,0,Same-tissue replication: 3/3 concordant. Cross-tissue: 0/0 concordant.
FBXO6,18,survived,up,2,0,0,Same-tissue replication: 2/3 concordant. Cross-tissue: 0/0 concordant.
GALNT11,18,survived,up,3,0,0,Same-tissue replication: 3/3 concordant. Cross-tissue: 0/0 concordant.
MAT2A,18,survived,up,3,0,0,Same-tissue replication: 3/3 concordant. Cross-tissue: 0/0 concordant.
MTR,18,survived,up,3,0,0,Same-tissue replication: 3/3 concordant. Cross-tissue: 0/0 concordant.
PITPNB,18,survived,up,3,0,0,Same-tissue replication: 3/3 concordant. Cross-tissue: 0/0 concordant.
PITRM1,18,survived,up,3,0,0,Same-tissue replication: 3/3 concordant. Cross-tissue: 0/0 concordant.
RBM12,18,survived,up,3,0,0,Same-tissue replication: 3/3 concordant. Cross-tissue: 0/0 concordant.
SS18L2,18,survived,up,3,0,0,Same-tissue replication: 3/3 concordant. Cross-tissue: 0/0 concordant.
YBX3,18,survived,up,3,0,0,Same-tissue replication: 3/3 concordant. Cross-tissue: 0/0 concordant.
CCDC59,19,survived,up,3,0,0,Same-tissue replication: 3/3 concordant. Cross-tissue: 0/0 concordant.
GID8,19,survived,up,3,0,0,Same-tissue replication: 3/3 concordant. Cross-tissue: 0/0 concordant.
LRIF1,19,survived,up,3,0,0,Same-tissue replication: 3/3 concordant. Cross-tissue: 0/0 concordant.
SPG21,19,survived,up,3,0,0,Same-tissue replication: 3/3 concordant. Cross-tissue: 0/0 concordant.
XRN2,19,survived,up,3,0,0,Same-tissue replication: 3/3 concordant. Cross-tissue: 0/0 concordant.
ATF4,20,survived,up,3,0,0,Same-tissue replication: 3/3 concordant. Cross-tissue: 0/0 concordant.
COMMD6,20,survived,up,3,0,0,Same-tissue replication: 3/3 concordant. Cross-tissue: 0/0 concordant.
GNAS,20,survived,up,2,0,0,Same-tissue replication: 2/3 concordant. Cross-tissue: 0/0 concordant.
GPAT4,20,survived,up,3,0,0,Same-tissue replication: 3/3 concordant. Cross-tissue: 0/0 concordant.
UBE2NL,20,survived,up,3,0,0,Same-tissue replication: 3/3 concordant. Cross-tissue: 0/0 concordant.
EXOC4,21,survived,up,3,0,0,Same-tissue replication: 3/3 concordant. Cross-tissue: 0/0 concordant.
GPX4,21,survived,up,3,0,0,Same-tissue replication: 3/3 concordant. Cross-tissue: 0/0 concordant.
LTV1,21,survived,up,3,0,0,Same-tissue replication: 3/3 concordant. Cross-tissue: 0/0 concordant.
SAP18,21,survived,up,3,0,0,Same-tissue replication: 3/3 concordant. Cross-tissue: 0/0 concordant.
TCERG1,21,survived,up,3,0,0,Same-tissue replication: 3/3 concordant. Cross-tissue: 0/0 concordant.
CHTF18,22,survived,up,3,0,0,Same-tissue replication: 3/3 concordant. Cross-tissue: 0/0 concordant.
DYNLT2B,22,survived,up,3,0,0,Same-tissue replication: 3/3 concordant. Cross-tissue: 0/0 concordant.
ESYT1,22,survived,up,3,0,0,Same-tissue replication: 3/3 concordant. Cross-tissue: 0/0 concordant.
ORC5,22,survived,up,3,0,0,Same-tissue replication: 3/3 concordant. Cross-tissue: 0/0 concordant.
RBIS,22,survived,up,3,0,0,Same-tissue replication: 3/3 concordant. Cross-tissue: 0/0 concordant.
ARMCX6,23,survived,up,3,0,0,Same-tissue replication: 3/3 concordant. Cross-tissue: 0/0 concordant.
EXOSC3,23,survived,up,3,0,0,Same-tissue replication: 3/3 concordant. Cross-tissue: 0/0 concordant.
HAUS3,23,survived,up,3,0,0,Same-tissue replication: 3/3 concordant. Cross-tissue: 0/0 concordant.
LIMS4,23,survived,up,3,0,0,Same-tissue replication: 3/3 concordant. Cross-tissue: 0/0 concordant.
LRATD2,23,survived,up,3,0,0,Same-tissue replication: 3/3 concordant. Cross-tissue: 0/0 concordant.
NAT14,23,survived,up,3,0,0,Same-tissue replication: 3/3 concordant. Cross-tissue: 0/0 concordant.
NAT9,23,survived,up,3,0,0,Same-tissue replication: 3/3 concordant. Cross-tissue: 0/0 concordant.
PGP,23,survived,up,3,0,0,Same-tissue replication: 3/3 concordant. Cross-tissue: 0/0 concordant.
R3HDM1,23,survived,up,3,0,0,Same-tissue replication: 3/3 concordant. Cross-tissue: 0/0 concordant.
SCAND1,23,survived,up,3,0,0,Same-tissue replication: 3/3 concordant. Cross-tissue: 0/0 concordant.
TOMM40,23,survived,up,3,0,0,Same-tissue replication: 3/3 concordant. Cross-tissue: 0/0 concordant.
TOP1,23,survived,up,3,0,0,Same-tissue replication: 3/3 concordant. Cross-tissue: 0/0 concordant.
UPF3A,23,survived,up,3,0,0,Same-tissue replication: 3/3 concordant. Cross-tissue: 0/0 concordant.
ANKRD13A,24,survived,down,3,0,0,Same-tissue replication: 3/3 concordant. Cross-tissue: 0/0 concordant.
SAP30L,24,survived,down,2,0,0,Same-tissue replication: 2/3 concordant. Cross-tissue: 0/0 concordant.
SMAD1,24,survived,down,3,0,0,Same-tissue replication: 3/3 concordant. Cross-tissue: 0/0 concordant.
SUCLG1,24,survived,down,3,0,0,Same-tissue replication: 3/3 concordant. Cross-tissue: 0/0 concordant.
A1CF,25,survived,down,3,0,0,Same-tissue replication: 3/3 concordant. Cross-tissue: 0/0 concordant.
CD79A,25,survived,down,3,0,0,Same-tissue replication: 3/3 concordant. Cross-tissue: 0/0 concordant.
CDKL2,25,survived,down,3,0,0,Same-tissue replication: 3/3 concordant. Cross-tissue: 0/0 concordant.
CYTIP,25,survived,down,2,0,0,Same-tissue replication: 2/3 concordant. Cross-tissue: 0/0 concordant.
GSTM2,25,survived,down,3,0,0,Same-tissue replication: 3/3 concordant. Cross-tissue: 0/0 concordant.
HSPA2,25,survived,down,2,0,0,Same-tissue replication: 2/3 concordant. Cross-tissue: 0/0 concordant.
SORBS2,25,survived,down,2,0,0,Same-tissue replication: 2/3 concordant. Cross-tissue: 0/0 concordant.
SYNPO,25,survived,down,3,0,0,Same-tissue replication: 3/3 concordant. Cross-tissue: 0/0 concordant.
MED12,26,survived,up,1,0,0,Same-tissue replication: 1/3 concordant. Cross-tissue: 0/0 concordant.
VPS4A,26,eliminated,up,2,1,0,Significant opposite direction in same-tissue dataset(s): ['GSE32323']. Discovery direction: up.
ZNF765,26,survived,up,2,0,0,Same-tissue replication: 2/3 concordant. Cross-tissue: 0/0 concordant.
C19orf25,27,survived,up,2,0,0,Same-tissue replication: 2/3 concordant. Cross-tissue: 0/0 concordant.
FLOT1,27,survived,up,3,0,0,Same-tissue replication: 3/3 concordant. Cross-tissue: 0/0 concordant.
HNRNPA1,27,survived,up,3,0,0,Same-tissue replication: 3/3 concordant. Cross-tissue: 0/0 concordant.
FIBP,28,survived,up,3,0,0,Same-tissue replication: 3/3 concordant. Cross-tissue: 0/0 concordant.
HAGHL,28,survived,up,3,0,0,Same-tissue replication: 3/3 concordant. Cross-tissue: 0/0 concordant.
IPPK,28,survived,up,2,0,0,Same-tissue replication: 2/3 concordant. Cross-tissue: 0/0 concordant.
KDELR1,28,eliminated,up,2,1,0,Significant opposite direction in same-tissue dataset(s): ['GSE32323']. Discovery direction: up.
LDHA,28,survived,up,3,0,0,Same-tissue replication: 3/3 concordant. Cross-tissue: 0/0 concordant.
RNF126,28,eliminated,up,2,1,0,Significant opposite direction in same-tissue dataset(s): ['GSE32323']. Discovery direction: up.
XPO6,28,survived,up,3,0,0,Same-tissue replication: 3/3 concordant. Cross-tissue: 0/0 concordant.
BORCS7,29,survived,down,3,0,0,Same-tissue replication: 3/3 concordant. Cross-tissue: 0/0 concordant.
CDKN2C,29,survived,down,2,0,0,Same-tissue replication: 2/3 concordant. Cross-tissue: 0/0 concordant.
CYTH1,29,survived,down,3,0,0,Same-tissue replication: 3/3 concordant. Cross-tissue: 0/0 concordant.
DET1,29,eliminated,down,1,2,0,"Significant opposite direction in same-tissue dataset(s): ['GSE32323', 'GSE39582']. Discovery direction: down."
EDEM1,29,survived,down,3,0,0,Same-tissue replication: 3/3 concordant. Cross-tissue: 0/0 concordant.
HECA,29,survived,down,3,0,0,Same-tissue replication: 3/3 concordant. Cross-tissue: 0/0 concordant.
IREB2,29,survived,down,3,0,0,Same-tissue replication: 3/3 concordant. Cross-tissue: 0/0 concordant.
KBTBD4,29,survived,down,2,0,0,Same-tissue replication: 2/3 concordant. Cross-tissue: 0/0 concordant.
SIGLEC6,29,survived,down,3,0,0,Same-tissue replication: 3/3 concordant. Cross-tissue: 0/0 concordant.
SLTM,29,survived,down,3,0,0,Same-tissue replication: 3/3 concordant. Cross-tissue: 0/0 concordant.
C3,32,eliminated,up,2,1,0,Significant opposite direction in same-tissue dataset(s): ['GSE32323']. Discovery direction: up.
COG1,32,eliminated,up,2,1,0,Significant opposite direction in same-tissue dataset(s): ['GSE37364']. Discovery direction: up.
EHD4,32,eliminated,up,0,2,0,"Significant opposite direction in same-tissue dataset(s): ['GSE32323', 'GSE39582']. Discovery direction: up."
MICU2,32,eliminated,up,0,2,0,"Significant opposite direction in same-tissue dataset(s): ['GSE37364', 'GSE39582']. Discovery direction: up."
PRKD1,32,survived,up,2,0,0,Same-tissue replication: 2/3 concordant. Cross-tissue: 0/0 concordant.
STARD13,32,survived,up,1,0,0,Same-tissue replication: 1/3 concordant. Cross-tissue: 0/0 concordant.
ANXA2,33,survived,up,1,0,0,Same-tissue replication: 1/3 concordant. Cross-tissue: 0/0 concordant.
CAVIN1,33,eliminated,down,1,2,0,"Significant opposite direction in same-tissue dataset(s): ['GSE37364', 'GSE39582']. Discovery direction: down."
EPCAM,33,survived,down,3,0,0,Same-tissue replication: 3/3 concordant. Cross-tissue: 0/0 concordant.
JPT1,33,eliminated,up,0,2,0,"Significant opposite direction in same-tissue dataset(s): ['GSE32323', 'GSE39582']. Discovery direction: up."
SYT1,33,eliminated,down,0,1,0,Significant opposite direction in same-tissue dataset(s): ['GSE37364']. Discovery direction: down.
BLCAP,34,survived,up,3,0,0,Same-tissue replication: 3/3 concordant. Cross-tissue: 0/0 concordant.
DENND4B,34,survived,up,3,0,0,Same-tissue replication: 3/3 concordant. Cross-tissue: 0/0 concordant.
ECD,34,survived,up,3,0,0,Same-tissue replication: 3/3 concordant. Cross-tissue: 0/0 concordant.
GLMP,34,survived,up,3,0,0,Same-tissue replication: 3/3 concordant. Cross-tissue: 0/0 concordant.
MRPL24,34,survived,up,3,0,0,Same-tissue replication: 3/3 concordant. Cross-tissue: 0/0 concordant.
MRPL32,34,survived,up,3,0,0,Same-tissue replication: 3/3 concordant. Cross-tissue: 0/0 concordant.
SCCPDH,34,survived,up,3,0,0,Same-tissue replication: 3/3 concordant. Cross-tissue: 0/0 concordant.
CSNK1G3,35,survived,down,3,0,0,Same-tissue replication: 3/3 concordant. Cross-tissue: 0/0 concordant.
N4BP2L1,35,survived,down,1,0,0,Same-tissue replication: 1/3 concordant. Cross-tissue: 0/0 concordant.
TANK,35,survived,down,3,0,0,Same-tissue replication: 3/3 concordant. Cross-tissue: 0/0 concordant.
TDRD7,35,survived,down,3,0,0,Same-tissue replication: 3/3 concordant. Cross-tissue: 0/0 concordant.
TSPYL1,35,survived,down,3,0,0,Same-tissue replication: 3/3 concordant. Cross-tissue: 0/0 concordant.
EPC1,36,survived,down,3,0,0,Same-tissue replication: 3/3 concordant. Cross-tissue: 0/0 concordant.
FAM174A,36,survived,down,3,0,0,Same-tissue replication: 3/3 concordant. Cross-tissue: 0/0 concordant.
GOLGA1,36,survived,down,3,0,0,Same-tissue replication: 3/3 concordant. Cross-tissue: 0/0 concordant.
GPD2,36,survived,down,3,0,0,Same-tissue replication: 3/3 concordant. Cross-tissue: 0/0 concordant.
ISG20,36,survived,down,3,0,0,Same-tissue replication: 3/3 concordant. Cross-tissue: 0/0 concordant.
NDEL1,36,survived,down,2,0,0,Same-tissue replication: 2/3 concordant. Cross-tissue: 0/0 concordant.
NDUFA10,36,survived,down,3,0,0,Same-tissue replication: 3/3 concordant. Cross-tissue: 0/0 concordant.
PKIG,36,survived,down,3,0,0,Same-tissue replication: 3/3 concordant. Cross-tissue: 0/0 concordant.
PYROXD1,36,survived,down,3,0,0,Same-tissue replication: 3/3 concordant. Cross-tissue: 0/0 concordant.
SENP7,36,survived,down,3,0,0,Same-tissue replication: 3/3 concordant. Cross-tissue: 0/0 concordant.
SLC25A4,36,survived,down,3,0,0,Same-tissue replication: 3/3 concordant. Cross-tissue: 0/0 concordant.
ATL3,37,survived,down,2,0,0,Same-tissue replication: 2/3 concordant. Cross-tissue: 0/0 concordant.
CHD9,37,survived,down,3,0,0,Same-tissue replication: 3/3 concordant. Cross-tissue: 0/0 concordant.
DNAJC13,37,survived,down,3,0,0,Same-tissue replication: 3/3 concordant. Cross-tissue: 0/0 concordant.
DSG2,37,survived,down,3,0,0,Same-tissue replication: 3/3 concordant. Cross-tissue: 0/0 concordant.
ECHS1,37,survived,down,3,0,0,Same-tissue replication: 3/3 concordant. Cross-tissue: 0/0 concordant.
FAM114A2,37,survived,down,2,0,0,Same-tissue replication: 2/3 concordant. Cross-tissue: 0/0 concordant.
PIAS2,37,survived,down,3,0,0,Same-tissue replication: 3/3 concordant. Cross-tissue: 0/0 concordant.
RAB2B,37,survived,down,3,0,0,Same-tissue replication: 3/3 concordant. Cross-tissue: 0/0 concordant.
RIPK1,37,survived,down,3,0,0,Same-tissue replication: 3/3 concordant. Cross-tissue: 0/0 concordant.
TTC19,37,survived,down,3,0,0,Same-tissue replication: 3/3 concordant. Cross-tissue: 0/0 concordant.
UBR7,37,survived,down,3,0,0,Same-tissue replication: 3/3 concordant. Cross-tissue: 0/0 concordant.
ZC3H12D,37,survived,down,3,0,0,Same-tissue replication: 3/3 concordant. Cross-tissue: 0/0 concordant.
ABHD3,38,survived,down,3,0,0,Same-tissue replication: 3/3 concordant. Cross-tissue: 0/0 concordant.
AOC3,38,survived,down,3,0,0,Same-tissue replication: 3/3 concordant. Cross-tissue: 0/0 concordant.
ATP2A3,38,survived,down,3,0,0,Same-tissue replication: 3/3 concordant. Cross-tissue: 0/0 concordant.
BMP2,38,survived,down,3,0,0,Same-tissue replication: 3/3 concordant. Cross-tissue: 0/0 concordant.
BMP5,38,survived,down,3,0,0,Same-tissue replication: 3/3 concordant. Cross-tissue: 0/0 concordant.
CAVIN2,38,survived,down,3,0,0,Same-tissue replication: 3/3 concordant. Cross-tissue: 0/0 concordant.
CLEC10A,38,survived,down,3,0,0,Same-tissue replication: 3/3 concordant. Cross-tissue: 0/0 concordant.
CLIC5,38,survived,down,3,0,0,Same-tissue replication: 3/3 concordant. Cross-tissue: 0/0 concordant.
DPYD,38,survived,down,3,0,0,Same-tissue replication: 3/3 concordant. Cross-tissue: 0/0 concordant.
GGT6,38,survived,down,3,0,0,Same-tissue replication: 3/3 concordant. Cross-tissue: 0/0 concordant.
GPA33,38,survived,down,3,0,0,Same-tissue replication: 3/3 concordant. Cross-tissue: 0/0 concordant.
MAOA,38,survived,down,3,0,0,Same-tissue replication: 3/3 concordant. Cross-tissue: 0/0 concordant.
MT2A,38,survived,down,3,0,0,Same-tissue replication: 3/3 concordant. Cross-tissue: 0/0 concordant.
NAAA,38,survived,down,3,0,0,Same-tissue replication: 3/3 concordant. Cross-tissue: 0/0 concordant.
P2RY14,38,survived,down,3,0,0,Same-tissue replication: 3/3 concordant. Cross-tissue: 0/0 concordant.
PDE3A,38,survived,down,3,0,0,Same-tissue replication: 3/3 concordant. Cross-tissue: 0/0 concordant.
PDE6A,38,survived,down,3,0,0,Same-tissue replication: 3/3 concordant. Cross-tissue: 0/0 concordant.
RSPO2,38,survived,down,2,0,0,Same-tissue replication: 2/3 concordant. Cross-tissue: 0/0 concordant.
SECTM1,38,survived,down,3,0,0,Same-tissue replication: 3/3 concordant. Cross-tissue: 0/0 concordant.
SIAE,38,survived,down,3,0,0,Same-tissue replication: 3/3 concordant. Cross-tissue: 0/0 concordant.
SYNE3,38,survived,down,3,0,0,Same-tissue replication: 3/3 concordant. Cross-tissue: 0/0 concordant.
TMT1A,38,survived,down,3,0,0,Same-tissue replication: 3/3 concordant. Cross-tissue: 0/0 concordant.
TRAT1,38,survived,down,3,0,0,Same-tissue replication: 3/3 concordant. Cross-tissue: 0/0 concordant.
ACADS,39,survived,down,3,0,0,Same-tissue replication: 3/3 concordant. Cross-tissue: 0/0 concordant.
APPL2,39,survived,down,3,0,0,Same-tissue replication: 3/3 concordant. Cross-tissue: 0/0 concordant.
FFAR4,39,survived,down,3,0,0,Same-tissue replication: 3/3 concordant. Cross-tissue: 0/0 concordant.
ITPKA,39,survived,down,3,0,0,Same-tissue replication: 3/3 concordant. Cross-tissue: 0/0 concordant.
PAQR5,39,survived,down,3,0,0,Same-tissue replication: 3/3 concordant. Cross-tissue: 0/0 concordant.
TNFRSF11A,39,survived,down,3,0,0,Same-tissue replication: 3/3 concordant. Cross-tissue: 0/0 concordant.
ZNF415,39,survived,down,3,0,0,Same-tissue replication: 3/3 concordant. Cross-tissue: 0/0 concordant.
ACADSB,40,survived,down,3,0,0,Same-tissue replication: 3/3 concordant. Cross-tissue: 0/0 concordant.
ADRB2,40,survived,down,3,0,0,Same-tissue replication: 3/3 concordant. Cross-tissue: 0/0 concordant.
BDKRB1,40,survived,down,3,0,0,Same-tissue replication: 3/3 concordant. Cross-tissue: 0/0 concordant.
DNAJB4,40,survived,down,3,0,0,Same-tissue replication: 3/3 concordant. Cross-tissue: 0/0 concordant.
F2RL1,40,survived,down,3,0,0,Same-tissue replication: 3/3 concordant. Cross-tissue: 0/0 concordant.
FGF7,40,survived,down,2,0,0,Same-tissue replication: 2/3 concordant. Cross-tissue: 0/0 concordant.
GPT,40,survived,down,3,0,0,Same-tissue replication: 3/3 concordant. Cross-tissue: 0/0 concordant.
ITPR1,40,survived,down,2,0,0,Same-tissue replication: 2/3 concordant. Cross-tissue: 0/0 concordant.
KLHDC1,40,survived,down,3,0,0,Same-tissue replication: 3/3 concordant. Cross-tissue: 0/0 concordant.
LGR4,40,survived,down,3,0,0,Same-tissue replication: 3/3 concordant. Cross-tissue: 0/0 concordant.
NEDD9,40,survived,down,3,0,0,Same-tissue replication: 3/3 concordant. Cross-tissue: 0/0 concordant.
SLC9A2,40,survived,down,3,0,0,Same-tissue replication: 3/3 concordant. Cross-tissue: 0/0 concordant.
TCP11L1,40,survived,down,2,0,0,Same-tissue replication: 2/3 concordant. Cross-tissue: 0/0 concordant.
TMEM131,40,survived,down,3,0,0,Same-tissue replication: 3/3 concordant. Cross-tissue: 0/0 concordant.
USP2,40,survived,down,3,0,0,Same-tissue replication: 3/3 concordant. Cross-tissue: 0/0 concordant.
ZC3H12C,40,survived,down,3,0,0,Same-tissue replication: 3/3 concordant. Cross-tissue: 0/0 concordant.
APBB1IP,41,survived,down,3,0,0,Same-tissue replication: 3/3 concordant. Cross-tissue: 0/0 concordant.
DHRS7B,41,survived,down,3,0,0,Same-tissue replication: 3/3 concordant. Cross-tissue: 0/0 concordant.
EGFR,41,survived,down,3,0,0,Same-tissue replication: 3/3 concordant. Cross-tissue: 0/0 concordant.
ELL2,41,eliminated,down,2,1,0,Significant opposite direction in same-tissue dataset(s): ['GSE37364']. Discovery direction: down.
MPP7,41,survived,down,2,0,0,Same-tissue replication: 2/3 concordant. Cross-tissue: 0/0 concordant.
MYSM1,41,survived,down,3,0,0,Same-tissue replication: 3/3 concordant. Cross-tissue: 0/0 concordant.
SAMD9L,41,survived,down,3,0,0,Same-tissue replication: 3/3 concordant. Cross-tissue: 0/0 concordant.
SEPSECS,41,survived,down,2,0,0,Same-tissue replication: 2/3 concordant. Cross-tissue: 0/0 concordant.
TBRG1,41,survived,down,3,0,0,Same-tissue replication: 3/3 concordant. Cross-tissue: 0/0 concordant.
WLS,41,survived,down,3,0,0,Same-tissue replication: 3/3 concordant. Cross-tissue: 0/0 concordant.
B3GNT5,42,survived,down,3,0,0,Same-tissue replication: 3/3 concordant. Cross-tissue: 0/0 concordant.
CMBL,42,survived,down,3,0,0,Same-tissue replication: 3/3 concordant. Cross-tissue: 0/0 concordant.
FMN2,42,survived,down,2,0,0,Same-tissue replication: 2/3 concordant. Cross-tissue: 0/0 concordant.
PLAT,42,survived,down,2,0,0,Same-tissue replication: 2/3 concordant. Cross-tissue: 0/0 concordant.
CARF,44,survived,down,2,0,0,Same-tissue replication: 2/3 concordant. Cross-tissue: 0/0 concordant.
HECW1,44,survived,down,3,0,0,Same-tissue replication: 3/3 concordant. Cross-tissue: 0/0 concordant.
NIPAL3,44,survived,down,3,0,0,Same-tissue replication: 3/3 concordant. Cross-tissue: 0/0 concordant.
NUDT22,44,survived,down,3,0,0,Same-tissue replication: 3/3 concordant. Cross-tissue: 0/0 concordant.
OPN5,44,survived,down,3,0,0,Same-tissue replication: 3/3 concordant. Cross-tissue: 0/0 concordant.
PLPBP,44,survived,down,3,0,0,Same-tissue replication: 3/3 concordant. Cross-tissue: 0/0 concordant.
PRKAG2,44,survived,down,3,0,0,Same-tissue replication: 3/3 concordant. Cross-tissue: 0/0 concordant.
RABL3,44,survived,down,3,0,0,Same-tissue replication: 3/3 concordant. Cross-tissue: 0/0 concordant.
SYF2,44,survived,down,3,0,0,Same-tissue replication: 3/3 concordant. Cross-tissue: 0/0 concordant.
IPCEF1,45,survived,down,3,0,0,Same-tissue replication: 3/3 concordant. Cross-tissue: 0/0 concordant.
LPAR6,45,survived,down,3,0,0,Same-tissue replication: 3/3 concordant. Cross-tissue: 0/0 concordant.
PGPEP1,45,survived,down,3,0,0,Same-tissue replication: 3/3 concordant. Cross-tissue: 0/0 concordant.
RASSF5,45,survived,down,2,0,0,Same-tissue replication: 2/3 concordant. Cross-tissue: 0/0 concordant.
SMPDL3B,45,survived,down,3,0,0,Same-tissue replication: 3/3 concordant. Cross-tissue: 0/0 concordant.
SOAT1,45,survived,down,3,0,0,Same-tissue replication: 3/3 concordant. Cross-tissue: 0/0 concordant.
TBC1D10C,45,survived,down,3,0,0,Same-tissue replication: 3/3 concordant. Cross-tissue: 0/0 concordant.
TNFAIP8L2,45,survived,down,3,0,0,Same-tissue replication: 3/3 concordant. Cross-tissue: 0/0 concordant.
DOLK,46,survived,up,3,0,0,Same-tissue replication: 3/3 concordant. Cross-tissue: 0/0 concordant.
GUK1,46,survived,up,3,0,0,Same-tissue replication: 3/3 concordant. Cross-tissue: 0/0 concordant.
INO80B,46,survived,up,3,0,0,Same-tissue replication: 3/3 concordant. Cross-tissue: 0/0 concordant.
MRPL47,46,survived,up,3,0,0,Same-tissue replication: 3/3 concordant. Cross-tissue: 0/0 concordant.
PDIA4,46,survived,up,2,0,0,Same-tissue replication: 2/3 concordant. Cross-tissue: 0/0 concordant.
ZDHHC20,46,survived,up,3,0,0,Same-tissue replication: 3/3 concordant. Cross-tissue: 0/0 concordant.
AP4S1,47,survived,down,3,0,0,Same-tissue replication: 3/3 concordant. Cross-tissue: 0/0 concordant.
DUSP5,47,survived,down,3,0,0,Same-tissue replication: 3/3 concordant. Cross-tissue: 0/0 concordant.
GABARAPL1,47,survived,down,2,0,0,Same-tissue replication: 2/3 concordant. Cross-tissue: 0/0 concordant.
IKZF2,47,survived,down,3,0,0,Same-tissue replication: 3/3 concordant. Cross-tissue: 0/0 concordant.
CCDC50,48,survived,down,3,0,0,Same-tissue replication: 3/3 concordant. Cross-tissue: 0/0 concordant.
IFT70A,48,survived,down,3,0,0,Same-tissue replication: 3/3 concordant. Cross-tissue: 0/0 concordant.
LARGE1,48,survived,down,3,0,0,Same-tissue replication: 3/3 concordant. Cross-tissue: 0/0 concordant.
MYO9A,48,survived,down,3,0,0,Same-tissue replication: 3/3 concordant. Cross-tissue: 0/0 concordant.
SEC23A,48,survived,down,3,0,0,Same-tissue replication: 3/3 concordant. Cross-tissue: 0/0 concordant.
SFRP2,48,eliminated,down,2,1,0,Significant opposite direction in same-tissue dataset(s): ['GSE37364']. Discovery direction: down.
SNX4,48,survived,down,3,0,0,Same-tissue replication: 3/3 concordant. Cross-tissue: 0/0 concordant.
TMEM50B,48,survived,down,3,0,0,Same-tissue replication: 3/3 concordant. Cross-tissue: 0/0 concordant.
ZER1,48,survived,down,3,0,0,Same-tissue replication: 3/3 concordant. Cross-tissue: 0/0 concordant.
ABCG2,49,survived,down,3,0,0,Same-tissue replication: 3/3 concordant. Cross-tissue: 0/0 concordant.
CHP2,49,survived,down,3,0,0,Same-tissue replication: 3/3 concordant. Cross-tissue: 0/0 concordant.
CWH43,49,survived,down,3,0,0,Same-tissue replication: 3/3 concordant. Cross-tissue: 0/0 concordant.
GCNT2,49,survived,down,3,0,0,Same-tissue replication: 3/3 concordant. Cross-tissue: 0/0 concordant.
LYPD8,49,survived,down,3,0,0,Same-tissue replication: 3/3 concordant. Cross-tissue: 0/0 concordant.
PKIB,49,survived,down,3,0,0,Same-tissue replication: 3/3 concordant. Cross-tissue: 0/0 concordant.
SI,49,survived,down,3,0,0,Same-tissue replication: 3/3 concordant. Cross-tissue: 0/0 concordant.
SLC30A10,49,survived,down,3,0,0,Same-tissue replication: 3/3 concordant. Cross-tissue: 0/0 concordant.
TRPM6,49,survived,down,3,0,0,Same-tissue replication: 3/3 concordant. Cross-tissue: 0/0 concordant.
ACADVL,50,survived,down,3,0,0,Same-tissue replication: 3/3 concordant. Cross-tissue: 0/0 concordant.
ANKS4B,50,survived,down,3,0,0,Same-tissue replication: 3/3 concordant. Cross-tissue: 0/0 concordant.
CDC14A,50,survived,down,3,0,0,Same-tissue replication: 3/3 concordant. Cross-tissue: 0/0 concordant.
CLDN7,50,survived,down,3,0,0,Same-tissue replication: 3/3 concordant. Cross-tissue: 0/0 concordant.
HPSE,50,survived,down,3,0,0,Same-tissue replication: 3/3 concordant. Cross-tissue: 0/0 concordant.
MARCKS,50,survived,down,3,0,0,Same-tissue replication: 3/3 concordant. Cross-tissue: 0/0 concordant.
NEO1,50,survived,down,3,0,0,Same-tissue replication: 3/3 concordant. Cross-tissue: 0/0 concordant.
NOSTRIN,50,survived,down,3,0,0,Same-tissue replication: 3/3 concordant. Cross-tissue: 0/0 concordant.
PRADC1,50,survived,down,3,0,0,Same-tissue replication: 3/3 concordant. Cross-tissue: 0/0 concordant.
ARPIN,51,survived,down,2,0,0,Same-tissue replication: 2/3 concordant. Cross-tissue: 0/0 concordant.
C1orf21,51,survived,down,3,0,0,Same-tissue replication: 3/3 concordant. Cross-tissue: 0/0 concordant.
DHRS1,51,survived,down,3,0,0,Same-tissue replication: 3/3 concordant. Cross-tissue: 0/0 concordant.
FGD4,51,survived,down,3,0,0,Same-tissue replication: 3/3 concordant. Cross-tissue: 0/0 concordant.
IMPA2,51,survived,down,3,0,0,Same-tissue replication: 3/3 concordant. Cross-tissue: 0/0 concordant.
MYORG,51,survived,down,3,0,0,Same-tissue replication: 3/3 concordant. Cross-tissue: 0/0 concordant.
ZSWIM6,51,survived,down,3,0,0,Same-tissue replication: 3/3 concordant. Cross-tissue: 0/0 concordant.
AHNAK,52,survived,down,3,0,0,Same-tissue replication: 3/3 concordant. Cross-tissue: 0/0 concordant.
CHMP1B,52,survived,down,3,0,0,Same-tissue replication: 3/3 concordant. Cross-tissue: 0/0 concordant.
GOLM1,52,survived,down,3,0,0,Same-tissue replication: 3/3 concordant. Cross-tissue: 0/0 concordant.
LGALS4,52,survived,down,3,0,0,Same-tissue replication: 3/3 concordant. Cross-tissue: 0/0 concordant.
LRRC75A,52,survived,down,3,0,0,Same-tissue replication: 3/3 concordant. Cross-tissue: 0/0 concordant.
PHYKPL,52,survived,down,3,0,0,Same-tissue replication: 3/3 concordant. Cross-tissue: 0/0 concordant.
S100A14,52,survived,down,3,0,0,Same-tissue replication: 3/3 concordant. Cross-tissue: 0/0 concordant.
ZNF304,52,survived,down,3,0,0,Same-tissue replication: 3/3 concordant. Cross-tissue: 0/0 concordant.
BUB3,53,survived,up,3,0,0,Same-tissue replication: 3/3 concordant. Cross-tissue: 0/0 concordant.
CASK,53,survived,up,3,0,0,Same-tissue replication: 3/3 concordant. Cross-tissue: 0/0 concordant.
CASP2,53,survived,up,3,0,0,Same-tissue replication: 3/3 concordant. Cross-tissue: 0/0 concordant.
CERS2,53,survived,up,3,0,0,Same-tissue replication: 3/3 concordant. Cross-tissue: 0/0 concordant.
CSNK2A2,53,survived,up,3,0,0,Same-tissue replication: 3/3 concordant. Cross-tissue: 0/0 concordant.
EIF2AK1,53,survived,up,3,0,0,Same-tissue replication: 3/3 concordant. Cross-tissue: 0/0 concordant.
ILF2,53,survived,up,3,0,0,Same-tissue replication: 3/3 concordant. Cross-tissue: 0/0 concordant.
ITPA,53,survived,up,3,0,0,Same-tissue replication: 3/3 concordant. Cross-tissue: 0/0 concordant.
KCTD20,53,survived,up,3,0,0,Same-tissue replication: 3/3 concordant. Cross-tissue: 0/0 concordant.
KPNB1,53,survived,up,3,0,0,Same-tissue replication: 3/3 concordant. Cross-tissue: 0/0 concordant.
MTMR1,53,survived,up,3,0,0,Same-tissue replication: 3/3 concordant. Cross-tissue: 0/0 concordant.
NDRG3,53,survived,up,3,0,0,Same-tissue replication: 3/3 concordant. Cross-tissue: 0/0 concordant.
PHC2,53,survived,up,3,0,0,Same-tissue replication: 3/3 concordant. Cross-tissue: 0/0 concordant.
RNF113A,53,survived,up,3,0,0,Same-tissue replication: 3/3 concordant. Cross-tissue: 0/0 concordant.
ROMO1,53,survived,up,3,0,0,Same-tissue replication: 3/3 concordant. Cross-tissue: 0/0 concordant.
RRP7A,53,survived,up,3,0,0,Same-tissue replication: 3/3 concordant. Cross-tissue: 0/0 concordant.
SMARCD2,53,survived,up,3,0,0,Same-tissue replication: 3/3 concordant. Cross-tissue: 0/0 concordant.
AIMP1,54,survived,up,3,0,0,Same-tissue replication: 3/3 concordant. Cross-tissue: 0/0 concordant.
AK2,54,survived,up,1,0,0,Same-tissue replication: 1/3 concordant. Cross-tissue: 0/0 concordant.
JMJD1C,54,survived,up,0,0,0,Same-tissue replication: 0/3 concordant. Cross-tissue: 0/0 concordant.
LAMB3,54,eliminated,up,0,1,0,Significant opposite direction in same-tissue dataset(s): ['GSE32323']. Discovery direction: up.
UNC119B,54,eliminated,down,0,2,0,"Significant opposite direction in same-tissue dataset(s): ['GSE32323', 'GSE39582']. Discovery direction: down."
LAP3,55,survived,up,3,0,0,Same-tissue replication: 3/3 concordant. Cross-tissue: 0/0 concordant.
SEC62,55,survived,up,1,0,0,Same-tissue replication: 1/3 concordant. Cross-tissue: 0/0 concordant.
SLF2,55,eliminated,up,1,1,0,Significant opposite direction in same-tissue dataset(s): ['GSE32323']. Discovery direction: up.
TIPARP,55,eliminated,up,1,2,0,"Significant opposite direction in same-tissue dataset(s): ['GSE32323', 'GSE39582']. Discovery direction: up."
WDR47,55,eliminated,up,1,1,0,Significant opposite direction in same-tissue dataset(s): ['GSE39582']. Discovery direction: up.
EVA1B,56,eliminated,up,2,1,0,Significant opposite direction in same-tissue dataset(s): ['GSE37364']. Discovery direction: up.
NOCT,56,eliminated,up,1,1,0,Significant opposite direction in same-tissue dataset(s): ['GSE32323']. Discovery direction: up.
RBMS1,56,eliminated,down,1,2,0,"Significant opposite direction in same-tissue dataset(s): ['GSE37364', 'GSE39582']. Discovery direction: down."
ANLN,57,survived,up,3,0,0,Same-tissue replication: 3/3 concordant. Cross-tissue: 0/0 concordant.
AXIN2,57,survived,up,3,0,0,Same-tissue replication: 3/3 concordant. Cross-tissue: 0/0 concordant.
DUSP14,57,survived,up,3,0,0,Same-tissue replication: 3/3 concordant. Cross-tissue: 0/0 concordant.
GTF2IRD1,57,survived,up,3,0,0,Same-tissue replication: 3/3 concordant. Cross-tissue: 0/0 concordant.
PMEPA1,57,survived,up,3,0,0,Same-tissue replication: 3/3 concordant. Cross-tissue: 0/0 concordant.
SCD,57,survived,up,3,0,0,Same-tissue replication: 3/3 concordant. Cross-tissue: 0/0 concordant.
SPP1,57,survived,up,3,0,0,Same-tissue replication: 3/3 concordant. Cross-tissue: 0/0 concordant.
TPX2,57,survived,up,3,0,0,Same-tissue replication: 3/3 concordant. Cross-tissue: 0/0 concordant.
UBE2C,57,survived,up,3,0,0,Same-tissue replication: 3/3 concordant. Cross-tissue: 0/0 concordant.
WNT2,57,survived,up,3,0,0,Same-tissue replication: 3/3 concordant. Cross-tissue: 0/0 concordant.
ANXA9,58,survived,up,3,0,0,Same-tissue replication: 3/3 concordant. Cross-tissue: 0/0 concordant.
BMAL2,58,survived,up,3,0,0,Same-tissue replication: 3/3 concordant. Cross-tissue: 0/0 concordant.
CXCL6,58,survived,up,3,0,0,Same-tissue replication: 3/3 concordant. Cross-tissue: 0/0 concordant.
DACH1,58,survived,up,3,0,0,Same-tissue replication: 3/3 concordant. Cross-tissue: 0/0 concordant.
DGAT2,58,survived,up,3,0,0,Same-tissue replication: 3/3 concordant. Cross-tissue: 0/0 concordant.
DUSP4,58,survived,up,3,0,0,Same-tissue replication: 3/3 concordant. Cross-tissue: 0/0 concordant.
FOXM1,58,survived,up,3,0,0,Same-tissue replication: 3/3 concordant. Cross-tissue: 0/0 concordant.
GALNT6,58,survived,up,3,0,0,Same-tissue replication: 3/3 concordant. Cross-tissue: 0/0 concordant.
HOMER1,58,survived,up,3,0,0,Same-tissue replication: 3/3 concordant. Cross-tissue: 0/0 concordant.
LPCAT1,58,survived,up,3,0,0,Same-tissue replication: 3/3 concordant. Cross-tissue: 0/0 concordant.
MACC1,58,survived,up,3,0,0,Same-tissue replication: 3/3 concordant. Cross-tissue: 0/0 concordant.
VSNL1,58,survived,up,3,0,0,Same-tissue replication: 3/3 concordant. Cross-tissue: 0/0 concordant.
AURKA,59,survived,up,3,0,0,Same-tissue replication: 3/3 concordant. Cross-tissue: 0/0 concordant.
BLACAT1,59,survived,up,3,0,0,Same-tissue replication: 3/3 concordant. Cross-tissue: 0/0 concordant.
ECT2,59,survived,up,3,0,0,Same-tissue replication: 3/3 concordant. Cross-tissue: 0/0 concordant.
HILPDA,59,survived,up,3,0,0,Same-tissue replication: 3/3 concordant. Cross-tissue: 0/0 concordant.
LZTS3,59,survived,up,3,0,0,Same-tissue replication: 3/3 concordant. Cross-tissue: 0/0 concordant.
MYBL2,59,survived,up,3,0,0,Same-tissue replication: 3/3 concordant. Cross-tissue: 0/0 concordant.
MYC,59,survived,up,3,0,0,Same-tissue replication: 3/3 concordant. Cross-tissue: 0/0 concordant.
PTP4A3,59,survived,up,3,0,0,Same-tissue replication: 3/3 concordant. Cross-tissue: 0/0 concordant.
SLC29A1,59,survived,up,3,0,0,Same-tissue replication: 3/3 concordant. Cross-tissue: 0/0 concordant.
ANTXR2,60,survived,down,3,0,0,Same-tissue replication: 3/3 concordant. Cross-tissue: 0/0 concordant.
ARHGEF37,60,survived,down,3,0,0,Same-tissue replication: 3/3 concordant. Cross-tissue: 0/0 concordant.
C19orf33,60,survived,down,3,0,0,Same-tissue replication: 3/3 concordant. Cross-tissue: 0/0 concordant.
CEP70,60,survived,down,3,0,0,Same-tissue replication: 3/3 concordant. Cross-tissue: 0/0 concordant.
PKP2,60,survived,down,3,0,0,Same-tissue replication: 3/3 concordant. Cross-tissue: 0/0 concordant.
RNF144A,60,survived,down,3,0,0,Same-tissue replication: 3/3 concordant. Cross-tissue: 0/0 concordant.
SGPP2,60,survived,down,3,0,0,Same-tissue replication: 3/3 concordant. Cross-tissue: 0/0 concordant.
SIPA1L2,60,survived,down,3,0,0,Same-tissue replication: 3/3 concordant. Cross-tissue: 0/0 concordant.
SRI,60,survived,down,3,0,0,Same-tissue replication: 3/3 concordant. Cross-tissue: 0/0 concordant.
ST6GALNAC3,60,survived,down,3,0,0,Same-tissue replication: 3/3 concordant. Cross-tissue: 0/0 concordant.
CCNYL1,61,survived,down,3,0,0,Same-tissue replication: 3/3 concordant. Cross-tissue: 0/0 concordant.
EPB41L4B,61,survived,down,3,0,0,Same-tissue replication: 3/3 concordant. Cross-tissue: 0/0 concordant.
IDH3A,61,survived,down,3,0,0,Same-tissue replication: 3/3 concordant. Cross-tissue: 0/0 concordant.
IMPA1,61,survived,down,3,0,0,Same-tissue replication: 3/3 concordant. Cross-tissue: 0/0 concordant.
KITLG,61,survived,down,3,0,0,Same-tissue replication: 3/3 concordant. Cross-tissue: 0/0 concordant.
MTUS1,61,survived,down,3,0,0,Same-tissue replication: 3/3 concordant. Cross-tissue: 0/0 concordant.
PCNP,62,survived,up,3,0,0,Same-tissue replication: 3/3 concordant. Cross-tissue: 0/0 concordant.
RNF32,62,survived,down,2,0,0,Same-tissue replication: 2/3 concordant. Cross-tissue: 0/0 concordant.
SAMD3,62,survived,down,0,0,0,Same-tissue replication: 0/3 concordant. Cross-tissue: 0/0 concordant.
SELL,62,eliminated,down,2,1,0,Significant opposite direction in same-tissue dataset(s): ['GSE37364']. Discovery direction: down.
EDEM3,63,survived,down,3,0,0,Same-tissue replication: 3/3 concordant. Cross-tissue: 0/0 concordant.
FAM13B,63,survived,down,3,0,0,Same-tissue replication: 3/3 concordant. Cross-tissue: 0/0 concordant.
FCGRT,63,survived,down,3,0,0,Same-tissue replication: 3/3 concordant. Cross-tissue: 0/0 concordant.
LGALS9,63,survived,down,3,0,0,Same-tissue replication: 3/3 concordant. Cross-tissue: 0/0 concordant.
MEI1,63,survived,down,3,0,0,Same-tissue replication: 3/3 concordant. Cross-tissue: 0/0 concordant.
KLK1,64,survived,down,3,0,0,Same-tissue replication: 3/3 concordant. Cross-tissue: 0/0 concordant.
KLRC3,64,survived,down,3,0,0,Same-tissue replication: 3/3 concordant. Cross-tissue: 0/0 concordant.
MXI1,64,survived,down,3,0,0,Same-tissue replication: 3/3 concordant. Cross-tissue: 0/0 concordant.
PCDH19,64,survived,down,1,0,0,Same-tissue replication: 1/3 concordant. Cross-tissue: 0/0 concordant.
PDE2A,64,survived,down,3,0,0,Same-tissue replication: 3/3 concordant. Cross-tissue: 0/0 concordant.
SACK1E,64,survived,down,3,0,0,Same-tissue replication: 3/3 concordant. Cross-tissue: 0/0 concordant.
TNFSF10,64,survived,down,3,0,0,Same-tissue replication: 3/3 concordant. Cross-tissue: 0/0 concordant.
TRANK1,64,survived,down,3,0,0,Same-tissue replication: 3/3 concordant. Cross-tissue: 0/0 concordant.
TST,64,survived,down,3,0,0,Same-tissue replication: 3/3 concordant. Cross-tissue: 0/0 concordant.
MCTP2,65,survived,down,3,0,0,Same-tissue replication: 3/3 concordant. Cross-tissue: 0/0 concordant.
MGST3,65,survived,down,3,0,0,Same-tissue replication: 3/3 concordant. Cross-tissue: 0/0 concordant.
RELCH,65,survived,down,3,0,0,Same-tissue replication: 3/3 concordant. Cross-tissue: 0/0 concordant.
RIT1,65,survived,down,2,0,0,Same-tissue replication: 2/3 concordant. Cross-tissue: 0/0 concordant.
RPS6KA6,65,survived,down,3,0,0,Same-tissue replication: 3/3 concordant. Cross-tissue: 0/0 concordant.
SYNGR1,65,survived,down,2,0,0,Same-tissue replication: 2/3 concordant. Cross-tissue: 0/0 concordant.
ENOSF1,66,survived,down,3,0,0,Same-tissue replication: 3/3 concordant. Cross-tissue: 0/0 concordant.
IFFO1,66,survived,down,3,0,0,Same-tissue replication: 3/3 concordant. Cross-tissue: 0/0 concordant.
LIAT1,66,survived,down,3,0,0,Same-tissue replication: 3/3 concordant. Cross-tissue: 0/0 concordant.
PLEKHG6,66,survived,down,3,0,0,Same-tissue replication: 3/3 concordant. Cross-tissue: 0/0 concordant.
SLC12A3,66,survived,down,3,0,0,Same-tissue replication: 3/3 concordant. Cross-tissue: 0/0 concordant.
TCTA,66,survived,down,3,0,0,Same-tissue replication: 3/3 concordant. Cross-tissue: 0/0 concordant.
CNOT10,67,survived,up,3,0,0,Same-tissue replication: 3/3 concordant. Cross-tissue: 0/0 concordant.
LAD1,67,eliminated,up,1,1,0,Significant opposite direction in same-tissue dataset(s): ['GSE37364']. Discovery direction: up.
NIF3L1,67,survived,up,3,0,0,Same-tissue replication: 3/3 concordant. Cross-tissue: 0/0 concordant.
NPHP4,67,survived,up,3,0,0,Same-tissue replication: 3/3 concordant. Cross-tissue: 0/0 concordant.
PLXDC1,67,survived,up,2,0,0,Same-tissue replication: 2/3 concordant. Cross-tissue: 0/0 concordant.
RNF6,67,survived,up,2,0,0,Same-tissue replication: 2/3 concordant. Cross-tissue: 0/0 concordant.
SDE2,67,survived,up,3,0,0,Same-tissue replication: 3/3 concordant. Cross-tissue: 0/0 concordant.
BCL7A,68,survived,up,3,0,0,Same-tissue replication: 3/3 concordant. Cross-tissue: 0/0 concordant.
FHL3,68,survived,up,3,0,0,Same-tissue replication: 3/3 concordant. Cross-tissue: 0/0 concordant.
PIGA,68,survived,up,1,0,0,Same-tissue replication: 1/3 concordant. Cross-tissue: 0/0 concordant.
PRMT5,68,survived,up,3,0,0,Same-tissue replication: 3/3 concordant. Cross-tissue: 0/0 concordant.
TJAP1,68,survived,up,2,0,0,Same-tissue replication: 2/3 concordant. Cross-tissue: 0/0 concordant.
TMEFF2,68,eliminated,up,2,1,0,Significant opposite direction in same-tissue dataset(s): ['GSE32323']. Discovery direction: up.
UBA6,68,survived,up,3,0,0,Same-tissue replication: 3/3 concordant. Cross-tissue: 0/0 concordant.
WASF1,68,survived,up,3,0,0,Same-tissue replication: 3/3 concordant. Cross-tissue: 0/0 concordant.
ATP7B,69,survived,up,3,0,0,Same-tissue replication: 3/3 concordant. Cross-tissue: 0/0 concordant.
DCUN1D2,69,survived,up,3,0,0,Same-tissue replication: 3/3 concordant. Cross-tissue: 0/0 concordant.
DPP7,69,survived,up,3,0,0,Same-tissue replication: 3/3 concordant. Cross-tissue: 0/0 concordant.
HPS4,69,survived,up,3,0,0,Same-tissue replication: 3/3 concordant. Cross-tissue: 0/0 concordant.
TRAF2,69,survived,up,3,0,0,Same-tissue replication: 3/3 concordant. Cross-tissue: 0/0 concordant.
TRIM47,69,eliminated,up,2,1,0,Significant opposite direction in same-tissue dataset(s): ['GSE32323']. Discovery direction: up.
TTC9,69,survived,up,3,0,0,Same-tissue replication: 3/3 concordant. Cross-tissue: 0/0 concordant.
ZBED3,69,survived,up,3,0,0,Same-tissue replication: 3/3 concordant. Cross-tissue: 0/0 concordant.
ZNF668,69,survived,up,3,0,0,Same-tissue replication: 3/3 concordant. Cross-tissue: 0/0 concordant.
ATXN2L,70,survived,up,3,0,0,Same-tissue replication: 3/3 concordant. Cross-tissue: 0/0 concordant.
C11orf98,70,survived,up,2,0,0,Same-tissue replication: 2/3 concordant. Cross-tissue: 0/0 concordant.
CNP,70,survived,up,3,0,0,Same-tissue replication: 3/3 concordant. Cross-tissue: 0/0 concordant.
COMMD5,70,survived,up,3,0,0,Same-tissue replication: 3/3 concordant. Cross-tissue: 0/0 concordant.
CPLX1,70,survived,up,3,0,0,Same-tissue replication: 3/3 concordant. Cross-tissue: 0/0 concordant.
CUTA,70,survived,up,3,0,0,Same-tissue replication: 3/3 concordant. Cross-tissue: 0/0 concordant.
DEPDC1,70,survived,up,3,0,0,Same-tissue replication: 3/3 concordant. Cross-tissue: 0/0 concordant.
DHRS2,70,survived,up,3,0,0,Same-tissue replication: 3/3 concordant. Cross-tissue: 0/0 concordant.
GHDC,70,survived,up,2,0,0,Same-tissue replication: 2/3 concordant. Cross-tissue: 0/0 concordant.
IL17RB,70,survived,up,3,0,0,Same-tissue replication: 3/3 concordant. Cross-tissue: 0/0 concordant.
IRGQ,70,survived,up,3,0,0,Same-tissue replication: 3/3 concordant. Cross-tissue: 0/0 concordant.
LANCL2,70,survived,up,3,0,0,Same-tissue replication: 3/3 concordant. Cross-tissue: 0/0 concordant.
LRPPRC,70,survived,up,3,0,0,Same-tissue replication: 3/3 concordant. Cross-tissue: 0/0 concordant.
METTL2B,70,survived,up,3,0,0,Same-tissue replication: 3/3 concordant. Cross-tissue: 0/0 concordant.
MON1A,70,survived,up,3,0,0,Same-tissue replication: 3/3 concordant. Cross-tissue: 0/0 concordant.
MRPL51,70,survived,up,3,0,0,Same-tissue replication: 3/3 concordant. Cross-tissue: 0/0 concordant.
MTX1,70,survived,up,2,0,0,Same-tissue replication: 2/3 concordant. Cross-tissue: 0/0 concordant.
NARF,70,survived,up,3,0,0,Same-tissue replication: 3/3 concordant. Cross-tissue: 0/0 concordant.
NFKBIE,70,survived,up,3,0,0,Same-tissue replication: 3/3 concordant. Cross-tissue: 0/0 concordant.
NIPSNAP1,70,survived,up,2,0,0,Same-tissue replication: 2/3 concordant. Cross-tissue: 0/0 concordant.
NRM,70,survived,up,3,0,0,Same-tissue replication: 3/3 concordant. Cross-tissue: 0/0 concordant.
NUBP2,70,survived,up,3,0,0,Same-tissue replication: 3/3 concordant. Cross-tissue: 0/0 concordant.
OCIAD2,70,survived,up,3,0,0,Same-tissue replication: 3/3 concordant. Cross-tissue: 0/0 concordant.
OR51E1,70,survived,up,3,0,0,Same-tissue replication: 3/3 concordant. Cross-tissue: 0/0 concordant.
POMGNT1,70,survived,up,3,0,0,Same-tissue replication: 3/3 concordant. Cross-tissue: 0/0 concordant.
PSMB7,70,survived,up,3,0,0,Same-tissue replication: 3/3 concordant. Cross-tissue: 0/0 concordant.
PSMD2,70,eliminated,up,2,1,0,Significant opposite direction in same-tissue dataset(s): ['GSE32323']. Discovery direction: up.
RBM15B,70,survived,up,3,0,0,Same-tissue replication: 3/3 concordant. Cross-tissue: 0/0 concordant.
RNF40,70,eliminated,up,1,1,0,Significant opposite direction in same-tissue dataset(s): ['GSE32323']. Discovery direction: up.
RPL14,70,survived,up,3,0,0,Same-tissue replication: 3/3 concordant. Cross-tissue: 0/0 concordant.
SKA1,70,survived,up,3,0,0,Same-tissue replication: 3/3 concordant. Cross-tissue: 0/0 concordant.
SLC43A1,70,survived,up,3,0,0,Same-tissue replication: 3/3 concordant. Cross-tissue: 0/0 concordant.
SOX1,70,survived,up,3,0,0,Same-tissue replication: 3/3 concordant. Cross-tissue: 0/0 concordant.
TIMM44,70,survived,up,3,0,0,Same-tissue replication: 3/3 concordant. Cross-tissue: 0/0 concordant.
TM7SF2,70,survived,up,3,0,0,Same-tissue replication: 3/3 concordant. Cross-tissue: 0/0 concordant.
TMEM214,70,eliminated,up,2,1,0,Significant opposite direction in same-tissue dataset(s): ['GSE32323']. Discovery direction: up.
TNPO1,70,survived,up,3,0,0,Same-tissue replication: 3/3 concordant. Cross-tissue: 0/0 concordant.
TSSK2,70,survived,up,3,0,0,Same-tissue replication: 3/3 concordant. Cross-tissue: 0/0 concordant.
TUBB4B,70,eliminated,up,2,1,0,Significant opposite direction in same-tissue dataset(s): ['GSE32323']. Discovery direction: up.
USP21,70,eliminated,up,2,1,0,Significant opposite direction in same-tissue dataset(s): ['GSE37364']. Discovery direction: up.
USP35,70,survived,up,3,0,0,Same-tissue replication: 3/3 concordant. Cross-tissue: 0/0 concordant.
WDR72,70,survived,up,3,0,0,Same-tissue replication: 3/3 concordant. Cross-tissue: 0/0 concordant.
ZNF26,70,survived,up,2,0,0,Same-tissue replication: 2/3 concordant. Cross-tissue: 0/0 concordant.
ZNF507,70,survived,up,3,0,0,Same-tissue replication: 3/3 concordant. Cross-tissue: 0/0 concordant.
ZNF565,70,survived,up,3,0,0,Same-tissue replication: 3/3 concordant. Cross-tissue: 0/0 concordant.
ABCA8,72,survived,down,3,0,0,Same-tissue replication: 3/3 concordant. Cross-tissue: 0/0 concordant.
ADH1B,72,survived,down,3,0,0,Same-tissue replication: 3/3 concordant. Cross-tissue: 0/0 concordant.
ADH1C,72,survived,down,3,0,0,Same-tissue replication: 3/3 concordant. Cross-tissue: 0/0 concordant.
CD177,72,survived,down,3,0,0,Same-tissue replication: 3/3 concordant. Cross-tissue: 0/0 concordant.
MT1M,72,survived,down,3,0,0,Same-tissue replication: 3/3 concordant. Cross-tissue: 0/0 concordant.
PYY,72,survived,down,3,0,0,Same-tissue replication: 3/3 concordant. Cross-tissue: 0/0 concordant.
AQP8,73,survived,down,3,0,0,Same-tissue replication: 3/3 concordant. Cross-tissue: 0/0 concordant.
CA1,73,survived,down,3,0,0,Same-tissue replication: 3/3 concordant. Cross-tissue: 0/0 concordant.
CA2,73,survived,down,3,0,0,Same-tissue replication: 3/3 concordant. Cross-tissue: 0/0 concordant.
CA4,73,survived,down,3,0,0,Same-tissue replication: 3/3 concordant. Cross-tissue: 0/0 concordant.
CLCA4,73,survived,down,3,0,0,Same-tissue replication: 3/3 concordant. Cross-tissue: 0/0 concordant.
CLDN8,73,survived,down,3,0,0,Same-tissue replication: 3/3 concordant. Cross-tissue: 0/0 concordant.
GCG,73,survived,down,3,0,0,Same-tissue replication: 3/3 concordant. Cross-tissue: 0/0 concordant.
GUCA2A,73,survived,down,3,0,0,Same-tissue replication: 3/3 concordant. Cross-tissue: 0/0 concordant.
GUCA2B,73,survived,down,3,0,0,Same-tissue replication: 3/3 concordant. Cross-tissue: 0/0 concordant.
MS4A12,73,survived,down,3,0,0,Same-tissue replication: 3/3 concordant. Cross-tissue: 0/0 concordant.
SLC4A4,73,survived,down,3,0,0,Same-tissue replication: 3/3 concordant. Cross-tissue: 0/0 concordant.
ZG16,73,survived,down,3,0,0,Same-tissue replication: 3/3 concordant. Cross-tissue: 0/0 concordant.
ABCB1,74,survived,down,3,0,0,Same-tissue replication: 3/3 concordant. Cross-tissue: 0/0 concordant.
ADRB1,74,survived,down,3,0,0,Same-tissue replication: 3/3 concordant. Cross-tissue: 0/0 concordant.
C1orf115,74,survived,down,3,0,0,Same-tissue replication: 3/3 concordant. Cross-tissue: 0/0 concordant.
CCL28,74,survived,down,3,0,0,Same-tissue replication: 3/3 concordant. Cross-tissue: 0/0 concordant.
EDIL3,74,survived,down,3,0,0,Same-tissue replication: 3/3 concordant. Cross-tissue: 0/0 concordant.
ITM2C,74,survived,down,3,0,0,Same-tissue replication: 3/3 concordant. Cross-tissue: 0/0 concordant.
KCNIP4,74,survived,down,2,0,0,Same-tissue replication: 2/3 concordant. Cross-tissue: 0/0 concordant.
MYO1A,74,survived,down,3,0,0,Same-tissue replication: 3/3 concordant. Cross-tissue: 0/0 concordant.
PDE7B,74,survived,down,3,0,0,Same-tissue replication: 3/3 concordant. Cross-tissue: 0/0 concordant.
PPARGC1A,74,survived,down,3,0,0,Same-tissue replication: 3/3 concordant. Cross-tissue: 0/0 concordant.
SLC25A34,74,survived,down,3,0,0,Same-tissue replication: 3/3 concordant. Cross-tissue: 0/0 concordant.
ST6GALNAC1,74,survived,down,3,0,0,Same-tissue replication: 3/3 concordant. Cross-tissue: 0/0 concordant.
TLR3,74,survived,down,3,0,0,Same-tissue replication: 3/3 concordant. Cross-tissue: 0/0 concordant.
AKAP7,75,survived,down,3,0,0,Same-tissue replication: 3/3 concordant. Cross-tissue: 0/0 concordant.
APOBR,75,survived,down,3,0,0,Same-tissue replication: 3/3 concordant. Cross-tissue: 0/0 concordant.
B3GNT6,75,survived,down,3,0,0,Same-tissue replication: 3/3 concordant. Cross-tissue: 0/0 concordant.
JAM2,75,survived,down,3,0,0,Same-tissue replication: 3/3 concordant. Cross-tissue: 0/0 concordant.
LRRC66,75,survived,down,3,0,0,Same-tissue replication: 3/3 concordant. Cross-tissue: 0/0 concordant.
MPEG1,75,survived,down,3,0,0,Same-tissue replication: 3/3 concordant. Cross-tissue: 0/0 concordant.
PCSK2,75,survived,down,3,0,0,Same-tissue replication: 3/3 concordant. Cross-tissue: 0/0 concordant.
PPP1R16B,75,survived,down,3,0,0,Same-tissue replication: 3/3 concordant. Cross-tissue: 0/0 concordant.
SLC1A1,75,survived,down,3,0,0,Same-tissue replication: 3/3 concordant. Cross-tissue: 0/0 concordant.
SRPX,75,survived,down,3,0,0,Same-tissue replication: 3/3 concordant. Cross-tissue: 0/0 concordant.
UGP2,75,survived,down,3,0,0,Same-tissue replication: 3/3 concordant. Cross-tissue: 0/0 concordant.
ARSK,77,survived,down,2,0,0,Same-tissue replication: 2/3 concordant. Cross-tissue: 0/0 concordant.
C5orf15,77,eliminated,down,0,2,0,"Significant opposite direction in same-tissue dataset(s): ['GSE32323', 'GSE39582']. Discovery direction: down."
ORMDL2,77,survived,down,3,0,0,Same-tissue replication: 3/3 concordant. Cross-tissue: 0/0 concordant.
SELENOF,77,survived,up,3,0,0,Same-tissue replication: 3/3 concordant. Cross-tissue: 0/0 concordant.
SLC1A7,77,eliminated,down,0,1,0,Significant opposite direction in same-tissue dataset(s): ['GSE39582']. Discovery direction: down.
UNC45A,77,eliminated,down,2,1,0,Significant opposite direction in same-tissue dataset(s): ['GSE39582']. Discovery direction: down.
ARHGDIB,78,survived,up,2,0,0,Same-tissue replication: 2/3 concordant. Cross-tissue: 0/0 concordant.
GPRC5A,78,eliminated,up,1,1,0,Significant opposite direction in same-tissue dataset(s): ['GSE39582']. Discovery direction: up.
RPS7,78,survived,up,3,0,0,Same-tissue replication: 3/3 concordant. Cross-tissue: 0/0 concordant.
SERPINA3,78,eliminated,up,1,1,0,Significant opposite direction in same-tissue dataset(s): ['GSE39582']. Discovery direction: up.
BUD31,79,survived,up,3,0,0,Same-tissue replication: 3/3 concordant. Cross-tissue: 0/0 concordant.
MPHOSPH10,79,survived,up,3,0,0,Same-tissue replication: 3/3 concordant. Cross-tissue: 0/0 concordant.
PRPF3,79,survived,up,3,0,0,Same-tissue replication: 3/3 concordant. Cross-tissue: 0/0 concordant.
SEPHS1,79,survived,up,3,0,0,Same-tissue replication: 3/3 concordant. Cross-tissue: 0/0 concordant.
SQSTM1,79,survived,up,2,0,0,Same-tissue replication: 2/3 concordant. Cross-tissue: 0/0 concordant.
ANAPC5,80,survived,up,3,0,0,Same-tissue replication: 3/3 concordant. Cross-tissue: 0/0 concordant.
NASP,80,survived,up,3,0,0,Same-tissue replication: 3/3 concordant. Cross-tissue: 0/0 concordant.
NENF,80,survived,up,3,0,0,Same-tissue replication: 3/3 concordant. Cross-tissue: 0/0 concordant.
PRPF31,80,survived,up,3,0,0,Same-tissue replication: 3/3 concordant. Cross-tissue: 0/0 concordant.
PSPC1,80,survived,up,3,0,0,Same-tissue replication: 3/3 concordant. Cross-tissue: 0/0 concordant.
R3HDM4,80,eliminated,up,2,1,0,Significant opposite direction in same-tissue dataset(s): ['GSE32323']. Discovery direction: up.
RBM39,80,survived,up,3,0,0,Same-tissue replication: 3/3 concordant. Cross-tissue: 0/0 concordant.
SF3B2,80,survived,up,3,0,0,Same-tissue replication: 3/3 concordant. Cross-tissue: 0/0 concordant.
UBE3C,80,survived,up,3,0,0,Same-tissue replication: 3/3 concordant. Cross-tissue: 0/0 concordant.
L3MBTL2,82,survived,up,2,0,0,Same-tissue replication: 2/3 concordant. Cross-tissue: 0/0 concordant.
PGGHG,82,survived,up,3,0,0,Same-tissue replication: 3/3 concordant. Cross-tissue: 0/0 concordant.
PPOX,82,survived,up,3,0,0,Same-tissue replication: 3/3 concordant. Cross-tissue: 0/0 concordant.
PRR5,82,survived,up,3,0,0,Same-tissue replication: 3/3 concordant. Cross-tissue: 0/0 concordant.
SPATA2L,82,survived,up,2,0,0,Same-tissue replication: 2/3 concordant. Cross-tissue: 0/0 concordant.
STYXL1,82,survived,up,3,0,0,Same-tissue replication: 3/3 concordant. Cross-tissue: 0/0 concordant.
AKR1C3,83,survived,down,3,0,0,Same-tissue replication: 3/3 concordant. Cross-tissue: 0/0 concordant.
CPEB3,83,eliminated,down,1,1,0,Significant opposite direction in same-tissue dataset(s): ['GSE39582']. Discovery direction: down.
FAS,83,survived,down,3,0,0,Same-tissue replication: 3/3 concordant. Cross-tissue: 0/0 concordant.
IL18,83,survived,down,3,0,0,Same-tissue replication: 3/3 concordant. Cross-tissue: 0/0 concordant.
KCTD9,83,survived,down,3,0,0,Same-tissue replication: 3/3 concordant. Cross-tissue: 0/0 concordant.
NECTIN3,83,survived,down,3,0,0,Same-tissue replication: 3/3 concordant. Cross-tissue: 0/0 concordant.
PLCD3,83,survived,down,3,0,0,Same-tissue replication: 3/3 concordant. Cross-tissue: 0/0 concordant.
PTGER4,83,survived,down,3,0,0,Same-tissue replication: 3/3 concordant. Cross-tissue: 0/0 concordant.
PTPN22,83,survived,down,3,0,0,Same-tissue replication: 3/3 concordant. Cross-tissue: 0/0 concordant.
SAMD9,83,survived,down,3,0,0,Same-tissue replication: 3/3 concordant. Cross-tissue: 0/0 concordant.
TRPA1,83,survived,down,3,0,0,Same-tissue replication: 3/3 concordant. Cross-tissue: 0/0 concordant.
ERP27,84,survived,up,3,0,0,Same-tissue replication: 3/3 concordant. Cross-tissue: 0/0 concordant.
GINS1,84,survived,up,3,0,0,Same-tissue replication: 3/3 concordant. Cross-tissue: 0/0 concordant.
GRIN2D,84,survived,up,3,0,0,Same-tissue replication: 3/3 concordant. Cross-tissue: 0/0 concordant.
MET,84,survived,up,3,0,0,Same-tissue replication: 3/3 concordant. Cross-tissue: 0/0 concordant.
TNS4,84,survived,up,3,0,0,Same-tissue replication: 3/3 concordant. Cross-tissue: 0/0 concordant.
ACSF2,85,survived,down,3,0,0,Same-tissue replication: 3/3 concordant. Cross-tissue: 0/0 concordant.
ADCY6,85,survived,down,3,0,0,Same-tissue replication: 3/3 concordant. Cross-tissue: 0/0 concordant.
BTK,85,survived,down,3,0,0,Same-tissue replication: 3/3 concordant. Cross-tissue: 0/0 concordant.
CNNM2,85,survived,down,3,0,0,Same-tissue replication: 3/3 concordant. Cross-tissue: 0/0 concordant.
KRCC1,85,survived,down,3,0,0,Same-tissue replication: 3/3 concordant. Cross-tissue: 0/0 concordant.
NTAN1,85,survived,down,3,0,0,Same-tissue replication: 3/3 concordant. Cross-tissue: 0/0 concordant.
SGCE,85,survived,down,2,0,0,Same-tissue replication: 2/3 concordant. Cross-tissue: 0/0 concordant.
CD163L1,86,survived,down,3,0,0,Same-tissue replication: 3/3 concordant. Cross-tissue: 0/0 concordant.
DNASE1L3,86,survived,down,3,0,0,Same-tissue replication: 3/3 concordant. Cross-tissue: 0/0 concordant.
GPX3,86,survived,down,3,0,0,Same-tissue replication: 3/3 concordant. Cross-tissue: 0/0 concordant.
OTC,86,survived,down,3,0,0,Same-tissue replication: 3/3 concordant. Cross-tissue: 0/0 concordant.
SLC28A2,86,survived,down,3,0,0,Same-tissue replication: 3/3 concordant. Cross-tissue: 0/0 concordant.
TNFRSF17,86,survived,down,3,0,0,Same-tissue replication: 3/3 concordant. Cross-tissue: 0/0 concordant.
ACTR10,87,survived,down,3,0,0,Same-tissue replication: 3/3 concordant. Cross-tissue: 0/0 concordant.
ATP8B4,87,survived,down,3,0,0,Same-tissue replication: 3/3 concordant. Cross-tissue: 0/0 concordant.
BCL2L2,87,survived,down,3,0,0,Same-tissue replication: 3/3 concordant. Cross-tissue: 0/0 concordant.
MFSD2B,87,survived,down,3,0,0,Same-tissue replication: 3/3 concordant. Cross-tissue: 0/0 concordant.
RARRES2,87,survived,down,2,0,0,Same-tissue replication: 2/3 concordant. Cross-tissue: 0/0 concordant.
SLC9A1,87,survived,down,3,0,0,Same-tissue replication: 3/3 concordant. Cross-tissue: 0/0 concordant.
CAMK1D,88,survived,down,3,0,0,Same-tissue replication: 3/3 concordant. Cross-tissue: 0/0 concordant.
CLEC2B,88,eliminated,down,1,1,0,Significant opposite direction in same-tissue dataset(s): ['GSE37364']. Discovery direction: down.
ELAPOR2,88,survived,down,2,0,0,Same-tissue replication: 2/3 concordant. Cross-tissue: 0/0 concordant.
HSD17B8,89,survived,down,2,0,0,Same-tissue replication: 2/3 concordant. Cross-tissue: 0/0 concordant.
KRAS,89,survived,down,3,0,0,Same-tissue replication: 3/3 concordant. Cross-tissue: 0/0 concordant.
PRMT8,89,survived,down,1,0,0,Same-tissue replication: 1/3 concordant. Cross-tissue: 0/0 concordant.
TTLL11,89,survived,down,2,0,0,Same-tissue replication: 2/3 concordant. Cross-tissue: 0/0 concordant.
GLUD2,90,survived,down,3,0,0,Same-tissue replication: 3/3 concordant. Cross-tissue: 0/0 concordant.
SLC50A1,90,survived,down,2,0,0,Same-tissue replication: 2/3 concordant. Cross-tissue: 0/0 concordant.
TNS2,90,eliminated,down,2,1,0,Significant opposite direction in same-tissue dataset(s): ['GSE39582']. Discovery direction: down.
BUD13,91,survived,up,3,0,0,Same-tissue replication: 3/3 concordant. Cross-tissue: 0/0 concordant.
DDX1,91,survived,up,3,0,0,Same-tissue replication: 3/3 concordant. Cross-tissue: 0/0 concordant.
DHPS,91,survived,up,3,0,0,Same-tissue replication: 3/3 concordant. Cross-tissue: 0/0 concordant.
MROH6,91,survived,up,3,0,0,Same-tissue replication: 3/3 concordant. Cross-tissue: 0/0 concordant.
NAP1L4,91,survived,up,3,0,0,Same-tissue replication: 3/3 concordant. Cross-tissue: 0/0 concordant.
PLEKHA4,91,survived,up,3,0,0,Same-tissue replication: 3/3 concordant. Cross-tissue: 0/0 concordant.
SIVA1,91,survived,up,3,0,0,Same-tissue replication: 3/3 concordant. Cross-tissue: 0/0 concordant.
ARFGEF2,92,survived,up,3,0,0,Same-tissue replication: 3/3 concordant. Cross-tissue: 0/0 concordant.
BFAR,92,survived,up,2,0,0,Same-tissue replication: 2/3 concordant. Cross-tissue: 0/0 concordant.
C1GALT1C1,92,survived,up,3,0,0,Same-tissue replication: 3/3 concordant. Cross-tissue: 0/0 concordant.
EMILIN2,92,survived,up,3,0,0,Same-tissue replication: 3/3 concordant. Cross-tissue: 0/0 concordant.
PSMC1,92,survived,up,3,0,0,Same-tissue replication: 3/3 concordant. Cross-tissue: 0/0 concordant.
TMEM248,92,survived,up,1,0,0,Same-tissue replication: 1/3 concordant. Cross-tissue: 0/0 concordant.
TUBD1,92,survived,up,3,0,0,Same-tissue replication: 3/3 concordant. Cross-tissue: 0/0 concordant.
ATP6AP1,93,survived,up,2,0,0,Same-tissue replication: 2/3 concordant. Cross-tissue: 0/0 concordant.
CCZ1B,93,survived,up,3,0,0,Same-tissue replication: 3/3 concordant. Cross-tissue: 0/0 concordant.
DPAGT1,93,survived,up,3,0,0,Same-tissue replication: 3/3 concordant. Cross-tissue: 0/0 concordant.
GTF3C1,93,survived,up,3,0,0,Same-tissue replication: 3/3 concordant. Cross-tissue: 0/0 concordant.
KRT18,93,survived,up,3,0,0,Same-tissue replication: 3/3 concordant. Cross-tissue: 0/0 concordant.
ORAI1,93,survived,up,3,0,0,Same-tissue replication: 3/3 concordant. Cross-tissue: 0/0 concordant.
RPUSD3,93,survived,up,3,0,0,Same-tissue replication: 3/3 concordant. Cross-tissue: 0/0 concordant.
SEPTIN9,93,eliminated,up,2,1,0,Significant opposite direction in same-tissue dataset(s): ['GSE32323']. Discovery direction: up.
ZC3H18,93,survived,up,2,0,0,Same-tissue replication: 2/3 concordant. Cross-tissue: 0/0 concordant.
ZNF674,93,survived,up,3,0,0,Same-tissue replication: 3/3 concordant. Cross-tissue: 0/0 concordant.
ATP2C1,94,survived,up,3,0,0,Same-tissue replication: 3/3 concordant. Cross-tissue: 0/0 concordant.
ATP5F1E,94,survived,up,3,0,0,Same-tissue replication: 3/3 concordant. Cross-tissue: 0/0 concordant.
CENPO,94,survived,up,3,0,0,Same-tissue replication: 3/3 concordant. Cross-tissue: 0/0 concordant.
CPSF6,94,survived,up,3,0,0,Same-tissue replication: 3/3 concordant. Cross-tissue: 0/0 concordant.
DEF8,94,survived,up,3,0,0,Same-tissue replication: 3/3 concordant. Cross-tissue: 0/0 concordant.
DHX9,94,survived,up,3,0,0,Same-tissue replication: 3/3 concordant. Cross-tissue: 0/0 concordant.
EDEM2,94,survived,up,3,0,0,Same-tissue replication: 3/3 concordant. Cross-tissue: 0/0 concordant.
GNA12,94,survived,up,3,0,0,Same-tissue replication: 3/3 concordant. Cross-tissue: 0/0 concordant.
GSTO1,94,survived,up,3,0,0,Same-tissue replication: 3/3 concordant. Cross-tissue: 0/0 concordant.
GTF2E1,94,survived,up,3,0,0,Same-tissue replication: 3/3 concordant. Cross-tissue: 0/0 concordant.
HMBS,94,survived,up,3,0,0,Same-tissue replication: 3/3 concordant. Cross-tissue: 0/0 concordant.
ITGB4,94,eliminated,up,2,1,0,Significant opposite direction in same-tissue dataset(s): ['GSE32323']. Discovery direction: up.
LARS2,94,survived,up,3,0,0,Same-tissue replication: 3/3 concordant. Cross-tissue: 0/0 concordant.
MLLT6,94,survived,up,3,0,0,Same-tissue replication: 3/3 concordant. Cross-tissue: 0/0 concordant.
MLST8,94,survived,up,3,0,0,Same-tissue replication: 3/3 concordant. Cross-tissue: 0/0 concordant.
MTPAP,94,survived,up,3,0,0,Same-tissue replication: 3/3 concordant. Cross-tissue: 0/0 concordant.
MYO10,94,survived,up,3,0,0,Same-tissue replication: 3/3 concordant. Cross-tissue: 0/0 concordant.
OTULIN,94,survived,up,3,0,0,Same-tissue replication: 3/3 concordant. Cross-tissue: 0/0 concordant.
PRDX2,94,survived,up,3,0,0,Same-tissue replication: 3/3 concordant. Cross-tissue: 0/0 concordant.
RAP1GDS1,94,survived,up,3,0,0,Same-tissue replication: 3/3 concordant. Cross-tissue: 0/0 concordant.
RBM14,94,survived,up,2,0,0,Same-tissue replication: 2/3 concordant. Cross-tissue: 0/0 concordant.
STK35,94,survived,up,2,0,0,Same-tissue replication: 2/3 concordant. Cross-tissue: 0/0 concordant.
STX10,94,survived,up,3,0,0,Same-tissue replication: 3/3 concordant. Cross-tissue: 0/0 concordant.
TAF6,94,survived,up,3,0,0,Same-tissue replication: 3/3 concordant. Cross-tissue: 0/0 concordant.
WRAP73,94,survived,up,3,0,0,Same-tissue replication: 3/3 concordant. Cross-tissue: 0/0 concordant.
AGMAT,95,survived,up,2,0,0,Same-tissue replication: 2/3 concordant. Cross-tissue: 0/0 concordant.
AP1S3,95,survived,up,3,0,0,Same-tissue replication: 3/3 concordant. Cross-tissue: 0/0 concordant.
CENPK,95,survived,up,3,0,0,Same-tissue replication: 3/3 concordant. Cross-tissue: 0/0 concordant.
CRABP2,95,survived,up,3,0,0,Same-tissue replication: 3/3 concordant. Cross-tissue: 0/0 concordant.
DUS3L,95,survived,up,3,0,0,Same-tissue replication: 3/3 concordant. Cross-tissue: 0/0 concordant.
ETV5,95,survived,up,3,0,0,Same-tissue replication: 3/3 concordant. Cross-tissue: 0/0 concordant.
LRRC61,95,survived,up,3,0,0,Same-tissue replication: 3/3 concordant. Cross-tissue: 0/0 concordant.
POLR3A,95,survived,up,3,0,0,Same-tissue replication: 3/3 concordant. Cross-tissue: 0/0 concordant.
POMZP3,95,survived,up,3,0,0,Same-tissue replication: 3/3 concordant. Cross-tissue: 0/0 concordant.
TPRA1,95,survived,up,3,0,0,Same-tissue replication: 3/3 concordant. Cross-tissue: 0/0 concordant.
ZFP1,95,survived,up,3,0,0,Same-tissue replication: 3/3 concordant. Cross-tissue: 0/0 concordant.
ZNF584,95,survived,up,3,0,0,Same-tissue replication: 3/3 concordant. Cross-tissue: 0/0 concordant.
ABCB4,97,survived,down,3,0,0,Same-tissue replication: 3/3 concordant. Cross-tissue: 0/0 concordant.
CES2,97,survived,down,3,0,0,Same-tissue replication: 3/3 concordant. Cross-tissue: 0/0 concordant.
COXFA4L3,97,survived,down,3,0,0,Same-tissue replication: 3/3 concordant. Cross-tissue: 0/0 concordant.
ERLN,97,survived,down,3,0,0,Same-tissue replication: 3/3 concordant. Cross-tissue: 0/0 concordant.
TMEM72,97,survived,down,3,0,0,Same-tissue replication: 3/3 concordant. Cross-tissue: 0/0 concordant.
ACSM3,98,survived,down,2,0,0,Same-tissue replication: 2/3 concordant. Cross-tissue: 0/0 concordant.
BCL2,98,survived,down,2,0,0,Same-tissue replication: 2/3 concordant. Cross-tissue: 0/0 concordant.
ETHE1,98,survived,down,3,0,0,Same-tissue replication: 3/3 concordant. Cross-tissue: 0/0 concordant.
KLRF1,98,survived,down,3,0,0,Same-tissue replication: 3/3 concordant. Cross-tissue: 0/0 concordant.
NLGN4X,98,survived,down,3,0,0,Same-tissue replication: 3/3 concordant. Cross-tissue: 0/0 concordant.
PDGFD,98,survived,down,3,0,0,Same-tissue replication: 3/3 concordant. Cross-tissue: 0/0 concordant.
STYK1,98,survived,down,3,0,0,Same-tissue replication: 3/3 concordant. Cross-tissue: 0/0 concordant.
TMEM238L,98,survived,down,3,0,0,Same-tissue replication: 3/3 concordant. Cross-tissue: 0/0 concordant.
TP53INP2,98,survived,down,3,0,0,Same-tissue replication: 3/3 concordant. Cross-tissue: 0/0 concordant.
ABCC3,99,survived,down,3,0,0,Same-tissue replication: 3/3 concordant. Cross-tissue: 0/0 concordant.
HADHA,99,survived,down,3,0,0,Same-tissue replication: 3/3 concordant. Cross-tissue: 0/0 concordant.
MAGI2,99,survived,down,3,0,0,Same-tissue replication: 3/3 concordant. Cross-tissue: 0/0 concordant.
RNF11,99,survived,down,3,0,0,Same-tissue replication: 3/3 concordant. Cross-tissue: 0/0 concordant.
SDHD,99,survived,down,3,0,0,Same-tissue replication: 3/3 concordant. Cross-tissue: 0/0 concordant.
SMPD1,99,survived,down,3,0,0,Same-tissue replication: 3/3 concordant. Cross-tissue: 0/0 concordant.
ENPP5,100,survived,up,3,0,0,Same-tissue replication: 3/3 concordant. Cross-tissue: 0/0 concordant.
HUNK,100,survived,up,3,0,0,Same-tissue replication: 3/3 concordant. Cross-tissue: 0/0 concordant.
KCNMB4,100,survived,up,2,0,0,Same-tissue replication: 2/3 concordant. Cross-tissue: 0/0 concordant.
LRRC32,100,survived,up,3,0,0,Same-tissue replication: 3/3 concordant. Cross-tissue: 0/0 concordant.
MATN3,100,survived,up,3,0,0,Same-tissue replication: 3/3 concordant. Cross-tissue: 0/0 concordant.
MMP13,100,survived,up,3,0,0,Same-tissue replication: 3/3 concordant. Cross-tissue: 0/0 concordant.
XAB2,100,eliminated,up,2,1,0,Significant opposite direction in same-tissue dataset(s): ['GSE32323']. Discovery direction: up.
CASP5,101,survived,down,3,0,0,Same-tissue replication: 3/3 concordant. Cross-tissue: 0/0 concordant.
CLEC2D,101,survived,down,3,0,0,Same-tissue replication: 3/3 concordant. Cross-tissue: 0/0 concordant.
CPA3,101,survived,down,3,0,0,Same-tissue replication: 3/3 concordant. Cross-tissue: 0/0 concordant.
CXCL13,101,survived,down,3,0,0,Same-tissue replication: 3/3 concordant. Cross-tissue: 0/0 concordant.
ENTPD3,101,survived,down,3,0,0,Same-tissue replication: 3/3 concordant. Cross-tissue: 0/0 concordant.
FCRL1,101,survived,down,3,0,0,Same-tissue replication: 3/3 concordant. Cross-tissue: 0/0 concordant.
GAPT,101,survived,down,3,0,0,Same-tissue replication: 3/3 concordant. Cross-tissue: 0/0 concordant.
GCSAM,101,survived,down,3,0,0,Same-tissue replication: 3/3 concordant. Cross-tissue: 0/0 concordant.
HLA-DPA1,101,survived,down,2,0,0,Same-tissue replication: 2/3 concordant. Cross-tissue: 0/0 concordant.
NEUROD1,101,survived,down,3,0,0,Same-tissue replication: 3/3 concordant. Cross-tissue: 0/0 concordant.
PCDH7,101,survived,down,3,0,0,Same-tissue replication: 3/3 concordant. Cross-tissue: 0/0 concordant.
PCSK5,101,survived,down,3,0,0,Same-tissue replication: 3/3 concordant. Cross-tissue: 0/0 concordant.
PI15,101,eliminated,down,1,1,0,Significant opposite direction in same-tissue dataset(s): ['GSE37364']. Discovery direction: down.
PTPRZ1,101,survived,down,3,0,0,Same-tissue replication: 3/3 concordant. Cross-tissue: 0/0 concordant.
ST8SIA1,101,survived,down,3,0,0,Same-tissue replication: 3/3 concordant. Cross-tissue: 0/0 concordant.
TPSAB1,101,survived,down,3,0,0,Same-tissue replication: 3/3 concordant. Cross-tissue: 0/0 concordant.
ALG13,102,survived,down,3,0,0,Same-tissue replication: 3/3 concordant. Cross-tissue: 0/0 concordant.
ARHGEF12,102,survived,down,3,0,0,Same-tissue replication: 3/3 concordant. Cross-tissue: 0/0 concordant.
CRYBG3,102,survived,down,3,0,0,Same-tissue replication: 3/3 concordant. Cross-tissue: 0/0 concordant.
CYB5A,102,survived,down,2,0,0,Same-tissue replication: 2/3 concordant. Cross-tissue: 0/0 concordant.
DCAF6,102,survived,down,3,0,0,Same-tissue replication: 3/3 concordant. Cross-tissue: 0/0 concordant.
DDX60L,102,survived,down,3,0,0,Same-tissue replication: 3/3 concordant. Cross-tissue: 0/0 concordant.
EGF,102,survived,down,3,0,0,Same-tissue replication: 3/3 concordant. Cross-tissue: 0/0 concordant.
EID1,102,survived,down,1,0,0,Same-tissue replication: 1/3 concordant. Cross-tissue: 0/0 concordant.
FEM1C,102,survived,down,3,0,0,Same-tissue replication: 3/3 concordant. Cross-tissue: 0/0 concordant.
FLII,102,survived,down,3,0,0,Same-tissue replication: 3/3 concordant. Cross-tissue: 0/0 concordant.
KGD4,102,survived,down,3,0,0,Same-tissue replication: 3/3 concordant. Cross-tissue: 0/0 concordant.
MLX,102,survived,down,3,0,0,Same-tissue replication: 3/3 concordant. Cross-tissue: 0/0 concordant.
NDUFB8,102,survived,down,3,0,0,Same-tissue replication: 3/3 concordant. Cross-tissue: 0/0 concordant.
PCLO,102,survived,down,3,0,0,Same-tissue replication: 3/3 concordant. Cross-tissue: 0/0 concordant.
SETD9,102,survived,down,3,0,0,Same-tissue replication: 3/3 concordant. Cross-tissue: 0/0 concordant.
STK17B,102,survived,down,3,0,0,Same-tissue replication: 3/3 concordant. Cross-tissue: 0/0 concordant.
SYNJ1,102,survived,down,3,0,0,Same-tissue replication: 3/3 concordant. Cross-tissue: 0/0 concordant.
TEK,102,survived,down,3,0,0,Same-tissue replication: 3/3 concordant. Cross-tissue: 0/0 concordant.
UBB,102,survived,down,3,0,0,Same-tissue replication: 3/3 concordant. Cross-tissue: 0/0 concordant.
ZNF654,102,survived,down,3,0,0,Same-tissue replication: 3/3 concordant. Cross-tissue: 0/0 concordant.
ACAD8,103,survived,down,2,0,0,Same-tissue replication: 2/3 concordant. Cross-tissue: 0/0 concordant.
ANKRD9,103,survived,down,3,0,0,Same-tissue replication: 3/3 concordant. Cross-tissue: 0/0 concordant.
MED11,103,survived,down,3,0,0,Same-tissue replication: 3/3 concordant. Cross-tissue: 0/0 concordant.
NDUFS4,103,survived,down,3,0,0,Same-tissue replication: 3/3 concordant. Cross-tissue: 0/0 concordant.
OCEL1,103,survived,down,3,0,0,Same-tissue replication: 3/3 concordant. Cross-tissue: 0/0 concordant.
SNX6,103,survived,down,3,0,0,Same-tissue replication: 3/3 concordant. Cross-tissue: 0/0 concordant.
UQCR10,103,survived,down,3,0,0,Same-tissue replication: 3/3 concordant. Cross-tissue: 0/0 concordant.
ZBED11,103,survived,down,3,0,0,Same-tissue replication: 3/3 concordant. Cross-tissue: 0/0 concordant.
ACADM,104,survived,down,3,0,0,Same-tissue replication: 3/3 concordant. Cross-tissue: 0/0 concordant.
ACAT1,104,survived,down,3,0,0,Same-tissue replication: 3/3 concordant. Cross-tissue: 0/0 concordant.
IGSF9,104,survived,down,3,0,0,Same-tissue replication: 3/3 concordant. Cross-tissue: 0/0 concordant.
MIER1,104,survived,down,3,0,0,Same-tissue replication: 3/3 concordant. Cross-tissue: 0/0 concordant.
RERG,104,survived,down,2,0,0,Same-tissue replication: 2/3 concordant. Cross-tissue: 0/0 concordant.
SLC46A3,104,survived,down,3,0,0,Same-tissue replication: 3/3 concordant. Cross-tissue: 0/0 concordant.
SMCHD1,104,survived,down,3,0,0,Same-tissue replication: 3/3 concordant. Cross-tissue: 0/0 concordant.
STX19,104,survived,down,3,0,0,Same-tissue replication: 3/3 concordant. Cross-tissue: 0/0 concordant.
TMPRSS2,104,survived,down,3,0,0,Same-tissue replication: 3/3 concordant. Cross-tissue: 0/0 concordant.
VSIG4,104,survived,down,3,0,0,Same-tissue replication: 3/3 concordant. Cross-tissue: 0/0 concordant.
VWA5A,104,survived,down,3,0,0,Same-tissue replication: 3/3 concordant. Cross-tissue: 0/0 concordant.
ZNF684,104,survived,down,3,0,0,Same-tissue replication: 3/3 concordant. Cross-tissue: 0/0 concordant.
AKR1C1,105,survived,down,3,0,0,Same-tissue replication: 3/3 concordant. Cross-tissue: 0/0 concordant.
ANKRD12,105,survived,down,3,0,0,Same-tissue replication: 3/3 concordant. Cross-tissue: 0/0 concordant.
ANKRD44,105,survived,down,3,0,0,Same-tissue replication: 3/3 concordant. Cross-tissue: 0/0 concordant.
CTSG,105,survived,down,3,0,0,Same-tissue replication: 3/3 concordant. Cross-tissue: 0/0 concordant.
GPD1L,105,survived,down,3,0,0,Same-tissue replication: 3/3 concordant. Cross-tissue: 0/0 concordant.
KCNK10,105,survived,down,3,0,0,Same-tissue replication: 3/3 concordant. Cross-tissue: 0/0 concordant.
LXN,105,survived,down,3,0,0,Same-tissue replication: 3/3 concordant. Cross-tissue: 0/0 concordant.
PLD1,105,survived,down,3,0,0,Same-tissue replication: 3/3 concordant. Cross-tissue: 0/0 concordant.
SOCS6,105,survived,down,3,0,0,Same-tissue replication: 3/3 concordant. Cross-tissue: 0/0 concordant.
ZFP3,105,survived,down,3,0,0,Same-tissue replication: 3/3 concordant. Cross-tissue: 0/0 concordant.
PTPRD,106,survived,down,3,0,0,Same-tissue replication: 3/3 concordant. Cross-tissue: 0/0 concordant.
RIPOR3,106,eliminated,down,2,1,0,Significant opposite direction in same-tissue dataset(s): ['GSE37364']. Discovery direction: down.
ZNF225,106,survived,down,2,0,0,Same-tissue replication: 2/3 concordant. Cross-tissue: 0/0 concordant.
ZNF436,106,eliminated,down,2,1,0,Significant opposite direction in same-tissue dataset(s): ['GSE39582']. Discovery direction: down.
BST1,108,survived,down,2,0,0,Same-tissue replication: 2/3 concordant. Cross-tissue: 0/0 concordant.
BTNL8,108,survived,down,3,0,0,Same-tissue replication: 3/3 concordant. Cross-tissue: 0/0 concordant.
CRYBA2,108,survived,down,3,0,0,Same-tissue replication: 3/3 concordant. Cross-tissue: 0/0 concordant.
DES,108,survived,down,3,0,0,Same-tissue replication: 3/3 concordant. Cross-tissue: 0/0 concordant.
EVI2A,108,survived,down,3,0,0,Same-tissue replication: 3/3 concordant. Cross-tissue: 0/0 concordant.
FDCSP,108,survived,down,3,0,0,Same-tissue replication: 3/3 concordant. Cross-tissue: 0/0 concordant.
FYB1,108,survived,down,3,0,0,Same-tissue replication: 3/3 concordant. Cross-tissue: 0/0 concordant.
GPAT2,108,survived,down,3,0,0,Same-tissue replication: 3/3 concordant. Cross-tissue: 0/0 concordant.
HMGN5,108,survived,down,3,0,0,Same-tissue replication: 3/3 concordant. Cross-tissue: 0/0 concordant.
IGLL5,108,survived,down,3,0,0,Same-tissue replication: 3/3 concordant. Cross-tissue: 0/0 concordant.
MYOCD,108,survived,down,3,0,0,Same-tissue replication: 3/3 concordant. Cross-tissue: 0/0 concordant.
SLC17A8,108,survived,down,3,0,0,Same-tissue replication: 3/3 concordant. Cross-tissue: 0/0 concordant.
SLC60A1,108,survived,down,3,0,0,Same-tissue replication: 3/3 concordant. Cross-tissue: 0/0 concordant.
TIAM1,108,survived,down,3,0,0,Same-tissue replication: 3/3 concordant. Cross-tissue: 0/0 concordant.
TPSB2,108,survived,down,3,0,0,Same-tissue replication: 3/3 concordant. Cross-tissue: 0/0 concordant.
TPSG1,108,survived,down,3,0,0,Same-tissue replication: 3/3 concordant. Cross-tissue: 0/0 concordant.
FCRLA,109,survived,down,3,0,0,Same-tissue replication: 3/3 concordant. Cross-tissue: 0/0 concordant.
FERMT3,109,survived,down,3,0,0,Same-tissue replication: 3/3 concordant. Cross-tissue: 0/0 concordant.
KCNS3,109,survived,down,3,0,0,Same-tissue replication: 3/3 concordant. Cross-tissue: 0/0 concordant.
NEU4,109,survived,down,3,0,0,Same-tissue replication: 3/3 concordant. Cross-tissue: 0/0 concordant.
CCDC69,110,survived,down,3,0,0,Same-tissue replication: 3/3 concordant. Cross-tissue: 0/0 concordant.
CD96,110,survived,down,3,0,0,Same-tissue replication: 3/3 concordant. Cross-tissue: 0/0 concordant.
EPHA3,110,survived,down,3,0,0,Same-tissue replication: 3/3 concordant. Cross-tissue: 0/0 concordant.
FOXF2,110,survived,down,3,0,0,Same-tissue replication: 3/3 concordant. Cross-tissue: 0/0 concordant.
JAML,110,survived,down,3,0,0,Same-tissue replication: 3/3 concordant. Cross-tissue: 0/0 concordant.
MEIS1,110,survived,down,2,0,0,Same-tissue replication: 2/3 concordant. Cross-tissue: 0/0 concordant.
PKHD1L1,110,survived,down,3,0,0,Same-tissue replication: 3/3 concordant. Cross-tissue: 0/0 concordant.
SLIT2,110,survived,down,3,0,0,Same-tissue replication: 3/3 concordant. Cross-tissue: 0/0 concordant.
SPMIP4,110,survived,down,3,0,0,Same-tissue replication: 3/3 concordant. Cross-tissue: 0/0 concordant.
TSLP,110,survived,down,3,0,0,Same-tissue replication: 3/3 concordant. Cross-tissue: 0/0 concordant.
ACKR1,111,survived,down,2,0,0,Same-tissue replication: 2/3 concordant. Cross-tissue: 0/0 concordant.
ADRA2A,111,survived,down,3,0,0,Same-tissue replication: 3/3 concordant. Cross-tissue: 0/0 concordant.
BBIP1,111,survived,down,3,0,0,Same-tissue replication: 3/3 concordant. Cross-tissue: 0/0 concordant.
CD1D,111,survived,down,3,0,0,Same-tissue replication: 3/3 concordant. Cross-tissue: 0/0 concordant.
CR2,111,survived,down,3,0,0,Same-tissue replication: 3/3 concordant. Cross-tissue: 0/0 concordant.
FOXP2,111,survived,down,3,0,0,Same-tissue replication: 3/3 concordant. Cross-tissue: 0/0 concordant.
MT1G,111,survived,down,3,0,0,Same-tissue replication: 3/3 concordant. Cross-tissue: 0/0 concordant.
P3H2,111,eliminated,down,2,1,0,Significant opposite direction in same-tissue dataset(s): ['GSE32323']. Discovery direction: down.
POU2AF1,111,survived,down,3,0,0,Same-tissue replication: 3/3 concordant. Cross-tissue: 0/0 concordant.
SLC16A9,111,survived,down,3,0,0,Same-tissue replication: 3/3 concordant. Cross-tissue: 0/0 concordant.
HACD4,112,survived,down,3,0,0,Same-tissue replication: 3/3 concordant. Cross-tissue: 0/0 concordant.
HSD17B6,112,survived,down,3,0,0,Same-tissue replication: 3/3 concordant. Cross-tissue: 0/0 concordant.
KCNT2,112,survived,down,3,0,0,Same-tissue replication: 3/3 concordant. Cross-tissue: 0/0 concordant.
MGLL,112,survived,down,3,0,0,Same-tissue replication: 3/3 concordant. Cross-tissue: 0/0 concordant.
MPND,112,survived,down,3,0,0,Same-tissue replication: 3/3 concordant. Cross-tissue: 0/0 concordant.
MS4A2,112,survived,down,2,0,0,Same-tissue replication: 2/3 concordant. Cross-tissue: 0/0 concordant.
NR1H3,112,survived,down,3,0,0,Same-tissue replication: 3/3 concordant. Cross-tissue: 0/0 concordant.
PIERCE2,112,survived,down,3,0,0,Same-tissue replication: 3/3 concordant. Cross-tissue: 0/0 concordant.
SMPD3,112,survived,down,3,0,0,Same-tissue replication: 3/3 concordant. Cross-tissue: 0/0 concordant.
STAP2,112,survived,down,3,0,0,Same-tissue replication: 3/3 concordant. Cross-tissue: 0/0 concordant.
TMEM45B,112,survived,down,3,0,0,Same-tissue replication: 3/3 concordant. Cross-tissue: 0/0 concordant.
TP53I3,112,survived,down,3,0,0,Same-tissue replication: 3/3 concordant. Cross-tissue: 0/0 concordant.
COLEC12,113,survived,down,3,0,0,Same-tissue replication: 3/3 concordant. Cross-tissue: 0/0 concordant.
DOCK10,113,survived,down,3,0,0,Same-tissue replication: 3/3 concordant. Cross-tissue: 0/0 concordant.
ENTREP2,113,survived,down,3,0,0,Same-tissue replication: 3/3 concordant. Cross-tissue: 0/0 concordant.
GPR18,113,survived,down,3,0,0,Same-tissue replication: 3/3 concordant. Cross-tissue: 0/0 concordant.
PIGZ,113,survived,down,3,0,0,Same-tissue replication: 3/3 concordant. Cross-tissue: 0/0 concordant.
SETBP1,113,survived,down,3,0,0,Same-tissue replication: 3/3 concordant. Cross-tissue: 0/0 concordant.
ISL1,114,survived,down,2,0,0,Same-tissue replication: 2/3 concordant. Cross-tissue: 0/0 concordant.
PNOC,114,survived,down,3,0,0,Same-tissue replication: 3/3 concordant. Cross-tissue: 0/0 concordant.
SEMA3G,114,survived,down,3,0,0,Same-tissue replication: 3/3 concordant. Cross-tissue: 0/0 concordant.
TRIM40,114,survived,down,3,0,0,Same-tissue replication: 3/3 concordant. Cross-tissue: 0/0 concordant.
NDNF,116,survived,down,3,0,0,Same-tissue replication: 3/3 concordant. Cross-tissue: 0/0 concordant.
ROPN1B,116,survived,down,3,0,0,Same-tissue replication: 3/3 concordant. Cross-tissue: 0/0 concordant.
ZNF662,116,survived,down,3,0,0,Same-tissue replication: 3/3 concordant. Cross-tissue: 0/0 concordant.
B3GALT2,118,survived,down,3,0,0,Same-tissue replication: 3/3 concordant. Cross-tissue: 0/0 concordant.
BMAL1,118,survived,down,3,0,0,Same-tissue replication: 3/3 concordant. Cross-tissue: 0/0 concordant.
GUCD1,118,survived,down,3,0,0,Same-tissue replication: 3/3 concordant. Cross-tissue: 0/0 concordant.
IFIT1,118,survived,down,2,0,0,Same-tissue replication: 2/3 concordant. Cross-tissue: 0/0 concordant.
ING4,118,survived,down,2,0,0,Same-tissue replication: 2/3 concordant. Cross-tissue: 0/0 concordant.
RAB3B,118,survived,down,3,0,0,Same-tissue replication: 3/3 concordant. Cross-tissue: 0/0 concordant.
ST8SIA4,118,survived,down,3,0,0,Same-tissue replication: 3/3 concordant. Cross-tissue: 0/0 concordant.
LPIN2,119,survived,down,3,0,0,Same-tissue replication: 3/3 concordant. Cross-tissue: 0/0 concordant.
NBL1,119,survived,down,3,0,0,Same-tissue replication: 3/3 concordant. Cross-tissue: 0/0 concordant.
SMIM12,119,survived,down,3,0,0,Same-tissue replication: 3/3 concordant. Cross-tissue: 0/0 concordant.
TRIM52,119,survived,down,3,0,0,Same-tissue replication: 3/3 concordant. Cross-tissue: 0/0 concordant.
ADRA1A,120,survived,down,3,0,0,Same-tissue replication: 3/3 concordant. Cross-tissue: 0/0 concordant.
HOXA6,120,survived,down,1,0,0,Same-tissue replication: 1/3 concordant. Cross-tissue: 0/0 concordant.
MPZ,120,eliminated,down,1,1,0,Significant opposite direction in same-tissue dataset(s): ['GSE39582']. Discovery direction: down.
TMEM44,120,survived,down,3,0,0,Same-tissue replication: 3/3 concordant. Cross-tissue: 0/0 concordant.
CITED4,122,survived,up,3,0,0,Same-tissue replication: 3/3 concordant. Cross-tissue: 0/0 concordant.
FCRLB,122,survived,up,3,0,0,Same-tissue replication: 3/3 concordant. Cross-tissue: 0/0 concordant.
OBSCN,122,survived,up,0,0,0,Same-tissue replication: 0/3 concordant. Cross-tissue: 0/0 concordant.
RAD51C,122,survived,up,3,0,0,Same-tissue replication: 3/3 concordant. Cross-tissue: 0/0 concordant.
SERPINA10,122,survived,up,2,0,0,Same-tissue replication: 2/3 concordant. Cross-tissue: 0/0 concordant.
STX1A,122,survived,up,3,0,0,Same-tissue replication: 3/3 concordant. Cross-tissue: 0/0 concordant.
CUL7,123,survived,up,3,0,0,Same-tissue replication: 3/3 concordant. Cross-tissue: 0/0 concordant.
MYBBP1A,123,survived,up,2,0,0,Same-tissue replication: 2/3 concordant. Cross-tissue: 0/0 concordant.
SAFB,123,survived,up,2,0,0,Same-tissue replication: 2/3 concordant. Cross-tissue: 0/0 concordant.
SFPQ,123,survived,up,3,0,0,Same-tissue replication: 3/3 concordant. Cross-tissue: 0/0 concordant.
ZNF384,123,survived,up,3,0,0,Same-tissue replication: 3/3 concordant. Cross-tissue: 0/0 concordant.
AP3D1,124,eliminated,up,2,1,0,Significant opposite direction in same-tissue dataset(s): ['GSE32323']. Discovery direction: up.
ARHGEF39,124,survived,up,3,0,0,Same-tissue replication: 3/3 concordant. Cross-tissue: 0/0 concordant.
ARPC5L,124,eliminated,up,2,1,0,Significant opposite direction in same-tissue dataset(s): ['GSE32323']. Discovery direction: up.
C1orf174,124,survived,up,3,0,0,Same-tissue replication: 3/3 concordant. Cross-tissue: 0/0 concordant.
FAM156B,124,survived,up,3,0,0,Same-tissue replication: 3/3 concordant. Cross-tissue: 0/0 concordant.
GPR35,124,survived,up,3,0,0,Same-tissue replication: 3/3 concordant. Cross-tissue: 0/0 concordant.
JARID2,124,survived,up,3,0,0,Same-tissue replication: 3/3 concordant. Cross-tissue: 0/0 concordant.
PHF8,124,survived,up,3,0,0,Same-tissue replication: 3/3 concordant. Cross-tissue: 0/0 concordant.
POLE,124,survived,up,2,0,0,Same-tissue replication: 2/3 concordant. Cross-tissue: 0/0 concordant.
RAD21,124,survived,up,3,0,0,Same-tissue replication: 3/3 concordant. Cross-tissue: 0/0 concordant.
RUSF1,124,survived,up,3,0,0,Same-tissue replication: 3/3 concordant. Cross-tissue: 0/0 concordant.
KIAA1958,125,survived,up,3,0,0,Same-tissue replication: 3/3 concordant. Cross-tissue: 0/0 concordant.
PDIA6,125,survived,up,3,0,0,Same-tissue replication: 3/3 concordant. Cross-tissue: 0/0 concordant.
PUSL1,125,survived,up,2,0,0,Same-tissue replication: 2/3 concordant. Cross-tissue: 0/0 concordant.
RNF39,125,survived,up,3,0,0,Same-tissue replication: 3/3 concordant. Cross-tissue: 0/0 concordant.
TIMM10,125,survived,up,3,0,0,Same-tissue replication: 3/3 concordant. Cross-tissue: 0/0 concordant.
TYMP,125,survived,up,2,0,0,Same-tissue replication: 2/3 concordant. Cross-tissue: 0/0 concordant.
ABCB11,126,survived,down,3,0,0,Same-tissue replication: 3/3 concordant. Cross-tissue: 0/0 concordant.
EGLN3,126,survived,down,3,0,0,Same-tissue replication: 3/3 concordant. Cross-tissue: 0/0 concordant.
EIF4E3,126,survived,down,3,0,0,Same-tissue replication: 3/3 concordant. Cross-tissue: 0/0 concordant.
ENPP2,126,survived,down,3,0,0,Same-tissue replication: 3/3 concordant. Cross-tissue: 0/0 concordant.
FOXA1,126,survived,down,3,0,0,Same-tissue replication: 3/3 concordant. Cross-tissue: 0/0 concordant.
PPP1R36,126,survived,down,3,0,0,Same-tissue replication: 3/3 concordant. Cross-tissue: 0/0 concordant.
RARRES1,126,survived,down,2,0,0,Same-tissue replication: 2/3 concordant. Cross-tissue: 0/0 concordant.
RELL1,126,survived,down,3,0,0,Same-tissue replication: 3/3 concordant. Cross-tissue: 0/0 concordant.
SLCO4C1,126,survived,down,3,0,0,Same-tissue replication: 3/3 concordant. Cross-tissue: 0/0 concordant.
ZZEF1,126,survived,down,3,0,0,Same-tissue replication: 3/3 concordant. Cross-tissue: 0/0 concordant.
AP1AR,128,survived,down,2,0,0,Same-tissue replication: 2/3 concordant. Cross-tissue: 0/0 concordant.
CEP85L,128,survived,down,3,0,0,Same-tissue replication: 3/3 concordant. Cross-tissue: 0/0 concordant.
CYP2J2,128,survived,down,3,0,0,Same-tissue replication: 3/3 concordant. Cross-tissue: 0/0 concordant.
ELAC1,128,survived,down,2,0,0,Same-tissue replication: 2/3 concordant. Cross-tissue: 0/0 concordant.
FLNB,128,survived,down,3,0,0,Same-tissue replication: 3/3 concordant. Cross-tissue: 0/0 concordant.
IDNK,128,survived,down,3,0,0,Same-tissue replication: 3/3 concordant. Cross-tissue: 0/0 concordant.
MYL12A,128,survived,down,3,0,0,Same-tissue replication: 3/3 concordant. Cross-tissue: 0/0 concordant.
NDUFS2,128,survived,down,3,0,0,Same-tissue replication: 3/3 concordant. Cross-tissue: 0/0 concordant.
OPN3,128,survived,down,3,0,0,Same-tissue replication: 3/3 concordant. Cross-tissue: 0/0 concordant.
PTPRF,128,survived,down,3,0,0,Same-tissue replication: 3/3 concordant. Cross-tissue: 0/0 concordant.
SPECC1L,128,survived,down,3,0,0,Same-tissue replication: 3/3 concordant. Cross-tissue: 0/0 concordant.
TRIM25,128,survived,down,3,0,0,Same-tissue replication: 3/3 concordant. Cross-tissue: 0/0 concordant.
ATP5PO,129,survived,down,3,0,0,Same-tissue replication: 3/3 concordant. Cross-tissue: 0/0 concordant.
CGRRF1,129,survived,down,3,0,0,Same-tissue replication: 3/3 concordant. Cross-tissue: 0/0 concordant.
FAM120AOS,129,survived,down,3,0,0,Same-tissue replication: 3/3 concordant. Cross-tissue: 0/0 concordant.
NMRK1,129,survived,down,3,0,0,Same-tissue replication: 3/3 concordant. Cross-tissue: 0/0 concordant.
NRIP1,129,survived,down,3,0,0,Same-tissue replication: 3/3 concordant. Cross-tissue: 0/0 concordant.
SHOC2,129,survived,down,3,0,0,Same-tissue replication: 3/3 concordant. Cross-tissue: 0/0 concordant.
UBL3,129,survived,down,3,0,0,Same-tissue replication: 3/3 concordant. Cross-tissue: 0/0 concordant.
ADAT1,130,survived,up,3,0,0,Same-tissue replication: 3/3 concordant. Cross-tissue: 0/0 concordant.
CCDC134,130,survived,up,3,0,0,Same-tissue replication: 3/3 concordant. Cross-tissue: 0/0 concordant.
CXorf38,130,survived,up,2,0,0,Same-tissue replication: 2/3 concordant. Cross-tissue: 0/0 concordant.
FAT1,130,survived,up,3,0,0,Same-tissue replication: 3/3 concordant. Cross-tissue: 0/0 concordant.
FKBP11,130,survived,up,3,0,0,Same-tissue replication: 3/3 concordant. Cross-tissue: 0/0 concordant.
GRK3,130,survived,up,3,0,0,Same-tissue replication: 3/3 concordant. Cross-tissue: 0/0 concordant.
MKX,130,survived,up,3,0,0,Same-tissue replication: 3/3 concordant. Cross-tissue: 0/0 concordant.
NOMO3,130,survived,up,3,0,0,Same-tissue replication: 3/3 concordant. Cross-tissue: 0/0 concordant.
NOTUM,130,survived,up,3,0,0,Same-tissue replication: 3/3 concordant. Cross-tissue: 0/0 concordant.
ORM2,130,survived,up,3,0,0,Same-tissue replication: 3/3 concordant. Cross-tissue: 0/0 concordant.
OXGR1,130,survived,up,3,0,0,Same-tissue replication: 3/3 concordant. Cross-tissue: 0/0 concordant.
SPIRE1,130,survived,up,3,0,0,Same-tissue replication: 3/3 concordant. Cross-tissue: 0/0 concordant.
TMEM74B,130,survived,up,3,0,0,Same-tissue replication: 3/3 concordant. Cross-tissue: 0/0 concordant.
COL4A5,131,survived,down,3,0,0,Same-tissue replication: 3/3 concordant. Cross-tissue: 0/0 concordant.
CYP2C18,131,survived,down,3,0,0,Same-tissue replication: 3/3 concordant. Cross-tissue: 0/0 concordant.
EPHA7,131,survived,down,3,0,0,Same-tissue replication: 3/3 concordant. Cross-tissue: 0/0 concordant.
KCTD4,131,survived,down,3,0,0,Same-tissue replication: 3/3 concordant. Cross-tissue: 0/0 concordant.
MYLK,131,survived,down,3,0,0,Same-tissue replication: 3/3 concordant. Cross-tissue: 0/0 concordant.
RBM24,131,survived,down,3,0,0,Same-tissue replication: 3/3 concordant. Cross-tissue: 0/0 concordant.
RFX6,131,survived,down,3,0,0,Same-tissue replication: 3/3 concordant. Cross-tissue: 0/0 concordant.
THEMIS,131,survived,down,3,0,0,Same-tissue replication: 3/3 concordant. Cross-tissue: 0/0 concordant.
KLF8,132,survived,down,3,0,0,Same-tissue replication: 3/3 concordant. Cross-tissue: 0/0 concordant.
MESP1,132,survived,down,3,0,0,Same-tissue replication: 3/3 concordant. Cross-tissue: 0/0 concordant.
RDX,132,survived,down,1,0,0,Same-tissue replication: 1/3 concordant. Cross-tissue: 0/0 concordant.
RNF186,132,survived,down,3,0,0,Same-tissue replication: 3/3 concordant. Cross-tissue: 0/0 concordant.
SPATS2L,132,survived,down,3,0,0,Same-tissue replication: 3/3 concordant. Cross-tissue: 0/0 concordant.
TNXB,132,survived,down,3,0,0,Same-tissue replication: 3/3 concordant. Cross-tissue: 0/0 concordant.
ADORA2B,133,eliminated,up,0,3,0,"Significant opposite direction in same-tissue dataset(s): ['GSE32323', 'GSE37364', 'GSE39582']. Discovery direction: up."
ANAPC10,133,survived,up,3,0,0,Same-tissue replication: 3/3 concordant. Cross-tissue: 0/0 concordant.
API5,133,survived,up,3,0,0,Same-tissue replication: 3/3 concordant. Cross-tissue: 0/0 concordant.
CPSF7,133,survived,up,1,0,0,Same-tissue replication: 1/3 concordant. Cross-tissue: 0/0 concordant.
DDX19A,133,survived,up,2,0,0,Same-tissue replication: 2/3 concordant. Cross-tissue: 0/0 concordant.
RB1CC1,133,survived,up,3,0,0,Same-tissue replication: 3/3 concordant. Cross-tissue: 0/0 concordant.
USP10,133,survived,up,3,0,0,Same-tissue replication: 3/3 concordant. Cross-tissue: 0/0 concordant.
ZNF830,133,survived,up,3,0,0,Same-tissue replication: 3/3 concordant. Cross-tissue: 0/0 concordant.
ARHGEF9,134,survived,down,3,0,0,Same-tissue replication: 3/3 concordant. Cross-tissue: 0/0 concordant.
CAPN2,134,survived,down,3,0,0,Same-tissue replication: 3/3 concordant. Cross-tissue: 0/0 concordant.
CRADD,134,survived,down,3,0,0,Same-tissue replication: 3/3 concordant. Cross-tissue: 0/0 concordant.
DHDDS,134,survived,down,3,0,0,Same-tissue replication: 3/3 concordant. Cross-tissue: 0/0 concordant.
ECH1,134,survived,down,3,0,0,Same-tissue replication: 3/3 concordant. Cross-tissue: 0/0 concordant.
HMGCL,134,survived,down,3,0,0,Same-tissue replication: 3/3 concordant. Cross-tissue: 0/0 concordant.
MTMR10,134,survived,down,3,0,0,Same-tissue replication: 3/3 concordant. Cross-tissue: 0/0 concordant.
NUDT16,134,survived,down,3,0,0,Same-tissue replication: 3/3 concordant. Cross-tissue: 0/0 concordant.
TSPAN3,134,survived,down,3,0,0,Same-tissue replication: 3/3 concordant. Cross-tissue: 0/0 concordant.
ADGRA3,135,survived,down,3,0,0,Same-tissue replication: 3/3 concordant. Cross-tissue: 0/0 concordant.
AHRR,135,survived,down,3,0,0,Same-tissue replication: 3/3 concordant. Cross-tissue: 0/0 concordant.
ALAD,135,survived,down,3,0,0,Same-tissue replication: 3/3 concordant. Cross-tissue: 0/0 concordant.
ATP6V0D1,135,survived,down,3,0,0,Same-tissue replication: 3/3 concordant. Cross-tissue: 0/0 concordant.
CALML4,135,survived,down,3,0,0,Same-tissue replication: 3/3 concordant. Cross-tissue: 0/0 concordant.
PLPP3,135,survived,down,3,0,0,Same-tissue replication: 3/3 concordant. Cross-tissue: 0/0 concordant.
TESK2,135,survived,down,3,0,0,Same-tissue replication: 3/3 concordant. Cross-tissue: 0/0 concordant.
VAMP8,135,survived,down,3,0,0,Same-tissue replication: 3/3 concordant. Cross-tissue: 0/0 concordant.
ALG8,136,survived,up,3,0,0,Same-tissue replication: 3/3 concordant. Cross-tissue: 0/0 concordant.
CELSR2,136,survived,up,3,0,0,Same-tissue replication: 3/3 concordant. Cross-tissue: 0/0 concordant.
CHML,136,survived,up,3,0,0,Same-tissue replication: 3/3 concordant. Cross-tissue: 0/0 concordant.
DPCD,136,survived,up,3,0,0,Same-tissue replication: 3/3 concordant. Cross-tissue: 0/0 concordant.
EDAR,136,survived,up,3,0,0,Same-tissue replication: 3/3 concordant. Cross-tissue: 0/0 concordant.
GCN1,136,survived,up,3,0,0,Same-tissue replication: 3/3 concordant. Cross-tissue: 0/0 concordant.
GPX1,136,survived,up,3,0,0,Same-tissue replication: 3/3 concordant. Cross-tissue: 0/0 concordant.
HPS3,136,survived,up,3,0,0,Same-tissue replication: 3/3 concordant. Cross-tissue: 0/0 concordant.
INTS1,136,survived,up,2,0,0,Same-tissue replication: 2/3 concordant. Cross-tissue: 0/0 concordant.
MARK4,136,survived,up,2,0,0,Same-tissue replication: 2/3 concordant. Cross-tissue: 0/0 concordant.
METTL22,136,survived,up,3,0,0,Same-tissue replication: 3/3 concordant. Cross-tissue: 0/0 concordant.
NAE1,136,survived,up,3,0,0,Same-tissue replication: 3/3 concordant. Cross-tissue: 0/0 concordant.
NAF1,136,survived,up,3,0,0,Same-tissue replication: 3/3 concordant. Cross-tissue: 0/0 concordant.
RPUSD4,136,survived,up,3,0,0,Same-tissue replication: 3/3 concordant. Cross-tissue: 0/0 concordant.
SCRIB,136,survived,up,3,0,0,Same-tissue replication: 3/3 concordant. Cross-tissue: 0/0 concordant.
TBCD,136,survived,up,3,0,0,Same-tissue replication: 3/3 concordant. Cross-tissue: 0/0 concordant.
TNFRSF10A,136,survived,up,3,0,0,Same-tissue replication: 3/3 concordant. Cross-tissue: 0/0 concordant.
CEP78,137,survived,up,3,0,0,Same-tissue replication: 3/3 concordant. Cross-tissue: 0/0 concordant.
CSTF2,137,survived,up,3,0,0,Same-tissue replication: 3/3 concordant. Cross-tissue: 0/0 concordant.
DDX54,137,survived,up,3,0,0,Same-tissue replication: 3/3 concordant. Cross-tissue: 0/0 concordant.
MARCHF9,137,survived,up,3,0,0,Same-tissue replication: 3/3 concordant. Cross-tissue: 0/0 concordant.
NEK4,137,survived,up,3,0,0,Same-tissue replication: 3/3 concordant. Cross-tissue: 0/0 concordant.
POLRMT,137,survived,up,3,0,0,Same-tissue replication: 3/3 concordant. Cross-tissue: 0/0 concordant.
SCML2,137,survived,up,3,0,0,Same-tissue replication: 3/3 concordant. Cross-tissue: 0/0 concordant.
TFE3,137,survived,up,2,0,0,Same-tissue replication: 2/3 concordant. Cross-tissue: 0/0 concordant.
ARPC1B,138,survived,up,2,0,0,Same-tissue replication: 2/3 concordant. Cross-tissue: 0/0 concordant.
ATG101,138,survived,up,3,0,0,Same-tissue replication: 3/3 concordant. Cross-tissue: 0/0 concordant.
GMEB2,138,survived,up,3,0,0,Same-tissue replication: 3/3 concordant. Cross-tissue: 0/0 concordant.
PSMC4,138,eliminated,up,2,1,0,Significant opposite direction in same-tissue dataset(s): ['GSE32323']. Discovery direction: up.
RCC1L,138,survived,up,3,0,0,Same-tissue replication: 3/3 concordant. Cross-tissue: 0/0 concordant.
CCN4,139,survived,up,2,0,0,Same-tissue replication: 2/3 concordant. Cross-tissue: 0/0 concordant.
CDC25B,139,survived,up,3,0,0,Same-tissue replication: 3/3 concordant. Cross-tissue: 0/0 concordant.
CXCL11,139,survived,up,3,0,0,Same-tissue replication: 3/3 concordant. Cross-tissue: 0/0 concordant.
PHLDA1,139,survived,up,3,0,0,Same-tissue replication: 3/3 concordant. Cross-tissue: 0/0 concordant.
RNF43,139,survived,up,3,0,0,Same-tissue replication: 3/3 concordant. Cross-tissue: 0/0 concordant.
SLCO1B3,139,survived,up,3,0,0,Same-tissue replication: 3/3 concordant. Cross-tissue: 0/0 concordant.
SULF1,139,survived,up,3,0,0,Same-tissue replication: 3/3 concordant. Cross-tissue: 0/0 concordant.
TEAD4,139,survived,up,3,0,0,Same-tissue replication: 3/3 concordant. Cross-tissue: 0/0 concordant.
TMEM158,139,survived,up,3,0,0,Same-tissue replication: 3/3 concordant. Cross-tissue: 0/0 concordant.
TNFRSF12A,139,survived,up,3,0,0,Same-tissue replication: 3/3 concordant. Cross-tissue: 0/0 concordant.
MTMR12,141,survived,up,3,0,0,Same-tissue replication: 3/3 concordant. Cross-tissue: 0/0 concordant.
RTN2,141,survived,up,2,0,0,Same-tissue replication: 2/3 concordant. Cross-tissue: 0/0 concordant.
ZNF497,141,survived,up,3,0,0,Same-tissue replication: 3/3 concordant. Cross-tissue: 0/0 concordant.
C2,142,survived,up,3,0,0,Same-tissue replication: 3/3 concordant. Cross-tissue: 0/0 concordant.
CADPS,142,survived,up,3,0,0,Same-tissue replication: 3/3 concordant. Cross-tissue: 0/0 concordant.
F2RL2,142,survived,up,3,0,0,Same-tissue replication: 3/3 concordant. Cross-tissue: 0/0 concordant.
LRP8,142,survived,up,3,0,0,Same-tissue replication: 3/3 concordant. Cross-tissue: 0/0 concordant.
RFC3,142,survived,up,3,0,0,Same-tissue replication: 3/3 concordant. Cross-tissue: 0/0 concordant.
SOX9,142,survived,up,3,0,0,Same-tissue replication: 3/3 concordant. Cross-tissue: 0/0 concordant.
STC1,142,survived,up,3,0,0,Same-tissue replication: 3/3 concordant. Cross-tissue: 0/0 concordant.
CEP55,143,survived,up,3,0,0,Same-tissue replication: 3/3 concordant. Cross-tissue: 0/0 concordant.
DSCC1,143,survived,up,3,0,0,Same-tissue replication: 3/3 concordant. Cross-tissue: 0/0 concordant.
JADE3,143,survived,up,3,0,0,Same-tissue replication: 3/3 concordant. Cross-tissue: 0/0 concordant.
RAD54B,143,survived,up,3,0,0,Same-tissue replication: 3/3 concordant. Cross-tissue: 0/0 concordant.
SIM2,143,survived,up,3,0,0,Same-tissue replication: 3/3 concordant. Cross-tissue: 0/0 concordant.
SLC39A10,143,survived,up,3,0,0,Same-tissue replication: 3/3 concordant. Cross-tissue: 0/0 concordant.
SLC5A6,143,survived,up,3,0,0,Same-tissue replication: 3/3 concordant. Cross-tissue: 0/0 concordant.
WT1,143,survived,up,3,0,0,Same-tissue replication: 3/3 concordant. Cross-tissue: 0/0 concordant.
CA12,145,survived,down,3,0,0,Same-tissue replication: 3/3 concordant. Cross-tissue: 0/0 concordant.
CDHR5,145,survived,down,3,0,0,Same-tissue replication: 3/3 concordant. Cross-tissue: 0/0 concordant.
CHST5,145,survived,down,3,0,0,Same-tissue replication: 3/3 concordant. Cross-tissue: 0/0 concordant.
FGFR2,145,survived,down,3,0,0,Same-tissue replication: 3/3 concordant. Cross-tissue: 0/0 concordant.
MT1H,145,survived,down,3,0,0,Same-tissue replication: 3/3 concordant. Cross-tissue: 0/0 concordant.
MUC2,145,survived,down,3,0,0,Same-tissue replication: 3/3 concordant. Cross-tissue: 0/0 concordant.
PGM5,145,survived,down,3,0,0,Same-tissue replication: 3/3 concordant. Cross-tissue: 0/0 concordant.
SULT1B1,145,survived,down,3,0,0,Same-tissue replication: 3/3 concordant. Cross-tissue: 0/0 concordant.
TMEM220,145,survived,down,3,0,0,Same-tissue replication: 3/3 concordant. Cross-tissue: 0/0 concordant.
ACAA1,146,survived,down,3,0,0,Same-tissue replication: 3/3 concordant. Cross-tissue: 0/0 concordant.
CERK,146,survived,down,3,0,0,Same-tissue replication: 3/3 concordant. Cross-tissue: 0/0 concordant.
CHMP2A,146,survived,down,3,0,0,Same-tissue replication: 3/3 concordant. Cross-tissue: 0/0 concordant.
GPRASP1,146,survived,down,3,0,0,Same-tissue replication: 3/3 concordant. Cross-tissue: 0/0 concordant.
ID3,146,survived,down,3,0,0,Same-tissue replication: 3/3 concordant. Cross-tissue: 0/0 concordant.
IL10RA,146,survived,down,3,0,0,Same-tissue replication: 3/3 concordant. Cross-tissue: 0/0 concordant.
KAT6B,146,survived,down,3,0,0,Same-tissue replication: 3/3 concordant. Cross-tissue: 0/0 concordant.
PINK1,146,survived,down,3,0,0,Same-tissue replication: 3/3 concordant. Cross-tissue: 0/0 concordant.
RIPK3,146,survived,down,3,0,0,Same-tissue replication: 3/3 concordant. Cross-tissue: 0/0 concordant.
SLC31A2,146,survived,down,3,0,0,Same-tissue replication: 3/3 concordant. Cross-tissue: 0/0 concordant.
CCL5,147,survived,down,3,0,0,Same-tissue replication: 3/3 concordant. Cross-tissue: 0/0 concordant.
CD27,147,survived,down,3,0,0,Same-tissue replication: 3/3 concordant. Cross-tissue: 0/0 concordant.
CIDEC,147,survived,down,3,0,0,Same-tissue replication: 3/3 concordant. Cross-tissue: 0/0 concordant.
CLIC6,147,survived,down,3,0,0,Same-tissue replication: 3/3 concordant. Cross-tissue: 0/0 concordant.
DOCK2,147,survived,down,3,0,0,Same-tissue replication: 3/3 concordant. Cross-tissue: 0/0 concordant.
EVI2B,147,survived,down,3,0,0,Same-tissue replication: 3/3 concordant. Cross-tissue: 0/0 concordant.
SLAMF7,147,survived,down,3,0,0,Same-tissue replication: 3/3 concordant. Cross-tissue: 0/0 concordant.
C12orf57,148,survived,down,2,0,0,Same-tissue replication: 2/3 concordant. Cross-tissue: 0/0 concordant.
FLVCR2,148,survived,down,3,0,0,Same-tissue replication: 3/3 concordant. Cross-tissue: 0/0 concordant.
HMOX1,148,survived,down,3,0,0,Same-tissue replication: 3/3 concordant. Cross-tissue: 0/0 concordant.
MS4A6A,148,survived,down,3,0,0,Same-tissue replication: 3/3 concordant. Cross-tissue: 0/0 concordant.
PPP1R12B,148,survived,down,3,0,0,Same-tissue replication: 3/3 concordant. Cross-tissue: 0/0 concordant.
SLC36A1,148,survived,down,3,0,0,Same-tissue replication: 3/3 concordant. Cross-tissue: 0/0 concordant.
CIPC,149,survived,down,3,0,0,Same-tissue replication: 3/3 concordant. Cross-tissue: 0/0 concordant.
MS4A7,149,survived,down,3,0,0,Same-tissue replication: 3/3 concordant. Cross-tissue: 0/0 concordant.
PEX26,149,survived,down,3,0,0,Same-tissue replication: 3/3 concordant. Cross-tissue: 0/0 concordant.
PLCG2,149,survived,down,3,0,0,Same-tissue replication: 3/3 concordant. Cross-tissue: 0/0 concordant.
PREX2,149,survived,down,2,0,0,Same-tissue replication: 2/3 concordant. Cross-tissue: 0/0 concordant.
RCSD1,149,survived,down,3,0,0,Same-tissue replication: 3/3 concordant. Cross-tissue: 0/0 concordant.
SCN4B,149,survived,down,3,0,0,Same-tissue replication: 3/3 concordant. Cross-tissue: 0/0 concordant.
SEMA3E,149,survived,down,3,0,0,Same-tissue replication: 3/3 concordant. Cross-tissue: 0/0 concordant.
AHCYL2,150,survived,down,3,0,0,Same-tissue replication: 3/3 concordant. Cross-tissue: 0/0 concordant.
C11orf86,150,survived,down,3,0,0,Same-tissue replication: 3/3 concordant. Cross-tissue: 0/0 concordant.
F13A1,150,survived,down,3,0,0,Same-tissue replication: 3/3 concordant. Cross-tissue: 0/0 concordant.
GPR15LG,150,survived,down,3,0,0,Same-tissue replication: 3/3 concordant. Cross-tissue: 0/0 concordant.
HSD11B2,150,survived,down,3,0,0,Same-tissue replication: 3/3 concordant. Cross-tissue: 0/0 concordant.
XKR4,150,survived,down,3,0,0,Same-tissue replication: 3/3 concordant. Cross-tissue: 0/0 concordant.
AFF3,151,survived,down,3,0,0,Same-tissue replication: 3/3 concordant. Cross-tissue: 0/0 concordant.
ALKAL2,151,survived,down,3,0,0,Same-tissue replication: 3/3 concordant. Cross-tissue: 0/0 concordant.
DPT,151,survived,down,3,0,0,Same-tissue replication: 3/3 concordant. Cross-tissue: 0/0 concordant.
FGL2,151,survived,down,3,0,0,Same-tissue replication: 3/3 concordant. Cross-tissue: 0/0 concordant.
GREM2,151,survived,down,3,0,0,Same-tissue replication: 3/3 concordant. Cross-tissue: 0/0 concordant.
GSTA1,151,survived,down,2,0,0,Same-tissue replication: 2/3 concordant. Cross-tissue: 0/0 concordant.
MUC4,151,survived,down,3,0,0,Same-tissue replication: 3/3 concordant. Cross-tissue: 0/0 concordant.
PDK4,151,survived,down,3,0,0,Same-tissue replication: 3/3 concordant. Cross-tissue: 0/0 concordant.
TMEM171,151,survived,down,3,0,0,Same-tissue replication: 3/3 concordant. Cross-tissue: 0/0 concordant.
ATP1A2,152,survived,down,3,0,0,Same-tissue replication: 3/3 concordant. Cross-tissue: 0/0 concordant.
BTNL3,152,survived,down,3,0,0,Same-tissue replication: 3/3 concordant. Cross-tissue: 0/0 concordant.
CCDC68,152,survived,down,3,0,0,Same-tissue replication: 3/3 concordant. Cross-tissue: 0/0 concordant.
ENTPD5,152,survived,down,3,0,0,Same-tissue replication: 3/3 concordant. Cross-tissue: 0/0 concordant.
GCNT3,152,survived,down,3,0,0,Same-tissue replication: 3/3 concordant. Cross-tissue: 0/0 concordant.
ISX,152,survived,down,3,0,0,Same-tissue replication: 3/3 concordant. Cross-tissue: 0/0 concordant.
ITM2A,152,survived,down,3,0,0,Same-tissue replication: 3/3 concordant. Cross-tissue: 0/0 concordant.
MT1HL1,152,survived,down,3,0,0,Same-tissue replication: 3/3 concordant. Cross-tissue: 0/0 concordant.
TEX11,152,survived,down,3,0,0,Same-tissue replication: 3/3 concordant. Cross-tissue: 0/0 concordant.
APELA,153,survived,up,3,0,0,Same-tissue replication: 3/3 concordant. Cross-tissue: 0/0 concordant.
BIK,153,survived,up,2,0,0,Same-tissue replication: 2/3 concordant. Cross-tissue: 0/0 concordant.
C6orf132,153,survived,up,1,0,0,Same-tissue replication: 1/3 concordant. Cross-tissue: 0/0 concordant.
COG5,153,survived,up,3,0,0,Same-tissue replication: 3/3 concordant. Cross-tissue: 0/0 concordant.
CYB5B,153,survived,up,2,0,0,Same-tissue replication: 2/3 concordant. Cross-tissue: 0/0 concordant.
DCP1A,153,survived,up,3,0,0,Same-tissue replication: 3/3 concordant. Cross-tissue: 0/0 concordant.
FBXO2,153,survived,up,3,0,0,Same-tissue replication: 3/3 concordant. Cross-tissue: 0/0 concordant.
POC1B,153,survived,up,3,0,0,Same-tissue replication: 3/3 concordant. Cross-tissue: 0/0 concordant.
RITA1,153,survived,up,2,0,0,Same-tissue replication: 2/3 concordant. Cross-tissue: 0/0 concordant.
TGFB2,153,survived,up,3,0,0,Same-tissue replication: 3/3 concordant. Cross-tissue: 0/0 concordant.
TMEM198,153,survived,up,3,0,0,Same-tissue replication: 3/3 concordant. Cross-tissue: 0/0 concordant.
TRMT2B,153,eliminated,up,2,1,0,Significant opposite direction in same-tissue dataset(s): ['GSE39582']. Discovery direction: up.
TSPAN6,153,survived,up,1,0,0,Same-tissue replication: 1/3 concordant. Cross-tissue: 0/0 concordant.
URB1,153,survived,up,3,0,0,Same-tissue replication: 3/3 concordant. Cross-tissue: 0/0 concordant.
ZNHIT6,153,survived,up,3,0,0,Same-tissue replication: 3/3 concordant. Cross-tissue: 0/0 concordant.
H2AZ1,154,survived,up,3,0,0,Same-tissue replication: 3/3 concordant. Cross-tissue: 0/0 concordant.
PARK7,154,survived,up,3,0,0,Same-tissue replication: 3/3 concordant. Cross-tissue: 0/0 concordant.
PPP6R1,154,eliminated,up,2,1,0,Significant opposite direction in same-tissue dataset(s): ['GSE32323']. Discovery direction: up.
TSFM,154,survived,up,3,0,0,Same-tissue replication: 3/3 concordant. Cross-tissue: 0/0 concordant.
CLPTM1L,155,survived,up,3,0,0,Same-tissue replication: 3/3 concordant. Cross-tissue: 0/0 concordant.
IP6K1,155,eliminated,up,1,2,0,"Significant opposite direction in same-tissue dataset(s): ['GSE32323', 'GSE39582']. Discovery direction: up."
KLHDC4,155,eliminated,up,2,1,0,Significant opposite direction in same-tissue dataset(s): ['GSE32323']. Discovery direction: up.
MAN1B1,155,survived,up,2,0,0,Same-tissue replication: 2/3 concordant. Cross-tissue: 0/0 concordant.
NKIRAS2,155,survived,up,3,0,0,Same-tissue replication: 3/3 concordant. Cross-tissue: 0/0 concordant.
RCN2,155,survived,up,3,0,0,Same-tissue replication: 3/3 concordant. Cross-tissue: 0/0 concordant.
RXYLT1,155,survived,up,3,0,0,Same-tissue replication: 3/3 concordant. Cross-tissue: 0/0 concordant.
SELENON,155,survived,up,2,0,0,Same-tissue replication: 2/3 concordant. Cross-tissue: 0/0 concordant.
SLC39A1,155,survived,up,3,0,0,Same-tissue replication: 3/3 concordant. Cross-tissue: 0/0 concordant.
SNAP47,155,survived,up,3,0,0,Same-tissue replication: 3/3 concordant. Cross-tissue: 0/0 concordant.
TIMM13,155,survived,up,3,0,0,Same-tissue replication: 3/3 concordant. Cross-tissue: 0/0 concordant.
ZNF579,155,eliminated,up,2,1,0,Significant opposite direction in same-tissue dataset(s): ['GSE32323']. Discovery direction: up.
AAR2,156,survived,up,3,0,0,Same-tissue replication: 3/3 concordant. Cross-tissue: 0/0 concordant.
ARMC10,156,survived,up,3,0,0,Same-tissue replication: 3/3 concordant. Cross-tissue: 0/0 concordant.
CCNO,156,survived,up,3,0,0,Same-tissue replication: 3/3 concordant. Cross-tissue: 0/0 concordant.
CPSF3,156,survived,up,3,0,0,Same-tissue replication: 3/3 concordant. Cross-tissue: 0/0 concordant.
CTPS2,156,survived,up,3,0,0,Same-tissue replication: 3/3 concordant. Cross-tissue: 0/0 concordant.
LIF,156,survived,up,3,0,0,Same-tissue replication: 3/3 concordant. Cross-tissue: 0/0 concordant.
NMB,156,survived,up,3,0,0,Same-tissue replication: 3/3 concordant. Cross-tissue: 0/0 concordant.
NOL6,156,survived,up,3,0,0,Same-tissue replication: 3/3 concordant. Cross-tissue: 0/0 concordant.
OLA1,156,survived,up,3,0,0,Same-tissue replication: 3/3 concordant. Cross-tissue: 0/0 concordant.
PCMTD2,156,survived,up,3,0,0,Same-tissue replication: 3/3 concordant. Cross-tissue: 0/0 concordant.
PERP,156,survived,up,3,0,0,Same-tissue replication: 3/3 concordant. Cross-tissue: 0/0 concordant.
RAN,156,survived,up,3,0,0,Same-tissue replication: 3/3 concordant. Cross-tissue: 0/0 concordant.
TMEM147,156,survived,up,3,0,0,Same-tissue replication: 3/3 concordant. Cross-tissue: 0/0 concordant.
UBFD1,156,survived,up,3,0,0,Same-tissue replication: 3/3 concordant. Cross-tissue: 0/0 concordant.
UCHL3,156,survived,up,3,0,0,Same-tissue replication: 3/3 concordant. Cross-tissue: 0/0 concordant.
WWOX,156,survived,up,3,0,0,Same-tissue replication: 3/3 concordant. Cross-tissue: 0/0 concordant.
CDK8,157,survived,up,3,0,0,Same-tissue replication: 3/3 concordant. Cross-tissue: 0/0 concordant.
CTNNBL1,157,survived,up,3,0,0,Same-tissue replication: 3/3 concordant. Cross-tissue: 0/0 concordant.
EXOSC7,157,survived,up,3,0,0,Same-tissue replication: 3/3 concordant. Cross-tissue: 0/0 concordant.
GZF1,157,survived,up,3,0,0,Same-tissue replication: 3/3 concordant. Cross-tissue: 0/0 concordant.
MALSU1,157,survived,up,3,0,0,Same-tissue replication: 3/3 concordant. Cross-tissue: 0/0 concordant.
NAA20,157,survived,up,3,0,0,Same-tissue replication: 3/3 concordant. Cross-tissue: 0/0 concordant.
NCAPD2,157,survived,up,3,0,0,Same-tissue replication: 3/3 concordant. Cross-tissue: 0/0 concordant.
PFDN2,157,survived,up,3,0,0,Same-tissue replication: 3/3 concordant. Cross-tissue: 0/0 concordant.
PPIH,157,survived,up,3,0,0,Same-tissue replication: 3/3 concordant. Cross-tissue: 0/0 concordant.
ZNF74,157,survived,up,3,0,0,Same-tissue replication: 3/3 concordant. Cross-tissue: 0/0 concordant.
AKAP17A,160,survived,up,3,0,0,Same-tissue replication: 3/3 concordant. Cross-tissue: 0/0 concordant.
ZNF30,160,survived,up,3,0,0,Same-tissue replication: 3/3 concordant. Cross-tissue: 0/0 concordant.
ZNF419,160,survived,up,1,0,0,Same-tissue replication: 1/3 concordant. Cross-tissue: 0/0 concordant.
ZNF562,160,survived,up,2,0,0,Same-tissue replication: 2/3 concordant. Cross-tissue: 0/0 concordant.
ABCA5,161,survived,down,3,0,0,Same-tissue replication: 3/3 concordant. Cross-tissue: 0/0 concordant.
ANK3,161,survived,down,3,0,0,Same-tissue replication: 3/3 concordant. Cross-tissue: 0/0 concordant.
KIAA0513,161,survived,down,3,0,0,Same-tissue replication: 3/3 concordant. Cross-tissue: 0/0 concordant.
NAT1,161,survived,down,3,0,0,Same-tissue replication: 3/3 concordant. Cross-tissue: 0/0 concordant.
PLSCR4,161,survived,down,3,0,0,Same-tissue replication: 3/3 concordant. Cross-tissue: 0/0 concordant.
ZNF575,161,survived,down,3,0,0,Same-tissue replication: 3/3 concordant. Cross-tissue: 0/0 concordant.
ADGRB3,162,survived,down,3,0,0,Same-tissue replication: 3/3 concordant. Cross-tissue: 0/0 concordant.
ATP8B1,162,survived,down,3,0,0,Same-tissue replication: 3/3 concordant. Cross-tissue: 0/0 concordant.
GALNT12,162,survived,down,3,0,0,Same-tissue replication: 3/3 concordant. Cross-tissue: 0/0 concordant.
LRRC31,162,survived,down,3,0,0,Same-tissue replication: 3/3 concordant. Cross-tissue: 0/0 concordant.
RAB27B,162,survived,down,3,0,0,Same-tissue replication: 3/3 concordant. Cross-tissue: 0/0 concordant.
RASSF6,162,survived,down,3,0,0,Same-tissue replication: 3/3 concordant. Cross-tissue: 0/0 concordant.
SQOR,162,survived,down,3,0,0,Same-tissue replication: 3/3 concordant. Cross-tissue: 0/0 concordant.
AKAP5,163,survived,down,3,0,0,Same-tissue replication: 3/3 concordant. Cross-tissue: 0/0 concordant.
ATP8A1,163,survived,down,3,0,0,Same-tissue replication: 3/3 concordant. Cross-tissue: 0/0 concordant.
CCL21,163,survived,down,3,0,0,Same-tissue replication: 3/3 concordant. Cross-tissue: 0/0 concordant.
CDA,163,survived,down,3,0,0,Same-tissue replication: 3/3 concordant. Cross-tissue: 0/0 concordant.
CHRM2,163,survived,down,3,0,0,Same-tissue replication: 3/3 concordant. Cross-tissue: 0/0 concordant.
CTSE,163,survived,down,2,0,0,Same-tissue replication: 2/3 concordant. Cross-tissue: 0/0 concordant.
CYBRD1,163,survived,down,3,0,0,Same-tissue replication: 3/3 concordant. Cross-tissue: 0/0 concordant.
DNAI4,163,survived,down,3,0,0,Same-tissue replication: 3/3 concordant. Cross-tissue: 0/0 concordant.
ENPP6,163,survived,down,3,0,0,Same-tissue replication: 3/3 concordant. Cross-tissue: 0/0 concordant.
EPB41L4A,163,survived,down,3,0,0,Same-tissue replication: 3/3 concordant. Cross-tissue: 0/0 concordant.
EPHA4,163,survived,down,3,0,0,Same-tissue replication: 3/3 concordant. Cross-tissue: 0/0 concordant.
FABP2,163,survived,down,3,0,0,Same-tissue replication: 3/3 concordant. Cross-tissue: 0/0 concordant.
FOLR2,163,survived,down,3,0,0,Same-tissue replication: 3/3 concordant. Cross-tissue: 0/0 concordant.
GDPD2,163,survived,down,3,0,0,Same-tissue replication: 3/3 concordant. Cross-tissue: 0/0 concordant.
HDAC9,163,survived,down,3,0,0,Same-tissue replication: 3/3 concordant. Cross-tissue: 0/0 concordant.
HOXA5,163,survived,down,3,0,0,Same-tissue replication: 3/3 concordant. Cross-tissue: 0/0 concordant.
INSL5,163,survived,down,3,0,0,Same-tissue replication: 3/3 concordant. Cross-tissue: 0/0 concordant.
LGI1,163,survived,down,3,0,0,Same-tissue replication: 3/3 concordant. Cross-tissue: 0/0 concordant.
LYVE1,163,survived,down,3,0,0,Same-tissue replication: 3/3 concordant. Cross-tissue: 0/0 concordant.
MFAP4,163,survived,down,3,0,0,Same-tissue replication: 3/3 concordant. Cross-tissue: 0/0 concordant.
MFAP5,163,survived,down,2,0,0,Same-tissue replication: 2/3 concordant. Cross-tissue: 0/0 concordant.
MIER3,163,survived,down,3,0,0,Same-tissue replication: 3/3 concordant. Cross-tissue: 0/0 concordant.
PAPSS2,163,survived,down,3,0,0,Same-tissue replication: 3/3 concordant. Cross-tissue: 0/0 concordant.
PLA2G4A,163,survived,down,2,0,0,Same-tissue replication: 2/3 concordant. Cross-tissue: 0/0 concordant.
PROM2,163,survived,down,3,0,0,Same-tissue replication: 3/3 concordant. Cross-tissue: 0/0 concordant.
PTPRR,163,survived,down,3,0,0,Same-tissue replication: 3/3 concordant. Cross-tissue: 0/0 concordant.
RERGL,163,survived,down,3,0,0,Same-tissue replication: 3/3 concordant. Cross-tissue: 0/0 concordant.
RNF112,163,survived,down,3,0,0,Same-tissue replication: 3/3 concordant. Cross-tissue: 0/0 concordant.
RTN1,163,survived,down,3,0,0,Same-tissue replication: 3/3 concordant. Cross-tissue: 0/0 concordant.
SGK1,163,survived,down,3,0,0,Same-tissue replication: 3/3 concordant. Cross-tissue: 0/0 concordant.
SLC2A13,163,survived,down,3,0,0,Same-tissue replication: 3/3 concordant. Cross-tissue: 0/0 concordant.
SMIM5,163,survived,down,3,0,0,Same-tissue replication: 3/3 concordant. Cross-tissue: 0/0 concordant.
SVOPL,163,survived,down,3,0,0,Same-tissue replication: 3/3 concordant. Cross-tissue: 0/0 concordant.
TMEM35A,163,survived,down,3,0,0,Same-tissue replication: 3/3 concordant. Cross-tissue: 0/0 concordant.
TRIM36,163,survived,down,3,0,0,Same-tissue replication: 3/3 concordant. Cross-tissue: 0/0 concordant.
ADAMTSL3,164,survived,down,2,0,0,Same-tissue replication: 2/3 concordant. Cross-tissue: 0/0 concordant.
FGF9,164,survived,down,3,0,0,Same-tissue replication: 3/3 concordant. Cross-tissue: 0/0 concordant.
FKBP1B,164,survived,down,3,0,0,Same-tissue replication: 3/3 concordant. Cross-tissue: 0/0 concordant.
KAT2B,164,survived,down,3,0,0,Same-tissue replication: 3/3 concordant. Cross-tissue: 0/0 concordant.
ABCA9,166,survived,down,3,0,0,Same-tissue replication: 3/3 concordant. Cross-tissue: 0/0 concordant.
ADGRG7,166,survived,down,3,0,0,Same-tissue replication: 3/3 concordant. Cross-tissue: 0/0 concordant.
CLU,166,survived,down,3,0,0,Same-tissue replication: 3/3 concordant. Cross-tissue: 0/0 concordant.
NHERF4,166,survived,down,3,0,0,Same-tissue replication: 3/3 concordant. Cross-tissue: 0/0 concordant.
NLRC3,166,survived,down,3,0,0,Same-tissue replication: 3/3 concordant. Cross-tissue: 0/0 concordant.
RNF152,166,survived,down,3,0,0,Same-tissue replication: 3/3 concordant. Cross-tissue: 0/0 concordant.
TAS2R39,166,survived,down,3,0,0,Same-tissue replication: 3/3 concordant. Cross-tissue: 0/0 concordant.
TRHDE,166,survived,down,3,0,0,Same-tissue replication: 3/3 concordant. Cross-tissue: 0/0 concordant.
ABCD3,167,survived,down,3,0,0,Same-tissue replication: 3/3 concordant. Cross-tissue: 0/0 concordant.
ADHFE1,167,survived,down,3,0,0,Same-tissue replication: 3/3 concordant. Cross-tissue: 0/0 concordant.
ATG4A,167,survived,down,3,0,0,Same-tissue replication: 3/3 concordant. Cross-tissue: 0/0 concordant.
ATL1,167,survived,down,3,0,0,Same-tissue replication: 3/3 concordant. Cross-tissue: 0/0 concordant.
GNAL,167,survived,down,2,0,0,Same-tissue replication: 2/3 concordant. Cross-tissue: 0/0 concordant.
CIP2A,168,survived,up,3,0,0,Same-tissue replication: 3/3 concordant. Cross-tissue: 0/0 concordant.
E2F3,168,survived,up,3,0,0,Same-tissue replication: 3/3 concordant. Cross-tissue: 0/0 concordant.
EVA1A,168,survived,up,3,0,0,Same-tissue replication: 3/3 concordant. Cross-tissue: 0/0 concordant.
FJX1,168,survived,up,3,0,0,Same-tissue replication: 3/3 concordant. Cross-tissue: 0/0 concordant.
GAS2,168,survived,up,3,0,0,Same-tissue replication: 3/3 concordant. Cross-tissue: 0/0 concordant.
HS2ST1,168,survived,up,3,0,0,Same-tissue replication: 3/3 concordant. Cross-tissue: 0/0 concordant.
IFRD2,168,survived,up,3,0,0,Same-tissue replication: 3/3 concordant. Cross-tissue: 0/0 concordant.
LY6E,168,survived,up,3,0,0,Same-tissue replication: 3/3 concordant. Cross-tissue: 0/0 concordant.
NOX4,168,survived,up,3,0,0,Same-tissue replication: 3/3 concordant. Cross-tissue: 0/0 concordant.
PRC1,168,survived,up,3,0,0,Same-tissue replication: 3/3 concordant. Cross-tissue: 0/0 concordant.
PTTG1,168,survived,up,3,0,0,Same-tissue replication: 3/3 concordant. Cross-tissue: 0/0 concordant.
RRM2,168,survived,up,3,0,0,Same-tissue replication: 3/3 concordant. Cross-tissue: 0/0 concordant.
SLC39A6,168,survived,up,3,0,0,Same-tissue replication: 3/3 concordant. Cross-tissue: 0/0 concordant.
SMYD5,168,survived,up,3,0,0,Same-tissue replication: 3/3 concordant. Cross-tissue: 0/0 concordant.
TEX10,168,survived,up,3,0,0,Same-tissue replication: 3/3 concordant. Cross-tissue: 0/0 concordant.
TOP2A,168,survived,up,3,0,0,Same-tissue replication: 3/3 concordant. Cross-tissue: 0/0 concordant.
URB2,168,survived,up,3,0,0,Same-tissue replication: 3/3 concordant. Cross-tissue: 0/0 concordant.
ZNF280B,168,survived,up,3,0,0,Same-tissue replication: 3/3 concordant. Cross-tissue: 0/0 concordant.
ABHD11,169,survived,up,1,0,0,Same-tissue replication: 1/3 concordant. Cross-tissue: 0/0 concordant.
ADGRL1,169,eliminated,up,2,1,0,Significant opposite direction in same-tissue dataset(s): ['GSE32323']. Discovery direction: up.
ATP2A2,169,survived,up,1,0,0,Same-tissue replication: 1/3 concordant. Cross-tissue: 0/0 concordant.
DAXX,169,survived,up,3,0,0,Same-tissue replication: 3/3 concordant. Cross-tissue: 0/0 concordant.
FKBPL,169,survived,up,3,0,0,Same-tissue replication: 3/3 concordant. Cross-tissue: 0/0 concordant.
GCDH,169,survived,up,2,0,0,Same-tissue replication: 2/3 concordant. Cross-tissue: 0/0 concordant.
HSDL1,169,survived,up,3,0,0,Same-tissue replication: 3/3 concordant. Cross-tissue: 0/0 concordant.
PCED1A,169,survived,up,3,0,0,Same-tissue replication: 3/3 concordant. Cross-tissue: 0/0 concordant.
TMEM126B,169,survived,up,3,0,0,Same-tissue replication: 3/3 concordant. Cross-tissue: 0/0 concordant.
USP14,169,survived,up,3,0,0,Same-tissue replication: 3/3 concordant. Cross-tissue: 0/0 concordant.
MBD1,170,survived,down,3,0,0,Same-tissue replication: 3/3 concordant. Cross-tissue: 0/0 concordant.
MCU,170,survived,down,3,0,0,Same-tissue replication: 3/3 concordant. Cross-tissue: 0/0 concordant.
NDUFS3,170,survived,down,3,0,0,Same-tissue replication: 3/3 concordant. Cross-tissue: 0/0 concordant.
PDXP,170,survived,down,3,0,0,Same-tissue replication: 3/3 concordant. Cross-tissue: 0/0 concordant.
TXNDC11,170,survived,down,3,0,0,Same-tissue replication: 3/3 concordant. Cross-tissue: 0/0 concordant.
ZC3H14,170,eliminated,down,2,1,0,Significant opposite direction in same-tissue dataset(s): ['GSE32323']. Discovery direction: down.
BEST2,171,survived,down,3,0,0,Same-tissue replication: 3/3 concordant. Cross-tissue: 0/0 concordant.
BRINP3,171,survived,down,3,0,0,Same-tissue replication: 3/3 concordant. Cross-tissue: 0/0 concordant.
CDKN2B,171,survived,down,3,0,0,Same-tissue replication: 3/3 concordant. Cross-tissue: 0/0 concordant.
CNTN3,171,survived,down,3,0,0,Same-tissue replication: 3/3 concordant. Cross-tissue: 0/0 concordant.
DHRS9,171,survived,down,3,0,0,Same-tissue replication: 3/3 concordant. Cross-tissue: 0/0 concordant.
EPB41L3,171,survived,down,3,0,0,Same-tissue replication: 3/3 concordant. Cross-tissue: 0/0 concordant.
IGH,171,eliminated,down,2,1,0,Significant opposite direction in same-tissue dataset(s): ['GSE39582']. Discovery direction: down.
NXPE4,171,survived,down,3,0,0,Same-tissue replication: 3/3 concordant. Cross-tissue: 0/0 concordant.
RGS13,171,survived,down,3,0,0,Same-tissue replication: 3/3 concordant. Cross-tissue: 0/0 concordant.
SCGB2A1,171,survived,down,3,0,0,Same-tissue replication: 3/3 concordant. Cross-tissue: 0/0 concordant.
TSPAN7,171,survived,down,3,0,0,Same-tissue replication: 3/3 concordant. Cross-tissue: 0/0 concordant.
DCAF16,172,survived,up,3,0,0,Same-tissue replication: 3/3 concordant. Cross-tissue: 0/0 concordant.
ETF1,172,survived,up,2,0,0,Same-tissue replication: 2/3 concordant. Cross-tissue: 0/0 concordant.
KAT7,172,survived,up,2,0,0,Same-tissue replication: 2/3 concordant. Cross-tissue: 0/0 concordant.
KCNJ16,172,eliminated,up,1,1,0,Significant opposite direction in same-tissue dataset(s): ['GSE39582']. Discovery direction: up.
PHLDA3,172,survived,up,2,0,0,Same-tissue replication: 2/3 concordant. Cross-tissue: 0/0 concordant.
RFC1,172,survived,up,3,0,0,Same-tissue replication: 3/3 concordant. Cross-tissue: 0/0 concordant.
ZNF143,172,survived,up,3,0,0,Same-tissue replication: 3/3 concordant. Cross-tissue: 0/0 concordant.
ZNF189,172,survived,up,3,0,0,Same-tissue replication: 3/3 concordant. Cross-tissue: 0/0 concordant.
ACAD9,174,survived,up,3,0,0,Same-tissue replication: 3/3 concordant. Cross-tissue: 0/0 concordant.
GTF2H1,174,survived,up,3,0,0,Same-tissue replication: 3/3 concordant. Cross-tissue: 0/0 concordant.
PSMD4,174,survived,up,3,0,0,Same-tissue replication: 3/3 concordant. Cross-tissue: 0/0 concordant.
PTGES3,174,survived,up,3,0,0,Same-tissue replication: 3/3 concordant. Cross-tissue: 0/0 concordant.
SELENOH,174,survived,up,3,0,0,Same-tissue replication: 3/3 concordant. Cross-tissue: 0/0 concordant.
COASY,175,survived,up,3,0,0,Same-tissue replication: 3/3 concordant. Cross-tissue: 0/0 concordant.
COPS9,175,survived,up,2,0,0,Same-tissue replication: 2/3 concordant. Cross-tissue: 0/0 concordant.
ERAL1,175,survived,up,1,0,0,Same-tissue replication: 1/3 concordant. Cross-tissue: 0/0 concordant.
LAMP1,175,survived,up,3,0,0,Same-tissue replication: 3/3 concordant. Cross-tissue: 0/0 concordant.
PARP2,175,survived,up,3,0,0,Same-tissue replication: 3/3 concordant. Cross-tissue: 0/0 concordant.
FRMD4B,176,survived,down,3,0,0,Same-tissue replication: 3/3 concordant. Cross-tissue: 0/0 concordant.
HOXD4,176,survived,down,3,0,0,Same-tissue replication: 3/3 concordant. Cross-tissue: 0/0 concordant.
MTM1,176,survived,down,3,0,0,Same-tissue replication: 3/3 concordant. Cross-tissue: 0/0 concordant.
PDE8A,176,survived,down,3,0,0,Same-tissue replication: 3/3 concordant. Cross-tissue: 0/0 concordant.
PJA2,176,survived,down,3,0,0,Same-tissue replication: 3/3 concordant. Cross-tissue: 0/0 concordant.
CNNM4,177,survived,down,3,0,0,Same-tissue replication: 3/3 concordant. Cross-tissue: 0/0 concordant.
KCTD1,177,survived,down,3,0,0,Same-tissue replication: 3/3 concordant. Cross-tissue: 0/0 concordant.
LIMA1,177,survived,down,3,0,0,Same-tissue replication: 3/3 concordant. Cross-tissue: 0/0 concordant.
LRRK2,177,survived,down,2,0,0,Same-tissue replication: 2/3 concordant. Cross-tissue: 0/0 concordant.
NUDT12,177,survived,down,3,0,0,Same-tissue replication: 3/3 concordant. Cross-tissue: 0/0 concordant.
PAG1,177,survived,down,3,0,0,Same-tissue replication: 3/3 concordant. Cross-tissue: 0/0 concordant.
PER3,177,survived,down,3,0,0,Same-tissue replication: 3/3 concordant. Cross-tissue: 0/0 concordant.
TCEAL7,177,survived,down,2,0,0,Same-tissue replication: 2/3 concordant. Cross-tissue: 0/0 concordant.
ADPGK,178,survived,up,3,0,0,Same-tissue replication: 3/3 concordant. Cross-tissue: 0/0 concordant.
ASPHD1,178,survived,up,3,0,0,Same-tissue replication: 3/3 concordant. Cross-tissue: 0/0 concordant.
CDKN2A,178,survived,up,3,0,0,Same-tissue replication: 3/3 concordant. Cross-tissue: 0/0 concordant.
DHX8,178,survived,up,3,0,0,Same-tissue replication: 3/3 concordant. Cross-tissue: 0/0 concordant.
DIABLO,178,survived,up,2,0,0,Same-tissue replication: 2/3 concordant. Cross-tissue: 0/0 concordant.
DNTTIP2,178,survived,up,3,0,0,Same-tissue replication: 3/3 concordant. Cross-tissue: 0/0 concordant.
DRAP1,178,survived,up,3,0,0,Same-tissue replication: 3/3 concordant. Cross-tissue: 0/0 concordant.
DRG1,178,survived,up,3,0,0,Same-tissue replication: 3/3 concordant. Cross-tissue: 0/0 concordant.
DTNBP1,178,survived,up,3,0,0,Same-tissue replication: 3/3 concordant. Cross-tissue: 0/0 concordant.
HS3ST1,178,survived,up,3,0,0,Same-tissue replication: 3/3 concordant. Cross-tissue: 0/0 concordant.
ITGB3BP,178,survived,up,3,0,0,Same-tissue replication: 3/3 concordant. Cross-tissue: 0/0 concordant.
KANK1,178,survived,up,3,0,0,Same-tissue replication: 3/3 concordant. Cross-tissue: 0/0 concordant.
KDM1B,178,survived,up,3,0,0,Same-tissue replication: 3/3 concordant. Cross-tissue: 0/0 concordant.
MED14,178,survived,up,3,0,0,Same-tissue replication: 3/3 concordant. Cross-tissue: 0/0 concordant.
PTPN1,178,survived,up,3,0,0,Same-tissue replication: 3/3 concordant. Cross-tissue: 0/0 concordant.
SEPTIN2,178,survived,up,3,0,0,Same-tissue replication: 3/3 concordant. Cross-tissue: 0/0 concordant.
SETDB1,178,survived,up,2,0,0,Same-tissue replication: 2/3 concordant. Cross-tissue: 0/0 concordant.
TELO2,178,survived,up,3,0,0,Same-tissue replication: 3/3 concordant. Cross-tissue: 0/0 concordant.
VKORC1L1,178,survived,up,3,0,0,Same-tissue replication: 3/3 concordant. Cross-tissue: 0/0 concordant.
CXCL1,179,survived,up,3,0,0,Same-tissue replication: 3/3 concordant. Cross-tissue: 0/0 concordant.
CXCL3,179,survived,up,3,0,0,Same-tissue replication: 3/3 concordant. Cross-tissue: 0/0 concordant.
STC2,179,survived,up,3,0,0,Same-tissue replication: 3/3 concordant. Cross-tissue: 0/0 concordant.
TACSTD2,179,survived,up,3,0,0,Same-tissue replication: 3/3 concordant. Cross-tissue: 0/0 concordant.
THBS2,179,survived,up,3,0,0,Same-tissue replication: 3/3 concordant. Cross-tissue: 0/0 concordant.
ADAMTS12,180,survived,up,3,0,0,Same-tissue replication: 3/3 concordant. Cross-tissue: 0/0 concordant.
ATP11A,180,survived,up,3,0,0,Same-tissue replication: 3/3 concordant. Cross-tissue: 0/0 concordant.
CYP4X1,180,survived,up,3,0,0,Same-tissue replication: 3/3 concordant. Cross-tissue: 0/0 concordant.
LCN2,180,survived,up,3,0,0,Same-tissue replication: 3/3 concordant. Cross-tissue: 0/0 concordant.
TRIP13,180,survived,up,3,0,0,Same-tissue replication: 3/3 concordant. Cross-tissue: 0/0 concordant.
COL12A1,181,survived,up,3,0,0,Same-tissue replication: 3/3 concordant. Cross-tissue: 0/0 concordant.
EGFL6,181,survived,up,3,0,0,Same-tissue replication: 3/3 concordant. Cross-tissue: 0/0 concordant.
GRHL1,181,survived,up,3,0,0,Same-tissue replication: 3/3 concordant. Cross-tissue: 0/0 concordant.
LGR5,181,survived,up,3,0,0,Same-tissue replication: 3/3 concordant. Cross-tissue: 0/0 concordant.
PPM1H,181,survived,up,3,0,0,Same-tissue replication: 3/3 concordant. Cross-tissue: 0/0 concordant.
FOXJ3,182,survived,down,3,0,0,Same-tissue replication: 3/3 concordant. Cross-tissue: 0/0 concordant.
MRTFB,182,eliminated,down,1,1,0,Significant opposite direction in same-tissue dataset(s): ['GSE39582']. Discovery direction: down.
RAPGEF6,182,survived,down,1,0,0,Same-tissue replication: 1/3 concordant. Cross-tissue: 0/0 concordant.
ROR2,182,eliminated,down,1,1,0,Significant opposite direction in same-tissue dataset(s): ['GSE39582']. Discovery direction: down.
KLK7,183,survived,up,3,0,0,Same-tissue replication: 3/3 concordant. Cross-tissue: 0/0 concordant.
MKKS,183,survived,up,3,0,0,Same-tissue replication: 3/3 concordant. Cross-tissue: 0/0 concordant.
MRPL12,183,survived,up,2,0,0,Same-tissue replication: 2/3 concordant. Cross-tissue: 0/0 concordant.
PREP,183,survived,up,2,0,0,Same-tissue replication: 2/3 concordant. Cross-tissue: 0/0 concordant.
MTNAP1,184,survived,up,3,0,0,Same-tissue replication: 3/3 concordant. Cross-tissue: 0/0 concordant.
PPID,184,survived,up,3,0,0,Same-tissue replication: 3/3 concordant. Cross-tissue: 0/0 concordant.
RBBP6,184,survived,up,3,0,0,Same-tissue replication: 3/3 concordant. Cross-tissue: 0/0 concordant.
DKK4,185,survived,up,3,0,0,Same-tissue replication: 3/3 concordant. Cross-tissue: 0/0 concordant.
IRS1,185,survived,up,2,0,0,Same-tissue replication: 2/3 concordant. Cross-tissue: 0/0 concordant.
SBK1,185,survived,up,3,0,0,Same-tissue replication: 3/3 concordant. Cross-tissue: 0/0 concordant.
ALDH1A3,186,survived,up,2,0,0,Same-tissue replication: 2/3 concordant. Cross-tissue: 0/0 concordant.
ARG2,186,survived,up,3,0,0,Same-tissue replication: 3/3 concordant. Cross-tissue: 0/0 concordant.
BICD1,186,survived,up,3,0,0,Same-tissue replication: 3/3 concordant. Cross-tissue: 0/0 concordant.
CXCL10,186,survived,up,3,0,0,Same-tissue replication: 3/3 concordant. Cross-tissue: 0/0 concordant.
JUN,186,survived,up,3,0,0,Same-tissue replication: 3/3 concordant. Cross-tissue: 0/0 concordant.
KRT6B,186,survived,up,3,0,0,Same-tissue replication: 3/3 concordant. Cross-tissue: 0/0 concordant.
PANX1,186,survived,up,3,0,0,Same-tissue replication: 3/3 concordant. Cross-tissue: 0/0 concordant.
RRP12,186,survived,up,3,0,0,Same-tissue replication: 3/3 concordant. Cross-tissue: 0/0 concordant.
SLC2A3,186,survived,up,3,0,0,Same-tissue replication: 3/3 concordant. Cross-tissue: 0/0 concordant.
SOCS3,186,survived,up,2,0,0,Same-tissue replication: 2/3 concordant. Cross-tissue: 0/0 concordant.
ANKIB1,187,survived,up,3,0,0,Same-tissue replication: 3/3 concordant. Cross-tissue: 0/0 concordant.
CYP2B6,187,survived,up,2,0,0,Same-tissue replication: 2/3 concordant. Cross-tissue: 0/0 concordant.
ELN,187,survived,up,2,0,0,Same-tissue replication: 2/3 concordant. Cross-tissue: 0/0 concordant.
IER2,187,survived,up,2,0,0,Same-tissue replication: 2/3 concordant. Cross-tissue: 0/0 concordant.
MAGOHB,187,survived,up,3,0,0,Same-tissue replication: 3/3 concordant. Cross-tissue: 0/0 concordant.
MYCBP2,187,survived,up,3,0,0,Same-tissue replication: 3/3 concordant. Cross-tissue: 0/0 concordant.
PDXK,187,survived,up,3,0,0,Same-tissue replication: 3/3 concordant. Cross-tissue: 0/0 concordant.
RNF115,187,survived,up,3,0,0,Same-tissue replication: 3/3 concordant. Cross-tissue: 0/0 concordant.
SKIL,187,survived,up,3,0,0,Same-tissue replication: 3/3 concordant. Cross-tissue: 0/0 concordant.
TEAD1,187,survived,up,3,0,0,Same-tissue replication: 3/3 concordant. Cross-tissue: 0/0 concordant.
UBE2L6,187,survived,up,3,0,0,Same-tissue replication: 3/3 concordant. Cross-tissue: 0/0 concordant.
BLNK,188,survived,down,3,0,0,Same-tissue replication: 3/3 concordant. Cross-tissue: 0/0 concordant.
EPHX1,188,survived,down,3,0,0,Same-tissue replication: 3/3 concordant. Cross-tissue: 0/0 concordant.
ERN2,188,survived,down,3,0,0,Same-tissue replication: 3/3 concordant. Cross-tissue: 0/0 concordant.
TGFA,188,survived,down,3,0,0,Same-tissue replication: 3/3 concordant. Cross-tissue: 0/0 concordant.
TLCD4,188,survived,down,3,0,0,Same-tissue replication: 3/3 concordant. Cross-tissue: 0/0 concordant.
A2M,189,survived,down,2,0,0,Same-tissue replication: 2/3 concordant. Cross-tissue: 0/0 concordant.
BEX1,189,survived,down,3,0,0,Same-tissue replication: 3/3 concordant. Cross-tissue: 0/0 concordant.
GSN,189,survived,down,3,0,0,Same-tissue replication: 3/3 concordant. Cross-tissue: 0/0 concordant.
ID2,189,survived,down,3,0,0,Same-tissue replication: 3/3 concordant. Cross-tissue: 0/0 concordant.
MORF4L1,189,survived,down,3,0,0,Same-tissue replication: 3/3 concordant. Cross-tissue: 0/0 concordant.
RMND5A,189,survived,down,3,0,0,Same-tissue replication: 3/3 concordant. Cross-tissue: 0/0 concordant.
VSIR,189,survived,down,3,0,0,Same-tissue replication: 3/3 concordant. Cross-tissue: 0/0 concordant.
ZNF43,189,eliminated,down,2,1,0,Significant opposite direction in same-tissue dataset(s): ['GSE32323']. Discovery direction: down.
ZNF91,189,survived,down,2,0,0,Same-tissue replication: 2/3 concordant. Cross-tissue: 0/0 concordant.
ALPI,190,survived,down,3,0,0,Same-tissue replication: 3/3 concordant. Cross-tissue: 0/0 concordant.
ARMCX1,190,survived,down,3,0,0,Same-tissue replication: 3/3 concordant. Cross-tissue: 0/0 concordant.
BAD,190,survived,down,3,0,0,Same-tissue replication: 3/3 concordant. Cross-tissue: 0/0 concordant.
CRAT,190,survived,down,3,0,0,Same-tissue replication: 3/3 concordant. Cross-tissue: 0/0 concordant.
ECHDC2,190,survived,down,3,0,0,Same-tissue replication: 3/3 concordant. Cross-tissue: 0/0 concordant.
GPS2,190,survived,down,3,0,0,Same-tissue replication: 3/3 concordant. Cross-tissue: 0/0 concordant.
MYO5A,190,survived,down,3,0,0,Same-tissue replication: 3/3 concordant. Cross-tissue: 0/0 concordant.
PLEKHH1,190,survived,down,3,0,0,Same-tissue replication: 3/3 concordant. Cross-tissue: 0/0 concordant.
RHOF,190,survived,down,3,0,0,Same-tissue replication: 3/3 concordant. Cross-tissue: 0/0 concordant.
SCAMP2,190,survived,down,3,0,0,Same-tissue replication: 3/3 concordant. Cross-tissue: 0/0 concordant.
SESN2,190,survived,down,3,0,0,Same-tissue replication: 3/3 concordant. Cross-tissue: 0/0 concordant.
CDKN1A,191,survived,down,3,0,0,Same-tissue replication: 3/3 concordant. Cross-tissue: 0/0 concordant.
DAPK1,191,survived,down,3,0,0,Same-tissue replication: 3/3 concordant. Cross-tissue: 0/0 concordant.
FZD1,191,survived,down,3,0,0,Same-tissue replication: 3/3 concordant. Cross-tissue: 0/0 concordant.
GFRA3,191,survived,down,3,0,0,Same-tissue replication: 3/3 concordant. Cross-tissue: 0/0 concordant.
LIPJ,191,survived,down,3,0,0,Same-tissue replication: 3/3 concordant. Cross-tissue: 0/0 concordant.
MYO7B,191,survived,down,3,0,0,Same-tissue replication: 3/3 concordant. Cross-tissue: 0/0 concordant.
UST,191,survived,down,2,0,0,Same-tissue replication: 2/3 concordant. Cross-tissue: 0/0 concordant.
ZNF763,191,survived,down,2,0,0,Same-tissue replication: 2/3 concordant. Cross-tissue: 0/0 concordant.
AKR7A3,192,survived,down,3,0,0,Same-tissue replication: 3/3 concordant. Cross-tissue: 0/0 concordant.
CNGA1,192,survived,down,3,0,0,Same-tissue replication: 3/3 concordant. Cross-tissue: 0/0 concordant.
GFER,192,survived,down,3,0,0,Same-tissue replication: 3/3 concordant. Cross-tissue: 0/0 concordant.
GPR34,192,survived,down,3,0,0,Same-tissue replication: 3/3 concordant. Cross-tissue: 0/0 concordant.
HRCT1,192,survived,down,3,0,0,Same-tissue replication: 3/3 concordant. Cross-tissue: 0/0 concordant.
IGK,192,survived,down,3,0,0,Same-tissue replication: 3/3 concordant. Cross-tissue: 0/0 concordant.
IRF4,192,survived,down,3,0,0,Same-tissue replication: 3/3 concordant. Cross-tissue: 0/0 concordant.
LTK,192,survived,down,3,0,0,Same-tissue replication: 3/3 concordant. Cross-tissue: 0/0 concordant.
MAB21L2,192,survived,down,3,0,0,Same-tissue replication: 3/3 concordant. Cross-tissue: 0/0 concordant.
RASD2,192,survived,down,3,0,0,Same-tissue replication: 3/3 concordant. Cross-tissue: 0/0 concordant.
RNASE1,192,survived,down,3,0,0,Same-tissue replication: 3/3 concordant. Cross-tissue: 0/0 concordant.
SLC13A2,192,survived,down,3,0,0,Same-tissue replication: 3/3 concordant. Cross-tissue: 0/0 concordant.
SLC16A7,192,survived,down,3,0,0,Same-tissue replication: 3/3 concordant. Cross-tissue: 0/0 concordant.
TMEM61,192,survived,down,3,0,0,Same-tissue replication: 3/3 concordant. Cross-tissue: 0/0 concordant.
VPREB3,192,survived,down,3,0,0,Same-tissue replication: 3/3 concordant. Cross-tissue: 0/0 concordant.
ZDHHC7,192,survived,down,3,0,0,Same-tissue replication: 3/3 concordant. Cross-tissue: 0/0 concordant.
AIFM3,193,survived,down,3,0,0,Same-tissue replication: 3/3 concordant. Cross-tissue: 0/0 concordant.
LGALS3,193,survived,down,3,0,0,Same-tissue replication: 3/3 concordant. Cross-tissue: 0/0 concordant.
MYL12B,193,survived,down,3,0,0,Same-tissue replication: 3/3 concordant. Cross-tissue: 0/0 concordant.
NIT1,193,survived,down,3,0,0,Same-tissue replication: 3/3 concordant. Cross-tissue: 0/0 concordant.
SLC23A3,193,survived,down,3,0,0,Same-tissue replication: 3/3 concordant. Cross-tissue: 0/0 concordant.
TRPM7,193,survived,down,2,0,0,Same-tissue replication: 2/3 concordant. Cross-tissue: 0/0 concordant.
ATP23,194,survived,down,3,0,0,Same-tissue replication: 3/3 concordant. Cross-tissue: 0/0 concordant.
CHODL,194,survived,down,3,0,0,Same-tissue replication: 3/3 concordant. Cross-tissue: 0/0 concordant.
KRT19,194,survived,down,3,0,0,Same-tissue replication: 3/3 concordant. Cross-tissue: 0/0 concordant.
MAPK10,194,survived,down,3,0,0,Same-tissue replication: 3/3 concordant. Cross-tissue: 0/0 concordant.
WNT2B,194,survived,down,3,0,0,Same-tissue replication: 3/3 concordant. Cross-tissue: 0/0 concordant.
EPHX2,195,survived,down,3,0,0,Same-tissue replication: 3/3 concordant. Cross-tissue: 0/0 concordant.
HOXD1,195,survived,down,3,0,0,Same-tissue replication: 3/3 concordant. Cross-tissue: 0/0 concordant.
MT1X,195,survived,down,3,0,0,Same-tissue replication: 3/3 concordant. Cross-tissue: 0/0 concordant.
NAT2,195,survived,down,3,0,0,Same-tissue replication: 3/3 concordant. Cross-tissue: 0/0 concordant.
PLCE1,195,survived,down,3,0,0,Same-tissue replication: 3/3 concordant. Cross-tissue: 0/0 concordant.
TCF21,195,survived,down,3,0,0,Same-tissue replication: 3/3 concordant. Cross-tissue: 0/0 concordant.
THRB,195,survived,down,3,0,0,Same-tissue replication: 3/3 concordant. Cross-tissue: 0/0 concordant.
BCAS1,196,survived,down,3,0,0,Same-tissue replication: 3/3 concordant. Cross-tissue: 0/0 concordant.
CD160,196,survived,down,3,0,0,Same-tissue replication: 3/3 concordant. Cross-tissue: 0/0 concordant.
CES3,196,survived,down,3,0,0,Same-tissue replication: 3/3 concordant. Cross-tissue: 0/0 concordant.
CHGB,196,survived,down,3,0,0,Same-tissue replication: 3/3 concordant. Cross-tissue: 0/0 concordant.
CLDN23,196,survived,down,3,0,0,Same-tissue replication: 3/3 concordant. Cross-tissue: 0/0 concordant.
FRMD3,196,survived,down,3,0,0,Same-tissue replication: 3/3 concordant. Cross-tissue: 0/0 concordant.
KCNMA1,196,survived,down,3,0,0,Same-tissue replication: 3/3 concordant. Cross-tissue: 0/0 concordant.
PRKAR2B,196,survived,down,3,0,0,Same-tissue replication: 3/3 concordant. Cross-tissue: 0/0 concordant.
RNF125,196,survived,down,3,0,0,Same-tissue replication: 3/3 concordant. Cross-tissue: 0/0 concordant.
SCN9A,196,survived,down,3,0,0,Same-tissue replication: 3/3 concordant. Cross-tissue: 0/0 concordant.
SELENBP1,196,survived,down,3,0,0,Same-tissue replication: 3/3 concordant. Cross-tissue: 0/0 concordant.
CFD,197,survived,down,3,0,0,Same-tissue replication: 3/3 concordant. Cross-tissue: 0/0 concordant.
GDPD3,197,survived,down,3,0,0,Same-tissue replication: 3/3 concordant. Cross-tissue: 0/0 concordant.
GPM6B,197,survived,down,3,0,0,Same-tissue replication: 3/3 concordant. Cross-tissue: 0/0 concordant.
HHIP,197,survived,down,3,0,0,Same-tissue replication: 3/3 concordant. Cross-tissue: 0/0 concordant.
MALL,197,survived,down,3,0,0,Same-tissue replication: 3/3 concordant. Cross-tissue: 0/0 concordant.
PBLD,197,survived,down,3,0,0,Same-tissue replication: 3/3 concordant. Cross-tissue: 0/0 concordant.
RHBDL2,197,survived,down,3,0,0,Same-tissue replication: 3/3 concordant. Cross-tissue: 0/0 concordant.
SLC6A19,197,survived,down,3,0,0,Same-tissue replication: 3/3 concordant. Cross-tissue: 0/0 concordant.
TTLL6,197,survived,down,3,0,0,Same-tissue replication: 3/3 concordant. Cross-tissue: 0/0 concordant.
VSTM2A,197,survived,down,3,0,0,Same-tissue replication: 3/3 concordant. Cross-tissue: 0/0 concordant.
CHAD,198,survived,down,3,0,0,Same-tissue replication: 3/3 concordant. Cross-tissue: 0/0 concordant.
DAPK2,198,survived,down,3,0,0,Same-tissue replication: 3/3 concordant. Cross-tissue: 0/0 concordant.
KCNE2,198,survived,down,3,0,0,Same-tissue replication: 3/3 concordant. Cross-tissue: 0/0 concordant.
LCP1,198,survived,down,2,0,0,Same-tissue replication: 2/3 concordant. Cross-tissue: 0/0 concordant.
LIPC,198,survived,down,3,0,0,Same-tissue replication: 3/3 concordant. Cross-tissue: 0/0 concordant.
NSG1,198,survived,down,3,0,0,Same-tissue replication: 3/3 concordant. Cross-tissue: 0/0 concordant.
PNCK,198,survived,down,1,0,0,Same-tissue replication: 1/3 concordant. Cross-tissue: 0/0 concordant.
PTPRS,198,survived,down,2,0,0,Same-tissue replication: 2/3 concordant. Cross-tissue: 0/0 concordant.
RIMKLB,198,survived,down,3,0,0,Same-tissue replication: 3/3 concordant. Cross-tissue: 0/0 concordant.
TIFAB,198,survived,down,3,0,0,Same-tissue replication: 3/3 concordant. Cross-tissue: 0/0 concordant.
ARHGAP31,199,survived,down,2,0,0,Same-tissue replication: 2/3 concordant. Cross-tissue: 0/0 concordant.
CD3E,199,survived,down,3,0,0,Same-tissue replication: 3/3 concordant. Cross-tissue: 0/0 concordant.
CIMAP2,199,survived,down,3,0,0,Same-tissue replication: 3/3 concordant. Cross-tissue: 0/0 concordant.
ETFB,199,survived,down,3,0,0,Same-tissue replication: 3/3 concordant. Cross-tissue: 0/0 concordant.
MAPDA,199,survived,down,2,0,0,Same-tissue replication: 2/3 concordant. Cross-tissue: 0/0 concordant.
SLC35A4,199,survived,down,3,0,0,Same-tissue replication: 3/3 concordant. Cross-tissue: 0/0 concordant.
TNFRSF14,199,survived,down,3,0,0,Same-tissue replication: 3/3 concordant. Cross-tissue: 0/0 concordant.
ZCCHC2,199,survived,down,3,0,0,Same-tissue replication: 3/3 concordant. Cross-tissue: 0/0 concordant.
LAIR1,200,survived,down,2,0,0,Same-tissue replication: 2/3 concordant. Cross-tissue: 0/0 concordant.
LNPK,200,survived,down,3,0,0,Same-tissue replication: 3/3 concordant. Cross-tissue: 0/0 concordant.
SAT2,200,survived,down,3,0,0,Same-tissue replication: 3/3 concordant. Cross-tissue: 0/0 concordant.
TMEM74,200,survived,down,2,0,0,Same-tissue replication: 2/3 concordant. Cross-tissue: 0/0 concordant.
COCH,201,survived,down,2,0,0,Same-tissue replication: 2/3 concordant. Cross-tissue: 0/0 concordant.
CSAD,201,survived,down,3,0,0,Same-tissue replication: 3/3 concordant. Cross-tissue: 0/0 concordant.
IFNA4,201,eliminated,down,2,1,0,Significant opposite direction in same-tissue dataset(s): ['GSE32323']. Discovery direction: down.
SFTPD,201,survived,down,2,0,0,Same-tissue replication: 2/3 concordant. Cross-tissue: 0/0 concordant.
AEBP1,202,survived,up,2,0,0,Same-tissue replication: 2/3 concordant. Cross-tissue: 0/0 concordant.
CLSPN,202,survived,up,3,0,0,Same-tissue replication: 3/3 concordant. Cross-tissue: 0/0 concordant.
ISLR,202,survived,up,2,0,0,Same-tissue replication: 2/3 concordant. Cross-tissue: 0/0 concordant.
PGM2L1,202,survived,up,3,0,0,Same-tissue replication: 3/3 concordant. Cross-tissue: 0/0 concordant.
PTCD2,202,survived,up,3,0,0,Same-tissue replication: 3/3 concordant. Cross-tissue: 0/0 concordant.
RABGEF1,202,survived,up,3,0,0,Same-tissue replication: 3/3 concordant. Cross-tissue: 0/0 concordant.
CD248,203,survived,up,2,0,0,Same-tissue replication: 2/3 concordant. Cross-tissue: 0/0 concordant.
LRRC49,203,survived,up,3,0,0,Same-tissue replication: 3/3 concordant. Cross-tissue: 0/0 concordant.
MIX23,203,survived,up,2,0,0,Same-tissue replication: 2/3 concordant. Cross-tissue: 0/0 concordant.
MTMR6,203,survived,up,3,0,0,Same-tissue replication: 3/3 concordant. Cross-tissue: 0/0 concordant.
SHLD1,203,survived,up,3,0,0,Same-tissue replication: 3/3 concordant. Cross-tissue: 0/0 concordant.
SRP72,203,survived,up,3,0,0,Same-tissue replication: 3/3 concordant. Cross-tissue: 0/0 concordant.
JUP,204,eliminated,up,1,1,0,Significant opposite direction in same-tissue dataset(s): ['GSE37364']. Discovery direction: up.
NEK3,204,survived,up,3,0,0,Same-tissue replication: 3/3 concordant. Cross-tissue: 0/0 concordant.
PAXX,204,survived,up,3,0,0,Same-tissue replication: 3/3 concordant. Cross-tissue: 0/0 concordant.
TMEM243,204,survived,up,3,0,0,Same-tissue replication: 3/3 concordant. Cross-tissue: 0/0 concordant.
ADAM19,205,survived,up,3,0,0,Same-tissue replication: 3/3 concordant. Cross-tissue: 0/0 concordant.
GPN1,205,survived,up,3,0,0,Same-tissue replication: 3/3 concordant. Cross-tissue: 0/0 concordant.
RFC2,205,survived,up,3,0,0,Same-tissue replication: 3/3 concordant. Cross-tissue: 0/0 concordant.
P4HA1,206,survived,up,3,0,0,Same-tissue replication: 3/3 concordant. Cross-tissue: 0/0 concordant.
PGAM5,206,survived,up,3,0,0,Same-tissue replication: 3/3 concordant. Cross-tissue: 0/0 concordant.
RFNG,206,survived,up,2,0,0,Same-tissue replication: 2/3 concordant. Cross-tissue: 0/0 concordant.
DOCK6,207,survived,up,3,0,0,Same-tissue replication: 3/3 concordant. Cross-tissue: 0/0 concordant.
ELOC,207,survived,up,3,0,0,Same-tissue replication: 3/3 concordant. Cross-tissue: 0/0 concordant.
HIP1,207,survived,up,3,0,0,Same-tissue replication: 3/3 concordant. Cross-tissue: 0/0 concordant.
JPT2,207,survived,up,3,0,0,Same-tissue replication: 3/3 concordant. Cross-tissue: 0/0 concordant.
LARP1,207,survived,up,3,0,0,Same-tissue replication: 3/3 concordant. Cross-tissue: 0/0 concordant.
MRPL57,207,survived,up,3,0,0,Same-tissue replication: 3/3 concordant. Cross-tissue: 0/0 concordant.
PCID2,207,survived,up,3,0,0,Same-tissue replication: 3/3 concordant. Cross-tissue: 0/0 concordant.
POT1,207,survived,up,3,0,0,Same-tissue replication: 3/3 concordant. Cross-tissue: 0/0 concordant.
SHISA5,207,survived,up,3,0,0,Same-tissue replication: 3/3 concordant. Cross-tissue: 0/0 concordant.
AARS1,208,survived,up,3,0,0,Same-tissue replication: 3/3 concordant. Cross-tissue: 0/0 concordant.
ATR,208,survived,up,3,0,0,Same-tissue replication: 3/3 concordant. Cross-tissue: 0/0 concordant.
EIF6,208,survived,up,3,0,0,Same-tissue replication: 3/3 concordant. Cross-tissue: 0/0 concordant.
NKD1,208,survived,up,3,0,0,Same-tissue replication: 3/3 concordant. Cross-tissue: 0/0 concordant.
P3H1,208,survived,up,3,0,0,Same-tissue replication: 3/3 concordant. Cross-tissue: 0/0 concordant.
POM121C,208,survived,up,3,0,0,Same-tissue replication: 3/3 concordant. Cross-tissue: 0/0 concordant.
PSMD14,208,survived,up,3,0,0,Same-tissue replication: 3/3 concordant. Cross-tissue: 0/0 concordant.
SIGMAR1,208,survived,up,3,0,0,Same-tissue replication: 3/3 concordant. Cross-tissue: 0/0 concordant.
YAE1,208,survived,up,3,0,0,Same-tissue replication: 3/3 concordant. Cross-tissue: 0/0 concordant.
BRAT1,209,survived,up,3,0,0,Same-tissue replication: 3/3 concordant. Cross-tissue: 0/0 concordant.
IFT22,209,survived,up,3,0,0,Same-tissue replication: 3/3 concordant. Cross-tissue: 0/0 concordant.
MCM8,209,survived,up,3,0,0,Same-tissue replication: 3/3 concordant. Cross-tissue: 0/0 concordant.
NSUN5,209,survived,up,3,0,0,Same-tissue replication: 3/3 concordant. Cross-tissue: 0/0 concordant.
PRRC2A,209,survived,up,2,0,0,Same-tissue replication: 2/3 concordant. Cross-tissue: 0/0 concordant.
RPL7L1,209,survived,up,3,0,0,Same-tissue replication: 3/3 concordant. Cross-tissue: 0/0 concordant.
YARS1,209,survived,up,3,0,0,Same-tissue replication: 3/3 concordant. Cross-tissue: 0/0 concordant.
ZNF280C,209,survived,up,3,0,0,Same-tissue replication: 3/3 concordant. Cross-tissue: 0/0 concordant.
DDX23,210,survived,up,3,0,0,Same-tissue replication: 3/3 concordant. Cross-tissue: 0/0 concordant.
DDX51,210,survived,up,3,0,0,Same-tissue replication: 3/3 concordant. Cross-tissue: 0/0 concordant.
DHODH,210,survived,up,3,0,0,Same-tissue replication: 3/3 concordant. Cross-tissue: 0/0 concordant.
DNMT3A,210,survived,up,3,0,0,Same-tissue replication: 3/3 concordant. Cross-tissue: 0/0 concordant.
LRRC8A,210,eliminated,up,2,1,0,Significant opposite direction in same-tissue dataset(s): ['GSE32323']. Discovery direction: up.
MAP4,210,survived,up,2,0,0,Same-tissue replication: 2/3 concordant. Cross-tissue: 0/0 concordant.
MNS1,210,survived,up,3,0,0,Same-tissue replication: 3/3 concordant. Cross-tissue: 0/0 concordant.
MRPS12,210,survived,up,3,0,0,Same-tissue replication: 3/3 concordant. Cross-tissue: 0/0 concordant.
PAFAH1B2,210,survived,up,3,0,0,Same-tissue replication: 3/3 concordant. Cross-tissue: 0/0 concordant.
PEX3,210,survived,up,3,0,0,Same-tissue replication: 3/3 concordant. Cross-tissue: 0/0 concordant.
PRRC2C,210,survived,up,3,0,0,Same-tissue replication: 3/3 concordant. Cross-tissue: 0/0 concordant.
RABGGTB,210,survived,up,3,0,0,Same-tissue replication: 3/3 concordant. Cross-tissue: 0/0 concordant.
TM2D2,210,survived,up,3,0,0,Same-tissue replication: 3/3 concordant. Cross-tissue: 0/0 concordant.
TMUB1,210,eliminated,up,2,1,0,Significant opposite direction in same-tissue dataset(s): ['GSE32323']. Discovery direction: up.
UHRF2,210,survived,up,3,0,0,Same-tissue replication: 3/3 concordant. Cross-tissue: 0/0 concordant.
ZC3H3,210,survived,up,2,0,0,Same-tissue replication: 2/3 concordant. Cross-tissue: 0/0 concordant.
ZFAND1,210,survived,up,3,0,0,Same-tissue replication: 3/3 concordant. Cross-tissue: 0/0 concordant.
ZNF621,210,survived,up,3,0,0,Same-tissue replication: 3/3 concordant. Cross-tissue: 0/0 concordant.
ZNF692,210,survived,up,3,0,0,Same-tissue replication: 3/3 concordant. Cross-tissue: 0/0 concordant.
ADCK2,211,survived,up,2,0,0,Same-tissue replication: 2/3 concordant. Cross-tissue: 0/0 concordant.
PARD6A,211,survived,up,2,0,0,Same-tissue replication: 2/3 concordant. Cross-tissue: 0/0 concordant.
SEC13,211,survived,up,2,0,0,Same-tissue replication: 2/3 concordant. Cross-tissue: 0/0 concordant.
ABCC1,212,survived,up,3,0,0,Same-tissue replication: 3/3 concordant. Cross-tissue: 0/0 concordant.
CFAP263,212,survived,up,3,0,0,Same-tissue replication: 3/3 concordant. Cross-tissue: 0/0 concordant.
EPDR1,212,survived,up,3,0,0,Same-tissue replication: 3/3 concordant. Cross-tissue: 0/0 concordant.
GRINA,212,survived,up,3,0,0,Same-tissue replication: 3/3 concordant. Cross-tissue: 0/0 concordant.
IFITM1,212,survived,up,3,0,0,Same-tissue replication: 3/3 concordant. Cross-tissue: 0/0 concordant.
RNASEH2A,212,survived,up,3,0,0,Same-tissue replication: 3/3 concordant. Cross-tissue: 0/0 concordant.
TTYH3,212,survived,up,3,0,0,Same-tissue replication: 3/3 concordant. Cross-tissue: 0/0 concordant.
ZNF503,212,survived,up,3,0,0,Same-tissue replication: 3/3 concordant. Cross-tissue: 0/0 concordant.
AHCY,213,survived,up,3,0,0,Same-tissue replication: 3/3 concordant. Cross-tissue: 0/0 concordant.
CAD,213,survived,up,3,0,0,Same-tissue replication: 3/3 concordant. Cross-tissue: 0/0 concordant.
CFB,213,survived,up,3,0,0,Same-tissue replication: 3/3 concordant. Cross-tissue: 0/0 concordant.
MELK,213,survived,up,3,0,0,Same-tissue replication: 3/3 concordant. Cross-tissue: 0/0 concordant.
NUDCD1,213,survived,up,3,0,0,Same-tissue replication: 3/3 concordant. Cross-tissue: 0/0 concordant.
SORD,213,survived,up,3,0,0,Same-tissue replication: 3/3 concordant. Cross-tissue: 0/0 concordant.
ASB9,214,survived,up,3,0,0,Same-tissue replication: 3/3 concordant. Cross-tissue: 0/0 concordant.
ENC1,214,survived,up,3,0,0,Same-tissue replication: 3/3 concordant. Cross-tissue: 0/0 concordant.
NEK2,214,survived,up,3,0,0,Same-tissue replication: 3/3 concordant. Cross-tissue: 0/0 concordant.
NME1,214,survived,up,3,0,0,Same-tissue replication: 3/3 concordant. Cross-tissue: 0/0 concordant.
TOP1MT,214,survived,up,3,0,0,Same-tissue replication: 3/3 concordant. Cross-tissue: 0/0 concordant.
CKS2,215,survived,up,3,0,0,Same-tissue replication: 3/3 concordant. Cross-tissue: 0/0 concordant.
FERMT1,215,survived,up,3,0,0,Same-tissue replication: 3/3 concordant. Cross-tissue: 0/0 concordant.
GAL,215,survived,up,3,0,0,Same-tissue replication: 3/3 concordant. Cross-tissue: 0/0 concordant.
HKDC1,215,survived,up,2,0,0,Same-tissue replication: 2/3 concordant. Cross-tissue: 0/0 concordant.
PALD1,215,survived,up,3,0,0,Same-tissue replication: 3/3 concordant. Cross-tissue: 0/0 concordant.
SERPINH1,215,survived,up,3,0,0,Same-tissue replication: 3/3 concordant. Cross-tissue: 0/0 concordant.
TMEM201,215,survived,up,3,0,0,Same-tissue replication: 3/3 concordant. Cross-tissue: 0/0 concordant.
BRIP1,216,survived,up,3,0,0,Same-tissue replication: 3/3 concordant. Cross-tissue: 0/0 concordant.
CCNE2,216,survived,up,3,0,0,Same-tissue replication: 3/3 concordant. Cross-tissue: 0/0 concordant.
DPH6,216,survived,up,3,0,0,Same-tissue replication: 3/3 concordant. Cross-tissue: 0/0 concordant.
METTL6,216,survived,up,3,0,0,Same-tissue replication: 3/3 concordant. Cross-tissue: 0/0 concordant.
MIPEP,216,survived,up,3,0,0,Same-tissue replication: 3/3 concordant. Cross-tissue: 0/0 concordant.
WDR18,216,survived,up,3,0,0,Same-tissue replication: 3/3 concordant. Cross-tissue: 0/0 concordant.
CDH11,217,survived,up,3,0,0,Same-tissue replication: 3/3 concordant. Cross-tissue: 0/0 concordant.
GINS3,217,survived,up,3,0,0,Same-tissue replication: 3/3 concordant. Cross-tissue: 0/0 concordant.
KIF3A,217,survived,up,3,0,0,Same-tissue replication: 3/3 concordant. Cross-tissue: 0/0 concordant.
POMGNT2,217,survived,up,3,0,0,Same-tissue replication: 3/3 concordant. Cross-tissue: 0/0 concordant.
SCLY,217,survived,up,3,0,0,Same-tissue replication: 3/3 concordant. Cross-tissue: 0/0 concordant.
SF3A2,217,survived,up,2,0,0,Same-tissue replication: 2/3 concordant. Cross-tissue: 0/0 concordant.
SPC24,217,survived,up,3,0,0,Same-tissue replication: 3/3 concordant. Cross-tissue: 0/0 concordant.
SYNE4,217,survived,up,3,0,0,Same-tissue replication: 3/3 concordant. Cross-tissue: 0/0 concordant.
ABCE1,218,survived,up,3,0,0,Same-tissue replication: 3/3 concordant. Cross-tissue: 0/0 concordant.
B9D1,218,survived,up,3,0,0,Same-tissue replication: 3/3 concordant. Cross-tissue: 0/0 concordant.
CCNB2,218,survived,up,3,0,0,Same-tissue replication: 3/3 concordant. Cross-tissue: 0/0 concordant.
GALNT2,218,survived,up,3,0,0,Same-tissue replication: 3/3 concordant. Cross-tissue: 0/0 concordant.
KIAA0930,218,survived,up,3,0,0,Same-tissue replication: 3/3 concordant. Cross-tissue: 0/0 concordant.
MAGED2,218,survived,up,3,0,0,Same-tissue replication: 3/3 concordant. Cross-tissue: 0/0 concordant.
MRTO4,218,survived,up,3,0,0,Same-tissue replication: 3/3 concordant. Cross-tissue: 0/0 concordant.
STMN1,218,survived,up,3,0,0,Same-tissue replication: 3/3 concordant. Cross-tissue: 0/0 concordant.
ZNFX1,218,survived,up,3,0,0,Same-tissue replication: 3/3 concordant. Cross-tissue: 0/0 concordant.
ADAM17,219,survived,up,3,0,0,Same-tissue replication: 3/3 concordant. Cross-tissue: 0/0 concordant.
AIMP2,219,survived,up,3,0,0,Same-tissue replication: 3/3 concordant. Cross-tissue: 0/0 concordant.
CARHSP1,219,survived,up,3,0,0,Same-tissue replication: 3/3 concordant. Cross-tissue: 0/0 concordant.
CCNQ,219,survived,up,3,0,0,Same-tissue replication: 3/3 concordant. Cross-tissue: 0/0 concordant.
CLPP,219,survived,up,3,0,0,Same-tissue replication: 3/3 concordant. Cross-tissue: 0/0 concordant.
CUEDC2,219,survived,up,3,0,0,Same-tissue replication: 3/3 concordant. Cross-tissue: 0/0 concordant.
DPH2,219,survived,up,3,0,0,Same-tissue replication: 3/3 concordant. Cross-tissue: 0/0 concordant.
FAM110A,219,survived,up,3,0,0,Same-tissue replication: 3/3 concordant. Cross-tissue: 0/0 concordant.
FBXW9,219,survived,up,3,0,0,Same-tissue replication: 3/3 concordant. Cross-tissue: 0/0 concordant.
HMGB1,219,survived,up,3,0,0,Same-tissue replication: 3/3 concordant. Cross-tissue: 0/0 concordant.
MANBAL,219,survived,up,3,0,0,Same-tissue replication: 3/3 concordant. Cross-tissue: 0/0 concordant.
MRPL52,219,survived,up,3,0,0,Same-tissue replication: 3/3 concordant. Cross-tissue: 0/0 concordant.
MRPS2,219,survived,up,3,0,0,Same-tissue replication: 3/3 concordant. Cross-tissue: 0/0 concordant.
PSMB5,219,survived,up,3,0,0,Same-tissue replication: 3/3 concordant. Cross-tissue: 0/0 concordant.
PTPMT1,219,survived,up,3,0,0,Same-tissue replication: 3/3 concordant. Cross-tissue: 0/0 concordant.
SF3B4,219,eliminated,up,1,1,0,Significant opposite direction in same-tissue dataset(s): ['GSE32323']. Discovery direction: up.
SRRD,219,survived,up,3,0,0,Same-tissue replication: 3/3 concordant. Cross-tissue: 0/0 concordant.
WDR45B,219,survived,up,3,0,0,Same-tissue replication: 3/3 concordant. Cross-tissue: 0/0 concordant.
CRTAP,220,survived,up,3,0,0,Same-tissue replication: 3/3 concordant. Cross-tissue: 0/0 concordant.
CST4,220,survived,up,3,0,0,Same-tissue replication: 3/3 concordant. Cross-tissue: 0/0 concordant.
GDI1,220,eliminated,up,2,1,0,Significant opposite direction in same-tissue dataset(s): ['GSE32323']. Discovery direction: up.
HSD17B10,220,survived,up,3,0,0,Same-tissue replication: 3/3 concordant. Cross-tissue: 0/0 concordant.
IPO7,220,survived,up,3,0,0,Same-tissue replication: 3/3 concordant. Cross-tissue: 0/0 concordant.
KHSRP,220,survived,up,3,0,0,Same-tissue replication: 3/3 concordant. Cross-tissue: 0/0 concordant.
LTBP2,220,survived,up,3,0,0,Same-tissue replication: 3/3 concordant. Cross-tissue: 0/0 concordant.
NFS1,220,survived,up,3,0,0,Same-tissue replication: 3/3 concordant. Cross-tissue: 0/0 concordant.
SNRPE,220,survived,up,3,0,0,Same-tissue replication: 3/3 concordant. Cross-tissue: 0/0 concordant.
VAC14,220,survived,up,3,0,0,Same-tissue replication: 3/3 concordant. Cross-tissue: 0/0 concordant.
ABCF1,221,survived,up,3,0,0,Same-tissue replication: 3/3 concordant. Cross-tissue: 0/0 concordant.
ARMC1,221,survived,up,3,0,0,Same-tissue replication: 3/3 concordant. Cross-tissue: 0/0 concordant.
BCS1L,221,survived,up,3,0,0,Same-tissue replication: 3/3 concordant. Cross-tissue: 0/0 concordant.
CARS1,221,eliminated,up,2,1,0,Significant opposite direction in same-tissue dataset(s): ['GSE32323']. Discovery direction: up.
CLIC1,221,survived,up,3,0,0,Same-tissue replication: 3/3 concordant. Cross-tissue: 0/0 concordant.
CSNK2B,221,survived,up,3,0,0,Same-tissue replication: 3/3 concordant. Cross-tissue: 0/0 concordant.
FAAP100,221,survived,up,3,0,0,Same-tissue replication: 3/3 concordant. Cross-tissue: 0/0 concordant.
FANCE,221,survived,up,3,0,0,Same-tissue replication: 3/3 concordant. Cross-tissue: 0/0 concordant.
HNRNPA3,221,survived,up,3,0,0,Same-tissue replication: 3/3 concordant. Cross-tissue: 0/0 concordant.
MRPL48,221,survived,up,3,0,0,Same-tissue replication: 3/3 concordant. Cross-tissue: 0/0 concordant.
MRPS34,221,survived,up,3,0,0,Same-tissue replication: 3/3 concordant. Cross-tissue: 0/0 concordant.
PSMA1,221,survived,up,3,0,0,Same-tissue replication: 3/3 concordant. Cross-tissue: 0/0 concordant.
RPAP2,221,survived,up,3,0,0,Same-tissue replication: 3/3 concordant. Cross-tissue: 0/0 concordant.
ABCF2,222,survived,up,3,0,0,Same-tissue replication: 3/3 concordant. Cross-tissue: 0/0 concordant.
CNNM3,222,survived,up,3,0,0,Same-tissue replication: 3/3 concordant. Cross-tissue: 0/0 concordant.
DAP3,222,survived,up,3,0,0,Same-tissue replication: 3/3 concordant. Cross-tissue: 0/0 concordant.
DDRGK1,222,survived,up,2,0,0,Same-tissue replication: 2/3 concordant. Cross-tissue: 0/0 concordant.
EIF2B3,222,survived,up,3,0,0,Same-tissue replication: 3/3 concordant. Cross-tissue: 0/0 concordant.
EXOG,222,survived,up,3,0,0,Same-tissue replication: 3/3 concordant. Cross-tissue: 0/0 concordant.
FDX2,222,survived,up,3,0,0,Same-tissue replication: 3/3 concordant. Cross-tissue: 0/0 concordant.
MRPL14,222,survived,up,3,0,0,Same-tissue replication: 3/3 concordant. Cross-tissue: 0/0 concordant.
NIP7,222,survived,up,3,0,0,Same-tissue replication: 3/3 concordant. Cross-tissue: 0/0 concordant.
PFKM,222,survived,up,3,0,0,Same-tissue replication: 3/3 concordant. Cross-tissue: 0/0 concordant.
POLR1A,222,survived,up,3,0,0,Same-tissue replication: 3/3 concordant. Cross-tissue: 0/0 concordant.
POLR2K,222,survived,up,3,0,0,Same-tissue replication: 3/3 concordant. Cross-tissue: 0/0 concordant.
RRP36,222,survived,up,3,0,0,Same-tissue replication: 3/3 concordant. Cross-tissue: 0/0 concordant.
RWDD2A,222,survived,up,3,0,0,Same-tissue replication: 3/3 concordant. Cross-tissue: 0/0 concordant.
SENP5,222,survived,up,3,0,0,Same-tissue replication: 3/3 concordant. Cross-tissue: 0/0 concordant.
SLC25A14,222,survived,up,3,0,0,Same-tissue replication: 3/3 concordant. Cross-tissue: 0/0 concordant.
SLC2A4RG,222,survived,up,3,0,0,Same-tissue replication: 3/3 concordant. Cross-tissue: 0/0 concordant.
SMG8,222,survived,up,3,0,0,Same-tissue replication: 3/3 concordant. Cross-tissue: 0/0 concordant.
SYNGR2,222,survived,up,3,0,0,Same-tissue replication: 3/3 concordant. Cross-tissue: 0/0 concordant.
TCEA1,222,survived,up,3,0,0,Same-tissue replication: 3/3 concordant. Cross-tissue: 0/0 concordant.
U2AF2,222,survived,up,3,0,0,Same-tissue replication: 3/3 concordant. Cross-tissue: 0/0 concordant.
ZDHHC8,222,survived,up,3,0,0,Same-tissue replication: 3/3 concordant. Cross-tissue: 0/0 concordant.
ITGBL1,223,survived,up,3,0,0,Same-tissue replication: 3/3 concordant. Cross-tissue: 0/0 concordant.
NCDN,223,survived,up,3,0,0,Same-tissue replication: 3/3 concordant. Cross-tissue: 0/0 concordant.
RBP1,223,survived,up,3,0,0,Same-tissue replication: 3/3 concordant. Cross-tissue: 0/0 concordant.
SMC2,223,survived,up,3,0,0,Same-tissue replication: 3/3 concordant. Cross-tissue: 0/0 concordant.
KANK4,224,survived,down,2,0,0,Same-tissue replication: 2/3 concordant. Cross-tissue: 0/0 concordant.
OSR1,224,survived,down,3,0,0,Same-tissue replication: 3/3 concordant. Cross-tissue: 0/0 concordant.
PDZK1,224,survived,down,3,0,0,Same-tissue replication: 3/3 concordant. Cross-tissue: 0/0 concordant.
PIGR,224,survived,down,3,0,0,Same-tissue replication: 3/3 concordant. Cross-tissue: 0/0 concordant.
SALL1,224,survived,down,3,0,0,Same-tissue replication: 3/3 concordant. Cross-tissue: 0/0 concordant.
TAFA2,224,survived,down,3,0,0,Same-tissue replication: 3/3 concordant. Cross-tissue: 0/0 concordant.
UNC5C,224,survived,down,3,0,0,Same-tissue replication: 3/3 concordant. Cross-tissue: 0/0 concordant.
ACP1,226,survived,up,3,0,0,Same-tissue replication: 3/3 concordant. Cross-tissue: 0/0 concordant.
DCLRE1C,226,survived,up,3,0,0,Same-tissue replication: 3/3 concordant. Cross-tissue: 0/0 concordant.
TTF1,226,survived,up,3,0,0,Same-tissue replication: 3/3 concordant. Cross-tissue: 0/0 concordant.
VPS41,226,survived,up,3,0,0,Same-tissue replication: 3/3 concordant. Cross-tissue: 0/0 concordant.
BTG1,227,survived,down,3,0,0,Same-tissue replication: 3/3 concordant. Cross-tissue: 0/0 concordant.
C10orf143,227,survived,down,3,0,0,Same-tissue replication: 3/3 concordant. Cross-tissue: 0/0 concordant.
GIMAP8,227,survived,down,3,0,0,Same-tissue replication: 3/3 concordant. Cross-tissue: 0/0 concordant.
GNAQ,227,survived,down,3,0,0,Same-tissue replication: 3/3 concordant. Cross-tissue: 0/0 concordant.
LRCH2,227,survived,down,3,0,0,Same-tissue replication: 3/3 concordant. Cross-tissue: 0/0 concordant.
MAP2K6,227,survived,down,2,0,0,Same-tissue replication: 2/3 concordant. Cross-tissue: 0/0 concordant.
NCBP3,227,survived,down,3,0,0,Same-tissue replication: 3/3 concordant. Cross-tissue: 0/0 concordant.
SMAD7,227,survived,down,3,0,0,Same-tissue replication: 3/3 concordant. Cross-tissue: 0/0 concordant.
MBD2,228,survived,down,3,0,0,Same-tissue replication: 3/3 concordant. Cross-tissue: 0/0 concordant.
MSRA,228,survived,down,3,0,0,Same-tissue replication: 3/3 concordant. Cross-tissue: 0/0 concordant.
SNX13,228,survived,down,3,0,0,Same-tissue replication: 3/3 concordant. Cross-tissue: 0/0 concordant.
STON2,228,survived,down,3,0,0,Same-tissue replication: 3/3 concordant. Cross-tissue: 0/0 concordant.
C4orf33,229,survived,down,3,0,0,Same-tissue replication: 3/3 concordant. Cross-tissue: 0/0 concordant.
CAT,229,survived,down,2,0,0,Same-tissue replication: 2/3 concordant. Cross-tissue: 0/0 concordant.
DSEL,229,survived,down,3,0,0,Same-tissue replication: 3/3 concordant. Cross-tissue: 0/0 concordant.
FZD5,229,survived,down,3,0,0,Same-tissue replication: 3/3 concordant. Cross-tissue: 0/0 concordant.
SH3BGR,229,survived,down,2,0,0,Same-tissue replication: 2/3 concordant. Cross-tissue: 0/0 concordant.
ZDHHC2,229,survived,down,3,0,0,Same-tissue replication: 3/3 concordant. Cross-tissue: 0/0 concordant.
ATP8B3,230,eliminated,down,1,2,0,"Significant opposite direction in same-tissue dataset(s): ['GSE37364', 'GSE39582']. Discovery direction: down."
FAHD1,230,survived,down,3,0,0,Same-tissue replication: 3/3 concordant. Cross-tissue: 0/0 concordant.
FOXD2,230,survived,down,3,0,0,Same-tissue replication: 3/3 concordant. Cross-tissue: 0/0 concordant.
GAS7,230,survived,down,3,0,0,Same-tissue replication: 3/3 concordant. Cross-tissue: 0/0 concordant.
GATD3,230,survived,down,3,0,0,Same-tissue replication: 3/3 concordant. Cross-tissue: 0/0 concordant.
HOXD8,230,survived,down,3,0,0,Same-tissue replication: 3/3 concordant. Cross-tissue: 0/0 concordant.
HSBP1L1,230,survived,down,3,0,0,Same-tissue replication: 3/3 concordant. Cross-tissue: 0/0 concordant.
LMO2,230,survived,down,3,0,0,Same-tissue replication: 3/3 concordant. Cross-tissue: 0/0 concordant.
MTFR1L,230,survived,down,3,0,0,Same-tissue replication: 3/3 concordant. Cross-tissue: 0/0 concordant.
RAB37,230,survived,down,3,0,0,Same-tissue replication: 3/3 concordant. Cross-tissue: 0/0 concordant.
SFMBT2,230,survived,down,3,0,0,Same-tissue replication: 3/3 concordant. Cross-tissue: 0/0 concordant.
SGCB,230,survived,down,2,0,0,Same-tissue replication: 2/3 concordant. Cross-tissue: 0/0 concordant.
STS,230,survived,down,2,0,0,Same-tissue replication: 2/3 concordant. Cross-tissue: 0/0 concordant.
SYT13,230,survived,down,2,0,0,Same-tissue replication: 2/3 concordant. Cross-tissue: 0/0 concordant.
TMEM254,230,survived,down,2,0,0,Same-tissue replication: 2/3 concordant. Cross-tissue: 0/0 concordant.
ZMAT1,230,survived,down,3,0,0,Same-tissue replication: 3/3 concordant. Cross-tissue: 0/0 concordant.
C1QA,231,survived,down,3,0,0,Same-tissue replication: 3/3 concordant. Cross-tissue: 0/0 concordant.
CD8A,231,survived,down,3,0,0,Same-tissue replication: 3/3 concordant. Cross-tissue: 0/0 concordant.
CHCT1,231,survived,down,2,0,0,Same-tissue replication: 2/3 concordant. Cross-tissue: 0/0 concordant.
GZMA,231,survived,down,3,0,0,Same-tissue replication: 3/3 concordant. Cross-tissue: 0/0 concordant.
IL1R1,231,survived,down,3,0,0,Same-tissue replication: 3/3 concordant. Cross-tissue: 0/0 concordant.
KL,231,survived,down,3,0,0,Same-tissue replication: 3/3 concordant. Cross-tissue: 0/0 concordant.
FNIP2,232,survived,down,3,0,0,Same-tissue replication: 3/3 concordant. Cross-tissue: 0/0 concordant.
JAK2,232,survived,down,3,0,0,Same-tissue replication: 3/3 concordant. Cross-tissue: 0/0 concordant.
LPXN,232,survived,down,3,0,0,Same-tissue replication: 3/3 concordant. Cross-tissue: 0/0 concordant.
RASSF4,232,survived,down,3,0,0,Same-tissue replication: 3/3 concordant. Cross-tissue: 0/0 concordant.
SNX2,232,survived,down,2,0,0,Same-tissue replication: 2/3 concordant. Cross-tissue: 0/0 concordant.
SUSD6,232,survived,down,3,0,0,Same-tissue replication: 3/3 concordant. Cross-tissue: 0/0 concordant.
ZBTB37,232,survived,down,3,0,0,Same-tissue replication: 3/3 concordant. Cross-tissue: 0/0 concordant.
ARNT2,233,survived,down,2,0,0,Same-tissue replication: 2/3 concordant. Cross-tissue: 0/0 concordant.
CCDC159,233,survived,down,3,0,0,Same-tissue replication: 3/3 concordant. Cross-tissue: 0/0 concordant.
EFNA2,233,survived,down,3,0,0,Same-tissue replication: 3/3 concordant. Cross-tissue: 0/0 concordant.
HCK,233,survived,down,1,0,0,Same-tissue replication: 1/3 concordant. Cross-tissue: 0/0 concordant.
IKZF1,233,survived,down,3,0,0,Same-tissue replication: 3/3 concordant. Cross-tissue: 0/0 concordant.
KIF26A,233,survived,down,3,0,0,Same-tissue replication: 3/3 concordant. Cross-tissue: 0/0 concordant.
LTBP4,233,survived,down,3,0,0,Same-tissue replication: 3/3 concordant. Cross-tissue: 0/0 concordant.
NKX2-2,233,survived,down,3,0,0,Same-tissue replication: 3/3 concordant. Cross-tissue: 0/0 concordant.
NTRK2,233,survived,down,2,0,0,Same-tissue replication: 2/3 concordant. Cross-tissue: 0/0 concordant.
PLXNA2,233,survived,down,3,0,0,Same-tissue replication: 3/3 concordant. Cross-tissue: 0/0 concordant.
PNLIPRP2,233,survived,down,3,0,0,Same-tissue replication: 3/3 concordant. Cross-tissue: 0/0 concordant.
SEPTIN1,233,survived,down,2,0,0,Same-tissue replication: 2/3 concordant. Cross-tissue: 0/0 concordant.
ZNF793,233,survived,down,3,0,0,Same-tissue replication: 3/3 concordant. Cross-tissue: 0/0 concordant.
ABI3BP,234,survived,down,3,0,0,Same-tissue replication: 3/3 concordant. Cross-tissue: 0/0 concordant.
ASPA,234,survived,down,3,0,0,Same-tissue replication: 3/3 concordant. Cross-tissue: 0/0 concordant.
IRAG2,234,survived,down,3,0,0,Same-tissue replication: 3/3 concordant. Cross-tissue: 0/0 concordant.
MMP28,234,survived,down,3,0,0,Same-tissue replication: 3/3 concordant. Cross-tissue: 0/0 concordant.
PLAC8,234,survived,down,3,0,0,Same-tissue replication: 3/3 concordant. Cross-tissue: 0/0 concordant.
ZBTB7C,234,survived,down,3,0,0,Same-tissue replication: 3/3 concordant. Cross-tissue: 0/0 concordant.
CEACAM7,235,survived,down,3,0,0,Same-tissue replication: 3/3 concordant. Cross-tissue: 0/0 concordant.
LIFR,235,survived,down,3,0,0,Same-tissue replication: 3/3 concordant. Cross-tissue: 0/0 concordant.
PCK1,235,survived,down,3,0,0,Same-tissue replication: 3/3 concordant. Cross-tissue: 0/0 concordant.
SLC26A2,235,survived,down,3,0,0,Same-tissue replication: 3/3 concordant. Cross-tissue: 0/0 concordant.
TPH1,235,survived,down,3,0,0,Same-tissue replication: 3/3 concordant. Cross-tissue: 0/0 concordant.
CREG1,236,survived,up,3,0,0,Same-tissue replication: 3/3 concordant. Cross-tissue: 0/0 concordant.
DDX50,236,survived,up,3,0,0,Same-tissue replication: 3/3 concordant. Cross-tissue: 0/0 concordant.
NPEPL1,236,survived,up,2,0,0,Same-tissue replication: 2/3 concordant. Cross-tissue: 0/0 concordant.
OSBPL8,236,survived,up,3,0,0,Same-tissue replication: 3/3 concordant. Cross-tissue: 0/0 concordant.
PDLIM7,236,survived,up,2,0,0,Same-tissue replication: 2/3 concordant. Cross-tissue: 0/0 concordant.
RAD51B,236,survived,up,3,0,0,Same-tissue replication: 3/3 concordant. Cross-tissue: 0/0 concordant.
RPAIN,236,survived,up,3,0,0,Same-tissue replication: 3/3 concordant. Cross-tissue: 0/0 concordant.
SLC26A11,236,survived,up,2,0,0,Same-tissue replication: 2/3 concordant. Cross-tissue: 0/0 concordant.
STEAP3,236,survived,up,2,0,0,Same-tissue replication: 2/3 concordant. Cross-tissue: 0/0 concordant.
TTC9C,236,survived,up,3,0,0,Same-tissue replication: 3/3 concordant. Cross-tissue: 0/0 concordant.
COPA,238,survived,up,2,0,0,Same-tissue replication: 2/3 concordant. Cross-tissue: 0/0 concordant.
GTF2H5,238,survived,up,3,0,0,Same-tissue replication: 3/3 concordant. Cross-tissue: 0/0 concordant.
NUDT21,238,survived,up,3,0,0,Same-tissue replication: 3/3 concordant. Cross-tissue: 0/0 concordant.
ACVR1,239,survived,up,3,0,0,Same-tissue replication: 3/3 concordant. Cross-tissue: 0/0 concordant.
ARID5B,239,survived,up,3,0,0,Same-tissue replication: 3/3 concordant. Cross-tissue: 0/0 concordant.
CEP112,239,survived,up,3,0,0,Same-tissue replication: 3/3 concordant. Cross-tissue: 0/0 concordant.
DNM1,239,survived,up,3,0,0,Same-tissue replication: 3/3 concordant. Cross-tissue: 0/0 concordant.
EP400,239,survived,up,3,0,0,Same-tissue replication: 3/3 concordant. Cross-tissue: 0/0 concordant.
FANCD2,239,survived,up,3,0,0,Same-tissue replication: 3/3 concordant. Cross-tissue: 0/0 concordant.
GALK1,239,survived,up,3,0,0,Same-tissue replication: 3/3 concordant. Cross-tissue: 0/0 concordant.
ITGA5,239,survived,up,2,0,0,Same-tissue replication: 2/3 concordant. Cross-tissue: 0/0 concordant.
KIF3C,239,survived,up,3,0,0,Same-tissue replication: 3/3 concordant. Cross-tissue: 0/0 concordant.
NUP98,239,survived,up,3,0,0,Same-tissue replication: 3/3 concordant. Cross-tissue: 0/0 concordant.
PGD,239,survived,up,3,0,0,Same-tissue replication: 3/3 concordant. Cross-tissue: 0/0 concordant.
ROBO1,239,survived,up,3,0,0,Same-tissue replication: 3/3 concordant. Cross-tissue: 0/0 concordant.
RPS6KC1,239,survived,up,2,0,0,Same-tissue replication: 2/3 concordant. Cross-tissue: 0/0 concordant.
SRP19,239,survived,up,3,0,0,Same-tissue replication: 3/3 concordant. Cross-tissue: 0/0 concordant.
SYNCRIP,239,survived,up,3,0,0,Same-tissue replication: 3/3 concordant. Cross-tissue: 0/0 concordant.
SYPL1,239,survived,up,3,0,0,Same-tissue replication: 3/3 concordant. Cross-tissue: 0/0 concordant.
CD40,240,survived,up,0,0,0,Same-tissue replication: 0/3 concordant. Cross-tissue: 0/0 concordant.
GTF2H4,240,survived,up,3,0,0,Same-tissue replication: 3/3 concordant. Cross-tissue: 0/0 concordant.
MOSPD2,240,survived,up,3,0,0,Same-tissue replication: 3/3 concordant. Cross-tissue: 0/0 concordant.
MRPL10,240,survived,up,3,0,0,Same-tissue replication: 3/3 concordant. Cross-tissue: 0/0 concordant.
BAG3,241,eliminated,up,2,1,0,Significant opposite direction in same-tissue dataset(s): ['GSE32323']. Discovery direction: up.
CERS5,241,survived,up,3,0,0,Same-tissue replication: 3/3 concordant. Cross-tissue: 0/0 concordant.
CLCN4,241,survived,up,3,0,0,Same-tissue replication: 3/3 concordant. Cross-tissue: 0/0 concordant.
CXCL9,241,survived,up,3,0,0,Same-tissue replication: 3/3 concordant. Cross-tissue: 0/0 concordant.
DKK2,241,survived,up,3,0,0,Same-tissue replication: 3/3 concordant. Cross-tissue: 0/0 concordant.
FIBIN,241,survived,up,3,0,0,Same-tissue replication: 3/3 concordant. Cross-tissue: 0/0 concordant.
FSBP,241,survived,up,3,0,0,Same-tissue replication: 3/3 concordant. Cross-tissue: 0/0 concordant.
KRT17,241,survived,up,3,0,0,Same-tissue replication: 3/3 concordant. Cross-tissue: 0/0 concordant.
LONRF1,241,survived,up,3,0,0,Same-tissue replication: 3/3 concordant. Cross-tissue: 0/0 concordant.
MMD,241,survived,up,3,0,0,Same-tissue replication: 3/3 concordant. Cross-tissue: 0/0 concordant.
NCOA3,241,survived,up,3,0,0,Same-tissue replication: 3/3 concordant. Cross-tissue: 0/0 concordant.
PLEKHA2,241,survived,up,3,0,0,Same-tissue replication: 3/3 concordant. Cross-tissue: 0/0 concordant.
SLC2A14,241,survived,up,3,0,0,Same-tissue replication: 3/3 concordant. Cross-tissue: 0/0 concordant.
SLC35F6,241,eliminated,up,2,1,0,Significant opposite direction in same-tissue dataset(s): ['GSE32323']. Discovery direction: up.
TAP2,241,survived,up,3,0,0,Same-tissue replication: 3/3 concordant. Cross-tissue: 0/0 concordant.
ADAM28,244,survived,down,3,0,0,Same-tissue replication: 3/3 concordant. Cross-tissue: 0/0 concordant.
CD36,244,survived,down,3,0,0,Same-tissue replication: 3/3 concordant. Cross-tissue: 0/0 concordant.
CDH19,244,survived,down,3,0,0,Same-tissue replication: 3/3 concordant. Cross-tissue: 0/0 concordant.
CPM,244,survived,down,3,0,0,Same-tissue replication: 3/3 concordant. Cross-tissue: 0/0 concordant.
ECRG4,244,survived,down,3,0,0,Same-tissue replication: 3/3 concordant. Cross-tissue: 0/0 concordant.
LRRC19,244,survived,down,3,0,0,Same-tissue replication: 3/3 concordant. Cross-tissue: 0/0 concordant.
MEP1B,244,survived,down,3,0,0,Same-tissue replication: 3/3 concordant. Cross-tissue: 0/0 concordant.
PADI2,244,survived,down,3,0,0,Same-tissue replication: 3/3 concordant. Cross-tissue: 0/0 concordant.
PTGDR,244,survived,down,3,0,0,Same-tissue replication: 3/3 concordant. Cross-tissue: 0/0 concordant.
SLC17A4,244,survived,down,3,0,0,Same-tissue replication: 3/3 concordant. Cross-tissue: 0/0 concordant.
SOSTDC1,244,survived,down,3,0,0,Same-tissue replication: 3/3 concordant. Cross-tissue: 0/0 concordant.
SPIB,244,survived,down,3,0,0,Same-tissue replication: 3/3 concordant. Cross-tissue: 0/0 concordant.
SPINK2,244,survived,down,3,0,0,Same-tissue replication: 3/3 concordant. Cross-tissue: 0/0 concordant.
SPINK5,244,survived,down,3,0,0,Same-tissue replication: 3/3 concordant. Cross-tissue: 0/0 concordant.
TUBAL3,244,survived,down,3,0,0,Same-tissue replication: 3/3 concordant. Cross-tissue: 0/0 concordant.
BEST4,245,survived,down,3,0,0,Same-tissue replication: 3/3 concordant. Cross-tissue: 0/0 concordant.
CA7,245,survived,down,3,0,0,Same-tissue replication: 3/3 concordant. Cross-tissue: 0/0 concordant.
CLCA1,245,survived,down,3,0,0,Same-tissue replication: 3/3 concordant. Cross-tissue: 0/0 concordant.
HEPACAM2,245,survived,down,3,0,0,Same-tissue replication: 3/3 concordant. Cross-tissue: 0/0 concordant.
HSD17B2,245,survived,down,3,0,0,Same-tissue replication: 3/3 concordant. Cross-tissue: 0/0 concordant.
LGALS2,245,survived,down,3,0,0,Same-tissue replication: 3/3 concordant. Cross-tissue: 0/0 concordant.
SST,245,survived,down,3,0,0,Same-tissue replication: 3/3 concordant. Cross-tissue: 0/0 concordant.
ANKRD40,246,survived,up,1,0,0,Same-tissue replication: 1/3 concordant. Cross-tissue: 0/0 concordant.
ARCN1,246,eliminated,up,0,1,0,Significant opposite direction in same-tissue dataset(s): ['GSE32323']. Discovery direction: up.
ATL2,246,survived,up,3,0,0,Same-tissue replication: 3/3 concordant. Cross-tissue: 0/0 concordant.
CREB3L2,246,survived,up,3,0,0,Same-tissue replication: 3/3 concordant. Cross-tissue: 0/0 concordant.
DNM1L,246,survived,up,3,0,0,Same-tissue replication: 3/3 concordant. Cross-tissue: 0/0 concordant.
ELK3,246,survived,up,3,0,0,Same-tissue replication: 3/3 concordant. Cross-tissue: 0/0 concordant.
ERC1,246,survived,up,2,0,0,Same-tissue replication: 2/3 concordant. Cross-tissue: 0/0 concordant.
ESD,246,survived,up,3,0,0,Same-tissue replication: 3/3 concordant. Cross-tissue: 0/0 concordant.
FTO,246,survived,up,3,0,0,Same-tissue replication: 3/3 concordant. Cross-tissue: 0/0 concordant.
KIF22,246,survived,up,3,0,0,Same-tissue replication: 3/3 concordant. Cross-tissue: 0/0 concordant.
MYRIP,246,survived,up,2,0,0,Same-tissue replication: 2/3 concordant. Cross-tissue: 0/0 concordant.
RNFT2,246,survived,up,3,0,0,Same-tissue replication: 3/3 concordant. Cross-tissue: 0/0 concordant.
SMAD5,246,survived,up,3,0,0,Same-tissue replication: 3/3 concordant. Cross-tissue: 0/0 concordant.
SNX25,246,survived,up,3,0,0,Same-tissue replication: 3/3 concordant. Cross-tissue: 0/0 concordant.
SREBF1,246,survived,up,2,0,0,Same-tissue replication: 2/3 concordant. Cross-tissue: 0/0 concordant.
THEM4,246,survived,up,3,0,0,Same-tissue replication: 3/3 concordant. Cross-tissue: 0/0 concordant.
EAF1,247,survived,up,2,0,0,Same-tissue replication: 2/3 concordant. Cross-tissue: 0/0 concordant.
HUS1,247,eliminated,up,0,1,0,Significant opposite direction in same-tissue dataset(s): ['GSE39582']. Discovery direction: up.
LFNG,247,survived,up,3,0,0,Same-tissue replication: 3/3 concordant. Cross-tissue: 0/0 concordant.
NPAS2,247,survived,up,1,0,0,Same-tissue replication: 1/3 concordant. Cross-tissue: 0/0 concordant.
PAPOLG,247,survived,up,3,0,0,Same-tissue replication: 3/3 concordant. Cross-tissue: 0/0 concordant.
STRN4,247,eliminated,up,2,1,0,Significant opposite direction in same-tissue dataset(s): ['GSE32323']. Discovery direction: up.
TMEM165,247,survived,up,3,0,0,Same-tissue replication: 3/3 concordant. Cross-tissue: 0/0 concordant.
CERCAM,248,eliminated,up,2,1,0,Significant opposite direction in same-tissue dataset(s): ['GSE32323']. Discovery direction: up.
CYP2S1,248,survived,up,3,0,0,Same-tissue replication: 3/3 concordant. Cross-tissue: 0/0 concordant.
ENO2,248,survived,up,3,0,0,Same-tissue replication: 3/3 concordant. Cross-tissue: 0/0 concordant.
IL17A,248,eliminated,up,1,2,0,"Significant opposite direction in same-tissue dataset(s): ['GSE32323', 'GSE39582']. Discovery direction: up."
IRX5,248,survived,up,3,0,0,Same-tissue replication: 3/3 concordant. Cross-tissue: 0/0 concordant.
PATL1,248,survived,up,3,0,0,Same-tissue replication: 3/3 concordant. Cross-tissue: 0/0 concordant.
SLCO3A1,248,survived,up,3,0,0,Same-tissue replication: 3/3 concordant. Cross-tissue: 0/0 concordant.
TASP1,248,survived,up,3,0,0,Same-tissue replication: 3/3 concordant. Cross-tissue: 0/0 concordant.
TMED1,248,survived,up,3,0,0,Same-tissue replication: 3/3 concordant. Cross-tissue: 0/0 concordant.
ALAS1,249,survived,down,3,0,0,Same-tissue replication: 3/3 concordant. Cross-tissue: 0/0 concordant.
BCL6,249,survived,up,2,0,0,Same-tissue replication: 2/3 concordant. Cross-tissue: 0/0 concordant.
CCN2,249,eliminated,up,2,1,0,Significant opposite direction in same-tissue dataset(s): ['GSE32323']. Discovery direction: up.
DLAT,249,survived,down,3,0,0,Same-tissue replication: 3/3 concordant. Cross-tissue: 0/0 concordant.
GEM,249,survived,up,2,0,0,Same-tissue replication: 2/3 concordant. Cross-tissue: 0/0 concordant.
ITM2B,249,survived,down,3,0,0,Same-tissue replication: 3/3 concordant. Cross-tissue: 0/0 concordant.
UBE2O,249,survived,up,3,0,0,Same-tissue replication: 3/3 concordant. Cross-tissue: 0/0 concordant.
ANXA7,250,survived,down,3,0,0,Same-tissue replication: 3/3 concordant. Cross-tissue: 0/0 concordant.
BTD,250,survived,down,3,0,0,Same-tissue replication: 3/3 concordant. Cross-tissue: 0/0 concordant.
CH25H,250,survived,up,2,0,0,Same-tissue replication: 2/3 concordant. Cross-tissue: 0/0 concordant.
FILIP1L,250,survived,up,3,0,0,Same-tissue replication: 3/3 concordant. Cross-tissue: 0/0 concordant.
GLRX,250,survived,down,2,0,0,Same-tissue replication: 2/3 concordant. Cross-tissue: 0/0 concordant.
HBEGF,250,eliminated,up,1,2,0,"Significant opposite direction in same-tissue dataset(s): ['GSE32323', 'GSE39582']. Discovery direction: up."
IRX2,250,survived,up,3,0,0,Same-tissue replication: 3/3 concordant. Cross-tissue: 0/0 concordant.
NR4A2,250,eliminated,up,1,1,0,Significant opposite direction in same-tissue dataset(s): ['GSE32323']. Discovery direction: up.
OSTM1,250,survived,down,2,0,0,Same-tissue replication: 2/3 concordant. Cross-tissue: 0/0 concordant.
RPL8,250,survived,up,3,0,0,Same-tissue replication: 3/3 concordant. Cross-tissue: 0/0 concordant.
APOL3,251,eliminated,down,2,1,0,Significant opposite direction in same-tissue dataset(s): ['GSE39582']. Discovery direction: down.
ENTREP1,251,survived,down,3,0,0,Same-tissue replication: 3/3 concordant. Cross-tissue: 0/0 concordant.
ERRFI1,251,eliminated,up,1,1,0,Significant opposite direction in same-tissue dataset(s): ['GSE32323']. Discovery direction: up.
ISCU,251,survived,down,2,0,0,Same-tissue replication: 2/3 concordant. Cross-tissue: 0/0 concordant.
MAFF,251,eliminated,up,1,1,0,Significant opposite direction in same-tissue dataset(s): ['GSE32323']. Discovery direction: up.
TRIM22,251,survived,down,1,0,0,Same-tissue replication: 1/3 concordant. Cross-tissue: 0/0 concordant.
ATF3,252,eliminated,up,1,2,0,"Significant opposite direction in same-tissue dataset(s): ['GSE32323', 'GSE39582']. Discovery direction: up."
CDC42EP3,252,survived,down,3,0,0,Same-tissue replication: 3/3 concordant. Cross-tissue: 0/0 concordant.
CLK1,252,survived,up,2,0,0,Same-tissue replication: 2/3 concordant. Cross-tissue: 0/0 concordant.
CPLANE1,252,survived,down,2,0,0,Same-tissue replication: 2/3 concordant. Cross-tissue: 0/0 concordant.
EGR1,252,survived,up,2,0,0,Same-tissue replication: 2/3 concordant. Cross-tissue: 0/0 concordant.
MAN1C1,252,survived,down,3,0,0,Same-tissue replication: 3/3 concordant. Cross-tissue: 0/0 concordant.
RMC1,252,survived,down,3,0,0,Same-tissue replication: 3/3 concordant. Cross-tissue: 0/0 concordant.
TBC1D2,252,eliminated,up,2,1,0,Significant opposite direction in same-tissue dataset(s): ['GSE32323']. Discovery direction: up.
BTF3L4,254,survived,up,3,0,0,Same-tissue replication: 3/3 concordant. Cross-tissue: 0/0 concordant.
EMG1,254,survived,up,3,0,0,Same-tissue replication: 3/3 concordant. Cross-tissue: 0/0 concordant.
GRPEL2,254,survived,up,3,0,0,Same-tissue replication: 3/3 concordant. Cross-tissue: 0/0 concordant.
KPNA3,254,survived,up,3,0,0,Same-tissue replication: 3/3 concordant. Cross-tissue: 0/0 concordant.
NUP93,254,survived,up,3,0,0,Same-tissue replication: 3/3 concordant. Cross-tissue: 0/0 concordant.
PXMP4,254,survived,up,3,0,0,Same-tissue replication: 3/3 concordant. Cross-tissue: 0/0 concordant.
SMIM29,254,survived,up,3,0,0,Same-tissue replication: 3/3 concordant. Cross-tissue: 0/0 concordant.
TARBP1,254,survived,up,3,0,0,Same-tissue replication: 3/3 concordant. Cross-tissue: 0/0 concordant.
UMPS,254,survived,up,3,0,0,Same-tissue replication: 3/3 concordant. Cross-tissue: 0/0 concordant.
WDR54,254,survived,up,3,0,0,Same-tissue replication: 3/3 concordant. Cross-tissue: 0/0 concordant.
ZNF281,254,survived,up,3,0,0,Same-tissue replication: 3/3 concordant. Cross-tissue: 0/0 concordant.
FITM2,255,survived,up,3,0,0,Same-tissue replication: 3/3 concordant. Cross-tissue: 0/0 concordant.
GATAD2A,255,survived,up,1,0,0,Same-tissue replication: 1/3 concordant. Cross-tissue: 0/0 concordant.
KIF20B,255,survived,up,3,0,0,Same-tissue replication: 3/3 concordant. Cross-tissue: 0/0 concordant.
PCNX2,255,survived,up,3,0,0,Same-tissue replication: 3/3 concordant. Cross-tissue: 0/0 concordant.
RCC1,255,survived,up,3,0,0,Same-tissue replication: 3/3 concordant. Cross-tissue: 0/0 concordant.
SRD5A1,255,survived,up,3,0,0,Same-tissue replication: 3/3 concordant. Cross-tissue: 0/0 concordant.
TGS1,255,survived,up,3,0,0,Same-tissue replication: 3/3 concordant. Cross-tissue: 0/0 concordant.
C11orf96,256,eliminated,up,2,1,0,Significant opposite direction in same-tissue dataset(s): ['GSE32323']. Discovery direction: up.
CCSER2,256,survived,up,3,0,0,Same-tissue replication: 3/3 concordant. Cross-tissue: 0/0 concordant.
EGR2,256,survived,up,2,0,0,Same-tissue replication: 2/3 concordant. Cross-tissue: 0/0 concordant.
KDM6A,256,survived,down,2,0,0,Same-tissue replication: 2/3 concordant. Cross-tissue: 0/0 concordant.
MACO1,256,survived,down,3,0,0,Same-tissue replication: 3/3 concordant. Cross-tissue: 0/0 concordant.
MREG,256,survived,up,1,0,0,Same-tissue replication: 1/3 concordant. Cross-tissue: 0/0 concordant.
SCAF4,256,survived,up,2,0,0,Same-tissue replication: 2/3 concordant. Cross-tissue: 0/0 concordant.
SCAMP1,256,survived,up,3,0,0,Same-tissue replication: 3/3 concordant. Cross-tissue: 0/0 concordant.
TCEAL1,256,survived,up,3,0,0,Same-tissue replication: 3/3 concordant. Cross-tissue: 0/0 concordant.
CYB5D2,259,survived,down,3,0,0,Same-tissue replication: 3/3 concordant. Cross-tissue: 0/0 concordant.
DHRS4L2,259,survived,down,3,0,0,Same-tissue replication: 3/3 concordant. Cross-tissue: 0/0 concordant.
FLI1,259,survived,down,3,0,0,Same-tissue replication: 3/3 concordant. Cross-tissue: 0/0 concordant.
HECTD3,259,survived,down,3,0,0,Same-tissue replication: 3/3 concordant. Cross-tissue: 0/0 concordant.
MAPK3,259,survived,down,3,0,0,Same-tissue replication: 3/3 concordant. Cross-tissue: 0/0 concordant.
SPAG7,259,survived,down,3,0,0,Same-tissue replication: 3/3 concordant. Cross-tissue: 0/0 concordant.
STPG1,259,survived,down,3,0,0,Same-tissue replication: 3/3 concordant. Cross-tissue: 0/0 concordant.
ULK3,259,survived,down,3,0,0,Same-tissue replication: 3/3 concordant. Cross-tissue: 0/0 concordant.
ZSCAN18,259,survived,down,3,0,0,Same-tissue replication: 3/3 concordant. Cross-tissue: 0/0 concordant.
C1QTNF7,260,survived,down,3,0,0,Same-tissue replication: 3/3 concordant. Cross-tissue: 0/0 concordant.
CBX7,260,survived,down,3,0,0,Same-tissue replication: 3/3 concordant. Cross-tissue: 0/0 concordant.
MDFIC,260,survived,down,3,0,0,Same-tissue replication: 3/3 concordant. Cross-tissue: 0/0 concordant.
ROR1,260,survived,down,3,0,0,Same-tissue replication: 3/3 concordant. Cross-tissue: 0/0 concordant.
CCL8,261,survived,down,3,0,0,Same-tissue replication: 3/3 concordant. Cross-tissue: 0/0 concordant.
CD48,261,survived,down,3,0,0,Same-tissue replication: 3/3 concordant. Cross-tissue: 0/0 concordant.
CRIP1,261,survived,down,3,0,0,Same-tissue replication: 3/3 concordant. Cross-tissue: 0/0 concordant.
NIBAN1,261,survived,down,2,0,0,Same-tissue replication: 2/3 concordant. Cross-tissue: 0/0 concordant.
PTPRH,261,survived,down,3,0,0,Same-tissue replication: 3/3 concordant. Cross-tissue: 0/0 concordant.
SGK2,261,survived,down,3,0,0,Same-tissue replication: 3/3 concordant. Cross-tissue: 0/0 concordant.
STAB1,261,survived,down,3,0,0,Same-tissue replication: 3/3 concordant. Cross-tissue: 0/0 concordant.
ALDH1A1,262,survived,down,3,0,0,Same-tissue replication: 3/3 concordant. Cross-tissue: 0/0 concordant.
AMPD1,262,survived,down,3,0,0,Same-tissue replication: 3/3 concordant. Cross-tissue: 0/0 concordant.
C3orf85,262,survived,down,3,0,0,Same-tissue replication: 3/3 concordant. Cross-tissue: 0/0 concordant.
CCL19,262,survived,down,3,0,0,Same-tissue replication: 3/3 concordant. Cross-tissue: 0/0 concordant.
CCL23,262,survived,down,3,0,0,Same-tissue replication: 3/3 concordant. Cross-tissue: 0/0 concordant.
NKX2-3,262,survived,down,3,0,0,Same-tissue replication: 3/3 concordant. Cross-tissue: 0/0 concordant.
STAP1,262,survived,down,3,0,0,Same-tissue replication: 3/3 concordant. Cross-tissue: 0/0 concordant.
BMX,263,survived,down,3,0,0,Same-tissue replication: 3/3 concordant. Cross-tissue: 0/0 concordant.
CHL1,263,survived,down,3,0,0,Same-tissue replication: 3/3 concordant. Cross-tissue: 0/0 concordant.
DPP10,263,survived,down,3,0,0,Same-tissue replication: 3/3 concordant. Cross-tissue: 0/0 concordant.
FHL1,263,survived,down,3,0,0,Same-tissue replication: 3/3 concordant. Cross-tissue: 0/0 concordant.
HAPLN1,263,survived,down,3,0,0,Same-tissue replication: 3/3 concordant. Cross-tissue: 0/0 concordant.
KLF4,263,survived,down,3,0,0,Same-tissue replication: 3/3 concordant. Cross-tissue: 0/0 concordant.
KLF9,263,survived,down,3,0,0,Same-tissue replication: 3/3 concordant. Cross-tissue: 0/0 concordant.
KLRC2,263,survived,down,3,0,0,Same-tissue replication: 3/3 concordant. Cross-tissue: 0/0 concordant.
SCG2,263,survived,down,3,0,0,Same-tissue replication: 3/3 concordant. Cross-tissue: 0/0 concordant.
SLC38A4,263,survived,down,3,0,0,Same-tissue replication: 3/3 concordant. Cross-tissue: 0/0 concordant.
XDH,263,survived,down,3,0,0,Same-tissue replication: 3/3 concordant. Cross-tissue: 0/0 concordant.
ACP6,264,survived,up,3,0,0,Same-tissue replication: 3/3 concordant. Cross-tissue: 0/0 concordant.
ATP6V1C2,264,survived,up,3,0,0,Same-tissue replication: 3/3 concordant. Cross-tissue: 0/0 concordant.
BFSP1,264,survived,up,3,0,0,Same-tissue replication: 3/3 concordant. Cross-tissue: 0/0 concordant.
CDCA2,264,survived,up,3,0,0,Same-tissue replication: 3/3 concordant. Cross-tissue: 0/0 concordant.
GPC1,264,survived,up,2,0,0,Same-tissue replication: 2/3 concordant. Cross-tissue: 0/0 concordant.
HSD3B7,264,survived,up,3,0,0,Same-tissue replication: 3/3 concordant. Cross-tissue: 0/0 concordant.
KLK6,264,survived,up,3,0,0,Same-tissue replication: 3/3 concordant. Cross-tissue: 0/0 concordant.
LRFN4,264,survived,up,2,0,0,Same-tissue replication: 2/3 concordant. Cross-tissue: 0/0 concordant.
MATR3,264,survived,up,3,0,0,Same-tissue replication: 3/3 concordant. Cross-tissue: 0/0 concordant.
MSLN,264,survived,up,3,0,0,Same-tissue replication: 3/3 concordant. Cross-tissue: 0/0 concordant.
NUDT1,264,survived,up,3,0,0,Same-tissue replication: 3/3 concordant. Cross-tissue: 0/0 concordant.
POLE2,264,survived,up,3,0,0,Same-tissue replication: 3/3 concordant. Cross-tissue: 0/0 concordant.
PROSER2,264,survived,up,3,0,0,Same-tissue replication: 3/3 concordant. Cross-tissue: 0/0 concordant.
SERPINB5,264,survived,up,3,0,0,Same-tissue replication: 3/3 concordant. Cross-tissue: 0/0 concordant.
SLC25A22,264,survived,up,3,0,0,Same-tissue replication: 3/3 concordant. Cross-tissue: 0/0 concordant.
SULT1C2,264,survived,up,3,0,0,Same-tissue replication: 3/3 concordant. Cross-tissue: 0/0 concordant.
TPM4,264,survived,up,2,0,0,Same-tissue replication: 2/3 concordant. Cross-tissue: 0/0 concordant.
USP31,264,survived,up,3,0,0,Same-tissue replication: 3/3 concordant. Cross-tissue: 0/0 concordant.
ZNF142,264,survived,up,3,0,0,Same-tissue replication: 3/3 concordant. Cross-tissue: 0/0 concordant.
PLOD1,265,survived,up,3,0,0,Same-tissue replication: 3/3 concordant. Cross-tissue: 0/0 concordant.
RNPS1,265,survived,up,3,0,0,Same-tissue replication: 3/3 concordant. Cross-tissue: 0/0 concordant.
SMARCA4,265,survived,up,3,0,0,Same-tissue replication: 3/3 concordant. Cross-tissue: 0/0 concordant.
TMTC4,265,survived,up,3,0,0,Same-tissue replication: 3/3 concordant. Cross-tissue: 0/0 concordant.
ZBTB33,265,survived,up,3,0,0,Same-tissue replication: 3/3 concordant. Cross-tissue: 0/0 concordant.
ASXL1,266,survived,up,3,0,0,Same-tissue replication: 3/3 concordant. Cross-tissue: 0/0 concordant.
HDGF,266,survived,up,3,0,0,Same-tissue replication: 3/3 concordant. Cross-tissue: 0/0 concordant.
HSP90AB1,266,survived,up,3,0,0,Same-tissue replication: 3/3 concordant. Cross-tissue: 0/0 concordant.
NUP43,266,survived,up,3,0,0,Same-tissue replication: 3/3 concordant. Cross-tissue: 0/0 concordant.
SLC35H1,266,survived,up,3,0,0,Same-tissue replication: 3/3 concordant. Cross-tissue: 0/0 concordant.
SNRPB2,266,survived,up,3,0,0,Same-tissue replication: 3/3 concordant. Cross-tissue: 0/0 concordant.
SUV39H1,266,survived,up,3,0,0,Same-tissue replication: 3/3 concordant. Cross-tissue: 0/0 concordant.
ABCA1,267,survived,down,3,0,0,Same-tissue replication: 3/3 concordant. Cross-tissue: 0/0 concordant.
ADAMTS1,267,eliminated,down,2,1,0,Significant opposite direction in same-tissue dataset(s): ['GSE37364']. Discovery direction: down.
RRAS2,267,survived,down,3,0,0,Same-tissue replication: 3/3 concordant. Cross-tissue: 0/0 concordant.
SPECC1,267,survived,down,3,0,0,Same-tissue replication: 3/3 concordant. Cross-tissue: 0/0 concordant.
AZI2,268,survived,down,3,0,0,Same-tissue replication: 3/3 concordant. Cross-tissue: 0/0 concordant.
CRK,268,survived,down,3,0,0,Same-tissue replication: 3/3 concordant. Cross-tissue: 0/0 concordant.
DST,268,survived,down,3,0,0,Same-tissue replication: 3/3 concordant. Cross-tissue: 0/0 concordant.
ENTPD4,268,survived,down,3,0,0,Same-tissue replication: 3/3 concordant. Cross-tissue: 0/0 concordant.
GABARAPL2,268,survived,down,3,0,0,Same-tissue replication: 3/3 concordant. Cross-tissue: 0/0 concordant.
IFNAR1,268,survived,down,3,0,0,Same-tissue replication: 3/3 concordant. Cross-tissue: 0/0 concordant.
NCOA4,268,survived,down,3,0,0,Same-tissue replication: 3/3 concordant. Cross-tissue: 0/0 concordant.
PDLIM1,268,survived,down,3,0,0,Same-tissue replication: 3/3 concordant. Cross-tissue: 0/0 concordant.
RNF103,268,survived,down,3,0,0,Same-tissue replication: 3/3 concordant. Cross-tissue: 0/0 concordant.
RNF7,268,survived,down,3,0,0,Same-tissue replication: 3/3 concordant. Cross-tissue: 0/0 concordant.
SGPP1,268,survived,down,3,0,0,Same-tissue replication: 3/3 concordant. Cross-tissue: 0/0 concordant.
UBR1,268,survived,down,3,0,0,Same-tissue replication: 3/3 concordant. Cross-tissue: 0/0 concordant.
ZNF518A,268,survived,down,3,0,0,Same-tissue replication: 3/3 concordant. Cross-tissue: 0/0 concordant.
ABCB6,270,survived,up,2,0,0,Same-tissue replication: 2/3 concordant. Cross-tissue: 0/0 concordant.
ANXA6,270,survived,up,3,0,0,Same-tissue replication: 3/3 concordant. Cross-tissue: 0/0 concordant.
ARSL,270,survived,up,3,0,0,Same-tissue replication: 3/3 concordant. Cross-tissue: 0/0 concordant.
CDC27,270,survived,up,3,0,0,Same-tissue replication: 3/3 concordant. Cross-tissue: 0/0 concordant.
GLIS2,270,survived,up,2,0,0,Same-tissue replication: 2/3 concordant. Cross-tissue: 0/0 concordant.
LMBR1,270,survived,up,3,0,0,Same-tissue replication: 3/3 concordant. Cross-tissue: 0/0 concordant.
PFKFB4,270,survived,up,3,0,0,Same-tissue replication: 3/3 concordant. Cross-tissue: 0/0 concordant.
POC5,270,survived,up,3,0,0,Same-tissue replication: 3/3 concordant. Cross-tissue: 0/0 concordant.
PODXL2,270,survived,up,3,0,0,Same-tissue replication: 3/3 concordant. Cross-tissue: 0/0 concordant.
RELA,270,survived,up,2,0,0,Same-tissue replication: 2/3 concordant. Cross-tissue: 0/0 concordant.
TAF1B,270,survived,up,3,0,0,Same-tissue replication: 3/3 concordant. Cross-tissue: 0/0 concordant.
TFAM,270,survived,up,3,0,0,Same-tissue replication: 3/3 concordant. Cross-tissue: 0/0 concordant.
TMEM68,270,survived,up,3,0,0,Same-tissue replication: 3/3 concordant. Cross-tissue: 0/0 concordant.
TYRO3,270,survived,up,3,0,0,Same-tissue replication: 3/3 concordant. Cross-tissue: 0/0 concordant.
CCL24,271,survived,up,3,0,0,Same-tissue replication: 3/3 concordant. Cross-tissue: 0/0 concordant.
CFAP20DC,271,survived,up,3,0,0,Same-tissue replication: 3/3 concordant. Cross-tissue: 0/0 concordant.
CSGALNACT1,271,survived,up,3,0,0,Same-tissue replication: 3/3 concordant. Cross-tissue: 0/0 concordant.
DAPL1,271,survived,up,3,0,0,Same-tissue replication: 3/3 concordant. Cross-tissue: 0/0 concordant.
F2R,271,survived,up,2,0,0,Same-tissue replication: 2/3 concordant. Cross-tissue: 0/0 concordant.
FGGY,271,survived,up,3,0,0,Same-tissue replication: 3/3 concordant. Cross-tissue: 0/0 concordant.
GINS4,271,survived,up,3,0,0,Same-tissue replication: 3/3 concordant. Cross-tissue: 0/0 concordant.
HELZ2,271,survived,up,3,0,0,Same-tissue replication: 3/3 concordant. Cross-tissue: 0/0 concordant.
HYAL3,271,survived,up,3,0,0,Same-tissue replication: 3/3 concordant. Cross-tissue: 0/0 concordant.
MAP7D2,271,survived,up,3,0,0,Same-tissue replication: 3/3 concordant. Cross-tissue: 0/0 concordant.
ONECUT2,271,survived,up,3,0,0,Same-tissue replication: 3/3 concordant. Cross-tissue: 0/0 concordant.
PSPH,271,survived,up,3,0,0,Same-tissue replication: 3/3 concordant. Cross-tissue: 0/0 concordant.
SLC2A8,271,survived,up,3,0,0,Same-tissue replication: 3/3 concordant. Cross-tissue: 0/0 concordant.
UNC93A,271,survived,up,2,0,0,Same-tissue replication: 2/3 concordant. Cross-tissue: 0/0 concordant.
CEBPZOS,272,eliminated,up,2,1,0,Significant opposite direction in same-tissue dataset(s): ['GSE39582']. Discovery direction: up.
MRPL18,272,survived,up,3,0,0,Same-tissue replication: 3/3 concordant. Cross-tissue: 0/0 concordant.
NOL7,272,survived,up,3,0,0,Same-tissue replication: 3/3 concordant. Cross-tissue: 0/0 concordant.
SSR2,272,survived,up,3,0,0,Same-tissue replication: 3/3 concordant. Cross-tissue: 0/0 concordant.
TMEM205,272,survived,up,3,0,0,Same-tissue replication: 3/3 concordant. Cross-tissue: 0/0 concordant.
ZNHIT3,272,survived,up,3,0,0,Same-tissue replication: 3/3 concordant. Cross-tissue: 0/0 concordant.
ADGRG1,273,survived,up,3,0,0,Same-tissue replication: 3/3 concordant. Cross-tissue: 0/0 concordant.
DDIT4,273,survived,up,3,0,0,Same-tissue replication: 3/3 concordant. Cross-tissue: 0/0 concordant.
IFI6,273,survived,up,3,0,0,Same-tissue replication: 3/3 concordant. Cross-tissue: 0/0 concordant.
IFITM3,273,survived,up,3,0,0,Same-tissue replication: 3/3 concordant. Cross-tissue: 0/0 concordant.
IRAK2,273,survived,up,3,0,0,Same-tissue replication: 3/3 concordant. Cross-tissue: 0/0 concordant.
JAG2,273,survived,up,3,0,0,Same-tissue replication: 3/3 concordant. Cross-tissue: 0/0 concordant.
MZT1,273,survived,up,3,0,0,Same-tissue replication: 3/3 concordant. Cross-tissue: 0/0 concordant.
ORC6,273,survived,up,3,0,0,Same-tissue replication: 3/3 concordant. Cross-tissue: 0/0 concordant.
SERPINE2,273,survived,up,3,0,0,Same-tissue replication: 3/3 concordant. Cross-tissue: 0/0 concordant.
SNTB1,273,survived,up,3,0,0,Same-tissue replication: 3/3 concordant. Cross-tissue: 0/0 concordant.
WNT5A,273,survived,up,3,0,0,Same-tissue replication: 3/3 concordant. Cross-tissue: 0/0 concordant.
CBX4,274,survived,up,3,0,0,Same-tissue replication: 3/3 concordant. Cross-tissue: 0/0 concordant.
IFITM2,274,survived,up,3,0,0,Same-tissue replication: 3/3 concordant. Cross-tissue: 0/0 concordant.
JPH1,274,survived,up,3,0,0,Same-tissue replication: 3/3 concordant. Cross-tissue: 0/0 concordant.
PFDN4,274,survived,up,3,0,0,Same-tissue replication: 3/3 concordant. Cross-tissue: 0/0 concordant.
SFRP4,274,survived,up,3,0,0,Same-tissue replication: 3/3 concordant. Cross-tissue: 0/0 concordant.
ACTL6A,275,survived,up,3,0,0,Same-tissue replication: 3/3 concordant. Cross-tissue: 0/0 concordant.
CHD7,275,survived,up,3,0,0,Same-tissue replication: 3/3 concordant. Cross-tissue: 0/0 concordant.
CHEK2,275,survived,up,3,0,0,Same-tissue replication: 3/3 concordant. Cross-tissue: 0/0 concordant.
IFFO2,275,survived,up,3,0,0,Same-tissue replication: 3/3 concordant. Cross-tissue: 0/0 concordant.
PRDX4,275,survived,up,3,0,0,Same-tissue replication: 3/3 concordant. Cross-tissue: 0/0 concordant.
RHEBL1,275,survived,up,3,0,0,Same-tissue replication: 3/3 concordant. Cross-tissue: 0/0 concordant.
SCML1,275,survived,up,3,0,0,Same-tissue replication: 3/3 concordant. Cross-tissue: 0/0 concordant.
SHKBP1,275,survived,up,2,0,0,Same-tissue replication: 2/3 concordant. Cross-tissue: 0/0 concordant.
SPDL1,275,survived,up,3,0,0,Same-tissue replication: 3/3 concordant. Cross-tissue: 0/0 concordant.
CEP43,276,survived,up,1,0,0,Same-tissue replication: 1/3 concordant. Cross-tissue: 0/0 concordant.
MRPL30,276,survived,up,3,0,0,Same-tissue replication: 3/3 concordant. Cross-tissue: 0/0 concordant.
PGLS,276,survived,up,2,0,0,Same-tissue replication: 2/3 concordant. Cross-tissue: 0/0 concordant.
RIPK4,276,survived,up,1,0,0,Same-tissue replication: 1/3 concordant. Cross-tissue: 0/0 concordant.
STX6,276,survived,up,3,0,0,Same-tissue replication: 3/3 concordant. Cross-tissue: 0/0 concordant.
TIMM9,276,survived,up,3,0,0,Same-tissue replication: 3/3 concordant. Cross-tissue: 0/0 concordant.
TMEM160,276,survived,up,3,0,0,Same-tissue replication: 3/3 concordant. Cross-tissue: 0/0 concordant.
TMEM39A,276,survived,up,3,0,0,Same-tissue replication: 3/3 concordant. Cross-tissue: 0/0 concordant.
TP53BP1,276,survived,up,3,0,0,Same-tissue replication: 3/3 concordant. Cross-tissue: 0/0 concordant.
ARL8A,277,survived,up,2,0,0,Same-tissue replication: 2/3 concordant. Cross-tissue: 0/0 concordant.
CTSB,277,survived,up,3,0,0,Same-tissue replication: 3/3 concordant. Cross-tissue: 0/0 concordant.
DEK,277,survived,up,3,0,0,Same-tissue replication: 3/3 concordant. Cross-tissue: 0/0 concordant.
ITGB5,277,survived,up,2,0,0,Same-tissue replication: 2/3 concordant. Cross-tissue: 0/0 concordant.
MAPKAPK2,277,eliminated,up,2,1,0,Significant opposite direction in same-tissue dataset(s): ['GSE32323']. Discovery direction: up.
PHRF1,277,survived,up,3,0,0,Same-tissue replication: 3/3 concordant. Cross-tissue: 0/0 concordant.
PLA2G15,277,survived,up,3,0,0,Same-tissue replication: 3/3 concordant. Cross-tissue: 0/0 concordant.
SERINC3,277,survived,up,3,0,0,Same-tissue replication: 3/3 concordant. Cross-tissue: 0/0 concordant.
TRAPPC9,277,eliminated,up,2,1,0,Significant opposite direction in same-tissue dataset(s): ['GSE32323']. Discovery direction: up.
VBP1,277,survived,up,3,0,0,Same-tissue replication: 3/3 concordant. Cross-tissue: 0/0 concordant.
XRCC1,277,survived,up,3,0,0,Same-tissue replication: 3/3 concordant. Cross-tissue: 0/0 concordant.
ARHGAP21,278,survived,down,3,0,0,Same-tissue replication: 3/3 concordant. Cross-tissue: 0/0 concordant.
C2orf68,278,eliminated,down,2,1,0,Significant opposite direction in same-tissue dataset(s): ['GSE39582']. Discovery direction: down.
CAV2,278,eliminated,down,1,2,0,"Significant opposite direction in same-tissue dataset(s): ['GSE37364', 'GSE39582']. Discovery direction: down."
CYB5D1,278,survived,down,2,0,0,Same-tissue replication: 2/3 concordant. Cross-tissue: 0/0 concordant.
DLL1,278,survived,down,2,0,0,Same-tissue replication: 2/3 concordant. Cross-tissue: 0/0 concordant.
FBXL17,278,survived,down,3,0,0,Same-tissue replication: 3/3 concordant. Cross-tissue: 0/0 concordant.
GALT,278,survived,down,3,0,0,Same-tissue replication: 3/3 concordant. Cross-tissue: 0/0 concordant.
GIPC1,278,survived,down,3,0,0,Same-tissue replication: 3/3 concordant. Cross-tissue: 0/0 concordant.
HBP1,278,survived,down,3,0,0,Same-tissue replication: 3/3 concordant. Cross-tissue: 0/0 concordant.
HLA-G,278,survived,down,3,0,0,Same-tissue replication: 3/3 concordant. Cross-tissue: 0/0 concordant.
INPP4B,278,survived,down,2,0,0,Same-tissue replication: 2/3 concordant. Cross-tissue: 0/0 concordant.
NBPF26,278,survived,down,3,0,0,Same-tissue replication: 3/3 concordant. Cross-tissue: 0/0 concordant.
OSBPL9,278,eliminated,down,1,1,0,Significant opposite direction in same-tissue dataset(s): ['GSE32323']. Discovery direction: down.
PLEKHM3,278,survived,down,3,0,0,Same-tissue replication: 3/3 concordant. Cross-tissue: 0/0 concordant.
PPP1R21,278,survived,down,3,0,0,Same-tissue replication: 3/3 concordant. Cross-tissue: 0/0 concordant.
PURA,278,survived,down,3,0,0,Same-tissue replication: 3/3 concordant. Cross-tissue: 0/0 concordant.
RGPD6,278,survived,down,3,0,0,Same-tissue replication: 3/3 concordant. Cross-tissue: 0/0 concordant.
TRIM3,278,survived,down,3,0,0,Same-tissue replication: 3/3 concordant. Cross-tissue: 0/0 concordant.
DFFB,282,survived,up,3,0,0,Same-tissue replication: 3/3 concordant. Cross-tissue: 0/0 concordant.
INTS4,282,survived,up,3,0,0,Same-tissue replication: 3/3 concordant. Cross-tissue: 0/0 concordant.
LTBR,282,survived,up,3,0,0,Same-tissue replication: 3/3 concordant. Cross-tissue: 0/0 concordant.
MCRS1,282,survived,up,2,0,0,Same-tissue replication: 2/3 concordant. Cross-tissue: 0/0 concordant.
MED4,282,survived,up,3,0,0,Same-tissue replication: 3/3 concordant. Cross-tissue: 0/0 concordant.
NPLOC4,282,eliminated,up,2,1,0,Significant opposite direction in same-tissue dataset(s): ['GSE32323']. Discovery direction: up.
SF3B6,282,survived,up,3,0,0,Same-tissue replication: 3/3 concordant. Cross-tissue: 0/0 concordant.
SLC35G2,282,survived,up,3,0,0,Same-tissue replication: 3/3 concordant. Cross-tissue: 0/0 concordant.
SULF2,282,survived,up,3,0,0,Same-tissue replication: 3/3 concordant. Cross-tissue: 0/0 concordant.
TCF12,282,survived,up,3,0,0,Same-tissue replication: 3/3 concordant. Cross-tissue: 0/0 concordant.
ADORA3,283,survived,down,3,0,0,Same-tissue replication: 3/3 concordant. Cross-tissue: 0/0 concordant.
FBXO32,283,survived,down,3,0,0,Same-tissue replication: 3/3 concordant. Cross-tissue: 0/0 concordant.
GNE,283,survived,down,3,0,0,Same-tissue replication: 3/3 concordant. Cross-tissue: 0/0 concordant.
PHGR1,283,survived,down,3,0,0,Same-tissue replication: 3/3 concordant. Cross-tissue: 0/0 concordant.
PLAAT4,283,survived,down,3,0,0,Same-tissue replication: 3/3 concordant. Cross-tissue: 0/0 concordant.
SLC25A35,283,survived,down,3,0,0,Same-tissue replication: 3/3 concordant. Cross-tissue: 0/0 concordant.
SPART,283,eliminated,down,2,1,0,Significant opposite direction in same-tissue dataset(s): ['GSE32323']. Discovery direction: down.
EEIG2,284,survived,down,3,0,0,Same-tissue replication: 3/3 concordant. Cross-tissue: 0/0 concordant.
KAT5,284,survived,down,3,0,0,Same-tissue replication: 3/3 concordant. Cross-tissue: 0/0 concordant.
RGP1,284,survived,down,3,0,0,Same-tissue replication: 3/3 concordant. Cross-tissue: 0/0 concordant.
RNASE4,284,survived,down,3,0,0,Same-tissue replication: 3/3 concordant. Cross-tissue: 0/0 concordant.
UQCRC1,284,survived,down,3,0,0,Same-tissue replication: 3/3 concordant. Cross-tissue: 0/0 concordant.
ACBD4,285,survived,down,3,0,0,Same-tissue replication: 3/3 concordant. Cross-tissue: 0/0 concordant.
ADA2,285,survived,down,3,0,0,Same-tissue replication: 3/3 concordant. Cross-tissue: 0/0 concordant.
DNAJC28,285,survived,down,3,0,0,Same-tissue replication: 3/3 concordant. Cross-tissue: 0/0 concordant.
GPR15,285,survived,down,3,0,0,Same-tissue replication: 3/3 concordant. Cross-tissue: 0/0 concordant.
LY9,285,survived,down,3,0,0,Same-tissue replication: 3/3 concordant. Cross-tissue: 0/0 concordant.
P2RY8,285,survived,down,3,0,0,Same-tissue replication: 3/3 concordant. Cross-tissue: 0/0 concordant.
XCL2,285,survived,down,2,0,0,Same-tissue replication: 2/3 concordant. Cross-tissue: 0/0 concordant.
CCDC9B,286,survived,down,3,0,0,Same-tissue replication: 3/3 concordant. Cross-tissue: 0/0 concordant.
CDK20,286,survived,down,3,0,0,Same-tissue replication: 3/3 concordant. Cross-tissue: 0/0 concordant.
LIAS,286,survived,down,2,0,0,Same-tissue replication: 2/3 concordant. Cross-tissue: 0/0 concordant.
METRNL,286,survived,down,3,0,0,Same-tissue replication: 3/3 concordant. Cross-tissue: 0/0 concordant.
NAA38,286,survived,down,3,0,0,Same-tissue replication: 3/3 concordant. Cross-tissue: 0/0 concordant.
P2RY2,286,survived,down,3,0,0,Same-tissue replication: 3/3 concordant. Cross-tissue: 0/0 concordant.
SRP14,286,survived,down,3,0,0,Same-tissue replication: 3/3 concordant. Cross-tissue: 0/0 concordant.
TMEM98,286,survived,down,3,0,0,Same-tissue replication: 3/3 concordant. Cross-tissue: 0/0 concordant.
VTI1B,286,survived,down,3,0,0,Same-tissue replication: 3/3 concordant. Cross-tissue: 0/0 concordant.
XCL1,286,survived,down,2,0,0,Same-tissue replication: 2/3 concordant. Cross-tissue: 0/0 concordant.
ABRACL,287,survived,down,2,0,0,Same-tissue replication: 2/3 concordant. Cross-tissue: 0/0 concordant.
EMC7,287,survived,down,2,0,0,Same-tissue replication: 2/3 concordant. Cross-tissue: 0/0 concordant.
GADD45B,287,survived,up,2,0,0,Same-tissue replication: 2/3 concordant. Cross-tissue: 0/0 concordant.
SEC24B,287,survived,down,3,0,0,Same-tissue replication: 3/3 concordant. Cross-tissue: 0/0 concordant.
HERC1,288,survived,down,2,0,0,Same-tissue replication: 2/3 concordant. Cross-tissue: 0/0 concordant.
LCOR,288,survived,down,3,0,0,Same-tissue replication: 3/3 concordant. Cross-tissue: 0/0 concordant.
PDCD6IP,288,survived,down,3,0,0,Same-tissue replication: 3/3 concordant. Cross-tissue: 0/0 concordant.
YTHDC2,288,survived,down,3,0,0,Same-tissue replication: 3/3 concordant. Cross-tissue: 0/0 concordant.
ABT1,289,survived,up,3,0,0,Same-tissue replication: 3/3 concordant. Cross-tissue: 0/0 concordant.
C12orf75,289,survived,up,2,0,0,Same-tissue replication: 2/3 concordant. Cross-tissue: 0/0 concordant.
CX3CL1,289,survived,up,2,0,0,Same-tissue replication: 2/3 concordant. Cross-tissue: 0/0 concordant.
DCBLD2,289,survived,up,3,0,0,Same-tissue replication: 3/3 concordant. Cross-tissue: 0/0 concordant.
IL4I1,289,survived,up,3,0,0,Same-tissue replication: 3/3 concordant. Cross-tissue: 0/0 concordant.
NSRP1,289,survived,up,3,0,0,Same-tissue replication: 3/3 concordant. Cross-tissue: 0/0 concordant.
NUP88,289,survived,up,3,0,0,Same-tissue replication: 3/3 concordant. Cross-tissue: 0/0 concordant.
OSGIN2,289,survived,up,3,0,0,Same-tissue replication: 3/3 concordant. Cross-tissue: 0/0 concordant.
PASK,289,survived,up,3,0,0,Same-tissue replication: 3/3 concordant. Cross-tissue: 0/0 concordant.
SMC3,289,survived,up,3,0,0,Same-tissue replication: 3/3 concordant. Cross-tissue: 0/0 concordant.
TFDP2,289,survived,up,2,0,0,Same-tissue replication: 2/3 concordant. Cross-tissue: 0/0 concordant.
ANGPTL2,290,survived,up,2,0,0,Same-tissue replication: 2/3 concordant. Cross-tissue: 0/0 concordant.
CSGALNACT2,290,survived,up,3,0,0,Same-tissue replication: 3/3 concordant. Cross-tissue: 0/0 concordant.
IFT81,290,survived,up,3,0,0,Same-tissue replication: 3/3 concordant. Cross-tissue: 0/0 concordant.
KLHL23,290,survived,up,3,0,0,Same-tissue replication: 3/3 concordant. Cross-tissue: 0/0 concordant.
LEMD1,290,survived,up,3,0,0,Same-tissue replication: 3/3 concordant. Cross-tissue: 0/0 concordant.
MTCL1,290,survived,up,3,0,0,Same-tissue replication: 3/3 concordant. Cross-tissue: 0/0 concordant.
PLA1A,290,survived,up,2,0,0,Same-tissue replication: 2/3 concordant. Cross-tissue: 0/0 concordant.
TCEAL4,290,survived,up,3,0,0,Same-tissue replication: 3/3 concordant. Cross-tissue: 0/0 concordant.
VMP1,290,survived,up,3,0,0,Same-tissue replication: 3/3 concordant. Cross-tissue: 0/0 concordant.
WNK1,290,survived,up,3,0,0,Same-tissue replication: 3/3 concordant. Cross-tissue: 0/0 concordant.
CEP192,291,eliminated,down,1,1,0,Significant opposite direction in same-tissue dataset(s): ['GSE32323']. Discovery direction: down.
CREBL2,291,survived,down,2,0,0,Same-tissue replication: 2/3 concordant. Cross-tissue: 0/0 concordant.
HVCN1,291,survived,down,3,0,0,Same-tissue replication: 3/3 concordant. Cross-tissue: 0/0 concordant.
ITFG1,291,survived,down,3,0,0,Same-tissue replication: 3/3 concordant. Cross-tissue: 0/0 concordant.
PEX19,291,survived,down,3,0,0,Same-tissue replication: 3/3 concordant. Cross-tissue: 0/0 concordant.
PPIP5K2,291,survived,down,3,0,0,Same-tissue replication: 3/3 concordant. Cross-tissue: 0/0 concordant.
VPS13D,291,survived,down,3,0,0,Same-tissue replication: 3/3 concordant. Cross-tissue: 0/0 concordant.
CENPC,292,survived,down,3,0,0,Same-tissue replication: 3/3 concordant. Cross-tissue: 0/0 concordant.
CRBN,292,eliminated,down,2,1,0,Significant opposite direction in same-tissue dataset(s): ['GSE32323']. Discovery direction: down.
DENND3,292,survived,down,2,0,0,Same-tissue replication: 2/3 concordant. Cross-tissue: 0/0 concordant.
FEM1B,292,survived,down,3,0,0,Same-tissue replication: 3/3 concordant. Cross-tissue: 0/0 concordant.
MIGA1,292,survived,down,3,0,0,Same-tissue replication: 3/3 concordant. Cross-tissue: 0/0 concordant.
PCF11,292,survived,down,1,0,0,Same-tissue replication: 1/3 concordant. Cross-tissue: 0/0 concordant.
PRDM10,292,survived,down,3,0,0,Same-tissue replication: 3/3 concordant. Cross-tissue: 0/0 concordant.
RABEP1,292,survived,down,3,0,0,Same-tissue replication: 3/3 concordant. Cross-tissue: 0/0 concordant.
TMEM167B,292,survived,down,3,0,0,Same-tissue replication: 3/3 concordant. Cross-tissue: 0/0 concordant.
TNNI3K,292,survived,down,2,0,0,Same-tissue replication: 2/3 concordant. Cross-tissue: 0/0 concordant.
TOM1L2,292,survived,down,3,0,0,Same-tissue replication: 3/3 concordant. Cross-tissue: 0/0 concordant.
WDR1,292,survived,down,3,0,0,Same-tissue replication: 3/3 concordant. Cross-tissue: 0/0 concordant.
DNAJB14,293,survived,down,3,0,0,Same-tissue replication: 3/3 concordant. Cross-tissue: 0/0 concordant.
NDUFA6,293,survived,down,3,0,0,Same-tissue replication: 3/3 concordant. Cross-tissue: 0/0 concordant.
PPTC7,293,survived,down,3,0,0,Same-tissue replication: 3/3 concordant. Cross-tissue: 0/0 concordant.
SLC12A6,293,survived,down,3,0,0,Same-tissue replication: 3/3 concordant. Cross-tissue: 0/0 concordant.
ZNF624,293,survived,down,3,0,0,Same-tissue replication: 3/3 concordant. Cross-tissue: 0/0 concordant.
ZSWIM5,293,survived,down,3,0,0,Same-tissue replication: 3/3 concordant. Cross-tissue: 0/0 concordant.
CDCA7,294,survived,up,3,0,0,Same-tissue replication: 3/3 concordant. Cross-tissue: 0/0 concordant.
FEN1,294,survived,up,3,0,0,Same-tissue replication: 3/3 concordant. Cross-tissue: 0/0 concordant.
GPSM2,294,survived,up,3,0,0,Same-tissue replication: 3/3 concordant. Cross-tissue: 0/0 concordant.
PROX1,294,survived,up,3,0,0,Same-tissue replication: 3/3 concordant. Cross-tissue: 0/0 concordant.
PYCR3,294,survived,up,3,0,0,Same-tissue replication: 3/3 concordant. Cross-tissue: 0/0 concordant.
RAE1,294,survived,up,3,0,0,Same-tissue replication: 3/3 concordant. Cross-tissue: 0/0 concordant.
RTKN,294,survived,up,3,0,0,Same-tissue replication: 3/3 concordant. Cross-tissue: 0/0 concordant.
RUVBL1,294,survived,up,3,0,0,Same-tissue replication: 3/3 concordant. Cross-tissue: 0/0 concordant.
SLC7A1,294,survived,up,3,0,0,Same-tissue replication: 3/3 concordant. Cross-tissue: 0/0 concordant.
TBC1D16,294,survived,up,3,0,0,Same-tissue replication: 3/3 concordant. Cross-tissue: 0/0 concordant.
TPD52L1,294,survived,up,3,0,0,Same-tissue replication: 3/3 concordant. Cross-tissue: 0/0 concordant.
VARS1,294,survived,up,3,0,0,Same-tissue replication: 3/3 concordant. Cross-tissue: 0/0 concordant.
WDR77,294,survived,up,3,0,0,Same-tissue replication: 3/3 concordant. Cross-tissue: 0/0 concordant.
XPOT,294,survived,up,3,0,0,Same-tissue replication: 3/3 concordant. Cross-tissue: 0/0 concordant.
ZC3HAV1L,294,survived,up,3,0,0,Same-tissue replication: 3/3 concordant. Cross-tissue: 0/0 concordant.
ZNF239,294,survived,up,3,0,0,Same-tissue replication: 3/3 concordant. Cross-tissue: 0/0 concordant.
ACKR3,295,survived,up,2,0,0,Same-tissue replication: 2/3 concordant. Cross-tissue: 0/0 concordant.
ARL4C,295,survived,up,3,0,0,Same-tissue replication: 3/3 concordant. Cross-tissue: 0/0 concordant.
C9orf72,295,survived,up,3,0,0,Same-tissue replication: 3/3 concordant. Cross-tissue: 0/0 concordant.
CALD1,295,survived,up,2,0,0,Same-tissue replication: 2/3 concordant. Cross-tissue: 0/0 concordant.
CIMIP2C,295,survived,up,3,0,0,Same-tissue replication: 3/3 concordant. Cross-tissue: 0/0 concordant.
ECSCR,295,survived,up,2,0,0,Same-tissue replication: 2/3 concordant. Cross-tissue: 0/0 concordant.
HLA-B,295,eliminated,up,0,2,0,"Significant opposite direction in same-tissue dataset(s): ['GSE37364', 'GSE39582']. Discovery direction: up."
HOXB6,295,survived,up,3,0,0,Same-tissue replication: 3/3 concordant. Cross-tissue: 0/0 concordant.
MYADM,295,eliminated,up,2,1,0,Significant opposite direction in same-tissue dataset(s): ['GSE32323']. Discovery direction: up.
SAMD8,295,eliminated,up,1,1,0,Significant opposite direction in same-tissue dataset(s): ['GSE32323']. Discovery direction: up.
SLC38A2,295,eliminated,up,2,1,0,Significant opposite direction in same-tissue dataset(s): ['GSE32323']. Discovery direction: up.
TAC1,295,eliminated,up,1,1,0,Significant opposite direction in same-tissue dataset(s): ['GSE32323']. Discovery direction: up.
ZBTB21,295,survived,up,3,0,0,Same-tissue replication: 3/3 concordant. Cross-tissue: 0/0 concordant.
CCDC3,296,survived,up,2,0,0,Same-tissue replication: 2/3 concordant. Cross-tissue: 0/0 concordant.
COL18A1,296,survived,up,2,0,0,Same-tissue replication: 2/3 concordant. Cross-tissue: 0/0 concordant.
DNM3,296,survived,up,3,0,0,Same-tissue replication: 3/3 concordant. Cross-tissue: 0/0 concordant.
ITGA11,296,survived,up,2,0,0,Same-tissue replication: 2/3 concordant. Cross-tissue: 0/0 concordant.
KCNE3,296,survived,up,3,0,0,Same-tissue replication: 3/3 concordant. Cross-tissue: 0/0 concordant.
KIF26B,296,survived,up,3,0,0,Same-tissue replication: 3/3 concordant. Cross-tissue: 0/0 concordant.
KLF7,296,survived,up,3,0,0,Same-tissue replication: 3/3 concordant. Cross-tissue: 0/0 concordant.
LDHB,296,survived,up,3,0,0,Same-tissue replication: 3/3 concordant. Cross-tissue: 0/0 concordant.
MYH10,296,survived,up,2,0,0,Same-tissue replication: 2/3 concordant. Cross-tissue: 0/0 concordant.
NAMPT,296,survived,up,3,0,0,Same-tissue replication: 3/3 concordant. Cross-tissue: 0/0 concordant.
PNO1,296,survived,up,3,0,0,Same-tissue replication: 3/3 concordant. Cross-tissue: 0/0 concordant.
ADAM12,297,eliminated,up,2,1,0,Significant opposite direction in same-tissue dataset(s): ['GSE32323']. Discovery direction: up.
ANO6,297,survived,up,3,0,0,Same-tissue replication: 3/3 concordant. Cross-tissue: 0/0 concordant.
AQP9,297,survived,up,3,0,0,Same-tissue replication: 3/3 concordant. Cross-tissue: 0/0 concordant.
CCDC74B,297,survived,up,3,0,0,Same-tissue replication: 3/3 concordant. Cross-tissue: 0/0 concordant.
CCL20,297,survived,up,2,0,0,Same-tissue replication: 2/3 concordant. Cross-tissue: 0/0 concordant.
ZNF251,297,survived,up,3,0,0,Same-tissue replication: 3/3 concordant. Cross-tissue: 0/0 concordant.
BGN,298,survived,up,3,0,0,Same-tissue replication: 3/3 concordant. Cross-tissue: 0/0 concordant.
CXCL5,298,survived,up,3,0,0,Same-tissue replication: 3/3 concordant. Cross-tissue: 0/0 concordant.
NFE2L3,298,survived,up,3,0,0,Same-tissue replication: 3/3 concordant. Cross-tissue: 0/0 concordant.
PSAT1,298,survived,up,3,0,0,Same-tissue replication: 3/3 concordant. Cross-tissue: 0/0 concordant.
SLC6A6,298,survived,up,3,0,0,Same-tissue replication: 3/3 concordant. Cross-tissue: 0/0 concordant.
TRIM29,298,survived,up,3,0,0,Same-tissue replication: 3/3 concordant. Cross-tissue: 0/0 concordant.
AJUBA,299,survived,up,3,0,0,Same-tissue replication: 3/3 concordant. Cross-tissue: 0/0 concordant.
CXCL2,299,survived,up,3,0,0,Same-tissue replication: 3/3 concordant. Cross-tissue: 0/0 concordant.
GDF15,299,survived,up,3,0,0,Same-tissue replication: 3/3 concordant. Cross-tissue: 0/0 concordant.
SLC7A5,299,survived,up,3,0,0,Same-tissue replication: 3/3 concordant. Cross-tissue: 0/0 concordant.
TESC,299,survived,up,3,0,0,Same-tissue replication: 3/3 concordant. Cross-tissue: 0/0 concordant.
CALU,300,survived,up,3,0,0,Same-tissue replication: 3/3 concordant. Cross-tissue: 0/0 concordant.
CD55,300,survived,up,2,0,0,Same-tissue replication: 2/3 concordant. Cross-tissue: 0/0 concordant.
E2F5,300,survived,up,3,0,0,Same-tissue replication: 3/3 concordant. Cross-tissue: 0/0 concordant.
ETS2,300,survived,up,3,0,0,Same-tissue replication: 3/3 concordant. Cross-tissue: 0/0 concordant.
PLAUR,300,eliminated,up,1,1,0,Significant opposite direction in same-tissue dataset(s): ['GSE32323']. Discovery direction: up.
POLA1,300,survived,up,3,0,0,Same-tissue replication: 3/3 concordant. Cross-tissue: 0/0 concordant.
SOCS1,300,survived,up,2,0,0,Same-tissue replication: 2/3 concordant. Cross-tissue: 0/0 concordant.
TM4SF1,300,eliminated,up,2,1,0,Significant opposite direction in same-tissue dataset(s): ['GSE32323']. Discovery direction: up.
UTP20,300,survived,up,3,0,0,Same-tissue replication: 3/3 concordant. Cross-tissue: 0/0 concordant.
AKT2,301,survived,up,2,0,0,Same-tissue replication: 2/3 concordant. Cross-tissue: 0/0 concordant.
FMO3,301,survived,up,3,0,0,Same-tissue replication: 3/3 concordant. Cross-tissue: 0/0 concordant.
JMJD4,301,survived,up,3,0,0,Same-tissue replication: 3/3 concordant. Cross-tissue: 0/0 concordant.
NINJ1,301,survived,up,3,0,0,Same-tissue replication: 3/3 concordant. Cross-tissue: 0/0 concordant.
SPATC1L,301,survived,up,3,0,0,Same-tissue replication: 3/3 concordant. Cross-tissue: 0/0 concordant.
TFRC,301,survived,up,2,0,0,Same-tissue replication: 2/3 concordant. Cross-tissue: 0/0 concordant.
C8orf33,302,survived,up,3,0,0,Same-tissue replication: 3/3 concordant. Cross-tissue: 0/0 concordant.
DKK3,302,survived,up,3,0,0,Same-tissue replication: 3/3 concordant. Cross-tissue: 0/0 concordant.
LBH,302,survived,up,3,0,0,Same-tissue replication: 3/3 concordant. Cross-tissue: 0/0 concordant.
RALGAPB,302,survived,up,3,0,0,Same-tissue replication: 3/3 concordant. Cross-tissue: 0/0 concordant.
RPP30,302,survived,up,3,0,0,Same-tissue replication: 3/3 concordant. Cross-tissue: 0/0 concordant.
SLC25A17,302,survived,up,3,0,0,Same-tissue replication: 3/3 concordant. Cross-tissue: 0/0 concordant.
SNX21,302,survived,up,3,0,0,Same-tissue replication: 3/3 concordant. Cross-tissue: 0/0 concordant.
SPTAN1,302,eliminated,up,2,1,0,Significant opposite direction in same-tissue dataset(s): ['GSE32323']. Discovery direction: up.
TRIM32,302,survived,up,3,0,0,Same-tissue replication: 3/3 concordant. Cross-tissue: 0/0 concordant.
C14orf132,303,survived,down,3,0,0,Same-tissue replication: 3/3 concordant. Cross-tissue: 0/0 concordant.
CTH,303,survived,down,3,0,0,Same-tissue replication: 3/3 concordant. Cross-tissue: 0/0 concordant.
DGLUCY,303,survived,down,3,0,0,Same-tissue replication: 3/3 concordant. Cross-tissue: 0/0 concordant.
FAM13C,303,survived,down,3,0,0,Same-tissue replication: 3/3 concordant. Cross-tissue: 0/0 concordant.
FAM162A,303,survived,down,3,0,0,Same-tissue replication: 3/3 concordant. Cross-tissue: 0/0 concordant.
FMO4,303,survived,down,3,0,0,Same-tissue replication: 3/3 concordant. Cross-tissue: 0/0 concordant.
GIMAP1,303,survived,down,3,0,0,Same-tissue replication: 3/3 concordant. Cross-tissue: 0/0 concordant.
GNA14,303,survived,down,3,0,0,Same-tissue replication: 3/3 concordant. Cross-tissue: 0/0 concordant.
IL16,303,survived,down,3,0,0,Same-tissue replication: 3/3 concordant. Cross-tissue: 0/0 concordant.
KBTBD11,303,survived,down,3,0,0,Same-tissue replication: 3/3 concordant. Cross-tissue: 0/0 concordant.
LPCAT4,303,survived,down,3,0,0,Same-tissue replication: 3/3 concordant. Cross-tissue: 0/0 concordant.
MRC1,303,survived,down,3,0,0,Same-tissue replication: 3/3 concordant. Cross-tissue: 0/0 concordant.
PID1,303,survived,down,3,0,0,Same-tissue replication: 3/3 concordant. Cross-tissue: 0/0 concordant.
PPP1R14D,303,survived,down,3,0,0,Same-tissue replication: 3/3 concordant. Cross-tissue: 0/0 concordant.
PRDX6,303,survived,down,3,0,0,Same-tissue replication: 3/3 concordant. Cross-tissue: 0/0 concordant.
RBKS,303,survived,down,3,0,0,Same-tissue replication: 3/3 concordant. Cross-tissue: 0/0 concordant.
SYTL2,303,survived,down,3,0,0,Same-tissue replication: 3/3 concordant. Cross-tissue: 0/0 concordant.
TBC1D9,303,survived,down,3,0,0,Same-tissue replication: 3/3 concordant. Cross-tissue: 0/0 concordant.
TCN2,303,survived,down,3,0,0,Same-tissue replication: 3/3 concordant. Cross-tissue: 0/0 concordant.
TLCD2,303,survived,down,3,0,0,Same-tissue replication: 3/3 concordant. Cross-tissue: 0/0 concordant.
CARM1,304,eliminated,up,2,1,0,Significant opposite direction in same-tissue dataset(s): ['GSE32323']. Discovery direction: up.
EXOSC2,304,survived,up,3,0,0,Same-tissue replication: 3/3 concordant. Cross-tissue: 0/0 concordant.
NCLN,304,survived,up,2,0,0,Same-tissue replication: 2/3 concordant. Cross-tissue: 0/0 concordant.
NCR3LG1,304,survived,up,3,0,0,Same-tissue replication: 3/3 concordant. Cross-tissue: 0/0 concordant.
NR2C2AP,304,survived,up,3,0,0,Same-tissue replication: 3/3 concordant. Cross-tissue: 0/0 concordant.
OAS3,304,survived,up,3,0,0,Same-tissue replication: 3/3 concordant. Cross-tissue: 0/0 concordant.
PAK6,304,survived,up,3,0,0,Same-tissue replication: 3/3 concordant. Cross-tissue: 0/0 concordant.
SMOX,304,survived,up,3,0,0,Same-tissue replication: 3/3 concordant. Cross-tissue: 0/0 concordant.
TUBA4A,304,survived,up,3,0,0,Same-tissue replication: 3/3 concordant. Cross-tissue: 0/0 concordant.
ZBTB18,304,survived,up,3,0,0,Same-tissue replication: 3/3 concordant. Cross-tissue: 0/0 concordant.
CMTR1,305,survived,up,3,0,0,Same-tissue replication: 3/3 concordant. Cross-tissue: 0/0 concordant.
CUL4A,305,survived,up,3,0,0,Same-tissue replication: 3/3 concordant. Cross-tissue: 0/0 concordant.
DESI1,305,survived,up,3,0,0,Same-tissue replication: 3/3 concordant. Cross-tissue: 0/0 concordant.
DPY30,305,survived,up,3,0,0,Same-tissue replication: 3/3 concordant. Cross-tissue: 0/0 concordant.
DUS1L,305,survived,up,3,0,0,Same-tissue replication: 3/3 concordant. Cross-tissue: 0/0 concordant.
EBPL,305,survived,up,3,0,0,Same-tissue replication: 3/3 concordant. Cross-tissue: 0/0 concordant.
EIF3E,305,survived,up,3,0,0,Same-tissue replication: 3/3 concordant. Cross-tissue: 0/0 concordant.
FLAD1,305,survived,up,3,0,0,Same-tissue replication: 3/3 concordant. Cross-tissue: 0/0 concordant.
FOXRED2,305,survived,up,3,0,0,Same-tissue replication: 3/3 concordant. Cross-tissue: 0/0 concordant.
GTPBP3,305,survived,up,3,0,0,Same-tissue replication: 3/3 concordant. Cross-tissue: 0/0 concordant.
ISG20L2,305,survived,up,3,0,0,Same-tissue replication: 3/3 concordant. Cross-tissue: 0/0 concordant.
LSM5,305,survived,up,3,0,0,Same-tissue replication: 3/3 concordant. Cross-tissue: 0/0 concordant.
MCM5,305,survived,up,3,0,0,Same-tissue replication: 3/3 concordant. Cross-tissue: 0/0 concordant.
MEA1,305,survived,up,3,0,0,Same-tissue replication: 3/3 concordant. Cross-tissue: 0/0 concordant.
MLF2,305,survived,up,2,0,0,Same-tissue replication: 2/3 concordant. Cross-tissue: 0/0 concordant.
NCBP2,305,survived,up,3,0,0,Same-tissue replication: 3/3 concordant. Cross-tissue: 0/0 concordant.
NEU1,305,survived,up,3,0,0,Same-tissue replication: 3/3 concordant. Cross-tissue: 0/0 concordant.
PTPN11,305,survived,up,3,0,0,Same-tissue replication: 3/3 concordant. Cross-tissue: 0/0 concordant.
RBM19,305,survived,up,3,0,0,Same-tissue replication: 3/3 concordant. Cross-tissue: 0/0 concordant.
REXO4,305,survived,up,3,0,0,Same-tissue replication: 3/3 concordant. Cross-tissue: 0/0 concordant.
SMC4,305,survived,up,3,0,0,Same-tissue replication: 3/3 concordant. Cross-tissue: 0/0 concordant.
SNU13,305,survived,up,3,0,0,Same-tissue replication: 3/3 concordant. Cross-tissue: 0/0 concordant.
SRPK1,305,survived,up,3,0,0,Same-tissue replication: 3/3 concordant. Cross-tissue: 0/0 concordant.
TBXAS1,305,survived,up,3,0,0,Same-tissue replication: 3/3 concordant. Cross-tissue: 0/0 concordant.
TRIT1,305,survived,up,3,0,0,Same-tissue replication: 3/3 concordant. Cross-tissue: 0/0 concordant.
UNG,305,survived,up,3,0,0,Same-tissue replication: 3/3 concordant. Cross-tissue: 0/0 concordant.
ZNF746,305,survived,up,3,0,0,Same-tissue replication: 3/3 concordant. Cross-tissue: 0/0 concordant.
ZNF786,305,survived,up,3,0,0,Same-tissue replication: 3/3 concordant. Cross-tissue: 0/0 concordant.
C16orf54,306,survived,down,3,0,0,Same-tissue replication: 3/3 concordant. Cross-tissue: 0/0 concordant.
CAPN13,306,survived,down,3,0,0,Same-tissue replication: 3/3 concordant. Cross-tissue: 0/0 concordant.
CCL13,306,survived,down,3,0,0,Same-tissue replication: 3/3 concordant. Cross-tissue: 0/0 concordant.
FCER1A,306,survived,down,3,0,0,Same-tissue replication: 3/3 concordant. Cross-tissue: 0/0 concordant.
KCTD12,306,survived,down,3,0,0,Same-tissue replication: 3/3 concordant. Cross-tissue: 0/0 concordant.
KLK15,306,eliminated,down,2,1,0,Significant opposite direction in same-tissue dataset(s): ['GSE39582']. Discovery direction: down.
MAOB,306,survived,down,3,0,0,Same-tissue replication: 3/3 concordant. Cross-tissue: 0/0 concordant.
MZB1,306,survived,down,3,0,0,Same-tissue replication: 3/3 concordant. Cross-tissue: 0/0 concordant.
SYNM,306,survived,down,3,0,0,Same-tissue replication: 3/3 concordant. Cross-tissue: 0/0 concordant.
UNC5D,306,survived,down,3,0,0,Same-tissue replication: 3/3 concordant. Cross-tissue: 0/0 concordant.
BHLHE41,307,survived,down,3,0,0,Same-tissue replication: 3/3 concordant. Cross-tissue: 0/0 concordant.
FAM149A,307,survived,down,3,0,0,Same-tissue replication: 3/3 concordant. Cross-tissue: 0/0 concordant.
PPP1R3C,307,survived,down,3,0,0,Same-tissue replication: 3/3 concordant. Cross-tissue: 0/0 concordant.
PRICKLE2,307,survived,down,3,0,0,Same-tissue replication: 3/3 concordant. Cross-tissue: 0/0 concordant.
ABHD6,308,survived,down,3,0,0,Same-tissue replication: 3/3 concordant. Cross-tissue: 0/0 concordant.
CADM1,308,eliminated,down,2,1,0,Significant opposite direction in same-tissue dataset(s): ['GSE39582']. Discovery direction: down.
COX4I1,308,survived,down,3,0,0,Same-tissue replication: 3/3 concordant. Cross-tissue: 0/0 concordant.
DAAM2,308,survived,down,3,0,0,Same-tissue replication: 3/3 concordant. Cross-tissue: 0/0 concordant.
MYCT1,308,survived,down,2,0,0,Same-tissue replication: 2/3 concordant. Cross-tissue: 0/0 concordant.
MYOM1,308,survived,down,3,0,0,Same-tissue replication: 3/3 concordant. Cross-tissue: 0/0 concordant.
SASH1,308,survived,down,3,0,0,Same-tissue replication: 3/3 concordant. Cross-tissue: 0/0 concordant.
COX7C,309,survived,down,3,0,0,Same-tissue replication: 3/3 concordant. Cross-tissue: 0/0 concordant.
DNAJC4,309,survived,down,3,0,0,Same-tissue replication: 3/3 concordant. Cross-tissue: 0/0 concordant.
H1-2,309,survived,down,3,0,0,Same-tissue replication: 3/3 concordant. Cross-tissue: 0/0 concordant.
POLD4,309,survived,down,3,0,0,Same-tissue replication: 3/3 concordant. Cross-tissue: 0/0 concordant.
VAT1L,309,survived,down,3,0,0,Same-tissue replication: 3/3 concordant. Cross-tissue: 0/0 concordant.
VEPH1,309,survived,down,2,0,0,Same-tissue replication: 2/3 concordant. Cross-tissue: 0/0 concordant.
BDH1,310,survived,down,3,0,0,Same-tissue replication: 3/3 concordant. Cross-tissue: 0/0 concordant.
CCNJL,310,survived,down,3,0,0,Same-tissue replication: 3/3 concordant. Cross-tissue: 0/0 concordant.
COL28A1,310,survived,down,2,0,0,Same-tissue replication: 2/3 concordant. Cross-tissue: 0/0 concordant.
KLF12,310,survived,down,3,0,0,Same-tissue replication: 3/3 concordant. Cross-tissue: 0/0 concordant.
STARD5,310,survived,down,3,0,0,Same-tissue replication: 3/3 concordant. Cross-tissue: 0/0 concordant.
TMEM273,310,survived,down,3,0,0,Same-tissue replication: 3/3 concordant. Cross-tissue: 0/0 concordant.
TRAF3IP2,310,survived,down,3,0,0,Same-tissue replication: 3/3 concordant. Cross-tissue: 0/0 concordant.
ABO,311,survived,down,3,0,0,Same-tissue replication: 3/3 concordant. Cross-tissue: 0/0 concordant.
FCRL5,311,survived,down,3,0,0,Same-tissue replication: 3/3 concordant. Cross-tissue: 0/0 concordant.
MC3R,311,survived,down,3,0,0,Same-tissue replication: 3/3 concordant. Cross-tissue: 0/0 concordant.
OPCML,311,survived,down,2,0,0,Same-tissue replication: 2/3 concordant. Cross-tissue: 0/0 concordant.
PARP15,311,survived,down,3,0,0,Same-tissue replication: 3/3 concordant. Cross-tissue: 0/0 concordant.
SLC7A2,311,survived,down,3,0,0,Same-tissue replication: 3/3 concordant. Cross-tissue: 0/0 concordant.
SORL1,311,survived,down,2,0,0,Same-tissue replication: 2/3 concordant. Cross-tissue: 0/0 concordant.
ATG3,312,eliminated,down,0,2,0,"Significant opposite direction in same-tissue dataset(s): ['GSE32323', 'GSE39582']. Discovery direction: down."
CHPT1,312,survived,down,2,0,0,Same-tissue replication: 2/3 concordant. Cross-tissue: 0/0 concordant.
USP33,312,survived,down,3,0,0,Same-tissue replication: 3/3 concordant. Cross-tissue: 0/0 concordant.
GNAT2,313,survived,down,0,0,0,Same-tissue replication: 0/3 concordant. Cross-tissue: 0/0 concordant.
RASGRP3,313,eliminated,down,1,1,0,Significant opposite direction in same-tissue dataset(s): ['GSE39582']. Discovery direction: down.
TRPM8,313,survived,down,3,0,0,Same-tissue replication: 3/3 concordant. Cross-tissue: 0/0 concordant.
SLC2A10,314,survived,down,2,0,0,Same-tissue replication: 2/3 concordant. Cross-tissue: 0/0 concordant.
WFDC1,314,eliminated,down,1,1,0,Significant opposite direction in same-tissue dataset(s): ['GSE37364']. Discovery direction: down.
ZSCAN10,314,survived,down,3,0,0,Same-tissue replication: 3/3 concordant. Cross-tissue: 0/0 concordant.
BMP7,315,eliminated,up,2,1,0,Significant opposite direction in same-tissue dataset(s): ['GSE39582']. Discovery direction: up.
CENPU,315,survived,up,3,0,0,Same-tissue replication: 3/3 concordant. Cross-tissue: 0/0 concordant.
DHX37,315,survived,up,3,0,0,Same-tissue replication: 3/3 concordant. Cross-tissue: 0/0 concordant.
PATZ1,315,survived,up,3,0,0,Same-tissue replication: 3/3 concordant. Cross-tissue: 0/0 concordant.
PFAS,315,survived,up,3,0,0,Same-tissue replication: 3/3 concordant. Cross-tissue: 0/0 concordant.
RANGAP1,315,survived,up,3,0,0,Same-tissue replication: 3/3 concordant. Cross-tissue: 0/0 concordant.
RBM26,315,survived,up,3,0,0,Same-tissue replication: 3/3 concordant. Cross-tissue: 0/0 concordant.
RTL10,315,survived,up,3,0,0,Same-tissue replication: 3/3 concordant. Cross-tissue: 0/0 concordant.
SLC39A4,315,survived,up,3,0,0,Same-tissue replication: 3/3 concordant. Cross-tissue: 0/0 concordant.
THOC2,315,survived,up,3,0,0,Same-tissue replication: 3/3 concordant. Cross-tissue: 0/0 concordant.
ZWINT,315,survived,up,3,0,0,Same-tissue replication: 3/3 concordant. Cross-tissue: 0/0 concordant.
ABAT,318,survived,down,3,0,0,Same-tissue replication: 3/3 concordant. Cross-tissue: 0/0 concordant.
ARHGEF25,318,survived,down,3,0,0,Same-tissue replication: 3/3 concordant. Cross-tissue: 0/0 concordant.
NDOR1,318,survived,down,3,0,0,Same-tissue replication: 3/3 concordant. Cross-tissue: 0/0 concordant.
ATP5F1B,319,survived,down,3,0,0,Same-tissue replication: 3/3 concordant. Cross-tissue: 0/0 concordant.
C11orf71,319,survived,down,3,0,0,Same-tissue replication: 3/3 concordant. Cross-tissue: 0/0 concordant.
CBFA2T3,319,survived,down,3,0,0,Same-tissue replication: 3/3 concordant. Cross-tissue: 0/0 concordant.
DLD,319,survived,down,3,0,0,Same-tissue replication: 3/3 concordant. Cross-tissue: 0/0 concordant.
EIF2AK3,319,survived,down,3,0,0,Same-tissue replication: 3/3 concordant. Cross-tissue: 0/0 concordant.
ERBIN,319,survived,down,3,0,0,Same-tissue replication: 3/3 concordant. Cross-tissue: 0/0 concordant.
FEZ2,319,survived,down,3,0,0,Same-tissue replication: 3/3 concordant. Cross-tissue: 0/0 concordant.
SCOC,319,survived,down,3,0,0,Same-tissue replication: 3/3 concordant. Cross-tissue: 0/0 concordant.
TOGARAM1,319,survived,down,3,0,0,Same-tissue replication: 3/3 concordant. Cross-tissue: 0/0 concordant.
YPEL5,319,survived,down,3,0,0,Same-tissue replication: 3/3 concordant. Cross-tissue: 0/0 concordant.
ENPP3,320,survived,down,3,0,0,Same-tissue replication: 3/3 concordant. Cross-tissue: 0/0 concordant.
FBXL3,320,survived,down,3,0,0,Same-tissue replication: 3/3 concordant. Cross-tissue: 0/0 concordant.
MFSD11,320,survived,down,3,0,0,Same-tissue replication: 3/3 concordant. Cross-tissue: 0/0 concordant.
NDUFA5,320,survived,down,2,0,0,Same-tissue replication: 2/3 concordant. Cross-tissue: 0/0 concordant.
NRBF2,320,survived,down,2,0,0,Same-tissue replication: 2/3 concordant. Cross-tissue: 0/0 concordant.
PELI2,320,survived,down,3,0,0,Same-tissue replication: 3/3 concordant. Cross-tissue: 0/0 concordant.
PNRC2,320,survived,down,3,0,0,Same-tissue replication: 3/3 concordant. Cross-tissue: 0/0 concordant.
RALB,320,survived,down,3,0,0,Same-tissue replication: 3/3 concordant. Cross-tissue: 0/0 concordant.
SLC35B3,320,survived,down,3,0,0,Same-tissue replication: 3/3 concordant. Cross-tissue: 0/0 concordant.
TSC22D3,320,survived,down,2,0,0,Same-tissue replication: 2/3 concordant. Cross-tissue: 0/0 concordant.
CCDC92,321,survived,up,2,0,0,Same-tissue replication: 2/3 concordant. Cross-tissue: 0/0 concordant.
CRAMP1,321,survived,up,3,0,0,Same-tissue replication: 3/3 concordant. Cross-tissue: 0/0 concordant.
DYRK4,321,survived,up,3,0,0,Same-tissue replication: 3/3 concordant. Cross-tissue: 0/0 concordant.
GAPDH,321,survived,up,2,0,0,Same-tissue replication: 2/3 concordant. Cross-tissue: 0/0 concordant.
CPOX,322,survived,up,3,0,0,Same-tissue replication: 3/3 concordant. Cross-tissue: 0/0 concordant.
HNRNPL,322,survived,up,2,0,0,Same-tissue replication: 2/3 concordant. Cross-tissue: 0/0 concordant.
IRF2BP2,322,survived,up,3,0,0,Same-tissue replication: 3/3 concordant. Cross-tissue: 0/0 concordant.
MIMS2,322,survived,up,3,0,0,Same-tissue replication: 3/3 concordant. Cross-tissue: 0/0 concordant.
RPE,322,survived,up,3,0,0,Same-tissue replication: 3/3 concordant. Cross-tissue: 0/0 concordant.
SLC41A1,322,survived,up,3,0,0,Same-tissue replication: 3/3 concordant. Cross-tissue: 0/0 concordant.
SPATA33,322,survived,up,3,0,0,Same-tissue replication: 3/3 concordant. Cross-tissue: 0/0 concordant.
UBE2I,322,survived,up,3,0,0,Same-tissue replication: 3/3 concordant. Cross-tissue: 0/0 concordant.
BORA,323,survived,up,3,0,0,Same-tissue replication: 3/3 concordant. Cross-tissue: 0/0 concordant.
CCNJ,323,survived,up,3,0,0,Same-tissue replication: 3/3 concordant. Cross-tissue: 0/0 concordant.
CSTF3,323,survived,up,3,0,0,Same-tissue replication: 3/3 concordant. Cross-tissue: 0/0 concordant.
IMMP2L,323,survived,up,3,0,0,Same-tissue replication: 3/3 concordant. Cross-tissue: 0/0 concordant.
SS18L1,323,survived,up,3,0,0,Same-tissue replication: 3/3 concordant. Cross-tissue: 0/0 concordant.
TIMM29,323,survived,up,3,0,0,Same-tissue replication: 3/3 concordant. Cross-tissue: 0/0 concordant.
AKIP1,324,survived,up,3,0,0,Same-tissue replication: 3/3 concordant. Cross-tissue: 0/0 concordant.
ASNSD1,324,survived,up,3,0,0,Same-tissue replication: 3/3 concordant. Cross-tissue: 0/0 concordant.
IMPDH2,324,survived,up,3,0,0,Same-tissue replication: 3/3 concordant. Cross-tissue: 0/0 concordant.
KLHL11,324,survived,up,3,0,0,Same-tissue replication: 3/3 concordant. Cross-tissue: 0/0 concordant.
LSM12,324,survived,up,3,0,0,Same-tissue replication: 3/3 concordant. Cross-tissue: 0/0 concordant.
RNASEH1,324,survived,up,3,0,0,Same-tissue replication: 3/3 concordant. Cross-tissue: 0/0 concordant.
TMEM258,324,survived,up,3,0,0,Same-tissue replication: 3/3 concordant. Cross-tissue: 0/0 concordant.
YWHAB,324,survived,up,2,0,0,Same-tissue replication: 2/3 concordant. Cross-tissue: 0/0 concordant.
AHSA1,325,survived,up,3,0,0,Same-tissue replication: 3/3 concordant. Cross-tissue: 0/0 concordant.
BMS1,325,survived,up,3,0,0,Same-tissue replication: 3/3 concordant. Cross-tissue: 0/0 concordant.
CLTA,325,survived,up,3,0,0,Same-tissue replication: 3/3 concordant. Cross-tissue: 0/0 concordant.
CTU2,325,survived,up,3,0,0,Same-tissue replication: 3/3 concordant. Cross-tissue: 0/0 concordant.
FAM174C,325,survived,up,3,0,0,Same-tissue replication: 3/3 concordant. Cross-tissue: 0/0 concordant.
FOXK1,325,survived,up,3,0,0,Same-tissue replication: 3/3 concordant. Cross-tissue: 0/0 concordant.
PHB1,325,survived,up,3,0,0,Same-tissue replication: 3/3 concordant. Cross-tissue: 0/0 concordant.
PHF6,325,survived,up,3,0,0,Same-tissue replication: 3/3 concordant. Cross-tissue: 0/0 concordant.
PKMYT1,325,survived,up,3,0,0,Same-tissue replication: 3/3 concordant. Cross-tissue: 0/0 concordant.
PPIA,325,survived,up,3,0,0,Same-tissue replication: 3/3 concordant. Cross-tissue: 0/0 concordant.
RPRD1B,325,survived,up,3,0,0,Same-tissue replication: 3/3 concordant. Cross-tissue: 0/0 concordant.
SEC61G,325,survived,up,3,0,0,Same-tissue replication: 3/3 concordant. Cross-tissue: 0/0 concordant.
TARBP2,325,survived,up,3,0,0,Same-tissue replication: 3/3 concordant. Cross-tissue: 0/0 concordant.
TMEM208,325,survived,up,3,0,0,Same-tissue replication: 3/3 concordant. Cross-tissue: 0/0 concordant.
USP39,325,survived,up,3,0,0,Same-tissue replication: 3/3 concordant. Cross-tissue: 0/0 concordant.
VGLL4,325,survived,up,3,0,0,Same-tissue replication: 3/3 concordant. Cross-tissue: 0/0 concordant.
VPS35,325,survived,up,2,0,0,Same-tissue replication: 2/3 concordant. Cross-tissue: 0/0 concordant.
ZC3HC1,325,survived,up,3,0,0,Same-tissue replication: 3/3 concordant. Cross-tissue: 0/0 concordant.
APOLD1,326,survived,up,3,0,0,Same-tissue replication: 3/3 concordant. Cross-tissue: 0/0 concordant.
CCDC137,326,survived,up,3,0,0,Same-tissue replication: 3/3 concordant. Cross-tissue: 0/0 concordant.
MRPL50,326,survived,up,3,0,0,Same-tissue replication: 3/3 concordant. Cross-tissue: 0/0 concordant.
NUCLEOLIN,326,survived,up,3,0,0,Same-tissue replication: 3/3 concordant. Cross-tissue: 0/0 concordant.
WIZ,326,survived,up,3,0,0,Same-tissue replication: 3/3 concordant. Cross-tissue: 0/0 concordant.
CELSR3,327,survived,up,3,0,0,Same-tissue replication: 3/3 concordant. Cross-tissue: 0/0 concordant.
EVPL,327,survived,up,3,0,0,Same-tissue replication: 3/3 concordant. Cross-tissue: 0/0 concordant.
FLVCR1,327,survived,up,3,0,0,Same-tissue replication: 3/3 concordant. Cross-tissue: 0/0 concordant.
LRP3,327,survived,up,3,0,0,Same-tissue replication: 3/3 concordant. Cross-tissue: 0/0 concordant.
PRIM1,327,survived,up,3,0,0,Same-tissue replication: 3/3 concordant. Cross-tissue: 0/0 concordant.
RNF24,327,survived,up,3,0,0,Same-tissue replication: 3/3 concordant. Cross-tissue: 0/0 concordant.
DNAJB1,328,survived,up,3,0,0,Same-tissue replication: 3/3 concordant. Cross-tissue: 0/0 concordant.
FAM50A,328,survived,up,3,0,0,Same-tissue replication: 3/3 concordant. Cross-tissue: 0/0 concordant.
HSP90AA1,328,survived,up,3,0,0,Same-tissue replication: 3/3 concordant. Cross-tissue: 0/0 concordant.
MLLT1,328,survived,up,3,0,0,Same-tissue replication: 3/3 concordant. Cross-tissue: 0/0 concordant.
MMP14,328,survived,up,3,0,0,Same-tissue replication: 3/3 concordant. Cross-tissue: 0/0 concordant.
PSMD1,328,eliminated,up,2,1,0,Significant opposite direction in same-tissue dataset(s): ['GSE32323']. Discovery direction: up.
RIOX1,328,survived,up,3,0,0,Same-tissue replication: 3/3 concordant. Cross-tissue: 0/0 concordant.
TARDBP,328,survived,up,2,0,0,Same-tissue replication: 2/3 concordant. Cross-tissue: 0/0 concordant.
CACYBP,329,survived,up,3,0,0,Same-tissue replication: 3/3 concordant. Cross-tissue: 0/0 concordant.
COPS7A,329,survived,up,3,0,0,Same-tissue replication: 3/3 concordant. Cross-tissue: 0/0 concordant.
FAF1,329,survived,up,3,0,0,Same-tissue replication: 3/3 concordant. Cross-tissue: 0/0 concordant.
KDM2B,329,survived,up,3,0,0,Same-tissue replication: 3/3 concordant. Cross-tissue: 0/0 concordant.
PMPCA,329,survived,up,3,0,0,Same-tissue replication: 3/3 concordant. Cross-tissue: 0/0 concordant.
POLR3C,329,survived,up,3,0,0,Same-tissue replication: 3/3 concordant. Cross-tissue: 0/0 concordant.
POLR3K,329,survived,up,3,0,0,Same-tissue replication: 3/3 concordant. Cross-tissue: 0/0 concordant.
SNAPC4,329,survived,up,3,0,0,Same-tissue replication: 3/3 concordant. Cross-tissue: 0/0 concordant.
ZWILCH,329,survived,up,3,0,0,Same-tissue replication: 3/3 concordant. Cross-tissue: 0/0 concordant.
AHNAK2,330,survived,up,3,0,0,Same-tissue replication: 3/3 concordant. Cross-tissue: 0/0 concordant.
ARHGAP26,330,eliminated,up,0,1,0,Significant opposite direction in same-tissue dataset(s): ['GSE39582']. Discovery direction: up.
DHRS12,330,survived,up,2,0,0,Same-tissue replication: 2/3 concordant. Cross-tissue: 0/0 concordant.
PDE4B,330,survived,up,2,0,0,Same-tissue replication: 2/3 concordant. Cross-tissue: 0/0 concordant.
TIMP3,330,survived,up,3,0,0,Same-tissue replication: 3/3 concordant. Cross-tissue: 0/0 concordant.
TUBB2A,330,survived,down,2,0,0,Same-tissue replication: 2/3 concordant. Cross-tissue: 0/0 concordant.
ETV7,331,survived,up,3,0,0,Same-tissue replication: 3/3 concordant. Cross-tissue: 0/0 concordant.
POGLUT3,331,survived,up,3,0,0,Same-tissue replication: 3/3 concordant. Cross-tissue: 0/0 concordant.
TRIM8,331,survived,up,2,0,0,Same-tissue replication: 2/3 concordant. Cross-tissue: 0/0 concordant.
ANKRD52,332,eliminated,up,1,2,0,"Significant opposite direction in same-tissue dataset(s): ['GSE32323', 'GSE37364']. Discovery direction: up."
B4GALT6,332,survived,up,2,0,0,Same-tissue replication: 2/3 concordant. Cross-tissue: 0/0 concordant.
C1QTNF1,332,survived,up,3,0,0,Same-tissue replication: 3/3 concordant. Cross-tissue: 0/0 concordant.
CDC5L,332,survived,up,3,0,0,Same-tissue replication: 3/3 concordant. Cross-tissue: 0/0 concordant.
DHX35,332,survived,up,3,0,0,Same-tissue replication: 3/3 concordant. Cross-tissue: 0/0 concordant.
GON4L,332,eliminated,up,1,1,0,Significant opposite direction in same-tissue dataset(s): ['GSE37364']. Discovery direction: up.
MNAT1,332,survived,up,3,0,0,Same-tissue replication: 3/3 concordant. Cross-tissue: 0/0 concordant.
MRPS31,332,survived,up,3,0,0,Same-tissue replication: 3/3 concordant. Cross-tissue: 0/0 concordant.
PIERCE1,332,survived,up,3,0,0,Same-tissue replication: 3/3 concordant. Cross-tissue: 0/0 concordant.
DYNC2I1,333,survived,up,3,0,0,Same-tissue replication: 3/3 concordant. Cross-tissue: 0/0 concordant.
GSDME,333,survived,up,3,0,0,Same-tissue replication: 3/3 concordant. Cross-tissue: 0/0 concordant.
LTBP3,333,survived,up,3,0,0,Same-tissue replication: 3/3 concordant. Cross-tissue: 0/0 concordant.
PLK3,333,eliminated,up,2,1,0,Significant opposite direction in same-tissue dataset(s): ['GSE32323']. Discovery direction: up.
TRIO,333,survived,up,3,0,0,Same-tissue replication: 3/3 concordant. Cross-tissue: 0/0 concordant.
ABHD18,334,survived,down,3,0,0,Same-tissue replication: 3/3 concordant. Cross-tissue: 0/0 concordant.
BMP6,334,survived,down,3,0,0,Same-tissue replication: 3/3 concordant. Cross-tissue: 0/0 concordant.
CDKN2AIP,334,survived,down,1,0,0,Same-tissue replication: 1/3 concordant. Cross-tissue: 0/0 concordant.
CERT1,334,survived,down,3,0,0,Same-tissue replication: 3/3 concordant. Cross-tissue: 0/0 concordant.
GAB2,334,survived,down,3,0,0,Same-tissue replication: 3/3 concordant. Cross-tissue: 0/0 concordant.
INPP5A,334,survived,down,3,0,0,Same-tissue replication: 3/3 concordant. Cross-tissue: 0/0 concordant.
MAML3,334,survived,down,3,0,0,Same-tissue replication: 3/3 concordant. Cross-tissue: 0/0 concordant.
MMADHC,334,survived,down,0,0,0,Same-tissue replication: 0/3 concordant. Cross-tissue: 0/0 concordant.
TCP11L2,334,survived,down,3,0,0,Same-tissue replication: 3/3 concordant. Cross-tissue: 0/0 concordant.
TRIP4,334,survived,down,3,0,0,Same-tissue replication: 3/3 concordant. Cross-tissue: 0/0 concordant.
VAMP5,334,eliminated,down,1,1,0,Significant opposite direction in same-tissue dataset(s): ['GSE39582']. Discovery direction: down.
ACER3,335,survived,down,3,0,0,Same-tissue replication: 3/3 concordant. Cross-tissue: 0/0 concordant.
ANKRD13C,335,survived,down,3,0,0,Same-tissue replication: 3/3 concordant. Cross-tissue: 0/0 concordant.
CYB561A3,335,survived,down,3,0,0,Same-tissue replication: 3/3 concordant. Cross-tissue: 0/0 concordant.
EFL1,335,survived,down,3,0,0,Same-tissue replication: 3/3 concordant. Cross-tissue: 0/0 concordant.
PEAK1,335,survived,down,3,0,0,Same-tissue replication: 3/3 concordant. Cross-tissue: 0/0 concordant.
POLR3GL,335,survived,down,3,0,0,Same-tissue replication: 3/3 concordant. Cross-tissue: 0/0 concordant.
TMEM170A,335,survived,down,3,0,0,Same-tissue replication: 3/3 concordant. Cross-tissue: 0/0 concordant.
BSG,336,survived,down,3,0,0,Same-tissue replication: 3/3 concordant. Cross-tissue: 0/0 concordant.
C2orf74,336,survived,down,3,0,0,Same-tissue replication: 3/3 concordant. Cross-tissue: 0/0 concordant.
EDNRB,336,survived,down,3,0,0,Same-tissue replication: 3/3 concordant. Cross-tissue: 0/0 concordant.
FCGR2B,336,survived,down,2,0,0,Same-tissue replication: 2/3 concordant. Cross-tissue: 0/0 concordant.
HCLS1,336,survived,down,3,0,0,Same-tissue replication: 3/3 concordant. Cross-tissue: 0/0 concordant.
HLA-DOB,336,survived,down,3,0,0,Same-tissue replication: 3/3 concordant. Cross-tissue: 0/0 concordant.
MOB3B,336,survived,down,3,0,0,Same-tissue replication: 3/3 concordant. Cross-tissue: 0/0 concordant.
CREBRF,337,survived,down,3,0,0,Same-tissue replication: 3/3 concordant. Cross-tissue: 0/0 concordant.
CYP4V2,337,survived,down,3,0,0,Same-tissue replication: 3/3 concordant. Cross-tissue: 0/0 concordant.
CYYR1,337,survived,down,1,0,0,Same-tissue replication: 1/3 concordant. Cross-tissue: 0/0 concordant.
EPHA10,337,survived,down,3,0,0,Same-tissue replication: 3/3 concordant. Cross-tissue: 0/0 concordant.
FBLIM1,337,survived,down,3,0,0,Same-tissue replication: 3/3 concordant. Cross-tissue: 0/0 concordant.
HIBCH,337,survived,down,3,0,0,Same-tissue replication: 3/3 concordant. Cross-tissue: 0/0 concordant.
KMT5B,337,survived,down,3,0,0,Same-tissue replication: 3/3 concordant. Cross-tissue: 0/0 concordant.
MAPK6,337,survived,down,3,0,0,Same-tissue replication: 3/3 concordant. Cross-tissue: 0/0 concordant.
RAB9A,337,survived,down,3,0,0,Same-tissue replication: 3/3 concordant. Cross-tissue: 0/0 concordant.
SCARB2,337,survived,down,3,0,0,Same-tissue replication: 3/3 concordant. Cross-tissue: 0/0 concordant.
SMIM8,337,eliminated,down,2,1,0,Significant opposite direction in same-tissue dataset(s): ['GSE32323']. Discovery direction: down.
ZFYVE28,337,survived,down,3,0,0,Same-tissue replication: 3/3 concordant. Cross-tissue: 0/0 concordant.
AGR2,338,survived,down,3,0,0,Same-tissue replication: 3/3 concordant. Cross-tissue: 0/0 concordant.
DLST,338,survived,down,3,0,0,Same-tissue replication: 3/3 concordant. Cross-tissue: 0/0 concordant.
GSTK1,338,survived,down,3,0,0,Same-tissue replication: 3/3 concordant. Cross-tissue: 0/0 concordant.
LDLRAD4,338,survived,down,3,0,0,Same-tissue replication: 3/3 concordant. Cross-tissue: 0/0 concordant.
LGALSL,338,survived,down,3,0,0,Same-tissue replication: 3/3 concordant. Cross-tissue: 0/0 concordant.
LRIG3,338,survived,down,2,0,0,Same-tissue replication: 2/3 concordant. Cross-tissue: 0/0 concordant.
MPPE1,338,survived,down,3,0,0,Same-tissue replication: 3/3 concordant. Cross-tissue: 0/0 concordant.
PRKAA2,338,survived,down,3,0,0,Same-tissue replication: 3/3 concordant. Cross-tissue: 0/0 concordant.
VAMP2,338,survived,down,3,0,0,Same-tissue replication: 3/3 concordant. Cross-tissue: 0/0 concordant.
APOE,339,eliminated,down,2,1,0,Significant opposite direction in same-tissue dataset(s): ['GSE39582']. Discovery direction: down.
ATP5MK,339,survived,down,3,0,0,Same-tissue replication: 3/3 concordant. Cross-tissue: 0/0 concordant.
ECI1,339,survived,down,3,0,0,Same-tissue replication: 3/3 concordant. Cross-tissue: 0/0 concordant.
MAGIX,339,survived,down,3,0,0,Same-tissue replication: 3/3 concordant. Cross-tissue: 0/0 concordant.
NCF1,339,survived,down,3,0,0,Same-tissue replication: 3/3 concordant. Cross-tissue: 0/0 concordant.
PTGDR2,339,survived,down,3,0,0,Same-tissue replication: 3/3 concordant. Cross-tissue: 0/0 concordant.
TAOK3,339,survived,down,3,0,0,Same-tissue replication: 3/3 concordant. Cross-tissue: 0/0 concordant.
TMEM120A,339,survived,down,3,0,0,Same-tissue replication: 3/3 concordant. Cross-tissue: 0/0 concordant.
CIZ1,340,survived,up,2,0,0,Same-tissue replication: 2/3 concordant. Cross-tissue: 0/0 concordant.
FHIP2A,340,survived,up,2,0,0,Same-tissue replication: 2/3 concordant. Cross-tissue: 0/0 concordant.
LYSMD2,340,survived,up,3,0,0,Same-tissue replication: 3/3 concordant. Cross-tissue: 0/0 concordant.
POLD3,340,eliminated,up,1,1,0,Significant opposite direction in same-tissue dataset(s): ['GSE32323']. Discovery direction: up.
ARL6IP6,341,survived,up,3,0,0,Same-tissue replication: 3/3 concordant. Cross-tissue: 0/0 concordant.
BICDL1,341,survived,up,3,0,0,Same-tissue replication: 3/3 concordant. Cross-tissue: 0/0 concordant.
COG6,341,survived,up,3,0,0,Same-tissue replication: 3/3 concordant. Cross-tissue: 0/0 concordant.
DPYSL2,341,survived,up,3,0,0,Same-tissue replication: 3/3 concordant. Cross-tissue: 0/0 concordant.
HSPA13,341,survived,up,2,0,0,Same-tissue replication: 2/3 concordant. Cross-tissue: 0/0 concordant.
MB21D2,341,survived,up,2,0,0,Same-tissue replication: 2/3 concordant. Cross-tissue: 0/0 concordant.
SNX16,341,survived,up,3,0,0,Same-tissue replication: 3/3 concordant. Cross-tissue: 0/0 concordant.
BNIP3,342,survived,up,3,0,0,Same-tissue replication: 3/3 concordant. Cross-tissue: 0/0 concordant.
GRAMD2A,342,survived,up,3,0,0,Same-tissue replication: 3/3 concordant. Cross-tissue: 0/0 concordant.
PTGS2,342,survived,up,3,0,0,Same-tissue replication: 3/3 concordant. Cross-tissue: 0/0 concordant.
RGCC,342,survived,up,3,0,0,Same-tissue replication: 3/3 concordant. Cross-tissue: 0/0 concordant.
SACS,342,survived,up,3,0,0,Same-tissue replication: 3/3 concordant. Cross-tissue: 0/0 concordant.
ZNF469,342,survived,up,3,0,0,Same-tissue replication: 3/3 concordant. Cross-tissue: 0/0 concordant.
ARL13B,343,survived,up,3,0,0,Same-tissue replication: 3/3 concordant. Cross-tissue: 0/0 concordant.
EPS15L1,343,survived,up,1,0,0,Same-tissue replication: 1/3 concordant. Cross-tissue: 0/0 concordant.
IGF2BP3,343,survived,up,3,0,0,Same-tissue replication: 3/3 concordant. Cross-tissue: 0/0 concordant.
PXDC1,343,survived,up,2,0,0,Same-tissue replication: 2/3 concordant. Cross-tissue: 0/0 concordant.
RGS4,343,survived,up,2,0,0,Same-tissue replication: 2/3 concordant. Cross-tissue: 0/0 concordant.
ADSS2,344,eliminated,up,2,1,0,Significant opposite direction in same-tissue dataset(s): ['GSE39582']. Discovery direction: up.
MRS2,344,survived,up,3,0,0,Same-tissue replication: 3/3 concordant. Cross-tissue: 0/0 concordant.
PSMD10,344,survived,up,3,0,0,Same-tissue replication: 3/3 concordant. Cross-tissue: 0/0 concordant.
RBBP9,344,survived,up,3,0,0,Same-tissue replication: 3/3 concordant. Cross-tissue: 0/0 concordant.
SPINK1,344,eliminated,up,2,1,0,Significant opposite direction in same-tissue dataset(s): ['GSE39582']. Discovery direction: up.
TXNDC12,344,survived,up,3,0,0,Same-tissue replication: 3/3 concordant. Cross-tissue: 0/0 concordant.
DENND5A,345,survived,up,3,0,0,Same-tissue replication: 3/3 concordant. Cross-tissue: 0/0 concordant.
GIT1,345,survived,up,2,0,0,Same-tissue replication: 2/3 concordant. Cross-tissue: 0/0 concordant.
KCNJ8,345,survived,up,2,0,0,Same-tissue replication: 2/3 concordant. Cross-tissue: 0/0 concordant.
MED1,345,survived,up,3,0,0,Same-tissue replication: 3/3 concordant. Cross-tissue: 0/0 concordant.
MED10,345,survived,up,3,0,0,Same-tissue replication: 3/3 concordant. Cross-tissue: 0/0 concordant.
MMS19,345,survived,up,3,0,0,Same-tissue replication: 3/3 concordant. Cross-tissue: 0/0 concordant.
MNT,345,eliminated,up,2,1,0,Significant opposite direction in same-tissue dataset(s): ['GSE32323']. Discovery direction: up.
RAD54L2,345,survived,up,3,0,0,Same-tissue replication: 3/3 concordant. Cross-tissue: 0/0 concordant.
STAT1,345,survived,up,3,0,0,Same-tissue replication: 3/3 concordant. Cross-tissue: 0/0 concordant.
STEEP1,345,survived,up,3,0,0,Same-tissue replication: 3/3 concordant. Cross-tissue: 0/0 concordant.
ZFAND5,345,eliminated,up,2,1,0,Significant opposite direction in same-tissue dataset(s): ['GSE32323']. Discovery direction: up.
AK8,346,survived,down,1,0,0,Same-tissue replication: 1/3 concordant. Cross-tissue: 0/0 concordant.
COX19,346,eliminated,down,1,1,0,Significant opposite direction in same-tissue dataset(s): ['GSE32323']. Discovery direction: down.
EIF4A2,346,survived,down,3,0,0,Same-tissue replication: 3/3 concordant. Cross-tissue: 0/0 concordant.
H3C11,346,survived,up,3,0,0,Same-tissue replication: 3/3 concordant. Cross-tissue: 0/0 concordant.
LVRN,346,eliminated,up,1,2,0,"Significant opposite direction in same-tissue dataset(s): ['GSE32323', 'GSE39582']. Discovery direction: up."
NANOS3,346,eliminated,up,2,1,0,Significant opposite direction in same-tissue dataset(s): ['GSE32323']. Discovery direction: up.
PMFBP1,346,survived,up,3,0,0,Same-tissue replication: 3/3 concordant. Cross-tissue: 0/0 concordant.
MDH1,347,survived,down,3,0,0,Same-tissue replication: 3/3 concordant. Cross-tissue: 0/0 concordant.
NAPRT,347,survived,down,3,0,0,Same-tissue replication: 3/3 concordant. Cross-tissue: 0/0 concordant.
RABGAP1L,347,survived,down,3,0,0,Same-tissue replication: 3/3 concordant. Cross-tissue: 0/0 concordant.
CCNG2,348,survived,down,3,0,0,Same-tissue replication: 3/3 concordant. Cross-tissue: 0/0 concordant.
FAM13A,348,survived,down,3,0,0,Same-tissue replication: 3/3 concordant. Cross-tissue: 0/0 concordant.
IL7,348,survived,down,2,0,0,Same-tissue replication: 2/3 concordant. Cross-tissue: 0/0 concordant.
LGMN,348,survived,down,3,0,0,Same-tissue replication: 3/3 concordant. Cross-tissue: 0/0 concordant.
RND3,348,survived,down,3,0,0,Same-tissue replication: 3/3 concordant. Cross-tissue: 0/0 concordant.
VAMP1,348,survived,down,3,0,0,Same-tissue replication: 3/3 concordant. Cross-tissue: 0/0 concordant.
ARFIP1,349,survived,down,3,0,0,Same-tissue replication: 3/3 concordant. Cross-tissue: 0/0 concordant.
ARL15,349,survived,down,3,0,0,Same-tissue replication: 3/3 concordant. Cross-tissue: 0/0 concordant.
ATG2B,349,survived,down,2,0,0,Same-tissue replication: 2/3 concordant. Cross-tissue: 0/0 concordant.
EFCAB14,349,survived,down,3,0,0,Same-tissue replication: 3/3 concordant. Cross-tissue: 0/0 concordant.
NCOA2,349,survived,down,3,0,0,Same-tissue replication: 3/3 concordant. Cross-tissue: 0/0 concordant.
TAF13,349,survived,down,2,0,0,Same-tissue replication: 2/3 concordant. Cross-tissue: 0/0 concordant.
AFF4,350,survived,down,3,0,0,Same-tissue replication: 3/3 concordant. Cross-tissue: 0/0 concordant.
ARMC8,350,survived,down,3,0,0,Same-tissue replication: 3/3 concordant. Cross-tissue: 0/0 concordant.
GIT2,350,survived,down,2,0,0,Same-tissue replication: 2/3 concordant. Cross-tissue: 0/0 concordant.
SIK3,350,survived,down,3,0,0,Same-tissue replication: 3/3 concordant. Cross-tissue: 0/0 concordant.
TCIM,350,eliminated,down,2,1,0,Significant opposite direction in same-tissue dataset(s): ['GSE37364']. Discovery direction: down.
YIPF5,350,survived,down,3,0,0,Same-tissue replication: 3/3 concordant. Cross-tissue: 0/0 concordant.
ZNF211,350,survived,down,3,0,0,Same-tissue replication: 3/3 concordant. Cross-tissue: 0/0 concordant.
ACBD6,351,survived,up,3,0,0,Same-tissue replication: 3/3 concordant. Cross-tissue: 0/0 concordant.
DDX10,351,survived,up,3,0,0,Same-tissue replication: 3/3 concordant. Cross-tissue: 0/0 concordant.
NPHP1,351,survived,up,3,0,0,Same-tissue replication: 3/3 concordant. Cross-tissue: 0/0 concordant.
RPL22L1,351,survived,up,3,0,0,Same-tissue replication: 3/3 concordant. Cross-tissue: 0/0 concordant.
ZMYND19,351,survived,up,3,0,0,Same-tissue replication: 3/3 concordant. Cross-tissue: 0/0 concordant.
CBX3,352,survived,up,3,0,0,Same-tissue replication: 3/3 concordant. Cross-tissue: 0/0 concordant.
CCT6A,352,survived,up,3,0,0,Same-tissue replication: 3/3 concordant. Cross-tissue: 0/0 concordant.
DNAJC2,352,survived,up,3,0,0,Same-tissue replication: 3/3 concordant. Cross-tissue: 0/0 concordant.
DTYMK,352,survived,up,3,0,0,Same-tissue replication: 3/3 concordant. Cross-tissue: 0/0 concordant.
NIT2,352,survived,up,3,0,0,Same-tissue replication: 3/3 concordant. Cross-tissue: 0/0 concordant.
PHF20,352,survived,up,3,0,0,Same-tissue replication: 3/3 concordant. Cross-tissue: 0/0 concordant.
SINHCAF,352,survived,up,3,0,0,Same-tissue replication: 3/3 concordant. Cross-tissue: 0/0 concordant.
TROAP,352,survived,up,3,0,0,Same-tissue replication: 3/3 concordant. Cross-tissue: 0/0 concordant.
ACD,353,survived,up,3,0,0,Same-tissue replication: 3/3 concordant. Cross-tissue: 0/0 concordant.
GOLT1A,353,survived,up,3,0,0,Same-tissue replication: 3/3 concordant. Cross-tissue: 0/0 concordant.
GRAMD1A,353,survived,up,3,0,0,Same-tissue replication: 3/3 concordant. Cross-tissue: 0/0 concordant.
SOX4,353,survived,up,3,0,0,Same-tissue replication: 3/3 concordant. Cross-tissue: 0/0 concordant.
UTP25,353,survived,up,3,0,0,Same-tissue replication: 3/3 concordant. Cross-tissue: 0/0 concordant.
ZDHHC9,353,survived,up,3,0,0,Same-tissue replication: 3/3 concordant. Cross-tissue: 0/0 concordant.
ACER2,354,survived,down,3,0,0,Same-tissue replication: 3/3 concordant. Cross-tissue: 0/0 concordant.
CD28,354,survived,down,3,0,0,Same-tissue replication: 3/3 concordant. Cross-tissue: 0/0 concordant.
CPA5,354,survived,down,3,0,0,Same-tissue replication: 3/3 concordant. Cross-tissue: 0/0 concordant.
SOX5,354,survived,down,2,0,0,Same-tissue replication: 2/3 concordant. Cross-tissue: 0/0 concordant.
ZNF155,354,survived,down,3,0,0,Same-tissue replication: 3/3 concordant. Cross-tissue: 0/0 concordant.
ACVR2A,355,survived,down,3,0,0,Same-tissue replication: 3/3 concordant. Cross-tissue: 0/0 concordant.
ATG4D,355,survived,down,3,0,0,Same-tissue replication: 3/3 concordant. Cross-tissue: 0/0 concordant.
DCTN2,355,survived,down,2,0,0,Same-tissue replication: 2/3 concordant. Cross-tissue: 0/0 concordant.
FNDC5,355,survived,down,3,0,0,Same-tissue replication: 3/3 concordant. Cross-tissue: 0/0 concordant.
HMG20A,355,eliminated,down,2,1,0,Significant opposite direction in same-tissue dataset(s): ['GSE32323']. Discovery direction: down.
MARCHF7,355,survived,down,1,0,0,Same-tissue replication: 1/3 concordant. Cross-tissue: 0/0 concordant.
PSTPIP1,355,survived,down,2,0,0,Same-tissue replication: 2/3 concordant. Cross-tissue: 0/0 concordant.
VMA22,355,eliminated,down,2,1,0,Significant opposite direction in same-tissue dataset(s): ['GSE32323']. Discovery direction: down.
ZBTB34,355,survived,down,3,0,0,Same-tissue replication: 3/3 concordant. Cross-tissue: 0/0 concordant.
GMPR2,356,survived,down,2,0,0,Same-tissue replication: 2/3 concordant. Cross-tissue: 0/0 concordant.
NAGA,356,survived,down,3,0,0,Same-tissue replication: 3/3 concordant. Cross-tissue: 0/0 concordant.
PDLIM5,356,survived,down,3,0,0,Same-tissue replication: 3/3 concordant. Cross-tissue: 0/0 concordant.
TAPT1,356,survived,down,3,0,0,Same-tissue replication: 3/3 concordant. Cross-tissue: 0/0 concordant.
TMEM125,356,survived,down,3,0,0,Same-tissue replication: 3/3 concordant. Cross-tissue: 0/0 concordant.
ACSL4,357,survived,up,3,0,0,Same-tissue replication: 3/3 concordant. Cross-tissue: 0/0 concordant.
CTSK,357,survived,up,3,0,0,Same-tissue replication: 3/3 concordant. Cross-tissue: 0/0 concordant.
DGKZ,357,survived,up,2,0,0,Same-tissue replication: 2/3 concordant. Cross-tissue: 0/0 concordant.
LPIN1,357,survived,up,3,0,0,Same-tissue replication: 3/3 concordant. Cross-tissue: 0/0 concordant.
PCOLCE,357,survived,up,2,0,0,Same-tissue replication: 2/3 concordant. Cross-tissue: 0/0 concordant.
ASCC3,358,survived,up,3,0,0,Same-tissue replication: 3/3 concordant. Cross-tissue: 0/0 concordant.
ESF1,358,survived,up,3,0,0,Same-tissue replication: 3/3 concordant. Cross-tissue: 0/0 concordant.
LAMA5,358,survived,up,3,0,0,Same-tissue replication: 3/3 concordant. Cross-tissue: 0/0 concordant.
PM20D2,358,survived,up,3,0,0,Same-tissue replication: 3/3 concordant. Cross-tissue: 0/0 concordant.
RPAP3,358,survived,up,3,0,0,Same-tissue replication: 3/3 concordant. Cross-tissue: 0/0 concordant.
RTEL1,358,survived,up,3,0,0,Same-tissue replication: 3/3 concordant. Cross-tissue: 0/0 concordant.
SLC12A2,358,survived,up,3,0,0,Same-tissue replication: 3/3 concordant. Cross-tissue: 0/0 concordant.
ACSL6,359,eliminated,up,2,1,0,Significant opposite direction in same-tissue dataset(s): ['GSE32323']. Discovery direction: up.
COL8A1,359,survived,up,3,0,0,Same-tissue replication: 3/3 concordant. Cross-tissue: 0/0 concordant.
CRIPTO3,359,survived,up,3,0,0,Same-tissue replication: 3/3 concordant. Cross-tissue: 0/0 concordant.
EREG,359,survived,up,3,0,0,Same-tissue replication: 3/3 concordant. Cross-tissue: 0/0 concordant.
ESM1,359,survived,up,3,0,0,Same-tissue replication: 3/3 concordant. Cross-tissue: 0/0 concordant.
ETV4,359,survived,up,3,0,0,Same-tissue replication: 3/3 concordant. Cross-tissue: 0/0 concordant.
KLK10,359,survived,up,3,0,0,Same-tissue replication: 3/3 concordant. Cross-tissue: 0/0 concordant.
MMP11,359,survived,up,3,0,0,Same-tissue replication: 3/3 concordant. Cross-tissue: 0/0 concordant.
SLC35D3,359,survived,up,3,0,0,Same-tissue replication: 3/3 concordant. Cross-tissue: 0/0 concordant.
TGFBI,359,survived,up,3,0,0,Same-tissue replication: 3/3 concordant. Cross-tissue: 0/0 concordant.
UBD,359,survived,up,3,0,0,Same-tissue replication: 3/3 concordant. Cross-tissue: 0/0 concordant.
AZGP1,360,survived,up,3,0,0,Same-tissue replication: 3/3 concordant. Cross-tissue: 0/0 concordant.
CLDN2,360,survived,up,3,0,0,Same-tissue replication: 3/3 concordant. Cross-tissue: 0/0 concordant.
COL10A1,360,survived,up,3,0,0,Same-tissue replication: 3/3 concordant. Cross-tissue: 0/0 concordant.
KRT80,360,survived,up,3,0,0,Same-tissue replication: 3/3 concordant. Cross-tissue: 0/0 concordant.
S100A2,360,survived,up,3,0,0,Same-tissue replication: 3/3 concordant. Cross-tissue: 0/0 concordant.
ADAMDEC1,361,survived,down,3,0,0,Same-tissue replication: 3/3 concordant. Cross-tissue: 0/0 concordant.
BCHE,361,survived,down,3,0,0,Same-tissue replication: 3/3 concordant. Cross-tissue: 0/0 concordant.
CXCL12,361,survived,down,2,0,0,Same-tissue replication: 2/3 concordant. Cross-tissue: 0/0 concordant.
ITLN1,361,survived,down,3,0,0,Same-tissue replication: 3/3 concordant. Cross-tissue: 0/0 concordant.
LAMA1,361,survived,down,3,0,0,Same-tissue replication: 3/3 concordant. Cross-tissue: 0/0 concordant.
SCARA5,361,survived,down,3,0,0,Same-tissue replication: 3/3 concordant. Cross-tissue: 0/0 concordant.
SCNN1B,361,survived,down,3,0,0,Same-tissue replication: 3/3 concordant. Cross-tissue: 0/0 concordant.
SLC26A3,361,survived,down,3,0,0,Same-tissue replication: 3/3 concordant. Cross-tissue: 0/0 concordant.
UGT2A3,361,survived,down,3,0,0,Same-tissue replication: 3/3 concordant. Cross-tissue: 0/0 concordant.
VSIG2,361,survived,down,3,0,0,Same-tissue replication: 3/3 concordant. Cross-tissue: 0/0 concordant.
ANGPTL1,362,survived,down,3,0,0,Same-tissue replication: 3/3 concordant. Cross-tissue: 0/0 concordant.
EDN3,362,survived,down,3,0,0,Same-tissue replication: 3/3 concordant. Cross-tissue: 0/0 concordant.
FCGBP,362,survived,down,3,0,0,Same-tissue replication: 3/3 concordant. Cross-tissue: 0/0 concordant.
HPGD,362,survived,down,3,0,0,Same-tissue replication: 3/3 concordant. Cross-tissue: 0/0 concordant.
MYOT,362,survived,down,3,0,0,Same-tissue replication: 3/3 concordant. Cross-tissue: 0/0 concordant.
NR1H4,362,survived,down,3,0,0,Same-tissue replication: 3/3 concordant. Cross-tissue: 0/0 concordant.
OGN,362,survived,down,3,0,0,Same-tissue replication: 3/3 concordant. Cross-tissue: 0/0 concordant.
SCN7A,362,survived,down,3,0,0,Same-tissue replication: 3/3 concordant. Cross-tissue: 0/0 concordant.
SLC51B,362,survived,down,3,0,0,Same-tissue replication: 3/3 concordant. Cross-tissue: 0/0 concordant.
STMN2,362,survived,down,3,0,0,Same-tissue replication: 3/3 concordant. Cross-tissue: 0/0 concordant.
ADTRP,363,survived,down,3,0,0,Same-tissue replication: 3/3 concordant. Cross-tissue: 0/0 concordant.
AKAP19,363,survived,down,3,0,0,Same-tissue replication: 3/3 concordant. Cross-tissue: 0/0 concordant.
AKR1B10,363,survived,down,3,0,0,Same-tissue replication: 3/3 concordant. Cross-tissue: 0/0 concordant.
HMGCS2,363,survived,down,3,0,0,Same-tissue replication: 3/3 concordant. Cross-tissue: 0/0 concordant.
MAMDC2,363,survived,down,3,0,0,Same-tissue replication: 3/3 concordant. Cross-tissue: 0/0 concordant.
PLP1,363,survived,down,3,0,0,Same-tissue replication: 3/3 concordant. Cross-tissue: 0/0 concordant.
ANPEP,364,survived,down,3,0,0,Same-tissue replication: 3/3 concordant. Cross-tissue: 0/0 concordant.
B3GALT5,364,survived,down,3,0,0,Same-tissue replication: 3/3 concordant. Cross-tissue: 0/0 concordant.
CHGA,364,survived,down,3,0,0,Same-tissue replication: 3/3 concordant. Cross-tissue: 0/0 concordant.
GBA3,364,survived,down,3,0,0,Same-tissue replication: 3/3 concordant. Cross-tissue: 0/0 concordant.
SLC51A,364,survived,down,3,0,0,Same-tissue replication: 3/3 concordant. Cross-tissue: 0/0 concordant.
ASAP1,365,survived,up,3,0,0,Same-tissue replication: 3/3 concordant. Cross-tissue: 0/0 concordant.
ECE2,365,survived,up,3,0,0,Same-tissue replication: 3/3 concordant. Cross-tissue: 0/0 concordant.
EPHA2,365,eliminated,up,2,1,0,Significant opposite direction in same-tissue dataset(s): ['GSE32323']. Discovery direction: up.
IRS2,365,survived,up,2,0,0,Same-tissue replication: 2/3 concordant. Cross-tissue: 0/0 concordant.
TNFSF11,365,survived,up,3,0,0,Same-tissue replication: 3/3 concordant. Cross-tissue: 0/0 concordant.
CKMT1A,366,survived,down,3,0,0,Same-tissue replication: 3/3 concordant. Cross-tissue: 0/0 concordant.
FXYD3,366,survived,down,3,0,0,Same-tissue replication: 3/3 concordant. Cross-tissue: 0/0 concordant.
GLTP,366,survived,down,3,0,0,Same-tissue replication: 3/3 concordant. Cross-tissue: 0/0 concordant.
MPDU1,366,survived,down,3,0,0,Same-tissue replication: 3/3 concordant. Cross-tissue: 0/0 concordant.
NPY,366,survived,down,3,0,0,Same-tissue replication: 3/3 concordant. Cross-tissue: 0/0 concordant.
PAFAH2,366,survived,down,3,0,0,Same-tissue replication: 3/3 concordant. Cross-tissue: 0/0 concordant.
PAQR8,366,survived,down,3,0,0,Same-tissue replication: 3/3 concordant. Cross-tissue: 0/0 concordant.
PEG3,366,survived,down,3,0,0,Same-tissue replication: 3/3 concordant. Cross-tissue: 0/0 concordant.
SNX24,366,survived,down,3,0,0,Same-tissue replication: 3/3 concordant. Cross-tissue: 0/0 concordant.
SPATA18,366,survived,down,1,0,0,Same-tissue replication: 1/3 concordant. Cross-tissue: 0/0 concordant.
TMEM140,366,survived,down,3,0,0,Same-tissue replication: 3/3 concordant. Cross-tissue: 0/0 concordant.
DIS3,368,survived,up,3,0,0,Same-tissue replication: 3/3 concordant. Cross-tissue: 0/0 concordant.
LONP1,368,survived,up,3,0,0,Same-tissue replication: 3/3 concordant. Cross-tissue: 0/0 concordant.
PWP1,368,survived,up,3,0,0,Same-tissue replication: 3/3 concordant. Cross-tissue: 0/0 concordant.
SMC1A,368,survived,up,3,0,0,Same-tissue replication: 3/3 concordant. Cross-tissue: 0/0 concordant.
YEATS2,368,survived,up,3,0,0,Same-tissue replication: 3/3 concordant. Cross-tissue: 0/0 concordant.
CASP1,369,survived,down,2,0,0,Same-tissue replication: 2/3 concordant. Cross-tissue: 0/0 concordant.
IKZF3,369,survived,down,3,0,0,Same-tissue replication: 3/3 concordant. Cross-tissue: 0/0 concordant.
MINDY3,369,survived,down,2,0,0,Same-tissue replication: 2/3 concordant. Cross-tissue: 0/0 concordant.
PRUNE2,369,survived,down,1,0,0,Same-tissue replication: 1/3 concordant. Cross-tissue: 0/0 concordant.
PXK,369,survived,down,1,0,0,Same-tissue replication: 1/3 concordant. Cross-tissue: 0/0 concordant.
STOM,369,survived,down,2,0,0,Same-tissue replication: 2/3 concordant. Cross-tissue: 0/0 concordant.
THBD,369,survived,up,2,0,0,Same-tissue replication: 2/3 concordant. Cross-tissue: 0/0 concordant.
USP16,369,survived,down,2,0,0,Same-tissue replication: 2/3 concordant. Cross-tissue: 0/0 concordant.
BAIAP3,370,survived,down,3,0,0,Same-tissue replication: 3/3 concordant. Cross-tissue: 0/0 concordant.
HDC,370,survived,down,3,0,0,Same-tissue replication: 3/3 concordant. Cross-tissue: 0/0 concordant.
MOGAT3,370,survived,down,3,0,0,Same-tissue replication: 3/3 concordant. Cross-tissue: 0/0 concordant.
NADSYN1,370,survived,down,3,0,0,Same-tissue replication: 3/3 concordant. Cross-tissue: 0/0 concordant.
PLA2G5,370,survived,down,3,0,0,Same-tissue replication: 3/3 concordant. Cross-tissue: 0/0 concordant.
SLC20A1,370,survived,down,3,0,0,Same-tissue replication: 3/3 concordant. Cross-tissue: 0/0 concordant.
GTF3C6,371,survived,down,3,0,0,Same-tissue replication: 3/3 concordant. Cross-tissue: 0/0 concordant.
IMPACT,371,eliminated,down,2,1,0,Significant opposite direction in same-tissue dataset(s): ['GSE32323']. Discovery direction: down.
MCEE,371,survived,down,2,0,0,Same-tissue replication: 2/3 concordant. Cross-tissue: 0/0 concordant.
NCOA1,371,survived,down,3,0,0,Same-tissue replication: 3/3 concordant. Cross-tissue: 0/0 concordant.
SRSF8,371,eliminated,down,2,1,0,Significant opposite direction in same-tissue dataset(s): ['GSE32323']. Discovery direction: down.
VAV1,371,survived,down,3,0,0,Same-tissue replication: 3/3 concordant. Cross-tissue: 0/0 concordant.
EPOR,372,survived,down,2,0,0,Same-tissue replication: 2/3 concordant. Cross-tissue: 0/0 concordant.
PPP1R27,372,survived,down,3,0,0,Same-tissue replication: 3/3 concordant. Cross-tissue: 0/0 concordant.
SERTAD2,372,survived,down,3,0,0,Same-tissue replication: 3/3 concordant. Cross-tissue: 0/0 concordant.
TLE6,372,survived,down,2,0,0,Same-tissue replication: 2/3 concordant. Cross-tissue: 0/0 concordant.
DNM2,373,survived,down,3,0,0,Same-tissue replication: 3/3 concordant. Cross-tissue: 0/0 concordant.
FHIP1B,373,survived,down,3,0,0,Same-tissue replication: 3/3 concordant. Cross-tissue: 0/0 concordant.
GREB1L,373,eliminated,down,1,1,0,Significant opposite direction in same-tissue dataset(s): ['GSE39582']. Discovery direction: down.
LURAP1,373,survived,down,2,0,0,Same-tissue replication: 2/3 concordant. Cross-tissue: 0/0 concordant.
MOB3A,373,survived,down,3,0,0,Same-tissue replication: 3/3 concordant. Cross-tissue: 0/0 concordant.
SEC11C,373,survived,down,2,0,0,Same-tissue replication: 2/3 concordant. Cross-tissue: 0/0 concordant.
SNX22,373,survived,down,3,0,0,Same-tissue replication: 3/3 concordant. Cross-tissue: 0/0 concordant.
AGK,374,survived,up,3,0,0,Same-tissue replication: 3/3 concordant. Cross-tissue: 0/0 concordant.
ANKZF1,374,survived,up,3,0,0,Same-tissue replication: 3/3 concordant. Cross-tissue: 0/0 concordant.
ENTPD6,374,survived,up,2,0,0,Same-tissue replication: 2/3 concordant. Cross-tissue: 0/0 concordant.
FAAP20,374,survived,up,3,0,0,Same-tissue replication: 3/3 concordant. Cross-tissue: 0/0 concordant.
IL23A,374,survived,up,3,0,0,Same-tissue replication: 3/3 concordant. Cross-tissue: 0/0 concordant.
KIF16B,374,eliminated,up,0,3,0,"Significant opposite direction in same-tissue dataset(s): ['GSE32323', 'GSE37364', 'GSE39582']. Discovery direction: up."
KIF3B,374,survived,up,3,0,0,Same-tissue replication: 3/3 concordant. Cross-tissue: 0/0 concordant.
MOSPD3,374,survived,up,3,0,0,Same-tissue replication: 3/3 concordant. Cross-tissue: 0/0 concordant.
MRPS30,374,survived,up,3,0,0,Same-tissue replication: 3/3 concordant. Cross-tissue: 0/0 concordant.
MTA1,374,survived,up,3,0,0,Same-tissue replication: 3/3 concordant. Cross-tissue: 0/0 concordant.
NUDT15,374,survived,up,3,0,0,Same-tissue replication: 3/3 concordant. Cross-tissue: 0/0 concordant.
PEX5,374,survived,up,3,0,0,Same-tissue replication: 3/3 concordant. Cross-tissue: 0/0 concordant.
PGK1,374,survived,up,3,0,0,Same-tissue replication: 3/3 concordant. Cross-tissue: 0/0 concordant.
PPP4C,374,survived,up,3,0,0,Same-tissue replication: 3/3 concordant. Cross-tissue: 0/0 concordant.
PUS7L,374,survived,up,3,0,0,Same-tissue replication: 3/3 concordant. Cross-tissue: 0/0 concordant.
RAD51,374,survived,up,3,0,0,Same-tissue replication: 3/3 concordant. Cross-tissue: 0/0 concordant.
RBAK,374,survived,up,3,0,0,Same-tissue replication: 3/3 concordant. Cross-tissue: 0/0 concordant.
RCL1,374,survived,up,3,0,0,Same-tissue replication: 3/3 concordant. Cross-tissue: 0/0 concordant.
REX1BD,374,survived,up,3,0,0,Same-tissue replication: 3/3 concordant. Cross-tissue: 0/0 concordant.
SETD5,374,survived,up,3,0,0,Same-tissue replication: 3/3 concordant. Cross-tissue: 0/0 concordant.
SLC10A3,374,survived,up,2,0,0,Same-tissue replication: 2/3 concordant. Cross-tissue: 0/0 concordant.
TAF1D,374,survived,up,3,0,0,Same-tissue replication: 3/3 concordant. Cross-tissue: 0/0 concordant.
TRMT10C,374,survived,up,3,0,0,Same-tissue replication: 3/3 concordant. Cross-tissue: 0/0 concordant.
UBA1,374,survived,up,2,0,0,Same-tissue replication: 2/3 concordant. Cross-tissue: 0/0 concordant.
ZBTB39,374,survived,up,3,0,0,Same-tissue replication: 3/3 concordant. Cross-tissue: 0/0 concordant.
ZMYM3,374,survived,up,3,0,0,Same-tissue replication: 3/3 concordant. Cross-tissue: 0/0 concordant.
AGFG1,375,survived,up,2,0,0,Same-tissue replication: 2/3 concordant. Cross-tissue: 0/0 concordant.
BORCS5,375,survived,up,3,0,0,Same-tissue replication: 3/3 concordant. Cross-tissue: 0/0 concordant.
CHORDC1,375,survived,up,3,0,0,Same-tissue replication: 3/3 concordant. Cross-tissue: 0/0 concordant.
CLDN12,375,survived,up,3,0,0,Same-tissue replication: 3/3 concordant. Cross-tissue: 0/0 concordant.
E2F8,375,survived,up,3,0,0,Same-tissue replication: 3/3 concordant. Cross-tissue: 0/0 concordant.
EIF1AD,375,survived,up,3,0,0,Same-tissue replication: 3/3 concordant. Cross-tissue: 0/0 concordant.
ING1,375,survived,up,3,0,0,Same-tissue replication: 3/3 concordant. Cross-tissue: 0/0 concordant.
NDUFAF8,375,survived,up,3,0,0,Same-tissue replication: 3/3 concordant. Cross-tissue: 0/0 concordant.
PIAS4,375,survived,up,3,0,0,Same-tissue replication: 3/3 concordant. Cross-tissue: 0/0 concordant.
SDAD1,375,survived,up,3,0,0,Same-tissue replication: 3/3 concordant. Cross-tissue: 0/0 concordant.
SMG7,375,eliminated,up,2,1,0,Significant opposite direction in same-tissue dataset(s): ['GSE37364']. Discovery direction: up.
THAP10,375,survived,up,3,0,0,Same-tissue replication: 3/3 concordant. Cross-tissue: 0/0 concordant.
ZNF408,375,survived,up,2,0,0,Same-tissue replication: 2/3 concordant. Cross-tissue: 0/0 concordant.
AP2S1,376,eliminated,up,2,1,0,Significant opposite direction in same-tissue dataset(s): ['GSE32323']. Discovery direction: up.
CALR,376,eliminated,up,1,1,0,Significant opposite direction in same-tissue dataset(s): ['GSE32323']. Discovery direction: up.
ERH,376,survived,up,3,0,0,Same-tissue replication: 3/3 concordant. Cross-tissue: 0/0 concordant.
FANCL,376,survived,up,3,0,0,Same-tissue replication: 3/3 concordant. Cross-tissue: 0/0 concordant.
TBC1D10B,376,eliminated,up,2,1,0,Significant opposite direction in same-tissue dataset(s): ['GSE32323']. Discovery direction: up.
APTX,377,survived,up,3,0,0,Same-tissue replication: 3/3 concordant. Cross-tissue: 0/0 concordant.
GABPB1,377,survived,up,3,0,0,Same-tissue replication: 3/3 concordant. Cross-tissue: 0/0 concordant.
PCYOX1L,377,survived,up,3,0,0,Same-tissue replication: 3/3 concordant. Cross-tissue: 0/0 concordant.
SWI5,377,survived,up,3,0,0,Same-tissue replication: 3/3 concordant. Cross-tissue: 0/0 concordant.
BCR,378,survived,up,2,0,0,Same-tissue replication: 2/3 concordant. Cross-tissue: 0/0 concordant.
BRPF1,378,survived,up,3,0,0,Same-tissue replication: 3/3 concordant. Cross-tissue: 0/0 concordant.
KRI1,378,survived,up,3,0,0,Same-tissue replication: 3/3 concordant. Cross-tissue: 0/0 concordant.
LRRC42,378,survived,up,3,0,0,Same-tissue replication: 3/3 concordant. Cross-tissue: 0/0 concordant.
BRMS1,379,survived,up,3,0,0,Same-tissue replication: 3/3 concordant. Cross-tissue: 0/0 concordant.
DNASE2,379,survived,up,3,0,0,Same-tissue replication: 3/3 concordant. Cross-tissue: 0/0 concordant.
NECTIN4,379,survived,up,3,0,0,Same-tissue replication: 3/3 concordant. Cross-tissue: 0/0 concordant.
RNF220,379,survived,up,2,0,0,Same-tissue replication: 2/3 concordant. Cross-tissue: 0/0 concordant.
SSR3,379,survived,up,3,0,0,Same-tissue replication: 3/3 concordant. Cross-tissue: 0/0 concordant.
COL6A3,383,survived,up,3,0,0,Same-tissue replication: 3/3 concordant. Cross-tissue: 0/0 concordant.
CREBZF,383,survived,up,3,0,0,Same-tissue replication: 3/3 concordant. Cross-tissue: 0/0 concordant.
IL6,383,survived,up,3,0,0,Same-tissue replication: 3/3 concordant. Cross-tissue: 0/0 concordant.
LAMC2,383,survived,up,2,0,0,Same-tissue replication: 2/3 concordant. Cross-tissue: 0/0 concordant.
LRRC34,383,survived,up,3,0,0,Same-tissue replication: 3/3 concordant. Cross-tissue: 0/0 concordant.
PLCB1,383,survived,up,3,0,0,Same-tissue replication: 3/3 concordant. Cross-tissue: 0/0 concordant.
TMPRSS3,383,survived,up,3,0,0,Same-tissue replication: 3/3 concordant. Cross-tissue: 0/0 concordant.
HTRA1,384,survived,up,3,0,0,Same-tissue replication: 3/3 concordant. Cross-tissue: 0/0 concordant.
PIM3,384,eliminated,up,2,1,0,Significant opposite direction in same-tissue dataset(s): ['GSE32323']. Discovery direction: up.
POLR1B,384,survived,up,3,0,0,Same-tissue replication: 3/3 concordant. Cross-tissue: 0/0 concordant.
PSMB9,384,survived,up,3,0,0,Same-tissue replication: 3/3 concordant. Cross-tissue: 0/0 concordant.
BBLN,385,survived,up,3,0,0,Same-tissue replication: 3/3 concordant. Cross-tissue: 0/0 concordant.
EIF3H,385,survived,up,3,0,0,Same-tissue replication: 3/3 concordant. Cross-tissue: 0/0 concordant.
H2AX,385,survived,up,3,0,0,Same-tissue replication: 3/3 concordant. Cross-tissue: 0/0 concordant.
HEYL,385,survived,up,3,0,0,Same-tissue replication: 3/3 concordant. Cross-tissue: 0/0 concordant.
LACTB2,385,survived,up,3,0,0,Same-tissue replication: 3/3 concordant. Cross-tissue: 0/0 concordant.
MAPKAPK3,385,survived,up,3,0,0,Same-tissue replication: 3/3 concordant. Cross-tissue: 0/0 concordant.
NAP1L1,385,survived,up,3,0,0,Same-tissue replication: 3/3 concordant. Cross-tissue: 0/0 concordant.
NHP2,385,survived,up,3,0,0,Same-tissue replication: 3/3 concordant. Cross-tissue: 0/0 concordant.
ORC3,385,survived,up,3,0,0,Same-tissue replication: 3/3 concordant. Cross-tissue: 0/0 concordant.
PBDC1,385,survived,up,2,0,0,Same-tissue replication: 2/3 concordant. Cross-tissue: 0/0 concordant.
SLC19A1,385,survived,up,3,0,0,Same-tissue replication: 3/3 concordant. Cross-tissue: 0/0 concordant.
SMYD3,385,survived,up,3,0,0,Same-tissue replication: 3/3 concordant. Cross-tissue: 0/0 concordant.
SOCS7,385,survived,up,3,0,0,Same-tissue replication: 3/3 concordant. Cross-tissue: 0/0 concordant.
TALDO1,385,survived,up,3,0,0,Same-tissue replication: 3/3 concordant. Cross-tissue: 0/0 concordant.
TGIF1,385,survived,up,3,0,0,Same-tissue replication: 3/3 concordant. Cross-tissue: 0/0 concordant.
UTP15,385,survived,up,3,0,0,Same-tissue replication: 3/3 concordant. Cross-tissue: 0/0 concordant.
UTP18,385,survived,up,3,0,0,Same-tissue replication: 3/3 concordant. Cross-tissue: 0/0 concordant.
ANGPT2,386,survived,up,3,0,0,Same-tissue replication: 3/3 concordant. Cross-tissue: 0/0 concordant.
CD276,386,survived,up,3,0,0,Same-tissue replication: 3/3 concordant. Cross-tissue: 0/0 concordant.
ERGIC3,386,survived,up,3,0,0,Same-tissue replication: 3/3 concordant. Cross-tissue: 0/0 concordant.
LBR,386,survived,up,3,0,0,Same-tissue replication: 3/3 concordant. Cross-tissue: 0/0 concordant.
MOSPD1,386,survived,up,3,0,0,Same-tissue replication: 3/3 concordant. Cross-tissue: 0/0 concordant.
MRPL9,386,survived,up,3,0,0,Same-tissue replication: 3/3 concordant. Cross-tissue: 0/0 concordant.
MTHFD1,386,survived,up,3,0,0,Same-tissue replication: 3/3 concordant. Cross-tissue: 0/0 concordant.
RNF187,386,survived,up,2,0,0,Same-tissue replication: 2/3 concordant. Cross-tissue: 0/0 concordant.
TOMM6,386,survived,up,3,0,0,Same-tissue replication: 3/3 concordant. Cross-tissue: 0/0 concordant.
TRPC4AP,386,survived,up,3,0,0,Same-tissue replication: 3/3 concordant. Cross-tissue: 0/0 concordant.
USPL1,386,survived,up,3,0,0,Same-tissue replication: 3/3 concordant. Cross-tissue: 0/0 concordant.
ABCC10,392,survived,up,3,0,0,Same-tissue replication: 3/3 concordant. Cross-tissue: 0/0 concordant.
AIRIM,392,survived,up,3,0,0,Same-tissue replication: 3/3 concordant. Cross-tissue: 0/0 concordant.
CENPA,392,survived,up,3,0,0,Same-tissue replication: 3/3 concordant. Cross-tissue: 0/0 concordant.
DDX49,392,survived,up,3,0,0,Same-tissue replication: 3/3 concordant. Cross-tissue: 0/0 concordant.
DHX33,392,survived,up,3,0,0,Same-tissue replication: 3/3 concordant. Cross-tissue: 0/0 concordant.
SLC22A15,392,survived,up,3,0,0,Same-tissue replication: 3/3 concordant. Cross-tissue: 0/0 concordant.
TCTN1,392,survived,up,3,0,0,Same-tissue replication: 3/3 concordant. Cross-tissue: 0/0 concordant.
USP6NL,392,survived,up,3,0,0,Same-tissue replication: 3/3 concordant. Cross-tissue: 0/0 concordant.
ANKRD16,393,survived,up,3,0,0,Same-tissue replication: 3/3 concordant. Cross-tissue: 0/0 concordant.
CHD6,393,survived,up,3,0,0,Same-tissue replication: 3/3 concordant. Cross-tissue: 0/0 concordant.
CPSF4,393,survived,up,3,0,0,Same-tissue replication: 3/3 concordant. Cross-tissue: 0/0 concordant.
GLG1,393,survived,up,3,0,0,Same-tissue replication: 3/3 concordant. Cross-tissue: 0/0 concordant.
POLD1,393,survived,up,3,0,0,Same-tissue replication: 3/3 concordant. Cross-tissue: 0/0 concordant.
POLR1E,393,survived,up,3,0,0,Same-tissue replication: 3/3 concordant. Cross-tissue: 0/0 concordant.
RABEPK,393,survived,up,3,0,0,Same-tissue replication: 3/3 concordant. Cross-tissue: 0/0 concordant.
UPF1,393,survived,up,1,0,0,Same-tissue replication: 1/3 concordant. Cross-tissue: 0/0 concordant.
ZNF526,393,survived,up,3,0,0,Same-tissue replication: 3/3 concordant. Cross-tissue: 0/0 concordant.
BUB1B,394,survived,up,3,0,0,Same-tissue replication: 3/3 concordant. Cross-tissue: 0/0 concordant.
FAM241B,394,survived,up,3,0,0,Same-tissue replication: 3/3 concordant. Cross-tissue: 0/0 concordant.
LEF1,394,survived,up,3,0,0,Same-tissue replication: 3/3 concordant. Cross-tissue: 0/0 concordant.
MRE11,394,survived,up,3,0,0,Same-tissue replication: 3/3 concordant. Cross-tissue: 0/0 concordant.
MTG2,394,survived,up,3,0,0,Same-tissue replication: 3/3 concordant. Cross-tissue: 0/0 concordant.
ABHD15,395,survived,down,2,0,0,Same-tissue replication: 2/3 concordant. Cross-tissue: 0/0 concordant.
ARPC5,395,survived,down,3,0,0,Same-tissue replication: 3/3 concordant. Cross-tissue: 0/0 concordant.
CCNG1,395,survived,down,2,0,0,Same-tissue replication: 2/3 concordant. Cross-tissue: 0/0 concordant.
DAAM1,395,survived,down,3,0,0,Same-tissue replication: 3/3 concordant. Cross-tissue: 0/0 concordant.
DNAH7,395,survived,down,3,0,0,Same-tissue replication: 3/3 concordant. Cross-tissue: 0/0 concordant.
GALC,395,survived,down,2,0,0,Same-tissue replication: 2/3 concordant. Cross-tissue: 0/0 concordant.
NFYC,395,survived,down,3,0,0,Same-tissue replication: 3/3 concordant. Cross-tissue: 0/0 concordant.
NUDT9,395,survived,down,3,0,0,Same-tissue replication: 3/3 concordant. Cross-tissue: 0/0 concordant.
PLA2G4F,395,survived,down,3,0,0,Same-tissue replication: 3/3 concordant. Cross-tissue: 0/0 concordant.
RSPH3,395,survived,down,3,0,0,Same-tissue replication: 3/3 concordant. Cross-tissue: 0/0 concordant.
SLC66A2,395,survived,down,3,0,0,Same-tissue replication: 3/3 concordant. Cross-tissue: 0/0 concordant.
SNIP1,395,survived,down,3,0,0,Same-tissue replication: 3/3 concordant. Cross-tissue: 0/0 concordant.
STAG1,395,survived,down,3,0,0,Same-tissue replication: 3/3 concordant. Cross-tissue: 0/0 concordant.
STX8,395,survived,down,3,0,0,Same-tissue replication: 3/3 concordant. Cross-tissue: 0/0 concordant.
TAC3,395,survived,down,3,0,0,Same-tissue replication: 3/3 concordant. Cross-tissue: 0/0 concordant.
TNRC6B,395,survived,down,3,0,0,Same-tissue replication: 3/3 concordant. Cross-tissue: 0/0 concordant.
TOMM40L,395,survived,down,3,0,0,Same-tissue replication: 3/3 concordant. Cross-tissue: 0/0 concordant.
XYLT1,395,survived,down,3,0,0,Same-tissue replication: 3/3 concordant. Cross-tissue: 0/0 concordant.
ZNF784,395,survived,down,3,0,0,Same-tissue replication: 3/3 concordant. Cross-tissue: 0/0 concordant.
CHKB,396,survived,down,3,0,0,Same-tissue replication: 3/3 concordant. Cross-tissue: 0/0 concordant.
GDPGP1,396,survived,down,3,0,0,Same-tissue replication: 3/3 concordant. Cross-tissue: 0/0 concordant.
MARF1,396,survived,down,3,0,0,Same-tissue replication: 3/3 concordant. Cross-tissue: 0/0 concordant.
PHACTR4,396,survived,down,3,0,0,Same-tissue replication: 3/3 concordant. Cross-tissue: 0/0 concordant.
ACACB,397,survived,down,3,0,0,Same-tissue replication: 3/3 concordant. Cross-tissue: 0/0 concordant.
AVPI1,397,survived,down,3,0,0,Same-tissue replication: 3/3 concordant. Cross-tissue: 0/0 concordant.
C1orf226,397,survived,down,3,0,0,Same-tissue replication: 3/3 concordant. Cross-tissue: 0/0 concordant.
CNKSR3,397,survived,down,3,0,0,Same-tissue replication: 3/3 concordant. Cross-tissue: 0/0 concordant.
GMFG,397,survived,down,1,0,0,Same-tissue replication: 1/3 concordant. Cross-tissue: 0/0 concordant.
LIMCH1,397,eliminated,down,1,1,0,Significant opposite direction in same-tissue dataset(s): ['GSE39582']. Discovery direction: down.
ATP8B2,398,survived,down,3,0,0,Same-tissue replication: 3/3 concordant. Cross-tissue: 0/0 concordant.
DENND1B,398,survived,down,3,0,0,Same-tissue replication: 3/3 concordant. Cross-tissue: 0/0 concordant.
PPP1R9A,398,survived,down,3,0,0,Same-tissue replication: 3/3 concordant. Cross-tissue: 0/0 concordant.
PSD3,398,survived,down,3,0,0,Same-tissue replication: 3/3 concordant. Cross-tissue: 0/0 concordant.
RGS9,398,eliminated,down,2,1,0,Significant opposite direction in same-tissue dataset(s): ['GSE39582']. Discovery direction: down.
TGM6,398,survived,down,3,0,0,Same-tissue replication: 3/3 concordant. Cross-tissue: 0/0 concordant.
DVL3,399,survived,up,1,0,0,Same-tissue replication: 1/3 concordant. Cross-tissue: 0/0 concordant.
IFT25,399,survived,up,3,0,0,Same-tissue replication: 3/3 concordant. Cross-tissue: 0/0 concordant.
RASAL2,399,survived,up,3,0,0,Same-tissue replication: 3/3 concordant. Cross-tissue: 0/0 concordant.
RPS6KB2,399,eliminated,up,2,1,0,Significant opposite direction in same-tissue dataset(s): ['GSE32323']. Discovery direction: up.
ANKRD35,400,survived,down,3,0,0,Same-tissue replication: 3/3 concordant. Cross-tissue: 0/0 concordant.
ARRDC4,400,survived,down,3,0,0,Same-tissue replication: 3/3 concordant. Cross-tissue: 0/0 concordant.
CNTNAP3B,400,survived,down,2,0,0,Same-tissue replication: 2/3 concordant. Cross-tissue: 0/0 concordant.
DDR2,400,survived,down,2,0,0,Same-tissue replication: 2/3 concordant. Cross-tissue: 0/0 concordant.
RBM47,400,survived,down,3,0,0,Same-tissue replication: 3/3 concordant. Cross-tissue: 0/0 concordant.
DECR1,401,survived,down,3,0,0,Same-tissue replication: 3/3 concordant. Cross-tissue: 0/0 concordant.
FNBP1,401,survived,down,3,0,0,Same-tissue replication: 3/3 concordant. Cross-tissue: 0/0 concordant.
FOXN3,401,survived,down,3,0,0,Same-tissue replication: 3/3 concordant. Cross-tissue: 0/0 concordant.
NRARP,401,survived,down,3,0,0,Same-tissue replication: 3/3 concordant. Cross-tissue: 0/0 concordant.
PLEKHB2,401,survived,down,3,0,0,Same-tissue replication: 3/3 concordant. Cross-tissue: 0/0 concordant.
SIDT2,401,survived,down,3,0,0,Same-tissue replication: 3/3 concordant. Cross-tissue: 0/0 concordant.
SLC15A2,401,survived,down,3,0,0,Same-tissue replication: 3/3 concordant. Cross-tissue: 0/0 concordant.
STRADB,401,survived,down,3,0,0,Same-tissue replication: 3/3 concordant. Cross-tissue: 0/0 concordant.
STXBP5,401,survived,down,3,0,0,Same-tissue replication: 3/3 concordant. Cross-tissue: 0/0 concordant.
TIMM21,401,survived,down,3,0,0,Same-tissue replication: 3/3 concordant. Cross-tissue: 0/0 concordant.
ZSWIM7,401,survived,down,3,0,0,Same-tissue replication: 3/3 concordant. Cross-tissue: 0/0 concordant.
ARHGAP28,402,survived,down,3,0,0,Same-tissue replication: 3/3 concordant. Cross-tissue: 0/0 concordant.
ATP5F1C,402,survived,down,3,0,0,Same-tissue replication: 3/3 concordant. Cross-tissue: 0/0 concordant.
B3GNT8,402,survived,down,3,0,0,Same-tissue replication: 3/3 concordant. Cross-tissue: 0/0 concordant.
BDKRB2,402,survived,down,3,0,0,Same-tissue replication: 3/3 concordant. Cross-tissue: 0/0 concordant.
CAND2,402,survived,down,3,0,0,Same-tissue replication: 3/3 concordant. Cross-tissue: 0/0 concordant.
CAV1,402,eliminated,down,1,1,0,Significant opposite direction in same-tissue dataset(s): ['GSE37364']. Discovery direction: down.
CPQ,402,survived,down,3,0,0,Same-tissue replication: 3/3 concordant. Cross-tissue: 0/0 concordant.
DOCK8,402,survived,down,3,0,0,Same-tissue replication: 3/3 concordant. Cross-tissue: 0/0 concordant.
FCRL2,402,survived,down,3,0,0,Same-tissue replication: 3/3 concordant. Cross-tissue: 0/0 concordant.
GNPTAB,402,survived,down,3,0,0,Same-tissue replication: 3/3 concordant. Cross-tissue: 0/0 concordant.
ITPRID2,402,survived,down,3,0,0,Same-tissue replication: 3/3 concordant. Cross-tissue: 0/0 concordant.
MAB21L3,402,survived,down,3,0,0,Same-tissue replication: 3/3 concordant. Cross-tissue: 0/0 concordant.
MIA2,402,eliminated,down,2,1,0,Significant opposite direction in same-tissue dataset(s): ['GSE39582']. Discovery direction: down.
RGS10,402,survived,down,1,0,0,Same-tissue replication: 1/3 concordant. Cross-tissue: 0/0 concordant.
SNX30,402,survived,down,3,0,0,Same-tissue replication: 3/3 concordant. Cross-tissue: 0/0 concordant.
STAT4,402,survived,down,3,0,0,Same-tissue replication: 3/3 concordant. Cross-tissue: 0/0 concordant.
TPRG1L,402,survived,down,3,0,0,Same-tissue replication: 3/3 concordant. Cross-tissue: 0/0 concordant.
CTBS,403,survived,down,2,0,0,Same-tissue replication: 2/3 concordant. Cross-tissue: 0/0 concordant.
KALRN,403,survived,down,3,0,0,Same-tissue replication: 3/3 concordant. Cross-tissue: 0/0 concordant.
LCN10,403,survived,down,3,0,0,Same-tissue replication: 3/3 concordant. Cross-tissue: 0/0 concordant.
MAPRE2,403,survived,down,3,0,0,Same-tissue replication: 3/3 concordant. Cross-tissue: 0/0 concordant.
ARHGAP9,404,survived,down,2,0,0,Same-tissue replication: 2/3 concordant. Cross-tissue: 0/0 concordant.
CNTN1,404,survived,down,2,0,0,Same-tissue replication: 2/3 concordant. Cross-tissue: 0/0 concordant.
DNAAF9,404,survived,down,2,0,0,Same-tissue replication: 2/3 concordant. Cross-tissue: 0/0 concordant.
KLC4,404,survived,down,3,0,0,Same-tissue replication: 3/3 concordant. Cross-tissue: 0/0 concordant.
LRRN3,404,survived,down,3,0,0,Same-tissue replication: 3/3 concordant. Cross-tissue: 0/0 concordant.
LSP1,404,survived,down,3,0,0,Same-tissue replication: 3/3 concordant. Cross-tissue: 0/0 concordant.
METTL14,404,survived,down,3,0,0,Same-tissue replication: 3/3 concordant. Cross-tissue: 0/0 concordant.
MRPL34,404,survived,down,3,0,0,Same-tissue replication: 3/3 concordant. Cross-tissue: 0/0 concordant.
NOL12,404,survived,down,3,0,0,Same-tissue replication: 3/3 concordant. Cross-tissue: 0/0 concordant.
PVRIG,404,survived,down,3,0,0,Same-tissue replication: 3/3 concordant. Cross-tissue: 0/0 concordant.
RBP7,404,survived,down,2,0,0,Same-tissue replication: 2/3 concordant. Cross-tissue: 0/0 concordant.
SASH3,404,survived,down,3,0,0,Same-tissue replication: 3/3 concordant. Cross-tissue: 0/0 concordant.
SNAI2,404,eliminated,down,1,1,0,Significant opposite direction in same-tissue dataset(s): ['GSE39582']. Discovery direction: down.
SPTBN4,404,survived,down,1,0,0,Same-tissue replication: 1/3 concordant. Cross-tissue: 0/0 concordant.
TMEM256,404,survived,down,3,0,0,Same-tissue replication: 3/3 concordant. Cross-tissue: 0/0 concordant.
U2AF1L4,404,survived,down,3,0,0,Same-tissue replication: 3/3 concordant. Cross-tissue: 0/0 concordant.
ZFAND2B,404,survived,down,3,0,0,Same-tissue replication: 3/3 concordant. Cross-tissue: 0/0 concordant.
ATOH1,405,survived,down,3,0,0,Same-tissue replication: 3/3 concordant. Cross-tissue: 0/0 concordant.
BTLA,405,survived,down,3,0,0,Same-tissue replication: 3/3 concordant. Cross-tissue: 0/0 concordant.
CCDC110,405,survived,down,2,0,0,Same-tissue replication: 2/3 concordant. Cross-tissue: 0/0 concordant.
GABRA2,405,survived,down,2,0,0,Same-tissue replication: 2/3 concordant. Cross-tissue: 0/0 concordant.
HSD3B2,405,survived,down,3,0,0,Same-tissue replication: 3/3 concordant. Cross-tissue: 0/0 concordant.
NAALADL1,405,survived,down,3,0,0,Same-tissue replication: 3/3 concordant. Cross-tissue: 0/0 concordant.
PLA2G2A,405,survived,down,2,0,0,Same-tissue replication: 2/3 concordant. Cross-tissue: 0/0 concordant.
TEF,405,survived,down,3,0,0,Same-tissue replication: 3/3 concordant. Cross-tissue: 0/0 concordant.
TLR1,405,survived,down,2,0,0,Same-tissue replication: 2/3 concordant. Cross-tissue: 0/0 concordant.
UBE2QL1,405,survived,down,3,0,0,Same-tissue replication: 3/3 concordant. Cross-tissue: 0/0 concordant.
ACOT11,406,survived,down,3,0,0,Same-tissue replication: 3/3 concordant. Cross-tissue: 0/0 concordant.
CBR1,406,survived,down,1,0,0,Same-tissue replication: 1/3 concordant. Cross-tissue: 0/0 concordant.
DOP1B,406,survived,down,3,0,0,Same-tissue replication: 3/3 concordant. Cross-tissue: 0/0 concordant.
GTF2A2,406,survived,down,3,0,0,Same-tissue replication: 3/3 concordant. Cross-tissue: 0/0 concordant.
JDP2,406,survived,down,3,0,0,Same-tissue replication: 3/3 concordant. Cross-tissue: 0/0 concordant.
PHLPP1,406,survived,down,3,0,0,Same-tissue replication: 3/3 concordant. Cross-tissue: 0/0 concordant.
ARHGAP30,407,survived,down,2,0,0,Same-tissue replication: 2/3 concordant. Cross-tissue: 0/0 concordant.
CCDC107,407,survived,down,3,0,0,Same-tissue replication: 3/3 concordant. Cross-tissue: 0/0 concordant.
GSTM1,407,survived,down,3,0,0,Same-tissue replication: 3/3 concordant. Cross-tissue: 0/0 concordant.
NDUFB10,407,survived,down,3,0,0,Same-tissue replication: 3/3 concordant. Cross-tissue: 0/0 concordant.
OCIAD1,407,survived,down,3,0,0,Same-tissue replication: 3/3 concordant. Cross-tissue: 0/0 concordant.
SLC39A5,407,survived,down,3,0,0,Same-tissue replication: 3/3 concordant. Cross-tissue: 0/0 concordant.
TTC39A,407,survived,down,3,0,0,Same-tissue replication: 3/3 concordant. Cross-tissue: 0/0 concordant.
C1QTNF12,408,survived,down,3,0,0,Same-tissue replication: 3/3 concordant. Cross-tissue: 0/0 concordant.
CCR2,408,survived,down,3,0,0,Same-tissue replication: 3/3 concordant. Cross-tissue: 0/0 concordant.
CD37,408,survived,down,3,0,0,Same-tissue replication: 3/3 concordant. Cross-tissue: 0/0 concordant.
CD52,408,survived,down,3,0,0,Same-tissue replication: 3/3 concordant. Cross-tissue: 0/0 concordant.
CPA6,408,survived,down,2,0,0,Same-tissue replication: 2/3 concordant. Cross-tissue: 0/0 concordant.
CYS1,408,survived,down,2,0,0,Same-tissue replication: 2/3 concordant. Cross-tissue: 0/0 concordant.
EYA2,408,survived,down,3,0,0,Same-tissue replication: 3/3 concordant. Cross-tissue: 0/0 concordant.
GIMAP4,408,survived,down,3,0,0,Same-tissue replication: 3/3 concordant. Cross-tissue: 0/0 concordant.
ITGB7,408,survived,down,3,0,0,Same-tissue replication: 3/3 concordant. Cross-tissue: 0/0 concordant.
KCNMB1,408,survived,down,2,0,0,Same-tissue replication: 2/3 concordant. Cross-tissue: 0/0 concordant.
LEAP2,408,survived,down,3,0,0,Same-tissue replication: 3/3 concordant. Cross-tissue: 0/0 concordant.
MLIP,408,survived,down,3,0,0,Same-tissue replication: 3/3 concordant. Cross-tissue: 0/0 concordant.
TCL1A,408,survived,down,3,0,0,Same-tissue replication: 3/3 concordant. Cross-tissue: 0/0 concordant.
AK3,409,survived,down,3,0,0,Same-tissue replication: 3/3 concordant. Cross-tissue: 0/0 concordant.
ANO10,409,survived,down,3,0,0,Same-tissue replication: 3/3 concordant. Cross-tissue: 0/0 concordant.
CD7,409,survived,down,2,0,0,Same-tissue replication: 2/3 concordant. Cross-tissue: 0/0 concordant.
IGF1,409,survived,down,3,0,0,Same-tissue replication: 3/3 concordant. Cross-tissue: 0/0 concordant.
NCKAP5,409,survived,down,2,0,0,Same-tissue replication: 2/3 concordant. Cross-tissue: 0/0 concordant.
PAIP2B,409,survived,down,2,0,0,Same-tissue replication: 2/3 concordant. Cross-tissue: 0/0 concordant.
SDHA,409,survived,down,3,0,0,Same-tissue replication: 3/3 concordant. Cross-tissue: 0/0 concordant.
SIRT7,409,survived,down,3,0,0,Same-tissue replication: 3/3 concordant. Cross-tissue: 0/0 concordant.
SLC25A23,409,survived,down,3,0,0,Same-tissue replication: 3/3 concordant. Cross-tissue: 0/0 concordant.
SP140,409,survived,down,3,0,0,Same-tissue replication: 3/3 concordant. Cross-tissue: 0/0 concordant.
EFCAB7,410,survived,up,3,0,0,Same-tissue replication: 3/3 concordant. Cross-tissue: 0/0 concordant.
PRKRA,410,survived,up,3,0,0,Same-tissue replication: 3/3 concordant. Cross-tissue: 0/0 concordant.
RAVER1,410,eliminated,up,1,1,0,Significant opposite direction in same-tissue dataset(s): ['GSE32323']. Discovery direction: up.
RPA2,410,survived,up,3,0,0,Same-tissue replication: 3/3 concordant. Cross-tissue: 0/0 concordant.
SBF1,410,eliminated,up,2,1,0,Significant opposite direction in same-tissue dataset(s): ['GSE32323']. Discovery direction: up.
TUBA4B,410,survived,up,1,0,0,Same-tissue replication: 1/3 concordant. Cross-tissue: 0/0 concordant.
CWC15,411,survived,up,3,0,0,Same-tissue replication: 3/3 concordant. Cross-tissue: 0/0 concordant.
METAP2,411,survived,up,3,0,0,Same-tissue replication: 3/3 concordant. Cross-tissue: 0/0 concordant.
ZCCHC9,411,survived,up,3,0,0,Same-tissue replication: 3/3 concordant. Cross-tissue: 0/0 concordant.
IDH3B,412,survived,up,1,0,0,Same-tissue replication: 1/3 concordant. Cross-tissue: 0/0 concordant.
NUAK2,412,eliminated,up,1,1,0,Significant opposite direction in same-tissue dataset(s): ['GSE37364']. Discovery direction: up.
RPS4X,412,survived,up,2,0,0,Same-tissue replication: 2/3 concordant. Cross-tissue: 0/0 concordant.
GALNT5,413,survived,down,2,0,0,Same-tissue replication: 2/3 concordant. Cross-tissue: 0/0 concordant.
JRK,413,eliminated,down,1,2,0,"Significant opposite direction in same-tissue dataset(s): ['GSE32323', 'GSE39582']. Discovery direction: down."
LRCH4,413,survived,down,3,0,0,Same-tissue replication: 3/3 concordant. Cross-tissue: 0/0 concordant.
MAGEE1,413,survived,down,2,0,0,Same-tissue replication: 2/3 concordant. Cross-tissue: 0/0 concordant.
MMP19,413,eliminated,down,1,2,0,"Significant opposite direction in same-tissue dataset(s): ['GSE37364', 'GSE39582']. Discovery direction: down."
CCDC86,414,survived,up,3,0,0,Same-tissue replication: 3/3 concordant. Cross-tissue: 0/0 concordant.
CDC20,414,survived,up,3,0,0,Same-tissue replication: 3/3 concordant. Cross-tissue: 0/0 concordant.
MRGBP,414,survived,up,3,0,0,Same-tissue replication: 3/3 concordant. Cross-tissue: 0/0 concordant.
NKD2,414,survived,up,3,0,0,Same-tissue replication: 3/3 concordant. Cross-tissue: 0/0 concordant.
NLE1,414,survived,up,3,0,0,Same-tissue replication: 3/3 concordant. Cross-tissue: 0/0 concordant.
NXT1,414,survived,up,3,0,0,Same-tissue replication: 3/3 concordant. Cross-tissue: 0/0 concordant.
PAFAH1B3,414,survived,up,3,0,0,Same-tissue replication: 3/3 concordant. Cross-tissue: 0/0 concordant.
SF3B3,414,survived,up,3,0,0,Same-tissue replication: 3/3 concordant. Cross-tissue: 0/0 concordant.
TTI1,414,survived,up,3,0,0,Same-tissue replication: 3/3 concordant. Cross-tissue: 0/0 concordant.
UTP4,414,survived,up,3,0,0,Same-tissue replication: 3/3 concordant. Cross-tissue: 0/0 concordant.
YTHDF1,414,survived,up,3,0,0,Same-tissue replication: 3/3 concordant. Cross-tissue: 0/0 concordant.
FIGNL1,415,survived,up,3,0,0,Same-tissue replication: 3/3 concordant. Cross-tissue: 0/0 concordant.
GARS1,415,survived,up,3,0,0,Same-tissue replication: 3/3 concordant. Cross-tissue: 0/0 concordant.
GDPD5,415,survived,up,3,0,0,Same-tissue replication: 3/3 concordant. Cross-tissue: 0/0 concordant.
ITGA2,415,survived,up,3,0,0,Same-tissue replication: 3/3 concordant. Cross-tissue: 0/0 concordant.
PUS1,415,survived,up,3,0,0,Same-tissue replication: 3/3 concordant. Cross-tissue: 0/0 concordant.
SLC27A5,415,survived,up,3,0,0,Same-tissue replication: 3/3 concordant. Cross-tissue: 0/0 concordant.
ATP6V0D2,416,survived,down,3,0,0,Same-tissue replication: 3/3 concordant. Cross-tissue: 0/0 concordant.
CD2,416,survived,down,3,0,0,Same-tissue replication: 3/3 concordant. Cross-tissue: 0/0 concordant.
CD226,416,survived,down,3,0,0,Same-tissue replication: 3/3 concordant. Cross-tissue: 0/0 concordant.
CLEC1A,416,eliminated,down,1,1,0,Significant opposite direction in same-tissue dataset(s): ['GSE39582']. Discovery direction: down.
FKBP5,416,survived,down,3,0,0,Same-tissue replication: 3/3 concordant. Cross-tissue: 0/0 concordant.
HLA-DMB,416,survived,down,3,0,0,Same-tissue replication: 3/3 concordant. Cross-tissue: 0/0 concordant.
INPP5K,416,survived,down,3,0,0,Same-tissue replication: 3/3 concordant. Cross-tissue: 0/0 concordant.
MAP1B,416,survived,down,1,0,0,Same-tissue replication: 1/3 concordant. Cross-tissue: 0/0 concordant.
MTSS1,416,survived,down,3,0,0,Same-tissue replication: 3/3 concordant. Cross-tissue: 0/0 concordant.
PLSCR2,416,survived,down,3,0,0,Same-tissue replication: 3/3 concordant. Cross-tissue: 0/0 concordant.
WASL,416,survived,down,3,0,0,Same-tissue replication: 3/3 concordant. Cross-tissue: 0/0 concordant.
FOXC1,418,survived,up,3,0,0,Same-tissue replication: 3/3 concordant. Cross-tissue: 0/0 concordant.
GNB1L,418,survived,up,3,0,0,Same-tissue replication: 3/3 concordant. Cross-tissue: 0/0 concordant.
LPL,418,survived,up,3,0,0,Same-tissue replication: 3/3 concordant. Cross-tissue: 0/0 concordant.
RAB31,418,survived,up,3,0,0,Same-tissue replication: 3/3 concordant. Cross-tissue: 0/0 concordant.
TFAP2A,418,survived,up,3,0,0,Same-tissue replication: 3/3 concordant. Cross-tissue: 0/0 concordant.
GRP,419,survived,up,3,0,0,Same-tissue replication: 3/3 concordant. Cross-tissue: 0/0 concordant.
KDELR3,419,survived,up,3,0,0,Same-tissue replication: 3/3 concordant. Cross-tissue: 0/0 concordant.
KLF16,419,survived,up,2,0,0,Same-tissue replication: 2/3 concordant. Cross-tissue: 0/0 concordant.
KLHL21,419,survived,up,3,0,0,Same-tissue replication: 3/3 concordant. Cross-tissue: 0/0 concordant.
NCOA7,419,survived,up,3,0,0,Same-tissue replication: 3/3 concordant. Cross-tissue: 0/0 concordant.
ACSS1,420,survived,up,2,0,0,Same-tissue replication: 2/3 concordant. Cross-tissue: 0/0 concordant.
GTSE1,420,survived,up,2,0,0,Same-tissue replication: 2/3 concordant. Cross-tissue: 0/0 concordant.
HSPA5,420,survived,up,2,0,0,Same-tissue replication: 2/3 concordant. Cross-tissue: 0/0 concordant.
TRAF7,420,survived,up,3,0,0,Same-tissue replication: 3/3 concordant. Cross-tissue: 0/0 concordant.
COQ9,421,survived,down,3,0,0,Same-tissue replication: 3/3 concordant. Cross-tissue: 0/0 concordant.
COX6B2,421,survived,down,3,0,0,Same-tissue replication: 3/3 concordant. Cross-tissue: 0/0 concordant.
EZR,421,survived,down,3,0,0,Same-tissue replication: 3/3 concordant. Cross-tissue: 0/0 concordant.
PGAP3,421,survived,down,3,0,0,Same-tissue replication: 3/3 concordant. Cross-tissue: 0/0 concordant.
PNKD,421,survived,down,3,0,0,Same-tissue replication: 3/3 concordant. Cross-tissue: 0/0 concordant.
SLCO2B1,421,survived,down,3,0,0,Same-tissue replication: 3/3 concordant. Cross-tissue: 0/0 concordant.
THAP4,421,survived,down,3,0,0,Same-tissue replication: 3/3 concordant. Cross-tissue: 0/0 concordant.
ACTN1,422,survived,up,3,0,0,Same-tissue replication: 3/3 concordant. Cross-tissue: 0/0 concordant.
AKAP11,422,survived,up,3,0,0,Same-tissue replication: 3/3 concordant. Cross-tissue: 0/0 concordant.
CDC42EP2,422,survived,up,2,0,0,Same-tissue replication: 2/3 concordant. Cross-tissue: 0/0 concordant.
DNAJC10,422,survived,up,3,0,0,Same-tissue replication: 3/3 concordant. Cross-tissue: 0/0 concordant.
IPO9,422,survived,up,3,0,0,Same-tissue replication: 3/3 concordant. Cross-tissue: 0/0 concordant.
PSME4,422,survived,up,3,0,0,Same-tissue replication: 3/3 concordant. Cross-tissue: 0/0 concordant.
TMCC1,422,survived,up,3,0,0,Same-tissue replication: 3/3 concordant. Cross-tissue: 0/0 concordant.
TRMT6,422,survived,up,3,0,0,Same-tissue replication: 3/3 concordant. Cross-tissue: 0/0 concordant.
TTPAL,422,survived,up,3,0,0,Same-tissue replication: 3/3 concordant. Cross-tissue: 0/0 concordant.
TULP3,422,survived,up,3,0,0,Same-tissue replication: 3/3 concordant. Cross-tissue: 0/0 concordant.
WARS1,422,survived,up,2,0,0,Same-tissue replication: 2/3 concordant. Cross-tissue: 0/0 concordant.
WEE1,422,survived,up,3,0,0,Same-tissue replication: 3/3 concordant. Cross-tissue: 0/0 concordant.
YAP1,422,survived,up,3,0,0,Same-tissue replication: 3/3 concordant. Cross-tissue: 0/0 concordant.
ATOSA,423,survived,down,3,0,0,Same-tissue replication: 3/3 concordant. Cross-tissue: 0/0 concordant.
GLOD5,423,survived,down,3,0,0,Same-tissue replication: 3/3 concordant. Cross-tissue: 0/0 concordant.
LILRB5,423,survived,down,3,0,0,Same-tissue replication: 3/3 concordant. Cross-tissue: 0/0 concordant.
MPC1,423,survived,down,3,0,0,Same-tissue replication: 3/3 concordant. Cross-tissue: 0/0 concordant.
PXMP2,423,survived,down,3,0,0,Same-tissue replication: 3/3 concordant. Cross-tissue: 0/0 concordant.
RNASEL,423,survived,down,3,0,0,Same-tissue replication: 3/3 concordant. Cross-tissue: 0/0 concordant.
TMEM54,423,survived,down,3,0,0,Same-tissue replication: 3/3 concordant. Cross-tissue: 0/0 concordant.
DCAF7,424,survived,up,2,0,0,Same-tissue replication: 2/3 concordant. Cross-tissue: 0/0 concordant.
DOCK9,424,survived,up,3,0,0,Same-tissue replication: 3/3 concordant. Cross-tissue: 0/0 concordant.
GPHRA,424,survived,up,3,0,0,Same-tissue replication: 3/3 concordant. Cross-tissue: 0/0 concordant.
NDUFAF2,424,survived,up,3,0,0,Same-tissue replication: 3/3 concordant. Cross-tissue: 0/0 concordant.
PGM3,424,survived,up,3,0,0,Same-tissue replication: 3/3 concordant. Cross-tissue: 0/0 concordant.
WIPI2,424,survived,up,3,0,0,Same-tissue replication: 3/3 concordant. Cross-tissue: 0/0 concordant.
ZFP36L1,424,survived,up,3,0,0,Same-tissue replication: 3/3 concordant. Cross-tissue: 0/0 concordant.
BID,425,survived,up,3,0,0,Same-tissue replication: 3/3 concordant. Cross-tissue: 0/0 concordant.
C1orf198,425,survived,up,3,0,0,Same-tissue replication: 3/3 concordant. Cross-tissue: 0/0 concordant.
CCT7,425,survived,up,3,0,0,Same-tissue replication: 3/3 concordant. Cross-tissue: 0/0 concordant.
DYNC2I2,425,survived,up,2,0,0,Same-tissue replication: 2/3 concordant. Cross-tissue: 0/0 concordant.
EFTUD2,425,survived,up,3,0,0,Same-tissue replication: 3/3 concordant. Cross-tissue: 0/0 concordant.
ELMO2,425,survived,up,3,0,0,Same-tissue replication: 3/3 concordant. Cross-tissue: 0/0 concordant.
FAM220A,425,survived,up,3,0,0,Same-tissue replication: 3/3 concordant. Cross-tissue: 0/0 concordant.
HENMT1,425,survived,up,3,0,0,Same-tissue replication: 3/3 concordant. Cross-tissue: 0/0 concordant.
SMYD2,425,survived,up,3,0,0,Same-tissue replication: 3/3 concordant. Cross-tissue: 0/0 concordant.
U2SURP,425,survived,up,3,0,0,Same-tissue replication: 3/3 concordant. Cross-tissue: 0/0 concordant.
UBAC2,425,survived,up,3,0,0,Same-tissue replication: 3/3 concordant. Cross-tissue: 0/0 concordant.
CAMKMT,426,survived,up,2,0,0,Same-tissue replication: 2/3 concordant. Cross-tissue: 0/0 concordant.
CCT5,426,survived,up,3,0,0,Same-tissue replication: 3/3 concordant. Cross-tissue: 0/0 concordant.
CDK5,426,survived,up,3,0,0,Same-tissue replication: 3/3 concordant. Cross-tissue: 0/0 concordant.
NIFK,426,survived,up,3,0,0,Same-tissue replication: 3/3 concordant. Cross-tissue: 0/0 concordant.
PAN3,426,survived,up,3,0,0,Same-tissue replication: 3/3 concordant. Cross-tissue: 0/0 concordant.
RCC2,426,survived,up,3,0,0,Same-tissue replication: 3/3 concordant. Cross-tissue: 0/0 concordant.
C16orf89,427,survived,down,3,0,0,Same-tissue replication: 3/3 concordant. Cross-tissue: 0/0 concordant.
FAM107A,427,survived,down,3,0,0,Same-tissue replication: 3/3 concordant. Cross-tissue: 0/0 concordant.
KLRB1,427,survived,down,3,0,0,Same-tissue replication: 3/3 concordant. Cross-tissue: 0/0 concordant.
KRT20,427,survived,down,3,0,0,Same-tissue replication: 3/3 concordant. Cross-tissue: 0/0 concordant.
MEP1A,427,survived,down,3,0,0,Same-tissue replication: 3/3 concordant. Cross-tissue: 0/0 concordant.
P2RY12,427,survived,down,2,0,0,Same-tissue replication: 2/3 concordant. Cross-tissue: 0/0 concordant.
RMDN2,427,survived,down,3,0,0,Same-tissue replication: 3/3 concordant. Cross-tissue: 0/0 concordant.
TMCC3,427,survived,down,3,0,0,Same-tissue replication: 3/3 concordant. Cross-tissue: 0/0 concordant.
CAPN9,428,survived,down,3,0,0,Same-tissue replication: 3/3 concordant. Cross-tissue: 0/0 concordant.
CKB,428,survived,down,3,0,0,Same-tissue replication: 3/3 concordant. Cross-tissue: 0/0 concordant.
COL17A1,428,survived,down,3,0,0,Same-tissue replication: 3/3 concordant. Cross-tissue: 0/0 concordant.
CPNE8,428,survived,down,3,0,0,Same-tissue replication: 3/3 concordant. Cross-tissue: 0/0 concordant.
DENND2A,428,survived,down,3,0,0,Same-tissue replication: 3/3 concordant. Cross-tissue: 0/0 concordant.
FMO5,428,survived,down,3,0,0,Same-tissue replication: 3/3 concordant. Cross-tissue: 0/0 concordant.
LPAR1,428,survived,down,3,0,0,Same-tissue replication: 3/3 concordant. Cross-tissue: 0/0 concordant.
MB,428,survived,down,3,0,0,Same-tissue replication: 3/3 concordant. Cross-tissue: 0/0 concordant.
PRKACB,428,survived,down,3,0,0,Same-tissue replication: 3/3 concordant. Cross-tissue: 0/0 concordant.
RCAN2,428,survived,down,3,0,0,Same-tissue replication: 3/3 concordant. Cross-tissue: 0/0 concordant.
C3orf70,429,survived,down,3,0,0,Same-tissue replication: 3/3 concordant. Cross-tissue: 0/0 concordant.
DQX1,429,survived,down,3,0,0,Same-tissue replication: 3/3 concordant. Cross-tissue: 0/0 concordant.
EMP1,429,survived,down,3,0,0,Same-tissue replication: 3/3 concordant. Cross-tissue: 0/0 concordant.
KCNG3,429,survived,down,3,0,0,Same-tissue replication: 3/3 concordant. Cross-tissue: 0/0 concordant.
KLHL6,429,survived,down,3,0,0,Same-tissue replication: 3/3 concordant. Cross-tissue: 0/0 concordant.
RAB27A,429,survived,down,3,0,0,Same-tissue replication: 3/3 concordant. Cross-tissue: 0/0 concordant.
CITED2,430,survived,down,3,0,0,Same-tissue replication: 3/3 concordant. Cross-tissue: 0/0 concordant.
ENDOD1,430,survived,down,3,0,0,Same-tissue replication: 3/3 concordant. Cross-tissue: 0/0 concordant.
PTN,430,survived,down,3,0,0,Same-tissue replication: 3/3 concordant. Cross-tissue: 0/0 concordant.
PTX3,430,survived,down,2,0,0,Same-tissue replication: 2/3 concordant. Cross-tissue: 0/0 concordant.
RETSAT,430,survived,down,3,0,0,Same-tissue replication: 3/3 concordant. Cross-tissue: 0/0 concordant.
SIDT1,430,survived,down,3,0,0,Same-tissue replication: 3/3 concordant. Cross-tissue: 0/0 concordant.
SLC9A9,430,survived,down,3,0,0,Same-tissue replication: 3/3 concordant. Cross-tissue: 0/0 concordant.
SPARCL1,430,survived,down,3,0,0,Same-tissue replication: 3/3 concordant. Cross-tissue: 0/0 concordant.
CAST,431,survived,down,3,0,0,Same-tissue replication: 3/3 concordant. Cross-tissue: 0/0 concordant.
CRYBG1,431,survived,down,3,0,0,Same-tissue replication: 3/3 concordant. Cross-tissue: 0/0 concordant.
FCHO2,431,survived,down,3,0,0,Same-tissue replication: 3/3 concordant. Cross-tissue: 0/0 concordant.
GHITM,431,survived,down,3,0,0,Same-tissue replication: 3/3 concordant. Cross-tissue: 0/0 concordant.
HCFC2,431,survived,down,3,0,0,Same-tissue replication: 3/3 concordant. Cross-tissue: 0/0 concordant.
IL6ST,431,survived,down,3,0,0,Same-tissue replication: 3/3 concordant. Cross-tissue: 0/0 concordant.
LYSMD3,431,survived,down,3,0,0,Same-tissue replication: 3/3 concordant. Cross-tissue: 0/0 concordant.
NCOR1,431,survived,down,3,0,0,Same-tissue replication: 3/3 concordant. Cross-tissue: 0/0 concordant.
NIPSNAP3A,431,survived,down,2,0,0,Same-tissue replication: 2/3 concordant. Cross-tissue: 0/0 concordant.
PAFAH1B1,431,survived,down,3,0,0,Same-tissue replication: 3/3 concordant. Cross-tissue: 0/0 concordant.
PLGRKT,431,survived,down,3,0,0,Same-tissue replication: 3/3 concordant. Cross-tissue: 0/0 concordant.
PRRG4,431,survived,down,3,0,0,Same-tissue replication: 3/3 concordant. Cross-tissue: 0/0 concordant.
PTEN,431,survived,down,3,0,0,Same-tissue replication: 3/3 concordant. Cross-tissue: 0/0 concordant.
SCO1,431,survived,down,3,0,0,Same-tissue replication: 3/3 concordant. Cross-tissue: 0/0 concordant.
SCYL2,431,survived,down,3,0,0,Same-tissue replication: 3/3 concordant. Cross-tissue: 0/0 concordant.
SELENOT,431,survived,down,3,0,0,Same-tissue replication: 3/3 concordant. Cross-tissue: 0/0 concordant.
SERINC1,431,survived,down,3,0,0,Same-tissue replication: 3/3 concordant. Cross-tissue: 0/0 concordant.
TLN2,431,survived,down,3,0,0,Same-tissue replication: 3/3 concordant. Cross-tissue: 0/0 concordant.
VPS26C,431,survived,down,3,0,0,Same-tissue replication: 3/3 concordant. Cross-tissue: 0/0 concordant.
ZNF658,431,survived,down,3,0,0,Same-tissue replication: 3/3 concordant. Cross-tissue: 0/0 concordant.
CCPG1,432,survived,down,2,0,0,Same-tissue replication: 2/3 concordant. Cross-tissue: 0/0 concordant.
FBXO3,432,survived,down,2,0,0,Same-tissue replication: 2/3 concordant. Cross-tissue: 0/0 concordant.
GCC2,432,survived,down,3,0,0,Same-tissue replication: 3/3 concordant. Cross-tissue: 0/0 concordant.
NPTN,432,survived,down,3,0,0,Same-tissue replication: 3/3 concordant. Cross-tissue: 0/0 concordant.
DNAH10,433,survived,down,1,0,0,Same-tissue replication: 1/3 concordant. Cross-tissue: 0/0 concordant.
HEATR5B,433,survived,down,3,0,0,Same-tissue replication: 3/3 concordant. Cross-tissue: 0/0 concordant.
PHC3,433,eliminated,down,2,1,0,Significant opposite direction in same-tissue dataset(s): ['GSE39582']. Discovery direction: down.
RIC1,433,survived,down,3,0,0,Same-tissue replication: 3/3 concordant. Cross-tissue: 0/0 concordant.
SLAIN2,433,survived,down,3,0,0,Same-tissue replication: 3/3 concordant. Cross-tissue: 0/0 concordant.
SLC30A1,433,survived,down,3,0,0,Same-tissue replication: 3/3 concordant. Cross-tissue: 0/0 concordant.
ARHGAP27,434,survived,down,3,0,0,Same-tissue replication: 3/3 concordant. Cross-tissue: 0/0 concordant.
CAMK2G,434,survived,down,3,0,0,Same-tissue replication: 3/3 concordant. Cross-tissue: 0/0 concordant.
GALNT1,434,survived,down,3,0,0,Same-tissue replication: 3/3 concordant. Cross-tissue: 0/0 concordant.
ZSCAN30,434,survived,down,3,0,0,Same-tissue replication: 3/3 concordant. Cross-tissue: 0/0 concordant.
BAIAP2L2,436,survived,down,3,0,0,Same-tissue replication: 3/3 concordant. Cross-tissue: 0/0 concordant.
PIEZO2,436,eliminated,down,1,1,0,Significant opposite direction in same-tissue dataset(s): ['GSE39582']. Discovery direction: down.
PIGS,436,survived,down,3,0,0,Same-tissue replication: 3/3 concordant. Cross-tissue: 0/0 concordant.
TSPAN11,436,survived,down,2,0,0,Same-tissue replication: 2/3 concordant. Cross-tissue: 0/0 concordant.
CARTPT,437,survived,down,2,0,0,Same-tissue replication: 2/3 concordant. Cross-tissue: 0/0 concordant.
CD4,437,eliminated,down,2,1,0,Significant opposite direction in same-tissue dataset(s): ['GSE39582']. Discovery direction: down.
GNGT2,437,survived,down,3,0,0,Same-tissue replication: 3/3 concordant. Cross-tissue: 0/0 concordant.
KLHL34,437,survived,down,3,0,0,Same-tissue replication: 3/3 concordant. Cross-tissue: 0/0 concordant.
DCPS,438,survived,up,3,0,0,Same-tissue replication: 3/3 concordant. Cross-tissue: 0/0 concordant.
FOXK2,438,survived,up,3,0,0,Same-tissue replication: 3/3 concordant. Cross-tissue: 0/0 concordant.
GLMN,438,survived,up,3,0,0,Same-tissue replication: 3/3 concordant. Cross-tissue: 0/0 concordant.
GPR19,438,survived,up,3,0,0,Same-tissue replication: 3/3 concordant. Cross-tissue: 0/0 concordant.
IRAK1BP1,438,survived,up,3,0,0,Same-tissue replication: 3/3 concordant. Cross-tissue: 0/0 concordant.
KCNQ1,438,survived,up,3,0,0,Same-tissue replication: 3/3 concordant. Cross-tissue: 0/0 concordant.
PBK,438,survived,up,3,0,0,Same-tissue replication: 3/3 concordant. Cross-tissue: 0/0 concordant.
PIGW,438,survived,up,3,0,0,Same-tissue replication: 3/3 concordant. Cross-tissue: 0/0 concordant.
RAP2A,438,survived,up,3,0,0,Same-tissue replication: 3/3 concordant. Cross-tissue: 0/0 concordant.
SART3,438,survived,up,3,0,0,Same-tissue replication: 3/3 concordant. Cross-tissue: 0/0 concordant.
SAXO5,438,survived,up,3,0,0,Same-tissue replication: 3/3 concordant. Cross-tissue: 0/0 concordant.
TRNT1,438,survived,up,3,0,0,Same-tissue replication: 3/3 concordant. Cross-tissue: 0/0 concordant.
VWA1,438,survived,up,2,0,0,Same-tissue replication: 2/3 concordant. Cross-tissue: 0/0 concordant.
HES4,439,survived,up,2,0,0,Same-tissue replication: 2/3 concordant. Cross-tissue: 0/0 concordant.
HOXA11,439,survived,up,3,0,0,Same-tissue replication: 3/3 concordant. Cross-tissue: 0/0 concordant.
HPDL,439,survived,up,3,0,0,Same-tissue replication: 3/3 concordant. Cross-tissue: 0/0 concordant.
RNF182,439,survived,up,3,0,0,Same-tissue replication: 3/3 concordant. Cross-tissue: 0/0 concordant.
STYXL2,439,survived,up,3,0,0,Same-tissue replication: 3/3 concordant. Cross-tissue: 0/0 concordant.
TWIST1,439,survived,up,3,0,0,Same-tissue replication: 3/3 concordant. Cross-tissue: 0/0 concordant.
UBALD1,439,eliminated,up,2,1,0,Significant opposite direction in same-tissue dataset(s): ['GSE32323']. Discovery direction: up.
ATAD3B,442,survived,up,2,0,0,Same-tissue replication: 2/3 concordant. Cross-tissue: 0/0 concordant.
ATOX1,442,survived,up,3,0,0,Same-tissue replication: 3/3 concordant. Cross-tissue: 0/0 concordant.
CAMSAP2,442,survived,up,3,0,0,Same-tissue replication: 3/3 concordant. Cross-tissue: 0/0 concordant.
CHD4,442,survived,up,3,0,0,Same-tissue replication: 3/3 concordant. Cross-tissue: 0/0 concordant.
DDB1,442,survived,up,3,0,0,Same-tissue replication: 3/3 concordant. Cross-tissue: 0/0 concordant.
FADS3,442,survived,up,3,0,0,Same-tissue replication: 3/3 concordant. Cross-tissue: 0/0 concordant.
ICE1,442,survived,up,3,0,0,Same-tissue replication: 3/3 concordant. Cross-tissue: 0/0 concordant.
LMCD1,442,survived,up,3,0,0,Same-tissue replication: 3/3 concordant. Cross-tissue: 0/0 concordant.
LPCAT2,442,survived,up,3,0,0,Same-tissue replication: 3/3 concordant. Cross-tissue: 0/0 concordant.
PJA1,442,survived,up,3,0,0,Same-tissue replication: 3/3 concordant. Cross-tissue: 0/0 concordant.
PSMD8,442,survived,up,3,0,0,Same-tissue replication: 3/3 concordant. Cross-tissue: 0/0 concordant.
WBP4,442,survived,up,3,0,0,Same-tissue replication: 3/3 concordant. Cross-tissue: 0/0 concordant.
CBLL1,443,survived,up,3,0,0,Same-tissue replication: 3/3 concordant. Cross-tissue: 0/0 concordant.
FUT8,443,survived,up,3,0,0,Same-tissue replication: 3/3 concordant. Cross-tissue: 0/0 concordant.
NFAT5,443,survived,up,3,0,0,Same-tissue replication: 3/3 concordant. Cross-tissue: 0/0 concordant.
PSMB4,443,survived,up,3,0,0,Same-tissue replication: 3/3 concordant. Cross-tissue: 0/0 concordant.
SESN1,443,survived,up,3,0,0,Same-tissue replication: 3/3 concordant. Cross-tissue: 0/0 concordant.
WRNIP1,443,survived,up,3,0,0,Same-tissue replication: 3/3 concordant. Cross-tissue: 0/0 concordant.
AATF,444,survived,up,3,0,0,Same-tissue replication: 3/3 concordant. Cross-tissue: 0/0 concordant.
AGRN,444,survived,up,2,0,0,Same-tissue replication: 2/3 concordant. Cross-tissue: 0/0 concordant.
CDK5RAP1,444,survived,up,3,0,0,Same-tissue replication: 3/3 concordant. Cross-tissue: 0/0 concordant.
KIF9,444,survived,up,3,0,0,Same-tissue replication: 3/3 concordant. Cross-tissue: 0/0 concordant.
KNTC1,444,survived,up,3,0,0,Same-tissue replication: 3/3 concordant. Cross-tissue: 0/0 concordant.
LRRC36,444,survived,up,3,0,0,Same-tissue replication: 3/3 concordant. Cross-tissue: 0/0 concordant.
LYN,444,survived,up,3,0,0,Same-tissue replication: 3/3 concordant. Cross-tissue: 0/0 concordant.
MYL6B,444,survived,up,3,0,0,Same-tissue replication: 3/3 concordant. Cross-tissue: 0/0 concordant.
NAA16,444,survived,up,3,0,0,Same-tissue replication: 3/3 concordant. Cross-tissue: 0/0 concordant.
PDZK1IP1,444,survived,up,3,0,0,Same-tissue replication: 3/3 concordant. Cross-tissue: 0/0 concordant.
PSME3,444,survived,up,3,0,0,Same-tissue replication: 3/3 concordant. Cross-tissue: 0/0 concordant.
RAB15,444,survived,up,3,0,0,Same-tissue replication: 3/3 concordant. Cross-tissue: 0/0 concordant.
RAD23A,444,survived,up,2,0,0,Same-tissue replication: 2/3 concordant. Cross-tissue: 0/0 concordant.
TBC1D24,444,survived,up,3,0,0,Same-tissue replication: 3/3 concordant. Cross-tissue: 0/0 concordant.
WDR35,444,survived,up,3,0,0,Same-tissue replication: 3/3 concordant. Cross-tissue: 0/0 concordant.
WDR74,444,survived,up,3,0,0,Same-tissue replication: 3/3 concordant. Cross-tissue: 0/0 concordant.
ANKS6,445,survived,up,3,0,0,Same-tissue replication: 3/3 concordant. Cross-tissue: 0/0 concordant.
CLCN5,445,survived,up,3,0,0,Same-tissue replication: 3/3 concordant. Cross-tissue: 0/0 concordant.
CLNS1A,445,survived,up,3,0,0,Same-tissue replication: 3/3 concordant. Cross-tissue: 0/0 concordant.
E2F1,445,survived,up,3,0,0,Same-tissue replication: 3/3 concordant. Cross-tissue: 0/0 concordant.
GPALPP1,445,survived,up,3,0,0,Same-tissue replication: 3/3 concordant. Cross-tissue: 0/0 concordant.
PCNA,445,survived,up,3,0,0,Same-tissue replication: 3/3 concordant. Cross-tissue: 0/0 concordant.
PTPN13,445,survived,up,3,0,0,Same-tissue replication: 3/3 concordant. Cross-tissue: 0/0 concordant.
RHBDF1,445,survived,up,2,0,0,Same-tissue replication: 2/3 concordant. Cross-tissue: 0/0 concordant.
SPICE1,445,survived,up,3,0,0,Same-tissue replication: 3/3 concordant. Cross-tissue: 0/0 concordant.
THUMPD2,445,survived,up,3,0,0,Same-tissue replication: 3/3 concordant. Cross-tissue: 0/0 concordant.
ZNF146,445,survived,up,3,0,0,Same-tissue replication: 3/3 concordant. Cross-tissue: 0/0 concordant.
CARS2,446,survived,up,3,0,0,Same-tissue replication: 3/3 concordant. Cross-tissue: 0/0 concordant.
ERO1A,446,survived,up,3,0,0,Same-tissue replication: 3/3 concordant. Cross-tissue: 0/0 concordant.
FANCG,446,survived,up,3,0,0,Same-tissue replication: 3/3 concordant. Cross-tissue: 0/0 concordant.
FBXL2,446,survived,up,3,0,0,Same-tissue replication: 3/3 concordant. Cross-tissue: 0/0 concordant.
FBXO5,446,survived,up,3,0,0,Same-tissue replication: 3/3 concordant. Cross-tissue: 0/0 concordant.
GEMIN5,446,survived,up,3,0,0,Same-tissue replication: 3/3 concordant. Cross-tissue: 0/0 concordant.
APEX2,447,survived,up,3,0,0,Same-tissue replication: 3/3 concordant. Cross-tissue: 0/0 concordant.
CHCHD7,447,survived,up,3,0,0,Same-tissue replication: 3/3 concordant. Cross-tissue: 0/0 concordant.
CKLF,447,survived,up,3,0,0,Same-tissue replication: 3/3 concordant. Cross-tissue: 0/0 concordant.
COPS6,447,survived,up,3,0,0,Same-tissue replication: 3/3 concordant. Cross-tissue: 0/0 concordant.
GATD1,447,survived,up,3,0,0,Same-tissue replication: 3/3 concordant. Cross-tissue: 0/0 concordant.
GTF3C5,447,survived,up,3,0,0,Same-tissue replication: 3/3 concordant. Cross-tissue: 0/0 concordant.
HSPA14,447,survived,up,3,0,0,Same-tissue replication: 3/3 concordant. Cross-tissue: 0/0 concordant.
HSPD1,447,survived,up,3,0,0,Same-tissue replication: 3/3 concordant. Cross-tissue: 0/0 concordant.
INTS15,447,survived,up,3,0,0,Same-tissue replication: 3/3 concordant. Cross-tissue: 0/0 concordant.
NUDC,447,survived,up,3,0,0,Same-tissue replication: 3/3 concordant. Cross-tissue: 0/0 concordant.
SNRPD2,447,survived,up,3,0,0,Same-tissue replication: 3/3 concordant. Cross-tissue: 0/0 concordant.
SUPT20H,447,survived,up,3,0,0,Same-tissue replication: 3/3 concordant. Cross-tissue: 0/0 concordant.
TMEM109,447,survived,up,3,0,0,Same-tissue replication: 3/3 concordant. Cross-tissue: 0/0 concordant.
TRAPPC2L,447,survived,up,3,0,0,Same-tissue replication: 3/3 concordant. Cross-tissue: 0/0 concordant.
TUBA3D,447,eliminated,up,2,1,0,Significant opposite direction in same-tissue dataset(s): ['GSE32323']. Discovery direction: up.
ADA,452,survived,up,3,0,0,Same-tissue replication: 3/3 concordant. Cross-tissue: 0/0 concordant.
CDC25C,452,survived,up,3,0,0,Same-tissue replication: 3/3 concordant. Cross-tissue: 0/0 concordant.
CENPW,452,survived,up,3,0,0,Same-tissue replication: 3/3 concordant. Cross-tissue: 0/0 concordant.
FBRSL1,452,survived,up,3,0,0,Same-tissue replication: 3/3 concordant. Cross-tissue: 0/0 concordant.
FGFRL1,452,survived,up,3,0,0,Same-tissue replication: 3/3 concordant. Cross-tissue: 0/0 concordant.
GPR157,452,survived,up,3,0,0,Same-tissue replication: 3/3 concordant. Cross-tissue: 0/0 concordant.
SAA2,452,survived,up,3,0,0,Same-tissue replication: 3/3 concordant. Cross-tissue: 0/0 concordant.
VASH2,452,eliminated,up,2,1,0,Significant opposite direction in same-tissue dataset(s): ['GSE37364']. Discovery direction: up.
GEMIN6,453,survived,up,3,0,0,Same-tissue replication: 3/3 concordant. Cross-tissue: 0/0 concordant.
MCM6,453,survived,up,3,0,0,Same-tissue replication: 3/3 concordant. Cross-tissue: 0/0 concordant.
MGAT5,453,survived,up,3,0,0,Same-tissue replication: 3/3 concordant. Cross-tissue: 0/0 concordant.
NEK6,453,survived,up,3,0,0,Same-tissue replication: 3/3 concordant. Cross-tissue: 0/0 concordant.
NSDHL,453,survived,up,3,0,0,Same-tissue replication: 3/3 concordant. Cross-tissue: 0/0 concordant.
POLA2,453,survived,up,3,0,0,Same-tissue replication: 3/3 concordant. Cross-tissue: 0/0 concordant.
POLR3H,453,survived,up,3,0,0,Same-tissue replication: 3/3 concordant. Cross-tissue: 0/0 concordant.
CDC45,454,survived,up,3,0,0,Same-tissue replication: 3/3 concordant. Cross-tissue: 0/0 concordant.
CLPB,454,survived,up,3,0,0,Same-tissue replication: 3/3 concordant. Cross-tissue: 0/0 concordant.
DSC3,454,survived,up,3,0,0,Same-tissue replication: 3/3 concordant. Cross-tissue: 0/0 concordant.
FIRRM,454,survived,up,3,0,0,Same-tissue replication: 3/3 concordant. Cross-tissue: 0/0 concordant.
GNL3L,454,eliminated,up,2,1,0,Significant opposite direction in same-tissue dataset(s): ['GSE39582']. Discovery direction: up.
HES6,454,survived,up,3,0,0,Same-tissue replication: 3/3 concordant. Cross-tissue: 0/0 concordant.
KNL1,454,survived,up,3,0,0,Same-tissue replication: 3/3 concordant. Cross-tissue: 0/0 concordant.
NUF2,454,survived,up,3,0,0,Same-tissue replication: 3/3 concordant. Cross-tissue: 0/0 concordant.
SCARB1,454,survived,up,3,0,0,Same-tissue replication: 3/3 concordant. Cross-tissue: 0/0 concordant.
SFTA2,454,survived,up,3,0,0,Same-tissue replication: 3/3 concordant. Cross-tissue: 0/0 concordant.
TLCD1,454,survived,up,3,0,0,Same-tissue replication: 3/3 concordant. Cross-tissue: 0/0 concordant.
TREM1,454,survived,up,3,0,0,Same-tissue replication: 3/3 concordant. Cross-tissue: 0/0 concordant.
C1orf216,455,survived,up,3,0,0,Same-tissue replication: 3/3 concordant. Cross-tissue: 0/0 concordant.
CHAF1B,455,survived,up,3,0,0,Same-tissue replication: 3/3 concordant. Cross-tissue: 0/0 concordant.
FXN,455,survived,up,3,0,0,Same-tissue replication: 3/3 concordant. Cross-tissue: 0/0 concordant.
GPATCH4,455,survived,up,3,0,0,Same-tissue replication: 3/3 concordant. Cross-tissue: 0/0 concordant.
MEX3A,455,survived,up,3,0,0,Same-tissue replication: 3/3 concordant. Cross-tissue: 0/0 concordant.
NCOA6,455,survived,up,3,0,0,Same-tissue replication: 3/3 concordant. Cross-tissue: 0/0 concordant.
NEIL3,455,survived,up,3,0,0,Same-tissue replication: 3/3 concordant. Cross-tissue: 0/0 concordant.
RIPPLY3,455,survived,up,3,0,0,Same-tissue replication: 3/3 concordant. Cross-tissue: 0/0 concordant.
TBC1D31,455,survived,up,3,0,0,Same-tissue replication: 3/3 concordant. Cross-tissue: 0/0 concordant.
ZDHHC24,455,survived,up,3,0,0,Same-tissue replication: 3/3 concordant. Cross-tissue: 0/0 concordant.
ADGRG6,456,eliminated,down,2,1,0,Significant opposite direction in same-tissue dataset(s): ['GSE37364']. Discovery direction: down.
ATG14,456,survived,down,3,0,0,Same-tissue replication: 3/3 concordant. Cross-tissue: 0/0 concordant.
ATP11B,456,survived,down,3,0,0,Same-tissue replication: 3/3 concordant. Cross-tissue: 0/0 concordant.
ATXN1,456,survived,down,2,0,0,Same-tissue replication: 2/3 concordant. Cross-tissue: 0/0 concordant.
BLTP3B,456,survived,down,3,0,0,Same-tissue replication: 3/3 concordant. Cross-tissue: 0/0 concordant.
CYP3A43,456,survived,down,3,0,0,Same-tissue replication: 3/3 concordant. Cross-tissue: 0/0 concordant.
ERMAP,456,survived,down,3,0,0,Same-tissue replication: 3/3 concordant. Cross-tissue: 0/0 concordant.
FIG4,456,survived,down,3,0,0,Same-tissue replication: 3/3 concordant. Cross-tissue: 0/0 concordant.
GBP3,456,survived,down,3,0,0,Same-tissue replication: 3/3 concordant. Cross-tissue: 0/0 concordant.
HIF1AN,456,survived,down,2,0,0,Same-tissue replication: 2/3 concordant. Cross-tissue: 0/0 concordant.
HLA-C,456,survived,down,3,0,0,Same-tissue replication: 3/3 concordant. Cross-tissue: 0/0 concordant.
HLA-F,456,survived,down,3,0,0,Same-tissue replication: 3/3 concordant. Cross-tissue: 0/0 concordant.
HOXA13,456,survived,down,3,0,0,Same-tissue replication: 3/3 concordant. Cross-tissue: 0/0 concordant.
HOXB13,456,survived,down,3,0,0,Same-tissue replication: 3/3 concordant. Cross-tissue: 0/0 concordant.
ISOC1,456,survived,down,3,0,0,Same-tissue replication: 3/3 concordant. Cross-tissue: 0/0 concordant.
ITGAL,456,survived,down,3,0,0,Same-tissue replication: 3/3 concordant. Cross-tissue: 0/0 concordant.
ITSN2,456,survived,down,3,0,0,Same-tissue replication: 3/3 concordant. Cross-tissue: 0/0 concordant.
KBTBD12,456,survived,down,3,0,0,Same-tissue replication: 3/3 concordant. Cross-tissue: 0/0 concordant.
KLRD1,456,survived,down,2,0,0,Same-tissue replication: 2/3 concordant. Cross-tissue: 0/0 concordant.
NDUFB4,456,survived,down,3,0,0,Same-tissue replication: 3/3 concordant. Cross-tissue: 0/0 concordant.
PRKAA1,456,survived,down,3,0,0,Same-tissue replication: 3/3 concordant. Cross-tissue: 0/0 concordant.
PTPRM,456,eliminated,down,1,1,0,Significant opposite direction in same-tissue dataset(s): ['GSE37364']. Discovery direction: down.
RBL2,456,eliminated,down,2,1,0,Significant opposite direction in same-tissue dataset(s): ['GSE32323']. Discovery direction: down.
RUBCN,456,survived,down,3,0,0,Same-tissue replication: 3/3 concordant. Cross-tissue: 0/0 concordant.
SNX9,456,survived,down,3,0,0,Same-tissue replication: 3/3 concordant. Cross-tissue: 0/0 concordant.
TAPBPL,456,survived,down,2,0,0,Same-tissue replication: 2/3 concordant. Cross-tissue: 0/0 concordant.
TCF25,456,survived,down,2,0,0,Same-tissue replication: 2/3 concordant. Cross-tissue: 0/0 concordant.
TOX2,456,survived,down,3,0,0,Same-tissue replication: 3/3 concordant. Cross-tissue: 0/0 concordant.
TRAPPC13,456,survived,down,2,0,0,Same-tissue replication: 2/3 concordant. Cross-tissue: 0/0 concordant.
ZNF81,456,survived,down,2,0,0,Same-tissue replication: 2/3 concordant. Cross-tissue: 0/0 concordant.
ZYG11B,456,survived,down,3,0,0,Same-tissue replication: 3/3 concordant. Cross-tissue: 0/0 concordant.
CEP120,459,survived,up,3,0,0,Same-tissue replication: 3/3 concordant. Cross-tissue: 0/0 concordant.
HACD1,459,survived,up,3,0,0,Same-tissue replication: 3/3 concordant. Cross-tissue: 0/0 concordant.
LTBP1,459,survived,up,2,0,0,Same-tissue replication: 2/3 concordant. Cross-tissue: 0/0 concordant.
TSPYL4,459,survived,up,3,0,0,Same-tissue replication: 3/3 concordant. Cross-tissue: 0/0 concordant.
TXNL4B,459,survived,up,2,0,0,Same-tissue replication: 2/3 concordant. Cross-tissue: 0/0 concordant.
ARHGEF3,461,survived,up,3,0,0,Same-tissue replication: 3/3 concordant. Cross-tissue: 0/0 concordant.
CNIH4,461,survived,up,3,0,0,Same-tissue replication: 3/3 concordant. Cross-tissue: 0/0 concordant.
ELP4,461,survived,up,3,0,0,Same-tissue replication: 3/3 concordant. Cross-tissue: 0/0 concordant.
GGPS1,461,survived,up,3,0,0,Same-tissue replication: 3/3 concordant. Cross-tissue: 0/0 concordant.
RGS3,461,eliminated,up,2,1,0,Significant opposite direction in same-tissue dataset(s): ['GSE32323']. Discovery direction: up.
S1PR2,461,survived,up,2,0,0,Same-tissue replication: 2/3 concordant. Cross-tissue: 0/0 concordant.
NMT2,463,survived,down,3,0,0,Same-tissue replication: 3/3 concordant. Cross-tissue: 0/0 concordant.
SNX3,463,survived,down,1,0,0,Same-tissue replication: 1/3 concordant. Cross-tissue: 0/0 concordant.
WNK3,463,survived,down,2,0,0,Same-tissue replication: 2/3 concordant. Cross-tissue: 0/0 concordant.
ARSA,464,survived,down,3,0,0,Same-tissue replication: 3/3 concordant. Cross-tissue: 0/0 concordant.
RBM43,464,survived,down,3,0,0,Same-tissue replication: 3/3 concordant. Cross-tissue: 0/0 concordant.
ZBTB7B,464,survived,down,3,0,0,Same-tissue replication: 3/3 concordant. Cross-tissue: 0/0 concordant.
ZNF804A,464,survived,down,3,0,0,Same-tissue replication: 3/3 concordant. Cross-tissue: 0/0 concordant.
CTSO,466,survived,down,3,0,0,Same-tissue replication: 3/3 concordant. Cross-tissue: 0/0 concordant.
LRRC1,466,survived,down,3,0,0,Same-tissue replication: 3/3 concordant. Cross-tissue: 0/0 concordant.
METTL25,466,survived,down,3,0,0,Same-tissue replication: 3/3 concordant. Cross-tissue: 0/0 concordant.
SHISAL1,466,survived,down,3,0,0,Same-tissue replication: 3/3 concordant. Cross-tissue: 0/0 concordant.
VDR,466,survived,down,3,0,0,Same-tissue replication: 3/3 concordant. Cross-tissue: 0/0 concordant.
ACOT13,467,survived,down,2,0,0,Same-tissue replication: 2/3 concordant. Cross-tissue: 0/0 concordant.
ATXN7,467,survived,down,3,0,0,Same-tissue replication: 3/3 concordant. Cross-tissue: 0/0 concordant.
CD209,467,survived,down,3,0,0,Same-tissue replication: 3/3 concordant. Cross-tissue: 0/0 concordant.
CD3D,467,survived,down,3,0,0,Same-tissue replication: 3/3 concordant. Cross-tissue: 0/0 concordant.
CLTB,467,survived,down,3,0,0,Same-tissue replication: 3/3 concordant. Cross-tissue: 0/0 concordant.
COX5B,467,survived,down,3,0,0,Same-tissue replication: 3/3 concordant. Cross-tissue: 0/0 concordant.
CRYL1,467,survived,down,3,0,0,Same-tissue replication: 3/3 concordant. Cross-tissue: 0/0 concordant.
CSF1R,467,survived,down,3,0,0,Same-tissue replication: 3/3 concordant. Cross-tissue: 0/0 concordant.
DOK4,467,survived,down,3,0,0,Same-tissue replication: 3/3 concordant. Cross-tissue: 0/0 concordant.
EMCN,467,survived,down,2,0,0,Same-tissue replication: 2/3 concordant. Cross-tissue: 0/0 concordant.
ETFBKMT,467,survived,down,3,0,0,Same-tissue replication: 3/3 concordant. Cross-tissue: 0/0 concordant.
FAM219B,467,survived,down,3,0,0,Same-tissue replication: 3/3 concordant. Cross-tissue: 0/0 concordant.
FBXO25,467,survived,down,3,0,0,Same-tissue replication: 3/3 concordant. Cross-tissue: 0/0 concordant.
FOSL2,467,survived,down,3,0,0,Same-tissue replication: 3/3 concordant. Cross-tissue: 0/0 concordant.
GNRH1,467,survived,down,3,0,0,Same-tissue replication: 3/3 concordant. Cross-tissue: 0/0 concordant.
GSDMB,467,survived,down,3,0,0,Same-tissue replication: 3/3 concordant. Cross-tissue: 0/0 concordant.
IL18R1,467,survived,down,1,0,0,Same-tissue replication: 1/3 concordant. Cross-tissue: 0/0 concordant.
KIF13B,467,survived,down,3,0,0,Same-tissue replication: 3/3 concordant. Cross-tissue: 0/0 concordant.
MAL,467,survived,down,3,0,0,Same-tissue replication: 3/3 concordant. Cross-tissue: 0/0 concordant.
MORN5,467,survived,down,3,0,0,Same-tissue replication: 3/3 concordant. Cross-tissue: 0/0 concordant.
MVP,467,survived,down,3,0,0,Same-tissue replication: 3/3 concordant. Cross-tissue: 0/0 concordant.
NAPG,467,survived,down,2,0,0,Same-tissue replication: 2/3 concordant. Cross-tissue: 0/0 concordant.
OXCT1,467,survived,down,2,0,0,Same-tissue replication: 2/3 concordant. Cross-tissue: 0/0 concordant.
PGR,467,survived,down,3,0,0,Same-tissue replication: 3/3 concordant. Cross-tissue: 0/0 concordant.
PNMA1,467,survived,down,3,0,0,Same-tissue replication: 3/3 concordant. Cross-tissue: 0/0 concordant.
PRIMPOL,467,survived,down,3,0,0,Same-tissue replication: 3/3 concordant. Cross-tissue: 0/0 concordant.
PROS1,467,survived,down,3,0,0,Same-tissue replication: 3/3 concordant. Cross-tissue: 0/0 concordant.
PTGR1,467,survived,down,3,0,0,Same-tissue replication: 3/3 concordant. Cross-tissue: 0/0 concordant.
SAMSN1,467,survived,down,2,0,0,Same-tissue replication: 2/3 concordant. Cross-tissue: 0/0 concordant.
SLC6A8,467,survived,down,3,0,0,Same-tissue replication: 3/3 concordant. Cross-tissue: 0/0 concordant.
SPINT1,467,survived,down,3,0,0,Same-tissue replication: 3/3 concordant. Cross-tissue: 0/0 concordant.
SYNE2,467,survived,down,2,0,0,Same-tissue replication: 2/3 concordant. Cross-tissue: 0/0 concordant.
TM6SF2,467,eliminated,down,2,1,0,Significant opposite direction in same-tissue dataset(s): ['GSE39582']. Discovery direction: down.
ZNF655,467,survived,down,3,0,0,Same-tissue replication: 3/3 concordant. Cross-tissue: 0/0 concordant.
ASCC2,468,survived,down,3,0,0,Same-tissue replication: 3/3 concordant. Cross-tissue: 0/0 concordant.
CCS,468,survived,down,3,0,0,Same-tissue replication: 3/3 concordant. Cross-tissue: 0/0 concordant.
SLC2A5,468,survived,down,3,0,0,Same-tissue replication: 3/3 concordant. Cross-tissue: 0/0 concordant.
TMEM19,468,survived,down,2,0,0,Same-tissue replication: 2/3 concordant. Cross-tissue: 0/0 concordant.
ALKBH7,469,survived,down,3,0,0,Same-tissue replication: 3/3 concordant. Cross-tissue: 0/0 concordant.
GALM,469,survived,down,3,0,0,Same-tissue replication: 3/3 concordant. Cross-tissue: 0/0 concordant.
NDUFV1,469,survived,down,3,0,0,Same-tissue replication: 3/3 concordant. Cross-tissue: 0/0 concordant.
NUPR1,469,survived,down,3,0,0,Same-tissue replication: 3/3 concordant. Cross-tissue: 0/0 concordant.
OXA1L,469,survived,down,1,0,0,Same-tissue replication: 1/3 concordant. Cross-tissue: 0/0 concordant.
RASGRP1,469,survived,down,3,0,0,Same-tissue replication: 3/3 concordant. Cross-tissue: 0/0 concordant.
RPL36AL,469,survived,down,2,0,0,Same-tissue replication: 2/3 concordant. Cross-tissue: 0/0 concordant.
SATB1,469,survived,down,2,0,0,Same-tissue replication: 2/3 concordant. Cross-tissue: 0/0 concordant.
EAF2,470,survived,down,3,0,0,Same-tissue replication: 3/3 concordant. Cross-tissue: 0/0 concordant.
FEV,470,survived,down,3,0,0,Same-tissue replication: 3/3 concordant. Cross-tissue: 0/0 concordant.
MADCAM1,470,survived,down,3,0,0,Same-tissue replication: 3/3 concordant. Cross-tissue: 0/0 concordant.
ROGDI,470,survived,down,3,0,0,Same-tissue replication: 3/3 concordant. Cross-tissue: 0/0 concordant.
TUSC3,470,survived,down,2,0,0,Same-tissue replication: 2/3 concordant. Cross-tissue: 0/0 concordant.
BLVRB,471,survived,down,3,0,0,Same-tissue replication: 3/3 concordant. Cross-tissue: 0/0 concordant.
CALM3,471,survived,down,3,0,0,Same-tissue replication: 3/3 concordant. Cross-tissue: 0/0 concordant.
DDTL,471,survived,down,3,0,0,Same-tissue replication: 3/3 concordant. Cross-tissue: 0/0 concordant.
ICAM3,471,survived,down,3,0,0,Same-tissue replication: 3/3 concordant. Cross-tissue: 0/0 concordant.
LHPP,471,survived,down,3,0,0,Same-tissue replication: 3/3 concordant. Cross-tissue: 0/0 concordant.
LIN7C,471,survived,down,3,0,0,Same-tissue replication: 3/3 concordant. Cross-tissue: 0/0 concordant.
NDUFB1,471,survived,down,3,0,0,Same-tissue replication: 3/3 concordant. Cross-tissue: 0/0 concordant.
SGSM3,471,survived,down,3,0,0,Same-tissue replication: 3/3 concordant. Cross-tissue: 0/0 concordant.
SLC25A11,471,survived,down,3,0,0,Same-tissue replication: 3/3 concordant. Cross-tissue: 0/0 concordant.
GPATCH8,473,survived,up,2,0,0,Same-tissue replication: 2/3 concordant. Cross-tissue: 0/0 concordant.
GUCY1B1,473,survived,up,2,0,0,Same-tissue replication: 2/3 concordant. Cross-tissue: 0/0 concordant.
ICAM1,473,survived,up,3,0,0,Same-tissue replication: 3/3 concordant. Cross-tissue: 0/0 concordant.
KIZ,473,survived,up,3,0,0,Same-tissue replication: 3/3 concordant. Cross-tissue: 0/0 concordant.
MCAM,473,survived,up,2,0,0,Same-tissue replication: 2/3 concordant. Cross-tissue: 0/0 concordant.
SIX4,473,survived,up,3,0,0,Same-tissue replication: 3/3 concordant. Cross-tissue: 0/0 concordant.
SNAPC1,473,survived,up,3,0,0,Same-tissue replication: 3/3 concordant. Cross-tissue: 0/0 concordant.
TRAIP,473,survived,up,3,0,0,Same-tissue replication: 3/3 concordant. Cross-tissue: 0/0 concordant.
DEFA6,474,survived,up,2,0,0,Same-tissue replication: 2/3 concordant. Cross-tissue: 0/0 concordant.
LAMC1,474,survived,up,3,0,0,Same-tissue replication: 3/3 concordant. Cross-tissue: 0/0 concordant.
PLXNA3,474,survived,up,2,0,0,Same-tissue replication: 2/3 concordant. Cross-tissue: 0/0 concordant.
PTPN14,474,survived,up,3,0,0,Same-tissue replication: 3/3 concordant. Cross-tissue: 0/0 concordant.
CFAP92,475,survived,up,3,0,0,Same-tissue replication: 3/3 concordant. Cross-tissue: 0/0 concordant.
EXTL2,475,survived,up,3,0,0,Same-tissue replication: 3/3 concordant. Cross-tissue: 0/0 concordant.
LAMB2,475,survived,up,2,0,0,Same-tissue replication: 2/3 concordant. Cross-tissue: 0/0 concordant.
PAGR1,475,survived,up,3,0,0,Same-tissue replication: 3/3 concordant. Cross-tissue: 0/0 concordant.
PAM,475,survived,up,3,0,0,Same-tissue replication: 3/3 concordant. Cross-tissue: 0/0 concordant.
SEC63,475,survived,up,3,0,0,Same-tissue replication: 3/3 concordant. Cross-tissue: 0/0 concordant.
TTC7B,475,survived,up,3,0,0,Same-tissue replication: 3/3 concordant. Cross-tissue: 0/0 concordant.
ACKR4,476,survived,down,3,0,0,Same-tissue replication: 3/3 concordant. Cross-tissue: 0/0 concordant.
BECN1,476,survived,down,3,0,0,Same-tissue replication: 3/3 concordant. Cross-tissue: 0/0 concordant.
CACNA2D4,476,survived,down,2,0,0,Same-tissue replication: 2/3 concordant. Cross-tissue: 0/0 concordant.
CARD16,476,survived,down,2,0,0,Same-tissue replication: 2/3 concordant. Cross-tissue: 0/0 concordant.
CD69,476,survived,down,2,0,0,Same-tissue replication: 2/3 concordant. Cross-tissue: 0/0 concordant.
CSF1,476,survived,down,3,0,0,Same-tissue replication: 3/3 concordant. Cross-tissue: 0/0 concordant.
ENPP4,476,survived,down,3,0,0,Same-tissue replication: 3/3 concordant. Cross-tissue: 0/0 concordant.
OASL,476,survived,down,3,0,0,Same-tissue replication: 3/3 concordant. Cross-tissue: 0/0 concordant.
TRIM58,476,survived,down,3,0,0,Same-tissue replication: 3/3 concordant. Cross-tissue: 0/0 concordant.
ZFP82,476,eliminated,down,1,1,0,Significant opposite direction in same-tissue dataset(s): ['GSE39582']. Discovery direction: down.
CCDC186,477,survived,down,3,0,0,Same-tissue replication: 3/3 concordant. Cross-tissue: 0/0 concordant.
EPM2A,477,survived,down,3,0,0,Same-tissue replication: 3/3 concordant. Cross-tissue: 0/0 concordant.
SPATA6,477,survived,down,2,0,0,Same-tissue replication: 2/3 concordant. Cross-tissue: 0/0 concordant.
UGCG,477,survived,down,3,0,0,Same-tissue replication: 3/3 concordant. Cross-tissue: 0/0 concordant.
ZFAND4,477,survived,down,2,0,0,Same-tissue replication: 2/3 concordant. Cross-tissue: 0/0 concordant.
FOXP4,480,survived,up,2,0,0,Same-tissue replication: 2/3 concordant. Cross-tissue: 0/0 concordant.
NBDY,480,survived,up,3,0,0,Same-tissue replication: 3/3 concordant. Cross-tissue: 0/0 concordant.
SLC9B2,480,survived,up,3,0,0,Same-tissue replication: 3/3 concordant. Cross-tissue: 0/0 concordant.
TEDC2,480,survived,up,3,0,0,Same-tissue replication: 3/3 concordant. Cross-tissue: 0/0 concordant.
ZCCHC7,480,survived,up,3,0,0,Same-tissue replication: 3/3 concordant. Cross-tissue: 0/0 concordant.
BIVM,481,survived,up,3,0,0,Same-tissue replication: 3/3 concordant. Cross-tissue: 0/0 concordant.
CTNNB1,481,eliminated,up,1,2,0,"Significant opposite direction in same-tissue dataset(s): ['GSE32323', 'GSE39582']. Discovery direction: up."
HGS,481,eliminated,up,1,1,0,Significant opposite direction in same-tissue dataset(s): ['GSE32323']. Discovery direction: up.
NBEAL1,481,survived,up,3,0,0,Same-tissue replication: 3/3 concordant. Cross-tissue: 0/0 concordant.
OTUD5,481,survived,up,2,0,0,Same-tissue replication: 2/3 concordant. Cross-tissue: 0/0 concordant.
PAPSS1,481,survived,up,3,0,0,Same-tissue replication: 3/3 concordant. Cross-tissue: 0/0 concordant.
POLR3D,481,survived,up,3,0,0,Same-tissue replication: 3/3 concordant. Cross-tissue: 0/0 concordant.
RABL6,481,eliminated,up,1,1,0,Significant opposite direction in same-tissue dataset(s): ['GSE32323']. Discovery direction: up.
RIOX2,481,survived,up,3,0,0,Same-tissue replication: 3/3 concordant. Cross-tissue: 0/0 concordant.
RNF41,481,survived,up,2,0,0,Same-tissue replication: 2/3 concordant. Cross-tissue: 0/0 concordant.
SF1,481,survived,up,2,0,0,Same-tissue replication: 2/3 concordant. Cross-tissue: 0/0 concordant.
SLC29A2,481,survived,up,3,0,0,Same-tissue replication: 3/3 concordant. Cross-tissue: 0/0 concordant.
SLC39A13,481,survived,up,3,0,0,Same-tissue replication: 3/3 concordant. Cross-tissue: 0/0 concordant.
TFR2,481,survived,up,3,0,0,Same-tissue replication: 3/3 concordant. Cross-tissue: 0/0 concordant.
VCP,481,survived,up,2,0,0,Same-tissue replication: 2/3 concordant. Cross-tissue: 0/0 concordant.
ZDHHC4,481,survived,up,3,0,0,Same-tissue replication: 3/3 concordant. Cross-tissue: 0/0 concordant.
ARRB1,482,survived,down,3,0,0,Same-tissue replication: 3/3 concordant. Cross-tissue: 0/0 concordant.
CD59,482,survived,down,2,0,0,Same-tissue replication: 2/3 concordant. Cross-tissue: 0/0 concordant.
DELE1,482,survived,down,3,0,0,Same-tissue replication: 3/3 concordant. Cross-tissue: 0/0 concordant.
DHRS7,482,survived,down,3,0,0,Same-tissue replication: 3/3 concordant. Cross-tissue: 0/0 concordant.
FECH,482,survived,down,3,0,0,Same-tissue replication: 3/3 concordant. Cross-tissue: 0/0 concordant.
HERPUD1,482,survived,down,3,0,0,Same-tissue replication: 3/3 concordant. Cross-tissue: 0/0 concordant.
KIFAP3,482,survived,down,3,0,0,Same-tissue replication: 3/3 concordant. Cross-tissue: 0/0 concordant.
NET1,482,survived,down,3,0,0,Same-tissue replication: 3/3 concordant. Cross-tissue: 0/0 concordant.
PACSIN2,482,survived,down,3,0,0,Same-tissue replication: 3/3 concordant. Cross-tissue: 0/0 concordant.
RALGAPA1,482,survived,down,3,0,0,Same-tissue replication: 3/3 concordant. Cross-tissue: 0/0 concordant.
SPOPL,482,survived,down,3,0,0,Same-tissue replication: 3/3 concordant. Cross-tissue: 0/0 concordant.
TMEM80,482,survived,down,2,0,0,Same-tissue replication: 2/3 concordant. Cross-tissue: 0/0 concordant.
EEF2KMT,483,survived,up,3,0,0,Same-tissue replication: 3/3 concordant. Cross-tissue: 0/0 concordant.
RALY,483,survived,up,2,0,0,Same-tissue replication: 2/3 concordant. Cross-tissue: 0/0 concordant.
SMG9,483,survived,up,3,0,0,Same-tissue replication: 3/3 concordant. Cross-tissue: 0/0 concordant.
FDPS,484,survived,up,2,0,0,Same-tissue replication: 2/3 concordant. Cross-tissue: 0/0 concordant.
INVS,484,survived,up,3,0,0,Same-tissue replication: 3/3 concordant. Cross-tissue: 0/0 concordant.
KNOP1,484,survived,up,3,0,0,Same-tissue replication: 3/3 concordant. Cross-tissue: 0/0 concordant.
LDB1,484,survived,up,3,0,0,Same-tissue replication: 3/3 concordant. Cross-tissue: 0/0 concordant.
MRPL55,484,survived,up,2,0,0,Same-tissue replication: 2/3 concordant. Cross-tissue: 0/0 concordant.
PDS5B,484,survived,up,3,0,0,Same-tissue replication: 3/3 concordant. Cross-tissue: 0/0 concordant.
RNF149,484,survived,up,3,0,0,Same-tissue replication: 3/3 concordant. Cross-tissue: 0/0 concordant.
RPS21,484,survived,up,3,0,0,Same-tissue replication: 3/3 concordant. Cross-tissue: 0/0 concordant.
SLC12A7,484,survived,up,2,0,0,Same-tissue replication: 2/3 concordant. Cross-tissue: 0/0 concordant.
STOML2,484,survived,up,3,0,0,Same-tissue replication: 3/3 concordant. Cross-tissue: 0/0 concordant.
ZFP30,484,survived,up,3,0,0,Same-tissue replication: 3/3 concordant. Cross-tissue: 0/0 concordant.
ZMYND8,484,survived,up,3,0,0,Same-tissue replication: 3/3 concordant. Cross-tissue: 0/0 concordant.
ZNF182,484,survived,up,3,0,0,Same-tissue replication: 3/3 concordant. Cross-tissue: 0/0 concordant.
FOSL1,485,survived,up,2,0,0,Same-tissue replication: 2/3 concordant. Cross-tissue: 0/0 concordant.
IL1B,485,survived,up,2,0,0,Same-tissue replication: 2/3 concordant. Cross-tissue: 0/0 concordant.
MAP3K20,485,survived,up,3,0,0,Same-tissue replication: 3/3 concordant. Cross-tissue: 0/0 concordant.
MEGF6,485,survived,up,3,0,0,Same-tissue replication: 3/3 concordant. Cross-tissue: 0/0 concordant.
SCRN1,485,survived,up,3,0,0,Same-tissue replication: 3/3 concordant. Cross-tissue: 0/0 concordant.
SLC6A14,485,survived,up,2,0,0,Same-tissue replication: 2/3 concordant. Cross-tissue: 0/0 concordant.
CAMK2N1,486,survived,down,3,0,0,Same-tissue replication: 3/3 concordant. Cross-tissue: 0/0 concordant.
CDC42SE2,486,survived,down,3,0,0,Same-tissue replication: 3/3 concordant. Cross-tissue: 0/0 concordant.
CPEB2,486,survived,down,3,0,0,Same-tissue replication: 3/3 concordant. Cross-tissue: 0/0 concordant.
CRYZL1,486,survived,down,3,0,0,Same-tissue replication: 3/3 concordant. Cross-tissue: 0/0 concordant.
LYSET,486,survived,down,2,0,0,Same-tissue replication: 2/3 concordant. Cross-tissue: 0/0 concordant.
MBNL3,486,survived,down,3,0,0,Same-tissue replication: 3/3 concordant. Cross-tissue: 0/0 concordant.
SECISBP2L,486,survived,down,3,0,0,Same-tissue replication: 3/3 concordant. Cross-tissue: 0/0 concordant.
SENP8,486,survived,down,3,0,0,Same-tissue replication: 3/3 concordant. Cross-tissue: 0/0 concordant.
SLC35A1,486,survived,down,3,0,0,Same-tissue replication: 3/3 concordant. Cross-tissue: 0/0 concordant.
TET2,486,survived,down,3,0,0,Same-tissue replication: 3/3 concordant. Cross-tissue: 0/0 concordant.
ZNF844,486,survived,down,3,0,0,Same-tissue replication: 3/3 concordant. Cross-tissue: 0/0 concordant.
CCDC57,487,survived,up,3,0,0,Same-tissue replication: 3/3 concordant. Cross-tissue: 0/0 concordant.
CNIH3,487,survived,up,3,0,0,Same-tissue replication: 3/3 concordant. Cross-tissue: 0/0 concordant.
EIF1B,487,survived,down,3,0,0,Same-tissue replication: 3/3 concordant. Cross-tissue: 0/0 concordant.
TUBA1A,487,survived,up,2,0,0,Same-tissue replication: 2/3 concordant. Cross-tissue: 0/0 concordant.
CEBPD,488,eliminated,up,2,1,0,Significant opposite direction in same-tissue dataset(s): ['GSE32323']. Discovery direction: up.
CSRNP1,488,eliminated,up,1,2,0,"Significant opposite direction in same-tissue dataset(s): ['GSE32323', 'GSE39582']. Discovery direction: up."
RGS1,488,survived,up,1,0,0,Same-tissue replication: 1/3 concordant. Cross-tissue: 0/0 concordant.
CYSLTR1,489,survived,down,3,0,0,Same-tissue replication: 3/3 concordant. Cross-tissue: 0/0 concordant.
GSTZ1,489,survived,down,3,0,0,Same-tissue replication: 3/3 concordant. Cross-tissue: 0/0 concordant.
ITGA8,489,survived,down,3,0,0,Same-tissue replication: 3/3 concordant. Cross-tissue: 0/0 concordant.
MAF,489,survived,down,3,0,0,Same-tissue replication: 3/3 concordant. Cross-tissue: 0/0 concordant.
NELL2,489,survived,down,2,0,0,Same-tissue replication: 2/3 concordant. Cross-tissue: 0/0 concordant.
TINCR,489,survived,down,3,0,0,Same-tissue replication: 3/3 concordant. Cross-tissue: 0/0 concordant.
VLDLR,489,survived,down,3,0,0,Same-tissue replication: 3/3 concordant. Cross-tissue: 0/0 concordant.
ZMYND12,489,survived,down,3,0,0,Same-tissue replication: 3/3 concordant. Cross-tissue: 0/0 concordant.
B3GALT4,490,survived,down,3,0,0,Same-tissue replication: 3/3 concordant. Cross-tissue: 0/0 concordant.
CBR4,490,survived,down,3,0,0,Same-tissue replication: 3/3 concordant. Cross-tissue: 0/0 concordant.
CLDN5,490,survived,down,3,0,0,Same-tissue replication: 3/3 concordant. Cross-tissue: 0/0 concordant.
DMAP1,490,survived,down,3,0,0,Same-tissue replication: 3/3 concordant. Cross-tissue: 0/0 concordant.
GYPC,490,survived,down,3,0,0,Same-tissue replication: 3/3 concordant. Cross-tissue: 0/0 concordant.
TNFRSF13B,490,survived,down,3,0,0,Same-tissue replication: 3/3 concordant. Cross-tissue: 0/0 concordant.
CXCR5,491,survived,down,3,0,0,Same-tissue replication: 3/3 concordant. Cross-tissue: 0/0 concordant.
KCNH5,491,survived,down,3,0,0,Same-tissue replication: 3/3 concordant. Cross-tissue: 0/0 concordant.
MICAL3,491,survived,down,3,0,0,Same-tissue replication: 3/3 concordant. Cross-tissue: 0/0 concordant.
AKIRIN1,492,survived,down,3,0,0,Same-tissue replication: 3/3 concordant. Cross-tissue: 0/0 concordant.
BTBD1,492,survived,down,3,0,0,Same-tissue replication: 3/3 concordant. Cross-tissue: 0/0 concordant.
CNPY4,492,survived,down,3,0,0,Same-tissue replication: 3/3 concordant. Cross-tissue: 0/0 concordant.
NT5C,492,survived,down,3,0,0,Same-tissue replication: 3/3 concordant. Cross-tissue: 0/0 concordant.
PPCS,492,survived,down,3,0,0,Same-tissue replication: 3/3 concordant. Cross-tissue: 0/0 concordant.
AGBL5,496,survived,up,3,0,0,Same-tissue replication: 3/3 concordant. Cross-tissue: 0/0 concordant.
KAZN,496,survived,up,2,0,0,Same-tissue replication: 2/3 concordant. Cross-tissue: 0/0 concordant.
NDC80,496,survived,up,3,0,0,Same-tissue replication: 3/3 concordant. Cross-tissue: 0/0 concordant.
AIG1,497,survived,up,3,0,0,Same-tissue replication: 3/3 concordant. Cross-tissue: 0/0 concordant.
APBB2,497,survived,up,3,0,0,Same-tissue replication: 3/3 concordant. Cross-tissue: 0/0 concordant.
HIBADH,497,survived,up,3,0,0,Same-tissue replication: 3/3 concordant. Cross-tissue: 0/0 concordant.
MED30,497,survived,up,3,0,0,Same-tissue replication: 3/3 concordant. Cross-tissue: 0/0 concordant.
METTL23,497,survived,up,3,0,0,Same-tissue replication: 3/3 concordant. Cross-tissue: 0/0 concordant.
ALDH1B1,498,survived,up,3,0,0,Same-tissue replication: 3/3 concordant. Cross-tissue: 0/0 concordant.
CCDC43,498,survived,up,3,0,0,Same-tissue replication: 3/3 concordant. Cross-tissue: 0/0 concordant.
CCDC71L,498,survived,up,3,0,0,Same-tissue replication: 3/3 concordant. Cross-tissue: 0/0 concordant.
CD44,498,survived,up,3,0,0,Same-tissue replication: 3/3 concordant. Cross-tissue: 0/0 concordant.
CHPF,498,survived,up,3,0,0,Same-tissue replication: 3/3 concordant. Cross-tissue: 0/0 concordant.
CLBA1,498,survived,up,3,0,0,Same-tissue replication: 3/3 concordant. Cross-tissue: 0/0 concordant.
DNAAF4,498,survived,up,3,0,0,Same-tissue replication: 3/3 concordant. Cross-tissue: 0/0 concordant.
FAM53C,498,survived,up,3,0,0,Same-tissue replication: 3/3 concordant. Cross-tissue: 0/0 concordant.
GPX8,498,survived,up,3,0,0,Same-tissue replication: 3/3 concordant. Cross-tissue: 0/0 concordant.
GTF2E2,498,survived,up,3,0,0,Same-tissue replication: 3/3 concordant. Cross-tissue: 0/0 concordant.
HACL1,498,survived,up,3,0,0,Same-tissue replication: 3/3 concordant. Cross-tissue: 0/0 concordant.
LARP4,498,survived,up,3,0,0,Same-tissue replication: 3/3 concordant. Cross-tissue: 0/0 concordant.
MCFD2,498,survived,up,3,0,0,Same-tissue replication: 3/3 concordant. Cross-tissue: 0/0 concordant.
MEX3D,498,survived,up,3,0,0,Same-tissue replication: 3/3 concordant. Cross-tissue: 0/0 concordant.
NOC2L,498,survived,up,3,0,0,Same-tissue replication: 3/3 concordant. Cross-tissue: 0/0 concordant.
TNFRSF1B,498,survived,up,3,0,0,Same-tissue replication: 3/3 concordant. Cross-tissue: 0/0 concordant.
TRMT11,498,survived,up,3,0,0,Same-tissue replication: 3/3 concordant. Cross-tissue: 0/0 concordant.
BANP,499,survived,up,3,0,0,Same-tissue replication: 3/3 concordant. Cross-tissue: 0/0 concordant.
C11orf58,499,survived,up,3,0,0,Same-tissue replication: 3/3 concordant. Cross-tissue: 0/0 concordant.
CYP2W1,499,survived,up,3,0,0,Same-tissue replication: 3/3 concordant. Cross-tissue: 0/0 concordant.
ENGASE,499,survived,up,3,0,0,Same-tissue replication: 3/3 concordant. Cross-tissue: 0/0 concordant.
SASS6,499,survived,up,3,0,0,Same-tissue replication: 3/3 concordant. Cross-tissue: 0/0 concordant.
UBL5,499,survived,up,3,0,0,Same-tissue replication: 3/3 concordant. Cross-tissue: 0/0 concordant.
AXIN1,500,survived,up,2,0,0,Same-tissue replication: 2/3 concordant. Cross-tissue: 0/0 concordant.
GLCE,500,survived,up,3,0,0,Same-tissue replication: 3/3 concordant. Cross-tissue: 0/0 concordant.
NBN,500,survived,up,3,0,0,Same-tissue replication: 3/3 concordant. Cross-tissue: 0/0 concordant.
POLR2G,500,survived,up,3,0,0,Same-tissue replication: 3/3 concordant. Cross-tissue: 0/0 concordant.
SFSWAP,500,survived,up,3,0,0,Same-tissue replication: 3/3 concordant. Cross-tissue: 0/0 concordant.
SNX20,500,survived,up,3,0,0,Same-tissue replication: 3/3 concordant. Cross-tissue: 0/0 concordant.
ZFP69B,500,survived,up,3,0,0,Same-tissue replication: 3/3 concordant. Cross-tissue: 0/0 concordant.
AEBP2,501,survived,up,3,0,0,Same-tissue replication: 3/3 concordant. Cross-tissue: 0/0 concordant.
CIAPIN1,501,survived,up,3,0,0,Same-tissue replication: 3/3 concordant. Cross-tissue: 0/0 concordant.
CLCN7,501,survived,up,3,0,0,Same-tissue replication: 3/3 concordant. Cross-tissue: 0/0 concordant.
DUSP7,501,survived,up,3,0,0,Same-tissue replication: 3/3 concordant. Cross-tissue: 0/0 concordant.
KDM1A,501,survived,up,3,0,0,Same-tissue replication: 3/3 concordant. Cross-tissue: 0/0 concordant.
NCOA5,501,survived,up,3,0,0,Same-tissue replication: 3/3 concordant. Cross-tissue: 0/0 concordant.
PMM2,501,survived,up,3,0,0,Same-tissue replication: 3/3 concordant. Cross-tissue: 0/0 concordant.
POLR2F,501,survived,up,3,0,0,Same-tissue replication: 3/3 concordant. Cross-tissue: 0/0 concordant.
RMI2,501,survived,up,3,0,0,Same-tissue replication: 3/3 concordant. Cross-tissue: 0/0 concordant.
TFB2M,501,survived,up,3,0,0,Same-tissue replication: 3/3 concordant. Cross-tissue: 0/0 concordant.
BRD9,502,survived,up,3,0,0,Same-tissue replication: 3/3 concordant. Cross-tissue: 0/0 concordant.
HNRNPC,502,survived,up,3,0,0,Same-tissue replication: 3/3 concordant. Cross-tissue: 0/0 concordant.
HSPA4,502,survived,up,3,0,0,Same-tissue replication: 3/3 concordant. Cross-tissue: 0/0 concordant.
PIP4K2B,502,survived,up,3,0,0,Same-tissue replication: 3/3 concordant. Cross-tissue: 0/0 concordant.
PSMB1,502,survived,up,3,0,0,Same-tissue replication: 3/3 concordant. Cross-tissue: 0/0 concordant.
ALCAM,503,survived,up,3,0,0,Same-tissue replication: 3/3 concordant. Cross-tissue: 0/0 concordant.
CCT8,503,survived,up,3,0,0,Same-tissue replication: 3/3 concordant. Cross-tissue: 0/0 concordant.
DAZAP1,503,survived,up,3,0,0,Same-tissue replication: 3/3 concordant. Cross-tissue: 0/0 concordant.
EIF3G,503,survived,up,3,0,0,Same-tissue replication: 3/3 concordant. Cross-tissue: 0/0 concordant.
FOXN2,503,survived,up,3,0,0,Same-tissue replication: 3/3 concordant. Cross-tissue: 0/0 concordant.
HCFC1,503,survived,up,3,0,0,Same-tissue replication: 3/3 concordant. Cross-tissue: 0/0 concordant.
KNSTRN,503,survived,up,3,0,0,Same-tissue replication: 3/3 concordant. Cross-tissue: 0/0 concordant.
LPAR2,503,survived,up,2,0,0,Same-tissue replication: 2/3 concordant. Cross-tissue: 0/0 concordant.
LSM7,503,survived,up,3,0,0,Same-tissue replication: 3/3 concordant. Cross-tissue: 0/0 concordant.
NME4,503,survived,up,3,0,0,Same-tissue replication: 3/3 concordant. Cross-tissue: 0/0 concordant.
NPM1,503,survived,up,3,0,0,Same-tissue replication: 3/3 concordant. Cross-tissue: 0/0 concordant.
PDCD11,503,survived,up,3,0,0,Same-tissue replication: 3/3 concordant. Cross-tissue: 0/0 concordant.
PLAA,503,survived,up,3,0,0,Same-tissue replication: 3/3 concordant. Cross-tissue: 0/0 concordant.
PLK4,503,survived,up,3,0,0,Same-tissue replication: 3/3 concordant. Cross-tissue: 0/0 concordant.
PPP1R3D,503,survived,up,3,0,0,Same-tissue replication: 3/3 concordant. Cross-tissue: 0/0 concordant.
RAB29,503,survived,up,3,0,0,Same-tissue replication: 3/3 concordant. Cross-tissue: 0/0 concordant.
RBMX2,503,survived,up,3,0,0,Same-tissue replication: 3/3 concordant. Cross-tissue: 0/0 concordant.
RPP25,503,survived,up,3,0,0,Same-tissue replication: 3/3 concordant. Cross-tissue: 0/0 concordant.
SEC61A1,503,survived,up,2,0,0,Same-tissue replication: 2/3 concordant. Cross-tissue: 0/0 concordant.
SFR1,503,survived,up,3,0,0,Same-tissue replication: 3/3 concordant. Cross-tissue: 0/0 concordant.
SKA2,503,survived,up,3,0,0,Same-tissue replication: 3/3 concordant. Cross-tissue: 0/0 concordant.
SNRPD1,503,survived,up,3,0,0,Same-tissue replication: 3/3 concordant. Cross-tissue: 0/0 concordant.
TIMM23B,503,survived,up,3,0,0,Same-tissue replication: 3/3 concordant. Cross-tissue: 0/0 concordant.
TRPM2,503,survived,up,3,0,0,Same-tissue replication: 3/3 concordant. Cross-tissue: 0/0 concordant.
TUBB,503,survived,up,3,0,0,Same-tissue replication: 3/3 concordant. Cross-tissue: 0/0 concordant.
ZNF337,503,survived,up,3,0,0,Same-tissue replication: 3/3 concordant. Cross-tissue: 0/0 concordant.
ZYX,503,survived,up,2,0,0,Same-tissue replication: 2/3 concordant. Cross-tissue: 0/0 concordant.
ACOX3,504,survived,down,3,0,0,Same-tissue replication: 3/3 concordant. Cross-tissue: 0/0 concordant.
ADH5,504,survived,down,3,0,0,Same-tissue replication: 3/3 concordant. Cross-tissue: 0/0 concordant.
CLK3,504,survived,down,3,0,0,Same-tissue replication: 3/3 concordant. Cross-tissue: 0/0 concordant.
DLG1,504,survived,down,3,0,0,Same-tissue replication: 3/3 concordant. Cross-tissue: 0/0 concordant.
ITGA1,504,eliminated,down,1,2,0,"Significant opposite direction in same-tissue dataset(s): ['GSE37364', 'GSE39582']. Discovery direction: down."
LEPROTL1,504,survived,down,2,0,0,Same-tissue replication: 2/3 concordant. Cross-tissue: 0/0 concordant.
LIX1L,504,survived,down,1,0,0,Same-tissue replication: 1/3 concordant. Cross-tissue: 0/0 concordant.
NR2C2,504,survived,down,3,0,0,Same-tissue replication: 3/3 concordant. Cross-tissue: 0/0 concordant.
PRDM1,504,survived,down,2,0,0,Same-tissue replication: 2/3 concordant. Cross-tissue: 0/0 concordant.
RBM4,504,survived,down,3,0,0,Same-tissue replication: 3/3 concordant. Cross-tissue: 0/0 concordant.
SLC25A12,504,survived,down,3,0,0,Same-tissue replication: 3/3 concordant. Cross-tissue: 0/0 concordant.
SYNRG,504,survived,down,3,0,0,Same-tissue replication: 3/3 concordant. Cross-tissue: 0/0 concordant.
CTSW,505,survived,down,3,0,0,Same-tissue replication: 3/3 concordant. Cross-tissue: 0/0 concordant.
DACT3,505,survived,down,2,0,0,Same-tissue replication: 2/3 concordant. Cross-tissue: 0/0 concordant.
FIGN,505,survived,down,3,0,0,Same-tissue replication: 3/3 concordant. Cross-tissue: 0/0 concordant.
HMCN2,505,survived,down,3,0,0,Same-tissue replication: 3/3 concordant. Cross-tissue: 0/0 concordant.
KLKB1,505,survived,down,3,0,0,Same-tissue replication: 3/3 concordant. Cross-tissue: 0/0 concordant.
MAST3,505,survived,down,3,0,0,Same-tissue replication: 3/3 concordant. Cross-tissue: 0/0 concordant.
PNPLA7,505,survived,down,3,0,0,Same-tissue replication: 3/3 concordant. Cross-tissue: 0/0 concordant.
ST3GAL4,505,survived,down,2,0,0,Same-tissue replication: 2/3 concordant. Cross-tissue: 0/0 concordant.
AKAP13,506,survived,down,3,0,0,Same-tissue replication: 3/3 concordant. Cross-tissue: 0/0 concordant.
CD33,506,survived,down,3,0,0,Same-tissue replication: 3/3 concordant. Cross-tissue: 0/0 concordant.
CHST9,506,survived,down,3,0,0,Same-tissue replication: 3/3 concordant. Cross-tissue: 0/0 concordant.
MCC,506,survived,down,3,0,0,Same-tissue replication: 3/3 concordant. Cross-tissue: 0/0 concordant.
NKG7,506,survived,down,3,0,0,Same-tissue replication: 3/3 concordant. Cross-tissue: 0/0 concordant.
OR2F1,506,survived,down,3,0,0,Same-tissue replication: 3/3 concordant. Cross-tissue: 0/0 concordant.
RBP5,506,survived,down,3,0,0,Same-tissue replication: 3/3 concordant. Cross-tissue: 0/0 concordant.
RHOH,506,survived,down,2,0,0,Same-tissue replication: 2/3 concordant. Cross-tissue: 0/0 concordant.
SFTPA2,506,survived,down,3,0,0,Same-tissue replication: 3/3 concordant. Cross-tissue: 0/0 concordant.
SMAD9,506,survived,down,2,0,0,Same-tissue replication: 2/3 concordant. Cross-tissue: 0/0 concordant.
TIMD4,506,survived,down,3,0,0,Same-tissue replication: 3/3 concordant. Cross-tissue: 0/0 concordant.
TSPYL5,506,survived,down,1,0,0,Same-tissue replication: 1/3 concordant. Cross-tissue: 0/0 concordant.
C1orf35,507,survived,up,3,0,0,Same-tissue replication: 3/3 concordant. Cross-tissue: 0/0 concordant.
MVK,507,eliminated,up,2,1,0,Significant opposite direction in same-tissue dataset(s): ['GSE39582']. Discovery direction: up.
VOPP1,507,survived,up,3,0,0,Same-tissue replication: 3/3 concordant. Cross-tissue: 0/0 concordant.
CYB561,508,survived,up,3,0,0,Same-tissue replication: 3/3 concordant. Cross-tissue: 0/0 concordant.
EMC10,508,eliminated,up,2,1,0,Significant opposite direction in same-tissue dataset(s): ['GSE32323']. Discovery direction: up.
HNRNPK,508,survived,up,2,0,0,Same-tissue replication: 2/3 concordant. Cross-tissue: 0/0 concordant.
ABHD17C,509,survived,down,3,0,0,Same-tissue replication: 3/3 concordant. Cross-tissue: 0/0 concordant.
CMAS,509,survived,down,3,0,0,Same-tissue replication: 3/3 concordant. Cross-tissue: 0/0 concordant.
HNF4G,509,survived,down,3,0,0,Same-tissue replication: 3/3 concordant. Cross-tissue: 0/0 concordant.
PALS1,509,survived,down,3,0,0,Same-tissue replication: 3/3 concordant. Cross-tissue: 0/0 concordant.
USP30,509,survived,down,3,0,0,Same-tissue replication: 3/3 concordant. Cross-tissue: 0/0 concordant.
C15orf40,510,survived,down,2,0,0,Same-tissue replication: 2/3 concordant. Cross-tissue: 0/0 concordant.
HIGD2A,510,survived,down,3,0,0,Same-tissue replication: 3/3 concordant. Cross-tissue: 0/0 concordant.
KLHDC2,510,survived,down,2,0,0,Same-tissue replication: 2/3 concordant. Cross-tissue: 0/0 concordant.
MAT2B,510,survived,down,3,0,0,Same-tissue replication: 3/3 concordant. Cross-tissue: 0/0 concordant.
ABHD5,511,survived,down,3,0,0,Same-tissue replication: 3/3 concordant. Cross-tissue: 0/0 concordant.
ACOX1,511,survived,down,3,0,0,Same-tissue replication: 3/3 concordant. Cross-tissue: 0/0 concordant.
GNA11,511,survived,down,3,0,0,Same-tissue replication: 3/3 concordant. Cross-tissue: 0/0 concordant.
HADH,511,survived,down,3,0,0,Same-tissue replication: 3/3 concordant. Cross-tissue: 0/0 concordant.
PTP4A1,511,survived,down,3,0,0,Same-tissue replication: 3/3 concordant. Cross-tissue: 0/0 concordant.
PYROXD2,511,survived,down,2,0,0,Same-tissue replication: 2/3 concordant. Cross-tissue: 0/0 concordant.
SHD,511,survived,down,3,0,0,Same-tissue replication: 3/3 concordant. Cross-tissue: 0/0 concordant.
SLC22A4,511,survived,down,3,0,0,Same-tissue replication: 3/3 concordant. Cross-tissue: 0/0 concordant.
TAGLN3,511,survived,down,3,0,0,Same-tissue replication: 3/3 concordant. Cross-tissue: 0/0 concordant.
B2M,512,survived,down,3,0,0,Same-tissue replication: 3/3 concordant. Cross-tissue: 0/0 concordant.
CNOT8,512,eliminated,down,2,1,0,Significant opposite direction in same-tissue dataset(s): ['GSE32323']. Discovery direction: down.
FKBP2,512,survived,down,3,0,0,Same-tissue replication: 3/3 concordant. Cross-tissue: 0/0 concordant.
MYL6,512,survived,down,3,0,0,Same-tissue replication: 3/3 concordant. Cross-tissue: 0/0 concordant.
SRSF5,512,survived,down,3,0,0,Same-tissue replication: 3/3 concordant. Cross-tissue: 0/0 concordant.
TAGAP,512,survived,down,2,0,0,Same-tissue replication: 2/3 concordant. Cross-tissue: 0/0 concordant.
TBC1D12,512,survived,down,3,0,0,Same-tissue replication: 3/3 concordant. Cross-tissue: 0/0 concordant.
TTC23,512,survived,down,3,0,0,Same-tissue replication: 3/3 concordant. Cross-tissue: 0/0 concordant.
WBP1L,512,survived,down,3,0,0,Same-tissue replication: 3/3 concordant. Cross-tissue: 0/0 concordant.
ADIRF,514,survived,down,2,0,0,Same-tissue replication: 2/3 concordant. Cross-tissue: 0/0 concordant.
CCR10,514,survived,down,3,0,0,Same-tissue replication: 3/3 concordant. Cross-tissue: 0/0 concordant.
CYLD,514,survived,down,3,0,0,Same-tissue replication: 3/3 concordant. Cross-tissue: 0/0 concordant.
GAL3ST1,514,survived,down,3,0,0,Same-tissue replication: 3/3 concordant. Cross-tissue: 0/0 concordant.
PDE1A,514,survived,down,3,0,0,Same-tissue replication: 3/3 concordant. Cross-tissue: 0/0 concordant.
ANG,515,survived,down,3,0,0,Same-tissue replication: 3/3 concordant. Cross-tissue: 0/0 concordant.
APOL6,515,survived,down,3,0,0,Same-tissue replication: 3/3 concordant. Cross-tissue: 0/0 concordant.
ASB8,515,survived,down,3,0,0,Same-tissue replication: 3/3 concordant. Cross-tissue: 0/0 concordant.
EIF3K,515,survived,down,2,0,0,Same-tissue replication: 2/3 concordant. Cross-tissue: 0/0 concordant.
INAFM2,515,survived,down,3,0,0,Same-tissue replication: 3/3 concordant. Cross-tissue: 0/0 concordant.
MFNG,515,survived,down,2,0,0,Same-tissue replication: 2/3 concordant. Cross-tissue: 0/0 concordant.
MYL5,515,survived,down,3,0,0,Same-tissue replication: 3/3 concordant. Cross-tissue: 0/0 concordant.
PAPLN,515,survived,down,2,0,0,Same-tissue replication: 2/3 concordant. Cross-tissue: 0/0 concordant.
RPS6KA1,515,survived,down,3,0,0,Same-tissue replication: 3/3 concordant. Cross-tissue: 0/0 concordant.
STARD10,515,survived,down,3,0,0,Same-tissue replication: 3/3 concordant. Cross-tissue: 0/0 concordant.
TIGD7,515,survived,down,3,0,0,Same-tissue replication: 3/3 concordant. Cross-tissue: 0/0 concordant.
EPM2AIP1,516,survived,down,3,0,0,Same-tissue replication: 3/3 concordant. Cross-tissue: 0/0 concordant.
ITGA4,516,survived,down,3,0,0,Same-tissue replication: 3/3 concordant. Cross-tissue: 0/0 concordant.
NPHP3,516,survived,down,3,0,0,Same-tissue replication: 3/3 concordant. Cross-tissue: 0/0 concordant.
OSBPL7,516,survived,down,3,0,0,Same-tissue replication: 3/3 concordant. Cross-tissue: 0/0 concordant.
PTPRCAP,516,survived,down,3,0,0,Same-tissue replication: 3/3 concordant. Cross-tissue: 0/0 concordant.
SKAP2,516,survived,down,3,0,0,Same-tissue replication: 3/3 concordant. Cross-tissue: 0/0 concordant.
ANO7,517,survived,down,3,0,0,Same-tissue replication: 3/3 concordant. Cross-tissue: 0/0 concordant.
CD14,517,survived,down,2,0,0,Same-tissue replication: 2/3 concordant. Cross-tissue: 0/0 concordant.
CD79B,517,survived,down,3,0,0,Same-tissue replication: 3/3 concordant. Cross-tissue: 0/0 concordant.
CRTAM,517,survived,down,3,0,0,Same-tissue replication: 3/3 concordant. Cross-tissue: 0/0 concordant.
EFNA5,517,survived,down,3,0,0,Same-tissue replication: 3/3 concordant. Cross-tissue: 0/0 concordant.
H2BC5,517,survived,down,3,0,0,Same-tissue replication: 3/3 concordant. Cross-tissue: 0/0 concordant.
MCOLN2,517,survived,down,3,0,0,Same-tissue replication: 3/3 concordant. Cross-tissue: 0/0 concordant.
PDCD4,517,survived,down,3,0,0,Same-tissue replication: 3/3 concordant. Cross-tissue: 0/0 concordant.
PDK2,517,survived,down,3,0,0,Same-tissue replication: 3/3 concordant. Cross-tissue: 0/0 concordant.
PLXDC2,517,survived,down,3,0,0,Same-tissue replication: 3/3 concordant. Cross-tissue: 0/0 concordant.
SEMA4G,517,survived,down,3,0,0,Same-tissue replication: 3/3 concordant. Cross-tissue: 0/0 concordant.
ACAP2,518,survived,down,3,0,0,Same-tissue replication: 3/3 concordant. Cross-tissue: 0/0 concordant.
APLP2,518,survived,down,3,0,0,Same-tissue replication: 3/3 concordant. Cross-tissue: 0/0 concordant.
ARHGAP20,518,survived,down,3,0,0,Same-tissue replication: 3/3 concordant. Cross-tissue: 0/0 concordant.
B4GALT4,518,survived,down,3,0,0,Same-tissue replication: 3/3 concordant. Cross-tissue: 0/0 concordant.
BCL10,518,survived,down,3,0,0,Same-tissue replication: 3/3 concordant. Cross-tissue: 0/0 concordant.
BIRC2,518,survived,down,3,0,0,Same-tissue replication: 3/3 concordant. Cross-tissue: 0/0 concordant.
C8orf88,518,survived,down,2,0,0,Same-tissue replication: 2/3 concordant. Cross-tissue: 0/0 concordant.
CAB39,518,survived,down,3,0,0,Same-tissue replication: 3/3 concordant. Cross-tissue: 0/0 concordant.
CHMP2B,518,survived,down,3,0,0,Same-tissue replication: 3/3 concordant. Cross-tissue: 0/0 concordant.
CIRBP,518,survived,down,3,0,0,Same-tissue replication: 3/3 concordant. Cross-tissue: 0/0 concordant.
EMC3,518,survived,down,3,0,0,Same-tissue replication: 3/3 concordant. Cross-tissue: 0/0 concordant.
FBXL5,518,survived,down,3,0,0,Same-tissue replication: 3/3 concordant. Cross-tissue: 0/0 concordant.
FOXO1,518,survived,down,3,0,0,Same-tissue replication: 3/3 concordant. Cross-tissue: 0/0 concordant.
GNA13,518,survived,down,3,0,0,Same-tissue replication: 3/3 concordant. Cross-tissue: 0/0 concordant.
HEPH,518,survived,down,3,0,0,Same-tissue replication: 3/3 concordant. Cross-tissue: 0/0 concordant.
INO80C,518,survived,down,3,0,0,Same-tissue replication: 3/3 concordant. Cross-tissue: 0/0 concordant.
KLF6,518,survived,down,3,0,0,Same-tissue replication: 3/3 concordant. Cross-tissue: 0/0 concordant.
MAN2A1,518,survived,down,3,0,0,Same-tissue replication: 3/3 concordant. Cross-tissue: 0/0 concordant.
MMUT,518,survived,down,3,0,0,Same-tissue replication: 3/3 concordant. Cross-tissue: 0/0 concordant.
MYZAP,518,survived,down,3,0,0,Same-tissue replication: 3/3 concordant. Cross-tissue: 0/0 concordant.
NBPF1,518,survived,down,3,0,0,Same-tissue replication: 3/3 concordant. Cross-tissue: 0/0 concordant.
PDGFRA,518,survived,down,3,0,0,Same-tissue replication: 3/3 concordant. Cross-tissue: 0/0 concordant.
PHYH,518,survived,down,3,0,0,Same-tissue replication: 3/3 concordant. Cross-tissue: 0/0 concordant.
PPP3CB,518,survived,down,3,0,0,Same-tissue replication: 3/3 concordant. Cross-tissue: 0/0 concordant.
SGMS2,518,survived,down,3,0,0,Same-tissue replication: 3/3 concordant. Cross-tissue: 0/0 concordant.
SMAD2,518,survived,down,3,0,0,Same-tissue replication: 3/3 concordant. Cross-tissue: 0/0 concordant.
SNRK,518,survived,down,3,0,0,Same-tissue replication: 3/3 concordant. Cross-tissue: 0/0 concordant.
ZNF677,518,survived,down,3,0,0,Same-tissue replication: 3/3 concordant. Cross-tissue: 0/0 concordant.
ZNF729,518,survived,down,3,0,0,Same-tissue replication: 3/3 concordant. Cross-tissue: 0/0 concordant.
CLINT1,519,survived,down,3,0,0,Same-tissue replication: 3/3 concordant. Cross-tissue: 0/0 concordant.
GABARAP,519,survived,down,3,0,0,Same-tissue replication: 3/3 concordant. Cross-tissue: 0/0 concordant.
LAMTOR3,519,survived,down,3,0,0,Same-tissue replication: 3/3 concordant. Cross-tissue: 0/0 concordant.
NEK7,519,survived,down,3,0,0,Same-tissue replication: 3/3 concordant. Cross-tissue: 0/0 concordant.
NR4A3,519,eliminated,down,1,1,0,Significant opposite direction in same-tissue dataset(s): ['GSE37364']. Discovery direction: down.
PIK3C3,519,survived,down,3,0,0,Same-tissue replication: 3/3 concordant. Cross-tissue: 0/0 concordant.
RTN4,519,survived,down,3,0,0,Same-tissue replication: 3/3 concordant. Cross-tissue: 0/0 concordant.
SAR1B,519,survived,down,3,0,0,Same-tissue replication: 3/3 concordant. Cross-tissue: 0/0 concordant.
TAB2,519,survived,down,3,0,0,Same-tissue replication: 3/3 concordant. Cross-tissue: 0/0 concordant.
ACLY,520,survived,up,3,0,0,Same-tissue replication: 3/3 concordant. Cross-tissue: 0/0 concordant.
CETN2,520,survived,up,3,0,0,Same-tissue replication: 3/3 concordant. Cross-tissue: 0/0 concordant.
CNN2,520,survived,up,3,0,0,Same-tissue replication: 3/3 concordant. Cross-tissue: 0/0 concordant.
EXOSC8,520,survived,up,3,0,0,Same-tissue replication: 3/3 concordant. Cross-tissue: 0/0 concordant.
FAM217B,520,survived,up,3,0,0,Same-tissue replication: 3/3 concordant. Cross-tissue: 0/0 concordant.
MEST,520,survived,up,3,0,0,Same-tissue replication: 3/3 concordant. Cross-tissue: 0/0 concordant.
OBI1,520,survived,up,3,0,0,Same-tissue replication: 3/3 concordant. Cross-tissue: 0/0 concordant.
POLB,520,survived,up,3,0,0,Same-tissue replication: 3/3 concordant. Cross-tissue: 0/0 concordant.
POLR1D,520,survived,up,3,0,0,Same-tissue replication: 3/3 concordant. Cross-tissue: 0/0 concordant.
PRPF4,520,survived,up,3,0,0,Same-tissue replication: 3/3 concordant. Cross-tissue: 0/0 concordant.
PSMG1,520,survived,up,3,0,0,Same-tissue replication: 3/3 concordant. Cross-tissue: 0/0 concordant.
PSRC1,520,survived,up,3,0,0,Same-tissue replication: 3/3 concordant. Cross-tissue: 0/0 concordant.
RHEB,520,survived,up,3,0,0,Same-tissue replication: 3/3 concordant. Cross-tissue: 0/0 concordant.
SPRY4,520,survived,up,3,0,0,Same-tissue replication: 3/3 concordant. Cross-tissue: 0/0 concordant.
ZNF121,520,survived,up,3,0,0,Same-tissue replication: 3/3 concordant. Cross-tissue: 0/0 concordant.
F12,521,survived,up,3,0,0,Same-tissue replication: 3/3 concordant. Cross-tissue: 0/0 concordant.
H2AC25,521,survived,up,3,0,0,Same-tissue replication: 3/3 concordant. Cross-tissue: 0/0 concordant.
INTS13,521,survived,up,3,0,0,Same-tissue replication: 3/3 concordant. Cross-tissue: 0/0 concordant.
NAA10,521,survived,up,3,0,0,Same-tissue replication: 3/3 concordant. Cross-tissue: 0/0 concordant.
SLC52A2,521,survived,up,3,0,0,Same-tissue replication: 3/3 concordant. Cross-tissue: 0/0 concordant.
SMARCC1,521,survived,up,3,0,0,Same-tissue replication: 3/3 concordant. Cross-tissue: 0/0 concordant.
TFDP1,521,survived,up,3,0,0,Same-tissue replication: 3/3 concordant. Cross-tissue: 0/0 concordant.
ACO2,522,survived,down,3,0,0,Same-tissue replication: 3/3 concordant. Cross-tissue: 0/0 concordant.
ARHGAP42,522,survived,down,3,0,0,Same-tissue replication: 3/3 concordant. Cross-tissue: 0/0 concordant.
CAMK2D,522,survived,down,3,0,0,Same-tissue replication: 3/3 concordant. Cross-tissue: 0/0 concordant.
CLYBL,522,survived,down,3,0,0,Same-tissue replication: 3/3 concordant. Cross-tissue: 0/0 concordant.
GAB1,522,survived,down,3,0,0,Same-tissue replication: 3/3 concordant. Cross-tissue: 0/0 concordant.
GOT1,522,survived,down,3,0,0,Same-tissue replication: 3/3 concordant. Cross-tissue: 0/0 concordant.
INTS6L,522,survived,down,3,0,0,Same-tissue replication: 3/3 concordant. Cross-tissue: 0/0 concordant.
LIPH,522,survived,down,3,0,0,Same-tissue replication: 3/3 concordant. Cross-tissue: 0/0 concordant.
SCAPER,522,survived,down,3,0,0,Same-tissue replication: 3/3 concordant. Cross-tissue: 0/0 concordant.
SHROOM3,522,survived,down,3,0,0,Same-tissue replication: 3/3 concordant. Cross-tissue: 0/0 concordant.
SMAD4,522,survived,down,3,0,0,Same-tissue replication: 3/3 concordant. Cross-tissue: 0/0 concordant.
TP53INP1,522,survived,down,3,0,0,Same-tissue replication: 3/3 concordant. Cross-tissue: 0/0 concordant.
ATP2B1,523,survived,down,3,0,0,Same-tissue replication: 3/3 concordant. Cross-tissue: 0/0 concordant.
CYSTM1,523,survived,down,3,0,0,Same-tissue replication: 3/3 concordant. Cross-tissue: 0/0 concordant.
GSKIP,523,survived,down,3,0,0,Same-tissue replication: 3/3 concordant. Cross-tissue: 0/0 concordant.
MAN1A1,523,survived,down,3,0,0,Same-tissue replication: 3/3 concordant. Cross-tissue: 0/0 concordant.
PANK3,523,survived,down,3,0,0,Same-tissue replication: 3/3 concordant. Cross-tissue: 0/0 concordant.
TLE4,523,survived,down,3,0,0,Same-tissue replication: 3/3 concordant. Cross-tissue: 0/0 concordant.
ANKMY2,524,survived,down,3,0,0,Same-tissue replication: 3/3 concordant. Cross-tissue: 0/0 concordant.
RAB18,524,survived,down,3,0,0,Same-tissue replication: 3/3 concordant. Cross-tissue: 0/0 concordant.
TBC1D10A,524,survived,down,3,0,0,Same-tissue replication: 3/3 concordant. Cross-tissue: 0/0 concordant.
UQCRFS1,524,survived,down,3,0,0,Same-tissue replication: 3/3 concordant. Cross-tissue: 0/0 concordant.
ZNRF2,524,survived,down,3,0,0,Same-tissue replication: 3/3 concordant. Cross-tissue: 0/0 concordant.
CXCR2,525,survived,up,3,0,0,Same-tissue replication: 3/3 concordant. Cross-tissue: 0/0 concordant.
FNDC1,525,survived,up,3,0,0,Same-tissue replication: 3/3 concordant. Cross-tissue: 0/0 concordant.
PFKFB3,525,survived,up,3,0,0,Same-tissue replication: 3/3 concordant. Cross-tissue: 0/0 concordant.
SNX10,525,survived,up,3,0,0,Same-tissue replication: 3/3 concordant. Cross-tissue: 0/0 concordant.
XKRX,525,survived,up,3,0,0,Same-tissue replication: 3/3 concordant. Cross-tissue: 0/0 concordant.
EFCAB11,526,survived,up,3,0,0,Same-tissue replication: 3/3 concordant. Cross-tissue: 0/0 concordant.
FANCB,526,survived,up,3,0,0,Same-tissue replication: 3/3 concordant. Cross-tissue: 0/0 concordant.
MAGED1,526,survived,up,2,0,0,Same-tissue replication: 2/3 concordant. Cross-tissue: 0/0 concordant.
SETSIP,526,survived,up,3,0,0,Same-tissue replication: 3/3 concordant. Cross-tissue: 0/0 concordant.
TMEM43,526,survived,up,3,0,0,Same-tissue replication: 3/3 concordant. Cross-tissue: 0/0 concordant.
ZDHHC1,526,survived,up,3,0,0,Same-tissue replication: 3/3 concordant. Cross-tissue: 0/0 concordant.
ELAC2,527,survived,up,3,0,0,Same-tissue replication: 3/3 concordant. Cross-tissue: 0/0 concordant.
GCAT,527,survived,up,3,0,0,Same-tissue replication: 3/3 concordant. Cross-tissue: 0/0 concordant.
PSMD5,527,survived,up,3,0,0,Same-tissue replication: 3/3 concordant. Cross-tissue: 0/0 concordant.
TMC6,527,survived,up,2,0,0,Same-tissue replication: 2/3 concordant. Cross-tissue: 0/0 concordant.
ZNF614,527,survived,up,3,0,0,Same-tissue replication: 3/3 concordant. Cross-tissue: 0/0 concordant.
ASCC1,528,survived,up,3,0,0,Same-tissue replication: 3/3 concordant. Cross-tissue: 0/0 concordant.
CTNNAL1,528,survived,up,3,0,0,Same-tissue replication: 3/3 concordant. Cross-tissue: 0/0 concordant.
FNBP4,528,survived,up,3,0,0,Same-tissue replication: 3/3 concordant. Cross-tissue: 0/0 concordant.
GGCX,528,survived,up,3,0,0,Same-tissue replication: 3/3 concordant. Cross-tissue: 0/0 concordant.
INPP5E,528,survived,up,3,0,0,Same-tissue replication: 3/3 concordant. Cross-tissue: 0/0 concordant.
KCNH8,528,survived,up,3,0,0,Same-tissue replication: 3/3 concordant. Cross-tissue: 0/0 concordant.
MAP4K4,528,survived,up,2,0,0,Same-tissue replication: 2/3 concordant. Cross-tissue: 0/0 concordant.
MRPL19,528,survived,up,3,0,0,Same-tissue replication: 3/3 concordant. Cross-tissue: 0/0 concordant.
RB1,528,survived,up,3,0,0,Same-tissue replication: 3/3 concordant. Cross-tissue: 0/0 concordant.
RNF44,528,survived,up,2,0,0,Same-tissue replication: 2/3 concordant. Cross-tissue: 0/0 concordant.
SH3RF3,528,survived,up,3,0,0,Same-tissue replication: 3/3 concordant. Cross-tissue: 0/0 concordant.
TFPT,528,survived,up,2,0,0,Same-tissue replication: 2/3 concordant. Cross-tissue: 0/0 concordant.
UFM1,528,survived,up,3,0,0,Same-tissue replication: 3/3 concordant. Cross-tissue: 0/0 concordant.
AQP1,530,survived,down,3,0,0,Same-tissue replication: 3/3 concordant. Cross-tissue: 0/0 concordant.
BCKDHB,530,survived,down,2,0,0,Same-tissue replication: 2/3 concordant. Cross-tissue: 0/0 concordant.
BIN2,530,survived,down,3,0,0,Same-tissue replication: 3/3 concordant. Cross-tissue: 0/0 concordant.
CHRNA3,530,survived,down,3,0,0,Same-tissue replication: 3/3 concordant. Cross-tissue: 0/0 concordant.
CRACR2A,530,survived,down,3,0,0,Same-tissue replication: 3/3 concordant. Cross-tissue: 0/0 concordant.
FSIP2,530,survived,down,3,0,0,Same-tissue replication: 3/3 concordant. Cross-tissue: 0/0 concordant.
JOSD1,530,survived,down,3,0,0,Same-tissue replication: 3/3 concordant. Cross-tissue: 0/0 concordant.
LRRFIP2,530,survived,down,3,0,0,Same-tissue replication: 3/3 concordant. Cross-tissue: 0/0 concordant.
LY86,530,survived,down,3,0,0,Same-tissue replication: 3/3 concordant. Cross-tissue: 0/0 concordant.
MIDEAS,530,survived,down,3,0,0,Same-tissue replication: 3/3 concordant. Cross-tissue: 0/0 concordant.
NDN,530,survived,down,3,0,0,Same-tissue replication: 3/3 concordant. Cross-tissue: 0/0 concordant.
POU2AF3,530,survived,down,2,0,0,Same-tissue replication: 2/3 concordant. Cross-tissue: 0/0 concordant.
PPARD,530,survived,down,3,0,0,Same-tissue replication: 3/3 concordant. Cross-tissue: 0/0 concordant.
PTGS1,530,survived,down,3,0,0,Same-tissue replication: 3/3 concordant. Cross-tissue: 0/0 concordant.
RCAN1,530,survived,down,3,0,0,Same-tissue replication: 3/3 concordant. Cross-tissue: 0/0 concordant.
STOX2,530,survived,down,2,0,0,Same-tissue replication: 2/3 concordant. Cross-tissue: 0/0 concordant.
TTLL7,530,survived,down,3,0,0,Same-tissue replication: 3/3 concordant. Cross-tissue: 0/0 concordant.
BMP3,531,survived,down,3,0,0,Same-tissue replication: 3/3 concordant. Cross-tissue: 0/0 concordant.
C7,531,survived,down,3,0,0,Same-tissue replication: 3/3 concordant. Cross-tissue: 0/0 concordant.
CLECL1,531,survived,down,3,0,0,Same-tissue replication: 3/3 concordant. Cross-tissue: 0/0 concordant.
GULP1,531,survived,down,3,0,0,Same-tissue replication: 3/3 concordant. Cross-tissue: 0/0 concordant.
IGLL1,531,survived,down,2,0,0,Same-tissue replication: 2/3 concordant. Cross-tissue: 0/0 concordant.
LMO3,531,survived,down,3,0,0,Same-tissue replication: 3/3 concordant. Cross-tissue: 0/0 concordant.
MS4A1,531,survived,down,3,0,0,Same-tissue replication: 3/3 concordant. Cross-tissue: 0/0 concordant.
MUC5B,531,survived,down,2,0,0,Same-tissue replication: 2/3 concordant. Cross-tissue: 0/0 concordant.
HS1BP3,532,survived,up,3,0,0,Same-tissue replication: 3/3 concordant. Cross-tissue: 0/0 concordant.
M6PR,532,survived,up,3,0,0,Same-tissue replication: 3/3 concordant. Cross-tissue: 0/0 concordant.
NARS2,532,survived,up,3,0,0,Same-tissue replication: 3/3 concordant. Cross-tissue: 0/0 concordant.
ORC2,532,survived,up,3,0,0,Same-tissue replication: 3/3 concordant. Cross-tissue: 0/0 concordant.
PIN4,532,survived,up,3,0,0,Same-tissue replication: 3/3 concordant. Cross-tissue: 0/0 concordant.
ARID3A,533,survived,up,3,0,0,Same-tissue replication: 3/3 concordant. Cross-tissue: 0/0 concordant.
IQGAP3,533,survived,up,3,0,0,Same-tissue replication: 3/3 concordant. Cross-tissue: 0/0 concordant.
KIF18B,533,survived,up,3,0,0,Same-tissue replication: 3/3 concordant. Cross-tissue: 0/0 concordant.
LMNB2,533,survived,up,3,0,0,Same-tissue replication: 3/3 concordant. Cross-tissue: 0/0 concordant.
POLR1G,533,survived,up,3,0,0,Same-tissue replication: 3/3 concordant. Cross-tissue: 0/0 concordant.
RIPK2,533,survived,up,3,0,0,Same-tissue replication: 3/3 concordant. Cross-tissue: 0/0 concordant.
SHROOM4,533,survived,up,3,0,0,Same-tissue replication: 3/3 concordant. Cross-tissue: 0/0 concordant.
ADAMTS9,534,survived,up,3,0,0,Same-tissue replication: 3/3 concordant. Cross-tissue: 0/0 concordant.
BHLHE40,534,survived,up,3,0,0,Same-tissue replication: 3/3 concordant. Cross-tissue: 0/0 concordant.
CFI,534,survived,up,3,0,0,Same-tissue replication: 3/3 concordant. Cross-tissue: 0/0 concordant.
DUSP10,534,survived,up,3,0,0,Same-tissue replication: 3/3 concordant. Cross-tissue: 0/0 concordant.
PMAIP1,534,survived,up,3,0,0,Same-tissue replication: 3/3 concordant. Cross-tissue: 0/0 concordant.
RUBCNL,534,survived,up,3,0,0,Same-tissue replication: 3/3 concordant. Cross-tissue: 0/0 concordant.
SLC16A4,534,survived,up,3,0,0,Same-tissue replication: 3/3 concordant. Cross-tissue: 0/0 concordant.
TTLL4,534,survived,up,3,0,0,Same-tissue replication: 3/3 concordant. Cross-tissue: 0/0 concordant.
AREG,535,survived,up,2,0,0,Same-tissue replication: 2/3 concordant. Cross-tissue: 0/0 concordant.
DUOXA2,535,survived,up,3,0,0,Same-tissue replication: 3/3 concordant. Cross-tissue: 0/0 concordant.
GZMB,535,survived,up,3,0,0,Same-tissue replication: 3/3 concordant. Cross-tissue: 0/0 concordant.
PDPN,535,survived,up,3,0,0,Same-tissue replication: 3/3 concordant. Cross-tissue: 0/0 concordant.
REG1B,535,survived,up,3,0,0,Same-tissue replication: 3/3 concordant. Cross-tissue: 0/0 concordant.
REG3A,535,survived,up,3,0,0,Same-tissue replication: 3/3 concordant. Cross-tissue: 0/0 concordant.
ADAMTSL1,536,survived,down,3,0,0,Same-tissue replication: 3/3 concordant. Cross-tissue: 0/0 concordant.
FAM3D,536,survived,down,3,0,0,Same-tissue replication: 3/3 concordant. Cross-tissue: 0/0 concordant.
MBOAT1,536,survived,down,3,0,0,Same-tissue replication: 3/3 concordant. Cross-tissue: 0/0 concordant.
TEP1,536,survived,down,3,0,0,Same-tissue replication: 3/3 concordant. Cross-tissue: 0/0 concordant.
AMT,537,survived,down,3,0,0,Same-tissue replication: 3/3 concordant. Cross-tissue: 0/0 concordant.
APC,537,survived,down,3,0,0,Same-tissue replication: 3/3 concordant. Cross-tissue: 0/0 concordant.
CTSS,537,survived,down,3,0,0,Same-tissue replication: 3/3 concordant. Cross-tissue: 0/0 concordant.
PGM1,537,survived,down,3,0,0,Same-tissue replication: 3/3 concordant. Cross-tissue: 0/0 concordant.
PPARGC1B,537,survived,down,3,0,0,Same-tissue replication: 3/3 concordant. Cross-tissue: 0/0 concordant.
ADAR,538,survived,up,3,0,0,Same-tissue replication: 3/3 concordant. Cross-tissue: 0/0 concordant.
APOBEC1,538,survived,up,2,0,0,Same-tissue replication: 2/3 concordant. Cross-tissue: 0/0 concordant.
CHSY1,538,survived,up,3,0,0,Same-tissue replication: 3/3 concordant. Cross-tissue: 0/0 concordant.
CYB5R2,538,survived,up,3,0,0,Same-tissue replication: 3/3 concordant. Cross-tissue: 0/0 concordant.
EPB41L2,538,survived,up,2,0,0,Same-tissue replication: 2/3 concordant. Cross-tissue: 0/0 concordant.
LAMP3,538,survived,up,3,0,0,Same-tissue replication: 3/3 concordant. Cross-tissue: 0/0 concordant.
MPV17,538,survived,up,3,0,0,Same-tissue replication: 3/3 concordant. Cross-tissue: 0/0 concordant.
PSMD12,538,survived,up,3,0,0,Same-tissue replication: 3/3 concordant. Cross-tissue: 0/0 concordant.
PTPN12,538,survived,up,3,0,0,Same-tissue replication: 3/3 concordant. Cross-tissue: 0/0 concordant.
QPCT,538,survived,up,3,0,0,Same-tissue replication: 3/3 concordant. Cross-tissue: 0/0 concordant.
RFXAP,538,survived,up,3,0,0,Same-tissue replication: 3/3 concordant. Cross-tissue: 0/0 concordant.
SESTD1,538,survived,up,3,0,0,Same-tissue replication: 3/3 concordant. Cross-tissue: 0/0 concordant.
YRDC,538,survived,up,3,0,0,Same-tissue replication: 3/3 concordant. Cross-tissue: 0/0 concordant.
LYPLAL1,539,survived,up,3,0,0,Same-tissue replication: 3/3 concordant. Cross-tissue: 0/0 concordant.
NFATC3,539,survived,up,3,0,0,Same-tissue replication: 3/3 concordant. Cross-tissue: 0/0 concordant.
NFYB,539,survived,up,3,0,0,Same-tissue replication: 3/3 concordant. Cross-tissue: 0/0 concordant.
RBM33,539,survived,up,3,0,0,Same-tissue replication: 3/3 concordant. Cross-tissue: 0/0 concordant.
TRAM1,539,survived,up,3,0,0,Same-tissue replication: 3/3 concordant. Cross-tissue: 0/0 concordant.
ZGPAT,539,survived,up,2,0,0,Same-tissue replication: 2/3 concordant. Cross-tissue: 0/0 concordant.
ANAPC13,540,survived,up,3,0,0,Same-tissue replication: 3/3 concordant. Cross-tissue: 0/0 concordant.
COG8,540,survived,up,3,0,0,Same-tissue replication: 3/3 concordant. Cross-tissue: 0/0 concordant.
EIF2B5,540,survived,up,2,0,0,Same-tissue replication: 2/3 concordant. Cross-tissue: 0/0 concordant.
RBM10,540,survived,up,1,0,0,Same-tissue replication: 1/3 concordant. Cross-tissue: 0/0 concordant.
ZNF444,540,survived,up,3,0,0,Same-tissue replication: 3/3 concordant. Cross-tissue: 0/0 concordant.
BCL11B,541,survived,up,3,0,0,Same-tissue replication: 3/3 concordant. Cross-tissue: 0/0 concordant.
CHST14,541,survived,up,3,0,0,Same-tissue replication: 3/3 concordant. Cross-tissue: 0/0 concordant.
METAP1D,541,survived,up,3,0,0,Same-tissue replication: 3/3 concordant. Cross-tissue: 0/0 concordant.
MRPS26,541,survived,up,3,0,0,Same-tissue replication: 3/3 concordant. Cross-tissue: 0/0 concordant.
NDUFAF7,541,survived,up,3,0,0,Same-tissue replication: 3/3 concordant. Cross-tissue: 0/0 concordant.
NUP42,541,survived,up,3,0,0,Same-tissue replication: 3/3 concordant. Cross-tissue: 0/0 concordant.
SRSF7,541,survived,up,3,0,0,Same-tissue replication: 3/3 concordant. Cross-tissue: 0/0 concordant.
UBE2V2,541,survived,up,3,0,0,Same-tissue replication: 3/3 concordant. Cross-tissue: 0/0 concordant.
XRCC6,541,survived,up,3,0,0,Same-tissue replication: 3/3 concordant. Cross-tissue: 0/0 concordant.
CLK4,544,survived,down,2,0,0,Same-tissue replication: 2/3 concordant. Cross-tissue: 0/0 concordant.
EPS15,544,survived,down,3,0,0,Same-tissue replication: 3/3 concordant. Cross-tissue: 0/0 concordant.
KCND3,544,survived,down,0,0,0,Same-tissue replication: 0/3 concordant. Cross-tissue: 0/0 concordant.
TNFAIP3,544,survived,up,3,0,0,Same-tissue replication: 3/3 concordant. Cross-tissue: 0/0 concordant.
VPS37A,544,survived,down,3,0,0,Same-tissue replication: 3/3 concordant. Cross-tissue: 0/0 concordant.
COP1,545,survived,up,2,0,0,Same-tissue replication: 2/3 concordant. Cross-tissue: 0/0 concordant.
DDX24,545,survived,up,2,0,0,Same-tissue replication: 2/3 concordant. Cross-tissue: 0/0 concordant.
DPP9,545,eliminated,up,2,1,0,Significant opposite direction in same-tissue dataset(s): ['GSE32323']. Discovery direction: up.
CCNL1,546,eliminated,down,2,1,0,Significant opposite direction in same-tissue dataset(s): ['GSE37364']. Discovery direction: down.
NAP1L5,546,eliminated,down,1,1,0,Significant opposite direction in same-tissue dataset(s): ['GSE37364']. Discovery direction: down.
NCEH1,546,eliminated,up,0,2,0,"Significant opposite direction in same-tissue dataset(s): ['GSE32323', 'GSE39582']. Discovery direction: up."
RPL15,546,survived,up,3,0,0,Same-tissue replication: 3/3 concordant. Cross-tissue: 0/0 concordant.
WSB1,546,eliminated,up,1,2,0,"Significant opposite direction in same-tissue dataset(s): ['GSE32323', 'GSE39582']. Discovery direction: up."
CIAO1,547,survived,up,3,0,0,Same-tissue replication: 3/3 concordant. Cross-tissue: 0/0 concordant.
CSNK1G2,547,survived,up,3,0,0,Same-tissue replication: 3/3 concordant. Cross-tissue: 0/0 concordant.
DNPH1,547,survived,up,3,0,0,Same-tissue replication: 3/3 concordant. Cross-tissue: 0/0 concordant.
SRPRA,547,survived,up,3,0,0,Same-tissue replication: 3/3 concordant. Cross-tissue: 0/0 concordant.
TMPO,547,survived,up,3,0,0,Same-tissue replication: 3/3 concordant. Cross-tissue: 0/0 concordant.
DDX20,548,survived,up,3,0,0,Same-tissue replication: 3/3 concordant. Cross-tissue: 0/0 concordant.
FARP1,548,survived,up,3,0,0,Same-tissue replication: 3/3 concordant. Cross-tissue: 0/0 concordant.
GMPR,548,survived,up,3,0,0,Same-tissue replication: 3/3 concordant. Cross-tissue: 0/0 concordant.
RBPMS,548,survived,up,3,0,0,Same-tissue replication: 3/3 concordant. Cross-tissue: 0/0 concordant.
TAMM41,548,survived,up,3,0,0,Same-tissue replication: 3/3 concordant. Cross-tissue: 0/0 concordant.
ZC3H13,548,survived,up,3,0,0,Same-tissue replication: 3/3 concordant. Cross-tissue: 0/0 concordant.
CTXND1,549,survived,down,2,0,0,Same-tissue replication: 2/3 concordant. Cross-tissue: 0/0 concordant.
KRABD2,549,survived,down,3,0,0,Same-tissue replication: 3/3 concordant. Cross-tissue: 0/0 concordant.
ST18,549,survived,down,2,0,0,Same-tissue replication: 2/3 concordant. Cross-tissue: 0/0 concordant.
LSM2,550,survived,up,3,0,0,Same-tissue replication: 3/3 concordant. Cross-tissue: 0/0 concordant.
MEN1,550,survived,up,3,0,0,Same-tissue replication: 3/3 concordant. Cross-tissue: 0/0 concordant.
NUDT14,550,survived,up,3,0,0,Same-tissue replication: 3/3 concordant. Cross-tissue: 0/0 concordant.
PCLAF,550,survived,up,3,0,0,Same-tissue replication: 3/3 concordant. Cross-tissue: 0/0 concordant.
SH3GL1,550,survived,up,2,0,0,Same-tissue replication: 2/3 concordant. Cross-tissue: 0/0 concordant.
TIGD1,550,survived,up,3,0,0,Same-tissue replication: 3/3 concordant. Cross-tissue: 0/0 concordant.
ATP13A1,551,survived,up,3,0,0,Same-tissue replication: 3/3 concordant. Cross-tissue: 0/0 concordant.
CEP83,551,survived,up,3,0,0,Same-tissue replication: 3/3 concordant. Cross-tissue: 0/0 concordant.
DIAPH1,551,survived,up,2,0,0,Same-tissue replication: 2/3 concordant. Cross-tissue: 0/0 concordant.
FUS,551,survived,up,3,0,0,Same-tissue replication: 3/3 concordant. Cross-tissue: 0/0 concordant.
KCNAB2,551,survived,up,3,0,0,Same-tissue replication: 3/3 concordant. Cross-tissue: 0/0 concordant.
MRPL3,551,survived,up,3,0,0,Same-tissue replication: 3/3 concordant. Cross-tissue: 0/0 concordant.
TNPO2,551,survived,up,3,0,0,Same-tissue replication: 3/3 concordant. Cross-tissue: 0/0 concordant.
ATP6V0E2,552,survived,up,3,0,0,Same-tissue replication: 3/3 concordant. Cross-tissue: 0/0 concordant.
CDK16,552,survived,up,2,0,0,Same-tissue replication: 2/3 concordant. Cross-tissue: 0/0 concordant.
GNB2,552,eliminated,up,2,1,0,Significant opposite direction in same-tissue dataset(s): ['GSE32323']. Discovery direction: up.
HASPIN,552,survived,up,3,0,0,Same-tissue replication: 3/3 concordant. Cross-tissue: 0/0 concordant.
NUDT19,552,survived,up,3,0,0,Same-tissue replication: 3/3 concordant. Cross-tissue: 0/0 concordant.
TNFAIP1,552,survived,up,3,0,0,Same-tissue replication: 3/3 concordant. Cross-tissue: 0/0 concordant.
ATP6V1H,553,survived,up,3,0,0,Same-tissue replication: 3/3 concordant. Cross-tissue: 0/0 concordant.
PABPC3,553,survived,up,3,0,0,Same-tissue replication: 3/3 concordant. Cross-tissue: 0/0 concordant.
PMS1,553,survived,up,3,0,0,Same-tissue replication: 3/3 concordant. Cross-tissue: 0/0 concordant.
USP42,553,survived,up,3,0,0,Same-tissue replication: 3/3 concordant. Cross-tissue: 0/0 concordant.
ZFP90,553,survived,up,3,0,0,Same-tissue replication: 3/3 concordant. Cross-tissue: 0/0 concordant.
B3GALNT2,554,survived,up,3,0,0,Same-tissue replication: 3/3 concordant. Cross-tissue: 0/0 concordant.
LMLN,554,survived,up,3,0,0,Same-tissue replication: 3/3 concordant. Cross-tissue: 0/0 concordant.
QTRT2,554,survived,up,3,0,0,Same-tissue replication: 3/3 concordant. Cross-tissue: 0/0 concordant.
SLC35A2,554,survived,up,3,0,0,Same-tissue replication: 3/3 concordant. Cross-tissue: 0/0 concordant.
TANGO6,554,survived,up,3,0,0,Same-tissue replication: 3/3 concordant. Cross-tissue: 0/0 concordant.
ZNF202,554,survived,up,3,0,0,Same-tissue replication: 3/3 concordant. Cross-tissue: 0/0 concordant.
DUSP19,555,survived,down,2,0,0,Same-tissue replication: 2/3 concordant. Cross-tissue: 0/0 concordant.
HEXIM1,555,survived,down,3,0,0,Same-tissue replication: 3/3 concordant. Cross-tissue: 0/0 concordant.
PTTG1IP,555,survived,down,3,0,0,Same-tissue replication: 3/3 concordant. Cross-tissue: 0/0 concordant.
TRIM10,555,survived,down,3,0,0,Same-tissue replication: 3/3 concordant. Cross-tissue: 0/0 concordant.
CCDC51,559,survived,up,3,0,0,Same-tissue replication: 3/3 concordant. Cross-tissue: 0/0 concordant.
CFAP36,559,survived,up,3,0,0,Same-tissue replication: 3/3 concordant. Cross-tissue: 0/0 concordant.
DDX52,559,survived,up,3,0,0,Same-tissue replication: 3/3 concordant. Cross-tissue: 0/0 concordant.
DIDO1,559,survived,up,3,0,0,Same-tissue replication: 3/3 concordant. Cross-tissue: 0/0 concordant.
DOHH,559,survived,up,3,0,0,Same-tissue replication: 3/3 concordant. Cross-tissue: 0/0 concordant.
INTS3,559,survived,up,3,0,0,Same-tissue replication: 3/3 concordant. Cross-tissue: 0/0 concordant.
MSANTD4,559,survived,up,3,0,0,Same-tissue replication: 3/3 concordant. Cross-tissue: 0/0 concordant.
MSH2,559,survived,up,3,0,0,Same-tissue replication: 3/3 concordant. Cross-tissue: 0/0 concordant.
PACS1,559,survived,up,2,0,0,Same-tissue replication: 2/3 concordant. Cross-tissue: 0/0 concordant.
PHF11,559,survived,up,3,0,0,Same-tissue replication: 3/3 concordant. Cross-tissue: 0/0 concordant.
PLPP2,559,survived,up,3,0,0,Same-tissue replication: 3/3 concordant. Cross-tissue: 0/0 concordant.
RPGR,559,survived,up,3,0,0,Same-tissue replication: 3/3 concordant. Cross-tissue: 0/0 concordant.
SLC25A19,559,survived,up,3,0,0,Same-tissue replication: 3/3 concordant. Cross-tissue: 0/0 concordant.
SMURF1,559,survived,up,2,0,0,Same-tissue replication: 2/3 concordant. Cross-tissue: 0/0 concordant.
SUPT3H,559,survived,up,3,0,0,Same-tissue replication: 3/3 concordant. Cross-tissue: 0/0 concordant.
THOC7,559,survived,up,3,0,0,Same-tissue replication: 3/3 concordant. Cross-tissue: 0/0 concordant.
TIGAR,559,survived,up,3,0,0,Same-tissue replication: 3/3 concordant. Cross-tissue: 0/0 concordant.
TMEM62,559,survived,up,3,0,0,Same-tissue replication: 3/3 concordant. Cross-tissue: 0/0 concordant.
TOMM20,559,survived,up,3,0,0,Same-tissue replication: 3/3 concordant. Cross-tissue: 0/0 concordant.
TSN,559,survived,up,3,0,0,Same-tissue replication: 3/3 concordant. Cross-tissue: 0/0 concordant.
UBE2H,559,survived,up,3,0,0,Same-tissue replication: 3/3 concordant. Cross-tissue: 0/0 concordant.
UBE2R2,559,eliminated,up,2,1,0,Significant opposite direction in same-tissue dataset(s): ['GSE32323']. Discovery direction: up.
UBQLN4,559,survived,up,3,0,0,Same-tissue replication: 3/3 concordant. Cross-tissue: 0/0 concordant.
ZNF12,559,survived,up,3,0,0,Same-tissue replication: 3/3 concordant. Cross-tissue: 0/0 concordant.
ZNF581,559,survived,up,3,0,0,Same-tissue replication: 3/3 concordant. Cross-tissue: 0/0 concordant.
ZSWIM3,559,survived,up,2,0,0,Same-tissue replication: 2/3 concordant. Cross-tissue: 0/0 concordant.
C2orf49,560,survived,up,3,0,0,Same-tissue replication: 3/3 concordant. Cross-tissue: 0/0 concordant.
ELOB,560,survived,up,3,0,0,Same-tissue replication: 3/3 concordant. Cross-tissue: 0/0 concordant.
FANCF,560,survived,up,3,0,0,Same-tissue replication: 3/3 concordant. Cross-tissue: 0/0 concordant.
IGF2R,560,survived,up,2,0,0,Same-tissue replication: 2/3 concordant. Cross-tissue: 0/0 concordant.
IRF3,560,survived,up,2,0,0,Same-tissue replication: 2/3 concordant. Cross-tissue: 0/0 concordant.
ISY1,560,survived,up,3,0,0,Same-tissue replication: 3/3 concordant. Cross-tissue: 0/0 concordant.
MID1IP1,560,survived,up,2,0,0,Same-tissue replication: 2/3 concordant. Cross-tissue: 0/0 concordant.
NUFIP2,560,survived,up,3,0,0,Same-tissue replication: 3/3 concordant. Cross-tissue: 0/0 concordant.
SAAL1,560,survived,up,3,0,0,Same-tissue replication: 3/3 concordant. Cross-tissue: 0/0 concordant.
SLC25A26,560,survived,up,3,0,0,Same-tissue replication: 3/3 concordant. Cross-tissue: 0/0 concordant.
STT3B,560,survived,up,3,0,0,Same-tissue replication: 3/3 concordant. Cross-tissue: 0/0 concordant.
SYAP1,560,survived,up,2,0,0,Same-tissue replication: 2/3 concordant. Cross-tissue: 0/0 concordant.
TBCA,560,survived,up,3,0,0,Same-tissue replication: 3/3 concordant. Cross-tissue: 0/0 concordant.
UTP11,560,survived,up,3,0,0,Same-tissue replication: 3/3 concordant. Cross-tissue: 0/0 concordant.
ZFC3H1,560,survived,up,3,0,0,Same-tissue replication: 3/3 concordant. Cross-tissue: 0/0 concordant.
ZSWIM1,560,survived,up,3,0,0,Same-tissue replication: 3/3 concordant. Cross-tissue: 0/0 concordant.
ANKRD10,561,survived,up,3,0,0,Same-tissue replication: 3/3 concordant. Cross-tissue: 0/0 concordant.
EWSR1,561,eliminated,up,2,1,0,Significant opposite direction in same-tissue dataset(s): ['GSE32323']. Discovery direction: up.
PHF12,561,eliminated,up,2,1,0,Significant opposite direction in same-tissue dataset(s): ['GSE32323']. Discovery direction: up.
PTPRA,561,survived,up,2,0,0,Same-tissue replication: 2/3 concordant. Cross-tissue: 0/0 concordant.
RPS15,561,survived,up,2,0,0,Same-tissue replication: 2/3 concordant. Cross-tissue: 0/0 concordant.
SNRNP48,561,survived,up,3,0,0,Same-tissue replication: 3/3 concordant. Cross-tissue: 0/0 concordant.
ZNF317,561,survived,up,2,0,0,Same-tissue replication: 2/3 concordant. Cross-tissue: 0/0 concordant.
CIAO2B,562,survived,up,3,0,0,Same-tissue replication: 3/3 concordant. Cross-tissue: 0/0 concordant.
HK1,562,eliminated,up,2,1,0,Significant opposite direction in same-tissue dataset(s): ['GSE32323']. Discovery direction: up.
WDR53,562,survived,up,3,0,0,Same-tissue replication: 3/3 concordant. Cross-tissue: 0/0 concordant.
ARMC6,563,survived,up,2,0,0,Same-tissue replication: 2/3 concordant. Cross-tissue: 0/0 concordant.
MRPL37,563,survived,up,3,0,0,Same-tissue replication: 3/3 concordant. Cross-tissue: 0/0 concordant.
PRR14,563,survived,up,3,0,0,Same-tissue replication: 3/3 concordant. Cross-tissue: 0/0 concordant.
SMARCAL1,563,survived,up,3,0,0,Same-tissue replication: 3/3 concordant. Cross-tissue: 0/0 concordant.
TUBA1B,563,survived,up,2,0,0,Same-tissue replication: 2/3 concordant. Cross-tissue: 0/0 concordant.
YKT6,563,survived,up,2,0,0,Same-tissue replication: 2/3 concordant. Cross-tissue: 0/0 concordant.
HNF1A,564,survived,up,2,0,0,Same-tissue replication: 2/3 concordant. Cross-tissue: 0/0 concordant.
HRAS,564,eliminated,up,2,1,0,Significant opposite direction in same-tissue dataset(s): ['GSE32323']. Discovery direction: up.
IMP4,564,survived,up,3,0,0,Same-tissue replication: 3/3 concordant. Cross-tissue: 0/0 concordant.
MACROH2A1,564,survived,up,3,0,0,Same-tissue replication: 3/3 concordant. Cross-tissue: 0/0 concordant.
METTL2A,564,survived,up,3,0,0,Same-tissue replication: 3/3 concordant. Cross-tissue: 0/0 concordant.
SMG5,564,survived,up,1,0,0,Same-tissue replication: 1/3 concordant. Cross-tissue: 0/0 concordant.
UQCC1,564,survived,up,3,0,0,Same-tissue replication: 3/3 concordant. Cross-tissue: 0/0 concordant.
ZXDC,564,survived,up,2,0,0,Same-tissue replication: 2/3 concordant. Cross-tissue: 0/0 concordant.
ALG5,565,survived,up,3,0,0,Same-tissue replication: 3/3 concordant. Cross-tissue: 0/0 concordant.
CD46,565,survived,up,3,0,0,Same-tissue replication: 3/3 concordant. Cross-tissue: 0/0 concordant.
COMMD7,565,survived,up,3,0,0,Same-tissue replication: 3/3 concordant. Cross-tissue: 0/0 concordant.
EIF2S1,565,survived,up,3,0,0,Same-tissue replication: 3/3 concordant. Cross-tissue: 0/0 concordant.
ELAVL1,565,survived,up,3,0,0,Same-tissue replication: 3/3 concordant. Cross-tissue: 0/0 concordant.
MED27,565,survived,up,3,0,0,Same-tissue replication: 3/3 concordant. Cross-tissue: 0/0 concordant.
POLR2I,565,survived,up,3,0,0,Same-tissue replication: 3/3 concordant. Cross-tissue: 0/0 concordant.
PUF60,565,survived,up,3,0,0,Same-tissue replication: 3/3 concordant. Cross-tissue: 0/0 concordant.
ZNF7,565,survived,up,3,0,0,Same-tissue replication: 3/3 concordant. Cross-tissue: 0/0 concordant.
ANXA3,566,survived,up,3,0,0,Same-tissue replication: 3/3 concordant. Cross-tissue: 0/0 concordant.
COL5A2,566,survived,up,3,0,0,Same-tissue replication: 3/3 concordant. Cross-tissue: 0/0 concordant.
CTPS1,566,survived,up,3,0,0,Same-tissue replication: 3/3 concordant. Cross-tissue: 0/0 concordant.
ERCC6L,566,survived,up,3,0,0,Same-tissue replication: 3/3 concordant. Cross-tissue: 0/0 concordant.
GPR143,566,survived,up,3,0,0,Same-tissue replication: 3/3 concordant. Cross-tissue: 0/0 concordant.
KIF2C,566,survived,up,3,0,0,Same-tissue replication: 3/3 concordant. Cross-tissue: 0/0 concordant.
MELTF,566,survived,up,3,0,0,Same-tissue replication: 3/3 concordant. Cross-tissue: 0/0 concordant.
PALS2,566,survived,up,3,0,0,Same-tissue replication: 3/3 concordant. Cross-tissue: 0/0 concordant.
PITX1,566,survived,up,3,0,0,Same-tissue replication: 3/3 concordant. Cross-tissue: 0/0 concordant.
SHCBP1,566,survived,up,3,0,0,Same-tissue replication: 3/3 concordant. Cross-tissue: 0/0 concordant.
SLC4A2,566,survived,up,3,0,0,Same-tissue replication: 3/3 concordant. Cross-tissue: 0/0 concordant.
ZNRF3,566,survived,up,3,0,0,Same-tissue replication: 3/3 concordant. Cross-tissue: 0/0 concordant.
BUB1,567,survived,up,3,0,0,Same-tissue replication: 3/3 concordant. Cross-tissue: 0/0 concordant.
CHEK1,567,survived,up,3,0,0,Same-tissue replication: 3/3 concordant. Cross-tissue: 0/0 concordant.
COL1A1,567,survived,up,3,0,0,Same-tissue replication: 3/3 concordant. Cross-tissue: 0/0 concordant.
EEF1E1,567,survived,up,3,0,0,Same-tissue replication: 3/3 concordant. Cross-tissue: 0/0 concordant.
KIF20A,567,survived,up,3,0,0,Same-tissue replication: 3/3 concordant. Cross-tissue: 0/0 concordant.
TSPAN5,567,survived,up,3,0,0,Same-tissue replication: 3/3 concordant. Cross-tissue: 0/0 concordant.
BRD3OS,568,survived,up,3,0,0,Same-tissue replication: 3/3 concordant. Cross-tissue: 0/0 concordant.
DLGAP5,568,survived,up,3,0,0,Same-tissue replication: 3/3 concordant. Cross-tissue: 0/0 concordant.
PLEKHG4,568,survived,up,3,0,0,Same-tissue replication: 3/3 concordant. Cross-tissue: 0/0 concordant.
REEP6,568,survived,up,3,0,0,Same-tissue replication: 3/3 concordant. Cross-tissue: 0/0 concordant.
SLC2A1,568,survived,up,3,0,0,Same-tissue replication: 3/3 concordant. Cross-tissue: 0/0 concordant.
WDR3,568,survived,up,3,0,0,Same-tissue replication: 3/3 concordant. Cross-tissue: 0/0 concordant.
AHCTF1,569,survived,up,3,0,0,Same-tissue replication: 3/3 concordant. Cross-tissue: 0/0 concordant.
CRTC3,569,survived,up,3,0,0,Same-tissue replication: 3/3 concordant. Cross-tissue: 0/0 concordant.
DHX40,569,survived,up,3,0,0,Same-tissue replication: 3/3 concordant. Cross-tissue: 0/0 concordant.
DYNLT3,569,survived,up,3,0,0,Same-tissue replication: 3/3 concordant. Cross-tissue: 0/0 concordant.
GET4,569,survived,up,3,0,0,Same-tissue replication: 3/3 concordant. Cross-tissue: 0/0 concordant.
NDUFA7,569,survived,up,2,0,0,Same-tissue replication: 2/3 concordant. Cross-tissue: 0/0 concordant.
POLE3,569,survived,up,3,0,0,Same-tissue replication: 3/3 concordant. Cross-tissue: 0/0 concordant.
RHOT1,569,survived,up,3,0,0,Same-tissue replication: 3/3 concordant. Cross-tissue: 0/0 concordant.
RINT1,569,survived,up,3,0,0,Same-tissue replication: 3/3 concordant. Cross-tissue: 0/0 concordant.
SCAMP3,569,survived,up,3,0,0,Same-tissue replication: 3/3 concordant. Cross-tissue: 0/0 concordant.
STX2,569,survived,up,3,0,0,Same-tissue replication: 3/3 concordant. Cross-tissue: 0/0 concordant.
AP5M1,570,survived,down,3,0,0,Same-tissue replication: 3/3 concordant. Cross-tissue: 0/0 concordant.
CALCOCO2,570,survived,down,3,0,0,Same-tissue replication: 3/3 concordant. Cross-tissue: 0/0 concordant.
CHCHD10,570,survived,down,3,0,0,Same-tissue replication: 3/3 concordant. Cross-tissue: 0/0 concordant.
FAM114A1,570,survived,down,3,0,0,Same-tissue replication: 3/3 concordant. Cross-tissue: 0/0 concordant.
MTARC2,570,survived,down,3,0,0,Same-tissue replication: 3/3 concordant. Cross-tissue: 0/0 concordant.
PGGT1B,570,survived,down,3,0,0,Same-tissue replication: 3/3 concordant. Cross-tissue: 0/0 concordant.
SCP2,570,survived,down,3,0,0,Same-tissue replication: 3/3 concordant. Cross-tissue: 0/0 concordant.
STAM2,570,survived,down,3,0,0,Same-tissue replication: 3/3 concordant. Cross-tissue: 0/0 concordant.
XK,570,survived,down,3,0,0,Same-tissue replication: 3/3 concordant. Cross-tissue: 0/0 concordant.
ARV1,571,survived,down,2,0,0,Same-tissue replication: 2/3 concordant. Cross-tissue: 0/0 concordant.
ATP5F1A,571,survived,down,3,0,0,Same-tissue replication: 3/3 concordant. Cross-tissue: 0/0 concordant.
GBA2,571,survived,down,3,0,0,Same-tissue replication: 3/3 concordant. Cross-tissue: 0/0 concordant.
OAF,571,survived,down,3,0,0,Same-tissue replication: 3/3 concordant. Cross-tissue: 0/0 concordant.
SLC17A5,571,survived,down,3,0,0,Same-tissue replication: 3/3 concordant. Cross-tissue: 0/0 concordant.
BAZ1B,572,survived,up,3,0,0,Same-tissue replication: 3/3 concordant. Cross-tissue: 0/0 concordant.
CWF19L1,572,survived,up,3,0,0,Same-tissue replication: 3/3 concordant. Cross-tissue: 0/0 concordant.
LSM8,572,survived,up,3,0,0,Same-tissue replication: 3/3 concordant. Cross-tissue: 0/0 concordant.
POLR2E,572,survived,up,3,0,0,Same-tissue replication: 3/3 concordant. Cross-tissue: 0/0 concordant.
TUBGCP3,572,survived,up,3,0,0,Same-tissue replication: 3/3 concordant. Cross-tissue: 0/0 concordant.
CHAMP1,573,survived,up,3,0,0,Same-tissue replication: 3/3 concordant. Cross-tissue: 0/0 concordant.
EIF3CL,573,survived,up,3,0,0,Same-tissue replication: 3/3 concordant. Cross-tissue: 0/0 concordant.
FAM98A,573,survived,up,3,0,0,Same-tissue replication: 3/3 concordant. Cross-tissue: 0/0 concordant.
HNRNPD,573,survived,up,3,0,0,Same-tissue replication: 3/3 concordant. Cross-tissue: 0/0 concordant.
ODF2,573,survived,up,3,0,0,Same-tissue replication: 3/3 concordant. Cross-tissue: 0/0 concordant.
POLG2,573,survived,up,3,0,0,Same-tissue replication: 3/3 concordant. Cross-tissue: 0/0 concordant.
STAM,573,survived,up,3,0,0,Same-tissue replication: 3/3 concordant. Cross-tissue: 0/0 concordant.
ARK2N,574,survived,down,3,0,0,Same-tissue replication: 3/3 concordant. Cross-tissue: 0/0 concordant.
BCO1,574,survived,down,3,0,0,Same-tissue replication: 3/3 concordant. Cross-tissue: 0/0 concordant.
C6orf120,574,survived,down,2,0,0,Same-tissue replication: 2/3 concordant. Cross-tissue: 0/0 concordant.
DNAJC27,574,survived,down,2,0,0,Same-tissue replication: 2/3 concordant. Cross-tissue: 0/0 concordant.
DORIP1,574,survived,down,2,0,0,Same-tissue replication: 2/3 concordant. Cross-tissue: 0/0 concordant.
FRYL,574,survived,down,3,0,0,Same-tissue replication: 3/3 concordant. Cross-tissue: 0/0 concordant.
IQGAP1,574,survived,down,3,0,0,Same-tissue replication: 3/3 concordant. Cross-tissue: 0/0 concordant.
NARS1,574,survived,down,3,0,0,Same-tissue replication: 3/3 concordant. Cross-tissue: 0/0 concordant.
NBR1,574,survived,down,3,0,0,Same-tissue replication: 3/3 concordant. Cross-tissue: 0/0 concordant.
NMNAT1,574,survived,down,3,0,0,Same-tissue replication: 3/3 concordant. Cross-tissue: 0/0 concordant.
RNLS,574,survived,down,3,0,0,Same-tissue replication: 3/3 concordant. Cross-tissue: 0/0 concordant.
SLC25A46,574,survived,down,3,0,0,Same-tissue replication: 3/3 concordant. Cross-tissue: 0/0 concordant.
STRN3,574,survived,down,3,0,0,Same-tissue replication: 3/3 concordant. Cross-tissue: 0/0 concordant.
WDR20,574,survived,down,3,0,0,Same-tissue replication: 3/3 concordant. Cross-tissue: 0/0 concordant.
CCNDBP1,575,survived,down,3,0,0,Same-tissue replication: 3/3 concordant. Cross-tissue: 0/0 concordant.
CLRN3,575,survived,down,3,0,0,Same-tissue replication: 3/3 concordant. Cross-tissue: 0/0 concordant.
CPT1A,575,survived,down,3,0,0,Same-tissue replication: 3/3 concordant. Cross-tissue: 0/0 concordant.
HSD17B11,575,survived,down,3,0,0,Same-tissue replication: 3/3 concordant. Cross-tissue: 0/0 concordant.
MACIR,575,survived,down,3,0,0,Same-tissue replication: 3/3 concordant. Cross-tissue: 0/0 concordant.
MARCHF8,575,survived,down,3,0,0,Same-tissue replication: 3/3 concordant. Cross-tissue: 0/0 concordant.
PEX11A,575,survived,down,3,0,0,Same-tissue replication: 3/3 concordant. Cross-tissue: 0/0 concordant.
SPMIP6,575,survived,down,3,0,0,Same-tissue replication: 3/3 concordant. Cross-tissue: 0/0 concordant.
TINAG,575,survived,down,3,0,0,Same-tissue replication: 3/3 concordant. Cross-tissue: 0/0 concordant.
DOCK5,576,survived,down,3,0,0,Same-tissue replication: 3/3 concordant. Cross-tissue: 0/0 concordant.
ME2,576,survived,down,3,0,0,Same-tissue replication: 3/3 concordant. Cross-tissue: 0/0 concordant.
MGAT4A,576,survived,down,3,0,0,Same-tissue replication: 3/3 concordant. Cross-tissue: 0/0 concordant.
NUDT6,576,survived,down,3,0,0,Same-tissue replication: 3/3 concordant. Cross-tissue: 0/0 concordant.
SH3BGRL2,576,survived,down,3,0,0,Same-tissue replication: 3/3 concordant. Cross-tissue: 0/0 concordant.
DMXL2,577,survived,down,3,0,0,Same-tissue replication: 3/3 concordant. Cross-tissue: 0/0 concordant.
GON7,577,survived,down,3,0,0,Same-tissue replication: 3/3 concordant. Cross-tissue: 0/0 concordant.
IL10RB,577,survived,down,3,0,0,Same-tissue replication: 3/3 concordant. Cross-tissue: 0/0 concordant.
MARCHF3,577,survived,down,3,0,0,Same-tissue replication: 3/3 concordant. Cross-tissue: 0/0 concordant.
PGAP4,577,survived,down,3,0,0,Same-tissue replication: 3/3 concordant. Cross-tissue: 0/0 concordant.
RILP,577,survived,down,3,0,0,Same-tissue replication: 3/3 concordant. Cross-tissue: 0/0 concordant.
SHE,577,survived,down,3,0,0,Same-tissue replication: 3/3 concordant. Cross-tissue: 0/0 concordant.
SLC35D1,577,survived,down,3,0,0,Same-tissue replication: 3/3 concordant. Cross-tissue: 0/0 concordant.
TENT5A,577,survived,down,3,0,0,Same-tissue replication: 3/3 concordant. Cross-tissue: 0/0 concordant.
TXNIP,577,survived,down,3,0,0,Same-tissue replication: 3/3 concordant. Cross-tissue: 0/0 concordant.
ZNF613,577,survived,down,2,0,0,Same-tissue replication: 2/3 concordant. Cross-tissue: 0/0 concordant.
ARHGEF19,578,survived,up,3,0,0,Same-tissue replication: 3/3 concordant. Cross-tissue: 0/0 concordant.
GLS,578,eliminated,up,1,2,0,"Significant opposite direction in same-tissue dataset(s): ['GSE32323', 'GSE37364']. Discovery direction: up."
GPN3,578,survived,up,3,0,0,Same-tissue replication: 3/3 concordant. Cross-tissue: 0/0 concordant.
NUDT5,578,survived,up,3,0,0,Same-tissue replication: 3/3 concordant. Cross-tissue: 0/0 concordant.
TTF2,578,survived,up,3,0,0,Same-tissue replication: 3/3 concordant. Cross-tissue: 0/0 concordant.
ZNF697,578,survived,up,3,0,0,Same-tissue replication: 3/3 concordant. Cross-tissue: 0/0 concordant.
EIF5B,579,survived,up,3,0,0,Same-tissue replication: 3/3 concordant. Cross-tissue: 0/0 concordant.
NPM3,579,survived,up,3,0,0,Same-tissue replication: 3/3 concordant. Cross-tissue: 0/0 concordant.
OTUD6B,579,survived,up,3,0,0,Same-tissue replication: 3/3 concordant. Cross-tissue: 0/0 concordant.
SP6,579,survived,up,3,0,0,Same-tissue replication: 3/3 concordant. Cross-tissue: 0/0 concordant.
TCOF1,579,survived,up,3,0,0,Same-tissue replication: 3/3 concordant. Cross-tissue: 0/0 concordant.
TRIM59,579,survived,up,3,0,0,Same-tissue replication: 3/3 concordant. Cross-tissue: 0/0 concordant.
BTN3A3,580,survived,down,1,0,0,Same-tissue replication: 1/3 concordant. Cross-tissue: 0/0 concordant.
CD247,580,survived,down,3,0,0,Same-tissue replication: 3/3 concordant. Cross-tissue: 0/0 concordant.
CD53,580,survived,down,1,0,0,Same-tissue replication: 1/3 concordant. Cross-tissue: 0/0 concordant.
CYP3A5,580,survived,down,3,0,0,Same-tissue replication: 3/3 concordant. Cross-tissue: 0/0 concordant.
FCRL3,580,survived,down,3,0,0,Same-tissue replication: 3/3 concordant. Cross-tissue: 0/0 concordant.
HBB,580,eliminated,down,2,1,0,Significant opposite direction in same-tissue dataset(s): ['GSE37364']. Discovery direction: down.
IPMK,580,survived,down,3,0,0,Same-tissue replication: 3/3 concordant. Cross-tissue: 0/0 concordant.
SDR16C5,580,eliminated,down,2,1,0,Significant opposite direction in same-tissue dataset(s): ['GSE37364']. Discovery direction: down.
SPAG16,580,survived,down,3,0,0,Same-tissue replication: 3/3 concordant. Cross-tissue: 0/0 concordant.
SVIL,580,survived,down,3,0,0,Same-tissue replication: 3/3 concordant. Cross-tissue: 0/0 concordant.
TPK1,580,survived,down,3,0,0,Same-tissue replication: 3/3 concordant. Cross-tissue: 0/0 concordant.
UBE2J1,580,survived,down,3,0,0,Same-tissue replication: 3/3 concordant. Cross-tissue: 0/0 concordant.
ZNF256,580,survived,down,2,0,0,Same-tissue replication: 2/3 concordant. Cross-tissue: 0/0 concordant.
ZNF493,580,survived,down,2,0,0,Same-tissue replication: 2/3 concordant. Cross-tissue: 0/0 concordant.
ZNF518B,580,survived,down,3,0,0,Same-tissue replication: 3/3 concordant. Cross-tissue: 0/0 concordant.
BBOF1,581,survived,down,2,0,0,Same-tissue replication: 2/3 concordant. Cross-tissue: 0/0 concordant.
CD200R1,581,survived,down,2,0,0,Same-tissue replication: 2/3 concordant. Cross-tissue: 0/0 concordant.
ITK,581,survived,down,3,0,0,Same-tissue replication: 3/3 concordant. Cross-tissue: 0/0 concordant.
NAIP,581,survived,down,3,0,0,Same-tissue replication: 3/3 concordant. Cross-tissue: 0/0 concordant.
PLEKHF2,581,survived,down,3,0,0,Same-tissue replication: 3/3 concordant. Cross-tissue: 0/0 concordant.
SH2B3,581,survived,down,3,0,0,Same-tissue replication: 3/3 concordant. Cross-tissue: 0/0 concordant.
SNX1,581,survived,down,3,0,0,Same-tissue replication: 3/3 concordant. Cross-tissue: 0/0 concordant.
TTC28,581,survived,down,3,0,0,Same-tissue replication: 3/3 concordant. Cross-tissue: 0/0 concordant.
ZFYVE1,581,survived,down,3,0,0,Same-tissue replication: 3/3 concordant. Cross-tissue: 0/0 concordant.
ZNF219,581,survived,down,3,0,0,Same-tissue replication: 3/3 concordant. Cross-tissue: 0/0 concordant.
CCDC32,582,survived,down,3,0,0,Same-tissue replication: 3/3 concordant. Cross-tissue: 0/0 concordant.
FAM110C,582,survived,down,3,0,0,Same-tissue replication: 3/3 concordant. Cross-tissue: 0/0 concordant.
LZIC,582,survived,down,3,0,0,Same-tissue replication: 3/3 concordant. Cross-tissue: 0/0 concordant.
MARCHF1,582,survived,down,3,0,0,Same-tissue replication: 3/3 concordant. Cross-tissue: 0/0 concordant.
TPM1,582,survived,down,3,0,0,Same-tissue replication: 3/3 concordant. Cross-tissue: 0/0 concordant.
ATP9B,583,survived,down,3,0,0,Same-tissue replication: 3/3 concordant. Cross-tissue: 0/0 concordant.
CCDC178,583,survived,down,3,0,0,Same-tissue replication: 3/3 concordant. Cross-tissue: 0/0 concordant.
JAM3,583,survived,down,1,0,0,Same-tissue replication: 1/3 concordant. Cross-tissue: 0/0 concordant.
LAMA2,583,survived,down,3,0,0,Same-tissue replication: 3/3 concordant. Cross-tissue: 0/0 concordant.
NBEA,583,survived,down,3,0,0,Same-tissue replication: 3/3 concordant. Cross-tissue: 0/0 concordant.
NCAM1,583,survived,down,3,0,0,Same-tissue replication: 3/3 concordant. Cross-tissue: 0/0 concordant.
RPS6KA5,583,survived,down,3,0,0,Same-tissue replication: 3/3 concordant. Cross-tissue: 0/0 concordant.
SATB2,583,survived,down,3,0,0,Same-tissue replication: 3/3 concordant. Cross-tissue: 0/0 concordant.
BDH2,584,survived,down,2,0,0,Same-tissue replication: 2/3 concordant. Cross-tissue: 0/0 concordant.
BTBD3,584,survived,down,3,0,0,Same-tissue replication: 3/3 concordant. Cross-tissue: 0/0 concordant.
DENND5B,584,survived,down,3,0,0,Same-tissue replication: 3/3 concordant. Cross-tissue: 0/0 concordant.
GADD45A,584,survived,down,3,0,0,Same-tissue replication: 3/3 concordant. Cross-tissue: 0/0 concordant.
MPI,584,survived,down,3,0,0,Same-tissue replication: 3/3 concordant. Cross-tissue: 0/0 concordant.
EEFSEC,585,survived,up,3,0,0,Same-tissue replication: 3/3 concordant. Cross-tissue: 0/0 concordant.
FKBP7,585,survived,up,3,0,0,Same-tissue replication: 3/3 concordant. Cross-tissue: 0/0 concordant.
HAT1,585,survived,up,3,0,0,Same-tissue replication: 3/3 concordant. Cross-tissue: 0/0 concordant.
PIK3R4,585,survived,up,3,0,0,Same-tissue replication: 3/3 concordant. Cross-tissue: 0/0 concordant.
APLF,586,eliminated,up,1,2,0,"Significant opposite direction in same-tissue dataset(s): ['GSE32323', 'GSE39582']. Discovery direction: up."
BCOR,586,survived,up,3,0,0,Same-tissue replication: 3/3 concordant. Cross-tissue: 0/0 concordant.
LZTFL1,586,survived,up,3,0,0,Same-tissue replication: 3/3 concordant. Cross-tissue: 0/0 concordant.
RHOQ,586,survived,up,3,0,0,Same-tissue replication: 3/3 concordant. Cross-tissue: 0/0 concordant.
CSF2RB,587,survived,down,2,0,0,Same-tissue replication: 2/3 concordant. Cross-tissue: 0/0 concordant.
GFI1,587,survived,down,3,0,0,Same-tissue replication: 3/3 concordant. Cross-tissue: 0/0 concordant.
KLHL13,587,survived,down,3,0,0,Same-tissue replication: 3/3 concordant. Cross-tissue: 0/0 concordant.
LY96,587,survived,down,2,0,0,Same-tissue replication: 2/3 concordant. Cross-tissue: 0/0 concordant.
PYGM,587,survived,down,3,0,0,Same-tissue replication: 3/3 concordant. Cross-tissue: 0/0 concordant.
HSPB7,588,survived,down,1,0,0,Same-tissue replication: 1/3 concordant. Cross-tissue: 0/0 concordant.
RETREG1,588,survived,down,3,0,0,Same-tissue replication: 3/3 concordant. Cross-tissue: 0/0 concordant.
SULT1E1,588,survived,down,1,0,0,Same-tissue replication: 1/3 concordant. Cross-tissue: 0/0 concordant.
SYT17,588,survived,down,2,0,0,Same-tissue replication: 2/3 concordant. Cross-tissue: 0/0 concordant.
F3,589,survived,up,2,0,0,Same-tissue replication: 2/3 concordant. Cross-tissue: 0/0 concordant.
GAS1,589,survived,up,2,0,0,Same-tissue replication: 2/3 concordant. Cross-tissue: 0/0 concordant.
MLLT10,589,survived,up,3,0,0,Same-tissue replication: 3/3 concordant. Cross-tissue: 0/0 concordant.
N4BP1,589,eliminated,up,1,2,0,"Significant opposite direction in same-tissue dataset(s): ['GSE32323', 'GSE39582']. Discovery direction: up."
ALDH6A1,590,survived,down,3,0,0,Same-tissue replication: 3/3 concordant. Cross-tissue: 0/0 concordant.
BKGD,590,survived,down,3,0,0,Same-tissue replication: 3/3 concordant. Cross-tissue: 0/0 concordant.
CDC42EP5,590,survived,down,3,0,0,Same-tissue replication: 3/3 concordant. Cross-tissue: 0/0 concordant.
CHP1,590,survived,down,3,0,0,Same-tissue replication: 3/3 concordant. Cross-tissue: 0/0 concordant.
ELL3,590,survived,down,2,0,0,Same-tissue replication: 2/3 concordant. Cross-tissue: 0/0 concordant.
GAREM1,590,survived,down,3,0,0,Same-tissue replication: 3/3 concordant. Cross-tissue: 0/0 concordant.
GYPB,590,survived,down,3,0,0,Same-tissue replication: 3/3 concordant. Cross-tissue: 0/0 concordant.
HADHB,590,survived,down,3,0,0,Same-tissue replication: 3/3 concordant. Cross-tissue: 0/0 concordant.
RAP1A,590,survived,down,3,0,0,Same-tissue replication: 3/3 concordant. Cross-tissue: 0/0 concordant.
RNF138,590,survived,down,3,0,0,Same-tissue replication: 3/3 concordant. Cross-tissue: 0/0 concordant.
SLC35A3,590,survived,down,3,0,0,Same-tissue replication: 3/3 concordant. Cross-tissue: 0/0 concordant.
STX12,590,survived,down,3,0,0,Same-tissue replication: 3/3 concordant. Cross-tissue: 0/0 concordant.
USP53,590,survived,down,3,0,0,Same-tissue replication: 3/3 concordant. Cross-tissue: 0/0 concordant.
BLTP1,591,survived,down,3,0,0,Same-tissue replication: 3/3 concordant. Cross-tissue: 0/0 concordant.
EAPP,591,survived,down,3,0,0,Same-tissue replication: 3/3 concordant. Cross-tissue: 0/0 concordant.
ETFA,591,survived,down,3,0,0,Same-tissue replication: 3/3 concordant. Cross-tissue: 0/0 concordant.
FBXO8,591,survived,down,3,0,0,Same-tissue replication: 3/3 concordant. Cross-tissue: 0/0 concordant.
KLF3,591,survived,down,3,0,0,Same-tissue replication: 3/3 concordant. Cross-tissue: 0/0 concordant.
MAGI3,591,survived,down,3,0,0,Same-tissue replication: 3/3 concordant. Cross-tissue: 0/0 concordant.
EPAS1,592,survived,down,3,0,0,Same-tissue replication: 3/3 concordant. Cross-tissue: 0/0 concordant.
HECTD2,592,survived,down,3,0,0,Same-tissue replication: 3/3 concordant. Cross-tissue: 0/0 concordant.
LHFPL2,592,survived,down,3,0,0,Same-tissue replication: 3/3 concordant. Cross-tissue: 0/0 concordant.
PIP5K1B,592,survived,down,3,0,0,Same-tissue replication: 3/3 concordant. Cross-tissue: 0/0 concordant.
PPP2CB,592,survived,down,3,0,0,Same-tissue replication: 3/3 concordant. Cross-tissue: 0/0 concordant.
PTGR3,592,survived,down,3,0,0,Same-tissue replication: 3/3 concordant. Cross-tissue: 0/0 concordant.
SOS2,592,survived,down,3,0,0,Same-tissue replication: 3/3 concordant. Cross-tissue: 0/0 concordant.
TMEM59,592,survived,down,3,0,0,Same-tissue replication: 3/3 concordant. Cross-tissue: 0/0 concordant.
TMEM9B,592,survived,down,3,0,0,Same-tissue replication: 3/3 concordant. Cross-tissue: 0/0 concordant.
ASIC1,593,survived,up,3,0,0,Same-tissue replication: 3/3 concordant. Cross-tissue: 0/0 concordant.
CDK7,593,survived,up,3,0,0,Same-tissue replication: 3/3 concordant. Cross-tissue: 0/0 concordant.
CFAP68,593,survived,up,3,0,0,Same-tissue replication: 3/3 concordant. Cross-tissue: 0/0 concordant.
CSRNP2,593,survived,up,3,0,0,Same-tissue replication: 3/3 concordant. Cross-tissue: 0/0 concordant.
IGFBP7,593,survived,up,3,0,0,Same-tissue replication: 3/3 concordant. Cross-tissue: 0/0 concordant.
IL24,593,survived,up,3,0,0,Same-tissue replication: 3/3 concordant. Cross-tissue: 0/0 concordant.
KCTD6,593,survived,up,3,0,0,Same-tissue replication: 3/3 concordant. Cross-tissue: 0/0 concordant.
LRRC2,593,survived,up,3,0,0,Same-tissue replication: 3/3 concordant. Cross-tissue: 0/0 concordant.
NPTX2,593,survived,up,3,0,0,Same-tissue replication: 3/3 concordant. Cross-tissue: 0/0 concordant.
NUP160,593,survived,up,3,0,0,Same-tissue replication: 3/3 concordant. Cross-tissue: 0/0 concordant.
PDE7A,593,survived,up,3,0,0,Same-tissue replication: 3/3 concordant. Cross-tissue: 0/0 concordant.
PPL,593,survived,up,3,0,0,Same-tissue replication: 3/3 concordant. Cross-tissue: 0/0 concordant.
PPT1,593,survived,up,3,0,0,Same-tissue replication: 3/3 concordant. Cross-tissue: 0/0 concordant.
PTGES,593,survived,up,3,0,0,Same-tissue replication: 3/3 concordant. Cross-tissue: 0/0 concordant.
RASSF10,593,survived,up,3,0,0,Same-tissue replication: 3/3 concordant. Cross-tissue: 0/0 concordant.
WDR19,593,survived,up,3,0,0,Same-tissue replication: 3/3 concordant. Cross-tissue: 0/0 concordant.
WIF1,593,survived,up,3,0,0,Same-tissue replication: 3/3 concordant. Cross-tissue: 0/0 concordant.
FMNL2,594,survived,up,3,0,0,Same-tissue replication: 3/3 concordant. Cross-tissue: 0/0 concordant.
ITGB8,594,survived,up,3,0,0,Same-tissue replication: 3/3 concordant. Cross-tissue: 0/0 concordant.
MCRIP1,594,survived,up,3,0,0,Same-tissue replication: 3/3 concordant. Cross-tissue: 0/0 concordant.
OBSL1,594,survived,up,2,0,0,Same-tissue replication: 2/3 concordant. Cross-tissue: 0/0 concordant.
PIPOX,594,survived,up,3,0,0,Same-tissue replication: 3/3 concordant. Cross-tissue: 0/0 concordant.
PLEKHB1,594,survived,up,3,0,0,Same-tissue replication: 3/3 concordant. Cross-tissue: 0/0 concordant.
RIIAD1,594,survived,up,3,0,0,Same-tissue replication: 3/3 concordant. Cross-tissue: 0/0 concordant.
BRD4,595,eliminated,up,2,1,0,Significant opposite direction in same-tissue dataset(s): ['GSE32323']. Discovery direction: up.
C1QTNF5,595,survived,up,3,0,0,Same-tissue replication: 3/3 concordant. Cross-tissue: 0/0 concordant.
CACNA1D,595,survived,up,3,0,0,Same-tissue replication: 3/3 concordant. Cross-tissue: 0/0 concordant.
CENPL,595,survived,up,3,0,0,Same-tissue replication: 3/3 concordant. Cross-tissue: 0/0 concordant.
DEPDC1B,595,survived,up,3,0,0,Same-tissue replication: 3/3 concordant. Cross-tissue: 0/0 concordant.
FADS2,595,survived,up,3,0,0,Same-tissue replication: 3/3 concordant. Cross-tissue: 0/0 concordant.
FAM219A,595,survived,up,3,0,0,Same-tissue replication: 3/3 concordant. Cross-tissue: 0/0 concordant.
KHDRBS3,595,survived,up,3,0,0,Same-tissue replication: 3/3 concordant. Cross-tissue: 0/0 concordant.
MTBP,595,survived,up,3,0,0,Same-tissue replication: 3/3 concordant. Cross-tissue: 0/0 concordant.
ODAM,595,survived,up,3,0,0,Same-tissue replication: 3/3 concordant. Cross-tissue: 0/0 concordant.
PLCB4,595,survived,up,3,0,0,Same-tissue replication: 3/3 concordant. Cross-tissue: 0/0 concordant.
PLPP4,595,survived,up,3,0,0,Same-tissue replication: 3/3 concordant. Cross-tissue: 0/0 concordant.
RFT1,595,survived,up,3,0,0,Same-tissue replication: 3/3 concordant. Cross-tissue: 0/0 concordant.
SELENOI,595,survived,up,3,0,0,Same-tissue replication: 3/3 concordant. Cross-tissue: 0/0 concordant.
ZNF282,595,survived,up,3,0,0,Same-tissue replication: 3/3 concordant. Cross-tissue: 0/0 concordant.
ANKRD39,596,survived,up,3,0,0,Same-tissue replication: 3/3 concordant. Cross-tissue: 0/0 concordant.
DDX18,596,survived,up,3,0,0,Same-tissue replication: 3/3 concordant. Cross-tissue: 0/0 concordant.
FOCAD,596,survived,up,3,0,0,Same-tissue replication: 3/3 concordant. Cross-tissue: 0/0 concordant.
IQCB1,596,survived,up,3,0,0,Same-tissue replication: 3/3 concordant. Cross-tissue: 0/0 concordant.
NKAP,596,survived,up,3,0,0,Same-tissue replication: 3/3 concordant. Cross-tissue: 0/0 concordant.
PNPO,596,survived,up,3,0,0,Same-tissue replication: 3/3 concordant. Cross-tissue: 0/0 concordant.
WBP11,596,survived,up,3,0,0,Same-tissue replication: 3/3 concordant. Cross-tissue: 0/0 concordant.
ZNF200,596,survived,up,3,0,0,Same-tissue replication: 3/3 concordant. Cross-tissue: 0/0 concordant.
ZNF574,596,survived,up,3,0,0,Same-tissue replication: 3/3 concordant. Cross-tissue: 0/0 concordant.
ACTR5,597,survived,up,3,0,0,Same-tissue replication: 3/3 concordant. Cross-tissue: 0/0 concordant.
PIGU,597,survived,up,3,0,0,Same-tissue replication: 3/3 concordant. Cross-tissue: 0/0 concordant.
PIR,597,survived,up,3,0,0,Same-tissue replication: 3/3 concordant. Cross-tissue: 0/0 concordant.
RUVBL2,597,survived,up,3,0,0,Same-tissue replication: 3/3 concordant. Cross-tissue: 0/0 concordant.
STAU1,597,survived,up,3,0,0,Same-tissue replication: 3/3 concordant. Cross-tissue: 0/0 concordant.
ADNP,598,survived,up,3,0,0,Same-tissue replication: 3/3 concordant. Cross-tissue: 0/0 concordant.
COMT,598,survived,up,3,0,0,Same-tissue replication: 3/3 concordant. Cross-tissue: 0/0 concordant.
MCM3,598,survived,up,3,0,0,Same-tissue replication: 3/3 concordant. Cross-tissue: 0/0 concordant.
NCOR2,598,survived,up,3,0,0,Same-tissue replication: 3/3 concordant. Cross-tissue: 0/0 concordant.
REXO2,598,survived,up,3,0,0,Same-tissue replication: 3/3 concordant. Cross-tissue: 0/0 concordant.
SSB,598,survived,up,3,0,0,Same-tissue replication: 3/3 concordant. Cross-tissue: 0/0 concordant.
TNFRSF10B,598,survived,up,3,0,0,Same-tissue replication: 3/3 concordant. Cross-tissue: 0/0 concordant.
TRRAP,598,survived,up,3,0,0,Same-tissue replication: 3/3 concordant. Cross-tissue: 0/0 concordant.
HNRNPU,599,survived,up,3,0,0,Same-tissue replication: 3/3 concordant. Cross-tissue: 0/0 concordant.
NOPCHAP1,599,survived,up,3,0,0,Same-tissue replication: 3/3 concordant. Cross-tissue: 0/0 concordant.
PABPC1,599,survived,up,3,0,0,Same-tissue replication: 3/3 concordant. Cross-tissue: 0/0 concordant.
PAIP1,599,survived,up,3,0,0,Same-tissue replication: 3/3 concordant. Cross-tissue: 0/0 concordant.
RECQL,599,survived,up,3,0,0,Same-tissue replication: 3/3 concordant. Cross-tissue: 0/0 concordant.
RP9,599,survived,up,3,0,0,Same-tissue replication: 3/3 concordant. Cross-tissue: 0/0 concordant.
SRP68,599,survived,up,3,0,0,Same-tissue replication: 3/3 concordant. Cross-tissue: 0/0 concordant.
TNFAIP8L1,599,survived,up,3,0,0,Same-tissue replication: 3/3 concordant. Cross-tissue: 0/0 concordant.
ARL5B,600,survived,up,2,0,0,Same-tissue replication: 2/3 concordant. Cross-tissue: 0/0 concordant.
EPSTI1,600,survived,up,3,0,0,Same-tissue replication: 3/3 concordant. Cross-tissue: 0/0 concordant.
GRPEL1,600,survived,up,3,0,0,Same-tissue replication: 3/3 concordant. Cross-tissue: 0/0 concordant.
METTL26,600,survived,up,3,0,0,Same-tissue replication: 3/3 concordant. Cross-tissue: 0/0 concordant.
NABP1,600,survived,up,2,0,0,Same-tissue replication: 2/3 concordant. Cross-tissue: 0/0 concordant.
ODC1,600,survived,up,3,0,0,Same-tissue replication: 3/3 concordant. Cross-tissue: 0/0 concordant.
PCBD1,600,survived,up,3,0,0,Same-tissue replication: 3/3 concordant. Cross-tissue: 0/0 concordant.
PEA15,600,survived,up,3,0,0,Same-tissue replication: 3/3 concordant. Cross-tissue: 0/0 concordant.
ZNF275,600,survived,up,3,0,0,Same-tissue replication: 3/3 concordant. Cross-tissue: 0/0 concordant.
AGR3,602,survived,down,3,0,0,Same-tissue replication: 3/3 concordant. Cross-tissue: 0/0 concordant.
B3GNT7,602,survived,down,3,0,0,Same-tissue replication: 3/3 concordant. Cross-tissue: 0/0 concordant.
CHRDL1,602,survived,down,3,0,0,Same-tissue replication: 3/3 concordant. Cross-tissue: 0/0 concordant.
FABP1,602,survived,down,3,0,0,Same-tissue replication: 3/3 concordant. Cross-tissue: 0/0 concordant.
IL6R,602,survived,down,3,0,0,Same-tissue replication: 3/3 concordant. Cross-tissue: 0/0 concordant.
MT1E,602,survived,down,3,0,0,Same-tissue replication: 3/3 concordant. Cross-tissue: 0/0 concordant.
NAP1L2,602,survived,down,3,0,0,Same-tissue replication: 3/3 concordant. Cross-tissue: 0/0 concordant.
NPY1R,602,survived,down,3,0,0,Same-tissue replication: 3/3 concordant. Cross-tissue: 0/0 concordant.
NR3C2,602,survived,down,3,0,0,Same-tissue replication: 3/3 concordant. Cross-tissue: 0/0 concordant.
NXPE1,602,survived,down,3,0,0,Same-tissue replication: 3/3 concordant. Cross-tissue: 0/0 concordant.
P2RY1,602,survived,down,3,0,0,Same-tissue replication: 3/3 concordant. Cross-tissue: 0/0 concordant.
PLCL2,602,survived,down,3,0,0,Same-tissue replication: 3/3 concordant. Cross-tissue: 0/0 concordant.
SEMA6A,602,survived,down,3,0,0,Same-tissue replication: 3/3 concordant. Cross-tissue: 0/0 concordant.
SEMA6D,602,survived,down,3,0,0,Same-tissue replication: 3/3 concordant. Cross-tissue: 0/0 concordant.
SMPDL3A,602,survived,down,3,0,0,Same-tissue replication: 3/3 concordant. Cross-tissue: 0/0 concordant.
TMEM37,602,survived,down,3,0,0,Same-tissue replication: 3/3 concordant. Cross-tissue: 0/0 concordant.
TSPAN1,602,survived,down,3,0,0,Same-tissue replication: 3/3 concordant. Cross-tissue: 0/0 concordant.
GALNT18,603,survived,up,3,0,0,Same-tissue replication: 3/3 concordant. Cross-tissue: 0/0 concordant.
HSD17B1,603,survived,up,2,0,0,Same-tissue replication: 2/3 concordant. Cross-tissue: 0/0 concordant.
PIGM,603,survived,up,3,0,0,Same-tissue replication: 3/3 concordant. Cross-tissue: 0/0 concordant.
RPL26L1,603,survived,up,3,0,0,Same-tissue replication: 3/3 concordant. Cross-tissue: 0/0 concordant.
SMNDC1,603,survived,up,3,0,0,Same-tissue replication: 3/3 concordant. Cross-tissue: 0/0 concordant.
HSPE1,604,survived,up,3,0,0,Same-tissue replication: 3/3 concordant. Cross-tissue: 0/0 concordant.
HYOU1,604,eliminated,up,2,1,0,Significant opposite direction in same-tissue dataset(s): ['GSE32323']. Discovery direction: up.
LYRM1,604,survived,up,3,0,0,Same-tissue replication: 3/3 concordant. Cross-tissue: 0/0 concordant.
METTL13,604,survived,up,3,0,0,Same-tissue replication: 3/3 concordant. Cross-tissue: 0/0 concordant.
MRPS10,604,survived,up,3,0,0,Same-tissue replication: 3/3 concordant. Cross-tissue: 0/0 concordant.
NDC1,604,survived,up,3,0,0,Same-tissue replication: 3/3 concordant. Cross-tissue: 0/0 concordant.
PAAF1,604,survived,up,3,0,0,Same-tissue replication: 3/3 concordant. Cross-tissue: 0/0 concordant.
PDCD2,604,survived,up,3,0,0,Same-tissue replication: 3/3 concordant. Cross-tissue: 0/0 concordant.
PRPS2,604,survived,up,3,0,0,Same-tissue replication: 3/3 concordant. Cross-tissue: 0/0 concordant.
RPL36,604,survived,up,3,0,0,Same-tissue replication: 3/3 concordant. Cross-tissue: 0/0 concordant.
WDR5,604,survived,up,3,0,0,Same-tissue replication: 3/3 concordant. Cross-tissue: 0/0 concordant.
COLGALT1,605,survived,up,3,0,0,Same-tissue replication: 3/3 concordant. Cross-tissue: 0/0 concordant.
DPM2,605,survived,up,3,0,0,Same-tissue replication: 3/3 concordant. Cross-tissue: 0/0 concordant.
EFNA4,605,survived,up,3,0,0,Same-tissue replication: 3/3 concordant. Cross-tissue: 0/0 concordant.
GRHL2,605,survived,up,3,0,0,Same-tissue replication: 3/3 concordant. Cross-tissue: 0/0 concordant.
HIKESHI,605,survived,up,3,0,0,Same-tissue replication: 3/3 concordant. Cross-tissue: 0/0 concordant.
HNRNPUL1,605,survived,up,3,0,0,Same-tissue replication: 3/3 concordant. Cross-tissue: 0/0 concordant.
MRI1,605,survived,up,3,0,0,Same-tissue replication: 3/3 concordant. Cross-tissue: 0/0 concordant.
NABP2,605,survived,up,3,0,0,Same-tissue replication: 3/3 concordant. Cross-tissue: 0/0 concordant.
NOL11,605,survived,up,3,0,0,Same-tissue replication: 3/3 concordant. Cross-tissue: 0/0 concordant.
PSMD13,605,survived,up,3,0,0,Same-tissue replication: 3/3 concordant. Cross-tissue: 0/0 concordant.
RLIG1,605,survived,up,3,0,0,Same-tissue replication: 3/3 concordant. Cross-tissue: 0/0 concordant.
RNASEH2B,605,survived,up,2,0,0,Same-tissue replication: 2/3 concordant. Cross-tissue: 0/0 concordant.
SAC3D1,605,survived,up,3,0,0,Same-tissue replication: 3/3 concordant. Cross-tissue: 0/0 concordant.
SDC4,605,survived,up,3,0,0,Same-tissue replication: 3/3 concordant. Cross-tissue: 0/0 concordant.
SLC38A7,605,survived,up,3,0,0,Same-tissue replication: 3/3 concordant. Cross-tissue: 0/0 concordant.
UBL4A,605,survived,up,3,0,0,Same-tissue replication: 3/3 concordant. Cross-tissue: 0/0 concordant.
CDK2,606,survived,up,3,0,0,Same-tissue replication: 3/3 concordant. Cross-tissue: 0/0 concordant.
DPM1,606,survived,up,3,0,0,Same-tissue replication: 3/3 concordant. Cross-tissue: 0/0 concordant.
FTSJ1,606,survived,up,3,0,0,Same-tissue replication: 3/3 concordant. Cross-tissue: 0/0 concordant.
GLO1,606,survived,up,3,0,0,Same-tissue replication: 3/3 concordant. Cross-tissue: 0/0 concordant.
POP7,606,survived,up,3,0,0,Same-tissue replication: 3/3 concordant. Cross-tissue: 0/0 concordant.
PXYLP1,606,survived,up,3,0,0,Same-tissue replication: 3/3 concordant. Cross-tissue: 0/0 concordant.
SND1,606,survived,up,3,0,0,Same-tissue replication: 3/3 concordant. Cross-tissue: 0/0 concordant.
TDRKH,606,survived,up,3,0,0,Same-tissue replication: 3/3 concordant. Cross-tissue: 0/0 concordant.
PTPA,607,eliminated,up,2,1,0,Significant opposite direction in same-tissue dataset(s): ['GSE32323']. Discovery direction: up.
RNF19A,607,survived,down,3,0,0,Same-tissue replication: 3/3 concordant. Cross-tissue: 0/0 concordant.
SHFL,607,survived,up,2,0,0,Same-tissue replication: 2/3 concordant. Cross-tissue: 0/0 concordant.
SPOP,607,survived,down,1,0,0,Same-tissue replication: 1/3 concordant. Cross-tissue: 0/0 concordant.
STK3,607,survived,up,3,0,0,Same-tissue replication: 3/3 concordant. Cross-tissue: 0/0 concordant.
TAF2,607,survived,up,3,0,0,Same-tissue replication: 3/3 concordant. Cross-tissue: 0/0 concordant.
AASDHPPT,608,survived,up,3,0,0,Same-tissue replication: 3/3 concordant. Cross-tissue: 0/0 concordant.
ANKRD22,608,survived,up,2,0,0,Same-tissue replication: 2/3 concordant. Cross-tissue: 0/0 concordant.
KIRREL1,608,survived,up,3,0,0,Same-tissue replication: 3/3 concordant. Cross-tissue: 0/0 concordant.
SEMA4C,608,survived,up,3,0,0,Same-tissue replication: 3/3 concordant. Cross-tissue: 0/0 concordant.
TSEN15,608,survived,up,3,0,0,Same-tissue replication: 3/3 concordant. Cross-tissue: 0/0 concordant.
CDK12,609,survived,up,3,0,0,Same-tissue replication: 3/3 concordant. Cross-tissue: 0/0 concordant.
FSCN1,609,survived,up,3,0,0,Same-tissue replication: 3/3 concordant. Cross-tissue: 0/0 concordant.
FZD6,609,survived,up,3,0,0,Same-tissue replication: 3/3 concordant. Cross-tissue: 0/0 concordant.
GPX2,609,survived,up,3,0,0,Same-tissue replication: 3/3 concordant. Cross-tissue: 0/0 concordant.
TNFRSF11B,609,survived,up,3,0,0,Same-tissue replication: 3/3 concordant. Cross-tissue: 0/0 concordant.
ATAD5,610,survived,up,3,0,0,Same-tissue replication: 3/3 concordant. Cross-tissue: 0/0 concordant.
C17orf75,610,survived,up,3,0,0,Same-tissue replication: 3/3 concordant. Cross-tissue: 0/0 concordant.
DENND6A,610,survived,up,3,0,0,Same-tissue replication: 3/3 concordant. Cross-tissue: 0/0 concordant.
EIF3I,610,survived,up,3,0,0,Same-tissue replication: 3/3 concordant. Cross-tissue: 0/0 concordant.
GPS1,610,survived,up,3,0,0,Same-tissue replication: 3/3 concordant. Cross-tissue: 0/0 concordant.
METTL8,610,survived,up,3,0,0,Same-tissue replication: 3/3 concordant. Cross-tissue: 0/0 concordant.
PSMA3,610,survived,up,3,0,0,Same-tissue replication: 3/3 concordant. Cross-tissue: 0/0 concordant.
PUS3,610,survived,up,3,0,0,Same-tissue replication: 3/3 concordant. Cross-tissue: 0/0 concordant.
THADA,610,survived,up,3,0,0,Same-tissue replication: 3/3 concordant. Cross-tissue: 0/0 concordant.
VKORC1,610,survived,up,3,0,0,Same-tissue replication: 3/3 concordant. Cross-tissue: 0/0 concordant.
ARMCX5,611,survived,up,3,0,0,Same-tissue replication: 3/3 concordant. Cross-tissue: 0/0 concordant.
AVL9,611,survived,up,2,0,0,Same-tissue replication: 2/3 concordant. Cross-tissue: 0/0 concordant.
GNL2,611,survived,up,3,0,0,Same-tissue replication: 3/3 concordant. Cross-tissue: 0/0 concordant.
MCMBP,611,survived,up,3,0,0,Same-tissue replication: 3/3 concordant. Cross-tissue: 0/0 concordant.
SURF6,611,survived,up,3,0,0,Same-tissue replication: 3/3 concordant. Cross-tissue: 0/0 concordant.
EFNA3,612,survived,up,3,0,0,Same-tissue replication: 3/3 concordant. Cross-tissue: 0/0 concordant.
IL13RA2,612,survived,up,3,0,0,Same-tissue replication: 3/3 concordant. Cross-tissue: 0/0 concordant.
IL17RD,612,survived,up,3,0,0,Same-tissue replication: 3/3 concordant. Cross-tissue: 0/0 concordant.
PRRX1,612,survived,up,3,0,0,Same-tissue replication: 3/3 concordant. Cross-tissue: 0/0 concordant.
S100A9,612,survived,up,3,0,0,Same-tissue replication: 3/3 concordant. Cross-tissue: 0/0 concordant.
TDO2,612,survived,up,3,0,0,Same-tissue replication: 3/3 concordant. Cross-tissue: 0/0 concordant.
CDC25A,613,survived,up,3,0,0,Same-tissue replication: 3/3 concordant. Cross-tissue: 0/0 concordant.
DNAJC6,613,survived,up,3,0,0,Same-tissue replication: 3/3 concordant. Cross-tissue: 0/0 concordant.
FAIM2,613,eliminated,up,2,1,0,Significant opposite direction in same-tissue dataset(s): ['GSE32323']. Discovery direction: up.
FCGR3B,613,survived,up,3,0,0,Same-tissue replication: 3/3 concordant. Cross-tissue: 0/0 concordant.
GPR180,613,survived,up,3,0,0,Same-tissue replication: 3/3 concordant. Cross-tissue: 0/0 concordant.
PRSS33,613,survived,up,3,0,0,Same-tissue replication: 3/3 concordant. Cross-tissue: 0/0 concordant.
SALL4,613,survived,up,3,0,0,Same-tissue replication: 3/3 concordant. Cross-tissue: 0/0 concordant.
SERPINE1,613,survived,up,3,0,0,Same-tissue replication: 3/3 concordant. Cross-tissue: 0/0 concordant.
SH3TC2,613,survived,up,3,0,0,Same-tissue replication: 3/3 concordant. Cross-tissue: 0/0 concordant.
SLC5A1,613,survived,up,3,0,0,Same-tissue replication: 3/3 concordant. Cross-tissue: 0/0 concordant.
TNFAIP6,613,survived,up,3,0,0,Same-tissue replication: 3/3 concordant. Cross-tissue: 0/0 concordant.
ZIC2,613,survived,up,3,0,0,Same-tissue replication: 3/3 concordant. Cross-tissue: 0/0 concordant.
ABI2,614,survived,up,3,0,0,Same-tissue replication: 3/3 concordant. Cross-tissue: 0/0 concordant.
AP1S1,614,survived,up,3,0,0,Same-tissue replication: 3/3 concordant. Cross-tissue: 0/0 concordant.
COL4A2,614,survived,up,3,0,0,Same-tissue replication: 3/3 concordant. Cross-tissue: 0/0 concordant.
LRCH1,614,survived,up,3,0,0,Same-tissue replication: 3/3 concordant. Cross-tissue: 0/0 concordant.
PELO,614,survived,up,3,0,0,Same-tissue replication: 3/3 concordant. Cross-tissue: 0/0 concordant.
SLC35B4,614,survived,up,3,0,0,Same-tissue replication: 3/3 concordant. Cross-tissue: 0/0 concordant.
TRNP1,614,survived,up,3,0,0,Same-tissue replication: 3/3 concordant. Cross-tissue: 0/0 concordant.
USP11,614,survived,up,3,0,0,Same-tissue replication: 3/3 concordant. Cross-tissue: 0/0 concordant.
WDR62,614,survived,up,2,0,0,Same-tissue replication: 2/3 concordant. Cross-tissue: 0/0 concordant.
BBS12,615,survived,down,3,0,0,Same-tissue replication: 3/3 concordant. Cross-tissue: 0/0 concordant.
BCL2L13,615,survived,down,3,0,0,Same-tissue replication: 3/3 concordant. Cross-tissue: 0/0 concordant.
DENND4A,615,survived,down,1,0,0,Same-tissue replication: 1/3 concordant. Cross-tissue: 0/0 concordant.
KCTD18,615,survived,down,2,0,0,Same-tissue replication: 2/3 concordant. Cross-tissue: 0/0 concordant.
LINS1,615,survived,down,3,0,0,Same-tissue replication: 3/3 concordant. Cross-tissue: 0/0 concordant.
OSBPL11,615,survived,down,3,0,0,Same-tissue replication: 3/3 concordant. Cross-tissue: 0/0 concordant.
PIAS1,615,survived,down,2,0,0,Same-tissue replication: 2/3 concordant. Cross-tissue: 0/0 concordant.
RNF38,615,survived,down,3,0,0,Same-tissue replication: 3/3 concordant. Cross-tissue: 0/0 concordant.
RNFT1,615,survived,down,3,0,0,Same-tissue replication: 3/3 concordant. Cross-tissue: 0/0 concordant.
SNX19,615,survived,down,3,0,0,Same-tissue replication: 3/3 concordant. Cross-tissue: 0/0 concordant.
SRR,615,survived,down,3,0,0,Same-tissue replication: 3/3 concordant. Cross-tissue: 0/0 concordant.
TLK1,615,survived,down,3,0,0,Same-tissue replication: 3/3 concordant. Cross-tissue: 0/0 concordant.
UFL1,615,survived,down,2,0,0,Same-tissue replication: 2/3 concordant. Cross-tissue: 0/0 concordant.
UFSP2,615,survived,down,0,0,0,Same-tissue replication: 0/3 concordant. Cross-tissue: 0/0 concordant.
ZNF615,615,survived,down,2,0,0,Same-tissue replication: 2/3 concordant. Cross-tissue: 0/0 concordant.
DIPK2A,618,eliminated,down,1,2,0,"Significant opposite direction in same-tissue dataset(s): ['GSE37364', 'GSE39582']. Discovery direction: down."
FN3KRP,618,eliminated,up,2,1,0,Significant opposite direction in same-tissue dataset(s): ['GSE37364']. Discovery direction: up.
LANCL1,618,eliminated,down,0,2,0,"Significant opposite direction in same-tissue dataset(s): ['GSE32323', 'GSE39582']. Discovery direction: down."
NOP10,618,eliminated,down,1,1,0,Significant opposite direction in same-tissue dataset(s): ['GSE37364']. Discovery direction: down.
P2RX5,618,survived,down,3,0,0,Same-tissue replication: 3/3 concordant. Cross-tissue: 0/0 concordant.
EGLN1,619,survived,down,3,0,0,Same-tissue replication: 3/3 concordant. Cross-tissue: 0/0 concordant.
HDHD2,619,survived,down,3,0,0,Same-tissue replication: 3/3 concordant. Cross-tissue: 0/0 concordant.
LYRM7,619,survived,down,2,0,0,Same-tissue replication: 2/3 concordant. Cross-tissue: 0/0 concordant.
NUDT7,619,survived,down,2,0,0,Same-tissue replication: 2/3 concordant. Cross-tissue: 0/0 concordant.
PIGN,619,survived,down,3,0,0,Same-tissue replication: 3/3 concordant. Cross-tissue: 0/0 concordant.
SEL1L,619,survived,down,3,0,0,Same-tissue replication: 3/3 concordant. Cross-tissue: 0/0 concordant.
SPTSSA,619,survived,down,3,0,0,Same-tissue replication: 3/3 concordant. Cross-tissue: 0/0 concordant.
UQCRC2,619,survived,down,3,0,0,Same-tissue replication: 3/3 concordant. Cross-tissue: 0/0 concordant.
ZFP91,619,survived,down,3,0,0,Same-tissue replication: 3/3 concordant. Cross-tissue: 0/0 concordant.
AP3M2,620,survived,up,3,0,0,Same-tissue replication: 3/3 concordant. Cross-tissue: 0/0 concordant.
COL5A3,620,eliminated,up,2,1,0,Significant opposite direction in same-tissue dataset(s): ['GSE32323']. Discovery direction: up.
INTS6,620,survived,up,3,0,0,Same-tissue replication: 3/3 concordant. Cross-tissue: 0/0 concordant.
MOGS,620,survived,up,3,0,0,Same-tissue replication: 3/3 concordant. Cross-tissue: 0/0 concordant.
OIP5,620,survived,up,3,0,0,Same-tissue replication: 3/3 concordant. Cross-tissue: 0/0 concordant.
SOX12,620,survived,up,3,0,0,Same-tissue replication: 3/3 concordant. Cross-tissue: 0/0 concordant.
SURF2,620,survived,up,2,0,0,Same-tissue replication: 2/3 concordant. Cross-tissue: 0/0 concordant.
ZNF267,620,survived,up,3,0,0,Same-tissue replication: 3/3 concordant. Cross-tissue: 0/0 concordant.
AMMECR1,621,survived,up,3,0,0,Same-tissue replication: 3/3 concordant. Cross-tissue: 0/0 concordant.
BAIAP2L1,621,survived,up,2,0,0,Same-tissue replication: 2/3 concordant. Cross-tissue: 0/0 concordant.
CCDC124,621,survived,up,3,0,0,Same-tissue replication: 3/3 concordant. Cross-tissue: 0/0 concordant.
CEP41,621,survived,up,3,0,0,Same-tissue replication: 3/3 concordant. Cross-tissue: 0/0 concordant.
COMP,621,survived,up,3,0,0,Same-tissue replication: 3/3 concordant. Cross-tissue: 0/0 concordant.
COPG2,621,survived,up,3,0,0,Same-tissue replication: 3/3 concordant. Cross-tissue: 0/0 concordant.
DIO2,621,survived,up,3,0,0,Same-tissue replication: 3/3 concordant. Cross-tissue: 0/0 concordant.
EIF5A2,621,survived,up,3,0,0,Same-tissue replication: 3/3 concordant. Cross-tissue: 0/0 concordant.
GEMIN4,621,survived,up,3,0,0,Same-tissue replication: 3/3 concordant. Cross-tissue: 0/0 concordant.
GNG4,621,survived,up,3,0,0,Same-tissue replication: 3/3 concordant. Cross-tissue: 0/0 concordant.
HACD3,621,survived,up,3,0,0,Same-tissue replication: 3/3 concordant. Cross-tissue: 0/0 concordant.
HCAR3,621,survived,up,3,0,0,Same-tissue replication: 3/3 concordant. Cross-tissue: 0/0 concordant.
IL1RN,621,survived,up,2,0,0,Same-tissue replication: 2/3 concordant. Cross-tissue: 0/0 concordant.
KIF11,621,survived,up,3,0,0,Same-tissue replication: 3/3 concordant. Cross-tissue: 0/0 concordant.
KIF15,621,survived,up,3,0,0,Same-tissue replication: 3/3 concordant. Cross-tissue: 0/0 concordant.
KIF18A,621,survived,up,3,0,0,Same-tissue replication: 3/3 concordant. Cross-tissue: 0/0 concordant.
LRRC20,621,survived,up,3,0,0,Same-tissue replication: 3/3 concordant. Cross-tissue: 0/0 concordant.
NMU,621,survived,up,3,0,0,Same-tissue replication: 3/3 concordant. Cross-tissue: 0/0 concordant.
PHKA1,621,survived,up,3,0,0,Same-tissue replication: 3/3 concordant. Cross-tissue: 0/0 concordant.
PITPNC1,621,survived,up,3,0,0,Same-tissue replication: 3/3 concordant. Cross-tissue: 0/0 concordant.
QSOX2,621,survived,up,3,0,0,Same-tissue replication: 3/3 concordant. Cross-tissue: 0/0 concordant.
RAD54L,621,survived,up,3,0,0,Same-tissue replication: 3/3 concordant. Cross-tissue: 0/0 concordant.
RECQL4,621,survived,up,3,0,0,Same-tissue replication: 3/3 concordant. Cross-tissue: 0/0 concordant.
SDHAF4,621,survived,up,3,0,0,Same-tissue replication: 3/3 concordant. Cross-tissue: 0/0 concordant.
SUV39H2,621,survived,up,3,0,0,Same-tissue replication: 3/3 concordant. Cross-tissue: 0/0 concordant.
TK1,621,survived,up,3,0,0,Same-tissue replication: 3/3 concordant. Cross-tissue: 0/0 concordant.
USP27X,621,survived,up,3,0,0,Same-tissue replication: 3/3 concordant. Cross-tissue: 0/0 concordant.
ZFP41,621,survived,up,3,0,0,Same-tissue replication: 3/3 concordant. Cross-tissue: 0/0 concordant.
ZNF367,621,survived,up,3,0,0,Same-tissue replication: 3/3 concordant. Cross-tissue: 0/0 concordant.
ZNF473,621,survived,up,3,0,0,Same-tissue replication: 3/3 concordant. Cross-tissue: 0/0 concordant.
ZNF792,621,survived,up,3,0,0,Same-tissue replication: 3/3 concordant. Cross-tissue: 0/0 concordant.
ZNRD2,621,survived,up,3,0,0,Same-tissue replication: 3/3 concordant. Cross-tissue: 0/0 concordant.
AUTS2,622,survived,up,3,0,0,Same-tissue replication: 3/3 concordant. Cross-tissue: 0/0 concordant.
CCT6B,622,survived,up,3,0,0,Same-tissue replication: 3/3 concordant. Cross-tissue: 0/0 concordant.
MED26,622,survived,up,3,0,0,Same-tissue replication: 3/3 concordant. Cross-tissue: 0/0 concordant.
SLC25A39,622,survived,up,3,0,0,Same-tissue replication: 3/3 concordant. Cross-tissue: 0/0 concordant.
VRK2,622,survived,up,3,0,0,Same-tissue replication: 3/3 concordant. Cross-tissue: 0/0 concordant.
YARS2,622,survived,up,3,0,0,Same-tissue replication: 3/3 concordant. Cross-tissue: 0/0 concordant.
COA4,623,survived,up,3,0,0,Same-tissue replication: 3/3 concordant. Cross-tissue: 0/0 concordant.
ERG28,623,survived,up,2,0,0,Same-tissue replication: 2/3 concordant. Cross-tissue: 0/0 concordant.
GAR1,623,survived,up,3,0,0,Same-tissue replication: 3/3 concordant. Cross-tissue: 0/0 concordant.
KLHL35,623,survived,up,3,0,0,Same-tissue replication: 3/3 concordant. Cross-tissue: 0/0 concordant.
NAXE,623,survived,up,3,0,0,Same-tissue replication: 3/3 concordant. Cross-tissue: 0/0 concordant.
ZC3H8,623,survived,up,3,0,0,Same-tissue replication: 3/3 concordant. Cross-tissue: 0/0 concordant.
ZNF343,623,survived,up,3,0,0,Same-tissue replication: 3/3 concordant. Cross-tissue: 0/0 concordant.
ZNF629,623,survived,up,3,0,0,Same-tissue replication: 3/3 concordant. Cross-tissue: 0/0 concordant.
BANF1,624,survived,up,3,0,0,Same-tissue replication: 3/3 concordant. Cross-tissue: 0/0 concordant.
CNOT11,624,survived,up,2,0,0,Same-tissue replication: 2/3 concordant. Cross-tissue: 0/0 concordant.
MED22,624,survived,up,3,0,0,Same-tissue replication: 3/3 concordant. Cross-tissue: 0/0 concordant.
MYDGF,624,survived,up,2,0,0,Same-tissue replication: 2/3 concordant. Cross-tissue: 0/0 concordant.
PPIF,624,survived,up,3,0,0,Same-tissue replication: 3/3 concordant. Cross-tissue: 0/0 concordant.
RBM17,624,survived,up,3,0,0,Same-tissue replication: 3/3 concordant. Cross-tissue: 0/0 concordant.
RCCD1,624,survived,up,3,0,0,Same-tissue replication: 3/3 concordant. Cross-tissue: 0/0 concordant.
SLC7A6OS,624,survived,up,3,0,0,Same-tissue replication: 3/3 concordant. Cross-tissue: 0/0 concordant.
SPRYD3,624,eliminated,up,2,1,0,Significant opposite direction in same-tissue dataset(s): ['GSE32323']. Discovery direction: up.
TCF19,624,survived,up,3,0,0,Same-tissue replication: 3/3 concordant. Cross-tissue: 0/0 concordant.
TUBA1C,624,survived,up,2,0,0,Same-tissue replication: 2/3 concordant. Cross-tissue: 0/0 concordant.
ZCCHC3,624,survived,up,1,0,0,Same-tissue replication: 1/3 concordant. Cross-tissue: 0/0 concordant.
ZNF706,624,survived,up,3,0,0,Same-tissue replication: 3/3 concordant. Cross-tissue: 0/0 concordant.
AMPD2,625,survived,up,3,0,0,Same-tissue replication: 3/3 concordant. Cross-tissue: 0/0 concordant.
AURKB,625,survived,up,3,0,0,Same-tissue replication: 3/3 concordant. Cross-tissue: 0/0 concordant.
BZW2,625,survived,up,3,0,0,Same-tissue replication: 3/3 concordant. Cross-tissue: 0/0 concordant.
CHCHD2,625,survived,up,3,0,0,Same-tissue replication: 3/3 concordant. Cross-tissue: 0/0 concordant.
CNPY3,625,survived,up,3,0,0,Same-tissue replication: 3/3 concordant. Cross-tissue: 0/0 concordant.
GLRX3,625,survived,up,3,0,0,Same-tissue replication: 3/3 concordant. Cross-tissue: 0/0 concordant.
MCTS1,625,survived,up,3,0,0,Same-tissue replication: 3/3 concordant. Cross-tissue: 0/0 concordant.
MRM2,625,survived,up,3,0,0,Same-tissue replication: 3/3 concordant. Cross-tissue: 0/0 concordant.
MRPL36,625,survived,up,3,0,0,Same-tissue replication: 3/3 concordant. Cross-tissue: 0/0 concordant.
NOTCH1,625,survived,up,3,0,0,Same-tissue replication: 3/3 concordant. Cross-tissue: 0/0 concordant.
RPA3,625,survived,up,3,0,0,Same-tissue replication: 3/3 concordant. Cross-tissue: 0/0 concordant.
YDJC,625,survived,up,3,0,0,Same-tissue replication: 3/3 concordant. Cross-tissue: 0/0 concordant.
DNAJC9,626,survived,up,3,0,0,Same-tissue replication: 3/3 concordant. Cross-tissue: 0/0 concordant.
EIF2S3,626,survived,up,3,0,0,Same-tissue replication: 3/3 concordant. Cross-tissue: 0/0 concordant.
FKBP9,626,survived,up,3,0,0,Same-tissue replication: 3/3 concordant. Cross-tissue: 0/0 concordant.
PDCD5,626,survived,up,3,0,0,Same-tissue replication: 3/3 concordant. Cross-tissue: 0/0 concordant.
PRKDC,626,survived,up,3,0,0,Same-tissue replication: 3/3 concordant. Cross-tissue: 0/0 concordant.
PSMB2,626,survived,up,3,0,0,Same-tissue replication: 3/3 concordant. Cross-tissue: 0/0 concordant.
PTRH2,626,survived,up,3,0,0,Same-tissue replication: 3/3 concordant. Cross-tissue: 0/0 concordant.
TAF4,626,survived,up,3,0,0,Same-tissue replication: 3/3 concordant. Cross-tissue: 0/0 concordant.
TRIM24,626,survived,up,3,0,0,Same-tissue replication: 3/3 concordant. Cross-tissue: 0/0 concordant.
ANOS1,627,survived,up,3,0,0,Same-tissue replication: 3/3 concordant. Cross-tissue: 0/0 concordant.
CEBPB,627,survived,up,3,0,0,Same-tissue replication: 3/3 concordant. Cross-tissue: 0/0 concordant.
PDCD2L,627,survived,up,3,0,0,Same-tissue replication: 3/3 concordant. Cross-tissue: 0/0 concordant.
PLAGL2,627,survived,up,3,0,0,Same-tissue replication: 3/3 concordant. Cross-tissue: 0/0 concordant.
TOMM34,627,survived,up,3,0,0,Same-tissue replication: 3/3 concordant. Cross-tissue: 0/0 concordant.
CPNE1,628,survived,up,3,0,0,Same-tissue replication: 3/3 concordant. Cross-tissue: 0/0 concordant.
FKBP10,628,survived,up,3,0,0,Same-tissue replication: 3/3 concordant. Cross-tissue: 0/0 concordant.
KLHL29,628,survived,up,3,0,0,Same-tissue replication: 3/3 concordant. Cross-tissue: 0/0 concordant.
NANP,628,survived,up,3,0,0,Same-tissue replication: 3/3 concordant. Cross-tissue: 0/0 concordant.
NUFIP1,628,survived,up,3,0,0,Same-tissue replication: 3/3 concordant. Cross-tissue: 0/0 concordant.
SAPCD2,628,survived,up,3,0,0,Same-tissue replication: 3/3 concordant. Cross-tissue: 0/0 concordant.
SLC38A5,628,survived,up,3,0,0,Same-tissue replication: 3/3 concordant. Cross-tissue: 0/0 concordant.
ACVR1C,629,survived,down,3,0,0,Same-tissue replication: 3/3 concordant. Cross-tissue: 0/0 concordant.
CBLN2,629,survived,down,3,0,0,Same-tissue replication: 3/3 concordant. Cross-tissue: 0/0 concordant.
CDHR2,629,survived,down,3,0,0,Same-tissue replication: 3/3 concordant. Cross-tissue: 0/0 concordant.
CLMN,629,survived,down,3,0,0,Same-tissue replication: 3/3 concordant. Cross-tissue: 0/0 concordant.
VIPR1,629,survived,down,3,0,0,Same-tissue replication: 3/3 concordant. Cross-tissue: 0/0 concordant.
CIDEB,630,survived,down,3,0,0,Same-tissue replication: 3/3 concordant. Cross-tissue: 0/0 concordant.
CNR1,630,survived,down,3,0,0,Same-tissue replication: 3/3 concordant. Cross-tissue: 0/0 concordant.
KIT,630,survived,down,3,0,0,Same-tissue replication: 3/3 concordant. Cross-tissue: 0/0 concordant.
PPP2R3A,630,survived,down,3,0,0,Same-tissue replication: 3/3 concordant. Cross-tissue: 0/0 concordant.
SLC41A2,630,survived,down,3,0,0,Same-tissue replication: 3/3 concordant. Cross-tissue: 0/0 concordant.
SYNC,630,survived,down,3,0,0,Same-tissue replication: 3/3 concordant. Cross-tissue: 0/0 concordant.
TCEA3,630,survived,down,3,0,0,Same-tissue replication: 3/3 concordant. Cross-tissue: 0/0 concordant.
TENT5C,630,survived,down,3,0,0,Same-tissue replication: 3/3 concordant. Cross-tissue: 0/0 concordant.
VILL,630,survived,down,3,0,0,Same-tissue replication: 3/3 concordant. Cross-tissue: 0/0 concordant.
DNAJA3,631,survived,up,3,0,0,Same-tissue replication: 3/3 concordant. Cross-tissue: 0/0 concordant.
ENY2,631,survived,up,3,0,0,Same-tissue replication: 3/3 concordant. Cross-tissue: 0/0 concordant.
MIER2,631,survived,up,2,0,0,Same-tissue replication: 2/3 concordant. Cross-tissue: 0/0 concordant.
PPM1G,631,survived,up,3,0,0,Same-tissue replication: 3/3 concordant. Cross-tissue: 0/0 concordant.
PRDX1,631,survived,up,3,0,0,Same-tissue replication: 3/3 concordant. Cross-tissue: 0/0 concordant.
TBCB,631,survived,up,3,0,0,Same-tissue replication: 3/3 concordant. Cross-tissue: 0/0 concordant.
TSEN2,631,survived,up,3,0,0,Same-tissue replication: 3/3 concordant. Cross-tissue: 0/0 concordant.
CHAF1A,632,survived,up,3,0,0,Same-tissue replication: 3/3 concordant. Cross-tissue: 0/0 concordant.
OXLD1,632,survived,up,3,0,0,Same-tissue replication: 3/3 concordant. Cross-tissue: 0/0 concordant.
PAM16,632,survived,up,3,0,0,Same-tissue replication: 3/3 concordant. Cross-tissue: 0/0 concordant.
PARP1,632,survived,up,3,0,0,Same-tissue replication: 3/3 concordant. Cross-tissue: 0/0 concordant.
TCF7,632,survived,up,3,0,0,Same-tissue replication: 3/3 concordant. Cross-tissue: 0/0 concordant.
TENT4A,632,survived,up,3,0,0,Same-tissue replication: 3/3 concordant. Cross-tissue: 0/0 concordant.
CCSAP,633,survived,up,3,0,0,Same-tissue replication: 3/3 concordant. Cross-tissue: 0/0 concordant.
CHAC1,633,survived,up,2,0,0,Same-tissue replication: 2/3 concordant. Cross-tissue: 0/0 concordant.
CHCHD6,633,survived,up,3,0,0,Same-tissue replication: 3/3 concordant. Cross-tissue: 0/0 concordant.
CSTF1,633,survived,up,3,0,0,Same-tissue replication: 3/3 concordant. Cross-tissue: 0/0 concordant.
CTSH,633,survived,up,3,0,0,Same-tissue replication: 3/3 concordant. Cross-tissue: 0/0 concordant.
ENTR1,633,survived,up,3,0,0,Same-tissue replication: 3/3 concordant. Cross-tissue: 0/0 concordant.
NCAPG2,633,survived,up,3,0,0,Same-tissue replication: 3/3 concordant. Cross-tissue: 0/0 concordant.
RANBP1,633,survived,up,3,0,0,Same-tissue replication: 3/3 concordant. Cross-tissue: 0/0 concordant.
UQCC6,633,survived,up,3,0,0,Same-tissue replication: 3/3 concordant. Cross-tissue: 0/0 concordant.
BLM,634,survived,up,3,0,0,Same-tissue replication: 3/3 concordant. Cross-tissue: 0/0 concordant.
CCDC167,634,survived,up,3,0,0,Same-tissue replication: 3/3 concordant. Cross-tissue: 0/0 concordant.
EZH2,634,survived,up,3,0,0,Same-tissue replication: 3/3 concordant. Cross-tissue: 0/0 concordant.
KAT2A,634,survived,up,3,0,0,Same-tissue replication: 3/3 concordant. Cross-tissue: 0/0 concordant.
KIAA1549,634,survived,up,2,0,0,Same-tissue replication: 2/3 concordant. Cross-tissue: 0/0 concordant.
NUSAP1,634,survived,up,3,0,0,Same-tissue replication: 3/3 concordant. Cross-tissue: 0/0 concordant.
SPIN4,634,survived,up,3,0,0,Same-tissue replication: 3/3 concordant. Cross-tissue: 0/0 concordant.
TMEM237,634,survived,up,3,0,0,Same-tissue replication: 3/3 concordant. Cross-tissue: 0/0 concordant.
CDK4,635,survived,up,3,0,0,Same-tissue replication: 3/3 concordant. Cross-tissue: 0/0 concordant.
DTD1,635,survived,up,3,0,0,Same-tissue replication: 3/3 concordant. Cross-tissue: 0/0 concordant.
EIF2S2,635,survived,up,3,0,0,Same-tissue replication: 3/3 concordant. Cross-tissue: 0/0 concordant.
NOP2,635,survived,up,3,0,0,Same-tissue replication: 3/3 concordant. Cross-tissue: 0/0 concordant.
TAF1A,635,survived,up,3,0,0,Same-tissue replication: 3/3 concordant. Cross-tissue: 0/0 concordant.
AGTRAP,638,survived,up,3,0,0,Same-tissue replication: 3/3 concordant. Cross-tissue: 0/0 concordant.
BCAP31,638,survived,up,3,0,0,Same-tissue replication: 3/3 concordant. Cross-tissue: 0/0 concordant.
ICA1,638,survived,up,3,0,0,Same-tissue replication: 3/3 concordant. Cross-tissue: 0/0 concordant.
NAA80,638,survived,up,2,0,0,Same-tissue replication: 2/3 concordant. Cross-tissue: 0/0 concordant.
NUP85,638,survived,up,3,0,0,Same-tissue replication: 3/3 concordant. Cross-tissue: 0/0 concordant.
SEM1,638,survived,up,3,0,0,Same-tissue replication: 3/3 concordant. Cross-tissue: 0/0 concordant.
SNRPC,638,survived,up,3,0,0,Same-tissue replication: 3/3 concordant. Cross-tissue: 0/0 concordant.
STRAP,638,survived,up,3,0,0,Same-tissue replication: 3/3 concordant. Cross-tissue: 0/0 concordant.
TARS1,638,survived,up,3,0,0,Same-tissue replication: 3/3 concordant. Cross-tissue: 0/0 concordant.
TBL2,638,survived,up,3,0,0,Same-tissue replication: 3/3 concordant. Cross-tissue: 0/0 concordant.
UTP6,638,survived,up,3,0,0,Same-tissue replication: 3/3 concordant. Cross-tissue: 0/0 concordant.
EPHB2,639,survived,up,3,0,0,Same-tissue replication: 3/3 concordant. Cross-tissue: 0/0 concordant.
HTRA3,639,survived,up,3,0,0,Same-tissue replication: 3/3 concordant. Cross-tissue: 0/0 concordant.
IARS1,639,survived,up,3,0,0,Same-tissue replication: 3/3 concordant. Cross-tissue: 0/0 concordant.
INPP5D,639,survived,up,3,0,0,Same-tissue replication: 3/3 concordant. Cross-tissue: 0/0 concordant.
NOP14,639,survived,up,3,0,0,Same-tissue replication: 3/3 concordant. Cross-tissue: 0/0 concordant.
NUP205,639,survived,up,3,0,0,Same-tissue replication: 3/3 concordant. Cross-tissue: 0/0 concordant.
POLR3G,639,survived,up,3,0,0,Same-tissue replication: 3/3 concordant. Cross-tissue: 0/0 concordant.
PRPS1,639,survived,up,3,0,0,Same-tissue replication: 3/3 concordant. Cross-tissue: 0/0 concordant.
TLCD3A,639,survived,up,3,0,0,Same-tissue replication: 3/3 concordant. Cross-tissue: 0/0 concordant.
COL1A2,640,survived,up,3,0,0,Same-tissue replication: 3/3 concordant. Cross-tissue: 0/0 concordant.
FUT1,640,survived,up,3,0,0,Same-tissue replication: 3/3 concordant. Cross-tissue: 0/0 concordant.
NCAPH,640,survived,up,3,0,0,Same-tissue replication: 3/3 concordant. Cross-tissue: 0/0 concordant.
PHLDA2,640,survived,up,2,0,0,Same-tissue replication: 2/3 concordant. Cross-tissue: 0/0 concordant.
PPIL1,640,survived,up,3,0,0,Same-tissue replication: 3/3 concordant. Cross-tissue: 0/0 concordant.
ARMCX3,641,survived,up,3,0,0,Same-tissue replication: 3/3 concordant. Cross-tissue: 0/0 concordant.
ASPM,641,survived,up,3,0,0,Same-tissue replication: 3/3 concordant. Cross-tissue: 0/0 concordant.
CENPH,641,survived,up,3,0,0,Same-tissue replication: 3/3 concordant. Cross-tissue: 0/0 concordant.
CENPQ,641,survived,up,3,0,0,Same-tissue replication: 3/3 concordant. Cross-tissue: 0/0 concordant.
COL27A1,641,survived,up,3,0,0,Same-tissue replication: 3/3 concordant. Cross-tissue: 0/0 concordant.
ENAH,641,survived,up,3,0,0,Same-tissue replication: 3/3 concordant. Cross-tissue: 0/0 concordant.
PEMT,641,survived,up,3,0,0,Same-tissue replication: 3/3 concordant. Cross-tissue: 0/0 concordant.
SBSPON,641,survived,up,3,0,0,Same-tissue replication: 3/3 concordant. Cross-tissue: 0/0 concordant.
SEMA3F,641,survived,up,3,0,0,Same-tissue replication: 3/3 concordant. Cross-tissue: 0/0 concordant.
UBAP2,641,survived,up,3,0,0,Same-tissue replication: 3/3 concordant. Cross-tissue: 0/0 concordant.
WDHD1,641,survived,up,3,0,0,Same-tissue replication: 3/3 concordant. Cross-tissue: 0/0 concordant.
DHRS11,642,survived,down,3,0,0,Same-tissue replication: 3/3 concordant. Cross-tissue: 0/0 concordant.
FABP4,642,survived,down,3,0,0,Same-tissue replication: 3/3 concordant. Cross-tissue: 0/0 concordant.
IL1R2,642,survived,down,3,0,0,Same-tissue replication: 3/3 concordant. Cross-tissue: 0/0 concordant.
JCHAIN,642,survived,down,3,0,0,Same-tissue replication: 3/3 concordant. Cross-tissue: 0/0 concordant.
MOGAT2,642,survived,down,3,0,0,Same-tissue replication: 3/3 concordant. Cross-tissue: 0/0 concordant.
RUNDC3B,642,survived,down,3,0,0,Same-tissue replication: 3/3 concordant. Cross-tissue: 0/0 concordant.
SCGN,642,survived,down,3,0,0,Same-tissue replication: 3/3 concordant. Cross-tissue: 0/0 concordant.
SCIN,642,survived,down,3,0,0,Same-tissue replication: 3/3 concordant. Cross-tissue: 0/0 concordant.
SFRP1,642,survived,down,3,0,0,Same-tissue replication: 3/3 concordant. Cross-tissue: 0/0 concordant.
SPON1,642,survived,down,3,0,0,Same-tissue replication: 3/3 concordant. Cross-tissue: 0/0 concordant.
UGT2B28,642,survived,down,3,0,0,Same-tissue replication: 3/3 concordant. Cross-tissue: 0/0 concordant.
EPS8L1,643,eliminated,up,1,1,0,Significant opposite direction in same-tissue dataset(s): ['GSE32323']. Discovery direction: up.
FXYD1,643,survived,down,3,0,0,Same-tissue replication: 3/3 concordant. Cross-tissue: 0/0 concordant.
HHLA2,643,survived,down,3,0,0,Same-tissue replication: 3/3 concordant. Cross-tissue: 0/0 concordant.
MT1F,643,survived,down,3,0,0,Same-tissue replication: 3/3 concordant. Cross-tissue: 0/0 concordant.
PDE9A,643,survived,down,3,0,0,Same-tissue replication: 3/3 concordant. Cross-tissue: 0/0 concordant.
ST6GALNAC6,643,survived,down,3,0,0,Same-tissue replication: 3/3 concordant. Cross-tissue: 0/0 concordant.
TMEM100,643,survived,down,3,0,0,Same-tissue replication: 3/3 concordant. Cross-tissue: 0/0 concordant.
MKNK1,644,survived,down,3,0,0,Same-tissue replication: 3/3 concordant. Cross-tissue: 0/0 concordant.
NPRL2,644,survived,up,3,0,0,Same-tissue replication: 3/3 concordant. Cross-tissue: 0/0 concordant.
NT5E,644,survived,down,2,0,0,Same-tissue replication: 2/3 concordant. Cross-tissue: 0/0 concordant.
OXTR,644,survived,up,3,0,0,Same-tissue replication: 3/3 concordant. Cross-tissue: 0/0 concordant.
ARHGAP25,645,survived,down,3,0,0,Same-tissue replication: 3/3 concordant. Cross-tissue: 0/0 concordant.
BTN3A2,645,survived,down,1,0,0,Same-tissue replication: 1/3 concordant. Cross-tissue: 0/0 concordant.
PLAGL1,645,survived,down,3,0,0,Same-tissue replication: 3/3 concordant. Cross-tissue: 0/0 concordant.
ATPAF2,646,survived,down,3,0,0,Same-tissue replication: 3/3 concordant. Cross-tissue: 0/0 concordant.
EFS,646,survived,down,2,0,0,Same-tissue replication: 2/3 concordant. Cross-tissue: 0/0 concordant.
GABPA,646,eliminated,down,2,1,0,Significant opposite direction in same-tissue dataset(s): ['GSE32323']. Discovery direction: down.
MFSD8,646,survived,down,3,0,0,Same-tissue replication: 3/3 concordant. Cross-tissue: 0/0 concordant.
PRPSAP2,646,survived,down,3,0,0,Same-tissue replication: 3/3 concordant. Cross-tissue: 0/0 concordant.
ACOT1,647,survived,down,3,0,0,Same-tissue replication: 3/3 concordant. Cross-tissue: 0/0 concordant.
AFG3L2,647,survived,down,3,0,0,Same-tissue replication: 3/3 concordant. Cross-tissue: 0/0 concordant.
CDS1,647,survived,down,3,0,0,Same-tissue replication: 3/3 concordant. Cross-tissue: 0/0 concordant.
GALNT7,647,survived,down,3,0,0,Same-tissue replication: 3/3 concordant. Cross-tissue: 0/0 concordant.
GNG12,647,survived,down,3,0,0,Same-tissue replication: 3/3 concordant. Cross-tissue: 0/0 concordant.
HPX,647,survived,down,3,0,0,Same-tissue replication: 3/3 concordant. Cross-tissue: 0/0 concordant.
HYCC2,647,survived,down,3,0,0,Same-tissue replication: 3/3 concordant. Cross-tissue: 0/0 concordant.
PGRMC2,647,survived,down,2,0,0,Same-tissue replication: 2/3 concordant. Cross-tissue: 0/0 concordant.
SH3RF1,647,survived,down,3,0,0,Same-tissue replication: 3/3 concordant. Cross-tissue: 0/0 concordant.
VSIG10,647,survived,down,3,0,0,Same-tissue replication: 3/3 concordant. Cross-tissue: 0/0 concordant.
ZNF350,647,survived,down,3,0,0,Same-tissue replication: 3/3 concordant. Cross-tissue: 0/0 concordant.
BLOC1S3,648,survived,up,3,0,0,Same-tissue replication: 3/3 concordant. Cross-tissue: 0/0 concordant.
IGF2BP2,648,survived,up,2,0,0,Same-tissue replication: 2/3 concordant. Cross-tissue: 0/0 concordant.
MSTO1,648,survived,up,3,0,0,Same-tissue replication: 3/3 concordant. Cross-tissue: 0/0 concordant.
NUP133,648,survived,up,3,0,0,Same-tissue replication: 3/3 concordant. Cross-tissue: 0/0 concordant.
PCBP4,648,survived,up,3,0,0,Same-tissue replication: 3/3 concordant. Cross-tissue: 0/0 concordant.
TMEM14A,648,survived,up,3,0,0,Same-tissue replication: 3/3 concordant. Cross-tissue: 0/0 concordant.
TMEM184B,648,survived,up,2,0,0,Same-tissue replication: 2/3 concordant. Cross-tissue: 0/0 concordant.
USP36,648,survived,up,3,0,0,Same-tissue replication: 3/3 concordant. Cross-tissue: 0/0 concordant.
CHPF2,649,survived,up,2,0,0,Same-tissue replication: 2/3 concordant. Cross-tissue: 0/0 concordant.
LUC7L2,649,survived,up,3,0,0,Same-tissue replication: 3/3 concordant. Cross-tissue: 0/0 concordant.
PTCD3,649,survived,up,3,0,0,Same-tissue replication: 3/3 concordant. Cross-tissue: 0/0 concordant.
ZNF738,649,survived,up,3,0,0,Same-tissue replication: 3/3 concordant. Cross-tissue: 0/0 concordant.
DXO,650,survived,up,3,0,0,Same-tissue replication: 3/3 concordant. Cross-tissue: 0/0 concordant.
GTF3C4,650,survived,up,3,0,0,Same-tissue replication: 3/3 concordant. Cross-tissue: 0/0 concordant.
HPRT1,650,survived,up,3,0,0,Same-tissue replication: 3/3 concordant. Cross-tissue: 0/0 concordant.
KICS2,650,survived,up,3,0,0,Same-tissue replication: 3/3 concordant. Cross-tissue: 0/0 concordant.
NBEAL2,650,survived,up,2,0,0,Same-tissue replication: 2/3 concordant. Cross-tissue: 0/0 concordant.
RAI1,650,survived,up,3,0,0,Same-tissue replication: 3/3 concordant. Cross-tissue: 0/0 concordant.
RHOBTB1,650,survived,up,3,0,0,Same-tissue replication: 3/3 concordant. Cross-tissue: 0/0 concordant.
SNRPG,650,survived,up,3,0,0,Same-tissue replication: 3/3 concordant. Cross-tissue: 0/0 concordant.
BRD3,651,survived,up,3,0,0,Same-tissue replication: 3/3 concordant. Cross-tissue: 0/0 concordant.
CSPP1,651,survived,up,3,0,0,Same-tissue replication: 3/3 concordant. Cross-tissue: 0/0 concordant.
DDX11,651,survived,up,3,0,0,Same-tissue replication: 3/3 concordant. Cross-tissue: 0/0 concordant.
DFFA,651,survived,up,3,0,0,Same-tissue replication: 3/3 concordant. Cross-tissue: 0/0 concordant.
GAD1,651,survived,up,3,0,0,Same-tissue replication: 3/3 concordant. Cross-tissue: 0/0 concordant.
INTS2,651,survived,up,3,0,0,Same-tissue replication: 3/3 concordant. Cross-tissue: 0/0 concordant.
MANF,651,survived,up,2,0,0,Same-tissue replication: 2/3 concordant. Cross-tissue: 0/0 concordant.
MAP1S,651,eliminated,up,2,1,0,Significant opposite direction in same-tissue dataset(s): ['GSE32323']. Discovery direction: up.
TECR,651,survived,up,3,0,0,Same-tissue replication: 3/3 concordant. Cross-tissue: 0/0 concordant.
ACTR3B,652,survived,up,3,0,0,Same-tissue replication: 3/3 concordant. Cross-tissue: 0/0 concordant.
CD47,652,survived,up,3,0,0,Same-tissue replication: 3/3 concordant. Cross-tissue: 0/0 concordant.
EHMT2,652,survived,up,3,0,0,Same-tissue replication: 3/3 concordant. Cross-tissue: 0/0 concordant.
FARSA,652,survived,up,3,0,0,Same-tissue replication: 3/3 concordant. Cross-tissue: 0/0 concordant.
SHB,652,survived,up,2,0,0,Same-tissue replication: 2/3 concordant. Cross-tissue: 0/0 concordant.
SLC75A1,652,survived,up,2,0,0,Same-tissue replication: 2/3 concordant. Cross-tissue: 0/0 concordant.
TRAF5,652,survived,up,3,0,0,Same-tissue replication: 3/3 concordant. Cross-tissue: 0/0 concordant.
VMA21,652,survived,up,3,0,0,Same-tissue replication: 3/3 concordant. Cross-tissue: 0/0 concordant.
CABLES2,653,survived,up,3,0,0,Same-tissue replication: 3/3 concordant. Cross-tissue: 0/0 concordant.
CD81,653,survived,up,3,0,0,Same-tissue replication: 3/3 concordant. Cross-tissue: 0/0 concordant.
CFAP97,653,survived,up,3,0,0,Same-tissue replication: 3/3 concordant. Cross-tissue: 0/0 concordant.
KCNN4,653,survived,up,3,0,0,Same-tissue replication: 3/3 concordant. Cross-tissue: 0/0 concordant.
PROCR,653,survived,up,3,0,0,Same-tissue replication: 3/3 concordant. Cross-tissue: 0/0 concordant.
RFC4,653,survived,up,3,0,0,Same-tissue replication: 3/3 concordant. Cross-tissue: 0/0 concordant.
RRS1,653,survived,up,3,0,0,Same-tissue replication: 3/3 concordant. Cross-tissue: 0/0 concordant.
SSX2IP,653,survived,up,3,0,0,Same-tissue replication: 3/3 concordant. Cross-tissue: 0/0 concordant.
TMEM63A,653,survived,up,3,0,0,Same-tissue replication: 3/3 concordant. Cross-tissue: 0/0 concordant.
UBAP2L,653,survived,up,3,0,0,Same-tissue replication: 3/3 concordant. Cross-tissue: 0/0 concordant.
ADISSP,654,survived,up,3,0,0,Same-tissue replication: 3/3 concordant. Cross-tissue: 0/0 concordant.
AMOTL2,654,survived,up,3,0,0,Same-tissue replication: 3/3 concordant. Cross-tissue: 0/0 concordant.
BRCA1,654,survived,up,3,0,0,Same-tissue replication: 3/3 concordant. Cross-tissue: 0/0 concordant.
CKS1B,654,survived,up,3,0,0,Same-tissue replication: 3/3 concordant. Cross-tissue: 0/0 concordant.
DCUN1D5,654,survived,up,3,0,0,Same-tissue replication: 3/3 concordant. Cross-tissue: 0/0 concordant.
E2F6,654,survived,up,3,0,0,Same-tissue replication: 3/3 concordant. Cross-tissue: 0/0 concordant.
EEF1AKMT1,654,survived,up,3,0,0,Same-tissue replication: 3/3 concordant. Cross-tissue: 0/0 concordant.
FANCI,654,survived,up,3,0,0,Same-tissue replication: 3/3 concordant. Cross-tissue: 0/0 concordant.
FOXA2,654,survived,up,3,0,0,Same-tissue replication: 3/3 concordant. Cross-tissue: 0/0 concordant.
HMGB3,654,survived,up,3,0,0,Same-tissue replication: 3/3 concordant. Cross-tissue: 0/0 concordant.
MAD2L2,654,survived,up,3,0,0,Same-tissue replication: 3/3 concordant. Cross-tissue: 0/0 concordant.
NKRF,654,survived,up,3,0,0,Same-tissue replication: 3/3 concordant. Cross-tissue: 0/0 concordant.
NUP155,654,survived,up,3,0,0,Same-tissue replication: 3/3 concordant. Cross-tissue: 0/0 concordant.
NUP62CL,654,survived,up,3,0,0,Same-tissue replication: 3/3 concordant. Cross-tissue: 0/0 concordant.
RPP40,654,survived,up,3,0,0,Same-tissue replication: 3/3 concordant. Cross-tissue: 0/0 concordant.
SHH,654,survived,up,3,0,0,Same-tissue replication: 3/3 concordant. Cross-tissue: 0/0 concordant.
SLC17A9,654,survived,up,2,0,0,Same-tissue replication: 2/3 concordant. Cross-tissue: 0/0 concordant.
VEGFA,654,survived,up,3,0,0,Same-tissue replication: 3/3 concordant. Cross-tissue: 0/0 concordant.
ZFTA,654,survived,up,3,0,0,Same-tissue replication: 3/3 concordant. Cross-tissue: 0/0 concordant.
BIRC5,655,survived,up,3,0,0,Same-tissue replication: 3/3 concordant. Cross-tissue: 0/0 concordant.
BRCA2,655,survived,up,3,0,0,Same-tissue replication: 3/3 concordant. Cross-tissue: 0/0 concordant.
FASN,655,survived,up,3,0,0,Same-tissue replication: 3/3 concordant. Cross-tissue: 0/0 concordant.
MATCAP2,655,survived,up,3,0,0,Same-tissue replication: 3/3 concordant. Cross-tissue: 0/0 concordant.
MCM10,655,survived,up,3,0,0,Same-tissue replication: 3/3 concordant. Cross-tissue: 0/0 concordant.
NT5DC2,655,survived,up,3,0,0,Same-tissue replication: 3/3 concordant. Cross-tissue: 0/0 concordant.
OSBPL3,655,survived,up,3,0,0,Same-tissue replication: 3/3 concordant. Cross-tissue: 0/0 concordant.
PLEKHS1,655,survived,up,3,0,0,Same-tissue replication: 3/3 concordant. Cross-tissue: 0/0 concordant.
ATAD2,656,survived,up,3,0,0,Same-tissue replication: 3/3 concordant. Cross-tissue: 0/0 concordant.
CMSS1,656,survived,up,3,0,0,Same-tissue replication: 3/3 concordant. Cross-tissue: 0/0 concordant.
S100A11,656,survived,up,3,0,0,Same-tissue replication: 3/3 concordant. Cross-tissue: 0/0 concordant.
SACK1D,656,survived,up,3,0,0,Same-tissue replication: 3/3 concordant. Cross-tissue: 0/0 concordant.
SMKR1,656,survived,up,3,0,0,Same-tissue replication: 3/3 concordant. Cross-tissue: 0/0 concordant.
UHRF1,656,survived,up,3,0,0,Same-tissue replication: 3/3 concordant. Cross-tissue: 0/0 concordant.
ADCY3,658,survived,up,3,0,0,Same-tissue replication: 3/3 concordant. Cross-tissue: 0/0 concordant.
CEACAM6,658,eliminated,up,2,1,0,Significant opposite direction in same-tissue dataset(s): ['GSE39582']. Discovery direction: up.
CELSR1,658,survived,up,3,0,0,Same-tissue replication: 3/3 concordant. Cross-tissue: 0/0 concordant.
COA1,658,survived,up,3,0,0,Same-tissue replication: 3/3 concordant. Cross-tissue: 0/0 concordant.
ECM1,658,survived,up,3,0,0,Same-tissue replication: 3/3 concordant. Cross-tissue: 0/0 concordant.
EMC8,658,survived,up,3,0,0,Same-tissue replication: 3/3 concordant. Cross-tissue: 0/0 concordant.
ENTREP3,658,survived,up,3,0,0,Same-tissue replication: 3/3 concordant. Cross-tissue: 0/0 concordant.
ITGB1BP1,658,survived,up,3,0,0,Same-tissue replication: 3/3 concordant. Cross-tissue: 0/0 concordant.
MRPL4,658,survived,up,3,0,0,Same-tissue replication: 3/3 concordant. Cross-tissue: 0/0 concordant.
NTAQ1,658,survived,up,3,0,0,Same-tissue replication: 3/3 concordant. Cross-tissue: 0/0 concordant.
SH3BP4,658,survived,up,3,0,0,Same-tissue replication: 3/3 concordant. Cross-tissue: 0/0 concordant.
TRIP6,658,survived,up,3,0,0,Same-tissue replication: 3/3 concordant. Cross-tissue: 0/0 concordant.
MIF,659,survived,up,3,0,0,Same-tissue replication: 3/3 concordant. Cross-tissue: 0/0 concordant.
PALB2,659,survived,up,3,0,0,Same-tissue replication: 3/3 concordant. Cross-tissue: 0/0 concordant.
PLK1,659,survived,up,3,0,0,Same-tissue replication: 3/3 concordant. Cross-tissue: 0/0 concordant.
PLXNA1,659,survived,up,3,0,0,Same-tissue replication: 3/3 concordant. Cross-tissue: 0/0 concordant.
SH3PXD2B,659,survived,up,3,0,0,Same-tissue replication: 3/3 concordant. Cross-tissue: 0/0 concordant.
TICRR,659,survived,up,3,0,0,Same-tissue replication: 3/3 concordant. Cross-tissue: 0/0 concordant.
ARFGAP1,660,survived,up,3,0,0,Same-tissue replication: 3/3 concordant. Cross-tissue: 0/0 concordant.
CBX8,660,survived,up,3,0,0,Same-tissue replication: 3/3 concordant. Cross-tissue: 0/0 concordant.
CDCA8,660,survived,up,3,0,0,Same-tissue replication: 3/3 concordant. Cross-tissue: 0/0 concordant.
GRB7,660,survived,up,3,0,0,Same-tissue replication: 3/3 concordant. Cross-tissue: 0/0 concordant.
HEATR1,660,survived,up,3,0,0,Same-tissue replication: 3/3 concordant. Cross-tissue: 0/0 concordant.
MDC1,660,survived,up,3,0,0,Same-tissue replication: 3/3 concordant. Cross-tissue: 0/0 concordant.
METTL1,660,survived,up,3,0,0,Same-tissue replication: 3/3 concordant. Cross-tissue: 0/0 concordant.
MRPS23,660,survived,up,3,0,0,Same-tissue replication: 3/3 concordant. Cross-tissue: 0/0 concordant.
NEMP1,660,survived,up,3,0,0,Same-tissue replication: 3/3 concordant. Cross-tissue: 0/0 concordant.
NOP16,660,survived,up,3,0,0,Same-tissue replication: 3/3 concordant. Cross-tissue: 0/0 concordant.
PDGFRB,660,survived,up,3,0,0,Same-tissue replication: 3/3 concordant. Cross-tissue: 0/0 concordant.
PDP1,660,survived,up,3,0,0,Same-tissue replication: 3/3 concordant. Cross-tissue: 0/0 concordant.
POLR2D,660,survived,up,3,0,0,Same-tissue replication: 3/3 concordant. Cross-tissue: 0/0 concordant.
RLN2,660,survived,up,3,0,0,Same-tissue replication: 3/3 concordant. Cross-tissue: 0/0 concordant.
SPAG5,660,survived,up,3,0,0,Same-tissue replication: 3/3 concordant. Cross-tissue: 0/0 concordant.
FBXL4,661,survived,up,3,0,0,Same-tissue replication: 3/3 concordant. Cross-tissue: 0/0 concordant.
INPPL1,661,survived,up,3,0,0,Same-tissue replication: 3/3 concordant. Cross-tissue: 0/0 concordant.
RPS5,661,survived,up,3,0,0,Same-tissue replication: 3/3 concordant. Cross-tissue: 0/0 concordant.
TSSC4,661,eliminated,up,2,1,0,Significant opposite direction in same-tissue dataset(s): ['GSE32323']. Discovery direction: up.
ZKSCAN5,661,survived,up,3,0,0,Same-tissue replication: 3/3 concordant. Cross-tissue: 0/0 concordant.
ZSCAN2,661,survived,up,3,0,0,Same-tissue replication: 3/3 concordant. Cross-tissue: 0/0 concordant.
AGT,666,survived,up,3,0,0,Same-tissue replication: 3/3 concordant. Cross-tissue: 0/0 concordant.
ALDH4A1,666,survived,up,3,0,0,Same-tissue replication: 3/3 concordant. Cross-tissue: 0/0 concordant.
CDCA5,666,survived,up,3,0,0,Same-tissue replication: 3/3 concordant. Cross-tissue: 0/0 concordant.
CSE1L,666,survived,up,3,0,0,Same-tissue replication: 3/3 concordant. Cross-tissue: 0/0 concordant.
GTF3A,666,survived,up,3,0,0,Same-tissue replication: 3/3 concordant. Cross-tissue: 0/0 concordant.
HSPH1,666,survived,up,3,0,0,Same-tissue replication: 3/3 concordant. Cross-tissue: 0/0 concordant.
LARP6,666,survived,up,3,0,0,Same-tissue replication: 3/3 concordant. Cross-tissue: 0/0 concordant.
LRRC8E,666,survived,up,3,0,0,Same-tissue replication: 3/3 concordant. Cross-tissue: 0/0 concordant.
STXBP1,666,survived,up,3,0,0,Same-tissue replication: 3/3 concordant. Cross-tissue: 0/0 concordant.
TMEM97,666,survived,up,3,0,0,Same-tissue replication: 3/3 concordant. Cross-tissue: 0/0 concordant.
APCDD1,667,survived,up,3,0,0,Same-tissue replication: 3/3 concordant. Cross-tissue: 0/0 concordant.
COL4A1,667,survived,up,3,0,0,Same-tissue replication: 3/3 concordant. Cross-tissue: 0/0 concordant.
DDIAS,667,survived,up,3,0,0,Same-tissue replication: 3/3 concordant. Cross-tissue: 0/0 concordant.
ELOVL5,667,survived,up,3,0,0,Same-tissue replication: 3/3 concordant. Cross-tissue: 0/0 concordant.
LDLRAD3,667,survived,up,3,0,0,Same-tissue replication: 3/3 concordant. Cross-tissue: 0/0 concordant.
MSX2,667,survived,up,3,0,0,Same-tissue replication: 3/3 concordant. Cross-tissue: 0/0 concordant.
PUS7,667,survived,up,3,0,0,Same-tissue replication: 3/3 concordant. Cross-tissue: 0/0 concordant.
SLC6A20,667,survived,up,3,0,0,Same-tissue replication: 3/3 concordant. Cross-tissue: 0/0 concordant.
WDR4,667,survived,up,3,0,0,Same-tissue replication: 3/3 concordant. Cross-tissue: 0/0 concordant.
DPP3,668,survived,up,2,0,0,Same-tissue replication: 2/3 concordant. Cross-tissue: 0/0 concordant.
KPNA4,668,survived,up,3,0,0,Same-tissue replication: 3/3 concordant. Cross-tissue: 0/0 concordant.
MAP4K3,668,survived,up,3,0,0,Same-tissue replication: 3/3 concordant. Cross-tissue: 0/0 concordant.
BEND3,669,survived,up,2,0,0,Same-tissue replication: 2/3 concordant. Cross-tissue: 0/0 concordant.
BICD2,669,survived,up,3,0,0,Same-tissue replication: 3/3 concordant. Cross-tissue: 0/0 concordant.
PI4K2A,669,survived,up,2,0,0,Same-tissue replication: 2/3 concordant. Cross-tissue: 0/0 concordant.
BCL2L1,670,survived,up,3,0,0,Same-tissue replication: 3/3 concordant. Cross-tissue: 0/0 concordant.
CDKN3,670,survived,up,3,0,0,Same-tissue replication: 3/3 concordant. Cross-tissue: 0/0 concordant.
COL5A1,670,survived,up,3,0,0,Same-tissue replication: 3/3 concordant. Cross-tissue: 0/0 concordant.
NOC4L,670,survived,up,3,0,0,Same-tissue replication: 3/3 concordant. Cross-tissue: 0/0 concordant.
PARVB,670,survived,up,3,0,0,Same-tissue replication: 3/3 concordant. Cross-tissue: 0/0 concordant.
RACGAP1,670,survived,up,3,0,0,Same-tissue replication: 3/3 concordant. Cross-tissue: 0/0 concordant.
SLC12A8,670,survived,up,3,0,0,Same-tissue replication: 3/3 concordant. Cross-tissue: 0/0 concordant.
UGGT2,670,survived,up,3,0,0,Same-tissue replication: 3/3 concordant. Cross-tissue: 0/0 concordant.
CCNB1,671,survived,up,3,0,0,Same-tissue replication: 3/3 concordant. Cross-tissue: 0/0 concordant.
CENPN,671,survived,up,3,0,0,Same-tissue replication: 3/3 concordant. Cross-tissue: 0/0 concordant.
DNAH14,671,survived,up,3,0,0,Same-tissue replication: 3/3 concordant. Cross-tissue: 0/0 concordant.
EXOSC5,671,survived,up,3,0,0,Same-tissue replication: 3/3 concordant. Cross-tissue: 0/0 concordant.
SHISA2,671,survived,up,3,0,0,Same-tissue replication: 3/3 concordant. Cross-tissue: 0/0 concordant.
CEL,672,survived,up,3,0,0,Same-tissue replication: 3/3 concordant. Cross-tissue: 0/0 concordant.
DIAPH3,672,survived,up,3,0,0,Same-tissue replication: 3/3 concordant. Cross-tissue: 0/0 concordant.
MMP12,672,survived,up,3,0,0,Same-tissue replication: 3/3 concordant. Cross-tissue: 0/0 concordant.
NEBL,672,survived,up,3,0,0,Same-tissue replication: 3/3 concordant. Cross-tissue: 0/0 concordant.
PCSK9,672,survived,up,3,0,0,Same-tissue replication: 3/3 concordant. Cross-tissue: 0/0 concordant.
TIMP1,672,survived,up,3,0,0,Same-tissue replication: 3/3 concordant. Cross-tissue: 0/0 concordant.
TTK,672,survived,up,3,0,0,Same-tissue replication: 3/3 concordant. Cross-tissue: 0/0 concordant.
ASCL2,673,survived,up,3,0,0,Same-tissue replication: 3/3 concordant. Cross-tissue: 0/0 concordant.
CHI3L1,673,survived,up,3,0,0,Same-tissue replication: 3/3 concordant. Cross-tissue: 0/0 concordant.
COL11A1,673,survived,up,3,0,0,Same-tissue replication: 3/3 concordant. Cross-tissue: 0/0 concordant.
CST1,673,survived,up,3,0,0,Same-tissue replication: 3/3 concordant. Cross-tissue: 0/0 concordant.
CTHRC1,673,survived,up,3,0,0,Same-tissue replication: 3/3 concordant. Cross-tissue: 0/0 concordant.
EPHX4,673,survived,up,3,0,0,Same-tissue replication: 3/3 concordant. Cross-tissue: 0/0 concordant.
FABP6,673,survived,up,2,0,0,Same-tissue replication: 2/3 concordant. Cross-tissue: 0/0 concordant.
LY6G6F,673,survived,up,3,0,0,Same-tissue replication: 3/3 concordant. Cross-tissue: 0/0 concordant.
MMP1,673,survived,up,3,0,0,Same-tissue replication: 3/3 concordant. Cross-tissue: 0/0 concordant.
REG1A,673,survived,up,3,0,0,Same-tissue replication: 3/3 concordant. Cross-tissue: 0/0 concordant.
SLCO4A1,673,survived,up,3,0,0,Same-tissue replication: 3/3 concordant. Cross-tissue: 0/0 concordant.
SRPX2,673,survived,up,3,0,0,Same-tissue replication: 3/3 concordant. Cross-tissue: 0/0 concordant.
TRIB3,673,survived,up,3,0,0,Same-tissue replication: 3/3 concordant. Cross-tissue: 0/0 concordant.
C2CD4A,674,survived,up,3,0,0,Same-tissue replication: 3/3 concordant. Cross-tissue: 0/0 concordant.
CDH3,674,survived,up,3,0,0,Same-tissue replication: 3/3 concordant. Cross-tissue: 0/0 concordant.
CEMIP,674,survived,up,3,0,0,Same-tissue replication: 3/3 concordant. Cross-tissue: 0/0 concordant.
CLDN1,674,survived,up,3,0,0,Same-tissue replication: 3/3 concordant. Cross-tissue: 0/0 concordant.
CXCL8,674,survived,up,3,0,0,Same-tissue replication: 3/3 concordant. Cross-tissue: 0/0 concordant.
DPEP1,674,survived,up,3,0,0,Same-tissue replication: 3/3 concordant. Cross-tissue: 0/0 concordant.
FOXQ1,674,survived,up,3,0,0,Same-tissue replication: 3/3 concordant. Cross-tissue: 0/0 concordant.
INHBA,674,survived,up,3,0,0,Same-tissue replication: 3/3 concordant. Cross-tissue: 0/0 concordant.
KRT23,674,survived,up,3,0,0,Same-tissue replication: 3/3 concordant. Cross-tissue: 0/0 concordant.
MMP3,674,survived,up,3,0,0,Same-tissue replication: 3/3 concordant. Cross-tissue: 0/0 concordant.
MMP7,674,survived,up,3,0,0,Same-tissue replication: 3/3 concordant. Cross-tissue: 0/0 concordant.
CDC50B,675,survived,down,3,0,0,Same-tissue replication: 3/3 concordant. Cross-tissue: 0/0 concordant.
EHHADH,675,survived,down,3,0,0,Same-tissue replication: 3/3 concordant. Cross-tissue: 0/0 concordant.
HIGD1A,675,survived,down,3,0,0,Same-tissue replication: 3/3 concordant. Cross-tissue: 0/0 concordant.
NEDD4L,675,survived,down,3,0,0,Same-tissue replication: 3/3 concordant. Cross-tissue: 0/0 concordant.
PLS1,675,survived,down,3,0,0,Same-tissue replication: 3/3 concordant. Cross-tissue: 0/0 concordant.
PPM1A,675,survived,down,3,0,0,Same-tissue replication: 3/3 concordant. Cross-tissue: 0/0 concordant.
SH3RF2,675,survived,down,3,0,0,Same-tissue replication: 3/3 concordant. Cross-tissue: 0/0 concordant.
SUCLG2,675,survived,down,3,0,0,Same-tissue replication: 3/3 concordant. Cross-tissue: 0/0 concordant.
CDT1,676,survived,up,3,0,0,Same-tissue replication: 3/3 concordant. Cross-tissue: 0/0 concordant.
GGCT,676,survived,up,3,0,0,Same-tissue replication: 3/3 concordant. Cross-tissue: 0/0 concordant.
RPF2,676,survived,up,3,0,0,Same-tissue replication: 3/3 concordant. Cross-tissue: 0/0 concordant.
SKP2,676,survived,up,3,0,0,Same-tissue replication: 3/3 concordant. Cross-tissue: 0/0 concordant.
SLC11A2,676,survived,up,3,0,0,Same-tissue replication: 3/3 concordant. Cross-tissue: 0/0 concordant.
TEX30,676,survived,up,3,0,0,Same-tissue replication: 3/3 concordant. Cross-tissue: 0/0 concordant.
WDR12,676,survived,up,3,0,0,Same-tissue replication: 3/3 concordant. Cross-tissue: 0/0 concordant.
ZNF703,676,survived,up,3,0,0,Same-tissue replication: 3/3 concordant. Cross-tissue: 0/0 concordant.
CHERP,677,survived,up,3,0,0,Same-tissue replication: 3/3 concordant. Cross-tissue: 0/0 concordant.
DENR,677,survived,up,3,0,0,Same-tissue replication: 3/3 concordant. Cross-tissue: 0/0 concordant.
FBL,677,survived,up,3,0,0,Same-tissue replication: 3/3 concordant. Cross-tissue: 0/0 concordant.
HDAC2,677,survived,up,3,0,0,Same-tissue replication: 3/3 concordant. Cross-tissue: 0/0 concordant.
MSANTD3,677,survived,up,3,0,0,Same-tissue replication: 3/3 concordant. Cross-tissue: 0/0 concordant.
PHF14,677,survived,up,3,0,0,Same-tissue replication: 3/3 concordant. Cross-tissue: 0/0 concordant.
SMIM13,677,survived,up,3,0,0,Same-tissue replication: 3/3 concordant. Cross-tissue: 0/0 concordant.
TRIM27,677,survived,up,3,0,0,Same-tissue replication: 3/3 concordant. Cross-tissue: 0/0 concordant.
UBA2,677,survived,up,3,0,0,Same-tissue replication: 3/3 concordant. Cross-tissue: 0/0 concordant.
DCLK1,678,survived,down,3,0,0,Same-tissue replication: 3/3 concordant. Cross-tissue: 0/0 concordant.
FUCA1,678,survived,down,3,0,0,Same-tissue replication: 3/3 concordant. Cross-tissue: 0/0 concordant.
GLIPR2,678,survived,down,3,0,0,Same-tissue replication: 3/3 concordant. Cross-tissue: 0/0 concordant.
KLB,678,survived,down,3,0,0,Same-tissue replication: 3/3 concordant. Cross-tissue: 0/0 concordant.
MS4A4A,678,survived,down,2,0,0,Same-tissue replication: 2/3 concordant. Cross-tissue: 0/0 concordant.
NR3C1,678,survived,down,3,0,0,Same-tissue replication: 3/3 concordant. Cross-tissue: 0/0 concordant.
PARM1,678,survived,down,3,0,0,Same-tissue replication: 3/3 concordant. Cross-tissue: 0/0 concordant.
PGCKA1,678,survived,down,3,0,0,Same-tissue replication: 3/3 concordant. Cross-tissue: 0/0 concordant.
TDP2,678,survived,down,3,0,0,Same-tissue replication: 3/3 concordant. Cross-tissue: 0/0 concordant.
UGDH,678,survived,down,3,0,0,Same-tissue replication: 3/3 concordant. Cross-tissue: 0/0 concordant.
DISP2,679,survived,down,3,0,0,Same-tissue replication: 3/3 concordant. Cross-tissue: 0/0 concordant.
GIMAP7,679,survived,down,3,0,0,Same-tissue replication: 3/3 concordant. Cross-tissue: 0/0 concordant.
GRAMD2B,679,survived,down,3,0,0,Same-tissue replication: 3/3 concordant. Cross-tissue: 0/0 concordant.
HGD,679,survived,down,3,0,0,Same-tissue replication: 3/3 concordant. Cross-tissue: 0/0 concordant.
PRSS12,679,survived,down,3,0,0,Same-tissue replication: 3/3 concordant. Cross-tissue: 0/0 concordant.
SMIM14,679,survived,down,3,0,0,Same-tissue replication: 3/3 concordant. Cross-tissue: 0/0 concordant.
BCCIP,680,survived,up,3,0,0,Same-tissue replication: 3/3 concordant. Cross-tissue: 0/0 concordant.
EMC1,680,survived,up,3,0,0,Same-tissue replication: 3/3 concordant. Cross-tissue: 0/0 concordant.
FBXO21,680,survived,up,3,0,0,Same-tissue replication: 3/3 concordant. Cross-tissue: 0/0 concordant.
INTS8,680,survived,up,3,0,0,Same-tissue replication: 3/3 concordant. Cross-tissue: 0/0 concordant.
PLP2,680,survived,up,3,0,0,Same-tissue replication: 3/3 concordant. Cross-tissue: 0/0 concordant.
SLC41A3,680,survived,up,3,0,0,Same-tissue replication: 3/3 concordant. Cross-tissue: 0/0 concordant.
SUCO,680,survived,up,3,0,0,Same-tissue replication: 3/3 concordant. Cross-tissue: 0/0 concordant.
CFAP20,681,survived,up,3,0,0,Same-tissue replication: 3/3 concordant. Cross-tissue: 0/0 concordant.
GTF3C3,681,survived,up,3,0,0,Same-tissue replication: 3/3 concordant. Cross-tissue: 0/0 concordant.
JMJD6,681,survived,up,2,0,0,Same-tissue replication: 2/3 concordant. Cross-tissue: 0/0 concordant.
ALDH3A2,684,survived,down,3,0,0,Same-tissue replication: 3/3 concordant. Cross-tissue: 0/0 concordant.
CHFR,684,survived,down,3,0,0,Same-tissue replication: 3/3 concordant. Cross-tissue: 0/0 concordant.
CNST,684,survived,down,3,0,0,Same-tissue replication: 3/3 concordant. Cross-tissue: 0/0 concordant.
IGSF10,684,survived,down,3,0,0,Same-tissue replication: 3/3 concordant. Cross-tissue: 0/0 concordant.
UAP1,684,survived,down,3,0,0,Same-tissue replication: 3/3 concordant. Cross-tissue: 0/0 concordant.
ANKRD13B,685,survived,up,3,0,0,Same-tissue replication: 3/3 concordant. Cross-tissue: 0/0 concordant.
APRT,685,survived,up,3,0,0,Same-tissue replication: 3/3 concordant. Cross-tissue: 0/0 concordant.
BOLA2B,685,survived,up,3,0,0,Same-tissue replication: 3/3 concordant. Cross-tissue: 0/0 concordant.
KPNA1,685,survived,up,2,0,0,Same-tissue replication: 2/3 concordant. Cross-tissue: 0/0 concordant.
NUDT4B,685,eliminated,up,2,1,0,Significant opposite direction in same-tissue dataset(s): ['GSE39582']. Discovery direction: up.
RAB3D,685,survived,up,3,0,0,Same-tissue replication: 3/3 concordant. Cross-tissue: 0/0 concordant.
RAD1,685,survived,up,3,0,0,Same-tissue replication: 3/3 concordant. Cross-tissue: 0/0 concordant.
RMP64,685,survived,up,3,0,0,Same-tissue replication: 3/3 concordant. Cross-tissue: 0/0 concordant.
SNRNP70,685,survived,up,2,0,0,Same-tissue replication: 2/3 concordant. Cross-tissue: 0/0 concordant.
SPATA13,685,survived,up,3,0,0,Same-tissue replication: 3/3 concordant. Cross-tissue: 0/0 concordant.
UBXN7,685,survived,up,3,0,0,Same-tissue replication: 3/3 concordant. Cross-tissue: 0/0 concordant.
UPF3B,685,survived,up,3,0,0,Same-tissue replication: 3/3 concordant. Cross-tissue: 0/0 concordant.
YEATS4,685,survived,up,3,0,0,Same-tissue replication: 3/3 concordant. Cross-tissue: 0/0 concordant.
ZBTB24,685,survived,up,3,0,0,Same-tissue replication: 3/3 concordant. Cross-tissue: 0/0 concordant.
CSNK1E,686,survived,up,3,0,0,Same-tissue replication: 3/3 concordant. Cross-tissue: 0/0 concordant.
INTS5,686,survived,up,3,0,0,Same-tissue replication: 3/3 concordant. Cross-tissue: 0/0 concordant.
PABIR2,686,survived,up,3,0,0,Same-tissue replication: 3/3 concordant. Cross-tissue: 0/0 concordant.
PRIM2,686,survived,up,3,0,0,Same-tissue replication: 3/3 concordant. Cross-tissue: 0/0 concordant.
ZNF443,686,survived,up,3,0,0,Same-tissue replication: 3/3 concordant. Cross-tissue: 0/0 concordant.
EIF3J,687,survived,up,3,0,0,Same-tissue replication: 3/3 concordant. Cross-tissue: 0/0 concordant.
EIF4A3,687,survived,up,3,0,0,Same-tissue replication: 3/3 concordant. Cross-tissue: 0/0 concordant.
FAIM,687,survived,up,3,0,0,Same-tissue replication: 3/3 concordant. Cross-tissue: 0/0 concordant.
PIK3R2,687,survived,up,2,0,0,Same-tissue replication: 2/3 concordant. Cross-tissue: 0/0 concordant.
PSMA2,687,survived,up,3,0,0,Same-tissue replication: 3/3 concordant. Cross-tissue: 0/0 concordant.
CHN1,688,survived,up,3,0,0,Same-tissue replication: 3/3 concordant. Cross-tissue: 0/0 concordant.
CKAP2L,688,survived,up,3,0,0,Same-tissue replication: 3/3 concordant. Cross-tissue: 0/0 concordant.
HSF1,688,survived,up,3,0,0,Same-tissue replication: 3/3 concordant. Cross-tissue: 0/0 concordant.
MKI67,688,survived,up,3,0,0,Same-tissue replication: 3/3 concordant. Cross-tissue: 0/0 concordant.
NOD2,688,survived,up,3,0,0,Same-tissue replication: 3/3 concordant. Cross-tissue: 0/0 concordant.
PARPBP,688,survived,up,3,0,0,Same-tissue replication: 3/3 concordant. Cross-tissue: 0/0 concordant.
RAB36,688,survived,up,3,0,0,Same-tissue replication: 3/3 concordant. Cross-tissue: 0/0 concordant.
SGO2,688,survived,up,3,0,0,Same-tissue replication: 3/3 concordant. Cross-tissue: 0/0 concordant.
AEN,689,survived,up,3,0,0,Same-tissue replication: 3/3 concordant. Cross-tissue: 0/0 concordant.
BACE2,689,survived,up,3,0,0,Same-tissue replication: 3/3 concordant. Cross-tissue: 0/0 concordant.
CA9,689,survived,up,3,0,0,Same-tissue replication: 3/3 concordant. Cross-tissue: 0/0 concordant.
CCDC34,689,survived,up,3,0,0,Same-tissue replication: 3/3 concordant. Cross-tissue: 0/0 concordant.
DHX34,689,survived,up,3,0,0,Same-tissue replication: 3/3 concordant. Cross-tissue: 0/0 concordant.
ENKD1,689,survived,up,3,0,0,Same-tissue replication: 3/3 concordant. Cross-tissue: 0/0 concordant.
GNA15,689,survived,up,3,0,0,Same-tissue replication: 3/3 concordant. Cross-tissue: 0/0 concordant.
LPGAT1,689,survived,up,3,0,0,Same-tissue replication: 3/3 concordant. Cross-tissue: 0/0 concordant.
LRRC15,689,survived,up,3,0,0,Same-tissue replication: 3/3 concordant. Cross-tissue: 0/0 concordant.
MTDH,689,survived,up,3,0,0,Same-tissue replication: 3/3 concordant. Cross-tissue: 0/0 concordant.
NOS3,689,survived,up,3,0,0,Same-tissue replication: 3/3 concordant. Cross-tissue: 0/0 concordant.
P3H4,689,survived,up,3,0,0,Same-tissue replication: 3/3 concordant. Cross-tissue: 0/0 concordant.
PAK1IP1,689,survived,up,3,0,0,Same-tissue replication: 3/3 concordant. Cross-tissue: 0/0 concordant.
PIMREG,689,survived,up,3,0,0,Same-tissue replication: 3/3 concordant. Cross-tissue: 0/0 concordant.
PTDSS2,689,survived,up,3,0,0,Same-tissue replication: 3/3 concordant. Cross-tissue: 0/0 concordant.
PTK7,689,survived,up,3,0,0,Same-tissue replication: 3/3 concordant. Cross-tissue: 0/0 concordant.
SSBP4,689,survived,up,3,0,0,Same-tissue replication: 3/3 concordant. Cross-tissue: 0/0 concordant.
STRIP2,689,survived,up,3,0,0,Same-tissue replication: 3/3 concordant. Cross-tissue: 0/0 concordant.
TIPIN,689,survived,up,3,0,0,Same-tissue replication: 3/3 concordant. Cross-tissue: 0/0 concordant.
ZNF572,689,survived,up,3,0,0,Same-tissue replication: 3/3 concordant. Cross-tissue: 0/0 concordant.
C2CD2,690,survived,up,3,0,0,Same-tissue replication: 3/3 concordant. Cross-tissue: 0/0 concordant.
DDX28,690,survived,up,3,0,0,Same-tissue replication: 3/3 concordant. Cross-tissue: 0/0 concordant.
LRRC37A3,690,survived,up,2,0,0,Same-tissue replication: 2/3 concordant. Cross-tissue: 0/0 concordant.
SLC29A3,690,survived,up,2,0,0,Same-tissue replication: 2/3 concordant. Cross-tissue: 0/0 concordant.
TRIAP1,690,survived,up,3,0,0,Same-tissue replication: 3/3 concordant. Cross-tissue: 0/0 concordant.
TRIM11,690,survived,up,2,0,0,Same-tissue replication: 2/3 concordant. Cross-tissue: 0/0 concordant.
ACVRL1,691,survived,down,3,0,0,Same-tissue replication: 3/3 concordant. Cross-tissue: 0/0 concordant.
AKAP9,691,survived,down,3,0,0,Same-tissue replication: 3/3 concordant. Cross-tissue: 0/0 concordant.
C1orf210,691,survived,down,3,0,0,Same-tissue replication: 3/3 concordant. Cross-tissue: 0/0 concordant.
CFHR1,691,survived,down,3,0,0,Same-tissue replication: 3/3 concordant. Cross-tissue: 0/0 concordant.
CLIC2,691,survived,down,3,0,0,Same-tissue replication: 3/3 concordant. Cross-tissue: 0/0 concordant.
COL4A6,691,survived,down,3,0,0,Same-tissue replication: 3/3 concordant. Cross-tissue: 0/0 concordant.
ECI2,691,survived,down,3,0,0,Same-tissue replication: 3/3 concordant. Cross-tissue: 0/0 concordant.
FAM107B,691,survived,down,3,0,0,Same-tissue replication: 3/3 concordant. Cross-tissue: 0/0 concordant.
MTMR11,691,survived,down,3,0,0,Same-tissue replication: 3/3 concordant. Cross-tissue: 0/0 concordant.
RAPGEFL1,691,survived,down,3,0,0,Same-tissue replication: 3/3 concordant. Cross-tissue: 0/0 concordant.
RHOU,691,survived,down,3,0,0,Same-tissue replication: 3/3 concordant. Cross-tissue: 0/0 concordant.
SMIM31,691,survived,down,3,0,0,Same-tissue replication: 3/3 concordant. Cross-tissue: 0/0 concordant.
SOWAHA,691,survived,down,3,0,0,Same-tissue replication: 3/3 concordant. Cross-tissue: 0/0 concordant.
SSPN,691,survived,down,3,0,0,Same-tissue replication: 3/3 concordant. Cross-tissue: 0/0 concordant.
SYNE1,691,survived,down,3,0,0,Same-tissue replication: 3/3 concordant. Cross-tissue: 0/0 concordant.
TFCP2L1,691,survived,down,3,0,0,Same-tissue replication: 3/3 concordant. Cross-tissue: 0/0 concordant.
ZEB2,691,survived,down,3,0,0,Same-tissue replication: 3/3 concordant. Cross-tissue: 0/0 concordant.
AQP11,692,survived,down,3,0,0,Same-tissue replication: 3/3 concordant. Cross-tissue: 0/0 concordant.
C2orf72,692,survived,down,3,0,0,Same-tissue replication: 3/3 concordant. Cross-tissue: 0/0 concordant.
CAPN5,692,survived,down,3,0,0,Same-tissue replication: 3/3 concordant. Cross-tissue: 0/0 concordant.
DSC2,692,survived,down,3,0,0,Same-tissue replication: 3/3 concordant. Cross-tissue: 0/0 concordant.
RELN,692,survived,down,3,0,0,Same-tissue replication: 3/3 concordant. Cross-tissue: 0/0 concordant.
SLC25A20,692,survived,down,3,0,0,Same-tissue replication: 3/3 concordant. Cross-tissue: 0/0 concordant.
SLC30A4,692,survived,down,3,0,0,Same-tissue replication: 3/3 concordant. Cross-tissue: 0/0 concordant.
VPS35L,692,survived,down,3,0,0,Same-tissue replication: 3/3 concordant. Cross-tissue: 0/0 concordant.
ANKFY1,693,survived,down,3,0,0,Same-tissue replication: 3/3 concordant. Cross-tissue: 0/0 concordant.
ATE1,693,survived,down,3,0,0,Same-tissue replication: 3/3 concordant. Cross-tissue: 0/0 concordant.
COL4A4,693,survived,down,3,0,0,Same-tissue replication: 3/3 concordant. Cross-tissue: 0/0 concordant.
COX8A,693,survived,down,3,0,0,Same-tissue replication: 3/3 concordant. Cross-tissue: 0/0 concordant.
MAP2K4,693,survived,down,3,0,0,Same-tissue replication: 3/3 concordant. Cross-tissue: 0/0 concordant.
PDE3B,693,survived,down,3,0,0,Same-tissue replication: 3/3 concordant. Cross-tissue: 0/0 concordant.
RAP1B,693,survived,down,3,0,0,Same-tissue replication: 3/3 concordant. Cross-tissue: 0/0 concordant.
SPIDR,693,eliminated,down,0,2,0,"Significant opposite direction in same-tissue dataset(s): ['GSE32323', 'GSE39582']. Discovery direction: down."
TTC14,693,survived,down,3,0,0,Same-tissue replication: 3/3 concordant. Cross-tissue: 0/0 concordant.
GOLGA8N,694,survived,down,3,0,0,Same-tissue replication: 3/3 concordant. Cross-tissue: 0/0 concordant.
IL15,694,survived,down,3,0,0,Same-tissue replication: 3/3 concordant. Cross-tissue: 0/0 concordant.
NTN1,694,survived,down,2,0,0,Same-tissue replication: 2/3 concordant. Cross-tissue: 0/0 concordant.
PLEKHH2,694,survived,down,2,0,0,Same-tissue replication: 2/3 concordant. Cross-tissue: 0/0 concordant.
RAB30,694,survived,down,3,0,0,Same-tissue replication: 3/3 concordant. Cross-tissue: 0/0 concordant.
REEP3,694,survived,down,2,0,0,Same-tissue replication: 2/3 concordant. Cross-tissue: 0/0 concordant.
SH3BGRL,694,survived,down,3,0,0,Same-tissue replication: 3/3 concordant. Cross-tissue: 0/0 concordant.
SLC35A5,694,survived,down,3,0,0,Same-tissue replication: 3/3 concordant. Cross-tissue: 0/0 concordant.
SPG11,694,survived,down,3,0,0,Same-tissue replication: 3/3 concordant. Cross-tissue: 0/0 concordant.
STK17A,694,survived,down,3,0,0,Same-tissue replication: 3/3 concordant. Cross-tissue: 0/0 concordant.
USP8,694,survived,down,3,0,0,Same-tissue replication: 3/3 concordant. Cross-tissue: 0/0 concordant.
WDFY4,694,survived,down,3,0,0,Same-tissue replication: 3/3 concordant. Cross-tissue: 0/0 concordant.
DERA,695,survived,down,2,0,0,Same-tissue replication: 2/3 concordant. Cross-tissue: 0/0 concordant.
GLOD4,695,survived,down,3,0,0,Same-tissue replication: 3/3 concordant. Cross-tissue: 0/0 concordant.
PPIC,695,survived,down,3,0,0,Same-tissue replication: 3/3 concordant. Cross-tissue: 0/0 concordant.
PPP2R3C,695,survived,down,3,0,0,Same-tissue replication: 3/3 concordant. Cross-tissue: 0/0 concordant.
RNF14,695,survived,down,3,0,0,Same-tissue replication: 3/3 concordant. Cross-tissue: 0/0 concordant.
SH3D19,695,survived,down,3,0,0,Same-tissue replication: 3/3 concordant. Cross-tissue: 0/0 concordant.
SLC49A4,695,survived,down,3,0,0,Same-tissue replication: 3/3 concordant. Cross-tissue: 0/0 concordant.
TENT2,695,survived,down,2,0,0,Same-tissue replication: 2/3 concordant. Cross-tissue: 0/0 concordant.
ZCCHC10,695,survived,down,3,0,0,Same-tissue replication: 3/3 concordant. Cross-tissue: 0/0 concordant.
ATP5PB,696,survived,down,3,0,0,Same-tissue replication: 3/3 concordant. Cross-tissue: 0/0 concordant.
CD164,696,survived,down,3,0,0,Same-tissue replication: 3/3 concordant. Cross-tissue: 0/0 concordant.
GOLM2,696,survived,down,3,0,0,Same-tissue replication: 3/3 concordant. Cross-tissue: 0/0 concordant.
MFSD1,696,survived,down,3,0,0,Same-tissue replication: 3/3 concordant. Cross-tissue: 0/0 concordant.
PRPF18,696,survived,down,3,0,0,Same-tissue replication: 3/3 concordant. Cross-tissue: 0/0 concordant.
CCDC28A,697,eliminated,down,2,1,0,Significant opposite direction in same-tissue dataset(s): ['GSE32323']. Discovery direction: down.
CHMP5,697,survived,down,3,0,0,Same-tissue replication: 3/3 concordant. Cross-tissue: 0/0 concordant.
MBNL1,697,survived,down,3,0,0,Same-tissue replication: 3/3 concordant. Cross-tissue: 0/0 concordant.
MYO5C,697,survived,down,3,0,0,Same-tissue replication: 3/3 concordant. Cross-tissue: 0/0 concordant.
PSEN1,697,survived,down,3,0,0,Same-tissue replication: 3/3 concordant. Cross-tissue: 0/0 concordant.
RCHY1,697,survived,down,3,0,0,Same-tissue replication: 3/3 concordant. Cross-tissue: 0/0 concordant.
SARAF,697,survived,down,3,0,0,Same-tissue replication: 3/3 concordant. Cross-tissue: 0/0 concordant.
UBR2,697,survived,down,3,0,0,Same-tissue replication: 3/3 concordant. Cross-tissue: 0/0 concordant.
BCKDK,698,survived,up,2,0,0,Same-tissue replication: 2/3 concordant. Cross-tissue: 0/0 concordant.
CBX1,698,survived,up,3,0,0,Same-tissue replication: 3/3 concordant. Cross-tissue: 0/0 concordant.
TMED9,698,eliminated,up,2,1,0,Significant opposite direction in same-tissue dataset(s): ['GSE32323']. Discovery direction: up.
WRAP53,698,survived,up,3,0,0,Same-tissue replication: 3/3 concordant. Cross-tissue: 0/0 concordant.
ADRM1,699,survived,up,3,0,0,Same-tissue replication: 3/3 concordant. Cross-tissue: 0/0 concordant.
CXCL16,699,survived,up,3,0,0,Same-tissue replication: 3/3 concordant. Cross-tissue: 0/0 concordant.
GART,699,survived,up,3,0,0,Same-tissue replication: 3/3 concordant. Cross-tissue: 0/0 concordant.
GMPS,699,survived,up,3,0,0,Same-tissue replication: 3/3 concordant. Cross-tissue: 0/0 concordant.
HMGA1,699,survived,up,3,0,0,Same-tissue replication: 3/3 concordant. Cross-tissue: 0/0 concordant.
LRP11,699,survived,up,3,0,0,Same-tissue replication: 3/3 concordant. Cross-tissue: 0/0 concordant.
RRP9,699,survived,up,3,0,0,Same-tissue replication: 3/3 concordant. Cross-tissue: 0/0 concordant.
SACK1H,699,survived,up,3,0,0,Same-tissue replication: 3/3 concordant. Cross-tissue: 0/0 concordant.
CCNF,700,survived,up,3,0,0,Same-tissue replication: 3/3 concordant. Cross-tissue: 0/0 concordant.
CENPF,700,survived,up,3,0,0,Same-tissue replication: 3/3 concordant. Cross-tissue: 0/0 concordant.
DCAF13,700,survived,up,3,0,0,Same-tissue replication: 3/3 concordant. Cross-tissue: 0/0 concordant.
DRAM1,700,survived,up,3,0,0,Same-tissue replication: 3/3 concordant. Cross-tissue: 0/0 concordant.
EPHB4,700,survived,up,3,0,0,Same-tissue replication: 3/3 concordant. Cross-tissue: 0/0 concordant.
GPCPD1,700,survived,up,3,0,0,Same-tissue replication: 3/3 concordant. Cross-tissue: 0/0 concordant.
MORC2,700,survived,up,3,0,0,Same-tissue replication: 3/3 concordant. Cross-tissue: 0/0 concordant.
PAICS,700,survived,up,3,0,0,Same-tissue replication: 3/3 concordant. Cross-tissue: 0/0 concordant.
PIEZO1,700,survived,up,3,0,0,Same-tissue replication: 3/3 concordant. Cross-tissue: 0/0 concordant.
POGLUT2,700,survived,up,3,0,0,Same-tissue replication: 3/3 concordant. Cross-tissue: 0/0 concordant.
SHMT2,700,survived,up,3,0,0,Same-tissue replication: 3/3 concordant. Cross-tissue: 0/0 concordant.
TFAP2C,700,survived,up,3,0,0,Same-tissue replication: 3/3 concordant. Cross-tissue: 0/0 concordant.
TKT,700,survived,up,3,0,0,Same-tissue replication: 3/3 concordant. Cross-tissue: 0/0 concordant.
WDR43,700,survived,up,3,0,0,Same-tissue replication: 3/3 concordant. Cross-tissue: 0/0 concordant.
DDX39A,702,survived,up,3,0,0,Same-tissue replication: 3/3 concordant. Cross-tissue: 0/0 concordant.
MRPL17,702,survived,up,3,0,0,Same-tissue replication: 3/3 concordant. Cross-tissue: 0/0 concordant.
NOLC1,702,survived,up,3,0,0,Same-tissue replication: 3/3 concordant. Cross-tissue: 0/0 concordant.
POLR1F,702,survived,up,3,0,0,Same-tissue replication: 3/3 concordant. Cross-tissue: 0/0 concordant.
POP1,702,survived,up,3,0,0,Same-tissue replication: 3/3 concordant. Cross-tissue: 0/0 concordant.
PPRC1,702,survived,up,3,0,0,Same-tissue replication: 3/3 concordant. Cross-tissue: 0/0 concordant.
RHBDF2,702,survived,up,3,0,0,Same-tissue replication: 3/3 concordant. Cross-tissue: 0/0 concordant.
SLC25A32,702,survived,up,3,0,0,Same-tissue replication: 3/3 concordant. Cross-tissue: 0/0 concordant.
TMEM161A,702,survived,up,3,0,0,Same-tissue replication: 3/3 concordant. Cross-tissue: 0/0 concordant.
TMEM41A,702,survived,up,3,0,0,Same-tissue replication: 3/3 concordant. Cross-tissue: 0/0 concordant.
TRMT112,702,survived,up,3,0,0,Same-tissue replication: 3/3 concordant. Cross-tissue: 0/0 concordant.
AGL,703,survived,down,3,0,0,Same-tissue replication: 3/3 concordant. Cross-tissue: 0/0 concordant.
GDE1,703,survived,down,3,0,0,Same-tissue replication: 3/3 concordant. Cross-tissue: 0/0 concordant.
HEATR5A,703,survived,down,3,0,0,Same-tissue replication: 3/3 concordant. Cross-tissue: 0/0 concordant.
VPS4B,703,survived,down,3,0,0,Same-tissue replication: 3/3 concordant. Cross-tissue: 0/0 concordant.
EIF4EBP1,704,survived,up,3,0,0,Same-tissue replication: 3/3 concordant. Cross-tissue: 0/0 concordant.
GTF2F2,704,survived,up,3,0,0,Same-tissue replication: 3/3 concordant. Cross-tissue: 0/0 concordant.
MPG,704,survived,up,3,0,0,Same-tissue replication: 3/3 concordant. Cross-tissue: 0/0 concordant.
POC1A,704,survived,up,3,0,0,Same-tissue replication: 3/3 concordant. Cross-tissue: 0/0 concordant.
VAPB,704,survived,up,3,0,0,Same-tissue replication: 3/3 concordant. Cross-tissue: 0/0 concordant.
ARL3,705,survived,up,3,0,0,Same-tissue replication: 3/3 concordant. Cross-tissue: 0/0 concordant.
DCLRE1B,705,survived,up,3,0,0,Same-tissue replication: 3/3 concordant. Cross-tissue: 0/0 concordant.
HABP4,705,survived,up,3,0,0,Same-tissue replication: 3/3 concordant. Cross-tissue: 0/0 concordant.
LIN9,705,survived,up,3,0,0,Same-tissue replication: 3/3 concordant. Cross-tissue: 0/0 concordant.
SEMA4F,705,survived,up,3,0,0,Same-tissue replication: 3/3 concordant. Cross-tissue: 0/0 concordant.
SPHK1,705,survived,up,3,0,0,Same-tissue replication: 3/3 concordant. Cross-tissue: 0/0 concordant.
CRLS1,706,survived,up,3,0,0,Same-tissue replication: 3/3 concordant. Cross-tissue: 0/0 concordant.
ILKAP,706,survived,up,3,0,0,Same-tissue replication: 3/3 concordant. Cross-tissue: 0/0 concordant.
MEPCE,706,survived,up,3,0,0,Same-tissue replication: 3/3 concordant. Cross-tissue: 0/0 concordant.
MFSD12,706,survived,up,3,0,0,Same-tissue replication: 3/3 concordant. Cross-tissue: 0/0 concordant.
PIGX,706,survived,up,3,0,0,Same-tissue replication: 3/3 concordant. Cross-tissue: 0/0 concordant.
PRRC2B,706,survived,up,3,0,0,Same-tissue replication: 3/3 concordant. Cross-tissue: 0/0 concordant.
SMARCD1,706,survived,up,2,0,0,Same-tissue replication: 2/3 concordant. Cross-tissue: 0/0 concordant.
SNRPD3,706,survived,up,3,0,0,Same-tissue replication: 3/3 concordant. Cross-tissue: 0/0 concordant.
WWC3,706,survived,up,3,0,0,Same-tissue replication: 3/3 concordant. Cross-tissue: 0/0 concordant.
DBF4,707,survived,up,3,0,0,Same-tissue replication: 3/3 concordant. Cross-tissue: 0/0 concordant.
DPY19L1,707,survived,up,3,0,0,Same-tissue replication: 3/3 concordant. Cross-tissue: 0/0 concordant.
GLA,707,survived,up,3,0,0,Same-tissue replication: 3/3 concordant. Cross-tissue: 0/0 concordant.
MBTPS2,707,survived,up,3,0,0,Same-tissue replication: 3/3 concordant. Cross-tissue: 0/0 concordant.
NAT10,707,survived,up,3,0,0,Same-tissue replication: 3/3 concordant. Cross-tissue: 0/0 concordant.
PNPT1,707,survived,up,3,0,0,Same-tissue replication: 3/3 concordant. Cross-tissue: 0/0 concordant.
POLD2,707,survived,up,3,0,0,Same-tissue replication: 3/3 concordant. Cross-tissue: 0/0 concordant.
RBCK1,707,survived,up,3,0,0,Same-tissue replication: 3/3 concordant. Cross-tissue: 0/0 concordant.
RBM28,707,survived,up,3,0,0,Same-tissue replication: 3/3 concordant. Cross-tissue: 0/0 concordant.
SFXN3,707,survived,up,3,0,0,Same-tissue replication: 3/3 concordant. Cross-tissue: 0/0 concordant.
TRAP1,707,survived,up,3,0,0,Same-tissue replication: 3/3 concordant. Cross-tissue: 0/0 concordant.
UCKL1,707,survived,up,3,0,0,Same-tissue replication: 3/3 concordant. Cross-tissue: 0/0 concordant.
DYNLRB1,708,survived,up,3,0,0,Same-tissue replication: 3/3 concordant. Cross-tissue: 0/0 concordant.
FAM91A1,708,survived,up,3,0,0,Same-tissue replication: 3/3 concordant. Cross-tissue: 0/0 concordant.
NOL10,708,survived,up,3,0,0,Same-tissue replication: 3/3 concordant. Cross-tissue: 0/0 concordant.
PAXIP1,708,survived,up,3,0,0,Same-tissue replication: 3/3 concordant. Cross-tissue: 0/0 concordant.
RIOK1,708,survived,up,3,0,0,Same-tissue replication: 3/3 concordant. Cross-tissue: 0/0 concordant.
SMS,708,survived,up,3,0,0,Same-tissue replication: 3/3 concordant. Cross-tissue: 0/0 concordant.
COPRS,709,survived,up,3,0,0,Same-tissue replication: 3/3 concordant. Cross-tissue: 0/0 concordant.
MSI2,709,survived,up,3,0,0,Same-tissue replication: 3/3 concordant. Cross-tissue: 0/0 concordant.
PKP4,709,survived,up,3,0,0,Same-tissue replication: 3/3 concordant. Cross-tissue: 0/0 concordant.
PTBP1,709,survived,up,3,0,0,Same-tissue replication: 3/3 concordant. Cross-tissue: 0/0 concordant.
PTDSS1,709,survived,up,3,0,0,Same-tissue replication: 3/3 concordant. Cross-tissue: 0/0 concordant.
SNRPA,709,survived,up,3,0,0,Same-tissue replication: 3/3 concordant. Cross-tissue: 0/0 concordant.
SNRPF,709,survived,up,3,0,0,Same-tissue replication: 3/3 concordant. Cross-tissue: 0/0 concordant.
SSBP1,709,survived,up,3,0,0,Same-tissue replication: 3/3 concordant. Cross-tissue: 0/0 concordant.
SUGT1,709,survived,up,3,0,0,Same-tissue replication: 3/3 concordant. Cross-tissue: 0/0 concordant.
CDC6,710,survived,up,3,0,0,Same-tissue replication: 3/3 concordant. Cross-tissue: 0/0 concordant.
CST2,710,survived,up,3,0,0,Same-tissue replication: 3/3 concordant. Cross-tissue: 0/0 concordant.
EDNRA,710,survived,up,3,0,0,Same-tissue replication: 3/3 concordant. Cross-tissue: 0/0 concordant.
HOXB8,710,survived,up,3,0,0,Same-tissue replication: 3/3 concordant. Cross-tissue: 0/0 concordant.
KIF14,710,survived,up,3,0,0,Same-tissue replication: 3/3 concordant. Cross-tissue: 0/0 concordant.
PPAT,710,survived,up,3,0,0,Same-tissue replication: 3/3 concordant. Cross-tissue: 0/0 concordant.
PPBP,710,survived,up,3,0,0,Same-tissue replication: 3/3 concordant. Cross-tissue: 0/0 concordant.
RNF183,710,survived,up,3,0,0,Same-tissue replication: 3/3 concordant. Cross-tissue: 0/0 concordant.
S100P,710,survived,up,3,0,0,Same-tissue replication: 3/3 concordant. Cross-tissue: 0/0 concordant.
SLC4A11,710,survived,up,3,0,0,Same-tissue replication: 3/3 concordant. Cross-tissue: 0/0 concordant.
STMN3,710,survived,up,3,0,0,Same-tissue replication: 3/3 concordant. Cross-tissue: 0/0 concordant.
TNFSF15,710,survived,up,3,0,0,Same-tissue replication: 3/3 concordant. Cross-tissue: 0/0 concordant.
UBE2S,710,survived,up,3,0,0,Same-tissue replication: 3/3 concordant. Cross-tissue: 0/0 concordant.
ULBP2,710,survived,up,3,0,0,Same-tissue replication: 3/3 concordant. Cross-tissue: 0/0 concordant.
CEP72,711,survived,up,3,0,0,Same-tissue replication: 3/3 concordant. Cross-tissue: 0/0 concordant.
CMTM8,711,survived,up,3,0,0,Same-tissue replication: 3/3 concordant. Cross-tissue: 0/0 concordant.
DDX21,711,survived,up,3,0,0,Same-tissue replication: 3/3 concordant. Cross-tissue: 0/0 concordant.
DTL,711,survived,up,3,0,0,Same-tissue replication: 3/3 concordant. Cross-tissue: 0/0 concordant.
GINS2,711,survived,up,3,0,0,Same-tissue replication: 3/3 concordant. Cross-tissue: 0/0 concordant.
KPNA2,711,survived,up,3,0,0,Same-tissue replication: 3/3 concordant. Cross-tissue: 0/0 concordant.
PLAAT3,711,survived,up,3,0,0,Same-tissue replication: 3/3 concordant. Cross-tissue: 0/0 concordant.
SPARC,711,survived,up,3,0,0,Same-tissue replication: 3/3 concordant. Cross-tissue: 0/0 concordant.
TMEM9,711,survived,up,3,0,0,Same-tissue replication: 3/3 concordant. Cross-tissue: 0/0 concordant.
TWNK,711,survived,up,3,0,0,Same-tissue replication: 3/3 concordant. Cross-tissue: 0/0 concordant.
AFF1,712,survived,down,3,0,0,Same-tissue replication: 3/3 concordant. Cross-tissue: 0/0 concordant.
CROT,712,survived,down,3,0,0,Same-tissue replication: 3/3 concordant. Cross-tissue: 0/0 concordant.
DMXL1,712,survived,down,3,0,0,Same-tissue replication: 3/3 concordant. Cross-tissue: 0/0 concordant.
GNG7,712,survived,down,3,0,0,Same-tissue replication: 3/3 concordant. Cross-tissue: 0/0 concordant.
LITAF,712,survived,down,3,0,0,Same-tissue replication: 3/3 concordant. Cross-tissue: 0/0 concordant.
LMBRD1,712,survived,down,3,0,0,Same-tissue replication: 3/3 concordant. Cross-tissue: 0/0 concordant.
OLFM1,712,eliminated,down,1,1,0,Significant opposite direction in same-tissue dataset(s): ['GSE39582']. Discovery direction: down.
TRAK2,712,survived,down,3,0,0,Same-tissue replication: 3/3 concordant. Cross-tissue: 0/0 concordant.
WDR7,712,survived,down,3,0,0,Same-tissue replication: 3/3 concordant. Cross-tissue: 0/0 concordant.
ZNF396,712,survived,down,3,0,0,Same-tissue replication: 3/3 concordant. Cross-tissue: 0/0 concordant.
AUH,713,survived,down,2,0,0,Same-tissue replication: 2/3 concordant. Cross-tissue: 0/0 concordant.
GK5,713,survived,down,3,0,0,Same-tissue replication: 3/3 concordant. Cross-tissue: 0/0 concordant.
MEF2A,713,survived,down,3,0,0,Same-tissue replication: 3/3 concordant. Cross-tissue: 0/0 concordant.
MYO5B,713,survived,down,3,0,0,Same-tissue replication: 3/3 concordant. Cross-tissue: 0/0 concordant.
NNT,713,survived,down,3,0,0,Same-tissue replication: 3/3 concordant. Cross-tissue: 0/0 concordant.
TRAPPC8,713,survived,down,3,0,0,Same-tissue replication: 3/3 concordant. Cross-tissue: 0/0 concordant.
VAPA,713,survived,down,3,0,0,Same-tissue replication: 3/3 concordant. Cross-tissue: 0/0 concordant.
CCNA2,714,survived,up,3,0,0,Same-tissue replication: 3/3 concordant. Cross-tissue: 0/0 concordant.
DARS1,714,survived,up,3,0,0,Same-tissue replication: 3/3 concordant. Cross-tissue: 0/0 concordant.
HELLS,714,survived,up,3,0,0,Same-tissue replication: 3/3 concordant. Cross-tissue: 0/0 concordant.
POLQ,714,survived,up,3,0,0,Same-tissue replication: 3/3 concordant. Cross-tissue: 0/0 concordant.
RRP15,714,survived,up,3,0,0,Same-tissue replication: 3/3 concordant. Cross-tissue: 0/0 concordant.
CDC7,715,survived,up,3,0,0,Same-tissue replication: 3/3 concordant. Cross-tissue: 0/0 concordant.
ELK1,715,survived,up,3,0,0,Same-tissue replication: 3/3 concordant. Cross-tissue: 0/0 concordant.
KIFC1,715,survived,up,3,0,0,Same-tissue replication: 3/3 concordant. Cross-tissue: 0/0 concordant.
LSM14B,715,survived,up,3,0,0,Same-tissue replication: 3/3 concordant. Cross-tissue: 0/0 concordant.
ORC1,715,survived,up,3,0,0,Same-tissue replication: 3/3 concordant. Cross-tissue: 0/0 concordant.
PCDH17,715,survived,up,3,0,0,Same-tissue replication: 3/3 concordant. Cross-tissue: 0/0 concordant.
SBNO2,715,eliminated,up,2,1,0,Significant opposite direction in same-tissue dataset(s): ['GSE32323']. Discovery direction: up.
IL15RA,716,survived,up,3,0,0,Same-tissue replication: 3/3 concordant. Cross-tissue: 0/0 concordant.
MIOS,716,survived,up,3,0,0,Same-tissue replication: 3/3 concordant. Cross-tissue: 0/0 concordant.
NUP188,716,survived,up,3,0,0,Same-tissue replication: 3/3 concordant. Cross-tissue: 0/0 concordant.
PPP1R35,716,survived,up,3,0,0,Same-tissue replication: 3/3 concordant. Cross-tissue: 0/0 concordant.
RNF8,716,survived,up,3,0,0,Same-tissue replication: 3/3 concordant. Cross-tissue: 0/0 concordant.
SEMA4D,716,survived,up,3,0,0,Same-tissue replication: 3/3 concordant. Cross-tissue: 0/0 concordant.
ZXDB,716,survived,up,3,0,0,Same-tissue replication: 3/3 concordant. Cross-tissue: 0/0 concordant.
CEBPZ,717,survived,up,3,0,0,Same-tissue replication: 3/3 concordant. Cross-tissue: 0/0 concordant.
COL7A1,717,survived,up,3,0,0,Same-tissue replication: 3/3 concordant. Cross-tissue: 0/0 concordant.
COPS8,717,survived,up,3,0,0,Same-tissue replication: 3/3 concordant. Cross-tissue: 0/0 concordant.
ENOPH1,717,survived,up,3,0,0,Same-tissue replication: 3/3 concordant. Cross-tissue: 0/0 concordant.
NPRL3,717,survived,up,3,0,0,Same-tissue replication: 3/3 concordant. Cross-tissue: 0/0 concordant.
PIGT,717,survived,up,3,0,0,Same-tissue replication: 3/3 concordant. Cross-tissue: 0/0 concordant.
PREB,717,survived,up,3,0,0,Same-tissue replication: 3/3 concordant. Cross-tissue: 0/0 concordant.
EXO1,718,survived,up,3,0,0,Same-tissue replication: 3/3 concordant. Cross-tissue: 0/0 concordant.
NCAPD3,718,survived,up,3,0,0,Same-tissue replication: 3/3 concordant. Cross-tissue: 0/0 concordant.
NTMT1,718,survived,up,3,0,0,Same-tissue replication: 3/3 concordant. Cross-tissue: 0/0 concordant.
SLC35E4,718,survived,up,3,0,0,Same-tissue replication: 3/3 concordant. Cross-tissue: 0/0 concordant.
B3GALT6,719,survived,up,3,0,0,Same-tissue replication: 3/3 concordant. Cross-tissue: 0/0 concordant.
BYSL,719,survived,up,3,0,0,Same-tissue replication: 3/3 concordant. Cross-tissue: 0/0 concordant.
CCDC85B,719,survived,up,3,0,0,Same-tissue replication: 3/3 concordant. Cross-tissue: 0/0 concordant.
CDCA3,719,survived,up,3,0,0,Same-tissue replication: 3/3 concordant. Cross-tissue: 0/0 concordant.
CTSV,719,survived,up,3,0,0,Same-tissue replication: 3/3 concordant. Cross-tissue: 0/0 concordant.
DHCR7,719,survived,up,3,0,0,Same-tissue replication: 3/3 concordant. Cross-tissue: 0/0 concordant.
E2F7,719,survived,up,3,0,0,Same-tissue replication: 3/3 concordant. Cross-tissue: 0/0 concordant.
FAM72A,719,survived,up,3,0,0,Same-tissue replication: 3/3 concordant. Cross-tissue: 0/0 concordant.
FXYD5,719,survived,up,3,0,0,Same-tissue replication: 3/3 concordant. Cross-tissue: 0/0 concordant.
GLS2,719,survived,up,3,0,0,Same-tissue replication: 3/3 concordant. Cross-tissue: 0/0 concordant.
GPT2,719,survived,up,3,0,0,Same-tissue replication: 3/3 concordant. Cross-tissue: 0/0 concordant.
HJURP,719,survived,up,3,0,0,Same-tissue replication: 3/3 concordant. Cross-tissue: 0/0 concordant.
LIPG,719,survived,up,3,0,0,Same-tissue replication: 3/3 concordant. Cross-tissue: 0/0 concordant.
PLS3,719,survived,up,3,0,0,Same-tissue replication: 3/3 concordant. Cross-tissue: 0/0 concordant.
PRMT3,719,survived,up,3,0,0,Same-tissue replication: 3/3 concordant. Cross-tissue: 0/0 concordant.
SLC7A11,719,survived,up,3,0,0,Same-tissue replication: 3/3 concordant. Cross-tissue: 0/0 concordant.
SQLE,719,survived,up,3,0,0,Same-tissue replication: 3/3 concordant. Cross-tissue: 0/0 concordant.
TGIF2,719,survived,up,3,0,0,Same-tissue replication: 3/3 concordant. Cross-tissue: 0/0 concordant.
THY1,719,survived,up,3,0,0,Same-tissue replication: 3/3 concordant. Cross-tissue: 0/0 concordant.
TXNRD3,719,survived,up,3,0,0,Same-tissue replication: 3/3 concordant. Cross-tissue: 0/0 concordant.
BAG6,720,survived,up,1,0,0,Same-tissue replication: 1/3 concordant. Cross-tissue: 0/0 concordant.
CCDC77,720,survived,up,3,0,0,Same-tissue replication: 3/3 concordant. Cross-tissue: 0/0 concordant.
RRP8,720,survived,up,2,0,0,Same-tissue replication: 2/3 concordant. Cross-tissue: 0/0 concordant.
ZNF670,720,survived,up,3,0,0,Same-tissue replication: 3/3 concordant. Cross-tissue: 0/0 concordant.
DDX41,721,survived,up,3,0,0,Same-tissue replication: 3/3 concordant. Cross-tissue: 0/0 concordant.
NUAK1,721,survived,up,3,0,0,Same-tissue replication: 3/3 concordant. Cross-tissue: 0/0 concordant.
PGM2,721,survived,up,3,0,0,Same-tissue replication: 3/3 concordant. Cross-tissue: 0/0 concordant.
AKIRIN2,722,survived,up,1,0,0,Same-tissue replication: 1/3 concordant. Cross-tissue: 0/0 concordant.
CNPY2,722,survived,up,3,0,0,Same-tissue replication: 3/3 concordant. Cross-tissue: 0/0 concordant.
EPRS1,722,survived,up,3,0,0,Same-tissue replication: 3/3 concordant. Cross-tissue: 0/0 concordant.
GSTP1,722,survived,up,3,0,0,Same-tissue replication: 3/3 concordant. Cross-tissue: 0/0 concordant.
LYRM4,722,survived,up,3,0,0,Same-tissue replication: 3/3 concordant. Cross-tissue: 0/0 concordant.
NAA15,722,survived,up,3,0,0,Same-tissue replication: 3/3 concordant. Cross-tissue: 0/0 concordant.
NMD3,722,survived,up,3,0,0,Same-tissue replication: 3/3 concordant. Cross-tissue: 0/0 concordant.
NOL8,722,survived,up,3,0,0,Same-tissue replication: 3/3 concordant. Cross-tissue: 0/0 concordant.
TAP1,722,survived,up,3,0,0,Same-tissue replication: 3/3 concordant. Cross-tissue: 0/0 concordant.
TTL,722,survived,up,3,0,0,Same-tissue replication: 3/3 concordant. Cross-tissue: 0/0 concordant.
YWHAG,722,survived,up,3,0,0,Same-tissue replication: 3/3 concordant. Cross-tissue: 0/0 concordant.
ZFP64,722,survived,up,3,0,0,Same-tissue replication: 3/3 concordant. Cross-tissue: 0/0 concordant.
BRD7,723,survived,up,3,0,0,Same-tissue replication: 3/3 concordant. Cross-tissue: 0/0 concordant.
EIF3M,723,survived,up,3,0,0,Same-tissue replication: 3/3 concordant. Cross-tissue: 0/0 concordant.
URI1,723,survived,up,3,0,0,Same-tissue replication: 3/3 concordant. Cross-tissue: 0/0 concordant.
XRCC5,723,survived,up,3,0,0,Same-tissue replication: 3/3 concordant. Cross-tissue: 0/0 concordant.
ZNF558,723,survived,up,3,0,0,Same-tissue replication: 3/3 concordant. Cross-tissue: 0/0 concordant.
ADD1,724,survived,down,3,0,0,Same-tissue replication: 3/3 concordant. Cross-tissue: 0/0 concordant.
BTBD7,724,survived,down,3,0,0,Same-tissue replication: 3/3 concordant. Cross-tissue: 0/0 concordant.
NDUFS1,724,survived,down,3,0,0,Same-tissue replication: 3/3 concordant. Cross-tissue: 0/0 concordant.
TMEM50A,724,survived,down,2,0,0,Same-tissue replication: 2/3 concordant. Cross-tissue: 0/0 concordant.
UBE2G1,724,survived,down,3,0,0,Same-tissue replication: 3/3 concordant. Cross-tissue: 0/0 concordant.
ASAH1,725,survived,down,3,0,0,Same-tissue replication: 3/3 concordant. Cross-tissue: 0/0 concordant.
LMBRD2,725,survived,down,3,0,0,Same-tissue replication: 3/3 concordant. Cross-tissue: 0/0 concordant.
NECAP1,725,survived,down,3,0,0,Same-tissue replication: 3/3 concordant. Cross-tissue: 0/0 concordant.
TRAPPC11,725,eliminated,down,2,1,0,Significant opposite direction in same-tissue dataset(s): ['GSE32323']. Discovery direction: down.
CAMSAP1,726,survived,up,3,0,0,Same-tissue replication: 3/3 concordant. Cross-tissue: 0/0 concordant.
EIF2AK2,726,survived,up,3,0,0,Same-tissue replication: 3/3 concordant. Cross-tissue: 0/0 concordant.
FAM120C,726,survived,up,3,0,0,Same-tissue replication: 3/3 concordant. Cross-tissue: 0/0 concordant.
KHK,726,survived,up,2,0,0,Same-tissue replication: 2/3 concordant. Cross-tissue: 0/0 concordant.
MAK16,726,survived,up,3,0,0,Same-tissue replication: 3/3 concordant. Cross-tissue: 0/0 concordant.
NAB1,726,survived,up,3,0,0,Same-tissue replication: 3/3 concordant. Cross-tissue: 0/0 concordant.
PIBF1,726,survived,up,3,0,0,Same-tissue replication: 3/3 concordant. Cross-tissue: 0/0 concordant.
POLR3F,726,survived,up,3,0,0,Same-tissue replication: 3/3 concordant. Cross-tissue: 0/0 concordant.
PRRG1,726,survived,up,3,0,0,Same-tissue replication: 3/3 concordant. Cross-tissue: 0/0 concordant.
SETD7,726,survived,up,3,0,0,Same-tissue replication: 3/3 concordant. Cross-tissue: 0/0 concordant.
TRIM37,726,survived,up,3,0,0,Same-tissue replication: 3/3 concordant. Cross-tissue: 0/0 concordant.
USP40,726,survived,up,3,0,0,Same-tissue replication: 3/3 concordant. Cross-tissue: 0/0 concordant.
ZC2HC1A,726,survived,up,3,0,0,Same-tissue replication: 3/3 concordant. Cross-tissue: 0/0 concordant.
ZW10,726,survived,up,3,0,0,Same-tissue replication: 3/3 concordant. Cross-tissue: 0/0 concordant.
AP1S2,727,survived,up,2,0,0,Same-tissue replication: 2/3 concordant. Cross-tissue: 0/0 concordant.
CCN1,727,survived,up,2,0,0,Same-tissue replication: 2/3 concordant. Cross-tissue: 0/0 concordant.
CKAP2,727,eliminated,up,2,1,0,Significant opposite direction in same-tissue dataset(s): ['GSE37364']. Discovery direction: up.
EGR3,727,survived,up,1,0,0,Same-tissue replication: 1/3 concordant. Cross-tissue: 0/0 concordant.
FOS,727,eliminated,up,1,2,0,"Significant opposite direction in same-tissue dataset(s): ['GSE32323', 'GSE39582']. Discovery direction: up."
FOSB,727,eliminated,up,1,2,0,"Significant opposite direction in same-tissue dataset(s): ['GSE32323', 'GSE39582']. Discovery direction: up."
JUNB,727,eliminated,up,2,1,0,Significant opposite direction in same-tissue dataset(s): ['GSE32323']. Discovery direction: up.
NR4A1,727,eliminated,up,2,1,0,Significant opposite direction in same-tissue dataset(s): ['GSE32323']. Discovery direction: up.
SIK1,727,eliminated,up,2,1,0,Significant opposite direction in same-tissue dataset(s): ['GSE32323']. Discovery direction: up.
G6PD,728,survived,up,3,0,0,Same-tissue replication: 3/3 concordant. Cross-tissue: 0/0 concordant.
MTHFD2,728,survived,up,3,0,0,Same-tissue replication: 3/3 concordant. Cross-tissue: 0/0 concordant.
PLOD3,728,survived,up,3,0,0,Same-tissue replication: 3/3 concordant. Cross-tissue: 0/0 concordant.
PSMA7,728,survived,up,3,0,0,Same-tissue replication: 3/3 concordant. Cross-tissue: 0/0 concordant.
PYCR1,728,survived,up,3,0,0,Same-tissue replication: 3/3 concordant. Cross-tissue: 0/0 concordant.
TPD52L2,728,survived,up,3,0,0,Same-tissue replication: 3/3 concordant. Cross-tissue: 0/0 concordant.
XPO5,728,survived,up,3,0,0,Same-tissue replication: 3/3 concordant. Cross-tissue: 0/0 concordant.
ZNF593,728,survived,up,3,0,0,Same-tissue replication: 3/3 concordant. Cross-tissue: 0/0 concordant.
CDCA4,729,survived,up,3,0,0,Same-tissue replication: 3/3 concordant. Cross-tissue: 0/0 concordant.
CXXC5,729,survived,up,3,0,0,Same-tissue replication: 3/3 concordant. Cross-tissue: 0/0 concordant.
DNAAF5,729,survived,up,3,0,0,Same-tissue replication: 3/3 concordant. Cross-tissue: 0/0 concordant.
DNTTIP1,729,survived,up,3,0,0,Same-tissue replication: 3/3 concordant. Cross-tissue: 0/0 concordant.
KIF21B,729,survived,up,3,0,0,Same-tissue replication: 3/3 concordant. Cross-tissue: 0/0 concordant.
MCM7,729,survived,up,3,0,0,Same-tissue replication: 3/3 concordant. Cross-tissue: 0/0 concordant.
RFWD3,729,survived,up,3,0,0,Same-tissue replication: 3/3 concordant. Cross-tissue: 0/0 concordant.
SNRPB,729,survived,up,3,0,0,Same-tissue replication: 3/3 concordant. Cross-tissue: 0/0 concordant.
TMEM132A,729,survived,up,3,0,0,Same-tissue replication: 3/3 concordant. Cross-tissue: 0/0 concordant.
CMTM7,730,survived,up,3,0,0,Same-tissue replication: 3/3 concordant. Cross-tissue: 0/0 concordant.
DDX27,730,survived,up,3,0,0,Same-tissue replication: 3/3 concordant. Cross-tissue: 0/0 concordant.
HM13,730,survived,up,3,0,0,Same-tissue replication: 3/3 concordant. Cross-tissue: 0/0 concordant.
LAPTM4B,730,survived,up,3,0,0,Same-tissue replication: 3/3 concordant. Cross-tissue: 0/0 concordant.
MRPS17,730,survived,up,3,0,0,Same-tissue replication: 3/3 concordant. Cross-tissue: 0/0 concordant.
PDRG1,730,survived,up,3,0,0,Same-tissue replication: 3/3 concordant. Cross-tissue: 0/0 concordant.
PROSER1,730,survived,up,3,0,0,Same-tissue replication: 3/3 concordant. Cross-tissue: 0/0 concordant.
SPNS2,730,survived,up,2,0,0,Same-tissue replication: 2/3 concordant. Cross-tissue: 0/0 concordant.
ATG16L1,731,survived,up,3,0,0,Same-tissue replication: 3/3 concordant. Cross-tissue: 0/0 concordant.
ELFN1,731,survived,up,3,0,0,Same-tissue replication: 3/3 concordant. Cross-tissue: 0/0 concordant.
SPEN,731,eliminated,up,1,1,0,Significant opposite direction in same-tissue dataset(s): ['GSE37364']. Discovery direction: up.
USE1,731,survived,up,3,0,0,Same-tissue replication: 3/3 concordant. Cross-tissue: 0/0 concordant.
AGAP3,732,survived,up,3,0,0,Same-tissue replication: 3/3 concordant. Cross-tissue: 0/0 concordant.
DBNDD1,732,survived,up,3,0,0,Same-tissue replication: 3/3 concordant. Cross-tissue: 0/0 concordant.
NUP62,732,survived,up,3,0,0,Same-tissue replication: 3/3 concordant. Cross-tissue: 0/0 concordant.
PRPF6,732,survived,up,3,0,0,Same-tissue replication: 3/3 concordant. Cross-tissue: 0/0 concordant.
PSMG4,732,survived,up,3,0,0,Same-tissue replication: 3/3 concordant. Cross-tissue: 0/0 concordant.
SPINDOC,732,survived,up,3,0,0,Same-tissue replication: 3/3 concordant. Cross-tissue: 0/0 concordant.
XPO4,732,survived,up,3,0,0,Same-tissue replication: 3/3 concordant. Cross-tissue: 0/0 concordant.
DNMT1,733,survived,up,3,0,0,Same-tissue replication: 3/3 concordant. Cross-tissue: 0/0 concordant.
ILF3,733,survived,up,3,0,0,Same-tissue replication: 3/3 concordant. Cross-tissue: 0/0 concordant.
IPO5,733,survived,up,3,0,0,Same-tissue replication: 3/3 concordant. Cross-tissue: 0/0 concordant.
KBTBD6,733,survived,up,3,0,0,Same-tissue replication: 3/3 concordant. Cross-tissue: 0/0 concordant.
MTERF3,733,survived,up,3,0,0,Same-tissue replication: 3/3 concordant. Cross-tissue: 0/0 concordant.
NAA25,733,survived,up,3,0,0,Same-tissue replication: 3/3 concordant. Cross-tissue: 0/0 concordant.
NOB1,733,survived,up,3,0,0,Same-tissue replication: 3/3 concordant. Cross-tissue: 0/0 concordant.
NUP58,733,survived,up,3,0,0,Same-tissue replication: 3/3 concordant. Cross-tissue: 0/0 concordant.
PAQR4,733,survived,up,3,0,0,Same-tissue replication: 3/3 concordant. Cross-tissue: 0/0 concordant.
TM9SF4,733,survived,up,3,0,0,Same-tissue replication: 3/3 concordant. Cross-tissue: 0/0 concordant.
NONO,734,survived,up,3,0,0,Same-tissue replication: 3/3 concordant. Cross-tissue: 0/0 concordant.
NSMCE1,734,survived,up,3,0,0,Same-tissue replication: 3/3 concordant. Cross-tissue: 0/0 concordant.
PES1,734,survived,up,3,0,0,Same-tissue replication: 3/3 concordant. Cross-tissue: 0/0 concordant.
SRRT,734,survived,up,3,0,0,Same-tissue replication: 3/3 concordant. Cross-tissue: 0/0 concordant.
TAGLN2,734,survived,up,2,0,0,Same-tissue replication: 2/3 concordant. Cross-tissue: 0/0 concordant.
TMEM267,734,survived,up,3,0,0,Same-tissue replication: 3/3 concordant. Cross-tissue: 0/0 concordant.
VPS72,734,survived,up,3,0,0,Same-tissue replication: 3/3 concordant. Cross-tissue: 0/0 concordant.
APMAP,735,survived,up,3,0,0,Same-tissue replication: 3/3 concordant. Cross-tissue: 0/0 concordant.
CDADC1,735,survived,up,3,0,0,Same-tissue replication: 3/3 concordant. Cross-tissue: 0/0 concordant.
DONSON,735,survived,up,3,0,0,Same-tissue replication: 3/3 concordant. Cross-tissue: 0/0 concordant.
DUS4L,735,survived,up,3,0,0,Same-tissue replication: 3/3 concordant. Cross-tissue: 0/0 concordant.
MTFR1,735,survived,up,3,0,0,Same-tissue replication: 3/3 concordant. Cross-tissue: 0/0 concordant.
NUP37,735,survived,up,3,0,0,Same-tissue replication: 3/3 concordant. Cross-tissue: 0/0 concordant.
PUM3,735,survived,up,3,0,0,Same-tissue replication: 3/3 concordant. Cross-tissue: 0/0 concordant.
TBL3,735,survived,up,3,0,0,Same-tissue replication: 3/3 concordant. Cross-tissue: 0/0 concordant.
TMEM231,735,survived,up,3,0,0,Same-tissue replication: 3/3 concordant. Cross-tissue: 0/0 concordant.
CCT2,736,survived,up,3,0,0,Same-tissue replication: 3/3 concordant. Cross-tissue: 0/0 concordant.
GGH,736,survived,up,3,0,0,Same-tissue replication: 3/3 concordant. Cross-tissue: 0/0 concordant.
NUP107,736,survived,up,3,0,0,Same-tissue replication: 3/3 concordant. Cross-tissue: 0/0 concordant.
SRPRB,736,survived,up,3,0,0,Same-tissue replication: 3/3 concordant. Cross-tissue: 0/0 concordant.
ZNF777,736,survived,up,3,0,0,Same-tissue replication: 3/3 concordant. Cross-tissue: 0/0 concordant.
ASF1B,737,survived,up,3,0,0,Same-tissue replication: 3/3 concordant. Cross-tissue: 0/0 concordant.
GNPDA1,737,survived,up,3,0,0,Same-tissue replication: 3/3 concordant. Cross-tissue: 0/0 concordant.
IRAK1,737,survived,up,3,0,0,Same-tissue replication: 3/3 concordant. Cross-tissue: 0/0 concordant.
MORC4,737,survived,up,3,0,0,Same-tissue replication: 3/3 concordant. Cross-tissue: 0/0 concordant.
SLC3A2,737,survived,up,3,0,0,Same-tissue replication: 3/3 concordant. Cross-tissue: 0/0 concordant.
SULT2B1,737,survived,up,3,0,0,Same-tissue replication: 3/3 concordant. Cross-tissue: 0/0 concordant.
TCF3,737,survived,up,3,0,0,Same-tissue replication: 3/3 concordant. Cross-tissue: 0/0 concordant.
TUBG1,737,survived,up,3,0,0,Same-tissue replication: 3/3 concordant. Cross-tissue: 0/0 concordant.
ZPR1,737,survived,up,3,0,0,Same-tissue replication: 3/3 concordant. Cross-tissue: 0/0 concordant.
CDR2L,738,survived,up,3,0,0,Same-tissue replication: 3/3 concordant. Cross-tissue: 0/0 concordant.
DSN1,738,survived,up,3,0,0,Same-tissue replication: 3/3 concordant. Cross-tissue: 0/0 concordant.
FAM216A,738,survived,up,3,0,0,Same-tissue replication: 3/3 concordant. Cross-tissue: 0/0 concordant.
IMPDH1,738,survived,up,3,0,0,Same-tissue replication: 3/3 concordant. Cross-tissue: 0/0 concordant.
LAGE3,738,survived,up,3,0,0,Same-tissue replication: 3/3 concordant. Cross-tissue: 0/0 concordant.
NT5C3B,738,survived,up,3,0,0,Same-tissue replication: 3/3 concordant. Cross-tissue: 0/0 concordant.
POLR1C,738,survived,up,3,0,0,Same-tissue replication: 3/3 concordant. Cross-tissue: 0/0 concordant.
TIMM50,738,survived,up,3,0,0,Same-tissue replication: 3/3 concordant. Cross-tissue: 0/0 concordant.
EIF3B,739,survived,up,3,0,0,Same-tissue replication: 3/3 concordant. Cross-tissue: 0/0 concordant.
NDE1,739,survived,up,3,0,0,Same-tissue replication: 3/3 concordant. Cross-tissue: 0/0 concordant.
PHGDH,739,survived,up,3,0,0,Same-tissue replication: 3/3 concordant. Cross-tissue: 0/0 concordant.
TCFL5,739,survived,up,3,0,0,Same-tissue replication: 3/3 concordant. Cross-tissue: 0/0 concordant.
UTP14A,739,survived,up,3,0,0,Same-tissue replication: 3/3 concordant. Cross-tissue: 0/0 concordant.
CDC123,740,survived,up,3,0,0,Same-tissue replication: 3/3 concordant. Cross-tissue: 0/0 concordant.
EIF1AX,740,survived,up,3,0,0,Same-tissue replication: 3/3 concordant. Cross-tissue: 0/0 concordant.
SLC1A5,740,survived,up,3,0,0,Same-tissue replication: 3/3 concordant. Cross-tissue: 0/0 concordant.
WDR75,740,survived,up,3,0,0,Same-tissue replication: 3/3 concordant. Cross-tissue: 0/0 concordant.
DDX55,741,survived,up,3,0,0,Same-tissue replication: 3/3 concordant. Cross-tissue: 0/0 concordant.
KBTBD2,741,survived,up,3,0,0,Same-tissue replication: 3/3 concordant. Cross-tissue: 0/0 concordant.
NUDCD3,741,survived,up,3,0,0,Same-tissue replication: 3/3 concordant. Cross-tissue: 0/0 concordant.
POMP,741,survived,up,3,0,0,Same-tissue replication: 3/3 concordant. Cross-tissue: 0/0 concordant.
RTF2,741,survived,up,3,0,0,Same-tissue replication: 3/3 concordant. Cross-tissue: 0/0 concordant.
SPOUT1,741,survived,up,3,0,0,Same-tissue replication: 3/3 concordant. Cross-tissue: 0/0 concordant.
CDC16,742,survived,up,3,0,0,Same-tissue replication: 3/3 concordant. Cross-tissue: 0/0 concordant.
EXOSC4,742,survived,up,3,0,0,Same-tissue replication: 3/3 concordant. Cross-tissue: 0/0 concordant.
GFUS,742,survived,up,3,0,0,Same-tissue replication: 3/3 concordant. Cross-tissue: 0/0 concordant.
HGH1,742,survived,up,3,0,0,Same-tissue replication: 3/3 concordant. Cross-tissue: 0/0 concordant.
METTL5,742,survived,up,3,0,0,Same-tissue replication: 3/3 concordant. Cross-tissue: 0/0 concordant.
OSER1,742,survived,up,3,0,0,Same-tissue replication: 3/3 concordant. Cross-tissue: 0/0 concordant.
HAUS7,743,survived,up,3,0,0,Same-tissue replication: 3/3 concordant. Cross-tissue: 0/0 concordant.
HSD17B7,743,survived,up,3,0,0,Same-tissue replication: 3/3 concordant. Cross-tissue: 0/0 concordant.
NMT1,743,survived,up,3,0,0,Same-tissue replication: 3/3 concordant. Cross-tissue: 0/0 concordant.
OGFOD1,743,survived,up,3,0,0,Same-tissue replication: 3/3 concordant. Cross-tissue: 0/0 concordant.
PSMG3,743,survived,up,3,0,0,Same-tissue replication: 3/3 concordant. Cross-tissue: 0/0 concordant.
RNF114,743,survived,up,3,0,0,Same-tissue replication: 3/3 concordant. Cross-tissue: 0/0 concordant.
RPIA,743,survived,up,3,0,0,Same-tissue replication: 3/3 concordant. Cross-tissue: 0/0 concordant.
ZNF511,743,survived,up,3,0,0,Same-tissue replication: 3/3 concordant. Cross-tissue: 0/0 concordant.
FARSB,744,survived,up,3,0,0,Same-tissue replication: 3/3 concordant. Cross-tissue: 0/0 concordant.
FTSJ3,744,survived,up,3,0,0,Same-tissue replication: 3/3 concordant. Cross-tissue: 0/0 concordant.
KRTCAP2,744,survived,up,3,0,0,Same-tissue replication: 3/3 concordant. Cross-tissue: 0/0 concordant.
NRDC,744,survived,up,3,0,0,Same-tissue replication: 3/3 concordant. Cross-tissue: 0/0 concordant.
REPIN1,744,survived,up,3,0,0,Same-tissue replication: 3/3 concordant. Cross-tissue: 0/0 concordant.
SLC12A9,744,survived,up,3,0,0,Same-tissue replication: 3/3 concordant. Cross-tissue: 0/0 concordant.
TCF20,744,survived,up,3,0,0,Same-tissue replication: 3/3 concordant. Cross-tissue: 0/0 concordant.
VRK1,744,survived,up,3,0,0,Same-tissue replication: 3/3 concordant. Cross-tissue: 0/0 concordant.
ATAD3A,745,survived,up,2,0,0,Same-tissue replication: 2/3 concordant. Cross-tissue: 0/0 concordant.
GRB10,745,survived,up,3,0,0,Same-tissue replication: 3/3 concordant. Cross-tissue: 0/0 concordant.
MAPRE1,745,survived,up,3,0,0,Same-tissue replication: 3/3 concordant. Cross-tissue: 0/0 concordant.
PHF13,745,survived,up,3,0,0,Same-tissue replication: 3/3 concordant. Cross-tissue: 0/0 concordant.
PODXL,745,survived,up,3,0,0,Same-tissue replication: 3/3 concordant. Cross-tissue: 0/0 concordant.
SRXN1,745,survived,up,3,0,0,Same-tissue replication: 3/3 concordant. Cross-tissue: 0/0 concordant.
LIG1,746,survived,up,3,0,0,Same-tissue replication: 3/3 concordant. Cross-tissue: 0/0 concordant.
SLC1A4,746,survived,up,3,0,0,Same-tissue replication: 3/3 concordant. Cross-tissue: 0/0 concordant.
SPNS1,746,survived,up,3,0,0,Same-tissue replication: 3/3 concordant. Cross-tissue: 0/0 concordant.
TGDS,746,survived,up,3,0,0,Same-tissue replication: 3/3 concordant. Cross-tissue: 0/0 concordant.
TRIM28,746,survived,up,3,0,0,Same-tissue replication: 3/3 concordant. Cross-tissue: 0/0 concordant.
CUEDC1,747,survived,up,3,0,0,Same-tissue replication: 3/3 concordant. Cross-tissue: 0/0 concordant.
ICMT,747,survived,up,2,0,0,Same-tissue replication: 2/3 concordant. Cross-tissue: 0/0 concordant.
IDH2,747,survived,up,3,0,0,Same-tissue replication: 3/3 concordant. Cross-tissue: 0/0 concordant.
NFYA,747,survived,up,3,0,0,Same-tissue replication: 3/3 concordant. Cross-tissue: 0/0 concordant.
TUBGCP4,747,survived,up,3,0,0,Same-tissue replication: 3/3 concordant. Cross-tissue: 0/0 concordant.
ALG1,748,survived,up,3,0,0,Same-tissue replication: 3/3 concordant. Cross-tissue: 0/0 concordant.
DCLRE1A,748,survived,up,3,0,0,Same-tissue replication: 3/3 concordant. Cross-tissue: 0/0 concordant.
E4F1,748,survived,up,2,0,0,Same-tissue replication: 2/3 concordant. Cross-tissue: 0/0 concordant.
FCHO1,748,survived,up,3,0,0,Same-tissue replication: 3/3 concordant. Cross-tissue: 0/0 concordant.
IRF2BP1,748,survived,up,2,0,0,Same-tissue replication: 2/3 concordant. Cross-tissue: 0/0 concordant.
KLHL26,748,survived,up,3,0,0,Same-tissue replication: 3/3 concordant. Cross-tissue: 0/0 concordant.
LRSAM1,748,survived,up,3,0,0,Same-tissue replication: 3/3 concordant. Cross-tissue: 0/0 concordant.
PTGES2,748,survived,up,2,0,0,Same-tissue replication: 2/3 concordant. Cross-tissue: 0/0 concordant.
RPAP1,748,survived,up,1,0,0,Same-tissue replication: 1/3 concordant. Cross-tissue: 0/0 concordant.
TIMM17A,748,survived,up,3,0,0,Same-tissue replication: 3/3 concordant. Cross-tissue: 0/0 concordant.
TNFSF9,748,survived,up,3,0,0,Same-tissue replication: 3/3 concordant. Cross-tissue: 0/0 concordant.
CCN6,749,survived,up,3,0,0,Same-tissue replication: 3/3 concordant. Cross-tissue: 0/0 concordant.
JAK1,749,eliminated,up,2,1,0,Significant opposite direction in same-tissue dataset(s): ['GSE32323']. Discovery direction: up.
PIP4P2,749,survived,up,3,0,0,Same-tissue replication: 3/3 concordant. Cross-tissue: 0/0 concordant.
TMX4,749,survived,up,3,0,0,Same-tissue replication: 3/3 concordant. Cross-tissue: 0/0 concordant.
ZNF101,749,eliminated,up,1,2,0,"Significant opposite direction in same-tissue dataset(s): ['GSE37364', 'GSE39582']. Discovery direction: up."
DDX3X,750,eliminated,up,1,1,0,Significant opposite direction in same-tissue dataset(s): ['GSE32323']. Discovery direction: up.
FCHSD2,750,survived,up,3,0,0,Same-tissue replication: 3/3 concordant. Cross-tissue: 0/0 concordant.
PRKAR1A,750,survived,up,3,0,0,Same-tissue replication: 3/3 concordant. Cross-tissue: 0/0 concordant.
TGFBR2,750,survived,up,3,0,0,Same-tissue replication: 3/3 concordant. Cross-tissue: 0/0 concordant.
ADGRL3,751,survived,down,3,0,0,Same-tissue replication: 3/3 concordant. Cross-tissue: 0/0 concordant.
ASB2,751,survived,down,3,0,0,Same-tissue replication: 3/3 concordant. Cross-tissue: 0/0 concordant.
B4GALNT2,751,survived,down,3,0,0,Same-tissue replication: 3/3 concordant. Cross-tissue: 0/0 concordant.
BEX4,751,survived,down,3,0,0,Same-tissue replication: 3/3 concordant. Cross-tissue: 0/0 concordant.
FRZB,751,survived,down,3,0,0,Same-tissue replication: 3/3 concordant. Cross-tissue: 0/0 concordant.
MMRN1,751,survived,down,3,0,0,Same-tissue replication: 3/3 concordant. Cross-tissue: 0/0 concordant.
PIK3CG,751,survived,down,3,0,0,Same-tissue replication: 3/3 concordant. Cross-tissue: 0/0 concordant.
SSBP2,751,survived,down,3,0,0,Same-tissue replication: 3/3 concordant. Cross-tissue: 0/0 concordant.
TOX,751,survived,down,3,0,0,Same-tissue replication: 3/3 concordant. Cross-tissue: 0/0 concordant.
AGO2,753,survived,up,3,0,0,Same-tissue replication: 3/3 concordant. Cross-tissue: 0/0 concordant.
ANAPC11,753,survived,up,3,0,0,Same-tissue replication: 3/3 concordant. Cross-tissue: 0/0 concordant.
CFAP298,753,survived,up,3,0,0,Same-tissue replication: 3/3 concordant. Cross-tissue: 0/0 concordant.
DCTD,753,survived,up,3,0,0,Same-tissue replication: 3/3 concordant. Cross-tissue: 0/0 concordant.
G6PC3,753,survived,up,3,0,0,Same-tissue replication: 3/3 concordant. Cross-tissue: 0/0 concordant.
RBM42,753,survived,up,2,0,0,Same-tissue replication: 2/3 concordant. Cross-tissue: 0/0 concordant.
RSL1D1,753,survived,up,3,0,0,Same-tissue replication: 3/3 concordant. Cross-tissue: 0/0 concordant.
SSRP1,753,survived,up,3,0,0,Same-tissue replication: 3/3 concordant. Cross-tissue: 0/0 concordant.
STX16,753,survived,up,3,0,0,Same-tissue replication: 3/3 concordant. Cross-tissue: 0/0 concordant.
DCAF1,754,survived,up,3,0,0,Same-tissue replication: 3/3 concordant. Cross-tissue: 0/0 concordant.
EEF1D,754,survived,up,3,0,0,Same-tissue replication: 3/3 concordant. Cross-tissue: 0/0 concordant.
ENO1,754,survived,up,3,0,0,Same-tissue replication: 3/3 concordant. Cross-tissue: 0/0 concordant.
FKBP4,754,survived,up,3,0,0,Same-tissue replication: 3/3 concordant. Cross-tissue: 0/0 concordant.
FNTA,754,survived,up,3,0,0,Same-tissue replication: 3/3 concordant. Cross-tissue: 0/0 concordant.
GPI,754,survived,up,3,0,0,Same-tissue replication: 3/3 concordant. Cross-tissue: 0/0 concordant.
INTS7,754,survived,up,3,0,0,Same-tissue replication: 3/3 concordant. Cross-tissue: 0/0 concordant.
SNRPA1,754,survived,up,3,0,0,Same-tissue replication: 3/3 concordant. Cross-tissue: 0/0 concordant.
TATDN1,754,survived,up,3,0,0,Same-tissue replication: 3/3 concordant. Cross-tissue: 0/0 concordant.
TIMM17B,754,survived,up,3,0,0,Same-tissue replication: 3/3 concordant. Cross-tissue: 0/0 concordant.
TOPBP1,754,survived,up,3,0,0,Same-tissue replication: 3/3 concordant. Cross-tissue: 0/0 concordant.
XPO1,754,survived,up,3,0,0,Same-tissue replication: 3/3 concordant. Cross-tissue: 0/0 concordant.
ZC3H15,754,survived,up,3,0,0,Same-tissue replication: 3/3 concordant. Cross-tissue: 0/0 concordant.
ACVR2B,756,survived,up,2,0,0,Same-tissue replication: 2/3 concordant. Cross-tissue: 0/0 concordant.
ARHGAP39,756,survived,up,3,0,0,Same-tissue replication: 3/3 concordant. Cross-tissue: 0/0 concordant.
CHDH,756,survived,up,3,0,0,Same-tissue replication: 3/3 concordant. Cross-tissue: 0/0 concordant.
FRMD5,756,survived,up,3,0,0,Same-tissue replication: 3/3 concordant. Cross-tissue: 0/0 concordant.
MXRA5,756,survived,up,3,0,0,Same-tissue replication: 3/3 concordant. Cross-tissue: 0/0 concordant.
PPP2R2C,756,survived,up,3,0,0,Same-tissue replication: 3/3 concordant. Cross-tissue: 0/0 concordant.
RGL2,756,survived,up,3,0,0,Same-tissue replication: 3/3 concordant. Cross-tissue: 0/0 concordant.
YIPF2,756,survived,up,3,0,0,Same-tissue replication: 3/3 concordant. Cross-tissue: 0/0 concordant.
CTBP2,757,survived,up,2,0,0,Same-tissue replication: 2/3 concordant. Cross-tissue: 0/0 concordant.
HMGXB3,757,survived,up,2,0,0,Same-tissue replication: 2/3 concordant. Cross-tissue: 0/0 concordant.
KDELR2,757,survived,up,3,0,0,Same-tissue replication: 3/3 concordant. Cross-tissue: 0/0 concordant.
MRPS35,757,survived,up,3,0,0,Same-tissue replication: 3/3 concordant. Cross-tissue: 0/0 concordant.
NES,757,survived,up,3,0,0,Same-tissue replication: 3/3 concordant. Cross-tissue: 0/0 concordant.
RPUSD2,757,survived,up,3,0,0,Same-tissue replication: 3/3 concordant. Cross-tissue: 0/0 concordant.
SSR1,757,survived,up,3,0,0,Same-tissue replication: 3/3 concordant. Cross-tissue: 0/0 concordant.
TBC1D7,757,survived,up,3,0,0,Same-tissue replication: 3/3 concordant. Cross-tissue: 0/0 concordant.
TOMM70,757,survived,up,3,0,0,Same-tissue replication: 3/3 concordant. Cross-tissue: 0/0 concordant.
USP5,757,survived,up,3,0,0,Same-tissue replication: 3/3 concordant. Cross-tissue: 0/0 concordant.
AGTPBP1,758,survived,up,3,0,0,Same-tissue replication: 3/3 concordant. Cross-tissue: 0/0 concordant.
ARHGEF10,758,survived,up,3,0,0,Same-tissue replication: 3/3 concordant. Cross-tissue: 0/0 concordant.
CENPB,758,survived,up,2,0,0,Same-tissue replication: 2/3 concordant. Cross-tissue: 0/0 concordant.
CEP131,758,survived,up,3,0,0,Same-tissue replication: 3/3 concordant. Cross-tissue: 0/0 concordant.
HECW2,758,survived,up,3,0,0,Same-tissue replication: 3/3 concordant. Cross-tissue: 0/0 concordant.
INSIG1,758,survived,up,2,0,0,Same-tissue replication: 2/3 concordant. Cross-tissue: 0/0 concordant.
MARS2,758,survived,up,3,0,0,Same-tissue replication: 3/3 concordant. Cross-tissue: 0/0 concordant.
MED17,758,survived,up,3,0,0,Same-tissue replication: 3/3 concordant. Cross-tissue: 0/0 concordant.
MTAP,758,survived,up,3,0,0,Same-tissue replication: 3/3 concordant. Cross-tissue: 0/0 concordant.
PRELID3A,758,survived,up,3,0,0,Same-tissue replication: 3/3 concordant. Cross-tissue: 0/0 concordant.
RNF213,758,survived,up,3,0,0,Same-tissue replication: 3/3 concordant. Cross-tissue: 0/0 concordant.
SAP30,758,survived,up,3,0,0,Same-tissue replication: 3/3 concordant. Cross-tissue: 0/0 concordant.
SEC16B,758,survived,up,3,0,0,Same-tissue replication: 3/3 concordant. Cross-tissue: 0/0 concordant.
ZNF567,758,survived,up,3,0,0,Same-tissue replication: 3/3 concordant. Cross-tissue: 0/0 concordant.
ADGRG5,759,survived,down,2,0,0,Same-tissue replication: 2/3 concordant. Cross-tissue: 0/0 concordant.
ANKRA2,759,survived,down,2,0,0,Same-tissue replication: 2/3 concordant. Cross-tissue: 0/0 concordant.
TMEM71,759,eliminated,down,0,1,0,Significant opposite direction in same-tissue dataset(s): ['GSE37364']. Discovery direction: down.
WDR44,759,survived,down,2,0,0,Same-tissue replication: 2/3 concordant. Cross-tissue: 0/0 concordant.
MORC3,760,survived,up,1,0,0,Same-tissue replication: 1/3 concordant. Cross-tissue: 0/0 concordant.
S100PBP,760,survived,up,3,0,0,Same-tissue replication: 3/3 concordant. Cross-tissue: 0/0 concordant.
SERTAD1,760,survived,down,3,0,0,Same-tissue replication: 3/3 concordant. Cross-tissue: 0/0 concordant.
KATNAL1,761,survived,up,2,0,0,Same-tissue replication: 2/3 concordant. Cross-tissue: 0/0 concordant.
PDP2,761,survived,up,1,0,0,Same-tissue replication: 1/3 concordant. Cross-tissue: 0/0 concordant.
RNF130,761,survived,up,2,0,0,Same-tissue replication: 2/3 concordant. Cross-tissue: 0/0 concordant.
SEMA3A,761,survived,up,3,0,0,Same-tissue replication: 3/3 concordant. Cross-tissue: 0/0 concordant.
CTSL,762,eliminated,down,1,1,0,Significant opposite direction in same-tissue dataset(s): ['GSE37364']. Discovery direction: down.
SP140L,762,survived,down,3,0,0,Same-tissue replication: 3/3 concordant. Cross-tissue: 0/0 concordant.
TRIM69,762,survived,down,2,0,0,Same-tissue replication: 2/3 concordant. Cross-tissue: 0/0 concordant.
ZC3H6,762,survived,down,1,0,0,Same-tissue replication: 1/3 concordant. Cross-tissue: 0/0 concordant.
ADH6,763,survived,down,3,0,0,Same-tissue replication: 3/3 concordant. Cross-tissue: 0/0 concordant.
CFH,763,survived,down,3,0,0,Same-tissue replication: 3/3 concordant. Cross-tissue: 0/0 concordant.
ETFDH,763,survived,down,3,0,0,Same-tissue replication: 3/3 concordant. Cross-tissue: 0/0 concordant.
IQGAP2,763,survived,down,3,0,0,Same-tissue replication: 3/3 concordant. Cross-tissue: 0/0 concordant.
SLC23A1,763,survived,down,3,0,0,Same-tissue replication: 3/3 concordant. Cross-tissue: 0/0 concordant.
SUGCT,763,survived,down,3,0,0,Same-tissue replication: 3/3 concordant. Cross-tissue: 0/0 concordant.
AMN,764,survived,down,3,0,0,Same-tissue replication: 3/3 concordant. Cross-tissue: 0/0 concordant.
ANKRD40CL,764,survived,down,3,0,0,Same-tissue replication: 3/3 concordant. Cross-tissue: 0/0 concordant.
DEFB1,764,survived,down,3,0,0,Same-tissue replication: 3/3 concordant. Cross-tissue: 0/0 concordant.
NEGR1,764,survived,down,3,0,0,Same-tissue replication: 3/3 concordant. Cross-tissue: 0/0 concordant.
OSBPL1A,764,survived,down,3,0,0,Same-tissue replication: 3/3 concordant. Cross-tissue: 0/0 concordant.
PDE5A,764,survived,down,3,0,0,Same-tissue replication: 3/3 concordant. Cross-tissue: 0/0 concordant.
PHLPP2,764,survived,down,3,0,0,Same-tissue replication: 3/3 concordant. Cross-tissue: 0/0 concordant.
PLAC9,764,survived,down,3,0,0,Same-tissue replication: 3/3 concordant. Cross-tissue: 0/0 concordant.
SSTR1,764,survived,down,3,0,0,Same-tissue replication: 3/3 concordant. Cross-tissue: 0/0 concordant.
SULT1A1,764,survived,down,3,0,0,Same-tissue replication: 3/3 concordant. Cross-tissue: 0/0 concordant.
SULT1A2,764,survived,down,3,0,0,Same-tissue replication: 3/3 concordant. Cross-tissue: 0/0 concordant.
SYNPO2,764,survived,down,3,0,0,Same-tissue replication: 3/3 concordant. Cross-tissue: 0/0 concordant.
ADH1A,765,survived,down,3,0,0,Same-tissue replication: 3/3 concordant. Cross-tissue: 0/0 concordant.
ANK2,765,survived,down,3,0,0,Same-tissue replication: 3/3 concordant. Cross-tissue: 0/0 concordant.
ANO5,765,survived,down,3,0,0,Same-tissue replication: 3/3 concordant. Cross-tissue: 0/0 concordant.
CNTN4,765,survived,down,3,0,0,Same-tissue replication: 3/3 concordant. Cross-tissue: 0/0 concordant.
GHR,765,survived,down,3,0,0,Same-tissue replication: 3/3 concordant. Cross-tissue: 0/0 concordant.
LDHD,765,survived,down,3,0,0,Same-tissue replication: 3/3 concordant. Cross-tissue: 0/0 concordant.
MS4A8,765,survived,down,3,0,0,Same-tissue replication: 3/3 concordant. Cross-tissue: 0/0 concordant.
MYH11,765,survived,down,3,0,0,Same-tissue replication: 3/3 concordant. Cross-tissue: 0/0 concordant.
ARL14,766,survived,down,3,0,0,Same-tissue replication: 3/3 concordant. Cross-tissue: 0/0 concordant.
CRACD,766,survived,down,3,0,0,Same-tissue replication: 3/3 concordant. Cross-tissue: 0/0 concordant.
GPAT3,766,survived,down,3,0,0,Same-tissue replication: 3/3 concordant. Cross-tissue: 0/0 concordant.
HPGDS,766,survived,down,3,0,0,Same-tissue replication: 3/3 concordant. Cross-tissue: 0/0 concordant.
INSM1,766,survived,down,3,0,0,Same-tissue replication: 3/3 concordant. Cross-tissue: 0/0 concordant.
NR5A2,766,survived,down,3,0,0,Same-tissue replication: 3/3 concordant. Cross-tissue: 0/0 concordant.
PLAAT2,766,survived,down,3,0,0,Same-tissue replication: 3/3 concordant. Cross-tissue: 0/0 concordant.
PRIMA1,766,survived,down,3,0,0,Same-tissue replication: 3/3 concordant. Cross-tissue: 0/0 concordant.
SCUBE2,766,survived,down,3,0,0,Same-tissue replication: 3/3 concordant. Cross-tissue: 0/0 concordant.
SLITRK6,766,survived,down,3,0,0,Same-tissue replication: 3/3 concordant. Cross-tissue: 0/0 concordant.
COL3A1,768,survived,up,3,0,0,Same-tissue replication: 3/3 concordant. Cross-tissue: 0/0 concordant.
GPX7,768,survived,up,3,0,0,Same-tissue replication: 3/3 concordant. Cross-tissue: 0/0 concordant.
THOC6,768,survived,up,3,0,0,Same-tissue replication: 3/3 concordant. Cross-tissue: 0/0 concordant.
ZNF3,768,survived,up,3,0,0,Same-tissue replication: 3/3 concordant. Cross-tissue: 0/0 concordant.
ASNS,769,survived,up,3,0,0,Same-tissue replication: 3/3 concordant. Cross-tissue: 0/0 concordant.
EPOP,769,survived,up,3,0,0,Same-tissue replication: 3/3 concordant. Cross-tissue: 0/0 concordant.
MCM2,769,survived,up,3,0,0,Same-tissue replication: 3/3 concordant. Cross-tissue: 0/0 concordant.
TGM2,769,survived,up,3,0,0,Same-tissue replication: 3/3 concordant. Cross-tissue: 0/0 concordant.
TP53RK,769,survived,up,3,0,0,Same-tissue replication: 3/3 concordant. Cross-tissue: 0/0 concordant.
CBFB,770,survived,up,3,0,0,Same-tissue replication: 3/3 concordant. Cross-tissue: 0/0 concordant.
CCNE1,770,survived,up,3,0,0,Same-tissue replication: 3/3 concordant. Cross-tissue: 0/0 concordant.
NELFCD,770,survived,up,3,0,0,Same-tissue replication: 3/3 concordant. Cross-tissue: 0/0 concordant.
PACC1,770,survived,up,3,0,0,Same-tissue replication: 3/3 concordant. Cross-tissue: 0/0 concordant.
RCN1,770,survived,up,3,0,0,Same-tissue replication: 3/3 concordant. Cross-tissue: 0/0 concordant.
SRM,770,survived,up,3,0,0,Same-tissue replication: 3/3 concordant. Cross-tissue: 0/0 concordant.
UNC5CL,770,survived,up,3,0,0,Same-tissue replication: 3/3 concordant. Cross-tissue: 0/0 concordant.
SNX15,771,survived,down,3,0,0,Same-tissue replication: 3/3 concordant. Cross-tissue: 0/0 concordant.
TBCK,771,eliminated,down,1,2,0,"Significant opposite direction in same-tissue dataset(s): ['GSE32323', 'GSE39582']. Discovery direction: down."
ZMAT2,771,survived,down,3,0,0,Same-tissue replication: 3/3 concordant. Cross-tissue: 0/0 concordant.
ACTL10,772,survived,up,3,0,0,Same-tissue replication: 3/3 concordant. Cross-tissue: 0/0 concordant.
ANKLE2,772,survived,up,3,0,0,Same-tissue replication: 3/3 concordant. Cross-tissue: 0/0 concordant.
ARRDC1,772,survived,up,2,0,0,Same-tissue replication: 2/3 concordant. Cross-tissue: 0/0 concordant.
ASPSCR1,772,survived,up,3,0,0,Same-tissue replication: 3/3 concordant. Cross-tissue: 0/0 concordant.
CHLSN,772,survived,up,3,0,0,Same-tissue replication: 3/3 concordant. Cross-tissue: 0/0 concordant.
CMC2,772,survived,up,3,0,0,Same-tissue replication: 3/3 concordant. Cross-tissue: 0/0 concordant.
CNOT9,772,survived,up,3,0,0,Same-tissue replication: 3/3 concordant. Cross-tissue: 0/0 concordant.
DHX30,772,survived,up,3,0,0,Same-tissue replication: 3/3 concordant. Cross-tissue: 0/0 concordant.
DROSHA,772,survived,up,3,0,0,Same-tissue replication: 3/3 concordant. Cross-tissue: 0/0 concordant.
FKBP14,772,survived,up,3,0,0,Same-tissue replication: 3/3 concordant. Cross-tissue: 0/0 concordant.
GRWD1,772,survived,up,3,0,0,Same-tissue replication: 3/3 concordant. Cross-tissue: 0/0 concordant.
HEATR3,772,survived,up,3,0,0,Same-tissue replication: 3/3 concordant. Cross-tissue: 0/0 concordant.
KANSL2,772,survived,up,3,0,0,Same-tissue replication: 3/3 concordant. Cross-tissue: 0/0 concordant.
KARS1,772,survived,up,3,0,0,Same-tissue replication: 3/3 concordant. Cross-tissue: 0/0 concordant.
KEAP1,772,survived,up,3,0,0,Same-tissue replication: 3/3 concordant. Cross-tissue: 0/0 concordant.
MAFG,772,survived,up,3,0,0,Same-tissue replication: 3/3 concordant. Cross-tissue: 0/0 concordant.
MIS18A,772,survived,up,3,0,0,Same-tissue replication: 3/3 concordant. Cross-tissue: 0/0 concordant.
NDUFA11,772,survived,up,2,0,0,Same-tissue replication: 2/3 concordant. Cross-tissue: 0/0 concordant.
NMRAL1,772,survived,up,3,0,0,Same-tissue replication: 3/3 concordant. Cross-tissue: 0/0 concordant.
NSUN2,772,survived,up,3,0,0,Same-tissue replication: 3/3 concordant. Cross-tissue: 0/0 concordant.
OSBPL10,772,survived,up,3,0,0,Same-tissue replication: 3/3 concordant. Cross-tissue: 0/0 concordant.
PPME1,772,survived,up,2,0,0,Same-tissue replication: 2/3 concordant. Cross-tissue: 0/0 concordant.
PRAF2,772,survived,up,2,0,0,Same-tissue replication: 2/3 concordant. Cross-tissue: 0/0 concordant.
PRSS22,772,survived,up,2,0,0,Same-tissue replication: 2/3 concordant. Cross-tissue: 0/0 concordant.
SF3A3,772,survived,up,3,0,0,Same-tissue replication: 3/3 concordant. Cross-tissue: 0/0 concordant.
SMURF2,772,survived,up,3,0,0,Same-tissue replication: 3/3 concordant. Cross-tissue: 0/0 concordant.
SPIN3,772,survived,up,3,0,0,Same-tissue replication: 3/3 concordant. Cross-tissue: 0/0 concordant.
STK26,772,survived,up,3,0,0,Same-tissue replication: 3/3 concordant. Cross-tissue: 0/0 concordant.
STK4,772,survived,up,3,0,0,Same-tissue replication: 3/3 concordant. Cross-tissue: 0/0 concordant.
TFB1M,772,survived,up,3,0,0,Same-tissue replication: 3/3 concordant. Cross-tissue: 0/0 concordant.
WDR5B,772,survived,up,3,0,0,Same-tissue replication: 3/3 concordant. Cross-tissue: 0/0 concordant.
YIF1B,772,survived,up,2,0,0,Same-tissue replication: 2/3 concordant. Cross-tissue: 0/0 concordant.
ZBTB9,772,survived,up,3,0,0,Same-tissue replication: 3/3 concordant. Cross-tissue: 0/0 concordant.
ZMYM2,772,survived,up,3,0,0,Same-tissue replication: 3/3 concordant. Cross-tissue: 0/0 concordant.
ZNF260,772,survived,up,3,0,0,Same-tissue replication: 3/3 concordant. Cross-tissue: 0/0 concordant.
ZNF587,772,survived,up,3,0,0,Same-tissue replication: 3/3 concordant. Cross-tissue: 0/0 concordant.
ADGRE5,773,eliminated,up,2,1,0,Significant opposite direction in same-tissue dataset(s): ['GSE32323']. Discovery direction: up.
APEX1,773,survived,up,3,0,0,Same-tissue replication: 3/3 concordant. Cross-tissue: 0/0 concordant.
BET1,773,survived,up,3,0,0,Same-tissue replication: 3/3 concordant. Cross-tissue: 0/0 concordant.
CLCC1,773,survived,up,2,0,0,Same-tissue replication: 2/3 concordant. Cross-tissue: 0/0 concordant.
FASTKD2,773,survived,up,3,0,0,Same-tissue replication: 3/3 concordant. Cross-tissue: 0/0 concordant.
SLC35B1,773,survived,up,2,0,0,Same-tissue replication: 2/3 concordant. Cross-tissue: 0/0 concordant.
SMIM26,773,survived,up,3,0,0,Same-tissue replication: 3/3 concordant. Cross-tissue: 0/0 concordant.
TPP2,773,survived,up,3,0,0,Same-tissue replication: 3/3 concordant. Cross-tissue: 0/0 concordant.
WDSUB1,773,survived,up,3,0,0,Same-tissue replication: 3/3 concordant. Cross-tissue: 0/0 concordant.
EIF4G1,774,eliminated,up,2,1,0,Significant opposite direction in same-tissue dataset(s): ['GSE32323']. Discovery direction: up.
ELOF1,774,survived,up,2,0,0,Same-tissue replication: 2/3 concordant. Cross-tissue: 0/0 concordant.
MTIF3,774,survived,up,3,0,0,Same-tissue replication: 3/3 concordant. Cross-tissue: 0/0 concordant.
SKIC2,774,survived,up,2,0,0,Same-tissue replication: 2/3 concordant. Cross-tissue: 0/0 concordant.
UFD1,774,survived,up,2,0,0,Same-tissue replication: 2/3 concordant. Cross-tissue: 0/0 concordant.
C12orf43,775,survived,up,3,0,0,Same-tissue replication: 3/3 concordant. Cross-tissue: 0/0 concordant.
ELP1,775,survived,up,3,0,0,Same-tissue replication: 3/3 concordant. Cross-tissue: 0/0 concordant.
EXOSC9,775,survived,up,3,0,0,Same-tissue replication: 3/3 concordant. Cross-tissue: 0/0 concordant.
PIK3R3,775,survived,up,3,0,0,Same-tissue replication: 3/3 concordant. Cross-tissue: 0/0 concordant.
SCAMP4,775,eliminated,up,2,1,0,Significant opposite direction in same-tissue dataset(s): ['GSE32323']. Discovery direction: up.
SRPK2,775,survived,up,3,0,0,Same-tissue replication: 3/3 concordant. Cross-tissue: 0/0 concordant.
SUZ12,775,survived,up,3,0,0,Same-tissue replication: 3/3 concordant. Cross-tissue: 0/0 concordant.
TMEM216,775,survived,up,3,0,0,Same-tissue replication: 3/3 concordant. Cross-tissue: 0/0 concordant.
TPST2,775,survived,up,3,0,0,Same-tissue replication: 3/3 concordant. Cross-tissue: 0/0 concordant.
ATP13A2,776,eliminated,up,2,1,0,Significant opposite direction in same-tissue dataset(s): ['GSE32323']. Discovery direction: up.
MCAT,776,survived,up,3,0,0,Same-tissue replication: 3/3 concordant. Cross-tissue: 0/0 concordant.
RAB11FIP3,776,survived,up,3,0,0,Same-tissue replication: 3/3 concordant. Cross-tissue: 0/0 concordant.
SH2D2A,776,survived,up,3,0,0,Same-tissue replication: 3/3 concordant. Cross-tissue: 0/0 concordant.
ZFR,776,survived,up,3,0,0,Same-tissue replication: 3/3 concordant. Cross-tissue: 0/0 concordant.
ZMYM5,776,survived,up,3,0,0,Same-tissue replication: 3/3 concordant. Cross-tissue: 0/0 concordant.
BRIX1,777,survived,up,3,0,0,Same-tissue replication: 3/3 concordant. Cross-tissue: 0/0 concordant.
FAM53A,777,eliminated,up,2,1,0,Significant opposite direction in same-tissue dataset(s): ['GSE32323']. Discovery direction: up.
FANCA,777,survived,up,3,0,0,Same-tissue replication: 3/3 concordant. Cross-tissue: 0/0 concordant.
FPGS,777,survived,up,3,0,0,Same-tissue replication: 3/3 concordant. Cross-tissue: 0/0 concordant.
MASTL,777,survived,up,3,0,0,Same-tissue replication: 3/3 concordant. Cross-tissue: 0/0 concordant.
ZNHIT2,777,survived,up,3,0,0,Same-tissue replication: 3/3 concordant. Cross-tissue: 0/0 concordant.
ADO,778,survived,up,3,0,0,Same-tissue replication: 3/3 concordant. Cross-tissue: 0/0 concordant.
BUD23,778,survived,up,3,0,0,Same-tissue replication: 3/3 concordant. Cross-tissue: 0/0 concordant.
C19orf53,778,survived,up,3,0,0,Same-tissue replication: 3/3 concordant. Cross-tissue: 0/0 concordant.
HSPBAP1,778,survived,up,3,0,0,Same-tissue replication: 3/3 concordant. Cross-tissue: 0/0 concordant.
MORF4L2,778,survived,up,3,0,0,Same-tissue replication: 3/3 concordant. Cross-tissue: 0/0 concordant.
MRPL58,778,survived,up,3,0,0,Same-tissue replication: 3/3 concordant. Cross-tissue: 0/0 concordant.
POLR1H,778,survived,up,3,0,0,Same-tissue replication: 3/3 concordant. Cross-tissue: 0/0 concordant.
PTK2,778,survived,up,3,0,0,Same-tissue replication: 3/3 concordant. Cross-tissue: 0/0 concordant.
RBBP7,778,survived,up,3,0,0,Same-tissue replication: 3/3 concordant. Cross-tissue: 0/0 concordant.
SAE1,778,survived,up,3,0,0,Same-tissue replication: 3/3 concordant. Cross-tissue: 0/0 concordant.
SLBP,778,survived,up,3,0,0,Same-tissue replication: 3/3 concordant. Cross-tissue: 0/0 concordant.
TDP1,778,survived,up,3,0,0,Same-tissue replication: 3/3 concordant. Cross-tissue: 0/0 concordant.
IFI35,780,survived,down,3,0,0,Same-tissue replication: 3/3 concordant. Cross-tissue: 0/0 concordant.
REEP1,780,eliminated,down,1,1,0,Significant opposite direction in same-tissue dataset(s): ['GSE37364']. Discovery direction: down.
TTC33,780,survived,down,3,0,0,Same-tissue replication: 3/3 concordant. Cross-tissue: 0/0 concordant.
ATP5MC3,781,survived,down,3,0,0,Same-tissue replication: 3/3 concordant. Cross-tissue: 0/0 concordant.
GINM1,781,survived,down,3,0,0,Same-tissue replication: 3/3 concordant. Cross-tissue: 0/0 concordant.
NDUFC1,781,survived,down,3,0,0,Same-tissue replication: 3/3 concordant. Cross-tissue: 0/0 concordant.
SACM1L,781,survived,down,3,0,0,Same-tissue replication: 3/3 concordant. Cross-tissue: 0/0 concordant.
TINF2,781,survived,down,3,0,0,Same-tissue replication: 3/3 concordant. Cross-tissue: 0/0 concordant.
UBE2D3,781,survived,down,3,0,0,Same-tissue replication: 3/3 concordant. Cross-tissue: 0/0 concordant.
ZFAND6,781,survived,down,3,0,0,Same-tissue replication: 3/3 concordant. Cross-tissue: 0/0 concordant.
ZNF24,781,survived,down,3,0,0,Same-tissue replication: 3/3 concordant. Cross-tissue: 0/0 concordant.
C22orf39,782,survived,down,2,0,0,Same-tissue replication: 2/3 concordant. Cross-tissue: 0/0 concordant.
GPBP1L1,782,survived,down,3,0,0,Same-tissue replication: 3/3 concordant. Cross-tissue: 0/0 concordant.
MON2,782,survived,down,3,0,0,Same-tissue replication: 3/3 concordant. Cross-tissue: 0/0 concordant.
NAT16,782,survived,down,3,0,0,Same-tissue replication: 3/3 concordant. Cross-tissue: 0/0 concordant.
NDUFV2,782,survived,down,3,0,0,Same-tissue replication: 3/3 concordant. Cross-tissue: 0/0 concordant.
SDHB,782,survived,down,3,0,0,Same-tissue replication: 3/3 concordant. Cross-tissue: 0/0 concordant.
SELENOS,782,survived,down,3,0,0,Same-tissue replication: 3/3 concordant. Cross-tissue: 0/0 concordant.
STIM1,782,survived,down,3,0,0,Same-tissue replication: 3/3 concordant. Cross-tissue: 0/0 concordant.
CEP104,783,survived,up,2,0,0,Same-tissue replication: 2/3 concordant. Cross-tissue: 0/0 concordant.
PSMD6,783,survived,up,3,0,0,Same-tissue replication: 3/3 concordant. Cross-tissue: 0/0 concordant.
STRA6,783,survived,up,3,0,0,Same-tissue replication: 3/3 concordant. Cross-tissue: 0/0 concordant.
TAF10,783,eliminated,up,2,1,0,Significant opposite direction in same-tissue dataset(s): ['GSE32323']. Discovery direction: up.
MRPL45,784,survived,up,3,0,0,Same-tissue replication: 3/3 concordant. Cross-tissue: 0/0 concordant.
PCYT2,784,survived,up,2,0,0,Same-tissue replication: 2/3 concordant. Cross-tissue: 0/0 concordant.
TULP4,784,survived,up,2,0,0,Same-tissue replication: 2/3 concordant. Cross-tissue: 0/0 concordant.
UXT,784,survived,up,3,0,0,Same-tissue replication: 3/3 concordant. Cross-tissue: 0/0 concordant.
AGA,785,survived,down,3,0,0,Same-tissue replication: 3/3 concordant. Cross-tissue: 0/0 concordant.
AKTIP,785,survived,down,3,0,0,Same-tissue replication: 3/3 concordant. Cross-tissue: 0/0 concordant.
COQ10B,785,survived,down,3,0,0,Same-tissue replication: 3/3 concordant. Cross-tissue: 0/0 concordant.
EPG5,785,survived,down,3,0,0,Same-tissue replication: 3/3 concordant. Cross-tissue: 0/0 concordant.
ETS1,785,survived,down,1,0,0,Same-tissue replication: 1/3 concordant. Cross-tissue: 0/0 concordant.
IKZF5,785,eliminated,down,2,1,0,Significant opposite direction in same-tissue dataset(s): ['GSE32323']. Discovery direction: down.
ITSN1,785,survived,down,3,0,0,Same-tissue replication: 3/3 concordant. Cross-tissue: 0/0 concordant.
NBPF20,785,survived,down,3,0,0,Same-tissue replication: 3/3 concordant. Cross-tissue: 0/0 concordant.
TTC31,785,survived,down,1,0,0,Same-tissue replication: 1/3 concordant. Cross-tissue: 0/0 concordant.
TZMP1,785,survived,down,3,0,0,Same-tissue replication: 3/3 concordant. Cross-tissue: 0/0 concordant.
UBE4A,785,survived,down,3,0,0,Same-tissue replication: 3/3 concordant. Cross-tissue: 0/0 concordant.
ZNF407,785,survived,down,3,0,0,Same-tissue replication: 3/3 concordant. Cross-tissue: 0/0 concordant.
ATP5PF,786,survived,down,3,0,0,Same-tissue replication: 3/3 concordant. Cross-tissue: 0/0 concordant.
CIB1,786,survived,down,3,0,0,Same-tissue replication: 3/3 concordant. Cross-tissue: 0/0 concordant.
COX5A,786,survived,down,3,0,0,Same-tissue replication: 3/3 concordant. Cross-tissue: 0/0 concordant.
KTN1,786,survived,down,3,0,0,Same-tissue replication: 3/3 concordant. Cross-tissue: 0/0 concordant.
PHKB,786,survived,down,3,0,0,Same-tissue replication: 3/3 concordant. Cross-tissue: 0/0 concordant.
DAZAP2,787,survived,down,3,0,0,Same-tissue replication: 3/3 concordant. Cross-tissue: 0/0 concordant.
NDUFA2,787,survived,down,3,0,0,Same-tissue replication: 3/3 concordant. Cross-tissue: 0/0 concordant.
RCOR1,787,survived,down,3,0,0,Same-tissue replication: 3/3 concordant. Cross-tissue: 0/0 concordant.
SMDT1,787,survived,down,3,0,0,Same-tissue replication: 3/3 concordant. Cross-tissue: 0/0 concordant.
TMOD3,787,survived,down,3,0,0,Same-tissue replication: 3/3 concordant. Cross-tissue: 0/0 concordant.
ANGEL1,788,survived,up,3,0,0,Same-tissue replication: 3/3 concordant. Cross-tissue: 0/0 concordant.
CD320,788,survived,up,3,0,0,Same-tissue replication: 3/3 concordant. Cross-tissue: 0/0 concordant.
ERF,788,survived,up,3,0,0,Same-tissue replication: 3/3 concordant. Cross-tissue: 0/0 concordant.
MACROD1,788,survived,up,3,0,0,Same-tissue replication: 3/3 concordant. Cross-tissue: 0/0 concordant.
MANEAL,788,survived,up,3,0,0,Same-tissue replication: 3/3 concordant. Cross-tissue: 0/0 concordant.
MARCKSL1,788,survived,up,3,0,0,Same-tissue replication: 3/3 concordant. Cross-tissue: 0/0 concordant.
MIIP,788,survived,up,3,0,0,Same-tissue replication: 3/3 concordant. Cross-tissue: 0/0 concordant.
OGFR,788,survived,up,3,0,0,Same-tissue replication: 3/3 concordant. Cross-tissue: 0/0 concordant.
SETD6,788,survived,up,3,0,0,Same-tissue replication: 3/3 concordant. Cross-tissue: 0/0 concordant.
TTC27,788,survived,up,3,0,0,Same-tissue replication: 3/3 concordant. Cross-tissue: 0/0 concordant.
YIF1A,788,survived,up,3,0,0,Same-tissue replication: 3/3 concordant. Cross-tissue: 0/0 concordant.
ZNF318,788,survived,up,3,0,0,Same-tissue replication: 3/3 concordant. Cross-tissue: 0/0 concordant.
ATP13A3,789,survived,up,3,0,0,Same-tissue replication: 3/3 concordant. Cross-tissue: 0/0 concordant.
EPHA1,789,survived,up,3,0,0,Same-tissue replication: 3/3 concordant. Cross-tissue: 0/0 concordant.
G3BP1,789,survived,up,3,0,0,Same-tissue replication: 3/3 concordant. Cross-tissue: 0/0 concordant.
PLBD2,789,survived,up,3,0,0,Same-tissue replication: 3/3 concordant. Cross-tissue: 0/0 concordant.
PNKP,789,survived,up,2,0,0,Same-tissue replication: 2/3 concordant. Cross-tissue: 0/0 concordant.
THNSL1,789,survived,up,3,0,0,Same-tissue replication: 3/3 concordant. Cross-tissue: 0/0 concordant.
TIGD2,789,survived,up,3,0,0,Same-tissue replication: 3/3 concordant. Cross-tissue: 0/0 concordant.
ADK,790,survived,up,3,0,0,Same-tissue replication: 3/3 concordant. Cross-tissue: 0/0 concordant.
ATP6V1E2,790,survived,up,3,0,0,Same-tissue replication: 3/3 concordant. Cross-tissue: 0/0 concordant.
BARD1,790,survived,up,3,0,0,Same-tissue replication: 3/3 concordant. Cross-tissue: 0/0 concordant.
EARS2,790,survived,up,3,0,0,Same-tissue replication: 3/3 concordant. Cross-tissue: 0/0 concordant.
GNPNAT1,790,survived,up,3,0,0,Same-tissue replication: 3/3 concordant. Cross-tissue: 0/0 concordant.
NEDD1,790,survived,up,3,0,0,Same-tissue replication: 3/3 concordant. Cross-tissue: 0/0 concordant.
NUP35,790,survived,up,3,0,0,Same-tissue replication: 3/3 concordant. Cross-tissue: 0/0 concordant.
PKM,790,eliminated,up,2,1,0,Significant opposite direction in same-tissue dataset(s): ['GSE32323']. Discovery direction: up.
RANBP17,790,survived,up,3,0,0,Same-tissue replication: 3/3 concordant. Cross-tissue: 0/0 concordant.
SLC39A3,790,survived,up,2,0,0,Same-tissue replication: 2/3 concordant. Cross-tissue: 0/0 concordant.
WDR46,790,survived,up,3,0,0,Same-tissue replication: 3/3 concordant. Cross-tissue: 0/0 concordant.
BOD1,791,survived,up,3,0,0,Same-tissue replication: 3/3 concordant. Cross-tissue: 0/0 concordant.
CENPE,791,survived,up,3,0,0,Same-tissue replication: 3/3 concordant. Cross-tissue: 0/0 concordant.
CPAP,791,survived,up,3,0,0,Same-tissue replication: 3/3 concordant. Cross-tissue: 0/0 concordant.
DDX31,791,survived,up,3,0,0,Same-tissue replication: 3/3 concordant. Cross-tissue: 0/0 concordant.
EIPR1,791,survived,up,3,0,0,Same-tissue replication: 3/3 concordant. Cross-tissue: 0/0 concordant.
EPHB3,791,survived,up,3,0,0,Same-tissue replication: 3/3 concordant. Cross-tissue: 0/0 concordant.
LSM4,791,survived,up,3,0,0,Same-tissue replication: 3/3 concordant. Cross-tissue: 0/0 concordant.
MND1,791,survived,up,3,0,0,Same-tissue replication: 3/3 concordant. Cross-tissue: 0/0 concordant.
MYG1,791,survived,up,3,0,0,Same-tissue replication: 3/3 concordant. Cross-tissue: 0/0 concordant.
NCAPG,791,survived,up,3,0,0,Same-tissue replication: 3/3 concordant. Cross-tissue: 0/0 concordant.
NOM1,791,survived,up,3,0,0,Same-tissue replication: 3/3 concordant. Cross-tissue: 0/0 concordant.
POLDIP2,791,survived,up,2,0,0,Same-tissue replication: 2/3 concordant. Cross-tissue: 0/0 concordant.
PPP1R14B,791,survived,up,3,0,0,Same-tissue replication: 3/3 concordant. Cross-tissue: 0/0 concordant.
RRM1,791,survived,up,3,0,0,Same-tissue replication: 3/3 concordant. Cross-tissue: 0/0 concordant.
TMEM265,791,survived,up,2,0,0,Same-tissue replication: 2/3 concordant. Cross-tissue: 0/0 concordant.
UBE2N,791,survived,up,3,0,0,Same-tissue replication: 3/3 concordant. Cross-tissue: 0/0 concordant.
UBR4,791,survived,up,2,0,0,Same-tissue replication: 2/3 concordant. Cross-tissue: 0/0 concordant.
ZNF133,791,survived,up,3,0,0,Same-tissue replication: 3/3 concordant. Cross-tissue: 0/0 concordant.
ZNF92,791,survived,up,3,0,0,Same-tissue replication: 3/3 concordant. Cross-tissue: 0/0 concordant.
CGREF1,792,survived,up,3,0,0,Same-tissue replication: 3/3 concordant. Cross-tissue: 0/0 concordant.
COL9A3,792,survived,up,3,0,0,Same-tissue replication: 3/3 concordant. Cross-tissue: 0/0 concordant.
DSG3,792,survived,up,3,0,0,Same-tissue replication: 3/3 concordant. Cross-tissue: 0/0 concordant.
EPHB1,792,survived,up,3,0,0,Same-tissue replication: 3/3 concordant. Cross-tissue: 0/0 concordant.
HS6ST2,792,survived,up,3,0,0,Same-tissue replication: 3/3 concordant. Cross-tissue: 0/0 concordant.
IRX3,792,survived,up,3,0,0,Same-tissue replication: 3/3 concordant. Cross-tissue: 0/0 concordant.
KIF23,792,survived,up,3,0,0,Same-tissue replication: 3/3 concordant. Cross-tissue: 0/0 concordant.
MAD2L1,792,survived,up,3,0,0,Same-tissue replication: 3/3 concordant. Cross-tissue: 0/0 concordant.
PABPC1L,792,survived,up,3,0,0,Same-tissue replication: 3/3 concordant. Cross-tissue: 0/0 concordant.
ROBO2,792,survived,up,3,0,0,Same-tissue replication: 3/3 concordant. Cross-tissue: 0/0 concordant.
SPC25,792,survived,up,3,0,0,Same-tissue replication: 3/3 concordant. Cross-tissue: 0/0 concordant.
ENOX2,793,survived,up,3,0,0,Same-tissue replication: 3/3 concordant. Cross-tissue: 0/0 concordant.
HMMR,793,survived,up,3,0,0,Same-tissue replication: 3/3 concordant. Cross-tissue: 0/0 concordant.
RAD51AP1,793,survived,up,3,0,0,Same-tissue replication: 3/3 concordant. Cross-tissue: 0/0 concordant.
RBL1,793,survived,up,3,0,0,Same-tissue replication: 3/3 concordant. Cross-tissue: 0/0 concordant.
RCBTB1,793,survived,up,3,0,0,Same-tissue replication: 3/3 concordant. Cross-tissue: 0/0 concordant.
STK31,793,survived,up,3,0,0,Same-tissue replication: 3/3 concordant. Cross-tissue: 0/0 concordant.
TBC1D30,793,survived,up,3,0,0,Same-tissue replication: 3/3 concordant. Cross-tissue: 0/0 concordant.
VCAN,793,survived,up,3,0,0,Same-tissue replication: 3/3 concordant. Cross-tissue: 0/0 concordant.
BIRC3,794,survived,down,3,0,0,Same-tissue replication: 3/3 concordant. Cross-tissue: 0/0 concordant.
CASP9,794,survived,down,3,0,0,Same-tissue replication: 3/3 concordant. Cross-tissue: 0/0 concordant.
EHBP1,794,survived,up,3,0,0,Same-tissue replication: 3/3 concordant. Cross-tissue: 0/0 concordant.
GBP2,794,survived,down,2,0,0,Same-tissue replication: 2/3 concordant. Cross-tissue: 0/0 concordant.
HBG2,794,eliminated,down,2,1,0,Significant opposite direction in same-tissue dataset(s): ['GSE37364']. Discovery direction: down.
MLLT11,794,survived,up,2,0,0,Same-tissue replication: 2/3 concordant. Cross-tissue: 0/0 concordant.
MXRA7,794,survived,up,3,0,0,Same-tissue replication: 3/3 concordant. Cross-tissue: 0/0 concordant.
OAT,794,eliminated,down,1,1,0,Significant opposite direction in same-tissue dataset(s): ['GSE39582']. Discovery direction: down.
SYTL4,794,eliminated,down,2,1,0,Significant opposite direction in same-tissue dataset(s): ['GSE39582']. Discovery direction: down.
ZNF696,794,survived,up,2,0,0,Same-tissue replication: 2/3 concordant. Cross-tissue: 0/0 concordant.
CATSPERB,795,eliminated,up,1,1,0,Significant opposite direction in same-tissue dataset(s): ['GSE32323']. Discovery direction: up.
SERPINB8,795,eliminated,down,2,1,0,Significant opposite direction in same-tissue dataset(s): ['GSE37364']. Discovery direction: down.
ZCCHC24,795,survived,down,1,0,0,Same-tissue replication: 1/3 concordant. Cross-tissue: 0/0 concordant.
ARIH1,796,survived,down,2,0,0,Same-tissue replication: 2/3 concordant. Cross-tissue: 0/0 concordant.
CYP2U1,796,survived,down,1,0,0,Same-tissue replication: 1/3 concordant. Cross-tissue: 0/0 concordant.
MASP1,796,survived,down,3,0,0,Same-tissue replication: 3/3 concordant. Cross-tissue: 0/0 concordant.
SEPTIN10,796,survived,down,1,0,0,Same-tissue replication: 1/3 concordant. Cross-tissue: 0/0 concordant.
BAG2,797,survived,up,3,0,0,Same-tissue replication: 3/3 concordant. Cross-tissue: 0/0 concordant.
CREM,797,eliminated,up,1,1,0,Significant opposite direction in same-tissue dataset(s): ['GSE32323']. Discovery direction: up.
HLA-A,797,eliminated,up,0,2,0,"Significant opposite direction in same-tissue dataset(s): ['GSE37364', 'GSE39582']. Discovery direction: up."
HPS5,797,survived,up,3,0,0,Same-tissue replication: 3/3 concordant. Cross-tissue: 0/0 concordant.
PLD6,797,survived,up,3,0,0,Same-tissue replication: 3/3 concordant. Cross-tissue: 0/0 concordant.
BTG2,798,survived,up,2,0,0,Same-tissue replication: 2/3 concordant. Cross-tissue: 0/0 concordant.
CEP126,798,survived,down,3,0,0,Same-tissue replication: 3/3 concordant. Cross-tissue: 0/0 concordant.
EXOC6B,798,survived,down,3,0,0,Same-tissue replication: 3/3 concordant. Cross-tissue: 0/0 concordant.
FBN1,798,survived,up,2,0,0,Same-tissue replication: 2/3 concordant. Cross-tissue: 0/0 concordant.
HELQ,798,survived,down,2,0,0,Same-tissue replication: 2/3 concordant. Cross-tissue: 0/0 concordant.
IFNGR1,798,survived,down,2,0,0,Same-tissue replication: 2/3 concordant. Cross-tissue: 0/0 concordant.
LRRC14,798,survived,up,3,0,0,Same-tissue replication: 3/3 concordant. Cross-tissue: 0/0 concordant.
RBM7,798,survived,down,1,0,0,Same-tissue replication: 1/3 concordant. Cross-tissue: 0/0 concordant.
SLC71A1,798,survived,up,3,0,0,Same-tissue replication: 3/3 concordant. Cross-tissue: 0/0 concordant.
ZFP36,798,eliminated,up,1,1,0,Significant opposite direction in same-tissue dataset(s): ['GSE32323']. Discovery direction: up.
MFN1,799,survived,up,2,0,0,Same-tissue replication: 2/3 concordant. Cross-tissue: 0/0 concordant.
PPP1R8,799,survived,up,3,0,0,Same-tissue replication: 3/3 concordant. Cross-tissue: 0/0 concordant.
UBE2D4,799,eliminated,up,1,1,0,Significant opposite direction in same-tissue dataset(s): ['GSE32323']. Discovery direction: up.
ADPRM,800,survived,down,3,0,0,Same-tissue replication: 3/3 concordant. Cross-tissue: 0/0 concordant.
ARHGAP5,800,survived,down,3,0,0,Same-tissue replication: 3/3 concordant. Cross-tissue: 0/0 concordant.
FAM149B1,800,survived,down,2,0,0,Same-tissue replication: 2/3 concordant. Cross-tissue: 0/0 concordant.
FOXP1,800,survived,down,3,0,0,Same-tissue replication: 3/3 concordant. Cross-tissue: 0/0 concordant.
IL2RB,800,survived,down,2,0,0,Same-tissue replication: 2/3 concordant. Cross-tissue: 0/0 concordant.
PRKCA,800,survived,down,3,0,0,Same-tissue replication: 3/3 concordant. Cross-tissue: 0/0 concordant.
RSBN1,800,survived,down,2,0,0,Same-tissue replication: 2/3 concordant. Cross-tissue: 0/0 concordant.
TSTD2,800,survived,down,2,0,0,Same-tissue replication: 2/3 concordant. Cross-tissue: 0/0 concordant.
ZFYVE26,800,survived,down,2,0,0,Same-tissue replication: 2/3 concordant. Cross-tissue: 0/0 concordant.
BAK1,801,survived,down,3,0,0,Same-tissue replication: 3/3 concordant. Cross-tissue: 0/0 concordant.
DUSP28,801,survived,down,2,0,0,Same-tissue replication: 2/3 concordant. Cross-tissue: 0/0 concordant.
SPAG9,801,survived,down,3,0,0,Same-tissue replication: 3/3 concordant. Cross-tissue: 0/0 concordant.
GUCY1A1,802,survived,up,2,0,0,Same-tissue replication: 2/3 concordant. Cross-tissue: 0/0 concordant.
PCCB,802,survived,up,1,0,0,Same-tissue replication: 1/3 concordant. Cross-tissue: 0/0 concordant.
SUCLA2,802,eliminated,up,2,1,0,Significant opposite direction in same-tissue dataset(s): ['GSE39582']. Discovery direction: up.
MIGA2,804,survived,down,3,0,0,Same-tissue replication: 3/3 concordant. Cross-tissue: 0/0 concordant.
NFE2L1,804,survived,down,3,0,0,Same-tissue replication: 3/3 concordant. Cross-tissue: 0/0 concordant.
SMC5,804,survived,down,3,0,0,Same-tissue replication: 3/3 concordant. Cross-tissue: 0/0 concordant.
STXBP3,804,survived,down,3,0,0,Same-tissue replication: 3/3 concordant. Cross-tissue: 0/0 concordant.
TATDN3,804,survived,down,1,0,0,Same-tissue replication: 1/3 concordant. Cross-tissue: 0/0 concordant.
ETFRF1,805,survived,down,2,0,0,Same-tissue replication: 2/3 concordant. Cross-tissue: 0/0 concordant.
NBPF10,805,survived,down,3,0,0,Same-tissue replication: 3/3 concordant. Cross-tissue: 0/0 concordant.
PIGV,805,survived,down,2,0,0,Same-tissue replication: 2/3 concordant. Cross-tissue: 0/0 concordant.
ROBO3,805,survived,down,3,0,0,Same-tissue replication: 3/3 concordant. Cross-tissue: 0/0 concordant.
YTHDC1,805,survived,down,3,0,0,Same-tissue replication: 3/3 concordant. Cross-tissue: 0/0 concordant.
CD200,806,eliminated,down,1,1,0,Significant opposite direction in same-tissue dataset(s): ['GSE39582']. Discovery direction: down.
CNEP1R1,806,survived,down,2,0,0,Same-tissue replication: 2/3 concordant. Cross-tissue: 0/0 concordant.
LAPTM4A,806,survived,down,2,0,0,Same-tissue replication: 2/3 concordant. Cross-tissue: 0/0 concordant.
RHOJ,806,survived,down,0,0,0,Same-tissue replication: 0/3 concordant. Cross-tissue: 0/0 concordant.
TMEM129,806,eliminated,down,2,1,0,Significant opposite direction in same-tissue dataset(s): ['GSE39582']. Discovery direction: down.
CEP57L1,807,survived,down,2,0,0,Same-tissue replication: 2/3 concordant. Cross-tissue: 0/0 concordant.
ECHDC1,807,survived,down,2,0,0,Same-tissue replication: 2/3 concordant. Cross-tissue: 0/0 concordant.
MMAA,807,survived,down,3,0,0,Same-tissue replication: 3/3 concordant. Cross-tissue: 0/0 concordant.
SLC18A1,807,survived,down,2,0,0,Same-tissue replication: 2/3 concordant. Cross-tissue: 0/0 concordant.
TIGIT,807,survived,down,2,0,0,Same-tissue replication: 2/3 concordant. Cross-tissue: 0/0 concordant.
TMEM176B,807,survived,down,3,0,0,Same-tissue replication: 3/3 concordant. Cross-tissue: 0/0 concordant.
