gene,avg_log2fc,neg_log10_min_p,n_sig_datasets,direction_consistency,tier_score
A1CF,0.43326826735287827,0.5313464736188268,1.0,1.0,0.0
A2M,0.4611037929198634,0.71264084354033,1.0,1.0,0.0
A4GNT,0.4954925345657487,0.2545194102428451,0.0,1.0,0.0
AAAS,0.5884241030461485,0.27734633752325405,0.0,1.0,0.0
AADAT,0.5931593489791155,0.2928107827871519,1.0,1.0,0.0
AAK1,0.4941492405572531,0.5448845351120981,0.0,0.33333333333333326,0.0
AAR2,0.6115042052186608,1.0,1.0,1.0,0.0
AARS1,0.6136721084093462,1.0,1.0,1.0,0.0
AARS2,0.5575548217145071,0.05093323616282209,0.0,1.0,0.0
AASDHPPT,0.6185340390368672,0.6997483408630211,0.0,1.0,0.0
AATF,0.6077396116770789,0.8656223358232168,1.0,1.0,0.0
ABAT,0.4903249947271042,0.10779400548146649,0.0,1.0,0.0
ABCA1,0.4573706294241719,0.8856448493760584,0.0,0.33333333333333326,0.0
ABCA5,0.40459629491408045,1.0,0.0,1.0,0.0
ABCA6,0.40203976459135427,1.0,0.0,1.0,0.0
ABCA7,0.5538070326816689,0.057458711637260323,0.0,0.33333333333333326,0.0
ABCA8,0.1645464654999749,1.0,1.0,1.0,0.0
ABCA9,0.41495899291888527,0.9234085429567193,0.0,1.0,0.0
ABCB1,0.37970270606923945,1.0,1.0,1.0,0.0
ABCB11,0.40278530057820483,1.0,0.0,1.0,0.0
ABCB4,0.4060117663541915,1.0,1.0,1.0,0.0
ABCB6,0.6159175822397955,0.3590734806351113,0.0,1.0,0.0
ABCC1,0.6632407140155886,1.0,1.0,1.0,0.0
ABCC10,0.6035105920146144,0.6245999470102317,1.0,1.0,0.0
ABCC3,0.4488500670240462,1.0,0.0,0.33333333333333326,0.0
ABCD3,0.44832901289316146,0.9181410270025229,0.0,1.0,0.0
ABCD4,0.49802862447806234,0.24070206404206004,0.0,1.0,0.0
ABCE1,0.6120203327738934,0.6804516289667345,1.0,1.0,0.0
ABCF1,0.5680122908036569,0.3403714410692342,1.0,1.0,0.0
ABCF2,0.5823469701975801,0.5048711619223548,1.0,1.0,0.0
ABCG1,0.48674981331245637,0.3132133759732658,0.0,0.33333333333333326,0.0
ABCG2,0.18224097093648428,1.0,1.0,1.0,0.0
ABHD11,0.5670237078058518,0.23159837679725898,0.0,1.0,0.0
ABHD13,0.5851743719527448,0.14306954083718507,0.0,0.33333333333333326,0.0
ABHD15,0.489958946481951,0.41337268649199654,0.0,1.0,0.0
ABHD16A,0.5699912967528378,0.19439158123273684,0.0,1.0,0.0
ABHD17C,0.46764640001329155,0.8011420645504821,0.0,1.0,0.0
ABHD18,0.5024784099965134,0.4413415692862972,0.0,1.0,0.0
ABHD3,0.40109274951742446,1.0,1.0,1.0,0.0
ABHD5,0.4582684977164936,0.6645659043723225,0.0,1.0,0.0
ABHD6,0.48821505360743017,0.587779982120974,1.0,1.0,0.0
ABI2,0.6198774709889654,0.744487935852931,0.0,1.0,0.0
ABI3,0.5081366040654356,0.1932263014417399,1.0,1.0,0.0
ABI3BP,0.2964638942349304,1.0,1.0,1.0,0.0
ABL2,0.5889078923633491,0.24477896856191228,0.0,0.33333333333333326,0.0
ABO,0.47536844562991587,0.23820038248347652,0.0,1.0,0.0
ABR,0.5033596661635021,0.285736811959876,0.0,0.33333333333333326,0.0
ABRACL,0.5262521828820668,0.7146764844295187,0.0,0.33333333333333326,0.0
ABT1,0.582957026020463,0.36541551996084476,0.0,0.33333333333333326,0.0
ABTB1,0.5824780861265375,0.024300295666151044,0.0,0.33333333333333326,0.0
ACAA1,0.4626282211003315,0.6919943740354921,1.0,1.0,0.0
ACAA2,0.4262123079201087,1.0,1.0,1.0,0.0
ACACA,0.6169152903895448,0.8191381091872958,1.0,1.0,0.0
ACACB,0.46990665306567597,0.3932475458773621,0.0,1.0,0.0
ACAD8,0.4811499821518923,1.0,1.0,1.0,0.0
ACAD9,0.5695963407249693,0.5352118900708941,1.0,1.0,0.0
ACADM,0.4213492957291524,1.0,0.0,1.0,0.0
ACADS,0.4026690069004578,1.0,1.0,1.0,0.0
ACADSB,0.4207422306837852,1.0,0.0,0.33333333333333326,0.0
ACADVL,0.462798659794954,1.0,1.0,1.0,0.0
ACAP2,0.48846675785511195,0.7909605997184826,0.0,0.33333333333333326,0.0
ACAT1,0.4214475369953081,1.0,0.0,1.0,0.0
ACBD4,0.4865700834550157,0.4155393598239079,1.0,1.0,0.0
ACBD5,0.5504628490785466,0.20981381305779098,0.0,0.33333333333333326,0.0
ACBD6,0.6289936529571877,1.0,1.0,1.0,0.0
ACD,0.6465955141608237,1.0,1.0,1.0,0.0
ACER1,0.5128278052009241,0.15690320524033394,0.0,0.0,0.0
ACER2,0.47328593906507316,0.3389049006094039,0.0,1.0,0.0
ACER3,0.48145482200117284,0.7211597645515089,0.0,1.0,0.0
ACKR1,0.4043102193616856,0.8364947831996236,1.0,1.0,0.0
ACKR3,0.5798618348388241,0.23816259966550615,1.0,0.33333333333333326,0.0
ACKR4,0.42877684106649666,0.4550085550905258,0.0,0.33333333333333326,0.0
ACLY,0.6200467273116247,1.0,1.0,1.0,0.0
ACO1,0.5420487061051912,0.14961153343325306,0.0,0.33333333333333326,0.0
ACO2,0.44672884945087954,1.0,0.0,1.0,0.0
ACOD1,0.48958086303685594,0.08666910392852134,0.0,1.0,0.0
ACOT1,0.46854303001633985,1.0,0.0,1.0,0.0
ACOT11,0.48111013315410267,0.3704058098503968,1.0,1.0,0.0
ACOT13,0.4754793445258408,0.5269296293971393,0.0,1.0,0.0
ACOT4,0.4752709950430733,0.3889873454395181,0.0,1.0,0.0
ACOT9,0.6124300738242228,0.8350734854030086,0.0,1.0,0.0
ACOX1,0.4475159768361976,0.6529828783950317,0.0,1.0,0.0
ACOX2,0.5060887614782866,0.011794314893122961,0.0,0.33333333333333326,0.0
ACOX3,0.47989137961465506,0.3502433820455802,0.0,0.33333333333333326,0.0
ACP1,0.5783086453846144,0.18455568239837106,0.0,1.0,0.0
ACP2,0.491229962988622,0.5845409042612308,0.0,1.0,0.0
ACP6,0.6033442027215449,0.3030074048664373,1.0,1.0,0.0
ACRBP,0.5121770309286946,0.02403009005435374,0.0,0.33333333333333326,0.0
ACSF2,0.4545612370596561,0.7951053480412665,1.0,1.0,0.0
ACSL4,0.6543263559638678,0.5670057454156542,0.0,1.0,0.0
ACSL6,0.7379653684737585,1.0,1.0,1.0,0.0
ACSM3,0.4048144966194628,1.0,1.0,1.0,0.0
ACSS1,0.575230320045276,0.2418908219540325,0.0,1.0,0.0
ACSS2,0.47713843222909835,0.7655045907132975,0.0,1.0,0.0
ACTL10,0.5904268158098452,0.40603174787163565,1.0,1.0,0.0
ACTL6A,0.6045739919571195,0.6466763556424081,1.0,1.0,0.0
ACTL8,0.5394662408538795,0.02012982694716657,0.0,0.0,0.0
ACTN1,0.6287198435056979,1.0,0.0,1.0,0.0
ACTR10,0.502991174512585,0.9606665567974286,1.0,1.0,0.0
ACTR2,0.4948646198078433,0.26114543201808066,0.0,0.33333333333333326,0.0
ACTR3B,0.6235807033731806,0.8918363530050034,1.0,1.0,0.0
ACTR5,0.6167884465742809,1.0,1.0,1.0,0.0
ACVR1,0.6111048329710772,0.5496352273893302,0.0,0.33333333333333326,0.0
ACVR1C,0.4109202753702155,1.0,1.0,1.0,0.0
ACVR2A,0.5033565386466644,0.353841512375473,0.0,1.0,0.0
ACVR2B,0.58452995485596,0.1361788236544784,1.0,1.0,0.0
ACVRL1,0.4317537735627451,1.0,1.0,1.0,0.0
ACYP1,0.5790196215990258,0.3074601816187418,1.0,1.0,0.0
ADA,0.6346814284519894,0.6198100625146253,1.0,1.0,0.0
ADA2,0.4470346266869462,0.40852085080996103,1.0,1.0,0.0
ADAM10,0.4990281345324568,0.6208306086111374,0.0,0.33333333333333326,0.0
ADAM12,0.6848140199240947,0.4221752293494605,0.0,1.0,0.0
ADAM15,0.5924417535852655,0.7622265032936233,1.0,1.0,0.0
ADAM17,0.5915970761421993,0.6638139061091529,1.0,1.0,0.0
ADAM19,0.5857640172323269,0.3090811574836362,0.0,1.0,0.0
ADAM28,0.31727001218226547,1.0,1.0,1.0,0.0
ADAMDEC1,0.24080324283061824,1.0,1.0,1.0,0.0
ADAMTS1,0.4979351633340412,0.8909672417316495,0.0,0.33333333333333326,0.0
ADAMTS12,0.7212862212586144,1.0,1.0,1.0,0.0
ADAMTS17,0.5024919747325318,0.05135693364918287,0.0,1.0,0.0
ADAMTS2,0.7435059768005267,0.8271571894545521,1.0,1.0,0.0
ADAMTS5,0.5356011846202232,0.02209411518969388,0.0,0.33333333333333326,0.0
ADAMTS6,0.628906399157103,0.19010102958560168,0.0,0.33333333333333326,0.0
ADAMTS9,0.6894344440853892,1.0,0.0,1.0,0.0
ADAMTSL1,0.4437026596409202,1.0,1.0,1.0,0.0
ADAMTSL2,0.5557778189266012,0.2294443340867051,0.0,0.0,0.0
ADAMTSL3,0.3971563953672062,1.0,0.0,1.0,0.0
ADAP1,0.571714625565102,0.20148741520292054,0.0,1.0,0.0
ADAP2,0.5061844533968236,0.14091265047080748,0.0,1.0,0.0
ADAR,0.5907474287594718,0.8653014060739784,0.0,1.0,0.0
ADAT1,0.5985996212528504,0.2081093258960481,0.0,1.0,0.0
ADAT2,0.5725429823086788,0.23292935005534707,0.0,1.0,0.0
ADAT3,0.5674993441366468,0.2580108701764008,0.0,0.33333333333333326,0.0
ADCK2,0.5600281142383021,0.36638357230087293,0.0,1.0,0.0
ADCK5,0.5944868126375432,0.14628796377035358,0.0,0.33333333333333326,0.0
ADCY3,0.611294738916137,0.7599723667283661,1.0,1.0,0.0
ADCY6,0.4588947163752577,0.790977237714906,1.0,1.0,0.0
ADD1,0.4972164371679584,1.0,0.0,0.33333333333333326,0.0
ADD3,0.504347380022319,0.4390922276253021,0.0,0.33333333333333326,0.0
ADGRA3,0.4667389558105971,1.0,1.0,1.0,0.0
ADGRB3,0.40616093397898156,1.0,0.0,1.0,0.0
ADGRE5,0.5909034407155214,0.4152366622843839,0.0,1.0,0.0
ADGRF4,0.5991879692282779,0.13496863161387104,0.0,0.33333333333333326,0.0
ADGRG1,0.6594491710088013,1.0,1.0,1.0,0.0
ADGRG5,0.5332768992049305,0.19184542377975272,1.0,0.33333333333333326,0.0
ADGRG6,0.46884509368764743,0.2840642594517694,0.0,0.33333333333333326,0.0
ADGRG7,0.37141840721217545,0.9330194614884262,0.0,1.0,0.0
ADGRL1,0.562137626536729,0.22881853600481236,0.0,1.0,0.0
ADGRL2,0.4600223266008953,0.4918922389065438,0.0,1.0,0.0
ADGRL3,0.38967503640466156,1.0,1.0,1.0,0.0
ADGRV1,0.4347499283409828,0.8346483512537396,0.0,1.0,0.0
ADH1A,0.3464815152373014,1.0,1.0,1.0,0.0
ADH1B,0.16899536101644647,1.0,1.0,1.0,0.0
ADH1C,0.1667077272492112,1.0,1.0,1.0,0.0
ADH5,0.49362518631565616,0.3419915174618953,0.0,0.33333333333333326,0.0
ADH6,0.3933422105717166,1.0,1.0,1.0,0.0
ADHFE1,0.45291301103366033,0.9044448067489155,0.0,1.0,0.0
ADIPOR1,0.5713046341582463,0.06554099398628048,0.0,1.0,0.0
ADIRF,0.44101531686163786,0.2797723953276812,1.0,1.0,0.0
ADISSP,0.6361300538309629,0.9790544729081447,1.0,1.0,0.0
ADK,0.6051708207067538,0.5039138931687975,1.0,1.0,0.0
ADNP,0.6175676951415423,1.0,1.0,1.0,0.0
ADO,0.5902654623582778,1.0,1.0,1.0,0.0
ADORA2B,0.5606531519870415,0.40230373397476776,0.0,0.33333333333333326,0.0
ADORA3,0.4203569221795386,0.7011103577214846,0.0,1.0,0.0
ADPGK,0.5768405444257025,0.6107879682314403,0.0,1.0,0.0
ADPRM,0.5006502528904387,0.23081307905070217,0.0,0.33333333333333326,0.0
ADRA1A,0.48778323599773826,0.13016868789517533,0.0,1.0,0.0
ADRA2A,0.38875441619637013,0.8199006481451779,1.0,1.0,0.0
ADRB1,0.3773284795698968,1.0,1.0,1.0,0.0
ADRB2,0.40225630139534985,0.9850521145263281,0.0,0.33333333333333326,0.0
ADRM1,0.6409385820463563,1.0,1.0,1.0,0.0
ADSL,0.5897740699257861,0.4983507825019932,1.0,1.0,0.0
ADSS1,0.5316743099941116,0.030857068703111917,0.0,0.33333333333333326,0.0
ADSS2,0.5797070490246662,0.2607882048055998,0.0,0.33333333333333326,0.0
ADTRP,0.2366070252262587,1.0,1.0,1.0,0.0
AEBP1,0.616470513617341,0.30633978305148607,0.0,1.0,0.0
AEBP2,0.5892377112818465,0.5837290253800997,1.0,1.0,0.0
AEN,0.6328179364632137,0.48541458610468896,1.0,1.0,0.0
AFAP1L2,0.49929187970680333,0.19872437026022755,0.0,0.33333333333333326,0.0
AFF1,0.47142371856931686,0.978225150588635,0.0,1.0,0.0
AFF3,0.35878854847014013,1.0,1.0,1.0,0.0
AFF4,0.4912148802579955,0.47005773739456813,0.0,0.33333333333333326,0.0
AFG1L,0.49730644952994707,0.13574648162278863,0.0,1.0,0.0
AFG2A,0.592160105269706,0.11170903975457272,0.0,1.0,0.0
AFG2B,0.5591583332347371,0.13450328603000564,0.0,1.0,0.0
AFG3L2,0.46754924500921213,1.0,0.0,1.0,0.0
AGA,0.5004621023095916,0.24943601319206488,0.0,0.33333333333333326,0.0
AGAP3,0.6230822700786194,0.9995008093106055,1.0,1.0,0.0
AGBL1,0.46578975491101365,0.12609841407161848,0.0,1.0,0.0
AGBL2,0.4859057728956092,0.3452442539319518,0.0,1.0,0.0
AGBL5,0.5942267693092812,0.10115428734014706,0.0,1.0,0.0
AGFG1,0.589222127315887,0.29703839312487706,1.0,1.0,0.0
AGGF1,0.5469993319817135,0.04470969615626454,0.0,0.33333333333333326,0.0
AGK,0.5807324719267863,0.31368626625901136,1.0,1.0,0.0
AGL,0.45774083938527077,1.0,0.0,1.0,0.0
AGMAT,0.6001214746610234,0.23583310044189643,1.0,1.0,0.0
AGO1,0.5142259727473654,0.1995490426740571,0.0,0.33333333333333326,0.0
AGO2,0.5916919758269108,1.0,1.0,1.0,0.0
AGO3,0.5769776869437456,0.2075285477514894,0.0,0.33333333333333326,0.0
AGPAT4,0.5370839866162398,0.08032678843666899,0.0,0.33333333333333326,0.0
AGR2,0.46954473416284953,0.57661507962464,0.0,1.0,0.0
AGR3,0.3414186726382517,1.0,1.0,1.0,0.0
AGRN,0.6098200000925501,0.8673697782242724,1.0,1.0,0.0
AGT,0.6768056369272175,1.0,1.0,1.0,0.0
AGTPBP1,0.6129614776131027,0.40769347755927776,0.0,1.0,0.0
AGTR1,0.43434740225307594,0.7181863492428886,0.0,1.0,0.0
AGTRAP,0.5987438668146362,1.0,1.0,1.0,0.0
AHCTF1,0.5974780036164202,0.4545265961066179,0.0,1.0,0.0
AHCY,0.6615271295643885,1.0,1.0,1.0,0.0
AHCYL2,0.3613224343291994,1.0,1.0,1.0,0.0
AHNAK,0.43570442914041774,1.0,1.0,1.0,0.0
AHNAK2,0.5366656684080486,0.3573248436224635,0.0,0.33333333333333326,0.0
AHRR,0.46804968734634556,1.0,1.0,1.0,0.0
AHSA1,0.5717000379411787,0.6406244434562662,1.0,1.0,0.0
AICDA,0.45781968855121985,0.22689553327098777,0.0,1.0,0.0
AIDA,0.5827668077332425,1.0,1.0,1.0,0.0
AIFM2,0.5312436060531036,0.09438262298165029,0.0,0.33333333333333326,0.0
AIFM3,0.4485270421821822,0.9356114402791454,1.0,1.0,0.0
AIG1,0.598865725515789,0.6528430131881294,0.0,1.0,0.0
AIMP1,0.5755885933355305,0.3072278937085986,0.0,1.0,0.0
AIMP2,0.5841536844273432,0.6587381749049132,1.0,1.0,0.0
AIRIM,0.6069715485779977,0.6275749276130519,1.0,1.0,0.0
AJUBA,0.7850271228463865,1.0,1.0,1.0,0.0
AK2,0.5387223679930496,0.31128841224214066,0.0,0.33333333333333326,0.0
AK3,0.5064863825442437,0.5042272602638094,1.0,1.0,0.0
AK5,0.47242005364801165,0.27825256649982816,0.0,1.0,0.0
AK6,0.5708848763212103,0.5255384934959445,0.0,0.33333333333333326,0.0
AK8,0.5252958357957537,0.5360078910875805,0.0,0.0,0.0
AKAP11,0.6218295967456267,1.0,0.0,1.0,0.0
AKAP13,0.4572270835962713,0.45700651417471644,0.0,1.0,0.0
AKAP17A,0.5709113489802701,0.10033449126853514,0.0,1.0,0.0
AKAP19,0.23389732003270197,1.0,1.0,1.0,0.0
AKAP5,0.3784241976468596,1.0,0.0,1.0,0.0
AKAP6,0.49376143836185166,0.14593362333130278,0.0,1.0,0.0
AKAP7,0.40713589692380814,1.0,1.0,1.0,0.0
AKAP8,0.5765561514244953,0.14689138926820758,0.0,1.0,0.0
AKAP8L,0.5867194269206503,0.36859500348536517,0.0,1.0,0.0
AKAP9,0.4330725862966935,1.0,1.0,1.0,0.0
AKIP1,0.5893701516826961,0.6020055908014721,1.0,1.0,0.0
AKIRIN1,0.49511034830851464,0.2055193876539035,0.0,1.0,0.0
AKIRIN2,0.5965166410099892,0.7417923877065541,1.0,1.0,0.0
AKR1B1,0.4938113404578995,0.10017612198275513,0.0,1.0,0.0
AKR1B10,0.23477093986854988,1.0,1.0,1.0,0.0
AKR1C1,0.4247902240452388,1.0,0.0,1.0,0.0
AKR1C3,0.4109219385575599,1.0,0.0,1.0,0.0
AKR7A2,0.4894947399038664,0.8958686706669694,0.0,0.33333333333333326,0.0
AKR7A3,0.47722217847941206,0.559668624288097,1.0,1.0,0.0
AKT2,0.6088615557267396,0.18489285991602072,0.0,1.0,0.0
AKTIP,0.5004990242416877,0.2403303605573873,0.0,0.33333333333333326,0.0
ALAD,0.4667413301851178,1.0,1.0,1.0,0.0
ALAS1,0.5238600575809234,0.7135579772345748,1.0,0.33333333333333326,0.0
ALCAM,0.599011097480717,0.5499137622640069,1.0,1.0,0.0
ALDH1A1,0.3722490209870759,0.9612718659877212,1.0,1.0,0.0
ALDH1A3,0.661260678281069,0.9705111387802532,0.0,0.33333333333333326,0.0
ALDH1B1,0.6250283940401122,0.6292368987176491,0.0,1.0,0.0
ALDH1L1,0.4456937666646639,0.728540326890273,0.0,0.33333333333333326,0.0
ALDH2,0.5045359583251008,0.3213746814274576,0.0,0.33333333333333326,0.0
ALDH3A2,0.4710538860066968,1.0,0.0,1.0,0.0
ALDH4A1,0.6753439264743824,1.0,1.0,1.0,0.0
ALDH6A1,0.44807201270842917,1.0,0.0,1.0,0.0
ALDH7A1,0.5486692765622806,0.2805725667567797,0.0,0.33333333333333326,0.0
ALDH9A1,0.5134195002442054,0.38893181774305,0.0,0.33333333333333326,0.0
ALDOA,0.5604764566732384,0.07560839910913245,0.0,0.33333333333333326,0.0
ALDOB,0.6887479588785923,0.982286558068957,0.0,1.0,0.0
ALDOC,0.5754849484218404,0.15790930043677304,0.0,1.0,0.0
ALG1,0.5874450397230957,0.15101410668524856,1.0,1.0,0.0
ALG10,0.5658956094793836,0.04368250131734233,0.0,1.0,0.0
ALG12,0.5035353189976411,0.3915795655931927,0.0,1.0,0.0
ALG13,0.480050049279583,0.661325529831588,0.0,0.33333333333333326,0.0
ALG3,0.611074959775765,0.9711270422070524,1.0,1.0,0.0
ALG5,0.6021028733017709,0.778652266019221,1.0,1.0,0.0
ALG8,0.600196781547109,0.5318930271460697,1.0,1.0,0.0
ALG9,0.5849121522526785,0.5001240374699425,0.0,0.33333333333333326,0.0
ALKAL2,0.35964676146016994,1.0,1.0,1.0,0.0
ALKBH2,0.6274406842073248,1.0,1.0,1.0,0.0
ALKBH3,0.5784818540272583,0.610953952210861,0.0,0.33333333333333326,0.0
ALKBH6,0.5923863880854419,0.5056836500065642,1.0,1.0,0.0
ALKBH7,0.47859410129558694,0.2641097711003376,1.0,1.0,0.0
ALKBH8,0.5643120843034772,0.24253193872618195,0.0,0.33333333333333326,0.0
ALOX5,0.4913546676134381,0.03744088354909142,0.0,1.0,0.0
ALOX5AP,0.4699876956691613,0.3367862316076447,0.0,0.33333333333333326,0.0
ALPI,0.4447200464059833,0.7255276595614909,1.0,1.0,0.0
ALPK1,0.5229154204877138,0.2231795439992296,0.0,0.33333333333333326,0.0
ALS2,0.5976991954234023,0.5912907211429309,0.0,1.0,0.0
ALYREF,0.6046626598952046,0.21883721106333684,0.0,1.0,0.0
AMD1,0.5502789783817963,0.19150334718190234,0.0,0.33333333333333326,0.0
AMIGO1,0.5403662042455921,0.13558652321421216,0.0,0.33333333333333326,0.0
AMIGO2,0.6649342973212136,0.7995777030330171,0.0,0.33333333333333326,0.0
AMMECR1,0.607784009938515,0.41316393506216276,1.0,1.0,0.0
AMN,0.38626645863425346,1.0,1.0,1.0,0.0
AMOTL2,0.6417254273063792,0.9743493235786802,1.0,1.0,0.0
AMPD1,0.3512480036158955,0.9530648826230803,1.0,1.0,0.0
AMPD2,0.6027629877530518,0.9360604363596164,1.0,1.0,0.0
AMT,0.4449315815894247,1.0,1.0,1.0,0.0
AMZ2,0.6173683931652596,1.0,0.0,1.0,0.0
ANAPC10,0.5799137207356542,0.37612782450493265,0.0,0.33333333333333326,0.0
ANAPC11,0.5921614410627627,1.0,1.0,1.0,0.0
ANAPC13,0.5890080448010658,0.4829050733106295,0.0,1.0,0.0
ANAPC5,0.5759875628394525,0.9892497460051896,1.0,1.0,0.0
ANAPC7,0.6046527950191637,0.9861428625142127,1.0,1.0,0.0
ANG,0.4769087867499689,0.3243576445434326,1.0,1.0,0.0
ANGEL1,0.5947128490207803,0.4432424716974574,1.0,1.0,0.0
ANGPT2,0.6052902198260293,0.8368566768320723,1.0,1.0,0.0
ANGPTL1,0.26607172222502,1.0,1.0,1.0,0.0
ANGPTL2,0.6271842026607055,0.4419439804156423,0.0,0.33333333333333326,0.0
ANK2,0.34610989755205457,1.0,1.0,1.0,0.0
ANK3,0.4045396698870658,1.0,0.0,1.0,0.0
ANKEF1,0.6189273504854662,0.3721239119203078,0.0,1.0,0.0
ANKFY1,0.4898831995558254,0.6089483824856963,0.0,0.33333333333333326,0.0
ANKIB1,0.5774904749679785,0.9578779390949138,0.0,0.33333333333333326,0.0
ANKLE2,0.5907105896628307,0.41507044065875776,1.0,1.0,0.0
ANKMY2,0.4790701269532553,1.0,0.0,1.0,0.0
ANKRA2,0.5319689583407635,0.1955904332141979,1.0,0.33333333333333326,0.0
ANKRD10,0.5731824442128546,0.24872937315464896,0.0,1.0,0.0
ANKRD12,0.4249000111612227,1.0,0.0,1.0,0.0
ANKRD13A,0.48203575743035826,1.0,0.0,1.0,0.0
ANKRD13B,0.5876073249610955,0.39558218135853296,1.0,1.0,0.0
ANKRD13C,0.49299662294886626,0.7261188863994729,0.0,1.0,0.0
ANKRD16,0.5949852429285714,0.6314456885554542,1.0,1.0,0.0
ANKRD17,0.5436985226068484,0.4127869586564871,0.0,0.33333333333333326,0.0
ANKRD22,0.6294882230257353,0.7022630986512384,0.0,1.0,0.0
ANKRD27,0.5884725115073121,0.6722640672184417,0.0,1.0,0.0
ANKRD35,0.44068602640168575,0.8465077197344835,0.0,1.0,0.0
ANKRD39,0.5813263953301291,0.4744278884910161,1.0,1.0,0.0
ANKRD40,0.5791979377887032,0.2013832753358759,0.0,0.33333333333333326,0.0
ANKRD40CL,0.38749253773835596,1.0,1.0,1.0,0.0
ANKRD42,0.5384135368292118,0.0305213673232435,0.0,0.33333333333333326,0.0
ANKRD44,0.4260344727279626,1.0,0.0,1.0,0.0
ANKRD52,0.5838147580097997,0.22599132587164428,0.0,1.0,0.0
ANKRD9,0.4771434526088057,1.0,1.0,1.0,0.0
ANKS4B,0.46465340944900185,1.0,1.0,1.0,0.0
ANKS6,0.5962396986805967,0.8756185017134422,1.0,1.0,0.0
ANKZF1,0.5777096231319906,0.3179351742424361,1.0,1.0,0.0
ANLN,0.7121126535693995,1.0,1.0,1.0,0.0
ANO10,0.487098311218406,0.5107176060694841,1.0,1.0,0.0
ANO5,0.3478517393251971,1.0,1.0,1.0,0.0
ANO6,0.6427112563692748,0.44097467519241457,0.0,1.0,0.0
ANO7,0.45387559508809244,0.4913300352137641,1.0,1.0,0.0
ANOS1,0.6662219701977364,1.0,1.0,1.0,0.0
ANP32B,0.5591495708517601,0.2440546221192344,0.0,1.0,0.0
ANPEP,0.2296323255558809,1.0,1.0,1.0,0.0
ANTXR1,0.6031321983089777,0.18842957007908806,0.0,1.0,0.0
ANTXR2,0.43909791096852013,1.0,0.0,1.0,0.0
ANXA1,0.5557106304199194,0.08847469512683917,1.0,0.33333333333333326,0.0
ANXA13,0.4583531391155484,0.09211693315986978,1.0,1.0,0.0
ANXA2,0.5395500005760531,0.18399232477705818,0.0,0.33333333333333326,0.0
ANXA3,0.6509315209219643,0.7497826473415911,1.0,1.0,0.0
ANXA4,0.560185642131431,0.1161680594744885,0.0,0.33333333333333326,0.0
ANXA5,0.6160796191446439,0.7771553119811084,0.0,0.33333333333333326,0.0
ANXA6,0.6123213990730801,0.34647622513036175,0.0,1.0,0.0
ANXA7,0.5283323574900182,0.7361868851074373,1.0,0.33333333333333326,0.0
ANXA9,0.7045072792564442,1.0,1.0,1.0,0.0
AOAH,0.5559465026976455,0.19611437796750142,0.0,0.33333333333333326,0.0
AOC1,0.4207007203777063,1.0,1.0,1.0,0.0
AOC3,0.3981700655433909,1.0,1.0,1.0,0.0
AP1AR,0.4804908035919415,0.9272582536395434,0.0,1.0,0.0
AP1M1,0.619366424762208,0.8546722068048523,0.0,1.0,0.0
AP1S1,0.615061550696651,0.7340532669773936,0.0,1.0,0.0
AP1S2,0.572704854243393,1.0,1.0,0.33333333333333326,0.0
AP1S3,0.6056255670659709,0.24574316260130755,1.0,1.0,0.0
AP2S1,0.5608314699636222,0.2980543450807205,1.0,1.0,0.0
AP3B1,0.5270195257578886,0.09260399505061392,1.0,0.33333333333333326,0.0
AP3D1,0.5806981309199745,0.2405830025344923,1.0,1.0,0.0
AP3M1,0.5608693906338175,0.08839220056388962,0.0,0.33333333333333326,0.0
AP3M2,0.5953678191680348,0.38936540639922274,1.0,1.0,0.0
AP4B1,0.5480354242158121,0.07147950526994842,0.0,0.33333333333333326,0.0
AP4M1,0.5659409209859184,0.2717053363291277,0.0,1.0,0.0
AP4S1,0.4879548764122935,0.5336753546485443,0.0,0.33333333333333326,0.0
AP5M1,0.46349414580531595,1.0,0.0,1.0,0.0
APBA2,0.5169220548418278,0.08612618935705937,0.0,0.33333333333333326,0.0
APBA3,0.5775253031156014,0.6127644730581352,0.0,1.0,0.0
APBB1IP,0.46227768157923443,0.3885928681128549,0.0,0.33333333333333326,0.0
APBB2,0.5946870182106861,0.6525136866989022,0.0,1.0,0.0
APC,0.4457119104034808,1.0,1.0,1.0,0.0
APCDD1,0.6787957198748943,1.0,1.0,1.0,0.0
APELA,0.5960252207421834,0.3005593701109881,0.0,1.0,0.0
APEX1,0.5839828089498825,0.4097877524813987,0.0,1.0,0.0
APEX2,0.5783476730355269,0.8298870146091144,1.0,1.0,0.0
API5,0.5672963676287246,0.3959569851456531,0.0,0.33333333333333326,0.0
APLF,0.6141713860984782,0.49107618126014985,0.0,0.33333333333333326,0.0
APLNR,0.5907905998210314,0.42375016296285334,0.0,0.33333333333333326,0.0
APLP2,0.48981769216529913,0.8013656745922811,0.0,0.33333333333333326,0.0
APMAP,0.6164859787119759,0.7087440746865643,1.0,1.0,0.0
APOA2,0.5140539934066805,0.09001642067805402,0.0,0.33333333333333326,0.0
APOBEC1,0.6685582169768469,0.8681194086700146,0.0,1.0,0.0
APOBEC3B,0.44866635592086446,0.1672687698040138,1.0,1.0,0.0
APOBEC3C,0.4909907362739081,0.4537102298941982,0.0,1.0,0.0
APOBEC3D,0.5288066885740035,0.08701419443294613,0.0,0.0,0.0
APOBEC3G,0.5215192118186321,0.1489639594081894,0.0,0.33333333333333326,0.0
APOBR,0.40765963930692234,1.0,1.0,1.0,0.0
APOE,0.483922974705778,0.34874580682205386,1.0,1.0,0.0
APOL3,0.5028804000821685,0.614841397403885,1.0,0.33333333333333326,0.0
APOL4,0.5285348025134513,0.16731856132375653,0.0,0.33333333333333326,0.0
APOL6,0.4909002110051343,0.3285967385732528,1.0,1.0,0.0
APOLD1,0.5959897471661175,0.6487414548809254,1.0,1.0,0.0
APPL2,0.40249424217356217,1.0,1.0,1.0,0.0
APRT,0.5854362773386561,0.4044072752421774,1.0,1.0,0.0
APTX,0.5652446247175823,0.2904172858148769,1.0,1.0,0.0
AQP1,0.39914194391638147,0.7899012383397663,0.0,1.0,0.0
AQP11,0.43498022954176274,1.0,1.0,1.0,0.0
AQP8,0.0,1.0,1.0,1.0,0.0
AQP9,0.6766722512705082,0.4370030563712214,0.0,1.0,0.0
AR,0.5017715123463414,0.08470432569249516,0.0,1.0,0.0
ARAP3,0.5641363170768816,0.04528465578354829,0.0,1.0,0.0
ARCN1,0.5585840438593537,0.17491016263285036,0.0,0.33333333333333326,0.0
AREG,0.7770394275159321,1.0,0.0,1.0,0.0
ARF3,0.4999649748959531,0.6382699199633259,0.0,1.0,0.0
ARF4,0.5166157952313739,0.08437095353975975,0.0,0.33333333333333326,0.0
ARF5,0.5576166867022584,0.03230200161763767,0.0,1.0,0.0
ARF6,0.5051941294326275,0.4072577955417775,0.0,1.0,0.0
ARFGAP1,0.6041958717005877,0.7378285987967858,1.0,1.0,0.0
ARFGAP3,0.5859778106320099,0.10053354534765135,0.0,0.33333333333333326,0.0
ARFGEF2,0.5833286774710523,0.28684618855444993,0.0,1.0,0.0
ARFGEF3,0.584452881258236,0.14730857030716618,0.0,0.33333333333333326,0.0
ARFIP1,0.4979111945101752,0.4863549903294947,0.0,0.33333333333333326,0.0
ARG2,0.6815988087063752,1.0,0.0,0.33333333333333326,0.0
ARHGAP11A,0.6360532122136684,0.3739064956934286,0.0,1.0,0.0
ARHGAP17,0.4796497960130408,0.9279330080603042,0.0,0.33333333333333326,0.0
ARHGAP19,0.5118923912671539,0.08507071062831367,0.0,0.33333333333333326,0.0
ARHGAP20,0.4334138833960276,0.7545119380179803,0.0,0.33333333333333326,0.0
ARHGAP21,0.4928218571845669,0.2498489098831737,0.0,0.33333333333333326,0.0
ARHGAP25,0.4823060218687112,0.31117778861246076,0.0,0.33333333333333326,0.0
ARHGAP26,0.5518831672362953,0.3601101905718399,0.0,0.33333333333333326,0.0
ARHGAP27,0.4907022839804822,0.23176345029761863,0.0,1.0,0.0
ARHGAP28,0.4377599130754054,0.6890638864585887,0.0,1.0,0.0
ARHGAP29,0.6281698211971716,0.5048680208691393,0.0,0.33333333333333326,0.0
ARHGAP30,0.46943440517648255,0.45689642711601064,1.0,1.0,0.0
ARHGAP31,0.49547458864413907,0.26368448372626185,0.0,1.0,0.0
ARHGAP39,0.5868695013089144,0.13433291645323003,1.0,1.0,0.0
ARHGAP42,0.4456995277244903,1.0,0.0,1.0,0.0
ARHGAP44,0.39726483204753404,1.0,0.0,1.0,0.0
ARHGAP5,0.5023965900113981,0.22818420323479313,0.0,0.33333333333333326,0.0
ARHGAP9,0.4693987600836262,0.20472825297267402,1.0,1.0,0.0
ARHGDIB,0.5524982259902266,0.44123628424311495,0.0,0.33333333333333326,0.0
ARHGEF10,0.6398499275578015,0.3969130766035092,0.0,1.0,0.0
ARHGEF12,0.5001666285835399,0.6740072133981105,0.0,0.33333333333333326,0.0
ARHGEF19,0.6078529946152761,0.5619324439493397,1.0,1.0,0.0
ARHGEF25,0.4866443701260157,0.1091362893592142,0.0,1.0,0.0
ARHGEF3,0.592756289906556,0.12661457925493383,0.0,0.33333333333333326,0.0
ARHGEF37,0.4410132538609412,1.0,0.0,1.0,0.0
ARHGEF39,0.5821301034593966,0.238196829334416,1.0,1.0,0.0
ARHGEF40,0.4945238939769326,0.5974923515324255,0.0,1.0,0.0
ARHGEF6,0.46651489781771716,0.9825540818202576,0.0,1.0,0.0
ARHGEF7,0.5804779885855492,0.640413366476401,0.0,0.33333333333333326,0.0
ARHGEF9,0.47472518210072834,1.0,1.0,1.0,0.0
ARID3A,0.6650338305146278,1.0,1.0,1.0,0.0
ARID4B,0.5795384581940981,0.3190851991724424,0.0,1.0,0.0
ARID5B,0.6094086662360034,0.5267081467281716,0.0,0.33333333333333326,0.0
ARIH1,0.5071699941944717,0.1507111678258052,0.0,0.33333333333333326,0.0
ARK2N,0.4877913269410937,0.6506457404757396,0.0,0.33333333333333326,0.0
ARL13B,0.6050674851620255,0.26943977095257093,0.0,0.33333333333333326,0.0
ARL14,0.3510207501801858,1.0,1.0,1.0,0.0
ARL15,0.49802518687682545,0.479158078330272,0.0,0.33333333333333326,0.0
ARL17B,0.5359125237358064,0.08887696245409081,0.0,0.33333333333333326,0.0
ARL3,0.5930343761691201,0.33806627984267573,1.0,1.0,0.0
ARL4C,0.5660176212191914,0.25490070086179034,1.0,0.33333333333333326,0.0
ARL5B,0.6179282616881767,0.932295420894905,0.0,1.0,0.0
ARL6IP5,0.4880861455551003,0.49493217013838153,0.0,0.33333333333333326,0.0
ARL6IP6,0.5961449790475674,0.24604555663533476,0.0,0.33333333333333326,0.0
ARL8A,0.5815948328160195,0.3672723962801312,1.0,1.0,0.0
ARMC1,0.5686814474557761,0.34787672545741505,1.0,1.0,0.0
ARMC10,0.609708947876306,1.0,1.0,1.0,0.0
ARMC6,0.5671957858720675,0.4030073255684731,1.0,1.0,0.0
ARMC8,0.496813558208253,0.47332535520431834,0.0,0.33333333333333326,0.0
ARMCX1,0.45538427224348277,0.7389114991769294,1.0,1.0,0.0
ARMCX2,0.5443937785272825,0.20220012767011972,0.0,0.33333333333333326,0.0
ARMCX3,0.5977614684351756,0.3591269303877241,1.0,1.0,0.0
ARMCX4,0.49488469239447785,0.08313512292069974,0.0,1.0,0.0
ARMCX5,0.587674635662209,0.6789339100261833,0.0,1.0,0.0
ARMCX6,0.5945632064781797,0.9606378938670405,1.0,1.0,0.0
ARNT2,0.47023164034575865,0.14921240321970286,1.0,1.0,0.0
ARPC1B,0.5754682975234957,0.5223381786534087,1.0,1.0,0.0
ARPC2,0.4969890240180804,0.3453819464248081,0.0,0.33333333333333326,0.0
ARPC5,0.5022953263281162,0.4080248380441873,0.0,1.0,0.0
ARPC5L,0.5667289669798373,0.23696697320369786,1.0,1.0,0.0
ARPIN,0.4591081983887885,1.0,1.0,1.0,0.0
ARRB1,0.47049215192753474,0.7440764527181709,0.0,1.0,0.0
ARRDC1,0.586109816239922,0.4159496720562998,1.0,1.0,0.0
ARRDC4,0.4314337194248026,0.8438786899611456,0.0,1.0,0.0
ARSA,0.47361365105220593,0.3818661609375209,0.0,1.0,0.0
ARSF,0.5246494341554134,0.3365314452126952,0.0,0.0,0.0
ARSK,0.5333725763231174,0.4314015547114969,0.0,0.33333333333333326,0.0
ARSL,0.609735200258412,0.356799212312653,0.0,1.0,0.0
ARV1,0.4648313417122367,1.0,0.0,1.0,0.0
ASAH1,0.49075436976179176,1.0,0.0,0.33333333333333326,0.0
ASAP1,0.6591726038978314,1.0,0.0,1.0,0.0
ASAP2,0.48631922556186336,0.6705574843464175,0.0,0.33333333333333326,0.0
ASAP3,0.42335229338063224,1.0,1.0,1.0,0.0
ASB2,0.389581797730359,1.0,1.0,1.0,0.0
ASB7,0.48419903160485234,0.8271090638270856,0.0,1.0,0.0
ASB8,0.5002710765394851,0.3160046375360737,1.0,1.0,0.0
ASB9,0.6619019167905907,1.0,1.0,1.0,0.0
ASCC1,0.6001046522918698,0.2601972811568927,0.0,1.0,0.0
ASCC2,0.4883023843473065,0.5031374175769512,0.0,1.0,0.0
ASCC3,0.6079827832515208,0.5840567063451527,0.0,1.0,0.0
ASCL2,0.812646462799049,1.0,1.0,1.0,0.0
ASF1B,0.630936949857948,1.0,1.0,1.0,0.0
ASIC1,0.6077443214179635,0.5038668885756571,0.0,1.0,0.0
ASIC4,0.48683399342765016,0.10817317619442407,0.0,1.0,0.0
ASNS,0.655313502521024,1.0,1.0,1.0,0.0
ASNSD1,0.5891662762084853,0.6013540344792415,1.0,1.0,0.0
ASPA,0.30073380589157295,1.0,1.0,1.0,0.0
ASPH,0.5881572281372381,0.06838128953624428,0.0,1.0,0.0
ASPHD1,0.584131951976398,0.5988335708411365,0.0,1.0,0.0
ASPM,0.6292426342829561,0.3594613513201938,1.0,1.0,0.0
ASPSCR1,0.591177506977944,0.41109027992846947,1.0,1.0,0.0
ASRGL1,0.49098611840162376,0.1310535137529441,0.0,1.0,0.0
ASTE1,0.49468257147911937,0.29958039513977036,0.0,1.0,0.0
ASXL1,0.6081413180735371,1.0,1.0,1.0,0.0
ATAD1,0.5066170579242646,0.5695398394296015,0.0,0.33333333333333326,0.0
ATAD2,0.6694716225847904,1.0,1.0,1.0,0.0
ATAD3A,0.6171594334152571,0.9273808184922185,1.0,1.0,0.0
ATAD3B,0.5929791729734105,0.7949116163261724,0.0,1.0,0.0
ATAD5,0.5958931395806648,0.6965606416589457,0.0,1.0,0.0
ATE1,0.49317697741106026,0.6112691119986583,0.0,0.33333333333333326,0.0
ATF3,0.5682424779178455,0.593047009703022,1.0,0.33333333333333326,0.0
ATF4,0.5842047478093919,1.0,0.0,1.0,0.0
ATF7IP,0.5996445617386982,0.5625753247436224,0.0,1.0,0.0
ATG101,0.5747656521627063,0.5251591914764091,1.0,1.0,0.0
ATG14,0.501226701836311,0.28002661548976937,0.0,0.33333333333333326,0.0
ATG16L1,0.5829424402582775,0.12263877508873464,0.0,1.0,0.0
ATG2A,0.5634606176329267,0.15530279902804844,0.0,0.33333333333333326,0.0
ATG2B,0.49115371392373997,0.4807557775148267,0.0,0.33333333333333326,0.0
ATG3,0.5098820630118386,0.22124180929512527,0.0,1.0,0.0
ATG4A,0.46233489713418896,0.9007594223922445,0.0,1.0,0.0
ATG4B,0.5674633697620242,0.2937415676596099,0.0,1.0,0.0
ATG4D,0.49922153125256497,0.3613078725617221,0.0,1.0,0.0
ATIC,0.62467827164036,1.0,1.0,1.0,0.0
ATL1,0.45788383562267826,0.9065009631438921,0.0,1.0,0.0
ATL2,0.5681433336907724,0.1877932667730745,0.0,0.33333333333333326,0.0
ATL3,0.4949476970818745,0.5649916138206943,0.0,0.33333333333333326,0.0
ATM,0.5851308703931111,0.12153903722383415,0.0,0.33333333333333326,0.0
ATMIN,0.5117859583405963,0.17386979528817215,0.0,0.33333333333333326,0.0
ATOH1,0.43271956318061766,0.37412733223832084,1.0,1.0,0.0
ATOH8,0.5070770162299068,0.12391330036512194,0.0,0.33333333333333326,0.0
ATOSA,0.442130532722395,1.0,1.0,1.0,0.0
ATOX1,0.5958564923940587,0.8054975391648254,0.0,1.0,0.0
ATP10B,0.4842070841010652,0.3032132480631663,0.0,0.33333333333333326,0.0
ATP10D,0.4889975315002053,0.4315143006770267,0.0,0.33333333333333326,0.0
ATP11A,0.7211926244970127,1.0,1.0,1.0,0.0
ATP11B,0.49787615766446075,0.2847027717519564,0.0,0.33333333333333326,0.0
ATP11C,0.5933924572689934,0.8529527319667842,0.0,1.0,0.0
ATP13A1,0.5932403048309213,0.5768861363569017,1.0,1.0,0.0
ATP13A2,0.5959487694328932,0.3897728183849787,0.0,1.0,0.0
ATP13A3,0.594986472367683,0.4531008169627889,1.0,1.0,0.0
ATP1A2,0.3574682434351975,1.0,1.0,1.0,0.0
ATP1B3,0.48362023226010736,0.6037607811415275,0.0,0.33333333333333326,0.0
ATP23,0.45695453061398433,0.9581641515680778,1.0,1.0,0.0
ATP2A2,0.571946243220878,0.22705231658322547,0.0,1.0,0.0
ATP2A3,0.3958829290161093,1.0,1.0,1.0,0.0
ATP2B1,0.4435635236807551,1.0,0.0,1.0,0.0
ATP2C1,0.5705077664416924,0.2732806815542366,1.0,1.0,0.0
ATP2C2,0.46299714359432337,0.353736429529922,0.0,1.0,0.0
ATP5F1A,0.464939213548419,1.0,0.0,1.0,0.0
ATP5F1B,0.4883181986406909,0.9355427117688695,0.0,0.33333333333333326,0.0
ATP5F1C,0.5021548784453208,0.7090804674435793,0.0,1.0,0.0
ATP5F1D,0.5131402308554474,0.03842093856847414,0.0,0.33333333333333326,0.0
ATP5F1E,0.5637758292062361,0.27985198073865897,1.0,1.0,0.0
ATP5IF1,0.5080168655913873,0.5085151512898389,0.0,1.0,0.0
ATP5MC2,0.5292968052595011,0.067758575847068,0.0,0.33333333333333326,0.0
ATP5MC3,0.4948625927211574,1.0,1.0,1.0,0.0
ATP5MK,0.5073376007163918,0.34139790354732275,1.0,1.0,0.0
ATP5PB,0.4818301618564199,1.0,0.0,0.33333333333333326,0.0
ATP5PD,0.5043257844608898,0.11820749152188917,1.0,1.0,0.0
ATP5PF,0.4856762682005192,1.0,0.0,1.0,0.0
ATP5PO,0.4903979046875297,0.9440381009610207,0.0,1.0,0.0
ATP6AP1,0.5742474475757333,0.32942865134642607,1.0,1.0,0.0
ATP6AP2,0.5789728394052942,0.4360154939398551,0.0,1.0,0.0
ATP6V0D1,0.46724400077865513,1.0,1.0,1.0,0.0
ATP6V0D2,0.47469950304762065,0.36424034684232215,0.0,1.0,0.0
ATP6V0E2,0.5818804846040005,0.5762412240356033,1.0,1.0,0.0
ATP6V1B2,0.520733766579236,0.5421383613966495,1.0,0.33333333333333326,0.0
ATP6V1C2,0.6163551884505637,0.31660424420603656,1.0,1.0,0.0
ATP6V1D,0.4738368160913366,0.6356576398498159,0.0,0.33333333333333326,0.0
ATP6V1E2,0.6041486930819168,0.5015750333341427,1.0,1.0,0.0
ATP6V1G1,0.5709154949215469,0.4572856044125529,0.0,0.33333333333333326,0.0
ATP6V1G2,0.48006052217072204,0.4808180861623527,0.0,1.0,0.0
ATP6V1H,0.587784906813596,0.5605970498354037,1.0,1.0,0.0
ATP7A,0.5415206721501908,0.02080863550059185,0.0,0.33333333333333326,0.0
ATP7B,0.594324224469652,0.219329356210514,1.0,1.0,0.0
ATP8A1,0.3923638980315999,1.0,0.0,1.0,0.0
ATP8B1,0.40625002120146425,1.0,0.0,1.0,0.0
ATP8B2,0.4623135136464264,0.4001016941810937,0.0,1.0,0.0
ATP8B3,0.450139880964014,0.6252850809558783,0.0,1.0,0.0
ATP8B4,0.4707531557140408,0.970441278305512,1.0,1.0,0.0
ATP9A,0.6027933533069828,0.6131127834946349,1.0,1.0,0.0
ATP9B,0.46728300979423465,0.6037940771870832,0.0,1.0,0.0
ATPAF1,0.5114326551824547,0.16878021093379814,0.0,1.0,0.0
ATPAF2,0.49780918779814376,0.30869121158606905,0.0,0.33333333333333326,0.0
ATR,0.6128157279903288,1.0,1.0,1.0,0.0
ATRAID,0.582000626858945,0.3257275528080993,0.0,0.33333333333333326,0.0
ATRX,0.5986154264581236,1.0,0.0,1.0,0.0
ATXN1,0.4950569798148569,0.29681454729901313,0.0,0.33333333333333326,0.0
ATXN10,0.5641382121018769,0.0814071875323449,0.0,0.33333333333333326,0.0
ATXN1L,0.5130156149610456,0.17264234266381925,0.0,0.33333333333333326,0.0
ATXN2L,0.597794078859641,0.16744754967558914,1.0,1.0,0.0
ATXN7,0.4695453387536896,0.5212894679855333,0.0,1.0,0.0
ATXN7L3,0.5631771111555661,0.211227071860169,0.0,1.0,0.0
AUH,0.47296288631490546,1.0,0.0,1.0,0.0
AUNIP,0.6264554519357842,1.0,1.0,1.0,0.0
AUP1,0.5601355679878283,0.1737291329529889,0.0,1.0,0.0
AURKA,0.6937503554730159,1.0,1.0,1.0,0.0
AURKB,0.6088103377774722,0.9363901547160551,1.0,1.0,0.0
AUTS2,0.5903696992878669,0.3824404280738559,1.0,1.0,0.0
AVEN,0.5779505572136276,0.3136430475183829,1.0,1.0,0.0
AVL9,0.5695995210997448,0.6695609628954194,0.0,1.0,0.0
AVPI1,0.4703103784540931,0.38967658259884,0.0,1.0,0.0
AXIN1,0.5884549000273558,0.33854438051873276,0.0,1.0,0.0
AXIN2,0.7115441055071616,1.0,1.0,1.0,0.0
AZGP1,0.7519431068956681,1.0,1.0,1.0,0.0
AZI2,0.4791546131775827,0.8676822762700316,0.0,0.33333333333333326,0.0
AZIN1,0.5999470077970241,0.6195086330892484,0.0,1.0,0.0
B2M,0.494872398682926,0.6391449165400989,0.0,1.0,0.0
B3GALNT1,0.6095415224608307,0.4730261195352078,0.0,1.0,0.0
B3GALNT2,0.5826836837941481,0.5639082905755746,1.0,1.0,0.0
B3GALT2,0.43029358777231347,0.3088142278741354,0.0,1.0,0.0
B3GALT4,0.46494908835395843,0.6645646491365761,1.0,1.0,0.0
B3GALT5,0.22857559336615785,1.0,1.0,1.0,0.0
B3GALT6,0.6552220026257178,0.951516638326849,1.0,1.0,0.0
B3GNT5,0.4643797383652516,0.41697315883354824,0.0,0.33333333333333326,0.0
B3GNT6,0.4068008925341677,1.0,1.0,1.0,0.0
B3GNT7,0.34032858920266684,1.0,1.0,1.0,0.0
B3GNT8,0.4632237932945724,0.691625917500432,0.0,1.0,0.0
B4GALNT2,0.388991775958674,1.0,1.0,1.0,0.0
B4GALT2,0.5746533631894373,0.3118336515924871,0.0,1.0,0.0
B4GALT3,0.5707818312015073,0.2160242505831402,0.0,1.0,0.0
B4GALT4,0.4750180908598121,0.7624800193961203,0.0,0.33333333333333326,0.0
B4GALT5,0.5805080481714258,0.11983503707382527,1.0,1.0,0.0
B4GALT6,0.6039344501920142,0.2258139459113026,0.0,1.0,0.0
B4GALT7,0.5731760656210466,0.533363434053031,0.0,1.0,0.0
B9D1,0.6087585385676393,0.6757683245664589,1.0,1.0,0.0
BABAM2,0.5704122940392469,0.20321143134208683,0.0,1.0,0.0
BACE1,0.6040685876664826,0.37422530239657825,0.0,1.0,0.0
BACE2,0.6207490415093824,0.4816068483723759,1.0,1.0,0.0
BACH1,0.5366740833907522,0.2221595158164504,0.0,0.33333333333333326,0.0
BAD,0.4877227440974152,0.7429573447457504,1.0,1.0,0.0
BAG1,0.49142838019829316,0.607140785948857,0.0,0.33333333333333326,0.0
BAG2,0.5848447445916861,0.41606775331758555,1.0,0.33333333333333326,0.0
BAG3,0.6064197975280374,0.6123941970195589,0.0,0.33333333333333326,0.0
BAG4,0.5750003098199976,0.049953744815233944,0.0,0.33333333333333326,0.0
BAG6,0.5649434441230095,0.1147450191989941,1.0,1.0,0.0
BAIAP2,0.588468264636755,0.2785973804395423,1.0,1.0,0.0
BAIAP2L1,0.6062624766510019,0.41586851616885145,1.0,1.0,0.0
BAIAP2L2,0.47864516181758654,0.1952920759030903,0.0,1.0,0.0
BAIAP3,0.45908609952603213,0.2233287841073893,0.0,1.0,0.0
BAK1,0.4964083961225531,0.21874240292151265,0.0,0.33333333333333326,0.0
BAMBI,0.5991663853402794,0.20198284113174958,0.0,1.0,0.0
BANF1,0.5808570167930132,0.4893117332757875,1.0,1.0,0.0
BANP,0.5714318438423032,0.3453377416237403,0.0,1.0,0.0
BARD1,0.606523035586339,0.5075174688240057,1.0,1.0,0.0
BAZ1B,0.5902690572883116,0.7304792725008289,1.0,1.0,0.0
BAZ2B,0.5535562773202752,0.01323562060615539,0.0,0.33333333333333326,0.0
BBIP1,0.40258210151099966,0.8247003504369408,1.0,1.0,0.0
BBLN,0.613939837049864,0.8511526592538793,1.0,1.0,0.0
BBOF1,0.4749028226198519,0.675177053874311,0.0,1.0,0.0
BBS1,0.5286611182078331,0.209247223879175,1.0,0.33333333333333326,0.0
BBS10,0.5724600507292485,0.24597708711975105,0.0,1.0,0.0
BBS12,0.4846032800136966,0.33970616914052026,0.0,0.33333333333333326,0.0
BBS4,0.5461397514892247,0.27140495692029665,0.0,0.33333333333333326,0.0
BCAN,0.5966583124820491,0.38485900792881306,0.0,0.33333333333333326,0.0
BCAP31,0.598381446519514,1.0,1.0,1.0,0.0
BCAR3,0.4218863052350941,1.0,1.0,1.0,0.0
BCAS1,0.36641928249243044,1.0,1.0,1.0,0.0
BCAS3,0.5482777108502073,0.12600753262879022,0.0,0.33333333333333326,0.0
BCCIP,0.6029931648975477,0.7535946927961275,0.0,1.0,0.0
BCHE,0.25429052696325355,1.0,1.0,1.0,0.0
BCKDHB,0.463058579344123,0.7667338413746337,0.0,1.0,0.0
BCKDK,0.5750612284977973,0.43885178796353197,0.0,1.0,0.0
BCL10,0.4811280012044081,0.7933590467205852,0.0,0.33333333333333326,0.0
BCL11B,0.5896550598934965,0.4886699772806745,0.0,1.0,0.0
BCL2,0.405551534478078,1.0,1.0,1.0,0.0
BCL2L1,0.6247697264843092,0.6990926930593203,1.0,1.0,0.0
BCL2L10,0.499166526700856,0.09981349065422691,0.0,0.33333333333333326,0.0
BCL2L12,0.6109733394572442,0.8280565039129092,1.0,1.0,0.0
BCL2L13,0.5057557071016375,0.3267836205092144,0.0,0.33333333333333326,0.0
BCL2L2,0.4869288483510315,0.9662782388369645,1.0,1.0,0.0
BCL6,0.5749732812535383,0.7084080694997337,1.0,0.33333333333333326,0.0
BCL7A,0.6041616457298776,0.31566252192618766,0.0,1.0,0.0
BCL7C,0.5862241648925709,0.03220250981203283,0.0,0.33333333333333326,0.0
BCL9L,0.5697824377027095,0.15790586879073595,0.0,1.0,0.0
BCLAF1,0.5723546064160409,0.16307796310534833,0.0,0.33333333333333326,0.0
BCO1,0.47306783075246556,0.6511222970393031,0.0,0.33333333333333326,0.0
BCOR,0.6098453752987482,0.48037487216842445,0.0,0.33333333333333326,0.0
BCORL1,0.5681824951445408,0.12607608908690152,0.0,1.0,0.0
BCR,0.5725130898401688,0.2540199709459528,1.0,1.0,0.0
BCS1L,0.5738949817960056,0.3429702346467034,1.0,1.0,0.0
BDH1,0.48248060173235985,0.822930439976283,1.0,1.0,0.0
BDH2,0.4601372040177479,0.5993351162848713,0.0,1.0,0.0
BDKRB1,0.43681879101832405,1.0,0.0,0.33333333333333326,0.0
BDKRB2,0.45478775499064455,0.6930272111852074,0.0,1.0,0.0
BECN1,0.5022388614734998,0.4612024149696253,0.0,0.33333333333333326,0.0
BEND3,0.5688371333329096,0.4719399910888277,0.0,1.0,0.0
BEND5,0.49476597784671617,0.16640380404777302,0.0,1.0,0.0
BEST2,0.28477897163110066,1.0,1.0,1.0,0.0
BEST4,0.22279666779256926,1.0,1.0,1.0,0.0
BET1,0.5866504392273942,0.40920250542868125,0.0,1.0,0.0
BET1L,0.5663019888345739,0.3947244057812228,0.0,1.0,0.0
BEX1,0.4471990827510932,0.7021585586581878,1.0,1.0,0.0
BEX4,0.39063517935401615,1.0,1.0,1.0,0.0
BFAR,0.5607441141239768,0.2967290889854296,0.0,1.0,0.0
BFSP1,0.5978527307923229,0.3009165680632609,1.0,1.0,0.0
BGN,0.7644547978912831,1.0,1.0,1.0,0.0
BHLHE22,0.5889729139502227,0.1239386715475674,0.0,0.33333333333333326,0.0
BHLHE40,0.6809914584544977,1.0,0.0,1.0,0.0
BHLHE41,0.4462978109655629,0.612411037327138,1.0,1.0,0.0
BICD1,0.7315717024002172,1.0,0.0,0.33333333333333326,0.0
BICD2,0.5895724086140135,0.46925604756593786,0.0,1.0,0.0
BICDL1,0.5940025992528604,0.2451336592748744,0.0,0.33333333333333326,0.0
BICDL2,0.47121388888912596,0.4768556693638996,0.0,1.0,0.0
BID,0.6061766938877008,1.0,1.0,1.0,0.0
BIK,0.597335780150458,0.2798486254936546,0.0,1.0,0.0
BIN1,0.5747463362684718,0.6842093121985623,0.0,1.0,0.0
BIN2,0.41016236268989564,0.7777048090702854,0.0,1.0,0.0
BIRC2,0.4907022313903957,0.8098362222649251,0.0,0.33333333333333326,0.0
BIRC3,0.4908223508912416,0.47817678925979445,1.0,0.33333333333333326,0.0
BIRC5,0.66809494132229,1.0,1.0,1.0,0.0
BIVM,0.5799448638910556,0.5626740162866707,0.0,1.0,0.0
BKGD,0.44875390570121876,1.0,0.0,1.0,0.0
BLACAT1,0.6932436844190664,1.0,1.0,1.0,0.0
BLCAP,0.5755830369767796,0.3277736487648522,0.0,1.0,0.0
BLM,0.6243360734336785,0.7844226279168848,1.0,1.0,0.0
BLMH,0.5666551879187537,0.09513397611277936,0.0,0.33333333333333326,0.0
BLNK,0.4322462242253875,1.0,0.0,1.0,0.0
BLOC1S1,0.496830568098159,0.47307633970866936,1.0,1.0,0.0
BLOC1S3,0.5873362311029368,0.47165214052962695,1.0,1.0,0.0
BLTP1,0.45329159602739505,1.0,0.0,1.0,0.0
BLTP3A,0.5915688885235623,0.3524913102233086,0.0,1.0,0.0
BLTP3B,0.4843874719613401,0.2907918205307707,0.0,0.33333333333333326,0.0
BLVRB,0.49961909388952425,0.3951963792693053,1.0,1.0,0.0
BLZF1,0.49629559199784584,0.4382670210755725,0.0,0.33333333333333326,0.0
BMAL1,0.4593574864216587,0.30963644645218164,0.0,1.0,0.0
BMAL2,0.701309132339002,1.0,1.0,1.0,0.0
BMF,0.5018682911989957,0.0828950244350727,1.0,1.0,0.0
BMP2,0.4008701901018826,1.0,1.0,1.0,0.0
BMP2K,0.5051902455141014,0.12853817542524856,0.0,1.0,0.0
BMP3,0.3476432275928134,0.7422963317086441,0.0,1.0,0.0
BMP4,0.630990866221831,0.06533146037186531,1.0,1.0,0.0
BMP5,0.3946188304677133,1.0,1.0,1.0,0.0
BMP6,0.47639999495238505,0.44323998063625014,0.0,1.0,0.0
BMP7,0.5991824872009505,0.3167138505040963,1.0,1.0,0.0
BMPR2,0.5230999125804933,0.31759599570310054,0.0,0.33333333333333326,0.0
BMS1,0.59314456498727,0.6385984279909439,1.0,1.0,0.0
BMX,0.37395344688408827,1.0,1.0,1.0,0.0
BNIP2,0.524526549011426,0.3597108376412883,0.0,0.33333333333333326,0.0
BNIP3,0.643758199276311,0.29789339978695933,0.0,0.33333333333333326,0.0
BNIP3L,0.50534824876726,0.14212554027282726,0.0,0.33333333333333326,0.0
BOD1,0.5979063782826768,0.5172302897369823,1.0,1.0,0.0
BOD1L1,0.5066586544796243,0.22050376492973947,0.0,0.33333333333333326,0.0
BOK,0.6420071319734802,0.8478450954235573,1.0,1.0,0.0
BOLA2B,0.5927481227617275,0.39876628650524404,1.0,1.0,0.0
BORA,0.6053856098367816,0.6072063048626769,1.0,1.0,0.0
BORCS5,0.5814179056180768,0.29770828014118594,1.0,1.0,0.0
BORCS7,0.49203228081368555,0.3884836677314452,0.0,0.33333333333333326,0.0
BPIFB2,0.46418728956402333,0.16677158395633299,0.0,1.0,0.0
BRAT1,0.6151068042178605,1.0,1.0,1.0,0.0
BRCA1,0.6292640208886097,0.9603255064075313,1.0,1.0,0.0
BRCA2,0.6686461421788608,1.0,1.0,1.0,0.0
BRD2,0.5818826693474078,0.5128592367144063,0.0,1.0,0.0
BRD3,0.5895072126421967,0.49037923965161423,1.0,1.0,0.0
BRD3OS,0.6350452925006538,0.7988474897185242,1.0,1.0,0.0
BRD4,0.5944209107247653,0.38435194256039534,1.0,1.0,0.0
BRD7,0.5793545396795384,0.7551190597733627,1.0,1.0,0.0
BRD8,0.5710204173572911,0.3681752048101067,0.0,1.0,0.0
BRD9,0.581019141660367,0.5675023404563911,1.0,1.0,0.0
BRI3,0.5738994787817532,0.11891236181731787,0.0,1.0,0.0
BRINP3,0.287140794174969,1.0,1.0,1.0,0.0
BRIP1,0.6068596099755386,0.5299123092836199,1.0,1.0,0.0
BRIX1,0.622189453112073,0.502649000449498,1.0,1.0,0.0
BRMS1,0.5676884671721288,0.2588603423751577,1.0,1.0,0.0
BRMS1L,0.5452497494568324,0.06993403827139597,0.0,0.33333333333333326,0.0
BRPF1,0.5729589464618797,0.24999611264145447,1.0,1.0,0.0
BRPF3,0.48427108294752697,0.7837018037564848,0.0,1.0,0.0
BRWD1,0.5447352052185247,0.09450602523342753,0.0,0.33333333333333326,0.0
BRWD3,0.5850009015893791,0.059009312765777595,0.0,1.0,0.0
BSG,0.44490504954703014,0.5778574773001948,0.0,1.0,0.0
BSPRY,0.5661773355514651,0.09661608244468838,0.0,1.0,0.0
BST1,0.4194422192953998,0.5362796365526292,1.0,1.0,0.0
BST2,0.5836763389452398,0.017252036655179784,0.0,0.33333333333333326,0.0
BTBD1,0.5143824818047563,0.2026401008987157,0.0,1.0,0.0
BTBD3,0.4638297901328991,0.5948373445978213,0.0,1.0,0.0
BTBD7,0.49535161371814895,1.0,0.0,0.33333333333333326,0.0
BTD,0.496555078451202,0.8643269677749635,1.0,0.33333333333333326,0.0
BTF3L4,0.6032652511968626,0.6645088760171723,1.0,1.0,0.0
BTG1,0.48205618681967893,0.8645374483328246,0.0,1.0,0.0
BTG2,0.5420705082648537,0.43428147058370603,1.0,0.33333333333333326,0.0
BTG3,0.5733873315190978,0.0584720657736097,0.0,0.33333333333333326,0.0
BTK,0.43027693383158044,0.7950274935660582,1.0,1.0,0.0
BTLA,0.4454870373927481,0.3696376343841585,1.0,1.0,0.0
BTN3A1,0.5522233777992139,0.08143992280371658,0.0,0.33333333333333326,0.0
BTN3A2,0.48821819891734136,0.31515178824354645,0.0,0.33333333333333326,0.0
BTN3A3,0.48032697278895536,0.31705797036039907,0.0,0.33333333333333326,0.0
BTNL3,0.3565672794601934,1.0,1.0,1.0,0.0
BTNL8,0.27930966953870007,0.554706816960025,1.0,1.0,0.0
BUB1,0.6645424361267273,0.7765767478549321,1.0,1.0,0.0
BUB1B,0.6351096911090263,0.5572691318530033,1.0,1.0,0.0
BUB3,0.5876401043438925,1.0,1.0,1.0,0.0
BUD13,0.5779467024330234,0.29162585277649955,0.0,1.0,0.0
BUD23,0.5894365613241335,1.0,1.0,1.0,0.0
BUD31,0.5839304473384321,1.0,1.0,1.0,0.0
BYSL,0.6657509234774625,0.9299690055687019,1.0,1.0,0.0
BZW1,0.5791067277959697,0.1492251764405795,0.0,1.0,0.0
BZW2,0.6035000459866553,0.9409588090297458,1.0,1.0,0.0
C10orf143,0.4580064440166282,0.875691916585927,0.0,1.0,0.0
C11orf58,0.5895903169047869,0.34678984134001567,0.0,1.0,0.0
C11orf71,0.4633008271840385,0.9157304547428845,0.0,0.33333333333333326,0.0
C11orf86,0.36110258359911657,1.0,1.0,1.0,0.0
C11orf96,0.554468155871815,0.2930026881327686,1.0,0.33333333333333326,0.0
C11orf98,0.5646552060507739,0.20171858053856023,1.0,1.0,0.0
C12orf43,0.5863716131133198,0.39762343563850927,0.0,1.0,0.0
C12orf57,0.4767204368967633,0.7821389229884527,1.0,1.0,0.0
C12orf75,0.5934491995538566,0.3654533775606281,0.0,0.33333333333333326,0.0
C12orf76,0.5834492707918538,0.09522179784426726,0.0,1.0,0.0
C14orf132,0.4465735553935772,0.9837789394227071,1.0,1.0,0.0
C15orf40,0.49607177600564484,0.7987849226105853,0.0,1.0,0.0
C16orf46,0.6116035274519231,0.4983317455593719,0.0,1.0,0.0
C16orf54,0.40935584880036,0.6770295379771794,1.0,1.0,0.0
C16orf89,0.3852396307905887,1.0,1.0,1.0,0.0
C16orf95,0.587875870398808,0.28021042706921767,0.0,1.0,0.0
C17orf75,0.6013792060416134,0.7092381066137536,0.0,1.0,0.0
C19orf12,0.5788547758409902,0.10858580132493913,0.0,1.0,0.0
C19orf18,0.4670889202781302,0.6451039461685163,0.0,1.0,0.0
C19orf25,0.5741310126171809,0.3140536926148425,0.0,1.0,0.0
C19orf33,0.43947247430314823,1.0,0.0,1.0,0.0
C19orf53,0.5900375192145253,1.0,1.0,1.0,0.0
C1GALT1,0.6114779206544456,0.8150760019412661,1.0,1.0,0.0
C1GALT1C1,0.580075316402853,0.2866209220528388,0.0,1.0,0.0
C1GALT1C1L,0.6015017572579923,0.1478604234317437,0.0,0.33333333333333326,0.0
C1QA,0.4128381131078962,0.5870652232396222,0.0,1.0,0.0
C1QC,0.4305500214016782,0.4501604878267744,0.0,1.0,0.0
C1QTNF1,0.5868650383039598,0.22125881313858775,0.0,1.0,0.0
C1QTNF12,0.42881367426330924,0.4652536845211953,1.0,1.0,0.0
C1QTNF2,0.4822972248848262,0.045275629672310594,0.0,1.0,0.0
C1QTNF5,0.614884087413095,0.383944492328815,1.0,1.0,0.0
C1QTNF7,0.44722135017755926,0.8495230322886264,1.0,1.0,0.0
C1RL,0.5077558840712457,0.15798595463613405,0.0,0.33333333333333326,0.0
C1orf115,0.3780684209511907,1.0,1.0,1.0,0.0
C1orf174,0.5683204951025449,0.2403930573782842,1.0,1.0,0.0
C1orf198,0.6061673251152947,1.0,1.0,1.0,0.0
C1orf21,0.46066408181747237,1.0,1.0,1.0,0.0
C1orf210,0.43254722744063206,1.0,1.0,1.0,0.0
C1orf216,0.6025526390076481,0.5889716748027156,1.0,1.0,0.0
C1orf226,0.47502429234307214,0.39526184202380327,0.0,1.0,0.0
C1orf35,0.5675904104467351,0.21084383548204752,0.0,1.0,0.0
C1orf52,0.517880855655207,0.05649302935758973,0.0,0.33333333333333326,0.0
C1orf74,0.5347108400279729,0.16380419555950032,0.0,0.33333333333333326,0.0
C2,0.684352497259858,1.0,1.0,1.0,0.0
C22orf39,0.4867902696723141,1.0,1.0,1.0,0.0
C2CD2,0.5955287354465475,0.9311809630221931,1.0,1.0,0.0
C2CD4A,0.865760695575446,1.0,1.0,1.0,0.0
C2orf49,0.6018256007868238,0.5106992111892921,0.0,1.0,0.0
C2orf68,0.5033201812731262,0.2599034599754665,0.0,0.33333333333333326,0.0
C2orf72,0.43476456281895914,1.0,1.0,1.0,0.0
C2orf74,0.445095022816183,0.5783091355915546,0.0,1.0,0.0
C3,0.5446282999719461,0.19135020766509467,0.0,0.33333333333333326,0.0
C3orf38,0.5494689483555577,0.24274336387497258,0.0,0.33333333333333326,0.0
C3orf70,0.41304632107935574,1.0,1.0,1.0,0.0
C3orf80,0.6249671438517631,0.11683892822082732,0.0,0.33333333333333326,0.0
C3orf85,0.3777071464993982,0.9661810128479809,1.0,1.0,0.0
C4BPA,0.7162868513067531,1.0,0.0,1.0,0.0
C4BPB,0.6600294987618683,1.0,0.0,1.0,0.0
C4B_2,0.5918622035604945,0.28104452537171226,0.0,0.33333333333333326,0.0
C4orf33,0.44666915534633317,0.8860201492883281,0.0,1.0,0.0
C5AR1,0.6435151252435003,0.3630822016914873,0.0,0.33333333333333326,0.0
C5orf15,0.5325927383321406,0.4130090374050692,0.0,0.33333333333333326,0.0
C5orf24,0.5814965073421478,0.16018426081665899,0.0,0.33333333333333326,0.0
C5orf34,0.63518026717847,0.8415621158654628,1.0,1.0,0.0
C6,0.4821189245392498,0.1451469156346171,0.0,1.0,0.0
C6orf120,0.4781048264318061,0.6423342520439789,0.0,0.33333333333333326,0.0
C6orf132,0.5917947338815486,0.28390688175396184,0.0,1.0,0.0
C6orf136,0.48194110350427666,0.5964120195462989,0.0,1.0,0.0
C6orf89,0.5213591438535079,0.1953599397914766,1.0,0.33333333333333326,0.0
C7,0.3609312719291557,0.7285371058109851,0.0,1.0,0.0
C7orf25,0.5848041236509313,0.14304868930243442,1.0,1.0,0.0
C8orf33,0.5881380371985174,0.1620805024316661,0.0,1.0,0.0
C8orf76,0.569894499199675,0.2561722739816222,1.0,1.0,0.0
C8orf82,0.5642404722321278,0.1664483004649084,0.0,1.0,0.0
C8orf88,0.39638385818473787,0.7932829114779932,0.0,0.33333333333333326,0.0
C9orf152,0.46837132139180754,0.852099080326533,0.0,1.0,0.0
C9orf72,0.5641872878800057,0.2328170545115478,1.0,0.33333333333333326,0.0
C9orf78,0.5492898713329493,0.013136753936094071,0.0,0.33333333333333326,0.0
CA1,0.02942268472405705,1.0,1.0,1.0,0.0
CA10,0.46810939007080554,0.15661079970552252,0.0,1.0,0.0
CA12,0.3537002905536652,1.0,1.0,1.0,0.0
CA2,0.12522958249182076,1.0,1.0,1.0,0.0
CA4,0.13153610927052695,1.0,1.0,1.0,0.0
CA7,0.22119896703169054,1.0,1.0,1.0,0.0
CA9,0.6193064196015275,0.4602912364122148,1.0,1.0,0.0
CAB39,0.47734461995853095,0.7700063564383819,0.0,0.33333333333333326,0.0
CABLES2,0.6241645427916737,0.9213662829779179,1.0,1.0,0.0
CACFD1,0.5119480252559759,0.1502045494588608,0.0,1.0,0.0
CACNA1D,0.6075254251663851,0.37680376245419805,1.0,1.0,0.0
CACNA1G,0.5033717134504215,0.08149815331074103,0.0,1.0,0.0
CACNA2D3,0.4842422651314157,0.04047205739473104,0.0,1.0,0.0
CACNA2D4,0.4539397121817612,0.47969478963221557,0.0,0.33333333333333326,0.0
CACNB2,0.46559901802473386,0.5276553808001218,0.0,1.0,0.0
CACTIN,0.5723059606893346,0.3858765324782206,0.0,1.0,0.0
CACYBP,0.5911169821033838,0.6719707074615557,1.0,1.0,0.0
CAD,0.6612889595663952,1.0,1.0,1.0,0.0
CADM1,0.4674736564927754,0.5896543339498196,1.0,1.0,0.0
CADM2,0.46162306831721356,0.09438709546326468,0.0,1.0,0.0
CADPS,0.6838450733438394,1.0,1.0,1.0,0.0
CALCOCO2,0.4624578872135577,1.0,0.0,1.0,0.0
CALD1,0.5511947504081257,0.22715782114084332,1.0,0.33333333333333326,0.0
CALHM2,0.5039174264622651,0.02310182983747395,0.0,0.33333333333333326,0.0
CALHM6,0.5330851799580596,0.11452727115055904,0.0,0.33333333333333326,0.0
CALM1,0.4482224145040882,0.5315655364362079,0.0,1.0,0.0
CALM3,0.5125433017245676,0.3956162853793905,1.0,1.0,0.0
CALML4,0.4673910841702406,1.0,1.0,1.0,0.0
CALR,0.5740250072358994,0.2975936293113071,1.0,1.0,0.0
CALU,0.6453139995962495,1.0,0.0,1.0,0.0
CAMK1D,0.47202012440585867,0.2852882628730011,0.0,1.0,0.0
CAMK2D,0.44655683617823433,1.0,0.0,1.0,0.0
CAMK2G,0.5036228530293511,0.22885697930369542,0.0,1.0,0.0
CAMK2N1,0.45917186346900163,1.0,0.0,1.0,0.0
CAMKK1,0.5711598703150633,0.17547829927875697,0.0,1.0,0.0
CAMKMT,0.6074742643467759,0.9912621816843753,1.0,1.0,0.0
CAMLG,0.5957517430433158,1.0,0.0,1.0,0.0
CAMSAP1,0.6155985028903023,0.4419381959162194,0.0,1.0,0.0
CAMSAP2,0.6386862470113271,0.8298126687440684,0.0,1.0,0.0
CAMTA1,0.5084825147075692,0.3239159633235097,0.0,0.33333333333333326,0.0
CAND2,0.4580899512238756,0.6927254333299229,0.0,1.0,0.0
CANX,0.5760413060369612,0.3623060051571613,0.0,1.0,0.0
CAPG,0.5769933963059287,0.46984184383932054,0.0,1.0,0.0
CAPN13,0.3776923028656439,0.6459418153778896,1.0,1.0,0.0
CAPN15,0.5657645275739508,0.03453300043800136,0.0,0.33333333333333326,0.0
CAPN2,0.47113800007963574,1.0,1.0,1.0,0.0
CAPN5,0.4350037124923053,1.0,1.0,1.0,0.0
CAPN7,0.5404198307695496,0.09904122799052327,1.0,0.33333333333333326,0.0
CAPN9,0.3813011787038392,1.0,1.0,1.0,0.0
CAPZA2,0.5487477326523506,0.4613804709146884,0.0,0.33333333333333326,0.0
CARD16,0.4454204378881197,0.4687527159574505,0.0,0.33333333333333326,0.0
CARD6,0.5933800379180204,0.22817011405893864,0.0,1.0,0.0
CARF,0.49037813113655915,0.33213136131851145,0.0,1.0,0.0
CARHSP1,0.5925435616225737,0.6515009110618416,1.0,1.0,0.0
CARM1,0.6068085940373263,0.80178904591758,1.0,1.0,0.0
CARS1,0.579776280367464,0.34622972534521224,1.0,1.0,0.0
CARS2,0.6103671768160952,0.8460391317153435,1.0,1.0,0.0
CARTPT,0.4848190322334781,0.18860498070609355,0.0,1.0,0.0
CASD1,0.422346062393129,1.0,1.0,1.0,0.0
CASK,0.5847071392312496,1.0,1.0,1.0,0.0
CASP1,0.5151456070443162,0.29546853274108476,1.0,0.33333333333333326,0.0
CASP2,0.586253225218501,1.0,1.0,1.0,0.0
CASP5,0.3583307740553786,0.5456693914694031,0.0,1.0,0.0
CASP7,0.42222054318055086,1.0,1.0,1.0,0.0
CASP8AP2,0.5688718499961335,0.041650573466423695,0.0,0.33333333333333326,0.0
CASP9,0.5314097705868845,0.4742492970802804,1.0,0.33333333333333326,0.0
CASQ2,0.4074192645237276,0.15201690816059532,0.0,1.0,0.0
CASS4,0.4800104271769073,0.622432342612213,0.0,1.0,0.0
CAST,0.4658944065526941,1.0,0.0,0.33333333333333326,0.0
CASZ1,0.5123345713267905,0.3736130126266635,0.0,0.33333333333333326,0.0
CAT,0.47220163504976426,0.8949790552230563,0.0,1.0,0.0
CATSPERB,0.5374393501494209,0.12401656377797612,0.0,0.33333333333333326,0.0
CAV1,0.45563815817832515,0.6847966863717114,0.0,1.0,0.0
CAV2,0.4868321832422128,0.25795121159572115,0.0,0.33333333333333326,0.0
CAVIN1,0.5277787700778722,0.17868302709310702,0.0,0.33333333333333326,0.0
CAVIN2,0.39852563919812645,1.0,1.0,1.0,0.0
CBFA2T2,0.5876468365611832,0.14197064892033123,0.0,1.0,0.0
CBFA2T3,0.4727530056373521,0.9317014947679754,0.0,0.33333333333333326,0.0
CBFB,0.6545262868529456,1.0,1.0,1.0,0.0
CBL,0.571372785094767,0.28656190326268577,0.0,0.33333333333333326,0.0
CBLC,0.5429669085024525,0.08753424910587414,0.0,0.33333333333333326,0.0
CBLIF,0.6191156126597824,0.12859061664375682,0.0,1.0,0.0
CBLL1,0.5968348754656874,0.8238539446056746,0.0,1.0,0.0
CBLN2,0.4114032754272202,1.0,1.0,1.0,0.0
CBR1,0.48577816674335833,0.37023520452942543,1.0,1.0,0.0
CBR3,0.6247569637999615,0.7464552853078372,0.0,1.0,0.0
CBR4,0.4887297206180982,0.6686976430266471,1.0,1.0,0.0
CBX1,0.5772316746777119,0.4436822655045043,0.0,1.0,0.0
CBX3,0.6282103540706815,1.0,1.0,1.0,0.0
CBX4,0.6574837158580302,1.0,1.0,1.0,0.0
CBX7,0.4540338943598869,0.8460914929114701,1.0,1.0,0.0
CBX8,0.6091019301903032,0.7406614678791706,1.0,1.0,0.0
CC2D2A,0.5218248040318011,0.4690670372464321,0.0,0.33333333333333326,0.0
CCAR1,0.5958274213838848,0.26913742086367753,0.0,0.33333333333333326,0.0
CCDC107,0.48586753839354235,0.4556799646484342,1.0,1.0,0.0
CCDC110,0.4391964478243806,0.3686958167872484,1.0,1.0,0.0
CCDC112,0.489283397475408,0.6284276937901317,0.0,0.33333333333333326,0.0
CCDC124,0.6164314216128592,0.41587119254806637,1.0,1.0,0.0
CCDC13,0.4772136204325696,0.47550892590527144,0.0,1.0,0.0
CCDC134,0.5940522788870384,0.20658404672239508,0.0,1.0,0.0
CCDC137,0.5921739119680184,0.6456648531948181,1.0,1.0,0.0
CCDC138,0.5977877402571722,0.046963634708327984,0.0,1.0,0.0
CCDC159,0.485632070791246,0.13948708865115,1.0,1.0,0.0
CCDC167,0.6239358772389759,0.7776216313975068,1.0,1.0,0.0
CCDC17,0.4546593524293695,0.9952039417917842,0.0,1.0,0.0
CCDC178,0.4647747764185274,0.5896913220209411,0.0,1.0,0.0
CCDC186,0.4812147705766254,0.4505742295822039,0.0,0.33333333333333326,0.0
CCDC191,0.5382234718291249,0.14936230953717744,0.0,0.33333333333333326,0.0
CCDC22,0.575017420230121,0.32169664061149855,0.0,1.0,0.0
CCDC25,0.4962707578041603,0.5439781292511576,0.0,0.33333333333333326,0.0
CCDC28A,0.4766744499638445,1.0,0.0,0.33333333333333326,0.0
CCDC3,0.6605948164060663,0.6000496779991956,0.0,1.0,0.0
CCDC30,0.49813077363968566,0.05750338814389695,0.0,1.0,0.0
CCDC32,0.4901982130796043,0.687757287929005,0.0,1.0,0.0
CCDC34,0.6039612367139283,0.46269966077315516,1.0,1.0,0.0
CCDC43,0.5946001064488329,0.6316903788699805,0.0,1.0,0.0
CCDC50,0.5040529153948525,0.5281664687211437,0.0,0.33333333333333326,0.0
CCDC51,0.5901810025170678,0.5235722758977326,0.0,1.0,0.0
CCDC57,0.5823816530191411,0.3658356481653216,1.0,0.33333333333333326,0.0
CCDC59,0.612381466488286,1.0,0.0,1.0,0.0
CCDC6,0.5754922016335845,0.18574075468091988,0.0,0.33333333333333326,0.0
CCDC68,0.3563445454167086,1.0,1.0,1.0,0.0
CCDC69,0.4247398781317524,0.7456914558424342,1.0,1.0,0.0
CCDC71L,0.622995369730376,0.635471922344333,0.0,1.0,0.0
CCDC74B,0.6374302662399403,0.4456341353801012,0.0,1.0,0.0
CCDC77,0.5754914301088789,0.11611291134802665,1.0,1.0,0.0
CCDC85B,0.6518143740665201,0.934664318896913,1.0,1.0,0.0
CCDC86,0.6490192112493313,1.0,1.0,1.0,0.0
CCDC90B,0.5764352555260054,0.2377181689169606,0.0,0.33333333333333326,0.0
CCDC92,0.5738592277119272,0.3527392458951562,0.0,1.0,0.0
CCDC9B,0.47222892942683353,0.429025960974985,1.0,1.0,0.0
CCL13,0.37777794219699545,0.6419920827488919,1.0,1.0,0.0
CCL19,0.34431948746702457,0.9260221810374324,1.0,1.0,0.0
CCL20,0.7187101280904273,0.438572038705987,0.0,1.0,0.0
CCL21,0.3749054150403949,1.0,0.0,1.0,0.0
CCL23,0.32971647254671205,0.932264149836815,1.0,1.0,0.0
CCL24,0.6853731973841845,0.2937566980522922,0.0,1.0,0.0
CCL26,0.5961442353311143,0.12025309411820329,0.0,1.0,0.0
CCL28,0.37878528033952563,1.0,1.0,1.0,0.0
CCL3L3,0.6270192003244232,0.24947787176446515,0.0,1.0,0.0
CCL4,0.6396989889655904,0.5352986120823153,0.0,0.33333333333333326,0.0
CCL5,0.4180927373808701,0.764345135205009,1.0,1.0,0.0
CCL8,0.3727975715383206,0.8875177218229241,1.0,1.0,0.0
CCM2,0.5541147790311065,0.08212690172660983,0.0,0.33333333333333326,0.0
CCN1,0.6446944971337373,1.0,1.0,0.33333333333333326,0.0
CCN2,0.5831659778166549,0.7028404504083694,1.0,0.33333333333333326,0.0
CCN4,0.7295810241954037,1.0,1.0,1.0,0.0
CCN6,0.586823110304631,0.19397615862275616,1.0,0.33333333333333326,0.0
CCNA2,0.621725808670755,0.44363124855819835,1.0,1.0,0.0
CCNB1,0.6584839798982229,0.6927212996462607,1.0,1.0,0.0
CCNB1IP1,0.6141378652605657,0.8110110654306047,1.0,1.0,0.0
CCNB2,0.6100661632281299,0.681463652945786,1.0,1.0,0.0
CCND1,0.6707054914303414,0.803667193633324,1.0,1.0,0.0
CCNDBP1,0.4360391647449038,1.0,0.0,1.0,0.0
CCNE1,0.6551757193210869,1.0,1.0,1.0,0.0
CCNE2,0.6164366319289167,0.5348663456837311,1.0,1.0,0.0
CCNF,0.6418775974562849,1.0,1.0,1.0,0.0
CCNG1,0.48892396732319204,0.4154240046382018,0.0,1.0,0.0
CCNG2,0.4783246009464087,0.4587818411713996,0.0,0.33333333333333326,0.0
CCNH,0.577969258993806,0.7784701806929402,0.0,0.33333333333333326,0.0
CCNI,0.575297493359204,0.36308385570084734,0.0,0.33333333333333326,0.0
CCNJ,0.6025428354682171,0.6062344235598904,1.0,1.0,0.0
CCNJL,0.47237005230677515,0.8260232689321394,1.0,1.0,0.0
CCNL1,0.5338636105812913,0.3808587968732332,0.0,0.33333333333333326,0.0
CCNO,0.609994708790163,1.0,1.0,1.0,0.0
CCNQ,0.5869314941293514,0.6663080472935494,1.0,1.0,0.0
CCNT1,0.5822140870514583,0.42579618640941597,0.0,1.0,0.0
CCNT2,0.5074616777899426,0.6428573211793059,0.0,1.0,0.0
CCNYL1,0.4419479417286919,1.0,0.0,1.0,0.0
CCP110,0.5869734709998508,0.44205769508846954,0.0,1.0,0.0
CCPG1,0.4732726720482,1.0,0.0,0.33333333333333326,0.0
CCR10,0.442467920355071,0.31151070825020877,1.0,1.0,0.0
CCR2,0.420229002534917,0.4757843678851212,1.0,1.0,0.0
CCR5,0.4886815414183394,0.20524528995277888,0.0,1.0,0.0
CCR7,0.4448093114867955,0.3400954528799686,0.0,0.33333333333333326,0.0
CCRL2,0.48978184107769646,0.6688128271934879,0.0,0.33333333333333326,0.0
CCS,0.5057517681283242,0.5018297597181193,0.0,1.0,0.0
CCSAP,0.621237450860826,0.77081444040217,1.0,1.0,0.0
CCSER2,0.5590900239974321,0.28750586178418946,1.0,0.33333333333333326,0.0
CCT2,0.6063658636594831,0.7194794846353356,1.0,1.0,0.0
CCT4,0.6095412266439018,0.8110737810027059,1.0,1.0,0.0
CCT5,0.607225843570875,1.0,1.0,1.0,0.0
CCT6A,0.6285887844181582,1.0,1.0,1.0,0.0
CCT6B,0.585445393021009,0.3843890933871586,1.0,1.0,0.0
CCT7,0.6059556122200864,1.0,1.0,1.0,0.0
CCT8,0.587105776477912,0.5483022794847201,1.0,1.0,0.0
CCZ1B,0.5755369330478827,0.33443599782582634,1.0,1.0,0.0
CD14,0.4487808847676316,0.49215282061781873,1.0,1.0,0.0
CD160,0.3669606899253753,0.9884386207538897,1.0,1.0,0.0
CD163,0.4524022539127134,0.5522924252046627,0.0,1.0,0.0
CD163L1,0.38184331245877157,0.7808067608276799,1.0,1.0,0.0
CD164,0.48201609904090253,1.0,0.0,0.33333333333333326,0.0
CD177,0.16435738666680466,1.0,1.0,1.0,0.0
CD19,0.4714397643911413,0.07261393255738877,0.0,1.0,0.0
CD1C,0.48298113170902723,0.38896088000837786,1.0,1.0,0.0
CD1D,0.3930278543716248,0.8245773400908902,1.0,1.0,0.0
CD1E,0.4601076400832875,0.21798646983995418,0.0,1.0,0.0
CD2,0.465869410133669,0.37089591791317544,0.0,1.0,0.0
CD200,0.48336931805841865,0.19579745121920014,0.0,0.33333333333333326,0.0
CD200R1,0.47756254979800605,0.6777892332512714,0.0,1.0,0.0
CD209,0.44871349504732677,0.5202779811015125,0.0,1.0,0.0
CD22,0.4687413088779995,0.5433175442133406,0.0,1.0,0.0
CD226,0.466352814996471,0.35848153639060665,0.0,1.0,0.0
CD247,0.473914190156679,0.32205499973239254,0.0,0.33333333333333326,0.0
CD248,0.6026320499389105,0.29712268298825206,0.0,1.0,0.0
CD27,0.4093826709961562,0.7545898082697795,1.0,1.0,0.0
CD274,0.5672723222158409,0.49102665738093426,0.0,0.33333333333333326,0.0
CD276,0.6016739849700866,0.8345152450780067,1.0,1.0,0.0
CD28,0.47348669013650047,0.3410009229812095,0.0,1.0,0.0
CD2AP,0.47273651473140127,0.936314737008176,0.0,0.33333333333333326,0.0
CD2BP2,0.569155052377358,0.10714277552611312,0.0,1.0,0.0
CD300A,0.4793232139898941,0.06433557296717694,0.0,0.33333333333333326,0.0
CD320,0.6024576968278595,0.44574458541941137,1.0,1.0,0.0
CD33,0.4395764225700037,0.46516829611450955,0.0,1.0,0.0
CD36,0.3137368291752523,1.0,1.0,1.0,0.0
CD37,0.4212508833548528,0.46494049419147737,1.0,1.0,0.0
CD3D,0.436472962539485,0.48916705267495747,0.0,1.0,0.0
CD3E,0.4896389563613745,0.2717384081172138,0.0,1.0,0.0
CD4,0.4871655830549516,0.17660003780577513,0.0,1.0,0.0
CD40,0.5611022544329013,0.5963261125216492,0.0,0.33333333333333326,0.0
CD40LG,0.48110323299363245,0.039784591498330815,0.0,1.0,0.0
CD44,0.6370047014417046,0.6379864827521647,0.0,1.0,0.0
CD46,0.5945588362026557,0.7821042925941091,1.0,1.0,0.0
CD47,0.6048509711034737,0.8939992295671612,1.0,1.0,0.0
CD48,0.39747091597385137,0.871347140017411,1.0,1.0,0.0
CD52,0.4224275502593443,0.4740574492603874,1.0,1.0,0.0
CD53,0.4591654144327956,0.3301181539846751,0.0,0.33333333333333326,0.0
CD55,0.6417152518872193,1.0,0.0,1.0,0.0
CD58,0.4960555371243129,0.8450858324331156,0.0,0.33333333333333326,0.0
CD59,0.48157729594709847,0.7592678003660867,0.0,1.0,0.0
CD63,0.5134797890212882,0.5334960189913669,0.0,0.33333333333333326,0.0
CD69,0.4109241128177521,0.46332350764511987,0.0,0.33333333333333326,0.0
CD7,0.48453429982333224,0.5147924603223809,1.0,1.0,0.0
CD79A,0.4428379999491757,0.532157233848163,1.0,1.0,0.0
CD79B,0.4391347693526944,0.5009478737034471,1.0,1.0,0.0
CD81,0.6251267575823507,0.9202459058327737,1.0,1.0,0.0
CD83,0.5570474414878686,0.3916332573745842,1.0,0.33333333333333326,0.0
CD8A,0.40682433657554395,0.613382133397494,0.0,1.0,0.0
CD9,0.5255618858008143,0.6941505442753523,0.0,0.33333333333333326,0.0
CD96,0.4378971754945966,0.7546831729914004,1.0,1.0,0.0
CDA,0.3287334828204718,1.0,0.0,1.0,0.0
CDADC1,0.6181140778957049,0.7017094153369392,1.0,1.0,0.0
CDC123,0.5967152957247995,1.0,1.0,1.0,0.0
CDC14A,0.4634565764221873,1.0,1.0,1.0,0.0
CDC16,0.5998156533757076,1.0,1.0,1.0,0.0
CDC20,0.6491011597011643,1.0,1.0,1.0,0.0
CDC25A,0.6899500531251213,0.6898284329138171,0.0,1.0,0.0
CDC25B,0.7237763221310864,1.0,1.0,1.0,0.0
CDC25C,0.6280267941741119,0.6156298638691825,1.0,1.0,0.0
CDC27,0.6069014180832231,0.36397435313134774,0.0,1.0,0.0
CDC34,0.5973355925742216,0.9841146135269964,1.0,1.0,0.0
CDC42EP1,0.5818916521464801,0.20977705582665837,0.0,1.0,0.0
CDC42EP2,0.6260433731316479,1.0,0.0,1.0,0.0
CDC42EP3,0.5127895827206318,0.5265444333670491,1.0,0.33333333333333326,0.0
CDC42EP5,0.44820850779274674,1.0,0.0,1.0,0.0
CDC42SE2,0.46134283104851814,1.0,0.0,1.0,0.0
CDC45,0.6545566593079344,0.5645416325311455,1.0,1.0,0.0
CDC50B,0.42909886944280823,1.0,0.0,1.0,0.0
CDC5L,0.5903497995715471,0.22031902237247525,0.0,1.0,0.0
CDC6,0.6739231472757853,0.9097386329971427,1.0,1.0,0.0
CDC7,0.6077014659056564,0.43190451857083734,1.0,1.0,0.0
CDCA2,0.6146726865070027,0.30376388688425854,1.0,1.0,0.0
CDCA3,0.6627631878589528,0.9400811123955398,1.0,1.0,0.0
CDCA4,0.6366650475834593,1.0,1.0,1.0,0.0
CDCA5,0.6748434299783495,1.0,1.0,1.0,0.0
CDCA7,0.6512967789951921,1.0,1.0,1.0,0.0
CDCA8,0.6171676478825608,0.7424889376264378,1.0,1.0,0.0
CDH11,0.6246864497525492,0.5461747357617256,1.0,1.0,0.0
CDH19,0.3064021195691441,1.0,1.0,1.0,0.0
CDH2,0.5429653367504511,0.017876247700616747,0.0,0.33333333333333326,0.0
CDH3,1.0,1.0,1.0,1.0,0.0
CDH4,0.4947335071944031,0.3548791599032995,0.0,1.0,0.0
CDHR1,0.4728429490667487,0.07936467701123828,0.0,0.33333333333333326,0.0
CDHR2,0.41100823762290933,1.0,1.0,1.0,0.0
CDHR5,0.35405850529619753,1.0,1.0,1.0,0.0
CDIN1,0.60562450542335,0.14597839312353827,0.0,1.0,0.0
CDIP1,0.5124127862517734,0.09583033027543698,0.0,0.33333333333333326,0.0
CDIPT,0.55779597733116,0.14656655541607985,0.0,1.0,0.0
CDK1,0.6774456364051923,0.8535500382353317,1.0,1.0,0.0
CDK12,0.6211738674169016,0.685230000685798,0.0,1.0,0.0
CDK16,0.5777104650150184,0.5817743610038792,1.0,1.0,0.0
CDK2,0.6157588820829981,1.0,1.0,1.0,0.0
CDK20,0.4849449268681597,0.4401034228102458,1.0,1.0,0.0
CDK2AP1,0.5925440934193213,0.9819959172027413,1.0,1.0,0.0
CDK4,0.6397123125550205,1.0,1.0,1.0,0.0
CDK5,0.6072904242902654,1.0,1.0,1.0,0.0
CDK5R1,0.6038396622955688,0.2785295188137598,0.0,1.0,0.0
CDK5RAP1,0.6155973309363918,0.8647099716240174,1.0,1.0,0.0
CDK7,0.6034489769379876,0.48355173320783,0.0,1.0,0.0
CDK8,0.6122497071616317,1.0,1.0,1.0,0.0
CDKL1,0.44379912041132086,1.0,1.0,1.0,0.0
CDKL2,0.44782651734152307,0.5324188181046654,1.0,1.0,0.0
CDKN1A,0.4629474950571008,0.6386695889703784,1.0,1.0,0.0
CDKN2A,0.5962164323343754,0.6098815475139368,0.0,1.0,0.0
CDKN2AIP,0.4930672927667023,0.43869510198028755,0.0,1.0,0.0
CDKN2B,0.27820356628402154,1.0,1.0,1.0,0.0
CDKN2C,0.49015806865413775,0.39484323590426784,0.0,0.33333333333333326,0.0
CDKN3,0.6378021052522067,0.6888262713248056,1.0,1.0,0.0
CDR2L,0.6301516634513664,1.0,1.0,1.0,0.0
CDS1,0.46684256168935867,1.0,0.0,1.0,0.0
CDS2,0.5659015046363242,0.1422273904150108,1.0,0.33333333333333326,0.0
CDT1,0.6341125086296016,1.0,1.0,1.0,0.0
CDV3,0.5728251838453304,0.191264015117901,0.0,0.33333333333333326,0.0
CDX1,0.499591850544351,0.12783380520111845,0.0,1.0,0.0
CDYL2,0.5801112085209915,0.18280756384440988,0.0,1.0,0.0
CEACAM1,0.4264080480712161,1.0,1.0,1.0,0.0
CEACAM5,0.5612763334355466,0.6028942700841267,0.0,0.33333333333333326,0.0
CEACAM6,0.6096617158906853,0.7543383454169804,1.0,1.0,0.0
CEACAM7,0.29136432371681503,1.0,1.0,1.0,0.0
CEBPB,0.6659696556130341,1.0,1.0,1.0,0.0
CEBPD,0.5563720224380562,0.3908785909498068,1.0,0.33333333333333326,0.0
CEBPZ,0.5817941714717773,0.9157795514652736,1.0,1.0,0.0
CEBPZOS,0.5691563935843575,0.3324224363971977,0.0,1.0,0.0
CECR2,0.5339869215746565,0.0824335965299478,0.0,0.33333333333333326,0.0
CEL,0.7399101890203128,0.7006805926715975,1.0,1.0,0.0
CELA3B,0.4762611175165403,0.2735679702235752,0.0,0.0,0.0
CELF2,0.527178070905131,0.0849795824387443,0.0,0.33333333333333326,0.0
CELSR1,0.6174068318232755,0.7531216590395179,1.0,1.0,0.0
CELSR2,0.5853406622752897,0.5363647020090853,1.0,1.0,0.0
CELSR3,0.6308075575292118,0.6073192065008214,1.0,1.0,0.0
CEMIP,0.9456528638635263,1.0,1.0,1.0,0.0
CENPA,0.5933588785604431,0.624381240275958,1.0,1.0,0.0
CENPB,0.6041304700998332,0.41375819573650513,0.0,1.0,0.0
CENPC,0.4992016853818905,0.4177174862547214,0.0,0.33333333333333326,0.0
CENPE,0.615188925962961,0.5185936593792003,1.0,1.0,0.0
CENPF,0.6420901405952094,0.9975347056296591,1.0,1.0,0.0
CENPH,0.6103002142615579,0.3492536108930479,1.0,1.0,0.0
CENPI,0.6606150357077927,0.804124769855702,1.0,1.0,0.0
CENPK,0.6021911915168728,0.2304205541004514,1.0,1.0,0.0
CENPL,0.5974864131891319,0.38387443330289694,1.0,1.0,0.0
CENPM,0.5795633308224338,0.08896785737195437,0.0,1.0,0.0
CENPN,0.6748429335406589,0.6935909924969276,1.0,1.0,0.0
CENPO,0.5861805492921475,0.27664097806183274,1.0,1.0,0.0
CENPQ,0.6100510584657891,0.3638613088386896,1.0,1.0,0.0
CENPU,0.6025845701003397,0.31314862671557037,1.0,1.0,0.0
CENPW,0.6343156201485934,0.6121087341466551,1.0,1.0,0.0
CEP104,0.5778614392402128,0.4015401396953392,0.0,1.0,0.0
CEP112,0.6060751760482996,0.5545558162542403,0.0,0.33333333333333326,0.0
CEP120,0.5788188927833754,0.14085827984190827,0.0,0.33333333333333326,0.0
CEP126,0.5046989645861583,0.43509348108321605,1.0,0.33333333333333326,0.0
CEP131,0.6394780333160547,0.4064213580042369,0.0,1.0,0.0
CEP164,0.6085314210899795,0.8281407377219087,1.0,1.0,0.0
CEP19,0.6094437512265923,0.8331567895338984,0.0,0.33333333333333326,0.0
CEP192,0.4883845172090378,0.44406157124169593,0.0,0.33333333333333326,0.0
CEP20,0.5776899285707154,0.5253206656459051,1.0,1.0,0.0
CEP295,0.6008298837183973,0.33534047081387086,0.0,1.0,0.0
CEP41,0.6256373263353932,0.40100266086813113,1.0,1.0,0.0
CEP43,0.5824185628789076,0.3618479984465836,1.0,1.0,0.0
CEP55,0.6820302831849383,0.9842003224920471,1.0,1.0,0.0
CEP57L1,0.4935262772115607,0.17029009960461639,0.0,0.33333333333333326,0.0
CEP68,0.5309920152830399,0.06363346773192924,0.0,0.33333333333333326,0.0
CEP70,0.4410745231104447,1.0,0.0,1.0,0.0
CEP72,0.651654783363909,0.88012411867629,1.0,1.0,0.0
CEP76,0.5774338145868421,0.05346576636886474,0.0,1.0,0.0
CEP78,0.5883506609221096,0.5259352579603169,1.0,1.0,0.0
CEP83,0.5956986033028547,0.5690367923596419,1.0,1.0,0.0
CEP85,0.5964310067815516,0.07475107938595865,0.0,1.0,0.0
CEP85L,0.45052351699310184,0.9314097183351324,0.0,1.0,0.0
CEP97,0.5748918230497294,0.0434734121670088,0.0,0.33333333333333326,0.0
CERCAM,0.6241189205275778,0.1818374541748546,0.0,1.0,0.0
CERK,0.4683149722573038,0.6838718120376055,1.0,1.0,0.0
CERS2,0.5874256606791337,1.0,1.0,1.0,0.0
CERS5,0.6082848214963056,0.6347686072262333,0.0,0.33333333333333326,0.0
CERT1,0.5018585774408498,0.45781056724561936,0.0,1.0,0.0
CES2,0.40599209878104575,1.0,1.0,1.0,0.0
CES3,0.36771247367164606,1.0,1.0,1.0,0.0
CETN2,0.6189217013585733,1.0,1.0,1.0,0.0
CFAP119,0.46577657946784035,0.3303842888079194,0.0,1.0,0.0
CFAP20,0.6027826693996953,0.7706175819691604,0.0,1.0,0.0
CFAP20DC,0.6660585701075431,0.3556572563588843,0.0,1.0,0.0
CFAP263,0.6635472492679365,1.0,1.0,1.0,0.0
CFAP298,0.5910018648033559,1.0,1.0,1.0,0.0
CFAP300,0.5811715150584382,0.15059575797305563,0.0,1.0,0.0
CFAP36,0.5872358618235837,0.5228740803147284,0.0,1.0,0.0
CFAP410,0.4967594718964976,0.222111048099658,0.0,1.0,0.0
CFAP68,0.6045571486097616,0.4850378716751535,0.0,1.0,0.0
CFAP92,0.6313508609445202,0.38804436179959684,0.0,0.33333333333333326,0.0
CFAP97,0.629899489654739,0.918692639875341,1.0,1.0,0.0
CFB,0.6615963112503593,1.0,1.0,1.0,0.0
CFD,0.3649253696962078,1.0,1.0,1.0,0.0
CFDP1,0.481410515089423,0.8009119613645418,0.0,1.0,0.0
CFH,0.3916366017017818,1.0,1.0,1.0,0.0
CFHR1,0.4319128856156478,1.0,1.0,1.0,0.0
CFI,0.6991711591699814,1.0,0.0,1.0,0.0
CFL1,0.5325157896961092,0.21239777273265584,0.0,0.33333333333333326,0.0
CFL2,0.44466363215290045,0.7185574529774317,0.0,1.0,0.0
CFLAR,0.5751800238555721,0.4717739512806263,0.0,0.33333333333333326,0.0
CGGBP1,0.514644232932735,0.10992424865709319,0.0,0.33333333333333326,0.0
CGN,0.46633453890827936,0.6589994284699475,0.0,1.0,0.0
CGREF1,0.6776815952859104,0.4882006101038407,1.0,1.0,0.0
CGRRF1,0.46565794557896517,0.9324579162195715,0.0,1.0,0.0
CH25H,0.5707814056514311,0.773365627418745,1.0,0.33333333333333326,0.0
CHAC1,0.6317615543992153,0.7646996904067129,1.0,1.0,0.0
CHAD,0.4332420126614354,0.28393335920460927,0.0,1.0,0.0
CHAF1A,0.5945317411614404,0.7688981098147732,1.0,1.0,0.0
CHAF1B,0.6084935470885662,0.585288177984208,1.0,1.0,0.0
CHAMP1,0.5746595472192726,0.7376647267388273,1.0,1.0,0.0
CHCHD10,0.46296652743305317,1.0,0.0,1.0,0.0
CHCHD2,0.576750830965366,0.9449914507663651,1.0,1.0,0.0
CHCHD6,0.6161052936602913,0.7743008639002252,1.0,1.0,0.0
CHCHD7,0.5931035085549655,0.8403041555844313,1.0,1.0,0.0
CHCT1,0.36602586919621527,0.6150583844695918,0.0,1.0,0.0
CHD1L,0.566957800588326,0.232996723432334,1.0,1.0,0.0
CHD3,0.5078544367542996,0.04961812208143044,0.0,1.0,0.0
CHD4,0.5960446043219257,0.7997727338076446,0.0,1.0,0.0
CHD6,0.5981152202345588,0.6343833226789601,1.0,1.0,0.0
CHD7,0.6067767054770627,0.6433069201560997,1.0,1.0,0.0
CHD9,0.49074206634253215,0.5767060639888856,0.0,0.33333333333333326,0.0
CHDH,0.588602615484634,0.13786394579286637,1.0,1.0,0.0
CHEK1,0.6421208059468388,0.7841403455117727,1.0,1.0,0.0
CHEK2,0.6195887050823655,0.6359713037501789,1.0,1.0,0.0
CHERP,0.6038795541768254,1.0,1.0,1.0,0.0
CHFR,0.471049400639038,0.9974656831592907,0.0,1.0,0.0
CHGA,0.23023260846041554,1.0,1.0,1.0,0.0
CHGB,0.36847781682062114,1.0,1.0,1.0,0.0
CHI3L1,0.8224620002217636,1.0,1.0,1.0,0.0
CHIC1,0.5114317125076925,0.07725538434297757,0.0,0.33333333333333326,0.0
CHID1,0.5619212023396963,0.11872458023150519,1.0,1.0,0.0
CHKB,0.48648485343023923,0.39712004820971264,0.0,1.0,0.0
CHL1,0.3744677869426509,1.0,1.0,1.0,0.0
CHLSN,0.5950154819159785,0.43206822888457136,1.0,1.0,0.0
CHML,0.5966925117894055,0.5243267696890774,1.0,1.0,0.0
CHMP1B,0.43611525801455947,1.0,1.0,1.0,0.0
CHMP2A,0.4957023194238141,0.691986112812462,1.0,1.0,0.0
CHMP2B,0.47602578352123914,0.8019746697553642,0.0,0.33333333333333326,0.0
CHMP4C,0.576019589342511,0.1078381934800484,1.0,1.0,0.0
CHMP5,0.4775585523744879,1.0,0.0,0.33333333333333326,0.0
CHN1,0.6496761143844052,0.4785566515682998,1.0,1.0,0.0
CHODL,0.45825488706147355,0.952189027921514,1.0,1.0,0.0
CHORDC1,0.5864610976679604,0.2994175314674278,1.0,1.0,0.0
CHP1,0.44904835044139735,1.0,0.0,1.0,0.0
CHP2,0.18401813174363632,1.0,1.0,1.0,0.0
CHPF,0.6174936471425754,0.6407470207171836,0.0,1.0,0.0
CHPF2,0.5879205392582691,0.47726436863335603,1.0,1.0,0.0
CHPT1,0.506796665463583,0.22492575208189064,0.0,1.0,0.0
CHRAC1,0.5582621063898544,0.22191904242878258,0.0,1.0,0.0
CHRDL1,0.33872910029334763,1.0,1.0,1.0,0.0
CHRM2,0.34223213016791654,1.0,0.0,1.0,0.0
CHRNA3,0.43147553588107823,0.7802564793281868,0.0,1.0,0.0
CHRNA5,0.5779861246799354,0.1831335907766141,1.0,1.0,0.0
CHRNB1,0.47634153726997946,0.2790051051981729,0.0,1.0,0.0
CHST12,0.5863134310650734,0.08817090320623105,0.0,1.0,0.0
CHST14,0.5935962692626291,0.49206801866159416,0.0,1.0,0.0
CHST4,0.6167560853832205,0.464485996982135,0.0,1.0,0.0
CHST5,0.3531605660621568,1.0,1.0,1.0,0.0
CHST9,0.43849662395154015,0.4468955840722454,0.0,1.0,0.0
CHSY1,0.6350329581751581,0.8827122715133904,0.0,1.0,0.0
CHTF18,0.6033495578332716,0.9726432829737498,1.0,1.0,0.0
CHUK,0.5606023782235023,0.14155550489512916,0.0,0.33333333333333326,0.0
CIAO1,0.5692184177158406,0.6532414068973073,0.0,1.0,0.0
CIAO2A,0.49467503356433556,1.0,0.0,1.0,0.0
CIAO2B,0.5694548509285622,0.2601071688867343,0.0,1.0,0.0
CIAPIN1,0.5839993626273636,0.5894144491252155,1.0,1.0,0.0
CIB1,0.48639601415486644,1.0,0.0,1.0,0.0
CIB2,0.5034553797233501,0.06624842333327133,0.0,1.0,0.0
CIBAR1,0.6939560672021294,0.790988120985575,1.0,1.0,0.0
CIC,0.5586978308549989,0.05316051677433129,0.0,1.0,0.0
CIDEB,0.4093004507808613,1.0,1.0,1.0,0.0
CIDEC,0.42773079064055985,0.7658897588216018,1.0,1.0,0.0
CILP,0.3969200566864292,1.0,0.0,1.0,0.0
CIMAP1B,0.5743104280980128,0.4523934541517925,0.0,1.0,0.0
CIMAP2,0.46784821557412887,0.2654985432227611,0.0,1.0,0.0
CIMIP2C,0.5683099338875043,0.21846458576990807,1.0,0.33333333333333326,0.0
CIP2A,0.646110536482166,0.668987344939212,1.0,1.0,0.0
CIPC,0.4447948404775342,0.9473477262172812,1.0,1.0,0.0
CIRBP,0.48385926323634076,0.8070261681972176,0.0,0.33333333333333326,0.0
CISH,0.565578631433725,0.23497256185243773,0.0,1.0,0.0
CITED2,0.4147546341855512,1.0,1.0,1.0,0.0
CITED4,0.6194617435741375,0.2940106363970739,0.0,1.0,0.0
CIZ1,0.596103755856609,0.2401867493515083,0.0,0.33333333333333326,0.0
CKAP2,0.5720441228578865,1.0,1.0,0.33333333333333326,0.0
CKAP2L,0.6467753981077083,0.4661422736740104,1.0,1.0,0.0
CKAP5,0.6216219275473582,0.9853860392547563,1.0,1.0,0.0
CKB,0.38374507692373744,1.0,1.0,1.0,0.0
CKLF,0.5773257582392993,0.8360865468679163,1.0,1.0,0.0
CKMT1A,0.4378063933489986,1.0,1.0,1.0,0.0
CKMT2,0.6596250048079952,0.8198555730330432,1.0,1.0,0.0
CKS1B,0.6214337352115025,0.9668846551600341,1.0,1.0,0.0
CKS2,0.657770328371561,0.6295994800067866,1.0,1.0,0.0
CLASP2,0.5630213414080851,0.3186346062585866,1.0,0.33333333333333326,0.0
CLBA1,0.6253836066321291,0.6278405648629858,0.0,1.0,0.0
CLCA1,0.21772755638413183,1.0,1.0,1.0,0.0
CLCA4,0.014851406665985358,1.0,1.0,1.0,0.0
CLCC1,0.5818930830763832,0.40739330206090457,0.0,1.0,0.0
CLCF1,0.579985458316102,0.02413993762236666,0.0,0.33333333333333326,0.0
CLCN2,0.4876110244305671,0.1844243073042597,0.0,1.0,0.0
CLCN4,0.72603670854674,0.5953896310352245,0.0,0.33333333333333326,0.0
CLCN5,0.6016703321423409,0.8769036531875775,1.0,1.0,0.0
CLCN6,0.5649698236988189,0.2355472533811931,0.0,0.33333333333333326,0.0
CLCN7,0.5754416484349802,0.5881603466826864,1.0,1.0,0.0
CLDN1,0.8688261177956855,1.0,1.0,1.0,0.0
CLDN12,0.5848524113298493,0.3005396308673016,1.0,1.0,0.0
CLDN2,0.7568208955534613,1.0,1.0,1.0,0.0
CLDN23,0.3677816502860453,1.0,1.0,1.0,0.0
CLDN5,0.4485057422527603,0.656534534719454,1.0,1.0,0.0
CLDN7,0.4633512932382038,1.0,1.0,1.0,0.0
CLDN8,0.11090439719404434,1.0,1.0,1.0,0.0
CLDND1,0.5521327716422413,0.09068780980178578,0.0,0.33333333333333326,0.0
CLEC10A,0.39521146078605884,1.0,1.0,1.0,0.0
CLEC11A,0.611937888262377,0.5461441507140278,1.0,1.0,0.0
CLEC1A,0.48214346610260633,0.3540632200887655,0.0,1.0,0.0
CLEC2B,0.465658186241961,0.2928342558948501,0.0,1.0,0.0
CLEC2D,0.4349690964877136,0.5346725545764341,0.0,1.0,0.0
CLEC4E,0.5964471093725865,0.091154617339663,0.0,0.33333333333333326,0.0
CLEC5A,0.6590662208465974,0.617204863869381,0.0,1.0,0.0
CLECL1,0.3748560984044259,0.7354903612371989,0.0,1.0,0.0
CLIC1,0.569900926174337,0.3499883629232495,1.0,1.0,0.0
CLIC2,0.4310622816601661,1.0,1.0,1.0,0.0
CLIC4,0.5422594483326916,0.11137408553665416,0.0,0.33333333333333326,0.0
CLIC5,0.3960802680993434,1.0,1.0,1.0,0.0
CLIC6,0.4057405276091863,0.7617869553884457,1.0,1.0,0.0
CLINT1,0.48808966205558907,0.7795758095153377,0.0,0.33333333333333326,0.0
CLIP1,0.5583951556039075,0.09165339378443432,0.0,0.33333333333333326,0.0
CLIP4,0.4557902217168726,0.6961590661340824,0.0,1.0,0.0
CLK1,0.5468317670696619,0.5673070074146591,1.0,0.33333333333333326,0.0
CLK3,0.4921673789738732,0.35045960217156263,0.0,0.33333333333333326,0.0
CLK4,0.5295037835398549,0.36873282752643155,1.0,0.33333333333333326,0.0
CLMN,0.4108912044072412,1.0,1.0,1.0,0.0
CLMP,0.4382110051017827,0.8877169305693653,0.0,1.0,0.0
CLNS1A,0.5947803239741761,0.8735810563568036,1.0,1.0,0.0
CLPB,0.6206746304119783,0.5938635699897837,1.0,1.0,0.0
CLPP,0.5771910470277951,0.6562908131388594,1.0,1.0,0.0
CLPTM1L,0.5666984395658801,0.2182253783249316,1.0,1.0,0.0
CLRN3,0.43540854365223225,1.0,0.0,1.0,0.0
CLSPN,0.6131653629300382,0.3037651170430559,0.0,1.0,0.0
CLTA,0.5643867655815903,0.6292412897762462,1.0,1.0,0.0
CLTB,0.4754069576634516,0.5002351434933117,0.0,1.0,0.0
CLU,0.39132042018950985,0.941811610929002,0.0,1.0,0.0
CLYBL,0.4460423413429256,1.0,0.0,1.0,0.0
CMA1,0.4202180123239565,1.0,1.0,1.0,0.0
CMAS,0.4682375849972806,0.80631577032497,0.0,1.0,0.0
CMBL,0.4738914816804658,0.4035501805621012,0.0,0.33333333333333326,0.0
CMC1,0.5488009920555553,0.08592718352614184,0.0,0.33333333333333326,0.0
CMC2,0.585418034117265,0.41711447986614875,1.0,1.0,0.0
CMC4,0.5861116960187857,0.26104102685216524,1.0,1.0,0.0
CMKLR1,0.5067929537078768,0.11708374327250058,0.0,1.0,0.0
CMSS1,0.670636930879661,1.0,1.0,1.0,0.0
CMTM3,0.5694031341078507,0.011152608204765014,0.0,0.33333333333333326,0.0
CMTM4,0.47030724408278507,0.28988553474691786,0.0,1.0,0.0
CMTM7,0.6384229241328658,1.0,1.0,1.0,0.0
CMTM8,0.641381184403884,0.8630483316409979,1.0,1.0,0.0
CMTR1,0.5904880733649196,0.8008951757001652,1.0,1.0,0.0
CNBP,0.5332660614529876,0.16425543402430176,0.0,0.33333333333333326,0.0
CNDP2,0.49595268619536403,0.3203225237221931,0.0,0.33333333333333326,0.0
CNEP1R1,0.5101906412606954,0.18802948255148055,0.0,0.33333333333333326,0.0
CNGA1,0.4382856295153814,0.5842371881441432,1.0,1.0,0.0
CNIH1,0.5383415256352095,0.23216380651330426,1.0,0.33333333333333326,0.0
CNIH3,0.5872422353296637,0.3471255432177037,1.0,0.33333333333333326,0.0
CNIH4,0.581143986181055,0.12604997444990027,0.0,0.33333333333333326,0.0
CNKSR3,0.4740319414359024,0.39810906943567465,0.0,1.0,0.0
CNN1,0.3367915693081059,0.7666372122214784,0.0,1.0,0.0
CNN2,0.6191623510048584,1.0,1.0,1.0,0.0
CNNM2,0.4695427821414043,0.7999292290160421,1.0,1.0,0.0
CNNM3,0.5803785976332729,0.5054191151030278,1.0,1.0,0.0
CNNM4,0.4154115504406508,1.0,0.0,1.0,0.0
CNOT10,0.5830574597253521,0.27785286957981437,0.0,1.0,0.0
CNOT11,0.5668787525351758,0.4921344041032059,1.0,1.0,0.0
CNOT3,0.569847686083809,0.04858454255305674,0.0,0.33333333333333326,0.0
CNOT4,0.5782240176704703,0.09053080465454892,0.0,1.0,0.0
CNOT8,0.4864012741564777,0.6391122538604678,0.0,1.0,0.0
CNOT9,0.59476261083927,0.4134243991949259,1.0,1.0,0.0
CNP,0.5703631818807923,0.1862374711923336,1.0,1.0,0.0
CNPY2,0.5971800116698662,0.7432781673622025,1.0,1.0,0.0
CNPY3,0.6116591979009712,0.9408895221553802,1.0,1.0,0.0
CNPY4,0.5046139243790325,0.2038485612047615,0.0,1.0,0.0
CNR1,0.4094756560554659,1.0,1.0,1.0,0.0
CNST,0.4706285209206014,1.0,0.0,1.0,0.0
CNTN1,0.4961680145707924,0.2436254985365372,1.0,1.0,0.0
CNTN3,0.2779563340128026,1.0,1.0,1.0,0.0
CNTN4,0.3469455505186171,1.0,1.0,1.0,0.0
CNTNAP3B,0.4330257087926029,0.8474349179932018,0.0,1.0,0.0
COA1,0.6035058313719711,0.7642266402795812,1.0,1.0,0.0
COA3,0.51056599102133,0.2868281033036961,0.0,0.33333333333333326,0.0
COA4,0.5640567837535706,0.38143385741932945,1.0,1.0,0.0
COA6,0.5701175759738357,0.122458508384336,1.0,1.0,0.0
COA7,0.5647458462503548,0.1277696214226807,1.0,1.0,0.0
COASY,0.5742087148493088,0.5405936456537298,1.0,1.0,0.0
COBLL1,0.5766182195385219,0.3378566322736989,0.0,0.33333333333333326,0.0
COCH,0.48603513959706374,0.14606676687790654,0.0,1.0,0.0
COG1,0.5475775749672327,0.18432961456401456,0.0,0.33333333333333326,0.0
COG5,0.591309870015256,0.28618034513048907,0.0,1.0,0.0
COG6,0.5959856238952588,0.2473798003585421,0.0,0.33333333333333326,0.0
COG8,0.5857598827977324,0.4864070418407294,0.0,1.0,0.0
COIL,0.5905945990551477,0.7341068935755725,0.0,1.0,0.0
COL10A1,0.7484048453389422,1.0,1.0,1.0,0.0
COL11A1,0.8232404676614986,1.0,1.0,1.0,0.0
COL12A1,0.7180332141490172,1.0,1.0,1.0,0.0
COL13A1,0.48717213271828463,0.1518854828188557,0.0,1.0,0.0
COL16A1,0.5674315137044967,0.19037805780347258,0.0,1.0,0.0
COL17A1,0.383396698645828,1.0,1.0,1.0,0.0
COL18A1,0.6197663426258845,0.6085651162701918,0.0,1.0,0.0
COL1A1,0.6688110461115456,0.7737681849570218,1.0,1.0,0.0
COL1A2,0.6418968160297948,0.7259098799050372,1.0,1.0,0.0
COL26A1,0.5739181314097485,0.10420347115109309,0.0,0.33333333333333326,0.0
COL27A1,0.6148571989489425,0.36284992045115644,1.0,1.0,0.0
COL28A1,0.4321010872043026,0.823613950865777,1.0,1.0,0.0
COL3A1,0.6006432469990645,0.10761298850090933,0.0,1.0,0.0
COL4A1,0.6797130254744709,1.0,1.0,1.0,0.0
COL4A2,0.628585871333129,0.7617306322936831,0.0,1.0,0.0
COL4A4,0.5224954598333688,0.6139450876345843,0.0,0.33333333333333326,0.0
COL4A5,0.40606271273571637,0.8185989235173718,0.0,1.0,0.0
COL4A6,0.4298320947991966,1.0,1.0,1.0,0.0
COL5A1,0.637216033081072,0.6954467169989123,1.0,1.0,0.0
COL5A2,0.669613554500381,0.7470487605794158,1.0,1.0,0.0
COL5A3,0.6003809633054973,0.3943203146242809,1.0,1.0,0.0
COL6A3,0.6957855638982791,0.7779047568610934,0.0,1.0,0.0
COL7A1,0.5990941750305664,0.9190821130568805,1.0,1.0,0.0
COL8A1,0.7443144758781957,1.0,1.0,1.0,0.0
COL9A1,0.6301146525762186,0.313427894116407,0.0,1.0,0.0
COL9A3,0.6498981556294061,0.4981896648579388,1.0,1.0,0.0
COLEC11,0.5408139361406608,0.7426027158295102,0.0,0.0,0.0
COLEC12,0.39409827458379,0.9390410949502136,1.0,1.0,0.0
COLGALT1,0.5937632046435097,0.7062632457373791,1.0,1.0,0.0
COMMD1,0.5155801995023547,0.19057212571647847,1.0,1.0,0.0
COMMD10,0.5824584742191655,0.2153427149188317,0.0,0.33333333333333326,0.0
COMMD4,0.5629179924078671,0.08281517750326327,0.0,0.33333333333333326,0.0
COMMD5,0.5846168057528655,0.17568759449834392,1.0,1.0,0.0
COMMD6,0.5780565209250873,1.0,0.0,1.0,0.0
COMMD7,0.6033719369755154,0.7822456122451208,1.0,1.0,0.0
COMP,0.6528275451526645,0.43378307868591115,1.0,1.0,0.0
COMT,0.617872042192349,1.0,1.0,1.0,0.0
COP1,0.5359454071361863,0.31690949412878366,1.0,0.33333333333333326,0.0
COPA,0.5723186638519236,0.5220545938102747,0.0,0.33333333333333326,0.0
COPG2,0.6044021954723371,0.41171662529798264,1.0,1.0,0.0
COPRS,0.6031267665606432,1.0,1.0,1.0,0.0
COPS2,0.5739540857169583,0.11957983325619294,0.0,0.33333333333333326,0.0
COPS3,0.5561516249604403,0.15100819111126215,0.0,0.33333333333333326,0.0
COPS4,0.5015794656443263,0.36267107313251684,0.0,0.33333333333333326,0.0
COPS6,0.5792509740666878,0.8471274895606216,1.0,1.0,0.0
COPS7A,0.5713941036061334,0.6759363103029529,1.0,1.0,0.0
COPS7B,0.6104632740224412,0.25366551679872357,0.0,0.33333333333333326,0.0
COPS8,0.6007247068361437,0.9206084405433038,1.0,1.0,0.0
COPS9,0.5689838274201623,0.539716455296338,1.0,1.0,0.0
COPZ1,0.5836312021198203,0.0753184455693828,0.0,1.0,0.0
COPZ2,0.5613512433393119,0.06228706154096611,0.0,0.33333333333333326,0.0
COQ10B,0.5091277656141475,0.24320815649722935,0.0,0.33333333333333326,0.0
COQ6,0.5510634943225806,0.08775824115933166,0.0,0.33333333333333326,0.0
COQ9,0.4854491826705436,0.746744955640902,0.0,1.0,0.0
CORO1C,0.5979418378533192,0.4856321304258346,0.0,0.33333333333333326,0.0
CORO2B,0.4580970313245975,0.13431511157695994,0.0,1.0,0.0
CORO6,0.49812031005596535,0.20825463838005057,0.0,1.0,0.0
CORO7,0.5707786771950628,0.14388318051376442,0.0,1.0,0.0
COX11,0.5463523446488956,0.0006785342484801889,0.0,0.33333333333333326,0.0
COX14,0.5099854525368723,0.4180682743622797,0.0,1.0,0.0
COX15,0.5148456443950835,0.15386622143010736,0.0,0.33333333333333326,0.0
COX19,0.5343001666607791,0.1505468872119693,0.0,0.0,0.0
COX4I1,0.5010611525654158,0.5838038120361696,1.0,1.0,0.0
COX4I2,0.5317350756126105,0.3748593090155949,0.0,0.33333333333333326,0.0
COX5A,0.48673203941844223,1.0,0.0,1.0,0.0
COX5B,0.5053281224942194,0.48239583885678816,0.0,1.0,0.0
COX6A1,0.5031522833990812,0.648214676565849,1.0,1.0,0.0
COX6B2,0.4808010826220686,0.743277525936852,0.0,1.0,0.0
COX6C,0.5097623697147154,0.971792757795769,1.0,1.0,0.0
COX7C,0.5020939547610775,0.812955768500307,1.0,1.0,0.0
COX8A,0.4958810199605089,0.6084985000336846,0.0,0.33333333333333326,0.0
COXFA4L2,0.5979184877622467,0.41000022758958066,0.0,1.0,0.0
COXFA4L3,0.4058683676780372,1.0,1.0,1.0,0.0
CP,0.42027485015607874,1.0,0.0,1.0,0.0
CPA3,0.40694781039043354,0.553533679217594,0.0,1.0,0.0
CPA5,0.4786306404652362,0.3428911552746617,0.0,1.0,0.0
CPA6,0.38786267193306745,0.43294723809049124,1.0,1.0,0.0
CPAP,0.6230207918811177,0.5169227014571482,1.0,1.0,0.0
CPD,0.5764057370873806,0.028684853983473632,0.0,0.33333333333333326,0.0
CPEB2,0.4594050309296663,1.0,0.0,1.0,0.0
CPEB3,0.4110472034926786,1.0,0.0,1.0,0.0
CPED1,0.41698946447721047,1.0,0.0,1.0,0.0
CPLANE1,0.4988069282567897,0.5314033142088882,1.0,0.33333333333333326,0.0
CPLX1,0.6151625542362107,0.18362305214949298,1.0,1.0,0.0
CPM,0.31098206333946876,1.0,1.0,1.0,0.0
CPNE1,0.6667294946229183,1.0,1.0,1.0,0.0
CPNE2,0.5063427286304799,0.06791919332737545,0.0,1.0,0.0
CPNE3,0.5747468600243884,0.07250177758014488,0.0,1.0,0.0
CPNE5,0.42824802810539175,1.0,1.0,1.0,0.0
CPNE7,0.557581879179087,0.09206014531961364,0.0,1.0,0.0
CPNE8,0.3829124670189619,1.0,1.0,1.0,0.0
CPOX,0.5936129781978878,0.613605789776656,1.0,1.0,0.0
CPQ,0.44874829603841915,0.7039898865138049,0.0,1.0,0.0
CPSF3,0.6105586619683089,1.0,1.0,1.0,0.0
CPSF4,0.6007158954990037,0.6348352139251046,1.0,1.0,0.0
CPSF6,0.5688788852376254,0.26868512840737074,1.0,1.0,0.0
CPSF7,0.5775755866075296,0.382629292193675,0.0,0.33333333333333326,0.0
CPT1A,0.4344956949764407,1.0,0.0,1.0,0.0
CPT2,0.4546962624524547,0.8407095773130591,1.0,1.0,0.0
CPTP,0.48530345455390206,0.6373842453276322,1.0,1.0,0.0
CPXM1,0.5888441107508116,0.06803832237624702,0.0,1.0,0.0
CR2,0.3508469460342973,0.8315871684358939,1.0,1.0,0.0
CRABP2,0.6227595234988768,0.23802718814107487,1.0,1.0,0.0
CRACD,0.34816166587213454,1.0,1.0,1.0,0.0
CRACR2A,0.44366752999745623,0.7765212159749775,0.0,1.0,0.0
CRADD,0.46997854596508426,1.0,1.0,1.0,0.0
CRAMP1,0.5781734537129557,0.35660813808901726,0.0,1.0,0.0
CRAT,0.4545179245153471,0.7392169317620257,1.0,1.0,0.0
CRBN,0.498845511957624,0.4145066602681505,0.0,0.33333333333333326,0.0
CRCP,0.5686370965674744,0.08021372146622957,0.0,1.0,0.0
CREB1,0.5629300492314775,0.06880182689136206,0.0,0.33333333333333326,0.0
CREB3L1,0.46432315739612445,0.870502853622809,0.0,1.0,0.0
CREB3L2,0.5764414042626439,0.1983787812796013,0.0,0.33333333333333326,0.0
CREBL2,0.4959936911799477,0.44052677416785396,0.0,0.33333333333333326,0.0
CREBRF,0.46893675678830715,0.5535698459820172,0.0,1.0,0.0
CREBZF,0.61128013355635,0.7808495332789106,0.0,1.0,0.0
CREG1,0.5724852312331449,0.3326898472956407,0.0,0.33333333333333326,0.0
CREM,0.5508654149666825,0.41721242728212116,1.0,0.33333333333333326,0.0
CRIP1,0.4114838717759219,0.8571928300367256,1.0,1.0,0.0
CRIPTO3,0.7365847339467696,1.0,1.0,1.0,0.0
CRISPLD1,0.6263261111015481,0.10903620915568267,0.0,0.33333333333333326,0.0
CRK,0.4795058729920642,0.8666375838061569,0.0,0.33333333333333326,0.0
CRLF3,0.5393516866553898,0.14687243846449857,0.0,0.33333333333333326,0.0
CRLS1,0.5891036692196315,0.34765531242732317,1.0,1.0,0.0
CROT,0.4478720952250456,0.9672283561686879,0.0,1.0,0.0
CRTAM,0.4379845418410354,0.49032031134308435,1.0,1.0,0.0
CRTAP,0.6026960413408352,0.6947126828760685,1.0,1.0,0.0
CRTC3,0.5908561885344566,0.4530787322762781,0.0,1.0,0.0
CRY1,0.5810533261364722,0.4000309249169026,0.0,0.33333333333333326,0.0
CRYAB,0.41585861162460713,0.882078062897054,0.0,1.0,0.0
CRYBA2,0.4335903367468537,0.571106260980281,1.0,1.0,0.0
CRYBA4,0.5306544560356844,0.017582829056941904,0.0,0.0,0.0
CRYBB1,0.4845117904236756,0.15264981399166502,0.0,1.0,0.0
CRYBG1,0.46705673384077073,1.0,0.0,0.33333333333333326,0.0
CRYBG3,0.4730083185589975,0.6757859147560178,0.0,0.33333333333333326,0.0
CRYL1,0.48177117664659397,0.49894098045635377,0.0,1.0,0.0
CRYM,0.478815489420512,0.5208366762401799,1.0,1.0,0.0
CRYZL1,0.45862608918666564,1.0,0.0,1.0,0.0
CSAD,0.48456017503607896,0.139477615340711,0.0,1.0,0.0
CSE1L,0.6762719567967296,1.0,1.0,1.0,0.0
CSF1,0.4929758401643944,0.4578660636006847,0.0,0.33333333333333326,0.0
CSF1R,0.43721560850997787,0.5119423767170529,0.0,1.0,0.0
CSF2RA,0.5347669083274939,0.049870842562840634,0.0,0.33333333333333326,0.0
CSF2RB,0.45217722792811643,0.3440136144016762,0.0,1.0,0.0
CSF3R,0.5896677760719559,0.11249609799215488,0.0,1.0,0.0
CSGALNACT1,0.6561968814191794,0.3448908170708975,0.0,1.0,0.0
CSGALNACT2,0.6121540250025489,0.45417664013566617,0.0,0.33333333333333326,0.0
CSKMT,0.5208586215349116,0.21776401389403974,0.0,0.33333333333333326,0.0
CSNK1E,0.594412857855121,0.42253348222936066,1.0,1.0,0.0
CSNK1G2,0.5934498589835626,0.6631579341533642,0.0,1.0,0.0
CSNK1G3,0.4951924894387385,0.5483835575569489,0.0,0.33333333333333326,0.0
CSNK2A1,0.5791757470765361,0.3001576191691614,1.0,1.0,0.0
CSNK2A2,0.5862484485950283,1.0,1.0,1.0,0.0
CSNK2B,0.5726019609317643,0.3463971594794909,1.0,1.0,0.0
CSPP1,0.5988290636279203,0.4930054934122326,1.0,1.0,0.0
CSRNP1,0.5446275034120787,0.3950166348620106,1.0,0.33333333333333326,0.0
CSRNP2,0.6013468310522249,0.5028761801491473,0.0,1.0,0.0
CST1,0.850317662010941,1.0,1.0,1.0,0.0
CST2,0.6881838171662904,0.8908722610688867,1.0,1.0,0.0
CST4,0.6070537683430862,0.6912546191208667,1.0,1.0,0.0
CSTB,0.5679821714244968,0.3540046982301426,0.0,1.0,0.0
CSTF1,0.6163849394718832,0.768391474513329,1.0,1.0,0.0
CSTF2,0.5882875908049328,0.5249094385702412,1.0,1.0,0.0
CSTF3,0.6006625842364954,0.6048608695887865,1.0,1.0,0.0
CTBP2,0.5733358416975003,0.14347183518716689,1.0,1.0,0.0
CTBS,0.4910524217875024,0.5963566363924072,0.0,1.0,0.0
CTH,0.448197386196865,1.0,1.0,1.0,0.0
CTHRC1,0.8270288193660373,1.0,1.0,1.0,0.0
CTNNAL1,0.5906163492973981,0.26014905049688586,0.0,1.0,0.0
CTNNB1,0.5758951521151324,0.5796938973692267,0.0,1.0,0.0
CTNNBL1,0.6119127993164142,1.0,1.0,1.0,0.0
CTPS1,0.6719394486489363,0.749006636120339,1.0,1.0,0.0
CTPS2,0.6108783932987383,1.0,1.0,1.0,0.0
CTRC,0.5281871953838624,0.16430613035509312,0.0,0.0,0.0
CTSB,0.5741797864111639,0.3690713181087863,1.0,1.0,0.0
CTSE,0.3355883836126364,1.0,0.0,1.0,0.0
CTSF,0.47649633988090206,0.3183915891275105,0.0,1.0,0.0
CTSG,0.42555263507434943,1.0,0.0,1.0,0.0
CTSH,0.628161267835981,0.764900134712096,1.0,1.0,0.0
CTSK,0.6511526613168064,0.5752397923709264,0.0,1.0,0.0
CTSL,0.5243356159487031,0.15807363617114326,1.0,0.33333333333333326,0.0
CTSO,0.4471574836976589,0.8141395325569803,0.0,1.0,0.0
CTSS,0.4452977138292014,1.0,1.0,1.0,0.0
CTSV,0.660272281159746,0.9411008827401924,1.0,1.0,0.0
CTSW,0.4664821160776144,0.4104370814506867,0.0,1.0,0.0
CTTNBP2NL,0.5156327752652875,0.01664149454951157,0.0,0.33333333333333326,0.0
CTU2,0.5857899847178578,0.6442399376965067,1.0,1.0,0.0
CTXND1,0.48122553940887003,0.09986950791082667,0.0,1.0,0.0
CUEDC1,0.5724121588732047,0.14927369047655614,1.0,1.0,0.0
CUEDC2,0.5840246774720884,0.6562482369513994,1.0,1.0,0.0
CUL1,0.5918127829018839,0.8658841122817768,0.0,0.33333333333333326,0.0
CUL2,0.5834997214436849,0.08193067127563984,0.0,0.33333333333333326,0.0
CUL4A,0.599830802823463,0.7970398129848818,1.0,1.0,0.0
CUL4B,0.5842789831381184,0.5759959872816075,0.0,0.33333333333333326,0.0
CUL7,0.5674817281292944,0.32133004014885874,1.0,1.0,0.0
CUTA,0.5772153354793335,0.20838400240785823,1.0,1.0,0.0
CWC15,0.5630736440309879,0.4486413984798228,0.0,0.33333333333333326,0.0
CWC22,0.5737499727796366,0.3113436402008847,0.0,0.33333333333333326,0.0
CWC25,0.546182400402691,0.09300598420011437,1.0,0.33333333333333326,0.0
CWF19L1,0.5848436270145678,0.7269595417844461,1.0,1.0,0.0
CWH43,0.20014741075696027,1.0,1.0,1.0,0.0
CX3CL1,0.5914231671551216,0.37355622814307876,0.0,0.33333333333333326,0.0
CXCL1,0.7984705319002279,1.0,1.0,1.0,0.0
CXCL10,0.7234341189711241,0.9741532512611252,0.0,0.33333333333333326,0.0
CXCL11,0.7291307324318208,1.0,1.0,1.0,0.0
CXCL12,0.2471678528384573,1.0,1.0,1.0,0.0
CXCL13,0.33302771944794773,0.4909123907229706,0.0,1.0,0.0
CXCL14,0.4715262075029889,0.3812095085271061,1.0,1.0,0.0
CXCL16,0.6407053275369397,1.0,1.0,1.0,0.0
CXCL2,0.7819944624459891,1.0,1.0,1.0,0.0
CXCL3,0.7977228608407193,1.0,1.0,1.0,0.0
CXCL5,0.7881502779128031,0.9412192631185063,1.0,1.0,0.0
CXCL6,0.7051552479662703,1.0,1.0,1.0,0.0
CXCL8,0.8821093875845804,1.0,1.0,1.0,0.0
CXCL9,0.7068297881423052,0.6327147731389907,0.0,0.33333333333333326,0.0
CXCR2,0.6481812284635668,0.5476174109185202,0.0,1.0,0.0
CXCR4,0.5397491973586988,0.21608233090373216,0.0,0.33333333333333326,0.0
CXCR5,0.47438162351746926,0.20565917593000865,0.0,1.0,0.0
CXCR6,0.4894209243587862,0.1295775980704849,0.0,0.33333333333333326,0.0
CXXC5,0.6359388365972167,1.0,1.0,1.0,0.0
CXorf38,0.5877433847723047,0.21045429083392816,0.0,1.0,0.0
CYB561,0.5745643371947587,0.20915535017841375,0.0,1.0,0.0
CYB561A3,0.49128411688737944,0.7194445530172454,0.0,1.0,0.0
CYB561D2,0.5357392280789469,0.11272757539865803,0.0,0.33333333333333326,0.0
CYB5A,0.4890732993793221,0.6751474154203069,0.0,0.33333333333333326,0.0
CYB5B,0.5963864884430783,0.2848437357103515,0.0,1.0,0.0
CYB5D1,0.49512854979922494,0.2655046900823854,0.0,0.33333333333333326,0.0
CYB5D2,0.48558759413383584,0.6170879705687531,1.0,1.0,0.0
CYB5R2,0.6123465051702699,0.8686305577252036,0.0,1.0,0.0
CYB5R4,0.5198547547237246,0.4978987229333942,1.0,0.33333333333333326,0.0
CYBRD1,0.39414261477241397,1.0,0.0,1.0,0.0
CYFIP2,0.5471459404815284,0.08812503261166951,0.0,0.33333333333333326,0.0
CYLD,0.4905015775654828,0.29907009920267286,1.0,1.0,0.0
CYP20A1,0.5489489709577383,0.10097526313087071,0.0,0.33333333333333326,0.0
CYP26B1,0.5375913575237974,0.2542350523355335,0.0,0.33333333333333326,0.0
CYP27B1,0.5967022065071259,0.38019784595250483,0.0,1.0,0.0
CYP2B6,0.6675467903968672,0.9141441895087803,0.0,0.33333333333333326,0.0
CYP2C18,0.3553423888639945,0.8470144041340999,0.0,1.0,0.0
CYP2J2,0.46874109583273893,0.9183180302094517,0.0,1.0,0.0
CYP2S1,0.6194796547782655,0.17545704735598297,0.0,1.0,0.0
CYP2U1,0.5075396971374714,0.14798480771349243,0.0,0.33333333333333326,0.0
CYP2W1,0.5781535856074355,0.3436723894941872,0.0,1.0,0.0
CYP39A1,0.6176351251824811,0.374772003093467,0.0,1.0,0.0
CYP3A4,0.4329002636620213,0.4388270556465836,0.0,0.33333333333333326,0.0
CYP3A43,0.47272581711556194,0.26970247340745496,0.0,0.33333333333333326,0.0
CYP3A5,0.4217642936059678,0.3206213230177124,0.0,0.33333333333333326,0.0
CYP4F12,0.42686026099536994,1.0,1.0,1.0,0.0
CYP4F3,0.5933178963282973,0.11755314570719266,0.0,1.0,0.0
CYP4V2,0.4735979424017392,0.5544529158963935,0.0,1.0,0.0
CYP4X1,0.7215628530213856,1.0,1.0,1.0,0.0
CYREN,0.5652358204236734,0.1523858885395785,0.0,1.0,0.0
CYS1,0.4364142038512214,0.46988810826241023,1.0,1.0,0.0
CYSLTR1,0.43226682607948547,0.6570262607651777,1.0,1.0,0.0
CYSTM1,0.4451935552320872,1.0,0.0,1.0,0.0
CYTH1,0.49658388562827777,0.40274898652586794,0.0,0.33333333333333326,0.0
CYTIP,0.4616237468410175,0.5319843418443355,1.0,1.0,0.0
CYYR1,0.4632771397564539,0.5646928816350157,0.0,1.0,0.0
DAAM1,0.4860536125349177,0.4231808383035657,0.0,1.0,0.0
DAAM2,0.4486872055768086,0.6049993369696558,1.0,1.0,0.0
DACH1,0.6972182272913026,1.0,1.0,1.0,0.0
DACT3,0.46696687038638335,0.4202920528230287,0.0,1.0,0.0
DAG1,0.5835008448204939,1.0,0.0,1.0,0.0
DAGLA,0.5757440168487681,0.0609135053345579,0.0,1.0,0.0
DALRD3,0.5672322533143169,0.07055475295952625,0.0,1.0,0.0
DAP3,0.590323212283777,0.4966694105010304,1.0,1.0,0.0
DAPK1,0.4505499563207072,0.6437741642025421,1.0,1.0,0.0
DAPK2,0.47614440421888315,0.272518986565713,0.0,1.0,0.0
DAPL1,0.6437505505079995,0.33129072485559513,0.0,1.0,0.0
DARS1,0.6234022400112134,0.4375689177906465,1.0,1.0,0.0
DARS2,0.5685851569378009,0.15921538013831113,0.0,1.0,0.0
DAXX,0.565371925121264,0.23529559819362875,0.0,1.0,0.0
DAZAP1,0.5973958431981216,0.55839941236266,1.0,1.0,0.0
DAZAP2,0.4888330974156867,1.0,0.0,1.0,0.0
DBF4,0.6329844536111665,1.0,1.0,1.0,0.0
DBN1,0.5944930200797843,0.17940057290913367,0.0,0.33333333333333326,0.0
DBNDD1,0.623130991479515,0.9971075784291159,1.0,1.0,0.0
DCAF1,0.5932135781196625,1.0,1.0,1.0,0.0
DCAF11,0.49789545919160455,0.5866820258711973,0.0,1.0,0.0
DCAF13,0.6416612733844924,1.0,1.0,1.0,0.0
DCAF15,0.5982403272280156,0.12140998319770024,0.0,1.0,0.0
DCAF16,0.5730486680165388,0.2325764720156416,0.0,0.33333333333333326,0.0
DCAF6,0.5074438145537558,0.6798751646860357,0.0,0.33333333333333326,0.0
DCAF7,0.5845049068792583,0.9731674454106392,0.0,1.0,0.0
DCAKD,0.5661242709019474,0.02768742089044562,0.0,1.0,0.0
DCBLD2,0.597303114918471,0.3628068559002241,0.0,0.33333333333333326,0.0
DCDC2,0.6001356188906457,0.14124875139165213,0.0,0.33333333333333326,0.0
DCLK1,0.41794557842616314,1.0,1.0,1.0,0.0
DCLRE1A,0.5854822777564859,0.16060986253073498,1.0,1.0,0.0
DCLRE1B,0.5958677269469993,0.3433397836700241,1.0,1.0,0.0
DCLRE1C,0.5775612511904944,0.18727540267473838,0.0,1.0,0.0
DCP1A,0.5972073441658947,0.281614293616824,0.0,1.0,0.0
DCP1B,0.5861287749294906,0.392250530885839,0.0,1.0,0.0
DCPS,0.5909431673970802,0.28821402703481164,1.0,1.0,0.0
DCTD,0.5919888759891363,1.0,1.0,1.0,0.0
DCTN2,0.5063568624034012,0.35775139652669524,0.0,1.0,0.0
DCTN4,0.553408698733797,0.020618048998267382,1.0,0.33333333333333326,0.0
DCTN6,0.5309477764020811,0.08493246689071862,0.0,0.33333333333333326,0.0
DCTPP1,0.5774457367884831,0.08032573466562551,0.0,1.0,0.0
DCUN1D2,0.5917167483305206,0.21059921175924712,1.0,1.0,0.0
DCUN1D3,0.5856593382652202,0.2693734343916067,0.0,0.33333333333333326,0.0
DCUN1D4,0.510201178965494,0.06864183961052654,0.0,0.33333333333333326,0.0
DCUN1D5,0.6657909572224062,0.9825899669847592,1.0,1.0,0.0
DDAH2,0.49738806723823553,0.23213875205596182,0.0,0.33333333333333326,0.0
DDB1,0.5766830328027054,0.8016564149461534,0.0,1.0,0.0
DDC,0.47999027571972164,0.14656395452748863,0.0,1.0,0.0
DDI2,0.5837741132072031,0.404002301442842,0.0,1.0,0.0
DDIAS,0.6779035149605682,1.0,1.0,1.0,0.0
DDIT3,0.5562964142563135,0.02734667995079046,0.0,1.0,0.0
DDIT4,0.6585528635762931,1.0,1.0,1.0,0.0
DDR2,0.4370795038497007,0.8501341284276139,0.0,1.0,0.0
DDRGK1,0.5769810846479275,0.4992300507907203,1.0,1.0,0.0
DDTL,0.49697629363495427,0.39160894619066255,1.0,1.0,0.0
DDX1,0.58080298189688,0.29158188664010776,0.0,1.0,0.0
DDX10,0.6291380466132953,1.0,1.0,1.0,0.0
DDX11,0.5915000679843253,0.4863028165573924,1.0,1.0,0.0
DDX18,0.5800492420101708,0.47542343619182126,1.0,1.0,0.0
DDX19A,0.5844465447337537,0.38058391683985776,0.0,0.33333333333333326,0.0
DDX20,0.6056832671198339,0.6684230056045566,0.0,1.0,0.0
DDX21,0.6429140341404318,0.8840380288304643,1.0,1.0,0.0
DDX23,0.5901078214078015,0.36741035165027197,0.0,1.0,0.0
DDX24,0.5533110083837091,0.33182687733785404,1.0,0.33333333333333326,0.0
DDX27,0.6377933624292277,1.0,1.0,1.0,0.0
DDX28,0.5911532459569536,0.9271904348207051,1.0,1.0,0.0
DDX31,0.592249634990628,0.5096012901753183,1.0,1.0,0.0
DDX39A,0.6221236039813512,1.0,1.0,1.0,0.0
DDX3X,0.5503493884929695,0.1404808131758924,1.0,0.33333333333333326,0.0
DDX41,0.5655877382238096,0.11187918812297942,1.0,1.0,0.0
DDX42,0.5712171622843608,0.11079487768434315,0.0,0.33333333333333326,0.0
DDX46,0.5822731404148342,0.13636613862711502,0.0,1.0,0.0
DDX49,0.5767199443168325,0.6197388281353712,1.0,1.0,0.0
DDX5,0.5552317080676472,0.6391318272706754,1.0,0.33333333333333326,0.0
DDX50,0.5790698463639673,0.31681203246613654,0.0,0.33333333333333326,0.0
DDX51,0.589417467461234,0.3680298083636706,0.0,1.0,0.0
DDX52,0.6051749919550853,0.5349241791320188,0.0,1.0,0.0
DDX54,0.5828313009628211,0.529793898885424,1.0,1.0,0.0
DDX55,0.5975091476256015,0.9944784770718929,1.0,1.0,0.0
DDX56,0.6259989865809213,1.0,1.0,1.0,0.0
DDX60,0.4257897011579278,1.0,1.0,1.0,0.0
DDX60L,0.45511363905616886,0.6657191576426769,0.0,0.33333333333333326,0.0
DECR1,0.47468076065108944,0.8508037645286417,0.0,1.0,0.0
DEF8,0.5814870013407937,0.27665743641105867,1.0,1.0,0.0
DEFA6,0.7163655511483762,0.3717034262664423,0.0,0.33333333333333326,0.0
DEFB1,0.38615960568132307,1.0,1.0,1.0,0.0
DEFB4B,0.587352527949161,0.09762303256676855,0.0,0.33333333333333326,0.0
DEGS1,0.6105230408830176,0.2511412323791622,0.0,1.0,0.0
DEK,0.5856100572045643,0.37346769584755607,1.0,1.0,0.0
DELE1,0.49264953426368124,0.7563705621612165,0.0,1.0,0.0
DENND1B,0.45807919991898016,0.3954193200654005,0.0,1.0,0.0
DENND2A,0.3836214564571856,1.0,1.0,1.0,0.0
DENND2C,0.5295972754572436,0.021714020131556898,1.0,0.33333333333333326,0.0
DENND3,0.49314947533069076,0.4263138478710442,0.0,0.33333333333333326,0.0
DENND4A,0.4926277239652079,0.3253038211874835,0.0,0.33333333333333326,0.0
DENND4B,0.5777540418868846,0.3279598189307671,0.0,1.0,0.0
DENND5A,0.6117841011112681,0.42281393304490206,0.0,0.33333333333333326,0.0
DENND5B,0.4508396712753576,0.6009207048906149,0.0,1.0,0.0
DENND6A,0.5856102242590425,0.7013161941299001,0.0,1.0,0.0
DENR,0.6036598681806149,1.0,1.0,1.0,0.0
DEPDC1,0.5954956542675943,0.1975523247690153,1.0,1.0,0.0
DEPDC1B,0.624979045760065,0.38022650497194993,1.0,1.0,0.0
DEPDC5,0.5084220136694814,0.03176020318124865,0.0,0.33333333333333326,0.0
DEPP1,0.5939573974645562,0.3025106651545755,0.0,0.33333333333333326,0.0
DERA,0.48632551009970765,1.0,0.0,0.33333333333333326,0.0
DERL2,0.500353569114485,0.7818628484348613,0.0,0.33333333333333326,0.0
DERL3,0.4814215498177014,0.10377223420577103,0.0,1.0,0.0
DES,0.3958627234481232,0.5620473282645811,1.0,1.0,0.0
DESI1,0.5886552078948353,0.8104677026875399,1.0,1.0,0.0
DESI2,0.5623620095086557,0.45063801004478965,0.0,1.0,0.0
DET1,0.5061636273114032,0.3921389762245982,0.0,0.33333333333333326,0.0
DEXI,0.5740284402287892,0.365122318007114,0.0,0.33333333333333326,0.0
DFFA,0.5969127016493476,0.4883885812079173,1.0,1.0,0.0
DFFB,0.5802686763958652,0.19933598692785526,0.0,1.0,0.0
DGAT2,0.7025915821351545,1.0,1.0,1.0,0.0
DGKA,0.46340078736408513,0.8380139113583607,1.0,1.0,0.0
DGKE,0.6076475758474996,0.10281432361415693,0.0,1.0,0.0
DGKH,0.5960599228011269,0.1364093871489902,0.0,1.0,0.0
DGKZ,0.6453737701800397,0.5674805721836301,0.0,1.0,0.0
DGLUCY,0.4524640207409566,1.0,1.0,1.0,0.0
DGUOK,0.5635992360325893,0.1754214076351607,0.0,1.0,0.0
DHCR7,0.6650799068845498,0.9201298133264145,1.0,1.0,0.0
DHDDS,0.4739652895881684,1.0,1.0,1.0,0.0
DHODH,0.598443867647717,0.3568744131228627,0.0,1.0,0.0
DHPS,0.5696703232670743,0.2983594339483708,0.0,1.0,0.0
DHRS1,0.45900290991002557,1.0,1.0,1.0,0.0
DHRS11,0.33066193412877687,1.0,1.0,1.0,0.0
DHRS12,0.5463868308671705,0.35207939798711674,0.0,0.33333333333333326,0.0
DHRS13,0.5668853014926898,0.18800320871657047,0.0,1.0,0.0
DHRS2,0.6248938476310862,0.21253918994197052,1.0,1.0,0.0
DHRS4L2,0.4858904059778689,0.6113478058446802,1.0,1.0,0.0
DHRS7,0.47959814574050663,0.7565074103946259,0.0,1.0,0.0
DHRS7B,0.47855512559702684,0.3857823989345881,0.0,0.33333333333333326,0.0
DHRS9,0.27958678593328123,1.0,1.0,1.0,0.0
DHRSX,0.5785291847440589,0.12263044473525447,0.0,1.0,0.0
DHX16,0.5632690302264556,0.026309325204322474,0.0,1.0,0.0
DHX30,0.5846508677421934,0.43150738532289246,1.0,1.0,0.0
DHX33,0.6040640369201082,0.6197661518247274,1.0,1.0,0.0
DHX34,0.6171513053662637,0.47685179133865696,1.0,1.0,0.0
DHX35,0.5960746120258219,0.22671839801131816,0.0,1.0,0.0
DHX36,0.5638820416873526,0.3511213944011613,0.0,0.33333333333333326,0.0
DHX37,0.6007530082014095,0.31943726837696845,1.0,1.0,0.0
DHX40,0.5884418539728716,0.4563163446196003,0.0,1.0,0.0
DHX57,0.5877972592288403,0.24086396784703618,1.0,1.0,0.0
DHX58,0.4913528725345178,0.19487718198125573,0.0,1.0,0.0
DHX8,0.5826081880289922,0.6242719284745774,0.0,1.0,0.0
DHX9,0.5655937840754974,0.2703214953785916,1.0,1.0,0.0
DIABLO,0.5678728311951962,0.5939327587591782,0.0,1.0,0.0
DIAPH1,0.5921573572660274,0.5749780402240319,1.0,1.0,0.0
DIAPH3,0.6695372175644805,0.716598145348481,1.0,1.0,0.0
DIDO1,0.6013974195143998,0.5409147622010901,0.0,1.0,0.0
DIMT1,0.6073182090196741,0.8124566038450152,1.0,1.0,0.0
DIO2,0.6115379961727065,0.40800667825229264,1.0,1.0,0.0
DIPK2A,0.533073368968727,0.14817428532880417,0.0,0.33333333333333326,0.0
DIRAS2,0.4928915730009809,0.024578870522136052,0.0,1.0,0.0
DIRAS3,0.4509726073945419,0.4501032871525812,0.0,1.0,0.0
DIS3,0.6047508291846596,1.0,1.0,1.0,0.0
DIS3L2,0.5587984776243965,0.051491992470339316,0.0,1.0,0.0
DISP1,0.520740959186334,0.11187968652783244,0.0,0.33333333333333326,0.0
DISP2,0.41608445723497245,1.0,1.0,1.0,0.0
DIXDC1,0.46616564427937507,0.5355799912352124,0.0,1.0,0.0
DKK2,0.7175896916237378,0.6029496003161143,0.0,0.33333333333333326,0.0
DKK3,0.6074926650724818,0.13944158915131466,0.0,1.0,0.0
DKK4,0.6204257060676566,0.15720610923466607,0.0,1.0,0.0
DLAT,0.5230543559455922,0.6955897674142589,1.0,0.33333333333333326,0.0
DLC1,0.5217869121486258,0.08375091881988414,0.0,0.33333333333333326,0.0
DLD,0.4808637698655183,0.9294434385130733,0.0,0.33333333333333326,0.0
DLG1,0.5113770927163523,0.3406809668958226,0.0,0.33333333333333326,0.0
DLG5,0.5783795678053851,0.19083155251243172,1.0,1.0,0.0
DLGAP5,0.6336741812842915,0.7944950726796345,1.0,1.0,0.0
DLL1,0.4870052168314265,0.25335973804657985,0.0,0.33333333333333326,0.0
DLL4,0.585984413190333,0.1182287917612055,0.0,0.33333333333333326,0.0
DLST,0.4804127056875164,0.5766306760626521,0.0,1.0,0.0
DMAP1,0.4892743365684601,0.6619579525853209,1.0,1.0,0.0
DMKN,0.6160157539837584,0.6889957531731383,0.0,1.0,0.0
DMPK,0.5260316394750051,0.052310524930774725,0.0,0.33333333333333326,0.0
DMRTA2,0.5282296022071918,0.3302233841754387,0.0,0.33333333333333326,0.0
DMTF1,0.5310847837410907,0.0987704524277136,0.0,0.33333333333333326,0.0
DMXL1,0.4481834006992928,0.9816189337621902,0.0,1.0,0.0
DMXL2,0.4557437975062993,1.0,1.0,1.0,0.0
DNA2,0.612217150386562,0.288698475522718,1.0,1.0,0.0
DNAAF11,0.621163599609109,0.9789166238166256,1.0,1.0,0.0
DNAAF4,0.626144898169251,0.6385138687851641,0.0,1.0,0.0
DNAAF5,0.637141864933628,1.0,1.0,1.0,0.0
DNAAF9,0.48283011453427965,0.23945610448316176,1.0,1.0,0.0
DNAH10,0.5005307901919087,0.3814453486307195,0.0,0.33333333333333326,0.0
DNAH14,0.6563457183013167,0.6994086530017879,1.0,1.0,0.0
DNAH7,0.481532244390729,0.4261183510313586,0.0,1.0,0.0
DNAI4,0.3394516217999873,1.0,0.0,1.0,0.0
DNAJA1,0.5903707329765161,1.0,0.0,1.0,0.0
DNAJA3,0.5934515782189347,0.7756396615017979,1.0,1.0,0.0
DNAJB1,0.5913923441509488,0.6835254037884976,1.0,1.0,0.0
DNAJB11,0.5681638278347567,0.18149102267836636,0.0,1.0,0.0
DNAJB14,0.4844236604397096,0.49602750430199577,0.0,0.33333333333333326,0.0
DNAJB4,0.45601361602478063,0.9701504217788744,0.0,0.33333333333333326,0.0
DNAJB9,0.5477074066170978,0.14208546465162028,0.0,0.33333333333333326,0.0
DNAJC10,0.6259849166213135,1.0,0.0,1.0,0.0
DNAJC13,0.4900180434855018,0.5753622703720567,0.0,0.33333333333333326,0.0
DNAJC15,0.6022339347785031,0.47935273631599395,0.0,1.0,0.0
DNAJC2,0.6282544080902859,1.0,1.0,1.0,0.0
DNAJC27,0.48202942425948875,0.6261667347649142,0.0,0.33333333333333326,0.0
DNAJC28,0.4780492050304254,0.41015807456598086,1.0,1.0,0.0
DNAJC4,0.48041737061180384,0.8136700070358528,1.0,1.0,0.0
DNAJC5G,0.48519610626384146,0.11998398053080622,0.0,1.0,0.0
DNAJC6,0.684210522634065,0.6537916368662656,0.0,1.0,0.0
DNAJC8,0.5587758408293199,0.6118171362085273,1.0,0.33333333333333326,0.0
DNAJC9,0.5901127317696756,0.9477041838136194,1.0,1.0,0.0
DNALI1,0.4411159380677011,0.502794814082246,1.0,1.0,0.0
DNASE1L3,0.3286064682161141,0.7654538500176473,1.0,1.0,0.0
DNASE2,0.5591739724478213,0.2575231071939403,1.0,1.0,0.0
DNLZ,0.5918619054334235,0.2560941801562642,1.0,1.0,0.0
DNM1,0.6206073664227113,0.5211011258113222,0.0,0.33333333333333326,0.0
DNM1L,0.568372530732155,0.18366710918874668,0.0,0.33333333333333326,0.0
DNM2,0.4861752346082046,0.15863391900037294,0.0,1.0,0.0
DNM3,0.6159080406520779,0.6028084825088204,0.0,1.0,0.0
DNMT1,0.62358108198275,1.0,1.0,1.0,0.0
DNMT3A,0.5836281443216046,0.3620194834149251,0.0,1.0,0.0
DNMT3B,0.6399710291588573,0.838469868642555,1.0,1.0,0.0
DNPEP,0.5651429104085238,0.37878747475985186,1.0,1.0,0.0
DNPH1,0.5777356933131977,0.642079959414957,0.0,1.0,0.0
DNTT,0.5260953989825625,0.025096697902255206,0.0,0.0,0.0
DNTTIP1,0.6369139667588142,1.0,1.0,1.0,0.0
DNTTIP2,0.5900932568301291,0.6073418641609702,0.0,1.0,0.0
DOCK1,0.5047368325779589,0.1300585339691054,0.0,0.33333333333333326,0.0
DOCK10,0.38671534908678246,0.9238518318340189,1.0,1.0,0.0
DOCK11,0.6283754786706288,0.23273687455796283,0.0,1.0,0.0
DOCK2,0.42652896212932234,0.768044067296554,1.0,1.0,0.0
DOCK5,0.4376395478438354,1.0,0.0,1.0,0.0
DOCK6,0.6092624425515418,1.0,1.0,1.0,0.0
DOCK7,0.5599786573363787,0.05058293243297673,0.0,0.33333333333333326,0.0
DOCK8,0.4409996143555208,0.6991314764488057,0.0,1.0,0.0
DOCK9,0.5989350255626621,0.9733446974525418,0.0,1.0,0.0
DOHH,0.5839436750265155,0.5361068288931459,0.0,1.0,0.0
DOK4,0.47264280466713315,0.5320010812022968,0.0,1.0,0.0
DOK7,0.5958010835520978,0.15219476455535733,0.0,0.33333333333333326,0.0
DOLK,0.5869528732783296,0.2476564127095508,1.0,1.0,0.0
DOLPP1,0.49725405649888577,0.4463296189907057,0.0,1.0,0.0
DONSON,0.6110090459517316,0.7010447809284662,1.0,1.0,0.0
DOP1B,0.4789193603516005,0.37148448633563114,1.0,1.0,0.0
DORIP1,0.4862916324770315,0.6286195661008641,0.0,0.33333333333333326,0.0
DOT1L,0.5854630609955462,0.4574419395273816,0.0,0.33333333333333326,0.0
DPAGT1,0.5788833402238733,0.3281590558113676,1.0,1.0,0.0
DPCD,0.5922255511843196,0.5360717643028644,1.0,1.0,0.0
DPEP1,0.8939863227633071,1.0,1.0,1.0,0.0
DPEP2,0.45985583565326726,0.7123004081659857,0.0,1.0,0.0
DPF1,0.48845162312030843,0.28163938429248664,0.0,1.0,0.0
DPF2,0.6007709939936183,0.3812070438795904,0.0,1.0,0.0
DPH2,0.5825995130443681,0.6626014745541915,1.0,1.0,0.0
DPH6,0.6081540393851924,0.5307164445602843,1.0,1.0,0.0
DPH7,0.5743543687298306,0.26161743907855795,1.0,1.0,0.0
DPM1,0.6158848423287271,1.0,1.0,1.0,0.0
DPM2,0.5947247370103164,0.7004433800069599,1.0,1.0,0.0
DPP10,0.3756378445240437,1.0,1.0,1.0,0.0
DPP3,0.58628811753199,0.4602421677193755,0.0,1.0,0.0
DPP4,0.44804531205706816,0.5334172010541615,0.0,1.0,0.0
DPP6,0.49016637317740996,0.10652464787411774,0.0,0.33333333333333326,0.0
DPP7,0.5901314412946929,0.223921230893516,1.0,1.0,0.0
DPP8,0.5037915517130452,0.14154806918090723,0.0,1.0,0.0
DPP9,0.5465343434394083,0.3353690908608149,1.0,0.33333333333333326,0.0
DPT,0.3585017570157986,1.0,1.0,1.0,0.0
DPY19L1,0.6317261164694846,1.0,1.0,1.0,0.0
DPY19L2,0.45446497486009746,0.565304811484927,0.0,1.0,0.0
DPY19L3,0.5914272378816292,0.3846349763325144,0.0,1.0,0.0
DPY19L4,0.593595845857415,0.5097939521212659,0.0,1.0,0.0
DPY30,0.5790871405553362,0.7888318305468354,1.0,1.0,0.0
DPYD,0.39724784934471774,1.0,1.0,1.0,0.0
DPYSL2,0.5965716316951796,0.2499291404481674,0.0,0.33333333333333326,0.0
DQX1,0.41264902607269804,1.0,1.0,1.0,0.0
DRAM1,0.6416442956942975,1.0,1.0,1.0,0.0
DRAP1,0.5835981875459125,0.6043506404332835,0.0,1.0,0.0
DRG1,0.5791383981853903,0.6037874283521865,0.0,1.0,0.0
DROSHA,0.5853786811478664,0.4192036168417505,1.0,1.0,0.0
DSC2,0.43393470353269203,1.0,1.0,1.0,0.0
DSC3,0.652923921586495,0.5818142598803202,1.0,1.0,0.0
DSCAML1,0.48824372474248406,0.002730118168576273,0.0,1.0,0.0
DSCC1,0.6828959384206735,1.0,1.0,1.0,0.0
DSEL,0.4179358063871236,0.8922638039614365,0.0,1.0,0.0
DSG2,0.4877389411680531,0.5669757329580892,0.0,0.33333333333333326,0.0
DSG3,0.6541986508845369,0.5273718407458593,1.0,1.0,0.0
DSG4,0.5909216903830631,0.1324898373925424,1.0,1.0,0.0
DSN1,0.63008862918327,1.0,1.0,1.0,0.0
DSP,0.5002296050079859,0.4102666356837146,0.0,0.33333333333333326,0.0
DST,0.45638263046477845,0.8416900876937479,0.0,0.33333333333333326,0.0
DSTYK,0.5799477447712583,0.3565365784076154,0.0,1.0,0.0
DTD1,0.6398027989297119,1.0,1.0,1.0,0.0
DTL,0.634559631106288,0.8769024115793566,1.0,1.0,0.0
DTNBP1,0.5736528235132422,0.6195233634234477,0.0,1.0,0.0
DTX3L,0.5812137455130344,0.30674810162767013,0.0,1.0,0.0
DTYMK,0.6285807664849361,1.0,1.0,1.0,0.0
DUOX2,0.7503238978391709,0.9609578195320564,0.0,1.0,0.0
DUOXA2,0.763684840914602,1.0,0.0,1.0,0.0
DUS1L,0.5896979716760575,0.7998013474028313,1.0,1.0,0.0
DUS3L,0.6007441282392405,0.24022310077432876,1.0,1.0,0.0
DUS4L,0.6155110141542687,0.7057251388726898,1.0,1.0,0.0
DUSP1,0.5126438937732176,0.727154967747617,1.0,0.33333333333333326,0.0
DUSP10,0.674494682625215,1.0,0.0,1.0,0.0
DUSP11,0.5634321555733064,0.16274453927959556,0.0,0.33333333333333326,0.0
DUSP12,0.5645933655071986,0.21832799272883946,0.0,1.0,0.0
DUSP14,0.7076348125735585,1.0,1.0,1.0,0.0
DUSP18,0.5816324320698538,0.2513469166818161,1.0,1.0,0.0
DUSP19,0.4826540210852844,0.6958165981183764,0.0,1.0,0.0
DUSP2,0.7590867012301987,0.7706676587858943,0.0,0.33333333333333326,0.0
DUSP28,0.510464266631119,0.2111525050662492,0.0,0.33333333333333326,0.0
DUSP4,0.6960902529302273,1.0,1.0,1.0,0.0
DUSP5,0.4547836400661114,0.5422347849598743,0.0,0.33333333333333326,0.0
DUSP6,0.5783789518027173,0.17963994332579167,0.0,0.33333333333333326,0.0
DUSP7,0.5918935420234511,0.5864676124453111,1.0,1.0,0.0
DVL1,0.5710778446509949,0.23019975604502968,1.0,1.0,0.0
DVL3,0.5781295294811267,0.20601528489062793,0.0,1.0,0.0
DXO,0.5914933205315565,0.4833005672350521,1.0,1.0,0.0
DYM,0.5366698010987438,0.1404319620438428,0.0,0.33333333333333326,0.0
DYNC1LI1,0.587444882834111,0.46541277869017683,0.0,1.0,0.0
DYNC2I1,0.5783531232792034,0.09511462390653223,0.0,0.33333333333333326,0.0
DYNC2I2,0.6060747101085973,1.0,1.0,1.0,0.0
DYNLL1,0.5367440776883201,0.3188538978443333,0.0,0.33333333333333326,0.0
DYNLRB1,0.595731988787374,1.0,1.0,1.0,0.0
DYNLT2B,0.5994073585063406,0.9709314070062132,1.0,1.0,0.0
DYNLT3,0.5935174402797949,0.4561087832008926,0.0,1.0,0.0
DYRK2,0.4927609040552315,0.4683035225830908,1.0,1.0,0.0
DYRK4,0.5799587101673608,0.35465024066614137,0.0,1.0,0.0
DZIP3,0.5055040893587605,0.1830052890342128,0.0,0.33333333333333326,0.0
E2F1,0.6093634727256139,0.8867370968641065,1.0,1.0,0.0
E2F3,0.6354334458036632,0.6666401881070887,1.0,1.0,0.0
E2F5,0.6478528750334662,1.0,0.0,1.0,0.0
E2F6,0.6522082355850726,0.9833420691223117,1.0,1.0,0.0
E2F7,0.6939147566251321,0.9364057422705095,1.0,1.0,0.0
E2F8,0.5907630075875605,0.2978533700082266,1.0,1.0,0.0
E4F1,0.56934649007892,0.15817875481324753,1.0,1.0,0.0
EAF1,0.5880878274251425,0.178031389573715,0.0,0.33333333333333326,0.0
EAF2,0.45251428490205614,0.3940100136988577,1.0,1.0,0.0
EAPP,0.452929468519442,1.0,0.0,1.0,0.0
EARS2,0.6019971558430288,0.5017423538508984,1.0,1.0,0.0
EBP,0.5979920534421994,0.5462512160224469,1.0,1.0,0.0
EBPL,0.6136510146063939,0.7878463253613255,1.0,1.0,0.0
ECD,0.5758947022651234,0.32760566860027207,0.0,1.0,0.0
ECE2,0.6583567759369349,1.0,0.0,1.0,0.0
ECH1,0.47465005929180015,1.0,1.0,1.0,0.0
ECHDC1,0.49715008599110166,0.16218420576722573,0.0,0.33333333333333326,0.0
ECHDC2,0.47287292381074486,0.7350413655131468,1.0,1.0,0.0
ECHS1,0.4928308156898572,0.5706421076993232,0.0,0.33333333333333326,0.0
ECI1,0.4963545146108468,0.35138520709686694,1.0,1.0,0.0
ECI2,0.42988499345889514,1.0,1.0,1.0,0.0
ECM1,0.6104775999336035,0.7551590266222761,1.0,1.0,0.0
ECRG4,0.3086415918772476,1.0,1.0,1.0,0.0
ECSCR,0.5375812129680245,0.2239658537898516,1.0,0.33333333333333326,0.0
ECT2,0.6914497583845998,1.0,1.0,1.0,0.0
EDAR,0.593416260678047,0.5369246735538401,1.0,1.0,0.0
EDEM1,0.49204982061995167,0.4013677754187314,0.0,0.33333333333333326,0.0
EDEM2,0.5760961858222994,0.2792111886838785,1.0,1.0,0.0
EDEM3,0.4739424468134856,0.7662629804659559,1.0,1.0,0.0
EDIL3,0.37857394430743413,1.0,1.0,1.0,0.0
EDN1,0.5196440632484252,0.39807540164131966,0.0,0.33333333333333326,0.0
EDN3,0.26826406026000743,1.0,1.0,1.0,0.0
EDNRA,0.6822237422236055,0.9133811337810516,1.0,1.0,0.0
EDNRB,0.4359596327901956,0.5736338292156609,0.0,1.0,0.0
EEA1,0.5887397631484284,0.15808128481986386,0.0,0.33333333333333326,0.0
EED,0.5540121346512581,0.006682423022772954,0.0,1.0,0.0
EEF1AKMT1,0.6302728332942065,0.967590320360458,1.0,1.0,0.0
EEF1AKMT3,0.5724783675199411,0.03536513831116868,1.0,1.0,0.0
EEF1D,0.5926549417984671,1.0,1.0,1.0,0.0
EEF1E1,0.6292725390967944,0.7895907503008205,1.0,1.0,0.0
EEF2KMT,0.5741053681554574,0.3736350272810606,1.0,1.0,0.0
EEFSEC,0.5905238874990468,0.4705190721338259,0.0,0.33333333333333326,0.0
EEIG1,0.5050932312719524,0.0594577670152035,0.0,1.0,0.0
EEIG2,0.49100102286595904,0.5372992124818191,0.0,1.0,0.0
EEPD1,0.6005071956521132,1.0,0.0,1.0,0.0
EFCAB11,0.624669513094963,0.46043634974964676,0.0,1.0,0.0
EFCAB14,0.4950518445910917,0.4801764831526141,0.0,0.33333333333333326,0.0
EFCAB7,0.5906547483028629,0.2921510484688832,0.0,0.33333333333333326,0.0
EFEMP1,0.4115730706627707,0.9788904648046041,0.0,1.0,0.0
EFHC1,0.5646316864803426,0.37411446153078515,0.0,0.33333333333333326,0.0
EFHC2,0.38459289282782216,0.9467609265613446,1.0,1.0,0.0
EFL1,0.4932761302119442,0.7235438804603441,0.0,1.0,0.0
EFNA2,0.4765090724225384,0.17632693117397238,1.0,1.0,0.0
EFNA3,0.6674593022289652,0.7228295266146014,0.0,1.0,0.0
EFNA4,0.5949498497654924,0.7013652177533808,1.0,1.0,0.0
EFNA5,0.4487967272955991,0.4942267555675898,1.0,1.0,0.0
EFNB2,0.5038994093958219,0.2053490714304272,0.0,0.33333333333333326,0.0
EFS,0.48338597366952796,0.30311409429728864,0.0,0.33333333333333326,0.0
EFTUD2,0.6066970228006967,1.0,1.0,1.0,0.0
EGF,0.409374178952581,0.6450961505873505,0.0,0.33333333333333326,0.0
EGFL6,0.7188287609061028,1.0,1.0,1.0,0.0
EGFL8,0.5709527640859496,0.25329849683785405,0.0,0.33333333333333326,0.0
EGFR,0.4766553333671859,0.39907158770917184,0.0,0.33333333333333326,0.0
EGLN1,0.4753975257959735,1.0,0.0,1.0,0.0
EGLN3,0.40277033122197015,1.0,0.0,1.0,0.0
EGR1,0.6090800928609872,0.5696208737748614,1.0,0.33333333333333326,0.0
EGR2,0.5768190905529484,0.2710830066060769,1.0,0.33333333333333326,0.0
EGR3,0.6088427515231263,1.0,1.0,0.33333333333333326,0.0
EHBP1,0.5606104753812388,0.4962992845004679,1.0,0.33333333333333326,0.0
EHD4,0.5414544645148605,0.18872943460348265,0.0,0.33333333333333326,0.0
EHHADH,0.4305108889347166,1.0,0.0,1.0,0.0
EHMT1,0.5677436243351752,0.056532801445081424,0.0,1.0,0.0
EHMT2,0.6114991533737405,0.901140719869167,1.0,1.0,0.0
EI24,0.580201266199584,0.08278808063920405,0.0,1.0,0.0
EID1,0.4557249261557612,0.6743493481446603,0.0,0.33333333333333326,0.0
EIF1,0.5524958256319952,0.21400423877992705,0.0,1.0,0.0
EIF1AD,0.5873140956781445,0.2962481392251142,1.0,1.0,0.0
EIF1AX,0.5967822720349836,1.0,1.0,1.0,0.0
EIF1B,0.5227686987069401,0.382686255615415,1.0,0.33333333333333326,0.0
EIF2A,0.5763652636447548,0.11359366158187406,0.0,1.0,0.0
EIF2AK1,0.5879607091623835,1.0,1.0,1.0,0.0
EIF2AK2,0.6034088459421106,0.4311339442497064,0.0,1.0,0.0
EIF2AK3,0.4868930861978864,0.9128133688645659,0.0,0.33333333333333326,0.0
EIF2AK4,0.5379854087164168,0.12060573114158372,0.0,0.33333333333333326,0.0
EIF2B3,0.5867712675269259,0.49797099091603647,1.0,1.0,0.0
EIF2B5,0.5573078599538583,0.48445850284387965,0.0,1.0,0.0
EIF2S1,0.5900133029455135,0.7818883108129862,1.0,1.0,0.0
EIF2S2,0.6395999353680446,1.0,1.0,1.0,0.0
EIF2S3,0.6069802535377898,0.9499343023097698,1.0,1.0,0.0
EIF3A,0.5736720539285711,0.12681793289289708,0.0,0.33333333333333326,0.0
EIF3B,0.6560674737523482,1.0,1.0,1.0,0.0
EIF3CL,0.5804857769419153,0.7388472172092574,1.0,1.0,0.0
EIF3E,0.5819243082852484,0.8088255463499633,1.0,1.0,0.0
EIF3G,0.5877850163149548,0.5476971358314418,1.0,1.0,0.0
EIF3H,0.5813677360911986,0.8556547707904946,1.0,1.0,0.0
EIF3I,0.5865528001216518,0.705699719468902,0.0,1.0,0.0
EIF3J,0.5838039921064833,0.4246026439818502,1.0,1.0,0.0
EIF3K,0.5117954500096262,0.3253657629740043,1.0,1.0,0.0
EIF3M,0.5842423694056135,0.7486025270079152,1.0,1.0,0.0
EIF4A2,0.4958397252330214,0.26854855671017536,0.0,0.0,0.0
EIF4A3,0.58387822481458,0.4261009809903927,1.0,1.0,0.0
EIF4E,0.5429676176414179,0.3530417027104014,0.0,0.33333333333333326,0.0
EIF4E2,0.5752063637144397,0.01861342646280613,0.0,0.33333333333333326,0.0
EIF4E3,0.40300239644178837,1.0,0.0,1.0,0.0
EIF4EBP1,0.6046298369233976,0.7075661300273914,1.0,1.0,0.0
EIF4G1,0.5746770830259645,0.42807484663064793,0.0,1.0,0.0
EIF4H,0.5577960390725462,0.24234307707006209,0.0,1.0,0.0
EIF5A2,0.636160009113824,0.40429598601697014,1.0,1.0,0.0
EIF5B,0.6106534331144827,0.5711640842601364,1.0,1.0,0.0
EIF6,0.6135927757428306,1.0,1.0,1.0,0.0
EIPR1,0.5895632979062895,0.5154572438887984,1.0,1.0,0.0
ELAC1,0.470748601163175,0.9190414301543907,0.0,1.0,0.0
ELAC2,0.5839790470267303,0.26476589405987927,0.0,1.0,0.0
ELANE,0.4801472073176246,0.19360812145399633,0.0,1.0,0.0
ELAPOR1,0.458692720593834,0.1527057424736405,0.0,1.0,0.0
ELAPOR2,0.47087640055161845,0.28953208987621365,0.0,1.0,0.0
ELAVL1,0.5910537551359337,0.777868560534962,1.0,1.0,0.0
ELF1,0.5821667769774546,0.2123780069075328,0.0,0.33333333333333326,0.0
ELF5,0.6454419548774187,0.45134342383952347,1.0,1.0,0.0
ELFN1,0.5888532852653573,0.12573538244909604,0.0,1.0,0.0
ELK1,0.6053836558395418,0.4339127126557573,1.0,1.0,0.0
ELK3,0.6048468748999666,0.19852242672296733,0.0,0.33333333333333326,0.0
ELL2,0.47739758765351803,0.4004426726761343,0.0,0.33333333333333326,0.0
ELL3,0.4491889385599663,1.0,0.0,1.0,0.0
ELMO1,0.47061239459758725,0.43809526459447123,0.0,1.0,0.0
ELMO2,0.6059775741059752,1.0,1.0,1.0,0.0
ELMO3,0.525484045092391,0.16809464802219948,0.0,0.33333333333333326,0.0
ELN,0.6284035644135579,1.0,0.0,0.33333333333333326,0.0
ELOB,0.5711875022059122,0.5131163375523679,0.0,1.0,0.0
ELOC,0.6092141076774577,1.0,1.0,1.0,0.0
ELOF1,0.5714595893750452,0.4173231054600317,0.0,1.0,0.0
ELOVL4,0.4829914212357753,0.05294271460276175,0.0,1.0,0.0
ELOVL5,0.6794754641609495,1.0,1.0,1.0,0.0
ELP1,0.5967305061711025,0.39717074796247803,0.0,1.0,0.0
ELP4,0.582646975828132,0.13020134444584514,0.0,0.33333333333333326,0.0
EMC1,0.585969662815463,0.7493679513599998,0.0,1.0,0.0
EMC10,0.5726412154321772,0.20749907463393374,0.0,1.0,0.0
EMC3,0.5039955440590296,0.8156909496139738,0.0,0.33333333333333326,0.0
EMC4,0.5342701566095843,0.2299249044955698,0.0,0.33333333333333326,0.0
EMC7,0.5080386081720496,0.7121824877796058,0.0,0.33333333333333326,0.0
EMC8,0.606664753916317,0.7626348264773334,1.0,1.0,0.0
EMCN,0.471419419996687,0.4867206228293507,0.0,1.0,0.0
EMD,0.6097521914772708,0.9857727974232153,1.0,1.0,0.0
EMG1,0.6140471425937535,0.666135418916891,1.0,1.0,0.0
EMID1,0.5363259844510224,0.10616053008929255,0.0,0.33333333333333326,0.0
EMILIN2,0.5767702006416247,0.2833334680523125,0.0,1.0,0.0
EML6,0.4719289614663077,0.4834858676071348,0.0,1.0,0.0
EMP1,0.4128760724555716,1.0,1.0,1.0,0.0
ENAH,0.6169531267967071,0.35364533854079105,1.0,1.0,0.0
ENAM,0.4866716244237732,0.028597615215125112,0.0,1.0,0.0
ENC1,0.6620526423358696,1.0,1.0,1.0,0.0
ENDOD1,0.41468486885242645,1.0,1.0,1.0,0.0
ENDOV,0.5403199065960164,0.06987724765791832,0.0,0.33333333333333326,0.0
ENGASE,0.5869478101860316,0.34586384011476085,0.0,1.0,0.0
ENHO,0.4928174692275933,0.13770170055361072,0.0,1.0,0.0
ENKD1,0.6153911821614929,0.4618511084623161,1.0,1.0,0.0
ENKUR,0.48571620073916527,0.01902522046491598,0.0,1.0,0.0
ENO1,0.5937925109055384,1.0,1.0,1.0,0.0
ENO2,0.6278832473706772,0.17722975578138198,0.0,1.0,0.0
ENOPH1,0.5998528327647532,0.9180910024765249,1.0,1.0,0.0
ENOSF1,0.4809449043586115,0.2585073750796686,0.0,1.0,0.0
ENOX2,0.6291689999125665,0.5236867104569732,1.0,1.0,0.0
ENPEP,0.5241154441005242,0.32914595401410207,0.0,0.33333333333333326,0.0
ENPP2,0.40042209536275913,1.0,0.0,1.0,0.0
ENPP3,0.4051187615854219,0.939571276421857,0.0,0.33333333333333326,0.0
ENPP4,0.4900551463840372,0.45426350540711946,0.0,0.33333333333333326,0.0
ENPP5,0.6205567546429874,0.2442126520865647,0.0,1.0,0.0
ENPP6,0.3634398597354248,1.0,0.0,1.0,0.0
ENTPD3,0.4239766192789616,0.5410353986529988,0.0,1.0,0.0
ENTPD4,0.48825367042519724,0.8726801662686582,0.0,0.33333333333333326,0.0
ENTPD5,0.35648647829802327,1.0,1.0,1.0,0.0
ENTPD6,0.5952796576939512,0.32045004170010827,1.0,1.0,0.0
ENTR1,0.6168577804221876,0.7765423908074213,1.0,1.0,0.0
ENTREP1,0.5287458410102612,0.6488266393316987,1.0,0.33333333333333326,0.0
ENTREP2,0.40392406856836977,0.9237233055508912,1.0,1.0,0.0
ENTREP3,0.6159810146843394,0.7561575861186992,1.0,1.0,0.0
ENY2,0.5849494639127548,0.7642624951369896,1.0,1.0,0.0
EOGT,0.5530738885278561,0.24946539217205468,0.0,0.33333333333333326,0.0
EP400,0.6033307103903393,0.5285291882539461,0.0,0.33333333333333326,0.0
EPAS1,0.45470037752029907,1.0,0.0,1.0,0.0
EPB41L1,0.5885014035815659,0.12668530240661693,0.0,1.0,0.0
EPB41L2,0.6465452549637728,0.8922717065621284,0.0,1.0,0.0
EPB41L3,0.2776917369898465,1.0,1.0,1.0,0.0
EPB41L4A,0.3442838826919958,1.0,0.0,1.0,0.0
EPB41L4B,0.4418370466169474,1.0,0.0,1.0,0.0
EPB41L5,0.593510335993225,0.10894825864766478,0.0,1.0,0.0
EPC1,0.5037853862232659,0.5534954032425954,0.0,0.33333333333333326,0.0
EPCAM,0.5329018381636966,0.17236088528547908,0.0,0.33333333333333326,0.0
EPDR1,0.6626803046631767,1.0,1.0,1.0,0.0
EPG5,0.5056800785266239,0.23721329696995103,0.0,0.33333333333333326,0.0
EPHA1,0.5977136593398987,0.45056152681827577,1.0,1.0,0.0
EPHA10,0.458739790759823,0.5548391882994362,0.0,1.0,0.0
EPHA2,0.6715844679788561,1.0,0.0,1.0,0.0
EPHA3,0.4357306838359715,0.7546395035044557,1.0,1.0,0.0
EPHA4,0.3890485882508125,1.0,0.0,1.0,0.0
EPHA7,0.36563545106517514,0.81575261919689,0.0,1.0,0.0
EPHB1,0.6657008771590356,0.5140372588839706,1.0,1.0,0.0
EPHB2,0.6324717686715707,0.7124795892376845,1.0,1.0,0.0
EPHB3,0.6227021462260798,0.520582459578499,1.0,1.0,0.0
EPHB4,0.6423979384456924,1.0,1.0,1.0,0.0
EPHX1,0.4322481244339253,1.0,0.0,1.0,0.0
EPHX2,0.36975031150164483,1.0,1.0,1.0,0.0
EPHX4,0.8316587166513434,1.0,1.0,1.0,0.0
EPM2A,0.47984925869700706,0.4452817600118754,0.0,0.33333333333333326,0.0
EPM2AIP1,0.49408384578520437,0.48427787106902126,1.0,1.0,0.0
EPOP,0.6553055037832449,1.0,1.0,1.0,0.0
EPOR,0.5025736136529095,0.1597390767390075,0.0,1.0,0.0
EPRS1,0.6009000018025366,0.7476629161673944,1.0,1.0,0.0
EPS15,0.5304617663564024,0.3586560125202459,1.0,0.33333333333333326,0.0
EPS15L1,0.6262093003069895,0.259113161882095,0.0,0.33333333333333326,0.0
EPS8,0.48405154226767944,0.9298350573689489,0.0,0.33333333333333326,0.0
EPS8L1,0.5660680139346456,0.16797904037566921,0.0,1.0,0.0
EPSTI1,0.6317654303757607,0.9569348612957901,0.0,1.0,0.0
EPYC,0.6280345903940299,0.0771680942566751,1.0,1.0,0.0
ERAL1,0.5689757403364558,0.5427881437680752,1.0,1.0,0.0
ERAP1,0.4720720081557037,0.1518241746909518,0.0,0.33333333333333326,0.0
ERBIN,0.4604845295786732,0.9165718426189252,0.0,0.33333333333333326,0.0
ERC1,0.5748034539981394,0.21801192557447463,0.0,0.33333333333333326,0.0
ERCC1,0.5868526260402954,0.31851301231041884,0.0,1.0,0.0
ERCC2,0.5558450873230388,0.018909406333562483,0.0,1.0,0.0
ERCC4,0.5945844574934468,0.18344452163001285,0.0,1.0,0.0
ERCC6L,0.659585555213437,0.7450509045592018,1.0,1.0,0.0
ERCC6L2,0.49726136412646027,0.35696203238841123,0.0,0.33333333333333326,0.0
EREG,0.7427728663528839,1.0,1.0,1.0,0.0
ERF,0.5963071173544977,0.4383348281088778,1.0,1.0,0.0
ERG,0.49456354752842674,0.12292086685665432,0.0,0.33333333333333326,0.0
ERG28,0.5771350981101794,0.3824538554776755,1.0,1.0,0.0
ERGIC2,0.5935836099244964,0.6397422750039002,1.0,1.0,0.0
ERGIC3,0.5839764455073798,0.8236718538682574,1.0,1.0,0.0
ERH,0.5672638211646399,0.2966253528003724,1.0,1.0,0.0
ERI3,0.5827840675274533,0.1976455336045549,0.0,1.0,0.0
ERICH1,0.554258229531231,0.14491200398241671,0.0,0.33333333333333326,0.0
ERICH4,0.6090839503701152,0.17689023085410305,0.0,1.0,0.0
ERICH5,0.48015098553800484,0.013977586683330795,0.0,1.0,0.0
ERLIN1,0.5481552038024656,0.06513502493052521,0.0,0.33333333333333326,0.0
ERLN,0.4060222617256388,1.0,1.0,1.0,0.0
ERMAP,0.4790849421781923,0.2959398923177065,0.0,0.33333333333333326,0.0
ERN2,0.43295712234061906,1.0,0.0,1.0,0.0
ERO1A,0.6179110457150507,0.8385962528956317,1.0,1.0,0.0
ERP27,0.6866731393374208,1.0,1.0,1.0,0.0
ERP44,0.5479148726874092,0.15028216115799425,0.0,0.33333333333333326,0.0
ERRFI1,0.5667983923599871,0.6556036295199897,1.0,0.33333333333333326,0.0
ERVMER34-1,0.6305955176155638,0.27105402721382277,0.0,1.0,0.0
ESAM,0.6005217570671397,0.37712170894426966,0.0,1.0,0.0
ESCO2,0.5623918793694664,0.1768132558789532,1.0,0.33333333333333326,0.0
ESD,0.5826290154417123,0.20590955320022636,0.0,0.33333333333333326,0.0
ESF1,0.6136704294360039,0.5836742772365161,0.0,1.0,0.0
ESM1,0.7376228159624006,1.0,1.0,1.0,0.0
ESPL1,0.6272717561686035,1.0,1.0,1.0,0.0
ESPN,0.4795630332570895,0.20307769210739932,0.0,1.0,0.0
ESYT1,0.6002217908251859,0.9683274508235172,1.0,1.0,0.0
ESYT2,0.5690624906344407,0.23386155588401625,0.0,0.33333333333333326,0.0
ETF1,0.5798815669940219,0.2368695172472013,0.0,0.33333333333333326,0.0
ETFA,0.45340392258808265,1.0,0.0,1.0,0.0
ETFB,0.49049868505827104,0.2665338131840487,0.0,1.0,0.0
ETFBKMT,0.43883457405263243,0.5170421739857768,0.0,1.0,0.0
ETFDH,0.39148039035127186,1.0,1.0,1.0,0.0
ETFRF1,0.49921859876465496,0.20089363428256757,0.0,0.33333333333333326,0.0
ETHE1,0.40447312232881205,1.0,1.0,1.0,0.0
ETNK1,0.4748525393623219,0.2856636326821196,0.0,0.33333333333333326,0.0
ETS1,0.4906744233716952,0.2400262748753766,0.0,0.33333333333333326,0.0
ETS2,0.6413038171691087,1.0,0.0,1.0,0.0
ETV3,0.5582072565024554,0.3760539623722994,1.0,0.33333333333333326,0.0
ETV4,0.735778125362152,1.0,1.0,1.0,0.0
ETV5,0.60731568122721,0.2403906961807839,1.0,1.0,0.0
ETV7,0.5855877814706905,0.23644751078358237,0.0,1.0,0.0
EVA1A,0.6543632443713382,0.6496412178312926,1.0,1.0,0.0
EVA1B,0.5366730053208348,0.27105254446764315,0.0,0.33333333333333326,0.0
EVC2,0.4822173422970234,0.022479135747313198,0.0,1.0,0.0
EVI2A,0.4330531927258116,0.567382088595356,1.0,1.0,0.0
EVI2B,0.42129589464278144,0.7692895117194829,1.0,1.0,0.0
EVI5,0.5147430729544898,0.07502488796389763,0.0,0.33333333333333326,0.0
EVPL,0.6317193989460733,0.6067315040629789,1.0,1.0,0.0
EWSR1,0.5766065573058572,0.25504668184063345,0.0,1.0,0.0
EXO1,0.6448141504854534,0.9571906212556849,1.0,1.0,0.0
EXOC1,0.5446237785099621,0.5341507198155332,0.0,0.33333333333333326,0.0
EXOC2,0.5929093338903236,0.1996215877082501,0.0,0.33333333333333326,0.0
EXOC3L4,0.47250279027897435,0.12073667531567654,0.0,1.0,0.0
EXOC4,0.5895904479255625,0.9926740618010946,0.0,1.0,0.0
EXOC6B,0.5082596743220901,0.45125336356134005,1.0,0.33333333333333326,0.0
EXOG,0.5924809582408369,0.5026418586501585,1.0,1.0,0.0
EXOSC1,0.584075399482807,0.7231025046902805,0.0,0.33333333333333326,0.0
EXOSC10,0.5631701667359834,0.17820338361220167,0.0,0.33333333333333326,0.0
EXOSC2,0.606109056516209,0.8043783674894565,1.0,1.0,0.0
EXOSC3,0.6028320999602864,0.9606375825347958,1.0,1.0,0.0
EXOSC4,0.5996889001632596,1.0,1.0,1.0,0.0
EXOSC5,0.6485219588155402,0.6977232273291584,1.0,1.0,0.0
EXOSC7,0.612090647699131,1.0,1.0,1.0,0.0
EXOSC8,0.6192737677053113,1.0,1.0,1.0,0.0
EXOSC9,0.5989778340851605,0.39479972529265045,0.0,1.0,0.0
EXPH5,0.48103489546102635,0.057386471319075275,0.0,1.0,0.0
EXT2,0.5963229353787701,1.0,0.0,1.0,0.0
EXTL2,0.5915410297831767,0.3894645121118384,0.0,0.33333333333333326,0.0
EYA1,0.5627995073140659,0.03914146048323688,0.0,0.0,0.0
EYA2,0.3916158178150058,0.4293801672244546,1.0,1.0,0.0
EZH1,0.507813452820437,0.21729924602237977,0.0,0.33333333333333326,0.0
EZH2,0.6296193154537089,0.7829860614306041,1.0,1.0,0.0
EZR,0.4876666692521247,0.7444699310584619,0.0,1.0,0.0
F10,0.5444612593906077,0.11205904597110605,0.0,0.0,0.0
F12,0.6205902109214413,1.0,1.0,1.0,0.0
F13A1,0.3606397653184902,1.0,1.0,1.0,0.0
F2R,0.6313436113171508,0.33798317949511086,0.0,1.0,0.0
F2RL1,0.433311594770876,1.0,0.0,0.33333333333333326,0.0
F2RL2,0.6846054685687493,1.0,1.0,1.0,0.0
F3,0.5469427335166495,0.15555318510409186,0.0,0.33333333333333326,0.0
FA2H,0.5326630390872615,0.14094914732225716,0.0,0.33333333333333326,0.0
FAAH2,0.589202896893606,0.27216237311623914,0.0,1.0,0.0
FAAP100,0.5753567236260363,0.3454500260639063,1.0,1.0,0.0
FAAP20,0.5859214601471365,0.3098028960968484,1.0,1.0,0.0
FAAP24,0.5598382102902381,0.05551217844831536,0.0,1.0,0.0
FABP1,0.34130866280799077,1.0,1.0,1.0,0.0
FABP2,0.3577727892698732,1.0,0.0,1.0,0.0
FABP4,0.3309044159162337,1.0,1.0,1.0,0.0
FABP6,0.8230438376301791,1.0,1.0,1.0,0.0
FADD,0.5708234495163396,0.3632673272518602,0.0,0.33333333333333326,0.0
FADS2,0.6386973327358745,0.3788623266625855,1.0,1.0,0.0
FADS3,0.612603718726808,0.8061529779570411,0.0,1.0,0.0
FAF1,0.5721489409420223,0.678651556867707,1.0,1.0,0.0
FAF2,0.5801537889825688,0.347489942356363,0.0,0.33333333333333326,0.0
FAHD1,0.49466451333167494,0.6184096940562841,0.0,1.0,0.0
FAIM,0.5868359734795088,0.4276989684616662,1.0,1.0,0.0
FAIM2,0.6668101985607746,0.6599928207358707,0.0,1.0,0.0
FAM107A,0.38497288920312556,1.0,1.0,1.0,0.0
FAM107B,0.4328815299664964,1.0,1.0,1.0,0.0
FAM110A,0.5918073762713646,0.6577175673933584,1.0,1.0,0.0
FAM110C,0.4744157936120169,0.684588745935329,0.0,1.0,0.0
FAM114A1,0.4643187510356886,1.0,0.0,1.0,0.0
FAM114A2,0.49602837350721324,0.5744856957464595,0.0,0.33333333333333326,0.0
FAM120AOS,0.49038753889065984,0.9482449860791033,0.0,1.0,0.0
FAM120B,0.5127137625773898,0.15173316718974866,0.0,0.33333333333333326,0.0
FAM120C,0.6122605486767648,0.44279930950878293,0.0,1.0,0.0
FAM131A,0.536792830567439,0.14508096415505836,0.0,0.33333333333333326,0.0
FAM135A,0.49133834794259446,0.9662045602043681,0.0,0.33333333333333326,0.0
FAM13A,0.4689997727466521,0.46044628450969055,0.0,0.33333333333333326,0.0
FAM13B,0.47416271409997446,0.7564551714265849,1.0,1.0,0.0
FAM13C,0.4474790518823714,1.0,1.0,1.0,0.0
FAM149A,0.4508283816099103,0.619599526600548,1.0,1.0,0.0
FAM149B1,0.4973130616395656,0.2314224824913529,0.0,0.33333333333333326,0.0
FAM156B,0.5760573643336359,0.2350734265060805,1.0,1.0,0.0
FAM161A,0.5813529327726145,0.12344262634097344,0.0,1.0,0.0
FAM162A,0.44880045049697187,1.0,1.0,1.0,0.0
FAM174A,0.4722590410041444,0.5613151541610288,0.0,0.33333333333333326,0.0
FAM174C,0.5849614806717262,0.6381743795473788,1.0,1.0,0.0
FAM193A,0.566841352762748,0.053140785382040666,0.0,0.33333333333333326,0.0
FAM199X,0.5777693024568896,0.1809995955502872,0.0,1.0,0.0
FAM204A,0.5606909156708553,0.07299322579361224,0.0,0.33333333333333326,0.0
FAM216A,0.6303907080604118,1.0,1.0,1.0,0.0
FAM217B,0.6193507253558513,1.0,1.0,1.0,0.0
FAM219A,0.642242541793872,0.36746478322202203,1.0,1.0,0.0
FAM219B,0.488262841028678,0.4866569082909652,0.0,1.0,0.0
FAM220A,0.6056060521936508,1.0,1.0,1.0,0.0
FAM222A,0.5949073979201842,0.07644435378465121,0.0,1.0,0.0
FAM234A,0.5648978265992762,0.08807165906354424,0.0,0.33333333333333326,0.0
FAM241A,0.5612370683119856,0.08133220836111356,0.0,0.33333333333333326,0.0
FAM241B,0.6343756888375889,0.5502600830700656,1.0,1.0,0.0
FAM24A,0.5359961023316526,0.41448787066109244,0.0,0.0,0.0
FAM3A,0.5718247600378307,0.19147086853625767,0.0,1.0,0.0
FAM3B,0.7693033712539511,1.0,0.0,1.0,0.0
FAM3D,0.44333498027407975,1.0,1.0,1.0,0.0
FAM43A,0.5015208191258158,0.06348356474267346,0.0,1.0,0.0
FAM50A,0.5830451165089843,0.6824792855760398,1.0,1.0,0.0
FAM53A,0.6137029253578035,0.5025784361142317,1.0,1.0,0.0
FAM53C,0.6079338403448997,0.6369386192362229,0.0,1.0,0.0
FAM72A,0.659558411982466,0.9306723419560797,1.0,1.0,0.0
FAM89B,0.559046786500903,0.22219999167146617,0.0,1.0,0.0
FAM8A1,0.46769065069329513,0.6884181114841833,0.0,0.33333333333333326,0.0
FAM91A1,0.5962537720977709,1.0,1.0,1.0,0.0
FAM98A,0.595157784723154,0.7327040367749027,1.0,1.0,0.0
FAM98C,0.49552306871708396,0.369916708157972,0.0,1.0,0.0
FAN1,0.5363888935925433,0.017096114006722583,0.0,0.33333333333333326,0.0
FANCA,0.6083306987838029,0.5109339969427094,1.0,1.0,0.0
FANCB,0.6169485625441194,0.46509354093143507,0.0,1.0,0.0
FANCD2,0.6405951698100124,0.5239975549136513,0.0,0.33333333333333326,0.0
FANCE,0.569864479928508,0.3419882002636094,1.0,1.0,0.0
FANCF,0.5833548856721229,0.5183916440039174,0.0,1.0,0.0
FANCG,0.6101520816699765,0.8394591518014898,1.0,1.0,0.0
FANCI,0.6442247159713322,0.9738184882685424,1.0,1.0,0.0
FANCL,0.571455264089288,0.30286860658753173,1.0,1.0,0.0
FAP,0.7512991971206908,0.8029886744602865,1.0,1.0,0.0
FAR1,0.48264838414144007,1.0,0.0,0.33333333333333326,0.0
FARP1,0.6133615703899185,0.6696719937531086,0.0,1.0,0.0
FARSA,0.6180767783437232,0.8942610935175141,1.0,1.0,0.0
FARSB,0.5903608450032762,0.44701066290165437,1.0,1.0,0.0
FAS,0.40893153649260056,1.0,0.0,1.0,0.0
FASN,0.6687938999598849,1.0,1.0,1.0,0.0
FASTKD2,0.5960118239475438,0.41125247333839415,0.0,1.0,0.0
FAT1,0.6010653527429473,0.20377492572934716,0.0,1.0,0.0
FAU,0.5426480277272312,0.4026522073860393,0.0,0.33333333333333326,0.0
FBL,0.6042563423974806,1.0,1.0,1.0,0.0
FBLIM1,0.4703861888465028,0.5585023822435297,0.0,1.0,0.0
FBLN1,0.43146087109079073,0.6373204798034596,0.0,1.0,0.0
FBN1,0.5873559895285081,0.45410094135675166,1.0,0.33333333333333326,0.0
FBRSL1,0.6292223569195295,0.6164557609540842,1.0,1.0,0.0
FBXL17,0.4988063905453822,0.2663897165039611,0.0,0.33333333333333326,0.0
FBXL19,0.5867218044421604,0.7860501640967524,0.0,1.0,0.0
FBXL2,0.6139323999841287,0.8434073539280709,1.0,1.0,0.0
FBXL20,0.5104056311021432,0.07406961331268054,0.0,0.33333333333333326,0.0
FBXL3,0.48664404160259683,0.9637179453286463,0.0,0.33333333333333326,0.0
FBXL4,0.5784431883230555,0.1290219953237222,0.0,1.0,0.0
FBXL5,0.4720732341202025,0.7439748176848541,0.0,0.33333333333333326,0.0
FBXL6,0.5745657535764538,0.44328530905307406,0.0,0.33333333333333326,0.0
FBXO11,0.5317103282230391,0.02916707541510412,0.0,0.33333333333333326,0.0
FBXO16,0.5225807337796026,0.37099946686836077,0.0,0.33333333333333326,0.0
FBXO2,0.593033011774619,0.2881714485322714,0.0,1.0,0.0
FBXO21,0.583376207676715,0.7513236958134981,0.0,1.0,0.0
FBXO22,0.5927773303556844,0.13971488058612946,0.0,1.0,0.0
FBXO25,0.48547922421337114,0.49683503295505294,0.0,1.0,0.0
FBXO3,0.4732977757645857,1.0,0.0,0.33333333333333326,0.0
FBXO30,0.5338902074009944,0.2659397734435821,0.0,0.33333333333333326,0.0
FBXO32,0.4117698241013879,0.6886842437834607,0.0,1.0,0.0
FBXO38,0.5363305727654378,0.28083257826287167,1.0,0.33333333333333326,0.0
FBXO42,0.5550051577112116,0.10195274402150978,1.0,0.33333333333333326,0.0
FBXO45,0.6114082204008442,0.8184924185026248,1.0,1.0,0.0
FBXO46,0.558467901361689,0.12805781858709078,0.0,1.0,0.0
FBXO5,0.6249198057056486,0.8429308015633762,1.0,1.0,0.0
FBXO6,0.603911743408984,1.0,0.0,1.0,0.0
FBXO7,0.5399178621421336,0.06362409985040224,0.0,0.33333333333333326,0.0
FBXO8,0.4527556566369996,1.0,0.0,1.0,0.0
FBXW4,0.5158114382895735,0.05392876938322502,0.0,1.0,0.0
FBXW5,0.5009279409928806,0.22669549050082755,0.0,1.0,0.0
FBXW9,0.5738702426130776,0.6663685481161444,1.0,1.0,0.0
FCAMR,0.46533576998407633,0.13218343887362635,0.0,1.0,0.0
FCER1A,0.4086729482504698,0.667611149198147,1.0,1.0,0.0
FCF1,0.5348353552771723,0.11441593975456867,0.0,0.33333333333333326,0.0
FCGBP,0.2610407503138269,1.0,1.0,1.0,0.0
FCGR2B,0.44746183762000863,0.5760615400653739,0.0,1.0,0.0
FCGR2C,0.5522736018021299,0.1400613304019819,0.0,0.33333333333333326,0.0
FCGR3B,0.6601893682320965,0.6613299759217016,0.0,1.0,0.0
FCGRT,0.48182764633718167,0.7702240192697809,1.0,1.0,0.0
FCHO1,0.5752826265650551,0.15931915352764595,1.0,1.0,0.0
FCHO2,0.4691190143091629,1.0,0.0,0.33333333333333326,0.0
FCHSD2,0.557726026237971,0.13904386215366357,1.0,0.33333333333333326,0.0
FCMR,0.4451896548189553,0.3237565205357823,0.0,1.0,0.0
FCN2,0.45488849215549326,1.0,0.0,1.0,0.0
FCRL1,0.4088820781698883,0.5123024855954204,0.0,1.0,0.0
FCRL2,0.4528055790278452,0.6995451052255747,0.0,1.0,0.0
FCRL3,0.42297050327135044,0.3646038044518758,0.0,0.33333333333333326,0.0
FCRL5,0.4533468444448678,0.24728569148329682,0.0,1.0,0.0
FCRLA,0.4503990382440407,0.5581208046863733,1.0,1.0,0.0
FCRLB,0.6327514135796647,0.2930637087538005,0.0,1.0,0.0
FDCSP,0.30960829122022326,0.5798868984326929,1.0,1.0,0.0
FDPS,0.5773659777513511,0.4652303139758704,1.0,1.0,0.0
FDX2,0.5842385259994762,0.4961172198952064,1.0,1.0,0.0
FDXR,0.5741166231375424,0.0629531306132841,0.0,1.0,0.0
FECH,0.4660097491239897,0.7537750394912354,0.0,1.0,0.0
FEM1A,0.5811218823744599,0.26620518278071265,0.0,1.0,0.0
FEM1B,0.5033274867150064,0.4191500452711473,0.0,0.33333333333333326,0.0
FEM1C,0.4719552913336249,0.6686108994894826,0.0,0.33333333333333326,0.0
FEN1,0.6536049879864496,1.0,1.0,1.0,0.0
FER,0.5230364438787635,0.5181507574557142,0.0,0.33333333333333326,0.0
FERMT1,0.6416358791708345,0.6375137185084073,1.0,1.0,0.0
FERMT3,0.4484831666815407,0.564000396027179,1.0,1.0,0.0
FES,0.5668102111096976,0.07597458411573968,0.0,0.0,0.0
FEV,0.4696517848776511,0.3897543162707484,1.0,1.0,0.0
FEZ1,0.466435481644941,0.7161612586875665,0.0,1.0,0.0
FEZ2,0.47759997966432916,0.9199591289293326,0.0,0.33333333333333326,0.0
FFAR4,0.4035098340048827,1.0,1.0,1.0,0.0
FGD4,0.46093039449665535,0.9968660131605358,1.0,1.0,0.0
FGD6,0.5153233236822833,0.3483529899119171,1.0,0.33333333333333326,0.0
FGF14,0.5096148822775922,0.0019564162725651166,0.0,1.0,0.0
FGF7,0.41506133428644937,1.0,0.0,0.33333333333333326,0.0
FGF9,0.397837892084902,1.0,0.0,1.0,0.0
FGFBP1,0.4438818763438386,0.7297987185348521,0.0,1.0,0.0
FGFBP2,0.45447923227805526,0.18721829925098452,0.0,1.0,0.0
FGFR2,0.3542510108970073,1.0,1.0,1.0,0.0
FGFR4,0.624851302209822,1.0,1.0,1.0,0.0
FGFRL1,0.6491850014088142,0.6160267337043446,1.0,1.0,0.0
FGGY,0.6391429386995426,0.3348243211188285,0.0,1.0,0.0
FGL2,0.35866566510738745,1.0,1.0,1.0,0.0
FGR,0.5993605502401697,0.15019537130840907,0.0,1.0,0.0
FH,0.4897429239865903,0.8876401348303107,0.0,1.0,0.0
FHAD1,0.504483511100362,0.17500399409899983,0.0,1.0,0.0
FHIP1B,0.49989851445372735,0.14682701140435678,0.0,1.0,0.0
FHIP2A,0.5870754680548154,0.24500663632486105,0.0,0.33333333333333326,0.0
FHL1,0.3715303308063795,1.0,1.0,1.0,0.0
FHL3,0.6064401196761572,0.32403157061931326,0.0,1.0,0.0
FHOD3,0.5645863014630618,0.11025121374852956,0.0,0.0,0.0
FIBIN,0.6814478203417851,0.6483104049991842,0.0,0.33333333333333326,0.0
FIBP,0.5723089259208523,0.31079153708808555,1.0,1.0,0.0
FIG4,0.502703582864721,0.2992236218104264,0.0,0.33333333333333326,0.0
FIGN,0.46166855806813334,0.40969356129594237,0.0,1.0,0.0
FIGNL1,0.6502907865419907,1.0,1.0,1.0,0.0
FILIP1,0.4988385652079371,0.1653805530827564,0.0,1.0,0.0
FILIP1L,0.5838769843372315,0.7621320518872269,1.0,0.33333333333333326,0.0
FIRRM,0.6421303490175959,0.5854625260930941,1.0,1.0,0.0
FITM2,0.6106097412893227,0.6527519065040235,1.0,1.0,0.0
FJX1,0.6416217199977499,0.6575772166638906,1.0,1.0,0.0
FKBP10,0.6664617545161907,1.0,1.0,1.0,0.0
FKBP11,0.6089607984627721,0.205807073067368,0.0,1.0,0.0
FKBP14,0.5926551149227395,0.42992226965640634,1.0,1.0,0.0
FKBP1B,0.39694968037291267,1.0,0.0,1.0,0.0
FKBP2,0.4919311441985121,0.640138278119604,0.0,1.0,0.0
FKBP4,0.5936708882627957,1.0,1.0,1.0,0.0
FKBP5,0.4773655070856831,0.3717153462053645,0.0,1.0,0.0
FKBP7,0.5930219389192767,0.47344986952651635,0.0,0.33333333333333326,0.0
FKBP9,0.6011278458998752,0.9494436021723061,1.0,1.0,0.0
FKBPL,0.5736243465225765,0.22647639167803651,0.0,1.0,0.0
FKTN,0.5676068848245591,0.03896440182086859,0.0,1.0,0.0
FLAD1,0.5908706211157819,0.7930118977658344,1.0,1.0,0.0
FLI1,0.4657754851159418,0.6195306133846215,1.0,1.0,0.0
FLII,0.47125695588425975,0.6659043415469571,0.0,0.33333333333333326,0.0
FLNA,0.5224334820094538,0.06787621198862849,0.0,0.33333333333333326,0.0
FLNB,0.45327093532999274,0.9377314494165476,0.0,1.0,0.0
FLOT1,0.5682410319601487,0.31554300118988304,0.0,1.0,0.0
FLOT2,0.5689607373425795,0.059959992220495785,0.0,1.0,0.0
FLT3,0.49385258236449425,0.2084746193085165,0.0,1.0,0.0
FLVCR1,0.6232993889711793,0.6052385390537999,1.0,1.0,0.0
FLVCR2,0.45706164118212195,0.7762812268359073,1.0,1.0,0.0
FLYWCH1,0.5950678116428754,0.023073031164183112,0.0,0.33333333333333326,0.0
FMC1,0.5073800095655565,0.23374675514075355,0.0,1.0,0.0
FMN1,0.5156775108943275,0.7557025922385547,0.0,0.33333333333333326,0.0
FMN2,0.449650415736461,0.4225790614805903,0.0,0.33333333333333326,0.0
FMNL2,0.6474654823697383,0.4898424133754613,0.0,1.0,0.0
FMO3,0.6098093484010066,0.18569720575733575,0.0,1.0,0.0
FMO4,0.44768269748074013,1.0,1.0,1.0,0.0
FMO5,0.38123152406409766,1.0,1.0,1.0,0.0
FMR1,0.5764640362663555,0.5147499822591797,1.0,1.0,0.0
FN1,0.6287171206267339,0.14780695518912323,0.0,0.33333333333333326,0.0
FN3KRP,0.5383827747453002,0.15021938796034728,0.0,0.33333333333333326,0.0
FNBP1,0.45023873431460887,0.8556150870043001,0.0,1.0,0.0
FNBP4,0.5899780228339607,0.2550370937286245,0.0,1.0,0.0
FNDC1,0.6724397373837963,0.5565582029898241,0.0,1.0,0.0
FNDC10,0.5629545310860424,0.18515699481109418,0.0,1.0,0.0
FNDC3A,0.5527627090016811,0.04095160318184304,0.0,0.33333333333333326,0.0
FNDC5,0.5014825855380576,0.3476930575826999,0.0,1.0,0.0
FNIP2,0.45873274883252935,0.46218228265510597,0.0,1.0,0.0
FNTA,0.593196457247329,1.0,1.0,1.0,0.0
FOCAD,0.5835508311143461,0.4815137880110938,1.0,1.0,0.0
FOLR2,0.3887604952579757,1.0,0.0,1.0,0.0
FOS,0.5915627628597158,1.0,1.0,0.33333333333333326,0.0
FOSB,0.5934865069351185,0.9951966376847964,1.0,0.33333333333333326,0.0
FOSL1,0.6919760209986437,0.9274067623072461,0.0,1.0,0.0
FOSL2,0.4663629925265236,0.50371237389758,0.0,1.0,0.0
FOXA1,0.40160456560953195,1.0,0.0,1.0,0.0
FOXA2,0.6535811838560649,0.9683022680676837,1.0,1.0,0.0
FOXC1,0.6400141893481317,0.4706646869095934,0.0,1.0,0.0
FOXD2,0.4745228558507261,0.6109846027637539,0.0,1.0,0.0
FOXF1,0.45925422397183147,0.5996794195335484,0.0,1.0,0.0
FOXF2,0.4340498184089803,0.7572248892265376,1.0,1.0,0.0
FOXJ1,0.5462158655714584,0.38845609604632697,0.0,0.33333333333333326,0.0
FOXJ3,0.5096454920312697,0.10639167132001325,0.0,0.33333333333333326,0.0
FOXK1,0.589984522974455,0.6389681081045018,1.0,1.0,0.0
FOXK2,0.5908852312952807,0.29164333906164663,1.0,1.0,0.0
FOXM1,0.7017538621756134,1.0,1.0,1.0,0.0
FOXN2,0.595292323304577,0.5519114874088793,1.0,1.0,0.0
FOXN3,0.4651884470747519,0.8545850689508728,0.0,1.0,0.0
FOXO1,0.4595339695819493,0.7814222751925705,0.0,0.33333333333333326,0.0
FOXO6,0.5901388888956822,0.38050043641344233,0.0,1.0,0.0
FOXP1,0.5039862386086031,0.22270501011517654,0.0,0.33333333333333326,0.0
FOXP2,0.40134641375455693,0.817776617470224,1.0,1.0,0.0
FOXP4,0.6112354570329614,0.5613357572412823,0.0,1.0,0.0
FOXQ1,0.9537693619487432,1.0,1.0,1.0,0.0
FOXRED2,0.6014058215903096,0.8021700285274215,1.0,1.0,0.0
FPGS,0.6156045457875302,0.506527073091565,1.0,1.0,0.0
FPR1,0.6484757604029611,0.5856576228614172,0.0,0.33333333333333326,0.0
FPR2,0.6053449786703213,0.1287055499367628,0.0,0.33333333333333326,0.0
FRAT1,0.5054313784854184,0.15092977110415579,1.0,1.0,0.0
FRK,0.4763443327239756,0.727454326666925,0.0,0.33333333333333326,0.0
FRMD3,0.36854358426116063,1.0,1.0,1.0,0.0
FRMD4B,0.4190255894364934,1.0,0.0,1.0,0.0
FRMD5,0.6304318282179855,0.12928012275175593,1.0,1.0,0.0
FRS2,0.498450222978689,0.6389948574690238,0.0,1.0,0.0
FRYL,0.47314441884680364,0.6364562745346566,0.0,0.33333333333333326,0.0
FRZB,0.39006358966404675,1.0,1.0,1.0,0.0
FSBP,0.6221253708694744,0.6705920339821816,0.0,0.33333333333333326,0.0
FSCN1,0.6369871043763217,0.6835452640222475,0.0,1.0,0.0
FSIP1,0.4520159426782425,1.0,0.0,0.33333333333333326,0.0
FSIP2,0.4219592279448169,0.775991408235167,0.0,1.0,0.0
FSTL1,0.6165525337937626,0.26864001346546884,0.0,0.33333333333333326,0.0
FSTL5,0.560584020359636,0.07491063753767521,0.0,0.33333333333333326,0.0
FTCDNL1,0.5845738694170848,0.05866406052592724,1.0,1.0,0.0
FTO,0.5816722738816481,0.18951792322528327,0.0,0.33333333333333326,0.0
FTSJ1,0.6157728213732645,1.0,1.0,1.0,0.0
FTSJ3,0.5740766706652896,0.44759910043122814,1.0,1.0,0.0
FUCA1,0.4167983087655705,1.0,1.0,1.0,0.0
FUCA2,0.569822823643151,0.2965943046943934,1.0,1.0,0.0
FUNDC1,0.5777202741051768,0.2570263778105843,1.0,1.0,0.0
FUNDC2,0.5808970218780423,0.7675314762653294,0.0,0.33333333333333326,0.0
FUS,0.5948687450597352,0.5730531315508225,1.0,1.0,0.0
FUT1,0.645683866837202,0.7182927610579066,1.0,1.0,0.0
FUT2,0.5377070208280682,0.3558274205491655,0.0,0.33333333333333326,0.0
FUT4,0.5829470709047225,0.32759009119990246,0.0,1.0,0.0
FUT8,0.6081312418166179,0.819385338666915,0.0,1.0,0.0
FXN,0.6003043037273689,0.5889927354425615,1.0,1.0,0.0
FXYD1,0.3243995429781009,1.0,1.0,1.0,0.0
FXYD3,0.43906441898038123,1.0,1.0,1.0,0.0
FXYD5,0.6691439186774977,0.9360003890804595,1.0,1.0,0.0
FYB1,0.45943901409349897,0.5629275303872513,1.0,1.0,0.0
FZD1,0.475146120125432,0.6497123297081027,1.0,1.0,0.0
FZD10,0.6069392053836808,0.06071712334885337,0.0,1.0,0.0
FZD3,0.6278154789059066,0.8425167585606653,1.0,1.0,0.0
FZD5,0.45693126939624507,0.8854112349676186,0.0,1.0,0.0
FZD6,0.62478399509892,0.6837719771484627,0.0,1.0,0.0
FZD7,0.5413247349527163,0.3845405002980257,0.0,0.33333333333333326,0.0
FZR1,0.5923636080885506,0.775392093396294,0.0,0.33333333333333326,0.0
G3BP1,0.5923734865440634,0.45481981325623905,1.0,1.0,0.0
G3BP2,0.5491136185656355,0.18181015477002474,0.0,0.33333333333333326,0.0
G6PC2,0.5027950220181036,0.06947268152763908,0.0,1.0,0.0
G6PC3,0.5913868221695754,1.0,1.0,1.0,0.0
G6PD,0.6437551533811643,1.0,1.0,1.0,0.0
GAB1,0.44577413492116325,1.0,0.0,1.0,0.0
GAB2,0.49582162673567026,0.4491287091610924,0.0,1.0,0.0
GAB3,0.47993500174115283,0.0887810839671653,0.0,1.0,0.0
GABARAP,0.4908370463438567,0.7770091300367367,0.0,0.33333333333333326,0.0
GABARAPL1,0.4613206567696267,0.5306753921074755,0.0,0.33333333333333326,0.0
GABARAPL2,0.49007242040068666,0.8512867909523555,0.0,0.33333333333333326,0.0
GABPA,0.49220027191647203,0.3057329326158164,0.0,0.33333333333333326,0.0
GABPB1,0.5750510682745299,0.2917423482993108,1.0,1.0,0.0
GABRA2,0.4042073006500879,0.376646175157899,1.0,1.0,0.0
GABRA6,0.5082889602295458,0.23962313935073473,0.0,0.0,0.0
GABRB2,0.44341554279166395,0.13531914602168096,0.0,1.0,0.0
GABRB3,0.47596013701694057,0.16542546867069566,0.0,0.33333333333333326,0.0
GAD1,0.5967158992108279,0.4935983152387412,1.0,1.0,0.0
GADD45A,0.46720795520949876,0.5987254792925669,0.0,1.0,0.0
GADD45B,0.5378808835644426,0.7115160796931589,0.0,0.33333333333333326,0.0
GADD45G,0.5749060104993313,0.20047588712832137,0.0,1.0,0.0
GADD45GIP1,0.6013762317229656,0.8131783610219846,1.0,1.0,0.0
GAL,0.6820819067107863,0.625225167875544,1.0,1.0,0.0
GAL3ST1,0.4487183742477046,0.29063677533083376,1.0,1.0,0.0
GAL3ST4,0.49886110004870554,0.25241274500651634,0.0,1.0,0.0
GALC,0.4824470335381061,0.4288198581208649,0.0,1.0,0.0
GALK1,0.6358267358942985,0.5347870092939458,0.0,0.33333333333333326,0.0
GALM,0.4898374274200267,0.27449507634256315,1.0,1.0,0.0
GALNT1,0.4924454923054999,0.23211174399057746,0.0,1.0,0.0
GALNT11,0.5979713769446263,1.0,0.0,1.0,0.0
GALNT12,0.40662054840010337,1.0,0.0,1.0,0.0
GALNT18,0.585729540006639,0.47490189427908336,0.0,1.0,0.0
GALNT2,0.6105013901990449,0.686232757549366,1.0,1.0,0.0
GALNT5,0.5268053488947176,0.19473270416877123,0.0,0.33333333333333326,0.0
GALNT6,0.6965388262998753,1.0,1.0,1.0,0.0
GALNT7,0.46908276478559285,1.0,0.0,1.0,0.0
GALNT8,0.5007470275915621,0.06844410627876019,0.0,1.0,0.0
GALT,0.509307752338807,0.27209476957922696,0.0,0.33333333333333326,0.0
GANAB,0.5702385881457486,0.26008005064958534,0.0,0.33333333333333326,0.0
GAPDH,0.5550115903130446,0.3543620017159958,0.0,1.0,0.0
GAPT,0.4237136728760477,0.5599967159980074,0.0,1.0,0.0
GAR1,0.5775551245761765,0.3804853747929744,1.0,1.0,0.0
GAREM1,0.4488139460395906,1.0,0.0,1.0,0.0
GARS1,0.6500907482301209,1.0,1.0,1.0,0.0
GART,0.6412321853670052,1.0,1.0,1.0,0.0
GAS1,0.5430762337044279,0.1569385095691957,0.0,0.33333333333333326,0.0
GAS2,0.6671124515860746,0.667260198524575,1.0,1.0,0.0
GAS6,0.5100844045053715,0.2343671982777859,0.0,1.0,0.0
GAS7,0.46558492267251644,0.6304784942543628,0.0,1.0,0.0
GATAD2A,0.6000478381350236,0.6543368270650752,1.0,1.0,0.0
GATC,0.5632549096290195,0.07820249367399149,0.0,1.0,0.0
GATD1,0.6006054822444883,0.8439420360265725,1.0,1.0,0.0
GATD3,0.47620376871270753,0.6197888997795744,0.0,1.0,0.0
GATM,0.42723608830281384,1.0,1.0,1.0,0.0
GBA2,0.4650989413956014,1.0,0.0,1.0,0.0
GBA3,0.2280385491358062,1.0,1.0,1.0,0.0
GBP1,0.5688337673329312,1.0,0.0,0.33333333333333326,0.0
GBP2,0.525035961356511,0.4759056983514195,1.0,0.33333333333333326,0.0
GBP3,0.4204155478924576,0.2660694266190991,0.0,0.33333333333333326,0.0
GCAT,0.5808133826366085,0.2658100267202108,0.0,1.0,0.0
GCC1,0.5567951796354623,0.07387890256708071,1.0,1.0,0.0
GCC2,0.47469189886878416,1.0,0.0,0.33333333333333326,0.0
GCDH,0.5816262369914964,0.23354055747847383,0.0,1.0,0.0
GCG,0.06990932355635819,1.0,1.0,1.0,0.0
GCLC,0.567412984441621,0.08122438088590107,0.0,1.0,0.0
GCLM,0.6066746339129998,0.3832891691511942,0.0,0.33333333333333326,0.0
GCN1,0.5948051999226791,0.5237825003800233,1.0,1.0,0.0
GCNT2,0.19485777046873223,1.0,1.0,1.0,0.0
GCNT3,0.3575330780945996,1.0,1.0,1.0,0.0
GCSAM,0.4270809654803326,0.5321068908325131,0.0,1.0,0.0
GDAP1,0.5968576018582008,0.2694890176762829,0.0,1.0,0.0
GDAP2,0.49685263051511647,0.014406887592837564,0.0,0.33333333333333326,0.0
GDE1,0.4566513915607994,1.0,0.0,1.0,0.0
GDF15,0.7766306533099623,1.0,1.0,1.0,0.0
GDI1,0.5974710973334552,0.6856986490228392,1.0,1.0,0.0
GDPD1,0.5489713506935856,0.38538428058354673,0.0,0.33333333333333326,0.0
GDPD2,0.35091466975473196,1.0,0.0,1.0,0.0
GDPD3,0.36374399038593536,1.0,1.0,1.0,0.0
GDPD5,0.6504286461613759,1.0,1.0,1.0,0.0
GDPGP1,0.49494732746810716,0.39369026912894645,0.0,1.0,0.0
GEM,0.5833737735336882,0.7084270483254009,1.0,0.33333333333333326,0.0
GEMIN4,0.6113010915727418,0.4098092856228545,1.0,1.0,0.0
GEMIN5,0.6176252938418691,0.8464803248930728,1.0,1.0,0.0
GEMIN6,0.6123803607506821,0.621780562444016,1.0,1.0,0.0
GEMIN8,0.6196303493179304,0.49937889733290247,0.0,1.0,0.0
GET3,0.5652213379630692,0.3768260255926097,0.0,1.0,0.0
GET4,0.5834960306345812,0.4558076330997538,0.0,1.0,0.0
GFER,0.48240877775324864,0.5621630032192705,1.0,1.0,0.0
GFI1,0.45656632867970104,0.3520103013767398,0.0,1.0,0.0
GFOD1,0.5091573652720105,0.12138481123867823,0.0,1.0,0.0
GFPT2,0.5488039050919958,0.15205191872370652,0.0,0.33333333333333326,0.0
GFRA1,0.47263606260216284,0.4455644574501165,0.0,0.33333333333333326,0.0
GFRA3,0.4565613448710683,0.6384424249766264,1.0,1.0,0.0
GFUS,0.6002545156546396,1.0,1.0,1.0,0.0
GGA3,0.5710962953432052,0.13306513422028812,0.0,1.0,0.0
GGCT,0.6349388356517364,1.0,1.0,1.0,0.0
GGCX,0.60704456843731,0.2684962724170523,0.0,1.0,0.0
GGH,0.6108194613551005,0.7198195569581528,1.0,1.0,0.0
GGPS1,0.5831311500501422,0.13557335351545746,0.0,0.33333333333333326,0.0
GGT6,0.3993429915500366,1.0,1.0,1.0,0.0
GHDC,0.5659310484552768,0.18096705273991345,1.0,1.0,0.0
GHITM,0.4661839667281003,1.0,0.0,0.33333333333333326,0.0
GHR,0.3450963998520548,0.9896455477870149,1.0,1.0,0.0
GID4,0.5423501294929968,0.21019688393552746,0.0,0.33333333333333326,0.0
GID8,0.6105426285323942,1.0,0.0,1.0,0.0
GIGYF2,0.5361145348996812,0.05062185665953172,0.0,0.33333333333333326,0.0
GIMAP1,0.44979753200876543,1.0,1.0,1.0,0.0
GIMAP2,0.5372436641432006,0.07880353378386235,0.0,0.33333333333333326,0.0
GIMAP4,0.45191841517432835,0.4627481061246937,1.0,1.0,0.0
GIMAP6,0.43903774856845196,0.8322284239606675,1.0,1.0,0.0
GIMAP7,0.4157841322261767,1.0,1.0,1.0,0.0
GIMAP8,0.45252595509967514,0.864758215976126,0.0,1.0,0.0
GINM1,0.49355576286090724,1.0,1.0,1.0,0.0
GINS1,0.6893081608968987,1.0,1.0,1.0,0.0
GINS2,0.6321682019114456,0.8828504708931537,1.0,1.0,0.0
GINS3,0.6239497067234594,0.5491173191337467,1.0,1.0,0.0
GINS4,0.6718785361222168,0.33521005083151545,0.0,1.0,0.0
GIPC1,0.4931628989029916,0.26859637279338583,0.0,0.33333333333333326,0.0
GIPC2,0.4862986483787751,0.5426622642580436,0.0,0.33333333333333326,0.0
GIT1,0.5769718287218226,0.4101415279080061,0.0,0.33333333333333326,0.0
GIT2,0.5042453679803294,0.47302197714254585,0.0,0.33333333333333326,0.0
GJA4,0.585194600213396,0.03192267071583667,0.0,1.0,0.0
GK5,0.4740953883068426,1.0,0.0,1.0,0.0
GLA,0.6325767076548761,1.0,1.0,1.0,0.0
GLCE,0.5948148619246443,0.3374151015806754,0.0,1.0,0.0
GLG1,0.5882072807484148,0.629231473640927,1.0,1.0,0.0
GLIPR2,0.4171655126063426,1.0,1.0,1.0,0.0
GLIS2,0.6057048208320769,0.3635732418909611,0.0,1.0,0.0
GLMN,0.5970788895382436,0.28537973236189057,1.0,1.0,0.0
GLMP,0.5758126534742437,0.32432088467082326,0.0,1.0,0.0
GLO1,0.6162679612318859,1.0,1.0,1.0,0.0
GLOD4,0.48799127137839093,1.0,0.0,0.33333333333333326,0.0
GLOD5,0.4418540899904834,1.0,1.0,1.0,0.0
GLP2R,0.44915857413818133,0.3463486861381501,0.0,1.0,0.0
GLRX,0.5038475786965894,0.8897867177142664,1.0,0.33333333333333326,0.0
GLRX3,0.5860770042676797,0.9415124325367208,1.0,1.0,0.0
GLS,0.6138911489894536,0.5575924128326939,1.0,1.0,0.0
GLS2,0.6545035514419751,0.9416537383786405,1.0,1.0,0.0
GLTP,0.4378120154838714,1.0,1.0,1.0,0.0
GLUD1,0.5399631925139693,0.2374696222986566,0.0,0.33333333333333326,0.0
GLUD2,0.4910982384590816,0.1394503673210692,0.0,1.0,0.0
GMEB2,0.5770972593704019,0.5249357822469504,1.0,1.0,0.0
GMFB,0.49132006426993446,1.0,0.0,0.33333333333333326,0.0
GMFG,0.4612286781270777,0.3864989325895945,0.0,1.0,0.0
GMPPA,0.5662633906815827,0.13150455551795656,0.0,1.0,0.0
GMPR,0.6079792295099108,0.6698490771269573,0.0,1.0,0.0
GMPR2,0.50182957432546,0.3687184583188066,0.0,1.0,0.0
GMPS,0.640873652160862,1.0,1.0,1.0,0.0
GNA11,0.4552723765850197,0.6456345062988174,0.0,1.0,0.0
GNA12,0.5708240314508883,0.282070506786555,1.0,1.0,0.0
GNA13,0.4564883549521634,0.7823066237414054,0.0,0.33333333333333326,0.0
GNA14,0.45251354464495636,1.0,1.0,1.0,0.0
GNA15,0.6107050180629346,0.4737417486611871,1.0,1.0,0.0
GNAI1,0.42626407137506184,1.0,1.0,1.0,0.0
GNAI2,0.5988577525274663,0.12321909870576801,0.0,1.0,0.0
GNAL,0.43863288730165234,0.9163853134142572,0.0,1.0,0.0
GNAQ,0.4675911947863018,0.8595869805348183,0.0,1.0,0.0
GNAS,0.5842437834448232,1.0,0.0,1.0,0.0
GNAT2,0.44711719275528017,0.16652248481229603,0.0,1.0,0.0
GNB1L,0.6275168690215209,0.481974967629144,0.0,1.0,0.0
GNB2,0.5807888612820948,0.5793290350160379,1.0,1.0,0.0
GNE,0.44307284666668784,0.7194090988327676,0.0,1.0,0.0
GNG12,0.4684502277046369,1.0,0.0,1.0,0.0
GNG2,0.42821885626291817,1.0,1.0,1.0,0.0
GNG4,0.6596510774977505,0.4040584739778105,1.0,1.0,0.0
GNG7,0.4464312949546591,0.9668846355305072,0.0,1.0,0.0
GNGT2,0.4864605664861297,0.17952781708163562,0.0,1.0,0.0
GNL1,0.5306476735247636,0.0804540708762888,1.0,0.33333333333333326,0.0
GNL2,0.5916537719156584,0.6690143633464688,0.0,1.0,0.0
GNL3L,0.6360182054765438,0.5812860203204552,1.0,1.0,0.0
GNLY,0.5898540649164495,0.0014540253792021864,0.0,0.33333333333333326,0.0
GNPDA1,0.6308009402509778,1.0,1.0,1.0,0.0
GNPNAT1,0.5984488396520398,0.508634351726638,1.0,1.0,0.0
GNPTAB,0.4704896843654546,0.7231149153858979,0.0,1.0,0.0
GNRH1,0.4597401472584559,0.5320822493529437,0.0,1.0,0.0
GNS,0.5807031256777102,0.2943277993558747,0.0,1.0,0.0
GOLGA1,0.49761898343976896,0.5543493753723292,0.0,0.33333333333333326,0.0
GOLGA4,0.4946299568702234,0.9340050466603904,0.0,0.33333333333333326,0.0
GOLGA7B,0.5957135190709744,0.2140653086028945,0.0,1.0,0.0
GOLGA8N,0.46666814090536074,0.5788502263569132,0.0,0.33333333333333326,0.0
GOLGB1,0.5097492151749207,0.12212128041402055,0.0,0.33333333333333326,0.0
GOLIM4,0.5866549341720128,0.6640244229841776,0.0,0.33333333333333326,0.0
GOLM1,0.4362197581661389,1.0,1.0,1.0,0.0
GOLM2,0.48183532838882553,1.0,0.0,0.33333333333333326,0.0
GOLT1A,0.646020997713802,1.0,1.0,1.0,0.0
GOLT1B,0.5880701888673419,0.24913209614363999,0.0,1.0,0.0
GON4L,0.5945043472781585,0.22896643678434134,0.0,1.0,0.0
GON7,0.4559143911531235,1.0,1.0,1.0,0.0
GOPC,0.5090958023660699,0.2748934939277909,0.0,0.33333333333333326,0.0
GORASP2,0.5715733099223993,0.21227803975023912,0.0,1.0,0.0
GOT1,0.44682669172015893,1.0,0.0,1.0,0.0
GOT2,0.5742902977561419,0.0925390024416787,1.0,1.0,0.0
GP2,0.40322931406075946,0.23641308460853697,0.0,0.33333333333333326,0.0
GP5,0.4627291638765055,0.3893796256938887,0.0,1.0,0.0
GPA33,0.3980157655822468,1.0,1.0,1.0,0.0
GPAA1,0.5466268727313045,0.09591952542495054,1.0,0.33333333333333326,0.0
GPALPP1,0.6050861522818417,0.878588592039128,1.0,1.0,0.0
GPAT2,0.41908149416161966,0.5686763686428309,1.0,1.0,0.0
GPAT3,0.3492717615011038,1.0,1.0,1.0,0.0
GPAT4,0.5821773099822857,1.0,0.0,1.0,0.0
GPATCH4,0.6096433621270295,0.5979020185314068,1.0,1.0,0.0
GPATCH8,0.6000077179803764,0.32228676329975,0.0,0.33333333333333326,0.0
GPBP1,0.5278255432153136,0.15830054087842965,1.0,0.33333333333333326,0.0
GPBP1L1,0.48859790044254775,1.0,1.0,1.0,0.0
GPC1,0.6146543552179767,0.29382066849360944,1.0,1.0,0.0
GPC3,0.5347482921657932,0.21917885217802854,0.0,0.33333333333333326,0.0
GPC4,0.605777579466995,0.8162606717442785,1.0,1.0,0.0
GPC6,0.45853643816116146,0.6553288072817369,0.0,1.0,0.0
GPCPD1,0.6417816337925315,1.0,1.0,1.0,0.0
GPD1L,0.4270190097496251,1.0,0.0,1.0,0.0
GPD2,0.48921246644700245,0.5564940670244047,0.0,0.33333333333333326,0.0
GPER1,0.4379984851360754,0.844801283030091,1.0,1.0,0.0
GPHRA,0.6084438767538815,0.967048439271831,0.0,1.0,0.0
GPI,0.5930676415240497,1.0,1.0,1.0,0.0
GPKOW,0.5560054076733912,0.22105287023576367,1.0,1.0,0.0
GPM6B,0.3649423041707169,1.0,1.0,1.0,0.0
GPN1,0.5862932916904959,0.3117372435179634,0.0,1.0,0.0
GPN2,0.5079448311638214,0.4256576321204196,0.0,1.0,0.0
GPN3,0.6206003011936124,0.5600371120303301,1.0,1.0,0.0
GPNMB,0.4387641275716737,0.35822799682687934,0.0,1.0,0.0
GPR143,0.7040409459198533,0.7418317759043918,1.0,1.0,0.0
GPR146,0.45718034296737675,0.5939426780972774,0.0,0.33333333333333326,0.0
GPR15,0.4677119976797366,0.410388811708478,1.0,1.0,0.0
GPR153,0.5788227404478296,0.21200071010509983,0.0,0.33333333333333326,0.0
GPR157,0.6399582206883843,0.6227076557992729,1.0,1.0,0.0
GPR15LG,0.36216011100657314,1.0,1.0,1.0,0.0
GPR17,0.493583718198434,0.07247679664126506,0.0,1.0,0.0
GPR171,0.41066131755716617,0.6405370925520004,0.0,0.33333333333333326,0.0
GPR176,0.5979016902913931,0.35984160435335183,0.0,1.0,0.0
GPR18,0.40439006539124467,0.9337183352978136,1.0,1.0,0.0
GPR180,0.655426368839263,0.6675161609259724,0.0,1.0,0.0
GPR183,0.43114015000509975,0.7942836123212694,0.0,0.33333333333333326,0.0
GPR19,0.6024786430679389,0.28511240087285744,1.0,1.0,0.0
GPR34,0.4244555315703311,0.5917371473612357,1.0,1.0,0.0
GPR35,0.5821403450388154,0.24149463456119438,1.0,1.0,0.0
GPR62,0.4941226783364404,0.026620898260946914,0.0,1.0,0.0
GPR82,0.47958565884632015,0.21001923618363244,0.0,1.0,0.0
GPR84,0.6145444575017038,0.2968161237525624,0.0,1.0,0.0
GPRASP1,0.4692901335769271,0.6915895475131864,1.0,1.0,0.0
GPRASP3,0.5821692945656812,0.196207575869626,1.0,1.0,0.0
GPRC5A,0.5578200204024548,0.4247927608675385,0.0,0.33333333333333326,0.0
GPS1,0.5841019721295927,0.6956016273862405,0.0,1.0,0.0
GPS2,0.47289532534324674,0.7344462441899375,1.0,1.0,0.0
GPSM2,0.6533740232442126,1.0,1.0,1.0,0.0
GPT,0.4418630265929265,1.0,0.0,0.33333333333333326,0.0
GPT2,0.6641716860101272,0.9282889923409854,1.0,1.0,0.0
GPX1,0.5950011764526548,0.5353421627135121,1.0,1.0,0.0
GPX2,0.6195162411526636,0.6849991270227738,0.0,1.0,0.0
GPX3,0.3637095481363396,0.7674483140877434,1.0,1.0,0.0
GPX4,0.5930558467521878,1.0,0.0,1.0,0.0
GPX7,0.6107491480896985,0.11604151069135586,0.0,1.0,0.0
GPX8,0.6317136075604952,0.6500297194405197,0.0,1.0,0.0
GRAMD1A,0.6458942148474008,1.0,1.0,1.0,0.0
GRAMD1C,0.4195042290726219,1.0,1.0,1.0,0.0
GRAMD2A,0.6614288264045081,0.3166280265158597,0.0,0.33333333333333326,0.0
GRAMD2B,0.41593198323281616,1.0,1.0,1.0,0.0
GRAMD4,0.4831521596481478,0.6041142323970679,1.0,1.0,0.0
GRB10,0.6077598192653869,0.9226817784786919,1.0,1.0,0.0
GRB7,0.60978228030383,0.7454097396122399,1.0,1.0,0.0
GREB1L,0.5031447211106808,0.15694682849449673,0.0,1.0,0.0
GREM2,0.35893519297783716,1.0,1.0,1.0,0.0
GRHL1,0.7166266117495381,1.0,1.0,1.0,0.0
GRHL2,0.5953058902241012,0.7021617592155165,1.0,1.0,0.0
GRHL3,0.6623207451178548,0.7793177834815609,0.0,1.0,0.0
GRIA1,0.4859610618728433,0.14590818396434155,0.0,1.0,0.0
GRIA3,0.48336296097977177,0.05807507790611219,0.0,1.0,0.0
GRIN2D,0.6881964325637187,1.0,1.0,1.0,0.0
GRINA,0.6626282257037247,1.0,1.0,1.0,0.0
GRIP1,0.4832052025180124,0.41117340269788677,0.0,1.0,0.0
GRK2,0.5400804360545627,0.05396880233842614,0.0,0.33333333333333326,0.0
GRK3,0.6193775100260189,0.20576361914952415,0.0,1.0,0.0
GRK6,0.5634397489657902,0.12430207658576846,0.0,1.0,0.0
GRM4,0.5044050402625688,0.07217041058841143,0.0,1.0,0.0
GRM8,0.5907793907065231,0.21737786360353586,0.0,1.0,0.0
GRP,0.6609307903373902,0.4733284820472573,0.0,1.0,0.0
GRPEL1,0.6000435764076701,0.9300505568401315,0.0,1.0,0.0
GRPEL2,0.6099188224467766,0.6603090935105234,1.0,1.0,0.0
GRWD1,0.5784205369066135,0.42886904390818953,1.0,1.0,0.0
GSAP,0.5952214043335291,0.1528985284406085,0.0,0.33333333333333326,0.0
GSDMB,0.45979355851394926,0.49889606854552326,0.0,1.0,0.0
GSDME,0.5804835251035516,0.09581885417228568,0.0,0.33333333333333326,0.0
GSE1,0.5906730494081721,0.3050272222655091,0.0,0.33333333333333326,0.0
GSKIP,0.44456241817185194,1.0,0.0,1.0,0.0
GSN,0.4542451243135687,0.7178558463247312,1.0,1.0,0.0
GSPT1,0.611828217402348,0.8234784557870845,1.0,1.0,0.0
GSR,0.4909150889712565,0.5070371778567626,0.0,1.0,0.0
GSS,0.5798816519452116,0.12339390572612621,0.0,1.0,0.0
GSTA1,0.3599622758881501,1.0,1.0,1.0,0.0
GSTCD,0.5538607835415477,0.152241589849482,1.0,0.33333333333333326,0.0
GSTK1,0.49956608885194825,0.5743055405817834,0.0,1.0,0.0
GSTM1,0.46723757921680753,0.4583493401565906,1.0,1.0,0.0
GSTM2,0.45581040756789204,0.5292780075422194,1.0,1.0,0.0
GSTM4,0.41948919281125546,1.0,1.0,1.0,0.0
GSTM5,0.4887337411602288,1.0,0.0,1.0,0.0
GSTO1,0.5777694159420294,0.2767506653576036,1.0,1.0,0.0
GSTP1,0.5969316855880681,0.755523649030966,1.0,1.0,0.0
GSTZ1,0.4515837888907291,0.6654775824373291,1.0,1.0,0.0
GTF2A2,0.500259505035101,0.3740692230716696,1.0,1.0,0.0
GTF2B,0.5314604442881642,0.2443490234482106,1.0,0.33333333333333326,0.0
GTF2E1,0.5680664240015227,0.2782921197423996,1.0,1.0,0.0
GTF2E2,0.6066661060088462,0.636284578878404,0.0,1.0,0.0
GTF2F2,0.6013503210497928,0.7182078090534617,1.0,1.0,0.0
GTF2H1,0.5794393852059929,0.5351305694280384,1.0,1.0,0.0
GTF2H2C_2,0.5480554099242245,0.23078452936062394,0.0,0.33333333333333326,0.0
GTF2H3,0.5918318329446188,0.2399323404774077,0.0,1.0,0.0
GTF2H4,0.583328375431328,0.5796205710633513,0.0,0.33333333333333326,0.0
GTF2H5,0.5778801704061802,0.5076741723125128,0.0,0.33333333333333326,0.0
GTF2IRD1,0.7080433841464143,1.0,1.0,1.0,0.0
GTF3A,0.6740023216597733,1.0,1.0,1.0,0.0
GTF3C1,0.5823351170580561,0.33466755595271885,1.0,1.0,0.0
GTF3C3,0.6059633150109216,0.764805377169318,0.0,1.0,0.0
GTF3C4,0.5956008435989356,0.48445421981913783,1.0,1.0,0.0
GTF3C5,0.5763383584241136,0.8410568506470011,1.0,1.0,0.0
GTF3C6,0.5061853542237685,0.19196540288991443,0.0,1.0,0.0
GTPBP3,0.5985338571144734,0.7970861029894372,1.0,1.0,0.0
GTPBP4,0.6272952384962326,1.0,1.0,1.0,0.0
GTPBP6,0.556238331408026,0.1077640332357538,0.0,1.0,0.0
GTSE1,0.5806926386939297,0.24317196470155958,0.0,1.0,0.0
GUCA2A,0.0935003848121143,1.0,1.0,1.0,0.0
GUCA2B,0.07079578610165532,1.0,1.0,1.0,0.0
GUCD1,0.49924015421037315,0.31009148795618185,0.0,1.0,0.0
GUCY1A1,0.5450369580891612,0.1207281860930952,0.0,0.33333333333333326,0.0
GUCY1B1,0.6285970597069299,0.32723931431135156,0.0,0.33333333333333326,0.0
GUCY2D,0.571930087331066,0.1806711588871656,0.0,0.0,0.0
GUK1,0.5751503929776697,0.24567930785080924,1.0,1.0,0.0
GULP1,0.41417576599130546,0.7586669945926308,0.0,1.0,0.0
GXYLT1,0.5636970182777467,0.10200071419363994,0.0,1.0,0.0
GYG1,0.612329652288693,0.7185974140762436,0.0,0.33333333333333326,0.0
GYG2,0.6432057555056301,0.187351909517927,0.0,1.0,0.0
GYPB,0.4499979830422568,1.0,0.0,1.0,0.0
GYPC,0.4699300659412295,0.6671329950364738,1.0,1.0,0.0
GZF1,0.6121007352577127,1.0,1.0,1.0,0.0
GZMA,0.3925073369347497,0.6001307036206072,0.0,1.0,0.0
GZMB,0.7387307042194475,1.0,0.0,1.0,0.0
GZMK,0.43978132129732284,0.5570553687230376,1.0,1.0,0.0
GZMM,0.4948169107520516,0.047330275633366725,0.0,1.0,0.0
H1-2,0.4397287296220137,0.8079612787637642,1.0,1.0,0.0
H2AC19,0.5774605668767644,0.1702194033037045,0.0,0.33333333333333326,0.0
H2AC25,0.6208707214036185,1.0,1.0,1.0,0.0
H2AX,0.6088021132395272,0.8538825010889429,1.0,1.0,0.0
H2AZ1,0.572820737664523,0.2258507357060346,1.0,1.0,0.0
H2AZ2,0.5846235445664799,1.0,0.0,1.0,0.0
H2BC11,0.4812964727233851,0.05085838783138704,0.0,1.0,0.0
H2BC12,0.5272636359927125,0.5323524948233259,0.0,0.33333333333333326,0.0
H2BC12L,0.49525056794975614,0.14566732406954042,0.0,1.0,0.0
H2BC13,0.5142876729436795,0.011991096705792077,0.0,0.0,0.0
H2BC5,0.4715429692399489,0.49165809879733313,1.0,1.0,0.0
H2BC6,0.4942078362508396,0.12685055644365195,0.0,1.0,0.0
H2BC9,0.4826438592897512,0.6713791541457457,1.0,1.0,0.0
H3C11,0.5516107054045993,0.33482904421907117,0.0,0.0,0.0
HABP4,0.6077351896739059,0.33836770237512864,1.0,1.0,0.0
HACD1,0.6542806919912242,0.15570857512615344,0.0,0.33333333333333326,0.0
HACD3,0.6086820501492904,0.41120448176814567,1.0,1.0,0.0
HACD4,0.45399663497267484,0.8887902471467803,1.0,1.0,0.0
HACL1,0.5990157361652743,0.6281759906694601,0.0,1.0,0.0
HADH,0.45041511785327293,0.6447471366371964,0.0,1.0,0.0
HADHA,0.45304316251601995,1.0,0.0,0.33333333333333326,0.0
HADHB,0.44862762631392017,1.0,0.0,1.0,0.0
HAGHL,0.5693909729414134,0.31091801615696063,1.0,1.0,0.0
HAPLN1,0.371785869400353,1.0,1.0,1.0,0.0
HARS2,0.5120313869968545,0.14801971282079654,0.0,1.0,0.0
HAS3,0.5442633647668851,0.12040733833643268,0.0,0.33333333333333326,0.0
HASPIN,0.576214873375348,0.5782917978633411,1.0,1.0,0.0
HAT1,0.5807801276716406,0.46585612795626913,0.0,0.33333333333333326,0.0
HAUS1,0.5759338733945698,0.18130103972273226,0.0,0.33333333333333326,0.0
HAUS3,0.5880802817540016,0.9585214883139699,1.0,1.0,0.0
HAUS5,0.6129254296621423,0.18780130952158805,0.0,1.0,0.0
HAUS6,0.6452774426622927,0.835292259524213,1.0,1.0,0.0
HAUS7,0.6010148357821502,1.0,1.0,1.0,0.0
HAUS8,0.5976164388776932,0.11483307782860296,0.0,1.0,0.0
HAVCR1,0.4167159248916106,0.9887185720853221,0.0,1.0,0.0
HBA2,0.47092118100952224,0.06857631322611965,0.0,0.33333333333333326,0.0
HBB,0.44611502139532033,0.33287022923868764,0.0,0.33333333333333326,0.0
HBEGF,0.605865734381321,0.787929233842694,1.0,0.33333333333333326,0.0
HBG2,0.4746213853211082,0.47786526025215303,1.0,0.33333333333333326,0.0
HBP1,0.49465488591914486,0.2624172149041972,0.0,0.33333333333333326,0.0
HCAR3,0.7080038308622186,0.43929713343490673,1.0,1.0,0.0
HCFC1,0.5852511128425412,0.5444116180308312,1.0,1.0,0.0
HCFC2,0.47108672088650244,1.0,0.0,0.33333333333333326,0.0
HCK,0.49115074121567187,0.1580459779705887,1.0,1.0,0.0
HCLS1,0.4540186374172259,0.5785627672822197,0.0,1.0,0.0
HDAC2,0.6041840102998286,1.0,1.0,1.0,0.0
HDAC5,0.5520165951183809,0.1349650932325269,0.0,0.33333333333333326,0.0
HDAC7,0.5899071071255861,0.2858048411344718,0.0,1.0,0.0
HDAC8,0.5748644431731768,0.3973558007274639,0.0,1.0,0.0
HDAC9,0.39448690774499623,1.0,0.0,1.0,0.0
HDC,0.4795343242735502,0.22445978560585875,0.0,1.0,0.0
HDGF,0.6080218538162356,1.0,1.0,1.0,0.0
HDGFL1,0.5228674473641263,0.20808983319125027,0.0,0.33333333333333326,0.0
HDGFL2,0.5538725722695501,0.10010944423477043,0.0,1.0,0.0
HDGFL3,0.5321060045816439,0.061759446986597105,0.0,0.33333333333333326,0.0
HDHD2,0.47592845570468373,1.0,0.0,1.0,0.0
HDHD5,0.5674623444173122,0.24439898507544644,1.0,1.0,0.0
HDLBP,0.5928876507571282,0.3444128219067164,0.0,1.0,0.0
HEATR1,0.6214942710966984,0.7450838340269391,1.0,1.0,0.0
HEATR3,0.5734077040183344,0.4306298403969189,1.0,1.0,0.0
HEATR5A,0.45720350802178633,1.0,0.0,1.0,0.0
HEATR5B,0.5080380277806918,0.38460674696301017,0.0,0.33333333333333326,0.0
HEATR6,0.5770191379620775,0.2520418696115662,0.0,0.33333333333333326,0.0
HECA,0.503810298833536,0.3970913057651507,0.0,0.33333333333333326,0.0
HECTD1,0.5163358687149827,0.05038815714474579,0.0,0.33333333333333326,0.0
HECTD2,0.4548507470508424,1.0,0.0,1.0,0.0
HECTD3,0.4768806679945941,0.6219303873376466,1.0,1.0,0.0
HECW1,0.4974764585232858,0.3343623413071467,0.0,1.0,0.0
HECW2,0.6166957618259978,0.40320105244381016,0.0,1.0,0.0
HEG1,0.5451155933427915,0.07676954197542324,0.0,0.33333333333333326,0.0
HELB,0.5706893949691717,0.141009140807543,0.0,1.0,0.0
HELLS,0.6221468150262237,0.4385966593274063,1.0,1.0,0.0
HELQ,0.5179032641721475,0.4334281687162403,1.0,0.33333333333333326,0.0
HELZ2,0.6427110377108017,0.3182954591343909,0.0,1.0,0.0
HENMT1,0.6059233190663441,0.9931506032995269,1.0,1.0,0.0
HEPACAM2,0.2225037184392624,1.0,1.0,1.0,0.0
HEPH,0.4836824280553943,0.787001996733183,0.0,0.33333333333333326,0.0
HERC1,0.4867057061866296,0.6958401473340026,0.0,0.33333333333333326,0.0
HERC4,0.537751901607738,0.13455946973819635,0.0,0.33333333333333326,0.0
HERPUD1,0.47525734347218646,0.7542824081104302,0.0,1.0,0.0
HES1,0.5887140965440885,0.11706068572605202,1.0,1.0,0.0
HES4,0.6066666827504743,0.2888478690669653,1.0,1.0,0.0
HES6,0.6787045273321777,0.5718814071929409,1.0,1.0,0.0
HESX1,0.5362151360596844,0.016172169402036755,0.0,0.0,0.0
HEXIM1,0.4838056537946791,0.6938994339086053,0.0,1.0,0.0
HEYL,0.5877608385020298,0.8597947992788892,1.0,1.0,0.0
HFE,0.5503424346659852,0.2889631085369088,0.0,0.33333333333333326,0.0
HGD,0.4159898376612123,1.0,1.0,1.0,0.0
HGH1,0.5999844093193804,1.0,1.0,1.0,0.0
HGS,0.5869208429823642,0.5707740313755917,0.0,1.0,0.0
HHIP,0.3651921288494305,1.0,1.0,1.0,0.0
HHLA2,0.3236270178894201,1.0,1.0,1.0,0.0
HIBADH,0.598481325925058,0.6529897551852469,0.0,1.0,0.0
HIBCH,0.4612479271461073,0.569935728515885,0.0,1.0,0.0
HIF1A,0.5603520707372662,0.05702151837533355,0.0,0.33333333333333326,0.0
HIF1AN,0.49741441195954866,0.27924952171968104,0.0,0.33333333333333326,0.0
HIGD1A,0.43139123843161387,1.0,0.0,1.0,0.0
HIGD2A,0.49295491336568903,0.8010316123426513,0.0,1.0,0.0
HIKESHI,0.5906202927075589,0.7003474928959653,1.0,1.0,0.0
HILPDA,0.691780876617779,1.0,1.0,1.0,0.0
HINT2,0.5123123124499859,0.06262485082171794,0.0,1.0,0.0
HIP1,0.6093568903730159,1.0,1.0,1.0,0.0
HIPK1,0.5040921710151235,0.35854087313364036,0.0,0.33333333333333326,0.0
HIPK3,0.5061140310335259,0.37217783055242376,0.0,0.33333333333333326,0.0
HIRIP3,0.5108040259180551,0.11609515021065016,0.0,0.33333333333333326,0.0
HIVEP1,0.5429391901249879,0.2264891179929711,0.0,0.33333333333333326,0.0
HIVEP2,0.5945637145455084,0.27867757029661144,0.0,0.33333333333333326,0.0
HIVEP3,0.5741488903203193,0.41610710386190636,0.0,0.33333333333333326,0.0
HJURP,0.6590545424735118,0.9528032215025481,1.0,1.0,0.0
HK1,0.5666320995278212,0.26390397975771845,0.0,1.0,0.0
HK2,0.4652003921400339,0.5486395186997206,0.0,0.33333333333333326,0.0
HKDC1,0.6403121553763301,0.6384990705173365,1.0,1.0,0.0
HLA-A,0.5370750440436197,0.4063029145137768,1.0,0.33333333333333326,0.0
HLA-B,0.5388544591627058,0.24874214131571387,1.0,0.33333333333333326,0.0
HLA-C,0.5070971664554124,0.292051609887208,0.0,0.33333333333333326,0.0
HLA-DMB,0.4612379900727011,0.36881030935093106,0.0,1.0,0.0
HLA-DOA,0.46201504225510237,0.8902136809906146,0.0,1.0,0.0
HLA-DOB,0.43969742483563096,0.5721647703988303,0.0,1.0,0.0
HLA-DPA1,0.43538379592259824,0.5326774244204319,0.0,1.0,0.0
HLA-DPB1,0.46165294440460797,0.692983798495741,1.0,1.0,0.0
HLA-DQB1,0.5200212930759038,0.3269627254401561,0.0,0.33333333333333326,0.0
HLA-DQB2,0.5023641592465935,0.24500385595390284,0.0,0.33333333333333326,0.0
HLA-E,0.5357590310031574,0.11954162963593144,0.0,0.33333333333333326,0.0
HLA-F,0.49735052681515235,0.30095474924926496,0.0,0.33333333333333326,0.0
HLA-G,0.49675060986188646,0.2665782291405261,0.0,0.33333333333333326,0.0
HLCS,0.5363190082358046,0.07789174929760663,0.0,0.33333333333333326,0.0
HLF,0.4448162176287092,0.20385616848472202,0.0,0.33333333333333326,0.0
HM13,0.6385063521215865,1.0,1.0,1.0,0.0
HMBS,0.5790430256001987,0.2829516068162717,1.0,1.0,0.0
HMCES,0.5755015095678239,0.06777664260764563,0.0,0.33333333333333326,0.0
HMCN2,0.46243608089250937,0.419675868805458,0.0,1.0,0.0
HMG20A,0.5116406636772242,0.3527539187260619,0.0,1.0,0.0
HMGA1,0.6401808191437265,0.9969222055724533,1.0,1.0,0.0
HMGB1,0.5799100917554033,0.6599039998094098,1.0,1.0,0.0
HMGB3,0.6210695430276916,0.9665265938181894,1.0,1.0,0.0
HMGCL,0.4719007565994052,0.9884965832590062,1.0,1.0,0.0
HMGCLL1,0.4718523227530369,0.03513815986794016,0.0,1.0,0.0
HMGCS2,0.23283951611956982,1.0,1.0,1.0,0.0
HMGN5,0.4672281200119331,0.555216603376549,1.0,1.0,0.0
HMGXB3,0.5582856939336416,0.1376291387654368,1.0,1.0,0.0
HMMR,0.6412526547266403,0.5308092567739857,1.0,1.0,0.0
HMOX1,0.44015808927765226,0.7772593886747429,1.0,1.0,0.0
HNF1A,0.5734133789480036,0.3894154910705218,1.0,1.0,0.0
HNF4G,0.45453187987141735,0.7971332892303357,0.0,1.0,0.0
HNMT,0.4846688846625832,0.5872853705019296,0.0,1.0,0.0
HNRNPA0,0.5782565126073771,0.02862380167829866,0.0,1.0,0.0
HNRNPA1,0.5719389323474046,0.3136575645276699,0.0,1.0,0.0
HNRNPA3,0.5754853575570812,0.34826168415333325,1.0,1.0,0.0
HNRNPC,0.5790385596917789,0.5691062927198429,1.0,1.0,0.0
HNRNPD,0.580943942631585,0.7353403886933902,1.0,1.0,0.0
HNRNPDL,0.5940597758202109,0.7415965538596893,0.0,0.33333333333333326,0.0
HNRNPK,0.5689362593232123,0.207024879660923,0.0,1.0,0.0
HNRNPL,0.5873167792634447,0.6119770250358618,1.0,1.0,0.0
HNRNPLL,0.56567950049163,0.0392895759060599,0.0,1.0,0.0
HNRNPM,0.5795030445403835,0.3376159925581606,1.0,1.0,0.0
HNRNPR,0.582943980525818,0.345952275411507,0.0,1.0,0.0
HNRNPU,0.5779803909654713,0.9025588268682615,0.0,1.0,0.0
HNRNPUL1,0.5911071726891034,0.6981732645458963,1.0,1.0,0.0
HOMER1,0.7023968901799817,1.0,1.0,1.0,0.0
HOOK3,0.6138577407383615,0.4278186532642174,0.0,0.33333333333333326,0.0
HOXA10,0.5195930393008181,0.12741558199011588,0.0,0.33333333333333326,0.0
HOXA11,0.6185846212585339,0.27721010842932464,1.0,1.0,0.0
HOXA13,0.43445388876986096,0.2732097185629893,0.0,0.33333333333333326,0.0
HOXA5,0.3830998195877879,1.0,0.0,1.0,0.0
HOXA6,0.4921180342665609,0.12335637467011638,0.0,1.0,0.0
HOXB13,0.38511813096729636,0.206973876673169,0.0,0.33333333333333326,0.0
HOXB3,0.58364368901723,0.028662354123806574,0.0,0.33333333333333326,0.0
HOXB5,0.5452954249378211,0.22889592674335293,1.0,0.33333333333333326,0.0
HOXB6,0.561010256488838,0.2291546198623449,1.0,0.33333333333333326,0.0
HOXB8,0.6629667824261207,0.9000414173276166,1.0,1.0,0.0
HOXB9,0.6039350799754571,0.0853038974915502,0.0,0.33333333333333326,0.0
HOXD1,0.3703978557236202,1.0,1.0,1.0,0.0
HOXD4,0.41768930069300814,1.0,0.0,1.0,0.0
HOXD8,0.47663980957306185,0.6326988739736142,0.0,1.0,0.0
HP1BP3,0.5158403463542478,0.10101415073271147,0.0,0.33333333333333326,0.0
HPDL,0.6402831507588056,0.26716997709179435,1.0,1.0,0.0
HPGD,0.2677550039032633,1.0,1.0,1.0,0.0
HPGDS,0.3497263138767525,1.0,1.0,1.0,0.0
HPRT1,0.6084284830481791,0.48742242508499606,1.0,1.0,0.0
HPS1,0.5341094304642645,0.48767976115400935,0.0,0.33333333333333326,0.0
HPS3,0.5867637805253612,0.5363007098872901,1.0,1.0,0.0
HPS4,0.5880258233031462,0.22126435928313298,1.0,1.0,0.0
HPS5,0.5426337254727235,0.41312434436789097,1.0,0.33333333333333326,0.0
HPSE,0.46194157834470323,1.0,1.0,1.0,0.0
HPX,0.46675375994293145,1.0,0.0,1.0,0.0
HRAS,0.5716257332477884,0.3895904815108422,1.0,1.0,0.0
HRC,0.4683819837942525,0.13543212484473216,0.0,1.0,0.0
HRCT1,0.40585398807575523,0.595864747065386,1.0,1.0,0.0
HRH1,0.5724859604097919,0.27100507864062934,0.0,0.33333333333333326,0.0
HS1BP3,0.583972995062643,0.4684253723712819,1.0,1.0,0.0
HS2ST1,0.6299073279015546,0.6642625364150031,1.0,1.0,0.0
HS3ST1,0.5865547565708001,0.5992429780381258,0.0,1.0,0.0
HS6ST2,0.752554027345302,0.5042047482213636,1.0,1.0,0.0
HSBP1,0.5607173805846286,0.10343446559699714,0.0,1.0,0.0
HSBP1L1,0.464305259969979,0.6293510387230856,0.0,1.0,0.0
HSD11B1,0.6195543109203002,0.7479707358939075,0.0,0.33333333333333326,0.0
HSD11B2,0.36176953262413214,1.0,1.0,1.0,0.0
HSD17B1,0.5816661745944505,0.4792626626114433,0.0,1.0,0.0
HSD17B10,0.6023781980373958,0.688696922824353,1.0,1.0,0.0
HSD17B11,0.43392610836523704,1.0,0.0,1.0,0.0
HSD17B12,0.578386591558481,0.25972075433864533,1.0,1.0,0.0
HSD17B2,0.2160660280831571,1.0,1.0,1.0,0.0
HSD17B6,0.44886083096426843,0.9167428246266097,1.0,1.0,0.0
HSD17B7,0.6004426654829991,1.0,1.0,1.0,0.0
HSD17B8,0.48506333891821796,0.29271034785045447,0.0,1.0,0.0
HSD3B2,0.31048743324330297,0.33294931058313887,1.0,1.0,0.0
HSD3B7,0.6073551272138004,0.29885994878832545,1.0,1.0,0.0
HSDL1,0.5740192435114523,0.23446418170965014,0.0,1.0,0.0
HSF1,0.6311756104063123,0.44990282228180933,1.0,1.0,0.0
HSF2,0.6158087643078285,0.706362848853861,0.0,0.33333333333333326,0.0
HSP90AA1,0.5792610706242984,0.6835793253924424,1.0,1.0,0.0
HSP90AB1,0.6082115398634194,1.0,1.0,1.0,0.0
HSPA13,0.5999093100362928,0.24745535766047805,0.0,0.33333333333333326,0.0
HSPA14,0.5840222716217606,0.8333512036750558,1.0,1.0,0.0
HSPA1B,0.43590432670077855,1.0,0.0,1.0,0.0
HSPA2,0.4525771363793564,0.5206877518542621,1.0,1.0,0.0
HSPA4,0.5886827109236997,0.5709826248502714,1.0,1.0,0.0
HSPA5,0.5664518230422414,0.24074553665725876,0.0,1.0,0.0
HSPA9,0.591921545765144,0.2734353655802003,0.0,1.0,0.0
HSPB6,0.44148146776677405,0.3096447714301799,0.0,1.0,0.0
HSPB7,0.4215350899312795,0.3563832522960576,0.0,1.0,0.0
HSPBAP1,0.5899043149253453,1.0,1.0,1.0,0.0
HSPBP1,0.6167562943409188,0.8246410959391534,1.0,1.0,0.0
HSPD1,0.6014674429042937,0.8452345464321317,1.0,1.0,0.0
HSPE1,0.5958602022062871,0.7226456406120191,1.0,1.0,0.0
HSPH1,0.6734444673778746,1.0,1.0,1.0,0.0
HTR1D,0.5894404517914843,0.08633530366248496,0.0,1.0,0.0
HTR2C,0.5886542420497389,0.08543396648076906,0.0,1.0,0.0
HTR4,0.5500361587445858,0.051804286011955185,0.0,0.33333333333333326,0.0
HTRA1,0.6409840540706765,0.807865594014304,0.0,1.0,0.0
HTRA2,0.5572771826490402,0.020138192220897543,0.0,0.33333333333333326,0.0
HTRA3,0.6242215944385943,0.728922421823338,1.0,1.0,0.0
HTT,0.581313115578106,0.05753643148829044,0.0,1.0,0.0
HUNK,0.6211687029493244,0.2515313567127606,0.0,1.0,0.0
HUS1,0.5898602332692675,0.17446469549448568,0.0,0.33333333333333326,0.0
HVCN1,0.4913646665996051,0.4432802626948382,0.0,0.33333333333333326,0.0
HYAL2,0.6116460710379505,0.9754012547655047,1.0,1.0,0.0
HYAL3,0.6396357469961623,0.31698453233206,0.0,1.0,0.0
HYCC2,0.46644967490856626,1.0,0.0,1.0,0.0
HYI,0.5108368132536906,0.11379965046303409,0.0,1.0,0.0
HYOU1,0.5831936084305097,0.7196246076446349,1.0,1.0,0.0
IARS1,0.6245213093712486,0.7211691100363022,1.0,1.0,0.0
IBSP,0.5340237091994138,0.0867838001795476,0.0,0.33333333333333326,0.0
ICA1,0.5983323407523662,1.0,1.0,1.0,0.0
ICA1L,0.5818087366520224,0.0616556344344258,0.0,0.33333333333333326,0.0
ICAM1,0.6026519873351824,0.3085754204739932,0.0,0.33333333333333326,0.0
ICAM3,0.4933136613799581,0.39323051115865476,1.0,1.0,0.0
ICE1,0.5884368612281163,0.8130560959702359,0.0,1.0,0.0
ICE2,0.5703174526709142,0.14607064097843042,0.0,0.33333333333333326,0.0
ICMT,0.5650412769841133,0.1485086551543785,1.0,1.0,0.0
ID2,0.474735059428047,0.7078062588336138,1.0,1.0,0.0
ID3,0.4705357183421681,0.6937963272545704,1.0,1.0,0.0
ID4,0.5014938244602181,1.0,0.0,0.33333333333333326,0.0
IDE,0.5853841334379939,0.06910334092788484,0.0,1.0,0.0
IDH2,0.5623379284814304,0.14688839872110102,1.0,1.0,0.0
IDH3A,0.4418199257602924,1.0,0.0,1.0,0.0
IDH3B,0.5612874378354386,0.20960844834559858,0.0,0.33333333333333326,0.0
IDH3G,0.5577456154775224,0.16207470180780634,0.0,1.0,0.0
IDI2,0.5876822441812108,0.1812740075398807,0.0,1.0,0.0
IDNK,0.46232804890261486,0.915243111806361,0.0,1.0,0.0
IDO1,0.6498836362594845,0.8136158221241312,0.0,0.33333333333333326,0.0
IDS,0.5300368365135715,0.04369021572744541,0.0,0.33333333333333326,0.0
IER2,0.6300399622133289,1.0,0.0,0.33333333333333326,0.0
IER3,0.7150054328984828,1.0,0.0,1.0,0.0
IER3IP1,0.5075656110249175,0.2946497886874564,0.0,0.33333333333333326,0.0
IER5L,0.6274651995408786,1.0,1.0,1.0,0.0
IFFO1,0.49565866442496875,0.2504797503660082,0.0,1.0,0.0
IFFO2,0.6212590613350961,0.6430382139948715,1.0,1.0,0.0
IFI16,0.5243788011364553,0.185369613411514,0.0,0.33333333333333326,0.0
IFI35,0.5011897083410274,0.13436133921703283,0.0,0.33333333333333326,0.0
IFI44,0.6183584189046984,0.4832873583260924,0.0,0.33333333333333326,0.0
IFI6,0.6580704381103293,1.0,1.0,1.0,0.0
IFIT1,0.44053412577538775,0.301420481902419,0.0,1.0,0.0
IFIT2,0.4670633872379968,0.5621688885844263,0.0,0.33333333333333326,0.0
IFITM1,0.6630888245377118,1.0,1.0,1.0,0.0
IFITM2,0.6569215820280672,1.0,1.0,1.0,0.0
IFITM3,0.6582980118904911,1.0,1.0,1.0,0.0
IFNA4,0.4788379776795735,0.1479892220740077,0.0,1.0,0.0
IFNAR1,0.49251046553890526,0.8332715134572684,0.0,0.33333333333333326,0.0
IFNAR2,0.5699528626641028,0.18336694926347458,0.0,1.0,0.0
IFNGR1,0.5309867867274942,0.43903605496572434,1.0,0.33333333333333326,0.0
IFNGR2,0.5147810928276134,0.1073519673924715,0.0,0.33333333333333326,0.0
IFNL1,0.5109250836465401,0.05373994648554728,0.0,1.0,0.0
IFRD1,0.5919976936962658,0.24169573011974846,0.0,1.0,0.0
IFRD2,0.6310461295733073,0.6669216496758716,1.0,1.0,0.0
IFT22,0.6145186473281333,1.0,1.0,1.0,0.0
IFT25,0.5823922611763144,0.20996635585023993,0.0,1.0,0.0
IFT38,0.5771850791412774,0.21666852026527897,0.0,1.0,0.0
IFT52,0.5974184507965946,0.6832368896087907,1.0,1.0,0.0
IFT54,0.6032307321493589,0.7702921968069169,0.0,1.0,0.0
IFT56,0.6769169806299598,0.860124299515281,1.0,1.0,0.0
IFT70A,0.4777383303939831,0.51540892840256,0.0,0.33333333333333326,0.0
IFT81,0.6275669254152917,0.43901510514358527,0.0,0.33333333333333326,0.0
IGF1,0.4316135689707025,0.5153340984747131,1.0,1.0,0.0
IGF2BP2,0.590381905179811,0.47219523550512466,1.0,1.0,0.0
IGF2BP3,0.6342406240843206,0.26691681579741416,0.0,0.33333333333333326,0.0
IGF2R,0.5926786178338429,0.5015556762112425,0.0,1.0,0.0
IGFALS,0.526760579036542,0.057019877711002386,0.0,0.33333333333333326,0.0
IGFBP5,0.7011277330764388,0.7918801340923248,0.0,0.33333333333333326,0.0
IGFBP6,0.4525885850776509,0.5217525023313565,0.0,1.0,0.0
IGFBP7,0.6162685137189501,0.4863274521248565,0.0,1.0,0.0
IGH,0.2746347152565243,0.9858721657917306,1.0,1.0,0.0
IGIP,0.5092549195198383,0.11905970148160525,0.0,0.33333333333333326,0.0
IGK,0.44799568071446927,0.5834875286092934,1.0,1.0,0.0
IGLL1,0.40739072628009265,0.7563333747680421,0.0,1.0,0.0
IGLL5,0.35256009815811945,0.5769857560156542,1.0,1.0,0.0
IGSF10,0.4702669114522649,1.0,0.0,1.0,0.0
IGSF8,0.544883991321061,0.12430944996711256,0.0,0.33333333333333326,0.0
IGSF9,0.4212051311287493,1.0,0.0,1.0,0.0
IK,0.5306752044348578,0.12131779103066255,1.0,0.33333333333333326,0.0
IKBIP,0.6027394189059571,0.2946473556690572,0.0,0.33333333333333326,0.0
IKBKE,0.5736665711127629,0.04325001691166358,0.0,1.0,0.0
IKBKG,0.5600806498054854,0.14902191528465855,1.0,1.0,0.0
IKZF1,0.4917652874366494,0.13671692256748896,1.0,1.0,0.0
IKZF2,0.452002594567971,0.5300907544198772,0.0,0.33333333333333326,0.0
IKZF3,0.49091501735873516,0.30794226817881665,1.0,0.33333333333333326,0.0
IKZF5,0.505774373437087,0.241243952293701,0.0,0.33333333333333326,0.0
IL10RA,0.4684046643811591,0.6988856609694162,1.0,1.0,0.0
IL10RB,0.4549788546560117,1.0,1.0,1.0,0.0
IL11,0.5611094372423681,0.3113119566501293,0.0,0.33333333333333326,0.0
IL11RA,0.4991286571937231,0.41640355385304517,0.0,0.33333333333333326,0.0
IL12RB1,0.5506003016674108,0.01687413457089086,0.0,0.33333333333333326,0.0
IL13RA2,0.6667641808657829,0.7310640598638304,0.0,1.0,0.0
IL15,0.4406117050185202,0.6083067174728732,0.0,0.33333333333333326,0.0
IL15RA,0.5989455995999245,0.9111154458139346,1.0,1.0,0.0
IL16,0.45041364970709225,1.0,1.0,1.0,0.0
IL17A,0.6279866341077406,0.17566558617492622,0.0,1.0,0.0
IL17RB,0.598142082442751,0.19287178142858405,1.0,1.0,0.0
IL17RD,0.6600007524077652,0.7386017925465054,0.0,1.0,0.0
IL18,0.4115767589917192,1.0,0.0,1.0,0.0
IL18R1,0.4545921060624246,0.49258266458539945,0.0,1.0,0.0
IL1B,0.6967898085632369,0.9327750727615648,0.0,1.0,0.0
IL1R1,0.4389694572932096,0.6116712217271326,0.0,1.0,0.0
IL1R2,0.3301945500346591,1.0,1.0,1.0,0.0
IL1RAP,0.5932013164971941,0.367157334701292,0.0,1.0,0.0
IL1RN,0.6553916357257933,0.4220285504178605,1.0,1.0,0.0
IL20RA,0.6026348015818387,0.3110845309036924,1.0,1.0,0.0
IL23A,0.5902248904980807,0.31840707110140476,1.0,1.0,0.0
IL23R,0.46919612418553325,0.29647508890444646,0.0,1.0,0.0
IL24,0.6426309944500594,0.5173472658457651,0.0,1.0,0.0
IL27RA,0.5822380705466579,0.1870993178060982,0.0,1.0,0.0
IL2RB,0.4782304225545514,0.2237323684309373,0.0,0.33333333333333326,0.0
IL2RG,0.4798329920094101,0.17871879085400322,1.0,1.0,0.0
IL33,0.6672575342957383,0.6540345998846359,0.0,0.33333333333333326,0.0
IL4I1,0.6054630558430139,0.36712207044386796,0.0,0.33333333333333326,0.0
IL6,0.6582694057997699,0.7803459444854354,0.0,1.0,0.0
IL6R,0.3381113853861845,1.0,1.0,1.0,0.0
IL6ST,0.45961133257900405,1.0,0.0,0.33333333333333326,0.0
IL7,0.46990647655533224,0.4628090321514895,0.0,0.33333333333333326,0.0
ILDR1,0.4780270615873021,0.8241975669538678,0.0,1.0,0.0
ILDR2,0.5611565362716122,0.04450124423192843,0.0,0.0,0.0
ILF2,0.5866102405994158,1.0,1.0,1.0,0.0
ILF3,0.6239515251587393,1.0,1.0,1.0,0.0
ILK,0.5279874309439343,0.02392074549567472,0.0,0.33333333333333326,0.0
ILKAP,0.5924837873094806,0.348353633564337,1.0,1.0,0.0
IMMP2L,0.599242473605846,0.6055217453290279,1.0,1.0,0.0
IMP4,0.5754414653525267,0.39091503173824127,1.0,1.0,0.0
IMPA1,0.4424149747459924,1.0,0.0,1.0,0.0
IMPA2,0.45849560533959755,1.0,1.0,1.0,0.0
IMPACT,0.5023682209325916,0.190678782872969,0.0,1.0,0.0
IMPDH1,0.6304230204260001,1.0,1.0,1.0,0.0
IMPDH2,0.5904324295801505,0.6051870523476638,1.0,1.0,0.0
INAFM2,0.48615867021288867,0.31253177795066756,1.0,1.0,0.0
ING1,0.5876085493875152,0.29917117068352417,1.0,1.0,0.0
ING2,0.49869572003738966,0.2186461018769102,0.0,1.0,0.0
ING3,0.5029603986433061,0.0833513492281878,0.0,0.33333333333333326,0.0
ING4,0.5006308333352865,0.3107709587919101,0.0,1.0,0.0
ING5,0.5587011496858401,0.032976419556283394,0.0,1.0,0.0
INHBA,0.9342050221852464,1.0,1.0,1.0,0.0
INHBB,0.6071545232350176,0.12469680040314564,1.0,1.0,0.0
INO80B,0.5774910330406197,0.24462470588256288,1.0,1.0,0.0
INO80C,0.4921938055594486,0.7458749772317101,0.0,0.33333333333333326,0.0
INO80E,0.5812995691598759,0.4284228281438587,1.0,1.0,0.0
INPP1,0.5042813866521612,0.13392302125662775,0.0,0.33333333333333326,0.0
INPP4B,0.4849086760445684,0.250469932776256,0.0,0.33333333333333326,0.0
INPP5A,0.494758764859177,0.4420094682606681,0.0,1.0,0.0
INPP5D,0.6224539113291225,0.7239935767535992,1.0,1.0,0.0
INPP5E,0.5896579399047683,0.25650703568982164,0.0,1.0,0.0
INPP5K,0.47790338498984003,0.3673571245842165,0.0,1.0,0.0
INPPL1,0.5659681423864837,0.13210111866668936,0.0,1.0,0.0
INSC,0.4086828121868664,0.41471650165934143,0.0,1.0,0.0
INSIG1,0.6455159289106143,0.41355148036713296,0.0,1.0,0.0
INSIG2,0.5685724134358705,0.11023775414312509,0.0,0.33333333333333326,0.0
INSL5,0.18371953448572542,1.0,0.0,1.0,0.0
INSM1,0.34991520186439845,1.0,1.0,1.0,0.0
INTS1,0.5898574019961765,0.5319975054588735,1.0,1.0,0.0
INTS10,0.5813187611442959,0.0598180662245859,0.0,0.33333333333333326,0.0
INTS13,0.620430516140207,1.0,1.0,1.0,0.0
INTS15,0.5767757671216975,0.843559299419236,1.0,1.0,0.0
INTS2,0.5984722938900534,0.4915349810627096,1.0,1.0,0.0
INTS3,0.5766924619955599,0.5378656324766361,0.0,1.0,0.0
INTS4,0.5744902040763984,0.19634323422870525,0.0,1.0,0.0
INTS5,0.5903586494686419,0.42225794126585375,1.0,1.0,0.0
INTS6,0.5972356155640581,0.3955500577874903,1.0,1.0,0.0
INTS6L,0.446262341115487,1.0,0.0,1.0,0.0
INTS7,0.5927045898772193,1.0,1.0,1.0,0.0
INTS8,0.5905716302850733,0.7498240175240208,0.0,1.0,0.0
INVS,0.5764784250328994,0.4607171052712344,1.0,1.0,0.0
IP6K1,0.5734211977573644,0.21806750979259298,1.0,1.0,0.0
IPCEF1,0.4904570889242122,0.31673271568754585,0.0,1.0,0.0
IPMK,0.47700383848981603,0.3168681117862828,0.0,0.33333333333333326,0.0
IPO5,0.6237214547308684,1.0,1.0,1.0,0.0
IPO7,0.6045844489010208,0.6937190834246992,1.0,1.0,0.0
IPO8,0.5156059927607906,0.16651378097984448,0.0,1.0,0.0
IPO9,0.6255350256420849,1.0,0.0,1.0,0.0
IPP,0.5010426176312536,0.028595819756306862,0.0,1.0,0.0
IPPK,0.5605245069683842,0.3104696274800179,1.0,1.0,0.0
IQCB1,0.5824266417195952,0.48107121866378666,1.0,1.0,0.0
IQCE,0.565376800684618,0.03951566819152843,0.0,0.33333333333333326,0.0
IQGAP1,0.4864612542364729,0.6579898906960056,0.0,0.33333333333333326,0.0
IQGAP2,0.3931158168881981,1.0,1.0,1.0,0.0
IQGAP3,0.6642847969974237,1.0,1.0,1.0,0.0
IQSEC1,0.6353715980295411,0.2515673364330081,0.0,1.0,0.0
IRAG2,0.2977696684701671,1.0,1.0,1.0,0.0
IRAK1,0.6309662151850696,1.0,1.0,1.0,0.0
IRAK1BP1,0.6049501740413871,0.2721516565147147,1.0,1.0,0.0
IRAK2,0.6579557438019575,1.0,1.0,1.0,0.0
IREB2,0.4998905684541597,0.4009144884891522,0.0,0.33333333333333326,0.0
IRF2,0.49750682182946837,0.33028368508898015,0.0,0.33333333333333326,0.0
IRF2BP1,0.5873670309272121,0.15355873453991295,1.0,1.0,0.0
IRF2BP2,0.5907516324950027,0.6151999759745194,1.0,1.0,0.0
IRF3,0.5868138317419568,0.5133593277695303,0.0,1.0,0.0
IRF4,0.422366764586117,0.587141864470832,1.0,1.0,0.0
IRF7,0.5353496363086331,0.2719447666645414,0.0,0.33333333333333326,0.0
IRGQ,0.5701110686656063,0.2033387333145601,1.0,1.0,0.0
IRS1,0.6172065210553536,0.16190181604211062,0.0,1.0,0.0
IRS2,0.6654288789215521,1.0,0.0,1.0,0.0
IRX2,0.6290122824191228,0.8322319880177178,1.0,0.33333333333333326,0.0
IRX3,0.654906659016588,0.520729946927544,1.0,1.0,0.0
IRX5,0.6158014862622567,0.17738108414090817,0.0,1.0,0.0
ISCA2,0.497625468355736,0.8801604695915016,0.0,1.0,0.0
ISCU,0.5215367469028545,0.6654018976560502,1.0,0.33333333333333326,0.0
ISG15,0.5906690298452221,0.20210387569772065,0.0,1.0,0.0
ISG20,0.46661253767355415,0.5577587221380719,0.0,0.33333333333333326,0.0
ISG20L2,0.5823852621184866,0.797982288913381,1.0,1.0,0.0
ISL1,0.42784764097375066,0.2410758562263039,0.0,1.0,0.0
ISLR,0.6114789560807186,0.29406118829294875,0.0,1.0,0.0
ISOC1,0.493716959593147,0.29101394101017275,0.0,0.33333333333333326,0.0
ISX,0.3575207126689024,1.0,1.0,1.0,0.0
ISY1,0.5723102996143906,0.5169802012828969,0.0,1.0,0.0
ITCH,0.5690257240351647,0.46979197057062816,0.0,1.0,0.0
ITFG1,0.4987807075897333,0.45333566577665485,0.0,0.33333333333333326,0.0
ITGA1,0.48624651325200907,0.35661742560089066,0.0,0.33333333333333326,0.0
ITGA11,0.6315017105425874,0.6022609078798228,0.0,1.0,0.0
ITGA2,0.6495448942168153,0.9911298699958163,1.0,1.0,0.0
ITGA4,0.4572803197305332,0.48167099592823526,1.0,1.0,0.0
ITGA5,0.6289287142767088,0.529225512092277,0.0,0.33333333333333326,0.0
ITGA8,0.45004786296322324,0.6702566683620019,1.0,1.0,0.0
ITGA9,0.4940694269807823,0.4613261300282532,0.0,0.33333333333333326,0.0
ITGAL,0.48553843225597393,0.2781698507018962,0.0,0.33333333333333326,0.0
ITGB1BP1,0.6147243580165858,0.7563328647384576,1.0,1.0,0.0
ITGB3BP,0.6074393662656461,0.6182059795919389,0.0,1.0,0.0
ITGB4,0.582895510685053,0.27687536611455904,1.0,1.0,0.0
ITGB5,0.5814892185858959,0.3682226105621181,1.0,1.0,0.0
ITGB7,0.42790009697027165,0.4498976145712356,1.0,1.0,0.0
ITGB8,0.6447775267493545,0.5057643436387195,0.0,1.0,0.0
ITGBL1,0.6279301142437571,0.21900599361233777,0.0,1.0,0.0
ITIH3,0.5696151643036668,0.041060031803760166,0.0,0.0,0.0
ITIH5,0.4456447909048315,0.6306537949564196,0.0,1.0,0.0
ITK,0.4630018293762917,0.6785424165437086,0.0,1.0,0.0
ITLN1,0.23847123833027745,1.0,1.0,1.0,0.0
ITM2A,0.35600873613439626,1.0,1.0,1.0,0.0
ITM2B,0.5093931847423131,0.7082636607659927,1.0,0.33333333333333326,0.0
ITM2C,0.37941072617384974,1.0,1.0,1.0,0.0
ITPA,0.5866062167602819,1.0,1.0,1.0,0.0
ITPKA,0.4029516913977513,1.0,1.0,1.0,0.0
ITPR1,0.4377375580669674,1.0,0.0,0.33333333333333326,0.0
ITPRID2,0.4661951011420327,0.6973430114245878,0.0,1.0,0.0
ITPRIP,0.6174320458271515,1.0,0.0,1.0,0.0
ITSN1,0.5093830410519882,0.23144501364469655,0.0,0.33333333333333326,0.0
ITSN2,0.5053476120310386,0.2820022045031743,0.0,0.33333333333333326,0.0
IVNS1ABP,0.4906282767662551,0.6748788572508521,0.0,1.0,0.0
JADE3,0.6834020266836187,1.0,1.0,1.0,0.0
JAG1,0.5454022096144808,0.14657337978498922,0.0,0.33333333333333326,0.0
JAG2,0.6580834528316024,1.0,1.0,1.0,0.0
JAGN1,0.5380363114684761,0.010236979506303341,0.0,0.33333333333333326,0.0
JAK1,0.5432570354294756,0.1843026914058465,1.0,0.33333333333333326,0.0
JAK2,0.46199983408795753,0.4679791896973808,0.0,1.0,0.0
JAM2,0.40646757656011456,1.0,1.0,1.0,0.0
JAM3,0.46200924936418974,0.6062413278360955,0.0,1.0,0.0
JAML,0.42590591256296106,0.7371996524248998,1.0,1.0,0.0
JARID2,0.5758226170838829,0.2326047311843268,1.0,1.0,0.0
JAZF1,0.4629163910036913,0.6756594651217683,0.0,1.0,0.0
JCHAIN,0.3290025059807728,1.0,1.0,1.0,0.0
JDP2,0.4981064567962561,0.3692812592547192,1.0,1.0,0.0
JKAMP,0.49610359838662105,0.7122099083781663,0.0,0.33333333333333326,0.0
JMJD1C,0.5358147622105274,0.29918238831217636,0.0,0.33333333333333326,0.0
JMJD4,0.5956678791919356,0.1843236895588852,0.0,1.0,0.0
JMJD6,0.5883975061021799,0.7635714190684352,0.0,1.0,0.0
JMY,0.5315583537116904,0.16705189904522263,0.0,0.33333333333333326,0.0
JOSD1,0.451156814433045,0.7672158703684397,0.0,1.0,0.0
JPH1,0.6574859047691283,1.0,1.0,1.0,0.0
JPT1,0.5396567450835272,0.18129226735536172,0.0,0.33333333333333326,0.0
JPT2,0.6094281613836513,1.0,1.0,1.0,0.0
JRK,0.5337344705673422,0.19979634914173727,0.0,0.33333333333333326,0.0
JTB,0.5317133153390614,0.39423980473918535,0.0,0.33333333333333326,0.0
JUN,0.644956039878552,1.0,0.0,0.33333333333333326,0.0
JUNB,0.5849315410507401,1.0,1.0,0.33333333333333326,0.0
JUP,0.5915704352591655,0.3076729721655013,0.0,1.0,0.0
KALRN,0.49051432154248437,0.5988391364165496,0.0,1.0,0.0
KANK1,0.5964713081787726,0.6066414313176788,0.0,1.0,0.0
KANK4,0.3488202937654661,0.40444089322270355,0.0,1.0,0.0
KANSL2,0.5691638393966366,0.4272784421378325,1.0,1.0,0.0
KARS1,0.5982687286683267,0.42981063758766425,1.0,1.0,0.0
KAT2A,0.6339232154279961,0.7721559377730433,1.0,1.0,0.0
KAT2B,0.3979916228556761,1.0,0.0,1.0,0.0
KAT5,0.49996518382356575,0.5309848823749252,0.0,1.0,0.0
KAT6B,0.4930175154795932,0.6854872176808822,1.0,1.0,0.0
KAT7,0.5661175220801277,0.219522422101046,0.0,0.33333333333333326,0.0
KAT8,0.5677514547777762,0.0934115025543079,0.0,1.0,0.0
KATNAL1,0.5697200841147703,0.1685708975418931,1.0,0.33333333333333326,0.0
KATNB1,0.5935768612961468,0.9215394441287043,1.0,1.0,0.0
KATNBL1,0.501553345412348,0.4718566527363301,0.0,0.33333333333333326,0.0
KAZN,0.5853286633043677,0.09439826584579185,0.0,1.0,0.0
KBTBD11,0.4495480672986687,1.0,1.0,1.0,0.0
KBTBD12,0.45229676470025326,0.26701746729662507,0.0,0.33333333333333326,0.0
KBTBD2,0.5972257737996622,1.0,1.0,1.0,0.0
KBTBD4,0.4930259632708928,0.39261745868385284,0.0,0.33333333333333326,0.0
KBTBD6,0.6241907107347852,1.0,1.0,1.0,0.0
KBTBD8,0.49961034976758373,0.18848875502138449,0.0,0.33333333333333326,0.0
KCMF1,0.5346580038031163,0.07245768153980088,0.0,0.33333333333333326,0.0
KCNA10,0.500147499458815,0.11276646270866637,0.0,1.0,0.0
KCNA3,0.47229126645509384,0.07803643741776667,0.0,1.0,0.0
KCNAB2,0.5942710156093268,0.5735395590508222,1.0,1.0,0.0
KCND3,0.5092021091087144,0.35532147242946677,1.0,0.33333333333333326,0.0
KCNE2,0.45258880647708005,0.2847793298729309,0.0,1.0,0.0
KCNE3,0.6267993304202693,0.5951153250836627,0.0,1.0,0.0
KCNG3,0.4126620332147767,1.0,1.0,1.0,0.0
KCNH2,0.5295908689462362,0.08264196587755972,0.0,0.33333333333333326,0.0
KCNH5,0.48444675444933477,0.21186074954569342,0.0,1.0,0.0
KCNH8,0.6056468656461447,0.2630966688967244,0.0,1.0,0.0
KCNIP4,0.3800952428853844,1.0,1.0,1.0,0.0
KCNJ16,0.5611564443993247,0.2377361725997547,0.0,0.33333333333333326,0.0
KCNJ4,0.446449807542629,0.18598122378405607,0.0,1.0,0.0
KCNJ8,0.6440813267223626,0.4090959407461633,0.0,0.33333333333333326,0.0
KCNK10,0.4249304760783923,1.0,0.0,1.0,0.0
KCNK5,0.4982825325354722,0.21954274960350117,0.0,1.0,0.0
KCNMA1,0.3665893615723567,1.0,1.0,1.0,0.0
KCNMB1,0.4409442397291866,0.4732825677812956,1.0,1.0,0.0
KCNMB2,0.46278583379125054,0.21068294098167528,0.0,1.0,0.0
KCNMB4,0.6232229577975661,0.2453987847523845,0.0,1.0,0.0
KCNN4,0.6311316773638532,0.9274558640650329,1.0,1.0,0.0
KCNQ1,0.5935880954142353,0.28686244531598415,1.0,1.0,0.0
KCNS3,0.456733448550421,0.5533803551614287,1.0,1.0,0.0
KCNT2,0.4554228423209996,0.8994887673059015,1.0,1.0,0.0
KCTD1,0.4152150521670959,1.0,0.0,1.0,0.0
KCTD12,0.4077702479040991,0.7179350495922477,1.0,1.0,0.0
KCTD15,0.4981336726142367,0.060513907421649735,0.0,1.0,0.0
KCTD18,0.5105311205855014,0.31660827092129845,0.0,0.33333333333333326,0.0
KCTD19,0.48966640438396536,0.011713138323669579,0.0,1.0,0.0
KCTD20,0.585753556843991,1.0,1.0,1.0,0.0
KCTD21,0.5075751819321714,0.07066013136792756,0.0,0.33333333333333326,0.0
KCTD4,0.4209128818301273,0.8138502335619238,0.0,1.0,0.0
KCTD6,0.609872351714601,0.4961218556313709,0.0,1.0,0.0
KCTD7,0.5527604446769294,0.17002694942974464,1.0,0.33333333333333326,0.0
KCTD9,0.4088984518855251,1.0,0.0,1.0,0.0
KDELR1,0.5670570892229714,0.31169412329371315,1.0,1.0,0.0
KDELR2,0.5725053561948646,0.14367335727014055,1.0,1.0,0.0
KDELR3,0.648625661576566,0.4743540369808035,0.0,1.0,0.0
KDM1A,0.5900130208637878,0.584812099555682,1.0,1.0,0.0
KDM1B,0.6020797188096119,0.6136885206861614,0.0,1.0,0.0
KDM2B,0.6019620861330776,0.6721535456772727,1.0,1.0,0.0
KDM3A,0.5958122129324447,0.37543769864807763,0.0,1.0,0.0
KDM4C,0.5066011050275994,0.15253762269603638,0.0,0.33333333333333326,0.0
KDM6A,0.5239775530634482,0.2706151256811913,1.0,0.33333333333333326,0.0
KDSR,0.578389681019564,0.04460487482836575,0.0,0.33333333333333326,0.0
KEAP1,0.577363119500569,0.41746573101179973,1.0,1.0,0.0
KGD4,0.4864246538152406,0.6784354261010026,0.0,0.33333333333333326,0.0
KHDC4,0.5875260415806829,0.16785635134223073,0.0,1.0,0.0
KHDRBS1,0.5780707557145058,0.44196571080533914,0.0,1.0,0.0
KHDRBS3,0.6039323922770283,0.3727096627625381,1.0,1.0,0.0
KHK,0.6154735888588999,0.4425121804657299,0.0,1.0,0.0
KHSRP,0.6066638169178293,0.6878612255492975,1.0,1.0,0.0
KIAA0232,0.49935217173143165,0.4474010516020608,0.0,0.33333333333333326,0.0
KIAA0513,0.40432137672838064,1.0,0.0,1.0,0.0
KIAA0930,0.6149215745572016,0.6768465266414588,1.0,1.0,0.0
KIAA1143,0.582737791089491,0.19645681639402507,0.0,1.0,0.0
KIAA1191,0.5179027545904257,0.41250033292368604,0.0,0.33333333333333326,0.0
KIAA1549,0.6318004288229262,0.7754712490916107,1.0,1.0,0.0
KIAA1671,0.4909092121836802,0.42015238839423447,0.0,0.33333333333333326,0.0
KIAA1958,0.5871298337124758,0.234176124493394,1.0,1.0,0.0
KICS2,0.5960596507568925,0.4822164944034863,1.0,1.0,0.0
KIF11,0.6228286382956505,0.4122587110289897,1.0,1.0,0.0
KIF13B,0.4560678004952779,0.5261190665719144,0.0,1.0,0.0
KIF14,0.6565992605336525,0.9009673217760233,1.0,1.0,0.0
KIF15,0.6189762995879996,0.4074624261218461,1.0,1.0,0.0
KIF16B,0.591025738339177,0.3179644607431209,1.0,1.0,0.0
KIF17,0.4947998503044744,0.042532243214154414,0.0,1.0,0.0
KIF18A,0.6113858300179669,0.40709538604982803,1.0,1.0,0.0
KIF18B,0.665376820090941,1.0,1.0,1.0,0.0
KIF20A,0.6556840859297158,0.7753803547095185,1.0,1.0,0.0
KIF20B,0.6182931686903689,0.6610866894743022,1.0,1.0,0.0
KIF21A,0.5091196331651321,0.14170629470431065,0.0,0.33333333333333326,0.0
KIF21B,0.6366299266054984,1.0,1.0,1.0,0.0
KIF22,0.5648859727196969,0.18873886387416144,0.0,0.33333333333333326,0.0
KIF23,0.6455150207542544,0.5116859415430015,1.0,1.0,0.0
KIF26A,0.48381159380736366,0.11598703530239275,1.0,1.0,0.0
KIF26B,0.6488103635740501,0.5935139930697946,0.0,1.0,0.0
KIF2C,0.6513871586088873,0.7466093030794212,1.0,1.0,0.0
KIF3A,0.6223034343712327,0.5369691678122775,1.0,1.0,0.0
KIF3B,0.5908528778983674,0.3130335452292825,1.0,1.0,0.0
KIF3C,0.6645710841928956,0.5643084765105173,0.0,0.33333333333333326,0.0
KIF4A,0.6498875270331023,0.8279247689980693,1.0,1.0,0.0
KIF5B,0.5769168374095329,0.21431813945273867,0.0,0.33333333333333326,0.0
KIF9,0.6182879212423236,0.86398411616501,1.0,1.0,0.0
KIFAP3,0.4627910859821498,0.7482554445459662,0.0,1.0,0.0
KIFBP,0.5488495339526845,0.1808867991043536,0.0,0.33333333333333326,0.0
KIFC1,0.6118376527006115,0.43089316217585216,1.0,1.0,0.0
KIFC3,0.5857232121003227,0.05569997739662885,0.0,1.0,0.0
KIN,0.5701540474907082,0.10579930256415963,0.0,0.33333333333333326,0.0
KIRREL1,0.6367696772250372,0.6708236913493495,0.0,1.0,0.0
KIT,0.4093040726267676,1.0,1.0,1.0,0.0
KITLG,0.44158118746923253,1.0,0.0,1.0,0.0
KIZ,0.6080354964831822,0.31535513905884366,0.0,0.33333333333333326,0.0
KL,0.41672882379002485,0.6035957533035858,0.0,1.0,0.0
KLB,0.4184699992689462,1.0,1.0,1.0,0.0
KLC2,0.5946682693784198,0.35317605800394875,1.0,1.0,0.0
KLC4,0.50077143883018,0.23526081430972062,1.0,1.0,0.0
KLF12,0.4564590073836838,0.8249484083752512,1.0,1.0,0.0
KLF13,0.4831514901335498,1.0,0.0,1.0,0.0
KLF15,0.5063504748543893,0.35325173555518724,1.0,0.33333333333333326,0.0
KLF16,0.6629120205249158,0.4774830062664745,0.0,1.0,0.0
KLF3,0.45349415932019493,1.0,0.0,1.0,0.0
KLF4,0.3738859776048338,1.0,1.0,1.0,0.0
KLF6,0.4705156576702711,0.7737991500263773,0.0,0.33333333333333326,0.0
KLF7,0.6459397994420738,0.6126209885549838,0.0,1.0,0.0
KLF8,0.4579784032939782,0.7096419791664191,0.0,0.33333333333333326,0.0
KLF9,0.37201051438776556,1.0,1.0,1.0,0.0
KLHDC1,0.4338733328160654,1.0,0.0,0.33333333333333326,0.0
KLHDC2,0.4936749016176314,0.8020559813978403,0.0,1.0,0.0
KLHDC3,0.5338417916835552,0.30487370232363104,0.0,0.33333333333333326,0.0
KLHDC4,0.5709116793215857,0.220550984046177,1.0,1.0,0.0
KLHDC8B,0.49052101598737635,0.12530784944972667,0.0,1.0,0.0
KLHL11,0.592491866164103,0.6001356662301854,1.0,1.0,0.0
KLHL13,0.44410697099941937,0.34575630821978065,0.0,1.0,0.0
KLHL18,0.5930567791474515,0.11387312265937274,0.0,1.0,0.0
KLHL20,0.5430378780733334,0.12406175847820507,0.0,0.33333333333333326,0.0
KLHL21,0.6497416532566618,0.4792815169276279,0.0,1.0,0.0
KLHL23,0.6091045683505285,0.43813512514886044,0.0,0.33333333333333326,0.0
KLHL26,0.5690581934895689,0.15416889446977253,1.0,1.0,0.0
KLHL28,0.5146600035735371,0.05808172147729277,0.0,0.33333333333333326,0.0
KLHL29,0.6663862511890764,1.0,1.0,1.0,0.0
KLHL3,0.6156653090571529,0.12340945284296422,0.0,1.0,0.0
KLHL34,0.4707696284315631,0.19103033429214797,0.0,1.0,0.0
KLHL35,0.5796819673037638,0.3856642683795746,1.0,1.0,0.0
KLHL42,0.5749309679993625,0.26812693203473875,0.0,0.33333333333333326,0.0
KLHL6,0.4128086990060191,1.0,1.0,1.0,0.0
KLK1,0.4276663264392252,0.8791052669501788,1.0,1.0,0.0
KLK10,0.7407872313081612,0.9445793239466223,1.0,1.0,0.0
KLK11,0.6395194436791903,0.16241323343036984,0.0,1.0,0.0
KLK15,0.4134819489238019,0.6709116841652263,1.0,1.0,0.0
KLK3,0.5409673959245469,0.1543838006361033,0.0,0.33333333333333326,0.0
KLK6,0.6356940667772287,0.3184771476481318,1.0,1.0,0.0
KLK7,0.5887283535929613,0.14969983336476164,0.0,1.0,0.0
KLKB1,0.44554891854873796,0.419252745782414,0.0,1.0,0.0
KLRB1,0.38423723148917166,1.0,1.0,1.0,0.0
KLRC2,0.372966731652824,1.0,1.0,1.0,0.0
KLRC3,0.42513411955921376,0.8754877321581825,1.0,1.0,0.0
KLRD1,0.4548856712458478,0.2861666560852163,0.0,0.33333333333333326,0.0
KLRF1,0.40416368824114085,1.0,1.0,1.0,0.0
KLRG1,0.5042411371123069,0.16777034935583002,0.0,1.0,0.0
KLRG2,0.5564208905552501,0.09220066161668321,0.0,0.0,0.0
KMO,0.47809039926444746,0.1781557604686744,0.0,1.0,0.0
KMT2B,0.6003427553821541,0.3716610747384834,0.0,1.0,0.0
KMT2D,0.5746940809328401,0.042677839611822144,0.0,1.0,0.0
KMT2E,0.49301884089560566,0.15452274159163223,0.0,1.0,0.0
KMT5B,0.4749823474157307,0.5625822065669016,0.0,1.0,0.0
KMT5C,0.5628563208950951,0.4306173816393882,0.0,0.33333333333333326,0.0
KNL1,0.6255256876844403,0.5877063974800556,1.0,1.0,0.0
KNOP1,0.5752822075907296,0.4551609484355559,1.0,1.0,0.0
KNSTRN,0.6024532523142286,0.5411171266105919,1.0,1.0,0.0
KNTC1,0.6134122709680498,0.8658852368812662,1.0,1.0,0.0
KPNA1,0.5836306532658238,0.3992361332028933,1.0,1.0,0.0
KPNA2,0.6308185328202228,0.885199063707232,1.0,1.0,0.0
KPNA3,0.6001776682455728,0.6659125389203473,1.0,1.0,0.0
KPNA4,0.5821277407162475,0.46112586876903056,0.0,1.0,0.0
KPNA5,0.5378352027097326,0.3436002031719751,0.0,0.33333333333333326,0.0
KPNB1,0.5870755677196596,1.0,1.0,1.0,0.0
KRABD2,0.5021239767647424,0.09299928461961872,0.0,1.0,0.0
KRABD5,0.573254154752201,0.04254927764536809,0.0,1.0,0.0
KRAS,0.4878953777229993,0.2854684189219048,0.0,1.0,0.0
KRCC1,0.468485968394402,0.7944934862857719,1.0,1.0,0.0
KREMEN1,0.4859003817807711,0.1326699945306483,1.0,1.0,0.0
KRI1,0.5693623921815495,0.2511690328085369,1.0,1.0,0.0
KRT12,0.4153386042811976,0.48562320292923933,0.0,1.0,0.0
KRT15,0.5948323169655768,0.47867632992473114,1.0,1.0,0.0
KRT17,0.6555191812092573,0.6510930444462222,0.0,0.33333333333333326,0.0
KRT18,0.5744109971331626,0.32485348178492796,1.0,1.0,0.0
KRT19,0.45960167064140006,0.9553836645786057,1.0,1.0,0.0
KRT20,0.3844997033305363,1.0,1.0,1.0,0.0
KRT23,0.920736395413656,1.0,1.0,1.0,0.0
KRT24,0.45034021625078857,0.8517121843986537,0.0,1.0,0.0
KRT6A,0.6064616985614444,0.08215617629910255,0.0,1.0,0.0
KRT6B,0.7368256547704726,1.0,0.0,0.33333333333333326,0.0
KRT80,0.7535028638507417,1.0,1.0,1.0,0.0
KRTAP10-11,0.4837480612085612,0.7768770476909717,0.0,1.0,0.0
KRTAP4-1,0.5858422133117821,0.08759748676006822,0.0,0.33333333333333326,0.0
KRTAP7-1,0.49682317546399,0.07814579035654204,0.0,1.0,0.0
KRTCAP2,0.5674189125189072,0.4477005760101257,1.0,1.0,0.0
KRTCAP3,0.5469368448586883,0.10805745118974817,1.0,0.33333333333333326,0.0
KSR2,0.5036015451019819,0.055600471841493145,0.0,1.0,0.0
KTI12,0.5673601160827715,0.10281357091901314,1.0,1.0,0.0
KTN1,0.4872121884003634,1.0,0.0,1.0,0.0
KXD1,0.5554199865978455,0.6470070527018731,1.0,1.0,0.0
KYAT3,0.5577583446368861,0.09579911879167181,0.0,0.33333333333333326,0.0
L1TD1,0.521678912464507,0.3772910274061348,0.0,0.33333333333333326,0.0
L3MBTL2,0.5748905223261428,0.16100631778862493,0.0,1.0,0.0
LACC1,0.5034823793004777,0.06737799370677904,0.0,0.33333333333333326,0.0
LACTB,0.48419755345067644,1.0,0.0,0.33333333333333326,0.0
LACTB2,0.5915365208445958,0.8627342624657742,1.0,1.0,0.0
LAD1,0.5814802121276905,0.27861169249474516,0.0,1.0,0.0
LAGE3,0.6298354317946372,1.0,1.0,1.0,0.0
LAIR1,0.496517700890488,0.2185414533030812,0.0,1.0,0.0
LAIR2,0.5777209428322759,0.18427101679691094,0.0,1.0,0.0
LAMA1,0.24073894283044853,1.0,1.0,1.0,0.0
LAMA2,0.4629897158496255,0.603543157458621,0.0,1.0,0.0
LAMA3,0.4611888206076349,0.3642122156996767,0.0,0.33333333333333326,0.0
LAMA5,0.6111114503463684,0.577498999753985,0.0,1.0,0.0
LAMB2,0.6043586519566764,0.3889833996402148,0.0,0.33333333333333326,0.0
LAMB3,0.5386389040545037,0.3019732186544712,0.0,0.33333333333333326,0.0
LAMC1,0.6150195268982901,0.3692502314619122,0.0,0.33333333333333326,0.0
LAMC2,0.6460010913898894,0.7871329676368454,0.0,1.0,0.0
LAMP1,0.5788917896404838,0.541965083925925,1.0,1.0,0.0
LAMP3,0.6688830743949031,0.8578205673112265,0.0,1.0,0.0
LAMTOR3,0.4800487540464057,0.7756876956399268,0.0,0.33333333333333326,0.0
LAMTOR5,0.5685083500968675,0.14374206428251238,0.0,1.0,0.0
LANCL1,0.5324468922551412,0.14921578214933778,0.0,0.33333333333333326,0.0
LANCL2,0.5662815399365706,0.18534038721765442,1.0,1.0,0.0
LANCL3,0.42074148936254474,1.0,1.0,1.0,0.0
LAP3,0.5441107276038095,0.27477735103072715,0.0,0.33333333333333326,0.0
LAPTM4A,0.5121413266487598,0.1836806720661733,0.0,0.33333333333333326,0.0
LAPTM4B,0.6377495673910412,1.0,1.0,1.0,0.0
LARGE1,0.4745571499150348,0.5179050166391888,0.0,0.33333333333333326,0.0
LARGE2,0.6556791299524151,1.0,1.0,1.0,0.0
LARP1,0.6094443878493012,1.0,1.0,1.0,0.0
LARP4,0.5985454632392314,0.6366894975643641,0.0,1.0,0.0
LARP6,0.6759026522294209,1.0,1.0,1.0,0.0
LARS1,0.5740973762488846,0.3162153275022346,0.0,1.0,0.0
LARS2,0.585755472116533,0.2692434042597988,1.0,1.0,0.0
LAS1L,0.6249352046385271,1.0,1.0,1.0,0.0
LAX1,0.4790455981986948,0.2181394086931545,0.0,1.0,0.0
LAYN,0.5431062685131485,0.05445028436018894,0.0,0.33333333333333326,0.0
LBH,0.5893265657221041,0.17300011466999102,0.0,1.0,0.0
LBR,0.5871784289421708,0.8242994383201518,1.0,1.0,0.0
LCK,0.4874453244750423,0.12194829610605423,0.0,1.0,0.0
LCLAT1,0.5921064287975998,0.30331078227273256,0.0,1.0,0.0
LCN10,0.4975746611363843,0.6028413253179469,0.0,1.0,0.0
LCN15,0.6420019888415126,0.07852155009545803,0.0,1.0,0.0
LCN2,0.7208920022564486,1.0,1.0,1.0,0.0
LCN8,0.49329844459805505,0.08647673336876913,0.0,1.0,0.0
LCOR,0.49149628866004286,0.6972861050450491,0.0,0.33333333333333326,0.0
LCP1,0.4546445105515671,0.26868465781010376,0.0,1.0,0.0
LCP2,0.5394675099915882,0.049295245715379014,0.0,0.33333333333333326,0.0
LDB1,0.5823823429646553,0.45763345244263,1.0,1.0,0.0
LDHA,0.5697897682567634,0.3112041568490022,1.0,1.0,0.0
LDHB,0.6256650667139366,0.6140592125569156,0.0,1.0,0.0
LDHD,0.3448674061626675,1.0,1.0,1.0,0.0
LDLR,0.6756726037063486,0.832773893572527,0.0,0.33333333333333326,0.0
LDLRAD3,0.67780406397761,1.0,1.0,1.0,0.0
LDLRAD4,0.48367798753895735,0.577144035726007,0.0,1.0,0.0
LEAP2,0.4285247899063662,0.47043864183788736,1.0,1.0,0.0
LEF1,0.6425531657515502,0.5494195592222291,1.0,1.0,0.0
LEMD1,0.6114285091513725,0.44732527940257044,0.0,0.33333333333333326,0.0
LEO1,0.4930154871659763,0.6385365284566634,0.0,0.33333333333333326,0.0
LEPROTL1,0.5067579268800939,0.3432045151307112,0.0,0.33333333333333326,0.0
LETMD1,0.5178802576905377,0.08255498685840319,0.0,0.33333333333333326,0.0
LFNG,0.589763227927286,0.1728379406389662,0.0,0.33333333333333326,0.0
LGALS2,0.2241534529673502,1.0,1.0,1.0,0.0
LGALS3,0.4957855317675787,0.9269485830781815,1.0,1.0,0.0
LGALS4,0.43686480952782314,1.0,1.0,1.0,0.0
LGALS8,0.5384421339339612,0.4598587369740455,0.0,0.33333333333333326,0.0
LGALS9,0.47000111874296074,0.7592666568949752,1.0,1.0,0.0
LGALSL,0.46971895107108685,0.5785703150327521,0.0,1.0,0.0
LGI1,0.2762334654033966,1.0,0.0,1.0,0.0
LGI4,0.48395790308804715,0.10301182246519516,0.0,1.0,0.0
LGMN,0.4811222093165727,0.4663235964407934,0.0,0.33333333333333326,0.0
LGR4,0.4377520940581152,1.0,0.0,0.33333333333333326,0.0
LGR5,0.7189836957021607,1.0,1.0,1.0,0.0
LHFPL2,0.4541925943431209,1.0,0.0,1.0,0.0
LHPP,0.4877148486997589,0.4010258022048171,1.0,1.0,0.0
LHX4,0.47723386784333344,0.22803602012724913,0.0,1.0,0.0
LIAS,0.4846542989647297,0.42430379340734414,1.0,1.0,0.0
LIAT1,0.48163522292410993,0.25225359908031153,0.0,1.0,0.0
LIF,0.6097354592223759,1.0,1.0,1.0,0.0
LIFR,0.29170466980887233,1.0,1.0,1.0,0.0
LIG1,0.6126541805504438,0.9170586801254188,1.0,1.0,0.0
LILRB5,0.4423846759175174,1.0,1.0,1.0,0.0
LIMA1,0.41556442370555097,1.0,0.0,1.0,0.0
LIMCH1,0.4606454599039165,0.38825950931306513,0.0,1.0,0.0
LIMK2,0.49635139268615985,1.0,0.0,1.0,0.0
LIMS4,0.6035405394539456,0.9610596851522802,1.0,1.0,0.0
LIN54,0.5056442127003308,0.13841747818143824,0.0,1.0,0.0
LIN7C,0.5078710078533366,0.39730622272051047,1.0,1.0,0.0
LIN9,0.5981221559022202,0.3454498987426892,1.0,1.0,0.0
LINS1,0.4908212591013962,0.3357692708147005,0.0,0.33333333333333326,0.0
LIPC,0.455520919035181,0.2763801422600398,0.0,1.0,0.0
LIPG,0.6430887250748335,0.9270261168893191,1.0,1.0,0.0
LIPH,0.44638838836399947,1.0,0.0,1.0,0.0
LIPJ,0.46671189960815235,0.641726371558193,1.0,1.0,0.0
LITAF,0.4497989021661224,0.9770282260093404,0.0,1.0,0.0
LIX1L,0.4925332557295877,0.34685498401351966,0.0,0.33333333333333326,0.0
LLGL1,0.6008811958684169,0.05352723711891312,0.0,1.0,0.0
LMAN1,0.5518552358577904,0.041093210380032746,0.0,0.33333333333333326,0.0
LMBR1,0.6247326011270159,0.36079880902508055,0.0,1.0,0.0
LMBRD1,0.47102155836625403,0.9690814149214476,0.0,1.0,0.0
LMBRD2,0.49009130253720856,1.0,0.0,0.33333333333333326,0.0
LMCD1,0.6167420975277484,0.832465863254515,0.0,1.0,0.0
LMLN,0.5861579862318657,0.5670461974430406,1.0,1.0,0.0
LMNB2,0.6648811079448653,1.0,1.0,1.0,0.0
LMO2,0.47731194441282176,0.6286101703907124,0.0,1.0,0.0
LMO3,0.36818482032752775,0.7099759803030901,0.0,1.0,0.0
LMOD1,0.43885065573469356,0.15673079438113116,1.0,1.0,0.0
LNP1,0.5124675437882532,0.2255255128779465,0.0,1.0,0.0
LNPK,0.5051271487798982,0.22051861463607259,0.0,1.0,0.0
LONP1,0.6052259757624914,1.0,1.0,1.0,0.0
LONRF1,0.6097352460802509,0.6638239559963719,0.0,0.33333333333333326,0.0
LOXL2,0.6790124731643503,0.8446928537391799,1.0,1.0,0.0
LPAR1,0.38233631964240644,1.0,1.0,1.0,0.0
LPAR2,0.6008625998973184,0.5396927645330433,1.0,1.0,0.0
LPAR5,0.47937882061234866,1.0,0.0,1.0,0.0
LPAR6,0.4730449005235361,0.3144801009756642,0.0,1.0,0.0
LPCAT1,0.7000394424685507,1.0,1.0,1.0,0.0
LPCAT2,0.6292588976027892,0.8342103863404834,0.0,1.0,0.0
LPCAT3,0.47697310195292575,0.5958790712275316,0.0,1.0,0.0
LPCAT4,0.44810339715556624,1.0,1.0,1.0,0.0
LPGAT1,0.59959058880747,0.4594909619241606,1.0,1.0,0.0
LPIN1,0.6235867331183158,0.5709163477089472,0.0,1.0,0.0
LPIN2,0.4957347015106133,0.302773412544187,0.0,1.0,0.0
LPL,0.6334771001985295,0.47254364072626465,0.0,1.0,0.0
LPXN,0.46785592222916783,0.46908273240504994,0.0,1.0,0.0
LRATD2,0.6004701906085159,0.9610152143119904,1.0,1.0,0.0
LRBA,0.5125637087077095,0.1218769094886019,0.0,0.33333333333333326,0.0
LRCH1,0.6177411079801274,0.7247808877975244,0.0,1.0,0.0
LRCH2,0.4219078186250122,0.8635516677198899,0.0,1.0,0.0
LRCH4,0.530772708074326,0.19015439526438568,0.0,0.33333333333333326,0.0
LRFN3,0.5805435012447699,0.20728361535279713,0.0,1.0,0.0
LRFN4,0.6094042602705597,0.3080900080519538,1.0,1.0,0.0
LRG1,0.5370753799050768,0.23187223392773376,0.0,0.33333333333333326,0.0
LRIF1,0.6118560372389429,1.0,0.0,1.0,0.0
LRIG1,0.5320712087477435,0.17470095559696427,0.0,0.33333333333333326,0.0
LRIG2,0.5588181977826526,0.13738821199625445,0.0,0.33333333333333326,0.0
LRIG3,0.4780000550570823,0.5756393666220593,0.0,1.0,0.0
LRP11,0.6410598578055998,1.0,1.0,1.0,0.0
LRP3,0.6326544184481784,0.6026600542808774,1.0,1.0,0.0
LRP5,0.5946860210788086,0.25714097205372205,0.0,1.0,0.0
LRP6,0.5840966703077393,0.09429388218089464,0.0,1.0,0.0
LRP8,0.6846848146834406,1.0,1.0,1.0,0.0
LRPPRC,0.5717559149919151,0.1877408981136486,1.0,1.0,0.0
LRRC1,0.4601135704389324,0.8170816779716626,0.0,1.0,0.0
LRRC10B,0.5251284817773053,0.10362794439630862,0.0,0.33333333333333326,0.0
LRRC14,0.5378960884341457,0.4253537130578318,1.0,0.33333333333333326,0.0
LRRC15,0.6108434093790751,0.47551903851065713,1.0,1.0,0.0
LRRC19,0.3058293805688974,1.0,1.0,1.0,0.0
LRRC2,0.6181888292509163,0.4977161938241635,0.0,1.0,0.0
LRRC20,0.6241720793190337,0.4087560929809073,1.0,1.0,0.0
LRRC27,0.5373786128407824,0.2299426256119986,0.0,0.33333333333333326,0.0
LRRC31,0.40628069521603544,1.0,0.0,1.0,0.0
LRRC32,0.6362750019508582,0.24888043995989503,0.0,1.0,0.0
LRRC34,0.7058470523149267,0.7800131284216387,0.0,1.0,0.0
LRRC36,0.618797996218363,0.8608989886995129,1.0,1.0,0.0
LRRC37A3,0.6019565132117453,0.9286597087337023,1.0,1.0,0.0
LRRC42,0.5656739882372886,0.2529038840633164,1.0,1.0,0.0
LRRC47,0.5755991680593731,0.567917939105306,1.0,1.0,0.0
LRRC49,0.607279704864711,0.2873834269739733,0.0,1.0,0.0
LRRC58,0.6167288640738129,1.0,0.0,1.0,0.0
LRRC59,0.5707616670628045,0.12801763728947285,0.0,1.0,0.0
LRRC61,0.5935138710176576,0.24333710619292184,1.0,1.0,0.0
LRRC66,0.4076291035035283,1.0,1.0,1.0,0.0
LRRC75A,0.43656652203713636,1.0,1.0,1.0,0.0
LRRC8A,0.5916223613709463,0.3646054427999108,0.0,1.0,0.0
LRRC8B,0.6053110858494275,0.5343218551695398,0.0,1.0,0.0
LRRC8E,0.6722436999315844,1.0,1.0,1.0,0.0
LRRD1,0.6000875837914517,0.07997555910637287,0.0,1.0,0.0
LRRFIP2,0.46664257056496933,0.7776710229833713,0.0,1.0,0.0
LRRK2,0.4154237650643827,1.0,0.0,1.0,0.0
LRRN2,0.40039785232770364,1.0,0.0,0.33333333333333326,0.0
LRRN3,0.4806701547908495,0.21087955468321204,1.0,1.0,0.0
LRRTM2,0.4887445865546141,0.04185370991946477,0.0,1.0,0.0
LRSAM1,0.5617084181516465,0.1603332187039593,1.0,1.0,0.0
LSAMP,0.5745480150695511,0.16509399850320886,1.0,0.33333333333333326,0.0
LSG1,0.597288542541948,0.3711250897094805,0.0,1.0,0.0
LSM10,0.57143127592113,0.16358658533225798,0.0,0.33333333333333326,0.0
LSM12,0.5853519300805823,0.5984971242519936,1.0,1.0,0.0
LSM14B,0.6117579816119474,0.4255914661838458,1.0,1.0,0.0
LSM2,0.5989347377541976,0.5807474608654349,1.0,1.0,0.0
LSM3,0.5592910989490371,0.10369451127782717,0.0,1.0,0.0
LSM4,0.5875755716192237,0.5154677104702002,1.0,1.0,0.0
LSM5,0.5904572203909187,0.8025205737330374,1.0,1.0,0.0
LSM7,0.5964875307633692,0.556093793604482,1.0,1.0,0.0
LSM8,0.5840942080726554,0.7255282676101701,1.0,1.0,0.0
LSP1,0.4863251780500177,0.20976581472439493,1.0,1.0,0.0
LSS,0.584952804517389,0.11159900330838872,0.0,1.0,0.0
LST1,0.5324978834672445,0.13837821942665646,0.0,0.33333333333333326,0.0
LTB4R2,0.3717199647291114,0.6289222973436104,0.0,1.0,0.0
LTBP1,0.5894490681101852,0.1489457624315831,0.0,0.33333333333333326,0.0
LTBP2,0.6000245772961529,0.6925676659557334,1.0,1.0,0.0
LTBP3,0.5916399403932978,0.08570878661335778,0.0,0.33333333333333326,0.0
LTBP4,0.4785508105895749,0.17166443913794996,1.0,1.0,0.0
LTBR,0.5804432046049627,0.19282098917383234,0.0,1.0,0.0
LTC4S,0.4784518865933502,0.15389991547835574,0.0,1.0,0.0
LTK,0.4384571321803045,0.6020264340035195,1.0,1.0,0.0
LTV1,0.5937151958778258,1.0,0.0,1.0,0.0
LUC7L,0.5724789441194941,0.3961447577828945,0.0,1.0,0.0
LUC7L2,0.5922503419043103,0.47961455164671535,1.0,1.0,0.0
LUC7L3,0.5933186597319213,0.09804848277333493,0.0,1.0,0.0
LUM,0.6059009200673516,0.09494923473659067,0.0,0.33333333333333326,0.0
LURAP1,0.49923620907631583,0.15475257884611052,0.0,1.0,0.0
LVRN,0.5407399841996708,0.24821654802596224,0.0,0.0,0.0
LXN,0.4260846791876686,1.0,0.0,1.0,0.0
LY6E,0.6758080349875225,0.6515138916795374,1.0,1.0,0.0
LY6G6F,0.8506319462830245,1.0,1.0,1.0,0.0
LY86,0.4575807755242882,0.7626320560034737,0.0,1.0,0.0
LY9,0.4591779999978264,0.41350598938040684,1.0,1.0,0.0
LY96,0.4541276223122395,0.355678751452761,0.0,1.0,0.0
LYAR,0.6469797651231214,0.8200162001069643,1.0,1.0,0.0
LYN,0.6124659722612945,0.8730441805808203,1.0,1.0,0.0
LYPD3,0.5862824855646885,0.08447153401116174,0.0,1.0,0.0
LYPD6,0.6139605740333736,0.14925095301870392,0.0,1.0,0.0
LYPD8,0.20460148045260335,1.0,1.0,1.0,0.0
LYPLA1,0.5853813353238687,0.190028352854122,0.0,1.0,0.0
LYPLA2,0.531356063685584,0.139390474082531,0.0,0.33333333333333326,0.0
LYPLAL1,0.5881730110113478,0.44851797814164296,0.0,1.0,0.0
LYRM1,0.5883318727938798,0.7197119833617937,1.0,1.0,0.0
LYRM4,0.6038109953537402,0.7496763491750333,1.0,1.0,0.0
LYRM7,0.4770123475181864,1.0,0.0,1.0,0.0
LYSET,0.45875515529279925,1.0,0.0,1.0,0.0
LYSMD2,0.5921170638827504,0.23923293142477123,0.0,0.33333333333333326,0.0
LYSMD3,0.4680808504449691,1.0,0.0,0.33333333333333326,0.0
LYVE1,0.3463665966885979,1.0,0.0,1.0,0.0
LZIC,0.49418291894479194,0.692032869996082,0.0,1.0,0.0
LZTFL1,0.6079820690311877,0.4741185157232748,0.0,0.33333333333333326,0.0
LZTS1,0.5779859188967409,0.04306132411330636,0.0,0.33333333333333326,0.0
LZTS3,0.6923510058074487,1.0,1.0,1.0,0.0
M6PR,0.5864454491109056,0.465796981297027,1.0,1.0,0.0
MAB21L2,0.40573246437828187,0.6126589686430624,1.0,1.0,0.0
MAB21L3,0.4620437650324126,0.7029686702815033,0.0,1.0,0.0
MACC1,0.6983570920022187,1.0,1.0,1.0,0.0
MACF1,0.5560266194845697,0.15010677274186152,1.0,0.33333333333333326,0.0
MACIR,0.4347896878221628,1.0,0.0,1.0,0.0
MACO1,0.5344385246318001,0.272554849752935,1.0,0.33333333333333326,0.0
MACROD1,0.5929255951179544,0.44054148376482083,1.0,1.0,0.0
MACROH2A1,0.5710166075943209,0.3947827435959932,1.0,1.0,0.0
MAD1L1,0.5848686067225954,0.6883062453850286,0.0,1.0,0.0
MAD2L1,0.6459545734872236,0.5215198968520974,1.0,1.0,0.0
MAD2L2,0.6294449102447081,0.9694641200356107,1.0,1.0,0.0
MADCAM1,0.46091573356709015,0.3873280354578771,1.0,1.0,0.0
MAEA,0.5165047140707958,0.18224613046853855,0.0,0.33333333333333326,0.0
MAF,0.44072988987655104,0.6647150056884916,1.0,1.0,0.0
MAFF,0.5988290936669873,0.6535340566740027,1.0,0.33333333333333326,0.0
MAFG,0.6015359255653805,0.43489216441392636,1.0,1.0,0.0
MAFK,0.5727057248389286,0.10106567753538456,0.0,1.0,0.0
MAGEA11,0.6082042762319019,0.11375138990665526,0.0,1.0,0.0
MAGEA2B,0.5916003180898446,0.016619124058991096,0.0,1.0,0.0
MAGED1,0.6076962825907364,0.4650973871867483,0.0,1.0,0.0
MAGED2,0.6150683638025713,0.6815771538985362,1.0,1.0,0.0
MAGEE1,0.5290750946212378,0.18569166722814348,0.0,0.33333333333333326,0.0
MAGI2,0.448338239752708,1.0,0.0,0.33333333333333326,0.0
MAGI3,0.453454114859921,1.0,0.0,1.0,0.0
MAGIX,0.4967905481134265,0.3560984874186205,1.0,1.0,0.0
MAGOHB,0.5994910352728094,1.0,0.0,0.33333333333333326,0.0
MAGT1,0.5746213259295814,0.05808717868570108,0.0,0.33333333333333326,0.0
MAIP1,0.5534909343279413,0.06980927184938387,0.0,0.33333333333333326,0.0
MAK16,0.6061680577382054,0.4359532788125139,0.0,1.0,0.0
MAL,0.4551721238299551,0.52133561265096,0.0,1.0,0.0
MALL,0.3637514575343196,1.0,1.0,1.0,0.0
MALSU1,0.6118499003047235,1.0,1.0,1.0,0.0
MAMDC2,0.23555137200807966,1.0,1.0,1.0,0.0
MAML2,0.5483518014628401,0.12929922641073593,0.0,0.33333333333333326,0.0
MAML3,0.48302673485262443,0.4445251563192697,0.0,1.0,0.0
MAN1A1,0.44499180647946723,1.0,0.0,1.0,0.0
MAN1A2,0.529610684682758,0.26104412635015006,0.0,0.33333333333333326,0.0
MAN1B1,0.5766479038802766,0.21676727045720956,1.0,1.0,0.0
MAN1C1,0.5127196671553635,0.5900327832503304,1.0,0.33333333333333326,0.0
MAN2A1,0.4813692028647422,0.8016968686916917,0.0,0.33333333333333326,0.0
MAN2A2,0.5791699168862422,0.31568470571151935,0.0,1.0,0.0
MANBAL,0.5829784827697979,0.6591575086255508,1.0,1.0,0.0
MANEA,0.5500012373698249,0.07265788863280939,0.0,0.33333333333333326,0.0
MANEAL,0.5948481178445686,0.44379796889358275,1.0,1.0,0.0
MANF,0.5888525124452685,0.48785589733556056,1.0,1.0,0.0
MAOA,0.3963937756012803,1.0,1.0,1.0,0.0
MAOB,0.39236194683873543,0.6963540855710849,1.0,1.0,0.0
MAP1B,0.4725094020657077,0.3630487964220028,0.0,1.0,0.0
MAP1LC3B,0.5478677160106038,0.5413978390625964,0.0,0.33333333333333326,0.0
MAP1S,0.5943423976216343,0.49197815266809114,1.0,1.0,0.0
MAP2K4,0.48436893871337655,0.6122662773807237,0.0,0.33333333333333326,0.0
MAP2K5,0.496337641723094,0.3451478698342619,0.0,0.33333333333333326,0.0
MAP2K6,0.4420570071104079,0.8673945454479003,0.0,1.0,0.0
MAP3K20,0.7133981329014962,0.9349446994010142,0.0,1.0,0.0
MAP3K7,0.5686674598403002,0.1024438151993995,0.0,0.33333333333333326,0.0
MAP3K7CL,0.5736648018143065,0.1530474964643941,0.0,1.0,0.0
MAP4,0.5870636538708105,0.36410288443708755,0.0,1.0,0.0
MAP4K1,0.4982175317757189,0.28045809713503744,0.0,1.0,0.0
MAP4K3,0.594004362064344,0.46430777566983283,0.0,1.0,0.0
MAP4K4,0.6040971950578634,0.255376546543031,0.0,1.0,0.0
MAP7D2,0.6737547519006691,0.30783993813537935,0.0,1.0,0.0
MAP7D3,0.5554199162431428,0.08848085426740465,0.0,0.0,0.0
MAPDA,0.5007373837412683,0.2627187926762108,0.0,1.0,0.0
MAPK1,0.511525241777869,0.13082452597312347,0.0,0.33333333333333326,0.0
MAPK10,0.4733834230898507,0.9509940624746446,1.0,1.0,0.0
MAPK3,0.48823513640637073,0.6140717177172431,1.0,1.0,0.0
MAPK4,0.48681150306893195,0.00026504672733289325,0.0,1.0,0.0
MAPK6,0.46460361712992004,0.5562741040344988,0.0,1.0,0.0
MAPK7,0.5127583507907492,0.04723817861002326,0.0,0.33333333333333326,0.0
MAPKAPK2,0.5810079181610104,0.36460374716692856,1.0,1.0,0.0
MAPKAPK3,0.5958730496789698,0.8583043434329742,1.0,1.0,0.0
MAPKAPK5,0.5562035598150216,0.3551131156016831,0.0,1.0,0.0
MAPRE1,0.6091756309919633,0.9262343647127875,1.0,1.0,0.0
MAPRE2,0.4830067689199335,0.6044024859978449,0.0,1.0,0.0
MARCHF1,0.47036436487907085,0.6879001302313564,0.0,1.0,0.0
MARCHF3,0.456562324274152,1.0,1.0,1.0,0.0
MARCHF5,0.5431703348694074,0.46944188223343913,0.0,0.33333333333333326,0.0
MARCHF6,0.5127846432974205,0.1481949199619816,0.0,0.33333333333333326,0.0
MARCHF7,0.5084911911116028,0.36518139415309075,0.0,1.0,0.0
MARCHF8,0.4351243849943438,1.0,0.0,1.0,0.0
MARCHF9,0.5829157022051366,0.5261372052483969,1.0,1.0,0.0
MARCKS,0.46353748976668563,1.0,1.0,1.0,0.0
MARCKSL1,0.594443725850481,0.43909303513254755,1.0,1.0,0.0
MARF1,0.4935358630536037,0.3913242448709193,0.0,1.0,0.0
MARK4,0.5909343155760882,0.5273112995544149,1.0,1.0,0.0
MARS2,0.6130272013672047,0.39819251251828824,0.0,1.0,0.0
MARVELD3,0.46061914005482,0.9384721446607753,0.0,1.0,0.0
MASP1,0.47230081474700886,0.14198356035764262,0.0,0.33333333333333326,0.0
MAST3,0.47208779421092734,0.42305211199671017,0.0,1.0,0.0
MASTL,0.6132881949514896,0.5119303624787349,1.0,1.0,0.0
MAT2A,0.5982395204467582,1.0,0.0,1.0,0.0
MAT2B,0.4853190118218561,0.8022412443105281,0.0,1.0,0.0
MATCAP2,0.6674308394455768,1.0,1.0,1.0,0.0
MATN3,0.66468378474233,0.2495087697721465,0.0,1.0,0.0
MATR3,0.6207629839234735,0.32268910563040304,1.0,1.0,0.0
MB,0.3827817126508455,1.0,1.0,1.0,0.0
MB21D2,0.6027134818987189,0.2450436358524156,0.0,0.33333333333333326,0.0
MBD1,0.49470830739064897,0.5500366861494985,0.0,1.0,0.0
MBD2,0.4992024524090592,0.8854123623041136,0.0,1.0,0.0
MBD3,0.5768978165033295,0.4524324033442122,0.0,1.0,0.0
MBD4,0.5561188842240142,0.004065686558120113,0.0,0.33333333333333326,0.0
MBNL1,0.47942099107503267,1.0,0.0,0.33333333333333326,0.0
MBNL3,0.4606310231532856,1.0,0.0,1.0,0.0
MBOAT1,0.4444973102127785,1.0,1.0,1.0,0.0
MBOAT7,0.541309613496141,0.06595352637979617,0.0,0.33333333333333326,0.0
MBTPS2,0.6325624504862757,1.0,1.0,1.0,0.0
MC3R,0.4594782283471632,0.24535262957772416,0.0,1.0,0.0
MCAM,0.609913329492349,0.32653353554463665,0.0,0.33333333333333326,0.0
MCAT,0.5825750021649512,0.387190973818515,0.0,1.0,0.0
MCC,0.46089719656302525,0.4368111356878136,0.0,1.0,0.0
MCCC1,0.5119914181269278,0.609079625666723,0.0,1.0,0.0
MCCC2,0.5796699543044612,0.20413171640839217,0.0,1.0,0.0
MCEE,0.49876367678647343,0.1731960705180485,0.0,1.0,0.0
MCFD2,0.6129556582652763,0.6419131418745565,0.0,1.0,0.0
MCL1,0.5456931746738811,0.1668069812917384,0.0,0.33333333333333326,0.0
MCM10,0.6681668864615595,1.0,1.0,1.0,0.0
MCM2,0.655367285021833,1.0,1.0,1.0,0.0
MCM3,0.6177855689370793,1.0,1.0,1.0,0.0
MCM4,0.628018075442885,0.8256504841635718,1.0,1.0,0.0
MCM5,0.6006746740065403,0.7960115198609237,1.0,1.0,0.0
MCM6,0.6181210501957607,0.6195998204816993,1.0,1.0,0.0
MCM7,0.637015754041628,1.0,1.0,1.0,0.0
MCM8,0.6145840556020054,1.0,1.0,1.0,0.0
MCMBP,0.5969228982183294,0.6831204607152892,0.0,1.0,0.0
MCOLN2,0.4284161125065966,0.49515551107582956,1.0,1.0,0.0
MCRIP1,0.6462074711995006,0.4975418377660534,0.0,1.0,0.0
MCRS1,0.5770025751234815,0.19160244147755717,0.0,1.0,0.0
MCTP1,0.46011420171894757,0.342959553760846,0.0,1.0,0.0
MCTP2,0.46858373676236054,0.8767718132430616,1.0,1.0,0.0
MCTS1,0.6005039161944553,0.9376161780280218,1.0,1.0,0.0
MCU,0.48996242864365813,0.5507053565026098,0.0,1.0,0.0
MCUB,0.5963611019175261,0.11950599287816789,0.0,1.0,0.0
MDC1,0.617491818551381,0.7328173113815046,1.0,1.0,0.0
MDFIC,0.4471755992856618,0.8558800235712072,1.0,1.0,0.0
MDH1,0.4990891383907268,0.508392732756593,0.0,0.33333333333333326,0.0
MDH2,0.5719012293726286,0.15581736559094694,0.0,1.0,0.0
MDN1,0.593498558178826,0.6389268913698755,0.0,1.0,0.0
ME1,0.6270142366461887,1.0,1.0,1.0,0.0
ME2,0.4374294398241115,1.0,0.0,1.0,0.0
MEA1,0.5746480117056056,0.8006179784224464,1.0,1.0,0.0
MEAF6,0.5817708109776517,0.5280711997614055,0.0,1.0,0.0
MEAK7,0.5831644279646567,0.5235995873318523,1.0,1.0,0.0
MECR,0.5787738506298598,0.06917997473910659,0.0,1.0,0.0
MED1,0.5902828526654591,0.41879587203249885,0.0,0.33333333333333326,0.0
MED10,0.5807229517156813,0.4127522310276118,0.0,0.33333333333333326,0.0
MED11,0.47775038045218166,1.0,1.0,1.0,0.0
MED12,0.5703037467755109,0.27281958206667345,0.0,1.0,0.0
MED14,0.5914534997903999,0.6168181392274571,0.0,1.0,0.0
MED17,0.6015750536037583,0.4199943903248484,0.0,1.0,0.0
MED22,0.5835836104336515,0.4894725762253909,1.0,1.0,0.0
MED25,0.5506126743301558,0.366174315584933,1.0,0.33333333333333326,0.0
MED26,0.5791786642598858,0.38721743478284526,1.0,1.0,0.0
MED27,0.5870293282629329,0.7807956088109457,1.0,1.0,0.0
MED30,0.5949044971220342,0.6536563137036255,0.0,1.0,0.0
MED31,0.5343548827134399,0.11233775413401405,0.0,0.33333333333333326,0.0
MED4,0.5861863377068819,0.19885924353867473,0.0,1.0,0.0
MED7,0.4956913810021363,0.723844786994685,0.0,0.33333333333333326,0.0
MEDAG,0.5999200516459028,0.2607626228745001,0.0,1.0,0.0
MEF2A,0.4734586904781961,1.0,0.0,1.0,0.0
MEF2C,0.42002939617355156,1.0,1.0,1.0,0.0
MEGF10,0.44816770499059944,0.16953003854150928,0.0,1.0,0.0
MEGF6,0.665103867787313,0.9202294918106567,0.0,1.0,0.0
MEGF9,0.5079039712435444,0.08451790749922641,0.0,0.33333333333333326,0.0
MEI1,0.47338859648678205,0.7598855705586657,1.0,1.0,0.0
MEIS1,0.4276170365288505,0.7391735103385237,1.0,1.0,0.0
MEIS2,0.456513124351575,0.6585701940040904,1.0,1.0,0.0
MEIS3,0.5892895260363085,0.03638043670604454,0.0,1.0,0.0
MELK,0.6612685394447476,1.0,1.0,1.0,0.0
MELTF,0.6546179510858905,0.7561622076238452,1.0,1.0,0.0
MEN1,0.5978199726303847,0.5825298884132765,1.0,1.0,0.0
MEP1A,0.38481805416921466,1.0,1.0,1.0,0.0
MEP1B,0.3126771731346196,1.0,1.0,1.0,0.0
MEPCE,0.5856340232974621,0.34855723804192545,1.0,1.0,0.0
MESP1,0.380147273025203,0.7052360391871411,0.0,0.33333333333333326,0.0
MEST,0.6195216524313335,1.0,1.0,1.0,0.0
MET,0.6878410096933903,1.0,1.0,1.0,0.0
METAP1,0.5489664104489641,0.008196805197203607,0.0,0.33333333333333326,0.0
METAP1D,0.5905682874845458,0.49404395668542883,0.0,1.0,0.0
METAP2,0.57673853496735,0.4379633867690146,0.0,0.33333333333333326,0.0
METRNL,0.49051765453032253,0.44708346386259,1.0,1.0,0.0
METTL1,0.6131458241095704,0.7469101330242311,1.0,1.0,0.0
METTL13,0.5806248711404699,0.7102285261526741,1.0,1.0,0.0
METTL14,0.5067261595715185,0.2039139794242781,1.0,1.0,0.0
METTL17,0.5159180391686574,0.13935290588337554,0.0,0.33333333333333326,0.0
METTL21A,0.5787135287704814,0.28121332128684495,0.0,1.0,0.0
METTL22,0.5887527729330064,0.5390450457024591,1.0,1.0,0.0
METTL23,0.5982692071868876,0.647922027410154,0.0,1.0,0.0
METTL25,0.46895171205255803,0.8142762316494264,0.0,1.0,0.0
METTL26,0.6321707833101325,0.931879792712879,0.0,1.0,0.0
METTL2A,0.5693665394953128,0.38745050205834275,1.0,1.0,0.0
METTL2B,0.6114918547656825,0.2028343027695705,1.0,1.0,0.0
METTL4,0.5133841366025821,0.06134581814518945,0.0,0.33333333333333326,0.0
METTL5,0.5995243400407618,1.0,1.0,1.0,0.0
METTL6,0.6114802191272274,0.5347715963823915,1.0,1.0,0.0
METTL8,0.6131982944092887,0.7100311822298763,0.0,1.0,0.0
METTL9,0.5553910941547058,0.02052818510126002,0.0,1.0,0.0
MEX3A,0.6049204057672437,0.5864672396003235,1.0,1.0,0.0
MEX3D,0.6197395536470507,0.6319627244947478,0.0,1.0,0.0
MFAP2,0.698254472839315,0.6009486815144344,1.0,1.0,0.0
MFAP4,0.3671070577833193,1.0,0.0,1.0,0.0
MFAP5,0.36831682017793776,0.9928549581658017,0.0,1.0,0.0
MFN1,0.5468975611721851,0.137694895816485,0.0,0.33333333333333326,0.0
MFNG,0.4904317456975393,0.3186723540138514,1.0,1.0,0.0
MFSD1,0.482534862988898,1.0,0.0,0.33333333333333326,0.0
MFSD11,0.48196588498520315,0.9662900829992783,0.0,0.33333333333333326,0.0
MFSD12,0.5905306591187836,0.347850742791748,1.0,1.0,0.0
MFSD2A,0.6205490118674845,0.32133283846169025,0.0,0.33333333333333326,0.0
MFSD2B,0.4663688040210728,0.9746254955668795,1.0,1.0,0.0
MFSD6L,0.5395595344290015,0.09516490214167983,0.0,0.0,0.0
MFSD8,0.5021409394307682,0.3083442415134982,0.0,0.33333333333333326,0.0
MGAM,0.4551206616097287,0.3632855487185087,1.0,0.33333333333333326,0.0
MGAT2,0.4896919932418625,1.0,0.0,1.0,0.0
MGAT4A,0.4374615505101847,1.0,0.0,1.0,0.0
MGAT4C,0.4635484036922903,0.04315071074174963,0.0,1.0,0.0
MGAT5,0.6130365798397834,0.6235338891618633,1.0,1.0,0.0
MGLL,0.4492814706213088,0.8919028467374397,1.0,1.0,0.0
MGME1,0.5898689617159245,0.5063916225356029,0.0,1.0,0.0
MGRN1,0.5652153103573092,0.059239405490417764,0.0,0.33333333333333326,0.0
MGST1,0.4794752359094581,0.6506348812304,0.0,0.33333333333333326,0.0
MGST3,0.4719500824461458,0.8682158366481316,1.0,1.0,0.0
MIA2,0.45851536922440667,0.6970978628697679,0.0,1.0,0.0
MIA3,0.49889768105051774,0.1863744172686828,0.0,0.33333333333333326,0.0
MICAL3,0.4846765050116487,0.20485477887117018,0.0,1.0,0.0
MICOS10,0.508942555393061,0.38516372486566675,0.0,1.0,0.0
MICOS13,0.5647846719415999,0.3689616531043049,0.0,0.33333333333333326,0.0
MICU1,0.5457231681588441,0.24937158042688745,0.0,0.33333333333333326,0.0
MICU2,0.5489454142964217,0.1924150526758735,0.0,0.33333333333333326,0.0
MICU3,0.43328883410935615,0.7129843039920892,0.0,1.0,0.0
MID1IP1,0.6004689925117457,0.5144066767827796,0.0,1.0,0.0
MID2,0.5403472924306906,0.17077604522078269,0.0,0.33333333333333326,0.0
MIDEAS,0.4637034410599068,0.782737392955821,0.0,1.0,0.0
MIER1,0.42170393772157,1.0,0.0,1.0,0.0
MIER2,0.5917549662027134,0.7659044384336783,1.0,1.0,0.0
MIER3,0.38536718033578277,1.0,0.0,1.0,0.0
MIF,0.6273275894523549,0.7570937480953822,1.0,1.0,0.0
MIF4GD,0.5681360584903022,0.0512097620473049,0.0,1.0,0.0
MIGA1,0.49523065079113404,0.42154176456819475,0.0,0.33333333333333326,0.0
MIGA2,0.4912785392428067,0.20709592482112696,0.0,0.33333333333333326,0.0
MIIP,0.5670466314341341,0.44291432297108824,1.0,1.0,0.0
MIMS2,0.6074885726262431,0.610040261119524,1.0,1.0,0.0
MINDY3,0.5193724777353433,0.29377058231280956,1.0,0.33333333333333326,0.0
MIOS,0.5868446819644715,0.8983009936553542,1.0,1.0,0.0
MIPEP,0.6157851929137262,0.530852981464735,1.0,1.0,0.0
MIS12,0.531963950052284,0.3316813197383424,1.0,0.33333333333333326,0.0
MIS18A,0.5915988248010244,0.4051856533778597,1.0,1.0,0.0
MIX23,0.6031061314214984,0.29684387045365024,0.0,1.0,0.0
MKI67,0.6521380965417408,0.4606030048927243,1.0,1.0,0.0
MKKS,0.5822327910756028,0.15412714024888372,0.0,1.0,0.0
MKLN1,0.5730204697355953,0.2648692468700744,0.0,0.33333333333333326,0.0
MKNK1,0.4964877778704315,0.6231561000410116,0.0,0.33333333333333326,0.0
MKX,0.6169661225597611,0.20719637749415068,0.0,1.0,0.0
MLEC,0.5791005240412771,0.14148249139720595,0.0,1.0,0.0
MLF2,0.5762107770963694,0.80155136526001,1.0,1.0,0.0
MLIP,0.3285767991025208,0.4601023910475238,1.0,1.0,0.0
MLKL,0.5899559575025206,0.3883418217287098,0.0,1.0,0.0
MLLT1,0.5855331776404473,0.6852586035369586,1.0,1.0,0.0
MLLT10,0.548178695331007,0.15300100355237128,0.0,0.33333333333333326,0.0
MLLT11,0.5755291488410642,0.49871507363916184,1.0,0.33333333333333326,0.0
MLLT6,0.5797146788477899,0.274929362829627,1.0,1.0,0.0
MLST8,0.58030010547116,0.27475562958287697,1.0,1.0,0.0
MLX,0.49151691876938425,0.6671337323482214,0.0,0.33333333333333326,0.0
MLXIP,0.4831764331068965,0.5420091584625297,0.0,0.33333333333333326,0.0
MMAA,0.5007297690416594,0.16564829750052135,0.0,0.33333333333333326,0.0
MMAB,0.5819916159421739,0.13144707417604548,0.0,1.0,0.0
MMADHC,0.5123774254275091,0.46042730522811387,0.0,1.0,0.0
MMD,0.6145363372630588,0.6147670560233942,0.0,0.33333333333333326,0.0
MME,0.636587883451421,0.2604026152011647,0.0,0.33333333333333326,0.0
MMP1,0.8273407503639265,1.0,1.0,1.0,0.0
MMP10,0.6779990281686462,0.8357756140210686,1.0,1.0,0.0
MMP11,0.7424633906969819,1.0,1.0,1.0,0.0
MMP12,0.6832547525802597,0.7028919942467264,1.0,1.0,0.0
MMP13,0.6372524885831188,0.2549787390994325,0.0,1.0,0.0
MMP14,0.5804834831551449,0.6825075204189657,1.0,1.0,0.0
MMP19,0.5281060955034879,0.19182679749675718,0.0,0.33333333333333326,0.0
MMP28,0.29928023107343293,1.0,1.0,1.0,0.0
MMP3,0.9007584352979563,1.0,1.0,1.0,0.0
MMP7,0.9079897407436139,1.0,1.0,1.0,0.0
MMP8,0.5133102618059144,0.062024098002719116,0.0,0.0,0.0
MMP9,0.6120048705717415,0.11977294599007197,0.0,1.0,0.0
MMRN1,0.38914097275506987,1.0,1.0,1.0,0.0
MMRN2,0.5014202675604609,0.17759617075222753,0.0,1.0,0.0
MMS19,0.5767891168382515,0.41471548993806945,0.0,0.33333333333333326,0.0
MMUT,0.47250023603710034,0.829852462957196,0.0,0.33333333333333326,0.0
MNAT1,0.5886885622326525,0.2225169718397695,0.0,1.0,0.0
MND1,0.628647490863852,0.5067507775537201,1.0,1.0,0.0
MNS1,0.5871498989901849,0.3620729930147954,0.0,1.0,0.0
MNT,0.5952724611711414,0.4177221485019998,0.0,0.33333333333333326,0.0
MOB3A,0.4985079954326237,0.14871799114150855,0.0,1.0,0.0
MOB3B,0.4393302550475872,0.5722546401191074,0.0,1.0,0.0
MOCOS,0.6295868889127352,0.45951092938906873,0.0,1.0,0.0
MOCS1,0.46264245887846617,1.0,1.0,1.0,0.0
MOCS2,0.5020574810546281,0.12148252778268155,0.0,1.0,0.0
MOCS3,0.6111242266469887,0.37918978907244716,0.0,1.0,0.0
MOGAT2,0.33081399734542,1.0,1.0,1.0,0.0
MOGAT3,0.47895232521934794,0.22588940412225816,0.0,1.0,0.0
MOGS,0.6023752155393044,0.3996774518985822,1.0,1.0,0.0
MOK,0.5939359661240524,0.1248334767511151,0.0,1.0,0.0
MON1A,0.5798290218125405,0.174518042324594,1.0,1.0,0.0
MON2,0.4859161621541955,1.0,1.0,1.0,0.0
MORC2,0.6423988902069917,1.0,1.0,1.0,0.0
MORC3,0.5378264269369168,0.2034585124282424,1.0,0.33333333333333326,0.0
MORC4,0.6307145061856689,1.0,1.0,1.0,0.0
MORF4L1,0.5060098463711211,0.7079968530006281,1.0,1.0,0.0
MORF4L2,0.5903704168768176,1.0,1.0,1.0,0.0
MORN5,0.46157495613233096,0.5412960598930323,0.0,1.0,0.0
MOSPD1,0.5835574266491288,0.8236327776220075,1.0,1.0,0.0
MOSPD2,0.6074037727089038,0.5858410013456907,0.0,0.33333333333333326,0.0
MOSPD3,0.5801108641883281,0.3099332723375805,1.0,1.0,0.0
MPC1,0.44198889879773195,1.0,1.0,1.0,0.0
MPC2,0.5027637073886418,0.39304107251840675,0.0,0.33333333333333326,0.0
MPDU1,0.439839588425918,1.0,1.0,1.0,0.0
MPEG1,0.4074639948198299,1.0,1.0,1.0,0.0
MPG,0.6000641101904436,0.7154066187323824,1.0,1.0,0.0
MPHOSPH10,0.5828214759638006,1.0,1.0,1.0,0.0
MPHOSPH6,0.5772605228494045,0.08752042674294121,0.0,1.0,0.0
MPI,0.45522640136970677,0.6032970179760976,0.0,1.0,0.0
MPLKIP,0.5785985955917526,0.4513346495733375,1.0,1.0,0.0
MPND,0.4524331510770294,0.9269434907203582,1.0,1.0,0.0
MPP3,0.5246838053130576,0.0734168480475709,0.0,0.0,0.0
MPP7,0.47924575112847717,0.39838820655098955,0.0,0.33333333333333326,0.0
MPPE1,0.4692097463121257,0.5844560287482818,0.0,1.0,0.0
MPRIP,0.5409879629142663,0.0901908642586724,0.0,0.33333333333333326,0.0
MPV17,0.6250553423890137,0.8883643125136422,0.0,1.0,0.0
MPV17L2,0.5584248655964382,0.1407519938194657,0.0,1.0,0.0
MPZ,0.4807800495334281,0.11621411221788056,0.0,1.0,0.0
MPZL1,0.5593856839066089,0.2668215913816644,0.0,1.0,0.0
MPZL2,0.5181859860143743,0.7651785638152839,1.0,0.33333333333333326,0.0
MRAP2,0.47845971482924926,0.20733365053691358,0.0,1.0,0.0
MRC1,0.4502518990838911,1.0,1.0,1.0,0.0
MRE11,0.6304800917734928,0.5609737092512771,1.0,1.0,0.0
MREG,0.5707450755051758,0.2771864982815151,1.0,0.33333333333333326,0.0
MRGBP,0.6495923715309617,1.0,1.0,1.0,0.0
MRI1,0.5901098525124601,0.7070717073202296,1.0,1.0,0.0
MRM2,0.5984534296421191,0.9392551660110336,1.0,1.0,0.0
MRM3,0.5718399054096798,0.15942855091726496,0.0,0.33333333333333326,0.0
MROH6,0.5716920849870203,0.3012292479157275,0.0,1.0,0.0
MRPL10,0.5795458933565836,0.6079137828092632,0.0,0.33333333333333326,0.0
MRPL12,0.5733990201861013,0.14819927082865603,0.0,1.0,0.0
MRPL14,0.5739402075402469,0.5072798249839103,1.0,1.0,0.0
MRPL17,0.6214653235611813,1.0,1.0,1.0,0.0
MRPL18,0.5636413306077745,0.3325471079440247,0.0,1.0,0.0
MRPL19,0.5921336725650868,0.2590887795959517,0.0,1.0,0.0
MRPL20,0.5756976514660858,0.1515352976696831,0.0,0.33333333333333326,0.0
MRPL24,0.5754380772480839,0.3257038772386425,0.0,1.0,0.0
MRPL27,0.5156171401915085,0.11168092320953782,0.0,1.0,0.0
MRPL3,0.5990290805633062,0.566520698651734,1.0,1.0,0.0
MRPL30,0.5864652327859968,0.3580929118394053,1.0,1.0,0.0
MRPL32,0.5772206878446439,0.32567438530952636,0.0,1.0,0.0
MRPL34,0.504369345717637,0.2029023314915057,1.0,1.0,0.0
MRPL35,0.4899146838871881,0.7365249624917796,0.0,1.0,0.0
MRPL36,0.5974440423967429,0.9351206018028725,1.0,1.0,0.0
MRPL37,0.5698803671416924,0.40454016787712505,1.0,1.0,0.0
MRPL4,0.607255151809055,0.7587131225898714,1.0,1.0,0.0
MRPL42,0.5654662368338433,0.23197502114883028,0.0,1.0,0.0
MRPL44,0.5379545279406621,0.0534623132260735,0.0,0.33333333333333326,0.0
MRPL45,0.568510691577656,0.3968558357824901,0.0,1.0,0.0
MRPL47,0.573468019103951,0.24714229369505683,1.0,1.0,0.0
MRPL48,0.5687530641699565,0.3520893469403422,1.0,1.0,0.0
MRPL49,0.5670544274891254,0.05686960643483658,0.0,0.33333333333333326,0.0
MRPL50,0.6006373898628312,0.6429289435925029,1.0,1.0,0.0
MRPL51,0.5628129022794477,0.17283861544234486,1.0,1.0,0.0
MRPL52,0.5832874375376471,0.6523788020880319,1.0,1.0,0.0
MRPL53,0.5662315142920441,0.1713038451551395,0.0,1.0,0.0
MRPL55,0.5760826253277884,0.46634128941155234,1.0,1.0,0.0
MRPL57,0.6091942995140418,1.0,1.0,1.0,0.0
MRPL58,0.5896867810757312,1.0,1.0,1.0,0.0
MRPL9,0.5961516696067757,0.8338097145077722,1.0,1.0,0.0
MRPS10,0.5879449517144384,0.7212664065268531,1.0,1.0,0.0
MRPS12,0.5852836910637496,0.36682799065267263,0.0,1.0,0.0
MRPS14,0.5690097199985238,0.06970963720356048,1.0,1.0,0.0
MRPS15,0.5787799686945784,0.5741501289626166,1.0,1.0,0.0
MRPS16,0.559080544384485,0.17905774913188252,0.0,1.0,0.0
MRPS17,0.6380536949005325,1.0,1.0,1.0,0.0
MRPS2,0.5879232509095953,0.6534712312551438,1.0,1.0,0.0
MRPS23,0.6240199521619807,0.7422529770829875,1.0,1.0,0.0
MRPS26,0.597025946503618,0.4907059182717726,0.0,1.0,0.0
MRPS27,0.5754160645164392,0.07901068945345727,0.0,0.33333333333333326,0.0
MRPS30,0.58366126215458,0.3241692879686331,1.0,1.0,0.0
MRPS31,0.5950068644056418,0.22478303431257743,0.0,1.0,0.0
MRPS34,0.5725653563652133,0.3545545448929275,1.0,1.0,0.0
MRPS35,0.5753488782986905,0.1445273335274484,1.0,1.0,0.0
MRPS5,0.5674677863149469,0.07101119142107629,0.0,0.33333333333333326,0.0
MRS2,0.5778629759010055,0.2661771007680166,0.0,0.33333333333333326,0.0
MRTFB,0.5167808019658183,0.10365539613404269,0.0,0.33333333333333326,0.0
MRTO4,0.6132164573280025,0.6773854903570036,1.0,1.0,0.0
MS4A1,0.28850291130768696,0.6898592887175199,0.0,1.0,0.0
MS4A12,0.050349906225964164,1.0,1.0,1.0,0.0
MS4A2,0.4359632384519525,0.9034336224661444,1.0,1.0,0.0
MS4A4A,0.41782722907163705,1.0,1.0,1.0,0.0
MS4A6A,0.4460375450247179,0.7750017002580681,1.0,1.0,0.0
MS4A7,0.4306716505205352,0.9530038909956101,1.0,1.0,0.0
MS4A8,0.3452823480477876,1.0,1.0,1.0,0.0
MSANTD3,0.6038826771971606,1.0,1.0,1.0,0.0
MSANTD4,0.6021567337879394,0.5244068784836657,0.0,1.0,0.0
MSH2,0.6101393674699602,0.5511273410144709,0.0,1.0,0.0
MSH6,0.6113443038747775,0.8183422764150627,1.0,1.0,0.0
MSI2,0.6028382012198847,1.0,1.0,1.0,0.0
MSL1,0.5625430175223136,0.09700671611429743,0.0,1.0,0.0
MSL3,0.5795436924363283,0.08804207363344668,0.0,1.0,0.0
MSLN,0.6309628155001645,0.3286585778943626,1.0,1.0,0.0
MSMO1,0.5925980442869447,0.21675316140043818,1.0,1.0,0.0
MSRA,0.47231358707013654,0.886615519215254,0.0,1.0,0.0
MSRB1,0.5660484602159406,0.08721463292553122,0.0,1.0,0.0
MST1R,0.5519306792924391,0.05578788201885285,0.0,0.33333333333333326,0.0
MSTN,0.4503353462008363,0.36241214935424937,0.0,1.0,0.0
MSTO1,0.6005038824691615,0.47307732603390173,1.0,1.0,0.0
MSX1,0.6768572016280784,0.8326240796059812,1.0,1.0,0.0
MSX2,0.6789592595579308,1.0,1.0,1.0,0.0
MT1E,0.3343298243994784,1.0,1.0,1.0,0.0
MT1F,0.3258137929200742,1.0,1.0,1.0,0.0
MT1G,0.35201617246749783,0.8360391319383078,1.0,1.0,0.0
MT1H,0.35225988564634064,1.0,1.0,1.0,0.0
MT1HL1,0.35743184595289185,1.0,1.0,1.0,0.0
MT1M,0.14621519773184113,1.0,1.0,1.0,0.0
MT1X,0.3701718967824356,1.0,1.0,1.0,0.0
MT2A,0.40016933395545384,1.0,1.0,1.0,0.0
MT3,0.48401203905477774,0.41980679657619063,0.0,1.0,0.0
MTA1,0.5938593797429318,0.32009122730756673,1.0,1.0,0.0
MTAP,0.6142708296463767,0.4257541258761474,0.0,1.0,0.0
MTARC2,0.46401287913416916,1.0,0.0,1.0,0.0
MTBP,0.6122977720350704,0.3864309758982237,1.0,1.0,0.0
MTCL1,0.6416933478939523,0.4442233515763201,0.0,0.33333333333333326,0.0
MTCL2,0.5814614804755724,0.5024332248606086,0.0,0.33333333333333326,0.0
MTDH,0.6076764780165652,0.4661460769190828,1.0,1.0,0.0
MTERF3,0.6233898210707596,1.0,1.0,1.0,0.0
MTERF4,0.5033309139386113,0.2921096735285749,0.0,1.0,0.0
MTFR1,0.6174412306591738,0.7157355458974077,1.0,1.0,0.0
MTFR1L,0.4762874640898317,0.618973909990127,0.0,1.0,0.0
MTFR2,0.664729766696003,0.8603398900546443,1.0,1.0,0.0
MTG1,0.5604098986780326,0.058807660738355326,0.0,1.0,0.0
MTG2,0.6361605277211158,0.559457396886959,1.0,1.0,0.0
MTHFD1,0.6002831858849796,0.8296491262409836,1.0,1.0,0.0
MTHFD2,0.6440919679450028,1.0,1.0,1.0,0.0
MTHFR,0.49807998461080294,0.3542802948277742,0.0,1.0,0.0
MTIF3,0.5793450047308989,0.42832175506620423,0.0,1.0,0.0
MTM1,0.4166412349061931,1.0,0.0,1.0,0.0
MTMR1,0.5847684811059115,1.0,1.0,1.0,0.0
MTMR10,0.4709030010227043,1.0,1.0,1.0,0.0
MTMR11,0.4333468443998087,1.0,1.0,1.0,0.0
MTMR12,0.5855175474864255,0.1343266495139547,0.0,1.0,0.0
MTMR14,0.5219083473616833,0.019198690612892432,0.0,1.0,0.0
MTMR2,0.5413394152298027,0.44227419247985406,0.0,0.33333333333333326,0.0
MTMR6,0.6039135018674339,0.29191181772467983,0.0,1.0,0.0
MTMR9,0.4832052439358557,0.5927721419285454,0.0,0.33333333333333326,0.0
MTNAP1,0.5813196107995531,0.14550005726777085,0.0,1.0,0.0
MTPAP,0.5878728024408414,0.2725935387177545,1.0,1.0,0.0
MTR,0.6043372749310106,1.0,0.0,1.0,0.0
MTRES1,0.5108399687582132,0.08700319584992733,0.0,1.0,0.0
MTSS1,0.4838885583481295,0.35425573410399624,0.0,1.0,0.0
MTURN,0.52888140739674,0.16404090433946286,0.0,0.33333333333333326,0.0
MTUS1,0.4421904866320994,1.0,0.0,1.0,0.0
MTX1,0.5659070338037706,0.17729770791282087,1.0,1.0,0.0
MUC12,0.4233950777411741,0.44197580269197834,0.0,1.0,0.0
MUC13,0.44089039521357765,0.9755216016376227,0.0,0.33333333333333326,0.0
MUC2,0.35270859858936415,1.0,1.0,1.0,0.0
MUC4,0.35844818954343577,1.0,1.0,1.0,0.0
MUC5AC,0.5885580941021706,0.03624507691004682,0.0,0.33333333333333326,0.0
MUC5B,0.3895998013632313,0.7548011393416946,0.0,1.0,0.0
MUL1,0.4927277609114958,0.2977650037476269,0.0,0.33333333333333326,0.0
MVK,0.5715155857025332,0.21220481681284145,0.0,1.0,0.0
MVP,0.4808259581727546,0.5162813189630374,0.0,1.0,0.0
MX2,0.6273374819707612,0.8488544212509559,0.0,0.33333333333333326,0.0
MXD1,0.42425583223544133,0.9948048795164097,1.0,1.0,0.0
MXI1,0.4257840693963637,0.8734937489633261,1.0,1.0,0.0
MXRA5,0.6039072523996961,0.13711014961351548,1.0,1.0,0.0
MXRA7,0.5758871175593924,0.4791829116639945,1.0,0.33333333333333326,0.0
MYADM,0.5595928240367353,0.21338766685540556,1.0,0.33333333333333326,0.0
MYB,0.5749132337056879,0.048881283695308864,0.0,1.0,0.0
MYBBP1A,0.5666664936558461,0.317168861235308,1.0,1.0,0.0
MYBL2,0.6941813470587116,1.0,1.0,1.0,0.0
MYC,0.6925586123821998,1.0,1.0,1.0,0.0
MYCBP2,0.6167436712774225,1.0,0.0,0.33333333333333326,0.0
MYCT1,0.4872483043198852,0.5845557625263168,1.0,1.0,0.0
MYDGF,0.5725202491640605,0.48177211647123414,1.0,1.0,0.0
MYEOV,0.6582607224192346,0.8458981439522869,1.0,1.0,0.0
MYF5,0.5141589904449418,0.05238462343643238,0.0,0.0,0.0
MYG1,0.578133860700424,0.5117209214493667,1.0,1.0,0.0
MYH10,0.6366804667979545,0.6020826310734343,0.0,1.0,0.0
MYH11,0.3468432017830539,1.0,1.0,1.0,0.0
MYH3,0.45391266351764176,0.418122726274154,0.0,1.0,0.0
MYL12A,0.4864250150821561,0.928472966675858,0.0,1.0,0.0
MYL12B,0.49380216536269045,0.9348793747260107,1.0,1.0,0.0
MYL2,0.4795830530514236,0.07391424945165634,0.0,1.0,0.0
MYL5,0.4989472024563566,0.31136537445261303,1.0,1.0,0.0
MYL6,0.499931769657348,0.6303150236934325,0.0,1.0,0.0
MYL6B,0.6147037882170318,0.8612429905064133,1.0,1.0,0.0
MYLK,0.4041105068521783,0.8388296130270849,0.0,1.0,0.0
MYLK2,0.49998285406350623,0.1531883207826769,0.0,1.0,0.0
MYO10,0.5769432953519706,0.27949915224635163,1.0,1.0,0.0
MYO15B,0.46623702268537903,0.42124228358265586,0.0,1.0,0.0
MYO1A,0.38013595020196456,1.0,1.0,1.0,0.0
MYO1B,0.5948095155485749,0.26402141476770846,0.0,1.0,0.0
MYO1E,0.5091955546183351,0.05657211736667278,0.0,0.33333333333333326,0.0
MYO5A,0.4670494956800339,0.744216439361031,1.0,1.0,0.0
MYO5B,0.47420266775186815,1.0,0.0,1.0,0.0
MYO5C,0.4806572210080735,1.0,0.0,0.33333333333333326,0.0
MYO6,0.5951349260614829,0.02332217141796643,0.0,1.0,0.0
MYO7B,0.4708082336156998,0.6431327130276373,1.0,1.0,0.0
MYO9A,0.47999854869049874,0.5238581762157414,0.0,0.33333333333333326,0.0
MYOCD,0.4239483781477094,0.564382032629641,1.0,1.0,0.0
MYOM1,0.4637295251899148,0.5973035232480268,1.0,1.0,0.0
MYOM3,0.5540140277602026,0.11726779365264671,0.0,1.0,0.0
MYORG,0.4602743416412562,1.0,1.0,1.0,0.0
MYOT,0.26917646607512097,1.0,1.0,1.0,0.0
MYRIP,0.6209844936641205,0.2149087961735304,0.0,0.33333333333333326,0.0
MYSM1,0.48026492434291396,0.3892580258435772,0.0,0.33333333333333326,0.0
MYZAP,0.45203816034336025,0.7561095933820918,0.0,0.33333333333333326,0.0
MZB1,0.403640895504209,0.6891108875502756,1.0,1.0,0.0
MZT1,0.6580014821795875,1.0,1.0,1.0,0.0
MZT2A,0.5685730117734078,0.3240039895389172,0.0,0.33333333333333326,0.0
N4BP1,0.5503113716998481,0.1589716667695527,0.0,0.33333333333333326,0.0
N4BP2L1,0.47760877718723144,0.5418768912820447,0.0,0.33333333333333326,0.0
N4BP2L2,0.5860313770848151,0.16098882987437305,0.0,1.0,0.0
NAA10,0.6205710989965673,1.0,1.0,1.0,0.0
NAA15,0.6042177297006065,0.747193851715223,1.0,1.0,0.0
NAA16,0.6179488172609737,0.8585158730660502,1.0,1.0,0.0
NAA20,0.6121801452168786,1.0,1.0,1.0,0.0
NAA25,0.6233648833254762,1.0,1.0,1.0,0.0
NAA38,0.5026279781737675,0.4360722219569265,1.0,1.0,0.0
NAA50,0.5795750084856491,0.07977398034718748,0.0,0.33333333333333326,0.0
NAA80,0.5979981981576689,1.0,1.0,1.0,0.0
NAAA,0.3946815783821694,1.0,1.0,1.0,0.0
NAALADL1,0.4520739587394514,0.3595049542027955,1.0,1.0,0.0
NAB1,0.5983341270680701,0.4358934049296604,0.0,1.0,0.0
NABP1,0.6084652231596026,0.9435429976483038,0.0,1.0,0.0
NABP2,0.5949103089860761,0.6978472361551489,1.0,1.0,0.0
NACC1,0.5641794413760429,0.33663097720796437,0.0,0.33333333333333326,0.0
NADK2,0.5870869112941093,0.23462849931478108,0.0,1.0,0.0
NADSYN1,0.4840852288639695,0.21957425971730868,0.0,1.0,0.0
NAE1,0.5941650610400921,0.5290615745277414,1.0,1.0,0.0
NAF1,0.5832309962478659,0.5340224001406694,1.0,1.0,0.0
NAGA,0.49562929279853185,0.3675279536715619,0.0,1.0,0.0
NAIP,0.4852745080035915,0.6710616481578683,0.0,1.0,0.0
NALF2,0.6030859679067568,0.11023689358730561,0.0,1.0,0.0
NAMPT,0.6355741454935505,0.6167241479900529,0.0,1.0,0.0
NANOS3,0.5374806112893703,0.2924842789702935,0.0,0.0,0.0
NANP,0.6664373810583546,1.0,1.0,1.0,0.0
NANS,0.4831499637565811,0.8571306924127522,1.0,1.0,0.0
NAP1L1,0.6116458071801404,0.8529388057964219,1.0,1.0,0.0
NAP1L2,0.33888742789477905,1.0,1.0,1.0,0.0
NAP1L4,0.5703863067314013,0.30329612127589467,0.0,1.0,0.0
NAP1L5,0.52990294597684,0.3829899445739063,0.0,0.33333333333333326,0.0
NAPEPLD,0.4573327255142977,1.0,0.0,1.0,0.0
NAPG,0.48707534924022516,0.5198873353887261,0.0,1.0,0.0
NAPRT,0.4627629592650568,0.5033961680009977,0.0,0.33333333333333326,0.0
NARF,0.5739549404939082,0.21012918387743648,1.0,1.0,0.0
NARS1,0.49715261303691294,0.647244476967602,0.0,0.33333333333333326,0.0
NARS2,0.5877786560968017,0.463837238669838,1.0,1.0,0.0
NASP,0.5770127620722886,1.0,1.0,1.0,0.0
NAT1,0.4055181490444971,1.0,0.0,1.0,0.0
NAT10,0.6319498308785135,1.0,1.0,1.0,0.0
NAT14,0.6029294720791006,0.9616882201615259,1.0,1.0,0.0
NAT16,0.48733140722820767,1.0,1.0,1.0,0.0
NAT2,0.3698276702913995,1.0,1.0,1.0,0.0
NAT9,0.5975990811439741,0.9567175951975477,1.0,1.0,0.0
NAV1,0.5015520517499108,0.026964578429352352,0.0,1.0,0.0
NAV2,0.6031261991771432,0.2472573969584505,0.0,1.0,0.0
NAXE,0.5779129406175796,0.3800062363089029,1.0,1.0,0.0
NBDY,0.5967413312251734,0.5584034683941949,0.0,1.0,0.0
NBEA,0.44641109526645434,0.5912046678665517,0.0,1.0,0.0
NBEAL1,0.5767500980365519,0.5642976516170435,0.0,1.0,0.0
NBEAL2,0.5923069370057902,0.48479631007668295,1.0,1.0,0.0
NBL1,0.505366278088587,0.29966522852998617,0.0,1.0,0.0
NBN,0.5900515662415501,0.33679818729579664,0.0,1.0,0.0
NBPF1,0.4762566163775135,0.7559030487350363,0.0,0.33333333333333326,0.0
NBPF10,0.5055074832008979,0.19850854820093025,0.0,0.33333333333333326,0.0
NBPF20,0.5047138876138137,0.23568327161337937,0.0,0.33333333333333326,0.0
NBPF26,0.5023848156668795,0.2699511079565733,0.0,0.33333333333333326,0.0
NBR1,0.48814468900797686,0.6354383347098719,0.0,0.33333333333333326,0.0
NCALD,0.5213356343711195,0.20611814613607443,0.0,0.33333333333333326,0.0
NCAM1,0.4747901987232791,0.5889846243937608,0.0,1.0,0.0
NCAPD2,0.6121257819586678,1.0,1.0,1.0,0.0
NCAPD3,0.6290429419171596,0.9398561408019591,1.0,1.0,0.0
NCAPG,0.6294559705535174,0.5166175560939349,1.0,1.0,0.0
NCAPG2,0.6270893083294251,0.7678054706022186,1.0,1.0,0.0
NCAPH,0.6406271239471082,0.7233516929517683,1.0,1.0,0.0
NCBP2,0.5856351782102087,0.805847951115766,1.0,1.0,0.0
NCBP3,0.4937574059964532,0.8625083264591212,0.0,1.0,0.0
NCDN,0.6227140322162183,0.23290651911072294,0.0,1.0,0.0
NCEH1,0.5516307807630363,0.3741390065386077,0.0,0.33333333333333326,0.0
NCF1,0.46955740715342537,0.3336496153861152,1.0,1.0,0.0
NCF4,0.4683288919197913,0.3786023446280683,0.0,1.0,0.0
NCKAP5,0.41557073983343745,0.5069402566704911,1.0,1.0,0.0
NCLN,0.6097493632957987,0.8039963184723457,1.0,1.0,0.0
NCOA1,0.5027263047930357,0.17970207398397806,0.0,1.0,0.0
NCOA2,0.5044018206098217,0.48388727044711594,0.0,0.33333333333333326,0.0
NCOA3,0.5934684243439171,0.6427422831963199,0.0,0.33333333333333326,0.0
NCOA4,0.4604397949337377,0.8559007695309668,0.0,0.33333333333333326,0.0
NCOA5,0.5903112911436192,0.5896756475637908,1.0,1.0,0.0
NCOA6,0.6088697368504663,0.588191472593026,1.0,1.0,0.0
NCOA7,0.6599448412298037,0.4812063192203021,0.0,1.0,0.0
NCOR1,0.46200225136060985,1.0,0.0,0.33333333333333326,0.0
NCOR2,0.6178362272696994,1.0,1.0,1.0,0.0
NCR3LG1,0.6040810017374725,0.8047946481533912,1.0,1.0,0.0
NDC1,0.5944370387262502,0.7202335539342926,1.0,1.0,0.0
NDC80,0.5891166709977211,0.09244435599290864,0.0,1.0,0.0
NDE1,0.6561477092542767,1.0,1.0,1.0,0.0
NDEL1,0.4906144978350055,0.5590896429550275,0.0,0.33333333333333326,0.0
NDFIP2,0.5611556115127001,0.056525246521383056,0.0,0.33333333333333326,0.0
NDN,0.4215189846638638,0.7932920576051812,0.0,1.0,0.0
NDNF,0.47463298920736297,0.3011470454139585,0.0,1.0,0.0
NDOR1,0.49016066595628555,0.10626234758137021,0.0,1.0,0.0
NDRG1,0.46469355584899247,0.3959796685332446,0.0,1.0,0.0
NDRG2,0.42248975429980107,1.0,1.0,1.0,0.0
NDRG3,0.5861033141208586,1.0,1.0,1.0,0.0
NDUFA1,0.502592873565936,0.6007760464264177,0.0,1.0,0.0
NDUFA10,0.49155809480160995,0.5565825876769209,0.0,0.33333333333333326,0.0
NDUFA11,0.574268595342353,0.43946261306486195,1.0,1.0,0.0
NDUFA2,0.49994375236868815,1.0,0.0,1.0,0.0
NDUFA5,0.4866624913109506,0.9596591732927535,0.0,0.33333333333333326,0.0
NDUFA6,0.49177505834363255,0.49383869814500664,0.0,0.33333333333333326,0.0
NDUFA7,0.5744485083653117,0.45694803456870475,0.0,1.0,0.0
NDUFAF2,0.6157381158532095,0.9658179754878857,0.0,1.0,0.0
NDUFAF4,0.5715736382462336,0.11630962253740292,0.0,1.0,0.0
NDUFAF5,0.5702114213194529,0.1866506898449687,0.0,1.0,0.0
NDUFAF7,0.5800395880868134,0.4920850150862955,0.0,1.0,0.0
NDUFAF8,0.5912493769707005,0.30502147044939315,1.0,1.0,0.0
NDUFB1,0.5003498199980029,0.39909098540311166,1.0,1.0,0.0
NDUFB10,0.4931963320971909,0.4662697629409294,1.0,1.0,0.0
NDUFB4,0.5106184801199118,0.30283266970584677,0.0,0.33333333333333326,0.0
NDUFB5,0.5047956892828193,0.3043864288998364,0.0,0.33333333333333326,0.0
NDUFB8,0.503910178421788,0.6844495571795509,0.0,0.33333333333333326,0.0
NDUFC1,0.5026594792637535,0.9982626876756182,1.0,1.0,0.0
NDUFS1,0.49481456274868985,1.0,0.0,0.33333333333333326,0.0
NDUFS2,0.492117526936399,0.9132400012324836,0.0,1.0,0.0
NDUFS3,0.4935394958598148,0.546092138930765,0.0,1.0,0.0
NDUFS4,0.48262632288471874,1.0,1.0,1.0,0.0
NDUFS6,0.5650693180791094,0.07703363468246271,1.0,1.0,0.0
NDUFV1,0.5051988353137319,0.2851565456380746,1.0,1.0,0.0
NDUFV2,0.48811650563375597,1.0,1.0,1.0,0.0
NEBL,0.7126868562230289,0.7180412664296182,1.0,1.0,0.0
NECAP1,0.49237645858458917,1.0,0.0,0.33333333333333326,0.0
NECTIN1,0.5595445508664036,0.15761152283538915,0.0,1.0,0.0
NECTIN3,0.4111240590077234,1.0,0.0,1.0,0.0
NECTIN4,0.5770239501737086,0.2565135419762654,1.0,1.0,0.0
NEDD1,0.6011618876883227,0.5188107121869517,1.0,1.0,0.0
NEDD4,0.6387172630261758,0.7043444710965481,0.0,0.33333333333333326,0.0
NEDD4L,0.43025799685633376,1.0,0.0,1.0,0.0
NEDD9,0.42766815900560434,1.0,0.0,0.33333333333333326,0.0
NEGR1,0.3867434678849879,1.0,1.0,1.0,0.0
NEIL2,0.5834684561382184,0.11307817872816901,0.0,1.0,0.0
NEIL3,0.61867382465497,0.585551303227925,1.0,1.0,0.0
NEK2,0.6619814559283227,1.0,1.0,1.0,0.0
NEK3,0.5985626391112849,0.3098103924378417,0.0,1.0,0.0
NEK4,0.5844732793654194,0.5207742582901609,1.0,1.0,0.0
NEK5,0.5998045262130881,0.18790511216726463,0.0,1.0,0.0
NEK6,0.621450806861144,0.6211902235392693,1.0,1.0,0.0
NEK7,0.49242002942571794,0.7745085633779655,0.0,0.33333333333333326,0.0
NEK9,0.5332719728556992,0.05305692950285034,0.0,0.33333333333333326,0.0
NELFB,0.5658438213239366,0.6472400730223691,0.0,1.0,0.0
NELFCD,0.6550413813679367,1.0,1.0,1.0,0.0
NELL2,0.46202168794441373,0.6768309349744194,1.0,1.0,0.0
NEMP1,0.6116614878523999,0.745543878521973,1.0,1.0,0.0
NENF,0.5765567706458544,1.0,1.0,1.0,0.0
NEO1,0.4634290386934347,1.0,1.0,1.0,0.0
NES,0.5822504511726881,0.1454313944813008,1.0,1.0,0.0
NET1,0.47889847746224645,0.7642257271605138,0.0,1.0,0.0
NEU1,0.5977746937427171,0.799602270624066,1.0,1.0,0.0
NEU3,0.5994635946192141,0.9877388265867193,1.0,1.0,0.0
NEU4,0.4549912655725559,0.5588745686569907,1.0,1.0,0.0
NEUROD1,0.4064293014688872,0.5403858058911095,0.0,1.0,0.0
NF2,0.5660298574325558,0.10058535142803836,0.0,1.0,0.0
NFASC,0.5087036462660827,0.14331995695709215,0.0,1.0,0.0
NFAT5,0.6202725958728535,0.8159447540914534,0.0,1.0,0.0
NFATC3,0.5844313310062929,0.4456132815903457,0.0,1.0,0.0
NFE2L1,0.5001825709361601,0.2085423921682695,0.0,0.33333333333333326,0.0
NFE2L2,0.4958165031422488,0.7620973067155028,0.0,0.33333333333333326,0.0
NFE2L3,0.7612063982097401,1.0,1.0,1.0,0.0
NFKB1,0.5006889306960494,0.924026322418971,0.0,1.0,0.0
NFKBIA,0.5011345247295337,0.15584450559850835,1.0,1.0,0.0
NFKBIB,0.5458829932095879,0.28506461943993816,0.0,0.33333333333333326,0.0
NFKBIE,0.5711059054510136,0.20748130873491163,1.0,1.0,0.0
NFKBIL1,0.5720829744907721,0.11930095503116123,0.0,1.0,0.0
NFRKB,0.5968268026330573,0.4525446996450088,0.0,0.33333333333333326,0.0
NFS1,0.6024957084226512,0.6956156670837005,1.0,1.0,0.0
NFXL1,0.616938962702124,0.827850662282919,1.0,1.0,0.0
NFYA,0.567180341249802,0.14569024653040114,1.0,1.0,0.0
NFYB,0.5834240872218599,0.45123717969299376,0.0,1.0,0.0
NFYC,0.5061552471155719,0.42144474496575174,0.0,1.0,0.0
NHERF4,0.38500680177091906,0.9260518761730135,0.0,1.0,0.0
NHP2,0.6037056219066006,0.8593385213876268,1.0,1.0,0.0
NHS,0.6066914117345241,0.495425474016788,0.0,1.0,0.0
NHSL1,0.4486226462173276,1.0,1.0,1.0,0.0
NHSL3,0.47231187965571036,0.704587610196148,0.0,1.0,0.0
NIBAN1,0.419990966993042,0.8529330474895673,1.0,1.0,0.0
NICOL1,0.6179578188336202,0.8261240719827936,1.0,1.0,0.0
NID1,0.5341482274186118,0.03631830834804641,0.0,0.33333333333333326,0.0
NID2,0.5863584634003566,0.07224646687863945,0.0,1.0,0.0
NIF3L1,0.5815449192565876,0.2764713509235637,0.0,1.0,0.0
NIFK,0.6071006826559495,1.0,1.0,1.0,0.0
NINJ1,0.593943231791743,0.18424607495830655,0.0,1.0,0.0
NINJ2,0.5841137956699994,0.042148391575547374,0.0,0.33333333333333326,0.0
NINL,0.5702699835425974,0.02702111964168641,0.0,0.33333333333333326,0.0
NIP7,0.5823079578046135,0.49794408309595883,1.0,1.0,0.0
NIPAL2,0.4869540196694134,0.7570945204944454,0.0,1.0,0.0
NIPAL3,0.4975510059533543,0.3205352197332899,0.0,1.0,0.0
NIPSNAP1,0.5779724832959862,0.19714605323110193,1.0,1.0,0.0
NIPSNAP3A,0.4618336466530402,1.0,0.0,0.33333333333333326,0.0
NIT1,0.4855554288467073,0.9396200856709268,1.0,1.0,0.0
NIT2,0.6282188918129691,1.0,1.0,1.0,0.0
NKAP,0.5849524113115041,0.4774343688458573,1.0,1.0,0.0
NKD1,0.6129746698919637,1.0,1.0,1.0,0.0
NKD2,0.6493549162123534,1.0,1.0,1.0,0.0
NKG7,0.43598239285178864,0.45870539926747417,0.0,1.0,0.0
NKIRAS1,0.5829896657099766,0.14484047219208013,0.0,0.33333333333333326,0.0
NKIRAS2,0.5768613320372483,0.2157368593411524,1.0,1.0,0.0
NKRF,0.6288584534267347,0.9560704812358319,1.0,1.0,0.0
NKX2-2,0.463156929946941,0.16262245732985453,1.0,1.0,0.0
NKX2-3,0.3588033280650844,0.9551283501389587,1.0,1.0,0.0
NKX6-3,0.49828611999941413,0.2700968180840959,0.0,1.0,0.0
NLE1,0.6484799975388846,1.0,1.0,1.0,0.0
NLGN4X,0.40450926725378256,1.0,1.0,1.0,0.0
NLRC3,0.43647540185926703,0.9033891700824364,0.0,1.0,0.0
NLRP4,0.4950457261833712,0.029652776999214748,0.0,1.0,0.0
NMB,0.610189551251286,1.0,1.0,1.0,0.0
NMD3,0.5997395986031518,0.7499704872078584,1.0,1.0,0.0
NME1,0.6622110498015154,1.0,1.0,1.0,0.0
NME4,0.5961012352320083,0.5550381226523504,1.0,1.0,0.0
NME7,0.45979911926792,0.40055856860296424,0.0,0.33333333333333326,0.0
NMNAT1,0.4884749262082037,0.6354060311175721,0.0,0.33333333333333326,0.0
NMRAL1,0.5920804337265774,0.41207206039685007,1.0,1.0,0.0
NMRK1,0.46644449303972346,0.9301153922458789,0.0,1.0,0.0
NMT1,0.6010736885874363,1.0,1.0,1.0,0.0
NMT2,0.48997262499955707,0.38393750734829907,0.0,1.0,0.0
NMU,0.665446145471087,0.4151990416738888,1.0,1.0,0.0
NNAT,0.4830474224424077,0.1924641414005266,0.0,1.0,0.0
NNT,0.47255654884511794,1.0,0.0,1.0,0.0
NOB1,0.6238058563963603,1.0,1.0,1.0,0.0
NOC2L,0.6035084917795471,0.6466297666962905,0.0,1.0,0.0
NOC3L,0.6248028029196973,1.0,1.0,1.0,0.0
NOC4L,0.6279788422462731,0.700525465672169,1.0,1.0,0.0
NOCT,0.5371222522304082,0.2612988311920128,0.0,0.33333333333333326,0.0
NOD2,0.6316627021325015,0.4651672796957581,1.0,1.0,0.0
NOL10,0.5958444510476194,1.0,1.0,1.0,0.0
NOL11,0.5900227449794393,0.7011465665880332,1.0,1.0,0.0
NOL12,0.4974948818805277,0.22364387616918005,1.0,1.0,0.0
NOL3,0.5665413820151682,0.1961950382527941,1.0,1.0,0.0
NOL6,0.6102036038199469,1.0,1.0,1.0,0.0
NOL7,0.5759159262648308,0.3324570169028344,0.0,1.0,0.0
NOL8,0.5951317906028029,0.7528386310689734,1.0,1.0,0.0
NOLC1,0.6219680425642881,1.0,1.0,1.0,0.0
NOM1,0.5945030374941397,0.515613261452878,1.0,1.0,0.0
NOMO3,0.6085199968151879,0.19722661837211541,0.0,1.0,0.0
NONO,0.5950550272843298,1.0,1.0,1.0,0.0
NOP10,0.5318438061622394,0.15088022688891872,0.0,0.33333333333333326,0.0
NOP14,0.632481635254651,0.7120759341748907,1.0,1.0,0.0
NOP16,0.6119205300179534,0.734020448726334,1.0,1.0,0.0
NOP2,0.6395191392052589,1.0,1.0,1.0,0.0
NOP58,0.6269906627196475,1.0,1.0,1.0,0.0
NOP9,0.5625531973106317,0.18579642316324965,0.0,1.0,0.0
NOPCHAP1,0.6010550383321046,0.884603320082619,0.0,1.0,0.0
NOS1,0.50980359537778,0.10106372443908289,0.0,1.0,0.0
NOS3,0.6255712860583625,0.4787954515321487,1.0,1.0,0.0
NOSIP,0.5623391423962343,0.04140699443707997,0.0,1.0,0.0
NOSTRIN,0.46304494506736366,1.0,1.0,1.0,0.0
NOTCH1,0.5980204710042484,0.9410664892772581,1.0,1.0,0.0
NOTCH3,0.6283034801759823,0.8283269448048932,1.0,1.0,0.0
NOTCH4,0.598480491105274,0.8418360099664719,0.0,1.0,0.0
NOTUM,0.6473464176778245,0.20759166564157805,0.0,1.0,0.0
NOVA1,0.4266050125361212,1.0,1.0,1.0,0.0
NOX4,0.6352586339329769,0.6555466907102248,1.0,1.0,0.0
NPAS2,0.6009537960196367,0.17875476788239467,0.0,0.33333333333333326,0.0
NPC1,0.609047017619832,0.3726765719382499,0.0,1.0,0.0
NPEPL1,0.5696983175954295,0.33977381332948997,0.0,0.33333333333333326,0.0
NPHP1,0.6290820076455762,1.0,1.0,1.0,0.0
NPHP3,0.4629508491273232,0.4759372224520457,1.0,1.0,0.0
NPHP4,0.5884504055881898,0.2759507029607759,0.0,1.0,0.0
NPLOC4,0.579406801279321,0.19981405114867987,0.0,1.0,0.0
NPM1,0.572932687710792,0.5493690442990251,1.0,1.0,0.0
NPM3,0.6185448928129587,0.5690637764514417,1.0,1.0,0.0
NPR3,0.519134599319117,0.32731755817170854,0.0,0.33333333333333326,0.0
NPRL2,0.559988424063809,0.16979532853519663,1.0,1.0,0.0
NPRL3,0.59725506624853,0.9165650313579069,1.0,1.0,0.0
NPTN,0.4738466970800727,1.0,0.0,0.33333333333333326,0.0
NPTX2,0.6921631271420143,0.5271104411927143,0.0,1.0,0.0
NPY,0.43845324513951267,1.0,1.0,1.0,0.0
NPY1R,0.3410001579045023,1.0,1.0,1.0,0.0
NQO2,0.6139109299327647,0.5436347586915214,0.0,1.0,0.0
NR1H2,0.5139890041123433,0.09556545734020516,0.0,1.0,0.0
NR1H3,0.4677009918834663,0.8972232926143483,1.0,1.0,0.0
NR1H4,0.26646895603895204,1.0,1.0,1.0,0.0
NR2C2,0.5041734122784105,0.3476091040779092,0.0,0.33333333333333326,0.0
NR2C2AP,0.6181253582292355,0.7991541136087433,1.0,1.0,0.0
NR2F6,0.5121790882502363,0.70466844656148,0.0,0.33333333333333326,0.0
NR3C1,0.4178292037192639,1.0,1.0,1.0,0.0
NR3C2,0.33349026062864906,1.0,1.0,1.0,0.0
NR4A1,0.6375564740080012,1.0,1.0,0.33333333333333326,0.0
NR4A2,0.5878717803031602,0.8860970085171836,1.0,0.33333333333333326,0.0
NR4A3,0.5169717530241207,0.7876798737186129,0.0,0.33333333333333326,0.0
NR5A2,0.3505965934848825,1.0,1.0,1.0,0.0
NRARP,0.4640010168591666,0.8433994174045696,0.0,1.0,0.0
NRBF2,0.48457537666956463,0.9701811102982444,0.0,0.33333333333333326,0.0
NRDC,0.5681507791007684,0.44827694984054933,1.0,1.0,0.0
NRIP1,0.474000587105757,0.9505786447854554,0.0,1.0,0.0
NRM,0.5731427942790677,0.19412771457114564,1.0,1.0,0.0
NRP2,0.551901979414155,0.3551340960773475,0.0,0.33333333333333326,0.0
NRXN1,0.3831255574462223,0.30101125879042695,0.0,0.33333333333333326,0.0
NSDHL,0.6199645582352811,0.617455689347249,1.0,1.0,0.0
NSFL1C,0.5641044802098167,0.17878613133110374,0.0,1.0,0.0
NSG1,0.4806956684892025,0.2729027016407788,0.0,1.0,0.0
NSMCE1,0.5948965753657257,1.0,1.0,1.0,0.0
NSMCE2,0.5810465031854481,0.37623104715439554,0.0,1.0,0.0
NSMCE3,0.5552632468066276,0.05878273415842723,0.0,0.33333333333333326,0.0
NSRP1,0.5938634763916929,0.37121599446013775,0.0,0.33333333333333326,0.0
NSUN2,0.5946812070599024,0.4272550165811414,1.0,1.0,0.0
NSUN5,0.6141120119684635,1.0,1.0,1.0,0.0
NT5C,0.49357091586347485,0.20982802201397494,0.0,1.0,0.0
NT5C3B,0.630370641041543,1.0,1.0,1.0,0.0
NT5DC2,0.6677365135489537,1.0,1.0,1.0,0.0
NT5E,0.4419383696031937,0.7450936563491226,0.0,0.33333333333333326,0.0
NTAN1,0.49360240485384427,0.7956348610618218,1.0,1.0,0.0
NTAQ1,0.6121684050698937,0.752136092363809,1.0,1.0,0.0
NTHL1,0.6081489242438004,0.8220511518598635,1.0,1.0,0.0
NTMT1,0.6356802850290998,0.9452009122430901,1.0,1.0,0.0
NTN1,0.45063941942921243,0.5762907388347566,0.0,0.33333333333333326,0.0
NTN4,0.4748768376692964,0.5812215615640028,1.0,1.0,0.0
NTRK2,0.443237208966713,0.13668427624264778,1.0,1.0,0.0
NTS,0.5059740103457487,0.09096249370443063,0.0,0.33333333333333326,0.0
NUAK1,0.579947905436639,0.09806136372717934,1.0,1.0,0.0
NUAK2,0.5493205005211496,0.21139695604234868,0.0,0.33333333333333326,0.0
NUB1,0.5791017667510179,0.1207703272880623,0.0,1.0,0.0
NUBP2,0.5984141297962735,0.18980687535649576,1.0,1.0,0.0
NUCLEOLIN,0.5928916475803154,0.6460385119318071,1.0,1.0,0.0
NUDC,0.5835654058687659,0.8415416808205393,1.0,1.0,0.0
NUDCD1,0.6616328287720455,1.0,1.0,1.0,0.0
NUDCD3,0.5972964417614252,1.0,1.0,1.0,0.0
NUDT1,0.6468269529844713,0.3109441308178172,1.0,1.0,0.0
NUDT12,0.41629342090786053,1.0,0.0,1.0,0.0
NUDT14,0.6097338447480933,0.5759877833032778,1.0,1.0,0.0
NUDT15,0.5806087801329431,0.31253230172484875,1.0,1.0,0.0
NUDT16,0.4726407808130964,1.0,1.0,1.0,0.0
NUDT19,0.5808063724158228,0.5812715673312395,1.0,1.0,0.0
NUDT21,0.583528176387133,0.5117958224044269,0.0,0.33333333333333326,0.0
NUDT22,0.4931630523906464,0.32532097504808233,0.0,1.0,0.0
NUDT4B,0.5829580856303069,0.39887561396892474,1.0,1.0,0.0
NUDT5,0.6086569881360268,0.561190858936177,1.0,1.0,0.0
NUDT6,0.4380754109673869,1.0,0.0,1.0,0.0
NUDT7,0.476121256873172,1.0,0.0,1.0,0.0
NUDT9,0.4963935734502713,0.4036338578165637,0.0,1.0,0.0
NUF2,0.6844639651601543,0.5621237780632522,1.0,1.0,0.0
NUFIP1,0.6665911784202314,1.0,1.0,1.0,0.0
NUFIP2,0.5825586723655699,0.5119365371047859,0.0,1.0,0.0
NUMB,0.48812946936225116,0.05128165693187445,0.0,1.0,0.0
NUP107,0.6057920329943904,0.7250161761180844,1.0,1.0,0.0
NUP133,0.5891144000372128,0.47440383157270616,1.0,1.0,0.0
NUP153,0.6165033770293252,1.0,0.0,1.0,0.0
NUP155,0.63413773373234,0.9807265129088383,1.0,1.0,0.0
NUP160,0.6078708785034095,0.4914393253440484,0.0,1.0,0.0
NUP188,0.5996681302167387,0.9053229059646007,1.0,1.0,0.0
NUP205,0.6167930751599249,0.726585196608497,1.0,1.0,0.0
NUP210,0.6462980253803425,0.5199280227190558,0.0,1.0,0.0
NUP210L,0.4838917626408412,0.12609611400747872,0.0,1.0,0.0
NUP35,0.6024761897495639,0.5149789208123954,1.0,1.0,0.0
NUP37,0.6115936532557571,0.7058488712520274,1.0,1.0,0.0
NUP42,0.582003070607513,0.49346226056613823,0.0,1.0,0.0
NUP43,0.608046151078096,1.0,1.0,1.0,0.0
NUP54,0.5697445714216101,0.12327463725987342,0.0,1.0,0.0
NUP58,0.6240574666101009,1.0,1.0,1.0,0.0
NUP62,0.6231453750218675,1.0,1.0,1.0,0.0
NUP62CL,0.6239993076989253,0.96706851234657,1.0,1.0,0.0
NUP85,0.5981643707987092,1.0,1.0,1.0,0.0
NUP88,0.5858562414120293,0.36722139392713743,0.0,0.33333333333333326,0.0
NUP93,0.6066391184995799,0.6662902521451114,1.0,1.0,0.0
NUP98,0.5866063972850645,0.5371158384572862,0.0,0.33333333333333326,0.0
NUPR1,0.47362258402371493,0.2808816601843896,1.0,1.0,0.0
NUS1,0.5589450297605002,0.07901579840830132,0.0,0.33333333333333326,0.0
NUSAP1,0.6263248559192517,0.7770354400492202,1.0,1.0,0.0
NWD2,0.40987046295399515,0.2578019720669538,0.0,1.0,0.0
NXN,0.552704246037688,0.11886650998879134,1.0,0.33333333333333326,0.0
NXPE1,0.337841245586774,1.0,1.0,1.0,0.0
NXPE4,0.2757366078823012,1.0,1.0,1.0,0.0
NXT1,0.6483366373864263,1.0,1.0,1.0,0.0
NXT2,0.572941511368993,0.012780574955960567,0.0,1.0,0.0
OAF,0.4655043173986151,1.0,0.0,1.0,0.0
OAS2,0.5930183466891127,0.32554892231720234,0.0,1.0,0.0
OAS3,0.6130763084581217,0.8002367267380162,1.0,1.0,0.0
OASL,0.4598445766417657,0.47237065007163126,0.0,0.33333333333333326,0.0
OAT,0.5179947916628307,0.48088417569307884,1.0,0.33333333333333326,0.0
OBI1,0.6201130901170152,1.0,1.0,1.0,0.0
OBSCN,0.626228464177176,0.28218042202259314,0.0,1.0,0.0
OBSL1,0.6383732343597651,0.49596193457562043,0.0,1.0,0.0
OCA2,0.6133017686805096,0.40815437410590033,0.0,1.0,0.0
OCEL1,0.4826616963576819,1.0,1.0,1.0,0.0
OCIAD1,0.5083808210814492,0.46439081082269634,1.0,1.0,0.0
OCIAD2,0.5820078124225236,0.18597963022694153,1.0,1.0,0.0
ODAM,0.6649752798889772,0.3714528234355371,1.0,1.0,0.0
ODC1,0.6506417078948314,0.9433313929915049,0.0,1.0,0.0
ODF2,0.5894054935817193,0.7335477677348581,1.0,1.0,0.0
ODR4,0.5607981315714285,0.08662615564865407,1.0,1.0,0.0
OFD1,0.5755507926978456,0.12376546019277263,0.0,1.0,0.0
OGFOD1,0.6008195953742423,1.0,1.0,1.0,0.0
OGFR,0.5832483239231345,0.44130831115649427,1.0,1.0,0.0
OGN,0.2628797617557991,1.0,1.0,1.0,0.0
OIP5,0.6009828005524732,0.3996284781021454,1.0,1.0,0.0
OLA1,0.6112417507775294,1.0,1.0,1.0,0.0
OLFM1,0.44905221800994205,0.984486428629675,0.0,1.0,0.0
OLFML1,0.45960129567148855,1.0,1.0,1.0,0.0
OLFML2B,0.6627273810854024,0.8126957218450066,1.0,1.0,0.0
OLR1,0.6094113545951167,0.2851727958947069,0.0,1.0,0.0
ONECUT2,0.64063393708607,0.3405721215487729,0.0,1.0,0.0
OPCML,0.47899051769068307,0.2419768467870287,0.0,1.0,0.0
OPN3,0.45144941820554324,0.9504007278688653,0.0,1.0,0.0
OPN5,0.5014955934380828,0.3280288934688159,0.0,1.0,0.0
OR2F1,0.4570612797179923,0.45010789926945377,0.0,1.0,0.0
OR51E1,0.5973047325125409,0.20428892517621963,1.0,1.0,0.0
OR52A1,0.4775232875907326,0.17962014201881962,0.0,1.0,0.0
ORAI1,0.5754395418739292,0.33290949127376357,1.0,1.0,0.0
ORC1,0.6099031118535364,0.43849431796390287,1.0,1.0,0.0
ORC2,0.5831957799198201,0.46722212514864775,1.0,1.0,0.0
ORC3,0.5935903682526634,0.860481823718758,1.0,1.0,0.0
ORC5,0.6019479013912754,0.966462307261671,1.0,1.0,0.0
ORC6,0.659222592543855,1.0,1.0,1.0,0.0
ORM2,0.6488207776723829,0.19611876510484125,0.0,1.0,0.0
ORMDL2,0.5221489525183208,0.4201978320951136,0.0,0.33333333333333326,0.0
OSBPL10,0.587955426165318,0.40979754104909916,1.0,1.0,0.0
OSBPL11,0.4977132891236572,0.31924715706936607,0.0,0.33333333333333326,0.0
OSBPL1A,0.38715164059321494,1.0,1.0,1.0,0.0
OSBPL2,0.5798014455296716,0.4458056287438643,1.0,1.0,0.0
OSBPL3,0.6672881532159857,1.0,1.0,1.0,0.0
OSBPL7,0.481985053604626,0.484275955926468,1.0,1.0,0.0
OSBPL8,0.6015923987939914,0.34510400895053284,0.0,0.33333333333333326,0.0
OSBPL9,0.5090261862423858,0.2633134005533221,0.0,0.33333333333333326,0.0
OSER1,0.6000696139573637,1.0,1.0,1.0,0.0
OSGEPL1,0.5912744189096923,0.06465402755180913,0.0,1.0,0.0
OSGIN2,0.6071387213946219,0.35764531219261203,0.0,0.33333333333333326,0.0
OSM,0.6058265570102273,0.2475474354259127,0.0,1.0,0.0
OSR1,0.37834164685406213,0.3806825818111449,0.0,1.0,0.0
OSTM1,0.5172550172434237,0.7411046922558138,1.0,0.33333333333333326,0.0
OTC,0.3696187773068092,0.7989319619300419,1.0,1.0,0.0
OTUB2,0.6311405007732175,1.0,0.0,0.33333333333333326,0.0
OTUD1,0.5449563995104829,0.04269442233192653,0.0,0.33333333333333326,0.0
OTUD5,0.5726966483219106,0.5803923122456515,0.0,1.0,0.0
OTUD6B,0.6126524683885911,0.5672185942132919,1.0,1.0,0.0
OTULIN,0.5970481786383045,0.2617905380758779,1.0,1.0,0.0
OXA1L,0.4991319917857835,0.27745170903232813,1.0,1.0,0.0
OXCT1,0.46323828484085716,0.535109374045203,0.0,1.0,0.0
OXGR1,0.6159421391664633,0.21314563029190883,0.0,1.0,0.0
OXLD1,0.5861759053941564,0.7699445878306458,1.0,1.0,0.0
OXNAD1,0.506701561574823,0.1694539162333111,0.0,0.33333333333333326,0.0
OXTR,0.5995674879997017,0.34531030616561076,0.0,1.0,0.0
P2RX4,0.41882376182331216,1.0,1.0,1.0,0.0
P2RX5,0.5304317447863345,0.1491905680276598,0.0,0.33333333333333326,0.0
P2RX7,0.4653187103970265,0.4229241050025094,0.0,1.0,0.0
P2RY1,0.335555830257433,1.0,1.0,1.0,0.0
P2RY10,0.4431482436897816,0.5907358699252352,1.0,1.0,0.0
P2RY12,0.38468744861226806,1.0,1.0,1.0,0.0
P2RY13,0.4591003251587398,0.33747767362708186,0.0,1.0,0.0
P2RY14,0.3955054238740155,1.0,1.0,1.0,0.0
P2RY2,0.47719835240763975,0.4354087194304017,1.0,1.0,0.0
P2RY8,0.4822453447611021,0.41168905833844044,1.0,1.0,0.0
P3H1,0.6126852503006138,1.0,1.0,1.0,0.0
P3H2,0.39654616992869723,0.8165764283150225,1.0,1.0,0.0
P3H4,0.6104917377010087,0.4741104927118432,1.0,1.0,0.0
P4HA1,0.5861828486758125,0.2565261724440801,1.0,1.0,0.0
P4HB,0.56393505552536,0.19589546717273443,1.0,1.0,0.0
P4HTM,0.5713059153227634,0.20759423382111036,0.0,1.0,0.0
PA2G4,0.6275900401295752,1.0,1.0,1.0,0.0
PAAF1,0.5963314521002254,0.7263436019488522,1.0,1.0,0.0
PABIR2,0.5886940751550132,0.42355094549780015,1.0,1.0,0.0
PABPC1,0.5757196113487386,0.9010891660417975,0.0,1.0,0.0
PABPC1L,0.6705476368107928,0.517860366781664,1.0,1.0,0.0
PABPC3,0.5776976286896419,0.5606596727834045,1.0,1.0,0.0
PACC1,0.6545419039667933,1.0,1.0,1.0,0.0
PACS1,0.5892576622992417,0.5297806565336622,0.0,1.0,0.0
PACS2,0.5432800697521034,0.05799627256270665,0.0,0.33333333333333326,0.0
PACSIN2,0.4667875818698212,0.7588460962751087,0.0,1.0,0.0
PADI2,0.3158378802838042,1.0,1.0,1.0,0.0
PAF1,0.5638685790991717,0.1499848176371656,0.0,1.0,0.0
PAFAH1B1,0.46625350035632446,1.0,0.0,0.33333333333333326,0.0
PAFAH1B2,0.5919218494170013,0.3704328006664141,0.0,1.0,0.0
PAFAH1B3,0.647621588361474,1.0,1.0,1.0,0.0
PAFAH2,0.440382538775016,1.0,1.0,1.0,0.0
PAG1,0.41419284976731263,1.0,0.0,1.0,0.0
PAGR1,0.5978321341673744,0.3857771351073297,0.0,0.33333333333333326,0.0
PAICS,0.642645505475105,1.0,1.0,1.0,0.0
PAIP1,0.5995146579427053,0.8974657933263732,0.0,1.0,0.0
PAIP2B,0.48064756749351134,0.5273129883643748,1.0,1.0,0.0
PAK1IP1,0.6079040662512721,0.4752322149904397,1.0,1.0,0.0
PAK2,0.5817681124699556,0.07009199252245912,0.0,1.0,0.0
PAK6,0.6212049367760586,0.8024551656484318,1.0,1.0,0.0
PALB2,0.6173210612802195,0.7634431017205143,1.0,1.0,0.0
PALD1,0.6728286747082773,0.6265879240610277,1.0,1.0,0.0
PALLD,0.5293492242206395,0.2702899335540774,0.0,0.33333333333333326,0.0
PALM2AKAP2,0.5408121565134039,0.22141642983249046,0.0,0.33333333333333326,0.0
PALM3,0.586046791520168,0.08363951362891543,0.0,1.0,0.0
PALS1,0.4567924210598589,0.799816607226271,0.0,1.0,0.0
PALS2,0.6753609441556335,0.7452125621321054,1.0,1.0,0.0
PAM,0.6153448909280073,0.38128272566881344,0.0,0.33333333333333326,0.0
PAM16,0.5936700994219679,0.7714623580782277,1.0,1.0,0.0
PAN3,0.6071379366418516,1.0,1.0,1.0,0.0
PANK2,0.5787007172151158,0.0838526627470679,0.0,1.0,0.0
PANK3,0.44447290291415814,1.0,0.0,1.0,0.0
PANX1,0.6396037949403864,1.0,0.0,0.33333333333333326,0.0
PAPLN,0.4858095514196312,0.31077402754004513,1.0,1.0,0.0
PAPOLG,0.588415403397176,0.17281248944209376,0.0,0.33333333333333326,0.0
PAPSS1,0.5840461401267593,0.5794597793625966,0.0,1.0,0.0
PAPSS2,0.3719833867126709,1.0,0.0,1.0,0.0
PAQR3,0.5528311664147536,0.01269022284248925,0.0,0.33333333333333326,0.0
PAQR4,0.6234455614722593,1.0,1.0,1.0,0.0
PAQR5,0.402690580841645,1.0,1.0,1.0,0.0
PAQR8,0.44001273586533113,1.0,1.0,1.0,0.0
PARD3B,0.5230487452067762,0.20011614119432597,0.0,0.33333333333333326,0.0
PARD6A,0.5670897852968426,0.36456220464152816,0.0,1.0,0.0
PARD6B,0.6173510814715677,0.1930566285670085,0.0,1.0,0.0
PARD6G,0.5301657896308158,0.2223765119547966,0.0,0.33333333333333326,0.0
PARK7,0.5661890159442132,0.22803270027953274,1.0,1.0,0.0
PARL,0.5268399432027308,0.36334888815107885,0.0,0.33333333333333326,0.0
PARM1,0.4176254235071675,1.0,1.0,1.0,0.0
PARN,0.5904592225964193,0.7597387747750832,0.0,1.0,0.0
PARP1,0.598776782449627,0.7718463816880008,1.0,1.0,0.0
PARP10,0.569836782128963,0.27357584388904366,0.0,1.0,0.0
PARP15,0.460490724690618,0.24211074554704187,0.0,1.0,0.0
PARP2,0.5718695154451964,0.541756682700528,1.0,1.0,0.0
PARP3,0.5341331396842529,0.1832435409846923,0.0,0.33333333333333326,0.0
PARP6,0.5276433830535634,0.10281223167047342,0.0,0.33333333333333326,0.0
PARPBP,0.6237784915381784,0.45516655916619136,1.0,1.0,0.0
PARS2,0.5411594162095621,0.09043283399068784,0.0,0.33333333333333326,0.0
PARVA,0.5297156248955978,0.11303288307155951,0.0,0.33333333333333326,0.0
PARVB,0.623107829081869,0.6994625591820419,1.0,1.0,0.0
PASK,0.5973073158929092,0.3694955064650683,0.0,0.33333333333333326,0.0
PATE2,0.4914963759569923,0.23374291977609477,0.0,1.0,0.0
PATL1,0.6079405559487971,0.17420888917260882,0.0,1.0,0.0
PATZ1,0.6002939007180741,0.33204404915774777,1.0,1.0,0.0
PAX9,0.5305819200870179,0.4607072665070841,0.0,0.33333333333333326,0.0
PAXIP1,0.5959837185341245,1.0,1.0,1.0,0.0
PAXX,0.5949661030848794,0.30664657897731623,0.0,1.0,0.0
PBDC1,0.5734786544553894,0.8732778980235948,1.0,1.0,0.0
PBK,0.6010001516966603,0.28133221434903605,1.0,1.0,0.0
PBLD,0.36354674104915263,1.0,1.0,1.0,0.0
PBXIP1,0.4886430894101815,0.4113288219697977,0.0,1.0,0.0
PCBD1,0.6069545040602222,0.9220920621433992,0.0,1.0,0.0
PCBP4,0.5967064140330464,0.4754077009961707,1.0,1.0,0.0
PCCA,0.5767865581570893,0.5508337429871987,0.0,0.33333333333333326,0.0
PCCB,0.5411016573744251,0.12352893615405282,0.0,0.33333333333333326,0.0
PCDH1,0.57571168373365,0.18929033089040959,0.0,1.0,0.0
PCDH17,0.6095644561225686,0.4333723256613425,1.0,1.0,0.0
PCDH19,0.43130406185952413,0.865930458157662,1.0,1.0,0.0
PCDH7,0.4040196748062277,0.5589507632197903,0.0,1.0,0.0
PCED1A,0.5662431949457053,0.23633742693706625,0.0,1.0,0.0
PCF11,0.4983146359670622,0.41291637930195413,0.0,0.33333333333333326,0.0
PCGF1,0.5623021631007774,0.19946360869562588,0.0,1.0,0.0
PCGF5,0.5023099529806627,0.5426456276006717,0.0,0.33333333333333326,0.0
PCGF6,0.5984997261523732,0.2982866177791725,0.0,0.33333333333333326,0.0
PCID2,0.6093513431429425,1.0,1.0,1.0,0.0
PCK1,0.29197391589964794,1.0,1.0,1.0,0.0
PCK2,0.5063410990051616,0.16896476606605987,1.0,1.0,0.0
PCLAF,0.6085188132938235,0.5789524482254059,1.0,1.0,0.0
PCLO,0.4674823761923293,0.6732341103717823,0.0,0.33333333333333326,0.0
PCMTD2,0.6111213476259538,1.0,1.0,1.0,0.0
PCNA,0.6081766169817101,0.8790872854854995,1.0,1.0,0.0
PCNP,0.5572540439347197,0.10251314373324984,1.0,0.33333333333333326,0.0
PCNX2,0.609980705168811,0.6522416042087973,1.0,1.0,0.0
PCNX3,0.5392587918020315,0.03548149086257811,0.0,0.33333333333333326,0.0
PCOLCE,0.6823310240600172,0.5852176559308857,0.0,1.0,0.0
PCOLCE2,0.3695710265264326,1.0,0.0,1.0,0.0
PCP4,0.5708867784289642,0.2581550317945963,0.0,0.33333333333333326,0.0
PCSK2,0.40767102301360514,0.9857835374432661,1.0,1.0,0.0
PCSK5,0.41638681305178443,0.5413967833331405,0.0,1.0,0.0
PCSK9,0.7005070501427327,0.701199205417559,1.0,1.0,0.0
PCTP,0.501656948706835,0.23274721258454314,0.0,1.0,0.0
PCYOX1L,0.5820729442100783,0.28984177812707185,1.0,1.0,0.0
PCYT1A,0.5158171176559392,0.21353809801992787,0.0,0.33333333333333326,0.0
PCYT2,0.5724601667399298,0.3963998218639553,0.0,1.0,0.0
PDCD11,0.5872275622828248,0.5534834710517514,1.0,1.0,0.0
PDCD2,0.5993216514927149,0.7278597696894468,1.0,1.0,0.0
PDCD2L,0.6661482018116437,1.0,1.0,1.0,0.0
PDCD4,0.4536695100859298,0.4992159103157115,1.0,1.0,0.0
PDCD5,0.603144317545292,0.947961887223185,1.0,1.0,0.0
PDCD6IP,0.47065915186386476,0.6979856572202991,0.0,0.33333333333333326,0.0
PDE12,0.5753067598823993,0.09046644492064927,0.0,1.0,0.0
PDE1A,0.4534848375957453,0.29807453107175164,1.0,1.0,0.0
PDE1B,0.46411070855849007,0.20371719310412226,0.0,1.0,0.0
PDE2A,0.43231607306105707,0.8705127897302845,1.0,1.0,0.0
PDE3A,0.40085153242980803,1.0,1.0,1.0,0.0
PDE3B,0.487840448076228,0.6038856753722395,0.0,0.33333333333333326,0.0
PDE4A,0.5936138827322329,0.32653444991677044,0.0,1.0,0.0
PDE4B,0.5564660911460472,0.34657018019016306,0.0,0.33333333333333326,0.0
PDE4D,0.42191369098830445,1.0,1.0,1.0,0.0
PDE5A,0.3866634637646312,1.0,1.0,1.0,0.0
PDE6A,0.39744529080680413,1.0,1.0,1.0,0.0
PDE7A,0.6131459306764557,0.500500581381844,0.0,1.0,0.0
PDE7B,0.37950276262117866,1.0,1.0,1.0,0.0
PDE8A,0.41910947183188746,1.0,0.0,1.0,0.0
PDE9A,0.3218697281796004,1.0,1.0,1.0,0.0
PDGFA,0.5557324465143578,0.06661698051190743,0.0,0.33333333333333326,0.0
PDGFD,0.40537572267297833,1.0,1.0,1.0,0.0
PDGFRA,0.43157446742543076,0.7781449687205949,0.0,0.33333333333333326,0.0
PDGFRB,0.6188105189258725,0.736553179997578,1.0,1.0,0.0
PDIA4,0.5874628149933321,0.24855770963564466,1.0,1.0,0.0
PDIA6,0.5869992924107986,0.23077552544096128,1.0,1.0,0.0
PDK2,0.4851572692482099,0.4938630452815982,1.0,1.0,0.0
PDK4,0.3597657535992294,1.0,1.0,1.0,0.0
PDLIM1,0.48705185292748987,0.8386153997094105,0.0,0.33333333333333326,0.0
PDLIM2,0.49043114225579315,0.19859904317429428,0.0,1.0,0.0
PDLIM5,0.4994896058274632,0.376116081557673,0.0,1.0,0.0
PDLIM7,0.5926831992642798,0.33823984755773523,0.0,0.33333333333333326,0.0
PDP1,0.6193200713390112,0.7480644426082274,1.0,1.0,0.0
PDP2,0.5617474088849694,0.15985302737971244,1.0,0.33333333333333326,0.0
PDPN,0.7356952523228464,1.0,0.0,1.0,0.0
PDRG1,0.6380723795676642,1.0,1.0,1.0,0.0
PDS5A,0.56323631261409,0.02305627652179554,0.0,1.0,0.0
PDS5B,0.5886751460483559,0.45913565698811476,1.0,1.0,0.0
PDXK,0.6077473990736117,1.0,0.0,0.33333333333333326,0.0
PDXP,0.4805509072429996,0.5458176753541497,0.0,1.0,0.0
PDZD8,0.5840561037673301,0.04227903539772187,0.0,1.0,0.0
PDZK1,0.39205190731361794,0.4111724725245639,0.0,1.0,0.0
PDZK1IP1,0.6145353744528522,0.8671940409059326,1.0,1.0,0.0
PDZRN3,0.46248207150853465,0.43296397470692943,0.0,1.0,0.0
PEA15,0.625182389012534,0.9513698423512071,0.0,1.0,0.0
PEAK1,0.4838647933387922,0.7228065720055472,0.0,1.0,0.0
PEBP4,0.48879023768544055,0.1572862366820522,0.0,1.0,0.0
PEG3,0.4382863212932847,1.0,1.0,1.0,0.0
PELI1,0.5313002948842745,0.1289448656408246,1.0,0.33333333333333326,0.0
PELI2,0.4310504020024371,0.9180843062334751,0.0,0.33333333333333326,0.0
PELO,0.6216732186683789,0.7451536112198283,0.0,1.0,0.0
PELP1,0.561972960968402,0.1673678453430175,0.0,1.0,0.0
PEMT,0.6123219105022027,0.35845617296857224,1.0,1.0,0.0
PEPD,0.5773180435041255,0.12225815293717983,0.0,1.0,0.0
PER3,0.4142243849980271,1.0,0.0,1.0,0.0
PERP,0.6097324012239231,1.0,1.0,1.0,0.0
PES1,0.5944064875285354,1.0,1.0,1.0,0.0
PET117,0.5730129284599846,0.516215373818217,0.0,1.0,0.0
PEX10,0.6009933366403981,0.8227667048524091,1.0,1.0,0.0
PEX11A,0.4366316316714895,1.0,0.0,1.0,0.0
PEX12,0.5489401004454535,0.13800105989594058,1.0,0.33333333333333326,0.0
PEX16,0.5715041325723057,0.39065477291007344,1.0,1.0,0.0
PEX19,0.4947801150467521,0.44299915599990647,0.0,0.33333333333333326,0.0
PEX26,0.4446901406774023,0.9485948253292255,1.0,1.0,0.0
PEX3,0.5904067741505462,0.364852707245815,0.0,1.0,0.0
PEX39,0.49891964909921516,0.28870589117014145,0.0,0.33333333333333326,0.0
PEX5,0.5875855571173992,0.31430057759055335,1.0,1.0,0.0
PF4,0.6351869144879405,0.9410340562734547,1.0,1.0,0.0
PFAS,0.59756351003293,0.3195104915799444,1.0,1.0,0.0
PFDN2,0.6124176538879819,1.0,1.0,1.0,0.0
PFDN4,0.6574831785449682,1.0,1.0,1.0,0.0
PFKFB2,0.4712724275194773,1.0,0.0,1.0,0.0
PFKFB3,0.6360863753016862,0.5420191551116904,0.0,1.0,0.0
PFKFB4,0.6188307209131911,0.36075824457693745,0.0,1.0,0.0
PFKM,0.58259779508289,0.5025238193577296,1.0,1.0,0.0
PGAM1,0.5475813256767479,0.3346061702941677,0.0,0.33333333333333326,0.0
PGAM5,0.5771410350796692,0.2516174154489335,1.0,1.0,0.0
PGAP2,0.5817685386384907,0.027081579913666033,0.0,1.0,0.0
PGAP3,0.48422379720761916,0.7357928911884865,0.0,1.0,0.0
PGAP4,0.4554819518695402,1.0,1.0,1.0,0.0
PGCKA1,0.4170058632256971,1.0,1.0,1.0,0.0
PGD,0.584766759759176,0.5594540888912634,0.0,0.33333333333333326,0.0
PGGHG,0.573875130710927,0.1581627025187207,0.0,1.0,0.0
PGGT1B,0.46384816966129294,1.0,0.0,1.0,0.0
PGK1,0.575137020280704,0.30523391133722727,1.0,1.0,0.0
PGLS,0.5774333664104397,0.3568426029213649,1.0,1.0,0.0
PGM1,0.4456619967297997,1.0,1.0,1.0,0.0
PGM2,0.5871345906067955,0.10402807267276913,1.0,1.0,0.0
PGM2L1,0.6164241757776011,0.3048307486650493,0.0,1.0,0.0
PGM3,0.6040862687751496,0.9589546574121552,0.0,1.0,0.0
PGM5,0.3535876306683062,1.0,1.0,1.0,0.0
PGP,0.5997741120069608,0.9634733655908553,1.0,1.0,0.0
PGPEP1,0.48360486071420894,0.32615692769897286,0.0,1.0,0.0
PGR,0.45288738058081524,0.48422238130416423,0.0,1.0,0.0
PGRMC2,0.4684095175214096,1.0,0.0,1.0,0.0
PGS1,0.5686594379323792,0.37258782365047505,0.0,1.0,0.0
PHACTR1,0.49187520551432407,0.3057872389059025,0.0,0.33333333333333326,0.0
PHACTR2,0.5121090229398187,0.1255936061125569,0.0,0.33333333333333326,0.0
PHACTR4,0.5065449355298985,0.3983674730005032,0.0,1.0,0.0
PHB1,0.5760342862469603,0.6317575418495815,1.0,1.0,0.0
PHC1,0.5476101494951989,0.21100209576171072,0.0,0.33333333333333326,0.0
PHC2,0.5852825336622264,1.0,1.0,1.0,0.0
PHC3,0.504627181095143,0.3817488321865687,0.0,0.33333333333333326,0.0
PHF11,0.6037435755570311,0.5433038111247737,0.0,1.0,0.0
PHF12,0.5692770772466145,0.25413407844296626,0.0,1.0,0.0
PHF13,0.607150772062059,0.9230256030133638,1.0,1.0,0.0
PHF14,0.6040754318906336,1.0,1.0,1.0,0.0
PHF19,0.672204794458206,0.8081823227757212,1.0,1.0,0.0
PHF20,0.628466882984645,1.0,1.0,1.0,0.0
PHF20L1,0.5911195707502062,0.7075748989189482,0.0,1.0,0.0
PHF21A,0.590916207204679,0.3968466084086482,0.0,0.33333333333333326,0.0
PHF6,0.5978134497551713,0.640158559147903,1.0,1.0,0.0
PHF8,0.5797919079230897,0.23658664829978993,1.0,1.0,0.0
PHGDH,0.6563643287612149,1.0,1.0,1.0,0.0
PHGR1,0.44275471655014187,0.7305720020442962,0.0,1.0,0.0
PHIP,0.5874597665273874,0.3536507327534777,0.0,1.0,0.0
PHKA1,0.6310888781890115,0.42016676817551996,1.0,1.0,0.0
PHKB,0.48683439612809,1.0,0.0,1.0,0.0
PHLDA1,0.722997124998462,1.0,1.0,1.0,0.0
PHLDA2,0.6421053814832685,0.7277584309741977,1.0,1.0,0.0
PHLDA3,0.588684857367134,0.23052799618527553,0.0,0.33333333333333326,0.0
PHLPP1,0.49541096295994685,0.3734981091039637,1.0,1.0,0.0
PHLPP2,0.38594035207677363,1.0,1.0,1.0,0.0
PHRF1,0.579597698166671,0.3656094426723758,1.0,1.0,0.0
PHTF1,0.5715788555667163,0.28457242603724153,0.0,1.0,0.0
PHTF2,0.5543431726548637,0.1432133505711077,0.0,0.33333333333333326,0.0
PHYH,0.46982460466242365,0.7611960573298078,0.0,0.33333333333333326,0.0
PHYKPL,0.43606882057536317,0.999437510115239,1.0,1.0,0.0
PI15,0.4079776315136856,0.5277101523100525,0.0,1.0,0.0
PI3,0.6244164508692517,0.3346438349182372,0.0,1.0,0.0
PI4K2A,0.5710835923122325,0.47327124228732553,0.0,1.0,0.0
PI4KA,0.5085704792325069,0.1276105292960582,0.0,0.33333333333333326,0.0
PIAS1,0.49796451934740477,0.33411220411378717,0.0,0.33333333333333326,0.0
PIAS2,0.48884697083832884,0.5735398961445217,0.0,0.33333333333333326,0.0
PIAS4,0.5922996567392436,0.30786221238773026,1.0,1.0,0.0
PIBF1,0.6048178594643371,0.4279875677812968,0.0,1.0,0.0
PICALM,0.5479923389570133,0.132144367481662,0.0,0.33333333333333326,0.0
PID1,0.446970788424271,1.0,1.0,1.0,0.0
PIERCE1,0.593350433986423,0.22115861868511702,0.0,1.0,0.0
PIERCE2,0.46052842822803974,0.9201140299116409,1.0,1.0,0.0
PIEZO1,0.6415282947598103,1.0,1.0,1.0,0.0
PIEZO2,0.47469275096874713,0.19874899710710967,0.0,1.0,0.0
PIF1,0.5663320946279482,0.25600807465185044,0.0,1.0,0.0
PIGA,0.5951428172241151,0.32380721387609857,0.0,1.0,0.0
PIGB,0.4906411805353148,1.0,0.0,0.33333333333333326,0.0
PIGC,0.5776401542123988,0.32464232940457965,0.0,1.0,0.0
PIGH,0.5317605539788302,0.27815305543843033,0.0,0.33333333333333326,0.0
PIGK,0.5493069769528672,0.05293858010382646,0.0,0.33333333333333326,0.0
PIGM,0.5845128217542575,0.4775898514345856,0.0,1.0,0.0
PIGN,0.4751922475393983,1.0,0.0,1.0,0.0
PIGO,0.5659976017887276,0.3857433711867063,0.0,0.33333333333333326,0.0
PIGR,0.40160144852802415,0.3762939188130129,0.0,1.0,0.0
PIGS,0.501383627388101,0.19943312349265532,0.0,1.0,0.0
PIGT,0.5846240044733348,0.9112756853521939,1.0,1.0,0.0
PIGU,0.6166966665267773,1.0,1.0,1.0,0.0
PIGV,0.4997583278135574,0.19703801430687726,0.0,0.33333333333333326,0.0
PIGW,0.5932585843434192,0.27797858937476594,1.0,1.0,0.0
PIGX,0.5886223108754484,0.3476443859813075,1.0,1.0,0.0
PIGZ,0.4094790005661745,0.9423730159075238,1.0,1.0,0.0
PIH1D1,0.5596740344664229,0.25458782619994985,0.0,1.0,0.0
PIK3C3,0.4842443658365241,0.7720566420932975,0.0,0.33333333333333326,0.0
PIK3CD,0.5251857596005924,0.19406597048843344,1.0,0.33333333333333326,0.0
PIK3CG,0.3896257845028025,1.0,1.0,1.0,0.0
PIK3R2,0.5859741028154091,0.4278840356790507,1.0,1.0,0.0
PIK3R3,0.5970734629173517,0.39285277227395854,0.0,1.0,0.0
PIK3R4,0.584871356181676,0.47834211207137073,0.0,0.33333333333333326,0.0
PIKFYVE,0.5487490631576435,0.1824405931909978,0.0,0.33333333333333326,0.0
PIM1,0.5727530693327314,0.1593620871125919,0.0,0.33333333333333326,0.0
PIM3,0.6302771402888924,0.7979975524897056,0.0,1.0,0.0
PIMREG,0.6226619165340471,0.48881283443637374,1.0,1.0,0.0
PIN4,0.5843736729362119,0.46900298823329595,1.0,1.0,0.0
PINK1,0.470152553550779,0.6898402574394426,1.0,1.0,0.0
PINX1,0.5700206119550536,0.2435411972716653,0.0,1.0,0.0
PIP4K2B,0.5722235877711773,0.5697517489095166,1.0,1.0,0.0
PIP4P2,0.5697561274410086,0.18491942591489033,1.0,0.33333333333333326,0.0
PIP5K1A,0.5684571085610234,0.28000141605675816,0.0,1.0,0.0
PIP5K1B,0.45451722913902215,1.0,0.0,1.0,0.0
PIPOX,0.6303288956340394,0.49906838169072604,0.0,1.0,0.0
PIR,0.6167600914829086,1.0,1.0,1.0,0.0
PITPNB,0.600827397338402,1.0,0.0,1.0,0.0
PITPNC1,0.6012064663137571,0.41976598724394143,1.0,1.0,0.0
PITPNM3,0.42271731887967384,1.0,1.0,1.0,0.0
PITRM1,0.6038457749842515,1.0,0.0,1.0,0.0
PITX1,0.6626837951077806,0.7515569758152247,1.0,1.0,0.0
PITX2,0.6753052339152606,0.769072318676239,0.0,0.33333333333333326,0.0
PJA1,0.627465291562055,0.831697312135655,0.0,1.0,0.0
PJA2,0.4183049287040971,1.0,0.0,1.0,0.0
PKHD1L1,0.4312631857003165,0.7578238820365047,1.0,1.0,0.0
PKIB,0.19703688351322077,1.0,1.0,1.0,0.0
PKIG,0.475365583965914,0.550988558276941,0.0,0.33333333333333326,0.0
PKM,0.6011240018096197,0.508988136624273,1.0,1.0,0.0
PKMYT1,0.6004075230045152,0.6378884085139523,1.0,1.0,0.0
PKN1,0.6147578349151506,0.25272102328317014,1.0,1.0,0.0
PKN3,0.5912018021653543,0.5132415295888612,1.0,1.0,0.0
PKP2,0.44015926197429756,1.0,0.0,1.0,0.0
PKP3,0.571642256228783,0.26156177831257965,0.0,0.33333333333333326,0.0
PKP4,0.602870609098214,1.0,1.0,1.0,0.0
PLA1A,0.6451789531436471,0.4493426963366424,0.0,0.33333333333333326,0.0
PLA2G15,0.5877083943484078,0.3688582697700811,1.0,1.0,0.0
PLA2G2A,0.3854142272027683,0.332939158142275,1.0,1.0,0.0
PLA2G4A,0.38223934576296675,1.0,0.0,1.0,0.0
PLA2G4F,0.483387384198315,0.42577073867610865,0.0,1.0,0.0
PLA2G5,0.4859226273980996,0.2193358669912792,0.0,1.0,0.0
PLAA,0.5822843213143178,0.5498653503755616,1.0,1.0,0.0
PLAAT2,0.3486205185939651,1.0,1.0,1.0,0.0
PLAAT3,0.647839469081212,0.876984360073777,1.0,1.0,0.0
PLAAT4,0.4247019560601363,0.7298172100857643,0.0,1.0,0.0
PLAC1,0.5960476711286495,0.1837532028614106,0.0,1.0,0.0
PLAC8,0.29852175185654,1.0,1.0,1.0,0.0
PLAC9,0.38700672240193834,1.0,1.0,1.0,0.0
PLAGL1,0.4875738461542351,0.3095949899047647,0.0,0.33333333333333326,0.0
PLAGL2,0.6661437048590664,1.0,1.0,1.0,0.0
PLAT,0.456600247943501,0.4044132017895889,0.0,0.33333333333333326,0.0
PLAU,0.686228560369123,1.0,1.0,1.0,0.0
PLAUR,0.6419808552606944,1.0,0.0,1.0,0.0
PLBD2,0.591984840769235,0.45143648224744026,1.0,1.0,0.0
PLCB1,0.7011972165178167,0.7916287724460569,0.0,1.0,0.0
PLCB2,0.5461494386843787,0.07549855487846158,0.0,0.0,0.0
PLCB4,0.6164622247282209,0.3790835472403646,1.0,1.0,0.0
PLCD1,0.4250966320340148,1.0,1.0,1.0,0.0
PLCD3,0.4114142176502934,1.0,0.0,1.0,0.0
PLCE1,0.37088070053465877,1.0,1.0,1.0,0.0
PLCG1,0.6193532159300241,0.8109622500880768,0.0,0.33333333333333326,0.0
PLCG2,0.4381632382226395,0.9434543773305828,1.0,1.0,0.0
PLCL2,0.34253424427396734,1.0,1.0,1.0,0.0
PLCXD1,0.5271144590031818,0.03843308799307421,1.0,0.33333333333333326,0.0
PLCXD2,0.49737373554603337,0.36239010644668385,0.0,0.33333333333333326,0.0
PLD1,0.4263105513263581,1.0,0.0,1.0,0.0
PLD2,0.5367213812780401,0.060019029562117125,0.0,0.33333333333333326,0.0
PLD6,0.5947051433117615,0.4200474405824548,1.0,0.33333333333333326,0.0
PLEKHA2,0.6131330777193104,0.6524781554769414,0.0,0.33333333333333326,0.0
PLEKHA4,0.5819286210787937,0.2970852900906182,0.0,1.0,0.0
PLEKHA8,0.6209562074237012,0.7202805683955038,0.0,0.33333333333333326,0.0
PLEKHB1,0.6717002878101245,0.506952513565186,0.0,1.0,0.0
PLEKHB2,0.4846571389554299,0.8408163487715701,0.0,1.0,0.0
PLEKHF2,0.49435245901795327,0.6704871439137903,0.0,1.0,0.0
PLEKHG4,0.6513080817019694,0.7977550282430944,1.0,1.0,0.0
PLEKHG6,0.4760620480637603,0.2527857810297131,0.0,1.0,0.0
PLEKHH1,0.47519982315168974,0.7356893860530256,1.0,1.0,0.0
PLEKHH2,0.4241929800095953,0.585398867916577,0.0,0.33333333333333326,0.0
PLEKHM3,0.5049983744534627,0.2579557415259238,0.0,0.33333333333333326,0.0
PLEKHS1,0.6680726679912762,1.0,1.0,1.0,0.0
PLGRKT,0.4635633572309742,1.0,0.0,0.33333333333333326,0.0
PLIN1,0.41415136786865486,0.2741933470889176,0.0,1.0,0.0
PLK1,0.6356598270347629,0.7542438195409428,1.0,1.0,0.0
PLK3,0.5956316284841902,0.10126530191512204,0.0,0.33333333333333326,0.0
PLK4,0.5917261444513363,0.5495943236909676,1.0,1.0,0.0
PLN,0.35691445536925537,1.0,0.0,1.0,0.0
PLOD1,0.6089563296416842,1.0,1.0,1.0,0.0
PLOD3,0.643684836554052,1.0,1.0,1.0,0.0
PLP1,0.23252468605077203,1.0,1.0,1.0,0.0
PLP2,0.6005668261363944,0.7463603108845349,0.0,1.0,0.0
PLPBP,0.4989780907469487,0.3343315496339838,0.0,1.0,0.0
PLPP1,0.42150814640687806,1.0,1.0,1.0,0.0
PLPP2,0.6113658441416341,0.5356354642934845,0.0,1.0,0.0
PLPP3,0.4688058001893344,1.0,1.0,1.0,0.0
PLPP4,0.653192437310357,0.37971907067593896,1.0,1.0,0.0
PLPPR4,0.5875963888996022,0.15885773645520446,0.0,0.33333333333333326,0.0
PLRG1,0.5605427309020623,0.10798365975900816,0.0,0.33333333333333326,0.0
PLS1,0.4307327859278059,1.0,0.0,1.0,0.0
PLS3,0.6467391413581048,0.9174377725520108,1.0,1.0,0.0
PLSCR1,0.5562079175824837,0.38436211753249816,0.0,0.33333333333333326,0.0
PLSCR2,0.4802146517245014,0.3599097367005272,0.0,1.0,0.0
PLSCR4,0.40488089974303726,1.0,0.0,1.0,0.0
PLTP,0.6570064885586981,0.21256380018737686,0.0,1.0,0.0
PLXDC1,0.5829433667071242,0.27554408701636596,0.0,1.0,0.0
PLXDC2,0.4729732270219412,0.4879783163043898,1.0,1.0,0.0
PLXNA1,0.6347838788836694,0.7556052619944201,1.0,1.0,0.0
PLXNA2,0.48674440532236035,0.17945983455958872,1.0,1.0,0.0
PLXNA3,0.6390553958954327,0.3620265184297916,0.0,0.33333333333333326,0.0
PLXNB2,0.5728764799347497,0.03940780302657288,0.0,0.33333333333333326,0.0
PLXNC1,0.4789076256802313,0.2929638279547986,0.0,1.0,0.0
PLXND1,0.5716864718832153,0.29706659230118015,0.0,1.0,0.0
PM20D2,0.6272120617985271,0.5861519973772713,0.0,1.0,0.0
PMAIP1,0.6916685481690736,1.0,0.0,1.0,0.0
PMEPA1,0.7101080924244247,1.0,1.0,1.0,0.0
PMFBP1,0.6006552071504889,0.5064309547569559,0.0,0.0,0.0
PMM1,0.4945931488671131,0.4277216685552678,1.0,1.0,0.0
PMM2,0.5879798811540209,0.5920889129543364,1.0,1.0,0.0
PMP2,0.48727750549005294,0.12679154197766193,0.0,0.33333333333333326,0.0
PMPCA,0.5760410585773851,0.6718177747372193,1.0,1.0,0.0
PMS1,0.587703445686864,0.5588275711801969,1.0,1.0,0.0
PMVK,0.5101336165808458,0.20493908855447296,0.0,1.0,0.0
PNCK,0.4582531183106533,0.2798978625291331,0.0,1.0,0.0
PNKD,0.477800311086561,0.7385000597302528,0.0,1.0,0.0
PNKP,0.5849493476575646,0.45306647560683555,1.0,1.0,0.0
PNLIPRP1,0.48521103435863333,0.09149605416499697,0.0,1.0,0.0
PNLIPRP2,0.39944419557559624,0.08508337458696347,1.0,1.0,0.0
PNMA1,0.480236228037358,0.521269113870916,0.0,1.0,0.0
PNMA2,0.6052657878741138,0.12526009647977943,0.0,1.0,0.0
PNN,0.5063930669686798,0.286278708532828,0.0,1.0,0.0
PNO1,0.6368998304902712,0.6012678605496183,0.0,1.0,0.0
PNOC,0.4342687467429829,0.25545716497914883,0.0,1.0,0.0
PNPLA7,0.45911926300282085,0.4134048759035965,0.0,1.0,0.0
PNPLA8,0.5527041034862609,0.24410513655115637,0.0,0.33333333333333326,0.0
PNPO,0.5830078936433516,0.4763534090930232,1.0,1.0,0.0
PNPT1,0.633227571323348,1.0,1.0,1.0,0.0
PNRC1,0.4849937179058064,0.15684104854713424,0.0,1.0,0.0
PNRC2,0.48439464280332695,0.9605181440149761,0.0,0.33333333333333326,0.0
POC1A,0.5984720136559845,0.7145302799392925,1.0,1.0,0.0
POC1B,0.6015781614088264,0.3017584393939667,0.0,1.0,0.0
POC5,0.6072369138482978,0.3597479503741751,0.0,1.0,0.0
PODXL,0.6149676059691886,0.9248871603969837,1.0,1.0,0.0
PODXL2,0.6101587659815773,0.3643539771720192,0.0,1.0,0.0
POFUT1,0.626021531376455,1.0,1.0,1.0,0.0
POGK,0.5934519163180744,0.730532395160985,0.0,1.0,0.0
POGLUT1,0.5827886060175026,0.1422089328299447,0.0,1.0,0.0
POGLUT2,0.6416833611722359,1.0,1.0,1.0,0.0
POGLUT3,0.588952376935073,0.2347102755204238,0.0,1.0,0.0
POLA1,0.6478726830754894,1.0,0.0,1.0,0.0
POLA2,0.6115343432629218,0.6213928998685259,1.0,1.0,0.0
POLB,0.6190588724736141,1.0,1.0,1.0,0.0
POLD1,0.5927131033913388,0.629700768834829,1.0,1.0,0.0
POLD2,0.6334431990631507,1.0,1.0,1.0,0.0
POLD3,0.5812504601053039,0.24520415033321252,0.0,0.33333333333333326,0.0
POLD4,0.44561509413336675,0.8097960119766939,1.0,1.0,0.0
POLDIP2,0.572946099857601,0.5128076561027767,1.0,1.0,0.0
POLE,0.5751205284791847,0.23944921664317714,1.0,1.0,0.0
POLE2,0.6230303515147492,0.3094160232980929,1.0,1.0,0.0
POLE3,0.6017347179265405,0.4542927351345442,0.0,1.0,0.0
POLG2,0.5780766756950111,0.737814898360236,1.0,1.0,0.0
POLM,0.5787018981697083,0.2537615511614938,1.0,1.0,0.0
POLQ,0.6166079366714179,0.4433460526461772,1.0,1.0,0.0
POLR1A,0.5906906137022025,0.4963549808355138,1.0,1.0,0.0
POLR1B,0.6402486710943648,0.8082113952801602,0.0,1.0,0.0
POLR1C,0.6300443221204067,1.0,1.0,1.0,0.0
POLR1D,0.6196001681970505,1.0,1.0,1.0,0.0
POLR1E,0.5817471998642729,0.6292734628626816,1.0,1.0,0.0
POLR1F,0.6220358582842768,0.9964566643869776,1.0,1.0,0.0
POLR1G,0.6650740275665054,1.0,1.0,1.0,0.0
POLR1H,0.5898781013914636,1.0,1.0,1.0,0.0
POLR2B,0.5822391614010817,0.2995614964985066,0.0,0.33333333333333326,0.0
POLR2C,0.5779585184683754,0.37424620887898724,1.0,1.0,0.0
POLR2D,0.6103448039252897,0.7408716951772093,1.0,1.0,0.0
POLR2E,0.587124518619265,0.7261652994037746,1.0,1.0,0.0
POLR2F,0.5717694007237153,0.586723575508371,1.0,1.0,0.0
POLR2G,0.5909922407528891,0.3413741157060478,0.0,1.0,0.0
POLR2H,0.5723770476386726,0.2591667173958168,1.0,1.0,0.0
POLR2I,0.5932337400146223,0.7829992523689283,1.0,1.0,0.0
POLR2K,0.5790556925863029,0.5030065127801109,1.0,1.0,0.0
POLR3A,0.6071981396732518,0.2468450544626095,1.0,1.0,0.0
POLR3C,0.5883789173188992,0.6729047964235121,1.0,1.0,0.0
POLR3D,0.5890046732267047,0.5671549267752907,0.0,1.0,0.0
POLR3F,0.6049452232820917,0.43828716792680644,0.0,1.0,0.0
POLR3G,0.6355316325716373,0.7125445089752765,1.0,1.0,0.0
POLR3GL,0.49019625226617763,0.7270864965374404,0.0,1.0,0.0
POLR3H,0.6176883196334624,0.6134536269668662,1.0,1.0,0.0
POLR3K,0.5907884002787986,0.6781034658899419,1.0,1.0,0.0
POLRMT,0.5878911225858842,0.5250261684730017,1.0,1.0,0.0
POM121C,0.6131823566825132,1.0,1.0,1.0,0.0
POM121L12,0.5025119686324246,0.063396197456916,0.0,1.0,0.0
POM121L2,0.4928255806408875,0.2789616995761543,0.0,1.0,0.0
POMGNT1,0.5748098729195541,0.20304518901916532,1.0,1.0,0.0
POMGNT2,0.6223015461560113,0.5420337809016034,1.0,1.0,0.0
POMP,0.5974603907734707,1.0,1.0,1.0,0.0
POMZP3,0.6253198435988334,0.2461543520646613,1.0,1.0,0.0
POP1,0.6217004877044077,1.0,1.0,1.0,0.0
POP7,0.6155335819839577,1.0,1.0,1.0,0.0
POT1,0.6093387670158457,1.0,1.0,1.0,0.0
POU2AF1,0.3911596731795566,0.8429361487947885,1.0,1.0,0.0
POU2AF3,0.4464131595435445,0.7840550161410167,0.0,1.0,0.0
POU2F2,0.506787922133772,0.020539689681790957,0.0,1.0,0.0
POU2F3,0.47587794820095486,0.039941770904252716,0.0,1.0,0.0
PPA1,0.6117525748131487,0.8181539913745737,1.0,1.0,0.0
PPARA,0.4853884411529969,0.45669857843973044,0.0,1.0,0.0
PPARD,0.44121413792883707,0.7543243118929456,0.0,1.0,0.0
PPARGC1A,0.3792666555207495,1.0,1.0,1.0,0.0
PPARGC1B,0.4446098297779201,1.0,1.0,1.0,0.0
PPAT,0.6538764716496418,0.8974726718437107,1.0,1.0,0.0
PPBP,0.777853845261148,0.8817963025195547,1.0,1.0,0.0
PPCS,0.49672702210204067,0.20923531944629115,0.0,1.0,0.0
PPFIBP1,0.5538032722196117,0.33543238519805585,0.0,0.33333333333333326,0.0
PPHLN1,0.6161373999949555,1.0,0.0,1.0,0.0
PPIA,0.5623716936098165,0.6316478514286589,1.0,1.0,0.0
PPIC,0.4832308650133598,0.9930837816239442,0.0,0.33333333333333326,0.0
PPID,0.5860277013091489,0.14667112225257872,0.0,1.0,0.0
PPIF,0.5759202713318912,0.48794658430071963,1.0,1.0,0.0
PPIH,0.612197140345633,1.0,1.0,1.0,0.0
PPIL1,0.6382205417081795,0.7294970641181973,1.0,1.0,0.0
PPIL4,0.5359951315172357,0.11517143943410929,0.0,0.33333333333333326,0.0
PPIL6,0.5581081972506273,0.2847627301630154,0.0,1.0,0.0
PPIP5K1,0.49942918395939573,0.23358504424852417,0.0,1.0,0.0
PPIP5K2,0.48965662116442477,0.43959833752956473,0.0,0.33333333333333326,0.0
PPL,0.6198966050085403,0.5001737998885712,0.0,1.0,0.0
PPM1A,0.43006548375279247,1.0,0.0,1.0,0.0
PPM1B,0.49844745334853546,0.641238400167726,0.0,0.33333333333333326,0.0
PPM1D,0.5490862975053299,0.4821762927091294,0.0,0.33333333333333326,0.0
PPM1F,0.5855280922697759,0.13129427383263373,0.0,1.0,0.0
PPM1G,0.5883048184126849,0.762543908506892,1.0,1.0,0.0
PPM1H,0.7180681315234994,1.0,1.0,1.0,0.0
PPM1L,0.4783279884318807,0.5951961918467256,0.0,1.0,0.0
PPME1,0.5790508689438457,0.4108019753971777,1.0,1.0,0.0
PPOX,0.5764113705233728,0.15604154658977637,0.0,1.0,0.0
PPP1CB,0.4610130309533983,0.41491384839444845,0.0,1.0,0.0
PPP1R10,0.6218559762839654,0.34014350324205705,0.0,0.33333333333333326,0.0
PPP1R12B,0.4215080459173366,0.7749001644558703,1.0,1.0,0.0
PPP1R13L,0.6199059878440414,0.9806201047207084,1.0,1.0,0.0
PPP1R14A,0.4264577541873545,0.4368666873667534,0.0,1.0,0.0
PPP1R14B,0.62153997266278,0.51899915324945,1.0,1.0,0.0
PPP1R14D,0.44989376864758235,1.0,1.0,1.0,0.0
PPP1R16B,0.4072253018626919,1.0,1.0,1.0,0.0
PPP1R1C,0.5316014697576811,0.016988359749338874,0.0,0.33333333333333326,0.0
PPP1R2,0.5420751526227388,0.12594222677036662,0.0,0.33333333333333326,0.0
PPP1R21,0.505260083245269,0.26205447737507187,0.0,0.33333333333333326,0.0
PPP1R26,0.5729935902697703,0.2896931512005146,1.0,1.0,0.0
PPP1R27,0.5098150374093489,0.16082142338301686,0.0,1.0,0.0
PPP1R35,0.6026368368884799,0.9030205465706175,1.0,1.0,0.0
PPP1R36,0.4027244205829398,1.0,0.0,1.0,0.0
PPP1R3C,0.44589448602012977,0.6204122693277473,1.0,1.0,0.0
PPP1R3D,0.5915466593958748,0.5529139199135594,1.0,1.0,0.0
PPP1R8,0.5585974747630236,0.13745477931853997,0.0,0.33333333333333326,0.0
PPP1R9A,0.45349460150150844,0.4014773595518494,0.0,1.0,0.0
PPP1R9B,0.5959599789885898,0.28100122444397796,0.0,1.0,0.0
PPP2CA,0.5411813601184141,0.2857018923812351,0.0,0.33333333333333326,0.0
PPP2CB,0.4556104289909966,1.0,0.0,1.0,0.0
PPP2R2A,0.5773776918778712,0.5203051626349388,0.0,0.33333333333333326,0.0
PPP2R2B,0.4945990830074706,0.1567834436717938,0.0,0.33333333333333326,0.0
PPP2R2C,0.5913887844753923,0.14306986603404528,1.0,1.0,0.0
PPP2R3A,0.4090537918481187,1.0,1.0,1.0,0.0
PPP2R3C,0.48755289423443454,0.9928326066122029,0.0,0.33333333333333326,0.0
PPP2R5D,0.5568673030136152,0.07284654477325186,0.0,0.33333333333333326,0.0
PPP3CB,0.47705406868716005,0.8146951285846913,0.0,0.33333333333333326,0.0
PPP3R1,0.5757828228944563,0.10244992486325187,0.0,1.0,0.0
PPP4C,0.5841409772446745,0.3158477402631547,1.0,1.0,0.0
PPP4R3A,0.5030925600469915,0.44364456197935803,0.0,0.33333333333333326,0.0
PPP6R1,0.5652791005056209,0.22762444780646668,1.0,1.0,0.0
PPP6R3,0.5390061828674464,0.016679778295459448,0.0,0.33333333333333326,0.0
PPRC1,0.6222042380636457,1.0,1.0,1.0,0.0
PPT1,0.611118853566291,0.49811754012299636,0.0,1.0,0.0
PPTC7,0.4877350522449372,0.49055981453242575,0.0,0.33333333333333326,0.0
PRAC1,0.3389584979358293,0.707050519438824,0.0,1.0,0.0
PRADC1,0.4650388925345143,1.0,1.0,1.0,0.0
PRAF2,0.5980220756129822,0.4349849512352124,1.0,1.0,0.0
PRB1,0.5354575141930323,0.03470163620084928,0.0,0.33333333333333326,0.0
PRC1,0.6348760167929237,0.6692825231703672,1.0,1.0,0.0
PRCC,0.5778543269890597,0.5930010761408216,0.0,1.0,0.0
PRDM1,0.4820506083511326,0.35479587449319017,0.0,0.33333333333333326,0.0
PRDM10,0.4986524815675151,0.43060160569719286,0.0,0.33333333333333326,0.0
PRDX1,0.5941638403304489,0.7644082555701378,1.0,1.0,0.0
PRDX2,0.5657865429017522,0.28119786983334527,1.0,1.0,0.0
PRDX4,0.6291792356812972,0.6468065931354914,1.0,1.0,0.0
PRDX6,0.45167699776356934,0.9965471852890527,1.0,1.0,0.0
PREB,0.5935059036261903,0.9129994636794465,1.0,1.0,0.0
PRELID2,0.4827784378753531,0.5957528153965235,0.0,1.0,0.0
PRELID3A,0.628243638192339,0.3918829872729373,0.0,1.0,0.0
PREP,0.5787528966176146,0.14923594601535237,0.0,1.0,0.0
PREPL,0.5765964820871603,0.01749965866545345,0.0,0.33333333333333326,0.0
PREX1,0.4952022153706793,0.21736293521632535,0.0,0.33333333333333326,0.0
PREX2,0.44141499628201925,0.9571587553129498,1.0,1.0,0.0
PRF1,0.5339862495416499,0.22503148216565022,0.0,0.33333333333333326,0.0
PRICKLE2,0.45477658981476166,0.6173811605534177,1.0,1.0,0.0
PRIM1,0.6249768288891439,0.603931141206806,1.0,1.0,0.0
PRIM2,0.5846381742579183,0.4215677922516203,1.0,1.0,0.0
PRIMA1,0.34892079841099205,1.0,1.0,1.0,0.0
PRIMPOL,0.4668459526122825,0.49746554354641853,0.0,1.0,0.0
PRKAA1,0.4981159211931648,0.2860267468408527,0.0,0.33333333333333326,0.0
PRKAA2,0.45932872054709767,0.5818369115837771,0.0,1.0,0.0
PRKACB,0.3820341986035701,1.0,1.0,1.0,0.0
PRKAG2,0.507584249483797,0.33337509956655015,0.0,1.0,0.0
PRKAR1A,0.5607363652573344,0.1501282036297554,1.0,0.33333333333333326,0.0
PRKAR1B,0.625673686090125,0.3779921600917819,0.0,1.0,0.0
PRKAR2B,0.3684790465806881,1.0,1.0,1.0,0.0
PRKCA,0.48956633031871644,0.2297218660095988,0.0,0.33333333333333326,0.0
PRKCB,0.41948276272176976,0.8133669258581088,1.0,1.0,0.0
PRKCD,0.4886840790742311,0.2924328744639607,0.0,1.0,0.0
PRKCSH,0.5750979805637503,0.2610943183628988,0.0,1.0,0.0
PRKD1,0.54675780150742,0.1930521294006985,0.0,0.33333333333333326,0.0
PRKD3,0.5429578839890649,0.4032957943603643,0.0,0.33333333333333326,0.0
PRKDC,0.6174242333499792,0.9517463860252894,1.0,1.0,0.0
PRKG1,0.4797463680209138,0.6881222162046472,0.0,0.33333333333333326,0.0
PRKRA,0.5866074071786733,0.28746331882632636,0.0,0.33333333333333326,0.0
PRMT1,0.6145575405378427,0.9329119680742857,1.0,1.0,0.0
PRMT3,0.650184394182669,0.9437897242710448,1.0,1.0,0.0
PRMT5,0.6016988936604448,0.3277510431563197,0.0,1.0,0.0
PRMT7,0.6065714908504375,0.03047633287860563,0.0,0.33333333333333326,0.0
PRMT8,0.4837969021813249,0.28459838342135,0.0,1.0,0.0
PRMT9,0.5016260005985186,0.23934978237780696,0.0,0.33333333333333326,0.0
PRNP,0.5480046007980505,0.2850646178996734,1.0,0.33333333333333326,0.0
PROC,0.5574872932683631,0.08377447926909741,1.0,0.33333333333333326,0.0
PROCR,0.6364157978877546,0.9095538422122879,1.0,1.0,0.0
PROM1,0.5415860852483434,0.28674862683033225,0.0,0.33333333333333326,0.0
PROM2,0.35991326044338384,1.0,0.0,1.0,0.0
PROS1,0.4503957873244281,0.4929837180960251,0.0,1.0,0.0
PROSER1,0.6376148857581383,1.0,1.0,1.0,0.0
PROSER2,0.6043150885503237,0.29953843856480955,1.0,1.0,0.0
PROX1,0.6528102053713513,1.0,1.0,1.0,0.0
PROZ,0.4955926709908737,0.1406643179900751,0.0,1.0,0.0
PRP4K,0.5769100843382856,0.23244786740318163,0.0,0.33333333333333326,0.0
PRPF18,0.48142279038313657,1.0,0.0,0.33333333333333326,0.0
PRPF19,0.6070711105618682,0.8269034003237934,1.0,1.0,0.0
PRPF3,0.5836475057169648,1.0,1.0,1.0,0.0
PRPF31,0.5803222486537094,1.0,1.0,1.0,0.0
PRPF38B,0.5731211226957053,0.0907208540586604,0.0,0.33333333333333326,0.0
PRPF4,0.6188722820752417,1.0,1.0,1.0,0.0
PRPF40A,0.5811285671689953,0.5877284883615237,1.0,1.0,0.0
PRPF6,0.6226764641729544,1.0,1.0,1.0,0.0
PRPF8,0.5647417449201533,0.10596900774043698,0.0,0.33333333333333326,0.0
PRPS1,0.6204915766196711,0.7278414853647678,1.0,1.0,0.0
PRPS2,0.5970691940946318,0.7225456580921522,1.0,1.0,0.0
PRPSAP1,0.5487507504212564,0.32490387774036833,0.0,0.33333333333333326,0.0
PRPSAP2,0.49937771027137445,0.3047035111371732,0.0,0.33333333333333326,0.0
PRR13,0.4956404488090688,0.2802353483456733,0.0,1.0,0.0
PRR14,0.5658247973393261,0.4120095139633391,1.0,1.0,0.0
PRR5,0.570773750570666,0.1607363613590582,0.0,1.0,0.0
PRR5L,0.47422296163954203,0.8624434807340299,0.0,1.0,0.0
PRR7,0.6490340161329111,0.9592921783313636,1.0,1.0,0.0
PRRC1,0.5070500376813785,0.23139834086010194,0.0,0.33333333333333326,0.0
PRRC2A,0.6148095192748594,1.0,1.0,1.0,0.0
PRRC2B,0.5882438238421809,0.3500661315926041,1.0,1.0,0.0
PRRC2C,0.5908388282139376,0.35892513712829366,0.0,1.0,0.0
PRRG1,0.6190968060616259,0.44701482404658244,0.0,1.0,0.0
PRRG4,0.4688175710804483,1.0,0.0,0.33333333333333326,0.0
PRRT3,0.6038120399867578,0.22467447406061647,0.0,1.0,0.0
PRRX1,0.7107101721239862,0.7160930785200458,0.0,1.0,0.0
PRSS12,0.41634442717878833,1.0,1.0,1.0,0.0
PRSS22,0.5917636665036828,0.4078212539162869,1.0,1.0,0.0
PRSS33,0.6893975503403724,0.62294758992209,0.0,1.0,0.0
PRUNE2,0.5141641659258405,0.3078247799327431,1.0,0.33333333333333326,0.0
PRXL2C,0.620402591978418,0.7817805393500543,0.0,0.33333333333333326,0.0
PSAT1,0.7708785526709641,1.0,1.0,1.0,0.0
PSD3,0.45590658763640607,0.40068465005666853,0.0,1.0,0.0
PSEN1,0.47976804006153684,1.0,0.0,0.33333333333333326,0.0
PSIP1,0.527758249933687,0.2843929382526078,0.0,0.33333333333333326,0.0
PSMA1,0.5792444448215732,0.3504878561145074,1.0,1.0,0.0
PSMA2,0.5818314166133145,0.4241318403568818,1.0,1.0,0.0
PSMA3,0.5850658891279332,0.7083780005978423,0.0,1.0,0.0
PSMA4,0.5692835510663699,0.10315002895854235,0.0,0.33333333333333326,0.0
PSMA5,0.5899657158777409,0.37688222774832136,0.0,1.0,0.0
PSMA7,0.6432187972246827,1.0,1.0,1.0,0.0
PSMB1,0.5781112301795036,0.5705299235590924,1.0,1.0,0.0
PSMB2,0.5988246641043257,0.9505520492692955,1.0,1.0,0.0
PSMB3,0.5798403406953494,0.956361017862409,0.0,1.0,0.0
PSMB4,0.5679788951177149,0.8310494034292573,0.0,1.0,0.0
PSMB5,0.5896543610849654,0.6500290553589847,1.0,1.0,0.0
PSMB6,0.5630469230661915,0.14083407140397775,0.0,1.0,0.0
PSMB7,0.571584352284902,0.20496512117773494,1.0,1.0,0.0
PSMB9,0.6285817037435161,0.7963751649717571,0.0,1.0,0.0
PSMC1,0.5672623473639051,0.2880305584008911,0.0,1.0,0.0
PSMC2,0.6027625845980008,0.9831615748525375,1.0,1.0,0.0
PSMC3IP,0.5875445821619315,0.3596716474287628,1.0,1.0,0.0
PSMC4,0.5762029840866918,0.5223840589548655,1.0,1.0,0.0
PSMC5,0.5540082019287617,0.01413404859062055,0.0,1.0,0.0
PSMC6,0.5705334283920597,0.09933519246191672,0.0,1.0,0.0
PSMD1,0.5804132610258939,0.6910683474466447,1.0,1.0,0.0
PSMD10,0.5884619806311232,0.2640366312306099,0.0,0.33333333333333326,0.0
PSMD12,0.6098280980713624,0.8710140021198268,0.0,1.0,0.0
PSMD13,0.5875581057085778,0.6953770793703131,1.0,1.0,0.0
PSMD14,0.6126095618787161,1.0,1.0,1.0,0.0
PSMD2,0.5734711518932377,0.19182896817196426,1.0,1.0,0.0
PSMD3,0.5708635378839595,0.07963336136176645,0.0,1.0,0.0
PSMD4,0.5784552474871368,0.5349154377647125,1.0,1.0,0.0
PSMD5,0.586780844475322,0.26799911516812075,0.0,1.0,0.0
PSMD6,0.5875802400076864,0.402605510409288,0.0,1.0,0.0
PSMD7,0.5782319204238512,0.33667434167647603,0.0,1.0,0.0
PSMD8,0.5672845746452555,0.8018137607693595,0.0,1.0,0.0
PSME3,0.5928344999440409,0.8722083372582529,1.0,1.0,0.0
PSME4,0.6262679314346611,1.0,0.0,1.0,0.0
PSMF1,0.5709164949483116,0.25310422631162005,0.0,1.0,0.0
PSMG1,0.6196653380959402,1.0,1.0,1.0,0.0
PSMG3,0.6006418215896137,1.0,1.0,1.0,0.0
PSMG4,0.6228427077834507,1.0,1.0,1.0,0.0
PSPC1,0.5678248931509473,1.0,1.0,1.0,0.0
PSPH,0.6443889096572698,0.3581569538382623,0.0,1.0,0.0
PSRC1,0.6198225837766584,1.0,1.0,1.0,0.0
PSTPIP1,0.49108588549820487,0.36251781664237476,0.0,1.0,0.0
PTAR1,0.4996938567725726,0.2952090486320564,0.0,0.33333333333333326,0.0
PTBP1,0.6017916786676678,1.0,1.0,1.0,0.0
PTBP3,0.5861385702124394,0.4550778034727653,0.0,1.0,0.0
PTCD2,0.6084842301931135,0.2975224058994973,0.0,1.0,0.0
PTCD3,0.5894459542431614,0.4798823585752343,1.0,1.0,0.0
PTDSS1,0.602062676284155,1.0,1.0,1.0,0.0
PTDSS2,0.6093586013783451,0.47648695020456033,1.0,1.0,0.0
PTEN,0.4715156196276481,1.0,0.0,0.33333333333333326,0.0
PTGDR,0.31884366340683834,1.0,1.0,1.0,0.0
PTGDR2,0.4681371274401936,0.3407494562816351,1.0,1.0,0.0
PTGER2,0.42489029545770557,1.0,1.0,1.0,0.0
PTGER4,0.40999825793813216,1.0,0.0,1.0,0.0
PTGES,0.6263786929557446,0.5155344577322567,0.0,1.0,0.0
PTGES2,0.5622271305643746,0.15924858953996154,1.0,1.0,0.0
PTGES3,0.5725592157697774,0.5339395064172868,1.0,1.0,0.0
PTGIS,0.46722487568275517,0.7674296972396865,0.0,0.33333333333333326,0.0
PTGR1,0.45756533360632073,0.5338520090855133,0.0,1.0,0.0
PTGR2,0.5907241475071637,0.09997978550945504,0.0,0.33333333333333326,0.0
PTGR3,0.45471559742377515,1.0,0.0,1.0,0.0
PTGS1,0.4316243110330741,0.7786289870309298,0.0,1.0,0.0
PTGS2,0.6614564557268807,0.2903272196164973,0.0,0.33333333333333326,0.0
PTK2,0.590329184917694,1.0,1.0,1.0,0.0
PTK2B,0.46963638758049353,0.8357643376174043,1.0,1.0,0.0
PTK6,0.47980471470946345,0.33679767489700285,0.0,0.33333333333333326,0.0
PTK7,0.6086244008698338,0.46357411783736097,1.0,1.0,0.0
PTMS,0.5663385194254706,0.005305216821072077,0.0,1.0,0.0
PTN,0.4141420798856558,1.0,1.0,1.0,0.0
PTOV1,0.5775900376463525,0.7663266393838,0.0,1.0,0.0
PTP4A1,0.45808928780181773,0.6535842002045397,0.0,1.0,0.0
PTP4A3,0.6923135429763336,1.0,1.0,1.0,0.0
PTPA,0.574075084744704,0.3052696809865256,0.0,1.0,0.0
PTPDC1,0.6163981421144378,0.09294189083447371,0.0,1.0,0.0
PTPMT1,0.5864349792819455,0.652632062332489,1.0,1.0,0.0
PTPN1,0.5893851471198852,0.5897048034625428,0.0,1.0,0.0
PTPN11,0.5950155750934393,0.803258777900009,1.0,1.0,0.0
PTPN12,0.6192592100837211,0.8709549992986078,0.0,1.0,0.0
PTPN13,0.6066599543083593,0.8740270884989934,1.0,1.0,0.0
PTPN14,0.6593967222830224,0.37468634027589426,0.0,0.33333333333333326,0.0
PTPN2,0.5160001657099749,0.051069339060936435,0.0,1.0,0.0
PTPN20,0.4821150975977396,0.03136107475514335,0.0,1.0,0.0
PTPN21,0.41973431771844727,1.0,1.0,1.0,0.0
PTPN22,0.40967337028392936,1.0,0.0,1.0,0.0
PTPN23,0.5765903227972525,0.37369537011252785,1.0,1.0,0.0
PTPN4,0.5665375578246629,0.08957153128973844,0.0,1.0,0.0
PTPN7,0.5229093854643879,0.09629259011649016,0.0,0.33333333333333326,0.0
PTPN9,0.5107717626230036,0.044209797003198506,0.0,1.0,0.0
PTPRA,0.5727977466579671,0.25678640226609606,0.0,1.0,0.0
PTPRB,0.5095156144566341,0.18419151774334502,0.0,0.33333333333333326,0.0
PTPRC,0.44810900982734114,0.5321436212039781,0.0,0.33333333333333326,0.0
PTPRCAP,0.447854703839987,0.47908471700329835,1.0,1.0,0.0
PTPRD,0.47642509511986003,0.09963817590737183,0.0,0.33333333333333326,0.0
PTPRF,0.46476903333556635,0.9260148606440279,0.0,1.0,0.0
PTPRH,0.39744984530162997,0.8685231953182896,1.0,1.0,0.0
PTPRJ,0.5002544864752246,0.12661566944543234,0.0,0.33333333333333326,0.0
PTPRM,0.4891240861511644,0.2797925185776438,0.0,0.33333333333333326,0.0
PTPRN,0.500162466753698,0.05648599320005617,0.0,1.0,0.0
PTPRR,0.3370792396107834,1.0,0.0,1.0,0.0
PTPRS,0.46031151508617635,0.27253632797084426,0.0,1.0,0.0
PTPRZ1,0.42256568394498684,0.5459340419648413,0.0,1.0,0.0
PTRH1,0.6253525835315118,1.0,1.0,1.0,0.0
PTRH2,0.6117571713413908,0.9480418291313654,1.0,1.0,0.0
PTTG1,0.6320674757637721,0.6779802898779695,1.0,1.0,0.0
PTTG1IP,0.4906104611657575,0.7020979332872193,0.0,1.0,0.0
PTX3,0.4136673430891829,1.0,1.0,1.0,0.0
PUF60,0.5856768707685851,0.7844173208032151,1.0,1.0,0.0
PUM1,0.5720560537574524,0.1246367200451474,0.0,1.0,0.0
PUM3,0.6154364185929908,0.7032965731637145,1.0,1.0,0.0
PURA,0.5043175820700047,0.2686093620226017,0.0,0.33333333333333326,0.0
PUS1,0.6504744078120732,1.0,1.0,1.0,0.0
PUS3,0.5843782662394341,0.6917614245278042,0.0,1.0,0.0
PUS7,0.6798705838912463,1.0,1.0,1.0,0.0
PUS7L,0.5931023047206341,0.3263066356741927,1.0,1.0,0.0
PUSL1,0.5827325017625143,0.2323035684501051,1.0,1.0,0.0
PVR,0.5595597883739294,0.20072593127347066,0.0,1.0,0.0
PVRIG,0.48841089855696507,0.22354682053256456,1.0,1.0,0.0
PWP1,0.605097731537298,1.0,1.0,1.0,0.0
PWP2,0.578561488101995,0.24711934037767302,0.0,0.33333333333333326,0.0
PWWP3B,0.4646472515324147,0.09238763641570547,0.0,1.0,0.0
PXDC1,0.6134877344661658,0.27243657601706345,0.0,0.33333333333333326,0.0
PXDN,0.5995327639408773,0.15687806815273647,0.0,1.0,0.0
PXK,0.5226219936195142,0.30188470058110745,1.0,0.33333333333333326,0.0
PXMP2,0.441118465262059,1.0,1.0,1.0,0.0
PXMP4,0.6019906143257943,0.6574124078157906,1.0,1.0,0.0
PXT1,0.48871824141721754,0.12778380402804076,0.0,1.0,0.0
PXYLP1,0.6159481483776177,1.0,1.0,1.0,0.0
PYCR1,0.6439064559639819,1.0,1.0,1.0,0.0
PYCR3,0.6525846717620636,1.0,1.0,1.0,0.0
PYGM,0.4573678340853259,0.3492752950939423,0.0,1.0,0.0
PYGO2,0.558338494316784,0.03652774993342948,0.0,1.0,0.0
PYHIN1,0.5010302491817266,0.012014393094374694,0.0,1.0,0.0
PYROXD1,0.474234278289624,0.5522901789207777,0.0,0.33333333333333326,0.0
PYROXD2,0.4451813484698654,0.6666464480677513,0.0,1.0,0.0
PYY,0.1656886207214201,1.0,1.0,1.0,0.0
PZP,0.4622094044513326,0.5093650759215813,0.0,1.0,0.0
QDPR,0.5817350007131745,0.46099972603461004,0.0,1.0,0.0
QPCT,0.638567132391263,0.8724734893209299,0.0,1.0,0.0
QSER1,0.5591489023088757,0.2177907782984296,1.0,0.33333333333333326,0.0
QSOX2,0.6216298762032938,0.41910357046482005,1.0,1.0,0.0
QTMAN,0.5146352427257924,0.23348332322187276,0.0,1.0,0.0
QTRT1,0.5833090823186082,0.5143282029856516,1.0,1.0,0.0
QTRT2,0.5922038146997451,0.5649695165320981,1.0,1.0,0.0
R3HDM1,0.5897967582298594,0.9688678539140667,1.0,1.0,0.0
R3HDM4,0.57966685470317,1.0,1.0,1.0,0.0
RAB11B,0.4987041871566076,0.15198422654155477,0.0,0.33333333333333326,0.0
RAB11FIP3,0.5933054788789794,0.390269559385753,0.0,1.0,0.0
RAB11FIP5,0.5791989833925408,0.14432606704768927,0.0,1.0,0.0
RAB14,0.5009093077688868,0.2580064166193983,0.0,0.33333333333333326,0.0
RAB15,0.62686350836988,0.8576912923560245,1.0,1.0,0.0
RAB18,0.4790957597986202,1.0,0.0,1.0,0.0
RAB20,0.580920766670057,0.18219289366134103,0.0,1.0,0.0
RAB22A,0.6060460933593822,1.0,0.0,1.0,0.0
RAB23,0.6511026851566577,0.7029831294803867,0.0,0.33333333333333326,0.0
RAB27A,0.4124690867555867,1.0,1.0,1.0,0.0
RAB27B,0.4065625179702053,1.0,0.0,1.0,0.0
RAB29,0.5986278076449815,0.549779163840671,1.0,1.0,0.0
RAB2B,0.4978480175999736,0.5720060090677365,0.0,0.33333333333333326,0.0
RAB30,0.4649668301025185,0.5814163889900175,0.0,0.33333333333333326,0.0
RAB31,0.6250359388734028,0.4781027170745098,0.0,1.0,0.0
RAB33A,0.49191015774736696,0.07814757102335541,0.0,1.0,0.0
RAB35,0.5574576963214585,0.05750302084387128,0.0,1.0,0.0
RAB36,0.6332012403555469,0.4601699089487166,1.0,1.0,0.0
RAB37,0.46949178128392455,0.6329204948050969,0.0,1.0,0.0
RAB3B,0.4633535622399813,0.3113843960247936,0.0,1.0,0.0
RAB3D,0.5897084268732633,0.39046877496926746,1.0,1.0,0.0
RAB5B,0.5086864574887432,0.06674601508540476,0.0,1.0,0.0
RAB7B,0.4867665841797094,0.08955877433125027,0.0,1.0,0.0
RAB8A,0.49467201738542255,0.511141865820816,0.0,1.0,0.0
RAB8B,0.5309626357497759,0.5163257090554993,0.0,0.33333333333333326,0.0
RAB9A,0.4815816800120401,0.5648492794697458,0.0,1.0,0.0
RABEP1,0.4967176946707034,0.4077203766094959,0.0,0.33333333333333326,0.0
RABEPK,0.595086597107419,0.6286336190324906,1.0,1.0,0.0
RABGAP1L,0.5037052222225077,0.5063592004411456,0.0,0.33333333333333326,0.0
RABGEF1,0.6074496528235982,0.29968779804682266,0.0,1.0,0.0
RABGGTB,0.5778558050932774,0.37599225905572764,0.0,1.0,0.0
RABL3,0.49974053560608267,0.3269102107695064,0.0,1.0,0.0
RABL6,0.5851000077215055,0.5748106395756192,0.0,1.0,0.0
RAC1,0.5562116448925357,0.06894220663883947,0.0,1.0,0.0
RAC2,0.5164557701160393,0.20861755111130048,1.0,0.33333333333333326,0.0
RACGAP1,0.6272262282215388,0.7041760980130445,1.0,1.0,0.0
RAD1,0.5862107622584184,0.39236935194068534,1.0,1.0,0.0
RAD17,0.512092098767904,0.2024795187252664,0.0,0.33333333333333326,0.0
RAD18,0.6036052305194413,0.979433439502498,1.0,1.0,0.0
RAD21,0.5653393493185193,0.24031532808520117,1.0,1.0,0.0
RAD23A,0.6116023268226255,0.8646054398048024,1.0,1.0,0.0
RAD50,0.5574060722315649,0.025509721229682113,1.0,1.0,0.0
RAD51,0.5836541613611597,0.326145548831844,1.0,1.0,0.0
RAD51AP1,0.6386188414622763,0.5300120254088544,1.0,1.0,0.0
RAD51B,0.5805675669412959,0.3251300039656142,0.0,0.33333333333333326,0.0
RAD51C,0.6261639398620235,0.2807852846164841,0.0,1.0,0.0
RAD51D,0.581523098122795,0.3813430290945397,1.0,1.0,0.0
RAD54B,0.681836937073737,0.9940323692472054,1.0,1.0,0.0
RAD54L,0.6209100461738237,0.3974078819482356,1.0,1.0,0.0
RAD54L2,0.6227451935551221,0.41456973852645,0.0,0.33333333333333326,0.0
RAD9A,0.5646286608161968,0.1944344118672076,0.0,1.0,0.0
RAE1,0.6528425339123421,1.0,1.0,1.0,0.0
RAF1,0.517828200275618,0.09578391633652256,0.0,0.33333333333333326,0.0
RAI1,0.6019156485126405,0.4833133078131598,1.0,1.0,0.0
RAI2,0.4734959047231915,0.2786858153760592,0.0,1.0,0.0
RALB,0.48928149863195897,0.9682035276400817,0.0,0.33333333333333326,0.0
RALBP1,0.5083963800677814,0.12083102790670404,0.0,0.33333333333333326,0.0
RALGAPA1,0.4737736359424863,0.7595585827777043,0.0,1.0,0.0
RALGAPA2,0.5715116716153041,0.06022704621391218,0.0,1.0,0.0
RALGAPB,0.5827370987874464,0.17509361235011284,0.0,1.0,0.0
RALGPS2,0.5066980337888519,0.07570760416879001,0.0,1.0,0.0
RALY,0.5757841390630091,0.3734753329954817,1.0,1.0,0.0
RAMP1,0.5403985974297656,0.13836512770386108,0.0,0.33333333333333326,0.0
RAN,0.6100622778528186,1.0,1.0,1.0,0.0
RANBP1,0.6204798807178165,0.7728751475126494,1.0,1.0,0.0
RANBP17,0.5990236054072039,0.5132213864191485,1.0,1.0,0.0
RANBP2,0.5826205225047965,0.368566506851869,0.0,0.33333333333333326,0.0
RANBP6,0.5754838502962168,0.15061534653478306,0.0,1.0,0.0
RANGAP1,0.6020498572387514,0.3274471181905435,1.0,1.0,0.0
RAP1A,0.45149999434585014,1.0,0.0,1.0,0.0
RAP1B,0.5042678336085777,0.6126552889441252,0.0,0.33333333333333326,0.0
RAP1GAP,0.49237158675115444,0.031236662123864882,1.0,1.0,0.0
RAP1GAP2,0.4874828915720442,0.643445147760347,0.0,0.33333333333333326,0.0
RAP1GDS1,0.5747054921654132,0.26437566336598406,1.0,1.0,0.0
RAP2A,0.5885950881804094,0.28626945808300397,1.0,1.0,0.0
RAP2C,0.5714074557423876,0.13653315496295718,0.0,1.0,0.0
RAPGEF6,0.512418651227965,0.11004570292290038,0.0,0.33333333333333326,0.0
RAPGEFL1,0.4323641909808561,1.0,1.0,1.0,0.0
RAPH1,0.5602667293311554,0.04472441000318082,0.0,0.33333333333333326,0.0
RARB,0.5340122579722971,0.14561467170702322,0.0,0.33333333333333326,0.0
RARRES1,0.4011404166138726,1.0,0.0,1.0,0.0
RARRES2,0.4562618663641343,0.9708306865057257,1.0,1.0,0.0
RARS1,0.5733551870484564,0.06378422602029865,0.0,1.0,0.0
RASA2,0.5491241947500115,0.02629167498363195,0.0,0.33333333333333326,0.0
RASAL2,0.5780428955241892,0.20699983815836379,0.0,1.0,0.0
RASD2,0.48069167165957283,0.5561155317622097,1.0,1.0,0.0
RASGEF1A,0.5541527509656894,0.1628616142517084,1.0,0.33333333333333326,0.0
RASGRP1,0.4745818184348141,0.2557775134079978,1.0,1.0,0.0
RASGRP3,0.4737809963650404,0.1664014877861773,0.0,1.0,0.0
RASL12,0.49788670790067424,0.14484317361216079,0.0,0.33333333333333326,0.0
RASSF1,0.5848755912946308,0.06931477874697006,0.0,1.0,0.0
RASSF10,0.6404233335256975,0.5260896095843633,0.0,1.0,0.0
RASSF3,0.49651974737803867,0.6552721485669164,0.0,1.0,0.0
RASSF4,0.4715890757736011,0.46548445241991204,0.0,1.0,0.0
RASSF5,0.4785041992813848,0.3162792491454536,0.0,1.0,0.0
RASSF6,0.4068820670397697,1.0,0.0,1.0,0.0
RAVER1,0.5718795924549166,0.2821081195222287,0.0,0.33333333333333326,0.0
RAVER2,0.42596338374481163,1.0,1.0,1.0,0.0
RB1,0.6058867102964687,0.2621336328905061,0.0,1.0,0.0
RB1CC1,0.5808525050889385,0.3831338817027509,0.0,0.33333333333333326,0.0
RBAK,0.5848844329250047,0.3082597746282205,1.0,1.0,0.0
RBBP4,0.5707180214398233,0.05936331844121753,0.0,1.0,0.0
RBBP6,0.5887306852696408,0.14269333474591459,0.0,1.0,0.0
RBBP7,0.5893597908095206,1.0,1.0,1.0,0.0
RBBP9,0.5873605770780482,0.27082694344414465,0.0,0.33333333333333326,0.0
RBCK1,0.6322682449530163,1.0,1.0,1.0,0.0
RBFOX2,0.5446640763277973,0.1190814337780702,1.0,0.33333333333333326,0.0
RBIS,0.5981243306927941,0.972671608724436,1.0,1.0,0.0
RBKS,0.4487450139652774,1.0,1.0,1.0,0.0
RBL1,0.6423775440190304,0.5403761503107228,1.0,1.0,0.0
RBL2,0.5062941275054756,0.2866346843472463,0.0,0.33333333333333326,0.0
RBM10,0.581673887524436,0.4853074833972052,0.0,1.0,0.0
RBM12,0.5988341910245173,0.9891660957172075,0.0,1.0,0.0
RBM12B,0.5712828358951543,0.1372550893562726,1.0,1.0,0.0
RBM14,0.5762394992780044,0.2675204484050843,1.0,1.0,0.0
RBM15,0.6080083899178744,0.6276740796282775,0.0,1.0,0.0
RBM15B,0.5737787985473519,0.19369109398020712,1.0,1.0,0.0
RBM17,0.5643969185759584,0.5010710315847346,1.0,1.0,0.0
RBM19,0.6049804281383838,0.7929202290998097,1.0,1.0,0.0
RBM23,0.528371147060412,0.2261787380818739,1.0,0.33333333333333326,0.0
RBM24,0.3713088977394334,0.8239323312097988,0.0,1.0,0.0
RBM26,0.6018579678559526,0.32190914600143494,1.0,1.0,0.0
RBM27,0.5314706831067126,0.19788038904119812,0.0,0.33333333333333326,0.0
RBM28,0.6321934116850251,0.9926002394859296,1.0,1.0,0.0
RBM33,0.5864109158419908,0.4478479496639856,0.0,1.0,0.0
RBM38,0.5282246030154933,0.29567741810977316,0.0,0.33333333333333326,0.0
RBM39,0.5808448824149606,1.0,1.0,1.0,0.0
RBM4,0.4906320378828396,0.3467584602330851,0.0,0.33333333333333326,0.0
RBM42,0.5917614524574839,1.0,1.0,1.0,0.0
RBM43,0.47177523780623465,0.38479378905590284,0.0,1.0,0.0
RBM45,0.5465910722066577,0.2500367268775299,0.0,0.33333333333333326,0.0
RBM47,0.42985087839784536,0.8428165872714706,0.0,1.0,0.0
RBM7,0.5326025420940179,0.42851251376725163,1.0,0.33333333333333326,0.0
RBMS1,0.5300051317775129,0.26195675578719024,0.0,0.33333333333333326,0.0
RBMS3,0.4474296627175941,0.8300159689900658,1.0,1.0,0.0
RBMX2,0.6045144784340925,0.5466678509316161,1.0,1.0,0.0
RBP1,0.6230897194647038,0.2221607223917736,0.0,1.0,0.0
RBP2,0.6090790914836854,0.2151476120371827,0.0,1.0,0.0
RBP5,0.4278666605802677,0.4587346265709122,0.0,1.0,0.0
RBP7,0.47841735870519586,0.2520318941661412,1.0,1.0,0.0
RBPMS,0.6310688245877271,0.6632422497652318,0.0,1.0,0.0
RC3H2,0.5904080313806815,0.19767024461279384,0.0,0.33333333333333326,0.0
RCAN1,0.43601848922430314,0.782268175792129,0.0,1.0,0.0
RCAN2,0.3834971598705604,1.0,1.0,1.0,0.0
RCBTB1,0.6284563740811638,0.5308218004669605,1.0,1.0,0.0
RCBTB2,0.49245965539540093,0.6021232953755177,0.0,1.0,0.0
RCC1,0.6151108828467986,0.6520221573810671,1.0,1.0,0.0
RCC1L,0.5774051049362485,0.5226482015898096,1.0,1.0,0.0
RCC2,0.607134689281181,1.0,1.0,1.0,0.0
RCCD1,0.5734108094576488,0.4785827875243593,1.0,1.0,0.0
RCHY1,0.4793796033974753,1.0,0.0,0.33333333333333326,0.0
RCL1,0.581938435964987,0.30877447364714583,1.0,1.0,0.0
RCN1,0.655144570568121,1.0,1.0,1.0,0.0
RCN2,0.5787820314282803,0.22167172526863957,1.0,1.0,0.0
RCN3,0.6173516507430327,0.4073421691779732,0.0,1.0,0.0
RCOR1,0.494818762103487,1.0,0.0,1.0,0.0
RCOR3,0.5045457654529871,0.25875636542012953,0.0,0.33333333333333326,0.0
RCSD1,0.4360326459233452,0.9710885037949759,1.0,1.0,0.0
RDH10,0.5742981562570301,0.05418475475993318,0.0,1.0,0.0
RDX,0.458226034437325,0.7186716306641308,0.0,0.33333333333333326,0.0
RECQL,0.6117814969252403,0.8973763714573145,0.0,1.0,0.0
RECQL4,0.6005566196496092,0.4105754935891663,1.0,1.0,0.0
RECQL5,0.5088923430825716,0.11514934741603107,0.0,0.33333333333333326,0.0
REEP1,0.5177813983103512,0.13494635824565887,0.0,0.33333333333333326,0.0
REEP3,0.48786860476877875,0.5927560711719494,0.0,0.33333333333333326,0.0
REEP6,0.6382716531367012,0.799147514465759,1.0,1.0,0.0
REG1A,0.8246840031978779,1.0,1.0,1.0,0.0
REG1B,0.8278646430082902,1.0,0.0,1.0,0.0
REG3A,0.8144897352035065,1.0,0.0,1.0,0.0
REL,0.5519211297942156,0.08496439417372469,1.0,0.33333333333333326,0.0
RELA,0.6044010737945107,0.34875161543526667,0.0,1.0,0.0
RELCH,0.46858486410059086,0.8757035671887542,1.0,1.0,0.0
RELL1,0.4016276092039968,1.0,0.0,1.0,0.0
RELN,0.43448674355947453,1.0,1.0,1.0,0.0
RELT,0.5737145016432381,0.030563752194713655,0.0,1.0,0.0
REM1,0.5086434362980247,0.042258924354002296,0.0,1.0,0.0
REPIN1,0.5870138435525974,0.4481036593918753,1.0,1.0,0.0
REPS1,0.563809790043808,0.03947228201798556,1.0,1.0,0.0
RERG,0.42577424065767894,0.9765617130769481,0.0,1.0,0.0
RERGL,0.359389826238882,1.0,0.0,1.0,0.0
REST,0.5776631896910007,0.01135140058954408,0.0,1.0,0.0
RETNLB,0.3722901230491858,0.7166827124300807,0.0,1.0,0.0
RETREG1,0.43620564866563755,0.3613518617493519,0.0,1.0,0.0
RETSAT,0.4144174208195328,1.0,1.0,1.0,0.0
REV1,0.5611498846678019,0.1294201249005042,1.0,0.33333333333333326,0.0
REX1BD,0.5765981743029192,0.3193445120517895,1.0,1.0,0.0
REXO2,0.6174341685725239,1.0,1.0,1.0,0.0
REXO4,0.5806229476602924,0.7991722301988676,1.0,1.0,0.0
RFC1,0.5683915151489036,0.22845690456647677,0.0,0.33333333333333326,0.0
RFC2,0.5918186298604706,0.31168283905873967,0.0,1.0,0.0
RFC3,0.6840825360148648,1.0,1.0,1.0,0.0
RFC4,0.6233544046340801,0.9208791390486107,1.0,1.0,0.0
RFNG,0.5804702637383017,0.25806176598951897,1.0,1.0,0.0
RFPL1,0.47439670118992033,0.035358869486016006,0.0,1.0,0.0
RFT1,0.6046493445195873,0.38283470151004073,1.0,1.0,0.0
RFWD3,0.636320061971228,1.0,1.0,1.0,0.0
RFX5,0.5911761577330917,0.5306640260729396,0.0,0.33333333333333326,0.0
RFX6,0.3912528329725567,0.824678733320128,0.0,1.0,0.0
RFX7,0.6028934515661256,0.4996439226026257,0.0,1.0,0.0
RFXANK,0.5684667229961957,0.12949490471104544,1.0,1.0,0.0
RFXAP,0.6444152817932952,0.8678205890771178,0.0,1.0,0.0
RGCC,0.6360806238258312,0.3060936900500896,0.0,0.33333333333333326,0.0
RGL2,0.5679581205029296,0.12835038537344104,1.0,1.0,0.0
RGMA,0.4827620271698482,0.793807102480041,0.0,1.0,0.0
RGMB,0.4855499691875293,0.42330840591797336,0.0,0.33333333333333326,0.0
RGP1,0.4893703035126447,0.5374618583881592,0.0,1.0,0.0
RGPD6,0.5035310264575237,0.26460066402753785,0.0,0.33333333333333326,0.0
RGS1,0.5671742738184814,0.38042646084413634,1.0,0.33333333333333326,0.0
RGS10,0.46804013750317824,0.705735857311722,0.0,1.0,0.0
RGS13,0.2773681814322185,1.0,1.0,1.0,0.0
RGS16,0.6637440706182469,0.8159848067195561,1.0,1.0,0.0
RGS18,0.4632138830320334,0.244141920044097,0.0,1.0,0.0
RGS2,0.44091054035116123,0.822144903882829,0.0,1.0,0.0
RGS3,0.5787315221930136,0.12549240041999396,0.0,0.33333333333333326,0.0
RGS4,0.626543273966192,0.264897536121401,0.0,0.33333333333333326,0.0
RGS5,0.5446212387553155,0.07995227635380837,0.0,0.33333333333333326,0.0
RGS9,0.45973602061218927,0.39870571822571704,0.0,1.0,0.0
RHBDD1,0.576737548347989,0.7173958470873119,0.0,0.33333333333333326,0.0
RHBDD2,0.5688716779166019,0.2516363932506703,1.0,1.0,0.0
RHBDF1,0.6038806585029668,0.8792952150231199,1.0,1.0,0.0
RHBDF2,0.6217121873157442,1.0,1.0,1.0,0.0
RHBDL2,0.3639159001737697,1.0,1.0,1.0,0.0
RHEB,0.6201482788296152,1.0,1.0,1.0,0.0
RHEBL1,0.6190369536538165,0.638005497401909,1.0,1.0,0.0
RHNO1,0.5937225833412447,0.9138061770683724,0.0,1.0,0.0
RHOB,0.5643029490866948,0.7086394683680856,0.0,0.33333333333333326,0.0
RHOBTB1,0.5924513342941148,0.4841194823931187,1.0,1.0,0.0
RHOC,0.4810453471846868,0.452079191447383,0.0,1.0,0.0
RHOD,0.5991271584243885,0.2472809479193237,0.0,1.0,0.0
RHOF,0.4490524302288433,0.7341106006111774,1.0,1.0,0.0
RHOH,0.43203940787245504,0.4292250402814277,0.0,1.0,0.0
RHOJ,0.504546522149456,0.19063041139305395,0.0,0.33333333333333326,0.0
RHOQ,0.6197852888695962,0.4920516423489093,0.0,0.33333333333333326,0.0
RHOT1,0.5940985210112562,0.452748927363659,0.0,1.0,0.0
RHOU,0.43338126062104493,1.0,1.0,1.0,0.0
RHPN1,0.5947459572066048,0.17140135851094732,0.0,1.0,0.0
RHPN2,0.5618426375115497,0.08589208856709392,0.0,0.33333333333333326,0.0
RIC1,0.5003434388825377,0.3767729854703014,0.0,0.33333333333333326,0.0
RIC3,0.5019950010473253,0.011605075927491344,0.0,1.0,0.0
RICTOR,0.5728560383684718,0.033100711459427556,0.0,0.33333333333333326,0.0
RIF1,0.6281268058595348,0.1444201037586372,0.0,1.0,0.0
RIIAD1,0.6717472105954533,0.4984919948392701,0.0,1.0,0.0
RILP,0.45746788174781056,1.0,1.0,1.0,0.0
RILPL1,0.5974940182031829,0.47983990033516577,1.0,1.0,0.0
RILPL2,0.6035770016788512,0.4572954917203391,0.0,1.0,0.0
RIMBP2,0.49523554992389746,0.11339100046283046,0.0,1.0,0.0
RIMBP3B,0.5135416510293808,0.06713326306855151,0.0,1.0,0.0
RIMKLB,0.4689447608842647,0.2806546723807637,0.0,1.0,0.0
RIMS3,0.4282187312449942,1.0,1.0,1.0,0.0
RINT1,0.5931100880094451,0.45277784679872035,0.0,1.0,0.0
RIOK1,0.5962448554789515,1.0,1.0,1.0,0.0
RIOK3,0.42537673800345266,1.0,1.0,1.0,0.0
RIOX1,0.5837235677080674,0.6847320224152966,1.0,1.0,0.0
RIOX2,0.5894653213873267,0.5705310396790249,0.0,1.0,0.0
RIPK1,0.48898928016312354,0.5727183033314543,0.0,0.33333333333333326,0.0
RIPK2,0.6654623646416061,1.0,1.0,1.0,0.0
RIPK3,0.47173820470596106,0.6876250313610109,1.0,1.0,0.0
RIPK4,0.5860308324413053,0.35892482460402425,1.0,1.0,0.0
RIPOR2,0.45813380318789604,0.4137365485319472,0.0,0.33333333333333326,0.0
RIPOR3,0.4892948639096002,0.0972763155273559,0.0,0.33333333333333326,0.0
RIPPLY3,0.6045446463404865,0.5909478282469973,1.0,1.0,0.0
RIT1,0.49127825643567424,0.8631634099670293,1.0,1.0,0.0
RITA1,0.5898632121925802,0.2903467313258172,0.0,1.0,0.0
RLF,0.5681222349542233,0.10052008782541942,0.0,0.33333333333333326,0.0
RLIG1,0.5998426647826535,0.7036168172325239,1.0,1.0,0.0
RLIM,0.5807136708189976,0.7752912022793109,1.0,1.0,0.0
RLN2,0.6185035662099131,0.7398610040600457,1.0,1.0,0.0
RMC1,0.5196174105482154,0.5499569571185356,1.0,0.33333333333333326,0.0
RMDN2,0.3850124954147884,1.0,1.0,1.0,0.0
RMI2,0.594126126646088,0.5865700383217242,1.0,1.0,0.0
RMND5A,0.49067653862948724,0.7138486963803768,1.0,1.0,0.0
RMP64,0.5810024266448305,0.3973283704495813,1.0,1.0,0.0
RNASE1,0.4290184053025554,0.5977925698026585,1.0,1.0,0.0
RNASE4,0.47598868888978124,0.5422540816662935,0.0,1.0,0.0
RNASE6,0.4629520571765812,0.6602442617205866,0.0,0.33333333333333326,0.0
RNASEH1,0.581479720047966,0.6026485771286126,1.0,1.0,0.0
RNASEH2A,0.662992014076981,1.0,1.0,1.0,0.0
RNASEH2B,0.5923630771772208,0.6938032135703568,1.0,1.0,0.0
RNASEH2C,0.5826830130671303,0.13672515381484257,0.0,1.0,0.0
RNASEL,0.44135000402867325,1.0,1.0,1.0,0.0
RNASET2,0.577170242364087,0.13758897832551215,0.0,1.0,0.0
RND3,0.4818176784095309,0.4610573631512868,0.0,0.33333333333333326,0.0
RNF103,0.47900282268610667,0.8746294921834227,0.0,0.33333333333333326,0.0
RNF11,0.45449255082894424,1.0,0.0,0.33333333333333326,0.0
RNF112,0.3891984050678262,1.0,0.0,1.0,0.0
RNF113A,0.5854470782956184,1.0,1.0,1.0,0.0
RNF114,0.6015925237447047,1.0,1.0,1.0,0.0
RNF115,0.599965262119575,1.0,0.0,0.33333333333333326,0.0
RNF125,0.36620731889377955,1.0,1.0,1.0,0.0
RNF126,0.5639864653130643,0.31160867225696076,1.0,1.0,0.0
RNF128,0.5624188990293584,0.051578447931075334,0.0,0.33333333333333326,0.0
RNF13,0.5468543052926486,0.25832462866734424,0.0,0.33333333333333326,0.0
RNF130,0.5494909091311937,0.15910745460754463,1.0,0.33333333333333326,0.0
RNF138,0.45134708492529557,1.0,0.0,1.0,0.0
RNF14,0.4846088845725272,0.9941353911954327,0.0,0.33333333333333326,0.0
RNF144A,0.44074637033689235,1.0,0.0,1.0,0.0
RNF144B,0.4901518392553057,0.288643367051628,0.0,0.33333333333333326,0.0
RNF146,0.5091797315409783,0.33578037028954943,0.0,0.33333333333333326,0.0
RNF149,0.5704397798025627,0.45958305742973743,1.0,1.0,0.0
RNF150,0.4675532470520383,0.2646110513414678,0.0,1.0,0.0
RNF152,0.4092909745715585,0.9111547354995975,0.0,1.0,0.0
RNF166,0.558524984915553,0.04010894750446212,0.0,1.0,0.0
RNF167,0.5180221703038306,0.08724432966785779,1.0,1.0,0.0
RNF182,0.6226794122301388,0.26450732761430684,1.0,1.0,0.0
RNF183,0.6719065091975417,0.8905153484225228,1.0,1.0,0.0
RNF186,0.416071019572029,0.7055320300725864,0.0,0.33333333333333326,0.0
RNF187,0.6018778963500931,0.8312565172692682,1.0,1.0,0.0
RNF19A,0.48362419907764426,0.6192430712502398,0.0,0.33333333333333326,0.0
RNF19B,0.4951294339576666,0.13627928229081418,0.0,1.0,0.0
RNF20,0.5652854098619724,0.048943478494354604,0.0,0.33333333333333326,0.0
RNF213,0.6161674993868909,0.42256619638599435,0.0,1.0,0.0
RNF216,0.5672136157445382,0.29241671429443966,0.0,1.0,0.0
RNF220,0.5763754343402753,0.2550529647461047,1.0,1.0,0.0
RNF24,0.6268432563256232,0.6053862704709446,1.0,1.0,0.0
RNF25,0.6249475945361243,0.2888443508096104,0.0,1.0,0.0
RNF32,0.5299628666470375,0.11494868657101044,1.0,0.33333333333333326,0.0
RNF38,0.49972953034103823,0.3222650739078235,0.0,0.33333333333333326,0.0
RNF39,0.5911380844780879,0.23214340672723177,1.0,1.0,0.0
RNF40,0.5717734101810884,0.17577931602505056,1.0,1.0,0.0
RNF41,0.586531828974848,0.5683005280780625,0.0,1.0,0.0
RNF43,0.7238477844057679,1.0,1.0,1.0,0.0
RNF44,0.5973052141760481,0.26598887750919364,0.0,1.0,0.0
RNF6,0.5897451619710163,0.27790863222003337,0.0,1.0,0.0
RNF7,0.5012391795261552,0.8494867735022371,0.0,0.33333333333333326,0.0
RNF8,0.5999809591565609,0.9085867981557084,1.0,1.0,0.0
RNFT1,0.4919241098391332,0.33281224015469435,0.0,0.33333333333333326,0.0
RNFT2,0.6379183967758922,0.19979257444162044,0.0,0.33333333333333326,0.0
RNLS,0.4701912848036661,0.6409498787514831,0.0,0.33333333333333326,0.0
RNPS1,0.6086175254651863,1.0,1.0,1.0,0.0
ROBO1,0.6466431708178253,0.538106279432187,0.0,0.33333333333333326,0.0
ROBO2,0.6365514377270496,0.5129641165159009,1.0,1.0,0.0
ROBO3,0.516583265843225,0.19495900913280761,0.0,0.33333333333333326,0.0
ROCK1,0.5020161597707624,0.31195946419602133,0.0,0.33333333333333326,0.0
ROGDI,0.49258860290307793,0.3863016941166383,1.0,1.0,0.0
ROMO1,0.5862070898821048,1.0,1.0,1.0,0.0
ROPN1B,0.4751427438290525,0.2979289845892049,0.0,1.0,0.0
ROR1,0.4359225378787267,0.846981326823556,1.0,1.0,0.0
ROR2,0.5124087193366047,0.09838462738211479,0.0,0.33333333333333326,0.0
RORA,0.45548497170753705,0.9056842529244655,0.0,1.0,0.0
RORC,0.4903985892837962,0.2640235904811746,0.0,1.0,0.0
RP9,0.5934640130353241,0.8839573488323822,0.0,1.0,0.0
RPA1,0.5536150301843457,0.05943192649016186,0.0,0.33333333333333326,0.0
RPA2,0.5783422779580951,0.2854925619064932,0.0,0.33333333333333326,0.0
RPA3,0.607335041565808,0.9398353284457891,1.0,1.0,0.0
RPAIN,0.5749184666151893,0.3128317458113509,0.0,0.33333333333333326,0.0
RPAP1,0.5717419497290965,0.1546738973239396,1.0,1.0,0.0
RPAP2,0.5746836195823486,0.3462604452098602,1.0,1.0,0.0
RPAP3,0.6173741927666305,0.5797510855057777,0.0,1.0,0.0
RPE,0.5977828425315128,0.6175010587716014,1.0,1.0,0.0
RPF2,0.6341269309971928,1.0,1.0,1.0,0.0
RPGR,0.5968888430508921,0.5472800779526692,0.0,1.0,0.0
RPGRIP1L,0.6326360308517311,0.820075544221838,1.0,1.0,0.0
RPIA,0.6010746060259442,1.0,1.0,1.0,0.0
RPL14,0.5538447824408773,0.19616746605497468,1.0,1.0,0.0
RPL15,0.5414234798369219,0.39082913421047105,0.0,0.33333333333333326,0.0
RPL19,0.5441813006467958,0.5150400889212722,0.0,0.33333333333333326,0.0
RPL22L1,0.6293570662816055,1.0,1.0,1.0,0.0
RPL24,0.5424589086103246,0.18085317253748792,1.0,0.33333333333333326,0.0
RPL26L1,0.5923895702325538,0.4761382137870495,0.0,1.0,0.0
RPL27,0.5520445339562465,0.11418393486005685,0.0,0.33333333333333326,0.0
RPL3,0.5255825843311344,0.3557626496243178,0.0,0.33333333333333326,0.0
RPL34,0.5121173607580266,0.38683739366264824,0.0,1.0,0.0
RPL36,0.5868897722709551,0.7151780180482433,1.0,1.0,0.0
RPL36AL,0.5065297060122224,0.27030922373912303,1.0,1.0,0.0
RPL38,0.5547441745800541,0.1996436655919014,0.0,1.0,0.0
RPL7,0.5428126292275632,0.18403629142858155,1.0,0.33333333333333326,0.0
RPL7L1,0.615018868994729,1.0,1.0,1.0,0.0
RPL8,0.5475778566359198,0.7467259421625743,1.0,0.33333333333333326,0.0
RPLP1,0.5394553387727207,0.15935141134249303,0.0,0.33333333333333326,0.0
RPN2,0.6250542614547989,1.0,1.0,1.0,0.0
RPP25,0.5914550118673185,0.5509587386562682,1.0,1.0,0.0
RPP30,0.5825512965696582,0.17314835182815116,0.0,1.0,0.0
RPP40,0.65973219385488,0.9755895217342778,1.0,1.0,0.0
RPRD1B,0.5799856324983045,0.6386081075486082,1.0,1.0,0.0
RPS14,0.5210849866838869,0.42777548858218983,0.0,0.33333333333333326,0.0
RPS15,0.5547775368748555,0.2517715267965561,0.0,1.0,0.0
RPS15A,0.5299009954247201,0.37922932010635996,0.0,0.33333333333333326,0.0
RPS16,0.5462626250280183,0.04508015826423515,0.0,1.0,0.0
RPS19,0.5628348805537413,0.2912769945323255,0.0,1.0,0.0
RPS21,0.5783515263256963,0.4601657107074449,1.0,1.0,0.0
RPS27,0.524107718993799,0.279766498093193,0.0,1.0,0.0
RPS27L,0.5058434545163812,0.4123580507654731,0.0,0.33333333333333326,0.0
RPS29,0.5263736281398989,0.17331346709756235,0.0,1.0,0.0
RPS3,0.5415549392858291,0.3627487713674806,0.0,0.33333333333333326,0.0
RPS4X,0.5418456792493445,0.2064017161972202,0.0,0.33333333333333326,0.0
RPS5,0.5627964125511837,0.12658387381014174,0.0,1.0,0.0
RPS6KA1,0.48945164342728303,0.31518751735354383,1.0,1.0,0.0
RPS6KA4,0.5646029442135122,0.05948239655810108,1.0,1.0,0.0
RPS6KA5,0.4642869353446985,0.6081171056596897,0.0,1.0,0.0
RPS6KA6,0.44379841368745065,0.8830971066696951,1.0,1.0,0.0
RPS6KB2,0.5771877342056695,0.21125119151711996,0.0,1.0,0.0
RPS6KC1,0.5813802565845921,0.5435084890134002,0.0,0.33333333333333326,0.0
RPS6KL1,0.5622992389585773,0.0385501313262418,0.0,1.0,0.0
RPS7,0.5621923436772077,0.4388378110627099,0.0,0.33333333333333326,0.0
RPUSD1,0.5715297504900371,0.42094552512141536,0.0,1.0,0.0
RPUSD2,0.5690397004522282,0.13786521951241473,1.0,1.0,0.0
RPUSD3,0.565681953357689,0.3285474106312223,1.0,1.0,0.0
RPUSD4,0.5948027983189987,0.5266573129561336,1.0,1.0,0.0
RRAS,0.5610164490855113,0.1786243730586352,0.0,0.33333333333333326,0.0
RRAS2,0.47131567980075595,0.8883012954442744,0.0,0.33333333333333326,0.0
RRM1,0.5921030406665064,0.5142945129146437,1.0,1.0,0.0
RRM2,0.6526774166856981,0.6735098132093864,1.0,1.0,0.0
RRP12,0.6742181674254578,0.9945680724844774,0.0,0.33333333333333326,0.0
RRP15,0.6101894520580899,0.4433802758935922,1.0,1.0,0.0
RRP1B,0.6251650551503861,1.0,1.0,1.0,0.0
RRP36,0.5764681556967743,0.5071352338449214,1.0,1.0,0.0
RRP7A,0.5863711043583002,0.9903896825843395,1.0,1.0,0.0
RRP8,0.5649641958513709,0.1194849439403792,1.0,1.0,0.0
RRP9,0.6409650882127803,1.0,1.0,1.0,0.0
RRS1,0.6266990923540191,0.9251397222299474,1.0,1.0,0.0
RSBN1,0.4960936514188768,0.22625872415916792,0.0,0.33333333333333326,0.0
RSL1D1,0.5913610085007731,1.0,1.0,1.0,0.0
RSL24D1,0.5792298154347413,0.07759173371708601,0.0,0.33333333333333326,0.0
RSPH3,0.4854054393648191,0.4334206438134409,0.0,1.0,0.0
RSPO2,0.39454820482205694,1.0,1.0,1.0,0.0
RSRC1,0.6216773117906366,0.4475338458982537,1.0,1.0,0.0
RSU1,0.5552242111179,0.1943853151737987,0.0,0.33333333333333326,0.0
RTEL1,0.623672168210655,0.5831529523402981,0.0,1.0,0.0
RTF2,0.5975854128649821,1.0,1.0,1.0,0.0
RTKN,0.6519310219895934,1.0,1.0,1.0,0.0
RTL10,0.600867864470695,0.31940546695605226,1.0,1.0,0.0
RTN1,0.37108059363646706,1.0,0.0,1.0,0.0
RTN2,0.5822113067170155,0.1360784800962708,0.0,1.0,0.0
RTN3,0.5431840652147082,0.48380914602599373,0.0,0.33333333333333326,0.0
RTN4,0.506009854032293,0.7828917960111466,0.0,0.33333333333333326,0.0
RTN4IP1,0.49367784970079653,0.11740046759325812,0.0,0.33333333333333326,0.0
RTP4,0.48466588876345346,0.32533833334009227,0.0,0.33333333333333326,0.0
RTTN,0.5569188624136158,0.03396601633736884,0.0,0.33333333333333326,0.0
RUBCN,0.5080379521083446,0.2961567470511694,0.0,0.33333333333333326,0.0
RUBCNL,0.6902560459202305,1.0,0.0,1.0,0.0
RUFY2,0.49210377537649924,0.4999034976341607,1.0,1.0,0.0
RUNDC3B,0.3320008905133599,1.0,1.0,1.0,0.0
RUSF1,0.575857886550893,0.2368263957934826,1.0,1.0,0.0
RUVBL1,0.6524850853277073,1.0,1.0,1.0,0.0
RUVBL2,0.6167275883834998,1.0,1.0,1.0,0.0
RWDD2A,0.5840758916770431,0.5028749695632309,1.0,1.0,0.0
RXRA,0.47685017305933797,0.7271302640062857,0.0,1.0,0.0
RXYLT1,0.5713463477125817,0.21461210890670163,1.0,1.0,0.0
RYK,0.5825515379416222,0.43670279140112633,0.0,1.0,0.0
S100A11,0.6696255299616279,1.0,1.0,1.0,0.0
S100A12,0.602938165460412,0.08014230764506644,0.0,0.33333333333333326,0.0
S100A14,0.43586587561805845,1.0,1.0,1.0,0.0
S100A2,0.7534607205372799,1.0,1.0,1.0,0.0
S100A3,0.5697835812051013,0.15798202013036478,0.0,1.0,0.0
S100A8,0.6815472410364424,1.0,0.0,0.33333333333333326,0.0
S100A9,0.7691805031357688,0.717339682445187,0.0,1.0,0.0
S100P,0.7127114616152973,0.8793182016872673,1.0,1.0,0.0
S100PBP,0.5530248093964985,0.20266005150230404,1.0,0.33333333333333326,0.0
S1PR1,0.48657778944959895,0.42652190937009876,0.0,1.0,0.0
S1PR2,0.5971768202467312,0.13268361973622583,0.0,0.33333333333333326,0.0
S1PR3,0.6379277730579664,0.6871769585369175,0.0,0.33333333333333326,0.0
SAA2,0.6305001812858124,0.6172151506405749,1.0,1.0,0.0
SAAL1,0.5937352265828135,0.5189669600820987,0.0,1.0,0.0
SAC3D1,0.595898903774096,0.7078813640679897,1.0,1.0,0.0
SACK1B,0.4774720915482497,0.5543394897172711,0.0,0.33333333333333326,0.0
SACK1D,0.6709443040791255,1.0,1.0,1.0,0.0
SACK1E,0.43752321904509645,0.8685087722537969,1.0,1.0,0.0
SACK1H,0.6406639849085038,1.0,1.0,1.0,0.0
SACM1L,0.49365287753000653,1.0,1.0,1.0,0.0
SACS,0.6353129985997245,0.29778123525919714,0.0,0.33333333333333326,0.0
SAE1,0.5898535986730423,1.0,1.0,1.0,0.0
SAFB,0.5693285239837028,0.3203139059100488,1.0,1.0,0.0
SAFB2,0.5636681791101495,0.092138710161335,0.0,0.33333333333333326,0.0
SALL1,0.4293637419144887,0.4045314796480499,0.0,1.0,0.0
SALL4,0.6872821603085624,0.6835532575240657,0.0,1.0,0.0
SAMD10,0.5766868615064283,0.11322305635990004,0.0,1.0,0.0
SAMD13,0.42746325080814007,1.0,1.0,1.0,0.0
SAMD3,0.5336542528569076,0.10148836667235295,1.0,0.33333333333333326,0.0
SAMD8,0.5562838499150958,0.24317494887790553,1.0,0.33333333333333326,0.0
SAMD9,0.4095644063651667,1.0,0.0,1.0,0.0
SAMD9L,0.4571695111006179,0.38149501123825563,0.0,0.33333333333333326,0.0
SAMM50,0.5149872082194754,0.23676893194159768,0.0,1.0,0.0
SAMSN1,0.44179542615165435,0.47486291423356614,0.0,1.0,0.0
SAMTOR,0.5796016185645715,0.17007467137435708,0.0,0.33333333333333326,0.0
SAP18,0.588425425283973,1.0,0.0,1.0,0.0
SAP30,0.6259054298794882,0.40596814419783217,0.0,1.0,0.0
SAP30BP,0.5286311390378193,0.15380716187019264,0.0,0.33333333333333326,0.0
SAP30L,0.48209479342148337,1.0,0.0,1.0,0.0
SAPCD2,0.666612319678748,1.0,1.0,1.0,0.0
SAR1A,0.5684578607709133,0.02665815935750095,0.0,0.33333333333333326,0.0
SAR1B,0.48169310441919067,0.77922936327811,0.0,0.33333333333333326,0.0
SARAF,0.47609370142125196,1.0,0.0,0.33333333333333326,0.0
SARDH,0.5029816761071964,0.03501998454405648,0.0,1.0,0.0
SARNP,0.5745217806907984,0.21797414671402782,0.0,1.0,0.0
SARS2,0.5677958938630779,0.1883117499083696,1.0,1.0,0.0
SART3,0.5927145282460954,0.27311975456952114,1.0,1.0,0.0
SASH1,0.4894982857810483,0.5771287429595315,1.0,1.0,0.0
SASH3,0.4874931299007611,0.20672185103742033,1.0,1.0,0.0
SASS6,0.5864344876391605,0.3503055330928854,0.0,1.0,0.0
SAT1,0.5463566173591018,0.038121389774542845,0.0,0.33333333333333326,0.0
SAT2,0.49979473864633245,0.22177061052348832,0.0,1.0,0.0
SATB1,0.48501263977293746,0.28790393032096034,1.0,1.0,0.0
SATB2,0.46126403058395304,0.6108897753467258,0.0,1.0,0.0
SAXO5,0.6036692570749035,0.27545042240970213,1.0,1.0,0.0
SBF1,0.5864805582594776,0.2885694091409384,0.0,0.33333333333333326,0.0
SBK1,0.61579644440207,0.15660625988755816,0.0,1.0,0.0
SBNO2,0.6137882357095042,0.42707688259771964,1.0,1.0,0.0
SBSPON,0.6309294147490662,0.34608664195849037,1.0,1.0,0.0
SCAF4,0.5536064382357408,0.2814464917022544,1.0,0.33333333333333326,0.0
SCAF8,0.5624630081086833,0.45883448017692496,0.0,0.33333333333333326,0.0
SCAMP1,0.5585876872427051,0.2783066789757943,1.0,0.33333333333333326,0.0
SCAMP2,0.4831169124428799,0.7382294459763965,1.0,1.0,0.0
SCAMP3,0.5944769396797774,0.4495187944628993,0.0,1.0,0.0
SCAMP4,0.5976446446677279,0.39592183505241807,0.0,1.0,0.0
SCAND1,0.5988315116890718,0.9588411667823867,1.0,1.0,0.0
SCAPER,0.4472138343724027,1.0,0.0,1.0,0.0
SCARA3,0.5028948598528838,0.11437644660261047,0.0,1.0,0.0
SCARA5,0.2536209905921279,1.0,1.0,1.0,0.0
SCARB1,0.6438213682361655,0.5788002370814067,1.0,1.0,0.0
SCARB2,0.4901550846573216,0.5623160124772302,0.0,1.0,0.0
SCCPDH,0.5748520011495497,0.32745588952686105,0.0,1.0,0.0
SCD,0.7114629221764123,1.0,1.0,1.0,0.0
SCFD1,0.5013791012948121,0.3653805201984729,0.0,0.33333333333333326,0.0
SCG2,0.37425455661383084,1.0,1.0,1.0,0.0
SCGB2A1,0.2814043269214453,1.0,1.0,1.0,0.0
SCGN,0.32801921387634536,1.0,1.0,1.0,0.0
SCIN,0.3307364065303066,1.0,1.0,1.0,0.0
SCLY,0.6179228232054105,0.5422315903763607,1.0,1.0,0.0
SCMH1,0.5384959510259667,0.05736201367811435,0.0,0.33333333333333326,0.0
SCML1,0.6211583891190395,0.6372754115415746,1.0,1.0,0.0
SCML2,0.5851557176340046,0.5268896509951451,1.0,1.0,0.0
SCML4,0.5364472689137714,0.2506103701775505,0.0,0.33333333333333326,0.0
SCN1B,0.4935769535629953,0.3397568349920597,0.0,1.0,0.0
SCN3A,0.42814693273394655,0.9312834775077964,0.0,0.33333333333333326,0.0
SCN4B,0.43278415891770816,0.960702445887802,1.0,1.0,0.0
SCN5A,0.5012716620064095,0.06554008196432935,0.0,1.0,0.0
SCN7A,0.26919242534844573,1.0,1.0,1.0,0.0
SCN9A,0.3660710001618466,1.0,1.0,1.0,0.0
SCNN1B,0.24350942316082927,1.0,1.0,1.0,0.0
SCO1,0.46946766035028825,1.0,0.0,0.33333333333333326,0.0
SCOC,0.49385243636707027,0.9204998421868362,0.0,0.33333333333333326,0.0
SCP2,0.4628000602646499,1.0,0.0,1.0,0.0
SCPEP1,0.5290378906046233,0.21342548962388252,0.0,0.33333333333333326,0.0
SCRIB,0.6003021849652406,0.5307235782797767,1.0,1.0,0.0
SCRN1,0.6775064845502722,0.9066781464599053,0.0,1.0,0.0
SCUBE2,0.34964881932209924,1.0,1.0,1.0,0.0
SCUBE3,0.5865563048590777,0.36291960310043037,0.0,0.33333333333333326,0.0
SCYL1,0.574678016533102,0.07692012753119899,0.0,0.33333333333333326,0.0
SCYL2,0.47033265305803046,1.0,0.0,0.33333333333333326,0.0
SDAD1,0.5897259199592666,0.29710342213609164,1.0,1.0,0.0
SDC1,0.5616309442523799,0.082505133203124,0.0,1.0,0.0
SDC4,0.586175523224537,0.6993166044702278,1.0,1.0,0.0
SDCBP,0.5446350321683165,0.19699064390238166,0.0,0.33333333333333326,0.0
SDE2,0.5910796605958195,0.27997979753041796,0.0,1.0,0.0
SDF2,0.5089008981561522,0.5530247302776352,0.0,1.0,0.0
SDF2L1,0.5693570736965189,0.13819688100338165,0.0,0.33333333333333326,0.0
SDHA,0.48785353835797296,0.5105511405084115,1.0,1.0,0.0
SDHAF4,0.6014370177285546,0.41446912508729655,1.0,1.0,0.0
SDHB,0.48536760442894394,1.0,1.0,1.0,0.0
SDHD,0.4519979856794403,1.0,0.0,0.33333333333333326,0.0
SDR16C5,0.4192022895124643,0.3380919334330273,0.0,0.33333333333333326,0.0
SEC11C,0.48611099651555356,0.16002575702197855,0.0,1.0,0.0
SEC13,0.5662524425755787,0.37380985008590073,0.0,1.0,0.0
SEC14L1,0.5103888275090094,0.13003519481187972,0.0,0.33333333333333326,0.0
SEC14L5,0.5027810155122873,0.1905640576712992,0.0,1.0,0.0
SEC16A,0.5888568219732416,1.0,0.0,1.0,0.0
SEC16B,0.627043243862828,0.4186889370994288,0.0,1.0,0.0
SEC22A,0.5481058853319554,0.10869090528216839,0.0,0.33333333333333326,0.0
SEC22C,0.5831679612866705,0.10807633293026034,0.0,0.33333333333333326,0.0
SEC23A,0.4754336921936977,0.526900891681193,0.0,0.33333333333333326,0.0
SEC23B,0.5891725066080823,0.2336337266928205,0.0,1.0,0.0
SEC24B,0.49542602658424767,0.7081243191718891,0.0,0.33333333333333326,0.0
SEC31A,0.5140707848372363,0.10530696105805258,0.0,0.33333333333333326,0.0
SEC31B,0.4703026293137965,0.2599538458337635,0.0,1.0,0.0
SEC61A1,0.5809739959101893,0.5540287040227956,1.0,1.0,0.0
SEC61B,0.5720489958997901,0.45975192831329575,0.0,1.0,0.0
SEC61G,0.5682486545014195,0.6351602079966554,1.0,1.0,0.0
SEC62,0.5418280995087119,0.2799068450480501,0.0,0.33333333333333326,0.0
SEC63,0.6175675564062215,0.39189646402718986,0.0,0.33333333333333326,0.0
SECISBP2L,0.4587381063373313,1.0,0.0,1.0,0.0
SECTM1,0.3968731680006152,1.0,1.0,1.0,0.0
SEL1L,0.4776364686157908,1.0,0.0,1.0,0.0
SELE,0.6317689949780357,0.5775276401185238,0.0,1.0,0.0
SELENBP1,0.3674031870215201,1.0,1.0,1.0,0.0
SELENOF,0.5437173400945096,0.4068333151686605,0.0,0.33333333333333326,0.0
SELENOH,0.5710506646852865,0.5309333514840423,1.0,1.0,0.0
SELENOI,0.5988486892716713,0.38041568727294295,1.0,1.0,0.0
SELENOK,0.5232157233295279,0.34503043344190987,0.0,0.33333333333333326,0.0
SELENON,0.5793065180017628,0.2156223397153645,1.0,1.0,0.0
SELENOP,0.42037518881806907,1.0,1.0,1.0,0.0
SELENOS,0.48780520086166207,1.0,1.0,1.0,0.0
SELENOT,0.46706273311321,1.0,0.0,0.33333333333333326,0.0
SELENOW,0.5099795986881488,0.21432942000315341,0.0,0.33333333333333326,0.0
SELL,0.517878916326628,0.10213010096165841,1.0,0.33333333333333326,0.0
SELP,0.4993166651899227,0.2442835495985163,0.0,0.33333333333333326,0.0
SEM1,0.5991344755595238,1.0,1.0,1.0,0.0
SEMA3A,0.5463694594523589,0.1698591463006703,1.0,0.33333333333333326,0.0
SEMA3C,0.5386615158777079,0.15974755973515195,0.0,0.33333333333333326,0.0
SEMA3E,0.4298143156378927,0.9688860674041929,1.0,1.0,0.0
SEMA3F,0.6057209166963609,0.3570095222136812,1.0,1.0,0.0
SEMA3G,0.4700253013429207,0.25989960992345046,0.0,1.0,0.0
SEMA4A,0.482127399299641,0.4895569665543892,0.0,1.0,0.0
SEMA4C,0.6317259338536076,0.6970669325452596,0.0,1.0,0.0
SEMA4D,0.5880647426464072,0.9011045086038831,1.0,1.0,0.0
SEMA4F,0.5931053412234537,0.34109199072517316,1.0,1.0,0.0
SEMA4G,0.4631165333625019,0.49652208494762284,1.0,1.0,0.0
SEMA6A,0.3422747460412789,1.0,1.0,1.0,0.0
SEMA6D,0.33745764085358976,1.0,1.0,1.0,0.0
SENP2,0.5418116564789128,0.042656177944308045,1.0,0.33333333333333326,0.0
SENP5,0.5856044175514893,0.5056101978788154,1.0,1.0,0.0
SENP6,0.5421559161039715,0.07132557484114703,0.0,0.33333333333333326,0.0
SENP7,0.4884818689109939,0.5552919335278603,0.0,0.33333333333333326,0.0
SENP8,0.45902841990755555,1.0,0.0,1.0,0.0
SEPHS1,0.5829635166645515,1.0,1.0,1.0,0.0
SEPHS2,0.5038130552840298,0.33904299912160296,0.0,1.0,0.0
SEPSECS,0.48187279720787657,0.3799530136690083,0.0,0.33333333333333326,0.0
SEPTIN1,0.4860116211713515,0.16319440140440047,1.0,1.0,0.0
SEPTIN10,0.5039375984559774,0.15357762520851417,0.0,0.33333333333333326,0.0
SEPTIN12,0.49918693125158603,0.11612037811192202,0.0,1.0,0.0
SEPTIN2,0.5611515814278383,0.6022701474211986,0.0,1.0,0.0
SEPTIN4,0.5296108958097995,0.15837177990761056,0.0,0.33333333333333326,0.0
SEPTIN7,0.5770502152574513,0.08438038989727231,0.0,0.33333333333333326,0.0
SEPTIN9,0.5738531136156194,0.32371475851131065,1.0,1.0,0.0
SERGEF,0.5603195333721387,0.1942608079295448,0.0,1.0,0.0
SERINC1,0.4588400304794398,1.0,0.0,0.33333333333333326,0.0
SERINC2,0.47306936064689875,0.5007163317577223,0.0,1.0,0.0
SERINC3,0.5831912576117014,0.3714977197271053,1.0,1.0,0.0
SERPINA10,0.6239017421715142,0.2766365819972329,0.0,1.0,0.0
SERPINA3,0.5503091204033173,0.4353120160631042,0.0,0.33333333333333326,0.0
SERPINA6,0.4670926313582717,0.191275011130685,0.0,1.0,0.0
SERPINB1,0.5425987805472203,0.4239121252560445,0.0,0.33333333333333326,0.0
SERPINB5,0.6862544735250018,0.3102943018433652,1.0,1.0,0.0
SERPINB8,0.5343785790082742,0.12205542689851173,0.0,0.33333333333333326,0.0
SERPINB9,0.6025092404167703,0.1255996460387903,0.0,0.33333333333333326,0.0
SERPINE1,0.6911458575066498,0.6654425375985508,0.0,1.0,0.0
SERPINE2,0.6582929813539856,1.0,1.0,1.0,0.0
SERPINF2,0.576385282734948,0.10325813092181768,1.0,1.0,0.0
SERPINH1,0.6549729102842357,0.6331111246515848,1.0,1.0,0.0
SERTAD1,0.5223193508435418,0.20562731026950332,1.0,0.33333333333333326,0.0
SERTAD2,0.494452425287691,0.16176831208403322,0.0,1.0,0.0
SERTAD4,0.4602336786376192,0.89559624607645,1.0,1.0,0.0
SESN1,0.604712346809148,0.8209379310632955,0.0,1.0,0.0
SESN2,0.48225051814305814,0.7340990890659739,1.0,1.0,0.0
SESTD1,0.6294639016900633,0.8783230183336435,0.0,1.0,0.0
SETBP1,0.40712053907173185,0.9132533319180371,1.0,1.0,0.0
SETD2,0.58555126021665,0.15026784357118395,0.0,0.33333333333333326,0.0
SETD3,0.538206721967077,0.03753183519708656,0.0,0.33333333333333326,0.0
SETD5,0.5772378465237028,0.31292552484553415,1.0,1.0,0.0
SETD6,0.5909540289312024,0.4424478812090181,1.0,1.0,0.0
SETD7,0.6015385841378349,0.4321005697861351,0.0,1.0,0.0
SETD9,0.4467954740310671,0.6761635432737467,0.0,0.33333333333333326,0.0
SETDB1,0.5917775429733322,0.6066136641594281,0.0,1.0,0.0
SETSIP,0.6073805124504205,0.4768351300818272,0.0,1.0,0.0
SEZ6L2,0.5957969198097389,0.46822152189564864,1.0,1.0,0.0
SF1,0.5895867019325868,0.5774362801509363,0.0,1.0,0.0
SF3A1,0.573424678120419,0.10292208120735638,0.0,0.33333333333333326,0.0
SF3A2,0.6251128316081046,0.5455995435340306,1.0,1.0,0.0
SF3A3,0.5669639156524939,0.4327919571554292,1.0,1.0,0.0
SF3B2,0.568795425616129,0.9860225813913487,1.0,1.0,0.0
SF3B3,0.6477820880515862,1.0,1.0,1.0,0.0
SF3B4,0.5868967999977804,0.6563948627564179,1.0,1.0,0.0
SF3B6,0.5781787030838409,0.1995584723926847,0.0,1.0,0.0
SFMBT1,0.5989035883690244,0.31927633279777834,0.0,1.0,0.0
SFMBT2,0.4560799657993043,0.6298482110874404,0.0,1.0,0.0
SFPQ,0.5677633030505962,0.32074561977643784,1.0,1.0,0.0
SFR1,0.5892246098915053,0.5528202743260748,1.0,1.0,0.0
SFRP1,0.32926573258936676,1.0,1.0,1.0,0.0
SFRP2,0.4788869997336661,0.5227648024215943,0.0,0.33333333333333326,0.0
SFRP4,0.6573438608166433,1.0,1.0,1.0,0.0
SFSWAP,0.5857862552800299,0.342585979139655,0.0,1.0,0.0
SFTA2,0.6736605670597134,0.572291104434789,1.0,1.0,0.0
SFTPA2,0.44680944128377603,0.4381236885246895,0.0,1.0,0.0
SFTPD,0.47968474265142796,0.1395073554515437,0.0,1.0,0.0
SFXN3,0.6325856459044025,1.0,1.0,1.0,0.0
SFXN4,0.572523074112235,0.4783514677601031,1.0,1.0,0.0
SFXN5,0.501705088273457,0.29060813646047184,0.0,0.33333333333333326,0.0
SGCA,0.46456907790391844,0.11185799837101323,0.0,1.0,0.0
SGCB,0.48325230671491565,0.620259738119527,0.0,1.0,0.0
SGCE,0.4470776256830833,0.7909707945461959,1.0,1.0,0.0
SGIP1,0.5973546374689431,0.08120327064395441,0.0,1.0,0.0
SGK1,0.3722367813102472,1.0,0.0,1.0,0.0
SGK2,0.42022786946332896,0.8490812087103249,1.0,1.0,0.0
SGMS1,0.5467944172276917,0.09850542973915066,0.0,0.33333333333333326,0.0
SGMS2,0.4636323815670506,0.8212575248765226,0.0,0.33333333333333326,0.0
SGO2,0.6464150338373184,0.4730367363995282,1.0,1.0,0.0
SGPP1,0.4386571312432342,0.8723851747122443,0.0,0.33333333333333326,0.0
SGPP2,0.44085808089397865,1.0,0.0,1.0,0.0
SGSM3,0.4881119027797106,0.4009850831713838,1.0,1.0,0.0
SH2B1,0.5067673001091916,0.2130236034796688,0.0,1.0,0.0
SH2B3,0.48442392791091,0.6689349629410971,0.0,1.0,0.0
SH2D1A,0.4856312868865862,0.12563953754057847,0.0,1.0,0.0
SH2D2A,0.60594559240655,0.39182217793115465,0.0,1.0,0.0
SH2D3A,0.5478505331994059,0.0683604023208796,1.0,0.33333333333333326,0.0
SH2D6,0.4576411053811332,0.33556354883693246,0.0,1.0,0.0
SH3BGR,0.4267217634156461,0.8810997609965608,0.0,1.0,0.0
SH3BGRL,0.46649043432125814,0.5788808922165148,0.0,0.33333333333333326,0.0
SH3BGRL2,0.43786496294899957,1.0,0.0,1.0,0.0
SH3BGRL3,0.4854590832668897,0.2981426479054773,0.0,1.0,0.0
SH3BP1,0.4908734330612888,0.5275554203998815,0.0,0.33333333333333326,0.0
SH3BP4,0.6091280284608704,0.7608210430884753,1.0,1.0,0.0
SH3D19,0.4837436550795951,1.0,0.0,0.33333333333333326,0.0
SH3GL1,0.6034265386791637,0.5770890864024786,1.0,1.0,0.0
SH3GLB1,0.48644548075240357,1.0,0.0,0.33333333333333326,0.0
SH3KBP1,0.5305115687513113,0.1436874898981503,1.0,0.33333333333333326,0.0
SH3PXD2A,0.513698845388997,0.017395261173338724,0.0,1.0,0.0
SH3PXD2B,0.6220784150942531,0.7601980904452226,1.0,1.0,0.0
SH3RF1,0.46933070090847806,1.0,0.0,1.0,0.0
SH3RF2,0.4309579626915936,1.0,0.0,1.0,0.0
SH3RF3,0.5849702431987063,0.25753127717890933,0.0,1.0,0.0
SH3TC2,0.6882691922138776,0.658844893932255,0.0,1.0,0.0
SHANK2,0.5866395473450571,0.2268895700120891,0.0,0.33333333333333326,0.0
SHB,0.61875652655802,0.9020619225088269,1.0,1.0,0.0
SHC1,0.5629391736941773,0.09103466556483161,0.0,1.0,0.0
SHCBP1,0.6514186558616363,0.7460092414375807,1.0,1.0,0.0
SHD,0.45844013558423496,0.6495454853205881,0.0,1.0,0.0
SHE,0.45577256517421855,1.0,1.0,1.0,0.0
SHF,0.5903990427310304,0.23006485921401187,0.0,1.0,0.0
SHFL,0.6015219509509019,0.46487327130157846,0.0,1.0,0.0
SHH,0.6310841742884651,0.9708137467349698,1.0,1.0,0.0
SHISA2,0.6531007609793636,0.7034708666170988,1.0,1.0,0.0
SHISA5,0.6094585925588911,1.0,1.0,1.0,0.0
SHISA6,0.5546579318309373,0.11554353210577259,0.0,0.33333333333333326,0.0
SHISA9,0.5301924525433871,0.12365495953717079,0.0,0.33333333333333326,0.0
SHISAL1,0.4465043395982425,0.8272082235822964,0.0,1.0,0.0
SHKBP1,0.609209893743056,0.6423158796382515,1.0,1.0,0.0
SHLD1,0.6035996371019394,0.29250457274577185,0.0,1.0,0.0
SHMT2,0.641984383725252,1.0,1.0,1.0,0.0
SHOC2,0.4786463429263264,0.9228260548791736,0.0,1.0,0.0
SHPRH,0.5548893010476216,0.028107909806967098,0.0,0.33333333333333326,0.0
SHQ1,0.5917585803780889,0.5068619654400586,0.0,1.0,0.0
SHROOM3,0.4474029866561193,1.0,0.0,1.0,0.0
SHROOM4,0.6645212792927467,1.0,1.0,1.0,0.0
SI,0.19849402578745737,1.0,1.0,1.0,0.0
SIAE,0.3989210073063596,1.0,1.0,1.0,0.0
SIDT1,0.41483775984995075,1.0,1.0,1.0,0.0
SIDT2,0.463186067637624,0.8485183172113706,0.0,1.0,0.0
SIGLEC6,0.5070543342193183,0.4021663537110778,0.0,0.33333333333333326,0.0
SIGMAR1,0.6132584498144722,1.0,1.0,1.0,0.0
SIK1,0.6451154443045005,1.0,1.0,0.33333333333333326,0.0
SIK3,0.4910632538550056,0.4688984542156966,0.0,0.33333333333333326,0.0
SIL1,0.5692487088653788,0.3732893635108227,0.0,1.0,0.0
SIM2,0.6829681171202475,1.0,1.0,1.0,0.0
SINHCAF,0.6284260139870644,1.0,1.0,1.0,0.0
SIPA1,0.5883647078987196,0.09389685431797587,0.0,1.0,0.0
SIPA1L2,0.44057385038565716,1.0,0.0,1.0,0.0
SIRAL1,0.46196765800670647,1.0,0.0,1.0,0.0
SIRT2,0.5407528206605974,0.17679397180294557,0.0,0.33333333333333326,0.0
SIRT3,0.5173607981513787,0.2490449851565703,0.0,1.0,0.0
SIRT7,0.5014448321922774,0.5180489327058221,1.0,1.0,0.0
SIVA1,0.5816230751931822,0.29351388702584646,0.0,1.0,0.0
SIX4,0.6158011524722604,0.32058625675958835,0.0,0.33333333333333326,0.0
SKA1,0.60285936923925,0.20235257197336465,1.0,1.0,0.0
SKA2,0.58858443372354,0.5500761783559123,1.0,1.0,0.0
SKA3,0.6846471341432667,0.80857686761609,1.0,1.0,0.0
SKAP1,0.581805745365728,0.2980130179888993,0.0,1.0,0.0
SKAP2,0.48343912671575756,0.47877985332995426,1.0,1.0,0.0
SKIC2,0.5695757496169477,0.42779610866426976,0.0,1.0,0.0
SKIC3,0.5466861457442878,0.0818452815753175,0.0,0.33333333333333326,0.0
SKIL,0.6346331932887149,1.0,0.0,0.33333333333333326,0.0
SKP1,0.5280086582885333,0.22725309961668808,0.0,0.33333333333333326,0.0
SKP2,0.6352659954642522,1.0,1.0,1.0,0.0
SLAIN1,0.4755026674186351,0.16775795319103787,0.0,0.33333333333333326,0.0
SLAIN2,0.49619328173578153,0.37641153702791313,0.0,0.33333333333333326,0.0
SLAMF1,0.4649947952855331,0.3968803552561286,0.0,1.0,0.0
SLAMF6,0.4943164823425077,0.5144378443288076,0.0,1.0,0.0
SLAMF7,0.40115103116924244,0.7461587075757711,1.0,1.0,0.0
SLBP,0.5888129610697095,1.0,1.0,1.0,0.0
SLC10A2,0.4670002606678213,0.16230107392607132,0.0,1.0,0.0
SLC10A3,0.589792405426713,0.3204443549505921,1.0,1.0,0.0
SLC11A1,0.5166355815409251,0.28948056160241226,0.0,0.33333333333333326,0.0
SLC11A2,0.6347335189994789,1.0,1.0,1.0,0.0
SLC12A1,0.511042961345399,0.06026741739892009,0.0,0.33333333333333326,0.0
SLC12A2,0.626692662773137,0.5900366778083381,0.0,1.0,0.0
SLC12A3,0.47397249816611414,0.2529077256546331,0.0,1.0,0.0
SLC12A6,0.49670669588089217,0.49500999985282956,0.0,0.33333333333333326,0.0
SLC12A7,0.5873444551517657,0.4576441163068759,1.0,1.0,0.0
SLC12A8,0.6247378965358571,0.696769146061782,1.0,1.0,0.0
SLC12A9,0.5814781464437578,0.44664250379800263,1.0,1.0,0.0
SLC13A2,0.40981311059821923,0.6036250309902672,1.0,1.0,0.0
SLC14A1,0.4328028216991692,0.3336270010787928,0.0,1.0,0.0
SLC15A2,0.4520259066015861,0.8462884656662621,0.0,1.0,0.0
SLC15A4,0.6063686098962437,0.38629407106197267,0.0,1.0,0.0
SLC16A4,0.7021661268798348,1.0,0.0,1.0,0.0
SLC16A7,0.42379338167957536,0.6004630955037976,1.0,1.0,0.0
SLC16A9,0.3635611362453213,0.8590973696065091,1.0,1.0,0.0
SLC17A4,0.31449638107728634,1.0,1.0,1.0,0.0
SLC17A5,0.46496260161938247,1.0,0.0,1.0,0.0
SLC17A8,0.39272859341086735,0.5576853774054915,1.0,1.0,0.0
SLC17A9,0.6432274549972292,0.9836971082892236,1.0,1.0,0.0
SLC18A1,0.44772580874101514,0.16506399159135923,0.0,0.33333333333333326,0.0
SLC18A2,0.4723467826956847,0.6162132401626063,1.0,1.0,0.0
SLC18B1,0.49380227330513426,0.6917418710961748,0.0,0.33333333333333326,0.0
SLC19A1,0.6152139323210092,0.8544277412249198,1.0,1.0,0.0
SLC19A2,0.6493140769039004,0.7029957193800156,0.0,0.33333333333333326,0.0
SLC19A3,0.49409553433627035,0.03091411307016958,0.0,0.33333333333333326,0.0
SLC1A1,0.40696760125233755,1.0,1.0,1.0,0.0
SLC1A3,0.6012424088531787,0.05415676195553982,0.0,1.0,0.0
SLC1A4,0.6180231772405762,0.9156520742644468,1.0,1.0,0.0
SLC1A5,0.5967580751856957,1.0,1.0,1.0,0.0
SLC1A7,0.5327436603496415,0.40840965617458985,0.0,0.33333333333333326,0.0
SLC20A1,0.4598719810647492,0.2247600418022016,0.0,1.0,0.0
SLC20A2,0.511874134399295,0.32655999303633454,0.0,0.33333333333333326,0.0
SLC22A13,0.4777060838619201,0.12299209432084642,0.0,1.0,0.0
SLC22A15,0.5905229294597464,0.6232158730420438,1.0,1.0,0.0
SLC22A23,0.4233427940823876,1.0,1.0,1.0,0.0
SLC22A4,0.44221026509891415,0.6563586178276918,0.0,1.0,0.0
SLC22A5,0.42731110907250036,1.0,1.0,1.0,0.0
SLC23A1,0.39274298266962426,1.0,1.0,1.0,0.0
SLC23A2,0.5295998862501836,0.08454436477544348,0.0,0.33333333333333326,0.0
SLC23A3,0.45614940399330023,0.9345831823349839,1.0,1.0,0.0
SLC25A11,0.4900404655369601,0.4005536239429707,1.0,1.0,0.0
SLC25A12,0.4975336457880613,0.35035697826893936,0.0,0.33333333333333326,0.0
SLC25A14,0.581989576777614,0.4964819815079536,1.0,1.0,0.0
SLC25A15,0.6401894090776911,0.8278045208487158,1.0,1.0,0.0
SLC25A17,0.5895786538611562,0.1594977921486326,0.0,1.0,0.0
SLC25A19,0.6001033294786909,0.5395539162445003,0.0,1.0,0.0
SLC25A20,0.43406070590062384,1.0,1.0,1.0,0.0
SLC25A22,0.6006363607914313,0.2950761373392685,1.0,1.0,0.0
SLC25A23,0.4705319897368457,0.5068800133623328,1.0,1.0,0.0
SLC25A24,0.4728778191576218,1.0,0.0,0.33333333333333326,0.0
SLC25A26,0.5906520964367655,0.5007906012335923,0.0,1.0,0.0
SLC25A29,0.5897376974539995,0.2974195099535154,0.0,1.0,0.0
SLC25A3,0.5133522438186858,0.6637923177407765,1.0,1.0,0.0
SLC25A32,0.6216795222489616,1.0,1.0,1.0,0.0
SLC25A34,0.3800244721837169,1.0,1.0,1.0,0.0
SLC25A35,0.4558385093840278,0.7282959658969577,0.0,1.0,0.0
SLC25A37,0.5471749247200111,0.0723624226462485,0.0,0.33333333333333326,0.0
SLC25A39,0.5866287646309809,0.37981435152575627,1.0,1.0,0.0
SLC25A4,0.4848541919166114,0.5612977486290154,0.0,0.33333333333333326,0.0
SLC25A46,0.4845034442840933,0.6337418706791429,0.0,0.33333333333333326,0.0
SLC25A53,0.467979652458424,0.2876350598945468,0.0,1.0,0.0
SLC25A6,0.5643271924220405,0.10514112936944972,0.0,1.0,0.0
SLC26A11,0.5936537498696604,0.3318631178202958,0.0,0.33333333333333326,0.0
SLC26A2,0.29370379127002255,1.0,1.0,1.0,0.0
SLC26A3,0.24130813600504525,1.0,1.0,1.0,0.0
SLC26A7,0.44011705778323124,0.7583606689979345,0.0,1.0,0.0
SLC27A1,0.5811428643161047,0.336510444687088,0.0,1.0,0.0
SLC27A2,0.4649053209062207,0.5170652333430776,0.0,0.33333333333333326,0.0
SLC27A5,0.650810496498645,1.0,1.0,1.0,0.0
SLC28A2,0.26925736910557596,0.7288880138520277,1.0,1.0,0.0
SLC29A1,0.6902171201724124,1.0,1.0,1.0,0.0
SLC29A2,0.5965456690045139,0.5700178848725843,0.0,1.0,0.0
SLC29A3,0.5861291389406336,0.933488903098413,1.0,1.0,0.0
SLC2A1,0.6412185125655444,0.8019914655035921,1.0,1.0,0.0
SLC2A10,0.464861556288732,0.17668525531686496,0.0,1.0,0.0
SLC2A12,0.6765600575955516,0.8240631161967382,1.0,1.0,0.0
SLC2A13,0.392389547285295,1.0,0.0,1.0,0.0
SLC2A14,0.6035739830672975,0.6590951535884418,0.0,0.33333333333333326,0.0
SLC2A3,0.6567431499138899,1.0,0.0,0.33333333333333326,0.0
SLC2A4RG,0.5875848274961121,0.5071057250221069,1.0,1.0,0.0
SLC2A5,0.4884530838542745,0.5073244492476033,0.0,1.0,0.0
SLC2A8,0.6570226131824123,0.3482299994177346,0.0,1.0,0.0
SLC30A1,0.4978664526047397,0.37430808365495555,0.0,0.33333333333333326,0.0
SLC30A10,0.19273715198012287,1.0,1.0,1.0,0.0
SLC30A4,0.4343445163559841,1.0,1.0,1.0,0.0
SLC30A5,0.5414463852397183,0.09273458640099465,0.0,0.33333333333333326,0.0
SLC30A6,0.5813751253145857,0.19163167298740555,0.0,0.33333333333333326,0.0
SLC31A1,0.588913747286122,0.22996436130898354,0.0,1.0,0.0
SLC31A2,0.46831786318660557,0.6937013928078786,1.0,1.0,0.0
SLC35A1,0.45895503298340046,1.0,0.0,1.0,0.0
SLC35A2,0.5910851498789567,0.5646178087431508,1.0,1.0,0.0
SLC35A3,0.44880252537353116,1.0,0.0,1.0,0.0
SLC35A4,0.5018879644422324,0.26710386661831664,0.0,1.0,0.0
SLC35A5,0.47261819629283197,0.5825870417151077,0.0,0.33333333333333326,0.0
SLC35B1,0.5781151916926884,0.41169022204095845,0.0,1.0,0.0
SLC35B3,0.47056112602172523,0.9601920748436774,0.0,0.33333333333333326,0.0
SLC35B4,0.621919450662133,0.7474813545552528,0.0,1.0,0.0
SLC35D1,0.4564854410396914,1.0,1.0,1.0,0.0
SLC35D3,0.7383305644094541,1.0,1.0,1.0,0.0
SLC35E4,0.6359501391116995,0.9388736960435966,1.0,1.0,0.0
SLC35F1,0.49747856833879617,0.15143843155923686,0.0,1.0,0.0
SLC35F6,0.6374960493001072,0.6210482735943144,0.0,0.33333333333333326,0.0
SLC35G2,0.5851316778436269,0.19738038236078817,0.0,1.0,0.0
SLC35H1,0.6084044973675073,1.0,1.0,1.0,0.0
SLC36A1,0.4218278693975496,0.7881181317618108,1.0,1.0,0.0
SLC37A1,0.487263054743612,0.6009625875641897,0.0,1.0,0.0
SLC37A2,0.44373338087262043,0.041098527732428475,0.0,1.0,0.0
SLC38A2,0.5710952641680541,0.2367857684811161,1.0,0.33333333333333326,0.0
SLC38A4,0.37436971614854897,0.980309611795199,1.0,1.0,0.0
SLC38A5,0.6666296949091228,1.0,1.0,1.0,0.0
SLC38A7,0.5972114514059076,0.7095174261779315,1.0,1.0,0.0
SLC39A1,0.5722459549525316,0.21844775952318954,1.0,1.0,0.0
SLC39A10,0.6828570007941774,1.0,1.0,1.0,0.0
SLC39A13,0.5848497810504416,0.5565411921673155,0.0,1.0,0.0
SLC39A3,0.6044161495690482,0.5180873227065457,1.0,1.0,0.0
SLC39A4,0.6045083517920775,0.3219176581149717,1.0,1.0,0.0
SLC39A5,0.4522044642550623,0.45004079351587567,1.0,1.0,0.0
SLC39A6,0.6281220963140312,0.6724615635040715,1.0,1.0,0.0
SLC3A2,0.630809209262725,1.0,1.0,1.0,0.0
SLC40A1,0.5015663730234408,0.08692361221512986,0.0,0.33333333333333326,0.0
SLC41A1,0.5901258357651357,0.6145027383324383,1.0,1.0,0.0
SLC41A2,0.4098204521409519,1.0,1.0,1.0,0.0
SLC41A3,0.6033539116265733,0.7490184602180631,0.0,1.0,0.0
SLC43A1,0.5760354150162862,0.20039114000904562,1.0,1.0,0.0
SLC43A3,0.5732209992227438,0.05190703284158321,0.0,1.0,0.0
SLC44A3,0.5052302380639083,0.17428724773516127,0.0,0.33333333333333326,0.0
SLC44A4,0.42700918350305855,1.0,1.0,1.0,0.0
SLC45A4,0.5789623520652409,0.11909024142124143,0.0,1.0,0.0
SLC46A3,0.4214328533648222,1.0,0.0,1.0,0.0
SLC48A1,0.576716299402782,0.26387542614219167,0.0,1.0,0.0
SLC49A4,0.4919031618397106,0.9869323718873357,0.0,0.33333333333333326,0.0
SLC4A11,0.6736905272571458,0.9041856677651611,1.0,1.0,0.0
SLC4A2,0.6381022921679721,0.7433736737318849,1.0,1.0,0.0
SLC4A4,0.10683415395784374,1.0,1.0,1.0,0.0
SLC4A7,0.554474758588233,0.08907331115889539,0.0,0.33333333333333326,0.0
SLC4A8,0.5945329181479435,0.11542327399203246,0.0,0.33333333333333326,0.0
SLC50A1,0.4971158262379675,0.13853262290969878,0.0,1.0,0.0
SLC51A,0.22819642245849134,1.0,1.0,1.0,0.0
SLC51B,0.262231041060494,1.0,1.0,1.0,0.0
SLC52A2,0.6209976323130121,1.0,1.0,1.0,0.0
SLC5A1,0.65951533277756,0.6502504626643142,0.0,1.0,0.0
SLC5A6,0.6826268410390522,1.0,1.0,1.0,0.0
SLC5A9,0.6576720429194233,0.46947859807382625,0.0,0.33333333333333326,0.0
SLC60A1,0.3435115749043236,0.5320041370993267,1.0,1.0,0.0
SLC61A1,0.5354010938662074,0.08291246316621534,0.0,0.33333333333333326,0.0
SLC66A1,0.578798994160698,0.12101681806733516,0.0,1.0,0.0
SLC66A2,0.4899964509637979,0.425273262774978,0.0,1.0,0.0
SLC66A3,0.5369538555989455,0.23762462754774283,0.0,0.33333333333333326,0.0
SLC68A1,0.6045557323585744,0.1661947398765827,0.0,1.0,0.0
SLC6A14,0.7107682653270418,0.8962192958163675,0.0,1.0,0.0
SLC6A19,0.36484092853494465,1.0,1.0,1.0,0.0
SLC6A20,0.6796516115309708,1.0,1.0,1.0,0.0
SLC6A6,0.7673090326587285,1.0,1.0,1.0,0.0
SLC6A8,0.42729165736781605,0.5022708121868367,0.0,1.0,0.0
SLC71A1,0.5606642918555933,0.43531900653128247,1.0,0.33333333333333326,0.0
SLC71A2,0.585427911373598,0.2690082646169891,0.0,1.0,0.0
SLC75A1,0.6184343647591526,0.8979465925275071,1.0,1.0,0.0
SLC7A1,0.6514228932587726,1.0,1.0,1.0,0.0
SLC7A11,0.7174270943551561,0.9295190093848429,1.0,1.0,0.0
SLC7A2,0.46417003526776474,0.23898593365251505,0.0,1.0,0.0
SLC7A5,0.7856325762048916,1.0,1.0,1.0,0.0
SLC7A6,0.6361788574481387,0.8189694180171877,1.0,1.0,0.0
SLC7A6OS,0.5679118280419249,0.47431364335922865,1.0,1.0,0.0
SLC9A1,0.4660667991001568,0.9777116770910893,1.0,1.0,0.0
SLC9A2,0.3637172850739758,1.0,0.0,0.33333333333333326,0.0
SLC9A7,0.6124626817653659,0.3762816156810651,0.0,1.0,0.0
SLC9A9,0.4152464852233654,1.0,1.0,1.0,0.0
SLC9B2,0.6069234231161557,0.5559915197982441,0.0,1.0,0.0
SLCO1A2,0.48849664146762106,0.28743029984573765,0.0,1.0,0.0
SLCO1B3,0.7307006207209573,1.0,1.0,1.0,0.0
SLCO2A1,0.4263632583874712,0.8346203200744748,1.0,1.0,0.0
SLCO2B1,0.4896747699845035,0.7418169311303959,0.0,1.0,0.0
SLCO3A1,0.6102236628888469,0.1750983102076828,0.0,1.0,0.0
SLCO4A1,0.818690232533756,1.0,1.0,1.0,0.0
SLCO4C1,0.39964745222339465,1.0,0.0,1.0,0.0
SLCO5A1,0.5857191487718582,0.10149358816640836,0.0,1.0,0.0
SLF1,0.588007593673087,0.12130330629084823,0.0,1.0,0.0
SLF2,0.5387035599719489,0.28575606236903006,0.0,0.33333333333333326,0.0
SLIT2,0.43029972546594597,0.7534362225034333,1.0,1.0,0.0
SLITRK2,0.4917381927623456,0.004530905145428298,0.0,1.0,0.0
SLITRK6,0.35088048375626135,1.0,1.0,1.0,0.0
SLK,0.5077680519662439,0.1348426108697418,0.0,0.33333333333333326,0.0
SLTM,0.5085992446596111,0.39125935321286676,0.0,0.33333333333333326,0.0
SLU7,0.5064955232262882,0.33358920473135806,0.0,0.33333333333333326,0.0
SLX1A,0.5683535030893717,0.14688911962763834,0.0,1.0,0.0
SLX4IP,0.5721958122892389,0.10103143302022745,1.0,1.0,0.0
SMAD1,0.48239172413044823,1.0,0.0,1.0,0.0
SMAD2,0.4790146001388063,0.813913479460765,0.0,0.33333333333333326,0.0
SMAD4,0.44734173641274094,1.0,0.0,1.0,0.0
SMAD5,0.5804431588407494,0.19848272304680228,0.0,0.33333333333333326,0.0
SMAD6,0.5810202387011487,0.26664868847089795,1.0,1.0,0.0
SMAD7,0.45937147793859506,0.8680005987297219,0.0,1.0,0.0
SMAD9,0.4427858776106978,0.442055279708599,0.0,1.0,0.0
SMAP1,0.4927782910252359,0.8063044943619233,0.0,0.33333333333333326,0.0
SMARCA2,0.49947569710641265,0.9477486484679027,0.0,0.33333333333333326,0.0
SMARCA4,0.6088683666772229,1.0,1.0,1.0,0.0
SMARCAL1,0.5718025092158143,0.3999308818258528,1.0,1.0,0.0
SMARCC1,0.6205687816077835,1.0,1.0,1.0,0.0
SMARCD1,0.5854460366054598,0.3513000736250904,1.0,1.0,0.0
SMARCD2,0.5855464460594088,1.0,1.0,1.0,0.0
SMARCE1,0.5408079897139878,0.10987435770601184,0.0,0.33333333333333326,0.0
SMC1A,0.6050046051940097,1.0,1.0,1.0,0.0
SMC1B,0.4765011343201055,0.06801036075835008,0.0,1.0,0.0
SMC2,0.6187152025720916,0.22863449120644494,0.0,1.0,0.0
SMC3,0.5917508607095657,0.36898923823390267,0.0,0.33333333333333326,0.0
SMC4,0.5991069846172168,0.7929546938160553,1.0,1.0,0.0
SMC5,0.4980547241951202,0.21268468669471915,0.0,0.33333333333333326,0.0
SMCHD1,0.42259679916264226,1.0,0.0,1.0,0.0
SMCR8,0.5138253785627808,0.22195934505258214,0.0,0.33333333333333326,0.0
SMDT1,0.49181605099296344,1.0,0.0,1.0,0.0
SMG5,0.5762810407274446,0.3922820421034736,1.0,1.0,0.0
SMG7,0.5933617221072227,0.31120810200261545,1.0,1.0,0.0
SMG8,0.5872784046356658,0.501308994623459,1.0,1.0,0.0
SMG9,0.5738641611656925,0.37466327392644744,1.0,1.0,0.0
SMIM1,0.47238870003465677,0.19440571198030568,0.0,0.33333333333333326,0.0
SMIM12,0.5061664224343112,0.3033673117536908,0.0,1.0,0.0
SMIM13,0.6039963262288885,1.0,1.0,1.0,0.0
SMIM14,0.41609587703792067,1.0,1.0,1.0,0.0
SMIM15,0.49611949126994737,0.7081957245720848,0.0,0.33333333333333326,0.0
SMIM26,0.5855474995051799,0.40938293127543085,0.0,1.0,0.0
SMIM29,0.6070601831756309,0.6648124381706159,1.0,1.0,0.0
SMIM30,0.5785258794797492,0.10308532736181106,0.0,1.0,0.0
SMIM31,0.42971638484101515,1.0,1.0,1.0,0.0
SMIM5,0.36580533019177797,1.0,0.0,1.0,0.0
SMIM8,0.48198411052268825,0.5589510635543606,0.0,1.0,0.0
SMKR1,0.6700114967078266,1.0,1.0,1.0,0.0
SMN2,0.5798166621045089,0.49830914295441237,0.0,1.0,0.0
SMNDC1,0.5883085070601393,0.47242346045403766,0.0,1.0,0.0
SMOC1,0.6064144414497559,0.3641227021823034,0.0,1.0,0.0
SMOX,0.6251552229325429,0.8046882037627882,1.0,1.0,0.0
SMPD1,0.44895001782468535,0.9923439432018483,0.0,0.33333333333333326,0.0
SMPD2,0.5757434699623712,0.17977571300676598,0.0,1.0,0.0
SMPD3,0.4334182333937537,0.9038956648709816,1.0,1.0,0.0
SMPDL3A,0.336363733919152,1.0,1.0,1.0,0.0
SMPDL3B,0.4761935955117909,0.3231702203064881,0.0,1.0,0.0
SMS,0.5959418321393762,1.0,1.0,1.0,0.0
SMURF1,0.6049842236547305,0.5276021129581521,0.0,1.0,0.0
SMURF2,0.5713170263238855,0.43037986887819357,1.0,1.0,0.0
SMYD2,0.6063911270726663,1.0,1.0,1.0,0.0
SMYD3,0.6003067347850053,0.8561005411919874,1.0,1.0,0.0
SMYD5,0.6272009085115703,0.6689047460245897,1.0,1.0,0.0
SNAI2,0.4665864932827519,0.22971005230129465,1.0,1.0,0.0
SNAP23,0.4839935044946165,1.0,0.0,0.33333333333333326,0.0
SNAP47,0.5727295903999006,0.22217857339563282,1.0,1.0,0.0
SNAPC1,0.604957148401319,0.31928080126049935,0.0,0.33333333333333326,0.0
SNAPC4,0.5932471299775535,0.6720814296512165,1.0,1.0,0.0
SND1,0.6155754079491779,1.0,1.0,1.0,0.0
SNIP1,0.5017770262067841,0.4135823960038668,0.0,1.0,0.0
SNRK,0.47890315864576255,0.7652340831613477,0.0,0.33333333333333326,0.0
SNRNP27,0.5311340971532523,0.04633222551249526,0.0,0.33333333333333326,0.0
SNRNP48,0.5707334102818066,0.2524357436321275,0.0,1.0,0.0
SNRNP70,0.5812093272529681,0.40208415714256796,1.0,1.0,0.0
SNRPA,0.6022898097528401,1.0,1.0,1.0,0.0
SNRPA1,0.5932781532770642,1.0,1.0,1.0,0.0
SNRPB,0.6360251317092954,1.0,1.0,1.0,0.0
SNRPB2,0.6079944232196618,1.0,1.0,1.0,0.0
SNRPC,0.5988187622825262,1.0,1.0,1.0,0.0
SNRPD1,0.5799183274741072,0.5558361245127442,1.0,1.0,0.0
SNRPD2,0.5912529246822172,0.8484855847874421,1.0,1.0,0.0
SNRPD3,0.5844570684515109,0.34672880173626414,1.0,1.0,0.0
SNRPE,0.6020942019321425,0.6932231653384828,1.0,1.0,0.0
SNRPF,0.6027329471165241,1.0,1.0,1.0,0.0
SNRPG,0.5979776258199874,0.48493765295317753,1.0,1.0,0.0
SNTB1,0.6581844107177025,1.0,1.0,1.0,0.0
SNU13,0.5865272995804641,0.7944795156381709,1.0,1.0,0.0
SNX1,0.49799068861746604,0.6796501678342587,0.0,1.0,0.0
SNX10,0.6357243581141958,0.5447958315891385,0.0,1.0,0.0
SNX13,0.4871620141085906,0.8897748340752296,0.0,1.0,0.0
SNX15,0.5162147248016286,0.12241442017974606,0.0,0.33333333333333326,0.0
SNX16,0.6056214121595619,0.25504683096160996,0.0,0.33333333333333326,0.0
SNX19,0.49712465100701225,0.324047038054075,0.0,0.33333333333333326,0.0
SNX2,0.4928366134560399,0.46846719528495495,0.0,1.0,0.0
SNX20,0.5920756604302354,0.33923516288515415,0.0,1.0,0.0
SNX21,0.5902849048875082,0.16581873515786846,0.0,1.0,0.0
SNX22,0.499833035422197,0.15011208722750718,0.0,1.0,0.0
SNX24,0.4397763748434941,1.0,1.0,1.0,0.0
SNX25,0.6026466776526346,0.20363284044456023,0.0,0.33333333333333326,0.0
SNX27,0.5658909202636799,0.07007202055193261,0.0,1.0,0.0
SNX3,0.5135809082732007,0.38071390579297976,0.0,1.0,0.0
SNX30,0.48056996333224666,0.7076049991019611,0.0,1.0,0.0
SNX4,0.49227429678798174,0.5164142772385738,0.0,0.33333333333333326,0.0
SNX5,0.5706923213540788,0.14890121732008418,1.0,1.0,0.0
SNX6,0.4787167868433639,1.0,1.0,1.0,0.0
SNX7,0.48903204664209443,0.7771912293274219,0.0,0.33333333333333326,0.0
SNX9,0.5012110064734251,0.2946554179369949,0.0,0.33333333333333326,0.0
SOAT1,0.49024054604896167,0.31308935332599963,0.0,1.0,0.0
SOCS1,0.6385631393684484,1.0,0.0,1.0,0.0
SOCS2,0.4429007122242278,1.0,1.0,1.0,0.0
SOCS3,0.7353974508537431,1.0,0.0,0.33333333333333326,0.0
SOCS4,0.5711910074164933,0.05401754021518938,0.0,0.33333333333333326,0.0
SOCS6,0.42679655926060345,1.0,0.0,1.0,0.0
SOCS7,0.5998086480803154,0.8577511584303155,1.0,1.0,0.0
SOD1,0.5355165244784951,0.09741954757774314,0.0,0.33333333333333326,0.0
SON,0.505580735331877,0.3084549128472481,0.0,0.33333333333333326,0.0
SORBS2,0.4455022631234638,0.5322760710854608,1.0,1.0,0.0
SORBS3,0.5113618360787725,0.08415627165844188,0.0,1.0,0.0
SORD,0.661517504832637,1.0,1.0,1.0,0.0
SORL1,0.4931836601792216,0.24334165011706768,0.0,1.0,0.0
SORT1,0.5075736098849971,0.3594453345787428,0.0,0.33333333333333326,0.0
SOS2,0.4557602138810452,1.0,0.0,1.0,0.0
SOSTDC1,0.31658196170449904,1.0,1.0,1.0,0.0
SOWAHA,0.43187884199334026,1.0,1.0,1.0,0.0
SOWAHC,0.5001559460207795,0.4684079600993031,0.0,0.33333333333333326,0.0
SOX1,0.617034724127773,0.1713018620599966,1.0,1.0,0.0
SOX10,0.46134673350145217,0.209973719388215,0.0,1.0,0.0
SOX12,0.5953951612234547,0.39319578767643365,1.0,1.0,0.0
SOX4,0.6453321732549022,1.0,1.0,1.0,0.0
SOX5,0.47966778151680944,0.34804738269167035,0.0,1.0,0.0
SOX9,0.6839341837902491,1.0,1.0,1.0,0.0
SP100,0.5331940380537682,0.391838977098461,0.0,0.33333333333333326,0.0
SP110,0.544744377579656,0.23598675728256543,0.0,0.33333333333333326,0.0
SP140,0.46969477447485153,0.5241130759892477,1.0,1.0,0.0
SP140L,0.5335716287962078,0.15283160244281643,1.0,0.33333333333333326,0.0
SP2,0.5292133547882945,0.4168610070145904,1.0,0.33333333333333326,0.0
SP5,0.6983555861641758,0.7830173658902086,1.0,1.0,0.0
SP6,0.6194900211916035,0.5769569899521132,1.0,1.0,0.0
SPACA7,0.5565418423806335,0.11202174258570624,0.0,0.0,0.0
SPAG16,0.4780376991107779,0.3263050801695532,0.0,0.33333333333333326,0.0
SPAG5,0.6062285881909194,0.7340582773126479,1.0,1.0,0.0
SPAG7,0.5017933986263109,0.622133194235084,1.0,1.0,0.0
SPAG9,0.4936687275547191,0.22010435759614547,0.0,0.33333333333333326,0.0
SPARC,0.6471248284827424,0.8887877423955107,1.0,1.0,0.0
SPARCL1,0.4138146381761533,1.0,1.0,1.0,0.0
SPART,0.4389051295640215,0.71316095168689,0.0,1.0,0.0
SPAST,0.585676635015446,0.30330206294911766,1.0,1.0,0.0
SPATA13,0.5924303524045847,0.39860910406613864,1.0,1.0,0.0
SPATA18,0.43926976889189456,1.0,1.0,1.0,0.0
SPATA20,0.5047124339205366,0.10031153098822272,0.0,1.0,0.0
SPATA2L,0.5677695637249062,0.16219440397465024,0.0,1.0,0.0
SPATA31A5,0.4612662140130067,0.6342734232207903,0.0,1.0,0.0
SPATA32,0.4884594506561878,0.46374349115640423,0.0,0.33333333333333326,0.0
SPATA33,0.603400997032003,0.6137155821108654,1.0,1.0,0.0
SPATA45,0.49228074387374826,0.06903370470768806,0.0,1.0,0.0
SPATA6,0.4789709219238933,0.44969854626578915,0.0,0.33333333333333326,0.0
SPATC1L,0.6022675420503886,0.18688966848471286,0.0,1.0,0.0
SPATS2,0.5933829131917807,0.3164882210362536,0.0,1.0,0.0
SPATS2L,0.47625932230680146,0.7191737607004354,0.0,0.33333333333333326,0.0
SPC24,0.620025671136688,0.5383960770822156,1.0,1.0,0.0
SPC25,0.6536646296252976,0.5055453872253901,1.0,1.0,0.0
SPDL1,0.6163944616546437,0.6382908321572413,1.0,1.0,0.0
SPECC1,0.4378504780453881,0.8847299660261563,0.0,0.33333333333333326,0.0
SPECC1L,0.46981420769653104,0.9193647417041356,0.0,1.0,0.0
SPEF1,0.5166714323357778,0.20891888078701656,0.0,0.0,0.0
SPEN,0.58277252058126,0.1235062064411227,0.0,1.0,0.0
SPESP1,0.4959278039657673,0.03900292627860833,0.0,1.0,0.0
SPG11,0.4918232211298888,0.5889505493681079,0.0,0.33333333333333326,0.0
SPG21,0.6115810683929815,1.0,0.0,1.0,0.0
SPHK1,0.6029317310014232,0.3437935002838541,1.0,1.0,0.0
SPIB,0.3118337252087035,1.0,1.0,1.0,0.0
SPICE1,0.5986623704836741,0.8895420222180931,1.0,1.0,0.0
SPIDR,0.5114157627482643,0.5962647008320362,0.0,0.33333333333333326,0.0
SPIN2B,0.5751579973144739,0.1740123930081679,0.0,1.0,0.0
SPIN3,0.5907840678003325,0.40812758377983227,1.0,1.0,0.0
SPIN4,0.6273864231826807,0.780393051467831,1.0,1.0,0.0
SPINDOC,0.6227439736868776,1.0,1.0,1.0,0.0
SPINK1,0.6007379855536447,0.2705217622228699,0.0,0.33333333333333326,0.0
SPINK2,0.31618384651255954,1.0,1.0,1.0,0.0
SPINK5,0.3136671587480632,1.0,1.0,1.0,0.0
SPINT1,0.4642607050512976,0.5300954710414474,0.0,1.0,0.0
SPIRE1,0.6099680293872893,0.2021100923726951,0.0,1.0,0.0
SPMIP10,0.4705299026147796,0.07804087216100486,0.0,1.0,0.0
SPMIP4,0.4323198738609013,0.7427992187393901,1.0,1.0,0.0
SPMIP6,0.435044346639596,1.0,0.0,1.0,0.0
SPNS1,0.6090421739232068,0.9144288744818213,1.0,1.0,0.0
SPNS2,0.6385558861456617,1.0,1.0,1.0,0.0
SPOCK1,0.6092986044886943,0.0927333821233061,0.0,0.33333333333333326,0.0
SPOCK2,0.5335842306727521,0.056164629418957134,0.0,0.33333333333333326,0.0
SPON1,0.3280405351022247,1.0,1.0,1.0,0.0
SPOP,0.5212881110272587,0.2584159116063598,0.0,0.33333333333333326,0.0
SPOPL,0.4833218885762714,0.7532211068922878,0.0,1.0,0.0
SPOUT1,0.5973932167831637,1.0,1.0,1.0,0.0
SPP1,0.7143945243538863,1.0,1.0,1.0,0.0
SPPL2A,0.42511409653245846,1.0,1.0,1.0,0.0
SPRED2,0.5065646711803756,0.20570021153558757,0.0,0.33333333333333326,0.0
SPRING1,0.5340016352498471,0.1438591823542125,0.0,0.33333333333333326,0.0
SPRR2B,0.5658302742973826,0.12857640078673044,0.0,1.0,0.0
SPRR4,0.5082621817916161,0.24524948292851795,0.0,1.0,0.0
SPRTN,0.583354279199643,0.34816169841577044,0.0,1.0,0.0
SPRY2,0.5752720528822268,0.14482454379965082,0.0,0.33333333333333326,0.0
SPRY3,0.5031980316085558,0.1267713534290624,0.0,1.0,0.0
SPRY4,0.6200448933143019,1.0,1.0,1.0,0.0
SPRYD3,0.5631340938389394,0.4820548162375443,1.0,1.0,0.0
SPTAN1,0.5897569616555381,0.18602222914372832,0.0,1.0,0.0
SPTBN1,0.5306586905296884,0.33493152611470456,1.0,0.33333333333333326,0.0
SPTBN4,0.5038333731702437,0.22482322709491442,1.0,1.0,0.0
SPTSSA,0.47600877098287514,1.0,0.0,1.0,0.0
SPTY2D1,0.5181962770141856,0.06753310394200433,1.0,1.0,0.0
SQLE,0.7011737666197919,0.9338512993611813,1.0,1.0,0.0
SQOR,0.4072663802852364,1.0,0.0,1.0,0.0
SQSTM1,0.5829591421291207,1.0,1.0,1.0,0.0
SRD5A1,0.6154235854746661,0.6539852365805827,1.0,1.0,0.0
SRD5A3,0.5939610711509823,0.1565213334920847,0.0,1.0,0.0
SREBF1,0.6014735129658217,0.21932020917879025,0.0,0.33333333333333326,0.0
SREK1,0.5362588496733427,0.03403789116848766,0.0,0.33333333333333326,0.0
SRFBP1,0.5686019841780289,0.08775240182650891,0.0,1.0,0.0
SRGAP1,0.5044724679431557,0.01632337399276841,0.0,1.0,0.0
SRI,0.4388658866730378,1.0,0.0,1.0,0.0
SRM,0.6549351503932612,1.0,1.0,1.0,0.0
SRP14,0.509776763968214,0.42102733449903723,1.0,1.0,0.0
SRP19,0.5825120592670359,0.5663550567618313,0.0,0.33333333333333326,0.0
SRP68,0.5798351467303094,0.9184510566349048,0.0,1.0,0.0
SRP72,0.6075801784623402,0.28909756509387163,0.0,1.0,0.0
SRP9,0.5204905263098797,0.3648910289394895,0.0,1.0,0.0
SRPK1,0.600781880865247,0.7943751979262296,1.0,1.0,0.0
SRPK2,0.5931236874877129,0.4017472122923271,0.0,1.0,0.0
SRPRA,0.5810636661803955,0.6547672357743144,0.0,1.0,0.0
SRPRB,0.6136111591641826,0.720622469036719,1.0,1.0,0.0
SRPX,0.4073632665259786,1.0,1.0,1.0,0.0
SRPX2,0.8104388917616414,1.0,1.0,1.0,0.0
SRR,0.4971336777196809,0.3288781501861594,0.0,0.33333333333333326,0.0
SRRD,0.5851617013765941,0.6614580649658244,1.0,1.0,0.0
SRRM3,0.44623238641497986,0.6863866010155321,0.0,1.0,0.0
SRRT,0.5941352366667092,1.0,1.0,1.0,0.0
SRSF1,0.5642188173836786,0.35271303513537877,0.0,1.0,0.0
SRSF11,0.5633148867773372,0.11301333724308531,0.0,0.33333333333333326,0.0
SRSF3,0.5686582494145105,0.14170492944180987,0.0,1.0,0.0
SRSF4,0.5340380317498092,0.0006540085501372955,0.0,0.33333333333333326,0.0
SRSF5,0.47199969611832127,0.6515961904815196,0.0,1.0,0.0
SRSF7,0.5704970189849332,0.49058573564891317,0.0,1.0,0.0
SRSF8,0.5137140699786068,0.17896763290940645,0.0,1.0,0.0
SRXN1,0.6142294959091836,0.9280478786695672,1.0,1.0,0.0
SS18,0.5039877777917342,0.4253315335105155,0.0,0.33333333333333326,0.0
SS18L1,0.5974086458332335,0.6056875955994223,1.0,1.0,0.0
SS18L2,0.5969086640320734,1.0,0.0,1.0,0.0
SSB,0.6179093952268516,1.0,1.0,1.0,0.0
SSBP1,0.6022793079776345,1.0,1.0,1.0,0.0
SSBP2,0.3889300924759699,1.0,1.0,1.0,0.0
SSBP4,0.6110157114059664,0.4758439581278532,1.0,1.0,0.0
SSPN,0.4317050970817159,1.0,1.0,1.0,0.0
SSR1,0.5678401632047699,0.137736614500647,1.0,1.0,0.0
SSR2,0.5646910351034581,0.33597703606736934,0.0,1.0,0.0
SSR3,0.5674238736189835,0.25912821264108465,1.0,1.0,0.0
SSRP1,0.5913850036872926,1.0,1.0,1.0,0.0
SST,0.223512074724927,1.0,1.0,1.0,0.0
SSTR1,0.3863790602532098,1.0,1.0,1.0,0.0
SSX2IP,0.6294844156371341,0.9122644752318608,1.0,1.0,0.0
SSX7,0.4726122021840517,0.12396546577638017,0.0,1.0,0.0
ST13,0.5652998588282541,0.25112500122744613,0.0,0.33333333333333326,0.0
ST18,0.4797888835932238,0.09500067540258753,0.0,1.0,0.0
ST3GAL2,0.5667340454383297,0.2657628875688202,1.0,1.0,0.0
ST3GAL4,0.4402659188101039,0.4268668889506285,0.0,1.0,0.0
ST6GALNAC1,0.3783490097497647,1.0,1.0,1.0,0.0
ST6GALNAC3,0.4396341018851549,1.0,0.0,1.0,0.0
ST6GALNAC5,0.5848131479729415,0.2132308606207333,0.0,0.33333333333333326,0.0
ST6GALNAC6,0.3243676727736797,1.0,1.0,1.0,0.0
ST8SIA1,0.42527199111953445,0.5604455607048073,0.0,1.0,0.0
ST8SIA4,0.46709613645948694,0.305481908306866,0.0,1.0,0.0
STAB1,0.42792674647199774,0.8549704495717347,1.0,1.0,0.0
STAB2,0.46251500231643017,0.4064371138972071,0.0,1.0,0.0
STAG1,0.4987842687176729,0.40302707705929186,0.0,1.0,0.0
STAG2,0.578901081468815,1.0,1.0,1.0,0.0
STAM,0.5910512929972074,0.7341227079736335,1.0,1.0,0.0
STAM2,0.4644358011085856,1.0,0.0,1.0,0.0
STAMBP,0.542031350404085,0.37665463564939144,0.0,0.33333333333333326,0.0
STAMBPL1,0.6000174255240633,0.1566465586697065,0.0,1.0,0.0
STAP1,0.364792946172005,0.938694462694697,1.0,1.0,0.0
STAP2,0.4531416191785938,0.9130331483213063,1.0,1.0,0.0
STARD10,0.48516598940698447,0.32192347695222956,1.0,1.0,0.0
STARD13,0.5468224085693398,0.18857775272002741,0.0,0.33333333333333326,0.0
STARD3NL,0.5931298069885547,0.944695978450969,0.0,1.0,0.0
STARD5,0.46028294877878906,0.8169843658124166,1.0,1.0,0.0
STARD7,0.5293705347771431,0.318557724707147,0.0,0.33333333333333326,0.0
STAT1,0.6080972305796167,0.4084981712428439,0.0,0.33333333333333326,0.0
STAT4,0.4657525919113681,0.721267969139678,0.0,1.0,0.0
STAT5A,0.5610346882962663,0.1102794661678084,0.0,0.33333333333333326,0.0
STAT5B,0.5899721735666859,0.24040447506148832,0.0,0.33333333333333326,0.0
STAU1,0.6170564527570543,1.0,1.0,1.0,0.0
STBD1,0.4798446175275544,0.09239994214166149,0.0,1.0,0.0
STC1,0.68418094391031,1.0,1.0,1.0,0.0
STC2,0.7942202384209863,1.0,1.0,1.0,0.0
STEAP3,0.5910650153930755,0.32883790710501126,0.0,0.33333333333333326,0.0
STEEP1,0.5768280765714475,0.42463919979466663,0.0,0.33333333333333326,0.0
STIL,0.6375663083646116,0.8461144526044441,1.0,1.0,0.0
STIM1,0.4897805336818414,1.0,1.0,1.0,0.0
STIP1,0.6002599953110331,0.9397687816313203,0.0,1.0,0.0
STK11,0.5366599002639103,0.17797226578537118,0.0,0.33333333333333326,0.0
STK17A,0.4702493478593202,0.6077008489598712,0.0,0.33333333333333326,0.0
STK17B,0.44073886131209655,0.6751026439053185,0.0,0.33333333333333326,0.0
STK24,0.5690381740394533,0.028030781073956967,0.0,0.33333333333333326,0.0
STK25,0.5748381439994227,0.7950707225407572,0.0,1.0,0.0
STK26,0.5959381626846771,0.41716495263648384,1.0,1.0,0.0
STK3,0.6326658353948442,0.8107293509754807,1.0,1.0,0.0
STK31,0.6432808934913222,0.5363260539518102,1.0,1.0,0.0
STK35,0.5846917297985047,0.26595851520243996,1.0,1.0,0.0
STK36,0.5684162172074286,0.12362524605689909,0.0,1.0,0.0
STK38L,0.5946175869820776,0.7344719535631204,0.0,0.33333333333333326,0.0
STK4,0.5818679819563677,0.43688811034776776,1.0,1.0,0.0
STMN1,0.6144663354083131,0.6865423268154488,1.0,1.0,0.0
STMN2,0.27054105555523034,1.0,1.0,1.0,0.0
STMN3,0.6717316029252259,0.8960400722822774,1.0,1.0,0.0
STOM,0.51885284914304,0.28966996390349714,1.0,0.33333333333333326,0.0
STOML1,0.5621200586547068,0.16345893512039475,1.0,1.0,0.0
STOML2,0.5708472906600727,0.46534050801877436,1.0,1.0,0.0
STON2,0.4803913334844421,0.8878648647264522,0.0,1.0,0.0
STOX1,0.6249024876607093,0.2981537547012103,0.0,0.33333333333333326,0.0
STOX2,0.42814383611999435,0.791200661029357,0.0,1.0,0.0
STPG1,0.4627745890647659,0.6204289916624462,1.0,1.0,0.0
STRA6,0.5854978058736922,0.4010360367690694,0.0,1.0,0.0
STRADB,0.46217477702460913,0.8428342478084918,0.0,1.0,0.0
STRAP,0.5986101232183236,1.0,1.0,1.0,0.0
STRIP2,0.6213679304004217,0.4717148901370264,1.0,1.0,0.0
STRN,0.590420244120334,0.28621259481175765,0.0,1.0,0.0
STRN3,0.48441643660422157,0.6491569915013021,0.0,0.33333333333333326,0.0
STRN4,0.5805349330939016,0.17105539331737146,0.0,0.33333333333333326,0.0
STS,0.4673863877491927,0.6254030143903123,0.0,1.0,0.0
STT3A,0.585535089528814,0.5950472246312857,0.0,0.33333333333333326,0.0
STT3B,0.5912240400669331,0.5060216871607545,0.0,1.0,0.0
STUM,0.5125179736905396,0.09258605794314319,0.0,0.0,0.0
STX10,0.562245414558873,0.27199047941985693,1.0,1.0,0.0
STX12,0.45079664711552286,1.0,0.0,1.0,0.0
STX16,0.5920387043901559,1.0,1.0,1.0,0.0
STX19,0.4237068735344429,1.0,0.0,1.0,0.0
STX1A,0.6248254649850102,0.29611725906529346,0.0,1.0,0.0
STX2,0.5973108208643476,0.4501495561535078,0.0,1.0,0.0
STX6,0.5695712169648113,0.36063699752391987,1.0,1.0,0.0
STX7,0.5466461049464761,0.03687477941366827,0.0,0.33333333333333326,0.0
STX8,0.4967522633666471,0.42628888074920823,0.0,1.0,0.0
STXBP1,0.6737865386571006,1.0,1.0,1.0,0.0
STXBP3,0.5029338242417375,0.20900698506443807,0.0,0.33333333333333326,0.0
STXBP5,0.4769353752397632,0.8425214832035687,0.0,1.0,0.0
STYK1,0.40517994024353965,1.0,1.0,1.0,0.0
STYXL1,0.5665370107273802,0.15750199164608278,0.0,1.0,0.0
STYXL2,0.672473661771274,0.2610048661100636,1.0,1.0,0.0
SUCLA2,0.5507122655072485,0.12470840266672734,0.0,0.33333333333333326,0.0
SUCLG1,0.4829841087525527,1.0,0.0,1.0,0.0
SUCLG2,0.4305773155072459,1.0,0.0,1.0,0.0
SUCNR1,0.5466919897922783,0.18725855493547966,0.0,0.33333333333333326,0.0
SUCO,0.5902236139168351,0.7439771146345672,0.0,1.0,0.0
SUGCT,0.39216079701690615,1.0,1.0,1.0,0.0
SUGP1,0.5614175318975554,0.07936257313270191,1.0,1.0,0.0
SUGP2,0.5924133449293474,0.25252199289743643,0.0,1.0,0.0
SUGT1,0.6024525957192707,1.0,1.0,1.0,0.0
SULF1,0.724131866393533,1.0,1.0,1.0,0.0
SULF2,0.576404529989147,0.19695505509016106,0.0,1.0,0.0
SULT1A1,0.3881385601048449,1.0,1.0,1.0,0.0
SULT1A2,0.3864024302416633,1.0,1.0,1.0,0.0
SULT1B1,0.35334541857241003,1.0,1.0,1.0,0.0
SULT1C2,0.633188707403777,0.29610962122998435,1.0,1.0,0.0
SULT1E1,0.4109344119477752,0.35154257750472273,0.0,1.0,0.0
SULT2B1,0.63064689920922,1.0,1.0,1.0,0.0
SUMF2,0.5702098216618928,0.23162604913945523,1.0,1.0,0.0
SUMO3,0.53317018236141,0.167358656241401,0.0,0.33333333333333326,0.0
SUN2,0.5038348092465702,0.1814104394559481,0.0,1.0,0.0
SUOX,0.5273324728724172,0.33053027626148,0.0,0.33333333333333326,0.0
SUPT16H,0.5922014778817923,0.6772789727513037,0.0,1.0,0.0
SUPT20H,0.5843370122289422,0.8457255216987928,1.0,1.0,0.0
SUPT3H,0.6093069697755956,0.5276768247169226,0.0,1.0,0.0
SUPT5H,0.5563970056835701,0.09911046668655757,1.0,1.0,0.0
SURF2,0.6026547584837588,0.392283994544427,1.0,1.0,0.0
SURF4,0.562955418330631,0.05177054209367943,1.0,1.0,0.0
SURF6,0.57584137967636,0.6785851131652473,0.0,1.0,0.0
SUSD6,0.4846455160790718,0.4665561888952982,0.0,1.0,0.0
SUV39H1,0.6085837125371236,1.0,1.0,1.0,0.0
SUV39H2,0.6321710285326724,0.41325737083266545,1.0,1.0,0.0
SUZ12,0.5937778909898773,0.3984688722731209,0.0,1.0,0.0
SVIL,0.47938132446470005,0.3284867725784771,0.0,0.33333333333333326,0.0
SVOPL,0.3721474912475585,1.0,0.0,1.0,0.0
SWI5,0.575961939386748,0.2899463373860884,1.0,1.0,0.0
SWT1,0.5085210420738575,0.18100723983587141,0.0,0.33333333333333326,0.0
SYAP1,0.5751758503911725,0.515577073919772,0.0,1.0,0.0
SYBU,0.6085264319371716,0.30354971307971557,0.0,1.0,0.0
SYDE1,0.5769129267964371,0.6345073233462477,0.0,0.33333333333333326,0.0
SYF2,0.5056977109838016,0.3253363316138042,0.0,1.0,0.0
SYNC,0.41040973577438394,1.0,1.0,1.0,0.0
SYNCRIP,0.6337191739534912,0.5181781509987807,0.0,0.33333333333333326,0.0
SYNE1,0.43225475264479307,1.0,1.0,1.0,0.0
SYNE2,0.46791674069322425,0.5065400507697624,0.0,1.0,0.0
SYNE3,0.3959285072431421,1.0,1.0,1.0,0.0
SYNE4,0.6241569783779559,0.5434929466722752,1.0,1.0,0.0
SYNGR1,0.47393539456506806,0.8795942460994517,1.0,1.0,0.0
SYNGR2,0.5856280279324088,0.49544150460034747,1.0,1.0,0.0
SYNJ1,0.4768454614655776,0.6748000736748041,0.0,0.33333333333333326,0.0
SYNM,0.3932523793267488,0.7074648791274052,1.0,1.0,0.0
SYNPO,0.4563254763879112,0.5416017092413461,1.0,1.0,0.0
SYNPO2,0.38785759354343785,0.9944939403482523,1.0,1.0,0.0
SYNRG,0.5030088560563581,0.3423896618489041,0.0,0.33333333333333326,0.0
SYPL1,0.5920742682998303,0.5358216333393894,0.0,0.33333333333333326,0.0
SYS1,0.5709671187909354,0.1734136935864468,0.0,1.0,0.0
SYT1,0.5306652910493921,0.17445087983708166,0.0,0.33333333333333326,0.0
SYT11,0.5331739382632991,0.01562483291066406,0.0,0.33333333333333326,0.0
SYT13,0.4545456066394285,0.6260684190929009,0.0,1.0,0.0
SYT15,0.49095325735324297,0.05924572095738071,0.0,1.0,0.0
SYT17,0.42450568197406036,0.3530385603325456,0.0,1.0,0.0
SYTL2,0.4485649941124671,1.0,1.0,1.0,0.0
SYTL4,0.5189801880170315,0.49463695559738574,1.0,0.33333333333333326,0.0
SYTL5,0.4352159086445904,0.6863216130713559,1.0,1.0,0.0
TAB2,0.4791973763675582,0.781791813846809,0.0,0.33333333333333326,0.0
TAB3,0.5813221720712752,0.020320321358952755,0.0,0.33333333333333326,0.0
TAC1,0.5632426270773883,0.2224500261789804,1.0,0.33333333333333326,0.0
TAC3,0.48992933204555184,0.424171986275375,0.0,1.0,0.0
TACC3,0.6271184948926751,1.0,1.0,1.0,0.0
TACR2,0.43981147104742657,0.3078697565199023,0.0,1.0,0.0
TACSTD2,0.796254865065847,1.0,1.0,1.0,0.0
TADA1,0.5900320627534635,0.27310384197595977,0.0,1.0,0.0
TADA2B,0.4837758533166898,0.5341051668325221,0.0,1.0,0.0
TADA3,0.5303987068015515,0.0788163764197977,0.0,0.33333333333333326,0.0
TAF10,0.5752251120094484,0.40332768078883297,0.0,1.0,0.0
TAF13,0.4931428713885911,0.47665359253547873,0.0,0.33333333333333326,0.0
TAF1A,0.6395615113145464,1.0,1.0,1.0,0.0
TAF1B,0.6210244173481428,0.34264522544628373,0.0,1.0,0.0
TAF1D,0.5901249463572044,0.3143670151581953,1.0,1.0,0.0
TAF2,0.5832410307558373,0.7872520135315748,1.0,1.0,0.0
TAF3,0.5596575584723708,0.24007222323767669,0.0,0.33333333333333326,0.0
TAF4,0.6180593129662637,0.9481177331206286,1.0,1.0,0.0
TAF4B,0.5993650461925697,0.4974690331350516,0.0,1.0,0.0
TAF5L,0.5825969411459612,0.08788246874588294,0.0,1.0,0.0
TAF6,0.5752932925685267,0.27241234414048604,1.0,1.0,0.0
TAF6L,0.5355397132915433,0.05300376467768435,0.0,0.33333333333333326,0.0
TAF8,0.5628828540036384,0.14077823701976405,1.0,1.0,0.0
TAFA2,0.4156425714385331,0.3849645828063727,0.0,1.0,0.0
TAFA5,0.588944094293407,0.38334131058764237,1.0,1.0,0.0
TAGAP,0.4786944061100621,0.6598854276252468,0.0,1.0,0.0
TAGLN2,0.5945224558486106,1.0,1.0,1.0,0.0
TAGLN3,0.4438353964298088,0.65371082204839,0.0,1.0,0.0
TALDO1,0.588894832983021,0.8605454709791135,1.0,1.0,0.0
TAMM41,0.6127669137643244,0.6719236383529036,0.0,1.0,0.0
TANC1,0.520155510572829,0.04377414643636035,0.0,0.33333333333333326,0.0
TANC2,0.4814467887836546,0.24899653550271025,0.0,1.0,0.0
TANGO6,0.5820693593572206,0.5639955807953986,1.0,1.0,0.0
TANK,0.492971832261518,0.5441928157480223,0.0,0.33333333333333326,0.0
TAOK1,0.5700859124377057,0.1384402360629136,0.0,0.33333333333333326,0.0
TAOK3,0.4988565551844511,0.347921369532357,1.0,1.0,0.0
TAP1,0.6018120669150688,0.7471509996520395,1.0,1.0,0.0
TAP2,0.6278181303705196,0.6289562754974989,0.0,0.33333333333333326,0.0
TAPBPL,0.49627402487211814,0.2819005106767681,0.0,0.33333333333333326,0.0
TAPT1,0.49414131047227816,0.37604917497463203,0.0,1.0,0.0
TARBP1,0.6082252952390705,0.6638467766778949,1.0,1.0,0.0
TARBP2,0.5857726861660262,0.638598111613933,1.0,1.0,0.0
TARDBP,0.5813915942951147,0.6888241032562867,1.0,1.0,0.0
TARS1,0.598589656527806,1.0,1.0,1.0,0.0
TARS3,0.5043989036210598,0.23974822719039243,0.0,0.33333333333333326,0.0
TAS2R39,0.4016093826435134,0.9207251757277578,0.0,1.0,0.0
TASOR2,0.607061499971718,0.7368199232669903,0.0,0.33333333333333326,0.0
TASP1,0.605754831901185,0.17436815829101326,0.0,1.0,0.0
TATDN1,0.5931369735690606,1.0,1.0,1.0,0.0
TATDN2,0.5566232167066538,0.5886908600466048,0.0,1.0,0.0
TATDN3,0.5017064791601482,0.2093781334364301,0.0,0.33333333333333326,0.0
TBC1D1,0.5173129559415119,0.33177333517499247,1.0,0.33333333333333326,0.0
TBC1D10A,0.4800639322948198,1.0,0.0,1.0,0.0
TBC1D10B,0.5726060956898122,0.29752374969436485,1.0,1.0,0.0
TBC1D10C,0.46474425867324853,0.32472649156831845,0.0,1.0,0.0
TBC1D12,0.48039429516851245,0.6498636995022483,0.0,1.0,0.0
TBC1D16,0.6539159284132122,1.0,1.0,1.0,0.0
TBC1D19,0.6169476812796164,0.35188371039972416,0.0,1.0,0.0
TBC1D2,0.5609785564543692,0.5491824124292377,1.0,0.33333333333333326,0.0
TBC1D24,0.6236054522390705,0.8677874981076871,1.0,1.0,0.0
TBC1D30,0.629818919721798,0.5324155142964172,1.0,1.0,0.0
TBC1D31,0.611276880216886,0.5860862611453451,1.0,1.0,0.0
TBC1D32,0.4878855477355136,0.32691471863469945,0.0,0.33333333333333326,0.0
TBC1D4,0.6012614309074011,0.9772966011287622,1.0,1.0,0.0
TBC1D5,0.5734311800626748,0.2905747514241145,0.0,1.0,0.0
TBC1D7,0.5735318532790268,0.13876853091292612,1.0,1.0,0.0
TBC1D9,0.44846223046181743,1.0,1.0,1.0,0.0
TBC1D9B,0.5506788840246581,0.07025824562115762,0.0,0.33333333333333326,0.0
TBCA,0.5919278754085843,0.5138747473610257,0.0,1.0,0.0
TBCB,0.5815332484965238,0.7657807587073608,1.0,1.0,0.0
TBCCD1,0.5707572401771646,0.0933279688767241,0.0,1.0,0.0
TBCD,0.5953200466912892,0.530596344400372,1.0,1.0,0.0
TBCE,0.5904904198224639,0.3103514285697836,0.0,1.0,0.0
TBCK,0.5100660801252475,0.12304622886687483,0.0,0.33333333333333326,0.0
TBK1,0.5791433153987814,0.0648029072729513,0.0,1.0,0.0
TBL2,0.598170821720306,1.0,1.0,1.0,0.0
TBL3,0.6159752807510612,0.7152188904514729,1.0,1.0,0.0
TBP,0.5730114473498896,0.03855415840142976,0.0,1.0,0.0
TBRG1,0.4795518270786536,0.38153589979032543,0.0,0.33333333333333326,0.0
TBX10,0.48346132171557277,0.1735932508965985,1.0,1.0,0.0
TBXA2R,0.5516986567370286,0.1313263081430621,0.0,0.33333333333333326,0.0
TBXAS1,0.6075269162386608,0.7956446749611761,1.0,1.0,0.0
TCAIM,0.5748241555242481,0.6046985000577916,1.0,1.0,0.0
TCEA1,0.5765707452665807,0.5013390547219565,1.0,1.0,0.0
TCEA3,0.409910319142653,1.0,1.0,1.0,0.0
TCEAL1,0.5668775876371054,0.2727766380193124,1.0,0.33333333333333326,0.0
TCEAL2,0.42985201408677326,0.7126542043429691,0.0,0.33333333333333326,0.0
TCEAL4,0.6274604251863558,0.4597419617914159,0.0,0.33333333333333326,0.0
TCEAL7,0.4150207899663788,1.0,0.0,1.0,0.0
TCEAL8,0.5210421303576515,0.15556448543626955,0.0,0.33333333333333326,0.0
TCEAL9,0.5046615147828869,0.2007992277439812,0.0,0.33333333333333326,0.0
TCEANC,0.5334550889953363,0.22467200447489985,0.0,0.33333333333333326,0.0
TCERG1,0.5917372039807368,0.9991017635538934,0.0,1.0,0.0
TCF12,0.57905872768716,0.1934882680997302,0.0,1.0,0.0
TCF19,0.591658556745102,0.4930084822092228,1.0,1.0,0.0
TCF20,0.5904621912791478,0.44616470297884075,1.0,1.0,0.0
TCF21,0.37008060322833086,1.0,1.0,1.0,0.0
TCF25,0.5089977107085568,0.27715457015750894,0.0,0.33333333333333326,0.0
TCF3,0.6309978261587347,1.0,1.0,1.0,0.0
TCF7,0.5938511814500905,0.769784405947933,1.0,1.0,0.0
TCF7L1,0.5428944879808285,0.10588502139094974,0.0,0.33333333333333326,0.0
TCF7L2,0.48527219536038335,0.750962675577325,0.0,0.33333333333333326,0.0
TCFL5,0.6562994658437997,1.0,1.0,1.0,0.0
TCHP,0.5581645334717583,0.07382585884491946,1.0,0.33333333333333326,0.0
TCIM,0.5051421977657623,0.4666627402778251,0.0,0.33333333333333326,0.0
TCL1A,0.4219275595305243,0.4718259710458861,1.0,1.0,0.0
TCN1,0.7487450029248139,0.955681395055342,1.0,1.0,0.0
TCN2,0.4532219780429568,1.0,1.0,1.0,0.0
TCOF1,0.6133437949508922,0.5670096388389532,1.0,1.0,0.0
TCP11L1,0.43510104388792037,1.0,0.0,0.33333333333333326,0.0
TCP11L2,0.4855729295686255,0.44521590346013773,0.0,1.0,0.0
TCTA,0.5021431142695233,0.25452187767759893,0.0,1.0,0.0
TCTN1,0.6011847365259573,0.6241726183148111,1.0,1.0,0.0
TDG,0.5852812114782355,0.17631333455540457,0.0,1.0,0.0
TDO2,0.6593581235274002,0.7163097646417506,0.0,1.0,0.0
TDP1,0.5905259005190772,1.0,1.0,1.0,0.0
TDP2,0.4176321947485109,1.0,1.0,1.0,0.0
TDRD7,0.4819620799876717,0.5373378084953472,0.0,0.33333333333333326,0.0
TDRKH,0.6159287564238652,1.0,1.0,1.0,0.0
TDRP,0.47109834681634927,0.23344226972087392,0.0,1.0,0.0
TEAD1,0.6159890142885126,0.9333270218430165,0.0,0.33333333333333326,0.0
TEAD4,0.7243050077550078,1.0,1.0,1.0,0.0
TECR,0.5913515534742451,0.48837476473640706,1.0,1.0,0.0
TECRL,0.592056275610225,0.07721791419340789,0.0,1.0,0.0
TEDC2,0.6103354073770724,0.5637205396813025,0.0,1.0,0.0
TEF,0.4652280910693075,0.35311435277865433,1.0,1.0,0.0
TEK,0.45456031909858813,0.6756365349368567,0.0,0.33333333333333326,0.0
TELO2,0.5968857632683248,0.597365442711475,0.0,1.0,0.0
TENM2,0.48512610255496524,0.07534305567059413,0.0,1.0,0.0
TENT2,0.48522383032993394,1.0,0.0,0.33333333333333326,0.0
TENT4A,0.5895799071611475,0.7727407857955738,1.0,1.0,0.0
TENT5A,0.45639761635911885,1.0,1.0,1.0,0.0
TENT5C,0.40898016736278203,1.0,1.0,1.0,0.0
TEP1,0.4437757670163555,1.0,1.0,1.0,0.0
TERF1,0.5669981207688585,0.1411893927632509,0.0,1.0,0.0
TESC,0.7841153056401798,1.0,1.0,1.0,0.0
TESK2,0.4666279866544965,1.0,1.0,1.0,0.0
TET2,0.46058924339157786,1.0,0.0,1.0,0.0
TEX10,0.6281367761199838,0.6567038050771711,1.0,1.0,0.0
TEX11,0.3561003088816141,1.0,1.0,1.0,0.0
TEX2,0.5592425246137924,0.3452889231102781,0.0,1.0,0.0
TEX264,0.5645097496347615,0.057450779346134566,0.0,1.0,0.0
TEX30,0.6351549081986075,1.0,1.0,1.0,0.0
TEX38,0.48650431111354875,0.2077730071719366,0.0,1.0,0.0
TEX9,0.5350266655160466,0.12189597407718537,0.0,0.33333333333333326,0.0
TFAM,0.6265038043125439,0.35391844750431295,0.0,1.0,0.0
TFAP2A,0.6312333213027432,0.4710192923023974,0.0,1.0,0.0
TFAP2C,0.6418423723837557,1.0,1.0,1.0,0.0
TFB1M,0.5840904997022436,0.4353000316929492,1.0,1.0,0.0
TFB2M,0.5949332739238701,0.5862930802148617,1.0,1.0,0.0
TFCP2,0.5706293786161295,0.15018252972177135,0.0,0.33333333333333326,0.0
TFCP2L1,0.43052078550859546,1.0,1.0,1.0,0.0
TFDP1,0.6208895423176313,1.0,1.0,1.0,0.0
TFDP2,0.5966619084793079,0.36326674862295283,0.0,0.33333333333333326,0.0
TFE3,0.5848201716279215,0.5242421031547517,1.0,1.0,0.0
TFEC,0.48120274364543886,0.2505156833134335,0.0,0.33333333333333326,0.0
TFF3,0.48214671607895215,0.09611498631563523,0.0,0.33333333333333326,0.0
TFPT,0.5865024895246552,0.26121568542864726,0.0,1.0,0.0
TFR2,0.580094393224806,0.5710428296020796,0.0,1.0,0.0
TFRC,0.6020844230926662,0.18665348181967753,0.0,1.0,0.0
TGDS,0.6146812140778803,0.9189737108611435,1.0,1.0,0.0
TGFA,0.43225718118043527,1.0,0.0,1.0,0.0
TGFB1I1,0.528896425970482,0.016944523584375388,0.0,0.33333333333333326,0.0
TGFB2,0.5957511332748363,0.2987925049475581,0.0,1.0,0.0
TGFBI,0.7410677250516133,1.0,1.0,1.0,0.0
TGFBR1,0.6167012672093788,0.6308459569483456,0.0,0.33333333333333326,0.0
TGFBR2,0.5632124734532811,0.13561900887686196,1.0,0.33333333333333326,0.0
TGFBRAP1,0.5781911457545189,0.5477428123204395,1.0,1.0,0.0
TGIF1,0.605554787707204,0.8541459199353324,1.0,1.0,0.0
TGIF2,0.6820694820957552,0.9645167835833885,1.0,1.0,0.0
TGM2,0.6553003387303906,1.0,1.0,1.0,0.0
TGM3,0.4997026993142287,0.0793950660633907,0.0,1.0,0.0
TGM6,0.4634521325228612,0.4039524087453468,0.0,1.0,0.0
TGOLN2,0.5011159618484563,0.7767796959018638,0.0,0.33333333333333326,0.0
TGS1,0.6191109696572545,0.6535001891275114,1.0,1.0,0.0
THADA,0.6079949380577416,0.7092201561435598,0.0,1.0,0.0
THAP10,0.5919238749190341,0.307112082113684,1.0,1.0,0.0
THAP11,0.5436052285639653,0.20822979569911715,0.0,0.33333333333333326,0.0
THAP12,0.5747382159356139,0.11733458677005609,0.0,1.0,0.0
THAP2,0.5700238356028278,0.12734272672705235,0.0,0.33333333333333326,0.0
THAP4,0.4872329152387702,0.7431829294678864,0.0,1.0,0.0
THBD,0.566310285313022,0.3126464231904914,1.0,0.33333333333333326,0.0
THBS1,0.5106938660383628,0.19685486284652742,0.0,0.33333333333333326,0.0
THBS2,0.7996373785617213,1.0,1.0,1.0,0.0
THBS3,0.5338469821042537,0.05322260541137947,0.0,0.33333333333333326,0.0
THBS4,0.4907541700619008,0.18250214863567052,0.0,0.33333333333333326,0.0
THEM4,0.5794315670299683,0.21433292419848854,0.0,0.33333333333333326,0.0
THEM6,0.6532897792931079,0.8376739404124461,1.0,1.0,0.0
THEMIS,0.39574705292392914,0.8093536711533503,0.0,1.0,0.0
THNSL1,0.5858994600898987,0.45106890169862396,1.0,1.0,0.0
THOC2,0.6009819452372814,0.315120898503797,1.0,1.0,0.0
THOC5,0.5835390288073072,0.4644100220409521,0.0,1.0,0.0
THOC6,0.6065958085561162,0.10912197704861383,0.0,1.0,0.0
THOC7,0.5894394040385132,0.5279971317404325,0.0,1.0,0.0
THRB,0.37038806684276776,1.0,1.0,1.0,0.0
THSD4,0.47638327468447395,0.6459666570852644,0.0,0.33333333333333326,0.0
THUMPD2,0.5946725392579099,0.887449016430269,1.0,1.0,0.0
THUMPD3,0.5783997912331061,0.24961882118654152,0.0,1.0,0.0
THY1,0.6876045951221494,0.9563119258677468,1.0,1.0,0.0
THYN1,0.5310591778804284,0.018845940391665036,0.0,0.33333333333333326,0.0
TIAL1,0.5742613069047259,0.10197299120161726,0.0,1.0,0.0
TIAM1,0.42193102439075764,0.5531837675615309,1.0,1.0,0.0
TICRR,0.6415410356663075,0.759427776216594,1.0,1.0,0.0
TIE1,0.6095245731257287,0.1068677184111378,0.0,0.33333333333333326,0.0
TIFAB,0.4571763938742548,0.2667311364705404,0.0,1.0,0.0
TIGAR,0.6114205123400585,0.5458898691590858,0.0,1.0,0.0
TIGD1,0.6051755931413819,0.57837597861963,1.0,1.0,0.0
TIGD2,0.595213473589041,0.45345768084554733,1.0,1.0,0.0
TIGD5,0.5934865936016309,0.6947619896320293,1.0,1.0,0.0
TIGD7,0.48811727379830255,0.3186924359034146,1.0,1.0,0.0
TIGIT,0.4705390949715162,0.17824012115174015,0.0,0.33333333333333326,0.0
TIMD4,0.43920411598592213,0.4433679992470666,0.0,1.0,0.0
TIMELESS,0.6248893409770758,1.0,1.0,1.0,0.0
TIMM10,0.5841543930495455,0.23013641222365744,1.0,1.0,0.0
TIMM13,0.5762764571851735,0.22190211142231242,1.0,1.0,0.0
TIMM17A,0.5773368853325723,0.1554153331175589,1.0,1.0,0.0
TIMM17B,0.5933895831991473,1.0,1.0,1.0,0.0
TIMM21,0.48159579768724586,0.8376512524059564,0.0,1.0,0.0
TIMM23B,0.5880420909916495,0.5460441707355101,1.0,1.0,0.0
TIMM29,0.6005428018117991,0.6009848590061886,1.0,1.0,0.0
TIMM44,0.5736599629880066,0.2050360432041966,1.0,1.0,0.0
TIMM50,0.6302205928172219,1.0,1.0,1.0,0.0
TIMM8B,0.5534801994144342,0.14758783298520597,0.0,0.33333333333333326,0.0
TIMM9,0.5755536691748282,0.3600685590795837,1.0,1.0,0.0
TIMP1,0.697399826250806,0.6995789089970585,1.0,1.0,0.0
TIMP2,0.5269022500190883,0.15854529288618324,0.0,0.33333333333333326,0.0
TIMP3,0.5575764174731904,0.34899895561795025,0.0,0.33333333333333326,0.0
TINAG,0.4346989197429361,1.0,0.0,1.0,0.0
TINCR,0.4279486388350433,0.6680441705214747,1.0,1.0,0.0
TINF2,0.49510353919702654,1.0,1.0,1.0,0.0
TIPARP,0.5457241251476548,0.27929838111017496,0.0,0.33333333333333326,0.0
TIPIN,0.6056648226882833,0.4751661323194854,1.0,1.0,0.0
TJAP1,0.5886481417335245,0.32622227074885946,0.0,1.0,0.0
TJP1,0.5437346750426809,0.3204725333942113,0.0,0.33333333333333326,0.0
TJP3,0.4707419350047343,0.4147092546646801,0.0,0.33333333333333326,0.0
TK1,0.5979173788985632,0.4070488298070073,1.0,1.0,0.0
TKT,0.6420841508944077,1.0,1.0,1.0,0.0
TLCD1,0.6293841397437551,0.5946302309671733,1.0,1.0,0.0
TLCD2,0.44738235987491,1.0,1.0,1.0,0.0
TLCD3A,0.6283636484947009,0.7247881578209238,1.0,1.0,0.0
TLCD4,0.4323768564019484,1.0,0.0,1.0,0.0
TLE4,0.444111036051175,1.0,0.0,1.0,0.0
TLE6,0.4948031339987489,0.16299842683145443,0.0,1.0,0.0
TLK1,0.5066692105478474,0.31745663345544356,0.0,0.33333333333333326,0.0
TLN2,0.4715012085098266,1.0,0.0,0.33333333333333326,0.0
TLR1,0.4561053137192093,0.3618278436505956,1.0,1.0,0.0
TLR10,0.4439242053083528,0.16884786174825658,0.0,1.0,0.0
TLR2,0.5985245341430658,0.17061056176818476,0.0,0.33333333333333326,0.0
TLR3,0.3769411381946211,1.0,1.0,1.0,0.0
TLR4,0.49005231286153594,0.10730509309913647,0.0,0.33333333333333326,0.0
TLR7,0.4576670300039427,0.14472918421988662,0.0,1.0,0.0
TM2D1,0.5573878738138307,0.03993371802086556,0.0,0.33333333333333326,0.0
TM2D2,0.5790161074832325,0.3714343039990933,0.0,1.0,0.0
TM2D3,0.564671614650301,0.04632300054326512,0.0,0.33333333333333326,0.0
TM4SF1,0.6408428620947473,1.0,0.0,1.0,0.0
TM6SF2,0.46197324922306343,0.5131009756637508,0.0,1.0,0.0
TM7SF2,0.5835815365835035,0.1804469766159329,1.0,1.0,0.0
TM9SF4,0.6242073973545648,1.0,1.0,1.0,0.0
TMA16,0.5995094238002912,0.31912892471935556,0.0,1.0,0.0
TMA7,0.5520355018469884,0.06306738354147651,0.0,1.0,0.0
TMBIM4,0.49886606472587486,0.6585909703075653,0.0,1.0,0.0
TMBIM6,0.5069224583513301,0.08202268634900742,0.0,0.33333333333333326,0.0
TMC6,0.5847182168454624,0.26861361154182595,0.0,1.0,0.0
TMCC1,0.6295320475946574,1.0,0.0,1.0,0.0
TMCC3,0.3850428275371774,1.0,1.0,1.0,0.0
TMCO1,0.47928701805850205,1.0,0.0,0.33333333333333326,0.0
TMED1,0.5999004721440626,0.17627015938830948,0.0,1.0,0.0
TMED10,0.510177555606971,0.5460438239755443,0.0,0.33333333333333326,0.0
TMED3,0.578561756043897,0.2609041653856906,1.0,1.0,0.0
TMED6,0.42544783453700585,0.3111211760104693,0.0,1.0,0.0
TMED9,0.5776018565016636,0.4420616917580651,0.0,1.0,0.0
TMEFF2,0.6052105896189752,0.328325172825966,0.0,1.0,0.0
TMEM100,0.32318855099895943,1.0,1.0,1.0,0.0
TMEM109,0.5880816445826935,0.8396971435306639,1.0,1.0,0.0
TMEM11,0.533256160453064,0.07274176623780347,0.0,0.33333333333333326,0.0
TMEM116,0.4855931592440631,0.9206840267508272,0.0,0.33333333333333326,0.0
TMEM117,0.5634140222259016,0.10095925959413211,0.0,1.0,0.0
TMEM120A,0.48860897475459847,0.3488300635115481,1.0,1.0,0.0
TMEM123,0.6129713204707257,0.38000995135643867,0.0,1.0,0.0
TMEM125,0.49302454073644225,0.371552636929249,0.0,1.0,0.0
TMEM126B,0.5792934073015243,0.2297516872563725,0.0,1.0,0.0
TMEM127,0.48701835480718797,0.6403283377821904,0.0,1.0,0.0
TMEM128,0.5099015684618092,0.09080147389451754,0.0,0.33333333333333326,0.0
TMEM129,0.5024064672027907,0.18358205569239333,0.0,0.33333333333333326,0.0
TMEM131,0.4379557493342855,1.0,0.0,0.33333333333333326,0.0
TMEM131L,0.5394168726104501,0.16297304468349594,0.0,0.33333333333333326,0.0
TMEM132A,0.6364589017870643,1.0,1.0,1.0,0.0
TMEM140,0.43887457882695374,1.0,1.0,1.0,0.0
TMEM147,0.609938429451302,1.0,1.0,1.0,0.0
TMEM14A,0.5918269953507548,0.47487780273906877,1.0,1.0,0.0
TMEM14C,0.5159059221797948,0.10888846130471222,0.0,0.33333333333333326,0.0
TMEM154,0.6143556996198984,0.127446294802741,0.0,1.0,0.0
TMEM158,0.7261931570014518,1.0,1.0,1.0,0.0
TMEM160,0.5904915883079133,0.3569561213819747,1.0,1.0,0.0
TMEM161A,0.6220414055283399,1.0,1.0,1.0,0.0
TMEM161B,0.496107323814736,0.5203686623656312,0.0,0.33333333333333326,0.0
TMEM165,0.6139521063866148,0.17105240570328623,0.0,0.33333333333333326,0.0
TMEM167B,0.4867463954499132,0.4346150416763027,0.0,0.33333333333333326,0.0
TMEM168,0.5006538446848469,0.5629976982546216,0.0,0.33333333333333326,0.0
TMEM17,0.6131904129229476,0.24538546270934128,0.0,0.33333333333333326,0.0
TMEM170A,0.4912538876099052,0.723377303691797,0.0,1.0,0.0
TMEM171,0.35961254686574823,1.0,1.0,1.0,0.0
TMEM176B,0.4896347436670161,0.1731393283395531,0.0,0.33333333333333326,0.0
TMEM184B,0.5955100886951945,0.47338992426817156,1.0,1.0,0.0
TMEM185B,0.6400572085734443,0.8369601060131485,1.0,1.0,0.0
TMEM19,0.48374756656562323,0.5067823867820408,0.0,1.0,0.0
TMEM198,0.5975981342404806,0.28518819317415617,0.0,1.0,0.0
TMEM201,0.635290176121232,0.6322522427298334,1.0,1.0,0.0
TMEM205,0.5718479068759881,0.3329272536019406,0.0,1.0,0.0
TMEM208,0.5673525748206898,0.6513472144073112,1.0,1.0,0.0
TMEM209,0.590878954729617,0.327684688023515,0.0,0.33333333333333326,0.0
TMEM214,0.5642129937793227,0.184265374751564,1.0,1.0,0.0
TMEM216,0.5919786385352591,0.39849172499596464,0.0,1.0,0.0
TMEM220,0.3531476558663492,1.0,1.0,1.0,0.0
TMEM225,0.5070269838880366,0.027560402092353622,0.0,1.0,0.0
TMEM230,0.5767425967155679,0.2989180341737999,0.0,0.33333333333333326,0.0
TMEM231,0.6205747383856287,0.7114192286151152,1.0,1.0,0.0
TMEM237,0.6332599962898176,0.7739849331982618,1.0,1.0,0.0
TMEM238L,0.40491078199229436,1.0,1.0,1.0,0.0
TMEM242,0.5116569742429277,0.10575793087466871,1.0,1.0,0.0
TMEM243,0.6004218127165863,0.30849169777902546,0.0,1.0,0.0
TMEM248,0.5802701449759083,0.28616706974137424,0.0,1.0,0.0
TMEM250,0.5701226225304981,0.17858855965911774,0.0,1.0,0.0
TMEM254,0.46654464745138896,0.6400399301057691,0.0,1.0,0.0
TMEM255A,0.42333241808854327,0.9853014855196898,1.0,1.0,0.0
TMEM256,0.49839190428594826,0.21929990727441814,1.0,1.0,0.0
TMEM258,0.5767407496228469,0.5995287629514262,1.0,1.0,0.0
TMEM259,0.5648714299875176,0.022058922908467324,0.0,0.33333333333333326,0.0
TMEM265,0.5941480482174109,0.517916920160873,1.0,1.0,0.0
TMEM267,0.5943621061754224,1.0,1.0,1.0,0.0
TMEM268,0.5887871648505493,0.1325538056167137,0.0,1.0,0.0
TMEM273,0.4574936597956846,0.8231268338735868,1.0,1.0,0.0
TMEM35A,0.36854747577090885,1.0,0.0,1.0,0.0
TMEM35B,0.5358047983892427,0.12347297707157819,0.0,0.33333333333333326,0.0
TMEM37,0.33594689262081673,1.0,1.0,1.0,0.0
TMEM39A,0.5882867441745148,0.3642489365587899,1.0,1.0,0.0
TMEM41A,0.6216575567685296,1.0,1.0,1.0,0.0
TMEM43,0.613579613516558,0.4736957814453512,0.0,1.0,0.0
TMEM44,0.49273526030130027,0.1321816031845886,0.0,1.0,0.0
TMEM45B,0.4544809383929293,0.9072088190351504,1.0,1.0,0.0
TMEM47,0.4289188466316641,0.8869186696519478,0.0,1.0,0.0
TMEM50A,0.5004303950607073,1.0,0.0,0.33333333333333326,0.0
TMEM50B,0.49754123823122626,0.5285014888080396,0.0,0.33333333333333326,0.0
TMEM54,0.4411021738723267,1.0,1.0,1.0,0.0
TMEM59,0.455612969415599,1.0,0.0,1.0,0.0
TMEM61,0.40769905587631705,0.5969198071979701,1.0,1.0,0.0
TMEM62,0.6028164414127463,0.5444991506352818,0.0,1.0,0.0
TMEM63A,0.6237337664741016,0.9260558065052531,1.0,1.0,0.0
TMEM68,0.6048220191554234,0.3571206522874184,0.0,1.0,0.0
TMEM71,0.5183576125454195,0.17973319070626576,1.0,0.33333333333333326,0.0
TMEM72,0.4058707985958845,1.0,1.0,1.0,0.0
TMEM74,0.5001669863754227,0.21699658682429854,0.0,1.0,0.0
TMEM74B,0.6045523435468565,0.20639680612501346,0.0,1.0,0.0
TMEM80,0.4901918566561281,0.7686352622898641,0.0,1.0,0.0
TMEM9,0.6333423218396187,0.8717661072317349,1.0,1.0,0.0
TMEM91,0.4968656395406968,0.12310406688795385,0.0,1.0,0.0
TMEM92,0.5898271273338673,0.5542083009309894,1.0,1.0,0.0
TMEM97,0.673585042331144,1.0,1.0,1.0,0.0
TMEM98,0.4791873994359897,0.4442869224171731,1.0,1.0,0.0
TMEM9B,0.45526800851748433,1.0,0.0,1.0,0.0
TMF1,0.5727786073036424,0.5175915084673174,1.0,1.0,0.0
TMOD3,0.4900885520325535,1.0,0.0,1.0,0.0
TMPO,0.5736127664457529,0.6551789977632758,0.0,1.0,0.0
TMPRSS11E,0.4731921037971222,0.07087680924493503,0.0,1.0,0.0
TMPRSS2,0.4219425744312242,1.0,0.0,1.0,0.0
TMPRSS3,0.6549443829811478,0.7790688382431019,0.0,1.0,0.0
TMT1A,0.39695144728922926,1.0,1.0,1.0,0.0
TMTC4,0.608862812125226,1.0,1.0,1.0,0.0
TMUB1,0.5990853268003778,0.36179885842288273,0.0,1.0,0.0
TMUB2,0.5374391170169379,0.4196544502530744,0.0,0.33333333333333326,0.0
TMX1,0.5126755972423789,0.32476423088950684,0.0,0.33333333333333326,0.0
TMX2,0.5200124263060161,0.046590601210380576,0.0,0.33333333333333326,0.0
TMX4,0.550372523580091,0.18300596114428003,1.0,0.33333333333333326,0.0
TNC,0.6122433275897202,0.06779972028343104,0.0,0.33333333333333326,0.0
TNFAIP1,0.5873475467086307,0.577897884902079,1.0,1.0,0.0
TNFAIP3,0.5533550581932278,0.3475782023107539,1.0,0.33333333333333326,0.0
TNFAIP6,0.6684636889251662,0.6331693439007449,0.0,1.0,0.0
TNFAIP8L1,0.5937033597313174,0.8931379371235196,0.0,1.0,0.0
TNFAIP8L2,0.4830363844309942,0.32433463806088697,0.0,1.0,0.0
TNFRSF10A,0.5937331865279835,0.5337980593200267,1.0,1.0,0.0
TNFRSF10B,0.6183427824013511,1.0,1.0,1.0,0.0
TNFRSF11A,0.40333939714020944,1.0,1.0,1.0,0.0
TNFRSF11B,0.6338032750246273,0.6827026979925264,0.0,1.0,0.0
TNFRSF12A,0.7317625270404859,1.0,1.0,1.0,0.0
TNFRSF13B,0.47704623498928633,0.6582714894708502,1.0,1.0,0.0
TNFRSF14,0.5063582369433514,0.2661882657347189,0.0,1.0,0.0
TNFRSF17,0.2623649633888518,0.8235998294159096,1.0,1.0,0.0
TNFRSF1B,0.6082338047753149,0.6291898192588474,0.0,1.0,0.0
TNFSF10,0.4413339380521703,0.8707884192786786,1.0,1.0,0.0
TNFSF11,0.6534267659891856,1.0,0.0,1.0,0.0
TNFSF15,0.6797818490746612,0.8959535413478712,1.0,1.0,0.0
TNFSF9,0.5882591450127839,0.15663214297270472,1.0,1.0,0.0
TNIK,0.47950719765673483,0.6965419731317988,0.0,1.0,0.0
TNNC1,0.529113079196524,0.15916472753981512,0.0,0.33333333333333326,0.0
TNNC2,0.5819607962756862,0.095970888682152,0.0,1.0,0.0
TNNI3K,0.4799780139381973,0.4174767663989536,0.0,0.33333333333333326,0.0
TNPO1,0.577414057669034,0.17492234391302655,1.0,1.0,0.0
TNPO2,0.5993448262450035,0.5732354933013376,1.0,1.0,0.0
TNPO3,0.578421160979156,0.38057473433631533,1.0,1.0,0.0
TNRC18,0.6113683883731473,0.9702045753701876,1.0,1.0,0.0
TNRC6A,0.545502975638066,0.24214277706927242,0.0,0.33333333333333326,0.0
TNRC6B,0.49401182494473306,0.42707996192289394,0.0,1.0,0.0
TNS2,0.48858955834269663,0.13563333584612283,0.0,1.0,0.0
TNS4,0.6882189075045501,1.0,1.0,1.0,0.0
TNXB,0.40576843790604017,0.7177149888313514,0.0,0.33333333333333326,0.0
TOB1,0.5558226347712109,0.12998629043382648,0.0,0.33333333333333326,0.0
TOGARAM1,0.47816394467555706,0.9051630141887975,0.0,0.33333333333333326,0.0
TOM1L2,0.4845712207424426,0.4320802737605847,0.0,0.33333333333333326,0.0
TOMM20,0.6001779324694486,0.5320692894988356,0.0,1.0,0.0
TOMM34,0.6662558697773294,1.0,1.0,1.0,0.0
TOMM40,0.595582638479042,0.9618440162813071,1.0,1.0,0.0
TOMM40L,0.47713561225190587,0.4085500090123206,0.0,1.0,0.0
TOMM5,0.6125962947391307,0.8210049620407113,1.0,1.0,0.0
TOMM6,0.5935649139489886,0.8271034166662321,1.0,1.0,0.0
TOMM70,0.5652199489783816,0.13610760424572746,1.0,1.0,0.0
TOP1,0.5845324789918627,0.9652597186320104,1.0,1.0,0.0
TOP1MT,0.6618140784587244,1.0,1.0,1.0,0.0
TOP2A,0.6556570592567849,0.6552205788846578,1.0,1.0,0.0
TOPBP1,0.5928280660097361,1.0,1.0,1.0,0.0
TOPORS,0.5329196153138474,0.12442718019946654,0.0,0.33333333333333326,0.0
TOR1A,0.5377493285747658,0.07884613103433076,0.0,0.33333333333333326,0.0
TOR1B,0.4984670812538346,1.0,0.0,0.33333333333333326,0.0
TOX,0.3891722378161579,1.0,1.0,1.0,0.0
TOX2,0.45934462390340103,0.2792966336961098,0.0,0.33333333333333326,0.0
TP53,0.5720220218078897,0.02590918599726083,0.0,1.0,0.0
TP53BP1,0.5711991011605101,0.36323359125824806,1.0,1.0,0.0
TP53BP2,0.5749457162101487,0.3271276858738495,0.0,0.33333333333333326,0.0
TP53I11,0.5684536654912199,0.028385433856976817,0.0,0.33333333333333326,0.0
TP53I3,0.43681804578840383,0.916784473518005,1.0,1.0,0.0
TP53INP1,0.44674884692706407,1.0,0.0,1.0,0.0
TP53INP2,0.4054164453973294,1.0,1.0,1.0,0.0
TP53RK,0.6554428283070237,1.0,1.0,1.0,0.0
TPD52,0.4972192080011337,1.0,0.0,1.0,0.0
TPD52L1,0.652459538362734,1.0,1.0,1.0,0.0
TPD52L2,0.6432891957071283,1.0,1.0,1.0,0.0
TPH1,0.2940012717216868,1.0,1.0,1.0,0.0
TPI1,0.5637092187898458,0.15488495749476716,0.0,0.33333333333333326,0.0
TPK1,0.470706911967378,0.3244670135745759,0.0,0.33333333333333326,0.0
TPM1,0.47771064961728943,0.6880073207247586,0.0,1.0,0.0
TPM2,0.5137918822768417,0.1335320444036182,0.0,0.33333333333333326,0.0
TPM4,0.5976964447382808,0.3082200463480683,1.0,1.0,0.0
TPP2,0.5833007356154953,0.4194244890010783,0.0,1.0,0.0
TPPP3,0.5644944116812695,0.1897278306119708,0.0,0.33333333333333326,0.0
TPR,0.5982601546420725,0.8194332098917947,0.0,0.33333333333333326,0.0
TPRA1,0.5958372211545797,0.24087689681042962,1.0,1.0,0.0
TPRG1L,0.48282117412663816,0.7097208754650471,0.0,1.0,0.0
TPRN,0.4978482661445311,0.2610121492835814,0.0,0.33333333333333326,0.0
TPSAB1,0.40750125993755676,0.5418154064444929,0.0,1.0,0.0
TPSB2,0.4167842184690656,0.5493246405440182,1.0,1.0,0.0
TPSD1,0.4566854528567446,0.49824911782413156,0.0,1.0,0.0
TPSG1,0.41034831234581115,0.5361351510694441,1.0,1.0,0.0
TPST1,0.544595058204631,0.10467488366912814,0.0,0.33333333333333326,0.0
TPST2,0.6051002586390373,0.3974978262251777,0.0,1.0,0.0
TPX2,0.707553068374673,1.0,1.0,1.0,0.0
TRA2B,0.5783450417913967,0.4628126920997602,0.0,1.0,0.0
TRAF2,0.5859829221716857,0.22511677340460076,1.0,1.0,0.0
TRAF3IP2,0.4769387541325806,0.829975746384281,1.0,1.0,0.0
TRAF3IP3,0.4264378414024233,0.7396871946724883,0.0,1.0,0.0
TRAF5,0.6381136358656374,0.9000676205098264,1.0,1.0,0.0
TRAF7,0.5658531272063415,0.2442848674837357,0.0,1.0,0.0
TRAIP,0.6155458915757994,0.3265774423735627,0.0,0.33333333333333326,0.0
TRAK2,0.45295680281965006,0.98915545740548,0.0,1.0,0.0
TRAM1,0.583036359573603,0.4491488766549325,0.0,1.0,0.0
TRAM2,0.5691041605346863,0.04870883673656129,0.0,0.33333333333333326,0.0
TRANK1,0.4278681414105017,0.8745848379937895,1.0,1.0,0.0
TRAP1,0.6322773706980657,1.0,1.0,1.0,0.0
TRAPPC11,0.49061457814814063,1.0,0.0,0.33333333333333326,0.0
TRAPPC12,0.5652399897892828,0.05054860433510112,0.0,1.0,0.0
TRAPPC13,0.5019947943262987,0.28871486575210703,0.0,0.33333333333333326,0.0
TRAPPC2L,0.5802324181807735,0.8320906590176345,1.0,1.0,0.0
TRAPPC6B,0.5081158625632045,0.18145489386768449,0.0,0.33333333333333326,0.0
TRAPPC8,0.4722509565916784,1.0,0.0,1.0,0.0
TRAPPC9,0.5793472035545126,0.3698519507959257,1.0,1.0,0.0
TRAT1,0.39455201582503063,1.0,1.0,1.0,0.0
TREH,0.4599979498220874,0.029728113238937388,0.0,1.0,0.0
TREM1,0.6663920670730107,0.5543079512016699,1.0,1.0,0.0
TRHDE,0.3418004616470554,0.9009538002196525,0.0,1.0,0.0
TRIAP1,0.5857178841379592,0.9232200143675546,1.0,1.0,0.0
TRIB1,0.5770250254325888,1.0,1.0,0.33333333333333326,0.0
TRIB3,0.8163124477756609,1.0,1.0,1.0,0.0
TRIM10,0.4763904363183503,0.6971420047791184,0.0,1.0,0.0
TRIM11,0.5890904665247794,0.9284583816372882,1.0,1.0,0.0
TRIM15,0.4930211041743517,0.05333903274130116,0.0,0.33333333333333326,0.0
TRIM16,0.6003016836444035,0.9380150074650502,1.0,1.0,0.0
TRIM22,0.5057378885236534,0.6588553858553331,1.0,0.33333333333333326,0.0
TRIM24,0.610354891172813,0.9519103151232153,1.0,1.0,0.0
TRIM25,0.4560069011195726,0.9436268337438517,0.0,1.0,0.0
TRIM26,0.5746289978547402,0.1107340545994255,0.0,1.0,0.0
TRIM27,0.6038202361826338,1.0,1.0,1.0,0.0
TRIM28,0.6105350370860142,0.9164648156316243,1.0,1.0,0.0
TRIM29,0.7680782755024461,1.0,1.0,1.0,0.0
TRIM3,0.4930564203329896,0.25722911706756146,0.0,0.33333333333333326,0.0
TRIM32,0.5881472210522543,0.15582316863068424,0.0,1.0,0.0
TRIM33,0.5929752035243254,0.051585151157251,0.0,0.33333333333333326,0.0
TRIM35,0.5430748609118914,0.0,0.0,0.33333333333333326,0.0
TRIM36,0.3568440237455413,1.0,0.0,1.0,0.0
TRIM37,0.5982989546077812,0.4265565564965648,0.0,1.0,0.0
TRIM40,0.40732070720534186,0.23879263646928134,0.0,1.0,0.0
TRIM44,0.5839295847271825,0.7553549169463163,0.0,0.33333333333333326,0.0
TRIM45,0.5481427447360048,0.1029906560565831,0.0,0.33333333333333326,0.0
TRIM47,0.5852105283682912,0.22229555741008397,1.0,1.0,0.0
TRIM5,0.5802121362700099,0.15356701380334184,0.0,0.33333333333333326,0.0
TRIM52,0.500093673340708,0.3021578991811452,0.0,1.0,0.0
TRIM58,0.37962024283672885,0.5069862119100103,0.0,0.33333333333333326,0.0
TRIM59,0.6156053634241486,0.5698245776280383,1.0,1.0,0.0
TRIM68,0.5764665684031494,0.11397543835270992,0.0,0.33333333333333326,0.0
TRIM69,0.5299120265515935,0.16355197896809512,1.0,0.33333333333333326,0.0
TRIM8,0.5896751329908927,0.24197626643389894,0.0,1.0,0.0
TRIM9,0.4604483294315224,0.10383952460803779,0.0,1.0,0.0
TRIO,0.5919389275629012,0.09846102890962288,0.0,0.33333333333333326,0.0
TRIP11,0.5282558135461528,0.37732594015667076,0.0,0.33333333333333326,0.0
TRIP13,0.7205468564389592,1.0,1.0,1.0,0.0
TRIP4,0.48856674720968685,0.4505671453336092,0.0,1.0,0.0
TRIP6,0.6182321506117366,0.7586061761354393,1.0,1.0,0.0
TRIQK,0.5068155981848463,0.09468384521655096,0.0,0.33333333333333326,0.0
TRIR,0.5344181550000158,0.13676645621426103,0.0,0.33333333333333326,0.0
TRIT1,0.580925776206741,0.8101048830244918,1.0,1.0,0.0
TRMT1,0.6289526148585078,0.827145576623377,1.0,1.0,0.0
TRMT10C,0.5855058687436865,0.32412077772107706,1.0,1.0,0.0
TRMT11,0.6184504194383039,0.6517211009387968,0.0,1.0,0.0
TRMT112,0.6212388473084682,1.0,1.0,1.0,0.0
TRMT2A,0.5544494838468454,0.09710703328665803,0.0,1.0,0.0
TRMT2B,0.5969464769796448,0.2908856463070029,0.0,1.0,0.0
TRMT6,0.6348192199106228,1.0,0.0,1.0,0.0
TRMT61A,0.5658953910330871,0.2133602588103435,1.0,1.0,0.0
TRMT61B,0.5914378106791642,0.5877401266443698,0.0,1.0,0.0
TRMU,0.5677995958040412,0.2197055805831039,0.0,1.0,0.0
TRNP1,0.6218217325500986,0.7260213157250758,0.0,1.0,0.0
TRNT1,0.5940036471287066,0.283100194797975,1.0,1.0,0.0
TROAP,0.628503675446172,1.0,1.0,1.0,0.0
TRPA1,0.41081323365989636,1.0,0.0,1.0,0.0
TRPC4AP,0.5996604943984936,0.8333257552813215,1.0,1.0,0.0
TRPM2,0.5961687028693455,0.5443944377183547,1.0,1.0,0.0
TRPM4,0.4470342935263299,0.7756701088736642,0.0,1.0,0.0
TRPM6,0.1958362319630956,1.0,1.0,1.0,0.0
TRPM7,0.48853190775225586,0.9219680535592295,1.0,1.0,0.0
TRPM8,0.46557659062362544,0.16692207615556195,0.0,1.0,0.0
TRRAP,0.6176394668595651,1.0,1.0,1.0,0.0
TSC1,0.5070944221905227,0.3643988965209847,0.0,0.33333333333333326,0.0
TSC22D3,0.43140569479857016,0.9470895243525602,0.0,0.33333333333333326,0.0
TSEN15,0.6246001218929931,0.698742172359561,0.0,1.0,0.0
TSEN2,0.5939062292334192,0.7655605389940893,1.0,1.0,0.0
TSEN34,0.5825415546734904,0.5567689962965515,1.0,1.0,0.0
TSEN54,0.6004848915723308,0.7596452937305789,1.0,1.0,0.0
TSFM,0.5668965337802606,0.2235039219871252,1.0,1.0,0.0
TSG101,0.552197579469331,0.10258200219514861,0.0,0.33333333333333326,0.0
TSGA10,0.5250310779472899,0.22597162264606413,0.0,0.33333333333333326,0.0
TSHZ1,0.47017523874228934,0.829378465798533,0.0,1.0,0.0
TSKU,0.5690008837153886,0.17396937590717598,1.0,1.0,0.0
TSLP,0.42197096529835043,0.7573084657722056,1.0,1.0,0.0
TSN,0.5670571931410623,0.5511588294513995,0.0,1.0,0.0
TSNAX,0.5725883964303725,0.03419554863017622,0.0,1.0,0.0
TSPAN1,0.3362050206804226,1.0,1.0,1.0,0.0
TSPAN11,0.48627868542886205,0.19874459530518124,0.0,1.0,0.0
TSPAN3,0.47195525614088935,1.0,1.0,1.0,0.0
TSPAN4,0.49286052966953686,0.21174421555991937,0.0,1.0,0.0
TSPAN5,0.6534368465273519,0.7817447608901702,1.0,1.0,0.0
TSPAN6,0.5893298627596277,0.28983194692944836,0.0,1.0,0.0
TSPAN7,0.2834193501015721,1.0,1.0,1.0,0.0
TSPAN8,0.48177128709803524,0.6673745010126894,0.0,1.0,0.0
TSPAN9,0.5722726873174238,0.22617036643948157,0.0,0.33333333333333326,0.0
TSPYL1,0.4973729697565364,0.5433216536690365,0.0,0.33333333333333326,0.0
TSPYL2,0.5179078255504137,0.05034988048106599,0.0,0.33333333333333326,0.0
TSPYL4,0.5955185348309697,0.15994749953321766,0.0,0.33333333333333326,0.0
TSPYL5,0.46851259286759267,0.4449708929475688,0.0,1.0,0.0
TSSC4,0.5717857633771758,0.130526477920098,0.0,1.0,0.0
TSSK2,0.5679981449007248,0.17879055052504048,1.0,1.0,0.0
TSSK3,0.5352278025028081,0.07121199213469782,0.0,0.0,0.0
TST,0.4408994007465384,0.8734468528768614,1.0,1.0,0.0
TSTD2,0.5007106025618228,0.22853038320680683,0.0,0.33333333333333326,0.0
TTBK2,0.5002547653517948,0.16904773674315748,0.0,0.33333333333333326,0.0
TTC1,0.5130421720895201,0.21718867319639548,0.0,0.33333333333333326,0.0
TTC14,0.4913724741148557,0.6021667963811189,0.0,0.33333333333333326,0.0
TTC19,0.48929208254783224,0.5734802821001315,0.0,0.33333333333333326,0.0
TTC22,0.42128243750957084,1.0,1.0,1.0,0.0
TTC23,0.47290517410037264,0.6611634810454828,0.0,1.0,0.0
TTC27,0.5976936164773015,0.43737021325671804,1.0,1.0,0.0
TTC28,0.4724573256022544,0.674542786613933,0.0,1.0,0.0
TTC31,0.5071722462196417,0.24398775719617552,0.0,0.33333333333333326,0.0
TTC33,0.5004147432587088,0.13557233895083443,0.0,0.33333333333333326,0.0
TTC39A,0.4843358174465081,0.4572511636717418,1.0,1.0,0.0
TTC39B,0.5340071178970076,0.24286151495491,1.0,0.33333333333333326,0.0
TTC4,0.5731096619192961,0.0957409447297929,0.0,1.0,0.0
TTC7A,0.5063442898855101,0.053005819180479696,0.0,1.0,0.0
TTC7B,0.6065337126718918,0.3945499602643215,0.0,0.33333333333333326,0.0
TTC8,0.599407041025206,0.7239505824283612,0.0,0.33333333333333326,0.0
TTC9,0.6058702612989819,0.21971388177680587,1.0,1.0,0.0
TTC9C,0.5692058079597138,0.308445502284131,0.0,0.33333333333333326,0.0
TTF1,0.5842155384050283,0.18576635037118938,0.0,1.0,0.0
TTF2,0.6126906857970814,0.5583624748140525,1.0,1.0,0.0
TTI1,0.6489452504335166,1.0,1.0,1.0,0.0
TTK,0.6591867483197782,0.7256862616725459,1.0,1.0,0.0
TTL,0.5941815735518883,0.7506249412796223,1.0,1.0,0.0
TTLL11,0.49047797868626636,0.2907904711946666,0.0,1.0,0.0
TTLL4,0.6916250476961301,0.9765868139381487,0.0,1.0,0.0
TTLL5,0.5797859200010471,0.08528694641276173,0.0,1.0,0.0
TTLL6,0.36438366122876586,1.0,1.0,1.0,0.0
TTLL7,0.4179997006198773,0.782785945944487,0.0,1.0,0.0
TTPAL,0.6280400279387076,0.9897804601870884,0.0,1.0,0.0
TTYH2,0.4738635910134225,0.5591034488565855,0.0,1.0,0.0
TTYH3,0.6602085281032863,1.0,1.0,1.0,0.0
TUBA1A,0.5704864848204471,0.3534808539861651,1.0,0.33333333333333326,0.0
TUBA1B,0.5705382623888103,0.4007633686516321,1.0,1.0,0.0
TUBA1C,0.5693555816683528,0.48538613673792036,1.0,1.0,0.0
TUBA3D,0.5830701930108446,0.840415694105558,1.0,1.0,0.0
TUBA4A,0.6129840972963307,0.8014789770445762,1.0,1.0,0.0
TUBA4B,0.571464724644738,0.2762641394846399,0.0,0.33333333333333326,0.0
TUBAL3,0.31895175836628015,1.0,1.0,1.0,0.0
TUBB,0.6006343597396856,0.5524417829870538,1.0,1.0,0.0
TUBB2A,0.5343062181439128,0.35886699627394075,0.0,0.33333333333333326,0.0
TUBB2B,0.5884065728629883,0.10615288703257685,0.0,0.33333333333333326,0.0
TUBB4B,0.5639657462959009,0.20444479478961808,1.0,1.0,0.0
TUBD1,0.5699144608658097,0.28386831613164,0.0,1.0,0.0
TUBG1,0.6314681553539719,1.0,1.0,1.0,0.0
TUBGCP3,0.5864351350348469,0.7294357677300602,1.0,1.0,0.0
TUBGCP4,0.567660552249676,0.14698469925860883,1.0,1.0,0.0
TUFM,0.5618125079864567,0.17760327727122951,0.0,1.0,0.0
TUFT1,0.5606007964746028,0.11831762979321381,0.0,1.0,0.0
TULP3,0.6266226680565183,1.0,0.0,1.0,0.0
TULP4,0.5664024084989382,0.39355517385308636,0.0,1.0,0.0
TUSC2,0.5379985342787551,0.08545817839788332,0.0,0.33333333333333326,0.0
TUSC3,0.4591120298845325,0.3894016680358803,1.0,1.0,0.0
TUT1,0.5795675968683823,0.07616183900469982,0.0,1.0,0.0
TUT4,0.5535607325828747,0.23329932098299716,0.0,0.33333333333333326,0.0
TVP23B,0.49759349661014185,0.7953658440645747,0.0,0.33333333333333326,0.0
TWIST1,0.6261282155330032,0.2585977654159375,1.0,1.0,0.0
TWNK,0.6588114207715859,0.8777732975303535,1.0,1.0,0.0
TWSG1,0.5433242561340043,0.04483130752734612,0.0,0.33333333333333326,0.0
TXLNG,0.6277559679008612,1.0,1.0,1.0,0.0
TXNDC11,0.4829430267255051,0.5502041166834144,0.0,1.0,0.0
TXNDC12,0.580720760959144,0.26940713266582905,0.0,0.33333333333333326,0.0
TXNIP,0.45483449650317703,1.0,1.0,1.0,0.0
TXNL4B,0.5832736356963668,0.15175092553475467,0.0,0.33333333333333326,0.0
TXNRD2,0.5590465554585304,0.2913529559814708,0.0,1.0,0.0
TXNRD3,0.6529274825343618,0.9264670282032558,1.0,1.0,0.0
TYMP,0.5861888656359786,0.2342432997169274,1.0,1.0,0.0
TYRO3,0.6138869702686223,0.36459416495141117,0.0,1.0,0.0
TYRP1,0.46282509765357316,0.1815851397436222,0.0,1.0,0.0
TYSND1,0.5722743389267511,0.09294006225218646,0.0,1.0,0.0
TYW1,0.578984450504227,0.23355027496424588,0.0,0.33333333333333326,0.0
TYW3,0.5768560719590645,0.10927657547062337,0.0,1.0,0.0
TZMP1,0.5056071596288367,0.23672593962416852,0.0,0.33333333333333326,0.0
U2AF1L4,0.48424234655453957,0.22402655778031208,1.0,1.0,0.0
U2AF2,0.5835057575959494,0.49958263199559605,1.0,1.0,0.0
U2SURP,0.6060962099440406,1.0,1.0,1.0,0.0
UAP1,0.47070587486440235,1.0,0.0,1.0,0.0
UAP1L1,0.5735900371228385,0.1627368830910444,0.0,1.0,0.0
UBA1,0.5772551867088059,0.3155736731914267,1.0,1.0,0.0
UBA2,0.6042237496232931,1.0,1.0,1.0,0.0
UBA6,0.606094074173596,0.32292656398214625,0.0,1.0,0.0
UBAC1,0.5121131949250508,0.08375679369581554,0.0,1.0,0.0
UBAC2,0.6062848912370414,1.0,1.0,1.0,0.0
UBALD1,0.6374438295239364,0.28278780932394026,1.0,1.0,0.0
UBALD2,0.5692315389704704,0.1541767108731498,1.0,1.0,0.0
UBAP2,0.6020832290957401,0.3536328032611071,1.0,1.0,0.0
UBAP2L,0.6253952147180605,0.9075476010660669,1.0,1.0,0.0
UBB,0.5099997666713464,0.6738675132668895,0.0,0.33333333333333326,0.0
UBC,0.5369186961794776,0.13409574041899633,0.0,0.33333333333333326,0.0
UBD,0.7446899310469973,1.0,1.0,1.0,0.0
UBE2B,0.5425006169875423,0.04742454945079635,0.0,0.33333333333333326,0.0
UBE2C,0.7108060955601114,1.0,1.0,1.0,0.0
UBE2D3,0.494477243513687,1.0,1.0,1.0,0.0
UBE2D4,0.5590061661322088,0.14458474918970454,0.0,0.33333333333333326,0.0
UBE2G1,0.49956291058573943,1.0,0.0,0.33333333333333326,0.0
UBE2H,0.5929780769453327,0.5397444628159984,0.0,1.0,0.0
UBE2I,0.5975825819489597,0.615213057013543,1.0,1.0,0.0
UBE2J1,0.48551969538231593,0.31886186435242575,0.0,0.33333333333333326,0.0
UBE2L6,0.6181280076478484,0.996300323999141,0.0,0.33333333333333326,0.0
UBE2N,0.5817738035730285,0.515696306164103,1.0,1.0,0.0
UBE2NL,0.574131295858,1.0,0.0,1.0,0.0
UBE2O,0.6155452099137206,0.6900727287338723,1.0,0.33333333333333326,0.0
UBE2Q2,0.5540178844872273,0.06889925938680158,0.0,0.33333333333333326,0.0
UBE2QL1,0.4521772727365938,0.3564422465960275,1.0,1.0,0.0
UBE2R2,0.5865923376540814,0.5437840234349871,0.0,1.0,0.0
UBE2S,0.6751302956591819,0.878213597114128,1.0,1.0,0.0
UBE2T,0.6513275792544652,0.8238356067780921,1.0,1.0,0.0
UBE2V2,0.5942148881858611,0.4893545988912265,0.0,1.0,0.0
UBE3B,0.4977515670691692,0.8548875937877436,0.0,1.0,0.0
UBE3C,0.5778976364677278,1.0,1.0,1.0,0.0
UBE3D,0.6156371709176824,0.824118914892145,1.0,1.0,0.0
UBE4A,0.5115104105320347,0.23967674267875994,0.0,0.33333333333333326,0.0
UBFD1,0.6103748553333308,1.0,1.0,1.0,0.0
UBL3,0.4760450933322445,0.9382601248931083,0.0,1.0,0.0
UBL4A,0.5854679242899438,0.693263724570533,1.0,1.0,0.0
UBL5,0.5757276710354903,0.3432942478271408,0.0,1.0,0.0
UBOX5,0.5712356670910348,0.08273663587451452,0.0,1.0,0.0
UBQLN2,0.5827683741612769,0.38537986517598566,0.0,1.0,0.0
UBQLN4,0.6112791397708303,0.5188443527561746,0.0,1.0,0.0
UBR1,0.4925109775661417,0.8404639287940467,0.0,0.33333333333333326,0.0
UBR2,0.4779161812241915,1.0,0.0,0.33333333333333326,0.0
UBR4,0.5953287657523925,0.508162223073641,1.0,1.0,0.0
UBR5,0.5792974921026318,0.20809355065163299,0.0,0.33333333333333326,0.0
UBR7,0.5031676304199539,0.5765463110427274,0.0,0.33333333333333326,0.0
UBXN4,0.5630130584775175,0.2903330344776888,0.0,0.33333333333333326,0.0
UBXN7,0.5900648055745858,0.3979745463622514,1.0,1.0,0.0
UCHL3,0.6108235770571256,1.0,1.0,1.0,0.0
UCKL1,0.6329053542556249,1.0,1.0,1.0,0.0
UEVLD,0.4907744185572416,0.551762349843923,0.0,0.33333333333333326,0.0
UFD1,0.5693870055031666,0.4318014161250063,0.0,1.0,0.0
UFL1,0.49919871024281676,0.32479424319171935,0.0,0.33333333333333326,0.0
UFM1,0.5916563488782962,0.26237618134285917,0.0,1.0,0.0
UFSP1,0.5854779613329353,0.13572470503980702,0.0,1.0,0.0
UFSP2,0.5034176498256269,0.3218601638062212,0.0,0.33333333333333326,0.0
UGCG,0.47568170165251045,0.44799575003649883,0.0,0.33333333333333326,0.0
UGDH,0.41671628784806447,1.0,1.0,1.0,0.0
UGGT2,0.6327811564453164,0.69755861724588,1.0,1.0,0.0
UGP2,0.4066669030953136,1.0,1.0,1.0,0.0
UGT2A3,0.24449818778162688,1.0,1.0,1.0,0.0
UGT2B17,0.26243526767644254,0.4159225118030083,0.0,1.0,0.0
UGT2B28,0.3302582933106558,1.0,1.0,1.0,0.0
UHRF1,0.6698111445574484,1.0,1.0,1.0,0.0
UHRF2,0.5940352353205186,0.3612460850656582,0.0,1.0,0.0
UIMC1,0.5929790902344864,0.7300868214926913,0.0,0.33333333333333326,0.0
ULBP2,0.6836255218638616,0.9018072149639845,1.0,1.0,0.0
ULK3,0.4716122785993055,0.6300347403171601,1.0,1.0,0.0
ULK4,0.5696719175270426,0.1924559377010053,0.0,1.0,0.0
UMPS,0.6078353565072946,0.6617329212608805,1.0,1.0,0.0
UNC119,0.5687778224568614,0.2010281237546497,0.0,1.0,0.0
UNC119B,0.5326366004534511,0.30108969618306763,0.0,0.33333333333333326,0.0
UNC13B,0.4891239316982844,0.6113935519101562,0.0,1.0,0.0
UNC45A,0.5355451214286205,0.40740682751028434,0.0,0.33333333333333326,0.0
UNC5B,0.4693786789498493,0.8697792977465811,0.0,1.0,0.0
UNC5C,0.40867041852665154,0.38006996841610136,0.0,1.0,0.0
UNC5CL,0.6548768047493391,1.0,1.0,1.0,0.0
UNC5D,0.41100359786444823,0.6988954415704741,1.0,1.0,0.0
UNC93A,0.647273922738753,0.34069370632316365,0.0,1.0,0.0
UNG,0.5863048242862118,0.8159323178599558,1.0,1.0,0.0
UPF1,0.5888918150646238,0.6338226636278556,1.0,1.0,0.0
UPF3A,0.5885062926944533,0.9539781390885074,1.0,1.0,0.0
UPF3B,0.5860939039417183,0.39006706360880455,1.0,1.0,0.0
UQCC1,0.5791094224640337,0.39252926702139657,1.0,1.0,0.0
UQCC3,0.574189418050959,0.37881475074667037,1.0,1.0,0.0
UQCC6,0.6096916072044964,0.7728570004798899,1.0,1.0,0.0
UQCR10,0.48111733392003514,1.0,1.0,1.0,0.0
UQCRC1,0.48870523116078124,0.5290385240434664,0.0,1.0,0.0
UQCRC2,0.4763501340236089,1.0,0.0,1.0,0.0
UQCRFS1,0.4796754133048417,1.0,0.0,1.0,0.0
URB1,0.5938762067870079,0.29359357449978124,0.0,1.0,0.0
URB2,0.6349592125911933,0.6805242092641929,1.0,1.0,0.0
URI1,0.5917226116100841,0.7421418943219519,1.0,1.0,0.0
UROD,0.540226205575634,0.1478101913155497,0.0,0.33333333333333326,0.0
UROS,0.569668841489125,0.5334596741711654,0.0,1.0,0.0
USE1,0.5669973377947394,0.11589175865213426,0.0,1.0,0.0
USP1,0.5946084197551538,0.9682282643787086,0.0,1.0,0.0
USP10,0.5831224159186374,0.3761718077431374,0.0,0.33333333333333326,0.0
USP11,0.60683395223957,0.7352580474913645,0.0,1.0,0.0
USP14,0.5795325280405236,0.23491398874775724,0.0,1.0,0.0
USP16,0.5175599729957406,0.29098350338194406,1.0,0.33333333333333326,0.0
USP2,0.37024687997364064,1.0,0.0,0.33333333333333326,0.0
USP21,0.5743794487058419,0.17425278952508758,1.0,1.0,0.0
USP27X,0.6067696428587024,0.42106017193080236,1.0,1.0,0.0
USP30,0.48171703537842014,0.813027620199072,0.0,1.0,0.0
USP31,0.6012931148698746,0.3058743047023433,1.0,1.0,0.0
USP33,0.5095555679813358,0.22517560515518606,0.0,1.0,0.0
USP35,0.5781860424795057,0.20551052105977094,1.0,1.0,0.0
USP36,0.5917087984938061,0.47639987282225404,1.0,1.0,0.0
USP37,0.5808219260041791,0.32361438682677746,0.0,1.0,0.0
USP38,0.49606414287749406,0.2117734850038835,0.0,0.33333333333333326,0.0
USP39,0.5757772516846509,0.6478577062315313,1.0,1.0,0.0
USP40,0.591320329687385,0.42923226716626345,0.0,1.0,0.0
USP42,0.5898216638735575,0.5620979228832806,1.0,1.0,0.0
USP43,0.501764782161322,0.4522686723204859,0.0,0.33333333333333326,0.0
USP45,0.5075067551775657,0.1190335609470722,0.0,0.33333333333333326,0.0
USP48,0.5086765271699941,0.1407640611490251,0.0,0.33333333333333326,0.0
USP5,0.5778228703058467,0.14277264776457507,1.0,1.0,0.0
USP53,0.449766481078235,1.0,0.0,1.0,0.0
USP6NL,0.5947981299821409,0.6235354577176473,1.0,1.0,0.0
USP7,0.5532096599128209,0.10177095598090992,0.0,1.0,0.0
USP8,0.49253426120273447,0.5864951715939427,0.0,0.33333333333333326,0.0
USP9X,0.5897366257571007,0.1619650776090072,0.0,1.0,0.0
USPL1,0.6079580026767838,0.8334186857103337,1.0,1.0,0.0
UST,0.4724117410252946,0.6469170290811429,1.0,1.0,0.0
UTP11,0.5821774495265422,0.5183004595341423,0.0,1.0,0.0
UTP14A,0.6563220317339049,1.0,1.0,1.0,0.0
UTP15,0.6071602411139706,0.8512134343923243,1.0,1.0,0.0
UTP18,0.6150939261446754,0.8570431137833765,1.0,1.0,0.0
UTP20,0.6401572845244501,1.0,0.0,1.0,0.0
UTP23,0.5967682926022063,1.0,1.0,1.0,0.0
UTP25,0.6470268286354581,1.0,1.0,1.0,0.0
UTP4,0.6495232359247707,1.0,1.0,1.0,0.0
UTP6,0.5990325080453147,1.0,1.0,1.0,0.0
UTY,0.5056730753422347,0.04064318270225714,0.0,0.33333333333333326,0.0
UVRAG,0.5415593150191524,0.20621991684073993,0.0,0.33333333333333326,0.0
UXS1,0.5780736217553836,0.32085360984640104,1.0,1.0,0.0
UXT,0.5652535348815353,0.4004699503663106,0.0,1.0,0.0
VAC14,0.6024118530644423,0.6903903876901548,1.0,1.0,0.0
VAMP1,0.47294455171673294,0.46785784984057655,0.0,0.33333333333333326,0.0
VAMP2,0.46893242561285775,0.5817697076147414,0.0,1.0,0.0
VAMP4,0.5139939132166886,0.2804569078322359,0.0,0.33333333333333326,0.0
VAMP5,0.48638107200810893,0.4419016449506201,0.0,1.0,0.0
VAMP8,0.46770214857941816,1.0,1.0,1.0,0.0
VANGL1,0.5701937779132219,0.2662227158995241,0.0,1.0,0.0
VAPA,0.4776712759973273,0.9860254686620271,0.0,1.0,0.0
VAPB,0.6033613650048388,0.7117496672612046,1.0,1.0,0.0
VARS1,0.652602903858581,1.0,1.0,1.0,0.0
VARS2,0.5708343763573125,0.18342256399063894,1.0,1.0,0.0
VASH2,0.6323435583804553,0.6242440199941309,1.0,1.0,0.0
VAT1,0.6091297649658244,0.3915494081049899,0.0,1.0,0.0
VAT1L,0.44829481678004945,0.8103699793753705,1.0,1.0,0.0
VAV1,0.5067004895639711,0.18556229682282074,0.0,1.0,0.0
VAX2,0.5274882997432796,0.06817366225908496,0.0,0.0,0.0
VBP1,0.5827563094349945,0.3695319381737877,1.0,1.0,0.0
VCAN,0.6309556484403013,0.5264271195824014,1.0,1.0,0.0
VCL,0.5496690521945602,0.07202598269107191,0.0,0.33333333333333326,0.0
VCP,0.5833893656567297,0.5613807032916908,0.0,1.0,0.0
VCPKMT,0.517172654794764,0.3291944370755742,0.0,0.33333333333333326,0.0
VDAC2,0.49802149894575315,0.8628017612840511,0.0,0.33333333333333326,0.0
VDR,0.4497095778952564,0.8131094719811731,0.0,1.0,0.0
VEGFA,0.6328725939703306,0.9733401060816698,1.0,1.0,0.0
VEPH1,0.42261666606658194,0.8064356723214927,1.0,1.0,0.0
VEZF1,0.5654060684577148,0.1075074073823576,0.0,1.0,0.0
VEZT,0.5494238903747699,0.1840497486104212,0.0,0.33333333333333326,0.0
VGLL4,0.5733304129522379,0.6350693783141542,1.0,1.0,0.0
VILL,0.4099793888395417,1.0,1.0,1.0,0.0
VIPR1,0.4109371639666673,1.0,1.0,1.0,0.0
VIRMA,0.5783669063847582,0.9567573730068368,0.0,1.0,0.0
VKORC1,0.5982603100049168,0.7158409216036122,0.0,1.0,0.0
VKORC1L1,0.592596026785123,0.5920097610893378,0.0,1.0,0.0
VLDLR,0.4442063996299039,0.6752378453391352,1.0,1.0,0.0
VMA21,0.6070968937046927,0.9026762063263895,1.0,1.0,0.0
VMA22,0.506537535394197,0.35973867573484597,0.0,1.0,0.0
VMP1,0.6449155295282146,0.441203160933551,0.0,0.33333333333333326,0.0
VNN2,0.44083157903773806,0.09128126412818782,0.0,0.33333333333333326,0.0
VOPP1,0.5625138067324232,0.20866142854407846,0.0,1.0,0.0
VPREB3,0.4225008601178532,0.5832824181928593,1.0,1.0,0.0
VPS13A,0.49176473907008955,0.24391582466961104,0.0,0.33333333333333326,0.0
VPS13D,0.5010691104898757,0.44178904717474593,0.0,0.33333333333333326,0.0
VPS16,0.5741232010965942,0.0884966281812708,0.0,1.0,0.0
VPS26C,0.46383399782905405,1.0,0.0,0.33333333333333326,0.0
VPS29,0.5447260444632023,0.10281369134996539,0.0,0.33333333333333326,0.0
VPS33B,0.5471076307916947,0.4230125841855956,0.0,0.33333333333333326,0.0
VPS35,0.5859211560971342,0.6409456722246413,1.0,1.0,0.0
VPS35L,0.43486451259978004,1.0,1.0,1.0,0.0
VPS37A,0.5252622918630884,0.3510916398995231,1.0,0.33333333333333326,0.0
VPS37B,0.4839807706136564,0.46718568396028615,0.0,1.0,0.0
VPS41,0.5753468839983348,0.18202914491735805,0.0,1.0,0.0
VPS45,0.507528968953379,0.2891728072480185,0.0,0.33333333333333326,0.0
VPS4A,0.5612030624240318,0.2745270220435075,0.0,1.0,0.0
VPS4B,0.4571167395941969,1.0,0.0,1.0,0.0
VPS72,0.5948604730970203,1.0,1.0,1.0,0.0
VRK1,0.590952056027434,0.4461410839996785,1.0,1.0,0.0
VRK2,0.5846639233655326,0.38672648305509777,1.0,1.0,0.0
VRK3,0.5024953821081405,0.4423098587656262,0.0,0.33333333333333326,0.0
VSIG10,0.4688449110580997,1.0,0.0,1.0,0.0
VSIG2,0.24679361113030263,1.0,1.0,1.0,0.0
VSIG4,0.42575493408503584,0.9839540953882411,0.0,1.0,0.0
VSIR,0.4595421728100022,0.7205406647828555,1.0,1.0,0.0
VSNL1,0.7008299530751383,1.0,1.0,1.0,0.0
VSTM2A,0.3628141169070969,1.0,1.0,1.0,0.0
VTI1B,0.49568373332243915,0.43213411615820896,1.0,1.0,0.0
VWA1,0.5955582977169703,0.2795340136349132,1.0,1.0,0.0
VWA5A,0.42036276711395587,1.0,0.0,1.0,0.0
WARS1,0.6324383612436595,1.0,0.0,1.0,0.0
WAS,0.4810830311302872,0.2676701534930618,0.0,1.0,0.0
WASF1,0.6018392071453507,0.32046190924467594,0.0,1.0,0.0
WASHC4,0.5738050574551662,0.07959327254226087,0.0,0.33333333333333326,0.0
WASHC5,0.5773621760967405,0.09668723232866226,0.0,1.0,0.0
WASL,0.48376928397098645,0.36367604893240074,0.0,1.0,0.0
WBP11,0.5845735675083888,0.48164247871274574,1.0,1.0,0.0
WBP1L,0.49249541572755745,0.6346165986618428,0.0,1.0,0.0
WBP4,0.6060829127245888,0.8089470087081218,0.0,1.0,0.0
WDCP,0.5703734332655105,0.3180733254322083,0.0,1.0,0.0
WDFY2,0.5793907594286054,0.037143119449469374,0.0,1.0,0.0
WDFY3,0.49802387088980865,0.5987943457441149,0.0,1.0,0.0
WDFY4,0.4683883364182576,0.5994878003437218,0.0,0.33333333333333326,0.0
WDHD1,0.6048601403033069,0.35436595010841576,1.0,1.0,0.0
WDR1,0.5043839740776628,0.4147031781489642,0.0,0.33333333333333326,0.0
WDR11,0.5122498317370511,0.3306849217562906,0.0,0.33333333333333326,0.0
WDR12,0.6352137493656979,1.0,1.0,1.0,0.0
WDR18,0.6103025426404479,0.5286419698845448,1.0,1.0,0.0
WDR19,0.6178261410456585,0.505444318857825,0.0,1.0,0.0
WDR20,0.48929934519721296,0.6471739797900747,0.0,0.33333333333333326,0.0
WDR24,0.595241075298045,0.2982711084163441,0.0,1.0,0.0
WDR3,0.6378348444607225,0.7923760107147235,1.0,1.0,0.0
WDR35,0.6227405257098745,0.865853630710745,1.0,1.0,0.0
WDR36,0.599399980132112,0.31696836606342405,0.0,0.33333333333333326,0.0
WDR37,0.4928566716429107,0.5952149640599805,0.0,0.33333333333333326,0.0
WDR4,0.678163327322831,1.0,1.0,1.0,0.0
WDR43,0.6425077884196675,1.0,1.0,1.0,0.0
WDR44,0.5234202959353393,0.18352639777142818,1.0,0.33333333333333326,0.0
WDR45B,0.5831127081309954,0.6568241495524973,1.0,1.0,0.0
WDR46,0.5986347568963685,0.5106947588750615,1.0,1.0,0.0
WDR47,0.5465955622165989,0.2723007002704985,0.0,0.33333333333333326,0.0
WDR48,0.5401301348033539,0.01175620572437885,0.0,0.33333333333333326,0.0
WDR5,0.5948024159979359,0.722772694394042,1.0,1.0,0.0
WDR53,0.5668188745856861,0.2615006159400657,0.0,1.0,0.0
WDR54,0.6046617237804736,0.6604194626217715,1.0,1.0,0.0
WDR59,0.5905680048985437,0.5130770669046848,0.0,1.0,0.0
WDR5B,0.5916255120908585,0.4148226615297835,1.0,1.0,0.0
WDR62,0.6117854507248094,0.7439985021162178,0.0,1.0,0.0
WDR7,0.44562518985080746,0.9733707807997578,0.0,1.0,0.0
WDR72,0.6577114160947876,0.18946033169525,1.0,1.0,0.0
WDR73,0.562819491749502,0.1927722681408074,0.0,1.0,0.0
WDR74,0.6196812141024904,0.8704401777550876,1.0,1.0,0.0
WDR75,0.597059758877806,1.0,1.0,1.0,0.0
WDR77,0.6520369106904168,1.0,1.0,1.0,0.0
WDR81,0.5420047562151122,0.07329532420421321,0.0,0.33333333333333326,0.0
WDR82,0.5657776957345158,0.14237305280724588,1.0,1.0,0.0
WDR83,0.5624761406361385,0.03107128073210237,0.0,1.0,0.0
WDR89,0.56319633361419,0.020831247674921203,0.0,1.0,0.0
WDR90,0.6211528714522206,0.7903778458480798,0.0,0.33333333333333326,0.0
WDR91,0.5682970708449343,0.07688238806180449,1.0,0.33333333333333326,0.0
WDSUB1,0.5883877666566081,0.41432504581167695,0.0,1.0,0.0
WEE1,0.6296818172002918,1.0,0.0,1.0,0.0
WFDC1,0.4656604408530308,0.1734616572637151,0.0,1.0,0.0
WFDC2,0.4168260811914023,0.6376174651671471,0.0,1.0,0.0
WFDC3,0.571318174440137,0.12494381168398482,0.0,1.0,0.0
WFS1,0.6150139568787664,0.9741575437849571,1.0,1.0,0.0
WIF1,0.6894570125868045,0.5298805727195965,0.0,1.0,0.0
WIPF1,0.47432263260680957,0.584647753489214,0.0,0.33333333333333326,0.0
WIPF3,0.4660241804717864,0.03543006193171198,0.0,1.0,0.0
WIPI1,0.5266605604389017,0.5506802236616637,1.0,0.33333333333333326,0.0
WIPI2,0.5862356997831931,0.9647942564986216,0.0,1.0,0.0
WIZ,0.5977261631443053,0.6453555687808064,1.0,1.0,0.0
WLS,0.481043203513051,0.391621887832724,0.0,0.33333333333333326,0.0
WNK1,0.6081671380829508,0.44839221841365473,0.0,0.33333333333333326,0.0
WNK3,0.49003475859760987,0.38318708350548514,0.0,1.0,0.0
WNT11,0.6575078238499222,0.8432769359473455,1.0,1.0,0.0
WNT2,0.7085342266335188,1.0,1.0,1.0,0.0
WNT2B,0.4594763842409351,0.9526184160220964,1.0,1.0,0.0
WNT4,0.5358124177087598,0.07921910629114147,0.0,0.33333333333333326,0.0
WNT5A,0.6586248099809324,1.0,1.0,1.0,0.0
WNT7B,0.49291124906612466,0.27565004951252714,0.0,0.33333333333333326,0.0
WNT9A,0.4976382452829075,0.2403859863551822,1.0,1.0,0.0
WRAP53,0.5690202002183926,0.44170082708995934,0.0,1.0,0.0
WRAP73,0.5817888039870699,0.2716611405877156,1.0,1.0,0.0
WRNIP1,0.5862026146569269,0.8268546749450475,0.0,1.0,0.0
WSB1,0.5440856309353974,0.3801391733165233,0.0,0.33333333333333326,0.0
WT1,0.6835217581361701,1.0,1.0,1.0,0.0
WWC1,0.611400556971965,0.4901350161754169,0.0,1.0,0.0
WWC3,0.5876602228499261,0.3459804583113614,1.0,1.0,0.0
WWOX,0.6106825272352567,1.0,1.0,1.0,0.0
XAB2,0.6136053863445495,0.2415550548922041,0.0,1.0,0.0
XBP1,0.5357839629733603,0.03305684320772296,0.0,0.33333333333333326,0.0
XCL1,0.4395523325485675,0.42657541482866707,1.0,1.0,0.0
XCL2,0.43247478345261736,0.41667684429862284,1.0,1.0,0.0
XDH,0.3735110422344274,1.0,1.0,1.0,0.0
XK,0.4642422877333668,1.0,0.0,1.0,0.0
XKR4,0.36177753450795785,1.0,1.0,1.0,0.0
XKR6,0.5097506088250113,0.1863392020454809,1.0,0.33333333333333326,0.0
XKRX,0.6908665633095491,0.5536943253682386,0.0,1.0,0.0
XPNPEP3,0.6074688692625018,0.7271171681407337,0.0,0.33333333333333326,0.0
XPO1,0.5934354746987656,1.0,1.0,1.0,0.0
XPO4,0.6230142869438062,1.0,1.0,1.0,0.0
XPO5,0.6441018809990862,1.0,1.0,1.0,0.0
XPO6,0.5706763140216702,0.31359724670325456,1.0,1.0,0.0
XPOT,0.6516125647154654,1.0,1.0,1.0,0.0
XRCC1,0.5769068315643796,0.3672079931584811,1.0,1.0,0.0
XRCC2,0.5681444340335766,0.09153765590927546,0.0,1.0,0.0
XRCC5,0.5810938754227838,0.7491975976620919,1.0,1.0,0.0
XRCC6,0.5634495555486889,0.4977701374410542,0.0,1.0,0.0
XRN1,0.5078888443580706,0.25763456216170955,0.0,0.33333333333333326,0.0
XRN2,0.6114182881016843,1.0,0.0,1.0,0.0
XXYLT1,0.627884053039032,0.5645604328616874,0.0,1.0,0.0
XYLT1,0.47815579056347796,0.4240295064665748,0.0,1.0,0.0
YAE1,0.613148652247291,1.0,1.0,1.0,0.0
YAP1,0.6296133937029341,1.0,0.0,1.0,0.0
YARS1,0.6143572832658717,1.0,1.0,1.0,0.0
YARS2,0.5877005121908276,0.38447866423778515,1.0,1.0,0.0
YBX3,0.6077732527287996,1.0,0.0,1.0,0.0
YDJC,0.6153413846930527,0.942283701651346,1.0,1.0,0.0
YEATS2,0.6048245166983622,1.0,1.0,1.0,0.0
YEATS4,0.5841169457944542,0.3912924359264121,1.0,1.0,0.0
YES1,0.5118863340240829,0.08704452079824615,0.0,0.33333333333333326,0.0
YIF1A,0.5911545449339138,0.43831915594220466,1.0,1.0,0.0
YIF1B,0.5895754172126721,0.4143525757371318,1.0,1.0,0.0
YIPF1,0.5058958782755113,0.19960585005211284,0.0,0.33333333333333326,0.0
YIPF2,0.5717924443894036,0.1293484895011627,1.0,1.0,0.0
YIPF4,0.5405261151441394,0.4378188061435421,0.0,0.33333333333333326,0.0
YIPF5,0.49455196604438134,0.47132662728696717,0.0,0.33333333333333326,0.0
YKT6,0.5742406793492657,0.40476757747024306,1.0,1.0,0.0
YME1L1,0.5558192913393111,0.05512114612988312,0.0,0.33333333333333326,0.0
YPEL5,0.48238328056096585,0.9175687216458788,0.0,0.33333333333333326,0.0
YRDC,0.6228194920736683,0.8894863704435603,0.0,1.0,0.0
YTHDC1,0.5177491305270333,0.19303458395743314,0.0,0.33333333333333326,0.0
YTHDC2,0.4889476729474737,0.6973155115113933,0.0,0.33333333333333326,0.0
YTHDF1,0.648275364870996,1.0,1.0,1.0,0.0
YWHAB,0.5758440292106172,0.6021003376796872,1.0,1.0,0.0
YWHAG,0.5912495764709661,0.7540022485672693,1.0,1.0,0.0
YWHAQ,0.5749667315650056,0.055580100502477005,0.0,1.0,0.0
YWHAZ,0.562362096326154,0.06937589029344166,1.0,1.0,0.0
YY1,0.536543101080055,0.22341057905107306,0.0,0.33333333333333326,0.0
ZAP70,0.47834902902159215,0.1423040970949679,0.0,1.0,0.0
ZBED11,0.48077918038806633,1.0,1.0,1.0,0.0
ZBED3,0.5979722752986402,0.22145954897790454,1.0,1.0,0.0
ZBED4,0.5740929755078299,0.3593329964027934,0.0,0.33333333333333326,0.0
ZBED8,0.6059057133272312,0.3824229440356055,0.0,1.0,0.0
ZBED8L,0.5721946144428253,0.7117883751851455,0.0,1.0,0.0
ZBTB1,0.5361798314593021,0.12781178492283463,0.0,0.33333333333333326,0.0
ZBTB10,0.4960546648856066,0.1591013766012765,0.0,0.33333333333333326,0.0
ZBTB14,0.5154295804328924,0.1340458609646454,0.0,1.0,0.0
ZBTB16,0.4396687713335332,0.6844890209207424,1.0,1.0,0.0
ZBTB18,0.6053402000736451,0.8067912672896492,1.0,1.0,0.0
ZBTB2,0.5839335775317859,0.8944977735903278,0.0,1.0,0.0
ZBTB20,0.48901874841447424,0.25062102888374965,0.0,1.0,0.0
ZBTB21,0.5513477745343004,0.22832323676507094,1.0,0.33333333333333326,0.0
ZBTB24,0.5884270241299941,0.3947449493816965,1.0,1.0,0.0
ZBTB33,0.6090343122321347,1.0,1.0,1.0,0.0
ZBTB34,0.5066035735769526,0.3548592668947792,0.0,1.0,0.0
ZBTB37,0.49339096780833985,0.4693610472379977,0.0,1.0,0.0
ZBTB39,0.5826883459818272,0.31580279225014585,1.0,1.0,0.0
ZBTB41,0.604928584733119,0.53965928740871,0.0,1.0,0.0
ZBTB45,0.5832952630873461,0.38217296031086523,0.0,0.33333333333333326,0.0
ZBTB5,0.5856150786444934,0.32395683203785636,0.0,1.0,0.0
ZBTB7B,0.48093295314429624,0.3823073193513157,0.0,1.0,0.0
ZBTB7C,0.29546682981249855,1.0,1.0,1.0,0.0
ZBTB8A,0.49662116807732576,0.2537235716188306,0.0,0.33333333333333326,0.0
ZBTB9,0.587637830647889,0.4104036485928763,1.0,1.0,0.0
ZC2HC1A,0.5886717218952621,0.43187192047129574,0.0,1.0,0.0
ZC3H12C,0.3817923301064474,1.0,0.0,0.33333333333333326,0.0
ZC3H12D,0.5082549632777065,0.5718998144206385,0.0,0.33333333333333326,0.0
ZC3H13,0.6207502803797026,0.6723195263095135,0.0,1.0,0.0
ZC3H14,0.4979396124761147,0.5529242339164034,0.0,1.0,0.0
ZC3H15,0.5925191205975555,1.0,1.0,1.0,0.0
ZC3H18,0.5721115206886501,0.3317833678538879,1.0,1.0,0.0
ZC3H3,0.5984705383509551,0.3630361014761799,0.0,1.0,0.0
ZC3H4,0.5659981635830356,0.08629387465646332,1.0,1.0,0.0
ZC3H6,0.5240434873357902,0.1526905932636901,1.0,0.33333333333333326,0.0
ZC3H7A,0.5310789145221713,0.13874530861341564,0.0,0.33333333333333326,0.0
ZC3H8,0.5840660075315465,0.3799973384485193,1.0,1.0,0.0
ZC3HAV1L,0.6520579814450095,1.0,1.0,1.0,0.0
ZC3HC1,0.5772872496283622,0.6429611481835534,1.0,1.0,0.0
ZCCHC10,0.4847720610066419,1.0,0.0,0.33333333333333326,0.0
ZCCHC2,0.498793740487926,0.26092688850695234,0.0,1.0,0.0
ZCCHC24,0.5260063250141708,0.12517330813202743,0.0,0.33333333333333326,0.0
ZCCHC3,0.5708067429026993,0.4934678038701099,1.0,1.0,0.0
ZCCHC7,0.5948336918822745,0.5532809429457408,0.0,1.0,0.0
ZCCHC9,0.5849396364581485,0.4460341188319377,0.0,0.33333333333333326,0.0
ZCRB1,0.5830757667385728,0.4591327148099003,0.0,0.33333333333333326,0.0
ZDBF2,0.5341534357254291,0.08586532516552658,0.0,0.33333333333333326,0.0
ZDHHC1,0.6466721589046462,0.4563069732363525,0.0,1.0,0.0
ZDHHC2,0.4389162463846243,0.8807195439186081,0.0,1.0,0.0
ZDHHC20,0.5864176985101818,0.24584997666386588,1.0,1.0,0.0
ZDHHC23,0.49570878392034984,0.8141251443672451,0.0,1.0,0.0
ZDHHC24,0.6076791723038184,0.5885017167027549,1.0,1.0,0.0
ZDHHC4,0.5925459724699641,0.5711253195220041,0.0,1.0,0.0
ZDHHC7,0.5022760701984964,0.554118205997528,1.0,1.0,0.0
ZDHHC8,0.5873635182521064,0.49833212872667726,1.0,1.0,0.0
ZDHHC9,0.6464406167006292,1.0,1.0,1.0,0.0
ZEB2,0.43282647504649335,0.9974634027782626,1.0,1.0,0.0
ZER1,0.48773178553279994,0.5276195432758654,0.0,0.33333333333333326,0.0
ZFAND1,0.5863073395059603,0.36564282688717653,0.0,1.0,0.0
ZFAND2B,0.49713473608971553,0.18679529501056186,1.0,1.0,0.0
ZFAND4,0.4797579632974907,0.45495569009088827,0.0,0.33333333333333326,0.0
ZFAND5,0.58258015198215,0.4012997817731659,0.0,0.33333333333333326,0.0
ZFAND6,0.4922424881794951,1.0,1.0,1.0,0.0
ZFC3H1,0.5799211349619922,0.5036576418808266,0.0,1.0,0.0
ZFP1,0.5975125895314578,0.2451721653272854,1.0,1.0,0.0
ZFP2,0.48700254109763225,0.04392789313259492,0.0,1.0,0.0
ZFP28,0.5429202503806129,0.15988604487652275,0.0,0.33333333333333326,0.0
ZFP3,0.42695787669731855,1.0,0.0,1.0,0.0
ZFP30,0.5774433802868003,0.45755657130358374,1.0,1.0,0.0
ZFP36,0.5500533097948405,0.4537084042134254,1.0,0.33333333333333326,0.0
ZFP36L1,0.6046689598909293,0.9716445183803308,0.0,1.0,0.0
ZFP36L2,0.5340960404467591,0.22012242796396958,0.0,0.33333333333333326,0.0
ZFP41,0.6410236474810823,0.43413893896983274,1.0,1.0,0.0
ZFP64,0.5974683070947503,0.7556837624921439,1.0,1.0,0.0
ZFP69,0.5753065871648185,0.07972974974235873,0.0,1.0,0.0
ZFP69B,0.5888529411378487,0.3373498225380334,0.0,1.0,0.0
ZFP82,0.49709931491403636,0.46139799897292627,0.0,0.33333333333333326,0.0
ZFP90,0.5856757111526789,0.5617698779003917,1.0,1.0,0.0
ZFP91,0.4765279696051187,1.0,0.0,1.0,0.0
ZFR,0.5845435866331296,0.3845668907411855,0.0,1.0,0.0
ZFTA,0.6231057634824868,0.9593854943273941,1.0,1.0,0.0
ZFX,0.5614719244800596,0.05353563711860925,0.0,0.33333333333333326,0.0
ZFYVE1,0.4778834471630894,0.6764668349275266,0.0,1.0,0.0
ZFYVE26,0.5040729018129291,0.22784993754386432,0.0,0.33333333333333326,0.0
ZFYVE28,0.4590008556051242,0.5515690294372877,0.0,1.0,0.0
ZG16,0.08528119594346166,1.0,1.0,1.0,0.0
ZGPAT,0.5823423475252616,0.4507104248204569,0.0,1.0,0.0
ZGRF1,0.5678950134682319,0.20986489631051364,0.0,1.0,0.0
ZIC2,0.7154842982408938,0.6302445307581123,0.0,1.0,0.0
ZKSCAN3,0.546458743483886,0.07499746121752998,0.0,0.33333333333333326,0.0
ZKSCAN5,0.57377852149364,0.13218953738668202,0.0,1.0,0.0
ZMAT1,0.4549912098818332,0.6184830399492088,0.0,1.0,0.0
ZMAT2,0.5140180473624537,0.11754710741254319,0.0,0.33333333333333326,0.0
ZMAT3,0.5484077933309983,0.12148728298298052,0.0,0.33333333333333326,0.0
ZMIZ1,0.4918502591413134,1.0,0.0,0.33333333333333326,0.0
ZMIZ2,0.62036330512757,0.8292849600827588,1.0,1.0,0.0
ZMYM1,0.5742475467084899,0.1579839436291262,1.0,1.0,0.0
ZMYM2,0.5898025717546735,0.4327497313861116,1.0,1.0,0.0
ZMYM3,0.5872574682702651,0.32258614568250893,1.0,1.0,0.0
ZMYM5,0.5889217560190412,0.3911849884872337,0.0,1.0,0.0
ZMYND12,0.46190350098368455,0.6713518907965459,1.0,1.0,0.0
ZMYND19,0.6293199560376443,1.0,1.0,1.0,0.0
ZMYND8,0.5947316874496216,0.4617432491206914,1.0,1.0,0.0
ZNF100,0.5658446796184216,0.019372518810519743,0.0,1.0,0.0
ZNF101,0.5490246658239822,0.1908028825221044,1.0,0.33333333333333326,0.0
ZNF107,0.6010891354401454,0.5176182029755497,0.0,1.0,0.0
ZNF12,0.5750737767262948,0.540132987090702,0.0,1.0,0.0
ZNF121,0.619705056829123,1.0,1.0,1.0,0.0
ZNF132,0.43225748769486233,1.0,0.0,1.0,0.0
ZNF133,0.5939392979042148,0.5158511121228838,1.0,1.0,0.0
ZNF134,0.47451769455055387,0.5674659069104738,0.0,0.33333333333333326,0.0
ZNF136,0.5222963221788588,0.06804807035056983,1.0,0.33333333333333326,0.0
ZNF142,0.606677764833525,0.3055317989779557,1.0,1.0,0.0
ZNF143,0.5683711785092255,0.22857687740185662,0.0,0.33333333333333326,0.0
ZNF146,0.5935494984328628,0.8808823933265112,1.0,1.0,0.0
ZNF155,0.4744154321058734,0.33885020556517026,0.0,1.0,0.0
ZNF17,0.5906449378941288,0.3147631106928277,0.0,1.0,0.0
ZNF175,0.5052865576243863,0.14738317320137903,0.0,0.33333333333333326,0.0
ZNF182,0.5783532387551793,0.4589704687458695,1.0,1.0,0.0
ZNF184,0.6008108998103417,0.30585184983885666,0.0,1.0,0.0
ZNF189,0.5799012013770435,0.2300978556178899,0.0,0.33333333333333326,0.0
ZNF195,0.5746088053015215,0.28850447353469666,0.0,1.0,0.0
ZNF200,0.5828978241547015,0.4747005202197313,1.0,1.0,0.0
ZNF202,0.5872727274390713,0.5665394963131478,1.0,1.0,0.0
ZNF205,0.5784795039100968,0.203816133725136,0.0,0.33333333333333326,0.0
ZNF207,0.5827798296111725,0.28294186904132984,0.0,1.0,0.0
ZNF211,0.4919819509466074,0.4697240003213573,0.0,0.33333333333333326,0.0
ZNF214,0.5328162013273429,0.3258743027673615,0.0,0.33333333333333326,0.0
ZNF219,0.49916738022550633,0.667792643561174,0.0,1.0,0.0
ZNF225,0.5051254425692118,0.10289558607268302,0.0,0.33333333333333326,0.0
ZNF233,0.5148193002997797,0.1412130191412802,0.0,0.33333333333333326,0.0
ZNF236,0.532160883877931,0.7680073367003731,0.0,0.33333333333333326,0.0
ZNF239,0.6523248313668566,1.0,1.0,1.0,0.0
ZNF24,0.49166615942224384,1.0,1.0,1.0,0.0
ZNF251,0.6807573061605572,0.41233391905863376,0.0,1.0,0.0
ZNF254,0.5199328767532571,0.620977936327135,1.0,0.33333333333333326,0.0
ZNF256,0.47824538567362,0.329341161280692,0.0,0.33333333333333326,0.0
ZNF26,0.5889021030765619,0.18102676796473238,1.0,1.0,0.0
ZNF260,0.5799254863248602,0.4343746182506754,1.0,1.0,0.0
ZNF267,0.5960482824620956,0.39111131487041606,1.0,1.0,0.0
ZNF273,0.5629720221775023,0.04727899351692207,0.0,0.33333333333333326,0.0
ZNF275,0.6065706603342688,0.9225536208091619,0.0,1.0,0.0
ZNF276,0.5336853701435832,0.35295474194631976,0.0,0.0,0.0
ZNF277,0.5821524498117175,0.5992661853718573,0.0,0.33333333333333326,0.0
ZNF280B,0.6533777169941499,0.6758794580381358,1.0,1.0,0.0
ZNF280C,0.6141207884761125,1.0,1.0,1.0,0.0
ZNF281,0.6089294254999643,0.6590220244973197,1.0,1.0,0.0
ZNF282,0.5991358142026768,0.3726264462743874,1.0,1.0,0.0
ZNF3,0.6033001888129056,0.1132137943423728,0.0,1.0,0.0
ZNF30,0.5697546405463286,0.10230719480470973,0.0,1.0,0.0
ZNF304,0.4365811953885062,1.0,1.0,1.0,0.0
ZNF316,0.5645674927048765,0.32117048670968235,0.0,1.0,0.0
ZNF317,0.5754547516874949,0.25474434949493024,0.0,1.0,0.0
ZNF318,0.5971821908403552,0.4422238500308081,1.0,1.0,0.0
ZNF32,0.5807154512602599,0.18935928215290812,0.0,0.33333333333333326,0.0
ZNF322,0.5625535187815308,0.1859990500891222,0.0,1.0,0.0
ZNF324,0.5923475560119376,0.20441374612452154,0.0,1.0,0.0
ZNF337,0.58076970694197,0.5455612007898836,1.0,1.0,0.0
ZNF343,0.5957594495168631,0.3696018905413933,1.0,1.0,0.0
ZNF347,0.49073522270830794,0.3101957547887964,0.0,0.33333333333333326,0.0
ZNF35,0.5846480387784037,0.36261969231362706,0.0,1.0,0.0
ZNF350,0.4688476650018214,1.0,0.0,1.0,0.0
ZNF354A,0.5710532845609088,0.25577890259540326,0.0,0.33333333333333326,0.0
ZNF354B,0.5839958256059995,0.18019807522617057,1.0,1.0,0.0
ZNF354C,0.5041274803361332,0.13687501593602988,0.0,0.33333333333333326,0.0
ZNF366,0.5055708743276658,0.13106999940541944,0.0,0.33333333333333326,0.0
ZNF367,0.6370554447126936,0.3926900773769453,1.0,1.0,0.0
ZNF384,0.5708496534088353,0.3178577821085268,1.0,1.0,0.0
ZNF385A,0.5326101545121319,0.12763453710749997,0.0,0.33333333333333326,0.0
ZNF396,0.4541320231718106,0.9833039596173834,0.0,1.0,0.0
ZNF404,0.44676920652069313,0.4222372205375408,0.0,1.0,0.0
ZNF407,0.5079417612751415,0.23398177074321774,0.0,0.33333333333333326,0.0
ZNF408,0.5914275460528823,0.3024661220931163,1.0,1.0,0.0
ZNF415,0.402719085994211,1.0,1.0,1.0,0.0
ZNF418,0.4917991167418909,0.20977317516391902,0.0,1.0,0.0
ZNF419,0.5743206584340107,0.10332842660068937,0.0,1.0,0.0
ZNF43,0.4770497325320141,0.7207870123095659,1.0,1.0,0.0
ZNF432,0.5758106127143199,0.09564411509346318,0.0,1.0,0.0
ZNF436,0.49638362653617824,0.1078299377416926,0.0,0.33333333333333326,0.0
ZNF439,0.42432399564165857,0.9684158186972832,0.0,0.33333333333333326,0.0
ZNF440,0.49644170504386437,0.5371414098785567,0.0,0.33333333333333326,0.0
ZNF443,0.5912440194471985,0.4242822772187392,1.0,1.0,0.0
ZNF444,0.5777177871001006,0.4833052206160204,0.0,1.0,0.0
ZNF45,0.5154572122191262,0.2552369869133814,0.0,0.33333333333333326,0.0
ZNF451,0.5734281006119681,0.2434566276918555,0.0,0.33333333333333326,0.0
ZNF469,0.6181639479474432,0.29316894869782817,0.0,0.33333333333333326,0.0
ZNF473,0.6043315125287214,0.4078439834512517,1.0,1.0,0.0
ZNF474,0.49930136000202896,0.0032392705012708038,0.0,1.0,0.0
ZNF485,0.5903399284649428,0.3655885633211426,0.0,1.0,0.0
ZNF493,0.4893295763758033,0.3209101175257144,0.0,0.33333333333333326,0.0
ZNF497,0.5803470107034894,0.13950046481731557,0.0,1.0,0.0
ZNF503,0.6633079137505303,1.0,1.0,1.0,0.0
ZNF507,0.5726521310615849,0.1705278967315412,1.0,1.0,0.0
ZNF511,0.6013832897934286,1.0,1.0,1.0,0.0
ZNF514,0.5804298996542229,0.3303701647574977,1.0,1.0,0.0
ZNF518A,0.49814972113647193,0.8623805447407,0.0,0.33333333333333326,0.0
ZNF518B,0.46613064618950006,0.3140337998566791,0.0,0.33333333333333326,0.0
ZNF526,0.5979991540449946,0.6327419221434274,1.0,1.0,0.0
ZNF528,0.5383194206782237,0.19243403112309326,0.0,0.33333333333333326,0.0
ZNF529,0.5873402546549709,0.07982786000166371,0.0,1.0,0.0
ZNF536,0.42709511336819794,1.0,1.0,1.0,0.0
ZNF550,0.5781172968309056,0.023137455308735264,0.0,1.0,0.0
ZNF551,0.5584865332185671,0.06092475676196576,0.0,0.33333333333333326,0.0
ZNF554,0.5509725524786127,0.12509676542701412,0.0,0.33333333333333326,0.0
ZNF558,0.573810472431244,0.7544447768660328,1.0,1.0,0.0
ZNF562,0.5720953636406786,0.10167978652115797,0.0,1.0,0.0
ZNF565,0.5718229207184441,0.190201939276294,1.0,1.0,0.0
ZNF567,0.6109964756893937,0.42117969967797225,0.0,1.0,0.0
ZNF569,0.48911234360934164,0.2308100821461931,0.0,0.33333333333333326,0.0
ZNF572,0.6073698079398125,0.4571613442313809,1.0,1.0,0.0
ZNF574,0.578334495996609,0.47673388771945874,1.0,1.0,0.0
ZNF575,0.4049970128001742,1.0,0.0,1.0,0.0
ZNF576,0.5655494082647446,0.08158349880391352,0.0,0.33333333333333326,0.0
ZNF577,0.5056952213896139,0.07285118343412572,0.0,1.0,0.0
ZNF579,0.5816128823000554,0.21572995070079162,1.0,1.0,0.0
ZNF580,0.5729571025845202,0.07630181812439159,0.0,1.0,0.0
ZNF581,0.5935019598118279,0.5325597260980601,0.0,1.0,0.0
ZNF584,0.5991315011108138,0.24107888242561137,1.0,1.0,0.0
ZNF585B,0.559348195009206,0.10837510925986653,0.0,0.33333333333333326,0.0
ZNF587,0.575718422348714,0.43209860532957045,1.0,1.0,0.0
ZNF593,0.6447024849715928,1.0,1.0,1.0,0.0
ZNF594,0.5404415989262684,0.3309760292224499,0.0,0.33333333333333326,0.0
ZNF598,0.6215448708171256,0.8121752553690739,1.0,1.0,0.0
ZNF605,0.5931290783460915,0.10957141925725558,0.0,1.0,0.0
ZNF607,0.5657691627284497,0.17627417073717205,0.0,1.0,0.0
ZNF609,0.6293971102888029,0.311681088351671,0.0,0.33333333333333326,0.0
ZNF610,0.5741036332649398,0.48632439769958985,0.0,0.33333333333333326,0.0
ZNF613,0.45593155019515325,1.0,1.0,1.0,0.0
ZNF614,0.5839937826506378,0.26831638495546417,0.0,1.0,0.0
ZNF615,0.4952030311711488,0.31750522184551305,0.0,0.33333333333333326,0.0
ZNF621,0.6004728088435402,0.3508712247933147,0.0,1.0,0.0
ZNF623,0.5904605096746938,0.40226603882880174,1.0,1.0,0.0
ZNF624,0.46696533844419524,0.4914164522161896,0.0,0.33333333333333326,0.0
ZNF625,0.5010933958398653,0.03590314603285567,0.0,1.0,0.0
ZNF627,0.5759493119997916,0.39359609699100717,1.0,1.0,0.0
ZNF628,0.5459598764580578,0.05672248111259144,0.0,0.33333333333333326,0.0
ZNF629,0.5781168882853507,0.37732071942820483,1.0,1.0,0.0
ZNF639,0.590188617321811,0.7299165629204577,0.0,1.0,0.0
ZNF654,0.49290890808889953,0.6733098463027214,0.0,0.33333333333333326,0.0
ZNF655,0.46198673257970124,0.48985458559538003,0.0,1.0,0.0
ZNF658,0.4675567333388806,0.982331509194016,0.0,0.33333333333333326,0.0
ZNF662,0.4779232935887108,0.3026581061703691,0.0,1.0,0.0
ZNF667,0.49278166899543474,0.1055639770410196,0.0,1.0,0.0
ZNF668,0.6120619933335553,0.2148354849238859,1.0,1.0,0.0
ZNF670,0.606109971120298,0.1089926894429023,1.0,1.0,0.0
ZNF674,0.5697947804644646,0.3316655089803723,1.0,1.0,0.0
ZNF675,0.4977710903283149,0.03566229985499568,0.0,1.0,0.0
ZNF677,0.4205202269668358,0.8317021471638696,0.0,0.33333333333333326,0.0
ZNF680,0.6009369625321289,0.587496110970014,0.0,1.0,0.0
ZNF684,0.423224300578967,1.0,0.0,1.0,0.0
ZNF692,0.5838028563741372,0.3739894519679934,0.0,1.0,0.0
ZNF696,0.6004553018852855,0.5080647696699498,1.0,0.33333333333333326,0.0
ZNF697,0.6236147609440991,0.5615035498308718,1.0,1.0,0.0
ZNF7,0.5895723683979801,0.7834128177631123,1.0,1.0,0.0
ZNF703,0.6342600040435635,1.0,1.0,1.0,0.0
ZNF706,0.5653084803171574,0.4906869831775211,1.0,1.0,0.0
ZNF717,0.5723486694765751,0.08567569358874158,0.0,1.0,0.0
ZNF729,0.44937761910723567,0.7975127243903695,0.0,0.33333333333333326,0.0
ZNF738,0.5910355824953175,0.47922481372858533,1.0,1.0,0.0
ZNF74,0.6119653226573611,1.0,1.0,1.0,0.0
ZNF746,0.5955585106943857,0.7990969968441654,1.0,1.0,0.0
ZNF747,0.5146382054158787,0.11649067174340752,0.0,1.0,0.0
ZNF763,0.48585333804891817,0.6357530423176968,1.0,1.0,0.0
ZNF765,0.5644019164792394,0.2787826242755549,0.0,1.0,0.0
ZNF777,0.6082793942478538,0.7204055265408124,1.0,1.0,0.0
ZNF780B,0.5010313652342121,0.129787863657671,0.0,1.0,0.0
ZNF784,0.49009826220508207,0.4176832312260747,0.0,1.0,0.0
ZNF786,0.5846026895529705,0.793994634990395,1.0,1.0,0.0
ZNF792,0.6042917760718055,0.4068239487804765,1.0,1.0,0.0
ZNF793,0.49078641800207123,0.0999770842697659,1.0,1.0,0.0
ZNF800,0.5816862843146109,0.07085072823321052,0.0,0.33333333333333326,0.0
ZNF804A,0.4686358124970635,0.38331790551662454,0.0,1.0,0.0
ZNF81,0.5127965543081078,0.28323130397644875,0.0,0.33333333333333326,0.0
ZNF813,0.545087030789243,0.20451764863631922,0.0,0.33333333333333326,0.0
ZNF829,0.4308757214207244,0.9318167473695073,0.0,1.0,0.0
ZNF830,0.5691717149273684,0.3875790410831141,0.0,0.33333333333333326,0.0
ZNF844,0.46000002948493107,1.0,0.0,1.0,0.0
ZNF85,0.47908660549559773,0.7639010252745295,0.0,0.33333333333333326,0.0
ZNF850,0.587373305630933,0.11644682830186077,1.0,1.0,0.0
ZNF852,0.4672494134862055,0.27363500095451315,0.0,1.0,0.0
ZNF91,0.45518684899813583,0.7054991675602218,1.0,1.0,0.0
ZNF92,0.5930179914496788,0.5173415289859535,1.0,1.0,0.0
ZNF93,0.5888343891804504,0.19908879032259064,0.0,0.33333333333333326,0.0
ZNFX1,0.6015919653514199,0.680157914921722,1.0,1.0,0.0
ZNG1F,0.5722802240115827,0.41326727163797533,0.0,1.0,0.0
ZNHIT1,0.5581448168490799,0.05796415091424756,0.0,1.0,0.0
ZNHIT2,0.6114334928036833,0.5137559295010071,1.0,1.0,0.0
ZNHIT3,0.5707226478104793,0.3332350351692005,0.0,1.0,0.0
ZNHIT6,0.5945882116797518,0.2854231121446335,0.0,1.0,0.0
ZNRD2,0.6037286055885098,0.4180295435387467,1.0,1.0,0.0
ZNRF2,0.47896568161217584,1.0,0.0,1.0,0.0
ZNRF3,0.6432270052286507,0.7451935084259118,1.0,1.0,0.0
ZPR1,0.6312360636090745,1.0,1.0,1.0,0.0
ZRANB2,0.5583881522081067,0.044067886107944314,0.0,0.33333333333333326,0.0
ZRANB3,0.5935337973879243,0.125446240910828,0.0,1.0,0.0
ZSCAN10,0.4656142087556188,0.1816274704935513,0.0,1.0,0.0
ZSCAN18,0.48712721289257455,0.6262218733523881,1.0,1.0,0.0
ZSCAN2,0.5571059468455691,0.12339170603593584,0.0,1.0,0.0
ZSCAN21,0.5807816321975283,0.19434545321647648,0.0,1.0,0.0
ZSCAN26,0.5168088805255318,0.07923613963633738,0.0,0.33333333333333326,0.0
ZSCAN30,0.5000120621480799,0.23753974891970406,0.0,1.0,0.0
ZSCAN31,0.5004232736378204,0.16657197575556618,0.0,0.33333333333333326,0.0
ZSCAN32,0.5653368025267378,0.10824244284540657,0.0,1.0,0.0
ZSCAN9,0.4991970024634927,0.18810928109356348,0.0,1.0,0.0
ZSWIM1,0.5702886390310071,0.5105440217306018,0.0,1.0,0.0
ZSWIM3,0.6151867393362556,0.5324867906801527,0.0,1.0,0.0
ZSWIM5,0.47835129967901674,0.4894986622171539,0.0,0.33333333333333326,0.0
ZSWIM6,0.4607746601190895,1.0,1.0,1.0,0.0
ZSWIM7,0.4554109866443245,0.8462554646439596,0.0,1.0,0.0
ZW10,0.5922916164823581,0.4378620786488127,0.0,1.0,0.0
ZWILCH,0.6006372976346224,0.6725282412087039,1.0,1.0,0.0
ZWINT,0.6026489790583686,0.31653421642748164,1.0,1.0,0.0
ZXDA,0.6092188053837772,0.6708396167169095,0.0,1.0,0.0
ZXDB,0.5996417019266669,0.9096856599612476,1.0,1.0,0.0
ZXDC,0.5697126559994345,0.39257103184512737,1.0,1.0,0.0
ZYG11B,0.4937226670496275,0.2772499807328974,0.0,0.33333333333333326,0.0
ZYX,0.6030751429621142,0.5440862630077855,1.0,1.0,0.0
ZZEF1,0.4017565104029363,0.9975189858213206,0.0,1.0,0.0
ZZZ3,0.5805169301508166,0.6169249018749534,1.0,1.0,0.0
