"module","correlation","pvalue","n_genes","significant","fdr"
"ME1",0.135565411526231,0.152236712678,9995,FALSE,0.152236712678
"ME0",0.229630619973009,0.0144189031706609,5,TRUE,0.0288378063413219
