gene,avg_log2fc,neg_log10_min_p,n_sig_datasets,direction_consistency,tier_score
A1BG,0.6147058843394587,0.948445181362722,0.0,1.0,0.0
A1CF,0.5463708329345348,0.11254828568207696,0.0,0.0,0.0
A2M,0.48086146425297455,0.6454821749378583,0.0,1.0,0.0
AADAC,0.38289389753701325,0.37275002773452903,0.0,1.0,0.0
AAGAB,0.6236586367060025,0.6910551044355489,0.0,0.33333333333333326,0.0
AAMDC,0.46614769125171185,0.6713677906858476,1.0,1.0,0.0
ABAT,0.6151454742943382,0.30048437723029503,1.0,0.33333333333333326,0.0
ABCA1,0.44549445227310086,0.8756385647276725,1.0,1.0,0.0
ABCA3,0.6205746473419359,0.2547373257842887,0.0,1.0,0.0
ABCA5,0.4379097156469261,1.0,1.0,1.0,0.0
ABCA6,0.3398474815224161,1.0,1.0,1.0,0.0
ABCA8,0.14116405876614888,1.0,1.0,1.0,0.0
ABCA9,0.31386203194548695,1.0,0.0,1.0,0.0
ABCB6,0.5158937920096726,0.18943268152688328,0.0,1.0,0.0
ABCC5,0.6821304539893541,0.7393268398687405,0.0,1.0,0.0
ABCD2,0.42993914266358074,0.2962396402824262,0.0,1.0,0.0
ABCD3,0.606217296213397,0.116112427909275,1.0,1.0,0.0
ABCE1,0.5870500444611996,0.08168281542638063,0.0,1.0,0.0
ABCF3,0.5754737964229613,0.4854166174951684,0.0,0.33333333333333326,0.0
ABHD11,0.6671475530710151,0.5944219770915954,0.0,1.0,0.0
ABHD12,0.6319431597316292,0.6682517290197638,0.0,1.0,0.0
ABHD14A,0.4812256039925871,0.2634261229001963,1.0,1.0,0.0
ABHD14B,0.4496644127981429,0.4742208525651875,0.0,1.0,0.0
ABHD15,0.41032437749506234,0.5272543385039774,0.0,1.0,0.0
ABHD16A,0.6212145502470744,0.31623205205882365,0.0,1.0,0.0
ABHD17C,0.6757728235357127,0.7976144066671944,0.0,1.0,0.0
ABHD2,0.6392530196532422,0.42228978765879205,0.0,0.33333333333333326,0.0
ABHD4,0.5140348025236854,0.271076836976399,0.0,1.0,0.0
ABHD5,0.4480017824563534,0.5379138540433158,1.0,1.0,0.0
ABHD6,0.42134127693346607,0.5189161446697877,0.0,1.0,0.0
ABI3BP,0.3295298784325277,0.6977907400537471,0.0,0.33333333333333326,0.0
ABITRAM,0.5508184784887633,0.2527644043618917,0.0,0.33333333333333326,0.0
ABL2,0.5951125347573961,0.021579996187266116,0.0,0.33333333333333326,0.0
ABLIM1,0.445647913634085,1.0,1.0,1.0,0.0
ABLIM3,0.4298459446567503,0.9840647013074796,1.0,1.0,0.0
ABRACL,0.7061685861049934,0.6612231390021976,0.0,1.0,0.0
ABRAXAS1,0.49870451940885585,0.28250044213283,0.0,1.0,0.0
ACAA2,0.36648084414585863,0.9256573744465553,1.0,1.0,0.0
ACACB,0.20944459218419978,1.0,1.0,1.0,0.0
ACAD9,0.5101548138760991,0.3590566165316114,0.0,1.0,0.0
ACADL,0.2833360368021511,1.0,1.0,1.0,0.0
ACADM,0.42336833895116116,0.5882381155966591,0.0,1.0,0.0
ACADS,0.46104054710943854,0.8964852518066906,1.0,1.0,0.0
ACADVL,0.4886994352222287,0.802854777063051,1.0,1.0,0.0
ACAP2,0.5157898407437871,0.06387277596726952,0.0,1.0,0.0
ACAT1,0.4018061821140459,1.0,1.0,1.0,0.0
ACBD3,0.6129308570147631,0.8625934589768895,0.0,1.0,0.0
ACBD6,0.6078540026604559,0.29169014060489806,0.0,1.0,0.0
ACER3,0.44973672272349857,0.8697717103742152,0.0,1.0,0.0
ACKR1,0.3401682033354652,0.8622938592487283,0.0,1.0,0.0
ACKR3,0.37866243979698044,0.9175090411461596,1.0,1.0,0.0
ACKR4,0.3967335536318633,0.5292417435160747,0.0,1.0,0.0
ACLY,0.6025210837050131,0.12205461919337612,0.0,1.0,0.0
ACO1,0.3525859050192928,1.0,1.0,1.0,0.0
ACO2,0.47558603740361055,0.19536940488976517,1.0,1.0,0.0
ACOT1,0.3577827360256337,0.5945015100158052,1.0,1.0,0.0
ACOT7,0.6508824653379304,0.7490072744683348,0.0,1.0,0.0
ACOT8,0.612034635542049,0.47483936187346165,0.0,0.33333333333333326,0.0
ACOT9,0.5069038524462232,0.16410395561483854,0.0,0.33333333333333326,0.0
ACOX1,0.4787289221555002,0.4647351307687727,1.0,1.0,0.0
ACP5,0.6298661764986596,0.2613208221561184,1.0,1.0,0.0
ACSF2,0.500308157414295,0.17077370255668137,0.0,1.0,0.0
ACSL1,0.29074244409115996,1.0,1.0,1.0,0.0
ACSL5,0.4644516083797088,0.35654608817361333,0.0,1.0,0.0
ACSM5,0.3481736097160716,1.0,1.0,1.0,0.0
ACSS2,0.35577277054149414,1.0,0.0,1.0,0.0
ACSS3,0.39447102224388597,0.720536517984399,1.0,1.0,0.0
ACTG1,0.603934194154617,0.5205769757626841,0.0,1.0,0.0
ACTL6A,0.6501063043512952,0.56492804064897,0.0,1.0,0.0
ACTR3,0.6159091114713884,0.6086392486596371,1.0,1.0,0.0
ACTR5,0.615304240622769,0.6961388109296552,0.0,1.0,0.0
ACTR8,0.545911891716272,0.19936725463640748,0.0,0.33333333333333326,0.0
ACVR1C,0.07987288260843159,1.0,0.0,1.0,0.0
ACVR2A,0.4953545850891822,0.5066399395509131,0.0,1.0,0.0
ACVRL1,0.46456022802476454,0.9987140989055574,0.0,1.0,0.0
ACYP1,0.6156945969326866,0.43948025392378764,0.0,1.0,0.0
ADAM10,0.5924042825040817,0.10153754596953157,1.0,1.0,0.0
ADAM12,0.6594244075038868,0.2658024511954968,0.0,1.0,0.0
ADAM15,0.5956092668125789,0.47960727666940584,0.0,0.33333333333333326,0.0
ADAM17,0.6145502411849845,0.08858797392066294,0.0,1.0,0.0
ADAM28,0.6357386492666823,0.307961419924584,0.0,1.0,0.0
ADAM8,0.671215160964911,0.6476044775379348,0.0,1.0,0.0
ADAMTS1,0.3644684719224645,0.9756705268735621,1.0,1.0,0.0
ADAMTS5,0.31790658664806454,1.0,1.0,1.0,0.0
ADAMTS9,0.4108177688192065,0.695417272738829,0.0,1.0,0.0
ADAP1,0.5697699927301765,0.1239921948337833,1.0,0.33333333333333326,0.0
ADAR,0.6411322686829767,1.0,1.0,1.0,0.0
ADAT3,0.6171084537766393,0.3065423156102604,0.0,1.0,0.0
ADCK2,0.6246645085238991,0.7428242181419278,0.0,1.0,0.0
ADCY1,0.5927850543070827,0.29126939724440154,0.0,0.0,0.0
ADCY3,0.5109850991581999,0.2526863132275686,0.0,1.0,0.0
ADCY4,0.4624829347629342,1.0,0.0,1.0,0.0
ADCY6,0.4795267659131913,0.8396683186706733,1.0,1.0,0.0
ADD1,0.5043091210852619,0.6294484765708347,1.0,1.0,0.0
ADD3,0.442034622726851,0.7775840163814643,1.0,1.0,0.0
ADGRA2,0.4027147722961225,1.0,0.0,1.0,0.0
ADGRA3,0.4798035542076543,0.775065556856771,0.0,1.0,0.0
ADGRE5,0.49169136119628193,0.15577555206409754,0.0,0.33333333333333326,0.0
ADGRF5,0.3922648986120225,1.0,1.0,1.0,0.0
ADGRG2,0.4894019812476853,0.07085098651321814,0.0,1.0,0.0
ADGRL2,0.4103660074844312,0.45085887505035094,0.0,1.0,0.0
ADGRL4,0.40914215635976786,1.0,1.0,1.0,0.0
ADH1A,0.47556069242636984,0.3100249741592281,0.0,1.0,0.0
ADH1B,0.10493294764725826,1.0,1.0,1.0,0.0
ADH1C,0.26262768296700345,1.0,1.0,1.0,0.0
ADH5,0.464729689132264,1.0,1.0,1.0,0.0
ADHFE1,0.35806440655123306,1.0,0.0,1.0,0.0
ADI1,0.4688669291387484,0.33644722414426653,0.0,1.0,0.0
ADIPOQ,0.1313608128621692,1.0,1.0,1.0,0.0
ADIPOR2,0.4829237847951758,0.3558253503320365,1.0,1.0,0.0
ADIRF,0.2618217042048614,1.0,1.0,1.0,0.0
ADISSP,0.521023181618686,0.11412759104313967,0.0,0.33333333333333326,0.0
ADK,0.45460565720482643,0.4480842712109283,0.0,1.0,0.0
ADM,0.33241487969085964,0.9468861786512089,1.0,1.0,0.0
ADM2,0.5457654152936394,0.1345515031248839,0.0,0.33333333333333326,0.0
ADM5,0.5538788366141055,0.18379871496184025,0.0,0.0,0.0
ADNP,0.6314053479550188,0.6976436303672728,1.0,1.0,0.0
ADPGK,0.604244624790297,0.3483289943051245,0.0,0.33333333333333326,0.0
ADPRH,0.5222301992314882,0.03955704193026035,0.0,1.0,0.0
ADPRS,0.6246471870607724,0.46964717923171967,0.0,1.0,0.0
ADRA2A,0.3525480701236052,0.8101480846425789,1.0,1.0,0.0
ADRB1,0.1619801252463217,1.0,0.0,1.0,0.0
ADRB2,0.31636288334022555,1.0,0.0,1.0,0.0
ADRM1,0.5435222600883344,0.10647031190519854,0.0,0.33333333333333326,0.0
ADSS1,0.41920746894415406,0.3557705168155165,0.0,1.0,0.0
ADSS2,0.6405803664361404,0.8904615129765104,1.0,1.0,0.0
AEN,0.6056682608551545,0.3598887538034816,0.0,1.0,0.0
AFAP1L1,0.31083311766328586,1.0,0.0,1.0,0.0
AFDN,0.5895951941379644,0.13321495621631882,0.0,0.33333333333333326,0.0
AFF1,0.506220535413057,0.7925526690691832,1.0,1.0,0.0
AFG3L2,0.580148707842822,0.04186809103416929,0.0,1.0,0.0
AFTPH,0.6383916478191731,0.8378581852056008,0.0,1.0,0.0
AGA,0.59436735729899,0.1498525017707881,0.0,0.33333333333333326,0.0
AGAP3,0.5757835829304201,0.22463225264178283,0.0,0.0,0.0
AGFG1,0.5038875683398608,0.1647947127706821,0.0,1.0,0.0
AGO2,0.5521971148101429,0.1866972224638832,0.0,0.33333333333333326,0.0
AGO3,0.5618332990926208,0.04311629659657266,1.0,0.33333333333333326,0.0
AGPAT2,0.36172285707677987,0.8710899794834063,1.0,1.0,0.0
AGPAT5,0.6652873567744703,0.6602520641200368,0.0,1.0,0.0
AGPS,0.43270175408948697,0.6230203734770033,0.0,1.0,0.0
AGR2,0.8670013955754343,0.6204065387792538,1.0,1.0,0.0
AGR3,0.8226510458069122,0.32741030776178404,0.0,1.0,0.0
AGRN,0.6954279250415988,1.0,0.0,1.0,0.0
AGTPBP1,0.4699431135460686,0.4468407948911543,0.0,1.0,0.0
AGTR1,0.3563764313490571,0.40073809873640304,1.0,1.0,0.0
AGTRAP,0.6357678912477813,0.6274662413006923,0.0,1.0,0.0
AHCY,0.6531935593422344,0.7736394406367034,1.0,1.0,0.0
AHI1,0.5667501393390482,0.07789252820858747,0.0,0.33333333333333326,0.0
AHNAK,0.46892544751625453,1.0,0.0,1.0,0.0
AHSA1,0.5997647633020671,0.3398949493873729,0.0,1.0,0.0
AIDA,0.5044127981354729,0.3638833675210631,0.0,1.0,0.0
AIFM2,0.3217692399661619,1.0,0.0,1.0,0.0
AIG1,0.4747566189334027,0.23105196142995668,0.0,1.0,0.0
AIMP2,0.5967243382875554,0.372180530972898,0.0,1.0,0.0
AK2,0.5536775364686604,0.3202828767608038,0.0,0.33333333333333326,0.0
AK3,0.43010818197947187,0.6580079162332746,0.0,1.0,0.0
AK5,0.5443481568401429,0.037550688325120596,0.0,0.33333333333333326,0.0
AK6,0.5466719750516146,0.33674344238352405,1.0,0.33333333333333326,0.0
AKAP1,0.5057832582919827,0.2904237966588875,0.0,1.0,0.0
AKAP11,0.4722710407180976,0.4980092057179752,0.0,1.0,0.0
AKAP12,0.2634758845678306,1.0,1.0,1.0,0.0
AKAP19,0.40266607390876025,1.0,0.0,1.0,0.0
AKAP7,0.45171900339098126,0.5944154824628803,1.0,1.0,0.0
AKAP9,0.613975496111129,0.23248921025493327,1.0,1.0,0.0
AKIRIN2,0.5023636218595102,0.2473623798765655,0.0,1.0,0.0
AKR1B1,0.4786034679867297,0.7919741704115576,0.0,1.0,0.0
AKR1C1,0.18519381966970538,1.0,1.0,1.0,0.0
AKR1C3,0.22287558722324577,1.0,1.0,1.0,0.0
AKT1,0.6086831471618419,0.3277366710030012,1.0,1.0,0.0
AKT2,0.5237624417215578,0.1409565671546543,1.0,1.0,0.0
AKT3,0.44000590034353143,0.6643850546545563,0.0,1.0,0.0
ALAD,0.44356559474115925,1.0,1.0,1.0,0.0
ALCAM,0.7226700835546759,0.6777268069803509,1.0,1.0,0.0
ALDH18A1,0.6805379916646973,0.974210475352583,0.0,1.0,0.0
ALDH1A1,0.278051217768866,1.0,1.0,1.0,0.0
ALDH1L1,0.2594554494453354,1.0,0.0,1.0,0.0
ALDH2,0.3286154727713596,1.0,1.0,1.0,0.0
ALDH3A2,0.430531875821497,0.4010189267169293,0.0,1.0,0.0
ALDH3B2,0.7257800605913579,0.28925363294954887,1.0,1.0,0.0
ALDH4A1,0.500233300144724,0.3722096590938012,1.0,1.0,0.0
ALDH5A1,0.4293538266118465,0.33032201764321734,0.0,1.0,0.0
ALDH6A1,0.4634168931289693,0.1305160287425938,1.0,1.0,0.0
ALDH9A1,0.49568849766621886,0.3178290581936302,1.0,1.0,0.0
ALDOA,0.6233304382962378,0.42859031990334984,0.0,0.33333333333333326,0.0
ALDOC,0.3452277540436194,0.8559334965300868,1.0,1.0,0.0
ALG2,0.624569367838551,0.3754577475508161,0.0,1.0,0.0
ALG3,0.6089980102028022,0.3658535212844658,0.0,0.33333333333333326,0.0
ALG8,0.5630740159487929,0.13603195133499177,0.0,0.33333333333333326,0.0
ALG9,0.476113998694664,0.32108427057656247,1.0,1.0,0.0
ALKBH6,0.6072987186585139,0.5026237083430375,0.0,1.0,0.0
ALMS1,0.6114579058651718,0.0774131504739897,0.0,1.0,0.0
ALPK3,0.4622206619027425,0.20894038292664757,0.0,1.0,0.0
ALS2,0.5025827915900818,0.22206893881284293,0.0,1.0,0.0
ALYREF,0.6448164502219883,0.5212227502029068,0.0,1.0,0.0
AMFR,0.6005210972648783,0.03084286756299306,0.0,0.33333333333333326,0.0
AMIGO3,0.6227625345205817,1.0,0.0,1.0,0.0
AMMECR1,0.682905920537658,0.6109928265447531,0.0,1.0,0.0
AMOTL1,0.4564675013031007,0.7594054646719058,0.0,1.0,0.0
AMOTL2,0.4204513153721761,1.0,1.0,1.0,0.0
ANAPC15,0.5535621920123107,0.0163042718440178,0.0,0.33333333333333326,0.0
ANAPC16,0.5076163422873917,0.3665323108942791,0.0,1.0,0.0
ANAPC7,0.5973488086475076,0.3390094497074888,0.0,1.0,0.0
ANG,0.4435796852633543,0.7647973124626308,1.0,1.0,0.0
ANGPT1,0.2944882762127726,1.0,1.0,1.0,0.0
ANGPTL1,0.2424373234110478,1.0,0.0,1.0,0.0
ANGPTL2,0.3709502166645387,0.9773374112989944,1.0,1.0,0.0
ANGPTL4,0.34870312900447237,1.0,1.0,1.0,0.0
ANGPTL8,0.40203555672583174,0.3835878573893872,0.0,1.0,0.0
ANK2,0.34035599897149443,1.0,1.0,1.0,0.0
ANK3,0.7199304056808135,0.5909437595084575,0.0,1.0,0.0
ANKMY2,0.4876352425962306,0.26293117019636253,0.0,1.0,0.0
ANKRD10,0.6295142837757488,0.42734962288602296,0.0,1.0,0.0
ANKRD11,0.5767235587459231,0.2553323430187442,0.0,0.33333333333333326,0.0
ANKRD12,0.5162437389570921,0.4655462316953767,0.0,1.0,0.0
ANKRD29,0.34837705814488285,1.0,0.0,1.0,0.0
ANKRD30A,0.8258617554214447,0.4956537616585763,0.0,1.0,0.0
ANKRD35,0.3632493653206466,1.0,0.0,1.0,0.0
ANKRD36,0.6914738364454205,0.29188543700091824,0.0,1.0,0.0
ANKRD36B,0.7235513081123712,0.5004191947234152,0.0,1.0,0.0
ANKRD40,0.39635194150054365,1.0,0.0,1.0,0.0
ANKRD46,0.49074615303978236,0.12464069299152716,1.0,1.0,0.0
ANKRD50,0.6404605637973816,0.27975517384969334,0.0,1.0,0.0
ANKRD54,0.6076702578998465,0.39378176198076853,0.0,1.0,0.0
ANKS6,0.49939526683272134,0.5426060934140186,0.0,1.0,0.0
ANLN,0.8653596086982772,1.0,0.0,1.0,0.0
ANO3,0.39351556057697434,0.4783199802622033,0.0,1.0,0.0
ANO6,0.3784055588327421,1.0,0.0,1.0,0.0
ANOS1,0.4775355964454818,0.18202559384970682,0.0,1.0,0.0
ANP32B,0.5295404392149324,0.25423985837124274,0.0,1.0,0.0
ANTKMT,0.6692126858990466,0.617631683902898,0.0,1.0,0.0
ANTXR2,0.32708851648258863,1.0,0.0,1.0,0.0
ANXA1,0.35588639608764894,1.0,1.0,1.0,0.0
ANXA11,0.4926883672414503,0.31727512999689683,1.0,1.0,0.0
ANXA2,0.4981208768051981,0.2849719230746278,1.0,1.0,0.0
ANXA3,0.4213689934604694,0.5031431507729229,0.0,1.0,0.0
ANXA5,0.4606899061842855,0.5763379314338006,1.0,1.0,0.0
ANXA8L1,0.5814700504932152,0.214747714994923,0.0,0.33333333333333326,0.0
ANXA9,0.7435941439162247,1.0,0.0,1.0,0.0
AOC3,0.2252436586719262,1.0,1.0,1.0,0.0
AOX1,0.28927033920340184,1.0,0.0,1.0,0.0
AP1AR,0.6437002896601205,0.5242969111781921,0.0,1.0,0.0
AP1G2,0.7144867316026413,0.6024023164816499,0.0,1.0,0.0
AP1M2,0.824735851597854,1.0,0.0,1.0,0.0
AP1S1,0.6480947945755533,0.9396553723225975,0.0,0.33333333333333326,0.0
AP1S2,0.5823915310362597,0.6186746014900132,1.0,0.33333333333333326,0.0
AP2B1,0.6413555321235487,1.0,0.0,0.33333333333333326,0.0
AP3B1,0.5149187813693105,0.07439209120939572,0.0,1.0,0.0
AP3M2,0.6159762258337912,0.32848037817386694,0.0,1.0,0.0
AP4B1,0.5585300385592539,0.06783934480017301,0.0,0.0,0.0
AP4M1,0.5693418344548273,0.30319314392939006,1.0,0.33333333333333326,0.0
AP5M1,0.527915973572969,0.20761906443968442,0.0,0.33333333333333326,0.0
APBB1IP,0.36122679952717524,0.6618637381370738,0.0,1.0,0.0
APBB2,0.49403764110245674,0.16431827973121832,1.0,1.0,0.0
APC,0.49720083301854023,0.21889978778370367,0.0,1.0,0.0
APCDD1,0.3218382475526186,1.0,0.0,1.0,0.0
APEX2,0.6435295692978953,1.0,0.0,0.33333333333333326,0.0
APH1A,0.6384869762665089,0.7206453755471293,1.0,1.0,0.0
APIP,0.47346859080444986,0.5648666795576068,1.0,1.0,0.0
APLNR,0.5000305243100713,0.2915159345400887,0.0,0.33333333333333326,0.0
APOC1,0.6368446828744787,0.29085227340742925,0.0,1.0,0.0
APOD,0.33531626124059016,0.6707136327929307,1.0,1.0,0.0
APOL3,0.4768505961090749,1.0,1.0,1.0,0.0
APOL6,0.3886025525265242,1.0,1.0,1.0,0.0
APOM,0.519784044934254,0.07222208516041462,0.0,1.0,0.0
APOO,0.5553333550008699,0.5216843576734937,1.0,0.33333333333333326,0.0
APP,0.5973355548974965,0.08920482366523758,0.0,0.33333333333333326,0.0
APRT,0.6041190593036552,0.13432595590773297,1.0,1.0,0.0
APTX,0.6383701327587595,0.5774333705511729,0.0,1.0,0.0
AQP1,0.4248680230861826,1.0,1.0,1.0,0.0
AQP3,0.7170710415925862,0.20273888987630723,0.0,0.33333333333333326,0.0
ARAP2,0.6349419345288425,0.21282275927880898,0.0,1.0,0.0
ARB2A,0.476615547505185,0.5266871976568481,1.0,1.0,0.0
AREL1,0.6290486287626542,0.4928299215934938,1.0,1.0,0.0
ARF3,0.6525482721259691,0.5799469830852461,0.0,1.0,0.0
ARF5,0.606727115405208,0.5183504347394975,0.0,0.33333333333333326,0.0
ARF6,0.5950234319884874,0.11392999528912473,0.0,1.0,0.0
ARFGAP1,0.6668573566665221,0.8152064755470315,0.0,1.0,0.0
ARFGEF1,0.6053799802638965,1.0,1.0,0.33333333333333326,0.0
ARFGEF3,0.7681602770748729,0.5818896706602629,0.0,1.0,0.0
ARFIP1,0.5944467633052541,0.06366288584811952,0.0,1.0,0.0
ARFIP2,0.6625755856270833,0.4402961173305835,0.0,0.33333333333333326,0.0
ARGLU1,0.5492151036455699,0.34839961788520524,0.0,0.33333333333333326,0.0
ARHGAP10,0.4744494188617876,0.7783719807147281,0.0,1.0,0.0
ARHGAP19,0.5561835755031219,0.12823776211319027,0.0,0.33333333333333326,0.0
ARHGAP20,0.230869034166022,1.0,0.0,1.0,0.0
ARHGAP21,0.4044890943334316,1.0,0.0,1.0,0.0
ARHGAP24,0.4350545110170844,0.9823237577672295,1.0,1.0,0.0
ARHGAP31,0.4253537067509948,0.9761862571948173,0.0,1.0,0.0
ARHGAP35,0.5852182634213754,0.3231309616927031,0.0,0.33333333333333326,0.0
ARHGAP5,0.47009080994457264,0.14102558329846637,0.0,0.33333333333333326,0.0
ARHGAP6,0.40967691180374405,1.0,1.0,1.0,0.0
ARHGDIB,0.6196856897697204,0.21420651687985723,0.0,1.0,0.0
ARHGEF10,0.4534764665158962,1.0,0.0,1.0,0.0
ARHGEF10L,0.5653619712127133,0.16103660729531805,0.0,0.33333333333333326,0.0
ARHGEF12,0.5651212521718014,0.054758915981853666,0.0,0.33333333333333326,0.0
ARHGEF15,0.4494233410079604,1.0,0.0,1.0,0.0
ARHGEF16,0.6105467803214001,0.6294235987760937,0.0,1.0,0.0
ARHGEF17,0.523209459890609,0.7076364916023131,0.0,0.33333333333333326,0.0
ARHGEF18,0.6047585235430355,0.5110789326676766,0.0,1.0,0.0
ARHGEF19,0.6128016739681164,0.46414169613752426,0.0,1.0,0.0
ARHGEF28,0.43889885734714146,1.0,0.0,1.0,0.0
ARHGEF3,0.6083337655183619,0.28939637910690763,0.0,1.0,0.0
ARHGEF40,0.363722055176142,1.0,1.0,1.0,0.0
ARHGEF6,0.4045994196309332,1.0,1.0,1.0,0.0
ARHGEF7,0.49720747514489544,1.0,1.0,1.0,0.0
ARHGEF9,0.554037914864964,0.18653615915447785,1.0,0.33333333333333326,0.0
ARID4A,0.5150369454176659,0.15732227787593855,0.0,0.33333333333333326,0.0
ARID4B,0.6081297662999001,0.484392102003896,1.0,1.0,0.0
ARID5B,0.4484410732046512,0.7091992045671909,1.0,1.0,0.0
ARIH2,0.5159012094602334,0.6241163121037229,0.0,1.0,0.0
ARL2,0.4804310515281056,0.6897359092030997,1.0,1.0,0.0
ARL4D,0.5303092289504556,0.25950601651405786,0.0,1.0,0.0
ARL6IP1,0.596283625360307,0.17221474447723342,0.0,1.0,0.0
ARL6IP5,0.4866331268672036,0.46358476624458755,0.0,1.0,0.0
ARLN,0.45114653104710123,0.42876217082134715,0.0,1.0,0.0
ARMC8,0.6180483755552337,0.7695970092211637,0.0,0.33333333333333326,0.0
ARMCX1,0.4839342470627748,0.2820120378616228,1.0,1.0,0.0
ARMH3,0.570129197851852,0.08402957388048801,0.0,0.33333333333333326,0.0
ARNT,0.511861714427981,0.2834805380935942,0.0,1.0,0.0
ARNT2,0.7573489580332662,1.0,0.0,1.0,0.0
ARPC1B,0.624851600654405,0.3904652244045953,0.0,1.0,0.0
ARPC4,0.5623595934439826,0.20947131890628098,0.0,0.33333333333333326,0.0
ARPC5L,0.6164467934927101,1.0,1.0,1.0,0.0
ARPP19,0.4816921778505463,0.6768829413447204,0.0,1.0,0.0
ARRB1,0.5048678611035555,0.48984397803332713,0.0,1.0,0.0
ARRDC1,0.7082263620229682,0.8197527396445407,0.0,1.0,0.0
ARRDC2,0.5794944979618766,0.39935395263089063,0.0,0.0,0.0
ARRDC3,0.44638157691427294,0.35238345758506984,0.0,1.0,0.0
ARRDC4,0.4471356473827465,0.41281852521807094,0.0,1.0,0.0
ARSD,0.6185419706257019,0.513302688957169,1.0,0.33333333333333326,0.0
ARSJ,0.6000329056321245,0.390677786664029,0.0,1.0,0.0
ASAH1,0.48820406909338576,0.20276948123375085,0.0,1.0,0.0
ASAP3,0.5342994433996143,0.06098739143272372,0.0,0.33333333333333326,0.0
ASB1,0.5034101655693128,1.0,0.0,1.0,0.0
ASB13,0.6559647599976612,0.49042478639574183,0.0,0.33333333333333326,0.0
ASB6,0.6103982064633877,0.4986522842514986,0.0,0.33333333333333326,0.0
ASH1L,0.5853553141815762,0.3104867754441099,0.0,0.33333333333333326,0.0
ASIC1,0.5402105572760431,0.06743630274228254,0.0,0.0,0.0
ASL,0.5982502715330313,0.09853900215531666,0.0,0.33333333333333326,0.0
ASNS,0.6619379739431691,0.5979277610257476,1.0,1.0,0.0
ASPA,0.23757581651820836,1.0,1.0,1.0,0.0
ASPH,0.4237007646939199,1.0,1.0,1.0,0.0
ASPHD1,0.5700420680262182,0.39436301071716223,0.0,0.0,0.0
ASPM,0.7562874953353868,1.0,1.0,1.0,0.0
ASPSCR1,0.6176205362493904,0.35325748386134553,0.0,0.33333333333333326,0.0
ASS1,0.4206824991177583,0.6373701574053826,1.0,1.0,0.0
ASXL1,0.5611328205337831,0.6199792625701905,0.0,0.33333333333333326,0.0
ATAD2,0.7328379535761507,1.0,0.0,1.0,0.0
ATAD2B,0.6497074965707532,0.7614341042884532,0.0,1.0,0.0
ATAD3A,0.6216455483568382,0.7518506296000789,0.0,1.0,0.0
ATAD5,0.5504390183233379,0.10057733535014678,0.0,0.0,0.0
ATE1,0.484386058282239,0.2681005982903716,0.0,1.0,0.0
ATF1,0.5602559703501339,0.1654002647130288,0.0,0.33333333333333326,0.0
ATF2,0.5097683111039009,0.2724482408960668,0.0,0.33333333333333326,0.0
ATF3,0.4257860035903246,0.36194228896424846,1.0,1.0,0.0
ATF4,0.5270326807911961,0.4340246791770132,1.0,1.0,0.0
ATF6,0.5573128144300933,0.20577140385869894,0.0,0.33333333333333326,0.0
ATF7,0.48149943806163364,0.8849243182527637,0.0,1.0,0.0
ATF7IP,0.5814025973188475,0.1654274857296641,0.0,0.33333333333333326,0.0
ATG10,0.5155295232029066,0.02035437487477281,0.0,1.0,0.0
ATG101,0.626330454887823,0.47741053828807595,1.0,1.0,0.0
ATG12,0.5586208185359269,0.05938859974463693,0.0,0.33333333333333326,0.0
ATG16L1,0.642127926449389,1.0,0.0,0.33333333333333326,0.0
ATG4B,0.6061215464778601,0.7734126244223123,0.0,1.0,0.0
ATG4D,0.6071233676823895,0.291714412818333,0.0,1.0,0.0
ATG5,0.528816353779671,0.2636190869121061,0.0,0.33333333333333326,0.0
ATG7,0.5542031501567243,0.24685051295334673,0.0,0.33333333333333326,0.0
ATIC,0.6172471458051045,0.6894825904378811,1.0,1.0,0.0
ATL3,0.45129245131956564,0.6381872405446867,0.0,1.0,0.0
ATMIN,0.5103985415141095,0.127159043797644,0.0,0.33333333333333326,0.0
ATOH8,0.37993320756442833,1.0,0.0,1.0,0.0
ATP11A,0.49463549768873294,0.355933994119736,0.0,1.0,0.0
ATP11B,0.4868357878568525,0.3275179409339343,0.0,0.33333333333333326,0.0
ATP11C,0.4890399947174611,0.5314186000222778,0.0,1.0,0.0
ATP13A1,0.6644327939254311,0.9637387766998593,0.0,1.0,0.0
ATP13A2,0.6368509735992279,0.6149313325105586,0.0,1.0,0.0
ATP1A1,0.7020153395966606,0.7127716918848309,0.0,1.0,0.0
ATP1A2,0.13018337314886969,1.0,0.0,1.0,0.0
ATP1B1,0.7114530793287701,0.8615415197595379,1.0,1.0,0.0
ATP23,0.4165106150218939,0.36171065918222634,0.0,1.0,0.0
ATP2A2,0.71778131363079,1.0,0.0,1.0,0.0
ATP2A3,0.6153346495820974,0.6104876630721556,1.0,0.33333333333333326,0.0
ATP2B4,0.44020988097152947,1.0,0.0,1.0,0.0
ATP2C1,0.5977549102152399,0.18096293459867835,0.0,1.0,0.0
ATP5F1A,0.5090698153140126,0.24386573490242683,0.0,1.0,0.0
ATP5F1C,0.5329626565649731,0.41903830121724145,0.0,0.33333333333333326,0.0
ATP5F1E,0.536544807035737,0.8571937361496956,0.0,0.33333333333333326,0.0
ATP5IF1,0.6049617384453918,0.6012964169502139,1.0,1.0,0.0
ATP5MC1,0.6007951414292393,0.7792647274209901,0.0,1.0,0.0
ATP5MC3,0.4827339916347437,0.346544032818669,0.0,1.0,0.0
ATP5MG,0.5003524185527751,0.6163914720876991,0.0,1.0,0.0
ATP5MJ,0.5422824428716698,0.28316617053293647,0.0,0.33333333333333326,0.0
ATP5PF,0.5003530903812671,0.44231006311421306,0.0,1.0,0.0
ATP5PO,0.4881659773225557,0.6043029587894869,0.0,1.0,0.0
ATP6AP1,0.6998492818240127,0.9338961556567472,0.0,1.0,0.0
ATP6V0B,0.6641366161041518,1.0,1.0,1.0,0.0
ATP6V0C,0.6101210364266538,0.20738162335160748,0.0,0.33333333333333326,0.0
ATP6V1C1,0.5585623106835855,0.2730859768300349,0.0,0.33333333333333326,0.0
ATP6V1D,0.5502026423621567,0.17688050576515346,0.0,0.33333333333333326,0.0
ATP6V1G1,0.6478264029349698,1.0,1.0,1.0,0.0
ATP6V1H,0.6147212220482591,0.33989648338258477,0.0,1.0,0.0
ATP7B,0.5809013642655619,0.6330869824911729,0.0,0.0,0.0
ATP8B1,0.6209779745059821,0.1435258787637728,0.0,1.0,0.0
ATP9A,0.4660585263430526,0.7391749334070569,0.0,1.0,0.0
ATPAF1,0.473662045411037,0.1264031266298247,0.0,1.0,0.0
ATRIP,0.5553262690489871,0.039913042517165334,0.0,0.33333333333333326,0.0
ATXN7L3,0.5895659119315351,0.25761870345432863,0.0,1.0,0.0
AUH,0.4592288778080425,0.664541847409373,0.0,1.0,0.0
AUP1,0.6107402672493564,0.16802174792675695,1.0,1.0,0.0
AURKA,0.8595385040399142,1.0,0.0,0.33333333333333326,0.0
AUTS2,0.6820694668346576,0.7511468721869303,0.0,1.0,0.0
AVEN,0.4965957380633182,0.6631364413550059,1.0,1.0,0.0
AVL9,0.6259864317230708,1.0,0.0,1.0,0.0
AVPI1,0.3965993323695536,1.0,1.0,1.0,0.0
AVPR1A,0.36622943537164543,1.0,0.0,0.33333333333333326,0.0
AXIN1,0.5922531884815339,0.9199001255928536,0.0,0.33333333333333326,0.0
AXIN2,0.45969890111695616,0.9796826130207614,0.0,1.0,0.0
AXL,0.4509145152442409,0.3138795250904102,0.0,1.0,0.0
AZGP1,0.6920762008758818,0.21999999079015914,0.0,1.0,0.0
AZI2,0.4942296008820466,0.5589252728847994,1.0,1.0,0.0
AZIN2,0.6105577896148989,0.7195104201148143,0.0,1.0,0.0
B3GALNT1,0.6613023634871414,0.6448667250759879,1.0,1.0,0.0
B3GALNT2,0.6325688476947716,0.45702111527573014,0.0,1.0,0.0
B3GALT6,0.6417069819434807,0.8087319970241408,0.0,1.0,0.0
B3GAT3,0.6406159480047839,1.0,0.0,0.33333333333333326,0.0
B3GNT2,0.6277959227767853,0.21186820955153668,0.0,1.0,0.0
B4GALT1,0.6291416022275937,0.3741844872420038,0.0,1.0,0.0
B4GALT2,0.5580916630946566,0.10985015500982546,0.0,0.33333333333333326,0.0
B4GALT3,0.6760193635338301,1.0,0.0,1.0,0.0
B4GALT4,0.58199873855478,0.37229765187495345,0.0,1.0,0.0
B4GALT7,0.5648933951059237,0.31464884783675345,1.0,0.33333333333333326,0.0
B4GAT1,0.5043130788095265,0.5137494039313032,0.0,1.0,0.0
B9D1,0.602642205096267,0.14284170744495825,0.0,0.33333333333333326,0.0
BAALC,0.49810666094648565,0.1856909799492511,0.0,1.0,0.0
BACE1,0.4805763433226171,0.4120423957848772,0.0,1.0,0.0
BAG1,0.5233326203160343,0.05627433528394317,0.0,1.0,0.0
BAG4,0.5007032165439779,0.22000511688031923,1.0,1.0,0.0
BAIAP2L1,0.8268365648372491,1.0,0.0,1.0,0.0
BAMBI,0.6865696003565793,0.6189978661777842,1.0,1.0,0.0
BANF1,0.6442294976680849,0.5370888643337315,0.0,1.0,0.0
BANK1,0.395094291177187,0.516244490235146,1.0,1.0,0.0
BANP,0.61512732288834,0.2101583805380611,0.0,1.0,0.0
BARD1,0.7422725302174914,1.0,0.0,1.0,0.0
BATF,0.634932843428444,1.0,0.0,0.33333333333333326,0.0
BAZ1A,0.6389490546707349,0.5746305117679855,0.0,0.33333333333333326,0.0
BBS10,0.49368831351468445,0.30693268088062403,0.0,1.0,0.0
BBS9,0.5098880156041742,0.12194937876923391,0.0,1.0,0.0
BCAP29,0.48069537839746324,0.6405399464586897,0.0,1.0,0.0
BCAR1,0.5908539379629291,0.16920692279569322,0.0,1.0,0.0
BCAR3,0.48033520884006026,0.17704149678065403,0.0,1.0,0.0
BCAS4,0.6506435842208589,1.0,0.0,0.33333333333333326,0.0
BCHE,0.434795562248189,0.32290908726314493,0.0,1.0,0.0
BCKDHB,0.4584309648462795,0.557636276401094,0.0,1.0,0.0
BCKDK,0.5587650765095414,0.2637912784990886,0.0,0.33333333333333326,0.0
BCL10,0.6061034621834749,0.11613708489223445,1.0,1.0,0.0
BCL2,0.46788673314163964,0.2929693713801496,1.0,1.0,0.0
BCL2L1,0.6244408600648986,0.6655386717380803,0.0,0.33333333333333326,0.0
BCL2L11,0.623744921164935,0.6268601296101536,0.0,0.33333333333333326,0.0
BCL2L12,0.6252435899471854,1.0,0.0,1.0,0.0
BCL2L13,0.48322954390557565,0.39449614192877247,1.0,1.0,0.0
BCL2L2,0.44650133808257436,1.0,1.0,1.0,0.0
BCL6,0.4378155357719251,0.8385455962743037,0.0,1.0,0.0
BCL7B,0.5005130580034869,0.17328133965045947,0.0,0.33333333333333326,0.0
BCL7C,0.5659715816111874,0.4222603034816891,0.0,0.33333333333333326,0.0
BCL9,0.6021714034530938,1.0,0.0,0.33333333333333326,0.0
BCOR,0.6923970683048694,0.5782108834699398,1.0,1.0,0.0
BCS1L,0.5726415043137407,0.08235911046104268,0.0,0.33333333333333326,0.0
BDH1,0.6226170011855634,0.20791270492252514,0.0,1.0,0.0
BDH2,0.4876840600473269,0.2308495487910493,0.0,1.0,0.0
BDKRB2,0.5089243402825748,0.29610446891379333,0.0,1.0,0.0
BECN1,0.5401152192235403,0.09857690623516793,0.0,0.33333333333333326,0.0
BEND3,0.6199708962667692,0.4202234268645329,0.0,1.0,0.0
BEND7,0.46771251960414123,0.47782873704673406,0.0,1.0,0.0
BET1L,0.5307264138501845,0.014137307596305826,0.0,0.33333333333333326,0.0
BGN,0.7356586645153838,0.9837817727175414,0.0,1.0,0.0
BHLHE22,0.4778482066897872,0.3513937700329001,0.0,1.0,0.0
BHLHE40,0.6615762173943859,0.2975378965936972,1.0,1.0,0.0
BHLHE41,0.4395261256725843,0.5917760965197535,0.0,1.0,0.0
BHMT2,0.2963489094195467,1.0,1.0,1.0,0.0
BICC1,0.40076094653153344,0.38307959584083057,0.0,1.0,0.0
BICDL1,0.7065991356386416,1.0,0.0,1.0,0.0
BICDL2,0.6871833386552042,1.0,0.0,1.0,0.0
BIK,0.778491141159492,0.8014765950540946,0.0,1.0,0.0
BIN1,0.3751306941777091,1.0,1.0,1.0,0.0
BIRC5,0.7974347640063241,0.9954628649026603,0.0,0.33333333333333326,0.0
BIVM,0.49969549095495575,0.21839205000091386,0.0,1.0,0.0
BLCAP,0.47925356067644065,1.0,1.0,1.0,0.0
BLNK,0.6570084533839347,0.6118021156513674,1.0,1.0,0.0
BLOC1S2,0.55317299741227,0.2855669832669605,0.0,0.0,0.0
BLZF1,0.5152031778536361,0.10662978454008501,0.0,1.0,0.0
BMERB1,0.502058463253767,0.26380796081084407,0.0,1.0,0.0
BMP1,0.5279981661049451,0.02723838057058101,0.0,1.0,0.0
BMP2,0.3596777079249272,0.6067917676694098,0.0,1.0,0.0
BMP4,0.5060894588523491,0.09789486732686958,1.0,1.0,0.0
BMP5,0.5289472592166278,0.06787915004645716,0.0,1.0,0.0
BMP6,0.4633328094054728,1.0,0.0,1.0,0.0
BMPR1A,0.5064034944961507,0.10373678386164419,1.0,1.0,0.0
BNC2,0.494251051188435,0.4802202503570233,1.0,1.0,0.0
BNIP2,0.3770016535869448,0.9657809022757377,0.0,0.33333333333333326,0.0
BNIP3,0.45190687734273055,0.13373043494717415,0.0,1.0,0.0
BNIP3L,0.4331727734221991,0.5799072160270431,1.0,1.0,0.0
BOC,0.4024849793610639,0.8857540074354421,0.0,1.0,0.0
BOK,0.3394987595289523,0.8685559240873978,0.0,1.0,0.0
BOLA2B,0.6550787421543757,1.0,0.0,1.0,0.0
BOLA3,0.5489119016528982,0.09377084551932531,0.0,0.0,0.0
BORCS8,0.5420496115344221,0.12393066905784189,0.0,0.33333333333333326,0.0
BPNT1,0.6310760453810613,0.8626064562846811,0.0,0.33333333333333326,0.0
BRCA2,0.5710635596307457,1.0,0.0,0.0,0.0
BRCC3,0.6088270621613262,0.4398427290694332,0.0,0.33333333333333326,0.0
BRD1,0.5766136867361974,0.21220114565360615,0.0,0.33333333333333326,0.0
BRD2,0.6495449012415401,0.5287853798035385,0.0,0.33333333333333326,0.0
BRD7,0.5243358606777324,0.24590730187733403,0.0,0.33333333333333326,0.0
BRD8,0.6268127032243526,0.6412586370015131,0.0,1.0,0.0
BRI3,0.48072520091696475,0.18904928729930548,0.0,1.0,0.0
BRI3BP,0.6555946338188566,0.7819711598037209,0.0,1.0,0.0
BRIP1,0.5915944441887921,0.7900274038396164,0.0,0.0,0.0
BRMS1,0.6407981111350548,1.0,0.0,1.0,0.0
BRMS1L,0.5171888716199303,0.19776143076509028,0.0,1.0,0.0
BRWD1,0.6428779111672084,0.5967233768014881,0.0,0.33333333333333326,0.0
BSN,0.546011071005799,0.10443126045677648,0.0,0.0,0.0
BSPRY,0.7948125992790737,0.7812100322469999,0.0,1.0,0.0
BST2,0.6611761733918455,0.6898298742117068,0.0,1.0,0.0
BTBD18,0.5484857518132359,0.5042722510291406,0.0,0.0,0.0
BTBD3,0.6150792906678032,0.05964681499200635,0.0,0.33333333333333326,0.0
BTBD6,0.45634768765311573,0.6763413176379287,0.0,1.0,0.0
BTD,0.4722074182430581,0.292090124383082,0.0,1.0,0.0
BTG1,0.4994149790478323,0.43698580816143306,0.0,1.0,0.0
BTG2,0.48921210778969654,0.16601132584637956,0.0,1.0,0.0
BTN2A1,0.570745845135322,0.20172755437091763,0.0,0.33333333333333326,0.0
BTN2A2,0.6291099252437253,0.2851374740046743,0.0,1.0,0.0
BTNL9,0.20280860645832707,1.0,0.0,1.0,0.0
BTRC,0.5981437646253629,0.11841783494218214,0.0,0.33333333333333326,0.0
BUB1B,0.742948147845796,1.0,1.0,1.0,0.0
BUB3,0.6490269074752466,0.7677250567623939,0.0,0.33333333333333326,0.0
BUD23,0.6262694267504408,0.5224253593260837,0.0,1.0,0.0
BYSL,0.5791712124792677,0.5193392562099831,1.0,0.33333333333333326,0.0
BZW2,0.6626077488163129,0.9563742159953622,1.0,1.0,0.0
C11orf96,0.40542492289122817,0.4431453152383632,0.0,1.0,0.0
C11orf98,0.6216180973762537,0.9478570925651327,0.0,1.0,0.0
C12orf76,0.6072651721409742,0.3320369681712452,0.0,1.0,0.0
C14orf180,0.16708288504063915,1.0,0.0,1.0,0.0
C15orf40,0.4711301706921378,0.19508026331902797,0.0,1.0,0.0
C16orf86,0.5172735674622397,0.2611745111358608,0.0,1.0,0.0
C16orf89,0.41928012606319365,0.5132013201185832,0.0,1.0,0.0
C19orf12,0.36876986511265164,1.0,0.0,1.0,0.0
C19orf33,0.7274030063207446,0.6323743353632151,0.0,1.0,0.0
C1QA,0.45010440098995513,0.1774167316322235,0.0,1.0,0.0
C1QB,0.4628645732950575,0.08151318057217447,0.0,1.0,0.0
C1QBP,0.6077396983405617,0.38891522417076474,0.0,1.0,0.0
C1QTNF1,0.46116386076389304,0.6986214905685402,1.0,1.0,0.0
C1S,0.44397753507537546,0.39348716119129257,0.0,1.0,0.0
C1orf115,0.43009010664380964,0.724996903857359,1.0,1.0,0.0
C1orf116,0.6468536771175926,0.4510355347248076,1.0,0.33333333333333326,0.0
C1orf122,0.5424077355309769,0.04108196575316037,0.0,0.0,0.0
C1orf35,0.6235615995137936,0.7497598042904636,1.0,1.0,0.0
C22orf39,0.42912309795284487,0.987646924717598,0.0,1.0,0.0
C2CD2,0.37658846321038336,1.0,1.0,1.0,0.0
C2CD3,0.6406624011690054,1.0,0.0,1.0,0.0
C2orf74,0.39512416575601217,0.6871648592111836,0.0,1.0,0.0
C2orf81,0.5942080948498721,0.20334905415599538,0.0,1.0,0.0
C3,0.44862165646196367,0.5572989154476256,1.0,1.0,0.0
C3orf18,0.5278030955057444,0.0335873063206861,0.0,1.0,0.0
C3orf52,0.6835066674438518,1.0,0.0,1.0,0.0
C4B_2,0.7430883059864163,0.7616079455620626,1.0,1.0,0.0
C4orf46,0.48282462447507896,0.5658718321118241,0.0,1.0,0.0
C5AR2,0.546807266685255,0.09761987826084782,0.0,0.0,0.0
C5orf22,0.6026655468867054,0.5752730602025355,1.0,1.0,0.0
C5orf46,0.7122019117679405,0.5848876204180783,0.0,1.0,0.0
C6,0.4309941232319732,0.3138037704288595,0.0,1.0,0.0
C6orf120,0.4672056951900397,0.2865917122733371,0.0,1.0,0.0
C6orf62,0.5838101715858067,0.05782412713060732,0.0,1.0,0.0
C7,0.4203644698534635,0.5911991487891177,1.0,1.0,0.0
C9orf152,0.71295232107537,0.8330211543477996,0.0,1.0,0.0
C9orf40,0.5236312847561077,0.1114515412983559,0.0,0.33333333333333326,0.0
C9orf72,0.5073899820749598,0.02011188698553291,0.0,1.0,0.0
CA12,0.7461914829526105,0.7810100589936563,1.0,1.0,0.0
CA2,0.6569683010233003,0.196832855906154,1.0,1.0,0.0
CA3,0.34721045340135676,0.330060758372563,0.0,1.0,0.0
CA4,0.37962408251154683,1.0,1.0,1.0,0.0
CA8,0.550459758900825,0.6314492573521798,0.0,0.0,0.0
CAB39,0.5118887443459529,0.26488255553309503,0.0,1.0,0.0
CAB39L,0.4829559653369538,0.1779944053178821,0.0,1.0,0.0
CABLES1,0.48610274808487397,0.460763585909382,0.0,1.0,0.0
CABLES2,0.649485532194005,0.582307582082729,0.0,1.0,0.0
CACFD1,0.6121259533623844,0.5553128361227931,0.0,1.0,0.0
CACHD1,0.3288806064599577,1.0,0.0,1.0,0.0
CACNA2D1,0.351693476340329,1.0,1.0,1.0,0.0
CACNB3,0.7182652328797268,1.0,0.0,1.0,0.0
CADM1,0.6261892848037676,0.2541957924413166,0.0,1.0,0.0
CALB2,0.3209997385661593,1.0,1.0,1.0,0.0
CALCOCO1,0.4794151189370199,1.0,0.0,1.0,0.0
CALCOCO2,0.49064451729784825,0.6956723018139772,0.0,1.0,0.0
CALCRL,0.42590794470374466,0.33338026083581657,0.0,1.0,0.0
CALHM2,0.4963923349098997,0.30447238981034025,0.0,1.0,0.0
CALHM5,0.49130900887802365,0.3425293883056735,0.0,1.0,0.0
CALM1,0.4238281895121504,0.3429645308392999,0.0,1.0,0.0
CALML4,0.5610741983017151,0.08475578867073365,0.0,0.33333333333333326,0.0
CAMK1,0.4156474930731126,0.45525768755496127,1.0,1.0,0.0
CAMK2D,0.501162899435992,0.40916461929155007,0.0,1.0,0.0
CAMK2N1,0.6461559307768526,0.2035419049035366,0.0,1.0,0.0
CANT1,0.6972244597799789,1.0,1.0,1.0,0.0
CANX,0.5965192596501054,0.21355704743979712,1.0,1.0,0.0
CAP2,0.48626465549556097,0.22307011159564477,0.0,1.0,0.0
CAPG,0.7018605751439756,0.8225852915091876,0.0,1.0,0.0
CAPN1,0.6516280849674068,1.0,0.0,1.0,0.0
CAPN13,0.672536074181991,0.7825001332451805,0.0,1.0,0.0
CAPN2,0.5293033279811791,0.056983991926084096,0.0,1.0,0.0
CAPN7,0.5045693067131043,0.0759701787058388,0.0,0.33333333333333326,0.0
CAPN8,0.7418179462074852,0.5937209022450436,0.0,1.0,0.0
CAPRIN2,0.5251365584712525,0.2404489536928033,0.0,1.0,0.0
CAPS,0.6866282559643075,1.0,0.0,1.0,0.0
CAPZB,0.614576696375704,0.5984163338822007,0.0,0.33333333333333326,0.0
CARD10,0.5739680234453507,0.4687896453274299,0.0,0.33333333333333326,0.0
CARD19,0.6267289437481923,0.9035024127103223,0.0,1.0,0.0
CARD6,0.4047397627850884,0.831472260676182,0.0,1.0,0.0
CARD8,0.485486831287617,0.5761141997735622,0.0,1.0,0.0
CARMIL1,0.6284344450648649,0.10994604939262635,0.0,1.0,0.0
CASK,0.6161411408106252,0.9117762334968244,1.0,1.0,0.0
CASKIN2,0.5072693964406169,0.4441010857339735,0.0,1.0,0.0
CASP1,0.4657388357087149,0.41230474919090276,0.0,1.0,0.0
CASP10,0.5254475020848322,0.24976130629102328,0.0,1.0,0.0
CASP3,0.6047717088344953,0.7159836263727013,1.0,1.0,0.0
CASP6,0.6351076841015367,0.49444845435755685,1.0,1.0,0.0
CASP9,0.5837502071566072,0.11452461938573506,0.0,1.0,0.0
CASQ2,0.35915230264948866,1.0,1.0,1.0,0.0
CAST,0.455743355849945,1.0,1.0,1.0,0.0
CASTOR1,0.494815491874421,0.3441737515827127,0.0,1.0,0.0
CASZ1,0.7147293650217672,0.8166762359300274,0.0,1.0,0.0
CAT,0.3804773252651904,1.0,1.0,1.0,0.0
CAV1,0.2924928908058445,1.0,1.0,1.0,0.0
CAV2,0.2621006401782832,1.0,1.0,1.0,0.0
CAVIN1,0.37327816019508636,1.0,1.0,1.0,0.0
CAVIN2,0.2168102933451354,1.0,1.0,1.0,0.0
CAVIN3,0.4624891413850302,0.4515752406008162,1.0,1.0,0.0
CBFA2T2,0.71022264519724,0.560445099434442,0.0,0.33333333333333326,0.0
CBL,0.515053649690898,0.3421500409054697,0.0,1.0,0.0
CBLL1,0.5831433554203979,0.05756808731310159,0.0,1.0,0.0
CBX1,0.603226358890267,0.3182728658131085,1.0,1.0,0.0
CBX3,0.6198179453972593,0.7515150266903429,1.0,1.0,0.0
CBX4,0.7609652267328545,1.0,0.0,1.0,0.0
CBX5,0.6344183739151433,0.4988795025902478,0.0,1.0,0.0
CBX6,0.5504177036215325,0.22118424427644437,0.0,0.33333333333333326,0.0
CBX7,0.4740067446568313,0.8995251895258708,1.0,1.0,0.0
CBY1,0.5225165623815324,0.11436639361023648,0.0,0.33333333333333326,0.0
CC2D1A,0.5959367571033792,0.7316526061197274,0.0,0.33333333333333326,0.0
CC2D2A,0.465130647195617,0.6258845816247417,0.0,1.0,0.0
CCAR1,0.6304878639022196,0.24058221696591875,0.0,1.0,0.0
CCDC107,0.4198189174217542,1.0,0.0,1.0,0.0
CCDC117,0.6112345070626901,0.12407864944024184,0.0,1.0,0.0
CCDC137,0.6350517025243386,0.5548120767777971,0.0,1.0,0.0
CCDC167,0.6747905536497099,1.0,0.0,1.0,0.0
CCDC178,0.3308365290344646,1.0,0.0,1.0,0.0
CCDC24,0.6540246119431367,1.0,0.0,1.0,0.0
CCDC28A,0.4966611181432752,0.5708149494163833,1.0,1.0,0.0
CCDC3,0.19430734171209146,1.0,0.0,1.0,0.0
CCDC43,0.5985315584872604,0.28339938932346875,0.0,1.0,0.0
CCDC47,0.6137433341579825,0.06565619446570985,1.0,1.0,0.0
CCDC50,0.41906036971765065,0.7562726920177251,0.0,1.0,0.0
CCDC57,0.6180722574679329,0.4547584413251855,0.0,0.33333333333333326,0.0
CCDC6,0.6243966550729247,0.7033825808831262,0.0,0.33333333333333326,0.0
CCDC69,0.2425966157860276,1.0,1.0,1.0,0.0
CCDC7,0.526194112345782,0.15855879103564724,0.0,1.0,0.0
CCDC71L,0.4344734442020706,0.6021710145365728,0.0,1.0,0.0
CCDC74B,0.7326876111622674,1.0,0.0,1.0,0.0
CCDC80,0.3411231756029154,0.6101441878208735,0.0,1.0,0.0
CCDC82,0.3944116426747033,0.8534541683663028,0.0,0.33333333333333326,0.0
CCDC88C,0.6003942054324544,0.7598570422066185,0.0,0.0,0.0
CCDC92,0.4469884585783859,0.6648380482422898,1.0,1.0,0.0
CCDC97,0.5774222633198668,0.21940023900180317,0.0,0.0,0.0
CCHCR1,0.5603726828196876,0.2903674630347782,1.0,0.33333333333333326,0.0
CCL13,0.42288221724466085,0.4336205803720199,0.0,1.0,0.0
CCL2,0.4488916593990299,0.2585847168636211,1.0,1.0,0.0
CCL4,0.4931968067689368,0.03545779466310311,0.0,1.0,0.0
CCL5,0.6354079290057616,0.1755408942856522,0.0,0.33333333333333326,0.0
CCL8,0.38544151888177863,0.24992226716694754,0.0,1.0,0.0
CCM2L,0.3737437237342982,1.0,0.0,1.0,0.0
CCN1,0.45939631308694157,0.1932932143656092,1.0,1.0,0.0
CCN4,0.8537630222150333,1.0,0.0,1.0,0.0
CCN5,0.32712761664509865,0.5941537693758188,1.0,1.0,0.0
CCNB1,0.8161101061943231,1.0,0.0,1.0,0.0
CCNB2,0.7426042277638611,1.0,1.0,1.0,0.0
CCND2,0.4519457754717535,0.7978654337236769,1.0,1.0,0.0
CCNDBP1,0.4282208885198645,0.44060597537360335,0.0,1.0,0.0
CCNF,0.6615508948976428,0.6286675855746745,0.0,1.0,0.0
CCNG1,0.46075886838962116,1.0,0.0,1.0,0.0
CCNH,0.46571756919593843,0.4791102822517063,1.0,1.0,0.0
CCNI,0.5274458883784283,0.09976675320030166,0.0,1.0,0.0
CCNK,0.545414114504331,0.11513597209457078,0.0,0.33333333333333326,0.0
CCNL2,0.6121126636527557,0.7048028337134274,0.0,0.33333333333333326,0.0
CCNQ,0.5838014977654188,0.12925036601039844,0.0,1.0,0.0
CCNT1,0.6059927070612948,0.2846120253306384,0.0,1.0,0.0
CCP110,0.6039203473070682,0.4099666764466485,1.0,1.0,0.0
CCR5,0.672937581671349,0.49973746022932386,0.0,1.0,0.0
CCSAP,0.6340282039333744,0.5807863341999371,0.0,1.0,0.0
CCSER2,0.4746510472189602,0.6903583810642713,0.0,0.33333333333333326,0.0
CCT2,0.6365893197082622,0.82322810617449,1.0,1.0,0.0
CCT5,0.6182704914587753,0.4419830415794511,0.0,1.0,0.0
CCT6A,0.6342431679770096,1.0,1.0,1.0,0.0
CCT7,0.5943780351344842,0.12867577840404362,0.0,1.0,0.0
CCT8,0.5997712306056516,0.21786305124722793,0.0,1.0,0.0
CD14,0.4719657761714103,0.16519775276742124,1.0,1.0,0.0
CD151,0.4976349526575686,0.31137144352334345,1.0,1.0,0.0
CD163,0.4419139295039048,0.18232677728914326,1.0,1.0,0.0
CD163L1,0.49533043072220706,0.14525290572589555,0.0,1.0,0.0
CD164,0.4828013343637399,0.264185531082562,0.0,1.0,0.0
CD2,0.66569482752125,0.4375603550598379,0.0,1.0,0.0
CD200,0.47073985108408367,0.32262004502900576,0.0,1.0,0.0
CD209,0.32230583001209784,1.0,0.0,1.0,0.0
CD22,0.5536697408879863,0.10910052160182461,0.0,0.33333333333333326,0.0
CD24,0.7989633952870331,1.0,1.0,1.0,0.0
CD248,0.4136046066238552,0.9097396668317638,1.0,1.0,0.0
CD27,0.6040121167591738,0.1225113332132333,0.0,0.33333333333333326,0.0
CD276,0.6224213720562382,0.32968251571313734,0.0,1.0,0.0
CD2AP,0.6117624563282037,0.6349250283607228,0.0,1.0,0.0
CD2BP2,0.5930935290187289,0.2659975335285053,0.0,1.0,0.0
CD300LG,0.11699397310904357,1.0,0.0,1.0,0.0
CD34,0.4353187960159721,1.0,1.0,1.0,0.0
CD36,0.1847242744223297,0.9336615439956755,1.0,1.0,0.0
CD37,0.6131498212808572,0.29207036086230437,0.0,0.33333333333333326,0.0
CD47,0.6302562463524503,0.6640729728862124,1.0,1.0,0.0
CD5,0.5522414757707802,0.19424791661873514,0.0,0.0,0.0
CD6,0.604249258482166,0.11162440534272473,0.0,0.33333333333333326,0.0
CD63,0.5357013535730014,0.03013037817279794,0.0,1.0,0.0
CD69,0.5169721794239055,0.06633865497528481,0.0,0.33333333333333326,0.0
CD74,0.5997197430004083,0.09116133189338589,0.0,1.0,0.0
CD81,0.4901692590057403,0.8918155713579939,0.0,1.0,0.0
CD82,0.5958846923674329,0.3074080963858132,0.0,1.0,0.0
CD83,0.4905435358397473,0.06677191865766702,0.0,0.33333333333333326,0.0
CD8A,0.6230807993184388,0.23176136818402032,0.0,0.33333333333333326,0.0
CD9,0.7554951670731515,0.6120120201380551,1.0,1.0,0.0
CD93,0.47672613030347416,0.4261642417703206,1.0,1.0,0.0
CD99,0.517209134859757,0.15122960818321451,0.0,1.0,0.0
CD99L2,0.4304442174953285,0.6771330955333034,0.0,1.0,0.0
CDAN1,0.6047254864285713,0.23261677235872422,0.0,1.0,0.0
CDC14B,0.4233804721885683,1.0,1.0,1.0,0.0
CDC16,0.5193752838891192,0.3900312665524106,0.0,1.0,0.0
CDC20,0.7833257884042083,1.0,1.0,1.0,0.0
CDC25A,0.5748126157946083,0.19112656775669135,0.0,0.0,0.0
CDC26,0.4853687867635684,0.45304374372059486,0.0,1.0,0.0
CDC37L1,0.4573837326644726,0.2972231672004859,0.0,1.0,0.0
CDC42,0.5490584224701874,0.25956757903317285,0.0,0.33333333333333326,0.0
CDC42BPB,0.5320931879858536,0.7815917545567023,0.0,0.33333333333333326,0.0
CDC42EP2,0.471893165527607,1.0,1.0,1.0,0.0
CDC42EP4,0.5163205562745921,0.44752898386354434,0.0,1.0,0.0
CDC42SE1,0.6335540894132301,0.5250376919639799,1.0,1.0,0.0
CDC50B,0.7423116924634766,0.7757325778323119,0.0,1.0,0.0
CDC7,0.665635540220471,0.6086821250163288,0.0,1.0,0.0
CDC73,0.5553806571682718,0.15060309721529166,0.0,0.33333333333333326,0.0
CDCA3,0.7673571436832058,0.7117715977112485,0.0,1.0,0.0
CDCA4,0.6820393092022012,1.0,0.0,0.33333333333333326,0.0
CDH1,0.868939101208315,1.0,1.0,1.0,0.0
CDH11,0.6988880982781758,0.7115096467637498,0.0,1.0,0.0
CDH4,0.5454037445474501,0.06928240922846086,0.0,0.0,0.0
CDH5,0.3973662574176578,1.0,1.0,1.0,0.0
CDK1,0.839055240696706,1.0,0.0,1.0,0.0
CDK12,0.5951992611394687,0.27395630965894846,0.0,0.33333333333333326,0.0
CDK2,0.6242324775511952,0.8715730641252887,0.0,0.33333333333333326,0.0
CDK20,0.5825946521886071,0.37996368061875246,1.0,0.33333333333333326,0.0
CDK2AP2,0.5638552032139639,0.18996460212330812,0.0,0.33333333333333326,0.0
CDK4,0.6022377807786812,0.3846947696336678,0.0,1.0,0.0
CDK5,0.6464049269185832,1.0,0.0,0.33333333333333326,0.0
CDK5RAP1,0.6026851092217734,0.25780224790514944,0.0,1.0,0.0
CDK5RAP3,0.6214907263778185,1.0,1.0,1.0,0.0
CDK7,0.617224129009701,0.6399348654943143,1.0,1.0,0.0
CDKAL1,0.5136485585710541,0.04651229591305589,0.0,1.0,0.0
CDKN1C,0.32371160762336404,1.0,1.0,1.0,0.0
CDKN2A,0.6194742563904206,0.1701030249511422,0.0,1.0,0.0
CDKN2B,0.2822545291609835,0.9487341675384903,0.0,1.0,0.0
CDKN2C,0.2854951654141965,1.0,1.0,1.0,0.0
CDKN3,0.7165248280812309,1.0,1.0,1.0,0.0
CDO1,0.20944147544743336,1.0,1.0,1.0,0.0
CDON,0.41554123047621894,0.6136540102061222,0.0,1.0,0.0
CDS1,0.7954781628238494,0.7453804762480776,0.0,1.0,0.0
CDS2,0.5387301580913609,0.5313480475130035,0.0,0.33333333333333326,0.0
CDV3,0.50652094358194,0.42243080124165766,1.0,1.0,0.0
CDY1B,0.5259602476858162,0.2340087463398939,0.0,1.0,0.0
CDYL2,0.612325556948304,0.16731479689186174,0.0,1.0,0.0
CEACAM6,0.7761670915853842,0.7447060499413495,1.0,1.0,0.0
CEBPA,0.32937062892063773,1.0,1.0,1.0,0.0
CEBPB,0.4748627164127544,0.46606402722340584,1.0,1.0,0.0
CEBPD,0.47587128963037656,0.28652735628281095,1.0,1.0,0.0
CELF2,0.3765733225839721,1.0,1.0,1.0,0.0
CELSR1,0.8441758084257347,1.0,0.0,0.33333333333333326,0.0
CELSR2,0.691893102324479,0.6602333020332231,0.0,1.0,0.0
CENATAC,0.5668835673182142,0.4367891264951705,0.0,0.0,0.0
CENPF,0.8363621660179941,1.0,0.0,1.0,0.0
CENPN,0.646639636350967,0.611412426526411,0.0,1.0,0.0
CENPU,0.8121216039258682,1.0,0.0,1.0,0.0
CENPW,0.6654838188597207,0.47203643301186543,0.0,1.0,0.0
CENPX,0.6246589233549434,0.866746746490387,1.0,0.33333333333333326,0.0
CEP112,0.39880442115566417,1.0,1.0,1.0,0.0
CEP120,0.5085205357183459,0.22998850658238706,0.0,1.0,0.0
CEP126,0.42145691047535,0.9260612179664426,0.0,1.0,0.0
CEP135,0.5983873766433041,0.2655663158809675,0.0,1.0,0.0
CEP15,0.714957803576437,0.6541212170316929,1.0,1.0,0.0
CEP164,0.648062291934503,0.3697442613850101,0.0,0.33333333333333326,0.0
CEP170B,0.6076947465594104,0.4515305374640155,0.0,0.33333333333333326,0.0
CEP350,0.6078166359637511,0.4468307260140358,0.0,0.33333333333333326,0.0
CEP55,0.7369171844183124,0.669620704372777,0.0,1.0,0.0
CEP57,0.5035415653915973,0.2584780473686994,0.0,1.0,0.0
CEP63,0.47816989625711886,0.4187259046987673,0.0,1.0,0.0
CEP68,0.4315730992837355,1.0,0.0,1.0,0.0
CEP78,0.6005750751901698,0.49921589842757264,0.0,1.0,0.0
CEP85,0.6455720239409967,0.835601990209937,0.0,0.33333333333333326,0.0
CEP85L,0.5034316519024141,0.21675972318252384,0.0,1.0,0.0
CERCAM,0.6126183482399225,0.18937950788342822,0.0,1.0,0.0
CERS2,0.6853869827582405,0.823504468047633,0.0,1.0,0.0
CERS4,0.6694497094928389,0.3334363989919965,0.0,0.33333333333333326,0.0
CERS5,0.6206457724304977,0.8438721923989447,0.0,1.0,0.0
CERS6,0.6680649900847468,0.707951897376775,1.0,1.0,0.0
CERT1,0.45928139683045366,1.0,1.0,1.0,0.0
CES2,0.4813154929798962,0.6374032626539577,0.0,1.0,0.0
CES3,0.5468746885848658,0.11850923574318326,0.0,0.0,0.0
CETN2,0.6069438616681475,0.37090246857382203,0.0,1.0,0.0
CETN3,0.5483231811638017,0.07901755644867331,0.0,0.33333333333333326,0.0
CETP,0.5090469831459656,0.06760317920126203,0.0,1.0,0.0
CFAP298,0.6348187444850869,0.5225933782957213,1.0,1.0,0.0
CFB,0.735677796127462,1.0,1.0,1.0,0.0
CFD,0.1575307777568213,1.0,1.0,1.0,0.0
CFDP1,0.5702957660373871,0.0931583133031761,0.0,0.33333333333333326,0.0
CFH,0.3372313813940953,1.0,1.0,1.0,0.0
CFHR1,0.39133705841451,0.5806747987191038,0.0,1.0,0.0
CFL1,0.6245252087626706,0.652052457759776,0.0,1.0,0.0
CFL2,0.3104917704098263,1.0,0.0,1.0,0.0
CFLAR,0.5688238320161441,0.3933962299282253,0.0,0.33333333333333326,0.0
CGGBP1,0.5257094956505325,0.05222110552425376,0.0,1.0,0.0
CGN,0.7494856229393411,1.0,0.0,1.0,0.0
CH25H,0.4516987415003194,0.17654778309668595,0.0,1.0,0.0
CHAF1A,0.5821391584063973,0.05443637783426955,0.0,0.33333333333333326,0.0
CHCHD10,0.42859690687784574,0.30881841733690785,0.0,1.0,0.0
CHCHD7,0.5481874330926437,0.2928292147264005,0.0,0.33333333333333326,0.0
CHD1,0.6118245341179681,0.1469138540501969,0.0,1.0,0.0
CHD1L,0.6168962984008116,0.42952149730989836,1.0,1.0,0.0
CHD3,0.6328365076638617,0.5111005915462322,0.0,1.0,0.0
CHD4,0.6200351693072044,0.5954732728620046,0.0,0.33333333333333326,0.0
CHD7,0.6566266255041363,0.5759282147566537,0.0,0.33333333333333326,0.0
CHD8,0.6232040482980693,0.6122437395014101,0.0,1.0,0.0
CHDH,0.6504755576862123,0.41329030084481466,0.0,1.0,0.0
CHFR,0.6265984115054889,0.5645466078217096,0.0,1.0,0.0
CHKA,0.656140389586175,0.5389766230450569,0.0,1.0,0.0
CHL1,0.3320292914261559,1.0,1.0,1.0,0.0
CHLSN,0.6199350871391718,0.48376768576701323,0.0,1.0,0.0
CHML,0.7032512966771118,1.0,0.0,0.33333333333333326,0.0
CHMP1B,0.5280402095072518,0.19420225148039522,0.0,0.33333333333333326,0.0
CHMP4C,0.7850364489623249,0.7011722911157242,0.0,1.0,0.0
CHMP5,0.5869944647602514,0.017771850640630586,0.0,0.33333333333333326,0.0
CHORDC1,0.6072977795081137,0.11860405217408161,1.0,1.0,0.0
CHP1,0.4659565095447834,0.6140741281706761,1.0,1.0,0.0
CHPF,0.6348209853140548,1.0,0.0,0.33333333333333326,0.0
CHPF2,0.6634078967794008,0.7835006986345469,0.0,0.33333333333333326,0.0
CHPT1,0.4926491811598411,0.07161358881101108,0.0,1.0,0.0
CHRDL1,0.18570398961397802,1.0,1.0,1.0,0.0
CHST10,0.587616571494063,0.07144864287023281,0.0,0.33333333333333326,0.0
CHST11,0.6694034912096996,0.44732956775424176,0.0,0.33333333333333326,0.0
CHST15,0.6657601966064624,0.6429614030902354,1.0,1.0,0.0
CHST2,0.5160800519329509,0.27480990528134625,1.0,1.0,0.0
CHST3,0.4717619042520459,0.9124370420921041,0.0,1.0,0.0
CHST7,0.469569838324554,0.6363951263131514,1.0,1.0,0.0
CHSY1,0.6202659863962747,0.5041282590312796,1.0,1.0,0.0
CHTF18,0.7154355581032132,0.743875180053586,0.0,1.0,0.0
CHTOP,0.6468405013692389,0.9563545481458,0.0,0.33333333333333326,0.0
CIAO3,0.6173432704842255,0.5722974971843918,0.0,0.33333333333333326,0.0
CIAPIN1,0.5880850967465241,0.09352373303531038,0.0,0.33333333333333326,0.0
CIB1,0.627897305414309,1.0,0.0,1.0,0.0
CIB2,0.49631519311334765,0.2591417174105652,1.0,1.0,0.0
CIBAR1,0.418451326182967,0.5408679717882764,0.0,1.0,0.0
CIC,0.5880476535535346,1.0,0.0,0.33333333333333326,0.0
CIDEA,0.2526946675789362,1.0,1.0,1.0,0.0
CIDEC,0.1513175660395448,1.0,1.0,1.0,0.0
CILP,0.46748022904469216,0.05922521083665154,1.0,1.0,0.0
CIRBP,0.522204663330429,0.09530520419372115,0.0,1.0,0.0
CIRSR,0.5179727929091565,0.17264447456540122,0.0,0.33333333333333326,0.0
CISH,0.5957211282169044,0.3405914643763386,1.0,0.33333333333333326,0.0
CITED2,0.42408662716633105,0.25195313734886293,0.0,1.0,0.0
CKAP4,0.7021304430407351,0.8551672540447928,0.0,1.0,0.0
CKAP5,0.6095024092838827,0.18020556302766702,1.0,1.0,0.0
CKB,0.42032077462809,0.390462386651402,0.0,1.0,0.0
CKLF,0.6089780692793003,0.652510475236679,0.0,0.33333333333333326,0.0
CKMT1A,0.6753910339969899,0.6053254009609329,1.0,1.0,0.0
CKMT2,0.32517804108150067,0.7294432137185635,0.0,1.0,0.0
CKS2,0.7825531319907996,1.0,1.0,1.0,0.0
CLASP1,0.51292098996458,0.8097604438198378,0.0,0.33333333333333326,0.0
CLASRP,0.6122767109905355,0.4149937391128815,0.0,0.33333333333333326,0.0
CLBA1,0.6396692114625575,0.9369856175484504,0.0,0.33333333333333326,0.0
CLCC1,0.5125937950835894,0.5532881455544172,0.0,0.33333333333333326,0.0
CLCN6,0.5153539223616873,0.09548243400789547,0.0,1.0,0.0
CLCN7,0.6184329934349886,0.5286332234360561,0.0,0.33333333333333326,0.0
CLDN1,0.651686114059821,0.13019054185825057,0.0,0.33333333333333326,0.0
CLDN10,0.5633344909390634,0.19960260067868238,0.0,0.0,0.0
CLDN11,0.33730407652511707,1.0,0.0,1.0,0.0
CLDN12,0.6326843140308064,0.39029556105470714,0.0,1.0,0.0
CLDN15,0.5354376773055828,0.16885358791123653,0.0,1.0,0.0
CLDN3,0.8014577391687199,0.5147057585806889,0.0,1.0,0.0
CLDN4,0.7364270581258484,0.7090515560439105,0.0,1.0,0.0
CLDN5,0.405245787032038,1.0,1.0,1.0,0.0
CLDN7,0.7440958210304996,1.0,0.0,1.0,0.0
CLDN8,0.5398096028846916,0.0759123770037369,0.0,0.33333333333333326,0.0
CLDND1,0.5185582634863669,0.40831628460435304,0.0,0.33333333333333326,0.0
CLEC10A,0.431392326640804,0.48986405205458233,0.0,1.0,0.0
CLEC11A,0.6635797257564366,0.5341577844062041,1.0,1.0,0.0
CLEC14A,0.48303692750179195,0.7885734404662597,0.0,1.0,0.0
CLEC16A,0.5512124798591456,0.1722779598721016,0.0,0.0,0.0
CLEC1A,0.46577745122453007,1.0,0.0,0.33333333333333326,0.0
CLEC2B,0.4278912828066261,1.0,0.0,1.0,0.0
CLEC7A,0.6870935048916864,0.7024947930972185,0.0,1.0,0.0
CLGN,0.7084233931536071,1.0,0.0,1.0,0.0
CLIC2,0.4568153208442929,0.7381320284080813,1.0,1.0,0.0
CLIC4,0.4884288756806096,0.6215924371122092,0.0,1.0,0.0
CLIC5,0.38758970940317655,1.0,0.0,1.0,0.0
CLIP1,0.5113608703179358,0.4263042591229488,0.0,1.0,0.0
CLIP3,0.5086278539221307,0.42769062735571145,0.0,1.0,0.0
CLIP4,0.29639856617293797,1.0,0.0,1.0,0.0
CLK2,0.6581085276201428,1.0,0.0,1.0,0.0
CLMP,0.20395303826819866,1.0,0.0,1.0,0.0
CLN3,0.6223971404234507,0.7254927983227081,1.0,1.0,0.0
CLSTN1,0.6924167589450301,0.7464044800505767,0.0,1.0,0.0
CLSTN2,0.34010864830480314,0.38112363224392354,0.0,1.0,0.0
CLTC,0.5896747301026235,0.22261740782862813,0.0,1.0,0.0
CLU,0.43367052231924147,0.5709285808320701,1.0,1.0,0.0
CMA1,0.461677307951864,0.32357668392560385,0.0,1.0,0.0
CMAS,0.6087771552261293,0.07115152431950535,1.0,1.0,0.0
CMC1,0.5491518695192953,0.4179648861221676,0.0,0.0,0.0
CMC2,0.5574336317615741,0.24163790510832267,0.0,0.33333333333333326,0.0
CMC4,0.4802716464948633,0.9555669295406773,0.0,1.0,0.0
CMIP,0.593804070243212,0.2038592494024351,0.0,1.0,0.0
CMPK1,0.496167373050574,0.32565875761952107,0.0,1.0,0.0
CMPK2,0.6680541413943897,0.21513578357816907,0.0,1.0,0.0
CMTM4,0.6754903818122143,0.409376752418602,0.0,1.0,0.0
CMTM6,0.6144319659653944,0.5314542184699697,1.0,1.0,0.0
CMTR1,0.5990968808969895,0.8123413658098636,1.0,1.0,0.0
CNBP,0.5151579720592432,0.13250326382273742,0.0,1.0,0.0
CNDP2,0.6261359957824115,0.44793123425971154,0.0,1.0,0.0
CNIH1,0.5550964377867694,0.3713293765991046,0.0,0.33333333333333326,0.0
CNIH4,0.6226640636172913,0.7798683433978749,0.0,1.0,0.0
CNN3,0.49900197900032867,0.13988269371452397,0.0,0.33333333333333326,0.0
CNOT11,0.6433967453976758,1.0,0.0,1.0,0.0
CNOT2,0.602504321663578,0.3334337342534917,0.0,1.0,0.0
CNOT6,0.6350034276740013,0.7360145044268461,0.0,0.33333333333333326,0.0
CNOT9,0.6228004800255238,0.6508084321147171,0.0,0.33333333333333326,0.0
CNPY2,0.6180725416114994,1.0,1.0,1.0,0.0
CNPY3,0.6340778223183721,0.5544048674523001,0.0,0.33333333333333326,0.0
CNRIP1,0.29994679103186755,1.0,0.0,1.0,0.0
CNTFR,0.5420201688683244,0.06799374990444237,0.0,0.0,0.0
COA1,0.5419414035557419,0.12462144569946867,0.0,0.33333333333333326,0.0
COA3,0.5465662578084464,0.1468819443611138,1.0,0.33333333333333326,0.0
COA6,0.6072262442482298,1.0,0.0,1.0,0.0
COASY,0.6056143640983728,0.37590315087579196,0.0,1.0,0.0
COBL,0.6852861943646439,0.9199446367390515,1.0,1.0,0.0
COBLL1,0.3752289177876972,1.0,1.0,1.0,0.0
COCH,0.49884697990861976,0.10368349035803157,0.0,0.33333333333333326,0.0
COG2,0.6207701915156552,0.35726471998846393,0.0,0.33333333333333326,0.0
COIL,0.6072993964635917,0.16429685331231605,1.0,1.0,0.0
COL10A1,0.8620534335450605,1.0,1.0,1.0,0.0
COL11A1,0.9565225276696084,1.0,1.0,1.0,0.0
COL14A1,0.43223836338558896,0.2860276849056081,0.0,0.33333333333333326,0.0
COL15A1,0.4409134287607392,0.5563037669233244,1.0,1.0,0.0
COL16A1,0.6473089617725838,0.1852706534082459,0.0,0.33333333333333326,0.0
COL4A1,0.4619053919630982,0.3815519919776572,1.0,1.0,0.0
COL4A2,0.4615855995925304,0.5897087135975158,0.0,1.0,0.0
COL4A5,0.7498438141907935,0.7826664075271218,0.0,1.0,0.0
COL5A1,0.6849837848731419,0.2823284113009652,0.0,1.0,0.0
COL5A2,0.6676798532734689,0.254176775170893,0.0,1.0,0.0
COL5A3,0.4516170840726408,0.441310233385704,0.0,1.0,0.0
COL6A6,0.2590352872035808,0.936525648381428,0.0,1.0,0.0
COL8A2,0.6544361250154627,0.4080660322275976,0.0,0.33333333333333326,0.0
COLEC11,0.48959076873067414,0.16264061793184564,0.0,1.0,0.0
COLEC12,0.41091799447720123,0.4934057464343928,0.0,1.0,0.0
COMMD4,0.5690757594340049,0.2841452467615949,1.0,0.33333333333333326,0.0
COMMD6,0.47670039309194817,0.8763090458182521,0.0,1.0,0.0
COMMD7,0.5885485744477723,0.5526278946045003,0.0,1.0,0.0
COMMD8,0.5359284292634418,0.33321393221460854,0.0,0.33333333333333326,0.0
COMMD9,0.5094589503639869,0.16166512971077765,0.0,1.0,0.0
COMP,0.8778733186545109,1.0,0.0,1.0,0.0
COMTD1,0.628726796688897,0.7445022306951118,0.0,1.0,0.0
COPA,0.6163697887549696,0.5869552221037262,0.0,0.33333333333333326,0.0
COPB1,0.6002969269510565,0.7362335830251084,1.0,1.0,0.0
COPE,0.5742618878017697,0.5238888655290005,0.0,0.33333333333333326,0.0
COPG1,0.5960394772724344,0.01875786902707745,0.0,1.0,0.0
COPRS,0.49495994125584947,0.13308772556703719,0.0,1.0,0.0
COPS2,0.4914027618581547,0.6746815371094329,1.0,1.0,0.0
COPS3,0.5268420676261723,0.4327805235275395,0.0,0.33333333333333326,0.0
COPS7B,0.5757320490620652,0.7927019980684658,0.0,0.33333333333333326,0.0
COPS9,0.5520534127791231,0.1387174070237545,0.0,0.0,0.0
COPZ1,0.6199637522315983,0.7625557387637958,0.0,0.33333333333333326,0.0
COPZ2,0.42147617702747553,0.5341574104901704,1.0,1.0,0.0
COQ10A,0.48474073442274457,0.5916861281488803,0.0,1.0,0.0
COQ2,0.6121495034122928,0.35141556879333735,0.0,0.33333333333333326,0.0
COQ8A,0.37223669451457536,1.0,1.0,1.0,0.0
COQ8B,0.5824020710483649,0.08718380347280989,0.0,1.0,0.0
CORO1B,0.6491029771863828,0.4729292486312011,0.0,0.33333333333333326,0.0
CORO2A,0.6918803646084293,1.0,0.0,1.0,0.0
CORO2B,0.40951094910006836,1.0,1.0,1.0,0.0
COX14,0.4633954182018326,0.6843199359036136,0.0,1.0,0.0
COX16,0.5640323139465813,0.47240030608495026,0.0,0.0,0.0
COX20,0.5983965047899026,0.01809166047731967,0.0,1.0,0.0
COX4I1,0.5102221252890042,0.4425880489538132,0.0,1.0,0.0
COX4I2,0.5184902077896835,0.41014591770944253,0.0,1.0,0.0
COX6C,0.6280935419749848,0.7382022166215161,1.0,1.0,0.0
COX7A1,0.25707924056965725,1.0,1.0,1.0,0.0
COX7A2,0.5483167061416445,0.13599976946279332,0.0,0.33333333333333326,0.0
COXFA4L3,0.9325366677401893,1.0,0.0,1.0,0.0
CPAP,0.5817272072926247,0.3640662621549151,0.0,0.0,0.0
CPE,0.4321432242548928,0.29082395227646507,0.0,1.0,0.0
CPED1,0.2056533069270356,1.0,0.0,1.0,0.0
CPM,0.3108917716297044,1.0,1.0,1.0,0.0
CPNE1,0.6258467766611326,0.8410386074372804,0.0,1.0,0.0
CPNE2,0.4305740319865832,0.8206251957563462,0.0,1.0,0.0
CPPED1,0.4796339956003845,0.42859983052115913,0.0,0.33333333333333326,0.0
CPQ,0.4829755073153562,0.5482854684160602,1.0,1.0,0.0
CPSF6,0.6054849816649397,0.34767310712916705,1.0,1.0,0.0
CPVL,0.4553654791303321,0.2603201333605222,0.0,1.0,0.0
CPXM2,0.4397779376145754,0.5564691212847994,0.0,1.0,0.0
CRABP2,0.7925034441923208,0.9106037659502246,0.0,1.0,0.0
CRACDL,0.6580130873854333,0.3158099541862805,0.0,0.33333333333333326,0.0
CRADD,0.48871012992985136,0.24584523861216862,0.0,1.0,0.0
CRB3,0.6421750524377882,0.9913426028745195,0.0,1.0,0.0
CRBN,0.4777105071440487,0.47819987706308187,0.0,1.0,0.0
CRCP,0.5984578311042392,0.31455651269944335,0.0,0.33333333333333326,0.0
CREB1,0.5297354242126935,0.055753965069474345,0.0,1.0,0.0
CREB3L1,0.6487078413854475,0.4249750264576834,0.0,1.0,0.0
CREB3L4,0.84169335707324,0.9085262876364552,0.0,1.0,0.0
CREBBP,0.6065676085924477,0.1558962504165441,0.0,0.33333333333333326,0.0
CREBL2,0.47526025134756694,0.7351826928287747,1.0,1.0,0.0
CREBRF,0.5036422163390427,0.2648622282324703,0.0,1.0,0.0
CREBZF,0.5976592743137324,0.30278946081526925,0.0,0.33333333333333326,0.0
CREG1,0.4806245112961774,0.171430652038737,0.0,1.0,0.0
CRELD2,0.6229643580291664,0.6748888781081346,0.0,1.0,0.0
CRIM1,0.4198107078523071,0.34028468221439684,0.0,1.0,0.0
CRIP1,0.6407336345191159,0.059490786234412577,0.0,1.0,0.0
CRIP2,0.6645052687291374,0.3972118236249538,0.0,0.33333333333333326,0.0
CRISP2,0.6026036140487533,0.10996093742700207,0.0,1.0,0.0
CRISP3,0.6717861409194068,0.5919052617213554,0.0,1.0,0.0
CRK,0.4726446207625881,0.303006147496186,0.0,1.0,0.0
CRLS1,0.45677119820907824,0.36144376866185823,0.0,1.0,0.0
CRNKL1,0.6393547119537971,0.4000852246324378,1.0,1.0,0.0
CROT,0.6241995348244621,0.26295046247508785,0.0,1.0,0.0
CRTAP,0.46405864450786444,1.0,1.0,1.0,0.0
CRTC3,0.5040987583605566,0.8558841959438452,0.0,1.0,0.0
CRY1,0.6081866195895647,0.22589565606489626,0.0,1.0,0.0
CRY2,0.45806435443432836,1.0,1.0,1.0,0.0
CRYAB,0.2514458776626654,1.0,1.0,1.0,0.0
CRYBG3,0.4037600415614399,1.0,1.0,1.0,0.0
CRYL1,0.47999870113091325,0.36882328496275174,1.0,1.0,0.0
CRYZL1,0.4742409173987239,0.5525407913829933,0.0,0.33333333333333326,0.0
CS,0.46363678531320474,0.6488264330148452,1.0,1.0,0.0
CSAD,0.5019483701295465,0.19438302662795165,0.0,1.0,0.0
CSDE1,0.48048939528129075,1.0,1.0,1.0,0.0
CSE1L,0.6349098519836838,0.8371205364044362,0.0,1.0,0.0
CSF1,0.4868541995610432,0.9511899887122587,0.0,1.0,0.0
CSF1R,0.45079676872270036,0.20287793385478986,0.0,1.0,0.0
CSGALNACT1,0.4384370017740368,0.864556761064999,0.0,1.0,0.0
CSK,0.6583040868437989,0.5175220328561305,0.0,1.0,0.0
CSNK1A1,0.6077376988636658,0.4125990826821872,0.0,1.0,0.0
CSNK1E,0.5855075862009431,0.053396294426244696,0.0,1.0,0.0
CSNK1G1,0.5934323265021524,0.3709046940356283,0.0,0.33333333333333326,0.0
CSNK1G2,0.6052685796385587,1.0,0.0,1.0,0.0
CSNK2A1,0.6147609156256967,0.444749795682587,0.0,0.33333333333333326,0.0
CSNK2A2,0.4859868153090723,0.824735963770427,0.0,1.0,0.0
CSPG4,0.45272123554572663,0.4784556220834496,0.0,1.0,0.0
CSPP1,0.6154906187641628,0.08736612895192433,1.0,1.0,0.0
CSRNP1,0.4737099109673415,0.10132019759738503,0.0,1.0,0.0
CSRNP2,0.6182688840705961,0.22672817875591603,0.0,0.33333333333333326,0.0
CSRP2,0.4651687448010423,0.31617941384790427,1.0,1.0,0.0
CST3,0.4691424025007229,0.09621907780166529,1.0,1.0,0.0
CST7,0.593211830242054,0.05119762393591533,0.0,0.33333333333333326,0.0
CSTA,0.39911391774521604,1.0,0.0,1.0,0.0
CSTF2,0.6182446817542894,0.8810146548001639,0.0,0.33333333333333326,0.0
CSTF3,0.6435038940382363,0.8974259403408096,1.0,1.0,0.0
CSTPP1,0.6340155954924589,0.6403269581418343,0.0,1.0,0.0
CTAGE8,0.6053434538636037,0.17699863359218768,0.0,0.33333333333333326,0.0
CTBP2,0.6622695563095277,0.7280852452812107,0.0,1.0,0.0
CTCF,0.6054576857178618,0.18603804231923832,0.0,1.0,0.0
CTDNEP1,0.5344968145885648,0.023985180768031272,0.0,1.0,0.0
CTDP1,0.5753976349915219,0.10796085212301312,0.0,0.33333333333333326,0.0
CTDSP1,0.5019805052614631,0.5727571283273669,0.0,1.0,0.0
CTDSP2,0.512118328641598,1.0,0.0,1.0,0.0
CTHRC1,0.7466975357235602,0.6589772756303317,0.0,1.0,0.0
CTIF,0.3729430263517996,1.0,0.0,1.0,0.0
CTLA4,0.5598642803609735,0.10709430678390156,0.0,0.0,0.0
CTNNAL1,0.3795673374880226,0.7338368714214027,0.0,1.0,0.0
CTPS1,0.7080994628309387,0.9105580529779844,0.0,1.0,0.0
CTPS2,0.6593291877747159,1.0,0.0,1.0,0.0
CTSC,0.488149615716419,0.09491000428553281,0.0,1.0,0.0
CTSD,0.6626295942769717,0.23594328973356649,0.0,1.0,0.0
CTSF,0.4962377168601819,0.6618969413748501,0.0,1.0,0.0
CTSG,0.46816510738208844,0.5151868001919079,1.0,1.0,0.0
CTSH,0.6268071800611024,0.2421958648083914,0.0,1.0,0.0
CTXND1,0.5487945241048389,0.056692105098718915,0.0,0.0,0.0
CUEDC1,0.5903536669814223,0.35020636577537584,1.0,0.33333333333333326,0.0
CUL7,0.5976042898560621,0.12391772416536984,0.0,1.0,0.0
CUTA,0.618751504847867,0.32052737660247543,0.0,1.0,0.0
CUTC,0.42802765620142796,1.0,1.0,1.0,0.0
CWC22,0.5023822492584124,0.7227810895660249,0.0,1.0,0.0
CXADR,0.7764839974360872,0.9192540310300027,1.0,1.0,0.0
CXCL10,0.7472814275254475,1.0,1.0,1.0,0.0
CXCL12,0.3441444472145948,0.9219362837473337,1.0,1.0,0.0
CXCL14,0.4060097946263262,0.39361780722648776,1.0,1.0,0.0
CXCL2,0.3473606035993041,0.8720145410424456,1.0,1.0,0.0
CXCL9,0.7520059721618224,0.6102579173287618,0.0,1.0,0.0
CXCR2,0.5142736712887531,0.09691142694603803,0.0,1.0,0.0
CXCR4,0.7242895909193016,0.642762692928895,0.0,0.33333333333333326,0.0
CXXC5,0.6055114133559327,0.14453979083435714,0.0,1.0,0.0
CYB561,0.7115209875672143,0.8748258868418628,1.0,1.0,0.0
CYB561D2,0.6121809054181822,0.7252061505023355,0.0,0.33333333333333326,0.0
CYB5A,0.4754994487786586,0.1867830467159247,1.0,1.0,0.0
CYB5B,0.5012757522966882,0.23404216199179162,0.0,0.33333333333333326,0.0
CYB5D2,0.48145535625608005,0.2167453258283655,0.0,1.0,0.0
CYB5R3,0.4512493719605926,1.0,1.0,1.0,0.0
CYB5R4,0.5206077428189592,0.3109357345718301,0.0,0.33333333333333326,0.0
CYBC1,0.6399535558380847,0.8756054056691114,0.0,1.0,0.0
CYBRD1,0.4039296536524237,0.5466109704398507,0.0,1.0,0.0
CYCS,0.5566379109662325,0.3288407957757401,0.0,0.33333333333333326,0.0
CYFIP2,0.6880395725999227,0.6339755647431247,0.0,1.0,0.0
CYGB,0.39798562434939316,1.0,0.0,1.0,0.0
CYLD,0.5566793078423712,0.3441715400740971,0.0,0.33333333333333326,0.0
CYP26B1,0.40398359608750817,1.0,1.0,1.0,0.0
CYP2R1,0.6548318329473397,0.4358942254225693,0.0,0.33333333333333326,0.0
CYP2U1,0.44574887193623514,1.0,1.0,1.0,0.0
CYP4B1,0.4040355559615026,0.38577127323994337,1.0,1.0,0.0
CYP4F12,0.5112230033967693,0.3417944676431334,0.0,0.33333333333333326,0.0
CYRIA,0.4784598378781389,0.42111194533009844,1.0,1.0,0.0
CYSTM1,0.42436927794333607,0.45638149290647106,0.0,1.0,0.0
CYYR1,0.3693741467427778,1.0,0.0,1.0,0.0
CZIB,0.47810695308808465,0.7780393095551914,1.0,1.0,0.0
DAAM1,0.4906311655634023,0.3875510898733469,1.0,1.0,0.0
DAAM2,0.34760065807854323,1.0,0.0,1.0,0.0
DAGLB,0.6386589026840722,1.0,0.0,1.0,0.0
DAP,0.628712186325102,0.6628584423633903,0.0,1.0,0.0
DAP3,0.6277148042278391,0.8881919221219285,1.0,1.0,0.0
DAPK2,0.4700298941720927,0.8545273577034465,1.0,1.0,0.0
DAXX,0.6211794325582132,0.6118085651440935,0.0,0.33333333333333326,0.0
DAZAP1,0.6061631488080421,0.7025816318285076,0.0,0.33333333333333326,0.0
DBF4,0.6535411505593414,1.0,1.0,1.0,0.0
DCAF10,0.5892209836707594,0.18385568523861007,1.0,0.33333333333333326,0.0
DCAF11,0.6050276171418277,1.0,1.0,0.33333333333333326,0.0
DCAF12,0.5858306852612263,0.11398960736596618,0.0,1.0,0.0
DCAF13,0.6688781246106074,1.0,0.0,1.0,0.0
DCAF16,0.5633358100497857,0.17406387812651058,0.0,0.33333333333333326,0.0
DCAF17,0.6006702916677671,0.4027574718098161,0.0,0.33333333333333326,0.0
DCAF4,0.6190587523687823,0.1972680284452042,0.0,0.33333333333333326,0.0
DCAF7,0.5962082118522538,0.8842378233962507,1.0,0.33333333333333326,0.0
DCBLD2,0.4850871206335443,0.8016388268913531,0.0,1.0,0.0
DCLK1,0.4011293228381268,0.753423591052794,0.0,1.0,0.0
DCLRE1C,0.6143376666345641,0.17871525594893783,0.0,1.0,0.0
DCN,0.4274197445501447,0.5934687428885894,1.0,1.0,0.0
DCP1A,0.49894069233245986,0.2862087118883221,0.0,1.0,0.0
DCPH1,0.6164524987199151,0.07953726585887161,0.0,1.0,0.0
DCPS,0.5965586121820857,0.18011426353447688,0.0,1.0,0.0
DCTN5,0.6213265251395094,0.5403747676964166,0.0,0.33333333333333326,0.0
DCTN6,0.4384485788485267,0.6955638294299228,0.0,1.0,0.0
DCTPP1,0.6733923895377649,1.0,0.0,0.33333333333333326,0.0
DCUN1D3,0.40570740627610846,1.0,0.0,1.0,0.0
DCUN1D4,0.45841809409170664,1.0,0.0,1.0,0.0
DDAH1,0.646799075863577,0.4837343581073171,1.0,1.0,0.0
DDAH2,0.4879185297053907,0.42225290671034177,0.0,1.0,0.0
DDHD2,0.44941214943441915,0.8553032040724321,0.0,1.0,0.0
DDN,0.5404277292825304,0.06537515889063068,0.0,0.0,0.0
DDOST,0.6051712469573504,0.3291427719199809,0.0,1.0,0.0
DDR2,0.3301713072648139,1.0,1.0,1.0,0.0
DDRGK1,0.6045095994117682,0.14721327826252345,0.0,0.33333333333333326,0.0
DDTL,0.47541364272720027,0.13225846273169542,0.0,1.0,0.0
DDX1,0.516545586097543,0.22171983723834615,0.0,0.33333333333333326,0.0
DDX11,0.6032187770404336,0.5564935480937376,0.0,0.33333333333333326,0.0
DDX17,0.5977667052221649,0.7938849451536234,0.0,0.33333333333333326,0.0
DDX18,0.5978128199389416,0.2876532631454648,0.0,1.0,0.0
DDX21,0.5946761000625836,0.1362661926177556,1.0,1.0,0.0
DDX23,0.6071078419045439,0.46175742900685746,1.0,1.0,0.0
DDX24,0.5192038514243011,0.40615353132642196,0.0,1.0,0.0
DDX27,0.6234431702096493,0.5035471967630397,0.0,0.33333333333333326,0.0
DDX31,0.6433236021950399,0.6712733491844942,0.0,1.0,0.0
DDX39A,0.6791347037051239,0.9467531493747445,0.0,1.0,0.0
DDX41,0.6261719920315184,0.3251311864643086,0.0,1.0,0.0
DDX49,0.6063533438431786,0.3385647465735399,0.0,1.0,0.0
DDX50,0.5264264165054137,0.03367863589869567,0.0,0.33333333333333326,0.0
DDX56,0.6376228734643271,0.44356701342177324,0.0,0.33333333333333326,0.0
DDX59,0.6054591996121437,0.146308626448202,0.0,1.0,0.0
DDX6,0.5196392430430794,0.23020523313630917,0.0,1.0,0.0
DDX60,0.6159647925835402,0.21472508479638844,1.0,1.0,0.0
DECR1,0.44762763318344667,0.6667550380950188,0.0,1.0,0.0
DEDD2,0.621019615558606,0.7853294877011903,0.0,1.0,0.0
DEFB1,0.4372201033665104,0.4018337735615848,0.0,0.33333333333333326,0.0
DEFB132,0.13147303949166778,0.7909203935923418,0.0,1.0,0.0
DEGS2,0.7316416889459466,1.0,0.0,1.0,0.0
DENND10,0.4863669605170065,0.9059241921120496,0.0,1.0,0.0
DENND1B,0.6900964970814728,1.0,0.0,1.0,0.0
DENND2A,0.42502977859922186,1.0,1.0,1.0,0.0
DENND4B,0.5824986864519064,0.22322660710661624,0.0,0.33333333333333326,0.0
DENND4C,0.49904325481463874,0.32468567016188016,0.0,1.0,0.0
DENND5A,0.4661316359877516,0.5047979045385571,0.0,1.0,0.0
DENND5B,0.4312952966744771,0.6841020202044839,0.0,1.0,0.0
DENR,0.5951041078617265,0.4759058203671516,1.0,1.0,0.0
DEPP1,0.3006296351902932,1.0,1.0,1.0,0.0
DERL3,0.6116187732628938,0.8979819784024797,0.0,1.0,0.0
DET1,0.5084626078873168,0.23635599466662305,0.0,1.0,0.0
DGAT1,0.45280713446874893,0.4142835010979665,1.0,1.0,0.0
DGAT2,0.14126082330092496,1.0,0.0,1.0,0.0
DGKA,0.5915173493085224,0.07744898473583581,0.0,0.33333333333333326,0.0
DGKD,0.6270593518166762,0.7325995825498428,1.0,1.0,0.0
DGKH,0.6045538391823091,0.5838549872326629,0.0,0.33333333333333326,0.0
DHCR24,0.6475509300060456,0.29228724609981566,1.0,1.0,0.0
DHCR7,0.6554878933073611,0.36408141391592447,1.0,1.0,0.0
DHDDS,0.41308847845183017,0.8500705072341984,1.0,1.0,0.0
DHRS11,0.463859648120533,0.42202439458010055,1.0,1.0,0.0
DHRS12,0.44661969486302416,0.5462655778948955,0.0,1.0,0.0
DHRS13,0.6994461110634076,1.0,0.0,1.0,0.0
DHRS3,0.3927399278011224,0.9338554111842013,1.0,1.0,0.0
DHRS7B,0.47537336498933086,0.16955432442694265,0.0,1.0,0.0
DHRSX,0.534615362101172,0.10681004508381406,0.0,0.0,0.0
DHTKD1,0.6189163197781452,0.1637017824653782,0.0,1.0,0.0
DHX15,0.5975381234366886,0.4548859021077344,0.0,1.0,0.0
DHX33,0.641115768649153,0.6499283710061561,0.0,1.0,0.0
DHX57,0.5691533147456224,0.2314702295080692,0.0,0.33333333333333326,0.0
DHX58,0.5972607114457043,0.6231798258040581,0.0,0.33333333333333326,0.0
DHX9,0.608221890929138,0.42408321157552764,0.0,1.0,0.0
DIABLO,0.6230342190340499,0.7295457944160634,0.0,0.33333333333333326,0.0
DIAPH1,0.6436931120224311,0.5807520793277643,0.0,0.33333333333333326,0.0
DIAPH2,0.38059604684544757,1.0,1.0,1.0,0.0
DIP2A,0.6046277886292297,0.0633985362881793,0.0,1.0,0.0
DIP2B,0.606903302515994,0.27371355435816097,0.0,1.0,0.0
DIP2C,0.4747779301862489,0.5159691578690169,1.0,1.0,0.0
DIPK1A,0.4058880707031971,1.0,1.0,1.0,0.0
DIPK2A,0.48468980283879365,0.23233104913511277,0.0,1.0,0.0
DIS3,0.5030646965121889,0.10086592030311332,0.0,1.0,0.0
DIS3L,0.43644745355688036,0.5641253706128584,0.0,1.0,0.0
DIXDC1,0.40044865129395657,0.9134780005394249,1.0,1.0,0.0
DKK3,0.6560558810449664,0.20378661968154024,0.0,1.0,0.0
DLAT,0.4768955345013385,0.4922964039465465,0.0,1.0,0.0
DLC1,0.36853697335439334,0.6505760916767914,1.0,1.0,0.0
DLD,0.4509631442625538,0.46243725252143786,1.0,1.0,0.0
DLG1,0.5097083420815983,0.28284794945077923,0.0,1.0,0.0
DLG3,0.7421451690283123,0.9928618890974692,0.0,1.0,0.0
DLG5,0.6429323882207991,0.2923322630976324,1.0,1.0,0.0
DLST,0.51981099810046,0.09024709993597525,0.0,1.0,0.0
DMD,0.22807701683332635,1.0,0.0,1.0,0.0
DMTN,0.43615882594795236,1.0,0.0,1.0,0.0
DMXL1,0.49066940852558305,0.2021668516504575,0.0,1.0,0.0
DNAAF11,0.6105314037103661,0.26340305562151667,0.0,1.0,0.0
DNAAF5,0.6394627875521419,0.9494190475533667,0.0,0.33333333333333326,0.0
DNAH17,0.48619870413195554,0.23685140958080428,0.0,1.0,0.0
DNAH9,0.5047073475049579,0.15142582319133732,0.0,1.0,0.0
DNAJA2,0.4936712314220674,0.17988999684920595,0.0,0.33333333333333326,0.0
DNAJA3,0.6192294516828205,0.40799173241908016,0.0,1.0,0.0
DNAJB1,0.514794196234814,0.11155837459478828,0.0,1.0,0.0
DNAJB11,0.6058232935934345,0.23719447700859544,0.0,1.0,0.0
DNAJB4,0.4376378698309306,1.0,1.0,1.0,0.0
DNAJC1,0.6911101508759144,1.0,0.0,1.0,0.0
DNAJC10,0.6289012828005782,0.668797348937231,1.0,1.0,0.0
DNAJC11,0.5529917891902348,0.036547825784310393,1.0,0.33333333333333326,0.0
DNAJC12,0.7461155230019499,0.3985689769836776,1.0,1.0,0.0
DNAJC19,0.5503180171344308,0.16952856322365262,0.0,0.0,0.0
DNAJC2,0.5985943030164723,0.5205659946833163,0.0,1.0,0.0
DNAJC24,0.49493372829516996,0.15992388695087442,0.0,1.0,0.0
DNAJC7,0.6178290341473268,0.48886037317581066,0.0,1.0,0.0
DNAJC8,0.5190989732175932,0.3235990642999288,0.0,1.0,0.0
DNAJC9,0.6657830779093911,1.0,0.0,1.0,0.0
DNAL4,0.6196606654301813,0.3626947425457863,0.0,1.0,0.0
DNASE1L3,0.34917679356551806,0.8233811242743677,0.0,1.0,0.0
DNASE2,0.5895698074570821,0.6466543697783667,0.0,1.0,0.0
DNLZ,0.5992561423779019,0.09368203061091389,0.0,1.0,0.0
DNM1,0.4922602784200046,0.4306956731661432,0.0,1.0,0.0
DNM2,0.555305192355286,0.17630923624087488,0.0,0.33333333333333326,0.0
DNMT1,0.658935887532008,0.8007493854248622,1.0,1.0,0.0
DNMT3A,0.6758494805120067,1.0,0.0,0.33333333333333326,0.0
DNMT3B,0.6432708321599213,0.8920106874611197,0.0,1.0,0.0
DNPH1,0.5543331849934463,0.01736509970892389,0.0,0.33333333333333326,0.0
DNTTIP1,0.596908524369546,0.5718712725244987,0.0,1.0,0.0
DOCK1,0.4941651861568605,1.0,0.0,1.0,0.0
DOCK11,0.22254457322004476,1.0,0.0,1.0,0.0
DOCK5,0.6443116822698699,0.2524638504431881,0.0,0.33333333333333326,0.0
DOCK6,0.4609825878264694,1.0,1.0,1.0,0.0
DOLPP1,0.593826093160693,0.40784606533934475,0.0,0.33333333333333326,0.0
DONSON,0.648090468555726,0.6238545825554175,0.0,1.0,0.0
DOP1A,0.524443261203533,0.12152415077610654,0.0,1.0,0.0
DPCD,0.6376714374131874,0.7615357000655594,0.0,1.0,0.0
DPH2,0.6095637577886913,0.4645519547245134,0.0,1.0,0.0
DPH3,0.4812583269832592,0.43811309286002853,0.0,1.0,0.0
DPH7,0.6095804123504425,0.7656060212731814,0.0,1.0,0.0
DPM2,0.6331405798062459,1.0,1.0,1.0,0.0
DPP3,0.6886951304601456,1.0,0.0,1.0,0.0
DPP4,0.45936811865909855,0.473962415907445,1.0,1.0,0.0
DPT,0.2240094928004972,1.0,1.0,1.0,0.0
DPY30,0.6032426603343445,0.5512976367853284,0.0,1.0,0.0
DPYD,0.41190304287018575,0.4180765735169923,0.0,1.0,0.0
DPYSL2,0.442433462638356,0.9306153744559826,1.0,1.0,0.0
DRAM2,0.45216338643455023,0.49514516670267084,0.0,1.0,0.0
DRAP1,0.5949893585107987,0.12112621279937069,0.0,0.33333333333333326,0.0
DRG1,0.5132740074375842,0.29809703716127506,0.0,1.0,0.0
DSE,0.45505503031219935,0.33935123444402016,1.0,1.0,0.0
DSP,0.8019582616762682,0.9360673847054503,1.0,1.0,0.0
DST,0.44712762168227116,1.0,0.0,0.33333333333333326,0.0
DSTYK,0.5881255204189816,0.3326728022106911,0.0,0.33333333333333326,0.0
DTD2,0.4675392849149933,0.2668007346552266,0.0,1.0,0.0
DTL,0.7749912508559844,1.0,1.0,1.0,0.0
DTNB,0.5996526011207095,0.7544951343740217,0.0,0.33333333333333326,0.0
DTWD1,0.5781222389769429,0.215943243263146,0.0,0.33333333333333326,0.0
DTX1,0.4107229144659534,1.0,0.0,1.0,0.0
DTX3,0.6428276716397452,0.5739992016769385,0.0,0.33333333333333326,0.0
DTX3L,0.6578642457269145,0.778166834121895,0.0,1.0,0.0
DTYMK,0.6472501716316593,1.0,0.0,1.0,0.0
DUOX2,0.5373925316741732,0.1861959904903047,0.0,0.0,0.0
DUS1L,0.592592448365519,0.5238446239972185,1.0,0.33333333333333326,0.0
DUSP1,0.3903489338910573,0.40403024493777406,1.0,1.0,0.0
DUSP12,0.6084170660515896,0.562859047820284,0.0,1.0,0.0
DUSP14,0.4776969713424995,0.12847658194767617,0.0,1.0,0.0
DUSP22,0.502543351520414,1.0,1.0,1.0,0.0
DUSP3,0.5076627528234441,0.23517630348218863,1.0,1.0,0.0
DUSP4,0.660467367951543,0.16514594563833654,0.0,1.0,0.0
DUSP5,0.6455094372350852,0.8139361842393158,0.0,0.33333333333333326,0.0
DUSP6,0.43261834907179153,0.98826828809381,1.0,1.0,0.0
DVL3,0.5895722265168336,0.09022962056636469,0.0,0.33333333333333326,0.0
DXO,0.6054155286297678,0.4445246274794811,0.0,0.33333333333333326,0.0
DYNC1LI1,0.6130933636956687,0.6572258952361165,0.0,1.0,0.0
DYNC1LI2,0.4861591849637181,1.0,0.0,1.0,0.0
DYNC2H1,0.46750827445146603,0.3008570276835342,0.0,1.0,0.0
DYNC2I2,0.7439177355996981,1.0,0.0,1.0,0.0
DYNLT1,0.6086642283473914,0.5938795861797611,1.0,1.0,0.0
DYNLT2B,0.6633475262301523,1.0,0.0,1.0,0.0
DYRK2,0.5902808730427282,0.10665533994222795,0.0,0.33333333333333326,0.0
DYRK4,0.5662834835808132,0.21111613713444957,0.0,0.33333333333333326,0.0
DZIP1,0.5173983137132894,0.16213751029237003,0.0,1.0,0.0
E2F2,0.56038816179416,0.3885804577367589,0.0,0.33333333333333326,0.0
E2F3,0.6514216978697993,0.4912963150672185,0.0,1.0,0.0
E2F4,0.5491190492137944,0.16985366466772012,0.0,0.33333333333333326,0.0
E4F1,0.630720316468601,0.7463640875363219,0.0,1.0,0.0
EARS2,0.6247767424912294,0.9703232198387799,0.0,1.0,0.0
EBF1,0.1443586471059438,1.0,0.0,1.0,0.0
EBF2,0.33975639140074293,1.0,1.0,1.0,0.0
EBF3,0.2551325042038216,1.0,0.0,1.0,0.0
EBP,0.6498806026514767,0.9703943169192144,0.0,1.0,0.0
EBPL,0.6378366838163587,0.24536344735206042,0.0,1.0,0.0
ECE1,0.5780458263955878,0.13133880842839882,1.0,0.33333333333333326,0.0
ECH1,0.4715362392474438,0.6908243862054222,1.0,1.0,0.0
ECHDC1,0.38067887907119424,1.0,1.0,1.0,0.0
ECHDC3,0.3305240526995796,1.0,1.0,1.0,0.0
ECHS1,0.44491106997003,0.5242184943810363,1.0,1.0,0.0
ECI2,0.46913256648527274,0.2800956844835016,1.0,1.0,0.0
ECM2,0.27834695187070196,1.0,1.0,1.0,0.0
ECPAS,0.5188124623089649,0.18174400041288769,0.0,1.0,0.0
ECRG4,0.26767285932660334,1.0,0.0,1.0,0.0
ECSCR,0.3982569254782327,1.0,0.0,1.0,0.0
ECT2,0.7102864532089069,1.0,1.0,1.0,0.0
EDEM1,0.6154728982724795,0.4477563620396638,0.0,0.33333333333333326,0.0
EDEM3,0.626209558453755,0.43688130804494346,1.0,1.0,0.0
EDF1,0.5881201811399904,0.43270141607849094,0.0,0.33333333333333326,0.0
EDIL3,0.6387773391704656,0.1028909584019198,0.0,0.33333333333333326,0.0
EDN1,0.4603922034588157,0.5622944640393346,0.0,0.33333333333333326,0.0
EDNRB,0.34497650183404605,1.0,1.0,1.0,0.0
EEA1,0.4491332353246315,0.663979709731438,0.0,0.33333333333333326,0.0
EEF1A1,0.5451021464379646,0.11678845608276633,0.0,1.0,0.0
EEF1A2,0.6704960089869015,0.5992121209901641,0.0,1.0,0.0
EEF2,0.5345116783139329,0.034385291973255586,0.0,0.33333333333333326,0.0
EEIG1,0.6585509338729055,0.7635560774495693,1.0,1.0,0.0
EEPD1,0.41707305203487727,1.0,0.0,1.0,0.0
EFCAB11,0.5792303241462823,0.8586566415733043,0.0,0.33333333333333326,0.0
EFCAB14,0.49441581568745907,0.7740441975499857,0.0,1.0,0.0
EFEMP1,0.34577790393482954,0.9369017616715394,1.0,1.0,0.0
EFEMP2,0.48473794842452184,0.20076544773133462,1.0,1.0,0.0
EFHC2,0.5780884611909012,0.9566803755994595,0.0,0.0,0.0
EFHD1,0.6931019209904457,0.5203392295726085,1.0,1.0,0.0
EFNA1,0.7113542910199637,0.7863469962314741,1.0,1.0,0.0
EFNA3,0.628898407330711,0.5968960192012874,0.0,0.33333333333333326,0.0
EFNA4,0.6925566175937096,0.8557535522225154,1.0,1.0,0.0
EFNA5,0.43274077581525167,0.882162102696344,0.0,1.0,0.0
EFNB2,0.5315586553462563,0.4083057917944198,1.0,0.33333333333333326,0.0
EFR3A,0.625280308259148,0.7850861278486817,0.0,1.0,0.0
EGFL6,0.366368972452919,0.5271318253271552,1.0,1.0,0.0
EGFLAM,0.3185645024200861,1.0,0.0,1.0,0.0
EGFR,0.37727163035709194,0.8900158773243917,1.0,1.0,0.0
EGLN1,0.5104834917797185,0.21859778576791877,0.0,1.0,0.0
EGLN3,0.6380088414994859,0.7985269697967529,1.0,0.33333333333333326,0.0
EGR1,0.434487018908304,0.3557250010305866,1.0,1.0,0.0
EGR2,0.4512308495407509,0.147724986485094,0.0,1.0,0.0
EGR3,0.4507933554854466,0.14227909981604026,0.0,1.0,0.0
EHBP1,0.3676464110588661,1.0,1.0,1.0,0.0
EHD1,0.5182620144985709,0.2886397045033177,0.0,1.0,0.0
EHD2,0.3714070673498017,1.0,1.0,1.0,0.0
EHHADH,0.39763550275176585,0.5050384601790661,0.0,1.0,0.0
EHMT1,0.6098967405596847,0.20307543220536142,0.0,0.33333333333333326,0.0
EHMT2,0.5913154938996298,0.46563391773798485,0.0,0.33333333333333326,0.0
EID1,0.4873911463212798,0.5937278551542641,0.0,1.0,0.0
EIF1,0.5128251166337309,0.3923369286253864,1.0,1.0,0.0
EIF1B,0.47970329655852706,0.9801749909769415,0.0,1.0,0.0
EIF2AK1,0.6514134830138899,0.6287945616126068,0.0,0.33333333333333326,0.0
EIF2AK3,0.6370347091656283,0.4144512549281878,1.0,1.0,0.0
EIF2B1,0.5209422710280386,0.13554675907037178,0.0,1.0,0.0
EIF2B2,0.5443071428600104,0.13508058881373866,0.0,0.33333333333333326,0.0
EIF2B3,0.4703880496401272,0.5318667772918362,1.0,1.0,0.0
EIF2B5,0.6280512699788907,0.6070045912543375,0.0,1.0,0.0
EIF2D,0.5087444628056697,0.1806433771241148,0.0,1.0,0.0
EIF2S1,0.5567388875008618,0.38309754714582195,0.0,0.33333333333333326,0.0
EIF2S2,0.5431764831932928,0.23730692164259912,0.0,0.33333333333333326,0.0
EIF3A,0.4994447853887467,0.275387795718643,0.0,1.0,0.0
EIF3F,0.5081846510068847,0.1863447953682446,0.0,1.0,0.0
EIF3G,0.5115635441647093,0.217118447894913,0.0,1.0,0.0
EIF3H,0.5955855617755254,0.2482216567511524,1.0,1.0,0.0
EIF3I,0.5371908813352366,0.18411093503216983,0.0,0.33333333333333326,0.0
EIF3K,0.5031322503112552,0.21781849385345242,0.0,1.0,0.0
EIF3L,0.5097193578007071,0.35126098155485747,0.0,1.0,0.0
EIF4A3,0.6392829933883601,0.8571583473174744,0.0,1.0,0.0
EIF4B,0.5027714498803063,0.5040369016947587,0.0,1.0,0.0
EIF4E2,0.6105488548622358,0.6468563523023215,0.0,1.0,0.0
EIF4E3,0.3902680305278037,0.6460284270642462,0.0,1.0,0.0
EIF4EBP2,0.46201798020005547,1.0,1.0,1.0,0.0
EIF6,0.6097139087957408,0.7639272713328505,0.0,1.0,0.0
EIPR1,0.6176105637955314,0.7275954797355983,0.0,0.33333333333333326,0.0
ELAPOR1,0.7758709568097184,0.4329568955926101,1.0,1.0,0.0
ELAVL1,0.6173284567504794,0.4763194714147717,0.0,1.0,0.0
ELF3,0.748710917499913,0.6742570962385205,0.0,0.33333333333333326,0.0
ELF5,0.5801285929769033,0.06322963284724303,1.0,0.33333333333333326,0.0
ELK1,0.5868255100806449,0.24878214764893178,0.0,0.33333333333333326,0.0
ELK3,0.49330490905218993,0.8196529235213915,1.0,1.0,0.0
ELK4,0.5271121904692287,0.06918724318554201,1.0,1.0,0.0
ELL3,0.6486215329947748,0.3849180424893673,0.0,1.0,0.0
ELMO3,0.6663702845748871,1.0,1.0,1.0,0.0
ELMOD3,0.35448680439470676,0.8883234050461747,0.0,1.0,0.0
ELOA,0.4966317978155112,0.8432284233911999,0.0,1.0,0.0
ELOF1,0.6035918832033179,0.5609496788827159,0.0,1.0,0.0
ELOVL5,0.451662158076739,0.2813048866024258,0.0,1.0,0.0
ELP2,0.6230642592300305,0.1555289146314047,0.0,1.0,0.0
ELP5,0.5111836180300726,0.09834436261850324,0.0,1.0,0.0
EMC10,0.6355537868123006,0.9689315590765217,0.0,0.33333333333333326,0.0
EMC3,0.4874636308400442,0.1217603023032057,1.0,1.0,0.0
EMC9,0.6262032985897727,0.8525184092516008,0.0,0.33333333333333326,0.0
EMCN,0.42710224764557536,0.9561637445209991,1.0,1.0,0.0
EMD,0.5947592131133382,0.2239744317467494,0.0,1.0,0.0
EME1,0.7030435132099869,0.8935166103078519,0.0,1.0,0.0
EMILIN2,0.44104523444534627,0.40529862984101217,1.0,1.0,0.0
EML1,0.4861053884086942,0.2694397569801853,1.0,1.0,0.0
EML2,0.6284413310673738,0.6225356452243295,0.0,1.0,0.0
EML3,0.4865129290075642,0.4545777637780776,0.0,1.0,0.0
EMP1,0.3953422333186147,0.9671571461404419,1.0,1.0,0.0
EMX2,0.4391996988662644,0.3549825619508377,0.0,1.0,0.0
ENAH,0.6498766273037484,0.8167936246383819,1.0,1.0,0.0
ENC1,0.6724209790260898,0.8412783174511549,0.0,1.0,0.0
ENDOG,0.5586957431702239,0.009033946035153338,0.0,0.33333333333333326,0.0
ENDOV,0.6044553381963002,0.21538809008553117,0.0,1.0,0.0
ENG,0.4993615724791552,0.3946783297957251,0.0,1.0,0.0
ENO2,0.6607226298865497,1.0,1.0,1.0,0.0
ENO3,0.5487749469676686,0.10878391769470738,0.0,0.0,0.0
ENOPH1,0.6081911212681368,0.9449222290576493,1.0,1.0,0.0
ENPEP,0.38132950533230187,0.6935961729004919,0.0,1.0,0.0
ENPP2,0.3271356606935627,1.0,1.0,1.0,0.0
ENPP4,0.4775733731253546,0.05606337141991546,0.0,1.0,0.0
ENPP5,0.7577256539226565,0.6017143030947724,0.0,1.0,0.0
ENSA,0.6407756755972712,1.0,1.0,1.0,0.0
ENTPD6,0.6396535721284985,0.7805008024693454,1.0,1.0,0.0
ENTR1,0.5993949636928517,0.3385928098979163,0.0,1.0,0.0
ENTREP1,0.5405057017515541,0.37696749673878704,0.0,0.33333333333333326,0.0
ENTREP3,0.6065530341792164,0.18108745234641838,0.0,0.33333333333333326,0.0
EOGT,0.4543245186735072,0.944921696011299,1.0,1.0,0.0
EOLA1,0.6413901638061587,0.6692578461164588,0.0,1.0,0.0
EOLA2,0.6530924376255616,0.7083975292953595,0.0,1.0,0.0
EP400,0.5972869230723307,0.21816113450818755,0.0,0.33333333333333326,0.0
EPAS1,0.36583168607333205,1.0,1.0,1.0,0.0
EPB41L1,0.42221449662087923,0.5857204711636835,0.0,1.0,0.0
EPB41L2,0.37468634245797156,1.0,1.0,1.0,0.0
EPB41L3,0.44065603914243173,0.6418085627130856,1.0,1.0,0.0
EPB41L4B,0.4252893759567346,0.8226315833043703,1.0,1.0,0.0
EPB41L5,0.6560484836088629,0.5887279485253611,0.0,0.33333333333333326,0.0
EPB42,0.452884727939451,0.33108591068254617,0.0,1.0,0.0
EPCAM,0.8967214564623244,1.0,1.0,1.0,0.0
EPDR1,0.29327133921552323,0.9956804214518281,0.0,1.0,0.0
EPHA1,0.6197067517448144,0.41415726201343445,0.0,1.0,0.0
EPHB2,0.5582353297782706,0.34964028580982626,1.0,0.33333333333333326,0.0
EPHB3,0.6647549027069534,0.6655313405918605,0.0,1.0,0.0
EPHB4,0.6955786975705647,0.5899802722444384,0.0,0.33333333333333326,0.0
EPHX1,0.4343533230432245,0.5927019677769122,1.0,1.0,0.0
EPHX2,0.47096112471242607,0.14604849885245988,0.0,1.0,0.0
EPM2A,0.4136417739618068,1.0,0.0,1.0,0.0
EPM2AIP1,0.6331175521676364,0.2193821698009052,0.0,1.0,0.0
EPPK1,0.9144995407079815,0.7673558250631439,0.0,0.33333333333333326,0.0
EPRS1,0.6211449936564235,0.8085507907792512,1.0,1.0,0.0
EPS15,0.46871521826904017,0.6544983989332818,0.0,1.0,0.0
EPS8,0.44073939442208576,0.8283534665470791,1.0,1.0,0.0
EPS8L1,0.6862296119861411,0.8467567545308032,1.0,1.0,0.0
EPS8L2,0.7311811721409304,0.7218868291632349,0.0,1.0,0.0
ERAL1,0.6016282981622767,0.4809237231109286,0.0,0.33333333333333326,0.0
ERAP1,0.46880433125946375,0.26325781607469084,0.0,1.0,0.0
ERBB2,0.7298458332994779,0.7175661152237613,1.0,1.0,0.0
ERBB3,0.7945355734374951,0.5910801001702624,1.0,1.0,0.0
ERCC2,0.5489888524809259,0.15275053407961436,0.0,0.0,0.0
ERCC5,0.5104710538649381,0.3016296483973935,0.0,0.33333333333333326,0.0
ERCC8,0.47977537372048423,0.2575900420740647,0.0,1.0,0.0
ERG,0.4089238629219272,1.0,0.0,0.33333333333333326,0.0
ERG28,0.6556732302022744,0.6589089855942336,0.0,1.0,0.0
ERGIC1,0.6479564588169486,0.5039253756650497,0.0,1.0,0.0
ERGIC2,0.597220827893181,0.4998518589421799,0.0,1.0,0.0
ERMP1,0.7037430949703055,1.0,0.0,0.33333333333333326,0.0
ERP27,0.7439198574559662,1.0,0.0,1.0,0.0
ERP29,0.5974952123602997,0.17364607679161093,0.0,1.0,0.0
ESAM,0.45413995758401404,1.0,0.0,1.0,0.0
ESCO1,0.6085229252338995,0.4100475228959852,0.0,1.0,0.0
ESD,0.4832630313641166,1.0,1.0,1.0,0.0
ESF1,0.5536890624365639,0.03378180829800129,0.0,0.33333333333333326,0.0
ESR1,0.6733625723127169,0.2093949104100102,0.0,1.0,0.0
ESRP1,0.9462635705115854,0.7635013046861154,0.0,1.0,0.0
ESYT1,0.435610346528219,1.0,1.0,1.0,0.0
ETF1,0.5059413821527972,0.37869867330255935,1.0,1.0,0.0
ETFA,0.4158827229244226,0.6162952852651942,0.0,1.0,0.0
ETFB,0.3887151400797454,0.8602510762613844,1.0,1.0,0.0
ETFDH,0.421046976682002,0.615833410358244,1.0,1.0,0.0
ETFRF1,0.45968088520268113,0.4046246274927729,0.0,1.0,0.0
ETNK1,0.6431175049643463,0.7468956118525578,0.0,1.0,0.0
ETS1,0.5054987747092745,0.3224019502416507,0.0,1.0,0.0
EVA1B,0.6341596707923198,0.38673545182761737,0.0,0.33333333333333326,0.0
EVI5,0.46471903580651297,0.7272886254781722,0.0,1.0,0.0
EVL,0.701008925503734,0.9271582826412845,0.0,1.0,0.0
EXO5,0.598766041190607,0.27800298840404236,0.0,0.33333333333333326,0.0
EXOC1,0.521068823486682,0.11986393934506871,1.0,1.0,0.0
EXOC2,0.6142622426316596,0.16502994541831761,0.0,0.33333333333333326,0.0
EXOC6,0.6283763966999043,0.400756381828607,0.0,1.0,0.0
EXOC6B,0.43835472071735976,1.0,0.0,1.0,0.0
EXOSC2,0.5823622597372453,0.22627713449407477,0.0,0.33333333333333326,0.0
EXOSC4,0.6655296303095329,0.7127888404296177,0.0,0.33333333333333326,0.0
EXOSC5,0.6131281155744245,0.48687107533041823,0.0,0.33333333333333326,0.0
EXOSC7,0.30651629903591876,1.0,0.0,0.33333333333333326,0.0
EXPH5,0.6500334961624797,0.41736795325211545,0.0,0.33333333333333326,0.0
EXTL2,0.5108755367594808,0.13539264292346792,0.0,1.0,0.0
EZH1,0.4546480392919906,1.0,1.0,1.0,0.0
EZH2,0.8168480619462959,0.8921807449511129,0.0,1.0,0.0
EZR,0.7394592434460384,1.0,0.0,1.0,0.0
F10,0.46670822525933575,0.2264967272892072,0.0,1.0,0.0
F11R,0.6659939344968809,0.9768812277108303,0.0,1.0,0.0
F12,0.775921602281468,1.0,0.0,1.0,0.0
F13A1,0.37482299135631086,0.5960158572262494,1.0,1.0,0.0
F2R,0.6207340445658491,0.09923408924819521,0.0,0.33333333333333326,0.0
F2RL2,0.746621068530918,0.6288674047875648,0.0,0.33333333333333326,0.0
F3,0.4023486108307152,0.6969620182298509,1.0,1.0,0.0
F8,0.4123874023127292,1.0,1.0,1.0,0.0
FAAH,0.6522589884566572,0.9038355316728662,0.0,0.33333333333333326,0.0
FAAH2,0.6829041804843103,1.0,0.0,1.0,0.0
FAAP100,0.6269189808985378,0.6884122233970519,0.0,0.33333333333333326,0.0
FABP3,0.5011532982030042,0.05637970635028295,0.0,1.0,0.0
FABP4,0.1418510868276987,1.0,1.0,1.0,0.0
FABP5,0.33627894377723105,1.0,1.0,1.0,0.0
FADD,0.6304203391535639,0.5648842268474671,1.0,1.0,0.0
FADS2,0.6007993081336682,0.04367792694324602,0.0,0.33333333333333326,0.0
FADS3,0.41380739662414956,0.9505537043739534,1.0,1.0,0.0
FAF2,0.6127213588166863,0.16304499844599407,0.0,1.0,0.0
FAH,0.3956155444187143,0.5795099730981625,1.0,1.0,0.0
FAM107A,0.39527178225021464,1.0,1.0,1.0,0.0
FAM110C,0.7257291689317575,0.5872263898430753,0.0,1.0,0.0
FAM110D,0.524877268431715,0.34679788877008183,1.0,1.0,0.0
FAM111A,0.6338861220802984,0.5863084681301702,1.0,1.0,0.0
FAM120C,0.523917548176594,0.04509131637727846,0.0,0.33333333333333326,0.0
FAM135A,0.4951894735894284,0.3597530663788789,0.0,0.33333333333333326,0.0
FAM13A,0.3226046247498446,1.0,1.0,1.0,0.0
FAM13C,0.37120051988632624,0.9461020093441179,0.0,1.0,0.0
FAM149A,0.28991078689171734,1.0,0.0,1.0,0.0
FAM149B1,0.5189045374983101,0.19887544911498853,0.0,1.0,0.0
FAM162B,0.3365650913058345,1.0,0.0,1.0,0.0
FAM168A,0.5738696960968219,0.06997956126148556,0.0,0.33333333333333326,0.0
FAM171A1,0.46914738391114963,0.7791844478351355,1.0,1.0,0.0
FAM174B,0.6942633124456409,0.4479734918722906,0.0,1.0,0.0
FAM174C,0.5643056379790635,0.3353893515388926,0.0,0.33333333333333326,0.0
FAM193B,0.5695008499961968,0.4356616215539754,0.0,0.33333333333333326,0.0
FAM204A,0.4953720651252716,0.6228311677011265,0.0,1.0,0.0
FAM222B,0.613905016094667,0.914377093878424,0.0,0.33333333333333326,0.0
FAM228B,0.4295883145269433,0.6761716316612317,0.0,1.0,0.0
FAM234B,0.6876174470876604,0.34065901420530686,0.0,0.33333333333333326,0.0
FAM241A,0.46619188797984995,0.3045786141608926,0.0,1.0,0.0
FAM241B,0.6565324310434723,0.7096075100279612,0.0,1.0,0.0
FAM43A,0.42845835368427193,0.8430632794661906,0.0,1.0,0.0
FAM53B,0.5770612908103187,0.3106077232081517,0.0,0.33333333333333326,0.0
FAM91A1,0.6129358776610094,0.2979517292394999,0.0,1.0,0.0
FAM98B,0.5017989800156146,0.183331148531943,0.0,1.0,0.0
FAM98C,0.6272869370068264,0.3267640965643176,0.0,1.0,0.0
FANCF,0.6942911796606913,1.0,0.0,1.0,0.0
FANCG,0.6565009259076992,0.8178776019827738,0.0,1.0,0.0
FANCL,0.6497482899802837,0.5177963423683718,0.0,1.0,0.0
FAP,0.6465193133644198,0.4449781221835104,1.0,1.0,0.0
FARP1,0.6745011185108556,0.6626736717848871,0.0,1.0,0.0
FARP2,0.5856140559044152,0.07656496356828149,0.0,1.0,0.0
FARSA,0.6428540921890974,0.8427807358892,0.0,1.0,0.0
FASN,0.44003347179754027,0.1761224195493805,0.0,1.0,0.0
FASTK,0.6013353108368034,0.3698628840121173,0.0,0.33333333333333326,0.0
FASTKD1,0.6096056786885079,0.1859902308862373,1.0,1.0,0.0
FAT1,0.47545794609208536,0.5326600189367451,0.0,1.0,0.0
FAT4,0.41180345631977955,0.5138391170589915,0.0,1.0,0.0
FAXDC2,0.4405352604684943,0.47705795574656545,0.0,1.0,0.0
FBL,0.6045912470876214,0.1551493018145171,0.0,0.33333333333333326,0.0
FBLIM1,0.6314201208572079,0.4146973944896103,0.0,1.0,0.0
FBLN1,0.40457819692164576,0.5174324309196551,0.0,1.0,0.0
FBLN2,0.3976298951763521,0.6288519413292968,1.0,1.0,0.0
FBLN5,0.3615974316763375,1.0,1.0,1.0,0.0
FBLN7,0.5052532061791384,0.2219541644910984,0.0,1.0,0.0
FBN1,0.45266928751540464,0.2489077140570924,1.0,1.0,0.0
FBP1,0.6798393513742991,0.5003235871917902,0.0,1.0,0.0
FBRS,0.5632883293191874,0.15859065562564217,0.0,0.33333333333333326,0.0
FBRSL1,0.5733511266097747,0.7429399581428049,0.0,0.0,0.0
FBXL14,0.6103506683274998,0.17858755643796376,0.0,0.33333333333333326,0.0
FBXL16,0.8037673667576049,1.0,0.0,1.0,0.0
FBXL17,0.49744829990313255,0.3384116093101676,0.0,1.0,0.0
FBXL19,0.590538571865704,0.598294344079827,0.0,1.0,0.0
FBXL2,0.6208503525147753,0.8131947555634572,1.0,1.0,0.0
FBXL3,0.48269519876940226,0.34585437810736885,0.0,1.0,0.0
FBXL5,0.46911071336379107,0.450255304735485,1.0,1.0,0.0
FBXL7,0.48846606418670724,0.06451013332458157,0.0,1.0,0.0
FBXO16,0.5201163370238389,0.08324801599059942,0.0,1.0,0.0
FBXO17,0.4565667115340892,0.2708270482339973,0.0,1.0,0.0
FBXO22,0.555402113848588,0.3255705286084049,0.0,0.33333333333333326,0.0
FBXO25,0.4879998897313627,0.19374598627915005,0.0,1.0,0.0
FBXO3,0.5017064292201173,0.03687034551810881,0.0,1.0,0.0
FBXO33,0.5294456463812693,0.06527947307184577,0.0,1.0,0.0
FBXO45,0.6553142810560566,0.5063604961213877,0.0,1.0,0.0
FBXO46,0.6435803993265959,0.4771506542152857,0.0,1.0,0.0
FBXO5,0.6247734096935683,0.451953934098561,0.0,1.0,0.0
FBXO8,0.47997747344796443,0.354124176196003,0.0,1.0,0.0
FBXO9,0.5181108752243051,0.14190270081999495,0.0,1.0,0.0
FBXW4,0.5240328563593056,0.08992984876800197,0.0,1.0,0.0
FBXW7,0.5173618770791502,0.3712012244543164,0.0,1.0,0.0
FCER1A,0.45529161099091164,0.14168360788794845,0.0,1.0,0.0
FCGR2B,0.42499220610165794,0.21874049148110847,0.0,1.0,0.0
FCMR,0.6363075685587454,0.41589043628356664,0.0,1.0,0.0
FDPS,0.6316760280077417,0.5182760120680512,1.0,1.0,0.0
FDX2,0.5874721763558725,0.07888373712509542,0.0,1.0,0.0
FEM1B,0.5904185958353214,0.032229170626074784,0.0,1.0,0.0
FEN1,0.6923271848031999,0.8107303994552052,0.0,0.33333333333333326,0.0
FER,0.48930698724180655,1.0,1.0,1.0,0.0
FERMT2,0.3477638198848485,1.0,1.0,1.0,0.0
FEZ1,0.4290233428465501,0.8505092571201276,1.0,1.0,0.0
FEZ2,0.4636065702081654,0.8535409273811736,1.0,1.0,0.0
FGD1,0.6037376870004193,0.2185058646948095,0.0,1.0,0.0
FGD3,0.7074452277781286,0.7164730452700807,0.0,1.0,0.0
FGD4,0.4669082310566938,0.2361042102741204,0.0,1.0,0.0
FGD5,0.4594699364570073,0.978997364633509,0.0,1.0,0.0
FGF1,0.37794289826952737,1.0,0.0,1.0,0.0
FGF13,0.42989173017068305,0.39492792221399337,0.0,1.0,0.0
FGF2,0.36036661319208635,1.0,1.0,1.0,0.0
FGF7,0.43643352257727425,0.6633054776171581,0.0,1.0,0.0
FGFBP2,0.2665297915569056,0.8672290517751735,0.0,1.0,0.0
FGFR1,0.47006179164743483,1.0,1.0,1.0,0.0
FGFR3,0.7798287922481654,1.0,0.0,0.33333333333333326,0.0
FGFR4,0.6308675662788024,0.6779604907692902,0.0,1.0,0.0
FGFRL1,0.508392117302362,0.12747811772603154,0.0,1.0,0.0
FGL2,0.4396023878735303,0.5073872452086252,1.0,1.0,0.0
FHDC1,0.6535816482711473,0.4858447613381024,0.0,1.0,0.0
FHIP2A,0.5001651311394306,0.6228790452236505,0.0,1.0,0.0
FHIP2B,0.5549846026208105,0.2204621420626189,0.0,0.33333333333333326,0.0
FHL1,0.2526349585957039,1.0,1.0,1.0,0.0
FIBP,0.6207044987013929,0.24733150133800905,0.0,0.33333333333333326,0.0
FIGN,0.3522777312640177,1.0,0.0,1.0,0.0
FIGNL1,0.6579996350732248,0.48343027501018504,0.0,1.0,0.0
FILIP1L,0.4267131058649922,0.6060275504025615,1.0,1.0,0.0
FIS1,0.5081079224989936,0.14231033966265572,1.0,1.0,0.0
FITM2,0.457805592993463,0.6272741346721743,0.0,1.0,0.0
FKBP10,0.5533617428471268,0.26110995190984165,0.0,0.0,0.0
FKBP11,0.6558093759545875,0.5522210236208924,0.0,0.33333333333333326,0.0
FKBP2,0.6020180446124783,0.3166072386234218,0.0,0.33333333333333326,0.0
FKBP4,0.7132802159965865,0.905354226709306,1.0,1.0,0.0
FKBP5,0.39121982389936855,0.596011690726196,0.0,1.0,0.0
FLAD1,0.6207335699740515,0.41210603585348143,0.0,0.33333333333333326,0.0
FLI1,0.415606905912857,0.5170524356621902,0.0,0.33333333333333326,0.0
FLNC,0.493745334579064,0.49964163792857286,0.0,1.0,0.0
FLT1,0.5143200865689618,1.0,1.0,0.33333333333333326,0.0
FLVCR1,0.7436543934489958,1.0,0.0,1.0,0.0
FMC1,0.47583753523429484,0.3365908290671063,0.0,1.0,0.0
FMNL2,0.4434663010418374,0.29705588638344993,0.0,1.0,0.0
FMO1,0.44829921637728587,0.1173778258585145,0.0,0.33333333333333326,0.0
FMO2,0.30441403098731395,1.0,1.0,1.0,0.0
FMO3,0.4098937929559763,0.47397359660968386,0.0,1.0,0.0
FMO4,0.5197974644676564,0.08937418635438064,0.0,1.0,0.0
FMOD,0.389144195899368,0.9657030234594295,1.0,1.0,0.0
FN1,0.7057195653978053,0.9433172006584417,1.0,1.0,0.0
FNBP1L,0.650867073744807,0.3326538654169986,0.0,1.0,0.0
FNDC4,0.4749973740747946,0.540891423506776,1.0,1.0,0.0
FNIP2,0.453410118258429,0.5161978047532273,0.0,1.0,0.0
FNTA,0.49927772971152784,0.48476344486556444,0.0,1.0,0.0
FOLR1,0.5926652133617023,0.3643072825191007,0.0,0.33333333333333326,0.0
FOLR2,0.39383159141433083,0.7007621078261898,1.0,1.0,0.0
FOS,0.3033753239228435,0.39132082009578995,1.0,1.0,0.0
FOSB,0.24891113007304527,0.9516783017868077,1.0,1.0,0.0
FOXA1,0.7776026710281664,1.0,1.0,1.0,0.0
FOXK1,0.5734794216523765,0.634214298631292,0.0,0.0,0.0
FOXK2,0.6618605510499557,0.8411988898788192,0.0,1.0,0.0
FOXN2,0.40556135698759943,1.0,0.0,1.0,0.0
FOXN3,0.4087669653089203,1.0,1.0,1.0,0.0
FOXO1,0.3711913577241296,1.0,1.0,1.0,0.0
FOXO3B,0.5118944479366981,0.09831756133308849,0.0,1.0,0.0
FOXO4,0.5149381644992992,0.5580096003514404,0.0,1.0,0.0
FOXO6,0.701797153736558,0.9875418448654626,0.0,1.0,0.0
FOXP2,0.3387998127013877,1.0,0.0,1.0,0.0
FRA10AC1,0.482946787355116,0.48686413235739895,0.0,1.0,0.0
FRAT2,0.619367886567188,0.2968827474609386,0.0,0.33333333333333326,0.0
FRK,0.6612434341847127,0.6305247959094984,0.0,1.0,0.0
FRMD3,0.4593685903522917,1.0,0.0,1.0,0.0
FRMD4A,0.46016882067021736,1.0,1.0,1.0,0.0
FRMD4B,0.49233037965068877,0.2487264220962073,0.0,1.0,0.0
FRZB,0.6026446196964222,0.014900474097126807,0.0,0.33333333333333326,0.0
FSAF1,0.6167272507698839,0.7981948330465534,0.0,1.0,0.0
FSIP1,0.7227522470474017,0.5363966793587902,0.0,1.0,0.0
FST,0.48637571684372444,0.10996520349751393,0.0,0.33333333333333326,0.0
FSTL1,0.4344031270432518,0.6060952581451088,1.0,1.0,0.0
FSTL3,0.48843378587612174,0.39783303575152856,1.0,1.0,0.0
FSTL4,0.5439376201911297,0.12315176190229193,0.0,0.0,0.0
FTL,0.4998559688473735,0.5090965165427332,1.0,1.0,0.0
FTO,0.4979757145661754,0.26138579949410007,0.0,1.0,0.0
FUBP1,0.6261614485867207,0.7858105998583084,1.0,1.0,0.0
FUNDC2,0.49474112947643545,0.5469109032743149,0.0,1.0,0.0
FUS,0.6456167660476541,0.8373458050646079,1.0,1.0,0.0
FUT1,0.5696090784299266,0.6987259091821933,0.0,0.0,0.0
FUT8,0.6285967152108632,0.38034114494916743,1.0,1.0,0.0
FXYD1,0.34755539535403907,1.0,1.0,1.0,0.0
FXYD3,0.8318271405520307,0.4828043215422246,0.0,0.33333333333333326,0.0
FXYD6,0.46500484103053974,0.974248833089991,1.0,1.0,0.0
FYCO1,0.49265961530992664,0.592682555825308,1.0,1.0,0.0
FYN,0.45151313707755186,0.8336903205691362,1.0,1.0,0.0
FZD1,0.6491123060740067,0.3108087976941063,0.0,1.0,0.0
FZD2,0.6513093263978774,0.4016922128474002,0.0,1.0,0.0
FZD4,0.34578872243712944,1.0,1.0,1.0,0.0
FZD5,0.4273223673827557,0.9608238500532987,1.0,1.0,0.0
FZD6,0.6430538181952657,0.23795809498784776,0.0,1.0,0.0
FZD7,0.543194723462906,0.19645968572003691,0.0,0.33333333333333326,0.0
G0S2,0.18367126661192548,1.0,1.0,1.0,0.0
G3BP1,0.5960888189357697,0.26170037449160094,1.0,1.0,0.0
G6PC3,0.5619002471842257,0.18988952804783113,0.0,0.33333333333333326,0.0
GAA,0.6382306595674283,0.5188664342773764,0.0,0.33333333333333326,0.0
GAB2,0.43601347767245535,1.0,1.0,1.0,0.0
GABARAPL1,0.4341766934005681,1.0,1.0,1.0,0.0
GABARAPL2,0.5064141785258223,0.2698823054472196,0.0,1.0,0.0
GABBR1,0.6028715066656476,0.8106927222767116,0.0,0.33333333333333326,0.0
GABPA,0.4868344174180194,0.3523262977757238,0.0,1.0,0.0
GABRB3,0.5617732789922909,0.11624574643397918,0.0,0.0,0.0
GABRP,0.4736400656254389,0.18921359787920583,0.0,0.33333333333333326,0.0
GADD45A,0.5043637150144885,0.023730011213866753,0.0,1.0,0.0
GADD45G,0.621933220778568,0.24242672486466277,0.0,0.33333333333333326,0.0
GAK,0.6232347528019437,0.6847286775495779,0.0,0.33333333333333326,0.0
GAL3ST4,0.6131888474997484,0.4795854547495152,1.0,1.0,0.0
GALE,0.6882386433796354,1.0,1.0,1.0,0.0
GALNS,0.6036091940687512,0.18087479914649388,0.0,0.33333333333333326,0.0
GALNT10,0.6409500019277545,0.45197165511456644,1.0,1.0,0.0
GALNT12,0.41906944737904034,0.44114287685612635,0.0,1.0,0.0
GALNT15,0.3430280584857125,0.8368057293617973,0.0,1.0,0.0
GALNT16,0.3840625443960995,0.8064238203524386,0.0,1.0,0.0
GALNT3,0.7866381198794872,0.674422172344961,0.0,1.0,0.0
GALNT6,0.8739094192532566,1.0,0.0,1.0,0.0
GALNT7,0.726581804485593,0.7704229573064766,1.0,1.0,0.0
GALT,0.4908573815959981,0.7989316509449003,1.0,1.0,0.0
GAMT,0.548314520946357,0.14932332627532424,1.0,0.33333333333333326,0.0
GANAB,0.6457185320910339,0.6382578753969457,0.0,1.0,0.0
GAPDH,0.6212996369789582,0.6611032258134857,0.0,1.0,0.0
GAR1,0.6046370634009277,0.5393410673138872,0.0,1.0,0.0
GAREM1,0.47991675521637783,0.5080297515390739,0.0,1.0,0.0
GARNL3,0.5605178715782428,0.32015159405985555,0.0,0.33333333333333326,0.0
GARS1,0.6238346283316026,0.5444721632899368,0.0,1.0,0.0
GART,0.6793695608353012,0.3833340147270778,0.0,0.33333333333333326,0.0
GAS1,0.4281902254110434,0.5808048180539412,1.0,1.0,0.0
GAS2L1,0.5105575835254982,0.26508395448513394,0.0,0.33333333333333326,0.0
GAS2L3,0.6457577315816591,0.17230908217942348,0.0,1.0,0.0
GAS6,0.4921427362274716,0.42661669073699654,1.0,1.0,0.0
GAS7,0.4428868664985408,0.7511353161852677,0.0,1.0,0.0
GATA2,0.5856420866064159,0.44985661066896254,0.0,0.33333333333333326,0.0
GATA3,0.776681156375289,1.0,1.0,1.0,0.0
GATB,0.48323671615465136,0.17345535783524876,0.0,1.0,0.0
GATC,0.5834259339418607,0.15285062692413373,0.0,1.0,0.0
GATD3,0.5078069816185055,0.25260079692733395,1.0,1.0,0.0
GBE1,0.3952350729658992,0.9651861636161702,1.0,1.0,0.0
GBP1,0.6226181285657864,0.0498692867763245,0.0,1.0,0.0
GCAT,0.6576102401401017,0.871187316585922,0.0,1.0,0.0
GCFC2,0.5240340404361031,0.11563595545142002,1.0,1.0,0.0
GCH1,0.6939511128474133,1.0,1.0,1.0,0.0
GCHFR,0.5061570989140745,0.13068281540770074,0.0,0.33333333333333326,0.0
GCLC,0.47203183993436043,0.5377971354242619,1.0,1.0,0.0
GCNT1,0.628295130386781,0.729091190800028,0.0,0.33333333333333326,0.0
GDAP1,0.6245394609780751,0.49925463963611355,1.0,0.33333333333333326,0.0
GDF10,0.4583379542822515,0.24022888473290605,0.0,1.0,0.0
GDF15,0.6629302025101886,0.8555569577800293,1.0,1.0,0.0
GDF5,0.5088319542182983,0.15447298788467378,0.0,1.0,0.0
GDI1,0.6117359336065468,0.12411966136350039,0.0,0.33333333333333326,0.0
GDPD5,0.39981667186862896,1.0,1.0,1.0,0.0
GEM,0.4519540609528095,0.2972486761837598,0.0,1.0,0.0
GET3,0.5709921195646508,0.6739360447836246,0.0,0.33333333333333326,0.0
GFOD1,0.47901127377166003,0.8643006844347185,0.0,1.0,0.0
GFPT2,0.4560576808562709,0.40149866718311666,0.0,1.0,0.0
GFUS,0.6818594821267624,1.0,1.0,1.0,0.0
GGA1,0.6182027698799782,0.4745313946258194,0.0,0.33333333333333326,0.0
GGA2,0.5642068758732228,0.09847291478581134,0.0,0.33333333333333326,0.0
GGCT,0.6619576235750644,1.0,1.0,1.0,0.0
GGPS1,0.5994359702959954,0.4164908250438169,0.0,1.0,0.0
GGT5,0.5180787506163295,0.11551179879686191,0.0,0.33333333333333326,0.0
GHR,0.23135527533300215,1.0,1.0,1.0,0.0
GID4,0.43790781243800786,0.9701577398035943,0.0,1.0,0.0
GID8,0.6078666914290911,0.30247490061759236,0.0,0.33333333333333326,0.0
GIMAP1,0.4169830703038979,0.8358754519911922,0.0,1.0,0.0
GIMAP4,0.4691317678906091,0.47803064863282074,0.0,1.0,0.0
GIMAP6,0.43459688834177046,0.8671109588209434,1.0,1.0,0.0
GIMAP7,0.4279954104392824,0.48002170964595475,0.0,1.0,0.0
GIMAP8,0.3804164685359976,1.0,0.0,1.0,0.0
GINS1,0.8442960965785685,1.0,0.0,1.0,0.0
GINS2,0.7636346389753377,0.83932704922227,0.0,1.0,0.0
GIT2,0.5116154838318298,0.3514666735749061,0.0,1.0,0.0
GJA4,0.48345762231920625,0.7973205385873972,1.0,1.0,0.0
GJA5,0.5069251071508116,0.10318671221298852,0.0,1.0,0.0
GJB2,0.8869266908697757,1.0,0.0,1.0,0.0
GJC2,0.5262772424342881,0.158329957108833,0.0,0.33333333333333326,0.0
GKAP1,0.42474973591848014,0.44592124983600356,0.0,1.0,0.0
GLB1L2,0.6166487656230694,0.7779203984432875,0.0,0.33333333333333326,0.0
GLDN,0.3132349257199692,1.0,0.0,1.0,0.0
GLE1,0.5967756734550154,0.3343600523293557,0.0,0.33333333333333326,0.0
GLI3,0.5876988585175135,0.4291453151274537,1.0,0.33333333333333326,0.0
GLIPR2,0.4958794187444233,0.08768000834388308,0.0,1.0,0.0
GLMN,0.5878171213496647,0.14784712908686393,0.0,1.0,0.0
GLO1,0.6177900759187164,0.3957873246795698,0.0,1.0,0.0
GLRX3,0.4827210298825653,0.40877673633482153,0.0,1.0,0.0
GLUD2,0.48323459686739473,0.22393413282469204,0.0,1.0,0.0
GLUL,0.5108423765595406,0.0773890468895675,0.0,1.0,0.0
GLYAT,0.27553958642966075,1.0,1.0,1.0,0.0
GLYR1,0.5761349647083343,0.31060828841397914,0.0,0.33333333333333326,0.0
GMDS,0.6451197127066954,0.3159420589515922,0.0,0.33333333333333326,0.0
GMEB2,0.6028380303334164,0.5593155995835908,0.0,0.33333333333333326,0.0
GMFG,0.42975512094921164,0.8522682368576784,0.0,1.0,0.0
GMIP,0.6230595666315102,0.2302028439695026,0.0,1.0,0.0
GMNN,0.6122021682671726,0.11932658901090153,0.0,1.0,0.0
GMPPA,0.622625043032303,0.31999402557238593,0.0,0.33333333333333326,0.0
GMPS,0.6346667766425363,0.720595460745216,0.0,1.0,0.0
GNA12,0.5164134056486523,0.12333615583432608,0.0,1.0,0.0
GNA13,0.5533396500146567,0.13107753383600904,0.0,0.33333333333333326,0.0
GNAI1,0.2812130488375954,1.0,1.0,1.0,0.0
GNAL,0.304145228132865,1.0,0.0,1.0,0.0
GNAQ,0.48883528746818067,0.5188042364686934,0.0,1.0,0.0
GNAZ,0.49070670468533845,1.0,0.0,1.0,0.0
GNB2,0.6249974010211221,0.3040054944301912,0.0,0.33333333333333326,0.0
GNE,0.48314338952064523,0.597994316424615,0.0,0.33333333333333326,0.0
GNG11,0.33861916508135065,1.0,1.0,1.0,0.0
GNG12,0.47522825972870375,0.5818338472333798,1.0,1.0,0.0
GNG2,0.2396940636116983,1.0,0.0,1.0,0.0
GNL2,0.5915647189141218,0.14650933312670505,0.0,1.0,0.0
GNPDA2,0.4868864844975977,0.1799898636375139,0.0,1.0,0.0
GNPNAT1,0.6491060060831426,0.5882772612438506,0.0,1.0,0.0
GNRH2,0.5320339884122065,0.07527039625044185,0.0,1.0,0.0
GNS,0.49345422584099025,0.27064286098436735,1.0,1.0,0.0
GOLGA3,0.5707062637496925,0.13243654451528483,0.0,0.33333333333333326,0.0
GOLGA4,0.4910652000301446,0.20530231630812826,0.0,0.33333333333333326,0.0
GOLGA7,0.49935254858991157,0.3658213826163301,0.0,1.0,0.0
GOLGA8A,0.5601249027967858,0.5143931734712858,1.0,0.33333333333333326,0.0
GOLGA8N,0.4788838763907358,1.0,0.0,1.0,0.0
GOLM1,0.7176060774604589,1.0,1.0,1.0,0.0
GOLPH3,0.5912068027809145,0.3267526008847536,0.0,1.0,0.0
GORAB,0.6478522770746945,0.7392933314941099,0.0,1.0,0.0
GORASP2,0.5991684368321121,0.4398367743045488,0.0,0.33333333333333326,0.0
GOSR1,0.6119304637080827,0.7219329665003066,1.0,1.0,0.0
GOT1,0.60963663296505,0.4548475912861438,0.0,0.33333333333333326,0.0
GOT2,0.6723862903785292,0.81433384512174,1.0,1.0,0.0
GP2,0.5652644638376277,0.31203147493581795,0.0,0.0,0.0
GPAA1,0.6066431605233132,0.1814593084407971,0.0,1.0,0.0
GPAM,0.057622066662556835,1.0,0.0,1.0,0.0
GPAT4,0.6505456581595767,0.8802902863177722,0.0,1.0,0.0
GPATCH11,0.3673197763891521,1.0,0.0,1.0,0.0
GPATCH2,0.6358366927556002,0.5594573073126512,0.0,0.33333333333333326,0.0
GPATCH4,0.5967420602666617,0.30834950330685185,1.0,0.33333333333333326,0.0
GPATCH8,0.5872712319291745,0.5303840635016839,0.0,0.33333333333333326,0.0
GPC1,0.6223725601663526,0.19072638670566963,0.0,1.0,0.0
GPC3,0.3063617143686344,1.0,1.0,1.0,0.0
GPC6,0.3611290421279628,0.43812237537860377,0.0,1.0,0.0
GPD1,0.12803453544573765,1.0,1.0,1.0,0.0
GPD1L,0.5059353471721546,0.3587150014138119,0.0,1.0,0.0
GPD2,0.6138569918734652,0.17269797077651114,0.0,1.0,0.0
GPER1,0.42985448850688673,0.9837668677787647,1.0,1.0,0.0
GPHRA,0.6458564258596704,1.0,1.0,1.0,0.0
GPI,0.48822828438166377,0.06951121154110262,0.0,1.0,0.0
GPIHBP1,0.2950702342351426,1.0,0.0,1.0,0.0
GPR137B,0.6306546455668594,0.3051661367591681,1.0,1.0,0.0
GPR146,0.2481468985372756,1.0,0.0,1.0,0.0
GPR153,0.5221451263129692,0.2163161264637059,0.0,1.0,0.0
GPR157,0.6316527215223806,0.28965996926107435,0.0,1.0,0.0
GPR160,0.7313758708667518,0.7274870861168758,0.0,1.0,0.0
GPR176,0.561422489824345,0.05094104516544736,0.0,0.33333333333333326,0.0
GPR27,0.6362412791930366,0.4643676072575692,0.0,0.33333333333333326,0.0
GPR34,0.26766352750108036,0.5695839899151064,0.0,1.0,0.0
GPR68,0.6510929997682644,1.0,0.0,0.33333333333333326,0.0
GPRASP1,0.42313322505511347,0.8749695514698971,0.0,1.0,0.0
GPRC5A,0.8492602707380145,1.0,0.0,1.0,0.0
GPRC5C,0.6017585713504543,0.2044023897666979,0.0,1.0,0.0
GPRIN3,0.6272494222097145,0.17977271653596247,0.0,1.0,0.0
GPSM2,0.6716111535785583,0.6741042766883094,0.0,1.0,0.0
GPT2,0.472473864059251,0.2521664174419039,0.0,1.0,0.0
GPX1,0.45394259437281215,0.34050700239484644,1.0,1.0,0.0
GPX3,0.235622821373271,1.0,1.0,1.0,0.0
GPX4,0.4377083522505648,0.681621689380052,1.0,1.0,0.0
GRAMD1A,0.6578327606869265,0.550150240100677,0.0,1.0,0.0
GRAMD1C,0.6550810922282886,0.44121586709675703,0.0,1.0,0.0
GRAMD2B,0.5619146250081567,0.07951703182829034,0.0,0.33333333333333326,0.0
GRB10,0.5646887108621068,0.4677052494187788,0.0,0.33333333333333326,0.0
GRB2,0.6024140557029831,0.23816133737688422,0.0,0.33333333333333326,0.0
GREB1,0.6786251463217909,0.2006385277942143,0.0,0.33333333333333326,0.0
GREM2,0.5191158701659,0.042797048413312014,0.0,1.0,0.0
GRHL2,0.7003657586375918,0.7989940509145305,1.0,0.33333333333333326,0.0
GRHPR,0.5110562820159931,0.15802089413155118,0.0,1.0,0.0
GRIK3,0.5757434063231597,0.1510456922459227,0.0,0.0,0.0
GRK3,0.28662893830858893,1.0,0.0,1.0,0.0
GRK5,0.42617573502605366,1.0,1.0,1.0,0.0
GRK6,0.606329359863581,0.37152169354270714,0.0,1.0,0.0
GRM4,0.5529213367200112,0.2728420343108419,0.0,0.33333333333333326,0.0
GRP,0.7248790890752375,0.754324344892755,0.0,1.0,0.0
GRTP1,0.684713757316552,0.3656099099751313,0.0,1.0,0.0
GRWD1,0.5943837220402138,0.2765859935073181,0.0,1.0,0.0
GSDMB,0.5569864359330678,0.18875689877407553,0.0,0.33333333333333326,0.0
GSDMD,0.6322962202518119,0.920435439789697,0.0,1.0,0.0
GSDME,0.47263303075332747,0.2552135476292303,0.0,1.0,0.0
GSK3B,0.5966413603131145,0.12486782627735263,0.0,0.33333333333333326,0.0
GSN,0.3667872540940229,1.0,1.0,1.0,0.0
GSPT1,0.6231505404221251,0.7886460097450598,1.0,1.0,0.0
GSPT2,0.4090093282618603,0.6044667324357864,0.0,1.0,0.0
GSR,0.6448565585042203,0.40799108059392114,0.0,0.33333333333333326,0.0
GSS,0.6206112474502876,0.5215961710939889,0.0,0.33333333333333326,0.0
GSTA4,0.4889343749773478,0.17747788389770972,0.0,1.0,0.0
GSTCD,0.6222148399415857,0.7177094161266174,0.0,1.0,0.0
GSTK1,0.5091193719886534,0.21174282831108296,1.0,1.0,0.0
GSTM1,0.4860394161433451,0.23356297824759453,0.0,1.0,0.0
GSTM2,0.4810375426821071,0.2756012816995187,1.0,1.0,0.0
GSTM4,0.49824345456574987,0.29372287274858383,0.0,1.0,0.0
GSTM5,0.4181262359500891,0.6327034994879174,1.0,1.0,0.0
GSTO2,0.7482007689778022,0.6059450318406661,0.0,1.0,0.0
GSTP1,0.4972108795450139,0.32840896285822735,1.0,1.0,0.0
GSTZ1,0.5556478810814744,0.14875008193331987,0.0,0.33333333333333326,0.0
GTF2A2,0.5278990192184755,0.5449207480002327,0.0,0.33333333333333326,0.0
GTF2B,0.5692896915047557,0.03216397752988697,1.0,0.33333333333333326,0.0
GTF2E1,0.6067092549176394,0.2995276177552973,0.0,0.33333333333333326,0.0
GTF2E2,0.4815833823312302,0.39082197040257555,0.0,1.0,0.0
GTF2H2C_2,0.6241666307949625,0.3923717195368387,1.0,1.0,0.0
GTF2H3,0.5937932608994763,0.03574594823397313,0.0,1.0,0.0
GTF2IRD1,0.6341806087710975,0.6419593938305064,0.0,0.33333333333333326,0.0
GTF3A,0.5296399828102256,0.7747112223240827,0.0,0.33333333333333326,0.0
GTF3C1,0.6385179488261125,0.8180714098326559,1.0,1.0,0.0
GTF3C2,0.6277568010704174,0.4887764082802538,0.0,0.33333333333333326,0.0
GTF3C4,0.6484091381712143,0.4128927021567115,0.0,0.33333333333333326,0.0
GTPBP3,0.6075947905705491,0.48551500553572746,0.0,1.0,0.0
GTPBP4,0.612360052359361,0.4425923083099301,1.0,1.0,0.0
GTPBP8,0.5581092606362249,0.06478627372184836,0.0,0.33333333333333326,0.0
GTSE1,0.604689591153153,0.19098152181346867,1.0,1.0,0.0
GUCY1B1,0.524234520748039,0.10196868210924412,0.0,1.0,0.0
GULP1,0.3794603222913874,0.6715137631929216,0.0,1.0,0.0
GUSB,0.6212845391647205,0.32017979337457453,0.0,1.0,0.0
GYG2,0.1671630621510123,1.0,1.0,1.0,0.0
GYPC,0.41921386935516086,0.9170133330879335,1.0,1.0,0.0
GYS1,0.5128286205702285,0.14249147169220983,1.0,1.0,0.0
GYS2,0.4807144472612736,0.25125888380647426,0.0,1.0,0.0
GZMK,0.6459653495531623,0.1822310079521031,0.0,1.0,0.0
H1-0,0.6360954159417128,0.19178519533718022,0.0,1.0,0.0
H2AC14,0.62230647761272,1.0,0.0,0.33333333333333326,0.0
H2AC17,0.6266799677356196,0.6214772883441574,0.0,1.0,0.0
H2AC19,0.7449442698537762,1.0,0.0,1.0,0.0
H2AC25,0.7219641561861042,0.8272942264578309,0.0,1.0,0.0
H2AC6,0.6907145339845114,0.4844962478094749,0.0,1.0,0.0
H2AX,0.7029983570997161,1.0,0.0,1.0,0.0
H2AZ1,0.6357261791745191,1.0,1.0,1.0,0.0
H2BC11,0.764902026992587,0.848145725671219,1.0,1.0,0.0
H2BC12,0.683354346240053,0.44218705879571274,1.0,1.0,0.0
H2BC12L,0.6833383239741148,0.73720918459711,1.0,1.0,0.0
H2BC21,0.7661701588812052,0.8894270615987369,0.0,1.0,0.0
H2BC4,0.7117530597215891,1.0,0.0,0.33333333333333326,0.0
H2BC5,0.8416469461886736,1.0,0.0,1.0,0.0
H2BC6,0.7147259691241544,0.9703951239184114,0.0,1.0,0.0
H2BC9,0.7092282194105451,1.0,0.0,1.0,0.0
H3-3A,0.6423551660380732,0.5788454233667559,0.0,1.0,0.0
H3C7,0.677449201289113,1.0,0.0,1.0,0.0
H4C11,0.6423513369188677,0.909679296782641,1.0,1.0,0.0
H4C8,0.7100512376793542,0.60086320565671,0.0,0.33333333333333326,0.0
HABP4,0.459307079274496,0.6781988880507263,0.0,1.0,0.0
HACD1,0.43440992277871254,0.41346336158174346,0.0,1.0,0.0
HACD2,0.45145867944370516,1.0,1.0,1.0,0.0
HACD3,0.6476480587606464,0.6519976718458879,0.0,1.0,0.0
HACL1,0.44116112550769593,0.3157180719191702,0.0,1.0,0.0
HADH,0.4100437205713078,1.0,1.0,1.0,0.0
HADHA,0.4854982924105301,0.7706969038528277,0.0,0.33333333333333326,0.0
HADHB,0.49640355019799354,0.30874916029511434,0.0,1.0,0.0
HAGHL,0.63135829048559,0.4696033833067821,0.0,1.0,0.0
HAS1,0.47881793050630755,0.09116556497643387,0.0,1.0,0.0
HAT1,0.6059653453905196,0.1049357273413498,0.0,0.33333333333333326,0.0
HAUS5,0.6040031389394486,0.23059271377300977,0.0,0.33333333333333326,0.0
HBA2,0.19844261943035107,1.0,1.0,1.0,0.0
HBB,0.18741277765553455,0.9800377209296849,1.0,1.0,0.0
HBD,0.4783413034569813,0.08867965582723117,0.0,1.0,0.0
HBEGF,0.48882002811497294,0.17797215860063628,0.0,1.0,0.0
HBG2,0.3508205268050231,0.5442317577947593,1.0,1.0,0.0
HBP1,0.48736574515088876,0.19003353568192763,0.0,1.0,0.0
HCAR3,0.2676176375924527,1.0,1.0,1.0,0.0
HCFC2,0.47829713376647476,0.3738240571973046,0.0,1.0,0.0
HDAC1,0.6346018703293732,0.44510905589152683,1.0,1.0,0.0
HDAC6,0.559500400362821,0.09692504520115136,0.0,0.33333333333333326,0.0
HDAC7,0.5873665112602241,0.48606672141628116,0.0,0.33333333333333326,0.0
HDAC8,0.5427772985259729,0.22254299637644626,0.0,0.0,0.0
HDAC9,0.5020315650687802,0.08231108633291746,0.0,1.0,0.0
HDDC2,0.45660540657603504,0.6926096124086182,0.0,1.0,0.0
HDGF,0.6562347241811096,1.0,0.0,1.0,0.0
HDGFL3,0.6165258858136516,0.3803223135069447,0.0,0.33333333333333326,0.0
HDHD5,0.61176631014365,0.5253420568774531,0.0,1.0,0.0
HEATR1,0.605482627417866,0.23954299128046477,0.0,1.0,0.0
HEATR5A,0.46814420291218184,0.15472452401537828,0.0,1.0,0.0
HEATR6,0.6238389877856501,0.3305644667329427,0.0,0.33333333333333326,0.0
HEBP2,0.4532236047377681,0.6969539417345826,1.0,1.0,0.0
HECA,0.5029240385732606,0.15958262482722158,0.0,0.33333333333333326,0.0
HECTD1,0.5131804918090306,0.3736419979240698,0.0,1.0,0.0
HECTD3,0.46771057727435805,0.7835785990532118,0.0,0.33333333333333326,0.0
HEG1,0.5025049173088907,0.42398867808328944,0.0,1.0,0.0
HELZ,0.5160581839959009,0.08513068348084944,0.0,1.0,0.0
HEPN1,0.19259025208251446,1.0,0.0,1.0,0.0
HERC6,0.6855993212946563,0.5987270214964635,0.0,1.0,0.0
HES1,0.6818957131226486,0.227364036070945,0.0,1.0,0.0
HES4,0.672447584835628,0.5820278017376194,0.0,1.0,0.0
HEXD,0.5980226889080769,0.2542204440484128,0.0,1.0,0.0
HEY2,0.544515171584306,0.2725313598408317,0.0,0.33333333333333326,0.0
HFE,0.5253764145513163,0.059494815388151885,0.0,1.0,0.0
HGH1,0.603541019731044,0.5363822704127167,1.0,0.33333333333333326,0.0
HGS,0.6255161290283909,0.2709742567297399,0.0,0.33333333333333326,0.0
HHAT,0.6455067234029996,0.5057221556932366,0.0,0.33333333333333326,0.0
HIBADH,0.4301748401965434,0.6797703452385524,0.0,1.0,0.0
HIBCH,0.4665377660133771,0.6903211107459888,0.0,1.0,0.0
HID1,0.6411357854071089,0.44424192010246333,0.0,1.0,0.0
HIF1A,0.6021648144886195,0.2947925415258133,0.0,1.0,0.0
HIF1AN,0.5523194263791655,0.4415544106357397,0.0,0.33333333333333326,0.0
HIGD1B,0.45849348782992166,0.45801553548074525,1.0,1.0,0.0
HIGD2A,0.49040750525924304,0.171399116384935,0.0,1.0,0.0
HIKESHI,0.464935184874464,0.5573992483382161,0.0,1.0,0.0
HINT2,0.47754112824044376,0.24890090745216545,0.0,1.0,0.0
HINT3,0.33987570309786685,0.49108690512385006,0.0,1.0,0.0
HIPK2,0.477255572409925,0.9196395380607736,1.0,1.0,0.0
HIPK3,0.47384225081887327,0.9764120775178441,0.0,1.0,0.0
HIVEP2,0.5014889551475288,0.5264587661305994,0.0,0.33333333333333326,0.0
HJURP,0.6427709804149931,0.5541551553619475,0.0,1.0,0.0
HK1,0.6441301167753609,0.9526738062570544,0.0,1.0,0.0
HK2,0.46361756600851595,0.32314330383448364,1.0,1.0,0.0
HLA-DOA,0.6227186835142002,0.27046609106166575,0.0,0.33333333333333326,0.0
HLF,0.3733055645277075,1.0,1.0,1.0,0.0
HM13,0.6200601646644804,0.8044364365605274,0.0,1.0,0.0
HMCES,0.5219206317243779,0.3790430141811075,0.0,1.0,0.0
HMCN1,0.47633131398481343,0.06165933608983918,0.0,1.0,0.0
HMG20B,0.6707332303486536,0.6515414723797468,0.0,1.0,0.0
HMGA1,0.6856323164335135,0.48127221518005925,0.0,0.33333333333333326,0.0
HMGB2,0.6172314196368717,0.3141563434779272,1.0,1.0,0.0
HMGB3,0.7379421083558162,1.0,1.0,1.0,0.0
HMGCL,0.5213683266512676,0.18713605103686132,0.0,1.0,0.0
HMGCR,0.6458140334132231,0.438803327931514,1.0,1.0,0.0
HMGN1,0.6625416642208657,0.7553065423426327,1.0,1.0,0.0
HMGN3,0.5176317923881989,0.2627312612201103,0.0,0.33333333333333326,0.0
HMGXB3,0.5960848081907322,0.08881040799611177,0.0,1.0,0.0
HMGXB4,0.6254847823740924,0.38400797189789027,0.0,0.33333333333333326,0.0
HNMT,0.42882062040299007,0.5542285890839399,1.0,1.0,0.0
HNRNPA1,0.6355599025948857,0.39509390433853064,0.0,1.0,0.0
HNRNPA2B1,0.6008189925926289,0.28617453021521916,1.0,1.0,0.0
HNRNPA3,0.6417664840769747,0.4092001964775628,0.0,1.0,0.0
HNRNPAB,0.6449385741954522,0.8981088413775532,1.0,1.0,0.0
HNRNPC,0.6128037703841973,0.8578424833139656,0.0,1.0,0.0
HNRNPD,0.5640766726956574,0.10649446622135565,0.0,0.33333333333333326,0.0
HNRNPF,0.6068949090348366,0.5267270543704965,0.0,1.0,0.0
HNRNPH1,0.611472137271215,0.23761187145138585,0.0,0.33333333333333326,0.0
HNRNPH3,0.510017214674954,0.5424507696634565,0.0,0.33333333333333326,0.0
HNRNPK,0.6123006169670535,0.6166388330094704,0.0,1.0,0.0
HNRNPL,0.5847003161671007,0.1338063516738671,0.0,0.33333333333333326,0.0
HNRNPLL,0.5465449840434778,0.056251619782235564,0.0,0.0,0.0
HNRNPR,0.6014938398057047,0.2733578987426575,1.0,1.0,0.0
HNRNPU,0.5935493625168095,0.4511604723254191,0.0,1.0,0.0
HNRNPUL2,0.5441104002098696,0.23951081669183513,1.0,0.33333333333333326,0.0
HOMER1,0.6655071393760262,0.5983216198496243,1.0,1.0,0.0
HOMER2,0.5600059620850419,0.06363516107902863,0.0,0.0,0.0
HOMER3,0.6371839216689469,0.43311882575207833,0.0,0.33333333333333326,0.0
HOOK1,0.7458039643819393,0.6682199045740024,1.0,1.0,0.0
HOOK2,0.4605853034747753,0.8988194652444498,1.0,1.0,0.0
HOOK3,0.4871547238139469,0.37522941774868857,0.0,1.0,0.0
HOPX,0.6758594618678749,0.730098325505801,0.0,1.0,0.0
HOXA10,0.4333176087199385,0.5114887700700872,1.0,1.0,0.0
HOXA3,0.4135274259558339,1.0,0.0,1.0,0.0
HOXA5,0.4029534459909181,1.0,1.0,1.0,0.0
HOXA7,0.4495574642201468,0.7399022821998283,1.0,1.0,0.0
HOXB7,0.4688804203794484,0.3437011150321824,1.0,1.0,0.0
HOXC10,0.7471127439703136,1.0,0.0,1.0,0.0
HOXD4,0.4834615088315174,1.0,1.0,1.0,0.0
HOXD8,0.4256611402710617,0.5932215856142597,0.0,1.0,0.0
HP,0.42355893087989505,0.21974131797642105,0.0,1.0,0.0
HPGD,0.4586053518226864,0.14113547784917388,0.0,1.0,0.0
HPGDS,0.387955323619589,0.4700671847576332,0.0,0.33333333333333326,0.0
HPRT1,0.6534718292104229,0.9023515153513905,1.0,1.0,0.0
HPS3,0.625013446694145,0.4769913070813963,0.0,1.0,0.0
HPS6,0.5805495347719404,0.13928498021530403,0.0,0.33333333333333326,0.0
HRCT1,0.36151242719056753,0.7389157344933782,0.0,1.0,0.0
HRK,0.5532370184253885,0.16163729410853053,0.0,0.0,0.0
HS3ST3B1,0.5876947420118556,0.1249336803448184,0.0,0.0,0.0
HS6ST1,0.5986302405788069,1.0,1.0,0.33333333333333326,0.0
HSBP1,0.6240760226246819,0.44089458291029887,0.0,1.0,0.0
HSBP1L1,0.6155038504531274,0.26995418198720783,0.0,1.0,0.0
HSD11B1,0.33249666115969617,1.0,1.0,1.0,0.0
HSD11B2,0.5565509469041912,0.357981003665622,0.0,0.0,0.0
HSD17B11,0.3795529491773326,0.9919404568014314,0.0,1.0,0.0
HSD17B7,0.650235312012817,0.7028364973039576,0.0,1.0,0.0
HSDL2,0.3634822376056157,1.0,1.0,1.0,0.0
HSP90AA1,0.5826915322277318,0.32745455912134147,1.0,1.0,0.0
HSP90AB1,0.6015808774670144,0.10861305410049653,0.0,1.0,0.0
HSP90B1,0.6133051277289604,0.1645371278335559,0.0,0.33333333333333326,0.0
HSPA12A,0.33804099680969624,1.0,1.0,1.0,0.0
HSPA12B,0.4367113626878219,1.0,0.0,1.0,0.0
HSPA14,0.6185019844181594,0.6370228881636207,1.0,1.0,0.0
HSPA1L,0.6575661489054557,0.3950425862530345,0.0,0.33333333333333326,0.0
HSPA2,0.6586687972593138,0.26046138638167193,0.0,1.0,0.0
HSPA4,0.6146948481693811,0.6155435851296608,1.0,1.0,0.0
HSPA5,0.6414141906370449,0.6906362766296333,1.0,1.0,0.0
HSPB2,0.3271525654084628,1.0,1.0,1.0,0.0
HSPB6,0.31847079886008023,1.0,0.0,1.0,0.0
HSPB7,0.2805332148007337,1.0,1.0,1.0,0.0
HSPB8,0.3776391178312166,0.35887999411882837,0.0,1.0,0.0
HSPBP1,0.6441937618919242,0.8781614161545575,0.0,0.33333333333333326,0.0
HSPE1,0.6125920645197872,0.7300496513445982,0.0,1.0,0.0
HSPG2,0.46614337868547484,0.39123433176937333,0.0,1.0,0.0
HSPH1,0.6387132518324224,0.546188048116263,1.0,1.0,0.0
HTR2B,0.4513161501438314,0.12793924779536517,0.0,1.0,0.0
HTRA1,0.5058038072491696,0.13389623962991115,0.0,1.0,0.0
HTT,0.6056706979405471,0.1602328066095408,1.0,1.0,0.0
HUWE1,0.5427346674162364,0.5430501285373386,0.0,1.0,0.0
HYAL2,0.5578341142907426,0.1566412511568961,1.0,0.33333333333333326,0.0
HYCC1,0.4108476648537956,0.7353602754699166,0.0,1.0,0.0
HYI,0.5024672317789304,0.4581145890922571,1.0,1.0,0.0
HYLS1,0.6202805348162469,0.5384167126440824,0.0,1.0,0.0
HYOU1,0.6555067977387999,0.7590698167080773,0.0,0.33333333333333326,0.0
IARS1,0.6110114065192667,0.799441739136208,0.0,1.0,0.0
ICA1,0.6030090705550574,0.13265252417702408,0.0,0.33333333333333326,0.0
ICAM1,0.5099900634464424,0.030025958048915113,0.0,0.33333333333333326,0.0
ICAM2,0.4393530060494412,0.8012627607723437,1.0,1.0,0.0
ICOS,0.6024201405562392,0.09783600133984446,0.0,1.0,0.0
ID1,0.4490722668574567,0.5699992509472702,1.0,1.0,0.0
ID4,0.3848037911720768,0.8324368377642388,1.0,1.0,0.0
IDE,0.5653470965418893,0.3422344245488673,0.0,0.33333333333333326,0.0
IDH1,0.48168968931864625,0.2228225267310151,1.0,1.0,0.0
IDH2,0.6577326740818837,0.90335914154071,1.0,1.0,0.0
IDH3A,0.44484476767780695,0.44137351571293576,0.0,1.0,0.0
IDNK,0.4678742108610262,0.39246393474178315,0.0,1.0,0.0
IER3,0.7030836519395568,0.6854719160406616,1.0,1.0,0.0
IER5L,0.6238620138985226,0.5412021454232726,0.0,1.0,0.0
IFFO1,0.5072552331286443,0.2639764768754228,1.0,1.0,0.0
IFFO2,0.5704401988777442,0.14004854493507624,0.0,0.0,0.0
IFI16,0.4897030206730257,0.33974648187462275,0.0,1.0,0.0
IFI30,0.655034644570573,0.6759741116690603,1.0,1.0,0.0
IFI6,0.734504417974421,0.6553519975870833,1.0,1.0,0.0
IFIH1,0.6431725836316204,0.47755694813467453,1.0,1.0,0.0
IFIT2,0.6100327130038707,0.0,0.0,0.33333333333333326,0.0
IFNGR1,0.4973366853884024,0.3191383208020247,1.0,1.0,0.0
IFT25,0.6094800624732121,0.895476247352586,0.0,1.0,0.0
IFT27,0.5551769567984226,0.006615325064019591,0.0,0.33333333333333326,0.0
IFT81,0.6104428366729725,0.43253642692345634,1.0,1.0,0.0
IFTAP,0.4537179598564389,0.469876535118237,0.0,1.0,0.0
IGBP1,0.509083683491123,0.5408462995947005,0.0,0.33333333333333326,0.0
IGF1,0.31192112280684575,0.8279667597544272,1.0,1.0,0.0
IGF1R,0.7040853171398362,0.5042152198374785,0.0,0.33333333333333326,0.0
IGFBP2,0.6863770841413244,1.0,0.0,0.33333333333333326,0.0
IGFBP3,0.47579810482518026,0.3671704594741794,0.0,1.0,0.0
IGFBP6,0.28795504299118374,1.0,1.0,1.0,0.0
IGHMBP2,0.5543979162410245,0.18411765840683036,0.0,0.33333333333333326,0.0
IGIP,0.4408407075915622,0.707763839957828,0.0,1.0,0.0
IGSF10,0.3010862850710301,1.0,0.0,1.0,0.0
IGSF3,0.7294900480311645,0.7282280713934632,1.0,1.0,0.0
IGSF8,0.587961938393751,0.0970048828309211,0.0,1.0,0.0
IK,0.5063541643220593,0.287711446568791,0.0,1.0,0.0
IKBKE,0.5993266580974205,0.3405909137819853,0.0,1.0,0.0
IL11RA,0.42707436096247964,1.0,1.0,1.0,0.0
IL15RA,0.4691380526521247,0.681177057820149,0.0,0.33333333333333326,0.0
IL17RB,0.6834926039761483,0.2165472290706629,0.0,1.0,0.0
IL1R1,0.4770842697889014,0.4937586805498914,1.0,1.0,0.0
IL21R,0.5776591044251012,0.08077023012740321,0.0,0.0,0.0
IL2RB,0.6202110005568435,0.3262062725998072,0.0,1.0,0.0
IL33,0.3692647267361185,0.8783737408008451,1.0,1.0,0.0
IL3RA,0.5513104779453051,0.17604248897461072,0.0,0.33333333333333326,0.0
IL4I1,0.6675154139984426,0.5584983463040928,0.0,0.33333333333333326,0.0
IL6,0.43767267983094527,0.24238264324448539,1.0,1.0,0.0
IL6R,0.4864803490894222,0.3500054319687425,1.0,1.0,0.0
IL6ST,0.5020996583065722,0.03592227441165863,0.0,1.0,0.0
IL7R,0.6520995316423825,0.1634418285777285,0.0,1.0,0.0
ILF2,0.6377485870795195,0.5333116172020613,0.0,1.0,0.0
ILF3,0.6544275830189954,0.9214115218733802,0.0,0.33333333333333326,0.0
ILK,0.4984163044940594,0.36835017280766547,0.0,1.0,0.0
IMMP2L,0.4630477652279804,0.5079497959937619,0.0,1.0,0.0
INAVA,0.6855579069497364,1.0,1.0,1.0,0.0
INF2,0.5208199029923134,0.23342095566816604,0.0,1.0,0.0
ING2,0.5350311071812364,0.500807617177114,0.0,0.33333333333333326,0.0
ING3,0.5168046196679975,0.10212042341640011,0.0,1.0,0.0
INHBA,0.9469697324324874,1.0,0.0,0.33333333333333326,0.0
INHBB,0.46670101181625234,0.8509699456018998,1.0,1.0,0.0
INMT,0.3670248945500083,1.0,0.0,1.0,0.0
INO80D,0.5930486353156724,0.33123558062354025,0.0,0.33333333333333326,0.0
INO80E,0.6167991139859792,0.4686544227802936,0.0,1.0,0.0
INPP1,0.4780800015745345,0.7008550869101112,0.0,0.33333333333333326,0.0
INPP4B,0.6766191752193087,0.8195452294398579,0.0,1.0,0.0
INPP5A,0.5106248299045716,0.6224143427230682,0.0,1.0,0.0
INPP5E,0.5532291265463302,0.5853088098094211,0.0,0.33333333333333326,0.0
INPP5J,0.5994036896582204,1.0,1.0,0.33333333333333326,0.0
INPP5K,0.4652239766592676,0.5924037791535767,1.0,1.0,0.0
INTS10,0.518278278743751,0.14398715482167093,0.0,1.0,0.0
INTS13,0.6064485690089924,0.23268026495238153,1.0,1.0,0.0
INTS4,0.5987287447730856,0.04442777936676576,0.0,1.0,0.0
INTS6,0.605044679913951,0.38304883272090345,1.0,1.0,0.0
INTS7,0.633133139136665,0.8623707725492974,0.0,0.33333333333333326,0.0
INTS8,0.632415472666124,0.45885112779228904,1.0,1.0,0.0
IPO5,0.5006146545382488,0.6464668017608558,1.0,1.0,0.0
IPO8,0.5272412585757638,0.37532381673414,0.0,0.33333333333333326,0.0
IPO9,0.6565740578180764,0.389379181750211,0.0,1.0,0.0
IPPK,0.6226664149875636,0.6580553290520774,0.0,1.0,0.0
IQCE,0.6384776285878317,0.8817533205998024,0.0,1.0,0.0
IQCK,0.5963425139586678,0.6130259814374115,1.0,0.33333333333333326,0.0
IQSEC1,0.4799664488228376,0.7917738312390612,0.0,1.0,0.0
IRAK1,0.6263274054038623,0.49198317902783284,0.0,0.33333333333333326,0.0
IRF2BP2,0.6364613268691033,0.6369091403408339,0.0,1.0,0.0
IRF3,0.6267337889522806,0.7458450756480486,0.0,1.0,0.0
IRF6,0.7258658624981686,0.6392956633881616,1.0,1.0,0.0
IRF7,0.6773473827221439,0.8626356455323266,1.0,1.0,0.0
IRF9,0.660603576479456,0.5502179606443647,0.0,1.0,0.0
IRS1,0.41809907715650085,0.46933748769413935,0.0,1.0,0.0
IRS2,0.3660940164602504,1.0,1.0,1.0,0.0
IRX3,0.7521702844561075,0.3217907279869303,0.0,1.0,0.0
IRX5,0.7246358179333579,0.621999379394934,1.0,1.0,0.0
ISCA1,0.4930561742259765,0.44050147548881985,1.0,1.0,0.0
ISCA2,0.5458003094729108,0.12993481852644867,0.0,0.0,0.0
ISCU,0.46981950928731187,0.6795296189810996,1.0,1.0,0.0
ISG15,0.7226761992301319,0.6993888799562777,1.0,1.0,0.0
ISG20,0.6892281069445652,0.5409653262368278,0.0,1.0,0.0
ISG20L2,0.6803756676275264,0.9407757467677905,0.0,0.33333333333333326,0.0
ISM1,0.3978861081524794,0.7458587009493901,0.0,1.0,0.0
ISOC1,0.5025651796300082,0.012308821596939894,0.0,1.0,0.0
IST1,0.6046889649736382,0.17947523736236687,0.0,0.33333333333333326,0.0
ITGA1,0.4006227057916217,1.0,1.0,1.0,0.0
ITGA4,0.6346548902822142,0.3164094840909045,0.0,1.0,0.0
ITGA7,0.25429854480502834,1.0,1.0,1.0,0.0
ITGA9,0.42509710356365726,0.8574259667693085,0.0,1.0,0.0
ITGAE,0.4694234305031309,0.8558335892342233,0.0,1.0,0.0
ITGB1,0.505773430387075,0.6219363073578108,1.0,1.0,0.0
ITGB1BP1,0.3650094423494181,1.0,1.0,1.0,0.0
ITGB4,0.5773247150894641,0.7497865407896181,1.0,0.33333333333333326,0.0
ITGBL1,0.6489137458866965,0.32925555710870036,0.0,0.33333333333333326,0.0
ITIH4,0.5493958184753199,0.276844702807998,0.0,0.0,0.0
ITIH5,0.22553677659699697,1.0,1.0,1.0,0.0
ITM2A,0.3819510708897636,1.0,1.0,1.0,0.0
ITM2B,0.4832504028330119,0.41415226860166854,0.0,1.0,0.0
ITPA,0.6232489500042145,0.8608603981681643,0.0,0.33333333333333326,0.0
ITPK1,0.4569401194972738,0.4722307588848383,0.0,1.0,0.0
ITPKB,0.5571247792326772,0.28202066523231145,1.0,0.33333333333333326,0.0
ITSN1,0.37387263105965407,1.0,1.0,1.0,0.0
ITSN2,0.5027027874552779,1.0,0.0,1.0,0.0
IVNS1ABP,0.6090710943850506,0.09763911273469328,0.0,1.0,0.0
JADE1,0.4607143430557596,1.0,1.0,1.0,0.0
JADE2,0.569856934676102,0.1160532275374939,0.0,0.33333333333333326,0.0
JADE3,0.6451825503415201,0.5261480082942057,0.0,1.0,0.0
JAG2,0.5894907412283165,0.7801060623347129,0.0,0.33333333333333326,0.0
JAK1,0.4764093996563422,0.8174209058427452,1.0,1.0,0.0
JAK3,0.6420253702355065,0.1870842070323328,0.0,0.33333333333333326,0.0
JAM2,0.3993439902332591,0.9984356814242298,0.0,1.0,0.0
JARID2,0.6325949647236179,0.3993325862387702,0.0,0.33333333333333326,0.0
JAZF1,0.3967967274156654,0.7616071812552165,0.0,1.0,0.0
JCAD,0.480219899777247,0.593099726249836,1.0,1.0,0.0
JDP2,0.47818249459987283,0.29393899868213685,0.0,1.0,0.0
JHY,0.4442486658479454,0.9081315409163359,1.0,1.0,0.0
JMJD4,0.6367784654120738,1.0,0.0,0.33333333333333326,0.0
JMJD6,0.5875370029719394,0.0464162957562775,0.0,1.0,0.0
JPT1,0.712859678663852,1.0,1.0,1.0,0.0
JPT2,0.7028736591298848,1.0,0.0,0.33333333333333326,0.0
JRKL,0.466713033039202,0.33476987766943705,0.0,1.0,0.0
JTB,0.6012170561036078,0.8865354235770921,1.0,1.0,0.0
JUN,0.4590461376803368,0.4550289333357757,1.0,1.0,0.0
JUNB,0.48661448065837165,0.09853421541111852,1.0,1.0,0.0
JUND,0.4916323583745519,0.27525519288051176,0.0,1.0,0.0
JUP,0.6676071288085411,0.8372863560359983,1.0,1.0,0.0
KALRN,0.5101622754049451,0.9729872465331895,1.0,1.0,0.0
KANK1,0.36010721583182786,1.0,1.0,1.0,0.0
KANK2,0.42061714203770145,1.0,1.0,1.0,0.0
KANK3,0.3789778176483019,1.0,0.0,1.0,0.0
KANK4,0.3153652515680003,0.5630009522368314,0.0,1.0,0.0
KANSL2,0.6199993268950938,0.46233649859420467,0.0,0.33333333333333326,0.0
KANSL3,0.5797006975786726,1.0,0.0,0.33333333333333326,0.0
KAT2B,0.4080915168745697,1.0,1.0,1.0,0.0
KATNAL1,0.4187031956341249,1.0,0.0,1.0,0.0
KATNIP,0.622850631272318,0.5547073304770302,0.0,0.33333333333333326,0.0
KAZALD1,0.5630703611644533,0.24042804806826373,0.0,0.0,0.0
KCNA3,0.5474571796032214,0.03516723218037658,0.0,0.0,0.0
KCNAB1,0.3370879148266897,1.0,0.0,0.33333333333333326,0.0
KCND3,0.4829465023729468,0.1606982892557641,0.0,1.0,0.0
KCNE3,0.39100652386713985,0.4856908955513569,0.0,1.0,0.0
KCNE4,0.72787688838213,0.49849363714014006,0.0,0.33333333333333326,0.0
KCNF1,0.5620571852433942,0.17153888683872615,0.0,0.0,0.0
KCNIP2,0.14979307604046913,1.0,0.0,1.0,0.0
KCNJ8,0.3820418706049279,0.8936794882637582,1.0,1.0,0.0
KCNK1,0.7751621595334816,0.966169157060471,0.0,1.0,0.0
KCNK5,0.6231234890775881,0.29759009768897043,0.0,1.0,0.0
KCNMB1,0.5298929722364344,0.28098643478242047,0.0,0.33333333333333326,0.0
KCNS3,0.684706069826432,0.7723886101771212,1.0,1.0,0.0
KCTD1,0.6398896912683646,0.26560027024878796,0.0,1.0,0.0
KCTD10,0.49063546190197127,0.5536529537211194,0.0,1.0,0.0
KCTD12,0.45011172764312984,0.877302101842447,1.0,1.0,0.0
KCTD15,0.7180388563898377,1.0,0.0,0.33333333333333326,0.0
KCTD18,0.5107333341873483,0.11463571812123786,0.0,1.0,0.0
KCTD20,0.5033961740456241,0.2512287549172873,0.0,1.0,0.0
KCTD3,0.6324018477262646,0.10637435045324425,0.0,0.33333333333333326,0.0
KCTD5,0.6562316405484256,1.0,1.0,1.0,0.0
KCTD7,0.5167715808152509,0.21980849868477267,0.0,1.0,0.0
KCTD9,0.4573345702330382,0.4345412293764304,0.0,1.0,0.0
KDELR1,0.5975400696734774,0.15182744099739204,0.0,0.33333333333333326,0.0
KDELR2,0.6304570723561872,0.7331931620712812,0.0,1.0,0.0
KDF1,0.6507833098601756,0.5795282936553703,0.0,1.0,0.0
KDM1A,0.5980002153859255,0.2572389932001045,1.0,1.0,0.0
KDM2B,0.6195734148251929,0.3293148412726875,0.0,1.0,0.0
KDM3B,0.5283224111618143,0.35147196333633807,0.0,1.0,0.0
KDM4B,0.6722347406509462,0.6541079958348954,1.0,1.0,0.0
KDM5A,0.5937176325204562,0.03220854988552613,0.0,0.33333333333333326,0.0
KDM5B,0.6603233403341372,0.7942578878085097,1.0,1.0,0.0
KDM7A,0.5584354301499713,0.21815290062288734,0.0,0.33333333333333326,0.0
KDR,0.472203859137511,0.931317255214801,0.0,1.0,0.0
KHDC4,0.6610725877951411,1.0,1.0,1.0,0.0
KHK,0.5922689230269684,0.17147736217323112,0.0,1.0,0.0
KIAA0232,0.5285370684585344,0.08203768683221467,0.0,1.0,0.0
KIAA0319L,0.6510119872395029,0.5872246265709437,0.0,0.33333333333333326,0.0
KIAA0513,0.6031962373041472,0.1797956401837118,0.0,1.0,0.0
KIAA0586,0.5458779364856967,0.11470982628297607,0.0,0.33333333333333326,0.0
KIAA0753,0.6162220571685983,0.3983614824963404,0.0,0.33333333333333326,0.0
KIAA1671,0.6079057745896638,0.35402965857279617,0.0,0.0,0.0
KIAA1958,0.6983620414126793,1.0,0.0,1.0,0.0
KIAA2013,0.602674635142231,0.8369459808609292,0.0,1.0,0.0
KIDINS220,0.5277203112349509,0.07709435639835008,0.0,0.33333333333333326,0.0
KIF11,0.6837578454044221,0.6437870585654631,0.0,1.0,0.0
KIF1C,0.5003807378630749,0.5344086245420993,0.0,1.0,0.0
KIF20A,0.7067020741527208,0.8474512827751651,0.0,1.0,0.0
KIF21A,0.6258892771835474,0.5210873668178795,0.0,1.0,0.0
KIF22,0.6791678080661809,0.7204974568775058,0.0,0.33333333333333326,0.0
KIF23,0.6603408147305422,0.6038565589912032,0.0,1.0,0.0
KIF25,0.49318904271896413,0.6425263160154705,0.0,1.0,0.0
KIF26A,0.4860568072140026,0.7351691174166879,0.0,1.0,0.0
KIF2C,0.6958466293039408,0.9218514196551912,1.0,0.33333333333333326,0.0
KIF5C,0.6519588315913581,0.9153554915242377,1.0,1.0,0.0
KIF9,0.6310186612473557,0.2538798615402181,0.0,1.0,0.0
KIFC1,0.6555431617509873,0.7395127264595656,0.0,1.0,0.0
KIFC2,0.6702696752065315,0.7673940215695965,0.0,1.0,0.0
KIZ,0.48257832361781416,0.6486376362992899,0.0,1.0,0.0
KLB,0.08306094310093255,1.0,0.0,1.0,0.0
KLC1,0.508559405881149,1.0,0.0,0.33333333333333326,0.0
KLF10,0.4713268747121575,0.45917782109813826,0.0,1.0,0.0
KLF11,0.44360247329889824,1.0,1.0,1.0,0.0
KLF13,0.4776151653621659,0.832749313253035,1.0,1.0,0.0
KLF15,0.36219542458533904,1.0,0.0,1.0,0.0
KLF2,0.3992371890627906,0.9090203468551017,1.0,1.0,0.0
KLF3,0.48109028240494767,0.5396804072864758,1.0,1.0,0.0
KLF4,0.3145975721428758,1.0,1.0,1.0,0.0
KLF6,0.45269047344238816,0.4893327339623563,0.0,1.0,0.0
KLF7,0.5061452093615965,0.4897975034212557,1.0,1.0,0.0
KLF8,0.44582711068864705,0.9196457262786629,0.0,1.0,0.0
KLF9,0.4433084560829447,0.9688074213764102,1.0,1.0,0.0
KLHDC8A,0.5344872061863954,0.1415482704836285,0.0,0.0,0.0
KLHDC8B,0.42491193349214146,1.0,0.0,1.0,0.0
KLHDC9,0.6471352178120732,0.40237687267500444,0.0,1.0,0.0
KLHL11,0.5694403860518437,0.15379476596207795,1.0,0.33333333333333326,0.0
KLHL12,0.609863983570481,0.3519425233764255,0.0,1.0,0.0
KLHL13,0.4019240678739635,0.5911620969069036,0.0,1.0,0.0
KLHL2,0.5067877814084595,0.34111765202706473,0.0,1.0,0.0
KLHL20,0.5134243040756614,0.16121027840806887,0.0,1.0,0.0
KLHL21,0.46868803460157504,1.0,1.0,1.0,0.0
KLHL29,0.38251643049668405,1.0,0.0,0.33333333333333326,0.0
KLHL31,0.16612718778611021,1.0,0.0,1.0,0.0
KLHL36,0.48645586761976556,1.0,0.0,1.0,0.0
KLHL41,0.5496303865683341,0.08113893800646627,0.0,0.0,0.0
KLHL42,0.6239824819438716,0.4702190757176927,0.0,1.0,0.0
KLHL5,0.41797992501014264,0.5517430756559649,0.0,1.0,0.0
KLHL7,0.49953745336690486,0.19397047599113704,0.0,0.33333333333333326,0.0
KMT2A,0.5070677192725747,0.556121780273938,0.0,0.33333333333333326,0.0
KMT2D,0.607010270655169,0.674687223904325,0.0,0.33333333333333326,0.0
KNOP1,0.7038448483762499,0.7404301145867156,0.0,1.0,0.0
KPNA1,0.5302618011390158,0.1737342953473478,0.0,0.33333333333333326,0.0
KPNA2,0.6667893922953266,1.0,1.0,1.0,0.0
KPNA3,0.5043284806572054,0.29942563709919506,0.0,1.0,0.0
KPNA4,0.49610202232176337,0.2522312859595013,0.0,1.0,0.0
KPNB1,0.5949105040283448,0.23403576873956866,0.0,1.0,0.0
KPTN,0.5930470080399973,0.3626793016895937,0.0,1.0,0.0
KRABD5,0.6033278591457446,0.467558614971076,0.0,1.0,0.0
KRAS,0.6453308906846289,0.7475841635051957,0.0,1.0,0.0
KRCC1,0.5037370314095937,0.1892831596021451,0.0,1.0,0.0
KRI1,0.5860593484007873,0.29138393916780436,1.0,0.33333333333333326,0.0
KRT14,0.49770231223046607,0.19444983406966065,0.0,0.33333333333333326,0.0
KRT15,0.6155160955007338,0.267050941165163,1.0,0.33333333333333326,0.0
KRT17,0.6099217172625004,0.3873054095181269,1.0,0.33333333333333326,0.0
KRT18,0.8968917654429623,1.0,1.0,1.0,0.0
KRT19,1.0,1.0,1.0,1.0,0.0
KRT7,0.8949959290065572,0.9707738811795015,0.0,1.0,0.0
KRT8,0.8009471346599242,1.0,1.0,1.0,0.0
KRTCAP2,0.6115048936791297,0.43034914121306556,0.0,1.0,0.0
KRTCAP3,0.7375256803897282,1.0,0.0,1.0,0.0
LAD1,0.6509752413209947,0.522097221522669,0.0,0.33333333333333326,0.0
LAGE3,0.6865802009638279,1.0,0.0,1.0,0.0
LAIR1,0.40185787163298275,0.40546550743590365,0.0,1.0,0.0
LAMA2,0.3972522986734767,1.0,1.0,1.0,0.0
LAMA3,0.5118582324685228,0.4994875655985527,0.0,0.33333333333333326,0.0
LAMA4,0.36539507896700324,1.0,1.0,1.0,0.0
LAMB1,0.479651493113371,0.24399062541058011,0.0,1.0,0.0
LAMB2,0.48512380820519835,0.46749424692548586,0.0,1.0,0.0
LAMC1,0.4458496366234832,1.0,1.0,1.0,0.0
LAMC2,0.5711108177599896,0.18874221286448192,0.0,0.33333333333333326,0.0
LAMP5,0.7057422859209546,1.0,0.0,1.0,0.0
LAMTOR3,0.5721359894731688,0.18803083447116337,1.0,0.33333333333333326,0.0
LANCL1,0.5034742042131054,0.11903533223721725,0.0,1.0,0.0
LAPTM4B,0.672732288654858,0.4275982105745133,1.0,1.0,0.0
LARGE2,0.6157142082893565,0.8181814006907668,0.0,1.0,0.0
LARP4B,0.6227709056256514,0.45548661675670554,0.0,0.33333333333333326,0.0
LARP6,0.34453233138846384,1.0,1.0,1.0,0.0
LARP7,0.5015425318508304,0.30543265903989414,0.0,1.0,0.0
LARS2,0.6152532185010823,0.3492697884052816,0.0,1.0,0.0
LAS1L,0.5912600046744919,0.22402490502729666,0.0,1.0,0.0
LATS2,0.43489167542789425,0.5308793360033435,0.0,1.0,0.0
LCK,0.6252172726780404,0.10838014127677739,1.0,1.0,0.0
LCLAT1,0.6563362426925772,0.5332461181416138,0.0,1.0,0.0
LCMT1,0.6394898318772244,0.8379226656664976,0.0,1.0,0.0
LCOR,0.6436290421148446,0.5853272474488577,0.0,0.33333333333333326,0.0
LCORL,0.6045582860237507,0.21465481382942028,0.0,1.0,0.0
LDAH,0.5061265790255851,0.09048450760776781,0.0,1.0,0.0
LDB1,0.6392386192292154,0.8026325848078597,0.0,0.33333333333333326,0.0
LDB2,0.37056048854755097,1.0,1.0,1.0,0.0
LDHB,0.40482547110535777,1.0,1.0,1.0,0.0
LDLRAD3,0.6109451074444434,0.016349845003736107,0.0,1.0,0.0
LDLRAP1,0.6016714591706734,0.2901779281935066,0.0,1.0,0.0
LEF1,0.7345644716629114,1.0,1.0,1.0,0.0
LEFTY1,0.5169298138955297,0.07612807472193461,0.0,1.0,0.0
LEMD2,0.5941398065400433,1.0,0.0,1.0,0.0
LEMD3,0.5935497588766154,0.18581085399005118,0.0,1.0,0.0
LENG8,0.5398533619027974,0.45107951840264043,0.0,0.0,0.0
LEO1,0.6209010100282638,0.5635969594821166,0.0,1.0,0.0
LEP,0.02081708531405242,1.0,1.0,1.0,0.0
LEPROT,0.5085900143500813,0.8281192777304816,0.0,1.0,0.0
LETMD1,0.45839998435451934,1.0,0.0,0.33333333333333326,0.0
LGALS1,0.44253539290926686,0.4103046898664753,1.0,1.0,0.0
LGALS12,0.1705933288857252,1.0,0.0,1.0,0.0
LGALS3,0.4747068638258418,0.3953547568297209,1.0,1.0,0.0
LGALS8,0.5580652256294605,0.004007495002525914,0.0,0.33333333333333326,0.0
LGALSL,0.519121366341241,0.19544292663300503,0.0,1.0,0.0
LGMN,0.45758784177136325,0.4039221014846059,1.0,1.0,0.0
LGR4,0.4477773923342934,0.4310086231063226,0.0,1.0,0.0
LHFPL6,0.3637238221696903,1.0,1.0,1.0,0.0
LHPP,0.53700052875144,0.05728195715566892,0.0,1.0,0.0
LHX1,0.5397459852681461,0.06721384968864876,0.0,0.0,0.0
LHX6,0.45898252498159586,1.0,1.0,1.0,0.0
LIFR,0.31054304304108604,1.0,0.0,1.0,0.0
LIG1,0.6813279081902374,0.8716245713855253,0.0,0.33333333333333326,0.0
LIG3,0.5997064685235972,1.0,1.0,0.33333333333333326,0.0
LILRB5,0.4015878546209744,0.8779664702089945,0.0,1.0,0.0
LIMA1,0.4792999698510888,0.9405646656013799,1.0,1.0,0.0
LIMCH1,0.44103349733093794,1.0,1.0,1.0,0.0
LIMD1,0.576063700757903,0.3041681303015632,1.0,0.33333333333333326,0.0
LIMK2,0.7018661328727486,1.0,0.0,1.0,0.0
LIMS2,0.49336977529832854,1.0,0.0,1.0,0.0
LIMS4,0.4704434057410561,0.6712465192449383,0.0,1.0,0.0
LIN7A,0.4595356715006247,0.38209802843376356,0.0,1.0,0.0
LINS1,0.5863453700112322,0.2414077240868254,0.0,0.33333333333333326,0.0
LIPE,0.1927737313274796,0.983576087882314,0.0,1.0,0.0
LIPT1,0.4910728018986857,0.3932930147505027,1.0,1.0,0.0
LIX1L,0.4114312939810357,0.9210276403496319,0.0,1.0,0.0
LLGL1,0.5817308702397798,0.45352502136869993,0.0,0.33333333333333326,0.0
LLGL2,0.7132747849041216,1.0,1.0,1.0,0.0
LMAN2,0.6268010952419247,0.7129240376757869,0.0,1.0,0.0
LMBR1,0.6058760614843833,0.22642014690545795,0.0,1.0,0.0
LMBR1L,0.5830945711960466,0.6574504568107731,0.0,0.33333333333333326,0.0
LMBRD1,0.437136798952726,0.629996008316556,0.0,1.0,0.0
LMCD1,0.4923967908477503,0.46923189087166967,0.0,1.0,0.0
LMLN,0.6747983958524834,0.950274942104317,0.0,1.0,0.0
LMNB1,0.7338548637382807,1.0,0.0,1.0,0.0
LMNB2,0.6917735104632261,1.0,0.0,0.33333333333333326,0.0
LMO2,0.45572580452469164,0.7702169380452176,1.0,1.0,0.0
LMO3,0.32282854006817935,0.948171907468321,1.0,1.0,0.0
LMOD1,0.39776952721011055,1.0,1.0,1.0,0.0
LNPEP,0.46829299387647444,0.4768617713371527,1.0,1.0,0.0
LNX1,0.5713508860432761,0.0614945372742557,0.0,0.0,0.0
LNX2,0.6307839896012464,0.45565909407686156,0.0,1.0,0.0
LONRF1,0.4907895324932226,0.3473574517123094,1.0,1.0,0.0
LOXL4,0.45384152724021243,0.461599749264747,0.0,1.0,0.0
LPAR1,0.418610510272021,0.6419192134350732,0.0,1.0,0.0
LPAR2,0.7141595537333368,0.8271786797402364,0.0,1.0,0.0
LPAR6,0.4472146620629567,0.6782538287740817,0.0,1.0,0.0
LPCAT1,0.6581764721309812,0.647551041284925,1.0,1.0,0.0
LPCAT4,0.5642971299344768,0.7755389450621482,0.0,0.33333333333333326,0.0
LPIN1,0.4739131675681722,0.36479059133812486,1.0,1.0,0.0
LPL,0.17099999083426656,1.0,1.0,1.0,0.0
LPP,0.4971135340888364,0.5200871767704539,0.0,1.0,0.0
LPXN,0.6228440193296608,0.2175111805002108,0.0,0.33333333333333326,0.0
LRATD2,0.7322069189300988,0.8289926872415446,0.0,1.0,0.0
LRBA,0.6526770307856106,0.36677666574415896,0.0,1.0,0.0
LRCH3,0.49522963616687926,0.7273896769395921,0.0,1.0,0.0
LRG1,0.6858128365114118,0.48248949676428765,0.0,1.0,0.0
LRIF1,0.6152972671128882,0.2041564430897231,0.0,1.0,0.0
LRIG2,0.5890274228938582,0.4635932438789038,0.0,0.33333333333333326,0.0
LRMDA,0.4576422812683702,0.42582232592015284,0.0,1.0,0.0
LRP1,0.42276976576630876,0.27690723408163764,0.0,1.0,0.0
LRP1B,0.3875775686611996,0.34165411194133705,0.0,1.0,0.0
LRP3,0.4980508343086586,0.18308233399052726,0.0,1.0,0.0
LRRC1,0.7596607584032654,1.0,0.0,1.0,0.0
LRRC15,0.8837517399542187,1.0,0.0,1.0,0.0
LRRC28,0.50198142952966,0.47702806624672295,0.0,1.0,0.0
LRRC32,0.48784401800354604,0.4284344557367872,1.0,1.0,0.0
LRRC59,0.6617438031699614,1.0,0.0,1.0,0.0
LRRC8D,0.622505683858878,0.5472407705702836,1.0,1.0,0.0
LRRD1,0.640376253144826,0.2375718552374035,0.0,0.33333333333333326,0.0
LRRFIP1,0.6020737357825013,0.1231864832436733,1.0,1.0,0.0
LRRN3,0.3499840901471632,1.0,1.0,1.0,0.0
LRRN4CL,0.20052616807589316,1.0,0.0,1.0,0.0
LSG1,0.6241515340322548,0.8877601758442782,0.0,0.33333333333333326,0.0
LSM10,0.5211614317151726,0.35746525042904964,0.0,0.0,0.0
LSM2,0.6065919736571864,0.11881828298553465,0.0,1.0,0.0
LSM3,0.5359900767144583,0.2894311341630708,0.0,0.33333333333333326,0.0
LSM4,0.6414786989456935,0.9665398593099773,0.0,1.0,0.0
LSM6,0.4643912648410815,0.7060628817435526,0.0,1.0,0.0
LSM7,0.628048205563942,0.4973759285684919,0.0,1.0,0.0
LSR,0.7761610485737837,0.8876494024242061,0.0,1.0,0.0
LSS,0.5039968342895619,0.5342927953342375,0.0,1.0,0.0
LTB,0.622029845227847,0.13267008265916885,1.0,1.0,0.0
LTBP4,0.4903712875924954,0.8646510178709249,0.0,0.33333333333333326,0.0
LTF,0.7912216218418772,0.4283144581095732,0.0,0.33333333333333326,0.0
LUC7L3,0.6378424513045782,0.3056962464088171,0.0,0.33333333333333326,0.0
LXN,0.5507242169089592,0.11497557847274262,0.0,0.33333333333333326,0.0
LY6E,0.7054284352769816,1.0,0.0,1.0,0.0
LY75,0.6454791668536429,0.16987769809798556,0.0,1.0,0.0
LYPD3,0.6764453951947836,0.6048988687322409,0.0,0.33333333333333326,0.0
LYPLA1,0.6344198827391764,0.9184866350518753,1.0,1.0,0.0
LYPLA2,0.6147138186387477,1.0,0.0,0.33333333333333326,0.0
LYRM1,0.45488890509414226,0.5949317189988614,1.0,1.0,0.0
LYRM7,0.43936704964864515,0.8653734417618221,0.0,1.0,0.0
LYVE1,0.23355053674311385,1.0,1.0,1.0,0.0
M6PR,0.5863196776124568,0.052542650715459084,0.0,1.0,0.0
MACROH2A1,0.6351281869007691,1.0,1.0,1.0,0.0
MACROH2A2,0.628721102661143,0.45667413936828277,1.0,1.0,0.0
MAD2L1,0.7516713808898066,1.0,0.0,1.0,0.0
MADD,0.5941322051579869,0.16024836124053596,0.0,1.0,0.0
MAF,0.4289824233957582,0.778883844660469,1.0,1.0,0.0
MAFF,0.44022353011174503,0.42927995905619465,1.0,1.0,0.0
MAFG,0.5673629611111913,0.18264605304940087,0.0,0.33333333333333326,0.0
MAFK,0.5746969506305959,0.1284134143808493,0.0,0.33333333333333326,0.0
MAGEA6,0.5533229117602982,0.08255225165148306,0.0,0.0,0.0
MAGED1,0.6724589953921737,0.9539372981558651,0.0,1.0,0.0
MAGED2,0.6859384343388564,0.5204833996526584,1.0,1.0,0.0
MAGEF1,0.6395013715068817,0.7904313184102089,1.0,1.0,0.0
MAGI2,0.46869027766632787,0.4118844640488719,0.0,1.0,0.0
MAGI3,0.6395996861826508,0.5214099511774797,0.0,1.0,0.0
MAGOHB,0.5967931794988715,0.1445035185118849,0.0,0.33333333333333326,0.0
MAGT1,0.6083851616828063,0.13351072212082488,0.0,1.0,0.0
MAL2,0.6948878988675943,0.1599252247631823,0.0,1.0,0.0
MALL,0.48883724918642846,0.7633593516927882,0.0,0.33333333333333326,0.0
MAMDC2,0.2113590861525764,1.0,0.0,1.0,0.0
MAML2,0.39226960041852144,0.7665552204237828,0.0,1.0,0.0
MAMLD1,0.5143276809699542,0.07568057494553987,0.0,1.0,0.0
MAN1A1,0.4193550761201509,0.8946981988682933,1.0,1.0,0.0
MAN1B1,0.6332547162044194,0.7801769760473483,0.0,0.33333333333333326,0.0
MAN1C1,0.4605335498922825,0.36383907094449325,0.0,1.0,0.0
MAN2A2,0.48380550937463906,1.0,0.0,1.0,0.0
MAN2C1,0.505124359101905,0.5922318807085454,0.0,1.0,0.0
MANEA,0.47755800633335005,0.14594311948728847,0.0,0.33333333333333326,0.0
MANF,0.6375832404445465,1.0,0.0,1.0,0.0
MAOA,0.1634727308602239,1.0,1.0,1.0,0.0
MAOB,0.35497363590839104,0.7182448184882688,0.0,1.0,0.0
MAP1A,0.4878798735196506,0.676085315270908,1.0,1.0,0.0
MAP1B,0.4187233070502622,0.6873323390534832,0.0,1.0,0.0
MAP1LC3A,0.53113006163954,0.009470597985055578,0.0,1.0,0.0
MAP1LC3B,0.4743042270855956,0.3723297056066363,0.0,1.0,0.0
MAP2K1,0.4630398019450922,0.4823997220539753,0.0,1.0,0.0
MAP2K7,0.5606969543794731,0.3584729708616507,0.0,0.33333333333333326,0.0
MAP3K1,0.6289881151380855,0.2608611052487927,0.0,1.0,0.0
MAP3K13,0.6155801864274303,0.1841990878862998,0.0,0.33333333333333326,0.0
MAP3K2,0.5545255299014644,0.13778292958109006,0.0,0.33333333333333326,0.0
MAP3K20,0.3298597449150801,1.0,0.0,1.0,0.0
MAP3K5,0.47095735974485115,0.6547236980410558,1.0,1.0,0.0
MAP3K8,0.45544912106634367,0.16237807978980776,0.0,1.0,0.0
MAP3K9,0.6283213591045503,0.5523260475930308,0.0,0.0,0.0
MAP4,0.4765056937072327,1.0,1.0,1.0,0.0
MAP4K4,0.4905869874864816,0.47337517687545977,0.0,1.0,0.0
MAP7,0.7132042139484062,0.4168315494448365,0.0,0.33333333333333326,0.0
MAP7D1,0.42934884288654745,0.8064597967996661,1.0,1.0,0.0
MAP7D3,0.4436247743523487,1.0,1.0,1.0,0.0
MAPK10,0.3981547886572782,1.0,1.0,1.0,0.0
MAPK13,0.7748804554909593,1.0,0.0,1.0,0.0
MAPK14,0.5272246441282608,0.20145824701845289,0.0,1.0,0.0
MAPK6,0.6253223655018458,0.4020215510036759,0.0,0.33333333333333326,0.0
MAPK8,0.6136659998235929,0.17874958988269815,0.0,0.33333333333333326,0.0
MAPKAPK2,0.6570645574055576,1.0,0.0,1.0,0.0
MAPKAPK3,0.611501745061241,0.582242543336637,0.0,0.33333333333333326,0.0
MARCHF2,0.41888600766688006,0.40215676129923045,0.0,1.0,0.0
MARCHF9,0.6089315082279785,0.3015263151209818,0.0,1.0,0.0
MARCKSL1,0.7286050009916053,1.0,1.0,1.0,0.0
MARCO,0.4131717691031775,0.49756611611560336,0.0,1.0,0.0
MARK1,0.4316643969048151,0.8268833542682557,0.0,1.0,0.0
MARVELD2,0.8160323143871959,0.5518418372877906,0.0,1.0,0.0
MARVELD3,0.7344328381951793,0.9187896718349761,0.0,1.0,0.0
MAST2,0.6222229370068253,0.422660775320319,0.0,0.33333333333333326,0.0
MAST4,0.48004127155956294,0.15362843375435833,0.0,1.0,0.0
MAU2,0.574453404329536,0.49777436612188597,0.0,0.33333333333333326,0.0
MAZ,0.6638885943935638,0.7679813246279488,0.0,0.33333333333333326,0.0
MB,0.7883520726127615,0.8834427733384872,0.0,0.33333333333333326,0.0
MBD2,0.48191499737712246,0.6869953450551068,1.0,1.0,0.0
MBD4,0.6408190119290371,0.5938427931015954,0.0,1.0,0.0
MBD6,0.648464716662157,0.8808163877185253,0.0,1.0,0.0
MBNL1,0.4601461942542297,0.7175062801272912,0.0,1.0,0.0
MBNL2,0.41951672261240347,1.0,0.0,1.0,0.0
MBNL3,0.3949351556689687,1.0,0.0,1.0,0.0
MBOAT2,0.729019920940309,0.9028308447551773,0.0,0.33333333333333326,0.0
MBOAT7,0.6829077269356922,1.0,0.0,0.33333333333333326,0.0
MBTPS2,0.5494080715631091,0.10654855467646897,0.0,0.33333333333333326,0.0
MCAM,0.3494484221198294,1.0,1.0,1.0,0.0
MCC,0.4805516649757704,0.634058819991963,0.0,1.0,0.0
MCCC1,0.4593459538086594,0.45861754366115226,1.0,1.0,0.0
MCF2L,0.5745669126389428,0.6334004995466724,0.0,0.33333333333333326,0.0
MCFD2,0.5067509220411855,0.13322932558970438,0.0,1.0,0.0
MCM2,0.7038010617868572,1.0,1.0,1.0,0.0
MCM3,0.6127176809256456,0.49093371372686967,0.0,1.0,0.0
MCM4,0.7309589965595584,1.0,0.0,0.33333333333333326,0.0
MCM5,0.6448594571183931,0.6693856793905211,0.0,0.33333333333333326,0.0
MCM6,0.6221648842751287,0.7820218049205563,0.0,1.0,0.0
MCM9,0.6176543562869101,0.48642608378716834,0.0,0.33333333333333326,0.0
MCOLN3,0.4636255669946377,0.3825089726916879,0.0,1.0,0.0
MCTP1,0.44012537864051104,0.49982539308297763,0.0,1.0,0.0
MCTS1,0.5526400522668525,0.3785784921449458,0.0,0.33333333333333326,0.0
MDFIC,0.39627646542689604,0.9334939978211165,1.0,1.0,0.0
MDH1,0.4077944298068734,0.6388801784401853,0.0,1.0,0.0
MDK,0.725830439843717,1.0,1.0,1.0,0.0
MDM2,0.6076049003346458,0.9863820780620953,1.0,0.33333333333333326,0.0
MDN1,0.5489893399179403,0.5171764273282797,0.0,0.33333333333333326,0.0
ME1,0.3445042145587208,0.6009155480587326,1.0,1.0,0.0
ME3,0.4585161870311338,0.4451237951869895,1.0,1.0,0.0
MEAF6,0.6101063343355783,0.20019342829574627,0.0,1.0,0.0
MECOM,0.4582341882297078,0.9395753122942095,0.0,1.0,0.0
MECR,0.4653481143257354,0.2819838031192556,0.0,0.33333333333333326,0.0
MED1,0.6270149824642607,0.7798136578163523,1.0,1.0,0.0
MED12,0.5729286102658021,0.2981357349346431,0.0,0.33333333333333326,0.0
MED14,0.6024539871745502,0.48916045216420756,0.0,0.33333333333333326,0.0
MED16,0.6449160305057637,0.5848448924508663,0.0,0.33333333333333326,0.0
MED19,0.6106470715220026,0.30757416006091914,0.0,1.0,0.0
MED20,0.5920795477070975,0.17910581603310685,0.0,1.0,0.0
MED23,0.622685957633817,0.580923170684121,0.0,1.0,0.0
MED25,0.5834057117658407,0.35859873344441967,0.0,0.33333333333333326,0.0
MED27,0.5888402216569695,0.4430670741008756,0.0,0.33333333333333326,0.0
MED31,0.5528328499733813,0.3407446051634651,0.0,0.33333333333333326,0.0
MED7,0.49692987485852325,0.5694039141379598,0.0,1.0,0.0
MEF2A,0.5040750424777234,0.41356420482736395,0.0,1.0,0.0
MEF2C,0.48407997662510505,0.40959423672825435,1.0,1.0,0.0
MEGF6,0.5514523265819552,0.37822688052662556,0.0,0.33333333333333326,0.0
MEGF8,0.5044620451081471,0.43066588387152904,0.0,0.33333333333333326,0.0
MEIS1,0.4478074330892919,0.563094250506695,0.0,1.0,0.0
MEIS2,0.3771177383168544,0.6691768239044954,0.0,1.0,0.0
MEIS3,0.610622017421449,0.45814520743230663,0.0,1.0,0.0
MELK,0.7920801357792784,1.0,1.0,1.0,0.0
MEN1,0.6404887350208537,0.5048572906541647,0.0,0.33333333333333326,0.0
MEOX1,0.3677914316736515,1.0,1.0,1.0,0.0
MEOX2,0.2478886086691049,1.0,1.0,1.0,0.0
MESD,0.6027414783131443,0.2606539696795582,0.0,1.0,0.0
MESP1,0.37181776038529896,0.5970684021880326,0.0,1.0,0.0
MEST,0.3655286137177949,1.0,1.0,1.0,0.0
MET,0.41788317161521693,1.0,0.0,1.0,0.0
METRN,0.6986310965927609,1.0,0.0,1.0,0.0
METTL1,0.6404098183134264,0.8457362916714508,0.0,0.33333333333333326,0.0
METTL13,0.6037673066044875,0.37083643786554094,0.0,0.33333333333333326,0.0
METTL22,0.5178279916017328,0.028099486494792273,0.0,1.0,0.0
METTL25B,0.5984531387252635,0.054330985008827305,0.0,0.33333333333333326,0.0
METTL5,0.4883540774135859,0.4519386195967968,1.0,1.0,0.0
METTL8,0.5726278218152643,0.2339580335600017,0.0,0.33333333333333326,0.0
MEX3C,0.6166242973223797,0.1519231016298889,0.0,1.0,0.0
MEX3D,0.5780608417726906,0.7603591912200767,0.0,0.0,0.0
MFAP2,0.7154471135738341,0.6754735681631616,0.0,1.0,0.0
MFAP4,0.3613024964179778,0.9529414278290221,1.0,1.0,0.0
MFAP5,0.37474162495413965,0.536805588310828,1.0,1.0,0.0
MFN2,0.5244172065147081,0.19821994178333088,0.0,1.0,0.0
MFNG,0.4814962730665268,0.6499282436780871,1.0,1.0,0.0
MFSD12,0.6112506932320079,0.26343163548963605,0.0,0.33333333333333326,0.0
MFSD6,0.6530536302179614,0.3935093450638582,0.0,0.33333333333333326,0.0
MGAT3,0.5007457224144245,0.8420598787822444,0.0,1.0,0.0
MGAT4A,0.6953801516740457,0.8306559843550689,0.0,0.33333333333333326,0.0
MGAT4B,0.642183105539211,0.40572960382143936,0.0,0.33333333333333326,0.0
MGLL,0.3394007271975458,1.0,1.0,1.0,0.0
MGME1,0.6406565879688021,0.5484571683509574,0.0,1.0,0.0
MGRN1,0.6017227293921157,0.43149205801284013,0.0,1.0,0.0
MGST1,0.3608692717474334,0.8729415998353474,0.0,1.0,0.0
MGST3,0.46103282627961945,0.38238560566280805,1.0,1.0,0.0
MICAL1,0.6423537732644489,0.18374926502302452,0.0,1.0,0.0
MICAL2,0.7730140119361892,1.0,0.0,1.0,0.0
MICAL3,0.5141161261389562,1.0,0.0,0.33333333333333326,0.0
MICALL2,0.7132308645558004,0.7350401319108791,0.0,1.0,0.0
MICB,0.6684734860058,0.6254516371191752,1.0,1.0,0.0
MICU2,0.5580771662276082,0.012399736537553179,0.0,0.33333333333333326,0.0
MID1,0.5362993425858065,1.0,1.0,0.33333333333333326,0.0
MID1IP1,0.4990065814719652,0.17170668876514533,1.0,1.0,0.0
MID2,0.47462103391420124,1.0,1.0,1.0,0.0
MIEN1,0.6282303392795466,0.3595939611262026,0.0,1.0,0.0
MIER2,0.5160962018495795,0.15497917245951734,0.0,0.33333333333333326,0.0
MIF,0.6909620271493699,1.0,1.0,1.0,0.0
MIF4GD,0.5659615568834715,0.3771923194923702,0.0,0.0,0.0
MINPP1,0.6200892120744977,0.4495591605558725,0.0,1.0,0.0
MIS18A,0.6239474873381055,0.6213219878980062,1.0,1.0,0.0
MISP,0.648723053354984,1.0,0.0,1.0,0.0
MITF,0.43691000905309385,0.9434345323464257,1.0,1.0,0.0
MKLN1,0.4819968732432509,0.6255193276235597,0.0,1.0,0.0
MKNK1,0.5039579491092677,0.5983590431156106,0.0,1.0,0.0
MKNK2,0.5171682884841965,0.2193295747648949,0.0,1.0,0.0
MLLT11,0.7077365443327561,0.7539190569367744,0.0,0.33333333333333326,0.0
MLLT3,0.5566371677197363,0.05551597104946148,0.0,0.33333333333333326,0.0
MLLT6,0.60472617306303,1.0,0.0,0.0,0.0
MLPH,0.7308550449514138,0.6479628907328936,1.0,1.0,0.0
MLST8,0.6213574189351253,0.2968897306350559,0.0,1.0,0.0
MLX,0.4978381311526411,0.22660744960270882,0.0,0.33333333333333326,0.0
MLXIPL,0.4672858920165286,0.6079314297764932,1.0,1.0,0.0
MLYCD,0.4746889202011226,0.6257438591793973,0.0,1.0,0.0
MMD,0.28587012788698296,1.0,1.0,1.0,0.0
MME,0.2833147668141133,1.0,1.0,1.0,0.0
MMEL1,0.6907202931772393,1.0,0.0,1.0,0.0
MMGT1,0.45084612441405425,0.7999750363873891,0.0,1.0,0.0
MMP1,0.76899373293932,1.0,0.0,1.0,0.0
MMP11,0.8470025591778972,1.0,0.0,1.0,0.0
MMP13,0.6639617879599772,0.8096196595675939,0.0,1.0,0.0
MMP14,0.6088123260526929,0.30426499803653,0.0,0.33333333333333326,0.0
MMP28,0.481155858386322,0.8156391288935644,1.0,1.0,0.0
MMP3,0.6780761838184712,0.570430861777495,1.0,1.0,0.0
MMP9,0.7737603411185758,0.36836581503932647,0.0,1.0,0.0
MMRN2,0.34782873713732326,1.0,0.0,1.0,0.0
MN1,0.47347612088195046,0.261119938434218,1.0,1.0,0.0
MNT,0.5727994474451784,0.20120062515845438,0.0,0.33333333333333326,0.0
MNX1,0.6608740840020808,0.38160734450762257,0.0,1.0,0.0
MOB3B,0.394393531891227,1.0,0.0,1.0,0.0
MOB3C,0.4547072586339623,1.0,0.0,1.0,0.0
MOCS1,0.40948198865853663,1.0,1.0,1.0,0.0
MOGS,0.632900689467887,1.0,0.0,0.33333333333333326,0.0
MORC2,0.6395032827400644,1.0,0.0,0.33333333333333326,0.0
MORF4L1,0.5131033051959623,0.38506870727057724,0.0,1.0,0.0
MORF4L2,0.6148585070087507,0.6149496181425484,0.0,1.0,0.0
MOV10,0.655016474876994,0.5568844081410014,0.0,1.0,0.0
MPC1,0.46363486107577606,0.8970148631099077,1.0,1.0,0.0
MPC2,0.5537822403300657,0.19549655384525763,0.0,0.33333333333333326,0.0
MPDZ,0.46097206028655907,1.0,1.0,1.0,0.0
MPEG1,0.3949555373174977,0.4197460822884347,0.0,1.0,0.0
MPG,0.5993309610653487,0.2418745814777904,0.0,0.33333333333333326,0.0
MPHOSPH10,0.5909031889933877,0.12869475591571167,1.0,1.0,0.0
MPHOSPH6,0.6186180088493477,0.4141034384143133,0.0,1.0,0.0
MPLKIP,0.5565369094398812,0.4610123717253872,0.0,0.0,0.0
MPP1,0.46377341803188377,0.41972200653506714,0.0,1.0,0.0
MPRIP,0.4896716567963122,1.0,1.0,1.0,0.0
MPST,0.5060733753674748,0.1809855025480029,1.0,1.0,0.0
MPV17L2,0.583073685172324,0.6142991694777218,0.0,1.0,0.0
MPZL2,0.6751432990838264,0.5458366369605231,0.0,0.33333333333333326,0.0
MRAP,0.1329910562042436,1.0,0.0,1.0,0.0
MRAS,0.3475354547089682,1.0,1.0,1.0,0.0
MRC1,0.3550611251705595,0.7303429247480547,1.0,1.0,0.0
MREG,0.682545133639388,0.4733354335407589,0.0,1.0,0.0
MRGBP,0.6091976574568486,0.40503916331541684,1.0,1.0,0.0
MRGPRF,0.3558221779225273,0.6985785586504749,0.0,1.0,0.0
MRM2,0.603727947331204,0.26700364073266786,0.0,1.0,0.0
MROH1,0.6206693010573424,0.35099444325639373,0.0,1.0,0.0
MROH6,0.606759488000577,0.27191184130409635,0.0,1.0,0.0
MRPL10,0.5069079121299319,0.19643297703646895,0.0,1.0,0.0
MRPL12,0.6140800803899179,0.29679027977081457,0.0,0.33333333333333326,0.0
MRPL13,0.6436941192954739,1.0,0.0,0.33333333333333326,0.0
MRPL14,0.6514732610435504,1.0,0.0,1.0,0.0
MRPL16,0.5134750776588438,0.5358682293070076,1.0,1.0,0.0
MRPL17,0.6145450821239506,0.8285750693006747,0.0,1.0,0.0
MRPL2,0.4553575381335537,0.3195174340412888,0.0,1.0,0.0
MRPL28,0.5907038100606357,0.1980658342573965,0.0,1.0,0.0
MRPL3,0.6009008880099065,1.0,0.0,1.0,0.0
MRPL35,0.5442453628969861,0.3217761198778825,0.0,0.33333333333333326,0.0
MRPL36,0.5441866705579692,0.13725899911194592,0.0,0.0,0.0
MRPL46,0.48664048741675425,0.29035588909368437,0.0,1.0,0.0
MRPL49,0.6019070851262869,0.3050251230373346,0.0,1.0,0.0
MRPL50,0.5450097842089909,0.12738332006224246,0.0,0.0,0.0
MRPL55,0.6014643903233133,0.3497653184885284,0.0,1.0,0.0
MRPL58,0.6176747859358656,0.35164753330650406,0.0,1.0,0.0
MRPL9,0.6045880499938212,0.40292307953479534,0.0,1.0,0.0
MRPS21,0.5842564732961376,0.09705789342410191,0.0,1.0,0.0
MRPS26,0.6081413984832282,0.3488449718406551,0.0,1.0,0.0
MRPS27,0.5224002187141675,0.06566971619712114,1.0,1.0,0.0
MRPS30,0.6483897372921442,0.35732268842493736,1.0,1.0,0.0
MRPS31,0.5583590078650877,0.14343508503304664,0.0,0.33333333333333326,0.0
MRPS33,0.5510276164803217,0.058185934223190024,0.0,0.33333333333333326,0.0
MRPS34,0.6268847959644624,0.42565148283727944,0.0,0.33333333333333326,0.0
MRRF,0.6013281613547912,0.5253375361836099,0.0,1.0,0.0
MRTFA,0.5685602242137284,0.8172111400818205,0.0,0.33333333333333326,0.0
MS4A4A,0.4142494146706903,0.43486577207824695,1.0,1.0,0.0
MSANTD2,0.5506530505811136,0.14043584258928085,0.0,0.33333333333333326,0.0
MSANTD3,0.604224428999381,0.3488664724300747,0.0,1.0,0.0
MSANTD4,0.4646434826016202,0.2866265481924913,0.0,1.0,0.0
MSH3,0.507266928151606,0.6356962339943486,0.0,1.0,0.0
MSH6,0.6182273726511113,0.4040964644102368,1.0,1.0,0.0
MSI2,0.7237848398692487,0.6565284763385467,0.0,1.0,0.0
MSMO1,0.6418967111363014,0.5449910797589025,1.0,1.0,0.0
MSN,0.5008313175006203,0.28401508150295995,0.0,1.0,0.0
MSRA,0.43303772692662323,0.9759062365959866,0.0,1.0,0.0
MSRB1,0.6105727448559463,0.3067433552149256,0.0,0.33333333333333326,0.0
MSRB3,0.35184261402839273,0.6703195615631585,0.0,1.0,0.0
MSX1,0.38719336323895653,1.0,1.0,1.0,0.0
MT-CO1,0.5277291296248002,0.34079015242157096,0.0,1.0,0.0
MT-ND2,0.5128263103259938,0.33388275969229136,0.0,1.0,0.0
MT-ND4,0.5341211454398056,0.10334979577374809,0.0,1.0,0.0
MT1E,0.49140258963655714,0.4519711579266871,1.0,1.0,0.0
MT1H,0.4840893290563053,0.3641117603304428,1.0,1.0,0.0
MT1HL1,0.4805639756811524,0.5356822883001608,1.0,1.0,0.0
MT1M,0.35980169761321845,1.0,1.0,1.0,0.0
MT1X,0.44458709955372555,0.8136486771161467,1.0,1.0,0.0
MT2A,0.5218821364087841,0.13781446889591265,0.0,1.0,0.0
MTA2,0.5404000374909258,0.16099429504481072,0.0,0.0,0.0
MTA3,0.6085022014972143,0.4025877859272601,0.0,1.0,0.0
MTARC1,0.3092810738435018,1.0,1.0,1.0,0.0
MTARC2,0.45563880491542647,0.4999414824246179,0.0,1.0,0.0
MTDH,0.6038944189458878,0.14115606238062506,0.0,1.0,0.0
MTERF3,0.602715589113137,0.4263339506378766,0.0,1.0,0.0
MTF1,0.5578551579370361,0.21709635554796253,0.0,0.33333333333333326,0.0
MTF2,0.6101786656518569,0.23210084129671332,0.0,1.0,0.0
MTFP1,0.6566525026059832,0.857221208293975,0.0,1.0,0.0
MTFR1,0.6192872739421865,0.41309890218831413,0.0,1.0,0.0
MTFR1L,0.47426328504945253,0.39213305603597487,0.0,1.0,0.0
MTG1,0.6329656368508355,0.6075904218996199,0.0,0.33333333333333326,0.0
MTHFD1,0.44595822884951375,0.8168538614238096,1.0,1.0,0.0
MTHFD2,0.7207153334429911,1.0,1.0,1.0,0.0
MTHFD2L,0.6171731710284113,0.15512798424100382,0.0,0.33333333333333326,0.0
MTIF3,0.46288047478782673,0.9359206875206454,0.0,1.0,0.0
MTMR1,0.6242735731321942,0.6036209440687474,1.0,1.0,0.0
MTMR10,0.4290217508156335,1.0,0.0,1.0,0.0
MTMR11,0.585619841857331,0.12789779381411098,0.0,0.33333333333333326,0.0
MTMR12,0.5005407739618891,0.3712886441549861,1.0,1.0,0.0
MTMR2,0.4974637490309613,0.2988794845549784,0.0,1.0,0.0
MTMR3,0.5317200629585691,0.26962306253280693,0.0,1.0,0.0
MTMR4,0.6198675053053695,1.0,0.0,0.33333333333333326,0.0
MTMR9,0.5104561818321247,0.35408419502100213,1.0,1.0,0.0
MTPAP,0.6027153387112024,0.24750010516009788,1.0,1.0,0.0
MTRES1,0.5089547093777844,0.31081060422767376,0.0,1.0,0.0
MTREX,0.5126955595298075,0.09436674029595134,0.0,0.33333333333333326,0.0
MTURN,0.18627591836149385,1.0,0.0,1.0,0.0
MUC1,0.8928042964691187,0.6486505524082812,0.0,1.0,0.0
MX1,0.6997145755986834,0.4257628465688793,0.0,1.0,0.0
MXD3,0.6138245397897182,0.6257050695793754,0.0,0.33333333333333326,0.0
MXI1,0.4903813560755648,0.26891401876435755,0.0,1.0,0.0
MXRA5,0.6689112575827282,0.27522049663743786,1.0,1.0,0.0
MXRA7,0.4401239350471026,1.0,1.0,1.0,0.0
MXRA8,0.4803427882770106,0.22331978711118675,1.0,1.0,0.0
MYB,0.7788289853455249,0.8974295035740866,1.0,1.0,0.0
MYBL1,0.6719185152886887,0.28254722584200687,0.0,1.0,0.0
MYBL2,0.6750696211143224,0.4899589568045321,0.0,0.33333333333333326,0.0
MYCBP2,0.4611013561783663,0.8016394751544095,0.0,1.0,0.0
MYCT1,0.421094456538889,1.0,1.0,1.0,0.0
MYD88,0.6194420907771034,0.35050882955657897,0.0,1.0,0.0
MYDGF,0.6400719233719276,0.9169749388224563,0.0,1.0,0.0
MYEF2,0.676822954643133,0.8712340798206019,0.0,1.0,0.0
MYH10,0.4910613905299607,0.6295553636649791,0.0,1.0,0.0
MYH11,0.41979797713846295,0.890880357035172,0.0,1.0,0.0
MYH14,0.5539291689263142,0.060435237976205654,0.0,0.33333333333333326,0.0
MYL9,0.39672087200881484,0.6160965637929041,1.0,1.0,0.0
MYO15B,0.5297971893637089,0.5935305425269466,1.0,0.33333333333333326,0.0
MYO16,0.4153145523213596,0.3662122219401274,0.0,1.0,0.0
MYO19,0.6807298362660207,0.8728616101221126,0.0,1.0,0.0
MYO1B,0.5634927892912038,0.036295341994104904,0.0,0.33333333333333326,0.0
MYO1C,0.4408380836019692,0.6481224882065203,0.0,1.0,0.0
MYO1D,0.6520095567885887,0.2732669441952192,0.0,0.33333333333333326,0.0
MYO5A,0.5013042125806144,0.17322333878959137,0.0,1.0,0.0
MYO5B,0.7875056773203136,0.7229010020871672,0.0,1.0,0.0
MYO6,0.6953691521868037,0.5715220860602452,1.0,1.0,0.0
MYO9A,0.4883225532972542,0.669645300400671,0.0,1.0,0.0
MYOM1,0.33401109698395104,1.0,0.0,1.0,0.0
MYOM2,0.4988166658896637,0.17906351631786085,0.0,1.0,0.0
MYZAP,0.3026441824947197,1.0,1.0,1.0,0.0
MZB1,0.6020793511626977,0.031188586894288786,0.0,0.33333333333333326,0.0
MZT2A,0.6190747181263365,0.5808349192254433,1.0,1.0,0.0
MZT2B,0.6548150171613784,0.3002681252285741,0.0,1.0,0.0
N4BP2L1,0.4672893326145966,0.4885500389613403,0.0,1.0,0.0
N4BP2L2,0.6247321808401717,0.7755025641637704,0.0,0.33333333333333326,0.0
NAA15,0.634964043913289,0.1771427601070032,0.0,1.0,0.0
NAA25,0.6606103060256053,0.487293242808067,0.0,1.0,0.0
NAA30,0.5043805048316641,0.16439002358162305,0.0,1.0,0.0
NAA35,0.6272308450303231,0.24972792179767356,0.0,1.0,0.0
NAA60,0.6157575104091432,0.43896317080692543,0.0,0.33333333333333326,0.0
NAALAD2,0.3445319924721981,0.6070787621725947,0.0,1.0,0.0
NAALADL1,0.5008187816399248,0.6490728059689896,0.0,1.0,0.0
NAB1,0.4749503391063189,1.0,1.0,1.0,0.0
NABP1,0.4750982252165392,0.2634119418495882,0.0,1.0,0.0
NABP2,0.5517129189868233,0.1385269662364439,0.0,0.33333333333333326,0.0
NACA,0.5072781617493485,0.6176063135416676,0.0,0.33333333333333326,0.0
NACC2,0.4399565201595693,0.5842619145373844,0.0,1.0,0.0
NADK,0.5096049413001332,0.7024933101066347,0.0,1.0,0.0
NADSYN1,0.6380685552287425,0.6993400213326129,0.0,1.0,0.0
NAGA,0.5837114485655117,0.2776165865862131,1.0,0.33333333333333326,0.0
NAGK,0.6152829367064477,0.31290694826702276,0.0,1.0,0.0
NAIP,0.66574316835343,0.2196177326157525,0.0,1.0,0.0
NANOS1,0.458298925830293,0.2701462873571732,0.0,1.0,0.0
NANS,0.6685166554531533,1.0,1.0,1.0,0.0
NAP1L4,0.6138001417002418,0.3824394006579055,0.0,1.0,0.0
NAP1L5,0.4204372258344488,0.4110746450261608,0.0,1.0,0.0
NAT1,0.7188778398628656,0.45856570841751954,1.0,1.0,0.0
NAT10,0.6458078947794379,1.0,0.0,0.33333333333333326,0.0
NAT14,0.717127668751259,1.0,0.0,1.0,0.0
NAT8L,0.3851354161906895,1.0,0.0,1.0,0.0
NAT9,0.6146899693171602,0.6550796329275433,0.0,0.33333333333333326,0.0
NATD1,0.3347076251770414,1.0,0.0,1.0,0.0
NAV2,0.5707344056225166,0.4581583573327529,1.0,0.33333333333333326,0.0
NAV3,0.435272429723671,0.48828033107321056,1.0,1.0,0.0
NAXE,0.6572252345814714,0.8178875540879889,0.0,1.0,0.0
NBAS,0.5135372376258177,0.299452708256161,0.0,1.0,0.0
NBDY,0.5979450232575841,0.37789417974967127,0.0,1.0,0.0
NBEAL2,0.6328952099102927,1.0,0.0,1.0,0.0
NBL1,0.5705245589933198,0.009359308361243214,0.0,0.33333333333333326,0.0
NBPF26,0.5682097905425967,0.07209116764117031,0.0,0.33333333333333326,0.0
NBR1,0.5239510764649606,0.031228051729002768,0.0,0.33333333333333326,0.0
NCALD,0.45948203637252183,0.5797499620908579,0.0,1.0,0.0
NCAM1,0.5090858433581216,0.1926468005299401,0.0,1.0,0.0
NCAPD3,0.606106730120737,0.2213848286440412,0.0,0.33333333333333326,0.0
NCF2,0.4746956791017839,0.10206248088024224,0.0,1.0,0.0
NCF4,0.4732738185681751,0.160811642930615,0.0,1.0,0.0
NCK1,0.5099282413957407,0.436216501188519,0.0,1.0,0.0
NCOA1,0.5048799095427724,0.1956561576374564,0.0,0.33333333333333326,0.0
NCOA4,0.47630740484744943,0.621791288962862,0.0,1.0,0.0
NCOA5,0.6301394560219021,0.6993922007895935,0.0,1.0,0.0
NCOA7,0.4478357833828024,0.657824964355776,0.0,1.0,0.0
NCOR2,0.586433693475107,0.888389215579768,0.0,0.33333333333333326,0.0
NCSTN,0.6066614314143681,0.2977334486111131,0.0,1.0,0.0
NDC1,0.6339039154654278,0.39089520479914247,0.0,0.33333333333333326,0.0
NDC80,0.7217683863238439,0.8364987819694352,1.0,1.0,0.0
NDE1,0.6287077907288637,0.657530696533502,1.0,1.0,0.0
NDEL1,0.5047514201260249,0.5243761811947713,1.0,1.0,0.0
NDN,0.3519272136234743,1.0,1.0,1.0,0.0
NDOR1,0.6130321042829588,0.5843685713626496,0.0,0.33333333333333326,0.0
NDRG1,0.4787754021203208,0.4558253497759208,1.0,1.0,0.0
NDRG2,0.41176337397878493,1.0,0.0,1.0,0.0
NDUFA2,0.5311753164349429,0.1554891913120276,1.0,0.33333333333333326,0.0
NDUFA6,0.5300136220665825,0.31935604108005583,0.0,0.33333333333333326,0.0
NDUFAB1,0.5548922594701295,0.19041230863771239,0.0,0.33333333333333326,0.0
NDUFAF1,0.476372854053927,0.6093125766338802,0.0,1.0,0.0
NDUFAF3,0.49911796877919384,0.2559609638358638,1.0,1.0,0.0
NDUFB3,0.5610801361961445,0.4164400870169667,0.0,0.33333333333333326,0.0
NDUFB8,0.5149792020993342,0.17576993710167005,0.0,1.0,0.0
NDUFS3,0.542000902539142,0.06762659149795597,0.0,0.33333333333333326,0.0
NDUFS4,0.4822809378783193,0.582323687061296,1.0,1.0,0.0
NDUFS6,0.5881879959222438,0.22800831696080484,0.0,1.0,0.0
NDUFV2,0.5268452513893105,0.3319243247648003,0.0,0.33333333333333326,0.0
NEBL,0.7720858449939797,0.5080906299792984,0.0,1.0,0.0
NECAB3,0.6407472200854581,0.33824034625636834,0.0,1.0,0.0
NECTIN2,0.7129245397586356,1.0,0.0,1.0,0.0
NECTIN4,0.6847868160643915,1.0,0.0,1.0,0.0
NEDD4,0.5131921676661133,0.0662851246092905,0.0,0.33333333333333326,0.0
NEDD9,0.4929577601389143,0.30377042888943956,1.0,1.0,0.0
NEGR1,0.31750721518527,0.6079022572846893,0.0,1.0,0.0
NEK1,0.5124548117736225,0.223774223015014,0.0,1.0,0.0
NEK2,0.8164255432138904,1.0,0.0,0.33333333333333326,0.0
NEK7,0.43437056032743293,1.0,1.0,1.0,0.0
NEK9,0.5096608550432532,0.4210405402012528,0.0,1.0,0.0
NELFB,0.6032413205906314,0.1921145824780765,0.0,0.33333333333333326,0.0
NELFCD,0.6099562111021761,0.3935705295079822,0.0,1.0,0.0
NELL2,0.6933707542839594,0.411897227817888,0.0,0.33333333333333326,0.0
NEMP1,0.6273579381828513,0.3332061269434408,0.0,0.33333333333333326,0.0
NETO2,0.6693693243132447,0.6054046342926261,1.0,1.0,0.0
NEU1,0.6252327144632563,0.49112602481813944,0.0,1.0,0.0
NEU3,0.6118674398255919,0.26693346157534925,0.0,0.33333333333333326,0.0
NEURL1B,0.5646669199581105,0.8035963157729201,0.0,0.0,0.0
NEXN,0.37954752203999126,0.573437154795397,0.0,1.0,0.0
NFATC1,0.4963709430468995,0.26539386920517305,0.0,1.0,0.0
NFATC2IP,0.6357183165455731,0.6114683017236219,0.0,1.0,0.0
NFE2L2,0.49389058665121605,0.27825705548205143,0.0,0.33333333333333326,0.0
NFIA,0.4318999216034048,0.47649884376102103,0.0,1.0,0.0
NFIB,0.4150227782539736,0.9352553863457153,0.0,1.0,0.0
NFIL3,0.4292710828245434,0.43647350943932517,1.0,1.0,0.0
NFIX,0.4847289722854977,0.44351296914237714,0.0,1.0,0.0
NFKB2,0.5851651632157711,0.5915751927164684,0.0,0.33333333333333326,0.0
NFKBIE,0.6661506502925026,0.7115747928898256,0.0,1.0,0.0
NFRKB,0.5816803959978771,0.516137158341318,0.0,0.33333333333333326,0.0
NFU1,0.4631801587095683,0.49759704335513055,1.0,1.0,0.0
NFYA,0.6417282894494245,1.0,0.0,0.33333333333333326,0.0
NFYB,0.49208698304105564,0.33508842407942924,0.0,1.0,0.0
NHERF1,0.7515634590180148,0.8728384098919335,0.0,1.0,0.0
NHLRC2,0.4564837336084905,0.8952627835499837,0.0,1.0,0.0
NHLRC3,0.4708040422963771,0.3243980726587624,0.0,1.0,0.0
NHP2,0.6419634593513825,0.7220361592212317,1.0,1.0,0.0
NHSL3,0.7336462802057159,1.0,0.0,1.0,0.0
NIBAN1,0.4968303473388591,0.07032221811128152,0.0,1.0,0.0
NIBAN2,0.6918722345196308,0.793428456752458,0.0,1.0,0.0
NICOL1,0.6423704769019676,0.48862240641381005,0.0,1.0,0.0
NID1,0.4027907115153342,0.5383933137138264,0.0,1.0,0.0
NID2,0.45803421329114224,0.07622119663923745,0.0,1.0,0.0
NIFK,0.6195366512741651,0.4797081234449944,0.0,1.0,0.0
NINL,0.5832870202095084,1.0,0.0,0.33333333333333326,0.0
NIPA2,0.6065503870544335,0.5309034017782825,0.0,1.0,0.0
NIPAL3,0.6030539469121857,0.7026492118477637,0.0,0.33333333333333326,0.0
NIPSNAP1,0.6664284891478218,0.7823757345458285,0.0,0.33333333333333326,0.0
NIPSNAP3A,0.4747872312653907,0.14059194414678494,0.0,1.0,0.0
NIPSNAP3B,0.34469599124203815,1.0,1.0,1.0,0.0
NISCH,0.5422725533676092,0.5252531303470092,0.0,0.33333333333333326,0.0
NKD2,0.6024058479031764,0.44550559989336963,0.0,1.0,0.0
NKIRAS1,0.46949011376817285,0.35482248974026326,0.0,1.0,0.0
NKRF,0.5910912121897803,0.30393333032798125,0.0,1.0,0.0
NLK,0.6274905892051011,0.2751721534651955,0.0,1.0,0.0
NLRX1,0.5039425248093743,0.7089505515598507,1.0,1.0,0.0
NMB,0.354697628889332,1.0,1.0,1.0,0.0
NME1,0.6519724589038066,1.0,1.0,1.0,0.0
NME3,0.6641588798213774,0.32763944252297855,0.0,1.0,0.0
NME7,0.7151918464249575,0.47801760950900024,0.0,1.0,0.0
NMNAT2,0.4198879991402921,1.0,0.0,1.0,0.0
NMNAT3,0.4959418460496987,0.11864560055770317,0.0,1.0,0.0
NMRAL1,0.658556528920864,1.0,0.0,1.0,0.0
NMRK1,0.4561277003175801,0.45080464866993664,0.0,1.0,0.0
NMT2,0.3338263919314925,1.0,1.0,1.0,0.0
NNAT,0.41382246703294856,0.6737525816777347,0.0,1.0,0.0
NNT,0.4410929150104204,0.26038076710863917,0.0,1.0,0.0
NOAZFP,0.49478721983651586,0.24389678284976016,0.0,1.0,0.0
NOC2L,0.6104385445571144,0.42142644780069505,0.0,1.0,0.0
NOC3L,0.5845398585795908,0.010160207159957123,0.0,1.0,0.0
NOL11,0.6163943214644346,0.534788892069313,0.0,1.0,0.0
NOL12,0.48376482806608756,0.24334832786813984,0.0,0.33333333333333326,0.0
NOL6,0.6116439841345027,0.38031149381441454,0.0,0.33333333333333326,0.0
NOLC1,0.6196053894056771,0.4594265515386421,1.0,1.0,0.0
NOMO3,0.6168790726130654,1.0,0.0,1.0,0.0
NOP10,0.5251963437809289,0.20829215967680434,1.0,0.33333333333333326,0.0
NOP16,0.632768787082853,0.832924233507314,0.0,0.33333333333333326,0.0
NOP2,0.6434119803811933,0.6640554164345618,0.0,1.0,0.0
NOP58,0.6459956556791956,0.7736925834901642,0.0,1.0,0.0
NOSTRIN,0.4702303436694325,0.20532383122085726,0.0,1.0,0.0
NOTCH3,0.5369052705640084,0.3452864712281147,0.0,0.33333333333333326,0.0
NOTCH4,0.46534539769265265,1.0,0.0,1.0,0.0
NOVA1,0.3989321903307417,0.5618483210763505,1.0,1.0,0.0
NOXA1,0.6206455977073803,0.33277548596888645,0.0,1.0,0.0
NPHP3,0.4548203176124512,0.9611205212400761,0.0,1.0,0.0
NPIPA1,0.5980669505013123,0.6283450688397659,0.0,0.33333333333333326,0.0
NPIPA5,0.6842526594199874,1.0,0.0,1.0,0.0
NPM1,0.581868027377461,0.028993956373355716,0.0,1.0,0.0
NPNT,0.81883527974869,1.0,0.0,1.0,0.0
NPR1,0.4534437636774723,1.0,1.0,1.0,0.0
NPR2,0.4139165291071776,1.0,0.0,0.33333333333333326,0.0
NPR3,0.30155026908353755,1.0,1.0,1.0,0.0
NPRL2,0.600622979619409,0.18424614358708372,0.0,0.33333333333333326,0.0
NPTXR,0.5603714595304062,0.5223692708042763,0.0,0.0,0.0
NPY1R,0.4107209203949306,0.24269788948464224,1.0,1.0,0.0
NPY5R,0.4268442917356603,0.515433575353533,1.0,1.0,0.0
NQO1,0.45386452438985314,0.09492106975645062,0.0,1.0,0.0
NQO2,0.4534309223511858,0.6192557634350853,1.0,1.0,0.0
NR1D2,0.4639683690453817,0.34974019134964807,0.0,0.33333333333333326,0.0
NR1H3,0.4274711106827171,0.5462396833525798,1.0,1.0,0.0
NR2C1,0.4919460367285235,0.4885248197739825,0.0,1.0,0.0
NR2C2AP,0.6314090059482331,0.7226506830674364,0.0,1.0,0.0
NR2F6,0.6372412258657716,0.18958785728391564,1.0,1.0,0.0
NR3C1,0.42701624301995944,1.0,1.0,1.0,0.0
NR3C2,0.40832709701032066,1.0,1.0,1.0,0.0
NR4A1,0.46901935411970574,0.2698711268657276,1.0,1.0,0.0
NR6A1,0.5615722142881407,0.15165565036317485,0.0,0.0,0.0
NRDE2,0.5450838007996741,0.21186681753061767,0.0,0.0,0.0
NREP,0.6546821109165795,0.7273100173464183,1.0,1.0,0.0
NRF1,0.5681132427099437,0.265804457766263,0.0,0.33333333333333326,0.0
NRIP3,0.678466286239685,0.262853181694412,0.0,0.33333333333333326,0.0
NRN1,0.33043628523822854,0.9697522594291962,1.0,1.0,0.0
NRP1,0.40490286155077776,0.8086465154560647,1.0,1.0,0.0
NRP2,0.46689487169872984,0.24062212214331874,0.0,1.0,0.0
NRSN2,0.6034212476875918,0.5537010884682225,0.0,0.33333333333333326,0.0
NSA2,0.48982204362845205,0.8295825105802908,0.0,0.33333333333333326,0.0
NSD2,0.6316495405955986,0.5908345611349267,1.0,1.0,0.0
NSD3,0.5669592151672797,0.09769029229644453,0.0,0.33333333333333326,0.0
NSMCE4A,0.48092144750691435,0.3418163572392922,0.0,1.0,0.0
NSUN2,0.6122937048328102,0.259619860233363,0.0,1.0,0.0
NSUN5,0.620554812060201,0.6931305372417562,0.0,0.33333333333333326,0.0
NSUN6,0.6118302117289907,0.6317860370262929,0.0,0.33333333333333326,0.0
NSUN7,0.6038541280356368,1.0,0.0,0.0,0.0
NT5E,0.39893134337232694,0.6730918542324552,0.0,1.0,0.0
NTAN1,0.48602918816033996,0.36728877466064086,1.0,1.0,0.0
NTAQ1,0.6285786187783553,0.5208317043587783,1.0,1.0,0.0
NTHL1,0.6258151975762951,0.5839842548270892,1.0,1.0,0.0
NTMT1,0.6053175677773083,0.6210934645503969,0.0,1.0,0.0
NTN1,0.5544415329785235,0.22452669937507888,0.0,0.0,0.0
NTRK2,0.19586819569086425,1.0,0.0,1.0,0.0
NTRK3,0.5152611897236402,0.09867241414467115,0.0,1.0,0.0
NUAK1,0.46191045924916174,0.44050400652412103,1.0,1.0,0.0
NUAK2,0.5717770338172232,0.3877766662095342,0.0,0.0,0.0
NUBP2,0.6032277907960119,0.38219635669488944,0.0,0.33333333333333326,0.0
NUBPL,0.4694984757587715,0.28216046438617115,1.0,1.0,0.0
NUCB2,0.6301244774711217,0.3443386057249944,1.0,1.0,0.0
NUCKS1,0.6104538905694464,0.3471613329972979,0.0,1.0,0.0
NUDT16L1,0.6603470084841623,0.9719794139328772,0.0,1.0,0.0
NUDT17,0.5894228330184327,0.4087181658285298,0.0,1.0,0.0
NUDT3,0.5607210467425292,0.16109408269362874,0.0,0.33333333333333326,0.0
NUDT4B,0.509108607810978,0.24178964920173782,1.0,1.0,0.0
NUDT7,0.32370184719669565,1.0,0.0,1.0,0.0
NUP133,0.6137433317963945,0.31354775601842366,0.0,1.0,0.0
NUP205,0.6285074487186453,0.4346358646616606,0.0,0.33333333333333326,0.0
NUP210,0.7337096564592497,1.0,0.0,0.33333333333333326,0.0
NUP43,0.6462646345585005,0.9785154931089345,0.0,1.0,0.0
NUP58,0.6291501806653074,0.6626009285141151,1.0,1.0,0.0
NUP62,0.6420361970461539,0.6525334505119782,0.0,1.0,0.0
NUP85,0.6166629412756107,0.7159321152832991,0.0,1.0,0.0
NUP93,0.6132091511702774,0.4350303692953383,0.0,0.33333333333333326,0.0
NUSAP1,0.8058358603288499,1.0,1.0,1.0,0.0
NVL,0.6809937246797538,1.0,0.0,0.33333333333333326,0.0
NXT1,0.618766792186422,0.7822286693439932,0.0,0.33333333333333326,0.0
NYNRIN,0.5005461885755642,0.8143182759068107,0.0,0.33333333333333326,0.0
OAF,0.4383918497779178,0.8996686698440939,0.0,1.0,0.0
OAS1,0.6403526609324108,0.14728788641926666,0.0,1.0,0.0
OAS2,0.6529505368984239,0.2548938233171588,0.0,0.33333333333333326,0.0
OAS3,0.6678012318471152,0.6954879234626967,0.0,1.0,0.0
OAZ3,0.6602454686958606,0.7595684268575507,0.0,0.33333333333333326,0.0
OCIAD2,0.7106981143881004,1.0,0.0,1.0,0.0
OCLN,0.7670569749810158,0.7546519544359981,0.0,0.33333333333333326,0.0
ODF2,0.6405474473471905,1.0,0.0,0.33333333333333326,0.0
OFD1,0.6201810422107994,0.3074287446799898,0.0,1.0,0.0
OGFOD2,0.6225114786647835,0.7163944778050698,0.0,1.0,0.0
OGFR,0.5901081266577112,0.3133597309417434,0.0,0.33333333333333326,0.0
OGFRL1,0.43936366670550947,0.6993561183382874,0.0,1.0,0.0
OGG1,0.5535432328001527,0.05861093614996388,1.0,0.33333333333333326,0.0
OGN,0.2863074211504724,0.8090018904365169,1.0,1.0,0.0
OGT,0.5832974899605988,0.44215732524801726,1.0,0.33333333333333326,0.0
OLA1,0.6000245431729782,0.43584168696206677,0.0,1.0,0.0
OLFML1,0.40445362133568413,0.8266250087142615,1.0,1.0,0.0
OLFML2A,0.4416809621918887,1.0,0.0,0.33333333333333326,0.0
OLFML3,0.460939642014689,0.15608801155326985,0.0,1.0,0.0
OMD,0.43106205974357426,0.38366618538285374,1.0,1.0,0.0
OPA1,0.512519734287328,0.16205444989788786,0.0,1.0,0.0
OPHN1,0.5304798210675117,0.026811115690926594,0.0,1.0,0.0
OPN3,0.656076529005984,0.5136954145640682,0.0,1.0,0.0
OPTN,0.45423053394183266,0.9457080372457226,1.0,1.0,0.0
ORAI2,0.6059438098424202,0.30802364577485697,1.0,0.33333333333333326,0.0
ORC1,0.5399495698039829,0.11107256025716215,0.0,0.0,0.0
ORC3,0.5185142363222677,0.172306890537374,0.0,1.0,0.0
ORC5,0.612456884584157,0.4909573650739837,0.0,1.0,0.0
ORC6,0.6759152292440295,0.5422143204936629,1.0,1.0,0.0
ORMDL3,0.4659799326745674,0.6791793304953418,0.0,1.0,0.0
OSBPL10,0.6190433708412022,0.6733551832417894,0.0,1.0,0.0
OSBPL11,0.48536809294045236,0.27049393837046826,0.0,1.0,0.0
OSBPL1A,0.4297960472095602,1.0,1.0,1.0,0.0
OSBPL2,0.6029230755520772,0.37946012892345826,0.0,0.33333333333333326,0.0
OSBPL9,0.5049906748539037,0.3655162094873191,0.0,0.33333333333333326,0.0
OSR2,0.4131475289100182,0.34469834525604204,0.0,1.0,0.0
OSTF1,0.5466715595140312,0.14002671474007572,0.0,0.33333333333333326,0.0
OSTM1,0.4668275464952793,0.36917060711936067,1.0,1.0,0.0
OTUD1,0.49228386404576197,0.35688895691979844,0.0,1.0,0.0
OTUD3,0.49978705377396304,0.5019905546226703,0.0,0.33333333333333326,0.0
OTUD4,0.5626899847375855,0.0562246834147573,0.0,0.33333333333333326,0.0
OVOL1,0.64021560115287,1.0,1.0,0.33333333333333326,0.0
OVOL2,0.7865017678052746,0.9914971219469567,0.0,0.33333333333333326,0.0
OXA1L,0.5233097674578214,0.06819282823873953,1.0,1.0,0.0
OXCT1,0.40273665072032777,0.9536293211492006,1.0,1.0,0.0
OXLD1,0.6206617822129202,0.24423307708449543,0.0,1.0,0.0
OXNAD1,0.549134965298836,0.24111227879586677,0.0,0.0,0.0
OXR1,0.48910280017272245,0.2744427631914886,1.0,1.0,0.0
P2RX4,0.6563395457297199,0.8058860253563085,0.0,0.33333333333333326,0.0
P2RY13,0.5067763981389982,0.05600138157139972,0.0,1.0,0.0
P2RY14,0.33391930414083393,1.0,1.0,1.0,0.0
P3H1,0.621120512772798,0.27963207736878587,0.0,0.33333333333333326,0.0
P3H3,0.5810577634295093,0.17555902379789332,0.0,1.0,0.0
P3H4,0.6968125990356013,0.6275164435306777,0.0,1.0,0.0
P4HA1,0.6304235231681148,0.5373730329677124,0.0,1.0,0.0
P4HA3,0.619524444663713,0.5963306242555234,0.0,1.0,0.0
P4HB,0.6318668843275043,0.24117400399873656,1.0,1.0,0.0
P4HTM,0.6554358209362844,0.30397438919212577,0.0,0.33333333333333326,0.0
PA2G4,0.589913583704067,0.245015918555829,0.0,1.0,0.0
PABIR1,0.495600188199597,0.7672599141488998,0.0,1.0,0.0
PABPC1,0.6057320197990494,0.999608354733175,0.0,1.0,0.0
PABPC1L,0.7794627322446936,0.9662473620419259,0.0,1.0,0.0
PABPC3,0.5907387602529829,0.5620880320695123,0.0,1.0,0.0
PACC1,0.5887411239786248,0.9377508924553919,1.0,0.33333333333333326,0.0
PACS1,0.5317061979487826,0.14924494332384702,0.0,1.0,0.0
PAFAH1B1,0.4852693477863174,0.5608196177156471,0.0,0.33333333333333326,0.0
PAFAH1B3,0.7772498108296855,1.0,1.0,1.0,0.0
PAGR1,0.6704295280709307,1.0,0.0,0.33333333333333326,0.0
PAICS,0.6993276520708845,1.0,0.0,1.0,0.0
PAIP1,0.537720995787758,0.24558655103322635,0.0,0.33333333333333326,0.0
PAK1,0.6168557814270837,0.3706438027782925,0.0,0.33333333333333326,0.0
PAK4,0.6604697586738886,0.8500648355386226,0.0,0.33333333333333326,0.0
PALB2,0.5976851670645772,0.2082827851253087,0.0,1.0,0.0
PALM,0.35764317554917047,1.0,0.0,1.0,0.0
PALM2AKAP2,0.3754014074827272,1.0,1.0,1.0,0.0
PALMD,0.22386494518541494,1.0,1.0,1.0,0.0
PAMR1,0.3534284418908828,1.0,0.0,1.0,0.0
PANK3,0.6033112938846412,0.16966102097518054,1.0,1.0,0.0
PAPSS1,0.6172472330943071,0.21496111295688347,1.0,1.0,0.0
PAPSS2,0.4679039071592031,0.22730654850382617,0.0,1.0,0.0
PAQR4,0.7380337071655053,1.0,0.0,1.0,0.0
PAQR8,0.5873175360045406,0.09198397647916448,0.0,1.0,0.0
PARD3B,0.37511602480817896,1.0,0.0,1.0,0.0
PARD6B,0.8368340626396746,1.0,0.0,0.33333333333333326,0.0
PARM1,0.47274043469476745,0.7738179596855874,1.0,1.0,0.0
PARN,0.6262704073969868,0.686697213573462,0.0,0.33333333333333326,0.0
PARP1,0.6306991048993037,1.0,0.0,1.0,0.0
PARP10,0.6385598594808432,0.3795131143900594,0.0,1.0,0.0
PARP12,0.6910421947773747,0.387845233378355,0.0,1.0,0.0
PARP14,0.6440400344158081,0.7394734831958967,0.0,1.0,0.0
PARP9,0.692325189766059,0.9050691325275613,0.0,1.0,0.0
PARVA,0.4098813319802105,1.0,0.0,1.0,0.0
PARVB,0.4976356574637805,0.2722461382396935,0.0,1.0,0.0
PATJ,0.7246139583337672,0.6218145323677878,1.0,1.0,0.0
PAXIP1,0.6416423213721443,0.5982496883639118,0.0,1.0,0.0
PAXX,0.6247034588690173,1.0,0.0,1.0,0.0
PBK,0.7326371531193199,1.0,1.0,1.0,0.0
PBLD,0.46204705808439755,0.41337217570024987,1.0,1.0,0.0
PBRM1,0.5161747095831102,0.1456575903491235,0.0,1.0,0.0
PBX2,0.5753116756012174,0.47763722852573515,0.0,0.33333333333333326,0.0
PBXIP1,0.5239933017508499,0.2558377038989037,0.0,1.0,0.0
PC,0.3936185432076998,1.0,1.0,1.0,0.0
PCBP1,0.5207463871373625,0.3258501965229725,0.0,1.0,0.0
PCBP2,0.504748376407809,0.29490019935917056,0.0,1.0,0.0
PCCA,0.43794016893142224,1.0,1.0,1.0,0.0
PCCB,0.5488837403151198,0.15865962811844733,0.0,0.33333333333333326,0.0
PCDH17,0.5740676024978083,0.15519274342071618,0.0,0.0,0.0
PCDH18,0.30651036359712336,1.0,0.0,1.0,0.0
PCDH19,0.478202702265154,0.10509689066321273,0.0,1.0,0.0
PCDH9,0.29497124985576434,1.0,1.0,1.0,0.0
PCGF2,0.625574497052759,0.5106984759617544,0.0,0.33333333333333326,0.0
PCGF5,0.4394935770793314,0.5377796024423883,0.0,1.0,0.0
PCGF6,0.5044797671652098,0.22431640267537933,0.0,1.0,0.0
PCK1,0.09338475593209868,1.0,1.0,1.0,0.0
PCLAF,0.8306821648886026,1.0,1.0,1.0,0.0
PCM1,0.5157748412470343,0.24649587914510065,0.0,0.33333333333333326,0.0
PCMTD1,0.5142851107211501,0.10335479630070489,0.0,1.0,0.0
PCNA,0.6706883442691987,1.0,1.0,1.0,0.0
PCNX1,0.4121344702586414,1.0,0.0,1.0,0.0
PCNX4,0.6172066685140146,0.13168801750523368,1.0,1.0,0.0
PCOLCE2,0.11576511258199135,1.0,1.0,1.0,0.0
PCSK5,0.36113202774309966,1.0,1.0,1.0,0.0
PCTP,0.5149088856084729,0.07171048140864085,0.0,1.0,0.0
PCYOX1,0.4317635190955811,1.0,1.0,1.0,0.0
PCYOX1L,0.6376582544107906,0.827982760468086,0.0,1.0,0.0
PCYT1A,0.5097754796412951,0.5330054092507267,0.0,1.0,0.0
PCYT2,0.518171829737817,0.005217010470046091,0.0,1.0,0.0
PDAP1,0.6038914570744144,0.13358708896237506,0.0,1.0,0.0
PDCD10,0.5602439198559331,0.20019582697733548,0.0,0.33333333333333326,0.0
PDCD11,0.5805222133391303,0.13846263463245959,0.0,0.33333333333333326,0.0
PDCD6,0.6872016054327,1.0,1.0,1.0,0.0
PDCL,0.5329525890344279,0.09278132353847302,0.0,1.0,0.0
PDE12,0.5587346561791949,0.4107529702840503,0.0,0.33333333333333326,0.0
PDE1A,0.4293461216904924,0.5077504371654917,0.0,1.0,0.0
PDE2A,0.3682310113018032,1.0,1.0,1.0,0.0
PDE3B,0.13003320557001535,1.0,0.0,1.0,0.0
PDE4A,0.4990687166871521,0.3751408123961036,0.0,1.0,0.0
PDE5A,0.454103618412476,0.6197391517521976,0.0,1.0,0.0
PDE7A,0.6667657616816997,0.37439744505697253,0.0,1.0,0.0
PDE7B,0.43997011151210264,0.9943364543014588,0.0,1.0,0.0
PDE8A,0.4761983675825305,0.760687825694896,1.0,1.0,0.0
PDE8B,0.3630227396260245,0.9290888803866018,1.0,1.0,0.0
PDGFA,0.5502737691437356,0.06157124795522296,0.0,0.33333333333333326,0.0
PDGFC,0.5072741343767705,0.33065235576852253,0.0,1.0,0.0
PDGFD,0.3977531259849133,0.8009636578760317,1.0,1.0,0.0
PDGFRA,0.4200336097285379,0.6043008425505659,1.0,1.0,0.0
PDGFRB,0.5062610632260514,0.1491538170154627,0.0,1.0,0.0
PDGFRL,0.35767315863499055,0.5987467226160128,0.0,1.0,0.0
PDHA1,0.487479177693879,0.3722691011673653,1.0,1.0,0.0
PDIA3,0.6324356698318457,0.8144120934410201,1.0,1.0,0.0
PDIA4,0.6935337383188082,0.7455305644828667,0.0,1.0,0.0
PDIK1L,0.6377775944537355,0.6112272291903804,0.0,1.0,0.0
PDK2,0.459577414297916,0.6956587343736206,1.0,1.0,0.0
PDK4,0.1547233941513939,1.0,0.0,1.0,0.0
PDP2,0.4126937499790974,1.0,0.0,1.0,0.0
PDRG1,0.6651347313206747,1.0,0.0,1.0,0.0
PDXK,0.48369088940076793,1.0,1.0,1.0,0.0
PDZD2,0.25294091240545324,1.0,1.0,1.0,0.0
PDZD8,0.4647508140879778,0.21225113260459938,0.0,1.0,0.0
PDZRN3,0.39596138178539503,0.6722361703507944,1.0,1.0,0.0
PEA15,0.5035187031651629,0.6278999891938888,1.0,1.0,0.0
PEAK1,0.43491237132936406,0.9799745769620936,0.0,1.0,0.0
PEAR1,0.4093010670529415,1.0,0.0,1.0,0.0
PECAM1,0.4636818416582253,0.9642231785487277,1.0,1.0,0.0
PEG10,0.6850864103267585,0.5667338419163039,0.0,1.0,0.0
PEG3,0.4272490353073752,0.13493890846812165,0.0,1.0,0.0
PELI1,0.4959773329635722,0.32535621393547953,0.0,0.33333333333333326,0.0
PELI2,0.41749447903511855,0.7586799697331421,0.0,1.0,0.0
PELI3,0.5627906643463397,0.30033238149710145,0.0,0.0,0.0
PELP1,0.5578502659125895,0.1416753770924533,0.0,0.33333333333333326,0.0
PEMT,0.4053190609092336,0.5044868344353218,1.0,1.0,0.0
PEPD,0.447832589386725,0.5622311051821787,1.0,1.0,0.0
PER3,0.46940462302038055,0.7271891159941009,1.0,1.0,0.0
PES1,0.5886968310754268,0.35319682259733776,0.0,0.33333333333333326,0.0
PET100,0.6054861468198934,0.4484471327635204,0.0,1.0,0.0
PEX11A,0.4571212391583026,0.37148143541550355,0.0,1.0,0.0
PEX11B,0.658465750210744,0.3562098769669153,0.0,0.33333333333333326,0.0
PEX16,0.5734642719164192,0.15828563978773855,0.0,0.33333333333333326,0.0
PEX19,0.42960002816141707,0.5180383955341828,1.0,1.0,0.0
PEX5,0.48993728210594206,0.7675301508776664,0.0,0.33333333333333326,0.0
PFDN1,0.4873583108004691,0.3885074058414641,0.0,1.0,0.0
PFDN5,0.5240837252150801,0.3682346303280927,0.0,1.0,0.0
PFKFB1,0.3523553391745165,1.0,1.0,1.0,0.0
PFKFB3,0.3594334838653492,1.0,1.0,1.0,0.0
PFKFB4,0.610126224313135,1.0,0.0,0.0,0.0
PFKL,0.58501436371152,0.23214864666054263,0.0,1.0,0.0
PFN1,0.6091862186522945,0.2816567160987189,0.0,1.0,0.0
PGAP2,0.6414702040068809,0.45059501296233545,0.0,1.0,0.0
PGAP3,0.6736534971753467,1.0,0.0,1.0,0.0
PGAP4,0.4245558406121968,1.0,0.0,1.0,0.0
PGAP6,0.6090811881233322,0.6597813328120312,0.0,1.0,0.0
PGD,0.4691285931172583,0.21628943187332836,1.0,1.0,0.0
PGGHG,0.685804857768565,0.37686118136605956,0.0,1.0,0.0
PGM1,0.3910758529450877,1.0,1.0,1.0,0.0
PGM2,0.6274809391194025,0.5132277715819494,0.0,1.0,0.0
PGM2L1,0.7090781601558012,1.0,0.0,1.0,0.0
PGM3,0.5669310035699753,0.23668585047687038,0.0,0.33333333333333326,0.0
PGM5,0.3173882038712229,1.0,0.0,1.0,0.0
PGP,0.6307421451780472,0.5299546300218924,0.0,0.33333333333333326,0.0
PGRMC2,0.4550692332542266,0.992011814901207,1.0,1.0,0.0
PHACTR2,0.4687113954710732,0.4624309450794797,1.0,1.0,0.0
PHAF1,0.6023227815784756,0.4077091349975418,0.0,0.33333333333333326,0.0
PHETA2,0.6065352864958632,0.3470096952130028,0.0,1.0,0.0
PHF1,0.5394946900128357,0.02742052812968022,0.0,1.0,0.0
PHF10,0.4945835908475177,0.48553873213912346,0.0,1.0,0.0
PHF14,0.6052969052481121,0.29540953149204335,0.0,0.33333333333333326,0.0
PHF19,0.6099898703798265,0.45741211692289335,0.0,0.0,0.0
PHF2,0.5422862503767463,0.4656633002458205,1.0,0.33333333333333326,0.0
PHF20L1,0.6282658498947675,0.2563881028734505,0.0,1.0,0.0
PHF23,0.5894744226531814,0.07726786860269601,0.0,1.0,0.0
PHF6,0.6047211826982682,0.2279488578203765,0.0,1.0,0.0
PHGDH,0.47238690134674927,0.6104956205075616,1.0,1.0,0.0
PHIP,0.5970119523467509,0.2436367800457557,0.0,0.33333333333333326,0.0
PHKA1,0.5897107770190927,0.4401345946518434,0.0,0.0,0.0
PHKA2,0.4609013066105563,0.7857459005329174,0.0,1.0,0.0
PHKB,0.5014126021170431,0.24062013483148645,0.0,1.0,0.0
PHKG2,0.6463152359389848,0.977008564277898,0.0,0.33333333333333326,0.0
PHLDA2,0.7505675139794662,0.46670059112979007,0.0,1.0,0.0
PHLDA3,0.4436983909910695,0.6157748359927772,0.0,1.0,0.0
PHLDB2,0.3603061725826465,0.7631278307129932,0.0,1.0,0.0
PHLDB3,0.6855920487140797,0.6959224915746001,0.0,1.0,0.0
PHLPP2,0.5265051526930826,0.1422864030452193,0.0,1.0,0.0
PHTF2,0.6094365587608546,0.4339429800086163,0.0,0.33333333333333326,0.0
PHYH,0.4513156244942639,0.8646599595390828,1.0,1.0,0.0
PHYHD1,0.5008863731696263,0.12273744362382062,0.0,1.0,0.0
PHYHIP,0.5241111334987718,0.09512373547582309,0.0,1.0,0.0
PHYKPL,0.47757121056608953,0.7988136636757771,0.0,1.0,0.0
PI16,0.4502281830199944,1.0,0.0,1.0,0.0
PIAS3,0.6487339215224306,0.7507992814280576,1.0,1.0,0.0
PIAS4,0.632556747605514,0.41983338029782064,0.0,1.0,0.0
PICALM,0.4856139569279317,0.5298200474433227,0.0,1.0,0.0
PID1,0.31412850524706193,1.0,1.0,1.0,0.0
PIDD1,0.608462416520164,0.29178239809664996,0.0,0.33333333333333326,0.0
PIERCE1,0.6188982712106219,0.643987464125782,0.0,0.33333333333333326,0.0
PIGC,0.596349917562173,0.5747485813798922,1.0,0.33333333333333326,0.0
PIGM,0.662435393055374,0.6484675229953745,0.0,1.0,0.0
PIGO,0.6021604784385608,0.36963459908739915,0.0,1.0,0.0
PIGP,0.48717202802266946,0.2579073520640887,1.0,1.0,0.0
PIGQ,0.6307184151087494,0.8429029363708079,0.0,1.0,0.0
PIGS,0.5238904453419844,0.06842999331573289,0.0,1.0,0.0
PIGT,0.5959015829104434,0.06104578894131427,0.0,1.0,0.0
PIGU,0.65673337277202,1.0,0.0,1.0,0.0
PIGZ,0.46885898269888143,0.6430032791141486,0.0,1.0,0.0
PIH1D1,0.5896733291830134,0.07912659656333933,0.0,1.0,0.0
PIK3CA,0.44245758600765384,0.5864556116379153,0.0,0.33333333333333326,0.0
PIK3IP1,0.49221102694957064,0.8706700228260216,1.0,1.0,0.0
PIK3R1,0.5015816343375511,0.10067089599828057,1.0,1.0,0.0
PIK3R2,0.6824410167626812,0.842068434094684,0.0,0.33333333333333326,0.0
PIKFYVE,0.4943410696345597,0.5759609298841817,0.0,1.0,0.0
PIM1,0.5007944532081549,0.193704807636864,1.0,1.0,0.0
PIN4,0.578816417816911,0.08593859182939585,0.0,1.0,0.0
PINK1,0.45691513058252425,1.0,0.0,1.0,0.0
PIP4K2C,0.6656857275940761,0.7551769889838531,0.0,1.0,0.0
PIP4P2,0.3634459094083524,1.0,0.0,1.0,0.0
PIP5K1A,0.6166606629462701,0.9280540929242459,0.0,0.33333333333333326,0.0
PIP5K1C,0.5439041651498691,0.14963382291408064,1.0,0.33333333333333326,0.0
PIR,0.42665269919460447,0.3774063102089218,1.0,1.0,0.0
PITPNM1,0.5421484737257014,0.15368385973094775,0.0,0.0,0.0
PITPNM3,0.5698767634848564,0.11371284463614824,0.0,0.0,0.0
PJA1,0.4432940439719691,0.9092522390720491,1.0,1.0,0.0
PJA2,0.5038410503901004,0.21187475918536672,0.0,0.33333333333333326,0.0
PKD2,0.405206855733768,1.0,0.0,1.0,0.0
PKDCC,0.3294526450733093,1.0,0.0,1.0,0.0
PKIB,0.8214638919640964,0.6705570521703955,0.0,1.0,0.0
PKIG,0.4662838705936017,0.6030183638648275,1.0,1.0,0.0
PKM,0.7175439944724062,0.8007320621907059,0.0,1.0,0.0
PKMYT1,0.6066079645950518,0.41700958450975995,0.0,0.33333333333333326,0.0
PKNOX1,0.629121621582796,0.9022924563211302,0.0,1.0,0.0
PKNOX2,0.5189997726444482,0.2034710476215505,0.0,1.0,0.0
PKP1,0.5210658555236354,0.41459441420617865,1.0,0.33333333333333326,0.0
PKP3,0.6529142887656126,1.0,0.0,0.33333333333333326,0.0
PLA2G2A,0.2860535080302791,0.5683477461768285,0.0,1.0,0.0
PLA2G4A,0.3219798218513095,1.0,1.0,1.0,0.0
PLA2G4B,0.5637255548601875,0.1829927523907011,0.0,0.33333333333333326,0.0
PLA2G5,0.5115884027016555,0.12264711002641104,0.0,1.0,0.0
PLAAT2,0.5907834596908522,0.2804710993302144,0.0,0.0,0.0
PLAAT3,0.30051609019712416,1.0,1.0,1.0,0.0
PLAAT4,0.6849231031282216,1.0,1.0,1.0,0.0
PLAAT5,0.27893823669724993,0.987020217121085,0.0,1.0,0.0
PLAC9,0.1861883875332991,1.0,0.0,1.0,0.0
PLAGL1,0.4268127195108283,0.48576540467258583,1.0,1.0,0.0
PLAU,0.6715509237050542,0.3812330129734737,0.0,0.33333333333333326,0.0
PLAUR,0.6084441550577215,0.37303825656619255,1.0,0.33333333333333326,0.0
PLCB4,0.5794079319202053,0.3341006339704818,0.0,0.33333333333333326,0.0
PLCD1,0.496375727479204,0.5072756843004272,0.0,0.33333333333333326,0.0
PLCG1,0.5837335401434962,1.0,0.0,0.33333333333333326,0.0
PLCL1,0.48879149954707474,0.20962364911082737,0.0,1.0,0.0
PLCL2,0.3895107857641083,0.8208992547669491,0.0,1.0,0.0
PLD1,0.40913372382235064,0.9124233065027485,0.0,0.33333333333333326,0.0
PLEK2,0.6767986712750583,0.7214489670341948,0.0,0.33333333333333326,0.0
PLEKHA4,0.5233646281639945,0.18208537904225267,0.0,0.33333333333333326,0.0
PLEKHA8,0.6286035101335893,0.34484420664818805,0.0,1.0,0.0
PLEKHF1,0.49520990260876,0.7360036433685307,0.0,1.0,0.0
PLEKHF2,0.6811508777327013,0.7253254720733173,1.0,1.0,0.0
PLEKHG4,0.5882306187091113,0.5852829193801494,0.0,0.0,0.0
PLEKHG6,0.4657131693957643,0.7174333403110412,1.0,1.0,0.0
PLEKHH2,0.3857038307461026,1.0,0.0,1.0,0.0
PLEKHM1,0.5050745134268141,0.6036808134545115,1.0,1.0,0.0
PLEKHO1,0.6112669377089021,0.08138521508546472,0.0,1.0,0.0
PLEKHO2,0.4997466808694029,0.14855786336368457,0.0,1.0,0.0
PLEKHS1,0.6654616733343021,0.46252056240329736,0.0,1.0,0.0
PLIN1,0.09058811270549381,1.0,1.0,1.0,0.0
PLIN2,0.42881074055691537,0.5341859923753103,1.0,1.0,0.0
PLIN3,0.6382265188805408,0.6405050182439159,0.0,0.33333333333333326,0.0
PLIN4,0.0319609380398217,1.0,0.0,1.0,0.0
PLIN5,0.4328988513789216,0.4201331719383063,0.0,1.0,0.0
PLK1,0.5523116487849755,0.10895647576214684,0.0,0.0,0.0
PLK2,0.6673729643236346,0.2963989031183572,0.0,1.0,0.0
PLK3,0.5596178310376644,0.14577140643218722,0.0,0.33333333333333326,0.0
PLN,0.44399344636812227,0.2379512626967139,1.0,1.0,0.0
PLOD2,0.45427683634626687,0.2134678615565413,1.0,1.0,0.0
PLP2,0.6393910984450453,0.4342314798610331,1.0,1.0,0.0
PLPBP,0.4970401663175507,0.5746985058628808,0.0,1.0,0.0
PLPP1,0.39794026855413994,1.0,1.0,1.0,0.0
PLPP2,0.7301032406337722,1.0,1.0,1.0,0.0
PLPP3,0.41989571686660265,0.7068216632696481,1.0,1.0,0.0
PLPP4,0.7404670542680525,0.8877327388099658,0.0,1.0,0.0
PLPP5,0.7311088935042477,0.8363435495015374,0.0,1.0,0.0
PLPP6,0.6241506349752424,0.18540628901972406,0.0,1.0,0.0
PLPPR2,0.5860391266435424,0.16162201038791185,0.0,0.33333333333333326,0.0
PLPPR3,0.5204642311011739,0.05568688304033599,0.0,1.0,0.0
PLS1,0.6805738326972219,1.0,0.0,1.0,0.0
PLS3,0.43826926305881025,0.49788567117388505,0.0,1.0,0.0
PLSCR4,0.36340643416843454,1.0,1.0,1.0,0.0
PLTP,0.4031295466293269,0.6367813876063669,1.0,1.0,0.0
PLVAP,0.5396203146020719,0.1940214086591433,1.0,0.33333333333333326,0.0
PLXNA4,0.2757477595039567,1.0,0.0,1.0,0.0
PLXNB1,0.5634007139647851,0.5221916589406421,0.0,0.33333333333333326,0.0
PLXNB2,0.6000227196157322,0.35465246298486125,0.0,0.33333333333333326,0.0
PLXNB3,0.5387974595336649,0.08691969570024839,0.0,0.0,0.0
PLXNC1,0.6373261233421104,0.282755648445427,1.0,1.0,0.0
PLXND1,0.5052535032108426,0.4004621088272403,0.0,1.0,0.0
PMAIP1,0.6577338371556053,0.19846915021737624,1.0,1.0,0.0
PMF1,0.6248883159109299,0.5421143708165084,0.0,1.0,0.0
PMM1,0.4825626736889693,0.2142272945516946,0.0,1.0,0.0
PMM2,0.5970428144197256,0.4758270184913355,1.0,0.33333333333333326,0.0
PMP22,0.4664164507894856,0.6323178584224869,1.0,1.0,0.0
PMPCA,0.5905264219048686,0.3285368265783757,0.0,0.33333333333333326,0.0
PMVK,0.6016908421859265,0.33903719777766617,0.0,1.0,0.0
PNKP,0.6199599352942372,0.33232929710786396,0.0,0.33333333333333326,0.0
PNMA1,0.4935870000837275,0.15886953425735867,1.0,1.0,0.0
PNN,0.5878699273685501,0.3003979035570292,0.0,0.33333333333333326,0.0
PNPLA2,0.4614900565652671,0.6834868238952523,0.0,1.0,0.0
PNPT1,0.6184394127043079,0.407139393185432,0.0,1.0,0.0
PNRC1,0.4566949184837649,0.4985229390706061,0.0,1.0,0.0
PNRC2,0.528416575158312,0.03857483102656807,0.0,1.0,0.0
POC5,0.6110267206234901,0.17609955932489607,0.0,1.0,0.0
PODN,0.402536435020933,0.8316501859949431,0.0,1.0,0.0
PODXL,0.5519389332662739,0.8000751989269962,0.0,0.33333333333333326,0.0
POF1B,0.6056709109648757,0.05160291327637459,0.0,1.0,0.0
POGK,0.697926828547599,0.8367458415271982,0.0,1.0,0.0
POGLUT2,0.5995903397436914,0.08501667471247212,0.0,1.0,0.0
POGLUT3,0.46311711629763186,0.5494168969317607,0.0,1.0,0.0
POGZ,0.6542705229545772,0.9731725445196472,0.0,1.0,0.0
POLB,0.6728022790222182,0.8890972320190141,0.0,1.0,0.0
POLD2,0.5983218006900934,0.09106039688118858,0.0,1.0,0.0
POLDIP3,0.5622557305518491,0.16135851152449762,0.0,0.33333333333333326,0.0
POLE2,0.6749686050458302,1.0,0.0,1.0,0.0
POLE4,0.48578992138953975,0.38028946092939847,0.0,1.0,0.0
POLG2,0.610665759255607,0.44947897161542893,0.0,1.0,0.0
POLH,0.5831366508983608,0.2529115116758721,0.0,0.0,0.0
POLK,0.4911605817980511,0.4473822606626278,0.0,1.0,0.0
POLR1B,0.6109978971242334,0.24488520796516675,1.0,1.0,0.0
POLR1C,0.6493697011277895,0.76203992476622,0.0,0.33333333333333326,0.0
POLR1H,0.5975280206837115,0.28048203407062544,0.0,1.0,0.0
POLR2A,0.5860407793904115,0.3124063642083282,0.0,0.33333333333333326,0.0
POLR2B,0.5857547497640152,0.08742457037143778,0.0,1.0,0.0
POLR2C,0.5510402721142041,0.05063659232331999,0.0,0.33333333333333326,0.0
POLR2E,0.47685357447857357,0.420721131895822,0.0,1.0,0.0
POLR2H,0.6401964938153909,1.0,1.0,1.0,0.0
POLR2L,0.4538371071512238,0.25283175166109834,1.0,1.0,0.0
POLR3A,0.6107167986314251,1.0,0.0,1.0,0.0
POLR3D,0.5855660984505713,0.2988185199365165,0.0,1.0,0.0
POLR3GL,0.4252661098271199,0.6815580591525019,0.0,1.0,0.0
POLR3K,0.6561159610022015,0.8515169176527763,0.0,0.33333333333333326,0.0
POM121C,0.5742816670303703,0.17222906368562185,0.0,0.33333333333333326,0.0
POMGNT1,0.5610658781272744,0.037003188092311456,0.0,0.33333333333333326,0.0
POMT2,0.5877727796055088,0.2552727142494805,0.0,1.0,0.0
POP1,0.5795633215741207,0.1260380837021969,0.0,0.0,0.0
POP4,0.5375655620552344,0.15644072523327637,0.0,0.33333333333333326,0.0
POP5,0.5041518868442761,0.3957340125769498,1.0,1.0,0.0
POPDC2,0.6107132152406787,0.3551357447943367,0.0,0.33333333333333326,0.0
POPDC3,0.49017167128952055,0.1064838998599119,0.0,1.0,0.0
POSTN,0.7080796909593092,0.8984772038132248,1.0,1.0,0.0
POT1,0.6005578841643057,0.18422962379831992,0.0,1.0,0.0
POU6F1,0.4903740596176964,1.0,0.0,0.33333333333333326,0.0
PPA1,0.49257503673201636,0.49044427684688374,0.0,1.0,0.0
PPARA,0.4262195699877453,1.0,0.0,1.0,0.0
PPARG,0.21972598719787725,1.0,1.0,1.0,0.0
PPAT,0.7238155979527988,0.6759284043733597,0.0,0.33333333333333326,0.0
PPCS,0.5493158186362653,0.1400619852813794,0.0,0.33333333333333326,0.0
PPDPF,0.621184526083615,0.31270831613168226,0.0,1.0,0.0
PPFIBP1,0.6146505806997465,0.32190125649231865,0.0,0.33333333333333326,0.0
PPIA,0.5869385566029678,0.48903272846279083,0.0,1.0,0.0
PPIB,0.6144274695010364,0.21885122273132168,0.0,1.0,0.0
PPIH,0.6010631132480284,0.5609658138383453,1.0,1.0,0.0
PPIL1,0.6475279997136698,0.9456048427378312,0.0,1.0,0.0
PPIL2,0.5987506015935705,0.3034965245805038,0.0,0.33333333333333326,0.0
PPL,0.43234546090137693,0.8441826140930045,0.0,1.0,0.0
PPM1F,0.4902257100867578,0.8280820859100556,0.0,0.33333333333333326,0.0
PPM1G,0.6130078878286677,0.6637164934164134,0.0,0.33333333333333326,0.0
PPM1H,0.6935011087997744,0.8291736243574163,1.0,1.0,0.0
PPM1M,0.48403462224630717,0.40342606127846176,0.0,1.0,0.0
PPME1,0.6096989674259251,0.43301011725053534,0.0,0.33333333333333326,0.0
PPOX,0.6137315138964066,0.3274581989214563,0.0,0.33333333333333326,0.0
PPP1CA,0.6469843969519192,1.0,1.0,1.0,0.0
PPP1R11,0.5965376723574431,0.3144474598887143,0.0,0.33333333333333326,0.0
PPP1R12B,0.44985271240328895,1.0,0.0,1.0,0.0
PPP1R12C,0.5162067481738042,0.6453137549818956,0.0,1.0,0.0
PPP1R14A,0.2243418761867416,1.0,0.0,1.0,0.0
PPP1R14B,0.6772948183738797,0.9479236484192751,0.0,1.0,0.0
PPP1R15A,0.4293310338490175,0.4092014991912129,0.0,1.0,0.0
PPP1R16B,0.439926393980411,1.0,0.0,1.0,0.0
PPP1R1A,0.13939645336532944,1.0,1.0,1.0,0.0
PPP1R1B,0.4126457872163584,0.3665621059887201,0.0,1.0,0.0
PPP1R26,0.6249309289714639,0.23920823826263538,0.0,1.0,0.0
PPP1R35,0.6594829759166925,0.9704739438327226,0.0,1.0,0.0
PPP1R36,0.4546919968506361,0.2517510342848279,0.0,1.0,0.0
PPP1R3D,0.6012426284552904,0.8548972874919275,0.0,1.0,0.0
PPP2CB,0.4839655263406671,0.3589784533162294,0.0,1.0,0.0
PPP2R1A,0.6165843926445576,0.38253121756563113,0.0,1.0,0.0
PPP2R1B,0.3576945860762502,0.7884086693858546,1.0,1.0,0.0
PPP2R3A,0.5084035731727714,0.07461556952375603,0.0,1.0,0.0
PPP2R3C,0.43795341916146263,0.8015987786119927,0.0,1.0,0.0
PPP2R5A,0.4544609958949711,0.3489043652974742,1.0,1.0,0.0
PPP2R5C,0.5249160403090837,0.014121195503896787,0.0,0.33333333333333326,0.0
PPP3CA,0.5028001893111389,0.36233385834259524,0.0,0.33333333333333326,0.0
PPP3CB,0.4456773132678684,0.9145736459435871,1.0,1.0,0.0
PPP3CC,0.5138652784452582,0.2595840848538228,1.0,1.0,0.0
PPP3R1,0.5151947616362478,0.3926969686470374,0.0,1.0,0.0
PPP4C,0.6779328028147473,1.0,0.0,0.33333333333333326,0.0
PPP4R1,0.6094726507426181,0.3921702749515849,0.0,1.0,0.0
PPP4R3B,0.5117294068528221,0.21473311253041258,0.0,1.0,0.0
PPP5C,0.595314687064721,0.4418271731619382,0.0,1.0,0.0
PPP6C,0.5192319661550324,0.4470353997555522,0.0,1.0,0.0
PPP6R1,0.5969573515004616,0.25241624178670585,0.0,1.0,0.0
PPP6R3,0.5736128300776326,0.20429602463330732,1.0,0.33333333333333326,0.0
PPT1,0.6504984799963227,0.8192369050586168,0.0,1.0,0.0
PPWD1,0.5028227668799177,0.27934826753498815,0.0,0.33333333333333326,0.0
PRAF2,0.623044774022581,0.44910071772227306,0.0,0.33333333333333326,0.0
PRC1,0.8097176971103407,1.0,1.0,1.0,0.0
PRCC,0.635392088755982,0.2740149360606188,0.0,0.33333333333333326,0.0
PRDM1,0.5777775101198133,0.10764378025183559,1.0,0.33333333333333326,0.0
PRDX1,0.6190463650175663,0.8409024171050191,0.0,1.0,0.0
PRDX6,0.4545148271880505,0.6182433554327795,1.0,1.0,0.0
PRELID1,0.5975892346580737,0.5362016423095127,0.0,1.0,0.0
PRELID3B,0.6436618421332504,0.5955917507468413,0.0,1.0,0.0
PRELP,0.36975614191517114,0.9890525816707665,1.0,1.0,0.0
PREX1,0.697436850822964,0.8897565677515566,0.0,1.0,0.0
PRICKLE2,0.3838308992938453,1.0,0.0,1.0,0.0
PRIMA1,0.42736756369498874,0.9151573714018021,0.0,1.0,0.0
PRKAA1,0.5023806555221767,0.1752138944282763,1.0,1.0,0.0
PRKACA,0.5033896396899737,0.7791980619430937,1.0,1.0,0.0
PRKAG1,0.5387198645434401,0.19752429134877067,0.0,0.33333333333333326,0.0
PRKAR1A,0.5070170039217176,0.21792384764855738,0.0,0.33333333333333326,0.0
PRKAR2B,0.2686733774170177,1.0,1.0,1.0,0.0
PRKCD,0.49877995723487695,0.04027572387466583,0.0,1.0,0.0
PRKCI,0.656961282977032,0.4593143190781912,0.0,0.33333333333333326,0.0
PRKCZ,0.7645922133914339,1.0,0.0,1.0,0.0
PRKD1,0.45685088069625573,0.6189811398519746,1.0,1.0,0.0
PRKD3,0.4967840467341155,0.3687458062331532,0.0,0.33333333333333326,0.0
PRKDC,0.6314532489836585,0.43976509844033423,0.0,1.0,0.0
PRLR,0.8440915698751527,0.6417257519458025,0.0,0.33333333333333326,0.0
PRMT1,0.6473633019666004,0.4750977963839074,0.0,0.33333333333333326,0.0
PRMT2,0.5748424063422031,0.07327456973133013,0.0,0.33333333333333326,0.0
PRNP,0.46219506118207915,0.4298757537907119,0.0,0.33333333333333326,0.0
PROCR,0.4497037315729719,0.5456309442680444,0.0,1.0,0.0
PROM1,0.6610495059514296,0.17267504072307835,0.0,0.33333333333333326,0.0
PROM2,0.8410292472437029,0.5970426014923524,0.0,1.0,0.0
PROS1,0.4215649525669255,0.8652870523475781,1.0,1.0,0.0
PROSER2,0.5974942320841059,0.046063334715939305,0.0,1.0,0.0
PRPF19,0.6603231033685778,1.0,0.0,1.0,0.0
PRPF3,0.639195143256375,0.538830005762743,0.0,1.0,0.0
PRPF31,0.5974480062633412,0.8860475580972927,0.0,1.0,0.0
PRPF4,0.6024948744301855,0.5979217442117944,0.0,1.0,0.0
PRPF40A,0.6301814852292722,0.526365384161014,0.0,1.0,0.0
PRPS2,0.6180500832406314,0.2829306112435609,1.0,1.0,0.0
PRR11,0.6309963033300784,0.3650877387398246,0.0,1.0,0.0
PRR13,0.6319049423114722,0.7047656765836654,1.0,1.0,0.0
PRR14,0.6286380867752931,0.5389792910318597,0.0,0.33333333333333326,0.0
PRR14L,0.6265674832007727,0.3618836051034606,0.0,1.0,0.0
PRR15,0.7468126124769621,1.0,0.0,1.0,0.0
PRR15L,0.7792028591668898,0.6061467924423514,0.0,1.0,0.0
PRR5,0.47330319856558145,0.5381849159073107,1.0,1.0,0.0
PRRC1,0.5711827164660915,0.4882328548183513,0.0,0.33333333333333326,0.0
PRRC2B,0.55667906933512,0.42408478947690514,0.0,0.33333333333333326,0.0
PRRC2C,0.6351456605432853,1.0,1.0,1.0,0.0
PRRG1,0.42756586625323034,0.6389546061255486,0.0,1.0,0.0
PRRG4,0.7515549555801948,0.9156711261554962,0.0,1.0,0.0
PRRX1,0.4508292662963111,0.2854697397603921,0.0,1.0,0.0
PRSS23,0.6443777934995137,0.30265496709638945,1.0,1.0,0.0
PRSS53,0.5495287261069673,0.218243491997268,0.0,0.0,0.0
PRSS8,0.7857907774677545,1.0,1.0,1.0,0.0
PRUNE1,0.6331064586003433,0.520666311963498,0.0,0.33333333333333326,0.0
PRUNE2,0.4859197532468304,0.5179560042545089,0.0,1.0,0.0
PRX,0.5442365792263747,0.08230676182494018,0.0,1.0,0.0
PRXL2A,0.3673034333988002,1.0,0.0,1.0,0.0
PRXL2B,0.6969837890416468,0.9383910708874791,0.0,1.0,0.0
PSAT1,0.480268766551441,0.08703602885271414,0.0,0.33333333333333326,0.0
PSD3,0.6565125461194843,0.3396339263040426,0.0,1.0,0.0
PSD4,0.6922401742045551,0.6343968926013516,0.0,0.33333333333333326,0.0
PSEN2,0.5968446723150753,0.10774229819545425,0.0,0.33333333333333326,0.0
PSENEN,0.6695522448744624,0.8972240028569511,0.0,1.0,0.0
PSIP1,0.470735121291042,0.6439688406192944,0.0,1.0,0.0
PSMA1,0.5439717437501619,0.09208204612245248,0.0,0.33333333333333326,0.0
PSMA2,0.5200287556569642,0.4241584770186934,0.0,0.33333333333333326,0.0
PSMA3,0.5668510423475352,0.4038783700267398,1.0,0.33333333333333326,0.0
PSMA4,0.5974497702126411,0.6156018563943505,0.0,0.33333333333333326,0.0
PSMA5,0.6565913274570292,1.0,0.0,0.33333333333333326,0.0
PSMB10,0.6063690572911559,0.3391699622032644,0.0,1.0,0.0
PSMB4,0.6036098749562417,0.6181685156247887,0.0,1.0,0.0
PSMB7,0.5562089825288814,0.2686431690593643,0.0,0.33333333333333326,0.0
PSMB8,0.632251662462694,0.11181368713749969,0.0,1.0,0.0
PSMC4,0.5761294111099723,0.5482782960662864,1.0,0.33333333333333326,0.0
PSMC6,0.5593979027325335,0.15624486776901358,0.0,0.33333333333333326,0.0
PSMD13,0.5884716682611382,0.1418230775090217,0.0,1.0,0.0
PSMD3,0.6284404597894026,0.37077336685321,0.0,1.0,0.0
PSMD5,0.5867377342431269,0.08888976900528088,0.0,1.0,0.0
PSME1,0.605073104071556,0.7551213203257131,0.0,1.0,0.0
PSME3IP1,0.5912507467911414,0.18095994766615706,0.0,0.33333333333333326,0.0
PSME4,0.6232174124099479,0.4720182492249823,0.0,1.0,0.0
PSMG3,0.6557896946093277,0.8296510188435587,0.0,1.0,0.0
PSPC1,0.636939307488117,0.6644194817523817,0.0,1.0,0.0
PTBP1,0.6279815924631027,1.0,1.0,1.0,0.0
PTBP3,0.6653575557328532,0.9392399601144373,0.0,0.33333333333333326,0.0
PTCD2,0.48254754702344843,0.37183036719943274,0.0,1.0,0.0
PTCH1,0.43262337103771015,1.0,0.0,0.33333333333333326,0.0
PTDSS1,0.6348563789090577,0.6666195297342189,0.0,1.0,0.0
PTEN,0.4525605009104688,0.8312591208289809,1.0,1.0,0.0
PTER,0.5488516673454343,0.18029217268565012,0.0,0.33333333333333326,0.0
PTGDS,0.38878503013813753,0.3886676737586005,0.0,1.0,0.0
PTGER2,0.49984701973598294,0.13703134855505306,0.0,1.0,0.0
PTGER3,0.3077088269960286,0.7757072884043961,1.0,1.0,0.0
PTGER4,0.4299736405731422,0.548889398600048,1.0,1.0,0.0
PTGIR,0.55280607908701,0.06133496625282433,0.0,0.33333333333333326,0.0
PTGIS,0.3730392824485443,0.953255657624664,1.0,1.0,0.0
PTGR1,0.4520390486461939,0.21180477733199454,0.0,1.0,0.0
PTGS2,0.3626814984151421,0.3506486176463303,0.0,1.0,0.0
PTOV1,0.6273823238059835,0.42288437080270586,0.0,1.0,0.0
PTP4A3,0.6672193056088678,0.7434342908197861,0.0,0.33333333333333326,0.0
PTPA,0.6541757773237253,0.6989291976737037,0.0,1.0,0.0
PTPN1,0.5939500475837286,0.8842325810388701,1.0,0.33333333333333326,0.0
PTPN11,0.47548915722921226,1.0,1.0,1.0,0.0
PTPN13,0.4811171570072234,0.2776724892784448,0.0,0.33333333333333326,0.0
PTPN2,0.6069441710603215,0.15152747572792977,0.0,1.0,0.0
PTPN21,0.35594753578555954,1.0,0.0,1.0,0.0
PTPN23,0.5687636337238686,0.3757223266104462,0.0,0.0,0.0
PTPN6,0.6060878862231487,0.1961335008348195,0.0,1.0,0.0
PTPRB,0.3408707844077307,1.0,0.0,1.0,0.0
PTPRCAP,0.610648314823756,0.1171941656671843,0.0,0.33333333333333326,0.0
PTPRD,0.5099537409261898,0.09170616785685201,0.0,1.0,0.0
PTPRG,0.3879412266148604,1.0,0.0,1.0,0.0
PTPRJ,0.655387546832158,0.5661088987228926,0.0,0.33333333333333326,0.0
PTPRK,0.6725505391968943,0.6568926141315843,0.0,1.0,0.0
PTPRM,0.41180709337691024,1.0,1.0,1.0,0.0
PTPRO,0.504501144377666,0.19054482520751628,1.0,1.0,0.0
PTPRS,0.4197209322746728,0.7225145936832565,0.0,1.0,0.0
PTPRT,0.5728225831261698,0.3980572261864339,0.0,0.0,0.0
PTRH2,0.6206990981484944,0.7453228673428423,1.0,1.0,0.0
PTS,0.6252599000927848,0.6584245802252734,0.0,0.33333333333333326,0.0
PTTG1,0.8263463441047196,1.0,0.0,1.0,0.0
PTTG1IP,0.6282182065787215,0.4458177321859479,1.0,1.0,0.0
PTX3,0.4130105255445246,0.19574637502542638,0.0,1.0,0.0
PUF60,0.6241040130457378,0.5592908077209536,1.0,1.0,0.0
PURA,0.5102520896148651,0.5161556441370962,0.0,1.0,0.0
PUS1,0.6491148181974118,1.0,0.0,1.0,0.0
PUS7,0.6729608112673492,0.5524837729631166,0.0,1.0,0.0
PXDC1,0.46261570634575994,0.8230805455068277,1.0,1.0,0.0
PXDN,0.4875368713155379,0.2943754441348439,0.0,1.0,0.0
PXK,0.45458704809257033,0.37624633674657465,0.0,1.0,0.0
PXMP2,0.4830209366239657,0.17140462177109628,0.0,1.0,0.0
PXN,0.5538837130415081,0.7580581568457945,0.0,0.33333333333333326,0.0
PXYLP1,0.6085307039337169,0.012384638527301307,0.0,1.0,0.0
PYCARD,0.7037193144107985,0.7213100645110391,0.0,1.0,0.0
PYCR1,0.6586836117117927,1.0,1.0,1.0,0.0
PYGL,0.3374190949888616,1.0,1.0,1.0,0.0
PYGO2,0.6014330433148096,0.5096895628530155,0.0,1.0,0.0
PYM1,0.59622211195861,0.3212979523025243,0.0,1.0,0.0
PYROXD2,0.4434814067996775,0.917956313896187,0.0,1.0,0.0
QDPR,0.4618713684883062,0.2033298967127856,1.0,1.0,0.0
QSOX1,0.6537094198817812,1.0,0.0,1.0,0.0
QTMAN,0.4208500031821305,0.965926964525592,0.0,1.0,0.0
R3HCC1,0.5321215099347756,0.024690737842188143,0.0,1.0,0.0
R3HDM4,0.6195287199184643,0.665447534490287,0.0,0.33333333333333326,0.0
RAB11A,0.5990509736813121,0.37198983169851835,0.0,1.0,0.0
RAB11FIP1,0.6477271462988574,0.2547628434757963,0.0,1.0,0.0
RAB11FIP2,0.4895337857572261,0.5416708820406604,0.0,1.0,0.0
RAB11FIP4,0.5978846264428092,0.8192736292466171,0.0,0.0,0.0
RAB13,0.5920965917001528,0.32039378574851185,0.0,1.0,0.0
RAB15,0.7104460135569934,0.8502215085348225,0.0,1.0,0.0
RAB17,0.6965523919339085,0.9771120784867672,0.0,1.0,0.0
RAB1B,0.5947745334543272,0.09499206988840442,0.0,0.33333333333333326,0.0
RAB25,0.8517079976298589,0.9269579775030882,1.0,1.0,0.0
RAB26,0.7486207503540372,1.0,0.0,0.33333333333333326,0.0
RAB27B,0.7665561091754731,0.41808097485150375,0.0,0.33333333333333326,0.0
RAB28,0.5147340324691676,0.20970329595632595,0.0,1.0,0.0
RAB29,0.46267705645507906,0.5028947107858756,0.0,1.0,0.0
RAB33B,0.4966347212156449,0.48446733642500517,1.0,1.0,0.0
RAB3D,0.6890659827336503,0.8571466170528217,0.0,1.0,0.0
RAB3IP,0.7042175383141835,0.8399317206472717,0.0,1.0,0.0
RAB40C,0.681310987440701,0.6851424076895851,0.0,1.0,0.0
RAB6B,0.4864730647383407,0.3450590900931157,0.0,1.0,0.0
RAB8A,0.6073191195273705,0.8725203631610684,0.0,1.0,0.0
RAB8B,0.46778278445167454,0.6465389061299142,0.0,0.33333333333333326,0.0
RAB9A,0.481823134567859,0.30712218104598943,0.0,1.0,0.0
RABEP2,0.6801407744772836,0.7779433655659466,0.0,0.33333333333333326,0.0
RABEPK,0.5383586299201425,0.2021621488832415,0.0,0.33333333333333326,0.0
RABGAP1L,0.5285432456999978,0.23776792554715903,0.0,0.33333333333333326,0.0
RABIF,0.6570901900850533,1.0,0.0,0.33333333333333326,0.0
RABL3,0.45079816251348004,0.6664580016541377,0.0,1.0,0.0
RABL6,0.6004672849402481,0.31869663913684604,0.0,0.33333333333333326,0.0
RACGAP1,0.7271405075253079,1.0,0.0,1.0,0.0
RAD1,0.6216474644162591,0.7588753349568673,1.0,1.0,0.0
RAD21,0.6125092332918589,0.2779535935720508,0.0,0.33333333333333326,0.0
RAD51AP1,0.7391721439578641,0.621753705778653,0.0,1.0,0.0
RAD54B,0.647140884543813,1.0,1.0,1.0,0.0
RAD54L2,0.5565127853715564,0.2285328964691782,0.0,0.33333333333333326,0.0
RAE1,0.6478997568775364,1.0,1.0,1.0,0.0
RAI1,0.654936036703089,0.38003749853127305,0.0,0.33333333333333326,0.0
RAI14,0.6825973179433434,0.5949656032933666,0.0,1.0,0.0
RAI2,0.45633933446607267,0.2627248234247714,1.0,1.0,0.0
RALB,0.5192232722579596,0.2538573708013467,0.0,1.0,0.0
RALGAPA1,0.6198420376016545,0.1764512909951948,0.0,1.0,0.0
RALGAPA2,0.5590177770551782,0.5004948900633225,0.0,0.0,0.0
RALGPS2,0.6652156744307778,0.42164387351079285,1.0,1.0,0.0
RALY,0.6286906625652836,1.0,0.0,1.0,0.0
RAMAC,0.6001607670502895,0.2539846645581982,0.0,1.0,0.0
RAMP2,0.48220027683824873,0.708189238708479,0.0,1.0,0.0
RAMP3,0.5171003750880914,0.012279966294200981,0.0,0.33333333333333326,0.0
RAN,0.6505448029589049,0.6430046131494199,0.0,1.0,0.0
RANBP10,0.5691741626983182,0.15732906129053928,0.0,0.33333333333333326,0.0
RANGAP1,0.6386524601524266,1.0,0.0,0.33333333333333326,0.0
RAP1A,0.5078700695875688,0.40129005359489633,1.0,1.0,0.0
RAP1B,0.5025939107448919,0.4209550714500212,0.0,0.33333333333333326,0.0
RAP1GAP,0.6894750266576903,1.0,0.0,1.0,0.0
RAP2B,0.5985580299388611,0.07817429086263353,0.0,1.0,0.0
RAPGEF2,0.4876897667290894,1.0,0.0,1.0,0.0
RAPGEF4,0.5012563961496522,0.19787104721581483,0.0,1.0,0.0
RAPGEF6,0.6030886616944855,0.3221329067469457,0.0,1.0,0.0
RARA,0.6108654920361968,0.23352212559170882,0.0,0.33333333333333326,0.0
RARRES2,0.30188413563435246,0.9204796546069891,1.0,1.0,0.0
RARS1,0.5947618172686697,0.1770278119601886,0.0,0.33333333333333326,0.0
RASA3,0.38129169763778653,0.9076313018680146,0.0,1.0,0.0
RASD1,0.32527133080348714,0.8417063536398288,0.0,1.0,0.0
RASEF,0.6428723419783199,0.05855210868210954,0.0,1.0,0.0
RASGRF2,0.3899378538509932,0.5813139502027888,0.0,1.0,0.0
RASGRP1,0.7291139137781135,0.5477749457266838,0.0,0.33333333333333326,0.0
RASIP1,0.4764248835322631,1.0,1.0,1.0,0.0
RASL12,0.4982275618575615,0.8038356988630735,1.0,1.0,0.0
RASSF3,0.4573710801833791,0.6555020866579829,0.0,1.0,0.0
RASSF4,0.47782351804600837,0.18571732267029314,1.0,1.0,0.0
RASSF5,0.6183308189867776,0.09889519986972811,0.0,1.0,0.0
RASSF7,0.6516070591881461,1.0,0.0,0.33333333333333326,0.0
RASSF9,0.4432751221420382,0.33472750408788177,0.0,1.0,0.0
RBBP4,0.6047063299210226,0.33240324862259496,0.0,1.0,0.0
RBBP6,0.6041880452768021,0.23542033998914652,0.0,1.0,0.0
RBBP7,0.6023416896613357,0.5944015168477501,1.0,1.0,0.0
RBBP8,0.6172038991633443,0.04405635509526591,0.0,0.33333333333333326,0.0
RBCK1,0.6198837452337272,0.9769445073022387,0.0,1.0,0.0
RBFA,0.508449953543439,0.08840778092275622,0.0,1.0,0.0
RBFOX2,0.5581845402892441,0.5807901329845147,0.0,0.33333333333333326,0.0
RBIS,0.5561677224407814,0.054143184544064846,0.0,0.0,0.0
RBL2,0.49230577677783616,0.49122814575349366,0.0,1.0,0.0
RBM12,0.6162766770607803,0.3830723889304566,0.0,1.0,0.0
RBM12B,0.6100554539540749,1.0,0.0,0.0,0.0
RBM23,0.6032663709259755,0.16703874567771437,0.0,1.0,0.0
RBM39,0.6184482597597271,0.7033275909320957,0.0,1.0,0.0
RBM47,0.6929499434932377,0.6263123910603562,0.0,1.0,0.0
RBM48,0.49234994775434193,0.27669595253703977,0.0,1.0,0.0
RBM5,0.5720578656186177,0.19644305383295738,0.0,0.33333333333333326,0.0
RBM7,0.47856552839533484,0.3240230000249693,0.0,0.33333333333333326,0.0
RBM8A,0.6206314081253705,0.7130776534821291,1.0,1.0,0.0
RBMS1,0.4759529480427507,0.6358092234549347,1.0,1.0,0.0
RBMS2,0.4950417988613305,1.0,1.0,1.0,0.0
RBMS3,0.3176857804720384,1.0,0.0,1.0,0.0
RBP4,0.0,1.0,1.0,1.0,0.0
RBP7,0.26057059156458007,1.0,0.0,1.0,0.0
RBPJ,0.49985685698070664,0.7593926601459965,0.0,1.0,0.0
RBPMS,0.4424370358604382,1.0,1.0,1.0,0.0
RBPMS2,0.310800635945728,0.9605430495596122,0.0,1.0,0.0
RBX1,0.5972564324212651,0.18242157711471166,0.0,0.33333333333333326,0.0
RCAN1,0.4655201016842095,0.32667384616536865,0.0,1.0,0.0
RCAN2,0.44757280441048786,0.8417801425517117,1.0,1.0,0.0
RCBTB2,0.4484998194878448,0.643658083672929,1.0,1.0,0.0
RCC1,0.6753612712231183,0.8475908323043317,0.0,0.33333333333333326,0.0
RCC1L,0.5180059501012593,0.03618362157316816,0.0,1.0,0.0
RCC2,0.6973688296842698,1.0,0.0,1.0,0.0
RCL1,0.5201677787458512,0.06158567158275643,0.0,1.0,0.0
RDH10,0.4345154140599015,0.19170569088521225,0.0,1.0,0.0
RDH11,0.6244671747556237,0.3658454306400958,0.0,1.0,0.0
RDH13,0.6743867070565411,1.0,0.0,1.0,0.0
RDX,0.4561959636788096,0.6820582898489485,1.0,1.0,0.0
REC8,0.5899235470760336,0.18367427977219009,0.0,0.33333333333333326,0.0
RECQL5,0.5747162984093988,0.035748785923997994,0.0,0.33333333333333326,0.0
REEP1,0.7208687850593589,1.0,0.0,0.33333333333333326,0.0
REEP2,0.5238383920404461,0.17189825489799823,1.0,1.0,0.0
REL,0.6352964364442943,0.26085755351307244,0.0,0.33333333333333326,0.0
RELN,0.4161890083023463,0.5928366223947642,0.0,1.0,0.0
RER1,0.6027803761647939,0.1336432063883408,0.0,0.33333333333333326,0.0
RERE,0.46166140008455164,1.0,0.0,1.0,0.0
RERGL,0.38144585130615927,1.0,0.0,1.0,0.0
RETREG2,0.6457827614949111,0.8129242418525905,1.0,1.0,0.0
RETSAT,0.3740240700045614,1.0,1.0,1.0,0.0
REV3L,0.47361840084023604,0.6595300140220763,1.0,1.0,0.0
REXO2,0.5055208798188056,0.2252447796292843,0.0,1.0,0.0
RFC1,0.5027595867128906,0.27318476357480287,0.0,0.33333333333333326,0.0
RFC3,0.6551200074023928,0.7202310869761298,0.0,1.0,0.0
RFC4,0.6435348538114105,0.6751333504448476,1.0,1.0,0.0
RFC5,0.5660038146787049,0.27198588798726064,0.0,0.33333333333333326,0.0
RFLNB,0.4740029015139922,0.20115465543543998,0.0,1.0,0.0
RFTN1,0.404085955991903,0.9700177908150789,1.0,1.0,0.0
RFWD3,0.6242028879119638,0.7122765720695569,0.0,1.0,0.0
RFX5,0.650662829264988,0.9585821820847349,0.0,1.0,0.0
RFXANK,0.5953170960429405,0.23930184745577956,0.0,1.0,0.0
RGCC,0.3602766299712976,1.0,1.0,1.0,0.0
RGL1,0.4329553294390298,0.8159253872389033,1.0,1.0,0.0
RGL2,0.6505050804863027,0.9532905309556883,0.0,1.0,0.0
RGMA,0.4318133029897294,0.8526206787334184,0.0,1.0,0.0
RGN,0.4152319970275063,1.0,1.0,1.0,0.0
RGP1,0.5709970610018519,0.19749424323325387,0.0,0.33333333333333326,0.0
RGS1,0.7036998013085645,0.7470475242488772,0.0,1.0,0.0
RGS10,0.6368672948778442,0.7606752194851587,0.0,0.33333333333333326,0.0
RGS19,0.6052297911448927,0.3837401437169326,0.0,0.33333333333333326,0.0
RGS2,0.3847102370759509,0.4302026760060367,0.0,0.33333333333333326,0.0
RGS20,0.5086361162078851,0.10508459991958312,0.0,1.0,0.0
RGS3,0.4617539554599618,0.4635406660207177,1.0,1.0,0.0
RGS4,0.6626763567550458,0.4003991584688139,1.0,1.0,0.0
RGS5,0.4657724586016177,0.7173352790514703,1.0,1.0,0.0
RHBDD2,0.6270184218708945,0.24910954343339836,0.0,1.0,0.0
RHBDD3,0.6046517731923507,0.2908587707233734,0.0,0.33333333333333326,0.0
RHBDF1,0.6628066789080425,0.6321768250442901,0.0,0.33333333333333326,0.0
RHBDF2,0.6339905865643267,0.8038587170513345,0.0,1.0,0.0
RHNO1,0.6731379143139415,1.0,0.0,1.0,0.0
RHOA,0.49748050227232565,0.36823697382734233,0.0,1.0,0.0
RHOBTB3,0.4014234582600299,0.42650578137636597,1.0,1.0,0.0
RHOC,0.6214094878958328,0.18389036552256408,0.0,1.0,0.0
RHOD,0.6103001546017189,0.8011213719012817,0.0,0.33333333333333326,0.0
RHOH,0.7531999000295988,0.6950854033650525,0.0,0.33333333333333326,0.0
RHOJ,0.3869519210738859,0.9106845094110289,0.0,1.0,0.0
RHOQ,0.39551657061025475,0.8876948642951829,1.0,1.0,0.0
RHOT2,0.6365673859909777,1.0,0.0,0.33333333333333326,0.0
RHOU,0.4247348016587828,0.5157551615329748,0.0,1.0,0.0
RHPN1,0.6194589667660628,0.6767617802427965,0.0,1.0,0.0
RHPN2,0.7558892956954819,0.6128366337806703,0.0,1.0,0.0
RIC1,0.5159265692383437,0.09881976757094028,0.0,1.0,0.0
RIF1,0.5604176282221393,0.34448786267072906,1.0,0.33333333333333326,0.0
RILP,0.4657445191230486,0.617773619047829,0.0,1.0,0.0
RILPL2,0.5116171072076529,0.47821914300384494,0.0,1.0,0.0
RIMKLB,0.4491466896588154,1.0,0.0,1.0,0.0
RIOX1,0.6186613983563174,1.0,0.0,1.0,0.0
RIOX2,0.5086168478200348,0.11859447874666003,0.0,1.0,0.0
RIPK4,0.7065083059358452,0.6466534539183397,0.0,0.33333333333333326,0.0
RIPOR1,0.5125212406238439,0.9775154179130815,0.0,1.0,0.0
RITA1,0.6045010552717561,0.6015992183617774,0.0,0.33333333333333326,0.0
RLF,0.5837566646545486,0.20401178135838122,0.0,0.33333333333333326,0.0
RLIM,0.5981184550552036,0.8038384355364468,0.0,1.0,0.0
RMC1,0.5542129152087669,0.1652043688606936,0.0,0.33333333333333326,0.0
RMDN1,0.5188396582933382,0.728726695442286,0.0,0.33333333333333326,0.0
RMDN3,0.5223050816390118,0.14843521623361533,1.0,1.0,0.0
RMI1,0.6893295677475576,1.0,0.0,1.0,0.0
RMI2,0.7251658356909191,1.0,0.0,1.0,0.0
RNASE1,0.36521987256625066,0.8229582779375447,1.0,1.0,0.0
RNASE4,0.3954377723934566,0.7932250471990472,1.0,1.0,0.0
RNASEH2A,0.6959753221872564,1.0,0.0,0.33333333333333326,0.0
RNASEH2B,0.5002827865753836,0.5510904823926864,0.0,1.0,0.0
RNASET2,0.6120891903073792,0.274237219280272,0.0,1.0,0.0
RND1,0.6574689750152727,1.0,0.0,1.0,0.0
RND3,0.40817174324585276,0.5126427327673393,0.0,1.0,0.0
RNF103,0.600586939638306,0.11765167588660323,1.0,1.0,0.0
RNF11,0.47255481912520064,0.3455645346932457,0.0,1.0,0.0
RNF113A,0.5829429969533244,0.1513605810584624,0.0,1.0,0.0
RNF114,0.6095671637375183,0.8649943779772682,0.0,1.0,0.0
RNF115,0.6129443707631813,0.2159695953839219,0.0,1.0,0.0
RNF125,0.394748444339168,1.0,0.0,1.0,0.0
RNF126,0.5907285326039347,0.2607557173269564,0.0,1.0,0.0
RNF130,0.43845584252356157,0.5631563098393811,1.0,1.0,0.0
RNF139,0.608763201374481,0.19619956967190627,0.0,1.0,0.0
RNF14,0.5079775186768026,0.034467776093864706,0.0,1.0,0.0
RNF141,0.4755841754390292,0.2586400821197266,0.0,1.0,0.0
RNF144A,0.5005786355643739,0.06430976054469212,0.0,1.0,0.0
RNF145,0.45322036157868534,0.32944108695837215,0.0,1.0,0.0
RNF146,0.5081642076408187,0.5936912063197581,1.0,1.0,0.0
RNF149,0.6184398974344146,0.39656109827066954,0.0,1.0,0.0
RNF150,0.2187612360581044,1.0,0.0,1.0,0.0
RNF157,0.3608357484851773,0.8482066981711941,0.0,1.0,0.0
RNF170,0.5173836433639257,0.06267943186539551,0.0,1.0,0.0
RNF187,0.6389952343212525,0.6554957200902131,0.0,1.0,0.0
RNF19B,0.5762016745293665,0.08985981277454333,0.0,0.33333333333333326,0.0
RNF213,0.6567801088623338,0.6022145676246089,0.0,1.0,0.0
RNF217,0.48093662121308267,0.4518803242539062,0.0,1.0,0.0
RNF25,0.5834990700833037,0.21991301419233214,0.0,0.33333333333333326,0.0
RNF34,0.5966727841623717,0.12373680920909966,0.0,1.0,0.0
RNF38,0.5127843590618091,0.5417381410970423,0.0,1.0,0.0
RNF4,0.5971334743058031,0.39672535993814767,1.0,1.0,0.0
RNF40,0.6256104042399925,0.2641581631276908,0.0,0.33333333333333326,0.0
RNF41,0.4996483047527532,0.4508176085769102,1.0,1.0,0.0
RNF43,0.669123901909314,0.7460822822565719,0.0,1.0,0.0
RNF7,0.5994903916755882,0.44598589342876055,0.0,0.33333333333333326,0.0
RNH1,0.5153729645316798,0.10896361468427711,0.0,1.0,0.0
RNLS,0.48225793621999624,0.36592493978356133,0.0,1.0,0.0
RNPEP,0.6500134332267324,0.7863887306768124,0.0,1.0,0.0
RNPS1,0.6120622363951329,0.9922263813825299,1.0,1.0,0.0
RO60,0.601383378589372,0.24685952262559732,0.0,1.0,0.0
ROBO1,0.4540556915287041,0.4443529465887182,0.0,1.0,0.0
ROBO3,0.4934509849458362,1.0,1.0,1.0,0.0
ROBO4,0.3814031787952467,1.0,0.0,1.0,0.0
ROCK2,0.42274991926861805,1.0,0.0,0.33333333333333326,0.0
ROGDI,0.700783427344551,0.9833785531364094,0.0,1.0,0.0
RORA,0.49199959547117494,0.41010194504605707,1.0,1.0,0.0
RORC,0.6982599690839437,0.8837059935075923,0.0,0.33333333333333326,0.0
RP9,0.6094485026990747,0.5225242977837237,0.0,1.0,0.0
RPA3,0.5757481365626392,0.7498983254224413,0.0,0.33333333333333326,0.0
RPAP3,0.6178293084772469,0.3393646901968409,0.0,0.33333333333333326,0.0
RPH3AL,0.46671553351833245,0.255557005132307,0.0,1.0,0.0
RPL11,0.5099053334328026,0.7050736007854965,0.0,0.33333333333333326,0.0
RPL22,0.5328052994334666,0.38133381371318564,0.0,0.33333333333333326,0.0
RPL22L1,0.6273155464839827,0.36983167726426147,0.0,1.0,0.0
RPL23A,0.568604390009348,0.19020279256127978,0.0,0.33333333333333326,0.0
RPL26L1,0.6078442952707162,1.0,1.0,1.0,0.0
RPL31,0.5317457725158213,0.260351185904855,0.0,0.33333333333333326,0.0
RPL32,0.530548500866648,0.30139411124630033,0.0,1.0,0.0
RPL34,0.528931345442335,0.42160046919288074,0.0,1.0,0.0
RPL39L,0.6420219536333721,0.783484288937018,1.0,1.0,0.0
RPL5,0.538619316872237,0.11134562096481497,0.0,0.33333333333333326,0.0
RPL7,0.5351168166163406,0.3178546982747156,0.0,0.33333333333333326,0.0
RPL8,0.6028207261561258,0.47810637743084006,0.0,1.0,0.0
RPL9,0.529621240935755,0.6187098698104215,0.0,0.33333333333333326,0.0
RPN1,0.6060967930077483,0.3553913617599779,1.0,1.0,0.0
RPN2,0.6258129521310781,0.7842450293463386,1.0,1.0,0.0
RPP38,0.6104851388394972,0.5071399677240656,0.0,0.33333333333333326,0.0
RPP40,0.6236366734547895,0.5474100045375165,0.0,1.0,0.0
RPRD1B,0.5943926306128585,0.14448991383351037,0.0,1.0,0.0
RPS17,0.5319717512714622,0.23363869290771805,0.0,0.33333333333333326,0.0
RPS19,0.5956940744754132,0.16714934363897554,0.0,1.0,0.0
RPS23,0.5318141382501398,0.29925715919863316,0.0,0.33333333333333326,0.0
RPS25,0.5065794051690711,1.0,0.0,1.0,0.0
RPS6KA1,0.6703461675485614,0.5212802110764262,0.0,0.33333333333333326,0.0
RPS6KA3,0.4710623945190168,0.5258900126148722,0.0,1.0,0.0
RPS6KA6,0.5767840541347682,0.5323217961724865,0.0,0.0,0.0
RPS6KB2,0.6476343674309235,0.9799333273944221,0.0,1.0,0.0
RPUSD1,0.5787400019119406,0.15907025272817163,0.0,1.0,0.0
RPUSD4,0.5015458584636909,0.3661903435458955,0.0,1.0,0.0
RRAGA,0.5174129396395775,0.06848139719261052,0.0,0.33333333333333326,0.0
RRAGC,0.4880246040547239,0.33213775791163613,1.0,1.0,0.0
RRAGD,0.43496775332422694,0.6490251711991282,1.0,1.0,0.0
RRAS,0.41407953091716876,1.0,1.0,1.0,0.0
RRAS2,0.4248801750670929,1.0,1.0,1.0,0.0
RRM2,0.876338811177995,1.0,1.0,1.0,0.0
RRP1,0.5798855438483053,0.6671599917108826,1.0,0.33333333333333326,0.0
RRP15,0.6166024346101937,0.6097064678553651,0.0,1.0,0.0
RRP7A,0.601551049578944,0.05273552811971058,0.0,0.33333333333333326,0.0
RRS1,0.6349275191239694,0.5301379597839723,0.0,1.0,0.0
RSAD1,0.5807010334484876,0.24490848352373973,0.0,0.33333333333333326,0.0
RSAD2,0.6547893638050919,0.23399633544638235,1.0,1.0,0.0
RSBN1L,0.6214769086916019,0.39341894301124464,0.0,1.0,0.0
RSPO3,0.26927031821162356,1.0,0.0,1.0,0.0
RSPRY1,0.60200275297333,0.3220001814624695,0.0,1.0,0.0
RSRP1,0.5999142140095858,0.46825829411881636,1.0,0.33333333333333326,0.0
RSU1,0.5066552378650684,0.02489697036387268,0.0,1.0,0.0
RTKN,0.7334897515385983,1.0,0.0,1.0,0.0
RTL10,0.628613113412752,0.773496536035179,0.0,1.0,0.0
RTL8C,0.5097319954740621,0.3205427219835408,0.0,1.0,0.0
RTN2,0.610408278173738,0.17845580238293005,0.0,1.0,0.0
RTN3,0.4523759300706428,0.952541075334469,1.0,1.0,0.0
RTN4,0.4960223098282088,0.7707084867752869,1.0,1.0,0.0
RUNDC1,0.6203433035897148,0.24437129620901804,0.0,1.0,0.0
RUNX1T1,0.4215926407947638,0.7466961065165405,1.0,1.0,0.0
RUNX2,0.7386803381218082,0.668876431655971,0.0,0.33333333333333326,0.0
RUSC1,0.7066833655110841,1.0,0.0,0.33333333333333326,0.0
RUSC2,0.5164276520925803,0.6119553807023813,1.0,1.0,0.0
RUSF1,0.6133477220627274,0.165410236386124,0.0,0.33333333333333326,0.0
RUVBL1,0.640971239254594,1.0,1.0,1.0,0.0
RUVBL2,0.6562153925875319,0.6455091577789195,0.0,1.0,0.0
RWDD2B,0.50886469993752,0.2089048287197886,1.0,1.0,0.0
RXRA,0.4986774607944172,0.738664362167086,0.0,1.0,0.0
RXRB,0.5747078869464057,0.5859383956656307,0.0,0.33333333333333326,0.0
RXYLT1,0.5953502678333757,0.013591519696580885,0.0,0.33333333333333326,0.0
RYBP,0.6043645400492494,0.1628363271547411,0.0,0.33333333333333326,0.0
S100A1,0.45382687491700857,0.38020239455163,0.0,0.33333333333333326,0.0
S100A10,0.47679892410987096,0.4388579132634204,1.0,1.0,0.0
S100A11,0.600888846823327,0.12615322163944812,0.0,1.0,0.0
S100A14,0.7690005085447157,1.0,1.0,1.0,0.0
S100A16,0.6364864335602783,0.38671434288737333,0.0,1.0,0.0
S100A4,0.4081840134497419,0.5978813597992834,1.0,1.0,0.0
S100A6,0.47991109474605864,0.27593553555273925,1.0,1.0,0.0
S100A7,0.7150365371576934,0.91656542701598,0.0,1.0,0.0
S100B,0.19971404794244627,1.0,1.0,1.0,0.0
S100P,0.8668980542926469,1.0,1.0,1.0,0.0
S1PR1,0.4085403935067505,1.0,1.0,1.0,0.0
S1PR2,0.5358419452040144,0.059297758599607224,0.0,1.0,0.0
S1PR3,0.6381043939342443,0.12553560613211376,0.0,1.0,0.0
SAA2,0.16716456519802508,1.0,1.0,1.0,0.0
SAC3D1,0.6470457509887174,0.41582646231646814,0.0,1.0,0.0
SACK1H,0.8476867358552691,0.9878557000856146,0.0,1.0,0.0
SACM1L,0.5030835785165909,0.2885648088604097,0.0,1.0,0.0
SACS,0.4861561387926063,0.2415249675226108,0.0,0.33333333333333326,0.0
SAE1,0.5992659929642749,0.183751012994894,0.0,1.0,0.0
SAMD12,0.7389536203284813,0.5007967668331117,0.0,1.0,0.0
SAMD4A,0.36654202078192755,1.0,1.0,1.0,0.0
SAMD4B,0.593381078639731,0.4926229857529746,0.0,0.33333333333333326,0.0
SAMD8,0.40104538558266867,0.6560977410763653,0.0,1.0,0.0
SAMD9,0.6281729778232924,0.39863293670390193,0.0,1.0,0.0
SAMM50,0.4863949399799703,0.3491784609803523,0.0,1.0,0.0
SAP30,0.6524411652847054,0.5807085194293071,0.0,0.33333333333333326,0.0
SAPCD2,0.7163436423907261,1.0,0.0,1.0,0.0
SAR1A,0.48423811494901936,0.44244825467797105,1.0,1.0,0.0
SARNP,0.5610145558580073,0.3552804051133807,0.0,0.0,0.0
SART3,0.6219033010419234,0.5001710281922406,0.0,1.0,0.0
SASH1,0.40818409455976,1.0,1.0,1.0,0.0
SAT2,0.47439377820264095,0.38998343741706654,0.0,1.0,0.0
SATB1,0.4464394872960025,1.0,0.0,1.0,0.0
SAV1,0.4953017159007344,0.902009420309955,0.0,1.0,0.0
SAYSD1,0.6262664108145125,0.3912993342981792,0.0,0.33333333333333326,0.0
SBF2,0.4144045858946697,0.9297191182866128,0.0,1.0,0.0
SBNO2,0.5969410344216605,0.585521978044674,0.0,0.33333333333333326,0.0
SC5D,0.4739462813115399,0.10400528239988314,0.0,1.0,0.0
SCAF11,0.5938457745062857,0.2125848122832372,0.0,0.33333333333333326,0.0
SCAMP1,0.6004158458139185,0.05229667380986043,0.0,1.0,0.0
SCAMP3,0.6254951903955543,0.5099356612396777,0.0,0.33333333333333326,0.0
SCAMP4,0.5856056024630454,0.33313424443687917,0.0,0.33333333333333326,0.0
SCAND1,0.6285945878175253,0.4993105624435161,0.0,0.33333333333333326,0.0
SCAPER,0.4890446839163685,0.2830651477838223,1.0,1.0,0.0
SCARA5,0.0717729505123235,1.0,0.0,1.0,0.0
SCARB1,0.49517304417850816,0.4538426034344275,0.0,0.33333333333333326,0.0
SCCPDH,0.604535173681754,0.05379052073787266,0.0,1.0,0.0
SCD,0.43008684937914593,0.14165486741479982,1.0,1.0,0.0
SCML1,0.46672354916565256,0.17517450799451326,0.0,1.0,0.0
SCN1B,0.5255900490423231,0.34648413054356253,0.0,1.0,0.0
SCN2B,0.5267586288565291,0.09859584078405463,0.0,1.0,0.0
SCN4A,0.5337345262510936,0.01808845426219495,0.0,1.0,0.0
SCN4B,0.33096820250619285,1.0,0.0,1.0,0.0
SCNN1A,0.8334681342533924,0.7977566871147151,0.0,0.33333333333333326,0.0
SCO2,0.6322471880615868,0.5870236755400298,0.0,1.0,0.0
SCRIB,0.6545269664396447,0.9733168738648942,1.0,1.0,0.0
SCRN2,0.3589683071347923,1.0,0.0,1.0,0.0
SCYL2,0.5607233392528734,0.3622464619491284,0.0,0.33333333333333326,0.0
SCYL3,0.6378612565665966,0.6697111143334504,1.0,1.0,0.0
SDC1,0.8060020486286992,1.0,1.0,1.0,0.0
SDC2,0.43918677263648764,0.3497277113167239,1.0,1.0,0.0
SDC4,0.7125238724829108,0.6718948039329388,1.0,1.0,0.0
SDCBP,0.4866326546045254,0.5672837848728853,1.0,1.0,0.0
SDE2,0.5905935671550625,0.22404650137603652,0.0,1.0,0.0
SDF2L1,0.6639238387893286,0.9346981455934237,1.0,1.0,0.0
SDHD,0.4281419262577207,0.7081703969447098,0.0,1.0,0.0
SDR16C5,0.6952528054123007,0.25416383723499686,0.0,1.0,0.0
SDSL,0.6451610670096245,0.6577507884509808,0.0,1.0,0.0
SEC11A,0.5238421806480974,0.15277784446411102,0.0,1.0,0.0
SEC11C,0.6390883035071361,0.4016938256914869,0.0,1.0,0.0
SEC14L2,0.6405133724870459,0.677973090251392,0.0,0.33333333333333326,0.0
SEC16A,0.6465851119121766,0.8984230614098998,0.0,1.0,0.0
SEC23A,0.47027317740437247,0.21380419695215097,0.0,1.0,0.0
SEC23B,0.6230376361963549,0.392279560085131,1.0,1.0,0.0
SEC24C,0.6067765906979111,0.9734607323088081,0.0,0.33333333333333326,0.0
SEC24D,0.6509422881998631,0.44869033556910914,0.0,0.33333333333333326,0.0
SEC61A1,0.6824931465462564,0.5578769586366528,0.0,0.33333333333333326,0.0
SEC61A2,0.6538978339185714,1.0,0.0,1.0,0.0
SEC62,0.5136239264089347,0.38473099668228605,0.0,1.0,0.0
SECISBP2,0.62346838314434,0.3135734008803201,0.0,1.0,0.0
SECISBP2L,0.4814319049972569,0.8529171652063459,0.0,1.0,0.0
SECTM1,0.6362621608574502,0.5879537549211747,0.0,1.0,0.0
SELENBP1,0.4899592288016503,0.22582917749473055,0.0,1.0,0.0
SELENOH,0.6174904280673127,0.7305158011281134,0.0,1.0,0.0
SELENOI,0.7224701167408275,1.0,0.0,1.0,0.0
SELENOP,0.4436978643795815,0.6633171482106937,1.0,1.0,0.0
SELP,0.45006953383380416,0.7545037849308228,0.0,1.0,0.0
SEMA3C,0.43773746804282176,0.314764506969304,0.0,0.33333333333333326,0.0
SEMA3F,0.7122677289242844,1.0,0.0,1.0,0.0
SEMA3G,0.3099341206390592,1.0,1.0,1.0,0.0
SEMA4A,0.5802742915544752,0.6444221108338748,1.0,0.33333333333333326,0.0
SEMA4B,0.7015809636758769,0.4521033621108841,0.0,1.0,0.0
SEMA4C,0.6687677472160359,0.7228213400910829,0.0,0.33333333333333326,0.0
SEMA4D,0.6532509305176524,1.0,0.0,1.0,0.0
SEMA6D,0.41120256921150083,0.8818892560093812,0.0,1.0,0.0
SEPHS2,0.6328937795934951,0.9838486785771061,1.0,1.0,0.0
SEPTIN10,0.46439321855849963,0.8221905837864989,0.0,1.0,0.0
SEPTIN11,0.44464961664789254,0.5175995034733823,1.0,1.0,0.0
SEPTIN2,0.5112820233274917,0.3346973433916871,0.0,1.0,0.0
SEPTIN4,0.4654541245251067,0.4956255859245294,0.0,1.0,0.0
SEPTIN6,0.6371798763893903,0.6595323347717622,0.0,0.33333333333333326,0.0
SEPTIN7,0.5084185625886408,0.6168386867564603,0.0,1.0,0.0
SEPTIN8,0.655426789898556,0.9083380094980772,1.0,1.0,0.0
SEPTIN9,0.634092562270212,0.7531774669562042,1.0,1.0,0.0
SERF1B,0.6018379418975384,0.1134366713223515,0.0,1.0,0.0
SERINC1,0.4334209315805831,0.5821856970251226,1.0,1.0,0.0
SERINC2,0.7670899066176845,1.0,0.0,0.33333333333333326,0.0
SERP1,0.6104250075747781,0.9034256164067801,1.0,1.0,0.0
SERPINA3,0.744545046987028,0.4187319311116706,1.0,1.0,0.0
SERPINB6,0.5270019492429107,0.05579475289270936,0.0,1.0,0.0
SERPINE2,0.6590853018574445,0.20292589021135432,0.0,1.0,0.0
SERPINF1,0.36120486852423567,0.6774572637530528,1.0,1.0,0.0
SERPING1,0.4198471920154969,0.7813675437155484,1.0,1.0,0.0
SERTAD4,0.686757432894163,0.9775661445682652,0.0,1.0,0.0
SESN1,0.46668481138620066,0.5760886736632929,0.0,1.0,0.0
SESN3,0.4587029190806162,0.4755415488221828,0.0,1.0,0.0
SESTD1,0.4431660215848596,0.21381252127410513,0.0,1.0,0.0
SETD3,0.508328696455677,0.4312461299771883,1.0,1.0,0.0
SETD4,0.6338407096832545,1.0,0.0,0.33333333333333326,0.0
SETD5,0.6592999313120584,0.8590615194416886,0.0,1.0,0.0
SETD7,0.4235604286588754,1.0,0.0,1.0,0.0
SETDB1,0.6364673194016738,1.0,0.0,1.0,0.0
SETMAR,0.4998993562204628,0.14386346046813636,0.0,1.0,0.0
SETSIP,0.6079070075234931,0.6041830986164822,0.0,1.0,0.0
SF1,0.5552343194106263,0.21135877139366027,0.0,0.33333333333333326,0.0
SF3A2,0.5681561875045168,0.10145686360310523,0.0,0.0,0.0
SF3B4,0.6366839344005246,0.641674031937245,0.0,0.33333333333333326,0.0
SF3B6,0.5606586137716023,0.16157433733615886,0.0,0.0,0.0
SFMBT1,0.623080826745337,0.5540977011440413,0.0,1.0,0.0
SFMBT2,0.6248760918687968,0.030785725230647366,0.0,1.0,0.0
SFN,0.7359745380024401,0.7162294468324014,1.0,1.0,0.0
SFPQ,0.6466506727466992,0.6893685984726639,0.0,1.0,0.0
SFR1,0.5079141719532888,0.46933359048799,0.0,1.0,0.0
SFRP1,0.32750036182662773,0.9423185896801648,1.0,1.0,0.0
SFXN1,0.6467555055530493,0.4262763742634849,1.0,1.0,0.0
SFXN2,0.6502171191630307,0.6344510581306771,0.0,1.0,0.0
SFXN4,0.5994021957082053,0.12589992800513278,0.0,1.0,0.0
SFXN5,0.6374925579119513,0.6299118250211766,0.0,1.0,0.0
SGCB,0.395503411747003,1.0,0.0,1.0,0.0
SGCE,0.421632685303526,0.38708269835939607,1.0,1.0,0.0
SGCG,0.27814038580156913,0.7642352220431834,1.0,1.0,0.0
SGF29,0.5666123375909394,0.046543232990812686,0.0,0.33333333333333326,0.0
SGK2,0.40539599153786066,1.0,0.0,1.0,0.0
SGPL1,0.6615939979557488,1.0,0.0,1.0,0.0
SGSM3,0.6206762262812724,0.3607582419866492,0.0,1.0,0.0
SGTB,0.48375500010646316,0.4030215374220565,0.0,1.0,0.0
SH2B2,0.642448616965454,0.3839051094559723,0.0,1.0,0.0
SH2B3,0.4709950713239194,0.3591763141859545,0.0,1.0,0.0
SH3BGR,0.4833398401251196,0.2148790509584381,0.0,1.0,0.0
SH3BGRL2,0.37441785721730203,1.0,0.0,1.0,0.0
SH3BP4,0.6671911140571248,0.42769508218372804,1.0,1.0,0.0
SH3BP5,0.45492089552412324,1.0,1.0,1.0,0.0
SH3D19,0.27942142628784794,1.0,0.0,1.0,0.0
SH3GLB1,0.4607631897304417,0.36606496403418437,1.0,1.0,0.0
SH3GLB2,0.605048475297678,0.1612320310350657,0.0,0.33333333333333326,0.0
SH3KBP1,0.537957689640197,0.5444220700539545,0.0,1.0,0.0
SH3RF1,0.6505179489577307,0.5116709640701559,0.0,1.0,0.0
SH3RF3,0.4864755147356409,0.4756589652584162,0.0,1.0,0.0
SH3YL1,0.6163088480488585,0.1600653299984179,0.0,1.0,0.0
SHANK2,0.732809006710013,1.0,0.0,0.33333333333333326,0.0
SHARPIN,0.5862923780503634,0.13850525175384834,0.0,0.33333333333333326,0.0
SHB,0.6467489755268128,0.9413933217592325,1.0,0.33333333333333326,0.0
SHC2,0.5653731114214289,0.06467728491646589,0.0,0.33333333333333326,0.0
SHE,0.37123053556136565,1.0,0.0,1.0,0.0
SHISA5,0.5949006800345884,0.2089730491449462,0.0,1.0,0.0
SHKBP1,0.6011171165433911,0.44754401175425296,0.0,1.0,0.0
SHMT2,0.6436761256010394,0.7606607428158889,1.0,1.0,0.0
SHOX2,0.4913966838825517,0.22199877164398368,1.0,1.0,0.0
SHQ1,0.6265621083513433,0.7032825626393521,0.0,0.33333333333333326,0.0
SHROOM1,0.6281594008364874,0.2741618961746857,0.0,1.0,0.0
SHROOM3,0.7723457131109304,0.43163414083754614,0.0,1.0,0.0
SHROOM4,0.5093255906059573,0.5145734318184925,0.0,1.0,0.0
SHTN1,0.6923873031503713,0.6421794500073602,0.0,1.0,0.0
SIAE,0.49604767598736016,0.13123853619271347,0.0,1.0,0.0
SIAH2,0.6577059389454369,0.425075527371067,0.0,0.33333333333333326,0.0
SIDT1,0.6647982259187539,0.24792538087053334,0.0,0.33333333333333326,0.0
SIDT2,0.4769067168087187,1.0,1.0,1.0,0.0
SIGIRR,0.6042436165721443,0.12250254985721655,0.0,0.33333333333333326,0.0
SIGLEC1,0.48128900855454926,0.2876722103093578,0.0,1.0,0.0
SIK2,0.35976357978949464,1.0,1.0,1.0,0.0
SIK3,0.5147432249894633,0.28181983825171336,0.0,1.0,0.0
SIN3B,0.5857503937823244,0.4080869559153868,0.0,0.33333333333333326,0.0
SINHCAF,0.6764276052529196,0.5306655466712242,1.0,1.0,0.0
SIPA1L1,0.6093306806522858,1.0,0.0,0.33333333333333326,0.0
SIPA1L3,0.6417188252678494,0.5215320665355281,0.0,1.0,0.0
SIRPA,0.46226383923751,0.5459123917645621,0.0,1.0,0.0
SIRT1,0.49521153626816455,0.2317998692522814,1.0,1.0,0.0
SIRT2,0.4971183102599052,0.3188246092877423,0.0,1.0,0.0
SIRT7,0.6467524314455367,1.0,0.0,0.33333333333333326,0.0
SIX4,0.7232967782050709,0.9663797970967478,0.0,1.0,0.0
SKAP2,0.40250143223372586,0.792462227676898,0.0,1.0,0.0
SKI,0.46481702713775863,1.0,1.0,1.0,0.0
SKIC2,0.6122811798261625,0.7431634541643004,0.0,0.33333333333333326,0.0
SKIL,0.6178804483064336,0.31498592874866466,0.0,0.33333333333333326,0.0
SLAMF8,0.7021064748675547,0.49945481167599315,0.0,0.33333333333333326,0.0
SLC11A2,0.674689050116477,0.5278906876754648,0.0,0.33333333333333326,0.0
SLC12A6,0.5172236548300302,0.4452673273367235,1.0,1.0,0.0
SLC12A7,0.6441937548410451,1.0,0.0,1.0,0.0
SLC12A8,0.6931664386816038,0.8641156178388483,0.0,1.0,0.0
SLC16A1,0.4956324797984009,0.10736021831764142,0.0,1.0,0.0
SLC16A2,0.4622083506236555,1.0,1.0,1.0,0.0
SLC16A6,0.8056358977399682,0.9108957126009967,0.0,0.33333333333333326,0.0
SLC16A7,0.3141957839236124,0.7584109313428513,1.0,1.0,0.0
SLC19A3,0.22489542364233517,1.0,1.0,1.0,0.0
SLC1A1,0.6552010120982776,0.0911072634093502,0.0,1.0,0.0
SLC1A3,0.40298966021754373,0.46126920250468045,1.0,1.0,0.0
SLC1A4,0.7071226364762081,0.792313376975819,0.0,0.33333333333333326,0.0
SLC1A5,0.5106880838086603,0.4325103714740168,0.0,1.0,0.0
SLC20A1,0.6803312838394979,1.0,1.0,1.0,0.0
SLC22A3,0.5489503552653946,0.15827207325628043,0.0,0.33333333333333326,0.0
SLC22A5,0.6098547672848591,0.47314905355123593,0.0,1.0,0.0
SLC24A3,0.4673215935672855,0.37041915292306915,0.0,1.0,0.0
SLC25A1,0.4776818236356683,0.19650086649576337,1.0,1.0,0.0
SLC25A13,0.6208850205566656,0.34565747101569844,1.0,1.0,0.0
SLC25A14,0.6131677133110086,0.63259965016019,1.0,1.0,0.0
SLC25A15,0.6648316069108328,0.7710045400367826,0.0,1.0,0.0
SLC25A16,0.6257891888549912,0.2886830836796724,0.0,0.33333333333333326,0.0
SLC25A17,0.6204542764954935,0.7241621391997717,0.0,1.0,0.0
SLC25A20,0.4502724206916895,0.6561761881773158,1.0,1.0,0.0
SLC25A23,0.5043244642941578,0.16266201911764475,1.0,1.0,0.0
SLC25A25,0.4864206586555454,0.3532502774277576,0.0,1.0,0.0
SLC25A26,0.5090220404322213,0.3153229700378725,0.0,1.0,0.0
SLC25A29,0.6935674357037299,0.6511635894384367,0.0,1.0,0.0
SLC25A3,0.5104528410388516,0.26029749063793295,0.0,1.0,0.0
SLC25A30,0.49089364048294953,0.4982525582761483,0.0,1.0,0.0
SLC25A33,0.41899928974402917,0.29416187411332173,0.0,1.0,0.0
SLC25A36,0.5574292663146637,0.25811319318377296,0.0,0.33333333333333326,0.0
SLC25A37,0.5504980465252599,0.6910472113936512,0.0,0.33333333333333326,0.0
SLC25A38,0.5991847476430654,0.055415243502090795,0.0,0.33333333333333326,0.0
SLC25A39,0.6355956191218506,0.2988187425638812,0.0,1.0,0.0
SLC25A4,0.5149959713692802,0.18938092860150216,0.0,1.0,0.0
SLC25A40,0.6055909550623565,0.18439853934846281,0.0,0.33333333333333326,0.0
SLC25A42,0.5211160263176983,0.4815592460974209,0.0,0.33333333333333326,0.0
SLC25A44,0.5961930294312215,0.6686304875621103,0.0,0.33333333333333326,0.0
SLC25A46,0.4803478405722019,0.2388358472691049,0.0,1.0,0.0
SLC25A6,0.5255769038973103,0.059629524026390004,0.0,1.0,0.0
SLC26A11,0.6495543871691418,0.43858456913383437,0.0,1.0,0.0
SLC27A3,0.501776993825397,0.5827493298486325,0.0,1.0,0.0
SLC27A4,0.6252901852930118,0.8999792323517406,0.0,1.0,0.0
SLC29A1,0.4898717878608482,0.3565928082852003,1.0,1.0,0.0
SLC29A3,0.6314646515176316,0.3103281836713555,0.0,0.33333333333333326,0.0
SLC29A4,0.36392097496311154,0.5613875109803379,0.0,1.0,0.0
SLC2A1,0.6889711305983325,0.8567397075876739,0.0,0.33333333333333326,0.0
SLC2A10,0.7058580128207366,0.5531698820391744,1.0,1.0,0.0
SLC30A1,0.6028614460055457,0.035162076478762835,0.0,1.0,0.0
SLC30A4,0.4781922887976935,0.3098909571725419,0.0,1.0,0.0
SLC30A7,0.6191294029709683,0.5255045377448437,0.0,1.0,0.0
SLC31A2,0.4822214782402274,0.2853661069522281,1.0,1.0,0.0
SLC33A1,0.6226358391307363,0.5206876447376086,0.0,1.0,0.0
SLC35A2,0.6948823474210896,1.0,1.0,1.0,0.0
SLC35A3,0.6289718646676212,0.28863069970076893,0.0,1.0,0.0
SLC35B1,0.645454879891812,1.0,0.0,1.0,0.0
SLC35B4,0.48443213291370235,0.2693348871754858,0.0,1.0,0.0
SLC35C1,0.5252206099316143,0.16451425272052936,0.0,1.0,0.0
SLC35D1,0.6414644294948418,0.2513214047826201,0.0,0.33333333333333326,0.0
SLC35E2B,0.5666505813140593,0.09226557543887276,0.0,0.33333333333333326,0.0
SLC35E3,0.6119855357192284,0.4799685268272757,1.0,1.0,0.0
SLC35F2,0.5956024421651505,0.7806185065230666,0.0,0.0,0.0
SLC35G2,0.367675189585262,1.0,1.0,1.0,0.0
SLC35H1,0.6332760642652714,1.0,0.0,1.0,0.0
SLC37A1,0.6741012657357782,1.0,0.0,0.33333333333333326,0.0
SLC37A4,0.6026073307840499,0.4630389792987605,0.0,0.33333333333333326,0.0
SLC38A1,0.804832490172401,1.0,1.0,1.0,0.0
SLC39A1,0.6030977299591327,0.7381094983897767,0.0,1.0,0.0
SLC39A11,0.7103905233561247,0.8184361429217695,0.0,1.0,0.0
SLC39A13,0.5986892053765049,0.18003200598335947,0.0,1.0,0.0
SLC39A3,0.6002271138546615,0.33451161651462497,0.0,1.0,0.0
SLC39A4,0.7092695630714253,0.6773124645265417,0.0,1.0,0.0
SLC39A6,0.6907335630739482,0.5511989811648613,1.0,1.0,0.0
SLC39A7,0.6444239248434599,0.6054346687811475,0.0,1.0,0.0
SLC3A2,0.6081398774904375,0.16132820309042126,0.0,1.0,0.0
SLC41A1,0.4738879328043134,0.5285247792055817,0.0,1.0,0.0
SLC44A1,0.7070609210172347,0.8704258614416609,0.0,1.0,0.0
SLC44A2,0.5896349475872485,0.6286924566032671,0.0,0.0,0.0
SLC44A4,0.7592926790550146,1.0,0.0,1.0,0.0
SLC46A3,0.5000149438239927,0.10656849567350836,0.0,1.0,0.0
SLC47A1,0.4852734518473836,0.20351051696470196,0.0,1.0,0.0
SLC48A1,0.4994207946166594,0.5633069508463009,0.0,1.0,0.0
SLC4A4,0.26643706720349447,0.6731932168519653,0.0,1.0,0.0
SLC4A7,0.6451108470459715,0.32567265778891874,0.0,1.0,0.0
SLC4A8,0.6737121516329742,0.8255943083552938,0.0,1.0,0.0
SLC50A1,0.6499656300340133,1.0,0.0,1.0,0.0
SLC52A2,0.6982382700385581,0.8049414473140278,0.0,1.0,0.0
SLC52A3,0.6150915201879175,1.0,0.0,1.0,0.0
SLC5A1,0.5646032313243768,0.3079635932546015,0.0,0.0,0.0
SLC61A1,0.6195646986978934,0.14755808611004387,0.0,0.33333333333333326,0.0
SLC66A2,0.4972979753923307,0.6085010349838069,0.0,1.0,0.0
SLC67A1,0.6469742813325862,0.44715856691422823,0.0,1.0,0.0
SLC68A1,0.5510670764714214,0.22421510023177454,0.0,0.0,0.0
SLC6A6,0.6131675686561592,0.5065308417402589,1.0,0.33333333333333326,0.0
SLC71A2,0.591213203837456,0.07218027186633098,0.0,1.0,0.0
SLC75A1,0.6630527356718382,0.4593424438679692,0.0,0.33333333333333326,0.0
SLC7A1,0.6964140490110361,0.7000987132207583,0.0,1.0,0.0
SLC7A10,0.35713408664566165,0.9757980418186312,1.0,1.0,0.0
SLC7A5,0.7732831050542591,0.8154876410706083,0.0,1.0,0.0
SLC7A6,0.5026924808416399,0.6494600150267252,0.0,1.0,0.0
SLC7A6OS,0.5237087205803423,0.27639553056264055,0.0,1.0,0.0
SLC7A8,0.6092771821748031,0.18271475189430805,0.0,0.33333333333333326,0.0
SLC9A1,0.6249590388743079,0.6383701921037458,0.0,0.33333333333333326,0.0
SLC9A6,0.4541556173814152,0.3032090121487393,0.0,1.0,0.0
SLC9A7,0.7252953545011422,0.740814906306149,0.0,0.33333333333333326,0.0
SLC9A9,0.36002499748305267,1.0,0.0,1.0,0.0
SLF1,0.6187871690171517,0.4318516667633923,0.0,1.0,0.0
SLF2,0.6040732231572027,0.14964930724741046,0.0,0.33333333333333326,0.0
SLFN11,0.4924521069452751,0.3282535505834983,0.0,1.0,0.0
SLIRP,0.5592969787160434,0.18538536154823215,0.0,0.33333333333333326,0.0
SLIT2,0.36135811118748057,0.5125107141100387,0.0,1.0,0.0
SLIT3,0.38197954794546163,1.0,1.0,1.0,0.0
SLITRK6,0.760756133844957,0.7603683956480711,0.0,1.0,0.0
SLU7,0.48770867414071506,0.26285848408838447,0.0,1.0,0.0
SLX1A,0.6513481972700437,0.8517462368056435,0.0,0.33333333333333326,0.0
SLX4IP,0.6341651953377307,0.7352518165098636,0.0,1.0,0.0
SMAD1,0.5804823541853046,0.4521035668581186,0.0,0.33333333333333326,0.0
SMAD2,0.5026693573714592,0.40952281504611937,0.0,1.0,0.0
SMAD6,0.43863114292735894,1.0,1.0,1.0,0.0
SMAD7,0.5046810866782724,0.18543280939747273,0.0,1.0,0.0
SMAD9,0.3962390385121335,0.9686766433673747,0.0,1.0,0.0
SMARCA2,0.49231521136029743,0.5807702905589992,1.0,1.0,0.0
SMARCA4,0.6692036010532997,1.0,1.0,1.0,0.0
SMARCB1,0.6039776032991491,1.0,0.0,0.33333333333333326,0.0
SMARCC1,0.6463129987128053,1.0,0.0,0.33333333333333326,0.0
SMC1A,0.6076725457678478,0.28092771196373373,1.0,1.0,0.0
SMC4,0.7055918205188891,1.0,0.0,1.0,0.0
SMCO4,0.613500477075455,0.14040703687599862,0.0,1.0,0.0
SMCR8,0.6007140726328921,0.3772555171190054,0.0,1.0,0.0
SMG5,0.6189221250571154,0.40128833171635053,0.0,1.0,0.0
SMG9,0.5815527927175405,0.5329714080912711,1.0,0.33333333333333326,0.0
SMIM11,0.5252946684334052,0.14007732424066385,0.0,0.0,0.0
SMIM20,0.4223478527065165,1.0,0.0,1.0,0.0
SMIM22,0.7930828284470817,0.7392621792019345,0.0,1.0,0.0
SMIM29,0.6016525491513918,0.7306057590721157,0.0,1.0,0.0
SMIM3,0.3551555423367758,0.8554568851185915,0.0,1.0,0.0
SMIM30,0.5349001453638589,0.17741165629239547,0.0,0.0,0.0
SMIM8,0.5324882373836516,0.09184113428275167,0.0,1.0,0.0
SMPD2,0.6129396172987878,0.868170237622829,0.0,0.33333333333333326,0.0
SMPDL3A,0.5122318275015267,0.01868393694517649,0.0,0.33333333333333326,0.0
SMS,0.6325061786723448,0.5935241797327745,1.0,1.0,0.0
SMTN,0.510089712102207,0.3517084542081701,0.0,0.33333333333333326,0.0
SMYD3,0.720114818924989,1.0,0.0,1.0,0.0
SMYD4,0.4787140638394599,0.5576103247529058,0.0,1.0,0.0
SMYD5,0.5843909424756625,0.1228996053825173,0.0,0.33333333333333326,0.0
SNAP29,0.5571526758515543,0.22527228555126286,0.0,0.33333333333333326,0.0
SNAP47,0.6424835455693872,1.0,0.0,1.0,0.0
SNAPC4,0.6136243804290297,0.7041891687541948,0.0,0.33333333333333326,0.0
SNCAIP,0.47907860802861524,0.8057174355785343,0.0,1.0,0.0
SNCG,0.40651636985351725,1.0,0.0,1.0,0.0
SNED1,0.43698668926192297,0.9346777757790785,0.0,0.33333333333333326,0.0
SNN,0.44740773965021574,1.0,1.0,1.0,0.0
SNRK,0.4742460165421742,0.9038781122602656,1.0,1.0,0.0
SNRNP25,0.645437950499636,1.0,0.0,1.0,0.0
SNRNP27,0.48722118719888713,0.5844892969300233,0.0,1.0,0.0
SNRPA1,0.6253073194095302,0.5308449717620635,1.0,1.0,0.0
SNRPB,0.6690793592020048,1.0,0.0,1.0,0.0
SNRPC,0.5924905115756338,0.6788476000242819,0.0,1.0,0.0
SNRPD1,0.6178673167467553,0.5429180714617631,0.0,1.0,0.0
SNRPD3,0.6146885277835153,0.5239751252127771,1.0,1.0,0.0
SNRPE,0.616754189445938,0.5565688743106367,1.0,1.0,0.0
SNRPF,0.6274508684224628,0.4970057780898701,0.0,1.0,0.0
SNRPG,0.6160177152618521,0.9451855209390128,1.0,1.0,0.0
SNTA1,0.4572784315107488,0.6794108439500863,1.0,1.0,0.0
SNTB1,0.47945051844889786,0.2638182174751554,0.0,1.0,0.0
SNTB2,0.38255012823617357,1.0,0.0,1.0,0.0
SNU13,0.5819336021015621,0.10910603507329251,0.0,1.0,0.0
SNUPN,0.5157170660936773,0.34508929517649567,0.0,1.0,0.0
SNX1,0.4784297278501293,0.27263000301431595,0.0,0.33333333333333326,0.0
SNX10,0.42488958109888114,0.2821569154175452,0.0,1.0,0.0
SNX13,0.5130831222099727,0.33755110441115066,0.0,1.0,0.0
SNX15,0.49302535158578664,0.5537250043174081,0.0,1.0,0.0
SNX16,0.4902664949052849,0.3265965183804408,0.0,1.0,0.0
SNX18,0.49357384130213805,0.35295660624341196,0.0,1.0,0.0
SNX2,0.4654215206122401,0.8163202932307473,0.0,1.0,0.0
SNX21,0.392184372843465,1.0,0.0,1.0,0.0
SNX24,0.5956470876936619,0.0859209389256379,1.0,1.0,0.0
SNX27,0.5956642012270041,0.3989411444428151,0.0,0.33333333333333326,0.0
SNX29,0.48171610342618043,0.6006251443487504,0.0,0.33333333333333326,0.0
SNX3,0.476421322520553,0.8775420904305569,1.0,1.0,0.0
SNX33,0.4868242319718579,1.0,0.0,1.0,0.0
SNX5,0.5074527230350278,0.7934845420883039,0.0,1.0,0.0
SNX6,0.5003938194775238,0.3344176141797661,0.0,1.0,0.0
SOBP,0.4037209287698415,0.9943221744770331,1.0,1.0,0.0
SOCS2,0.4251440792976555,0.4604383006588884,0.0,1.0,0.0
SOCS3,0.44222886714667614,0.1696671471156805,1.0,1.0,0.0
SOCS5,0.5046389890775329,0.07151933577036076,0.0,0.33333333333333326,0.0
SOD2,0.44125014039770016,0.3703828714960971,0.0,1.0,0.0
SOD3,0.4007712987046696,1.0,0.0,1.0,0.0
SON,0.5576785943238761,0.10385519250390395,0.0,0.33333333333333326,0.0
SORBS1,0.1661031535152403,1.0,1.0,1.0,0.0
SORBS2,0.5036985426564174,0.11933771183648775,0.0,0.33333333333333326,0.0
SORD,0.8015222243872331,0.9347288540443119,0.0,0.33333333333333326,0.0
SORT1,0.48434132426180626,0.5196047039655673,1.0,1.0,0.0
SOS1,0.4851300630566618,1.0,1.0,1.0,0.0
SOS2,0.5105951270684613,0.17070066251178653,0.0,1.0,0.0
SOX10,0.5224098050742451,0.15375653294867872,0.0,0.33333333333333326,0.0
SOX13,0.5564247611486031,0.5664468543946437,0.0,0.33333333333333326,0.0
SOX17,0.4889638373876035,0.18899502121615844,0.0,1.0,0.0
SOX2,0.5737952352496464,0.29886621235465427,0.0,0.0,0.0
SOX4,0.697856041632701,0.5959021302774553,1.0,1.0,0.0
SOX5,0.3584129165569714,1.0,1.0,1.0,0.0
SOX7,0.34179765650670335,1.0,0.0,1.0,0.0
SOX9,0.731458901166933,0.5563984709924616,0.0,1.0,0.0
SP110,0.6120371376798732,0.20692015087863924,0.0,0.33333333333333326,0.0
SP140L,0.5020000379821834,0.1275744504418789,0.0,1.0,0.0
SPAG16,0.46983261633700835,0.25869701209097523,0.0,0.33333333333333326,0.0
SPAG5,0.7149335442028171,0.8583026870623521,0.0,1.0,0.0
SPAG7,0.5276376618219963,0.25263842837539685,1.0,1.0,0.0
SPARCL1,0.4521060212574146,0.7082535977114717,1.0,1.0,0.0
SPART,0.41855305438092016,0.6401855348581345,0.0,0.33333333333333326,0.0
SPATA13,0.6505616210835523,0.2676051157012013,0.0,1.0,0.0
SPATA2,0.6118316696557781,0.4980628533505055,0.0,0.33333333333333326,0.0
SPATA2L,0.6107270431987096,0.4501488835576577,0.0,0.33333333333333326,0.0
SPATA7,0.44068113930934316,0.3374180103294003,0.0,1.0,0.0
SPATC1L,0.6310964881938533,0.43325647944595436,0.0,1.0,0.0
SPATS2,0.6893885490164441,1.0,0.0,0.33333333333333326,0.0
SPCS2,0.5947178409899667,0.25655682622912934,1.0,1.0,0.0
SPCS3,0.5885386431278684,0.0032982074820956148,0.0,1.0,0.0
SPDEF,0.6993742295575696,0.7642159483155722,0.0,1.0,0.0
SPDYE2,0.6254378920274591,0.8598336518005417,0.0,0.33333333333333326,0.0
SPECC1L,0.582930437204172,0.24200844246491765,0.0,0.33333333333333326,0.0
SPHK1,0.6900873659312023,0.3654673126283716,0.0,0.33333333333333326,0.0
SPIDR,0.6150068401926595,0.39489851350795835,0.0,0.33333333333333326,0.0
SPIN2B,0.5132554824107941,0.3728848817472502,0.0,1.0,0.0
SPINT1,0.7319289747300852,0.6546884709404256,1.0,1.0,0.0
SPINT2,0.8231904984804073,0.9002051285068013,1.0,1.0,0.0
SPNS1,0.6442100241417189,0.8651398935403931,0.0,1.0,0.0
SPNS2,0.5319201968749476,0.6249106101121338,0.0,0.0,0.0
SPON1,0.4525057027294032,0.20482195590512614,0.0,1.0,0.0
SPOUT1,0.6206857564743384,0.3980784978832998,0.0,1.0,0.0
SPP1,0.7701455946747212,0.826875355396699,1.0,1.0,0.0
SPPL2B,0.6020908948609074,0.2920339580053465,0.0,0.33333333333333326,0.0
SPRED2,0.5837978272013742,0.2905557478472368,0.0,0.33333333333333326,0.0
SPRING1,0.6510593951928052,0.7717595271339347,0.0,0.33333333333333326,0.0
SPRY1,0.4225160784689096,0.975964305456649,1.0,1.0,0.0
SPRY2,0.335496448118338,1.0,0.0,1.0,0.0
SPSB1,0.4880987055316299,0.09588796649507642,0.0,1.0,0.0
SPTAN1,0.48477048136218087,0.4110395026394347,0.0,1.0,0.0
SPTBN1,0.3683494155578217,1.0,1.0,1.0,0.0
SPTSSA,0.5952993233548051,0.06229012326927517,0.0,1.0,0.0
SPX,0.32180115915023544,0.64095472838574,1.0,1.0,0.0
SQLE,0.769112253526137,1.0,1.0,1.0,0.0
SRARP,0.676215928471792,0.722028398580141,0.0,1.0,0.0
SRC,0.5812116426587214,0.15612540460684923,0.0,0.33333333333333326,0.0
SRCAP,0.5592285239740308,0.36940972639973424,0.0,0.33333333333333326,0.0
SRGAP2C,0.511798808633471,0.19473376480092486,0.0,1.0,0.0
SRP54,0.6153879261908207,0.8643500751759693,1.0,1.0,0.0
SRP72,0.5989632931347783,0.46446064430487577,0.0,1.0,0.0
SRP9,0.6156507315938896,0.6578128152325488,1.0,1.0,0.0
SRPK1,0.6471138953246707,0.7273153807795766,1.0,1.0,0.0
SRPK2,0.6137265600118088,0.5315004550155313,0.0,1.0,0.0
SRPRB,0.6442137800747911,0.9381164946644713,0.0,1.0,0.0
SRPX,0.3235046071763252,1.0,1.0,1.0,0.0
SRPX2,0.41797514209728204,0.3185517912325111,0.0,1.0,0.0
SRR,0.477189713837251,0.3934316108538873,0.0,0.33333333333333326,0.0
SRRM1,0.5688108962713481,0.20328768695370567,0.0,0.33333333333333326,0.0
SRRM2,0.6235240942375497,0.4266607962608111,0.0,0.33333333333333326,0.0
SRRT,0.6369100333844078,0.9110133185171012,0.0,0.33333333333333326,0.0
SRSF1,0.5989133644244482,0.20965906843819024,1.0,1.0,0.0
SRSF4,0.5025967259287526,0.347926796514697,0.0,1.0,0.0
SRXN1,0.6077695614390427,0.4717115221729439,0.0,1.0,0.0
SS18L1,0.6273674510405968,0.5735307232168871,1.0,1.0,0.0
SS18L2,0.6015425090900159,0.6748606529419015,0.0,1.0,0.0
SSB,0.48200708933697023,0.524568215263677,0.0,0.33333333333333326,0.0
SSBP2,0.4844912553257835,0.24980042413832546,0.0,1.0,0.0
SSH1,0.5518383001281845,0.03948105537951837,0.0,0.33333333333333326,0.0
SSH2,0.4757241633083107,0.6954568213257294,0.0,1.0,0.0
SSH3,0.6104836624324549,0.6607521400252264,0.0,0.33333333333333326,0.0
SSPN,0.39910531418722806,0.9841764279625954,1.0,1.0,0.0
SSR2,0.6375107757536315,0.7545163240634396,0.0,1.0,0.0
SSR4,0.618334507220764,0.7722272574647581,1.0,1.0,0.0
SSX2IP,0.7546912940174058,1.0,0.0,0.33333333333333326,0.0
ST13,0.4963899615296284,0.5498684493282224,1.0,1.0,0.0
ST14,0.7442774393395238,0.6194825364355836,0.0,1.0,0.0
ST3GAL5,0.4928360941039917,0.27604443622825126,0.0,0.33333333333333326,0.0
ST6GALNAC2,0.6500522909050104,0.5756203048314952,0.0,1.0,0.0
ST6GALNAC4,0.6042267635546082,0.22423407504888496,0.0,0.33333333333333326,0.0
ST6GALNAC6,0.4442218876960524,1.0,0.0,1.0,0.0
ST7L,0.5610273106898732,0.24579798929991084,0.0,0.0,0.0
STAB1,0.4661917026306709,0.5693277551081019,1.0,1.0,0.0
STAG1,0.5006162286681644,0.600914009078158,0.0,0.33333333333333326,0.0
STAG2,0.5250363723177349,0.1270146625678086,0.0,1.0,0.0
STAM2,0.5239912159603347,0.0534449082473815,1.0,1.0,0.0
STAMBPL1,0.4574632845603705,0.4419868044614624,0.0,1.0,0.0
STAP2,0.7077510938525748,0.7933343245558434,1.0,1.0,0.0
STARD10,0.8035362791488846,0.8048445732817007,0.0,1.0,0.0
STARD13,0.45004450270400453,0.4054936414168937,0.0,1.0,0.0
STARD8,0.48865828700352826,0.9703418102647385,0.0,1.0,0.0
STARD9,0.46078494594272845,1.0,0.0,1.0,0.0
STAT4,0.4996840023380104,0.12750075299774133,0.0,1.0,0.0
STAT5A,0.4122222105435752,1.0,1.0,1.0,0.0
STAT5B,0.4044703096921672,1.0,0.0,1.0,0.0
STAT6,0.5137177062160436,0.5403207215563064,0.0,1.0,0.0
STAU2,0.6333076228172659,0.43068746261974117,0.0,0.33333333333333326,0.0
STC2,0.7014184979211691,0.4914130990521954,0.0,1.0,0.0
STEAP1,0.3962603648327968,0.5464195169209106,1.0,1.0,0.0
STEAP2,0.45393392497230767,0.16228150210128178,0.0,1.0,0.0
STEAP4,0.4062103035935377,0.39912365323439375,0.0,1.0,0.0
STIL,0.7034807664438193,1.0,0.0,1.0,0.0
STING1,0.5790908617825264,0.08759476997499653,0.0,0.0,0.0
STIP1,0.6386096303817492,0.5844478648956282,0.0,0.33333333333333326,0.0
STK26,0.7033130489589868,0.7309953680474348,1.0,1.0,0.0
STK36,0.5985961238715192,0.2689889954263414,0.0,1.0,0.0
STK40,0.48340134230784093,0.5547834844234738,0.0,1.0,0.0
STMN1,0.6710389861756343,0.7228375244469936,0.0,1.0,0.0
STOM,0.48211852631016366,0.3696378752894787,1.0,1.0,0.0
STON1,0.41941231073479646,0.8396119919297647,1.0,1.0,0.0
STRADB,0.41855701116681343,0.6530268911201424,0.0,1.0,0.0
STRBP,0.6899941880313156,0.9183175327647172,0.0,1.0,0.0
STS,0.38439251206402913,0.5802343647857946,0.0,0.33333333333333326,0.0
STT3A,0.5993438028190284,0.08525944870254365,0.0,1.0,0.0
STX11,0.35392069018119043,0.6738092360779459,0.0,1.0,0.0
STX12,0.44546049629589524,1.0,1.0,1.0,0.0
STX16,0.5682788695889404,0.3241827191462154,0.0,0.33333333333333326,0.0
STX2,0.4940397361702902,0.6705667166412299,0.0,0.33333333333333326,0.0
STX3,0.6844151898832515,1.0,0.0,0.33333333333333326,0.0
STX6,0.602190840188657,0.2616282019070552,0.0,1.0,0.0
STX7,0.4284106546238536,0.7541870375515828,0.0,1.0,0.0
STX8,0.4849357033951581,0.9527711165149036,1.0,1.0,0.0
STXBP1,0.4159246397504803,1.0,1.0,1.0,0.0
STXBP2,0.6173575149377705,1.0,1.0,0.33333333333333326,0.0
STYXL1,0.6206385743256682,0.6870766805499214,0.0,0.33333333333333326,0.0
SUCLA2,0.41709789852393264,0.672139445307557,1.0,1.0,0.0
SUCLG1,0.46659967036371874,0.6642146940489718,1.0,1.0,0.0
SUCLG2,0.48707724233595706,0.2890466904694891,0.0,1.0,0.0
SUCO,0.663449344817117,0.9415171105439304,1.0,1.0,0.0
SUGP1,0.5874649017409439,0.09258489931482754,0.0,1.0,0.0
SUGP2,0.6371400842343584,0.9182357811655366,0.0,1.0,0.0
SUGT1,0.552828256920566,0.22321706549087994,0.0,0.0,0.0
SULF1,0.7297695477889455,0.7405868003814627,0.0,1.0,0.0
SULF2,0.6867570948000514,0.5930053964366486,0.0,1.0,0.0
SULT1A1,0.5228150998265446,0.12725427778611365,0.0,1.0,0.0
SULT1A2,0.5145588608817828,0.13519971236731942,0.0,1.0,0.0
SULT2B1,0.5765505619220035,0.2456519697910392,0.0,0.0,0.0
SUMO3,0.601670876817607,0.29563212658344923,0.0,0.33333333333333326,0.0
SUMO4,0.5812917549640216,0.12277737830986632,0.0,0.33333333333333326,0.0
SUN2,0.49363282131688013,1.0,1.0,1.0,0.0
SUSD3,0.715655768486122,0.6426813427159455,0.0,1.0,0.0
SUSD4,0.6841199883173578,0.5881004839591515,0.0,1.0,0.0
SUSD6,0.6402372573494146,1.0,1.0,1.0,0.0
SUZ12,0.6073479678081288,0.4667269734693447,0.0,1.0,0.0
SVBP,0.47656642847476743,0.3745807948995365,0.0,1.0,0.0
SVEP1,0.2992757540350257,1.0,1.0,1.0,0.0
SYDE1,0.48222805553900755,0.6567647814728804,0.0,1.0,0.0
SYF2,0.5159128249145456,0.46343933510736635,0.0,0.33333333333333326,0.0
SYN2,0.4222233716928373,1.0,1.0,1.0,0.0
SYNC,0.4685530740073588,0.1507902742962008,0.0,1.0,0.0
SYNCRIP,0.594920434284083,0.05487442113394108,0.0,1.0,0.0
SYNE1,0.46473547788158465,0.4771773231913133,0.0,1.0,0.0
SYNE2,0.5418568248084678,0.6218415660180652,0.0,0.33333333333333326,0.0
SYNE3,0.3252579949161916,1.0,1.0,1.0,0.0
SYNE4,0.8195804008682176,0.9774663309838775,0.0,1.0,0.0
SYNGR2,0.664115096579913,0.8825912047353912,1.0,1.0,0.0
SYNM,0.30731965452627014,1.0,0.0,1.0,0.0
SYNPO,0.3690303824415569,1.0,1.0,1.0,0.0
SYNRG,0.6005323052370045,0.18008575161619955,0.0,0.33333333333333326,0.0
SYT12,0.5988678098562199,0.39411853759679494,0.0,0.0,0.0
SYT17,0.6389095596224932,0.3093616032688082,0.0,1.0,0.0
SYT5,0.5481523456336223,0.21039985122528734,0.0,0.0,0.0
SYT7,0.621707598531305,0.7837066413022697,0.0,1.0,0.0
SYTL1,0.7760565983014868,0.9310069659169332,0.0,1.0,0.0
SYTL2,0.7038481619620844,0.9145569100059708,0.0,0.33333333333333326,0.0
SYTL3,0.5263566073988837,0.06022242226651258,0.0,1.0,0.0
TAB2,0.49932493550523743,0.512231472744255,0.0,1.0,0.0
TACC1,0.3979498106266134,1.0,1.0,1.0,0.0
TACC3,0.6801882128203564,0.5378089625160813,0.0,0.33333333333333326,0.0
TACO1,0.5412346315076212,0.16055857043150434,0.0,0.33333333333333326,0.0
TACSTD2,0.9285929373929388,1.0,0.0,1.0,0.0
TADA1,0.6307689912331014,0.48252058863646025,0.0,1.0,0.0
TAF1,0.5468591524210654,0.09970160962281796,1.0,0.33333333333333326,0.0
TAF11,0.6006087329219449,0.3894379938673683,0.0,1.0,0.0
TAF1C,0.5886180902936755,0.4727295664374025,0.0,0.33333333333333326,0.0
TAF2,0.6166861959971122,0.49407879933620896,0.0,1.0,0.0
TAF5L,0.5879198412784679,0.33704432935129913,0.0,1.0,0.0
TAF6,0.6044670510140002,0.29379764743504716,0.0,0.33333333333333326,0.0
TAGLN2,0.6531070350018674,0.9565141486062356,0.0,1.0,0.0
TANC1,0.5720767334502347,0.1339138778723864,0.0,0.0,0.0
TANC2,0.6763720544289453,0.4766417621921081,0.0,0.33333333333333326,0.0
TAOK1,0.564883325232314,0.20208824713167922,0.0,0.33333333333333326,0.0
TAP1,0.6568530523720691,0.7860980607249249,1.0,1.0,0.0
TAPBP,0.6842036677440185,1.0,0.0,1.0,0.0
TARBP1,0.6268997395653028,1.0,1.0,1.0,0.0
TARBP2,0.6166802580321886,0.7180539869657683,0.0,0.33333333333333326,0.0
TARDBP,0.5876291533838048,0.06379596960170109,0.0,1.0,0.0
TASOR,0.5453300643806704,0.46861801457369723,0.0,0.33333333333333326,0.0
TASOR2,0.6462696792243181,0.38979158213772874,1.0,1.0,0.0
TATDN2,0.6001070643461892,0.4688640418154906,0.0,1.0,0.0
TAX1BP1,0.583409094520325,0.15744806033900918,0.0,1.0,0.0
TBC1D13,0.5084707423071055,1.0,0.0,1.0,0.0
TBC1D16,0.46051489615053876,0.5566431520891887,0.0,1.0,0.0
TBC1D17,0.5175034220120984,0.06808427901325287,0.0,1.0,0.0
TBC1D23,0.49252546925657714,0.3487625662623213,0.0,1.0,0.0
TBC1D2B,0.45058267429563437,1.0,0.0,1.0,0.0
TBC1D3I,0.655889967022479,0.5659228763843233,1.0,1.0,0.0
TBC1D4,0.4549822409036482,1.0,0.0,1.0,0.0
TBC1D5,0.514141564446203,0.2809705533503437,1.0,1.0,0.0
TBC1D7,0.6364328149491572,0.7031222493008648,0.0,1.0,0.0
TBCB,0.6081104625208955,0.5729658447035043,0.0,1.0,0.0
TBCC,0.5960155778300181,0.2128862093800387,0.0,0.33333333333333326,0.0
TBCE,0.6223959268651749,0.8058214991076424,0.0,1.0,0.0
TBCEL,0.49935979683598825,0.3261423458762847,1.0,1.0,0.0
TBCK,0.4932772063683489,0.24785255969696496,0.0,1.0,0.0
TBK1,0.5914977188906931,0.42274823380887633,0.0,1.0,0.0
TBL2,0.6337730193905293,0.4794250682053075,0.0,0.33333333333333326,0.0
TBL3,0.6188714538996027,0.25776486137092647,0.0,1.0,0.0
TBRG1,0.5544497331177656,0.3750850170067781,0.0,0.0,0.0
TBX15,0.32285379027205485,1.0,0.0,1.0,0.0
TBX2,0.5728201287689958,0.1683835082831933,0.0,0.33333333333333326,0.0
TBX5,0.4608312802036215,0.5074808108809445,0.0,1.0,0.0
TC2N,0.6803279701759549,0.3151612986948527,0.0,1.0,0.0
TCEA1,0.5420307980683261,0.031983425218092165,0.0,0.33333333333333326,0.0
TCEA3,0.6420724414164891,0.2197917247268938,0.0,1.0,0.0
TCEAL3,0.6611070459176597,0.8025753926063541,0.0,1.0,0.0
TCEAL7,0.36692852833386697,0.582813404087086,0.0,1.0,0.0
TCERG1,0.6153322956554339,0.3280869330791212,0.0,1.0,0.0
TCF15,0.5261340829700143,0.04959092018762552,1.0,1.0,0.0
TCF20,0.633507528072434,0.520182701892341,0.0,1.0,0.0
TCF25,0.5604368352415171,0.1828510472508124,1.0,0.33333333333333326,0.0
TCF3,0.6553594061458577,0.8767113948242433,0.0,1.0,0.0
TCF4,0.4914729211425799,0.42706496871280986,1.0,1.0,0.0
TCF7L1,0.44898178621800083,0.9252492221272919,1.0,1.0,0.0
TCF7L2,0.46517601110829665,1.0,1.0,1.0,0.0
TCHP,0.566453623728825,0.20832770493608116,0.0,0.0,0.0
TCN2,0.48616682323364363,0.47828386672716905,0.0,1.0,0.0
TCTA,0.5262487218879206,0.0862120195221846,0.0,1.0,0.0
TCTN2,0.5515041945246875,0.06117388331284684,0.0,0.33333333333333326,0.0
TCTN3,0.5561756099927511,0.10766022683287405,0.0,0.33333333333333326,0.0
TDG,0.64431044687453,0.5856278338878477,1.0,1.0,0.0
TDP1,0.611514395708662,0.9632191223934035,0.0,1.0,0.0
TEAD1,0.46165814414332207,1.0,1.0,1.0,0.0
TEAD4,0.6117752652458357,0.5752703681027186,0.0,0.33333333333333326,0.0
TECPR1,0.5580019239862332,0.2925941705853107,0.0,0.0,0.0
TEF,0.4386814085975437,1.0,0.0,0.33333333333333326,0.0
TEFM,0.6502253600254281,0.7764283194318422,1.0,1.0,0.0
TEK,0.3845267135207234,1.0,0.0,1.0,0.0
TELO2,0.6025721215176181,1.0,1.0,0.33333333333333326,0.0
TENM3,0.40498325900310533,0.3579038894566063,0.0,1.0,0.0
TENM4,0.47468696116555686,0.2868270556924475,0.0,1.0,0.0
TENT2,0.5136362624325812,0.0790724554120213,0.0,1.0,0.0
TENT5C,0.6751993467749342,0.1977896784117086,0.0,1.0,0.0
TERF2IP,0.5135386009354477,0.2641022864464799,0.0,1.0,0.0
TESK1,0.49654044877506276,0.2780723923362232,1.0,1.0,0.0
TESK2,0.6215829363731549,0.5293617228778268,0.0,0.33333333333333326,0.0
TET3,0.7119608802095312,1.0,0.0,0.33333333333333326,0.0
TEX10,0.622260604194556,0.8819023997985324,0.0,0.33333333333333326,0.0
TEX261,0.5137368550188365,0.9149711042126505,0.0,1.0,0.0
TEX264,0.6024925782041461,0.16752856278112213,0.0,1.0,0.0
TF,0.27003335556480607,1.0,1.0,1.0,0.0
TFAP2A,0.8127330255732046,0.763386853150892,1.0,1.0,0.0
TFAP2B,0.7382779201756623,0.178013331321676,0.0,1.0,0.0
TFAP2C,0.7359451745210862,0.5090204957639325,0.0,1.0,0.0
TFB1M,0.6037501543400469,0.5444303054045647,0.0,1.0,0.0
TFDP1,0.5898763653304362,0.028739810415685144,0.0,1.0,0.0
TFDP2,0.45230356368850055,0.861687676650424,0.0,0.33333333333333326,0.0
TFE3,0.4516802072771834,0.9999037752265922,1.0,1.0,0.0
TFF1,0.818155429853795,0.37500008892319897,0.0,1.0,0.0
TFF3,0.7035646960002057,0.25635376653981307,1.0,1.0,0.0
TFG,0.6005281559573366,0.4687597171855006,0.0,0.33333333333333326,0.0
TFPI,0.3990871500356031,1.0,1.0,1.0,0.0
TFPI2,0.3812080445775873,0.23020517290554196,0.0,1.0,0.0
TFPT,0.6711310072630182,0.7137388752549257,0.0,0.33333333333333326,0.0
TFRC,0.6364619832855117,0.24353097480511823,0.0,1.0,0.0
TGDS,0.49976201867380843,0.24138625705093117,0.0,1.0,0.0
TGFB3,0.6195350892380637,0.3612112880135379,0.0,0.33333333333333326,0.0
TGFBR2,0.37785391524106043,1.0,1.0,1.0,0.0
TGFBR3,0.323275450263472,1.0,1.0,1.0,0.0
TGFBRAP1,0.5303474818522612,0.19958601327309933,0.0,0.33333333333333326,0.0
TGIF1,0.6471913930737159,0.40519157103895054,1.0,1.0,0.0
TGIF2,0.6017566022793526,0.5753599477816415,1.0,0.33333333333333326,0.0
TGS1,0.6357550043140544,0.5239410624261666,0.0,1.0,0.0
THAP12,0.5156325241819326,0.13735716773541914,0.0,1.0,0.0
THAP3,0.5290750483574665,0.29826462200774567,0.0,1.0,0.0
THAP7,0.6055792552234446,0.22494227822475388,0.0,0.33333333333333326,0.0
THBD,0.46980427914087153,0.2899325679754237,1.0,1.0,0.0
THBS2,0.6272365114319931,0.03449788126262082,0.0,1.0,0.0
THBS4,0.3790630917938647,0.20572694381444181,0.0,1.0,0.0
THEM6,0.622120296741774,0.6851685489997812,0.0,0.33333333333333326,0.0
THEMIS2,0.4934309614847546,0.20251284068902686,0.0,1.0,0.0
THOC2,0.6129703015701042,0.5360786148638086,0.0,1.0,0.0
THOC6,0.6385467997200469,0.5918362913943509,0.0,1.0,0.0
THPO,0.5328549648816121,0.22119197918850894,0.0,0.0,0.0
THRA,0.49012308021013845,1.0,0.0,1.0,0.0
THRB,0.3764263055826313,1.0,0.0,1.0,0.0
THRSP,0.06436282621020142,1.0,0.0,1.0,0.0
THSD4,0.7483862874302386,0.7428584821205733,0.0,1.0,0.0
THTPA,0.5023650401359752,0.15494027678093045,0.0,0.33333333333333326,0.0
THUMPD2,0.5952367487447496,0.15059351501149187,0.0,0.33333333333333326,0.0
THUMPD3,0.6127394110451255,0.2975190517918386,0.0,1.0,0.0
THY1,0.6227274104032099,0.1436728953975843,0.0,1.0,0.0
THYN1,0.42913092080167103,0.7446947945201383,0.0,1.0,0.0
TIAL1,0.584455709579017,0.15270905329314177,0.0,1.0,0.0
TIAM1,0.6944358496836901,0.5859698121456098,0.0,1.0,0.0
TIFA,0.6523245381856234,0.28496035568978734,0.0,1.0,0.0
TIGAR,0.5624919200848775,0.28503404753665507,0.0,0.33333333333333326,0.0
TIGD1,0.6684165072479313,0.6399696678487973,0.0,1.0,0.0
TIGD5,0.6123386886645308,0.3323754370909494,0.0,1.0,0.0
TIMELESS,0.6579666605678005,0.7307215244354475,0.0,1.0,0.0
TIMM13,0.622921008270632,0.5444602459344539,0.0,0.33333333333333326,0.0
TIMM17A,0.6107225796474813,1.0,1.0,1.0,0.0
TIMM17B,0.6267479750527626,0.8871482249758684,0.0,0.33333333333333326,0.0
TIMM21,0.5080566495389395,0.0823466622415848,0.0,1.0,0.0
TIMM8B,0.5333606816330477,0.4664892089234398,0.0,0.33333333333333326,0.0
TIMP1,0.6605652568448848,0.38930563676155244,0.0,1.0,0.0
TIMP2,0.48704911230496206,0.5797983913591812,0.0,1.0,0.0
TIMP3,0.4524975328180835,0.7969018145979218,0.0,1.0,0.0
TIMP4,0.1140470287204812,1.0,1.0,1.0,0.0
TINAGL1,0.5002923292583313,1.0,1.0,1.0,0.0
TINF2,0.5245887775880671,0.1687986035381256,0.0,1.0,0.0
TIPRL,0.6318876885764552,0.5333973047218595,1.0,1.0,0.0
TJAP1,0.5671767274451852,0.1585439649663353,0.0,0.33333333333333326,0.0
TJP1,0.5096798134647467,0.6247249395615208,0.0,1.0,0.0
TJP2,0.48031243919256966,0.8345294409847006,0.0,1.0,0.0
TJP3,0.7777489712595838,0.9125535229709232,0.0,1.0,0.0
TK1,0.7918876367170459,1.0,0.0,1.0,0.0
TK2,0.45060934885751885,0.6740381753899342,1.0,1.0,0.0
TKFC,0.6046557365061592,0.14077159895647653,0.0,0.33333333333333326,0.0
TKT,0.43745304176917577,0.5798934421640761,0.0,1.0,0.0
TLCD2,0.31236004179846094,1.0,0.0,1.0,0.0
TLCD3A,0.603195368507337,0.25771335198210504,0.0,1.0,0.0
TLCD4,0.42562047567680383,0.5294261935314276,0.0,1.0,0.0
TLE1,0.4681380383370552,0.8958334112551871,1.0,1.0,0.0
TLE3,0.6664878122935185,1.0,0.0,0.33333333333333326,0.0
TLE4,0.4734920713451785,0.45980549700703993,0.0,0.33333333333333326,0.0
TLK2,0.5802806349268584,0.09075262999445219,0.0,0.33333333333333326,0.0
TLN1,0.5070204464380543,0.14254082898930773,1.0,1.0,0.0
TLN2,0.4154418108079146,1.0,1.0,1.0,0.0
TLR2,0.6126653592600635,0.13566397221503673,0.0,1.0,0.0
TLR3,0.4437141511049679,0.8967404135334001,1.0,1.0,0.0
TLR4,0.4367688232140825,0.5792072469450048,1.0,1.0,0.0
TLR5,0.5788332710847309,0.37031939806638353,0.0,0.33333333333333326,0.0
TM4SF1,0.5822610665888333,0.12146258786737471,0.0,0.33333333333333326,0.0
TM4SF18,0.43684669174217516,0.7520884064729256,0.0,1.0,0.0
TM6SF1,0.5186160370795675,0.0573369461653568,0.0,1.0,0.0
TM7SF2,0.43158304506740786,0.4766850644551532,1.0,1.0,0.0
TM9SF1,0.6323736021393802,0.689298024812879,0.0,0.33333333333333326,0.0
TMC4,0.8463920138766662,0.8933106534732783,0.0,1.0,0.0
TMC5,0.8423195286465442,0.7087227960862604,0.0,1.0,0.0
TMC6,0.6194492081524142,0.22335523092148624,0.0,1.0,0.0
TMCO1,0.6226572729458902,0.6210860828302796,0.0,1.0,0.0
TMED2,0.5895373618570029,0.0908562747653051,0.0,1.0,0.0
TMED3,0.7733673766627848,1.0,0.0,1.0,0.0
TMED4,0.6217834024962282,0.40757343757234427,0.0,1.0,0.0
TMED5,0.48041540252879805,0.23362819821058473,0.0,1.0,0.0
TMED9,0.6470461902050344,0.8229671896590616,1.0,1.0,0.0
TMEM100,0.25162186677591925,1.0,1.0,1.0,0.0
TMEM106C,0.6360335478225714,0.7273469902452049,0.0,0.33333333333333326,0.0
TMEM107,0.601638156811122,0.22441955280362919,0.0,1.0,0.0
TMEM109,0.5128752815542394,0.6486913583902807,0.0,1.0,0.0
TMEM11,0.5055290881010542,0.2347107671693781,0.0,1.0,0.0
TMEM117,0.5299435839636546,0.07445719653606497,0.0,1.0,0.0
TMEM120A,0.4767701240936546,0.2482250446418081,0.0,1.0,0.0
TMEM120B,0.4791762890305402,0.17177361712447234,0.0,0.33333333333333326,0.0
TMEM123,0.620916361185707,0.373891389564019,0.0,1.0,0.0
TMEM125,0.7916927362850645,1.0,0.0,1.0,0.0
TMEM126A,0.46927062651795837,0.24779741775827138,0.0,1.0,0.0
TMEM131L,0.48085558574221415,0.4035681377478954,0.0,1.0,0.0
TMEM132A,0.6865376667998819,0.9330782236425982,1.0,1.0,0.0
TMEM132C,0.22677723013878393,1.0,0.0,1.0,0.0
TMEM134,0.6550702005047785,0.8388040969440604,0.0,1.0,0.0
TMEM135,0.44612588533327113,0.7768790595168351,0.0,0.33333333333333326,0.0
TMEM140,0.41224699119197233,0.8778118718459641,1.0,1.0,0.0
TMEM141,0.6541342840033071,1.0,0.0,1.0,0.0
TMEM143,0.5034829249841575,0.3265902455810325,0.0,1.0,0.0
TMEM14A,0.6394261372429513,0.7173497496314402,1.0,1.0,0.0
TMEM165,0.6282115796902333,0.3042129745332351,0.0,1.0,0.0
TMEM167B,0.5180242651191287,0.15072338307099556,0.0,1.0,0.0
TMEM170B,0.283772685476165,0.7696445393784072,0.0,1.0,0.0
TMEM177,0.577738786420109,0.2681584050679462,0.0,0.0,0.0
TMEM18,0.5004285534643041,0.2920697255057345,0.0,1.0,0.0
TMEM181,0.6258307902762059,0.1402955026332406,0.0,1.0,0.0
TMEM186,0.5953121764779497,0.09355212912998973,0.0,0.33333333333333326,0.0
TMEM200B,0.40849965235729374,0.5531676585750053,0.0,1.0,0.0
TMEM201,0.5584821352144695,0.3518148768163346,0.0,0.0,0.0
TMEM204,0.5126250954827761,0.27353406755966464,0.0,1.0,0.0
TMEM205,0.618695255992027,0.15828822515751376,0.0,1.0,0.0
TMEM208,0.6172109228513183,0.702325565070108,0.0,1.0,0.0
TMEM218,0.45595429564740897,0.47805869521545746,0.0,1.0,0.0
TMEM220,0.31888888940561116,1.0,0.0,1.0,0.0
TMEM223,0.5946770504034167,0.3485404112867627,0.0,0.33333333333333326,0.0
TMEM230,0.4887722009038521,0.3685658483877567,0.0,0.33333333333333326,0.0
TMEM243,0.482828252498705,0.38239978304480887,0.0,1.0,0.0
TMEM245,0.46267257498091285,0.5341701980719541,0.0,1.0,0.0
TMEM25,0.6643146288873405,0.9002411539916731,0.0,1.0,0.0
TMEM250,0.5990488669246509,0.2055972982344437,0.0,1.0,0.0
TMEM256,0.4518104212950644,0.41730119683082845,0.0,1.0,0.0
TMEM258,0.6178228239962736,0.24246657301201854,0.0,1.0,0.0
TMEM265,0.5911545631815139,0.5919837627235954,0.0,0.33333333333333326,0.0
TMEM267,0.6064880967654388,0.09031521733851214,1.0,1.0,0.0
TMEM268,0.6092578721914327,0.03994216229665623,0.0,0.33333333333333326,0.0
TMEM273,0.3880138477138376,1.0,0.0,1.0,0.0
TMEM35B,0.4716695615991762,0.26066687235598096,1.0,1.0,0.0
TMEM37,0.27265993922963117,1.0,0.0,1.0,0.0
TMEM39A,0.5984052906584209,0.23500578596534588,0.0,1.0,0.0
TMEM41B,0.6185766430220485,0.2530497907122854,1.0,1.0,0.0
TMEM42,0.5005484694050997,0.3072655256410925,0.0,1.0,0.0
TMEM43,0.4994303801242958,0.93585398875387,0.0,1.0,0.0
TMEM45A,0.6740228801419836,0.4155323932414933,0.0,1.0,0.0
TMEM47,0.4119661139279603,0.7349546788801004,1.0,1.0,0.0
TMEM54,0.6594056118894078,0.6061698688741309,0.0,1.0,0.0
TMEM62,0.6173341702424989,0.3767727505986672,0.0,1.0,0.0
TMEM63A,0.6232514269735707,0.48507131234153716,0.0,1.0,0.0
TMEM64,0.42050487380203677,0.494142801841981,0.0,1.0,0.0
TMEM65,0.6193638903971167,0.2735493527222444,0.0,1.0,0.0
TMEM86A,0.6051463953002896,0.23778883332811435,0.0,1.0,0.0
TMEM87A,0.6068368472095262,0.15147348291376264,0.0,1.0,0.0
TMEM87B,0.6949804263667345,0.8177907646056429,0.0,1.0,0.0
TMEM88,0.46615494122232953,0.7267995899147239,0.0,1.0,0.0
TMEM8B,0.5368175811918869,0.29074470181325474,0.0,0.0,0.0
TMEM9,0.6937649396829486,0.8784361733871103,0.0,1.0,0.0
TMEM97,0.7848564978942386,0.8168350469573497,0.0,0.33333333333333326,0.0
TMEM9B,0.5951335839205857,0.2343389153664506,1.0,1.0,0.0
TMF1,0.6776745131753137,0.8275700433822857,0.0,1.0,0.0
TMLHE,0.48325995372763747,0.2574291123686866,1.0,1.0,0.0
TMOD1,0.3665823675066287,1.0,0.0,1.0,0.0
TMPO,0.611760156497268,0.3379616553013885,1.0,0.33333333333333326,0.0
TMPRSS2,0.5998498631667438,0.36709631511692864,0.0,0.33333333333333326,0.0
TMPRSS4,0.5688085310836203,0.3796390705766667,0.0,0.0,0.0
TMT1A,0.3907537171494309,1.0,1.0,1.0,0.0
TMTC1,0.28183302177578756,0.9895814989771313,0.0,1.0,0.0
TMTC4,0.6323370934816037,0.23865583887653216,0.0,1.0,0.0
TMUB1,0.6027728940853643,0.5205825321764533,0.0,1.0,0.0
TMX3,0.49007268984967933,0.5680747972022426,0.0,1.0,0.0
TMX4,0.4715492638300593,0.591233610884009,0.0,1.0,0.0
TNC,0.6851723695167679,0.26554362484343175,0.0,1.0,0.0
TNFAIP2,0.50655450134979,0.3874160139450433,0.0,0.33333333333333326,0.0
TNFAIP8,0.44734839196970405,0.711544601019446,1.0,1.0,0.0
TNFRSF10A,0.6608921582457276,0.30987159822516047,0.0,1.0,0.0
TNFRSF10D,0.5032687301887642,0.16232297051735403,0.0,1.0,0.0
TNFRSF12A,0.7002561119290673,1.0,0.0,1.0,0.0
TNFRSF1B,0.4801453065222786,0.2916174200687548,1.0,1.0,0.0
TNFRSF21,0.43738082640699405,0.7853354560797335,1.0,1.0,0.0
TNFRSF25,0.552000302996651,0.24382357666778776,0.0,0.33333333333333326,0.0
TNFSF10,0.5751826603911363,0.362498974726269,0.0,0.33333333333333326,0.0
TNFSF13,0.6149597587001174,0.21056485575559217,0.0,0.33333333333333326,0.0
TNFSF8,0.4799374902572992,0.09646862841942955,0.0,0.33333333333333326,0.0
TNIP1,0.4408857826553307,0.9872764246696636,1.0,1.0,0.0
TNK1,0.5808552665162906,0.3637100825648981,1.0,0.33333333333333326,0.0
TNMD,0.25460733303218186,1.0,1.0,1.0,0.0
TNN,0.4385235087416247,0.8073497151431407,0.0,1.0,0.0
TNNT3,0.488733525521851,0.6393938099471448,1.0,1.0,0.0
TNPO1,0.6171494827288343,0.1593658341861979,0.0,1.0,0.0
TNPO3,0.5653090773818563,0.05115879772093842,0.0,0.33333333333333326,0.0
TNRC6C,0.5788515765377357,0.4222041699159468,0.0,0.0,0.0
TNS1,0.32357650285718886,1.0,1.0,1.0,0.0
TNS2,0.4181061315536406,1.0,1.0,1.0,0.0
TNS3,0.4626853260315142,0.36234717096810887,1.0,1.0,0.0
TNXB,0.18618263913462502,1.0,0.0,1.0,0.0
TOB1,0.6312473056798165,0.19962375272901547,1.0,1.0,0.0
TOB2,0.5051513771975787,0.8685645045418187,0.0,1.0,0.0
TOM1L1,0.6289809175597441,0.3055999449995016,1.0,1.0,0.0
TOMM34,0.6566759032597312,0.7452970223793113,0.0,0.33333333333333326,0.0
TOMM40,0.6208642156115625,0.7182508889598642,0.0,0.33333333333333326,0.0
TOMM5,0.5576019266336406,0.17306898838686036,0.0,0.0,0.0
TOP1,0.6220658023557298,0.8436411738504028,1.0,1.0,0.0
TOP2A,0.8488035819512111,1.0,1.0,1.0,0.0
TOP2B,0.5965943389424798,0.07558644576168953,0.0,1.0,0.0
TOP6BL,0.7849019958599709,1.0,0.0,1.0,0.0
TOR1B,0.6008707732536959,0.19460875839174627,1.0,1.0,0.0
TOR3A,0.6239367366245979,1.0,1.0,1.0,0.0
TOX3,0.797301399144318,0.6260760554835778,1.0,1.0,0.0
TP53BP1,0.6070301647610549,0.5467200992480916,0.0,0.33333333333333326,0.0
TP53BP2,0.6303061892121757,0.5850338576406262,1.0,1.0,0.0
TP53INP1,0.6527160647904433,0.6032056527738577,0.0,1.0,0.0
TP53RK,0.6076337324293754,0.24287044817690404,0.0,1.0,0.0
TPBG,0.703549603387311,0.7750877341707697,1.0,1.0,0.0
TPD52,0.8063334571399907,0.9596046610997933,1.0,1.0,0.0
TPI1,0.6123429598336543,0.276006522135469,0.0,1.0,0.0
TPM3,0.6605423676606756,1.0,0.0,0.33333333333333326,0.0
TPM4,0.675295562154765,0.298477703322455,0.0,1.0,0.0
TPMT,0.6065499205833289,0.46808240213215907,0.0,1.0,0.0
TPPP,0.4774813445403898,0.17265883612025712,0.0,1.0,0.0
TPPP3,0.41179750685531624,0.721445100897214,1.0,1.0,0.0
TPRG1L,0.48639609103512493,0.8315263982568102,0.0,1.0,0.0
TPSG1,0.5865195523466983,0.280351674991181,0.0,1.0,0.0
TPST1,0.5026769974158898,0.3178227148791422,1.0,1.0,0.0
TPST2,0.48257883112893235,0.3115158007846842,1.0,1.0,0.0
TPX2,0.8047927438712051,1.0,0.0,1.0,0.0
TRA2B,0.5845901996277939,0.024721440806836574,0.0,1.0,0.0
TRAF2,0.571975297522928,1.0,1.0,0.33333333333333326,0.0
TRAF3,0.5256603077226243,0.15020117225319157,0.0,0.33333333333333326,0.0
TRAF4,0.6996579478368702,0.7823156765884115,1.0,1.0,0.0
TRAF5,0.6541339225256461,0.5346054261117944,1.0,1.0,0.0
TRAF7,0.6289242027606483,0.817291256106633,0.0,1.0,0.0
TRAFD1,0.6396711630321934,1.0,0.0,1.0,0.0
TRAK1,0.5759647832093899,0.8873462164915858,0.0,0.33333333333333326,0.0
TRAK2,0.5066849160927254,0.26840282713309876,1.0,1.0,0.0
TRAM1,0.5936065351229531,0.2457701027491135,0.0,1.0,0.0
TRAP1,0.6009118461199581,0.18369255197950116,0.0,1.0,0.0
TRAPPC2B,0.5483940060166103,0.2518359595244611,0.0,0.33333333333333326,0.0
TRAPPC6A,0.6186352368876504,0.31426442354566847,0.0,0.33333333333333326,0.0
TRARG1,0.15770357355086792,1.0,0.0,1.0,0.0
TRDN,0.4043650715641505,0.34170587553694504,0.0,1.0,0.0
TREM2,0.6113400998952518,0.6490856223258278,0.0,0.33333333333333326,0.0
TRHDE,0.3654935988407965,0.554757985663346,0.0,1.0,0.0
TRIB2,0.5996001810772313,0.5384128587118128,0.0,0.33333333333333326,0.0
TRIB3,0.7634880638339506,1.0,0.0,1.0,0.0
TRIM11,0.6778300238674042,1.0,0.0,1.0,0.0
TRIM14,0.6392712789937197,0.6383379673764167,1.0,0.33333333333333326,0.0
TRIM16,0.4916839319205746,0.37366188257995187,0.0,1.0,0.0
TRIM24,0.6230670555957623,0.6043558917037395,0.0,1.0,0.0
TRIM25,0.6148168722385693,0.8735678696915393,0.0,0.33333333333333326,0.0
TRIM26,0.632367252765317,0.660136796189418,0.0,1.0,0.0
TRIM27,0.608585289165074,0.42573226722978375,0.0,0.33333333333333326,0.0
TRIM28,0.6505752446667604,0.43758445373429206,0.0,1.0,0.0
TRIM29,0.5820022684570424,0.2517226671022751,0.0,0.33333333333333326,0.0
TRIM33,0.6260054512607949,0.5560505119055795,0.0,1.0,0.0
TRIM35,0.5162150677510079,0.6453243666635943,0.0,1.0,0.0
TRIM36,0.6446230140497233,0.42884955961685284,0.0,1.0,0.0
TRIM37,0.6115962522103908,0.6454515774536294,1.0,1.0,0.0
TRIM45,0.6347907605676825,0.5913405683588785,0.0,1.0,0.0
TRIM46,0.573755195702385,0.10543590211225931,0.0,0.0,0.0
TRIM6,0.488305752367437,0.06117810987047029,0.0,1.0,0.0
TRIM68,0.4661896937025007,0.5895132301157955,0.0,1.0,0.0
TRIM8,0.4853561234770841,0.5822658497166795,1.0,1.0,0.0
TRIO,0.5816633558143421,0.5841187991266114,0.0,0.33333333333333326,0.0
TRIOBP,0.5097136553909124,0.5896362131012179,0.0,1.0,0.0
TRIP10,0.4878796612231487,0.9062641740361655,1.0,1.0,0.0
TRIP13,0.7451705918315292,0.9227781085247603,0.0,0.33333333333333326,0.0
TRIT1,0.6302145906293986,0.4217876904714743,0.0,0.33333333333333326,0.0
TRMT112,0.5875611499078577,0.10545364564734935,0.0,1.0,0.0
TRMT6,0.6206316185782407,0.4156926058104405,0.0,1.0,0.0
TRPM1,0.5199966462401467,0.04208087380282408,0.0,1.0,0.0
TRPM2,0.5937812311593749,0.40546172193039615,0.0,0.33333333333333326,0.0
TRPM4,0.6838240037659655,1.0,0.0,0.33333333333333326,0.0
TRPS1,0.7273130492342873,1.0,1.0,1.0,0.0
TRUB2,0.622025322958782,0.3433672398172528,0.0,1.0,0.0
TSC1,0.5133035102243936,0.7537723424766907,0.0,1.0,0.0
TSC22D3,0.46063606296149545,0.6567772511091329,0.0,1.0,0.0
TSEN34,0.6422665454797768,1.0,0.0,1.0,0.0
TSEN54,0.6408799398103723,1.0,0.0,1.0,0.0
TSFM,0.5901615588912351,0.6679324388563126,0.0,0.33333333333333326,0.0
TSHZ2,0.4267830555624373,1.0,0.0,1.0,0.0
TSKU,0.4642607592051597,0.643810588790102,1.0,1.0,0.0
TSPAN1,0.7118745340661694,1.0,0.0,1.0,0.0
TSPAN13,0.6706553925452213,1.0,1.0,1.0,0.0
TSPAN14,0.5094195415466358,0.5721382660248391,0.0,0.33333333333333326,0.0
TSPAN17,0.6399290625001353,0.9270237124737728,0.0,1.0,0.0
TSPAN18,0.48704972707721755,0.5761749652622319,0.0,1.0,0.0
TSPAN3,0.4305149174142355,0.6669676985148475,1.0,1.0,0.0
TSPAN33,0.5973026954694518,0.1095296206218416,0.0,1.0,0.0
TSPAN4,0.47160080104512714,0.6671217315651904,1.0,1.0,0.0
TSPAN5,0.6694315821270097,0.48642030183728774,1.0,1.0,0.0
TSPAN6,0.47181931466386323,0.4144032285743577,0.0,1.0,0.0
TSPAN7,0.3774985042613494,1.0,0.0,1.0,0.0
TSPAN8,0.41490389608475375,0.1966894086525303,0.0,1.0,0.0
TSPYL2,0.5721586357944585,0.4266368006273122,0.0,0.33333333333333326,0.0
TST,0.4481610034709951,0.5022200352492763,1.0,1.0,0.0
TSTD1,0.6555366550763818,0.2739711299593422,0.0,1.0,0.0
TTC13,0.6285094311954524,0.6608936316967295,1.0,1.0,0.0
TTC23,0.5219065601448697,0.048499780322501435,0.0,1.0,0.0
TTC28,0.45366834708907305,1.0,1.0,1.0,0.0
TTC33,0.5072432191433311,0.11798232721710022,0.0,1.0,0.0
TTC38,0.5002923073131573,0.6440386391791633,1.0,1.0,0.0
TTC39A,0.6923537862001583,0.5689495437197566,1.0,0.33333333333333326,0.0
TTC5,0.6015434133929057,0.18205711312944464,0.0,1.0,0.0
TTC7B,0.3788694981364897,0.9328372050800167,0.0,1.0,0.0
TTI1,0.6321098417754791,0.37842107393391794,0.0,1.0,0.0
TTK,0.6955364726646505,0.6927437747593147,0.0,1.0,0.0
TTLL12,0.6675579931798893,1.0,0.0,1.0,0.0
TTLL5,0.6031216920760964,0.4064577781767141,0.0,1.0,0.0
TTYH2,0.5313742640428224,0.006128319932742054,0.0,1.0,0.0
TTYH3,0.5973193191847397,0.6306491104272623,0.0,1.0,0.0
TUBA1B,0.6013421062967796,0.2454189925034008,0.0,1.0,0.0
TUBA1C,0.608704568944205,0.37291299259325156,1.0,1.0,0.0
TUBA3D,0.5906800434680312,0.3026897371708597,0.0,1.0,0.0
TUBA4A,0.6380522169436887,0.549576321763289,1.0,1.0,0.0
TUBAL3,0.553095940443156,0.37963480304585173,0.0,0.0,0.0
TUBB,0.5768768347335904,0.14837836453880493,1.0,0.33333333333333326,0.0
TUBB2A,0.45083921213362077,0.4932107211514863,1.0,1.0,0.0
TUBB4B,0.5927438426472527,0.18834440117803367,0.0,1.0,0.0
TUBB6,0.42275408322979463,0.6932395157372342,1.0,1.0,0.0
TUFM,0.6023832039304867,0.2708123385112349,1.0,1.0,0.0
TUFT1,0.6889991801577854,0.36521212419953486,0.0,1.0,0.0
TULP3,0.5738390853909651,0.09775090222944141,0.0,0.33333333333333326,0.0
TUT4,0.5133473174713197,0.5903126472116232,0.0,1.0,0.0
TWIST1,0.3898278150389316,0.5204399866901424,1.0,1.0,0.0
TWIST2,0.257942200786574,1.0,0.0,1.0,0.0
TWNK,0.6542363162309482,1.0,0.0,0.33333333333333326,0.0
TXN,0.6133362167662725,1.0,1.0,1.0,0.0
TXNDC11,0.6201386953683933,0.4781329334623602,0.0,1.0,0.0
TXNDC17,0.6213234858135398,1.0,0.0,1.0,0.0
TXNIP,0.42258375155614514,1.0,1.0,1.0,0.0
TXNL1,0.5630390702738471,0.1940192008011004,0.0,0.33333333333333326,0.0
TXNRD2,0.6042047157297921,0.17942569512950365,0.0,0.33333333333333326,0.0
TYMP,0.7223921167391436,0.7472780649522938,0.0,1.0,0.0
TYMS,0.7418040778125318,1.0,1.0,1.0,0.0
TYRO3,0.3843561795533381,1.0,1.0,1.0,0.0
TYRP1,0.5525494530771539,0.25995211499908905,0.0,0.0,0.0
TYW2,0.6181856848146576,0.6820476814713504,0.0,1.0,0.0
U2AF1,0.6028075887296672,0.18859885558368356,0.0,1.0,0.0
U2AF2,0.6467330540175235,0.8858554655264606,0.0,1.0,0.0
UBA1,0.632991498595169,0.1916351271099575,0.0,1.0,0.0
UBA2,0.44288183146900073,0.7140626820131369,0.0,1.0,0.0
UBA52,0.521572615079371,0.27987294197506235,0.0,0.33333333333333326,0.0
UBA6,0.62442386885608,0.48656551001843695,0.0,0.33333333333333326,0.0
UBAC2,0.6027908539415974,0.3074351268901613,0.0,1.0,0.0
UBAP2L,0.6501049133573545,1.0,0.0,1.0,0.0
UBC,0.52776044991098,0.09084718403265249,0.0,1.0,0.0
UBD,0.6981806806655609,0.3927385835708903,1.0,1.0,0.0
UBE2A,0.54752242771596,0.06452282923905611,0.0,0.33333333333333326,0.0
UBE2C,0.8316152139456809,1.0,0.0,1.0,0.0
UBE2D1,0.553481142180336,0.05161811407008429,0.0,0.33333333333333326,0.0
UBE2D4,0.49779931268548444,0.2594003607056121,0.0,1.0,0.0
UBE2E2,0.4401455091510268,0.5363216891308358,0.0,1.0,0.0
UBE2E3,0.46199285521089106,0.3868582260298477,1.0,1.0,0.0
UBE2I,0.6200102696093404,0.4476327857515521,0.0,0.33333333333333326,0.0
UBE2J2,0.5907240882143282,0.3327242765919157,0.0,1.0,0.0
UBE2K,0.6092980994240824,0.5329244492455554,1.0,1.0,0.0
UBE2L3,0.5223873268598249,0.6610306648225788,1.0,0.33333333333333326,0.0
UBE2L6,0.6418527878053588,0.424952934136132,0.0,1.0,0.0
UBE2Q1,0.5971611932285855,0.23977750967834252,0.0,1.0,0.0
UBE2S,0.7181559693836199,1.0,0.0,1.0,0.0
UBE2T,0.7873944484562104,1.0,0.0,1.0,0.0
UBE2V2,0.5606360119451215,0.3564100126401124,0.0,0.33333333333333326,0.0
UBE2Z,0.6307111031116154,1.0,0.0,1.0,0.0
UBFD1,0.6151839594084948,0.2612077516263662,0.0,1.0,0.0
UBL4A,0.609321752251483,0.6412713633592587,0.0,1.0,0.0
UBN1,0.6067448121262327,0.34511575304785264,0.0,0.33333333333333326,0.0
UBP1,0.6122968834534701,0.44599223876379346,0.0,1.0,0.0
UBQLN2,0.5961834470557154,0.16242536387540057,0.0,1.0,0.0
UBQLN4,0.6635680409414358,0.5664100847567581,0.0,0.33333333333333326,0.0
UBR3,0.4767205223824381,0.6534827973467299,0.0,1.0,0.0
UBXN1,0.5176805266620246,0.2879098830248394,0.0,1.0,0.0
UBXN2B,0.607926142191175,0.34847516740884027,1.0,1.0,0.0
UBXN4,0.6142935086289335,0.10635062701846668,1.0,1.0,0.0
UBXN7,0.6251068575180642,0.3048923090490397,0.0,0.33333333333333326,0.0
UCHL1,0.4483855182250024,0.29229489080758875,1.0,1.0,0.0
UCHL5,0.5571937971818408,0.2105479387384409,0.0,0.33333333333333326,0.0
UFC1,0.5979882475780385,0.4887090872761536,0.0,1.0,0.0
UFSP2,0.4714505045238651,0.30827814723420677,0.0,1.0,0.0
UGCG,0.6749227274331979,0.6312281097639034,1.0,1.0,0.0
UGP2,0.38566679006148846,1.0,1.0,1.0,0.0
UHRF1,0.8752154087791741,1.0,0.0,1.0,0.0
ULK1,0.5646620164821887,0.45558472366713737,0.0,0.33333333333333326,0.0
ULK3,0.6195626565730433,1.0,0.0,1.0,0.0
UMPS,0.5944898830560225,0.4155462391539872,0.0,1.0,0.0
UNC5B,0.6684464655326507,0.8909731616985682,0.0,0.33333333333333326,0.0
UNC93B1,0.5914999583180816,0.1260396556953607,0.0,0.33333333333333326,0.0
UNKL,0.5725659144081763,0.21342614097039747,0.0,0.33333333333333326,0.0
UPK3BL1,0.6333002248431424,1.0,0.0,0.33333333333333326,0.0
UQCC3,0.6149475663334237,0.3080826639686823,0.0,1.0,0.0
UQCC4,0.6144904572550363,0.5133099593569745,0.0,1.0,0.0
UQCRB,0.5170941838755452,0.5819675391195245,0.0,0.33333333333333326,0.0
UQCRC2,0.4884612367258318,0.36820693286493206,0.0,1.0,0.0
UROD,0.4975298809626906,0.5678412546774547,1.0,1.0,0.0
USE1,0.5100012274171846,0.32460317135617106,1.0,1.0,0.0
USP1,0.6047168841840591,0.08146119116225725,0.0,1.0,0.0
USP10,0.6020980542387386,0.10829692720736817,0.0,0.33333333333333326,0.0
USP12,0.5035652678053686,0.3126904784334484,0.0,1.0,0.0
USP19,0.5603224104402611,0.656704854745279,0.0,0.33333333333333326,0.0
USP21,0.6297189176095848,0.14167868117743865,0.0,0.33333333333333326,0.0
USP24,0.4995659397025325,0.6696541515669913,0.0,1.0,0.0
USP25,0.49023020953457436,0.36141149067580947,1.0,1.0,0.0
USP30,0.46703817608077364,0.5632882915189792,0.0,1.0,0.0
USP33,0.4802524265648332,0.7007816530522009,0.0,1.0,0.0
USP34,0.6003469764811492,0.16089217688363935,1.0,0.33333333333333326,0.0
USP39,0.6046755203037703,0.42863047627298606,0.0,1.0,0.0
USP48,0.5024741326831369,0.6224202192041048,0.0,1.0,0.0
USP5,0.5645716966430195,0.053415926679512456,1.0,0.33333333333333326,0.0
USP53,0.42268021528573924,0.8057415695846103,0.0,1.0,0.0
USP7,0.6069137863186911,0.4614605202663262,0.0,1.0,0.0
USPL1,0.5185943678386439,0.37215143327188216,1.0,1.0,0.0
UST,0.39200536673931435,1.0,0.0,1.0,0.0
UTP11,0.5454032751259005,0.05523699267176485,0.0,0.33333333333333326,0.0
UTP18,0.6234798425468729,0.6467650582277046,1.0,1.0,0.0
UTP23,0.6025087858173975,0.2958457962172613,0.0,1.0,0.0
UTP25,0.6185548653007963,0.4124026045462555,0.0,0.33333333333333326,0.0
UTP4,0.5252870178962087,0.07813671814684403,0.0,1.0,0.0
UTP6,0.6017896160078015,0.11948647322233702,0.0,1.0,0.0
UTRN,0.4432681484241022,1.0,1.0,1.0,0.0
UVRAG,0.4835239855763395,0.5985695661470288,1.0,1.0,0.0
UVSSA,0.6567956471042536,0.8901567926607471,0.0,1.0,0.0
UXS1,0.6184127684057008,0.14477773129232988,0.0,0.33333333333333326,0.0
VAMP3,0.44249407584524086,1.0,0.0,1.0,0.0
VAMP4,0.5260116215857537,0.21940694457130674,0.0,1.0,0.0
VAMP5,0.4298669028535552,0.5160601771775741,0.0,0.33333333333333326,0.0
VAMP8,0.671655585645928,1.0,1.0,1.0,0.0
VANGL1,0.6608515098235106,0.6222021664943521,0.0,0.33333333333333326,0.0
VARS1,0.6526415843941434,0.6289799515767596,0.0,0.33333333333333326,0.0
VARS2,0.6199761577206505,0.4233628021398023,0.0,1.0,0.0
VASP,0.6216059818064027,0.21890817819746142,0.0,1.0,0.0
VAV2,0.6479775491335033,0.7466256180434624,0.0,0.33333333333333326,0.0
VAV3,0.753540131947721,0.8502764651979574,1.0,1.0,0.0
VBP1,0.5416375932006814,0.17858242369577848,0.0,0.33333333333333326,0.0
VCAN,0.699863254947295,0.5343630150277588,0.0,1.0,0.0
VCPKMT,0.6422864919118207,0.3028763963462393,0.0,1.0,0.0
VDR,0.7750980935103974,0.5842015360444816,0.0,0.33333333333333326,0.0
VEGFB,0.36639185987353345,0.7235538368887919,0.0,1.0,0.0
VEGFC,0.4168689875978498,0.7485650553788262,0.0,1.0,0.0
VEZF1,0.5975900928131282,0.155694181461506,0.0,1.0,0.0
VGLL3,0.3369633378097511,0.867366109068234,1.0,1.0,0.0
VGLL4,0.6296820056395219,0.5845529445999023,0.0,1.0,0.0
VIM,0.4038336061350555,0.6721359442395021,1.0,1.0,0.0
VIPR1,0.48399198241724284,0.765265913067809,0.0,0.33333333333333326,0.0
VIT,0.31530736070945464,1.0,0.0,1.0,0.0
VKORC1L1,0.2878010117589172,1.0,0.0,1.0,0.0
VLDLR,0.34823437885566194,0.931868555449329,1.0,1.0,0.0
VMP1,0.744996168106465,0.8526881387395226,0.0,1.0,0.0
VOPP1,0.6333924380523145,0.5773788861497307,0.0,1.0,0.0
VPS13C,0.5046155452805632,0.4772759158866603,0.0,0.33333333333333326,0.0
VPS16,0.5938505330626386,0.3199232755074806,0.0,1.0,0.0
VPS26A,0.4914217314942574,0.5726842726585425,0.0,1.0,0.0
VPS26C,0.5090042335730952,0.06507384722451386,0.0,0.33333333333333326,0.0
VPS28,0.6139904067254399,0.06083810881549883,0.0,1.0,0.0
VPS29,0.48848893060452514,0.7286542031908085,0.0,1.0,0.0
VPS36,0.49133062107320247,0.8677859815451603,0.0,1.0,0.0
VPS37B,0.6509529554172363,0.367628405888365,0.0,1.0,0.0
VPS37C,0.6561330407019244,1.0,1.0,1.0,0.0
VPS37D,0.5853544198353631,0.31449611783454046,0.0,1.0,0.0
VPS4A,0.5138053800902362,0.5321398811853022,0.0,1.0,0.0
VPS51,0.5005265327502602,0.3086408675275194,0.0,1.0,0.0
VPS52,0.5911751827211887,0.6623274034156665,0.0,1.0,0.0
VPS53,0.5123146460381636,0.23098218791551997,0.0,0.33333333333333326,0.0
VPS9D1,0.6092791660617999,0.22795705316997936,0.0,1.0,0.0
VRK2,0.5759841228247865,0.5262561348693782,0.0,0.33333333333333326,0.0
VSIG4,0.4164904632679614,0.37548356528643406,1.0,1.0,0.0
VSIR,0.4581484494097759,0.8331739151338308,0.0,1.0,0.0
VSTM4,0.4753973108715675,0.5563114590535555,1.0,1.0,0.0
VTI1B,0.4426852694011869,0.5587239783240816,1.0,1.0,0.0
VWA1,0.6455454074184542,0.5906665408173846,0.0,0.33333333333333326,0.0
VWA5A,0.5105374203047017,0.3221132101566351,1.0,1.0,0.0
VWA8,0.4822100894347021,0.3998219238071225,0.0,1.0,0.0
VWF,0.3665855413737552,1.0,1.0,1.0,0.0
WAPL,0.5939540447811875,0.1456268903951501,0.0,0.33333333333333326,0.0
WASF1,0.4984070474990757,0.25969449627783614,0.0,1.0,0.0
WASF2,0.49413935243313695,0.6785011698308147,0.0,1.0,0.0
WASF3,0.31717358589431294,1.0,1.0,1.0,0.0
WBP11,0.5885322310881347,0.3033617305832628,0.0,1.0,0.0
WBP1L,0.4930218617528188,0.1584675819519351,0.0,1.0,0.0
WBP4,0.47962135245137394,1.0,0.0,1.0,0.0
WDFY3,0.5544259976785448,0.7122859980974023,0.0,0.33333333333333326,0.0
WDR1,0.5892831249988527,0.2392784005490549,0.0,1.0,0.0
WDR12,0.6055082128088951,0.7908370300038484,0.0,1.0,0.0
WDR18,0.5961739697389484,0.3091549448643618,0.0,0.33333333333333326,0.0
WDR19,0.49277864307810065,0.5163575913722964,1.0,1.0,0.0
WDR27,0.5581144943511387,0.6010331373959237,0.0,0.0,0.0
WDR3,0.5911437043305742,0.3024221633604259,0.0,1.0,0.0
WDR36,0.4758036681840182,0.697639407789453,0.0,1.0,0.0
WDR45B,0.6153521187754443,0.2201340257227327,0.0,0.33333333333333326,0.0
WDR46,0.6349659790482524,0.4412383462956929,0.0,0.33333333333333326,0.0
WDR54,0.7134755235629983,1.0,0.0,1.0,0.0
WDR55,0.6215122160022151,1.0,0.0,1.0,0.0
WDR59,0.5656704747015259,0.28519305404496575,0.0,0.33333333333333326,0.0
WDR6,0.6458742089461313,0.9896573481024115,1.0,1.0,0.0
WDR7,0.5104951705021484,0.062053553584065564,0.0,0.33333333333333326,0.0
WDR73,0.6300332206082422,0.587913250005795,0.0,1.0,0.0
WDR90,0.7396330143285123,1.0,0.0,1.0,0.0
WEE1,0.6466575564143214,0.20572844198754583,0.0,0.33333333333333326,0.0
WFDC2,0.7038196664038049,0.5341255156720085,0.0,0.33333333333333326,0.0
WFS1,0.514429015936518,0.15820136264525614,0.0,1.0,0.0
WHAMM,0.5128390504938467,0.2349658148227759,0.0,1.0,0.0
WHR1,0.5848664754165777,0.2609645330267577,0.0,0.33333333333333326,0.0
WHRN,0.5928893748271603,0.3665366756827287,0.0,0.33333333333333326,0.0
WNK1,0.4970728371022727,1.0,0.0,0.33333333333333326,0.0
WNT11,0.3979432889089566,0.8896308630409977,0.0,1.0,0.0
WNT5A,0.6701486766404752,0.24793434041472134,0.0,1.0,0.0
WRAP53,0.6034749043454397,0.7553791199004324,0.0,0.33333333333333326,0.0
WRAP73,0.5886422880308049,0.09593714670970885,0.0,1.0,0.0
WRNIP1,0.6300947525396718,0.6783196775081917,0.0,0.33333333333333326,0.0
WSB1,0.555594138884592,0.3615187170879605,0.0,0.33333333333333326,0.0
WT1,0.644044072960127,0.28937563179456116,0.0,1.0,0.0
WTIP,0.4838839317687479,0.4337661201597784,0.0,1.0,0.0
WWC1,0.6803271758684946,0.6358393272023298,1.0,1.0,0.0
WWOX,0.49220187043002317,0.06787468854442724,0.0,1.0,0.0
WWTR1,0.48633181689226074,0.1913721526442046,0.0,1.0,0.0
XBP1,0.6995754485693263,0.509522899960694,1.0,1.0,0.0
XG,0.301599821193756,0.5080764814025179,0.0,1.0,0.0
XKR8,0.5954953482491658,0.12276343708981174,0.0,1.0,0.0
XPA,0.4946970439370654,0.30125875486760506,0.0,1.0,0.0
XPNPEP1,0.5870340945614483,0.11965778068960958,0.0,1.0,0.0
XPO1,0.590651677937745,0.18440410000947285,0.0,1.0,0.0
XPO5,0.6511117157891588,0.8272572754453598,0.0,1.0,0.0
XPO6,0.6059322785912108,0.5683993943400243,0.0,0.33333333333333326,0.0
XPO7,0.6116441240221162,0.6232927943718412,0.0,0.33333333333333326,0.0
XPR1,0.6371511242129622,0.7420787996400388,0.0,1.0,0.0
XYLT1,0.4896500424955601,0.2404473739606964,0.0,1.0,0.0
XYLT2,0.6442292940355134,0.9309347179758483,0.0,1.0,0.0
YAP1,0.4150864576479732,0.9287622225716045,0.0,1.0,0.0
YARS1,0.6161701858186642,0.5276672872354412,0.0,1.0,0.0
YARS2,0.5962307724127801,0.360562431353916,0.0,1.0,0.0
YBX1,0.4946983622618548,0.5791784125184927,1.0,1.0,0.0
YBX3,0.4905189528705377,0.7328891297692743,1.0,1.0,0.0
YDJC,0.6699638412233732,1.0,0.0,1.0,0.0
YEATS4,0.6230811890063056,0.08245439653367943,0.0,1.0,0.0
YIF1A,0.635460245921236,0.4146512487957619,0.0,1.0,0.0
YIF1B,0.6441133245302727,0.8276857830275463,0.0,0.33333333333333326,0.0
YIPF1,0.6215360828780897,0.48458444438585435,1.0,1.0,0.0
YIPF2,0.637011016531344,0.7498233101675186,0.0,0.33333333333333326,0.0
YJU2B,0.6131267238889385,0.8868609273293767,0.0,0.33333333333333326,0.0
YKT6,0.6232396153535659,0.2835462538225965,0.0,0.33333333333333326,0.0
YPEL1,0.5484240418742606,0.2685857983177185,0.0,0.0,0.0
YPEL2,0.48114052578893923,0.3978546907176074,0.0,1.0,0.0
YPEL5,0.4878087723037866,0.5822885198561958,0.0,1.0,0.0
YRDC,0.6146410816299446,0.41546669052523444,0.0,1.0,0.0
YTHDC2,0.6090622921054251,0.21430766502350654,0.0,0.33333333333333326,0.0
YTHDF1,0.6278689851850843,0.9204471514753472,0.0,1.0,0.0
YTHDF2,0.6017503979401725,0.39785744538134077,1.0,1.0,0.0
YWHAB,0.5861633537764382,0.22065008214574094,0.0,1.0,0.0
YWHAG,0.4771353543496533,0.8235087447677233,0.0,1.0,0.0
YWHAQ,0.5836901262345622,0.12663578804426,0.0,1.0,0.0
YWHAZ,0.6048312476240567,0.49330446742422496,0.0,1.0,0.0
YY1AP1,0.6195291650625713,0.7909396654290882,0.0,1.0,0.0
ZBED11,0.43388688233252615,0.923582020150132,0.0,1.0,0.0
ZBED3,0.4628061796496728,0.37142306223339994,0.0,1.0,0.0
ZBTB16,0.32476615405158576,1.0,1.0,1.0,0.0
ZBTB20,0.47606606963834464,0.6739274138648332,1.0,1.0,0.0
ZBTB24,0.6144643390286691,0.4090264858274061,0.0,1.0,0.0
ZBTB38,0.4973532661506004,0.2691676036403322,0.0,1.0,0.0
ZBTB4,0.47354834250791406,0.9685800304335439,0.0,1.0,0.0
ZBTB40,0.5851162777574375,0.3404139130599141,0.0,0.33333333333333326,0.0
ZBTB41,0.6558421112926355,0.3956574462067106,0.0,1.0,0.0
ZBTB42,0.7184123232328773,1.0,0.0,1.0,0.0
ZBTB46,0.530720152280533,0.8830255845053537,0.0,0.0,0.0
ZBTB47,0.5140050778833977,0.769784738027733,0.0,1.0,0.0
ZBTB5,0.6190056628786214,0.604764464568985,0.0,1.0,0.0
ZBTB7A,0.5661385873775077,0.21018077709348534,0.0,0.33333333333333326,0.0
ZBTB7C,0.5637620777227861,0.3554629515841728,0.0,0.33333333333333326,0.0
ZBTB8OS,0.5293168905228717,0.47887819725562847,0.0,0.0,0.0
ZBTB9,0.615463589338203,0.4997367508463032,0.0,1.0,0.0
ZC3H12C,0.39000544063127934,0.8459648598733542,0.0,1.0,0.0
ZC3H13,0.5059712957578746,0.5612130415179704,0.0,0.33333333333333326,0.0
ZC3H3,0.5879986288737868,0.3812722837327089,0.0,0.33333333333333326,0.0
ZC3H7A,0.5228841735837731,0.29519908433947223,0.0,1.0,0.0
ZC3H8,0.6079130829855532,0.25040831719836903,0.0,1.0,0.0
ZCCHC10,0.5950406010558448,0.05296596575120238,0.0,1.0,0.0
ZCCHC17,0.5586583544277054,0.4079927668086338,0.0,0.0,0.0
ZCCHC24,0.4006203065650618,0.8480554050511214,1.0,1.0,0.0
ZCCHC3,0.5682866394999954,0.2702752807366297,0.0,0.0,0.0
ZCRB1,0.5326099458081769,0.7481226819802079,0.0,0.0,0.0
ZCWPW1,0.5290353399665444,0.151973744121504,1.0,1.0,0.0
ZDHHC12,0.6149570666395144,0.8782876419339924,0.0,1.0,0.0
ZDHHC13,0.6677321338391249,0.8456578922532757,0.0,1.0,0.0
ZDHHC16,0.6396292512362686,1.0,0.0,1.0,0.0
ZDHHC2,0.3875714111711317,0.5201849474053963,0.0,1.0,0.0
ZDHHC20,0.6066554827508018,0.651111103260924,0.0,1.0,0.0
ZDHHC24,0.5882277364949947,0.6548012034750686,1.0,0.33333333333333326,0.0
ZDHHC3,0.4917099105455856,0.7828310023238065,0.0,1.0,0.0
ZDHHC5,0.5992759483903788,0.19225428407510115,0.0,1.0,0.0
ZDHHC6,0.5942297702502563,0.09219086989510782,0.0,1.0,0.0
ZDHHC7,0.5606405241227234,0.12844146897080339,0.0,0.33333333333333326,0.0
ZDHHC9,0.6444239365389516,0.2491789944196969,0.0,1.0,0.0
ZEB1,0.4132194282531271,0.7256156467250111,1.0,1.0,0.0
ZEB2,0.3777023863309589,0.9331535021568556,1.0,1.0,0.0
ZFAND5,0.49460624903040834,0.39570380258443477,0.0,1.0,0.0
ZFHX3,0.5132919194513137,0.15947747240971608,0.0,1.0,0.0
ZFHX4,0.4577529163274012,0.5702207251308778,1.0,1.0,0.0
ZFP30,0.5937145630731424,0.13141081597099227,0.0,0.33333333333333326,0.0
ZFP36,0.41015287710247356,0.741625906568324,1.0,1.0,0.0
ZFP36L2,0.46570532858585445,0.6943416169913615,0.0,1.0,0.0
ZFP62,0.6156287191311541,0.1182828048669152,0.0,1.0,0.0
ZFP64,0.6009224186435471,0.3907902843831245,0.0,1.0,0.0
ZFP69B,0.555183138218693,0.11789606724808173,0.0,0.0,0.0
ZFP91,0.5124880310914833,0.2589169384501673,0.0,1.0,0.0
ZFPM2,0.3844762574838596,0.65056969368765,1.0,1.0,0.0
ZFR,0.5200643485225352,0.07379387885963327,0.0,0.33333333333333326,0.0
ZFY,0.5512065795351385,0.026901214675612385,0.0,0.0,0.0
ZFYVE19,0.5893891428346573,0.519236914332935,0.0,1.0,0.0
ZFYVE27,0.6061075657270752,0.47168280647343863,0.0,1.0,0.0
ZFYVE9,0.5244717721315051,0.1762079097939861,0.0,1.0,0.0
ZG16B,0.8698794931318052,1.0,0.0,1.0,0.0
ZHX1,0.4561564109612618,0.5968713182576094,0.0,1.0,0.0
ZMIZ1,0.5778579207422011,0.2745390367274549,0.0,0.33333333333333326,0.0
ZMPSTE24,0.6053598390078376,0.3471575915031455,0.0,1.0,0.0
ZMYM2,0.5819810796365681,0.102689950929077,0.0,1.0,0.0
ZMYND10,0.5679356037624401,0.8641522832971832,0.0,0.0,0.0
ZMYND19,0.6551250345444378,1.0,0.0,1.0,0.0
ZMYND8,0.6808762334192608,1.0,0.0,0.33333333333333326,0.0
ZNF10,0.5555226631448531,0.07279497583503458,0.0,0.33333333333333326,0.0
ZNF101,0.6483380600584753,0.9983397795013184,0.0,1.0,0.0
ZNF106,0.3955761927109831,1.0,1.0,1.0,0.0
ZNF107,0.6760714622758207,0.5225382036043688,0.0,1.0,0.0
ZNF121,0.633081222006216,0.5004192578466241,0.0,1.0,0.0
ZNF133,0.5729838427008358,0.27308612411432476,0.0,0.33333333333333326,0.0
ZNF138,0.6252120119118664,0.4749961409595245,0.0,1.0,0.0
ZNF142,0.5903063569885535,0.6421545200917417,0.0,0.33333333333333326,0.0
ZNF146,0.6070707931943734,0.5385906387838394,1.0,1.0,0.0
ZNF148,0.602897338501286,0.1604886839208062,0.0,0.33333333333333326,0.0
ZNF16,0.5991289276631716,0.20302432864086484,0.0,1.0,0.0
ZNF180,0.6129196737121648,0.17849295817239696,0.0,1.0,0.0
ZNF184,0.6355488176198495,0.4548221558102826,0.0,1.0,0.0
ZNF189,0.5201779129531464,0.18895041195701495,0.0,0.33333333333333326,0.0
ZNF207,0.5957024137513893,0.5194962871168174,0.0,0.33333333333333326,0.0
ZNF211,0.5837693281318606,0.21941874390468324,0.0,0.33333333333333326,0.0
ZNF213,0.5949462657384701,0.4788790413447618,0.0,1.0,0.0
ZNF217,0.642467916485287,0.45912038827996643,1.0,1.0,0.0
ZNF219,0.4977920869743773,0.8388075783692956,0.0,1.0,0.0
ZNF22,0.48569823170455667,0.3535468841860102,0.0,1.0,0.0
ZNF236,0.6100529060262796,0.25377345859763173,0.0,0.33333333333333326,0.0
ZNF239,0.6957869594208836,1.0,0.0,1.0,0.0
ZNF25,0.4446085361978237,0.45101408484698585,0.0,1.0,0.0
ZNF260,0.6324761415358436,0.4898043312858817,0.0,1.0,0.0
ZNF264,0.5747322453909621,0.1839025219142848,0.0,0.33333333333333326,0.0
ZNF267,0.6239944136107051,0.4096508543648933,1.0,1.0,0.0
ZNF273,0.5655254448364918,0.03000529937582833,0.0,0.0,0.0
ZNF277,0.48976264111721507,0.19288551783280639,0.0,0.33333333333333326,0.0
ZNF281,0.6719964490347907,1.0,0.0,1.0,0.0
ZNF324,0.6069703805900738,1.0,0.0,0.33333333333333326,0.0
ZNF326,0.6070663116739553,0.20952370560631095,0.0,1.0,0.0
ZNF335,0.5644292511907076,0.24039816644936174,0.0,0.33333333333333326,0.0
ZNF346,0.6143815900261181,0.49194308833891237,0.0,1.0,0.0
ZNF350,0.5888516865596392,0.11611603986400593,0.0,0.33333333333333326,0.0
ZNF354C,0.5016398050049589,0.4972433234093832,0.0,1.0,0.0
ZNF362,0.5769267893513346,0.116743868220085,0.0,0.33333333333333326,0.0
ZNF366,0.40178963224560954,1.0,0.0,1.0,0.0
ZNF395,0.49660554285208536,0.29719415510623304,1.0,1.0,0.0
ZNF408,0.5895301921291293,0.3247938365487255,0.0,0.33333333333333326,0.0
ZNF423,0.41506552207451924,0.9198360507197645,1.0,1.0,0.0
ZNF426,0.5275530344778598,0.44720051781020903,0.0,1.0,0.0
ZNF438,0.46093457589624065,0.43471566157026476,0.0,1.0,0.0
ZNF440,0.5643428354431123,0.10643686672714982,0.0,0.0,0.0
ZNF443,0.6394481068925292,0.7194237622840441,0.0,1.0,0.0
ZNF444,0.6333021420019267,0.5413489360082421,0.0,1.0,0.0
ZNF446,0.5949903714355483,0.43185588609020215,0.0,1.0,0.0
ZNF467,0.6466969664306454,0.5387251021496223,0.0,1.0,0.0
ZNF468,0.6198722859390072,0.3745575056421976,0.0,1.0,0.0
ZNF469,0.6347798118953699,0.4135785371583779,0.0,1.0,0.0
ZNF48,0.6149614676699207,0.9017363411584279,0.0,1.0,0.0
ZNF507,0.4887889625329509,0.4413430704530436,0.0,0.33333333333333326,0.0
ZNF510,0.5125536830776432,0.25084020424253484,0.0,1.0,0.0
ZNF512,0.5732357626840422,0.18172548375445324,0.0,0.0,0.0
ZNF512B,0.6849243051374655,0.6753117266156431,0.0,1.0,0.0
ZNF513,0.6179133962326775,0.8243234089031523,0.0,1.0,0.0
ZNF521,0.4346959394624569,0.2939286524629696,0.0,1.0,0.0
ZNF544,0.6559101021110745,0.961536443105359,0.0,1.0,0.0
ZNF550,0.5934072325563658,0.09171157010543544,0.0,0.33333333333333326,0.0
ZNF552,0.6658714545432416,0.5992500294024539,0.0,1.0,0.0
ZNF559,0.4999316800631348,0.3169111287292197,0.0,1.0,0.0
ZNF562,0.6359994171530445,0.608152058928067,0.0,1.0,0.0
ZNF567,0.6037242077548605,0.035334456068844604,0.0,1.0,0.0
ZNF574,0.5803133292385645,0.5578099204239996,0.0,0.33333333333333326,0.0
ZNF581,0.5955319680830293,0.14009308915475616,0.0,1.0,0.0
ZNF585A,0.5978608926819442,0.24600830476538185,0.0,1.0,0.0
ZNF587,0.7099678223341533,0.7534945265213994,0.0,1.0,0.0
ZNF587B,0.7022385195842257,0.9621402001263918,0.0,1.0,0.0
ZNF600,0.5954632068589562,0.048597570104746496,0.0,1.0,0.0
ZNF606,0.6448848389855607,0.3465442651206922,0.0,0.33333333333333326,0.0
ZNF611,0.5991075373433792,0.03986371767476609,0.0,1.0,0.0
ZNF627,0.6407713706785488,0.565785264515344,0.0,1.0,0.0
ZNF652,0.6187922520590518,0.3680415116853246,0.0,0.33333333333333326,0.0
ZNF655,0.5102129790508083,0.04739453778808995,0.0,1.0,0.0
ZNF672,0.6274671386565331,1.0,0.0,1.0,0.0
ZNF677,0.420900284183758,0.5787792964366127,0.0,1.0,0.0
ZNF678,0.6575950396729602,0.5126128483162575,0.0,1.0,0.0
ZNF680,0.6183833437801504,0.2980167253186035,0.0,1.0,0.0
ZNF692,0.7152015929148777,1.0,0.0,1.0,0.0
ZNF7,0.6067202679870518,0.1296951170685742,0.0,1.0,0.0
ZNF700,0.6525625984784685,0.6559189864206157,0.0,1.0,0.0
ZNF710,0.5983846273868442,0.3581031995034431,0.0,1.0,0.0
ZNF718,0.5516761281782787,0.19560520937339826,0.0,0.0,0.0
ZNF729,0.6233881238111704,0.2644225833694203,0.0,0.33333333333333326,0.0
ZNF75A,0.6558825910795094,0.7662132859304566,0.0,1.0,0.0
ZNF765,0.6093778686095479,0.45225162893128523,0.0,1.0,0.0
ZNF768,0.634509414274327,0.9075618918469633,0.0,1.0,0.0
ZNF776,0.6523196932580169,0.5767079193603502,0.0,1.0,0.0
ZNF83,0.6490170726622307,0.21299027730450598,0.0,0.33333333333333326,0.0
ZNF839,0.5571442097010165,0.03726415945969623,0.0,0.33333333333333326,0.0
ZNF84,0.5995689919498767,0.1817993696835689,0.0,0.33333333333333326,0.0
ZNF91,0.4701062649268099,0.2132351430763469,0.0,1.0,0.0
ZNF92,0.6964849257227381,0.5157930023028088,0.0,1.0,0.0
ZNF93,0.6362424631761586,0.7877465006969728,0.0,0.33333333333333326,0.0
ZNG1F,0.6244005577266087,1.0,1.0,1.0,0.0
ZNRF1,0.6217172647902894,0.5884157434802443,0.0,1.0,0.0
ZRANB1,0.5048669334656898,0.2636593900429459,0.0,1.0,0.0
ZSCAN16,0.6684385419437313,0.6079941448295776,0.0,1.0,0.0
ZSCAN9,0.5707672559043041,0.4257209546491142,0.0,0.33333333333333326,0.0
ZSWIM1,0.5344262045466179,0.15364238247084164,0.0,0.33333333333333326,0.0
ZWILCH,0.6971976473676386,1.0,0.0,1.0,0.0
ZWINT,0.7684427570017642,1.0,1.0,1.0,0.0
ZXDC,0.6045030067543387,0.5513157417276134,0.0,0.33333333333333326,0.0
ZYG11B,0.4722090875396818,0.2718441014972996,0.0,1.0,0.0
