2026-05-05 20:51:50 [INFO] riker.config: Config loaded: condition=breast_cancer_blind, 3 discovery + 2 replication datasets.
2026-05-05 20:51:50 [INFO] riker: ============================================================
2026-05-05 20:51:50 [INFO] riker: PHASE 1: Cross-Referencing
2026-05-05 20:51:50 [INFO] riker: ============================================================
2026-05-05 20:51:52 [INFO] riker.ingestion.gene_db: Loading HGNC data from /home/kai001/riker-engine/data/hgnc/hgnc_complete_set.txt...
2026-05-05 20:51:59 [INFO] riker.ingestion.gene_db: HGNC resolver loaded: 44981 approved symbols, 57613 aliases/previous symbols mapped.
2026-05-05 20:52:00 [INFO] riker.ingestion.gene_db: Loaded 19296 seed genes from /home/kai001/riker-engine/data/seeds/all_protein_coding_genes.csv. 0 symbols remapped via HGNC.
2026-05-05 20:52:00 [INFO] riker: Loaded 19296 seed genes.
2026-05-05 20:52:00 [INFO] riker: Loading dataset: GSE10810
2026-05-05 20:52:07 [INFO] riker.ingestion.geo_parser: Probe-to-gene mapping: 17824 mapped, 558 unmapped, 11112 unique genes.
2026-05-05 20:52:07 [INFO] riker: Loading dataset: GSE42568
2026-05-05 20:52:27 [INFO] riker.ingestion.geo_parser: Probe-to-gene mapping: 45118 mapped, 9557 unmapped, 21717 unique genes.
2026-05-05 20:52:27 [INFO] riker: Loading dataset: GSE15852
2026-05-05 20:52:34 [INFO] riker.ingestion.geo_parser: Probe-to-gene mapping: 21156 mapped, 1127 unmapped, 13095 unique genes.
2026-05-05 20:52:34 [INFO] riker.ingestion.normalizer: Applied log2(x+1) transformation. Median: 618.16 -> 9.27
2026-05-05 20:52:34 [INFO] riker.phases.phase1_crossref: Dataset GSE10810: 10392/19296 seed genes detected (53.9%).
2026-05-05 20:52:34 [INFO] riker.phases.phase1_crossref: Dataset GSE42568: 17226/19296 seed genes detected (89.3%).
2026-05-05 20:52:34 [INFO] riker.phases.phase1_crossref: Dataset GSE15852: 12194/19296 seed genes detected (63.2%).
2026-05-05 20:52:34 [WARNING] riker.phases.phase1_crossref: Gene A4GNT, dataset GSE42568: Welch's t-test failed: group2: zero variance (all values identical: 2.312811642).
2026-05-05 20:52:34 [WARNING] riker.phases.phase1_crossref: Gene ABCA4, dataset GSE42568: Welch's t-test failed: group2: zero variance (all values identical: 2.312811642).
2026-05-05 20:52:34 [WARNING] riker.phases.phase1_crossref: Gene ABHD16B, dataset GSE42568: Welch's t-test failed: group2: zero variance (all values identical: 2.312811642).
2026-05-05 20:52:35 [WARNING] riker.phases.phase1_crossref: Gene ADAMTS19, dataset GSE42568: Welch's t-test failed: group2: zero variance (all values identical: 2.312811642).
2026-05-05 20:52:35 [WARNING] riker.phases.phase1_crossref: Gene ADGRE1, dataset GSE42568: Welch's t-test failed: group2: zero variance (all values identical: 2.312811642).
2026-05-05 20:52:36 [WARNING] riker.phases.phase1_crossref: Gene ALPP, dataset GSE42568: Welch's t-test failed: group1: zero variance (all values identical: 2.312811642).
2026-05-05 20:52:36 [WARNING] riker.phases.phase1_crossref: Gene ANKRD24, dataset GSE42568: Welch's t-test failed: group2: zero variance (all values identical: 2.312811642).
2026-05-05 20:52:37 [WARNING] riker.phases.phase1_crossref: Gene ANO7, dataset GSE42568: Welch's t-test failed: group2: zero variance (all values identical: 2.312811642).
2026-05-05 20:52:37 [WARNING] riker.phases.phase1_crossref: Gene ANXA10, dataset GSE42568: Welch's t-test failed: group2: zero variance (all values identical: 2.312811642).
2026-05-05 20:52:37 [WARNING] riker.phases.phase1_crossref: Gene AQP10, dataset GSE42568: Welch's t-test failed: group2: zero variance (all values identical: 2.312811642).
2026-05-05 20:52:38 [WARNING] riker.phases.phase1_crossref: Gene ARSF, dataset GSE42568: Welch's t-test failed: group2: zero variance (all values identical: 2.312811642).
2026-05-05 20:52:38 [WARNING] riker.phases.phase1_crossref: Gene ASCL5, dataset GSE42568: Welch's t-test failed: group2: zero variance (all values identical: 2.312811642).
2026-05-05 20:52:40 [WARNING] riker.phases.phase1_crossref: Gene BRDT, dataset GSE42568: Welch's t-test failed: group2: zero variance (all values identical: 2.312811642).
2026-05-05 20:52:40 [WARNING] riker.phases.phase1_crossref: Gene BRSK2, dataset GSE42568: Welch's t-test failed: group2: zero variance (all values identical: 2.312811642).
2026-05-05 20:52:40 [WARNING] riker.phases.phase1_crossref: Gene BTBD16, dataset GSE42568: Welch's t-test failed: group2: zero variance (all values identical: 2.312811642).
2026-05-05 20:52:40 [WARNING] riker.phases.phase1_crossref: Gene BTN1A1, dataset GSE42568: Welch's t-test failed: group2: zero variance (all values identical: 2.312811642).
2026-05-05 20:52:40 [WARNING] riker.phases.phase1_crossref: Gene C11orf97, dataset GSE42568: Welch's t-test failed: group2: zero variance (all values identical: 2.312811642).
2026-05-05 20:52:40 [WARNING] riker.phases.phase1_crossref: Gene C20orf144, dataset GSE42568: Welch's t-test failed: group2: zero variance (all values identical: 2.312811642).
2026-05-05 20:52:40 [WARNING] riker.phases.phase1_crossref: Gene C9orf57, dataset GSE42568: Welch's t-test failed: group2: zero variance (all values identical: 2.312811642).
2026-05-05 20:52:40 [WARNING] riker.phases.phase1_crossref: Gene CA5A, dataset GSE42568: Welch's t-test failed: group2: zero variance (all values identical: 2.312811642).
2026-05-05 20:52:41 [WARNING] riker.phases.phase1_crossref: Gene CALCB, dataset GSE42568: Welch's t-test failed: group2: zero variance (all values identical: 2.312811642).
2026-05-05 20:52:41 [WARNING] riker.phases.phase1_crossref: Gene CALY, dataset GSE42568: Welch's t-test failed: group2: zero variance (all values identical: 2.312811642).
2026-05-05 20:52:41 [WARNING] riker.phases.phase1_crossref: Gene CAMP, dataset GSE42568: Welch's t-test failed: group2: zero variance (all values identical: 2.344428134).
2026-05-05 20:52:41 [WARNING] riker.phases.phase1_crossref: Gene CAPZA3, dataset GSE42568: Welch's t-test failed: group2: zero variance (all values identical: 2.312811642).
2026-05-05 20:52:41 [WARNING] riker.phases.phase1_crossref: Gene CASP14, dataset GSE42568: Welch's t-test failed: group2: zero variance (all values identical: 2.312811642).
2026-05-05 20:52:41 [WARNING] riker.phases.phase1_crossref: Gene CASQ1, dataset GSE42568: Welch's t-test failed: group2: zero variance (all values identical: 2.312811642).
2026-05-05 20:52:41 [WARNING] riker.phases.phase1_crossref: Gene CATSPERD, dataset GSE42568: Welch's t-test failed: group2: zero variance (all values identical: 2.312811642).
2026-05-05 20:52:41 [WARNING] riker.phases.phase1_crossref: Gene CCDC83, dataset GSE42568: Welch's t-test failed: group2: zero variance (all values identical: 2.312811642).
2026-05-05 20:52:41 [WARNING] riker.phases.phase1_crossref: Gene CCK, dataset GSE42568: Welch's t-test failed: group2: zero variance (all values identical: 2.312811642).
2026-05-05 20:52:41 [WARNING] riker.phases.phase1_crossref: Gene CCL20, dataset GSE42568: Welch's t-test failed: group2: zero variance (all values identical: 2.312811642).
2026-05-05 20:52:42 [WARNING] riker.phases.phase1_crossref: Gene CCR6, dataset GSE42568: Welch's t-test failed: group2: zero variance (all values identical: 2.312811642).
2026-05-05 20:52:42 [WARNING] riker.phases.phase1_crossref: Gene CCR9, dataset GSE42568: Welch's t-test failed: group2: zero variance (all values identical: 2.312811642).
2026-05-05 20:52:42 [WARNING] riker.phases.phase1_crossref: Gene CD3E, dataset GSE42568: Welch's t-test failed: group2: zero variance (all values identical: 2.312811642).
2026-05-05 20:52:42 [WARNING] riker.phases.phase1_crossref: Gene CD8B, dataset GSE42568: Welch's t-test failed: group1: zero variance (all values identical: 2.312811642).
2026-05-05 20:52:42 [WARNING] riker.phases.phase1_crossref: Gene CDC20B, dataset GSE42568: Welch's t-test failed: group2: zero variance (all values identical: 2.312811642).
2026-05-05 20:52:43 [WARNING] riker.phases.phase1_crossref: Gene CDH16, dataset GSE42568: Welch's t-test failed: group2: zero variance (all values identical: 2.312811642).
2026-05-05 20:52:43 [WARNING] riker.phases.phase1_crossref: Gene CDH7, dataset GSE42568: Welch's t-test failed: group2: zero variance (all values identical: 2.312811642).
2026-05-05 20:52:43 [WARNING] riker.phases.phase1_crossref: Gene CEACAM19, dataset GSE42568: Welch's t-test failed: group2: zero variance (all values identical: 2.312811642).
2026-05-05 20:52:43 [WARNING] riker.phases.phase1_crossref: Gene CFAP299, dataset GSE42568: Welch's t-test failed: group2: zero variance (all values identical: 2.312811642).
2026-05-05 20:52:43 [WARNING] riker.phases.phase1_crossref: Gene CFAP90, dataset GSE42568: Welch's t-test failed: group2: zero variance (all values identical: 2.312811642).
2026-05-05 20:52:44 [WARNING] riker.phases.phase1_crossref: Gene CHST6, dataset GSE42568: Welch's t-test failed: group2: zero variance (all values identical: 2.312811642).
2026-05-05 20:52:44 [WARNING] riker.phases.phase1_crossref: Gene CIMIP2C, dataset GSE42568: Welch's t-test failed: group2: zero variance (all values identical: 2.312811642).
2026-05-05 20:52:44 [WARNING] riker.phases.phase1_crossref: Gene CLEC18A, dataset GSE42568: Welch's t-test failed: group2: zero variance (all values identical: 2.312811642).
2026-05-05 20:52:45 [WARNING] riker.phases.phase1_crossref: Gene CNTF, dataset GSE42568: Welch's t-test failed: group2: zero variance (all values identical: 2.312811642).
2026-05-05 20:52:45 [WARNING] riker.phases.phase1_crossref: Gene CNTN5, dataset GSE42568: Welch's t-test failed: group2: zero variance (all values identical: 2.312811642).
2026-05-05 20:52:45 [WARNING] riker.phases.phase1_crossref: Gene COX8C, dataset GSE42568: Welch's t-test failed: group2: zero variance (all values identical: 2.312811642).
2026-05-05 20:52:45 [WARNING] riker.phases.phase1_crossref: Gene CPT1C, dataset GSE42568: Welch's t-test failed: group2: zero variance (all values identical: 2.598878598).
2026-05-05 20:52:45 [WARNING] riker.phases.phase1_crossref: Gene CRB2, dataset GSE42568: Welch's t-test failed: group1: zero variance (all values identical: 2.312811642).
2026-05-05 20:52:45 [WARNING] riker.phases.phase1_crossref: Gene CRYAA, dataset GSE42568: Welch's t-test failed: group2: zero variance (all values identical: 2.312811642).
2026-05-05 20:52:46 [WARNING] riker.phases.phase1_crossref: Gene CSRP3, dataset GSE42568: Welch's t-test failed: group2: zero variance (all values identical: 2.312811642).
2026-05-05 20:52:46 [WARNING] riker.phases.phase1_crossref: Gene CYP2A7, dataset GSE42568: Welch's t-test failed: group2: zero variance (all values identical: 2.634308414).
2026-05-05 20:52:46 [WARNING] riker.phases.phase1_crossref: Gene CYP2F1, dataset GSE42568: Welch's t-test failed: group2: zero variance (all values identical: 2.312811642).
2026-05-05 20:52:47 [WARNING] riker.phases.phase1_crossref: Gene DAPK3, dataset GSE42568: Welch's t-test failed: group1: zero variance (all values identical: 2.312811642).
2026-05-05 20:52:47 [WARNING] riker.phases.phase1_crossref: Gene DDX4, dataset GSE42568: Welch's t-test failed: group2: zero variance (all values identical: 2.312811642).
2026-05-05 20:52:47 [WARNING] riker.phases.phase1_crossref: Gene DDX53, dataset GSE42568: Welch's t-test failed: group2: zero variance (all values identical: 2.312811642).
2026-05-05 20:52:47 [WARNING] riker.phases.phase1_crossref: Gene DEFB121, dataset GSE42568: Welch's t-test failed: group2: zero variance (all values identical: 2.312811642).
2026-05-05 20:52:48 [WARNING] riker.phases.phase1_crossref: Gene DMRTA1, dataset GSE42568: Welch's t-test failed: group2: zero variance (all values identical: 2.312811642).
2026-05-05 20:52:48 [WARNING] riker.phases.phase1_crossref: Gene DNAJB7, dataset GSE42568: Welch's t-test failed: group2: zero variance (all values identical: 2.312811642).
2026-05-05 20:52:49 [WARNING] riker.phases.phase1_crossref: Gene DRD4, dataset GSE42568: Welch's t-test failed: group2: zero variance (all values identical: 2.312811642).
2026-05-05 20:52:49 [WARNING] riker.phases.phase1_crossref: Gene DSCAML1, dataset GSE42568: Welch's t-test failed: group2: zero variance (all values identical: 2.312811642).
2026-05-05 20:52:49 [WARNING] riker.phases.phase1_crossref: Gene EDDM3B, dataset GSE42568: Welch's t-test failed: group2: zero variance (all values identical: 2.312811642).
2026-05-05 20:52:50 [WARNING] riker.phases.phase1_crossref: Gene ELSPBP1, dataset GSE42568: Welch's t-test failed: group2: zero variance (all values identical: 2.312811642).
2026-05-05 20:52:51 [WARNING] riker.phases.phase1_crossref: Gene FABP1, dataset GSE42568: Welch's t-test failed: group2: zero variance (all values identical: 2.312811642).
2026-05-05 20:52:51 [WARNING] riker.phases.phase1_crossref: Gene FAM181A, dataset GSE42568: Welch's t-test failed: group2: zero variance (all values identical: 2.312811642).
2026-05-05 20:52:51 [WARNING] riker.phases.phase1_crossref: Gene FAM24A, dataset GSE42568: Welch's t-test failed: group2: zero variance (all values identical: 2.312811642).
2026-05-05 20:52:52 [WARNING] riker.phases.phase1_crossref: Gene FCGR1A, dataset GSE42568: Welch's t-test failed: group1: zero variance (all values identical: 2.312811642).
2026-05-05 20:52:52 [WARNING] riker.phases.phase1_crossref: Gene FERD3L, dataset GSE42568: Welch's t-test failed: group2: zero variance (all values identical: 2.312811642).
2026-05-05 20:52:52 [WARNING] riker.phases.phase1_crossref: Gene FETUB, dataset GSE42568: Welch's t-test failed: group2: zero variance (all values identical: 2.312811642).
2026-05-05 20:52:52 [WARNING] riker.phases.phase1_crossref: Gene FGF20, dataset GSE42568: Welch's t-test failed: group2: zero variance (all values identical: 2.312811642).
2026-05-05 20:52:52 [WARNING] riker.phases.phase1_crossref: Gene FGF3, dataset GSE42568: Welch's t-test failed: group2: zero variance (all values identical: 2.312811642).
2026-05-05 20:52:52 [WARNING] riker.phases.phase1_crossref: Gene FNDC11, dataset GSE42568: Welch's t-test failed: group2: zero variance (all values identical: 2.312811642).
2026-05-05 20:52:53 [WARNING] riker.phases.phase1_crossref: Gene FRS3, dataset GSE42568: Welch's t-test failed: group2: zero variance (all values identical: 2.316593792).
2026-05-05 20:52:53 [WARNING] riker.phases.phase1_crossref: Gene FSCN3, dataset GSE42568: Welch's t-test failed: group2: zero variance (all values identical: 2.312811642).
2026-05-05 20:52:53 [WARNING] riker.phases.phase1_crossref: Gene FSD2, dataset GSE42568: Welch's t-test failed: group2: zero variance (all values identical: 2.312811642).
2026-05-05 20:52:53 [WARNING] riker.phases.phase1_crossref: Gene FSTL5, dataset GSE42568: Welch's t-test failed: group2: zero variance (all values identical: 2.312811642).
2026-05-05 20:52:53 [WARNING] riker.phases.phase1_crossref: Gene GABRD, dataset GSE42568: Welch's t-test failed: group2: zero variance (all values identical: 2.312811642).
2026-05-05 20:52:53 [WARNING] riker.phases.phase1_crossref: Gene GABRR3, dataset GSE42568: Welch's t-test failed: group2: zero variance (all values identical: 2.312811642).
2026-05-05 20:52:53 [WARNING] riker.phases.phase1_crossref: Gene GALR3, dataset GSE42568: Welch's t-test failed: group1: zero variance (all values identical: 2.312811642).
2026-05-05 20:52:53 [WARNING] riker.phases.phase1_crossref: Gene GAS2L2, dataset GSE42568: Welch's t-test failed: group2: zero variance (all values identical: 2.312811642).
2026-05-05 20:52:53 [WARNING] riker.phases.phase1_crossref: Gene GBX2, dataset GSE42568: Welch's t-test failed: group2: zero variance (all values identical: 2.312811642).
2026-05-05 20:52:53 [WARNING] riker.phases.phase1_crossref: Gene GC, dataset GSE42568: Welch's t-test failed: group2: zero variance (all values identical: 2.312811642).
2026-05-05 20:52:54 [WARNING] riker.phases.phase1_crossref: Gene GJB6, dataset GSE42568: Welch's t-test failed: group2: zero variance (all values identical: 2.312811642).
2026-05-05 20:52:54 [WARNING] riker.phases.phase1_crossref: Gene GLB1L3, dataset GSE42568: Welch's t-test failed: group2: zero variance (all values identical: 2.312811642).
2026-05-05 20:52:54 [WARNING] riker.phases.phase1_crossref: Gene GLOD5, dataset GSE42568: Welch's t-test failed: group2: zero variance (all values identical: 2.312811642).
2026-05-05 20:52:54 [WARNING] riker.phases.phase1_crossref: Gene GMNC, dataset GSE42568: Welch's t-test failed: group1: zero variance (all values identical: 2.312811642).
2026-05-05 20:52:54 [WARNING] riker.phases.phase1_crossref: Gene GOLGA6D, dataset GSE42568: Welch's t-test failed: group2: zero variance (all values identical: 2.312811642).
2026-05-05 20:52:54 [WARNING] riker.phases.phase1_crossref: Gene GPA33, dataset GSE42568: Welch's t-test failed: group2: zero variance (all values identical: 2.312811642).
2026-05-05 20:52:54 [WARNING] riker.phases.phase1_crossref: Gene GPR132, dataset GSE42568: Welch's t-test failed: group2: zero variance (all values identical: 2.312811642).
2026-05-05 20:52:54 [WARNING] riker.phases.phase1_crossref: Gene GPR137, dataset GSE42568: Welch's t-test failed: group2: zero variance (all values identical: 2.78502361).
2026-05-05 20:52:55 [WARNING] riker.phases.phase1_crossref: Gene GPR17, dataset GSE42568: Welch's t-test failed: group2: zero variance (all values identical: 2.312811642).
2026-05-05 20:52:55 [WARNING] riker.phases.phase1_crossref: Gene GPRC5D, dataset GSE42568: Welch's t-test failed: group2: zero variance (all values identical: 2.312811642).
2026-05-05 20:52:55 [WARNING] riker.phases.phase1_crossref: Gene GRID2, dataset GSE42568: Welch's t-test failed: group2: zero variance (all values identical: 2.312811642).
2026-05-05 20:52:55 [WARNING] riker.phases.phase1_crossref: Gene GSG1, dataset GSE42568: Welch's t-test failed: group2: zero variance (all values identical: 2.312811642).
2026-05-05 20:52:55 [WARNING] riker.phases.phase1_crossref: Gene GSX2, dataset GSE42568: Welch's t-test failed: group2: zero variance (all values identical: 2.312811642).
2026-05-05 20:52:55 [WARNING] riker.phases.phase1_crossref: Gene GTPBP10, dataset GSE42568: Welch's t-test failed: group2: zero variance (all values identical: 2.312811642).
2026-05-05 20:52:55 [WARNING] riker.phases.phase1_crossref: Gene H2AB1, dataset GSE42568: Welch's t-test failed: group2: zero variance (all values identical: 2.610285529).
2026-05-05 20:52:55 [WARNING] riker.phases.phase1_crossref: Gene H2AP, dataset GSE42568: Welch's t-test failed: group2: zero variance (all values identical: 2.312811642).
2026-05-05 20:52:55 [WARNING] riker.phases.phase1_crossref: Gene H2BC17, dataset GSE42568: Welch's t-test failed: group2: zero variance (all values identical: 2.312811642).
2026-05-05 20:52:55 [WARNING] riker.phases.phase1_crossref: Gene H3C1, dataset GSE42568: Welch's t-test failed: group2: zero variance (all values identical: 2.312811642).
2026-05-05 20:52:56 [WARNING] riker.phases.phase1_crossref: Gene HAVCR1, dataset GSE42568: Welch's t-test failed: group2: zero variance (all values identical: 2.312811642).
2026-05-05 20:52:56 [WARNING] riker.phases.phase1_crossref: Gene HBQ1, dataset GSE42568: Welch's t-test failed: group1: zero variance (all values identical: 2.312811642).
2026-05-05 20:52:57 [WARNING] riker.phases.phase1_crossref: Gene HPDL, dataset GSE42568: Welch's t-test failed: group2: zero variance (all values identical: 2.312811642).
2026-05-05 20:52:57 [WARNING] riker.phases.phase1_crossref: Gene HRC, dataset GSE42568: Welch's t-test failed: group2: zero variance (all values identical: 2.312811642).
2026-05-05 20:52:57 [WARNING] riker.phases.phase1_crossref: Gene HSFX1, dataset GSE42568: Welch's t-test failed: group2: zero variance (all values identical: 2.312811642).
2026-05-05 20:52:57 [WARNING] riker.phases.phase1_crossref: Gene HTR1D, dataset GSE42568: Welch's t-test failed: group2: zero variance (all values identical: 2.312811642).
2026-05-05 20:52:57 [WARNING] riker.phases.phase1_crossref: Gene IFNA14, dataset GSE42568: Welch's t-test failed: group2: zero variance (all values identical: 2.312811642).
2026-05-05 20:52:57 [WARNING] riker.phases.phase1_crossref: Gene IFNA5, dataset GSE42568: Welch's t-test failed: group2: zero variance (all values identical: 2.312811642).
2026-05-05 20:52:58 [WARNING] riker.phases.phase1_crossref: Gene IFNL2, dataset GSE42568: Welch's t-test failed: group2: zero variance (all values identical: 2.312811642).
2026-05-05 20:52:58 [WARNING] riker.phases.phase1_crossref: Gene IL19, dataset GSE42568: Welch's t-test failed: group2: zero variance (all values identical: 2.312811642).
2026-05-05 20:52:58 [WARNING] riker.phases.phase1_crossref: Gene IL3, dataset GSE42568: Welch's t-test failed: group2: zero variance (all values identical: 2.312811642).
2026-05-05 20:52:58 [WARNING] riker.phases.phase1_crossref: Gene IL36G, dataset GSE42568: Welch's t-test failed: group2: zero variance (all values identical: 2.312811642).
2026-05-05 20:52:58 [WARNING] riker.phases.phase1_crossref: Gene INHBE, dataset GSE42568: Welch's t-test failed: group2: zero variance (all values identical: 2.312811642).
2026-05-05 20:52:58 [WARNING] riker.phases.phase1_crossref: Gene INSC, dataset GSE42568: Welch's t-test failed: group2: zero variance (all values identical: 2.312811642).
2026-05-05 20:52:58 [WARNING] riker.phases.phase1_crossref: Gene IQCF5, dataset GSE42568: Welch's t-test failed: group2: zero variance (all values identical: 2.312811642).
2026-05-05 20:52:59 [WARNING] riker.phases.phase1_crossref: Gene ISX, dataset GSE42568: Welch's t-test failed: group2: zero variance (all values identical: 2.312811642).
2026-05-05 20:52:59 [WARNING] riker.phases.phase1_crossref: Gene ITGAD, dataset GSE42568: Welch's t-test failed: group2: zero variance (all values identical: 2.312811642).
2026-05-05 20:52:59 [WARNING] riker.phases.phase1_crossref: Gene JPH3, dataset GSE42568: Welch's t-test failed: group2: zero variance (all values identical: 2.312811642).
2026-05-05 20:52:59 [WARNING] riker.phases.phase1_crossref: Gene KCNA7, dataset GSE42568: Welch's t-test failed: group2: zero variance (all values identical: 2.312811642).
2026-05-05 20:52:59 [WARNING] riker.phases.phase1_crossref: Gene KCNG2, dataset GSE42568: Welch's t-test failed: group2: zero variance (all values identical: 2.312811642).
2026-05-05 20:53:00 [WARNING] riker.phases.phase1_crossref: Gene KCNJ13, dataset GSE42568: Welch's t-test failed: group2: zero variance (all values identical: 2.312811642).
2026-05-05 20:53:00 [WARNING] riker.phases.phase1_crossref: Gene KCNK4, dataset GSE42568: Welch's t-test failed: group1: zero variance (all values identical: 2.312811642).
2026-05-05 20:53:00 [WARNING] riker.phases.phase1_crossref: Gene KCTD19, dataset GSE42568: Welch's t-test failed: group2: zero variance (all values identical: 2.312811642).
2026-05-05 20:53:00 [WARNING] riker.phases.phase1_crossref: Gene KIF19, dataset GSE42568: Welch's t-test failed: group2: zero variance (all values identical: 2.325543496).
2026-05-05 20:53:00 [WARNING] riker.phases.phase1_crossref: Gene KIF24, dataset GSE42568: Welch's t-test failed: group2: zero variance (all values identical: 2.312811642).
2026-05-05 20:53:00 [WARNING] riker.phases.phase1_crossref: Gene KIR2DL3, dataset GSE42568: Welch's t-test failed: group2: zero variance (all values identical: 2.324950725).
2026-05-05 20:53:00 [WARNING] riker.phases.phase1_crossref: Gene KLRC3, dataset GSE42568: Welch's t-test failed: group2: zero variance (all values identical: 2.312811642).
2026-05-05 20:53:01 [WARNING] riker.phases.phase1_crossref: Gene KRT2, dataset GSE42568: Welch's t-test failed: group2: zero variance (all values identical: 2.312811642).
2026-05-05 20:53:01 [WARNING] riker.phases.phase1_crossref: Gene KRT3, dataset GSE42568: Welch's t-test failed: group2: zero variance (all values identical: 2.312811642).
2026-05-05 20:53:01 [WARNING] riker.phases.phase1_crossref: Gene KRT33A, dataset GSE42568: Welch's t-test failed: group2: zero variance (all values identical: 2.312811642).
2026-05-05 20:53:01 [WARNING] riker.phases.phase1_crossref: Gene KRT35, dataset GSE42568: Welch's t-test failed: group2: zero variance (all values identical: 2.312811642).
2026-05-05 20:53:01 [WARNING] riker.phases.phase1_crossref: Gene KRT71, dataset GSE42568: Welch's t-test failed: group1: zero variance (all values identical: 2.312811642).
2026-05-05 20:53:01 [WARNING] riker.phases.phase1_crossref: Gene KRT75, dataset GSE42568: Welch's t-test failed: group2: zero variance (all values identical: 2.312811642).
2026-05-05 20:53:01 [WARNING] riker.phases.phase1_crossref: Gene KRT83, dataset GSE42568: Welch's t-test failed: group2: zero variance (all values identical: 2.328319213).
2026-05-05 20:53:01 [WARNING] riker.phases.phase1_crossref: Gene KRT84, dataset GSE42568: Welch's t-test failed: group2: zero variance (all values identical: 2.312811642).
2026-05-05 20:53:01 [WARNING] riker.phases.phase1_crossref: Gene KRTAP10-12, dataset GSE42568: Welch's t-test failed: group2: zero variance (all values identical: 2.312811642).
2026-05-05 20:53:01 [WARNING] riker.phases.phase1_crossref: Gene KRTAP3-1, dataset GSE42568: Welch's t-test failed: group2: zero variance (all values identical: 2.312811642).
2026-05-05 20:53:01 [WARNING] riker.phases.phase1_crossref: Gene KRTAP4-7, dataset GSE42568: Welch's t-test failed: group2: zero variance (all values identical: 2.312811642).
2026-05-05 20:53:01 [WARNING] riker.phases.phase1_crossref: Gene KRTDAP, dataset GSE42568: Welch's t-test failed: group2: zero variance (all values identical: 2.312811642).
2026-05-05 20:53:01 [WARNING] riker.phases.phase1_crossref: Gene LDHAL6A, dataset GSE42568: Welch's t-test failed: group2: zero variance (all values identical: 2.312811642).
2026-05-05 20:53:01 [WARNING] riker.phases.phase1_crossref: Gene LGI1, dataset GSE42568: Welch's t-test failed: group2: zero variance (all values identical: 2.312811642).
2026-05-05 20:53:01 [WARNING] riker.phases.phase1_crossref: Gene LHX5, dataset GSE42568: Welch's t-test failed: group2: zero variance (all values identical: 2.312811642).
2026-05-05 20:53:01 [WARNING] riker.phases.phase1_crossref: Gene LIN28B, dataset GSE42568: Welch's t-test failed: group2: zero variance (all values identical: 2.312811642).
2026-05-05 20:53:02 [WARNING] riker.phases.phase1_crossref: Gene LMNTD1, dataset GSE42568: Welch's t-test failed: group2: zero variance (all values identical: 2.312811642).
2026-05-05 20:53:02 [WARNING] riker.phases.phase1_crossref: Gene LOXHD1, dataset GSE42568: Welch's t-test failed: group2: zero variance (all values identical: 2.312811642).
2026-05-05 20:53:02 [WARNING] riker.phases.phase1_crossref: Gene LRFN2, dataset GSE42568: Welch's t-test failed: group2: zero variance (all values identical: 2.312811642).
2026-05-05 20:53:02 [WARNING] riker.phases.phase1_crossref: Gene LRTM3, dataset GSE42568: Welch's t-test failed: group2: zero variance (all values identical: 2.312811642).
2026-05-05 20:53:02 [WARNING] riker.phases.phase1_crossref: Gene LUZP4, dataset GSE42568: Welch's t-test failed: group2: zero variance (all values identical: 2.312811642).
2026-05-05 20:53:02 [WARNING] riker.phases.phase1_crossref: Gene LYPD1, dataset GSE42568: Welch's t-test failed: group2: zero variance (all values identical: 2.312811642).
2026-05-05 20:53:03 [WARNING] riker.phases.phase1_crossref: Gene MAGEC2, dataset GSE42568: Welch's t-test failed: group2: zero variance (all values identical: 2.312811642).
2026-05-05 20:53:04 [WARNING] riker.phases.phase1_crossref: Gene MED24, dataset GSE42568: Welch's t-test failed: group2: zero variance (all values identical: 2.312811642).
2026-05-05 20:53:05 [WARNING] riker.phases.phase1_crossref: Gene MLNR, dataset GSE42568: Welch's t-test failed: group2: zero variance (all values identical: 2.312811642).
2026-05-05 20:53:05 [WARNING] riker.phases.phase1_crossref: Gene MMP20, dataset GSE42568: Welch's t-test failed: group2: zero variance (all values identical: 2.312811642).
2026-05-05 20:53:05 [WARNING] riker.phases.phase1_crossref: Gene MPIG6B, dataset GSE42568: Welch's t-test failed: group2: zero variance (all values identical: 2.312811642).
2026-05-05 20:53:06 [WARNING] riker.phases.phase1_crossref: Gene MS4A5, dataset GSE42568: Welch's t-test failed: group2: zero variance (all values identical: 2.312811642).
2026-05-05 20:53:06 [WARNING] riker.phases.phase1_crossref: Gene MS4A8, dataset GSE42568: Welch's t-test failed: group2: zero variance (all values identical: 2.312811642).
2026-05-05 20:53:06 [WARNING] riker.phases.phase1_crossref: Gene MUC16, dataset GSE42568: Welch's t-test failed: group2: zero variance (all values identical: 2.334157183).
2026-05-05 20:53:06 [WARNING] riker.phases.phase1_crossref: Gene MYT1L, dataset GSE42568: Welch's t-test failed: group2: zero variance (all values identical: 2.312811642).
2026-05-05 20:53:07 [WARNING] riker.phases.phase1_crossref: Gene NDST4, dataset GSE42568: Welch's t-test failed: group2: zero variance (all values identical: 2.312811642).
2026-05-05 20:53:08 [WARNING] riker.phases.phase1_crossref: Gene NFE2, dataset GSE42568: Welch's t-test failed: group2: zero variance (all values identical: 2.312811642).
2026-05-05 20:53:08 [WARNING] riker.phases.phase1_crossref: Gene NKX1-1, dataset GSE42568: Welch's t-test failed: group1: zero variance (all values identical: 2.312811642).
2026-05-05 20:53:08 [WARNING] riker.phases.phase1_crossref: Gene NKX2-2, dataset GSE42568: Welch's t-test failed: group2: zero variance (all values identical: 2.312811642).
2026-05-05 20:53:08 [WARNING] riker.phases.phase1_crossref: Gene NLRP11, dataset GSE42568: Welch's t-test failed: group2: zero variance (all values identical: 2.312811642).
2026-05-05 20:53:08 [WARNING] riker.phases.phase1_crossref: Gene NLRP6, dataset GSE42568: Welch's t-test failed: group2: zero variance (all values identical: 2.312811642).
2026-05-05 20:53:08 [WARNING] riker.phases.phase1_crossref: Gene NMBR, dataset GSE42568: Welch's t-test failed: group2: zero variance (all values identical: 2.312811642).
2026-05-05 20:53:08 [WARNING] riker.phases.phase1_crossref: Gene NPAP1, dataset GSE42568: Welch's t-test failed: group2: zero variance (all values identical: 2.312811642).
2026-05-05 20:53:08 [WARNING] riker.phases.phase1_crossref: Gene NPAS4, dataset GSE42568: Welch's t-test failed: group2: zero variance (all values identical: 2.312811642).
2026-05-05 20:53:08 [WARNING] riker.phases.phase1_crossref: Gene NPHS2, dataset GSE42568: Welch's t-test failed: group2: zero variance (all values identical: 2.312811642).
2026-05-05 20:53:08 [WARNING] riker.phases.phase1_crossref: Gene NPPC, dataset GSE42568: Welch's t-test failed: group2: zero variance (all values identical: 2.312811642).
2026-05-05 20:53:09 [WARNING] riker.phases.phase1_crossref: Gene NPW, dataset GSE42568: Welch's t-test failed: group2: zero variance (all values identical: 2.312811642).
2026-05-05 20:53:09 [WARNING] riker.phases.phase1_crossref: Gene NTSR1, dataset GSE42568: Welch's t-test failed: group2: zero variance (all values identical: 2.312811642).
2026-05-05 20:53:09 [WARNING] riker.phases.phase1_crossref: Gene NXPE4, dataset GSE42568: Welch's t-test failed: group2: zero variance (all values identical: 2.312811642).
2026-05-05 20:53:09 [WARNING] riker.phases.phase1_crossref: Gene NXPH2, dataset GSE42568: Welch's t-test failed: group2: zero variance (all values identical: 2.312811642).
2026-05-05 20:53:10 [WARNING] riker.phases.phase1_crossref: Gene OLIG1, dataset GSE42568: Welch's t-test failed: group2: zero variance (all values identical: 2.312811642).
2026-05-05 20:53:10 [WARNING] riker.phases.phase1_crossref: Gene OLR1, dataset GSE42568: Welch's t-test failed: group2: zero variance (all values identical: 2.312811642).
2026-05-05 20:53:10 [WARNING] riker.phases.phase1_crossref: Gene OMP, dataset GSE42568: Welch's t-test failed: group1: zero variance (all values identical: 2.312811642).
2026-05-05 20:53:10 [WARNING] riker.phases.phase1_crossref: Gene ONECUT3, dataset GSE42568: Welch's t-test failed: group2: zero variance (all values identical: 2.312811642).
2026-05-05 20:53:10 [WARNING] riker.phases.phase1_crossref: Gene OR10A3, dataset GSE42568: Welch's t-test failed: group2: zero variance (all values identical: 2.312811642).
2026-05-05 20:53:10 [WARNING] riker.phases.phase1_crossref: Gene OR10H2, dataset GSE42568: Welch's t-test failed: group2: zero variance (all values identical: 2.312811642).
2026-05-05 20:53:10 [WARNING] riker.phases.phase1_crossref: Gene OR1D5, dataset GSE42568: Welch's t-test failed: group2: zero variance (all values identical: 2.312811642).
2026-05-05 20:53:10 [WARNING] riker.phases.phase1_crossref: Gene OR2B2, dataset GSE42568: Welch's t-test failed: group2: zero variance (all values identical: 2.312811642).
2026-05-05 20:53:10 [WARNING] riker.phases.phase1_crossref: Gene OR2J3, dataset GSE42568: Welch's t-test failed: group2: zero variance (all values identical: 2.312811642).
2026-05-05 20:53:10 [WARNING] riker.phases.phase1_crossref: Gene OR7A5, dataset GSE42568: Welch's t-test failed: group2: zero variance (all values identical: 2.312811642).
2026-05-05 20:53:10 [WARNING] riker.phases.phase1_crossref: Gene OR8B2, dataset GSE42568: Welch's t-test failed: group1: zero variance (all values identical: 2.312811642).
2026-05-05 20:53:10 [WARNING] riker.phases.phase1_crossref: Gene ORM2, dataset GSE42568: Welch's t-test failed: group2: zero variance (all values identical: 2.312811642).
2026-05-05 20:53:10 [WARNING] riker.phases.phase1_crossref: Gene P2RY4, dataset GSE42568: Welch's t-test failed: group2: zero variance (all values identical: 2.312811642).
2026-05-05 20:53:11 [WARNING] riker.phases.phase1_crossref: Gene PAX7, dataset GSE42568: Welch's t-test failed: group2: zero variance (all values identical: 2.312811642).
2026-05-05 20:53:11 [WARNING] riker.phases.phase1_crossref: Gene PDCL2, dataset GSE42568: Welch's t-test failed: group2: zero variance (all values identical: 2.312811642).
2026-05-05 20:53:13 [WARNING] riker.phases.phase1_crossref: Gene PITX1, dataset GSE42568: Welch's t-test failed: group2: zero variance (all values identical: 2.312811642).
2026-05-05 20:53:13 [WARNING] riker.phases.phase1_crossref: Gene PLA2G4D, dataset GSE42568: Welch's t-test failed: group1: zero variance (all values identical: 2.312811642).
2026-05-05 20:53:13 [WARNING] riker.phases.phase1_crossref: Gene PLGLB2, dataset GSE42568: Welch's t-test failed: group2: zero variance (all values identical: 2.312811642).
2026-05-05 20:53:13 [WARNING] riker.phases.phase1_crossref: Gene PNLIP, dataset GSE42568: Welch's t-test failed: group2: zero variance (all values identical: 2.312811642).
2026-05-05 20:53:14 [WARNING] riker.phases.phase1_crossref: Gene POU4F3, dataset GSE42568: Welch's t-test failed: group2: zero variance (all values identical: 2.312811642).
2026-05-05 20:53:14 [WARNING] riker.phases.phase1_crossref: Gene PPEF2, dataset GSE42568: Welch's t-test failed: group2: zero variance (all values identical: 2.312811642).
2026-05-05 20:53:14 [WARNING] riker.phases.phase1_crossref: Gene PPFIA4, dataset GSE42568: Welch's t-test failed: group2: zero variance (all values identical: 2.312811642).
2026-05-05 20:53:15 [WARNING] riker.phases.phase1_crossref: Gene PPP4R3C, dataset GSE42568: Welch's t-test failed: group2: zero variance (all values identical: 2.312811642).
2026-05-05 20:53:15 [WARNING] riker.phases.phase1_crossref: Gene PPY, dataset GSE42568: Welch's t-test failed: group2: zero variance (all values identical: 2.312811642).
2026-05-05 20:53:15 [WARNING] riker.phases.phase1_crossref: Gene PRM1, dataset GSE42568: Welch's t-test failed: group2: zero variance (all values identical: 2.312811642).
2026-05-05 20:53:15 [WARNING] riker.phases.phase1_crossref: Gene PRR30, dataset GSE42568: Welch's t-test failed: group2: zero variance (all values identical: 2.312811642).
2026-05-05 20:53:16 [WARNING] riker.phases.phase1_crossref: Gene PTCH2, dataset GSE42568: Welch's t-test failed: group2: zero variance (all values identical: 2.312811642).
2026-05-05 20:53:16 [WARNING] riker.phases.phase1_crossref: Gene PXT1, dataset GSE42568: Welch's t-test failed: group2: zero variance (all values identical: 2.312811642).
2026-05-05 20:53:17 [WARNING] riker.phases.phase1_crossref: Gene PYDC1, dataset GSE42568: Welch's t-test failed: group2: zero variance (all values identical: 2.312996925).
2026-05-05 20:53:17 [WARNING] riker.phases.phase1_crossref: Gene PYY, dataset GSE42568: Welch's t-test failed: group2: zero variance (all values identical: 2.312811642).
2026-05-05 20:53:18 [WARNING] riker.phases.phase1_crossref: Gene REG1B, dataset GSE42568: Welch's t-test failed: group2: zero variance (all values identical: 2.312811642).
2026-05-05 20:53:18 [WARNING] riker.phases.phase1_crossref: Gene REN, dataset GSE42568: Welch's t-test failed: group2: zero variance (all values identical: 2.312811642).
2026-05-05 20:53:18 [WARNING] riker.phases.phase1_crossref: Gene RHBDL1, dataset GSE42568: Welch's t-test failed: group2: zero variance (all values identical: 2.334521019).
2026-05-05 20:53:18 [WARNING] riker.phases.phase1_crossref: Gene RHCG, dataset GSE42568: Welch's t-test failed: group2: zero variance (all values identical: 2.312811642).
2026-05-05 20:53:19 [WARNING] riker.phases.phase1_crossref: Gene RNASE11, dataset GSE42568: Welch's t-test failed: group2: zero variance (all values identical: 2.312811642).
2026-05-05 20:53:19 [WARNING] riker.phases.phase1_crossref: Gene RNF208, dataset GSE42568: Welch's t-test failed: group2: zero variance (all values identical: 2.312811642).
2026-05-05 20:53:20 [WARNING] riker.phases.phase1_crossref: Gene RTN4RL2, dataset GSE42568: Welch's t-test failed: group2: zero variance (all values identical: 2.312811642).
2026-05-05 20:53:20 [WARNING] riker.phases.phase1_crossref: Gene RTP5, dataset GSE42568: Welch's t-test failed: group2: zero variance (all values identical: 2.312811642).
2026-05-05 20:53:20 [WARNING] riker.phases.phase1_crossref: Gene RXFP3, dataset GSE42568: Welch's t-test failed: group1: zero variance (all values identical: 2.312811642).
2026-05-05 20:53:21 [WARNING] riker.phases.phase1_crossref: Gene SACK1E, dataset GSE42568: Welch's t-test failed: group2: zero variance (all values identical: 2.312811642).
2026-05-05 20:53:21 [WARNING] riker.phases.phase1_crossref: Gene SBSN, dataset GSE42568: Welch's t-test failed: group2: zero variance (all values identical: 2.312811642).
2026-05-05 20:53:21 [WARNING] riker.phases.phase1_crossref: Gene SCGB1A1, dataset GSE42568: Welch's t-test failed: group2: zero variance (all values identical: 2.312811642).
2026-05-05 20:53:21 [WARNING] riker.phases.phase1_crossref: Gene SCGB1D1, dataset GSE42568: Welch's t-test failed: group2: zero variance (all values identical: 2.312811642).
2026-05-05 20:53:21 [WARNING] riker.phases.phase1_crossref: Gene SCNN1D, dataset GSE42568: Welch's t-test failed: group2: zero variance (all values identical: 2.312811642).
2026-05-05 20:53:21 [WARNING] riker.phases.phase1_crossref: Gene SCT, dataset GSE42568: Welch's t-test failed: group2: zero variance (all values identical: 2.327803245).
2026-05-05 20:53:21 [WARNING] riker.phases.phase1_crossref: Gene SDR9C7, dataset GSE42568: Welch's t-test failed: group2: zero variance (all values identical: 2.312811642).
2026-05-05 20:53:21 [WARNING] riker.phases.phase1_crossref: Gene SEBOX, dataset GSE42568: Welch's t-test failed: group2: zero variance (all values identical: 2.312811642).
2026-05-05 20:53:23 [WARNING] riker.phases.phase1_crossref: Gene SIGLEC7, dataset GSE42568: Welch's t-test failed: group2: zero variance (all values identical: 3.201198399).
2026-05-05 20:53:23 [WARNING] riker.phases.phase1_crossref: Gene SLC17A3, dataset GSE42568: Welch's t-test failed: group1: zero variance (all values identical: 2.312811642).
2026-05-05 20:53:23 [WARNING] riker.phases.phase1_crossref: Gene SLC1A6, dataset GSE42568: Welch's t-test failed: group2: zero variance (all values identical: 2.312811642).
2026-05-05 20:53:23 [WARNING] riker.phases.phase1_crossref: Gene SLC2A2, dataset GSE42568: Welch's t-test failed: group2: zero variance (all values identical: 2.312811642).
2026-05-05 20:53:24 [WARNING] riker.phases.phase1_crossref: Gene SLC47A2, dataset GSE42568: Welch's t-test failed: group2: zero variance (all values identical: 2.312811642).
2026-05-05 20:53:24 [WARNING] riker.phases.phase1_crossref: Gene SLC5A8, dataset GSE42568: Welch's t-test failed: group2: zero variance (all values identical: 2.312811642).
2026-05-05 20:53:24 [WARNING] riker.phases.phase1_crossref: Gene SNCB, dataset GSE42568: Welch's t-test failed: group2: zero variance (all values identical: 2.312811642).
2026-05-05 20:53:25 [WARNING] riker.phases.phase1_crossref: Gene SNX31, dataset GSE42568: Welch's t-test failed: group2: zero variance (all values identical: 2.312811642).
2026-05-05 20:53:25 [WARNING] riker.phases.phase1_crossref: Gene SOX18, dataset GSE42568: Welch's t-test failed: group2: zero variance (all values identical: 2.312811642).
2026-05-05 20:53:25 [WARNING] riker.phases.phase1_crossref: Gene SP7, dataset GSE42568: Welch's t-test failed: group2: zero variance (all values identical: 2.312811642).
2026-05-05 20:53:25 [WARNING] riker.phases.phase1_crossref: Gene SPACA3, dataset GSE42568: Welch's t-test failed: group2: zero variance (all values identical: 2.312811642).
2026-05-05 20:53:25 [WARNING] riker.phases.phase1_crossref: Gene SPATA4, dataset GSE42568: Welch's t-test failed: group2: zero variance (all values identical: 2.312811642).
2026-05-05 20:53:26 [WARNING] riker.phases.phase1_crossref: Gene SPRR1B, dataset GSE42568: Welch's t-test failed: group2: zero variance (all values identical: 2.312811642).
2026-05-05 20:53:26 [WARNING] riker.phases.phase1_crossref: Gene SRMS, dataset GSE42568: Welch's t-test failed: group2: zero variance (all values identical: 2.312811642).
2026-05-05 20:53:27 [WARNING] riker.phases.phase1_crossref: Gene STPG4, dataset GSE42568: Welch's t-test failed: group2: zero variance (all values identical: 2.312811642).
2026-05-05 20:53:27 [WARNING] riker.phases.phase1_crossref: Gene SVOPL, dataset GSE42568: Welch's t-test failed: group2: zero variance (all values identical: 2.312811642).
2026-05-05 20:53:27 [WARNING] riker.phases.phase1_crossref: Gene SYNGR4, dataset GSE42568: Welch's t-test failed: group2: zero variance (all values identical: 2.312811642).
2026-05-05 20:53:27 [WARNING] riker.phases.phase1_crossref: Gene TAAR2, dataset GSE42568: Welch's t-test failed: group2: zero variance (all values identical: 2.312811642).
2026-05-05 20:53:27 [WARNING] riker.phases.phase1_crossref: Gene TAAR9, dataset GSE42568: Welch's t-test failed: group2: zero variance (all values identical: 2.312811642).
2026-05-05 20:53:27 [WARNING] riker.phases.phase1_crossref: Gene TAS2R13, dataset GSE42568: Welch's t-test failed: group2: zero variance (all values identical: 2.312811642).
2026-05-05 20:53:27 [WARNING] riker.phases.phase1_crossref: Gene TAS2R16, dataset GSE42568: Welch's t-test failed: group2: zero variance (all values identical: 2.312811642).
2026-05-05 20:53:28 [WARNING] riker.phases.phase1_crossref: Gene TBC1D28, dataset GSE42568: Welch's t-test failed: group2: zero variance (all values identical: 2.312811642).
2026-05-05 20:53:28 [WARNING] riker.phases.phase1_crossref: Gene TBL1Y, dataset GSE42568: Welch's t-test failed: group1: zero variance (all values identical: 2.312811642).
2026-05-05 20:53:28 [WARNING] riker.phases.phase1_crossref: Gene TCERG1L, dataset GSE42568: Welch's t-test failed: group2: zero variance (all values identical: 2.312811642).
2026-05-05 20:53:28 [WARNING] riker.phases.phase1_crossref: Gene TCP11, dataset GSE42568: Welch's t-test failed: group2: zero variance (all values identical: 2.312811642).
2026-05-05 20:53:29 [WARNING] riker.phases.phase1_crossref: Gene TGM7, dataset GSE42568: Welch's t-test failed: group2: zero variance (all values identical: 2.312811642).
2026-05-05 20:53:29 [WARNING] riker.phases.phase1_crossref: Gene TLX1, dataset GSE42568: Welch's t-test failed: group2: zero variance (all values identical: 2.312811642).
2026-05-05 20:53:30 [WARNING] riker.phases.phase1_crossref: Gene TMEM145, dataset GSE42568: Welch's t-test failed: group2: zero variance (all values identical: 2.312811642).
2026-05-05 20:53:30 [WARNING] riker.phases.phase1_crossref: Gene TMEM217, dataset GSE42568: Welch's t-test failed: group2: zero variance (all values identical: 2.312811642).
2026-05-05 20:53:30 [WARNING] riker.phases.phase1_crossref: Gene TMEM235, dataset GSE42568: Welch's t-test failed: group2: zero variance (all values identical: 2.312811642).
2026-05-05 20:53:30 [WARNING] riker.phases.phase1_crossref: Gene TNFSF18, dataset GSE42568: Welch's t-test failed: group2: zero variance (all values identical: 2.312811642).
2026-05-05 20:53:31 [WARNING] riker.phases.phase1_crossref: Gene TNNC1, dataset GSE42568: Welch's t-test failed: group2: zero variance (all values identical: 2.312811642).
2026-05-05 20:53:31 [WARNING] riker.phases.phase1_crossref: Gene TPH2, dataset GSE42568: Welch's t-test failed: group2: zero variance (all values identical: 2.312811642).
2026-05-05 20:53:31 [WARNING] riker.phases.phase1_crossref: Gene TREML2, dataset GSE42568: Welch's t-test failed: group2: zero variance (all values identical: 2.312811642).
2026-05-05 20:53:32 [WARNING] riker.phases.phase1_crossref: Gene TRPC7, dataset GSE42568: Welch's t-test failed: group2: zero variance (all values identical: 2.312811642).
2026-05-05 20:53:32 [WARNING] riker.phases.phase1_crossref: Gene TSGA10IP, dataset GSE42568: Welch's t-test failed: group2: zero variance (all values identical: 2.312811642).
2026-05-05 20:53:32 [WARNING] riker.phases.phase1_crossref: Gene TSSK3, dataset GSE42568: Welch's t-test failed: group2: zero variance (all values identical: 2.312811642).
2026-05-05 20:53:33 [WARNING] riker.phases.phase1_crossref: Gene TXK, dataset GSE42568: Welch's t-test failed: group2: zero variance (all values identical: 2.312811642).
2026-05-05 20:53:33 [WARNING] riker.phases.phase1_crossref: Gene UBE2U, dataset GSE42568: Welch's t-test failed: group2: zero variance (all values identical: 2.312811642).
2026-05-05 20:53:33 [WARNING] riker.phases.phase1_crossref: Gene UBQLNL, dataset GSE42568: Welch's t-test failed: group2: zero variance (all values identical: 2.312811642).
2026-05-05 20:53:34 [WARNING] riker.phases.phase1_crossref: Gene UCP1, dataset GSE42568: Welch's t-test failed: group2: zero variance (all values identical: 2.312811642).
2026-05-05 20:53:34 [WARNING] riker.phases.phase1_crossref: Gene UMODL1, dataset GSE42568: Welch's t-test failed: group2: zero variance (all values identical: 2.312811642).
2026-05-05 20:53:34 [WARNING] riker.phases.phase1_crossref: Gene USP26, dataset GSE42568: Welch's t-test failed: group2: zero variance (all values identical: 2.312811642).
2026-05-05 20:53:34 [WARNING] riker.phases.phase1_crossref: Gene UTS2R, dataset GSE42568: Welch's t-test failed: group1: zero variance (all values identical: 2.312811642).
2026-05-05 20:53:35 [WARNING] riker.phases.phase1_crossref: Gene VN1R1, dataset GSE42568: Welch's t-test failed: group2: zero variance (all values identical: 2.312811642).
2026-05-05 20:53:35 [WARNING] riker.phases.phase1_crossref: Gene VWA5B2, dataset GSE42568: Welch's t-test failed: group2: zero variance (all values identical: 2.312811642).
2026-05-05 20:53:36 [WARNING] riker.phases.phase1_crossref: Gene WDR38, dataset GSE42568: Welch's t-test failed: group2: zero variance (all values identical: 2.312811642).
2026-05-05 20:53:36 [WARNING] riker.phases.phase1_crossref: Gene WDR97, dataset GSE42568: Welch's t-test failed: group2: zero variance (all values identical: 2.312811642).
2026-05-05 20:53:36 [WARNING] riker.phases.phase1_crossref: Gene WFDC10A, dataset GSE42568: Welch's t-test failed: group2: zero variance (all values identical: 2.312811642).
2026-05-05 20:53:37 [WARNING] riker.phases.phase1_crossref: Gene XK, dataset GSE42568: Welch's t-test failed: group2: zero variance (all values identical: 2.312811642).
2026-05-05 20:53:37 [WARNING] riker.phases.phase1_crossref: Gene ZBTB8B, dataset GSE42568: Welch's t-test failed: group2: zero variance (all values identical: 2.312811642).
2026-05-05 20:53:37 [WARNING] riker.phases.phase1_crossref: Gene ZC3H11D, dataset GSE42568: Welch's t-test failed: group2: zero variance (all values identical: 2.312811642).
2026-05-05 20:53:38 [WARNING] riker.phases.phase1_crossref: Gene ZIM3, dataset GSE42568: Welch's t-test failed: group2: zero variance (all values identical: 2.312811642).
2026-05-05 20:53:38 [WARNING] riker.phases.phase1_crossref: Gene ZNF428, dataset GSE42568: Welch's t-test failed: group2: zero variance (all values identical: 2.312811642).
2026-05-05 20:53:38 [WARNING] riker.phases.phase1_crossref: Gene ZNF491, dataset GSE42568: Welch's t-test failed: group2: zero variance (all values identical: 2.312811642).
2026-05-05 20:53:38 [WARNING] riker.phases.phase1_crossref: Gene ZNF497, dataset GSE42568: Welch's t-test failed: group2: zero variance (all values identical: 2.312811642).
2026-05-05 20:53:39 [WARNING] riker.phases.phase1_crossref: Gene ZNF804B, dataset GSE42568: Welch's t-test failed: group2: zero variance (all values identical: 2.312811642).
2026-05-05 20:53:39 [INFO] riker.phases.phase1_crossref: Phase 1 complete: 5315 study genes from 19296 seed genes (p < 0.05 in >= 2 datasets).
2026-05-05 20:53:39 [INFO] riker.io.outputs: Phase 1 summary: /home/kai001/riker-engine/disease_days/2026-05-05_brca_v0332/blind_pc/phase1_study_genes.csv
2026-05-05 20:53:39 [INFO] riker: ============================================================
2026-05-05 20:53:39 [INFO] riker: PHASE 2: Pathway Mapping
2026-05-05 20:53:39 [INFO] riker: ============================================================
2026-05-05 20:53:39 [WARNING] riker: No pathway data configured. Using expression features only.
2026-05-05 20:53:39 [INFO] riker.phases.phase2_pathways: Pathway filter: 0 -> 0 pathways (min_study=3, max_total=500, min_frac=0.02).
2026-05-05 20:53:39 [INFO] riker.phases.phase2_pathways: Phase 2 complete: 5315 genes × 5 features (0 pathway + 5 expression features).
2026-05-05 20:53:39 [INFO] riker.io.outputs: Phase 2 feature matrix: /home/kai001/riker-engine/disease_days/2026-05-05_brca_v0332/blind_pc/phase2_feature_matrix.csv (5315 genes x 5 features)
2026-05-05 20:53:39 [INFO] riker: ============================================================
2026-05-05 20:53:39 [INFO] riker: PHASE 3: Consensus Clustering
2026-05-05 20:53:39 [INFO] riker: ============================================================
2026-05-05 20:53:53 [INFO] riker.phases.phase3_clustering: Running 15 UMAP+HDBSCAN configurations (3 n_neighbors × 5 seeds)...
/home/kai001/.local/lib/python3.13/site-packages/umap/umap_.py:1952: UserWarning: n_jobs value 1 overridden to 1 by setting random_state. Use no seed for parallelism.
  warn(
/home/kai001/.local/lib/python3.13/site-packages/sklearn/cluster/_hdbscan/hdbscan.py:722: FutureWarning: The default value of `copy` will change from False to True in 1.10. Explicitly set a value for `copy` to silence this warning.
  warn(
/home/kai001/.local/lib/python3.13/site-packages/umap/umap_.py:1952: UserWarning: n_jobs value 1 overridden to 1 by setting random_state. Use no seed for parallelism.
  warn(
/home/kai001/.local/lib/python3.13/site-packages/sklearn/cluster/_hdbscan/hdbscan.py:722: FutureWarning: The default value of `copy` will change from False to True in 1.10. Explicitly set a value for `copy` to silence this warning.
  warn(
/home/kai001/.local/lib/python3.13/site-packages/umap/umap_.py:1952: UserWarning: n_jobs value 1 overridden to 1 by setting random_state. Use no seed for parallelism.
  warn(
/home/kai001/.local/lib/python3.13/site-packages/sklearn/cluster/_hdbscan/hdbscan.py:722: FutureWarning: The default value of `copy` will change from False to True in 1.10. Explicitly set a value for `copy` to silence this warning.
  warn(
/home/kai001/.local/lib/python3.13/site-packages/umap/umap_.py:1952: UserWarning: n_jobs value 1 overridden to 1 by setting random_state. Use no seed for parallelism.
  warn(
/home/kai001/.local/lib/python3.13/site-packages/sklearn/cluster/_hdbscan/hdbscan.py:722: FutureWarning: The default value of `copy` will change from False to True in 1.10. Explicitly set a value for `copy` to silence this warning.
  warn(
/home/kai001/.local/lib/python3.13/site-packages/umap/umap_.py:1952: UserWarning: n_jobs value 1 overridden to 1 by setting random_state. Use no seed for parallelism.
  warn(
/home/kai001/.local/lib/python3.13/site-packages/sklearn/cluster/_hdbscan/hdbscan.py:722: FutureWarning: The default value of `copy` will change from False to True in 1.10. Explicitly set a value for `copy` to silence this warning.
  warn(
/home/kai001/.local/lib/python3.13/site-packages/umap/umap_.py:1952: UserWarning: n_jobs value 1 overridden to 1 by setting random_state. Use no seed for parallelism.
  warn(
/home/kai001/.local/lib/python3.13/site-packages/sklearn/cluster/_hdbscan/hdbscan.py:722: FutureWarning: The default value of `copy` will change from False to True in 1.10. Explicitly set a value for `copy` to silence this warning.
  warn(
/home/kai001/.local/lib/python3.13/site-packages/umap/umap_.py:1952: UserWarning: n_jobs value 1 overridden to 1 by setting random_state. Use no seed for parallelism.
  warn(
/home/kai001/.local/lib/python3.13/site-packages/sklearn/cluster/_hdbscan/hdbscan.py:722: FutureWarning: The default value of `copy` will change from False to True in 1.10. Explicitly set a value for `copy` to silence this warning.
  warn(
/home/kai001/.local/lib/python3.13/site-packages/umap/umap_.py:1952: UserWarning: n_jobs value 1 overridden to 1 by setting random_state. Use no seed for parallelism.
  warn(
/home/kai001/.local/lib/python3.13/site-packages/sklearn/cluster/_hdbscan/hdbscan.py:722: FutureWarning: The default value of `copy` will change from False to True in 1.10. Explicitly set a value for `copy` to silence this warning.
  warn(
/home/kai001/.local/lib/python3.13/site-packages/umap/umap_.py:1952: UserWarning: n_jobs value 1 overridden to 1 by setting random_state. Use no seed for parallelism.
  warn(
/home/kai001/.local/lib/python3.13/site-packages/sklearn/cluster/_hdbscan/hdbscan.py:722: FutureWarning: The default value of `copy` will change from False to True in 1.10. Explicitly set a value for `copy` to silence this warning.
  warn(
/home/kai001/.local/lib/python3.13/site-packages/umap/umap_.py:1952: UserWarning: n_jobs value 1 overridden to 1 by setting random_state. Use no seed for parallelism.
  warn(
/home/kai001/.local/lib/python3.13/site-packages/sklearn/cluster/_hdbscan/hdbscan.py:722: FutureWarning: The default value of `copy` will change from False to True in 1.10. Explicitly set a value for `copy` to silence this warning.
  warn(
/home/kai001/.local/lib/python3.13/site-packages/umap/umap_.py:1952: UserWarning: n_jobs value 1 overridden to 1 by setting random_state. Use no seed for parallelism.
  warn(
/home/kai001/.local/lib/python3.13/site-packages/sklearn/cluster/_hdbscan/hdbscan.py:722: FutureWarning: The default value of `copy` will change from False to True in 1.10. Explicitly set a value for `copy` to silence this warning.
  warn(
/home/kai001/.local/lib/python3.13/site-packages/umap/umap_.py:1952: UserWarning: n_jobs value 1 overridden to 1 by setting random_state. Use no seed for parallelism.
  warn(
/home/kai001/.local/lib/python3.13/site-packages/sklearn/cluster/_hdbscan/hdbscan.py:722: FutureWarning: The default value of `copy` will change from False to True in 1.10. Explicitly set a value for `copy` to silence this warning.
  warn(
/home/kai001/.local/lib/python3.13/site-packages/umap/umap_.py:1952: UserWarning: n_jobs value 1 overridden to 1 by setting random_state. Use no seed for parallelism.
  warn(
/home/kai001/.local/lib/python3.13/site-packages/sklearn/cluster/_hdbscan/hdbscan.py:722: FutureWarning: The default value of `copy` will change from False to True in 1.10. Explicitly set a value for `copy` to silence this warning.
  warn(
/home/kai001/.local/lib/python3.13/site-packages/umap/umap_.py:1952: UserWarning: n_jobs value 1 overridden to 1 by setting random_state. Use no seed for parallelism.
  warn(
/home/kai001/.local/lib/python3.13/site-packages/sklearn/cluster/_hdbscan/hdbscan.py:722: FutureWarning: The default value of `copy` will change from False to True in 1.10. Explicitly set a value for `copy` to silence this warning.
  warn(
/home/kai001/.local/lib/python3.13/site-packages/umap/umap_.py:1952: UserWarning: n_jobs value 1 overridden to 1 by setting random_state. Use no seed for parallelism.
  warn(
/home/kai001/.local/lib/python3.13/site-packages/sklearn/cluster/_hdbscan/hdbscan.py:722: FutureWarning: The default value of `copy` will change from False to True in 1.10. Explicitly set a value for `copy` to silence this warning.
  warn(
/home/kai001/.local/lib/python3.13/site-packages/sklearn/cluster/_hdbscan/hdbscan.py:722: FutureWarning: The default value of `copy` will change from False to True in 1.10. Explicitly set a value for `copy` to silence this warning.
  warn(
2026-05-05 21:02:23 [INFO] riker.phases.phase3_clustering: Phase 3 complete: 481 clusters, 91 noise genes from 15 configurations.
2026-05-05 21:02:23 [INFO] riker.io.outputs: Phase 3 cluster assignments: /home/kai001/riker-engine/disease_days/2026-05-05_brca_v0332/blind_pc/phase3_cluster_assignments.csv (481 clusters, 91 noise)
2026-05-05 21:02:23 [INFO] riker: ============================================================
2026-05-05 21:02:23 [INFO] riker: PHASE 4: Robustness Testing
2026-05-05 21:02:23 [INFO] riker: ============================================================
2026-05-05 21:02:23 [INFO] riker.phases.phase4_robustness: Cluster 0: permutation p=0.9999, Bonferroni p=1.0000 (not significant)
2026-05-05 21:02:24 [INFO] riker.phases.phase4_robustness: Cluster 1: permutation p=0.9971, Bonferroni p=1.0000 (not significant)
2026-05-05 21:02:25 [INFO] riker.phases.phase4_robustness: Cluster 2: permutation p=0.0171, Bonferroni p=1.0000 (not significant)
2026-05-05 21:02:25 [INFO] riker.phases.phase4_robustness: Cluster 3: permutation p=0.0081, Bonferroni p=1.0000 (not significant)
2026-05-05 21:02:26 [INFO] riker.phases.phase4_robustness: Cluster 4: permutation p=0.9988, Bonferroni p=1.0000 (not significant)
2026-05-05 21:02:26 [INFO] riker.phases.phase4_robustness: Cluster 5: permutation p=0.7940, Bonferroni p=1.0000 (not significant)
2026-05-05 21:02:27 [INFO] riker.phases.phase4_robustness: Cluster 6: permutation p=0.8832, Bonferroni p=1.0000 (not significant)
2026-05-05 21:02:27 [INFO] riker.phases.phase4_robustness: Cluster 7: permutation p=1.0000, Bonferroni p=1.0000 (not significant)
2026-05-05 21:02:28 [INFO] riker.phases.phase4_robustness: Cluster 8: permutation p=0.0001, Bonferroni p=0.0481 (SIGNIFICANT)
2026-05-05 21:02:28 [INFO] riker.phases.phase4_robustness: Cluster 9: permutation p=0.0001, Bonferroni p=0.0481 (SIGNIFICANT)
2026-05-05 21:02:29 [INFO] riker.phases.phase4_robustness: Cluster 10: permutation p=0.0003, Bonferroni p=0.1443 (not significant)
2026-05-05 21:02:30 [INFO] riker.phases.phase4_robustness: Cluster 11: permutation p=0.9604, Bonferroni p=1.0000 (not significant)
2026-05-05 21:02:30 [INFO] riker.phases.phase4_robustness: Cluster 12: permutation p=1.0000, Bonferroni p=1.0000 (not significant)
2026-05-05 21:02:31 [INFO] riker.phases.phase4_robustness: Cluster 13: permutation p=0.9999, Bonferroni p=1.0000 (not significant)
2026-05-05 21:02:31 [INFO] riker.phases.phase4_robustness: Cluster 14: permutation p=0.1130, Bonferroni p=1.0000 (not significant)
2026-05-05 21:02:32 [INFO] riker.phases.phase4_robustness: Cluster 15: permutation p=0.9430, Bonferroni p=1.0000 (not significant)
2026-05-05 21:02:33 [INFO] riker.phases.phase4_robustness: Cluster 16: permutation p=0.9628, Bonferroni p=1.0000 (not significant)
2026-05-05 21:02:33 [INFO] riker.phases.phase4_robustness: Cluster 17: permutation p=0.0909, Bonferroni p=1.0000 (not significant)
2026-05-05 21:02:34 [INFO] riker.phases.phase4_robustness: Cluster 18: permutation p=0.0001, Bonferroni p=0.0481 (SIGNIFICANT)
2026-05-05 21:02:34 [INFO] riker.phases.phase4_robustness: Cluster 19: permutation p=0.2008, Bonferroni p=1.0000 (not significant)
2026-05-05 21:02:35 [INFO] riker.phases.phase4_robustness: Cluster 20: permutation p=0.0005, Bonferroni p=0.2405 (not significant)
2026-05-05 21:02:36 [INFO] riker.phases.phase4_robustness: Cluster 21: permutation p=0.6716, Bonferroni p=1.0000 (not significant)
2026-05-05 21:02:36 [INFO] riker.phases.phase4_robustness: Cluster 22: permutation p=0.9772, Bonferroni p=1.0000 (not significant)
2026-05-05 21:02:37 [INFO] riker.phases.phase4_robustness: Cluster 23: permutation p=0.9983, Bonferroni p=1.0000 (not significant)
2026-05-05 21:02:37 [INFO] riker.phases.phase4_robustness: Cluster 24: permutation p=0.2500, Bonferroni p=1.0000 (not significant)
2026-05-05 21:02:38 [INFO] riker.phases.phase4_robustness: Cluster 25: permutation p=0.9988, Bonferroni p=1.0000 (not significant)
2026-05-05 21:02:38 [INFO] riker.phases.phase4_robustness: Cluster 26: permutation p=0.9181, Bonferroni p=1.0000 (not significant)
2026-05-05 21:02:39 [INFO] riker.phases.phase4_robustness: Cluster 27: permutation p=0.9999, Bonferroni p=1.0000 (not significant)
2026-05-05 21:02:39 [INFO] riker.phases.phase4_robustness: Cluster 28: permutation p=0.9717, Bonferroni p=1.0000 (not significant)
2026-05-05 21:02:40 [INFO] riker.phases.phase4_robustness: Cluster 29: permutation p=0.0034, Bonferroni p=1.0000 (not significant)
2026-05-05 21:02:40 [INFO] riker.phases.phase4_robustness: Cluster 30: permutation p=0.0020, Bonferroni p=0.9619 (not significant)
2026-05-05 21:02:41 [INFO] riker.phases.phase4_robustness: Cluster 31: permutation p=0.9965, Bonferroni p=1.0000 (not significant)
2026-05-05 21:02:42 [INFO] riker.phases.phase4_robustness: Cluster 32: permutation p=0.9999, Bonferroni p=1.0000 (not significant)
2026-05-05 21:02:42 [INFO] riker.phases.phase4_robustness: Cluster 33: permutation p=1.0000, Bonferroni p=1.0000 (not significant)
2026-05-05 21:02:43 [INFO] riker.phases.phase4_robustness: Cluster 34: permutation p=0.9318, Bonferroni p=1.0000 (not significant)
2026-05-05 21:02:43 [INFO] riker.phases.phase4_robustness: Cluster 35: permutation p=1.0000, Bonferroni p=1.0000 (not significant)
2026-05-05 21:02:44 [INFO] riker.phases.phase4_robustness: Cluster 36: permutation p=1.0000, Bonferroni p=1.0000 (not significant)
2026-05-05 21:02:45 [INFO] riker.phases.phase4_robustness: Cluster 37: permutation p=0.0276, Bonferroni p=1.0000 (not significant)
2026-05-05 21:02:45 [INFO] riker.phases.phase4_robustness: Cluster 38: permutation p=0.9635, Bonferroni p=1.0000 (not significant)
2026-05-05 21:02:46 [INFO] riker.phases.phase4_robustness: Cluster 39: permutation p=0.6169, Bonferroni p=1.0000 (not significant)
2026-05-05 21:02:46 [INFO] riker.phases.phase4_robustness: Cluster 40: permutation p=0.9491, Bonferroni p=1.0000 (not significant)
2026-05-05 21:02:47 [INFO] riker.phases.phase4_robustness: Cluster 41: permutation p=1.0000, Bonferroni p=1.0000 (not significant)
2026-05-05 21:02:48 [INFO] riker.phases.phase4_robustness: Cluster 42: permutation p=1.0000, Bonferroni p=1.0000 (not significant)
2026-05-05 21:02:48 [INFO] riker.phases.phase4_robustness: Cluster 43: permutation p=1.0000, Bonferroni p=1.0000 (not significant)
2026-05-05 21:02:49 [INFO] riker.phases.phase4_robustness: Cluster 44: permutation p=0.9984, Bonferroni p=1.0000 (not significant)
2026-05-05 21:02:49 [INFO] riker.phases.phase4_robustness: Cluster 45: permutation p=0.9590, Bonferroni p=1.0000 (not significant)
2026-05-05 21:02:50 [INFO] riker.phases.phase4_robustness: Cluster 46: permutation p=0.0034, Bonferroni p=1.0000 (not significant)
2026-05-05 21:02:50 [INFO] riker.phases.phase4_robustness: Cluster 47: permutation p=0.0030, Bonferroni p=1.0000 (not significant)
2026-05-05 21:02:51 [INFO] riker.phases.phase4_robustness: Cluster 48: permutation p=0.2369, Bonferroni p=1.0000 (not significant)
2026-05-05 21:02:51 [INFO] riker.phases.phase4_robustness: Cluster 49: permutation p=0.4168, Bonferroni p=1.0000 (not significant)
2026-05-05 21:02:52 [INFO] riker.phases.phase4_robustness: Cluster 50: permutation p=0.5233, Bonferroni p=1.0000 (not significant)
2026-05-05 21:02:52 [INFO] riker.phases.phase4_robustness: Cluster 51: permutation p=0.8211, Bonferroni p=1.0000 (not significant)
2026-05-05 21:02:53 [INFO] riker.phases.phase4_robustness: Cluster 52: permutation p=0.9990, Bonferroni p=1.0000 (not significant)
2026-05-05 21:02:53 [INFO] riker.phases.phase4_robustness: Cluster 53: permutation p=0.7479, Bonferroni p=1.0000 (not significant)
2026-05-05 21:02:54 [INFO] riker.phases.phase4_robustness: Cluster 54: permutation p=0.9998, Bonferroni p=1.0000 (not significant)
2026-05-05 21:02:54 [INFO] riker.phases.phase4_robustness: Cluster 55: permutation p=1.0000, Bonferroni p=1.0000 (not significant)
2026-05-05 21:02:55 [INFO] riker.phases.phase4_robustness: Cluster 56: permutation p=0.9950, Bonferroni p=1.0000 (not significant)
2026-05-05 21:02:55 [INFO] riker.phases.phase4_robustness: Cluster 57: permutation p=0.9969, Bonferroni p=1.0000 (not significant)
2026-05-05 21:02:56 [INFO] riker.phases.phase4_robustness: Cluster 58: permutation p=0.3205, Bonferroni p=1.0000 (not significant)
2026-05-05 21:02:57 [INFO] riker.phases.phase4_robustness: Cluster 59: permutation p=0.0001, Bonferroni p=0.0481 (SIGNIFICANT)
2026-05-05 21:02:57 [INFO] riker.phases.phase4_robustness: Cluster 60: permutation p=0.5173, Bonferroni p=1.0000 (not significant)
2026-05-05 21:02:58 [INFO] riker.phases.phase4_robustness: Cluster 61: permutation p=1.0000, Bonferroni p=1.0000 (not significant)
2026-05-05 21:02:59 [INFO] riker.phases.phase4_robustness: Cluster 62: permutation p=0.1120, Bonferroni p=1.0000 (not significant)
2026-05-05 21:02:59 [INFO] riker.phases.phase4_robustness: Cluster 63: permutation p=0.0072, Bonferroni p=1.0000 (not significant)
2026-05-05 21:03:00 [INFO] riker.phases.phase4_robustness: Cluster 64: permutation p=0.9924, Bonferroni p=1.0000 (not significant)
2026-05-05 21:03:01 [INFO] riker.phases.phase4_robustness: Cluster 65: permutation p=0.0001, Bonferroni p=0.0481 (SIGNIFICANT)
2026-05-05 21:03:01 [INFO] riker.phases.phase4_robustness: Cluster 66: permutation p=0.3102, Bonferroni p=1.0000 (not significant)
2026-05-05 21:03:02 [INFO] riker.phases.phase4_robustness: Cluster 67: permutation p=0.9982, Bonferroni p=1.0000 (not significant)
2026-05-05 21:03:02 [INFO] riker.phases.phase4_robustness: Cluster 68: permutation p=0.6461, Bonferroni p=1.0000 (not significant)
2026-05-05 21:03:03 [INFO] riker.phases.phase4_robustness: Cluster 69: permutation p=0.9623, Bonferroni p=1.0000 (not significant)
2026-05-05 21:03:04 [INFO] riker.phases.phase4_robustness: Cluster 70: permutation p=1.0000, Bonferroni p=1.0000 (not significant)
2026-05-05 21:03:04 [INFO] riker.phases.phase4_robustness: Cluster 71: permutation p=0.9999, Bonferroni p=1.0000 (not significant)
2026-05-05 21:03:05 [INFO] riker.phases.phase4_robustness: Cluster 72: permutation p=0.0043, Bonferroni p=1.0000 (not significant)
2026-05-05 21:03:06 [INFO] riker.phases.phase4_robustness: Cluster 73: permutation p=0.0334, Bonferroni p=1.0000 (not significant)
2026-05-05 21:03:06 [INFO] riker.phases.phase4_robustness: Cluster 74: permutation p=0.0112, Bonferroni p=1.0000 (not significant)
2026-05-05 21:03:07 [INFO] riker.phases.phase4_robustness: Cluster 75: permutation p=0.9994, Bonferroni p=1.0000 (not significant)
2026-05-05 21:03:07 [INFO] riker.phases.phase4_robustness: Cluster 76: permutation p=0.9958, Bonferroni p=1.0000 (not significant)
2026-05-05 21:03:08 [INFO] riker.phases.phase4_robustness: Cluster 77: permutation p=0.9882, Bonferroni p=1.0000 (not significant)
2026-05-05 21:03:08 [INFO] riker.phases.phase4_robustness: Cluster 78: permutation p=0.9650, Bonferroni p=1.0000 (not significant)
2026-05-05 21:03:09 [INFO] riker.phases.phase4_robustness: Cluster 79: permutation p=1.0000, Bonferroni p=1.0000 (not significant)
2026-05-05 21:03:10 [INFO] riker.phases.phase4_robustness: Cluster 80: permutation p=0.9882, Bonferroni p=1.0000 (not significant)
2026-05-05 21:03:10 [INFO] riker.phases.phase4_robustness: Cluster 81: permutation p=0.4639, Bonferroni p=1.0000 (not significant)
2026-05-05 21:03:11 [INFO] riker.phases.phase4_robustness: Cluster 82: permutation p=0.0639, Bonferroni p=1.0000 (not significant)
2026-05-05 21:03:11 [INFO] riker.phases.phase4_robustness: Cluster 83: permutation p=0.9805, Bonferroni p=1.0000 (not significant)
2026-05-05 21:03:12 [INFO] riker.phases.phase4_robustness: Cluster 84: permutation p=0.8724, Bonferroni p=1.0000 (not significant)
2026-05-05 21:03:12 [INFO] riker.phases.phase4_robustness: Cluster 85: permutation p=0.6716, Bonferroni p=1.0000 (not significant)
2026-05-05 21:03:13 [INFO] riker.phases.phase4_robustness: Cluster 86: permutation p=0.4646, Bonferroni p=1.0000 (not significant)
2026-05-05 21:03:13 [INFO] riker.phases.phase4_robustness: Cluster 87: permutation p=0.0509, Bonferroni p=1.0000 (not significant)
2026-05-05 21:03:14 [INFO] riker.phases.phase4_robustness: Cluster 88: permutation p=1.0000, Bonferroni p=1.0000 (not significant)
2026-05-05 21:03:14 [INFO] riker.phases.phase4_robustness: Cluster 89: permutation p=1.0000, Bonferroni p=1.0000 (not significant)
2026-05-05 21:03:15 [INFO] riker.phases.phase4_robustness: Cluster 90: permutation p=1.0000, Bonferroni p=1.0000 (not significant)
2026-05-05 21:03:15 [INFO] riker.phases.phase4_robustness: Cluster 91: permutation p=1.0000, Bonferroni p=1.0000 (not significant)
2026-05-05 21:03:16 [INFO] riker.phases.phase4_robustness: Cluster 92: permutation p=1.0000, Bonferroni p=1.0000 (not significant)
2026-05-05 21:03:16 [INFO] riker.phases.phase4_robustness: Cluster 93: permutation p=0.0005, Bonferroni p=0.2405 (not significant)
2026-05-05 21:03:17 [INFO] riker.phases.phase4_robustness: Cluster 94: permutation p=0.2233, Bonferroni p=1.0000 (not significant)
2026-05-05 21:03:17 [INFO] riker.phases.phase4_robustness: Cluster 95: permutation p=0.9551, Bonferroni p=1.0000 (not significant)
2026-05-05 21:03:18 [INFO] riker.phases.phase4_robustness: Cluster 96: permutation p=0.9483, Bonferroni p=1.0000 (not significant)
2026-05-05 21:03:18 [INFO] riker.phases.phase4_robustness: Cluster 97: permutation p=0.9995, Bonferroni p=1.0000 (not significant)
2026-05-05 21:03:19 [INFO] riker.phases.phase4_robustness: Cluster 98: permutation p=0.9409, Bonferroni p=1.0000 (not significant)
2026-05-05 21:03:19 [INFO] riker.phases.phase4_robustness: Cluster 99: permutation p=0.8034, Bonferroni p=1.0000 (not significant)
2026-05-05 21:03:20 [INFO] riker.phases.phase4_robustness: Cluster 100: permutation p=1.0000, Bonferroni p=1.0000 (not significant)
2026-05-05 21:03:21 [INFO] riker.phases.phase4_robustness: Cluster 101: permutation p=1.0000, Bonferroni p=1.0000 (not significant)
2026-05-05 21:03:21 [INFO] riker.phases.phase4_robustness: Cluster 102: permutation p=0.9998, Bonferroni p=1.0000 (not significant)
2026-05-05 21:03:21 [INFO] riker.phases.phase4_robustness: Cluster 103: permutation p=0.9973, Bonferroni p=1.0000 (not significant)
2026-05-05 21:03:22 [INFO] riker.phases.phase4_robustness: Cluster 104: permutation p=1.0000, Bonferroni p=1.0000 (not significant)
2026-05-05 21:03:23 [INFO] riker.phases.phase4_robustness: Cluster 105: permutation p=0.9997, Bonferroni p=1.0000 (not significant)
2026-05-05 21:03:23 [INFO] riker.phases.phase4_robustness: Cluster 106: permutation p=1.0000, Bonferroni p=1.0000 (not significant)
2026-05-05 21:03:24 [INFO] riker.phases.phase4_robustness: Cluster 107: permutation p=0.0002, Bonferroni p=0.0962 (not significant)
2026-05-05 21:03:24 [INFO] riker.phases.phase4_robustness: Cluster 108: permutation p=0.0166, Bonferroni p=1.0000 (not significant)
2026-05-05 21:03:25 [INFO] riker.phases.phase4_robustness: Cluster 109: permutation p=0.8218, Bonferroni p=1.0000 (not significant)
2026-05-05 21:03:25 [INFO] riker.phases.phase4_robustness: Cluster 110: permutation p=0.7141, Bonferroni p=1.0000 (not significant)
2026-05-05 21:03:26 [INFO] riker.phases.phase4_robustness: Cluster 111: permutation p=0.9255, Bonferroni p=1.0000 (not significant)
2026-05-05 21:03:26 [INFO] riker.phases.phase4_robustness: Cluster 112: permutation p=0.9717, Bonferroni p=1.0000 (not significant)
2026-05-05 21:03:27 [INFO] riker.phases.phase4_robustness: Cluster 113: permutation p=1.0000, Bonferroni p=1.0000 (not significant)
2026-05-05 21:03:28 [INFO] riker.phases.phase4_robustness: Cluster 114: permutation p=0.9764, Bonferroni p=1.0000 (not significant)
2026-05-05 21:03:28 [INFO] riker.phases.phase4_robustness: Cluster 115: permutation p=1.0000, Bonferroni p=1.0000 (not significant)
2026-05-05 21:03:29 [INFO] riker.phases.phase4_robustness: Cluster 116: permutation p=0.0530, Bonferroni p=1.0000 (not significant)
2026-05-05 21:03:29 [INFO] riker.phases.phase4_robustness: Cluster 117: permutation p=0.7762, Bonferroni p=1.0000 (not significant)
2026-05-05 21:03:30 [INFO] riker.phases.phase4_robustness: Cluster 118: permutation p=0.8871, Bonferroni p=1.0000 (not significant)
2026-05-05 21:03:30 [INFO] riker.phases.phase4_robustness: Cluster 119: permutation p=0.8871, Bonferroni p=1.0000 (not significant)
2026-05-05 21:03:31 [INFO] riker.phases.phase4_robustness: Cluster 120: permutation p=0.9760, Bonferroni p=1.0000 (not significant)
2026-05-05 21:03:31 [INFO] riker.phases.phase4_robustness: Cluster 121: permutation p=0.0397, Bonferroni p=1.0000 (not significant)
2026-05-05 21:03:32 [INFO] riker.phases.phase4_robustness: Cluster 122: permutation p=1.0000, Bonferroni p=1.0000 (not significant)
2026-05-05 21:03:32 [INFO] riker.phases.phase4_robustness: Cluster 123: permutation p=1.0000, Bonferroni p=1.0000 (not significant)
2026-05-05 21:03:33 [INFO] riker.phases.phase4_robustness: Cluster 124: permutation p=0.9959, Bonferroni p=1.0000 (not significant)
2026-05-05 21:03:33 [INFO] riker.phases.phase4_robustness: Cluster 125: permutation p=0.2136, Bonferroni p=1.0000 (not significant)
2026-05-05 21:03:34 [INFO] riker.phases.phase4_robustness: Cluster 126: permutation p=0.9373, Bonferroni p=1.0000 (not significant)
2026-05-05 21:03:34 [INFO] riker.phases.phase4_robustness: Cluster 127: permutation p=0.7081, Bonferroni p=1.0000 (not significant)
2026-05-05 21:03:35 [INFO] riker.phases.phase4_robustness: Cluster 128: permutation p=0.3092, Bonferroni p=1.0000 (not significant)
2026-05-05 21:03:35 [INFO] riker.phases.phase4_robustness: Cluster 129: permutation p=0.0319, Bonferroni p=1.0000 (not significant)
2026-05-05 21:03:36 [INFO] riker.phases.phase4_robustness: Cluster 130: permutation p=0.5860, Bonferroni p=1.0000 (not significant)
2026-05-05 21:03:37 [INFO] riker.phases.phase4_robustness: Cluster 131: permutation p=0.9646, Bonferroni p=1.0000 (not significant)
2026-05-05 21:03:37 [INFO] riker.phases.phase4_robustness: Cluster 132: permutation p=0.9798, Bonferroni p=1.0000 (not significant)
2026-05-05 21:03:38 [INFO] riker.phases.phase4_robustness: Cluster 133: permutation p=0.0001, Bonferroni p=0.0481 (SIGNIFICANT)
2026-05-05 21:03:38 [INFO] riker.phases.phase4_robustness: Cluster 134: permutation p=0.0001, Bonferroni p=0.0481 (SIGNIFICANT)
2026-05-05 21:03:39 [INFO] riker.phases.phase4_robustness: Cluster 135: permutation p=0.0379, Bonferroni p=1.0000 (not significant)
2026-05-05 21:03:40 [INFO] riker.phases.phase4_robustness: Cluster 136: permutation p=0.9998, Bonferroni p=1.0000 (not significant)
2026-05-05 21:03:40 [INFO] riker.phases.phase4_robustness: Cluster 137: permutation p=0.6961, Bonferroni p=1.0000 (not significant)
2026-05-05 21:03:41 [INFO] riker.phases.phase4_robustness: Cluster 138: permutation p=1.0000, Bonferroni p=1.0000 (not significant)
2026-05-05 21:03:41 [INFO] riker.phases.phase4_robustness: Cluster 139: permutation p=1.0000, Bonferroni p=1.0000 (not significant)
2026-05-05 21:03:42 [INFO] riker.phases.phase4_robustness: Cluster 140: permutation p=1.0000, Bonferroni p=1.0000 (not significant)
2026-05-05 21:03:42 [INFO] riker.phases.phase4_robustness: Cluster 141: permutation p=0.4390, Bonferroni p=1.0000 (not significant)
2026-05-05 21:03:43 [INFO] riker.phases.phase4_robustness: Cluster 142: permutation p=0.2364, Bonferroni p=1.0000 (not significant)
2026-05-05 21:03:43 [INFO] riker.phases.phase4_robustness: Cluster 143: permutation p=0.6358, Bonferroni p=1.0000 (not significant)
2026-05-05 21:03:44 [INFO] riker.phases.phase4_robustness: Cluster 144: permutation p=0.5281, Bonferroni p=1.0000 (not significant)
2026-05-05 21:03:44 [INFO] riker.phases.phase4_robustness: Cluster 145: permutation p=1.0000, Bonferroni p=1.0000 (not significant)
2026-05-05 21:03:45 [INFO] riker.phases.phase4_robustness: Cluster 146: permutation p=1.0000, Bonferroni p=1.0000 (not significant)
2026-05-05 21:03:46 [INFO] riker.phases.phase4_robustness: Cluster 147: permutation p=0.9999, Bonferroni p=1.0000 (not significant)
2026-05-05 21:03:46 [INFO] riker.phases.phase4_robustness: Cluster 148: permutation p=0.0009, Bonferroni p=0.4329 (not significant)
2026-05-05 21:03:47 [INFO] riker.phases.phase4_robustness: Cluster 149: permutation p=0.0312, Bonferroni p=1.0000 (not significant)
2026-05-05 21:03:47 [INFO] riker.phases.phase4_robustness: Cluster 150: permutation p=0.1091, Bonferroni p=1.0000 (not significant)
2026-05-05 21:03:48 [INFO] riker.phases.phase4_robustness: Cluster 151: permutation p=0.0008, Bonferroni p=0.3848 (not significant)
2026-05-05 21:03:48 [INFO] riker.phases.phase4_robustness: Cluster 152: permutation p=0.3607, Bonferroni p=1.0000 (not significant)
2026-05-05 21:03:49 [INFO] riker.phases.phase4_robustness: Cluster 153: permutation p=0.0002, Bonferroni p=0.0962 (not significant)
2026-05-05 21:03:49 [INFO] riker.phases.phase4_robustness: Cluster 154: permutation p=0.0001, Bonferroni p=0.0481 (SIGNIFICANT)
2026-05-05 21:03:50 [INFO] riker.phases.phase4_robustness: Cluster 155: permutation p=0.9985, Bonferroni p=1.0000 (not significant)
2026-05-05 21:03:51 [INFO] riker.phases.phase4_robustness: Cluster 156: permutation p=0.6654, Bonferroni p=1.0000 (not significant)
2026-05-05 21:03:51 [INFO] riker.phases.phase4_robustness: Cluster 157: permutation p=0.4381, Bonferroni p=1.0000 (not significant)
2026-05-05 21:03:52 [INFO] riker.phases.phase4_robustness: Cluster 158: permutation p=0.9754, Bonferroni p=1.0000 (not significant)
2026-05-05 21:03:52 [INFO] riker.phases.phase4_robustness: Cluster 159: permutation p=0.7491, Bonferroni p=1.0000 (not significant)
2026-05-05 21:03:53 [INFO] riker.phases.phase4_robustness: Cluster 160: permutation p=0.7381, Bonferroni p=1.0000 (not significant)
2026-05-05 21:03:53 [INFO] riker.phases.phase4_robustness: Cluster 161: permutation p=0.6560, Bonferroni p=1.0000 (not significant)
2026-05-05 21:03:54 [INFO] riker.phases.phase4_robustness: Cluster 162: permutation p=0.0003, Bonferroni p=0.1443 (not significant)
2026-05-05 21:03:54 [INFO] riker.phases.phase4_robustness: Cluster 163: permutation p=0.0002, Bonferroni p=0.0962 (not significant)
2026-05-05 21:03:55 [INFO] riker.phases.phase4_robustness: Cluster 164: permutation p=1.0000, Bonferroni p=1.0000 (not significant)
2026-05-05 21:03:55 [INFO] riker.phases.phase4_robustness: Cluster 165: permutation p=0.7632, Bonferroni p=1.0000 (not significant)
2026-05-05 21:03:56 [INFO] riker.phases.phase4_robustness: Cluster 166: permutation p=0.0176, Bonferroni p=1.0000 (not significant)
2026-05-05 21:03:57 [INFO] riker.phases.phase4_robustness: Cluster 167: permutation p=0.2150, Bonferroni p=1.0000 (not significant)
2026-05-05 21:03:57 [INFO] riker.phases.phase4_robustness: Cluster 168: permutation p=0.9898, Bonferroni p=1.0000 (not significant)
2026-05-05 21:03:58 [INFO] riker.phases.phase4_robustness: Cluster 169: permutation p=1.0000, Bonferroni p=1.0000 (not significant)
2026-05-05 21:03:58 [INFO] riker.phases.phase4_robustness: Cluster 170: permutation p=0.8523, Bonferroni p=1.0000 (not significant)
2026-05-05 21:03:59 [INFO] riker.phases.phase4_robustness: Cluster 171: permutation p=0.9848, Bonferroni p=1.0000 (not significant)
2026-05-05 21:03:59 [INFO] riker.phases.phase4_robustness: Cluster 172: permutation p=0.9060, Bonferroni p=1.0000 (not significant)
2026-05-05 21:04:00 [INFO] riker.phases.phase4_robustness: Cluster 173: permutation p=0.9798, Bonferroni p=1.0000 (not significant)
2026-05-05 21:04:01 [INFO] riker.phases.phase4_robustness: Cluster 174: permutation p=0.0277, Bonferroni p=1.0000 (not significant)
2026-05-05 21:04:01 [INFO] riker.phases.phase4_robustness: Cluster 175: permutation p=0.0029, Bonferroni p=1.0000 (not significant)
2026-05-05 21:04:02 [INFO] riker.phases.phase4_robustness: Cluster 176: permutation p=0.0001, Bonferroni p=0.0481 (SIGNIFICANT)
2026-05-05 21:04:02 [INFO] riker.phases.phase4_robustness: Cluster 177: permutation p=0.0001, Bonferroni p=0.0481 (SIGNIFICANT)
2026-05-05 21:04:03 [INFO] riker.phases.phase4_robustness: Cluster 178: permutation p=0.0001, Bonferroni p=0.0481 (SIGNIFICANT)
2026-05-05 21:04:03 [INFO] riker.phases.phase4_robustness: Cluster 179: permutation p=1.0000, Bonferroni p=1.0000 (not significant)
2026-05-05 21:04:04 [INFO] riker.phases.phase4_robustness: Cluster 180: permutation p=0.5610, Bonferroni p=1.0000 (not significant)
2026-05-05 21:04:05 [INFO] riker.phases.phase4_robustness: Cluster 181: permutation p=0.3813, Bonferroni p=1.0000 (not significant)
2026-05-05 21:04:05 [INFO] riker.phases.phase4_robustness: Cluster 182: permutation p=0.4499, Bonferroni p=1.0000 (not significant)
2026-05-05 21:04:05 [INFO] riker.phases.phase4_robustness: Cluster 183: permutation p=0.6217, Bonferroni p=1.0000 (not significant)
2026-05-05 21:04:06 [INFO] riker.phases.phase4_robustness: Cluster 184: permutation p=0.1850, Bonferroni p=1.0000 (not significant)
2026-05-05 21:04:06 [INFO] riker.phases.phase4_robustness: Cluster 185: permutation p=0.6795, Bonferroni p=1.0000 (not significant)
2026-05-05 21:04:07 [INFO] riker.phases.phase4_robustness: Cluster 186: permutation p=0.9953, Bonferroni p=1.0000 (not significant)
2026-05-05 21:04:08 [INFO] riker.phases.phase4_robustness: Cluster 187: permutation p=1.0000, Bonferroni p=1.0000 (not significant)
2026-05-05 21:04:08 [INFO] riker.phases.phase4_robustness: Cluster 188: permutation p=0.0001, Bonferroni p=0.0481 (SIGNIFICANT)
2026-05-05 21:04:09 [INFO] riker.phases.phase4_robustness: Cluster 189: permutation p=0.8261, Bonferroni p=1.0000 (not significant)
2026-05-05 21:04:09 [INFO] riker.phases.phase4_robustness: Cluster 190: permutation p=0.8281, Bonferroni p=1.0000 (not significant)
2026-05-05 21:04:10 [INFO] riker.phases.phase4_robustness: Cluster 191: permutation p=0.0197, Bonferroni p=1.0000 (not significant)
2026-05-05 21:04:10 [INFO] riker.phases.phase4_robustness: Cluster 192: permutation p=0.8116, Bonferroni p=1.0000 (not significant)
2026-05-05 21:04:11 [INFO] riker.phases.phase4_robustness: Cluster 193: permutation p=0.0001, Bonferroni p=0.0481 (SIGNIFICANT)
2026-05-05 21:04:12 [INFO] riker.phases.phase4_robustness: Cluster 194: permutation p=0.6958, Bonferroni p=1.0000 (not significant)
2026-05-05 21:04:12 [INFO] riker.phases.phase4_robustness: Cluster 195: permutation p=1.0000, Bonferroni p=1.0000 (not significant)
2026-05-05 21:04:13 [INFO] riker.phases.phase4_robustness: Cluster 196: permutation p=1.0000, Bonferroni p=1.0000 (not significant)
2026-05-05 21:04:14 [INFO] riker.phases.phase4_robustness: Cluster 197: permutation p=0.9994, Bonferroni p=1.0000 (not significant)
2026-05-05 21:04:14 [INFO] riker.phases.phase4_robustness: Cluster 198: permutation p=1.0000, Bonferroni p=1.0000 (not significant)
2026-05-05 21:04:15 [INFO] riker.phases.phase4_robustness: Cluster 199: permutation p=0.9978, Bonferroni p=1.0000 (not significant)
2026-05-05 21:04:15 [INFO] riker.phases.phase4_robustness: Cluster 200: permutation p=0.9418, Bonferroni p=1.0000 (not significant)
2026-05-05 21:04:16 [INFO] riker.phases.phase4_robustness: Cluster 201: permutation p=0.9757, Bonferroni p=1.0000 (not significant)
2026-05-05 21:04:16 [INFO] riker.phases.phase4_robustness: Cluster 202: permutation p=0.9976, Bonferroni p=1.0000 (not significant)
2026-05-05 21:04:17 [INFO] riker.phases.phase4_robustness: Cluster 203: permutation p=0.9999, Bonferroni p=1.0000 (not significant)
2026-05-05 21:04:17 [INFO] riker.phases.phase4_robustness: Cluster 204: permutation p=0.7534, Bonferroni p=1.0000 (not significant)
2026-05-05 21:04:18 [INFO] riker.phases.phase4_robustness: Cluster 205: permutation p=0.4253, Bonferroni p=1.0000 (not significant)
2026-05-05 21:04:18 [INFO] riker.phases.phase4_robustness: Cluster 206: permutation p=0.5024, Bonferroni p=1.0000 (not significant)
2026-05-05 21:04:19 [INFO] riker.phases.phase4_robustness: Cluster 207: permutation p=0.7111, Bonferroni p=1.0000 (not significant)
2026-05-05 21:04:19 [INFO] riker.phases.phase4_robustness: Cluster 208: permutation p=0.2200, Bonferroni p=1.0000 (not significant)
2026-05-05 21:04:20 [INFO] riker.phases.phase4_robustness: Cluster 209: permutation p=0.3338, Bonferroni p=1.0000 (not significant)
2026-05-05 21:04:20 [INFO] riker.phases.phase4_robustness: Cluster 210: permutation p=0.0098, Bonferroni p=1.0000 (not significant)
2026-05-05 21:04:21 [INFO] riker.phases.phase4_robustness: Cluster 211: permutation p=0.4916, Bonferroni p=1.0000 (not significant)
2026-05-05 21:04:22 [INFO] riker.phases.phase4_robustness: Cluster 212: permutation p=0.0001, Bonferroni p=0.0481 (SIGNIFICANT)
2026-05-05 21:04:22 [INFO] riker.phases.phase4_robustness: Cluster 213: permutation p=0.0002, Bonferroni p=0.0962 (not significant)
2026-05-05 21:04:23 [INFO] riker.phases.phase4_robustness: Cluster 214: permutation p=0.0001, Bonferroni p=0.0481 (SIGNIFICANT)
2026-05-05 21:04:23 [INFO] riker.phases.phase4_robustness: Cluster 215: permutation p=0.0001, Bonferroni p=0.0481 (SIGNIFICANT)
2026-05-05 21:04:24 [INFO] riker.phases.phase4_robustness: Cluster 216: permutation p=0.0001, Bonferroni p=0.0481 (SIGNIFICANT)
2026-05-05 21:04:25 [INFO] riker.phases.phase4_robustness: Cluster 217: permutation p=1.0000, Bonferroni p=1.0000 (not significant)
2026-05-05 21:04:25 [INFO] riker.phases.phase4_robustness: Cluster 218: permutation p=0.9888, Bonferroni p=1.0000 (not significant)
2026-05-05 21:04:26 [INFO] riker.phases.phase4_robustness: Cluster 219: permutation p=0.9509, Bonferroni p=1.0000 (not significant)
2026-05-05 21:04:26 [INFO] riker.phases.phase4_robustness: Cluster 220: permutation p=0.0306, Bonferroni p=1.0000 (not significant)
2026-05-05 21:04:27 [INFO] riker.phases.phase4_robustness: Cluster 221: permutation p=0.1013, Bonferroni p=1.0000 (not significant)
2026-05-05 21:04:27 [INFO] riker.phases.phase4_robustness: Cluster 222: permutation p=0.9994, Bonferroni p=1.0000 (not significant)
2026-05-05 21:04:28 [INFO] riker.phases.phase4_robustness: Cluster 223: permutation p=1.0000, Bonferroni p=1.0000 (not significant)
2026-05-05 21:04:29 [INFO] riker.phases.phase4_robustness: Cluster 224: permutation p=0.9999, Bonferroni p=1.0000 (not significant)
2026-05-05 21:04:29 [INFO] riker.phases.phase4_robustness: Cluster 225: permutation p=0.0001, Bonferroni p=0.0481 (SIGNIFICANT)
2026-05-05 21:04:30 [INFO] riker.phases.phase4_robustness: Cluster 226: permutation p=0.0001, Bonferroni p=0.0481 (SIGNIFICANT)
2026-05-05 21:04:31 [INFO] riker.phases.phase4_robustness: Cluster 227: permutation p=0.0001, Bonferroni p=0.0481 (SIGNIFICANT)
2026-05-05 21:04:31 [INFO] riker.phases.phase4_robustness: Cluster 228: permutation p=0.0024, Bonferroni p=1.0000 (not significant)
2026-05-05 21:04:31 [INFO] riker.phases.phase4_robustness: Cluster 229: permutation p=0.2768, Bonferroni p=1.0000 (not significant)
2026-05-05 21:04:32 [INFO] riker.phases.phase4_robustness: Cluster 230: permutation p=0.5690, Bonferroni p=1.0000 (not significant)
2026-05-05 21:04:32 [INFO] riker.phases.phase4_robustness: Cluster 231: permutation p=0.9708, Bonferroni p=1.0000 (not significant)
2026-05-05 21:04:33 [INFO] riker.phases.phase4_robustness: Cluster 232: permutation p=0.8401, Bonferroni p=1.0000 (not significant)
2026-05-05 21:04:34 [INFO] riker.phases.phase4_robustness: Cluster 233: permutation p=0.0001, Bonferroni p=0.0481 (SIGNIFICANT)
2026-05-05 21:04:34 [INFO] riker.phases.phase4_robustness: Cluster 234: permutation p=0.0048, Bonferroni p=1.0000 (not significant)
2026-05-05 21:04:35 [INFO] riker.phases.phase4_robustness: Cluster 235: permutation p=0.3422, Bonferroni p=1.0000 (not significant)
2026-05-05 21:04:35 [INFO] riker.phases.phase4_robustness: Cluster 236: permutation p=0.8205, Bonferroni p=1.0000 (not significant)
2026-05-05 21:04:36 [INFO] riker.phases.phase4_robustness: Cluster 237: permutation p=0.9555, Bonferroni p=1.0000 (not significant)
2026-05-05 21:04:36 [INFO] riker.phases.phase4_robustness: Cluster 238: permutation p=0.1062, Bonferroni p=1.0000 (not significant)
2026-05-05 21:04:37 [INFO] riker.phases.phase4_robustness: Cluster 239: permutation p=0.4180, Bonferroni p=1.0000 (not significant)
2026-05-05 21:04:37 [INFO] riker.phases.phase4_robustness: Cluster 240: permutation p=0.1357, Bonferroni p=1.0000 (not significant)
2026-05-05 21:04:38 [INFO] riker.phases.phase4_robustness: Cluster 241: permutation p=0.5026, Bonferroni p=1.0000 (not significant)
2026-05-05 21:04:38 [INFO] riker.phases.phase4_robustness: Cluster 242: permutation p=0.8623, Bonferroni p=1.0000 (not significant)
2026-05-05 21:04:39 [INFO] riker.phases.phase4_robustness: Cluster 243: permutation p=0.9539, Bonferroni p=1.0000 (not significant)
2026-05-05 21:04:39 [INFO] riker.phases.phase4_robustness: Cluster 244: permutation p=0.8840, Bonferroni p=1.0000 (not significant)
2026-05-05 21:04:40 [INFO] riker.phases.phase4_robustness: Cluster 245: permutation p=0.9094, Bonferroni p=1.0000 (not significant)
2026-05-05 21:04:41 [INFO] riker.phases.phase4_robustness: Cluster 246: permutation p=0.2901, Bonferroni p=1.0000 (not significant)
2026-05-05 21:04:41 [INFO] riker.phases.phase4_robustness: Cluster 247: permutation p=0.2512, Bonferroni p=1.0000 (not significant)
2026-05-05 21:04:42 [INFO] riker.phases.phase4_robustness: Cluster 248: permutation p=0.6106, Bonferroni p=1.0000 (not significant)
2026-05-05 21:04:42 [INFO] riker.phases.phase4_robustness: Cluster 249: permutation p=0.0969, Bonferroni p=1.0000 (not significant)
2026-05-05 21:04:43 [INFO] riker.phases.phase4_robustness: Cluster 250: permutation p=0.4190, Bonferroni p=1.0000 (not significant)
2026-05-05 21:04:43 [INFO] riker.phases.phase4_robustness: Cluster 251: permutation p=0.7389, Bonferroni p=1.0000 (not significant)
2026-05-05 21:04:44 [INFO] riker.phases.phase4_robustness: Cluster 252: permutation p=0.7474, Bonferroni p=1.0000 (not significant)
2026-05-05 21:04:44 [INFO] riker.phases.phase4_robustness: Cluster 253: permutation p=0.5008, Bonferroni p=1.0000 (not significant)
2026-05-05 21:04:45 [INFO] riker.phases.phase4_robustness: Cluster 254: permutation p=0.9779, Bonferroni p=1.0000 (not significant)
2026-05-05 21:04:45 [INFO] riker.phases.phase4_robustness: Cluster 255: permutation p=0.9871, Bonferroni p=1.0000 (not significant)
2026-05-05 21:04:46 [INFO] riker.phases.phase4_robustness: Cluster 256: permutation p=0.9977, Bonferroni p=1.0000 (not significant)
2026-05-05 21:04:46 [INFO] riker.phases.phase4_robustness: Cluster 257: permutation p=0.8500, Bonferroni p=1.0000 (not significant)
2026-05-05 21:04:47 [INFO] riker.phases.phase4_robustness: Cluster 258: permutation p=1.0000, Bonferroni p=1.0000 (not significant)
2026-05-05 21:04:47 [INFO] riker.phases.phase4_robustness: Cluster 259: permutation p=1.0000, Bonferroni p=1.0000 (not significant)
2026-05-05 21:04:48 [INFO] riker.phases.phase4_robustness: Cluster 260: permutation p=0.9015, Bonferroni p=1.0000 (not significant)
2026-05-05 21:04:48 [INFO] riker.phases.phase4_robustness: Cluster 261: permutation p=0.0001, Bonferroni p=0.0481 (SIGNIFICANT)
2026-05-05 21:04:49 [INFO] riker.phases.phase4_robustness: Cluster 262: permutation p=0.5151, Bonferroni p=1.0000 (not significant)
2026-05-05 21:04:49 [INFO] riker.phases.phase4_robustness: Cluster 263: permutation p=0.1724, Bonferroni p=1.0000 (not significant)
2026-05-05 21:04:50 [INFO] riker.phases.phase4_robustness: Cluster 264: permutation p=0.2733, Bonferroni p=1.0000 (not significant)
2026-05-05 21:04:50 [INFO] riker.phases.phase4_robustness: Cluster 265: permutation p=0.5273, Bonferroni p=1.0000 (not significant)
2026-05-05 21:04:51 [INFO] riker.phases.phase4_robustness: Cluster 266: permutation p=0.7892, Bonferroni p=1.0000 (not significant)
2026-05-05 21:04:51 [INFO] riker.phases.phase4_robustness: Cluster 267: permutation p=0.6362, Bonferroni p=1.0000 (not significant)
2026-05-05 21:04:52 [INFO] riker.phases.phase4_robustness: Cluster 268: permutation p=0.7775, Bonferroni p=1.0000 (not significant)
2026-05-05 21:04:53 [INFO] riker.phases.phase4_robustness: Cluster 269: permutation p=0.7028, Bonferroni p=1.0000 (not significant)
2026-05-05 21:04:53 [INFO] riker.phases.phase4_robustness: Cluster 270: permutation p=0.0024, Bonferroni p=1.0000 (not significant)
2026-05-05 21:04:54 [INFO] riker.phases.phase4_robustness: Cluster 271: permutation p=0.2621, Bonferroni p=1.0000 (not significant)
2026-05-05 21:04:54 [INFO] riker.phases.phase4_robustness: Cluster 272: permutation p=0.7099, Bonferroni p=1.0000 (not significant)
2026-05-05 21:04:55 [INFO] riker.phases.phase4_robustness: Cluster 273: permutation p=0.0778, Bonferroni p=1.0000 (not significant)
2026-05-05 21:04:55 [INFO] riker.phases.phase4_robustness: Cluster 274: permutation p=0.0539, Bonferroni p=1.0000 (not significant)
2026-05-05 21:04:56 [INFO] riker.phases.phase4_robustness: Cluster 275: permutation p=0.0321, Bonferroni p=1.0000 (not significant)
2026-05-05 21:04:56 [INFO] riker.phases.phase4_robustness: Cluster 276: permutation p=0.1505, Bonferroni p=1.0000 (not significant)
2026-05-05 21:04:57 [INFO] riker.phases.phase4_robustness: Cluster 277: permutation p=0.1115, Bonferroni p=1.0000 (not significant)
2026-05-05 21:04:57 [INFO] riker.phases.phase4_robustness: Cluster 278: permutation p=0.2327, Bonferroni p=1.0000 (not significant)
2026-05-05 21:04:58 [INFO] riker.phases.phase4_robustness: Cluster 279: permutation p=0.7148, Bonferroni p=1.0000 (not significant)
2026-05-05 21:04:58 [INFO] riker.phases.phase4_robustness: Cluster 280: permutation p=0.9926, Bonferroni p=1.0000 (not significant)
2026-05-05 21:04:59 [INFO] riker.phases.phase4_robustness: Cluster 281: permutation p=0.9997, Bonferroni p=1.0000 (not significant)
2026-05-05 21:05:00 [INFO] riker.phases.phase4_robustness: Cluster 282: permutation p=0.9971, Bonferroni p=1.0000 (not significant)
2026-05-05 21:05:00 [INFO] riker.phases.phase4_robustness: Cluster 283: permutation p=0.5730, Bonferroni p=1.0000 (not significant)
2026-05-05 21:05:01 [INFO] riker.phases.phase4_robustness: Cluster 284: permutation p=0.0016, Bonferroni p=0.7695 (not significant)
2026-05-05 21:05:01 [INFO] riker.phases.phase4_robustness: Cluster 285: permutation p=0.3501, Bonferroni p=1.0000 (not significant)
2026-05-05 21:05:02 [INFO] riker.phases.phase4_robustness: Cluster 286: permutation p=0.8543, Bonferroni p=1.0000 (not significant)
2026-05-05 21:05:02 [INFO] riker.phases.phase4_robustness: Cluster 287: permutation p=0.9864, Bonferroni p=1.0000 (not significant)
2026-05-05 21:05:04 [INFO] riker.phases.phase4_robustness: Cluster 288: permutation p=0.9999, Bonferroni p=1.0000 (not significant)
2026-05-05 21:05:04 [INFO] riker.phases.phase4_robustness: Cluster 289: permutation p=0.9980, Bonferroni p=1.0000 (not significant)
2026-05-05 21:05:05 [INFO] riker.phases.phase4_robustness: Cluster 290: permutation p=0.7987, Bonferroni p=1.0000 (not significant)
2026-05-05 21:05:05 [INFO] riker.phases.phase4_robustness: Cluster 291: permutation p=0.3826, Bonferroni p=1.0000 (not significant)
2026-05-05 21:05:06 [INFO] riker.phases.phase4_robustness: Cluster 292: permutation p=0.0001, Bonferroni p=0.0481 (SIGNIFICANT)
2026-05-05 21:05:06 [INFO] riker.phases.phase4_robustness: Cluster 293: permutation p=0.9718, Bonferroni p=1.0000 (not significant)
2026-05-05 21:05:07 [INFO] riker.phases.phase4_robustness: Cluster 294: permutation p=0.2443, Bonferroni p=1.0000 (not significant)
2026-05-05 21:05:07 [INFO] riker.phases.phase4_robustness: Cluster 295: permutation p=0.3724, Bonferroni p=1.0000 (not significant)
2026-05-05 21:05:08 [INFO] riker.phases.phase4_robustness: Cluster 296: permutation p=0.8927, Bonferroni p=1.0000 (not significant)
2026-05-05 21:05:09 [INFO] riker.phases.phase4_robustness: Cluster 297: permutation p=0.0005, Bonferroni p=0.2405 (not significant)
2026-05-05 21:05:09 [INFO] riker.phases.phase4_robustness: Cluster 298: permutation p=0.9894, Bonferroni p=1.0000 (not significant)
2026-05-05 21:05:09 [INFO] riker.phases.phase4_robustness: Cluster 299: permutation p=0.9994, Bonferroni p=1.0000 (not significant)
2026-05-05 21:05:10 [INFO] riker.phases.phase4_robustness: Cluster 300: permutation p=0.0001, Bonferroni p=0.0481 (SIGNIFICANT)
2026-05-05 21:05:11 [INFO] riker.phases.phase4_robustness: Cluster 301: permutation p=1.0000, Bonferroni p=1.0000 (not significant)
2026-05-05 21:05:11 [INFO] riker.phases.phase4_robustness: Cluster 302: permutation p=0.9998, Bonferroni p=1.0000 (not significant)
2026-05-05 21:05:12 [INFO] riker.phases.phase4_robustness: Cluster 303: permutation p=0.9914, Bonferroni p=1.0000 (not significant)
2026-05-05 21:05:12 [INFO] riker.phases.phase4_robustness: Cluster 304: permutation p=0.1149, Bonferroni p=1.0000 (not significant)
2026-05-05 21:05:13 [INFO] riker.phases.phase4_robustness: Cluster 305: permutation p=0.3410, Bonferroni p=1.0000 (not significant)
2026-05-05 21:05:13 [INFO] riker.phases.phase4_robustness: Cluster 306: permutation p=0.9987, Bonferroni p=1.0000 (not significant)
2026-05-05 21:05:14 [INFO] riker.phases.phase4_robustness: Cluster 307: permutation p=0.0063, Bonferroni p=1.0000 (not significant)
2026-05-05 21:05:15 [INFO] riker.phases.phase4_robustness: Cluster 308: permutation p=0.9637, Bonferroni p=1.0000 (not significant)
2026-05-05 21:05:15 [INFO] riker.phases.phase4_robustness: Cluster 309: permutation p=1.0000, Bonferroni p=1.0000 (not significant)
2026-05-05 21:05:16 [INFO] riker.phases.phase4_robustness: Cluster 310: permutation p=1.0000, Bonferroni p=1.0000 (not significant)
2026-05-05 21:05:17 [INFO] riker.phases.phase4_robustness: Cluster 311: permutation p=0.9449, Bonferroni p=1.0000 (not significant)
2026-05-05 21:05:17 [INFO] riker.phases.phase4_robustness: Cluster 312: permutation p=0.9996, Bonferroni p=1.0000 (not significant)
2026-05-05 21:05:18 [INFO] riker.phases.phase4_robustness: Cluster 313: permutation p=0.9966, Bonferroni p=1.0000 (not significant)
2026-05-05 21:05:18 [INFO] riker.phases.phase4_robustness: Cluster 314: permutation p=0.8559, Bonferroni p=1.0000 (not significant)
2026-05-05 21:05:19 [INFO] riker.phases.phase4_robustness: Cluster 315: permutation p=0.5542, Bonferroni p=1.0000 (not significant)
2026-05-05 21:05:19 [INFO] riker.phases.phase4_robustness: Cluster 316: permutation p=0.1905, Bonferroni p=1.0000 (not significant)
2026-05-05 21:05:20 [INFO] riker.phases.phase4_robustness: Cluster 317: permutation p=0.4019, Bonferroni p=1.0000 (not significant)
2026-05-05 21:05:20 [INFO] riker.phases.phase4_robustness: Cluster 318: permutation p=0.9736, Bonferroni p=1.0000 (not significant)
2026-05-05 21:05:21 [INFO] riker.phases.phase4_robustness: Cluster 319: permutation p=0.9995, Bonferroni p=1.0000 (not significant)
2026-05-05 21:05:21 [INFO] riker.phases.phase4_robustness: Cluster 320: permutation p=0.0001, Bonferroni p=0.0481 (SIGNIFICANT)
2026-05-05 21:05:22 [INFO] riker.phases.phase4_robustness: Cluster 321: permutation p=0.9842, Bonferroni p=1.0000 (not significant)
2026-05-05 21:05:23 [INFO] riker.phases.phase4_robustness: Cluster 322: permutation p=1.0000, Bonferroni p=1.0000 (not significant)
2026-05-05 21:05:23 [INFO] riker.phases.phase4_robustness: Cluster 323: permutation p=0.0004, Bonferroni p=0.1924 (not significant)
2026-05-05 21:05:24 [INFO] riker.phases.phase4_robustness: Cluster 324: permutation p=0.0038, Bonferroni p=1.0000 (not significant)
2026-05-05 21:05:24 [INFO] riker.phases.phase4_robustness: Cluster 325: permutation p=0.0002, Bonferroni p=0.0962 (not significant)
2026-05-05 21:05:25 [INFO] riker.phases.phase4_robustness: Cluster 326: permutation p=0.0005, Bonferroni p=0.2405 (not significant)
2026-05-05 21:05:25 [INFO] riker.phases.phase4_robustness: Cluster 327: permutation p=0.6353, Bonferroni p=1.0000 (not significant)
2026-05-05 21:05:26 [INFO] riker.phases.phase4_robustness: Cluster 328: permutation p=0.6719, Bonferroni p=1.0000 (not significant)
2026-05-05 21:05:26 [INFO] riker.phases.phase4_robustness: Cluster 329: permutation p=0.0177, Bonferroni p=1.0000 (not significant)
2026-05-05 21:05:27 [INFO] riker.phases.phase4_robustness: Cluster 330: permutation p=0.5928, Bonferroni p=1.0000 (not significant)
2026-05-05 21:05:27 [INFO] riker.phases.phase4_robustness: Cluster 331: permutation p=0.8755, Bonferroni p=1.0000 (not significant)
2026-05-05 21:05:28 [INFO] riker.phases.phase4_robustness: Cluster 332: permutation p=0.9817, Bonferroni p=1.0000 (not significant)
2026-05-05 21:05:28 [INFO] riker.phases.phase4_robustness: Cluster 333: permutation p=0.0008, Bonferroni p=0.3848 (not significant)
2026-05-05 21:05:29 [INFO] riker.phases.phase4_robustness: Cluster 334: permutation p=0.0802, Bonferroni p=1.0000 (not significant)
2026-05-05 21:05:29 [INFO] riker.phases.phase4_robustness: Cluster 335: permutation p=0.1537, Bonferroni p=1.0000 (not significant)
2026-05-05 21:05:30 [INFO] riker.phases.phase4_robustness: Cluster 336: permutation p=0.0711, Bonferroni p=1.0000 (not significant)
2026-05-05 21:05:30 [INFO] riker.phases.phase4_robustness: Cluster 337: permutation p=0.0002, Bonferroni p=0.0962 (not significant)
2026-05-05 21:05:31 [INFO] riker.phases.phase4_robustness: Cluster 338: permutation p=0.0001, Bonferroni p=0.0481 (SIGNIFICANT)
2026-05-05 21:05:31 [INFO] riker.phases.phase4_robustness: Cluster 339: permutation p=0.0001, Bonferroni p=0.0481 (SIGNIFICANT)
2026-05-05 21:05:32 [INFO] riker.phases.phase4_robustness: Cluster 340: permutation p=0.2821, Bonferroni p=1.0000 (not significant)
2026-05-05 21:05:32 [INFO] riker.phases.phase4_robustness: Cluster 341: permutation p=0.1671, Bonferroni p=1.0000 (not significant)
2026-05-05 21:05:33 [INFO] riker.phases.phase4_robustness: Cluster 342: permutation p=0.1537, Bonferroni p=1.0000 (not significant)
2026-05-05 21:05:33 [INFO] riker.phases.phase4_robustness: Cluster 343: permutation p=0.8367, Bonferroni p=1.0000 (not significant)
2026-05-05 21:05:34 [INFO] riker.phases.phase4_robustness: Cluster 344: permutation p=0.0003, Bonferroni p=0.1443 (not significant)
2026-05-05 21:05:34 [INFO] riker.phases.phase4_robustness: Cluster 345: permutation p=0.0121, Bonferroni p=1.0000 (not significant)
2026-05-05 21:05:35 [INFO] riker.phases.phase4_robustness: Cluster 346: permutation p=0.2122, Bonferroni p=1.0000 (not significant)
2026-05-05 21:05:35 [INFO] riker.phases.phase4_robustness: Cluster 347: permutation p=0.9944, Bonferroni p=1.0000 (not significant)
2026-05-05 21:05:36 [INFO] riker.phases.phase4_robustness: Cluster 348: permutation p=0.0140, Bonferroni p=1.0000 (not significant)
2026-05-05 21:05:36 [INFO] riker.phases.phase4_robustness: Cluster 349: permutation p=0.0274, Bonferroni p=1.0000 (not significant)
2026-05-05 21:05:37 [INFO] riker.phases.phase4_robustness: Cluster 350: permutation p=0.0308, Bonferroni p=1.0000 (not significant)
2026-05-05 21:05:37 [INFO] riker.phases.phase4_robustness: Cluster 351: permutation p=0.9969, Bonferroni p=1.0000 (not significant)
2026-05-05 21:05:38 [INFO] riker.phases.phase4_robustness: Cluster 352: permutation p=0.9959, Bonferroni p=1.0000 (not significant)
2026-05-05 21:05:38 [INFO] riker.phases.phase4_robustness: Cluster 353: permutation p=0.7838, Bonferroni p=1.0000 (not significant)
2026-05-05 21:05:39 [INFO] riker.phases.phase4_robustness: Cluster 354: permutation p=0.0132, Bonferroni p=1.0000 (not significant)
2026-05-05 21:05:39 [INFO] riker.phases.phase4_robustness: Cluster 355: permutation p=0.0884, Bonferroni p=1.0000 (not significant)
2026-05-05 21:05:40 [INFO] riker.phases.phase4_robustness: Cluster 356: permutation p=0.0068, Bonferroni p=1.0000 (not significant)
2026-05-05 21:05:40 [INFO] riker.phases.phase4_robustness: Cluster 357: permutation p=0.4536, Bonferroni p=1.0000 (not significant)
2026-05-05 21:05:41 [INFO] riker.phases.phase4_robustness: Cluster 358: permutation p=0.9473, Bonferroni p=1.0000 (not significant)
2026-05-05 21:05:42 [INFO] riker.phases.phase4_robustness: Cluster 359: permutation p=1.0000, Bonferroni p=1.0000 (not significant)
2026-05-05 21:05:42 [INFO] riker.phases.phase4_robustness: Cluster 360: permutation p=0.0001, Bonferroni p=0.0481 (SIGNIFICANT)
2026-05-05 21:05:43 [INFO] riker.phases.phase4_robustness: Cluster 361: permutation p=0.0001, Bonferroni p=0.0481 (SIGNIFICANT)
2026-05-05 21:05:43 [INFO] riker.phases.phase4_robustness: Cluster 362: permutation p=0.0001, Bonferroni p=0.0481 (SIGNIFICANT)
2026-05-05 21:05:44 [INFO] riker.phases.phase4_robustness: Cluster 363: permutation p=0.0001, Bonferroni p=0.0481 (SIGNIFICANT)
2026-05-05 21:05:44 [INFO] riker.phases.phase4_robustness: Cluster 364: permutation p=0.0767, Bonferroni p=1.0000 (not significant)
2026-05-05 21:05:45 [INFO] riker.phases.phase4_robustness: Cluster 365: permutation p=0.8511, Bonferroni p=1.0000 (not significant)
2026-05-05 21:05:45 [INFO] riker.phases.phase4_robustness: Cluster 366: permutation p=0.2355, Bonferroni p=1.0000 (not significant)
2026-05-05 21:05:46 [INFO] riker.phases.phase4_robustness: Cluster 367: permutation p=0.9902, Bonferroni p=1.0000 (not significant)
2026-05-05 21:05:46 [INFO] riker.phases.phase4_robustness: Cluster 368: permutation p=0.8543, Bonferroni p=1.0000 (not significant)
2026-05-05 21:05:47 [INFO] riker.phases.phase4_robustness: Cluster 369: permutation p=0.0537, Bonferroni p=1.0000 (not significant)
2026-05-05 21:05:47 [INFO] riker.phases.phase4_robustness: Cluster 370: permutation p=0.0001, Bonferroni p=0.0481 (SIGNIFICANT)
2026-05-05 21:05:48 [INFO] riker.phases.phase4_robustness: Cluster 371: permutation p=0.9868, Bonferroni p=1.0000 (not significant)
2026-05-05 21:05:48 [INFO] riker.phases.phase4_robustness: Cluster 372: permutation p=0.8460, Bonferroni p=1.0000 (not significant)
2026-05-05 21:05:49 [INFO] riker.phases.phase4_robustness: Cluster 373: permutation p=0.7508, Bonferroni p=1.0000 (not significant)
2026-05-05 21:05:49 [INFO] riker.phases.phase4_robustness: Cluster 374: permutation p=0.7198, Bonferroni p=1.0000 (not significant)
2026-05-05 21:05:50 [INFO] riker.phases.phase4_robustness: Cluster 375: permutation p=0.2347, Bonferroni p=1.0000 (not significant)
2026-05-05 21:05:50 [INFO] riker.phases.phase4_robustness: Cluster 376: permutation p=0.1245, Bonferroni p=1.0000 (not significant)
2026-05-05 21:05:51 [INFO] riker.phases.phase4_robustness: Cluster 377: permutation p=0.0817, Bonferroni p=1.0000 (not significant)
2026-05-05 21:05:51 [INFO] riker.phases.phase4_robustness: Cluster 378: permutation p=0.3192, Bonferroni p=1.0000 (not significant)
2026-05-05 21:05:52 [INFO] riker.phases.phase4_robustness: Cluster 379: permutation p=0.0001, Bonferroni p=0.0481 (SIGNIFICANT)
2026-05-05 21:05:52 [INFO] riker.phases.phase4_robustness: Cluster 380: permutation p=0.3437, Bonferroni p=1.0000 (not significant)
2026-05-05 21:05:53 [INFO] riker.phases.phase4_robustness: Cluster 381: permutation p=0.1236, Bonferroni p=1.0000 (not significant)
2026-05-05 21:05:53 [INFO] riker.phases.phase4_robustness: Cluster 382: permutation p=0.0840, Bonferroni p=1.0000 (not significant)
2026-05-05 21:05:54 [INFO] riker.phases.phase4_robustness: Cluster 383: permutation p=0.0255, Bonferroni p=1.0000 (not significant)
2026-05-05 21:05:55 [INFO] riker.phases.phase4_robustness: Cluster 384: permutation p=0.8417, Bonferroni p=1.0000 (not significant)
2026-05-05 21:05:55 [INFO] riker.phases.phase4_robustness: Cluster 385: permutation p=0.2275, Bonferroni p=1.0000 (not significant)
2026-05-05 21:05:56 [INFO] riker.phases.phase4_robustness: Cluster 386: permutation p=0.8995, Bonferroni p=1.0000 (not significant)
2026-05-05 21:05:56 [INFO] riker.phases.phase4_robustness: Cluster 387: permutation p=0.9927, Bonferroni p=1.0000 (not significant)
2026-05-05 21:05:57 [INFO] riker.phases.phase4_robustness: Cluster 388: permutation p=0.9681, Bonferroni p=1.0000 (not significant)
2026-05-05 21:05:57 [INFO] riker.phases.phase4_robustness: Cluster 389: permutation p=0.5108, Bonferroni p=1.0000 (not significant)
2026-05-05 21:05:58 [INFO] riker.phases.phase4_robustness: Cluster 390: permutation p=0.9995, Bonferroni p=1.0000 (not significant)
2026-05-05 21:05:58 [INFO] riker.phases.phase4_robustness: Cluster 391: permutation p=0.9850, Bonferroni p=1.0000 (not significant)
2026-05-05 21:05:59 [INFO] riker.phases.phase4_robustness: Cluster 392: permutation p=1.0000, Bonferroni p=1.0000 (not significant)
2026-05-05 21:05:59 [INFO] riker.phases.phase4_robustness: Cluster 393: permutation p=1.0000, Bonferroni p=1.0000 (not significant)
2026-05-05 21:06:00 [INFO] riker.phases.phase4_robustness: Cluster 394: permutation p=0.9269, Bonferroni p=1.0000 (not significant)
2026-05-05 21:06:01 [INFO] riker.phases.phase4_robustness: Cluster 395: permutation p=0.9956, Bonferroni p=1.0000 (not significant)
2026-05-05 21:06:01 [INFO] riker.phases.phase4_robustness: Cluster 396: permutation p=0.8501, Bonferroni p=1.0000 (not significant)
2026-05-05 21:06:01 [INFO] riker.phases.phase4_robustness: Cluster 397: permutation p=0.1793, Bonferroni p=1.0000 (not significant)
2026-05-05 21:06:02 [INFO] riker.phases.phase4_robustness: Cluster 398: permutation p=0.6911, Bonferroni p=1.0000 (not significant)
2026-05-05 21:06:02 [INFO] riker.phases.phase4_robustness: Cluster 399: permutation p=0.8648, Bonferroni p=1.0000 (not significant)
2026-05-05 21:06:03 [INFO] riker.phases.phase4_robustness: Cluster 400: permutation p=0.0003, Bonferroni p=0.1443 (not significant)
2026-05-05 21:06:03 [INFO] riker.phases.phase4_robustness: Cluster 401: permutation p=0.0001, Bonferroni p=0.0481 (SIGNIFICANT)
2026-05-05 21:06:04 [INFO] riker.phases.phase4_robustness: Cluster 402: permutation p=0.8232, Bonferroni p=1.0000 (not significant)
2026-05-05 21:06:04 [INFO] riker.phases.phase4_robustness: Cluster 403: permutation p=0.4577, Bonferroni p=1.0000 (not significant)
2026-05-05 21:06:05 [INFO] riker.phases.phase4_robustness: Cluster 404: permutation p=0.9999, Bonferroni p=1.0000 (not significant)
2026-05-05 21:06:05 [INFO] riker.phases.phase4_robustness: Cluster 405: permutation p=0.9286, Bonferroni p=1.0000 (not significant)
2026-05-05 21:06:06 [INFO] riker.phases.phase4_robustness: Cluster 406: permutation p=0.8087, Bonferroni p=1.0000 (not significant)
2026-05-05 21:06:06 [INFO] riker.phases.phase4_robustness: Cluster 407: permutation p=0.4675, Bonferroni p=1.0000 (not significant)
2026-05-05 21:06:07 [INFO] riker.phases.phase4_robustness: Cluster 408: permutation p=0.1636, Bonferroni p=1.0000 (not significant)
2026-05-05 21:06:07 [INFO] riker.phases.phase4_robustness: Cluster 409: permutation p=0.8745, Bonferroni p=1.0000 (not significant)
2026-05-05 21:06:08 [INFO] riker.phases.phase4_robustness: Cluster 410: permutation p=0.7473, Bonferroni p=1.0000 (not significant)
2026-05-05 21:06:08 [INFO] riker.phases.phase4_robustness: Cluster 411: permutation p=0.0682, Bonferroni p=1.0000 (not significant)
2026-05-05 21:06:09 [INFO] riker.phases.phase4_robustness: Cluster 412: permutation p=0.0628, Bonferroni p=1.0000 (not significant)
2026-05-05 21:06:09 [INFO] riker.phases.phase4_robustness: Cluster 413: permutation p=1.0000, Bonferroni p=1.0000 (not significant)
2026-05-05 21:06:10 [INFO] riker.phases.phase4_robustness: Cluster 414: permutation p=0.0001, Bonferroni p=0.0481 (SIGNIFICANT)
2026-05-05 21:06:10 [INFO] riker.phases.phase4_robustness: Cluster 415: permutation p=0.1042, Bonferroni p=1.0000 (not significant)
2026-05-05 21:06:11 [INFO] riker.phases.phase4_robustness: Cluster 416: permutation p=0.0134, Bonferroni p=1.0000 (not significant)
2026-05-05 21:06:11 [INFO] riker.phases.phase4_robustness: Cluster 417: permutation p=0.0005, Bonferroni p=0.2405 (not significant)
2026-05-05 21:06:12 [INFO] riker.phases.phase4_robustness: Cluster 418: permutation p=0.8861, Bonferroni p=1.0000 (not significant)
2026-05-05 21:06:12 [INFO] riker.phases.phase4_robustness: Cluster 419: permutation p=0.6142, Bonferroni p=1.0000 (not significant)
2026-05-05 21:06:13 [INFO] riker.phases.phase4_robustness: Cluster 420: permutation p=0.0376, Bonferroni p=1.0000 (not significant)
2026-05-05 21:06:14 [INFO] riker.phases.phase4_robustness: Cluster 421: permutation p=0.3610, Bonferroni p=1.0000 (not significant)
2026-05-05 21:06:14 [INFO] riker.phases.phase4_robustness: Cluster 422: permutation p=0.1981, Bonferroni p=1.0000 (not significant)
2026-05-05 21:06:14 [INFO] riker.phases.phase4_robustness: Cluster 423: permutation p=0.0481, Bonferroni p=1.0000 (not significant)
2026-05-05 21:06:15 [INFO] riker.phases.phase4_robustness: Cluster 424: permutation p=0.0134, Bonferroni p=1.0000 (not significant)
2026-05-05 21:06:16 [INFO] riker.phases.phase4_robustness: Cluster 425: permutation p=0.8718, Bonferroni p=1.0000 (not significant)
2026-05-05 21:06:16 [INFO] riker.phases.phase4_robustness: Cluster 426: permutation p=0.7273, Bonferroni p=1.0000 (not significant)
2026-05-05 21:06:17 [INFO] riker.phases.phase4_robustness: Cluster 427: permutation p=1.0000, Bonferroni p=1.0000 (not significant)
2026-05-05 21:06:17 [INFO] riker.phases.phase4_robustness: Cluster 428: permutation p=0.9922, Bonferroni p=1.0000 (not significant)
2026-05-05 21:06:18 [INFO] riker.phases.phase4_robustness: Cluster 429: permutation p=0.9456, Bonferroni p=1.0000 (not significant)
2026-05-05 21:06:18 [INFO] riker.phases.phase4_robustness: Cluster 430: permutation p=0.8581, Bonferroni p=1.0000 (not significant)
2026-05-05 21:06:19 [INFO] riker.phases.phase4_robustness: Cluster 431: permutation p=0.0452, Bonferroni p=1.0000 (not significant)
2026-05-05 21:06:20 [INFO] riker.phases.phase4_robustness: Cluster 432: permutation p=0.5909, Bonferroni p=1.0000 (not significant)
2026-05-05 21:06:20 [INFO] riker.phases.phase4_robustness: Cluster 433: permutation p=0.9525, Bonferroni p=1.0000 (not significant)
2026-05-05 21:06:21 [INFO] riker.phases.phase4_robustness: Cluster 434: permutation p=0.9990, Bonferroni p=1.0000 (not significant)
2026-05-05 21:06:21 [INFO] riker.phases.phase4_robustness: Cluster 435: permutation p=0.0028, Bonferroni p=1.0000 (not significant)
2026-05-05 21:06:22 [INFO] riker.phases.phase4_robustness: Cluster 436: permutation p=0.5691, Bonferroni p=1.0000 (not significant)
2026-05-05 21:06:22 [INFO] riker.phases.phase4_robustness: Cluster 437: permutation p=0.8063, Bonferroni p=1.0000 (not significant)
2026-05-05 21:06:23 [INFO] riker.phases.phase4_robustness: Cluster 438: permutation p=1.0000, Bonferroni p=1.0000 (not significant)
2026-05-05 21:06:24 [INFO] riker.phases.phase4_robustness: Cluster 439: permutation p=1.0000, Bonferroni p=1.0000 (not significant)
2026-05-05 21:06:24 [INFO] riker.phases.phase4_robustness: Cluster 440: permutation p=1.0000, Bonferroni p=1.0000 (not significant)
2026-05-05 21:06:25 [INFO] riker.phases.phase4_robustness: Cluster 441: permutation p=1.0000, Bonferroni p=1.0000 (not significant)
2026-05-05 21:06:25 [INFO] riker.phases.phase4_robustness: Cluster 442: permutation p=1.0000, Bonferroni p=1.0000 (not significant)
2026-05-05 21:06:26 [INFO] riker.phases.phase4_robustness: Cluster 443: permutation p=0.9475, Bonferroni p=1.0000 (not significant)
2026-05-05 21:06:26 [INFO] riker.phases.phase4_robustness: Cluster 444: permutation p=0.0250, Bonferroni p=1.0000 (not significant)
2026-05-05 21:06:27 [INFO] riker.phases.phase4_robustness: Cluster 445: permutation p=0.9387, Bonferroni p=1.0000 (not significant)
2026-05-05 21:06:27 [INFO] riker.phases.phase4_robustness: Cluster 446: permutation p=0.6477, Bonferroni p=1.0000 (not significant)
2026-05-05 21:06:28 [INFO] riker.phases.phase4_robustness: Cluster 447: permutation p=0.5571, Bonferroni p=1.0000 (not significant)
2026-05-05 21:06:28 [INFO] riker.phases.phase4_robustness: Cluster 448: permutation p=0.8785, Bonferroni p=1.0000 (not significant)
2026-05-05 21:06:29 [INFO] riker.phases.phase4_robustness: Cluster 449: permutation p=0.9667, Bonferroni p=1.0000 (not significant)
2026-05-05 21:06:29 [INFO] riker.phases.phase4_robustness: Cluster 450: permutation p=0.8739, Bonferroni p=1.0000 (not significant)
2026-05-05 21:06:30 [INFO] riker.phases.phase4_robustness: Cluster 451: permutation p=0.9989, Bonferroni p=1.0000 (not significant)
2026-05-05 21:06:31 [INFO] riker.phases.phase4_robustness: Cluster 452: permutation p=0.9884, Bonferroni p=1.0000 (not significant)
2026-05-05 21:06:31 [INFO] riker.phases.phase4_robustness: Cluster 453: permutation p=0.3067, Bonferroni p=1.0000 (not significant)
2026-05-05 21:06:31 [INFO] riker.phases.phase4_robustness: Cluster 454: permutation p=0.3552, Bonferroni p=1.0000 (not significant)
2026-05-05 21:06:32 [INFO] riker.phases.phase4_robustness: Cluster 455: permutation p=1.0000, Bonferroni p=1.0000 (not significant)
2026-05-05 21:06:33 [INFO] riker.phases.phase4_robustness: Cluster 456: permutation p=0.5491, Bonferroni p=1.0000 (not significant)
2026-05-05 21:06:33 [INFO] riker.phases.phase4_robustness: Cluster 457: permutation p=0.7261, Bonferroni p=1.0000 (not significant)
2026-05-05 21:06:34 [INFO] riker.phases.phase4_robustness: Cluster 458: permutation p=0.0221, Bonferroni p=1.0000 (not significant)
2026-05-05 21:06:35 [INFO] riker.phases.phase4_robustness: Cluster 459: permutation p=0.1228, Bonferroni p=1.0000 (not significant)
2026-05-05 21:06:35 [INFO] riker.phases.phase4_robustness: Cluster 460: permutation p=0.5646, Bonferroni p=1.0000 (not significant)
2026-05-05 21:06:36 [INFO] riker.phases.phase4_robustness: Cluster 461: permutation p=0.1943, Bonferroni p=1.0000 (not significant)
2026-05-05 21:06:36 [INFO] riker.phases.phase4_robustness: Cluster 462: permutation p=0.0048, Bonferroni p=1.0000 (not significant)
2026-05-05 21:06:37 [INFO] riker.phases.phase4_robustness: Cluster 463: permutation p=0.9376, Bonferroni p=1.0000 (not significant)
2026-05-05 21:06:38 [INFO] riker.phases.phase4_robustness: Cluster 464: permutation p=1.0000, Bonferroni p=1.0000 (not significant)
2026-05-05 21:06:38 [INFO] riker.phases.phase4_robustness: Cluster 465: permutation p=1.0000, Bonferroni p=1.0000 (not significant)
2026-05-05 21:06:39 [INFO] riker.phases.phase4_robustness: Cluster 466: permutation p=1.0000, Bonferroni p=1.0000 (not significant)
2026-05-05 21:06:39 [INFO] riker.phases.phase4_robustness: Cluster 467: permutation p=1.0000, Bonferroni p=1.0000 (not significant)
2026-05-05 21:06:40 [INFO] riker.phases.phase4_robustness: Cluster 468: permutation p=0.0243, Bonferroni p=1.0000 (not significant)
2026-05-05 21:06:40 [INFO] riker.phases.phase4_robustness: Cluster 469: permutation p=0.9995, Bonferroni p=1.0000 (not significant)
2026-05-05 21:06:41 [INFO] riker.phases.phase4_robustness: Cluster 470: permutation p=1.0000, Bonferroni p=1.0000 (not significant)
2026-05-05 21:06:41 [INFO] riker.phases.phase4_robustness: Cluster 471: permutation p=0.6522, Bonferroni p=1.0000 (not significant)
2026-05-05 21:06:42 [INFO] riker.phases.phase4_robustness: Cluster 472: permutation p=0.6491, Bonferroni p=1.0000 (not significant)
2026-05-05 21:06:42 [INFO] riker.phases.phase4_robustness: Cluster 473: permutation p=0.9077, Bonferroni p=1.0000 (not significant)
2026-05-05 21:06:43 [INFO] riker.phases.phase4_robustness: Cluster 474: permutation p=0.9308, Bonferroni p=1.0000 (not significant)
2026-05-05 21:06:43 [INFO] riker.phases.phase4_robustness: Cluster 475: permutation p=0.9947, Bonferroni p=1.0000 (not significant)
2026-05-05 21:06:44 [INFO] riker.phases.phase4_robustness: Cluster 476: permutation p=0.9541, Bonferroni p=1.0000 (not significant)
2026-05-05 21:06:44 [INFO] riker.phases.phase4_robustness: Cluster 477: permutation p=1.0000, Bonferroni p=1.0000 (not significant)
2026-05-05 21:06:45 [INFO] riker.phases.phase4_robustness: Cluster 478: permutation p=0.9899, Bonferroni p=1.0000 (not significant)
2026-05-05 21:06:45 [INFO] riker.phases.phase4_robustness: Cluster 479: permutation p=0.0270, Bonferroni p=1.0000 (not significant)
2026-05-05 21:06:46 [INFO] riker.phases.phase4_robustness: Cluster 480: permutation p=0.0073, Bonferroni p=1.0000 (not significant)
2026-05-05 21:06:46 [INFO] riker.phases.phase4_robustness: Cluster 0 sensitivity: L1=9, L2=5, L3=9, L4=9 | dissolution=None | core=5
2026-05-05 21:06:46 [INFO] riker.phases.phase4_robustness: Cluster 1 sensitivity: L1=20, L2=20, L3=20, L4=20 | dissolution=None | core=20
2026-05-05 21:06:46 [INFO] riker.phases.phase4_robustness: Cluster 2 sensitivity: L1=9, L2=9, L3=9, L4=9 | dissolution=None | core=9
2026-05-05 21:06:46 [INFO] riker.phases.phase4_robustness: Cluster 3 sensitivity: L1=5, L2=5, L3=5, L4=5 | dissolution=None | core=5
2026-05-05 21:06:46 [INFO] riker.phases.phase4_robustness: Cluster 4 sensitivity: L1=12, L2=11, L3=12, L4=12 | dissolution=None | core=11
2026-05-05 21:06:46 [INFO] riker.phases.phase4_robustness: Cluster 5 sensitivity: L1=10, L2=7, L3=10, L4=10 | dissolution=None | core=7
2026-05-05 21:06:46 [INFO] riker.phases.phase4_robustness: Cluster 6 sensitivity: L1=10, L2=7, L3=10, L4=10 | dissolution=None | core=7
2026-05-05 21:06:46 [INFO] riker.phases.phase4_robustness: Cluster 7 sensitivity: L1=10, L2=0, L3=2, L4=0 | dissolution=2 | core=0
2026-05-05 21:06:46 [INFO] riker.phases.phase4_robustness: Cluster 8 sensitivity: L1=15, L2=15, L3=15, L4=15 | dissolution=None | core=15
2026-05-05 21:06:46 [INFO] riker.phases.phase4_robustness: Cluster 9 sensitivity: L1=17, L2=17, L3=17, L4=17 | dissolution=None | core=17
2026-05-05 21:06:46 [INFO] riker.phases.phase4_robustness: Cluster 10 sensitivity: L1=11, L2=11, L3=11, L4=11 | dissolution=None | core=11
2026-05-05 21:06:46 [INFO] riker.phases.phase4_robustness: Cluster 11 sensitivity: L1=30, L2=23, L3=30, L4=30 | dissolution=None | core=23
2026-05-05 21:06:46 [INFO] riker.phases.phase4_robustness: Cluster 12 sensitivity: L1=10, L2=6, L3=10, L4=10 | dissolution=None | core=6
2026-05-05 21:06:46 [INFO] riker.phases.phase4_robustness: Cluster 13 sensitivity: L1=10, L2=6, L3=10, L4=10 | dissolution=None | core=6
2026-05-05 21:06:46 [INFO] riker.phases.phase4_robustness: Cluster 14 sensitivity: L1=12, L2=9, L3=12, L4=12 | dissolution=None | core=9
2026-05-05 21:06:46 [INFO] riker.phases.phase4_robustness: Cluster 15 sensitivity: L1=7, L2=4, L3=7, L4=7 | dissolution=None | core=4
2026-05-05 21:06:46 [INFO] riker.phases.phase4_robustness: Cluster 16 sensitivity: L1=25, L2=19, L3=25, L4=25 | dissolution=None | core=19
2026-05-05 21:06:46 [INFO] riker.phases.phase4_robustness: Cluster 17 sensitivity: L1=12, L2=12, L3=12, L4=12 | dissolution=None | core=12
2026-05-05 21:06:46 [INFO] riker.phases.phase4_robustness: Cluster 18 sensitivity: L1=12, L2=12, L3=12, L4=12 | dissolution=None | core=12
2026-05-05 21:06:46 [INFO] riker.phases.phase4_robustness: Cluster 19 sensitivity: L1=5, L2=5, L3=5, L4=5 | dissolution=None | core=5
2026-05-05 21:06:46 [INFO] riker.phases.phase4_robustness: Cluster 20 sensitivity: L1=19, L2=16, L3=19, L4=19 | dissolution=None | core=16
2026-05-05 21:06:46 [INFO] riker.phases.phase4_robustness: Cluster 21 sensitivity: L1=24, L2=17, L3=24, L4=24 | dissolution=None | core=17
2026-05-05 21:06:46 [INFO] riker.phases.phase4_robustness: Cluster 22 sensitivity: L1=9, L2=6, L3=9, L4=9 | dissolution=None | core=6
2026-05-05 21:06:46 [INFO] riker.phases.phase4_robustness: Cluster 23 sensitivity: L1=9, L2=4, L3=9, L4=9 | dissolution=None | core=4
2026-05-05 21:06:46 [INFO] riker.phases.phase4_robustness: Cluster 24 sensitivity: L1=8, L2=8, L3=8, L4=8 | dissolution=None | core=8
2026-05-05 21:06:46 [INFO] riker.phases.phase4_robustness: Cluster 25 sensitivity: L1=5, L2=3, L3=5, L4=5 | dissolution=None | core=3
2026-05-05 21:06:46 [INFO] riker.phases.phase4_robustness: Cluster 26 sensitivity: L1=11, L2=0, L3=11, L4=7 | dissolution=2 | core=0
2026-05-05 21:06:46 [INFO] riker.phases.phase4_robustness: Cluster 27 sensitivity: L1=6, L2=1, L3=6, L4=6 | dissolution=2 | core=1
2026-05-05 21:06:46 [INFO] riker.phases.phase4_robustness: Cluster 28 sensitivity: L1=6, L2=0, L3=1, L4=0 | dissolution=2 | core=0
2026-05-05 21:06:46 [INFO] riker.phases.phase4_robustness: Cluster 29 sensitivity: L1=9, L2=9, L3=9, L4=9 | dissolution=None | core=9
2026-05-05 21:06:46 [INFO] riker.phases.phase4_robustness: Cluster 30 sensitivity: L1=6, L2=6, L3=6, L4=6 | dissolution=None | core=6
2026-05-05 21:06:46 [INFO] riker.phases.phase4_robustness: Cluster 31 sensitivity: L1=30, L2=17, L3=30, L4=30 | dissolution=None | core=17
2026-05-05 21:06:46 [INFO] riker.phases.phase4_robustness: Cluster 32 sensitivity: L1=18, L2=7, L3=18, L4=18 | dissolution=None | core=7
2026-05-05 21:06:46 [INFO] riker.phases.phase4_robustness: Cluster 33 sensitivity: L1=16, L2=8, L3=16, L4=16 | dissolution=None | core=8
2026-05-05 21:06:46 [INFO] riker.phases.phase4_robustness: Cluster 34 sensitivity: L1=6, L2=2, L3=6, L4=6 | dissolution=2 | core=2
2026-05-05 21:06:46 [INFO] riker.phases.phase4_robustness: Cluster 35 sensitivity: L1=11, L2=1, L3=11, L4=11 | dissolution=2 | core=1
2026-05-05 21:06:46 [INFO] riker.phases.phase4_robustness: Cluster 36 sensitivity: L1=20, L2=7, L3=20, L4=20 | dissolution=None | core=7
2026-05-05 21:06:46 [INFO] riker.phases.phase4_robustness: Cluster 37 sensitivity: L1=14, L2=12, L3=14, L4=14 | dissolution=None | core=12
2026-05-05 21:06:46 [INFO] riker.phases.phase4_robustness: Cluster 38 sensitivity: L1=16, L2=10, L3=16, L4=16 | dissolution=None | core=10
2026-05-05 21:06:46 [INFO] riker.phases.phase4_robustness: Cluster 39 sensitivity: L1=6, L2=4, L3=6, L4=6 | dissolution=None | core=4
2026-05-05 21:06:46 [INFO] riker.phases.phase4_robustness: Cluster 40 sensitivity: L1=8, L2=6, L3=8, L4=8 | dissolution=None | core=6
2026-05-05 21:06:46 [INFO] riker.phases.phase4_robustness: Cluster 41 sensitivity: L1=30, L2=13, L3=30, L4=30 | dissolution=None | core=13
2026-05-05 21:06:46 [INFO] riker.phases.phase4_robustness: Cluster 42 sensitivity: L1=11, L2=3, L3=11, L4=11 | dissolution=None | core=3
2026-05-05 21:06:46 [INFO] riker.phases.phase4_robustness: Cluster 43 sensitivity: L1=17, L2=0, L3=12, L4=0 | dissolution=2 | core=0
2026-05-05 21:06:46 [INFO] riker.phases.phase4_robustness: Cluster 44 sensitivity: L1=8, L2=0, L3=8, L4=0 | dissolution=2 | core=0
2026-05-05 21:06:46 [INFO] riker.phases.phase4_robustness: Cluster 45 sensitivity: L1=6, L2=0, L3=6, L4=0 | dissolution=2 | core=0
2026-05-05 21:06:46 [INFO] riker.phases.phase4_robustness: Cluster 46 sensitivity: L1=5, L2=5, L3=5, L4=5 | dissolution=None | core=5
2026-05-05 21:06:46 [INFO] riker.phases.phase4_robustness: Cluster 47 sensitivity: L1=5, L2=5, L3=5, L4=5 | dissolution=None | core=5
2026-05-05 21:06:46 [INFO] riker.phases.phase4_robustness: Cluster 48 sensitivity: L1=5, L2=4, L3=5, L4=5 | dissolution=None | core=4
2026-05-05 21:06:46 [INFO] riker.phases.phase4_robustness: Cluster 49 sensitivity: L1=8, L2=8, L3=8, L4=8 | dissolution=None | core=8
2026-05-05 21:06:46 [INFO] riker.phases.phase4_robustness: Cluster 50 sensitivity: L1=8, L2=8, L3=8, L4=8 | dissolution=None | core=8
2026-05-05 21:06:46 [INFO] riker.phases.phase4_robustness: Cluster 51 sensitivity: L1=13, L2=9, L3=13, L4=13 | dissolution=None | core=9
2026-05-05 21:06:46 [INFO] riker.phases.phase4_robustness: Cluster 52 sensitivity: L1=12, L2=7, L3=12, L4=12 | dissolution=None | core=7
2026-05-05 21:06:46 [INFO] riker.phases.phase4_robustness: Cluster 53 sensitivity: L1=13, L2=9, L3=13, L4=13 | dissolution=None | core=9
2026-05-05 21:06:46 [INFO] riker.phases.phase4_robustness: Cluster 54 sensitivity: L1=8, L2=4, L3=8, L4=8 | dissolution=None | core=4
2026-05-05 21:06:46 [INFO] riker.phases.phase4_robustness: Cluster 55 sensitivity: L1=11, L2=3, L3=11, L4=11 | dissolution=None | core=3
2026-05-05 21:06:46 [INFO] riker.phases.phase4_robustness: Cluster 56 sensitivity: L1=6, L2=4, L3=6, L4=6 | dissolution=None | core=4
2026-05-05 21:06:46 [INFO] riker.phases.phase4_robustness: Cluster 57 sensitivity: L1=10, L2=0, L3=10, L4=9 | dissolution=2 | core=0
2026-05-05 21:06:46 [INFO] riker.phases.phase4_robustness: Cluster 58 sensitivity: L1=9, L2=9, L3=9, L4=9 | dissolution=None | core=9
2026-05-05 21:06:46 [INFO] riker.phases.phase4_robustness: Cluster 59 sensitivity: L1=11, L2=11, L3=11, L4=11 | dissolution=None | core=11
2026-05-05 21:06:46 [INFO] riker.phases.phase4_robustness: Cluster 60 sensitivity: L1=26, L2=24, L3=26, L4=26 | dissolution=None | core=24
2026-05-05 21:06:46 [INFO] riker.phases.phase4_robustness: Cluster 61 sensitivity: L1=11, L2=6, L3=11, L4=11 | dissolution=None | core=6
2026-05-05 21:06:46 [INFO] riker.phases.phase4_robustness: Cluster 62 sensitivity: L1=19, L2=16, L3=19, L4=19 | dissolution=None | core=16
2026-05-05 21:06:46 [INFO] riker.phases.phase4_robustness: Cluster 63 sensitivity: L1=15, L2=13, L3=15, L4=15 | dissolution=None | core=13
2026-05-05 21:06:46 [INFO] riker.phases.phase4_robustness: Cluster 64 sensitivity: L1=9, L2=5, L3=9, L4=9 | dissolution=None | core=5
2026-05-05 21:06:46 [INFO] riker.phases.phase4_robustness: Cluster 65 sensitivity: L1=29, L2=28, L3=29, L4=29 | dissolution=None | core=28
2026-05-05 21:06:46 [INFO] riker.phases.phase4_robustness: Cluster 66 sensitivity: L1=11, L2=10, L3=11, L4=11 | dissolution=None | core=10
2026-05-05 21:06:46 [INFO] riker.phases.phase4_robustness: Cluster 67 sensitivity: L1=17, L2=11, L3=17, L4=17 | dissolution=None | core=11
2026-05-05 21:06:46 [INFO] riker.phases.phase4_robustness: Cluster 68 sensitivity: L1=6, L2=5, L3=6, L4=6 | dissolution=None | core=5
2026-05-05 21:06:46 [INFO] riker.phases.phase4_robustness: Cluster 69 sensitivity: L1=11, L2=6, L3=11, L4=11 | dissolution=None | core=6
2026-05-05 21:06:46 [INFO] riker.phases.phase4_robustness: Cluster 70 sensitivity: L1=21, L2=7, L3=21, L4=21 | dissolution=None | core=7
2026-05-05 21:06:46 [INFO] riker.phases.phase4_robustness: Cluster 71 sensitivity: L1=11, L2=1, L3=11, L4=11 | dissolution=2 | core=1
2026-05-05 21:06:46 [INFO] riker.phases.phase4_robustness: Cluster 72 sensitivity: L1=12, L2=12, L3=12, L4=12 | dissolution=None | core=12
2026-05-05 21:06:46 [INFO] riker.phases.phase4_robustness: Cluster 73 sensitivity: L1=5, L2=5, L3=5, L4=5 | dissolution=None | core=5
2026-05-05 21:06:46 [INFO] riker.phases.phase4_robustness: Cluster 74 sensitivity: L1=6, L2=6, L3=6, L4=6 | dissolution=None | core=6
2026-05-05 21:06:46 [INFO] riker.phases.phase4_robustness: Cluster 75 sensitivity: L1=12, L2=8, L3=12, L4=12 | dissolution=None | core=8
2026-05-05 21:06:46 [INFO] riker.phases.phase4_robustness: Cluster 76 sensitivity: L1=5, L2=3, L3=5, L4=5 | dissolution=None | core=3
2026-05-05 21:06:46 [INFO] riker.phases.phase4_robustness: Cluster 77 sensitivity: L1=6, L2=1, L3=6, L4=6 | dissolution=2 | core=1
2026-05-05 21:06:46 [INFO] riker.phases.phase4_robustness: Cluster 78 sensitivity: L1=9, L2=3, L3=9, L4=9 | dissolution=None | core=3
2026-05-05 21:06:46 [INFO] riker.phases.phase4_robustness: Cluster 79 sensitivity: L1=9, L2=5, L3=9, L4=9 | dissolution=None | core=5
2026-05-05 21:06:46 [INFO] riker.phases.phase4_robustness: Cluster 80 sensitivity: L1=20, L2=14, L3=20, L4=20 | dissolution=None | core=14
2026-05-05 21:06:46 [INFO] riker.phases.phase4_robustness: Cluster 81 sensitivity: L1=6, L2=4, L3=6, L4=6 | dissolution=None | core=4
2026-05-05 21:06:46 [INFO] riker.phases.phase4_robustness: Cluster 82 sensitivity: L1=16, L2=15, L3=16, L4=16 | dissolution=None | core=15
2026-05-05 21:06:46 [INFO] riker.phases.phase4_robustness: Cluster 83 sensitivity: L1=7, L2=3, L3=7, L4=7 | dissolution=None | core=3
2026-05-05 21:06:46 [INFO] riker.phases.phase4_robustness: Cluster 84 sensitivity: L1=6, L2=2, L3=6, L4=6 | dissolution=2 | core=2
2026-05-05 21:06:46 [INFO] riker.phases.phase4_robustness: Cluster 85 sensitivity: L1=6, L2=5, L3=6, L4=6 | dissolution=None | core=5
2026-05-05 21:06:46 [INFO] riker.phases.phase4_robustness: Cluster 86 sensitivity: L1=17, L2=16, L3=17, L4=17 | dissolution=None | core=16
2026-05-05 21:06:46 [INFO] riker.phases.phase4_robustness: Cluster 87 sensitivity: L1=9, L2=8, L3=9, L4=9 | dissolution=None | core=8
2026-05-05 21:06:46 [INFO] riker.phases.phase4_robustness: Cluster 88 sensitivity: L1=17, L2=1, L3=17, L4=17 | dissolution=2 | core=1
2026-05-05 21:06:46 [INFO] riker.phases.phase4_robustness: Cluster 89 sensitivity: L1=5, L2=0, L3=5, L4=5 | dissolution=2 | core=0
2026-05-05 21:06:46 [INFO] riker.phases.phase4_robustness: Cluster 90 sensitivity: L1=10, L2=0, L3=9, L4=2 | dissolution=2 | core=0
2026-05-05 21:06:46 [INFO] riker.phases.phase4_robustness: Cluster 91 sensitivity: L1=5, L2=0, L3=5, L4=5 | dissolution=2 | core=0
2026-05-05 21:06:46 [INFO] riker.phases.phase4_robustness: Cluster 92 sensitivity: L1=7, L2=1, L3=7, L4=7 | dissolution=2 | core=1
2026-05-05 21:06:46 [INFO] riker.phases.phase4_robustness: Cluster 93 sensitivity: L1=7, L2=7, L3=7, L4=7 | dissolution=None | core=7
2026-05-05 21:06:46 [INFO] riker.phases.phase4_robustness: Cluster 94 sensitivity: L1=9, L2=9, L3=9, L4=9 | dissolution=None | core=9
2026-05-05 21:06:46 [INFO] riker.phases.phase4_robustness: Cluster 95 sensitivity: L1=10, L2=5, L3=10, L4=10 | dissolution=None | core=5
2026-05-05 21:06:46 [INFO] riker.phases.phase4_robustness: Cluster 96 sensitivity: L1=9, L2=9, L3=9, L4=9 | dissolution=None | core=9
2026-05-05 21:06:46 [INFO] riker.phases.phase4_robustness: Cluster 97 sensitivity: L1=8, L2=3, L3=8, L4=8 | dissolution=None | core=3
2026-05-05 21:06:46 [INFO] riker.phases.phase4_robustness: Cluster 98 sensitivity: L1=10, L2=6, L3=10, L4=10 | dissolution=None | core=6
2026-05-05 21:06:46 [INFO] riker.phases.phase4_robustness: Cluster 99 sensitivity: L1=7, L2=5, L3=7, L4=7 | dissolution=None | core=5
2026-05-05 21:06:46 [INFO] riker.phases.phase4_robustness: Cluster 100 sensitivity: L1=6, L2=5, L3=6, L4=6 | dissolution=None | core=5
2026-05-05 21:06:46 [INFO] riker.phases.phase4_robustness: Cluster 101 sensitivity: L1=13, L2=5, L3=13, L4=13 | dissolution=None | core=5
2026-05-05 21:06:46 [INFO] riker.phases.phase4_robustness: Cluster 102 sensitivity: L1=5, L2=4, L3=5, L4=5 | dissolution=None | core=4
2026-05-05 21:06:46 [INFO] riker.phases.phase4_robustness: Cluster 103 sensitivity: L1=6, L2=0, L3=6, L4=4 | dissolution=2 | core=0
2026-05-05 21:06:46 [INFO] riker.phases.phase4_robustness: Cluster 104 sensitivity: L1=12, L2=0, L3=12, L4=0 | dissolution=2 | core=0
2026-05-05 21:06:46 [INFO] riker.phases.phase4_robustness: Cluster 105 sensitivity: L1=12, L2=0, L3=12, L4=12 | dissolution=2 | core=0
2026-05-05 21:06:46 [INFO] riker.phases.phase4_robustness: Cluster 106 sensitivity: L1=9, L2=2, L3=9, L4=9 | dissolution=2 | core=2
2026-05-05 21:06:46 [INFO] riker.phases.phase4_robustness: Cluster 107 sensitivity: L1=12, L2=12, L3=12, L4=12 | dissolution=None | core=12
2026-05-05 21:06:46 [INFO] riker.phases.phase4_robustness: Cluster 108 sensitivity: L1=5, L2=5, L3=5, L4=5 | dissolution=None | core=5
2026-05-05 21:06:46 [INFO] riker.phases.phase4_robustness: Cluster 109 sensitivity: L1=14, L2=10, L3=14, L4=14 | dissolution=None | core=10
2026-05-05 21:06:46 [INFO] riker.phases.phase4_robustness: Cluster 110 sensitivity: L1=7, L2=6, L3=7, L4=7 | dissolution=None | core=6
2026-05-05 21:06:46 [INFO] riker.phases.phase4_robustness: Cluster 111 sensitivity: L1=10, L2=8, L3=10, L4=10 | dissolution=None | core=8
2026-05-05 21:06:46 [INFO] riker.phases.phase4_robustness: Cluster 112 sensitivity: L1=5, L2=2, L3=5, L4=5 | dissolution=2 | core=2
2026-05-05 21:06:46 [INFO] riker.phases.phase4_robustness: Cluster 113 sensitivity: L1=10, L2=3, L3=10, L4=10 | dissolution=None | core=3
2026-05-05 21:06:46 [INFO] riker.phases.phase4_robustness: Cluster 114 sensitivity: L1=11, L2=4, L3=11, L4=11 | dissolution=None | core=4
2026-05-05 21:06:46 [INFO] riker.phases.phase4_robustness: Cluster 115 sensitivity: L1=8, L2=7, L3=8, L4=8 | dissolution=None | core=7
2026-05-05 21:06:46 [INFO] riker.phases.phase4_robustness: Cluster 116 sensitivity: L1=11, L2=11, L3=11, L4=11 | dissolution=None | core=11
2026-05-05 21:06:46 [INFO] riker.phases.phase4_robustness: Cluster 117 sensitivity: L1=9, L2=9, L3=9, L4=9 | dissolution=None | core=9
2026-05-05 21:06:46 [INFO] riker.phases.phase4_robustness: Cluster 118 sensitivity: L1=5, L2=4, L3=5, L4=5 | dissolution=None | core=4
2026-05-05 21:06:46 [INFO] riker.phases.phase4_robustness: Cluster 119 sensitivity: L1=7, L2=5, L3=7, L4=7 | dissolution=None | core=5
2026-05-05 21:06:46 [INFO] riker.phases.phase4_robustness: Cluster 120 sensitivity: L1=7, L2=5, L3=7, L4=7 | dissolution=None | core=5
2026-05-05 21:06:46 [INFO] riker.phases.phase4_robustness: Cluster 121 sensitivity: L1=9, L2=8, L3=9, L4=9 | dissolution=None | core=8
2026-05-05 21:06:46 [INFO] riker.phases.phase4_robustness: Cluster 122 sensitivity: L1=8, L2=1, L3=8, L4=8 | dissolution=2 | core=1
2026-05-05 21:06:46 [INFO] riker.phases.phase4_robustness: Cluster 123 sensitivity: L1=5, L2=0, L3=5, L4=5 | dissolution=2 | core=0
2026-05-05 21:06:46 [INFO] riker.phases.phase4_robustness: Cluster 124 sensitivity: L1=25, L2=20, L3=25, L4=25 | dissolution=None | core=20
2026-05-05 21:06:46 [INFO] riker.phases.phase4_robustness: Cluster 125 sensitivity: L1=7, L2=6, L3=7, L4=7 | dissolution=None | core=6
2026-05-05 21:06:46 [INFO] riker.phases.phase4_robustness: Cluster 126 sensitivity: L1=10, L2=5, L3=10, L4=10 | dissolution=None | core=5
2026-05-05 21:06:46 [INFO] riker.phases.phase4_robustness: Cluster 127 sensitivity: L1=11, L2=7, L3=11, L4=11 | dissolution=None | core=7
2026-05-05 21:06:46 [INFO] riker.phases.phase4_robustness: Cluster 128 sensitivity: L1=6, L2=6, L3=6, L4=6 | dissolution=None | core=6
2026-05-05 21:06:46 [INFO] riker.phases.phase4_robustness: Cluster 129 sensitivity: L1=12, L2=12, L3=12, L4=12 | dissolution=None | core=12
2026-05-05 21:06:46 [INFO] riker.phases.phase4_robustness: Cluster 130 sensitivity: L1=24, L2=13, L3=24, L4=24 | dissolution=None | core=13
2026-05-05 21:06:46 [INFO] riker.phases.phase4_robustness: Cluster 131 sensitivity: L1=6, L2=3, L3=6, L4=6 | dissolution=None | core=3
2026-05-05 21:06:46 [INFO] riker.phases.phase4_robustness: Cluster 132 sensitivity: L1=18, L2=10, L3=18, L4=18 | dissolution=None | core=10
2026-05-05 21:06:46 [INFO] riker.phases.phase4_robustness: Cluster 133 sensitivity: L1=16, L2=16, L3=16, L4=16 | dissolution=None | core=16
2026-05-05 21:06:46 [INFO] riker.phases.phase4_robustness: Cluster 134 sensitivity: L1=5, L2=5, L3=5, L4=5 | dissolution=None | core=5
2026-05-05 21:06:46 [INFO] riker.phases.phase4_robustness: Cluster 135 sensitivity: L1=13, L2=11, L3=13, L4=13 | dissolution=None | core=11
2026-05-05 21:06:46 [INFO] riker.phases.phase4_robustness: Cluster 136 sensitivity: L1=22, L2=0, L3=22, L4=22 | dissolution=2 | core=0
2026-05-05 21:06:46 [INFO] riker.phases.phase4_robustness: Cluster 137 sensitivity: L1=12, L2=0, L3=12, L4=12 | dissolution=2 | core=0
2026-05-05 21:06:46 [INFO] riker.phases.phase4_robustness: Cluster 138 sensitivity: L1=15, L2=5, L3=15, L4=15 | dissolution=None | core=5
2026-05-05 21:06:46 [INFO] riker.phases.phase4_robustness: Cluster 139 sensitivity: L1=12, L2=6, L3=12, L4=12 | dissolution=None | core=6
2026-05-05 21:06:46 [INFO] riker.phases.phase4_robustness: Cluster 140 sensitivity: L1=7, L2=4, L3=7, L4=7 | dissolution=None | core=4
2026-05-05 21:06:46 [INFO] riker.phases.phase4_robustness: Cluster 141 sensitivity: L1=7, L2=7, L3=7, L4=7 | dissolution=None | core=7
2026-05-05 21:06:46 [INFO] riker.phases.phase4_robustness: Cluster 142 sensitivity: L1=13, L2=13, L3=13, L4=13 | dissolution=None | core=13
2026-05-05 21:06:46 [INFO] riker.phases.phase4_robustness: Cluster 143 sensitivity: L1=8, L2=7, L3=8, L4=8 | dissolution=None | core=7
2026-05-05 21:06:46 [INFO] riker.phases.phase4_robustness: Cluster 144 sensitivity: L1=5, L2=4, L3=5, L4=5 | dissolution=None | core=4
2026-05-05 21:06:46 [INFO] riker.phases.phase4_robustness: Cluster 145 sensitivity: L1=6, L2=1, L3=6, L4=6 | dissolution=2 | core=1
2026-05-05 21:06:46 [INFO] riker.phases.phase4_robustness: Cluster 146 sensitivity: L1=11, L2=5, L3=11, L4=11 | dissolution=None | core=5
2026-05-05 21:06:46 [INFO] riker.phases.phase4_robustness: Cluster 147 sensitivity: L1=31, L2=19, L3=31, L4=31 | dissolution=None | core=19
2026-05-05 21:06:46 [INFO] riker.phases.phase4_robustness: Cluster 148 sensitivity: L1=12, L2=12, L3=12, L4=12 | dissolution=None | core=12
2026-05-05 21:06:46 [INFO] riker.phases.phase4_robustness: Cluster 149 sensitivity: L1=6, L2=6, L3=6, L4=6 | dissolution=None | core=6
2026-05-05 21:06:46 [INFO] riker.phases.phase4_robustness: Cluster 150 sensitivity: L1=6, L2=6, L3=6, L4=6 | dissolution=None | core=6
2026-05-05 21:06:46 [INFO] riker.phases.phase4_robustness: Cluster 151 sensitivity: L1=21, L2=20, L3=21, L4=21 | dissolution=None | core=20
2026-05-05 21:06:46 [INFO] riker.phases.phase4_robustness: Cluster 152 sensitivity: L1=10, L2=10, L3=10, L4=10 | dissolution=None | core=10
2026-05-05 21:06:46 [INFO] riker.phases.phase4_robustness: Cluster 153 sensitivity: L1=9, L2=9, L3=9, L4=9 | dissolution=None | core=9
2026-05-05 21:06:46 [INFO] riker.phases.phase4_robustness: Cluster 154 sensitivity: L1=6, L2=6, L3=6, L4=6 | dissolution=None | core=6
2026-05-05 21:06:46 [INFO] riker.phases.phase4_robustness: Cluster 155 sensitivity: L1=20, L2=13, L3=20, L4=20 | dissolution=None | core=13
2026-05-05 21:06:46 [INFO] riker.phases.phase4_robustness: Cluster 156 sensitivity: L1=5, L2=4, L3=5, L4=5 | dissolution=None | core=4
2026-05-05 21:06:46 [INFO] riker.phases.phase4_robustness: Cluster 157 sensitivity: L1=13, L2=12, L3=13, L4=13 | dissolution=None | core=12
2026-05-05 21:06:46 [INFO] riker.phases.phase4_robustness: Cluster 158 sensitivity: L1=7, L2=5, L3=7, L4=7 | dissolution=None | core=5
2026-05-05 21:06:46 [INFO] riker.phases.phase4_robustness: Cluster 159 sensitivity: L1=6, L2=3, L3=6, L4=6 | dissolution=None | core=3
2026-05-05 21:06:46 [INFO] riker.phases.phase4_robustness: Cluster 160 sensitivity: L1=8, L2=5, L3=8, L4=8 | dissolution=None | core=5
2026-05-05 21:06:46 [INFO] riker.phases.phase4_robustness: Cluster 161 sensitivity: L1=5, L2=4, L3=5, L4=5 | dissolution=None | core=4
2026-05-05 21:06:46 [INFO] riker.phases.phase4_robustness: Cluster 162 sensitivity: L1=11, L2=11, L3=11, L4=11 | dissolution=None | core=11
2026-05-05 21:06:46 [INFO] riker.phases.phase4_robustness: Cluster 163 sensitivity: L1=5, L2=5, L3=5, L4=5 | dissolution=None | core=5
2026-05-05 21:06:46 [INFO] riker.phases.phase4_robustness: Cluster 164 sensitivity: L1=18, L2=6, L3=18, L4=18 | dissolution=None | core=6
2026-05-05 21:06:46 [INFO] riker.phases.phase4_robustness: Cluster 165 sensitivity: L1=5, L2=3, L3=5, L4=5 | dissolution=None | core=3
2026-05-05 21:06:46 [INFO] riker.phases.phase4_robustness: Cluster 166 sensitivity: L1=25, L2=19, L3=25, L4=25 | dissolution=None | core=19
2026-05-05 21:06:46 [INFO] riker.phases.phase4_robustness: Cluster 167 sensitivity: L1=17, L2=16, L3=17, L4=17 | dissolution=None | core=16
2026-05-05 21:06:46 [INFO] riker.phases.phase4_robustness: Cluster 168 sensitivity: L1=13, L2=9, L3=13, L4=13 | dissolution=None | core=9
2026-05-05 21:06:46 [INFO] riker.phases.phase4_robustness: Cluster 169 sensitivity: L1=6, L2=6, L3=6, L4=6 | dissolution=None | core=6
2026-05-05 21:06:46 [INFO] riker.phases.phase4_robustness: Cluster 170 sensitivity: L1=10, L2=7, L3=10, L4=10 | dissolution=None | core=7
2026-05-05 21:06:46 [INFO] riker.phases.phase4_robustness: Cluster 171 sensitivity: L1=13, L2=9, L3=13, L4=13 | dissolution=None | core=9
2026-05-05 21:06:46 [INFO] riker.phases.phase4_robustness: Cluster 172 sensitivity: L1=6, L2=4, L3=6, L4=6 | dissolution=None | core=4
2026-05-05 21:06:46 [INFO] riker.phases.phase4_robustness: Cluster 173 sensitivity: L1=41, L2=31, L3=41, L4=41 | dissolution=None | core=31
2026-05-05 21:06:46 [INFO] riker.phases.phase4_robustness: Cluster 174 sensitivity: L1=11, L2=10, L3=11, L4=11 | dissolution=None | core=10
2026-05-05 21:06:46 [INFO] riker.phases.phase4_robustness: Cluster 175 sensitivity: L1=8, L2=7, L3=8, L4=8 | dissolution=None | core=7
2026-05-05 21:06:46 [INFO] riker.phases.phase4_robustness: Cluster 176 sensitivity: L1=10, L2=10, L3=10, L4=10 | dissolution=None | core=10
2026-05-05 21:06:46 [INFO] riker.phases.phase4_robustness: Cluster 177 sensitivity: L1=5, L2=5, L3=5, L4=5 | dissolution=None | core=5
2026-05-05 21:06:46 [INFO] riker.phases.phase4_robustness: Cluster 178 sensitivity: L1=8, L2=8, L3=8, L4=8 | dissolution=None | core=8
2026-05-05 21:06:46 [INFO] riker.phases.phase4_robustness: Cluster 179 sensitivity: L1=21, L2=14, L3=21, L4=21 | dissolution=None | core=14
2026-05-05 21:06:46 [INFO] riker.phases.phase4_robustness: Cluster 180 sensitivity: L1=6, L2=5, L3=6, L4=6 | dissolution=None | core=5
2026-05-05 21:06:46 [INFO] riker.phases.phase4_robustness: Cluster 181 sensitivity: L1=11, L2=11, L3=11, L4=11 | dissolution=None | core=11
2026-05-05 21:06:46 [INFO] riker.phases.phase4_robustness: Cluster 182 sensitivity: L1=5, L2=4, L3=5, L4=5 | dissolution=None | core=4
2026-05-05 21:06:46 [INFO] riker.phases.phase4_robustness: Cluster 183 sensitivity: L1=6, L2=5, L3=6, L4=6 | dissolution=None | core=5
2026-05-05 21:06:46 [INFO] riker.phases.phase4_robustness: Cluster 184 sensitivity: L1=8, L2=6, L3=8, L4=8 | dissolution=None | core=6
2026-05-05 21:06:46 [INFO] riker.phases.phase4_robustness: Cluster 185 sensitivity: L1=7, L2=5, L3=7, L4=7 | dissolution=None | core=5
2026-05-05 21:06:46 [INFO] riker.phases.phase4_robustness: Cluster 186 sensitivity: L1=7, L2=3, L3=7, L4=7 | dissolution=None | core=3
2026-05-05 21:06:46 [INFO] riker.phases.phase4_robustness: Cluster 187 sensitivity: L1=7, L2=2, L3=7, L4=7 | dissolution=2 | core=2
2026-05-05 21:06:46 [INFO] riker.phases.phase4_robustness: Cluster 188 sensitivity: L1=10, L2=10, L3=10, L4=10 | dissolution=None | core=10
2026-05-05 21:06:46 [INFO] riker.phases.phase4_robustness: Cluster 189 sensitivity: L1=13, L2=10, L3=13, L4=13 | dissolution=None | core=10
2026-05-05 21:06:46 [INFO] riker.phases.phase4_robustness: Cluster 190 sensitivity: L1=5, L2=4, L3=5, L4=5 | dissolution=None | core=4
2026-05-05 21:06:46 [INFO] riker.phases.phase4_robustness: Cluster 191 sensitivity: L1=20, L2=16, L3=20, L4=20 | dissolution=None | core=16
2026-05-05 21:06:46 [INFO] riker.phases.phase4_robustness: Cluster 192 sensitivity: L1=5, L2=4, L3=5, L4=5 | dissolution=None | core=4
2026-05-05 21:06:46 [INFO] riker.phases.phase4_robustness: Cluster 193 sensitivity: L1=52, L2=44, L3=52, L4=52 | dissolution=None | core=44
2026-05-05 21:06:46 [INFO] riker.phases.phase4_robustness: Cluster 194 sensitivity: L1=10, L2=8, L3=10, L4=10 | dissolution=None | core=8
2026-05-05 21:06:46 [INFO] riker.phases.phase4_robustness: Cluster 195 sensitivity: L1=12, L2=9, L3=12, L4=12 | dissolution=None | core=9
2026-05-05 21:06:46 [INFO] riker.phases.phase4_robustness: Cluster 196 sensitivity: L1=10, L2=6, L3=10, L4=10 | dissolution=None | core=6
2026-05-05 21:06:46 [INFO] riker.phases.phase4_robustness: Cluster 197 sensitivity: L1=18, L2=8, L3=18, L4=18 | dissolution=None | core=8
2026-05-05 21:06:46 [INFO] riker.phases.phase4_robustness: Cluster 198 sensitivity: L1=32, L2=14, L3=32, L4=32 | dissolution=None | core=14
2026-05-05 21:06:46 [INFO] riker.phases.phase4_robustness: Cluster 199 sensitivity: L1=10, L2=7, L3=10, L4=10 | dissolution=None | core=7
2026-05-05 21:06:46 [INFO] riker.phases.phase4_robustness: Cluster 200 sensitivity: L1=7, L2=4, L3=7, L4=7 | dissolution=None | core=4
2026-05-05 21:06:46 [INFO] riker.phases.phase4_robustness: Cluster 201 sensitivity: L1=6, L2=2, L3=6, L4=6 | dissolution=2 | core=2
2026-05-05 21:06:46 [INFO] riker.phases.phase4_robustness: Cluster 202 sensitivity: L1=6, L2=2, L3=6, L4=6 | dissolution=2 | core=2
2026-05-05 21:06:46 [INFO] riker.phases.phase4_robustness: Cluster 203 sensitivity: L1=13, L2=5, L3=13, L4=13 | dissolution=None | core=5
2026-05-05 21:06:46 [INFO] riker.phases.phase4_robustness: Cluster 204 sensitivity: L1=5, L2=3, L3=5, L4=5 | dissolution=None | core=3
2026-05-05 21:06:46 [INFO] riker.phases.phase4_robustness: Cluster 205 sensitivity: L1=7, L2=7, L3=7, L4=7 | dissolution=None | core=7
2026-05-05 21:06:46 [INFO] riker.phases.phase4_robustness: Cluster 206 sensitivity: L1=8, L2=7, L3=8, L4=8 | dissolution=None | core=7
2026-05-05 21:06:46 [INFO] riker.phases.phase4_robustness: Cluster 207 sensitivity: L1=15, L2=14, L3=15, L4=15 | dissolution=None | core=14
2026-05-05 21:06:46 [INFO] riker.phases.phase4_robustness: Cluster 208 sensitivity: L1=11, L2=11, L3=11, L4=11 | dissolution=None | core=11
2026-05-05 21:06:46 [INFO] riker.phases.phase4_robustness: Cluster 209 sensitivity: L1=6, L2=5, L3=6, L4=6 | dissolution=None | core=5
2026-05-05 21:06:46 [INFO] riker.phases.phase4_robustness: Cluster 210 sensitivity: L1=12, L2=12, L3=12, L4=12 | dissolution=None | core=12
2026-05-05 21:06:46 [INFO] riker.phases.phase4_robustness: Cluster 211 sensitivity: L1=14, L2=14, L3=14, L4=14 | dissolution=None | core=14
2026-05-05 21:06:46 [INFO] riker.phases.phase4_robustness: Cluster 212 sensitivity: L1=16, L2=16, L3=16, L4=16 | dissolution=None | core=16
2026-05-05 21:06:46 [INFO] riker.phases.phase4_robustness: Cluster 213 sensitivity: L1=9, L2=9, L3=9, L4=9 | dissolution=None | core=9
2026-05-05 21:06:46 [INFO] riker.phases.phase4_robustness: Cluster 214 sensitivity: L1=7, L2=7, L3=7, L4=7 | dissolution=None | core=7
2026-05-05 21:06:46 [INFO] riker.phases.phase4_robustness: Cluster 215 sensitivity: L1=11, L2=11, L3=11, L4=11 | dissolution=None | core=11
2026-05-05 21:06:46 [INFO] riker.phases.phase4_robustness: Cluster 216 sensitivity: L1=11, L2=11, L3=11, L4=11 | dissolution=None | core=11
2026-05-05 21:06:46 [INFO] riker.phases.phase4_robustness: Cluster 217 sensitivity: L1=26, L2=4, L3=26, L4=26 | dissolution=None | core=4
2026-05-05 21:06:46 [INFO] riker.phases.phase4_robustness: Cluster 218 sensitivity: L1=9, L2=0, L3=9, L4=9 | dissolution=2 | core=0
2026-05-05 21:06:46 [INFO] riker.phases.phase4_robustness: Cluster 219 sensitivity: L1=12, L2=9, L3=12, L4=12 | dissolution=None | core=9
2026-05-05 21:06:46 [INFO] riker.phases.phase4_robustness: Cluster 220 sensitivity: L1=9, L2=9, L3=9, L4=9 | dissolution=None | core=9
2026-05-05 21:06:46 [INFO] riker.phases.phase4_robustness: Cluster 221 sensitivity: L1=8, L2=8, L3=8, L4=8 | dissolution=None | core=8
2026-05-05 21:06:46 [INFO] riker.phases.phase4_robustness: Cluster 222 sensitivity: L1=15, L2=11, L3=15, L4=15 | dissolution=None | core=11
2026-05-05 21:06:46 [INFO] riker.phases.phase4_robustness: Cluster 223 sensitivity: L1=35, L2=10, L3=35, L4=35 | dissolution=None | core=10
2026-05-05 21:06:46 [INFO] riker.phases.phase4_robustness: Cluster 224 sensitivity: L1=21, L2=10, L3=21, L4=21 | dissolution=None | core=10
2026-05-05 21:06:46 [INFO] riker.phases.phase4_robustness: Cluster 225 sensitivity: L1=8, L2=8, L3=8, L4=8 | dissolution=None | core=8
2026-05-05 21:06:46 [INFO] riker.phases.phase4_robustness: Cluster 226 sensitivity: L1=10, L2=10, L3=10, L4=10 | dissolution=None | core=10
2026-05-05 21:06:46 [INFO] riker.phases.phase4_robustness: Cluster 227 sensitivity: L1=11, L2=11, L3=11, L4=11 | dissolution=None | core=11
2026-05-05 21:06:46 [INFO] riker.phases.phase4_robustness: Cluster 228 sensitivity: L1=6, L2=6, L3=6, L4=6 | dissolution=None | core=6
2026-05-05 21:06:46 [INFO] riker.phases.phase4_robustness: Cluster 229 sensitivity: L1=7, L2=2, L3=7, L4=7 | dissolution=2 | core=2
2026-05-05 21:06:46 [INFO] riker.phases.phase4_robustness: Cluster 230 sensitivity: L1=11, L2=7, L3=11, L4=11 | dissolution=None | core=7
2026-05-05 21:06:46 [INFO] riker.phases.phase4_robustness: Cluster 231 sensitivity: L1=5, L2=4, L3=5, L4=5 | dissolution=None | core=4
2026-05-05 21:06:46 [INFO] riker.phases.phase4_robustness: Cluster 232 sensitivity: L1=6, L2=3, L3=6, L4=6 | dissolution=None | core=3
2026-05-05 21:06:46 [INFO] riker.phases.phase4_robustness: Cluster 233 sensitivity: L1=10, L2=10, L3=10, L4=10 | dissolution=None | core=10
2026-05-05 21:06:46 [INFO] riker.phases.phase4_robustness: Cluster 234 sensitivity: L1=12, L2=12, L3=12, L4=12 | dissolution=None | core=12
2026-05-05 21:06:46 [INFO] riker.phases.phase4_robustness: Cluster 235 sensitivity: L1=11, L2=11, L3=11, L4=11 | dissolution=None | core=11
2026-05-05 21:06:46 [INFO] riker.phases.phase4_robustness: Cluster 236 sensitivity: L1=5, L2=3, L3=5, L4=5 | dissolution=None | core=3
2026-05-05 21:06:46 [INFO] riker.phases.phase4_robustness: Cluster 237 sensitivity: L1=13, L2=12, L3=13, L4=13 | dissolution=None | core=12
2026-05-05 21:06:46 [INFO] riker.phases.phase4_robustness: Cluster 238 sensitivity: L1=14, L2=14, L3=14, L4=14 | dissolution=None | core=14
2026-05-05 21:06:46 [INFO] riker.phases.phase4_robustness: Cluster 239 sensitivity: L1=7, L2=6, L3=7, L4=7 | dissolution=None | core=6
2026-05-05 21:06:46 [INFO] riker.phases.phase4_robustness: Cluster 240 sensitivity: L1=7, L2=7, L3=7, L4=7 | dissolution=None | core=7
2026-05-05 21:06:46 [INFO] riker.phases.phase4_robustness: Cluster 241 sensitivity: L1=13, L2=12, L3=13, L4=13 | dissolution=None | core=12
2026-05-05 21:06:46 [INFO] riker.phases.phase4_robustness: Cluster 242 sensitivity: L1=7, L2=7, L3=7, L4=7 | dissolution=None | core=7
2026-05-05 21:06:46 [INFO] riker.phases.phase4_robustness: Cluster 243 sensitivity: L1=9, L2=8, L3=9, L4=9 | dissolution=None | core=8
2026-05-05 21:06:46 [INFO] riker.phases.phase4_robustness: Cluster 244 sensitivity: L1=29, L2=28, L3=29, L4=29 | dissolution=None | core=28
2026-05-05 21:06:46 [INFO] riker.phases.phase4_robustness: Cluster 245 sensitivity: L1=8, L2=7, L3=8, L4=8 | dissolution=None | core=7
2026-05-05 21:06:46 [INFO] riker.phases.phase4_robustness: Cluster 246 sensitivity: L1=10, L2=6, L3=10, L4=10 | dissolution=None | core=6
2026-05-05 21:06:46 [INFO] riker.phases.phase4_robustness: Cluster 247 sensitivity: L1=6, L2=6, L3=6, L4=6 | dissolution=None | core=6
2026-05-05 21:06:46 [INFO] riker.phases.phase4_robustness: Cluster 248 sensitivity: L1=7, L2=6, L3=7, L4=7 | dissolution=None | core=6
2026-05-05 21:06:46 [INFO] riker.phases.phase4_robustness: Cluster 249 sensitivity: L1=11, L2=11, L3=11, L4=11 | dissolution=None | core=11
2026-05-05 21:06:46 [INFO] riker.phases.phase4_robustness: Cluster 250 sensitivity: L1=6, L2=6, L3=6, L4=6 | dissolution=None | core=6
2026-05-05 21:06:46 [INFO] riker.phases.phase4_robustness: Cluster 251 sensitivity: L1=11, L2=9, L3=11, L4=11 | dissolution=None | core=9
2026-05-05 21:06:46 [INFO] riker.phases.phase4_robustness: Cluster 252 sensitivity: L1=8, L2=8, L3=8, L4=8 | dissolution=None | core=8
2026-05-05 21:06:46 [INFO] riker.phases.phase4_robustness: Cluster 253 sensitivity: L1=5, L2=5, L3=5, L4=5 | dissolution=None | core=5
2026-05-05 21:06:46 [INFO] riker.phases.phase4_robustness: Cluster 254 sensitivity: L1=17, L2=11, L3=17, L4=17 | dissolution=None | core=11
2026-05-05 21:06:46 [INFO] riker.phases.phase4_robustness: Cluster 255 sensitivity: L1=7, L2=2, L3=7, L4=7 | dissolution=2 | core=2
2026-05-05 21:06:46 [INFO] riker.phases.phase4_robustness: Cluster 256 sensitivity: L1=12, L2=3, L3=12, L4=12 | dissolution=None | core=3
2026-05-05 21:06:46 [INFO] riker.phases.phase4_robustness: Cluster 257 sensitivity: L1=6, L2=6, L3=6, L4=6 | dissolution=None | core=6
2026-05-05 21:06:46 [INFO] riker.phases.phase4_robustness: Cluster 258 sensitivity: L1=20, L2=10, L3=20, L4=20 | dissolution=None | core=10
2026-05-05 21:06:46 [INFO] riker.phases.phase4_robustness: Cluster 259 sensitivity: L1=6, L2=0, L3=6, L4=0 | dissolution=2 | core=0
2026-05-05 21:06:46 [INFO] riker.phases.phase4_robustness: Cluster 260 sensitivity: L1=9, L2=7, L3=9, L4=9 | dissolution=None | core=7
2026-05-05 21:06:46 [INFO] riker.phases.phase4_robustness: Cluster 261 sensitivity: L1=17, L2=15, L3=17, L4=17 | dissolution=None | core=15
2026-05-05 21:06:46 [INFO] riker.phases.phase4_robustness: Cluster 262 sensitivity: L1=8, L2=8, L3=8, L4=8 | dissolution=None | core=8
2026-05-05 21:06:46 [INFO] riker.phases.phase4_robustness: Cluster 263 sensitivity: L1=9, L2=8, L3=9, L4=9 | dissolution=None | core=8
2026-05-05 21:06:46 [INFO] riker.phases.phase4_robustness: Cluster 264 sensitivity: L1=6, L2=6, L3=6, L4=6 | dissolution=None | core=6
2026-05-05 21:06:46 [INFO] riker.phases.phase4_robustness: Cluster 265 sensitivity: L1=5, L2=3, L3=5, L4=5 | dissolution=None | core=3
2026-05-05 21:06:46 [INFO] riker.phases.phase4_robustness: Cluster 266 sensitivity: L1=6, L2=5, L3=6, L4=6 | dissolution=None | core=5
2026-05-05 21:06:46 [INFO] riker.phases.phase4_robustness: Cluster 267 sensitivity: L1=6, L2=6, L3=6, L4=6 | dissolution=None | core=6
2026-05-05 21:06:46 [INFO] riker.phases.phase4_robustness: Cluster 268 sensitivity: L1=12, L2=11, L3=12, L4=12 | dissolution=None | core=11
2026-05-05 21:06:46 [INFO] riker.phases.phase4_robustness: Cluster 269 sensitivity: L1=14, L2=12, L3=14, L4=14 | dissolution=None | core=12
2026-05-05 21:06:46 [INFO] riker.phases.phase4_robustness: Cluster 270 sensitivity: L1=9, L2=9, L3=9, L4=9 | dissolution=None | core=9
2026-05-05 21:06:46 [INFO] riker.phases.phase4_robustness: Cluster 271 sensitivity: L1=7, L2=6, L3=7, L4=7 | dissolution=None | core=6
2026-05-05 21:06:46 [INFO] riker.phases.phase4_robustness: Cluster 272 sensitivity: L1=6, L2=5, L3=6, L4=6 | dissolution=None | core=5
2026-05-05 21:06:46 [INFO] riker.phases.phase4_robustness: Cluster 273 sensitivity: L1=6, L2=6, L3=6, L4=6 | dissolution=None | core=6
2026-05-05 21:06:46 [INFO] riker.phases.phase4_robustness: Cluster 274 sensitivity: L1=6, L2=6, L3=6, L4=6 | dissolution=None | core=6
2026-05-05 21:06:46 [INFO] riker.phases.phase4_robustness: Cluster 275 sensitivity: L1=9, L2=9, L3=9, L4=9 | dissolution=None | core=9
2026-05-05 21:06:46 [INFO] riker.phases.phase4_robustness: Cluster 276 sensitivity: L1=6, L2=6, L3=6, L4=6 | dissolution=None | core=6
2026-05-05 21:06:46 [INFO] riker.phases.phase4_robustness: Cluster 277 sensitivity: L1=12, L2=12, L3=12, L4=12 | dissolution=None | core=12
2026-05-05 21:06:46 [INFO] riker.phases.phase4_robustness: Cluster 278 sensitivity: L1=5, L2=5, L3=5, L4=5 | dissolution=None | core=5
2026-05-05 21:06:46 [INFO] riker.phases.phase4_robustness: Cluster 279 sensitivity: L1=9, L2=8, L3=9, L4=9 | dissolution=None | core=8
2026-05-05 21:06:46 [INFO] riker.phases.phase4_robustness: Cluster 280 sensitivity: L1=7, L2=2, L3=7, L4=7 | dissolution=2 | core=2
2026-05-05 21:06:46 [INFO] riker.phases.phase4_robustness: Cluster 281 sensitivity: L1=7, L2=5, L3=7, L4=7 | dissolution=None | core=5
2026-05-05 21:06:46 [INFO] riker.phases.phase4_robustness: Cluster 282 sensitivity: L1=29, L2=19, L3=29, L4=29 | dissolution=None | core=19
2026-05-05 21:06:46 [INFO] riker.phases.phase4_robustness: Cluster 283 sensitivity: L1=12, L2=10, L3=12, L4=12 | dissolution=None | core=10
2026-05-05 21:06:46 [INFO] riker.phases.phase4_robustness: Cluster 284 sensitivity: L1=17, L2=13, L3=17, L4=17 | dissolution=None | core=13
2026-05-05 21:06:46 [INFO] riker.phases.phase4_robustness: Cluster 285 sensitivity: L1=10, L2=10, L3=10, L4=10 | dissolution=None | core=10
2026-05-05 21:06:46 [INFO] riker.phases.phase4_robustness: Cluster 286 sensitivity: L1=8, L2=7, L3=8, L4=8 | dissolution=None | core=7
2026-05-05 21:06:46 [INFO] riker.phases.phase4_robustness: Cluster 287 sensitivity: L1=8, L2=6, L3=8, L4=8 | dissolution=None | core=6
2026-05-05 21:06:46 [INFO] riker.phases.phase4_robustness: Cluster 288 sensitivity: L1=67, L2=54, L3=67, L4=67 | dissolution=None | core=54
2026-05-05 21:06:46 [INFO] riker.phases.phase4_robustness: Cluster 289 sensitivity: L1=16, L2=8, L3=16, L4=16 | dissolution=None | core=8
2026-05-05 21:06:46 [INFO] riker.phases.phase4_robustness: Cluster 290 sensitivity: L1=7, L2=3, L3=7, L4=7 | dissolution=None | core=3
2026-05-05 21:06:46 [INFO] riker.phases.phase4_robustness: Cluster 291 sensitivity: L1=8, L2=7, L3=8, L4=8 | dissolution=None | core=7
2026-05-05 21:06:46 [INFO] riker.phases.phase4_robustness: Cluster 292 sensitivity: L1=35, L2=35, L3=35, L4=35 | dissolution=None | core=35
2026-05-05 21:06:46 [INFO] riker.phases.phase4_robustness: Cluster 293 sensitivity: L1=19, L2=10, L3=19, L4=19 | dissolution=None | core=10
2026-05-05 21:06:46 [INFO] riker.phases.phase4_robustness: Cluster 294 sensitivity: L1=8, L2=8, L3=8, L4=8 | dissolution=None | core=8
2026-05-05 21:06:46 [INFO] riker.phases.phase4_robustness: Cluster 295 sensitivity: L1=7, L2=7, L3=7, L4=7 | dissolution=None | core=7
2026-05-05 21:06:46 [INFO] riker.phases.phase4_robustness: Cluster 296 sensitivity: L1=17, L2=14, L3=17, L4=17 | dissolution=None | core=14
2026-05-05 21:06:46 [INFO] riker.phases.phase4_robustness: Cluster 297 sensitivity: L1=10, L2=10, L3=10, L4=10 | dissolution=None | core=10
2026-05-05 21:06:46 [INFO] riker.phases.phase4_robustness: Cluster 298 sensitivity: L1=5, L2=3, L3=5, L4=5 | dissolution=None | core=3
2026-05-05 21:06:46 [INFO] riker.phases.phase4_robustness: Cluster 299 sensitivity: L1=11, L2=6, L3=11, L4=11 | dissolution=None | core=6
2026-05-05 21:06:46 [INFO] riker.phases.phase4_robustness: Cluster 300 sensitivity: L1=7, L2=7, L3=7, L4=7 | dissolution=None | core=7
2026-05-05 21:06:46 [INFO] riker.phases.phase4_robustness: Cluster 301 sensitivity: L1=32, L2=15, L3=32, L4=32 | dissolution=None | core=15
2026-05-05 21:06:46 [INFO] riker.phases.phase4_robustness: Cluster 302 sensitivity: L1=12, L2=4, L3=12, L4=12 | dissolution=None | core=4
2026-05-05 21:06:46 [INFO] riker.phases.phase4_robustness: Cluster 303 sensitivity: L1=7, L2=3, L3=7, L4=7 | dissolution=None | core=3
2026-05-05 21:06:46 [INFO] riker.phases.phase4_robustness: Cluster 304 sensitivity: L1=7, L2=7, L3=7, L4=7 | dissolution=None | core=7
2026-05-05 21:06:46 [INFO] riker.phases.phase4_robustness: Cluster 305 sensitivity: L1=5, L2=4, L3=5, L4=5 | dissolution=None | core=4
2026-05-05 21:06:46 [INFO] riker.phases.phase4_robustness: Cluster 306 sensitivity: L1=20, L2=12, L3=20, L4=20 | dissolution=None | core=12
2026-05-05 21:06:46 [INFO] riker.phases.phase4_robustness: Cluster 307 sensitivity: L1=6, L2=6, L3=6, L4=6 | dissolution=None | core=6
2026-05-05 21:06:46 [INFO] riker.phases.phase4_robustness: Cluster 308 sensitivity: L1=11, L2=11, L3=11, L4=11 | dissolution=None | core=11
2026-05-05 21:06:46 [INFO] riker.phases.phase4_robustness: Cluster 309 sensitivity: L1=49, L2=31, L3=49, L4=49 | dissolution=None | core=31
2026-05-05 21:06:46 [INFO] riker.phases.phase4_robustness: Cluster 310 sensitivity: L1=15, L2=8, L3=15, L4=15 | dissolution=None | core=8
2026-05-05 21:06:46 [INFO] riker.phases.phase4_robustness: Cluster 311 sensitivity: L1=14, L2=8, L3=14, L4=14 | dissolution=None | core=8
2026-05-05 21:06:46 [INFO] riker.phases.phase4_robustness: Cluster 312 sensitivity: L1=17, L2=10, L3=17, L4=17 | dissolution=None | core=10
2026-05-05 21:06:46 [INFO] riker.phases.phase4_robustness: Cluster 313 sensitivity: L1=8, L2=4, L3=8, L4=8 | dissolution=None | core=4
2026-05-05 21:06:46 [INFO] riker.phases.phase4_robustness: Cluster 314 sensitivity: L1=10, L2=8, L3=10, L4=10 | dissolution=None | core=8
2026-05-05 21:06:46 [INFO] riker.phases.phase4_robustness: Cluster 315 sensitivity: L1=6, L2=6, L3=6, L4=6 | dissolution=None | core=6
2026-05-05 21:06:46 [INFO] riker.phases.phase4_robustness: Cluster 316 sensitivity: L1=9, L2=9, L3=9, L4=9 | dissolution=None | core=9
2026-05-05 21:06:46 [INFO] riker.phases.phase4_robustness: Cluster 317 sensitivity: L1=9, L2=9, L3=9, L4=9 | dissolution=None | core=9
2026-05-05 21:06:46 [INFO] riker.phases.phase4_robustness: Cluster 318 sensitivity: L1=6, L2=3, L3=6, L4=6 | dissolution=None | core=3
2026-05-05 21:06:46 [INFO] riker.phases.phase4_robustness: Cluster 319 sensitivity: L1=7, L2=3, L3=7, L4=7 | dissolution=None | core=3
2026-05-05 21:06:46 [INFO] riker.phases.phase4_robustness: Cluster 320 sensitivity: L1=12, L2=12, L3=12, L4=12 | dissolution=None | core=12
2026-05-05 21:06:46 [INFO] riker.phases.phase4_robustness: Cluster 321 sensitivity: L1=6, L2=3, L3=6, L4=6 | dissolution=None | core=3
2026-05-05 21:06:46 [INFO] riker.phases.phase4_robustness: Cluster 322 sensitivity: L1=26, L2=6, L3=26, L4=26 | dissolution=None | core=6
2026-05-05 21:06:46 [INFO] riker.phases.phase4_robustness: Cluster 323 sensitivity: L1=9, L2=9, L3=9, L4=9 | dissolution=None | core=9
2026-05-05 21:06:46 [INFO] riker.phases.phase4_robustness: Cluster 324 sensitivity: L1=5, L2=5, L3=5, L4=5 | dissolution=None | core=5
2026-05-05 21:06:46 [INFO] riker.phases.phase4_robustness: Cluster 325 sensitivity: L1=8, L2=8, L3=8, L4=8 | dissolution=None | core=8
2026-05-05 21:06:46 [INFO] riker.phases.phase4_robustness: Cluster 326 sensitivity: L1=6, L2=6, L3=6, L4=6 | dissolution=None | core=6
2026-05-05 21:06:46 [INFO] riker.phases.phase4_robustness: Cluster 327 sensitivity: L1=6, L2=6, L3=6, L4=6 | dissolution=None | core=6
2026-05-05 21:06:46 [INFO] riker.phases.phase4_robustness: Cluster 328 sensitivity: L1=5, L2=5, L3=5, L4=5 | dissolution=None | core=5
2026-05-05 21:06:46 [INFO] riker.phases.phase4_robustness: Cluster 329 sensitivity: L1=7, L2=7, L3=7, L4=7 | dissolution=None | core=7
2026-05-05 21:06:46 [INFO] riker.phases.phase4_robustness: Cluster 330 sensitivity: L1=8, L2=5, L3=8, L4=8 | dissolution=None | core=5
2026-05-05 21:06:46 [INFO] riker.phases.phase4_robustness: Cluster 331 sensitivity: L1=6, L2=6, L3=6, L4=6 | dissolution=None | core=6
2026-05-05 21:06:46 [INFO] riker.phases.phase4_robustness: Cluster 332 sensitivity: L1=6, L2=2, L3=6, L4=6 | dissolution=2 | core=2
2026-05-05 21:06:46 [INFO] riker.phases.phase4_robustness: Cluster 333 sensitivity: L1=13, L2=12, L3=13, L4=13 | dissolution=None | core=12
2026-05-05 21:06:46 [INFO] riker.phases.phase4_robustness: Cluster 334 sensitivity: L1=15, L2=14, L3=15, L4=15 | dissolution=None | core=14
2026-05-05 21:06:46 [INFO] riker.phases.phase4_robustness: Cluster 335 sensitivity: L1=5, L2=5, L3=5, L4=5 | dissolution=None | core=5
2026-05-05 21:06:46 [INFO] riker.phases.phase4_robustness: Cluster 336 sensitivity: L1=10, L2=9, L3=10, L4=10 | dissolution=None | core=9
2026-05-05 21:06:46 [INFO] riker.phases.phase4_robustness: Cluster 337 sensitivity: L1=6, L2=6, L3=6, L4=6 | dissolution=None | core=6
2026-05-05 21:06:46 [INFO] riker.phases.phase4_robustness: Cluster 338 sensitivity: L1=6, L2=6, L3=6, L4=6 | dissolution=None | core=6
2026-05-05 21:06:46 [INFO] riker.phases.phase4_robustness: Cluster 339 sensitivity: L1=13, L2=13, L3=13, L4=13 | dissolution=None | core=13
2026-05-05 21:06:46 [INFO] riker.phases.phase4_robustness: Cluster 340 sensitivity: L1=6, L2=5, L3=6, L4=6 | dissolution=None | core=5
2026-05-05 21:06:46 [INFO] riker.phases.phase4_robustness: Cluster 341 sensitivity: L1=9, L2=8, L3=9, L4=9 | dissolution=None | core=8
2026-05-05 21:06:46 [INFO] riker.phases.phase4_robustness: Cluster 342 sensitivity: L1=10, L2=8, L3=10, L4=10 | dissolution=None | core=8
2026-05-05 21:06:46 [INFO] riker.phases.phase4_robustness: Cluster 343 sensitivity: L1=9, L2=8, L3=9, L4=9 | dissolution=None | core=8
2026-05-05 21:06:46 [INFO] riker.phases.phase4_robustness: Cluster 344 sensitivity: L1=15, L2=15, L3=15, L4=15 | dissolution=None | core=15
2026-05-05 21:06:46 [INFO] riker.phases.phase4_robustness: Cluster 345 sensitivity: L1=7, L2=7, L3=7, L4=7 | dissolution=None | core=7
2026-05-05 21:06:46 [INFO] riker.phases.phase4_robustness: Cluster 346 sensitivity: L1=8, L2=7, L3=8, L4=8 | dissolution=None | core=7
2026-05-05 21:06:46 [INFO] riker.phases.phase4_robustness: Cluster 347 sensitivity: L1=9, L2=5, L3=9, L4=9 | dissolution=None | core=5
2026-05-05 21:06:46 [INFO] riker.phases.phase4_robustness: Cluster 348 sensitivity: L1=10, L2=10, L3=10, L4=10 | dissolution=None | core=10
2026-05-05 21:06:46 [INFO] riker.phases.phase4_robustness: Cluster 349 sensitivity: L1=6, L2=5, L3=6, L4=6 | dissolution=None | core=5
2026-05-05 21:06:46 [INFO] riker.phases.phase4_robustness: Cluster 350 sensitivity: L1=15, L2=15, L3=15, L4=15 | dissolution=None | core=15
2026-05-05 21:06:46 [INFO] riker.phases.phase4_robustness: Cluster 351 sensitivity: L1=13, L2=7, L3=13, L4=13 | dissolution=None | core=7
2026-05-05 21:06:46 [INFO] riker.phases.phase4_robustness: Cluster 352 sensitivity: L1=5, L2=0, L3=5, L4=3 | dissolution=2 | core=0
2026-05-05 21:06:46 [INFO] riker.phases.phase4_robustness: Cluster 353 sensitivity: L1=5, L2=3, L3=5, L4=5 | dissolution=None | core=3
2026-05-05 21:06:46 [INFO] riker.phases.phase4_robustness: Cluster 354 sensitivity: L1=8, L2=8, L3=8, L4=8 | dissolution=None | core=8
2026-05-05 21:06:46 [INFO] riker.phases.phase4_robustness: Cluster 355 sensitivity: L1=5, L2=5, L3=5, L4=5 | dissolution=None | core=5
2026-05-05 21:06:46 [INFO] riker.phases.phase4_robustness: Cluster 356 sensitivity: L1=5, L2=5, L3=5, L4=5 | dissolution=None | core=5
2026-05-05 21:06:46 [INFO] riker.phases.phase4_robustness: Cluster 357 sensitivity: L1=12, L2=11, L3=12, L4=12 | dissolution=None | core=11
2026-05-05 21:06:46 [INFO] riker.phases.phase4_robustness: Cluster 358 sensitivity: L1=20, L2=16, L3=20, L4=20 | dissolution=None | core=16
2026-05-05 21:06:46 [INFO] riker.phases.phase4_robustness: Cluster 359 sensitivity: L1=17, L2=10, L3=17, L4=17 | dissolution=None | core=10
2026-05-05 21:06:46 [INFO] riker.phases.phase4_robustness: Cluster 360 sensitivity: L1=5, L2=5, L3=5, L4=5 | dissolution=None | core=5
2026-05-05 21:06:46 [INFO] riker.phases.phase4_robustness: Cluster 361 sensitivity: L1=8, L2=8, L3=8, L4=8 | dissolution=None | core=8
2026-05-05 21:06:46 [INFO] riker.phases.phase4_robustness: Cluster 362 sensitivity: L1=11, L2=11, L3=11, L4=11 | dissolution=None | core=11
2026-05-05 21:06:46 [INFO] riker.phases.phase4_robustness: Cluster 363 sensitivity: L1=6, L2=6, L3=6, L4=6 | dissolution=None | core=6
2026-05-05 21:06:46 [INFO] riker.phases.phase4_robustness: Cluster 364 sensitivity: L1=6, L2=5, L3=6, L4=6 | dissolution=None | core=5
2026-05-05 21:06:46 [INFO] riker.phases.phase4_robustness: Cluster 365 sensitivity: L1=15, L2=11, L3=15, L4=15 | dissolution=None | core=11
2026-05-05 21:06:46 [INFO] riker.phases.phase4_robustness: Cluster 366 sensitivity: L1=15, L2=14, L3=15, L4=15 | dissolution=None | core=14
2026-05-05 21:06:46 [INFO] riker.phases.phase4_robustness: Cluster 367 sensitivity: L1=7, L2=4, L3=7, L4=7 | dissolution=None | core=4
2026-05-05 21:06:46 [INFO] riker.phases.phase4_robustness: Cluster 368 sensitivity: L1=5, L2=4, L3=5, L4=5 | dissolution=None | core=4
2026-05-05 21:06:46 [INFO] riker.phases.phase4_robustness: Cluster 369 sensitivity: L1=7, L2=7, L3=7, L4=7 | dissolution=None | core=7
2026-05-05 21:06:46 [INFO] riker.phases.phase4_robustness: Cluster 370 sensitivity: L1=7, L2=7, L3=7, L4=7 | dissolution=None | core=7
2026-05-05 21:06:46 [INFO] riker.phases.phase4_robustness: Cluster 371 sensitivity: L1=9, L2=7, L3=9, L4=9 | dissolution=None | core=7
2026-05-05 21:06:46 [INFO] riker.phases.phase4_robustness: Cluster 372 sensitivity: L1=5, L2=4, L3=5, L4=5 | dissolution=None | core=4
2026-05-05 21:06:46 [INFO] riker.phases.phase4_robustness: Cluster 373 sensitivity: L1=5, L2=4, L3=5, L4=5 | dissolution=None | core=4
2026-05-05 21:06:46 [INFO] riker.phases.phase4_robustness: Cluster 374 sensitivity: L1=8, L2=8, L3=8, L4=8 | dissolution=None | core=8
2026-05-05 21:06:46 [INFO] riker.phases.phase4_robustness: Cluster 375 sensitivity: L1=6, L2=6, L3=6, L4=6 | dissolution=None | core=6
2026-05-05 21:06:46 [INFO] riker.phases.phase4_robustness: Cluster 376 sensitivity: L1=5, L2=5, L3=5, L4=5 | dissolution=None | core=5
2026-05-05 21:06:46 [INFO] riker.phases.phase4_robustness: Cluster 377 sensitivity: L1=8, L2=8, L3=8, L4=8 | dissolution=None | core=8
2026-05-05 21:06:46 [INFO] riker.phases.phase4_robustness: Cluster 378 sensitivity: L1=7, L2=7, L3=7, L4=7 | dissolution=None | core=7
2026-05-05 21:06:46 [INFO] riker.phases.phase4_robustness: Cluster 379 sensitivity: L1=17, L2=17, L3=17, L4=17 | dissolution=None | core=17
2026-05-05 21:06:46 [INFO] riker.phases.phase4_robustness: Cluster 380 sensitivity: L1=5, L2=5, L3=5, L4=5 | dissolution=None | core=5
2026-05-05 21:06:46 [INFO] riker.phases.phase4_robustness: Cluster 381 sensitivity: L1=7, L2=7, L3=7, L4=7 | dissolution=None | core=7
2026-05-05 21:06:46 [INFO] riker.phases.phase4_robustness: Cluster 382 sensitivity: L1=8, L2=7, L3=8, L4=8 | dissolution=None | core=7
2026-05-05 21:06:46 [INFO] riker.phases.phase4_robustness: Cluster 383 sensitivity: L1=9, L2=8, L3=9, L4=9 | dissolution=None | core=8
2026-05-05 21:06:46 [INFO] riker.phases.phase4_robustness: Cluster 384 sensitivity: L1=11, L2=11, L3=11, L4=11 | dissolution=None | core=11
2026-05-05 21:06:46 [INFO] riker.phases.phase4_robustness: Cluster 385 sensitivity: L1=6, L2=6, L3=6, L4=6 | dissolution=None | core=6
2026-05-05 21:06:46 [INFO] riker.phases.phase4_robustness: Cluster 386 sensitivity: L1=8, L2=5, L3=8, L4=8 | dissolution=None | core=5
2026-05-05 21:06:46 [INFO] riker.phases.phase4_robustness: Cluster 387 sensitivity: L1=8, L2=5, L3=8, L4=8 | dissolution=None | core=5
2026-05-05 21:06:46 [INFO] riker.phases.phase4_robustness: Cluster 388 sensitivity: L1=17, L2=13, L3=17, L4=17 | dissolution=None | core=13
2026-05-05 21:06:46 [INFO] riker.phases.phase4_robustness: Cluster 389 sensitivity: L1=25, L2=25, L3=25, L4=25 | dissolution=None | core=25
2026-05-05 21:06:46 [INFO] riker.phases.phase4_robustness: Cluster 390 sensitivity: L1=5, L2=0, L3=5, L4=5 | dissolution=2 | core=0
2026-05-05 21:06:46 [INFO] riker.phases.phase4_robustness: Cluster 391 sensitivity: L1=5, L2=3, L3=5, L4=5 | dissolution=None | core=3
2026-05-05 21:06:46 [INFO] riker.phases.phase4_robustness: Cluster 392 sensitivity: L1=17, L2=8, L3=17, L4=17 | dissolution=None | core=8
2026-05-05 21:06:46 [INFO] riker.phases.phase4_robustness: Cluster 393 sensitivity: L1=7, L2=0, L3=0, L4=0 | dissolution=2 | core=0
2026-05-05 21:06:46 [INFO] riker.phases.phase4_robustness: Cluster 394 sensitivity: L1=13, L2=12, L3=13, L4=13 | dissolution=None | core=12
2026-05-05 21:06:46 [INFO] riker.phases.phase4_robustness: Cluster 395 sensitivity: L1=11, L2=6, L3=11, L4=11 | dissolution=None | core=6
2026-05-05 21:06:46 [INFO] riker.phases.phase4_robustness: Cluster 396 sensitivity: L1=5, L2=1, L3=5, L4=5 | dissolution=2 | core=1
2026-05-05 21:06:46 [INFO] riker.phases.phase4_robustness: Cluster 397 sensitivity: L1=5, L2=5, L3=5, L4=5 | dissolution=None | core=5
2026-05-05 21:06:46 [INFO] riker.phases.phase4_robustness: Cluster 398 sensitivity: L1=7, L2=7, L3=7, L4=7 | dissolution=None | core=7
2026-05-05 21:06:46 [INFO] riker.phases.phase4_robustness: Cluster 399 sensitivity: L1=8, L2=7, L3=8, L4=8 | dissolution=None | core=7
2026-05-05 21:06:46 [INFO] riker.phases.phase4_robustness: Cluster 400 sensitivity: L1=6, L2=6, L3=6, L4=6 | dissolution=None | core=6
2026-05-05 21:06:46 [INFO] riker.phases.phase4_robustness: Cluster 401 sensitivity: L1=8, L2=8, L3=8, L4=8 | dissolution=None | core=8
2026-05-05 21:06:46 [INFO] riker.phases.phase4_robustness: Cluster 402 sensitivity: L1=6, L2=3, L3=6, L4=6 | dissolution=None | core=3
2026-05-05 21:06:46 [INFO] riker.phases.phase4_robustness: Cluster 403 sensitivity: L1=10, L2=8, L3=10, L4=10 | dissolution=None | core=8
2026-05-05 21:06:46 [INFO] riker.phases.phase4_robustness: Cluster 404 sensitivity: L1=6, L2=3, L3=6, L4=6 | dissolution=None | core=3
2026-05-05 21:06:46 [INFO] riker.phases.phase4_robustness: Cluster 405 sensitivity: L1=8, L2=7, L3=8, L4=8 | dissolution=None | core=7
2026-05-05 21:06:46 [INFO] riker.phases.phase4_robustness: Cluster 406 sensitivity: L1=7, L2=5, L3=7, L4=7 | dissolution=None | core=5
2026-05-05 21:06:46 [INFO] riker.phases.phase4_robustness: Cluster 407 sensitivity: L1=14, L2=14, L3=14, L4=14 | dissolution=None | core=14
2026-05-05 21:06:46 [INFO] riker.phases.phase4_robustness: Cluster 408 sensitivity: L1=7, L2=7, L3=7, L4=7 | dissolution=None | core=7
2026-05-05 21:06:46 [INFO] riker.phases.phase4_robustness: Cluster 409 sensitivity: L1=5, L2=5, L3=5, L4=5 | dissolution=None | core=5
2026-05-05 21:06:46 [INFO] riker.phases.phase4_robustness: Cluster 410 sensitivity: L1=5, L2=5, L3=5, L4=5 | dissolution=None | core=5
2026-05-05 21:06:46 [INFO] riker.phases.phase4_robustness: Cluster 411 sensitivity: L1=5, L2=5, L3=5, L4=5 | dissolution=None | core=5
2026-05-05 21:06:46 [INFO] riker.phases.phase4_robustness: Cluster 412 sensitivity: L1=5, L2=5, L3=5, L4=5 | dissolution=None | core=5
2026-05-05 21:06:46 [INFO] riker.phases.phase4_robustness: Cluster 413 sensitivity: L1=9, L2=0, L3=9, L4=9 | dissolution=2 | core=0
2026-05-05 21:06:46 [INFO] riker.phases.phase4_robustness: Cluster 414 sensitivity: L1=15, L2=15, L3=15, L4=15 | dissolution=None | core=15
2026-05-05 21:06:46 [INFO] riker.phases.phase4_robustness: Cluster 415 sensitivity: L1=6, L2=6, L3=6, L4=6 | dissolution=None | core=6
2026-05-05 21:06:46 [INFO] riker.phases.phase4_robustness: Cluster 416 sensitivity: L1=6, L2=6, L3=6, L4=6 | dissolution=None | core=6
2026-05-05 21:06:46 [INFO] riker.phases.phase4_robustness: Cluster 417 sensitivity: L1=5, L2=5, L3=5, L4=5 | dissolution=None | core=5
2026-05-05 21:06:46 [INFO] riker.phases.phase4_robustness: Cluster 418 sensitivity: L1=14, L2=13, L3=14, L4=14 | dissolution=None | core=13
2026-05-05 21:06:46 [INFO] riker.phases.phase4_robustness: Cluster 419 sensitivity: L1=8, L2=3, L3=8, L4=8 | dissolution=None | core=3
2026-05-05 21:06:46 [INFO] riker.phases.phase4_robustness: Cluster 420 sensitivity: L1=12, L2=11, L3=12, L4=12 | dissolution=None | core=11
2026-05-05 21:06:46 [INFO] riker.phases.phase4_robustness: Cluster 421 sensitivity: L1=12, L2=12, L3=12, L4=12 | dissolution=None | core=12
2026-05-05 21:06:46 [INFO] riker.phases.phase4_robustness: Cluster 422 sensitivity: L1=5, L2=5, L3=5, L4=5 | dissolution=None | core=5
2026-05-05 21:06:46 [INFO] riker.phases.phase4_robustness: Cluster 423 sensitivity: L1=7, L2=6, L3=7, L4=7 | dissolution=None | core=6
2026-05-05 21:06:46 [INFO] riker.phases.phase4_robustness: Cluster 424 sensitivity: L1=15, L2=12, L3=15, L4=15 | dissolution=None | core=12
2026-05-05 21:06:46 [INFO] riker.phases.phase4_robustness: Cluster 425 sensitivity: L1=13, L2=10, L3=13, L4=13 | dissolution=None | core=10
2026-05-05 21:06:46 [INFO] riker.phases.phase4_robustness: Cluster 426 sensitivity: L1=5, L2=2, L3=5, L4=5 | dissolution=2 | core=2
2026-05-05 21:06:46 [INFO] riker.phases.phase4_robustness: Cluster 427 sensitivity: L1=12, L2=8, L3=12, L4=12 | dissolution=None | core=8
2026-05-05 21:06:46 [INFO] riker.phases.phase4_robustness: Cluster 428 sensitivity: L1=5, L2=3, L3=5, L4=5 | dissolution=None | core=3
2026-05-05 21:06:46 [INFO] riker.phases.phase4_robustness: Cluster 429 sensitivity: L1=6, L2=6, L3=6, L4=6 | dissolution=None | core=6
2026-05-05 21:06:46 [INFO] riker.phases.phase4_robustness: Cluster 430 sensitivity: L1=9, L2=9, L3=9, L4=9 | dissolution=None | core=9
2026-05-05 21:06:46 [INFO] riker.phases.phase4_robustness: Cluster 431 sensitivity: L1=25, L2=22, L3=25, L4=25 | dissolution=None | core=22
2026-05-05 21:06:46 [INFO] riker.phases.phase4_robustness: Cluster 432 sensitivity: L1=25, L2=25, L3=25, L4=25 | dissolution=None | core=25
2026-05-05 21:06:46 [INFO] riker.phases.phase4_robustness: Cluster 433 sensitivity: L1=14, L2=12, L3=14, L4=14 | dissolution=None | core=12
2026-05-05 21:06:46 [INFO] riker.phases.phase4_robustness: Cluster 434 sensitivity: L1=8, L2=0, L3=8, L4=8 | dissolution=2 | core=0
2026-05-05 21:06:46 [INFO] riker.phases.phase4_robustness: Cluster 435 sensitivity: L1=10, L2=10, L3=10, L4=10 | dissolution=None | core=10
2026-05-05 21:06:46 [INFO] riker.phases.phase4_robustness: Cluster 436 sensitivity: L1=7, L2=7, L3=7, L4=7 | dissolution=None | core=7
2026-05-05 21:06:46 [INFO] riker.phases.phase4_robustness: Cluster 437 sensitivity: L1=5, L2=5, L3=5, L4=5 | dissolution=None | core=5
2026-05-05 21:06:46 [INFO] riker.phases.phase4_robustness: Cluster 438 sensitivity: L1=23, L2=10, L3=23, L4=23 | dissolution=None | core=10
2026-05-05 21:06:46 [INFO] riker.phases.phase4_robustness: Cluster 439 sensitivity: L1=7, L2=0, L3=7, L4=0 | dissolution=2 | core=0
2026-05-05 21:06:46 [INFO] riker.phases.phase4_robustness: Cluster 440 sensitivity: L1=11, L2=0, L3=7, L4=0 | dissolution=2 | core=0
2026-05-05 21:06:46 [INFO] riker.phases.phase4_robustness: Cluster 441 sensitivity: L1=18, L2=0, L3=18, L4=3 | dissolution=2 | core=0
2026-05-05 21:06:46 [INFO] riker.phases.phase4_robustness: Cluster 442 sensitivity: L1=5, L2=0, L3=5, L4=4 | dissolution=2 | core=0
2026-05-05 21:06:46 [INFO] riker.phases.phase4_robustness: Cluster 443 sensitivity: L1=18, L2=16, L3=18, L4=18 | dissolution=None | core=16
2026-05-05 21:06:46 [INFO] riker.phases.phase4_robustness: Cluster 444 sensitivity: L1=10, L2=10, L3=10, L4=10 | dissolution=None | core=10
2026-05-05 21:06:46 [INFO] riker.phases.phase4_robustness: Cluster 445 sensitivity: L1=16, L2=10, L3=16, L4=16 | dissolution=None | core=10
2026-05-05 21:06:46 [INFO] riker.phases.phase4_robustness: Cluster 446 sensitivity: L1=6, L2=4, L3=6, L4=6 | dissolution=None | core=4
2026-05-05 21:06:46 [INFO] riker.phases.phase4_robustness: Cluster 447 sensitivity: L1=7, L2=6, L3=7, L4=7 | dissolution=None | core=6
2026-05-05 21:06:46 [INFO] riker.phases.phase4_robustness: Cluster 448 sensitivity: L1=12, L2=9, L3=12, L4=12 | dissolution=None | core=9
2026-05-05 21:06:46 [INFO] riker.phases.phase4_robustness: Cluster 449 sensitivity: L1=6, L2=4, L3=6, L4=6 | dissolution=None | core=4
2026-05-05 21:06:46 [INFO] riker.phases.phase4_robustness: Cluster 450 sensitivity: L1=9, L2=8, L3=9, L4=9 | dissolution=None | core=8
2026-05-05 21:06:46 [INFO] riker.phases.phase4_robustness: Cluster 451 sensitivity: L1=12, L2=7, L3=12, L4=12 | dissolution=None | core=7
2026-05-05 21:06:46 [INFO] riker.phases.phase4_robustness: Cluster 452 sensitivity: L1=13, L2=2, L3=13, L4=13 | dissolution=2 | core=2
2026-05-05 21:06:46 [INFO] riker.phases.phase4_robustness: Cluster 453 sensitivity: L1=7, L2=7, L3=7, L4=7 | dissolution=None | core=7
2026-05-05 21:06:46 [INFO] riker.phases.phase4_robustness: Cluster 454 sensitivity: L1=5, L2=4, L3=5, L4=5 | dissolution=None | core=4
2026-05-05 21:06:46 [INFO] riker.phases.phase4_robustness: Cluster 455 sensitivity: L1=17, L2=2, L3=17, L4=17 | dissolution=2 | core=2
2026-05-05 21:06:46 [INFO] riker.phases.phase4_robustness: Cluster 456 sensitivity: L1=32, L2=31, L3=32, L4=32 | dissolution=None | core=31
2026-05-05 21:06:46 [INFO] riker.phases.phase4_robustness: Cluster 457 sensitivity: L1=12, L2=11, L3=12, L4=12 | dissolution=None | core=11
2026-05-05 21:06:46 [INFO] riker.phases.phase4_robustness: Cluster 458 sensitivity: L1=14, L2=14, L3=14, L4=14 | dissolution=None | core=14
2026-05-05 21:06:46 [INFO] riker.phases.phase4_robustness: Cluster 459 sensitivity: L1=10, L2=10, L3=10, L4=10 | dissolution=None | core=10
2026-05-05 21:06:46 [INFO] riker.phases.phase4_robustness: Cluster 460 sensitivity: L1=9, L2=8, L3=9, L4=9 | dissolution=None | core=8
2026-05-05 21:06:46 [INFO] riker.phases.phase4_robustness: Cluster 461 sensitivity: L1=20, L2=15, L3=20, L4=20 | dissolution=None | core=15
2026-05-05 21:06:46 [INFO] riker.phases.phase4_robustness: Cluster 462 sensitivity: L1=11, L2=11, L3=11, L4=11 | dissolution=None | core=11
2026-05-05 21:06:46 [INFO] riker.phases.phase4_robustness: Cluster 463 sensitivity: L1=19, L2=15, L3=19, L4=19 | dissolution=None | core=15
2026-05-05 21:06:46 [INFO] riker.phases.phase4_robustness: Cluster 464 sensitivity: L1=14, L2=1, L3=14, L4=14 | dissolution=2 | core=1
2026-05-05 21:06:46 [INFO] riker.phases.phase4_robustness: Cluster 465 sensitivity: L1=8, L2=0, L3=8, L4=8 | dissolution=2 | core=0
2026-05-05 21:06:46 [INFO] riker.phases.phase4_robustness: Cluster 466 sensitivity: L1=8, L2=3, L3=8, L4=8 | dissolution=None | core=3
2026-05-05 21:06:46 [INFO] riker.phases.phase4_robustness: Cluster 467 sensitivity: L1=6, L2=3, L3=6, L4=6 | dissolution=None | core=3
2026-05-05 21:06:46 [INFO] riker.phases.phase4_robustness: Cluster 468 sensitivity: L1=8, L2=8, L3=8, L4=8 | dissolution=None | core=8
2026-05-05 21:06:46 [INFO] riker.phases.phase4_robustness: Cluster 469 sensitivity: L1=13, L2=8, L3=13, L4=13 | dissolution=None | core=8
2026-05-05 21:06:46 [INFO] riker.phases.phase4_robustness: Cluster 470 sensitivity: L1=14, L2=0, L3=7, L4=0 | dissolution=2 | core=0
2026-05-05 21:06:46 [INFO] riker.phases.phase4_robustness: Cluster 471 sensitivity: L1=5, L2=3, L3=5, L4=5 | dissolution=None | core=3
2026-05-05 21:06:46 [INFO] riker.phases.phase4_robustness: Cluster 472 sensitivity: L1=7, L2=5, L3=7, L4=7 | dissolution=None | core=5
2026-05-05 21:06:46 [INFO] riker.phases.phase4_robustness: Cluster 473 sensitivity: L1=6, L2=4, L3=6, L4=6 | dissolution=None | core=4
2026-05-05 21:06:46 [INFO] riker.phases.phase4_robustness: Cluster 474 sensitivity: L1=6, L2=6, L3=6, L4=6 | dissolution=None | core=6
2026-05-05 21:06:46 [INFO] riker.phases.phase4_robustness: Cluster 475 sensitivity: L1=16, L2=8, L3=16, L4=16 | dissolution=None | core=8
2026-05-05 21:06:46 [INFO] riker.phases.phase4_robustness: Cluster 476 sensitivity: L1=9, L2=5, L3=9, L4=9 | dissolution=None | core=5
2026-05-05 21:06:46 [INFO] riker.phases.phase4_robustness: Cluster 477 sensitivity: L1=14, L2=0, L3=14, L4=0 | dissolution=2 | core=0
2026-05-05 21:06:46 [INFO] riker.phases.phase4_robustness: Cluster 478 sensitivity: L1=9, L2=0, L3=9, L4=3 | dissolution=2 | core=0
2026-05-05 21:06:46 [INFO] riker.phases.phase4_robustness: Cluster 479 sensitivity: L1=11, L2=9, L3=11, L4=11 | dissolution=None | core=9
2026-05-05 21:06:46 [INFO] riker.phases.phase4_robustness: Cluster 480 sensitivity: L1=24, L2=22, L3=24, L4=24 | dissolution=None | core=22
2026-05-05 21:06:46 [INFO] riker.phases.phase4_robustness: Cluster 0 LOO: min_retention=0.00 (FRAGILE)
2026-05-05 21:06:46 [INFO] riker.phases.phase4_robustness: Cluster 1 LOO: min_retention=1.00 (STABLE)
2026-05-05 21:06:46 [INFO] riker.phases.phase4_robustness: Cluster 2 LOO: min_retention=1.00 (STABLE)
2026-05-05 21:06:46 [INFO] riker.phases.phase4_robustness: Cluster 3 LOO: min_retention=1.00 (STABLE)
2026-05-05 21:06:46 [INFO] riker.phases.phase4_robustness: Cluster 4 LOO: min_retention=1.00 (STABLE)
2026-05-05 21:06:46 [INFO] riker.phases.phase4_robustness: Cluster 5 LOO: min_retention=0.00 (FRAGILE)
2026-05-05 21:06:46 [INFO] riker.phases.phase4_robustness: Cluster 6 LOO: min_retention=0.00 (FRAGILE)
2026-05-05 21:06:46 [INFO] riker.phases.phase4_robustness: Cluster 7 LOO: min_retention=0.20 (FRAGILE)
2026-05-05 21:06:46 [INFO] riker.phases.phase4_robustness: Cluster 8 LOO: min_retention=1.00 (STABLE)
2026-05-05 21:06:46 [INFO] riker.phases.phase4_robustness: Cluster 9 LOO: min_retention=1.00 (STABLE)
2026-05-05 21:06:46 [INFO] riker.phases.phase4_robustness: Cluster 10 LOO: min_retention=1.00 (STABLE)
2026-05-05 21:06:46 [INFO] riker.phases.phase4_robustness: Cluster 11 LOO: min_retention=1.00 (STABLE)
2026-05-05 21:06:46 [INFO] riker.phases.phase4_robustness: Cluster 12 LOO: min_retention=1.00 (STABLE)
2026-05-05 21:06:46 [INFO] riker.phases.phase4_robustness: Cluster 13 LOO: min_retention=1.00 (STABLE)
2026-05-05 21:06:46 [INFO] riker.phases.phase4_robustness: Cluster 14 LOO: min_retention=0.00 (FRAGILE)
2026-05-05 21:06:46 [INFO] riker.phases.phase4_robustness: Cluster 15 LOO: min_retention=0.00 (FRAGILE)
2026-05-05 21:06:46 [INFO] riker.phases.phase4_robustness: Cluster 16 LOO: min_retention=0.00 (FRAGILE)
2026-05-05 21:06:46 [INFO] riker.phases.phase4_robustness: Cluster 17 LOO: min_retention=0.08 (FRAGILE)
2026-05-05 21:06:46 [INFO] riker.phases.phase4_robustness: Cluster 18 LOO: min_retention=0.00 (FRAGILE)
2026-05-05 21:06:46 [INFO] riker.phases.phase4_robustness: Cluster 19 LOO: min_retention=0.00 (FRAGILE)
2026-05-05 21:06:46 [INFO] riker.phases.phase4_robustness: Cluster 20 LOO: min_retention=0.00 (FRAGILE)
2026-05-05 21:06:46 [INFO] riker.phases.phase4_robustness: Cluster 21 LOO: min_retention=0.04 (FRAGILE)
2026-05-05 21:06:46 [INFO] riker.phases.phase4_robustness: Cluster 22 LOO: min_retention=0.00 (FRAGILE)
2026-05-05 21:06:46 [INFO] riker.phases.phase4_robustness: Cluster 23 LOO: min_retention=0.00 (FRAGILE)
2026-05-05 21:06:46 [INFO] riker.phases.phase4_robustness: Cluster 24 LOO: min_retention=0.00 (FRAGILE)
2026-05-05 21:06:46 [INFO] riker.phases.phase4_robustness: Cluster 25 LOO: min_retention=0.00 (FRAGILE)
2026-05-05 21:06:46 [INFO] riker.phases.phase4_robustness: Cluster 26 LOO: min_retention=0.00 (FRAGILE)
2026-05-05 21:06:46 [INFO] riker.phases.phase4_robustness: Cluster 27 LOO: min_retention=0.33 (FRAGILE)
2026-05-05 21:06:46 [INFO] riker.phases.phase4_robustness: Cluster 28 LOO: min_retention=0.00 (FRAGILE)
2026-05-05 21:06:46 [INFO] riker.phases.phase4_robustness: Cluster 29 LOO: min_retention=1.00 (STABLE)
2026-05-05 21:06:46 [INFO] riker.phases.phase4_robustness: Cluster 30 LOO: min_retention=1.00 (STABLE)
2026-05-05 21:06:46 [INFO] riker.phases.phase4_robustness: Cluster 31 LOO: min_retention=0.00 (FRAGILE)
2026-05-05 21:06:46 [INFO] riker.phases.phase4_robustness: Cluster 32 LOO: min_retention=0.11 (FRAGILE)
2026-05-05 21:06:46 [INFO] riker.phases.phase4_robustness: Cluster 33 LOO: min_retention=0.06 (FRAGILE)
2026-05-05 21:06:46 [INFO] riker.phases.phase4_robustness: Cluster 34 LOO: min_retention=0.00 (FRAGILE)
2026-05-05 21:06:46 [INFO] riker.phases.phase4_robustness: Cluster 35 LOO: min_retention=0.00 (FRAGILE)
2026-05-05 21:06:46 [INFO] riker.phases.phase4_robustness: Cluster 36 LOO: min_retention=0.00 (FRAGILE)
2026-05-05 21:06:46 [INFO] riker.phases.phase4_robustness: Cluster 37 LOO: min_retention=0.00 (FRAGILE)
2026-05-05 21:06:46 [INFO] riker.phases.phase4_robustness: Cluster 38 LOO: min_retention=1.00 (STABLE)
2026-05-05 21:06:46 [INFO] riker.phases.phase4_robustness: Cluster 39 LOO: min_retention=0.00 (FRAGILE)
2026-05-05 21:06:46 [INFO] riker.phases.phase4_robustness: Cluster 40 LOO: min_retention=0.00 (FRAGILE)
2026-05-05 21:06:46 [INFO] riker.phases.phase4_robustness: Cluster 41 LOO: min_retention=0.03 (FRAGILE)
2026-05-05 21:06:46 [INFO] riker.phases.phase4_robustness: Cluster 42 LOO: min_retention=0.00 (FRAGILE)
2026-05-05 21:06:46 [INFO] riker.phases.phase4_robustness: Cluster 43 LOO: min_retention=0.06 (FRAGILE)
2026-05-05 21:06:46 [INFO] riker.phases.phase4_robustness: Cluster 44 LOO: min_retention=0.00 (FRAGILE)
2026-05-05 21:06:46 [INFO] riker.phases.phase4_robustness: Cluster 45 LOO: min_retention=0.00 (FRAGILE)
2026-05-05 21:06:46 [INFO] riker.phases.phase4_robustness: Cluster 46 LOO: min_retention=1.00 (STABLE)
2026-05-05 21:06:46 [INFO] riker.phases.phase4_robustness: Cluster 47 LOO: min_retention=1.00 (STABLE)
2026-05-05 21:06:46 [INFO] riker.phases.phase4_robustness: Cluster 48 LOO: min_retention=0.00 (FRAGILE)
2026-05-05 21:06:46 [INFO] riker.phases.phase4_robustness: Cluster 49 LOO: min_retention=0.00 (FRAGILE)
2026-05-05 21:06:46 [INFO] riker.phases.phase4_robustness: Cluster 50 LOO: min_retention=0.00 (FRAGILE)
2026-05-05 21:06:46 [INFO] riker.phases.phase4_robustness: Cluster 51 LOO: min_retention=0.08 (FRAGILE)
2026-05-05 21:06:46 [INFO] riker.phases.phase4_robustness: Cluster 52 LOO: min_retention=0.00 (FRAGILE)
2026-05-05 21:06:46 [INFO] riker.phases.phase4_robustness: Cluster 53 LOO: min_retention=0.00 (FRAGILE)
2026-05-05 21:06:46 [INFO] riker.phases.phase4_robustness: Cluster 54 LOO: min_retention=0.00 (FRAGILE)
2026-05-05 21:06:46 [INFO] riker.phases.phase4_robustness: Cluster 55 LOO: min_retention=0.00 (FRAGILE)
2026-05-05 21:06:46 [INFO] riker.phases.phase4_robustness: Cluster 56 LOO: min_retention=0.00 (FRAGILE)
2026-05-05 21:06:46 [INFO] riker.phases.phase4_robustness: Cluster 57 LOO: min_retention=0.10 (FRAGILE)
2026-05-05 21:06:46 [INFO] riker.phases.phase4_robustness: Cluster 58 LOO: min_retention=1.00 (STABLE)
2026-05-05 21:06:46 [INFO] riker.phases.phase4_robustness: Cluster 59 LOO: min_retention=1.00 (STABLE)
2026-05-05 21:06:46 [INFO] riker.phases.phase4_robustness: Cluster 60 LOO: min_retention=0.00 (FRAGILE)
2026-05-05 21:06:46 [INFO] riker.phases.phase4_robustness: Cluster 61 LOO: min_retention=0.00 (FRAGILE)
2026-05-05 21:06:46 [INFO] riker.phases.phase4_robustness: Cluster 62 LOO: min_retention=0.00 (FRAGILE)
2026-05-05 21:06:46 [INFO] riker.phases.phase4_robustness: Cluster 63 LOO: min_retention=0.00 (FRAGILE)
2026-05-05 21:06:46 [INFO] riker.phases.phase4_robustness: Cluster 64 LOO: min_retention=1.00 (STABLE)
2026-05-05 21:06:46 [INFO] riker.phases.phase4_robustness: Cluster 65 LOO: min_retention=0.00 (FRAGILE)
2026-05-05 21:06:46 [INFO] riker.phases.phase4_robustness: Cluster 66 LOO: min_retention=0.00 (FRAGILE)
2026-05-05 21:06:46 [INFO] riker.phases.phase4_robustness: Cluster 67 LOO: min_retention=0.06 (FRAGILE)
2026-05-05 21:06:46 [INFO] riker.phases.phase4_robustness: Cluster 68 LOO: min_retention=0.00 (FRAGILE)
2026-05-05 21:06:46 [INFO] riker.phases.phase4_robustness: Cluster 69 LOO: min_retention=0.00 (FRAGILE)
2026-05-05 21:06:46 [INFO] riker.phases.phase4_robustness: Cluster 70 LOO: min_retention=0.00 (FRAGILE)
2026-05-05 21:06:46 [INFO] riker.phases.phase4_robustness: Cluster 71 LOO: min_retention=0.09 (FRAGILE)
2026-05-05 21:06:46 [INFO] riker.phases.phase4_robustness: Cluster 72 LOO: min_retention=1.00 (STABLE)
2026-05-05 21:06:46 [INFO] riker.phases.phase4_robustness: Cluster 73 LOO: min_retention=1.00 (STABLE)
2026-05-05 21:06:46 [INFO] riker.phases.phase4_robustness: Cluster 74 LOO: min_retention=0.00 (FRAGILE)
2026-05-05 21:06:46 [INFO] riker.phases.phase4_robustness: Cluster 75 LOO: min_retention=0.00 (FRAGILE)
2026-05-05 21:06:46 [INFO] riker.phases.phase4_robustness: Cluster 76 LOO: min_retention=0.00 (FRAGILE)
2026-05-05 21:06:46 [INFO] riker.phases.phase4_robustness: Cluster 77 LOO: min_retention=0.00 (FRAGILE)
2026-05-05 21:06:46 [INFO] riker.phases.phase4_robustness: Cluster 78 LOO: min_retention=0.00 (FRAGILE)
2026-05-05 21:06:46 [INFO] riker.phases.phase4_robustness: Cluster 79 LOO: min_retention=0.00 (FRAGILE)
2026-05-05 21:06:46 [INFO] riker.phases.phase4_robustness: Cluster 80 LOO: min_retention=0.05 (FRAGILE)
2026-05-05 21:06:46 [INFO] riker.phases.phase4_robustness: Cluster 81 LOO: min_retention=0.00 (FRAGILE)
2026-05-05 21:06:46 [INFO] riker.phases.phase4_robustness: Cluster 82 LOO: min_retention=0.00 (FRAGILE)
2026-05-05 21:06:46 [INFO] riker.phases.phase4_robustness: Cluster 83 LOO: min_retention=0.00 (FRAGILE)
2026-05-05 21:06:46 [INFO] riker.phases.phase4_robustness: Cluster 84 LOO: min_retention=0.00 (FRAGILE)
2026-05-05 21:06:46 [INFO] riker.phases.phase4_robustness: Cluster 85 LOO: min_retention=0.00 (FRAGILE)
2026-05-05 21:06:46 [INFO] riker.phases.phase4_robustness: Cluster 86 LOO: min_retention=0.00 (FRAGILE)
2026-05-05 21:06:46 [INFO] riker.phases.phase4_robustness: Cluster 87 LOO: min_retention=0.00 (FRAGILE)
2026-05-05 21:06:46 [INFO] riker.phases.phase4_robustness: Cluster 88 LOO: min_retention=0.00 (FRAGILE)
2026-05-05 21:06:46 [INFO] riker.phases.phase4_robustness: Cluster 89 LOO: min_retention=0.00 (FRAGILE)
2026-05-05 21:06:46 [INFO] riker.phases.phase4_robustness: Cluster 90 LOO: min_retention=0.00 (FRAGILE)
2026-05-05 21:06:46 [INFO] riker.phases.phase4_robustness: Cluster 91 LOO: min_retention=0.00 (FRAGILE)
2026-05-05 21:06:46 [INFO] riker.phases.phase4_robustness: Cluster 92 LOO: min_retention=0.00 (FRAGILE)
2026-05-05 21:06:46 [INFO] riker.phases.phase4_robustness: Cluster 93 LOO: min_retention=0.00 (FRAGILE)
2026-05-05 21:06:46 [INFO] riker.phases.phase4_robustness: Cluster 94 LOO: min_retention=0.00 (FRAGILE)
2026-05-05 21:06:46 [INFO] riker.phases.phase4_robustness: Cluster 95 LOO: min_retention=0.00 (FRAGILE)
2026-05-05 21:06:46 [INFO] riker.phases.phase4_robustness: Cluster 96 LOO: min_retention=0.00 (FRAGILE)
2026-05-05 21:06:46 [INFO] riker.phases.phase4_robustness: Cluster 97 LOO: min_retention=0.00 (FRAGILE)
2026-05-05 21:06:46 [INFO] riker.phases.phase4_robustness: Cluster 98 LOO: min_retention=0.00 (FRAGILE)
2026-05-05 21:06:46 [INFO] riker.phases.phase4_robustness: Cluster 99 LOO: min_retention=0.00 (FRAGILE)
2026-05-05 21:06:46 [INFO] riker.phases.phase4_robustness: Cluster 100 LOO: min_retention=0.00 (FRAGILE)
2026-05-05 21:06:46 [INFO] riker.phases.phase4_robustness: Cluster 101 LOO: min_retention=0.15 (FRAGILE)
2026-05-05 21:06:46 [INFO] riker.phases.phase4_robustness: Cluster 102 LOO: min_retention=0.00 (FRAGILE)
2026-05-05 21:06:46 [INFO] riker.phases.phase4_robustness: Cluster 103 LOO: min_retention=0.00 (FRAGILE)
2026-05-05 21:06:46 [INFO] riker.phases.phase4_robustness: Cluster 104 LOO: min_retention=0.25 (FRAGILE)
2026-05-05 21:06:46 [INFO] riker.phases.phase4_robustness: Cluster 105 LOO: min_retention=0.00 (FRAGILE)
2026-05-05 21:06:46 [INFO] riker.phases.phase4_robustness: Cluster 106 LOO: min_retention=0.11 (FRAGILE)
2026-05-05 21:06:46 [INFO] riker.phases.phase4_robustness: Cluster 107 LOO: min_retention=0.00 (FRAGILE)
2026-05-05 21:06:46 [INFO] riker.phases.phase4_robustness: Cluster 108 LOO: min_retention=0.00 (FRAGILE)
2026-05-05 21:06:46 [INFO] riker.phases.phase4_robustness: Cluster 109 LOO: min_retention=0.00 (FRAGILE)
2026-05-05 21:06:46 [INFO] riker.phases.phase4_robustness: Cluster 110 LOO: min_retention=0.00 (FRAGILE)
2026-05-05 21:06:46 [INFO] riker.phases.phase4_robustness: Cluster 111 LOO: min_retention=0.00 (FRAGILE)
2026-05-05 21:06:46 [INFO] riker.phases.phase4_robustness: Cluster 112 LOO: min_retention=0.00 (FRAGILE)
2026-05-05 21:06:46 [INFO] riker.phases.phase4_robustness: Cluster 113 LOO: min_retention=0.00 (FRAGILE)
2026-05-05 21:06:46 [INFO] riker.phases.phase4_robustness: Cluster 114 LOO: min_retention=0.09 (FRAGILE)
2026-05-05 21:06:46 [INFO] riker.phases.phase4_robustness: Cluster 115 LOO: min_retention=0.12 (FRAGILE)
2026-05-05 21:06:46 [INFO] riker.phases.phase4_robustness: Cluster 116 LOO: min_retention=1.00 (STABLE)
2026-05-05 21:06:46 [INFO] riker.phases.phase4_robustness: Cluster 117 LOO: min_retention=1.00 (STABLE)
2026-05-05 21:06:46 [INFO] riker.phases.phase4_robustness: Cluster 118 LOO: min_retention=1.00 (STABLE)
2026-05-05 21:06:46 [INFO] riker.phases.phase4_robustness: Cluster 119 LOO: min_retention=0.00 (FRAGILE)
2026-05-05 21:06:46 [INFO] riker.phases.phase4_robustness: Cluster 120 LOO: min_retention=0.00 (FRAGILE)
2026-05-05 21:06:46 [INFO] riker.phases.phase4_robustness: Cluster 121 LOO: min_retention=0.00 (FRAGILE)
2026-05-05 21:06:46 [INFO] riker.phases.phase4_robustness: Cluster 122 LOO: min_retention=0.00 (FRAGILE)
2026-05-05 21:06:46 [INFO] riker.phases.phase4_robustness: Cluster 123 LOO: min_retention=0.00 (FRAGILE)
2026-05-05 21:06:46 [INFO] riker.phases.phase4_robustness: Cluster 124 LOO: min_retention=0.04 (FRAGILE)
2026-05-05 21:06:46 [INFO] riker.phases.phase4_robustness: Cluster 125 LOO: min_retention=1.00 (STABLE)
2026-05-05 21:06:46 [INFO] riker.phases.phase4_robustness: Cluster 126 LOO: min_retention=0.00 (FRAGILE)
2026-05-05 21:06:46 [INFO] riker.phases.phase4_robustness: Cluster 127 LOO: min_retention=0.09 (FRAGILE)
2026-05-05 21:06:46 [INFO] riker.phases.phase4_robustness: Cluster 128 LOO: min_retention=0.00 (FRAGILE)
2026-05-05 21:06:46 [INFO] riker.phases.phase4_robustness: Cluster 129 LOO: min_retention=0.00 (FRAGILE)
2026-05-05 21:06:46 [INFO] riker.phases.phase4_robustness: Cluster 130 LOO: min_retention=0.00 (FRAGILE)
2026-05-05 21:06:46 [INFO] riker.phases.phase4_robustness: Cluster 131 LOO: min_retention=0.00 (FRAGILE)
2026-05-05 21:06:46 [INFO] riker.phases.phase4_robustness: Cluster 132 LOO: min_retention=0.00 (FRAGILE)
2026-05-05 21:06:46 [INFO] riker.phases.phase4_robustness: Cluster 133 LOO: min_retention=1.00 (STABLE)
2026-05-05 21:06:46 [INFO] riker.phases.phase4_robustness: Cluster 134 LOO: min_retention=1.00 (STABLE)
2026-05-05 21:06:46 [INFO] riker.phases.phase4_robustness: Cluster 135 LOO: min_retention=0.00 (FRAGILE)
2026-05-05 21:06:46 [INFO] riker.phases.phase4_robustness: Cluster 136 LOO: min_retention=0.14 (FRAGILE)
2026-05-05 21:06:46 [INFO] riker.phases.phase4_robustness: Cluster 137 LOO: min_retention=0.00 (FRAGILE)
2026-05-05 21:06:46 [INFO] riker.phases.phase4_robustness: Cluster 138 LOO: min_retention=0.07 (FRAGILE)
2026-05-05 21:06:46 [INFO] riker.phases.phase4_robustness: Cluster 139 LOO: min_retention=0.17 (FRAGILE)
2026-05-05 21:06:46 [INFO] riker.phases.phase4_robustness: Cluster 140 LOO: min_retention=0.00 (FRAGILE)
2026-05-05 21:06:46 [INFO] riker.phases.phase4_robustness: Cluster 141 LOO: min_retention=0.00 (FRAGILE)
2026-05-05 21:06:46 [INFO] riker.phases.phase4_robustness: Cluster 142 LOO: min_retention=0.00 (FRAGILE)
2026-05-05 21:06:46 [INFO] riker.phases.phase4_robustness: Cluster 143 LOO: min_retention=0.00 (FRAGILE)
2026-05-05 21:06:46 [INFO] riker.phases.phase4_robustness: Cluster 144 LOO: min_retention=0.00 (FRAGILE)
2026-05-05 21:06:46 [INFO] riker.phases.phase4_robustness: Cluster 145 LOO: min_retention=0.00 (FRAGILE)
2026-05-05 21:06:46 [INFO] riker.phases.phase4_robustness: Cluster 146 LOO: min_retention=0.00 (FRAGILE)
2026-05-05 21:06:46 [INFO] riker.phases.phase4_robustness: Cluster 147 LOO: min_retention=0.00 (FRAGILE)
2026-05-05 21:06:46 [INFO] riker.phases.phase4_robustness: Cluster 148 LOO: min_retention=1.00 (STABLE)
2026-05-05 21:06:46 [INFO] riker.phases.phase4_robustness: Cluster 149 LOO: min_retention=1.00 (STABLE)
2026-05-05 21:06:46 [INFO] riker.phases.phase4_robustness: Cluster 150 LOO: min_retention=0.00 (FRAGILE)
2026-05-05 21:06:46 [INFO] riker.phases.phase4_robustness: Cluster 151 LOO: min_retention=0.00 (FRAGILE)
2026-05-05 21:06:46 [INFO] riker.phases.phase4_robustness: Cluster 152 LOO: min_retention=0.00 (FRAGILE)
2026-05-05 21:06:46 [INFO] riker.phases.phase4_robustness: Cluster 153 LOO: min_retention=1.00 (STABLE)
2026-05-05 21:06:46 [INFO] riker.phases.phase4_robustness: Cluster 154 LOO: min_retention=1.00 (STABLE)
2026-05-05 21:06:46 [INFO] riker.phases.phase4_robustness: Cluster 155 LOO: min_retention=0.05 (FRAGILE)
2026-05-05 21:06:46 [INFO] riker.phases.phase4_robustness: Cluster 156 LOO: min_retention=1.00 (STABLE)
2026-05-05 21:06:46 [INFO] riker.phases.phase4_robustness: Cluster 157 LOO: min_retention=0.00 (FRAGILE)
2026-05-05 21:06:46 [INFO] riker.phases.phase4_robustness: Cluster 158 LOO: min_retention=0.00 (FRAGILE)
2026-05-05 21:06:46 [INFO] riker.phases.phase4_robustness: Cluster 159 LOO: min_retention=0.00 (FRAGILE)
2026-05-05 21:06:46 [INFO] riker.phases.phase4_robustness: Cluster 160 LOO: min_retention=0.00 (FRAGILE)
2026-05-05 21:06:46 [INFO] riker.phases.phase4_robustness: Cluster 161 LOO: min_retention=0.20 (FRAGILE)
2026-05-05 21:06:46 [INFO] riker.phases.phase4_robustness: Cluster 162 LOO: min_retention=0.00 (FRAGILE)
2026-05-05 21:06:46 [INFO] riker.phases.phase4_robustness: Cluster 163 LOO: min_retention=0.00 (FRAGILE)
2026-05-05 21:06:46 [INFO] riker.phases.phase4_robustness: Cluster 164 LOO: min_retention=0.17 (FRAGILE)
2026-05-05 21:06:46 [INFO] riker.phases.phase4_robustness: Cluster 165 LOO: min_retention=0.00 (FRAGILE)
2026-05-05 21:06:46 [INFO] riker.phases.phase4_robustness: Cluster 166 LOO: min_retention=0.00 (FRAGILE)
2026-05-05 21:06:46 [INFO] riker.phases.phase4_robustness: Cluster 167 LOO: min_retention=0.00 (FRAGILE)
2026-05-05 21:06:46 [INFO] riker.phases.phase4_robustness: Cluster 168 LOO: min_retention=0.00 (FRAGILE)
2026-05-05 21:06:46 [INFO] riker.phases.phase4_robustness: Cluster 169 LOO: min_retention=0.00 (FRAGILE)
2026-05-05 21:06:46 [INFO] riker.phases.phase4_robustness: Cluster 170 LOO: min_retention=0.00 (FRAGILE)
2026-05-05 21:06:46 [INFO] riker.phases.phase4_robustness: Cluster 171 LOO: min_retention=0.00 (FRAGILE)
2026-05-05 21:06:46 [INFO] riker.phases.phase4_robustness: Cluster 172 LOO: min_retention=0.00 (FRAGILE)
2026-05-05 21:06:46 [INFO] riker.phases.phase4_robustness: Cluster 173 LOO: min_retention=0.02 (FRAGILE)
2026-05-05 21:06:46 [INFO] riker.phases.phase4_robustness: Cluster 174 LOO: min_retention=0.00 (FRAGILE)
2026-05-05 21:06:46 [INFO] riker.phases.phase4_robustness: Cluster 175 LOO: min_retention=0.00 (FRAGILE)
2026-05-05 21:06:46 [INFO] riker.phases.phase4_robustness: Cluster 176 LOO: min_retention=1.00 (STABLE)
2026-05-05 21:06:46 [INFO] riker.phases.phase4_robustness: Cluster 177 LOO: min_retention=1.00 (STABLE)
2026-05-05 21:06:46 [INFO] riker.phases.phase4_robustness: Cluster 178 LOO: min_retention=1.00 (STABLE)
2026-05-05 21:06:46 [INFO] riker.phases.phase4_robustness: Cluster 179 LOO: min_retention=0.00 (FRAGILE)
2026-05-05 21:06:46 [INFO] riker.phases.phase4_robustness: Cluster 180 LOO: min_retention=0.00 (FRAGILE)
2026-05-05 21:06:46 [INFO] riker.phases.phase4_robustness: Cluster 181 LOO: min_retention=0.00 (FRAGILE)
2026-05-05 21:06:46 [INFO] riker.phases.phase4_robustness: Cluster 182 LOO: min_retention=0.00 (FRAGILE)
2026-05-05 21:06:46 [INFO] riker.phases.phase4_robustness: Cluster 183 LOO: min_retention=0.00 (FRAGILE)
2026-05-05 21:06:46 [INFO] riker.phases.phase4_robustness: Cluster 184 LOO: min_retention=0.00 (FRAGILE)
2026-05-05 21:06:46 [INFO] riker.phases.phase4_robustness: Cluster 185 LOO: min_retention=0.14 (FRAGILE)
2026-05-05 21:06:46 [INFO] riker.phases.phase4_robustness: Cluster 186 LOO: min_retention=0.00 (FRAGILE)
2026-05-05 21:06:46 [INFO] riker.phases.phase4_robustness: Cluster 187 LOO: min_retention=0.00 (FRAGILE)
2026-05-05 21:06:46 [INFO] riker.phases.phase4_robustness: Cluster 188 LOO: min_retention=0.00 (FRAGILE)
2026-05-05 21:06:46 [INFO] riker.phases.phase4_robustness: Cluster 189 LOO: min_retention=0.00 (FRAGILE)
2026-05-05 21:06:46 [INFO] riker.phases.phase4_robustness: Cluster 190 LOO: min_retention=0.00 (FRAGILE)
2026-05-05 21:06:46 [INFO] riker.phases.phase4_robustness: Cluster 191 LOO: min_retention=0.00 (FRAGILE)
2026-05-05 21:06:46 [INFO] riker.phases.phase4_robustness: Cluster 192 LOO: min_retention=0.00 (FRAGILE)
2026-05-05 21:06:46 [INFO] riker.phases.phase4_robustness: Cluster 193 LOO: min_retention=0.02 (FRAGILE)
2026-05-05 21:06:46 [INFO] riker.phases.phase4_robustness: Cluster 194 LOO: min_retention=0.00 (FRAGILE)
2026-05-05 21:06:46 [INFO] riker.phases.phase4_robustness: Cluster 195 LOO: min_retention=1.00 (STABLE)
2026-05-05 21:06:46 [INFO] riker.phases.phase4_robustness: Cluster 196 LOO: min_retention=1.00 (STABLE)
2026-05-05 21:06:46 [INFO] riker.phases.phase4_robustness: Cluster 197 LOO: min_retention=1.00 (STABLE)
2026-05-05 21:06:46 [INFO] riker.phases.phase4_robustness: Cluster 198 LOO: min_retention=0.06 (FRAGILE)
2026-05-05 21:06:46 [INFO] riker.phases.phase4_robustness: Cluster 199 LOO: min_retention=0.00 (FRAGILE)
2026-05-05 21:06:46 [INFO] riker.phases.phase4_robustness: Cluster 200 LOO: min_retention=0.00 (FRAGILE)
2026-05-05 21:06:46 [INFO] riker.phases.phase4_robustness: Cluster 201 LOO: min_retention=0.00 (FRAGILE)
2026-05-05 21:06:46 [INFO] riker.phases.phase4_robustness: Cluster 202 LOO: min_retention=0.00 (FRAGILE)
2026-05-05 21:06:46 [INFO] riker.phases.phase4_robustness: Cluster 203 LOO: min_retention=0.00 (FRAGILE)
2026-05-05 21:06:46 [INFO] riker.phases.phase4_robustness: Cluster 204 LOO: min_retention=0.20 (FRAGILE)
2026-05-05 21:06:46 [INFO] riker.phases.phase4_robustness: Cluster 205 LOO: min_retention=0.00 (FRAGILE)
2026-05-05 21:06:46 [INFO] riker.phases.phase4_robustness: Cluster 206 LOO: min_retention=0.00 (FRAGILE)
2026-05-05 21:06:46 [INFO] riker.phases.phase4_robustness: Cluster 207 LOO: min_retention=0.00 (FRAGILE)
2026-05-05 21:06:46 [INFO] riker.phases.phase4_robustness: Cluster 208 LOO: min_retention=0.00 (FRAGILE)
2026-05-05 21:06:46 [INFO] riker.phases.phase4_robustness: Cluster 209 LOO: min_retention=0.00 (FRAGILE)
2026-05-05 21:06:46 [INFO] riker.phases.phase4_robustness: Cluster 210 LOO: min_retention=1.00 (STABLE)
2026-05-05 21:06:46 [INFO] riker.phases.phase4_robustness: Cluster 211 LOO: min_retention=1.00 (STABLE)
2026-05-05 21:06:46 [INFO] riker.phases.phase4_robustness: Cluster 212 LOO: min_retention=1.00 (STABLE)
2026-05-05 21:06:46 [INFO] riker.phases.phase4_robustness: Cluster 213 LOO: min_retention=1.00 (STABLE)
2026-05-05 21:06:46 [INFO] riker.phases.phase4_robustness: Cluster 214 LOO: min_retention=1.00 (STABLE)
2026-05-05 21:06:46 [INFO] riker.phases.phase4_robustness: Cluster 215 LOO: min_retention=1.00 (STABLE)
2026-05-05 21:06:46 [INFO] riker.phases.phase4_robustness: Cluster 216 LOO: min_retention=1.00 (STABLE)
2026-05-05 21:06:46 [INFO] riker.phases.phase4_robustness: Cluster 217 LOO: min_retention=0.08 (FRAGILE)
2026-05-05 21:06:46 [INFO] riker.phases.phase4_robustness: Cluster 218 LOO: min_retention=0.22 (FRAGILE)
2026-05-05 21:06:46 [INFO] riker.phases.phase4_robustness: Cluster 219 LOO: min_retention=0.00 (FRAGILE)
2026-05-05 21:06:46 [INFO] riker.phases.phase4_robustness: Cluster 220 LOO: min_retention=0.00 (FRAGILE)
2026-05-05 21:06:46 [INFO] riker.phases.phase4_robustness: Cluster 221 LOO: min_retention=0.00 (FRAGILE)
2026-05-05 21:06:46 [INFO] riker.phases.phase4_robustness: Cluster 222 LOO: min_retention=0.00 (FRAGILE)
2026-05-05 21:06:46 [INFO] riker.phases.phase4_robustness: Cluster 223 LOO: min_retention=0.00 (FRAGILE)
2026-05-05 21:06:46 [INFO] riker.phases.phase4_robustness: Cluster 224 LOO: min_retention=0.10 (FRAGILE)
2026-05-05 21:06:46 [INFO] riker.phases.phase4_robustness: Cluster 225 LOO: min_retention=0.00 (FRAGILE)
2026-05-05 21:06:46 [INFO] riker.phases.phase4_robustness: Cluster 226 LOO: min_retention=0.00 (FRAGILE)
2026-05-05 21:06:46 [INFO] riker.phases.phase4_robustness: Cluster 227 LOO: min_retention=0.00 (FRAGILE)
2026-05-05 21:06:46 [INFO] riker.phases.phase4_robustness: Cluster 228 LOO: min_retention=0.00 (FRAGILE)
2026-05-05 21:06:46 [INFO] riker.phases.phase4_robustness: Cluster 229 LOO: min_retention=0.00 (FRAGILE)
2026-05-05 21:06:46 [INFO] riker.phases.phase4_robustness: Cluster 230 LOO: min_retention=0.00 (FRAGILE)
2026-05-05 21:06:46 [INFO] riker.phases.phase4_robustness: Cluster 231 LOO: min_retention=0.00 (FRAGILE)
2026-05-05 21:06:46 [INFO] riker.phases.phase4_robustness: Cluster 232 LOO: min_retention=0.00 (FRAGILE)
2026-05-05 21:06:46 [INFO] riker.phases.phase4_robustness: Cluster 233 LOO: min_retention=0.00 (FRAGILE)
2026-05-05 21:06:46 [INFO] riker.phases.phase4_robustness: Cluster 234 LOO: min_retention=0.00 (FRAGILE)
2026-05-05 21:06:46 [INFO] riker.phases.phase4_robustness: Cluster 235 LOO: min_retention=0.00 (FRAGILE)
2026-05-05 21:06:46 [INFO] riker.phases.phase4_robustness: Cluster 236 LOO: min_retention=0.00 (FRAGILE)
2026-05-05 21:06:46 [INFO] riker.phases.phase4_robustness: Cluster 237 LOO: min_retention=0.08 (FRAGILE)
2026-05-05 21:06:46 [INFO] riker.phases.phase4_robustness: Cluster 238 LOO: min_retention=0.00 (FRAGILE)
2026-05-05 21:06:46 [INFO] riker.phases.phase4_robustness: Cluster 239 LOO: min_retention=0.00 (FRAGILE)
2026-05-05 21:06:46 [INFO] riker.phases.phase4_robustness: Cluster 240 LOO: min_retention=1.00 (STABLE)
2026-05-05 21:06:46 [INFO] riker.phases.phase4_robustness: Cluster 241 LOO: min_retention=1.00 (STABLE)
2026-05-05 21:06:46 [INFO] riker.phases.phase4_robustness: Cluster 242 LOO: min_retention=1.00 (STABLE)
2026-05-05 21:06:46 [INFO] riker.phases.phase4_robustness: Cluster 243 LOO: min_retention=1.00 (STABLE)
2026-05-05 21:06:46 [INFO] riker.phases.phase4_robustness: Cluster 244 LOO: min_retention=1.00 (STABLE)
2026-05-05 21:06:46 [INFO] riker.phases.phase4_robustness: Cluster 245 LOO: min_retention=1.00 (STABLE)
2026-05-05 21:06:46 [INFO] riker.phases.phase4_robustness: Cluster 246 LOO: min_retention=0.00 (FRAGILE)
2026-05-05 21:06:46 [INFO] riker.phases.phase4_robustness: Cluster 247 LOO: min_retention=1.00 (STABLE)
2026-05-05 21:06:46 [INFO] riker.phases.phase4_robustness: Cluster 248 LOO: min_retention=0.00 (FRAGILE)
2026-05-05 21:06:46 [INFO] riker.phases.phase4_robustness: Cluster 249 LOO: min_retention=0.00 (FRAGILE)
2026-05-05 21:06:46 [INFO] riker.phases.phase4_robustness: Cluster 250 LOO: min_retention=0.00 (FRAGILE)
2026-05-05 21:06:46 [INFO] riker.phases.phase4_robustness: Cluster 251 LOO: min_retention=0.00 (FRAGILE)
2026-05-05 21:06:46 [INFO] riker.phases.phase4_robustness: Cluster 252 LOO: min_retention=1.00 (STABLE)
2026-05-05 21:06:46 [INFO] riker.phases.phase4_robustness: Cluster 253 LOO: min_retention=1.00 (STABLE)
2026-05-05 21:06:46 [INFO] riker.phases.phase4_robustness: Cluster 254 LOO: min_retention=0.06 (FRAGILE)
2026-05-05 21:06:46 [INFO] riker.phases.phase4_robustness: Cluster 255 LOO: min_retention=0.00 (FRAGILE)
2026-05-05 21:06:46 [INFO] riker.phases.phase4_robustness: Cluster 256 LOO: min_retention=0.00 (FRAGILE)
2026-05-05 21:06:46 [INFO] riker.phases.phase4_robustness: Cluster 257 LOO: min_retention=0.17 (FRAGILE)
2026-05-05 21:06:46 [INFO] riker.phases.phase4_robustness: Cluster 258 LOO: min_retention=1.00 (STABLE)
2026-05-05 21:06:46 [INFO] riker.phases.phase4_robustness: Cluster 259 LOO: min_retention=1.00 (STABLE)
2026-05-05 21:06:46 [INFO] riker.phases.phase4_robustness: Cluster 260 LOO: min_retention=0.00 (FRAGILE)
2026-05-05 21:06:46 [INFO] riker.phases.phase4_robustness: Cluster 261 LOO: min_retention=0.00 (FRAGILE)
2026-05-05 21:06:46 [INFO] riker.phases.phase4_robustness: Cluster 262 LOO: min_retention=1.00 (STABLE)
2026-05-05 21:06:46 [INFO] riker.phases.phase4_robustness: Cluster 263 LOO: min_retention=0.00 (FRAGILE)
2026-05-05 21:06:46 [INFO] riker.phases.phase4_robustness: Cluster 264 LOO: min_retention=0.00 (FRAGILE)
2026-05-05 21:06:46 [INFO] riker.phases.phase4_robustness: Cluster 265 LOO: min_retention=0.00 (FRAGILE)
2026-05-05 21:06:46 [INFO] riker.phases.phase4_robustness: Cluster 266 LOO: min_retention=0.00 (FRAGILE)
2026-05-05 21:06:46 [INFO] riker.phases.phase4_robustness: Cluster 267 LOO: min_retention=1.00 (STABLE)
2026-05-05 21:06:46 [INFO] riker.phases.phase4_robustness: Cluster 268 LOO: min_retention=1.00 (STABLE)
2026-05-05 21:06:46 [INFO] riker.phases.phase4_robustness: Cluster 269 LOO: min_retention=1.00 (STABLE)
2026-05-05 21:06:46 [INFO] riker.phases.phase4_robustness: Cluster 270 LOO: min_retention=1.00 (STABLE)
2026-05-05 21:06:46 [INFO] riker.phases.phase4_robustness: Cluster 271 LOO: min_retention=1.00 (STABLE)
2026-05-05 21:06:46 [INFO] riker.phases.phase4_robustness: Cluster 272 LOO: min_retention=1.00 (STABLE)
2026-05-05 21:06:46 [INFO] riker.phases.phase4_robustness: Cluster 273 LOO: min_retention=1.00 (STABLE)
2026-05-05 21:06:46 [INFO] riker.phases.phase4_robustness: Cluster 274 LOO: min_retention=1.00 (STABLE)
2026-05-05 21:06:46 [INFO] riker.phases.phase4_robustness: Cluster 275 LOO: min_retention=1.00 (STABLE)
2026-05-05 21:06:46 [INFO] riker.phases.phase4_robustness: Cluster 276 LOO: min_retention=1.00 (STABLE)
2026-05-05 21:06:46 [INFO] riker.phases.phase4_robustness: Cluster 277 LOO: min_retention=1.00 (STABLE)
2026-05-05 21:06:46 [INFO] riker.phases.phase4_robustness: Cluster 278 LOO: min_retention=1.00 (STABLE)
2026-05-05 21:06:46 [INFO] riker.phases.phase4_robustness: Cluster 279 LOO: min_retention=0.11 (FRAGILE)
2026-05-05 21:06:46 [INFO] riker.phases.phase4_robustness: Cluster 280 LOO: min_retention=0.00 (FRAGILE)
2026-05-05 21:06:46 [INFO] riker.phases.phase4_robustness: Cluster 281 LOO: min_retention=0.14 (FRAGILE)
2026-05-05 21:06:46 [INFO] riker.phases.phase4_robustness: Cluster 282 LOO: min_retention=0.03 (FRAGILE)
2026-05-05 21:06:46 [INFO] riker.phases.phase4_robustness: Cluster 283 LOO: min_retention=0.00 (FRAGILE)
2026-05-05 21:06:46 [INFO] riker.phases.phase4_robustness: Cluster 284 LOO: min_retention=0.00 (FRAGILE)
2026-05-05 21:06:46 [INFO] riker.phases.phase4_robustness: Cluster 285 LOO: min_retention=1.00 (STABLE)
2026-05-05 21:06:46 [INFO] riker.phases.phase4_robustness: Cluster 286 LOO: min_retention=1.00 (STABLE)
2026-05-05 21:06:46 [INFO] riker.phases.phase4_robustness: Cluster 287 LOO: min_retention=1.00 (STABLE)
2026-05-05 21:06:46 [INFO] riker.phases.phase4_robustness: Cluster 288 LOO: min_retention=0.00 (FRAGILE)
2026-05-05 21:06:46 [INFO] riker.phases.phase4_robustness: Cluster 289 LOO: min_retention=0.00 (FRAGILE)
2026-05-05 21:06:46 [INFO] riker.phases.phase4_robustness: Cluster 290 LOO: min_retention=0.00 (FRAGILE)
2026-05-05 21:06:46 [INFO] riker.phases.phase4_robustness: Cluster 291 LOO: min_retention=0.00 (FRAGILE)
2026-05-05 21:06:46 [INFO] riker.phases.phase4_robustness: Cluster 292 LOO: min_retention=0.97 (STABLE)
2026-05-05 21:06:46 [INFO] riker.phases.phase4_robustness: Cluster 293 LOO: min_retention=0.05 (FRAGILE)
2026-05-05 21:06:46 [INFO] riker.phases.phase4_robustness: Cluster 294 LOO: min_retention=1.00 (STABLE)
2026-05-05 21:06:46 [INFO] riker.phases.phase4_robustness: Cluster 295 LOO: min_retention=1.00 (STABLE)
2026-05-05 21:06:46 [INFO] riker.phases.phase4_robustness: Cluster 296 LOO: min_retention=1.00 (STABLE)
2026-05-05 21:06:46 [INFO] riker.phases.phase4_robustness: Cluster 297 LOO: min_retention=1.00 (STABLE)
2026-05-05 21:06:46 [INFO] riker.phases.phase4_robustness: Cluster 298 LOO: min_retention=0.00 (FRAGILE)
2026-05-05 21:06:46 [INFO] riker.phases.phase4_robustness: Cluster 299 LOO: min_retention=0.00 (FRAGILE)
2026-05-05 21:06:46 [INFO] riker.phases.phase4_robustness: Cluster 300 LOO: min_retention=0.00 (FRAGILE)
2026-05-05 21:06:46 [INFO] riker.phases.phase4_robustness: Cluster 301 LOO: min_retention=0.19 (FRAGILE)
2026-05-05 21:06:46 [INFO] riker.phases.phase4_robustness: Cluster 302 LOO: min_retention=0.25 (FRAGILE)
2026-05-05 21:06:46 [INFO] riker.phases.phase4_robustness: Cluster 303 LOO: min_retention=0.14 (FRAGILE)
2026-05-05 21:06:46 [INFO] riker.phases.phase4_robustness: Cluster 304 LOO: min_retention=0.00 (FRAGILE)
2026-05-05 21:06:46 [INFO] riker.phases.phase4_robustness: Cluster 305 LOO: min_retention=0.00 (FRAGILE)
2026-05-05 21:06:46 [INFO] riker.phases.phase4_robustness: Cluster 306 LOO: min_retention=0.00 (FRAGILE)
2026-05-05 21:06:46 [INFO] riker.phases.phase4_robustness: Cluster 307 LOO: min_retention=0.00 (FRAGILE)
2026-05-05 21:06:46 [INFO] riker.phases.phase4_robustness: Cluster 308 LOO: min_retention=1.00 (STABLE)
2026-05-05 21:06:46 [INFO] riker.phases.phase4_robustness: Cluster 309 LOO: min_retention=0.08 (FRAGILE)
2026-05-05 21:06:46 [INFO] riker.phases.phase4_robustness: Cluster 310 LOO: min_retention=0.13 (FRAGILE)
2026-05-05 21:06:46 [INFO] riker.phases.phase4_robustness: Cluster 311 LOO: min_retention=0.07 (FRAGILE)
2026-05-05 21:06:46 [INFO] riker.phases.phase4_robustness: Cluster 312 LOO: min_retention=0.00 (FRAGILE)
2026-05-05 21:06:46 [INFO] riker.phases.phase4_robustness: Cluster 313 LOO: min_retention=0.12 (FRAGILE)
2026-05-05 21:06:46 [INFO] riker.phases.phase4_robustness: Cluster 314 LOO: min_retention=0.00 (FRAGILE)
2026-05-05 21:06:46 [INFO] riker.phases.phase4_robustness: Cluster 315 LOO: min_retention=1.00 (STABLE)
2026-05-05 21:06:46 [INFO] riker.phases.phase4_robustness: Cluster 316 LOO: min_retention=1.00 (STABLE)
2026-05-05 21:06:46 [INFO] riker.phases.phase4_robustness: Cluster 317 LOO: min_retention=1.00 (STABLE)
2026-05-05 21:06:46 [INFO] riker.phases.phase4_robustness: Cluster 318 LOO: min_retention=0.17 (FRAGILE)
2026-05-05 21:06:46 [INFO] riker.phases.phase4_robustness: Cluster 319 LOO: min_retention=0.00 (FRAGILE)
2026-05-05 21:06:46 [INFO] riker.phases.phase4_robustness: Cluster 320 LOO: min_retention=0.00 (FRAGILE)
2026-05-05 21:06:46 [INFO] riker.phases.phase4_robustness: Cluster 321 LOO: min_retention=0.00 (FRAGILE)
2026-05-05 21:06:46 [INFO] riker.phases.phase4_robustness: Cluster 322 LOO: min_retention=0.15 (FRAGILE)
2026-05-05 21:06:46 [INFO] riker.phases.phase4_robustness: Cluster 323 LOO: min_retention=0.00 (FRAGILE)
2026-05-05 21:06:46 [INFO] riker.phases.phase4_robustness: Cluster 324 LOO: min_retention=0.00 (FRAGILE)
2026-05-05 21:06:46 [INFO] riker.phases.phase4_robustness: Cluster 325 LOO: min_retention=0.00 (FRAGILE)
2026-05-05 21:06:46 [INFO] riker.phases.phase4_robustness: Cluster 326 LOO: min_retention=0.00 (FRAGILE)
2026-05-05 21:06:46 [INFO] riker.phases.phase4_robustness: Cluster 327 LOO: min_retention=1.00 (STABLE)
2026-05-05 21:06:46 [INFO] riker.phases.phase4_robustness: Cluster 328 LOO: min_retention=1.00 (STABLE)
2026-05-05 21:06:46 [INFO] riker.phases.phase4_robustness: Cluster 329 LOO: min_retention=0.00 (FRAGILE)
2026-05-05 21:06:46 [INFO] riker.phases.phase4_robustness: Cluster 330 LOO: min_retention=0.00 (FRAGILE)
2026-05-05 21:06:46 [INFO] riker.phases.phase4_robustness: Cluster 331 LOO: min_retention=0.00 (FRAGILE)
2026-05-05 21:06:46 [INFO] riker.phases.phase4_robustness: Cluster 332 LOO: min_retention=0.00 (FRAGILE)
2026-05-05 21:06:46 [INFO] riker.phases.phase4_robustness: Cluster 333 LOO: min_retention=0.00 (FRAGILE)
2026-05-05 21:06:46 [INFO] riker.phases.phase4_robustness: Cluster 334 LOO: min_retention=0.00 (FRAGILE)
2026-05-05 21:06:46 [INFO] riker.phases.phase4_robustness: Cluster 335 LOO: min_retention=1.00 (STABLE)
2026-05-05 21:06:46 [INFO] riker.phases.phase4_robustness: Cluster 336 LOO: min_retention=1.00 (STABLE)
2026-05-05 21:06:46 [INFO] riker.phases.phase4_robustness: Cluster 337 LOO: min_retention=0.00 (FRAGILE)
2026-05-05 21:06:46 [INFO] riker.phases.phase4_robustness: Cluster 338 LOO: min_retention=0.00 (FRAGILE)
2026-05-05 21:06:46 [INFO] riker.phases.phase4_robustness: Cluster 339 LOO: min_retention=0.00 (FRAGILE)
2026-05-05 21:06:46 [INFO] riker.phases.phase4_robustness: Cluster 340 LOO: min_retention=0.00 (FRAGILE)
2026-05-05 21:06:46 [INFO] riker.phases.phase4_robustness: Cluster 341 LOO: min_retention=0.00 (FRAGILE)
2026-05-05 21:06:46 [INFO] riker.phases.phase4_robustness: Cluster 342 LOO: min_retention=0.00 (FRAGILE)
2026-05-05 21:06:46 [INFO] riker.phases.phase4_robustness: Cluster 343 LOO: min_retention=0.11 (FRAGILE)
2026-05-05 21:06:46 [INFO] riker.phases.phase4_robustness: Cluster 344 LOO: min_retention=0.00 (FRAGILE)
2026-05-05 21:06:46 [INFO] riker.phases.phase4_robustness: Cluster 345 LOO: min_retention=0.00 (FRAGILE)
2026-05-05 21:06:46 [INFO] riker.phases.phase4_robustness: Cluster 346 LOO: min_retention=1.00 (STABLE)
2026-05-05 21:06:46 [INFO] riker.phases.phase4_robustness: Cluster 347 LOO: min_retention=0.00 (FRAGILE)
2026-05-05 21:06:46 [INFO] riker.phases.phase4_robustness: Cluster 348 LOO: min_retention=0.00 (FRAGILE)
2026-05-05 21:06:46 [INFO] riker.phases.phase4_robustness: Cluster 349 LOO: min_retention=0.00 (FRAGILE)
2026-05-05 21:06:46 [INFO] riker.phases.phase4_robustness: Cluster 350 LOO: min_retention=1.00 (STABLE)
2026-05-05 21:06:46 [INFO] riker.phases.phase4_robustness: Cluster 351 LOO: min_retention=0.00 (FRAGILE)
2026-05-05 21:06:46 [INFO] riker.phases.phase4_robustness: Cluster 352 LOO: min_retention=1.00 (STABLE)
2026-05-05 21:06:46 [INFO] riker.phases.phase4_robustness: Cluster 353 LOO: min_retention=0.00 (FRAGILE)
2026-05-05 21:06:46 [INFO] riker.phases.phase4_robustness: Cluster 354 LOO: min_retention=1.00 (STABLE)
2026-05-05 21:06:46 [INFO] riker.phases.phase4_robustness: Cluster 355 LOO: min_retention=1.00 (STABLE)
2026-05-05 21:06:46 [INFO] riker.phases.phase4_robustness: Cluster 356 LOO: min_retention=1.00 (STABLE)
2026-05-05 21:06:46 [INFO] riker.phases.phase4_robustness: Cluster 357 LOO: min_retention=1.00 (STABLE)
2026-05-05 21:06:46 [INFO] riker.phases.phase4_robustness: Cluster 358 LOO: min_retention=0.00 (FRAGILE)
2026-05-05 21:06:46 [INFO] riker.phases.phase4_robustness: Cluster 359 LOO: min_retention=0.00 (FRAGILE)
2026-05-05 21:06:46 [INFO] riker.phases.phase4_robustness: Cluster 360 LOO: min_retention=0.00 (FRAGILE)
2026-05-05 21:06:46 [INFO] riker.phases.phase4_robustness: Cluster 361 LOO: min_retention=0.00 (FRAGILE)
2026-05-05 21:06:46 [INFO] riker.phases.phase4_robustness: Cluster 362 LOO: min_retention=0.00 (FRAGILE)
2026-05-05 21:06:46 [INFO] riker.phases.phase4_robustness: Cluster 363 LOO: min_retention=0.00 (FRAGILE)
2026-05-05 21:06:46 [INFO] riker.phases.phase4_robustness: Cluster 364 LOO: min_retention=0.00 (FRAGILE)
2026-05-05 21:06:46 [INFO] riker.phases.phase4_robustness: Cluster 365 LOO: min_retention=0.00 (FRAGILE)
2026-05-05 21:06:46 [INFO] riker.phases.phase4_robustness: Cluster 366 LOO: min_retention=0.00 (FRAGILE)
2026-05-05 21:06:46 [INFO] riker.phases.phase4_robustness: Cluster 367 LOO: min_retention=1.00 (STABLE)
2026-05-05 21:06:46 [INFO] riker.phases.phase4_robustness: Cluster 368 LOO: min_retention=1.00 (STABLE)
2026-05-05 21:06:46 [INFO] riker.phases.phase4_robustness: Cluster 369 LOO: min_retention=1.00 (STABLE)
2026-05-05 21:06:46 [INFO] riker.phases.phase4_robustness: Cluster 370 LOO: min_retention=1.00 (STABLE)
2026-05-05 21:06:46 [INFO] riker.phases.phase4_robustness: Cluster 371 LOO: min_retention=1.00 (STABLE)
2026-05-05 21:06:46 [INFO] riker.phases.phase4_robustness: Cluster 372 LOO: min_retention=1.00 (STABLE)
2026-05-05 21:06:46 [INFO] riker.phases.phase4_robustness: Cluster 373 LOO: min_retention=1.00 (STABLE)
2026-05-05 21:06:46 [INFO] riker.phases.phase4_robustness: Cluster 374 LOO: min_retention=1.00 (STABLE)
2026-05-05 21:06:46 [INFO] riker.phases.phase4_robustness: Cluster 375 LOO: min_retention=1.00 (STABLE)
2026-05-05 21:06:46 [INFO] riker.phases.phase4_robustness: Cluster 376 LOO: min_retention=1.00 (STABLE)
2026-05-05 21:06:46 [INFO] riker.phases.phase4_robustness: Cluster 377 LOO: min_retention=1.00 (STABLE)
2026-05-05 21:06:46 [INFO] riker.phases.phase4_robustness: Cluster 378 LOO: min_retention=1.00 (STABLE)
2026-05-05 21:06:46 [INFO] riker.phases.phase4_robustness: Cluster 379 LOO: min_retention=1.00 (STABLE)
2026-05-05 21:06:46 [INFO] riker.phases.phase4_robustness: Cluster 380 LOO: min_retention=0.00 (FRAGILE)
2026-05-05 21:06:46 [INFO] riker.phases.phase4_robustness: Cluster 381 LOO: min_retention=0.00 (FRAGILE)
2026-05-05 21:06:46 [INFO] riker.phases.phase4_robustness: Cluster 382 LOO: min_retention=0.00 (FRAGILE)
2026-05-05 21:06:46 [INFO] riker.phases.phase4_robustness: Cluster 383 LOO: min_retention=0.00 (FRAGILE)
2026-05-05 21:06:46 [INFO] riker.phases.phase4_robustness: Cluster 384 LOO: min_retention=0.00 (FRAGILE)
2026-05-05 21:06:46 [INFO] riker.phases.phase4_robustness: Cluster 385 LOO: min_retention=1.00 (STABLE)
2026-05-05 21:06:46 [INFO] riker.phases.phase4_robustness: Cluster 386 LOO: min_retention=0.00 (FRAGILE)
2026-05-05 21:06:46 [INFO] riker.phases.phase4_robustness: Cluster 387 LOO: min_retention=0.12 (FRAGILE)
2026-05-05 21:06:46 [INFO] riker.phases.phase4_robustness: Cluster 388 LOO: min_retention=0.00 (FRAGILE)
2026-05-05 21:06:46 [INFO] riker.phases.phase4_robustness: Cluster 389 LOO: min_retention=1.00 (STABLE)
2026-05-05 21:06:46 [INFO] riker.phases.phase4_robustness: Cluster 390 LOO: min_retention=0.00 (FRAGILE)
2026-05-05 21:06:46 [INFO] riker.phases.phase4_robustness: Cluster 391 LOO: min_retention=0.00 (FRAGILE)
2026-05-05 21:06:46 [INFO] riker.phases.phase4_robustness: Cluster 392 LOO: min_retention=0.00 (FRAGILE)
2026-05-05 21:06:46 [INFO] riker.phases.phase4_robustness: Cluster 393 LOO: min_retention=0.00 (FRAGILE)
2026-05-05 21:06:46 [INFO] riker.phases.phase4_robustness: Cluster 394 LOO: min_retention=1.00 (STABLE)
2026-05-05 21:06:46 [INFO] riker.phases.phase4_robustness: Cluster 395 LOO: min_retention=1.00 (STABLE)
2026-05-05 21:06:46 [INFO] riker.phases.phase4_robustness: Cluster 396 LOO: min_retention=1.00 (STABLE)
2026-05-05 21:06:46 [INFO] riker.phases.phase4_robustness: Cluster 397 LOO: min_retention=1.00 (STABLE)
2026-05-05 21:06:46 [INFO] riker.phases.phase4_robustness: Cluster 398 LOO: min_retention=1.00 (STABLE)
2026-05-05 21:06:46 [INFO] riker.phases.phase4_robustness: Cluster 399 LOO: min_retention=1.00 (STABLE)
2026-05-05 21:06:46 [INFO] riker.phases.phase4_robustness: Cluster 400 LOO: min_retention=0.00 (FRAGILE)
2026-05-05 21:06:46 [INFO] riker.phases.phase4_robustness: Cluster 401 LOO: min_retention=0.00 (FRAGILE)
2026-05-05 21:06:46 [INFO] riker.phases.phase4_robustness: Cluster 402 LOO: min_retention=0.17 (FRAGILE)
2026-05-05 21:06:46 [INFO] riker.phases.phase4_robustness: Cluster 403 LOO: min_retention=0.00 (FRAGILE)
2026-05-05 21:06:46 [INFO] riker.phases.phase4_robustness: Cluster 404 LOO: min_retention=0.00 (FRAGILE)
2026-05-05 21:06:46 [INFO] riker.phases.phase4_robustness: Cluster 405 LOO: min_retention=0.00 (FRAGILE)
2026-05-05 21:06:46 [INFO] riker.phases.phase4_robustness: Cluster 406 LOO: min_retention=0.00 (FRAGILE)
2026-05-05 21:06:46 [INFO] riker.phases.phase4_robustness: Cluster 407 LOO: min_retention=1.00 (STABLE)
2026-05-05 21:06:46 [INFO] riker.phases.phase4_robustness: Cluster 408 LOO: min_retention=1.00 (STABLE)
2026-05-05 21:06:46 [INFO] riker.phases.phase4_robustness: Cluster 409 LOO: min_retention=1.00 (STABLE)
2026-05-05 21:06:46 [INFO] riker.phases.phase4_robustness: Cluster 410 LOO: min_retention=1.00 (STABLE)
2026-05-05 21:06:46 [INFO] riker.phases.phase4_robustness: Cluster 411 LOO: min_retention=1.00 (STABLE)
2026-05-05 21:06:46 [INFO] riker.phases.phase4_robustness: Cluster 412 LOO: min_retention=1.00 (STABLE)
2026-05-05 21:06:46 [INFO] riker.phases.phase4_robustness: Cluster 413 LOO: min_retention=0.11 (FRAGILE)
2026-05-05 21:06:46 [INFO] riker.phases.phase4_robustness: Cluster 414 LOO: min_retention=1.00 (STABLE)
2026-05-05 21:06:46 [INFO] riker.phases.phase4_robustness: Cluster 415 LOO: min_retention=1.00 (STABLE)
2026-05-05 21:06:46 [INFO] riker.phases.phase4_robustness: Cluster 416 LOO: min_retention=1.00 (STABLE)
2026-05-05 21:06:46 [INFO] riker.phases.phase4_robustness: Cluster 417 LOO: min_retention=0.00 (FRAGILE)
2026-05-05 21:06:46 [INFO] riker.phases.phase4_robustness: Cluster 418 LOO: min_retention=1.00 (STABLE)
2026-05-05 21:06:46 [INFO] riker.phases.phase4_robustness: Cluster 419 LOO: min_retention=0.00 (FRAGILE)
2026-05-05 21:06:46 [INFO] riker.phases.phase4_robustness: Cluster 420 LOO: min_retention=0.00 (FRAGILE)
2026-05-05 21:06:46 [INFO] riker.phases.phase4_robustness: Cluster 421 LOO: min_retention=1.00 (STABLE)
2026-05-05 21:06:46 [INFO] riker.phases.phase4_robustness: Cluster 422 LOO: min_retention=1.00 (STABLE)
2026-05-05 21:06:46 [INFO] riker.phases.phase4_robustness: Cluster 423 LOO: min_retention=0.00 (FRAGILE)
2026-05-05 21:06:46 [INFO] riker.phases.phase4_robustness: Cluster 424 LOO: min_retention=0.00 (FRAGILE)
2026-05-05 21:06:46 [INFO] riker.phases.phase4_robustness: Cluster 425 LOO: min_retention=0.00 (FRAGILE)
2026-05-05 21:06:46 [INFO] riker.phases.phase4_robustness: Cluster 426 LOO: min_retention=0.00 (FRAGILE)
2026-05-05 21:06:46 [INFO] riker.phases.phase4_robustness: Cluster 427 LOO: min_retention=0.00 (FRAGILE)
2026-05-05 21:06:46 [INFO] riker.phases.phase4_robustness: Cluster 428 LOO: min_retention=0.00 (FRAGILE)
2026-05-05 21:06:46 [INFO] riker.phases.phase4_robustness: Cluster 429 LOO: min_retention=1.00 (STABLE)
2026-05-05 21:06:46 [INFO] riker.phases.phase4_robustness: Cluster 430 LOO: min_retention=1.00 (STABLE)
2026-05-05 21:06:46 [INFO] riker.phases.phase4_robustness: Cluster 431 LOO: min_retention=0.00 (FRAGILE)
2026-05-05 21:06:46 [INFO] riker.phases.phase4_robustness: Cluster 432 LOO: min_retention=1.00 (STABLE)
2026-05-05 21:06:46 [INFO] riker.phases.phase4_robustness: Cluster 433 LOO: min_retention=1.00 (STABLE)
2026-05-05 21:06:46 [INFO] riker.phases.phase4_robustness: Cluster 434 LOO: min_retention=0.00 (FRAGILE)
2026-05-05 21:06:46 [INFO] riker.phases.phase4_robustness: Cluster 435 LOO: min_retention=1.00 (STABLE)
2026-05-05 21:06:46 [INFO] riker.phases.phase4_robustness: Cluster 436 LOO: min_retention=1.00 (STABLE)
2026-05-05 21:06:46 [INFO] riker.phases.phase4_robustness: Cluster 437 LOO: min_retention=1.00 (STABLE)
2026-05-05 21:06:46 [INFO] riker.phases.phase4_robustness: Cluster 438 LOO: min_retention=0.04 (FRAGILE)
2026-05-05 21:06:46 [INFO] riker.phases.phase4_robustness: Cluster 439 LOO: min_retention=0.29 (FRAGILE)
2026-05-05 21:06:46 [INFO] riker.phases.phase4_robustness: Cluster 440 LOO: min_retention=0.00 (FRAGILE)
2026-05-05 21:06:46 [INFO] riker.phases.phase4_robustness: Cluster 441 LOO: min_retention=0.11 (FRAGILE)
2026-05-05 21:06:46 [INFO] riker.phases.phase4_robustness: Cluster 442 LOO: min_retention=0.20 (FRAGILE)
2026-05-05 21:06:46 [INFO] riker.phases.phase4_robustness: Cluster 443 LOO: min_retention=1.00 (STABLE)
2026-05-05 21:06:46 [INFO] riker.phases.phase4_robustness: Cluster 444 LOO: min_retention=1.00 (STABLE)
2026-05-05 21:06:46 [INFO] riker.phases.phase4_robustness: Cluster 445 LOO: min_retention=0.00 (FRAGILE)
2026-05-05 21:06:46 [INFO] riker.phases.phase4_robustness: Cluster 446 LOO: min_retention=0.17 (FRAGILE)
2026-05-05 21:06:46 [INFO] riker.phases.phase4_robustness: Cluster 447 LOO: min_retention=0.00 (FRAGILE)
2026-05-05 21:06:46 [INFO] riker.phases.phase4_robustness: Cluster 448 LOO: min_retention=0.00 (FRAGILE)
2026-05-05 21:06:46 [INFO] riker.phases.phase4_robustness: Cluster 449 LOO: min_retention=0.00 (FRAGILE)
2026-05-05 21:06:46 [INFO] riker.phases.phase4_robustness: Cluster 450 LOO: min_retention=0.00 (FRAGILE)
2026-05-05 21:06:46 [INFO] riker.phases.phase4_robustness: Cluster 451 LOO: min_retention=0.00 (FRAGILE)
2026-05-05 21:06:46 [INFO] riker.phases.phase4_robustness: Cluster 452 LOO: min_retention=0.23 (FRAGILE)
2026-05-05 21:06:46 [INFO] riker.phases.phase4_robustness: Cluster 453 LOO: min_retention=0.00 (FRAGILE)
2026-05-05 21:06:46 [INFO] riker.phases.phase4_robustness: Cluster 454 LOO: min_retention=0.00 (FRAGILE)
2026-05-05 21:06:46 [INFO] riker.phases.phase4_robustness: Cluster 455 LOO: min_retention=0.18 (FRAGILE)
2026-05-05 21:06:46 [INFO] riker.phases.phase4_robustness: Cluster 456 LOO: min_retention=1.00 (STABLE)
2026-05-05 21:06:46 [INFO] riker.phases.phase4_robustness: Cluster 457 LOO: min_retention=1.00 (STABLE)
2026-05-05 21:06:46 [INFO] riker.phases.phase4_robustness: Cluster 458 LOO: min_retention=0.00 (FRAGILE)
2026-05-05 21:06:46 [INFO] riker.phases.phase4_robustness: Cluster 459 LOO: min_retention=0.00 (FRAGILE)
2026-05-05 21:06:46 [INFO] riker.phases.phase4_robustness: Cluster 460 LOO: min_retention=0.00 (FRAGILE)
2026-05-05 21:06:46 [INFO] riker.phases.phase4_robustness: Cluster 461 LOO: min_retention=0.00 (FRAGILE)
2026-05-05 21:06:46 [INFO] riker.phases.phase4_robustness: Cluster 462 LOO: min_retention=0.00 (FRAGILE)
2026-05-05 21:06:46 [INFO] riker.phases.phase4_robustness: Cluster 463 LOO: min_retention=0.05 (FRAGILE)
2026-05-05 21:06:46 [INFO] riker.phases.phase4_robustness: Cluster 464 LOO: min_retention=0.29 (FRAGILE)
2026-05-05 21:06:46 [INFO] riker.phases.phase4_robustness: Cluster 465 LOO: min_retention=0.00 (FRAGILE)
2026-05-05 21:06:46 [INFO] riker.phases.phase4_robustness: Cluster 466 LOO: min_retention=0.00 (FRAGILE)
2026-05-05 21:06:46 [INFO] riker.phases.phase4_robustness: Cluster 467 LOO: min_retention=0.17 (FRAGILE)
2026-05-05 21:06:46 [INFO] riker.phases.phase4_robustness: Cluster 468 LOO: min_retention=0.00 (FRAGILE)
2026-05-05 21:06:46 [INFO] riker.phases.phase4_robustness: Cluster 469 LOO: min_retention=0.00 (FRAGILE)
2026-05-05 21:06:46 [INFO] riker.phases.phase4_robustness: Cluster 470 LOO: min_retention=0.14 (FRAGILE)
2026-05-05 21:06:46 [INFO] riker.phases.phase4_robustness: Cluster 471 LOO: min_retention=0.00 (FRAGILE)
2026-05-05 21:06:46 [INFO] riker.phases.phase4_robustness: Cluster 472 LOO: min_retention=0.00 (FRAGILE)
2026-05-05 21:06:46 [INFO] riker.phases.phase4_robustness: Cluster 473 LOO: min_retention=0.00 (FRAGILE)
2026-05-05 21:06:46 [INFO] riker.phases.phase4_robustness: Cluster 474 LOO: min_retention=0.00 (FRAGILE)
2026-05-05 21:06:46 [INFO] riker.phases.phase4_robustness: Cluster 475 LOO: min_retention=0.06 (FRAGILE)
2026-05-05 21:06:46 [INFO] riker.phases.phase4_robustness: Cluster 476 LOO: min_retention=0.00 (FRAGILE)
2026-05-05 21:06:46 [INFO] riker.phases.phase4_robustness: Cluster 477 LOO: min_retention=0.14 (FRAGILE)
2026-05-05 21:06:46 [INFO] riker.phases.phase4_robustness: Cluster 478 LOO: min_retention=0.11 (FRAGILE)
2026-05-05 21:06:46 [INFO] riker.phases.phase4_robustness: Cluster 479 LOO: min_retention=0.00 (FRAGILE)
2026-05-05 21:06:46 [INFO] riker.phases.phase4_robustness: Cluster 480 LOO: min_retention=0.00 (FRAGILE)
2026-05-05 21:06:46 [INFO] riker.phases.phase4_robustness: Cluster 7: 0 Level 2 survivors < 3 minimum. No core genes.
2026-05-05 21:06:46 [INFO] riker.phases.phase4_robustness: Cluster 26: 0 Level 2 survivors < 3 minimum. No core genes.
2026-05-05 21:06:46 [INFO] riker.phases.phase4_robustness: Cluster 27: 1 Level 2 survivors < 3 minimum. No core genes.
2026-05-05 21:06:46 [INFO] riker.phases.phase4_robustness: Cluster 28: 0 Level 2 survivors < 3 minimum. No core genes.
2026-05-05 21:06:46 [INFO] riker.phases.phase4_robustness: Cluster 34: 2 Level 2 survivors < 3 minimum. No core genes.
2026-05-05 21:06:46 [INFO] riker.phases.phase4_robustness: Cluster 35: 1 Level 2 survivors < 3 minimum. No core genes.
2026-05-05 21:06:46 [INFO] riker.phases.phase4_robustness: Cluster 43: 0 Level 2 survivors < 3 minimum. No core genes.
2026-05-05 21:06:46 [INFO] riker.phases.phase4_robustness: Cluster 44: 0 Level 2 survivors < 3 minimum. No core genes.
2026-05-05 21:06:46 [INFO] riker.phases.phase4_robustness: Cluster 45: 0 Level 2 survivors < 3 minimum. No core genes.
2026-05-05 21:06:46 [INFO] riker.phases.phase4_robustness: Cluster 57: 0 Level 2 survivors < 3 minimum. No core genes.
2026-05-05 21:06:46 [INFO] riker.phases.phase4_robustness: Cluster 71: 1 Level 2 survivors < 3 minimum. No core genes.
2026-05-05 21:06:46 [INFO] riker.phases.phase4_robustness: Cluster 77: 1 Level 2 survivors < 3 minimum. No core genes.
2026-05-05 21:06:46 [INFO] riker.phases.phase4_robustness: Cluster 84: 2 Level 2 survivors < 3 minimum. No core genes.
2026-05-05 21:06:46 [INFO] riker.phases.phase4_robustness: Cluster 88: 1 Level 2 survivors < 3 minimum. No core genes.
2026-05-05 21:06:46 [INFO] riker.phases.phase4_robustness: Cluster 89: 0 Level 2 survivors < 3 minimum. No core genes.
2026-05-05 21:06:46 [INFO] riker.phases.phase4_robustness: Cluster 90: 0 Level 2 survivors < 3 minimum. No core genes.
2026-05-05 21:06:46 [INFO] riker.phases.phase4_robustness: Cluster 91: 0 Level 2 survivors < 3 minimum. No core genes.
2026-05-05 21:06:46 [INFO] riker.phases.phase4_robustness: Cluster 92: 1 Level 2 survivors < 3 minimum. No core genes.
2026-05-05 21:06:46 [INFO] riker.phases.phase4_robustness: Cluster 103: 0 Level 2 survivors < 3 minimum. No core genes.
2026-05-05 21:06:46 [INFO] riker.phases.phase4_robustness: Cluster 104: 0 Level 2 survivors < 3 minimum. No core genes.
2026-05-05 21:06:46 [INFO] riker.phases.phase4_robustness: Cluster 105: 0 Level 2 survivors < 3 minimum. No core genes.
2026-05-05 21:06:46 [INFO] riker.phases.phase4_robustness: Cluster 106: 2 Level 2 survivors < 3 minimum. No core genes.
2026-05-05 21:06:46 [INFO] riker.phases.phase4_robustness: Cluster 112: 2 Level 2 survivors < 3 minimum. No core genes.
2026-05-05 21:06:46 [INFO] riker.phases.phase4_robustness: Cluster 122: 1 Level 2 survivors < 3 minimum. No core genes.
2026-05-05 21:06:46 [INFO] riker.phases.phase4_robustness: Cluster 123: 0 Level 2 survivors < 3 minimum. No core genes.
2026-05-05 21:06:46 [INFO] riker.phases.phase4_robustness: Cluster 136: 0 Level 2 survivors < 3 minimum. No core genes.
2026-05-05 21:06:46 [INFO] riker.phases.phase4_robustness: Cluster 137: 0 Level 2 survivors < 3 minimum. No core genes.
2026-05-05 21:06:46 [INFO] riker.phases.phase4_robustness: Cluster 145: 1 Level 2 survivors < 3 minimum. No core genes.
2026-05-05 21:06:46 [INFO] riker.phases.phase4_robustness: Cluster 187: 2 Level 2 survivors < 3 minimum. No core genes.
2026-05-05 21:06:46 [INFO] riker.phases.phase4_robustness: Cluster 201: 2 Level 2 survivors < 3 minimum. No core genes.
2026-05-05 21:06:46 [INFO] riker.phases.phase4_robustness: Cluster 202: 2 Level 2 survivors < 3 minimum. No core genes.
2026-05-05 21:06:46 [INFO] riker.phases.phase4_robustness: Cluster 218: 0 Level 2 survivors < 3 minimum. No core genes.
2026-05-05 21:06:46 [INFO] riker.phases.phase4_robustness: Cluster 229: 2 Level 2 survivors < 3 minimum. No core genes.
2026-05-05 21:06:46 [INFO] riker.phases.phase4_robustness: Cluster 255: 2 Level 2 survivors < 3 minimum. No core genes.
2026-05-05 21:06:46 [INFO] riker.phases.phase4_robustness: Cluster 259: 0 Level 2 survivors < 3 minimum. No core genes.
2026-05-05 21:06:46 [INFO] riker.phases.phase4_robustness: Cluster 280: 2 Level 2 survivors < 3 minimum. No core genes.
2026-05-05 21:06:46 [INFO] riker.phases.phase4_robustness: Cluster 332: 2 Level 2 survivors < 3 minimum. No core genes.
2026-05-05 21:06:46 [INFO] riker.phases.phase4_robustness: Cluster 352: 0 Level 2 survivors < 3 minimum. No core genes.
2026-05-05 21:06:46 [INFO] riker.phases.phase4_robustness: Cluster 390: 0 Level 2 survivors < 3 minimum. No core genes.
2026-05-05 21:06:46 [INFO] riker.phases.phase4_robustness: Cluster 393: 0 Level 2 survivors < 3 minimum. No core genes.
2026-05-05 21:06:46 [INFO] riker.phases.phase4_robustness: Cluster 396: 1 Level 2 survivors < 3 minimum. No core genes.
2026-05-05 21:06:46 [INFO] riker.phases.phase4_robustness: Cluster 413: 0 Level 2 survivors < 3 minimum. No core genes.
2026-05-05 21:06:46 [INFO] riker.phases.phase4_robustness: Cluster 426: 2 Level 2 survivors < 3 minimum. No core genes.
2026-05-05 21:06:46 [INFO] riker.phases.phase4_robustness: Cluster 434: 0 Level 2 survivors < 3 minimum. No core genes.
2026-05-05 21:06:46 [INFO] riker.phases.phase4_robustness: Cluster 439: 0 Level 2 survivors < 3 minimum. No core genes.
2026-05-05 21:06:46 [INFO] riker.phases.phase4_robustness: Cluster 440: 0 Level 2 survivors < 3 minimum. No core genes.
2026-05-05 21:06:46 [INFO] riker.phases.phase4_robustness: Cluster 441: 0 Level 2 survivors < 3 minimum. No core genes.
2026-05-05 21:06:46 [INFO] riker.phases.phase4_robustness: Cluster 442: 0 Level 2 survivors < 3 minimum. No core genes.
2026-05-05 21:06:46 [INFO] riker.phases.phase4_robustness: Cluster 452: 2 Level 2 survivors < 3 minimum. No core genes.
2026-05-05 21:06:46 [INFO] riker.phases.phase4_robustness: Cluster 455: 2 Level 2 survivors < 3 minimum. No core genes.
2026-05-05 21:06:46 [INFO] riker.phases.phase4_robustness: Cluster 464: 1 Level 2 survivors < 3 minimum. No core genes.
2026-05-05 21:06:46 [INFO] riker.phases.phase4_robustness: Cluster 465: 0 Level 2 survivors < 3 minimum. No core genes.
2026-05-05 21:06:46 [INFO] riker.phases.phase4_robustness: Cluster 470: 0 Level 2 survivors < 3 minimum. No core genes.
2026-05-05 21:06:46 [INFO] riker.phases.phase4_robustness: Cluster 477: 0 Level 2 survivors < 3 minimum. No core genes.
2026-05-05 21:06:46 [INFO] riker.phases.phase4_robustness: Cluster 478: 0 Level 2 survivors < 3 minimum. No core genes.
2026-05-05 21:06:46 [INFO] riker.phases.phase4_robustness: Identified 3697 core genes across all clusters.
2026-05-05 21:06:46 [INFO] riker.phases.phase4_robustness: Phase 4 complete: 35 significant clusters, 135 LOO-stable clusters, 3697 core genes.
2026-05-05 21:06:46 [INFO] riker.io.outputs: Phase 4 core genes: /home/kai001/riker-engine/disease_days/2026-05-05_brca_v0332/blind_pc/phase4_core_genes.csv
2026-05-05 21:06:46 [INFO] riker.io.outputs: Phase 4 all levels: /home/kai001/riker-engine/disease_days/2026-05-05_brca_v0332/blind_pc/phase4_all_levels.csv (5315 genes)
2026-05-05 21:06:46 [INFO] riker: ============================================================
2026-05-05 21:06:46 [INFO] riker: PHASE 5: Independent Replication
2026-05-05 21:06:46 [INFO] riker: ============================================================
2026-05-05 21:06:46 [INFO] riker: Loading replication dataset: GSE45827
/home/kai001/riker-engine/riker/cli.py:302: UserWarning: Sample GSM1116155 value 'cell line: bt20 | cell origin: breast carcinoma | batch: 2 | hybridation: 2' did not match any case (['diagnosis: breast cancer']) or control (['diagnosis: none']) values.
  pheno = extractor.extract(
/home/kai001/riker-engine/riker/cli.py:302: UserWarning: Sample GSM1116156 value 'cell line: hcc70 | cell origin: breast carcinoma | batch: 5 | hybridation: 1' did not match any case (['diagnosis: breast cancer']) or control (['diagnosis: none']) values.
  pheno = extractor.extract(
/home/kai001/riker-engine/riker/cli.py:302: UserWarning: Sample GSM1116157 value 'cell line: hcc1143 | cell origin: breast carcinoma | batch: 1 | hybridation: 3' did not match any case (['diagnosis: breast cancer']) or control (['diagnosis: none']) values.
  pheno = extractor.extract(
/home/kai001/riker-engine/riker/cli.py:302: UserWarning: Sample GSM1116158 value 'cell line: hcc1187 | cell origin: breast carcinoma | batch: 2 | hybridation: 1' did not match any case (['diagnosis: breast cancer']) or control (['diagnosis: none']) values.
  pheno = extractor.extract(
/home/kai001/riker-engine/riker/cli.py:302: UserWarning: Sample GSM1116159 value 'cell line: hcc1937 | cell origin: breast carcinoma | batch: 2 | hybridation: 3' did not match any case (['diagnosis: breast cancer']) or control (['diagnosis: none']) values.
  pheno = extractor.extract(
/home/kai001/riker-engine/riker/cli.py:302: UserWarning: Sample GSM1116160 value 'cell line: mda-mb-468 | cell origin: breast carcinoma | batch: 4 | hybridation: 2' did not match any case (['diagnosis: breast cancer']) or control (['diagnosis: none']) values.
  pheno = extractor.extract(
/home/kai001/riker-engine/riker/cli.py:302: UserWarning: Sample GSM1116161 value 'cell line: hcc38 | cell origin: breast carcinoma | batch: 3 | hybridation: 2' did not match any case (['diagnosis: breast cancer']) or control (['diagnosis: none']) values.
  pheno = extractor.extract(
/home/kai001/riker-engine/riker/cli.py:302: UserWarning: Sample GSM1116162 value 'cell line: mda-mb-231 | cell origin: breast carcinoma | batch: 5 | hybridation: 3' did not match any case (['diagnosis: breast cancer']) or control (['diagnosis: none']) values.
  pheno = extractor.extract(
/home/kai001/riker-engine/riker/cli.py:302: UserWarning: Sample GSM1116163 value 'cell line: mda-mb-436 | cell origin: breast carcinoma | batch: 1 | hybridation: 2' did not match any case (['diagnosis: breast cancer']) or control (['diagnosis: none']) values.
  pheno = extractor.extract(
/home/kai001/riker-engine/riker/cli.py:302: UserWarning: Sample GSM1116164 value 'cell line: mda-mb-157 | cell origin: breast carcinoma | batch: 5 | hybridation: 2' did not match any case (['diagnosis: breast cancer']) or control (['diagnosis: none']) values.
  pheno = extractor.extract(
/home/kai001/riker-engine/riker/cli.py:302: UserWarning: Sample GSM1116165 value 'cell line: bt-549 | cell origin: breast carcinoma | batch: 4 | hybridation: 3' did not match any case (['diagnosis: breast cancer']) or control (['diagnosis: none']) values.
  pheno = extractor.extract(
/home/kai001/riker-engine/riker/cli.py:302: UserWarning: Sample GSM1116166 value 'cell line: hs 578t | cell origin: breast carcinoma | batch: 3 | hybridation: 3' did not match any case (['diagnosis: breast cancer']) or control (['diagnosis: none']) values.
  pheno = extractor.extract(
/home/kai001/riker-engine/riker/cli.py:302: UserWarning: Sample GSM1116167 value 'cell line: mcf-12a | cell origin: breast mammary gland | batch: 3 | hybridation: 1' did not match any case (['diagnosis: breast cancer']) or control (['diagnosis: none']) values.
  pheno = extractor.extract(
/home/kai001/riker-engine/riker/cli.py:302: UserWarning: Sample GSM1116168 value 'cell line: 184b5 | cell origin: breast mammary gland | batch: 1 | hybridation: 1' did not match any case (['diagnosis: breast cancer']) or control (['diagnosis: none']) values.
  pheno = extractor.extract(
2026-05-05 21:07:02 [INFO] riker.ingestion.geo_parser: Probe-to-gene mapping: 26685 mapped, 3188 unmapped, 14510 unique genes.
2026-05-05 21:07:02 [INFO] riker: Loading replication dataset: GSE65194
/home/kai001/riker-engine/riker/cli.py:302: UserWarning: Sample GSM1589129 value 'sample_group: cellline | array_batch: b1 | hybridation batch: h1 | cell line: 184b5' did not match any case (['sample_group: tnbc', 'sample_group: her2', 'sample_group: luminal']) or control (['sample_group: healthy']) values.
  pheno = extractor.extract(
/home/kai001/riker-engine/riker/cli.py:302: UserWarning: Sample GSM1589131 value 'sample_group: cellline | array_batch: b1 | hybridation batch: h2 | cell line: mda-mb-436' did not match any case (['sample_group: tnbc', 'sample_group: her2', 'sample_group: luminal']) or control (['sample_group: healthy']) values.
  pheno = extractor.extract(
/home/kai001/riker-engine/riker/cli.py:302: UserWarning: Sample GSM1589133 value 'sample_group: cellline | array_batch: b1 | hybridation batch: h3 | cell line: hcc1143' did not match any case (['sample_group: tnbc', 'sample_group: her2', 'sample_group: luminal']) or control (['sample_group: healthy']) values.
  pheno = extractor.extract(
/home/kai001/riker-engine/riker/cli.py:302: UserWarning: Sample GSM1589134 value 'sample_group: cellline | array_batch: b2 | hybridation batch: h1 | cell line: hcc1187' did not match any case (['sample_group: tnbc', 'sample_group: her2', 'sample_group: luminal']) or control (['sample_group: healthy']) values.
  pheno = extractor.extract(
/home/kai001/riker-engine/riker/cli.py:302: UserWarning: Sample GSM1589137 value 'sample_group: cellline | array_batch: b2 | hybridation batch: h2 | cell line: bt20' did not match any case (['sample_group: tnbc', 'sample_group: her2', 'sample_group: luminal']) or control (['sample_group: healthy']) values.
  pheno = extractor.extract(
/home/kai001/riker-engine/riker/cli.py:302: UserWarning: Sample GSM1589138 value 'sample_group: cellline | array_batch: b2 | hybridation batch: h3 | cell line: hcc1937' did not match any case (['sample_group: tnbc', 'sample_group: her2', 'sample_group: luminal']) or control (['sample_group: healthy']) values.
  pheno = extractor.extract(
/home/kai001/riker-engine/riker/cli.py:302: UserWarning: Sample GSM1589140 value 'sample_group: cellline | array_batch: b3 | hybridation batch: h1 | cell line: mcf-12a' did not match any case (['sample_group: tnbc', 'sample_group: her2', 'sample_group: luminal']) or control (['sample_group: healthy']) values.
  pheno = extractor.extract(
/home/kai001/riker-engine/riker/cli.py:302: UserWarning: Sample GSM1589141 value 'sample_group: cellline | array_batch: b3 | hybridation batch: h2 | cell line: hcc38' did not match any case (['sample_group: tnbc', 'sample_group: her2', 'sample_group: luminal']) or control (['sample_group: healthy']) values.
  pheno = extractor.extract(
/home/kai001/riker-engine/riker/cli.py:302: UserWarning: Sample GSM1589143 value 'sample_group: cellline | array_batch: b3 | hybridation batch: h3 | cell line: hs 578t' did not match any case (['sample_group: tnbc', 'sample_group: her2', 'sample_group: luminal']) or control (['sample_group: healthy']) values.
  pheno = extractor.extract(
/home/kai001/riker-engine/riker/cli.py:302: UserWarning: Sample GSM1589146 value 'sample_group: cellline | array_batch: b4 | hybridation batch: h2 | cell line: mda-mb-468' did not match any case (['sample_group: tnbc', 'sample_group: her2', 'sample_group: luminal']) or control (['sample_group: healthy']) values.
  pheno = extractor.extract(
/home/kai001/riker-engine/riker/cli.py:302: UserWarning: Sample GSM1589147 value 'sample_group: cellline | array_batch: b4 | hybridation batch: h3 | cell line: bt-549' did not match any case (['sample_group: tnbc', 'sample_group: her2', 'sample_group: luminal']) or control (['sample_group: healthy']) values.
  pheno = extractor.extract(
/home/kai001/riker-engine/riker/cli.py:302: UserWarning: Sample GSM1589149 value 'sample_group: cellline | array_batch: b5 | hybridation batch: h1 | cell line: hcc70' did not match any case (['sample_group: tnbc', 'sample_group: her2', 'sample_group: luminal']) or control (['sample_group: healthy']) values.
  pheno = extractor.extract(
/home/kai001/riker-engine/riker/cli.py:302: UserWarning: Sample GSM1589152 value 'sample_group: cellline | array_batch: b5 | hybridation batch: h2 | cell line: mda-mb-157' did not match any case (['sample_group: tnbc', 'sample_group: her2', 'sample_group: luminal']) or control (['sample_group: healthy']) values.
  pheno = extractor.extract(
/home/kai001/riker-engine/riker/cli.py:302: UserWarning: Sample GSM1589153 value 'sample_group: cellline | array_batch: b5 | hybridation batch: h3 | cell line: mda-mb-231' did not match any case (['sample_group: tnbc', 'sample_group: her2', 'sample_group: luminal']) or control (['sample_group: healthy']) values.
  pheno = extractor.extract(
2026-05-05 21:07:31 [INFO] riker.ingestion.geo_parser: Probe-to-gene mapping: 45116 mapped, 9557 unmapped, 21717 unique genes.
2026-05-05 21:07:31 [INFO] riker.phases.phase5_replication: Phase 5: Testing 3697 pre-specified core genes in 2 replication datasets.
2026-05-05 21:07:31 [INFO] riker.phases.phase5_replication: Gene ARHGAP35: eliminated — Significant opposite direction in same-tissue dataset(s): ['GSE45827', 'GSE65194']. Discovery direction: up.
2026-05-05 21:07:31 [INFO] riker.phases.phase5_replication: Gene GLE1: survived — Same-tissue replication: 0/2 concordant. Cross-tissue: 0/0 concordant.
2026-05-05 21:07:31 [INFO] riker.phases.phase5_replication: Gene INO80D: survived — Same-tissue replication: 2/2 concordant. Cross-tissue: 0/0 concordant.
2026-05-05 21:07:31 [INFO] riker.phases.phase5_replication: Gene ZBTB40: eliminated — Significant opposite direction in same-tissue dataset(s): ['GSE45827', 'GSE65194']. Discovery direction: up.
2026-05-05 21:07:31 [INFO] riker.phases.phase5_replication: Gene ZNF408: eliminated — Significant opposite direction in same-tissue dataset(s): ['GSE45827', 'GSE65194']. Discovery direction: up.
2026-05-05 21:07:31 [INFO] riker.phases.phase5_replication: Gene ARFGEF1: survived — Same-tissue replication: 2/2 concordant. Cross-tissue: 0/0 concordant.
2026-05-05 21:07:31 [INFO] riker.phases.phase5_replication: Gene CENPX: survived — Same-tissue replication: 2/2 concordant. Cross-tissue: 0/0 concordant.
2026-05-05 21:07:31 [INFO] riker.phases.phase5_replication: Gene DCAF11: survived — Same-tissue replication: 0/2 concordant. Cross-tissue: 0/0 concordant.
2026-05-05 21:07:31 [INFO] riker.phases.phase5_replication: Gene DCAF7: survived — Same-tissue replication: 2/2 concordant. Cross-tissue: 0/0 concordant.
2026-05-05 21:07:31 [INFO] riker.phases.phase5_replication: Gene EGLN3: survived — Same-tissue replication: 2/2 concordant. Cross-tissue: 0/0 concordant.
2026-05-05 21:07:31 [INFO] riker.phases.phase5_replication: Gene FLT1: survived — Same-tissue replication: 2/2 concordant. Cross-tissue: 0/0 concordant.
2026-05-05 21:07:31 [INFO] riker.phases.phase5_replication: Gene GRHL2: survived — Same-tissue replication: 2/2 concordant. Cross-tissue: 0/0 concordant.
2026-05-05 21:07:31 [INFO] riker.phases.phase5_replication: Gene HS6ST1: survived — Same-tissue replication: 2/2 concordant. Cross-tissue: 0/0 concordant.
2026-05-05 21:07:31 [INFO] riker.phases.phase5_replication: Gene INPP5J: survived — Same-tissue replication: 1/2 concordant. Cross-tissue: 0/0 concordant.
2026-05-05 21:07:31 [INFO] riker.phases.phase5_replication: Gene KIF2C: survived — Same-tissue replication: 2/2 concordant. Cross-tissue: 0/0 concordant.
2026-05-05 21:07:31 [INFO] riker.phases.phase5_replication: Gene LIG3: survived — Same-tissue replication: 2/2 concordant. Cross-tissue: 0/0 concordant.
2026-05-05 21:07:31 [INFO] riker.phases.phase5_replication: Gene MDM2: survived — Same-tissue replication: 2/2 concordant. Cross-tissue: 0/0 concordant.
2026-05-05 21:07:31 [INFO] riker.phases.phase5_replication: Gene MID1: survived — Same-tissue replication: 2/2 concordant. Cross-tissue: 0/0 concordant.
2026-05-05 21:07:31 [INFO] riker.phases.phase5_replication: Gene OVOL1: survived — Same-tissue replication: 2/2 concordant. Cross-tissue: 0/0 concordant.
2026-05-05 21:07:31 [INFO] riker.phases.phase5_replication: Gene PACC1: survived — Same-tissue replication: 2/2 concordant. Cross-tissue: 0/0 concordant.
2026-05-05 21:07:31 [INFO] riker.phases.phase5_replication: Gene PTPN1: survived — Same-tissue replication: 2/2 concordant. Cross-tissue: 0/0 concordant.
2026-05-05 21:07:31 [INFO] riker.phases.phase5_replication: Gene SHB: survived — Same-tissue replication: 2/2 concordant. Cross-tissue: 0/0 concordant.
2026-05-05 21:07:31 [INFO] riker.phases.phase5_replication: Gene STXBP2: survived — Same-tissue replication: 2/2 concordant. Cross-tissue: 0/0 concordant.
2026-05-05 21:07:31 [INFO] riker.phases.phase5_replication: Gene TELO2: survived — Same-tissue replication: 0/2 concordant. Cross-tissue: 0/0 concordant.
2026-05-05 21:07:31 [INFO] riker.phases.phase5_replication: Gene TRAF2: survived — Same-tissue replication: 2/2 concordant. Cross-tissue: 0/0 concordant.
2026-05-05 21:07:31 [INFO] riker.phases.phase5_replication: Gene ACAT1: survived — Same-tissue replication: 2/2 concordant. Cross-tissue: 0/0 concordant.
2026-05-05 21:07:31 [INFO] riker.phases.phase5_replication: Gene ARHGEF6: survived — Same-tissue replication: 2/2 concordant. Cross-tissue: 0/0 concordant.
2026-05-05 21:07:31 [INFO] riker.phases.phase5_replication: Gene CLDN5: survived — Same-tissue replication: 2/2 concordant. Cross-tissue: 0/0 concordant.
2026-05-05 21:07:31 [INFO] riker.phases.phase5_replication: Gene CRYBG3: survived — Same-tissue replication: 2/2 concordant. Cross-tissue: 0/0 concordant.
2026-05-05 21:07:31 [INFO] riker.phases.phase5_replication: Gene CYP26B1: survived — Same-tissue replication: 2/2 concordant. Cross-tissue: 0/0 concordant.
2026-05-05 21:07:31 [INFO] riker.phases.phase5_replication: Gene DIPK1A: survived — Same-tissue replication: 2/2 concordant. Cross-tissue: 0/0 concordant.
2026-05-05 21:07:31 [INFO] riker.phases.phase5_replication: Gene HOXA5: survived — Same-tissue replication: 2/2 concordant. Cross-tissue: 0/0 concordant.
2026-05-05 21:07:31 [INFO] riker.phases.phase5_replication: Gene LDHB: survived — Same-tissue replication: 2/2 concordant. Cross-tissue: 0/0 concordant.
2026-05-05 21:07:31 [INFO] riker.phases.phase5_replication: Gene SOBP: survived — Same-tissue replication: 2/2 concordant. Cross-tissue: 0/0 concordant.
2026-05-05 21:07:31 [INFO] riker.phases.phase5_replication: Gene ARHGEF40: survived — Same-tissue replication: 2/2 concordant. Cross-tissue: 0/0 concordant.
2026-05-05 21:07:31 [INFO] riker.phases.phase5_replication: Gene HSDL2: survived — Same-tissue replication: 2/2 concordant. Cross-tissue: 0/0 concordant.
2026-05-05 21:07:32 [INFO] riker.phases.phase5_replication: Gene LHFPL6: survived — Same-tissue replication: 2/2 concordant. Cross-tissue: 0/0 concordant.
2026-05-05 21:07:32 [INFO] riker.phases.phase5_replication: Gene PLSCR4: survived — Same-tissue replication: 2/2 concordant. Cross-tissue: 0/0 concordant.
2026-05-05 21:07:32 [INFO] riker.phases.phase5_replication: Gene SLC7A10: survived — Same-tissue replication: 1/1 concordant. Cross-tissue: 0/0 concordant.
2026-05-05 21:07:32 [INFO] riker.phases.phase5_replication: Gene AP1S2: survived — Same-tissue replication: 2/2 concordant. Cross-tissue: 0/0 concordant.
2026-05-05 21:07:32 [INFO] riker.phases.phase5_replication: Gene ATP2A3: survived — Same-tissue replication: 2/2 concordant. Cross-tissue: 0/0 concordant.
2026-05-05 21:07:32 [INFO] riker.phases.phase5_replication: Gene IQCK: survived — Same-tissue replication: 2/2 concordant. Cross-tissue: 0/0 concordant.
2026-05-05 21:07:32 [INFO] riker.phases.phase5_replication: Gene MYO15B: survived — Same-tissue replication: 2/2 concordant. Cross-tissue: 0/0 concordant.
2026-05-05 21:07:32 [INFO] riker.phases.phase5_replication: Gene PIGC: survived — Same-tissue replication: 2/2 concordant. Cross-tissue: 0/0 concordant.
2026-05-05 21:07:32 [INFO] riker.phases.phase5_replication: Gene SEMA4A: survived — Same-tissue replication: 2/2 concordant. Cross-tissue: 0/0 concordant.
2026-05-05 21:07:32 [INFO] riker.phases.phase5_replication: Gene TGIF2: survived — Same-tissue replication: 0/2 concordant. Cross-tissue: 0/0 concordant.
2026-05-05 21:07:32 [INFO] riker.phases.phase5_replication: Gene TRIM14: survived — Same-tissue replication: 2/2 concordant. Cross-tissue: 0/0 concordant.
2026-05-05 21:07:32 [INFO] riker.phases.phase5_replication: Gene TTC39A: survived — Same-tissue replication: 2/2 concordant. Cross-tissue: 0/0 concordant.
2026-05-05 21:07:32 [INFO] riker.phases.phase5_replication: Gene UBE2L3: eliminated — Significant opposite direction in same-tissue dataset(s): ['GSE45827', 'GSE65194']. Discovery direction: down.
2026-05-05 21:07:32 [INFO] riker.phases.phase5_replication: Gene ZDHHC24: survived — Same-tissue replication: 2/2 concordant. Cross-tissue: 0/0 concordant.
2026-05-05 21:07:32 [INFO] riker.phases.phase5_replication: Gene ATP9A: survived — Same-tissue replication: 2/2 concordant. Cross-tissue: 0/0 concordant.
2026-05-05 21:07:32 [INFO] riker.phases.phase5_replication: Gene CWC22: survived — Same-tissue replication: 1/2 concordant. Cross-tissue: 0/0 concordant.
2026-05-05 21:07:32 [INFO] riker.phases.phase5_replication: Gene EVI5: survived — Same-tissue replication: 2/2 concordant. Cross-tissue: 0/0 concordant.
2026-05-05 21:07:32 [INFO] riker.phases.phase5_replication: Gene KIF26A: survived — Same-tissue replication: 2/2 concordant. Cross-tissue: 0/0 concordant.
2026-05-05 21:07:32 [INFO] riker.phases.phase5_replication: Gene MBNL1: survived — Same-tissue replication: 2/2 concordant. Cross-tissue: 0/0 concordant.
2026-05-05 21:07:32 [INFO] riker.phases.phase5_replication: Gene RXRA: survived — Same-tissue replication: 2/2 concordant. Cross-tissue: 0/0 concordant.
2026-05-05 21:07:32 [INFO] riker.phases.phase5_replication: Gene TMEM88: survived — Same-tissue replication: 1/1 concordant. Cross-tissue: 0/0 concordant.
2026-05-05 21:07:32 [INFO] riker.phases.phase5_replication: Gene AAGAB: survived — Same-tissue replication: 2/2 concordant. Cross-tissue: 0/0 concordant.
2026-05-05 21:07:32 [INFO] riker.phases.phase5_replication: Gene FAAP100: eliminated — Significant opposite direction in same-tissue dataset(s): ['GSE45827', 'GSE65194']. Discovery direction: up.
2026-05-05 21:07:32 [INFO] riker.phases.phase5_replication: Gene NSUN5: eliminated — Significant opposite direction in same-tissue dataset(s): ['GSE45827', 'GSE65194']. Discovery direction: up.
2026-05-05 21:07:32 [INFO] riker.phases.phase5_replication: Gene PARN: survived — Same-tissue replication: 2/2 concordant. Cross-tissue: 0/0 concordant.
2026-05-05 21:07:32 [INFO] riker.phases.phase5_replication: Gene SEC14L2: survived — Same-tissue replication: 0/2 concordant. Cross-tissue: 0/0 concordant.
2026-05-05 21:07:32 [INFO] riker.phases.phase5_replication: Gene STYXL1: survived — Same-tissue replication: 2/2 concordant. Cross-tissue: 0/0 concordant.
2026-05-05 21:07:32 [INFO] riker.phases.phase5_replication: Gene WRNIP1: survived — Same-tissue replication: 2/2 concordant. Cross-tissue: 0/0 concordant.
2026-05-05 21:07:32 [INFO] riker.phases.phase5_replication: Gene BIN1: survived — Same-tissue replication: 2/2 concordant. Cross-tissue: 0/0 concordant.
2026-05-05 21:07:32 [INFO] riker.phases.phase5_replication: Gene C2CD2: survived — Same-tissue replication: 2/2 concordant. Cross-tissue: 0/0 concordant.
2026-05-05 21:07:32 [INFO] riker.phases.phase5_replication: Gene CAVIN1: survived — Same-tissue replication: 2/2 concordant. Cross-tissue: 0/0 concordant.
2026-05-05 21:07:32 [INFO] riker.phases.phase5_replication: Gene CELF2: survived — Same-tissue replication: 2/2 concordant. Cross-tissue: 0/0 concordant.
2026-05-05 21:07:32 [INFO] riker.phases.phase5_replication: Gene COBLL1: survived — Same-tissue replication: 2/2 concordant. Cross-tissue: 0/0 concordant.
2026-05-05 21:07:32 [INFO] riker.phases.phase5_replication: Gene COQ8A: survived — Same-tissue replication: 2/2 concordant. Cross-tissue: 0/0 concordant.
2026-05-05 21:07:32 [INFO] riker.phases.phase5_replication: Gene EHD2: survived — Same-tissue replication: 2/2 concordant. Cross-tissue: 0/0 concordant.
2026-05-05 21:07:32 [INFO] riker.phases.phase5_replication: Gene EPB41L2: survived — Same-tissue replication: 2/2 concordant. Cross-tissue: 0/0 concordant.
2026-05-05 21:07:32 [INFO] riker.phases.phase5_replication: Gene FOXO1: survived — Same-tissue replication: 2/2 concordant. Cross-tissue: 0/0 concordant.
2026-05-05 21:07:32 [INFO] riker.phases.phase5_replication: Gene HLF: survived — Same-tissue replication: 2/2 concordant. Cross-tissue: 0/0 concordant.
2026-05-05 21:07:32 [INFO] riker.phases.phase5_replication: Gene ITSN1: survived — Same-tissue replication: 2/2 concordant. Cross-tissue: 0/0 concordant.
2026-05-05 21:07:32 [INFO] riker.phases.phase5_replication: Gene LDB2: survived — Same-tissue replication: 2/2 concordant. Cross-tissue: 0/0 concordant.
2026-05-05 21:07:32 [INFO] riker.phases.phase5_replication: Gene PALM2AKAP2: survived — Same-tissue replication: 2/2 concordant. Cross-tissue: 0/0 concordant.
2026-05-05 21:07:32 [INFO] riker.phases.phase5_replication: Gene RETSAT: survived — Same-tissue replication: 2/2 concordant. Cross-tissue: 0/0 concordant.
2026-05-05 21:07:32 [INFO] riker.phases.phase5_replication: Gene TGFBR2: survived — Same-tissue replication: 2/2 concordant. Cross-tissue: 0/0 concordant.
2026-05-05 21:07:32 [INFO] riker.phases.phase5_replication: Gene ADAMTS1: survived — Same-tissue replication: 2/2 concordant. Cross-tissue: 0/0 concordant.
2026-05-05 21:07:32 [INFO] riker.phases.phase5_replication: Gene ANGPTL2: survived — Same-tissue replication: 2/2 concordant. Cross-tissue: 0/0 concordant.
2026-05-05 21:07:32 [INFO] riker.phases.phase5_replication: Gene EHBP1: survived — Same-tissue replication: 2/2 concordant. Cross-tissue: 0/0 concordant.
2026-05-05 21:07:32 [INFO] riker.phases.phase5_replication: Gene EPAS1: survived — Same-tissue replication: 2/2 concordant. Cross-tissue: 0/0 concordant.
2026-05-05 21:07:32 [INFO] riker.phases.phase5_replication: Gene GSN: survived — Same-tissue replication: 2/2 concordant. Cross-tissue: 0/0 concordant.
2026-05-05 21:07:32 [INFO] riker.phases.phase5_replication: Gene IRS2: survived — Same-tissue replication: 2/2 concordant. Cross-tissue: 0/0 concordant.
2026-05-05 21:07:32 [INFO] riker.phases.phase5_replication: Gene ITGB1BP1: survived — Same-tissue replication: 2/2 concordant. Cross-tissue: 0/0 concordant.
2026-05-05 21:07:32 [INFO] riker.phases.phase5_replication: Gene LAMA4: survived — Same-tissue replication: 2/2 concordant. Cross-tissue: 0/0 concordant.
2026-05-05 21:07:32 [INFO] riker.phases.phase5_replication: Gene MEOX1: survived — Same-tissue replication: 2/2 concordant. Cross-tissue: 0/0 concordant.
2026-05-05 21:07:32 [INFO] riker.phases.phase5_replication: Gene MEST: survived — Same-tissue replication: 2/2 concordant. Cross-tissue: 0/0 concordant.
2026-05-05 21:07:32 [INFO] riker.phases.phase5_replication: Gene PDE2A: survived — Same-tissue replication: 2/2 concordant. Cross-tissue: 0/0 concordant.
2026-05-05 21:07:32 [INFO] riker.phases.phase5_replication: Gene PRELP: survived — Same-tissue replication: 2/2 concordant. Cross-tissue: 0/0 concordant.
2026-05-05 21:07:32 [INFO] riker.phases.phase5_replication: Gene SAMD4A: survived — Same-tissue replication: 2/2 concordant. Cross-tissue: 0/0 concordant.
2026-05-05 21:07:32 [INFO] riker.phases.phase5_replication: Gene SLC35G2: survived — Same-tissue replication: 1/1 concordant. Cross-tissue: 0/0 concordant.
2026-05-05 21:07:32 [INFO] riker.phases.phase5_replication: Gene SPTBN1: survived — Same-tissue replication: 2/2 concordant. Cross-tissue: 0/0 concordant.
2026-05-05 21:07:32 [INFO] riker.phases.phase5_replication: Gene SYNPO: survived — Same-tissue replication: 2/2 concordant. Cross-tissue: 0/0 concordant.
2026-05-05 21:07:32 [INFO] riker.phases.phase5_replication: Gene VWF: survived — Same-tissue replication: 2/2 concordant. Cross-tissue: 0/0 concordant.
2026-05-05 21:07:32 [INFO] riker.phases.phase5_replication: Gene ANXA1: survived — Same-tissue replication: 2/2 concordant. Cross-tissue: 0/0 concordant.
2026-05-05 21:07:32 [INFO] riker.phases.phase5_replication: Gene CASQ2: survived — Same-tissue replication: 1/1 concordant. Cross-tissue: 0/0 concordant.
2026-05-05 21:07:32 [INFO] riker.phases.phase5_replication: Gene FBLN5: survived — Same-tissue replication: 2/2 concordant. Cross-tissue: 0/0 concordant.
2026-05-05 21:07:32 [INFO] riker.phases.phase5_replication: Gene FGF2: survived — Same-tissue replication: 2/2 concordant. Cross-tissue: 0/0 concordant.
2026-05-05 21:07:32 [INFO] riker.phases.phase5_replication: Gene KANK1: survived — Same-tissue replication: 2/2 concordant. Cross-tissue: 0/0 concordant.
2026-05-05 21:07:32 [INFO] riker.phases.phase5_replication: Gene MT1M: survived — Same-tissue replication: 2/2 concordant. Cross-tissue: 0/0 concordant.
2026-05-05 21:07:32 [INFO] riker.phases.phase5_replication: Gene PCSK5: survived — Same-tissue replication: 2/2 concordant. Cross-tissue: 0/0 concordant.
2026-05-05 21:07:32 [INFO] riker.phases.phase5_replication: Gene PFKFB3: survived — Same-tissue replication: 2/2 concordant. Cross-tissue: 0/0 concordant.
2026-05-05 21:07:32 [INFO] riker.phases.phase5_replication: Gene RGCC: survived — Same-tissue replication: 2/2 concordant. Cross-tissue: 0/0 concordant.
2026-05-05 21:07:32 [INFO] riker.phases.phase5_replication: Gene SIK2: survived — Same-tissue replication: 2/2 concordant. Cross-tissue: 0/0 concordant.
2026-05-05 21:07:32 [INFO] riker.phases.phase5_replication: Gene SOX5: survived — Same-tissue replication: 1/1 concordant. Cross-tissue: 0/0 concordant.
2026-05-05 21:07:32 [INFO] riker.phases.phase5_replication: Gene APBB2: survived — Same-tissue replication: 0/2 concordant. Cross-tissue: 0/0 concordant.
2026-05-05 21:07:32 [INFO] riker.phases.phase5_replication: Gene BAG4: eliminated — Significant opposite direction in same-tissue dataset(s): ['GSE45827', 'GSE65194']. Discovery direction: down.
2026-05-05 21:07:32 [INFO] riker.phases.phase5_replication: Gene CCN1: survived — Same-tissue replication: 0/2 concordant. Cross-tissue: 0/0 concordant.
2026-05-05 21:07:32 [INFO] riker.phases.phase5_replication: Gene CD14: survived — Same-tissue replication: 2/2 concordant. Cross-tissue: 0/0 concordant.
2026-05-05 21:07:32 [INFO] riker.phases.phase5_replication: Gene CD163: eliminated — Significant opposite direction in same-tissue dataset(s): ['GSE45827', 'GSE65194']. Discovery direction: down.
2026-05-05 21:07:32 [INFO] riker.phases.phase5_replication: Gene CYB5A: survived — Same-tissue replication: 0/2 concordant. Cross-tissue: 0/0 concordant.
2026-05-05 21:07:32 [INFO] riker.phases.phase5_replication: Gene EFEMP2: survived — Same-tissue replication: 2/2 concordant. Cross-tissue: 0/0 concordant.
2026-05-05 21:07:32 [INFO] riker.phases.phase5_replication: Gene GSTK1: survived — Same-tissue replication: 2/2 concordant. Cross-tissue: 0/0 concordant.
2026-05-05 21:07:32 [INFO] riker.phases.phase5_replication: Gene MPST: survived — Same-tissue replication: 2/2 concordant. Cross-tissue: 0/0 concordant.
2026-05-05 21:07:32 [INFO] riker.phases.phase5_replication: Gene PGD: eliminated — Significant opposite direction in same-tissue dataset(s): ['GSE45827', 'GSE65194']. Discovery direction: down.
2026-05-05 21:07:32 [INFO] riker.phases.phase5_replication: Gene PIM1: survived — Same-tissue replication: 2/2 concordant. Cross-tissue: 0/0 concordant.
2026-05-05 21:07:32 [INFO] riker.phases.phase5_replication: Gene PLOD2: eliminated — Significant opposite direction in same-tissue dataset(s): ['GSE45827', 'GSE65194']. Discovery direction: down.
2026-05-05 21:07:32 [INFO] riker.phases.phase5_replication: Gene PNMA1: survived — Same-tissue replication: 0/2 concordant. Cross-tissue: 0/0 concordant.
2026-05-05 21:07:32 [INFO] riker.phases.phase5_replication: Gene PTPRO: eliminated — Significant opposite direction in same-tissue dataset(s): ['GSE45827', 'GSE65194']. Discovery direction: down.
2026-05-05 21:07:32 [INFO] riker.phases.phase5_replication: Gene QDPR: survived — Same-tissue replication: 0/2 concordant. Cross-tissue: 0/0 concordant.
2026-05-05 21:07:32 [INFO] riker.phases.phase5_replication: Gene RASSF4: survived — Same-tissue replication: 0/2 concordant. Cross-tissue: 0/0 concordant.
2026-05-05 21:07:32 [INFO] riker.phases.phase5_replication: Gene REEP2: survived — Same-tissue replication: 1/1 concordant. Cross-tissue: 0/0 concordant.
2026-05-05 21:07:32 [INFO] riker.phases.phase5_replication: Gene RWDD2B: survived — Same-tissue replication: 2/2 concordant. Cross-tissue: 0/0 concordant.
2026-05-05 21:07:32 [INFO] riker.phases.phase5_replication: Gene SCD: survived — Same-tissue replication: 0/2 concordant. Cross-tissue: 0/0 concordant.
2026-05-05 21:07:32 [INFO] riker.phases.phase5_replication: Gene SHOX2: survived — Same-tissue replication: 2/2 concordant. Cross-tissue: 0/0 concordant.
2026-05-05 21:07:32 [INFO] riker.phases.phase5_replication: Gene SIRT1: survived — Same-tissue replication: 0/2 concordant. Cross-tissue: 0/0 concordant.
2026-05-05 21:07:32 [INFO] riker.phases.phase5_replication: Gene SLC25A23: survived — Same-tissue replication: 2/2 concordant. Cross-tissue: 0/0 concordant.
2026-05-05 21:07:32 [INFO] riker.phases.phase5_replication: Gene SOCS3: eliminated — Significant opposite direction in same-tissue dataset(s): ['GSE45827', 'GSE65194']. Discovery direction: down.
2026-05-05 21:07:32 [INFO] riker.phases.phase5_replication: Gene ARSD: eliminated — Significant opposite direction in same-tissue dataset(s): ['GSE45827', 'GSE65194']. Discovery direction: up.
2026-05-05 21:07:32 [INFO] riker.phases.phase5_replication: Gene BYSL: survived — Same-tissue replication: 2/2 concordant. Cross-tissue: 0/0 concordant.
2026-05-05 21:07:32 [INFO] riker.phases.phase5_replication: Gene DUS1L: survived — Same-tissue replication: 2/2 concordant. Cross-tissue: 0/0 concordant.
2026-05-05 21:07:32 [INFO] riker.phases.phase5_replication: Gene HGH1: survived — Same-tissue replication: 2/2 concordant. Cross-tissue: 0/0 concordant.
2026-05-05 21:07:32 [INFO] riker.phases.phase5_replication: Gene SLC6A6: survived — Same-tissue replication: 2/2 concordant. Cross-tissue: 0/0 concordant.
2026-05-05 21:07:32 [INFO] riker.phases.phase5_replication: Gene SMG9: eliminated — Significant opposite direction in same-tissue dataset(s): ['GSE45827', 'GSE65194']. Discovery direction: up.
2026-05-05 21:07:32 [INFO] riker.phases.phase5_replication: Gene NAV2: eliminated — Significant opposite direction in same-tissue dataset(s): ['GSE45827', 'GSE65194']. Discovery direction: up.
2026-05-05 21:07:32 [INFO] riker.phases.phase5_replication: Gene OGT: eliminated — Significant opposite direction in same-tissue dataset(s): ['GSE45827', 'GSE65194']. Discovery direction: up.
2026-05-05 21:07:32 [INFO] riker.phases.phase5_replication: Gene PKP1: survived — Same-tissue replication: 2/2 concordant. Cross-tissue: 0/0 concordant.
2026-05-05 21:07:32 [INFO] riker.phases.phase5_replication: Gene PMM2: survived — Same-tissue replication: 2/2 concordant. Cross-tissue: 0/0 concordant.
2026-05-05 21:07:32 [INFO] riker.phases.phase5_replication: Gene PSMA3: survived — Same-tissue replication: 2/2 concordant. Cross-tissue: 0/0 concordant.
2026-05-05 21:07:32 [INFO] riker.phases.phase5_replication: Gene RSRP1: survived — Same-tissue replication: 0/2 concordant. Cross-tissue: 0/0 concordant.
2026-05-05 21:07:32 [INFO] riker.phases.phase5_replication: Gene CAMK2N1: survived — Same-tissue replication: 2/2 concordant. Cross-tissue: 0/0 concordant.
2026-05-05 21:07:32 [INFO] riker.phases.phase5_replication: Gene CMPK2: survived — Same-tissue replication: 2/2 concordant. Cross-tissue: 0/0 concordant.
2026-05-05 21:07:32 [INFO] riker.phases.phase5_replication: Gene DKK3: eliminated — Significant opposite direction in same-tissue dataset(s): ['GSE45827', 'GSE65194']. Discovery direction: up.
2026-05-05 21:07:32 [INFO] riker.phases.phase5_replication: Gene ESR1: eliminated — Significant opposite direction in same-tissue dataset(s): ['GSE65194']. Discovery direction: up.
2026-05-05 21:07:32 [INFO] riker.phases.phase5_replication: Gene HES1: survived — Same-tissue replication: 0/2 concordant. Cross-tissue: 0/0 concordant.
2026-05-05 21:07:32 [INFO] riker.phases.phase5_replication: Gene IL17RB: survived — Same-tissue replication: 2/2 concordant. Cross-tissue: 0/0 concordant.
2026-05-05 21:07:32 [INFO] riker.phases.phase5_replication: Gene MAL2: survived — Same-tissue replication: 2/2 concordant. Cross-tissue: 0/0 concordant.
2026-05-05 21:07:32 [INFO] riker.phases.phase5_replication: Gene TENT5C: survived — Same-tissue replication: 1/2 concordant. Cross-tissue: 0/0 concordant.
2026-05-05 21:07:32 [INFO] riker.phases.phase5_replication: Gene TFAP2B: eliminated — Significant opposite direction in same-tissue dataset(s): ['GSE45827', 'GSE65194']. Discovery direction: up.
2026-05-05 21:07:32 [INFO] riker.phases.phase5_replication: Gene DCLRE1C: survived — Same-tissue replication: 2/2 concordant. Cross-tissue: 0/0 concordant.
2026-05-05 21:07:32 [INFO] riker.phases.phase5_replication: Gene GPD2: survived — Same-tissue replication: 2/2 concordant. Cross-tissue: 0/0 concordant.
2026-05-05 21:07:32 [INFO] riker.phases.phase5_replication: Gene POC5: survived — Same-tissue replication: 2/2 concordant. Cross-tissue: 0/0 concordant.
2026-05-05 21:07:32 [INFO] riker.phases.phase5_replication: Gene ZNF180: survived — Same-tissue replication: 2/2 concordant. Cross-tissue: 0/0 concordant.
2026-05-05 21:07:32 [INFO] riker.phases.phase5_replication: Gene DNAJC24: survived — Same-tissue replication: 0/2 concordant. Cross-tissue: 0/0 concordant.
2026-05-05 21:07:32 [INFO] riker.phases.phase5_replication: Gene DOCK5: survived — Same-tissue replication: 2/2 concordant. Cross-tissue: 0/0 concordant.
2026-05-05 21:07:32 [INFO] riker.phases.phase5_replication: Gene EXO5: survived — Same-tissue replication: 2/2 concordant. Cross-tissue: 0/0 concordant.
2026-05-05 21:07:32 [INFO] riker.phases.phase5_replication: Gene FIBP: survived — Same-tissue replication: 2/2 concordant. Cross-tissue: 0/0 concordant.
2026-05-05 21:07:32 [INFO] riker.phases.phase5_replication: Gene HLA-DOA: survived — Same-tissue replication: 2/2 concordant. Cross-tissue: 0/0 concordant.
2026-05-05 21:07:32 [INFO] riker.phases.phase5_replication: Gene LRRD1: survived — Same-tissue replication: 2/2 concordant. Cross-tissue: 0/0 concordant.
2026-05-05 21:07:32 [INFO] riker.phases.phase5_replication: Gene MFSD12: survived — Same-tissue replication: 2/2 concordant. Cross-tissue: 0/0 concordant.
2026-05-05 21:07:32 [INFO] riker.phases.phase5_replication: Gene MYO1D: survived — Same-tissue replication: 2/2 concordant. Cross-tissue: 0/0 concordant.
2026-05-05 21:07:32 [INFO] riker.phases.phase5_replication: Gene NEU3: survived — Same-tissue replication: 2/2 concordant. Cross-tissue: 0/0 concordant.
2026-05-05 21:07:32 [INFO] riker.phases.phase5_replication: Gene NRIP3: survived — Same-tissue replication: 2/2 concordant. Cross-tissue: 0/0 concordant.
2026-05-05 21:07:32 [INFO] riker.phases.phase5_replication: Gene OAS2: survived — Same-tissue replication: 2/2 concordant. Cross-tissue: 0/0 concordant.
2026-05-05 21:07:32 [INFO] riker.phases.phase5_replication: Gene P3H1: survived — Same-tissue replication: 2/2 concordant. Cross-tissue: 0/0 concordant.
2026-05-05 21:07:32 [INFO] riker.phases.phase5_replication: Gene PRCC: survived — Same-tissue replication: 2/2 concordant. Cross-tissue: 0/0 concordant.
2026-05-05 21:07:32 [INFO] riker.phases.phase5_replication: Gene RAD21: survived — Same-tissue replication: 2/2 concordant. Cross-tissue: 0/0 concordant.
2026-05-05 21:07:32 [INFO] riker.phases.phase5_replication: Gene REL: survived — Same-tissue replication: 2/2 concordant. Cross-tissue: 0/0 concordant.
2026-05-05 21:07:32 [INFO] riker.phases.phase5_replication: Gene SIDT1: survived — Same-tissue replication: 2/2 concordant. Cross-tissue: 0/0 concordant.
2026-05-05 21:07:32 [INFO] riker.phases.phase5_replication: Gene SLC35D1: survived — Same-tissue replication: 2/2 concordant. Cross-tissue: 0/0 concordant.
2026-05-05 21:07:32 [INFO] riker.phases.phase5_replication: Gene YKT6: survived — Same-tissue replication: 2/2 concordant. Cross-tissue: 0/0 concordant.
2026-05-05 21:07:32 [INFO] riker.phases.phase5_replication: Gene ZNF729: eliminated — Significant opposite direction in same-tissue dataset(s): ['GSE45827', 'GSE65194']. Discovery direction: up.
2026-05-05 21:07:32 [INFO] riker.phases.phase5_replication: Gene DTX1: survived — Same-tissue replication: 1/1 concordant. Cross-tissue: 0/0 concordant.
2026-05-05 21:07:32 [INFO] riker.phases.phase5_replication: Gene EMC10: survived — Same-tissue replication: 2/2 concordant. Cross-tissue: 0/0 concordant.
2026-05-05 21:07:32 [INFO] riker.phases.phase5_replication: Gene EPM2A: survived — Same-tissue replication: 2/2 concordant. Cross-tissue: 0/0 concordant.
2026-05-05 21:07:32 [INFO] riker.phases.phase5_replication: Gene GMIP: survived — Same-tissue replication: 2/2 concordant. Cross-tissue: 0/0 concordant.
2026-05-05 21:07:32 [INFO] riker.phases.phase5_replication: Gene GPATCH2: survived — Same-tissue replication: 2/2 concordant. Cross-tissue: 0/0 concordant.
2026-05-05 21:07:32 [INFO] riker.phases.phase5_replication: Gene HOXA3: survived — Same-tissue replication: 2/2 concordant. Cross-tissue: 0/0 concordant.
2026-05-05 21:07:32 [INFO] riker.phases.phase5_replication: Gene HSPA5: survived — Same-tissue replication: 2/2 concordant. Cross-tissue: 0/0 concordant.
2026-05-05 21:07:32 [INFO] riker.phases.phase5_replication: Gene NDRG2: survived — Same-tissue replication: 2/2 concordant. Cross-tissue: 0/0 concordant.
2026-05-05 21:07:32 [INFO] riker.phases.phase5_replication: Gene PARVA: survived — Same-tissue replication: 0/2 concordant. Cross-tissue: 0/0 concordant.
2026-05-05 21:07:32 [INFO] riker.phases.phase5_replication: Gene PCNX1: survived — Same-tissue replication: 2/2 concordant. Cross-tissue: 0/0 concordant.
2026-05-05 21:07:32 [INFO] riker.phases.phase5_replication: Gene PDP2: survived — Same-tissue replication: 2/2 concordant. Cross-tissue: 0/0 concordant.
2026-05-05 21:07:32 [INFO] riker.phases.phase5_replication: Gene PEAR1: survived — Same-tissue replication: 2/2 concordant. Cross-tissue: 0/0 concordant.
2026-05-05 21:07:32 [INFO] riker.phases.phase5_replication: Gene CRABP2: survived — Same-tissue replication: 2/2 concordant. Cross-tissue: 0/0 concordant.
2026-05-05 21:07:32 [INFO] riker.phases.phase5_replication: Gene CREB3L4: survived — Same-tissue replication: 2/2 concordant. Cross-tissue: 0/0 concordant.
2026-05-05 21:07:32 [INFO] riker.phases.phase5_replication: Gene EZH2: survived — Same-tissue replication: 2/2 concordant. Cross-tissue: 0/0 concordant.
2026-05-05 21:07:32 [INFO] riker.phases.phase5_replication: Gene H2BC21: survived — Same-tissue replication: 2/2 concordant. Cross-tissue: 0/0 concordant.
2026-05-05 21:07:32 [INFO] riker.phases.phase5_replication: Gene LSR: survived — Same-tissue replication: 2/2 concordant. Cross-tissue: 0/0 concordant.
2026-05-05 21:07:32 [INFO] riker.phases.phase5_replication: Gene MARVELD3: survived — Same-tissue replication: 0/2 concordant. Cross-tissue: 0/0 concordant.
2026-05-05 21:07:32 [INFO] riker.phases.phase5_replication: Gene NHERF1: survived — Same-tissue replication: 2/2 concordant. Cross-tissue: 0/0 concordant.
2026-05-05 21:07:32 [INFO] riker.phases.phase5_replication: Gene PLPP4: survived — Same-tissue replication: 2/2 concordant. Cross-tissue: 0/0 concordant.
2026-05-05 21:07:32 [INFO] riker.phases.phase5_replication: Gene PRRG4: survived — Same-tissue replication: 2/2 concordant. Cross-tissue: 0/0 concordant.
2026-05-05 21:07:32 [INFO] riker.phases.phase5_replication: Gene SYTL1: survived — Same-tissue replication: 0/2 concordant. Cross-tissue: 0/0 concordant.
2026-05-05 21:07:32 [INFO] riker.phases.phase5_replication: Gene TJP3: survived — Same-tissue replication: 2/2 concordant. Cross-tissue: 0/0 concordant.
2026-05-05 21:07:32 [INFO] riker.phases.phase5_replication: Gene TMC4: survived — Same-tissue replication: 0/2 concordant. Cross-tissue: 0/0 concordant.
2026-05-05 21:07:32 [INFO] riker.phases.phase5_replication: Gene DCTN6: survived — Same-tissue replication: 0/2 concordant. Cross-tissue: 0/0 concordant.
2026-05-05 21:07:32 [INFO] riker.phases.phase5_replication: Gene IGIP: survived — Same-tissue replication: 2/2 concordant. Cross-tissue: 0/0 concordant.
2026-05-05 21:07:32 [INFO] riker.phases.phase5_replication: Gene OGFRL1: survived — Same-tissue replication: 2/2 concordant. Cross-tissue: 0/0 concordant.
2026-05-05 21:07:32 [INFO] riker.phases.phase5_replication: Gene SDHD: eliminated — Significant opposite direction in same-tissue dataset(s): ['GSE45827', 'GSE65194']. Discovery direction: down.
2026-05-05 21:07:32 [INFO] riker.phases.phase5_replication: Gene UBA2: eliminated — Significant opposite direction in same-tissue dataset(s): ['GSE45827', 'GSE65194']. Discovery direction: down.
2026-05-05 21:07:32 [INFO] riker.phases.phase5_replication: Gene AADAC: survived — Same-tissue replication: 1/1 concordant. Cross-tissue: 0/0 concordant.
2026-05-05 21:07:32 [INFO] riker.phases.phase5_replication: Gene ADSS1: survived — Same-tissue replication: 2/2 concordant. Cross-tissue: 0/0 concordant.
2026-05-05 21:07:32 [INFO] riker.phases.phase5_replication: Gene ATP23: survived — Same-tissue replication: 0/2 concordant. Cross-tissue: 0/0 concordant.
2026-05-05 21:07:32 [INFO] riker.phases.phase5_replication: Gene BICC1: survived — Same-tissue replication: 2/2 concordant. Cross-tissue: 0/0 concordant.
2026-05-05 21:07:32 [INFO] riker.phases.phase5_replication: Gene CA3: survived — Same-tissue replication: 2/2 concordant. Cross-tissue: 0/0 concordant.
2026-05-05 21:07:32 [INFO] riker.phases.phase5_replication: Gene CALM1: eliminated — Significant opposite direction in same-tissue dataset(s): ['GSE65194']. Discovery direction: down.
2026-05-05 21:07:32 [INFO] riker.phases.phase5_replication: Gene CLSTN2: survived — Same-tissue replication: 2/2 concordant. Cross-tissue: 0/0 concordant.
2026-05-05 21:07:32 [INFO] riker.phases.phase5_replication: Gene CRIM1: survived — Same-tissue replication: 2/2 concordant. Cross-tissue: 0/0 concordant.
2026-05-05 21:07:32 [INFO] riker.phases.phase5_replication: Gene EMX2: survived — Same-tissue replication: 1/1 concordant. Cross-tissue: 0/0 concordant.
2026-05-05 21:07:32 [INFO] riker.phases.phase5_replication: Gene HSPB8: survived — Same-tissue replication: 2/2 concordant. Cross-tissue: 0/0 concordant.
2026-05-05 21:07:32 [INFO] riker.phases.phase5_replication: Gene LRP1B: survived — Same-tissue replication: 1/1 concordant. Cross-tissue: 0/0 concordant.
2026-05-05 21:07:32 [INFO] riker.phases.phase5_replication: Gene MYO16: survived — Same-tissue replication: 1/1 concordant. Cross-tissue: 0/0 concordant.
2026-05-05 21:07:32 [INFO] riker.phases.phase5_replication: Gene OSR2: survived — Same-tissue replication: 0/2 concordant. Cross-tissue: 0/0 concordant.
2026-05-05 21:07:32 [INFO] riker.phases.phase5_replication: Gene PTGDS: survived — Same-tissue replication: 2/2 concordant. Cross-tissue: 0/0 concordant.
2026-05-05 21:07:32 [INFO] riker.phases.phase5_replication: Gene PTGS2: survived — Same-tissue replication: 2/2 concordant. Cross-tissue: 0/0 concordant.
2026-05-05 21:07:32 [INFO] riker.phases.phase5_replication: Gene TENM3: eliminated — Significant opposite direction in same-tissue dataset(s): ['GSE45827', 'GSE65194']. Discovery direction: down.
2026-05-05 21:07:32 [INFO] riker.phases.phase5_replication: Gene ACSL5: eliminated — Significant opposite direction in same-tissue dataset(s): ['GSE45827', 'GSE65194']. Discovery direction: down.
2026-05-05 21:07:32 [INFO] riker.phases.phase5_replication: Gene ARRDC3: survived — Same-tissue replication: 2/2 concordant. Cross-tissue: 0/0 concordant.
2026-05-05 21:07:32 [INFO] riker.phases.phase5_replication: Gene HCFC2: survived — Same-tissue replication: 2/2 concordant. Cross-tissue: 0/0 concordant.
2026-05-05 21:07:32 [INFO] riker.phases.phase5_replication: Gene HOOK3: eliminated — Significant opposite direction in same-tissue dataset(s): ['GSE45827', 'GSE65194']. Discovery direction: down.
2026-05-05 21:07:32 [INFO] riker.phases.phase5_replication: Gene IGFBP3: survived — Same-tissue replication: 2/2 concordant. Cross-tissue: 0/0 concordant.
2026-05-05 21:07:32 [INFO] riker.phases.phase5_replication: Gene MAN1C1: survived — Same-tissue replication: 0/2 concordant. Cross-tissue: 0/0 concordant.
2026-05-05 21:07:32 [INFO] riker.phases.phase5_replication: Gene MAP1LC3B: eliminated — Significant opposite direction in same-tissue dataset(s): ['GSE45827', 'GSE65194']. Discovery direction: down.
2026-05-05 21:07:32 [INFO] riker.phases.phase5_replication: Gene NKIRAS1: survived — Same-tissue replication: 2/2 concordant. Cross-tissue: 0/0 concordant.
2026-05-05 21:07:32 [INFO] riker.phases.phase5_replication: Gene PEX11A: survived — Same-tissue replication: 2/2 concordant. Cross-tissue: 0/0 concordant.
2026-05-05 21:07:32 [INFO] riker.phases.phase5_replication: Gene POLE4: survived — Same-tissue replication: 2/2 concordant. Cross-tissue: 0/0 concordant.
2026-05-05 21:07:32 [INFO] riker.phases.phase5_replication: Gene PTCD2: survived — Same-tissue replication: 0/2 concordant. Cross-tissue: 0/0 concordant.
2026-05-05 21:07:32 [INFO] riker.phases.phase5_replication: Gene PXK: survived — Same-tissue replication: 0/2 concordant. Cross-tissue: 0/0 concordant.
2026-05-05 21:07:32 [INFO] riker.phases.phase5_replication: Gene SH2B3: eliminated — Significant opposite direction in same-tissue dataset(s): ['GSE45827']. Discovery direction: down.
2026-05-05 21:07:32 [INFO] riker.phases.phase5_replication: Gene SLC24A3: survived — Same-tissue replication: 2/2 concordant. Cross-tissue: 0/0 concordant.
2026-05-05 21:07:32 [INFO] riker.phases.phase5_replication: Gene SVBP: survived — Same-tissue replication: 2/2 concordant. Cross-tissue: 0/0 concordant.
2026-05-05 21:07:32 [INFO] riker.phases.phase5_replication: Gene UQCRC2: survived — Same-tissue replication: 0/2 concordant. Cross-tissue: 0/0 concordant.
2026-05-05 21:07:32 [INFO] riker.phases.phase5_replication: Gene ZBED3: survived — Same-tissue replication: 2/2 concordant. Cross-tissue: 0/0 concordant.
2026-05-05 21:07:32 [INFO] riker.phases.phase5_replication: Gene ACAD9: survived — Same-tissue replication: 0/2 concordant. Cross-tissue: 0/0 concordant.
2026-05-05 21:07:32 [INFO] riker.phases.phase5_replication: Gene AIDA: survived — Same-tissue replication: 0/2 concordant. Cross-tissue: 0/0 concordant.
2026-05-05 21:07:32 [INFO] riker.phases.phase5_replication: Gene GOLGA7: survived — Same-tissue replication: 2/2 concordant. Cross-tissue: 0/0 concordant.
2026-05-05 21:07:32 [INFO] riker.phases.phase5_replication: Gene PDE4A: survived — Same-tissue replication: 2/2 concordant. Cross-tissue: 0/0 concordant.
2026-05-05 21:07:32 [INFO] riker.phases.phase5_replication: Gene RHOA: eliminated — Significant opposite direction in same-tissue dataset(s): ['GSE45827', 'GSE65194']. Discovery direction: down.
2026-05-05 21:07:32 [INFO] riker.phases.phase5_replication: Gene RPUSD4: survived — Same-tissue replication: 2/2 concordant. Cross-tissue: 0/0 concordant.
2026-05-05 21:07:32 [INFO] riker.phases.phase5_replication: Gene CDC16: survived — Same-tissue replication: 2/2 concordant. Cross-tissue: 0/0 concordant.
2026-05-05 21:07:32 [INFO] riker.phases.phase5_replication: Gene HMCES: eliminated — Significant opposite direction in same-tissue dataset(s): ['GSE45827', 'GSE65194']. Discovery direction: down.
2026-05-05 21:07:32 [INFO] riker.phases.phase5_replication: Gene MORF4L1: eliminated — Significant opposite direction in same-tissue dataset(s): ['GSE45827', 'GSE65194']. Discovery direction: down.
2026-05-05 21:07:32 [INFO] riker.phases.phase5_replication: Gene SEC62: survived — Same-tissue replication: 2/2 concordant. Cross-tissue: 0/0 concordant.
2026-05-05 21:07:32 [INFO] riker.phases.phase5_replication: Gene ABI3BP: survived — Same-tissue replication: 2/2 concordant. Cross-tissue: 0/0 concordant.
2026-05-05 21:07:32 [INFO] riker.phases.phase5_replication: Gene CCSER2: survived — Same-tissue replication: 2/2 concordant. Cross-tissue: 0/0 concordant.
2026-05-05 21:07:32 [INFO] riker.phases.phase5_replication: Gene EEA1: survived — Same-tissue replication: 0/2 concordant. Cross-tissue: 0/0 concordant.
2026-05-05 21:07:32 [INFO] riker.phases.phase5_replication: Gene IL15RA: eliminated — Significant opposite direction in same-tissue dataset(s): ['GSE65194']. Discovery direction: down.
2026-05-05 21:07:32 [INFO] riker.phases.phase5_replication: Gene INPP1: survived — Same-tissue replication: 2/2 concordant. Cross-tissue: 0/0 concordant.
2026-05-05 21:07:32 [INFO] riker.phases.phase5_replication: Gene RAB8B: survived — Same-tissue replication: 1/2 concordant. Cross-tissue: 0/0 concordant.
2026-05-05 21:07:32 [INFO] riker.phases.phase5_replication: Gene SPART: survived — Same-tissue replication: 2/2 concordant. Cross-tissue: 0/0 concordant.
2026-05-05 21:07:32 [INFO] riker.phases.phase5_replication: Gene STX2: eliminated — Significant opposite direction in same-tissue dataset(s): ['GSE45827', 'GSE65194']. Discovery direction: down.
2026-05-05 21:07:32 [INFO] riker.phases.phase5_replication: Gene RPL11: survived — Same-tissue replication: 2/2 concordant. Cross-tissue: 0/0 concordant.
2026-05-05 21:07:32 [INFO] riker.phases.phase5_replication: Gene SLC25A37: survived — Same-tissue replication: 0/2 concordant. Cross-tissue: 0/0 concordant.
2026-05-05 21:07:32 [INFO] riker.phases.phase5_replication: Gene WDFY3: survived — Same-tissue replication: 0/2 concordant. Cross-tissue: 0/0 concordant.
2026-05-05 21:07:32 [INFO] riker.phases.phase5_replication: Gene CA4: survived — Same-tissue replication: 2/2 concordant. Cross-tissue: 0/0 concordant.
2026-05-05 21:07:32 [INFO] riker.phases.phase5_replication: Gene CAT: survived — Same-tissue replication: 2/2 concordant. Cross-tissue: 0/0 concordant.
2026-05-05 21:07:32 [INFO] riker.phases.phase5_replication: Gene DIAPH2: survived — Same-tissue replication: 2/2 concordant. Cross-tissue: 0/0 concordant.
2026-05-05 21:07:32 [INFO] riker.phases.phase5_replication: Gene ECHDC1: survived — Same-tissue replication: 2/2 concordant. Cross-tissue: 0/0 concordant.
2026-05-05 21:07:32 [INFO] riker.phases.phase5_replication: Gene ITM2A: survived — Same-tissue replication: 2/2 concordant. Cross-tissue: 0/0 concordant.
2026-05-05 21:07:32 [INFO] riker.phases.phase5_replication: Gene MSX1: survived — Same-tissue replication: 2/2 concordant. Cross-tissue: 0/0 concordant.
2026-05-05 21:07:32 [INFO] riker.phases.phase5_replication: Gene SLIT3: survived — Same-tissue replication: 2/2 concordant. Cross-tissue: 0/0 concordant.
2026-05-05 21:07:32 [INFO] riker.phases.phase5_replication: Gene TYRO3: survived — Same-tissue replication: 2/2 concordant. Cross-tissue: 0/0 concordant.
2026-05-05 21:07:32 [INFO] riker.phases.phase5_replication: Gene UGP2: survived — Same-tissue replication: 2/2 concordant. Cross-tissue: 0/0 concordant.
2026-05-05 21:07:32 [INFO] riker.phases.phase5_replication: Gene ACO1: survived — Same-tissue replication: 2/2 concordant. Cross-tissue: 0/0 concordant.
2026-05-05 21:07:32 [INFO] riker.phases.phase5_replication: Gene CACNA2D1: survived — Same-tissue replication: 2/2 concordant. Cross-tissue: 0/0 concordant.
2026-05-05 21:07:32 [INFO] riker.phases.phase5_replication: Gene LRRN3: survived — Same-tissue replication: 2/2 concordant. Cross-tissue: 0/0 concordant.
2026-05-05 21:07:32 [INFO] riker.phases.phase5_replication: Gene NDN: survived — Same-tissue replication: 2/2 concordant. Cross-tissue: 0/0 concordant.
2026-05-05 21:07:32 [INFO] riker.phases.phase5_replication: Gene NMB: survived — Same-tissue replication: 2/2 concordant. Cross-tissue: 0/0 concordant.
2026-05-05 21:07:32 [INFO] riker.phases.phase5_replication: Gene PFKFB1: survived — Same-tissue replication: 1/1 concordant. Cross-tissue: 0/0 concordant.
2026-05-05 21:07:32 [INFO] riker.phases.phase5_replication: Gene AQP3: survived — Same-tissue replication: 2/2 concordant. Cross-tissue: 0/0 concordant.
2026-05-05 21:07:32 [INFO] riker.phases.phase5_replication: Gene ATP6V0C: survived — Same-tissue replication: 2/2 concordant. Cross-tissue: 0/0 concordant.
2026-05-05 21:07:32 [INFO] riker.phases.phase5_replication: Gene DCAF4: survived — Same-tissue replication: 2/2 concordant. Cross-tissue: 0/0 concordant.
2026-05-05 21:07:32 [INFO] riker.phases.phase5_replication: Gene GRB2: survived — Same-tissue replication: 2/2 concordant. Cross-tissue: 0/0 concordant.
2026-05-05 21:07:32 [INFO] riker.phases.phase5_replication: Gene HNRNPH1: survived — Same-tissue replication: 2/2 concordant. Cross-tissue: 0/0 concordant.
2026-05-05 21:07:32 [INFO] riker.phases.phase5_replication: Gene JAK3: survived — Same-tissue replication: 2/2 concordant. Cross-tissue: 0/0 concordant.
2026-05-05 21:07:32 [INFO] riker.phases.phase5_replication: Gene LPXN: survived — Same-tissue replication: 2/2 concordant. Cross-tissue: 0/0 concordant.
2026-05-05 21:07:32 [INFO] riker.phases.phase5_replication: Gene NCAPD3: survived — Same-tissue replication: 2/2 concordant. Cross-tissue: 0/0 concordant.
2026-05-05 21:07:32 [INFO] riker.phases.phase5_replication: Gene PROM1: eliminated — Significant opposite direction in same-tissue dataset(s): ['GSE45827', 'GSE65194']. Discovery direction: up.
2026-05-05 21:07:32 [INFO] riker.phases.phase5_replication: Gene RARA: survived — Same-tissue replication: 2/2 concordant. Cross-tissue: 0/0 concordant.
2026-05-05 21:07:32 [INFO] riker.phases.phase5_replication: Gene SCAF11: survived — Same-tissue replication: 2/2 concordant. Cross-tissue: 0/0 concordant.
2026-05-05 21:07:32 [INFO] riker.phases.phase5_replication: Gene ST6GALNAC4: survived — Same-tissue replication: 2/2 concordant. Cross-tissue: 0/0 concordant.
2026-05-05 21:07:32 [INFO] riker.phases.phase5_replication: Gene TBCC: survived — Same-tissue replication: 2/2 concordant. Cross-tissue: 0/0 concordant.
2026-05-05 21:07:32 [INFO] riker.phases.phase5_replication: Gene THAP7: eliminated — Significant opposite direction in same-tissue dataset(s): ['GSE45827', 'GSE65194']. Discovery direction: up.
2026-05-05 21:07:32 [INFO] riker.phases.phase5_replication: Gene TNFSF13: survived — Same-tissue replication: 2/2 concordant. Cross-tissue: 0/0 concordant.
2026-05-05 21:07:32 [INFO] riker.phases.phase5_replication: Gene WDR45B: survived — Same-tissue replication: 2/2 concordant. Cross-tissue: 0/0 concordant.
2026-05-05 21:07:32 [INFO] riker.phases.phase5_replication: Gene ZNF83: survived — Same-tissue replication: 2/2 concordant. Cross-tissue: 0/0 concordant.
2026-05-05 21:07:32 [INFO] riker.phases.phase5_replication: Gene CTAGE8: survived — Same-tissue replication: 2/2 concordant. Cross-tissue: 0/0 concordant.
2026-05-05 21:07:32 [INFO] riker.phases.phase5_replication: Gene ENTREP3: survived — Same-tissue replication: 2/2 concordant. Cross-tissue: 0/0 concordant.
2026-05-05 21:07:32 [INFO] riker.phases.phase5_replication: Gene GALNS: survived — Same-tissue replication: 2/2 concordant. Cross-tissue: 0/0 concordant.
2026-05-05 21:07:32 [INFO] riker.phases.phase5_replication: Gene MAPK8: survived — Same-tissue replication: 2/2 concordant. Cross-tissue: 0/0 concordant.
2026-05-05 21:07:32 [INFO] riker.phases.phase5_replication: Gene REC8: survived — Same-tissue replication: 2/2 concordant. Cross-tissue: 0/0 concordant.
2026-05-05 21:07:32 [INFO] riker.phases.phase5_replication: Gene SLC25A40: survived — Same-tissue replication: 2/2 concordant. Cross-tissue: 0/0 concordant.
2026-05-05 21:07:32 [INFO] riker.phases.phase5_replication: Gene TXNRD2: eliminated — Significant opposite direction in same-tissue dataset(s): ['GSE45827', 'GSE65194']. Discovery direction: up.
2026-05-05 21:07:32 [INFO] riker.phases.phase5_replication: Gene ATP2C1: survived — Same-tissue replication: 2/2 concordant. Cross-tissue: 0/0 concordant.
2026-05-05 21:07:32 [INFO] riker.phases.phase5_replication: Gene DCPS: survived — Same-tissue replication: 2/2 concordant. Cross-tissue: 0/0 concordant.
2026-05-05 21:07:32 [INFO] riker.phases.phase5_replication: Gene KIAA0513: survived — Same-tissue replication: 2/2 concordant. Cross-tissue: 0/0 concordant.
2026-05-05 21:07:32 [INFO] riker.phases.phase5_replication: Gene SAE1: survived — Same-tissue replication: 2/2 concordant. Cross-tissue: 0/0 concordant.
2026-05-05 21:07:32 [INFO] riker.phases.phase5_replication: Gene TRAP1: survived — Same-tissue replication: 0/2 concordant. Cross-tissue: 0/0 concordant.
2026-05-05 21:07:32 [INFO] riker.phases.phase5_replication: Gene TTC5: survived — Same-tissue replication: 2/2 concordant. Cross-tissue: 0/0 concordant.
2026-05-05 21:07:32 [INFO] riker.phases.phase5_replication: Gene U2AF1: survived — Same-tissue replication: 2/2 concordant. Cross-tissue: 0/0 concordant.
2026-05-05 21:07:32 [INFO] riker.phases.phase5_replication: Gene XPO1: survived — Same-tissue replication: 2/2 concordant. Cross-tissue: 0/0 concordant.
2026-05-05 21:07:32 [INFO] riker.phases.phase5_replication: Gene ADCY1: survived — Same-tissue replication: 0/2 concordant. Cross-tissue: 0/0 concordant.
2026-05-05 21:07:32 [INFO] riker.phases.phase5_replication: Gene BLOC1S2: eliminated — Significant opposite direction in same-tissue dataset(s): ['GSE45827', 'GSE65194']. Discovery direction: down.
2026-05-05 21:07:32 [INFO] riker.phases.phase5_replication: Gene GP2: survived — Same-tissue replication: 1/2 concordant. Cross-tissue: 0/0 concordant.
2026-05-05 21:07:32 [INFO] riker.phases.phase5_replication: Gene OXNAD1: eliminated — Significant opposite direction in same-tissue dataset(s): ['GSE45827', 'GSE65194']. Discovery direction: down.
2026-05-05 21:07:32 [INFO] riker.phases.phase5_replication: Gene TECPR1: eliminated — Significant opposite direction in same-tissue dataset(s): ['GSE45827', 'GSE65194']. Discovery direction: up.
2026-05-05 21:07:32 [INFO] riker.phases.phase5_replication: Gene TMEM8B: eliminated — Significant opposite direction in same-tissue dataset(s): ['GSE45827']. Discovery direction: down.
2026-05-05 21:07:32 [INFO] riker.phases.phase5_replication: Gene ZCCHC3: survived — Same-tissue replication: 0/2 concordant. Cross-tissue: 0/0 concordant.
2026-05-05 21:07:32 [INFO] riker.phases.phase5_replication: Gene AMOTL1: survived — Same-tissue replication: 2/2 concordant. Cross-tissue: 0/0 concordant.
2026-05-05 21:07:32 [INFO] riker.phases.phase5_replication: Gene CCDC50: survived — Same-tissue replication: 0/2 concordant. Cross-tissue: 0/0 concordant.
2026-05-05 21:07:32 [INFO] riker.phases.phase5_replication: Gene GAS7: survived — Same-tissue replication: 2/2 concordant. Cross-tissue: 0/0 concordant.
2026-05-05 21:07:32 [INFO] riker.phases.phase5_replication: Gene HYCC1: survived — Same-tissue replication: 2/2 concordant. Cross-tissue: 0/0 concordant.
2026-05-05 21:07:32 [INFO] riker.phases.phase5_replication: Gene ISM1: survived — Same-tissue replication: 2/2 concordant. Cross-tissue: 0/0 concordant.
2026-05-05 21:07:32 [INFO] riker.phases.phase5_replication: Gene JAZF1: survived — Same-tissue replication: 2/2 concordant. Cross-tissue: 0/0 concordant.
2026-05-05 21:07:32 [INFO] riker.phases.phase5_replication: Gene MAML2: survived — Same-tissue replication: 2/2 concordant. Cross-tissue: 0/0 concordant.
2026-05-05 21:07:32 [INFO] riker.phases.phase5_replication: Gene PELI2: survived — Same-tissue replication: 2/2 concordant. Cross-tissue: 0/0 concordant.
2026-05-05 21:07:32 [INFO] riker.phases.phase5_replication: Gene STX7: survived — Same-tissue replication: 2/2 concordant. Cross-tissue: 0/0 concordant.
2026-05-05 21:07:33 [INFO] riker.phases.phase5_replication: Gene THYN1: survived — Same-tissue replication: 2/2 concordant. Cross-tissue: 0/0 concordant.
2026-05-05 21:07:33 [INFO] riker.phases.phase5_replication: Gene TM4SF18: survived — Same-tissue replication: 2/2 concordant. Cross-tissue: 0/0 concordant.
2026-05-05 21:07:33 [INFO] riker.phases.phase5_replication: Gene VEGFC: survived — Same-tissue replication: 0/2 concordant. Cross-tissue: 0/0 concordant.
2026-05-05 21:07:33 [INFO] riker.phases.phase5_replication: Gene ALDH9A1: survived — Same-tissue replication: 2/2 concordant. Cross-tissue: 0/0 concordant.
2026-05-05 21:07:33 [INFO] riker.phases.phase5_replication: Gene ALG9: eliminated — Significant opposite direction in same-tissue dataset(s): ['GSE45827', 'GSE65194']. Discovery direction: down.
2026-05-05 21:07:33 [INFO] riker.phases.phase5_replication: Gene ANXA11: survived — Same-tissue replication: 2/2 concordant. Cross-tissue: 0/0 concordant.
2026-05-05 21:07:33 [INFO] riker.phases.phase5_replication: Gene CSRP2: survived — Same-tissue replication: 2/2 concordant. Cross-tissue: 0/0 concordant.
2026-05-05 21:07:33 [INFO] riker.phases.phase5_replication: Gene HK2: survived — Same-tissue replication: 0/2 concordant. Cross-tissue: 0/0 concordant.
2026-05-05 21:07:33 [INFO] riker.phases.phase5_replication: Gene IFNGR1: survived — Same-tissue replication: 0/2 concordant. Cross-tissue: 0/0 concordant.
2026-05-05 21:07:33 [INFO] riker.phases.phase5_replication: Gene NEDD9: survived — Same-tissue replication: 2/2 concordant. Cross-tissue: 0/0 concordant.
2026-05-05 21:07:33 [INFO] riker.phases.phase5_replication: Gene RRAGC: survived — Same-tissue replication: 2/2 concordant. Cross-tissue: 0/0 concordant.
2026-05-05 21:07:33 [INFO] riker.phases.phase5_replication: Gene TPST2: survived — Same-tissue replication: 0/2 concordant. Cross-tissue: 0/0 concordant.
2026-05-05 21:07:33 [INFO] riker.phases.phase5_replication: Gene ZNF395: survived — Same-tissue replication: 2/2 concordant. Cross-tissue: 0/0 concordant.
2026-05-05 21:07:33 [INFO] riker.phases.phase5_replication: Gene IDNK: survived — Same-tissue replication: 2/2 concordant. Cross-tissue: 0/0 concordant.
2026-05-05 21:07:33 [INFO] riker.phases.phase5_replication: Gene MTFR1L: survived — Same-tissue replication: 2/2 concordant. Cross-tissue: 0/0 concordant.
2026-05-05 21:07:33 [INFO] riker.phases.phase5_replication: Gene PFDN1: survived — Same-tissue replication: 0/2 concordant. Cross-tissue: 0/0 concordant.
2026-05-05 21:07:33 [INFO] riker.phases.phase5_replication: Gene SAT2: survived — Same-tissue replication: 2/2 concordant. Cross-tissue: 0/0 concordant.
2026-05-05 21:07:33 [INFO] riker.phases.phase5_replication: Gene HSBP1L1: survived — Same-tissue replication: 0/2 concordant. Cross-tissue: 0/0 concordant.
2026-05-05 21:07:33 [INFO] riker.phases.phase5_replication: Gene MROH6: survived — Same-tissue replication: 2/2 concordant. Cross-tissue: 0/0 concordant.
2026-05-05 21:07:33 [INFO] riker.phases.phase5_replication: Gene NLK: survived — Same-tissue replication: 2/2 concordant. Cross-tissue: 0/0 concordant.
2026-05-05 21:07:33 [INFO] riker.phases.phase5_replication: Gene RNASET2: survived — Same-tissue replication: 2/2 concordant. Cross-tissue: 0/0 concordant.
2026-05-05 21:07:33 [INFO] riker.phases.phase5_replication: Gene TMEM65: survived — Same-tissue replication: 2/2 concordant. Cross-tissue: 0/0 concordant.
2026-05-05 21:07:33 [INFO] riker.phases.phase5_replication: Gene TPI1: survived — Same-tissue replication: 2/2 concordant. Cross-tissue: 0/0 concordant.
2026-05-05 21:07:33 [INFO] riker.phases.phase5_replication: Gene ABHD4: survived — Same-tissue replication: 2/2 concordant. Cross-tissue: 0/0 concordant.
2026-05-05 21:07:33 [INFO] riker.phases.phase5_replication: Gene ARL4D: survived — Same-tissue replication: 2/2 concordant. Cross-tissue: 0/0 concordant.
2026-05-05 21:07:33 [INFO] riker.phases.phase5_replication: Gene C16orf86: survived — Same-tissue replication: 2/2 concordant. Cross-tissue: 0/0 concordant.
2026-05-05 21:07:33 [INFO] riker.phases.phase5_replication: Gene CEP57: survived — Same-tissue replication: 2/2 concordant. Cross-tissue: 0/0 concordant.
2026-05-05 21:07:33 [INFO] riker.phases.phase5_replication: Gene EIF3A: survived — Same-tissue replication: 2/2 concordant. Cross-tissue: 0/0 concordant.
2026-05-05 21:07:33 [INFO] riker.phases.phase5_replication: Gene NFATC1: survived — Same-tissue replication: 2/2 concordant. Cross-tissue: 0/0 concordant.
2026-05-05 21:07:33 [INFO] riker.phases.phase5_replication: Gene RBM48: survived — Same-tissue replication: 0/2 concordant. Cross-tissue: 0/0 concordant.
2026-05-05 21:07:33 [INFO] riker.phases.phase5_replication: Gene SLC25A3: survived — Same-tissue replication: 2/2 concordant. Cross-tissue: 0/0 concordant.
2026-05-05 21:07:33 [INFO] riker.phases.phase5_replication: Gene TERF2IP: survived — Same-tissue replication: 2/2 concordant. Cross-tissue: 0/0 concordant.
2026-05-05 21:07:33 [INFO] riker.phases.phase5_replication: Gene UBE2D4: survived — Same-tissue replication: 2/2 concordant. Cross-tissue: 0/0 concordant.
2026-05-05 21:07:33 [INFO] riker.phases.phase5_replication: Gene ZBTB38: eliminated — Significant opposite direction in same-tissue dataset(s): ['GSE45827', 'GSE65194']. Discovery direction: down.
2026-05-05 21:07:33 [INFO] riker.phases.phase5_replication: Gene ZNF510: survived — Same-tissue replication: 0/2 concordant. Cross-tissue: 0/0 concordant.
2026-05-05 21:07:33 [INFO] riker.phases.phase5_replication: Gene ZRANB1: survived — Same-tissue replication: 2/2 concordant. Cross-tissue: 0/0 concordant.
2026-05-05 21:07:33 [INFO] riker.phases.phase5_replication: Gene ATP6V1C1: survived — Same-tissue replication: 2/2 concordant. Cross-tissue: 0/0 concordant.
2026-05-05 21:07:33 [INFO] riker.phases.phase5_replication: Gene NRF1: eliminated — Significant opposite direction in same-tissue dataset(s): ['GSE45827', 'GSE65194']. Discovery direction: up.
2026-05-05 21:07:33 [INFO] riker.phases.phase5_replication: Gene ZNF133: eliminated — Significant opposite direction in same-tissue dataset(s): ['GSE45827', 'GSE65194']. Discovery direction: up.
2026-05-05 21:07:33 [INFO] riker.phases.phase5_replication: Gene ACSM5: survived — Same-tissue replication: 2/2 concordant. Cross-tissue: 0/0 concordant.
2026-05-05 21:07:33 [INFO] riker.phases.phase5_replication: Gene ANGPTL4: survived — Same-tissue replication: 2/2 concordant. Cross-tissue: 0/0 concordant.
2026-05-05 21:07:33 [INFO] riker.phases.phase5_replication: Gene FERMT2: survived — Same-tissue replication: 2/2 concordant. Cross-tissue: 0/0 concordant.
2026-05-05 21:07:33 [INFO] riker.phases.phase5_replication: Gene MCAM: survived — Same-tissue replication: 2/2 concordant. Cross-tissue: 0/0 concordant.
2026-05-05 21:07:33 [INFO] riker.phases.phase5_replication: Gene MRAS: survived — Same-tissue replication: 2/2 concordant. Cross-tissue: 0/0 concordant.
2026-05-05 21:07:33 [INFO] riker.phases.phase5_replication: Gene EDNRB: survived — Same-tissue replication: 2/2 concordant. Cross-tissue: 0/0 concordant.
2026-05-05 21:07:33 [INFO] riker.phases.phase5_replication: Gene FXYD1: survived — Same-tissue replication: 2/2 concordant. Cross-tissue: 0/0 concordant.
2026-05-05 21:07:33 [INFO] riker.phases.phase5_replication: Gene FZD4: survived — Same-tissue replication: 2/2 concordant. Cross-tissue: 0/0 concordant.
2026-05-05 21:07:33 [INFO] riker.phases.phase5_replication: Gene LARP6: survived — Same-tissue replication: 2/2 concordant. Cross-tissue: 0/0 concordant.
2026-05-05 21:07:33 [INFO] riker.phases.phase5_replication: Gene NIPSNAP3B: survived — Same-tissue replication: 1/1 concordant. Cross-tissue: 0/0 concordant.
2026-05-05 21:07:33 [INFO] riker.phases.phase5_replication: Gene EXOSC4: survived — Same-tissue replication: 2/2 concordant. Cross-tissue: 0/0 concordant.
2026-05-05 21:07:33 [INFO] riker.phases.phase5_replication: Gene KIF22: survived — Same-tissue replication: 2/2 concordant. Cross-tissue: 0/0 concordant.
2026-05-05 21:07:33 [INFO] riker.phases.phase5_replication: Gene PLEK2: survived — Same-tissue replication: 2/2 concordant. Cross-tissue: 0/0 concordant.
2026-05-05 21:07:33 [INFO] riker.phases.phase5_replication: Gene TFPT: survived — Same-tissue replication: 2/2 concordant. Cross-tissue: 0/0 concordant.
2026-05-05 21:07:33 [INFO] riker.phases.phase5_replication: Gene BCAS4: survived — Same-tissue replication: 2/2 concordant. Cross-tissue: 0/0 concordant.
2026-05-05 21:07:33 [INFO] riker.phases.phase5_replication: Gene GPR68: survived — Same-tissue replication: 2/2 concordant. Cross-tissue: 0/0 concordant.
2026-05-05 21:07:33 [INFO] riker.phases.phase5_replication: Gene PKP3: survived — Same-tissue replication: 2/2 concordant. Cross-tissue: 0/0 concordant.
2026-05-05 21:07:33 [INFO] riker.phases.phase5_replication: Gene PSMA5: survived — Same-tissue replication: 2/2 concordant. Cross-tissue: 0/0 concordant.
2026-05-05 21:07:33 [INFO] riker.phases.phase5_replication: Gene RABIF: survived — Same-tissue replication: 2/2 concordant. Cross-tissue: 0/0 concordant.
2026-05-05 21:07:33 [INFO] riker.phases.phase5_replication: Gene RASSF7: survived — Same-tissue replication: 2/2 concordant. Cross-tissue: 0/0 concordant.
2026-05-05 21:07:33 [INFO] riker.phases.phase5_replication: Gene TPM3: survived — Same-tissue replication: 2/2 concordant. Cross-tissue: 0/0 concordant.
2026-05-05 21:07:33 [INFO] riker.phases.phase5_replication: Gene TWNK: eliminated — Significant opposite direction in same-tissue dataset(s): ['GSE45827', 'GSE65194']. Discovery direction: up.
2026-05-05 21:07:33 [INFO] riker.phases.phase5_replication: Gene APTX: survived — Same-tissue replication: 2/2 concordant. Cross-tissue: 0/0 concordant.
2026-05-05 21:07:33 [INFO] riker.phases.phase5_replication: Gene ARF3: survived — Same-tissue replication: 2/2 concordant. Cross-tissue: 0/0 concordant.
2026-05-05 21:07:33 [INFO] riker.phases.phase5_replication: Gene CABLES2: survived — Same-tissue replication: 2/2 concordant. Cross-tissue: 0/0 concordant.
2026-05-05 21:07:33 [INFO] riker.phases.phase5_replication: Gene GNPNAT1: survived — Same-tissue replication: 2/2 concordant. Cross-tissue: 0/0 concordant.
2026-05-05 21:07:33 [INFO] riker.phases.phase5_replication: Gene H3-3A: survived — Same-tissue replication: 2/2 concordant. Cross-tissue: 0/0 concordant.
2026-05-05 21:07:33 [INFO] riker.phases.phase5_replication: Gene KDF1: survived — Same-tissue replication: 2/2 concordant. Cross-tissue: 0/0 concordant.
2026-05-05 21:07:33 [INFO] riker.phases.phase5_replication: Gene ST6GALNAC2: survived — Same-tissue replication: 2/2 concordant. Cross-tissue: 0/0 concordant.
2026-05-05 21:07:33 [INFO] riker.phases.phase5_replication: Gene ZNF776: survived — Same-tissue replication: 2/2 concordant. Cross-tissue: 0/0 concordant.
2026-05-05 21:07:33 [INFO] riker.phases.phase5_replication: Gene CCSAP: survived — Same-tissue replication: 2/2 concordant. Cross-tissue: 0/0 concordant.
2026-05-05 21:07:33 [INFO] riker.phases.phase5_replication: Gene MED23: survived — Same-tissue replication: 2/2 concordant. Cross-tissue: 0/0 concordant.
2026-05-05 21:07:33 [INFO] riker.phases.phase5_replication: Gene PAXIP1: survived — Same-tissue replication: 2/2 concordant. Cross-tissue: 0/0 concordant.
2026-05-05 21:07:33 [INFO] riker.phases.phase5_replication: Gene PRELID3B: survived — Same-tissue replication: 2/2 concordant. Cross-tissue: 0/0 concordant.
2026-05-05 21:07:33 [INFO] riker.phases.phase5_replication: Gene SCO2: survived — Same-tissue replication: 2/2 concordant. Cross-tissue: 0/0 concordant.
2026-05-05 21:07:33 [INFO] riker.phases.phase5_replication: Gene SECTM1: survived — Same-tissue replication: 2/2 concordant. Cross-tissue: 0/0 concordant.
2026-05-05 21:07:33 [INFO] riker.phases.phase5_replication: Gene THOC6: survived — Same-tissue replication: 2/2 concordant. Cross-tissue: 0/0 concordant.
2026-05-05 21:07:33 [INFO] riker.phases.phase5_replication: Gene VOPP1: survived — Same-tissue replication: 2/2 concordant. Cross-tissue: 0/0 concordant.
2026-05-05 21:07:33 [INFO] riker.phases.phase5_replication: Gene WDR73: survived — Same-tissue replication: 2/2 concordant. Cross-tissue: 0/0 concordant.
2026-05-05 21:07:33 [INFO] riker.phases.phase5_replication: Gene C2orf81: eliminated — Significant opposite direction in same-tissue dataset(s): ['GSE45827', 'GSE65194']. Discovery direction: up.
2026-05-05 21:07:33 [INFO] riker.phases.phase5_replication: Gene CERCAM: survived — Same-tissue replication: 2/2 concordant. Cross-tissue: 0/0 concordant.
2026-05-05 21:07:33 [INFO] riker.phases.phase5_replication: Gene GPRC5C: eliminated — Significant opposite direction in same-tissue dataset(s): ['GSE65194']. Discovery direction: up.
2026-05-05 21:07:33 [INFO] riker.phases.phase5_replication: Gene MEAF6: survived — Same-tissue replication: 2/2 concordant. Cross-tissue: 0/0 concordant.
2026-05-05 21:07:33 [INFO] riker.phases.phase5_replication: Gene MRPL28: survived — Same-tissue replication: 2/2 concordant. Cross-tissue: 0/0 concordant.
2026-05-05 21:07:33 [INFO] riker.phases.phase5_replication: Gene PTPN6: survived — Same-tissue replication: 2/2 concordant. Cross-tissue: 0/0 concordant.
2026-05-05 21:07:33 [INFO] riker.phases.phase5_replication: Gene ZNF16: survived — Same-tissue replication: 2/2 concordant. Cross-tissue: 0/0 concordant.
2026-05-05 21:07:33 [INFO] riker.phases.phase5_replication: Gene DUSP4: survived — Same-tissue replication: 0/2 concordant. Cross-tissue: 0/0 concordant.
2026-05-05 21:07:33 [INFO] riker.phases.phase5_replication: Gene GAS2L3: survived — Same-tissue replication: 2/2 concordant. Cross-tissue: 0/0 concordant.
2026-05-05 21:07:33 [INFO] riker.phases.phase5_replication: Gene GPC1: survived — Same-tissue replication: 1/2 concordant. Cross-tissue: 0/0 concordant.
2026-05-05 21:07:33 [INFO] riker.phases.phase5_replication: Gene GPRIN3: survived — Same-tissue replication: 2/2 concordant. Cross-tissue: 0/0 concordant.
2026-05-05 21:07:33 [INFO] riker.phases.phase5_replication: Gene GZMK: survived — Same-tissue replication: 2/2 concordant. Cross-tissue: 0/0 concordant.
2026-05-05 21:07:33 [INFO] riker.phases.phase5_replication: Gene H1-0: survived — Same-tissue replication: 0/2 concordant. Cross-tissue: 0/0 concordant.
2026-05-05 21:07:33 [INFO] riker.phases.phase5_replication: Gene LY75: eliminated — Significant opposite direction in same-tissue dataset(s): ['GSE45827', 'GSE65194']. Discovery direction: up.
2026-05-05 21:07:33 [INFO] riker.phases.phase5_replication: Gene NAA15: survived — Same-tissue replication: 2/2 concordant. Cross-tissue: 0/0 concordant.
2026-05-05 21:07:33 [INFO] riker.phases.phase5_replication: Gene PLPP6: survived — Same-tissue replication: 2/2 concordant. Cross-tissue: 0/0 concordant.
2026-05-05 21:07:33 [INFO] riker.phases.phase5_replication: Gene ATP7B: survived — Same-tissue replication: 2/2 concordant. Cross-tissue: 0/0 concordant.
2026-05-05 21:07:33 [INFO] riker.phases.phase5_replication: Gene CA8: survived — Same-tissue replication: 0/2 concordant. Cross-tissue: 0/0 concordant.
2026-05-05 21:07:33 [INFO] riker.phases.phase5_replication: Gene FOXK1: survived — Same-tissue replication: 2/2 concordant. Cross-tissue: 0/0 concordant.
2026-05-05 21:07:33 [INFO] riker.phases.phase5_replication: Gene WDR27: eliminated — Significant opposite direction in same-tissue dataset(s): ['GSE45827', 'GSE65194']. Discovery direction: up.
2026-05-05 21:07:33 [INFO] riker.phases.phase5_replication: Gene FBRSL1: survived — Same-tissue replication: 2/2 concordant. Cross-tissue: 0/0 concordant.
2026-05-05 21:07:33 [INFO] riker.phases.phase5_replication: Gene NEURL1B: survived — Same-tissue replication: 0/2 concordant. Cross-tissue: 0/0 concordant.
2026-05-05 21:07:33 [INFO] riker.phases.phase5_replication: Gene SLC35F2: survived — Same-tissue replication: 2/2 concordant. Cross-tissue: 0/0 concordant.
2026-05-05 21:07:33 [INFO] riker.phases.phase5_replication: Gene EFHC2: survived — Same-tissue replication: 2/2 concordant. Cross-tissue: 0/0 concordant.
2026-05-05 21:07:33 [INFO] riker.phases.phase5_replication: Gene MLLT6: survived — Same-tissue replication: 0/2 concordant. Cross-tissue: 0/0 concordant.
2026-05-05 21:07:33 [INFO] riker.phases.phase5_replication: Gene NSUN7: survived — Same-tissue replication: 2/2 concordant. Cross-tissue: 0/0 concordant.
2026-05-05 21:07:33 [INFO] riker.phases.phase5_replication: Gene RBM12B: survived — Same-tissue replication: 2/2 concordant. Cross-tissue: 0/0 concordant.
2026-05-05 21:07:33 [INFO] riker.phases.phase5_replication: Gene CAST: survived — Same-tissue replication: 2/2 concordant. Cross-tissue: 0/0 concordant.
2026-05-05 21:07:33 [INFO] riker.phases.phase5_replication: Gene CYB5R3: survived — Same-tissue replication: 2/2 concordant. Cross-tissue: 0/0 concordant.
2026-05-05 21:07:33 [INFO] riker.phases.phase5_replication: Gene EZH1: survived — Same-tissue replication: 2/2 concordant. Cross-tissue: 0/0 concordant.
2026-05-05 21:07:33 [INFO] riker.phases.phase5_replication: Gene HACD2: survived — Same-tissue replication: 0/2 concordant. Cross-tissue: 0/0 concordant.
2026-05-05 21:07:33 [INFO] riker.phases.phase5_replication: Gene NPR1: survived — Same-tissue replication: 2/2 concordant. Cross-tissue: 0/0 concordant.
2026-05-05 21:07:33 [INFO] riker.phases.phase5_replication: Gene PGRMC2: survived — Same-tissue replication: 2/2 concordant. Cross-tissue: 0/0 concordant.
2026-05-05 21:07:33 [INFO] riker.phases.phase5_replication: Gene SH3BP5: survived — Same-tissue replication: 2/2 concordant. Cross-tissue: 0/0 concordant.
2026-05-05 21:07:33 [INFO] riker.phases.phase5_replication: Gene TFE3: survived — Same-tissue replication: 2/2 concordant. Cross-tissue: 0/0 concordant.
2026-05-05 21:07:33 [INFO] riker.phases.phase5_replication: Gene TTC28: survived — Same-tissue replication: 2/2 concordant. Cross-tissue: 0/0 concordant.
2026-05-05 21:07:33 [INFO] riker.phases.phase5_replication: Gene CCDC69: survived — Same-tissue replication: 2/2 concordant. Cross-tissue: 0/0 concordant.
2026-05-05 21:07:33 [INFO] riker.phases.phase5_replication: Gene CIDEA: survived — Same-tissue replication: 2/2 concordant. Cross-tissue: 0/0 concordant.
2026-05-05 21:07:33 [INFO] riker.phases.phase5_replication: Gene COX7A1: survived — Same-tissue replication: 2/2 concordant. Cross-tissue: 0/0 concordant.
2026-05-05 21:07:33 [INFO] riker.phases.phase5_replication: Gene CRYAB: survived — Same-tissue replication: 2/2 concordant. Cross-tissue: 0/0 concordant.
2026-05-05 21:07:33 [INFO] riker.phases.phase5_replication: Gene FHL1: survived — Same-tissue replication: 2/2 concordant. Cross-tissue: 0/0 concordant.
2026-05-05 21:07:33 [INFO] riker.phases.phase5_replication: Gene FOSB: survived — Same-tissue replication: 2/2 concordant. Cross-tissue: 0/0 concordant.
2026-05-05 21:07:33 [INFO] riker.phases.phase5_replication: Gene ITGA7: survived — Same-tissue replication: 2/2 concordant. Cross-tissue: 0/0 concordant.
2026-05-05 21:07:33 [INFO] riker.phases.phase5_replication: Gene MEOX2: survived — Same-tissue replication: 2/2 concordant. Cross-tissue: 0/0 concordant.
2026-05-05 21:07:33 [INFO] riker.phases.phase5_replication: Gene PDZD2: survived — Same-tissue replication: 2/2 concordant. Cross-tissue: 0/0 concordant.
2026-05-05 21:07:33 [INFO] riker.phases.phase5_replication: Gene TMEM100: survived — Same-tissue replication: 2/2 concordant. Cross-tissue: 0/0 concordant.
2026-05-05 21:07:33 [INFO] riker.phases.phase5_replication: Gene TNMD: survived — Same-tissue replication: 2/2 concordant. Cross-tissue: 0/0 concordant.
2026-05-05 21:07:33 [INFO] riker.phases.phase5_replication: Gene A1BG: survived — Same-tissue replication: 0/2 concordant. Cross-tissue: 0/0 concordant.
2026-05-05 21:07:33 [INFO] riker.phases.phase5_replication: Gene ALDH18A1: survived — Same-tissue replication: 2/2 concordant. Cross-tissue: 0/0 concordant.
2026-05-05 21:07:33 [INFO] riker.phases.phase5_replication: Gene ATP13A1: survived — Same-tissue replication: 2/2 concordant. Cross-tissue: 0/0 concordant.
2026-05-05 21:07:33 [INFO] riker.phases.phase5_replication: Gene C11orf98: survived — Same-tissue replication: 2/2 concordant. Cross-tissue: 0/0 concordant.
2026-05-05 21:07:33 [INFO] riker.phases.phase5_replication: Gene DDX39A: survived — Same-tissue replication: 2/2 concordant. Cross-tissue: 0/0 concordant.
2026-05-05 21:07:33 [INFO] riker.phases.phase5_replication: Gene EARS2: survived — Same-tissue replication: 2/2 concordant. Cross-tissue: 0/0 concordant.
2026-05-05 21:07:33 [INFO] riker.phases.phase5_replication: Gene EBP: survived — Same-tissue replication: 0/2 concordant. Cross-tissue: 0/0 concordant.
2026-05-05 21:07:33 [INFO] riker.phases.phase5_replication: Gene F11R: survived — Same-tissue replication: 2/2 concordant. Cross-tissue: 0/0 concordant.
2026-05-05 21:07:33 [INFO] riker.phases.phase5_replication: Gene HK1: survived — Same-tissue replication: 2/2 concordant. Cross-tissue: 0/0 concordant.
2026-05-05 21:07:33 [INFO] riker.phases.phase5_replication: Gene LMLN: survived — Same-tissue replication: 2/2 concordant. Cross-tissue: 0/0 concordant.
2026-05-05 21:07:33 [INFO] riker.phases.phase5_replication: Gene LSM4: survived — Same-tissue replication: 2/2 concordant. Cross-tissue: 0/0 concordant.
2026-05-05 21:07:33 [INFO] riker.phases.phase5_replication: Gene MAGED1: survived — Same-tissue replication: 2/2 concordant. Cross-tissue: 0/0 concordant.
2026-05-05 21:07:33 [INFO] riker.phases.phase5_replication: Gene NUDT16L1: survived — Same-tissue replication: 2/2 concordant. Cross-tissue: 0/0 concordant.
2026-05-05 21:07:33 [INFO] riker.phases.phase5_replication: Gene NUP43: eliminated — Significant opposite direction in same-tissue dataset(s): ['GSE45827', 'GSE65194']. Discovery direction: up.
2026-05-05 21:07:33 [INFO] riker.phases.phase5_replication: Gene POGZ: survived — Same-tissue replication: 2/2 concordant. Cross-tissue: 0/0 concordant.
2026-05-05 21:07:33 [INFO] riker.phases.phase5_replication: Gene PPIL1: survived — Same-tissue replication: 2/2 concordant. Cross-tissue: 0/0 concordant.
2026-05-05 21:07:33 [INFO] riker.phases.phase5_replication: Gene PPP1R14B: survived — Same-tissue replication: 2/2 concordant. Cross-tissue: 0/0 concordant.
2026-05-05 21:07:33 [INFO] riker.phases.phase5_replication: Gene PPP1R35: survived — Same-tissue replication: 2/2 concordant. Cross-tissue: 0/0 concordant.
2026-05-05 21:07:33 [INFO] riker.phases.phase5_replication: Gene RBCK1: survived — Same-tissue replication: 2/2 concordant. Cross-tissue: 0/0 concordant.
2026-05-05 21:07:33 [INFO] riker.phases.phase5_replication: Gene RFX5: survived — Same-tissue replication: 2/2 concordant. Cross-tissue: 0/0 concordant.
2026-05-05 21:07:33 [INFO] riker.phases.phase5_replication: Gene RPS6KB2: survived — Same-tissue replication: 2/2 concordant. Cross-tissue: 0/0 concordant.
2026-05-05 21:07:33 [INFO] riker.phases.phase5_replication: Gene SRPRB: survived — Same-tissue replication: 2/2 concordant. Cross-tissue: 0/0 concordant.
2026-05-05 21:07:33 [INFO] riker.phases.phase5_replication: Gene TAGLN2: survived — Same-tissue replication: 2/2 concordant. Cross-tissue: 0/0 concordant.
2026-05-05 21:07:33 [INFO] riker.phases.phase5_replication: Gene ZNF544: survived — Same-tissue replication: 2/2 concordant. Cross-tissue: 0/0 concordant.
2026-05-05 21:07:33 [INFO] riker.phases.phase5_replication: Gene AGAP3: eliminated — Significant opposite direction in same-tissue dataset(s): ['GSE45827', 'GSE65194']. Discovery direction: up.
2026-05-05 21:07:33 [INFO] riker.phases.phase5_replication: Gene CCDC97: survived — Same-tissue replication: 2/2 concordant. Cross-tissue: 0/0 concordant.
2026-05-05 21:07:33 [INFO] riker.phases.phase5_replication: Gene NRDE2: survived — Same-tissue replication: 2/2 concordant. Cross-tissue: 0/0 concordant.
2026-05-05 21:07:33 [INFO] riker.phases.phase5_replication: Gene SUGT1: survived — Same-tissue replication: 0/2 concordant. Cross-tissue: 0/0 concordant.
2026-05-05 21:07:33 [INFO] riker.phases.phase5_replication: Gene TCHP: survived — Same-tissue replication: 2/2 concordant. Cross-tissue: 0/0 concordant.
2026-05-05 21:07:33 [INFO] riker.phases.phase5_replication: Gene THPO: survived — Same-tissue replication: 1/1 concordant. Cross-tissue: 0/0 concordant.
2026-05-05 21:07:33 [INFO] riker.phases.phase5_replication: Gene ABHD11: survived — Same-tissue replication: 2/2 concordant. Cross-tissue: 0/0 concordant.
2026-05-05 21:07:33 [INFO] riker.phases.phase5_replication: Gene AMMECR1: survived — Same-tissue replication: 2/2 concordant. Cross-tissue: 0/0 concordant.
2026-05-05 21:07:33 [INFO] riker.phases.phase5_replication: Gene ANTKMT: survived — Same-tissue replication: 2/2 concordant. Cross-tissue: 0/0 concordant.
2026-05-05 21:07:33 [INFO] riker.phases.phase5_replication: Gene CDC7: survived — Same-tissue replication: 2/2 concordant. Cross-tissue: 0/0 concordant.
2026-05-05 21:07:33 [INFO] riker.phases.phase5_replication: Gene EEF1A2: survived — Same-tissue replication: 2/2 concordant. Cross-tissue: 0/0 concordant.
2026-05-05 21:07:33 [INFO] riker.phases.phase5_replication: Gene HERC6: survived — Same-tissue replication: 2/2 concordant. Cross-tissue: 0/0 concordant.
2026-05-05 21:07:33 [INFO] riker.phases.phase5_replication: Gene HES4: survived — Same-tissue replication: 2/2 concordant. Cross-tissue: 0/0 concordant.
2026-05-05 21:07:33 [INFO] riker.phases.phase5_replication: Gene RAI14: survived — Same-tissue replication: 2/2 concordant. Cross-tissue: 0/0 concordant.
2026-05-05 21:07:33 [INFO] riker.phases.phase5_replication: Gene RNF213: survived — Same-tissue replication: 2/2 concordant. Cross-tissue: 0/0 concordant.
2026-05-05 21:07:33 [INFO] riker.phases.phase5_replication: Gene SULF2: survived — Same-tissue replication: 2/2 concordant. Cross-tissue: 0/0 concordant.
2026-05-05 21:07:33 [INFO] riker.phases.phase5_replication: Gene SUSD4: survived — Same-tissue replication: 2/2 concordant. Cross-tissue: 0/0 concordant.
2026-05-05 21:07:33 [INFO] riker.phases.phase5_replication: Gene TIAM1: survived — Same-tissue replication: 2/2 concordant. Cross-tissue: 0/0 concordant.
2026-05-05 21:07:33 [INFO] riker.phases.phase5_replication: Gene TMEM54: survived — Same-tissue replication: 2/2 concordant. Cross-tissue: 0/0 concordant.
2026-05-05 21:07:33 [INFO] riker.phases.phase5_replication: Gene TP53INP1: survived — Same-tissue replication: 2/2 concordant. Cross-tissue: 0/0 concordant.
2026-05-05 21:07:33 [INFO] riker.phases.phase5_replication: Gene ZNF552: eliminated — Significant opposite direction in same-tissue dataset(s): ['GSE65194']. Discovery direction: up.
2026-05-05 21:07:33 [INFO] riker.phases.phase5_replication: Gene ZSCAN16: survived — Same-tissue replication: 2/2 concordant. Cross-tissue: 0/0 concordant.
2026-05-05 21:07:33 [INFO] riker.phases.phase5_replication: Gene ABRACL: survived — Same-tissue replication: 2/2 concordant. Cross-tissue: 0/0 concordant.
2026-05-05 21:07:33 [INFO] riker.phases.phase5_replication: Gene CELSR2: survived — Same-tissue replication: 0/2 concordant. Cross-tissue: 0/0 concordant.
2026-05-05 21:07:33 [INFO] riker.phases.phase5_replication: Gene CEP55: survived — Same-tissue replication: 2/2 concordant. Cross-tissue: 0/0 concordant.
2026-05-05 21:07:33 [INFO] riker.phases.phase5_replication: Gene CTHRC1: survived — Same-tissue replication: 2/2 concordant. Cross-tissue: 0/0 concordant.
2026-05-05 21:07:33 [INFO] riker.phases.phase5_replication: Gene CYFIP2: survived — Same-tissue replication: 2/2 concordant. Cross-tissue: 0/0 concordant.
2026-05-05 21:07:33 [INFO] riker.phases.phase5_replication: Gene MFAP2: survived — Same-tissue replication: 2/2 concordant. Cross-tissue: 0/0 concordant.
2026-05-05 21:07:33 [INFO] riker.phases.phase5_replication: Gene MSI2: survived — Same-tissue replication: 2/2 concordant. Cross-tissue: 0/0 concordant.
2026-05-05 21:07:33 [INFO] riker.phases.phase5_replication: Gene P3H4: survived — Same-tissue replication: 2/2 concordant. Cross-tissue: 0/0 concordant.
2026-05-05 21:07:33 [INFO] riker.phases.phase5_replication: Gene RBM47: survived — Same-tissue replication: 2/2 concordant. Cross-tissue: 0/0 concordant.
2026-05-05 21:07:33 [INFO] riker.phases.phase5_replication: Gene SHTN1: survived — Same-tissue replication: 2/2 concordant. Cross-tissue: 0/0 concordant.
2026-05-05 21:07:33 [INFO] riker.phases.phase5_replication: Gene SLC25A29: eliminated — Significant opposite direction in same-tissue dataset(s): ['GSE45827', 'GSE65194']. Discovery direction: up.
2026-05-05 21:07:33 [INFO] riker.phases.phase5_replication: Gene SLC39A4: survived — Same-tissue replication: 2/2 concordant. Cross-tissue: 0/0 concordant.
2026-05-05 21:07:33 [INFO] riker.phases.phase5_replication: Gene SUSD3: survived — Same-tissue replication: 2/2 concordant. Cross-tissue: 0/0 concordant.
2026-05-05 21:07:33 [INFO] riker.phases.phase5_replication: Gene CHST2: survived — Same-tissue replication: 2/2 concordant. Cross-tissue: 0/0 concordant.
2026-05-05 21:07:33 [INFO] riker.phases.phase5_replication: Gene CIB2: survived — Same-tissue replication: 2/2 concordant. Cross-tissue: 0/0 concordant.
2026-05-05 21:07:33 [INFO] riker.phases.phase5_replication: Gene GATD3: survived — Same-tissue replication: 2/2 concordant. Cross-tissue: 0/0 concordant.
2026-05-05 21:07:33 [INFO] riker.phases.phase5_replication: Gene PPP3CC: eliminated — Significant opposite direction in same-tissue dataset(s): ['GSE45827', 'GSE65194']. Discovery direction: down.
2026-05-05 21:07:33 [INFO] riker.phases.phase5_replication: Gene TBC1D5: eliminated — Significant opposite direction in same-tissue dataset(s): ['GSE45827', 'GSE65194']. Discovery direction: down.
2026-05-05 21:07:33 [INFO] riker.phases.phase5_replication: Gene ABHD15: survived — Same-tissue replication: 0/2 concordant. Cross-tissue: 0/0 concordant.
2026-05-05 21:07:33 [INFO] riker.phases.phase5_replication: Gene ABHD6: survived — Same-tissue replication: 2/2 concordant. Cross-tissue: 0/0 concordant.
2026-05-05 21:07:33 [INFO] riker.phases.phase5_replication: Gene ANO3: survived — Same-tissue replication: 0/1 concordant. Cross-tissue: 0/0 concordant.
2026-05-05 21:07:33 [INFO] riker.phases.phase5_replication: Gene ANXA3: survived — Same-tissue replication: 2/2 concordant. Cross-tissue: 0/0 concordant.
2026-05-05 21:07:33 [INFO] riker.phases.phase5_replication: Gene C16orf89: survived — Same-tissue replication: 2/2 concordant. Cross-tissue: 0/0 concordant.
2026-05-05 21:07:33 [INFO] riker.phases.phase5_replication: Gene CIBAR1: survived — Same-tissue replication: 2/2 concordant. Cross-tissue: 0/0 concordant.
2026-05-05 21:07:33 [INFO] riker.phases.phase5_replication: Gene COLEC12: survived — Same-tissue replication: 2/2 concordant. Cross-tissue: 0/0 concordant.
2026-05-05 21:07:33 [INFO] riker.phases.phase5_replication: Gene CYBRD1: survived — Same-tissue replication: 2/2 concordant. Cross-tissue: 0/0 concordant.
2026-05-05 21:07:33 [INFO] riker.phases.phase5_replication: Gene EHHADH: survived — Same-tissue replication: 2/2 concordant. Cross-tissue: 0/0 concordant.
2026-05-05 21:07:33 [INFO] riker.phases.phase5_replication: Gene FAT4: survived — Same-tissue replication: 2/2 concordant. Cross-tissue: 0/0 concordant.
2026-05-05 21:07:33 [INFO] riker.phases.phase5_replication: Gene FBLN1: survived — Same-tissue replication: 2/2 concordant. Cross-tissue: 0/0 concordant.
2026-05-05 21:07:33 [INFO] riker.phases.phase5_replication: Gene HINT3: survived — Same-tissue replication: 0/2 concordant. Cross-tissue: 0/0 concordant.
2026-05-05 21:07:33 [INFO] riker.phases.phase5_replication: Gene KCNE3: survived — Same-tissue replication: 0/2 concordant. Cross-tissue: 0/0 concordant.
2026-05-05 21:07:33 [INFO] riker.phases.phase5_replication: Gene KLHL5: survived — Same-tissue replication: 0/2 concordant. Cross-tissue: 0/0 concordant.
2026-05-05 21:07:33 [INFO] riker.phases.phase5_replication: Gene LATS2: survived — Same-tissue replication: 0/2 concordant. Cross-tissue: 0/0 concordant.
2026-05-05 21:07:33 [INFO] riker.phases.phase5_replication: Gene MARCO: survived — Same-tissue replication: 0/2 concordant. Cross-tissue: 0/0 concordant.
2026-05-05 21:07:33 [INFO] riker.phases.phase5_replication: Gene NID1: survived — Same-tissue replication: 0/2 concordant. Cross-tissue: 0/0 concordant.
2026-05-05 21:07:33 [INFO] riker.phases.phase5_replication: Gene PCGF5: survived — Same-tissue replication: 2/2 concordant. Cross-tissue: 0/0 concordant.
2026-05-05 21:07:33 [INFO] riker.phases.phase5_replication: Gene PDE1A: survived — Same-tissue replication: 2/2 concordant. Cross-tissue: 0/0 concordant.
2026-05-05 21:07:33 [INFO] riker.phases.phase5_replication: Gene RHOU: survived — Same-tissue replication: 2/2 concordant. Cross-tissue: 0/0 concordant.
2026-05-05 21:07:33 [INFO] riker.phases.phase5_replication: Gene RND3: survived — Same-tissue replication: 2/2 concordant. Cross-tissue: 0/0 concordant.
2026-05-05 21:07:33 [INFO] riker.phases.phase5_replication: Gene SLIT2: survived — Same-tissue replication: 2/2 concordant. Cross-tissue: 0/0 concordant.
2026-05-05 21:07:33 [INFO] riker.phases.phase5_replication: Gene TLCD4: survived — Same-tissue replication: 2/2 concordant. Cross-tissue: 0/0 concordant.
2026-05-05 21:07:33 [INFO] riker.phases.phase5_replication: Gene TMEM200B: survived — Same-tissue replication: 2/2 concordant. Cross-tissue: 0/0 concordant.
2026-05-05 21:07:33 [INFO] riker.phases.phase5_replication: Gene TMEM64: survived — Same-tissue replication: 0/2 concordant. Cross-tissue: 0/0 concordant.
2026-05-05 21:07:33 [INFO] riker.phases.phase5_replication: Gene UBE2E2: survived — Same-tissue replication: 2/2 concordant. Cross-tissue: 0/0 concordant.
2026-05-05 21:07:33 [INFO] riker.phases.phase5_replication: Gene XG: survived — Same-tissue replication: 1/2 concordant. Cross-tissue: 0/0 concordant.
2026-05-05 21:07:33 [INFO] riker.phases.phase5_replication: Gene ZDHHC2: survived — Same-tissue replication: 2/2 concordant. Cross-tissue: 0/0 concordant.
2026-05-05 21:07:33 [INFO] riker.phases.phase5_replication: Gene BCKDHB: eliminated — Significant opposite direction in same-tissue dataset(s): ['GSE45827', 'GSE65194']. Discovery direction: down.
2026-05-05 21:07:33 [INFO] riker.phases.phase5_replication: Gene CPXM2: survived — Same-tissue replication: 2/2 concordant. Cross-tissue: 0/0 concordant.
2026-05-05 21:07:33 [INFO] riker.phases.phase5_replication: Gene DHRS12: survived — Same-tissue replication: 2/2 concordant. Cross-tissue: 0/0 concordant.
2026-05-05 21:07:33 [INFO] riker.phases.phase5_replication: Gene DIS3L: survived — Same-tissue replication: 2/2 concordant. Cross-tissue: 0/0 concordant.
2026-05-05 21:07:33 [INFO] riker.phases.phase5_replication: Gene MEIS1: survived — Same-tissue replication: 2/2 concordant. Cross-tissue: 0/0 concordant.
2026-05-05 21:07:33 [INFO] riker.phases.phase5_replication: Gene POGLUT3: survived — Same-tissue replication: 0/2 concordant. Cross-tissue: 0/0 concordant.
2026-05-05 21:07:33 [INFO] riker.phases.phase5_replication: Gene PROCR: survived — Same-tissue replication: 2/2 concordant. Cross-tissue: 0/0 concordant.
2026-05-05 21:07:33 [INFO] riker.phases.phase5_replication: Gene SIRPA: survived — Same-tissue replication: 2/2 concordant. Cross-tissue: 0/0 concordant.
2026-05-05 21:07:33 [INFO] riker.phases.phase5_replication: Gene TBC1D16: survived — Same-tissue replication: 2/2 concordant. Cross-tissue: 0/0 concordant.
2026-05-05 21:07:33 [INFO] riker.phases.phase5_replication: Gene USP30: survived — Same-tissue replication: 2/2 concordant. Cross-tissue: 0/0 concordant.
2026-05-05 21:07:33 [INFO] riker.phases.phase5_replication: Gene ANKS6: survived — Same-tissue replication: 2/2 concordant. Cross-tissue: 0/0 concordant.
2026-05-05 21:07:33 [INFO] riker.phases.phase5_replication: Gene KCTD10: survived — Same-tissue replication: 0/2 concordant. Cross-tissue: 0/0 concordant.
2026-05-05 21:07:33 [INFO] riker.phases.phase5_replication: Gene KIF1C: survived — Same-tissue replication: 2/2 concordant. Cross-tissue: 0/0 concordant.
2026-05-05 21:07:33 [INFO] riker.phases.phase5_replication: Gene LSS: survived — Same-tissue replication: 2/2 concordant. Cross-tissue: 0/0 concordant.
2026-05-05 21:07:33 [INFO] riker.phases.phase5_replication: Gene PCYT1A: survived — Same-tissue replication: 2/2 concordant. Cross-tissue: 0/0 concordant.
2026-05-05 21:07:33 [INFO] riker.phases.phase5_replication: Gene RAB11FIP2: survived — Same-tissue replication: 0/2 concordant. Cross-tissue: 0/0 concordant.
2026-05-05 21:07:33 [INFO] riker.phases.phase5_replication: Gene SH3KBP1: survived — Same-tissue replication: 0/2 concordant. Cross-tissue: 0/0 concordant.
2026-05-05 21:07:33 [INFO] riker.phases.phase5_replication: Gene SMYD4: survived — Same-tissue replication: 2/2 concordant. Cross-tissue: 0/0 concordant.
2026-05-05 21:07:33 [INFO] riker.phases.phase5_replication: Gene SNX15: survived — Same-tissue replication: 2/2 concordant. Cross-tissue: 0/0 concordant.
2026-05-05 21:07:33 [INFO] riker.phases.phase5_replication: Gene STK40: survived — Same-tissue replication: 2/2 concordant. Cross-tissue: 0/0 concordant.
2026-05-05 21:07:33 [INFO] riker.phases.phase5_replication: Gene VPS4A: survived — Same-tissue replication: 2/2 concordant. Cross-tissue: 0/0 concordant.
2026-05-05 21:07:33 [INFO] riker.phases.phase5_replication: Gene ATP11C: eliminated — Significant opposite direction in same-tissue dataset(s): ['GSE45827', 'GSE65194']. Discovery direction: down.
2026-05-05 21:07:33 [INFO] riker.phases.phase5_replication: Gene FAT1: survived — Same-tissue replication: 0/2 concordant. Cross-tissue: 0/0 concordant.
2026-05-05 21:07:33 [INFO] riker.phases.phase5_replication: Gene PICALM: survived — Same-tissue replication: 0/2 concordant. Cross-tissue: 0/0 concordant.
2026-05-05 21:07:33 [INFO] riker.phases.phase5_replication: Gene RPS6KA3: survived — Same-tissue replication: 0/2 concordant. Cross-tissue: 0/0 concordant.
2026-05-05 21:07:33 [INFO] riker.phases.phase5_replication: Gene SLC41A1: survived — Same-tissue replication: 2/2 concordant. Cross-tissue: 0/0 concordant.
2026-05-05 21:07:33 [INFO] riker.phases.phase5_replication: Gene AKIRIN2: survived — Same-tissue replication: 0/2 concordant. Cross-tissue: 0/0 concordant.
2026-05-05 21:07:33 [INFO] riker.phases.phase5_replication: Gene FRMD4B: survived — Same-tissue replication: 0/2 concordant. Cross-tissue: 0/0 concordant.
2026-05-05 21:07:33 [INFO] riker.phases.phase5_replication: Gene KCTD20: survived — Same-tissue replication: 0/2 concordant. Cross-tissue: 0/0 concordant.
2026-05-05 21:07:33 [INFO] riker.phases.phase5_replication: Gene KPNA4: eliminated — Significant opposite direction in same-tissue dataset(s): ['GSE45827', 'GSE65194']. Discovery direction: down.
2026-05-05 21:07:33 [INFO] riker.phases.phase5_replication: Gene NOAZFP: eliminated — Significant opposite direction in same-tissue dataset(s): ['GSE45827', 'GSE65194']. Discovery direction: down.
2026-05-05 21:07:33 [INFO] riker.phases.phase5_replication: Gene PHKB: eliminated — Significant opposite direction in same-tissue dataset(s): ['GSE45827', 'GSE65194']. Discovery direction: down.
2026-05-05 21:07:33 [INFO] riker.phases.phase5_replication: Gene AKAP1: survived — Same-tissue replication: 2/2 concordant. Cross-tissue: 0/0 concordant.
2026-05-05 21:07:33 [INFO] riker.phases.phase5_replication: Gene DCP1A: survived — Same-tissue replication: 2/2 concordant. Cross-tissue: 0/0 concordant.
2026-05-05 21:07:33 [INFO] riker.phases.phase5_replication: Gene DLG1: survived — Same-tissue replication: 0/2 concordant. Cross-tissue: 0/0 concordant.
2026-05-05 21:07:33 [INFO] riker.phases.phase5_replication: Gene DRG1: survived — Same-tissue replication: 2/2 concordant. Cross-tissue: 0/0 concordant.
2026-05-05 21:07:33 [INFO] riker.phases.phase5_replication: Gene IK: survived — Same-tissue replication: 2/2 concordant. Cross-tissue: 0/0 concordant.
2026-05-05 21:07:33 [INFO] riker.phases.phase5_replication: Gene NBAS: survived — Same-tissue replication: 2/2 concordant. Cross-tissue: 0/0 concordant.
2026-05-05 21:07:33 [INFO] riker.phases.phase5_replication: Gene PCBP2: eliminated — Significant opposite direction in same-tissue dataset(s): ['GSE45827', 'GSE65194']. Discovery direction: down.
2026-05-05 21:07:33 [INFO] riker.phases.phase5_replication: Gene AVPI1: survived — Same-tissue replication: 2/2 concordant. Cross-tissue: 0/0 concordant.
2026-05-05 21:07:33 [INFO] riker.phases.phase5_replication: Gene CDH5: survived — Same-tissue replication: 2/2 concordant. Cross-tissue: 0/0 concordant.
2026-05-05 21:07:33 [INFO] riker.phases.phase5_replication: Gene CEP112: survived — Same-tissue replication: 2/2 concordant. Cross-tissue: 0/0 concordant.
2026-05-05 21:07:33 [INFO] riker.phases.phase5_replication: Gene GDPD5: survived — Same-tissue replication: 2/2 concordant. Cross-tissue: 0/0 concordant.
2026-05-05 21:07:33 [INFO] riker.phases.phase5_replication: Gene ITGA1: survived — Same-tissue replication: 2/2 concordant. Cross-tissue: 0/0 concordant.
2026-05-05 21:07:33 [INFO] riker.phases.phase5_replication: Gene LAMA2: survived — Same-tissue replication: 2/2 concordant. Cross-tissue: 0/0 concordant.
2026-05-05 21:07:33 [INFO] riker.phases.phase5_replication: Gene LMOD1: survived — Same-tissue replication: 2/2 concordant. Cross-tissue: 0/0 concordant.
2026-05-05 21:07:33 [INFO] riker.phases.phase5_replication: Gene MAPK10: survived — Same-tissue replication: 2/2 concordant. Cross-tissue: 0/0 concordant.
2026-05-05 21:07:33 [INFO] riker.phases.phase5_replication: Gene PLPP1: survived — Same-tissue replication: 2/2 concordant. Cross-tissue: 0/0 concordant.
2026-05-05 21:07:33 [INFO] riker.phases.phase5_replication: Gene TACC1: survived — Same-tissue replication: 2/2 concordant. Cross-tissue: 0/0 concordant.
2026-05-05 21:07:33 [INFO] riker.phases.phase5_replication: Gene TFPI: survived — Same-tissue replication: 2/2 concordant. Cross-tissue: 0/0 concordant.
2026-05-05 21:07:33 [INFO] riker.phases.phase5_replication: Gene ZNF106: survived — Same-tissue replication: 2/2 concordant. Cross-tissue: 0/0 concordant.
2026-05-05 21:07:33 [INFO] riker.phases.phase5_replication: Gene ADGRF5: survived — Same-tissue replication: 2/2 concordant. Cross-tissue: 0/0 concordant.
2026-05-05 21:07:33 [INFO] riker.phases.phase5_replication: Gene FAM107A: survived — Same-tissue replication: 2/2 concordant. Cross-tissue: 0/0 concordant.
2026-05-05 21:07:33 [INFO] riker.phases.phase5_replication: Gene PC: survived — Same-tissue replication: 2/2 concordant. Cross-tissue: 0/0 concordant.
2026-05-05 21:07:33 [INFO] riker.phases.phase5_replication: Gene PGM1: survived — Same-tissue replication: 2/2 concordant. Cross-tissue: 0/0 concordant.
2026-05-05 21:07:33 [INFO] riker.phases.phase5_replication: Gene TMT1A: survived — Same-tissue replication: 2/2 concordant. Cross-tissue: 0/0 concordant.
2026-05-05 21:07:33 [INFO] riker.phases.phase5_replication: Gene ATAD2: survived — Same-tissue replication: 2/2 concordant. Cross-tissue: 0/0 concordant.
2026-05-05 21:07:33 [INFO] riker.phases.phase5_replication: Gene CCDC74B: survived — Same-tissue replication: 0/2 concordant. Cross-tissue: 0/0 concordant.
2026-05-05 21:07:33 [INFO] riker.phases.phase5_replication: Gene DEGS2: survived — Same-tissue replication: 2/2 concordant. Cross-tissue: 0/0 concordant.
2026-05-05 21:07:33 [INFO] riker.phases.phase5_replication: Gene LMNB1: survived — Same-tissue replication: 2/2 concordant. Cross-tissue: 0/0 concordant.
2026-05-05 21:07:33 [INFO] riker.phases.phase5_replication: Gene NHSL3: survived — Same-tissue replication: 2/2 concordant. Cross-tissue: 0/0 concordant.
2026-05-05 21:07:33 [INFO] riker.phases.phase5_replication: Gene RTKN: survived — Same-tissue replication: 2/2 concordant. Cross-tissue: 0/0 concordant.
2026-05-05 21:07:33 [INFO] riker.phases.phase5_replication: Gene BCL9: survived — Same-tissue replication: 2/2 concordant. Cross-tissue: 0/0 concordant.
2026-05-05 21:07:33 [INFO] riker.phases.phase5_replication: Gene H2AC14: survived — Same-tissue replication: 2/2 concordant. Cross-tissue: 0/0 concordant.
2026-05-05 21:07:33 [INFO] riker.phases.phase5_replication: Gene LYPLA2: survived — Same-tissue replication: 2/2 concordant. Cross-tissue: 0/0 concordant.
2026-05-05 21:07:33 [INFO] riker.phases.phase5_replication: Gene MTMR4: survived — Same-tissue replication: 2/2 concordant. Cross-tissue: 0/0 concordant.
2026-05-05 21:07:33 [INFO] riker.phases.phase5_replication: Gene NINL: eliminated — Significant opposite direction in same-tissue dataset(s): ['GSE45827', 'GSE65194']. Discovery direction: up.
2026-05-05 21:07:33 [INFO] riker.phases.phase5_replication: Gene PLCG1: eliminated — Significant opposite direction in same-tissue dataset(s): ['GSE45827', 'GSE65194']. Discovery direction: up.
2026-05-05 21:07:33 [INFO] riker.phases.phase5_replication: Gene SIPA1L1: survived — Same-tissue replication: 2/2 concordant. Cross-tissue: 0/0 concordant.
2026-05-05 21:07:33 [INFO] riker.phases.phase5_replication: Gene SMARCB1: survived — Same-tissue replication: 2/2 concordant. Cross-tissue: 0/0 concordant.
2026-05-05 21:07:33 [INFO] riker.phases.phase5_replication: Gene BCAR1: survived — Same-tissue replication: 2/2 concordant. Cross-tissue: 0/0 concordant.
2026-05-05 21:07:33 [INFO] riker.phases.phase5_replication: Gene ERP29: survived — Same-tissue replication: 0/2 concordant. Cross-tissue: 0/0 concordant.
2026-05-05 21:07:33 [INFO] riker.phases.phase5_replication: Gene P3H3: survived — Same-tissue replication: 0/2 concordant. Cross-tissue: 0/0 concordant.
2026-05-05 21:07:33 [INFO] riker.phases.phase5_replication: Gene FAF2: survived — Same-tissue replication: 2/2 concordant. Cross-tissue: 0/0 concordant.
2026-05-05 21:07:33 [INFO] riker.phases.phase5_replication: Gene SLC3A2: survived — Same-tissue replication: 2/2 concordant. Cross-tissue: 0/0 concordant.
2026-05-05 21:07:33 [INFO] riker.phases.phase5_replication: Gene TNPO1: eliminated — Significant opposite direction in same-tissue dataset(s): ['GSE45827', 'GSE65194']. Discovery direction: up.
2026-05-05 21:07:33 [INFO] riker.phases.phase5_replication: Gene BTBD18: survived — Same-tissue replication: 1/1 concordant. Cross-tissue: 0/0 concordant.
2026-05-05 21:07:33 [INFO] riker.phases.phase5_replication: Gene COX16: survived — Same-tissue replication: 2/2 concordant. Cross-tissue: 0/0 concordant.
2026-05-05 21:07:33 [INFO] riker.phases.phase5_replication: Gene LENG8: survived — Same-tissue replication: 2/2 concordant. Cross-tissue: 0/0 concordant.
2026-05-05 21:07:33 [INFO] riker.phases.phase5_replication: Gene MPLKIP: eliminated — Significant opposite direction in same-tissue dataset(s): ['GSE45827', 'GSE65194']. Discovery direction: down.
2026-05-05 21:07:33 [INFO] riker.phases.phase5_replication: Gene RALGAPA2: eliminated — Significant opposite direction in same-tissue dataset(s): ['GSE45827', 'GSE65194']. Discovery direction: up.
2026-05-05 21:07:33 [INFO] riker.phases.phase5_replication: Gene C4orf46: survived — Same-tissue replication: 2/2 concordant. Cross-tissue: 0/0 concordant.
2026-05-05 21:07:34 [INFO] riker.phases.phase5_replication: Gene CARD8: survived — Same-tissue replication: 2/2 concordant. Cross-tissue: 0/0 concordant.
2026-05-05 21:07:34 [INFO] riker.phases.phase5_replication: Gene COQ10A: survived — Same-tissue replication: 2/2 concordant. Cross-tissue: 0/0 concordant.
2026-05-05 21:07:34 [INFO] riker.phases.phase5_replication: Gene CTDSP1: survived — Same-tissue replication: 2/2 concordant. Cross-tissue: 0/0 concordant.
2026-05-05 21:07:34 [INFO] riker.phases.phase5_replication: Gene EID1: eliminated — Significant opposite direction in same-tissue dataset(s): ['GSE45827', 'GSE65194']. Discovery direction: down.
2026-05-05 21:07:34 [INFO] riker.phases.phase5_replication: Gene PLPBP: eliminated — Significant opposite direction in same-tissue dataset(s): ['GSE45827', 'GSE65194']. Discovery direction: down.
2026-05-05 21:07:34 [INFO] riker.phases.phase5_replication: Gene SLC48A1: survived — Same-tissue replication: 2/2 concordant. Cross-tissue: 0/0 concordant.
2026-05-05 21:07:34 [INFO] riker.phases.phase5_replication: Gene SNRNP27: eliminated — Significant opposite direction in same-tissue dataset(s): ['GSE45827', 'GSE65194']. Discovery direction: down.
2026-05-05 21:07:34 [INFO] riker.phases.phase5_replication: Gene TIMP2: survived — Same-tissue replication: 2/2 concordant. Cross-tissue: 0/0 concordant.
2026-05-05 21:07:34 [INFO] riker.phases.phase5_replication: Gene TMX3: survived — Same-tissue replication: 2/2 concordant. Cross-tissue: 0/0 concordant.
2026-05-05 21:07:34 [INFO] riker.phases.phase5_replication: Gene TRIOBP: survived — Same-tissue replication: 2/2 concordant. Cross-tissue: 0/0 concordant.
2026-05-05 21:07:34 [INFO] riker.phases.phase5_replication: Gene TSPAN18: survived — Same-tissue replication: 2/2 concordant. Cross-tissue: 0/0 concordant.
2026-05-05 21:07:34 [INFO] riker.phases.phase5_replication: Gene VPS26A: survived — Same-tissue replication: 2/2 concordant. Cross-tissue: 0/0 concordant.
2026-05-05 21:07:34 [INFO] riker.phases.phase5_replication: Gene YPEL5: eliminated — Significant opposite direction in same-tissue dataset(s): ['GSE45827', 'GSE65194']. Discovery direction: down.
2026-05-05 21:07:34 [INFO] riker.phases.phase5_replication: Gene COL4A2: survived — Same-tissue replication: 2/2 concordant. Cross-tissue: 0/0 concordant.
2026-05-05 21:07:34 [INFO] riker.phases.phase5_replication: Gene SESN1: survived — Same-tissue replication: 2/2 concordant. Cross-tissue: 0/0 concordant.
2026-05-05 21:07:34 [INFO] riker.phases.phase5_replication: Gene TRIM68: survived — Same-tissue replication: 2/2 concordant. Cross-tissue: 0/0 concordant.
2026-05-05 21:07:34 [INFO] riker.phases.phase5_replication: Gene ZHX1: survived — Same-tissue replication: 0/2 concordant. Cross-tissue: 0/0 concordant.
2026-05-05 21:07:34 [INFO] riker.phases.phase5_replication: Gene CDCA4: survived — Same-tissue replication: 2/2 concordant. Cross-tissue: 0/0 concordant.
2026-05-05 21:07:34 [INFO] riker.phases.phase5_replication: Gene DCTPP1: survived — Same-tissue replication: 2/2 concordant. Cross-tissue: 0/0 concordant.
2026-05-05 21:07:34 [INFO] riker.phases.phase5_replication: Gene DNMT3A: survived — Same-tissue replication: 2/2 concordant. Cross-tissue: 0/0 concordant.
2026-05-05 21:07:34 [INFO] riker.phases.phase5_replication: Gene LMNB2: survived — Same-tissue replication: 2/2 concordant. Cross-tissue: 0/0 concordant.
2026-05-05 21:07:34 [INFO] riker.phases.phase5_replication: Gene MBOAT7: survived — Same-tissue replication: 2/2 concordant. Cross-tissue: 0/0 concordant.
2026-05-05 21:07:34 [INFO] riker.phases.phase5_replication: Gene NVL: survived — Same-tissue replication: 2/2 concordant. Cross-tissue: 0/0 concordant.
2026-05-05 21:07:34 [INFO] riker.phases.phase5_replication: Gene PAGR1: survived — Same-tissue replication: 2/2 concordant. Cross-tissue: 0/0 concordant.
2026-05-05 21:07:34 [INFO] riker.phases.phase5_replication: Gene PPP4C: survived — Same-tissue replication: 2/2 concordant. Cross-tissue: 0/0 concordant.
2026-05-05 21:07:34 [INFO] riker.phases.phase5_replication: Gene RNASEH2A: survived — Same-tissue replication: 2/2 concordant. Cross-tissue: 0/0 concordant.
2026-05-05 21:07:34 [INFO] riker.phases.phase5_replication: Gene SLC37A1: survived — Same-tissue replication: 2/2 concordant. Cross-tissue: 0/0 concordant.
2026-05-05 21:07:34 [INFO] riker.phases.phase5_replication: Gene SPATS2: survived — Same-tissue replication: 2/2 concordant. Cross-tissue: 0/0 concordant.
2026-05-05 21:07:34 [INFO] riker.phases.phase5_replication: Gene STX3: survived — Same-tissue replication: 2/2 concordant. Cross-tissue: 0/0 concordant.
2026-05-05 21:07:34 [INFO] riker.phases.phase5_replication: Gene TLE3: survived — Same-tissue replication: 2/2 concordant. Cross-tissue: 0/0 concordant.
2026-05-05 21:07:34 [INFO] riker.phases.phase5_replication: Gene TRPM4: survived — Same-tissue replication: 2/2 concordant. Cross-tissue: 0/0 concordant.
2026-05-05 21:07:34 [INFO] riker.phases.phase5_replication: Gene ZMYND8: survived — Same-tissue replication: 2/2 concordant. Cross-tissue: 0/0 concordant.
2026-05-05 21:07:34 [INFO] riker.phases.phase5_replication: Gene MRPS26: survived — Same-tissue replication: 2/2 concordant. Cross-tissue: 0/0 concordant.
2026-05-05 21:07:34 [INFO] riker.phases.phase5_replication: Gene NUCKS1: survived — Same-tissue replication: 2/2 concordant. Cross-tissue: 0/0 concordant.
2026-05-05 21:07:34 [INFO] riker.phases.phase5_replication: Gene PHETA2: survived — Same-tissue replication: 2/2 concordant. Cross-tissue: 0/0 concordant.
2026-05-05 21:07:34 [INFO] riker.phases.phase5_replication: Gene GSDMD: survived — Same-tissue replication: 0/2 concordant. Cross-tissue: 0/0 concordant.
2026-05-05 21:07:34 [INFO] riker.phases.phase5_replication: Gene MYDGF: survived — Same-tissue replication: 2/2 concordant. Cross-tissue: 0/0 concordant.
2026-05-05 21:07:34 [INFO] riker.phases.phase5_replication: Gene SUGP2: eliminated — Significant opposite direction in same-tissue dataset(s): ['GSE65194']. Discovery direction: up.
2026-05-05 21:07:34 [INFO] riker.phases.phase5_replication: Gene TSPAN17: survived — Same-tissue replication: 2/2 concordant. Cross-tissue: 0/0 concordant.
2026-05-05 21:07:34 [INFO] riker.phases.phase5_replication: Gene YTHDF1: survived — Same-tissue replication: 2/2 concordant. Cross-tissue: 0/0 concordant.
2026-05-05 21:07:34 [INFO] riker.phases.phase5_replication: Gene CYBC1: survived — Same-tissue replication: 2/2 concordant. Cross-tissue: 0/0 concordant.
2026-05-05 21:07:34 [INFO] riker.phases.phase5_replication: Gene DNMT3B: survived — Same-tissue replication: 2/2 concordant. Cross-tissue: 0/0 concordant.
2026-05-05 21:07:34 [INFO] riker.phases.phase5_replication: Gene EIF4A3: survived — Same-tissue replication: 2/2 concordant. Cross-tissue: 0/0 concordant.
2026-05-05 21:07:34 [INFO] riker.phases.phase5_replication: Gene GCAT: survived — Same-tissue replication: 0/2 concordant. Cross-tissue: 0/0 concordant.
2026-05-05 21:07:34 [INFO] riker.phases.phase5_replication: Gene GPAT4: eliminated — Significant opposite direction in same-tissue dataset(s): ['GSE45827', 'GSE65194']. Discovery direction: up.
2026-05-05 21:07:34 [INFO] riker.phases.phase5_replication: Gene IQCE: survived — Same-tissue replication: 2/2 concordant. Cross-tissue: 0/0 concordant.
2026-05-05 21:07:34 [INFO] riker.phases.phase5_replication: Gene MBD6: eliminated — Significant opposite direction in same-tissue dataset(s): ['GSE45827', 'GSE65194']. Discovery direction: up.
2026-05-05 21:07:34 [INFO] riker.phases.phase5_replication: Gene MTFP1: survived — Same-tissue replication: 2/2 concordant. Cross-tissue: 0/0 concordant.
2026-05-05 21:07:34 [INFO] riker.phases.phase5_replication: Gene POLB: survived — Same-tissue replication: 2/2 concordant. Cross-tissue: 0/0 concordant.
2026-05-05 21:07:34 [INFO] riker.phases.phase5_replication: Gene PSENEN: survived — Same-tissue replication: 2/2 concordant. Cross-tissue: 0/0 concordant.
2026-05-05 21:07:34 [INFO] riker.phases.phase5_replication: Gene SEC16A: survived — Same-tissue replication: 2/2 concordant. Cross-tissue: 0/0 concordant.
2026-05-05 21:07:34 [INFO] riker.phases.phase5_replication: Gene SETD5: survived — Same-tissue replication: 0/2 concordant. Cross-tissue: 0/0 concordant.
2026-05-05 21:07:34 [INFO] riker.phases.phase5_replication: Gene SPNS1: survived — Same-tissue replication: 2/2 concordant. Cross-tissue: 0/0 concordant.
2026-05-05 21:07:34 [INFO] riker.phases.phase5_replication: Gene TCF3: survived — Same-tissue replication: 2/2 concordant. Cross-tissue: 0/0 concordant.
2026-05-05 21:07:34 [INFO] riker.phases.phase5_replication: Gene TMEM25: survived — Same-tissue replication: 2/2 concordant. Cross-tissue: 0/0 concordant.
2026-05-05 21:07:34 [INFO] riker.phases.phase5_replication: Gene U2AF2: survived — Same-tissue replication: 2/2 concordant. Cross-tissue: 0/0 concordant.
2026-05-05 21:07:34 [INFO] riker.phases.phase5_replication: Gene ATP1A1: survived — Same-tissue replication: 2/2 concordant. Cross-tissue: 0/0 concordant.
2026-05-05 21:07:34 [INFO] riker.phases.phase5_replication: Gene CDH11: survived — Same-tissue replication: 2/2 concordant. Cross-tissue: 0/0 concordant.
2026-05-05 21:07:34 [INFO] riker.phases.phase5_replication: Gene CLEC7A: survived — Same-tissue replication: 2/2 concordant. Cross-tissue: 0/0 concordant.
2026-05-05 21:07:34 [INFO] riker.phases.phase5_replication: Gene FGD3: survived — Same-tissue replication: 2/2 concordant. Cross-tissue: 0/0 concordant.
2026-05-05 21:07:34 [INFO] riker.phases.phase5_replication: Gene PHLDB3: survived — Same-tissue replication: 2/2 concordant. Cross-tissue: 0/0 concordant.
2026-05-05 21:07:34 [INFO] riker.phases.phase5_replication: Gene PYCARD: survived — Same-tissue replication: 2/2 concordant. Cross-tissue: 0/0 concordant.
2026-05-05 21:07:34 [INFO] riker.phases.phase5_replication: Gene RAB40C: survived — Same-tissue replication: 2/2 concordant. Cross-tissue: 0/0 concordant.
2026-05-05 21:07:34 [INFO] riker.phases.phase5_replication: Gene SLC7A1: survived — Same-tissue replication: 2/2 concordant. Cross-tissue: 0/0 concordant.
2026-05-05 21:07:34 [INFO] riker.phases.phase5_replication: Gene CKMT2: survived — Same-tissue replication: 1/1 concordant. Cross-tissue: 0/0 concordant.
2026-05-05 21:07:34 [INFO] riker.phases.phase5_replication: Gene CTNNAL1: survived — Same-tissue replication: 2/2 concordant. Cross-tissue: 0/0 concordant.
2026-05-05 21:07:34 [INFO] riker.phases.phase5_replication: Gene HRCT1: survived — Same-tissue replication: 2/2 concordant. Cross-tissue: 0/0 concordant.
2026-05-05 21:07:34 [INFO] riker.phases.phase5_replication: Gene MAOB: survived — Same-tissue replication: 2/2 concordant. Cross-tissue: 0/0 concordant.
2026-05-05 21:07:34 [INFO] riker.phases.phase5_replication: Gene PHLDB2: survived — Same-tissue replication: 2/2 concordant. Cross-tissue: 0/0 concordant.
2026-05-05 21:07:34 [INFO] riker.phases.phase5_replication: Gene TMEM170B: survived — Same-tissue replication: 2/2 concordant. Cross-tissue: 0/0 concordant.
2026-05-05 21:07:34 [INFO] riker.phases.phase5_replication: Gene VEGFB: survived — Same-tissue replication: 2/2 concordant. Cross-tissue: 0/0 concordant.
2026-05-05 21:07:34 [INFO] riker.phases.phase5_replication: Gene ADAM8: survived — Same-tissue replication: 2/2 concordant. Cross-tissue: 0/0 concordant.
2026-05-05 21:07:34 [INFO] riker.phases.phase5_replication: Gene AGPAT5: survived — Same-tissue replication: 2/2 concordant. Cross-tissue: 0/0 concordant.
2026-05-05 21:07:34 [INFO] riker.phases.phase5_replication: Gene EPHB3: eliminated — Significant opposite direction in same-tissue dataset(s): ['GSE45827', 'GSE65194']. Discovery direction: up.
2026-05-05 21:07:34 [INFO] riker.phases.phase5_replication: Gene FARP1: survived — Same-tissue replication: 2/2 concordant. Cross-tissue: 0/0 concordant.
2026-05-05 21:07:34 [INFO] riker.phases.phase5_replication: Gene GPSM2: survived — Same-tissue replication: 2/2 concordant. Cross-tissue: 0/0 concordant.
2026-05-05 21:07:34 [INFO] riker.phases.phase5_replication: Gene HMG20B: survived — Same-tissue replication: 2/2 concordant. Cross-tissue: 0/0 concordant.
2026-05-05 21:07:34 [INFO] riker.phases.phase5_replication: Gene PIGM: survived — Same-tissue replication: 2/2 concordant. Cross-tissue: 0/0 concordant.
2026-05-05 21:07:34 [INFO] riker.phases.phase5_replication: Gene PTPRK: survived — Same-tissue replication: 1/2 concordant. Cross-tissue: 0/0 concordant.
2026-05-05 21:07:34 [INFO] riker.phases.phase5_replication: Gene TIGD1: survived — Same-tissue replication: 2/2 concordant. Cross-tissue: 0/0 concordant.
2026-05-05 21:07:34 [INFO] riker.phases.phase5_replication: Gene ACVR2A: survived — Same-tissue replication: 2/2 concordant. Cross-tissue: 0/0 concordant.
2026-05-05 21:07:34 [INFO] riker.phases.phase5_replication: Gene EIF4B: survived — Same-tissue replication: 2/2 concordant. Cross-tissue: 0/0 concordant.
2026-05-05 21:07:34 [INFO] riker.phases.phase5_replication: Gene GNAQ: survived — Same-tissue replication: 0/2 concordant. Cross-tissue: 0/0 concordant.
2026-05-05 21:07:34 [INFO] riker.phases.phase5_replication: Gene PRUNE2: survived — Same-tissue replication: 2/2 concordant. Cross-tissue: 0/0 concordant.
2026-05-05 21:07:34 [INFO] riker.phases.phase5_replication: Gene TAB2: eliminated — Significant opposite direction in same-tissue dataset(s): ['GSE45827', 'GSE65194']. Discovery direction: down.
2026-05-05 21:07:34 [INFO] riker.phases.phase5_replication: Gene ABHD16A: survived — Same-tissue replication: 2/2 concordant. Cross-tissue: 0/0 concordant.
2026-05-05 21:07:34 [INFO] riker.phases.phase5_replication: Gene ADAT3: survived — Same-tissue replication: 2/2 concordant. Cross-tissue: 0/0 concordant.
2026-05-05 21:07:34 [INFO] riker.phases.phase5_replication: Gene MED19: survived — Same-tissue replication: 2/2 concordant. Cross-tissue: 0/0 concordant.
2026-05-05 21:07:34 [INFO] riker.phases.phase5_replication: Gene NAGK: survived — Same-tissue replication: 2/2 concordant. Cross-tissue: 0/0 concordant.
2026-05-05 21:07:34 [INFO] riker.phases.phase5_replication: Gene NUP133: survived — Same-tissue replication: 2/2 concordant. Cross-tissue: 0/0 concordant.
2026-05-05 21:07:34 [INFO] riker.phases.phase5_replication: Gene OFD1: eliminated — Significant opposite direction in same-tissue dataset(s): ['GSE45827', 'GSE65194']. Discovery direction: up.
2026-05-05 21:07:34 [INFO] riker.phases.phase5_replication: Gene PPDPF: survived — Same-tissue replication: 2/2 concordant. Cross-tissue: 0/0 concordant.
2026-05-05 21:07:34 [INFO] riker.phases.phase5_replication: Gene SECISBP2: survived — Same-tissue replication: 2/2 concordant. Cross-tissue: 0/0 concordant.
2026-05-05 21:07:34 [INFO] riker.phases.phase5_replication: Gene UQCC3: survived — Same-tissue replication: 0/2 concordant. Cross-tissue: 0/0 concordant.
2026-05-05 21:07:34 [INFO] riker.phases.phase5_replication: Gene NKRF: survived — Same-tissue replication: 1/2 concordant. Cross-tissue: 0/0 concordant.
2026-05-05 21:07:34 [INFO] riker.phases.phase5_replication: Gene TUBA3D: survived — Same-tissue replication: 2/2 concordant. Cross-tissue: 0/0 concordant.
2026-05-05 21:07:34 [INFO] riker.phases.phase5_replication: Gene WDR3: survived — Same-tissue replication: 2/2 concordant. Cross-tissue: 0/0 concordant.
2026-05-05 21:07:34 [INFO] riker.phases.phase5_replication: Gene CUTA: survived — Same-tissue replication: 0/2 concordant. Cross-tissue: 0/0 concordant.
2026-05-05 21:07:34 [INFO] riker.phases.phase5_replication: Gene DDX41: survived — Same-tissue replication: 2/2 concordant. Cross-tissue: 0/0 concordant.
2026-05-05 21:07:34 [INFO] riker.phases.phase5_replication: Gene FAM98C: survived — Same-tissue replication: 2/2 concordant. Cross-tissue: 0/0 concordant.
2026-05-05 21:07:34 [INFO] riker.phases.phase5_replication: Gene KDM2B: survived — Same-tissue replication: 2/2 concordant. Cross-tissue: 0/0 concordant.
2026-05-05 21:07:34 [INFO] riker.phases.phase5_replication: Gene NOXA1: eliminated — Significant opposite direction in same-tissue dataset(s): ['GSE45827', 'GSE65194']. Discovery direction: up.
2026-05-05 21:07:34 [INFO] riker.phases.phase5_replication: Gene TCERG1: survived — Same-tissue replication: 2/2 concordant. Cross-tissue: 0/0 concordant.
2026-05-05 21:07:34 [INFO] riker.phases.phase5_replication: Gene ANKMY2: survived — Same-tissue replication: 2/2 concordant. Cross-tissue: 0/0 concordant.
2026-05-05 21:07:34 [INFO] riker.phases.phase5_replication: Gene ATE1: survived — Same-tissue replication: 2/2 concordant. Cross-tissue: 0/0 concordant.
2026-05-05 21:07:34 [INFO] riker.phases.phase5_replication: Gene CD164: survived — Same-tissue replication: 0/2 concordant. Cross-tissue: 0/0 concordant.
2026-05-05 21:07:34 [INFO] riker.phases.phase5_replication: Gene SLC35B4: survived — Same-tissue replication: 0/2 concordant. Cross-tissue: 0/0 concordant.
2026-05-05 21:07:34 [INFO] riker.phases.phase5_replication: Gene SLU7: survived — Same-tissue replication: 2/2 concordant. Cross-tissue: 0/0 concordant.
2026-05-05 21:07:34 [INFO] riker.phases.phase5_replication: Gene ABITRAM: eliminated — Significant opposite direction in same-tissue dataset(s): ['GSE45827', 'GSE65194']. Discovery direction: down.
2026-05-05 21:07:34 [INFO] riker.phases.phase5_replication: Gene CDC42: eliminated — Significant opposite direction in same-tissue dataset(s): ['GSE45827', 'GSE65194']. Discovery direction: down.
2026-05-05 21:07:34 [INFO] riker.phases.phase5_replication: Gene SLC25A36: eliminated — Significant opposite direction in same-tissue dataset(s): ['GSE45827', 'GSE65194']. Discovery direction: down.
2026-05-05 21:07:34 [INFO] riker.phases.phase5_replication: Gene TNFRSF25: survived — Same-tissue replication: 2/2 concordant. Cross-tissue: 0/0 concordant.
2026-05-05 21:07:34 [INFO] riker.phases.phase5_replication: Gene TRAPPC2B: eliminated — Significant opposite direction in same-tissue dataset(s): ['GSE45827', 'GSE65194']. Discovery direction: down.
2026-05-05 21:07:34 [INFO] riker.phases.phase5_replication: Gene BRD7: eliminated — Significant opposite direction in same-tissue dataset(s): ['GSE65194']. Discovery direction: down.
2026-05-05 21:07:34 [INFO] riker.phases.phase5_replication: Gene CMC2: eliminated — Significant opposite direction in same-tissue dataset(s): ['GSE45827', 'GSE65194']. Discovery direction: down.
2026-05-05 21:07:34 [INFO] riker.phases.phase5_replication: Gene EIF2S2: eliminated — Significant opposite direction in same-tissue dataset(s): ['GSE45827', 'GSE65194']. Discovery direction: down.
2026-05-05 21:07:34 [INFO] riker.phases.phase5_replication: Gene PAIP1: eliminated — Significant opposite direction in same-tissue dataset(s): ['GSE45827', 'GSE65194']. Discovery direction: down.
2026-05-05 21:07:34 [INFO] riker.phases.phase5_replication: Gene RABGAP1L: eliminated — Significant opposite direction in same-tissue dataset(s): ['GSE45827', 'GSE65194']. Discovery direction: down.
2026-05-05 21:07:34 [INFO] riker.phases.phase5_replication: Gene ATP5MJ: survived — Same-tissue replication: 2/2 concordant. Cross-tissue: 0/0 concordant.
2026-05-05 21:07:34 [INFO] riker.phases.phase5_replication: Gene KCNMB1: survived — Same-tissue replication: 2/2 concordant. Cross-tissue: 0/0 concordant.
2026-05-05 21:07:34 [INFO] riker.phases.phase5_replication: Gene LSM3: eliminated — Significant opposite direction in same-tissue dataset(s): ['GSE45827', 'GSE65194']. Discovery direction: down.
2026-05-05 21:07:34 [INFO] riker.phases.phase5_replication: Gene RPS23: survived — Same-tissue replication: 2/2 concordant. Cross-tissue: 0/0 concordant.
2026-05-05 21:07:34 [INFO] riker.phases.phase5_replication: Gene ANXA9: survived — Same-tissue replication: 2/2 concordant. Cross-tissue: 0/0 concordant.
2026-05-05 21:07:34 [INFO] riker.phases.phase5_replication: Gene BARD1: survived — Same-tissue replication: 2/2 concordant. Cross-tissue: 0/0 concordant.
2026-05-05 21:07:34 [INFO] riker.phases.phase5_replication: Gene CGN: survived — Same-tissue replication: 2/2 concordant. Cross-tissue: 0/0 concordant.
2026-05-05 21:07:34 [INFO] riker.phases.phase5_replication: Gene CLDN7: survived — Same-tissue replication: 2/2 concordant. Cross-tissue: 0/0 concordant.
2026-05-05 21:07:34 [INFO] riker.phases.phase5_replication: Gene DLG3: survived — Same-tissue replication: 2/2 concordant. Cross-tissue: 0/0 concordant.
2026-05-05 21:07:34 [INFO] riker.phases.phase5_replication: Gene DYNC2I2: survived — Same-tissue replication: 2/2 concordant. Cross-tissue: 0/0 concordant.
2026-05-05 21:07:34 [INFO] riker.phases.phase5_replication: Gene ERP27: survived — Same-tissue replication: 2/2 concordant. Cross-tissue: 0/0 concordant.
2026-05-05 21:07:34 [INFO] riker.phases.phase5_replication: Gene FLVCR1: survived — Same-tissue replication: 2/2 concordant. Cross-tissue: 0/0 concordant.
2026-05-05 21:07:34 [INFO] riker.phases.phase5_replication: Gene H2AC19: survived — Same-tissue replication: 2/2 concordant. Cross-tissue: 0/0 concordant.
2026-05-05 21:07:34 [INFO] riker.phases.phase5_replication: Gene HOXC10: survived — Same-tissue replication: 2/2 concordant. Cross-tissue: 0/0 concordant.
2026-05-05 21:07:34 [INFO] riker.phases.phase5_replication: Gene MAD2L1: survived — Same-tissue replication: 2/2 concordant. Cross-tissue: 0/0 concordant.
2026-05-05 21:07:34 [INFO] riker.phases.phase5_replication: Gene PRR15: survived — Same-tissue replication: 2/2 concordant. Cross-tissue: 0/0 concordant.
2026-05-05 21:07:34 [INFO] riker.phases.phase5_replication: Gene BGN: survived — Same-tissue replication: 2/2 concordant. Cross-tissue: 0/0 concordant.
2026-05-05 21:07:34 [INFO] riker.phases.phase5_replication: Gene EZR: survived — Same-tissue replication: 2/2 concordant. Cross-tissue: 0/0 concordant.
2026-05-05 21:07:34 [INFO] riker.phases.phase5_replication: Gene KRTCAP3: survived — Same-tissue replication: 2/2 concordant. Cross-tissue: 0/0 concordant.
2026-05-05 21:07:34 [INFO] riker.phases.phase5_replication: Gene PAQR4: survived — Same-tissue replication: 2/2 concordant. Cross-tissue: 0/0 concordant.
2026-05-05 21:07:34 [INFO] riker.phases.phase5_replication: Gene WDR90: survived — Same-tissue replication: 2/2 concordant. Cross-tissue: 0/0 concordant.
2026-05-05 21:07:34 [INFO] riker.phases.phase5_replication: Gene ATP5F1E: survived — Same-tissue replication: 0/2 concordant. Cross-tissue: 0/0 concordant.
2026-05-05 21:07:34 [INFO] riker.phases.phase5_replication: Gene CCDC82: survived — Same-tissue replication: 0/2 concordant. Cross-tissue: 0/0 concordant.
2026-05-05 21:07:34 [INFO] riker.phases.phase5_replication: Gene HADHA: survived — Same-tissue replication: 0/2 concordant. Cross-tissue: 0/0 concordant.
2026-05-05 21:07:34 [INFO] riker.phases.phase5_replication: Gene HECTD3: survived — Same-tissue replication: 2/2 concordant. Cross-tissue: 0/0 concordant.
2026-05-05 21:07:34 [INFO] riker.phases.phase5_replication: Gene LTBP4: survived — Same-tissue replication: 2/2 concordant. Cross-tissue: 0/0 concordant.
2026-05-05 21:07:34 [INFO] riker.phases.phase5_replication: Gene PEX5: survived — Same-tissue replication: 2/2 concordant. Cross-tissue: 0/0 concordant.
2026-05-05 21:07:34 [INFO] riker.phases.phase5_replication: Gene PPM1F: survived — Same-tissue replication: 2/2 concordant. Cross-tissue: 0/0 concordant.
2026-05-05 21:07:34 [INFO] riker.phases.phase5_replication: Gene TFDP2: survived — Same-tissue replication: 2/2 concordant. Cross-tissue: 0/0 concordant.
2026-05-05 21:07:34 [INFO] riker.phases.phase5_replication: Gene TMEM135: eliminated — Significant opposite direction in same-tissue dataset(s): ['GSE45827', 'GSE65194']. Discovery direction: down.
2026-05-05 21:07:34 [INFO] riker.phases.phase5_replication: Gene VIPR1: survived — Same-tissue replication: 2/2 concordant. Cross-tissue: 0/0 concordant.
2026-05-05 21:07:34 [INFO] riker.phases.phase5_replication: Gene BATF: survived — Same-tissue replication: 2/2 concordant. Cross-tissue: 0/0 concordant.
2026-05-05 21:07:34 [INFO] riker.phases.phase5_replication: Gene CHPF: survived — Same-tissue replication: 2/2 concordant. Cross-tissue: 0/0 concordant.
2026-05-05 21:07:34 [INFO] riker.phases.phase5_replication: Gene JMJD4: survived — Same-tissue replication: 2/2 concordant. Cross-tissue: 0/0 concordant.
2026-05-05 21:07:34 [INFO] riker.phases.phase5_replication: Gene MOGS: survived — Same-tissue replication: 2/2 concordant. Cross-tissue: 0/0 concordant.
2026-05-05 21:07:34 [INFO] riker.phases.phase5_replication: Gene RHOT2: eliminated — Significant opposite direction in same-tissue dataset(s): ['GSE45827', 'GSE65194']. Discovery direction: up.
2026-05-05 21:07:34 [INFO] riker.phases.phase5_replication: Gene SETD4: survived — Same-tissue replication: 1/2 concordant. Cross-tissue: 0/0 concordant.
2026-05-05 21:07:34 [INFO] riker.phases.phase5_replication: Gene ARAP2: survived — Same-tissue replication: 2/2 concordant. Cross-tissue: 0/0 concordant.
2026-05-05 21:07:34 [INFO] riker.phases.phase5_replication: Gene ARHGDIB: survived — Same-tissue replication: 2/2 concordant. Cross-tissue: 0/0 concordant.
2026-05-05 21:07:34 [INFO] riker.phases.phase5_replication: Gene B3GNT2: survived — Same-tissue replication: 2/2 concordant. Cross-tissue: 0/0 concordant.
2026-05-05 21:07:34 [INFO] riker.phases.phase5_replication: Gene BANP: survived — Same-tissue replication: 0/2 concordant. Cross-tissue: 0/0 concordant.
2026-05-05 21:07:34 [INFO] riker.phases.phase5_replication: Gene EPM2AIP1: eliminated — Significant opposite direction in same-tissue dataset(s): ['GSE45827', 'GSE65194']. Discovery direction: up.
2026-05-05 21:07:34 [INFO] riker.phases.phase5_replication: Gene RNF115: survived — Same-tissue replication: 2/2 concordant. Cross-tissue: 0/0 concordant.
2026-05-05 21:07:34 [INFO] riker.phases.phase5_replication: Gene TMC6: survived — Same-tissue replication: 0/2 concordant. Cross-tissue: 0/0 concordant.
2026-05-05 21:07:34 [INFO] riker.phases.phase5_replication: Gene VASP: survived — Same-tissue replication: 2/2 concordant. Cross-tissue: 0/0 concordant.
2026-05-05 21:07:34 [INFO] riker.phases.phase5_replication: Gene GLMN: survived — Same-tissue replication: 2/2 concordant. Cross-tissue: 0/0 concordant.
2026-05-05 21:07:34 [INFO] riker.phases.phase5_replication: Gene PSMD13: survived — Same-tissue replication: 0/2 concordant. Cross-tissue: 0/0 concordant.
2026-05-05 21:07:34 [INFO] riker.phases.phase5_replication: Gene TIAL1: survived — Same-tissue replication: 2/2 concordant. Cross-tissue: 0/0 concordant.
2026-05-05 21:07:34 [INFO] riker.phases.phase5_replication: Gene CHD1: survived — Same-tissue replication: 2/2 concordant. Cross-tissue: 0/0 concordant.
2026-05-05 21:07:34 [INFO] riker.phases.phase5_replication: Gene OAS1: survived — Same-tissue replication: 2/2 concordant. Cross-tissue: 0/0 concordant.
2026-05-05 21:07:34 [INFO] riker.phases.phase5_replication: Gene PTPN2: survived — Same-tissue replication: 2/2 concordant. Cross-tissue: 0/0 concordant.
2026-05-05 21:07:34 [INFO] riker.phases.phase5_replication: Gene TMEM181: survived — Same-tissue replication: 2/2 concordant. Cross-tissue: 0/0 concordant.
2026-05-05 21:07:34 [INFO] riker.phases.phase5_replication: Gene FAM193B: eliminated — Significant opposite direction in same-tissue dataset(s): ['GSE45827', 'GSE65194']. Discovery direction: up.
2026-05-05 21:07:34 [INFO] riker.phases.phase5_replication: Gene HIF1AN: survived — Same-tissue replication: 0/2 concordant. Cross-tissue: 0/0 concordant.
2026-05-05 21:07:34 [INFO] riker.phases.phase5_replication: Gene NDUFB3: survived — Same-tissue replication: 2/2 concordant. Cross-tissue: 0/0 concordant.
2026-05-05 21:07:34 [INFO] riker.phases.phase5_replication: Gene PDE12: survived — Same-tissue replication: 2/2 concordant. Cross-tissue: 0/0 concordant.
2026-05-05 21:07:34 [INFO] riker.phases.phase5_replication: Gene PRRC2B: survived — Same-tissue replication: 2/2 concordant. Cross-tissue: 0/0 concordant.
2026-05-05 21:07:34 [INFO] riker.phases.phase5_replication: Gene TSPYL2: eliminated — Significant opposite direction in same-tissue dataset(s): ['GSE45827', 'GSE65194']. Discovery direction: up.
2026-05-05 21:07:34 [INFO] riker.phases.phase5_replication: Gene ZSCAN9: survived — Same-tissue replication: 2/2 concordant. Cross-tissue: 0/0 concordant.
2026-05-05 21:07:34 [INFO] riker.phases.phase5_replication: Gene CANT1: survived — Same-tissue replication: 2/2 concordant. Cross-tissue: 0/0 concordant.
2026-05-05 21:07:34 [INFO] riker.phases.phase5_replication: Gene GALE: survived — Same-tissue replication: 2/2 concordant. Cross-tissue: 0/0 concordant.
2026-05-05 21:07:34 [INFO] riker.phases.phase5_replication: Gene GCH1: survived — Same-tissue replication: 2/2 concordant. Cross-tissue: 0/0 concordant.
2026-05-05 21:07:34 [INFO] riker.phases.phase5_replication: Gene GFUS: survived — Same-tissue replication: 2/2 concordant. Cross-tissue: 0/0 concordant.
2026-05-05 21:07:34 [INFO] riker.phases.phase5_replication: Gene INAVA: survived — Same-tissue replication: 2/2 concordant. Cross-tissue: 0/0 concordant.
2026-05-05 21:07:34 [INFO] riker.phases.phase5_replication: Gene MCM2: survived — Same-tissue replication: 2/2 concordant. Cross-tissue: 0/0 concordant.
2026-05-05 21:07:34 [INFO] riker.phases.phase5_replication: Gene MIF: survived — Same-tissue replication: 2/2 concordant. Cross-tissue: 0/0 concordant.
2026-05-05 21:07:34 [INFO] riker.phases.phase5_replication: Gene PDCD6: survived — Same-tissue replication: 2/2 concordant. Cross-tissue: 0/0 concordant.
2026-05-05 21:07:34 [INFO] riker.phases.phase5_replication: Gene PLAAT4: survived — Same-tissue replication: 2/2 concordant. Cross-tissue: 0/0 concordant.
2026-05-05 21:07:34 [INFO] riker.phases.phase5_replication: Gene SLC20A1: survived — Same-tissue replication: 2/2 concordant. Cross-tissue: 0/0 concordant.
2026-05-05 21:07:34 [INFO] riker.phases.phase5_replication: Gene SLC35A2: survived — Same-tissue replication: 2/2 concordant. Cross-tissue: 0/0 concordant.
2026-05-05 21:07:34 [INFO] riker.phases.phase5_replication: Gene CD47: survived — Same-tissue replication: 2/2 concordant. Cross-tissue: 0/0 concordant.
2026-05-05 21:07:34 [INFO] riker.phases.phase5_replication: Gene DNAJC10: survived — Same-tissue replication: 2/2 concordant. Cross-tissue: 0/0 concordant.
2026-05-05 21:07:34 [INFO] riker.phases.phase5_replication: Gene IFI30: survived — Same-tissue replication: 2/2 concordant. Cross-tissue: 0/0 concordant.
2026-05-05 21:07:34 [INFO] riker.phases.phase5_replication: Gene NDE1: survived — Same-tissue replication: 2/2 concordant. Cross-tissue: 0/0 concordant.
2026-05-05 21:07:34 [INFO] riker.phases.phase5_replication: Gene NUP58: survived — Same-tissue replication: 2/2 concordant. Cross-tissue: 0/0 concordant.
2026-05-05 21:07:34 [INFO] riker.phases.phase5_replication: Gene RFC4: survived — Same-tissue replication: 2/2 concordant. Cross-tissue: 0/0 concordant.
2026-05-05 21:07:34 [INFO] riker.phases.phase5_replication: Gene SCYL3: survived — Same-tissue replication: 2/2 concordant. Cross-tissue: 0/0 concordant.
2026-05-05 21:07:34 [INFO] riker.phases.phase5_replication: Gene SRP9: survived — Same-tissue replication: 2/2 concordant. Cross-tissue: 0/0 concordant.
2026-05-05 21:07:34 [INFO] riker.phases.phase5_replication: Gene TTC13: survived — Same-tissue replication: 2/2 concordant. Cross-tissue: 0/0 concordant.
2026-05-05 21:07:34 [INFO] riker.phases.phase5_replication: Gene HSPA14: survived — Same-tissue replication: 2/2 concordant. Cross-tissue: 0/0 concordant.
2026-05-05 21:07:34 [INFO] riker.phases.phase5_replication: Gene SLC25A14: survived — Same-tissue replication: 0/2 concordant. Cross-tissue: 0/0 concordant.
2026-05-05 21:07:34 [INFO] riker.phases.phase5_replication: Gene TRIM37: survived — Same-tissue replication: 2/2 concordant. Cross-tissue: 0/0 concordant.
2026-05-05 21:07:34 [INFO] riker.phases.phase5_replication: Gene UTP18: survived — Same-tissue replication: 2/2 concordant. Cross-tissue: 0/0 concordant.
2026-05-05 21:07:34 [INFO] riker.phases.phase5_replication: Gene CARD19: survived — Same-tissue replication: 2/2 concordant. Cross-tissue: 0/0 concordant.
2026-05-05 21:07:34 [INFO] riker.phases.phase5_replication: Gene PKNOX1: survived — Same-tissue replication: 0/2 concordant. Cross-tissue: 0/0 concordant.
2026-05-05 21:07:34 [INFO] riker.phases.phase5_replication: Gene SLC27A4: survived — Same-tissue replication: 2/2 concordant. Cross-tissue: 0/0 concordant.
2026-05-05 21:07:34 [INFO] riker.phases.phase5_replication: Gene ZNF48: eliminated — Significant opposite direction in same-tissue dataset(s): ['GSE45827', 'GSE65194']. Discovery direction: up.
2026-05-05 21:07:34 [INFO] riker.phases.phase5_replication: Gene ZNF768: eliminated — Significant opposite direction in same-tissue dataset(s): ['GSE45827', 'GSE65194']. Discovery direction: up.
2026-05-05 21:07:34 [INFO] riker.phases.phase5_replication: Gene ACBD3: survived — Same-tissue replication: 2/2 concordant. Cross-tissue: 0/0 concordant.
2026-05-05 21:07:34 [INFO] riker.phases.phase5_replication: Gene HNRNPC: survived — Same-tissue replication: 2/2 concordant. Cross-tissue: 0/0 concordant.
2026-05-05 21:07:34 [INFO] riker.phases.phase5_replication: Gene PPP1R3D: survived — Same-tissue replication: 2/2 concordant. Cross-tissue: 0/0 concordant.
2026-05-05 21:07:34 [INFO] riker.phases.phase5_replication: Gene RAB8A: survived — Same-tissue replication: 2/2 concordant. Cross-tissue: 0/0 concordant.
2026-05-05 21:07:34 [INFO] riker.phases.phase5_replication: Gene ZDHHC12: survived — Same-tissue replication: 2/2 concordant. Cross-tissue: 0/0 concordant.
2026-05-05 21:07:34 [INFO] riker.phases.phase5_replication: Gene ATP6AP1: survived — Same-tissue replication: 2/2 concordant. Cross-tissue: 0/0 concordant.
2026-05-05 21:07:34 [INFO] riker.phases.phase5_replication: Gene CTPS1: survived — Same-tissue replication: 2/2 concordant. Cross-tissue: 0/0 concordant.
2026-05-05 21:07:34 [INFO] riker.phases.phase5_replication: Gene EME1: survived — Same-tissue replication: 2/2 concordant. Cross-tissue: 0/0 concordant.
2026-05-05 21:07:34 [INFO] riker.phases.phase5_replication: Gene EVL: survived — Same-tissue replication: 1/2 concordant. Cross-tissue: 0/0 concordant.
2026-05-05 21:07:34 [INFO] riker.phases.phase5_replication: Gene PARP9: survived — Same-tissue replication: 2/2 concordant. Cross-tissue: 0/0 concordant.
2026-05-05 21:07:34 [INFO] riker.phases.phase5_replication: Gene PREX1: survived — Same-tissue replication: 2/2 concordant. Cross-tissue: 0/0 concordant.
2026-05-05 21:07:34 [INFO] riker.phases.phase5_replication: Gene PRXL2B: survived — Same-tissue replication: 2/2 concordant. Cross-tissue: 0/0 concordant.
2026-05-05 21:07:34 [INFO] riker.phases.phase5_replication: Gene STRBP: survived — Same-tissue replication: 0/2 concordant. Cross-tissue: 0/0 concordant.
2026-05-05 21:07:34 [INFO] riker.phases.phase5_replication: Gene ABHD12: survived — Same-tissue replication: 2/2 concordant. Cross-tissue: 0/0 concordant.
2026-05-05 21:07:34 [INFO] riker.phases.phase5_replication: Gene CFL1: survived — Same-tissue replication: 2/2 concordant. Cross-tissue: 0/0 concordant.
2026-05-05 21:07:34 [INFO] riker.phases.phase5_replication: Gene CRELD2: survived — Same-tissue replication: 2/2 concordant. Cross-tissue: 0/0 concordant.
2026-05-05 21:07:34 [INFO] riker.phases.phase5_replication: Gene DAP: survived — Same-tissue replication: 2/2 concordant. Cross-tissue: 0/0 concordant.
2026-05-05 21:07:34 [INFO] riker.phases.phase5_replication: Gene DDX31: survived — Same-tissue replication: 2/2 concordant. Cross-tissue: 0/0 concordant.
2026-05-05 21:07:34 [INFO] riker.phases.phase5_replication: Gene EIF4E2: survived — Same-tissue replication: 2/2 concordant. Cross-tissue: 0/0 concordant.
2026-05-05 21:07:34 [INFO] riker.phases.phase5_replication: Gene EOLA1: survived — Same-tissue replication: 2/2 concordant. Cross-tissue: 0/0 concordant.
2026-05-05 21:07:34 [INFO] riker.phases.phase5_replication: Gene GAPDH: survived — Same-tissue replication: 2/2 concordant. Cross-tissue: 0/0 concordant.
2026-05-05 21:07:34 [INFO] riker.phases.phase5_replication: Gene IPPK: survived — Same-tissue replication: 2/2 concordant. Cross-tissue: 0/0 concordant.
2026-05-05 21:07:34 [INFO] riker.phases.phase5_replication: Gene NOP2: survived — Same-tissue replication: 2/2 concordant. Cross-tissue: 0/0 concordant.
2026-05-05 21:07:34 [INFO] riker.phases.phase5_replication: Gene OSBPL10: survived — Same-tissue replication: 2/2 concordant. Cross-tissue: 0/0 concordant.
2026-05-05 21:07:34 [INFO] riker.phases.phase5_replication: Gene PGAP6: survived — Same-tissue replication: 2/2 concordant. Cross-tissue: 0/0 concordant.
2026-05-05 21:07:34 [INFO] riker.phases.phase5_replication: Gene PSPC1: survived — Same-tissue replication: 2/2 concordant. Cross-tissue: 0/0 concordant.
2026-05-05 21:07:34 [INFO] riker.phases.phase5_replication: Gene PTDSS1: survived — Same-tissue replication: 2/2 concordant. Cross-tissue: 0/0 concordant.
2026-05-05 21:07:34 [INFO] riker.phases.phase5_replication: Gene RHPN1: survived — Same-tissue replication: 2/2 concordant. Cross-tissue: 0/0 concordant.
2026-05-05 21:07:34 [INFO] riker.phases.phase5_replication: Gene TRIM26: survived — Same-tissue replication: 2/2 concordant. Cross-tissue: 0/0 concordant.
2026-05-05 21:07:34 [INFO] riker.phases.phase5_replication: Gene TYW2: survived — Same-tissue replication: 2/2 concordant. Cross-tissue: 0/0 concordant.
2026-05-05 21:07:34 [INFO] riker.phases.phase5_replication: Gene UBL4A: survived — Same-tissue replication: 2/2 concordant. Cross-tissue: 0/0 concordant.
2026-05-05 21:07:34 [INFO] riker.phases.phase5_replication: Gene VPS52: eliminated — Significant opposite direction in same-tissue dataset(s): ['GSE65194']. Discovery direction: up.
2026-05-05 21:07:34 [INFO] riker.phases.phase5_replication: Gene ZDHHC20: survived — Same-tissue replication: 2/2 concordant. Cross-tissue: 0/0 concordant.
2026-05-05 21:07:34 [INFO] riker.phases.phase5_replication: Gene CCL2: eliminated — Significant opposite direction in same-tissue dataset(s): ['GSE45827', 'GSE65194']. Discovery direction: down.
2026-05-05 21:07:34 [INFO] riker.phases.phase5_replication: Gene IL6: survived — Same-tissue replication: 0/2 concordant. Cross-tissue: 0/0 concordant.
2026-05-05 21:07:34 [INFO] riker.phases.phase5_replication: Gene NPY1R: survived — Same-tissue replication: 2/2 concordant. Cross-tissue: 0/0 concordant.
2026-05-05 21:07:34 [INFO] riker.phases.phase5_replication: Gene PLN: survived — Same-tissue replication: 2/2 concordant. Cross-tissue: 0/0 concordant.
2026-05-05 21:07:34 [INFO] riker.phases.phase5_replication: Gene POLR2L: survived — Same-tissue replication: 2/2 concordant. Cross-tissue: 0/0 concordant.
2026-05-05 21:07:34 [INFO] riker.phases.phase5_replication: Gene RAI2: survived — Same-tissue replication: 2/2 concordant. Cross-tissue: 0/0 concordant.
2026-05-05 21:07:34 [INFO] riker.phases.phase5_replication: Gene FLNC: survived — Same-tissue replication: 2/2 concordant. Cross-tissue: 0/0 concordant.
2026-05-05 21:07:34 [INFO] riker.phases.phase5_replication: Gene FRA10AC1: survived — Same-tissue replication: 2/2 concordant. Cross-tissue: 0/0 concordant.
2026-05-05 21:07:34 [INFO] riker.phases.phase5_replication: Gene PPA1: eliminated — Significant opposite direction in same-tissue dataset(s): ['GSE45827', 'GSE65194']. Discovery direction: down.
2026-05-05 21:07:34 [INFO] riker.phases.phase5_replication: Gene RBL2: survived — Same-tissue replication: 2/2 concordant. Cross-tissue: 0/0 concordant.
2026-05-05 21:07:34 [INFO] riker.phases.phase5_replication: Gene ZNF354C: survived — Same-tissue replication: 2/2 concordant. Cross-tissue: 0/0 concordant.
2026-05-05 21:07:34 [INFO] riker.phases.phase5_replication: Gene BACE1: survived — Same-tissue replication: 2/2 concordant. Cross-tissue: 0/0 concordant.
2026-05-05 21:07:34 [INFO] riker.phases.phase5_replication: Gene CEP63: survived — Same-tissue replication: 2/2 concordant. Cross-tissue: 0/0 concordant.
2026-05-05 21:07:34 [INFO] riker.phases.phase5_replication: Gene DDAH2: survived — Same-tissue replication: 2/2 concordant. Cross-tissue: 0/0 concordant.
2026-05-05 21:07:34 [INFO] riker.phases.phase5_replication: Gene GLRX3: eliminated — Significant opposite direction in same-tissue dataset(s): ['GSE45827', 'GSE65194']. Discovery direction: down.
2026-05-05 21:07:34 [INFO] riker.phases.phase5_replication: Gene ITM2B: survived — Same-tissue replication: 2/2 concordant. Cross-tissue: 0/0 concordant.
2026-05-05 21:07:34 [INFO] riker.phases.phase5_replication: Gene POLR2E: survived — Same-tissue replication: 2/2 concordant. Cross-tissue: 0/0 concordant.
2026-05-05 21:07:34 [INFO] riker.phases.phase5_replication: Gene SPTAN1: survived — Same-tissue replication: 2/2 concordant. Cross-tissue: 0/0 concordant.
2026-05-05 21:07:34 [INFO] riker.phases.phase5_replication: Gene ARRDC4: survived — Same-tissue replication: 2/2 concordant. Cross-tissue: 0/0 concordant.
2026-05-05 21:07:34 [INFO] riker.phases.phase5_replication: Gene C1S: survived — Same-tissue replication: 0/2 concordant. Cross-tissue: 0/0 concordant.
2026-05-05 21:07:34 [INFO] riker.phases.phase5_replication: Gene ETFRF1: survived — Same-tissue replication: 2/2 concordant. Cross-tissue: 0/0 concordant.
2026-05-05 21:07:34 [INFO] riker.phases.phase5_replication: Gene GFPT2: eliminated — Significant opposite direction in same-tissue dataset(s): ['GSE45827', 'GSE65194']. Discovery direction: down.
2026-05-05 21:07:34 [INFO] riker.phases.phase5_replication: Gene STARD13: survived — Same-tissue replication: 2/2 concordant. Cross-tissue: 0/0 concordant.
2026-05-05 21:07:34 [INFO] riker.phases.phase5_replication: Gene TMEM256: survived — Same-tissue replication: 2/2 concordant. Cross-tissue: 0/0 concordant.
2026-05-05 21:07:34 [INFO] riker.phases.phase5_replication: Gene ALDH3A2: survived — Same-tissue replication: 2/2 concordant. Cross-tissue: 0/0 concordant.
2026-05-05 21:07:34 [INFO] riker.phases.phase5_replication: Gene CKB: survived — Same-tissue replication: 2/2 concordant. Cross-tissue: 0/0 concordant.
2026-05-05 21:07:34 [INFO] riker.phases.phase5_replication: Gene DPYD: survived — Same-tissue replication: 2/2 concordant. Cross-tissue: 0/0 concordant.
2026-05-05 21:07:34 [INFO] riker.phases.phase5_replication: Gene FGF13: survived — Same-tissue replication: 1/2 concordant. Cross-tissue: 0/0 concordant.
2026-05-05 21:07:34 [INFO] riker.phases.phase5_replication: Gene HACD1: eliminated — Significant opposite direction in same-tissue dataset(s): ['GSE45827', 'GSE65194']. Discovery direction: down.
2026-05-05 21:07:34 [INFO] riker.phases.phase5_replication: Gene LAIR1: eliminated — Significant opposite direction in same-tissue dataset(s): ['GSE45827', 'GSE65194']. Discovery direction: down.
2026-05-05 21:07:34 [INFO] riker.phases.phase5_replication: Gene MARCHF2: survived — Same-tissue replication: 2/2 concordant. Cross-tissue: 0/0 concordant.
2026-05-05 21:07:34 [INFO] riker.phases.phase5_replication: Gene MPEG1: eliminated — Significant opposite direction in same-tissue dataset(s): ['GSE45827', 'GSE65194']. Discovery direction: down.
2026-05-05 21:07:34 [INFO] riker.phases.phase5_replication: Gene NAP1L5: survived — Same-tissue replication: 2/2 concordant. Cross-tissue: 0/0 concordant.
2026-05-05 21:07:34 [INFO] riker.phases.phase5_replication: Gene PLIN5: survived — Same-tissue replication: 2/2 concordant. Cross-tissue: 0/0 concordant.
2026-05-05 21:07:34 [INFO] riker.phases.phase5_replication: Gene PPP1R15A: survived — Same-tissue replication: 0/2 concordant. Cross-tissue: 0/0 concordant.
2026-05-05 21:07:34 [INFO] riker.phases.phase5_replication: Gene STEAP4: survived — Same-tissue replication: 2/2 concordant. Cross-tissue: 0/0 concordant.
2026-05-05 21:07:34 [INFO] riker.phases.phase5_replication: Gene CITED2: survived — Same-tissue replication: 0/2 concordant. Cross-tissue: 0/0 concordant.
2026-05-05 21:07:34 [INFO] riker.phases.phase5_replication: Gene DTD2: survived — Same-tissue replication: 2/2 concordant. Cross-tissue: 0/0 concordant.
2026-05-05 21:07:34 [INFO] riker.phases.phase5_replication: Gene ERCC8: survived — Same-tissue replication: 2/2 concordant. Cross-tissue: 0/0 concordant.
2026-05-05 21:07:34 [INFO] riker.phases.phase5_replication: Gene GPT2: survived — Same-tissue replication: 1/2 concordant. Cross-tissue: 0/0 concordant.
2026-05-05 21:07:34 [INFO] riker.phases.phase5_replication: Gene GSDME: survived — Same-tissue replication: 2/2 concordant. Cross-tissue: 0/0 concordant.
2026-05-05 21:07:34 [INFO] riker.phases.phase5_replication: Gene HINT2: survived — Same-tissue replication: 2/2 concordant. Cross-tissue: 0/0 concordant.
2026-05-05 21:07:35 [INFO] riker.phases.phase5_replication: Gene NNT: eliminated — Significant opposite direction in same-tissue dataset(s): ['GSE45827', 'GSE65194']. Discovery direction: down.
2026-05-05 21:07:35 [INFO] riker.phases.phase5_replication: Gene NRP2: eliminated — Significant opposite direction in same-tissue dataset(s): ['GSE45827', 'GSE65194']. Discovery direction: down.
2026-05-05 21:07:35 [INFO] riker.phases.phase5_replication: Gene RNF141: survived — Same-tissue replication: 2/2 concordant. Cross-tissue: 0/0 concordant.
2026-05-05 21:07:35 [INFO] riker.phases.phase5_replication: Gene RPH3AL: survived — Same-tissue replication: 2/2 concordant. Cross-tissue: 0/0 concordant.
2026-05-05 21:07:35 [INFO] riker.phases.phase5_replication: Gene SSBP2: survived — Same-tissue replication: 2/2 concordant. Cross-tissue: 0/0 concordant.
2026-05-05 21:07:35 [INFO] riker.phases.phase5_replication: Gene TMEM120A: survived — Same-tissue replication: 2/2 concordant. Cross-tissue: 0/0 concordant.
2026-05-05 21:07:35 [INFO] riker.phases.phase5_replication: Gene ZYG11B: survived — Same-tissue replication: 0/2 concordant. Cross-tissue: 0/0 concordant.
2026-05-05 21:07:35 [INFO] riker.phases.phase5_replication: Gene MLX: survived — Same-tissue replication: 2/2 concordant. Cross-tissue: 0/0 concordant.
2026-05-05 21:07:35 [INFO] riker.phases.phase5_replication: Gene PJA2: survived — Same-tissue replication: 0/2 concordant. Cross-tissue: 0/0 concordant.
2026-05-05 21:07:35 [INFO] riker.phases.phase5_replication: Gene PRKAR1A: survived — Same-tissue replication: 2/2 concordant. Cross-tissue: 0/0 concordant.
2026-05-05 21:07:35 [INFO] riker.phases.phase5_replication: Gene ATF2: survived — Same-tissue replication: 2/2 concordant. Cross-tissue: 0/0 concordant.
2026-05-05 21:07:35 [INFO] riker.phases.phase5_replication: Gene GAS2L1: survived — Same-tissue replication: 2/2 concordant. Cross-tissue: 0/0 concordant.
2026-05-05 21:07:35 [INFO] riker.phases.phase5_replication: Gene HMGN3: survived — Same-tissue replication: 2/2 concordant. Cross-tissue: 0/0 concordant.
2026-05-05 21:07:35 [INFO] riker.phases.phase5_replication: Gene MECR: survived — Same-tissue replication: 0/2 concordant. Cross-tissue: 0/0 concordant.
2026-05-05 21:07:35 [INFO] riker.phases.phase5_replication: Gene NFE2L2: eliminated — Significant opposite direction in same-tissue dataset(s): ['GSE45827', 'GSE65194']. Discovery direction: down.
2026-05-05 21:07:35 [INFO] riker.phases.phase5_replication: Gene RFC1: eliminated — Significant opposite direction in same-tissue dataset(s): ['GSE45827', 'GSE65194']. Discovery direction: down.
2026-05-05 21:07:35 [INFO] riker.phases.phase5_replication: Gene SNX1: survived — Same-tissue replication: 2/2 concordant. Cross-tissue: 0/0 concordant.
2026-05-05 21:07:35 [INFO] riker.phases.phase5_replication: Gene SPAG16: survived — Same-tissue replication: 2/2 concordant. Cross-tissue: 0/0 concordant.
2026-05-05 21:07:35 [INFO] riker.phases.phase5_replication: Gene ST3GAL5: survived — Same-tissue replication: 2/2 concordant. Cross-tissue: 0/0 concordant.
2026-05-05 21:07:35 [INFO] riker.phases.phase5_replication: Gene UBA52: survived — Same-tissue replication: 2/2 concordant. Cross-tissue: 0/0 concordant.
2026-05-05 21:07:35 [INFO] riker.phases.phase5_replication: Gene ACACB: survived — Same-tissue replication: 2/2 concordant. Cross-tissue: 0/0 concordant.
2026-05-05 21:07:35 [INFO] riker.phases.phase5_replication: Gene AKR1C3: survived — Same-tissue replication: 2/2 concordant. Cross-tissue: 0/0 concordant.
2026-05-05 21:07:35 [INFO] riker.phases.phase5_replication: Gene AOC3: survived — Same-tissue replication: 2/2 concordant. Cross-tissue: 0/0 concordant.
2026-05-05 21:07:35 [INFO] riker.phases.phase5_replication: Gene ASPA: survived — Same-tissue replication: 1/1 concordant. Cross-tissue: 0/0 concordant.
2026-05-05 21:07:35 [INFO] riker.phases.phase5_replication: Gene CAVIN2: survived — Same-tissue replication: 2/2 concordant. Cross-tissue: 0/0 concordant.
2026-05-05 21:07:35 [INFO] riker.phases.phase5_replication: Gene CDO1: survived — Same-tissue replication: 2/2 concordant. Cross-tissue: 0/0 concordant.
2026-05-05 21:07:35 [INFO] riker.phases.phase5_replication: Gene DPT: survived — Same-tissue replication: 2/2 concordant. Cross-tissue: 0/0 concordant.
2026-05-05 21:07:35 [INFO] riker.phases.phase5_replication: Gene GHR: survived — Same-tissue replication: 2/2 concordant. Cross-tissue: 0/0 concordant.
2026-05-05 21:07:35 [INFO] riker.phases.phase5_replication: Gene GPX3: survived — Same-tissue replication: 2/2 concordant. Cross-tissue: 0/0 concordant.
2026-05-05 21:07:35 [INFO] riker.phases.phase5_replication: Gene HBA2: survived — Same-tissue replication: 2/2 concordant. Cross-tissue: 0/0 concordant.
2026-05-05 21:07:35 [INFO] riker.phases.phase5_replication: Gene ITIH5: survived — Same-tissue replication: 2/2 concordant. Cross-tissue: 0/0 concordant.
2026-05-05 21:07:35 [INFO] riker.phases.phase5_replication: Gene LYVE1: survived — Same-tissue replication: 2/2 concordant. Cross-tissue: 0/0 concordant.
2026-05-05 21:07:35 [INFO] riker.phases.phase5_replication: Gene PALMD: survived — Same-tissue replication: 2/2 concordant. Cross-tissue: 0/0 concordant.
2026-05-05 21:07:35 [INFO] riker.phases.phase5_replication: Gene PPARG: survived — Same-tissue replication: 2/2 concordant. Cross-tissue: 0/0 concordant.
2026-05-05 21:07:35 [INFO] riker.phases.phase5_replication: Gene S100B: survived — Same-tissue replication: 2/2 concordant. Cross-tissue: 0/0 concordant.
2026-05-05 21:07:35 [INFO] riker.phases.phase5_replication: Gene SLC19A3: survived — Same-tissue replication: 1/1 concordant. Cross-tissue: 0/0 concordant.
2026-05-05 21:07:35 [INFO] riker.phases.phase5_replication: Gene AKR1C1: survived — Same-tissue replication: 2/2 concordant. Cross-tissue: 0/0 concordant.
2026-05-05 21:07:35 [INFO] riker.phases.phase5_replication: Gene CD36: survived — Same-tissue replication: 2/2 concordant. Cross-tissue: 0/0 concordant.
2026-05-05 21:07:35 [INFO] riker.phases.phase5_replication: Gene CHRDL1: survived — Same-tissue replication: 2/2 concordant. Cross-tissue: 0/0 concordant.
2026-05-05 21:07:35 [INFO] riker.phases.phase5_replication: Gene G0S2: survived — Same-tissue replication: 2/2 concordant. Cross-tissue: 0/0 concordant.
2026-05-05 21:07:35 [INFO] riker.phases.phase5_replication: Gene HBB: survived — Same-tissue replication: 2/2 concordant. Cross-tissue: 0/0 concordant.
2026-05-05 21:07:35 [INFO] riker.phases.phase5_replication: Gene ACADM: survived — Same-tissue replication: 0/2 concordant. Cross-tissue: 0/0 concordant.
2026-05-05 21:07:35 [INFO] riker.phases.phase5_replication: Gene BHLHE41: survived — Same-tissue replication: 2/2 concordant. Cross-tissue: 0/0 concordant.
2026-05-05 21:07:35 [INFO] riker.phases.phase5_replication: Gene CCDC71L: survived — Same-tissue replication: 0/2 concordant. Cross-tissue: 0/0 concordant.
2026-05-05 21:07:35 [INFO] riker.phases.phase5_replication: Gene CDON: survived — Same-tissue replication: 2/2 concordant. Cross-tissue: 0/0 concordant.
2026-05-05 21:07:35 [INFO] riker.phases.phase5_replication: Gene EPB41L1: survived — Same-tissue replication: 2/2 concordant. Cross-tissue: 0/0 concordant.
2026-05-05 21:07:35 [INFO] riker.phases.phase5_replication: Gene ETFA: eliminated — Significant opposite direction in same-tissue dataset(s): ['GSE45827', 'GSE65194']. Discovery direction: down.
2026-05-05 21:07:35 [INFO] riker.phases.phase5_replication: Gene GSPT2: survived — Same-tissue replication: 2/2 concordant. Cross-tissue: 0/0 concordant.
2026-05-05 21:07:35 [INFO] riker.phases.phase5_replication: Gene HOXD8: survived — Same-tissue replication: 2/2 concordant. Cross-tissue: 0/0 concordant.
2026-05-05 21:07:35 [INFO] riker.phases.phase5_replication: Gene NACC2: survived — Same-tissue replication: 0/2 concordant. Cross-tissue: 0/0 concordant.
2026-05-05 21:07:35 [INFO] riker.phases.phase5_replication: Gene TKT: survived — Same-tissue replication: 2/2 concordant. Cross-tissue: 0/0 concordant.
2026-05-05 21:07:35 [INFO] riker.phases.phase5_replication: Gene ZNF677: survived — Same-tissue replication: 2/2 concordant. Cross-tissue: 0/0 concordant.
2026-05-05 21:07:35 [INFO] riker.phases.phase5_replication: Gene ARHGEF10L: eliminated — Significant opposite direction in same-tissue dataset(s): ['GSE45827', 'GSE65194']. Discovery direction: up.
2026-05-05 21:07:35 [INFO] riker.phases.phase5_replication: Gene ATF7IP: eliminated — Significant opposite direction in same-tissue dataset(s): ['GSE45827', 'GSE65194']. Discovery direction: up.
2026-05-05 21:07:35 [INFO] riker.phases.phase5_replication: Gene POLDIP3: eliminated — Significant opposite direction in same-tissue dataset(s): ['GSE45827', 'GSE65194']. Discovery direction: up.
2026-05-05 21:07:35 [INFO] riker.phases.phase5_replication: Gene RANBP10: survived — Same-tissue replication: 0/2 concordant. Cross-tissue: 0/0 concordant.
2026-05-05 21:07:35 [INFO] riker.phases.phase5_replication: Gene RMC1: eliminated — Significant opposite direction in same-tissue dataset(s): ['GSE45827', 'GSE65194']. Discovery direction: down.
2026-05-05 21:07:35 [INFO] riker.phases.phase5_replication: Gene CBX6: survived — Same-tissue replication: 2/2 concordant. Cross-tissue: 0/0 concordant.
2026-05-05 21:07:35 [INFO] riker.phases.phase5_replication: Gene FHIP2B: survived — Same-tissue replication: 2/2 concordant. Cross-tissue: 0/0 concordant.
2026-05-05 21:07:35 [INFO] riker.phases.phase5_replication: Gene MTF1: survived — Same-tissue replication: 2/2 concordant. Cross-tissue: 0/0 concordant.
2026-05-05 21:07:35 [INFO] riker.phases.phase5_replication: Gene RAD54L2: survived — Same-tissue replication: 2/2 concordant. Cross-tissue: 0/0 concordant.
2026-05-05 21:07:35 [INFO] riker.phases.phase5_replication: Gene SF1: survived — Same-tissue replication: 2/2 concordant. Cross-tissue: 0/0 concordant.
2026-05-05 21:07:35 [INFO] riker.phases.phase5_replication: Gene SNAP29: eliminated — Significant opposite direction in same-tissue dataset(s): ['GSE45827', 'GSE65194']. Discovery direction: down.
2026-05-05 21:07:35 [INFO] riker.phases.phase5_replication: Gene MNT: eliminated — Significant opposite direction in same-tissue dataset(s): ['GSE45827', 'GSE65194']. Discovery direction: up.
2026-05-05 21:07:35 [INFO] riker.phases.phase5_replication: Gene PDCD10: survived — Same-tissue replication: 2/2 concordant. Cross-tissue: 0/0 concordant.
2026-05-05 21:07:35 [INFO] riker.phases.phase5_replication: Gene RGP1: eliminated — Significant opposite direction in same-tissue dataset(s): ['GSE45827', 'GSE65194']. Discovery direction: up.
2026-05-05 21:07:35 [INFO] riker.phases.phase5_replication: Gene SRRM1: survived — Same-tissue replication: 2/2 concordant. Cross-tissue: 0/0 concordant.
2026-05-05 21:07:35 [INFO] riker.phases.phase5_replication: Gene AP1S1: survived — Same-tissue replication: 2/2 concordant. Cross-tissue: 0/0 concordant.
2026-05-05 21:07:35 [INFO] riker.phases.phase5_replication: Gene CHTOP: survived — Same-tissue replication: 2/2 concordant. Cross-tissue: 0/0 concordant.
2026-05-05 21:07:35 [INFO] riker.phases.phase5_replication: Gene CLBA1: eliminated — Significant opposite direction in same-tissue dataset(s): ['GSE45827', 'GSE65194']. Discovery direction: up.
2026-05-05 21:07:35 [INFO] riker.phases.phase5_replication: Gene DNAAF5: survived — Same-tissue replication: 2/2 concordant. Cross-tissue: 0/0 concordant.
2026-05-05 21:07:35 [INFO] riker.phases.phase5_replication: Gene ILF3: survived — Same-tissue replication: 2/2 concordant. Cross-tissue: 0/0 concordant.
2026-05-05 21:07:35 [INFO] riker.phases.phase5_replication: Gene ISG20L2: survived — Same-tissue replication: 2/2 concordant. Cross-tissue: 0/0 concordant.
2026-05-05 21:07:35 [INFO] riker.phases.phase5_replication: Gene PTBP3: survived — Same-tissue replication: 2/2 concordant. Cross-tissue: 0/0 concordant.
2026-05-05 21:07:35 [INFO] riker.phases.phase5_replication: Gene CEP85: survived — Same-tissue replication: 2/2 concordant. Cross-tissue: 0/0 concordant.
2026-05-05 21:07:35 [INFO] riker.phases.phase5_replication: Gene LIG1: survived — Same-tissue replication: 2/2 concordant. Cross-tissue: 0/0 concordant.
2026-05-05 21:07:35 [INFO] riker.phases.phase5_replication: Gene METTL1: survived — Same-tissue replication: 2/2 concordant. Cross-tissue: 0/0 concordant.
2026-05-05 21:07:35 [INFO] riker.phases.phase5_replication: Gene MGAT4A: survived — Same-tissue replication: 2/2 concordant. Cross-tissue: 0/0 concordant.
2026-05-05 21:07:35 [INFO] riker.phases.phase5_replication: Gene NOP16: survived — Same-tissue replication: 2/2 concordant. Cross-tissue: 0/0 concordant.
2026-05-05 21:07:35 [INFO] riker.phases.phase5_replication: Gene PAK4: survived — Same-tissue replication: 2/2 concordant. Cross-tissue: 0/0 concordant.
2026-05-05 21:07:35 [INFO] riker.phases.phase5_replication: Gene PIK3R2: survived — Same-tissue replication: 2/2 concordant. Cross-tissue: 0/0 concordant.
2026-05-05 21:07:35 [INFO] riker.phases.phase5_replication: Gene POLR3K: survived — Same-tissue replication: 2/2 concordant. Cross-tissue: 0/0 concordant.
2026-05-05 21:07:35 [INFO] riker.phases.phase5_replication: Gene RCC1: survived — Same-tissue replication: 2/2 concordant. Cross-tissue: 0/0 concordant.
2026-05-05 21:07:35 [INFO] riker.phases.phase5_replication: Gene RORC: eliminated — Significant opposite direction in same-tissue dataset(s): ['GSE45827', 'GSE65194']. Discovery direction: up.
2026-05-05 21:07:35 [INFO] riker.phases.phase5_replication: Gene SLC2A1: survived — Same-tissue replication: 2/2 concordant. Cross-tissue: 0/0 concordant.
2026-05-05 21:07:35 [INFO] riker.phases.phase5_replication: Gene SLX1A: survived — Same-tissue replication: 2/2 concordant. Cross-tissue: 0/0 concordant.
2026-05-05 21:07:35 [INFO] riker.phases.phase5_replication: Gene YIF1B: survived — Same-tissue replication: 2/2 concordant. Cross-tissue: 0/0 concordant.
2026-05-05 21:07:35 [INFO] riker.phases.phase5_replication: Gene AP2B1: survived — Same-tissue replication: 2/2 concordant. Cross-tissue: 0/0 concordant.
2026-05-05 21:07:35 [INFO] riker.phases.phase5_replication: Gene APEX2: survived — Same-tissue replication: 2/2 concordant. Cross-tissue: 0/0 concordant.
2026-05-05 21:07:35 [INFO] riker.phases.phase5_replication: Gene ATG16L1: survived — Same-tissue replication: 2/2 concordant. Cross-tissue: 0/0 concordant.
2026-05-05 21:07:35 [INFO] riker.phases.phase5_replication: Gene B3GAT3: eliminated — Significant opposite direction in same-tissue dataset(s): ['GSE65194']. Discovery direction: up.
2026-05-05 21:07:35 [INFO] riker.phases.phase5_replication: Gene NFYA: survived — Same-tissue replication: 2/2 concordant. Cross-tissue: 0/0 concordant.
2026-05-05 21:07:35 [INFO] riker.phases.phase5_replication: Gene ODF2: survived — Same-tissue replication: 2/2 concordant. Cross-tissue: 0/0 concordant.
2026-05-05 21:07:35 [INFO] riker.phases.phase5_replication: Gene RANGAP1: survived — Same-tissue replication: 0/2 concordant. Cross-tissue: 0/0 concordant.
2026-05-05 21:07:35 [INFO] riker.phases.phase5_replication: Gene CDK5: survived — Same-tissue replication: 2/2 concordant. Cross-tissue: 0/0 concordant.
2026-05-05 21:07:35 [INFO] riker.phases.phase5_replication: Gene NAT10: survived — Same-tissue replication: 2/2 concordant. Cross-tissue: 0/0 concordant.
2026-05-05 21:07:35 [INFO] riker.phases.phase5_replication: Gene SIRT7: survived — Same-tissue replication: 2/2 concordant. Cross-tissue: 0/0 concordant.
2026-05-05 21:07:35 [INFO] riker.phases.phase5_replication: Gene SMARCC1: survived — Same-tissue replication: 2/2 concordant. Cross-tissue: 0/0 concordant.
2026-05-05 21:07:35 [INFO] riker.phases.phase5_replication: Gene KIAA1671: eliminated — Significant opposite direction in same-tissue dataset(s): ['GSE45827', 'GSE65194']. Discovery direction: up.
2026-05-05 21:07:35 [INFO] riker.phases.phase5_replication: Gene MIF4GD: survived — Same-tissue replication: 0/2 concordant. Cross-tissue: 0/0 concordant.
2026-05-05 21:07:35 [INFO] riker.phases.phase5_replication: Gene SARNP: survived — Same-tissue replication: 2/2 concordant. Cross-tissue: 0/0 concordant.
2026-05-05 21:07:35 [INFO] riker.phases.phase5_replication: Gene TBRG1: survived — Same-tissue replication: 2/2 concordant. Cross-tissue: 0/0 concordant.
2026-05-05 21:07:35 [INFO] riker.phases.phase5_replication: Gene TMEM201: eliminated — Significant opposite direction in same-tissue dataset(s): ['GSE45827', 'GSE65194']. Discovery direction: up.
2026-05-05 21:07:35 [INFO] riker.phases.phase5_replication: Gene BCL2L1: survived — Same-tissue replication: 0/2 concordant. Cross-tissue: 0/0 concordant.
2026-05-05 21:07:35 [INFO] riker.phases.phase5_replication: Gene CNOT9: survived — Same-tissue replication: 2/2 concordant. Cross-tissue: 0/0 concordant.
2026-05-05 21:07:35 [INFO] riker.phases.phase5_replication: Gene GTF2IRD1: survived — Same-tissue replication: 2/2 concordant. Cross-tissue: 0/0 concordant.
2026-05-05 21:07:35 [INFO] riker.phases.phase5_replication: Gene LMBR1L: eliminated — Significant opposite direction in same-tissue dataset(s): ['GSE45827', 'GSE65194']. Discovery direction: up.
2026-05-05 21:07:35 [INFO] riker.phases.phase5_replication: Gene MCF2L: eliminated — Significant opposite direction in same-tissue dataset(s): ['GSE45827', 'GSE65194']. Discovery direction: up.
2026-05-05 21:07:35 [INFO] riker.phases.phase5_replication: Gene MCM5: survived — Same-tissue replication: 2/2 concordant. Cross-tissue: 0/0 concordant.
2026-05-05 21:07:35 [INFO] riker.phases.phase5_replication: Gene MXD3: eliminated — Significant opposite direction in same-tissue dataset(s): ['GSE45827', 'GSE65194']. Discovery direction: up.
2026-05-05 21:07:35 [INFO] riker.phases.phase5_replication: Gene NAT9: survived — Same-tissue replication: 0/2 concordant. Cross-tissue: 0/0 concordant.
2026-05-05 21:07:35 [INFO] riker.phases.phase5_replication: Gene NPIPA1: survived — Same-tissue replication: 0/2 concordant. Cross-tissue: 0/0 concordant.
2026-05-05 21:07:35 [INFO] riker.phases.phase5_replication: Gene PIERCE1: survived — Same-tissue replication: 2/2 concordant. Cross-tissue: 0/0 concordant.
2026-05-05 21:07:35 [INFO] riker.phases.phase5_replication: Gene PLIN3: survived — Same-tissue replication: 2/2 concordant. Cross-tissue: 0/0 concordant.
2026-05-05 21:07:35 [INFO] riker.phases.phase5_replication: Gene PPM1G: survived — Same-tissue replication: 2/2 concordant. Cross-tissue: 0/0 concordant.
2026-05-05 21:07:35 [INFO] riker.phases.phase5_replication: Gene PTS: survived — Same-tissue replication: 2/2 concordant. Cross-tissue: 0/0 concordant.
2026-05-05 21:07:35 [INFO] riker.phases.phase5_replication: Gene R3HDM4: survived — Same-tissue replication: 2/2 concordant. Cross-tissue: 0/0 concordant.
2026-05-05 21:07:35 [INFO] riker.phases.phase5_replication: Gene SF3B4: survived — Same-tissue replication: 2/2 concordant. Cross-tissue: 0/0 concordant.
2026-05-05 21:07:35 [INFO] riker.phases.phase5_replication: Gene SLC25A44: survived — Same-tissue replication: 2/2 concordant. Cross-tissue: 0/0 concordant.
2026-05-05 21:07:35 [INFO] riker.phases.phase5_replication: Gene SLC9A1: survived — Same-tissue replication: 0/2 concordant. Cross-tissue: 0/0 concordant.
2026-05-05 21:07:35 [INFO] riker.phases.phase5_replication: Gene XPO7: survived — Same-tissue replication: 2/2 concordant. Cross-tissue: 0/0 concordant.
2026-05-05 21:07:35 [INFO] riker.phases.phase5_replication: Gene ZNF142: survived — Same-tissue replication: 2/2 concordant. Cross-tissue: 0/0 concordant.
2026-05-05 21:07:35 [INFO] riker.phases.phase5_replication: Gene BUB1B: survived — Same-tissue replication: 2/2 concordant. Cross-tissue: 0/0 concordant.
2026-05-05 21:07:35 [INFO] riker.phases.phase5_replication: Gene CCNB2: survived — Same-tissue replication: 2/2 concordant. Cross-tissue: 0/0 concordant.
2026-05-05 21:07:35 [INFO] riker.phases.phase5_replication: Gene CFB: survived — Same-tissue replication: 2/2 concordant. Cross-tissue: 0/0 concordant.
2026-05-05 21:07:35 [INFO] riker.phases.phase5_replication: Gene CXCL10: survived — Same-tissue replication: 2/2 concordant. Cross-tissue: 0/0 concordant.
2026-05-05 21:07:35 [INFO] riker.phases.phase5_replication: Gene HMGB3: survived — Same-tissue replication: 2/2 concordant. Cross-tissue: 0/0 concordant.
2026-05-05 21:07:35 [INFO] riker.phases.phase5_replication: Gene LEF1: survived — Same-tissue replication: 2/2 concordant. Cross-tissue: 0/0 concordant.
2026-05-05 21:07:35 [INFO] riker.phases.phase5_replication: Gene MARCKSL1: survived — Same-tissue replication: 2/2 concordant. Cross-tissue: 0/0 concordant.
2026-05-05 21:07:35 [INFO] riker.phases.phase5_replication: Gene MDK: survived — Same-tissue replication: 2/2 concordant. Cross-tissue: 0/0 concordant.
2026-05-05 21:07:35 [INFO] riker.phases.phase5_replication: Gene PBK: survived — Same-tissue replication: 2/2 concordant. Cross-tissue: 0/0 concordant.
2026-05-05 21:07:35 [INFO] riker.phases.phase5_replication: Gene PLPP2: survived — Same-tissue replication: 2/2 concordant. Cross-tissue: 0/0 concordant.
2026-05-05 21:07:35 [INFO] riker.phases.phase5_replication: Gene TRPS1: survived — Same-tissue replication: 2/2 concordant. Cross-tissue: 0/0 concordant.
2026-05-05 21:07:35 [INFO] riker.phases.phase5_replication: Gene TYMS: survived — Same-tissue replication: 2/2 concordant. Cross-tissue: 0/0 concordant.
2026-05-05 21:07:35 [INFO] riker.phases.phase5_replication: Gene CDKN3: survived — Same-tissue replication: 2/2 concordant. Cross-tissue: 0/0 concordant.
2026-05-05 21:07:35 [INFO] riker.phases.phase5_replication: Gene ECT2: survived — Same-tissue replication: 2/2 concordant. Cross-tissue: 0/0 concordant.
2026-05-05 21:07:35 [INFO] riker.phases.phase5_replication: Gene GOLM1: survived — Same-tissue replication: 2/2 concordant. Cross-tissue: 0/0 concordant.
2026-05-05 21:07:35 [INFO] riker.phases.phase5_replication: Gene JPT1: survived — Same-tissue replication: 2/2 concordant. Cross-tissue: 0/0 concordant.
2026-05-05 21:07:35 [INFO] riker.phases.phase5_replication: Gene LLGL2: survived — Same-tissue replication: 2/2 concordant. Cross-tissue: 0/0 concordant.
2026-05-05 21:07:35 [INFO] riker.phases.phase5_replication: Gene MTHFD2: survived — Same-tissue replication: 2/2 concordant. Cross-tissue: 0/0 concordant.
2026-05-05 21:07:35 [INFO] riker.phases.phase5_replication: Gene MYEF2: survived — Same-tissue replication: 2/2 concordant. Cross-tissue: 0/0 concordant.
2026-05-05 21:07:35 [INFO] riker.phases.phase5_replication: Gene MYO19: survived — Same-tissue replication: 0/2 concordant. Cross-tissue: 0/0 concordant.
2026-05-05 21:07:35 [INFO] riker.phases.phase5_replication: Gene RAB3D: survived — Same-tissue replication: 2/2 concordant. Cross-tissue: 0/0 concordant.
2026-05-05 21:07:35 [INFO] riker.phases.phase5_replication: Gene SLC12A8: survived — Same-tissue replication: 2/2 concordant. Cross-tissue: 0/0 concordant.
2026-05-05 21:07:35 [INFO] riker.phases.phase5_replication: Gene SLC44A1: survived — Same-tissue replication: 2/2 concordant. Cross-tissue: 0/0 concordant.
2026-05-05 21:07:35 [INFO] riker.phases.phase5_replication: Gene TMEM9: survived — Same-tissue replication: 2/2 concordant. Cross-tissue: 0/0 concordant.
2026-05-05 21:07:35 [INFO] riker.phases.phase5_replication: Gene ARRDC1: survived — Same-tissue replication: 2/2 concordant. Cross-tissue: 0/0 concordant.
2026-05-05 21:07:35 [INFO] riker.phases.phase5_replication: Gene C9orf152: survived — Same-tissue replication: 2/2 concordant. Cross-tissue: 0/0 concordant.
2026-05-05 21:07:35 [INFO] riker.phases.phase5_replication: Gene CAPG: survived — Same-tissue replication: 2/2 concordant. Cross-tissue: 0/0 concordant.
2026-05-05 21:07:35 [INFO] riker.phases.phase5_replication: Gene CKAP4: survived — Same-tissue replication: 2/2 concordant. Cross-tissue: 0/0 concordant.
2026-05-05 21:07:35 [INFO] riker.phases.phase5_replication: Gene GINS2: survived — Same-tissue replication: 2/2 concordant. Cross-tissue: 0/0 concordant.
2026-05-05 21:07:35 [INFO] riker.phases.phase5_replication: Gene H2AC25: survived — Same-tissue replication: 2/2 concordant. Cross-tissue: 0/0 concordant.
2026-05-05 21:07:35 [INFO] riker.phases.phase5_replication: Gene KIF20A: survived — Same-tissue replication: 2/2 concordant. Cross-tissue: 0/0 concordant.
2026-05-05 21:07:35 [INFO] riker.phases.phase5_replication: Gene LPAR2: survived — Same-tissue replication: 2/2 concordant. Cross-tissue: 0/0 concordant.
2026-05-05 21:07:35 [INFO] riker.phases.phase5_replication: Gene LRATD2: survived — Same-tissue replication: 2/2 concordant. Cross-tissue: 0/0 concordant.
2026-05-05 21:07:35 [INFO] riker.phases.phase5_replication: Gene NIBAN2: survived — Same-tissue replication: 2/2 concordant. Cross-tissue: 0/0 concordant.
2026-05-05 21:07:35 [INFO] riker.phases.phase5_replication: Gene PKM: survived — Same-tissue replication: 2/2 concordant. Cross-tissue: 0/0 concordant.
2026-05-05 21:07:35 [INFO] riker.phases.phase5_replication: Gene PLPP5: survived — Same-tissue replication: 2/2 concordant. Cross-tissue: 0/0 concordant.
2026-05-05 21:07:35 [INFO] riker.phases.phase5_replication: Gene POGK: survived — Same-tissue replication: 2/2 concordant. Cross-tissue: 0/0 concordant.
2026-05-05 21:07:35 [INFO] riker.phases.phase5_replication: Gene RAB15: survived — Same-tissue replication: 2/2 concordant. Cross-tissue: 0/0 concordant.
2026-05-05 21:07:35 [INFO] riker.phases.phase5_replication: Gene RAB3IP: survived — Same-tissue replication: 2/2 concordant. Cross-tissue: 0/0 concordant.
2026-05-05 21:07:35 [INFO] riker.phases.phase5_replication: Gene SLC39A11: survived — Same-tissue replication: 2/2 concordant. Cross-tissue: 0/0 concordant.
2026-05-05 21:07:35 [INFO] riker.phases.phase5_replication: Gene SLC52A2: survived — Same-tissue replication: 2/2 concordant. Cross-tissue: 0/0 concordant.
2026-05-05 21:07:35 [INFO] riker.phases.phase5_replication: Gene SPAG5: survived — Same-tissue replication: 2/2 concordant. Cross-tissue: 0/0 concordant.
2026-05-05 21:07:35 [INFO] riker.phases.phase5_replication: Gene TMEM87B: survived — Same-tissue replication: 2/2 concordant. Cross-tissue: 0/0 concordant.
2026-05-05 21:07:35 [INFO] riker.phases.phase5_replication: Gene VMP1: survived — Same-tissue replication: 2/2 concordant. Cross-tissue: 0/0 concordant.
2026-05-05 21:07:35 [INFO] riker.phases.phase5_replication: Gene ATAD2B: survived — Same-tissue replication: 2/2 concordant. Cross-tissue: 0/0 concordant.
2026-05-05 21:07:35 [INFO] riker.phases.phase5_replication: Gene BRI3BP: survived — Same-tissue replication: 2/2 concordant. Cross-tissue: 0/0 concordant.
2026-05-05 21:07:35 [INFO] riker.phases.phase5_replication: Gene CAPN13: survived — Same-tissue replication: 2/2 concordant. Cross-tissue: 0/0 concordant.
2026-05-05 21:07:35 [INFO] riker.phases.phase5_replication: Gene DTX3L: survived — Same-tissue replication: 2/2 concordant. Cross-tissue: 0/0 concordant.
2026-05-05 21:07:35 [INFO] riker.phases.phase5_replication: Gene KIFC2: survived — Same-tissue replication: 0/2 concordant. Cross-tissue: 0/0 concordant.
2026-05-05 21:07:35 [INFO] riker.phases.phase5_replication: Gene NOP58: survived — Same-tissue replication: 2/2 concordant. Cross-tissue: 0/0 concordant.
2026-05-05 21:07:35 [INFO] riker.phases.phase5_replication: Gene PIP4K2C: survived — Same-tissue replication: 2/2 concordant. Cross-tissue: 0/0 concordant.
2026-05-05 21:07:35 [INFO] riker.phases.phase5_replication: Gene RNPEP: survived — Same-tissue replication: 2/2 concordant. Cross-tissue: 0/0 concordant.
2026-05-05 21:07:35 [INFO] riker.phases.phase5_replication: Gene SLC25A15: survived — Same-tissue replication: 2/2 concordant. Cross-tissue: 0/0 concordant.
2026-05-05 21:07:35 [INFO] riker.phases.phase5_replication: Gene ZNF75A: eliminated — Significant opposite direction in same-tissue dataset(s): ['GSE45827', 'GSE65194']. Discovery direction: up.
2026-05-05 21:07:35 [INFO] riker.phases.phase5_replication: Gene ABCA6: survived — Same-tissue replication: 2/2 concordant. Cross-tissue: 0/0 concordant.
2026-05-05 21:07:35 [INFO] riker.phases.phase5_replication: Gene ANK2: survived — Same-tissue replication: 2/2 concordant. Cross-tissue: 0/0 concordant.
2026-05-05 21:07:35 [INFO] riker.phases.phase5_replication: Gene CFH: survived — Same-tissue replication: 2/2 concordant. Cross-tissue: 0/0 concordant.
2026-05-05 21:07:35 [INFO] riker.phases.phase5_replication: Gene EBF2: survived — Same-tissue replication: 2/2 concordant. Cross-tissue: 0/0 concordant.
2026-05-05 21:07:35 [INFO] riker.phases.phase5_replication: Gene FABP5: survived — Same-tissue replication: 2/2 concordant. Cross-tissue: 0/0 concordant.
2026-05-05 21:07:35 [INFO] riker.phases.phase5_replication: Gene GNG11: survived — Same-tissue replication: 2/2 concordant. Cross-tissue: 0/0 concordant.
2026-05-05 21:07:35 [INFO] riker.phases.phase5_replication: Gene HSPA12A: survived — Same-tissue replication: 2/2 concordant. Cross-tissue: 0/0 concordant.
2026-05-05 21:07:35 [INFO] riker.phases.phase5_replication: Gene MGLL: survived — Same-tissue replication: 2/2 concordant. Cross-tissue: 0/0 concordant.
2026-05-05 21:07:35 [INFO] riker.phases.phase5_replication: Gene PYGL: survived — Same-tissue replication: 2/2 concordant. Cross-tissue: 0/0 concordant.
2026-05-05 21:07:35 [INFO] riker.phases.phase5_replication: Gene CFD: survived — Same-tissue replication: 2/2 concordant. Cross-tissue: 0/0 concordant.
2026-05-05 21:07:35 [INFO] riker.phases.phase5_replication: Gene GYG2: survived — Same-tissue replication: 2/2 concordant. Cross-tissue: 0/0 concordant.
2026-05-05 21:07:35 [INFO] riker.phases.phase5_replication: Gene LPL: survived — Same-tissue replication: 2/2 concordant. Cross-tissue: 0/0 concordant.
2026-05-05 21:07:35 [INFO] riker.phases.phase5_replication: Gene MAOA: survived — Same-tissue replication: 2/2 concordant. Cross-tissue: 0/0 concordant.
2026-05-05 21:07:35 [INFO] riker.phases.phase5_replication: Gene SAA2: survived — Same-tissue replication: 2/2 concordant. Cross-tissue: 0/0 concordant.
2026-05-05 21:07:35 [INFO] riker.phases.phase5_replication: Gene SORBS1: survived — Same-tissue replication: 2/2 concordant. Cross-tissue: 0/0 concordant.
2026-05-05 21:07:35 [INFO] riker.phases.phase5_replication: Gene ARHGEF16: survived — Same-tissue replication: 2/2 concordant. Cross-tissue: 0/0 concordant.
2026-05-05 21:07:35 [INFO] riker.phases.phase5_replication: Gene CD2AP: survived — Same-tissue replication: 2/2 concordant. Cross-tissue: 0/0 concordant.
2026-05-05 21:07:35 [INFO] riker.phases.phase5_replication: Gene EIF2B5: survived — Same-tissue replication: 0/2 concordant. Cross-tissue: 0/0 concordant.
2026-05-05 21:07:35 [INFO] riker.phases.phase5_replication: Gene EML2: survived — Same-tissue replication: 2/2 concordant. Cross-tissue: 0/0 concordant.
2026-05-05 21:07:35 [INFO] riker.phases.phase5_replication: Gene H2AC17: survived — Same-tissue replication: 2/2 concordant. Cross-tissue: 0/0 concordant.
2026-05-05 21:07:35 [INFO] riker.phases.phase5_replication: Gene HNRNPK: survived — Same-tissue replication: 2/2 concordant. Cross-tissue: 0/0 concordant.
2026-05-05 21:07:35 [INFO] riker.phases.phase5_replication: Gene MORF4L2: survived — Same-tissue replication: 2/2 concordant. Cross-tissue: 0/0 concordant.
2026-05-05 21:07:35 [INFO] riker.phases.phase5_replication: Gene MPV17L2: survived — Same-tissue replication: 2/2 concordant. Cross-tissue: 0/0 concordant.
2026-05-05 21:07:35 [INFO] riker.phases.phase5_replication: Gene PRPF4: survived — Same-tissue replication: 2/2 concordant. Cross-tissue: 0/0 concordant.
2026-05-05 21:07:35 [INFO] riker.phases.phase5_replication: Gene PSMB4: survived — Same-tissue replication: 2/2 concordant. Cross-tissue: 0/0 concordant.
2026-05-05 21:07:35 [INFO] riker.phases.phase5_replication: Gene SETSIP: survived — Same-tissue replication: 2/2 concordant. Cross-tissue: 0/0 concordant.
2026-05-05 21:07:35 [INFO] riker.phases.phase5_replication: Gene TRIM24: survived — Same-tissue replication: 2/2 concordant. Cross-tissue: 0/0 concordant.
2026-05-05 21:07:35 [INFO] riker.phases.phase5_replication: Gene ZBTB5: survived — Same-tissue replication: 2/2 concordant. Cross-tissue: 0/0 concordant.
2026-05-05 21:07:35 [INFO] riker.phases.phase5_replication: Gene ABHD14A: survived — Same-tissue replication: 2/2 concordant. Cross-tissue: 0/0 concordant.
2026-05-05 21:07:35 [INFO] riker.phases.phase5_replication: Gene MN1: survived — Same-tissue replication: 0/2 concordant. Cross-tissue: 0/0 concordant.
2026-05-05 21:07:35 [INFO] riker.phases.phase5_replication: Gene PIGP: eliminated — Significant opposite direction in same-tissue dataset(s): ['GSE45827']. Discovery direction: down.
2026-05-05 21:07:35 [INFO] riker.phases.phase5_replication: Gene TMEM35B: eliminated — Significant opposite direction in same-tissue dataset(s): ['GSE45827', 'GSE65194']. Discovery direction: down.
2026-05-05 21:07:35 [INFO] riker.phases.phase5_replication: Gene AKAP11: eliminated — Significant opposite direction in same-tissue dataset(s): ['GSE45827', 'GSE65194']. Discovery direction: down.
2026-05-05 21:07:35 [INFO] riker.phases.phase5_replication: Gene DENND5A: survived — Same-tissue replication: 2/2 concordant. Cross-tissue: 0/0 concordant.
2026-05-05 21:07:35 [INFO] riker.phases.phase5_replication: Gene DRAM2: survived — Same-tissue replication: 0/2 concordant. Cross-tissue: 0/0 concordant.
2026-05-05 21:07:35 [INFO] riker.phases.phase5_replication: Gene FNIP2: eliminated — Significant opposite direction in same-tissue dataset(s): ['GSE45827', 'GSE65194']. Discovery direction: down.
2026-05-05 21:07:35 [INFO] riker.phases.phase5_replication: Gene IMMP2L: survived — Same-tissue replication: 2/2 concordant. Cross-tissue: 0/0 concordant.
2026-05-05 21:07:35 [INFO] riker.phases.phase5_replication: Gene KLF6: survived — Same-tissue replication: 2/2 concordant. Cross-tissue: 0/0 concordant.
2026-05-05 21:07:35 [INFO] riker.phases.phase5_replication: Gene MTARC2: survived — Same-tissue replication: 0/2 concordant. Cross-tissue: 0/0 concordant.
2026-05-05 21:07:35 [INFO] riker.phases.phase5_replication: Gene N4BP2L1: survived — Same-tissue replication: 2/2 concordant. Cross-tissue: 0/0 concordant.
2026-05-05 21:07:35 [INFO] riker.phases.phase5_replication: Gene PNRC1: survived — Same-tissue replication: 0/2 concordant. Cross-tissue: 0/0 concordant.
2026-05-05 21:07:35 [INFO] riker.phases.phase5_replication: Gene RAB29: eliminated — Significant opposite direction in same-tissue dataset(s): ['GSE45827', 'GSE65194']. Discovery direction: down.
2026-05-05 21:07:35 [INFO] riker.phases.phase5_replication: Gene SEPTIN4: survived — Same-tissue replication: 2/2 concordant. Cross-tissue: 0/0 concordant.
2026-05-05 21:07:35 [INFO] riker.phases.phase5_replication: Gene TBX5: survived — Same-tissue replication: 2/2 concordant. Cross-tissue: 0/0 concordant.
2026-05-05 21:07:35 [INFO] riker.phases.phase5_replication: Gene CAMK2D: survived — Same-tissue replication: 2/2 concordant. Cross-tissue: 0/0 concordant.
2026-05-05 21:07:35 [INFO] riker.phases.phase5_replication: Gene COX4I2: survived — Same-tissue replication: 2/2 concordant. Cross-tissue: 0/0 concordant.
2026-05-05 21:07:35 [INFO] riker.phases.phase5_replication: Gene DDX24: survived — Same-tissue replication: 2/2 concordant. Cross-tissue: 0/0 concordant.
2026-05-05 21:07:35 [INFO] riker.phases.phase5_replication: Gene MEF2A: survived — Same-tissue replication: 0/2 concordant. Cross-tissue: 0/0 concordant.
2026-05-05 21:07:35 [INFO] riker.phases.phase5_replication: Gene SMAD2: survived — Same-tissue replication: 2/2 concordant. Cross-tissue: 0/0 concordant.
2026-05-05 21:07:35 [INFO] riker.phases.phase5_replication: Gene PPM1M: survived — Same-tissue replication: 2/2 concordant. Cross-tissue: 0/0 concordant.
2026-05-05 21:07:35 [INFO] riker.phases.phase5_replication: Gene TMEM131L: eliminated — Significant opposite direction in same-tissue dataset(s): ['GSE65194']. Discovery direction: down.
2026-05-05 21:07:35 [INFO] riker.phases.phase5_replication: Gene ZFAND5: survived — Same-tissue replication: 0/2 concordant. Cross-tissue: 0/0 concordant.
2026-05-05 21:07:35 [INFO] riker.phases.phase5_replication: Gene BDH2: survived — Same-tissue replication: 2/2 concordant. Cross-tissue: 0/0 concordant.
2026-05-05 21:07:35 [INFO] riker.phases.phase5_replication: Gene DIPK2A: survived — Same-tissue replication: 2/2 concordant. Cross-tissue: 0/0 concordant.
2026-05-05 21:07:35 [INFO] riker.phases.phase5_replication: Gene DNAH17: survived — Same-tissue replication: 1/2 concordant. Cross-tissue: 0/0 concordant.
2026-05-05 21:07:35 [INFO] riker.phases.phase5_replication: Gene FGD4: survived — Same-tissue replication: 2/2 concordant. Cross-tissue: 0/0 concordant.
2026-05-05 21:07:35 [INFO] riker.phases.phase5_replication: Gene SLC25A46: survived — Same-tissue replication: 2/2 concordant. Cross-tissue: 0/0 concordant.
2026-05-05 21:07:35 [INFO] riker.phases.phase5_replication: Gene CAP2: eliminated — Significant opposite direction in same-tissue dataset(s): ['GSE45827', 'GSE65194']. Discovery direction: down.
2026-05-05 21:07:35 [INFO] riker.phases.phase5_replication: Gene F10: survived — Same-tissue replication: 1/1 concordant. Cross-tissue: 0/0 concordant.
2026-05-05 21:07:35 [INFO] riker.phases.phase5_replication: Gene GLUD2: eliminated — Significant opposite direction in same-tissue dataset(s): ['GSE45827', 'GSE65194']. Discovery direction: down.
2026-05-05 21:07:35 [INFO] riker.phases.phase5_replication: Gene SELENBP1: survived — Same-tissue replication: 2/2 concordant. Cross-tissue: 0/0 concordant.
2026-05-05 21:07:35 [INFO] riker.phases.phase5_replication: Gene BMP2: survived — Same-tissue replication: 2/2 concordant. Cross-tissue: 0/0 concordant.
2026-05-05 21:07:35 [INFO] riker.phases.phase5_replication: Gene CCDC80: survived — Same-tissue replication: 2/2 concordant. Cross-tissue: 0/0 concordant.
2026-05-05 21:07:35 [INFO] riker.phases.phase5_replication: Gene CFHR1: survived — Same-tissue replication: 2/2 concordant. Cross-tissue: 0/0 concordant.
2026-05-05 21:07:35 [INFO] riker.phases.phase5_replication: Gene FKBP5: survived — Same-tissue replication: 2/2 concordant. Cross-tissue: 0/0 concordant.
2026-05-05 21:07:35 [INFO] riker.phases.phase5_replication: Gene MESP1: survived — Same-tissue replication: 2/2 concordant. Cross-tissue: 0/0 concordant.
2026-05-05 21:07:35 [INFO] riker.phases.phase5_replication: Gene NAALAD2: survived — Same-tissue replication: 1/1 concordant. Cross-tissue: 0/0 concordant.
2026-05-05 21:07:35 [INFO] riker.phases.phase5_replication: Gene NEGR1: survived — Same-tissue replication: 2/2 concordant. Cross-tissue: 0/0 concordant.
2026-05-05 21:07:35 [INFO] riker.phases.phase5_replication: Gene NEXN: survived — Same-tissue replication: 2/2 concordant. Cross-tissue: 0/0 concordant.
2026-05-05 21:07:35 [INFO] riker.phases.phase5_replication: Gene PDGFRL: survived — Same-tissue replication: 2/2 concordant. Cross-tissue: 0/0 concordant.
2026-05-05 21:07:35 [INFO] riker.phases.phase5_replication: Gene RASGRF2: survived — Same-tissue replication: 2/2 concordant. Cross-tissue: 0/0 concordant.
2026-05-05 21:07:35 [INFO] riker.phases.phase5_replication: Gene TCEAL7: survived — Same-tissue replication: 2/2 concordant. Cross-tissue: 0/0 concordant.
2026-05-05 21:07:35 [INFO] riker.phases.phase5_replication: Gene GPR34: survived — Same-tissue replication: 0/2 concordant. Cross-tissue: 0/0 concordant.
2026-05-05 21:07:35 [INFO] riker.phases.phase5_replication: Gene KANK4: survived — Same-tissue replication: 2/2 concordant. Cross-tissue: 0/0 concordant.
2026-05-05 21:07:35 [INFO] riker.phases.phase5_replication: Gene PLA2G2A: eliminated — Significant opposite direction in same-tissue dataset(s): ['GSE65194']. Discovery direction: down.
2026-05-05 21:07:35 [INFO] riker.phases.phase5_replication: Gene SLC29A4: survived — Same-tissue replication: 2/2 concordant. Cross-tissue: 0/0 concordant.
2026-05-05 21:07:35 [INFO] riker.phases.phase5_replication: Gene TRHDE: survived — Same-tissue replication: 1/1 concordant. Cross-tissue: 0/0 concordant.
2026-05-05 21:07:35 [INFO] riker.phases.phase5_replication: Gene ATP6V1D: eliminated — Significant opposite direction in same-tissue dataset(s): ['GSE45827', 'GSE65194']. Discovery direction: down.
2026-05-05 21:07:35 [INFO] riker.phases.phase5_replication: Gene DNM2: eliminated — Significant opposite direction in same-tissue dataset(s): ['GSE45827', 'GSE65194']. Discovery direction: down.
2026-05-05 21:07:35 [INFO] riker.phases.phase5_replication: Gene EIF3I: eliminated — Significant opposite direction in same-tissue dataset(s): ['GSE45827', 'GSE65194']. Discovery direction: down.
2026-05-05 21:07:35 [INFO] riker.phases.phase5_replication: Gene FZD7: survived — Same-tissue replication: 2/2 concordant. Cross-tissue: 0/0 concordant.
2026-05-05 21:07:35 [INFO] riker.phases.phase5_replication: Gene RABEPK: eliminated — Significant opposite direction in same-tissue dataset(s): ['GSE45827', 'GSE65194']. Discovery direction: down.
2026-05-05 21:07:35 [INFO] riker.phases.phase5_replication: Gene VBP1: eliminated — Significant opposite direction in same-tissue dataset(s): ['GSE45827', 'GSE65194']. Discovery direction: down.
2026-05-05 21:07:35 [INFO] riker.phases.phase5_replication: Gene EMC9: survived — Same-tissue replication: 2/2 concordant. Cross-tissue: 0/0 concordant.
2026-05-05 21:07:35 [INFO] riker.phases.phase5_replication: Gene INTS7: survived — Same-tissue replication: 2/2 concordant. Cross-tissue: 0/0 concordant.
2026-05-05 21:07:35 [INFO] riker.phases.phase5_replication: Gene ITPA: survived — Same-tissue replication: 2/2 concordant. Cross-tissue: 0/0 concordant.
2026-05-05 21:07:35 [INFO] riker.phases.phase5_replication: Gene EPPK1: survived — Same-tissue replication: 2/2 concordant. Cross-tissue: 0/0 concordant.
2026-05-05 21:07:35 [INFO] riker.phases.phase5_replication: Gene FEN1: survived — Same-tissue replication: 2/2 concordant. Cross-tissue: 0/0 concordant.
2026-05-05 21:07:35 [INFO] riker.phases.phase5_replication: Gene GLB1L2: eliminated — Significant opposite direction in same-tissue dataset(s): ['GSE45827']. Discovery direction: up.
2026-05-05 21:07:35 [INFO] riker.phases.phase5_replication: Gene LDB1: survived — Same-tissue replication: 2/2 concordant. Cross-tissue: 0/0 concordant.
2026-05-05 21:07:35 [INFO] riker.phases.phase5_replication: Gene MAN1B1: survived — Same-tissue replication: 0/2 concordant. Cross-tissue: 0/0 concordant.
2026-05-05 21:07:35 [INFO] riker.phases.phase5_replication: Gene MB: survived — Same-tissue replication: 2/2 concordant. Cross-tissue: 0/0 concordant.
2026-05-05 21:07:35 [INFO] riker.phases.phase5_replication: Gene MBOAT2: survived — Same-tissue replication: 2/2 concordant. Cross-tissue: 0/0 concordant.
2026-05-05 21:07:35 [INFO] riker.phases.phase5_replication: Gene NIPSNAP1: survived — Same-tissue replication: 2/2 concordant. Cross-tissue: 0/0 concordant.
2026-05-05 21:07:35 [INFO] riker.phases.phase5_replication: Gene NXT1: survived — Same-tissue replication: 2/2 concordant. Cross-tissue: 0/0 concordant.
2026-05-05 21:07:35 [INFO] riker.phases.phase5_replication: Gene P2RX4: survived — Same-tissue replication: 2/2 concordant. Cross-tissue: 0/0 concordant.
2026-05-05 21:07:35 [INFO] riker.phases.phase5_replication: Gene RHOD: survived — Same-tissue replication: 2/2 concordant. Cross-tissue: 0/0 concordant.
2026-05-05 21:07:35 [INFO] riker.phases.phase5_replication: Gene SCNN1A: eliminated — Significant opposite direction in same-tissue dataset(s): ['GSE65194']. Discovery direction: up.
2026-05-05 21:07:35 [INFO] riker.phases.phase5_replication: Gene SLC16A6: survived — Same-tissue replication: 2/2 concordant. Cross-tissue: 0/0 concordant.
2026-05-05 21:07:35 [INFO] riker.phases.phase5_replication: Gene SLC1A4: survived — Same-tissue replication: 2/2 concordant. Cross-tissue: 0/0 concordant.
2026-05-05 21:07:35 [INFO] riker.phases.phase5_replication: Gene SYTL2: survived — Same-tissue replication: 2/2 concordant. Cross-tissue: 0/0 concordant.
2026-05-05 21:07:35 [INFO] riker.phases.phase5_replication: Gene TMEM97: survived — Same-tissue replication: 2/2 concordant. Cross-tissue: 0/0 concordant.
2026-05-05 21:07:35 [INFO] riker.phases.phase5_replication: Gene TRIP13: survived — Same-tissue replication: 2/2 concordant. Cross-tissue: 0/0 concordant.
2026-05-05 21:07:35 [INFO] riker.phases.phase5_replication: Gene UNC5B: survived — Same-tissue replication: 2/2 concordant. Cross-tissue: 0/0 concordant.
2026-05-05 21:07:35 [INFO] riker.phases.phase5_replication: Gene ZNF93: survived — Same-tissue replication: 2/2 concordant. Cross-tissue: 0/0 concordant.
2026-05-05 21:07:35 [INFO] riker.phases.phase5_replication: Gene BUB3: survived — Same-tissue replication: 2/2 concordant. Cross-tissue: 0/0 concordant.
2026-05-05 21:07:35 [INFO] riker.phases.phase5_replication: Gene CHPF2: survived — Same-tissue replication: 2/2 concordant. Cross-tissue: 0/0 concordant.
2026-05-05 21:07:35 [INFO] riker.phases.phase5_replication: Gene HYOU1: survived — Same-tissue replication: 2/2 concordant. Cross-tissue: 0/0 concordant.
2026-05-05 21:07:35 [INFO] riker.phases.phase5_replication: Gene JAG2: eliminated — Significant opposite direction in same-tissue dataset(s): ['GSE45827', 'GSE65194']. Discovery direction: up.
2026-05-05 21:07:35 [INFO] riker.phases.phase5_replication: Gene MAZ: survived — Same-tissue replication: 2/2 concordant. Cross-tissue: 0/0 concordant.
2026-05-05 21:07:35 [INFO] riker.phases.phase5_replication: Gene MLLT11: survived — Same-tissue replication: 2/2 concordant. Cross-tissue: 0/0 concordant.
2026-05-05 21:07:35 [INFO] riker.phases.phase5_replication: Gene OAZ3: survived — Same-tissue replication: 2/2 concordant. Cross-tissue: 0/0 concordant.
2026-05-05 21:07:35 [INFO] riker.phases.phase5_replication: Gene OCLN: survived — Same-tissue replication: 2/2 concordant. Cross-tissue: 0/0 concordant.
2026-05-05 21:07:35 [INFO] riker.phases.phase5_replication: Gene POLR1C: survived — Same-tissue replication: 2/2 concordant. Cross-tissue: 0/0 concordant.
2026-05-05 21:07:35 [INFO] riker.phases.phase5_replication: Gene PTP4A3: survived — Same-tissue replication: 2/2 concordant. Cross-tissue: 0/0 concordant.
2026-05-05 21:07:35 [INFO] riker.phases.phase5_replication: Gene RGS10: survived — Same-tissue replication: 2/2 concordant. Cross-tissue: 0/0 concordant.
2026-05-05 21:07:35 [INFO] riker.phases.phase5_replication: Gene SLC9A7: survived — Same-tissue replication: 0/2 concordant. Cross-tissue: 0/0 concordant.
2026-05-05 21:07:35 [INFO] riker.phases.phase5_replication: Gene SPRING1: survived — Same-tissue replication: 2/2 concordant. Cross-tissue: 0/0 concordant.
2026-05-05 21:07:36 [INFO] riker.phases.phase5_replication: Gene TOMM34: survived — Same-tissue replication: 2/2 concordant. Cross-tissue: 0/0 concordant.
2026-05-05 21:07:36 [INFO] riker.phases.phase5_replication: Gene VAV2: survived — Same-tissue replication: 2/2 concordant. Cross-tissue: 0/0 concordant.
2026-05-05 21:07:36 [INFO] riker.phases.phase5_replication: Gene YIPF2: eliminated — Significant opposite direction in same-tissue dataset(s): ['GSE45827', 'GSE65194']. Discovery direction: up.
2026-05-05 21:07:36 [INFO] riker.phases.phase5_replication: Gene CNOT6: survived — Same-tissue replication: 2/2 concordant. Cross-tissue: 0/0 concordant.
2026-05-05 21:07:36 [INFO] riker.phases.phase5_replication: Gene DIABLO: survived — Same-tissue replication: 2/2 concordant. Cross-tissue: 0/0 concordant.
2026-05-05 21:07:36 [INFO] riker.phases.phase5_replication: Gene EIPR1: survived — Same-tissue replication: 2/2 concordant. Cross-tissue: 0/0 concordant.
2026-05-05 21:07:36 [INFO] riker.phases.phase5_replication: Gene GCNT1: survived — Same-tissue replication: 2/2 concordant. Cross-tissue: 0/0 concordant.
2026-05-05 21:07:36 [INFO] riker.phases.phase5_replication: Gene SKIC2: eliminated — Significant opposite direction in same-tissue dataset(s): ['GSE45827', 'GSE65194']. Discovery direction: up.
2026-05-05 21:07:36 [INFO] riker.phases.phase5_replication: Gene TARBP2: survived — Same-tissue replication: 0/2 concordant. Cross-tissue: 0/0 concordant.
2026-05-05 21:07:36 [INFO] riker.phases.phase5_replication: Gene TMEM106C: survived — Same-tissue replication: 2/2 concordant. Cross-tissue: 0/0 concordant.
2026-05-05 21:07:36 [INFO] riker.phases.phase5_replication: Gene TOMM40: survived — Same-tissue replication: 2/2 concordant. Cross-tissue: 0/0 concordant.
2026-05-05 21:07:36 [INFO] riker.phases.phase5_replication: Gene WRAP53: eliminated — Significant opposite direction in same-tissue dataset(s): ['GSE45827', 'GSE65194']. Discovery direction: up.
2026-05-05 21:07:36 [INFO] riker.phases.phase5_replication: Gene CDC42BPB: survived — Same-tissue replication: 2/2 concordant. Cross-tissue: 0/0 concordant.
2026-05-05 21:07:36 [INFO] riker.phases.phase5_replication: Gene COPS7B: survived — Same-tissue replication: 0/2 concordant. Cross-tissue: 0/0 concordant.
2026-05-05 21:07:36 [INFO] riker.phases.phase5_replication: Gene LPCAT4: survived — Same-tissue replication: 0/2 concordant. Cross-tissue: 0/0 concordant.
2026-05-05 21:07:36 [INFO] riker.phases.phase5_replication: Gene MRTFA: survived — Same-tissue replication: 0/2 concordant. Cross-tissue: 0/0 concordant.
2026-05-05 21:07:36 [INFO] riker.phases.phase5_replication: Gene PODXL: survived — Same-tissue replication: 2/2 concordant. Cross-tissue: 0/0 concordant.
2026-05-05 21:07:36 [INFO] riker.phases.phase5_replication: Gene PXN: survived — Same-tissue replication: 2/2 concordant. Cross-tissue: 0/0 concordant.
2026-05-05 21:07:36 [INFO] riker.phases.phase5_replication: Gene AFTPH: survived — Same-tissue replication: 2/2 concordant. Cross-tissue: 0/0 concordant.
2026-05-05 21:07:36 [INFO] riker.phases.phase5_replication: Gene CERS5: survived — Same-tissue replication: 2/2 concordant. Cross-tissue: 0/0 concordant.
2026-05-05 21:07:36 [INFO] riker.phases.phase5_replication: Gene CSE1L: survived — Same-tissue replication: 2/2 concordant. Cross-tissue: 0/0 concordant.
2026-05-05 21:07:36 [INFO] riker.phases.phase5_replication: Gene FARSA: survived — Same-tissue replication: 2/2 concordant. Cross-tissue: 0/0 concordant.
2026-05-05 21:07:36 [INFO] riker.phases.phase5_replication: Gene LCMT1: survived — Same-tissue replication: 2/2 concordant. Cross-tissue: 0/0 concordant.
2026-05-05 21:07:36 [INFO] riker.phases.phase5_replication: Gene PCYOX1L: survived — Same-tissue replication: 2/2 concordant. Cross-tissue: 0/0 concordant.
2026-05-05 21:07:36 [INFO] riker.phases.phase5_replication: Gene PIGQ: survived — Same-tissue replication: 1/2 concordant. Cross-tissue: 0/0 concordant.
2026-05-05 21:07:36 [INFO] riker.phases.phase5_replication: Gene ATG4B: survived — Same-tissue replication: 2/2 concordant. Cross-tissue: 0/0 concordant.
2026-05-05 21:07:36 [INFO] riker.phases.phase5_replication: Gene CNIH4: survived — Same-tissue replication: 2/2 concordant. Cross-tissue: 0/0 concordant.
2026-05-05 21:07:36 [INFO] riker.phases.phase5_replication: Gene DEDD2: survived — Same-tissue replication: 2/2 concordant. Cross-tissue: 0/0 concordant.
2026-05-05 21:07:36 [INFO] riker.phases.phase5_replication: Gene EFR3A: survived — Same-tissue replication: 2/2 concordant. Cross-tissue: 0/0 concordant.
2026-05-05 21:07:36 [INFO] riker.phases.phase5_replication: Gene MCM6: survived — Same-tissue replication: 2/2 concordant. Cross-tissue: 0/0 concordant.
2026-05-05 21:07:36 [INFO] riker.phases.phase5_replication: Gene PSME1: survived — Same-tissue replication: 2/2 concordant. Cross-tissue: 0/0 concordant.
2026-05-05 21:07:36 [INFO] riker.phases.phase5_replication: Gene RTL10: eliminated — Significant opposite direction in same-tissue dataset(s): ['GSE45827', 'GSE65194']. Discovery direction: up.
2026-05-05 21:07:36 [INFO] riker.phases.phase5_replication: Gene SYT7: survived — Same-tissue replication: 0/2 concordant. Cross-tissue: 0/0 concordant.
2026-05-05 21:07:36 [INFO] riker.phases.phase5_replication: Gene WDR12: survived — Same-tissue replication: 2/2 concordant. Cross-tissue: 0/0 concordant.
2026-05-05 21:07:36 [INFO] riker.phases.phase5_replication: Gene HM13: survived — Same-tissue replication: 2/2 concordant. Cross-tissue: 0/0 concordant.
2026-05-05 21:07:36 [INFO] riker.phases.phase5_replication: Gene RHBDF2: survived — Same-tissue replication: 2/2 concordant. Cross-tissue: 0/0 concordant.
2026-05-05 21:07:36 [INFO] riker.phases.phase5_replication: Gene RLIM: survived — Same-tissue replication: 2/2 concordant. Cross-tissue: 0/0 concordant.
2026-05-05 21:07:36 [INFO] riker.phases.phase5_replication: Gene TBCE: survived — Same-tissue replication: 2/2 concordant. Cross-tissue: 0/0 concordant.
2026-05-05 21:07:36 [INFO] riker.phases.phase5_replication: Gene A2M: survived — Same-tissue replication: 2/2 concordant. Cross-tissue: 0/0 concordant.
2026-05-05 21:07:36 [INFO] riker.phases.phase5_replication: Gene AGPS: eliminated — Significant opposite direction in same-tissue dataset(s): ['GSE45827', 'GSE65194']. Discovery direction: down.
2026-05-05 21:07:36 [INFO] riker.phases.phase5_replication: Gene ATL3: survived — Same-tissue replication: 0/2 concordant. Cross-tissue: 0/0 concordant.
2026-05-05 21:07:36 [INFO] riker.phases.phase5_replication: Gene ATP5MG: survived — Same-tissue replication: 0/2 concordant. Cross-tissue: 0/0 concordant.
2026-05-05 21:07:36 [INFO] riker.phases.phase5_replication: Gene CC2D2A: survived — Same-tissue replication: 2/2 concordant. Cross-tissue: 0/0 concordant.
2026-05-05 21:07:36 [INFO] riker.phases.phase5_replication: Gene CES2: survived — Same-tissue replication: 2/2 concordant. Cross-tissue: 0/0 concordant.
2026-05-05 21:07:36 [INFO] riker.phases.phase5_replication: Gene CLIC4: eliminated — Significant opposite direction in same-tissue dataset(s): ['GSE45827', 'GSE65194']. Discovery direction: down.
2026-05-05 21:07:36 [INFO] riker.phases.phase5_replication: Gene CTSF: survived — Same-tissue replication: 2/2 concordant. Cross-tissue: 0/0 concordant.
2026-05-05 21:07:36 [INFO] riker.phases.phase5_replication: Gene EPS15: survived — Same-tissue replication: 0/2 concordant. Cross-tissue: 0/0 concordant.
2026-05-05 21:07:36 [INFO] riker.phases.phase5_replication: Gene FAM204A: survived — Same-tissue replication: 2/2 concordant. Cross-tissue: 0/0 concordant.
2026-05-05 21:07:36 [INFO] riker.phases.phase5_replication: Gene FITM2: survived — Same-tissue replication: 2/2 concordant. Cross-tissue: 0/0 concordant.
2026-05-05 21:07:36 [INFO] riker.phases.phase5_replication: Gene KIF25: survived — Same-tissue replication: 1/1 concordant. Cross-tissue: 0/0 concordant.
2026-05-05 21:07:36 [INFO] riker.phases.phase5_replication: Gene KIZ: survived — Same-tissue replication: 2/2 concordant. Cross-tissue: 0/0 concordant.
2026-05-05 21:07:36 [INFO] riker.phases.phase5_replication: Gene LMBRD1: survived — Same-tissue replication: 0/2 concordant. Cross-tissue: 0/0 concordant.
2026-05-05 21:07:36 [INFO] riker.phases.phase5_replication: Gene MLYCD: survived — Same-tissue replication: 2/2 concordant. Cross-tissue: 0/0 concordant.
2026-05-05 21:07:36 [INFO] riker.phases.phase5_replication: Gene MSH3: survived — Same-tissue replication: 2/2 concordant. Cross-tissue: 0/0 concordant.
2026-05-05 21:07:36 [INFO] riker.phases.phase5_replication: Gene MYH10: survived — Same-tissue replication: 2/2 concordant. Cross-tissue: 0/0 concordant.
2026-05-05 21:07:36 [INFO] riker.phases.phase5_replication: Gene NCOA4: survived — Same-tissue replication: 0/2 concordant. Cross-tissue: 0/0 concordant.
2026-05-05 21:07:36 [INFO] riker.phases.phase5_replication: Gene NDUFAF1: eliminated — Significant opposite direction in same-tissue dataset(s): ['GSE45827', 'GSE65194']. Discovery direction: down.
2026-05-05 21:07:36 [INFO] riker.phases.phase5_replication: Gene PDE5A: survived — Same-tissue replication: 2/2 concordant. Cross-tissue: 0/0 concordant.
2026-05-05 21:07:36 [INFO] riker.phases.phase5_replication: Gene PHLDA3: survived — Same-tissue replication: 2/2 concordant. Cross-tissue: 0/0 concordant.
2026-05-05 21:07:36 [INFO] riker.phases.phase5_replication: Gene PIGZ: survived — Same-tissue replication: 2/2 concordant. Cross-tissue: 0/0 concordant.
2026-05-05 21:07:36 [INFO] riker.phases.phase5_replication: Gene PSIP1: survived — Same-tissue replication: 2/2 concordant. Cross-tissue: 0/0 concordant.
2026-05-05 21:07:36 [INFO] riker.phases.phase5_replication: Gene RILP: survived — Same-tissue replication: 2/2 concordant. Cross-tissue: 0/0 concordant.
2026-05-05 21:07:36 [INFO] riker.phases.phase5_replication: Gene SEPTIN7: survived — Same-tissue replication: 0/2 concordant. Cross-tissue: 0/0 concordant.
2026-05-05 21:07:36 [INFO] riker.phases.phase5_replication: Gene SLC66A2: survived — Same-tissue replication: 2/2 concordant. Cross-tissue: 0/0 concordant.
2026-05-05 21:07:36 [INFO] riker.phases.phase5_replication: Gene SYDE1: survived — Same-tissue replication: 2/2 concordant. Cross-tissue: 0/0 concordant.
2026-05-05 21:07:36 [INFO] riker.phases.phase5_replication: Gene TMEM109: eliminated — Significant opposite direction in same-tissue dataset(s): ['GSE45827', 'GSE65194']. Discovery direction: down.
2026-05-05 21:07:36 [INFO] riker.phases.phase5_replication: Gene TRIM35: survived — Same-tissue replication: 2/2 concordant. Cross-tissue: 0/0 concordant.
2026-05-05 21:07:36 [INFO] riker.phases.phase5_replication: Gene UBR3: survived — Same-tissue replication: 2/2 concordant. Cross-tissue: 0/0 concordant.
2026-05-05 21:07:36 [INFO] riker.phases.phase5_replication: Gene USP48: survived — Same-tissue replication: 2/2 concordant. Cross-tissue: 0/0 concordant.
2026-05-05 21:07:36 [INFO] riker.phases.phase5_replication: Gene ADAMTS9: survived — Same-tissue replication: 2/2 concordant. Cross-tissue: 0/0 concordant.
2026-05-05 21:07:36 [INFO] riker.phases.phase5_replication: Gene CD99L2: survived — Same-tissue replication: 2/2 concordant. Cross-tissue: 0/0 concordant.
2026-05-05 21:07:36 [INFO] riker.phases.phase5_replication: Gene DENND5B: survived — Same-tissue replication: 2/2 concordant. Cross-tissue: 0/0 concordant.
2026-05-05 21:07:36 [INFO] riker.phases.phase5_replication: Gene EIF4E3: survived — Same-tissue replication: 0/2 concordant. Cross-tissue: 0/0 concordant.
2026-05-05 21:07:36 [INFO] riker.phases.phase5_replication: Gene FAM228B: survived — Same-tissue replication: 2/2 concordant. Cross-tissue: 0/0 concordant.
2026-05-05 21:07:36 [INFO] riker.phases.phase5_replication: Gene HIBADH: eliminated — Significant opposite direction in same-tissue dataset(s): ['GSE45827', 'GSE65194']. Discovery direction: down.
2026-05-05 21:07:36 [INFO] riker.phases.phase5_replication: Gene NNAT: survived — Same-tissue replication: 1/1 concordant. Cross-tissue: 0/0 concordant.
2026-05-05 21:07:36 [INFO] riker.phases.phase5_replication: Gene NT5E: survived — Same-tissue replication: 2/2 concordant. Cross-tissue: 0/0 concordant.
2026-05-05 21:07:36 [INFO] riker.phases.phase5_replication: Gene POLR3GL: survived — Same-tissue replication: 2/2 concordant. Cross-tissue: 0/0 concordant.
2026-05-05 21:07:36 [INFO] riker.phases.phase5_replication: Gene SAMD8: survived — Same-tissue replication: 2/2 concordant. Cross-tissue: 0/0 concordant.
2026-05-05 21:07:36 [INFO] riker.phases.phase5_replication: Gene APBB1IP: survived — Same-tissue replication: 2/2 concordant. Cross-tissue: 0/0 concordant.
2026-05-05 21:07:36 [INFO] riker.phases.phase5_replication: Gene C2orf74: survived — Same-tissue replication: 2/2 concordant. Cross-tissue: 0/0 concordant.
2026-05-05 21:07:36 [INFO] riker.phases.phase5_replication: Gene ENPEP: survived — Same-tissue replication: 2/2 concordant. Cross-tissue: 0/0 concordant.
2026-05-05 21:07:36 [INFO] riker.phases.phase5_replication: Gene GULP1: survived — Same-tissue replication: 2/2 concordant. Cross-tissue: 0/0 concordant.
2026-05-05 21:07:36 [INFO] riker.phases.phase5_replication: Gene MEIS2: survived — Same-tissue replication: 2/2 concordant. Cross-tissue: 0/0 concordant.
2026-05-05 21:07:36 [INFO] riker.phases.phase5_replication: Gene MRGPRF: survived — Same-tissue replication: 2/2 concordant. Cross-tissue: 0/0 concordant.
2026-05-05 21:07:36 [INFO] riker.phases.phase5_replication: Gene MSRB3: survived — Same-tissue replication: 2/2 concordant. Cross-tissue: 0/0 concordant.
2026-05-05 21:07:36 [INFO] riker.phases.phase5_replication: Gene ALDH2: survived — Same-tissue replication: 2/2 concordant. Cross-tissue: 0/0 concordant.
2026-05-05 21:07:36 [INFO] riker.phases.phase5_replication: Gene CEBPA: survived — Same-tissue replication: 2/2 concordant. Cross-tissue: 0/0 concordant.
2026-05-05 21:07:36 [INFO] riker.phases.phase5_replication: Gene CHL1: survived — Same-tissue replication: 2/2 concordant. Cross-tissue: 0/0 concordant.
2026-05-05 21:07:36 [INFO] riker.phases.phase5_replication: Gene DDR2: survived — Same-tissue replication: 2/2 concordant. Cross-tissue: 0/0 concordant.
2026-05-05 21:07:36 [INFO] riker.phases.phase5_replication: Gene ECHDC3: survived — Same-tissue replication: 2/2 concordant. Cross-tissue: 0/0 concordant.
2026-05-05 21:07:36 [INFO] riker.phases.phase5_replication: Gene ENPP2: survived — Same-tissue replication: 2/2 concordant. Cross-tissue: 0/0 concordant.
2026-05-05 21:07:36 [INFO] riker.phases.phase5_replication: Gene HSD11B1: survived — Same-tissue replication: 2/2 concordant. Cross-tissue: 0/0 concordant.
2026-05-05 21:07:36 [INFO] riker.phases.phase5_replication: Gene HSPB2: survived — Same-tissue replication: 2/2 concordant. Cross-tissue: 0/0 concordant.
2026-05-05 21:07:36 [INFO] riker.phases.phase5_replication: Gene NMT2: survived — Same-tissue replication: 2/2 concordant. Cross-tissue: 0/0 concordant.
2026-05-05 21:07:36 [INFO] riker.phases.phase5_replication: Gene P2RY14: survived — Same-tissue replication: 2/2 concordant. Cross-tissue: 0/0 concordant.
2026-05-05 21:07:36 [INFO] riker.phases.phase5_replication: Gene ABCA8: survived — Same-tissue replication: 2/2 concordant. Cross-tissue: 0/0 concordant.
2026-05-05 21:07:36 [INFO] riker.phases.phase5_replication: Gene ADIPOQ: survived — Same-tissue replication: 2/2 concordant. Cross-tissue: 0/0 concordant.
2026-05-05 21:07:36 [INFO] riker.phases.phase5_replication: Gene FABP4: survived — Same-tissue replication: 2/2 concordant. Cross-tissue: 0/0 concordant.
2026-05-05 21:07:36 [INFO] riker.phases.phase5_replication: Gene GPD1: survived — Same-tissue replication: 2/2 concordant. Cross-tissue: 0/0 concordant.
2026-05-05 21:07:36 [INFO] riker.phases.phase5_replication: Gene PPP1R1A: survived — Same-tissue replication: 2/2 concordant. Cross-tissue: 0/0 concordant.
2026-05-05 21:07:36 [INFO] riker.phases.phase5_replication: Gene ADH1B: survived — Same-tissue replication: 2/2 concordant. Cross-tissue: 0/0 concordant.
2026-05-05 21:07:36 [INFO] riker.phases.phase5_replication: Gene CIDEC: survived — Same-tissue replication: 2/2 concordant. Cross-tissue: 0/0 concordant.
2026-05-05 21:07:36 [INFO] riker.phases.phase5_replication: Gene LEP: survived — Same-tissue replication: 2/2 concordant. Cross-tissue: 0/0 concordant.
2026-05-05 21:07:36 [INFO] riker.phases.phase5_replication: Gene PCK1: survived — Same-tissue replication: 2/2 concordant. Cross-tissue: 0/0 concordant.
2026-05-05 21:07:36 [INFO] riker.phases.phase5_replication: Gene PCOLCE2: survived — Same-tissue replication: 2/2 concordant. Cross-tissue: 0/0 concordant.
2026-05-05 21:07:36 [INFO] riker.phases.phase5_replication: Gene PLIN1: survived — Same-tissue replication: 2/2 concordant. Cross-tissue: 0/0 concordant.
2026-05-05 21:07:36 [INFO] riker.phases.phase5_replication: Gene RBP4: survived — Same-tissue replication: 2/2 concordant. Cross-tissue: 0/0 concordant.
2026-05-05 21:07:36 [INFO] riker.phases.phase5_replication: Gene TIMP4: survived — Same-tissue replication: 2/2 concordant. Cross-tissue: 0/0 concordant.
2026-05-05 21:07:36 [INFO] riker.phases.phase5_replication: Gene CAPZB: survived — Same-tissue replication: 2/2 concordant. Cross-tissue: 0/0 concordant.
2026-05-05 21:07:36 [INFO] riker.phases.phase5_replication: Gene CHD4: survived — Same-tissue replication: 2/2 concordant. Cross-tissue: 0/0 concordant.
2026-05-05 21:07:36 [INFO] riker.phases.phase5_replication: Gene CIAO3: eliminated — Significant opposite direction in same-tissue dataset(s): ['GSE45827', 'GSE65194']. Discovery direction: up.
2026-05-05 21:07:36 [INFO] riker.phases.phase5_replication: Gene DAXX: survived — Same-tissue replication: 2/2 concordant. Cross-tissue: 0/0 concordant.
2026-05-05 21:07:36 [INFO] riker.phases.phase5_replication: Gene EFNA3: survived — Same-tissue replication: 2/2 concordant. Cross-tissue: 0/0 concordant.
2026-05-05 21:07:36 [INFO] riker.phases.phase5_replication: Gene MAPKAPK3: survived — Same-tissue replication: 2/2 concordant. Cross-tissue: 0/0 concordant.
2026-05-05 21:07:36 [INFO] riker.phases.phase5_replication: Gene MTG1: survived — Same-tissue replication: 0/2 concordant. Cross-tissue: 0/0 concordant.
2026-05-05 21:07:36 [INFO] riker.phases.phase5_replication: Gene NDOR1: eliminated — Significant opposite direction in same-tissue dataset(s): ['GSE45827', 'GSE65194']. Discovery direction: up.
2026-05-05 21:07:36 [INFO] riker.phases.phase5_replication: Gene RITA1: survived — Same-tissue replication: 2/2 concordant. Cross-tissue: 0/0 concordant.
2026-05-05 21:07:36 [INFO] riker.phases.phase5_replication: Gene SBNO2: survived — Same-tissue replication: 2/2 concordant. Cross-tissue: 0/0 concordant.
2026-05-05 21:07:36 [INFO] riker.phases.phase5_replication: Gene SOX13: survived — Same-tissue replication: 2/2 concordant. Cross-tissue: 0/0 concordant.
2026-05-05 21:07:36 [INFO] riker.phases.phase5_replication: Gene TEAD4: survived — Same-tissue replication: 2/2 concordant. Cross-tissue: 0/0 concordant.
2026-05-05 21:07:36 [INFO] riker.phases.phase5_replication: Gene TRIO: survived — Same-tissue replication: 2/2 concordant. Cross-tissue: 0/0 concordant.
2026-05-05 21:07:36 [INFO] riker.phases.phase5_replication: Gene XPO6: survived — Same-tissue replication: 2/2 concordant. Cross-tissue: 0/0 concordant.
2026-05-05 21:07:36 [INFO] riker.phases.phase5_replication: Gene HACD3: survived — Same-tissue replication: 2/2 concordant. Cross-tissue: 0/0 concordant.
2026-05-05 21:07:36 [INFO] riker.phases.phase5_replication: Gene NUP62: survived — Same-tissue replication: 2/2 concordant. Cross-tissue: 0/0 concordant.
2026-05-05 21:07:36 [INFO] riker.phases.phase5_replication: Gene RNF187: survived — Same-tissue replication: 0/2 concordant. Cross-tissue: 0/0 concordant.
2026-05-05 21:07:36 [INFO] riker.phases.phase5_replication: Gene SDSL: survived — Same-tissue replication: 2/2 concordant. Cross-tissue: 0/0 concordant.
2026-05-05 21:07:36 [INFO] riker.phases.phase5_replication: Gene ZNF700: survived — Same-tissue replication: 2/2 concordant. Cross-tissue: 0/0 concordant.
2026-05-05 21:07:36 [INFO] riker.phases.phase5_replication: Gene ABHD14B: survived — Same-tissue replication: 2/2 concordant. Cross-tissue: 0/0 concordant.
2026-05-05 21:07:36 [INFO] riker.phases.phase5_replication: Gene BEND7: survived — Same-tissue replication: 2/2 concordant. Cross-tissue: 0/0 concordant.
2026-05-05 21:07:36 [INFO] riker.phases.phase5_replication: Gene CSPG4: survived — Same-tissue replication: 2/2 concordant. Cross-tissue: 0/0 concordant.
2026-05-05 21:07:36 [INFO] riker.phases.phase5_replication: Gene GIMAP4: survived — Same-tissue replication: 2/2 concordant. Cross-tissue: 0/0 concordant.
2026-05-05 21:07:36 [INFO] riker.phases.phase5_replication: Gene IFTAP: survived — Same-tissue replication: 2/2 concordant. Cross-tissue: 0/0 concordant.
2026-05-05 21:07:36 [INFO] riker.phases.phase5_replication: Gene ITPK1: survived — Same-tissue replication: 2/2 concordant. Cross-tissue: 0/0 concordant.
2026-05-05 21:07:36 [INFO] riker.phases.phase5_replication: Gene LOXL4: survived — Same-tissue replication: 2/2 concordant. Cross-tissue: 0/0 concordant.
2026-05-05 21:07:36 [INFO] riker.phases.phase5_replication: Gene MAP2K1: eliminated — Significant opposite direction in same-tissue dataset(s): ['GSE45827', 'GSE65194']. Discovery direction: down.
2026-05-05 21:07:36 [INFO] riker.phases.phase5_replication: Gene SESN3: survived — Same-tissue replication: 2/2 concordant. Cross-tissue: 0/0 concordant.
2026-05-05 21:07:36 [INFO] riker.phases.phase5_replication: Gene SYNE1: survived — Same-tissue replication: 2/2 concordant. Cross-tissue: 0/0 concordant.
2026-05-05 21:07:36 [INFO] riker.phases.phase5_replication: Gene TMEM218: survived — Same-tissue replication: 0/2 concordant. Cross-tissue: 0/0 concordant.
2026-05-05 21:07:36 [INFO] riker.phases.phase5_replication: Gene FNBP1L: survived — Same-tissue replication: 2/2 concordant. Cross-tissue: 0/0 concordant.
2026-05-05 21:07:36 [INFO] riker.phases.phase5_replication: Gene NECAB3: survived — Same-tissue replication: 2/2 concordant. Cross-tissue: 0/0 concordant.
2026-05-05 21:07:36 [INFO] riker.phases.phase5_replication: Gene NME3: survived — Same-tissue replication: 1/2 concordant. Cross-tissue: 0/0 concordant.
2026-05-05 21:07:36 [INFO] riker.phases.phase5_replication: Gene PSD3: survived — Same-tissue replication: 0/2 concordant. Cross-tissue: 0/0 concordant.
2026-05-05 21:07:36 [INFO] riker.phases.phase5_replication: Gene ADAM28: survived — Same-tissue replication: 2/2 concordant. Cross-tissue: 0/0 concordant.
2026-05-05 21:07:36 [INFO] riker.phases.phase5_replication: Gene FZD1: survived — Same-tissue replication: 0/2 concordant. Cross-tissue: 0/0 concordant.
2026-05-05 21:07:36 [INFO] riker.phases.phase5_replication: Gene ITGA4: survived — Same-tissue replication: 2/2 concordant. Cross-tissue: 0/0 concordant.
2026-05-05 21:07:36 [INFO] riker.phases.phase5_replication: Gene SLC25A39: survived — Same-tissue replication: 2/2 concordant. Cross-tissue: 0/0 concordant.
2026-05-05 21:07:36 [INFO] riker.phases.phase5_replication: Gene SYT17: eliminated — Significant opposite direction in same-tissue dataset(s): ['GSE65194']. Discovery direction: up.
2026-05-05 21:07:36 [INFO] riker.phases.phase5_replication: Gene ANKRD36: survived — Same-tissue replication: 0/2 concordant. Cross-tissue: 0/0 concordant.
2026-05-05 21:07:36 [INFO] riker.phases.phase5_replication: Gene COL5A1: survived — Same-tissue replication: 2/2 concordant. Cross-tissue: 0/0 concordant.
2026-05-05 21:07:36 [INFO] riker.phases.phase5_replication: Gene PLK2: survived — Same-tissue replication: 0/2 concordant. Cross-tissue: 0/0 concordant.
2026-05-05 21:07:36 [INFO] riker.phases.phase5_replication: Gene TC2N: survived — Same-tissue replication: 2/2 concordant. Cross-tissue: 0/0 concordant.
2026-05-05 21:07:36 [INFO] riker.phases.phase5_replication: Gene TNFRSF10A: survived — Same-tissue replication: 2/2 concordant. Cross-tissue: 0/0 concordant.
2026-05-05 21:07:36 [INFO] riker.phases.phase5_replication: Gene TPM4: survived — Same-tissue replication: 2/2 concordant. Cross-tissue: 0/0 concordant.
2026-05-05 21:07:36 [INFO] riker.phases.phase5_replication: Gene ANKRD50: survived — Same-tissue replication: 2/2 concordant. Cross-tissue: 0/0 concordant.
2026-05-05 21:07:36 [INFO] riker.phases.phase5_replication: Gene APOC1: survived — Same-tissue replication: 2/2 concordant. Cross-tissue: 0/0 concordant.
2026-05-05 21:07:36 [INFO] riker.phases.phase5_replication: Gene BTN2A2: survived — Same-tissue replication: 2/2 concordant. Cross-tissue: 0/0 concordant.
2026-05-05 21:07:36 [INFO] riker.phases.phase5_replication: Gene SLC35A3: survived — Same-tissue replication: 2/2 concordant. Cross-tissue: 0/0 concordant.
2026-05-05 21:07:36 [INFO] riker.phases.phase5_replication: Gene TIFA: survived — Same-tissue replication: 2/2 concordant. Cross-tissue: 0/0 concordant.
2026-05-05 21:07:36 [INFO] riker.phases.phase5_replication: Gene CCDC43: survived — Same-tissue replication: 2/2 concordant. Cross-tissue: 0/0 concordant.
2026-05-05 21:07:36 [INFO] riker.phases.phase5_replication: Gene CCNT1: survived — Same-tissue replication: 2/2 concordant. Cross-tissue: 0/0 concordant.
2026-05-05 21:07:36 [INFO] riker.phases.phase5_replication: Gene GRWD1: eliminated — Significant opposite direction in same-tissue dataset(s): ['GSE45827', 'GSE65194']. Discovery direction: up.
2026-05-05 21:07:36 [INFO] riker.phases.phase5_replication: Gene ANLN: survived — Same-tissue replication: 2/2 concordant. Cross-tissue: 0/0 concordant.
2026-05-05 21:07:36 [INFO] riker.phases.phase5_replication: Gene COMP: survived — Same-tissue replication: 2/2 concordant. Cross-tissue: 0/0 concordant.
2026-05-05 21:07:36 [INFO] riker.phases.phase5_replication: Gene COXFA4L3: survived — Same-tissue replication: 2/2 concordant. Cross-tissue: 0/0 concordant.
2026-05-05 21:07:36 [INFO] riker.phases.phase5_replication: Gene GALNT6: survived — Same-tissue replication: 2/2 concordant. Cross-tissue: 0/0 concordant.
2026-05-05 21:07:36 [INFO] riker.phases.phase5_replication: Gene GJB2: survived — Same-tissue replication: 2/2 concordant. Cross-tissue: 0/0 concordant.
2026-05-05 21:07:36 [INFO] riker.phases.phase5_replication: Gene KRT7: survived — Same-tissue replication: 0/2 concordant. Cross-tissue: 0/0 concordant.
2026-05-05 21:07:36 [INFO] riker.phases.phase5_replication: Gene LRRC15: survived — Same-tissue replication: 2/2 concordant. Cross-tissue: 0/0 concordant.
2026-05-05 21:07:36 [INFO] riker.phases.phase5_replication: Gene TACSTD2: survived — Same-tissue replication: 2/2 concordant. Cross-tissue: 0/0 concordant.
2026-05-05 21:07:36 [INFO] riker.phases.phase5_replication: Gene UHRF1: survived — Same-tissue replication: 2/2 concordant. Cross-tissue: 0/0 concordant.
2026-05-05 21:07:36 [INFO] riker.phases.phase5_replication: Gene ZG16B: survived — Same-tissue replication: 2/2 concordant. Cross-tissue: 0/0 concordant.
2026-05-05 21:07:36 [INFO] riker.phases.phase5_replication: Gene BCAR3: survived — Same-tissue replication: 0/2 concordant. Cross-tissue: 0/0 concordant.
2026-05-05 21:07:36 [INFO] riker.phases.phase5_replication: Gene CAB39L: survived — Same-tissue replication: 2/2 concordant. Cross-tissue: 0/0 concordant.
2026-05-05 21:07:36 [INFO] riker.phases.phase5_replication: Gene CREG1: survived — Same-tissue replication: 0/2 concordant. Cross-tissue: 0/0 concordant.
2026-05-05 21:07:36 [INFO] riker.phases.phase5_replication: Gene DHRS7B: survived — Same-tissue replication: 0/2 concordant. Cross-tissue: 0/0 concordant.
2026-05-05 21:07:36 [INFO] riker.phases.phase5_replication: Gene GATB: survived — Same-tissue replication: 2/2 concordant. Cross-tissue: 0/0 concordant.
2026-05-05 21:07:36 [INFO] riker.phases.phase5_replication: Gene GSTA4: survived — Same-tissue replication: 1/2 concordant. Cross-tissue: 0/0 concordant.
2026-05-05 21:07:36 [INFO] riker.phases.phase5_replication: Gene HBEGF: survived — Same-tissue replication: 0/2 concordant. Cross-tissue: 0/0 concordant.
2026-05-05 21:07:36 [INFO] riker.phases.phase5_replication: Gene PXMP2: survived — Same-tissue replication: 0/2 concordant. Cross-tissue: 0/0 concordant.
2026-05-05 21:07:36 [INFO] riker.phases.phase5_replication: Gene SCML1: survived — Same-tissue replication: 0/2 concordant. Cross-tissue: 0/0 concordant.
2026-05-05 21:07:36 [INFO] riker.phases.phase5_replication: Gene TPPP: survived — Same-tissue replication: 2/2 concordant. Cross-tissue: 0/0 concordant.
2026-05-05 21:07:36 [INFO] riker.phases.phase5_replication: Gene AXIN1: survived — Same-tissue replication: 2/2 concordant. Cross-tissue: 0/0 concordant.
2026-05-05 21:07:36 [INFO] riker.phases.phase5_replication: Gene FAAH: survived — Same-tissue replication: 0/2 concordant. Cross-tissue: 0/0 concordant.
2026-05-05 21:07:36 [INFO] riker.phases.phase5_replication: Gene PIP5K1A: survived — Same-tissue replication: 2/2 concordant. Cross-tissue: 0/0 concordant.
2026-05-05 21:07:36 [INFO] riker.phases.phase5_replication: Gene SRRT: survived — Same-tissue replication: 2/2 concordant. Cross-tissue: 0/0 concordant.
2026-05-05 21:07:36 [INFO] riker.phases.phase5_replication: Gene AVPR1A: survived — Same-tissue replication: 2/2 concordant. Cross-tissue: 0/0 concordant.
2026-05-05 21:07:36 [INFO] riker.phases.phase5_replication: Gene BNIP2: survived — Same-tissue replication: 0/2 concordant. Cross-tissue: 0/0 concordant.
2026-05-05 21:07:36 [INFO] riker.phases.phase5_replication: Gene CLEC1A: survived — Same-tissue replication: 1/1 concordant. Cross-tissue: 0/0 concordant.
2026-05-05 21:07:36 [INFO] riker.phases.phase5_replication: Gene ERG: survived — Same-tissue replication: 2/2 concordant. Cross-tissue: 0/0 concordant.
2026-05-05 21:07:36 [INFO] riker.phases.phase5_replication: Gene EXOSC7: survived — Same-tissue replication: 0/2 concordant. Cross-tissue: 0/0 concordant.
2026-05-05 21:07:36 [INFO] riker.phases.phase5_replication: Gene KCNAB1: survived — Same-tissue replication: 2/2 concordant. Cross-tissue: 0/0 concordant.
2026-05-05 21:07:36 [INFO] riker.phases.phase5_replication: Gene KLHL29: survived — Same-tissue replication: 2/2 concordant. Cross-tissue: 0/0 concordant.
2026-05-05 21:07:36 [INFO] riker.phases.phase5_replication: Gene LETMD1: survived — Same-tissue replication: 2/2 concordant. Cross-tissue: 0/0 concordant.
2026-05-05 21:07:36 [INFO] riker.phases.phase5_replication: Gene NPR2: survived — Same-tissue replication: 2/2 concordant. Cross-tissue: 0/0 concordant.
2026-05-05 21:07:36 [INFO] riker.phases.phase5_replication: Gene PLD1: eliminated — Significant opposite direction in same-tissue dataset(s): ['GSE45827', 'GSE65194']. Discovery direction: down.
2026-05-05 21:07:36 [INFO] riker.phases.phase5_replication: Gene POU6F1: survived — Same-tissue replication: 2/2 concordant. Cross-tissue: 0/0 concordant.
2026-05-05 21:07:36 [INFO] riker.phases.phase5_replication: Gene PTCH1: survived — Same-tissue replication: 2/2 concordant. Cross-tissue: 0/0 concordant.
2026-05-05 21:07:36 [INFO] riker.phases.phase5_replication: Gene ROCK2: survived — Same-tissue replication: 0/2 concordant. Cross-tissue: 0/0 concordant.
2026-05-05 21:07:36 [INFO] riker.phases.phase5_replication: Gene SNED1: survived — Same-tissue replication: 2/2 concordant. Cross-tissue: 0/0 concordant.
2026-05-05 21:07:36 [INFO] riker.phases.phase5_replication: Gene TEF: survived — Same-tissue replication: 2/2 concordant. Cross-tissue: 0/0 concordant.
2026-05-05 21:07:36 [INFO] riker.phases.phase5_replication: Gene WNK1: eliminated — Significant opposite direction in same-tissue dataset(s): ['GSE45827', 'GSE65194']. Discovery direction: down.
2026-05-05 21:07:36 [INFO] riker.phases.phase5_replication: Gene B3GALT6: survived — Same-tissue replication: 2/2 concordant. Cross-tissue: 0/0 concordant.
2026-05-05 21:07:36 [INFO] riker.phases.phase5_replication: Gene LARGE2: survived — Same-tissue replication: 0/2 concordant. Cross-tissue: 0/0 concordant.
2026-05-05 21:07:36 [INFO] riker.phases.phase5_replication: Gene TRAF7: survived — Same-tissue replication: 2/2 concordant. Cross-tissue: 0/0 concordant.
2026-05-05 21:07:36 [INFO] riker.phases.phase5_replication: Gene ZNF513: survived — Same-tissue replication: 2/2 concordant. Cross-tissue: 0/0 concordant.
2026-05-05 21:07:36 [INFO] riker.phases.phase5_replication: Gene ABCC5: survived — Same-tissue replication: 2/2 concordant. Cross-tissue: 0/0 concordant.
2026-05-05 21:07:36 [INFO] riker.phases.phase5_replication: Gene BIK: survived — Same-tissue replication: 2/2 concordant. Cross-tissue: 0/0 concordant.
2026-05-05 21:07:36 [INFO] riker.phases.phase5_replication: Gene BSPRY: survived — Same-tissue replication: 2/2 concordant. Cross-tissue: 0/0 concordant.
2026-05-05 21:07:36 [INFO] riker.phases.phase5_replication: Gene CDC50B: survived — Same-tissue replication: 2/2 concordant. Cross-tissue: 0/0 concordant.
2026-05-05 21:07:36 [INFO] riker.phases.phase5_replication: Gene CDCA3: survived — Same-tissue replication: 2/2 concordant. Cross-tissue: 0/0 concordant.
2026-05-05 21:07:36 [INFO] riker.phases.phase5_replication: Gene CDS1: survived — Same-tissue replication: 2/2 concordant. Cross-tissue: 0/0 concordant.
2026-05-05 21:07:36 [INFO] riker.phases.phase5_replication: Gene CHMP4C: survived — Same-tissue replication: 2/2 concordant. Cross-tissue: 0/0 concordant.
2026-05-05 21:07:36 [INFO] riker.phases.phase5_replication: Gene CHTF18: survived — Same-tissue replication: 2/2 concordant. Cross-tissue: 0/0 concordant.
2026-05-05 21:07:36 [INFO] riker.phases.phase5_replication: Gene CLDN4: survived — Same-tissue replication: 2/2 concordant. Cross-tissue: 0/0 concordant.
2026-05-05 21:07:36 [INFO] riker.phases.phase5_replication: Gene CLSTN1: survived — Same-tissue replication: 0/2 concordant. Cross-tissue: 0/0 concordant.
2026-05-05 21:07:36 [INFO] riker.phases.phase5_replication: Gene CTBP2: survived — Same-tissue replication: 0/2 concordant. Cross-tissue: 0/0 concordant.
2026-05-05 21:07:36 [INFO] riker.phases.phase5_replication: Gene DPCD: survived — Same-tissue replication: 2/2 concordant. Cross-tissue: 0/0 concordant.
2026-05-05 21:07:36 [INFO] riker.phases.phase5_replication: Gene EOLA2: survived — Same-tissue replication: 2/2 concordant. Cross-tissue: 0/0 concordant.
2026-05-05 21:07:36 [INFO] riker.phases.phase5_replication: Gene EPS8L2: eliminated — Significant opposite direction in same-tissue dataset(s): ['GSE45827', 'GSE65194']. Discovery direction: up.
2026-05-05 21:07:36 [INFO] riker.phases.phase5_replication: Gene ESRP1: survived — Same-tissue replication: 2/2 concordant. Cross-tissue: 0/0 concordant.
2026-05-05 21:07:36 [INFO] riker.phases.phase5_replication: Gene FAM241B: survived — Same-tissue replication: 2/2 concordant. Cross-tissue: 0/0 concordant.
2026-05-05 21:07:36 [INFO] riker.phases.phase5_replication: Gene GALNT3: survived — Same-tissue replication: 2/2 concordant. Cross-tissue: 0/0 concordant.
2026-05-05 21:07:36 [INFO] riker.phases.phase5_replication: Gene GPR160: survived — Same-tissue replication: 2/2 concordant. Cross-tissue: 0/0 concordant.
2026-05-05 21:07:36 [INFO] riker.phases.phase5_replication: Gene GRP: survived — Same-tissue replication: 0/2 concordant. Cross-tissue: 0/0 concordant.
2026-05-05 21:07:36 [INFO] riker.phases.phase5_replication: Gene HSD17B7: survived — Same-tissue replication: 2/2 concordant. Cross-tissue: 0/0 concordant.
2026-05-05 21:07:36 [INFO] riker.phases.phase5_replication: Gene KIFC1: survived — Same-tissue replication: 2/2 concordant. Cross-tissue: 0/0 concordant.
2026-05-05 21:07:36 [INFO] riker.phases.phase5_replication: Gene KNOP1: survived — Same-tissue replication: 2/2 concordant. Cross-tissue: 0/0 concordant.
2026-05-05 21:07:36 [INFO] riker.phases.phase5_replication: Gene MICALL2: survived — Same-tissue replication: 2/2 concordant. Cross-tissue: 0/0 concordant.
2026-05-05 21:07:36 [INFO] riker.phases.phase5_replication: Gene MUC1: survived — Same-tissue replication: 2/2 concordant. Cross-tissue: 0/0 concordant.
2026-05-05 21:07:36 [INFO] riker.phases.phase5_replication: Gene MYO5B: survived — Same-tissue replication: 2/2 concordant. Cross-tissue: 0/0 concordant.
2026-05-05 21:07:36 [INFO] riker.phases.phase5_replication: Gene NFKBIE: survived — Same-tissue replication: 2/2 concordant. Cross-tissue: 0/0 concordant.
2026-05-05 21:07:36 [INFO] riker.phases.phase5_replication: Gene OAS3: survived — Same-tissue replication: 2/2 concordant. Cross-tissue: 0/0 concordant.
2026-05-05 21:07:36 [INFO] riker.phases.phase5_replication: Gene PDIA4: survived — Same-tissue replication: 2/2 concordant. Cross-tissue: 0/0 concordant.
2026-05-05 21:07:36 [INFO] riker.phases.phase5_replication: Gene PKIB: survived — Same-tissue replication: 2/2 concordant. Cross-tissue: 0/0 concordant.
2026-05-05 21:07:36 [INFO] riker.phases.phase5_replication: Gene PTPA: survived — Same-tissue replication: 1/2 concordant. Cross-tissue: 0/0 concordant.
2026-05-05 21:07:36 [INFO] riker.phases.phase5_replication: Gene RFC3: survived — Same-tissue replication: 2/2 concordant. Cross-tissue: 0/0 concordant.
2026-05-05 21:07:36 [INFO] riker.phases.phase5_replication: Gene RGS1: survived — Same-tissue replication: 2/2 concordant. Cross-tissue: 0/0 concordant.
2026-05-05 21:07:36 [INFO] riker.phases.phase5_replication: Gene SFPQ: survived — Same-tissue replication: 2/2 concordant. Cross-tissue: 0/0 concordant.
2026-05-05 21:07:36 [INFO] riker.phases.phase5_replication: Gene SLC7A5: survived — Same-tissue replication: 2/2 concordant. Cross-tissue: 0/0 concordant.
2026-05-05 21:07:36 [INFO] riker.phases.phase5_replication: Gene SMIM22: survived — Same-tissue replication: 2/2 concordant. Cross-tissue: 0/0 concordant.
2026-05-05 21:07:36 [INFO] riker.phases.phase5_replication: Gene SPDEF: survived — Same-tissue replication: 0/2 concordant. Cross-tissue: 0/0 concordant.
2026-05-05 21:07:36 [INFO] riker.phases.phase5_replication: Gene SRARP: survived — Same-tissue replication: 2/2 concordant. Cross-tissue: 0/0 concordant.
2026-05-05 21:07:36 [INFO] riker.phases.phase5_replication: Gene STARD10: survived — Same-tissue replication: 2/2 concordant. Cross-tissue: 0/0 concordant.
2026-05-05 21:07:36 [INFO] riker.phases.phase5_replication: Gene STMN1: survived — Same-tissue replication: 2/2 concordant. Cross-tissue: 0/0 concordant.
2026-05-05 21:07:36 [INFO] riker.phases.phase5_replication: Gene SULF1: survived — Same-tissue replication: 2/2 concordant. Cross-tissue: 0/0 concordant.
2026-05-05 21:07:36 [INFO] riker.phases.phase5_replication: Gene TIMELESS: survived — Same-tissue replication: 2/2 concordant. Cross-tissue: 0/0 concordant.
2026-05-05 21:07:36 [INFO] riker.phases.phase5_replication: Gene TMC5: survived — Same-tissue replication: 2/2 concordant. Cross-tissue: 0/0 concordant.
2026-05-05 21:07:36 [INFO] riker.phases.phase5_replication: Gene TYMP: survived — Same-tissue replication: 2/2 concordant. Cross-tissue: 0/0 concordant.
2026-05-05 21:07:36 [INFO] riker.phases.phase5_replication: Gene ZNF587: survived — Same-tissue replication: 2/2 concordant. Cross-tissue: 0/0 concordant.
2026-05-05 21:07:36 [INFO] riker.phases.phase5_replication: Gene HDDC2: eliminated — Significant opposite direction in same-tissue dataset(s): ['GSE45827', 'GSE65194']. Discovery direction: down.
2026-05-05 21:07:36 [INFO] riker.phases.phase5_replication: Gene HIBCH: survived — Same-tissue replication: 2/2 concordant. Cross-tissue: 0/0 concordant.
2026-05-05 21:07:36 [INFO] riker.phases.phase5_replication: Gene LSM6: eliminated — Significant opposite direction in same-tissue dataset(s): ['GSE45827', 'GSE65194']. Discovery direction: down.
2026-05-05 21:07:36 [INFO] riker.phases.phase5_replication: Gene RAMP2: survived — Same-tissue replication: 2/2 concordant. Cross-tissue: 0/0 concordant.
2026-05-05 21:07:36 [INFO] riker.phases.phase5_replication: Gene SSH2: survived — Same-tissue replication: 0/2 concordant. Cross-tissue: 0/0 concordant.
2026-05-05 21:07:36 [INFO] riker.phases.phase5_replication: Gene USP33: survived — Same-tissue replication: 0/2 concordant. Cross-tissue: 0/0 concordant.
2026-05-05 21:07:36 [INFO] riker.phases.phase5_replication: Gene WDR36: survived — Same-tissue replication: 2/2 concordant. Cross-tissue: 0/0 concordant.
2026-05-05 21:07:36 [INFO] riker.phases.phase5_replication: Gene ZFP36L2: survived — Same-tissue replication: 2/2 concordant. Cross-tissue: 0/0 concordant.
2026-05-05 21:07:36 [INFO] riker.phases.phase5_replication: Gene ABAT: survived — Same-tissue replication: 2/2 concordant. Cross-tissue: 0/0 concordant.
2026-05-05 21:07:36 [INFO] riker.phases.phase5_replication: Gene B4GALT7: survived — Same-tissue replication: 0/2 concordant. Cross-tissue: 0/0 concordant.
2026-05-05 21:07:36 [INFO] riker.phases.phase5_replication: Gene COMMD4: survived — Same-tissue replication: 2/2 concordant. Cross-tissue: 0/0 concordant.
2026-05-05 21:07:36 [INFO] riker.phases.phase5_replication: Gene GPATCH4: survived — Same-tissue replication: 2/2 concordant. Cross-tissue: 0/0 concordant.
2026-05-05 21:07:36 [INFO] riker.phases.phase5_replication: Gene ITPKB: survived — Same-tissue replication: 2/2 concordant. Cross-tissue: 0/0 concordant.
2026-05-05 21:07:36 [INFO] riker.phases.phase5_replication: Gene KRI1: survived — Same-tissue replication: 1/2 concordant. Cross-tissue: 0/0 concordant.
2026-05-05 21:07:36 [INFO] riker.phases.phase5_replication: Gene KRT15: eliminated — Significant opposite direction in same-tissue dataset(s): ['GSE45827', 'GSE65194']. Discovery direction: up.
2026-05-05 21:07:36 [INFO] riker.phases.phase5_replication: Gene NAGA: survived — Same-tissue replication: 2/2 concordant. Cross-tissue: 0/0 concordant.
2026-05-05 21:07:36 [INFO] riker.phases.phase5_replication: Gene ORAI2: survived — Same-tissue replication: 2/2 concordant. Cross-tissue: 0/0 concordant.
2026-05-05 21:07:36 [INFO] riker.phases.phase5_replication: Gene AK6: eliminated — Significant opposite direction in same-tissue dataset(s): ['GSE45827', 'GSE65194']. Discovery direction: down.
2026-05-05 21:07:36 [INFO] riker.phases.phase5_replication: Gene CDK20: survived — Same-tissue replication: 2/2 concordant. Cross-tissue: 0/0 concordant.
2026-05-05 21:07:36 [INFO] riker.phases.phase5_replication: Gene CUEDC1: survived — Same-tissue replication: 2/2 concordant. Cross-tissue: 0/0 concordant.
2026-05-05 21:07:36 [INFO] riker.phases.phase5_replication: Gene EPHB2: survived — Same-tissue replication: 0/2 concordant. Cross-tissue: 0/0 concordant.
2026-05-05 21:07:36 [INFO] riker.phases.phase5_replication: Gene TMPO: survived — Same-tissue replication: 2/2 concordant. Cross-tissue: 0/0 concordant.
2026-05-05 21:07:36 [INFO] riker.phases.phase5_replication: Gene TNK1: eliminated — Significant opposite direction in same-tissue dataset(s): ['GSE45827', 'GSE65194']. Discovery direction: up.
2026-05-05 21:07:36 [INFO] riker.phases.phase5_replication: Gene ABCD3: survived — Same-tissue replication: 2/2 concordant. Cross-tissue: 0/0 concordant.
2026-05-05 21:07:36 [INFO] riker.phases.phase5_replication: Gene ADAM10: survived — Same-tissue replication: 2/2 concordant. Cross-tissue: 0/0 concordant.
2026-05-05 21:07:36 [INFO] riker.phases.phase5_replication: Gene APRT: eliminated — Significant opposite direction in same-tissue dataset(s): ['GSE45827', 'GSE65194']. Discovery direction: up.
2026-05-05 21:07:36 [INFO] riker.phases.phase5_replication: Gene BCL10: survived — Same-tissue replication: 2/2 concordant. Cross-tissue: 0/0 concordant.
2026-05-05 21:07:36 [INFO] riker.phases.phase5_replication: Gene CHORDC1: survived — Same-tissue replication: 2/2 concordant. Cross-tissue: 0/0 concordant.
2026-05-05 21:07:37 [INFO] riker.phases.phase5_replication: Gene DDX21: survived — Same-tissue replication: 2/2 concordant. Cross-tissue: 0/0 concordant.
2026-05-05 21:07:37 [INFO] riker.phases.phase5_replication: Gene LRRFIP1: survived — Same-tissue replication: 2/2 concordant. Cross-tissue: 0/0 concordant.
2026-05-05 21:07:37 [INFO] riker.phases.phase5_replication: Gene PCNX4: survived — Same-tissue replication: 2/2 concordant. Cross-tissue: 0/0 concordant.
2026-05-05 21:07:37 [INFO] riker.phases.phase5_replication: Gene ACLY: survived — Same-tissue replication: 2/2 concordant. Cross-tissue: 0/0 concordant.
2026-05-05 21:07:37 [INFO] riker.phases.phase5_replication: Gene ARF6: survived — Same-tissue replication: 2/2 concordant. Cross-tissue: 0/0 concordant.
2026-05-05 21:07:37 [INFO] riker.phases.phase5_replication: Gene CARMIL1: survived — Same-tissue replication: 2/2 concordant. Cross-tissue: 0/0 concordant.
2026-05-05 21:07:37 [INFO] riker.phases.phase5_replication: Gene CCNQ: survived — Same-tissue replication: 1/2 concordant. Cross-tissue: 0/0 concordant.
2026-05-05 21:07:37 [INFO] riker.phases.phase5_replication: Gene CCT7: survived — Same-tissue replication: 2/2 concordant. Cross-tissue: 0/0 concordant.
2026-05-05 21:07:37 [INFO] riker.phases.phase5_replication: Gene GMNN: survived — Same-tissue replication: 2/2 concordant. Cross-tissue: 0/0 concordant.
2026-05-05 21:07:37 [INFO] riker.phases.phase5_replication: Gene LSM2: survived — Same-tissue replication: 2/2 concordant. Cross-tissue: 0/0 concordant.
2026-05-05 21:07:37 [INFO] riker.phases.phase5_replication: Gene MAGT1: survived — Same-tissue replication: 2/2 concordant. Cross-tissue: 0/0 concordant.
2026-05-05 21:07:37 [INFO] riker.phases.phase5_replication: Gene PSMB8: survived — Same-tissue replication: 2/2 concordant. Cross-tissue: 0/0 concordant.
2026-05-05 21:07:37 [INFO] riker.phases.phase5_replication: Gene S1PR3: survived — Same-tissue replication: 2/2 concordant. Cross-tissue: 0/0 concordant.
2026-05-05 21:07:37 [INFO] riker.phases.phase5_replication: Gene SFXN4: survived — Same-tissue replication: 2/2 concordant. Cross-tissue: 0/0 concordant.
2026-05-05 21:07:37 [INFO] riker.phases.phase5_replication: Gene XKR8: survived — Same-tissue replication: 0/2 concordant. Cross-tissue: 0/0 concordant.
2026-05-05 21:07:37 [INFO] riker.phases.phase5_replication: Gene ZFP62: survived — Same-tissue replication: 2/2 concordant. Cross-tissue: 0/0 concordant.
2026-05-05 21:07:37 [INFO] riker.phases.phase5_replication: Gene ZNF7: survived — Same-tissue replication: 2/2 concordant. Cross-tissue: 0/0 concordant.
2026-05-05 21:07:37 [INFO] riker.phases.phase5_replication: Gene DOLPP1: survived — Same-tissue replication: 2/2 concordant. Cross-tissue: 0/0 concordant.
2026-05-05 21:07:37 [INFO] riker.phases.phase5_replication: Gene FLAD1: survived — Same-tissue replication: 2/2 concordant. Cross-tissue: 0/0 concordant.
2026-05-05 21:07:37 [INFO] riker.phases.phase5_replication: Gene PHAF1: survived — Same-tissue replication: 2/2 concordant. Cross-tissue: 0/0 concordant.
2026-05-05 21:07:37 [INFO] riker.phases.phase5_replication: Gene PKMYT1: survived — Same-tissue replication: 2/2 concordant. Cross-tissue: 0/0 concordant.
2026-05-05 21:07:37 [INFO] riker.phases.phase5_replication: Gene SIN3B: survived — Same-tissue replication: 0/2 concordant. Cross-tissue: 0/0 concordant.
2026-05-05 21:07:37 [INFO] riker.phases.phase5_replication: Gene TRPM2: survived — Same-tissue replication: 2/2 concordant. Cross-tissue: 0/0 concordant.
2026-05-05 21:07:37 [INFO] riker.phases.phase5_replication: Gene UTP25: survived — Same-tissue replication: 2/2 concordant. Cross-tissue: 0/0 concordant.
2026-05-05 21:07:37 [INFO] riker.phases.phase5_replication: Gene MARCHF9: survived — Same-tissue replication: 2/2 concordant. Cross-tissue: 0/0 concordant.
2026-05-05 21:07:37 [INFO] riker.phases.phase5_replication: Gene MLST8: survived — Same-tissue replication: 2/2 concordant. Cross-tissue: 0/0 concordant.
2026-05-05 21:07:37 [INFO] riker.phases.phase5_replication: Gene NCSTN: survived — Same-tissue replication: 2/2 concordant. Cross-tissue: 0/0 concordant.
2026-05-05 21:07:37 [INFO] riker.phases.phase5_replication: Gene ZNF680: survived — Same-tissue replication: 2/2 concordant. Cross-tissue: 0/0 concordant.
2026-05-05 21:07:37 [INFO] riker.phases.phase5_replication: Gene COASY: eliminated — Significant opposite direction in same-tissue dataset(s): ['GSE45827', 'GSE65194']. Discovery direction: up.
2026-05-05 21:07:37 [INFO] riker.phases.phase5_replication: Gene GRK6: eliminated — Significant opposite direction in same-tissue dataset(s): ['GSE45827']. Discovery direction: up.
2026-05-05 21:07:37 [INFO] riker.phases.phase5_replication: Gene KPTN: survived — Same-tissue replication: 2/2 concordant. Cross-tissue: 0/0 concordant.
2026-05-05 21:07:37 [INFO] riker.phases.phase5_replication: Gene RAB11A: survived — Same-tissue replication: 2/2 concordant. Cross-tissue: 0/0 concordant.
2026-05-05 21:07:37 [INFO] riker.phases.phase5_replication: Gene SMCR8: eliminated — Significant opposite direction in same-tissue dataset(s): ['GSE45827', 'GSE65194']. Discovery direction: up.
2026-05-05 21:07:37 [INFO] riker.phases.phase5_replication: Gene BTG2: survived — Same-tissue replication: 1/2 concordant. Cross-tissue: 0/0 concordant.
2026-05-05 21:07:37 [INFO] riker.phases.phase5_replication: Gene COLEC11: survived — Same-tissue replication: 0/1 concordant. Cross-tissue: 0/0 concordant.
2026-05-05 21:07:37 [INFO] riker.phases.phase5_replication: Gene WBP1L: survived — Same-tissue replication: 2/2 concordant. Cross-tissue: 0/0 concordant.
2026-05-05 21:07:37 [INFO] riker.phases.phase5_replication: Gene BOLA2B: survived — Same-tissue replication: 2/2 concordant. Cross-tissue: 0/0 concordant.
2026-05-05 21:07:37 [INFO] riker.phases.phase5_replication: Gene CCDC24: survived — Same-tissue replication: 2/2 concordant. Cross-tissue: 0/0 concordant.
2026-05-05 21:07:37 [INFO] riker.phases.phase5_replication: Gene QSOX1: eliminated — Significant opposite direction in same-tissue dataset(s): ['GSE45827', 'GSE65194']. Discovery direction: up.
2026-05-05 21:07:37 [INFO] riker.phases.phase5_replication: Gene SEC61A2: survived — Same-tissue replication: 2/2 concordant. Cross-tissue: 0/0 concordant.
2026-05-05 21:07:37 [INFO] riker.phases.phase5_replication: Gene SEMA4D: survived — Same-tissue replication: 2/2 concordant. Cross-tissue: 0/0 concordant.
2026-05-05 21:07:37 [INFO] riker.phases.phase5_replication: Gene TMEM141: survived — Same-tissue replication: 2/2 concordant. Cross-tissue: 0/0 concordant.
2026-05-05 21:07:37 [INFO] riker.phases.phase5_replication: Gene ZMYND19: survived — Same-tissue replication: 2/2 concordant. Cross-tissue: 0/0 concordant.
2026-05-05 21:07:37 [INFO] riker.phases.phase5_replication: Gene DTYMK: survived — Same-tissue replication: 2/2 concordant. Cross-tissue: 0/0 concordant.
2026-05-05 21:07:37 [INFO] riker.phases.phase5_replication: Gene MISP: survived — Same-tissue replication: 2/2 concordant. Cross-tissue: 0/0 concordant.
2026-05-05 21:07:37 [INFO] riker.phases.phase5_replication: Gene MRPL14: survived — Same-tissue replication: 2/2 concordant. Cross-tissue: 0/0 concordant.
2026-05-05 21:07:37 [INFO] riker.phases.phase5_replication: Gene PUS1: survived — Same-tissue replication: 2/2 concordant. Cross-tissue: 0/0 concordant.
2026-05-05 21:07:37 [INFO] riker.phases.phase5_replication: Gene SLC50A1: survived — Same-tissue replication: 2/2 concordant. Cross-tissue: 0/0 concordant.
2026-05-05 21:07:37 [INFO] riker.phases.phase5_replication: Gene UBAP2L: survived — Same-tissue replication: 2/2 concordant. Cross-tissue: 0/0 concordant.
2026-05-05 21:07:37 [INFO] riker.phases.phase5_replication: Gene ZNF101: survived — Same-tissue replication: 2/2 concordant. Cross-tissue: 0/0 concordant.
2026-05-05 21:07:37 [INFO] riker.phases.phase5_replication: Gene BRMS1: survived — Same-tissue replication: 2/2 concordant. Cross-tissue: 0/0 concordant.
2026-05-05 21:07:37 [INFO] riker.phases.phase5_replication: Gene CNOT11: survived — Same-tissue replication: 2/2 concordant. Cross-tissue: 0/0 concordant.
2026-05-05 21:07:37 [INFO] riker.phases.phase5_replication: Gene CRB3: survived — Same-tissue replication: 2/2 concordant. Cross-tissue: 0/0 concordant.
2026-05-05 21:07:37 [INFO] riker.phases.phase5_replication: Gene DAGLB: survived — Same-tissue replication: 2/2 concordant. Cross-tissue: 0/0 concordant.
2026-05-05 21:07:37 [INFO] riker.phases.phase5_replication: Gene MANF: survived — Same-tissue replication: 2/2 concordant. Cross-tissue: 0/0 concordant.
2026-05-05 21:07:37 [INFO] riker.phases.phase5_replication: Gene SETDB1: survived — Same-tissue replication: 2/2 concordant. Cross-tissue: 0/0 concordant.
2026-05-05 21:07:37 [INFO] riker.phases.phase5_replication: Gene SLC12A7: survived — Same-tissue replication: 2/2 concordant. Cross-tissue: 0/0 concordant.
2026-05-05 21:07:37 [INFO] riker.phases.phase5_replication: Gene SLC35B1: survived — Same-tissue replication: 2/2 concordant. Cross-tissue: 0/0 concordant.
2026-05-05 21:07:37 [INFO] riker.phases.phase5_replication: Gene SNAP47: survived — Same-tissue replication: 2/2 concordant. Cross-tissue: 0/0 concordant.
2026-05-05 21:07:37 [INFO] riker.phases.phase5_replication: Gene SNRNP25: survived — Same-tissue replication: 2/2 concordant. Cross-tissue: 0/0 concordant.
2026-05-05 21:07:37 [INFO] riker.phases.phase5_replication: Gene TRAFD1: survived — Same-tissue replication: 2/2 concordant. Cross-tissue: 0/0 concordant.
2026-05-05 21:07:37 [INFO] riker.phases.phase5_replication: Gene TSEN34: survived — Same-tissue replication: 2/2 concordant. Cross-tissue: 0/0 concordant.
2026-05-05 21:07:37 [INFO] riker.phases.phase5_replication: Gene TSEN54: survived — Same-tissue replication: 2/2 concordant. Cross-tissue: 0/0 concordant.
2026-05-05 21:07:37 [INFO] riker.phases.phase5_replication: Gene ZDHHC16: survived — Same-tissue replication: 2/2 concordant. Cross-tissue: 0/0 concordant.
2026-05-05 21:07:37 [INFO] riker.phases.phase5_replication: Gene ABHD17C: survived — Same-tissue replication: 2/2 concordant. Cross-tissue: 0/0 concordant.
2026-05-05 21:07:37 [INFO] riker.phases.phase5_replication: Gene ARFGAP1: survived — Same-tissue replication: 0/2 concordant. Cross-tissue: 0/0 concordant.
2026-05-05 21:07:37 [INFO] riker.phases.phase5_replication: Gene CERS2: survived — Same-tissue replication: 2/2 concordant. Cross-tissue: 0/0 concordant.
2026-05-05 21:07:37 [INFO] riker.phases.phase5_replication: Gene FANCG: survived — Same-tissue replication: 2/2 concordant. Cross-tissue: 0/0 concordant.
2026-05-05 21:07:37 [INFO] riker.phases.phase5_replication: Gene INPP4B: survived — Same-tissue replication: 1/2 concordant. Cross-tissue: 0/0 concordant.
2026-05-05 21:07:37 [INFO] riker.phases.phase5_replication: Gene MMP13: survived — Same-tissue replication: 2/2 concordant. Cross-tissue: 0/0 concordant.
2026-05-05 21:07:37 [INFO] riker.phases.phase5_replication: Gene NAXE: survived — Same-tissue replication: 2/2 concordant. Cross-tissue: 0/0 concordant.
2026-05-05 21:07:37 [INFO] riker.phases.phase5_replication: Gene PPT1: survived — Same-tissue replication: 2/2 concordant. Cross-tissue: 0/0 concordant.
2026-05-05 21:07:37 [INFO] riker.phases.phase5_replication: Gene SLC4A8: survived — Same-tissue replication: 1/2 concordant. Cross-tissue: 0/0 concordant.
2026-05-05 21:07:37 [INFO] riker.phases.phase5_replication: Gene TCEAL3: survived — Same-tissue replication: 2/2 concordant. Cross-tissue: 0/0 concordant.
2026-05-05 21:07:37 [INFO] riker.phases.phase5_replication: Gene TMF1: survived — Same-tissue replication: 2/2 concordant. Cross-tissue: 0/0 concordant.
2026-05-05 21:07:37 [INFO] riker.phases.phase5_replication: Gene ENC1: survived — Same-tissue replication: 2/2 concordant. Cross-tissue: 0/0 concordant.
2026-05-05 21:07:37 [INFO] riker.phases.phase5_replication: Gene FOXK2: survived — Same-tissue replication: 2/2 concordant. Cross-tissue: 0/0 concordant.
2026-05-05 21:07:37 [INFO] riker.phases.phase5_replication: Gene PSMG3: survived — Same-tissue replication: 2/2 concordant. Cross-tissue: 0/0 concordant.
2026-05-05 21:07:37 [INFO] riker.phases.phase5_replication: Gene TMEM134: survived — Same-tissue replication: 2/2 concordant. Cross-tissue: 0/0 concordant.
2026-05-05 21:07:37 [INFO] riker.phases.phase5_replication: Gene XPO5: survived — Same-tissue replication: 2/2 concordant. Cross-tissue: 0/0 concordant.
2026-05-05 21:07:37 [INFO] riker.phases.phase5_replication: Gene ACSS3: survived — Same-tissue replication: 2/2 concordant. Cross-tissue: 0/0 concordant.
2026-05-05 21:07:37 [INFO] riker.phases.phase5_replication: Gene C1orf115: survived — Same-tissue replication: 2/2 concordant. Cross-tissue: 0/0 concordant.
2026-05-05 21:07:37 [INFO] riker.phases.phase5_replication: Gene F3: survived — Same-tissue replication: 2/2 concordant. Cross-tissue: 0/0 concordant.
2026-05-05 21:07:37 [INFO] riker.phases.phase5_replication: Gene FOLR2: survived — Same-tissue replication: 2/2 concordant. Cross-tissue: 0/0 concordant.
2026-05-05 21:07:37 [INFO] riker.phases.phase5_replication: Gene MRC1: survived — Same-tissue replication: 2/2 concordant. Cross-tissue: 0/0 concordant.
2026-05-05 21:07:37 [INFO] riker.phases.phase5_replication: Gene PLPP3: survived — Same-tissue replication: 2/2 concordant. Cross-tissue: 0/0 concordant.
2026-05-05 21:07:37 [INFO] riker.phases.phase5_replication: Gene RUNX1T1: survived — Same-tissue replication: 2/2 concordant. Cross-tissue: 0/0 concordant.
2026-05-05 21:07:37 [INFO] riker.phases.phase5_replication: Gene TMEM47: survived — Same-tissue replication: 2/2 concordant. Cross-tissue: 0/0 concordant.
2026-05-05 21:07:37 [INFO] riker.phases.phase5_replication: Gene TPPP3: survived — Same-tissue replication: 2/2 concordant. Cross-tissue: 0/0 concordant.
2026-05-05 21:07:37 [INFO] riker.phases.phase5_replication: Gene TUBB6: survived — Same-tissue replication: 2/2 concordant. Cross-tissue: 0/0 concordant.
2026-05-05 21:07:37 [INFO] riker.phases.phase5_replication: Gene ZEB1: survived — Same-tissue replication: 2/2 concordant. Cross-tissue: 0/0 concordant.
2026-05-05 21:07:37 [INFO] riker.phases.phase5_replication: Gene ZFP36: survived — Same-tissue replication: 0/2 concordant. Cross-tissue: 0/0 concordant.
2026-05-05 21:07:37 [INFO] riker.phases.phase5_replication: Gene ARID5B: survived — Same-tissue replication: 2/2 concordant. Cross-tissue: 0/0 concordant.
2026-05-05 21:07:37 [INFO] riker.phases.phase5_replication: Gene C1QTNF1: survived — Same-tissue replication: 2/2 concordant. Cross-tissue: 0/0 concordant.
2026-05-05 21:07:37 [INFO] riker.phases.phase5_replication: Gene CLIC2: survived — Same-tissue replication: 2/2 concordant. Cross-tissue: 0/0 concordant.
2026-05-05 21:07:37 [INFO] riker.phases.phase5_replication: Gene CREBL2: survived — Same-tissue replication: 2/2 concordant. Cross-tissue: 0/0 concordant.
2026-05-05 21:07:37 [INFO] riker.phases.phase5_replication: Gene HEBP2: survived — Same-tissue replication: 0/2 concordant. Cross-tissue: 0/0 concordant.
2026-05-05 21:07:37 [INFO] riker.phases.phase5_replication: Gene HOXA7: survived — Same-tissue replication: 2/2 concordant. Cross-tissue: 0/0 concordant.
2026-05-05 21:07:37 [INFO] riker.phases.phase5_replication: Gene NLRX1: survived — Same-tissue replication: 2/2 concordant. Cross-tissue: 0/0 concordant.
2026-05-05 21:07:37 [INFO] riker.phases.phase5_replication: Gene PDK2: survived — Same-tissue replication: 2/2 concordant. Cross-tissue: 0/0 concordant.
2026-05-05 21:07:37 [INFO] riker.phases.phase5_replication: Gene PER3: survived — Same-tissue replication: 2/2 concordant. Cross-tissue: 0/0 concordant.
2026-05-05 21:07:37 [INFO] riker.phases.phase5_replication: Gene PLEKHG6: survived — Same-tissue replication: 2/2 concordant. Cross-tissue: 0/0 concordant.
2026-05-05 21:07:37 [INFO] riker.phases.phase5_replication: Gene RGS5: survived — Same-tissue replication: 2/2 concordant. Cross-tissue: 0/0 concordant.
2026-05-05 21:07:37 [INFO] riker.phases.phase5_replication: Gene SPARCL1: survived — Same-tissue replication: 2/2 concordant. Cross-tissue: 0/0 concordant.
2026-05-05 21:07:37 [INFO] riker.phases.phase5_replication: Gene TNFAIP8: eliminated — Significant opposite direction in same-tissue dataset(s): ['GSE45827']. Discovery direction: down.
2026-05-05 21:07:37 [INFO] riker.phases.phase5_replication: Gene YBX3: survived — Same-tissue replication: 2/2 concordant. Cross-tissue: 0/0 concordant.
2026-05-05 21:07:37 [INFO] riker.phases.phase5_replication: Gene ACAA2: survived — Same-tissue replication: 2/2 concordant. Cross-tissue: 0/0 concordant.
2026-05-05 21:07:37 [INFO] riker.phases.phase5_replication: Gene ACKR3: survived — Same-tissue replication: 2/2 concordant. Cross-tissue: 0/0 concordant.
2026-05-05 21:07:37 [INFO] riker.phases.phase5_replication: Gene ADM: survived — Same-tissue replication: 2/2 concordant. Cross-tissue: 0/0 concordant.
2026-05-05 21:07:37 [INFO] riker.phases.phase5_replication: Gene CXCL12: survived — Same-tissue replication: 2/2 concordant. Cross-tissue: 0/0 concordant.
2026-05-05 21:07:37 [INFO] riker.phases.phase5_replication: Gene DHRS3: survived — Same-tissue replication: 2/2 concordant. Cross-tissue: 0/0 concordant.
2026-05-05 21:07:37 [INFO] riker.phases.phase5_replication: Gene EFEMP1: survived — Same-tissue replication: 2/2 concordant. Cross-tissue: 0/0 concordant.
2026-05-05 21:07:37 [INFO] riker.phases.phase5_replication: Gene LMO3: survived — Same-tissue replication: 2/2 concordant. Cross-tissue: 0/0 concordant.
2026-05-05 21:07:37 [INFO] riker.phases.phase5_replication: Gene MDFIC: survived — Same-tissue replication: 2/2 concordant. Cross-tissue: 0/0 concordant.
2026-05-05 21:07:37 [INFO] riker.phases.phase5_replication: Gene MFAP4: survived — Same-tissue replication: 2/2 concordant. Cross-tissue: 0/0 concordant.
2026-05-05 21:07:37 [INFO] riker.phases.phase5_replication: Gene NRN1: survived — Same-tissue replication: 2/2 concordant. Cross-tissue: 0/0 concordant.
2026-05-05 21:07:37 [INFO] riker.phases.phase5_replication: Gene PDE8B: survived — Same-tissue replication: 2/2 concordant. Cross-tissue: 0/0 concordant.
2026-05-05 21:07:37 [INFO] riker.phases.phase5_replication: Gene PTGIS: survived — Same-tissue replication: 2/2 concordant. Cross-tissue: 0/0 concordant.
2026-05-05 21:07:37 [INFO] riker.phases.phase5_replication: Gene RARRES2: survived — Same-tissue replication: 2/2 concordant. Cross-tissue: 0/0 concordant.
2026-05-05 21:07:37 [INFO] riker.phases.phase5_replication: Gene SFRP1: survived — Same-tissue replication: 2/2 concordant. Cross-tissue: 0/0 concordant.
2026-05-05 21:07:37 [INFO] riker.phases.phase5_replication: Gene VLDLR: survived — Same-tissue replication: 2/2 concordant. Cross-tissue: 0/0 concordant.
2026-05-05 21:07:37 [INFO] riker.phases.phase5_replication: Gene ZEB2: survived — Same-tissue replication: 2/2 concordant. Cross-tissue: 0/0 concordant.
2026-05-05 21:07:37 [INFO] riker.phases.phase5_replication: Gene CALB2: survived — Same-tissue replication: 2/2 concordant. Cross-tissue: 0/0 concordant.
2026-05-05 21:07:37 [INFO] riker.phases.phase5_replication: Gene CDKN1C: survived — Same-tissue replication: 2/2 concordant. Cross-tissue: 0/0 concordant.
2026-05-05 21:07:37 [INFO] riker.phases.phase5_replication: Gene FAM13A: survived — Same-tissue replication: 2/2 concordant. Cross-tissue: 0/0 concordant.
2026-05-05 21:07:37 [INFO] riker.phases.phase5_replication: Gene PLA2G4A: survived — Same-tissue replication: 2/2 concordant. Cross-tissue: 0/0 concordant.
2026-05-05 21:07:37 [INFO] riker.phases.phase5_replication: Gene SRPX: survived — Same-tissue replication: 2/2 concordant. Cross-tissue: 0/0 concordant.
2026-05-05 21:07:37 [INFO] riker.phases.phase5_replication: Gene SYNE3: survived — Same-tissue replication: 2/2 concordant. Cross-tissue: 0/0 concordant.
2026-05-05 21:07:37 [INFO] riker.phases.phase5_replication: Gene TGFBR3: survived — Same-tissue replication: 2/2 concordant. Cross-tissue: 0/0 concordant.
2026-05-05 21:07:37 [INFO] riker.phases.phase5_replication: Gene TNS1: survived — Same-tissue replication: 2/2 concordant. Cross-tissue: 0/0 concordant.
2026-05-05 21:07:37 [INFO] riker.phases.phase5_replication: Gene ZBTB16: survived — Same-tissue replication: 2/2 concordant. Cross-tissue: 0/0 concordant.
2026-05-05 21:07:37 [INFO] riker.phases.phase5_replication: Gene ADAMTS5: survived — Same-tissue replication: 2/2 concordant. Cross-tissue: 0/0 concordant.
2026-05-05 21:07:37 [INFO] riker.phases.phase5_replication: Gene CPM: survived — Same-tissue replication: 2/2 concordant. Cross-tissue: 0/0 concordant.
2026-05-05 21:07:37 [INFO] riker.phases.phase5_replication: Gene KLF4: survived — Same-tissue replication: 2/2 concordant. Cross-tissue: 0/0 concordant.
2026-05-05 21:07:37 [INFO] riker.phases.phase5_replication: Gene MTARC1: survived — Same-tissue replication: 2/2 concordant. Cross-tissue: 0/0 concordant.
2026-05-05 21:07:37 [INFO] riker.phases.phase5_replication: Gene PID1: survived — Same-tissue replication: 2/2 concordant. Cross-tissue: 0/0 concordant.
2026-05-05 21:07:37 [INFO] riker.phases.phase5_replication: Gene SEMA3G: survived — Same-tissue replication: 2/2 concordant. Cross-tissue: 0/0 concordant.
2026-05-05 21:07:37 [INFO] riker.phases.phase5_replication: Gene WASF3: survived — Same-tissue replication: 2/2 concordant. Cross-tissue: 0/0 concordant.
2026-05-05 21:07:37 [INFO] riker.phases.phase5_replication: Gene ANGPT1: survived — Same-tissue replication: 2/2 concordant. Cross-tissue: 0/0 concordant.
2026-05-05 21:07:37 [INFO] riker.phases.phase5_replication: Gene BHMT2: survived — Same-tissue replication: 2/2 concordant. Cross-tissue: 0/0 concordant.
2026-05-05 21:07:37 [INFO] riker.phases.phase5_replication: Gene CAV1: survived — Same-tissue replication: 2/2 concordant. Cross-tissue: 0/0 concordant.
2026-05-05 21:07:37 [INFO] riker.phases.phase5_replication: Gene DEPP1: survived — Same-tissue replication: 2/2 concordant. Cross-tissue: 0/0 concordant.
2026-05-05 21:07:37 [INFO] riker.phases.phase5_replication: Gene FMO2: survived — Same-tissue replication: 2/2 concordant. Cross-tissue: 0/0 concordant.
2026-05-05 21:07:37 [INFO] riker.phases.phase5_replication: Gene GPC3: survived — Same-tissue replication: 2/2 concordant. Cross-tissue: 0/0 concordant.
2026-05-05 21:07:37 [INFO] riker.phases.phase5_replication: Gene MYZAP: survived — Same-tissue replication: 2/2 concordant. Cross-tissue: 0/0 concordant.
2026-05-05 21:07:37 [INFO] riker.phases.phase5_replication: Gene NPR3: survived — Same-tissue replication: 2/2 concordant. Cross-tissue: 0/0 concordant.
2026-05-05 21:07:37 [INFO] riker.phases.phase5_replication: Gene PCDH9: survived — Same-tissue replication: 2/2 concordant. Cross-tissue: 0/0 concordant.
2026-05-05 21:07:37 [INFO] riker.phases.phase5_replication: Gene PLAAT3: survived — Same-tissue replication: 2/2 concordant. Cross-tissue: 0/0 concordant.
2026-05-05 21:07:37 [INFO] riker.phases.phase5_replication: Gene SVEP1: survived — Same-tissue replication: 2/2 concordant. Cross-tissue: 0/0 concordant.
2026-05-05 21:07:37 [INFO] riker.phases.phase5_replication: Gene ACADL: survived — Same-tissue replication: 2/2 concordant. Cross-tissue: 0/0 concordant.
2026-05-05 21:07:37 [INFO] riker.phases.phase5_replication: Gene ACSL1: survived — Same-tissue replication: 2/2 concordant. Cross-tissue: 0/0 concordant.
2026-05-05 21:07:37 [INFO] riker.phases.phase5_replication: Gene ALDH1A1: survived — Same-tissue replication: 2/2 concordant. Cross-tissue: 0/0 concordant.
2026-05-05 21:07:37 [INFO] riker.phases.phase5_replication: Gene CDKN2C: survived — Same-tissue replication: 2/2 concordant. Cross-tissue: 0/0 concordant.
2026-05-05 21:07:37 [INFO] riker.phases.phase5_replication: Gene ECM2: survived — Same-tissue replication: 2/2 concordant. Cross-tissue: 0/0 concordant.
2026-05-05 21:07:37 [INFO] riker.phases.phase5_replication: Gene GLYAT: survived — Same-tissue replication: 1/1 concordant. Cross-tissue: 0/0 concordant.
2026-05-05 21:07:37 [INFO] riker.phases.phase5_replication: Gene GNAI1: survived — Same-tissue replication: 2/2 concordant. Cross-tissue: 0/0 concordant.
2026-05-05 21:07:37 [INFO] riker.phases.phase5_replication: Gene HSPB7: survived — Same-tissue replication: 1/1 concordant. Cross-tissue: 0/0 concordant.
2026-05-05 21:07:37 [INFO] riker.phases.phase5_replication: Gene IGFBP6: survived — Same-tissue replication: 2/2 concordant. Cross-tissue: 0/0 concordant.
2026-05-05 21:07:37 [INFO] riker.phases.phase5_replication: Gene MMD: survived — Same-tissue replication: 2/2 concordant. Cross-tissue: 0/0 concordant.
2026-05-05 21:07:37 [INFO] riker.phases.phase5_replication: Gene MME: survived — Same-tissue replication: 2/2 concordant. Cross-tissue: 0/0 concordant.
2026-05-05 21:07:37 [INFO] riker.phases.phase5_replication: Gene HMGXB3: eliminated — Significant opposite direction in same-tissue dataset(s): ['GSE45827', 'GSE65194']. Discovery direction: up.
2026-05-05 21:07:37 [INFO] riker.phases.phase5_replication: Gene SLC1A1: survived — Same-tissue replication: 2/2 concordant. Cross-tissue: 0/0 concordant.
2026-05-05 21:07:37 [INFO] riker.phases.phase5_replication: Gene SUGP1: eliminated — Significant opposite direction in same-tissue dataset(s): ['GSE45827', 'GSE65194']. Discovery direction: up.
2026-05-05 21:07:37 [INFO] riker.phases.phase5_replication: Gene WRAP73: survived — Same-tissue replication: 2/2 concordant. Cross-tissue: 0/0 concordant.
2026-05-05 21:07:37 [INFO] riker.phases.phase5_replication: Gene ANKRD12: survived — Same-tissue replication: 2/2 concordant. Cross-tissue: 0/0 concordant.
2026-05-05 21:07:37 [INFO] riker.phases.phase5_replication: Gene ARL6IP5: survived — Same-tissue replication: 2/2 concordant. Cross-tissue: 0/0 concordant.
2026-05-05 21:07:37 [INFO] riker.phases.phase5_replication: Gene CRBN: survived — Same-tissue replication: 2/2 concordant. Cross-tissue: 0/0 concordant.
2026-05-05 21:07:37 [INFO] riker.phases.phase5_replication: Gene LAMB2: survived — Same-tissue replication: 2/2 concordant. Cross-tissue: 0/0 concordant.
2026-05-05 21:07:37 [INFO] riker.phases.phase5_replication: Gene LMCD1: survived — Same-tissue replication: 2/2 concordant. Cross-tissue: 0/0 concordant.
2026-05-05 21:07:37 [INFO] riker.phases.phase5_replication: Gene MAP4K4: survived — Same-tissue replication: 0/2 concordant. Cross-tissue: 0/0 concordant.
2026-05-05 21:07:37 [INFO] riker.phases.phase5_replication: Gene SFR1: survived — Same-tissue replication: 2/2 concordant. Cross-tissue: 0/0 concordant.
2026-05-05 21:07:37 [INFO] riker.phases.phase5_replication: Gene SH3RF3: survived — Same-tissue replication: 2/2 concordant. Cross-tissue: 0/0 concordant.
2026-05-05 21:07:37 [INFO] riker.phases.phase5_replication: Gene TCN2: survived — Same-tissue replication: 2/2 concordant. Cross-tissue: 0/0 concordant.
2026-05-05 21:07:37 [INFO] riker.phases.phase5_replication: Gene ADGRL2: survived — Same-tissue replication: 2/2 concordant. Cross-tissue: 0/0 concordant.
2026-05-05 21:07:37 [INFO] riker.phases.phase5_replication: Gene C11orf96: survived — Same-tissue replication: 2/2 concordant. Cross-tissue: 0/0 concordant.
2026-05-05 21:07:37 [INFO] riker.phases.phase5_replication: Gene CCL13: survived — Same-tissue replication: 0/2 concordant. Cross-tissue: 0/0 concordant.
2026-05-05 21:07:37 [INFO] riker.phases.phase5_replication: Gene CCNDBP1: survived — Same-tissue replication: 0/2 concordant. Cross-tissue: 0/0 concordant.
2026-05-05 21:07:37 [INFO] riker.phases.phase5_replication: Gene CYSTM1: survived — Same-tissue replication: 2/2 concordant. Cross-tissue: 0/0 concordant.
2026-05-05 21:07:37 [INFO] riker.phases.phase5_replication: Gene GALNT12: survived — Same-tissue replication: 0/2 concordant. Cross-tissue: 0/0 concordant.
2026-05-05 21:07:37 [INFO] riker.phases.phase5_replication: Gene GKAP1: survived — Same-tissue replication: 2/2 concordant. Cross-tissue: 0/0 concordant.
2026-05-05 21:07:37 [INFO] riker.phases.phase5_replication: Gene GPC6: survived — Same-tissue replication: 2/2 concordant. Cross-tissue: 0/0 concordant.
2026-05-05 21:07:37 [INFO] riker.phases.phase5_replication: Gene SOCS2: survived — Same-tissue replication: 2/2 concordant. Cross-tissue: 0/0 concordant.
2026-05-05 21:07:37 [INFO] riker.phases.phase5_replication: Gene CLEC10A: survived — Same-tissue replication: 2/2 concordant. Cross-tissue: 0/0 concordant.
2026-05-05 21:07:37 [INFO] riker.phases.phase5_replication: Gene FAXDC2: survived — Same-tissue replication: 2/2 concordant. Cross-tissue: 0/0 concordant.
2026-05-05 21:07:37 [INFO] riker.phases.phase5_replication: Gene FMO3: eliminated — Significant opposite direction in same-tissue dataset(s): ['GSE45827', 'GSE65194']. Discovery direction: down.
2026-05-05 21:07:37 [INFO] riker.phases.phase5_replication: Gene GIMAP7: survived — Same-tissue replication: 2/2 concordant. Cross-tissue: 0/0 concordant.
2026-05-05 21:07:37 [INFO] riker.phases.phase5_replication: Gene IRS1: survived — Same-tissue replication: 2/2 concordant. Cross-tissue: 0/0 concordant.
2026-05-05 21:07:37 [INFO] riker.phases.phase5_replication: Gene MCTP1: survived — Same-tissue replication: 0/2 concordant. Cross-tissue: 0/0 concordant.
2026-05-05 21:07:37 [INFO] riker.phases.phase5_replication: Gene NFIA: survived — Same-tissue replication: 2/2 concordant. Cross-tissue: 0/0 concordant.
2026-05-05 21:07:37 [INFO] riker.phases.phase5_replication: Gene PLS3: survived — Same-tissue replication: 0/2 concordant. Cross-tissue: 0/0 concordant.
2026-05-05 21:07:37 [INFO] riker.phases.phase5_replication: Gene ARHGEF19: survived — Same-tissue replication: 2/2 concordant. Cross-tissue: 0/0 concordant.
2026-05-05 21:07:37 [INFO] riker.phases.phase5_replication: Gene DPH2: survived — Same-tissue replication: 2/2 concordant. Cross-tissue: 0/0 concordant.
2026-05-05 21:07:37 [INFO] riker.phases.phase5_replication: Gene KRABD5: survived — Same-tissue replication: 2/2 concordant. Cross-tissue: 0/0 concordant.
2026-05-05 21:07:37 [INFO] riker.phases.phase5_replication: Gene MEIS3: survived — Same-tissue replication: 0/2 concordant. Cross-tissue: 0/0 concordant.
2026-05-05 21:07:37 [INFO] riker.phases.phase5_replication: Gene RPL8: survived — Same-tissue replication: 2/2 concordant. Cross-tissue: 0/0 concordant.
2026-05-05 21:07:37 [INFO] riker.phases.phase5_replication: Gene SRP72: survived — Same-tissue replication: 2/2 concordant. Cross-tissue: 0/0 concordant.
2026-05-05 21:07:37 [INFO] riker.phases.phase5_replication: Gene SRXN1: survived — Same-tissue replication: 2/2 concordant. Cross-tissue: 0/0 concordant.
2026-05-05 21:07:37 [INFO] riker.phases.phase5_replication: Gene TATDN2: survived — Same-tissue replication: 1/2 concordant. Cross-tissue: 0/0 concordant.
2026-05-05 21:07:37 [INFO] riker.phases.phase5_replication: Gene TPMT: survived — Same-tissue replication: 0/2 concordant. Cross-tissue: 0/0 concordant.
2026-05-05 21:07:37 [INFO] riker.phases.phase5_replication: Gene USP7: survived — Same-tissue replication: 2/2 concordant. Cross-tissue: 0/0 concordant.
2026-05-05 21:07:37 [INFO] riker.phases.phase5_replication: Gene ZNF213: survived — Same-tissue replication: 2/2 concordant. Cross-tissue: 0/0 concordant.
2026-05-05 21:07:37 [INFO] riker.phases.phase5_replication: Gene AFDN: survived — Same-tissue replication: 0/2 concordant. Cross-tissue: 0/0 concordant.
2026-05-05 21:07:37 [INFO] riker.phases.phase5_replication: Gene F2R: survived — Same-tissue replication: 2/2 concordant. Cross-tissue: 0/0 concordant.
2026-05-05 21:07:37 [INFO] riker.phases.phase5_replication: Gene GDI1: survived — Same-tissue replication: 2/2 concordant. Cross-tissue: 0/0 concordant.
2026-05-05 21:07:37 [INFO] riker.phases.phase5_replication: Gene HAT1: survived — Same-tissue replication: 2/2 concordant. Cross-tissue: 0/0 concordant.
2026-05-05 21:07:37 [INFO] riker.phases.phase5_replication: Gene HNRNPL: survived — Same-tissue replication: 0/2 concordant. Cross-tissue: 0/0 concordant.
2026-05-05 21:07:37 [INFO] riker.phases.phase5_replication: Gene HPS6: survived — Same-tissue replication: 0/2 concordant. Cross-tissue: 0/0 concordant.
2026-05-05 21:07:37 [INFO] riker.phases.phase5_replication: Gene PDCD11: survived — Same-tissue replication: 2/2 concordant. Cross-tissue: 0/0 concordant.
2026-05-05 21:07:37 [INFO] riker.phases.phase5_replication: Gene PSEN2: survived — Same-tissue replication: 2/2 concordant. Cross-tissue: 0/0 concordant.
2026-05-05 21:07:37 [INFO] riker.phases.phase5_replication: Gene RER1: survived — Same-tissue replication: 2/2 concordant. Cross-tissue: 0/0 concordant.
2026-05-05 21:07:37 [INFO] riker.phases.phase5_replication: Gene ZFP30: survived — Same-tissue replication: 2/2 concordant. Cross-tissue: 0/0 concordant.
2026-05-05 21:07:37 [INFO] riker.phases.phase5_replication: Gene DDRGK1: survived — Same-tissue replication: 0/2 concordant. Cross-tissue: 0/0 concordant.
2026-05-05 21:07:37 [INFO] riker.phases.phase5_replication: Gene KDELR1: eliminated — Significant opposite direction in same-tissue dataset(s): ['GSE45827', 'GSE65194']. Discovery direction: up.
2026-05-05 21:07:37 [INFO] riker.phases.phase5_replication: Gene MAGOHB: survived — Same-tissue replication: 2/2 concordant. Cross-tissue: 0/0 concordant.
2026-05-05 21:07:37 [INFO] riker.phases.phase5_replication: Gene MTHFD2L: survived — Same-tissue replication: 2/2 concordant. Cross-tissue: 0/0 concordant.
2026-05-05 21:07:37 [INFO] riker.phases.phase5_replication: Gene RUSF1: survived — Same-tissue replication: 1/2 concordant. Cross-tissue: 0/0 concordant.
2026-05-05 21:07:37 [INFO] riker.phases.phase5_replication: Gene RYBP: survived — Same-tissue replication: 2/2 concordant. Cross-tissue: 0/0 concordant.
2026-05-05 21:07:37 [INFO] riker.phases.phase5_replication: Gene SLF2: survived — Same-tissue replication: 2/2 concordant. Cross-tissue: 0/0 concordant.
2026-05-05 21:07:37 [INFO] riker.phases.phase5_replication: Gene THUMPD2: survived — Same-tissue replication: 2/2 concordant. Cross-tissue: 0/0 concordant.
2026-05-05 21:07:37 [INFO] riker.phases.phase5_replication: Gene TKFC: survived — Same-tissue replication: 2/2 concordant. Cross-tissue: 0/0 concordant.
2026-05-05 21:07:37 [INFO] riker.phases.phase5_replication: Gene ZNF148: survived — Same-tissue replication: 2/2 concordant. Cross-tissue: 0/0 concordant.
2026-05-05 21:07:37 [INFO] riker.phases.phase5_replication: Gene CCN4: survived — Same-tissue replication: 2/2 concordant. Cross-tissue: 0/0 concordant.
2026-05-05 21:07:37 [INFO] riker.phases.phase5_replication: Gene CDK1: survived — Same-tissue replication: 2/2 concordant. Cross-tissue: 0/0 concordant.
2026-05-05 21:07:37 [INFO] riker.phases.phase5_replication: Gene CENPF: survived — Same-tissue replication: 2/2 concordant. Cross-tissue: 0/0 concordant.
2026-05-05 21:07:37 [INFO] riker.phases.phase5_replication: Gene GINS1: survived — Same-tissue replication: 2/2 concordant. Cross-tissue: 0/0 concordant.
2026-05-05 21:07:37 [INFO] riker.phases.phase5_replication: Gene GPRC5A: survived — Same-tissue replication: 2/2 concordant. Cross-tissue: 0/0 concordant.
2026-05-05 21:07:37 [INFO] riker.phases.phase5_replication: Gene H2BC5: survived — Same-tissue replication: 2/2 concordant. Cross-tissue: 0/0 concordant.
2026-05-05 21:07:37 [INFO] riker.phases.phase5_replication: Gene MMP11: survived — Same-tissue replication: 2/2 concordant. Cross-tissue: 0/0 concordant.
2026-05-05 21:07:37 [INFO] riker.phases.phase5_replication: Gene SACK1H: survived — Same-tissue replication: 2/2 concordant. Cross-tissue: 0/0 concordant.
2026-05-05 21:07:37 [INFO] riker.phases.phase5_replication: Gene AP1M2: survived — Same-tissue replication: 2/2 concordant. Cross-tissue: 0/0 concordant.
2026-05-05 21:07:37 [INFO] riker.phases.phase5_replication: Gene BAIAP2L1: survived — Same-tissue replication: 2/2 concordant. Cross-tissue: 0/0 concordant.
2026-05-05 21:07:37 [INFO] riker.phases.phase5_replication: Gene CCNB1: survived — Same-tissue replication: 2/2 concordant. Cross-tissue: 0/0 concordant.
2026-05-05 21:07:37 [INFO] riker.phases.phase5_replication: Gene CENPU: survived — Same-tissue replication: 2/2 concordant. Cross-tissue: 0/0 concordant.
2026-05-05 21:07:37 [INFO] riker.phases.phase5_replication: Gene FBXL16: survived — Same-tissue replication: 2/2 concordant. Cross-tissue: 0/0 concordant.
2026-05-05 21:07:37 [INFO] riker.phases.phase5_replication: Gene NPNT: survived — Same-tissue replication: 2/2 concordant. Cross-tissue: 0/0 concordant.
2026-05-05 21:07:37 [INFO] riker.phases.phase5_replication: Gene PTTG1: survived — Same-tissue replication: 2/2 concordant. Cross-tissue: 0/0 concordant.
2026-05-05 21:07:37 [INFO] riker.phases.phase5_replication: Gene SYNE4: survived — Same-tissue replication: 2/2 concordant. Cross-tissue: 0/0 concordant.
2026-05-05 21:07:37 [INFO] riker.phases.phase5_replication: Gene TPX2: survived — Same-tissue replication: 2/2 concordant. Cross-tissue: 0/0 concordant.
2026-05-05 21:07:37 [INFO] riker.phases.phase5_replication: Gene UBE2C: survived — Same-tissue replication: 2/2 concordant. Cross-tissue: 0/0 concordant.
2026-05-05 21:07:37 [INFO] riker.phases.phase5_replication: Gene F12: survived — Same-tissue replication: 2/2 concordant. Cross-tissue: 0/0 concordant.
2026-05-05 21:07:37 [INFO] riker.phases.phase5_replication: Gene KCNK1: survived — Same-tissue replication: 2/2 concordant. Cross-tissue: 0/0 concordant.
2026-05-05 21:07:37 [INFO] riker.phases.phase5_replication: Gene MAPK13: survived — Same-tissue replication: 2/2 concordant. Cross-tissue: 0/0 concordant.
2026-05-05 21:07:37 [INFO] riker.phases.phase5_replication: Gene MICAL2: survived — Same-tissue replication: 2/2 concordant. Cross-tissue: 0/0 concordant.
2026-05-05 21:07:37 [INFO] riker.phases.phase5_replication: Gene MMP1: survived — Same-tissue replication: 2/2 concordant. Cross-tissue: 0/0 concordant.
2026-05-05 21:07:37 [INFO] riker.phases.phase5_replication: Gene PABPC1L: survived — Same-tissue replication: 2/2 concordant. Cross-tissue: 0/0 concordant.
2026-05-05 21:07:37 [INFO] riker.phases.phase5_replication: Gene TK1: survived — Same-tissue replication: 2/2 concordant. Cross-tissue: 0/0 concordant.
2026-05-05 21:07:37 [INFO] riker.phases.phase5_replication: Gene TMED3: survived — Same-tissue replication: 2/2 concordant. Cross-tissue: 0/0 concordant.
2026-05-05 21:07:37 [INFO] riker.phases.phase5_replication: Gene TMEM125: survived — Same-tissue replication: 2/2 concordant. Cross-tissue: 0/0 concordant.
2026-05-05 21:07:37 [INFO] riker.phases.phase5_replication: Gene TOP6BL: survived — Same-tissue replication: 2/2 concordant. Cross-tissue: 0/0 concordant.
2026-05-05 21:07:37 [INFO] riker.phases.phase5_replication: Gene UBE2T: survived — Same-tissue replication: 2/2 concordant. Cross-tissue: 0/0 concordant.
2026-05-05 21:07:37 [INFO] riker.phases.phase5_replication: Gene ARNT2: survived — Same-tissue replication: 2/2 concordant. Cross-tissue: 0/0 concordant.
2026-05-05 21:07:37 [INFO] riker.phases.phase5_replication: Gene CBX4: survived — Same-tissue replication: 2/2 concordant. Cross-tissue: 0/0 concordant.
2026-05-05 21:07:37 [INFO] riker.phases.phase5_replication: Gene LRRC1: survived — Same-tissue replication: 2/2 concordant. Cross-tissue: 0/0 concordant.
2026-05-05 21:07:37 [INFO] riker.phases.phase5_replication: Gene PRKCZ: survived — Same-tissue replication: 1/2 concordant. Cross-tissue: 0/0 concordant.
2026-05-05 21:07:37 [INFO] riker.phases.phase5_replication: Gene SLC44A4: survived — Same-tissue replication: 2/2 concordant. Cross-tissue: 0/0 concordant.
2026-05-05 21:07:37 [INFO] riker.phases.phase5_replication: Gene TRIB3: survived — Same-tissue replication: 2/2 concordant. Cross-tissue: 0/0 concordant.
2026-05-05 21:07:37 [INFO] riker.phases.phase5_replication: Gene ATPAF1: survived — Same-tissue replication: 0/2 concordant. Cross-tissue: 0/0 concordant.
2026-05-05 21:07:37 [INFO] riker.phases.phase5_replication: Gene DUSP14: survived — Same-tissue replication: 0/2 concordant. Cross-tissue: 0/0 concordant.
2026-05-05 21:07:37 [INFO] riker.phases.phase5_replication: Gene EPHX2: survived — Same-tissue replication: 2/2 concordant. Cross-tissue: 0/0 concordant.
2026-05-05 21:07:37 [INFO] riker.phases.phase5_replication: Gene HEATR5A: eliminated — Significant opposite direction in same-tissue dataset(s): ['GSE45827', 'GSE65194']. Discovery direction: down.
2026-05-05 21:07:37 [INFO] riker.phases.phase5_replication: Gene MAP3K8: eliminated — Significant opposite direction in same-tissue dataset(s): ['GSE65194']. Discovery direction: down.
2026-05-05 21:07:37 [INFO] riker.phases.phase5_replication: Gene NIPSNAP3A: eliminated — Significant opposite direction in same-tissue dataset(s): ['GSE45827', 'GSE65194']. Discovery direction: down.
2026-05-05 21:07:37 [INFO] riker.phases.phase5_replication: Gene STEAP2: survived — Same-tissue replication: 2/2 concordant. Cross-tissue: 0/0 concordant.
2026-05-05 21:07:37 [INFO] riker.phases.phase5_replication: Gene CDK2: survived — Same-tissue replication: 2/2 concordant. Cross-tissue: 0/0 concordant.
2026-05-05 21:07:37 [INFO] riker.phases.phase5_replication: Gene CSTF2: survived — Same-tissue replication: 2/2 concordant. Cross-tissue: 0/0 concordant.
2026-05-05 21:07:37 [INFO] riker.phases.phase5_replication: Gene SMPD2: survived — Same-tissue replication: 2/2 concordant. Cross-tissue: 0/0 concordant.
2026-05-05 21:07:37 [INFO] riker.phases.phase5_replication: Gene TRAK1: eliminated — Significant opposite direction in same-tissue dataset(s): ['GSE45827', 'GSE65194']. Discovery direction: up.
2026-05-05 21:07:37 [INFO] riker.phases.phase5_replication: Gene HSPBP1: survived — Same-tissue replication: 2/2 concordant. Cross-tissue: 0/0 concordant.
2026-05-05 21:07:37 [INFO] riker.phases.phase5_replication: Gene LSG1: survived — Same-tissue replication: 2/2 concordant. Cross-tissue: 0/0 concordant.
2026-05-05 21:07:37 [INFO] riker.phases.phase5_replication: Gene TEX10: survived — Same-tissue replication: 2/2 concordant. Cross-tissue: 0/0 concordant.
2026-05-05 21:07:37 [INFO] riker.phases.phase5_replication: Gene AURKA: survived — Same-tissue replication: 2/2 concordant. Cross-tissue: 0/0 concordant.
2026-05-05 21:07:37 [INFO] riker.phases.phase5_replication: Gene BIRC5: survived — Same-tissue replication: 2/2 concordant. Cross-tissue: 0/0 concordant.
2026-05-05 21:07:37 [INFO] riker.phases.phase5_replication: Gene CELSR1: survived — Same-tissue replication: 2/2 concordant. Cross-tissue: 0/0 concordant.
2026-05-05 21:07:37 [INFO] riker.phases.phase5_replication: Gene FGFR3: survived — Same-tissue replication: 2/2 concordant. Cross-tissue: 0/0 concordant.
2026-05-05 21:07:37 [INFO] riker.phases.phase5_replication: Gene INHBA: survived — Same-tissue replication: 2/2 concordant. Cross-tissue: 0/0 concordant.
2026-05-05 21:07:37 [INFO] riker.phases.phase5_replication: Gene NEK2: survived — Same-tissue replication: 2/2 concordant. Cross-tissue: 0/0 concordant.
2026-05-05 21:07:37 [INFO] riker.phases.phase5_replication: Gene OVOL2: survived — Same-tissue replication: 2/2 concordant. Cross-tissue: 0/0 concordant.
2026-05-05 21:07:37 [INFO] riker.phases.phase5_replication: Gene PARD6B: survived — Same-tissue replication: 2/2 concordant. Cross-tissue: 0/0 concordant.
2026-05-05 21:07:37 [INFO] riker.phases.phase5_replication: Gene SERINC2: survived — Same-tissue replication: 2/2 concordant. Cross-tissue: 0/0 concordant.
2026-05-05 21:07:37 [INFO] riker.phases.phase5_replication: Gene SSX2IP: survived — Same-tissue replication: 2/2 concordant. Cross-tissue: 0/0 concordant.
2026-05-05 21:07:38 [INFO] riker.phases.phase5_replication: Gene CHML: survived — Same-tissue replication: 2/2 concordant. Cross-tissue: 0/0 concordant.
2026-05-05 21:07:38 [INFO] riker.phases.phase5_replication: Gene ERMP1: survived — Same-tissue replication: 2/2 concordant. Cross-tissue: 0/0 concordant.
2026-05-05 21:07:38 [INFO] riker.phases.phase5_replication: Gene H2BC4: survived — Same-tissue replication: 2/2 concordant. Cross-tissue: 0/0 concordant.
2026-05-05 21:07:38 [INFO] riker.phases.phase5_replication: Gene JPT2: survived — Same-tissue replication: 2/2 concordant. Cross-tissue: 0/0 concordant.
2026-05-05 21:07:38 [INFO] riker.phases.phase5_replication: Gene KCTD15: survived — Same-tissue replication: 2/2 concordant. Cross-tissue: 0/0 concordant.
2026-05-05 21:07:38 [INFO] riker.phases.phase5_replication: Gene MCM4: survived — Same-tissue replication: 2/2 concordant. Cross-tissue: 0/0 concordant.
2026-05-05 21:07:38 [INFO] riker.phases.phase5_replication: Gene NUP210: survived — Same-tissue replication: 2/2 concordant. Cross-tissue: 0/0 concordant.
2026-05-05 21:07:38 [INFO] riker.phases.phase5_replication: Gene RAB26: survived — Same-tissue replication: 2/2 concordant. Cross-tissue: 0/0 concordant.
2026-05-05 21:07:38 [INFO] riker.phases.phase5_replication: Gene REEP1: survived — Same-tissue replication: 2/2 concordant. Cross-tissue: 0/0 concordant.
2026-05-05 21:07:38 [INFO] riker.phases.phase5_replication: Gene RUSC1: survived — Same-tissue replication: 2/2 concordant. Cross-tissue: 0/0 concordant.
2026-05-05 21:07:38 [INFO] riker.phases.phase5_replication: Gene SHANK2: survived — Same-tissue replication: 2/2 concordant. Cross-tissue: 0/0 concordant.
2026-05-05 21:07:38 [INFO] riker.phases.phase5_replication: Gene TET3: survived — Same-tissue replication: 2/2 concordant. Cross-tissue: 0/0 concordant.
2026-05-05 21:07:38 [INFO] riker.phases.phase5_replication: Gene CLK2: survived — Same-tissue replication: 2/2 concordant. Cross-tissue: 0/0 concordant.
2026-05-05 21:07:38 [INFO] riker.phases.phase5_replication: Gene CTPS2: survived — Same-tissue replication: 2/2 concordant. Cross-tissue: 0/0 concordant.
2026-05-05 21:07:38 [INFO] riker.phases.phase5_replication: Gene DYNLT2B: survived — Same-tissue replication: 2/2 concordant. Cross-tissue: 0/0 concordant.
2026-05-05 21:07:38 [INFO] riker.phases.phase5_replication: Gene HDGF: survived — Same-tissue replication: 2/2 concordant. Cross-tissue: 0/0 concordant.
2026-05-05 21:07:38 [INFO] riker.phases.phase5_replication: Gene LRRC59: survived — Same-tissue replication: 2/2 concordant. Cross-tissue: 0/0 concordant.
2026-05-05 21:07:38 [INFO] riker.phases.phase5_replication: Gene MAPKAPK2: survived — Same-tissue replication: 2/2 concordant. Cross-tissue: 0/0 concordant.
2026-05-05 21:07:38 [INFO] riker.phases.phase5_replication: Gene NMRAL1: survived — Same-tissue replication: 2/2 concordant. Cross-tissue: 0/0 concordant.
2026-05-05 21:07:38 [INFO] riker.phases.phase5_replication: Gene PIGU: survived — Same-tissue replication: 2/2 concordant. Cross-tissue: 0/0 concordant.
2026-05-05 21:07:38 [INFO] riker.phases.phase5_replication: Gene PRPF19: survived — Same-tissue replication: 2/2 concordant. Cross-tissue: 0/0 concordant.
2026-05-05 21:07:38 [INFO] riker.phases.phase5_replication: Gene RND1: survived — Same-tissue replication: 2/2 concordant. Cross-tissue: 0/0 concordant.
2026-05-05 21:07:38 [INFO] riker.phases.phase5_replication: Gene SGPL1: survived — Same-tissue replication: 2/2 concordant. Cross-tissue: 0/0 concordant.
2026-05-05 21:07:38 [INFO] riker.phases.phase5_replication: Gene ACTR5: survived — Same-tissue replication: 2/2 concordant. Cross-tissue: 0/0 concordant.
2026-05-05 21:07:38 [INFO] riker.phases.phase5_replication: Gene RBM39: survived — Same-tissue replication: 2/2 concordant. Cross-tissue: 0/0 concordant.
2026-05-05 21:07:38 [INFO] riker.phases.phase5_replication: Gene TBC1D7: survived — Same-tissue replication: 2/2 concordant. Cross-tissue: 0/0 concordant.
2026-05-05 21:07:38 [INFO] riker.phases.phase5_replication: Gene AZIN2: survived — Same-tissue replication: 2/2 concordant. Cross-tissue: 0/0 concordant.
2026-05-05 21:07:38 [INFO] riker.phases.phase5_replication: Gene GMPS: survived — Same-tissue replication: 2/2 concordant. Cross-tissue: 0/0 concordant.
2026-05-05 21:07:38 [INFO] riker.phases.phase5_replication: Gene GSTCD: survived — Same-tissue replication: 2/2 concordant. Cross-tissue: 0/0 concordant.
2026-05-05 21:07:38 [INFO] riker.phases.phase5_replication: Gene HSPE1: survived — Same-tissue replication: 2/2 concordant. Cross-tissue: 0/0 concordant.
2026-05-05 21:07:38 [INFO] riker.phases.phase5_replication: Gene LMAN2: survived — Same-tissue replication: 2/2 concordant. Cross-tissue: 0/0 concordant.
2026-05-05 21:07:38 [INFO] riker.phases.phase5_replication: Gene NR2C2AP: survived — Same-tissue replication: 2/2 concordant. Cross-tissue: 0/0 concordant.
2026-05-05 21:07:38 [INFO] riker.phases.phase5_replication: Gene NUP85: survived — Same-tissue replication: 2/2 concordant. Cross-tissue: 0/0 concordant.
2026-05-05 21:07:38 [INFO] riker.phases.phase5_replication: Gene OGFOD2: survived — Same-tissue replication: 2/2 concordant. Cross-tissue: 0/0 concordant.
2026-05-05 21:07:38 [INFO] riker.phases.phase5_replication: Gene SELENOH: survived — Same-tissue replication: 2/2 concordant. Cross-tissue: 0/0 concordant.
2026-05-05 21:07:38 [INFO] riker.phases.phase5_replication: Gene SLC25A17: survived — Same-tissue replication: 2/2 concordant. Cross-tissue: 0/0 concordant.
2026-05-05 21:07:38 [INFO] riker.phases.phase5_replication: Gene SMIM29: survived — Same-tissue replication: 2/2 concordant. Cross-tissue: 0/0 concordant.
2026-05-05 21:07:38 [INFO] riker.phases.phase5_replication: Gene ZNF443: survived — Same-tissue replication: 2/2 concordant. Cross-tissue: 0/0 concordant.
2026-05-05 21:07:38 [INFO] riker.phases.phase5_replication: Gene AK3: survived — Same-tissue replication: 0/2 concordant. Cross-tissue: 0/0 concordant.
2026-05-05 21:07:38 [INFO] riker.phases.phase5_replication: Gene AKT3: survived — Same-tissue replication: 2/2 concordant. Cross-tissue: 0/0 concordant.
2026-05-05 21:07:38 [INFO] riker.phases.phase5_replication: Gene AUH: survived — Same-tissue replication: 2/2 concordant. Cross-tissue: 0/0 concordant.
2026-05-05 21:07:38 [INFO] riker.phases.phase5_replication: Gene DECR1: survived — Same-tissue replication: 0/2 concordant. Cross-tissue: 0/0 concordant.
2026-05-05 21:07:38 [INFO] riker.phases.phase5_replication: Gene FGF7: survived — Same-tissue replication: 2/2 concordant. Cross-tissue: 0/0 concordant.
2026-05-05 21:07:38 [INFO] riker.phases.phase5_replication: Gene LPAR1: survived — Same-tissue replication: 2/2 concordant. Cross-tissue: 0/0 concordant.
2026-05-05 21:07:38 [INFO] riker.phases.phase5_replication: Gene MDH1: survived — Same-tissue replication: 0/2 concordant. Cross-tissue: 0/0 concordant.
2026-05-05 21:07:38 [INFO] riker.phases.phase5_replication: Gene MYO1C: survived — Same-tissue replication: 2/2 concordant. Cross-tissue: 0/0 concordant.
2026-05-05 21:07:38 [INFO] riker.phases.phase5_replication: Gene NCOA7: survived — Same-tissue replication: 1/2 concordant. Cross-tissue: 0/0 concordant.
2026-05-05 21:07:38 [INFO] riker.phases.phase5_replication: Gene PRRG1: survived — Same-tissue replication: 2/2 concordant. Cross-tissue: 0/0 concordant.
2026-05-05 21:07:38 [INFO] riker.phases.phase5_replication: Gene RABL3: eliminated — Significant opposite direction in same-tissue dataset(s): ['GSE45827', 'GSE65194']. Discovery direction: down.
2026-05-05 21:07:38 [INFO] riker.phases.phase5_replication: Gene RASSF3: eliminated — Significant opposite direction in same-tissue dataset(s): ['GSE45827', 'GSE65194']. Discovery direction: down.
2026-05-05 21:07:38 [INFO] riker.phases.phase5_replication: Gene STRADB: survived — Same-tissue replication: 2/2 concordant. Cross-tissue: 0/0 concordant.
2026-05-05 21:07:38 [INFO] riker.phases.phase5_replication: Gene TSC22D3: survived — Same-tissue replication: 2/2 concordant. Cross-tissue: 0/0 concordant.
2026-05-05 21:07:38 [INFO] riker.phases.phase5_replication: Gene BTBD6: survived — Same-tissue replication: 2/2 concordant. Cross-tissue: 0/0 concordant.
2026-05-05 21:07:38 [INFO] riker.phases.phase5_replication: Gene COX14: survived — Same-tissue replication: 2/2 concordant. Cross-tissue: 0/0 concordant.
2026-05-05 21:07:38 [INFO] riker.phases.phase5_replication: Gene HABP4: survived — Same-tissue replication: 2/2 concordant. Cross-tissue: 0/0 concordant.
2026-05-05 21:07:38 [INFO] riker.phases.phase5_replication: Gene LIMS4: survived — Same-tissue replication: 0/2 concordant. Cross-tissue: 0/0 concordant.
2026-05-05 21:07:38 [INFO] riker.phases.phase5_replication: Gene LPAR6: survived — Same-tissue replication: 2/2 concordant. Cross-tissue: 0/0 concordant.
2026-05-05 21:07:38 [INFO] riker.phases.phase5_replication: Gene PNPLA2: survived — Same-tissue replication: 2/2 concordant. Cross-tissue: 0/0 concordant.
2026-05-05 21:07:38 [INFO] riker.phases.phase5_replication: Gene ECHS1: survived — Same-tissue replication: 2/2 concordant. Cross-tissue: 0/0 concordant.
2026-05-05 21:07:38 [INFO] riker.phases.phase5_replication: Gene FGL2: survived — Same-tissue replication: 2/2 concordant. Cross-tissue: 0/0 concordant.
2026-05-05 21:07:38 [INFO] riker.phases.phase5_replication: Gene HOXA10: survived — Same-tissue replication: 2/2 concordant. Cross-tissue: 0/0 concordant.
2026-05-05 21:07:38 [INFO] riker.phases.phase5_replication: Gene NPY5R: survived — Same-tissue replication: 1/1 concordant. Cross-tissue: 0/0 concordant.
2026-05-05 21:07:38 [INFO] riker.phases.phase5_replication: Gene PEMT: survived — Same-tissue replication: 2/2 concordant. Cross-tissue: 0/0 concordant.
2026-05-05 21:07:38 [INFO] riker.phases.phase5_replication: Gene PEX19: survived — Same-tissue replication: 2/2 concordant. Cross-tissue: 0/0 concordant.
2026-05-05 21:07:38 [INFO] riker.phases.phase5_replication: Gene SEPTIN11: survived — Same-tissue replication: 0/2 concordant. Cross-tissue: 0/0 concordant.
2026-05-05 21:07:38 [INFO] riker.phases.phase5_replication: Gene CAVIN3: survived — Same-tissue replication: 2/2 concordant. Cross-tissue: 0/0 concordant.
2026-05-05 21:07:38 [INFO] riker.phases.phase5_replication: Gene CEBPB: eliminated — Significant opposite direction in same-tissue dataset(s): ['GSE65194']. Discovery direction: down.
2026-05-05 21:07:38 [INFO] riker.phases.phase5_replication: Gene DLD: eliminated — Significant opposite direction in same-tissue dataset(s): ['GSE45827', 'GSE65194']. Discovery direction: down.
2026-05-05 21:07:38 [INFO] riker.phases.phase5_replication: Gene FBXL5: survived — Same-tissue replication: 0/2 concordant. Cross-tissue: 0/0 concordant.
2026-05-05 21:07:38 [INFO] riker.phases.phase5_replication: Gene HIGD1B: survived — Same-tissue replication: 1/1 concordant. Cross-tissue: 0/0 concordant.
2026-05-05 21:07:38 [INFO] riker.phases.phase5_replication: Gene JUN: survived — Same-tissue replication: 2/2 concordant. Cross-tissue: 0/0 concordant.
2026-05-05 21:07:38 [INFO] riker.phases.phase5_replication: Gene MCCC1: survived — Same-tissue replication: 1/2 concordant. Cross-tissue: 0/0 concordant.
2026-05-05 21:07:38 [INFO] riker.phases.phase5_replication: Gene ME3: survived — Same-tissue replication: 2/2 concordant. Cross-tissue: 0/0 concordant.
2026-05-05 21:07:38 [INFO] riker.phases.phase5_replication: Gene NDRG1: survived — Same-tissue replication: 2/2 concordant. Cross-tissue: 0/0 concordant.
2026-05-05 21:07:38 [INFO] riker.phases.phase5_replication: Gene NUAK1: survived — Same-tissue replication: 2/2 concordant. Cross-tissue: 0/0 concordant.
2026-05-05 21:07:38 [INFO] riker.phases.phase5_replication: Gene PHACTR2: eliminated — Significant opposite direction in same-tissue dataset(s): ['GSE45827', 'GSE65194']. Discovery direction: down.
2026-05-05 21:07:38 [INFO] riker.phases.phase5_replication: Gene RGS3: survived — Same-tissue replication: 2/2 concordant. Cross-tissue: 0/0 concordant.
2026-05-05 21:07:38 [INFO] riker.phases.phase5_replication: Gene HYI: survived — Same-tissue replication: 2/2 concordant. Cross-tissue: 0/0 concordant.
2026-05-05 21:07:38 [INFO] riker.phases.phase5_replication: Gene ISCA1: survived — Same-tissue replication: 0/2 concordant. Cross-tissue: 0/0 concordant.
2026-05-05 21:07:38 [INFO] riker.phases.phase5_replication: Gene METTL5: eliminated — Significant opposite direction in same-tissue dataset(s): ['GSE45827', 'GSE65194']. Discovery direction: down.
2026-05-05 21:07:38 [INFO] riker.phases.phase5_replication: Gene MT1E: survived — Same-tissue replication: 2/2 concordant. Cross-tissue: 0/0 concordant.
2026-05-05 21:07:38 [INFO] riker.phases.phase5_replication: Gene RNF41: eliminated — Significant opposite direction in same-tissue dataset(s): ['GSE45827', 'GSE65194']. Discovery direction: down.
2026-05-05 21:07:38 [INFO] riker.phases.phase5_replication: Gene S100A10: survived — Same-tissue replication: 0/2 concordant. Cross-tissue: 0/0 concordant.
2026-05-05 21:07:38 [INFO] riker.phases.phase5_replication: Gene SAR1A: survived — Same-tissue replication: 2/2 concordant. Cross-tissue: 0/0 concordant.
2026-05-05 21:07:38 [INFO] riker.phases.phase5_replication: Gene CD93: survived — Same-tissue replication: 0/2 concordant. Cross-tissue: 0/0 concordant.
2026-05-05 21:07:38 [INFO] riker.phases.phase5_replication: Gene CDV3: eliminated — Significant opposite direction in same-tissue dataset(s): ['GSE45827', 'GSE65194']. Discovery direction: down.
2026-05-05 21:07:38 [INFO] riker.phases.phase5_replication: Gene CYRIA: survived — Same-tissue replication: 2/2 concordant. Cross-tissue: 0/0 concordant.
2026-05-05 21:07:38 [INFO] riker.phases.phase5_replication: Gene GAS6: survived — Same-tissue replication: 2/2 concordant. Cross-tissue: 0/0 concordant.
2026-05-05 21:07:38 [INFO] riker.phases.phase5_replication: Gene LRRC32: survived — Same-tissue replication: 0/2 concordant. Cross-tissue: 0/0 concordant.
2026-05-05 21:07:38 [INFO] riker.phases.phase5_replication: Gene SETD3: survived — Same-tissue replication: 2/2 concordant. Cross-tissue: 0/0 concordant.
2026-05-05 21:07:38 [INFO] riker.phases.phase5_replication: Gene SLC12A6: survived — Same-tissue replication: 2/2 concordant. Cross-tissue: 0/0 concordant.
2026-05-05 21:07:38 [INFO] riker.phases.phase5_replication: Gene TCF4: survived — Same-tissue replication: 2/2 concordant. Cross-tissue: 0/0 concordant.
2026-05-05 21:07:38 [INFO] riker.phases.phase5_replication: Gene ADIPOR2: eliminated — Significant opposite direction in same-tissue dataset(s): ['GSE65194']. Discovery direction: down.
2026-05-05 21:07:38 [INFO] riker.phases.phase5_replication: Gene ALDH4A1: survived — Same-tissue replication: 2/2 concordant. Cross-tissue: 0/0 concordant.
2026-05-05 21:07:38 [INFO] riker.phases.phase5_replication: Gene COL4A1: survived — Same-tissue replication: 0/2 concordant. Cross-tissue: 0/0 concordant.
2026-05-05 21:07:38 [INFO] riker.phases.phase5_replication: Gene CRYL1: survived — Same-tissue replication: 2/2 concordant. Cross-tissue: 0/0 concordant.
2026-05-05 21:07:38 [INFO] riker.phases.phase5_replication: Gene DSE: survived — Same-tissue replication: 0/2 concordant. Cross-tissue: 0/0 concordant.
2026-05-05 21:07:38 [INFO] riker.phases.phase5_replication: Gene EGR1: survived — Same-tissue replication: 0/2 concordant. Cross-tissue: 0/0 concordant.
2026-05-05 21:07:38 [INFO] riker.phases.phase5_replication: Gene ETF1: eliminated — Significant opposite direction in same-tissue dataset(s): ['GSE45827', 'GSE65194']. Discovery direction: down.
2026-05-05 21:07:38 [INFO] riker.phases.phase5_replication: Gene GPX1: survived — Same-tissue replication: 2/2 concordant. Cross-tissue: 0/0 concordant.
2026-05-05 21:07:38 [INFO] riker.phases.phase5_replication: Gene HOXB7: eliminated — Significant opposite direction in same-tissue dataset(s): ['GSE65194']. Discovery direction: down.
2026-05-05 21:07:38 [INFO] riker.phases.phase5_replication: Gene IL6R: survived — Same-tissue replication: 2/2 concordant. Cross-tissue: 0/0 concordant.
2026-05-05 21:07:38 [INFO] riker.phases.phase5_replication: Gene LONRF1: survived — Same-tissue replication: 2/2 concordant. Cross-tissue: 0/0 concordant.
2026-05-05 21:07:38 [INFO] riker.phases.phase5_replication: Gene LPIN1: survived — Same-tissue replication: 2/2 concordant. Cross-tissue: 0/0 concordant.
2026-05-05 21:07:38 [INFO] riker.phases.phase5_replication: Gene MGST3: eliminated — Significant opposite direction in same-tissue dataset(s): ['GSE45827', 'GSE65194']. Discovery direction: down.
2026-05-05 21:07:38 [INFO] riker.phases.phase5_replication: Gene MT1H: survived — Same-tissue replication: 2/2 concordant. Cross-tissue: 0/0 concordant.
2026-05-05 21:07:38 [INFO] riker.phases.phase5_replication: Gene MTMR12: survived — Same-tissue replication: 2/2 concordant. Cross-tissue: 0/0 concordant.
2026-05-05 21:07:38 [INFO] riker.phases.phase5_replication: Gene MTMR9: survived — Same-tissue replication: 2/2 concordant. Cross-tissue: 0/0 concordant.
2026-05-05 21:07:38 [INFO] riker.phases.phase5_replication: Gene NTAN1: eliminated — Significant opposite direction in same-tissue dataset(s): ['GSE45827', 'GSE65194']. Discovery direction: down.
2026-05-05 21:07:38 [INFO] riker.phases.phase5_replication: Gene OSTM1: eliminated — Significant opposite direction in same-tissue dataset(s): ['GSE45827', 'GSE65194']. Discovery direction: down.
2026-05-05 21:07:38 [INFO] riker.phases.phase5_replication: Gene PDHA1: survived — Same-tissue replication: 2/2 concordant. Cross-tissue: 0/0 concordant.
2026-05-05 21:07:38 [INFO] riker.phases.phase5_replication: Gene PPP2R5A: survived — Same-tissue replication: 2/2 concordant. Cross-tissue: 0/0 concordant.
2026-05-05 21:07:38 [INFO] riker.phases.phase5_replication: Gene SDC2: survived — Same-tissue replication: 2/2 concordant. Cross-tissue: 0/0 concordant.
2026-05-05 21:07:38 [INFO] riker.phases.phase5_replication: Gene SH3GLB1: eliminated — Significant opposite direction in same-tissue dataset(s): ['GSE45827', 'GSE65194']. Discovery direction: down.
2026-05-05 21:07:38 [INFO] riker.phases.phase5_replication: Gene SLC29A1: survived — Same-tissue replication: 2/2 concordant. Cross-tissue: 0/0 concordant.
2026-05-05 21:07:38 [INFO] riker.phases.phase5_replication: Gene STOM: survived — Same-tissue replication: 2/2 concordant. Cross-tissue: 0/0 concordant.
2026-05-05 21:07:38 [INFO] riker.phases.phase5_replication: Gene TNS3: eliminated — Significant opposite direction in same-tissue dataset(s): ['GSE45827', 'GSE65194']. Discovery direction: down.
2026-05-05 21:07:38 [INFO] riker.phases.phase5_replication: Gene UBE2E3: survived — Same-tissue replication: 0/2 concordant. Cross-tissue: 0/0 concordant.
2026-05-05 21:07:38 [INFO] riker.phases.phase5_replication: Gene USP25: survived — Same-tissue replication: 2/2 concordant. Cross-tissue: 0/0 concordant.
2026-05-05 21:07:38 [INFO] riker.phases.phase5_replication: Gene USPL1: eliminated — Significant opposite direction in same-tissue dataset(s): ['GSE45827', 'GSE65194']. Discovery direction: down.
2026-05-05 21:07:38 [INFO] riker.phases.phase5_replication: Gene BCL2L13: survived — Same-tissue replication: 0/2 concordant. Cross-tissue: 0/0 concordant.
2026-05-05 21:07:38 [INFO] riker.phases.phase5_replication: Gene DAAM1: survived — Same-tissue replication: 0/2 concordant. Cross-tissue: 0/0 concordant.
2026-05-05 21:07:38 [INFO] riker.phases.phase5_replication: Gene EIF1: survived — Same-tissue replication: 2/2 concordant. Cross-tissue: 0/0 concordant.
2026-05-05 21:07:38 [INFO] riker.phases.phase5_replication: Gene FSTL3: survived — Same-tissue replication: 2/2 concordant. Cross-tissue: 0/0 concordant.
2026-05-05 21:07:38 [INFO] riker.phases.phase5_replication: Gene LGALS3: survived — Same-tissue replication: 2/2 concordant. Cross-tissue: 0/0 concordant.
2026-05-05 21:07:38 [INFO] riker.phases.phase5_replication: Gene LIPT1: survived — Same-tissue replication: 0/2 concordant. Cross-tissue: 0/0 concordant.
2026-05-05 21:07:38 [INFO] riker.phases.phase5_replication: Gene POP5: survived — Same-tissue replication: 2/2 concordant. Cross-tissue: 0/0 concordant.
2026-05-05 21:07:38 [INFO] riker.phases.phase5_replication: Gene ADAM12: survived — Same-tissue replication: 2/2 concordant. Cross-tissue: 0/0 concordant.
2026-05-05 21:07:38 [INFO] riker.phases.phase5_replication: Gene RAB11FIP1: survived — Same-tissue replication: 2/2 concordant. Cross-tissue: 0/0 concordant.
2026-05-05 21:07:38 [INFO] riker.phases.phase5_replication: Gene SDR16C5: survived — Same-tissue replication: 2/2 concordant. Cross-tissue: 0/0 concordant.
2026-05-05 21:07:38 [INFO] riker.phases.phase5_replication: Gene SPATA13: survived — Same-tissue replication: 2/2 concordant. Cross-tissue: 0/0 concordant.
2026-05-05 21:07:38 [INFO] riker.phases.phase5_replication: Gene TSTD1: survived — Same-tissue replication: 2/2 concordant. Cross-tissue: 0/0 concordant.
2026-05-05 21:07:38 [INFO] riker.phases.phase5_replication: Gene WNT5A: survived — Same-tissue replication: 2/2 concordant. Cross-tissue: 0/0 concordant.
2026-05-05 21:07:38 [INFO] riker.phases.phase5_replication: Gene ABLIM1: survived — Same-tissue replication: 2/2 concordant. Cross-tissue: 0/0 concordant.
2026-05-05 21:07:38 [INFO] riker.phases.phase5_replication: Gene BCL2L2: survived — Same-tissue replication: 0/2 concordant. Cross-tissue: 0/0 concordant.
2026-05-05 21:07:38 [INFO] riker.phases.phase5_replication: Gene CYP2U1: survived — Same-tissue replication: 2/2 concordant. Cross-tissue: 0/0 concordant.
2026-05-05 21:07:38 [INFO] riker.phases.phase5_replication: Gene LAMC1: survived — Same-tissue replication: 2/2 concordant. Cross-tissue: 0/0 concordant.
2026-05-05 21:07:38 [INFO] riker.phases.phase5_replication: Gene SNN: survived — Same-tissue replication: 2/2 concordant. Cross-tissue: 0/0 concordant.
2026-05-05 21:07:38 [INFO] riker.phases.phase5_replication: Gene STX12: survived — Same-tissue replication: 2/2 concordant. Cross-tissue: 0/0 concordant.
2026-05-05 21:07:38 [INFO] riker.phases.phase5_replication: Gene CRK: eliminated — Significant opposite direction in same-tissue dataset(s): ['GSE45827', 'GSE65194']. Discovery direction: down.
2026-05-05 21:07:38 [INFO] riker.phases.phase5_replication: Gene DYNC2H1: survived — Same-tissue replication: 2/2 concordant. Cross-tissue: 0/0 concordant.
2026-05-05 21:07:38 [INFO] riker.phases.phase5_replication: Gene FAM241A: survived — Same-tissue replication: 2/2 concordant. Cross-tissue: 0/0 concordant.
2026-05-05 21:07:38 [INFO] riker.phases.phase5_replication: Gene RAB9A: eliminated — Significant opposite direction in same-tissue dataset(s): ['GSE45827', 'GSE65194']. Discovery direction: down.
2026-05-05 21:07:38 [INFO] riker.phases.phase5_replication: Gene SLC30A4: survived — Same-tissue replication: 2/2 concordant. Cross-tissue: 0/0 concordant.
2026-05-05 21:07:38 [INFO] riker.phases.phase5_replication: Gene UFSP2: survived — Same-tissue replication: 2/2 concordant. Cross-tissue: 0/0 concordant.
2026-05-05 21:07:38 [INFO] riker.phases.phase5_replication: Gene CBFA2T2: survived — Same-tissue replication: 2/2 concordant. Cross-tissue: 0/0 concordant.
2026-05-05 21:07:38 [INFO] riker.phases.phase5_replication: Gene FKBP11: survived — Same-tissue replication: 2/2 concordant. Cross-tissue: 0/0 concordant.
2026-05-05 21:07:38 [INFO] riker.phases.phase5_replication: Gene IL4I1: survived — Same-tissue replication: 2/2 concordant. Cross-tissue: 0/0 concordant.
2026-05-05 21:07:38 [INFO] riker.phases.phase5_replication: Gene MPZL2: survived — Same-tissue replication: 2/2 concordant. Cross-tissue: 0/0 concordant.
2026-05-05 21:07:38 [INFO] riker.phases.phase5_replication: Gene PTPRJ: survived — Same-tissue replication: 2/2 concordant. Cross-tissue: 0/0 concordant.
2026-05-05 21:07:38 [INFO] riker.phases.phase5_replication: Gene RASGRP1: survived — Same-tissue replication: 2/2 concordant. Cross-tissue: 0/0 concordant.
2026-05-05 21:07:38 [INFO] riker.phases.phase5_replication: Gene SEC61A1: survived — Same-tissue replication: 2/2 concordant. Cross-tissue: 0/0 concordant.
2026-05-05 21:07:38 [INFO] riker.phases.phase5_replication: Gene SLC11A2: survived — Same-tissue replication: 1/2 concordant. Cross-tissue: 0/0 concordant.
2026-05-05 21:07:38 [INFO] riker.phases.phase5_replication: Gene TACC3: survived — Same-tissue replication: 2/2 concordant. Cross-tissue: 0/0 concordant.
2026-05-05 21:07:38 [INFO] riker.phases.phase5_replication: Gene UBQLN4: survived — Same-tissue replication: 2/2 concordant. Cross-tissue: 0/0 concordant.
2026-05-05 21:07:38 [INFO] riker.phases.phase5_replication: Gene WFDC2: eliminated — Significant opposite direction in same-tissue dataset(s): ['GSE45827', 'GSE65194']. Discovery direction: up.
2026-05-05 21:07:38 [INFO] riker.phases.phase5_replication: Gene CCNF: survived — Same-tissue replication: 2/2 concordant. Cross-tissue: 0/0 concordant.
2026-05-05 21:07:38 [INFO] riker.phases.phase5_replication: Gene FRK: survived — Same-tissue replication: 2/2 concordant. Cross-tissue: 0/0 concordant.
2026-05-05 21:07:38 [INFO] riker.phases.phase5_replication: Gene GANAB: survived — Same-tissue replication: 2/2 concordant. Cross-tissue: 0/0 concordant.
2026-05-05 21:07:38 [INFO] riker.phases.phase5_replication: Gene RAN: survived — Same-tissue replication: 2/2 concordant. Cross-tissue: 0/0 concordant.
2026-05-05 21:07:38 [INFO] riker.phases.phase5_replication: Gene RUVBL2: survived — Same-tissue replication: 2/2 concordant. Cross-tissue: 0/0 concordant.
2026-05-05 21:07:38 [INFO] riker.phases.phase5_replication: Gene SFXN2: survived — Same-tissue replication: 2/2 concordant. Cross-tissue: 0/0 concordant.
2026-05-05 21:07:38 [INFO] riker.phases.phase5_replication: Gene AGTRAP: survived — Same-tissue replication: 0/2 concordant. Cross-tissue: 0/0 concordant.
2026-05-05 21:07:38 [INFO] riker.phases.phase5_replication: Gene BRD8: eliminated — Significant opposite direction in same-tissue dataset(s): ['GSE45827', 'GSE65194']. Discovery direction: up.
2026-05-05 21:07:38 [INFO] riker.phases.phase5_replication: Gene CENPN: survived — Same-tissue replication: 2/2 concordant. Cross-tissue: 0/0 concordant.
2026-05-05 21:07:38 [INFO] riker.phases.phase5_replication: Gene CSTPP1: survived — Same-tissue replication: 0/2 concordant. Cross-tissue: 0/0 concordant.
2026-05-05 21:07:38 [INFO] riker.phases.phase5_replication: Gene IRF2BP2: survived — Same-tissue replication: 2/2 concordant. Cross-tissue: 0/0 concordant.
2026-05-05 21:07:38 [INFO] riker.phases.phase5_replication: Gene PDIK1L: survived — Same-tissue replication: 2/2 concordant. Cross-tissue: 0/0 concordant.
2026-05-05 21:07:38 [INFO] riker.phases.phase5_replication: Gene SFXN5: survived — Same-tissue replication: 0/2 concordant. Cross-tissue: 0/0 concordant.
2026-05-05 21:07:38 [INFO] riker.phases.phase5_replication: Gene SLC39A7: survived — Same-tissue replication: 2/2 concordant. Cross-tissue: 0/0 concordant.
2026-05-05 21:07:38 [INFO] riker.phases.phase5_replication: Gene ZNF562: survived — Same-tissue replication: 2/2 concordant. Cross-tissue: 0/0 concordant.
2026-05-05 21:07:38 [INFO] riker.phases.phase5_replication: Gene ANXA2: survived — Same-tissue replication: 0/2 concordant. Cross-tissue: 0/0 concordant.
2026-05-05 21:07:38 [INFO] riker.phases.phase5_replication: Gene ARMCX1: survived — Same-tissue replication: 2/2 concordant. Cross-tissue: 0/0 concordant.
2026-05-05 21:07:38 [INFO] riker.phases.phase5_replication: Gene ECI2: survived — Same-tissue replication: 2/2 concordant. Cross-tissue: 0/0 concordant.
2026-05-05 21:07:38 [INFO] riker.phases.phase5_replication: Gene GSTM2: survived — Same-tissue replication: 2/2 concordant. Cross-tissue: 0/0 concordant.
2026-05-05 21:07:38 [INFO] riker.phases.phase5_replication: Gene NUBPL: survived — Same-tissue replication: 0/2 concordant. Cross-tissue: 0/0 concordant.
2026-05-05 21:07:38 [INFO] riker.phases.phase5_replication: Gene OXR1: eliminated — Significant opposite direction in same-tissue dataset(s): ['GSE45827', 'GSE65194']. Discovery direction: down.
2026-05-05 21:07:38 [INFO] riker.phases.phase5_replication: Gene S100A6: survived — Same-tissue replication: 2/2 concordant. Cross-tissue: 0/0 concordant.
2026-05-05 21:07:38 [INFO] riker.phases.phase5_replication: Gene SLC31A2: eliminated — Significant opposite direction in same-tissue dataset(s): ['GSE45827', 'GSE65194']. Discovery direction: down.
2026-05-05 21:07:38 [INFO] riker.phases.phase5_replication: Gene BCL2: survived — Same-tissue replication: 2/2 concordant. Cross-tissue: 0/0 concordant.
2026-05-05 21:07:38 [INFO] riker.phases.phase5_replication: Gene CEBPD: survived — Same-tissue replication: 0/2 concordant. Cross-tissue: 0/0 concordant.
2026-05-05 21:07:38 [INFO] riker.phases.phase5_replication: Gene THBD: survived — Same-tissue replication: 1/2 concordant. Cross-tissue: 0/0 concordant.
2026-05-05 21:07:38 [INFO] riker.phases.phase5_replication: Gene TNFRSF1B: survived — Same-tissue replication: 2/2 concordant. Cross-tissue: 0/0 concordant.
2026-05-05 21:07:38 [INFO] riker.phases.phase5_replication: Gene UCHL1: eliminated — Significant opposite direction in same-tissue dataset(s): ['GSE45827', 'GSE65194']. Discovery direction: down.
2026-05-05 21:07:38 [INFO] riker.phases.phase5_replication: Gene AGTPBP1: eliminated — Significant opposite direction in same-tissue dataset(s): ['GSE45827', 'GSE65194']. Discovery direction: down.
2026-05-05 21:07:38 [INFO] riker.phases.phase5_replication: Gene ATP5PF: eliminated — Significant opposite direction in same-tissue dataset(s): ['GSE45827', 'GSE65194']. Discovery direction: down.
2026-05-05 21:07:38 [INFO] riker.phases.phase5_replication: Gene CASKIN2: survived — Same-tissue replication: 2/2 concordant. Cross-tissue: 0/0 concordant.
2026-05-05 21:07:38 [INFO] riker.phases.phase5_replication: Gene CDC26: survived — Same-tissue replication: 2/2 concordant. Cross-tissue: 0/0 concordant.
2026-05-05 21:07:38 [INFO] riker.phases.phase5_replication: Gene CDC42EP4: survived — Same-tissue replication: 0/2 concordant. Cross-tissue: 0/0 concordant.
2026-05-05 21:07:38 [INFO] riker.phases.phase5_replication: Gene COX4I1: survived — Same-tissue replication: 2/2 concordant. Cross-tissue: 0/0 concordant.
2026-05-05 21:07:38 [INFO] riker.phases.phase5_replication: Gene DPH3: eliminated — Significant opposite direction in same-tissue dataset(s): ['GSE45827', 'GSE65194']. Discovery direction: down.
2026-05-05 21:07:38 [INFO] riker.phases.phase5_replication: Gene EML3: survived — Same-tissue replication: 2/2 concordant. Cross-tissue: 0/0 concordant.
2026-05-05 21:07:38 [INFO] riker.phases.phase5_replication: Gene KLF10: survived — Same-tissue replication: 2/2 concordant. Cross-tissue: 0/0 concordant.
2026-05-05 21:07:38 [INFO] riker.phases.phase5_replication: Gene PPP6C: survived — Same-tissue replication: 0/2 concordant. Cross-tissue: 0/0 concordant.
2026-05-05 21:07:38 [INFO] riker.phases.phase5_replication: Gene WTIP: survived — Same-tissue replication: 2/2 concordant. Cross-tissue: 0/0 concordant.
2026-05-05 21:07:38 [INFO] riker.phases.phase5_replication: Gene ADGRE5: survived — Same-tissue replication: 2/2 concordant. Cross-tissue: 0/0 concordant.
2026-05-05 21:07:38 [INFO] riker.phases.phase5_replication: Gene DNAJA2: eliminated — Significant opposite direction in same-tissue dataset(s): ['GSE45827', 'GSE65194']. Discovery direction: down.
2026-05-05 21:07:38 [INFO] riker.phases.phase5_replication: Gene MANEA: survived — Same-tissue replication: 0/2 concordant. Cross-tissue: 0/0 concordant.
2026-05-05 21:07:38 [INFO] riker.phases.phase5_replication: Gene GABRP: survived — Same-tissue replication: 2/2 concordant. Cross-tissue: 0/0 concordant.
2026-05-05 21:07:38 [INFO] riker.phases.phase5_replication: Gene GOLGA4: eliminated — Significant opposite direction in same-tissue dataset(s): ['GSE45827', 'GSE65194']. Discovery direction: down.
2026-05-05 21:07:38 [INFO] riker.phases.phase5_replication: Gene KLHL7: eliminated — Significant opposite direction in same-tissue dataset(s): ['GSE45827', 'GSE65194']. Discovery direction: down.
2026-05-05 21:07:38 [INFO] riker.phases.phase5_replication: Gene KRT14: survived — Same-tissue replication: 2/2 concordant. Cross-tissue: 0/0 concordant.
2026-05-05 21:07:38 [INFO] riker.phases.phase5_replication: Gene NCOA1: survived — Same-tissue replication: 2/2 concordant. Cross-tissue: 0/0 concordant.
2026-05-05 21:07:38 [INFO] riker.phases.phase5_replication: Gene ZNF277: eliminated — Significant opposite direction in same-tissue dataset(s): ['GSE45827', 'GSE65194']. Discovery direction: down.
2026-05-05 21:07:38 [INFO] riker.phases.phase5_replication: Gene ARHGEF9: eliminated — Significant opposite direction in same-tissue dataset(s): ['GSE45827', 'GSE65194']. Discovery direction: down.
2026-05-05 21:07:38 [INFO] riker.phases.phase5_replication: Gene ECE1: eliminated — Significant opposite direction in same-tissue dataset(s): ['GSE45827', 'GSE65194']. Discovery direction: up.
2026-05-05 21:07:38 [INFO] riker.phases.phase5_replication: Gene HNRNPUL2: survived — Same-tissue replication: 2/2 concordant. Cross-tissue: 0/0 concordant.
2026-05-05 21:07:38 [INFO] riker.phases.phase5_replication: Gene KLHL11: survived — Same-tissue replication: 2/2 concordant. Cross-tissue: 0/0 concordant.
2026-05-05 21:07:38 [INFO] riker.phases.phase5_replication: Gene LAMTOR3: survived — Same-tissue replication: 2/2 concordant. Cross-tissue: 0/0 concordant.
2026-05-05 21:07:38 [INFO] riker.phases.phase5_replication: Gene PIP5K1C: survived — Same-tissue replication: 2/2 concordant. Cross-tissue: 0/0 concordant.
2026-05-05 21:07:38 [INFO] riker.phases.phase5_replication: Gene PLVAP: survived — Same-tissue replication: 0/2 concordant. Cross-tissue: 0/0 concordant.
2026-05-05 21:07:38 [INFO] riker.phases.phase5_replication: Gene PPP6R3: survived — Same-tissue replication: 2/2 concordant. Cross-tissue: 0/0 concordant.
2026-05-05 21:07:38 [INFO] riker.phases.phase5_replication: Gene TCF25: survived — Same-tissue replication: 0/2 concordant. Cross-tissue: 0/0 concordant.
2026-05-05 21:07:38 [INFO] riker.phases.phase5_replication: Gene TUBB: survived — Same-tissue replication: 2/2 concordant. Cross-tissue: 0/0 concordant.
2026-05-05 21:07:38 [INFO] riker.phases.phase5_replication: Gene ADPRS: survived — Same-tissue replication: 2/2 concordant. Cross-tissue: 0/0 concordant.
2026-05-05 21:07:38 [INFO] riker.phases.phase5_replication: Gene ELAVL1: survived — Same-tissue replication: 2/2 concordant. Cross-tissue: 0/0 concordant.
2026-05-05 21:07:38 [INFO] riker.phases.phase5_replication: Gene HAGHL: survived — Same-tissue replication: 2/2 concordant. Cross-tissue: 0/0 concordant.
2026-05-05 21:07:38 [INFO] riker.phases.phase5_replication: Gene HPS3: survived — Same-tissue replication: 2/2 concordant. Cross-tissue: 0/0 concordant.
2026-05-05 21:07:38 [INFO] riker.phases.phase5_replication: Gene NIFK: survived — Same-tissue replication: 2/2 concordant. Cross-tissue: 0/0 concordant.
2026-05-05 21:07:38 [INFO] riker.phases.phase5_replication: Gene TXNDC11: survived — Same-tissue replication: 2/2 concordant. Cross-tissue: 0/0 concordant.
2026-05-05 21:07:38 [INFO] riker.phases.phase5_replication: Gene ZNF138: survived — Same-tissue replication: 2/2 concordant. Cross-tissue: 0/0 concordant.
2026-05-05 21:07:38 [INFO] riker.phases.phase5_replication: Gene ANK3: survived — Same-tissue replication: 2/2 concordant. Cross-tissue: 0/0 concordant.
2026-05-05 21:07:38 [INFO] riker.phases.phase5_replication: Gene AP1G2: survived — Same-tissue replication: 0/2 concordant. Cross-tissue: 0/0 concordant.
2026-05-05 21:07:38 [INFO] riker.phases.phase5_replication: Gene ARFGEF3: survived — Same-tissue replication: 2/2 concordant. Cross-tissue: 0/0 concordant.
2026-05-05 21:07:38 [INFO] riker.phases.phase5_replication: Gene C5orf46: survived — Same-tissue replication: 2/2 concordant. Cross-tissue: 0/0 concordant.
2026-05-05 21:07:38 [INFO] riker.phases.phase5_replication: Gene CXCL9: survived — Same-tissue replication: 2/2 concordant. Cross-tissue: 0/0 concordant.
2026-05-05 21:07:38 [INFO] riker.phases.phase5_replication: Gene ENPP5: survived — Same-tissue replication: 2/2 concordant. Cross-tissue: 0/0 concordant.
2026-05-05 21:07:38 [INFO] riker.phases.phase5_replication: Gene FAM110C: survived — Same-tissue replication: 2/2 concordant. Cross-tissue: 0/0 concordant.
2026-05-05 21:07:38 [INFO] riker.phases.phase5_replication: Gene GSTO2: survived — Same-tissue replication: 0/2 concordant. Cross-tissue: 0/0 concordant.
2026-05-05 21:07:38 [INFO] riker.phases.phase5_replication: Gene MARVELD2: survived — Same-tissue replication: 2/2 concordant. Cross-tissue: 0/0 concordant.
2026-05-05 21:07:38 [INFO] riker.phases.phase5_replication: Gene PROM2: survived — Same-tissue replication: 2/2 concordant. Cross-tissue: 0/0 concordant.
2026-05-05 21:07:38 [INFO] riker.phases.phase5_replication: Gene PRR15L: survived — Same-tissue replication: 2/2 concordant. Cross-tissue: 0/0 concordant.
2026-05-05 21:07:38 [INFO] riker.phases.phase5_replication: Gene RAD51AP1: survived — Same-tissue replication: 2/2 concordant. Cross-tissue: 0/0 concordant.
2026-05-05 21:07:38 [INFO] riker.phases.phase5_replication: Gene RHPN2: survived — Same-tissue replication: 2/2 concordant. Cross-tissue: 0/0 concordant.
2026-05-05 21:07:38 [INFO] riker.phases.phase5_replication: Gene SOX9: survived — Same-tissue replication: 2/2 concordant. Cross-tissue: 0/0 concordant.
2026-05-05 21:07:38 [INFO] riker.phases.phase5_replication: Gene ST14: survived — Same-tissue replication: 2/2 concordant. Cross-tissue: 0/0 concordant.
2026-05-05 21:07:38 [INFO] riker.phases.phase5_replication: Gene ATP6V1G1: survived — Same-tissue replication: 2/2 concordant. Cross-tissue: 0/0 concordant.
2026-05-05 21:07:38 [INFO] riker.phases.phase5_replication: Gene GPHRA: survived — Same-tissue replication: 2/2 concordant. Cross-tissue: 0/0 concordant.
2026-05-05 21:07:38 [INFO] riker.phases.phase5_replication: Gene NME1: survived — Same-tissue replication: 2/2 concordant. Cross-tissue: 0/0 concordant.
2026-05-05 21:07:38 [INFO] riker.phases.phase5_replication: Gene PPP1CA: survived — Same-tissue replication: 2/2 concordant. Cross-tissue: 0/0 concordant.
2026-05-05 21:07:38 [INFO] riker.phases.phase5_replication: Gene RAD54B: survived — Same-tissue replication: 2/2 concordant. Cross-tissue: 0/0 concordant.
2026-05-05 21:07:38 [INFO] riker.phases.phase5_replication: Gene RAE1: survived — Same-tissue replication: 2/2 concordant. Cross-tissue: 0/0 concordant.
2026-05-05 21:07:38 [INFO] riker.phases.phase5_replication: Gene SCRIB: survived — Same-tissue replication: 2/2 concordant. Cross-tissue: 0/0 concordant.
2026-05-05 21:07:38 [INFO] riker.phases.phase5_replication: Gene WDR6: eliminated — Significant opposite direction in same-tissue dataset(s): ['GSE45827', 'GSE65194']. Discovery direction: up.
2026-05-05 21:07:38 [INFO] riker.phases.phase5_replication: Gene B4GALT3: survived — Same-tissue replication: 2/2 concordant. Cross-tissue: 0/0 concordant.
2026-05-05 21:07:38 [INFO] riker.phases.phase5_replication: Gene CCDC167: survived — Same-tissue replication: 2/2 concordant. Cross-tissue: 0/0 concordant.
2026-05-05 21:07:38 [INFO] riker.phases.phase5_replication: Gene PGAP3: survived — Same-tissue replication: 2/2 concordant. Cross-tissue: 0/0 concordant.
2026-05-05 21:07:38 [INFO] riker.phases.phase5_replication: Gene POLE2: survived — Same-tissue replication: 2/2 concordant. Cross-tissue: 0/0 concordant.
2026-05-05 21:07:38 [INFO] riker.phases.phase5_replication: Gene RDH13: survived — Same-tissue replication: 0/2 concordant. Cross-tissue: 0/0 concordant.
2026-05-05 21:07:38 [INFO] riker.phases.phase5_replication: Gene RHNO1: survived — Same-tissue replication: 2/2 concordant. Cross-tissue: 0/0 concordant.
2026-05-05 21:07:38 [INFO] riker.phases.phase5_replication: Gene TRIM11: survived — Same-tissue replication: 2/2 concordant. Cross-tissue: 0/0 concordant.
2026-05-05 21:07:38 [INFO] riker.phases.phase5_replication: Gene ZNF281: survived — Same-tissue replication: 2/2 concordant. Cross-tissue: 0/0 concordant.
2026-05-05 21:07:38 [INFO] riker.phases.phase5_replication: Gene DCAF13: survived — Same-tissue replication: 2/2 concordant. Cross-tissue: 0/0 concordant.
2026-05-05 21:07:38 [INFO] riker.phases.phase5_replication: Gene DNAJC9: survived — Same-tissue replication: 2/2 concordant. Cross-tissue: 0/0 concordant.
2026-05-05 21:07:38 [INFO] riker.phases.phase5_replication: Gene PDRG1: survived — Same-tissue replication: 2/2 concordant. Cross-tissue: 0/0 concordant.
2026-05-05 21:07:38 [INFO] riker.phases.phase5_replication: Gene SNRPB: survived — Same-tissue replication: 2/2 concordant. Cross-tissue: 0/0 concordant.
2026-05-05 21:07:38 [INFO] riker.phases.phase5_replication: Gene TTLL12: survived — Same-tissue replication: 2/2 concordant. Cross-tissue: 0/0 concordant.
2026-05-05 21:07:38 [INFO] riker.phases.phase5_replication: Gene YDJC: survived — Same-tissue replication: 2/2 concordant. Cross-tissue: 0/0 concordant.
2026-05-05 21:07:38 [INFO] riker.phases.phase5_replication: Gene ACOT7: survived — Same-tissue replication: 2/2 concordant. Cross-tissue: 0/0 concordant.
2026-05-05 21:07:38 [INFO] riker.phases.phase5_replication: Gene GORAB: survived — Same-tissue replication: 2/2 concordant. Cross-tissue: 0/0 concordant.
2026-05-05 21:07:38 [INFO] riker.phases.phase5_replication: Gene KRAS: survived — Same-tissue replication: 2/2 concordant. Cross-tissue: 0/0 concordant.
2026-05-05 21:07:38 [INFO] riker.phases.phase5_replication: Gene ADCK2: survived — Same-tissue replication: 2/2 concordant. Cross-tissue: 0/0 concordant.
2026-05-05 21:07:38 [INFO] riker.phases.phase5_replication: Gene ATAD3A: survived — Same-tissue replication: 0/2 concordant. Cross-tissue: 0/0 concordant.
2026-05-05 21:07:38 [INFO] riker.phases.phase5_replication: Gene COMTD1: survived — Same-tissue replication: 2/2 concordant. Cross-tissue: 0/0 concordant.
2026-05-05 21:07:38 [INFO] riker.phases.phase5_replication: Gene E4F1: eliminated — Significant opposite direction in same-tissue dataset(s): ['GSE45827', 'GSE65194']. Discovery direction: up.
2026-05-05 21:07:38 [INFO] riker.phases.phase5_replication: Gene XPR1: survived — Same-tissue replication: 2/2 concordant. Cross-tissue: 0/0 concordant.
2026-05-05 21:07:38 [INFO] riker.phases.phase5_replication: Gene AAMDC: survived — Same-tissue replication: 2/2 concordant. Cross-tissue: 0/0 concordant.
2026-05-05 21:07:38 [INFO] riker.phases.phase5_replication: Gene COPS2: survived — Same-tissue replication: 0/2 concordant. Cross-tissue: 0/0 concordant.
2026-05-05 21:07:38 [INFO] riker.phases.phase5_replication: Gene MAP1A: survived — Same-tissue replication: 2/2 concordant. Cross-tissue: 0/0 concordant.
2026-05-05 21:07:38 [INFO] riker.phases.phase5_replication: Gene SUCLG1: survived — Same-tissue replication: 2/2 concordant. Cross-tissue: 0/0 concordant.
2026-05-05 21:07:38 [INFO] riker.phases.phase5_replication: Gene TSPAN4: survived — Same-tissue replication: 2/2 concordant. Cross-tissue: 0/0 concordant.
2026-05-05 21:07:38 [INFO] riker.phases.phase5_replication: Gene ZBTB20: survived — Same-tissue replication: 2/2 concordant. Cross-tissue: 0/0 concordant.
2026-05-05 21:07:38 [INFO] riker.phases.phase5_replication: Gene CHST7: survived — Same-tissue replication: 2/2 concordant. Cross-tissue: 0/0 concordant.
2026-05-05 21:07:38 [INFO] riker.phases.phase5_replication: Gene CS: survived — Same-tissue replication: 0/2 concordant. Cross-tissue: 0/0 concordant.
2026-05-05 21:07:38 [INFO] riker.phases.phase5_replication: Gene IPO5: survived — Same-tissue replication: 2/2 concordant. Cross-tissue: 0/0 concordant.
2026-05-05 21:07:38 [INFO] riker.phases.phase5_replication: Gene MAP3K5: survived — Same-tissue replication: 2/2 concordant. Cross-tissue: 0/0 concordant.
2026-05-05 21:07:38 [INFO] riker.phases.phase5_replication: Gene MFNG: survived — Same-tissue replication: 2/2 concordant. Cross-tissue: 0/0 concordant.
2026-05-05 21:07:38 [INFO] riker.phases.phase5_replication: Gene PMP22: survived — Same-tissue replication: 2/2 concordant. Cross-tissue: 0/0 concordant.
2026-05-05 21:07:38 [INFO] riker.phases.phase5_replication: Gene RBMS1: survived — Same-tissue replication: 2/2 concordant. Cross-tissue: 0/0 concordant.
2026-05-05 21:07:38 [INFO] riker.phases.phase5_replication: Gene REV3L: survived — Same-tissue replication: 0/2 concordant. Cross-tissue: 0/0 concordant.
2026-05-05 21:07:38 [INFO] riker.phases.phase5_replication: Gene TNNT3: survived — Same-tissue replication: 1/1 concordant. Cross-tissue: 0/0 concordant.
2026-05-05 21:07:38 [INFO] riker.phases.phase5_replication: Gene TSKU: survived — Same-tissue replication: 1/2 concordant. Cross-tissue: 0/0 concordant.
2026-05-05 21:07:38 [INFO] riker.phases.phase5_replication: Gene TTC38: survived — Same-tissue replication: 2/2 concordant. Cross-tissue: 0/0 concordant.
2026-05-05 21:07:38 [INFO] riker.phases.phase5_replication: Gene AKAP7: survived — Same-tissue replication: 2/2 concordant. Cross-tissue: 0/0 concordant.
2026-05-05 21:07:38 [INFO] riker.phases.phase5_replication: Gene CHP1: survived — Same-tissue replication: 2/2 concordant. Cross-tissue: 0/0 concordant.
2026-05-05 21:07:38 [INFO] riker.phases.phase5_replication: Gene INPP5K: survived — Same-tissue replication: 2/2 concordant. Cross-tissue: 0/0 concordant.
2026-05-05 21:07:38 [INFO] riker.phases.phase5_replication: Gene LYRM1: survived — Same-tissue replication: 2/2 concordant. Cross-tissue: 0/0 concordant.
2026-05-05 21:07:39 [INFO] riker.phases.phase5_replication: Gene MLXIPL: survived — Same-tissue replication: 2/2 concordant. Cross-tissue: 0/0 concordant.
2026-05-05 21:07:39 [INFO] riker.phases.phase5_replication: Gene NQO2: survived — Same-tissue replication: 2/2 concordant. Cross-tissue: 0/0 concordant.
2026-05-05 21:07:39 [INFO] riker.phases.phase5_replication: Gene PEA15: survived — Same-tissue replication: 2/2 concordant. Cross-tissue: 0/0 concordant.
2026-05-05 21:07:39 [INFO] riker.phases.phase5_replication: Gene PHGDH: survived — Same-tissue replication: 2/2 concordant. Cross-tissue: 0/0 concordant.
2026-05-05 21:07:39 [INFO] riker.phases.phase5_replication: Gene PKIG: survived — Same-tissue replication: 2/2 concordant. Cross-tissue: 0/0 concordant.
2026-05-05 21:07:39 [INFO] riker.phases.phase5_replication: Gene PRDX6: survived — Same-tissue replication: 2/2 concordant. Cross-tissue: 0/0 concordant.
2026-05-05 21:07:39 [INFO] riker.phases.phase5_replication: Gene PRKD1: survived — Same-tissue replication: 2/2 concordant. Cross-tissue: 0/0 concordant.
2026-05-05 21:07:39 [INFO] riker.phases.phase5_replication: Gene RUSC2: survived — Same-tissue replication: 2/2 concordant. Cross-tissue: 0/0 concordant.
2026-05-05 21:07:39 [INFO] riker.phases.phase5_replication: Gene APOD: survived — Same-tissue replication: 2/2 concordant. Cross-tissue: 0/0 concordant.
2026-05-05 21:07:39 [INFO] riker.phases.phase5_replication: Gene ASS1: survived — Same-tissue replication: 2/2 concordant. Cross-tissue: 0/0 concordant.
2026-05-05 21:07:39 [INFO] riker.phases.phase5_replication: Gene DLC1: survived — Same-tissue replication: 2/2 concordant. Cross-tissue: 0/0 concordant.
2026-05-05 21:07:39 [INFO] riker.phases.phase5_replication: Gene FBLN2: survived — Same-tissue replication: 2/2 concordant. Cross-tissue: 0/0 concordant.
2026-05-05 21:07:39 [INFO] riker.phases.phase5_replication: Gene GSTM5: survived — Same-tissue replication: 2/2 concordant. Cross-tissue: 0/0 concordant.
2026-05-05 21:07:39 [INFO] riker.phases.phase5_replication: Gene PLTP: survived — Same-tissue replication: 2/2 concordant. Cross-tissue: 0/0 concordant.
2026-05-05 21:07:39 [INFO] riker.phases.phase5_replication: Gene SERPINF1: survived — Same-tissue replication: 2/2 concordant. Cross-tissue: 0/0 concordant.
2026-05-05 21:07:39 [INFO] riker.phases.phase5_replication: Gene SPX: survived — Same-tissue replication: 2/2 concordant. Cross-tissue: 0/0 concordant.
2026-05-05 21:07:39 [INFO] riker.phases.phase5_replication: Gene ZFPM2: survived — Same-tissue replication: 2/2 concordant. Cross-tissue: 0/0 concordant.
2026-05-05 21:07:39 [INFO] riker.phases.phase5_replication: Gene NAV3: survived — Same-tissue replication: 2/2 concordant. Cross-tissue: 0/0 concordant.
2026-05-05 21:07:39 [INFO] riker.phases.phase5_replication: Gene NFU1: survived — Same-tissue replication: 2/2 concordant. Cross-tissue: 0/0 concordant.
2026-05-05 21:07:39 [INFO] riker.phases.phase5_replication: Gene PLAGL1: survived — Same-tissue replication: 2/2 concordant. Cross-tissue: 0/0 concordant.
2026-05-05 21:07:39 [INFO] riker.phases.phase5_replication: Gene TM7SF2: survived — Same-tissue replication: 2/2 concordant. Cross-tissue: 0/0 concordant.
2026-05-05 21:07:39 [INFO] riker.phases.phase5_replication: Gene TST: survived — Same-tissue replication: 2/2 concordant. Cross-tissue: 0/0 concordant.
2026-05-05 21:07:39 [INFO] riker.phases.phase5_replication: Gene TUBB2A: survived — Same-tissue replication: 2/2 concordant. Cross-tissue: 0/0 concordant.
2026-05-05 21:07:39 [INFO] riker.phases.phase5_replication: Gene BNC2: survived — Same-tissue replication: 0/2 concordant. Cross-tissue: 0/0 concordant.
2026-05-05 21:07:39 [INFO] riker.phases.phase5_replication: Gene CCNH: survived — Same-tissue replication: 1/2 concordant. Cross-tissue: 0/0 concordant.
2026-05-05 21:07:39 [INFO] riker.phases.phase5_replication: Gene DPP4: survived — Same-tissue replication: 2/2 concordant. Cross-tissue: 0/0 concordant.
2026-05-05 21:07:39 [INFO] riker.phases.phase5_replication: Gene LNPEP: survived — Same-tissue replication: 2/2 concordant. Cross-tissue: 0/0 concordant.
2026-05-05 21:07:39 [INFO] riker.phases.phase5_replication: Gene RAB33B: survived — Same-tissue replication: 2/2 concordant. Cross-tissue: 0/0 concordant.
2026-05-05 21:07:39 [INFO] riker.phases.phase5_replication: Gene CXCL14: survived — Same-tissue replication: 2/2 concordant. Cross-tissue: 0/0 concordant.
2026-05-05 21:07:39 [INFO] riker.phases.phase5_replication: Gene CYP4B1: survived — Same-tissue replication: 2/2 concordant. Cross-tissue: 0/0 concordant.
2026-05-05 21:07:39 [INFO] riker.phases.phase5_replication: Gene OMD: survived — Same-tissue replication: 2/2 concordant. Cross-tissue: 0/0 concordant.
2026-05-05 21:07:39 [INFO] riker.phases.phase5_replication: Gene PIR: survived — Same-tissue replication: 0/2 concordant. Cross-tissue: 0/0 concordant.
2026-05-05 21:07:39 [INFO] riker.phases.phase5_replication: Gene SGCE: survived — Same-tissue replication: 2/2 concordant. Cross-tissue: 0/0 concordant.
2026-05-05 21:07:39 [INFO] riker.phases.phase5_replication: Gene VSIG4: survived — Same-tissue replication: 0/2 concordant. Cross-tissue: 0/0 concordant.
2026-05-05 21:07:39 [INFO] riker.phases.phase5_replication: Gene CD248: survived — Same-tissue replication: 2/2 concordant. Cross-tissue: 0/0 concordant.
2026-05-05 21:07:39 [INFO] riker.phases.phase5_replication: Gene DIXDC1: survived — Same-tissue replication: 2/2 concordant. Cross-tissue: 0/0 concordant.
2026-05-05 21:07:39 [INFO] riker.phases.phase5_replication: Gene GYPC: survived — Same-tissue replication: 2/2 concordant. Cross-tissue: 0/0 concordant.
2026-05-05 21:07:39 [INFO] riker.phases.phase5_replication: Gene KLF2: survived — Same-tissue replication: 2/2 concordant. Cross-tissue: 0/0 concordant.
2026-05-05 21:07:39 [INFO] riker.phases.phase5_replication: Gene MAN1A1: survived — Same-tissue replication: 2/2 concordant. Cross-tissue: 0/0 concordant.
2026-05-05 21:07:39 [INFO] riker.phases.phase5_replication: Gene ZNF423: survived — Same-tissue replication: 2/2 concordant. Cross-tissue: 0/0 concordant.
2026-05-05 21:07:39 [INFO] riker.phases.phase5_replication: Gene EMCN: survived — Same-tissue replication: 2/2 concordant. Cross-tissue: 0/0 concordant.
2026-05-05 21:07:39 [INFO] riker.phases.phase5_replication: Gene EMP1: survived — Same-tissue replication: 2/2 concordant. Cross-tissue: 0/0 concordant.
2026-05-05 21:07:39 [INFO] riker.phases.phase5_replication: Gene FADS3: survived — Same-tissue replication: 2/2 concordant. Cross-tissue: 0/0 concordant.
2026-05-05 21:07:39 [INFO] riker.phases.phase5_replication: Gene FMOD: survived — Same-tissue replication: 2/2 concordant. Cross-tissue: 0/0 concordant.
2026-05-05 21:07:39 [INFO] riker.phases.phase5_replication: Gene FZD5: survived — Same-tissue replication: 0/2 concordant. Cross-tissue: 0/0 concordant.
2026-05-05 21:07:39 [INFO] riker.phases.phase5_replication: Gene GBE1: survived — Same-tissue replication: 2/2 concordant. Cross-tissue: 0/0 concordant.
2026-05-05 21:07:39 [INFO] riker.phases.phase5_replication: Gene KLF9: survived — Same-tissue replication: 0/2 concordant. Cross-tissue: 0/0 concordant.
2026-05-05 21:07:39 [INFO] riker.phases.phase5_replication: Gene OXCT1: survived — Same-tissue replication: 2/2 concordant. Cross-tissue: 0/0 concordant.
2026-05-05 21:07:39 [INFO] riker.phases.phase5_replication: Gene RFTN1: survived — Same-tissue replication: 2/2 concordant. Cross-tissue: 0/0 concordant.
2026-05-05 21:07:39 [INFO] riker.phases.phase5_replication: Gene ABLIM3: survived — Same-tissue replication: 2/2 concordant. Cross-tissue: 0/0 concordant.
2026-05-05 21:07:39 [INFO] riker.phases.phase5_replication: Gene ARHGAP24: survived — Same-tissue replication: 2/2 concordant. Cross-tissue: 0/0 concordant.
2026-05-05 21:07:39 [INFO] riker.phases.phase5_replication: Gene DUSP6: survived — Same-tissue replication: 2/2 concordant. Cross-tissue: 0/0 concordant.
2026-05-05 21:07:39 [INFO] riker.phases.phase5_replication: Gene GPER1: survived — Same-tissue replication: 2/2 concordant. Cross-tissue: 0/0 concordant.
2026-05-05 21:07:39 [INFO] riker.phases.phase5_replication: Gene SPRY1: survived — Same-tissue replication: 2/2 concordant. Cross-tissue: 0/0 concordant.
2026-05-05 21:07:39 [INFO] riker.phases.phase5_replication: Gene TNIP1: survived — Same-tissue replication: 2/2 concordant. Cross-tissue: 0/0 concordant.
2026-05-05 21:07:39 [INFO] riker.phases.phase5_replication: Gene ABCA5: survived — Same-tissue replication: 2/2 concordant. Cross-tissue: 0/0 concordant.
2026-05-05 21:07:39 [INFO] riker.phases.phase5_replication: Gene CD34: survived — Same-tissue replication: 2/2 concordant. Cross-tissue: 0/0 concordant.
2026-05-05 21:07:39 [INFO] riker.phases.phase5_replication: Gene DNAJB4: survived — Same-tissue replication: 2/2 concordant. Cross-tissue: 0/0 concordant.
2026-05-05 21:07:39 [INFO] riker.phases.phase5_replication: Gene ESYT1: survived — Same-tissue replication: 2/2 concordant. Cross-tissue: 0/0 concordant.
2026-05-05 21:07:39 [INFO] riker.phases.phase5_replication: Gene GAB2: survived — Same-tissue replication: 2/2 concordant. Cross-tissue: 0/0 concordant.
2026-05-05 21:07:39 [INFO] riker.phases.phase5_replication: Gene GABARAPL1: survived — Same-tissue replication: 2/2 concordant. Cross-tissue: 0/0 concordant.
2026-05-05 21:07:39 [INFO] riker.phases.phase5_replication: Gene LIMCH1: survived — Same-tissue replication: 2/2 concordant. Cross-tissue: 0/0 concordant.
2026-05-05 21:07:39 [INFO] riker.phases.phase5_replication: Gene MXRA7: survived — Same-tissue replication: 2/2 concordant. Cross-tissue: 0/0 concordant.
2026-05-05 21:07:39 [INFO] riker.phases.phase5_replication: Gene NEK7: survived — Same-tissue replication: 0/2 concordant. Cross-tissue: 0/0 concordant.
2026-05-05 21:07:39 [INFO] riker.phases.phase5_replication: Gene PCCA: survived — Same-tissue replication: 2/2 concordant. Cross-tissue: 0/0 concordant.
2026-05-05 21:07:39 [INFO] riker.phases.phase5_replication: Gene PCYOX1: survived — Same-tissue replication: 2/2 concordant. Cross-tissue: 0/0 concordant.
2026-05-05 21:07:39 [INFO] riker.phases.phase5_replication: Gene SMAD6: survived — Same-tissue replication: 2/2 concordant. Cross-tissue: 0/0 concordant.
2026-05-05 21:07:39 [INFO] riker.phases.phase5_replication: Gene ALAD: survived — Same-tissue replication: 2/2 concordant. Cross-tissue: 0/0 concordant.
2026-05-05 21:07:39 [INFO] riker.phases.phase5_replication: Gene KLF11: survived — Same-tissue replication: 2/2 concordant. Cross-tissue: 0/0 concordant.
2026-05-05 21:07:39 [INFO] riker.phases.phase5_replication: Gene MAP7D3: survived — Same-tissue replication: 2/2 concordant. Cross-tissue: 0/0 concordant.
2026-05-05 21:07:39 [INFO] riker.phases.phase5_replication: Gene RBPMS: survived — Same-tissue replication: 2/2 concordant. Cross-tissue: 0/0 concordant.
2026-05-05 21:07:39 [INFO] riker.phases.phase5_replication: Gene UTRN: survived — Same-tissue replication: 2/2 concordant. Cross-tissue: 0/0 concordant.
2026-05-05 21:07:39 [INFO] riker.phases.phase5_replication: Gene BTD: eliminated — Significant opposite direction in same-tissue dataset(s): ['GSE45827', 'GSE65194']. Discovery direction: down.
2026-05-05 21:07:39 [INFO] riker.phases.phase5_replication: Gene C6orf120: eliminated — Significant opposite direction in same-tissue dataset(s): ['GSE45827', 'GSE65194']. Discovery direction: down.
2026-05-05 21:07:39 [INFO] riker.phases.phase5_replication: Gene JDP2: survived — Same-tissue replication: 1/2 concordant. Cross-tissue: 0/0 concordant.
2026-05-05 21:07:39 [INFO] riker.phases.phase5_replication: Gene MRPL46: survived — Same-tissue replication: 2/2 concordant. Cross-tissue: 0/0 concordant.
2026-05-05 21:07:39 [INFO] riker.phases.phase5_replication: Gene MSANTD4: survived — Same-tissue replication: 0/2 concordant. Cross-tissue: 0/0 concordant.
2026-05-05 21:07:39 [INFO] riker.phases.phase5_replication: Gene PXDN: survived — Same-tissue replication: 0/2 concordant. Cross-tissue: 0/0 concordant.
2026-05-05 21:07:39 [INFO] riker.phases.phase5_replication: Gene SIGLEC1: survived — Same-tissue replication: 0/2 concordant. Cross-tissue: 0/0 concordant.
2026-05-05 21:07:39 [INFO] riker.phases.phase5_replication: Gene TENM4: survived — Same-tissue replication: 0/2 concordant. Cross-tissue: 0/0 concordant.
2026-05-05 21:07:39 [INFO] riker.phases.phase5_replication: Gene ARF5: survived — Same-tissue replication: 2/2 concordant. Cross-tissue: 0/0 concordant.
2026-05-05 21:07:39 [INFO] riker.phases.phase5_replication: Gene COPE: survived — Same-tissue replication: 2/2 concordant. Cross-tissue: 0/0 concordant.
2026-05-05 21:07:39 [INFO] riker.phases.phase5_replication: Gene GPATCH8: survived — Same-tissue replication: 2/2 concordant. Cross-tissue: 0/0 concordant.
2026-05-05 21:07:39 [INFO] riker.phases.phase5_replication: Gene NFRKB: eliminated — Significant opposite direction in same-tissue dataset(s): ['GSE45827', 'GSE65194']. Discovery direction: up.
2026-05-05 21:07:39 [INFO] riker.phases.phase5_replication: Gene ZNF207: survived — Same-tissue replication: 2/2 concordant. Cross-tissue: 0/0 concordant.
2026-05-05 21:07:39 [INFO] riker.phases.phase5_replication: Gene CDS2: eliminated — Significant opposite direction in same-tissue dataset(s): ['GSE45827', 'GSE65194']. Discovery direction: down.
2026-05-05 21:07:39 [INFO] riker.phases.phase5_replication: Gene CLCC1: survived — Same-tissue replication: 2/2 concordant. Cross-tissue: 0/0 concordant.
2026-05-05 21:07:39 [INFO] riker.phases.phase5_replication: Gene CRYZL1: survived — Same-tissue replication: 2/2 concordant. Cross-tissue: 0/0 concordant.
2026-05-05 21:07:39 [INFO] riker.phases.phase5_replication: Gene EDN1: survived — Same-tissue replication: 2/2 concordant. Cross-tissue: 0/0 concordant.
2026-05-05 21:07:39 [INFO] riker.phases.phase5_replication: Gene FLI1: survived — Same-tissue replication: 2/2 concordant. Cross-tissue: 0/0 concordant.
2026-05-05 21:07:39 [INFO] riker.phases.phase5_replication: Gene GNE: survived — Same-tissue replication: 2/2 concordant. Cross-tissue: 0/0 concordant.
2026-05-05 21:07:39 [INFO] riker.phases.phase5_replication: Gene GTF2A2: eliminated — Significant opposite direction in same-tissue dataset(s): ['GSE45827', 'GSE65194']. Discovery direction: down.
2026-05-05 21:07:39 [INFO] riker.phases.phase5_replication: Gene HIVEP2: survived — Same-tissue replication: 2/2 concordant. Cross-tissue: 0/0 concordant.
2026-05-05 21:07:39 [INFO] riker.phases.phase5_replication: Gene NACA: survived — Same-tissue replication: 2/2 concordant. Cross-tissue: 0/0 concordant.
2026-05-05 21:07:39 [INFO] riker.phases.phase5_replication: Gene OTUD3: survived — Same-tissue replication: 0/2 concordant. Cross-tissue: 0/0 concordant.
2026-05-05 21:07:39 [INFO] riker.phases.phase5_replication: Gene PAFAH1B1: survived — Same-tissue replication: 2/2 concordant. Cross-tissue: 0/0 concordant.
2026-05-05 21:07:39 [INFO] riker.phases.phase5_replication: Gene PIK3CA: eliminated — Significant opposite direction in same-tissue dataset(s): ['GSE45827', 'GSE65194']. Discovery direction: down.
2026-05-05 21:07:39 [INFO] riker.phases.phase5_replication: Gene PLCD1: survived — Same-tissue replication: 2/2 concordant. Cross-tissue: 0/0 concordant.
2026-05-05 21:07:39 [INFO] riker.phases.phase5_replication: Gene RPL9: survived — Same-tissue replication: 2/2 concordant. Cross-tissue: 0/0 concordant.
2026-05-05 21:07:39 [INFO] riker.phases.phase5_replication: Gene SNX29: survived — Same-tissue replication: 2/2 concordant. Cross-tissue: 0/0 concordant.
2026-05-05 21:07:39 [INFO] riker.phases.phase5_replication: Gene STAG1: survived — Same-tissue replication: 2/2 concordant. Cross-tissue: 0/0 concordant.
2026-05-05 21:07:39 [INFO] riker.phases.phase5_replication: Gene STS: survived — Same-tissue replication: 0/2 concordant. Cross-tissue: 0/0 concordant.
2026-05-05 21:07:39 [INFO] riker.phases.phase5_replication: Gene VAMP5: survived — Same-tissue replication: 2/2 concordant. Cross-tissue: 0/0 concordant.
2026-05-05 21:07:39 [INFO] riker.phases.phase5_replication: Gene ZC3H13: survived — Same-tissue replication: 0/2 concordant. Cross-tissue: 0/0 concordant.
2026-05-05 21:07:39 [INFO] riker.phases.phase5_replication: Gene BAZ1A: survived — Same-tissue replication: 2/2 concordant. Cross-tissue: 0/0 concordant.
2026-05-05 21:07:39 [INFO] riker.phases.phase5_replication: Gene CHD7: survived — Same-tissue replication: 2/2 concordant. Cross-tissue: 0/0 concordant.
2026-05-05 21:07:39 [INFO] riker.phases.phase5_replication: Gene DIAPH1: survived — Same-tissue replication: 2/2 concordant. Cross-tissue: 0/0 concordant.
2026-05-05 21:07:39 [INFO] riker.phases.phase5_replication: Gene EPB41L5: survived — Same-tissue replication: 2/2 concordant. Cross-tissue: 0/0 concordant.
2026-05-05 21:07:39 [INFO] riker.phases.phase5_replication: Gene KIAA0319L: eliminated — Significant opposite direction in same-tissue dataset(s): ['GSE45827', 'GSE65194']. Discovery direction: up.
2026-05-05 21:07:39 [INFO] riker.phases.phase5_replication: Gene LCOR: survived — Same-tissue replication: 2/2 concordant. Cross-tissue: 0/0 concordant.
2026-05-05 21:07:39 [INFO] riker.phases.phase5_replication: Gene MED16: eliminated — Significant opposite direction in same-tissue dataset(s): ['GSE45827', 'GSE65194']. Discovery direction: up.
2026-05-05 21:07:39 [INFO] riker.phases.phase5_replication: Gene SAP30: survived — Same-tissue replication: 2/2 concordant. Cross-tissue: 0/0 concordant.
2026-05-05 21:07:39 [INFO] riker.phases.phase5_replication: Gene STIP1: survived — Same-tissue replication: 2/2 concordant. Cross-tissue: 0/0 concordant.
2026-05-05 21:07:39 [INFO] riker.phases.phase5_replication: Gene VWA1: survived — Same-tissue replication: 0/2 concordant. Cross-tissue: 0/0 concordant.
2026-05-05 21:07:39 [INFO] riker.phases.phase5_replication: Gene CXCR4: survived — Same-tissue replication: 2/2 concordant. Cross-tissue: 0/0 concordant.
2026-05-05 21:07:39 [INFO] riker.phases.phase5_replication: Gene EIF2AK1: survived — Same-tissue replication: 2/2 concordant. Cross-tissue: 0/0 concordant.
2026-05-05 21:07:39 [INFO] riker.phases.phase5_replication: Gene ELF3: survived — Same-tissue replication: 2/2 concordant. Cross-tissue: 0/0 concordant.
2026-05-05 21:07:39 [INFO] riker.phases.phase5_replication: Gene F2RL2: survived — Same-tissue replication: 2/2 concordant. Cross-tissue: 0/0 concordant.
2026-05-05 21:07:39 [INFO] riker.phases.phase5_replication: Gene H4C8: survived — Same-tissue replication: 2/2 concordant. Cross-tissue: 0/0 concordant.
2026-05-05 21:07:39 [INFO] riker.phases.phase5_replication: Gene LYPD3: survived — Same-tissue replication: 2/2 concordant. Cross-tissue: 0/0 concordant.
2026-05-05 21:07:39 [INFO] riker.phases.phase5_replication: Gene PPAT: survived — Same-tissue replication: 2/2 concordant. Cross-tissue: 0/0 concordant.
2026-05-05 21:07:39 [INFO] riker.phases.phase5_replication: Gene PRLR: survived — Same-tissue replication: 2/2 concordant. Cross-tissue: 0/0 concordant.
2026-05-05 21:07:39 [INFO] riker.phases.phase5_replication: Gene PSD4: survived — Same-tissue replication: 2/2 concordant. Cross-tissue: 0/0 concordant.
2026-05-05 21:07:39 [INFO] riker.phases.phase5_replication: Gene RHOH: survived — Same-tissue replication: 2/2 concordant. Cross-tissue: 0/0 concordant.
2026-05-05 21:07:39 [INFO] riker.phases.phase5_replication: Gene RUNX2: survived — Same-tissue replication: 2/2 concordant. Cross-tissue: 0/0 concordant.
2026-05-05 21:07:39 [INFO] riker.phases.phase5_replication: Gene VANGL1: survived — Same-tissue replication: 2/2 concordant. Cross-tissue: 0/0 concordant.
2026-05-05 21:07:39 [INFO] riker.phases.phase5_replication: Gene VDR: survived — Same-tissue replication: 2/2 concordant. Cross-tissue: 0/0 concordant.
2026-05-05 21:07:39 [INFO] riker.phases.phase5_replication: Gene ALDH3B2: survived — Same-tissue replication: 2/2 concordant. Cross-tissue: 0/0 concordant.
2026-05-05 21:07:39 [INFO] riker.phases.phase5_replication: Gene BHLHE40: survived — Same-tissue replication: 2/2 concordant. Cross-tissue: 0/0 concordant.
2026-05-05 21:07:39 [INFO] riker.phases.phase5_replication: Gene DHCR24: survived — Same-tissue replication: 2/2 concordant. Cross-tissue: 0/0 concordant.
2026-05-05 21:07:39 [INFO] riker.phases.phase5_replication: Gene DLG5: eliminated — Significant opposite direction in same-tissue dataset(s): ['GSE65194']. Discovery direction: up.
2026-05-05 21:07:39 [INFO] riker.phases.phase5_replication: Gene GPR137B: survived — Same-tissue replication: 2/2 concordant. Cross-tissue: 0/0 concordant.
2026-05-05 21:07:39 [INFO] riker.phases.phase5_replication: Gene MXRA5: survived — Same-tissue replication: 2/2 concordant. Cross-tissue: 0/0 concordant.
2026-05-05 21:07:39 [INFO] riker.phases.phase5_replication: Gene PLXNC1: survived — Same-tissue replication: 2/2 concordant. Cross-tissue: 0/0 concordant.
2026-05-05 21:07:39 [INFO] riker.phases.phase5_replication: Gene PRSS23: survived — Same-tissue replication: 2/2 concordant. Cross-tissue: 0/0 concordant.
2026-05-05 21:07:39 [INFO] riker.phases.phase5_replication: Gene TFF3: eliminated — Significant opposite direction in same-tissue dataset(s): ['GSE65194']. Discovery direction: up.
2026-05-05 21:07:39 [INFO] riker.phases.phase5_replication: Gene TOM1L1: survived — Same-tissue replication: 2/2 concordant. Cross-tissue: 0/0 concordant.
2026-05-05 21:07:39 [INFO] riker.phases.phase5_replication: Gene CA2: survived — Same-tissue replication: 2/2 concordant. Cross-tissue: 0/0 concordant.
2026-05-05 21:07:39 [INFO] riker.phases.phase5_replication: Gene CANX: survived — Same-tissue replication: 2/2 concordant. Cross-tissue: 0/0 concordant.
2026-05-05 21:07:39 [INFO] riker.phases.phase5_replication: Gene NR2F6: survived — Same-tissue replication: 2/2 concordant. Cross-tissue: 0/0 concordant.
2026-05-05 21:07:39 [INFO] riker.phases.phase5_replication: Gene PAPSS1: survived — Same-tissue replication: 2/2 concordant. Cross-tissue: 0/0 concordant.
2026-05-05 21:07:39 [INFO] riker.phases.phase5_replication: Gene PMAIP1: survived — Same-tissue replication: 2/2 concordant. Cross-tissue: 0/0 concordant.
2026-05-05 21:07:39 [INFO] riker.phases.phase5_replication: Gene SRSF1: survived — Same-tissue replication: 2/2 concordant. Cross-tissue: 0/0 concordant.
2026-05-05 21:07:39 [INFO] riker.phases.phase5_replication: Gene TOB1: survived — Same-tissue replication: 2/2 concordant. Cross-tissue: 0/0 concordant.
2026-05-05 21:07:39 [INFO] riker.phases.phase5_replication: Gene AUP1: survived — Same-tissue replication: 2/2 concordant. Cross-tissue: 0/0 concordant.
2026-05-05 21:07:39 [INFO] riker.phases.phase5_replication: Gene CKAP5: survived — Same-tissue replication: 2/2 concordant. Cross-tissue: 0/0 concordant.
2026-05-05 21:07:39 [INFO] riker.phases.phase5_replication: Gene COIL: survived — Same-tissue replication: 2/2 concordant. Cross-tissue: 0/0 concordant.
2026-05-05 21:07:39 [INFO] riker.phases.phase5_replication: Gene FASTKD1: survived — Same-tissue replication: 2/2 concordant. Cross-tissue: 0/0 concordant.
2026-05-05 21:07:39 [INFO] riker.phases.phase5_replication: Gene PANK3: survived — Same-tissue replication: 2/2 concordant. Cross-tissue: 0/0 concordant.
2026-05-05 21:07:39 [INFO] riker.phases.phase5_replication: Gene TOR1B: survived — Same-tissue replication: 2/2 concordant. Cross-tissue: 0/0 concordant.
2026-05-05 21:07:39 [INFO] riker.phases.phase5_replication: Gene ACTG1: survived — Same-tissue replication: 2/2 concordant. Cross-tissue: 0/0 concordant.
2026-05-05 21:07:39 [INFO] riker.phases.phase5_replication: Gene ALYREF: survived — Same-tissue replication: 2/2 concordant. Cross-tissue: 0/0 concordant.
2026-05-05 21:07:39 [INFO] riker.phases.phase5_replication: Gene AP1AR: survived — Same-tissue replication: 2/2 concordant. Cross-tissue: 0/0 concordant.
2026-05-05 21:07:39 [INFO] riker.phases.phase5_replication: Gene ARHGEF18: survived — Same-tissue replication: 2/2 concordant. Cross-tissue: 0/0 concordant.
2026-05-05 21:07:39 [INFO] riker.phases.phase5_replication: Gene BANF1: survived — Same-tissue replication: 2/2 concordant. Cross-tissue: 0/0 concordant.
2026-05-05 21:07:39 [INFO] riker.phases.phase5_replication: Gene BUD23: survived — Same-tissue replication: 2/2 concordant. Cross-tissue: 0/0 concordant.
2026-05-05 21:07:39 [INFO] riker.phases.phase5_replication: Gene CACFD1: survived — Same-tissue replication: 0/2 concordant. Cross-tissue: 0/0 concordant.
2026-05-05 21:07:39 [INFO] riker.phases.phase5_replication: Gene CCDC137: survived — Same-tissue replication: 2/2 concordant. Cross-tissue: 0/0 concordant.
2026-05-05 21:07:39 [INFO] riker.phases.phase5_replication: Gene CHD3: survived — Same-tissue replication: 0/2 concordant. Cross-tissue: 0/0 concordant.
2026-05-05 21:07:39 [INFO] riker.phases.phase5_replication: Gene CHFR: survived — Same-tissue replication: 2/2 concordant. Cross-tissue: 0/0 concordant.
2026-05-05 21:07:39 [INFO] riker.phases.phase5_replication: Gene DPY30: survived — Same-tissue replication: 2/2 concordant. Cross-tissue: 0/0 concordant.
2026-05-05 21:07:39 [INFO] riker.phases.phase5_replication: Gene ELOF1: survived — Same-tissue replication: 2/2 concordant. Cross-tissue: 0/0 concordant.
2026-05-05 21:07:39 [INFO] riker.phases.phase5_replication: Gene GAR1: survived — Same-tissue replication: 2/2 concordant. Cross-tissue: 0/0 concordant.
2026-05-05 21:07:39 [INFO] riker.phases.phase5_replication: Gene GARS1: survived — Same-tissue replication: 2/2 concordant. Cross-tissue: 0/0 concordant.
2026-05-05 21:07:39 [INFO] riker.phases.phase5_replication: Gene GRAMD1A: survived — Same-tissue replication: 2/2 concordant. Cross-tissue: 0/0 concordant.
2026-05-05 21:07:39 [INFO] riker.phases.phase5_replication: Gene HDHD5: survived — Same-tissue replication: 2/2 concordant. Cross-tissue: 0/0 concordant.
2026-05-05 21:07:39 [INFO] riker.phases.phase5_replication: Gene HNRNPF: survived — Same-tissue replication: 2/2 concordant. Cross-tissue: 0/0 concordant.
2026-05-05 21:07:39 [INFO] riker.phases.phase5_replication: Gene HYLS1: survived — Same-tissue replication: 2/2 concordant. Cross-tissue: 0/0 concordant.
2026-05-05 21:07:39 [INFO] riker.phases.phase5_replication: Gene ILF2: survived — Same-tissue replication: 2/2 concordant. Cross-tissue: 0/0 concordant.
2026-05-05 21:07:39 [INFO] riker.phases.phase5_replication: Gene IRF9: survived — Same-tissue replication: 2/2 concordant. Cross-tissue: 0/0 concordant.
2026-05-05 21:07:39 [INFO] riker.phases.phase5_replication: Gene JADE3: survived — Same-tissue replication: 2/2 concordant. Cross-tissue: 0/0 concordant.
2026-05-05 21:07:39 [INFO] riker.phases.phase5_replication: Gene KIF21A: survived — Same-tissue replication: 2/2 concordant. Cross-tissue: 0/0 concordant.
2026-05-05 21:07:39 [INFO] riker.phases.phase5_replication: Gene LCLAT1: survived — Same-tissue replication: 2/2 concordant. Cross-tissue: 0/0 concordant.
2026-05-05 21:07:39 [INFO] riker.phases.phase5_replication: Gene LEO1: survived — Same-tissue replication: 2/2 concordant. Cross-tissue: 0/0 concordant.
2026-05-05 21:07:39 [INFO] riker.phases.phase5_replication: Gene MAGI3: survived — Same-tissue replication: 2/2 concordant. Cross-tissue: 0/0 concordant.
2026-05-05 21:07:39 [INFO] riker.phases.phase5_replication: Gene MGME1: survived — Same-tissue replication: 2/2 concordant. Cross-tissue: 0/0 concordant.
2026-05-05 21:07:39 [INFO] riker.phases.phase5_replication: Gene MOV10: survived — Same-tissue replication: 2/2 concordant. Cross-tissue: 0/0 concordant.
2026-05-05 21:07:39 [INFO] riker.phases.phase5_replication: Gene MRRF: survived — Same-tissue replication: 2/2 concordant. Cross-tissue: 0/0 concordant.
2026-05-05 21:07:39 [INFO] riker.phases.phase5_replication: Gene NIPA2: survived — Same-tissue replication: 2/2 concordant. Cross-tissue: 0/0 concordant.
2026-05-05 21:07:39 [INFO] riker.phases.phase5_replication: Gene NOL11: survived — Same-tissue replication: 2/2 concordant. Cross-tissue: 0/0 concordant.
2026-05-05 21:07:39 [INFO] riker.phases.phase5_replication: Gene P4HA1: survived — Same-tissue replication: 2/2 concordant. Cross-tissue: 0/0 concordant.
2026-05-05 21:07:39 [INFO] riker.phases.phase5_replication: Gene PABPC3: survived — Same-tissue replication: 2/2 concordant. Cross-tissue: 0/0 concordant.
2026-05-05 21:07:39 [INFO] riker.phases.phase5_replication: Gene PGM2: survived — Same-tissue replication: 2/2 concordant. Cross-tissue: 0/0 concordant.
2026-05-05 21:07:39 [INFO] riker.phases.phase5_replication: Gene PMF1: survived — Same-tissue replication: 2/2 concordant. Cross-tissue: 0/0 concordant.
2026-05-05 21:07:39 [INFO] riker.phases.phase5_replication: Gene PRPF40A: survived — Same-tissue replication: 2/2 concordant. Cross-tissue: 0/0 concordant.
2026-05-05 21:07:39 [INFO] riker.phases.phase5_replication: Gene PUS7: survived — Same-tissue replication: 2/2 concordant. Cross-tissue: 0/0 concordant.
2026-05-05 21:07:39 [INFO] riker.phases.phase5_replication: Gene PYGO2: survived — Same-tissue replication: 2/2 concordant. Cross-tissue: 0/0 concordant.
2026-05-05 21:07:39 [INFO] riker.phases.phase5_replication: Gene RPP40: survived — Same-tissue replication: 2/2 concordant. Cross-tissue: 0/0 concordant.
2026-05-05 21:07:39 [INFO] riker.phases.phase5_replication: Gene RRS1: survived — Same-tissue replication: 2/2 concordant. Cross-tissue: 0/0 concordant.
2026-05-05 21:07:39 [INFO] riker.phases.phase5_replication: Gene SFMBT1: survived — Same-tissue replication: 2/2 concordant. Cross-tissue: 0/0 concordant.
2026-05-05 21:07:39 [INFO] riker.phases.phase5_replication: Gene SIPA1L3: survived — Same-tissue replication: 2/2 concordant. Cross-tissue: 0/0 concordant.
2026-05-05 21:07:39 [INFO] riker.phases.phase5_replication: Gene SLC30A7: survived — Same-tissue replication: 2/2 concordant. Cross-tissue: 0/0 concordant.
2026-05-05 21:07:39 [INFO] riker.phases.phase5_replication: Gene SLC33A1: survived — Same-tissue replication: 2/2 concordant. Cross-tissue: 0/0 concordant.
2026-05-05 21:07:39 [INFO] riker.phases.phase5_replication: Gene SRPK2: survived — Same-tissue replication: 2/2 concordant. Cross-tissue: 0/0 concordant.
2026-05-05 21:07:39 [INFO] riker.phases.phase5_replication: Gene TBCB: survived — Same-tissue replication: 2/2 concordant. Cross-tissue: 0/0 concordant.
2026-05-05 21:07:39 [INFO] riker.phases.phase5_replication: Gene TFB1M: survived — Same-tissue replication: 2/2 concordant. Cross-tissue: 0/0 concordant.
2026-05-05 21:07:39 [INFO] riker.phases.phase5_replication: Gene TGS1: survived — Same-tissue replication: 2/2 concordant. Cross-tissue: 0/0 concordant.
2026-05-05 21:07:39 [INFO] riker.phases.phase5_replication: Gene THOC2: survived — Same-tissue replication: 2/2 concordant. Cross-tissue: 0/0 concordant.
2026-05-05 21:07:39 [INFO] riker.phases.phase5_replication: Gene TMUB1: survived — Same-tissue replication: 0/2 concordant. Cross-tissue: 0/0 concordant.
2026-05-05 21:07:39 [INFO] riker.phases.phase5_replication: Gene UQCC4: survived — Same-tissue replication: 2/2 concordant. Cross-tissue: 0/0 concordant.
2026-05-05 21:07:39 [INFO] riker.phases.phase5_replication: Gene YARS1: survived — Same-tissue replication: 2/2 concordant. Cross-tissue: 0/0 concordant.
2026-05-05 21:07:39 [INFO] riker.phases.phase5_replication: Gene ZFYVE19: survived — Same-tissue replication: 0/2 concordant. Cross-tissue: 0/0 concordant.
2026-05-05 21:07:39 [INFO] riker.phases.phase5_replication: Gene ZNF444: eliminated — Significant opposite direction in same-tissue dataset(s): ['GSE45827', 'GSE65194']. Discovery direction: up.
2026-05-05 21:07:39 [INFO] riker.phases.phase5_replication: Gene ZNF467: survived — Same-tissue replication: 2/2 concordant. Cross-tissue: 0/0 concordant.
2026-05-05 21:07:39 [INFO] riker.phases.phase5_replication: Gene CEP78: survived — Same-tissue replication: 2/2 concordant. Cross-tissue: 0/0 concordant.
2026-05-05 21:07:39 [INFO] riker.phases.phase5_replication: Gene CHLSN: survived — Same-tissue replication: 2/2 concordant. Cross-tissue: 0/0 concordant.
2026-05-05 21:07:39 [INFO] riker.phases.phase5_replication: Gene MCM3: survived — Same-tissue replication: 2/2 concordant. Cross-tissue: 0/0 concordant.
2026-05-05 21:07:39 [INFO] riker.phases.phase5_replication: Gene ORC5: survived — Same-tissue replication: 2/2 concordant. Cross-tissue: 0/0 concordant.
2026-05-05 21:07:39 [INFO] riker.phases.phase5_replication: Gene TADA1: survived — Same-tissue replication: 2/2 concordant. Cross-tissue: 0/0 concordant.
2026-05-05 21:07:39 [INFO] riker.phases.phase5_replication: Gene TAF2: survived — Same-tissue replication: 2/2 concordant. Cross-tissue: 0/0 concordant.
2026-05-05 21:07:39 [INFO] riker.phases.phase5_replication: Gene YWHAZ: survived — Same-tissue replication: 2/2 concordant. Cross-tissue: 0/0 concordant.
2026-05-05 21:07:39 [INFO] riker.phases.phase5_replication: Gene ZBTB9: survived — Same-tissue replication: 2/2 concordant. Cross-tissue: 0/0 concordant.
2026-05-05 21:07:39 [INFO] riker.phases.phase5_replication: Gene LSM7: survived — Same-tissue replication: 2/2 concordant. Cross-tissue: 0/0 concordant.
2026-05-05 21:07:39 [INFO] riker.phases.phase5_replication: Gene SNRPF: survived — Same-tissue replication: 2/2 concordant. Cross-tissue: 0/0 concordant.
2026-05-05 21:07:39 [INFO] riker.phases.phase5_replication: Gene ZNF260: survived — Same-tissue replication: 2/2 concordant. Cross-tissue: 0/0 concordant.
2026-05-05 21:07:39 [INFO] riker.phases.phase5_replication: Gene CSK: survived — Same-tissue replication: 2/2 concordant. Cross-tissue: 0/0 concordant.
2026-05-05 21:07:39 [INFO] riker.phases.phase5_replication: Gene FANCL: survived — Same-tissue replication: 2/2 concordant. Cross-tissue: 0/0 concordant.
2026-05-05 21:07:39 [INFO] riker.phases.phase5_replication: Gene FBXO45: survived — Same-tissue replication: 2/2 concordant. Cross-tissue: 0/0 concordant.
2026-05-05 21:07:39 [INFO] riker.phases.phase5_replication: Gene OPN3: survived — Same-tissue replication: 2/2 concordant. Cross-tissue: 0/0 concordant.
2026-05-05 21:07:39 [INFO] riker.phases.phase5_replication: Gene SH3RF1: survived — Same-tissue replication: 2/2 concordant. Cross-tissue: 0/0 concordant.
2026-05-05 21:07:39 [INFO] riker.phases.phase5_replication: Gene ZNF107: survived — Same-tissue replication: 2/2 concordant. Cross-tissue: 0/0 concordant.
2026-05-05 21:07:39 [INFO] riker.phases.phase5_replication: Gene ZNF678: survived — Same-tissue replication: 2/2 concordant. Cross-tissue: 0/0 concordant.
2026-05-05 21:07:39 [INFO] riker.phases.phase5_replication: Gene ASPM: survived — Same-tissue replication: 2/2 concordant. Cross-tissue: 0/0 concordant.
2026-05-05 21:07:39 [INFO] riker.phases.phase5_replication: Gene ASXL1: survived — Same-tissue replication: 2/2 concordant. Cross-tissue: 0/0 concordant.
2026-05-05 21:07:39 [INFO] riker.phases.phase5_replication: Gene CD24: survived — Same-tissue replication: 2/2 concordant. Cross-tissue: 0/0 concordant.
2026-05-05 21:07:39 [INFO] riker.phases.phase5_replication: Gene CDC20: survived — Same-tissue replication: 2/2 concordant. Cross-tissue: 0/0 concordant.
2026-05-05 21:07:39 [INFO] riker.phases.phase5_replication: Gene CDH1: survived — Same-tissue replication: 2/2 concordant. Cross-tissue: 0/0 concordant.
2026-05-05 21:07:39 [INFO] riker.phases.phase5_replication: Gene CKS2: survived — Same-tissue replication: 2/2 concordant. Cross-tissue: 0/0 concordant.
2026-05-05 21:07:39 [INFO] riker.phases.phase5_replication: Gene COL10A1: survived — Same-tissue replication: 2/2 concordant. Cross-tissue: 0/0 concordant.
2026-05-05 21:07:39 [INFO] riker.phases.phase5_replication: Gene COL11A1: survived — Same-tissue replication: 2/2 concordant. Cross-tissue: 0/0 concordant.
2026-05-05 21:07:39 [INFO] riker.phases.phase5_replication: Gene CXADR: survived — Same-tissue replication: 2/2 concordant. Cross-tissue: 0/0 concordant.
2026-05-05 21:07:39 [INFO] riker.phases.phase5_replication: Gene DSP: survived — Same-tissue replication: 2/2 concordant. Cross-tissue: 0/0 concordant.
2026-05-05 21:07:39 [INFO] riker.phases.phase5_replication: Gene DTL: survived — Same-tissue replication: 2/2 concordant. Cross-tissue: 0/0 concordant.
2026-05-05 21:07:39 [INFO] riker.phases.phase5_replication: Gene EPCAM: survived — Same-tissue replication: 2/2 concordant. Cross-tissue: 0/0 concordant.
2026-05-05 21:07:39 [INFO] riker.phases.phase5_replication: Gene FOXA1: survived — Same-tissue replication: 2/2 concordant. Cross-tissue: 0/0 concordant.
2026-05-05 21:07:39 [INFO] riker.phases.phase5_replication: Gene GATA3: survived — Same-tissue replication: 1/2 concordant. Cross-tissue: 0/0 concordant.
2026-05-05 21:07:39 [INFO] riker.phases.phase5_replication: Gene KRT18: survived — Same-tissue replication: 2/2 concordant. Cross-tissue: 0/0 concordant.
2026-05-05 21:07:39 [INFO] riker.phases.phase5_replication: Gene KRT19: survived — Same-tissue replication: 2/2 concordant. Cross-tissue: 0/0 concordant.
2026-05-05 21:07:39 [INFO] riker.phases.phase5_replication: Gene KRT8: survived — Same-tissue replication: 2/2 concordant. Cross-tissue: 0/0 concordant.
2026-05-05 21:07:39 [INFO] riker.phases.phase5_replication: Gene MELK: survived — Same-tissue replication: 2/2 concordant. Cross-tissue: 0/0 concordant.
2026-05-05 21:07:39 [INFO] riker.phases.phase5_replication: Gene MYB: survived — Same-tissue replication: 0/2 concordant. Cross-tissue: 0/0 concordant.
2026-05-05 21:07:39 [INFO] riker.phases.phase5_replication: Gene NUSAP1: survived — Same-tissue replication: 2/2 concordant. Cross-tissue: 0/0 concordant.
2026-05-05 21:07:39 [INFO] riker.phases.phase5_replication: Gene PAFAH1B3: survived — Same-tissue replication: 2/2 concordant. Cross-tissue: 0/0 concordant.
2026-05-05 21:07:39 [INFO] riker.phases.phase5_replication: Gene PCLAF: survived — Same-tissue replication: 2/2 concordant. Cross-tissue: 0/0 concordant.
2026-05-05 21:07:39 [INFO] riker.phases.phase5_replication: Gene PRC1: survived — Same-tissue replication: 2/2 concordant. Cross-tissue: 0/0 concordant.
2026-05-05 21:07:39 [INFO] riker.phases.phase5_replication: Gene PRSS8: survived — Same-tissue replication: 2/2 concordant. Cross-tissue: 0/0 concordant.
2026-05-05 21:07:39 [INFO] riker.phases.phase5_replication: Gene RAB25: survived — Same-tissue replication: 2/2 concordant. Cross-tissue: 0/0 concordant.
2026-05-05 21:07:39 [INFO] riker.phases.phase5_replication: Gene RRM2: survived — Same-tissue replication: 2/2 concordant. Cross-tissue: 0/0 concordant.
2026-05-05 21:07:39 [INFO] riker.phases.phase5_replication: Gene S100A14: survived — Same-tissue replication: 2/2 concordant. Cross-tissue: 0/0 concordant.
2026-05-05 21:07:39 [INFO] riker.phases.phase5_replication: Gene S100P: survived — Same-tissue replication: 2/2 concordant. Cross-tissue: 0/0 concordant.
2026-05-05 21:07:39 [INFO] riker.phases.phase5_replication: Gene SDC1: survived — Same-tissue replication: 2/2 concordant. Cross-tissue: 0/0 concordant.
2026-05-05 21:07:39 [INFO] riker.phases.phase5_replication: Gene SLC38A1: survived — Same-tissue replication: 2/2 concordant. Cross-tissue: 0/0 concordant.
2026-05-05 21:07:39 [INFO] riker.phases.phase5_replication: Gene SPINT2: survived — Same-tissue replication: 2/2 concordant. Cross-tissue: 0/0 concordant.
2026-05-05 21:07:39 [INFO] riker.phases.phase5_replication: Gene SQLE: survived — Same-tissue replication: 2/2 concordant. Cross-tissue: 0/0 concordant.
2026-05-05 21:07:39 [INFO] riker.phases.phase5_replication: Gene TOP2A: survived — Same-tissue replication: 2/2 concordant. Cross-tissue: 0/0 concordant.
2026-05-05 21:07:39 [INFO] riker.phases.phase5_replication: Gene TPD52: survived — Same-tissue replication: 2/2 concordant. Cross-tissue: 0/0 concordant.
2026-05-05 21:07:39 [INFO] riker.phases.phase5_replication: Gene ZWINT: survived — Same-tissue replication: 2/2 concordant. Cross-tissue: 0/0 concordant.
2026-05-05 21:07:39 [INFO] riker.phases.phase5_replication: Gene HPGDS: survived — Same-tissue replication: 0/2 concordant. Cross-tissue: 0/0 concordant.
2026-05-05 21:07:39 [INFO] riker.phases.phase5_replication: Gene MEGF8: survived — Same-tissue replication: 2/2 concordant. Cross-tissue: 0/0 concordant.
2026-05-05 21:07:39 [INFO] riker.phases.phase5_replication: Gene PRNP: survived — Same-tissue replication: 2/2 concordant. Cross-tissue: 0/0 concordant.
2026-05-05 21:07:39 [INFO] riker.phases.phase5_replication: Gene RAP1B: survived — Same-tissue replication: 0/2 concordant. Cross-tissue: 0/0 concordant.
2026-05-05 21:07:39 [INFO] riker.phases.phase5_replication: Gene RGS2: survived — Same-tissue replication: 2/2 concordant. Cross-tissue: 0/0 concordant.
2026-05-05 21:07:39 [INFO] riker.phases.phase5_replication: Gene SLC25A42: survived — Same-tissue replication: 2/2 concordant. Cross-tissue: 0/0 concordant.
2026-05-05 21:07:39 [INFO] riker.phases.phase5_replication: Gene SYF2: survived — Same-tissue replication: 2/2 concordant. Cross-tissue: 0/0 concordant.
2026-05-05 21:07:39 [INFO] riker.phases.phase5_replication: Gene TASOR: eliminated — Significant opposite direction in same-tissue dataset(s): ['GSE45827', 'GSE65194']. Discovery direction: down.
2026-05-05 21:07:39 [INFO] riker.phases.phase5_replication: Gene TLE4: survived — Same-tissue replication: 2/2 concordant. Cross-tissue: 0/0 concordant.
2026-05-05 21:07:39 [INFO] riker.phases.phase5_replication: Gene ZNF507: survived — Same-tissue replication: 2/2 concordant. Cross-tissue: 0/0 concordant.
2026-05-05 21:07:39 [INFO] riker.phases.phase5_replication: Gene ATP6V0B: survived — Same-tissue replication: 2/2 concordant. Cross-tissue: 0/0 concordant.
2026-05-05 21:07:39 [INFO] riker.phases.phase5_replication: Gene ELMO3: survived — Same-tissue replication: 0/2 concordant. Cross-tissue: 0/0 concordant.
2026-05-05 21:07:39 [INFO] riker.phases.phase5_replication: Gene KPNA2: survived — Same-tissue replication: 2/2 concordant. Cross-tissue: 0/0 concordant.
2026-05-05 21:07:39 [INFO] riker.phases.phase5_replication: Gene NANS: survived — Same-tissue replication: 2/2 concordant. Cross-tissue: 0/0 concordant.
2026-05-05 21:07:39 [INFO] riker.phases.phase5_replication: Gene PCNA: survived — Same-tissue replication: 2/2 concordant. Cross-tissue: 0/0 concordant.
2026-05-05 21:07:39 [INFO] riker.phases.phase5_replication: Gene SMARCA4: survived — Same-tissue replication: 2/2 concordant. Cross-tissue: 0/0 concordant.
2026-05-05 21:07:39 [INFO] riker.phases.phase5_replication: Gene TSPAN13: survived — Same-tissue replication: 2/2 concordant. Cross-tissue: 0/0 concordant.
2026-05-05 21:07:39 [INFO] riker.phases.phase5_replication: Gene VAMP8: survived — Same-tissue replication: 2/2 concordant. Cross-tissue: 0/0 concordant.
2026-05-05 21:07:39 [INFO] riker.phases.phase5_replication: Gene DBF4: survived — Same-tissue replication: 2/2 concordant. Cross-tissue: 0/0 concordant.
2026-05-05 21:07:39 [INFO] riker.phases.phase5_replication: Gene ENO2: survived — Same-tissue replication: 2/2 concordant. Cross-tissue: 0/0 concordant.
2026-05-05 21:07:39 [INFO] riker.phases.phase5_replication: Gene GGCT: survived — Same-tissue replication: 2/2 concordant. Cross-tissue: 0/0 concordant.
2026-05-05 21:07:39 [INFO] riker.phases.phase5_replication: Gene KCTD5: survived — Same-tissue replication: 2/2 concordant. Cross-tissue: 0/0 concordant.
2026-05-05 21:07:39 [INFO] riker.phases.phase5_replication: Gene KHDC4: survived — Same-tissue replication: 2/2 concordant. Cross-tissue: 0/0 concordant.
2026-05-05 21:07:39 [INFO] riker.phases.phase5_replication: Gene PYCR1: survived — Same-tissue replication: 2/2 concordant. Cross-tissue: 0/0 concordant.
2026-05-05 21:07:39 [INFO] riker.phases.phase5_replication: Gene VPS37C: survived — Same-tissue replication: 2/2 concordant. Cross-tissue: 0/0 concordant.
2026-05-05 21:07:39 [INFO] riker.phases.phase5_replication: Gene ARB2A: survived — Same-tissue replication: 2/2 concordant. Cross-tissue: 0/0 concordant.
2026-05-05 21:07:39 [INFO] riker.phases.phase5_replication: Gene CPQ: survived — Same-tissue replication: 2/2 concordant. Cross-tissue: 0/0 concordant.
2026-05-05 21:07:39 [INFO] riker.phases.phase5_replication: Gene CTSG: survived — Same-tissue replication: 2/2 concordant. Cross-tissue: 0/0 concordant.
2026-05-05 21:07:39 [INFO] riker.phases.phase5_replication: Gene DIP2C: survived — Same-tissue replication: 2/2 concordant. Cross-tissue: 0/0 concordant.
2026-05-05 21:07:39 [INFO] riker.phases.phase5_replication: Gene EIF2B3: survived — Same-tissue replication: 2/2 concordant. Cross-tissue: 0/0 concordant.
2026-05-05 21:07:39 [INFO] riker.phases.phase5_replication: Gene FNDC4: survived — Same-tissue replication: 1/1 concordant. Cross-tissue: 0/0 concordant.
2026-05-05 21:07:40 [INFO] riker.phases.phase5_replication: Gene FTL: survived — Same-tissue replication: 0/2 concordant. Cross-tissue: 0/0 concordant.
2026-05-05 21:07:40 [INFO] riker.phases.phase5_replication: Gene GCLC: eliminated — Significant opposite direction in same-tissue dataset(s): ['GSE45827', 'GSE65194']. Discovery direction: down.
2026-05-05 21:07:40 [INFO] riker.phases.phase5_replication: Gene MT1HL1: survived — Same-tissue replication: 2/2 concordant. Cross-tissue: 0/0 concordant.
2026-05-05 21:07:40 [INFO] riker.phases.phase5_replication: Gene NDEL1: survived — Same-tissue replication: 2/2 concordant. Cross-tissue: 0/0 concordant.
2026-05-05 21:07:40 [INFO] riker.phases.phase5_replication: Gene PRR5: survived — Same-tissue replication: 2/2 concordant. Cross-tissue: 0/0 concordant.
2026-05-05 21:07:40 [INFO] riker.phases.phase5_replication: Gene ST13: survived — Same-tissue replication: 2/2 concordant. Cross-tissue: 0/0 concordant.
2026-05-05 21:07:40 [INFO] riker.phases.phase5_replication: Gene VSTM4: survived — Same-tissue replication: 2/2 concordant. Cross-tissue: 0/0 concordant.
2026-05-05 21:07:40 [INFO] riker.phases.phase5_replication: Gene WDR19: survived — Same-tissue replication: 2/2 concordant. Cross-tissue: 0/0 concordant.
2026-05-05 21:07:40 [INFO] riker.phases.phase5_replication: Gene AGPAT2: survived — Same-tissue replication: 2/2 concordant. Cross-tissue: 0/0 concordant.
2026-05-05 21:07:40 [INFO] riker.phases.phase5_replication: Gene ALDOC: survived — Same-tissue replication: 2/2 concordant. Cross-tissue: 0/0 concordant.
2026-05-05 21:07:40 [INFO] riker.phases.phase5_replication: Gene CXCL2: survived — Same-tissue replication: 2/2 concordant. Cross-tissue: 0/0 concordant.
2026-05-05 21:07:40 [INFO] riker.phases.phase5_replication: Gene EGFR: survived — Same-tissue replication: 2/2 concordant. Cross-tissue: 0/0 concordant.
2026-05-05 21:07:40 [INFO] riker.phases.phase5_replication: Gene ETFB: survived — Same-tissue replication: 2/2 concordant. Cross-tissue: 0/0 concordant.
2026-05-05 21:07:40 [INFO] riker.phases.phase5_replication: Gene IL33: survived — Same-tissue replication: 2/2 concordant. Cross-tissue: 0/0 concordant.
2026-05-05 21:07:40 [INFO] riker.phases.phase5_replication: Gene KCNJ8: survived — Same-tissue replication: 2/2 concordant. Cross-tissue: 0/0 concordant.
2026-05-05 21:07:40 [INFO] riker.phases.phase5_replication: Gene RHOQ: survived — Same-tissue replication: 0/2 concordant. Cross-tissue: 0/0 concordant.
2026-05-05 21:07:40 [INFO] riker.phases.phase5_replication: Gene TMEM140: survived — Same-tissue replication: 2/2 concordant. Cross-tissue: 0/0 concordant.
2026-05-05 21:07:40 [INFO] riker.phases.phase5_replication: Gene VGLL3: survived — Same-tissue replication: 2/2 concordant. Cross-tissue: 0/0 concordant.
2026-05-05 21:07:40 [INFO] riker.phases.phase5_replication: Gene PA2G4: survived — Same-tissue replication: 0/2 concordant. Cross-tissue: 0/0 concordant.
2026-05-05 21:07:40 [INFO] riker.phases.phase5_replication: Gene TRAM1: survived — Same-tissue replication: 2/2 concordant. Cross-tissue: 0/0 concordant.
2026-05-05 21:07:40 [INFO] riker.phases.phase5_replication: Gene TUBA1B: survived — Same-tissue replication: 2/2 concordant. Cross-tissue: 0/0 concordant.
2026-05-05 21:07:40 [INFO] riker.phases.phase5_replication: Gene DNAJB11: survived — Same-tissue replication: 2/2 concordant. Cross-tissue: 0/0 concordant.
2026-05-05 21:07:40 [INFO] riker.phases.phase5_replication: Gene HEATR1: survived — Same-tissue replication: 2/2 concordant. Cross-tissue: 0/0 concordant.
2026-05-05 21:07:40 [INFO] riker.phases.phase5_replication: Gene KPNB1: eliminated — Significant opposite direction in same-tissue dataset(s): ['GSE45827', 'GSE65194']. Discovery direction: up.
2026-05-05 21:07:40 [INFO] riker.phases.phase5_replication: Gene TMEM39A: survived — Same-tissue replication: 2/2 concordant. Cross-tissue: 0/0 concordant.
2026-05-05 21:07:40 [INFO] riker.phases.phase5_replication: Gene TMEM86A: survived — Same-tissue replication: 2/2 concordant. Cross-tissue: 0/0 concordant.
2026-05-05 21:07:40 [INFO] riker.phases.phase5_replication: Gene UBE2Q1: survived — Same-tissue replication: 2/2 concordant. Cross-tissue: 0/0 concordant.
2026-05-05 21:07:40 [INFO] riker.phases.phase5_replication: Gene ADRB2: survived — Same-tissue replication: 2/2 concordant. Cross-tissue: 0/0 concordant.
2026-05-05 21:07:40 [INFO] riker.phases.phase5_replication: Gene EGFLAM: survived — Same-tissue replication: 2/2 concordant. Cross-tissue: 0/0 concordant.
2026-05-05 21:07:40 [INFO] riker.phases.phase5_replication: Gene HSPB6: survived — Same-tissue replication: 2/2 concordant. Cross-tissue: 0/0 concordant.
2026-05-05 21:07:40 [INFO] riker.phases.phase5_replication: Gene PGM5: survived — Same-tissue replication: 2/2 concordant. Cross-tissue: 0/0 concordant.
2026-05-05 21:07:40 [INFO] riker.phases.phase5_replication: Gene RBMS3: survived — Same-tissue replication: 2/2 concordant. Cross-tissue: 0/0 concordant.
2026-05-05 21:07:40 [INFO] riker.phases.phase5_replication: Gene TMEM220: survived — Same-tissue replication: 1/1 concordant. Cross-tissue: 0/0 concordant.
2026-05-05 21:07:40 [INFO] riker.phases.phase5_replication: Gene VIT: survived — Same-tissue replication: 2/2 concordant. Cross-tissue: 0/0 concordant.
2026-05-05 21:07:40 [INFO] riker.phases.phase5_replication: Gene AGFG1: eliminated — Significant opposite direction in same-tissue dataset(s): ['GSE45827', 'GSE65194']. Discovery direction: down.
2026-05-05 21:07:40 [INFO] riker.phases.phase5_replication: Gene BAALC: survived — Same-tissue replication: 1/1 concordant. Cross-tissue: 0/0 concordant.
2026-05-05 21:07:40 [INFO] riker.phases.phase5_replication: Gene CSAD: survived — Same-tissue replication: 2/2 concordant. Cross-tissue: 0/0 concordant.
2026-05-05 21:07:40 [INFO] riker.phases.phase5_replication: Gene ECPAS: survived — Same-tissue replication: 2/2 concordant. Cross-tissue: 0/0 concordant.
2026-05-05 21:07:40 [INFO] riker.phases.phase5_replication: Gene EIF3F: survived — Same-tissue replication: 2/2 concordant. Cross-tissue: 0/0 concordant.
2026-05-05 21:07:40 [INFO] riker.phases.phase5_replication: Gene FAM149B1: eliminated — Significant opposite direction in same-tissue dataset(s): ['GSE45827', 'GSE65194']. Discovery direction: down.
2026-05-05 21:07:40 [INFO] riker.phases.phase5_replication: Gene HMGCL: survived — Same-tissue replication: 2/2 concordant. Cross-tissue: 0/0 concordant.
2026-05-05 21:07:40 [INFO] riker.phases.phase5_replication: Gene LRP3: survived — Same-tissue replication: 2/2 concordant. Cross-tissue: 0/0 concordant.
2026-05-05 21:07:40 [INFO] riker.phases.phase5_replication: Gene MRPL10: survived — Same-tissue replication: 0/2 concordant. Cross-tissue: 0/0 concordant.
2026-05-05 21:07:40 [INFO] riker.phases.phase5_replication: Gene MYO5A: survived — Same-tissue replication: 0/2 concordant. Cross-tissue: 0/0 concordant.
2026-05-05 21:07:40 [INFO] riker.phases.phase5_replication: Gene PKNOX2: survived — Same-tissue replication: 1/1 concordant. Cross-tissue: 0/0 concordant.
2026-05-05 21:07:40 [INFO] riker.phases.phase5_replication: Gene SMAD7: eliminated — Significant opposite direction in same-tissue dataset(s): ['GSE45827', 'GSE65194']. Discovery direction: down.
2026-05-05 21:07:40 [INFO] riker.phases.phase5_replication: Gene SOS2: survived — Same-tissue replication: 0/2 concordant. Cross-tissue: 0/0 concordant.
2026-05-05 21:07:40 [INFO] riker.phases.phase5_replication: Gene SRGAP2C: survived — Same-tissue replication: 2/2 concordant. Cross-tissue: 0/0 concordant.
2026-05-05 21:07:40 [INFO] riker.phases.phase5_replication: Gene ZFYVE9: survived — Same-tissue replication: 2/2 concordant. Cross-tissue: 0/0 concordant.
2026-05-05 21:07:40 [INFO] riker.phases.phase5_replication: Gene DZIP1: survived — Same-tissue replication: 2/2 concordant. Cross-tissue: 0/0 concordant.
2026-05-05 21:07:40 [INFO] riker.phases.phase5_replication: Gene GDF5: survived — Same-tissue replication: 1/1 concordant. Cross-tissue: 0/0 concordant.
2026-05-05 21:07:40 [INFO] riker.phases.phase5_replication: Gene WFS1: survived — Same-tissue replication: 2/2 concordant. Cross-tissue: 0/0 concordant.
2026-05-05 21:07:40 [INFO] riker.phases.phase5_replication: Gene ZFHX3: survived — Same-tissue replication: 2/2 concordant. Cross-tissue: 0/0 concordant.
2026-05-05 21:07:40 [INFO] riker.phases.phase5_replication: Gene CD99: survived — Same-tissue replication: 0/2 concordant. Cross-tissue: 0/0 concordant.
2026-05-05 21:07:40 [INFO] riker.phases.phase5_replication: Gene PACS1: survived — Same-tissue replication: 2/2 concordant. Cross-tissue: 0/0 concordant.
2026-05-05 21:07:40 [INFO] riker.phases.phase5_replication: Gene PLEKHO2: survived — Same-tissue replication: 2/2 concordant. Cross-tissue: 0/0 concordant.
2026-05-05 21:07:40 [INFO] riker.phases.phase5_replication: Gene ABCD2: survived — Same-tissue replication: 1/1 concordant. Cross-tissue: 0/0 concordant.
2026-05-05 21:07:40 [INFO] riker.phases.phase5_replication: Gene CPE: survived — Same-tissue replication: 2/2 concordant. Cross-tissue: 0/0 concordant.
2026-05-05 21:07:40 [INFO] riker.phases.phase5_replication: Gene FMNL2: eliminated — Significant opposite direction in same-tissue dataset(s): ['GSE45827', 'GSE65194']. Discovery direction: down.
2026-05-05 21:07:40 [INFO] riker.phases.phase5_replication: Gene LRP1: survived — Same-tissue replication: 2/2 concordant. Cross-tissue: 0/0 concordant.
2026-05-05 21:07:40 [INFO] riker.phases.phase5_replication: Gene SLC25A33: survived — Same-tissue replication: 0/2 concordant. Cross-tissue: 0/0 concordant.
2026-05-05 21:07:40 [INFO] riker.phases.phase5_replication: Gene SNX10: eliminated — Significant opposite direction in same-tissue dataset(s): ['GSE45827', 'GSE65194']. Discovery direction: down.
2026-05-05 21:07:40 [INFO] riker.phases.phase5_replication: Gene ZNF521: survived — Same-tissue replication: 2/2 concordant. Cross-tissue: 0/0 concordant.
2026-05-05 21:07:40 [INFO] riker.phases.phase5_replication: Gene CDC37L1: eliminated — Significant opposite direction in same-tissue dataset(s): ['GSE45827', 'GSE65194']. Discovery direction: down.
2026-05-05 21:07:40 [INFO] riker.phases.phase5_replication: Gene ELOVL5: survived — Same-tissue replication: 2/2 concordant. Cross-tissue: 0/0 concordant.
2026-05-05 21:07:40 [INFO] riker.phases.phase5_replication: Gene GEM: survived — Same-tissue replication: 0/2 concordant. Cross-tissue: 0/0 concordant.
2026-05-05 21:07:40 [INFO] riker.phases.phase5_replication: Gene SLC9A6: survived — Same-tissue replication: 1/2 concordant. Cross-tissue: 0/0 concordant.
2026-05-05 21:07:40 [INFO] riker.phases.phase5_replication: Gene BRCC3: survived — Same-tissue replication: 2/2 concordant. Cross-tissue: 0/0 concordant.
2026-05-05 21:07:40 [INFO] riker.phases.phase5_replication: Gene CCDC57: survived — Same-tissue replication: 0/2 concordant. Cross-tissue: 0/0 concordant.
2026-05-05 21:07:40 [INFO] riker.phases.phase5_replication: Gene CSNK2A1: survived — Same-tissue replication: 2/2 concordant. Cross-tissue: 0/0 concordant.
2026-05-05 21:07:40 [INFO] riker.phases.phase5_replication: Gene EDEM1: survived — Same-tissue replication: 2/2 concordant. Cross-tissue: 0/0 concordant.
2026-05-05 21:07:40 [INFO] riker.phases.phase5_replication: Gene KANSL2: survived — Same-tissue replication: 2/2 concordant. Cross-tissue: 0/0 concordant.
2026-05-05 21:07:40 [INFO] riker.phases.phase5_replication: Gene LARP4B: survived — Same-tissue replication: 2/2 concordant. Cross-tissue: 0/0 concordant.
2026-05-05 21:07:40 [INFO] riker.phases.phase5_replication: Gene NAA60: survived — Same-tissue replication: 2/2 concordant. Cross-tissue: 0/0 concordant.
2026-05-05 21:07:40 [INFO] riker.phases.phase5_replication: Gene PHTF2: survived — Same-tissue replication: 2/2 concordant. Cross-tissue: 0/0 concordant.
2026-05-05 21:07:40 [INFO] riker.phases.phase5_replication: Gene PPME1: survived — Same-tissue replication: 2/2 concordant. Cross-tissue: 0/0 concordant.
2026-05-05 21:07:40 [INFO] riker.phases.phase5_replication: Gene PRAF2: survived — Same-tissue replication: 2/2 concordant. Cross-tissue: 0/0 concordant.
2026-05-05 21:07:40 [INFO] riker.phases.phase5_replication: Gene SPATA2L: eliminated — Significant opposite direction in same-tissue dataset(s): ['GSE45827', 'GSE65194']. Discovery direction: up.
2026-05-05 21:07:40 [INFO] riker.phases.phase5_replication: Gene UBE2I: survived — Same-tissue replication: 2/2 concordant. Cross-tissue: 0/0 concordant.
2026-05-05 21:07:40 [INFO] riker.phases.phase5_replication: Gene C19orf12: survived — Same-tissue replication: 2/2 concordant. Cross-tissue: 0/0 concordant.
2026-05-05 21:07:40 [INFO] riker.phases.phase5_replication: Gene CYYR1: survived — Same-tissue replication: 2/2 concordant. Cross-tissue: 0/0 concordant.
2026-05-05 21:07:40 [INFO] riker.phases.phase5_replication: Gene GPATCH11: survived — Same-tissue replication: 2/2 concordant. Cross-tissue: 0/0 concordant.
2026-05-05 21:07:40 [INFO] riker.phases.phase5_replication: Gene INMT: survived — Same-tissue replication: 2/2 concordant. Cross-tissue: 0/0 concordant.
2026-05-05 21:07:40 [INFO] riker.phases.phase5_replication: Gene PRXL2A: survived — Same-tissue replication: 2/2 concordant. Cross-tissue: 0/0 concordant.
2026-05-05 21:07:40 [INFO] riker.phases.phase5_replication: Gene TMOD1: survived — Same-tissue replication: 2/2 concordant. Cross-tissue: 0/0 concordant.
2026-05-05 21:07:40 [INFO] riker.phases.phase5_replication: Gene ARPC5L: survived — Same-tissue replication: 2/2 concordant. Cross-tissue: 0/0 concordant.
2026-05-05 21:07:40 [INFO] riker.phases.phase5_replication: Gene CDK5RAP3: eliminated — Significant opposite direction in same-tissue dataset(s): ['GSE45827', 'GSE65194']. Discovery direction: up.
2026-05-05 21:07:40 [INFO] riker.phases.phase5_replication: Gene CNPY2: survived — Same-tissue replication: 2/2 concordant. Cross-tissue: 0/0 concordant.
2026-05-05 21:07:40 [INFO] riker.phases.phase5_replication: Gene PTBP1: survived — Same-tissue replication: 2/2 concordant. Cross-tissue: 0/0 concordant.
2026-05-05 21:07:40 [INFO] riker.phases.phase5_replication: Gene RNPS1: survived — Same-tissue replication: 2/2 concordant. Cross-tissue: 0/0 concordant.
2026-05-05 21:07:40 [INFO] riker.phases.phase5_replication: Gene RPL26L1: survived — Same-tissue replication: 2/2 concordant. Cross-tissue: 0/0 concordant.
2026-05-05 21:07:40 [INFO] riker.phases.phase5_replication: Gene TARBP1: survived — Same-tissue replication: 2/2 concordant. Cross-tissue: 0/0 concordant.
2026-05-05 21:07:40 [INFO] riker.phases.phase5_replication: Gene TIMM17A: survived — Same-tissue replication: 2/2 concordant. Cross-tissue: 0/0 concordant.
2026-05-05 21:07:40 [INFO] riker.phases.phase5_replication: Gene TOR3A: survived — Same-tissue replication: 2/2 concordant. Cross-tissue: 0/0 concordant.
2026-05-05 21:07:40 [INFO] riker.phases.phase5_replication: Gene TXN: survived — Same-tissue replication: 2/2 concordant. Cross-tissue: 0/0 concordant.
2026-05-05 21:07:40 [INFO] riker.phases.phase5_replication: Gene ZNG1F: survived — Same-tissue replication: 2/2 concordant. Cross-tissue: 0/0 concordant.
2026-05-05 21:07:40 [INFO] riker.phases.phase5_replication: Gene ADPGK: survived — Same-tissue replication: 2/2 concordant. Cross-tissue: 0/0 concordant.
2026-05-05 21:07:40 [INFO] riker.phases.phase5_replication: Gene ALG3: survived — Same-tissue replication: 2/2 concordant. Cross-tissue: 0/0 concordant.
2026-05-05 21:07:40 [INFO] riker.phases.phase5_replication: Gene ASPSCR1: survived — Same-tissue replication: 2/2 concordant. Cross-tissue: 0/0 concordant.
2026-05-05 21:07:40 [INFO] riker.phases.phase5_replication: Gene CERS4: survived — Same-tissue replication: 0/2 concordant. Cross-tissue: 0/0 concordant.
2026-05-05 21:07:40 [INFO] riker.phases.phase5_replication: Gene COG2: survived — Same-tissue replication: 2/2 concordant. Cross-tissue: 0/0 concordant.
2026-05-05 21:07:40 [INFO] riker.phases.phase5_replication: Gene FAM234B: survived — Same-tissue replication: 2/2 concordant. Cross-tissue: 0/0 concordant.
2026-05-05 21:07:40 [INFO] riker.phases.phase5_replication: Gene FASTK: eliminated — Significant opposite direction in same-tissue dataset(s): ['GSE45827', 'GSE65194']. Discovery direction: up.
2026-05-05 21:07:40 [INFO] riker.phases.phase5_replication: Gene GMDS: survived — Same-tissue replication: 2/2 concordant. Cross-tissue: 0/0 concordant.
2026-05-05 21:07:40 [INFO] riker.phases.phase5_replication: Gene GMPPA: survived — Same-tissue replication: 2/2 concordant. Cross-tissue: 0/0 concordant.
2026-05-05 21:07:40 [INFO] riker.phases.phase5_replication: Gene GNB2: survived — Same-tissue replication: 2/2 concordant. Cross-tissue: 0/0 concordant.
2026-05-05 21:07:40 [INFO] riker.phases.phase5_replication: Gene HEATR6: survived — Same-tissue replication: 2/2 concordant. Cross-tissue: 0/0 concordant.
2026-05-05 21:07:40 [INFO] riker.phases.phase5_replication: Gene LUC7L3: survived — Same-tissue replication: 0/2 concordant. Cross-tissue: 0/0 concordant.
2026-05-05 21:07:40 [INFO] riker.phases.phase5_replication: Gene MED25: survived — Same-tissue replication: 2/2 concordant. Cross-tissue: 0/0 concordant.
2026-05-05 21:07:40 [INFO] riker.phases.phase5_replication: Gene METTL13: survived — Same-tissue replication: 2/2 concordant. Cross-tissue: 0/0 concordant.
2026-05-05 21:07:40 [INFO] riker.phases.phase5_replication: Gene NEMP1: survived — Same-tissue replication: 2/2 concordant. Cross-tissue: 0/0 concordant.
2026-05-05 21:07:40 [INFO] riker.phases.phase5_replication: Gene NOL6: survived — Same-tissue replication: 2/2 concordant. Cross-tissue: 0/0 concordant.
2026-05-05 21:07:40 [INFO] riker.phases.phase5_replication: Gene NUBP2: survived — Same-tissue replication: 0/2 concordant. Cross-tissue: 0/0 concordant.
2026-05-05 21:07:40 [INFO] riker.phases.phase5_replication: Gene P4HTM: survived — Same-tissue replication: 2/2 concordant. Cross-tissue: 0/0 concordant.
2026-05-05 21:07:40 [INFO] riker.phases.phase5_replication: Gene PES1: survived — Same-tissue replication: 0/2 concordant. Cross-tissue: 0/0 concordant.
2026-05-05 21:07:40 [INFO] riker.phases.phase5_replication: Gene PEX11B: survived — Same-tissue replication: 2/2 concordant. Cross-tissue: 0/0 concordant.
2026-05-05 21:07:40 [INFO] riker.phases.phase5_replication: Gene PPFIBP1: eliminated — Significant opposite direction in same-tissue dataset(s): ['GSE45827', 'GSE65194']. Discovery direction: up.
2026-05-05 21:07:40 [INFO] riker.phases.phase5_replication: Gene PPOX: survived — Same-tissue replication: 2/2 concordant. Cross-tissue: 0/0 concordant.
2026-05-05 21:07:40 [INFO] riker.phases.phase5_replication: Gene RGS19: survived — Same-tissue replication: 2/2 concordant. Cross-tissue: 0/0 concordant.
2026-05-05 21:07:40 [INFO] riker.phases.phase5_replication: Gene SLC29A3: survived — Same-tissue replication: 2/2 concordant. Cross-tissue: 0/0 concordant.
2026-05-05 21:07:40 [INFO] riker.phases.phase5_replication: Gene TGFB3: survived — Same-tissue replication: 2/2 concordant. Cross-tissue: 0/0 concordant.
2026-05-05 21:07:40 [INFO] riker.phases.phase5_replication: Gene TLR5: eliminated — Significant opposite direction in same-tissue dataset(s): ['GSE45827', 'GSE65194']. Discovery direction: up.
2026-05-05 21:07:40 [INFO] riker.phases.phase5_replication: Gene TRAPPC6A: survived — Same-tissue replication: 2/2 concordant. Cross-tissue: 0/0 concordant.
2026-05-05 21:07:40 [INFO] riker.phases.phase5_replication: Gene UBXN7: survived — Same-tissue replication: 2/2 concordant. Cross-tissue: 0/0 concordant.
2026-05-05 21:07:40 [INFO] riker.phases.phase5_replication: Gene WHRN: survived — Same-tissue replication: 2/2 concordant. Cross-tissue: 0/0 concordant.
2026-05-05 21:07:40 [INFO] riker.phases.phase5_replication: Gene ZC3H3: survived — Same-tissue replication: 2/2 concordant. Cross-tissue: 0/0 concordant.
2026-05-05 21:07:40 [INFO] riker.phases.phase5_replication: Gene ZNF606: survived — Same-tissue replication: 2/2 concordant. Cross-tissue: 0/0 concordant.
2026-05-05 21:07:40 [INFO] riker.phases.phase5_replication: Gene CFLAR: survived — Same-tissue replication: 0/2 concordant. Cross-tissue: 0/0 concordant.
2026-05-05 21:07:40 [INFO] riker.phases.phase5_replication: Gene EIF2S1: eliminated — Significant opposite direction in same-tissue dataset(s): ['GSE45827', 'GSE65194']. Discovery direction: down.
2026-05-05 21:07:40 [INFO] riker.phases.phase5_replication: Gene ENTREP1: survived — Same-tissue replication: 2/2 concordant. Cross-tissue: 0/0 concordant.
2026-05-05 21:07:40 [INFO] riker.phases.phase5_replication: Gene MAP2K7: survived — Same-tissue replication: 2/2 concordant. Cross-tissue: 0/0 concordant.
2026-05-05 21:07:40 [INFO] riker.phases.phase5_replication: Gene MEGF6: survived — Same-tissue replication: 0/2 concordant. Cross-tissue: 0/0 concordant.
2026-05-05 21:07:40 [INFO] riker.phases.phase5_replication: Gene RPL22: survived — Same-tissue replication: 2/2 concordant. Cross-tissue: 0/0 concordant.
2026-05-05 21:07:40 [INFO] riker.phases.phase5_replication: Gene SCYL2: survived — Same-tissue replication: 2/2 concordant. Cross-tissue: 0/0 concordant.
2026-05-05 21:07:40 [INFO] riker.phases.phase5_replication: Gene ZBTB7C: survived — Same-tissue replication: 0/2 concordant. Cross-tissue: 0/0 concordant.
2026-05-05 21:07:40 [INFO] riker.phases.phase5_replication: Gene ATP11B: survived — Same-tissue replication: 1/2 concordant. Cross-tissue: 0/0 concordant.
2026-05-05 21:07:40 [INFO] riker.phases.phase5_replication: Gene FAM135A: survived — Same-tissue replication: 2/2 concordant. Cross-tissue: 0/0 concordant.
2026-05-05 21:07:40 [INFO] riker.phases.phase5_replication: Gene NR1D2: eliminated — Significant opposite direction in same-tissue dataset(s): ['GSE45827', 'GSE65194']. Discovery direction: down.
2026-05-05 21:07:40 [INFO] riker.phases.phase5_replication: Gene OSBPL9: survived — Same-tissue replication: 0/2 concordant. Cross-tissue: 0/0 concordant.
2026-05-05 21:07:40 [INFO] riker.phases.phase5_replication: Gene PPP3CA: eliminated — Significant opposite direction in same-tissue dataset(s): ['GSE45827', 'GSE65194']. Discovery direction: down.
2026-05-05 21:07:40 [INFO] riker.phases.phase5_replication: Gene S100A1: survived — Same-tissue replication: 2/2 concordant. Cross-tissue: 0/0 concordant.
2026-05-05 21:07:40 [INFO] riker.phases.phase5_replication: Gene SRR: eliminated — Significant opposite direction in same-tissue dataset(s): ['GSE65194']. Discovery direction: down.
2026-05-05 21:07:40 [INFO] riker.phases.phase5_replication: Gene TMEM230: eliminated — Significant opposite direction in same-tissue dataset(s): ['GSE45827', 'GSE65194']. Discovery direction: down.
2026-05-05 21:07:40 [INFO] riker.phases.phase5_replication: Gene ALS2: eliminated — Significant opposite direction in same-tissue dataset(s): ['GSE45827', 'GSE65194']. Discovery direction: down.
2026-05-05 21:07:40 [INFO] riker.phases.phase5_replication: Gene CEP85L: survived — Same-tissue replication: 2/2 concordant. Cross-tissue: 0/0 concordant.
2026-05-05 21:07:40 [INFO] riker.phases.phase5_replication: Gene EGLN1: eliminated — Significant opposite direction in same-tissue dataset(s): ['GSE45827', 'GSE65194']. Discovery direction: down.
2026-05-05 21:07:40 [INFO] riker.phases.phase5_replication: Gene EIF3K: survived — Same-tissue replication: 2/2 concordant. Cross-tissue: 0/0 concordant.
2026-05-05 21:07:40 [INFO] riker.phases.phase5_replication: Gene KCTD7: survived — Same-tissue replication: 2/2 concordant. Cross-tissue: 0/0 concordant.
2026-05-05 21:07:40 [INFO] riker.phases.phase5_replication: Gene MKNK2: survived — Same-tissue replication: 2/2 concordant. Cross-tissue: 0/0 concordant.
2026-05-05 21:07:40 [INFO] riker.phases.phase5_replication: Gene NEK1: survived — Same-tissue replication: 2/2 concordant. Cross-tissue: 0/0 concordant.
2026-05-05 21:07:40 [INFO] riker.phases.phase5_replication: Gene PPP4R3B: eliminated — Significant opposite direction in same-tissue dataset(s): ['GSE45827', 'GSE65194']. Discovery direction: down.
2026-05-05 21:07:40 [INFO] riker.phases.phase5_replication: Gene REXO2: survived — Same-tissue replication: 0/2 concordant. Cross-tissue: 0/0 concordant.
2026-05-05 21:07:40 [INFO] riker.phases.phase5_replication: Gene VAMP4: survived — Same-tissue replication: 2/2 concordant. Cross-tissue: 0/0 concordant.
2026-05-05 21:07:40 [INFO] riker.phases.phase5_replication: Gene CEP120: survived — Same-tissue replication: 2/2 concordant. Cross-tissue: 0/0 concordant.
2026-05-05 21:07:40 [INFO] riker.phases.phase5_replication: Gene DET1: eliminated — Significant opposite direction in same-tissue dataset(s): ['GSE65194']. Discovery direction: down.
2026-05-05 21:07:40 [INFO] riker.phases.phase5_replication: Gene INF2: survived — Same-tissue replication: 2/2 concordant. Cross-tissue: 0/0 concordant.
2026-05-05 21:07:40 [INFO] riker.phases.phase5_replication: Gene TMEM11: eliminated — Significant opposite direction in same-tissue dataset(s): ['GSE45827', 'GSE65194']. Discovery direction: down.
2026-05-05 21:07:40 [INFO] riker.phases.phase5_replication: Gene AVL9: survived — Same-tissue replication: 2/2 concordant. Cross-tissue: 0/0 concordant.
2026-05-05 21:07:40 [INFO] riker.phases.phase5_replication: Gene BCL2L12: survived — Same-tissue replication: 2/2 concordant. Cross-tissue: 0/0 concordant.
2026-05-05 21:07:40 [INFO] riker.phases.phase5_replication: Gene PARP1: survived — Same-tissue replication: 2/2 concordant. Cross-tissue: 0/0 concordant.
2026-05-05 21:07:40 [INFO] riker.phases.phase5_replication: Gene PAXX: survived — Same-tissue replication: 2/2 concordant. Cross-tissue: 0/0 concordant.
2026-05-05 21:07:40 [INFO] riker.phases.phase5_replication: Gene RALY: survived — Same-tissue replication: 2/2 concordant. Cross-tissue: 0/0 concordant.
2026-05-05 21:07:40 [INFO] riker.phases.phase5_replication: Gene SLC35H1: survived — Same-tissue replication: 0/2 concordant. Cross-tissue: 0/0 concordant.
2026-05-05 21:07:40 [INFO] riker.phases.phase5_replication: Gene UBE2Z: survived — Same-tissue replication: 2/2 concordant. Cross-tissue: 0/0 concordant.
2026-05-05 21:07:40 [INFO] riker.phases.phase5_replication: Gene ZNF672: survived — Same-tissue replication: 2/2 concordant. Cross-tissue: 0/0 concordant.
2026-05-05 21:07:40 [INFO] riker.phases.phase5_replication: Gene ARL2: survived — Same-tissue replication: 2/2 concordant. Cross-tissue: 0/0 concordant.
2026-05-05 21:07:40 [INFO] riker.phases.phase5_replication: Gene ECH1: survived — Same-tissue replication: 2/2 concordant. Cross-tissue: 0/0 concordant.
2026-05-05 21:07:40 [INFO] riker.phases.phase5_replication: Gene ISCU: survived — Same-tissue replication: 2/2 concordant. Cross-tissue: 0/0 concordant.
2026-05-05 21:07:40 [INFO] riker.phases.phase5_replication: Gene MBD2: eliminated — Significant opposite direction in same-tissue dataset(s): ['GSE45827', 'GSE65194']. Discovery direction: down.
2026-05-05 21:07:40 [INFO] riker.phases.phase5_replication: Gene RDX: eliminated — Significant opposite direction in same-tissue dataset(s): ['GSE45827', 'GSE65194']. Discovery direction: down.
2026-05-05 21:07:40 [INFO] riker.phases.phase5_replication: Gene SNTA1: survived — Same-tissue replication: 2/2 concordant. Cross-tissue: 0/0 concordant.
2026-05-05 21:07:40 [INFO] riker.phases.phase5_replication: Gene CCDC92: survived — Same-tissue replication: 0/2 concordant. Cross-tissue: 0/0 concordant.
2026-05-05 21:07:40 [INFO] riker.phases.phase5_replication: Gene EPB41L3: survived — Same-tissue replication: 0/2 concordant. Cross-tissue: 0/0 concordant.
2026-05-05 21:07:40 [INFO] riker.phases.phase5_replication: Gene GPX4: survived — Same-tissue replication: 2/2 concordant. Cross-tissue: 0/0 concordant.
2026-05-05 21:07:40 [INFO] riker.phases.phase5_replication: Gene RCBTB2: survived — Same-tissue replication: 2/2 concordant. Cross-tissue: 0/0 concordant.
2026-05-05 21:07:40 [INFO] riker.phases.phase5_replication: Gene RRAGD: survived — Same-tissue replication: 0/2 concordant. Cross-tissue: 0/0 concordant.
2026-05-05 21:07:40 [INFO] riker.phases.phase5_replication: Gene SELENOP: survived — Same-tissue replication: 2/2 concordant. Cross-tissue: 0/0 concordant.
2026-05-05 21:07:40 [INFO] riker.phases.phase5_replication: Gene SLC25A20: survived — Same-tissue replication: 2/2 concordant. Cross-tissue: 0/0 concordant.
2026-05-05 21:07:40 [INFO] riker.phases.phase5_replication: Gene TK2: survived — Same-tissue replication: 2/2 concordant. Cross-tissue: 0/0 concordant.
2026-05-05 21:07:40 [INFO] riker.phases.phase5_replication: Gene TSPAN3: survived — Same-tissue replication: 2/2 concordant. Cross-tissue: 0/0 concordant.
2026-05-05 21:07:40 [INFO] riker.phases.phase5_replication: Gene DPYSL2: survived — Same-tissue replication: 2/2 concordant. Cross-tissue: 0/0 concordant.
2026-05-05 21:07:40 [INFO] riker.phases.phase5_replication: Gene EOGT: survived — Same-tissue replication: 2/2 concordant. Cross-tissue: 0/0 concordant.
2026-05-05 21:07:40 [INFO] riker.phases.phase5_replication: Gene FXYD6: survived — Same-tissue replication: 2/2 concordant. Cross-tissue: 0/0 concordant.
2026-05-05 21:07:40 [INFO] riker.phases.phase5_replication: Gene LIMA1: survived — Same-tissue replication: 0/2 concordant. Cross-tissue: 0/0 concordant.
2026-05-05 21:07:40 [INFO] riker.phases.phase5_replication: Gene MITF: survived — Same-tissue replication: 2/2 concordant. Cross-tissue: 0/0 concordant.
2026-05-05 21:07:40 [INFO] riker.phases.phase5_replication: Gene OPTN: survived — Same-tissue replication: 2/2 concordant. Cross-tissue: 0/0 concordant.
2026-05-05 21:07:40 [INFO] riker.phases.phase5_replication: Gene PECAM1: survived — Same-tissue replication: 2/2 concordant. Cross-tissue: 0/0 concordant.
2026-05-05 21:07:40 [INFO] riker.phases.phase5_replication: Gene RTN3: survived — Same-tissue replication: 0/2 concordant. Cross-tissue: 0/0 concordant.
2026-05-05 21:07:40 [INFO] riker.phases.phase5_replication: Gene STX8: survived — Same-tissue replication: 2/2 concordant. Cross-tissue: 0/0 concordant.
2026-05-05 21:07:40 [INFO] riker.phases.phase5_replication: Gene MTF2: survived — Same-tissue replication: 2/2 concordant. Cross-tissue: 0/0 concordant.
2026-05-05 21:07:40 [INFO] riker.phases.phase5_replication: Gene PHF6: survived — Same-tissue replication: 2/2 concordant. Cross-tissue: 0/0 concordant.
2026-05-05 21:07:40 [INFO] riker.phases.phase5_replication: Gene TMEM107: survived — Same-tissue replication: 2/2 concordant. Cross-tissue: 0/0 concordant.
2026-05-05 21:07:40 [INFO] riker.phases.phase5_replication: Gene EMD: survived — Same-tissue replication: 2/2 concordant. Cross-tissue: 0/0 concordant.
2026-05-05 21:07:40 [INFO] riker.phases.phase5_replication: Gene NDUFS6: survived — Same-tissue replication: 0/2 concordant. Cross-tissue: 0/0 concordant.
2026-05-05 21:07:40 [INFO] riker.phases.phase5_replication: Gene YWHAB: survived — Same-tissue replication: 2/2 concordant. Cross-tissue: 0/0 concordant.
2026-05-05 21:07:40 [INFO] riker.phases.phase5_replication: Gene BTNL9: survived — Same-tissue replication: 2/2 concordant. Cross-tissue: 0/0 concordant.
2026-05-05 21:07:40 [INFO] riker.phases.phase5_replication: Gene CCDC3: survived — Same-tissue replication: 2/2 concordant. Cross-tissue: 0/0 concordant.
2026-05-05 21:07:40 [INFO] riker.phases.phase5_replication: Gene CLMP: survived — Same-tissue replication: 2/2 concordant. Cross-tissue: 0/0 concordant.
2026-05-05 21:07:40 [INFO] riker.phases.phase5_replication: Gene CPED1: survived — Same-tissue replication: 2/2 concordant. Cross-tissue: 0/0 concordant.
2026-05-05 21:07:40 [INFO] riker.phases.phase5_replication: Gene HEPN1: survived — Same-tissue replication: 1/1 concordant. Cross-tissue: 0/0 concordant.
2026-05-05 21:07:40 [INFO] riker.phases.phase5_replication: Gene LIPE: survived — Same-tissue replication: 2/2 concordant. Cross-tissue: 0/0 concordant.
2026-05-05 21:07:40 [INFO] riker.phases.phase5_replication: Gene LRRN4CL: survived — Same-tissue replication: 2/2 concordant. Cross-tissue: 0/0 concordant.
2026-05-05 21:07:40 [INFO] riker.phases.phase5_replication: Gene MAMDC2: survived — Same-tissue replication: 2/2 concordant. Cross-tissue: 0/0 concordant.
2026-05-05 21:07:40 [INFO] riker.phases.phase5_replication: Gene MTURN: survived — Same-tissue replication: 2/2 concordant. Cross-tissue: 0/0 concordant.
2026-05-05 21:07:40 [INFO] riker.phases.phase5_replication: Gene NTRK2: survived — Same-tissue replication: 2/2 concordant. Cross-tissue: 0/0 concordant.
2026-05-05 21:07:40 [INFO] riker.phases.phase5_replication: Gene PLAC9: survived — Same-tissue replication: 2/2 concordant. Cross-tissue: 0/0 concordant.
2026-05-05 21:07:40 [INFO] riker.phases.phase5_replication: Gene TNXB: survived — Same-tissue replication: 2/2 concordant. Cross-tissue: 0/0 concordant.
2026-05-05 21:07:40 [INFO] riker.phases.phase5_replication: Gene CD163L1: eliminated — Significant opposite direction in same-tissue dataset(s): ['GSE45827', 'GSE65194']. Discovery direction: down.
2026-05-05 21:07:40 [INFO] riker.phases.phase5_replication: Gene FBXO9: survived — Same-tissue replication: 2/2 concordant. Cross-tissue: 0/0 concordant.
2026-05-05 21:07:40 [INFO] riker.phases.phase5_replication: Gene INTS10: survived — Same-tissue replication: 2/2 concordant. Cross-tissue: 0/0 concordant.
2026-05-05 21:07:40 [INFO] riker.phases.phase5_replication: Gene CNBP: eliminated — Significant opposite direction in same-tissue dataset(s): ['GSE45827', 'GSE65194']. Discovery direction: down.
2026-05-05 21:07:40 [INFO] riker.phases.phase5_replication: Gene FGFRL1: survived — Same-tissue replication: 0/2 concordant. Cross-tissue: 0/0 concordant.
2026-05-05 21:07:40 [INFO] riker.phases.phase5_replication: Gene KCTD18: eliminated — Significant opposite direction in same-tissue dataset(s): ['GSE45827', 'GSE65194']. Discovery direction: down.
2026-05-05 21:07:40 [INFO] riker.phases.phase5_replication: Gene MCFD2: survived — Same-tissue replication: 2/2 concordant. Cross-tissue: 0/0 concordant.
2026-05-05 21:07:40 [INFO] riker.phases.phase5_replication: Gene RIOX2: survived — Same-tissue replication: 0/2 concordant. Cross-tissue: 0/0 concordant.
2026-05-05 21:07:40 [INFO] riker.phases.phase5_replication: Gene SULT1A2: survived — Same-tissue replication: 2/2 concordant. Cross-tissue: 0/0 concordant.
2026-05-05 21:07:40 [INFO] riker.phases.phase5_replication: Gene ACSS2: survived — Same-tissue replication: 2/2 concordant. Cross-tissue: 0/0 concordant.
2026-05-05 21:07:40 [INFO] riker.phases.phase5_replication: Gene ADHFE1: survived — Same-tissue replication: 2/2 concordant. Cross-tissue: 0/0 concordant.
2026-05-05 21:07:40 [INFO] riker.phases.phase5_replication: Gene ANKRD35: survived — Same-tissue replication: 2/2 concordant. Cross-tissue: 0/0 concordant.
2026-05-05 21:07:40 [INFO] riker.phases.phase5_replication: Gene KLF15: survived — Same-tissue replication: 2/2 concordant. Cross-tissue: 0/0 concordant.
2026-05-05 21:07:40 [INFO] riker.phases.phase5_replication: Gene PALM: survived — Same-tissue replication: 2/2 concordant. Cross-tissue: 0/0 concordant.
2026-05-05 21:07:40 [INFO] riker.phases.phase5_replication: Gene PIP4P2: survived — Same-tissue replication: 2/2 concordant. Cross-tissue: 0/0 concordant.
2026-05-05 21:07:40 [INFO] riker.phases.phase5_replication: Gene PTPN21: survived — Same-tissue replication: 2/2 concordant. Cross-tissue: 0/0 concordant.
2026-05-05 21:07:40 [INFO] riker.phases.phase5_replication: Gene SCRN2: survived — Same-tissue replication: 2/2 concordant. Cross-tissue: 0/0 concordant.
2026-05-05 21:07:40 [INFO] riker.phases.phase5_replication: Gene SLC9A9: survived — Same-tissue replication: 2/2 concordant. Cross-tissue: 0/0 concordant.
2026-05-05 21:07:40 [INFO] riker.phases.phase5_replication: Gene ANKRD29: survived — Same-tissue replication: 2/2 concordant. Cross-tissue: 0/0 concordant.
2026-05-05 21:07:40 [INFO] riker.phases.phase5_replication: Gene DAAM2: survived — Same-tissue replication: 2/2 concordant. Cross-tissue: 0/0 concordant.
2026-05-05 21:07:40 [INFO] riker.phases.phase5_replication: Gene FIGN: survived — Same-tissue replication: 2/2 concordant. Cross-tissue: 0/0 concordant.
2026-05-05 21:07:40 [INFO] riker.phases.phase5_replication: Gene MMRN2: survived — Same-tissue replication: 2/2 concordant. Cross-tissue: 0/0 concordant.
2026-05-05 21:07:40 [INFO] riker.phases.phase5_replication: Gene PAMR1: survived — Same-tissue replication: 2/2 concordant. Cross-tissue: 0/0 concordant.
2026-05-05 21:07:40 [INFO] riker.phases.phase5_replication: Gene CLDN11: survived — Same-tissue replication: 2/2 concordant. Cross-tissue: 0/0 concordant.
2026-05-05 21:07:40 [INFO] riker.phases.phase5_replication: Gene FAM162B: survived — Same-tissue replication: 2/2 concordant. Cross-tissue: 0/0 concordant.
2026-05-05 21:07:40 [INFO] riker.phases.phase5_replication: Gene FOXP2: survived — Same-tissue replication: 2/2 concordant. Cross-tissue: 0/0 concordant.
2026-05-05 21:07:40 [INFO] riker.phases.phase5_replication: Gene MYOM1: survived — Same-tissue replication: 1/1 concordant. Cross-tissue: 0/0 concordant.
2026-05-05 21:07:40 [INFO] riker.phases.phase5_replication: Gene NATD1: survived — Same-tissue replication: 2/2 concordant. Cross-tissue: 0/0 concordant.
2026-05-05 21:07:40 [INFO] riker.phases.phase5_replication: Gene PTPRB: survived — Same-tissue replication: 2/2 concordant. Cross-tissue: 0/0 concordant.
2026-05-05 21:07:40 [INFO] riker.phases.phase5_replication: Gene SOX7: survived — Same-tissue replication: 2/2 concordant. Cross-tissue: 0/0 concordant.
2026-05-05 21:07:40 [INFO] riker.phases.phase5_replication: Gene SPRY2: survived — Same-tissue replication: 2/2 concordant. Cross-tissue: 0/0 concordant.
2026-05-05 21:07:40 [INFO] riker.phases.phase5_replication: Gene ANTXR2: survived — Same-tissue replication: 2/2 concordant. Cross-tissue: 0/0 concordant.
2026-05-05 21:07:40 [INFO] riker.phases.phase5_replication: Gene CACHD1: survived — Same-tissue replication: 2/2 concordant. Cross-tissue: 0/0 concordant.
2026-05-05 21:07:40 [INFO] riker.phases.phase5_replication: Gene CCDC178: survived — Same-tissue replication: 1/1 concordant. Cross-tissue: 0/0 concordant.
2026-05-05 21:07:40 [INFO] riker.phases.phase5_replication: Gene MAP3K20: survived — Same-tissue replication: 2/2 concordant. Cross-tissue: 0/0 concordant.
2026-05-05 21:07:40 [INFO] riker.phases.phase5_replication: Gene PKDCC: survived — Same-tissue replication: 2/2 concordant. Cross-tissue: 0/0 concordant.
2026-05-05 21:07:40 [INFO] riker.phases.phase5_replication: Gene SCN4B: survived — Same-tissue replication: 2/2 concordant. Cross-tissue: 0/0 concordant.
2026-05-05 21:07:40 [INFO] riker.phases.phase5_replication: Gene ADAR: survived — Same-tissue replication: 2/2 concordant. Cross-tissue: 0/0 concordant.
2026-05-05 21:07:40 [INFO] riker.phases.phase5_replication: Gene ENSA: survived — Same-tissue replication: 2/2 concordant. Cross-tissue: 0/0 concordant.
2026-05-05 21:07:40 [INFO] riker.phases.phase5_replication: Gene POLR2H: survived — Same-tissue replication: 2/2 concordant. Cross-tissue: 0/0 concordant.
2026-05-05 21:07:40 [INFO] riker.phases.phase5_replication: Gene RUVBL1: survived — Same-tissue replication: 2/2 concordant. Cross-tissue: 0/0 concordant.
2026-05-05 21:07:40 [INFO] riker.phases.phase5_replication: Gene SEPHS2: survived — Same-tissue replication: 2/2 concordant. Cross-tissue: 0/0 concordant.
2026-05-05 21:07:40 [INFO] riker.phases.phase5_replication: Gene SUSD6: survived — Same-tissue replication: 2/2 concordant. Cross-tissue: 0/0 concordant.
2026-05-05 21:07:40 [INFO] riker.phases.phase5_replication: Gene CCT6A: survived — Same-tissue replication: 2/2 concordant. Cross-tissue: 0/0 concordant.
2026-05-05 21:07:40 [INFO] riker.phases.phase5_replication: Gene DPM2: survived — Same-tissue replication: 2/2 concordant. Cross-tissue: 0/0 concordant.
2026-05-05 21:07:40 [INFO] riker.phases.phase5_replication: Gene H2AZ1: survived — Same-tissue replication: 2/2 concordant. Cross-tissue: 0/0 concordant.
2026-05-05 21:07:40 [INFO] riker.phases.phase5_replication: Gene MACROH2A1: survived — Same-tissue replication: 2/2 concordant. Cross-tissue: 0/0 concordant.
2026-05-05 21:07:40 [INFO] riker.phases.phase5_replication: Gene PRRC2C: survived — Same-tissue replication: 2/2 concordant. Cross-tissue: 0/0 concordant.
2026-05-05 21:07:40 [INFO] riker.phases.phase5_replication: Gene ANKRD40: survived — Same-tissue replication: 2/2 concordant. Cross-tissue: 0/0 concordant.
2026-05-05 21:07:40 [INFO] riker.phases.phase5_replication: Gene MBNL3: survived — Same-tissue replication: 2/2 concordant. Cross-tissue: 0/0 concordant.
2026-05-05 21:07:40 [INFO] riker.phases.phase5_replication: Gene MOB3B: survived — Same-tissue replication: 2/2 concordant. Cross-tissue: 0/0 concordant.
2026-05-05 21:07:40 [INFO] riker.phases.phase5_replication: Gene RNF125: survived — Same-tissue replication: 2/2 concordant. Cross-tissue: 0/0 concordant.
2026-05-05 21:07:40 [INFO] riker.phases.phase5_replication: Gene SGCB: survived — Same-tissue replication: 2/2 concordant. Cross-tissue: 0/0 concordant.
2026-05-05 21:07:40 [INFO] riker.phases.phase5_replication: Gene SNX21: survived — Same-tissue replication: 2/2 concordant. Cross-tissue: 0/0 concordant.
2026-05-05 21:07:40 [INFO] riker.phases.phase5_replication: Gene UST: survived — Same-tissue replication: 2/2 concordant. Cross-tissue: 0/0 concordant.
2026-05-05 21:07:40 [INFO] riker.phases.phase5_replication: Gene BRI3: survived — Same-tissue replication: 0/2 concordant. Cross-tissue: 0/0 concordant.
2026-05-05 21:07:40 [INFO] riker.phases.phase5_replication: Gene FASN: survived — Same-tissue replication: 0/2 concordant. Cross-tissue: 0/0 concordant.
2026-05-05 21:07:40 [INFO] riker.phases.phase5_replication: Gene FBXO25: survived — Same-tissue replication: 2/2 concordant. Cross-tissue: 0/0 concordant.
2026-05-05 21:07:40 [INFO] riker.phases.phase5_replication: Gene HBP1: survived — Same-tissue replication: 2/2 concordant. Cross-tissue: 0/0 concordant.
2026-05-05 21:07:40 [INFO] riker.phases.phase5_replication: Gene SOX17: survived — Same-tissue replication: 2/2 concordant. Cross-tissue: 0/0 concordant.
2026-05-05 21:07:40 [INFO] riker.phases.phase5_replication: Gene AMIGO3: survived — Same-tissue replication: 2/2 concordant. Cross-tissue: 0/0 concordant.
2026-05-05 21:07:40 [INFO] riker.phases.phase5_replication: Gene NOMO3: survived — Same-tissue replication: 2/2 concordant. Cross-tissue: 0/0 concordant.
2026-05-05 21:07:40 [INFO] riker.phases.phase5_replication: Gene RIOX1: survived — Same-tissue replication: 2/2 concordant. Cross-tissue: 0/0 concordant.
2026-05-05 21:07:40 [INFO] riker.phases.phase5_replication: Gene TXNDC17: survived — Same-tissue replication: 2/2 concordant. Cross-tissue: 0/0 concordant.
2026-05-05 21:07:40 [INFO] riker.phases.phase5_replication: Gene ULK3: survived — Same-tissue replication: 2/2 concordant. Cross-tissue: 0/0 concordant.
2026-05-05 21:07:40 [INFO] riker.phases.phase5_replication: Gene WDR55: survived — Same-tissue replication: 2/2 concordant. Cross-tissue: 0/0 concordant.
2026-05-05 21:07:40 [INFO] riker.phases.phase5_replication: Gene ANKRD30A: survived — Same-tissue replication: 2/2 concordant. Cross-tissue: 0/0 concordant.
2026-05-05 21:07:40 [INFO] riker.phases.phase5_replication: Gene CLDN3: survived — Same-tissue replication: 2/2 concordant. Cross-tissue: 0/0 concordant.
2026-05-05 21:07:40 [INFO] riker.phases.phase5_replication: Gene FAM174B: survived — Same-tissue replication: 0/2 concordant. Cross-tissue: 0/0 concordant.
2026-05-05 21:07:40 [INFO] riker.phases.phase5_replication: Gene H2AC6: survived — Same-tissue replication: 2/2 concordant. Cross-tissue: 0/0 concordant.
2026-05-05 21:07:40 [INFO] riker.phases.phase5_replication: Gene LRG1: survived — Same-tissue replication: 2/2 concordant. Cross-tissue: 0/0 concordant.
2026-05-05 21:07:40 [INFO] riker.phases.phase5_replication: Gene MREG: survived — Same-tissue replication: 2/2 concordant. Cross-tissue: 0/0 concordant.
2026-05-05 21:07:40 [INFO] riker.phases.phase5_replication: Gene NEBL: survived — Same-tissue replication: 0/2 concordant. Cross-tissue: 0/0 concordant.
2026-05-05 21:07:40 [INFO] riker.phases.phase5_replication: Gene NME7: survived — Same-tissue replication: 2/2 concordant. Cross-tissue: 0/0 concordant.
2026-05-05 21:07:41 [INFO] riker.phases.phase5_replication: Gene PHLDA2: survived — Same-tissue replication: 2/2 concordant. Cross-tissue: 0/0 concordant.
2026-05-05 21:07:41 [INFO] riker.phases.phase5_replication: Gene SAMD12: survived — Same-tissue replication: 2/2 concordant. Cross-tissue: 0/0 concordant.
2026-05-05 21:07:41 [INFO] riker.phases.phase5_replication: Gene STC2: eliminated — Significant opposite direction in same-tissue dataset(s): ['GSE45827', 'GSE65194']. Discovery direction: up.
2026-05-05 21:07:41 [INFO] riker.phases.phase5_replication: Gene TFAP2C: eliminated — Significant opposite direction in same-tissue dataset(s): ['GSE45827', 'GSE65194']. Discovery direction: up.
2026-05-05 21:07:41 [INFO] riker.phases.phase5_replication: Gene CCR5: survived — Same-tissue replication: 2/2 concordant. Cross-tissue: 0/0 concordant.
2026-05-05 21:07:41 [INFO] riker.phases.phase5_replication: Gene CENPW: survived — Same-tissue replication: 2/2 concordant. Cross-tissue: 0/0 concordant.
2026-05-05 21:07:41 [INFO] riker.phases.phase5_replication: Gene E2F3: survived — Same-tissue replication: 2/2 concordant. Cross-tissue: 0/0 concordant.
2026-05-05 21:07:41 [INFO] riker.phases.phase5_replication: Gene FBXO46: survived — Same-tissue replication: 2/2 concordant. Cross-tissue: 0/0 concordant.
2026-05-05 21:07:41 [INFO] riker.phases.phase5_replication: Gene FHDC1: survived — Same-tissue replication: 2/2 concordant. Cross-tissue: 0/0 concordant.
2026-05-05 21:07:41 [INFO] riker.phases.phase5_replication: Gene FIGNL1: survived — Same-tissue replication: 2/2 concordant. Cross-tissue: 0/0 concordant.
2026-05-05 21:07:41 [INFO] riker.phases.phase5_replication: Gene FSIP1: survived — Same-tissue replication: 2/2 concordant. Cross-tissue: 0/0 concordant.
2026-05-05 21:07:41 [INFO] riker.phases.phase5_replication: Gene ISG20: survived — Same-tissue replication: 2/2 concordant. Cross-tissue: 0/0 concordant.
2026-05-05 21:07:41 [INFO] riker.phases.phase5_replication: Gene NAA25: survived — Same-tissue replication: 0/2 concordant. Cross-tissue: 0/0 concordant.
2026-05-05 21:07:41 [INFO] riker.phases.phase5_replication: Gene PLEKHS1: survived — Same-tissue replication: 0/2 concordant. Cross-tissue: 0/0 concordant.
2026-05-05 21:07:41 [INFO] riker.phases.phase5_replication: Gene SEMA4B: survived — Same-tissue replication: 2/2 concordant. Cross-tissue: 0/0 concordant.
2026-05-05 21:07:41 [INFO] riker.phases.phase5_replication: Gene SHROOM3: survived — Same-tissue replication: 2/2 concordant. Cross-tissue: 0/0 concordant.
2026-05-05 21:07:41 [INFO] riker.phases.phase5_replication: Gene VCAN: survived — Same-tissue replication: 2/2 concordant. Cross-tissue: 0/0 concordant.
2026-05-05 21:07:41 [INFO] riker.phases.phase5_replication: Gene ZNF92: survived — Same-tissue replication: 2/2 concordant. Cross-tissue: 0/0 concordant.
2026-05-05 21:07:41 [INFO] riker.phases.phase5_replication: Gene DHRS11: survived — Same-tissue replication: 0/2 concordant. Cross-tissue: 0/0 concordant.
2026-05-05 21:07:41 [INFO] riker.phases.phase5_replication: Gene MAFF: survived — Same-tissue replication: 2/2 concordant. Cross-tissue: 0/0 concordant.
2026-05-05 21:07:41 [INFO] riker.phases.phase5_replication: Gene MS4A4A: eliminated — Significant opposite direction in same-tissue dataset(s): ['GSE45827', 'GSE65194']. Discovery direction: down.
2026-05-05 21:07:41 [INFO] riker.phases.phase5_replication: Gene NFIL3: survived — Same-tissue replication: 0/2 concordant. Cross-tissue: 0/0 concordant.
2026-05-05 21:07:41 [INFO] riker.phases.phase5_replication: Gene SLC1A3: survived — Same-tissue replication: 0/2 concordant. Cross-tissue: 0/0 concordant.
2026-05-05 21:07:41 [INFO] riker.phases.phase5_replication: Gene AGTR1: survived — Same-tissue replication: 2/2 concordant. Cross-tissue: 0/0 concordant.
2026-05-05 21:07:41 [INFO] riker.phases.phase5_replication: Gene DGAT1: survived — Same-tissue replication: 0/2 concordant. Cross-tissue: 0/0 concordant.
2026-05-05 21:07:41 [INFO] riker.phases.phase5_replication: Gene DUSP1: survived — Same-tissue replication: 0/2 concordant. Cross-tissue: 0/0 concordant.
2026-05-05 21:07:41 [INFO] riker.phases.phase5_replication: Gene EMILIN2: survived — Same-tissue replication: 2/2 concordant. Cross-tissue: 0/0 concordant.
2026-05-05 21:07:41 [INFO] riker.phases.phase5_replication: Gene FOS: eliminated — Significant opposite direction in same-tissue dataset(s): ['GSE45827']. Discovery direction: down.
2026-05-05 21:07:41 [INFO] riker.phases.phase5_replication: Gene LGALS1: survived — Same-tissue replication: 1/2 concordant. Cross-tissue: 0/0 concordant.
2026-05-05 21:07:41 [INFO] riker.phases.phase5_replication: Gene LGMN: eliminated — Significant opposite direction in same-tissue dataset(s): ['GSE45827', 'GSE65194']. Discovery direction: down.
2026-05-05 21:07:41 [INFO] riker.phases.phase5_replication: Gene MEF2C: survived — Same-tissue replication: 2/2 concordant. Cross-tissue: 0/0 concordant.
2026-05-05 21:07:41 [INFO] riker.phases.phase5_replication: Gene PBLD: survived — Same-tissue replication: 2/2 concordant. Cross-tissue: 0/0 concordant.
2026-05-05 21:07:41 [INFO] riker.phases.phase5_replication: Gene ABCA9: survived — Same-tissue replication: 2/2 concordant. Cross-tissue: 0/0 concordant.
2026-05-05 21:07:41 [INFO] riker.phases.phase5_replication: Gene AFAP1L1: survived — Same-tissue replication: 2/2 concordant. Cross-tissue: 0/0 concordant.
2026-05-05 21:07:41 [INFO] riker.phases.phase5_replication: Gene CFL2: survived — Same-tissue replication: 2/2 concordant. Cross-tissue: 0/0 concordant.
2026-05-05 21:07:41 [INFO] riker.phases.phase5_replication: Gene GLDN: survived — Same-tissue replication: 2/2 concordant. Cross-tissue: 0/0 concordant.
2026-05-05 21:07:41 [INFO] riker.phases.phase5_replication: Gene LIFR: survived — Same-tissue replication: 2/2 concordant. Cross-tissue: 0/0 concordant.
2026-05-05 21:07:41 [INFO] riker.phases.phase5_replication: Gene TLCD2: survived — Same-tissue replication: 2/2 concordant. Cross-tissue: 0/0 concordant.
2026-05-05 21:07:41 [INFO] riker.phases.phase5_replication: Gene CNRIP1: survived — Same-tissue replication: 2/2 concordant. Cross-tissue: 0/0 concordant.
2026-05-05 21:07:41 [INFO] riker.phases.phase5_replication: Gene GNAL: survived — Same-tissue replication: 2/2 concordant. Cross-tissue: 0/0 concordant.
2026-05-05 21:07:41 [INFO] riker.phases.phase5_replication: Gene IGSF10: survived — Same-tissue replication: 2/2 concordant. Cross-tissue: 0/0 concordant.
2026-05-05 21:07:41 [INFO] riker.phases.phase5_replication: Gene PCDH18: survived — Same-tissue replication: 2/2 concordant. Cross-tissue: 0/0 concordant.
2026-05-05 21:07:41 [INFO] riker.phases.phase5_replication: Gene RBPMS2: survived — Same-tissue replication: 2/2 concordant. Cross-tissue: 0/0 concordant.
2026-05-05 21:07:41 [INFO] riker.phases.phase5_replication: Gene SYNM: survived — Same-tissue replication: 2/2 concordant. Cross-tissue: 0/0 concordant.
2026-05-05 21:07:41 [INFO] riker.phases.phase5_replication: Gene ADRB1: survived — Same-tissue replication: 2/2 concordant. Cross-tissue: 0/0 concordant.
2026-05-05 21:07:41 [INFO] riker.phases.phase5_replication: Gene ATP1A2: survived — Same-tissue replication: 2/2 concordant. Cross-tissue: 0/0 concordant.
2026-05-05 21:07:41 [INFO] riker.phases.phase5_replication: Gene C14orf180: survived — Same-tissue replication: 1/1 concordant. Cross-tissue: 0/0 concordant.
2026-05-05 21:07:41 [INFO] riker.phases.phase5_replication: Gene CD300LG: survived — Same-tissue replication: 2/2 concordant. Cross-tissue: 0/0 concordant.
2026-05-05 21:07:41 [INFO] riker.phases.phase5_replication: Gene DGAT2: survived — Same-tissue replication: 2/2 concordant. Cross-tissue: 0/0 concordant.
2026-05-05 21:07:41 [INFO] riker.phases.phase5_replication: Gene EBF1: survived — Same-tissue replication: 2/2 concordant. Cross-tissue: 0/0 concordant.
2026-05-05 21:07:41 [INFO] riker.phases.phase5_replication: Gene KCNIP2: survived — Same-tissue replication: 1/1 concordant. Cross-tissue: 0/0 concordant.
2026-05-05 21:07:41 [INFO] riker.phases.phase5_replication: Gene KLHL31: survived — Same-tissue replication: 2/2 concordant. Cross-tissue: 0/0 concordant.
2026-05-05 21:07:41 [INFO] riker.phases.phase5_replication: Gene LGALS12: survived — Same-tissue replication: 2/2 concordant. Cross-tissue: 0/0 concordant.
2026-05-05 21:07:41 [INFO] riker.phases.phase5_replication: Gene MRAP: survived — Same-tissue replication: 1/1 concordant. Cross-tissue: 0/0 concordant.
2026-05-05 21:07:41 [INFO] riker.phases.phase5_replication: Gene PDE3B: survived — Same-tissue replication: 2/2 concordant. Cross-tissue: 0/0 concordant.
2026-05-05 21:07:41 [INFO] riker.phases.phase5_replication: Gene PDK4: survived — Same-tissue replication: 2/2 concordant. Cross-tissue: 0/0 concordant.
2026-05-05 21:07:41 [INFO] riker.phases.phase5_replication: Gene TRARG1: survived — Same-tissue replication: 2/2 concordant. Cross-tissue: 0/0 concordant.
2026-05-05 21:07:41 [INFO] riker.phases.phase5_replication: Gene ARHGEF15: survived — Same-tissue replication: 2/2 concordant. Cross-tissue: 0/0 concordant.
2026-05-05 21:07:41 [INFO] riker.phases.phase5_replication: Gene PI16: survived — Same-tissue replication: 2/2 concordant. Cross-tissue: 0/0 concordant.
2026-05-05 21:07:41 [INFO] riker.phases.phase5_replication: Gene RIMKLB: survived — Same-tissue replication: 2/2 concordant. Cross-tissue: 0/0 concordant.
2026-05-05 21:07:41 [INFO] riker.phases.phase5_replication: Gene SATB1: survived — Same-tissue replication: 2/2 concordant. Cross-tissue: 0/0 concordant.
2026-05-05 21:07:41 [INFO] riker.phases.phase5_replication: Gene TBC1D2B: survived — Same-tissue replication: 2/2 concordant. Cross-tissue: 0/0 concordant.
2026-05-05 21:07:41 [INFO] riker.phases.phase5_replication: Gene ARHGEF28: survived — Same-tissue replication: 2/2 concordant. Cross-tissue: 0/0 concordant.
2026-05-05 21:07:41 [INFO] riker.phases.phase5_replication: Gene DMTN: survived — Same-tissue replication: 2/2 concordant. Cross-tissue: 0/0 concordant.
2026-05-05 21:07:41 [INFO] riker.phases.phase5_replication: Gene EXOC6B: survived — Same-tissue replication: 0/2 concordant. Cross-tissue: 0/0 concordant.
2026-05-05 21:07:41 [INFO] riker.phases.phase5_replication: Gene HSPA12B: survived — Same-tissue replication: 2/2 concordant. Cross-tissue: 0/0 concordant.
2026-05-05 21:07:41 [INFO] riker.phases.phase5_replication: Gene PDE7B: survived — Same-tissue replication: 2/2 concordant. Cross-tissue: 0/0 concordant.
2026-05-05 21:07:41 [INFO] riker.phases.phase5_replication: Gene PPP1R16B: survived — Same-tissue replication: 2/2 concordant. Cross-tissue: 0/0 concordant.
2026-05-05 21:07:41 [INFO] riker.phases.phase5_replication: Gene ST6GALNAC6: survived — Same-tissue replication: 2/2 concordant. Cross-tissue: 0/0 concordant.
2026-05-05 21:07:41 [INFO] riker.phases.phase5_replication: Gene VAMP3: survived — Same-tissue replication: 2/2 concordant. Cross-tissue: 0/0 concordant.
2026-05-05 21:07:41 [INFO] riker.phases.phase5_replication: Gene ASB13: survived — Same-tissue replication: 0/2 concordant. Cross-tissue: 0/0 concordant.
2026-05-05 21:07:41 [INFO] riker.phases.phase5_replication: Gene CORO1B: survived — Same-tissue replication: 2/2 concordant. Cross-tissue: 0/0 concordant.
2026-05-05 21:07:41 [INFO] riker.phases.phase5_replication: Gene HMGA1: survived — Same-tissue replication: 2/2 concordant. Cross-tissue: 0/0 concordant.
2026-05-05 21:07:41 [INFO] riker.phases.phase5_replication: Gene KCNE4: survived — Same-tissue replication: 2/2 concordant. Cross-tissue: 0/0 concordant.
2026-05-05 21:07:41 [INFO] riker.phases.phase5_replication: Gene MYBL2: survived — Same-tissue replication: 2/2 concordant. Cross-tissue: 0/0 concordant.
2026-05-05 21:07:41 [INFO] riker.phases.phase5_replication: Gene PRMT1: survived — Same-tissue replication: 2/2 concordant. Cross-tissue: 0/0 concordant.
2026-05-05 21:07:41 [INFO] riker.phases.phase5_replication: Gene SLAMF8: survived — Same-tissue replication: 2/2 concordant. Cross-tissue: 0/0 concordant.
2026-05-05 21:07:41 [INFO] riker.phases.phase5_replication: Gene TANC2: survived — Same-tissue replication: 2/2 concordant. Cross-tissue: 0/0 concordant.
2026-05-05 21:07:41 [INFO] riker.phases.phase5_replication: Gene EVA1B: survived — Same-tissue replication: 0/2 concordant. Cross-tissue: 0/0 concordant.
2026-05-05 21:07:41 [INFO] riker.phases.phase5_replication: Gene HMGXB4: survived — Same-tissue replication: 2/2 concordant. Cross-tissue: 0/0 concordant.
2026-05-05 21:07:41 [INFO] riker.phases.phase5_replication: Gene JARID2: survived — Same-tissue replication: 2/2 concordant. Cross-tissue: 0/0 concordant.
2026-05-05 21:07:41 [INFO] riker.phases.phase5_replication: Gene KIAA0753: survived — Same-tissue replication: 0/2 concordant. Cross-tissue: 0/0 concordant.
2026-05-05 21:07:41 [INFO] riker.phases.phase5_replication: Gene MAPK6: survived — Same-tissue replication: 2/2 concordant. Cross-tissue: 0/0 concordant.
2026-05-05 21:07:41 [INFO] riker.phases.phase5_replication: Gene NDC1: survived — Same-tissue replication: 2/2 concordant. Cross-tissue: 0/0 concordant.
2026-05-05 21:07:41 [INFO] riker.phases.phase5_replication: Gene SAYSD1: survived — Same-tissue replication: 2/2 concordant. Cross-tissue: 0/0 concordant.
2026-05-05 21:07:41 [INFO] riker.phases.phase5_replication: Gene SPIDR: survived — Same-tissue replication: 2/2 concordant. Cross-tissue: 0/0 concordant.
2026-05-05 21:07:41 [INFO] riker.phases.phase5_replication: Gene ANO6: survived — Same-tissue replication: 2/2 concordant. Cross-tissue: 0/0 concordant.
2026-05-05 21:07:41 [INFO] riker.phases.phase5_replication: Gene ATOH8: survived — Same-tissue replication: 2/2 concordant. Cross-tissue: 0/0 concordant.
2026-05-05 21:07:41 [INFO] riker.phases.phase5_replication: Gene CCM2L: survived — Same-tissue replication: 2/2 concordant. Cross-tissue: 0/0 concordant.
2026-05-05 21:07:41 [INFO] riker.phases.phase5_replication: Gene CTIF: survived — Same-tissue replication: 2/2 concordant. Cross-tissue: 0/0 concordant.
2026-05-05 21:07:41 [INFO] riker.phases.phase5_replication: Gene FGF1: survived — Same-tissue replication: 2/2 concordant. Cross-tissue: 0/0 concordant.
2026-05-05 21:07:41 [INFO] riker.phases.phase5_replication: Gene GIMAP8: survived — Same-tissue replication: 2/2 concordant. Cross-tissue: 0/0 concordant.
2026-05-05 21:07:41 [INFO] riker.phases.phase5_replication: Gene HSD17B11: survived — Same-tissue replication: 2/2 concordant. Cross-tissue: 0/0 concordant.
2026-05-05 21:07:41 [INFO] riker.phases.phase5_replication: Gene KANK3: survived — Same-tissue replication: 2/2 concordant. Cross-tissue: 0/0 concordant.
2026-05-05 21:07:41 [INFO] riker.phases.phase5_replication: Gene PARD3B: survived — Same-tissue replication: 2/2 concordant. Cross-tissue: 0/0 concordant.
2026-05-05 21:07:41 [INFO] riker.phases.phase5_replication: Gene RERGL: survived — Same-tissue replication: 2/2 concordant. Cross-tissue: 0/0 concordant.
2026-05-05 21:07:41 [INFO] riker.phases.phase5_replication: Gene ROBO4: survived — Same-tissue replication: 2/2 concordant. Cross-tissue: 0/0 concordant.
2026-05-05 21:07:41 [INFO] riker.phases.phase5_replication: Gene SH3BGRL2: survived — Same-tissue replication: 2/2 concordant. Cross-tissue: 0/0 concordant.
2026-05-05 21:07:41 [INFO] riker.phases.phase5_replication: Gene SNTB2: survived — Same-tissue replication: 2/2 concordant. Cross-tissue: 0/0 concordant.
2026-05-05 21:07:41 [INFO] riker.phases.phase5_replication: Gene THRB: survived — Same-tissue replication: 2/2 concordant. Cross-tissue: 0/0 concordant.
2026-05-05 21:07:41 [INFO] riker.phases.phase5_replication: Gene TSPAN7: survived — Same-tissue replication: 2/2 concordant. Cross-tissue: 0/0 concordant.
2026-05-05 21:07:41 [INFO] riker.phases.phase5_replication: Gene CLIC5: survived — Same-tissue replication: 2/2 concordant. Cross-tissue: 0/0 concordant.
2026-05-05 21:07:41 [INFO] riker.phases.phase5_replication: Gene NAT8L: survived — Same-tissue replication: 2/2 concordant. Cross-tissue: 0/0 concordant.
2026-05-05 21:07:41 [INFO] riker.phases.phase5_replication: Gene PLEKHH2: survived — Same-tissue replication: 2/2 concordant. Cross-tissue: 0/0 concordant.
2026-05-05 21:07:41 [INFO] riker.phases.phase5_replication: Gene PRICKLE2: survived — Same-tissue replication: 2/2 concordant. Cross-tissue: 0/0 concordant.
2026-05-05 21:07:41 [INFO] riker.phases.phase5_replication: Gene PTPRG: survived — Same-tissue replication: 2/2 concordant. Cross-tissue: 0/0 concordant.
2026-05-05 21:07:41 [INFO] riker.phases.phase5_replication: Gene TEK: survived — Same-tissue replication: 2/2 concordant. Cross-tissue: 0/0 concordant.
2026-05-05 21:07:41 [INFO] riker.phases.phase5_replication: Gene TMEM273: survived — Same-tissue replication: 2/2 concordant. Cross-tissue: 0/0 concordant.
2026-05-05 21:07:41 [INFO] riker.phases.phase5_replication: Gene B3GALNT1: survived — Same-tissue replication: 2/2 concordant. Cross-tissue: 0/0 concordant.
2026-05-05 21:07:41 [INFO] riker.phases.phase5_replication: Gene CHST15: survived — Same-tissue replication: 2/2 concordant. Cross-tissue: 0/0 concordant.
2026-05-05 21:07:41 [INFO] riker.phases.phase5_replication: Gene KDM4B: eliminated — Significant opposite direction in same-tissue dataset(s): ['GSE45827', 'GSE65194']. Discovery direction: up.
2026-05-05 21:07:41 [INFO] riker.phases.phase5_replication: Gene LPCAT1: survived — Same-tissue replication: 2/2 concordant. Cross-tissue: 0/0 concordant.
2026-05-05 21:07:41 [INFO] riker.phases.phase5_replication: Gene MICB: survived — Same-tissue replication: 2/2 concordant. Cross-tissue: 0/0 concordant.
2026-05-05 21:07:41 [INFO] riker.phases.phase5_replication: Gene UGCG: survived — Same-tissue replication: 2/2 concordant. Cross-tissue: 0/0 concordant.
2026-05-05 21:07:41 [INFO] riker.phases.phase5_replication: Gene WWC1: eliminated — Significant opposite direction in same-tissue dataset(s): ['GSE45827', 'GSE65194']. Discovery direction: up.
2026-05-05 21:07:41 [INFO] riker.phases.phase5_replication: Gene DHX15: survived — Same-tissue replication: 2/2 concordant. Cross-tissue: 0/0 concordant.
2026-05-05 21:07:41 [INFO] riker.phases.phase5_replication: Gene NKD2: survived — Same-tissue replication: 2/2 concordant. Cross-tissue: 0/0 concordant.
2026-05-05 21:07:41 [INFO] riker.phases.phase5_replication: Gene PET100: survived — Same-tissue replication: 0/2 concordant. Cross-tissue: 0/0 concordant.
2026-05-05 21:07:41 [INFO] riker.phases.phase5_replication: Gene SHKBP1: survived — Same-tissue replication: 0/2 concordant. Cross-tissue: 0/0 concordant.
2026-05-05 21:07:41 [INFO] riker.phases.phase5_replication: Gene ZNF765: survived — Same-tissue replication: 2/2 concordant. Cross-tissue: 0/0 concordant.
2026-05-05 21:07:41 [INFO] riker.phases.phase5_replication: Gene ADGRA2: survived — Same-tissue replication: 2/2 concordant. Cross-tissue: 0/0 concordant.
2026-05-05 21:07:41 [INFO] riker.phases.phase5_replication: Gene AKAP19: survived — Same-tissue replication: 2/2 concordant. Cross-tissue: 0/0 concordant.
2026-05-05 21:07:41 [INFO] riker.phases.phase5_replication: Gene ARHGAP21: survived — Same-tissue replication: 0/2 concordant. Cross-tissue: 0/0 concordant.
2026-05-05 21:07:41 [INFO] riker.phases.phase5_replication: Gene DCUN1D3: survived — Same-tissue replication: 2/2 concordant. Cross-tissue: 0/0 concordant.
2026-05-05 21:07:41 [INFO] riker.phases.phase5_replication: Gene FOXN2: survived — Same-tissue replication: 2/2 concordant. Cross-tissue: 0/0 concordant.
2026-05-05 21:07:41 [INFO] riker.phases.phase5_replication: Gene PKD2: survived — Same-tissue replication: 0/2 concordant. Cross-tissue: 0/0 concordant.
2026-05-05 21:07:41 [INFO] riker.phases.phase5_replication: Gene SGK2: survived — Same-tissue replication: 2/2 concordant. Cross-tissue: 0/0 concordant.
2026-05-05 21:07:41 [INFO] riker.phases.phase5_replication: Gene SNCG: survived — Same-tissue replication: 2/2 concordant. Cross-tissue: 0/0 concordant.
2026-05-05 21:07:41 [INFO] riker.phases.phase5_replication: Gene STAT5B: survived — Same-tissue replication: 2/2 concordant. Cross-tissue: 0/0 concordant.
2026-05-05 21:07:41 [INFO] riker.phases.phase5_replication: Gene ZNF366: survived — Same-tissue replication: 1/1 concordant. Cross-tissue: 0/0 concordant.
2026-05-05 21:07:41 [INFO] riker.phases.phase5_replication: Gene CYGB: survived — Same-tissue replication: 2/2 concordant. Cross-tissue: 0/0 concordant.
2026-05-05 21:07:41 [INFO] riker.phases.phase5_replication: Gene ECSCR: survived — Same-tissue replication: 2/2 concordant. Cross-tissue: 0/0 concordant.
2026-05-05 21:07:41 [INFO] riker.phases.phase5_replication: Gene JAM2: survived — Same-tissue replication: 2/2 concordant. Cross-tissue: 0/0 concordant.
2026-05-05 21:07:41 [INFO] riker.phases.phase5_replication: Gene SMAD9: survived — Same-tissue replication: 2/2 concordant. Cross-tissue: 0/0 concordant.
2026-05-05 21:07:41 [INFO] riker.phases.phase5_replication: Gene SOD3: survived — Same-tissue replication: 2/2 concordant. Cross-tissue: 0/0 concordant.
2026-05-05 21:07:41 [INFO] riker.phases.phase5_replication: Gene AMOTL2: survived — Same-tissue replication: 2/2 concordant. Cross-tissue: 0/0 concordant.
2026-05-05 21:07:41 [INFO] riker.phases.phase5_replication: Gene AQP1: survived — Same-tissue replication: 2/2 concordant. Cross-tissue: 0/0 concordant.
2026-05-05 21:07:41 [INFO] riker.phases.phase5_replication: Gene ASPH: survived — Same-tissue replication: 2/2 concordant. Cross-tissue: 0/0 concordant.
2026-05-05 21:07:41 [INFO] riker.phases.phase5_replication: Gene CDC14B: survived — Same-tissue replication: 2/2 concordant. Cross-tissue: 0/0 concordant.
2026-05-05 21:07:41 [INFO] riker.phases.phase5_replication: Gene CUTC: survived — Same-tissue replication: 2/2 concordant. Cross-tissue: 0/0 concordant.
2026-05-05 21:07:41 [INFO] riker.phases.phase5_replication: Gene DENND2A: survived — Same-tissue replication: 2/2 concordant. Cross-tissue: 0/0 concordant.
2026-05-05 21:07:41 [INFO] riker.phases.phase5_replication: Gene GRK5: survived — Same-tissue replication: 2/2 concordant. Cross-tissue: 0/0 concordant.
2026-05-05 21:07:41 [INFO] riker.phases.phase5_replication: Gene IL11RA: survived — Same-tissue replication: 2/2 concordant. Cross-tissue: 0/0 concordant.
2026-05-05 21:07:41 [INFO] riker.phases.phase5_replication: Gene KANK2: survived — Same-tissue replication: 2/2 concordant. Cross-tissue: 0/0 concordant.
2026-05-05 21:07:41 [INFO] riker.phases.phase5_replication: Gene MYCT1: survived — Same-tissue replication: 2/2 concordant. Cross-tissue: 0/0 concordant.
2026-05-05 21:07:41 [INFO] riker.phases.phase5_replication: Gene NR3C1: survived — Same-tissue replication: 2/2 concordant. Cross-tissue: 0/0 concordant.
2026-05-05 21:07:41 [INFO] riker.phases.phase5_replication: Gene OSBPL1A: survived — Same-tissue replication: 2/2 concordant. Cross-tissue: 0/0 concordant.
2026-05-05 21:07:41 [INFO] riker.phases.phase5_replication: Gene RRAS2: survived — Same-tissue replication: 2/2 concordant. Cross-tissue: 0/0 concordant.
2026-05-05 21:07:41 [INFO] riker.phases.phase5_replication: Gene SYN2: survived — Same-tissue replication: 1/1 concordant. Cross-tissue: 0/0 concordant.
2026-05-05 21:07:41 [INFO] riker.phases.phase5_replication: Gene TXNIP: survived — Same-tissue replication: 2/2 concordant. Cross-tissue: 0/0 concordant.
2026-05-05 21:07:41 [INFO] riker.phases.phase5_replication: Gene GID8: survived — Same-tissue replication: 2/2 concordant. Cross-tissue: 0/0 concordant.
2026-05-05 21:07:41 [INFO] riker.phases.phase5_replication: Gene GTF2E1: survived — Same-tissue replication: 2/2 concordant. Cross-tissue: 0/0 concordant.
2026-05-05 21:07:41 [INFO] riker.phases.phase5_replication: Gene MRPL12: survived — Same-tissue replication: 2/2 concordant. Cross-tissue: 0/0 concordant.
2026-05-05 21:07:41 [INFO] riker.phases.phase5_replication: Gene PHF14: survived — Same-tissue replication: 2/2 concordant. Cross-tissue: 0/0 concordant.
2026-05-05 21:07:41 [INFO] riker.phases.phase5_replication: Gene SPPL2B: eliminated — Significant opposite direction in same-tissue dataset(s): ['GSE45827', 'GSE65194']. Discovery direction: up.
2026-05-05 21:07:41 [INFO] riker.phases.phase5_replication: Gene SUMO3: survived — Same-tissue replication: 2/2 concordant. Cross-tissue: 0/0 concordant.
2026-05-05 21:07:41 [INFO] riker.phases.phase5_replication: Gene TAF6: survived — Same-tissue replication: 2/2 concordant. Cross-tissue: 0/0 concordant.
2026-05-05 21:07:41 [INFO] riker.phases.phase5_replication: Gene DMXL1: survived — Same-tissue replication: 2/2 concordant. Cross-tissue: 0/0 concordant.
2026-05-05 21:07:41 [INFO] riker.phases.phase5_replication: Gene PLCL1: eliminated — Significant opposite direction in same-tissue dataset(s): ['GSE45827']. Discovery direction: down.
2026-05-05 21:07:41 [INFO] riker.phases.phase5_replication: Gene SLC47A1: survived — Same-tissue replication: 0/1 concordant. Cross-tissue: 0/0 concordant.
2026-05-05 21:07:41 [INFO] riker.phases.phase5_replication: Gene EGFL6: survived — Same-tissue replication: 0/2 concordant. Cross-tissue: 0/0 concordant.
2026-05-05 21:07:41 [INFO] riker.phases.phase5_replication: Gene HBG2: survived — Same-tissue replication: 1/1 concordant. Cross-tissue: 0/0 concordant.
2026-05-05 21:07:41 [INFO] riker.phases.phase5_replication: Gene HNMT: survived — Same-tissue replication: 2/2 concordant. Cross-tissue: 0/0 concordant.
2026-05-05 21:07:41 [INFO] riker.phases.phase5_replication: Gene MFAP5: survived — Same-tissue replication: 0/2 concordant. Cross-tissue: 0/0 concordant.
2026-05-05 21:07:41 [INFO] riker.phases.phase5_replication: Gene NOVA1: survived — Same-tissue replication: 2/2 concordant. Cross-tissue: 0/0 concordant.
2026-05-05 21:07:41 [INFO] riker.phases.phase5_replication: Gene NR1H3: survived — Same-tissue replication: 2/2 concordant. Cross-tissue: 0/0 concordant.
2026-05-05 21:07:41 [INFO] riker.phases.phase5_replication: Gene PTGER4: survived — Same-tissue replication: 2/2 concordant. Cross-tissue: 0/0 concordant.
2026-05-05 21:07:41 [INFO] riker.phases.phase5_replication: Gene STEAP1: survived — Same-tissue replication: 2/2 concordant. Cross-tissue: 0/0 concordant.
2026-05-05 21:07:41 [INFO] riker.phases.phase5_replication: Gene ABHD5: survived — Same-tissue replication: 2/2 concordant. Cross-tissue: 0/0 concordant.
2026-05-05 21:07:41 [INFO] riker.phases.phase5_replication: Gene BANK1: eliminated — Significant opposite direction in same-tissue dataset(s): ['GSE45827', 'GSE65194']. Discovery direction: down.
2026-05-05 21:07:41 [INFO] riker.phases.phase5_replication: Gene COPZ2: survived — Same-tissue replication: 2/2 concordant. Cross-tissue: 0/0 concordant.
2026-05-05 21:07:41 [INFO] riker.phases.phase5_replication: Gene PLIN2: survived — Same-tissue replication: 0/2 concordant. Cross-tissue: 0/0 concordant.
2026-05-05 21:07:41 [INFO] riker.phases.phase5_replication: Gene TWIST1: survived — Same-tissue replication: 2/2 concordant. Cross-tissue: 0/0 concordant.
2026-05-05 21:07:41 [INFO] riker.phases.phase5_replication: Gene ACOT1: survived — Same-tissue replication: 2/2 concordant. Cross-tissue: 0/0 concordant.
2026-05-05 21:07:41 [INFO] riker.phases.phase5_replication: Gene CCN5: survived — Same-tissue replication: 2/2 concordant. Cross-tissue: 0/0 concordant.
2026-05-05 21:07:41 [INFO] riker.phases.phase5_replication: Gene F13A1: survived — Same-tissue replication: 2/2 concordant. Cross-tissue: 0/0 concordant.
2026-05-05 21:07:41 [INFO] riker.phases.phase5_replication: Gene ME1: survived — Same-tissue replication: 0/2 concordant. Cross-tissue: 0/0 concordant.
2026-05-05 21:07:41 [INFO] riker.phases.phase5_replication: Gene MYL9: survived — Same-tissue replication: 2/2 concordant. Cross-tissue: 0/0 concordant.
2026-05-05 21:07:41 [INFO] riker.phases.phase5_replication: Gene ACADS: survived — Same-tissue replication: 2/2 concordant. Cross-tissue: 0/0 concordant.
2026-05-05 21:07:41 [INFO] riker.phases.phase5_replication: Gene HIPK2: survived — Same-tissue replication: 0/2 concordant. Cross-tissue: 0/0 concordant.
2026-05-05 21:07:41 [INFO] riker.phases.phase5_replication: Gene HOOK2: survived — Same-tissue replication: 2/2 concordant. Cross-tissue: 0/0 concordant.
2026-05-05 21:07:41 [INFO] riker.phases.phase5_replication: Gene JHY: survived — Same-tissue replication: 2/2 concordant. Cross-tissue: 0/0 concordant.
2026-05-05 21:07:41 [INFO] riker.phases.phase5_replication: Gene MPC1: survived — Same-tissue replication: 0/2 concordant. Cross-tissue: 0/0 concordant.
2026-05-05 21:07:41 [INFO] riker.phases.phase5_replication: Gene PJA1: survived — Same-tissue replication: 2/2 concordant. Cross-tissue: 0/0 concordant.
2026-05-05 21:07:41 [INFO] riker.phases.phase5_replication: Gene PPP3CB: survived — Same-tissue replication: 2/2 concordant. Cross-tissue: 0/0 concordant.
2026-05-05 21:07:41 [INFO] riker.phases.phase5_replication: Gene SNRK: survived — Same-tissue replication: 0/2 concordant. Cross-tissue: 0/0 concordant.
2026-05-05 21:07:41 [INFO] riker.phases.phase5_replication: Gene TLE1: survived — Same-tissue replication: 2/2 concordant. Cross-tissue: 0/0 concordant.
2026-05-05 21:07:41 [INFO] riker.phases.phase5_replication: Gene TLR3: survived — Same-tissue replication: 0/2 concordant. Cross-tissue: 0/0 concordant.
2026-05-05 21:07:41 [INFO] riker.phases.phase5_replication: Gene TRIP10: survived — Same-tissue replication: 2/2 concordant. Cross-tissue: 0/0 concordant.
2026-05-05 21:07:41 [INFO] riker.phases.phase5_replication: Gene CADM1: survived — Same-tissue replication: 2/2 concordant. Cross-tissue: 0/0 concordant.
2026-05-05 21:07:41 [INFO] riker.phases.phase5_replication: Gene CCAR1: survived — Same-tissue replication: 2/2 concordant. Cross-tissue: 0/0 concordant.
2026-05-05 21:07:41 [INFO] riker.phases.phase5_replication: Gene CROT: eliminated — Significant opposite direction in same-tissue dataset(s): ['GSE45827', 'GSE65194']. Discovery direction: up.
2026-05-05 21:07:41 [INFO] riker.phases.phase5_replication: Gene CTSH: survived — Same-tissue replication: 2/2 concordant. Cross-tissue: 0/0 concordant.
2026-05-05 21:07:41 [INFO] riker.phases.phase5_replication: Gene EBPL: survived — Same-tissue replication: 2/2 concordant. Cross-tissue: 0/0 concordant.
2026-05-05 21:07:41 [INFO] riker.phases.phase5_replication: Gene FZD6: survived — Same-tissue replication: 2/2 concordant. Cross-tissue: 0/0 concordant.
2026-05-05 21:07:41 [INFO] riker.phases.phase5_replication: Gene KIF9: survived — Same-tissue replication: 0/2 concordant. Cross-tissue: 0/0 concordant.
2026-05-05 21:07:41 [INFO] riker.phases.phase5_replication: Gene NAA35: survived — Same-tissue replication: 2/2 concordant. Cross-tissue: 0/0 concordant.
2026-05-05 21:07:41 [INFO] riker.phases.phase5_replication: Gene PHF20L1: survived — Same-tissue replication: 2/2 concordant. Cross-tissue: 0/0 concordant.
2026-05-05 21:07:41 [INFO] riker.phases.phase5_replication: Gene PPP1R26: eliminated — Significant opposite direction in same-tissue dataset(s): ['GSE65194']. Discovery direction: up.
2026-05-05 21:07:41 [INFO] riker.phases.phase5_replication: Gene RUNDC1: survived — Same-tissue replication: 2/2 concordant. Cross-tissue: 0/0 concordant.
2026-05-05 21:07:41 [INFO] riker.phases.phase5_replication: Gene TBL3: survived — Same-tissue replication: 0/2 concordant. Cross-tissue: 0/0 concordant.
2026-05-05 21:07:41 [INFO] riker.phases.phase5_replication: Gene TFRC: survived — Same-tissue replication: 2/2 concordant. Cross-tissue: 0/0 concordant.
2026-05-05 21:07:41 [INFO] riker.phases.phase5_replication: Gene TMEM258: survived — Same-tissue replication: 2/2 concordant. Cross-tissue: 0/0 concordant.
2026-05-05 21:07:41 [INFO] riker.phases.phase5_replication: Gene TMTC4: survived — Same-tissue replication: 2/2 concordant. Cross-tissue: 0/0 concordant.
2026-05-05 21:07:41 [INFO] riker.phases.phase5_replication: Gene ZDHHC9: survived — Same-tissue replication: 2/2 concordant. Cross-tissue: 0/0 concordant.
2026-05-05 21:07:41 [INFO] riker.phases.phase5_replication: Gene ATXN7L3: survived — Same-tissue replication: 2/2 concordant. Cross-tissue: 0/0 concordant.
2026-05-05 21:07:41 [INFO] riker.phases.phase5_replication: Gene CDK5RAP1: survived — Same-tissue replication: 2/2 concordant. Cross-tissue: 0/0 concordant.
2026-05-05 21:07:41 [INFO] riker.phases.phase5_replication: Gene MESD: survived — Same-tissue replication: 2/2 concordant. Cross-tissue: 0/0 concordant.
2026-05-05 21:07:41 [INFO] riker.phases.phase5_replication: Gene MRM2: survived — Same-tissue replication: 2/2 concordant. Cross-tissue: 0/0 concordant.
2026-05-05 21:07:41 [INFO] riker.phases.phase5_replication: Gene NSUN2: survived — Same-tissue replication: 2/2 concordant. Cross-tissue: 0/0 concordant.
2026-05-05 21:07:41 [INFO] riker.phases.phase5_replication: Gene POMT2: survived — Same-tissue replication: 0/2 concordant. Cross-tissue: 0/0 concordant.
2026-05-05 21:07:41 [INFO] riker.phases.phase5_replication: Gene PPP6R1: survived — Same-tissue replication: 2/2 concordant. Cross-tissue: 0/0 concordant.
2026-05-05 21:07:41 [INFO] riker.phases.phase5_replication: Gene RAMAC: survived — Same-tissue replication: 2/2 concordant. Cross-tissue: 0/0 concordant.
2026-05-05 21:07:41 [INFO] riker.phases.phase5_replication: Gene STK36: survived — Same-tissue replication: 1/2 concordant. Cross-tissue: 0/0 concordant.
2026-05-05 21:07:41 [INFO] riker.phases.phase5_replication: Gene UBFD1: survived — Same-tissue replication: 2/2 concordant. Cross-tissue: 0/0 concordant.
2026-05-05 21:07:41 [INFO] riker.phases.phase5_replication: Gene ALDH1L1: survived — Same-tissue replication: 2/2 concordant. Cross-tissue: 0/0 concordant.
2026-05-05 21:07:41 [INFO] riker.phases.phase5_replication: Gene EBF3: survived — Same-tissue replication: 2/2 concordant. Cross-tissue: 0/0 concordant.
2026-05-05 21:07:41 [INFO] riker.phases.phase5_replication: Gene GPR146: survived — Same-tissue replication: 2/2 concordant. Cross-tissue: 0/0 concordant.
2026-05-05 21:07:41 [INFO] riker.phases.phase5_replication: Gene RBP7: survived — Same-tissue replication: 2/2 concordant. Cross-tissue: 0/0 concordant.
2026-05-05 21:07:41 [INFO] riker.phases.phase5_replication: Gene TWIST2: survived — Same-tissue replication: 2/2 concordant. Cross-tissue: 0/0 concordant.
2026-05-05 21:07:41 [INFO] riker.phases.phase5_replication: Gene ANGPTL1: survived — Same-tissue replication: 2/2 concordant. Cross-tissue: 0/0 concordant.
2026-05-05 21:07:41 [INFO] riker.phases.phase5_replication: Gene ARHGAP20: survived — Same-tissue replication: 1/1 concordant. Cross-tissue: 0/0 concordant.
2026-05-05 21:07:41 [INFO] riker.phases.phase5_replication: Gene DMD: survived — Same-tissue replication: 2/2 concordant. Cross-tissue: 0/0 concordant.
2026-05-05 21:07:41 [INFO] riker.phases.phase5_replication: Gene DOCK11: survived — Same-tissue replication: 2/2 concordant. Cross-tissue: 0/0 concordant.
2026-05-05 21:07:41 [INFO] riker.phases.phase5_replication: Gene GNG2: survived — Same-tissue replication: 2/2 concordant. Cross-tissue: 0/0 concordant.
2026-05-05 21:07:41 [INFO] riker.phases.phase5_replication: Gene PPP1R14A: survived — Same-tissue replication: 2/2 concordant. Cross-tissue: 0/0 concordant.
2026-05-05 21:07:41 [INFO] riker.phases.phase5_replication: Gene RNF150: survived — Same-tissue replication: 2/2 concordant. Cross-tissue: 0/0 concordant.
2026-05-05 21:07:41 [INFO] riker.phases.phase5_replication: Gene TMEM132C: survived — Same-tissue replication: 2/2 concordant. Cross-tissue: 0/0 concordant.
2026-05-05 21:07:41 [INFO] riker.phases.phase5_replication: Gene ACKR1: survived — Same-tissue replication: 2/2 concordant. Cross-tissue: 0/0 concordant.
2026-05-05 21:07:41 [INFO] riker.phases.phase5_replication: Gene BOK: survived — Same-tissue replication: 2/2 concordant. Cross-tissue: 0/0 concordant.
2026-05-05 21:07:41 [INFO] riker.phases.phase5_replication: Gene DEFB132: survived — Same-tissue replication: 1/1 concordant. Cross-tissue: 0/0 concordant.
2026-05-05 21:07:41 [INFO] riker.phases.phase5_replication: Gene DNASE1L3: survived — Same-tissue replication: 2/2 concordant. Cross-tissue: 0/0 concordant.
2026-05-05 21:07:41 [INFO] riker.phases.phase5_replication: Gene ELMOD3: survived — Same-tissue replication: 2/2 concordant. Cross-tissue: 0/0 concordant.
2026-05-05 21:07:41 [INFO] riker.phases.phase5_replication: Gene FGFBP2: survived — Same-tissue replication: 1/1 concordant. Cross-tissue: 0/0 concordant.
2026-05-05 21:07:41 [INFO] riker.phases.phase5_replication: Gene GALNT15: survived — Same-tissue replication: 2/2 concordant. Cross-tissue: 0/0 concordant.
2026-05-05 21:07:41 [INFO] riker.phases.phase5_replication: Gene MGST1: survived — Same-tissue replication: 0/2 concordant. Cross-tissue: 0/0 concordant.
2026-05-05 21:07:41 [INFO] riker.phases.phase5_replication: Gene RASD1: survived — Same-tissue replication: 2/2 concordant. Cross-tissue: 0/0 concordant.
2026-05-05 21:07:41 [INFO] riker.phases.phase5_replication: Gene RNF157: survived — Same-tissue replication: 0/1 concordant. Cross-tissue: 0/0 concordant.
2026-05-05 21:07:41 [INFO] riker.phases.phase5_replication: Gene SMIM3: survived — Same-tissue replication: 2/2 concordant. Cross-tissue: 0/0 concordant.
2026-05-05 21:07:41 [INFO] riker.phases.phase5_replication: Gene ACVR1C: survived — Same-tissue replication: 2/2 concordant. Cross-tissue: 0/0 concordant.
2026-05-05 21:07:41 [INFO] riker.phases.phase5_replication: Gene GPAM: survived — Same-tissue replication: 2/2 concordant. Cross-tissue: 0/0 concordant.
2026-05-05 21:07:41 [INFO] riker.phases.phase5_replication: Gene KLB: survived — Same-tissue replication: 2/2 concordant. Cross-tissue: 0/0 concordant.
2026-05-05 21:07:41 [INFO] riker.phases.phase5_replication: Gene PLIN4: survived — Same-tissue replication: 2/2 concordant. Cross-tissue: 0/0 concordant.
2026-05-05 21:07:41 [INFO] riker.phases.phase5_replication: Gene SCARA5: survived — Same-tissue replication: 2/2 concordant. Cross-tissue: 0/0 concordant.
2026-05-05 21:07:41 [INFO] riker.phases.phase5_replication: Gene THRSP: survived — Same-tissue replication: 2/2 concordant. Cross-tissue: 0/0 concordant.
2026-05-05 21:07:41 [INFO] riker.phases.phase5_replication: Gene CCDC107: survived — Same-tissue replication: 2/2 concordant. Cross-tissue: 0/0 concordant.
2026-05-05 21:07:41 [INFO] riker.phases.phase5_replication: Gene EEPD1: survived — Same-tissue replication: 2/2 concordant. Cross-tissue: 0/0 concordant.
2026-05-05 21:07:41 [INFO] riker.phases.phase5_replication: Gene KATNAL1: survived — Same-tissue replication: 2/2 concordant. Cross-tissue: 0/0 concordant.
2026-05-05 21:07:41 [INFO] riker.phases.phase5_replication: Gene MBNL2: survived — Same-tissue replication: 2/2 concordant. Cross-tissue: 0/0 concordant.
2026-05-05 21:07:41 [INFO] riker.phases.phase5_replication: Gene NMNAT2: survived — Same-tissue replication: 1/1 concordant. Cross-tissue: 0/0 concordant.
2026-05-05 21:07:41 [INFO] riker.phases.phase5_replication: Gene CLCN7: survived — Same-tissue replication: 0/2 concordant. Cross-tissue: 0/0 concordant.
2026-05-05 21:07:41 [INFO] riker.phases.phase5_replication: Gene CNPY3: survived — Same-tissue replication: 0/2 concordant. Cross-tissue: 0/0 concordant.
2026-05-05 21:07:41 [INFO] riker.phases.phase5_replication: Gene DCTN5: survived — Same-tissue replication: 2/2 concordant. Cross-tissue: 0/0 concordant.
2026-05-05 21:07:41 [INFO] riker.phases.phase5_replication: Gene GAA: survived — Same-tissue replication: 2/2 concordant. Cross-tissue: 0/0 concordant.
2026-05-05 21:07:41 [INFO] riker.phases.phase5_replication: Gene GSS: survived — Same-tissue replication: 2/2 concordant. Cross-tissue: 0/0 concordant.
2026-05-05 21:07:41 [INFO] riker.phases.phase5_replication: Gene KATNIP: survived — Same-tissue replication: 2/2 concordant. Cross-tissue: 0/0 concordant.
2026-05-05 21:07:41 [INFO] riker.phases.phase5_replication: Gene LAD1: survived — Same-tissue replication: 2/2 concordant. Cross-tissue: 0/0 concordant.
2026-05-05 21:07:41 [INFO] riker.phases.phase5_replication: Gene PRR14: survived — Same-tissue replication: 2/2 concordant. Cross-tissue: 0/0 concordant.
2026-05-05 21:07:41 [INFO] riker.phases.phase5_replication: Gene PRUNE1: survived — Same-tissue replication: 2/2 concordant. Cross-tissue: 0/0 concordant.
2026-05-05 21:07:41 [INFO] riker.phases.phase5_replication: Gene RPS6KA1: survived — Same-tissue replication: 2/2 concordant. Cross-tissue: 0/0 concordant.
2026-05-05 21:07:41 [INFO] riker.phases.phase5_replication: Gene TBL2: survived — Same-tissue replication: 2/2 concordant. Cross-tissue: 0/0 concordant.
2026-05-05 21:07:41 [INFO] riker.phases.phase5_replication: Gene COL8A2: survived — Same-tissue replication: 2/2 concordant. Cross-tissue: 0/0 concordant.
2026-05-05 21:07:41 [INFO] riker.phases.phase5_replication: Gene CRIP2: survived — Same-tissue replication: 2/2 concordant. Cross-tissue: 0/0 concordant.
2026-05-05 21:07:41 [INFO] riker.phases.phase5_replication: Gene EXPH5: survived — Same-tissue replication: 2/2 concordant. Cross-tissue: 0/0 concordant.
2026-05-05 21:07:41 [INFO] riker.phases.phase5_replication: Gene GART: survived — Same-tissue replication: 2/2 concordant. Cross-tissue: 0/0 concordant.
2026-05-05 21:07:41 [INFO] riker.phases.phase5_replication: Gene GSR: survived — Same-tissue replication: 2/2 concordant. Cross-tissue: 0/0 concordant.
2026-05-05 21:07:41 [INFO] riker.phases.phase5_replication: Gene GTF3C4: survived — Same-tissue replication: 2/2 concordant. Cross-tissue: 0/0 concordant.
2026-05-05 21:07:41 [INFO] riker.phases.phase5_replication: Gene MAP7: survived — Same-tissue replication: 2/2 concordant. Cross-tissue: 0/0 concordant.
2026-05-05 21:07:41 [INFO] riker.phases.phase5_replication: Gene MFSD6: survived — Same-tissue replication: 2/2 concordant. Cross-tissue: 0/0 concordant.
2026-05-05 21:07:41 [INFO] riker.phases.phase5_replication: Gene MGAT4B: survived — Same-tissue replication: 2/2 concordant. Cross-tissue: 0/0 concordant.
2026-05-05 21:07:41 [INFO] riker.phases.phase5_replication: Gene NELL2: survived — Same-tissue replication: 2/2 concordant. Cross-tissue: 0/0 concordant.
2026-05-05 21:07:41 [INFO] riker.phases.phase5_replication: Gene PLAU: survived — Same-tissue replication: 2/2 concordant. Cross-tissue: 0/0 concordant.
2026-05-05 21:07:41 [INFO] riker.phases.phase5_replication: Gene RAI1: survived — Same-tissue replication: 2/2 concordant. Cross-tissue: 0/0 concordant.
2026-05-05 21:07:41 [INFO] riker.phases.phase5_replication: Gene SIAH2: survived — Same-tissue replication: 2/2 concordant. Cross-tissue: 0/0 concordant.
2026-05-05 21:07:41 [INFO] riker.phases.phase5_replication: Gene SPHK1: survived — Same-tissue replication: 2/2 concordant. Cross-tissue: 0/0 concordant.
2026-05-05 21:07:41 [INFO] riker.phases.phase5_replication: Gene G3BP1: survived — Same-tissue replication: 2/2 concordant. Cross-tissue: 0/0 concordant.
2026-05-05 21:07:41 [INFO] riker.phases.phase5_replication: Gene KDM1A: survived — Same-tissue replication: 2/2 concordant. Cross-tissue: 0/0 concordant.
2026-05-05 21:07:41 [INFO] riker.phases.phase5_replication: Gene MTPAP: survived — Same-tissue replication: 2/2 concordant. Cross-tissue: 0/0 concordant.
2026-05-05 21:07:41 [INFO] riker.phases.phase5_replication: Gene TMEM41B: survived — Same-tissue replication: 2/2 concordant. Cross-tissue: 0/0 concordant.
2026-05-05 21:07:41 [INFO] riker.phases.phase5_replication: Gene AKAP9: survived — Same-tissue replication: 2/2 concordant. Cross-tissue: 0/0 concordant.
2026-05-05 21:07:41 [INFO] riker.phases.phase5_replication: Gene INTS13: survived — Same-tissue replication: 2/2 concordant. Cross-tissue: 0/0 concordant.
2026-05-05 21:07:41 [INFO] riker.phases.phase5_replication: Gene P4HB: survived — Same-tissue replication: 2/2 concordant. Cross-tissue: 0/0 concordant.
2026-05-05 21:07:41 [INFO] riker.phases.phase5_replication: Gene RSAD2: survived — Same-tissue replication: 2/2 concordant. Cross-tissue: 0/0 concordant.
2026-05-05 21:07:41 [INFO] riker.phases.phase5_replication: Gene F8: survived — Same-tissue replication: 2/2 concordant. Cross-tissue: 0/0 concordant.
2026-05-05 21:07:41 [INFO] riker.phases.phase5_replication: Gene PTPRM: survived — Same-tissue replication: 2/2 concordant. Cross-tissue: 0/0 concordant.
2026-05-05 21:07:41 [INFO] riker.phases.phase5_replication: Gene RGN: survived — Same-tissue replication: 1/1 concordant. Cross-tissue: 0/0 concordant.
2026-05-05 21:07:41 [INFO] riker.phases.phase5_replication: Gene RRAS: survived — Same-tissue replication: 0/2 concordant. Cross-tissue: 0/0 concordant.
2026-05-05 21:07:41 [INFO] riker.phases.phase5_replication: Gene STAT5A: survived — Same-tissue replication: 2/2 concordant. Cross-tissue: 0/0 concordant.
2026-05-05 21:07:41 [INFO] riker.phases.phase5_replication: Gene STXBP1: survived — Same-tissue replication: 2/2 concordant. Cross-tissue: 0/0 concordant.
2026-05-05 21:07:41 [INFO] riker.phases.phase5_replication: Gene TLN2: survived — Same-tissue replication: 2/2 concordant. Cross-tissue: 0/0 concordant.
2026-05-05 21:07:41 [INFO] riker.phases.phase5_replication: Gene ADH1C: survived — Same-tissue replication: 2/2 concordant. Cross-tissue: 0/0 concordant.
2026-05-05 21:07:41 [INFO] riker.phases.phase5_replication: Gene ADIRF: survived — Same-tissue replication: 2/2 concordant. Cross-tissue: 0/0 concordant.
2026-05-05 21:07:41 [INFO] riker.phases.phase5_replication: Gene AKAP12: survived — Same-tissue replication: 2/2 concordant. Cross-tissue: 0/0 concordant.
2026-05-05 21:07:42 [INFO] riker.phases.phase5_replication: Gene CAV2: survived — Same-tissue replication: 2/2 concordant. Cross-tissue: 0/0 concordant.
2026-05-05 21:07:42 [INFO] riker.phases.phase5_replication: Gene HCAR3: survived — Same-tissue replication: 2/2 concordant. Cross-tissue: 0/0 concordant.
2026-05-05 21:07:42 [INFO] riker.phases.phase5_replication: Gene PRKAR2B: survived — Same-tissue replication: 2/2 concordant. Cross-tissue: 0/0 concordant.
2026-05-05 21:07:42 [INFO] riker.phases.phase5_replication: Gene TF: survived — Same-tissue replication: 2/2 concordant. Cross-tissue: 0/0 concordant.
2026-05-05 21:07:42 [INFO] riker.phases.phase5_replication: Gene CBX1: survived — Same-tissue replication: 2/2 concordant. Cross-tissue: 0/0 concordant.
2026-05-05 21:07:42 [INFO] riker.phases.phase5_replication: Gene CPSF6: survived — Same-tissue replication: 2/2 concordant. Cross-tissue: 0/0 concordant.
2026-05-05 21:07:42 [INFO] riker.phases.phase5_replication: Gene HMGB2: survived — Same-tissue replication: 2/2 concordant. Cross-tissue: 0/0 concordant.
2026-05-05 21:07:42 [INFO] riker.phases.phase5_replication: Gene NUCB2: survived — Same-tissue replication: 2/2 concordant. Cross-tissue: 0/0 concordant.
2026-05-05 21:07:42 [INFO] riker.phases.phase5_replication: Gene RPN1: survived — Same-tissue replication: 2/2 concordant. Cross-tissue: 0/0 concordant.
2026-05-05 21:07:42 [INFO] riker.phases.phase5_replication: Gene SLC25A13: survived — Same-tissue replication: 2/2 concordant. Cross-tissue: 0/0 concordant.
2026-05-05 21:07:42 [INFO] riker.phases.phase5_replication: Gene UBXN2B: survived — Same-tissue replication: 2/2 concordant. Cross-tissue: 0/0 concordant.
2026-05-05 21:07:42 [INFO] riker.phases.phase5_replication: Gene JCAD: survived — Same-tissue replication: 2/2 concordant. Cross-tissue: 0/0 concordant.
2026-05-05 21:07:42 [INFO] riker.phases.phase5_replication: Gene PLEKHM1: survived — Same-tissue replication: 2/2 concordant. Cross-tissue: 0/0 concordant.
2026-05-05 21:07:42 [INFO] riker.phases.phase5_replication: Gene RNF146: survived — Same-tissue replication: 0/2 concordant. Cross-tissue: 0/0 concordant.
2026-05-05 21:07:42 [INFO] riker.phases.phase5_replication: Gene UVRAG: survived — Same-tissue replication: 0/2 concordant. Cross-tissue: 0/0 concordant.
2026-05-05 21:07:42 [INFO] riker.phases.phase5_replication: Gene NDUFS4: survived — Same-tissue replication: 2/2 concordant. Cross-tissue: 0/0 concordant.
2026-05-05 21:07:42 [INFO] riker.phases.phase5_replication: Gene SMARCA2: survived — Same-tissue replication: 0/2 concordant. Cross-tissue: 0/0 concordant.
2026-05-05 21:07:42 [INFO] riker.phases.phase5_replication: Gene TRIM8: survived — Same-tissue replication: 2/2 concordant. Cross-tissue: 0/0 concordant.
2026-05-05 21:07:42 [INFO] riker.phases.phase5_replication: Gene YBX1: eliminated — Significant opposite direction in same-tissue dataset(s): ['GSE45827', 'GSE65194']. Discovery direction: down.
2026-05-05 21:07:42 [INFO] riker.phases.phase5_replication: Gene ANXA5: eliminated — Significant opposite direction in same-tissue dataset(s): ['GSE45827', 'GSE65194']. Discovery direction: down.
2026-05-05 21:07:42 [INFO] riker.phases.phase5_replication: Gene APIP: eliminated — Significant opposite direction in same-tissue dataset(s): ['GSE45827', 'GSE65194']. Discovery direction: down.
2026-05-05 21:07:42 [INFO] riker.phases.phase5_replication: Gene AZI2: survived — Same-tissue replication: 2/2 concordant. Cross-tissue: 0/0 concordant.
2026-05-05 21:07:42 [INFO] riker.phases.phase5_replication: Gene CCDC28A: survived — Same-tissue replication: 0/2 concordant. Cross-tissue: 0/0 concordant.
2026-05-05 21:07:42 [INFO] riker.phases.phase5_replication: Gene SDCBP: eliminated — Significant opposite direction in same-tissue dataset(s): ['GSE45827', 'GSE65194']. Discovery direction: down.
2026-05-05 21:07:42 [INFO] riker.phases.phase5_replication: Gene STAB1: survived — Same-tissue replication: 2/2 concordant. Cross-tissue: 0/0 concordant.
2026-05-05 21:07:42 [INFO] riker.phases.phase5_replication: Gene UROD: survived — Same-tissue replication: 2/2 concordant. Cross-tissue: 0/0 concordant.
2026-05-05 21:07:42 [INFO] riker.phases.phase5_replication: Gene ZFHX4: survived — Same-tissue replication: 2/2 concordant. Cross-tissue: 0/0 concordant.
2026-05-05 21:07:42 [INFO] riker.phases.phase5_replication: Gene C3: survived — Same-tissue replication: 2/2 concordant. Cross-tissue: 0/0 concordant.
2026-05-05 21:07:42 [INFO] riker.phases.phase5_replication: Gene COL15A1: survived — Same-tissue replication: 2/2 concordant. Cross-tissue: 0/0 concordant.
2026-05-05 21:07:42 [INFO] riker.phases.phase5_replication: Gene ID1: survived — Same-tissue replication: 0/2 concordant. Cross-tissue: 0/0 concordant.
2026-05-05 21:07:42 [INFO] riker.phases.phase5_replication: Gene PEPD: survived — Same-tissue replication: 0/2 concordant. Cross-tissue: 0/0 concordant.
2026-05-05 21:07:42 [INFO] riker.phases.phase5_replication: Gene RNF130: eliminated — Significant opposite direction in same-tissue dataset(s): ['GSE45827', 'GSE65194']. Discovery direction: down.
2026-05-05 21:07:42 [INFO] riker.phases.phase5_replication: Gene VTI1B: survived — Same-tissue replication: 2/2 concordant. Cross-tissue: 0/0 concordant.
2026-05-05 21:07:42 [INFO] riker.phases.phase5_replication: Gene BNIP3L: survived — Same-tissue replication: 2/2 concordant. Cross-tissue: 0/0 concordant.
2026-05-05 21:07:42 [INFO] riker.phases.phase5_replication: Gene FAH: survived — Same-tissue replication: 2/2 concordant. Cross-tissue: 0/0 concordant.
2026-05-05 21:07:42 [INFO] riker.phases.phase5_replication: Gene GAS1: survived — Same-tissue replication: 2/2 concordant. Cross-tissue: 0/0 concordant.
2026-05-05 21:07:42 [INFO] riker.phases.phase5_replication: Gene SERINC1: survived — Same-tissue replication: 0/2 concordant. Cross-tissue: 0/0 concordant.
2026-05-05 21:07:42 [INFO] riker.phases.phase5_replication: Gene TLR4: survived — Same-tissue replication: 2/2 concordant. Cross-tissue: 0/0 concordant.
2026-05-05 21:07:42 [INFO] riker.phases.phase5_replication: Gene C7: survived — Same-tissue replication: 2/2 concordant. Cross-tissue: 0/0 concordant.
2026-05-05 21:07:42 [INFO] riker.phases.phase5_replication: Gene DCN: survived — Same-tissue replication: 2/2 concordant. Cross-tissue: 0/0 concordant.
2026-05-05 21:07:42 [INFO] riker.phases.phase5_replication: Gene EPHX1: survived — Same-tissue replication: 2/2 concordant. Cross-tissue: 0/0 concordant.
2026-05-05 21:07:42 [INFO] riker.phases.phase5_replication: Gene ETFDH: survived — Same-tissue replication: 2/2 concordant. Cross-tissue: 0/0 concordant.
2026-05-05 21:07:42 [INFO] riker.phases.phase5_replication: Gene FILIP1L: survived — Same-tissue replication: 0/2 concordant. Cross-tissue: 0/0 concordant.
2026-05-05 21:07:42 [INFO] riker.phases.phase5_replication: Gene FSTL1: survived — Same-tissue replication: 2/2 concordant. Cross-tissue: 0/0 concordant.
2026-05-05 21:07:42 [INFO] riker.phases.phase5_replication: Gene PDGFRA: survived — Same-tissue replication: 2/2 concordant. Cross-tissue: 0/0 concordant.
2026-05-05 21:07:42 [INFO] riker.phases.phase5_replication: Gene S100A4: survived — Same-tissue replication: 2/2 concordant. Cross-tissue: 0/0 concordant.
2026-05-05 21:07:42 [INFO] riker.phases.phase5_replication: Gene ABCA1: survived — Same-tissue replication: 2/2 concordant. Cross-tissue: 0/0 concordant.
2026-05-05 21:07:42 [INFO] riker.phases.phase5_replication: Gene GIMAP6: survived — Same-tissue replication: 2/2 concordant. Cross-tissue: 0/0 concordant.
2026-05-05 21:07:42 [INFO] riker.phases.phase5_replication: Gene KCTD12: survived — Same-tissue replication: 2/2 concordant. Cross-tissue: 0/0 concordant.
2026-05-05 21:07:42 [INFO] riker.phases.phase5_replication: Gene PHYH: survived — Same-tissue replication: 2/2 concordant. Cross-tissue: 0/0 concordant.
2026-05-05 21:07:42 [INFO] riker.phases.phase5_replication: Gene PIK3IP1: survived — Same-tissue replication: 2/2 concordant. Cross-tissue: 0/0 concordant.
2026-05-05 21:07:42 [INFO] riker.phases.phase5_replication: Gene PROS1: survived — Same-tissue replication: 2/2 concordant. Cross-tissue: 0/0 concordant.
2026-05-05 21:07:42 [INFO] riker.phases.phase5_replication: Gene SNX3: eliminated — Significant opposite direction in same-tissue dataset(s): ['GSE45827', 'GSE65194']. Discovery direction: down.
2026-05-05 21:07:42 [INFO] riker.phases.phase5_replication: Gene ADRA2A: survived — Same-tissue replication: 2/2 concordant. Cross-tissue: 0/0 concordant.
2026-05-05 21:07:42 [INFO] riker.phases.phase5_replication: Gene DHDDS: survived — Same-tissue replication: 2/2 concordant. Cross-tissue: 0/0 concordant.
2026-05-05 21:07:42 [INFO] riker.phases.phase5_replication: Gene FEZ1: survived — Same-tissue replication: 2/2 concordant. Cross-tissue: 0/0 concordant.
2026-05-05 21:07:42 [INFO] riker.phases.phase5_replication: Gene ID4: survived — Same-tissue replication: 2/2 concordant. Cross-tissue: 0/0 concordant.
2026-05-05 21:07:42 [INFO] riker.phases.phase5_replication: Gene IGF1: survived — Same-tissue replication: 2/2 concordant. Cross-tissue: 0/0 concordant.
2026-05-05 21:07:42 [INFO] riker.phases.phase5_replication: Gene NRP1: eliminated — Significant opposite direction in same-tissue dataset(s): ['GSE45827', 'GSE65194']. Discovery direction: down.
2026-05-05 21:07:42 [INFO] riker.phases.phase5_replication: Gene OGN: survived — Same-tissue replication: 2/2 concordant. Cross-tissue: 0/0 concordant.
2026-05-05 21:07:42 [INFO] riker.phases.phase5_replication: Gene OLFML1: survived — Same-tissue replication: 2/2 concordant. Cross-tissue: 0/0 concordant.
2026-05-05 21:07:42 [INFO] riker.phases.phase5_replication: Gene PDGFD: survived — Same-tissue replication: 2/2 concordant. Cross-tissue: 0/0 concordant.
2026-05-05 21:07:42 [INFO] riker.phases.phase5_replication: Gene PPP2R1B: survived — Same-tissue replication: 2/2 concordant. Cross-tissue: 0/0 concordant.
2026-05-05 21:07:42 [INFO] riker.phases.phase5_replication: Gene PTGER3: survived — Same-tissue replication: 2/2 concordant. Cross-tissue: 0/0 concordant.
2026-05-05 21:07:42 [INFO] riker.phases.phase5_replication: Gene RNASE1: survived — Same-tissue replication: 2/2 concordant. Cross-tissue: 0/0 concordant.
2026-05-05 21:07:42 [INFO] riker.phases.phase5_replication: Gene RNASE4: survived — Same-tissue replication: 2/2 concordant. Cross-tissue: 0/0 concordant.
2026-05-05 21:07:42 [INFO] riker.phases.phase5_replication: Gene SGCG: survived — Same-tissue replication: 2/2 concordant. Cross-tissue: 0/0 concordant.
2026-05-05 21:07:42 [INFO] riker.phases.phase5_replication: Gene SLC16A7: survived — Same-tissue replication: 2/2 concordant. Cross-tissue: 0/0 concordant.
2026-05-05 21:07:42 [INFO] riker.phases.phase5_replication: Gene STON1: survived — Same-tissue replication: 2/2 concordant. Cross-tissue: 0/0 concordant.
2026-05-05 21:07:42 [INFO] riker.phases.phase5_replication: Gene ZCCHC24: survived — Same-tissue replication: 2/2 concordant. Cross-tissue: 0/0 concordant.
2026-05-05 21:07:42 [INFO] riker.phases.phase5_replication: Gene ARHGEF10: survived — Same-tissue replication: 2/2 concordant. Cross-tissue: 0/0 concordant.
2026-05-05 21:07:42 [INFO] riker.phases.phase5_replication: Gene ESAM: survived — Same-tissue replication: 2/2 concordant. Cross-tissue: 0/0 concordant.
2026-05-05 21:07:42 [INFO] riker.phases.phase5_replication: Gene MOB3C: survived — Same-tissue replication: 2/2 concordant. Cross-tissue: 0/0 concordant.
2026-05-05 21:07:42 [INFO] riker.phases.phase5_replication: Gene PINK1: survived — Same-tissue replication: 2/2 concordant. Cross-tissue: 0/0 concordant.
2026-05-05 21:07:42 [INFO] riker.phases.phase5_replication: Gene TBC1D4: survived — Same-tissue replication: 2/2 concordant. Cross-tissue: 0/0 concordant.
2026-05-05 21:07:42 [INFO] riker.phases.phase5_replication: Gene ARHGAP31: survived — Same-tissue replication: 2/2 concordant. Cross-tissue: 0/0 concordant.
2026-05-05 21:07:42 [INFO] riker.phases.phase5_replication: Gene C22orf39: survived — Same-tissue replication: 2/2 concordant. Cross-tissue: 0/0 concordant.
2026-05-05 21:07:42 [INFO] riker.phases.phase5_replication: Gene CEP68: survived — Same-tissue replication: 2/2 concordant. Cross-tissue: 0/0 concordant.
2026-05-05 21:07:42 [INFO] riker.phases.phase5_replication: Gene GID4: survived — Same-tissue replication: 2/2 concordant. Cross-tissue: 0/0 concordant.
2026-05-05 21:07:42 [INFO] riker.phases.phase5_replication: Gene MSRA: survived — Same-tissue replication: 2/2 concordant. Cross-tissue: 0/0 concordant.
2026-05-05 21:07:42 [INFO] riker.phases.phase5_replication: Gene PEAK1: survived — Same-tissue replication: 2/2 concordant. Cross-tissue: 0/0 concordant.
2026-05-05 21:07:42 [INFO] riker.phases.phase5_replication: Gene QTMAN: survived — Same-tissue replication: 2/2 concordant. Cross-tissue: 0/0 concordant.
2026-05-05 21:07:42 [INFO] riker.phases.phase5_replication: Gene KLHDC8B: survived — Same-tissue replication: 2/2 concordant. Cross-tissue: 0/0 concordant.
2026-05-05 21:07:42 [INFO] riker.phases.phase5_replication: Gene MTMR10: survived — Same-tissue replication: 2/2 concordant. Cross-tissue: 0/0 concordant.
2026-05-05 21:07:42 [INFO] riker.phases.phase5_replication: Gene PGAP4: survived — Same-tissue replication: 2/2 concordant. Cross-tissue: 0/0 concordant.
2026-05-05 21:07:42 [INFO] riker.phases.phase5_replication: Gene PPARA: survived — Same-tissue replication: 2/2 concordant. Cross-tissue: 0/0 concordant.
2026-05-05 21:07:42 [INFO] riker.phases.phase5_replication: Gene SETD7: survived — Same-tissue replication: 2/2 concordant. Cross-tissue: 0/0 concordant.
2026-05-05 21:07:42 [INFO] riker.phases.phase5_replication: Gene SMIM20: survived — Same-tissue replication: 2/2 concordant. Cross-tissue: 0/0 concordant.
2026-05-05 21:07:42 [INFO] riker.phases.phase5_replication: Gene TSHZ2: survived — Same-tissue replication: 2/2 concordant. Cross-tissue: 0/0 concordant.
2026-05-05 21:07:42 [INFO] riker.phases.phase5_replication: Gene ARFIP2: survived — Same-tissue replication: 2/2 concordant. Cross-tissue: 0/0 concordant.
2026-05-05 21:07:42 [INFO] riker.phases.phase5_replication: Gene CHST11: survived — Same-tissue replication: 2/2 concordant. Cross-tissue: 0/0 concordant.
2026-05-05 21:07:42 [INFO] riker.phases.phase5_replication: Gene CYP2R1: survived — Same-tissue replication: 2/2 concordant. Cross-tissue: 0/0 concordant.
2026-05-05 21:07:42 [INFO] riker.phases.phase5_replication: Gene FXYD3: survived — Same-tissue replication: 2/2 concordant. Cross-tissue: 0/0 concordant.
2026-05-05 21:07:42 [INFO] riker.phases.phase5_replication: Gene LTF: eliminated — Significant opposite direction in same-tissue dataset(s): ['GSE45827', 'GSE65194']. Discovery direction: up.
2026-05-05 21:07:42 [INFO] riker.phases.phase5_replication: Gene PRKCI: survived — Same-tissue replication: 2/2 concordant. Cross-tissue: 0/0 concordant.
2026-05-05 21:07:42 [INFO] riker.phases.phase5_replication: Gene SEC24D: survived — Same-tissue replication: 2/2 concordant. Cross-tissue: 0/0 concordant.
2026-05-05 21:07:42 [INFO] riker.phases.phase5_replication: Gene SLC75A1: survived — Same-tissue replication: 2/2 concordant. Cross-tissue: 0/0 concordant.
2026-05-05 21:07:42 [INFO] riker.phases.phase5_replication: Gene ABHD2: survived — Same-tissue replication: 2/2 concordant. Cross-tissue: 0/0 concordant.
2026-05-05 21:07:42 [INFO] riker.phases.phase5_replication: Gene ALDOA: survived — Same-tissue replication: 2/2 concordant. Cross-tissue: 0/0 concordant.
2026-05-05 21:07:42 [INFO] riker.phases.phase5_replication: Gene DDX56: survived — Same-tissue replication: 2/2 concordant. Cross-tissue: 0/0 concordant.
2026-05-05 21:07:42 [INFO] riker.phases.phase5_replication: Gene HOMER3: survived — Same-tissue replication: 2/2 concordant. Cross-tissue: 0/0 concordant.
2026-05-05 21:07:42 [INFO] riker.phases.phase5_replication: Gene MAST2: survived — Same-tissue replication: 0/2 concordant. Cross-tissue: 0/0 concordant.
2026-05-05 21:07:42 [INFO] riker.phases.phase5_replication: Gene MRPS34: survived — Same-tissue replication: 2/2 concordant. Cross-tissue: 0/0 concordant.
2026-05-05 21:07:42 [INFO] riker.phases.phase5_replication: Gene NUP205: survived — Same-tissue replication: 2/2 concordant. Cross-tissue: 0/0 concordant.
2026-05-05 21:07:42 [INFO] riker.phases.phase5_replication: Gene SRRM2: survived — Same-tissue replication: 0/2 concordant. Cross-tissue: 0/0 concordant.
2026-05-05 21:07:42 [INFO] riker.phases.phase5_replication: Gene STAU2: survived — Same-tissue replication: 2/2 concordant. Cross-tissue: 0/0 concordant.
2026-05-05 21:07:42 [INFO] riker.phases.phase5_replication: Gene TRIT1: survived — Same-tissue replication: 2/2 concordant. Cross-tissue: 0/0 concordant.
2026-05-05 21:07:42 [INFO] riker.phases.phase5_replication: Gene WDR46: survived — Same-tissue replication: 0/2 concordant. Cross-tissue: 0/0 concordant.
2026-05-05 21:07:42 [INFO] riker.phases.phase5_replication: Gene ASNS: survived — Same-tissue replication: 2/2 concordant. Cross-tissue: 0/0 concordant.
2026-05-05 21:07:42 [INFO] riker.phases.phase5_replication: Gene BLNK: survived — Same-tissue replication: 2/2 concordant. Cross-tissue: 0/0 concordant.
2026-05-05 21:07:42 [INFO] riker.phases.phase5_replication: Gene CKMT1A: survived — Same-tissue replication: 2/2 concordant. Cross-tissue: 0/0 concordant.
2026-05-05 21:07:42 [INFO] riker.phases.phase5_replication: Gene HOMER1: survived — Same-tissue replication: 2/2 concordant. Cross-tissue: 0/0 concordant.
2026-05-05 21:07:42 [INFO] riker.phases.phase5_replication: Gene NETO2: survived — Same-tissue replication: 2/2 concordant. Cross-tissue: 0/0 concordant.
2026-05-05 21:07:42 [INFO] riker.phases.phase5_replication: Gene SOX4: survived — Same-tissue replication: 2/2 concordant. Cross-tissue: 0/0 concordant.
2026-05-05 21:07:42 [INFO] riker.phases.phase5_replication: Gene EXOC6: survived — Same-tissue replication: 2/2 concordant. Cross-tissue: 0/0 concordant.
2026-05-05 21:07:42 [INFO] riker.phases.phase5_replication: Gene GLO1: survived — Same-tissue replication: 2/2 concordant. Cross-tissue: 0/0 concordant.
2026-05-05 21:07:42 [INFO] riker.phases.phase5_replication: Gene RNF149: survived — Same-tissue replication: 2/2 concordant. Cross-tissue: 0/0 concordant.
2026-05-05 21:07:42 [INFO] riker.phases.phase5_replication: Gene RSBN1L: survived — Same-tissue replication: 2/2 concordant. Cross-tissue: 0/0 concordant.
2026-05-05 21:07:42 [INFO] riker.phases.phase5_replication: Gene SPOUT1: survived — Same-tissue replication: 2/2 concordant. Cross-tissue: 0/0 concordant.
2026-05-05 21:07:42 [INFO] riker.phases.phase5_replication: Gene CDK4: survived — Same-tissue replication: 2/2 concordant. Cross-tissue: 0/0 concordant.
2026-05-05 21:07:42 [INFO] riker.phases.phase5_replication: Gene NELFCD: survived — Same-tissue replication: 2/2 concordant. Cross-tissue: 0/0 concordant.
2026-05-05 21:07:42 [INFO] riker.phases.phase5_replication: Gene PPP4R1: survived — Same-tissue replication: 2/2 concordant. Cross-tissue: 0/0 concordant.
2026-05-05 21:07:42 [INFO] riker.phases.phase5_replication: Gene TAF11: survived — Same-tissue replication: 1/2 concordant. Cross-tissue: 0/0 concordant.
2026-05-05 21:07:42 [INFO] riker.phases.phase5_replication: Gene ZFP64: survived — Same-tissue replication: 2/2 concordant. Cross-tissue: 0/0 concordant.
2026-05-05 21:07:42 [INFO] riker.phases.phase5_replication: Gene ALG2: survived — Same-tissue replication: 2/2 concordant. Cross-tissue: 0/0 concordant.
2026-05-05 21:07:42 [INFO] riker.phases.phase5_replication: Gene B4GALT1: survived — Same-tissue replication: 0/2 concordant. Cross-tissue: 0/0 concordant.
2026-05-05 21:07:42 [INFO] riker.phases.phase5_replication: Gene DNAL4: survived — Same-tissue replication: 2/2 concordant. Cross-tissue: 0/0 concordant.
2026-05-05 21:07:42 [INFO] riker.phases.phase5_replication: Gene MIEN1: survived — Same-tissue replication: 2/2 concordant. Cross-tissue: 0/0 concordant.
2026-05-05 21:07:42 [INFO] riker.phases.phase5_replication: Gene NAP1L4: survived — Same-tissue replication: 0/2 concordant. Cross-tissue: 0/0 concordant.
2026-05-05 21:07:42 [INFO] riker.phases.phase5_replication: Gene PRR11: eliminated — Significant opposite direction in same-tissue dataset(s): ['GSE45827', 'GSE65194']. Discovery direction: up.
2026-05-05 21:07:42 [INFO] riker.phases.phase5_replication: Gene PSMD3: survived — Same-tissue replication: 2/2 concordant. Cross-tissue: 0/0 concordant.
2026-05-05 21:07:42 [INFO] riker.phases.phase5_replication: Gene RBM12: survived — Same-tissue replication: 2/2 concordant. Cross-tissue: 0/0 concordant.
2026-05-05 21:07:42 [INFO] riker.phases.phase5_replication: Gene RDH11: survived — Same-tissue replication: 2/2 concordant. Cross-tissue: 0/0 concordant.
2026-05-05 21:07:42 [INFO] riker.phases.phase5_replication: Gene SGSM3: eliminated — Significant opposite direction in same-tissue dataset(s): ['GSE45827', 'GSE65194']. Discovery direction: up.
2026-05-05 21:07:42 [INFO] riker.phases.phase5_replication: Gene TMEM123: survived — Same-tissue replication: 2/2 concordant. Cross-tissue: 0/0 concordant.
2026-05-05 21:07:42 [INFO] riker.phases.phase5_replication: Gene TTI1: survived — Same-tissue replication: 2/2 concordant. Cross-tissue: 0/0 concordant.
2026-05-05 21:07:42 [INFO] riker.phases.phase5_replication: Gene ZNF468: survived — Same-tissue replication: 2/2 concordant. Cross-tissue: 0/0 concordant.
2026-05-05 21:07:42 [INFO] riker.phases.phase5_replication: Gene ADSS2: survived — Same-tissue replication: 2/2 concordant. Cross-tissue: 0/0 concordant.
2026-05-05 21:07:42 [INFO] riker.phases.phase5_replication: Gene BZW2: survived — Same-tissue replication: 2/2 concordant. Cross-tissue: 0/0 concordant.
2026-05-05 21:07:42 [INFO] riker.phases.phase5_replication: Gene CASK: survived — Same-tissue replication: 2/2 concordant. Cross-tissue: 0/0 concordant.
2026-05-05 21:07:42 [INFO] riker.phases.phase5_replication: Gene COBL: eliminated — Significant opposite direction in same-tissue dataset(s): ['GSE45827', 'GSE65194']. Discovery direction: up.
2026-05-05 21:07:42 [INFO] riker.phases.phase5_replication: Gene CSTF3: survived — Same-tissue replication: 2/2 concordant. Cross-tissue: 0/0 concordant.
2026-05-05 21:07:42 [INFO] riker.phases.phase5_replication: Gene DAP3: survived — Same-tissue replication: 2/2 concordant. Cross-tissue: 0/0 concordant.
2026-05-05 21:07:42 [INFO] riker.phases.phase5_replication: Gene ENOPH1: survived — Same-tissue replication: 2/2 concordant. Cross-tissue: 0/0 concordant.
2026-05-05 21:07:42 [INFO] riker.phases.phase5_replication: Gene FKBP4: survived — Same-tissue replication: 2/2 concordant. Cross-tissue: 0/0 concordant.
2026-05-05 21:07:42 [INFO] riker.phases.phase5_replication: Gene FN1: survived — Same-tissue replication: 2/2 concordant. Cross-tissue: 0/0 concordant.
2026-05-05 21:07:42 [INFO] riker.phases.phase5_replication: Gene H4C11: survived — Same-tissue replication: 2/2 concordant. Cross-tissue: 0/0 concordant.
2026-05-05 21:07:42 [INFO] riker.phases.phase5_replication: Gene HNRNPAB: survived — Same-tissue replication: 2/2 concordant. Cross-tissue: 0/0 concordant.
2026-05-05 21:07:42 [INFO] riker.phases.phase5_replication: Gene HPRT1: survived — Same-tissue replication: 2/2 concordant. Cross-tissue: 0/0 concordant.
2026-05-05 21:07:42 [INFO] riker.phases.phase5_replication: Gene IDH2: survived — Same-tissue replication: 2/2 concordant. Cross-tissue: 0/0 concordant.
2026-05-05 21:07:42 [INFO] riker.phases.phase5_replication: Gene JTB: survived — Same-tissue replication: 2/2 concordant. Cross-tissue: 0/0 concordant.
2026-05-05 21:07:42 [INFO] riker.phases.phase5_replication: Gene KIF5C: survived — Same-tissue replication: 0/2 concordant. Cross-tissue: 0/0 concordant.
2026-05-05 21:07:42 [INFO] riker.phases.phase5_replication: Gene LYPLA1: survived — Same-tissue replication: 2/2 concordant. Cross-tissue: 0/0 concordant.
2026-05-05 21:07:42 [INFO] riker.phases.phase5_replication: Gene POSTN: survived — Same-tissue replication: 2/2 concordant. Cross-tissue: 0/0 concordant.
2026-05-05 21:07:42 [INFO] riker.phases.phase5_replication: Gene SDF2L1: survived — Same-tissue replication: 2/2 concordant. Cross-tissue: 0/0 concordant.
2026-05-05 21:07:42 [INFO] riker.phases.phase5_replication: Gene SEPTIN8: survived — Same-tissue replication: 2/2 concordant. Cross-tissue: 0/0 concordant.
2026-05-05 21:07:42 [INFO] riker.phases.phase5_replication: Gene SERP1: survived — Same-tissue replication: 2/2 concordant. Cross-tissue: 0/0 concordant.
2026-05-05 21:07:42 [INFO] riker.phases.phase5_replication: Gene SNRPG: survived — Same-tissue replication: 2/2 concordant. Cross-tissue: 0/0 concordant.
2026-05-05 21:07:42 [INFO] riker.phases.phase5_replication: Gene SRP54: survived — Same-tissue replication: 2/2 concordant. Cross-tissue: 0/0 concordant.
2026-05-05 21:07:42 [INFO] riker.phases.phase5_replication: Gene SUCO: survived — Same-tissue replication: 2/2 concordant. Cross-tissue: 0/0 concordant.
2026-05-05 21:07:42 [INFO] riker.phases.phase5_replication: Gene SYNGR2: survived — Same-tissue replication: 2/2 concordant. Cross-tissue: 0/0 concordant.
2026-05-05 21:07:42 [INFO] riker.phases.phase5_replication: Gene TMEM132A: survived — Same-tissue replication: 2/2 concordant. Cross-tissue: 0/0 concordant.
2026-05-05 21:07:42 [INFO] riker.phases.phase5_replication: Gene PPP1R11: survived — Same-tissue replication: 2/2 concordant. Cross-tissue: 0/0 concordant.
2026-05-05 21:07:42 [INFO] riker.phases.phase5_replication: Gene RABL6: eliminated — Significant opposite direction in same-tissue dataset(s): ['GSE45827', 'GSE65194']. Discovery direction: up.
2026-05-05 21:07:42 [INFO] riker.phases.phase5_replication: Gene WDR18: survived — Same-tissue replication: 2/2 concordant. Cross-tissue: 0/0 concordant.
2026-05-05 21:07:42 [INFO] riker.phases.phase5_replication: Gene COMMD8: eliminated — Significant opposite direction in same-tissue dataset(s): ['GSE45827', 'GSE65194']. Discovery direction: down.
2026-05-05 21:07:42 [INFO] riker.phases.phase5_replication: Gene CYLD: survived — Same-tissue replication: 2/2 concordant. Cross-tissue: 0/0 concordant.
2026-05-05 21:07:42 [INFO] riker.phases.phase5_replication: Gene FBXO22: eliminated — Significant opposite direction in same-tissue dataset(s): ['GSE45827', 'GSE65194']. Discovery direction: down.
2026-05-05 21:07:42 [INFO] riker.phases.phase5_replication: Gene GARNL3: eliminated — Significant opposite direction in same-tissue dataset(s): ['GSE45827', 'GSE65194']. Discovery direction: up.
2026-05-05 21:07:42 [INFO] riker.phases.phase5_replication: Gene IDE: survived — Same-tissue replication: 2/2 concordant. Cross-tissue: 0/0 concordant.
2026-05-05 21:07:42 [INFO] riker.phases.phase5_replication: Gene MRPL35: eliminated — Significant opposite direction in same-tissue dataset(s): ['GSE45827', 'GSE65194']. Discovery direction: down.
2026-05-05 21:07:42 [INFO] riker.phases.phase5_replication: Gene NDUFV2: eliminated — Significant opposite direction in same-tissue dataset(s): ['GSE45827', 'GSE65194']. Discovery direction: down.
2026-05-05 21:07:42 [INFO] riker.phases.phase5_replication: Gene STX16: survived — Same-tissue replication: 0/2 concordant. Cross-tissue: 0/0 concordant.
2026-05-05 21:07:42 [INFO] riker.phases.phase5_replication: Gene AREL1: survived — Same-tissue replication: 2/2 concordant. Cross-tissue: 0/0 concordant.
2026-05-05 21:07:42 [INFO] riker.phases.phase5_replication: Gene ARID4B: survived — Same-tissue replication: 2/2 concordant. Cross-tissue: 0/0 concordant.
2026-05-05 21:07:42 [INFO] riker.phases.phase5_replication: Gene ATG101: survived — Same-tissue replication: 2/2 concordant. Cross-tissue: 0/0 concordant.
2026-05-05 21:07:42 [INFO] riker.phases.phase5_replication: Gene CASP6: survived — Same-tissue replication: 2/2 concordant. Cross-tissue: 0/0 concordant.
2026-05-05 21:07:42 [INFO] riker.phases.phase5_replication: Gene CHSY1: survived — Same-tissue replication: 2/2 concordant. Cross-tissue: 0/0 concordant.
2026-05-05 21:07:42 [INFO] riker.phases.phase5_replication: Gene DDAH1: survived — Same-tissue replication: 0/2 concordant. Cross-tissue: 0/0 concordant.
2026-05-05 21:07:42 [INFO] riker.phases.phase5_replication: Gene DDX23: survived — Same-tissue replication: 2/2 concordant. Cross-tissue: 0/0 concordant.
2026-05-05 21:07:42 [INFO] riker.phases.phase5_replication: Gene DENR: survived — Same-tissue replication: 2/2 concordant. Cross-tissue: 0/0 concordant.
2026-05-05 21:07:42 [INFO] riker.phases.phase5_replication: Gene GAL3ST4: survived — Same-tissue replication: 2/2 concordant. Cross-tissue: 0/0 concordant.
2026-05-05 21:07:42 [INFO] riker.phases.phase5_replication: Gene IFIH1: survived — Same-tissue replication: 2/2 concordant. Cross-tissue: 0/0 concordant.
2026-05-05 21:07:42 [INFO] riker.phases.phase5_replication: Gene TSPAN5: survived — Same-tissue replication: 2/2 concordant. Cross-tissue: 0/0 concordant.
2026-05-05 21:07:42 [INFO] riker.phases.phase5_replication: Gene YIPF1: survived — Same-tissue replication: 2/2 concordant. Cross-tissue: 0/0 concordant.
2026-05-05 21:07:42 [INFO] riker.phases.phase5_replication: Gene ALDH6A1: survived — Same-tissue replication: 1/2 concordant. Cross-tissue: 0/0 concordant.
2026-05-05 21:07:42 [INFO] riker.phases.phase5_replication: Gene EMC3: eliminated — Significant opposite direction in same-tissue dataset(s): ['GSE45827', 'GSE65194']. Discovery direction: down.
2026-05-05 21:07:42 [INFO] riker.phases.phase5_replication: Gene EXOC1: eliminated — Significant opposite direction in same-tissue dataset(s): ['GSE45827']. Discovery direction: down.
2026-05-05 21:07:42 [INFO] riker.phases.phase5_replication: Gene GYS1: survived — Same-tissue replication: 0/2 concordant. Cross-tissue: 0/0 concordant.
2026-05-05 21:07:42 [INFO] riker.phases.phase5_replication: Gene TLN1: survived — Same-tissue replication: 0/2 concordant. Cross-tissue: 0/0 concordant.
2026-05-05 21:07:42 [INFO] riker.phases.phase5_replication: Gene ZCWPW1: survived — Same-tissue replication: 2/2 concordant. Cross-tissue: 0/0 concordant.
2026-05-05 21:07:42 [INFO] riker.phases.phase5_replication: Gene ADD3: survived — Same-tissue replication: 2/2 concordant. Cross-tissue: 0/0 concordant.
2026-05-05 21:07:42 [INFO] riker.phases.phase5_replication: Gene ANG: survived — Same-tissue replication: 2/2 concordant. Cross-tissue: 0/0 concordant.
2026-05-05 21:07:42 [INFO] riker.phases.phase5_replication: Gene MAF: survived — Same-tissue replication: 2/2 concordant. Cross-tissue: 0/0 concordant.
2026-05-05 21:07:42 [INFO] riker.phases.phase5_replication: Gene SERPING1: survived — Same-tissue replication: 2/2 concordant. Cross-tissue: 0/0 concordant.
2026-05-05 21:07:42 [INFO] riker.phases.phase5_replication: Gene TNFRSF21: survived — Same-tissue replication: 2/2 concordant. Cross-tissue: 0/0 concordant.
2026-05-05 21:07:42 [INFO] riker.phases.phase5_replication: Gene CZIB: survived — Same-tissue replication: 2/2 concordant. Cross-tissue: 0/0 concordant.
2026-05-05 21:07:42 [INFO] riker.phases.phase5_replication: Gene FAM171A1: survived — Same-tissue replication: 2/2 concordant. Cross-tissue: 0/0 concordant.
2026-05-05 21:07:42 [INFO] riker.phases.phase5_replication: Gene LMO2: survived — Same-tissue replication: 2/2 concordant. Cross-tissue: 0/0 concordant.
2026-05-05 21:07:42 [INFO] riker.phases.phase5_replication: Gene PARM1: survived — Same-tissue replication: 2/2 concordant. Cross-tissue: 0/0 concordant.
2026-05-05 21:07:42 [INFO] riker.phases.phase5_replication: Gene PDE8A: survived — Same-tissue replication: 0/2 concordant. Cross-tissue: 0/0 concordant.
2026-05-05 21:07:42 [INFO] riker.phases.phase5_replication: Gene PRKACA: survived — Same-tissue replication: 2/2 concordant. Cross-tissue: 0/0 concordant.
2026-05-05 21:07:42 [INFO] riker.phases.phase5_replication: Gene RTN4: survived — Same-tissue replication: 0/2 concordant. Cross-tissue: 0/0 concordant.
2026-05-05 21:07:42 [INFO] riker.phases.phase5_replication: Gene ACADVL: survived — Same-tissue replication: 2/2 concordant. Cross-tissue: 0/0 concordant.
2026-05-05 21:07:42 [INFO] riker.phases.phase5_replication: Gene ELK3: survived — Same-tissue replication: 2/2 concordant. Cross-tissue: 0/0 concordant.
2026-05-05 21:07:42 [INFO] riker.phases.phase5_replication: Gene GALT: survived — Same-tissue replication: 2/2 concordant. Cross-tissue: 0/0 concordant.
2026-05-05 21:07:42 [INFO] riker.phases.phase5_replication: Gene GJA4: survived — Same-tissue replication: 2/2 concordant. Cross-tissue: 0/0 concordant.
2026-05-05 21:07:42 [INFO] riker.phases.phase5_replication: Gene JAK1: survived — Same-tissue replication: 0/2 concordant. Cross-tissue: 0/0 concordant.
2026-05-05 21:07:42 [INFO] riker.phases.phase5_replication: Gene MMP28: survived — Same-tissue replication: 2/2 concordant. Cross-tissue: 0/0 concordant.
2026-05-05 21:07:42 [INFO] riker.phases.phase5_replication: Gene RASL12: survived — Same-tissue replication: 2/2 concordant. Cross-tissue: 0/0 concordant.
2026-05-05 21:07:42 [INFO] riker.phases.phase5_replication: Gene AOX1: survived — Same-tissue replication: 2/2 concordant. Cross-tissue: 0/0 concordant.
2026-05-05 21:07:42 [INFO] riker.phases.phase5_replication: Gene CDKN2B: survived — Same-tissue replication: 2/2 concordant. Cross-tissue: 0/0 concordant.
2026-05-05 21:07:42 [INFO] riker.phases.phase5_replication: Gene EPDR1: survived — Same-tissue replication: 2/2 concordant. Cross-tissue: 0/0 concordant.
2026-05-05 21:07:42 [INFO] riker.phases.phase5_replication: Gene FAM149A: survived — Same-tissue replication: 2/2 concordant. Cross-tissue: 0/0 concordant.
2026-05-05 21:07:42 [INFO] riker.phases.phase5_replication: Gene GRK3: survived — Same-tissue replication: 2/2 concordant. Cross-tissue: 0/0 concordant.
2026-05-05 21:07:42 [INFO] riker.phases.phase5_replication: Gene VKORC1L1: survived — Same-tissue replication: 0/2 concordant. Cross-tissue: 0/0 concordant.
2026-05-05 21:07:42 [INFO] riker.phases.phase5_replication: Gene COL6A6: survived — Same-tissue replication: 2/2 concordant. Cross-tissue: 0/0 concordant.
2026-05-05 21:07:42 [INFO] riker.phases.phase5_replication: Gene ECRG4: survived — Same-tissue replication: 2/2 concordant. Cross-tissue: 0/0 concordant.
2026-05-05 21:07:42 [INFO] riker.phases.phase5_replication: Gene PLAAT5: survived — Same-tissue replication: 2/2 concordant. Cross-tissue: 0/0 concordant.
2026-05-05 21:07:42 [INFO] riker.phases.phase5_replication: Gene PLXNA4: survived — Same-tissue replication: 2/2 concordant. Cross-tissue: 0/0 concordant.
2026-05-05 21:07:42 [INFO] riker.phases.phase5_replication: Gene RSPO3: survived — Same-tissue replication: 2/2 concordant. Cross-tissue: 0/0 concordant.
2026-05-05 21:07:42 [INFO] riker.phases.phase5_replication: Gene SH3D19: survived — Same-tissue replication: 2/2 concordant. Cross-tissue: 0/0 concordant.
2026-05-05 21:07:42 [INFO] riker.phases.phase5_replication: Gene TMEM37: survived — Same-tissue replication: 2/2 concordant. Cross-tissue: 0/0 concordant.
2026-05-05 21:07:42 [INFO] riker.phases.phase5_replication: Gene TMTC1: survived — Same-tissue replication: 2/2 concordant. Cross-tissue: 0/0 concordant.
2026-05-05 21:07:42 [INFO] riker.phases.phase5_replication: Gene ATF7: survived — Same-tissue replication: 2/2 concordant. Cross-tissue: 0/0 concordant.
2026-05-05 21:07:42 [INFO] riker.phases.phase5_replication: Gene CD81: survived — Same-tissue replication: 2/2 concordant. Cross-tissue: 0/0 concordant.
2026-05-05 21:07:42 [INFO] riker.phases.phase5_replication: Gene CHST3: survived — Same-tissue replication: 2/2 concordant. Cross-tissue: 0/0 concordant.
2026-05-05 21:07:42 [INFO] riker.phases.phase5_replication: Gene ACVRL1: survived — Same-tissue replication: 2/2 concordant. Cross-tissue: 0/0 concordant.
2026-05-05 21:07:42 [INFO] riker.phases.phase5_replication: Gene ADCY4: survived — Same-tissue replication: 2/2 concordant. Cross-tissue: 0/0 concordant.
2026-05-05 21:07:42 [INFO] riker.phases.phase5_replication: Gene AHNAK: survived — Same-tissue replication: 2/2 concordant. Cross-tissue: 0/0 concordant.
2026-05-05 21:07:42 [INFO] riker.phases.phase5_replication: Gene CCNG1: survived — Same-tissue replication: 2/2 concordant. Cross-tissue: 0/0 concordant.
2026-05-05 21:07:42 [INFO] riker.phases.phase5_replication: Gene DCUN1D4: survived — Same-tissue replication: 0/2 concordant. Cross-tissue: 0/0 concordant.
2026-05-05 21:07:42 [INFO] riker.phases.phase5_replication: Gene FRMD3: survived — Same-tissue replication: 2/2 concordant. Cross-tissue: 0/0 concordant.
2026-05-05 21:07:42 [INFO] riker.phases.phase5_replication: Gene NOTCH4: survived — Same-tissue replication: 2/2 concordant. Cross-tissue: 0/0 concordant.
2026-05-05 21:07:42 [INFO] riker.phases.phase5_replication: Gene RERE: survived — Same-tissue replication: 2/2 concordant. Cross-tissue: 0/0 concordant.
2026-05-05 21:07:42 [INFO] riker.phases.phase5_replication: Gene EDF1: eliminated — Significant opposite direction in same-tissue dataset(s): ['GSE45827', 'GSE65194']. Discovery direction: up.
2026-05-05 21:07:42 [INFO] riker.phases.phase5_replication: Gene GATA2: survived — Same-tissue replication: 2/2 concordant. Cross-tissue: 0/0 concordant.
2026-05-05 21:07:42 [INFO] riker.phases.phase5_replication: Gene MED27: survived — Same-tissue replication: 2/2 concordant. Cross-tissue: 0/0 concordant.
2026-05-05 21:07:42 [INFO] riker.phases.phase5_replication: Gene ASB6: survived — Same-tissue replication: 2/2 concordant. Cross-tissue: 0/0 concordant.
2026-05-05 21:07:42 [INFO] riker.phases.phase5_replication: Gene EXOSC5: survived — Same-tissue replication: 2/2 concordant. Cross-tissue: 0/0 concordant.
2026-05-05 21:07:42 [INFO] riker.phases.phase5_replication: Gene GGA1: eliminated — Significant opposite direction in same-tissue dataset(s): ['GSE45827', 'GSE65194']. Discovery direction: up.
2026-05-05 21:07:42 [INFO] riker.phases.phase5_replication: Gene GTF3C2: survived — Same-tissue replication: 2/2 concordant. Cross-tissue: 0/0 concordant.
2026-05-05 21:07:42 [INFO] riker.phases.phase5_replication: Gene IRAK1: survived — Same-tissue replication: 2/2 concordant. Cross-tissue: 0/0 concordant.
2026-05-05 21:07:42 [INFO] riker.phases.phase5_replication: Gene MCM9: survived — Same-tissue replication: 2/2 concordant. Cross-tissue: 0/0 concordant.
2026-05-05 21:07:42 [INFO] riker.phases.phase5_replication: Gene UBA6: survived — Same-tissue replication: 2/2 concordant. Cross-tissue: 0/0 concordant.
2026-05-05 21:07:42 [INFO] riker.phases.phase5_replication: Gene DDX27: survived — Same-tissue replication: 0/2 concordant. Cross-tissue: 0/0 concordant.
2026-05-05 21:07:42 [INFO] riker.phases.phase5_replication: Gene HHAT: survived — Same-tissue replication: 2/2 concordant. Cross-tissue: 0/0 concordant.
2026-05-05 21:07:42 [INFO] riker.phases.phase5_replication: Gene PCGF2: eliminated — Significant opposite direction in same-tissue dataset(s): ['GSE45827', 'GSE65194']. Discovery direction: up.
2026-05-05 21:07:42 [INFO] riker.phases.phase5_replication: Gene RPP38: survived — Same-tissue replication: 2/2 concordant. Cross-tissue: 0/0 concordant.
2026-05-05 21:07:42 [INFO] riker.phases.phase5_replication: Gene SCAND1: survived — Same-tissue replication: 2/2 concordant. Cross-tissue: 0/0 concordant.
2026-05-05 21:07:42 [INFO] riker.phases.phase5_replication: Gene BCOR: survived — Same-tissue replication: 0/2 concordant. Cross-tissue: 0/0 concordant.
2026-05-05 21:07:42 [INFO] riker.phases.phase5_replication: Gene FADD: survived — Same-tissue replication: 2/2 concordant. Cross-tissue: 0/0 concordant.
2026-05-05 21:07:42 [INFO] riker.phases.phase5_replication: Gene HSPH1: survived — Same-tissue replication: 2/2 concordant. Cross-tissue: 0/0 concordant.
2026-05-05 21:07:42 [INFO] riker.phases.phase5_replication: Gene LRRC8D: survived — Same-tissue replication: 2/2 concordant. Cross-tissue: 0/0 concordant.
2026-05-05 21:07:42 [INFO] riker.phases.phase5_replication: Gene MMP3: survived — Same-tissue replication: 2/2 concordant. Cross-tissue: 0/0 concordant.
2026-05-05 21:07:42 [INFO] riker.phases.phase5_replication: Gene MSMO1: survived — Same-tissue replication: 2/2 concordant. Cross-tissue: 0/0 concordant.
2026-05-05 21:07:42 [INFO] riker.phases.phase5_replication: Gene MYO6: survived — Same-tissue replication: 2/2 concordant. Cross-tissue: 0/0 concordant.
2026-05-05 21:07:42 [INFO] riker.phases.phase5_replication: Gene PPIH: survived — Same-tissue replication: 2/2 concordant. Cross-tissue: 0/0 concordant.
2026-05-05 21:07:42 [INFO] riker.phases.phase5_replication: Gene PUF60: survived — Same-tissue replication: 2/2 concordant. Cross-tissue: 0/0 concordant.
2026-05-05 21:07:42 [INFO] riker.phases.phase5_replication: Gene SLC2A10: survived — Same-tissue replication: 2/2 concordant. Cross-tissue: 0/0 concordant.
2026-05-05 21:07:42 [INFO] riker.phases.phase5_replication: Gene SLC39A6: survived — Same-tissue replication: 0/2 concordant. Cross-tissue: 0/0 concordant.
2026-05-05 21:07:42 [INFO] riker.phases.phase5_replication: Gene SNRPE: survived — Same-tissue replication: 2/2 concordant. Cross-tissue: 0/0 concordant.
2026-05-05 21:07:42 [INFO] riker.phases.phase5_replication: Gene TBC1D3I: survived — Same-tissue replication: 2/2 concordant. Cross-tissue: 0/0 concordant.
2026-05-05 21:07:42 [INFO] riker.phases.phase5_replication: Gene TUBA4A: survived — Same-tissue replication: 2/2 concordant. Cross-tissue: 0/0 concordant.
2026-05-05 21:07:42 [INFO] riker.phases.phase5_replication: Gene CLEC11A: survived — Same-tissue replication: 0/2 concordant. Cross-tissue: 0/0 concordant.
2026-05-05 21:07:42 [INFO] riker.phases.phase5_replication: Gene EFHD1: survived — Same-tissue replication: 2/2 concordant. Cross-tissue: 0/0 concordant.
2026-05-05 21:07:42 [INFO] riker.phases.phase5_replication: Gene MAGED2: survived — Same-tissue replication: 2/2 concordant. Cross-tissue: 0/0 concordant.
2026-05-05 21:07:42 [INFO] riker.phases.phase5_replication: Gene ORC6: survived — Same-tissue replication: 2/2 concordant. Cross-tissue: 0/0 concordant.
2026-05-05 21:07:42 [INFO] riker.phases.phase5_replication: Gene SINHCAF: survived — Same-tissue replication: 2/2 concordant. Cross-tissue: 0/0 concordant.
2026-05-05 21:07:42 [INFO] riker.phases.phase5_replication: Gene TRAF5: survived — Same-tissue replication: 2/2 concordant. Cross-tissue: 0/0 concordant.
2026-05-05 21:07:42 [INFO] riker.phases.phase5_replication: Gene XBP1: survived — Same-tissue replication: 2/2 concordant. Cross-tissue: 0/0 concordant.
2026-05-05 21:07:42 [INFO] riker.phases.phase5_replication: Gene CMTM6: survived — Same-tissue replication: 2/2 concordant. Cross-tissue: 0/0 concordant.
2026-05-05 21:07:42 [INFO] riker.phases.phase5_replication: Gene SNRPA1: survived — Same-tissue replication: 2/2 concordant. Cross-tissue: 0/0 concordant.
2026-05-05 21:07:42 [INFO] riker.phases.phase5_replication: Gene TIPRL: survived — Same-tissue replication: 2/2 concordant. Cross-tissue: 0/0 concordant.
2026-05-05 21:07:42 [INFO] riker.phases.phase5_replication: Gene UBE2K: survived — Same-tissue replication: 2/2 concordant. Cross-tissue: 0/0 concordant.
2026-05-05 21:07:42 [INFO] riker.phases.phase5_replication: Gene ZNF146: survived — Same-tissue replication: 2/2 concordant. Cross-tissue: 0/0 concordant.
2026-05-05 21:07:42 [INFO] riker.phases.phase5_replication: Gene CDC42SE1: survived — Same-tissue replication: 2/2 concordant. Cross-tissue: 0/0 concordant.
2026-05-05 21:07:42 [INFO] riker.phases.phase5_replication: Gene CFAP298: survived — Same-tissue replication: 2/2 concordant. Cross-tissue: 0/0 concordant.
2026-05-05 21:07:42 [INFO] riker.phases.phase5_replication: Gene FDPS: survived — Same-tissue replication: 2/2 concordant. Cross-tissue: 0/0 concordant.
2026-05-05 21:07:42 [INFO] riker.phases.phase5_replication: Gene NTAQ1: survived — Same-tissue replication: 2/2 concordant. Cross-tissue: 0/0 concordant.
2026-05-05 21:07:42 [INFO] riker.phases.phase5_replication: Gene SNRPD3: survived — Same-tissue replication: 2/2 concordant. Cross-tissue: 0/0 concordant.
2026-05-05 21:07:42 [INFO] riker.phases.phase5_replication: Gene ADGRL4: survived — Same-tissue replication: 2/2 concordant. Cross-tissue: 0/0 concordant.
2026-05-05 21:07:42 [INFO] riker.phases.phase5_replication: Gene ARHGAP6: survived — Same-tissue replication: 2/2 concordant. Cross-tissue: 0/0 concordant.
2026-05-05 21:07:42 [INFO] riker.phases.phase5_replication: Gene CORO2B: survived — Same-tissue replication: 1/1 concordant. Cross-tissue: 0/0 concordant.
2026-05-05 21:07:42 [INFO] riker.phases.phase5_replication: Gene HADH: survived — Same-tissue replication: 2/2 concordant. Cross-tissue: 0/0 concordant.
2026-05-05 21:07:42 [INFO] riker.phases.phase5_replication: Gene MOCS1: survived — Same-tissue replication: 2/2 concordant. Cross-tissue: 0/0 concordant.
2026-05-05 21:07:42 [INFO] riker.phases.phase5_replication: Gene FOXN3: survived — Same-tissue replication: 2/2 concordant. Cross-tissue: 0/0 concordant.
2026-05-05 21:07:42 [INFO] riker.phases.phase5_replication: Gene KAT2B: survived — Same-tissue replication: 2/2 concordant. Cross-tissue: 0/0 concordant.
2026-05-05 21:07:42 [INFO] riker.phases.phase5_replication: Gene NR3C2: survived — Same-tissue replication: 2/2 concordant. Cross-tissue: 0/0 concordant.
2026-05-05 21:07:42 [INFO] riker.phases.phase5_replication: Gene S1PR1: survived — Same-tissue replication: 2/2 concordant. Cross-tissue: 0/0 concordant.
2026-05-05 21:07:43 [INFO] riker.phases.phase5_replication: Gene SASH1: survived — Same-tissue replication: 2/2 concordant. Cross-tissue: 0/0 concordant.
2026-05-05 21:07:43 [INFO] riker.phases.phase5_replication: Gene AGR2: survived — Same-tissue replication: 2/2 concordant. Cross-tissue: 0/0 concordant.
2026-05-05 21:07:43 [INFO] riker.phases.phase5_replication: Gene ALCAM: survived — Same-tissue replication: 0/2 concordant. Cross-tissue: 0/0 concordant.
2026-05-05 21:07:43 [INFO] riker.phases.phase5_replication: Gene CD9: survived — Same-tissue replication: 2/2 concordant. Cross-tissue: 0/0 concordant.
2026-05-05 21:07:43 [INFO] riker.phases.phase5_replication: Gene CEP15: survived — Same-tissue replication: 2/2 concordant. Cross-tissue: 0/0 concordant.
2026-05-05 21:07:43 [INFO] riker.phases.phase5_replication: Gene ERBB3: survived — Same-tissue replication: 2/2 concordant. Cross-tissue: 0/0 concordant.
2026-05-05 21:07:43 [INFO] riker.phases.phase5_replication: Gene HOOK1: survived — Same-tissue replication: 2/2 concordant. Cross-tissue: 0/0 concordant.
2026-05-05 21:07:43 [INFO] riker.phases.phase5_replication: Gene IER3: survived — Same-tissue replication: 2/2 concordant. Cross-tissue: 0/0 concordant.
2026-05-05 21:07:43 [INFO] riker.phases.phase5_replication: Gene IFI6: survived — Same-tissue replication: 2/2 concordant. Cross-tissue: 0/0 concordant.
2026-05-05 21:07:43 [INFO] riker.phases.phase5_replication: Gene IRF6: survived — Same-tissue replication: 2/2 concordant. Cross-tissue: 0/0 concordant.
2026-05-05 21:07:43 [INFO] riker.phases.phase5_replication: Gene IRX5: survived — Same-tissue replication: 2/2 concordant. Cross-tissue: 0/0 concordant.
2026-05-05 21:07:43 [INFO] riker.phases.phase5_replication: Gene MLPH: survived — Same-tissue replication: 0/2 concordant. Cross-tissue: 0/0 concordant.
2026-05-05 21:07:43 [INFO] riker.phases.phase5_replication: Gene PATJ: survived — Same-tissue replication: 2/2 concordant. Cross-tissue: 0/0 concordant.
2026-05-05 21:07:43 [INFO] riker.phases.phase5_replication: Gene SDC4: survived — Same-tissue replication: 0/2 concordant. Cross-tissue: 0/0 concordant.
2026-05-05 21:07:43 [INFO] riker.phases.phase5_replication: Gene SPINT1: survived — Same-tissue replication: 2/2 concordant. Cross-tissue: 0/0 concordant.
2026-05-05 21:07:43 [INFO] riker.phases.phase5_replication: Gene TOX3: survived — Same-tissue replication: 2/2 concordant. Cross-tissue: 0/0 concordant.
2026-05-05 21:07:43 [INFO] riker.phases.phase5_replication: Gene ATP1B1: survived — Same-tissue replication: 2/2 concordant. Cross-tissue: 0/0 concordant.
2026-05-05 21:07:43 [INFO] riker.phases.phase5_replication: Gene CYB561: survived — Same-tissue replication: 2/2 concordant. Cross-tissue: 0/0 concordant.
2026-05-05 21:07:43 [INFO] riker.phases.phase5_replication: Gene EFNA4: survived — Same-tissue replication: 2/2 concordant. Cross-tissue: 0/0 concordant.
2026-05-05 21:07:43 [INFO] riker.phases.phase5_replication: Gene EPS8L1: survived — Same-tissue replication: 0/2 concordant. Cross-tissue: 0/0 concordant.
2026-05-05 21:07:43 [INFO] riker.phases.phase5_replication: Gene GDF15: survived — Same-tissue replication: 2/2 concordant. Cross-tissue: 0/0 concordant.
2026-05-05 21:07:43 [INFO] riker.phases.phase5_replication: Gene IRF7: survived — Same-tissue replication: 2/2 concordant. Cross-tissue: 0/0 concordant.
2026-05-05 21:07:43 [INFO] riker.phases.phase5_replication: Gene H2BC11: survived — Same-tissue replication: 2/2 concordant. Cross-tissue: 0/0 concordant.
2026-05-05 21:07:43 [INFO] riker.phases.phase5_replication: Gene JUP: survived — Same-tissue replication: 2/2 concordant. Cross-tissue: 0/0 concordant.
2026-05-05 21:07:43 [INFO] riker.phases.phase5_replication: Gene NDC80: survived — Same-tissue replication: 2/2 concordant. Cross-tissue: 0/0 concordant.
2026-05-05 21:07:43 [INFO] riker.phases.phase5_replication: Gene PPM1H: survived — Same-tissue replication: 2/2 concordant. Cross-tissue: 0/0 concordant.
2026-05-05 21:07:43 [INFO] riker.phases.phase5_replication: Gene SPP1: survived — Same-tissue replication: 2/2 concordant. Cross-tissue: 0/0 concordant.
2026-05-05 21:07:43 [INFO] riker.phases.phase5_replication: Gene VAV3: survived — Same-tissue replication: 2/2 concordant. Cross-tissue: 0/0 concordant.
2026-05-05 21:07:43 [INFO] riker.phases.phase5_replication: Gene AIFM2: survived — Same-tissue replication: 2/2 concordant. Cross-tissue: 0/0 concordant.
2026-05-05 21:07:43 [INFO] riker.phases.phase5_replication: Gene APCDD1: survived — Same-tissue replication: 2/2 concordant. Cross-tissue: 0/0 concordant.
2026-05-05 21:07:43 [INFO] riker.phases.phase5_replication: Gene CD209: survived — Same-tissue replication: 2/2 concordant. Cross-tissue: 0/0 concordant.
2026-05-05 21:07:43 [INFO] riker.phases.phase5_replication: Gene NUDT7: survived — Same-tissue replication: 2/2 concordant. Cross-tissue: 0/0 concordant.
2026-05-05 21:07:43 [INFO] riker.phases.phase5_replication: Gene TBX15: survived — Same-tissue replication: 2/2 concordant. Cross-tissue: 0/0 concordant.
2026-05-05 21:07:43 [INFO] riker.phases.phase5_replication: Gene CHD1L: survived — Same-tissue replication: 2/2 concordant. Cross-tissue: 0/0 concordant.
2026-05-05 21:07:43 [INFO] riker.phases.phase5_replication: Gene FAP: survived — Same-tissue replication: 2/2 concordant. Cross-tissue: 0/0 concordant.
2026-05-05 21:07:43 [INFO] riker.phases.phase5_replication: Gene GALNT10: survived — Same-tissue replication: 2/2 concordant. Cross-tissue: 0/0 concordant.
2026-05-05 21:07:43 [INFO] riker.phases.phase5_replication: Gene GTPBP4: survived — Same-tissue replication: 2/2 concordant. Cross-tissue: 0/0 concordant.
2026-05-05 21:07:43 [INFO] riker.phases.phase5_replication: Gene HDAC1: survived — Same-tissue replication: 2/2 concordant. Cross-tissue: 0/0 concordant.
2026-05-05 21:07:43 [INFO] riker.phases.phase5_replication: Gene HMGCR: survived — Same-tissue replication: 2/2 concordant. Cross-tissue: 0/0 concordant.
2026-05-05 21:07:43 [INFO] riker.phases.phase5_replication: Gene IFT81: survived — Same-tissue replication: 2/2 concordant. Cross-tissue: 0/0 concordant.
2026-05-05 21:07:43 [INFO] riker.phases.phase5_replication: Gene INTS8: survived — Same-tissue replication: 2/2 concordant. Cross-tissue: 0/0 concordant.
2026-05-05 21:07:43 [INFO] riker.phases.phase5_replication: Gene MACROH2A2: survived — Same-tissue replication: 2/2 concordant. Cross-tissue: 0/0 concordant.
2026-05-05 21:07:43 [INFO] riker.phases.phase5_replication: Gene NOLC1: survived — Same-tissue replication: 2/2 concordant. Cross-tissue: 0/0 concordant.
2026-05-05 21:07:43 [INFO] riker.phases.phase5_replication: Gene PLP2: survived — Same-tissue replication: 2/2 concordant. Cross-tissue: 0/0 concordant.
2026-05-05 21:07:43 [INFO] riker.phases.phase5_replication: Gene PTTG1IP: survived — Same-tissue replication: 2/2 concordant. Cross-tissue: 0/0 concordant.
2026-05-05 21:07:43 [INFO] riker.phases.phase5_replication: Gene ZNF217: survived — Same-tissue replication: 2/2 concordant. Cross-tissue: 0/0 concordant.
2026-05-05 21:07:43 [INFO] riker.phases.phase5_replication: Gene NOSTRIN: survived — Same-tissue replication: 2/2 concordant. Cross-tissue: 0/0 concordant.
2026-05-05 21:07:43 [INFO] riker.phases.phase5_replication: Gene PDZD8: survived — Same-tissue replication: 2/2 concordant. Cross-tissue: 0/0 concordant.
2026-05-05 21:07:43 [INFO] riker.phases.phase5_replication: Gene PMM1: survived — Same-tissue replication: 2/2 concordant. Cross-tissue: 0/0 concordant.
2026-05-05 21:07:43 [INFO] riker.phases.phase5_replication: Gene CCL8: eliminated — Significant opposite direction in same-tissue dataset(s): ['GSE45827', 'GSE65194']. Discovery direction: down.
2026-05-05 21:07:43 [INFO] riker.phases.phase5_replication: Gene CSF1R: survived — Same-tissue replication: 0/2 concordant. Cross-tissue: 0/0 concordant.
2026-05-05 21:07:43 [INFO] riker.phases.phase5_replication: Gene FCGR2B: eliminated — Significant opposite direction in same-tissue dataset(s): ['GSE45827', 'GSE65194']. Discovery direction: down.
2026-05-05 21:07:43 [INFO] riker.phases.phase5_replication: Gene PTGR1: survived — Same-tissue replication: 0/2 concordant. Cross-tissue: 0/0 concordant.
2026-05-05 21:07:43 [INFO] riker.phases.phase5_replication: Gene PTX3: survived — Same-tissue replication: 2/2 concordant. Cross-tissue: 0/0 concordant.
2026-05-05 21:07:43 [INFO] riker.phases.phase5_replication: Gene RDH10: eliminated — Significant opposite direction in same-tissue dataset(s): ['GSE45827', 'GSE65194']. Discovery direction: down.
2026-05-05 21:07:43 [INFO] riker.phases.phase5_replication: Gene SESTD1: survived — Same-tissue replication: 0/2 concordant. Cross-tissue: 0/0 concordant.
2026-05-05 21:07:43 [INFO] riker.phases.phase5_replication: Gene SPON1: survived — Same-tissue replication: 2/2 concordant. Cross-tissue: 0/0 concordant.
2026-05-05 21:07:43 [INFO] riker.phases.phase5_replication: Gene TFPI2: survived — Same-tissue replication: 2/2 concordant. Cross-tissue: 0/0 concordant.
2026-05-05 21:07:43 [INFO] riker.phases.phase5_replication: Gene THBS4: survived — Same-tissue replication: 2/2 concordant. Cross-tissue: 0/0 concordant.
2026-05-05 21:07:43 [INFO] riker.phases.phase5_replication: Gene TSPAN8: survived — Same-tissue replication: 2/2 concordant. Cross-tissue: 0/0 concordant.
2026-05-05 21:07:43 [INFO] riker.phases.phase5_replication: Gene ADCY6: survived — Same-tissue replication: 2/2 concordant. Cross-tissue: 0/0 concordant.
2026-05-05 21:07:43 [INFO] riker.phases.phase5_replication: Gene CCND2: survived — Same-tissue replication: 2/2 concordant. Cross-tissue: 0/0 concordant.
2026-05-05 21:07:43 [INFO] riker.phases.phase5_replication: Gene DAPK2: survived — Same-tissue replication: 2/2 concordant. Cross-tissue: 0/0 concordant.
2026-05-05 21:07:43 [INFO] riker.phases.phase5_replication: Gene EPB41L4B: survived — Same-tissue replication: 2/2 concordant. Cross-tissue: 0/0 concordant.
2026-05-05 21:07:43 [INFO] riker.phases.phase5_replication: Gene EPS8: survived — Same-tissue replication: 0/2 concordant. Cross-tissue: 0/0 concordant.
2026-05-05 21:07:43 [INFO] riker.phases.phase5_replication: Gene FEZ2: survived — Same-tissue replication: 2/2 concordant. Cross-tissue: 0/0 concordant.
2026-05-05 21:07:43 [INFO] riker.phases.phase5_replication: Gene FYN: survived — Same-tissue replication: 2/2 concordant. Cross-tissue: 0/0 concordant.
2026-05-05 21:07:43 [INFO] riker.phases.phase5_replication: Gene INHBB: survived — Same-tissue replication: 2/2 concordant. Cross-tissue: 0/0 concordant.
2026-05-05 21:07:43 [INFO] riker.phases.phase5_replication: Gene KLF13: survived — Same-tissue replication: 0/2 concordant. Cross-tissue: 0/0 concordant.
2026-05-05 21:07:43 [INFO] riker.phases.phase5_replication: Gene PTEN: survived — Same-tissue replication: 2/2 concordant. Cross-tissue: 0/0 concordant.
2026-05-05 21:07:43 [INFO] riker.phases.phase5_replication: Gene PXDC1: survived — Same-tissue replication: 2/2 concordant. Cross-tissue: 0/0 concordant.
2026-05-05 21:07:43 [INFO] riker.phases.phase5_replication: Gene RCAN2: survived — Same-tissue replication: 2/2 concordant. Cross-tissue: 0/0 concordant.
2026-05-05 21:07:43 [INFO] riker.phases.phase5_replication: Gene ICAM2: survived — Same-tissue replication: 2/2 concordant. Cross-tissue: 0/0 concordant.
2026-05-05 21:07:43 [INFO] riker.phases.phase5_replication: Gene MAP7D1: survived — Same-tissue replication: 2/2 concordant. Cross-tissue: 0/0 concordant.
2026-05-05 21:07:43 [INFO] riker.phases.phase5_replication: Gene MT1X: survived — Same-tissue replication: 2/2 concordant. Cross-tissue: 0/0 concordant.
2026-05-05 21:07:43 [INFO] riker.phases.phase5_replication: Gene MTHFD1: survived — Same-tissue replication: 2/2 concordant. Cross-tissue: 0/0 concordant.
2026-05-05 21:07:43 [INFO] riker.phases.phase5_replication: Gene RGL1: survived — Same-tissue replication: 2/2 concordant. Cross-tissue: 0/0 concordant.
2026-05-05 21:07:43 [INFO] riker.phases.phase5_replication: Gene BOC: survived — Same-tissue replication: 2/2 concordant. Cross-tissue: 0/0 concordant.
2026-05-05 21:07:43 [INFO] riker.phases.phase5_replication: Gene EFNA5: eliminated — Significant opposite direction in same-tissue dataset(s): ['GSE45827', 'GSE65194']. Discovery direction: down.
2026-05-05 21:07:43 [INFO] riker.phases.phase5_replication: Gene GPRASP1: survived — Same-tissue replication: 2/2 concordant. Cross-tissue: 0/0 concordant.
2026-05-05 21:07:43 [INFO] riker.phases.phase5_replication: Gene LILRB5: survived — Same-tissue replication: 2/2 concordant. Cross-tissue: 0/0 concordant.
2026-05-05 21:07:43 [INFO] riker.phases.phase5_replication: Gene SEMA6D: survived — Same-tissue replication: 2/2 concordant. Cross-tissue: 0/0 concordant.
2026-05-05 21:07:43 [INFO] riker.phases.phase5_replication: Gene WNT11: survived — Same-tissue replication: 2/2 concordant. Cross-tissue: 0/0 concordant.
2026-05-05 21:07:43 [INFO] riker.phases.phase5_replication: Gene CEP126: survived — Same-tissue replication: 2/2 concordant. Cross-tissue: 0/0 concordant.
2026-05-05 21:07:43 [INFO] riker.phases.phase5_replication: Gene FAM13C: survived — Same-tissue replication: 2/2 concordant. Cross-tissue: 0/0 concordant.
2026-05-05 21:07:43 [INFO] riker.phases.phase5_replication: Gene LIX1L: survived — Same-tissue replication: 2/2 concordant. Cross-tissue: 0/0 concordant.
2026-05-05 21:07:43 [INFO] riker.phases.phase5_replication: Gene NHLRC2: survived — Same-tissue replication: 2/2 concordant. Cross-tissue: 0/0 concordant.
2026-05-05 21:07:43 [INFO] riker.phases.phase5_replication: Gene OAF: survived — Same-tissue replication: 2/2 concordant. Cross-tissue: 0/0 concordant.
2026-05-05 21:07:43 [INFO] riker.phases.phase5_replication: Gene PRIMA1: survived — Same-tissue replication: 2/2 concordant. Cross-tissue: 0/0 concordant.
2026-05-05 21:07:43 [INFO] riker.phases.phase5_replication: Gene PYROXD2: survived — Same-tissue replication: 2/2 concordant. Cross-tissue: 0/0 concordant.
2026-05-05 21:07:43 [INFO] riker.phases.phase5_replication: Gene RASA3: survived — Same-tissue replication: 2/2 concordant. Cross-tissue: 0/0 concordant.
2026-05-05 21:07:43 [INFO] riker.phases.phase5_replication: Gene RHOJ: survived — Same-tissue replication: 2/2 concordant. Cross-tissue: 0/0 concordant.
2026-05-05 21:07:43 [INFO] riker.phases.phase5_replication: Gene SBF2: survived — Same-tissue replication: 2/2 concordant. Cross-tissue: 0/0 concordant.
2026-05-05 21:07:43 [INFO] riker.phases.phase5_replication: Gene TTC7B: survived — Same-tissue replication: 2/2 concordant. Cross-tissue: 0/0 concordant.
2026-05-05 21:07:43 [INFO] riker.phases.phase5_replication: Gene ZBED11: survived — Same-tissue replication: 2/2 concordant. Cross-tissue: 0/0 concordant.
2026-05-05 21:07:43 [INFO] riker.phases.phase5_replication: Gene COMMD6: survived — Same-tissue replication: 2/2 concordant. Cross-tissue: 0/0 concordant.
2026-05-05 21:07:43 [INFO] riker.phases.phase5_replication: Gene CRTC3: survived — Same-tissue replication: 2/2 concordant. Cross-tissue: 0/0 concordant.
2026-05-05 21:07:43 [INFO] riker.phases.phase5_replication: Gene CSNK2A2: survived — Same-tissue replication: 2/2 concordant. Cross-tissue: 0/0 concordant.
2026-05-05 21:07:43 [INFO] riker.phases.phase5_replication: Gene ELOA: survived — Same-tissue replication: 2/2 concordant. Cross-tissue: 0/0 concordant.
2026-05-05 21:07:43 [INFO] riker.phases.phase5_replication: Gene MGAT3: survived — Same-tissue replication: 2/2 concordant. Cross-tissue: 0/0 concordant.
2026-05-05 21:07:43 [INFO] riker.phases.phase5_replication: Gene SNX2: eliminated — Significant opposite direction in same-tissue dataset(s): ['GSE45827', 'GSE65194']. Discovery direction: down.
2026-05-05 21:07:43 [INFO] riker.phases.phase5_replication: Gene TJP2: eliminated — Significant opposite direction in same-tissue dataset(s): ['GSE45827', 'GSE65194']. Discovery direction: down.
2026-05-05 21:07:43 [INFO] riker.phases.phase5_replication: Gene VSIR: survived — Same-tissue replication: 2/2 concordant. Cross-tissue: 0/0 concordant.
2026-05-05 21:07:43 [INFO] riker.phases.phase5_replication: Gene YWHAG: survived — Same-tissue replication: 0/2 concordant. Cross-tissue: 0/0 concordant.
2026-05-05 21:07:43 [INFO] riker.phases.phase5_replication: Gene ZNF219: survived — Same-tissue replication: 2/2 concordant. Cross-tissue: 0/0 concordant.
2026-05-05 21:07:43 [INFO] riker.phases.phase5_replication: Gene ADAM15: survived — Same-tissue replication: 2/2 concordant. Cross-tissue: 0/0 concordant.
2026-05-05 21:07:43 [INFO] riker.phases.phase5_replication: Gene CARD10: eliminated — Significant opposite direction in same-tissue dataset(s): ['GSE45827', 'GSE65194']. Discovery direction: up.
2026-05-05 21:07:43 [INFO] riker.phases.phase5_replication: Gene ERAL1: survived — Same-tissue replication: 2/2 concordant. Cross-tissue: 0/0 concordant.
2026-05-05 21:07:43 [INFO] riker.phases.phase5_replication: Gene GRB10: eliminated — Significant opposite direction in same-tissue dataset(s): ['GSE45827', 'GSE65194']. Discovery direction: up.
2026-05-05 21:07:43 [INFO] riker.phases.phase5_replication: Gene HDAC7: eliminated — Significant opposite direction in same-tissue dataset(s): ['GSE45827', 'GSE65194']. Discovery direction: up.
2026-05-05 21:07:43 [INFO] riker.phases.phase5_replication: Gene MED14: survived — Same-tissue replication: 2/2 concordant. Cross-tissue: 0/0 concordant.
2026-05-05 21:07:43 [INFO] riker.phases.phase5_replication: Gene PBX2: survived — Same-tissue replication: 0/2 concordant. Cross-tissue: 0/0 concordant.
2026-05-05 21:07:43 [INFO] riker.phases.phase5_replication: Gene SAMD4B: survived — Same-tissue replication: 0/2 concordant. Cross-tissue: 0/0 concordant.
2026-05-05 21:07:43 [INFO] riker.phases.phase5_replication: Gene LRIG2: eliminated — Significant opposite direction in same-tissue dataset(s): ['GSE45827', 'GSE65194']. Discovery direction: up.
2026-05-05 21:07:43 [INFO] riker.phases.phase5_replication: Gene SLC37A4: survived — Same-tissue replication: 2/2 concordant. Cross-tissue: 0/0 concordant.
2026-05-05 21:07:43 [INFO] riker.phases.phase5_replication: Gene TAF1C: eliminated — Significant opposite direction in same-tissue dataset(s): ['GSE45827', 'GSE65194']. Discovery direction: up.
2026-05-05 21:07:43 [INFO] riker.phases.phase5_replication: Gene ACTR3: survived — Same-tissue replication: 2/2 concordant. Cross-tissue: 0/0 concordant.
2026-05-05 21:07:43 [INFO] riker.phases.phase5_replication: Gene ATP5IF1: survived — Same-tissue replication: 2/2 concordant. Cross-tissue: 0/0 concordant.
2026-05-05 21:07:43 [INFO] riker.phases.phase5_replication: Gene DYNLT1: survived — Same-tissue replication: 2/2 concordant. Cross-tissue: 0/0 concordant.
2026-05-05 21:07:43 [INFO] riker.phases.phase5_replication: Gene HSPA4: survived — Same-tissue replication: 2/2 concordant. Cross-tissue: 0/0 concordant.
2026-05-05 21:07:43 [INFO] riker.phases.phase5_replication: Gene MTMR1: survived — Same-tissue replication: 2/2 concordant. Cross-tissue: 0/0 concordant.
2026-05-05 21:07:43 [INFO] riker.phases.phase5_replication: Gene RBBP7: survived — Same-tissue replication: 2/2 concordant. Cross-tissue: 0/0 concordant.
2026-05-05 21:07:43 [INFO] riker.phases.phase5_replication: Gene C5orf22: survived — Same-tissue replication: 2/2 concordant. Cross-tissue: 0/0 concordant.
2026-05-05 21:07:43 [INFO] riker.phases.phase5_replication: Gene FAM111A: survived — Same-tissue replication: 0/2 concordant. Cross-tissue: 0/0 concordant.
2026-05-05 21:07:43 [INFO] riker.phases.phase5_replication: Gene MZT2A: survived — Same-tissue replication: 0/2 concordant. Cross-tissue: 0/0 concordant.
2026-05-05 21:07:43 [INFO] riker.phases.phase5_replication: Gene NSD2: survived — Same-tissue replication: 2/2 concordant. Cross-tissue: 0/0 concordant.
2026-05-05 21:07:43 [INFO] riker.phases.phase5_replication: Gene NTHL1: survived — Same-tissue replication: 2/2 concordant. Cross-tissue: 0/0 concordant.
2026-05-05 21:07:43 [INFO] riker.phases.phase5_replication: Gene SMS: survived — Same-tissue replication: 2/2 concordant. Cross-tissue: 0/0 concordant.
2026-05-05 21:07:43 [INFO] riker.phases.phase5_replication: Gene SS18L1: survived — Same-tissue replication: 2/2 concordant. Cross-tissue: 0/0 concordant.
2026-05-05 21:07:43 [INFO] riker.phases.phase5_replication: Gene TDG: survived — Same-tissue replication: 2/2 concordant. Cross-tissue: 0/0 concordant.
2026-05-05 21:07:43 [INFO] riker.phases.phase5_replication: Gene TP53BP2: survived — Same-tissue replication: 2/2 concordant. Cross-tissue: 0/0 concordant.
2026-05-05 21:07:43 [INFO] riker.phases.phase5_replication: Gene AGR3: survived — Same-tissue replication: 2/2 concordant. Cross-tissue: 0/0 concordant.
2026-05-05 21:07:43 [INFO] riker.phases.phase5_replication: Gene CLDN12: survived — Same-tissue replication: 2/2 concordant. Cross-tissue: 0/0 concordant.
2026-05-05 21:07:43 [INFO] riker.phases.phase5_replication: Gene CMTM4: survived — Same-tissue replication: 2/2 concordant. Cross-tissue: 0/0 concordant.
2026-05-05 21:07:43 [INFO] riker.phases.phase5_replication: Gene ELL3: survived — Same-tissue replication: 0/2 concordant. Cross-tissue: 0/0 concordant.
2026-05-05 21:07:43 [INFO] riker.phases.phase5_replication: Gene FZD2: survived — Same-tissue replication: 2/2 concordant. Cross-tissue: 0/0 concordant.
2026-05-05 21:07:43 [INFO] riker.phases.phase5_replication: Gene GRTP1: survived — Same-tissue replication: 2/2 concordant. Cross-tissue: 0/0 concordant.
2026-05-05 21:07:43 [INFO] riker.phases.phase5_replication: Gene HNRNPA1: survived — Same-tissue replication: 1/2 concordant. Cross-tissue: 0/0 concordant.
2026-05-05 21:07:43 [INFO] riker.phases.phase5_replication: Gene IPO9: survived — Same-tissue replication: 2/2 concordant. Cross-tissue: 0/0 concordant.
2026-05-05 21:07:43 [INFO] riker.phases.phase5_replication: Gene IRX3: survived — Same-tissue replication: 0/2 concordant. Cross-tissue: 0/0 concordant.
2026-05-05 21:07:43 [INFO] riker.phases.phase5_replication: Gene KLHDC9: survived — Same-tissue replication: 2/2 concordant. Cross-tissue: 0/0 concordant.
2026-05-05 21:07:43 [INFO] riker.phases.phase5_replication: Gene LRBA: survived — Same-tissue replication: 2/2 concordant. Cross-tissue: 0/0 concordant.
2026-05-05 21:07:43 [INFO] riker.phases.phase5_replication: Gene MMP9: survived — Same-tissue replication: 2/2 concordant. Cross-tissue: 0/0 concordant.
2026-05-05 21:07:43 [INFO] riker.phases.phase5_replication: Gene MNX1: survived — Same-tissue replication: 2/2 concordant. Cross-tissue: 0/0 concordant.
2026-05-05 21:07:43 [INFO] riker.phases.phase5_replication: Gene PARP10: eliminated — Significant opposite direction in same-tissue dataset(s): ['GSE45827', 'GSE65194']. Discovery direction: up.
2026-05-05 21:07:43 [INFO] riker.phases.phase5_replication: Gene PARP12: survived — Same-tissue replication: 2/2 concordant. Cross-tissue: 0/0 concordant.
2026-05-05 21:07:43 [INFO] riker.phases.phase5_replication: Gene PDE7A: survived — Same-tissue replication: 2/2 concordant. Cross-tissue: 0/0 concordant.
2026-05-05 21:07:43 [INFO] riker.phases.phase5_replication: Gene SEC11C: survived — Same-tissue replication: 2/2 concordant. Cross-tissue: 0/0 concordant.
2026-05-05 21:07:43 [INFO] riker.phases.phase5_replication: Gene SH2B2: survived — Same-tissue replication: 2/2 concordant. Cross-tissue: 0/0 concordant.
2026-05-05 21:07:43 [INFO] riker.phases.phase5_replication: Gene TFF1: survived — Same-tissue replication: 0/2 concordant. Cross-tissue: 0/0 concordant.
2026-05-05 21:07:43 [INFO] riker.phases.phase5_replication: Gene TIMP1: survived — Same-tissue replication: 2/2 concordant. Cross-tissue: 0/0 concordant.
2026-05-05 21:07:43 [INFO] riker.phases.phase5_replication: Gene TUFT1: survived — Same-tissue replication: 2/2 concordant. Cross-tissue: 0/0 concordant.
2026-05-05 21:07:43 [INFO] riker.phases.phase5_replication: Gene ZBTB41: survived — Same-tissue replication: 2/2 concordant. Cross-tissue: 0/0 concordant.
2026-05-05 21:07:43 [INFO] riker.phases.phase5_replication: Gene ADH5: survived — Same-tissue replication: 2/2 concordant. Cross-tissue: 0/0 concordant.
2026-05-05 21:07:43 [INFO] riker.phases.phase5_replication: Gene APOL3: survived — Same-tissue replication: 2/2 concordant. Cross-tissue: 0/0 concordant.
2026-05-05 21:07:43 [INFO] riker.phases.phase5_replication: Gene BLCAP: survived — Same-tissue replication: 2/2 concordant. Cross-tissue: 0/0 concordant.
2026-05-05 21:07:43 [INFO] riker.phases.phase5_replication: Gene CDC42EP2: survived — Same-tissue replication: 2/2 concordant. Cross-tissue: 0/0 concordant.
2026-05-05 21:07:43 [INFO] riker.phases.phase5_replication: Gene CERT1: survived — Same-tissue replication: 0/2 concordant. Cross-tissue: 0/0 concordant.
2026-05-05 21:07:43 [INFO] riker.phases.phase5_replication: Gene CRTAP: survived — Same-tissue replication: 2/2 concordant. Cross-tissue: 0/0 concordant.
2026-05-05 21:07:43 [INFO] riker.phases.phase5_replication: Gene CRY2: survived — Same-tissue replication: 2/2 concordant. Cross-tissue: 0/0 concordant.
2026-05-05 21:07:43 [INFO] riker.phases.phase5_replication: Gene DOCK6: survived — Same-tissue replication: 2/2 concordant. Cross-tissue: 0/0 concordant.
2026-05-05 21:07:43 [INFO] riker.phases.phase5_replication: Gene EIF4EBP2: survived — Same-tissue replication: 2/2 concordant. Cross-tissue: 0/0 concordant.
2026-05-05 21:07:43 [INFO] riker.phases.phase5_replication: Gene FGFR1: survived — Same-tissue replication: 2/2 concordant. Cross-tissue: 0/0 concordant.
2026-05-05 21:07:43 [INFO] riker.phases.phase5_replication: Gene FRMD4A: survived — Same-tissue replication: 2/2 concordant. Cross-tissue: 0/0 concordant.
2026-05-05 21:07:43 [INFO] riker.phases.phase5_replication: Gene JADE1: survived — Same-tissue replication: 2/2 concordant. Cross-tissue: 0/0 concordant.
2026-05-05 21:07:43 [INFO] riker.phases.phase5_replication: Gene KLHL21: survived — Same-tissue replication: 2/2 concordant. Cross-tissue: 0/0 concordant.
2026-05-05 21:07:43 [INFO] riker.phases.phase5_replication: Gene LHX6: survived — Same-tissue replication: 2/2 concordant. Cross-tissue: 0/0 concordant.
2026-05-05 21:07:43 [INFO] riker.phases.phase5_replication: Gene MAP4: survived — Same-tissue replication: 2/2 concordant. Cross-tissue: 0/0 concordant.
2026-05-05 21:07:43 [INFO] riker.phases.phase5_replication: Gene MID2: survived — Same-tissue replication: 2/2 concordant. Cross-tissue: 0/0 concordant.
2026-05-05 21:07:43 [INFO] riker.phases.phase5_replication: Gene MPDZ: survived — Same-tissue replication: 2/2 concordant. Cross-tissue: 0/0 concordant.
2026-05-05 21:07:43 [INFO] riker.phases.phase5_replication: Gene NAB1: survived — Same-tissue replication: 2/2 concordant. Cross-tissue: 0/0 concordant.
2026-05-05 21:07:43 [INFO] riker.phases.phase5_replication: Gene PTPN11: survived — Same-tissue replication: 2/2 concordant. Cross-tissue: 0/0 concordant.
2026-05-05 21:07:43 [INFO] riker.phases.phase5_replication: Gene RASIP1: survived — Same-tissue replication: 2/2 concordant. Cross-tissue: 0/0 concordant.
2026-05-05 21:07:43 [INFO] riker.phases.phase5_replication: Gene SIDT2: survived — Same-tissue replication: 2/2 concordant. Cross-tissue: 0/0 concordant.
2026-05-05 21:07:43 [INFO] riker.phases.phase5_replication: Gene SKI: survived — Same-tissue replication: 2/2 concordant. Cross-tissue: 0/0 concordant.
2026-05-05 21:07:43 [INFO] riker.phases.phase5_replication: Gene SLC16A2: survived — Same-tissue replication: 0/2 concordant. Cross-tissue: 0/0 concordant.
2026-05-05 21:07:43 [INFO] riker.phases.phase5_replication: Gene TCF7L2: survived — Same-tissue replication: 2/2 concordant. Cross-tissue: 0/0 concordant.
2026-05-05 21:07:43 [INFO] riker.phases.phase5_replication: Gene TEAD1: survived — Same-tissue replication: 2/2 concordant. Cross-tissue: 0/0 concordant.
2026-05-05 21:07:43 [INFO] riker.phases.phase5_replication: Gene ARHGEF7: survived — Same-tissue replication: 2/2 concordant. Cross-tissue: 0/0 concordant.
2026-05-05 21:07:43 [INFO] riker.phases.phase5_replication: Gene CSDE1: eliminated — Significant opposite direction in same-tissue dataset(s): ['GSE45827', 'GSE65194']. Discovery direction: down.
2026-05-05 21:07:43 [INFO] riker.phases.phase5_replication: Gene DUSP22: survived — Same-tissue replication: 2/2 concordant. Cross-tissue: 0/0 concordant.
2026-05-05 21:07:43 [INFO] riker.phases.phase5_replication: Gene ESD: survived — Same-tissue replication: 2/2 concordant. Cross-tissue: 0/0 concordant.
2026-05-05 21:07:43 [INFO] riker.phases.phase5_replication: Gene FER: survived — Same-tissue replication: 2/2 concordant. Cross-tissue: 0/0 concordant.
2026-05-05 21:07:43 [INFO] riker.phases.phase5_replication: Gene HOXD4: survived — Same-tissue replication: 2/2 concordant. Cross-tissue: 0/0 concordant.
2026-05-05 21:07:43 [INFO] riker.phases.phase5_replication: Gene MPRIP: survived — Same-tissue replication: 2/2 concordant. Cross-tissue: 0/0 concordant.
2026-05-05 21:07:43 [INFO] riker.phases.phase5_replication: Gene PDXK: eliminated — Significant opposite direction in same-tissue dataset(s): ['GSE45827', 'GSE65194']. Discovery direction: down.
2026-05-05 21:07:43 [INFO] riker.phases.phase5_replication: Gene RBMS2: survived — Same-tissue replication: 2/2 concordant. Cross-tissue: 0/0 concordant.
2026-05-05 21:07:43 [INFO] riker.phases.phase5_replication: Gene ROBO3: survived — Same-tissue replication: 2/2 concordant. Cross-tissue: 0/0 concordant.
2026-05-05 21:07:43 [INFO] riker.phases.phase5_replication: Gene SOS1: survived — Same-tissue replication: 2/2 concordant. Cross-tissue: 0/0 concordant.
2026-05-05 21:07:43 [INFO] riker.phases.phase5_replication: Gene SUN2: survived — Same-tissue replication: 2/2 concordant. Cross-tissue: 0/0 concordant.
2026-05-05 21:07:43 [INFO] riker.phases.phase5_replication: Gene C4B_2: survived — Same-tissue replication: 0/2 concordant. Cross-tissue: 0/0 concordant.
2026-05-05 21:07:43 [INFO] riker.phases.phase5_replication: Gene CA12: survived — Same-tissue replication: 0/2 concordant. Cross-tissue: 0/0 concordant.
2026-05-05 21:07:43 [INFO] riker.phases.phase5_replication: Gene CEACAM6: survived — Same-tissue replication: 2/2 concordant. Cross-tissue: 0/0 concordant.
2026-05-05 21:07:43 [INFO] riker.phases.phase5_replication: Gene EFNA1: survived — Same-tissue replication: 2/2 concordant. Cross-tissue: 0/0 concordant.
2026-05-05 21:07:43 [INFO] riker.phases.phase5_replication: Gene GALNT7: survived — Same-tissue replication: 2/2 concordant. Cross-tissue: 0/0 concordant.
2026-05-05 21:07:43 [INFO] riker.phases.phase5_replication: Gene KCNS3: survived — Same-tissue replication: 2/2 concordant. Cross-tissue: 0/0 concordant.
2026-05-05 21:07:43 [INFO] riker.phases.phase5_replication: Gene STAP2: survived — Same-tissue replication: 2/2 concordant. Cross-tissue: 0/0 concordant.
2026-05-05 21:07:43 [INFO] riker.phases.phase5_replication: Gene TFAP2A: survived — Same-tissue replication: 2/2 concordant. Cross-tissue: 0/0 concordant.
2026-05-05 21:07:43 [INFO] riker.phases.phase5_replication: Gene TPBG: survived — Same-tissue replication: 2/2 concordant. Cross-tissue: 0/0 concordant.
2026-05-05 21:07:43 [INFO] riker.phases.phase5_replication: Gene TRAF4: survived — Same-tissue replication: 2/2 concordant. Cross-tissue: 0/0 concordant.
2026-05-05 21:07:43 [INFO] riker.phases.phase5_replication: Gene CCT2: survived — Same-tissue replication: 2/2 concordant. Cross-tissue: 0/0 concordant.
2026-05-05 21:07:43 [INFO] riker.phases.phase5_replication: Gene ENAH: survived — Same-tissue replication: 2/2 concordant. Cross-tissue: 0/0 concordant.
2026-05-05 21:07:43 [INFO] riker.phases.phase5_replication: Gene FUS: survived — Same-tissue replication: 2/2 concordant. Cross-tissue: 0/0 concordant.
2026-05-05 21:07:43 [INFO] riker.phases.phase5_replication: Gene GOT2: survived — Same-tissue replication: 2/2 concordant. Cross-tissue: 0/0 concordant.
2026-05-05 21:07:43 [INFO] riker.phases.phase5_replication: Gene GTF3C1: survived — Same-tissue replication: 2/2 concordant. Cross-tissue: 0/0 concordant.
2026-05-05 21:07:43 [INFO] riker.phases.phase5_replication: Gene TMED9: survived — Same-tissue replication: 2/2 concordant. Cross-tissue: 0/0 concordant.
2026-05-05 21:07:43 [INFO] riker.phases.phase5_replication: Gene TOP1: survived — Same-tissue replication: 2/2 concordant. Cross-tissue: 0/0 concordant.
2026-05-05 21:07:43 [INFO] riker.phases.phase5_replication: Gene CMTR1: survived — Same-tissue replication: 0/2 concordant. Cross-tissue: 0/0 concordant.
2026-05-05 21:07:43 [INFO] riker.phases.phase5_replication: Gene EPRS1: survived — Same-tissue replication: 2/2 concordant. Cross-tissue: 0/0 concordant.
2026-05-05 21:07:43 [INFO] riker.phases.phase5_replication: Gene FBXL2: survived — Same-tissue replication: 2/2 concordant. Cross-tissue: 0/0 concordant.
2026-05-05 21:07:43 [INFO] riker.phases.phase5_replication: Gene PDIA3: survived — Same-tissue replication: 2/2 concordant. Cross-tissue: 0/0 concordant.
2026-05-05 21:07:43 [INFO] riker.phases.phase5_replication: Gene RETREG2: eliminated — Significant opposite direction in same-tissue dataset(s): ['GSE45827', 'GSE65194']. Discovery direction: up.
2026-05-05 21:07:43 [INFO] riker.phases.phase5_replication: Gene ANAPC7: survived — Same-tissue replication: 2/2 concordant. Cross-tissue: 0/0 concordant.
2026-05-05 21:07:43 [INFO] riker.phases.phase5_replication: Gene C12orf76: survived — Same-tissue replication: 2/2 concordant. Cross-tissue: 0/0 concordant.
2026-05-05 21:07:44 [INFO] riker.phases.phase5_replication: Gene DDOST: survived — Same-tissue replication: 2/2 concordant. Cross-tissue: 0/0 concordant.
2026-05-05 21:07:44 [INFO] riker.phases.phase5_replication: Gene DDX49: survived — Same-tissue replication: 2/2 concordant. Cross-tissue: 0/0 concordant.
2026-05-05 21:07:44 [INFO] riker.phases.phase5_replication: Gene ENTR1: survived — Same-tissue replication: 2/2 concordant. Cross-tissue: 0/0 concordant.
2026-05-05 21:07:44 [INFO] riker.phases.phase5_replication: Gene IKBKE: survived — Same-tissue replication: 2/2 concordant. Cross-tissue: 0/0 concordant.
2026-05-05 21:07:44 [INFO] riker.phases.phase5_replication: Gene PYM1: survived — Same-tissue replication: 2/2 concordant. Cross-tissue: 0/0 concordant.
2026-05-05 21:07:44 [INFO] riker.phases.phase5_replication: Gene RSPRY1: survived — Same-tissue replication: 2/2 concordant. Cross-tissue: 0/0 concordant.
2026-05-05 21:07:44 [INFO] riker.phases.phase5_replication: Gene TAF5L: survived — Same-tissue replication: 2/2 concordant. Cross-tissue: 0/0 concordant.
2026-05-05 21:07:44 [INFO] riker.phases.phase5_replication: Gene UBE2J2: survived — Same-tissue replication: 0/2 concordant. Cross-tissue: 0/0 concordant.
2026-05-05 21:07:44 [INFO] riker.phases.phase5_replication: Gene CRNKL1: survived — Same-tissue replication: 2/2 concordant. Cross-tissue: 0/0 concordant.
2026-05-05 21:07:44 [INFO] riker.phases.phase5_replication: Gene DHCR7: survived — Same-tissue replication: 2/2 concordant. Cross-tissue: 0/0 concordant.
2026-05-05 21:07:44 [INFO] riker.phases.phase5_replication: Gene EIF2AK3: survived — Same-tissue replication: 2/2 concordant. Cross-tissue: 0/0 concordant.
2026-05-05 21:07:44 [INFO] riker.phases.phase5_replication: Gene FUT8: survived — Same-tissue replication: 2/2 concordant. Cross-tissue: 0/0 concordant.
2026-05-05 21:07:44 [INFO] riker.phases.phase5_replication: Gene GTF2H2C_2: survived — Same-tissue replication: 2/2 concordant. Cross-tissue: 0/0 concordant.
2026-05-05 21:07:44 [INFO] riker.phases.phase5_replication: Gene MRGBP: survived — Same-tissue replication: 2/2 concordant. Cross-tissue: 0/0 concordant.
2026-05-05 21:07:44 [INFO] riker.phases.phase5_replication: Gene MRPS30: survived — Same-tissue replication: 2/2 concordant. Cross-tissue: 0/0 concordant.
2026-05-05 21:07:44 [INFO] riker.phases.phase5_replication: Gene MSH6: survived — Same-tissue replication: 2/2 concordant. Cross-tissue: 0/0 concordant.
2026-05-05 21:07:44 [INFO] riker.phases.phase5_replication: Gene RGS4: survived — Same-tissue replication: 2/2 concordant. Cross-tissue: 0/0 concordant.
2026-05-05 21:07:44 [INFO] riker.phases.phase5_replication: Gene RNF4: survived — Same-tissue replication: 2/2 concordant. Cross-tissue: 0/0 concordant.
2026-05-05 21:07:44 [INFO] riker.phases.phase5_replication: Gene SEC23B: survived — Same-tissue replication: 2/2 concordant. Cross-tissue: 0/0 concordant.
2026-05-05 21:07:44 [INFO] riker.phases.phase5_replication: Gene TASOR2: survived — Same-tissue replication: 2/2 concordant. Cross-tissue: 0/0 concordant.
2026-05-05 21:07:44 [INFO] riker.phases.phase5_replication: Gene TGIF1: survived — Same-tissue replication: 2/2 concordant. Cross-tissue: 0/0 concordant.
2026-05-05 21:07:44 [INFO] riker.phases.phase5_replication: Gene TUBA1C: survived — Same-tissue replication: 2/2 concordant. Cross-tissue: 0/0 concordant.
2026-05-05 21:07:44 [INFO] riker.phases.phase5_replication: Gene YTHDF2: survived — Same-tissue replication: 2/2 concordant. Cross-tissue: 0/0 concordant.
2026-05-05 21:07:44 [INFO] riker.phases.phase5_replication: Gene ZNF267: survived — Same-tissue replication: 2/2 concordant. Cross-tissue: 0/0 concordant.
2026-05-05 21:07:44 [INFO] riker.phases.phase5_replication: Gene DNAJC12: survived — Same-tissue replication: 0/2 concordant. Cross-tissue: 0/0 concordant.
2026-05-05 21:07:44 [INFO] riker.phases.phase5_replication: Gene ELAPOR1: survived — Same-tissue replication: 0/2 concordant. Cross-tissue: 0/0 concordant.
2026-05-05 21:07:44 [INFO] riker.phases.phase5_replication: Gene H2BC12: survived — Same-tissue replication: 2/2 concordant. Cross-tissue: 0/0 concordant.
2026-05-05 21:07:44 [INFO] riker.phases.phase5_replication: Gene LAPTM4B: survived — Same-tissue replication: 2/2 concordant. Cross-tissue: 0/0 concordant.
2026-05-05 21:07:44 [INFO] riker.phases.phase5_replication: Gene NAT1: survived — Same-tissue replication: 2/2 concordant. Cross-tissue: 0/0 concordant.
2026-05-05 21:07:44 [INFO] riker.phases.phase5_replication: Gene RALGPS2: survived — Same-tissue replication: 2/2 concordant. Cross-tissue: 0/0 concordant.
2026-05-05 21:07:44 [INFO] riker.phases.phase5_replication: Gene SERPINA3: survived — Same-tissue replication: 0/2 concordant. Cross-tissue: 0/0 concordant.
2026-05-05 21:07:44 [INFO] riker.phases.phase5_replication: Gene SFXN1: survived — Same-tissue replication: 2/2 concordant. Cross-tissue: 0/0 concordant.
2026-05-05 21:07:44 [INFO] riker.phases.phase5_replication: Gene SH3BP4: survived — Same-tissue replication: 2/2 concordant. Cross-tissue: 0/0 concordant.
2026-05-05 21:07:44 [INFO] riker.phases.phase5_replication: Gene UBD: survived — Same-tissue replication: 2/2 concordant. Cross-tissue: 0/0 concordant.
2026-05-05 21:07:44 [INFO] riker.phases.phase5_replication: Gene ARHGAP10: survived — Same-tissue replication: 2/2 concordant. Cross-tissue: 0/0 concordant.
2026-05-05 21:07:44 [INFO] riker.phases.phase5_replication: Gene CLEC14A: survived — Same-tissue replication: 2/2 concordant. Cross-tissue: 0/0 concordant.
2026-05-05 21:07:44 [INFO] riker.phases.phase5_replication: Gene EFCAB14: survived — Same-tissue replication: 2/2 concordant. Cross-tissue: 0/0 concordant.
2026-05-05 21:07:44 [INFO] riker.phases.phase5_replication: Gene PHKA2: survived — Same-tissue replication: 2/2 concordant. Cross-tissue: 0/0 concordant.
2026-05-05 21:07:44 [INFO] riker.phases.phase5_replication: Gene PHYKPL: survived — Same-tissue replication: 2/2 concordant. Cross-tissue: 0/0 concordant.
2026-05-05 21:07:44 [INFO] riker.phases.phase5_replication: Gene RBPJ: survived — Same-tissue replication: 2/2 concordant. Cross-tissue: 0/0 concordant.
2026-05-05 21:07:44 [INFO] riker.phases.phase5_replication: Gene SNCAIP: survived — Same-tissue replication: 2/2 concordant. Cross-tissue: 0/0 concordant.
2026-05-05 21:07:44 [INFO] riker.phases.phase5_replication: Gene TSC1: survived — Same-tissue replication: 2/2 concordant. Cross-tissue: 0/0 concordant.
2026-05-05 21:07:44 [INFO] riker.phases.phase5_replication: Gene ZBTB47: survived — Same-tissue replication: 2/2 concordant. Cross-tissue: 0/0 concordant.
2026-05-05 21:07:44 [INFO] riker.phases.phase5_replication: Gene ZDHHC3: survived — Same-tissue replication: 0/2 concordant. Cross-tissue: 0/0 concordant.
2026-05-05 21:07:44 [INFO] riker.phases.phase5_replication: Gene CMC4: survived — Same-tissue replication: 0/2 concordant. Cross-tissue: 0/0 concordant.
2026-05-05 21:07:44 [INFO] riker.phases.phase5_replication: Gene CSF1: survived — Same-tissue replication: 2/2 concordant. Cross-tissue: 0/0 concordant.
2026-05-05 21:07:44 [INFO] riker.phases.phase5_replication: Gene KDR: survived — Same-tissue replication: 2/2 concordant. Cross-tissue: 0/0 concordant.
2026-05-05 21:07:44 [INFO] riker.phases.phase5_replication: Gene MTIF3: survived — Same-tissue replication: 2/2 concordant. Cross-tissue: 0/0 concordant.
2026-05-05 21:07:44 [INFO] riker.phases.phase5_replication: Gene EIF1B: survived — Same-tissue replication: 0/2 concordant. Cross-tissue: 0/0 concordant.
2026-05-05 21:07:44 [INFO] riker.phases.phase5_replication: Gene FGD5: survived — Same-tissue replication: 2/2 concordant. Cross-tissue: 0/0 concordant.
2026-05-05 21:07:44 [INFO] riker.phases.phase5_replication: Gene HIPK3: survived — Same-tissue replication: 2/2 concordant. Cross-tissue: 0/0 concordant.
2026-05-05 21:07:44 [INFO] riker.phases.phase5_replication: Gene NPHP3: survived — Same-tissue replication: 2/2 concordant. Cross-tissue: 0/0 concordant.
2026-05-05 21:07:44 [INFO] riker.phases.phase5_replication: Gene STARD8: survived — Same-tissue replication: 1/1 concordant. Cross-tissue: 0/0 concordant.
2026-05-05 21:07:44 [INFO] riker.phases.phase5_replication: Gene ZBTB4: survived — Same-tissue replication: 2/2 concordant. Cross-tissue: 0/0 concordant.
2026-05-05 21:07:44 [INFO] riker.phases.phase5_replication: Gene CALCOCO1: survived — Same-tissue replication: 2/2 concordant. Cross-tissue: 0/0 concordant.
2026-05-05 21:07:44 [INFO] riker.phases.phase5_replication: Gene DYNC1LI2: survived — Same-tissue replication: 2/2 concordant. Cross-tissue: 0/0 concordant.
2026-05-05 21:07:44 [INFO] riker.phases.phase5_replication: Gene GNAZ: survived — Same-tissue replication: 2/2 concordant. Cross-tissue: 0/0 concordant.
2026-05-05 21:07:44 [INFO] riker.phases.phase5_replication: Gene GOLGA8N: survived — Same-tissue replication: 2/2 concordant. Cross-tissue: 0/0 concordant.
2026-05-05 21:07:44 [INFO] riker.phases.phase5_replication: Gene MAN2A2: survived — Same-tissue replication: 2/2 concordant. Cross-tissue: 0/0 concordant.
2026-05-05 21:07:44 [INFO] riker.phases.phase5_replication: Gene RAPGEF2: survived — Same-tissue replication: 2/2 concordant. Cross-tissue: 0/0 concordant.
2026-05-05 21:07:44 [INFO] riker.phases.phase5_replication: Gene SNX33: survived — Same-tissue replication: 2/2 concordant. Cross-tissue: 0/0 concordant.
2026-05-05 21:07:44 [INFO] riker.phases.phase5_replication: Gene THRA: survived — Same-tissue replication: 2/2 concordant. Cross-tissue: 0/0 concordant.
2026-05-05 21:07:44 [INFO] riker.phases.phase5_replication: Gene WBP4: survived — Same-tissue replication: 1/2 concordant. Cross-tissue: 0/0 concordant.
2026-05-05 21:07:44 [INFO] riker.phases.phase5_replication: Gene ASB1: survived — Same-tissue replication: 2/2 concordant. Cross-tissue: 0/0 concordant.
2026-05-05 21:07:44 [INFO] riker.phases.phase5_replication: Gene ITSN2: survived — Same-tissue replication: 2/2 concordant. Cross-tissue: 0/0 concordant.
2026-05-05 21:07:44 [INFO] riker.phases.phase5_replication: Gene RPS25: survived — Same-tissue replication: 2/2 concordant. Cross-tissue: 0/0 concordant.
2026-05-05 21:07:44 [INFO] riker.phases.phase5_replication: Gene TBC1D13: survived — Same-tissue replication: 2/2 concordant. Cross-tissue: 0/0 concordant.
2026-05-05 21:07:44 [INFO] riker.phases.phase5_replication: Gene ACYP1: survived — Same-tissue replication: 2/2 concordant. Cross-tissue: 0/0 concordant.
2026-05-05 21:07:44 [INFO] riker.phases.phase5_replication: Gene B3GALNT2: survived — Same-tissue replication: 2/2 concordant. Cross-tissue: 0/0 concordant.
2026-05-05 21:07:44 [INFO] riker.phases.phase5_replication: Gene CCT5: survived — Same-tissue replication: 2/2 concordant. Cross-tissue: 0/0 concordant.
2026-05-05 21:07:44 [INFO] riker.phases.phase5_replication: Gene CNDP2: survived — Same-tissue replication: 2/2 concordant. Cross-tissue: 0/0 concordant.
2026-05-05 21:07:44 [INFO] riker.phases.phase5_replication: Gene FBXO5: survived — Same-tissue replication: 2/2 concordant. Cross-tissue: 0/0 concordant.
2026-05-05 21:07:44 [INFO] riker.phases.phase5_replication: Gene HSBP1: survived — Same-tissue replication: 2/2 concordant. Cross-tissue: 0/0 concordant.
2026-05-05 21:07:44 [INFO] riker.phases.phase5_replication: Gene LNX2: survived — Same-tissue replication: 2/2 concordant. Cross-tissue: 0/0 concordant.
2026-05-05 21:07:44 [INFO] riker.phases.phase5_replication: Gene ZNF184: survived — Same-tissue replication: 2/2 concordant. Cross-tissue: 0/0 concordant.
2026-05-05 21:07:44 [INFO] riker.phases.phase5_replication: Gene DHX9: survived — Same-tissue replication: 2/2 concordant. Cross-tissue: 0/0 concordant.
2026-05-05 21:07:44 [INFO] riker.phases.phase5_replication: Gene MGRN1: survived — Same-tissue replication: 0/2 concordant. Cross-tissue: 0/0 concordant.
2026-05-05 21:07:44 [INFO] riker.phases.phase5_replication: Gene NOC2L: survived — Same-tissue replication: 2/2 concordant. Cross-tissue: 0/0 concordant.
2026-05-05 21:07:44 [INFO] riker.phases.phase5_replication: Gene OLA1: survived — Same-tissue replication: 2/2 concordant. Cross-tissue: 0/0 concordant.
2026-05-05 21:07:44 [INFO] riker.phases.phase5_replication: Gene SLF1: survived — Same-tissue replication: 2/2 concordant. Cross-tissue: 0/0 concordant.
2026-05-05 21:07:44 [INFO] riker.phases.phase5_replication: Gene USP39: survived — Same-tissue replication: 2/2 concordant. Cross-tissue: 0/0 concordant.
2026-05-05 21:07:44 [INFO] riker.phases.phase5_replication: Gene ZNF446: eliminated — Significant opposite direction in same-tissue dataset(s): ['GSE45827', 'GSE65194']. Discovery direction: up.
2026-05-05 21:07:44 [INFO] riker.phases.phase5_replication: Gene ADK: eliminated — Significant opposite direction in same-tissue dataset(s): ['GSE45827', 'GSE65194']. Discovery direction: down.
2026-05-05 21:07:44 [INFO] riker.phases.phase5_replication: Gene COL5A3: survived — Same-tissue replication: 2/2 concordant. Cross-tissue: 0/0 concordant.
2026-05-05 21:07:44 [INFO] riker.phases.phase5_replication: Gene IDH3A: eliminated — Significant opposite direction in same-tissue dataset(s): ['GSE45827', 'GSE65194']. Discovery direction: down.
2026-05-05 21:07:44 [INFO] riker.phases.phase5_replication: Gene NMRK1: survived — Same-tissue replication: 2/2 concordant. Cross-tissue: 0/0 concordant.
2026-05-05 21:07:44 [INFO] riker.phases.phase5_replication: Gene ROBO1: survived — Same-tissue replication: 2/2 concordant. Cross-tissue: 0/0 concordant.
2026-05-05 21:07:44 [INFO] riker.phases.phase5_replication: Gene STAMBPL1: survived — Same-tissue replication: 2/2 concordant. Cross-tissue: 0/0 concordant.
2026-05-05 21:07:44 [INFO] riker.phases.phase5_replication: Gene ZNF25: survived — Same-tissue replication: 2/2 concordant. Cross-tissue: 0/0 concordant.
2026-05-05 21:07:44 [INFO] riker.phases.phase5_replication: Gene ARLN: survived — Same-tissue replication: 2/2 concordant. Cross-tissue: 0/0 concordant.
2026-05-05 21:07:44 [INFO] riker.phases.phase5_replication: Gene KCTD9: survived — Same-tissue replication: 2/2 concordant. Cross-tissue: 0/0 concordant.
2026-05-05 21:07:44 [INFO] riker.phases.phase5_replication: Gene LRMDA: survived — Same-tissue replication: 2/2 concordant. Cross-tissue: 0/0 concordant.
2026-05-05 21:07:44 [INFO] riker.phases.phase5_replication: Gene ZNF438: survived — Same-tissue replication: 2/2 concordant. Cross-tissue: 0/0 concordant.
2026-05-05 21:07:44 [INFO] riker.phases.phase5_replication: Gene ADNP: survived — Same-tissue replication: 2/2 concordant. Cross-tissue: 0/0 concordant.
2026-05-05 21:07:44 [INFO] riker.phases.phase5_replication: Gene APH1A: survived — Same-tissue replication: 2/2 concordant. Cross-tissue: 0/0 concordant.
2026-05-05 21:07:44 [INFO] riker.phases.phase5_replication: Gene ATIC: survived — Same-tissue replication: 2/2 concordant. Cross-tissue: 0/0 concordant.
2026-05-05 21:07:44 [INFO] riker.phases.phase5_replication: Gene C1orf35: survived — Same-tissue replication: 0/2 concordant. Cross-tissue: 0/0 concordant.
2026-05-05 21:07:44 [INFO] riker.phases.phase5_replication: Gene CASP3: survived — Same-tissue replication: 2/2 concordant. Cross-tissue: 0/0 concordant.
2026-05-05 21:07:44 [INFO] riker.phases.phase5_replication: Gene CBX3: survived — Same-tissue replication: 2/2 concordant. Cross-tissue: 0/0 concordant.
2026-05-05 21:07:44 [INFO] riker.phases.phase5_replication: Gene CERS6: survived — Same-tissue replication: 2/2 concordant. Cross-tissue: 0/0 concordant.
2026-05-05 21:07:44 [INFO] riker.phases.phase5_replication: Gene CLN3: survived — Same-tissue replication: 2/2 concordant. Cross-tissue: 0/0 concordant.
2026-05-05 21:07:44 [INFO] riker.phases.phase5_replication: Gene COPB1: survived — Same-tissue replication: 2/2 concordant. Cross-tissue: 0/0 concordant.
2026-05-05 21:07:44 [INFO] riker.phases.phase5_replication: Gene COX6C: survived — Same-tissue replication: 2/2 concordant. Cross-tissue: 0/0 concordant.
2026-05-05 21:07:44 [INFO] riker.phases.phase5_replication: Gene EEIG1: survived — Same-tissue replication: 2/2 concordant. Cross-tissue: 0/0 concordant.
2026-05-05 21:07:44 [INFO] riker.phases.phase5_replication: Gene ERBB2: survived — Same-tissue replication: 2/2 concordant. Cross-tissue: 0/0 concordant.
2026-05-05 21:07:44 [INFO] riker.phases.phase5_replication: Gene GOSR1: survived — Same-tissue replication: 0/2 concordant. Cross-tissue: 0/0 concordant.
2026-05-05 21:07:44 [INFO] riker.phases.phase5_replication: Gene H2BC12L: survived — Same-tissue replication: 2/2 concordant. Cross-tissue: 0/0 concordant.
2026-05-05 21:07:44 [INFO] riker.phases.phase5_replication: Gene HMGN1: survived — Same-tissue replication: 2/2 concordant. Cross-tissue: 0/0 concordant.
2026-05-05 21:07:44 [INFO] riker.phases.phase5_replication: Gene IGSF3: survived — Same-tissue replication: 2/2 concordant. Cross-tissue: 0/0 concordant.
2026-05-05 21:07:44 [INFO] riker.phases.phase5_replication: Gene ISG15: survived — Same-tissue replication: 2/2 concordant. Cross-tissue: 0/0 concordant.
2026-05-05 21:07:44 [INFO] riker.phases.phase5_replication: Gene NHP2: survived — Same-tissue replication: 2/2 concordant. Cross-tissue: 0/0 concordant.
2026-05-05 21:07:44 [INFO] riker.phases.phase5_replication: Gene NREP: survived — Same-tissue replication: 2/2 concordant. Cross-tissue: 0/0 concordant.
2026-05-05 21:07:44 [INFO] riker.phases.phase5_replication: Gene PIAS3: survived — Same-tissue replication: 2/2 concordant. Cross-tissue: 0/0 concordant.
2026-05-05 21:07:44 [INFO] riker.phases.phase5_replication: Gene PLEKHF2: survived — Same-tissue replication: 2/2 concordant. Cross-tissue: 0/0 concordant.
2026-05-05 21:07:44 [INFO] riker.phases.phase5_replication: Gene PRR13: survived — Same-tissue replication: 2/2 concordant. Cross-tissue: 0/0 concordant.
2026-05-05 21:07:44 [INFO] riker.phases.phase5_replication: Gene PTRH2: survived — Same-tissue replication: 2/2 concordant. Cross-tissue: 0/0 concordant.
2026-05-05 21:07:44 [INFO] riker.phases.phase5_replication: Gene RAD1: survived — Same-tissue replication: 2/2 concordant. Cross-tissue: 0/0 concordant.
2026-05-05 21:07:44 [INFO] riker.phases.phase5_replication: Gene RBM8A: survived — Same-tissue replication: 2/2 concordant. Cross-tissue: 0/0 concordant.
2026-05-05 21:07:44 [INFO] riker.phases.phase5_replication: Gene SEPTIN9: survived — Same-tissue replication: 0/2 concordant. Cross-tissue: 0/0 concordant.
2026-05-05 21:07:44 [INFO] riker.phases.phase5_replication: Gene SFN: survived — Same-tissue replication: 0/2 concordant. Cross-tissue: 0/0 concordant.
2026-05-05 21:07:44 [INFO] riker.phases.phase5_replication: Gene SHMT2: survived — Same-tissue replication: 2/2 concordant. Cross-tissue: 0/0 concordant.
2026-05-05 21:07:44 [INFO] riker.phases.phase5_replication: Gene SRPK1: survived — Same-tissue replication: 2/2 concordant. Cross-tissue: 0/0 concordant.
2026-05-05 21:07:44 [INFO] riker.phases.phase5_replication: Gene STK26: survived — Same-tissue replication: 2/2 concordant. Cross-tissue: 0/0 concordant.
2026-05-05 21:07:44 [INFO] riker.phases.phase5_replication: Gene TMEM14A: survived — Same-tissue replication: 2/2 concordant. Cross-tissue: 0/0 concordant.
2026-05-05 21:07:44 [INFO] riker.phases.phase5_replication: Gene AHCY: survived — Same-tissue replication: 2/2 concordant. Cross-tissue: 0/0 concordant.
2026-05-05 21:07:44 [INFO] riker.phases.phase5_replication: Gene ENTPD6: survived — Same-tissue replication: 2/2 concordant. Cross-tissue: 0/0 concordant.
2026-05-05 21:07:44 [INFO] riker.phases.phase5_replication: Gene FUBP1: eliminated — Significant opposite direction in same-tissue dataset(s): ['GSE45827', 'GSE65194']. Discovery direction: up.
2026-05-05 21:07:44 [INFO] riker.phases.phase5_replication: Gene GSPT1: survived — Same-tissue replication: 2/2 concordant. Cross-tissue: 0/0 concordant.
2026-05-05 21:07:44 [INFO] riker.phases.phase5_replication: Gene KDM5B: survived — Same-tissue replication: 2/2 concordant. Cross-tissue: 0/0 concordant.
2026-05-05 21:07:44 [INFO] riker.phases.phase5_replication: Gene MAGEF1: survived — Same-tissue replication: 2/2 concordant. Cross-tissue: 0/0 concordant.
2026-05-05 21:07:44 [INFO] riker.phases.phase5_replication: Gene RPL39L: survived — Same-tissue replication: 2/2 concordant. Cross-tissue: 0/0 concordant.
2026-05-05 21:07:44 [INFO] riker.phases.phase5_replication: Gene RPN2: survived — Same-tissue replication: 2/2 concordant. Cross-tissue: 0/0 concordant.
2026-05-05 21:07:44 [INFO] riker.phases.phase5_replication: Gene SSR4: survived — Same-tissue replication: 2/2 concordant. Cross-tissue: 0/0 concordant.
2026-05-05 21:07:44 [INFO] riker.phases.phase5_replication: Gene TAP1: survived — Same-tissue replication: 2/2 concordant. Cross-tissue: 0/0 concordant.
2026-05-05 21:07:44 [INFO] riker.phases.phase5_replication: Gene TEFM: eliminated — Significant opposite direction in same-tissue dataset(s): ['GSE45827', 'GSE65194']. Discovery direction: up.
2026-05-05 21:07:44 [INFO] riker.phases.phase5_replication: Gene CARD6: survived — Same-tissue replication: 2/2 concordant. Cross-tissue: 0/0 concordant.
2026-05-05 21:07:44 [INFO] riker.phases.phase5_replication: Gene CPNE2: survived — Same-tissue replication: 0/2 concordant. Cross-tissue: 0/0 concordant.
2026-05-05 21:07:44 [INFO] riker.phases.phase5_replication: Gene GALNT16: survived — Same-tissue replication: 2/2 concordant. Cross-tissue: 0/0 concordant.
2026-05-05 21:07:44 [INFO] riker.phases.phase5_replication: Gene GIMAP1: survived — Same-tissue replication: 2/2 concordant. Cross-tissue: 0/0 concordant.
2026-05-05 21:07:44 [INFO] riker.phases.phase5_replication: Gene MMGT1: survived — Same-tissue replication: 2/2 concordant. Cross-tissue: 0/0 concordant.
2026-05-05 21:07:44 [INFO] riker.phases.phase5_replication: Gene MYCBP2: survived — Same-tissue replication: 2/2 concordant. Cross-tissue: 0/0 concordant.
2026-05-05 21:07:44 [INFO] riker.phases.phase5_replication: Gene PLCL2: survived — Same-tissue replication: 2/2 concordant. Cross-tissue: 0/0 concordant.
2026-05-05 21:07:44 [INFO] riker.phases.phase5_replication: Gene PODN: survived — Same-tissue replication: 2/2 concordant. Cross-tissue: 0/0 concordant.
2026-05-05 21:07:44 [INFO] riker.phases.phase5_replication: Gene PPP2R3C: eliminated — Significant opposite direction in same-tissue dataset(s): ['GSE45827', 'GSE65194']. Discovery direction: down.
2026-05-05 21:07:44 [INFO] riker.phases.phase5_replication: Gene SKAP2: survived — Same-tissue replication: 2/2 concordant. Cross-tissue: 0/0 concordant.
2026-05-05 21:07:44 [INFO] riker.phases.phase5_replication: Gene TIMP3: survived — Same-tissue replication: 2/2 concordant. Cross-tissue: 0/0 concordant.
2026-05-05 21:07:44 [INFO] riker.phases.phase5_replication: Gene TNN: survived — Same-tissue replication: 2/2 concordant. Cross-tissue: 0/0 concordant.
2026-05-05 21:07:44 [INFO] riker.phases.phase5_replication: Gene USP53: survived — Same-tissue replication: 2/2 concordant. Cross-tissue: 0/0 concordant.
2026-05-05 21:07:44 [INFO] riker.phases.phase5_replication: Gene ZC3H12C: survived — Same-tissue replication: 2/2 concordant. Cross-tissue: 0/0 concordant.
2026-05-05 21:07:44 [INFO] riker.phases.phase5_replication: Gene ACER3: survived — Same-tissue replication: 1/2 concordant. Cross-tissue: 0/0 concordant.
2026-05-05 21:07:44 [INFO] riker.phases.phase5_replication: Gene BCL6: survived — Same-tissue replication: 2/2 concordant. Cross-tissue: 0/0 concordant.
2026-05-05 21:07:44 [INFO] riker.phases.phase5_replication: Gene CSGALNACT1: survived — Same-tissue replication: 0/2 concordant. Cross-tissue: 0/0 concordant.
2026-05-05 21:07:44 [INFO] riker.phases.phase5_replication: Gene DDHD2: survived — Same-tissue replication: 2/2 concordant. Cross-tissue: 0/0 concordant.
2026-05-05 21:07:44 [INFO] riker.phases.phase5_replication: Gene FAM43A: survived — Same-tissue replication: 2/2 concordant. Cross-tissue: 0/0 concordant.
2026-05-05 21:07:44 [INFO] riker.phases.phase5_replication: Gene GMFG: survived — Same-tissue replication: 2/2 concordant. Cross-tissue: 0/0 concordant.
2026-05-05 21:07:44 [INFO] riker.phases.phase5_replication: Gene ITGA9: survived — Same-tissue replication: 2/2 concordant. Cross-tissue: 0/0 concordant.
2026-05-05 21:07:44 [INFO] riker.phases.phase5_replication: Gene LYRM7: survived — Same-tissue replication: 2/2 concordant. Cross-tissue: 0/0 concordant.
2026-05-05 21:07:44 [INFO] riker.phases.phase5_replication: Gene PPL: survived — Same-tissue replication: 2/2 concordant. Cross-tissue: 0/0 concordant.
2026-05-05 21:07:44 [INFO] riker.phases.phase5_replication: Gene RGMA: survived — Same-tissue replication: 2/2 concordant. Cross-tissue: 0/0 concordant.
2026-05-05 21:07:44 [INFO] riker.phases.phase5_replication: Gene CD2: survived — Same-tissue replication: 2/2 concordant. Cross-tissue: 0/0 concordant.
2026-05-05 21:07:44 [INFO] riker.phases.phase5_replication: Gene HID1: survived — Same-tissue replication: 0/2 concordant. Cross-tissue: 0/0 concordant.
2026-05-05 21:07:44 [INFO] riker.phases.phase5_replication: Gene PGAP2: survived — Same-tissue replication: 2/2 concordant. Cross-tissue: 0/0 concordant.
2026-05-05 21:07:44 [INFO] riker.phases.phase5_replication: Gene PRKDC: survived — Same-tissue replication: 2/2 concordant. Cross-tissue: 0/0 concordant.
2026-05-05 21:07:44 [INFO] riker.phases.phase5_replication: Gene SLC26A11: survived — Same-tissue replication: 2/2 concordant. Cross-tissue: 0/0 concordant.
2026-05-05 21:07:44 [INFO] riker.phases.phase5_replication: Gene SLC67A1: survived — Same-tissue replication: 2/2 concordant. Cross-tissue: 0/0 concordant.
2026-05-05 21:07:44 [INFO] riker.phases.phase5_replication: Gene SPATC1L: survived — Same-tissue replication: 2/2 concordant. Cross-tissue: 0/0 concordant.
2026-05-05 21:07:44 [INFO] riker.phases.phase5_replication: Gene TRIM28: survived — Same-tissue replication: 2/2 concordant. Cross-tissue: 0/0 concordant.
2026-05-05 21:07:44 [INFO] riker.phases.phase5_replication: Gene ADI1: survived — Same-tissue replication: 0/2 concordant. Cross-tissue: 0/0 concordant.
2026-05-05 21:07:44 [INFO] riker.phases.phase5_replication: Gene ALDH5A1: survived — Same-tissue replication: 0/2 concordant. Cross-tissue: 0/0 concordant.
2026-05-05 21:07:44 [INFO] riker.phases.phase5_replication: Gene AXL: survived — Same-tissue replication: 0/2 concordant. Cross-tissue: 0/0 concordant.
2026-05-05 21:07:44 [INFO] riker.phases.phase5_replication: Gene CALCRL: survived — Same-tissue replication: 0/2 concordant. Cross-tissue: 0/0 concordant.
2026-05-05 21:07:44 [INFO] riker.phases.phase5_replication: Gene CD200: survived — Same-tissue replication: 0/2 concordant. Cross-tissue: 0/0 concordant.
2026-05-05 21:07:44 [INFO] riker.phases.phase5_replication: Gene CHCHD10: survived — Same-tissue replication: 2/2 concordant. Cross-tissue: 0/0 concordant.
2026-05-05 21:07:44 [INFO] riker.phases.phase5_replication: Gene EPB42: survived — Same-tissue replication: 1/1 concordant. Cross-tissue: 0/0 concordant.
2026-05-05 21:07:44 [INFO] riker.phases.phase5_replication: Gene HACL1: survived — Same-tissue replication: 2/2 concordant. Cross-tissue: 0/0 concordant.
2026-05-05 21:07:44 [INFO] riker.phases.phase5_replication: Gene JRKL: survived — Same-tissue replication: 2/2 concordant. Cross-tissue: 0/0 concordant.
2026-05-05 21:07:44 [INFO] riker.phases.phase5_replication: Gene MRPL2: survived — Same-tissue replication: 2/2 concordant. Cross-tissue: 0/0 concordant.
2026-05-05 21:07:44 [INFO] riker.phases.phase5_replication: Gene NHLRC3: survived — Same-tissue replication: 2/2 concordant. Cross-tissue: 0/0 concordant.
2026-05-05 21:07:44 [INFO] riker.phases.phase5_replication: Gene RASSF9: survived — Same-tissue replication: 2/2 concordant. Cross-tissue: 0/0 concordant.
2026-05-05 21:07:44 [INFO] riker.phases.phase5_replication: Gene RNF145: survived — Same-tissue replication: 0/2 concordant. Cross-tissue: 0/0 concordant.
2026-05-05 21:07:44 [INFO] riker.phases.phase5_replication: Gene SPATA7: survived — Same-tissue replication: 2/2 concordant. Cross-tissue: 0/0 concordant.
2026-05-05 21:07:44 [INFO] riker.phases.phase5_replication: Gene SRPX2: survived — Same-tissue replication: 1/2 concordant. Cross-tissue: 0/0 concordant.
2026-05-05 21:07:44 [INFO] riker.phases.phase5_replication: Gene ATP2A2: survived — Same-tissue replication: 2/2 concordant. Cross-tissue: 0/0 concordant.
2026-05-05 21:07:44 [INFO] riker.phases.phase5_replication: Gene CACNB3: survived — Same-tissue replication: 2/2 concordant. Cross-tissue: 0/0 concordant.
2026-05-05 21:07:44 [INFO] riker.phases.phase5_replication: Gene NAT14: survived — Same-tissue replication: 0/2 concordant. Cross-tissue: 0/0 concordant.
2026-05-05 21:07:44 [INFO] riker.phases.phase5_replication: Gene RACGAP1: survived — Same-tissue replication: 2/2 concordant. Cross-tissue: 0/0 concordant.
2026-05-05 21:07:44 [INFO] riker.phases.phase5_replication: Gene RMI2: survived — Same-tissue replication: 2/2 concordant. Cross-tissue: 0/0 concordant.
2026-05-05 21:07:44 [INFO] riker.phases.phase5_replication: Gene SAPCD2: survived — Same-tissue replication: 2/2 concordant. Cross-tissue: 0/0 concordant.
2026-05-05 21:07:44 [INFO] riker.phases.phase5_replication: Gene SELENOI: survived — Same-tissue replication: 2/2 concordant. Cross-tissue: 0/0 concordant.
2026-05-05 21:07:44 [INFO] riker.phases.phase5_replication: Gene SMYD3: survived — Same-tissue replication: 2/2 concordant. Cross-tissue: 0/0 concordant.
2026-05-05 21:07:44 [INFO] riker.phases.phase5_replication: Gene UBE2S: survived — Same-tissue replication: 2/2 concordant. Cross-tissue: 0/0 concordant.
2026-05-05 21:07:44 [INFO] riker.phases.phase5_replication: Gene ZBTB42: survived — Same-tissue replication: 2/2 concordant. Cross-tissue: 0/0 concordant.
2026-05-05 21:07:44 [INFO] riker.phases.phase5_replication: Gene ZNF692: survived — Same-tissue replication: 2/2 concordant. Cross-tissue: 0/0 concordant.
2026-05-05 21:07:44 [INFO] riker.phases.phase5_replication: Gene ATP5MC3: eliminated — Significant opposite direction in same-tissue dataset(s): ['GSE45827', 'GSE65194']. Discovery direction: down.
2026-05-05 21:07:44 [INFO] riker.phases.phase5_replication: Gene BHLHE22: survived — Same-tissue replication: 2/2 concordant. Cross-tissue: 0/0 concordant.
2026-05-05 21:07:44 [INFO] riker.phases.phase5_replication: Gene CALHM5: survived — Same-tissue replication: 2/2 concordant. Cross-tissue: 0/0 concordant.
2026-05-05 21:07:44 [INFO] riker.phases.phase5_replication: Gene FBXL3: survived — Same-tissue replication: 0/2 concordant. Cross-tissue: 0/0 concordant.
2026-05-05 21:07:44 [INFO] riker.phases.phase5_replication: Gene FBXO8: eliminated — Significant opposite direction in same-tissue dataset(s): ['GSE45827']. Discovery direction: down.
2026-05-05 21:07:44 [INFO] riker.phases.phase5_replication: Gene GABPA: survived — Same-tissue replication: 0/2 concordant. Cross-tissue: 0/0 concordant.
2026-05-05 21:07:44 [INFO] riker.phases.phase5_replication: Gene NSMCE4A: survived — Same-tissue replication: 2/2 concordant. Cross-tissue: 0/0 concordant.
2026-05-05 21:07:44 [INFO] riker.phases.phase5_replication: Gene OTUD1: survived — Same-tissue replication: 0/2 concordant. Cross-tissue: 0/0 concordant.
2026-05-05 21:07:44 [INFO] riker.phases.phase5_replication: Gene PPP2CB: survived — Same-tissue replication: 0/2 concordant. Cross-tissue: 0/0 concordant.
2026-05-05 21:07:44 [INFO] riker.phases.phase5_replication: Gene RAB6B: survived — Same-tissue replication: 2/2 concordant. Cross-tissue: 0/0 concordant.
2026-05-05 21:07:44 [INFO] riker.phases.phase5_replication: Gene RNF11: eliminated — Significant opposite direction in same-tissue dataset(s): ['GSE45827', 'GSE65194']. Discovery direction: down.
2026-05-05 21:07:44 [INFO] riker.phases.phase5_replication: Gene SLC25A25: survived — Same-tissue replication: 2/2 concordant. Cross-tissue: 0/0 concordant.
2026-05-05 21:07:44 [INFO] riker.phases.phase5_replication: Gene SNX18: survived — Same-tissue replication: 2/2 concordant. Cross-tissue: 0/0 concordant.
2026-05-05 21:07:44 [INFO] riker.phases.phase5_replication: Gene TBC1D23: eliminated — Significant opposite direction in same-tissue dataset(s): ['GSE45827', 'GSE65194']. Discovery direction: down.
2026-05-05 21:07:44 [INFO] riker.phases.phase5_replication: Gene ZNF22: survived — Same-tissue replication: 0/2 concordant. Cross-tissue: 0/0 concordant.
2026-05-05 21:07:44 [INFO] riker.phases.phase5_replication: Gene GSDMB: survived — Same-tissue replication: 0/2 concordant. Cross-tissue: 0/0 concordant.
2026-05-05 21:07:44 [INFO] riker.phases.phase5_replication: Gene PLA2G4B: eliminated — Significant opposite direction in same-tissue dataset(s): ['GSE45827', 'GSE65194']. Discovery direction: up.
2026-05-05 21:07:44 [INFO] riker.phases.phase5_replication: Gene SLIRP: survived — Same-tissue replication: 2/2 concordant. Cross-tissue: 0/0 concordant.
2026-05-05 21:07:44 [INFO] riker.phases.phase5_replication: Gene CDK2AP2: survived — Same-tissue replication: 2/2 concordant. Cross-tissue: 0/0 concordant.
2026-05-05 21:07:44 [INFO] riker.phases.phase5_replication: Gene MPC2: eliminated — Significant opposite direction in same-tissue dataset(s): ['GSE45827', 'GSE65194']. Discovery direction: down.
2026-05-05 21:07:44 [INFO] riker.phases.phase5_replication: Gene RPL23A: eliminated — Significant opposite direction in same-tissue dataset(s): ['GSE45827', 'GSE65194']. Discovery direction: up.
2026-05-05 21:07:44 [INFO] riker.phases.phase5_replication: Gene CLGN: survived — Same-tissue replication: 2/2 concordant. Cross-tissue: 0/0 concordant.
2026-05-05 21:07:44 [INFO] riker.phases.phase5_replication: Gene H2BC9: survived — Same-tissue replication: 2/2 concordant. Cross-tissue: 0/0 concordant.
2026-05-05 21:07:44 [INFO] riker.phases.phase5_replication: Gene NECTIN2: survived — Same-tissue replication: 2/2 concordant. Cross-tissue: 0/0 concordant.
2026-05-05 21:07:44 [INFO] riker.phases.phase5_replication: Gene OCIAD2: survived — Same-tissue replication: 2/2 concordant. Cross-tissue: 0/0 concordant.
2026-05-05 21:07:44 [INFO] riker.phases.phase5_replication: Gene PGM2L1: survived — Same-tissue replication: 2/2 concordant. Cross-tissue: 0/0 concordant.
2026-05-05 21:07:44 [INFO] riker.phases.phase5_replication: Gene SEMA3F: eliminated — Significant opposite direction in same-tissue dataset(s): ['GSE45827', 'GSE65194']. Discovery direction: up.
2026-05-05 21:07:44 [INFO] riker.phases.phase5_replication: Gene TSPAN1: survived — Same-tissue replication: 2/2 concordant. Cross-tissue: 0/0 concordant.
2026-05-05 21:07:44 [INFO] riker.phases.phase5_replication: Gene WDR54: survived — Same-tissue replication: 2/2 concordant. Cross-tissue: 0/0 concordant.
2026-05-05 21:07:44 [INFO] riker.phases.phase5_replication: Gene EIF3L: survived — Same-tissue replication: 2/2 concordant. Cross-tissue: 0/0 concordant.
2026-05-05 21:07:44 [INFO] riker.phases.phase5_replication: Gene FBXL17: survived — Same-tissue replication: 2/2 concordant. Cross-tissue: 0/0 concordant.
2026-05-05 21:07:44 [INFO] riker.phases.phase5_replication: Gene GIT2: survived — Same-tissue replication: 0/2 concordant. Cross-tissue: 0/0 concordant.
2026-05-05 21:07:44 [INFO] riker.phases.phase5_replication: Gene KLHL2: survived — Same-tissue replication: 2/2 concordant. Cross-tissue: 0/0 concordant.
2026-05-05 21:07:44 [INFO] riker.phases.phase5_replication: Gene MT-CO1: eliminated — Significant opposite direction in same-tissue dataset(s): ['GSE45827', 'GSE65194']. Discovery direction: down.
2026-05-05 21:07:44 [INFO] riker.phases.phase5_replication: Gene MT-ND2: eliminated — Significant opposite direction in same-tissue dataset(s): ['GSE45827', 'GSE65194']. Discovery direction: down.
2026-05-05 21:07:44 [INFO] riker.phases.phase5_replication: Gene SEPTIN2: survived — Same-tissue replication: 0/2 concordant. Cross-tissue: 0/0 concordant.
2026-05-05 21:07:44 [INFO] riker.phases.phase5_replication: Gene SRSF4: survived — Same-tissue replication: 0/2 concordant. Cross-tissue: 0/0 concordant.
2026-05-05 21:07:44 [INFO] riker.phases.phase5_replication: Gene CREB3L1: survived — Same-tissue replication: 2/2 concordant. Cross-tissue: 0/0 concordant.
2026-05-05 21:07:44 [INFO] riker.phases.phase5_replication: Gene PIAS4: survived — Same-tissue replication: 2/2 concordant. Cross-tissue: 0/0 concordant.
2026-05-05 21:07:44 [INFO] riker.phases.phase5_replication: Gene UBE2L6: survived — Same-tissue replication: 2/2 concordant. Cross-tissue: 0/0 concordant.
2026-05-05 21:07:44 [INFO] riker.phases.phase5_replication: Gene FCMR: survived — Same-tissue replication: 2/2 concordant. Cross-tissue: 0/0 concordant.
2026-05-05 21:07:44 [INFO] riker.phases.phase5_replication: Gene HNRNPA3: survived — Same-tissue replication: 2/2 concordant. Cross-tissue: 0/0 concordant.
2026-05-05 21:07:44 [INFO] riker.phases.phase5_replication: Gene SAC3D1: survived — Same-tissue replication: 2/2 concordant. Cross-tissue: 0/0 concordant.
2026-05-05 21:07:44 [INFO] riker.phases.phase5_replication: Gene YIF1A: survived — Same-tissue replication: 2/2 concordant. Cross-tissue: 0/0 concordant.
2026-05-05 21:07:44 [INFO] riker.phases.phase5_replication: Gene ZNF469: survived — Same-tissue replication: 2/2 concordant. Cross-tissue: 0/0 concordant.
2026-05-05 21:07:44 [INFO] riker.phases.phase5_replication: Gene CSNK1A1: survived — Same-tissue replication: 2/2 concordant. Cross-tissue: 0/0 concordant.
2026-05-05 21:07:44 [INFO] riker.phases.phase5_replication: Gene EPHA1: survived — Same-tissue replication: 2/2 concordant. Cross-tissue: 0/0 concordant.
2026-05-05 21:07:44 [INFO] riker.phases.phase5_replication: Gene TRMT6: survived — Same-tissue replication: 2/2 concordant. Cross-tissue: 0/0 concordant.
2026-05-05 21:07:44 [INFO] riker.phases.phase5_replication: Gene YRDC: survived — Same-tissue replication: 2/2 concordant. Cross-tissue: 0/0 concordant.
2026-05-05 21:07:44 [INFO] riker.phases.phase5_replication: Gene DNAJA3: survived — Same-tissue replication: 2/2 concordant. Cross-tissue: 0/0 concordant.
2026-05-05 21:07:44 [INFO] riker.phases.phase5_replication: Gene ESCO1: survived — Same-tissue replication: 2/2 concordant. Cross-tissue: 0/0 concordant.
2026-05-05 21:07:44 [INFO] riker.phases.phase5_replication: Gene PNPT1: survived — Same-tissue replication: 2/2 concordant. Cross-tissue: 0/0 concordant.
2026-05-05 21:07:44 [INFO] riker.phases.phase5_replication: Gene TMED4: survived — Same-tissue replication: 2/2 concordant. Cross-tissue: 0/0 concordant.
2026-05-05 21:07:44 [INFO] riker.phases.phase5_replication: Gene TTLL5: survived — Same-tissue replication: 2/2 concordant. Cross-tissue: 0/0 concordant.
2026-05-05 21:07:44 [INFO] riker.phases.phase5_replication: Gene ZBTB24: survived — Same-tissue replication: 2/2 concordant. Cross-tissue: 0/0 concordant.
2026-05-05 21:07:44 [INFO] riker.phases.phase5_replication: Gene CMPK1: survived — Same-tissue replication: 2/2 concordant. Cross-tissue: 0/0 concordant.
2026-05-05 21:07:44 [INFO] riker.phases.phase5_replication: Gene DENND4C: eliminated — Significant opposite direction in same-tissue dataset(s): ['GSE45827', 'GSE65194']. Discovery direction: down.
2026-05-05 21:07:44 [INFO] riker.phases.phase5_replication: Gene NFYB: survived — Same-tissue replication: 0/2 concordant. Cross-tissue: 0/0 concordant.
2026-05-05 21:07:44 [INFO] riker.phases.phase5_replication: Gene RTL8C: survived — Same-tissue replication: 0/2 concordant. Cross-tissue: 0/0 concordant.
2026-05-05 21:07:44 [INFO] riker.phases.phase5_replication: Gene SIRT2: survived — Same-tissue replication: 2/2 concordant. Cross-tissue: 0/0 concordant.
2026-05-05 21:07:44 [INFO] riker.phases.phase5_replication: Gene SLC25A26: survived — Same-tissue replication: 2/2 concordant. Cross-tissue: 0/0 concordant.
2026-05-05 21:07:44 [INFO] riker.phases.phase5_replication: Gene TMEM143: survived — Same-tissue replication: 2/2 concordant. Cross-tissue: 0/0 concordant.
2026-05-05 21:07:44 [INFO] riker.phases.phase5_replication: Gene USP12: survived — Same-tissue replication: 0/2 concordant. Cross-tissue: 0/0 concordant.
2026-05-05 21:07:44 [INFO] riker.phases.phase5_replication: Gene BBS10: survived — Same-tissue replication: 2/2 concordant. Cross-tissue: 0/0 concordant.
2026-05-05 21:07:44 [INFO] riker.phases.phase5_replication: Gene CALHM2: survived — Same-tissue replication: 2/2 concordant. Cross-tissue: 0/0 concordant.
2026-05-05 21:07:44 [INFO] riker.phases.phase5_replication: Gene HADHB: survived — Same-tissue replication: 0/2 concordant. Cross-tissue: 0/0 concordant.
2026-05-05 21:07:44 [INFO] riker.phases.phase5_replication: Gene VPS51: survived — Same-tissue replication: 2/2 concordant. Cross-tissue: 0/0 concordant.
2026-05-05 21:07:44 [INFO] riker.phases.phase5_replication: Gene XPA: survived — Same-tissue replication: 2/2 concordant. Cross-tissue: 0/0 concordant.
2026-05-05 21:07:44 [INFO] riker.phases.phase5_replication: Gene DHRS13: survived — Same-tissue replication: 2/2 concordant. Cross-tissue: 0/0 concordant.
2026-05-05 21:07:44 [INFO] riker.phases.phase5_replication: Gene H2AX: survived — Same-tissue replication: 2/2 concordant. Cross-tissue: 0/0 concordant.
2026-05-05 21:07:44 [INFO] riker.phases.phase5_replication: Gene KIAA1958: survived — Same-tissue replication: 0/2 concordant. Cross-tissue: 0/0 concordant.
2026-05-05 21:07:44 [INFO] riker.phases.phase5_replication: Gene METRN: survived — Same-tissue replication: 2/2 concordant. Cross-tissue: 0/0 concordant.
2026-05-05 21:07:44 [INFO] riker.phases.phase5_replication: Gene PAICS: survived — Same-tissue replication: 2/2 concordant. Cross-tissue: 0/0 concordant.
2026-05-05 21:07:44 [INFO] riker.phases.phase5_replication: Gene RCC2: survived — Same-tissue replication: 2/2 concordant. Cross-tissue: 0/0 concordant.
2026-05-05 21:07:44 [INFO] riker.phases.phase5_replication: Gene TNFRSF12A: survived — Same-tissue replication: 2/2 concordant. Cross-tissue: 0/0 concordant.
2026-05-05 21:07:44 [INFO] riker.phases.phase5_replication: Gene ZNF239: survived — Same-tissue replication: 2/2 concordant. Cross-tissue: 0/0 concordant.
2026-05-05 21:07:44 [INFO] riker.phases.phase5_replication: Gene ZWILCH: survived — Same-tissue replication: 2/2 concordant. Cross-tissue: 0/0 concordant.
2026-05-05 21:07:44 [INFO] riker.phases.phase5_replication: Gene BICDL2: survived — Same-tissue replication: 2/2 concordant. Cross-tissue: 0/0 concordant.
2026-05-05 21:07:44 [INFO] riker.phases.phase5_replication: Gene CAPS: survived — Same-tissue replication: 2/2 concordant. Cross-tissue: 0/0 concordant.
2026-05-05 21:07:44 [INFO] riker.phases.phase5_replication: Gene CORO2A: survived — Same-tissue replication: 2/2 concordant. Cross-tissue: 0/0 concordant.
2026-05-05 21:07:44 [INFO] riker.phases.phase5_replication: Gene DENND1B: survived — Same-tissue replication: 2/2 concordant. Cross-tissue: 0/0 concordant.
2026-05-05 21:07:44 [INFO] riker.phases.phase5_replication: Gene DNAJC1: survived — Same-tissue replication: 2/2 concordant. Cross-tissue: 0/0 concordant.
2026-05-05 21:07:44 [INFO] riker.phases.phase5_replication: Gene DPP3: survived — Same-tissue replication: 2/2 concordant. Cross-tissue: 0/0 concordant.
2026-05-05 21:07:44 [INFO] riker.phases.phase5_replication: Gene FAAH2: survived — Same-tissue replication: 2/2 concordant. Cross-tissue: 0/0 concordant.
2026-05-05 21:07:44 [INFO] riker.phases.phase5_replication: Gene FANCF: survived — Same-tissue replication: 2/2 concordant. Cross-tissue: 0/0 concordant.
2026-05-05 21:07:44 [INFO] riker.phases.phase5_replication: Gene FOXO6: survived — Same-tissue replication: 2/2 concordant. Cross-tissue: 0/0 concordant.
2026-05-05 21:07:44 [INFO] riker.phases.phase5_replication: Gene H2BC6: survived — Same-tissue replication: 2/2 concordant. Cross-tissue: 0/0 concordant.
2026-05-05 21:07:44 [INFO] riker.phases.phase5_replication: Gene LAGE3: survived — Same-tissue replication: 2/2 concordant. Cross-tissue: 0/0 concordant.
2026-05-05 21:07:44 [INFO] riker.phases.phase5_replication: Gene MMEL1: survived — Same-tissue replication: 2/2 concordant. Cross-tissue: 0/0 concordant.
2026-05-05 21:07:44 [INFO] riker.phases.phase5_replication: Gene NECTIN4: survived — Same-tissue replication: 2/2 concordant. Cross-tissue: 0/0 concordant.
2026-05-05 21:07:44 [INFO] riker.phases.phase5_replication: Gene PLS1: survived — Same-tissue replication: 2/2 concordant. Cross-tissue: 0/0 concordant.
2026-05-05 21:07:44 [INFO] riker.phases.phase5_replication: Gene RAB17: survived — Same-tissue replication: 1/2 concordant. Cross-tissue: 0/0 concordant.
2026-05-05 21:07:44 [INFO] riker.phases.phase5_replication: Gene RAP1GAP: survived — Same-tissue replication: 2/2 concordant. Cross-tissue: 0/0 concordant.
2026-05-05 21:07:44 [INFO] riker.phases.phase5_replication: Gene RMI1: survived — Same-tissue replication: 2/2 concordant. Cross-tissue: 0/0 concordant.
2026-05-05 21:07:44 [INFO] riker.phases.phase5_replication: Gene ROGDI: survived — Same-tissue replication: 2/2 concordant. Cross-tissue: 0/0 concordant.
2026-05-05 21:07:44 [INFO] riker.phases.phase5_replication: Gene SERTAD4: survived — Same-tissue replication: 2/2 concordant. Cross-tissue: 0/0 concordant.
2026-05-05 21:07:44 [INFO] riker.phases.phase5_replication: Gene SIX4: survived — Same-tissue replication: 2/2 concordant. Cross-tissue: 0/0 concordant.
2026-05-05 21:07:44 [INFO] riker.phases.phase5_replication: Gene TAPBP: survived — Same-tissue replication: 2/2 concordant. Cross-tissue: 0/0 concordant.
2026-05-05 21:07:44 [INFO] riker.phases.phase5_replication: Gene ZNF587B: survived — Same-tissue replication: 2/2 concordant. Cross-tissue: 0/0 concordant.
2026-05-05 21:07:44 [INFO] riker.phases.phase5_replication: Cluster 0: failed (2/5 survived, 3 eliminated)
2026-05-05 21:07:44 [INFO] riker.phases.phase5_replication: Cluster 1: replicated (20/20 survived, 0 eliminated)
2026-05-05 21:07:44 [INFO] riker.phases.phase5_replication: Cluster 2: replicated (9/9 survived, 0 eliminated)
2026-05-05 21:07:44 [INFO] riker.phases.phase5_replication: Cluster 3: replicated (5/5 survived, 0 eliminated)
2026-05-05 21:07:44 [INFO] riker.phases.phase5_replication: Cluster 4: partially_replicated (10/11 survived, 1 eliminated)
2026-05-05 21:07:44 [INFO] riker.phases.phase5_replication: Cluster 5: replicated (7/7 survived, 0 eliminated)
2026-05-05 21:07:44 [INFO] riker.phases.phase5_replication: Cluster 6: partially_replicated (5/7 survived, 2 eliminated)
2026-05-05 21:07:44 [INFO] riker.phases.phase5_replication: Cluster 8: replicated (15/15 survived, 0 eliminated)
2026-05-05 21:07:44 [INFO] riker.phases.phase5_replication: Cluster 9: replicated (17/17 survived, 0 eliminated)
2026-05-05 21:07:44 [INFO] riker.phases.phase5_replication: Cluster 10: replicated (11/11 survived, 0 eliminated)
2026-05-05 21:07:44 [INFO] riker.phases.phase5_replication: Cluster 11: partially_replicated (17/23 survived, 6 eliminated)
2026-05-05 21:07:44 [INFO] riker.phases.phase5_replication: Cluster 12: partially_replicated (4/6 survived, 2 eliminated)
2026-05-05 21:07:44 [INFO] riker.phases.phase5_replication: Cluster 13: partially_replicated (4/6 survived, 2 eliminated)
2026-05-05 21:07:44 [INFO] riker.phases.phase5_replication: Cluster 14: partially_replicated (6/9 survived, 3 eliminated)
2026-05-05 21:07:44 [INFO] riker.phases.phase5_replication: Cluster 15: replicated (4/4 survived, 0 eliminated)
2026-05-05 21:07:44 [INFO] riker.phases.phase5_replication: Cluster 16: partially_replicated (18/19 survived, 1 eliminated)
2026-05-05 21:07:44 [INFO] riker.phases.phase5_replication: Cluster 17: replicated (12/12 survived, 0 eliminated)
2026-05-05 21:07:44 [INFO] riker.phases.phase5_replication: Cluster 18: replicated (12/12 survived, 0 eliminated)
2026-05-05 21:07:44 [INFO] riker.phases.phase5_replication: Cluster 19: partially_replicated (3/5 survived, 2 eliminated)
2026-05-05 21:07:44 [INFO] riker.phases.phase5_replication: Cluster 20: partially_replicated (14/16 survived, 2 eliminated)
2026-05-05 21:07:44 [INFO] riker.phases.phase5_replication: Cluster 21: partially_replicated (13/17 survived, 4 eliminated)
2026-05-05 21:07:44 [INFO] riker.phases.phase5_replication: Cluster 22: partially_replicated (5/6 survived, 1 eliminated)
2026-05-05 21:07:44 [INFO] riker.phases.phase5_replication: Cluster 23: partially_replicated (2/4 survived, 2 eliminated)
2026-05-05 21:07:44 [INFO] riker.phases.phase5_replication: Cluster 24: partially_replicated (6/8 survived, 2 eliminated)
2026-05-05 21:07:44 [INFO] riker.phases.phase5_replication: Cluster 25: replicated (3/3 survived, 0 eliminated)
2026-05-05 21:07:44 [INFO] riker.phases.phase5_replication: Cluster 29: replicated (9/9 survived, 0 eliminated)
2026-05-05 21:07:44 [INFO] riker.phases.phase5_replication: Cluster 30: replicated (6/6 survived, 0 eliminated)
2026-05-05 21:07:44 [INFO] riker.phases.phase5_replication: Cluster 31: partially_replicated (15/17 survived, 2 eliminated)
2026-05-05 21:07:44 [INFO] riker.phases.phase5_replication: Cluster 32: partially_replicated (6/7 survived, 1 eliminated)
2026-05-05 21:07:44 [INFO] riker.phases.phase5_replication: Cluster 33: replicated (8/8 survived, 0 eliminated)
2026-05-05 21:07:44 [INFO] riker.phases.phase5_replication: Cluster 36: failed (3/7 survived, 4 eliminated)
2026-05-05 21:07:44 [INFO] riker.phases.phase5_replication: Cluster 37: replicated (12/12 survived, 0 eliminated)
2026-05-05 21:07:44 [INFO] riker.phases.phase5_replication: Cluster 38: partially_replicated (9/10 survived, 1 eliminated)
2026-05-05 21:07:44 [INFO] riker.phases.phase5_replication: Cluster 39: replicated (4/4 survived, 0 eliminated)
2026-05-05 21:07:44 [INFO] riker.phases.phase5_replication: Cluster 40: replicated (6/6 survived, 0 eliminated)
2026-05-05 21:07:44 [INFO] riker.phases.phase5_replication: Cluster 41: partially_replicated (12/13 survived, 1 eliminated)
2026-05-05 21:07:44 [INFO] riker.phases.phase5_replication: Cluster 42: failed (1/3 survived, 2 eliminated)
2026-05-05 21:07:44 [INFO] riker.phases.phase5_replication: Cluster 46: replicated (5/5 survived, 0 eliminated)
2026-05-05 21:07:44 [INFO] riker.phases.phase5_replication: Cluster 47: replicated (5/5 survived, 0 eliminated)
2026-05-05 21:07:44 [INFO] riker.phases.phase5_replication: Cluster 48: replicated (4/4 survived, 0 eliminated)
2026-05-05 21:07:44 [INFO] riker.phases.phase5_replication: Cluster 49: partially_replicated (7/8 survived, 1 eliminated)
2026-05-05 21:07:44 [INFO] riker.phases.phase5_replication: Cluster 50: replicated (8/8 survived, 0 eliminated)
2026-05-05 21:07:44 [INFO] riker.phases.phase5_replication: Cluster 51: replicated (9/9 survived, 0 eliminated)
2026-05-05 21:07:44 [INFO] riker.phases.phase5_replication: Cluster 52: partially_replicated (5/7 survived, 2 eliminated)
2026-05-05 21:07:44 [INFO] riker.phases.phase5_replication: Cluster 53: partially_replicated (8/9 survived, 1 eliminated)
2026-05-05 21:07:44 [INFO] riker.phases.phase5_replication: Cluster 54: partially_replicated (3/4 survived, 1 eliminated)
2026-05-05 21:07:44 [INFO] riker.phases.phase5_replication: Cluster 55: replicated (3/3 survived, 0 eliminated)
2026-05-05 21:07:44 [INFO] riker.phases.phase5_replication: Cluster 56: replicated (4/4 survived, 0 eliminated)
2026-05-05 21:07:44 [INFO] riker.phases.phase5_replication: Cluster 58: replicated (9/9 survived, 0 eliminated)
2026-05-05 21:07:44 [INFO] riker.phases.phase5_replication: Cluster 59: replicated (11/11 survived, 0 eliminated)
2026-05-05 21:07:44 [INFO] riker.phases.phase5_replication: Cluster 60: partially_replicated (23/24 survived, 1 eliminated)
2026-05-05 21:07:44 [INFO] riker.phases.phase5_replication: Cluster 61: partially_replicated (5/6 survived, 1 eliminated)
2026-05-05 21:07:44 [INFO] riker.phases.phase5_replication: Cluster 62: partially_replicated (15/16 survived, 1 eliminated)
2026-05-05 21:07:44 [INFO] riker.phases.phase5_replication: Cluster 63: partially_replicated (12/13 survived, 1 eliminated)
2026-05-05 21:07:44 [INFO] riker.phases.phase5_replication: Cluster 64: partially_replicated (3/5 survived, 2 eliminated)
2026-05-05 21:07:44 [INFO] riker.phases.phase5_replication: Cluster 65: replicated (28/28 survived, 0 eliminated)
2026-05-05 21:07:44 [INFO] riker.phases.phase5_replication: Cluster 66: partially_replicated (9/10 survived, 1 eliminated)
2026-05-05 21:07:44 [INFO] riker.phases.phase5_replication: Cluster 67: replicated (11/11 survived, 0 eliminated)
2026-05-05 21:07:44 [INFO] riker.phases.phase5_replication: Cluster 68: partially_replicated (4/5 survived, 1 eliminated)
2026-05-05 21:07:44 [INFO] riker.phases.phase5_replication: Cluster 69: partially_replicated (3/6 survived, 3 eliminated)
2026-05-05 21:07:44 [INFO] riker.phases.phase5_replication: Cluster 70: partially_replicated (6/7 survived, 1 eliminated)
2026-05-05 21:07:44 [INFO] riker.phases.phase5_replication: Cluster 72: replicated (12/12 survived, 0 eliminated)
2026-05-05 21:07:44 [INFO] riker.phases.phase5_replication: Cluster 73: replicated (5/5 survived, 0 eliminated)
2026-05-05 21:07:44 [INFO] riker.phases.phase5_replication: Cluster 74: replicated (6/6 survived, 0 eliminated)
2026-05-05 21:07:44 [INFO] riker.phases.phase5_replication: Cluster 75: partially_replicated (6/8 survived, 2 eliminated)
2026-05-05 21:07:44 [INFO] riker.phases.phase5_replication: Cluster 76: replicated (3/3 survived, 0 eliminated)
2026-05-05 21:07:44 [INFO] riker.phases.phase5_replication: Cluster 78: partially_replicated (2/3 survived, 1 eliminated)
2026-05-05 21:07:44 [INFO] riker.phases.phase5_replication: Cluster 79: partially_replicated (3/5 survived, 2 eliminated)
2026-05-05 21:07:44 [INFO] riker.phases.phase5_replication: Cluster 80: partially_replicated (10/14 survived, 4 eliminated)
2026-05-05 21:07:44 [INFO] riker.phases.phase5_replication: Cluster 81: replicated (4/4 survived, 0 eliminated)
2026-05-05 21:07:44 [INFO] riker.phases.phase5_replication: Cluster 82: replicated (15/15 survived, 0 eliminated)
2026-05-05 21:07:44 [INFO] riker.phases.phase5_replication: Cluster 83: replicated (3/3 survived, 0 eliminated)
2026-05-05 21:07:44 [INFO] riker.phases.phase5_replication: Cluster 85: partially_replicated (4/5 survived, 1 eliminated)
2026-05-05 21:07:44 [INFO] riker.phases.phase5_replication: Cluster 86: partially_replicated (14/16 survived, 2 eliminated)
2026-05-05 21:07:44 [INFO] riker.phases.phase5_replication: Cluster 87: replicated (8/8 survived, 0 eliminated)
2026-05-05 21:07:44 [INFO] riker.phases.phase5_replication: Cluster 93: replicated (7/7 survived, 0 eliminated)
2026-05-05 21:07:44 [INFO] riker.phases.phase5_replication: Cluster 94: partially_replicated (8/9 survived, 1 eliminated)
2026-05-05 21:07:44 [INFO] riker.phases.phase5_replication: Cluster 95: partially_replicated (4/5 survived, 1 eliminated)
2026-05-05 21:07:44 [INFO] riker.phases.phase5_replication: Cluster 96: partially_replicated (8/9 survived, 1 eliminated)
2026-05-05 21:07:44 [INFO] riker.phases.phase5_replication: Cluster 97: replicated (3/3 survived, 0 eliminated)
2026-05-05 21:07:44 [INFO] riker.phases.phase5_replication: Cluster 98: partially_replicated (5/6 survived, 1 eliminated)
2026-05-05 21:07:44 [INFO] riker.phases.phase5_replication: Cluster 99: replicated (5/5 survived, 0 eliminated)
2026-05-05 21:07:44 [INFO] riker.phases.phase5_replication: Cluster 100: failed (1/5 survived, 4 eliminated)
2026-05-05 21:07:44 [INFO] riker.phases.phase5_replication: Cluster 101: failed (0/5 survived, 5 eliminated)
2026-05-05 21:07:44 [INFO] riker.phases.phase5_replication: Cluster 102: partially_replicated (3/4 survived, 1 eliminated)
2026-05-05 21:07:44 [INFO] riker.phases.phase5_replication: Cluster 107: replicated (12/12 survived, 0 eliminated)
2026-05-05 21:07:44 [INFO] riker.phases.phase5_replication: Cluster 108: replicated (5/5 survived, 0 eliminated)
2026-05-05 21:07:44 [INFO] riker.phases.phase5_replication: Cluster 109: partially_replicated (9/10 survived, 1 eliminated)
2026-05-05 21:07:44 [INFO] riker.phases.phase5_replication: Cluster 110: partially_replicated (5/6 survived, 1 eliminated)
2026-05-05 21:07:44 [INFO] riker.phases.phase5_replication: Cluster 111: partially_replicated (7/8 survived, 1 eliminated)
2026-05-05 21:07:44 [INFO] riker.phases.phase5_replication: Cluster 113: replicated (3/3 survived, 0 eliminated)
2026-05-05 21:07:44 [INFO] riker.phases.phase5_replication: Cluster 114: replicated (4/4 survived, 0 eliminated)
2026-05-05 21:07:44 [INFO] riker.phases.phase5_replication: Cluster 115: partially_replicated (5/7 survived, 2 eliminated)
2026-05-05 21:07:44 [INFO] riker.phases.phase5_replication: Cluster 116: replicated (11/11 survived, 0 eliminated)
2026-05-05 21:07:44 [INFO] riker.phases.phase5_replication: Cluster 117: replicated (9/9 survived, 0 eliminated)
2026-05-05 21:07:44 [INFO] riker.phases.phase5_replication: Cluster 118: replicated (4/4 survived, 0 eliminated)
2026-05-05 21:07:44 [INFO] riker.phases.phase5_replication: Cluster 119: partially_replicated (3/5 survived, 2 eliminated)
2026-05-05 21:07:44 [INFO] riker.phases.phase5_replication: Cluster 120: replicated (5/5 survived, 0 eliminated)
2026-05-05 21:07:44 [INFO] riker.phases.phase5_replication: Cluster 121: replicated (8/8 survived, 0 eliminated)
2026-05-05 21:07:44 [INFO] riker.phases.phase5_replication: Cluster 124: partially_replicated (19/20 survived, 1 eliminated)
2026-05-05 21:07:44 [INFO] riker.phases.phase5_replication: Cluster 125: partially_replicated (5/6 survived, 1 eliminated)
2026-05-05 21:07:44 [INFO] riker.phases.phase5_replication: Cluster 126: partially_replicated (4/5 survived, 1 eliminated)
2026-05-05 21:07:44 [INFO] riker.phases.phase5_replication: Cluster 127: partially_replicated (6/7 survived, 1 eliminated)
2026-05-05 21:07:44 [INFO] riker.phases.phase5_replication: Cluster 128: partially_replicated (5/6 survived, 1 eliminated)
2026-05-05 21:07:44 [INFO] riker.phases.phase5_replication: Cluster 129: partially_replicated (9/12 survived, 3 eliminated)
2026-05-05 21:07:44 [INFO] riker.phases.phase5_replication: Cluster 130: partially_replicated (11/13 survived, 2 eliminated)
2026-05-05 21:07:44 [INFO] riker.phases.phase5_replication: Cluster 131: replicated (3/3 survived, 0 eliminated)
2026-05-05 21:07:44 [INFO] riker.phases.phase5_replication: Cluster 132: partially_replicated (8/10 survived, 2 eliminated)
2026-05-05 21:07:44 [INFO] riker.phases.phase5_replication: Cluster 133: replicated (16/16 survived, 0 eliminated)
2026-05-05 21:07:44 [INFO] riker.phases.phase5_replication: Cluster 134: replicated (5/5 survived, 0 eliminated)
2026-05-05 21:07:44 [INFO] riker.phases.phase5_replication: Cluster 135: partially_replicated (10/11 survived, 1 eliminated)
2026-05-05 21:07:44 [INFO] riker.phases.phase5_replication: Cluster 138: failed (1/5 survived, 4 eliminated)
2026-05-05 21:07:44 [INFO] riker.phases.phase5_replication: Cluster 139: partially_replicated (5/6 survived, 1 eliminated)
2026-05-05 21:07:44 [INFO] riker.phases.phase5_replication: Cluster 140: partially_replicated (2/4 survived, 2 eliminated)
2026-05-05 21:07:44 [INFO] riker.phases.phase5_replication: Cluster 141: partially_replicated (6/7 survived, 1 eliminated)
2026-05-05 21:07:44 [INFO] riker.phases.phase5_replication: Cluster 142: partially_replicated (12/13 survived, 1 eliminated)
2026-05-05 21:07:44 [INFO] riker.phases.phase5_replication: Cluster 143: partially_replicated (6/7 survived, 1 eliminated)
2026-05-05 21:07:44 [INFO] riker.phases.phase5_replication: Cluster 144: replicated (4/4 survived, 0 eliminated)
2026-05-05 21:07:44 [INFO] riker.phases.phase5_replication: Cluster 146: partially_replicated (3/5 survived, 2 eliminated)
2026-05-05 21:07:44 [INFO] riker.phases.phase5_replication: Cluster 147: partially_replicated (16/19 survived, 3 eliminated)
2026-05-05 21:07:44 [INFO] riker.phases.phase5_replication: Cluster 148: replicated (12/12 survived, 0 eliminated)
2026-05-05 21:07:44 [INFO] riker.phases.phase5_replication: Cluster 149: replicated (6/6 survived, 0 eliminated)
2026-05-05 21:07:44 [INFO] riker.phases.phase5_replication: Cluster 150: replicated (6/6 survived, 0 eliminated)
2026-05-05 21:07:44 [INFO] riker.phases.phase5_replication: Cluster 151: replicated (20/20 survived, 0 eliminated)
2026-05-05 21:07:44 [INFO] riker.phases.phase5_replication: Cluster 152: partially_replicated (9/10 survived, 1 eliminated)
2026-05-05 21:07:44 [INFO] riker.phases.phase5_replication: Cluster 153: replicated (9/9 survived, 0 eliminated)
2026-05-05 21:07:44 [INFO] riker.phases.phase5_replication: Cluster 154: replicated (6/6 survived, 0 eliminated)
2026-05-05 21:07:44 [INFO] riker.phases.phase5_replication: Cluster 155: replicated (13/13 survived, 0 eliminated)
2026-05-05 21:07:44 [INFO] riker.phases.phase5_replication: Cluster 156: partially_replicated (2/4 survived, 2 eliminated)
2026-05-05 21:07:44 [INFO] riker.phases.phase5_replication: Cluster 157: partially_replicated (9/12 survived, 3 eliminated)
2026-05-05 21:07:44 [INFO] riker.phases.phase5_replication: Cluster 158: replicated (5/5 survived, 0 eliminated)
2026-05-05 21:07:44 [INFO] riker.phases.phase5_replication: Cluster 159: partially_replicated (2/3 survived, 1 eliminated)
2026-05-05 21:07:44 [INFO] riker.phases.phase5_replication: Cluster 160: replicated (5/5 survived, 0 eliminated)
2026-05-05 21:07:44 [INFO] riker.phases.phase5_replication: Cluster 161: partially_replicated (2/4 survived, 2 eliminated)
2026-05-05 21:07:44 [INFO] riker.phases.phase5_replication: Cluster 162: replicated (11/11 survived, 0 eliminated)
2026-05-05 21:07:44 [INFO] riker.phases.phase5_replication: Cluster 163: partially_replicated (4/5 survived, 1 eliminated)
2026-05-05 21:07:44 [INFO] riker.phases.phase5_replication: Cluster 164: failed (1/6 survived, 5 eliminated)
2026-05-05 21:07:44 [INFO] riker.phases.phase5_replication: Cluster 165: replicated (3/3 survived, 0 eliminated)
2026-05-05 21:07:44 [INFO] riker.phases.phase5_replication: Cluster 166: partially_replicated (17/19 survived, 2 eliminated)
2026-05-05 21:07:44 [INFO] riker.phases.phase5_replication: Cluster 167: partially_replicated (14/16 survived, 2 eliminated)
2026-05-05 21:07:44 [INFO] riker.phases.phase5_replication: Cluster 168: partially_replicated (7/9 survived, 2 eliminated)
2026-05-05 21:07:44 [INFO] riker.phases.phase5_replication: Cluster 169: replicated (6/6 survived, 0 eliminated)
2026-05-05 21:07:44 [INFO] riker.phases.phase5_replication: Cluster 170: replicated (7/7 survived, 0 eliminated)
2026-05-05 21:07:44 [INFO] riker.phases.phase5_replication: Cluster 171: partially_replicated (8/9 survived, 1 eliminated)
2026-05-05 21:07:44 [INFO] riker.phases.phase5_replication: Cluster 172: replicated (4/4 survived, 0 eliminated)
2026-05-05 21:07:44 [INFO] riker.phases.phase5_replication: Cluster 173: partially_replicated (27/31 survived, 4 eliminated)
2026-05-05 21:07:44 [INFO] riker.phases.phase5_replication: Cluster 174: partially_replicated (9/10 survived, 1 eliminated)
2026-05-05 21:07:44 [INFO] riker.phases.phase5_replication: Cluster 175: replicated (7/7 survived, 0 eliminated)
2026-05-05 21:07:44 [INFO] riker.phases.phase5_replication: Cluster 176: replicated (10/10 survived, 0 eliminated)
2026-05-05 21:07:44 [INFO] riker.phases.phase5_replication: Cluster 177: replicated (5/5 survived, 0 eliminated)
2026-05-05 21:07:44 [INFO] riker.phases.phase5_replication: Cluster 178: replicated (8/8 survived, 0 eliminated)
2026-05-05 21:07:44 [INFO] riker.phases.phase5_replication: Cluster 179: partially_replicated (12/14 survived, 2 eliminated)
2026-05-05 21:07:44 [INFO] riker.phases.phase5_replication: Cluster 180: replicated (5/5 survived, 0 eliminated)
2026-05-05 21:07:44 [INFO] riker.phases.phase5_replication: Cluster 181: partially_replicated (10/11 survived, 1 eliminated)
2026-05-05 21:07:44 [INFO] riker.phases.phase5_replication: Cluster 182: replicated (4/4 survived, 0 eliminated)
2026-05-05 21:07:44 [INFO] riker.phases.phase5_replication: Cluster 183: partially_replicated (4/5 survived, 1 eliminated)
2026-05-05 21:07:44 [INFO] riker.phases.phase5_replication: Cluster 184: replicated (6/6 survived, 0 eliminated)
2026-05-05 21:07:44 [INFO] riker.phases.phase5_replication: Cluster 185: replicated (5/5 survived, 0 eliminated)
2026-05-05 21:07:44 [INFO] riker.phases.phase5_replication: Cluster 186: partially_replicated (2/3 survived, 1 eliminated)
2026-05-05 21:07:44 [INFO] riker.phases.phase5_replication: Cluster 188: replicated (10/10 survived, 0 eliminated)
2026-05-05 21:07:44 [INFO] riker.phases.phase5_replication: Cluster 189: replicated (10/10 survived, 0 eliminated)
2026-05-05 21:07:44 [INFO] riker.phases.phase5_replication: Cluster 190: replicated (4/4 survived, 0 eliminated)
2026-05-05 21:07:44 [INFO] riker.phases.phase5_replication: Cluster 191: partially_replicated (14/16 survived, 2 eliminated)
2026-05-05 21:07:44 [INFO] riker.phases.phase5_replication: Cluster 192: replicated (4/4 survived, 0 eliminated)
2026-05-05 21:07:44 [INFO] riker.phases.phase5_replication: Cluster 193: partially_replicated (43/44 survived, 1 eliminated)
2026-05-05 21:07:44 [INFO] riker.phases.phase5_replication: Cluster 194: partially_replicated (6/8 survived, 2 eliminated)
2026-05-05 21:07:44 [INFO] riker.phases.phase5_replication: Cluster 195: partially_replicated (8/9 survived, 1 eliminated)
2026-05-05 21:07:44 [INFO] riker.phases.phase5_replication: Cluster 196: partially_replicated (4/6 survived, 2 eliminated)
2026-05-05 21:07:44 [INFO] riker.phases.phase5_replication: Cluster 197: partially_replicated (7/8 survived, 1 eliminated)
2026-05-05 21:07:44 [INFO] riker.phases.phase5_replication: Cluster 198: replicated (14/14 survived, 0 eliminated)
2026-05-05 21:07:44 [INFO] riker.phases.phase5_replication: Cluster 199: replicated (7/7 survived, 0 eliminated)
2026-05-05 21:07:44 [INFO] riker.phases.phase5_replication: Cluster 200: replicated (4/4 survived, 0 eliminated)
2026-05-05 21:07:44 [INFO] riker.phases.phase5_replication: Cluster 203: failed (2/5 survived, 3 eliminated)
2026-05-05 21:07:44 [INFO] riker.phases.phase5_replication: Cluster 204: replicated (3/3 survived, 0 eliminated)
2026-05-05 21:07:44 [INFO] riker.phases.phase5_replication: Cluster 205: partially_replicated (6/7 survived, 1 eliminated)
2026-05-05 21:07:44 [INFO] riker.phases.phase5_replication: Cluster 206: replicated (7/7 survived, 0 eliminated)
2026-05-05 21:07:44 [INFO] riker.phases.phase5_replication: Cluster 207: replicated (14/14 survived, 0 eliminated)
2026-05-05 21:07:44 [INFO] riker.phases.phase5_replication: Cluster 208: replicated (11/11 survived, 0 eliminated)
2026-05-05 21:07:44 [INFO] riker.phases.phase5_replication: Cluster 209: replicated (5/5 survived, 0 eliminated)
2026-05-05 21:07:44 [INFO] riker.phases.phase5_replication: Cluster 210: replicated (12/12 survived, 0 eliminated)
2026-05-05 21:07:44 [INFO] riker.phases.phase5_replication: Cluster 211: partially_replicated (13/14 survived, 1 eliminated)
2026-05-05 21:07:44 [INFO] riker.phases.phase5_replication: Cluster 212: replicated (16/16 survived, 0 eliminated)
2026-05-05 21:07:44 [INFO] riker.phases.phase5_replication: Cluster 213: replicated (9/9 survived, 0 eliminated)
2026-05-05 21:07:44 [INFO] riker.phases.phase5_replication: Cluster 214: replicated (7/7 survived, 0 eliminated)
2026-05-05 21:07:44 [INFO] riker.phases.phase5_replication: Cluster 215: replicated (11/11 survived, 0 eliminated)
2026-05-05 21:07:44 [INFO] riker.phases.phase5_replication: Cluster 216: replicated (11/11 survived, 0 eliminated)
2026-05-05 21:07:44 [INFO] riker.phases.phase5_replication: Cluster 217: partially_replicated (2/4 survived, 2 eliminated)
2026-05-05 21:07:44 [INFO] riker.phases.phase5_replication: Cluster 219: replicated (9/9 survived, 0 eliminated)
2026-05-05 21:07:44 [INFO] riker.phases.phase5_replication: Cluster 220: replicated (9/9 survived, 0 eliminated)
2026-05-05 21:07:44 [INFO] riker.phases.phase5_replication: Cluster 221: partially_replicated (7/8 survived, 1 eliminated)
2026-05-05 21:07:44 [INFO] riker.phases.phase5_replication: Cluster 222: replicated (11/11 survived, 0 eliminated)
2026-05-05 21:07:44 [INFO] riker.phases.phase5_replication: Cluster 223: replicated (10/10 survived, 0 eliminated)
2026-05-05 21:07:44 [INFO] riker.phases.phase5_replication: Cluster 224: partially_replicated (9/10 survived, 1 eliminated)
2026-05-05 21:07:44 [INFO] riker.phases.phase5_replication: Cluster 225: replicated (8/8 survived, 0 eliminated)
2026-05-05 21:07:44 [INFO] riker.phases.phase5_replication: Cluster 226: replicated (10/10 survived, 0 eliminated)
2026-05-05 21:07:44 [INFO] riker.phases.phase5_replication: Cluster 227: replicated (11/11 survived, 0 eliminated)
2026-05-05 21:07:44 [INFO] riker.phases.phase5_replication: Cluster 228: replicated (6/6 survived, 0 eliminated)
2026-05-05 21:07:44 [INFO] riker.phases.phase5_replication: Cluster 230: partially_replicated (4/7 survived, 3 eliminated)
2026-05-05 21:07:44 [INFO] riker.phases.phase5_replication: Cluster 231: partially_replicated (3/4 survived, 1 eliminated)
2026-05-05 21:07:44 [INFO] riker.phases.phase5_replication: Cluster 232: replicated (3/3 survived, 0 eliminated)
2026-05-05 21:07:44 [INFO] riker.phases.phase5_replication: Cluster 233: replicated (10/10 survived, 0 eliminated)
2026-05-05 21:07:44 [INFO] riker.phases.phase5_replication: Cluster 234: replicated (12/12 survived, 0 eliminated)
2026-05-05 21:07:44 [INFO] riker.phases.phase5_replication: Cluster 235: replicated (11/11 survived, 0 eliminated)
2026-05-05 21:07:44 [INFO] riker.phases.phase5_replication: Cluster 236: replicated (3/3 survived, 0 eliminated)
2026-05-05 21:07:44 [INFO] riker.phases.phase5_replication: Cluster 237: replicated (12/12 survived, 0 eliminated)
2026-05-05 21:07:44 [INFO] riker.phases.phase5_replication: Cluster 238: partially_replicated (12/14 survived, 2 eliminated)
2026-05-05 21:07:44 [INFO] riker.phases.phase5_replication: Cluster 239: replicated (6/6 survived, 0 eliminated)
2026-05-05 21:07:44 [INFO] riker.phases.phase5_replication: Cluster 240: replicated (7/7 survived, 0 eliminated)
2026-05-05 21:07:44 [INFO] riker.phases.phase5_replication: Cluster 241: partially_replicated (9/12 survived, 3 eliminated)
2026-05-05 21:07:44 [INFO] riker.phases.phase5_replication: Cluster 242: partially_replicated (5/7 survived, 2 eliminated)
2026-05-05 21:07:44 [INFO] riker.phases.phase5_replication: Cluster 243: partially_replicated (7/8 survived, 1 eliminated)
2026-05-05 21:07:44 [INFO] riker.phases.phase5_replication: Cluster 244: partially_replicated (19/28 survived, 9 eliminated)
2026-05-05 21:07:44 [INFO] riker.phases.phase5_replication: Cluster 245: replicated (7/7 survived, 0 eliminated)
2026-05-05 21:07:44 [INFO] riker.phases.phase5_replication: Cluster 246: replicated (6/6 survived, 0 eliminated)
2026-05-05 21:07:44 [INFO] riker.phases.phase5_replication: Cluster 247: replicated (6/6 survived, 0 eliminated)
2026-05-05 21:07:44 [INFO] riker.phases.phase5_replication: Cluster 248: partially_replicated (4/6 survived, 2 eliminated)
2026-05-05 21:07:44 [INFO] riker.phases.phase5_replication: Cluster 249: partially_replicated (10/11 survived, 1 eliminated)
2026-05-05 21:07:44 [INFO] riker.phases.phase5_replication: Cluster 250: replicated (6/6 survived, 0 eliminated)
2026-05-05 21:07:44 [INFO] riker.phases.phase5_replication: Cluster 251: partially_replicated (8/9 survived, 1 eliminated)
2026-05-05 21:07:44 [INFO] riker.phases.phase5_replication: Cluster 252: partially_replicated (6/8 survived, 2 eliminated)
2026-05-05 21:07:44 [INFO] riker.phases.phase5_replication: Cluster 253: partially_replicated (4/5 survived, 1 eliminated)
2026-05-05 21:07:44 [INFO] riker.phases.phase5_replication: Cluster 254: partially_replicated (8/11 survived, 3 eliminated)
2026-05-05 21:07:44 [INFO] riker.phases.phase5_replication: Cluster 256: partially_replicated (2/3 survived, 1 eliminated)
2026-05-05 21:07:44 [INFO] riker.phases.phase5_replication: Cluster 257: partially_replicated (3/6 survived, 3 eliminated)
2026-05-05 21:07:44 [INFO] riker.phases.phase5_replication: Cluster 258: partially_replicated (8/10 survived, 2 eliminated)
2026-05-05 21:07:44 [INFO] riker.phases.phase5_replication: Cluster 260: replicated (7/7 survived, 0 eliminated)
2026-05-05 21:07:44 [INFO] riker.phases.phase5_replication: Cluster 261: replicated (15/15 survived, 0 eliminated)
2026-05-05 21:07:44 [INFO] riker.phases.phase5_replication: Cluster 262: partially_replicated (7/8 survived, 1 eliminated)
2026-05-05 21:07:44 [INFO] riker.phases.phase5_replication: Cluster 263: replicated (8/8 survived, 0 eliminated)
2026-05-05 21:07:44 [INFO] riker.phases.phase5_replication: Cluster 264: replicated (6/6 survived, 0 eliminated)
2026-05-05 21:07:44 [INFO] riker.phases.phase5_replication: Cluster 265: replicated (3/3 survived, 0 eliminated)
2026-05-05 21:07:44 [INFO] riker.phases.phase5_replication: Cluster 266: partially_replicated (4/5 survived, 1 eliminated)
2026-05-05 21:07:44 [INFO] riker.phases.phase5_replication: Cluster 267: replicated (6/6 survived, 0 eliminated)
2026-05-05 21:07:44 [INFO] riker.phases.phase5_replication: Cluster 268: replicated (11/11 survived, 0 eliminated)
2026-05-05 21:07:44 [INFO] riker.phases.phase5_replication: Cluster 269: replicated (12/12 survived, 0 eliminated)
2026-05-05 21:07:44 [INFO] riker.phases.phase5_replication: Cluster 270: replicated (9/9 survived, 0 eliminated)
2026-05-05 21:07:44 [INFO] riker.phases.phase5_replication: Cluster 271: replicated (6/6 survived, 0 eliminated)
2026-05-05 21:07:44 [INFO] riker.phases.phase5_replication: Cluster 272: replicated (5/5 survived, 0 eliminated)
2026-05-05 21:07:44 [INFO] riker.phases.phase5_replication: Cluster 273: replicated (6/6 survived, 0 eliminated)
2026-05-05 21:07:44 [INFO] riker.phases.phase5_replication: Cluster 274: replicated (6/6 survived, 0 eliminated)
2026-05-05 21:07:44 [INFO] riker.phases.phase5_replication: Cluster 275: replicated (9/9 survived, 0 eliminated)
2026-05-05 21:07:44 [INFO] riker.phases.phase5_replication: Cluster 276: replicated (6/6 survived, 0 eliminated)
2026-05-05 21:07:44 [INFO] riker.phases.phase5_replication: Cluster 277: replicated (12/12 survived, 0 eliminated)
2026-05-05 21:07:44 [INFO] riker.phases.phase5_replication: Cluster 278: replicated (5/5 survived, 0 eliminated)
2026-05-05 21:07:44 [INFO] riker.phases.phase5_replication: Cluster 279: partially_replicated (6/8 survived, 2 eliminated)
2026-05-05 21:07:44 [INFO] riker.phases.phase5_replication: Cluster 281: partially_replicated (4/5 survived, 1 eliminated)
2026-05-05 21:07:44 [INFO] riker.phases.phase5_replication: Cluster 282: partially_replicated (16/19 survived, 3 eliminated)
2026-05-05 21:07:44 [INFO] riker.phases.phase5_replication: Cluster 283: partially_replicated (8/10 survived, 2 eliminated)
2026-05-05 21:07:44 [INFO] riker.phases.phase5_replication: Cluster 284: replicated (13/13 survived, 0 eliminated)
2026-05-05 21:07:44 [INFO] riker.phases.phase5_replication: Cluster 285: partially_replicated (8/10 survived, 2 eliminated)
2026-05-05 21:07:44 [INFO] riker.phases.phase5_replication: Cluster 286: replicated (7/7 survived, 0 eliminated)
2026-05-05 21:07:44 [INFO] riker.phases.phase5_replication: Cluster 287: replicated (6/6 survived, 0 eliminated)
2026-05-05 21:07:44 [INFO] riker.phases.phase5_replication: Cluster 288: partially_replicated (53/54 survived, 1 eliminated)
2026-05-05 21:07:44 [INFO] riker.phases.phase5_replication: Cluster 289: replicated (8/8 survived, 0 eliminated)
2026-05-05 21:07:44 [INFO] riker.phases.phase5_replication: Cluster 290: replicated (3/3 survived, 0 eliminated)
2026-05-05 21:07:44 [INFO] riker.phases.phase5_replication: Cluster 291: replicated (7/7 survived, 0 eliminated)
2026-05-05 21:07:44 [INFO] riker.phases.phase5_replication: Cluster 292: replicated (35/35 survived, 0 eliminated)
2026-05-05 21:07:44 [INFO] riker.phases.phase5_replication: Cluster 293: partially_replicated (9/10 survived, 1 eliminated)
2026-05-05 21:07:44 [INFO] riker.phases.phase5_replication: Cluster 294: replicated (8/8 survived, 0 eliminated)
2026-05-05 21:07:44 [INFO] riker.phases.phase5_replication: Cluster 295: replicated (7/7 survived, 0 eliminated)
2026-05-05 21:07:44 [INFO] riker.phases.phase5_replication: Cluster 296: partially_replicated (13/14 survived, 1 eliminated)
2026-05-05 21:07:44 [INFO] riker.phases.phase5_replication: Cluster 297: replicated (10/10 survived, 0 eliminated)
2026-05-05 21:07:44 [INFO] riker.phases.phase5_replication: Cluster 298: replicated (3/3 survived, 0 eliminated)
2026-05-05 21:07:44 [INFO] riker.phases.phase5_replication: Cluster 299: partially_replicated (5/6 survived, 1 eliminated)
2026-05-05 21:07:44 [INFO] riker.phases.phase5_replication: Cluster 300: replicated (7/7 survived, 0 eliminated)
2026-05-05 21:07:44 [INFO] riker.phases.phase5_replication: Cluster 301: partially_replicated (12/15 survived, 3 eliminated)
2026-05-05 21:07:44 [INFO] riker.phases.phase5_replication: Cluster 302: replicated (4/4 survived, 0 eliminated)
2026-05-05 21:07:44 [INFO] riker.phases.phase5_replication: Cluster 303: replicated (3/3 survived, 0 eliminated)
2026-05-05 21:07:44 [INFO] riker.phases.phase5_replication: Cluster 304: partially_replicated (5/7 survived, 2 eliminated)
2026-05-05 21:07:44 [INFO] riker.phases.phase5_replication: Cluster 305: partially_replicated (3/4 survived, 1 eliminated)
2026-05-05 21:07:44 [INFO] riker.phases.phase5_replication: Cluster 306: partially_replicated (11/12 survived, 1 eliminated)
2026-05-05 21:07:44 [INFO] riker.phases.phase5_replication: Cluster 307: replicated (6/6 survived, 0 eliminated)
2026-05-05 21:07:44 [INFO] riker.phases.phase5_replication: Cluster 308: partially_replicated (10/11 survived, 1 eliminated)
2026-05-05 21:07:44 [INFO] riker.phases.phase5_replication: Cluster 309: partially_replicated (28/31 survived, 3 eliminated)
2026-05-05 21:07:44 [INFO] riker.phases.phase5_replication: Cluster 310: partially_replicated (7/8 survived, 1 eliminated)
2026-05-05 21:07:44 [INFO] riker.phases.phase5_replication: Cluster 311: partially_replicated (4/8 survived, 4 eliminated)
2026-05-05 21:07:44 [INFO] riker.phases.phase5_replication: Cluster 312: partially_replicated (7/10 survived, 3 eliminated)
2026-05-05 21:07:44 [INFO] riker.phases.phase5_replication: Cluster 313: partially_replicated (2/4 survived, 2 eliminated)
2026-05-05 21:07:44 [INFO] riker.phases.phase5_replication: Cluster 314: replicated (8/8 survived, 0 eliminated)
2026-05-05 21:07:44 [INFO] riker.phases.phase5_replication: Cluster 315: partially_replicated (4/6 survived, 2 eliminated)
2026-05-05 21:07:44 [INFO] riker.phases.phase5_replication: Cluster 316: replicated (9/9 survived, 0 eliminated)
2026-05-05 21:07:44 [INFO] riker.phases.phase5_replication: Cluster 317: replicated (9/9 survived, 0 eliminated)
2026-05-05 21:07:44 [INFO] riker.phases.phase5_replication: Cluster 318: replicated (3/3 survived, 0 eliminated)
2026-05-05 21:07:44 [INFO] riker.phases.phase5_replication: Cluster 319: replicated (3/3 survived, 0 eliminated)
2026-05-05 21:07:44 [INFO] riker.phases.phase5_replication: Cluster 320: replicated (12/12 survived, 0 eliminated)
2026-05-05 21:07:44 [INFO] riker.phases.phase5_replication: Cluster 321: partially_replicated (2/3 survived, 1 eliminated)
2026-05-05 21:07:44 [INFO] riker.phases.phase5_replication: Cluster 322: partially_replicated (4/6 survived, 2 eliminated)
2026-05-05 21:07:44 [INFO] riker.phases.phase5_replication: Cluster 323: replicated (9/9 survived, 0 eliminated)
2026-05-05 21:07:44 [INFO] riker.phases.phase5_replication: Cluster 324: replicated (5/5 survived, 0 eliminated)
2026-05-05 21:07:44 [INFO] riker.phases.phase5_replication: Cluster 325: replicated (8/8 survived, 0 eliminated)
2026-05-05 21:07:44 [INFO] riker.phases.phase5_replication: Cluster 326: replicated (6/6 survived, 0 eliminated)
2026-05-05 21:07:44 [INFO] riker.phases.phase5_replication: Cluster 327: replicated (6/6 survived, 0 eliminated)
2026-05-05 21:07:44 [INFO] riker.phases.phase5_replication: Cluster 328: replicated (5/5 survived, 0 eliminated)
2026-05-05 21:07:44 [INFO] riker.phases.phase5_replication: Cluster 329: replicated (7/7 survived, 0 eliminated)
2026-05-05 21:07:44 [INFO] riker.phases.phase5_replication: Cluster 330: replicated (5/5 survived, 0 eliminated)
2026-05-05 21:07:44 [INFO] riker.phases.phase5_replication: Cluster 331: replicated (6/6 survived, 0 eliminated)
2026-05-05 21:07:44 [INFO] riker.phases.phase5_replication: Cluster 333: partially_replicated (10/12 survived, 2 eliminated)
2026-05-05 21:07:44 [INFO] riker.phases.phase5_replication: Cluster 334: replicated (14/14 survived, 0 eliminated)
2026-05-05 21:07:44 [INFO] riker.phases.phase5_replication: Cluster 335: partially_replicated (4/5 survived, 1 eliminated)
2026-05-05 21:07:44 [INFO] riker.phases.phase5_replication: Cluster 336: partially_replicated (7/9 survived, 2 eliminated)
2026-05-05 21:07:44 [INFO] riker.phases.phase5_replication: Cluster 337: replicated (6/6 survived, 0 eliminated)
2026-05-05 21:07:44 [INFO] riker.phases.phase5_replication: Cluster 338: replicated (6/6 survived, 0 eliminated)
2026-05-05 21:07:44 [INFO] riker.phases.phase5_replication: Cluster 339: replicated (13/13 survived, 0 eliminated)
2026-05-05 21:07:44 [INFO] riker.phases.phase5_replication: Cluster 340: replicated (5/5 survived, 0 eliminated)
2026-05-05 21:07:44 [INFO] riker.phases.phase5_replication: Cluster 341: replicated (8/8 survived, 0 eliminated)
2026-05-05 21:07:44 [INFO] riker.phases.phase5_replication: Cluster 342: replicated (8/8 survived, 0 eliminated)
2026-05-05 21:07:44 [INFO] riker.phases.phase5_replication: Cluster 343: replicated (8/8 survived, 0 eliminated)
2026-05-05 21:07:44 [INFO] riker.phases.phase5_replication: Cluster 344: replicated (15/15 survived, 0 eliminated)
2026-05-05 21:07:44 [INFO] riker.phases.phase5_replication: Cluster 345: replicated (7/7 survived, 0 eliminated)
2026-05-05 21:07:44 [INFO] riker.phases.phase5_replication: Cluster 346: partially_replicated (5/7 survived, 2 eliminated)
2026-05-05 21:07:44 [INFO] riker.phases.phase5_replication: Cluster 347: replicated (5/5 survived, 0 eliminated)
2026-05-05 21:07:44 [INFO] riker.phases.phase5_replication: Cluster 348: replicated (10/10 survived, 0 eliminated)
2026-05-05 21:07:44 [INFO] riker.phases.phase5_replication: Cluster 349: replicated (5/5 survived, 0 eliminated)
2026-05-05 21:07:44 [INFO] riker.phases.phase5_replication: Cluster 350: replicated (15/15 survived, 0 eliminated)
2026-05-05 21:07:44 [INFO] riker.phases.phase5_replication: Cluster 351: partially_replicated (6/7 survived, 1 eliminated)
2026-05-05 21:07:44 [INFO] riker.phases.phase5_replication: Cluster 353: partially_replicated (2/3 survived, 1 eliminated)
2026-05-05 21:07:44 [INFO] riker.phases.phase5_replication: Cluster 354: replicated (8/8 survived, 0 eliminated)
2026-05-05 21:07:44 [INFO] riker.phases.phase5_replication: Cluster 355: partially_replicated (4/5 survived, 1 eliminated)
2026-05-05 21:07:44 [INFO] riker.phases.phase5_replication: Cluster 356: replicated (5/5 survived, 0 eliminated)
2026-05-05 21:07:44 [INFO] riker.phases.phase5_replication: Cluster 357: replicated (11/11 survived, 0 eliminated)
2026-05-05 21:07:44 [INFO] riker.phases.phase5_replication: Cluster 358: partially_replicated (14/16 survived, 2 eliminated)
2026-05-05 21:07:44 [INFO] riker.phases.phase5_replication: Cluster 359: replicated (10/10 survived, 0 eliminated)
2026-05-05 21:07:44 [INFO] riker.phases.phase5_replication: Cluster 360: replicated (5/5 survived, 0 eliminated)
2026-05-05 21:07:44 [INFO] riker.phases.phase5_replication: Cluster 361: replicated (8/8 survived, 0 eliminated)
2026-05-05 21:07:44 [INFO] riker.phases.phase5_replication: Cluster 362: replicated (11/11 survived, 0 eliminated)
2026-05-05 21:07:44 [INFO] riker.phases.phase5_replication: Cluster 363: replicated (6/6 survived, 0 eliminated)
2026-05-05 21:07:44 [INFO] riker.phases.phase5_replication: Cluster 364: replicated (5/5 survived, 0 eliminated)
2026-05-05 21:07:44 [INFO] riker.phases.phase5_replication: Cluster 365: replicated (11/11 survived, 0 eliminated)
2026-05-05 21:07:44 [INFO] riker.phases.phase5_replication: Cluster 366: replicated (14/14 survived, 0 eliminated)
2026-05-05 21:07:44 [INFO] riker.phases.phase5_replication: Cluster 367: replicated (4/4 survived, 0 eliminated)
2026-05-05 21:07:44 [INFO] riker.phases.phase5_replication: Cluster 368: replicated (4/4 survived, 0 eliminated)
2026-05-05 21:07:44 [INFO] riker.phases.phase5_replication: Cluster 369: replicated (7/7 survived, 0 eliminated)
2026-05-05 21:07:44 [INFO] riker.phases.phase5_replication: Cluster 370: replicated (7/7 survived, 0 eliminated)
2026-05-05 21:07:44 [INFO] riker.phases.phase5_replication: Cluster 371: replicated (7/7 survived, 0 eliminated)
2026-05-05 21:07:44 [INFO] riker.phases.phase5_replication: Cluster 372: replicated (4/4 survived, 0 eliminated)
2026-05-05 21:07:44 [INFO] riker.phases.phase5_replication: Cluster 373: partially_replicated (3/4 survived, 1 eliminated)
2026-05-05 21:07:44 [INFO] riker.phases.phase5_replication: Cluster 374: partially_replicated (5/8 survived, 3 eliminated)
2026-05-05 21:07:44 [INFO] riker.phases.phase5_replication: Cluster 375: partially_replicated (5/6 survived, 1 eliminated)
2026-05-05 21:07:44 [INFO] riker.phases.phase5_replication: Cluster 376: replicated (5/5 survived, 0 eliminated)
2026-05-05 21:07:44 [INFO] riker.phases.phase5_replication: Cluster 377: replicated (8/8 survived, 0 eliminated)
2026-05-05 21:07:44 [INFO] riker.phases.phase5_replication: Cluster 378: partially_replicated (6/7 survived, 1 eliminated)
2026-05-05 21:07:44 [INFO] riker.phases.phase5_replication: Cluster 379: partially_replicated (16/17 survived, 1 eliminated)
2026-05-05 21:07:44 [INFO] riker.phases.phase5_replication: Cluster 380: replicated (5/5 survived, 0 eliminated)
2026-05-05 21:07:44 [INFO] riker.phases.phase5_replication: Cluster 381: replicated (7/7 survived, 0 eliminated)
2026-05-05 21:07:44 [INFO] riker.phases.phase5_replication: Cluster 382: replicated (7/7 survived, 0 eliminated)
2026-05-05 21:07:44 [INFO] riker.phases.phase5_replication: Cluster 383: partially_replicated (7/8 survived, 1 eliminated)
2026-05-05 21:07:44 [INFO] riker.phases.phase5_replication: Cluster 384: replicated (11/11 survived, 0 eliminated)
2026-05-05 21:07:44 [INFO] riker.phases.phase5_replication: Cluster 385: replicated (6/6 survived, 0 eliminated)
2026-05-05 21:07:44 [INFO] riker.phases.phase5_replication: Cluster 386: replicated (5/5 survived, 0 eliminated)
2026-05-05 21:07:44 [INFO] riker.phases.phase5_replication: Cluster 387: replicated (5/5 survived, 0 eliminated)
2026-05-05 21:07:44 [INFO] riker.phases.phase5_replication: Cluster 388: partially_replicated (11/13 survived, 2 eliminated)
2026-05-05 21:07:44 [INFO] riker.phases.phase5_replication: Cluster 389: partially_replicated (24/25 survived, 1 eliminated)
2026-05-05 21:07:44 [INFO] riker.phases.phase5_replication: Cluster 391: partially_replicated (2/3 survived, 1 eliminated)
2026-05-05 21:07:44 [INFO] riker.phases.phase5_replication: Cluster 392: failed (3/8 survived, 5 eliminated)
2026-05-05 21:07:44 [INFO] riker.phases.phase5_replication: Cluster 394: replicated (12/12 survived, 0 eliminated)
2026-05-05 21:07:44 [INFO] riker.phases.phase5_replication: Cluster 395: partially_replicated (4/6 survived, 2 eliminated)
2026-05-05 21:07:44 [INFO] riker.phases.phase5_replication: Cluster 397: replicated (5/5 survived, 0 eliminated)
2026-05-05 21:07:44 [INFO] riker.phases.phase5_replication: Cluster 398: replicated (7/7 survived, 0 eliminated)
2026-05-05 21:07:44 [INFO] riker.phases.phase5_replication: Cluster 399: replicated (7/7 survived, 0 eliminated)
2026-05-05 21:07:44 [INFO] riker.phases.phase5_replication: Cluster 400: replicated (6/6 survived, 0 eliminated)
2026-05-05 21:07:44 [INFO] riker.phases.phase5_replication: Cluster 401: replicated (8/8 survived, 0 eliminated)
2026-05-05 21:07:44 [INFO] riker.phases.phase5_replication: Cluster 402: replicated (3/3 survived, 0 eliminated)
2026-05-05 21:07:44 [INFO] riker.phases.phase5_replication: Cluster 403: replicated (8/8 survived, 0 eliminated)
2026-05-05 21:07:44 [INFO] riker.phases.phase5_replication: Cluster 404: partially_replicated (2/3 survived, 1 eliminated)
2026-05-05 21:07:44 [INFO] riker.phases.phase5_replication: Cluster 405: partially_replicated (6/7 survived, 1 eliminated)
2026-05-05 21:07:44 [INFO] riker.phases.phase5_replication: Cluster 406: partially_replicated (4/5 survived, 1 eliminated)
2026-05-05 21:07:44 [INFO] riker.phases.phase5_replication: Cluster 407: replicated (14/14 survived, 0 eliminated)
2026-05-05 21:07:44 [INFO] riker.phases.phase5_replication: Cluster 408: replicated (7/7 survived, 0 eliminated)
2026-05-05 21:07:44 [INFO] riker.phases.phase5_replication: Cluster 409: replicated (5/5 survived, 0 eliminated)
2026-05-05 21:07:44 [INFO] riker.phases.phase5_replication: Cluster 410: replicated (5/5 survived, 0 eliminated)
2026-05-05 21:07:44 [INFO] riker.phases.phase5_replication: Cluster 411: replicated (5/5 survived, 0 eliminated)
2026-05-05 21:07:44 [INFO] riker.phases.phase5_replication: Cluster 412: replicated (5/5 survived, 0 eliminated)
2026-05-05 21:07:44 [INFO] riker.phases.phase5_replication: Cluster 414: replicated (15/15 survived, 0 eliminated)
2026-05-05 21:07:44 [INFO] riker.phases.phase5_replication: Cluster 415: replicated (6/6 survived, 0 eliminated)
2026-05-05 21:07:44 [INFO] riker.phases.phase5_replication: Cluster 416: replicated (6/6 survived, 0 eliminated)
2026-05-05 21:07:44 [INFO] riker.phases.phase5_replication: Cluster 417: replicated (5/5 survived, 0 eliminated)
2026-05-05 21:07:44 [INFO] riker.phases.phase5_replication: Cluster 418: replicated (13/13 survived, 0 eliminated)
2026-05-05 21:07:44 [INFO] riker.phases.phase5_replication: Cluster 419: replicated (3/3 survived, 0 eliminated)
2026-05-05 21:07:44 [INFO] riker.phases.phase5_replication: Cluster 420: partially_replicated (8/11 survived, 3 eliminated)
2026-05-05 21:07:44 [INFO] riker.phases.phase5_replication: Cluster 421: replicated (12/12 survived, 0 eliminated)
2026-05-05 21:07:44 [INFO] riker.phases.phase5_replication: Cluster 422: replicated (5/5 survived, 0 eliminated)
2026-05-05 21:07:44 [INFO] riker.phases.phase5_replication: Cluster 423: partially_replicated (5/6 survived, 1 eliminated)
2026-05-05 21:07:44 [INFO] riker.phases.phase5_replication: Cluster 424: replicated (12/12 survived, 0 eliminated)
2026-05-05 21:07:44 [INFO] riker.phases.phase5_replication: Cluster 425: partially_replicated (8/10 survived, 2 eliminated)
2026-05-05 21:07:44 [INFO] riker.phases.phase5_replication: Cluster 427: partially_replicated (5/8 survived, 3 eliminated)
2026-05-05 21:07:44 [INFO] riker.phases.phase5_replication: Cluster 428: failed (1/3 survived, 2 eliminated)
2026-05-05 21:07:44 [INFO] riker.phases.phase5_replication: Cluster 429: replicated (6/6 survived, 0 eliminated)
2026-05-05 21:07:44 [INFO] riker.phases.phase5_replication: Cluster 430: replicated (9/9 survived, 0 eliminated)
2026-05-05 21:07:44 [INFO] riker.phases.phase5_replication: Cluster 431: partially_replicated (21/22 survived, 1 eliminated)
2026-05-05 21:07:44 [INFO] riker.phases.phase5_replication: Cluster 432: replicated (25/25 survived, 0 eliminated)
2026-05-05 21:07:44 [INFO] riker.phases.phase5_replication: Cluster 433: partially_replicated (10/12 survived, 2 eliminated)
2026-05-05 21:07:44 [INFO] riker.phases.phase5_replication: Cluster 435: replicated (10/10 survived, 0 eliminated)
2026-05-05 21:07:44 [INFO] riker.phases.phase5_replication: Cluster 436: replicated (7/7 survived, 0 eliminated)
2026-05-05 21:07:44 [INFO] riker.phases.phase5_replication: Cluster 437: partially_replicated (4/5 survived, 1 eliminated)
2026-05-05 21:07:44 [INFO] riker.phases.phase5_replication: Cluster 438: replicated (10/10 survived, 0 eliminated)
2026-05-05 21:07:44 [INFO] riker.phases.phase5_replication: Cluster 443: replicated (16/16 survived, 0 eliminated)
2026-05-05 21:07:44 [INFO] riker.phases.phase5_replication: Cluster 444: replicated (10/10 survived, 0 eliminated)
2026-05-05 21:07:44 [INFO] riker.phases.phase5_replication: Cluster 445: replicated (10/10 survived, 0 eliminated)
2026-05-05 21:07:44 [INFO] riker.phases.phase5_replication: Cluster 446: replicated (4/4 survived, 0 eliminated)
2026-05-05 21:07:44 [INFO] riker.phases.phase5_replication: Cluster 447: replicated (6/6 survived, 0 eliminated)
2026-05-05 21:07:44 [INFO] riker.phases.phase5_replication: Cluster 448: replicated (9/9 survived, 0 eliminated)
2026-05-05 21:07:44 [INFO] riker.phases.phase5_replication: Cluster 449: replicated (4/4 survived, 0 eliminated)
2026-05-05 21:07:44 [INFO] riker.phases.phase5_replication: Cluster 450: replicated (8/8 survived, 0 eliminated)
2026-05-05 21:07:44 [INFO] riker.phases.phase5_replication: Cluster 451: partially_replicated (6/7 survived, 1 eliminated)
2026-05-05 21:07:44 [INFO] riker.phases.phase5_replication: Cluster 453: partially_replicated (5/7 survived, 2 eliminated)
2026-05-05 21:07:44 [INFO] riker.phases.phase5_replication: Cluster 454: replicated (4/4 survived, 0 eliminated)
2026-05-05 21:07:44 [INFO] riker.phases.phase5_replication: Cluster 456: replicated (31/31 survived, 0 eliminated)
2026-05-05 21:07:44 [INFO] riker.phases.phase5_replication: Cluster 457: partially_replicated (9/11 survived, 2 eliminated)
2026-05-05 21:07:44 [INFO] riker.phases.phase5_replication: Cluster 458: partially_replicated (13/14 survived, 1 eliminated)
2026-05-05 21:07:44 [INFO] riker.phases.phase5_replication: Cluster 459: replicated (10/10 survived, 0 eliminated)
2026-05-05 21:07:44 [INFO] riker.phases.phase5_replication: Cluster 460: replicated (8/8 survived, 0 eliminated)
2026-05-05 21:07:44 [INFO] riker.phases.phase5_replication: Cluster 461: replicated (15/15 survived, 0 eliminated)
2026-05-05 21:07:44 [INFO] riker.phases.phase5_replication: Cluster 462: replicated (11/11 survived, 0 eliminated)
2026-05-05 21:07:44 [INFO] riker.phases.phase5_replication: Cluster 463: partially_replicated (11/15 survived, 4 eliminated)
2026-05-05 21:07:44 [INFO] riker.phases.phase5_replication: Cluster 466: partially_replicated (2/3 survived, 1 eliminated)
2026-05-05 21:07:44 [INFO] riker.phases.phase5_replication: Cluster 467: failed (1/3 survived, 2 eliminated)
2026-05-05 21:07:44 [INFO] riker.phases.phase5_replication: Cluster 468: partially_replicated (7/8 survived, 1 eliminated)
2026-05-05 21:07:44 [INFO] riker.phases.phase5_replication: Cluster 469: partially_replicated (6/8 survived, 2 eliminated)
2026-05-05 21:07:44 [INFO] riker.phases.phase5_replication: Cluster 471: replicated (3/3 survived, 0 eliminated)
2026-05-05 21:07:44 [INFO] riker.phases.phase5_replication: Cluster 472: replicated (5/5 survived, 0 eliminated)
2026-05-05 21:07:44 [INFO] riker.phases.phase5_replication: Cluster 473: replicated (4/4 survived, 0 eliminated)
2026-05-05 21:07:44 [INFO] riker.phases.phase5_replication: Cluster 474: replicated (6/6 survived, 0 eliminated)
2026-05-05 21:07:44 [INFO] riker.phases.phase5_replication: Cluster 475: partially_replicated (7/8 survived, 1 eliminated)
2026-05-05 21:07:44 [INFO] riker.phases.phase5_replication: Cluster 476: replicated (5/5 survived, 0 eliminated)
2026-05-05 21:07:44 [INFO] riker.phases.phase5_replication: Cluster 479: replicated (9/9 survived, 0 eliminated)
2026-05-05 21:07:44 [INFO] riker.phases.phase5_replication: Cluster 480: replicated (22/22 survived, 0 eliminated)
2026-05-05 21:07:44 [INFO] riker.phases.phase5_replication: Phase 5 complete: 3380 survived, 317 eliminated, 0 insufficient data.
2026-05-05 21:07:45 [INFO] riker.io.outputs: Phase 5 verdicts: /home/kai001/riker-engine/disease_days/2026-05-05_brca_v0332/blind_pc/phase5_verdicts.csv
2026-05-05 21:07:45 [INFO] riker: ============================================================
2026-05-05 21:07:45 [INFO] riker: PHASE 6: Effect Size Meta-Analysis
2026-05-05 21:07:45 [INFO] riker: ============================================================
2026-05-05 21:07:45 [INFO] riker.phases.phase6_meta: Phase 6: Computing meta-analysis for 3380 surviving genes.
2026-05-05 21:07:49 [INFO] riker.phases.phase6_meta: Phase 6 complete: 3380 genes analyzed, 2555 significant (random effects), 2326 high heterogeneity.
2026-05-05 21:07:49 [INFO] riker.io.outputs: Phase 6 meta-analysis: /home/kai001/riker-engine/disease_days/2026-05-05_brca_v0332/blind_pc/phase6_meta_analysis.csv
2026-05-05 21:07:49 [INFO] riker: ============================================================
2026-05-05 21:07:49 [INFO] riker: WRITING FINAL OUTPUTS
2026-05-05 21:07:49 [INFO] riker: ============================================================
2026-05-05 21:07:49 [INFO] riker.io.outputs: QC report: /home/kai001/riker-engine/disease_days/2026-05-05_brca_v0332/blind_pc/qc_report.json
2026-05-05 21:07:49 [INFO] riker.io.outputs: Pipeline summary: /home/kai001/riker-engine/disease_days/2026-05-05_brca_v0332/blind_pc/pipeline_summary.json
2026-05-05 21:07:49 [INFO] riker: ============================================================
2026-05-05 21:07:49 [INFO] riker: PIPELINE COMPLETE: breast_cancer_blind
2026-05-05 21:07:49 [INFO] riker: QC Report: 4 passed, 0 warnings, 0 critical. Pipeline OK.
2026-05-05 21:07:49 [INFO] riker: Output: /home/kai001/riker-engine/disease_days/2026-05-05_brca_v0332/blind_pc
2026-05-05 21:07:49 [INFO] riker: ============================================================
