gene,avg_log2fc,neg_log10_min_p,n_sig_datasets,direction_consistency,tier_score
AACS,0.42892743042777637,0.3120862818997694,0.0,1.0,0.0
ABAT,0.2976512600779721,0.12608833641460282,1.0,1.0,0.0
ABCA2,0.5395009284421833,0.13807345098396387,0.0,0.33333333333333326,0.0
ABCA6,0.5869041840158719,0.15278085619226608,1.0,1.0,0.0
ABCA7,0.5498124067889604,0.2666260636487813,0.0,0.33333333333333326,0.0
ABCC4,0.44594339291141194,0.17853622488746707,0.0,0.33333333333333326,0.0
ABCC8,0.2895909540319349,0.41403759114666644,1.0,1.0,0.0
ABCE1,0.33803232300431013,0.25191990218427623,0.0,0.33333333333333326,0.0
ABCF2,0.5755731658485881,0.10745373578263367,0.0,1.0,0.0
ABHD10,0.364838119443938,0.1573211113388194,0.0,1.0,0.0
ABHD8,0.5147463644293381,0.060353562529885836,0.0,0.33333333333333326,0.0
ACADM,0.318459579005033,0.25189710417679495,0.0,1.0,0.0
ACHE,0.6222651815670408,0.11170071695240429,0.0,0.33333333333333326,0.0
ACKR2,0.6411402846541755,0.23899102416983126,0.0,0.33333333333333326,0.0
ACLY,0.35226693167269657,0.23892628326199009,1.0,1.0,0.0
ACO2,0.3956869517613359,0.023216108290161307,0.0,1.0,0.0
ACOT1,0.2747931951922298,0.30631574487760344,0.0,1.0,0.0
ACOT11,0.538010101889363,0.1756384052498539,0.0,0.33333333333333326,0.0
ACOT7,0.5953937419717158,0.09246291164121417,0.0,1.0,0.0
ACOT9,0.43543895326449067,0.2775839057596362,0.0,0.33333333333333326,0.0
ACRV1,0.5162494277479972,0.1348228604565662,0.0,0.33333333333333326,0.0
ACSL5,0.49066892926507094,0.10937426980822756,0.0,0.33333333333333326,0.0
ACTN3,0.4973302154973199,0.08581836887994157,0.0,0.33333333333333326,0.0
ACVR1B,0.40392799928082007,0.135547162924224,1.0,1.0,0.0
ACYP1,0.3335384527897466,0.20668691082875634,0.0,0.33333333333333326,0.0
ADAMTS2,0.561585128073137,0.1676067252658456,0.0,0.33333333333333326,0.0
ADAMTS4,0.5127092009624332,0.09103947000650345,0.0,0.0,0.0
ADAMTS7,0.6176883722798817,0.13668914712823613,0.0,1.0,0.0
ADAP2,0.5473883780192609,0.1505929844769861,0.0,0.33333333333333326,0.0
ADCY2,0.5156472529916936,0.03920971016684225,0.0,0.33333333333333326,0.0
ADCY6,0.6006835601139482,0.2048945647629443,0.0,0.33333333333333326,0.0
ADD2,0.7558273978784869,0.3549646272034103,0.0,1.0,0.0
ADGRE2,0.6219460171750866,0.042347860343773545,0.0,1.0,0.0
ADGRE3,0.48189465700570266,0.18014799277743726,0.0,0.33333333333333326,0.0
ADK,0.30192850340198796,0.1477700766077524,0.0,0.33333333333333326,0.0
ADO,0.3918460494277878,0.15133669727938553,0.0,0.33333333333333326,0.0
ADRA2C,0.5915088566543565,0.1033961695477239,0.0,1.0,0.0
ADRB1,0.6736676475002753,0.12489533231894376,0.0,0.33333333333333326,0.0
AGA,0.3780234138727981,0.13722773855893056,0.0,0.33333333333333326,0.0
AGTPBP1,0.3503026877290123,0.11561836193303827,0.0,1.0,0.0
AGTR1,0.3949312866554906,0.16793537742580925,0.0,0.33333333333333326,0.0
AHCY,0.29593984643684923,0.4021157551426528,0.0,0.33333333333333326,0.0
AHCYL1,0.3937484417875236,0.08225517158619375,1.0,1.0,0.0
AJAP1,0.603665551731472,0.21293761198879677,1.0,0.33333333333333326,0.0
AKAP11,0.17099145691966514,0.3363058251396032,0.0,1.0,0.0
AKAP9,0.35500159450548113,0.22634350317481922,1.0,1.0,0.0
AKT3,0.33810187923527213,0.09659322728841015,0.0,0.33333333333333326,0.0
ALAS1,0.40467701560915226,0.08491112408521415,0.0,0.33333333333333326,0.0
ALDH18A1,0.37127241815765094,0.0934588855041836,0.0,1.0,0.0
ALG5,0.2944154586885822,0.27134113214384237,0.0,0.33333333333333326,0.0
ALLC,0.5204932372696063,0.09270765255789684,0.0,0.33333333333333326,0.0
ALOXE3,0.5587110934456624,0.07768471376555044,0.0,0.33333333333333326,0.0
ALS2CL,0.5783655526124771,0.18934056069361024,0.0,0.33333333333333326,0.0
ALYREF,0.6046313095348607,0.257117097620364,0.0,1.0,0.0
AMOTL2,0.630394958870289,0.30103771033024956,0.0,0.33333333333333326,0.0
ANGPTL7,0.5979932120494497,0.04621865389050238,0.0,1.0,0.0
ANKRD23,0.33968619123470956,0.29439275893609956,0.0,1.0,0.0
ANKRD26,0.47905990481188976,0.04287141921469931,0.0,0.33333333333333326,0.0
ANKRD53,0.5041343344011852,0.239480170983049,0.0,0.33333333333333326,0.0
ANKS1B,0.5917856488189556,0.1557308338111891,0.0,0.33333333333333326,0.0
ANO1,0.48443476306614186,0.051077486238403746,0.0,0.33333333333333326,0.0
ANXA5,0.48354903780953157,0.4368084096141172,0.0,0.33333333333333326,0.0
ANXA7,0.37680295672757613,0.13783894158379972,0.0,1.0,0.0
AOAH,0.6446954283305375,0.012465363669209422,0.0,1.0,0.0
AOPEP,0.3377882823400682,0.1429573550451183,0.0,0.33333333333333326,0.0
APBA1,0.5547136628463178,0.10677543198961706,0.0,0.33333333333333326,0.0
APBA2,0.580944176797326,0.5930784918068859,1.0,0.33333333333333326,0.0
APEX1,0.35452167153884584,0.6002317852073661,0.0,0.33333333333333326,0.0
APH1A,0.49626270330897104,0.14933709804633086,0.0,0.33333333333333326,0.0
APH1B,0.5061753392075092,0.1215837818825892,0.0,0.33333333333333326,0.0
APLNR,0.628548487313113,0.17502644187082786,0.0,1.0,0.0
APOBEC2,0.5468701843139147,0.18319333272502314,0.0,0.33333333333333326,0.0
APOD,0.679068610883887,0.20689049033021464,0.0,1.0,0.0
APOH,0.43379062251063827,0.0304817342226705,0.0,0.33333333333333326,0.0
APOL1,0.6922946735473269,0.3791001834982183,0.0,1.0,0.0
APOLD1,0.29338738617912796,0.12717046285704772,0.0,0.33333333333333326,0.0
APPL2,0.4238177042979134,0.13153819521985924,1.0,1.0,0.0
AQP4,0.35626106347199155,0.21423627697767247,0.0,0.33333333333333326,0.0
ARF4,0.3576289815365459,0.10799546480296031,0.0,0.33333333333333326,0.0
ARF6,0.5888210425330047,0.27447739978519325,0.0,1.0,0.0
ARFGAP1,0.6668700058006198,0.3816880156964211,0.0,1.0,0.0
ARFIP1,0.3191350277389558,0.12687741186848284,0.0,1.0,0.0
ARG2,0.17200646605949418,0.22391682967433676,1.0,1.0,0.0
ARHGAP11A,0.4640440121654312,0.2115513396146121,0.0,0.33333333333333326,0.0
ARHGAP28,0.6273737496790388,0.02312412745486614,0.0,1.0,0.0
ARHGAP29,0.44342713940408,0.13812179847918646,1.0,0.33333333333333326,0.0
ARHGAP6,0.5974426450075783,0.2954022016781021,0.0,1.0,0.0
ARHGEF26,0.470389072033093,0.15887109525670176,0.0,0.33333333333333326,0.0
ARHGEF4,0.6421671535044614,0.30150048864469003,0.0,0.33333333333333326,0.0
ARHGEF9,0.33941193106045153,0.2670161501510572,1.0,1.0,0.0
ARID5A,0.5812897371544106,0.2095720612505874,0.0,0.33333333333333326,0.0
ARIH2,0.4289180194912132,0.07072025846988408,0.0,0.33333333333333326,0.0
ARMCX1,0.29618960536070954,0.41712813023228323,0.0,0.33333333333333326,0.0
ARPP19,0.3619133271075478,0.27484380835426314,0.0,1.0,0.0
ARR3,0.5360891568081788,0.02405233435079523,0.0,0.33333333333333326,0.0
ARSA,0.6148394878014061,0.1907578444478269,0.0,0.33333333333333326,0.0
ARTN,0.5856374982040953,0.002856054214922656,0.0,0.33333333333333326,0.0
ARVCF,0.5645290246141581,0.4458986724075619,0.0,0.33333333333333326,0.0
ASCC1,0.34723994674633846,0.3473236271398783,0.0,1.0,0.0
ASIC2,0.6075540880013807,0.073603705006971,0.0,1.0,0.0
ASPH,0.30892699691204745,0.0249460331954059,0.0,1.0,0.0
ASPM,0.49378780068390604,1.0,0.0,0.33333333333333326,0.0
ASS1,0.7228258046600483,0.1305221815307502,0.0,1.0,0.0
ATF4,0.5554116771272423,0.08501235706242827,0.0,0.33333333333333326,0.0
ATG9A,0.6258306998242656,0.16598280404113314,0.0,1.0,0.0
ATP2A1,0.5019753421279125,0.022752042997626773,0.0,0.33333333333333326,0.0
ATP2B2,0.7105400915991662,0.10785461116064757,0.0,1.0,0.0
ATP5MC2,0.35653932385028164,0.060784546323039416,0.0,0.33333333333333326,0.0
ATP6AP1,0.35437830979225815,0.10090163397707819,0.0,0.33333333333333326,0.0
ATP6V0A4,0.5630458156842478,0.38501444822928044,0.0,0.33333333333333326,0.0
ATP6V1A,0.3368052454518819,0.3284483883230615,1.0,1.0,0.0
ATP6V1B2,0.2779290808826087,0.18887007687336146,0.0,1.0,0.0
ATXN2,0.5091126724331271,0.3397516367135997,0.0,0.33333333333333326,0.0
AXL,0.6038835993149073,0.184775017368151,0.0,1.0,0.0
AZIN1,0.16346342461809682,0.26265427051201595,0.0,0.33333333333333326,0.0
B3GALNT2,0.5752042281834178,0.12421025529007389,0.0,1.0,0.0
B3GALT5,0.49449700391009355,0.4634258093057103,0.0,0.33333333333333326,0.0
B3GAT1,0.5395605634672854,0.0675297761221498,0.0,0.33333333333333326,0.0
B3GAT3,0.5168782991365305,0.010950891624808803,0.0,0.33333333333333326,0.0
B3GNT3,0.5851967363630475,0.10310814739675986,0.0,0.33333333333333326,0.0
BAAT,0.6429777479316499,0.06773808571268937,0.0,0.33333333333333326,0.0
BACE2,0.6885506510007597,0.12413091599916114,0.0,0.33333333333333326,0.0
BAIAP2L1,0.6158811754637754,0.06863786704296783,0.0,1.0,0.0
BARD1,0.5818043574838503,0.15020686514954568,0.0,1.0,0.0
BARX2,0.6013729468695466,0.2866036373700361,0.0,0.33333333333333326,0.0
BCAM,0.6472153489883015,0.06702705051368953,0.0,1.0,0.0
BCAN,0.6290942683286852,0.08706830876872698,0.0,1.0,0.0
BCAP29,0.4407740040409916,0.06071739223007945,0.0,0.33333333333333326,0.0
BCAS1,0.6220113392194231,0.2977152517669759,0.0,1.0,0.0
BDH1,0.5325527120276519,0.10710251267150056,0.0,0.33333333333333326,0.0
BDKRB1,0.6536705811081369,0.2873724612382205,0.0,0.33333333333333326,0.0
BEX4,0.2629709701737476,0.3161694141031131,0.0,1.0,0.0
BHLHA15,0.6045717885320374,0.05111715216531279,0.0,1.0,0.0
BIRC5,0.5604360603383274,0.013958040733842363,1.0,0.33333333333333326,0.0
BLMH,0.41099644790823897,0.18321548348459427,0.0,1.0,0.0
BMP1,0.6224571308263203,0.43868086488491365,0.0,0.33333333333333326,0.0
BMP5,0.30969193749278445,0.05464801948201077,0.0,0.33333333333333326,0.0
BMPR1B,0.6211106037510086,0.13795007336622328,0.0,0.33333333333333326,0.0
BMX,0.6061936775778946,0.08787741738027303,0.0,0.33333333333333326,0.0
BNC1,0.4946820073384192,0.08904504409028167,0.0,0.33333333333333326,0.0
BOK,0.5463188047079524,0.13008443567382647,0.0,0.33333333333333326,0.0
BPGM,0.40820640372572126,0.0882328791646104,0.0,0.33333333333333326,0.0
BRD3OS,0.3718331511732703,0.22610830511502583,0.0,1.0,0.0
BRINP1,0.642882051558788,0.3541648973836337,0.0,1.0,0.0
BRMS1,0.5729298229971614,0.31550609067024,0.0,1.0,0.0
BRSK2,0.5509251660183615,0.12424160738148712,0.0,0.33333333333333326,0.0
BTBD1,0.3022688164557393,0.06317075589356276,0.0,1.0,0.0
BTBD3,0.2605900714872458,0.1515543929477878,0.0,1.0,0.0
BTG2,0.6396830300924745,0.41014007042905276,0.0,1.0,0.0
BTN2A1,0.326420723277498,0.19526002193391667,0.0,1.0,0.0
BUB1,0.5160213921482274,0.37373885376156124,0.0,0.33333333333333326,0.0
BZW2,0.4657505954977702,0.32135572240980576,0.0,0.33333333333333326,0.0
C11orf58,0.2654455466536835,0.27935345228362657,0.0,0.33333333333333326,0.0
C12orf76,0.4482595394319492,0.11737532816937216,0.0,1.0,0.0
C14orf132,0.2545039804194577,0.17260022779723092,0.0,1.0,0.0
C19orf44,0.5259676116411827,0.03717507768122554,0.0,0.0,0.0
C1D,0.3123155931542498,0.16615783467838788,0.0,1.0,0.0
C1QBP,0.2875226260007246,0.1612146616445213,0.0,0.33333333333333326,0.0
C1R,0.6891875656355263,0.11462564970788232,0.0,1.0,0.0
C1orf198,0.5702125597070574,0.21814533282518314,0.0,1.0,0.0
C2,0.6088340931580511,0.15126316145441213,0.0,1.0,0.0
C6orf15,0.576215083694118,0.0984077396285712,0.0,0.33333333333333326,0.0
C7,0.5564048449981731,0.19305073627372774,0.0,0.33333333333333326,0.0
C8orf33,0.46857069230211207,0.12732713609482021,1.0,0.33333333333333326,0.0
C9,0.4297927954990139,0.0678235461311677,0.0,0.33333333333333326,0.0
CA1,0.44306012101660025,0.06895173767486154,0.0,0.33333333333333326,0.0
CA5B,0.5399809573219033,0.17355409999223373,0.0,0.33333333333333326,0.0
CAAP1,0.37303654103278516,0.15388913401978527,0.0,1.0,0.0
CACHD1,0.6145014892284597,0.14148750946055796,0.0,1.0,0.0
CACNA1A,0.5266572613609899,0.3575727857053747,0.0,0.0,0.0
CACNA1D,0.2878055895824527,0.2556862106702023,1.0,1.0,0.0
CACNA1S,0.6148468262806548,0.33938076648366744,0.0,1.0,0.0
CACNA2D1,0.5185498430509085,0.09404590253265312,0.0,0.33333333333333326,0.0
CACNG5,0.5821806527191524,0.11259829749318626,0.0,0.33333333333333326,0.0
CALM3,0.35433195041430465,0.20067680824130635,0.0,1.0,0.0
CALML5,0.6390949198530427,0.09902933961606773,0.0,1.0,0.0
CAMK1D,0.6627439661052208,0.06405896218325281,0.0,1.0,0.0
CAMKK2,0.6397271981911392,0.4386690432011505,0.0,1.0,0.0
CAPG,0.5719710324947787,0.10681051549089239,0.0,0.33333333333333326,0.0
CAPN11,0.43673441174541555,0.12701223721390392,0.0,0.33333333333333326,0.0
CAPN7,0.3003926266691576,0.35059953119702875,0.0,1.0,0.0
CARD14,0.6354560091895484,0.269028528629011,0.0,0.33333333333333326,0.0
CASD1,0.33117217544016797,0.16198752417156356,0.0,1.0,0.0
CASKIN2,0.6336861989482697,0.09262953043015963,0.0,1.0,0.0
CASP4,0.4947995141680505,0.2580213703275393,1.0,0.33333333333333326,0.0
CASR,0.38632883927652234,0.23469780469534632,0.0,1.0,0.0
CASZ1,0.6329983534572082,0.4207631241006149,0.0,0.33333333333333326,0.0
CBLC,0.4336491689978032,0.0956987933205317,0.0,0.33333333333333326,0.0
CBX4,0.5087124813494104,0.04056519431842086,0.0,0.33333333333333326,0.0
CCDC121,0.5125718732638861,0.2205434261317047,0.0,0.33333333333333326,0.0
CCDC177,0.6157862662230368,0.09749801891212849,0.0,0.33333333333333326,0.0
CCDC22,0.5293762565591885,0.11820712711073951,0.0,0.33333333333333326,0.0
CCDC30,0.5270605251233016,0.257400448475203,0.0,0.33333333333333326,0.0
CCDC70,0.5214969032534659,0.12062797034185803,0.0,0.33333333333333326,0.0
CCDC71,0.5414653173836925,0.017042882852521646,0.0,0.33333333333333326,0.0
CCDC85C,0.6025587516224353,0.12937341164115057,0.0,1.0,0.0
CCDC9,0.6130704408296943,0.3128626731630149,0.0,1.0,0.0
CCL11,0.8884369663281346,0.04056394425233348,0.0,1.0,0.0
CCL13,0.5286067498726035,0.12385331683437562,0.0,0.33333333333333326,0.0
CCL21,0.5401343964650874,0.10162357650122036,0.0,0.33333333333333326,0.0
CCL5,0.5592957590188176,0.443275952978357,0.0,0.33333333333333326,0.0
CCNB1IP1,0.32354926066733336,0.09414576228310598,0.0,1.0,0.0
CCNB2,0.6300490723728425,0.08500435930598435,0.0,0.33333333333333326,0.0
CCR4,0.6431900407266222,0.4318684479229067,0.0,0.33333333333333326,0.0
CCT2,0.3775241471578053,0.1413939813602421,0.0,0.33333333333333326,0.0
CCT5,0.40386968853322963,0.040462755965498594,0.0,0.33333333333333326,0.0
CCT8L2,0.550219945072514,0.1819476318557931,0.0,0.33333333333333326,0.0
CD19,0.4878905310626088,0.04502540404218733,0.0,0.33333333333333326,0.0
CD2,0.6033777617065668,0.21567713872347838,0.0,1.0,0.0
CD200,0.2680999405553268,0.11019279083666872,0.0,1.0,0.0
CD226,0.5894846304454165,0.03970741209061168,0.0,0.33333333333333326,0.0
CD244,0.6123538086330944,0.07223865660049557,0.0,1.0,0.0
CD40,0.6027158310866423,0.11570502960518744,0.0,0.33333333333333326,0.0
CD44,0.6765894088368216,0.44665704865665995,0.0,0.33333333333333326,0.0
CD55,0.598454112341919,0.28536103222419296,0.0,0.33333333333333326,0.0
CD59,0.5502612571224192,0.17165098765863065,0.0,0.33333333333333326,0.0
CD5L,0.44784777992923847,0.16245154130893877,0.0,0.33333333333333326,0.0
CD86,0.5971038624608515,0.1242775407270306,0.0,0.33333333333333326,0.0
CD9,0.3308170955835692,0.343403779779084,0.0,0.33333333333333326,0.0
CDC14B,0.431265279215353,0.26305269633754635,0.0,0.33333333333333326,0.0
CDC20,0.5290478221447327,0.05172767343973449,0.0,0.33333333333333326,0.0
CDC25C,0.5429013950926185,0.3937060947121038,0.0,0.33333333333333326,0.0
CDC42EP1,0.5146924296080606,0.11957306114287193,0.0,0.33333333333333326,0.0
CDC42SE1,0.4817038208241511,0.0052136540098016776,1.0,0.33333333333333326,0.0
CDCA7L,0.808873646817057,0.06896581819876425,0.0,1.0,0.0
CDH16,0.5323584111872204,0.09760657284926068,0.0,0.33333333333333326,0.0
CDH4,0.6413769667868017,0.13596930481286595,0.0,0.33333333333333326,0.0
CDK10,0.642720753736454,0.03952825731300314,0.0,1.0,0.0
CDK18,0.6065507211044594,0.12279109782085972,0.0,1.0,0.0
CDK5R1,0.5488976904723849,0.08130955767047489,0.0,0.33333333333333326,0.0
CDK5RAP2,0.6119558941116292,0.18756310614968771,0.0,0.33333333333333326,0.0
CDK8,0.3391997941779113,0.5065333631742522,0.0,1.0,0.0
CDKL5,0.5399577959184925,0.07788326804131085,0.0,0.33333333333333326,0.0
CDKN1A,0.5925575907118107,0.30180848963772494,0.0,0.33333333333333326,0.0
CDKN1B,0.334860230513147,0.040789614079771365,0.0,1.0,0.0
CDR2L,0.6943924201918019,0.2143234217717455,0.0,1.0,0.0
CDX4,0.6028179450169354,0.07343411038077033,0.0,0.33333333333333326,0.0
CEBPD,0.6024482729469766,0.21883820361915854,0.0,1.0,0.0
CEL,0.7225669173756284,0.1758245418061474,0.0,1.0,0.0
CELA3B,0.6362681899342336,0.2671465777097908,0.0,1.0,0.0
CELF3,0.5238081802504133,0.31826610578566594,0.0,0.33333333333333326,0.0
CELSR1,0.5055572166210653,0.0760769629758539,0.0,0.33333333333333326,0.0
CENPC,0.34980104718244226,0.31569088588317196,0.0,1.0,0.0
CENPF,0.5163175508378237,0.07340263864102765,0.0,0.33333333333333326,0.0
CENPI,0.5177967888548537,0.08612651288116253,0.0,0.33333333333333326,0.0
CENPV,0.5942784257766475,0.210105002000953,0.0,1.0,0.0
CEP97,0.5173296762751532,0.09517575043205499,0.0,0.33333333333333326,0.0
CFAP298,0.5614704235062069,0.13879779308572535,0.0,0.33333333333333326,0.0
CFAP70,0.5243545820156758,0.11432661798582423,0.0,0.33333333333333326,0.0
CFHR2,0.5802527013258806,0.06762266975643395,0.0,1.0,0.0
CFLAR,0.5903915894240579,0.08348186161241555,0.0,0.33333333333333326,0.0
CH25H,0.7666456506722107,0.29041105380348786,0.0,1.0,0.0
CHAT,0.6257568132455825,0.14750749995688683,0.0,0.33333333333333326,0.0
CHGB,0.2570614742591916,0.27849089998668064,0.0,0.33333333333333326,0.0
CHI3L1,0.5434519677351496,0.24542631984002897,0.0,0.33333333333333326,0.0
CHL1,0.12465339671886808,0.9151099185637208,0.0,1.0,0.0
CHM,0.41405441032611306,0.05219243126571032,0.0,0.33333333333333326,0.0
CHMP1A,0.6280915024627065,0.18834332661525377,0.0,0.33333333333333326,0.0
CIB2,0.6461576946353084,0.12540556409982603,0.0,0.33333333333333326,0.0
CITED2,0.3700246882623805,0.1821167835870232,0.0,1.0,0.0
CLCF1,0.5966986389648613,0.17830486211951022,0.0,1.0,0.0
CLCN3,0.3059414392303528,0.16244955659129023,1.0,1.0,0.0
CLCN4,0.328664251713757,0.05149905740231653,0.0,1.0,0.0
CLCN7,0.6063243819019823,0.1165339530454863,0.0,1.0,0.0
CLDN18,0.6703752382595857,0.13503987284814706,0.0,0.33333333333333326,0.0
CLDN4,0.6082518100294325,0.28456736040837016,0.0,0.33333333333333326,0.0
CLEC11A,0.660755061487761,0.4037342810051549,0.0,1.0,0.0
CLEC5A,0.6517400020663511,0.08364262831121295,0.0,0.33333333333333326,0.0
CLGN,0.11084126361212879,0.13926778818468125,0.0,1.0,0.0
CLIC4,0.36141016991926217,0.054650795780051525,0.0,0.33333333333333326,0.0
CLINT1,0.35213073443030546,0.1467096265702994,0.0,1.0,0.0
CLMP,0.49842596431697694,0.2847044921663764,0.0,0.0,0.0
CLP1,0.4345909386645863,0.24178272381964439,0.0,0.33333333333333326,0.0
CLPS,0.7362589162602505,0.21111621321976268,0.0,0.33333333333333326,0.0
CLTC,0.3694971660586486,0.10246911590635545,0.0,1.0,0.0
CLTCL1,0.5837803232961483,0.30388780604101995,0.0,0.33333333333333326,0.0
CLTRN,0.312176142036898,0.22578794926223983,0.0,1.0,0.0
CLUH,0.6025822605926028,0.02364230769312831,0.0,1.0,0.0
CMKLR2,0.5870958596678295,0.11480997030772362,1.0,1.0,0.0
CNGB1,0.5408695464277113,0.1738394487581306,0.0,0.33333333333333326,0.0
CNNM3,0.5268411379940268,0.03055080459611799,0.0,0.33333333333333326,0.0
CNOT2,0.4265350072413463,0.06687003277835157,0.0,0.33333333333333326,0.0
COBLL1,0.39722112263007914,0.02099557469522169,0.0,1.0,0.0
COG4,0.6133598287212485,0.08959612081585328,0.0,0.33333333333333326,0.0
COL11A1,0.5398681238150721,0.11668463054824625,0.0,0.33333333333333326,0.0
COL14A1,0.6023055245923693,0.01571420410845257,0.0,1.0,0.0
COQ4,0.566470740886815,0.1426453995685374,0.0,0.33333333333333326,0.0
COX11,0.21789867410615235,0.15889311841826903,0.0,1.0,0.0
COX5A,0.4192365391671453,0.08507046675365974,0.0,0.33333333333333326,0.0
COX7A2L,0.3832204215893985,0.054467097267469344,0.0,1.0,0.0
CPA1,0.6233466392815512,0.13633435468199465,0.0,0.33333333333333326,0.0
CPB2,0.7644485802408917,0.12241649877714554,0.0,1.0,0.0
CPD,0.2664935935880127,0.21021120946105923,0.0,1.0,0.0
CPE,0.1180219648639854,0.22569202890243775,0.0,1.0,0.0
CPNE6,0.5503301634423929,0.642444665580338,0.0,0.33333333333333326,0.0
CPTP,0.613312712366517,0.3164972958441553,0.0,1.0,0.0
CR2,0.4861946004150257,0.2940160345608208,0.0,0.33333333333333326,0.0
CRABP1,0.4845348963802084,0.16059539256828823,0.0,0.33333333333333326,0.0
CRABP2,0.5946997789201175,0.14112172653056698,0.0,1.0,0.0
CREG1,0.40482901776765684,0.1663834023411742,0.0,0.33333333333333326,0.0
CRIM1,0.5925365795706776,0.046366254426662354,0.0,1.0,0.0
CRKL,0.2685467125359706,0.25537601374122204,0.0,1.0,0.0
CRLF3,0.47981609256643415,0.20343107298794977,1.0,0.33333333333333326,0.0
CRTAC1,0.5414820354140422,0.14378128914608868,0.0,0.33333333333333326,0.0
CRTC1,0.6126182839057313,0.23861769073166905,0.0,0.33333333333333326,0.0
CRX,0.6338786456199512,0.245913431719506,0.0,0.33333333333333326,0.0
CRYBG1,0.6640453488256106,0.10671552136253155,0.0,0.33333333333333326,0.0
CRYZ,0.23741181108940163,0.11046917876234834,0.0,1.0,0.0
CRYZL1,0.40626089482157735,0.025551521404927148,0.0,0.33333333333333326,0.0
CSGALNACT2,0.3729205430527567,0.11740445914422977,0.0,0.33333333333333326,0.0
CSHL1,0.49842653098619555,0.0472827958307003,0.0,0.33333333333333326,0.0
CSPG4,0.5299331842207556,0.41055175829804413,0.0,0.33333333333333326,0.0
CST1,0.5812185311555438,0.0,0.0,0.33333333333333326,0.0
CST2,0.6147704471198284,0.2480455199621845,0.0,1.0,0.0
CST5,0.6385524138482561,0.2582282325848747,0.0,1.0,0.0
CST8,0.6713087941546881,0.33648589770193915,0.0,1.0,0.0
CTDSPL,0.43033672434160347,0.18277323988346625,0.0,0.33333333333333326,0.0
CTF1,0.6407277442306355,0.25635234320431544,0.0,0.33333333333333326,0.0
CTNNA2,0.35788399384402864,0.16085944070265215,0.0,1.0,0.0
CTPS1,0.4358280029266339,0.1100665250564311,0.0,0.33333333333333326,0.0
CTRB2,0.602461308447588,0.06569974115777245,0.0,1.0,0.0
CTRC,0.6984062636703927,0.16548122159823972,0.0,1.0,0.0
CTSC,0.3958537476303457,0.13746622340784956,0.0,0.33333333333333326,0.0
CTSE,0.6509722307253463,0.20197660181943658,0.0,1.0,0.0
CTSL,0.4572284399092156,0.02698023513778194,0.0,0.33333333333333326,0.0
CTSO,0.31340899280856743,0.16841812876294246,0.0,0.33333333333333326,0.0
CXCR5,0.6449626611159329,0.6858885771026187,0.0,0.33333333333333326,0.0
CYB5R4,0.345496562279866,0.08761406202775208,1.0,1.0,0.0
CYLC1,0.5629249621848506,0.0446613640934661,0.0,0.33333333333333326,0.0
CYP17A1,0.4818923135811495,0.4006100312024876,1.0,0.33333333333333326,0.0
CYP19A1,0.5840603142588928,0.15008436823898869,0.0,1.0,0.0
CYP27A1,0.5292725307618222,0.07652199270065094,0.0,0.33333333333333326,0.0
CYP2C8,0.5160264418487601,0.36612485449868215,0.0,0.33333333333333326,0.0
CYP2J2,0.5321822598870309,0.10085513758523074,0.0,0.33333333333333326,0.0
CYP2U1,0.4282176247239736,0.08211572657658545,0.0,0.33333333333333326,0.0
CYTH4,0.6108079504309298,0.14694192950509286,0.0,1.0,0.0
DAP,0.35142043635454656,0.48281305206012076,0.0,0.33333333333333326,0.0
DAP3,0.3545139290039168,0.145918351378364,0.0,0.33333333333333326,0.0
DAPP1,0.6075233963556155,0.13278382413380954,0.0,0.33333333333333326,0.0
DBN1,0.5654516308606041,0.006536729299383069,0.0,1.0,0.0
DBP,0.5426259129076156,0.06877161161260865,0.0,0.33333333333333326,0.0
DBT,0.7013407794334033,0.1366007718888549,0.0,0.33333333333333326,0.0
DCAF4,0.5922754827892075,0.11749598819582897,0.0,1.0,0.0
DCK,0.2744864974936026,0.42012287061161313,0.0,1.0,0.0
DCLRE1B,0.6301205112082865,0.15241618370507068,0.0,1.0,0.0
DCPH1,0.25605471754683345,0.23989878885289495,0.0,1.0,0.0
DCTN6,0.27394989387305363,0.3735204285068289,0.0,0.33333333333333326,0.0
DDN,0.5642534530585827,0.02142458209515402,0.0,0.33333333333333326,0.0
DDX1,0.29197987286666155,0.15273727025007366,0.0,0.33333333333333326,0.0
DDX18,0.5937908645358199,0.17714921901276287,0.0,1.0,0.0
DDX21,0.35693761178610256,0.21620784930379597,0.0,0.33333333333333326,0.0
DDX27,0.5671775234478529,0.04154714846113503,0.0,1.0,0.0
DDX39A,0.573247890345787,0.10569268250936321,0.0,0.33333333333333326,0.0
DDX50,0.37390675589562977,0.5109311052219745,0.0,1.0,0.0
DENND5A,0.44450457246387337,0.08577354047294465,0.0,0.33333333333333326,0.0
DEPDC1,0.5207618458749093,0.08165279262844516,0.0,0.33333333333333326,0.0
DESI1,0.46452709867166475,0.032604555935607835,0.0,0.33333333333333326,0.0
DGKE,0.4308760489887529,0.6541269645587645,0.0,0.33333333333333326,0.0
DHRS2,0.247530695736085,0.08540100185006655,1.0,1.0,0.0
DHRS7,0.23631804885813631,0.2214080512312883,0.0,1.0,0.0
DHX32,0.4030216702079456,0.08053553545436795,0.0,0.33333333333333326,0.0
DHX33,0.504513331650157,0.13006909526896776,0.0,0.0,0.0
DIAPH2,0.3671646933908409,0.2024818420619013,0.0,1.0,0.0
DIMT1,0.42046421547007723,0.19691194928052713,0.0,0.33333333333333326,0.0
DIPK2B,0.58894006990595,0.3214759945223943,0.0,0.33333333333333326,0.0
DKC1,0.4971834937402201,0.26978213273887997,0.0,0.0,0.0
DLD,0.17499983580843897,0.36369146264594016,0.0,1.0,0.0
DLG2,0.505117291363239,0.05426869989643751,0.0,0.33333333333333326,0.0
DLG4,0.5505957382151383,0.13000293543235777,0.0,0.33333333333333326,0.0
DLX2,0.5944313391804624,0.03901476720963847,0.0,1.0,0.0
DLX4,0.5974997838557947,0.04549913022125059,0.0,0.33333333333333326,0.0
DNAAF8,0.6394823092811611,0.18973169331686573,0.0,0.33333333333333326,0.0
DNAI1,0.5697662888815753,0.1828872520620222,0.0,0.33333333333333326,0.0
DNAJB14,0.38540345970809026,0.15319965662348164,0.0,1.0,0.0
DNAJB9,0.24189467432918607,0.4343361928085008,0.0,1.0,0.0
DNAJC28,0.5100281481640836,0.18347472077093088,0.0,0.33333333333333326,0.0
DNAJC6,0.2485496924559276,0.15737301109331353,0.0,1.0,0.0
DNASE1L2,0.5111193021457808,0.16350050339123978,0.0,0.33333333333333326,0.0
DNASE2,0.649152492956348,0.2973677035205749,0.0,0.33333333333333326,0.0
DNMT3A,0.5403341582870708,0.07477879490683159,0.0,0.33333333333333326,0.0
DOCK10,0.3813812665080367,0.2080316160207423,0.0,0.33333333333333326,0.0
DPYSL2,0.3017906128242455,0.03466815535121264,0.0,1.0,0.0
DPYSL3,0.6886574627218692,0.41277403187043954,0.0,1.0,0.0
DRG2,0.5662341151266987,0.04988574863745455,0.0,1.0,0.0
DSCAML1,0.5503027096832005,0.28263039063596995,0.0,0.0,0.0
DTNBP1,0.5471625429050554,0.2001615527604972,0.0,0.0,0.0
DUSP13B,0.6123211110004626,0.04649884891292614,0.0,0.33333333333333326,0.0
DUSP14,0.47627668780332905,0.06645947061633577,1.0,0.33333333333333326,0.0
DYNLT3,0.2690724019123342,0.11692285948053231,0.0,1.0,0.0
DYRK1B,0.5394742704253495,0.10220152395941123,0.0,0.33333333333333326,0.0
EBF2,0.6151828218884791,0.15355476981359575,0.0,1.0,0.0
ECEL1,0.5413126568570228,0.22463640363718476,0.0,0.33333333333333326,0.0
EDN3,0.27328499935683775,0.3686532424632185,1.0,1.0,0.0
EEF1D,0.5914027574882509,0.41207678158291394,1.0,1.0,0.0
EFCAB13,0.4201709023618193,0.19768189012493206,0.0,1.0,0.0
EFCAB7,0.3830664181344791,0.03021251344675119,0.0,1.0,0.0
EFHC1,0.4187681140851649,0.055282124706428834,1.0,0.33333333333333326,0.0
EFHD2,0.6542835559961422,0.7420728847754118,0.0,0.33333333333333326,0.0
EFNA2,0.5286670980472787,0.20982508602700561,0.0,0.33333333333333326,0.0
EFNA3,0.7023034670768595,0.3809529201334125,0.0,0.33333333333333326,0.0
EFNB3,0.6582155997341528,0.16485264950817635,0.0,1.0,0.0
EHBP1,0.29864404497052277,0.06170250625866554,0.0,1.0,0.0
EIF1B,0.31006821177146915,0.2250718935861149,0.0,1.0,0.0
EIF2B1,0.3631457668979355,0.23682936456227682,0.0,0.33333333333333326,0.0
EIF3D,0.4334821410968829,0.14442278383587775,0.0,0.33333333333333326,0.0
EIF3F,0.4079223363361695,0.03299105451427123,0.0,0.33333333333333326,0.0
EIF3J,0.3943725403574567,0.14124565249009152,0.0,0.33333333333333326,0.0
EIF5,0.28595189671964377,0.15596487113337087,0.0,0.33333333333333326,0.0
ELAPOR1,0.4360766108068908,0.08038658878776464,1.0,0.33333333333333326,0.0
ELMO2,0.42857831657753703,0.14058330018197152,1.0,1.0,0.0
ELP1,0.2996198301913079,0.27886845279891664,0.0,1.0,0.0
ELP4,0.37347114994460023,0.32027175354871884,0.0,1.0,0.0
EMC10,0.5795086881363158,0.21646982102352633,1.0,0.33333333333333326,0.0
ENG,0.6578736877072497,0.2956685191273194,0.0,1.0,0.0
ENGASE,0.5721339985816231,0.02324623924691261,0.0,0.33333333333333326,0.0
ENPP2,0.039263582154730726,0.2950688617135538,0.0,1.0,0.0
ENTPD1,0.6409206363881196,0.23074046579626276,0.0,1.0,0.0
ENTPD3,0.2840981839665722,0.46653546557411857,1.0,1.0,0.0
ENTREP1,0.7090388284507485,0.02635582297321955,0.0,1.0,0.0
ENTREP3,0.5411840971902182,0.045538503020928135,0.0,0.33333333333333326,0.0
EOGT,0.43169079665689436,0.04358647310762316,0.0,0.33333333333333326,0.0
EPB41L1,0.622129973811144,0.12166702214330202,0.0,0.33333333333333326,0.0
EPB41L5,0.5621632531520944,0.24668866161666145,0.0,0.33333333333333326,0.0
EPHB3,0.6027312108558469,0.09165121589743065,0.0,1.0,0.0
EPN1,0.6610458943694766,0.2984653672338608,0.0,1.0,0.0
ERBB2,0.6631679627458275,0.20774364367185777,0.0,1.0,0.0
ERLEC1,0.4223843134809574,0.11566477743502326,0.0,1.0,0.0
ERLIN1,0.35512862610821505,0.28475461024220056,0.0,1.0,0.0
ERO1B,0.2104266720065487,0.41956906105279723,1.0,1.0,0.0
ERVMER34-1,0.579847987877328,0.31569713698921414,0.0,1.0,0.0
ESR2,0.5958740235654314,0.20456402800094348,0.0,1.0,0.0
ETFDH,0.3622956630184541,0.11318915760874824,0.0,1.0,0.0
ETNK1,0.28986719137874767,0.14917786587337103,0.0,1.0,0.0
ETV4,0.6030242446155228,0.09791230860121589,0.0,1.0,0.0
EXD3,0.6391367270822548,0.30896447279002587,0.0,0.33333333333333326,0.0
EXOC2,0.4148310496916526,0.24890655651637394,0.0,1.0,0.0
EXT2,0.48504250589153336,0.10981236004039378,1.0,0.33333333333333326,0.0
EXTL1,0.5447776680037435,0.13288169146838935,0.0,0.33333333333333326,0.0
EYA1,0.5072843923162047,0.08962777783850433,0.0,0.33333333333333326,0.0
F2,0.6431901636768248,0.005240398034164562,0.0,0.33333333333333326,0.0
F2RL1,0.6135182345348842,0.14189877375256102,0.0,0.33333333333333326,0.0
F2RL3,0.6917679785396285,0.03126182832100233,0.0,0.33333333333333326,0.0
F7,0.5900143886844589,0.04255631134944796,0.0,0.33333333333333326,0.0
FA2H,0.6242258109827791,0.015339867050024365,0.0,0.33333333333333326,0.0
FAM120C,0.4964097955357263,0.26619813598289127,1.0,0.33333333333333326,0.0
FAM135A,0.4828904423151113,0.17103186772199955,1.0,0.33333333333333326,0.0
FAM153A,0.6702828321356822,0.47031841415410797,0.0,1.0,0.0
FAM171A2,0.43028314150539393,0.062130195990859144,0.0,1.0,0.0
FAM3C,0.2772786692228952,0.015658653296081317,0.0,0.33333333333333326,0.0
FBXO7,0.41506720576577777,0.09773760974984268,0.0,1.0,0.0
FBXO9,0.37183192012456495,0.07579918896599061,0.0,0.33333333333333326,0.0
FCAR,0.4757222666528007,0.20269474620768282,0.0,0.33333333333333326,0.0
FECH,0.3893988231003443,0.05546200410664638,0.0,1.0,0.0
FES,0.6081278730972356,0.1582118360271595,0.0,0.33333333333333326,0.0
FEZ2,0.48933333467578194,0.12451821103504986,0.0,0.33333333333333326,0.0
FFAR1,0.3970859481236727,0.5115479185861409,0.0,1.0,0.0
FGF7,0.6202691016401128,0.15967527121692202,0.0,1.0,0.0
FHL2,0.45620001575603664,0.2838035485712065,0.0,0.33333333333333326,0.0
FHL3,0.6421120264584367,0.48320772092187875,0.0,1.0,0.0
FKBP2,0.5350777103602432,0.22698164447247443,0.0,0.33333333333333326,0.0
FMNL2,0.620915128100452,0.20132690510553636,0.0,1.0,0.0
FMO2,0.641959219468495,0.11433992626169576,0.0,1.0,0.0
FNBP1L,0.274641286284838,0.06211445616068837,0.0,1.0,0.0
FNTA,0.4509807808589751,0.03305172086078672,0.0,0.33333333333333326,0.0
FOLH1,0.4570181068290815,0.2885773758890785,0.0,0.0,0.0
FOXA2,0.5680500617466426,0.03175754221160885,0.0,0.33333333333333326,0.0
FOXC1,0.7710064312865226,0.1670584734651778,0.0,1.0,0.0
FOXD1,0.4878103118726524,0.013780219326548646,0.0,0.33333333333333326,0.0
FOXD4L1,0.6614116015765423,0.1390405243509511,0.0,1.0,0.0
FOXE1,0.4732259378170757,0.08072358851856984,0.0,0.33333333333333326,0.0
FOXJ3,0.399244550293224,0.06986378636578265,0.0,1.0,0.0
FOXN3,0.6611657090753604,0.22824874880930948,0.0,0.33333333333333326,0.0
FPGS,0.5870158168157917,0.19499626612943102,0.0,1.0,0.0
FRAS1,0.6415820456981683,0.04961460522012706,0.0,0.33333333333333326,0.0
FRMD4A,0.692029567622468,0.2239882643009273,0.0,1.0,0.0
FRMD4B,0.6067441591723943,0.07559594573462772,0.0,1.0,0.0
FRS2,0.6327145837580593,0.09091625199470366,0.0,0.33333333333333326,0.0
FRY,0.29003005117974073,0.1505460588793733,0.0,1.0,0.0
FTCD,0.56188422822917,0.09311483166865954,0.0,0.33333333333333326,0.0
FTSJ1,0.40657839657178335,0.3727662411387099,0.0,0.33333333333333326,0.0
FUT5,0.48390837741574,0.18130583701738145,0.0,0.33333333333333326,0.0
FXN,0.47662304920692583,0.2205482992827513,0.0,0.33333333333333326,0.0
FXR2,0.5259416911997187,0.049137006819095816,0.0,0.33333333333333326,0.0
G6PC1,0.5641474871118387,0.25004307547900073,0.0,0.33333333333333326,0.0
G6PC2,0.3726962967292461,0.04980416999047592,0.0,1.0,0.0
GABBR1,0.6431767843998096,0.06449653379792733,0.0,0.33333333333333326,0.0
GABRA2,0.4145116647600171,0.2215683353741081,0.0,0.33333333333333326,0.0
GABRA3,0.5438516430345618,0.09752071792002957,0.0,0.33333333333333326,0.0
GABRG2,0.5199847725261274,0.04711900124016363,0.0,0.33333333333333326,0.0
GABRG3,0.47053166186572354,0.14878853465581093,0.0,0.33333333333333326,0.0
GADD45B,0.6155268431592702,0.1168414551053466,0.0,1.0,0.0
GALR2,0.5890304336967942,0.22116637626611288,0.0,0.33333333333333326,0.0
GAP43,0.6659567810004777,0.14448319160817175,0.0,0.33333333333333326,0.0
GATA1,0.5522769686999155,0.3389028762955507,0.0,0.33333333333333326,0.0
GATC,0.4365452617762251,0.10879839835924272,0.0,0.33333333333333326,0.0
GBP3,0.6825677890418009,0.18308338529753332,0.0,1.0,0.0
GCC2,0.30596986987606467,0.15026276847847067,0.0,1.0,0.0
GCNT4,0.5066460121617703,0.30530635655282556,0.0,0.33333333333333326,0.0
GDAP1,0.42299628958549274,0.13524569661768912,0.0,0.33333333333333326,0.0
GDF3,0.591668718717131,0.10779097626890984,0.0,1.0,0.0
GET1,0.28608291581704753,0.19140103548777648,0.0,1.0,0.0
GFAP,0.6235219751027082,0.1734565903668891,0.0,0.33333333333333326,0.0
GFPT1,0.28712156008279366,0.16573781256173287,0.0,1.0,0.0
GFPT2,0.6445680094796937,0.07155749114504777,0.0,1.0,0.0
GFRA3,0.5031951747291228,0.04755925280475075,0.0,0.33333333333333326,0.0
GGCT,0.3977542657304483,0.11950877745867738,0.0,0.33333333333333326,0.0
GHDC,0.5472600113260937,0.05603050460611886,0.0,0.0,0.0
GHRH,0.609494309885671,0.14036458074912464,0.0,0.33333333333333326,0.0
GIMAP5,0.5133825729963198,0.28767056580926265,0.0,0.0,0.0
GJB4,0.6177707314550503,0.1832317380643347,0.0,1.0,0.0
GJC2,0.6151436114411644,0.3531740489004509,0.0,0.33333333333333326,0.0
GK3,0.5040506510104107,0.08038375361883306,0.0,0.33333333333333326,0.0
GLP1R,0.510236598003684,0.5521734746342605,0.0,0.33333333333333326,0.0
GLRA1,0.444102457468807,0.4658365483042031,0.0,0.33333333333333326,0.0
GLT8D1,0.43446471349432064,0.14659211352353516,1.0,0.33333333333333326,0.0
GM2A,0.5236646509600431,0.24990289095771043,0.0,0.33333333333333326,0.0
GMEB2,0.6181520506921275,0.23107969027256497,0.0,1.0,0.0
GMFB,0.3245196186929049,0.24703188751635735,0.0,0.33333333333333326,0.0
GNG12,0.5498711453484623,0.2894881624167769,0.0,0.33333333333333326,0.0
GNG3,0.5085086193712172,0.0331338428501924,0.0,0.33333333333333326,0.0
GNG7,0.40497459784155204,0.38220630012393814,0.0,0.33333333333333326,0.0
GNL1,0.5864296410252088,0.2799618741920844,0.0,1.0,0.0
GOLGA5,0.1989514205778787,0.33586231518144694,0.0,1.0,0.0
GORASP2,0.3428260321272592,0.3006715451989031,0.0,1.0,0.0
GP1BA,0.5359071576403291,0.08182422590311961,0.0,0.33333333333333326,0.0
GP2,0.6559374249465726,0.1422912566853572,0.0,1.0,0.0
GPATCH4,0.580487936771433,0.13799656251249898,0.0,1.0,0.0
GPC3,0.6881239317444687,0.4977336139658765,0.0,1.0,0.0
GPHRA,0.3313028560217671,0.5597174408366394,0.0,1.0,0.0
GPM6A,0.26466127229785,0.06791873003071136,0.0,0.33333333333333326,0.0
GPR157,0.5977674455727036,0.18787666778534753,0.0,0.33333333333333326,0.0
GPR158,0.3891996627776767,0.2124852846758872,0.0,1.0,0.0
GPR183,0.46901573373324845,0.03364494618582641,0.0,0.33333333333333326,0.0
GPR31,0.6117131967830712,0.0855992923468287,0.0,0.33333333333333326,0.0
GPX5,0.6108178305241603,0.23981113919975,0.0,1.0,0.0
GPX7,0.34884454822543054,0.30283382066234155,0.0,1.0,0.0
GRAMD2B,0.34367683911584795,0.37777779262889183,1.0,1.0,0.0
GREB1,0.5247871922941042,0.3069861744079951,0.0,0.33333333333333326,0.0
GRIA2,0.31977372201795407,0.01274819230309739,0.0,0.33333333333333326,0.0
GRIK5,0.6568015884785465,0.03152737645206716,0.0,0.33333333333333326,0.0
GRM1,0.5154032257822364,0.12841597468989785,0.0,0.33333333333333326,0.0
GRM3,0.5491508241288382,0.3002103784714739,0.0,0.33333333333333326,0.0
GRM4,0.6078749151965258,0.09105370230551835,0.0,0.33333333333333326,0.0
GRPEL1,0.4314499218878406,0.13864152418853484,1.0,0.33333333333333326,0.0
GRSF1,0.35511258577115795,0.16500845252710283,1.0,1.0,0.0
GTF2IRD2B,0.5311995456095014,0.13012121733724594,0.0,0.0,0.0
GTF3C2,0.39797233209222677,0.03041317316811253,0.0,0.33333333333333326,0.0
GUCA1A,0.5915987611203062,0.08163496321559824,0.0,1.0,0.0
GUCY1B1,0.27298578713769256,0.12609055591960724,0.0,1.0,0.0
H1-5,0.4948044250768334,0.07221392138868857,0.0,0.33333333333333326,0.0
H4C7,0.6556953308278449,0.10706727451059718,0.0,1.0,0.0
HADH,0.40420864524121247,0.1587542883461299,0.0,1.0,0.0
HAP1,0.5415137899356106,0.4938871100830036,0.0,0.33333333333333326,0.0
HAUS2,0.6837041314517462,0.2158349323897082,0.0,1.0,0.0
HBP1,0.3959618242259688,0.20405274746192742,0.0,0.33333333333333326,0.0
HCFC2,0.3970009876869733,0.028574256590701234,0.0,1.0,0.0
HDAC7,0.6196166832075132,0.23978805929247848,0.0,0.33333333333333326,0.0
HDDC2,0.36251588567231635,0.25910195651241785,0.0,0.33333333333333326,0.0
HEATR1,0.5793484669811739,0.002373146438351828,0.0,0.33333333333333326,0.0
HEY2,0.6077262526471838,0.13262077648180995,0.0,1.0,0.0
HEYL,0.5891932414554527,0.08519204322355954,0.0,0.33333333333333326,0.0
HGF,0.6068959259304474,0.2205561812315927,0.0,0.33333333333333326,0.0
HGS,0.5583628823562441,0.12654008500149805,0.0,1.0,0.0
HHATL,0.22913958602784174,0.2723463334459071,0.0,1.0,0.0
HIKESHI,0.3844894266224481,0.4235658849624804,0.0,0.33333333333333326,0.0
HLF,0.34191208996951916,0.06477887559440135,0.0,1.0,0.0
HMBOX1,0.5735718686356194,0.3479411754686322,0.0,0.33333333333333326,0.0
HMGA1,0.6602954876164052,0.3221433846076103,0.0,1.0,0.0
HMGCR,0.1445323139890799,0.17762540056374007,0.0,1.0,0.0
HMGN5,0.41715719145276303,0.11148963537086405,0.0,0.33333333333333326,0.0
HMMR,0.5963820589888501,0.36004656856081313,1.0,0.33333333333333326,0.0
HNF1A,0.5363888125082997,0.12220913033126152,0.0,0.33333333333333326,0.0
HNF1B,0.64482430199777,0.11012045478894877,0.0,1.0,0.0
HNRNPAB,0.4178937615742793,0.16957098867847986,0.0,0.33333333333333326,0.0
HNRNPF,0.3647451489466966,0.2646898156683542,0.0,0.33333333333333326,0.0
HOPX,0.14957155152221796,0.04165102385581443,0.0,1.0,0.0
HOXA4,0.5529416189622668,0.11001149495158925,0.0,0.33333333333333326,0.0
HOXB13,0.6174775923764788,0.013657629960062844,0.0,0.33333333333333326,0.0
HOXB7,0.5682711938656682,0.013654153099722614,0.0,1.0,0.0
HOXC10,0.4845564139454051,0.18193325963897486,0.0,0.33333333333333326,0.0
HOXC4,0.6640424521521591,0.1710623354085921,0.0,1.0,0.0
HPRT1,0.2524973927238853,0.3286692132269817,0.0,1.0,0.0
HPS6,0.6169064345929054,0.057242579788874745,0.0,1.0,0.0
HRH2,0.534946038987855,0.22103253767654202,0.0,0.33333333333333326,0.0
HS6ST2,0.3348765559970275,0.7458066695411072,0.0,1.0,0.0
HSD17B12,0.28774954360575355,0.19805194648319474,0.0,1.0,0.0
HSD17B4,0.3235139882780781,0.11731615821232914,0.0,1.0,0.0
HTR2B,0.5193187337866849,0.04455379323916045,0.0,0.33333333333333326,0.0
IAPP,0.10003455161688378,0.41726519837152737,1.0,1.0,0.0
IARS1,0.20503423515043384,0.5156131472227691,0.0,0.33333333333333326,0.0
ID4,0.31447156301241996,0.21638114444262344,0.0,0.33333333333333326,0.0
IFFO1,0.5264155436234625,0.21718226525923132,0.0,0.33333333333333326,0.0
IFNA6,0.44652795818677166,0.24865822996202552,1.0,0.33333333333333326,0.0
IFNW1,0.5481642381770897,0.19507597909743005,0.0,0.33333333333333326,0.0
IGF1R,0.5777906475526431,0.3111387722081573,0.0,0.33333333333333326,0.0
IGF2BP2,0.7203078370961732,0.22973420536428069,0.0,1.0,0.0
IGFBP1,0.49619687423931713,0.26337032360041635,0.0,0.33333333333333326,0.0
IGK,0.7387081150366855,0.1590650107969171,0.0,1.0,0.0
IGSF11,0.4130852038960547,0.10196656084797939,0.0,1.0,0.0
IGSF9B,0.6020637143128572,0.2144996021250191,0.0,0.33333333333333326,0.0
IKZF2,0.5276206162624999,0.1021131796816416,0.0,0.33333333333333326,0.0
IL11,0.6334220646335836,0.28576082433432937,0.0,0.33333333333333326,0.0
IL12RB1,0.5852230180195918,0.16470362174743214,0.0,0.33333333333333326,0.0
IL13RA2,0.3595220693929746,0.17959754686054863,0.0,0.33333333333333326,0.0
IL17A,0.4751574744738744,0.05988451975972245,0.0,0.33333333333333326,0.0
IL1RL1,0.6828418128759789,0.22682460025295142,0.0,1.0,0.0
IL2RG,0.5898752824929614,0.05612040780411443,0.0,0.33333333333333326,0.0
IL6ST,0.33150322801874255,0.03705744526795664,0.0,0.33333333333333326,0.0
IL7R,0.6479010627223422,0.1362420733637889,0.0,1.0,0.0
IMP4,0.44657490135750755,0.3388464218474692,0.0,0.33333333333333326,0.0
INPP5D,0.681356908382703,0.2580974559395526,0.0,1.0,0.0
INPP5F,0.2507534746948437,0.12054953851040216,0.0,1.0,0.0
INTS11,0.5792815183260003,0.175560563231082,0.0,1.0,0.0
IPO4,0.3819744540616865,0.1663962750468956,0.0,0.33333333333333326,0.0
IPO5,0.40892149991972865,0.21908473617824437,0.0,0.33333333333333326,0.0
IQSEC1,0.438393903472142,0.23440380990814647,0.0,1.0,0.0
IRF4,0.5383155639707105,0.19773130522469892,0.0,0.33333333333333326,0.0
ISG20L2,0.3682077634909266,0.05779148816777657,0.0,0.33333333333333326,0.0
ISL1,0.5248330238518919,0.09154416648597694,0.0,0.33333333333333326,0.0
ITFG1,0.28526585671683286,0.15779521786670708,0.0,0.33333333333333326,0.0
ITGB4,0.6349908871338171,0.34574281081346137,0.0,0.33333333333333326,0.0
ITGB7,0.5754737213595907,0.1564399848846941,0.0,0.33333333333333326,0.0
ITIH1,0.6082236264654656,0.020111727816151056,0.0,1.0,0.0
ITPK1,0.6122037042344427,0.17289356929289593,0.0,0.33333333333333326,0.0
ITPKC,0.5957761544556179,0.06106598651656167,0.0,1.0,0.0
JAK3,0.5363950276255752,0.14599858053195156,0.0,0.33333333333333326,0.0
JARID2,0.5396272594412618,0.09409335411047033,0.0,0.33333333333333326,0.0
JAZF1,0.39927632366203264,0.12968233754296102,0.0,1.0,0.0
JCAD,0.6188535559565805,0.0723112409616353,0.0,1.0,0.0
JKAMP,0.4435222427723732,0.12471071358076782,0.0,1.0,0.0
JOSD1,0.3894590975018681,0.24225166361170072,0.0,0.33333333333333326,0.0
JPT1,0.5885209308704761,0.02314888670692866,0.0,1.0,0.0
KAT2B,0.405113391369937,0.15944772200368632,0.0,1.0,0.0
KCNB2,0.488813630182686,0.3151692525819438,1.0,0.33333333333333326,0.0
KCNE5,0.44808464131467174,0.19320519967465064,0.0,0.33333333333333326,0.0
KCNG1,0.58369027254773,0.20061279149639943,0.0,1.0,0.0
KCNG3,0.3544919303497258,0.3741851953382456,0.0,1.0,0.0
KCNH1,0.5073206423571083,0.2166675325417877,0.0,0.33333333333333326,0.0
KCNH6,0.5887539101445258,0.05152044248850825,0.0,0.33333333333333326,0.0
KCNJ5,0.532530441999276,0.12487945805916525,0.0,0.33333333333333326,0.0
KCNJ6,0.32978914462979864,0.034277192810500554,0.0,1.0,0.0
KCTD13,0.5442680198021194,0.05203600302730052,0.0,0.33333333333333326,0.0
KCTD7,0.39037377149606767,0.2501438318875328,0.0,1.0,0.0
KDM1A,0.43163709464515443,0.07625209609989007,0.0,1.0,0.0
KDM5C,0.6361538811377296,0.10583346471053898,0.0,1.0,0.0
KDSR,0.5709593767015257,0.16630863748902933,0.0,0.33333333333333326,0.0
KIAA0040,0.6473994707646976,0.21789666597634508,0.0,1.0,0.0
KIAA1614,0.6157802087988095,0.3356281817744452,0.0,1.0,0.0
KIF17,0.5446932761961438,0.1978056926864418,0.0,0.33333333333333326,0.0
KIF4A,0.4990654576281274,0.3398027334589829,0.0,0.33333333333333326,0.0
KIF5C,0.1644513072170475,0.16135800064198896,0.0,1.0,0.0
KITLG,0.5551238036319119,0.007749889560467468,0.0,1.0,0.0
KLF12,0.6134823997604323,0.10730446854474823,0.0,0.33333333333333326,0.0
KLHL22,0.6181091113903437,0.18052071487902507,0.0,0.33333333333333326,0.0
KLHL28,0.4857078775735427,0.3367906419756914,0.0,0.33333333333333326,0.0
KLHL29,0.4776435266339326,0.06571142674303719,0.0,0.33333333333333326,0.0
KLHL41,0.21321896382106467,0.2512366819096615,0.0,0.33333333333333326,0.0
KLHL9,0.3986614635278531,0.3578950668730766,0.0,1.0,0.0
KLK1,0.8245373644272564,0.08162593509863948,0.0,1.0,0.0
KLK7,0.6627815611042907,0.04661757558230991,0.0,1.0,0.0
KLRB1,0.5779515225648693,0.06913687218051828,0.0,0.33333333333333326,0.0
KLRD1,0.561179336609618,0.20281490326103907,0.0,0.33333333333333326,0.0
KNL1,0.5345806877854217,0.06962695387006314,0.0,0.33333333333333326,0.0
KRT1,0.6236154891973368,0.37106916688552544,0.0,0.33333333333333326,0.0
KRT16,0.5723102111773875,0.08946266408003013,1.0,1.0,0.0
KRT19,0.6385084680287588,0.170781435612347,0.0,0.33333333333333326,0.0
KRT33A,0.5344751898086558,0.23677955972856074,0.0,0.33333333333333326,0.0
KRT6B,0.49448688849035427,0.013422658709343371,0.0,0.33333333333333326,0.0
KRT80,0.6949693768362415,0.45756021981886913,0.0,1.0,0.0
KRTAP7-1,0.4976746532229377,0.025089945047897588,0.0,0.0,0.0
L1CAM,0.6482908424816496,0.4650736901082889,0.0,0.33333333333333326,0.0
LAMA3,0.4709179284745333,0.19270171173000689,0.0,0.33333333333333326,0.0
LBP,0.5735300474650037,0.22217752988127365,0.0,0.33333333333333326,0.0
LCOR,0.5885283202561672,0.21546791555933767,0.0,0.33333333333333326,0.0
LDAF1,0.5731658180521085,0.10291568328063223,1.0,1.0,0.0
LDB1,0.5476453558223633,0.09095950395808093,0.0,0.33333333333333326,0.0
LDHA,0.6113382928199929,0.2805839543128406,0.0,0.33333333333333326,0.0
LDLRAD4,0.5516756709195444,0.04658415939861258,0.0,0.33333333333333326,0.0
LETMD1,0.36079421869411,0.1603880182901946,0.0,1.0,0.0
LHFPL2,0.7125539915635776,0.0569388646935198,0.0,0.33333333333333326,0.0
LHPP,0.5555827546773524,0.18924642186730212,0.0,0.33333333333333326,0.0
LIMS1,0.4728450854231008,0.40481708185588106,0.0,0.0,0.0
LIMS2,0.5055959168982582,0.3168483282095072,0.0,0.33333333333333326,0.0
LIN7C,0.3159167681233553,0.1332547522203378,0.0,1.0,0.0
LLPH,0.5642367083852402,0.01789434463994402,0.0,0.33333333333333326,0.0
LMAN1,0.508557714895972,0.11663524510993191,1.0,0.33333333333333326,0.0
LMBRD1,0.28128456037514005,0.2981274175940006,1.0,1.0,0.0
LMNA,0.6555641443305986,0.47279632420384454,0.0,1.0,0.0
LMO3,0.6174220355742833,0.14643260724378088,0.0,0.33333333333333326,0.0
LMO4,0.6378731278550354,0.0974940268918033,0.0,0.33333333333333326,0.0
LPAR3,0.49836463025694566,0.3814894179627248,1.0,0.33333333333333326,0.0
LPAR4,0.46183738854989337,0.09588784556036911,0.0,0.33333333333333326,0.0
LRFN2,0.38445662300713573,0.8257441801310724,0.0,1.0,0.0
LRFN3,0.5892047256804981,0.08859636316278845,1.0,0.33333333333333326,0.0
LRRC59,0.3822309211262121,0.5228430168117923,0.0,0.33333333333333326,0.0
LRRFIP1,0.6639605189804065,0.29459925368759227,0.0,1.0,0.0
LSM12,0.4590054281377265,0.31643494506961206,1.0,0.33333333333333326,0.0
LSM2,0.37691548970520355,0.1955556560273571,0.0,0.33333333333333326,0.0
LSM7,0.43548571571954714,0.029869536381373605,0.0,0.33333333333333326,0.0
LSR,0.6081511662012143,0.0896516249067823,1.0,1.0,0.0
LUZP2,0.5137393902370969,0.08170243154005764,0.0,0.33333333333333326,0.0
LYPD3,0.5358353963955433,0.16570043895184602,0.0,0.33333333333333326,0.0
MADCAM1,0.6133426700513027,0.0982479944567827,0.0,1.0,0.0
MAFB,0.13044145570526325,0.3565916067158915,0.0,1.0,0.0
MAG,0.5955183756511945,0.09052591120648919,0.0,0.33333333333333326,0.0
MAGEB4,0.4994617182228213,0.1611620552382953,0.0,0.33333333333333326,0.0
MAGED1,0.35534343269934265,0.09506976188215832,0.0,1.0,0.0
MAGED2,0.3803865865757716,0.12813667630006062,0.0,0.33333333333333326,0.0
MAGEL2,0.40269592309512725,0.010968683643426711,0.0,1.0,0.0
MAGI2,0.283962507516252,0.08874988688275753,0.0,1.0,0.0
MAK16,0.4137591250376678,0.2759315147856666,1.0,0.33333333333333326,0.0
MAML3,0.4655923512021262,0.11937354722009622,1.0,0.33333333333333326,0.0
MAP1LC3A,0.5455820184667246,0.13441371329667187,0.0,0.0,0.0
MAP3K11,0.6842179477016402,0.35650616957123565,0.0,0.33333333333333326,0.0
MAP3K19,0.5775876368444052,0.05357943827016263,0.0,0.33333333333333326,0.0
MAP3K20,0.5936332215739872,0.24074979197691837,0.0,1.0,0.0
MAP4K1,0.6813301256453065,0.05382614928121441,0.0,0.33333333333333326,0.0
MAP4K2,0.5554530350880084,0.10918469769815912,0.0,0.33333333333333326,0.0
MAP7,0.37016596062564255,0.13032296594352624,0.0,0.33333333333333326,0.0
MAP7D3,0.5475084407036768,0.07823303506316832,0.0,0.33333333333333326,0.0
MAPK12,0.6125116999372464,0.15393117265656803,0.0,0.33333333333333326,0.0
MAPK6,0.32420616670349106,0.06180354405886414,0.0,0.33333333333333326,0.0
MAPK9,0.3154603125809252,0.08185344667871237,0.0,1.0,0.0
MAPRE1,0.3005378847184289,0.4609229642688246,0.0,1.0,0.0
MAPRE3,0.5612575525788742,0.24635359467298626,0.0,0.33333333333333326,0.0
MARCKSL1,0.5921366821883741,0.08077052105990302,0.0,1.0,0.0
MARCO,0.6022841023697579,0.07709256992077967,0.0,0.33333333333333326,0.0
MARK1,0.3664453778846071,0.14253226975339228,0.0,1.0,0.0
MASP2,0.6774701562992932,0.0653821544931749,0.0,0.33333333333333326,0.0
MAST1,0.5682569684282712,0.1320511275058083,0.0,0.33333333333333326,0.0
MAT2B,0.31057280602550325,0.16202151496535847,0.0,0.33333333333333326,0.0
MATN4,0.6324652951004403,0.20838999706441613,0.0,0.33333333333333326,0.0
MBD1,0.42505802659089664,0.4340554961949569,0.0,0.33333333333333326,0.0
MBD2,0.38142218009487694,0.20250116155520173,0.0,0.33333333333333326,0.0
MBD5,0.5197161936366507,0.0720982844456276,0.0,0.33333333333333326,0.0
MBOAT2,0.4149065211551264,0.0707048662511498,0.0,0.33333333333333326,0.0
MBTD1,0.5359579853128541,0.21538742080163237,0.0,0.33333333333333326,0.0
MC1R,0.6084870229877819,0.22599342457831317,0.0,0.33333333333333326,0.0
MCFD2,0.491877658692252,0.10418866869605004,0.0,0.33333333333333326,0.0
MCM4,0.5806685841728534,0.33015468730693903,0.0,1.0,0.0
MCOLN3,0.36211804091859434,0.417517190377269,0.0,1.0,0.0
MDN1,0.4711547604045487,0.15135072552770062,0.0,0.33333333333333326,0.0
ME2,0.23378789421294138,0.3413351208911214,0.0,1.0,0.0
MECP2,0.5363216536580029,0.028719003711092476,0.0,0.33333333333333326,0.0
MEGF9,0.36462385437861633,0.33556572926699857,0.0,1.0,0.0
MEIS2,0.2678387487011358,0.18478515587552669,0.0,0.33333333333333326,0.0
MEST,0.4301860293309402,0.19416387833544943,0.0,0.33333333333333326,0.0
MFAP4,0.655835848075898,0.26134188653820284,0.0,0.33333333333333326,0.0
MFNG,0.5397947953165463,0.2699575580695751,0.0,0.33333333333333326,0.0
MGAT2,0.384813357711211,0.13655588298785623,0.0,0.33333333333333326,0.0
MGAT3,0.6013119179749815,0.1389749354206115,0.0,0.33333333333333326,0.0
MGST1,0.586230326030464,0.012270623606839526,0.0,1.0,0.0
MIA2,0.43766804730774994,0.3684918651806082,0.0,1.0,0.0
MICB,0.6644778748000624,0.5109078221609923,0.0,1.0,0.0
MINDY1,0.5213106189662429,0.0184619847904168,0.0,0.33333333333333326,0.0
MINPP1,0.4182549117036103,0.10852356960451119,0.0,0.33333333333333326,0.0
MKI67,0.5056498382622996,0.10399242842031459,0.0,0.33333333333333326,0.0
MKNK2,0.7072212524506821,0.24297437499888289,0.0,1.0,0.0
MLH3,0.5393639672068711,0.18702191212839175,0.0,0.33333333333333326,0.0
MLIP,0.6735511836163264,0.30766348087531253,0.0,0.33333333333333326,0.0
MLLT10,0.5750671159644427,0.2922386160652679,0.0,0.33333333333333326,0.0
MLLT11,0.28969240803822505,0.08298871932461802,0.0,1.0,0.0
MLN,0.6078042190160449,0.19451983547584217,0.0,0.33333333333333326,0.0
MLPH,0.6385614507003207,0.1809241679685397,1.0,1.0,0.0
MMP11,0.5506516915465752,0.22237255139759057,0.0,0.33333333333333326,0.0
MMP14,0.6111998531941709,0.06761768016154814,0.0,0.33333333333333326,0.0
MMP19,0.6338260480208578,0.20260141893997466,0.0,1.0,0.0
MMP3,0.6592958325002038,0.32410368270859874,0.0,0.33333333333333326,0.0
MMP7,1.0,0.18622152155911706,0.0,1.0,0.0
MNT,0.5300863748819339,0.08891060845827219,0.0,0.33333333333333326,0.0
MOB1A,0.41563318930626697,0.09205408069914547,0.0,0.33333333333333326,0.0
MOCOS,0.4977329071010142,0.05407301745742608,0.0,0.33333333333333326,0.0
MOCS3,0.5521751214415753,0.01930523752774449,0.0,0.33333333333333326,0.0
MON2,0.35314041665450707,0.3908506664117295,0.0,1.0,0.0
MORF4L1,0.33134807926248916,0.16365598933353936,0.0,1.0,0.0
MORF4L2,0.37085873574533307,0.13366610060555278,0.0,1.0,0.0
MOSPD3,0.613636177915962,0.18551161343424669,0.0,1.0,0.0
MPHOSPH9,0.49680819276100674,0.18482837103002087,1.0,0.33333333333333326,0.0
MPP1,0.4210290616675699,0.26748619131580864,0.0,1.0,0.0
MPP2,0.5420896651480213,0.03856721863250428,0.0,0.33333333333333326,0.0
MPP3,0.4993241413004505,0.09927821853020888,0.0,0.33333333333333326,0.0
MRAS,0.5025979358409434,0.1656994859170013,0.0,0.33333333333333326,0.0
MROH9,0.5121764149249702,0.10620403144153008,0.0,0.33333333333333326,0.0
MRPL15,0.3637023312991176,0.31668211504820976,0.0,0.33333333333333326,0.0
MRPL28,0.6142317373387532,0.15251450352468454,0.0,1.0,0.0
MRPL3,0.3563002935664252,0.34962519711203593,1.0,0.33333333333333326,0.0
MRPL39,0.35745890628327986,0.2033004801367061,0.0,0.33333333333333326,0.0
MRPL4,0.5515331946761077,0.0489546609095813,0.0,1.0,0.0
MRPS11,0.4490189147510894,0.1798451630210554,0.0,0.33333333333333326,0.0
MRPS12,0.35631334645816054,0.15946374456092033,0.0,0.33333333333333326,0.0
MRPS2,0.5474859173709641,0.0828583570870109,0.0,0.33333333333333326,0.0
MRPS33,0.36288413675943204,0.10428283336871665,0.0,1.0,0.0
MRTFA,0.6413894807838608,0.24464398712114638,0.0,1.0,0.0
MS4A5,0.6404863743237226,0.10531314269260546,0.0,1.0,0.0
MSI1,0.5116932396994568,0.11154653269774499,1.0,0.33333333333333326,0.0
MSN,0.6255200051424252,0.19526235883831206,0.0,0.33333333333333326,0.0
MSRB1,0.5784008759864298,0.04203717144779507,0.0,1.0,0.0
MST1R,0.5920665163266391,0.018621103325798742,0.0,0.33333333333333326,0.0
MT2A,0.751284935814399,0.11726729669693511,0.0,1.0,0.0
MTCL2,0.5901968736294798,0.19935646274814406,0.0,0.33333333333333326,0.0
MTHFD2,0.38711569118402533,0.04048135196476148,0.0,0.33333333333333326,0.0
MTMR10,0.4990002352868117,0.07100613477699096,0.0,0.33333333333333326,0.0
MTR,0.34890640040875787,0.1618359534555222,0.0,1.0,0.0
MTRF1L,0.5676136778529673,0.015236740387221896,0.0,1.0,0.0
MTSS1,0.5005943210791854,0.10271792742041236,0.0,0.33333333333333326,0.0
MTURN,0.5665645250812255,0.2089162236341943,0.0,0.0,0.0
MTUS1,0.457554347196299,0.12641729989820089,0.0,0.33333333333333326,0.0
MTUS2,0.3333956475134109,0.24028628198854132,1.0,1.0,0.0
MTX1,0.5751164675443751,0.30541341899696883,0.0,0.33333333333333326,0.0
MUC6,0.671899286586911,0.05205755131535573,0.0,0.33333333333333326,0.0
MUL1,0.5510349280527277,0.014919612841486352,0.0,1.0,0.0
MUSK,0.5471325725056829,0.0916834511917791,0.0,0.33333333333333326,0.0
MYBBP1A,0.5714929253626395,0.2522006148297807,0.0,0.33333333333333326,0.0
MYCN,0.5391756852129449,0.09350217395412216,0.0,0.33333333333333326,0.0
MYG1,0.4589973457730126,0.19844820297533822,0.0,0.33333333333333326,0.0
MYH14,0.5926876253923331,0.36272269503646287,0.0,0.33333333333333326,0.0
MYO5C,0.3304296224424774,0.11527522865121706,0.0,0.33333333333333326,0.0
MYO7A,0.5246981966977454,0.36031355233797197,0.0,0.33333333333333326,0.0
MYOG,0.6399199974015592,0.22331069805533652,0.0,0.33333333333333326,0.0
MYOT,0.6878584034122538,0.12571649416334463,0.0,1.0,0.0
MYOZ1,0.6154451977913621,0.1112663285608576,0.0,0.33333333333333326,0.0
MYT1,0.5327401050621693,0.26054461894563663,0.0,0.33333333333333326,0.0
N4BP3,0.49621458410363817,0.15523290131027492,0.0,0.33333333333333326,0.0
NAALADL1,0.6105819822171471,0.2378183676747891,0.0,1.0,0.0
NACAD,0.6570546628282828,0.1693657143940589,0.0,0.33333333333333326,0.0
NAXD,0.35518010688157925,0.1247081845471006,0.0,1.0,0.0
NBEA,0.31648022810115045,0.23709858772717268,1.0,1.0,0.0
NBEAL1,0.3894064889677648,0.16783778541096092,0.0,0.33333333333333326,0.0
NCAM1,0.5561263603616413,0.17660574742391963,0.0,0.33333333333333326,0.0
NCAPG,0.5138942058430555,0.03759369894477363,0.0,0.33333333333333326,0.0
NCBP2,0.37008115344613624,0.29449529151196,0.0,0.33333333333333326,0.0
NCF4,0.6249293883000098,0.32279342462868943,0.0,0.33333333333333326,0.0
NCOA4,0.3472022804754498,0.12198160363373325,0.0,1.0,0.0
NDP,0.5994740084019105,0.08550973988540257,0.0,1.0,0.0
NDST3,0.6150908244929347,0.27873675350761407,0.0,1.0,0.0
NDST4,0.5021234674816205,0.10094300368255947,0.0,0.33333333333333326,0.0
NDUFAF3,0.46426428137580816,0.11148816071855469,0.0,0.33333333333333326,0.0
NDUFAF5,0.5233427161479691,0.09119602267723477,0.0,0.33333333333333326,0.0
NEBL,0.2814458433147048,0.27031895610779966,0.0,1.0,0.0
NECTIN3,0.3117571359992288,0.27038803453799587,0.0,1.0,0.0
NEDD4L,0.41429425491543087,0.06486322974485724,0.0,0.33333333333333326,0.0
NEFL,0.6632514722468648,0.5966035481760076,0.0,1.0,0.0
NEFM,0.44982227648492823,0.29732134100514684,0.0,0.33333333333333326,0.0
NEIL3,0.5249135081226447,0.032201079738649524,0.0,0.33333333333333326,0.0
NEK1,0.3528164306669834,0.15098035286326633,0.0,1.0,0.0
NEK2,0.5254150799756327,0.16440964024000365,0.0,0.33333333333333326,0.0
NEK6,0.5690351002875177,0.11126085096169523,0.0,1.0,0.0
NEO1,0.408373055326552,0.021013910415266856,0.0,0.33333333333333326,0.0
NEU3,0.7590418444521542,0.26263280560025876,0.0,1.0,0.0
NEUROD2,0.5398114157383109,0.05620004385161192,0.0,0.33333333333333326,0.0
NEXMIF,0.36962224281906103,0.2215695234560719,0.0,1.0,0.0
NFATC4,0.654447537890195,0.1356831802121332,0.0,1.0,0.0
NFKBIA,0.6694267904512328,0.035503174227060494,0.0,1.0,0.0
NHERF4,0.6368671774091049,0.19944296025167532,0.0,0.33333333333333326,0.0
NHLH2,0.815810387568576,0.3765268914412894,0.0,1.0,0.0
NIN,0.5991992796647513,0.01725719560840662,0.0,0.33333333333333326,0.0
NKX2-2,0.20488024403935357,0.3296650200409869,0.0,1.0,0.0
NKX6-1,0.4894116169053532,0.3561772291496366,0.0,0.33333333333333326,0.0
NLK,0.4373627872716682,0.5848247849705455,0.0,0.33333333333333326,0.0
NLN,0.6186559105775166,0.13983773568523158,0.0,1.0,0.0
NLRP1,0.5969782712804169,0.2764023293992836,0.0,1.0,0.0
NME9,0.511427704383432,0.13905824480325846,0.0,0.0,0.0
NMNAT2,0.3516585688125397,0.0675861737261961,0.0,1.0,0.0
NNAT,0.4981971412713924,0.2905989094575371,0.0,0.33333333333333326,0.0
NOC4L,0.6352478520211199,0.060985834512994684,0.0,1.0,0.0
NOD1,0.6070951329378542,0.24182633120929886,0.0,1.0,0.0
NOL4,0.2559897378500064,0.10096754168944135,0.0,0.33333333333333326,0.0
NOP53,0.5560358858778512,0.06318234952870813,0.0,1.0,0.0
NOSIP,0.6314684067315954,0.08436112945857299,0.0,1.0,0.0
NOX3,0.6731568405673459,0.15279095789903144,0.0,0.33333333333333326,0.0
NPAS3,0.6075766848337022,0.1689865915186001,0.0,0.33333333333333326,0.0
NPHP4,0.5660413328023371,0.13197104867064852,0.0,0.33333333333333326,0.0
NPHS1,0.55017743514716,0.11703895451108712,0.0,0.33333333333333326,0.0
NPM1,0.38099173915024914,0.09871869374813022,0.0,0.33333333333333326,0.0
NPPA,0.5611411768265581,0.1900604439359789,0.0,0.33333333333333326,0.0
NPR2,0.5181443433490616,0.06644951032872412,0.0,0.33333333333333326,0.0
NPR3,0.614308145837535,0.16444771091416346,0.0,0.33333333333333326,0.0
NR0B1,0.297178091387743,0.08629981137076258,1.0,1.0,0.0
NR1H2,0.5731995120316651,0.1854860022455228,0.0,0.33333333333333326,0.0
NRBP1,0.4764202567708558,0.10353885696983949,0.0,0.33333333333333326,0.0
NRCAM,0.33681545529926593,0.13054033593550327,1.0,1.0,0.0
NRGN,0.6201798668195672,0.4255076807542308,0.0,1.0,0.0
NRP2,0.6208014240812866,0.09726339079637274,0.0,1.0,0.0
NSMAF,0.39580375748525015,0.32039250684579934,0.0,0.33333333333333326,0.0
NT5E,0.6340270083287776,0.1398588254630113,0.0,0.33333333333333326,0.0
NT5M,0.6614804366033579,0.4909482585915677,0.0,1.0,0.0
NTAQ1,0.3854725328720783,0.28285127202338406,1.0,1.0,0.0
NTNG1,0.6116604625821035,0.16304963817418938,0.0,0.33333333333333326,0.0
NUCB2,0.3024856569757312,0.277255604761373,0.0,0.33333333333333326,0.0
NUDT13,0.5927018868607246,0.2643609332938135,0.0,0.33333333333333326,0.0
NUDT7,0.5804051745641947,0.31864048569256204,0.0,0.33333333333333326,0.0
NUP50,0.46212262718794667,0.07599430964677409,0.0,0.33333333333333326,0.0
NUP85,0.4745738935515317,0.05245072462381032,0.0,0.33333333333333326,0.0
NUTF2,0.5682910116145946,0.13757291516928463,0.0,1.0,0.0
NXF2B,0.5984835469054158,0.029221209506068765,0.0,1.0,0.0
OCA2,0.5027224008731161,0.26883320311734554,0.0,0.33333333333333326,0.0
ODAD2,0.5303958034599383,0.051699043741606984,0.0,0.33333333333333326,0.0
ODC1,0.24200445019901798,0.5731245067438561,0.0,0.33333333333333326,0.0
OGN,0.6156220557674786,0.27004453411261087,0.0,0.33333333333333326,0.0
OLAH,0.5229993502249993,0.12090886822634517,0.0,0.33333333333333326,0.0
OPLAH,0.6347815853475273,0.11176469569286121,0.0,0.33333333333333326,0.0
OPRD1,0.5522572502962437,0.3009026241674898,0.0,0.33333333333333326,0.0
OR10C1,0.5614905180020761,0.18252713801001777,0.0,0.33333333333333326,0.0
OR1D2,0.6100916780173526,0.06460448717942979,0.0,0.33333333333333326,0.0
OR1E2,0.5843180926171406,0.14918846849007245,0.0,1.0,0.0
OR2H1,0.4612409972227631,0.15155880818662615,1.0,0.33333333333333326,0.0
OR3A1,0.5031973851409234,0.022085639552458573,0.0,0.33333333333333326,0.0
OR5I1,0.6025677920588135,0.13157531221649527,0.0,0.33333333333333326,0.0
OR7A10,0.5701729339526393,0.12127169894883255,0.0,1.0,0.0
OR7A5,0.4800276147351701,0.17551768627766656,0.0,0.33333333333333326,0.0
OSBP,0.37661918583303206,0.1872788551832461,0.0,1.0,0.0
OSBPL7,0.6581914925684207,0.33754913331111214,0.0,0.33333333333333326,0.0
OSGEP,0.4764495752776433,0.1829172160753543,0.0,0.33333333333333326,0.0
OSR2,0.483763942486175,0.06342084806829314,1.0,0.33333333333333326,0.0
OTULINL,0.3084752348787284,0.45535372261430074,0.0,1.0,0.0
P2RX6,0.5704733511179072,0.15629887365617331,0.0,0.33333333333333326,0.0
PA2G4,0.5561953132250478,0.2866270823823683,0.0,1.0,0.0
PABPC4,0.6014882641379955,0.3340227833424939,0.0,1.0,0.0
PACSIN3,0.6558449235778426,0.2552694386743306,0.0,1.0,0.0
PAICS,0.3102823474000935,0.34107039806105366,0.0,0.33333333333333326,0.0
PALS2,0.2753968549034871,0.24817413600531615,0.0,1.0,0.0
PAM,0.25696779522806124,0.1919239372428455,0.0,0.33333333333333326,0.0
PANK3,0.2589609947428082,0.23922583648841678,0.0,1.0,0.0
PAPPA2,0.6704182613020414,0.17504103781027344,0.0,0.33333333333333326,0.0
PAQR8,0.3413311260852332,0.1507930955689207,0.0,1.0,0.0
PARP12,0.6159057190204955,0.12177733225453428,0.0,1.0,0.0
PAX6,0.5269357775702107,0.1956404177840919,0.0,0.33333333333333326,0.0
PBXIP1,0.6791024211155048,0.3284182916620485,0.0,0.33333333333333326,0.0
PC,0.5313273488390297,0.11505415495743206,0.0,0.33333333333333326,0.0
PCDH1,0.6015932479556411,0.3866851213429452,1.0,1.0,0.0
PCDH10,0.7549246614116576,0.08772092957461396,0.0,1.0,0.0
PCDH20,0.24649645478641652,0.22045238604420447,0.0,1.0,0.0
PCDH9,0.8009606877903942,0.14449333532727607,0.0,0.33333333333333326,0.0
PCK1,0.7035787829632878,0.5275462198435193,0.0,0.33333333333333326,0.0
PCLO,0.31338769607497013,0.18309566815270378,0.0,1.0,0.0
PCMT1,0.38630317126530306,0.10219328734138172,0.0,1.0,0.0
PCNX2,0.5941077351129184,0.17182094068440368,0.0,0.33333333333333326,0.0
PCOLCE2,0.9283099546962943,0.6903293871065408,0.0,0.33333333333333326,0.0
PCSK1,0.0,0.2798923314560595,0.0,1.0,0.0
PCYOX1,0.42731022637453214,0.046997372569523556,0.0,1.0,0.0
PDAP1,0.43484805191287823,0.07840222301278306,0.0,0.33333333333333326,0.0
PDCD1,0.5203706694022414,0.34380151593099806,0.0,0.33333333333333326,0.0
PDCD11,0.6034484866230172,0.1902492657210892,0.0,1.0,0.0
PDE10A,0.5879709786323,0.117766470621644,0.0,0.33333333333333326,0.0
PDE1B,0.5723540074263629,0.05523026032948964,0.0,0.33333333333333326,0.0
PDE4DIP,0.34708340987799713,0.25273544402232384,0.0,1.0,0.0
PDE6B,0.5188134525811665,0.1248648731041495,0.0,0.33333333333333326,0.0
PDE7B,0.5811158525382275,0.012267061300943276,1.0,1.0,0.0
PDGFRA,0.5172882394804634,0.19697090599294176,0.0,0.33333333333333326,0.0
PDLIM4,0.6589301937114631,0.3395779045856286,0.0,1.0,0.0
PDPN,0.589785058804337,0.11667626907662075,0.0,0.33333333333333326,0.0
PDX1,0.5784990119761034,0.36318384498550565,1.0,0.33333333333333326,0.0
PEBP1,0.44424837781727766,0.12079335972972177,0.0,0.33333333333333326,0.0
PEG10,0.4430271632065816,0.24546337342197727,0.0,0.33333333333333326,0.0
PEX11B,0.3414953142209728,0.22501876362327364,0.0,1.0,0.0
PEX19,0.41770706322970674,0.05220217131364614,0.0,1.0,0.0
PEX2,0.17566021972256865,0.3841698432819557,0.0,1.0,0.0
PFKFB2,0.46711024807264356,0.4663068544243686,0.0,0.33333333333333326,0.0
PFKFB4,0.49163322910628615,0.3744619346575496,1.0,0.33333333333333326,0.0
PFN2,0.20874418097327208,0.3416628866078673,0.0,1.0,0.0
PGD,0.2966492858549549,0.25487789363655283,0.0,0.33333333333333326,0.0
PGLYRP1,0.6286344352588531,0.17237347454574406,0.0,1.0,0.0
PGM3,0.3610554211040634,0.24803589071137766,0.0,0.33333333333333326,0.0
PGRMC1,0.3281839628719378,0.39638011443803745,1.0,1.0,0.0
PHACTR2,0.34053159091797647,0.10869214003533856,0.0,1.0,0.0
PHB2,0.417805168099638,0.1358094185318614,0.0,0.33333333333333326,0.0
PHLDA2,0.5532565721901737,0.08290317319427318,0.0,1.0,0.0
PHTF2,0.24198539869889296,0.30711440863579753,0.0,0.33333333333333326,0.0
PI15,0.6443157396433081,0.21278841600183182,1.0,1.0,0.0
PI3,0.5031897951450999,0.046055574626712004,0.0,0.33333333333333326,0.0
PIAS1,0.4012409095242458,0.09885213797541276,0.0,1.0,0.0
PID1,0.5077637678414202,0.46762378750228795,0.0,0.33333333333333326,0.0
PIERCE1,0.6015388405134385,0.28018281356030306,0.0,1.0,0.0
PIEZO1,0.5002761781172776,0.3085189933538958,0.0,0.33333333333333326,0.0
PIGA,0.23291694151749828,0.23693217915345707,0.0,1.0,0.0
PIGC,0.4281876947101141,0.10534612696906155,0.0,0.33333333333333326,0.0
PIGL,0.5535174391776355,0.010831574967157682,0.0,1.0,0.0
PIGP,0.3707349241034467,0.16226415686361711,0.0,0.33333333333333326,0.0
PIMREG,0.6200968582302412,0.11664267616391381,0.0,0.33333333333333326,0.0
PIP4K2A,0.43979780870049623,0.11867275976135601,0.0,0.33333333333333326,0.0
PLA1A,0.2670138145771327,0.5215565666430569,0.0,1.0,0.0
PLA2G15,0.5774761573263943,0.07342675537704374,0.0,0.33333333333333326,0.0
PLA2G1B,0.6995903289296115,0.2466468992133379,0.0,1.0,0.0
PLA2G4A,0.5029501093902641,0.1019132441521778,0.0,0.33333333333333326,0.0
PLA2G6,0.6208096103692046,0.12065435116820605,0.0,0.33333333333333326,0.0
PLAGL1,0.29979228365620986,0.38311458371807705,1.0,1.0,0.0
PLAUR,0.520620297002039,0.5666447286842016,0.0,0.33333333333333326,0.0
PLCB1,0.280477522339434,0.07564956481674022,0.0,1.0,0.0
PLCB4,0.3151764679343435,0.10649091651805426,0.0,1.0,0.0
PLEKHA4,0.6162620102115339,0.32553325736706334,0.0,1.0,0.0
PLEKHA6,0.5382797365410044,0.5058849778805113,0.0,0.33333333333333326,0.0
PLEKHB2,0.31262893261183566,0.15414010378657478,0.0,1.0,0.0
PLEKHF1,0.6577527036003961,0.19451565452301495,0.0,1.0,0.0
PLEKHG3,0.6074301489155607,0.3113438793757865,0.0,1.0,0.0
PLEKHH3,0.592551912017258,0.12978533910869022,0.0,0.33333333333333326,0.0
PLSCR2,0.6585027215598671,0.14972276096159834,0.0,0.33333333333333326,0.0
PLXDC1,0.542643487216059,0.08088899279587883,0.0,0.33333333333333326,0.0
PMEL,0.510021555754741,0.24270094475236365,0.0,0.33333333333333326,0.0
PMEPA1,0.7670826893762545,0.08576406414043443,0.0,1.0,0.0
PNMA2,0.09062416821975325,0.19950488138132808,0.0,1.0,0.0
PNOC,0.5579714683479949,0.17275986551327865,0.0,0.33333333333333326,0.0
POLDIP3,0.4826917836983422,0.1250653152575115,0.0,0.33333333333333326,0.0
POLE3,0.3568908790960487,0.2248233236663956,1.0,0.33333333333333326,0.0
POLI,0.35542186178568486,0.08544033698319138,0.0,0.33333333333333326,0.0
POLQ,0.5871379279862242,0.49327174063361773,0.0,0.33333333333333326,0.0
POLR3C,0.41905407236163505,0.06178737492949573,0.0,0.33333333333333326,0.0
POP7,0.41756680699761695,0.22293251321554244,0.0,0.33333333333333326,0.0
POTEF,0.5814511453969536,0.11571327367656367,0.0,1.0,0.0
POU2F1,0.5762425834444324,0.10365025342195133,1.0,0.33333333333333326,0.0
PPFIA2,0.5487893729974254,0.21278230739241288,0.0,0.33333333333333326,0.0
PPFIBP1,0.6514113641637845,0.3277902230467331,1.0,1.0,0.0
PPIA,0.42574159301487186,0.09982154571841133,0.0,0.33333333333333326,0.0
PPID,0.3585127067294531,0.1140228856560515,0.0,1.0,0.0
PPIL1,0.47354190003828434,0.3049417124246769,0.0,0.0,0.0
PPM1E,0.336858757256679,0.387980342099016,0.0,1.0,0.0
PPM1G,0.46504082625653975,0.09722158309123782,0.0,0.33333333333333326,0.0
PPM1H,0.3843633713665575,0.034211259560095963,0.0,0.33333333333333326,0.0
PPM1K,0.34450365152855994,0.21927224617358754,0.0,1.0,0.0
PPP1CA,0.5059048053662134,0.1374403628766503,1.0,0.33333333333333326,0.0
PPP1R13L,0.6669486542612791,0.20760637887889455,0.0,1.0,0.0
PPP1R14B,0.5550707819993206,0.05328447154086705,0.0,0.33333333333333326,0.0
PPP1R14C,0.44724793318268313,0.09773453659135317,0.0,1.0,0.0
PPP1R17,0.6078894253745367,0.12675648959846075,0.0,1.0,0.0
PPP1R1A,0.3431203531124033,0.40224833144012273,0.0,1.0,0.0
PPP2CB,0.2158650982966419,0.7032982757235854,0.0,1.0,0.0
PPP3CB,0.3630491065907419,0.2936747644245829,1.0,1.0,0.0
PQBP1,0.4284948344838006,0.19012797795756062,0.0,0.33333333333333326,0.0
PRCP,0.4421365559496297,0.05425463622092741,0.0,0.33333333333333326,0.0
PRDX3,0.23542736648784668,0.19366822995986632,0.0,1.0,0.0
PRELP,0.6014683225141013,0.10593943744741165,0.0,1.0,0.0
PRKAR1A,0.24694236407412012,0.33417729448516653,0.0,1.0,0.0
PRKAR1B,0.5486095615332236,0.11334098523322028,0.0,0.0,0.0
PRKAR2A,0.609668810436352,0.14469288637141,0.0,1.0,0.0
PRKCH,0.36806052958587815,0.2466875173879153,1.0,1.0,0.0
PRL,0.6007778149979408,0.08009913963684863,0.0,1.0,0.0
PRMT1,0.4141811060377164,0.1354361694781313,0.0,0.33333333333333326,0.0
PRODH2,0.673971701721842,0.3396419079415676,0.0,1.0,0.0
PROX1,0.5270777392877269,0.027183334675038355,0.0,0.33333333333333326,0.0
PRPS1,0.2700238052847362,0.2572486628670246,0.0,1.0,0.0
PRPSAP2,0.32286670837339054,0.4185458410253281,0.0,1.0,0.0
PRR11,0.6181682724680051,0.237009136524158,0.0,0.33333333333333326,0.0
PRRX1,0.5854286124417473,0.23407496691377266,0.0,1.0,0.0
PRSS1,0.5606052972698227,0.09564993834425949,0.0,1.0,0.0
PRSS2,0.6525025524538797,0.22858965186669053,0.0,1.0,0.0
PRSS22,0.6144020167405685,0.11729089887596532,0.0,1.0,0.0
PRSS3,0.728210240049396,0.15487684433293408,0.0,1.0,0.0
PSD3,0.29352169042319104,0.08925985348305696,0.0,1.0,0.0
PSG2,0.5393063742304637,0.17665309626360098,0.0,0.33333333333333326,0.0
PSG6,0.5317551285406175,0.17808336261920205,0.0,0.33333333333333326,0.0
PSMB3,0.4178164122135098,0.22553870004914714,0.0,0.33333333333333326,0.0
PSMC4,0.431674886149561,0.2817845931524669,0.0,0.33333333333333326,0.0
PSMD11,0.3586576935636336,0.4029098226329963,0.0,0.33333333333333326,0.0
PSMD14,0.25261204342311705,0.19104054046218769,0.0,0.33333333333333326,0.0
PSMD6,0.2839758827105835,0.2597554295953914,0.0,0.33333333333333326,0.0
PSMD7,0.34927187877402815,0.2811791666420364,0.0,0.33333333333333326,0.0
PSME3,0.42078012643917695,0.22304246592661514,0.0,0.33333333333333326,0.0
PTEN,0.393060628046782,0.22799692013455947,0.0,1.0,0.0
PTGDS,0.6066785488487106,0.10993555547710511,0.0,1.0,0.0
PTGER2,0.5804782741057171,0.105189787220938,0.0,1.0,0.0
PTGES,0.6035211654606228,0.16735192318293887,1.0,1.0,0.0
PTGS2,0.39486850580873306,0.20077812808723436,0.0,0.33333333333333326,0.0
PTMA,0.5205498449494894,0.4871762105314473,1.0,0.33333333333333326,0.0
PTP4A1,0.42665441466470794,0.46307596112568455,0.0,0.33333333333333326,0.0
PTPN3,0.3258136708510453,0.49863511728275944,1.0,1.0,0.0
PTPRC,0.6090020683304089,0.10274372793874101,1.0,1.0,0.0
PTPRJ,0.511592095593719,0.09046549018157862,0.0,0.33333333333333326,0.0
PTPRN2,0.2662277053122444,0.15034106242024592,0.0,1.0,0.0
PTRH1,0.5447972307930784,0.05660633461036683,0.0,1.0,0.0
PTS,0.2936725411633996,0.34771795531616373,0.0,1.0,0.0
PUS7,0.4221582790289717,0.1451896026560438,0.0,0.33333333333333326,0.0
PXDC1,0.5964107673274556,0.29322205812251856,0.0,1.0,0.0
PYGO1,0.5192129864030222,0.04246943104471207,0.0,0.33333333333333326,0.0
PYROXD2,0.5101100089244575,0.06158665785646429,0.0,0.0,0.0
PZP,0.5991293742309499,0.07654634209506433,0.0,1.0,0.0
QKI,0.5674784944021828,0.04526831639624352,0.0,0.33333333333333326,0.0
QTRT2,0.42158245784896636,0.22473108100144149,0.0,0.33333333333333326,0.0
RAB1A,0.2925981373251147,0.24450538538342081,0.0,0.33333333333333326,0.0
RAB29,0.32855621249803496,0.06404366716478548,0.0,0.33333333333333326,0.0
RAB3A,0.5603817193668548,0.06725912771637314,0.0,0.33333333333333326,0.0
RAB3B,0.43156906652782784,0.26901266356514386,0.0,1.0,0.0
RAB5A,0.31479652416497417,0.14763228151458999,0.0,1.0,0.0
RAC1,0.5672205481056124,0.23931709876836865,0.0,0.33333333333333326,0.0
RAD21,0.32264548076101807,0.1479442218473262,0.0,0.33333333333333326,0.0
RAD23B,0.3245951686942565,0.1113735506688417,0.0,0.33333333333333326,0.0
RAF1,0.47330246336757875,0.15815744983488977,1.0,0.33333333333333326,0.0
RAN,0.31143632130228033,0.05474774390004417,0.0,0.33333333333333326,0.0
RANBP1,0.43617160130477844,0.4457806842355687,0.0,0.33333333333333326,0.0
RAP1GAP2,0.4225113837332442,0.2066227743802886,0.0,1.0,0.0
RAP2C,0.3002425405127714,0.08112435922472935,0.0,1.0,0.0
RARA,0.5958458870284009,0.10849075060408277,0.0,1.0,0.0
RARB,0.5307480193432568,0.17496819684868647,0.0,0.33333333333333326,0.0
RARRES1,0.7618127994065601,0.2244331069019386,0.0,1.0,0.0
RASA3,0.6062719175981133,0.07555939833566488,0.0,1.0,0.0
RASD2,0.6173435084523656,0.18552801951805387,0.0,1.0,0.0
RASGRF1,0.3171406649425163,0.3902295940010801,0.0,0.33333333333333326,0.0
RASGRP1,0.27617078947418344,0.7090131205139686,0.0,1.0,0.0
RASSF3,0.5897064008965992,0.21986675650347062,0.0,1.0,0.0
RBMY1J,0.44338761086632356,0.0990236092814367,0.0,0.33333333333333326,0.0
RBP4,0.1018025329355687,0.3215516531359968,0.0,0.33333333333333326,0.0
RCAN2,0.386395219574935,0.4817511342919739,0.0,1.0,0.0
RCBTB1,0.3632659655281177,0.03653015021340065,1.0,1.0,0.0
RCBTB2,0.35988821905716983,0.18007579069193227,0.0,1.0,0.0
RCC1,0.5105864460654755,0.053868874844517155,0.0,0.33333333333333326,0.0
RCE1,0.5504556687858375,0.04054736795129703,0.0,1.0,0.0
RCOR1,0.3085896229236,0.17292607996928133,0.0,1.0,0.0
RDH11,0.35488365153171764,0.13985691354048418,1.0,1.0,0.0
RECK,0.5142477577130455,0.00603517331101327,0.0,0.33333333333333326,0.0
RECQL5,0.572817920566509,0.12707576226404224,0.0,0.33333333333333326,0.0
REEP2,0.5459166002079631,0.15539349503818664,0.0,0.33333333333333326,0.0
REG4,0.6444830702210608,0.19280112920104717,0.0,1.0,0.0
RELB,0.5902120787503125,0.07198257002374026,0.0,1.0,0.0
RENBP,0.7025966374713496,0.34069098722085267,0.0,0.33333333333333326,0.0
REPS1,0.523301185580391,0.0545130149624096,0.0,0.33333333333333326,0.0
RGS12,0.6205810311701705,0.2900247812420096,0.0,1.0,0.0
RGS19,0.584708050714678,0.09976268485364351,0.0,0.33333333333333326,0.0
RGS6,0.5668642710610502,0.030434221423714332,0.0,0.33333333333333326,0.0
RHAG,0.5478209665338024,0.07401267316271026,0.0,0.33333333333333326,0.0
RHOBTB3,0.29122113796501325,0.1795606534369905,0.0,1.0,0.0
RHOD,0.6269616698480239,0.1661648041510028,0.0,1.0,0.0
RHOG,0.57551880803964,0.1951270219670585,0.0,1.0,0.0
RHOH,0.509337186044679,0.2241248599070418,0.0,0.33333333333333326,0.0
RHOT1,0.337769545140828,0.11658301239456453,0.0,1.0,0.0
RIDA,0.42077518760345617,0.1720915660628522,0.0,1.0,0.0
RIMBP2,0.390409270477734,0.29942609737460274,0.0,1.0,0.0
RIN2,0.32921027066070946,0.04326750260950103,0.0,1.0,0.0
RIPOR1,0.5991938984537503,0.04228620622855392,0.0,1.0,0.0
RIPOR2,0.6630173991902857,0.03931815890627082,0.0,1.0,0.0
RIPPLY3,0.5420586719785291,0.04095409498045559,1.0,0.33333333333333326,0.0
RIT2,0.5287124010741425,0.1909365834487527,0.0,0.33333333333333326,0.0
RLIG1,0.3174220481359797,0.19279024408032733,0.0,0.33333333333333326,0.0
RMDN1,0.4074234558334814,0.006068867732436164,0.0,0.33333333333333326,0.0
RNF130,0.3921636218149205,0.1926262849257121,0.0,0.33333333333333326,0.0
RNF24,0.5949797912441596,0.1678027695938092,1.0,1.0,0.0
RNF4,0.403375294108257,0.21364406298298144,0.0,0.33333333333333326,0.0
RNF6,0.24777192894816527,0.3114998811980096,1.0,1.0,0.0
RNGTT,0.5805541409572005,0.26646988754281026,0.0,0.33333333333333326,0.0
ROM1,0.5983045006477475,0.02227442083060117,0.0,0.33333333333333326,0.0
RORC,0.5459752951326364,0.07379718368615425,0.0,0.33333333333333326,0.0
ROS1,0.533911620724076,0.0775418871495995,0.0,0.33333333333333326,0.0
RPH3A,0.543443394797052,0.22853366444530612,1.0,0.33333333333333326,0.0
RPL18,0.4671940507033949,0.07735784205335285,0.0,0.33333333333333326,0.0
RPL3,0.4268850858815878,0.19353586651920282,0.0,1.0,0.0
RPL31,0.45204910447237756,0.061274743875925776,0.0,1.0,0.0
RPL8,0.4609992916889072,0.13551473255399882,1.0,0.33333333333333326,0.0
RPS19,0.5813399781896482,0.26896143700602054,0.0,0.33333333333333326,0.0
RPS5,0.4889185160110718,0.08349383265620473,1.0,0.33333333333333326,0.0
RPS6KA4,0.6058252895238818,0.05302668709368023,0.0,0.33333333333333326,0.0
RPS6KC1,0.3593514778912509,0.3238959426255727,0.0,1.0,0.0
RRAGD,0.3671667167637596,0.764367595085431,1.0,1.0,0.0
RRAS2,0.3820804284266945,0.09094193804671093,0.0,0.33333333333333326,0.0
RRP12,0.5843977705177512,0.11678388612372277,0.0,1.0,0.0
RRP15,0.4118621819093123,0.25851339906716697,1.0,0.33333333333333326,0.0
RRP1B,0.5609725440280363,0.19681538764871082,0.0,1.0,0.0
RRS1,0.6122734861260319,0.2312276356559598,0.0,0.33333333333333326,0.0
RSL1D1,0.42117643975340446,0.2595275359592273,0.0,0.33333333333333326,0.0
RTCB,0.320898970929557,0.22733688713814862,0.0,1.0,0.0
RTN1,0.1493625827724469,0.14400167387069251,0.0,0.33333333333333326,0.0
RUBCNL,0.5944384122400483,0.09838786778196135,0.0,1.0,0.0
RUFY3,0.5191020029877953,0.054694405107767345,0.0,0.33333333333333326,0.0
RUNX1T1,0.5065978785566772,0.1546874514994137,0.0,0.33333333333333326,0.0
RUNX2,0.6143448890236208,0.13597865929278852,0.0,0.33333333333333326,0.0
RWDD1,0.40179378873994814,0.10757924340605673,0.0,0.33333333333333326,0.0
RWDD2A,0.3359975157892707,0.2987890101326901,0.0,1.0,0.0
RXRG,0.5093192781629343,0.13130865250743243,0.0,0.33333333333333326,0.0
RYK,0.4857248793685343,0.10755393996488127,1.0,0.33333333333333326,0.0
S100A14,0.7321721907978099,0.404918668465172,0.0,1.0,0.0
S100A6,0.598610625793336,0.11817310116832123,0.0,1.0,0.0
SACK1E,0.6532317753528595,0.09835488828496387,0.0,1.0,0.0
SAMD4A,0.4295378913426666,0.18354659438935642,0.0,0.33333333333333326,0.0
SAMSN1,0.6308844619665129,0.0532342064490065,0.0,0.33333333333333326,0.0
SARDH,0.5857065630576502,0.11663986253518102,0.0,1.0,0.0
SASH1,0.585453010835896,0.03707784333091618,0.0,1.0,0.0
SCAMP1,0.3233906331073714,0.12042620027606762,0.0,1.0,0.0
SCARB2,0.541096388723289,0.0647777472593982,0.0,0.33333333333333326,0.0
SCD,0.2621980233556506,0.11803770810199718,1.0,1.0,0.0
SCD5,0.4216218155836007,0.5480106521759589,0.0,0.33333333333333326,0.0
SCG3,0.23801594068909895,0.09282378834437986,0.0,0.33333333333333326,0.0
SCGN,0.17606457662399697,0.31848514715532666,0.0,1.0,0.0
SCIN,0.49308285072564534,0.09669530172865111,0.0,0.33333333333333326,0.0
SCRT1,0.5404620698597277,0.03417501142784823,0.0,0.33333333333333326,0.0
SDHC,0.39671558506574045,0.11735883625107311,0.0,0.33333333333333326,0.0
SDS,0.5927080728325371,0.0354552422937273,0.0,1.0,0.0
SEBOX,0.5730426083227407,0.010153156592396384,0.0,0.33333333333333326,0.0
SEC14L3,0.8105480129208796,0.1269974621040122,0.0,0.33333333333333326,0.0
SEC14L4,0.6440821726324517,0.3315490151297619,0.0,0.33333333333333326,0.0
SEC24B,0.3390419782919481,0.19069203542836188,0.0,1.0,0.0
SEC24D,0.27855021330058843,0.16277462296576853,0.0,1.0,0.0
SEC61B,0.4596917829439398,0.22017499472016652,0.0,0.33333333333333326,0.0
SEH1L,0.40906565644435594,0.2923173267072615,0.0,0.33333333333333326,0.0
SELENOS,0.4738133444826476,0.31594927877636286,0.0,0.0,0.0
SEMA3C,0.605659361635058,0.003062727687281065,0.0,1.0,0.0
SEMA5A,0.41967580506264435,0.1871162169051531,0.0,0.33333333333333326,0.0
SEMA7A,0.5399122862664857,0.2937584564446171,0.0,0.33333333333333326,0.0
SEMG1,0.5105344401301872,0.32733822730273954,0.0,0.33333333333333326,0.0
SEPHS1,0.4413023496699865,0.14335339690298793,0.0,0.33333333333333326,0.0
SEPTIN3,0.4357583403083623,0.01952530820175132,0.0,1.0,0.0
SEPTIN9,0.6184159897825201,0.24575066146477356,1.0,1.0,0.0
SERHL2,0.5390720532260429,0.23915957135205487,0.0,0.33333333333333326,0.0
SERPINA7,0.5448583528872867,0.22201532346264946,0.0,0.33333333333333326,0.0
SERPINB1,0.4733396025608307,0.024961761618090515,0.0,0.33333333333333326,0.0
SERPINI1,0.39569637461128404,0.33373955821158974,0.0,0.33333333333333326,0.0
SERTAD3,0.5727361091083152,0.04763321460513231,0.0,1.0,0.0
SESN1,0.33052814395939767,0.2395542519889691,0.0,0.33333333333333326,0.0
SET,0.48829082849729377,0.25825073447955615,0.0,0.33333333333333326,0.0
SETD1A,0.6056879492910359,0.09183560025657986,0.0,0.33333333333333326,0.0
SETD3,0.40916478404026535,0.03868705677044516,0.0,0.33333333333333326,0.0
SETSIP,0.34215340471588274,0.18014008191694658,0.0,0.0,0.0
SFRP1,0.6064103423890872,0.17811481680405766,0.0,1.0,0.0
SGCA,0.6073652622693491,0.03264766371807324,0.0,1.0,0.0
SH2D1A,0.6474326686834498,0.0742964448140852,0.0,1.0,0.0
SH2D1B,0.4273507822316689,0.1392820237369286,0.0,1.0,0.0
SH2D2A,0.5971802718596179,0.11296185341599041,0.0,1.0,0.0
SH2D4A,0.6271585071695245,0.26027812863343686,0.0,1.0,0.0
SH3BGRL,0.24279130418452333,0.09522842635668909,0.0,1.0,0.0
SH3BP2,0.6162841407110705,0.20176034003711127,0.0,1.0,0.0
SH3GL2,0.25505615376635643,0.08356719308062627,0.0,1.0,0.0
SHARPIN,0.6054012933701924,0.16129436868092717,0.0,1.0,0.0
SHC3,0.5657140674863131,0.07461260336964251,0.0,0.33333333333333326,0.0
SHMT1,0.6136109867324542,0.1780265978266454,0.0,0.33333333333333326,0.0
SHOC2,0.29023849189191986,0.28713291096438576,0.0,1.0,0.0
SIM1,0.32277607331878594,0.09267075902764982,0.0,0.33333333333333326,0.0
SIM2,0.5754914028335484,0.2427670834359046,0.0,0.33333333333333326,0.0
SIPA1L2,0.4433720758245041,0.01816253696832159,0.0,1.0,0.0
SIRPA,0.6104508595581988,0.2444168758234898,0.0,0.33333333333333326,0.0
SIRT6,0.5465789841234745,0.16495219634149244,0.0,0.33333333333333326,0.0
SIX1,0.5573253299294563,0.34807049073004176,0.0,0.33333333333333326,0.0
SKI,0.5838131045286189,0.09717774148834922,0.0,1.0,0.0
SLAMF7,0.6282190499780064,0.0691258859634329,0.0,1.0,0.0
SLC11A2,0.3333046254966661,0.11529633947865311,0.0,1.0,0.0
SLC17A5,0.4140528396108845,0.054864893910553665,1.0,1.0,0.0
SLC17A7,0.6226487247129213,0.2334655791902495,0.0,1.0,0.0
SLC17A9,0.6269887216404075,0.5347602035631711,0.0,1.0,0.0
SLC18A2,0.3806041739951697,0.05137146170575467,0.0,1.0,0.0
SLC1A2,0.5409798763252739,0.120881871935979,0.0,0.33333333333333326,0.0
SLC22A3,0.6729652956174197,0.2961954036640674,0.0,0.33333333333333326,0.0
SLC24A3,0.6372802863303492,0.1972576868819772,0.0,0.33333333333333326,0.0
SLC25A11,0.42494169155460665,0.29309766964693384,0.0,0.33333333333333326,0.0
SLC25A36,0.3252668615925512,0.15488468154594057,0.0,1.0,0.0
SLC25A42,0.5395466023226612,0.15021575710332216,0.0,0.33333333333333326,0.0
SLC25A5,0.3403468848954561,0.35976798178941766,0.0,0.33333333333333326,0.0
SLC29A2,0.5865328579782049,0.19013208400141787,0.0,0.33333333333333326,0.0
SLC29A3,0.624516617797669,0.24329997159260439,0.0,1.0,0.0
SLC2A14,0.6128433867250187,0.23598293305374216,0.0,1.0,0.0
SLC2A2,0.1794847267603565,0.8410342546576411,1.0,1.0,0.0
SLC30A1,0.3702963109295011,0.27439972131612644,0.0,0.33333333333333326,0.0
SLC30A3,0.5643596128505808,0.08580500748353638,0.0,0.33333333333333326,0.0
SLC30A8,0.41433883522904436,0.1524402054439771,0.0,1.0,0.0
SLC30A9,0.3157282478211969,0.25839869045583475,0.0,1.0,0.0
SLC34A2,0.6160741363461492,0.042528588843952796,0.0,0.33333333333333326,0.0
SLC35E1,0.672289967376875,0.23816678437979683,0.0,1.0,0.0
SLC38A1,0.40201229764412183,0.13689777173021545,0.0,0.33333333333333326,0.0
SLC39A14,0.3327890967430486,0.1324934641799972,0.0,0.33333333333333326,0.0
SLC39A8,0.3858078226408791,0.047407459970156336,0.0,0.33333333333333326,0.0
SLC4A10,0.4780989356151307,0.05455309565738371,0.0,0.33333333333333326,0.0
SLC4A8,0.36400683842015746,0.3539072884444,0.0,0.33333333333333326,0.0
SLC5A6,0.5931218531373317,0.18741024164461964,0.0,1.0,0.0
SLC66A3,0.6850062672202062,0.15239110278024934,0.0,1.0,0.0
SLC6A14,0.535182882403469,0.2223322299438318,0.0,0.33333333333333326,0.0
SLC6A20,0.6380016882920513,0.20337086864044415,0.0,1.0,0.0
SLC6A8,0.7164466105136422,0.059750320346300644,0.0,1.0,0.0
SLC6A9,0.53838132822874,0.13259176959137856,0.0,0.33333333333333326,0.0
SLC7A11,0.7234372568779223,0.022862536083687598,0.0,0.33333333333333326,0.0
SLC7A7,0.6242485270806195,0.2805329930388335,0.0,1.0,0.0
SLC9C2,0.4695056758125325,0.06208621730058659,0.0,1.0,0.0
SLC9D1,0.4126380561046985,0.17797842052258,0.0,1.0,0.0
SLIRP,0.31691782401029966,0.11661301856194956,0.0,0.33333333333333326,0.0
SLIT1,0.544106574249496,0.1524977438398423,0.0,0.33333333333333326,0.0
SLIT2,0.6310867844631632,0.13092046104881008,0.0,0.33333333333333326,0.0
SLPI,0.7061921229454421,0.09349671293965833,0.0,1.0,0.0
SMAD9,0.4610390878069164,0.3253207581596693,1.0,0.33333333333333326,0.0
SMARCC2,0.5556800775162488,0.006560851544404803,0.0,0.33333333333333326,0.0
SMIM2,0.5208313843994127,0.2874406397555378,0.0,0.33333333333333326,0.0
SMURF1,0.5648444537392591,0.04356454108594933,0.0,0.33333333333333326,0.0
SNAP25,0.40604129664757765,0.051489403582989555,0.0,1.0,0.0
SNAP91,0.27454859391702036,0.11868459561977855,0.0,1.0,0.0
SNRNP27,0.31692128242835066,0.17239452287903495,0.0,1.0,0.0
SNRPA,0.5833351887757874,0.3671066885227414,0.0,0.33333333333333326,0.0
SNRPB,0.3776316958246905,0.21777318019037561,0.0,0.33333333333333326,0.0
SNRPB2,0.45790284993703917,0.058858336305893336,0.0,0.33333333333333326,0.0
SNRPD3,0.44868990831993005,0.08063805206651993,1.0,0.33333333333333326,0.0
SNURF,0.3048758448116064,0.15402642461880142,0.0,0.33333333333333326,0.0
SNX7,0.20248907031947505,0.2534130231544243,0.0,1.0,0.0
SOCS3,0.7199810092084045,0.11614724646212736,1.0,1.0,0.0
SOCS6,0.4140042295915282,0.3542004087961221,1.0,1.0,0.0
SOD3,0.6752869279976511,0.08155875085550968,0.0,1.0,0.0
SORBS1,0.6466564306714017,0.10403770073517345,0.0,1.0,0.0
SORL1,0.4277635100931689,0.16741066741173452,0.0,1.0,0.0
SOSTDC1,0.32664198773756065,0.1197475348907264,0.0,0.33333333333333326,0.0
SPART,0.6112178212566589,0.07441934991339852,0.0,0.33333333333333326,0.0
SPCS2,0.3016508461451586,0.5249675242733122,0.0,1.0,0.0
SPHK2,0.5597333368722094,0.22543623239238336,0.0,0.33333333333333326,0.0
SPIDR,0.5365367800695132,0.24101909664795562,0.0,0.33333333333333326,0.0
SPSB1,0.6601453584991253,0.22322587193262108,0.0,1.0,0.0
SPSB3,0.6330157596359772,0.09058640421576135,0.0,0.33333333333333326,0.0
SPTBN4,0.5410004525434096,0.2697655394003158,0.0,0.33333333333333326,0.0
SQOR,0.40537158859891975,0.28774244135939187,0.0,0.33333333333333326,0.0
SRD5A1,0.3707648725981702,0.2531616640694535,1.0,1.0,0.0
SRD5A2,0.5326493695319846,0.10523020233632957,0.0,0.33333333333333326,0.0
SRP19,0.3246384499447135,0.07984841002407606,0.0,0.33333333333333326,0.0
SRPRB,0.3101209469257078,0.4280538836889123,0.0,0.33333333333333326,0.0
SS18L1,0.2864540032568346,0.21880978667456497,0.0,1.0,0.0
SSB,0.4327286535468242,0.08697249639327388,0.0,0.33333333333333326,0.0
SSH3,0.60328358308411,0.18701987467041425,0.0,0.33333333333333326,0.0
SST,0.27823224551908154,0.029314332961379863,0.0,0.33333333333333326,0.0
ST18,0.19923899998486397,0.230231602229645,0.0,1.0,0.0
ST8SIA2,0.5524325705657207,0.18486705392499075,0.0,0.33333333333333326,0.0
ST8SIA4,0.513423022635411,0.1275554585347428,0.0,0.33333333333333326,0.0
STAP1,0.5038718083698187,0.0797034484496191,0.0,0.33333333333333326,0.0
STAT5A,0.5941701259190333,0.2627463508352125,0.0,1.0,0.0
STEAP4,0.6361895280569146,0.14088924555171756,0.0,1.0,0.0
STK17A,0.6167414575588319,0.11701317698486277,0.0,0.33333333333333326,0.0
STMN3,0.5396780195969161,0.10804023719648158,1.0,0.33333333333333326,0.0
STMN4,0.7222353191635652,0.04741621182215624,0.0,0.33333333333333326,0.0
STOML2,0.3699292952350295,0.5520722566798743,0.0,0.33333333333333326,0.0
STUM,0.5527696558381232,0.07025797629853614,0.0,0.33333333333333326,0.0
STX11,0.5709075072048517,0.1894780670560359,0.0,0.33333333333333326,0.0
STX18,0.47466571394085216,0.21544023936115148,0.0,0.33333333333333326,0.0
STX3,0.31077743366476124,0.14773863843145144,0.0,1.0,0.0
STXBP1,0.2791135598121809,0.10847423044242062,0.0,1.0,0.0
STXBP4,0.41591810809698426,0.0875265838857896,0.0,1.0,0.0
SUN1,0.3159518013187834,0.20716241465671503,0.0,0.33333333333333326,0.0
SVIL,0.6445092627490269,0.10980763075637671,0.0,1.0,0.0
SYBU,0.24430438130048998,0.7946337477234977,0.0,1.0,0.0
SYNPO2L,0.4940036211085138,0.13756177055342572,0.0,0.33333333333333326,0.0
SYT13,0.5194394023103688,0.23924033045290005,0.0,0.33333333333333326,0.0
SYT9,0.46164450276450747,0.20588970022093095,0.0,1.0,0.0
SYTL2,0.619214056417204,0.14757035384362513,0.0,1.0,0.0
TAAR2,0.6226714549800256,0.10248020360000541,0.0,0.33333333333333326,0.0
TACSTD2,0.6307969542480748,0.4329387266843441,0.0,1.0,0.0
TAF1B,0.499805145094354,0.08525608689891988,0.0,0.33333333333333326,0.0
TAOK1,0.6317511603656266,0.19526432808038852,0.0,0.33333333333333326,0.0
TAOK2,0.875513814954468,0.07475506962760896,0.0,0.33333333333333326,0.0
TAS2R3,0.5284315038187458,0.05716553160590981,0.0,0.33333333333333326,0.0
TAS2R9,0.55802695460106,0.344133398770697,0.0,0.33333333333333326,0.0
TASP1,0.3085518630073639,0.16602987270311398,0.0,1.0,0.0
TAT,0.6147881304554993,0.20245895682262813,0.0,0.33333333333333326,0.0
TBC1D12,0.34213249947928953,0.20143146557724925,0.0,0.33333333333333326,0.0
TBC1D19,0.4425703045073592,0.024809116899097376,0.0,1.0,0.0
TBC1D22B,0.544127682978193,0.11753634535040224,0.0,1.0,0.0
TBC1D4,0.43587418013109075,0.1495405819694899,0.0,1.0,0.0
TBX19,0.5215207132867206,0.1367151617185067,0.0,0.33333333333333326,0.0
TCF7,0.6315349843616967,0.25267401464616823,0.0,1.0,0.0
TCN2,0.6179511113585842,0.12844492598652416,0.0,1.0,0.0
TDP2,0.2063453795098349,0.2401549762508078,0.0,1.0,0.0
TEAD4,0.6502283777002471,0.2726148133893094,1.0,1.0,0.0
TEC,0.5227456628862069,0.23214895783427236,0.0,0.33333333333333326,0.0
TECR,0.5454126661753689,0.2776740416794023,0.0,0.33333333333333326,0.0
TELO2,0.62225118118891,0.1929227372347925,0.0,1.0,0.0
TESK2,0.5462974046011703,0.02049227472924933,0.0,0.33333333333333326,0.0
TEX261,0.41144497789455825,0.1934226593296544,0.0,0.33333333333333326,0.0
TFF1,0.5561507533247035,0.0176184156999671,0.0,0.33333333333333326,0.0
TFG,0.4422667794576251,0.055343033677937546,0.0,0.33333333333333326,0.0
TGDS,0.387933133189765,0.07474078218117966,0.0,1.0,0.0
TGFB3,0.631536930765104,0.2600623193258714,1.0,1.0,0.0
TGFBR2,0.361010993100803,0.25936941713185013,0.0,0.33333333333333326,0.0
TGFBR3,0.36916380487994177,0.10874661901696536,1.0,1.0,0.0
THAP3,0.6086453130820741,0.30312865801121586,0.0,1.0,0.0
THBS2,0.6588725824428123,0.06079183465812682,0.0,1.0,0.0
THRAP3,0.5796936987722712,0.06203540782479215,0.0,1.0,0.0
TIMM10,0.3480901951094543,0.11327472773994993,0.0,0.33333333333333326,0.0
TIMM17A,0.3742056014047945,0.27728850827654705,1.0,0.33333333333333326,0.0
TIMP2,0.5457781351023765,0.07882175314543184,0.0,0.33333333333333326,0.0
TINAGL1,0.6001169824814148,0.07763430112150901,0.0,1.0,0.0
TIPIN,0.33684989569914375,0.028283105791806085,0.0,0.33333333333333326,0.0
TJAP1,0.6342150197265378,0.2451088689229382,0.0,0.33333333333333326,0.0
TLE6,0.6114491324607438,0.1380374617192252,0.0,0.33333333333333326,0.0
TLK1,0.2672710824646711,0.24334668411954355,0.0,1.0,0.0
TLN1,0.505033647630475,0.0517097487535707,0.0,0.33333333333333326,0.0
TLR8,0.510926656424484,0.09473885311578617,0.0,0.33333333333333326,0.0
TM4SF1,0.5971393703236724,0.4583131021270419,0.0,1.0,0.0
TM4SF20,0.47439703446420517,0.25855729130136657,0.0,0.33333333333333326,0.0
TMC7,0.6005553967361045,0.21463203284638338,0.0,1.0,0.0
TMED5,0.3499642964168253,0.210000816059125,1.0,0.33333333333333326,0.0
TMED6,0.15835627259122795,0.060043616798722964,0.0,1.0,0.0
TMEM135,0.37798779203815214,0.14880470630364298,0.0,1.0,0.0
TMEM165,0.20339636806999903,0.21078607296976723,0.0,0.33333333333333326,0.0
TMEM212,0.6387250111103784,0.23618595034732323,0.0,1.0,0.0
TMEM243,0.36369484701329147,0.0025846527103052922,0.0,0.33333333333333326,0.0
TMEM33,0.2637161169675849,0.2126223319160439,0.0,0.33333333333333326,0.0
TMEM37,0.27910757799928154,0.5311012526638746,0.0,1.0,0.0
TMEM38B,0.34252039477383833,0.14151113093621523,0.0,0.33333333333333326,0.0
TMEM42,0.4547128380937159,0.06424241202825942,0.0,1.0,0.0
TMEM47,0.4118206770797874,0.12657160817880264,0.0,0.33333333333333326,0.0
TMEM59L,0.65051573083003,0.15802397049496258,0.0,0.33333333333333326,0.0
TMOD1,0.24856114663654627,0.02306610290649834,0.0,0.33333333333333326,0.0
TMPO,0.4405992880775715,0.07717718404940102,0.0,0.33333333333333326,0.0
TMPRSS3,0.6497473003046147,0.08767901190552196,0.0,0.33333333333333326,0.0
TMPRSS4,0.652706100051181,0.13790772682883484,0.0,0.33333333333333326,0.0
TMX1,0.23567746778399917,0.38380742426084374,0.0,0.33333333333333326,0.0
TMX2,0.40286005148939324,0.32711779995850326,0.0,0.33333333333333326,0.0
TNFRSF10B,0.6447012361567509,0.09267298687756778,0.0,0.33333333333333326,0.0
TNFRSF10D,0.593950487371944,0.2411919684898653,0.0,1.0,0.0
TNFRSF14,0.6469374718263353,0.40891782537116556,0.0,1.0,0.0
TNFRSF25,0.6126158205460354,0.09671960493060636,0.0,1.0,0.0
TNIP1,0.6350765161409964,0.30798390486907107,1.0,1.0,0.0
TNKS2,0.5227938060646725,0.11460741266938239,0.0,0.33333333333333326,0.0
TNNI1,0.6166194263735596,0.29398694930143465,0.0,1.0,0.0
TNNT1,0.6373295885410022,0.1738006629113258,0.0,1.0,0.0
TNPO1,0.6857878053973903,0.15096398699800878,0.0,1.0,0.0
TNS2,0.6439464194395975,0.4781665984282464,0.0,0.33333333333333326,0.0
TNXB,0.5989934216364919,0.10693034282930265,0.0,0.33333333333333326,0.0
TOM1L1,0.27516645181205657,0.26759969040682624,0.0,1.0,0.0
TOMM20,0.12139778859764733,0.3834356294746402,0.0,0.33333333333333326,0.0
TOMM70,0.4018575290655811,0.2287087859524514,0.0,0.33333333333333326,0.0
TOP2A,0.5015291217341031,0.0949573492680063,0.0,0.33333333333333326,0.0
TOR1A,0.47022995108179083,0.07238581254542434,0.0,0.33333333333333326,0.0
TOR1AIP1,0.21912985182254896,0.20135566223614507,0.0,0.33333333333333326,0.0
TOX3,0.22950938656524925,0.12888187273737267,0.0,1.0,0.0
TP73,0.5620564990767131,0.0946603334611229,0.0,0.33333333333333326,0.0
TPD52,0.28876862506270123,0.17170152566750954,0.0,1.0,0.0
TPPP,0.5441235578457245,0.14138758336125956,0.0,0.33333333333333326,0.0
TPSAB1,0.5959998386936485,0.023189620506306713,0.0,1.0,0.0
TPX2,0.6009214346078653,0.18189020188422864,1.0,0.33333333333333326,0.0
TRADD,0.6442695241133864,0.3366507447442091,0.0,1.0,0.0
TRAF1,0.45937984236898105,0.054317966850837174,0.0,0.33333333333333326,0.0
TRAF3IP2,0.36690720845611785,0.3058855537480716,0.0,0.33333333333333326,0.0
TRAM1,0.30569095220177733,0.30388448103311805,0.0,0.33333333333333326,0.0
TRAM2,0.5104604858407907,0.029048255054165206,1.0,0.33333333333333326,0.0
TRAPPC2B,0.48716559492269923,0.08627651519556293,0.0,0.0,0.0
TRAPPC9,0.5437786381916524,0.13538915528788364,0.0,0.33333333333333326,0.0
TREM2,0.5928666004261576,0.5550303395936711,1.0,1.0,0.0
TREML2,0.5297357291424959,0.04255482252400584,0.0,0.33333333333333326,0.0
TRIM37,0.3272699800177097,0.3580698152072451,0.0,1.0,0.0
TRIM9,0.29954146938131343,0.04132199219550929,0.0,1.0,0.0
TRIOBP,0.5702631979263225,0.03521244362093763,0.0,1.0,0.0
TRIP10,0.642472878584121,0.20684910179514918,1.0,1.0,0.0
TRIP4,0.39762671507200686,0.12922549740947994,0.0,0.33333333333333326,0.0
TRMO,0.4083568876186823,0.002152437884799447,0.0,1.0,0.0
TRUB2,0.5560887086661996,0.1788814343256096,0.0,1.0,0.0
TSC22D1,0.3317581673810409,0.018212833980179175,0.0,1.0,0.0
TSC22D4,0.6299749510395378,0.16268306066680216,0.0,0.33333333333333326,0.0
TSHR,0.9139610654820448,0.2762389112300399,0.0,1.0,0.0
TSNAXIP1,0.6253046748851554,0.27386679757542665,0.0,0.33333333333333326,0.0
TSPAN15,0.6071926921643758,0.10394532503864153,0.0,1.0,0.0
TSPAN4,0.5536399248091792,0.15167189541397985,0.0,1.0,0.0
TSPO,0.6088319299380217,0.11947029652060055,0.0,0.33333333333333326,0.0
TSPYL5,0.25796675599741536,0.3057892099064164,0.0,1.0,0.0
TSR1,0.6622879023492528,0.17901957699136886,0.0,1.0,0.0
TTC33,0.36933359539363175,0.1736724790405503,0.0,0.33333333333333326,0.0
TTF2,0.3851903917342746,0.15653307944729322,0.0,1.0,0.0
TTK,0.4943122529320275,0.2835065509949682,0.0,0.33333333333333326,0.0
TUBB4B,0.6035023827850462,0.2612276287259283,0.0,0.33333333333333326,0.0
TUBGCP2,0.4171233419392085,0.18744548773497147,0.0,1.0,0.0
TUBGCP5,0.4562876319485708,0.04875779598238569,0.0,1.0,0.0
TUSC3,0.27357345757205925,0.08799514700131307,0.0,0.33333333333333326,0.0
TWIST1,0.6035801055580751,0.0398057439425496,0.0,1.0,0.0
TXN,0.5014302399071624,0.1296497825972136,0.0,0.33333333333333326,0.0
TYRO3,0.5954783285456509,0.1250823778258013,0.0,0.33333333333333326,0.0
TYROBP,0.6857441181277976,0.13339528763319267,0.0,0.33333333333333326,0.0
UBE2D1,0.4179358963868316,0.1407041525844866,0.0,0.33333333333333326,0.0
UBE3C,0.3275944463204747,0.3304160401770141,0.0,1.0,0.0
UBL3,0.2890993894622421,0.28882891038767056,0.0,1.0,0.0
UBQLN2,0.35412618306156823,0.036087456408946145,0.0,0.33333333333333326,0.0
UBXN8,0.3815081082094284,0.26486176938113387,0.0,0.33333333333333326,0.0
UCHL1,0.24511668472374584,0.2890240566655306,0.0,1.0,0.0
UFM1,0.40671627508120967,0.3227664842258996,0.0,0.33333333333333326,0.0
UFSP2,0.3266062776903051,0.1490756876831143,0.0,1.0,0.0
UGGT2,0.38205598160820325,0.04059998374078945,0.0,1.0,0.0
UGT2B15,0.6882467620353957,0.08576702513929775,0.0,1.0,0.0
UIMC1,0.4785568310379184,0.11381052760245909,0.0,0.33333333333333326,0.0
ULK4,0.5157396040446284,0.09609044733682985,0.0,0.33333333333333326,0.0
UNC50,0.26617120356811735,0.43116080473306573,0.0,1.0,0.0
UPK3BL1,0.5500074572796678,0.15396805743868916,0.0,0.0,0.0
USF2,0.526732474527947,0.04677359086684552,0.0,0.33333333333333326,0.0
USP21,0.478738433330988,0.012593601126545948,0.0,0.33333333333333326,0.0
UTP11,0.4416724412496127,0.1586023862924792,0.0,0.33333333333333326,0.0
UTP14A,0.45279850403796645,0.0192548977601812,0.0,0.33333333333333326,0.0
UTS2,0.5340969858386097,0.29020970538066637,0.0,0.33333333333333326,0.0
VANGL1,0.5808480885029188,0.278597069500501,0.0,0.33333333333333326,0.0
VCL,0.4865836226600071,0.22040712547623775,0.0,0.33333333333333326,0.0
VDAC2,0.410213100652481,0.16166773465771453,0.0,0.33333333333333326,0.0
VGLL1,0.6106972294960421,0.40801579913677793,0.0,1.0,0.0
VIPR2,0.7242175909887766,0.048470316367653025,0.0,1.0,0.0
VIT,0.42911442088862956,0.039007548967580935,0.0,1.0,0.0
VLDLR,0.22207174680672148,0.29071137539047615,0.0,1.0,0.0
VN1R1,0.5174326783893568,0.16306124558959212,0.0,0.33333333333333326,0.0
VPS33A,0.5770836263017467,0.049241149082929474,0.0,0.33333333333333326,0.0
VPS37A,0.5690874573452602,0.3352702330623954,0.0,0.33333333333333326,0.0
VPS4A,0.5567007493144329,0.31487655238110296,0.0,0.33333333333333326,0.0
VPS53,0.5794899924640122,0.3992985540469674,0.0,0.33333333333333326,0.0
VSIG1,0.5349763652868879,0.09824523746108925,0.0,0.0,0.0
VWA1,0.677065065436764,0.2382427237745615,0.0,0.33333333333333326,0.0
VWA3A,0.6166988433209034,0.16421518949758326,0.0,0.0,0.0
VWA5A,0.5293091962027962,0.08785023608091685,0.0,0.33333333333333326,0.0
WASL,0.5384739583817075,0.1380239319219095,0.0,0.33333333333333326,0.0
WDR1,0.4461067082457338,0.19458748894912242,0.0,0.33333333333333326,0.0
WDR44,0.37063687695581465,0.13960849032899236,0.0,1.0,0.0
WDR62,0.6375920960267689,0.17931746477606858,0.0,0.33333333333333326,0.0
WDR7,0.38078052052724,0.023245570444278135,0.0,1.0,0.0
WDR73,0.4956836914332491,0.1246298775697157,0.0,0.33333333333333326,0.0
WSCD2,0.5048566733572977,0.29358392829984375,0.0,0.33333333333333326,0.0
WWC2,0.6136385601104855,0.3189204264908109,0.0,1.0,0.0
XKR8,0.5561840888965196,0.023622582758717914,0.0,1.0,0.0
XPO1,0.28562852597643423,0.05610183410446754,0.0,1.0,0.0
XRCC1,0.5494688492564191,0.07784913531545112,0.0,0.33333333333333326,0.0
YBEY,0.4005529595733028,0.17677459349100091,0.0,1.0,0.0
YBX1,0.296094811669823,0.24288650793778557,0.0,0.33333333333333326,0.0
YIPF2,0.5559344955934286,0.16530111732176228,0.0,0.33333333333333326,0.0
YLPM1,0.39138882946185743,0.10077139896890482,0.0,1.0,0.0
YWHAZ,0.3659455066009494,0.16584970714168262,0.0,0.33333333333333326,0.0
ZBED4,0.5565061053493723,0.025439805340299368,0.0,1.0,0.0
ZBTB44,0.5526564547172553,0.12475142923641211,0.0,0.33333333333333326,0.0
ZBTB7A,0.6996861377704144,0.2698139451334854,0.0,0.33333333333333326,0.0
ZC2HC1C,0.5454415943533123,0.07923498439811709,0.0,0.33333333333333326,0.0
ZCCHC10,0.4008746601397243,0.04099860381551989,0.0,0.33333333333333326,0.0
ZCCHC8,0.43526986551600155,0.03731219640014192,0.0,0.33333333333333326,0.0
ZCWPW1,0.6009419909439354,0.29775979966044486,0.0,0.33333333333333326,0.0
ZDHHC17,0.34597296746762546,0.030613827684377495,0.0,0.33333333333333326,0.0
ZEB2,0.68074076283512,0.10175616883408396,0.0,0.33333333333333326,0.0
ZFAND6,0.3494639348982046,0.1882783496541712,0.0,1.0,0.0
ZFP36L2,0.47327200183835594,0.3035455585107532,0.0,0.33333333333333326,0.0
ZFP90,0.6336322636407914,0.12305129489636372,0.0,0.0,0.0
ZFR,0.29332856561259857,0.3734809456599596,0.0,0.33333333333333326,0.0
ZFR2,0.6148470984174689,0.29082914709310254,0.0,0.33333333333333326,0.0
ZFTRAF1,0.6326464697388526,0.1153729042509445,0.0,0.33333333333333326,0.0
ZGPAT,0.6244907581488089,0.136571544579076,0.0,0.33333333333333326,0.0
ZKSCAN3,0.5418762795619415,0.13840160486629818,0.0,0.33333333333333326,0.0
ZMAT4,0.40419799398917156,0.15470870991263722,0.0,0.33333333333333326,0.0
ZNF205,0.6614217201257714,0.07165491892305975,0.0,1.0,0.0
ZNF226,0.2815572131587282,0.07822992402392936,0.0,1.0,0.0
ZNF280A,0.5420885922563551,0.06498366224807701,0.0,0.33333333333333326,0.0
ZNF280B,0.4841402325479437,0.11540386229790581,0.0,0.33333333333333326,0.0
ZNF281,0.4505233279454473,0.032218685012384236,0.0,0.33333333333333326,0.0
ZNF302,0.3713045247890831,0.13973686492588963,0.0,0.33333333333333326,0.0
ZNF358,0.6089920359488766,0.5244926421764844,0.0,0.33333333333333326,0.0
ZNF384,0.5889506895063846,0.02330290402982603,0.0,1.0,0.0
ZNF385D,0.4953216042160598,0.19698656996165767,0.0,0.33333333333333326,0.0
ZNF444,0.673021174448216,0.07789224582038319,0.0,0.33333333333333326,0.0
ZNF446,0.6046232705750513,0.1522630902910474,0.0,0.33333333333333326,0.0
ZNF451,0.36531885294236,0.13885746845219804,0.0,0.33333333333333326,0.0
ZNF480,0.5516312238617309,0.03927914286306848,0.0,1.0,0.0
ZNF496,0.5500115662304464,0.06064521314679287,0.0,1.0,0.0
ZNF503,0.5909203714874731,0.12213222040060975,0.0,1.0,0.0
ZNF518A,0.5571659576197829,0.40914190203971823,0.0,0.33333333333333326,0.0
ZNF576,0.49566353564091264,0.30651916975956944,1.0,0.33333333333333326,0.0
ZNF586,0.4163386600477274,0.12045952308897465,0.0,0.33333333333333326,0.0
ZNF589,0.5225434535002708,0.09880378361784642,0.0,0.33333333333333326,0.0
ZNF665,0.47065653826155773,0.016202823141581404,0.0,0.33333333333333326,0.0
ZNF667,0.5713724097830686,0.13533137026151115,0.0,0.33333333333333326,0.0
ZNF697,0.39391421529542037,0.389609344625168,0.0,1.0,0.0
ZNF710,0.6480661359970566,0.1440699373557975,0.0,1.0,0.0
ZNF771,0.6503377541483876,0.18735667141139975,0.0,1.0,0.0
ZNF780B,0.5043547282919608,0.04369395086304549,0.0,0.33333333333333326,0.0
ZNF81,0.5241595783646115,0.09066505157437935,0.0,0.33333333333333326,0.0
ZRANB3,0.45080437282029223,0.0956388356260412,0.0,1.0,0.0
