gene,cluster_id,level_1,level_2,level_3,level_4,max_level,is_core,mean_log2fc,mean_log2fc_sig,direction
AADAC,230,True,True,True,True,4,True,0.3845638023468722,0.7069984953781518,up
AAMDC,103,True,True,True,True,4,True,-0.2269663487889828,-0.378402565546219,down
AASS,11,True,True,True,True,4,True,-0.952147694499534,-0.952147694499534,down
AATK,26,True,True,True,True,4,True,-0.674241440518674,-0.8716632710084028,down
ABCA12,232,True,True,True,True,4,True,0.43449912085387504,0.43449912085387504,up
ABCA13,130,True,True,True,True,4,True,1.4013054992642395,1.4013054992642395,up
ABCA3,132,True,True,True,True,4,True,-1.2255807044183005,-1.2255807044183005,down
ABCB6,168,True,True,True,True,4,True,-0.4778539641409891,-0.6381445630252094,down
ABCC3,135,True,True,True,True,4,True,0.8846178962324931,0.8846178962324931,up
ABCC4,134,True,True,True,True,4,True,-0.3011833068636788,-0.4353974602955182,down
ABCC5,93,True,True,True,True,4,True,0.6521500527044816,0.6521500527044816,up
ABCC6,97,True,True,True,True,4,True,-0.3442852168067223,-0.3442852168067223,down
ABCC8,240,True,True,True,True,4,True,-1.2632316865256772,-1.4145145281512614,down
ABHD10,182,True,True,True,True,4,True,0.3625035387768442,0.5315515581652663,up
ABHD6,62,True,True,True,True,4,True,-0.21985503632259626,-0.3747900563025215,down
ABTB3,183,True,True,True,True,4,True,0.520526707519608,0.520526707519608,up
ACACA,240,True,True,True,True,4,True,-0.31586487757049503,-0.34181249621848747,down
ACADL,75,True,True,True,True,4,True,-1.345169549760037,-1.345169549760037,down
ACAN,37,True,True,True,True,4,True,0.5370965210308124,0.7700280096638649,up
ACAT1,38,True,True,True,True,4,True,-0.4788112568127921,-0.5423162445378149,down
ACER2,296,True,True,True,True,4,True,0.6483363843422034,0.6483363843422034,up
ACKR5,61,True,True,True,True,4,True,-0.20026206837768448,-0.3081418525665267,down
ACO1,127,True,True,True,True,4,True,0.021969364411297116,0.08306404661694566,up
ACOX2,143,True,True,True,True,4,True,0.38683524602474284,0.5391178690371143,up
ACP3,112,True,True,True,True,4,True,-0.5723520058506063,-0.5723520058506063,down
ACSL1,146,True,True,True,True,4,True,-1.1488312813361334,-1.1488312813361334,down
ACSS2,26,True,True,True,True,4,True,-0.6847683816125119,-0.8531006626050426,down
ACTC1,268,True,True,True,True,4,True,0.2858918768225955,0.3354000886554622,up
ACTN1,280,True,True,True,True,4,True,0.47979193809523907,0.47979193809523907,up
ACTN4,253,True,True,True,True,4,True,0.07064970397548975,0.07064970397548975,up
ACVR1,331,True,True,True,True,4,True,0.3717424670882353,0.3717424670882353,up
ACVR2A,307,True,True,True,True,4,True,0.07534423738095293,0.20044444033613534,up
ACVRL1,148,True,True,True,True,4,True,-1.0791288974477131,-1.2146371794117647,down
ADA2,280,True,True,True,True,4,True,0.5977156783342674,0.5977156783342674,up
ADAM17,240,True,True,True,True,4,True,-0.26583007116900054,-0.3868764121848744,down
ADAM23,53,True,True,True,True,4,True,0.3134724591237162,0.45671031050420163,up
ADAM28,6,True,True,True,True,4,True,0.7649150540018673,0.9220412579831938,up
ADAMTS1,149,True,True,True,True,4,True,-0.8480159821195148,-1.2470502231792722,down
ADAMTS16,7,True,True,True,True,4,True,0.468234809685341,0.6591277004201685,up
ADAMTS18,79,True,True,True,True,4,True,0.3864702418846874,0.5404223974789918,up
ADAMTS2,2,True,True,True,True,4,True,-0.6725879223398689,-0.6725879223398689,down
ADAMTS5,238,True,True,True,True,4,True,0.4605328635816995,0.4546236735294129,up
ADAMTSL3,209,True,True,True,True,4,True,-0.6508001992577035,-0.7309493222689081,down
ADAMTSL4,66,True,True,True,True,4,True,0.20540258336648123,0.20540258336648123,up
ADARB1,39,True,True,True,True,4,True,-0.7040274562787117,-0.749179820168068,down
ADCY4,255,True,True,True,True,4,True,-0.4089237028576105,-0.5209363037815133,down
ADCY9,210,True,True,True,True,4,True,-0.28268517945564864,-0.3298893243697475,down
ADCYAP1,37,True,True,True,True,4,True,0.5398495144056953,0.7467600894957982,up
ADGRA2,248,True,True,True,True,4,True,0.6038035876377221,0.6038035876377221,up
ADGRA3,117,True,True,True,True,4,True,0.3390505140938373,0.5352332711407559,up
ADGRB3,174,True,True,True,True,4,True,-0.5167050404122314,-0.4645334424369749,down
ADGRD1,193,True,True,True,True,4,True,-0.8404610597483656,-0.8404610597483656,down
ADGRF1,138,True,True,True,True,4,True,1.0124449325354807,1.3454629222689076,up
ADGRF5,0,True,True,True,True,4,True,-0.6537950885200742,-0.6537950885200742,down
ADGRG3,114,True,True,True,True,4,True,-1.0139932254070956,-1.4580685881106432,down
ADGRL2,81,True,True,True,True,4,True,-0.9317811787012135,-1.0519610962184869,down
ADH1B,257,True,True,True,True,4,True,-0.6424129704397771,-0.6594423109243706,down
ADH7,320,True,True,True,True,4,True,0.7200063297110173,0.7200063297110173,up
ADHFE1,173,True,True,True,True,4,True,-0.6750553044313724,-0.7466638205882354,down
ADI1,147,True,True,True,True,4,True,-0.37365970842203483,-0.37365970842203483,down
ADIPOR2,328,True,True,True,True,4,True,-0.7507839735989723,-0.7507839735989723,down
ADM,115,True,True,True,True,4,True,-1.3902557602745083,-1.9398748904117626,down
ADPRH,134,True,True,True,True,4,True,-0.27112038335760996,-0.36308847436974806,down
ADRA1B,114,True,True,True,True,4,True,-0.9821016919481789,-1.4399442424369744,down
ADRA2A,297,True,True,True,True,4,True,0.9465531197222213,0.9465531197222213,up
ADRB1,270,True,True,True,True,4,True,-0.7982249044481802,-0.7108401453781512,down
ADRB2,0,True,True,True,True,4,True,-0.6533212860957051,-0.6533212860957051,down
AEBP1,447,True,True,True,True,4,True,0.5313357763352005,0.7450159653431367,up
AFAP1,299,True,True,True,True,4,True,0.40210920818207335,0.40210920818207335,up
AFAP1L1,348,True,True,True,True,4,True,-0.468042081967787,-0.6820097689075626,down
AFAP1L2,372,True,True,True,True,4,True,0.3607382254822595,0.433664043277311,up
AFF2,352,True,True,True,True,4,True,-0.7824381321573295,-0.7824381321573295,down
AFF3,77,True,True,True,True,4,True,-1.5543685456895429,-1.5543685456895429,down
AFMID,394,True,True,True,True,4,True,-0.3078089435410838,-0.3078089435410838,down
AGER,146,True,True,True,True,4,True,-1.124482715418768,-1.124482715418768,down
AGFG1,113,True,True,True,True,4,True,-0.5453871080191424,-0.5453871080191424,down
AGPAT2,271,True,True,True,True,4,True,-0.3064907576811395,-0.45987158025210145,down
AGPAT4,293,True,True,True,True,4,True,0.2933120179229693,0.31315677688445387,up
AGRN,398,True,True,True,True,4,True,0.6896026891568633,0.6896026891568633,up
AGTPBP1,349,True,True,True,True,4,True,-0.7014367107408974,-0.6597054533613451,down
AGTR1,187,True,True,True,True,4,True,-1.0598404109000932,-1.0598404109000932,down
AGTRAP,271,True,True,True,True,4,True,-0.26213763531045836,-0.39388359117647126,down
AHNAK2,338,True,True,True,True,4,True,0.711313858068627,0.9985932871029406,up
AIG1,375,True,True,True,True,4,True,0.693431641580299,0.693431641580299,up
AIM2,230,True,True,True,True,4,True,0.3075422042306252,0.6473794873949579,up
AKAP13,389,True,True,True,True,4,True,-0.37348837526610534,-0.42662213907562885,down
AKIRIN2,240,True,True,True,True,4,True,-0.22686714148599382,-0.28988625630251996,down
AKR1C3,270,True,True,True,True,4,True,-0.7948819245275445,-0.9353902096638657,down
ALDH18A1,297,True,True,True,True,4,True,0.6535044109411761,0.6535044109411761,up
ALDH1A3,300,True,True,True,True,4,True,1.6701758099957995,1.6701758099957995,up
ALDH1B1,248,True,True,True,True,4,True,0.5011423628113909,0.5011423628113909,up
ALDH1L1,2,True,True,True,True,4,True,-0.6629179291946782,-0.6629179291946782,down
ALDH3A1,135,True,True,True,True,4,True,0.8939044014486458,0.8939044014486458,up
ALDH5A1,205,True,True,True,True,4,True,0.32607710916993515,0.47023691375490273,up
ALDH6A1,328,True,True,True,True,4,True,-0.7443368083454711,-0.7443368083454711,down
ALG13,340,True,True,True,True,4,True,0.007987557020075328,0.007987557020075328,up
ALKAL1,83,True,True,True,True,4,True,0.4892027096638652,0.4892027096638652,up
ALKAL2,132,True,True,True,True,4,True,-1.2416391937077493,-1.2416391937077493,down
ALOX15,190,True,True,True,True,4,True,0.8075278146381885,1.1369267219572827,up
ALOX15B,105,True,True,True,True,4,True,-1.2644797272726427,-1.2644797272726427,down
ALOX5AP,168,True,True,True,True,4,True,-0.43169755670401483,-0.5830205155462185,down
ALPP,147,True,True,True,True,4,True,-0.8110119823702148,-0.8110119823702148,down
ALS2CL,376,True,True,True,True,4,True,-0.20370523658636777,-0.3959057978991598,down
AMD1,241,True,True,True,True,4,True,-0.36768199424229636,-0.5291992413634445,down
AMOTL2,240,True,True,True,True,4,True,-0.35287053378431305,-0.463436894117646,down
AMPD1,361,True,True,True,True,4,True,1.1956679809911295,1.1956679809911295,up
AMPD2,25,True,True,True,True,4,True,0.006528807426237515,0.01799718319327759,up
AMPD3,365,True,True,True,True,4,True,0.48451471137021535,0.5623976378151263,up
AMZ2,205,True,True,True,True,4,True,0.4097638063186283,0.4097638063186283,up
ANG,209,True,True,True,True,4,True,-0.5922097734950986,-0.5922097734950986,down
ANGPTL2,362,True,True,True,True,4,True,0.7688702189626522,0.7688702189626522,up
ANK2,442,True,True,True,True,4,True,0.8219731859355734,0.6935185407563024,up
ANKH,163,True,True,True,True,4,True,0.4265545646269832,0.4265545646269832,up
ANKMY2,404,True,True,True,True,4,True,0.5123495131423902,0.5123495131423902,up
ANKRD18A,96,True,True,True,True,4,True,0.6074779850971058,0.6074779850971058,up
ANKRD18B,152,True,True,True,True,4,True,0.4316634284967318,0.6665214294117643,up
ANKRD29,240,True,True,True,True,4,True,-0.6315666722474316,-0.7501545327731084,down
ANKRD36,322,True,True,True,True,4,True,0.7345231851498594,0.7345231851498594,up
ANKRD42,17,True,True,True,True,4,True,0.4399734013916899,0.41702409285714304,up
ANKRD45,414,True,True,True,True,4,True,0.6045073489701219,0.5906475134453786,up
ANKRD65,447,True,True,True,True,4,True,0.6792136867647065,0.6792136867647065,up
ANKS1A,207,True,True,True,True,4,True,-0.5617444762539684,-0.698293097478992,down
ANO1,277,True,True,True,True,4,True,1.0227998766265176,1.0227998766265176,up
ANO4,200,True,True,True,True,4,True,0.3878524748697479,0.3878524748697479,up
ANP32B,175,True,True,True,True,4,True,-0.1368030647012138,-0.20050226974789898,down
ANTXR1,259,True,True,True,True,4,True,1.0102209379803926,1.0102209379803926,up
ANXA3,149,True,True,True,True,4,True,-1.115486341664331,-1.291761978991596,down
ANXA4,98,True,True,True,True,4,True,0.2675145542110184,0.39873558131652764,up
AOC1,282,True,True,True,True,4,True,0.31597094591503266,0.31597094591503266,up
AOC3,353,True,True,True,True,4,True,-0.7936028241718018,-0.7936028241718018,down
AOPEP,303,True,True,True,True,4,True,0.34026647339869287,0.34026647339869287,up
AOX1,147,True,True,True,True,4,True,-1.0582741418408024,-1.0582741418408024,down
AP3S1,343,True,True,True,True,4,True,0.1823730857703073,0.20753135630251968,up
APH1A,212,True,True,True,True,4,True,-0.158061684621848,-0.30033959075630207,down
APLNR,309,True,True,True,True,4,True,1.0520472335807654,1.0520472335807654,up
APOBEC3C,96,True,True,True,True,4,True,0.6032098033646117,0.6032098033646117,up
APOBEC3F,416,True,True,True,True,4,True,0.5789055939337071,0.5789055939337071,up
APOBEC3G,396,True,True,True,True,4,True,0.5034753502329595,0.5034753502329595,up
APOBEC3H,410,True,True,True,True,4,True,0.40668308991596613,0.40668308991596613,up
APOLD1,240,True,True,True,True,4,True,-0.5660455707698412,-0.7190713638655455,down
AQP1,347,True,True,True,True,4,True,-0.311812652684407,-0.43859880966386644,down
AQP3,275,True,True,True,True,4,True,0.8066632628431387,0.8066632628431387,up
AQP5,106,True,True,True,True,4,True,0.9432100446330542,0.9432100446330542,up
AR,447,True,True,True,True,4,True,0.3627862315490196,0.5268130973235294,up
ARAP1,20,True,True,True,True,4,True,0.0713920956694681,0.11768814350420209,up
ARAP3,329,True,True,True,True,4,True,-0.4100588902152194,-0.5949528222689073,down
ARG1,36,True,True,True,True,4,True,-2.347386661556022,-2.347386661556022,down
ARHGAP1,184,True,True,True,True,4,True,0.27042818771708754,0.259751000840337,up
ARHGAP10,210,True,True,True,True,4,True,-0.34966784738001855,-0.4581261495798322,down
ARHGAP15,138,True,True,True,True,4,True,0.7552312134453787,0.7552312134453787,up
ARHGAP22,324,True,True,True,True,4,True,0.6979624511421562,0.6979624511421562,up
ARHGAP29,241,True,True,True,True,4,True,-0.5513158729145665,-0.6016395634453784,down
ARHGAP31,27,True,True,True,True,4,True,-0.6593956305009337,-0.8034082172268908,down
ARHGAP39,392,True,True,True,True,4,True,0.3173237577320253,0.34371604999999894,up
ARHGAP45,40,True,True,True,True,4,True,-0.5279907249992997,-0.5279907249992997,down
ARHGAP6,146,True,True,True,True,4,True,-1.1007510743795517,-1.1007510743795517,down
ARHGEF10,50,True,True,True,True,4,True,-0.7435025617768446,-0.8250776768907575,down
ARHGEF26,81,True,True,True,True,4,True,-0.9034313427525675,-1.0841702525210086,down
ARID5A,65,True,True,True,True,4,True,-0.04045748602474367,-0.04045748602474367,down
ARID5B,152,True,True,True,True,4,True,0.35208324734780644,0.585057503781514,up
ARL1,396,True,True,True,True,4,True,0.290588095453314,0.290588095453314,up
ARL14EP,200,True,True,True,True,4,True,0.3835718031423896,0.3835718031423896,up
ARL4C,379,True,True,True,True,4,True,0.3709167669551823,0.5817010966386547,up
ARL6IP5,303,True,True,True,True,4,True,0.28945820964519187,0.28945820964519187,up
ARL8A,241,True,True,True,True,4,True,-0.24958487766946771,-0.3033594546218482,down
ARMC1,202,True,True,True,True,4,True,0.2996342951265169,0.3551151926897753,up
ARMCX2,333,True,True,True,True,4,True,0.6603185105735296,0.6603185105735296,up
ARMH1,416,True,True,True,True,4,True,0.5856569862086834,0.5856569862086834,up
ARMH4,8,True,True,True,True,4,True,0.43000654714332365,0.6361455752100833,up
ARRB1,47,True,True,True,True,4,True,-0.7718106636708697,-0.9223875819327745,down
ARRDC2,47,True,True,True,True,4,True,-0.6384319922040156,-0.92557629789916,down
ARSJ,182,True,True,True,True,4,True,0.26931244496685364,0.398997722268908,up
ASB13,306,True,True,True,True,4,True,0.07214034169607891,0.07214034169607891,up
ASB2,135,True,True,True,True,4,True,0.8887069311932775,0.8887069311932775,up
ASB5,374,True,True,True,True,4,True,0.28756117470821696,0.3327988710084038,up
ASCC3,439,True,True,True,True,4,True,0.49961658705462203,0.49961658705462203,up
ASPM,437,True,True,True,True,4,True,0.5624075178837534,0.7350575268256301,up
ASPN,194,True,True,True,True,4,True,2.7390692264383745,2.7390692264383745,up
ASRGL1,352,True,True,True,True,4,True,-0.7769841948323989,-0.7769841948323989,down
ASXL2,234,True,True,True,True,4,True,0.29431575606862637,0.29431575606862637,up
ATF7,60,True,True,True,True,4,True,0.008225654934639967,-0.023440688186274483,down
ATIC,111,True,True,True,True,4,True,0.08497842846965546,0.13469389270448318,up
ATOH8,181,True,True,True,True,4,True,-0.7501899456951446,-1.2760034857142861,down
ATP11C,268,True,True,True,True,4,True,0.2581483551596631,0.32706945756302463,up
ATP13A4,209,True,True,True,True,4,True,-0.3833369173328663,-0.47184743991596556,down
ATP1A1,113,True,True,True,True,4,True,-0.5467502760270788,-0.5467502760270788,down
ATP1B1,276,True,True,True,True,4,True,0.37757716252567647,0.37757716252567647,up
ATP1B2,8,True,True,True,True,4,True,0.5218216147264241,0.6360289436974791,up
ATP2A2,233,True,True,True,True,4,True,0.4466010785863673,0.4466010785863673,up
ATP2B1,284,True,True,True,True,4,True,0.20691482226937508,0.3614702331932771,up
ATP2C2,258,True,True,True,True,4,True,-0.30029042464052375,-0.41140940588235386,down
ATP6AP1,341,True,True,True,True,4,True,-0.047811279071896196,-0.047811279071896196,down
ATP8B4,235,True,True,True,True,4,True,0.33352088999626534,0.47053455756302504,up
ATP9A,265,True,True,True,True,4,True,0.5001521909299723,0.5001521909299723,up
ATR,447,True,True,True,True,4,True,0.26125550108076573,0.23046386806722624,up
ATXN1,409,True,True,True,True,4,True,0.36091791800490136,0.36091791800490136,up
AURKA,425,True,True,True,True,4,True,0.27950484728338026,0.39896477092507077,up
AVPR1A,284,True,True,True,True,4,True,0.2821187923744162,0.4499582373949573,up
B3GALNT1,50,True,True,True,True,4,True,-0.5977465891708683,-0.8272385378151259,down
B3GALNT2,163,True,True,True,True,4,True,0.4128124881447241,0.4128124881447241,up
B3GAT3,90,True,True,True,True,4,True,0.08062387721521953,0.06802456582282934,up
B3GNT3,373,True,True,True,True,4,True,0.7708856829313729,1.0709043117647061,up
B3GNT7,269,True,True,True,True,4,True,-0.3230419553954251,-0.4679469705882362,down
BAAT,354,True,True,True,True,4,True,0.6946923955233429,0.9662128042016811,up
BACE2,384,True,True,True,True,4,True,0.7917002242492988,0.7917002242492988,up
BAG6,306,True,True,True,True,4,True,0.08115390037745052,0.08115390037745052,up
BAIAP2,380,True,True,True,True,4,True,-0.42850053057609744,-0.7776097319327736,down
BBOX1,266,True,True,True,True,4,True,0.48946635753921547,0.48946635753921547,up
BBS1,268,True,True,True,True,4,True,0.2833747348300643,0.41738960224509647,up
BBS2,233,True,True,True,True,4,True,0.4543376923837523,0.4543376923837523,up
BBS5,143,True,True,True,True,4,True,0.5819861800690943,0.5391931277310922,up
BBS9,201,True,True,True,True,4,True,0.3516722695611573,0.3516722695611573,up
BCAP29,97,True,True,True,True,4,True,-0.23947843350420137,-0.2567697525210082,down
BCAS1,398,True,True,True,True,4,True,0.6859700213464052,0.6859700213464052,up
BCAS3,288,True,True,True,True,4,True,0.2930978032049489,0.4524442048074233,up
BCAT2,289,True,True,True,True,4,True,-0.6870740250784309,-0.6870740250784309,down
BCHE,290,True,True,True,True,4,True,1.231137462229692,1.231137462229692,up
BCKDHA,240,True,True,True,True,4,True,-0.3027777624379083,-0.3474051764705883,down
BCL11A,309,True,True,True,True,4,True,1.0493197313127924,1.0493197313127924,up
BCL6,112,True,True,True,True,4,True,-0.5732188042390284,-0.5732188042390284,down
BDKRB2,277,True,True,True,True,4,True,1.3042746355270785,1.3042746355270785,up
BEAN1,341,True,True,True,True,4,True,0.5263713445662934,0.5263713445662934,up
BEND5,429,True,True,True,True,4,True,0.5401534404668539,0.5401534404668539,up
BEST4,343,True,True,True,True,4,True,0.257247790186742,0.19872345714285755,up
BFAR,40,True,True,True,True,4,True,-0.3791224805555536,-0.5282444617647042,down
BHLHE22,297,True,True,True,True,4,True,1.118395952547152,1.118395952547152,up
BHLHE41,326,True,True,True,True,4,True,0.7182348826554628,0.7182348826554628,up
BICC1,106,True,True,True,True,4,True,0.9447042440686283,0.9447042440686283,up
BIRC3,311,True,True,True,True,4,True,0.552555198159197,0.8628451357142863,up
BLID,192,True,True,True,True,4,True,0.14179474758730146,0.3177101621848736,up
BLK,311,True,True,True,True,4,True,0.3293942174836599,0.6565055411764704,up
BLNK,53,True,True,True,True,4,True,0.4854280843828202,0.4687452336134457,up
BLVRA,104,True,True,True,True,4,True,-0.12034296940943096,-0.23109565840336152,down
BLVRB,0,True,True,True,True,4,True,-0.6296414919360412,-0.6296414919360412,down
BMAL1,0,True,True,True,True,4,True,-0.649585831711951,-0.649585831711951,down
BMAL2,373,True,True,True,True,4,True,0.7946025545424842,1.1515495029411769,up
BMP2K,248,True,True,True,True,4,True,0.4706755505429508,0.4706755505429508,up
BMP4,384,True,True,True,True,4,True,0.8135979158352006,0.8135979158352006,up
BMPER,241,True,True,True,True,4,True,-0.48212035703174644,-0.4485697386554629,down
BMX,218,True,True,True,True,4,True,-0.7261517434234356,-0.7261517434234356,down
BNC2,320,True,True,True,True,4,True,0.7166777301391223,0.7166777301391223,up
BNIP3,328,True,True,True,True,4,True,-0.7502175040014011,-0.7502175040014011,down
BOC,19,True,True,True,True,4,True,0.5352543184481795,0.4437066189075634,up
BPHL,205,True,True,True,True,4,True,0.3465278914803922,0.3465278914803922,up
BRINP3,384,True,True,True,True,4,True,0.8188386755915035,0.8188386755915035,up
BTC,321,True,True,True,True,4,True,0.7140925354070958,0.7140925354070958,up
BTLA,424,True,True,True,True,4,True,0.3287149591302529,0.41459277521008486,up
BTN3A3,231,True,True,True,True,4,True,0.307925931160598,0.489131396740897,up
BTNL8,105,True,True,True,True,4,True,-1.2776361438267976,-1.2776361438267976,down
BTNL9,36,True,True,True,True,4,True,-2.490997243316527,-2.490997243316527,down
BUB1B,182,True,True,True,True,4,True,0.3705571303944913,0.49277444559173667,up
C11orf96,356,True,True,True,True,4,True,-0.49343331646031857,-1.124567474690478,down
C12orf75,165,True,True,True,True,4,True,1.478779151118114,1.478779151118114,up
C16orf89,333,True,True,True,True,4,True,0.5329280390252092,0.5803145585378138,up
C1QTNF2,305,True,True,True,True,4,True,0.6182025341531275,0.6182025341531275,up
C1QTNF6,446,True,True,True,True,4,True,0.5528523620735284,0.5528523620735284,up
C1orf162,40,True,True,True,True,4,True,-0.3879240539677878,-0.5212182394957994,down
C1orf21,71,True,True,True,True,4,True,-0.45760334406209063,-0.5414338970588229,down
C1orf210,329,True,True,True,True,4,True,-0.4862378998048551,-0.5924002819327734,down
C1orf54,106,True,True,True,True,4,True,0.9341363286409906,0.9341363286409906,up
C2,371,True,True,True,True,4,True,-0.4866964427189547,-0.6186234882352956,down
C2CD3,18,True,True,True,True,4,True,0.3087414853716148,0.43551847805742216,up
C4B_2,447,True,True,True,True,4,True,0.6183531676561618,0.6183531676561618,up
C5orf15,4,True,True,True,True,4,True,0.3233476165882348,0.3233476165882348,up
C6orf132,433,True,True,True,True,4,True,0.3353383904145662,0.35059156050420215,up
C6orf141,118,True,True,True,True,4,True,0.08877100456676039,0.21154538319327765,up
C8orf34,384,True,True,True,True,4,True,0.7987304944901963,0.7987304944901963,up
CA11,238,True,True,True,True,4,True,0.4993106081323533,0.4993106081323533,up
CA2,270,True,True,True,True,4,True,-0.955354476896825,-1.152340903781511,down
CA4,36,True,True,True,True,4,True,-2.0580998757950506,-2.0580998757950506,down
CACHD1,374,True,True,True,True,4,True,0.4079311673692818,0.37693231176470643,up
CACNA1C,284,True,True,True,True,4,True,0.2000299372114849,0.3666060974789917,up
CACNA1H,21,True,True,True,True,4,True,-0.3700218582338932,-0.499628296218487,down
CACNA2D2,146,True,True,True,True,4,True,-1.0969893468492067,-1.0969893468492067,down
CACNA2D3,348,True,True,True,True,4,True,-0.6186047321008401,-0.6845372369747896,down
CACNB1,347,True,True,True,True,4,True,-0.3321715389010273,-0.4391305651260505,down
CACNB3,120,True,True,True,True,4,True,0.41104542655555437,0.5561681398333316,up
CACNB4,157,True,True,True,True,4,True,-0.34352499206162485,-0.34352499206162485,down
CADM3,227,True,True,True,True,4,True,0.10723221022969154,0.22992865546218427,up
CALCOCO1,111,True,True,True,True,4,True,0.0970693878258635,0.1148118901421572,up
CALCOCO2,112,True,True,True,True,4,True,-0.5725508126708675,-0.5725508126708675,down
CALM2,13,True,True,True,True,4,True,0.2624536315126039,0.2624536315126039,up
CALML4,285,True,True,True,True,4,True,0.708491661766574,0.6090472903361352,up
CAMK1D,286,True,True,True,True,4,True,0.5401417543020534,0.62077638145308,up
CAMSAP3,430,True,True,True,True,4,True,-0.25168836767366937,-0.36931468361344527,down
CAP2,375,True,True,True,True,4,True,0.6962257623580758,0.6962257623580758,up
CAPN13,382,True,True,True,True,4,True,1.146384506502801,1.146384506502801,up
CAPN5,414,True,True,True,True,4,True,0.4169932352801127,0.587733602920169,up
CAPN6,55,True,True,True,True,4,True,0.44511064198739536,0.4937272924369758,up
CARD11,372,True,True,True,True,4,True,0.27765407080578935,0.3839265168067233,up
CARD6,395,True,True,True,True,4,True,-0.4843884631218487,-0.4843884631218487,down
CARMIL1,0,True,True,True,True,4,True,-0.6458610357819801,-0.6458610357819801,down
CASKIN2,26,True,True,True,True,4,True,-0.605842934676471,-0.8615900058823529,down
CASP3,13,True,True,True,True,4,True,0.30112161858356684,0.40080255504201656,up
CATSPERB,196,True,True,True,True,4,True,0.15861679754761884,0.3522047491596637,up
CAV1,137,True,True,True,True,4,True,-0.5110099261858082,-0.6441915163865546,down
CAVIN2,11,True,True,True,True,4,True,-0.9407955206423898,-0.9407955206423898,down
CBLN4,93,True,True,True,True,4,True,0.649112722974323,0.649112722974323,up
CBS,32,True,True,True,True,4,True,-1.2810909961666668,-1.2810909961666668,down
CCBE1,187,True,True,True,True,4,True,-1.0660024357138187,-1.0660024357138187,down
CCDC125,84,True,True,True,True,4,True,0.7057945609967323,0.7057945609967323,up
CCDC146,165,True,True,True,True,4,True,1.4686880789995327,1.4686880789995327,up
CCDC191,68,True,True,True,True,4,True,0.8372011475742299,0.8372011475742299,up
CCDC3,372,True,True,True,True,4,True,0.5834145249943979,0.6566180231092447,up
CCDC60,158,True,True,True,True,4,True,0.5740496893524739,0.851537034028711,up
CCDC69,222,True,True,True,True,4,True,-0.3216386829229705,-0.3847723361344545,down
CCDC71L,227,True,True,True,True,4,True,-0.18509206824042965,0.1837075331932767,up
CCDC80,130,True,True,True,True,4,True,1.4033407961479918,1.4033407961479918,up
CCDC85A,75,True,True,True,True,4,True,-1.3482056313235287,-1.3482056313235287,down
CCDC88C,369,True,True,True,True,4,True,0.45493327416013124,0.45493327416013124,up
CCL11,190,True,True,True,True,4,True,0.9596745976769382,1.1315880806722696,up
CCL19,445,True,True,True,True,4,True,1.7308514663828205,1.9836117630252112,up
CCL21,372,True,True,True,True,4,True,0.8635966715667599,0.8924217714285712,up
CCL23,222,True,True,True,True,4,True,-0.5645301017170871,-0.6233044655462181,down
CCL24,439,True,True,True,True,4,True,0.46089326486367826,0.46089326486367826,up
CCL5,277,True,True,True,True,4,True,1.0670960972749766,1.0670960972749766,up
CCL8,446,True,True,True,True,4,True,0.657411154028945,0.8884982252100844,up
CCM2L,357,True,True,True,True,4,True,-0.4006546062563027,-0.6016370978991598,down
CCN1,178,True,True,True,True,4,True,-0.24959818119047558,-0.7619272717857135,down
CCNB1,428,True,True,True,True,4,True,0.5220525437628393,0.7480800656442588,up
CCNB2,248,True,True,True,True,4,True,0.4980582891288512,0.4980582891288512,up
CCND1,338,True,True,True,True,4,True,0.7661386994355747,1.002193049153362,up
CCND2,95,True,True,True,True,4,True,0.6188138329715221,0.6188138329715221,up
CCND3,113,True,True,True,True,4,True,-0.5250359383753496,-0.5250359383753496,down
CCNJL,170,True,True,True,True,4,True,-0.2549963847595701,-0.32661995966386465,down
CCNL1,263,True,True,True,True,4,True,-0.38115325577124065,-0.628082383656861,down
CCNQ,339,True,True,True,True,4,True,-0.2599866220415502,-0.24688783571428613,down
CCNYL1,189,True,True,True,True,4,True,-0.384836147612512,-0.384836147612512,down
CCR5,281,True,True,True,True,4,True,0.7887860042530349,0.7887860042530349,up
CCR6,83,True,True,True,True,4,True,0.4231481557166202,0.4836989613445379,up
CCR7,182,True,True,True,True,4,True,1.2473681041041085,1.6099800399159663,up
CD163,105,True,True,True,True,4,True,-1.272284838412699,-1.272284838412699,down
CD163L1,1,True,True,True,True,4,True,0.5941125181269841,0.6705048546218483,up
CD177,219,True,True,True,True,4,True,-0.9974536017329602,-0.9974536017329602,down
CD180,226,True,True,True,True,4,True,0.14024106995238142,0.25393937731092486,up
CD19,372,True,True,True,True,4,True,0.7410017883295984,1.056180031092437,up
CD1A,442,True,True,True,True,4,True,0.6444613041311861,0.6906667365546221,up
CD1B,293,True,True,True,True,4,True,0.29075219226750665,0.3710201516806718,up
CD1C,309,True,True,True,True,4,True,1.0817736752955176,1.0817736752955176,up
CD1E,125,True,True,True,True,4,True,0.6693210546816063,0.8829362609243696,up
CD2,277,True,True,True,True,4,True,0.9380159804164331,0.9380159804164331,up
CD200,354,True,True,True,True,4,True,0.7590699389374423,0.9772941134453785,up
CD200R1,120,True,True,True,True,4,True,0.46782284127777735,0.5526675852941174,up
CD207,95,True,True,True,True,4,True,0.6169598335471523,0.6169598335471523,up
CD209,243,True,True,True,True,4,True,0.496951605903361,0.5213544037815127,up
CD24,195,True,True,True,True,4,True,2.1492518715887026,2.1492518715887026,up
CD248,365,True,True,True,True,4,True,0.5194834741069095,0.5790814327731094,up
CD27,57,True,True,True,True,4,True,1.0557152685718953,1.2387379764705881,up
CD274,146,True,True,True,True,4,True,-1.135318386837535,-1.135318386837535,down
CD28,92,True,True,True,True,4,True,0.9849620508165263,0.9849620508165263,up
CD300LG,257,True,True,True,True,4,True,-0.4277361215028015,-0.5791987781512609,down
CD36,32,True,True,True,True,4,True,-0.6992071994855275,-0.7693979197478988,down
CD38,138,True,True,True,True,4,True,0.7953885382110185,1.0124490050420176,up
CD3D,304,True,True,True,True,4,True,0.803945632895425,0.803945632895425,up
CD3E,182,True,True,True,True,4,True,0.3871711525686272,0.35618788529411705,up
CD3G,373,True,True,True,True,4,True,0.689791196484126,0.9773663365546215,up
CD4,10,True,True,True,True,4,True,0.5842039253781515,0.788038388067227,up
CD5,294,True,True,True,True,4,True,0.3029746919145659,0.41379450168067244,up
CD55,241,True,True,True,True,4,True,-0.46347399062558386,-0.5230661508403377,down
CD5L,62,True,True,True,True,4,True,-0.17302222909570486,-0.2658050113445375,down
CD6,123,True,True,True,True,4,True,0.6210934109724553,0.8143109344537813,up
CD74,442,True,True,True,True,4,True,0.5970006456676012,0.708057218501402,up
CD79A,190,True,True,True,True,4,True,0.9187679965887018,1.1177549630252095,up
CDC14B,416,True,True,True,True,4,True,0.5881330832170865,0.5881330832170865,up
CDC25B,350,True,True,True,True,4,True,-0.5033274871970124,-0.6462556936974785,down
CDCA7,309,True,True,True,True,4,True,1.0439324143459383,1.0439324143459383,up
CDCA7L,330,True,True,True,True,4,True,-0.32301393428104436,-0.37137918529411706,down
CDCP1,275,True,True,True,True,4,True,0.633097717774043,0.633097717774043,up
CDH11,99,True,True,True,True,4,True,0.4341342327796463,0.569536257983194,up
CDH13,146,True,True,True,True,4,True,-1.0874218488832863,-1.0874218488832863,down
CDH19,391,True,True,True,True,4,True,-0.9765722043632126,-0.9765722043632126,down
CDH2,198,True,True,True,True,4,True,1.0742225272264232,1.3147811319327727,up
CDH26,93,True,True,True,True,4,True,0.6513140180527544,0.6513140180527544,up
CDH3,154,True,True,True,True,4,True,1.9314253226321192,1.9314253226321192,up
CDH5,39,True,True,True,True,4,True,-0.5636214475298785,-0.7767756600840332,down
CDH6,297,True,True,True,True,4,True,0.669774633708217,0.669774633708217,up
CDIN1,201,True,True,True,True,4,True,0.33169102333986855,0.33169102333986855,up
CDK14,9,True,True,True,True,4,True,0.27442531589869407,0.36385922384804115,up
CDK2,103,True,True,True,True,4,True,-0.22469332036554582,-0.36759373054831856,down
CDK2AP2,381,True,True,True,True,4,True,-0.1895699728277314,-0.3530810525210087,down
CDKL2,289,True,True,True,True,4,True,-0.6917063463692815,-0.6917063463692815,down
CDKL5,352,True,True,True,True,4,True,-0.7649596873734831,-0.7649596873734831,down
CDKN2A,94,True,True,True,True,4,True,0.6295710734453775,0.6295710734453775,up
CDKN3,205,True,True,True,True,4,True,0.2569568314929975,0.27970899723949616,up
CDO1,359,True,True,True,True,4,True,-0.5310668421134458,-0.7899982915966391,down
CDON,442,True,True,True,True,4,True,0.4660683963473382,0.6938850945210073,up
CEACAM4,289,True,True,True,True,4,True,-0.6960089117805784,-0.6960089117805784,down
CEBPA,90,True,True,True,True,4,True,0.19778358050700343,0.04646388361344539,up
CEBPB,394,True,True,True,True,4,True,-0.40676863513071737,-0.40676863513071737,down
CEBPD,328,True,True,True,True,4,True,-0.7556617819439776,-0.7556617819439776,down
CECR2,47,True,True,True,True,4,True,-0.6320109150023335,-0.9202313725035003,down
CELSR1,37,True,True,True,True,4,True,0.5027893034173673,0.7105489551260509,up
CELSR2,248,True,True,True,True,4,True,0.3562673552964517,0.3562673552964517,up
CEMIP2,188,True,True,True,True,4,True,-1.052514739161997,-1.052514739161997,down
CENATAC,210,True,True,True,True,4,True,-0.32333334939869274,-0.3571594970588242,down
CENPF,406,True,True,True,True,4,True,0.5323034808622776,0.5323034808622776,up
CENPV,267,True,True,True,True,4,True,0.6176949030980392,0.6176949030980392,up
CENPW,444,True,True,True,True,4,True,0.3968037768580766,0.36751066528711496,up
CEP126,290,True,True,True,True,4,True,1.238764087773576,1.238764087773576,up
CEP20,175,True,True,True,True,4,True,-0.1619421605368818,-0.1919309084033613,down
CEP41,438,True,True,True,True,4,True,0.5639959138762841,0.5639959138762841,up
CEP43,265,True,True,True,True,4,True,0.4964013542899155,0.4964013542899155,up
CEP55,99,True,True,True,True,4,True,0.5784089072455646,0.7350246108683467,up
CEP78,18,True,True,True,True,4,True,0.30843456365873,0.43332184548809494,up
CEP83,406,True,True,True,True,4,True,0.5292460306886091,0.5292460306886091,up
CERCAM,8,True,True,True,True,4,True,0.46464318586227904,0.6406097787934186,up
CERS2,100,True,True,True,True,4,True,-0.45440673541549986,-0.5784426571428585,down
CETN2,334,True,True,True,True,4,True,0.7583701113482726,0.7583701113482726,up
CFAP69,354,True,True,True,True,4,True,0.8405222354234366,0.970850440336135,up
CFB,396,True,True,True,True,4,True,1.1751499254957987,1.1751499254957987,up
CFH,361,True,True,True,True,4,True,1.1921934108426706,1.1921934108426706,up
CFHR1,153,True,True,True,True,4,True,0.6097050681162468,0.9215013521743702,up
CFHR3,437,True,True,True,True,4,True,0.5081861528286648,0.7396232432773107,up
CFI,68,True,True,True,True,4,True,0.8362860800718955,0.8362860800718955,up
CFL2,220,True,True,True,True,4,True,-0.4773624250480865,-0.4773624250480865,down
CFLAR,257,True,True,True,True,4,True,-0.4357695145107365,-0.5480228848739483,down
CGN,222,True,True,True,True,4,True,-0.5846563509967323,-0.7343504588235295,down
CGNL1,71,True,True,True,True,4,True,-0.5855848025210084,-0.5855848025210084,down
CHAC1,127,True,True,True,True,4,True,-0.11243516841503215,0.003985470588235923,up
CHCHD7,395,True,True,True,True,4,True,-0.48083499409523817,-0.48083499409523817,down
CHD3,266,True,True,True,True,4,True,0.4921618226862729,0.4921618226862729,up
CHEK2,85,True,True,True,True,4,True,0.626679100980392,0.626679100980392,up
CHI3L2,76,True,True,True,True,4,True,-1.4578807073781517,-1.4578807073781517,down
CHID1,185,True,True,True,True,4,True,0.5236589122499998,0.5236589122499998,up
CHIT1,119,True,True,True,True,4,True,1.7843990178342664,1.7843990178342664,up
CHKA,62,True,True,True,True,4,True,-0.12686493380018773,-0.2505081105042018,down
CHL1,320,True,True,True,True,4,True,0.7188256428524745,0.7188256428524745,up
CHN1,438,True,True,True,True,4,True,0.5611794886022402,0.5611794886022402,up
CHP1,241,True,True,True,True,4,True,-0.30070185395891685,-0.4367244067226894,down
CHPT1,353,True,True,True,True,4,True,-0.8055088104477125,-0.8055088104477125,down
CHRAC1,5,True,True,True,True,4,True,-0.29143825547058855,-0.29143825547058855,down
CHRDL2,182,True,True,True,True,4,True,1.0407719767035484,1.3141182819327732,up
CHRM1,20,True,True,True,True,4,True,-0.09445205588001883,-0.060049426050420324,down
CHST1,175,True,True,True,True,4,True,-0.17056228818347385,-0.16691876596638713,down
CHST6,197,True,True,True,True,4,True,1.1493489195723623,1.3813171277310925,up
CHSY3,118,True,True,True,True,4,True,0.19854247848412618,0.3528174042016796,up
CHTF8,253,True,True,True,True,4,True,0.1214182920784318,0.1214182920784318,up
CIB1,325,True,True,True,True,4,True,0.37630879137441764,0.37630879137441764,up
CIMAP1B,31,True,True,True,True,4,True,0.8829548568214283,0.8829548568214283,up
CIRSR,252,True,True,True,True,4,True,0.31350585703781464,0.31350585703781464,up
CITED2,220,True,True,True,True,4,True,-0.48547446556022456,-0.48547446556022456,down
CKMT1A,158,True,True,True,True,4,True,0.714233604209617,0.8540341563144254,up
CLCA2,290,True,True,True,True,4,True,1.225215855474323,1.225215855474323,up
CLCN4,423,True,True,True,True,4,True,-0.37512556132819835,-0.41162640378151305,down
CLCN6,422,True,True,True,True,4,True,-0.3801220475079364,-0.40612135966386564,down
CLDN1,301,True,True,True,True,4,True,1.706925831428104,1.706925831428104,up
CLDN10,182,True,True,True,True,4,True,0.5364439738828206,0.592275115966388,up
CLDN16,1,True,True,True,True,4,True,0.47091286225210083,0.6769503806722691,up
CLDN18,105,True,True,True,True,4,True,-1.2821537383501405,-1.2821537383501405,down
CLDN2,416,True,True,True,True,4,True,0.5831308296162471,0.5831308296162471,up
CLDN5,47,True,True,True,True,4,True,-0.6632611872432307,-0.9255930308648463,down
CLEC11A,138,True,True,True,True,4,True,0.7390291407450982,0.7390291407450982,up
CLEC2D,182,True,True,True,True,4,True,0.4253611983342675,0.6011762613445382,up
CLEC4E,36,True,True,True,True,4,True,-2.0020201009304377,-2.0020201009304377,down
CLGN,260,True,True,True,True,4,True,0.15281180851867449,0.4951930710084034,up
CLIC2,217,True,True,True,True,4,True,-0.6046757557016801,-0.6046757557016801,down
CLIC3,172,True,True,True,True,4,True,-0.3665539945228755,-0.5464069794117633,down
CLIC5,175,True,True,True,True,4,True,-0.26240192688282055,-0.3527220924369754,down
CLIC6,165,True,True,True,True,4,True,1.4941319399752568,1.4941319399752568,up
CLMN,144,True,True,True,True,4,True,0.46456648090242775,0.5457722213536416,up
CLMP,444,True,True,True,True,4,True,0.2334309336381888,0.33841989663865557,up
CLOCK,157,True,True,True,True,4,True,-0.28050351957563063,-0.28050351957563063,down
CLPP,269,True,True,True,True,4,True,-0.2354115829341732,-0.2977830163865546,down
CLPTM1L,340,True,True,True,True,4,True,-0.03927031923949594,-0.03927031923949594,down
CLSTN1,266,True,True,True,True,4,True,0.48988353012745106,0.48988353012745106,up
CLSTN3,18,True,True,True,True,4,True,0.4074026900821653,0.43376166890756185,up
CLTB,358,True,True,True,True,4,True,-0.13732649809710384,-0.2621598504201672,down
CLU,334,True,True,True,True,4,True,0.755167397648926,0.755167397648926,up
CMA1,245,True,True,True,True,4,True,0.17840178889402428,0.21517241386554634,up
CMTM8,350,True,True,True,True,4,True,-0.486757911599439,-0.6399251420168061,down
CNIH3,396,True,True,True,True,4,True,0.5381211212637728,0.5381211212637728,up
CNIH4,169,True,True,True,True,4,True,-0.32232017353874903,-0.35060294579831985,down
CNN1,338,True,True,True,True,4,True,0.8865369028230639,1.0060960605042029,up
CNNM2,156,True,True,True,True,4,True,0.2790525239033606,0.3140869626050413,up
CNOT8,100,True,True,True,True,4,True,-0.4840136331923435,-0.5732897340336136,down
CNPY4,200,True,True,True,True,4,True,0.37046345997665747,0.37046345997665747,up
CNR1,47,True,True,True,True,4,True,-0.7530365595532214,-0.9215782201680671,down
CNTN1,299,True,True,True,True,4,True,0.5896569415816998,0.5896569415816998,up
CNTN3,361,True,True,True,True,4,True,1.1766203689472459,1.1766203689472459,up
CNTNAP1,202,True,True,True,True,4,True,0.23975565993464112,0.21364058823529491,up
CNTROB,348,True,True,True,True,4,True,-0.4778286691167137,-0.677728953361345,down
COBLL1,145,True,True,True,True,4,True,-0.36868981802801276,-0.36868981802801276,down
COCH,116,True,True,True,True,4,True,0.27402004552987824,0.43842463655462205,up
COG6,17,True,True,True,True,4,True,0.45234970330718954,0.4098044500000002,up
COL10A1,297,True,True,True,True,4,True,1.6101307197040147,1.6101307197040147,up
COL14A1,195,True,True,True,True,4,True,2.30754654220028,2.30754654220028,up
COL15A1,154,True,True,True,True,4,True,1.9303192423711482,1.9303192423711482,up
COL17A1,300,True,True,True,True,4,True,1.624649433871148,1.624649433871148,up
COL18A1,335,True,True,True,True,4,True,0.7519870697922512,0.7519870697922512,up
COL1A1,119,True,True,True,True,4,True,1.8007004759850602,1.8007004759850602,up
COL1A2,287,True,True,True,True,4,True,1.024410318473391,1.024410318473391,up
COL24A1,399,True,True,True,True,4,True,0.6806704475532208,0.6806704475532208,up
COL3A1,165,True,True,True,True,4,True,1.4701479717553696,1.4701479717553696,up
COL5A1,402,True,True,True,True,4,True,0.6729002270882353,0.7703803406323528,up
COL5A2,106,True,True,True,True,4,True,0.9113183669743226,0.9113183669743226,up
COL6A2,276,True,True,True,True,4,True,0.514466479214286,0.514466479214286,up
COL6A3,309,True,True,True,True,4,True,1.066056235121382,1.066056235121382,up
COL7A1,138,True,True,True,True,4,True,0.9300009551470583,0.9300009551470583,up
COL8A2,58,True,True,True,True,4,True,1.2533384119411763,1.2533384119411763,up
COLEC11,138,True,True,True,True,4,True,1.3442830302647055,1.3442830302647055,up
COMMD6,205,True,True,True,True,4,True,0.4399657421568621,0.4399657421568621,up
COMMD9,177,True,True,True,True,4,True,-0.12611940652007447,-0.2604188306722695,down
COMP,154,True,True,True,True,4,True,2.0458511309915965,2.0458511309915965,up
CORIN,284,True,True,True,True,4,True,0.29471781228804816,0.45971491008403303,up
CORO6,150,True,True,True,True,4,True,-0.9650504486055088,-1.1573120878151262,down
CP,43,True,True,True,True,4,True,2.185469044416434,2.5892111773109243,up
CPA3,58,True,True,True,True,4,True,1.1334929947871142,1.2581197016806716,up
CPA6,410,True,True,True,True,4,True,0.24088125843884212,0.3310381376582632,up
CPB2,78,True,True,True,True,4,True,-1.7822691879038286,-1.7822691879038286,down
CPE,247,True,True,True,True,4,True,0.9550623097684415,0.9550623097684415,up
CPED1,273,True,True,True,True,4,True,0.5103844638902901,0.5679579458354351,up
CPLANE1,413,True,True,True,True,4,True,0.520618630562558,0.7531341958438369,up
CPNE2,177,True,True,True,True,4,True,-0.22939148494864522,-0.4601400995798317,down
CPNE4,53,True,True,True,True,4,True,0.41637104624323085,0.4666200214285719,up
CPNE5,324,True,True,True,True,4,True,0.6865258777945846,0.8993108042016809,up
CPT1C,408,True,True,True,True,4,True,0.3653858615490203,0.3653858615490203,up
CPXM1,297,True,True,True,True,4,True,0.7926196152100838,0.7926196152100838,up
CPXM2,130,True,True,True,True,4,True,1.3693281780849678,1.3693281780849678,up
CRABP2,384,True,True,True,True,4,True,0.8101372442133519,0.8101372442133519,up
CRACD,296,True,True,True,True,4,True,0.6713872371381889,0.6713872371381889,up
CRACR2A,337,True,True,True,True,4,True,0.4014755367735758,0.3493798239495801,up
CREB3L2,233,True,True,True,True,4,True,0.4470232438053221,0.4470232438053221,up
CRIP1,130,True,True,True,True,4,True,1.359045315478992,1.359045315478992,up
CRISPLD1,310,True,True,True,True,4,True,1.1193447166900095,1.1193447166900095,up
CRISPLD2,220,True,True,True,True,4,True,-0.7489177850522873,-0.7489177850522873,down
CROT,399,True,True,True,True,4,True,0.6817533715550886,0.6817533715550886,up
CRTAC1,75,True,True,True,True,4,True,-1.3542657143608776,-1.3542657143608776,down
CRYAB,328,True,True,True,True,4,True,-0.7486309575042013,-0.7486309575042013,down
CRYM,384,True,True,True,True,4,True,0.8048594621503268,0.8048594621503268,up
CSF3R,105,True,True,True,True,4,True,-1.2828831666676008,-1.2828831666676008,down
CSGALNACT1,333,True,True,True,True,4,True,0.5091012015354797,0.553296792857142,up
CSPG4,270,True,True,True,True,4,True,-0.5961026543809519,-0.7292886403361338,down
CSRNP1,114,True,True,True,True,4,True,-1.2142307021143777,-1.5242010531715664,down
CSRNP3,7,True,True,True,True,4,True,0.5605265318277312,0.6494233436974794,up
CST1,396,True,True,True,True,4,True,0.38649356270775,0.38649356270775,up
CST2,302,True,True,True,True,4,True,0.37529938950840375,0.37529938950840375,up
CSTF3,127,True,True,True,True,4,True,0.1447190129047624,0.25033047521008345,up
CTH,75,True,True,True,True,4,True,-1.3221891882721748,-1.3221891882721748,down
CTHRC1,154,True,True,True,True,4,True,1.9765341753627446,1.9765341753627446,up
CTLA4,101,True,True,True,True,4,True,0.13082588202987874,0.2936183159663871,up
CTNNBIP1,50,True,True,True,True,4,True,-0.6912189686321187,-0.820017686134453,down
CTSE,361,True,True,True,True,4,True,1.169937390137722,1.169937390137722,up
CTSF,325,True,True,True,True,4,True,0.48893566784920733,0.48893566784920733,up
CTSG,326,True,True,True,True,4,True,0.9692083829514471,0.9692083829514471,up
CTSK,165,True,True,True,True,4,True,1.4800853316083098,1.4800853316083098,up
CTSV,305,True,True,True,True,4,True,0.4564874965429504,0.4564874965429504,up
CWH43,125,True,True,True,True,4,True,0.8124154143020549,0.8821858008403366,up
CXCL12,165,True,True,True,True,4,True,1.5051464746353869,1.5051464746353869,up
CXCL13,42,True,True,True,True,4,True,1.7397698457212887,1.5210742239495803,up
CXCL14,194,True,True,True,True,4,True,2.8185915602170866,2.8185915602170866,up
CXCL17,251,True,True,True,True,4,True,0.34844915199439724,0.34844915199439724,up
CXCL2,162,True,True,True,True,4,True,-0.6241130012726422,-1.1654995019089633,down
CXCL6,221,True,True,True,True,4,True,1.2260873459631183,1.0837407415966385,up
CXCL8,62,True,True,True,True,4,True,-0.3117508449271705,-0.5622533934411756,down
CXXC5,333,True,True,True,True,4,True,0.8271540728235289,0.8271540728235289,up
CXorf65,45,True,True,True,True,4,True,0.10316712524229676,0.10316712524229676,up
CYFIP2,433,True,True,True,True,4,True,0.34962851019607744,0.34962851019607744,up
CYGB,445,True,True,True,True,4,True,0.7570176119068628,0.7570176119068628,up
CYP24A1,290,True,True,True,True,4,True,1.2276727447521008,1.2276727447521008,up
CYP27C1,85,True,True,True,True,4,True,0.526176782523109,0.526176782523109,up
CYP2F1,57,True,True,True,True,4,True,0.8514939842343597,1.2129322263515396,up
CYP2S1,438,True,True,True,True,4,True,0.5741553388851547,0.5741553388851547,up
CYP3A5,114,True,True,True,True,4,True,-1.0861748306974792,-1.4860039773109244,down
CYP51A1,168,True,True,True,True,4,True,-0.7060620184873945,-0.7060620184873945,down
CYSLTR1,437,True,True,True,True,4,True,0.6837758306979461,0.7317109697478998,up
DACT1,37,True,True,True,True,4,True,0.5393588512315596,0.7532774869747904,up
DACT3,303,True,True,True,True,4,True,0.536571806893091,0.536571806893091,up
DAGLB,272,True,True,True,True,4,True,-0.24324115755555628,-0.36786464411764785,down
DAPK2,11,True,True,True,True,4,True,-0.9040018909225033,-0.9040018909225033,down
DAPP1,158,True,True,True,True,4,True,0.5808272748291323,0.8373338621848742,up
DBI,380,True,True,True,True,4,True,-0.2180070417413634,-0.39944363991596676,down
DBN1,416,True,True,True,True,4,True,0.5873144691395894,0.5873144691395894,up
DBP,396,True,True,True,True,4,True,0.3669857089005601,0.3669857089005601,up
DCAF7,15,True,True,True,True,4,True,0.182518655892157,0.182518655892157,up
DCLK1,290,True,True,True,True,4,True,1.2438720957530347,1.2438720957530347,up
DCUN1D3,103,True,True,True,True,4,True,-0.21729339942950499,-0.41059884914425737,down
DCUN1D4,314,True,True,True,True,4,True,0.1809018635788986,0.18223433655462218,up
DCXR,11,True,True,True,True,4,True,-0.9642323592768433,-0.9642323592768433,down
DDB2,96,True,True,True,True,4,True,0.6094582737843132,0.6094582737843132,up
DDIT3,178,True,True,True,True,4,True,-0.28193939405322116,-0.5147278410798317,down
DDIT4L,278,True,True,True,True,4,True,0.5476524320042019,0.5476524320042019,up
DDR1,79,True,True,True,True,4,True,0.3938215785714289,0.3938215785714289,up
DDT,423,True,True,True,True,4,True,-0.4121527533613443,-0.4121527533613443,down
DDX39A,241,True,True,True,True,4,True,-0.28151085481372623,-0.38811628222058925,down
DDX3X,103,True,True,True,True,4,True,-0.18802070056022469,-0.37318105084033704,down
DEFA1B,115,True,True,True,True,4,True,-1.689503285049953,-2.5124374275749295,down
DENND1B,275,True,True,True,True,4,True,0.3941322452189539,0.3941322452189539,up
DENND2A,293,True,True,True,True,4,True,0.37834877567320274,0.3299807411764711,up
DENND2B,143,True,True,True,True,4,True,0.4299271305723628,0.5402006958585441,up
DENND3,12,True,True,True,True,4,True,-0.9204130870840346,-0.9204130870840346,down
DENND4B,347,True,True,True,True,4,True,-0.3068638860686262,-0.43793070294117586,down
DENND5B,342,True,True,True,True,4,True,0.2762342123207288,0.4440056012605045,up
DEPDC7,31,True,True,True,True,4,True,0.8795678233333336,0.8795678233333336,up
DERL3,130,True,True,True,True,4,True,1.3940006633473392,1.3940006633473392,up
DES,190,True,True,True,True,4,True,1.04163404711438,1.1152999382352942,up
DGAT1,212,True,True,True,True,4,True,-0.1596895342633052,-0.33059188151260477,down
DGAT2,289,True,True,True,True,4,True,-0.6920250525028006,-0.6920250525028006,down
DGKA,200,True,True,True,True,4,True,0.4026933642885156,0.4026933642885156,up
DGKD,395,True,True,True,True,4,True,-0.48741324698226074,-0.48741324698226074,down
DGKG,189,True,True,True,True,4,True,-0.6246387615704946,-0.6246387615704946,down
DHCR24,329,True,True,True,True,4,True,-0.47732792974323074,-0.5937860155462183,down
DHX58,230,True,True,True,True,4,True,0.05455071874416295,0.09035607811624446,up
DIO2,119,True,True,True,True,4,True,1.886462047774976,1.886462047774976,up
DIO3,147,True,True,True,True,4,True,-0.5412304434323058,-0.5412304434323058,down
DIPK1A,406,True,True,True,True,4,True,0.5253763529803922,0.5253763529803922,up
DISP1,377,True,True,True,True,4,True,-0.5197456712679744,-0.8468387882352946,down
DLC1,219,True,True,True,True,4,True,-0.6397289630831002,-0.6397289630831002,down
DLEC1,6,True,True,True,True,4,True,0.8487410128183946,0.9196440192275919,up
DLG2,84,True,True,True,True,4,True,0.7044260212044824,0.7044260212044824,up
DLG5,30,True,True,True,True,4,True,0.5833221164215684,0.5833221164215684,up
DLGAP5,372,True,True,True,True,4,True,0.42999151727264184,0.6035647759089628,up
DMAC2,38,True,True,True,True,4,True,-0.41527208125443504,-0.5457495546218483,down
DMD,84,True,True,True,True,4,True,0.7006251569743224,0.7006251569743224,up
DNAAF10,402,True,True,True,True,4,True,0.5389989185522869,0.7764996278284304,up
DNAAF2,98,True,True,True,True,4,True,0.3741751156363204,0.38932323865546153,up
DNAJB12,216,True,True,True,True,4,True,-0.2770116284558819,-0.2770116284558819,down
DNAJC12,92,True,True,True,True,4,True,0.9652317315606913,0.9652317315606913,up
DNER,437,True,True,True,True,4,True,0.7751270267516341,0.7396007147058828,up
DNM1,84,True,True,True,True,4,True,0.7016768768683473,0.7016768768683473,up
DNM2,38,True,True,True,True,4,True,-0.4064072160494863,-0.5501958012605039,down
DNMBP,184,True,True,True,True,4,True,0.20399484392156877,0.2419322029411769,up
DNPEP,212,True,True,True,True,4,True,-0.202756364917367,-0.3486462945378158,down
DOCK10,299,True,True,True,True,4,True,0.7192525980205419,0.7192525980205419,up
DOCK5,395,True,True,True,True,4,True,-0.5021544908230631,-0.5021544908230631,down
DOCK9,3,True,True,True,True,4,True,-0.8784416727226892,-0.8784416727226892,down
DOK4,178,True,True,True,True,4,True,-0.12660948458590138,-0.40088063487394976,down
DOK5,414,True,True,True,True,4,True,0.4896252119070961,0.5947486756302521,up
DPT,273,True,True,True,True,4,True,0.600330600645658,0.8352771509684871,up
DPY30,245,True,True,True,True,4,True,0.2837824191498592,0.37875237872478884,up
DPYS,276,True,True,True,True,4,True,0.6684509275345475,0.6684509275345475,up
DPYSL3,136,True,True,True,True,4,True,0.8637990117446309,0.8637990117446309,up
DRC4,295,True,True,True,True,4,True,0.22587482437628373,0.26785598656442566,up
DRC7,1,True,True,True,True,4,True,0.6338988697815131,0.6724883046722696,up
DRC9,355,True,True,True,True,4,True,0.9927360698211949,0.9463206260504196,up
DSC3,361,True,True,True,True,4,True,1.1860095903590107,1.1860095903590107,up
DSEL,289,True,True,True,True,4,True,-0.7001229085788984,-0.7001229085788984,down
DSG3,94,True,True,True,True,4,True,0.6344265054388417,0.6344265054388417,up
DTHD1,57,True,True,True,True,4,True,1.0334288198337995,1.2303717630252093,up
DTWD1,279,True,True,True,True,4,True,0.3875156681162462,0.3875156681162462,up
DTX3,185,True,True,True,True,4,True,0.4321876596535949,0.5127552394803923,up
DUOX1,86,True,True,True,True,4,True,-0.7173019220284794,-0.7173019220284794,down
DUOXA1,368,True,True,True,True,4,True,-1.0123606423590106,-1.0123606423590106,down
DUOXA2,25,True,True,True,True,4,True,-0.07468025592016837,-0.0011630873949582676,down
DUSP1,81,True,True,True,True,4,True,-0.7404213062091517,-1.0581419593137271,down
DUSP10,1,True,True,True,True,4,True,0.5194812554757231,0.6634494579831922,up
DUSP14,288,True,True,True,True,4,True,0.27326337928104555,0.42145046470588254,up
DUSP2,226,True,True,True,True,4,True,-0.03835188653034464,0.32816697394958017,up
DUSP4,101,True,True,True,True,4,True,0.20758894138095216,0.3542199109243697,up
DUSP8,256,True,True,True,True,4,True,-0.45777072268907437,-0.45777072268907437,down
DYNC1LI1,145,True,True,True,True,4,True,-0.25945601555462267,-0.25945601555462267,down
DYNLL1,7,True,True,True,True,4,True,0.4820370846031763,0.6445343769047644,up
DYRK2,202,True,True,True,True,4,True,0.5399881721813722,0.5399881721813722,up
DZIP1,96,True,True,True,True,4,True,0.6125546449990663,0.6125546449990663,up
DZIP1L,429,True,True,True,True,4,True,0.5459684896349198,0.5459684896349198,up
E2F8,18,True,True,True,True,4,True,0.4067139825382826,0.42702097380742376,up
EAF2,288,True,True,True,True,4,True,0.2616791079565825,0.5042765268907556,up
EBF3,224,True,True,True,True,4,True,0.21526075091083097,0.3964061563025208,up
EBP,86,True,True,True,True,4,True,-0.7185102867492992,-0.7185102867492992,down
ECHDC1,339,True,True,True,True,4,True,-0.22454293005602186,-0.2877454777310915,down
ECHDC3,187,True,True,True,True,4,True,-1.0589728379220347,-1.0589728379220347,down
ECM1,303,True,True,True,True,4,True,0.4361370384201682,0.4361370384201682,up
ECM2,291,True,True,True,True,4,True,1.3207380888613447,1.3207380888613447,up
ECRG4,259,True,True,True,True,4,True,1.0010830535144715,1.0010830535144715,up
EDA2R,17,True,True,True,True,4,True,0.30335206739029014,0.4079515626050424,up
EDEM1,340,True,True,True,True,4,True,-0.015698942398226334,-0.015698942398226334,down
EDNRB,75,True,True,True,True,4,True,-1.3711381566022414,-1.3711381566022414,down
EEIG1,297,True,True,True,True,4,True,0.4878680406694682,0.4878680406694682,up
EFCAB12,125,True,True,True,True,4,True,0.69987601996732,0.8843802799509799,up
EFHC1,383,True,True,True,True,4,True,1.132209110131652,1.132209110131652,up
EFHC2,382,True,True,True,True,4,True,1.1418420084505134,1.1418420084505134,up
EFNA1,21,True,True,True,True,4,True,-0.41518404431465905,-0.503939305462185,down
EFNA5,185,True,True,True,True,4,True,0.383691774353875,0.44811689663865556,up
EFNB1,27,True,True,True,True,4,True,-0.5678893232805797,-0.7896222663865553,down
EFNB2,206,True,True,True,True,4,True,-0.610016634487395,-0.7218383659663865,down
EFNB3,396,True,True,True,True,4,True,0.3857283129061621,0.3857283129061621,up
EGFL6,136,True,True,True,True,4,True,0.8697255213445367,0.8697255213445367,up
EGFLAM,285,True,True,True,True,4,True,0.4278844202086831,0.6072813487394961,up
EGR2,31,True,True,True,True,4,True,0.6714942982567697,0.9066431697478994,up
EGR3,227,True,True,True,True,4,True,0.23712337101867412,0.2835781296372544,up
EHD4,102,True,True,True,True,4,True,0.0421050013534093,0.06589711890756356,up
EID3,176,True,True,True,True,4,True,-0.22589002870074681,0.08816708739495849,up
EIF2D,15,True,True,True,True,4,True,0.0064194996421572115,0.0064194996421572115,up
EIF5A2,447,True,True,True,True,4,True,0.2592526444617172,0.2999337436974785,up
ELAPOR2,352,True,True,True,True,4,True,-0.7897847288734825,-0.7897847288734825,down
ELK3,53,True,True,True,True,4,True,0.37057565827357647,0.45339170924369715,up
ELMO1,220,True,True,True,True,4,True,-0.3561317922950516,-0.3561317922950516,down
ELMO2,104,True,True,True,True,4,True,-0.12843128192203468,-0.19799907478991535,down
ELMOD1,411,True,True,True,True,4,True,0.3784194079831935,0.3784194079831935,up
ELOA,431,True,True,True,True,4,True,-0.30021062615919675,-0.38151548865546137,down
EMB,185,True,True,True,True,4,True,0.5026787292287581,0.5989691499999994,up
EMC3,170,True,True,True,True,4,True,-0.18600910288001926,-0.2520490378151271,down
EMP2,150,True,True,True,True,4,True,-0.9484042106629325,-1.1573397222689081,down
ENC1,106,True,True,True,True,4,True,0.9185650397128845,0.9185650397128845,up
ENG,341,True,True,True,True,4,True,-0.08222123813165261,-0.08222123813165261,down
ENOSF1,264,True,True,True,True,4,True,-0.18189004403221296,-0.37457624579831883,down
ENPP3,96,True,True,True,True,4,True,0.6047137409752568,0.6047137409752568,up
ENPP5,384,True,True,True,True,4,True,0.8011223145532217,0.8011223145532217,up
ENTPD1,375,True,True,True,True,4,True,0.6920809343132577,0.6920809343132577,up
ENTPD3,403,True,True,True,True,4,True,0.4892282167815123,0.5770473251722685,up
ENTPD7,226,True,True,True,True,4,True,0.2043711826209146,0.3175627441176472,up
ENTREP1,230,True,True,True,True,4,True,0.20936592539402424,0.5755826380910363,up
EOMES,369,True,True,True,True,4,True,0.42707403807936517,0.42707403807936517,up
EPAS1,133,True,True,True,True,4,True,-1.2104303786741368,-1.2104303786741368,down
EPB41L5,48,True,True,True,True,4,True,-0.7954036549677866,-0.9802185424369755,down
EPDR1,241,True,True,True,True,4,True,-0.46639095638095235,-0.5936663726890757,down
EPHA3,300,True,True,True,True,4,True,1.640849424037348,1.640849424037348,up
EPHB2,393,True,True,True,True,4,True,0.44315437099019656,0.6561189617647062,up
EPHB4,272,True,True,True,True,4,True,-0.2792939045574219,-0.46236306386554565,down
EPHX2,442,True,True,True,True,4,True,0.5384275502857142,0.7140250754285713,up
EPHX3,369,True,True,True,True,4,True,0.2241785437619043,0.2241785437619043,up
EPS8L1,273,True,True,True,True,4,True,0.6738491210980382,0.6738491210980382,up
ERG28,171,True,True,True,True,4,True,-0.30481910422875785,-0.32322060588235224,down
ERN1,66,True,True,True,True,4,True,-0.15020431695564893,-0.15020431695564893,down
ERN2,144,True,True,True,True,4,True,0.42671324605882316,0.5457930676470579,up
ERRFI1,81,True,True,True,True,4,True,-0.7710266227787116,-1.0980074341680672,down
ESR2,379,True,True,True,True,4,True,0.09703125312138143,0.28835797184873935,up
ESRP2,70,True,True,True,True,4,True,-0.357599664285714,-0.357599664285714,down
ESRRG,9,True,True,True,True,4,True,0.41465411770821686,0.37804281218487407,up
ESYT3,39,True,True,True,True,4,True,-0.5843687698183939,-0.7415663302521003,down
ETS2,112,True,True,True,True,4,True,-0.5645530281559293,-0.5645530281559293,down
ETV6,396,True,True,True,True,4,True,0.4168431488898224,0.4168431488898224,up
EVL,397,True,True,True,True,4,True,0.7275828383067222,0.7275828383067222,up
EXOC3L1,169,True,True,True,True,4,True,-0.356771108887022,-0.5073829096638663,down
EXTL2,432,True,True,True,True,4,True,0.3045636257320256,0.45103668859803836,up
EYA2,291,True,True,True,True,4,True,1.2565574205415497,1.2565574205415497,up
EYA4,311,True,True,True,True,4,True,0.4559431215322129,0.7075871822983193,up
F2RL3,146,True,True,True,True,4,True,-1.1574926952787121,-1.1574926952787121,down
F3,206,True,True,True,True,4,True,-0.5395082145158723,-0.7091135717738086,down
FAAH,15,True,True,True,True,4,True,0.06892890382352931,0.06892890382352931,up
FAAH2,415,True,True,True,True,4,True,0.49131271226844037,0.5972961012605035,up
FADS1,50,True,True,True,True,4,True,-0.8223731037815132,-0.8223731037815132,down
FADS3,207,True,True,True,True,4,True,-0.5961983046139122,-0.6918651487394955,down
FAH,206,True,True,True,True,4,True,-0.6602678463902889,-0.7102201478991595,down
FAM107A,78,True,True,True,True,4,True,-1.8718504636834732,-1.8718504636834732,down
FAM13C,58,True,True,True,True,4,True,0.8993867805611586,1.2862301708417379,up
FAM162A,234,True,True,True,True,4,True,0.33126151649509805,0.33126151649509805,up
FAM162B,277,True,True,True,True,4,True,0.7945360784845942,0.7945360784845942,up
FAM167A,11,True,True,True,True,4,True,-0.9383220776806726,-0.9383220776806726,down
FAM169A,94,True,True,True,True,4,True,0.6348190388972922,0.6348190388972922,up
FAM171B,125,True,True,True,True,4,True,0.7947697015247436,0.8754649579831935,up
FAM177A1,240,True,True,True,True,4,True,-0.5950879348739497,-0.5950879348739497,down
FAM20A,230,True,True,True,True,4,True,0.016779877390755555,0.1572115491596633,up
FAM20C,227,True,True,True,True,4,True,0.34724737629084945,0.5695965232598041,up
FAM229B,403,True,True,True,True,4,True,0.6115086401041099,0.577452292857144,up
FAM3C,440,True,True,True,True,4,True,0.27256721017273605,0.25230514873949617,up
FAM3D,185,True,True,True,True,4,True,0.39397216715592903,0.4609907507338935,up
FAM43A,357,True,True,True,True,4,True,-0.39477606109010294,-0.6314765916351543,down
FAM50A,358,True,True,True,True,4,True,-0.10045969479738648,-0.251750505882354,down
FAM81A,192,True,True,True,True,4,True,0.20446458569234327,0.32778652521008356,up
FAM89A,350,True,True,True,True,4,True,-0.6505055785714292,-0.6505055785714292,down
FAM89B,166,True,True,True,True,4,True,0.388173822294117,0.388173822294117,up
FANCC,356,True,True,True,True,4,True,-0.21700016993183932,-0.33430273361344537,down
FANCE,394,True,True,True,True,4,True,-0.42809887696171733,-0.42809887696171733,down
FANCF,298,True,True,True,True,4,True,0.5053472933860881,0.5053472933860881,up
FANCL,276,True,True,True,True,4,True,0.45511213771895553,0.45511213771895553,up
FAP,42,True,True,True,True,4,True,1.3659723810126048,1.6291220134453779,up
FASLG,447,True,True,True,True,4,True,0.3931975357740429,0.4751446516806725,up
FASN,132,True,True,True,True,4,True,-1.2261377556605981,-1.2261377556605981,down
FAT1,335,True,True,True,True,4,True,0.7526064001974784,0.7526064001974784,up
FAT2,399,True,True,True,True,4,True,0.6760977407483657,0.6760977407483657,up
FBLN2,310,True,True,True,True,4,True,1.1030945650788977,1.1030945650788977,up
FBLN5,2,True,True,True,True,4,True,-0.6978629705929046,-0.6978629705929046,down
FBXL13,404,True,True,True,True,4,True,0.5088490206573293,0.5088490206573293,up
FBXL2,404,True,True,True,True,4,True,0.5108266887348275,0.5108266887348275,up
FBXO16,286,True,True,True,True,4,True,0.4399966918604103,0.619430890756302,up
FBXO31,202,True,True,True,True,4,True,0.25082589964845897,0.3551074074558822,up
FBXW7,296,True,True,True,True,4,True,0.37641075258263346,0.37641075258263346,up
FCER1A,164,True,True,True,True,4,True,1.431386485451447,1.431386485451447,up
FCGRT,101,True,True,True,True,4,True,0.06560745191830171,0.12649117787745245,up
FCHO2,395,True,True,True,True,4,True,-0.5070551655947715,-0.5070551655947715,down
FCHSD2,5,True,True,True,True,4,True,-0.2002639257352944,-0.25784588860294155,down
FCMR,215,True,True,True,True,4,True,0.4147872102810462,0.3516692999999999,up
FCN3,115,True,True,True,True,4,True,-2.117171281148926,-2.360372337394958,down
FCRL2,260,True,True,True,True,4,True,0.24183102497338993,0.40718637521008416,up
FCRL5,197,True,True,True,True,4,True,1.0092793384351075,1.3912108306722692,up
FCRLA,99,True,True,True,True,4,True,0.23486341079085005,0.3336691852941178,up
FDCSP,190,True,True,True,True,4,True,1.0010569596199814,1.1613705210084035,up
FDFT1,395,True,True,True,True,4,True,-0.48130109139122323,-0.48130109139122323,down
FDPS,350,True,True,True,True,4,True,-0.6191504190737621,-0.6448486756302514,down
FDXR,333,True,True,True,True,4,True,0.8175273513186279,0.8175273513186279,up
FERMT1,153,True,True,True,True,4,True,0.7201334860887024,1.0935039791330536,up
FERMT2,113,True,True,True,True,4,True,-0.5379891193174601,-0.5379891193174601,down
FES,160,True,True,True,True,4,True,-0.3753530360779657,-0.46502050168067344,down
FGD4,38,True,True,True,True,4,True,-0.5051533681876758,-0.5586073126050424,down
FGD6,298,True,True,True,True,4,True,0.4790087661353872,0.4790087661353872,up
FGF1,275,True,True,True,True,4,True,0.46530693870074735,0.46530693870074735,up
FGF14,287,True,True,True,True,4,True,1.02456608460831,1.02456608460831,up
FGF7,312,True,True,True,True,4,True,0.3242494706806725,0.606139943697479,up
FGFR3,267,True,True,True,True,4,True,0.4820252327637722,0.5986978491456583,up
FGL1,32,True,True,True,True,4,True,-0.7663184480070032,-0.7734201720105052,down
FGR,39,True,True,True,True,4,True,-0.6006804760233418,-0.7726121571428561,down
FHDC1,352,True,True,True,True,4,True,-0.7887072949621848,-0.7887072949621848,down
FHL2,165,True,True,True,True,4,True,1.4946975347413645,1.4946975347413645,up
FHOD1,242,True,True,True,True,4,True,-0.28390304415826256,-0.5229012273109241,down
FHOD3,287,True,True,True,True,4,True,1.0171878359313726,1.0171878359313726,up
FIBIN,133,True,True,True,True,4,True,-1.205943578635855,-1.205943578635855,down
FITM2,241,True,True,True,True,4,True,-0.30868439707049533,-0.4295428638655462,down
FKBP5,36,True,True,True,True,4,True,-2.034609136797387,-2.034609136797387,down
FLNC,158,True,True,True,True,4,True,0.6406546747782453,0.8581171159663867,up
FLT3,2,True,True,True,True,4,True,-0.6994717323445386,-0.6994717323445386,down
FLT4,356,True,True,True,True,4,True,0.14659125135994336,-0.057843798739496965,down
FLVCR2,329,True,True,True,True,4,True,-0.39992547843837606,-0.5928256894957987,down
FMN1,2,True,True,True,True,4,True,-0.7083405723001867,-0.7083405723001867,down
FMNL2,240,True,True,True,True,4,True,-0.3634263768669468,-0.42438769957983224,down
FMO1,385,True,True,True,True,4,True,0.7841204126293183,0.7841204126293183,up
FMO3,31,True,True,True,True,4,True,0.6750078322175543,0.7868767483263315,up
FMO5,36,True,True,True,True,4,True,-1.94774392148506,-1.94774392148506,down
FN1,55,True,True,True,True,4,True,0.4322616325490191,0.5029174488235286,up
FNBP1L,209,True,True,True,True,4,True,-0.37000911236274475,-0.43213670294117584,down
FNDC1,154,True,True,True,True,4,True,1.9971738545214759,1.9971738545214759,up
FNDC4,447,True,True,True,True,4,True,0.4225094955098035,0.6180730411764703,up
FOLR1,260,True,True,True,True,4,True,0.2805047159150331,0.5218683238725497,up
FOLR2,295,True,True,True,True,4,True,0.4231413496330522,0.44077077444957835,up
FOSL2,340,True,True,True,True,4,True,-0.36986514308590057,-0.36986514308590057,down
FOXF1,48,True,True,True,True,4,True,-0.787303703013072,-0.9461183088235288,down
FOXO3,263,True,True,True,True,4,True,-0.3219848647152187,-0.5080948777450969,down
FPR1,76,True,True,True,True,4,True,-1.4334825290877669,-1.4334825290877669,down
FPR2,76,True,True,True,True,4,True,-1.4125878551568627,-1.4125878551568627,down
FREM1,384,True,True,True,True,4,True,0.7943062063412701,0.7943062063412701,up
FREM3,369,True,True,True,True,4,True,0.30097143243137275,0.30097143243137275,up
FRK,94,True,True,True,True,4,True,0.6294285265765648,0.6294285265765648,up
FRMD5,116,True,True,True,True,4,True,0.2860097184444445,0.45085153529411787,up
FRY,358,True,True,True,True,4,True,-0.2603939571998133,-0.2885227953781513,down
FRZB,277,True,True,True,True,4,True,1.1580374650634921,1.1580374650634921,up
FSCN1,396,True,True,True,True,4,True,0.5034072787703073,0.5034072787703073,up
FSTL3,206,True,True,True,True,4,True,-0.7029210944262371,-0.7186469684873953,down
FTO,1,True,True,True,True,4,True,0.48290128198272625,0.6652606729740893,up
FUCA1,202,True,True,True,True,4,True,0.4352422110270784,0.4825645665406175,up
FUT1,11,True,True,True,True,4,True,-0.9461390017488335,-0.9461390017488335,down
FUT2,438,True,True,True,True,4,True,0.5573825717245565,0.5573825717245565,up
FUT8,7,True,True,True,True,4,True,0.5430154901115778,0.6572501306722688,up
FXYD5,251,True,True,True,True,4,True,0.3585389857441639,0.3585389857441639,up
FZD3,320,True,True,True,True,4,True,0.720094917479925,0.720094917479925,up
FZD4,26,True,True,True,True,4,True,-0.718930283285714,-0.8868445773109245,down
FZD5,187,True,True,True,True,4,True,-1.0551577735588227,-1.0551577735588227,down
FZD7,304,True,True,True,True,4,True,0.5775697059999995,0.5775697059999995,up
FZD8,38,True,True,True,True,4,True,-0.5472132899159659,-0.5472132899159659,down
GAA,227,True,True,True,True,4,True,0.0755310998258641,0.24993414973879613,up
GAB1,175,True,True,True,True,4,True,-0.290064299888422,-0.3968121399159664,down
GAB2,0,True,True,True,True,4,True,-0.6006889998534078,-0.6006889998534078,down
GABARAPL1,347,True,True,True,True,4,True,-0.4333929880924368,-0.43372031722689075,down
GABBR2,248,True,True,True,True,4,True,0.46316141725116733,0.46316141725116733,up
GABRP,322,True,True,True,True,4,True,0.7384984393902894,0.7384984393902894,up
GADD45B,181,True,True,True,True,4,True,-0.7456126062689085,-1.1337226594033627,down
GADD45G,219,True,True,True,True,4,True,-0.47681620181279194,-0.47681620181279194,down
GALNT1,247,True,True,True,True,4,True,0.41575135351353887,0.41575135351353887,up
GALNT12,434,True,True,True,True,4,True,0.3904436998898227,0.5428067998347341,up
GALNT16,117,True,True,True,True,4,True,0.3488171872124182,0.5331504382352941,up
GALNT17,0,True,True,True,True,4,True,-0.6128932032651725,-0.6128932032651725,down
GALNT18,81,True,True,True,True,4,True,-0.8368758504687209,-1.1056272920168073,down
GALNT6,106,True,True,True,True,4,True,0.8996758210999068,0.8996758210999068,up
GALNT7,4,True,True,True,True,4,True,0.35191317584733933,0.378318513771009,up
GAS6,4,True,True,True,True,4,True,0.3207730607843144,0.4365858411764716,up
GATA2,48,True,True,True,True,4,True,-0.9237443752516339,-0.9929509147058819,down
GATA6,241,True,True,True,True,4,True,-0.26676341766246603,-0.3722613764936993,down
GATAD1,283,True,True,True,True,4,True,0.26663456259313745,0.26663456259313745,up
GATM,375,True,True,True,True,4,True,0.6935228040681606,0.6935228040681606,up
GBA2,161,True,True,True,True,4,True,-0.3310470799211024,-0.4818903281512606,down
GBE1,69,True,True,True,True,4,True,-0.30962100745798304,-0.3147793747899159,down
GBGT1,271,True,True,True,True,4,True,-0.20241694481419248,-0.4403760777310926,down
GCC2,410,True,True,True,True,4,True,0.2963445335606906,0.37623180034103587,up
GCNT1,13,True,True,True,True,4,True,0.3173902822301591,0.39479542334523865,up
GCNT2,70,True,True,True,True,4,True,-0.3492571685046673,-0.2854261008403357,down
GCNT3,182,True,True,True,True,4,True,0.8385529223683476,1.0266331298319336,up
GDF15,198,True,True,True,True,4,True,0.9928911533529413,1.3148478647058817,up
GEM,42,True,True,True,True,4,True,1.2594021722464996,1.5977271802521014,up
GEN1,143,True,True,True,True,4,True,0.36833278936788033,0.5379516840518206,up
GFOD1,149,True,True,True,True,4,True,-0.982852364334267,-1.2909362289915958,down
GFRA1,85,True,True,True,True,4,True,0.4749855715228752,0.5232976676470584,up
GFRA3,13,True,True,True,True,4,True,0.263715361528011,0.19569707563025207,up
GGH,182,True,True,True,True,4,True,0.5299307906283844,0.6610311859425768,up
GGT6,266,True,True,True,True,4,True,0.4938342312362282,0.4938342312362282,up
GGTLC1,48,True,True,True,True,4,True,-0.7250427800788977,-0.9870730247899155,down
GGTLC2,168,True,True,True,True,4,True,-0.5614734937735761,-0.7199232857142857,down
GHITM,269,True,True,True,True,4,True,-0.2400109645798317,-0.2709769655462184,down
GHR,348,True,True,True,True,4,True,-0.5863653845186736,-0.6815699004201674,down
GIMAP6,241,True,True,True,True,4,True,-0.5316913873599435,-0.6619669630252101,down
GIMAP8,47,True,True,True,True,4,True,-0.6639248839309057,-0.9015278869747902,down
GJA4,86,True,True,True,True,4,True,-0.7136758508823532,-0.7136758508823532,down
GJB2,354,True,True,True,True,4,True,0.9377947056582627,0.9899725067226885,up
GKN2,219,True,True,True,True,4,True,-1.1008572153239975,-1.1008572153239975,down
GLB1L,247,True,True,True,True,4,True,0.4501023436321195,0.4501023436321195,up
GLB1L2,232,True,True,True,True,4,True,0.43953619538001937,0.43953619538001937,up
GLDN,114,True,True,True,True,4,True,-1.3687196409150328,-1.6571400705882349,down
GLIS3,196,True,True,True,True,4,True,0.22602197692530387,0.3499653336134454,up
GLO1,147,True,True,True,True,4,True,-0.34867921746031616,-0.34867921746031616,down
GLRX5,103,True,True,True,True,4,True,-0.13150967191363108,-0.19937575798319335,down
GLT8D2,287,True,True,True,True,4,True,1.0167448899486458,1.0167448899486458,up
GLUL,371,True,True,True,True,4,True,-0.5009800440756297,-0.6217897983193275,down
GM2A,251,True,True,True,True,4,True,0.5427473515238099,0.5427473515238099,up
GNA13,176,True,True,True,True,4,True,-0.09204920981325948,0.012043077731092033,up
GNAL,354,True,True,True,True,4,True,0.9844445540329132,0.9844445540329132,up
GNG2,299,True,True,True,True,4,True,0.5892508268627459,0.5892508268627459,up
GNG5,212,True,True,True,True,4,True,-0.20750042806255822,-0.329103830672269,down
GNG8,440,True,True,True,True,4,True,0.19530874334313703,0.19530874334313703,up
GOLM1,153,True,True,True,True,4,True,0.8888923953674137,1.3525623430511207,up
GOLPH3L,200,True,True,True,True,4,True,0.38164589713351965,0.38164589713351965,up
GOPC,234,True,True,True,True,4,True,0.3410878917941177,0.3410878917941177,up
GORAB,252,True,True,True,True,4,True,0.30013733798179204,0.30013733798179204,up
GPC5,447,True,True,True,True,4,True,0.42896600374696514,0.5765465056204477,up
GPD1L,257,True,True,True,True,4,True,-0.5946508664393094,-0.7080237302521014,down
GPER1,32,True,True,True,True,4,True,-0.6444312254901964,-0.9134057264705888,down
GPIHBP1,75,True,True,True,True,4,True,-1.3702556111041087,-1.3702556111041087,down
GPM6A,390,True,True,True,True,4,True,-0.9874531628767503,-0.9874531628767503,down
GPM6B,270,True,True,True,True,4,True,-0.9868293140098038,-1.0819440999999994,down
GPNMB,281,True,True,True,True,4,True,0.7555182516876765,0.7555182516876765,up
GPR135,224,True,True,True,True,4,True,0.21285012098646194,0.3459942222689084,up
GPR146,222,True,True,True,True,4,True,-0.4539910563982266,-0.643367892857144,down
GPR155,144,True,True,True,True,4,True,0.4992819834229694,0.5425757449579838,up
GPR156,379,True,True,True,True,4,True,0.13144895202661047,0.2568412718487387,up
GPR18,260,True,True,True,True,4,True,0.2297970809925304,0.39740563865546263,up
GPR4,105,True,True,True,True,4,True,-1.275199688633987,-1.275199688633987,down
GPR87,119,True,True,True,True,4,True,1.7539726144929972,1.7539726144929972,up
GPRASP1,167,True,True,True,True,4,True,0.4757691370546208,0.4513079592436966,up
GPRIN2,289,True,True,True,True,4,True,-0.6904915876442569,-0.6904915876442569,down
GPX3,77,True,True,True,True,4,True,-1.6390439418814198,-1.6390439418814198,down
GPX7,247,True,True,True,True,4,True,0.6947333878520084,0.6947333878520084,up
GPX8,355,True,True,True,True,4,True,0.9486882615028006,0.9555960222689077,up
GRB10,2,True,True,True,True,4,True,-0.44877379428804903,-0.44877379428804903,down
GREM1,190,True,True,True,True,4,True,1.3084286726045748,1.1293924323529407,up
GREM2,342,True,True,True,True,4,True,0.6765762859444449,1.0226537205882358,up
GRIA3,191,True,True,True,True,4,True,0.1885085367642397,0.36111856638655504,up
GRINA,272,True,True,True,True,4,True,-0.09511031764799176,-0.36029753781512536,down
GRK3,294,True,True,True,True,4,True,0.5218621227352948,0.622344434102942,up
GRN,24,True,True,True,True,4,True,0.06480319037348374,0.2597435355602258,up
GSDMB,293,True,True,True,True,4,True,0.2502616706097102,0.3091087559145653,up
GSDME,259,True,True,True,True,4,True,1.0069179489495794,1.0069179489495794,up
GSKIP,325,True,True,True,True,4,True,0.3057703533244632,0.3057703533244632,up
GSN,312,True,True,True,True,4,True,0.3833883614014934,0.5935075421022402,up
GSTA1,119,True,True,True,True,4,True,1.7831189192035481,1.7831189192035481,up
GSTA3,6,True,True,True,True,4,True,0.7807766415597573,0.9327236495798322,up
GSTA4,289,True,True,True,True,4,True,-0.6928993420756303,-0.6928993420756303,down
GTF2IRD1,240,True,True,True,True,4,True,-0.33205282291503246,-0.3384530558823529,down
GTPBP6,169,True,True,True,True,4,True,-0.30855735802894446,-0.3690437193277304,down
GUCD1,170,True,True,True,True,4,True,-0.3622237054925303,-0.4196622033613443,down
GXYLT2,291,True,True,True,True,4,True,1.2688750012068157,1.2688750012068157,up
GZMK,248,True,True,True,True,4,True,1.1537191165583565,1.1537191165583565,up
GZMM,372,True,True,True,True,4,True,0.38991439958823515,0.38991439958823515,up
H1-2,209,True,True,True,True,4,True,-0.4470398066321201,-0.5310022099481801,down
H2BC5,263,True,True,True,True,4,True,-0.35609188153034516,-0.5466787525210086,down
H3C8,20,True,True,True,True,4,True,-0.0387398101475262,-0.0544197152212893,down
HABP2,248,True,True,True,True,4,True,0.38150494184827294,0.38150494184827294,up
HACD1,222,True,True,True,True,4,True,-0.35996194006115806,-0.40654224747899115,down
HAL,0,True,True,True,True,4,True,-0.6442811913235285,-0.6442811913235285,down
HAS2,342,True,True,True,True,4,True,0.7740196422478981,1.226578986974789,up
HCST,167,True,True,True,True,4,True,0.4498842452231555,0.6523851359019606,up
HDAC6,306,True,True,True,True,4,True,0.05529515196078405,0.05529515196078405,up
HDAC9,156,True,True,True,True,4,True,0.390519755380019,0.31419113193277326,up
HDC,43,True,True,True,True,4,True,1.4127698938454707,1.8119937768907555,up
HDGFL3,315,True,True,True,True,4,True,0.20381457966246563,0.2813599063025211,up
HECTD3,52,True,True,True,True,4,True,0.260896483921569,0.260896483921569,up
HECW2,149,True,True,True,True,4,True,-1.0570402165802988,-1.263480937394957,down
HEPH,438,True,True,True,True,4,True,0.5598202310200749,0.5598202310200749,up
HERC6,238,True,True,True,True,4,True,0.36049268127451084,0.4490615219117662,up
HEY1,48,True,True,True,True,4,True,-0.6578232486405223,-0.9587894235294114,down
HEYL,38,True,True,True,True,4,True,-0.5006111616386543,-0.5479351420168057,down
HGF,182,True,True,True,True,4,True,0.615149733755369,0.6346821865546219,up
HHAT,385,True,True,True,True,4,True,0.7848681776872078,0.7848681776872078,up
HHIP,77,True,True,True,True,4,True,-1.5078308785933698,-1.5078308785933698,down
HHLA2,259,True,True,True,True,4,True,1.003731479621382,1.003731479621382,up
HIBCH,227,True,True,True,True,4,True,0.2838275251027072,0.47603503765406074,up
HIF3A,36,True,True,True,True,4,True,-2.0151877580018662,-2.0151877580018662,down
HILPDA,185,True,True,True,True,4,True,0.5832568300975716,0.60627562815126,up
HIPK2,161,True,True,True,True,4,True,-0.4118427587796443,-0.4769596785714276,down
HIRIP3,69,True,True,True,True,4,True,-0.20042483321428617,-0.29187157857142887,down
HIVEP1,116,True,True,True,True,4,True,0.31484823434687287,0.4821812336134459,up
HIVEP2,424,True,True,True,True,4,True,0.3133215872572361,0.46477670924369696,up
HLA-DOB,442,True,True,True,True,4,True,0.7511023660406164,0.6957123684873954,up
HLA-DPA1,282,True,True,True,True,4,True,0.5056551061718023,0.5056551061718023,up
HLA-DPB1,267,True,True,True,True,4,True,0.7893567920261452,0.6277414380392177,up
HLA-DRA,369,True,True,True,True,4,True,0.3318275627077494,0.3318275627077494,up
HLTF,437,True,True,True,True,4,True,0.5101822957847798,0.7177546936771697,up
HMBOX1,341,True,True,True,True,4,True,-0.1516544359131656,-0.1516544359131656,down
HMCN1,383,True,True,True,True,4,True,1.1360128047054154,1.1360128047054154,up
HMGN1,167,True,True,True,True,4,True,0.46964977740196084,0.46964977740196084,up
HMGN3,403,True,True,True,True,4,True,0.44503068556022374,0.5744535283403356,up
HMMR,182,True,True,True,True,4,True,0.3684661303417367,0.5294991955126052,up
HNMT,215,True,True,True,True,4,True,0.45302394954528485,0.5370159243179273,up
HOMER2,298,True,True,True,True,4,True,0.3874285437633053,0.3874285437633053,up
HOPX,11,True,True,True,True,4,True,-0.9012066866479925,-0.9012066866479925,down
HP,22,True,True,True,True,4,True,-0.13136283172315508,-0.015900546638654922,down
HPCAL1,3,True,True,True,True,4,True,-0.876246030618581,-0.876246030618581,down
HPGD,377,True,True,True,True,4,True,-0.7005515612717087,-1.0602244424369753,down
HPGDS,135,True,True,True,True,4,True,0.8974762221120435,0.8974762221120435,up
HPN,242,True,True,True,True,4,True,-0.3567760014038282,-0.5636100873949578,down
HPR,101,True,True,True,True,4,True,0.023526869980859438,0.17639201008403416,up
HPS3,369,True,True,True,True,4,True,0.2942226992698416,0.2942226992698416,up
HPS5,61,True,True,True,True,4,True,-0.17524230518720893,-0.3170873672268913,down
HPS6,253,True,True,True,True,4,True,0.013530608058823834,0.013530608058823834,up
HPSE2,355,True,True,True,True,4,True,0.670429466531746,0.9590873239495796,up
HS3ST1,397,True,True,True,True,4,True,0.6814204157133529,0.6814204157133529,up
HS3ST3A1,182,True,True,True,True,4,True,0.3854169846988798,0.2862411222689081,up
HS6ST1,126,True,True,True,True,4,True,0.26024652898599415,0.3966177548235287,up
HS6ST2,42,True,True,True,True,4,True,1.0411794635154061,1.5498141952731093,up
HSD17B10,381,True,True,True,True,4,True,-0.17530620641176387,-0.31275545588235254,down
HSD17B12,330,True,True,True,True,4,True,-0.1915850364705882,-0.268833152941176,down
HSD17B4,112,True,True,True,True,4,True,-0.5592044795098042,-0.5592044795098042,down
HSD17B6,75,True,True,True,True,4,True,-1.3506029457581696,-1.3506029457581696,down
HSH2D,80,True,True,True,True,4,True,0.40552964722829143,0.5313389722689077,up
HSP90AA1,411,True,True,True,True,4,True,0.3487885463445373,0.4175230714285709,up
HSPA12A,410,True,True,True,True,4,True,0.5612846092026137,0.6521965588235284,up
HSPA12B,270,True,True,True,True,4,True,-0.5585828825742297,-0.8008314445378151,down
HSPA2,0,True,True,True,True,4,True,-0.5942278212301594,-0.5942278212301594,down
HSPA4L,309,True,True,True,True,4,True,1.0741417237245565,1.0741417237245565,up
HSPB1,265,True,True,True,True,4,True,0.4982701454808581,0.4982701454808581,up
HSPB3,311,True,True,True,True,4,True,0.475863473173203,0.7670054235294123,up
HTR2A,442,True,True,True,True,4,True,0.5878881201788049,0.6946788827731095,up
HTR2B,362,True,True,True,True,4,True,0.7737605172847806,0.7737605172847806,up
HTRA1,321,True,True,True,True,4,True,0.7139296545597574,0.7139296545597574,up
HYAL1,187,True,True,True,True,4,True,-1.0635300687875815,-1.0635300687875815,down
HYAL2,150,True,True,True,True,4,True,-0.9483987898169929,-1.175345005882353,down
HYCC2,241,True,True,True,True,4,True,-0.35636347524369727,-0.29216286386554624,down
ICA1L,9,True,True,True,True,4,True,0.447157483280578,0.3584291987394952,up
ICOS,294,True,True,True,True,4,True,0.6498266997913166,0.813626104201681,up
ID1,146,True,True,True,True,4,True,-1.138305895873015,-1.138305895873015,down
IDI1,352,True,True,True,True,4,True,-0.7735181707114838,-0.7735181707114838,down
IER2,357,True,True,True,True,4,True,-0.43449578244911247,-0.7228511736736687,down
IER3,45,True,True,True,True,4,True,-0.076032794658263,-0.076032794658263,down
IFFO2,183,True,True,True,True,4,True,0.35018132225536885,0.4437827453781513,up
IFNAR2,236,True,True,True,True,4,True,0.22196902335900973,0.2521207957983193,up
IFNG,226,True,True,True,True,4,True,0.023010503157329814,0.3287568365546221,up
IFNGR1,3,True,True,True,True,4,True,-0.8582426803921562,-0.8582426803921562,down
IFT25,405,True,True,True,True,4,True,0.5164655881507935,0.5164655881507935,up
IFT27,438,True,True,True,True,4,True,0.5737947545107374,0.5737947545107374,up
IFT43,405,True,True,True,True,4,True,0.5204913110961723,0.5204913110961723,up
IFTAP,8,True,True,True,True,4,True,0.5261632379892626,0.6374373569838938,up
IGDCC4,445,True,True,True,True,4,True,0.5980810924845938,0.8821178887268908,up
IGF1,182,True,True,True,True,4,True,1.2030187297983201,1.1960080289915973,up
IGF2R,388,True,True,True,True,4,True,-0.23857232107376328,-0.33342159327731125,down
IGFBP2,310,True,True,True,True,4,True,1.1049528546951446,1.1049528546951446,up
IGFBP4,276,True,True,True,True,4,True,1.0914982182726418,1.0914982182726418,up
IGFBPL1,298,True,True,True,True,4,True,0.3995883726563956,0.3995883726563956,up
IGFL2,276,True,True,True,True,4,True,0.7954782468258643,0.7954782468258643,up
IGK,301,True,True,True,True,4,True,1.7188013966573292,1.7188013966573292,up
IGSF9,303,True,True,True,True,4,True,0.5979410074257704,0.5979410074257704,up
IKZF2,92,True,True,True,True,4,True,0.9650618237889815,0.9650618237889815,up
IKZF3,98,True,True,True,True,4,True,0.2438072449929974,0.28555018697479084,up
IL13RA2,195,True,True,True,True,4,True,2.322476578346872,2.322476578346872,up
IL15RA,0,True,True,True,True,4,True,-0.6372174517063491,-0.6372174517063491,down
IL17RA,329,True,True,True,True,4,True,-0.5401429350746964,-0.6002923987394955,down
IL17RD,416,True,True,True,True,4,True,0.5881162282525666,0.5881162282525666,up
IL17RE,170,True,True,True,True,4,True,-0.30859898921475293,-0.4386873915966393,down
IL18R1,78,True,True,True,True,4,True,-1.8377394661932775,-1.8377394661932775,down
IL18RAP,36,True,True,True,True,4,True,-2.066016586302054,-2.066016586302054,down
IL1R2,36,True,True,True,True,4,True,-3.4012213708786185,-3.4012213708786185,down
IL1RL1,36,True,True,True,True,4,True,-2.4376763730410835,-2.4376763730410835,down
IL1RN,138,True,True,True,True,4,True,0.8248000444421103,0.925737505462185,up
IL2RG,296,True,True,True,True,4,True,0.5893607253183942,0.5893607253183942,up
IL33,287,True,True,True,True,4,True,1.0158303987810466,1.0158303987810466,up
IL4I1,445,True,True,True,True,4,True,1.3569502859607847,1.3569502859607847,up
IL6,162,True,True,True,True,4,True,-0.9634137056386548,-2.0329793084579824,down
IL6R,86,True,True,True,True,4,True,-0.7155924943412696,-0.7155924943412696,down
IL7,124,True,True,True,True,4,True,0.598152741269841,0.5660472638655458,up
ILDR1,341,True,True,True,True,4,True,0.19591192451540596,0.19591192451540596,up
IMPA2,241,True,True,True,True,4,True,-0.36469538243884253,-0.46328903487394946,down
INHBB,324,True,True,True,True,4,True,0.6041096368930908,0.7317607701680667,up
INPP1,395,True,True,True,True,4,True,-0.5031227825452852,-0.5031227825452852,down
INPP4B,9,True,True,True,True,4,True,0.41142002554528423,0.3714455781512595,up
INPP5A,348,True,True,True,True,4,True,-0.5974055664561159,-0.6851501962184876,down
INPP5D,280,True,True,True,True,4,True,0.38396839878944977,0.38396839878944977,up
INPP5K,39,True,True,True,True,4,True,-0.5528848792689081,-0.7354935936974791,down
INSIG1,193,True,True,True,True,4,True,-0.8401077703725489,-0.8401077703725489,down
INTS6L,200,True,True,True,True,4,True,0.37438875598879573,0.37438875598879573,up
INTU,95,True,True,True,True,4,True,0.6189181104281051,0.6189181104281051,up
IP6K3,390,True,True,True,True,4,True,-0.9934275592829133,-0.9934275592829133,down
IPP,267,True,True,True,True,4,True,0.43754715052007453,0.5763607257801118,up
IRAG1,92,True,True,True,True,4,True,0.952693043067694,0.952693043067694,up
IRAG2,260,True,True,True,True,4,True,0.21359671814985895,0.4197929899159659,up
IRAK3,12,True,True,True,True,4,True,-0.9111266517740421,-0.9111266517740421,down
IRF4,116,True,True,True,True,4,True,0.2283516381405221,0.4300679499999994,up
IRS2,352,True,True,True,True,4,True,-0.7818573411484598,-0.7818573411484598,down
ISLR,281,True,True,True,True,4,True,0.5765174820056025,0.5765174820056025,up
ISOC2,238,True,True,True,True,4,True,0.45962381363725496,0.45962381363725496,up
ISYNA1,248,True,True,True,True,4,True,0.6179799784467784,0.6179799784467784,up
ITGA10,390,True,True,True,True,4,True,-1.0047113898277311,-1.0047113898277311,down
ITGA11,116,True,True,True,True,4,True,0.2818092539150327,0.4388929558823525,up
ITGA2B,40,True,True,True,True,4,True,-0.3553493067488329,-0.5296114601232493,down
ITGA4,99,True,True,True,True,4,True,0.589354299705882,0.5882035794117646,up
ITGA5,269,True,True,True,True,4,True,-0.33988986297572393,-0.4443194373949583,down
ITGA7,247,True,True,True,True,4,True,0.722014814267974,0.722014814267974,up
ITGA9,335,True,True,True,True,4,True,0.7531503647707751,0.7531503647707751,up
ITGAL,230,True,True,True,True,4,True,0.3163270158627444,0.3858842737941166,up
ITGAV,233,True,True,True,True,4,True,0.4601800979038277,0.4601800979038277,up
ITGB4,106,True,True,True,True,4,True,0.9255616615382811,0.9255616615382811,up
ITGB8,382,True,True,True,True,4,True,1.1408277848295987,1.1408277848295987,up
ITGBL1,277,True,True,True,True,4,True,1.259122897429039,1.259122897429039,up
ITIH5,310,True,True,True,True,4,True,1.1143407075714276,1.1143407075714276,up
ITLN2,115,True,True,True,True,4,True,-2.1029782596638658,-2.1029782596638658,down
ITM2C,95,True,True,True,True,4,True,0.6144887156134458,0.6144887156134458,up
ITPK1,271,True,True,True,True,4,True,-0.24851466321988755,-0.41016376722689,down
ITPRID2,389,True,True,True,True,4,True,-0.37689027585574214,-0.4232751487394951,down
ITPRIP,39,True,True,True,True,4,True,-0.5859787687913164,-0.7331619031869745,down
ITSN2,240,True,True,True,True,4,True,-0.2739632911979468,-0.33882081680672327,down
IVD,103,True,True,True,True,4,True,-0.23575233796078346,-0.3654429794117634,down
IZUMO1,389,True,True,True,True,4,True,-0.4059495678926239,-0.43005310183893575,down
JADE1,222,True,True,True,True,4,True,-0.472135609442577,-0.7008918478991596,down
JAG2,235,True,True,True,True,4,True,0.40086930644911317,0.5156077096736698,up
JAGN1,387,True,True,True,True,4,True,-0.20150401796311926,-0.25969754453781546,down
JCHAIN,43,True,True,True,True,4,True,1.8059551565873029,2.2659327092436987,up
JDP2,395,True,True,True,True,4,True,-0.4892511218585433,-0.4892511218585433,down
JHY,124,True,True,True,True,4,True,0.41317626701960797,0.567441900529412,up
JMY,444,True,True,True,True,4,True,0.348399390627451,0.33490596176470533,up
JPH1,147,True,True,True,True,4,True,-0.40213089287114895,-0.40213089287114895,down
JPT2,405,True,True,True,True,4,True,0.5198317497889812,0.5198317497889812,up
KANK3,100,True,True,True,True,4,True,-0.5963570970527542,-0.5806923218487401,down
KATNAL1,60,True,True,True,True,4,True,0.018841348261438406,-0.10178477352941159,down
KCND3,365,True,True,True,True,4,True,0.37269647967787156,0.5327747195168073,up
KCNE4,445,True,True,True,True,4,True,0.5717490158739492,0.8171838508403364,up
KCNJ16,310,True,True,True,True,4,True,1.102016894387022,1.102016894387022,up
KCNJ5,379,True,True,True,True,4,True,0.49642128370961736,0.7811471336134455,up
KCNK3,380,True,True,True,True,4,True,-0.532972004387021,-0.8501646861344538,down
KCNMA1,338,True,True,True,True,4,True,0.6933086502609701,1.0044867253914553,up
KCNMB2,19,True,True,True,True,4,True,0.34755464157889765,0.4431022130252097,up
KCNMB4,133,True,True,True,True,4,True,-1.1938663679304382,-1.1938663679304382,down
KCNN3,136,True,True,True,True,4,True,0.8704629596302519,0.8704629596302519,up
KCNN4,106,True,True,True,True,4,True,0.9186573243062561,0.9186573243062561,up
KCTD1,297,True,True,True,True,4,True,0.8424681584154999,0.8424681584154999,up
KDR,86,True,True,True,True,4,True,-0.725724234946779,-0.725724234946779,down
KGD4,145,True,True,True,True,4,True,-0.3310600939225018,-0.3310600939225018,down
KHDRBS3,255,True,True,True,True,4,True,-0.336677189393557,-0.32456599495798333,down
KIAA0040,39,True,True,True,True,4,True,-0.5491486627642389,-0.7467417441463584,down
KIAA0753,201,True,True,True,True,4,True,0.3521132203734825,0.3521132203734825,up
KIAA0930,374,True,True,True,True,4,True,0.3728873822754439,0.5144872414803927,up
KIAA1549,359,True,True,True,True,4,True,-0.6854272120364149,-0.8539878571428576,down
KIF11,442,True,True,True,True,4,True,0.5028830903099909,0.6953558854649864,up
KIF19,225,True,True,True,True,4,True,0.4991109977586364,0.79743606302521,up
KIF1C,100,True,True,True,True,4,True,-0.39506366266900156,-0.5731249739495796,down
KIF20A,414,True,True,True,True,4,True,0.4098530802338936,0.5920708703508404,up
KIF26B,310,True,True,True,True,4,True,1.1192093420845006,1.1192093420845006,up
KIF2A,53,True,True,True,True,4,True,0.40425429971475224,0.4683553180672263,up
KIF3A,442,True,True,True,True,4,True,0.4893071553510738,0.6946294830266107,up
KIF7,234,True,True,True,True,4,True,0.31097356348039207,0.31097356348039207,up
KIR3DL2,388,True,True,True,True,4,True,-0.28357094710877667,-0.350798920663165,down
KL,206,True,True,True,True,4,True,-0.7284134198160604,-0.7123575974789924,down
KLF12,124,True,True,True,True,4,True,0.44311921985574315,0.5650725797836147,up
KLF13,359,True,True,True,True,4,True,-0.502800714127918,-0.5826322130252098,down
KLF15,149,True,True,True,True,4,True,-1.1771263374551817,-1.2480858407563022,down
KLF4,368,True,True,True,True,4,True,-1.009666344633987,-1.009666344633987,down
KLF6,289,True,True,True,True,4,True,-0.6724608609197024,-0.6724608609197024,down
KLF9,187,True,True,True,True,4,True,-1.0643774002170876,-1.0643774002170876,down
KLHL13,130,True,True,True,True,4,True,1.3794877463669468,1.3794877463669468,up
KLHL2,395,True,True,True,True,4,True,-0.47763802446591946,-0.47763802446591946,down
KLHL3,432,True,True,True,True,4,True,0.389413234156863,0.42889461470588275,up
KLHL4,438,True,True,True,True,4,True,0.5620002705798325,0.5620002705798325,up
KLK13,372,True,True,True,True,4,True,0.3414528852324932,0.32445073655462175,up
KLK7,372,True,True,True,True,4,True,0.4094491131914106,0.49176585210084084,up
KLRG1,94,True,True,True,True,4,True,0.6404808675350142,0.6404808675350142,up
KLRG2,353,True,True,True,True,4,True,-0.8003029618454717,-0.8003029618454717,down
KNL1,342,True,True,True,True,4,True,0.28955175832726426,0.4538063874908964,up
KNTC1,53,True,True,True,True,4,True,0.3317575131778708,0.4570909067226889,up
KPNA5,183,True,True,True,True,4,True,0.31033757573249243,0.45537136359873864,up
KRT13,432,True,True,True,True,4,True,0.5556886272212891,0.4884034151260512,up
KRT14,322,True,True,True,True,4,True,0.7392473825037357,0.7392473825037357,up
KRT15,119,True,True,True,True,4,True,1.8654073266629323,1.8654073266629323,up
KRT17,154,True,True,True,True,4,True,2.0328968496713355,2.0328968496713355,up
KRT23,182,True,True,True,True,4,True,0.6197423420527538,0.9117460894957979,up
KRT5,195,True,True,True,True,4,True,2.3392952036993466,2.3392952036993466,up
KRT6B,30,True,True,True,True,4,True,0.4370858848823533,0.5347334147058823,up
KSR1,13,True,True,True,True,4,True,0.3235056323832864,0.43288688723039215,up
L3MBTL4,145,True,True,True,True,4,True,-0.27962023347945836,-0.27962023347945836,down
LAMA2,218,True,True,True,True,4,True,-0.8055117422264244,-0.8055117422264244,down
LAMA3,81,True,True,True,True,4,True,-0.7902908939957983,-1.0749465504201678,down
LAMA5,381,True,True,True,True,4,True,-0.28417512232352876,-0.44958769117647046,down
LAMB1,328,True,True,True,True,4,True,-0.737663646286648,-0.737663646286648,down
LAMC1,112,True,True,True,True,4,True,-0.5690546973902894,-0.5690546973902894,down
LAMC3,151,True,True,True,True,4,True,-0.8435068363155915,-1.1364061373949568,down
LAMP3,188,True,True,True,True,4,True,-1.0465357061671339,-1.0465357061671339,down
LAMP5,300,True,True,True,True,4,True,1.6734892581937437,1.6734892581937437,up
LAMTOR1,176,True,True,True,True,4,True,-0.02183396015732932,-0.18841228949579755,down
LAT,396,True,True,True,True,4,True,0.33471409648786227,0.33471409648786227,up
LAX1,320,True,True,True,True,4,True,0.7226997376405233,0.7226997376405233,up
LCN2,182,True,True,True,True,4,True,1.4654342583818867,1.5192145634453784,up
LDLR,11,True,True,True,True,4,True,-0.9579851059299725,-0.9579851059299725,down
LDLRAD4,106,True,True,True,True,4,True,0.9343458635658267,0.9343458635658267,up
LDOC1,442,True,True,True,True,4,True,0.5052321360901032,0.6902894541351547,up
LEO1,282,True,True,True,True,4,True,0.31903527866666687,0.31903527866666687,up
LGALS3BP,447,True,True,True,True,4,True,0.4304910318356672,0.6046152977535009,up
LGALS7B,297,True,True,True,True,4,True,1.2385819292488327,1.2385819292488327,up
LGALSL,113,True,True,True,True,4,True,-0.5351725440816987,-0.5351725440816987,down
LGI2,153,True,True,True,True,4,True,0.5497008883874882,0.8813021550420173,up
LGI3,257,True,True,True,True,4,True,-0.7528421776372559,-0.9334986647058835,down
LGI4,147,True,True,True,True,4,True,-0.44562770300700355,-0.44562770300700355,down
LGMN,182,True,True,True,True,4,True,0.27103360388048536,0.3331004058207281,up
LGR4,354,True,True,True,True,4,True,0.6795926022731087,0.9677676534096631,up
LHX6,369,True,True,True,True,4,True,0.4136781597861819,0.4136781597861819,up
LIFR,240,True,True,True,True,4,True,-1.0341576081120445,-1.2347454966386546,down
LIMA1,276,True,True,True,True,4,True,0.37571593265966446,0.37571593265966446,up
LIMCH1,209,True,True,True,True,4,True,-0.5480174163585417,-0.7335888974789904,down
LIME1,79,True,True,True,True,4,True,0.4326651128627449,0.4326651128627449,up
LIMK1,369,True,True,True,True,4,True,0.37665047254761846,0.37665047254761846,up
LIMS2,349,True,True,True,True,4,True,-0.47428710732399687,-0.6732176894957989,down
LIN7A,352,True,True,True,True,4,True,-0.7745386094948646,-0.7745386094948646,down
LIPG,230,True,True,True,True,4,True,-0.04659106362091473,0.2945045882352946,up
LLGL1,343,True,True,True,True,4,True,0.2469060047156859,0.2469060047156859,up
LLGL2,422,True,True,True,True,4,True,-0.3109243493646119,-0.4006173844537808,down
LMF2,111,True,True,True,True,4,True,0.05607465795424871,0.08383198693137306,up
LMLN,85,True,True,True,True,4,True,0.3848587631746039,0.5339093947619058,up
LMTK2,395,True,True,True,True,4,True,-0.5136317425676934,-0.5136317425676934,down
LNX2,112,True,True,True,True,4,True,-0.5781275152334266,-0.5781275152334266,down
LONP1,387,True,True,True,True,4,True,-0.1902327814593836,-0.2739905991596635,down
LOXL1,248,True,True,True,True,4,True,0.9743003129701208,0.9743003129701208,up
LOXL2,273,True,True,True,True,4,True,0.5434686972595703,0.5015358243697472,up
LOXL4,96,True,True,True,True,4,True,0.6052418256652659,0.6052418256652659,up
LPAR5,276,True,True,True,True,4,True,0.39966997319187697,0.39966997319187697,up
LPCAT3,242,True,True,True,True,4,True,-0.31814300807189566,-0.4924099764705885,down
LPIN2,145,True,True,True,True,4,True,-0.32550885938468677,-0.32550885938468677,down
LPL,48,True,True,True,True,4,True,-0.6952954881876754,-1.0137237978991605,down
LRIG3,7,True,True,True,True,4,True,0.6225072191143798,0.6454231529411774,up
LRP12,293,True,True,True,True,4,True,0.39061355986181195,0.3979068180672274,up
LRRC17,301,True,True,True,True,4,True,1.7217051263832868,1.7217051263832868,up
LRRC18,18,True,True,True,True,4,True,0.512623275096639,0.4378038373949579,up
LRRC49,398,True,True,True,True,4,True,0.6852281903375349,0.6852281903375349,up
LRRC4C,403,True,True,True,True,4,True,0.5470336551872083,0.5828453231092434,up
LRRC55,437,True,True,True,True,4,True,0.5164441060793652,0.7223974319327733,up
LRRC70,230,True,True,True,True,4,True,0.11975844645611566,0.3804231256302524,up
LRRC8A,113,True,True,True,True,4,True,-0.5362246025051344,-0.5362246025051344,down
LRRK1,184,True,True,True,True,4,True,0.24276396655508894,0.26213623991596685,up
LRRN1,274,True,True,True,True,4,True,1.6054233586162463,1.6054233586162463,up
LRRN3,186,True,True,True,True,4,True,-0.5542950665522873,-0.7940222058823521,down
LSM6,272,True,True,True,True,4,True,-0.22958725492296964,-0.36094482731092453,down
LSS,193,True,True,True,True,4,True,-0.8453948882170864,-0.8453948882170864,down
LTAP1,430,True,True,True,True,4,True,-0.2579977507189543,-0.37384552352941186,down
LTBP1,309,True,True,True,True,4,True,1.0887981835424836,1.0887981835424836,up
LTBP2,106,True,True,True,True,4,True,0.9407989629831935,0.9407989629831935,up
LTBP3,320,True,True,True,True,4,True,0.7179908473445379,0.7179908473445379,up
LUC7L3,293,True,True,True,True,4,True,0.2462545777903824,0.2891243666855736,up
LUM,190,True,True,True,True,4,True,0.8689191752801131,1.1413893945378155,up
LURAP1,409,True,True,True,True,4,True,0.3165170638786182,0.36499885756302514,up
LURAP1L,269,True,True,True,True,4,True,-0.4473311592455653,-0.4241778659663864,down
LUZP2,54,True,True,True,True,4,True,0.35520725635340833,0.5112217218487392,up
LXN,106,True,True,True,True,4,True,0.9329133809313724,0.9329133809313724,up
LY6E,325,True,True,True,True,4,True,0.5035953304687212,0.5035953304687212,up
LY9,225,True,True,True,True,4,True,0.20432222585107343,0.3546734420168065,up
LYPD5,241,True,True,True,True,4,True,-0.47250595866900014,-0.594731962184873,down
LYVE1,219,True,True,True,True,4,True,-0.9537288467320266,-0.9537288467320266,down
MACC1,287,True,True,True,True,4,True,1.0173612162166201,1.0173612162166201,up
MACF1,172,True,True,True,True,4,True,-0.3446601828431377,-0.5109626882352944,down
MACROD2,220,True,True,True,True,4,True,-0.9459441886423914,-0.9459441886423914,down
MACROH2A2,405,True,True,True,True,4,True,0.5194554089551822,0.5194554089551822,up
MAFF,32,True,True,True,True,4,True,-0.7338698113053228,-1.096959716957984,down
MAGED1,372,True,True,True,True,4,True,0.42874927368020604,0.498910160520309,up
MAMLD1,328,True,True,True,True,4,True,-0.7526385933548085,-0.7526385933548085,down
MAN1C1,438,True,True,True,True,4,True,0.5546432142399621,0.5546432142399621,up
MAN2A2,113,True,True,True,True,4,True,-0.5423521741816053,-0.5423521741816053,down
MAOA,105,True,True,True,True,4,True,-1.2607459288935574,-1.2607459288935574,down
MAP1A,362,True,True,True,True,4,True,0.7679262442586366,0.7679262442586366,up
MAP2,3,True,True,True,True,4,True,-0.8870714389831936,-0.8870714389831936,down
MAP3K13,226,True,True,True,True,4,True,0.19970843033753502,0.3054863955063025,up
MAP3K20,231,True,True,True,True,4,True,0.3044169405471524,0.4712325099803929,up
MAP3K6,47,True,True,True,True,4,True,-0.681973828029879,-0.9051234424369745,down
MAP3K7CL,267,True,True,True,True,4,True,0.5919309721421568,0.5919309721421568,up
MAP3K8,47,True,True,True,True,4,True,-0.6958472883445368,-0.9301321825168052,down
MAP4K1,444,True,True,True,True,4,True,0.344075891417367,0.33200433277310903,up
MAP7D3,343,True,True,True,True,4,True,0.10203888770774953,0.1526174462184875,up
MARCHF10,286,True,True,True,True,4,True,0.44261612974369813,0.6218304446155472,up
MARCHF4,293,True,True,True,True,4,True,0.28124296343137245,0.28124296343137245,up
MARCKS,126,True,True,True,True,4,True,0.196673844154996,0.31615604201680736,up
MARCKSL1,365,True,True,True,True,4,True,0.6053048115343134,0.6053048115343134,up
MASP1,284,True,True,True,True,4,True,0.4359609226069092,0.6752838839103639,up
MAST2,408,True,True,True,True,4,True,0.3453045293627449,0.3453045293627449,up
MATN3,391,True,True,True,True,4,True,-0.9756450929766579,-0.9756450929766579,down
MBIP,175,True,True,True,True,4,True,-0.2719702048636794,-0.4070992789915966,down
MBOAT1,1,True,True,True,True,4,True,0.5086072019715212,0.6832858029572817,up
MCCC1,12,True,True,True,True,4,True,-0.9199141398202609,-0.9199141398202609,down
MCEMP1,177,True,True,True,True,4,True,-0.359898767481325,-0.739677523109243,down
MCF2L,113,True,True,True,True,4,True,-0.5428516063253966,-0.5428516063253966,down
MCM8,231,True,True,True,True,4,True,0.2743859534136317,0.43599643012044753,up
MCOLN1,272,True,True,True,True,4,True,-0.16670796056722836,-0.369415213865547,down
MCUR1,61,True,True,True,True,4,True,-0.15897633307656334,-0.25117500966386513,down
MDFIC,313,True,True,True,True,4,True,0.4755509512303926,0.4755509512303926,up
MDK,164,True,True,True,True,4,True,1.4457103203907569,1.4457103203907569,up
MEF2C,392,True,True,True,True,4,True,0.317952605614378,0.439331435294117,up
MEGF9,289,True,True,True,True,4,True,-0.6712569591115781,-0.6712569591115781,down
MEOX1,135,True,True,True,True,4,True,0.8836049105032681,0.8836049105032681,up
MERTK,289,True,True,True,True,4,True,-0.6763243977096174,-0.6763243977096174,down
METRN,313,True,True,True,True,4,True,0.5151299841225492,0.5151299841225492,up
METRNL,20,True,True,True,True,4,True,-0.07630975146171837,0.07704056806722659,up
METTL15,235,True,True,True,True,4,True,0.2871895414841268,0.40269306222619017,up
METTL8,313,True,True,True,True,4,True,0.43495620988725475,0.43495620988725475,up
MEX3B,202,True,True,True,True,4,True,0.47948762228921626,0.47948762228921626,up
MFAP2,309,True,True,True,True,4,True,1.0949697465994384,1.0949697465994384,up
MFNG,242,True,True,True,True,4,True,-0.29840113161811427,-0.5531452953781516,down
MFSD2A,133,True,True,True,True,4,True,-1.199968001017741,-1.199968001017741,down
MGAM,36,True,True,True,True,4,True,-2.0293549036554617,-2.0293549036554617,down
MGARP,293,True,True,True,True,4,True,0.3174142889033614,0.36256681260504253,up
MGAT1,356,True,True,True,True,4,True,-0.07364867049112989,-0.23917433781512576,down
MGLL,241,True,True,True,True,4,True,-0.26008662637161506,-0.38690896806722697,down
MGST1,2,True,True,True,True,4,True,-0.8142420746825403,-0.8142420746825403,down
MICALL2,364,True,True,True,True,4,True,0.7241330512205881,0.7241330512205881,up
MID1,277,True,True,True,True,4,True,0.4476079580434165,0.4476079580434165,up
MID1IP1,207,True,True,True,True,4,True,-0.6036741991690003,-0.6906541386554613,down
MIDEAS,213,True,True,True,True,4,True,-0.07235628128991585,-0.09667950924369734,down
MIER2,169,True,True,True,True,4,True,-0.33678031277310866,-0.4800781521008395,down
MINK1,31,True,True,True,True,4,True,0.6796666895686282,0.6796666895686282,up
MITF,341,True,True,True,True,4,True,0.2679669356246494,0.2679669356246494,up
MKNK2,0,True,True,True,True,4,True,-0.618573120779646,-0.618573120779646,down
MKX,191,True,True,True,True,4,True,0.22155383499813266,0.3734685567226892,up
MLEC,252,True,True,True,True,4,True,0.32107457955415414,0.32107457955415414,up
MLF1,286,True,True,True,True,4,True,0.4930679291045756,0.614146326470588,up
MLPH,39,True,True,True,True,4,True,-0.5480889533930903,-0.7610420819327727,down
MLX,394,True,True,True,True,4,True,-0.4228541545690953,-0.4228541545690953,down
MME,148,True,True,True,True,4,True,-0.9757591287670394,-1.2120376298319324,down
MMP1,194,True,True,True,True,4,True,3.3575199654939305,3.3575199654939305,up
MMP10,165,True,True,True,True,4,True,1.521083770530346,1.521083770530346,up
MMP11,309,True,True,True,True,4,True,1.0761566148403356,1.0761566148403356,up
MMP12,58,True,True,True,True,4,True,1.344830913183473,1.2667361630252096,up
MMP13,361,True,True,True,True,4,True,1.2059037484491135,1.2059037484491135,up
MMP16,190,True,True,True,True,4,True,0.7608681925266098,1.1395110387899146,up
MMP2,182,True,True,True,True,4,True,0.498899969208684,0.626424953813026,up
MMP25,390,True,True,True,True,4,True,-0.9868722396153132,-0.9868722396153132,down
MMP3,351,True,True,True,True,4,True,0.4942102116302525,0.6522724869747898,up
MMP7,194,True,True,True,True,4,True,3.4712387234827253,3.4712387234827253,up
MMUT,269,True,True,True,True,4,True,-0.33936165453454875,-0.42652224915966536,down
MNAT1,425,True,True,True,True,4,True,0.21403458236881392,0.2636647222689071,up
MORN3,232,True,True,True,True,4,True,0.43579858693417356,0.43579858693417356,up
MOSPD1,396,True,True,True,True,4,True,0.35251433012091576,0.35251433012091576,up
MOXD1,382,True,True,True,True,4,True,1.141418992884221,1.141418992884221,up
MPP3,390,True,True,True,True,4,True,-1.0005584023860874,-1.0005584023860874,down
MPPED2,163,True,True,True,True,4,True,0.42239097744117604,0.42239097744117604,up
MR1,331,True,True,True,True,4,True,0.2923947256605967,0.36061583849089507,up
MRPS15,389,True,True,True,True,4,True,-0.2944159037628385,-0.4213262184873951,down
MRPS18B,378,True,True,True,True,4,True,-0.1718325782511679,-0.3015487516806725,down
MS4A1,393,True,True,True,True,4,True,0.8808952970121379,0.7558261504201678,up
MS4A15,391,True,True,True,True,4,True,-0.9812111854444443,-0.9812111854444443,down
MS4A2,165,True,True,True,True,4,True,1.4621332885845006,1.4621332885845006,up
MSC,24,True,True,True,True,4,True,0.06071416838795455,0.24826472394957932,up
MSI2,406,True,True,True,True,4,True,0.534018121895425,0.534018121895425,up
MSMB,195,True,True,True,True,4,True,2.189799514485061,2.189799514485061,up
MSMO1,3,True,True,True,True,4,True,-0.8853776932390289,-0.8853776932390289,down
MSRB1,431,True,True,True,True,4,True,-0.43831929236274386,-0.3810121852941164,down
MT1A,270,True,True,True,True,4,True,-0.9978002903361343,-0.9978002903361343,down
MT1B,350,True,True,True,True,4,True,-0.6432666617647056,-0.6432666617647056,down
MT1G,240,True,True,True,True,4,True,-0.9400909877338927,-0.7869647050420172,down
MT1H,219,True,True,True,True,4,True,-0.9376345917021469,-0.9376345917021469,down
MT1M,36,True,True,True,True,4,True,-2.2307896567203547,-2.2307896567203547,down
MT1X,146,True,True,True,True,4,True,-1.1666394381708687,-1.1666394381708687,down
MT2A,188,True,True,True,True,4,True,-1.041556041517273,-1.041556041517273,down
MTA1,365,True,True,True,True,4,True,0.60020026722549,0.60020026722549,up
MTARC1,193,True,True,True,True,4,True,-0.8339035393655463,-0.8339035393655463,down
MTARC2,100,True,True,True,True,4,True,-0.49100618694537784,-0.5829601054621841,down
MTCL3,264,True,True,True,True,4,True,-0.20005398678337918,-0.3155574886554613,down
MTHFR,271,True,True,True,True,4,True,-0.2193247986064414,-0.3802734903361329,down
MTM1,175,True,True,True,True,4,True,-0.21426488799393129,-0.2654860747899159,down
MTMR11,233,True,True,True,True,4,True,0.46004129204808547,0.46004129204808547,up
MTMR14,422,True,True,True,True,4,True,-0.295957536102242,-0.39879395840336257,down
MTMR4,169,True,True,True,True,4,True,-0.26825462728851573,-0.35927159369747846,down
MTRF1L,171,True,True,True,True,4,True,-0.3709963398580769,-0.3313921697478993,down
MTRR,371,True,True,True,True,4,True,-0.4983822618239966,-0.61746062184874,down
MTSS1,395,True,True,True,True,4,True,-0.5103581670588234,-0.5103581670588234,down
MTTP,265,True,True,True,True,4,True,0.500562047919701,0.500562047919701,up
MTX2,252,True,True,True,True,4,True,0.35202253041643344,0.35202253041643344,up
MUC16,361,True,True,True,True,4,True,1.162374076518674,1.162374076518674,up
MUC20,355,True,True,True,True,4,True,0.9255674847978524,0.9571113042016799,up
MUC4,274,True,True,True,True,4,True,1.587708344836135,1.587708344836135,up
MUC5B,274,True,True,True,True,4,True,1.5798866565242757,1.5798866565242757,up
MUCL3,48,True,True,True,True,4,True,-0.8015900449112981,-1.0071514516806723,down
MVD,161,True,True,True,True,4,True,-0.40459504846778627,-0.4732820924369736,down
MXRA5,274,True,True,True,True,4,True,1.5740131173720828,1.5740131173720828,up
MXRA8,282,True,True,True,True,4,True,0.46487494594397766,0.46487494594397766,up
MYC,66,True,True,True,True,4,True,-0.703272815541549,-0.703272815541549,down
MYEF2,295,True,True,True,True,4,True,0.2784343882012144,0.3584953323018216,up
MYL12A,219,True,True,True,True,4,True,-0.32859681201680724,-0.32859681201680724,down
MYL3,216,True,True,True,True,4,True,-0.22444344200233443,-0.2563465563025214,down
MYLIP,219,True,True,True,True,4,True,-0.5783106522591024,-0.5783106522591024,down
MYO15B,65,True,True,True,True,4,True,0.00558500080112075,0.00558500080112075,up
MYO18A,446,True,True,True,True,4,True,0.5320219061519605,0.5320219061519605,up
MYO1E,276,True,True,True,True,4,True,0.39321978398973023,0.39321978398973023,up
MYO9A,210,True,True,True,True,4,True,-0.29096441054761957,-0.39039150798319416,down
MYO9B,65,True,True,True,True,4,True,0.1250712718011208,0.1250712718011208,up
MYOM1,404,True,True,True,True,4,True,0.5126163715112043,0.5126163715112043,up
MYRF,151,True,True,True,True,4,True,-0.9496471573772164,-1.1316488096638642,down
MYZAP,149,True,True,True,True,4,True,-1.127270689034081,-1.2783672361344542,down
MZB1,198,True,True,True,True,4,True,1.0764746902329605,1.320457128991597,up
NAA40,294,True,True,True,True,4,True,0.34892611127124057,0.468422916906861,up
NAB1,232,True,True,True,True,4,True,0.431017431290383,0.431017431290383,up
NALCN,276,True,True,True,True,4,True,0.5572766752119526,0.5572766752119526,up
NAMPT,181,True,True,True,True,4,True,-1.0665795233445374,-1.7595767850168063,down
NAP1L3,136,True,True,True,True,4,True,0.8677595196143786,0.8677595196143786,up
NAPA,213,True,True,True,True,4,True,-0.1661438950228756,-0.27459906176470605,down
NAPEPLD,342,True,True,True,True,4,True,0.47999890301073717,0.7220383545161058,up
NBEA,159,True,True,True,True,4,True,0.8071717765616242,0.83334566932773,up
NBEAL2,212,True,True,True,True,4,True,-0.16173319775210102,-0.33565753067226894,down
NBL1,324,True,True,True,True,4,True,0.8595908950980405,0.8595908950980405,up
NBPF1,4,True,True,True,True,4,True,0.3037782994117647,0.3037782994117647,up
NCKAP5,359,True,True,True,True,4,True,-0.8937636565457522,-0.9532951411764713,down
NCOA3,2,True,True,True,True,4,True,-0.6575274987492995,-0.6575274987492995,down
NCOR2,127,True,True,True,True,4,True,0.01973162856769554,0.16169619285154324,up
NCS1,379,True,True,True,True,4,True,0.19175799480672254,0.3427848663865544,up
NDC80,298,True,True,True,True,4,True,0.44815194240056005,0.44815194240056005,up
NDFIP1,15,True,True,True,True,4,True,0.2705043421078429,0.2705043421078429,up
NDNF,10,True,True,True,True,4,True,0.5682568004295049,0.7906427006442573,up
NDRG3,230,True,True,True,True,4,True,0.12718281911998092,0.26965672867997137,up
NDRG4,114,True,True,True,True,4,True,-1.167044397745565,-1.3776430071428571,down
NEBL,3,True,True,True,True,4,True,-0.8544179405340797,-0.8544179405340797,down
NECAB1,188,True,True,True,True,4,True,-1.038961215687676,-1.038961215687676,down
NECAB3,356,True,True,True,True,4,True,-0.16391898460971033,-0.35248336386554563,down
NECTIN4,411,True,True,True,True,4,True,0.22458973559290427,0.3036106390756303,up
NEDD4,69,True,True,True,True,4,True,-0.30630619605275444,-0.3322749130252102,down
NEDD4L,177,True,True,True,True,4,True,-0.41753848755415546,-0.7352999432773105,down
NEDD9,289,True,True,True,True,4,True,-0.7004632855742292,-0.7004632855742292,down
NEK1,19,True,True,True,True,4,True,0.30910094388141923,0.4441144798319333,up
NEK11,385,True,True,True,True,4,True,0.7793529775270769,0.7793529775270769,up
NELL1,372,True,True,True,True,4,True,0.36268409775536886,0.4529728277310928,up
NELL2,291,True,True,True,True,4,True,1.328880441698413,1.328880441698413,up
NENF,276,True,True,True,True,4,True,0.3699567820695611,0.3699567820695611,up
NES,240,True,True,True,True,4,True,-0.5083976430303457,-0.7420594701680672,down
NET1,406,True,True,True,True,4,True,0.5270725463720826,0.5270725463720826,up
NEU1,388,True,True,True,True,4,True,-0.23027700257002795,-0.34184372436974875,down
NFASC,398,True,True,True,True,4,True,0.6869902195121383,0.6869902195121383,up
NFATC1,227,True,True,True,True,4,True,0.2257463848986936,0.3570838852941177,up
NFATC2,159,True,True,True,True,4,True,0.6540896735709613,0.834507473949579,up
NFATC4,295,True,True,True,True,4,True,0.19858231782119531,0.21477370546218544,up
NFIA,410,True,True,True,True,4,True,0.3765816037026147,0.5570274055539217,up
NFIL3,380,True,True,True,True,4,True,-0.7013070233856209,-1.0772667850784314,down
NFIX,196,True,True,True,True,4,True,0.3815108521792719,0.5975200282689079,up
NFKBIA,328,True,True,True,True,4,True,-0.7491176758823528,-0.7491176758823528,down
NFKBIZ,186,True,True,True,True,4,True,-0.5263525143921556,-0.7605712715882333,down
NHEJ1,431,True,True,True,True,4,True,-0.38640670714285674,-0.38640670714285674,down
NHERF1,302,True,True,True,True,4,True,0.5053897151139123,0.5053897151139123,up
NHERF2,380,True,True,True,True,4,True,-0.5482991446774048,-0.8624337348739501,down
NHS,309,True,True,True,True,4,True,1.0630967868506065,1.0630967868506065,up
NIBAN1,99,True,True,True,True,4,True,0.3474929076101769,0.4911298533613443,up
NID1,193,True,True,True,True,4,True,-0.8331915417082166,-0.8331915417082166,down
NIM1K,39,True,True,True,True,4,True,-0.7203514999691878,-0.7428839844537817,down
NIPAL2,296,True,True,True,True,4,True,0.33856768803874887,0.33856768803874887,up
NLGN4Y,439,True,True,True,True,4,True,0.5781872283291314,0.5781872283291314,up
NLRC4,207,True,True,True,True,4,True,-0.5825259246307187,-0.704407408823529,down
NME9,152,True,True,True,True,4,True,0.35212293201774075,0.6067875831932777,up
NMNAT2,116,True,True,True,True,4,True,0.2896373329323068,0.48343724075630323,up
NOS1,90,True,True,True,True,4,True,0.0005457310714279684,0.030585412573529258,up
NOTCH3,31,True,True,True,True,4,True,0.4488408854425776,0.6341513281638664,up
NOTCH4,81,True,True,True,True,4,True,-0.8077321195760981,-1.0670693142857146,down
NOVA1,17,True,True,True,True,4,True,0.291963854054155,0.41039453108123247,up
NOVA2,256,True,True,True,True,4,True,-0.2901756769000938,-0.3967377743697482,down
NPAT,314,True,True,True,True,4,True,0.17263336696918694,0.22584390504201682,up
NPC1,112,True,True,True,True,4,True,-0.5600763588366003,-0.5600763588366003,down
NPC2,237,True,True,True,True,4,True,0.2814774505882352,0.3161086758823526,up
NPNT,189,True,True,True,True,4,True,-0.647892480547153,-0.647892480547153,down
NPR1,132,True,True,True,True,4,True,-1.2251826158333328,-1.2251826158333328,down
NPR3,240,True,True,True,True,4,True,-0.7904999839033615,-1.0150053537815136,down
NREP,57,True,True,True,True,4,True,0.8569106729565822,1.2025210094348733,up
NRG4,18,True,True,True,True,4,True,0.31556880439682505,0.42368683613445335,up
NRGN,180,True,True,True,True,4,True,-0.3961404100943042,-0.6281869605042018,down
NRK,120,True,True,True,True,4,True,0.5514152799656862,0.5514152799656862,up
NRM,216,True,True,True,True,4,True,-0.1376975548501401,-0.19149588655462213,down
NRP2,309,True,True,True,True,4,True,1.0779540751521945,1.0779540751521945,up
NRXN3,409,True,True,True,True,4,True,0.5001469528478056,0.4597871096638655,up
NSDHL,134,True,True,True,True,4,True,-0.3239810334537816,-0.3434541781512609,down
NSG1,429,True,True,True,True,4,True,0.5397276731288507,0.5397276731288507,up
NSUN6,305,True,True,True,True,4,True,0.533211052013071,0.533211052013071,up
NT5E,403,True,True,True,True,4,True,0.5862542492413625,0.5788523810924364,up
NTN1,309,True,True,True,True,4,True,1.0549607399206344,1.0549607399206344,up
NTS,247,True,True,True,True,4,True,0.8012962703669461,0.8012962703669461,up
NUDT16,11,True,True,True,True,4,True,-0.9667903134733901,-0.9667903134733901,down
NUF2,273,True,True,True,True,4,True,0.3513692873333336,0.4727301810000002,up
NUP210,276,True,True,True,True,4,True,0.3802887604635851,0.3802887604635851,up
NUP58,180,True,True,True,True,4,True,-0.37799756291923514,-0.6285538443788528,down
NUP62CL,19,True,True,True,True,4,True,0.3898289820639585,0.4445223668067222,up
NUPR1,389,True,True,True,True,4,True,-0.40795292654155063,-0.4293049563025213,down
NUSAP1,185,True,True,True,True,4,True,0.41247451840662963,0.5631655276099443,up
NXF3,222,True,True,True,True,4,True,-0.4694493458991596,-0.6923208777310926,down
OAF,396,True,True,True,True,4,True,0.5516137385275441,0.5516137385275441,up
OAT,215,True,True,True,True,4,True,0.2416522433753505,0.3436741222689082,up
OCIAD2,96,True,True,True,True,4,True,0.5969069673776835,0.5969069673776835,up
OCLN,240,True,True,True,True,4,True,-0.5890849420901029,-0.6352430256302518,down
ODF2L,403,True,True,True,True,4,True,0.5471103755882365,0.5842088411764721,up
OGN,291,True,True,True,True,4,True,1.286565568190475,1.286565568190475,up
OGT,447,True,True,True,True,4,True,0.2889930287068162,0.3231512495798318,up
OLAH,146,True,True,True,True,4,True,-1.110016698056956,-1.110016698056956,down
OLFM4,173,True,True,True,True,4,True,-0.8966750295508873,-0.923302544326331,down
OLFML2A,186,True,True,True,True,4,True,-0.5759614184271707,-0.6299294651260509,down
OPHN1,32,True,True,True,True,4,True,-0.48367175078664815,-0.6262245857142856,down
ORM1,32,True,True,True,True,4,True,-0.9594195096736694,-1.405596764510504,down
ORM2,177,True,True,True,True,4,True,-0.9171790590625578,-1.4370910885938366,down
OSBPL3,334,True,True,True,True,4,True,0.7588130163188601,0.7588130163188601,up
OSR2,285,True,True,True,True,4,True,0.6366242158916903,0.6099611222689076,up
OTUD7B,394,True,True,True,True,4,True,-0.4004194465210084,-0.4004194465210084,down
OTULINL,133,True,True,True,True,4,True,-1.1976032021316514,-1.1976032021316514,down
P2RY1,114,True,True,True,True,4,True,-1.4202006907021467,-1.537646939915966,down
P2RY10,156,True,True,True,True,4,True,0.5195205519169,0.3168594021008403,up
P3H2,133,True,True,True,True,4,True,-1.187684360786182,-1.187684360786182,down
P4HA3,57,True,True,True,True,4,True,0.853077059346405,1.2280967058823524,up
P4HTM,163,True,True,True,True,4,True,0.4093077223305322,0.4093077223305322,up
PACS1,227,True,True,True,True,4,True,0.23673566154014922,0.3657447423102238,up
PADI4,181,True,True,True,True,4,True,-0.8112741006610641,-1.2482674009915962,down
PAG1,160,True,True,True,True,4,True,-0.36255936522128857,-0.46381278865546216,down
PAK1,163,True,True,True,True,4,True,0.42093917735294073,0.42093917735294073,up
PALD1,370,True,True,True,True,4,True,-0.4756130412852477,-0.6305564113445375,down
PALS2,157,True,True,True,True,4,True,-0.3786662681820731,-0.3786662681820731,down
PAM,163,True,True,True,True,4,True,0.4096201514845943,0.4096201514845943,up
PAMR1,291,True,True,True,True,4,True,1.3259496884827267,1.3259496884827267,up
PAPPA,434,True,True,True,True,4,True,0.48450315349159606,0.5074508567226886,up
PAPSS2,132,True,True,True,True,4,True,-1.2339764311951449,-1.2339764311951449,down
PAQR7,83,True,True,True,True,4,True,0.32545886609897273,0.48242579914845907,up
PAQR8,13,True,True,True,True,4,True,0.228959132356675,0.3317411985350125,up
PARD3,157,True,True,True,True,4,True,-0.4455830465438833,-0.4455830465438833,down
PARD6B,2,True,True,True,True,4,True,-0.6964191629229693,-0.6964191629229693,down
PARP12,127,True,True,True,True,4,True,0.056245633100839874,0.15477344965125983,up
PAX9,55,True,True,True,True,4,True,0.337826232067693,0.49357181512604986,up
PBK,227,True,True,True,True,4,True,0.26766391914845905,0.45005212872268885,up
PBX3,324,True,True,True,True,4,True,0.6186806884705891,0.6186806884705891,up
PBXIP1,167,True,True,True,True,4,True,0.48007792767156865,0.48007792767156865,up
PCDH12,32,True,True,True,True,4,True,-0.4733033517278244,-0.6640064151260507,down
PCDH18,413,True,True,True,True,4,True,0.5971217368487386,0.754915105273108,up
PCDH7,130,True,True,True,True,4,True,1.3824472157226884,1.3824472157226884,up
PCK2,381,True,True,True,True,4,True,-0.1728593672002792,-0.3212316466386546,down
PCNX2,375,True,True,True,True,4,True,0.6959159450242768,0.6959159450242768,up
PCOLCE2,264,True,True,True,True,4,True,-0.11145562179318347,-0.6948127915966382,down
PCSK1N,273,True,True,True,True,4,True,0.6411668973431377,0.6411668973431377,up
PCSK9,151,True,True,True,True,4,True,-1.0110086304953312,-1.1408859491596637,down
PCTP,39,True,True,True,True,4,True,-0.5446540995065362,-0.7401947823529409,down
PCYOX1,5,True,True,True,True,4,True,-0.32172928703081205,-0.4492226508403358,down
PCYT2,39,True,True,True,True,4,True,-0.5607954080854346,-0.7443670042016813,down
PDCD4,224,True,True,True,True,4,True,0.21597751958590128,0.5378092201680674,up
PDE1A,158,True,True,True,True,4,True,0.8799638517250233,0.8454271781512603,up
PDE2A,331,True,True,True,True,4,True,0.335879520492998,0.36130776932773134,up
PDE7B,136,True,True,True,True,4,True,0.8677698276503275,0.8677698276503275,up
PDGFRA,133,True,True,True,True,4,True,-1.2027503305256766,-1.2027503305256766,down
PDGFRL,159,True,True,True,True,4,True,0.6021059408856209,0.8321057588235292,up
PDK1,372,True,True,True,True,4,True,0.4074528537619045,0.5832762806722686,up
PDK4,240,True,True,True,True,4,True,-1.235280137440708,-1.478735684033611,down
PDLIM3,354,True,True,True,True,4,True,0.8165098893188599,0.9747501962184875,up
PDLIM4,382,True,True,True,True,4,True,1.148106345095705,1.148106345095705,up
PDLIM5,237,True,True,True,True,4,True,0.18906031741363138,0.24028797612044706,up
PDLIM7,252,True,True,True,True,4,True,0.5638673950457517,0.5638673950457517,up
PDP2,388,True,True,True,True,4,True,-0.4111405438113913,-0.3325991878151261,down
PDPN,160,True,True,True,True,4,True,-0.38685459506115744,-0.46081439259173607,down
PDZD2,3,True,True,True,True,4,True,-0.8800999520256768,-0.8800999520256768,down
PEAK1,209,True,True,True,True,4,True,-0.36435171593884147,-0.42042164369747836,down
PEAR1,349,True,True,True,True,4,True,-0.5997888846690003,-0.6656864386554623,down
PEBP4,77,True,True,True,True,4,True,-1.6888667469402419,-1.6888667469402419,down
PECAM1,347,True,True,True,True,4,True,-0.39937041755368846,-0.434505753781512,down
PELI1,172,True,True,True,True,4,True,-0.5503759565046691,-0.8078039347570036,down
PELO,174,True,True,True,True,4,True,-0.33460324246031736,-0.3193689575630251,down
PEPD,22,True,True,True,True,4,True,-0.16419809514192307,-0.2993295831932772,down
PER1,48,True,True,True,True,4,True,-0.9843332369747908,-0.9843332369747908,down
PERP,438,True,True,True,True,4,True,0.5479323717007464,0.5479323717007464,up
PFKFB2,3,True,True,True,True,4,True,-0.8639565753580767,-0.8639565753580767,down
PFKFB3,181,True,True,True,True,4,True,-0.6217531660205416,-0.9910322490308126,down
PFKP,276,True,True,True,True,4,True,0.6441184557917833,0.6441184557917833,up
PGC,78,True,True,True,True,4,True,-1.7814546379486458,-1.7814546379486458,down
PGD,348,True,True,True,True,4,True,-0.6053939033253959,-0.6839021432773095,down
PGM2L1,136,True,True,True,True,4,True,0.8701404243800187,0.8701404243800187,up
PGM5,354,True,True,True,True,4,True,0.7260639611367878,0.9869346917051818,up
PGS1,395,True,True,True,True,4,True,-0.4994855626549946,-0.4994855626549946,down
PHACTR1,289,True,True,True,True,4,True,-0.7007874045592898,-0.7007874045592898,down
PHACTR3,12,True,True,True,True,4,True,-0.9141327440611575,-0.9141327440611575,down
PHACTR4,60,True,True,True,True,4,True,0.057649507169467186,-0.04318038361344595,down
PHC2,113,True,True,True,True,4,True,-0.5521268859486467,-0.5521268859486467,down
PHLDA3,396,True,True,True,True,4,True,0.5556050453267972,0.5556050453267972,up
PHLDB3,294,True,True,True,True,4,True,0.9686233156274511,0.9686233156274511,up
PHTF1,245,True,True,True,True,4,True,0.19381210094117615,0.20857113235294128,up
PHTF2,55,True,True,True,True,4,True,0.445328794457515,0.5006932823529404,up
PHYHD1,356,True,True,True,True,4,True,-0.2860139413193277,-0.43687505336134413,down
PIBF1,4,True,True,True,True,4,True,0.24058869753221357,0.25298179285714295,up
PID1,241,True,True,True,True,4,True,-0.3402046469640518,-0.4134378470588227,down
PIEZO1,41,True,True,True,True,4,True,-0.34498214281746037,-0.5142258659663864,down
PIEZO2,287,True,True,True,True,4,True,1.0308422702161535,1.0308422702161535,up
PIGA,151,True,True,True,True,4,True,-0.8270894095518205,-1.1265191143277309,down
PIGG,283,True,True,True,True,4,True,0.12625541370588073,0.12625541370588073,up
PIGU,434,True,True,True,True,4,True,0.3659713453599444,0.5175520180399165,up
PIK3C2A,219,True,True,True,True,4,True,-0.41104100123062554,-0.41104100123062554,down
PIK3CG,184,True,True,True,True,4,True,0.2966578272334264,0.2893348302521006,up
PIK3R1,71,True,True,True,True,4,True,-0.5343704545060695,-0.5969118281512603,down
PIK3R2,447,True,True,True,True,4,True,0.3070486153804866,0.3837416730707299,up
PIM1,341,True,True,True,True,4,True,-0.21631952269794474,-0.21631952269794474,down
PIM2,197,True,True,True,True,4,True,0.9729888239500465,1.4030371151260503,up
PINK1,178,True,True,True,True,4,True,-0.27541543570401505,-0.4185374361344544,down
PIP,42,True,True,True,True,4,True,1.115499288888889,1.5491313529411765,up
PIP5K1B,187,True,True,True,True,4,True,-1.077412336559757,-1.077412336559757,down
PITHD1,258,True,True,True,True,4,True,-0.21299302377217622,-0.2869096789915968,down
PITPNM1,277,True,True,True,True,4,True,0.45501107286461373,0.45501107286461373,up
PITPNM2,387,True,True,True,True,4,True,-0.24890101385994312,-0.319663595378151,down
PKDCC,39,True,True,True,True,4,True,-0.6285754387259561,-0.7487670659663854,down
PKIB,326,True,True,True,True,4,True,0.6932670797455646,0.6932670797455646,up
PKM,447,True,True,True,True,4,True,0.3792861797128846,0.5450167695693269,up
PKN1,381,True,True,True,True,4,True,-0.15845510008263353,-0.39895551722689115,down
PKN3,240,True,True,True,True,4,True,-0.3575415543912233,-0.4336576033613442,down
PKP4,296,True,True,True,True,4,True,0.31842042737488346,0.31842042737488346,up
PLA1A,148,True,True,True,True,4,True,-0.9750646731120446,-1.1895292319327728,down
PLA2G1B,36,True,True,True,True,4,True,-2.058622906500467,-2.058622906500467,down
PLA2G3,173,True,True,True,True,4,True,-0.6264367784117637,-0.6264367784117637,down
PLA2G4A,397,True,True,True,True,4,True,0.5066473015130718,0.5066473015130718,up
PLA2G4F,148,True,True,True,True,4,True,-0.9434442543445377,-1.220476977310924,down
PLA2G7,445,True,True,True,True,4,True,1.2125015468781513,1.3066745680672267,up
PLA2R1,124,True,True,True,True,4,True,0.3965298278655461,0.5687609917983192,up
PLAAT3,206,True,True,True,True,4,True,-0.49669994764799275,-0.7108921495798323,down
PLAG1,218,True,True,True,True,4,True,-0.6450326365690945,-0.6450326365690945,down
PLAU,123,True,True,True,True,4,True,0.6217499496858075,0.8081258075630251,up
PLCB1,392,True,True,True,True,4,True,0.3727733998258637,0.5033175997387955,up
PLCB2,128,True,True,True,True,4,True,-0.19852947016013064,-0.36048782352941167,down
PLCH2,6,True,True,True,True,4,True,0.6857333645971062,0.9153287239495803,up
PLCXD3,128,True,True,True,True,4,True,-0.2546910953608783,-0.44226552436974853,down
PLD1,200,True,True,True,True,4,True,0.39803157880298873,0.39803157880298873,up
PLEK2,19,True,True,True,True,4,True,0.37877086456489306,0.4407327634453785,up
PLEKHM1,269,True,True,True,True,4,True,-0.26600918501026954,-0.31088313067226836,down
PLEKHM3,33,True,True,True,True,4,True,-0.4302983230420163,-0.4691771281512602,down
PLEKHO1,127,True,True,True,True,4,True,0.13867194797012097,0.12148429873949651,up
PLEKHS1,119,True,True,True,True,4,True,1.7918166006055085,1.7918166006055085,up
PLIN2,207,True,True,True,True,4,True,-0.65073805337675,-0.7033475407563018,down
PLIN5,32,True,True,True,True,4,True,-0.8568014950196076,-0.8568014950196076,down
PLK2,372,True,True,True,True,4,True,0.6915017339187672,0.8757017365546216,up
PLK3,376,True,True,True,True,4,True,-0.25330341349999985,-0.4465188702499998,down
PLLP,133,True,True,True,True,4,True,-1.2120597920639593,-1.2120597920639593,down
PLN,309,True,True,True,True,4,True,1.070588639401027,1.070588639401027,up
PLOD2,227,True,True,True,True,4,True,0.3035708917189533,0.5043725999999988,up
PLOD3,341,True,True,True,True,4,True,-0.1362145489780567,-0.1362145489780567,down
PLPP2,291,True,True,True,True,4,True,1.269278409562559,1.269278409562559,up
PLPP5,372,True,True,True,True,4,True,0.39509298414752586,0.44370417478991664,up
PLPPR4,154,True,True,True,True,4,True,1.984262851101774,1.984262851101774,up
PLXDC1,361,True,True,True,True,4,True,1.1663152823361347,1.1663152823361347,up
PLXNA2,33,True,True,True,True,4,True,-0.44154274700093277,-0.5609557642857135,down
PLXNB1,396,True,True,True,True,4,True,0.4756327342366955,0.4756327342366955,up
PLXNB2,439,True,True,True,True,4,True,0.4854909731293177,0.4854909731293177,up
PMEPA1,385,True,True,True,True,4,True,0.7793733940985059,0.7793733940985059,up
PMM1,168,True,True,True,True,4,True,-0.6678869638183943,-0.7441197626050429,down
PNKD,212,True,True,True,True,4,True,-0.1543549773716152,-0.3271181151260499,down
PNMT,78,True,True,True,True,4,True,-1.853071218312792,-1.853071218312792,down
PNOC,6,True,True,True,True,4,True,0.6653833005662936,0.9378472907563026,up
PNPLA3,227,True,True,True,True,4,True,0.05854802005602289,0.0979257800840343,up
PNPLA6,66,True,True,True,True,4,True,0.12974572001633988,0.12974572001633988,up
PODNL1,224,True,True,True,True,4,True,0.300836246377217,0.5295171449579823,up
PODXL,241,True,True,True,True,4,True,-0.6045986577763779,-0.7504201697478995,down
POGLUT2,434,True,True,True,True,4,True,0.4010821572348274,0.486730735852241,up
POLK,66,True,True,True,True,4,True,0.18021149537301562,0.18021149537301562,up
POLR1H,22,True,True,True,True,4,True,0.13919655016806678,0.07896327436974773,up
POLR3H,27,True,True,True,True,4,True,-0.5997892340999055,-0.80080763445378,down
PON2,2,True,True,True,True,4,True,-0.5305364396825402,-0.5305364396825402,down
POR,212,True,True,True,True,4,True,-0.15768694333099806,-0.33485096722689023,down
POSTN,42,True,True,True,True,4,True,1.6380364407591046,1.623082505462186,up
POU2AF1,43,True,True,True,True,4,True,1.605593715986928,1.7983106058823528,up
PPARG,263,True,True,True,True,4,True,-0.20309946869280995,-0.4874891000000001,down
PPFIA2,143,True,True,True,True,4,True,0.4259226505205412,0.5412686995798317,up
PPFIBP1,38,True,True,True,True,4,True,-0.5030031622558351,-0.5542462878151255,down
PPIC,438,True,True,True,True,4,True,0.5716139221125123,0.5716139221125123,up
PPIL4,288,True,True,True,True,4,True,0.09201692169421054,0.1848498978991593,up
PPIP5K1,439,True,True,True,True,4,True,0.3855589664855268,0.3855589664855268,up
PPL,241,True,True,True,True,4,True,-0.38072238820681487,-0.5403837260504194,down
PPM1L,209,True,True,True,True,4,True,-0.2701817450630257,-0.2885375231092445,down
PPM1M,102,True,True,True,True,4,True,0.052382588611110815,0.11310263291666622,up
PPP1R12B,320,True,True,True,True,4,True,0.7254780209075617,0.7254780209075617,up
PPP1R14A,39,True,True,True,True,4,True,-0.771987004492997,-0.7552397252100831,down
PPP1R15A,241,True,True,True,True,4,True,-0.5560209227913157,-0.6484776341869734,down
PPP1R15B,128,True,True,True,True,4,True,-0.21231999956862824,-0.3857362493529424,down
PPP1R9B,230,True,True,True,True,4,True,0.2166738889733899,0.3113670834600848,up
PPP2CB,171,True,True,True,True,4,True,-0.26514095913632124,-0.3492373033613446,down
PPP2R2B,96,True,True,True,True,4,True,0.6072249011718022,0.6072249011718022,up
PPP2R3B,409,True,True,True,True,4,True,0.5511337383529404,0.5511337383529404,up
PPP2R5A,21,True,True,True,True,4,True,-0.38085187924603203,-0.5003987084033611,down
PRAG1,434,True,True,True,True,4,True,0.5442206369558824,0.5442206369558824,up
PRC1,196,True,True,True,True,4,True,0.2247809622007472,0.4065226933011208,up
PRCP,325,True,True,True,True,4,True,0.3830685170322139,0.3830685170322139,up
PRDX6,2,True,True,True,True,4,True,-0.5536705636134452,-0.5536705636134452,down
PRELP,240,True,True,True,True,4,True,-0.9251046753426707,-0.9733345369747906,down
PREX1,48,True,True,True,True,4,True,-0.863945174569095,-0.9787130277310937,down
PRIM2,295,True,True,True,True,4,True,0.24382872034733913,0.3611118305210086,up
PRKAA2,159,True,True,True,True,4,True,0.588687355766572,0.8317060336498581,up
PRKACB,375,True,True,True,True,4,True,0.6955411024369749,0.6955411024369749,up
PRKCD,356,True,True,True,True,4,True,-0.19498825321521926,-0.41675319285714263,down
PRKCE,26,True,True,True,True,4,True,-0.8558419084794581,-0.876000500420168,down
PRKCH,394,True,True,True,True,4,True,-0.3419549820564895,-0.3419549820564895,down
PRKCZ,0,True,True,True,True,4,True,-0.5960472551125114,-0.5960472551125114,down
PRKD1,100,True,True,True,True,4,True,-0.6070935674598504,-0.566199126890756,down
PROK2,115,True,True,True,True,4,True,-1.6322503748263293,-2.164880562239494,down
PROM1,43,True,True,True,True,4,True,1.9367615902268913,1.851672206722689,up
PROM2,354,True,True,True,True,4,True,0.7158714406676011,0.9761438201680674,up
PROSER2,257,True,True,True,True,4,True,-0.7477145307745106,-0.7477145307745106,down
PRPSAP1,62,True,True,True,True,4,True,-0.08775299582493064,-0.3016298684873949,down
PRR15,106,True,True,True,True,4,True,0.9243907067226891,0.9243907067226891,up
PRR15L,378,True,True,True,True,4,True,-0.6224506773216615,-0.9622356008403357,down
PRR16,0,True,True,True,True,4,True,-0.6280901117978525,-0.6280901117978525,down
PRR5L,276,True,True,True,True,4,True,0.3790508663104575,0.3790508663104575,up
PRRX1,286,True,True,True,True,4,True,0.6394491572226888,0.62338592184874,up
PRSS1,202,True,True,True,True,4,True,0.2474951945378152,0.2474951945378152,up
PRSS12,130,True,True,True,True,4,True,1.3806909987913165,1.3806909987913165,up
PRSS2,259,True,True,True,True,4,True,0.9960345909967319,0.9960345909967319,up
PRSS22,295,True,True,True,True,4,True,0.31688435296638623,0.4141833621848737,up
PRTFDC1,259,True,True,True,True,4,True,1.0056239319369755,1.0056239319369755,up
PRUNE2,355,True,True,True,True,4,True,0.7748091435812324,0.961381789915966,up
PRX,75,True,True,True,True,4,True,-1.3734995228702145,-1.3734995228702145,down
PSCA,325,True,True,True,True,4,True,0.9196507375154056,0.9196507375154056,up
PSD3,290,True,True,True,True,4,True,1.2244562060695605,1.2244562060695605,up
PSMA6,134,True,True,True,True,4,True,-0.32859822100840286,-0.32859822100840286,down
PSMC5,212,True,True,True,True,4,True,-0.22571228960317483,-0.34606553739495804,down
PTDSS1,128,True,True,True,True,4,True,-0.10819152494864592,-0.20649764663865594,down
PTGDS,68,True,True,True,True,4,True,0.8372629748706816,0.8372629748706816,up
PTGER4,167,True,True,True,True,4,True,0.39079263646685386,0.47926595756302537,up
PTGFRN,309,True,True,True,True,4,True,1.0826835217100836,1.0826835217100836,up
PTGS2,65,True,True,True,True,4,True,0.20008182212044753,0.20008182212044753,up
PTH1R,49,True,True,True,True,4,True,-0.6047400298235301,-0.8384710558823535,down
PTHLH,54,True,True,True,True,4,True,0.35814647660784305,0.5117948294117647,up
PTK7,200,True,True,True,True,4,True,0.39441849133940216,0.39441849133940216,up
PTPA,444,True,True,True,True,4,True,0.34729514680392093,0.34729514680392093,up
PTPMT1,52,True,True,True,True,4,True,0.0680235007843141,0.0680235007843141,up
PTPN12,394,True,True,True,True,4,True,-0.4326811629467781,-0.4326811629467781,down
PTPN20,192,True,True,True,True,4,True,0.12177746878664909,0.23261257983193376,up
PTPN21,241,True,True,True,True,4,True,-0.5681828892091499,-0.6823054352941179,down
PTPRB,75,True,True,True,True,4,True,-1.3809278584509794,-1.3809278584509794,down
PTPRG,187,True,True,True,True,4,True,-1.0729882939467783,-1.0729882939467783,down
PTPRM,193,True,True,True,True,4,True,-0.8426179724126985,-0.8426179724126985,down
PTPRS,240,True,True,True,True,4,True,-0.6210239119010272,-0.6362275033613451,down
PXDC1,389,True,True,True,True,4,True,-0.38273160105275367,-0.42339615157913046,down
PXDNL,444,True,True,True,True,4,True,0.29181666281862717,0.29181666281862717,up
PXMP4,178,True,True,True,True,4,True,-0.2766818743403363,-0.45539915714285717,down
PYROXD2,351,True,True,True,True,4,True,0.4371539998767502,0.6158284998151253,up
PZP,428,True,True,True,True,4,True,0.6529353290420172,0.7494754935630259,up
QDPR,242,True,True,True,True,4,True,-0.31671057210177417,-0.5403863453781521,down
QKI,371,True,True,True,True,4,True,-0.4687986530256764,-0.6086222105042021,down
QSER1,374,True,True,True,True,4,True,0.30592355552754374,0.43096033329131567,up
RAB11FIP1,161,True,True,True,True,4,True,-0.42199265146311804,-0.4831887063025204,down
RAB17,207,True,True,True,True,4,True,-0.587546841949113,-0.6983829626050423,down
RAB20,134,True,True,True,True,4,True,-0.4287740512563026,-0.45130107688445387,down
RAB23,96,True,True,True,True,4,True,0.6042182024145655,0.6042182024145655,up
RAB30,94,True,True,True,True,4,True,0.6264335620289447,0.6264335620289447,up
RAB34,447,True,True,True,True,4,True,0.5052252893088246,0.5052252893088246,up
RAB3C,117,True,True,True,True,4,True,0.3100242921545284,0.5213381760504201,up
RAB7B,445,True,True,True,True,4,True,1.2775612966029408,1.2775612966029408,up
RAB9B,9,True,True,True,True,4,True,0.319026567753035,0.3656761126050425,up
RABEP2,337,True,True,True,True,4,True,0.2634224006617647,0.2634224006617647,up
RABGAP1L,293,True,True,True,True,4,True,0.19695789522969176,0.199736814285714,up
RAD21,170,True,True,True,True,4,True,-0.34279523857609706,-0.40556198193277304,down
RAI14,305,True,True,True,True,4,True,0.3157800901302522,0.3157800901302522,up
RALA,177,True,True,True,True,4,True,-0.26270197465172695,-0.4177977949579833,down
RALGAPA2,395,True,True,True,True,4,True,-0.4925576779864609,-0.4925576779864609,down
RAMP2,111,True,True,True,True,4,True,-0.004812711725490286,0.04970870299999952,up
RAMP3,263,True,True,True,True,4,True,-0.4819354611479923,-0.7365385554621845,down
RAP1GAP,97,True,True,True,True,4,True,-0.14098359286554663,-0.21084395168067266,down
RAPGEF4,41,True,True,True,True,4,True,-0.6712933867787118,-0.5120672260504204,down
RAPGEF5,391,True,True,True,True,4,True,-0.9797454879360404,-0.9797454879360404,down
RAPH1,189,True,True,True,True,4,True,-0.5362298380532221,-0.5362298380532221,down
RASD2,447,True,True,True,True,4,True,0.19819506820168006,0.20530557394957963,up
RASGRP1,57,True,True,True,True,4,True,1.0933991443468718,1.2015362365546223,up
RASGRP2,41,True,True,True,True,4,True,-0.4298053088286644,-0.5138742132429965,down
RASGRP4,430,True,True,True,True,4,True,-0.33456011683940257,-0.37225149285714265,down
RASIP1,41,True,True,True,True,4,True,-0.5541261166624651,-0.5148015386554625,down
RBKS,53,True,True,True,True,4,True,0.4265282119094305,0.4636636731092432,up
RBM24,156,True,True,True,True,4,True,0.372306568536881,0.3173717613445372,up
RBM38,447,True,True,True,True,4,True,0.4324863373970589,0.4324863373970589,up
RBMS2,431,True,True,True,True,4,True,-0.33272543411858074,-0.3800210172268908,down
RBP1,444,True,True,True,True,4,True,0.38032872130905665,0.43312058196358505,up
RBP5,414,True,True,True,True,4,True,0.6148154769491135,0.5921565361344547,up
RCAN2,93,True,True,True,True,4,True,0.649709067808124,0.649709067808124,up
RCAN3,265,True,True,True,True,4,True,0.5019815967105504,0.5019815967105504,up
RCBTB2,396,True,True,True,True,4,True,0.3975316342376282,0.3975316342376282,up
RCC2,237,True,True,True,True,4,True,0.2949060407990206,0.2949060407990206,up
RCL1,388,True,True,True,True,4,True,-0.341181420513539,-0.3610034189075635,down
RDX,5,True,True,True,True,4,True,-0.2401460981092435,-0.3542551773109238,down
RELN,126,True,True,True,True,4,True,0.1209366728244637,0.29821603193277413,up
RENBP,242,True,True,True,True,4,True,-0.21278596376750714,-0.501638978151261,down
REPS2,193,True,True,True,True,4,True,-0.8301019693366015,-0.8301019693366015,down
RFK,185,True,True,True,True,4,True,0.4260675998832864,0.4291211378151266,up
RFX5,233,True,True,True,True,4,True,0.4500575257749761,0.4500575257749761,up
RGCC,49,True,True,True,True,4,True,-0.7500815350046693,-0.833542421428572,down
RGL3,104,True,True,True,True,4,True,-0.2273380231153124,-0.431343864285714,down
RGN,257,True,True,True,True,4,True,-0.6384807438202622,-0.7834154000000011,down
RGS1,311,True,True,True,True,4,True,0.4806208652469663,1.13342276092437,up
RGS10,277,True,True,True,True,4,True,0.5546437450429503,0.5546437450429503,up
RGS13,287,True,True,True,True,4,True,1.0375400407745097,1.0375400407745097,up
RGS16,357,True,True,True,True,4,True,-0.3951388864925296,-0.7404095797387944,down
RGS17,313,True,True,True,True,4,True,0.4666671459117649,0.4666671459117649,up
RGS2,177,True,True,True,True,4,True,-0.4953406202941169,-0.9684021804411755,down
RGS4,396,True,True,True,True,4,True,0.6089069744038285,0.6089069744038285,up
RHBDL2,123,True,True,True,True,4,True,0.5672913950373478,0.8207386273109238,up
RHOBTB2,48,True,True,True,True,4,True,-0.7903664870644254,-1.0087293415966385,down
RHOBTB3,330,True,True,True,True,4,True,-0.2475759219845927,-0.28530503487394876,down
RHOF,175,True,True,True,True,4,True,-0.30246938869047674,-0.38482908303571506,down
RHOH,342,True,True,True,True,4,True,0.13523553785714326,0.689665914285715,up
RHOV,135,True,True,True,True,4,True,0.8939344218776847,0.8939344218776847,up
RHPN2,80,True,True,True,True,4,True,0.3184873994967314,0.3057075999999995,up
RIDA,352,True,True,True,True,4,True,-0.785134037706349,-0.785134037706349,down
RILPL2,113,True,True,True,True,4,True,-0.5304870635840342,-0.5304870635840342,down
RIMKLA,0,True,True,True,True,4,True,-0.6317737673281979,-0.6317737673281979,down
RIN2,38,True,True,True,True,4,True,-0.37189395504575123,-0.5477857382352931,down
RIPK4,396,True,True,True,True,4,True,0.3607621874808596,0.3607621874808596,up
RIPOR3,370,True,True,True,True,4,True,-0.4411599876493932,-0.6335312314740897,down
RMC1,394,True,True,True,True,4,True,-0.38660569868113953,-0.38660569868113953,down
RMDN3,341,True,True,True,True,4,True,-0.08268461398039147,-0.08268461398039147,down
RNASE2,77,True,True,True,True,4,True,-1.53912277957563,-1.53912277957563,down
RNASE3,255,True,True,True,True,4,True,-0.5141114540728288,-0.5688969436974787,down
RNASE4,216,True,True,True,True,4,True,-0.3358251899481788,-0.35210446302520954,down
RNF122,102,True,True,True,True,4,True,-0.08355541118720855,0.08393809159663868,up
RNF128,209,True,True,True,True,4,True,-0.546703778825397,-0.6598683021008411,down
RNF144B,39,True,True,True,True,4,True,-0.6228782127815128,-0.7517449953781519,down
RNF145,217,True,True,True,True,4,True,-0.30769511978991493,-0.30769511978991493,down
RNF150,84,True,True,True,True,4,True,0.7012670887875817,0.7012670887875817,up
RNF182,150,True,True,True,True,4,True,-1.1038903939990667,-1.1609464915966385,down
RNF185,175,True,True,True,True,4,True,-0.18992559904295034,-0.22822054831932717,down
RNH1,271,True,True,True,True,4,True,-0.19489547712418387,-0.38326032058823595,down
ROBO1,287,True,True,True,True,4,True,1.0274241158604107,1.0274241158604107,up
ROBO2,291,True,True,True,True,4,True,1.2976373623613446,1.2976373623613446,up
ROBO4,39,True,True,True,True,4,True,-0.6399006377460313,-0.7432280407563021,down
ROCK2,157,True,True,True,True,4,True,-0.3653967804869287,-0.3653967804869287,down
ROGDI,80,True,True,True,True,4,True,0.576193484044118,0.576193484044118,up
ROR2,326,True,True,True,True,4,True,0.5056585444061622,0.5056585444061622,up
RPAP3,444,True,True,True,True,4,True,0.3974504123370675,0.3868807659663853,up
RPGR,217,True,True,True,True,4,True,-0.6489935020616258,-0.6489935020616258,down
RPGRIP1L,136,True,True,True,True,4,True,0.8658052835312793,0.8658052835312793,up
RPRD2,166,True,True,True,True,4,True,0.27862664526984027,0.40199746790476043,up
RPS27L,276,True,True,True,True,4,True,0.5062381084080294,0.5062381084080294,up
RPS6KA1,271,True,True,True,True,4,True,-0.1752526587684401,-0.38737355420168057,down
RPS6KA2,390,True,True,True,True,4,True,-0.9957808268590097,-0.9957808268590097,down
RRAD,424,True,True,True,True,4,True,0.3181584157483653,0.4661023264705877,up
RRAS,350,True,True,True,True,4,True,-0.4765102640093371,-0.6430860810924373,down
RRBP1,277,True,True,True,True,4,True,0.4464822208725485,0.4464822208725485,up
RRM2,31,True,True,True,True,4,True,0.45925636222642413,0.6592207933396361,up
RRM2B,439,True,True,True,True,4,True,0.48621957780672337,0.48621957780672337,up
RRP9,422,True,True,True,True,4,True,-0.2753401829028952,-0.4031026848739502,down
RTKN2,240,True,True,True,True,4,True,-1.3632900437236228,-1.624441436134454,down
RTP4,445,True,True,True,True,4,True,0.6518750953403359,0.7823588930105041,up
RUBCNL,284,True,True,True,True,4,True,0.26621649522082214,0.6033518873949582,up
RUNX1,351,True,True,True,True,4,True,0.6700756407563021,0.6700756407563021,up
RUSC2,97,True,True,True,True,4,True,-0.22004756521288527,-0.30914796008403356,down
RXFP1,391,True,True,True,True,4,True,-0.9777713053127911,-0.9777713053127911,down
RYBP,2,True,True,True,True,4,True,-0.47472555578618075,-0.47472555578618075,down
RYR3,163,True,True,True,True,4,True,0.4210967248183937,0.4210967248183937,up
S100A12,36,True,True,True,True,4,True,-2.7214042906643328,-2.7214042906643328,down
S100A14,222,True,True,True,True,4,True,-0.49384312517787093,-0.5715472243697481,down
S100A2,195,True,True,True,True,4,True,2.1756326520555564,2.1756326520555564,up
S100A4,376,True,True,True,True,4,True,-0.2597578899206339,-0.4797906151260496,down
S100A8,77,True,True,True,True,4,True,-1.636570366316527,-1.636570366316527,down
S100B,313,True,True,True,True,4,True,0.43608744836928093,0.497320561764706,up
S1PR1,146,True,True,True,True,4,True,-1.112235217125584,-1.112235217125584,down
SACK1A,372,True,True,True,True,4,True,0.2721679768146596,0.2833161436974794,up
SACK1D,197,True,True,True,True,4,True,1.0698584700438845,1.352755512605042,up
SACK1H,61,True,True,True,True,4,True,-0.05397267334733955,-0.21612580546218527,down
SACM1L,209,True,True,True,True,4,True,-0.26398924743464147,-0.3385858235294127,down
SACS,393,True,True,True,True,4,True,0.45793337613912294,0.5254057991596641,up
SAMD3,369,True,True,True,True,4,True,0.41036695328244654,0.41036695328244654,up
SANBR,321,True,True,True,True,4,True,0.7120993788151252,0.7120993788151252,up
SASH1,3,True,True,True,True,4,True,-0.870765269854342,-0.870765269854342,down
SBNO2,118,True,True,True,True,4,True,-0.08124235819047682,0.014778809243697205,up
SC5D,189,True,True,True,True,4,True,-0.537179819176003,-0.537179819176003,down
SCARA3,136,True,True,True,True,4,True,0.859742543130719,0.859742543130719,up
SCARF2,227,True,True,True,True,4,True,0.1524924233604109,0.061505823109244184,up
SCCPDH,37,True,True,True,True,4,True,0.4813660838571427,0.5853628757857141,up
SCEL,217,True,True,True,True,4,True,-0.9208030631083096,-0.9208030631083096,down
SCG2,393,True,True,True,True,4,True,0.6827651795882353,0.6827651795882353,up
SCG5,165,True,True,True,True,4,True,1.4685374000270777,1.4685374000270777,up
SCN1A,50,True,True,True,True,4,True,-0.8589880059948651,-0.8181075802521008,down
SCN4B,304,True,True,True,True,4,True,0.8041417083053221,0.8041417083053221,up
SCN7A,105,True,True,True,True,4,True,-1.2496016709295046,-1.2496016709295046,down
SCNN1A,49,True,True,True,True,4,True,-0.6685843035154061,-0.8410260092436972,down
SCPEP1,447,True,True,True,True,4,True,0.3637250372656396,0.40378255589845935,up
SCUBE2,281,True,True,True,True,4,True,0.47077671795284726,0.47077671795284726,up
SDC1,299,True,True,True,True,4,True,0.7501279832324927,0.7501279832324927,up
SDCCAG8,172,True,True,True,True,4,True,-0.2800211357254907,-0.4159223941176481,down
SDHB,388,True,True,True,True,4,True,-0.3329163839771241,-0.35043672647058866,down
SDK2,297,True,True,True,True,4,True,0.5075886067432305,0.5075886067432305,up
SDR16C5,78,True,True,True,True,4,True,-1.7632695412091508,-1.7632695412091508,down
SEC11C,448,True,True,True,True,4,True,0.43188049451307126,0.5360745117647054,up
SEC14L1,370,True,True,True,True,4,True,-0.5413115004038275,-0.6311336491596635,down
SEC14L4,148,True,True,True,True,4,True,-1.1984930972334271,-1.2228082449579836,down
SECISBP2L,33,True,True,True,True,4,True,-0.3647139702689075,-0.5248981466386551,down
SEL1L3,136,True,True,True,True,4,True,0.862363190940243,0.862363190940243,up
SELENBP1,210,True,True,True,True,4,True,-0.4373373174827265,-0.6167789651260505,down
SELENOK,128,True,True,True,True,4,True,-0.13785622602520964,-0.29195058903781446,down
SELENOW,96,True,True,True,True,4,True,0.605603167184874,0.605603167184874,up
SELP,138,True,True,True,True,4,True,0.6168906106563942,0.6549275163865533,up
SEMA3A,304,True,True,True,True,4,True,0.5427634625438847,0.5427634625438847,up
SEMA3C,322,True,True,True,True,4,True,0.730237581830532,0.730237581830532,up
SEMA3D,362,True,True,True,True,4,True,0.7701568278062557,0.7701568278062557,up
SEMA6B,20,True,True,True,True,4,True,-0.0011301978398691552,0.04468252058823541,up
SENP2,255,True,True,True,True,4,True,-0.26365335446311833,-0.34866753169467746,down
SEPTIN1,302,True,True,True,True,4,True,0.5389469075112046,0.5389469075112046,up
SEPTIN10,70,True,True,True,True,4,True,-0.27345461915966257,-0.3452257487394945,down
SEPTIN6,438,True,True,True,True,4,True,0.566825454099907,0.566825454099907,up
SEPTIN9,13,True,True,True,True,4,True,0.2816616861764698,0.2816616861764698,up
SERF1B,358,True,True,True,True,4,True,-0.23076825138889046,-0.34924774411764714,down
SERINC2,302,True,True,True,True,4,True,0.5699231701755371,0.5699231701755371,up
SERPINA3,77,True,True,True,True,4,True,-1.5646344141615323,-1.5646344141615323,down
SERPINB13,85,True,True,True,True,4,True,0.6175316279477122,0.5307415117647059,up
SERPINB3,43,True,True,True,True,4,True,1.6182330917726422,1.76620088907563,up
SERPINB5,42,True,True,True,True,4,True,1.063526770659197,1.5463514059887957,up
SERPIND1,154,True,True,True,True,4,True,1.9745164235004664,1.9745164235004664,up
SERPINE2,397,True,True,True,True,4,True,0.6705563967805789,0.6705563967805789,up
SERPINF1,79,True,True,True,True,4,True,0.7779752731129782,0.7752022285714284,up
SERPINF2,395,True,True,True,True,4,True,-0.4964492253188608,-0.4964492253188608,down
SERPING1,169,True,True,True,True,4,True,-0.29370938073762876,-0.356452329831932,down
SERPINI1,84,True,True,True,True,4,True,0.7035012376769373,0.7035012376769373,up
SERPINI2,106,True,True,True,True,4,True,0.9239662783366013,0.9239662783366013,up
SERTAD2,372,True,True,True,True,4,True,0.2616514319220357,0.36857403067226874,up
SERTAD4,362,True,True,True,True,4,True,0.7695818623604102,0.7695818623604102,up
SERTM1,26,True,True,True,True,4,True,-0.8606368941321186,-0.8683605537815118,down
SESTD1,113,True,True,True,True,4,True,-0.544814066343605,-0.544814066343605,down
SETD4,25,True,True,True,True,4,True,0.019733010097105857,-0.08907112310924287,down
SFRP1,447,True,True,True,True,4,True,0.5441696224126985,0.7689429966386557,up
SFRP2,194,True,True,True,True,4,True,3.266161326292251,3.266161326292251,up
SFRP4,301,True,True,True,True,4,True,1.708707163793652,1.708707163793652,up
SFTA2,349,True,True,True,True,4,True,-0.65333720335761,-0.6683480390756302,down
SFTPA2,240,True,True,True,True,4,True,-0.5042287757983189,-0.5829970084033599,down
SGF29,378,True,True,True,True,4,True,-0.22211312136647987,-0.3581647777310925,down
SGPL1,277,True,True,True,True,4,True,0.42461192209803905,0.42461192209803905,up
SH2D1A,448,True,True,True,True,4,True,0.34242181375116704,0.5090856663865546,up
SH2D3C,48,True,True,True,True,4,True,-0.7638825105037355,-0.9539462394957987,down
SH3BGRL,238,True,True,True,True,4,True,0.4433977042156849,0.4433977042156849,up
SH3BP5,289,True,True,True,True,4,True,-0.6935764089682536,-0.6935764089682536,down
SH3D19,175,True,True,True,True,4,True,-0.4322745290868341,-0.45159926092436864,down
SH3PXD2A,235,True,True,True,True,4,True,0.5517081315588249,0.5517081315588249,up
SHC4,201,True,True,True,True,4,True,0.34784152901820714,0.34784152901820714,up
SHE,352,True,True,True,True,4,True,-0.7709587067026139,-0.7709587067026139,down
SHROOM4,209,True,True,True,True,4,True,-0.30882826624323007,-0.4526932920168061,down
SIDT1,399,True,True,True,True,4,True,0.6780369880578888,0.6780369880578888,up
SIGLEC10,133,True,True,True,True,4,True,-1.2007391192889811,-1.2007391192889811,down
SIGLEC5,193,True,True,True,True,4,True,-0.8246689436596641,-0.8246689436596641,down
SIRAL2,243,True,True,True,True,4,True,0.4233390796120446,0.5255436194180669,up
SIRPG,202,True,True,True,True,4,True,0.3071184811176467,0.33329096764705873,up
SIT1,351,True,True,True,True,4,True,0.471738852026143,0.6460778235294116,up
SIX1,274,True,True,True,True,4,True,1.5578390018067225,1.5578390018067225,up
SKAP1,299,True,True,True,True,4,True,0.729333657542483,0.729333657542483,up
SLA2,102,True,True,True,True,4,True,0.010734961509336838,0.08464239579831889,up
SLAIN1,147,True,True,True,True,4,True,-0.4209821628692813,-0.4209821628692813,down
SLAMF1,372,True,True,True,True,4,True,0.5292761946722692,0.7795267063025215,up
SLAMF7,119,True,True,True,True,4,True,1.8390785961022411,1.8390785961022411,up
SLC12A8,22,True,True,True,True,4,True,-0.05372578453921526,-0.025429579411763853,down
SLC15A3,307,True,True,True,True,4,True,0.119722789326331,0.2063704339894965,up
SLC16A12,32,True,True,True,True,4,True,-0.6556414747899162,-0.6556414747899162,down
SLC16A14,99,True,True,True,True,4,True,0.5743926403211946,0.46602852016806673,up
SLC16A2,277,True,True,True,True,4,True,0.5249188770121375,0.5249188770121375,up
SLC16A4,392,True,True,True,True,4,True,0.32174812142203496,0.4446809321330525,up
SLC16A9,299,True,True,True,True,4,True,0.4405934198562085,0.4405934198562085,up
SLC18A2,428,True,True,True,True,4,True,0.8156206265284776,0.7456102004201675,up
SLC19A2,148,True,True,True,True,4,True,-0.9720522790074696,-1.2017659185112044,down
SLC19A3,150,True,True,True,True,4,True,-0.9077488295774975,-1.1661130415966388,down
SLC1A1,105,True,True,True,True,4,True,-1.2527700952212883,-1.2527700952212883,down
SLC22A15,0,True,True,True,True,4,True,-0.6226954539178342,-0.6226954539178342,down
SLC22A23,416,True,True,True,True,4,True,0.591470288854341,0.591470288854341,up
SLC22A3,257,True,True,True,True,4,True,-0.4875583680639582,-0.5793398462184869,down
SLC24A3,282,True,True,True,True,4,True,0.3882178479589175,0.3882178479589175,up
SLC25A12,232,True,True,True,True,4,True,0.43834165774883255,0.43834165774883255,up
SLC25A16,394,True,True,True,True,4,True,-0.42220748700513466,-0.42220748700513466,down
SLC25A24,256,True,True,True,True,4,True,-0.3580130094589173,-0.37062908025210073,down
SLC25A25,380,True,True,True,True,4,True,-0.43912038189122393,-0.7113318228368359,down
SLC25A33,380,True,True,True,True,4,True,-0.3709462137460319,-0.5608505706190479,down
SLC25A5,394,True,True,True,True,4,True,-0.42386151377684333,-0.42386151377684333,down
SLC25A6,175,True,True,True,True,4,True,-0.16622150295518215,-0.23069759075630253,down
SLC27A1,167,True,True,True,True,4,True,0.4721077710931373,0.4721077710931373,up
SLC27A2,198,True,True,True,True,4,True,1.2719186910284783,1.3123408768907563,up
SLC27A3,48,True,True,True,True,4,True,-0.7708944958772176,-0.9678572684873947,down
SLC28A3,439,True,True,True,True,4,True,0.6123189982422972,0.6123189982422972,up
SLC29A3,296,True,True,True,True,4,True,0.5200391714379088,0.5200391714379088,up
SLC2A3,341,True,True,True,True,4,True,-0.6337947558272643,-0.6337947558272643,down
SLC35D2,256,True,True,True,True,4,True,-0.2834808337068159,-0.38916765840336176,down
SLC35E3,376,True,True,True,True,4,True,-0.20150581467227,-0.34258087100840373,down
SLC35F2,335,True,True,True,True,4,True,0.7535072896283846,0.7535072896283846,up
SLC36A4,104,True,True,True,True,4,True,-0.3004689483646133,-0.49493967254691995,down
SLC38A2,240,True,True,True,True,4,True,-0.3820983409710555,-0.4936875114565833,down
SLC38A9,13,True,True,True,True,4,True,0.2868877454500474,0.23119539453781646,up
SLC39A1,97,True,True,True,True,4,True,-0.2760462967647064,-0.2760462967647064,down
SLC39A6,298,True,True,True,True,4,True,0.4637733218646127,0.4637733218646127,up
SLC39A8,75,True,True,True,True,4,True,-1.3304662090392156,-1.3304662090392156,down
SLC3A2,395,True,True,True,True,4,True,-0.4590822700013999,-0.4590822700013999,down
SLC43A1,431,True,True,True,True,4,True,-0.4292880780424834,-0.3855477617647056,down
SLC44A2,356,True,True,True,True,4,True,-0.3077088678618127,-0.47926286218487424,down
SLC44A4,309,True,True,True,True,4,True,1.0692295135536887,1.0692295135536887,up
SLC45A3,322,True,True,True,True,4,True,0.7358268348440706,0.7358268348440706,up
SLC46A2,39,True,True,True,True,4,True,-0.5282734586619982,-0.7446465756302516,down
SLC46A3,279,True,True,True,True,4,True,0.3604445784047619,0.3604445784047619,up
SLC47A1,324,True,True,True,True,4,True,0.5170426227362284,0.772761125700981,up
SLC4A11,135,True,True,True,True,4,True,0.8800167240466853,0.8800167240466853,up
SLC4A4,335,True,True,True,True,4,True,0.7511590850873023,0.7511590850873023,up
SLC4A7,288,True,True,True,True,4,True,0.35172211375490164,0.5673090647058822,up
SLC52A1,235,True,True,True,True,4,True,0.5154884163186274,0.5154884163186274,up
SLC5A5,410,True,True,True,True,4,True,0.18768503652427648,0.2341461861344541,up
SLC60A2,236,True,True,True,True,4,True,0.24100530380952334,0.354365455714285,up
SLC68A1,206,True,True,True,True,4,True,-0.5834060225952379,-0.7151618218487388,down
SLC6A1,299,True,True,True,True,4,True,0.5436086535676937,0.5436086535676937,up
SLC6A4,115,True,True,True,True,4,True,-2.18046999348226,-2.7155972550420175,down
SLC75A1,253,True,True,True,True,4,True,0.22235318957843078,0.22235318957843078,up
SLC7A11,32,True,True,True,True,4,True,-1.0602534141101767,-1.541126371165265,down
SLC7A7,180,True,True,True,True,4,True,-0.4464324269654525,-0.7129134214285717,down
SLC7A8,209,True,True,True,True,4,True,-0.19447429332352908,-0.2910464147058816,down
SLC8A1,278,True,True,True,True,4,True,0.5537807180518203,0.5537807180518203,up
SLC9A1,24,True,True,True,True,4,True,0.01810194865312888,0.06137917297969331,up
SLC9A7,278,True,True,True,True,4,True,0.344241364878151,0.344241364878151,up
SLCO1B3,295,True,True,True,True,4,True,0.21368658126610632,0.3192957861344533,up
SLCO2A1,105,True,True,True,True,4,True,-1.2719772585326792,-1.2719772585326792,down
SLCO4A1,36,True,True,True,True,4,True,-2.5659089851325865,-2.5659089851325865,down
SLCO4C1,76,True,True,True,True,4,True,-1.4744781399108315,-1.4744781399108315,down
SLFN13,92,True,True,True,True,4,True,0.9727677814472456,0.9727677814472456,up
SLIT2,47,True,True,True,True,4,True,-0.8169321238309978,-0.9372942878151251,down
SLITRK3,224,True,True,True,True,4,True,0.2581408474631192,0.39337152983193324,up
SLMAP,288,True,True,True,True,4,True,0.16851114849626528,0.300472781092437,up
SLN,291,True,True,True,True,4,True,1.3051328369654531,1.3051328369654531,up
SLX4IP,37,True,True,True,True,4,True,0.4002554931013069,0.5659082396519604,up
SMAD1,392,True,True,True,True,4,True,0.5009500106414563,0.515967911344538,up
SMAD6,181,True,True,True,True,4,True,-0.877427118220822,-1.323229846218488,down
SMAD7,180,True,True,True,True,4,True,-0.32274196752194206,-0.6407579063025205,down
SMAP2,168,True,True,True,True,4,True,-0.504853369051354,-0.7331588035770311,down
SMARCA1,156,True,True,True,True,4,True,0.28005986818020595,0.3244459071428577,up
SMARCC1,448,True,True,True,True,4,True,0.5267244038676467,0.5267244038676467,up
SMC6,299,True,True,True,True,4,True,0.35194046725770267,0.35194046725770267,up
SMIM3,137,True,True,True,True,4,True,-0.6969706188431369,-0.6969706188431369,down
SMO,6,True,True,True,True,4,True,0.636096721840336,0.9359678512605043,up
SMOC1,342,True,True,True,True,4,True,0.27796356945144735,0.44830379831932743,up
SMOC2,373,True,True,True,True,4,True,0.9217012112502334,0.9747642785714283,up
SMPD3,182,True,True,True,True,4,True,0.5918395274341732,0.7266132075630248,up
SNAP25,54,True,True,True,True,4,True,0.4157687546839402,0.515361767226891,up
SNAPC1,312,True,True,True,True,4,True,0.20728817366433253,0.36911235840336154,up
SNCAIP,399,True,True,True,True,4,True,0.6798904647343598,0.6798904647343598,up
SNED1,392,True,True,True,True,4,True,0.4740977351690006,0.4334431180672269,up
SNRK,170,True,True,True,True,4,True,-0.3006099408417366,-0.4508961612626048,down
SNX22,394,True,True,True,True,4,True,-0.4470552162012143,-0.4470552162012143,down
SNX24,330,True,True,True,True,4,True,-0.28749985252287685,-0.43015112647058973,down
SNX27,253,True,True,True,True,4,True,-0.11092415668137262,-0.11092415668137262,down
SNX9,232,True,True,True,True,4,True,0.44204979385854265,0.44204979385854265,up
SOAT1,25,True,True,True,True,4,True,-0.0235793599402427,0.011962210089635938,up
SOBP,299,True,True,True,True,4,True,0.5527026550588233,0.5527026550588233,up
SOCS3,356,True,True,True,True,4,True,-0.8479694037404294,-1.5120216056106437,down
SOD2,377,True,True,True,True,4,True,-0.5918739078496735,-0.8918596117745103,down
SORCS2,429,True,True,True,True,4,True,0.5445821723725494,0.5445821723725494,up
SORD,68,True,True,True,True,4,True,0.839201630328199,0.839201630328199,up
SORT1,27,True,True,True,True,4,True,-0.6164799799640518,-0.7930384235294108,down
SOSTDC1,263,True,True,True,True,4,True,-0.7501819609995332,-1.1981752369747896,down
SOX13,240,True,True,True,True,4,True,-0.4099218893944909,-0.586953821008403,down
SOX17,174,True,True,True,True,4,True,-0.3331453757773108,-0.4064180636659662,down
SOX2,300,True,True,True,True,4,True,1.6472572486083097,1.6472572486083097,up
SOX4,92,True,True,True,True,4,True,0.9678051245971054,0.9678051245971054,up
SOX7,137,True,True,True,True,4,True,-0.5695457050219427,-0.7268335575329141,down
SP140,138,True,True,True,True,4,True,0.627003076697945,0.7334887550420157,up
SPAG16,93,True,True,True,True,4,True,0.6623291653468723,0.6623291653468723,up
SPARC,24,True,True,True,True,4,True,0.22089824840802955,0.35175987261204433,up
SPARCL1,145,True,True,True,True,4,True,-0.6116930646451942,-0.6116930646451942,down
SPATA20,447,True,True,True,True,4,True,0.5448456085112042,0.7698671627668063,up
SPATA6L,191,True,True,True,True,4,True,0.22681438233146614,0.3684522773109245,up
SPATS2,163,True,True,True,True,4,True,0.4167986645378145,0.4167986645378145,up
SPDEF,4,True,True,True,True,4,True,0.34580525590803063,0.46344328991596717,up
SPEF1,303,True,True,True,True,4,True,0.4493441717665725,0.4493441717665725,up
SPEG,30,True,True,True,True,4,True,0.5377956693277312,0.5377956693277312,up
SPICE1,13,True,True,True,True,4,True,0.27813506816946676,0.2740096840336126,up
SPINK5,251,True,True,True,True,4,True,0.7544811815214753,0.7544811815214753,up
SPNS1,227,True,True,True,True,4,True,0.05684196108496745,0.11587044162745119,up
SPOCK1,218,True,True,True,True,4,True,-0.8646891557110176,-0.8646891557110176,down
SPOCK2,27,True,True,True,True,4,True,-0.6042154185616243,-0.8103920252100847,down
SPP1,43,True,True,True,True,4,True,2.4546231840784305,2.670992408823528,up
SPRING1,161,True,True,True,True,4,True,-0.4576675566386559,-0.4722576390756315,down
SPRR1A,153,True,True,True,True,4,True,0.7670696933730158,1.1624855336134452,up
SPRY1,99,True,True,True,True,4,True,0.41079773506722733,0.5695271932773116,up
SPRY2,370,True,True,True,True,4,True,-0.4699741763879548,-0.6352962645819322,down
SPRY4,3,True,True,True,True,4,True,-0.8619244922861812,-0.8619244922861812,down
SPRYD7,161,True,True,True,True,4,True,-0.3822614512441645,-0.47573522100840304,down
SPTBN1,240,True,True,True,True,4,True,-0.6373791107796462,-0.7883103521008412,down
SPTBN2,192,True,True,True,True,4,True,0.20512515112558374,0.32001410672268926,up
SPTSSA,353,True,True,True,True,4,True,-0.8052685300326806,-0.8052685300326806,down
SRD5A2,338,True,True,True,True,4,True,0.6816241865966387,1.0050276785714292,up
SREBF2,241,True,True,True,True,4,True,-0.2121036484220348,-0.2815924600840334,down
SRGAP2,134,True,True,True,True,4,True,-0.45842610400280215,-0.4465432046218498,down
SRGAP2C,186,True,True,True,True,4,True,-0.6693640368627455,-0.6693640368627455,down
SRI,273,True,True,True,True,4,True,0.2994671892483672,0.4216895338725508,up
SRPX,11,True,True,True,True,4,True,-0.9319195117572378,-0.9319195117572378,down
SRPX2,270,True,True,True,True,4,True,-0.7317044128538747,-0.8696691192808119,down
SRXN1,220,True,True,True,True,4,True,-0.534843382021008,-0.534843382021008,down
SSBP4,445,True,True,True,True,4,True,0.6797052354117639,0.6797052354117639,up
SSC5D,280,True,True,True,True,4,True,0.4144652996624645,0.4144652996624645,up
SSH2,0,True,True,True,True,4,True,-0.6401812670718959,-0.6401812670718959,down
SSPN,290,True,True,True,True,4,True,1.2307699238454715,1.2307699238454715,up
SSR4,409,True,True,True,True,4,True,0.3395708557469652,0.41467941974789857,up
SSU72,378,True,True,True,True,4,True,-0.07919351047479002,-0.01292001134453774,down
SSX2IP,245,True,True,True,True,4,True,0.22479910638748848,0.240618387394958,up
ST14,304,True,True,True,True,4,True,0.5062763796984125,0.5062763796984125,up
ST6GAL1,415,True,True,True,True,4,True,0.5608056003109235,0.5976488100840339,up
ST6GAL2,79,True,True,True,True,4,True,0.31412485906722737,0.459058538600841,up
ST6GALNAC1,164,True,True,True,True,4,True,1.4321661099617178,1.4321661099617178,up
ST6GALNAC3,75,True,True,True,True,4,True,-1.3834868180000006,-1.3834868180000006,down
ST6GALNAC5,256,True,True,True,True,4,True,-0.5080189449458449,-0.49071168907563034,down
ST7,370,True,True,True,True,4,True,-0.6277782739495796,-0.6277782739495796,down
ST8SIA1,296,True,True,True,True,4,True,0.646406301974323,0.646406301974323,up
ST8SIA4,411,True,True,True,True,4,True,0.508913693331932,0.5656045021008396,up
STAB1,423,True,True,True,True,4,True,-0.2778138646545288,-0.4142365613445378,down
STAMBPL1,439,True,True,True,True,4,True,0.4657471095989731,0.4657471095989731,up
STARD13,289,True,True,True,True,4,True,-0.700567112082633,-0.700567112082633,down
STARD3NL,395,True,True,True,True,4,True,-0.5025309186582635,-0.5025309186582635,down
STARD4,39,True,True,True,True,4,True,-0.5382112948622773,-0.741683192293416,down
STARD5,299,True,True,True,True,4,True,0.44651621547198905,0.44651621547198905,up
STARD8,48,True,True,True,True,4,True,-0.7679306293529407,-0.9949538735294106,down
STARD9,359,True,True,True,True,4,True,-0.45223156336414566,-0.5740454802521009,down
STAT4,333,True,True,True,True,4,True,0.4255759341195149,0.573874584453782,up
STEAP1,324,True,True,True,True,4,True,0.9131037038324002,1.1207445915966394,up
STEAP2,182,True,True,True,True,4,True,0.8149175730434169,0.9605921819327726,up
STEAP3,247,True,True,True,True,4,True,0.8365292190555557,0.8365292190555557,up
STEEP1,175,True,True,True,True,4,True,-0.13942391489075687,-0.16154643151260528,down
STING1,30,True,True,True,True,4,True,0.5336547242401959,0.5336547242401959,up
STK36,312,True,True,True,True,4,True,0.21963050364612582,0.38868450546918876,up
STK38L,236,True,True,True,True,4,True,0.19274974554761912,0.26586223739495707,up
STK39,439,True,True,True,True,4,True,0.44420933525863643,0.44420933525863643,up
STMN3,446,True,True,True,True,4,True,0.840242653612745,0.840242653612745,up
STRA6,295,True,True,True,True,4,True,0.28589591247525675,0.346480212605042,up
STRAP,255,True,True,True,True,4,True,-0.21216147880485525,-0.3074547182072829,down
STX11,368,True,True,True,True,4,True,-1.0169594564122317,-1.0169594564122317,down
STX12,113,True,True,True,True,4,True,-0.5241386314070966,-0.5241386314070966,down
STX3,289,True,True,True,True,4,True,-0.6970434038678809,-0.6970434038678809,down
STXBP6,114,True,True,True,True,4,True,-1.2916886959281046,-1.4032688323529425,down
STYK1,296,True,True,True,True,4,True,0.5705315051890756,0.5705315051890756,up
STYXL1,304,True,True,True,True,4,True,0.4270873062264237,0.4270873062264237,up
SUB1,13,True,True,True,True,4,True,0.1888456836134463,0.24555203865546302,up
SULF1,119,True,True,True,True,4,True,1.8552756732086841,1.8552756732086841,up
SULF2,68,True,True,True,True,4,True,0.8456856223818862,0.8456856223818862,up
SULT1A1,377,True,True,True,True,4,True,-0.3718297498473387,-0.6706477789915966,down
SULT1A2,377,True,True,True,True,4,True,-0.43159846784967376,-0.7404998147058824,down
SULT1B1,133,True,True,True,True,4,True,-1.1919245223529413,-1.1919245223529413,down
SULT1C4,97,True,True,True,True,4,True,-0.2757619268851539,-0.30695607815126047,down
SUN2,39,True,True,True,True,4,True,-0.5996696708183941,-0.7658306037815125,down
SUSD2,359,True,True,True,True,4,True,-0.4486978085317448,-0.5240222121848732,down
SUSD4,84,True,True,True,True,4,True,0.7055212491923433,0.7055212491923433,up
SV2B,125,True,True,True,True,4,True,0.5899392265098039,0.8679160205882355,up
SVEP1,368,True,True,True,True,4,True,-1.015345783107844,-1.015345783107844,down
SVIL,299,True,True,True,True,4,True,0.40374470800420115,0.40374470800420115,up
SYN2,389,True,True,True,True,4,True,-0.4199223004388421,-0.41817553193277274,down
SYNGR1,432,True,True,True,True,4,True,0.41359331465686294,0.41359331465686294,up
SYNPO2,198,True,True,True,True,4,True,1.0928440956872085,1.3296727231092444,up
SYT11,268,True,True,True,True,4,True,0.31006967312931866,0.40915700969397806,up
SYT15,48,True,True,True,True,4,True,-0.6947859674747905,-0.9687076084033618,down
SYTL1,138,True,True,True,True,4,True,1.0446943857745103,1.0446943857745103,up
SYTL2,384,True,True,True,True,4,True,0.7896117030424832,0.7896117030424832,up
SYTL4,2,True,True,True,True,4,True,-0.6195157729631187,-0.6195157729631187,down
TACC2,76,True,True,True,True,4,True,-1.4292011964677866,-1.4292011964677866,down
TAF1C,423,True,True,True,True,4,True,-0.2844047346928109,-0.4077435117647066,down
TAGLN2,227,True,True,True,True,4,True,0.14871044200280173,0.2745531630042026,up
TALDO1,100,True,True,True,True,4,True,-0.4645310492717088,-0.5784061983193283,down
TAMALIN,146,True,True,True,True,4,True,-1.0904893450718958,-1.0904893450718958,down
TANC2,209,True,True,True,True,4,True,-0.19829129977917856,-0.2079624949579832,down
TAOK3,258,True,True,True,True,4,True,-0.26049098389495895,-0.31718006638655505,down
TAPBP,268,True,True,True,True,4,True,0.28210755326283726,0.35851132989425594,up
TARBP1,296,True,True,True,True,4,True,0.3735165022815115,0.3735165022815115,up
TBC1D32,8,True,True,True,True,4,True,0.45179640211297856,0.6296846031694678,up
TBCE,395,True,True,True,True,4,True,-0.49443201098646067,-0.49443201098646067,down
TBCK,342,True,True,True,True,4,True,0.2819669999523814,0.46722049992857206,up
TBL1XR1,205,True,True,True,True,4,True,0.4419550754901954,0.4419550754901954,up
TBX3,81,True,True,True,True,4,True,-0.8762913076900096,-1.035162307142857,down
TBXAS1,352,True,True,True,True,4,True,-0.7759402489929967,-0.7759402489929967,down
TCEAL1,210,True,True,True,True,4,True,-0.30090721989589037,-0.28495755714285653,down
TCEAL7,324,True,True,True,True,4,True,0.6597673666617646,0.6597673666617646,up
TCF21,240,True,True,True,True,4,True,-0.6622107757759114,-0.741701750840337,down
TCIRG1,342,True,True,True,True,4,True,0.12713777035994447,0.16819290553991673,up
TCN2,222,True,True,True,True,4,True,-0.523461545719421,-0.6041689806722685,down
TCTN1,96,True,True,True,True,4,True,0.6104523306816062,0.6104523306816062,up
TDO2,43,True,True,True,True,4,True,1.9163097823459376,2.001006884033613,up
TDP1,265,True,True,True,True,4,True,0.49464335633893586,0.49464335633893586,up
TDRD10,113,True,True,True,True,4,True,-0.5475871042352943,-0.5475871042352943,down
TDRD9,11,True,True,True,True,4,True,-0.9453954538370682,-0.9453954538370682,down
TEAD4,389,True,True,True,True,4,True,-0.3665373357058825,-0.427656417647059,down
TEK,390,True,True,True,True,4,True,-0.9900231366167138,-0.9900231366167138,down
TENM4,365,True,True,True,True,4,True,0.5398044634950983,0.5398044634950983,up
TENT5B,353,True,True,True,True,4,True,-0.8041746965350139,-0.8041746965350139,down
TENT5C,84,True,True,True,True,4,True,0.7020365782408957,0.7020365782408957,up
TESPA1,55,True,True,True,True,4,True,0.4589264611069095,0.4992814092436977,up
TET1,285,True,True,True,True,4,True,0.5502963510200742,0.6112330747899153,up
TEX2,240,True,True,True,True,4,True,-0.22234570924089656,-0.30618733277310894,down
TFAP2A,398,True,True,True,True,4,True,0.683234586767974,0.683234586767974,up
TFAP2C,444,True,True,True,True,4,True,0.3416447107338936,0.34970883739495795,up
TFCP2L1,269,True,True,True,True,4,True,-0.8011575532525681,-1.021536417226891,down
TFE3,160,True,True,True,True,4,True,-0.3990964494430445,-0.4652940844537816,down
TFF3,447,True,True,True,True,4,True,0.44408912905322123,0.520573693579832,up
TFPI,328,True,True,True,True,4,True,-0.736001174934641,-0.736001174934641,down
TGFB2,106,True,True,True,True,4,True,0.9079257347469659,0.9079257347469659,up
TGFB3,291,True,True,True,True,4,True,1.256623388497665,1.256623388497665,up
TGFBI,396,True,True,True,True,4,True,0.653356817453782,0.653356817453782,up
TGFBR3,188,True,True,True,True,4,True,-1.0475588734957981,-1.0475588734957981,down
THADA,433,True,True,True,True,4,True,0.27515163594070985,0.37091495391106477,up
THBD,172,True,True,True,True,4,True,-0.5290732941428568,-0.5710561912142849,down
THBS1,181,True,True,True,True,4,True,-0.9189568419355751,-1.5916227629033628,down
THBS2,197,True,True,True,True,4,True,1.342545890971522,1.4393263819327728,up
THBS3,233,True,True,True,True,4,True,0.4543571643585432,0.4543571643585432,up
THBS4,92,True,True,True,True,4,True,0.9608283917044825,0.9608283917044825,up
THNSL1,117,True,True,True,True,4,True,0.34829208458916855,0.5497281268837528,up
THRA,178,True,True,True,True,4,True,-0.2562188845228764,-0.4152307176470592,down
THSD1,33,True,True,True,True,4,True,-0.5019603999999993,-0.5019603999999993,down
THSD4,415,True,True,True,True,4,True,0.4516842380812327,0.6016938571218491,up
THSD7B,17,True,True,True,True,4,True,0.41010066539145695,0.41010066539145695,up
THY1,154,True,True,True,True,4,True,1.9389522460662931,1.9389522460662931,up
TIA1,152,True,True,True,True,4,True,0.45360661312745093,0.7376036696911763,up
TIGIT,136,True,True,True,True,4,True,0.8545068627357609,0.8545068627357609,up
TIMD4,365,True,True,True,True,4,True,0.49770625999159707,0.5018386655462187,up
TIMP3,11,True,True,True,True,4,True,-0.9571386804668524,-0.9571386804668524,down
TIMP4,78,True,True,True,True,4,True,-1.7856026667301592,-1.7856026667301592,down
TIPARP,5,True,True,True,True,4,True,-0.37133638385434103,-0.5520633257815115,down
TJP1,219,True,True,True,True,4,True,-0.41944066204015096,-0.41944066204015096,down
TJP2,395,True,True,True,True,4,True,-0.47633467469000973,-0.47633467469000973,down
TKT,348,True,True,True,True,4,True,-0.47762907089635814,-0.6802534319327727,down
TLCD1,394,True,True,True,True,4,True,-0.3380488293235295,-0.3380488293235295,down
TLR2,81,True,True,True,True,4,True,-0.8302282611615324,-1.0836373917422981,down
TLR7,397,True,True,True,True,4,True,0.8449039083720823,0.8449039083720823,up
TM6SF1,358,True,True,True,True,4,True,-0.21012937070634927,-0.3196891159663868,down
TM7SF2,71,True,True,True,True,4,True,-0.30024903314519197,-0.4095866067226897,down
TM7SF3,10,True,True,True,True,4,True,0.6203391739374423,0.7843037609061634,up
TMBIM6,15,True,True,True,True,4,True,0.029321575245096876,0.029321575245096876,up
TMC4,99,True,True,True,True,4,True,0.4246412722787127,0.507284408418069,up
TMC5,182,True,True,True,True,4,True,0.7447617388482732,0.797463357983194,up
TMED3,281,True,True,True,True,4,True,0.4906077757969188,0.4906077757969188,up
TMEM100,115,True,True,True,True,4,True,-1.8962240605130714,-2.4023922382352936,down
TMEM106B,275,True,True,True,True,4,True,0.34476353436227813,0.34476353436227813,up
TMEM106C,27,True,True,True,True,4,True,-0.6480421293926232,-0.7887720042016808,down
TMEM107,266,True,True,True,True,4,True,0.4897985703683479,0.4897985703683479,up
TMEM117,55,True,True,True,True,4,True,0.500719218250233,0.5021183697478986,up
TMEM120A,160,True,True,True,True,4,True,-0.387913743561157,-0.4588774327731085,down
TMEM125,181,True,True,True,True,4,True,-0.5794649470084021,-0.8828577432773095,down
TMEM139,255,True,True,True,True,4,True,-0.5086527060093373,-0.6377976693277312,down
TMEM141,177,True,True,True,True,4,True,-0.1412585937021471,-0.25723739873949447,down
TMEM150A,394,True,True,True,True,4,True,-0.3086127294584517,-0.3086127294584517,down
TMEM154,342,True,True,True,True,4,True,0.27420993883239975,0.5651049739495801,up
TMEM156,53,True,True,True,True,4,True,0.33703219469934703,0.4610271029411769,up
TMEM164,213,True,True,True,True,4,True,-0.16838488571428542,-0.16838488571428542,down
TMEM176A,279,True,True,True,True,4,True,0.7985004624108316,0.7985004624108316,up
TMEM176B,275,True,True,True,True,4,True,0.8685404227623713,0.8685404227623713,up
TMEM178A,333,True,True,True,True,4,True,0.6027958828958914,0.833120074343837,up
TMEM182,156,True,True,True,True,4,True,0.3214277863501398,0.31956941890756274,up
TMEM19,303,True,True,True,True,4,True,0.4220913972577029,0.4220913972577029,up
TMEM190,138,True,True,True,True,4,True,0.9631868147852477,0.9894489721778719,up
TMEM203,128,True,True,True,True,4,True,-0.046831700114379426,-0.2143641676470598,down
TMEM204,149,True,True,True,True,4,True,-1.0278757346246492,-1.2628953453781508,down
TMEM216,184,True,True,True,True,4,True,0.20940917331605924,0.2710205213186274,up
TMEM243,330,True,True,True,True,4,True,-0.2649451124556484,-0.3676663626050424,down
TMEM245,26,True,True,True,True,4,True,-0.6382508015079355,-0.8677383626050412,down
TMEM35A,281,True,True,True,True,4,True,0.639108007963586,0.639108007963586,up
TMEM41A,339,True,True,True,True,4,True,-0.2085894156601297,-0.27689782058823564,down
TMEM41B,86,True,True,True,True,4,True,-0.7103355019140986,-0.7103355019140986,down
TMEM45A,165,True,True,True,True,4,True,1.4769905351937436,1.4769905351937436,up
TMEM87A,269,True,True,True,True,4,True,-0.25877285363538755,-0.3838093861344547,down
TMEM97,193,True,True,True,True,4,True,-0.8272693223907558,-0.8272693223907558,down
TMEM98,398,True,True,True,True,4,True,0.6880173118697481,0.6880173118697481,up
TMF1,396,True,True,True,True,4,True,0.2843660546321202,0.2843660546321202,up
TMPRSS4,301,True,True,True,True,4,True,1.7301995022577028,1.7301995022577028,up
TMT1A,219,True,True,True,True,4,True,-0.6662763695518213,-0.6662763695518213,down
TMTC1,219,True,True,True,True,4,True,-1.0703751201344536,-1.0703751201344536,down
TMTC3,85,True,True,True,True,4,True,0.40670501170354806,0.5294775175553221,up
TNFAIP8L1,425,True,True,True,True,4,True,0.42080468127497733,0.24699960714285762,up
TNFRSF11B,45,True,True,True,True,4,True,0.018637163824930008,0.018637163824930008,up
TNFRSF17,182,True,True,True,True,4,True,1.0966131397917833,1.2618971084033608,up
TNFRSF19,125,True,True,True,True,4,True,1.0369652994925316,0.8906440445378164,up
TNFRSF21,92,True,True,True,True,4,True,0.9671749137077494,0.9671749137077494,up
TNFRSF9,273,True,True,True,True,4,True,0.36870805213865543,0.4507645508403362,up
TNFSF13B,37,True,True,True,True,4,True,0.6560623020709618,0.8963213063025206,up
TNN,320,True,True,True,True,4,True,0.7241900735592903,0.7241900735592903,up
TNNT2,270,True,True,True,True,4,True,-0.6600595190681599,-0.9118003957983186,down
TNS1,380,True,True,True,True,4,True,-0.37984683906629374,-0.5854064113445379,down
TNS2,47,True,True,True,True,4,True,-0.7178489404831927,-0.9213959163865542,down
TNS3,242,True,True,True,True,4,True,-0.28430232697292235,-0.5178578798319327,down
TNS4,290,True,True,True,True,4,True,1.2273850140410827,1.2273850140410827,up
TOMM34,297,True,True,True,True,4,True,0.2694602497791779,0.2694602497791779,up
TOP2A,153,True,True,True,True,4,True,0.5888266780639594,0.9020225170959391,up
TOP6BL,136,True,True,True,True,4,True,0.8770108321596638,0.8770108321596638,up
TOX2,187,True,True,True,True,4,True,-1.074709595092437,-1.074709595092437,down
TOX3,243,True,True,True,True,4,True,0.42336244067180245,0.28441212563025214,up
TP53,252,True,True,True,True,4,True,0.36168937604388424,0.36168937604388424,up
TP53BP1,403,True,True,True,True,4,True,0.3872187960896358,0.5767381941344536,up
TP53I13,440,True,True,True,True,4,True,0.29250958901470714,0.29250958901470714,up
TP53INP1,6,True,True,True,True,4,True,0.8036495646344536,0.914167760084033,up
TP63,154,True,True,True,True,4,True,1.9856203146605973,1.9856203146605973,up
TP73,192,True,True,True,True,4,True,0.21988931570074657,0.3322757861344535,up
TPBG,281,True,True,True,True,4,True,0.36632424781652645,0.36632424781652645,up
TPCN1,358,True,True,True,True,4,True,-0.1874541650168072,-0.31588522773109295,down
TPD52L1,315,True,True,True,True,4,True,0.36109638266059774,0.32971946596638646,up
TPM4,267,True,True,True,True,4,True,0.6945022001813718,0.6945022001813718,up
TPPP3,165,True,True,True,True,4,True,1.5335549677871156,1.5335549677871156,up
TPST2,38,True,True,True,True,4,True,-0.5184027025093373,-0.5506238899159666,down
TPX2,372,True,True,True,True,4,True,0.3960293151806728,0.5620139727710092,up
TRA2A,284,True,True,True,True,4,True,0.3387404261839408,0.5763443892759113,up
TRADD,4,True,True,True,True,4,True,0.38511269557352923,0.38511269557352923,up
TRAF1,183,True,True,True,True,4,True,0.3524618052068154,0.45432730546218447,up
TRAF3,296,True,True,True,True,4,True,0.5645021763571424,0.5645021763571424,up
TRAF3IP3,364,True,True,True,True,4,True,0.49730924260177295,0.6799849071428566,up
TRAF5,84,True,True,True,True,4,True,0.6998108640602245,0.6998108640602245,up
TRAK2,22,True,True,True,True,4,True,-0.16695143201307197,-0.2629831382352942,down
TRANK1,405,True,True,True,True,4,True,0.5159189130588229,0.5159189130588229,up
TRAT1,299,True,True,True,True,4,True,0.5864711988099912,0.5864711988099912,up
TREM2,251,True,True,True,True,4,True,0.6183886534584508,0.6183886534584508,up
TRERF1,84,True,True,True,True,4,True,0.707829885535014,0.707829885535014,up
TRIL,248,True,True,True,True,4,True,0.5147659937306253,0.5147659937306253,up
TRIM2,309,True,True,True,True,4,True,1.0658298035499534,1.0658298035499534,up
TRIM29,309,True,True,True,True,4,True,1.0784777253697482,1.0784777253697482,up
TRIM32,365,True,True,True,True,4,True,0.5463033285882353,0.5463033285882353,up
TRIM36,320,True,True,True,True,4,True,0.7231592076662,0.7231592076662,up
TRIM47,364,True,True,True,True,4,True,0.7912093933872547,0.7912093933872547,up
TRIM59,413,True,True,True,True,4,True,0.5160695620415494,0.7597718430623241,up
TRIM6,267,True,True,True,True,4,True,0.6930330949460786,0.6930330949460786,up
TRIM68,411,True,True,True,True,4,True,0.4800992455144731,0.6648988682717096,up
TRIP10,381,True,True,True,True,4,True,-0.15613048114939262,-0.2506485621848736,down
TRMT10C,127,True,True,True,True,4,True,0.006491090160597568,0.058283821848739426,up
TRMT13,235,True,True,True,True,4,True,0.3220112219645192,0.4463343329467788,up
TRMT6,22,True,True,True,True,4,True,-0.04716868732913156,0.06587802899159667,up
TRO,138,True,True,True,True,4,True,0.7394031262549015,0.7394031262549015,up
TRPC3,86,True,True,True,True,4,True,-0.7141730674276379,-0.7141730674276379,down
TRPS1,438,True,True,True,True,4,True,0.5608745430322123,0.5608745430322123,up
TRPV4,429,True,True,True,True,4,True,0.5455566052605048,0.5455566052605048,up
TRUB1,279,True,True,True,True,4,True,0.3657699500009346,0.3657699500009346,up
TSC22D3,147,True,True,True,True,4,True,-0.7257702903221294,-0.7257702903221294,down
TSGA10,68,True,True,True,True,4,True,0.8438686151003738,0.8438686151003738,up
TSHZ2,259,True,True,True,True,4,True,1.002887469669935,1.002887469669935,up
TSKU,235,True,True,True,True,4,True,0.5177346467401958,0.5177346467401958,up
TSNAXIP1,392,True,True,True,True,4,True,0.468289309309057,0.43940771396358547,up
TSPAN1,42,True,True,True,True,4,True,1.50188546176424,1.5541640193277324,up
TSPAN11,164,True,True,True,True,4,True,1.423789511457983,1.423789511457983,up
TSPAN13,210,True,True,True,True,4,True,-0.3739639291129782,-0.5039367491596634,down
TSPAN14,350,True,True,True,True,4,True,-0.4802554787296917,-0.6432860436974797,down
TSPAN2,158,True,True,True,True,4,True,0.7169530568487392,0.8504084210084034,up
TSPAN33,251,True,True,True,True,4,True,0.2974123840079371,0.2974123840079371,up
TSPAN5,273,True,True,True,True,4,True,0.44215804706162415,0.4770054869747898,up
TSPAN6,321,True,True,True,True,4,True,0.7126328327077491,0.7126328327077491,up
TSPAN7,189,True,True,True,True,4,True,-0.7557507377903819,-0.7557507377903819,down
TSPAN8,446,True,True,True,True,4,True,0.8500076422152193,1.0136527133228288,up
TSPYL2,21,True,True,True,True,4,True,-0.4607114124346396,-0.5066371186519594,down
TSPYL4,247,True,True,True,True,4,True,0.3815057210102705,0.3815057210102705,up
TST,258,True,True,True,True,4,True,-0.3164299491750702,-0.3875594138655465,down
TTC14,446,True,True,True,True,4,True,0.34367316915126156,0.5100760037268923,up
TTC3,1,True,True,True,True,4,True,0.6681314373949576,0.6681314373949576,up
TTC39C,335,True,True,True,True,4,True,0.7495405453277316,0.7495405453277316,up
TTC8,95,True,True,True,True,4,True,0.6200066461638657,0.6200066461638657,up
TTC9,163,True,True,True,True,4,True,0.4240780336545283,0.4240780336545283,up
TTLL5,18,True,True,True,True,4,True,0.310820604556955,0.4302871568354325,up
TTN,78,True,True,True,True,4,True,-1.8995460380765643,-1.8995460380765643,down
TUFM,283,True,True,True,True,4,True,0.12501671404901873,0.12501671404901873,up
TUFT1,388,True,True,True,True,4,True,-0.32987813147105466,-0.3613611100840335,down
TUSC3,447,True,True,True,True,4,True,0.4375182335317458,0.6417786002976187,up
TWSG1,201,True,True,True,True,4,True,0.35124086135014027,0.35124086135014027,up
TXLNB,372,True,True,True,True,4,True,0.39722433593230627,0.512585955462185,up
TXNRD1,12,True,True,True,True,4,True,-0.9248171625294127,-0.9248171625294127,down
TYMS,221,True,True,True,True,4,True,0.9551265935158724,1.1027236402738088,up
UBA1,52,True,True,True,True,4,True,0.17678945058333484,0.17678945058333484,up
UBASH3A,303,True,True,True,True,4,True,0.49603518058636914,0.49603518058636914,up
UBD,195,True,True,True,True,4,True,2.5244448081083104,2.5244448081083104,up
UBE2Z,202,True,True,True,True,4,True,0.32488771275980444,0.32488771275980444,up
UBXN10,259,True,True,True,True,4,True,1.0007839403608771,1.0007839403608771,up
UCP2,326,True,True,True,True,4,True,0.6783043760466851,0.6783043760466851,up
UGCG,225,True,True,True,True,4,True,0.43365837799206347,0.7305032491596637,up
UGT2B17,53,True,True,True,True,4,True,0.3548554047427636,0.46778899369747884,up
UNC13B,47,True,True,True,True,4,True,-0.6706944436050412,-0.9011601159663859,down
UNC13D,371,True,True,True,True,4,True,-0.4784009160462177,-0.6070783777310911,down
USP13,113,True,True,True,True,4,True,-0.5724740341097112,-0.5724740341097112,down
USP18,304,True,True,True,True,4,True,0.4769164947362278,0.4769164947362278,up
USP32,388,True,True,True,True,4,True,-0.3419645327301584,-0.34553845672268874,down
USP44,240,True,True,True,True,4,True,-0.4016652287450973,-0.40016706176470557,down
USP53,193,True,True,True,True,4,True,-0.8337805574561147,-0.8337805574561147,down
USP54,209,True,True,True,True,4,True,-0.4153834849855282,-0.4827690815126049,down
UTP25,202,True,True,True,True,4,True,0.2640261175331458,0.2507301247899155,up
VAMP5,21,True,True,True,True,4,True,-0.4256488495737627,-0.4939989579831925,down
VANGL1,405,True,True,True,True,4,True,0.517052034877218,0.517052034877218,up
VARS1,227,True,True,True,True,4,True,0.12757536335013997,0.15826304502521005,up
VASH1,333,True,True,True,True,4,True,0.4549371235774977,0.5798806853662466,up
VASN,307,True,True,True,True,4,True,0.04229873226097144,0.17103148991596728,up
VAT1,65,True,True,True,True,4,True,0.02211325143837506,0.02211325143837506,up
VAT1L,243,True,True,True,True,4,True,0.4594492529733893,0.46302988109243715,up
VCAM1,119,True,True,True,True,4,True,1.7699759648842204,1.7699759648842204,up
VCL,330,True,True,True,True,4,True,-0.3319130976423898,-0.35890129327731046,down
VEPH1,217,True,True,True,True,4,True,-1.072162785172268,-1.072162785172268,down
VGLL3,3,True,True,True,True,4,True,-0.880541624038283,-0.880541624038283,down
VILL,95,True,True,True,True,4,True,0.6217849507787113,0.6217849507787113,up
VIPAS39,283,True,True,True,True,4,True,0.1764531762647063,0.1764531762647063,up
VIPR1,115,True,True,True,True,4,True,-1.8710492661918776,-2.4159341592436987,down
VLDLR,302,True,True,True,True,4,True,0.5566319859192342,0.5566319859192342,up
VMA12,387,True,True,True,True,4,True,-0.21958436176470564,-0.21958436176470564,down
VNN1,114,True,True,True,True,4,True,-1.011612887532212,-1.476078081298318,down
VNN2,114,True,True,True,True,4,True,-1.3793646161858082,-1.754325674278712,down
VOPP1,238,True,True,True,True,4,True,0.43625443101470524,0.43625443101470524,up
VPS13A,342,True,True,True,True,4,True,0.2570743469117647,0.48929902036764705,up
VPS26C,389,True,True,True,True,4,True,-0.33476008686461234,-0.4215640962184871,down
VSIG1,165,True,True,True,True,4,True,1.5251974121400558,1.5251974121400558,up
VSIG10,3,True,True,True,True,4,True,-0.8650058266223158,-0.8650058266223158,down
VSNL1,136,True,True,True,True,4,True,0.8737094872287585,0.8737094872287585,up
VSTM2L,248,True,True,True,True,4,True,0.6339938989668523,0.6339938989668523,up
VTCN1,291,True,True,True,True,4,True,1.2860797758113918,1.2860797758113918,up
VWA1,294,True,True,True,True,4,True,0.9150212206323521,0.9150212206323521,up
VWA5A,334,True,True,True,True,4,True,0.7505002039056959,0.7505002039056959,up
VWDE,85,True,True,True,True,4,True,0.3729469887535015,0.5315317331302523,up
WASF3,220,True,True,True,True,4,True,-0.7551167161685343,-0.7551167161685343,down
WBP1L,343,True,True,True,True,4,True,0.2654415858774507,0.2654415858774507,up
WDR27,279,True,True,True,True,4,True,0.23926853027450967,0.23926853027450967,up
WDR35,19,True,True,True,True,4,True,0.4303579064206347,0.4482851239495793,up
WDR49,309,True,True,True,True,4,True,1.0871581909197008,1.0871581909197008,up
WDR5B,278,True,True,True,True,4,True,0.3279415618207286,0.3279415618207286,up
WEE1,415,True,True,True,True,4,True,0.4435840148590111,0.5993979869747911,up
WFDC12,41,True,True,True,True,4,True,-0.49185044638468717,-0.5165714445378149,down
WFDC2,384,True,True,True,True,4,True,0.7970454827670395,0.7970454827670395,up
WNT10A,153,True,True,True,True,4,True,0.833788643102241,1.3207687348739494,up
WNT5A,85,True,True,True,True,4,True,0.49895416361391187,0.5282038399159666,up
WNT7A,147,True,True,True,True,4,True,-0.3006296423524746,-0.3006296423524746,down
WWC2,3,True,True,True,True,4,True,-0.890143020943976,-0.890143020943976,down
WWC3,180,True,True,True,True,4,True,-0.4593590890112041,-0.7708432802521008,down
XAF1,364,True,True,True,True,4,True,0.508777842671802,0.7063117640077032,up
XBP1,379,True,True,True,True,4,True,0.2716352722474334,0.45852267983193423,up
XG,201,True,True,True,True,4,True,0.30543765915592885,0.30543765915592885,up
XPR1,303,True,True,True,True,4,True,0.30818067577170855,0.30818067577170855,up
XYLT1,181,True,True,True,True,4,True,-0.5920159574491116,-0.8920151861736674,down
YBX3,356,True,True,True,True,4,True,-0.2853585057516341,-0.4429765086274511,down
YIPF2,343,True,True,True,True,4,True,0.2376010268529416,0.2376010268529416,up
ZBED11,230,True,True,True,True,4,True,0.03948145523856208,0.005730661764706296,up
ZBED2,162,True,True,True,True,4,True,-0.6433399703800186,-0.9742878260504195,down
ZBED8,338,True,True,True,True,4,True,0.7072525619257699,1.006366342888655,up
ZBP1,284,True,True,True,True,4,True,0.3680548137852478,0.6371376466386558,up
ZBTB16,78,True,True,True,True,4,True,-1.8342584110821678,-1.8342584110821678,down
ZBTB7C,372,True,True,True,True,4,True,0.39604141816713323,0.5839608772506999,up
ZC3H12C,218,True,True,True,True,4,True,-0.44645493316759993,-0.44645493316759993,down
ZDHHC13,7,True,True,True,True,4,True,0.6051262496353882,0.6556789331932777,up
ZFHX2,166,True,True,True,True,4,True,0.30744701417273623,0.4488958899159669,up
ZFP3,118,True,True,True,True,4,True,0.40985060722222183,0.6168609108333327,up
ZFP36,177,True,True,True,True,4,True,-0.48588289191970196,-0.9068405878795529,down
ZFP82,55,True,True,True,True,4,True,0.3685427922749767,0.49480293841246503,up
ZKSCAN1,342,True,True,True,True,4,True,0.31728490474042914,0.5498161071106438,up
ZKSCAN7,333,True,True,True,True,4,True,0.6204652243333336,0.6204652243333336,up
ZMAT3,383,True,True,True,True,4,True,1.134077239298785,1.134077239298785,up
ZMIZ2,13,True,True,True,True,4,True,0.3231939627696091,0.3231939627696091,up
ZNF106,209,True,True,True,True,4,True,-0.3325046729098973,-0.4265443978991604,down
ZNF107,118,True,True,True,True,4,True,0.10903635500046749,0.27434425420168157,up
ZNF154,85,True,True,True,True,4,True,0.3673216185144723,0.5291009890756303,up
ZNF17,325,True,True,True,True,4,True,0.2714263222558362,0.2714263222558362,up
ZNF184,182,True,True,True,True,4,True,0.3249903731153127,0.31044285840336117,up
ZNF211,202,True,True,True,True,4,True,0.27517538221335175,0.33962807332002765,up
ZNF248,80,True,True,True,True,4,True,0.3858640509239027,0.535162326385854,up
ZNF260,402,True,True,True,True,4,True,0.7693075093690478,0.7693075093690478,up
ZNF284,237,True,True,True,True,4,True,0.24238236988608852,0.3411273048291328,up
ZNF300,99,True,True,True,True,4,True,0.28539134353407963,0.3754670153011195,up
ZNF302,284,True,True,True,True,4,True,0.42139728019747874,0.6688659202962182,up
ZNF322,202,True,True,True,True,4,True,0.24761798352007536,0.34786322528011304,up
ZNF331,49,True,True,True,True,4,True,-0.749086729007936,-0.8337888435119041,down
ZNF366,207,True,True,True,True,4,True,-0.48633594663865626,-0.6928101273109252,down
ZNF382,299,True,True,True,True,4,True,0.29180372069187643,0.29180372069187643,up
ZNF385B,77,True,True,True,True,4,True,-1.5258235506461244,-1.5258235506461244,down
ZNF385D,221,True,True,True,True,4,True,0.7990348547927167,1.0825306726890749,up
ZNF423,247,True,True,True,True,4,True,0.4594632826816063,0.4594632826816063,up
ZNF428,408,True,True,True,True,4,True,0.3425008561519608,0.3425008561519608,up
ZNF43,298,True,True,True,True,4,True,0.3698197585177401,0.3698197585177401,up
ZNF436,334,True,True,True,True,4,True,0.7586163526722688,0.7586163526722688,up
ZNF438,147,True,True,True,True,4,True,-0.32096088107189574,-0.32096088107189574,down
ZNF462,182,True,True,True,True,4,True,0.3476517635546223,0.46956389533193343,up
ZNF484,227,True,True,True,True,4,True,0.11066810759056965,0.2063935357142859,up
ZNF512,284,True,True,True,True,4,True,0.2354037004098969,0.4068130506148453,up
ZNF514,230,True,True,True,True,4,True,0.38389983789309134,0.583569756839637,up
ZNF518A,284,True,True,True,True,4,True,0.49720426457329525,0.7889588968599428,up
ZNF521,383,True,True,True,True,4,True,1.1355148268202622,1.1355148268202622,up
ZNF546,227,True,True,True,True,4,True,0.13404219528431427,0.2557720429264714,up
ZNF550,4,True,True,True,True,4,True,0.23414769525957077,0.280804042016807,up
ZNF564,424,True,True,True,True,4,True,0.2607315871069097,0.36126238066036453,up
ZNF573,311,True,True,True,True,4,True,0.4786212796671336,0.7682494195007004,up
ZNF594,182,True,True,True,True,4,True,0.3848878911470588,0.5188280867205881,up
ZNF607,117,True,True,True,True,4,True,0.34403197749673203,0.5219017162450981,up
ZNF622,171,True,True,True,True,4,True,-0.2639778695779645,-0.2683301075630248,down
ZNF667,337,True,True,True,True,4,True,0.25793505816666623,0.25793505816666623,up
ZNF675,314,True,True,True,True,4,True,0.13609794990242766,0.1921669248536415,up
ZNF711,385,True,True,True,True,4,True,0.7842070360947715,0.7842070360947715,up
ZNF713,116,True,True,True,True,4,True,0.23029111009523837,0.4307416651428575,up
ZNF717,65,True,True,True,True,4,True,0.20893091026143762,0.20893091026143762,up
ZNF780B,351,True,True,True,True,4,True,0.4191410594817923,0.5479453392226885,up
ZNF786,343,True,True,True,True,4,True,0.1991742513870226,0.2215001270805339,up
ZNF792,97,True,True,True,True,4,True,-0.2436882210681601,-0.2332782781512595,down
ZNF831,227,True,True,True,True,4,True,0.3546957520233425,0.5940392394957981,up
ZNF84,205,True,True,True,True,4,True,0.34429361373529443,0.34429361373529443,up
ZNF853,205,True,True,True,True,4,True,0.3760037657794112,0.3760037657794112,up
ZNF875,444,True,True,True,True,4,True,0.3008268145490194,0.43117272182352906,up
ZNF91,342,True,True,True,True,4,True,0.3833354311503274,0.6562106467254911,up
ZNF93,248,True,True,True,True,4,True,0.28554708328011147,0.28554708328011147,up
ZNHIT6,315,True,True,True,True,4,True,0.2756001201890755,0.2717008428571429,up
ZRANB2,4,True,True,True,True,4,True,0.28620844021008335,0.41933266031512506,up
ZSCAN26,182,True,True,True,True,4,True,0.3534628687745102,0.5174418031617654,up
AASDH,64,True,False,True,True,4,False,0.13207793655602287,0.13207793655602287,up
ABAT,28,True,False,True,True,4,False,-0.18417743613678714,-0.24167879579831814,down
ABCA8,60,True,False,True,True,4,False,0.05228011028151336,0.004986786554622036,up
ABCD1,176,True,False,True,True,4,False,-0.016492123323062324,0.02717806501540654,up
ABCG1,271,True,False,True,True,4,False,-0.11391981892436982,-0.4399465781512609,down
ABHD12B,13,True,False,True,True,4,False,0.22441254285714263,0.22441254285714263,up
ABHD14A,13,True,False,True,True,4,False,0.35464079135784354,0.35464079135784354,up
ABHD2,315,True,False,True,True,4,False,0.2166041765550887,0.2707925148326331,up
ABHD5,0,True,False,True,True,4,False,-0.627158793206816,-0.627158793206816,down
ABI3,69,True,False,True,True,4,False,-0.18863223575490196,-0.21977858823529361,down
ABLIM1,107,True,False,True,True,4,False,-0.10682282693090712,-0.2156167457983199,down
ABT1,51,True,False,True,True,4,False,-0.021159509465686288,-0.021159509465686288,down
ABTB1,5,True,False,True,True,4,False,-0.4342897364705872,-0.4342897364705872,down
ACAT2,11,True,False,True,True,4,False,-0.9003652678366004,-0.9003652678366004,down
ACCS,90,True,False,True,True,4,False,0.025795885008403723,0.015612540117647178,up
ACE,364,True,False,True,True,4,False,0.5951689936802049,0.7272734905203073,up
ACLY,179,True,False,True,True,4,False,-0.1765878198674137,-0.26524500378151283,down
ACOT1,103,True,False,True,True,4,False,-0.12737046076890843,-0.2438689819327734,down
ACOXL,168,True,False,True,True,4,False,-0.6895193480420159,-0.6895193480420159,down
ACR,217,True,False,True,True,4,False,-0.37666087621848715,-0.37666087621848715,down
ACSL3,179,True,True,True,True,4,False,-0.08226433587488396,-0.20868346218487435,down
ACSM3,219,True,False,True,True,4,False,-0.5556319921806715,-0.5556319921806715,down
ACSM5,173,True,False,True,True,4,False,-0.6632987633578431,-0.6632987633578431,down
ACSS3,97,True,False,True,True,4,False,-0.2735764394444454,-0.39014800294117724,down
ACTG2,249,True,False,True,True,4,False,0.8642596632348277,1.026386954621849,up
ACTR1B,306,True,False,True,True,4,False,0.0882332616078435,0.0882332616078435,up
ADAM19,90,True,False,True,True,4,False,0.04652179293744255,0.06500845831372593,up
ADAM8,126,True,False,True,True,4,False,-0.0060421841531280345,0.31813992773109256,up
ADAMTS14,16,True,True,True,True,4,False,0.28005969325536867,0.39497203988305296,up
ADAMTS8,47,True,False,True,True,4,False,-0.7077202231470584,-0.9221403347205879,down
ADAMTSL1,9,True,False,True,True,4,False,0.23619343111578028,0.34604014667367045,up
ADAP1,169,True,False,True,True,4,False,-0.15607663767460275,-0.22574667142857124,down
ADCK2,87,True,False,True,True,4,False,0.0414696731715683,0.0414696731715683,up
ADCY2,191,True,False,True,True,4,False,0.2591654057488333,0.3950156086232499,up
ADCY5,90,True,False,True,True,4,False,0.02524232132773142,-0.022056438655461738,down
ADD2,295,True,False,True,True,4,False,0.2017531511839402,0.26145347677591024,up
ADGRB1,254,True,False,True,True,4,False,-0.0195193979068628,-0.0195193979068628,down
ADGRE2,181,True,False,True,True,4,False,-0.6791421459873951,-1.0474007189810925,down
ADGRE3,90,True,False,True,True,4,False,-0.08953311788235313,0.04140032352941195,up
ADH1A,208,True,True,True,True,4,False,-0.2580059376185808,-0.3386903554621852,down
ADIPOQ,407,True,False,True,True,4,False,0.15236051486741334,0.13905930672268874,up
ADORA2B,346,True,False,True,True,4,False,0.39959057223482713,0.3165273105042012,up
ADORA3,186,True,False,True,True,4,False,-0.804270785509804,-0.804270785509804,down
ADPGK,387,True,False,True,True,4,False,-0.189986765912698,-0.2762312760504201,down
ADRA1A,390,True,False,True,True,4,False,-0.9996391334477118,-0.9996391334477118,down
ADSS2,110,True,False,True,True,4,False,0.16412066649673163,0.26664659999999984,up
AFDN,246,True,False,True,True,4,False,-0.3152041488935574,-0.4017940831932772,down
AFF1,317,True,False,True,True,4,False,-0.39933369230392113,-0.39933369230392113,down
AGBL3,337,True,False,True,True,4,False,0.3488983973627447,0.3488983973627447,up
AGO2,33,True,False,True,True,4,False,-0.3154337912787104,-0.4401156869180656,down
AGPS,396,True,False,True,True,4,False,0.3600558839332401,0.3600558839332401,up
AGR2,277,True,False,True,True,4,False,0.9070934108604106,0.9070934108604106,up
AGR3,6,True,False,True,True,4,False,0.7601725891456574,0.9063847609243698,up
AIP,177,True,False,True,True,4,False,-0.08201897365966453,-0.17777107226890798,down
AJAP1,216,True,False,True,True,4,False,-0.27769507543370686,-0.3086213631505603,down
AK8,54,True,False,True,True,4,False,0.4797731308085897,0.5098796962128844,up
AKAP1,62,True,False,True,True,4,False,-0.043474653562558606,-0.2518804365546218,down
AKAP12,356,True,False,True,True,4,False,-0.47376262907843153,-0.7930864436176472,down
AKR1B10,369,True,False,True,True,4,False,0.34302290701447263,0.34302290701447263,up
AKR1E2,177,True,False,True,True,4,False,-0.1822798444617181,-0.2994460166925772,down
AKT3,145,True,False,True,True,4,False,-0.4055847870107378,-0.4055847870107378,down
AKTIP,330,True,False,True,True,4,False,-0.2949179842978519,-0.2607616071428563,down
ALDH16A1,337,True,False,True,True,4,False,0.30312956132843194,0.30312956132843194,up
ALDH2,46,True,False,True,True,4,False,-0.03844044978524819,-0.03844044978524819,down
ALKBH4,318,True,True,True,True,4,False,-0.00808166114215636,-0.00808166114215636,down
ALOX5,378,True,False,True,True,4,False,-0.22655618518860873,-0.37347256512604976,down
ALPL,350,True,False,True,True,4,False,-0.5391901688473394,-0.6537202466386554,down
ANGPTL1,162,True,False,True,True,4,False,-0.6329561120812324,-1.008825784088236,down
ANGPTL7,400,True,False,True,True,4,False,-0.6500035752156863,-0.6500035752156863,down
ANKFN1,414,True,False,True,True,4,False,0.6715029214925302,0.5938878974789916,up
ANKRD2,175,True,False,True,True,4,False,-0.35924519382843184,-0.35924519382843184,down
ANKRD36B,96,True,False,True,True,4,False,0.5970311765070015,0.5970311765070015,up
ANLN,285,True,False,True,True,4,False,0.4599605644285716,0.6086858466428573,up
ANO3,24,True,False,True,True,4,False,0.18164563184967322,0.3123384477745099,up
ANO5,182,True,False,True,True,4,False,0.46011947746265186,0.6052067161939778,up
AP5B1,214,True,True,True,True,4,False,-0.18919061031839365,-0.29999798613445383,down
APBB2,216,True,False,True,True,4,False,-0.2833117690004674,-0.2985293689075633,down
APOBEC3A_B,240,True,False,True,True,4,False,-1.3290863851099437,-1.3290863851099437,down
APOBEC3B,437,True,False,True,True,4,False,0.5143191870317466,0.7395962805476199,up
APOBEC3D,191,True,False,True,True,4,False,0.14907893154388377,0.35950595378151196,up
APOD,246,True,False,True,True,4,False,-0.4243950211223151,-0.5091929684873948,down
APOL3,62,True,False,True,True,4,False,-0.2508157778431377,-0.4816901764705883,down
APOO,13,True,False,True,True,4,False,0.39232761940942945,0.3574017936974784,up
AQP10,60,True,False,True,True,4,False,-0.021231149626050366,-0.0348675285714285,down
ARAP2,316,True,False,True,True,4,False,-0.3548704308258646,-0.4518581462387967,down
ARC,400,True,False,True,True,4,False,-0.526623049496732,-0.6733958242450981,down
ARFGAP1,419,True,False,True,True,4,False,0.25140556408333325,0.25140556408333325,up
ARG2,63,True,False,True,True,4,False,-0.17960049327124272,-0.32259073990686415,down
ARHGAP20,441,True,False,True,True,4,False,0.2942526063221287,0.3027979991596643,up
ARHGAP44,436,True,False,True,True,4,False,-0.1961924953604098,-0.2577884113445368,down
ARHGDIA,307,True,False,True,True,4,False,-0.0071757902810457574,0.04279631457843136,up
ARHGEF1,387,True,False,True,True,4,False,-0.224342325685341,-0.2935635886554629,down
ARHGEF10L,267,True,False,True,True,4,False,0.5509077603823527,0.5509077603823527,up
ARHGEF15,357,True,False,True,True,4,False,-0.24109509962605094,-0.3791086021008415,down
ARHGEF2,263,True,False,True,True,4,False,-0.12843958439309033,-0.2767260495798315,down
ARHGEF25,203,True,True,True,True,4,False,0.3953793168818862,0.4816128810924365,up
ARHGEF28,167,True,False,True,True,4,False,0.43516712530999074,0.5443581879649861,up
ARID1A,126,True,False,True,True,4,False,0.18309802985154047,0.2994545447773107,up
ARID4B,407,True,False,True,True,4,False,0.17543009384640415,0.17735405882352923,up
ARL15,336,True,False,True,True,4,False,0.21947725147852423,0.29631462721778634,up
ARMC10,369,True,False,True,True,4,False,0.2946050497170869,0.2946050497170869,up
ARMC3,42,True,False,True,True,4,False,1.3976799062731098,1.5596573594096645,up
ARMC9,14,True,False,True,True,4,False,-0.07456988119514345,-0.05524761512604953,down
ARNT2,278,True,False,True,True,4,False,0.5913599705163395,0.5913599705163395,up
ASAH1,175,True,False,True,True,4,False,-0.27384279207749745,-0.35543290042016784,down
ASPH,246,True,False,True,True,4,False,-0.36499679924509687,-0.36499679924509687,down
ASPHD2,409,True,False,True,True,4,False,0.2846023827894499,0.27146204327731177,up
ASTN2,372,True,False,True,True,4,False,0.3046785978557425,0.4124503967836137,up
ATF4,347,True,False,True,True,4,False,-0.33984746742763833,-0.44233245114145747,down
ATG16L2,422,True,False,True,True,4,False,-0.39936141404155046,-0.3990338915966388,down
ATG4C,239,True,False,True,True,4,False,0.2734265140994397,0.36986102114915953,up
ATL2,202,True,False,True,True,4,False,0.12364006760224094,0.1716084525210075,up
ATP10B,314,True,False,True,True,4,False,0.16825751455975682,0.13158523193277283,up
ATP11A,339,True,False,True,True,4,False,-0.31580098626237124,-0.36550312310924393,down
ATP12A,399,True,False,True,True,4,False,0.6791343260112046,0.6791343260112046,up
ATP13A2,88,True,False,True,True,4,False,0.13569916433823495,0.13569916433823495,up
ATP1B3,241,True,False,True,True,4,False,-0.3592304027684417,-0.47224435415266264,down
ATP2A3,323,True,False,True,True,4,False,0.34538848165546226,0.3667714724831934,up
ATP2B4,25,True,False,True,True,4,False,0.036612219935574064,-0.03217840042016751,down
ATP5F1D,283,True,False,True,True,4,False,0.17317028688725483,0.17317028688725483,up
ATP5MK,61,True,False,True,True,4,False,-0.09973745920168083,-0.19125399453781505,down
ATP6V0D1,308,True,False,True,True,4,False,0.07824132382212816,0.12821198573319226,up
ATP6V0D2,432,True,False,True,True,4,False,0.3589701569337069,0.4680667621848733,up
ATP6V1E1,208,True,True,True,True,4,False,-0.24525056850653634,-0.33980931470588316,down
ATP8A1,134,True,False,True,True,4,False,-0.36907865359523834,-0.4010849394957975,down
AVIL,28,True,False,True,True,4,False,-0.23522924919374288,-0.30900738303431274,down
AZGP1,33,True,False,True,True,4,False,-0.5845557932044813,-0.6007117756302515,down
AZI2,216,True,False,True,True,4,False,-0.1742346556232499,-0.21744933571428648,down
AZIN1,182,True,False,True,True,4,False,0.2866219497763765,0.31412304033613425,up
B4GALT4,202,True,False,True,True,4,False,0.299567225560224,0.2521109449579833,up
BAALC,90,True,False,True,True,4,False,-0.009684736968253485,0.016047715126050854,up
BACH1,177,True,False,True,True,4,False,-0.23775903202987933,-0.3777347980448189,down
BACH2,174,True,False,True,True,4,False,-0.2734472942226888,-0.32956344133403315,down
BAG2,225,True,False,True,True,4,False,0.28128574437161524,0.49106473865546285,up
BARD1,337,True,False,True,True,4,False,0.27200903120681535,0.30678354681022313,up
BAZ2A,306,True,False,True,True,4,False,-0.055871411112745406,-0.055871411112745406,down
BBLN,409,True,False,True,True,4,False,0.5784385120637252,0.5784385120637252,up
BBS12,231,True,False,True,True,4,False,0.24470879445284802,0.398463191679272,up
BCAP31,20,True,False,True,True,4,False,0.049642746193275696,0.09645411928991354,up
BCAT1,288,True,False,True,True,4,False,-0.26469643432399653,-0.36324465148599483,down
BCL11B,447,True,False,True,True,4,False,0.37499601797479015,0.5547090269621853,up
BCL2,327,True,True,True,True,4,False,0.1997629407717081,0.1717655777310917,up
BCL2A1,292,True,False,True,True,4,False,-0.10092907033473304,0.1841507697479,up
BCLAF3,344,True,False,True,True,4,False,0.23926813444911363,0.32887845167367047,up
BDKRB1,373,True,False,True,True,4,False,0.7362826861353877,1.0933551802521007,up
BDNF,72,True,False,True,True,4,False,-0.31828956427077476,-0.39661059640616214,down
BEND7,436,True,True,True,True,4,False,-0.2420136150205413,-0.22924291722689077,down
BEST1,347,True,False,True,True,4,False,-0.33188577501213756,-0.4335886625182064,down
BET1,204,True,False,True,True,4,False,0.23985260401353795,0.21074194537815027,up
BET1L,336,True,False,True,True,4,False,0.3025958589950981,0.3025958589950981,up
BGN,185,True,False,True,True,4,False,0.3599437833795512,0.47428567506932673,up
BHLHE40,127,True,False,True,True,4,False,0.002203733778711562,-0.008224119499999072,down
BHMT2,345,True,False,True,True,4,False,0.2722514295191409,0.36430714427871136,up
BIK,333,True,False,True,True,4,False,0.6868170653284318,0.6868170653284318,up
BKGD,28,True,False,True,True,4,False,-0.2577665795163403,-0.29946558529411776,down
BMERB1,295,True,False,True,True,4,False,0.34370284628431386,0.3179379205882355,up
BMP2,220,True,False,True,True,4,False,-0.6255611613459379,-0.6255611613459379,down
BMP7,118,True,False,True,True,4,False,0.15414169640686287,0.15414169640686287,up
BMP8B,64,True,False,True,True,4,False,-0.1332538146498591,-0.1332538146498591,down
BMPR2,33,True,False,True,True,4,False,-0.34557556349486457,-0.5096283155462178,down
BORCS7,337,True,False,True,True,4,False,0.22373597243627397,0.22373597243627397,up
BPIFB1,194,True,False,True,True,4,False,3.023403883216153,3.023403883216153,up
BRD8,88,True,False,True,True,4,False,-0.021394618200981458,-0.021394618200981458,down
BRMS1,214,True,False,True,True,4,False,-0.139818749938375,-0.24687891302520967,down
BSPRY,45,True,False,True,True,4,False,-0.09941716469887918,-0.09941716469887918,down
BTBD1,433,True,False,True,True,4,False,0.2746150146372548,0.2746150146372548,up
BTBD8,226,True,False,True,True,4,False,0.21562660242250223,0.33120115363375335,up
BTN2A2,345,True,False,True,True,4,False,0.2762731499477122,0.36190538962745056,up
BTN3A1,230,True,False,True,True,4,False,0.22357793060877654,0.3740956459131648,up
BYSL,24,True,False,True,True,4,False,0.05922695914845962,0.14094960378151267,up
C11orf16,403,True,False,True,True,4,False,0.6041683133804856,0.5726012200707284,up
C11orf24,369,True,False,True,True,4,False,0.30388618053174477,0.30388618053174477,up
C16orf87,46,True,False,True,True,4,False,0.026623854042016542,0.026623854042016542,up
C1GALT1,29,True,False,True,True,4,False,-0.28641013026377216,-0.3724689453956582,down
C1QA,379,True,False,True,True,4,False,0.014366921820728962,0.08602788273109363,up
C1QC,378,True,False,True,True,4,False,-0.21158719985434127,-0.5058738155462181,down
C1QTNF7,284,True,False,True,True,4,False,0.5247480973655466,0.8131833960483199,up
C1orf198,71,True,False,True,True,4,False,-0.38573898642016813,-0.49190374915966406,down
C20orf96,120,True,False,True,True,4,False,0.4182963248744165,0.5519405756302518,up
C2CD4B,110,True,False,True,True,4,False,0.15626345343464024,0.2572108860343134,up
C2orf81,411,True,False,True,True,4,False,0.34290413198739605,0.43676974243697597,up
C3AR1,359,True,False,True,True,4,False,-0.47809959119747897,-0.5837018867962183,down
C3orf70,121,True,True,True,True,4,False,0.40360860308916946,0.2936624701680677,up
C5AR2,423,True,False,True,True,4,False,-0.29780294180765626,-0.4114456627114844,down
C5orf63,386,True,False,True,True,4,False,0.3649794662415955,0.3649794662415955,up
C7orf57,415,True,False,True,True,4,False,0.94392335805182,0.6002996016806712,up
C9orf50,51,True,False,True,True,4,False,0.01974295104901988,0.01974295104901988,up
CA12,178,True,False,True,True,4,False,-0.29246648716853435,-0.5090463638655462,down
CABLES1,139,True,False,True,True,4,False,-0.12986922761904698,-0.21954533613445354,down
CABLES2,318,True,False,True,True,4,False,-0.06287998353431384,-0.06287998353431384,down
CACNA1D,175,True,False,True,True,4,False,-0.4910970712357608,-0.4737850512605041,down
CACNA2D1,374,True,False,True,True,4,False,0.31860189984687287,0.2935204836134455,up
CACNB2,122,True,False,True,True,4,False,-0.13431164053734862,-0.15641746080602292,down
CACNG6,284,True,False,True,True,4,False,0.5100990209014941,0.7769644605042018,up
CADPS,116,True,False,True,True,4,False,0.3007468784183005,0.46059906762745073,up
CALB2,280,True,False,True,True,4,False,0.5647656956442576,0.5647656956442576,up
CAMSAP1,292,True,False,True,True,4,False,0.16987595297292243,0.27957642945938366,up
CAPN1,15,True,False,True,True,4,False,0.10695867104902024,0.10695867104902024,up
CAPNS1,253,True,False,True,True,4,False,0.024661996617646342,0.024661996617646342,up
CAPNS2,327,True,False,True,True,4,False,0.22286551057843165,0.2186107658676475,up
CAPS,197,True,False,True,True,4,False,1.296640093086834,1.366553889630251,up
CAPS2,197,True,False,True,True,4,False,1.1143125773314655,1.4373163659971984,up
CARF,31,True,False,True,True,4,False,0.41368626314098944,0.6179281447114842,up
CASD1,409,True,False,True,True,4,False,0.16368372856069016,0.1874546079831921,up
CASS4,241,True,False,True,True,4,False,-0.6012058604939302,-0.8641987907408955,down
CASTOR2,419,True,False,True,True,4,False,0.1324808109024281,0.16873708067226956,up
CASZ1,258,True,False,True,True,4,False,-0.18724458106536,-0.18792493529411874,down
CAV2,33,True,False,True,True,4,False,-0.38910277610644295,-0.5163694109243708,down
CBLB,91,True,False,True,True,4,False,0.06794256096872046,0.20362191848739508,up
CBX1,366,True,False,True,True,4,False,0.41237670895588324,0.41237670895588324,up
CC2D2A,7,True,False,True,True,4,False,0.6598771824822591,0.6542917432773111,up
CC2D2B,230,True,False,True,True,4,False,0.038493598274509745,0.19655482058823492,up
CCAR1,331,True,False,True,True,4,False,0.2778051025098047,0.2778051025098047,up
CCDC102A,346,True,False,True,True,4,False,0.34910767973039236,0.34910767973039236,up
CCDC102B,235,True,False,True,True,4,False,0.46965098902334274,0.5603689835350143,up
CCDC14,98,True,False,True,True,4,False,0.35380449657376295,0.48545799486064434,up
CCDC141,2,True,False,True,True,4,False,-1.0793879273781508,-1.0793879273781508,down
CCDC149,28,True,True,True,True,4,False,-0.3134816611127452,-0.3134816611127452,down
CCDC170,290,True,False,True,True,4,False,1.2259781418216622,1.2259781418216622,up
CCDC24,200,True,False,True,True,4,False,0.39887159930298793,0.39887159930298793,up
CCDC28B,441,True,False,True,True,4,False,0.27899276309803944,0.27899276309803944,up
CCDC34,250,True,True,True,True,4,False,0.7332660036932773,1.051910255539916,up
CCDC39,428,True,False,True,True,4,False,0.7469853067226896,0.7469853067226896,up
CCDC47,330,True,False,True,True,4,False,-0.19682244721055106,-0.2499874208158266,down
CCDC7,307,True,False,True,True,4,False,0.052222768075163184,0.15731291764705826,up
CCDC74B,221,True,False,True,True,4,False,1.0325477679159671,1.1022316518739506,up
CCDC78,373,True,False,True,True,4,False,0.9776587557184868,1.0362243835777303,up
CCDC88A,141,True,False,True,True,4,False,0.21906406681465743,0.3458536002219863,up
CCDC89,9,True,False,True,True,4,False,0.31358307190196105,0.3662896078529416,up
CCDC90B,345,True,False,True,True,4,False,0.3510631167892162,0.3510631167892162,up
CCDC91,202,True,False,True,True,4,False,0.2352614671283857,0.23118615252100816,up
CCK,137,True,False,True,True,4,False,-1.5269183772450985,-1.5269183772450985,down
CCL13,309,True,False,True,True,4,False,1.088500830260038,1.088500830260038,up
CCL18,309,True,False,True,True,4,False,1.0816233150485532,1.0816233150485532,up
CCL2,89,True,False,True,True,4,False,0.6185351622530347,1.456409821428572,up
CCL22,124,True,False,True,True,4,False,0.3914382559098972,0.5632798838648458,up
CCL26,211,True,True,True,True,4,False,-0.7414865285637258,-0.7414865285637258,down
CCL7,230,True,False,True,True,4,False,0.37194593021335165,0.5873831789915963,up
CCN5,49,True,False,True,True,4,False,-0.8986051499710541,-0.8409577249565809,down
CCNA1,54,True,False,True,True,4,False,0.5810418128356677,0.5086108121848744,up
CCNA2,286,True,False,True,True,4,False,0.4393324581764711,0.6137149372647066,up
CCNB1IP1,21,True,False,True,True,4,False,-0.4971161074866952,-0.4971161074866952,down
CCNE1,293,True,False,True,True,4,False,0.2617394266442569,0.3270475365546215,up
CCNO,343,True,False,True,True,4,False,0.280282954502801,0.20407553697478958,up
CCP110,144,True,False,True,True,4,False,0.42008610868347335,0.54743791302521,up
CCR10,253,True,False,True,True,4,False,-0.0024534524068625385,-0.0024534524068625385,down
CCR8,121,True,False,True,True,4,False,0.2000854218515401,0.29129399915966364,up
CCSER1,118,True,False,True,True,4,False,0.10866001700046686,0.2291650718487398,up
CD101,127,True,False,True,True,4,False,0.043072899452848,0.09027809917927199,up
CD151,142,True,False,True,True,4,False,0.10457488020027945,0.2398360703004192,up
CD300LF,381,True,False,True,True,4,False,-0.2848528989369745,-0.43034670336134484,down
CD59,72,True,False,True,True,4,False,-0.45344790906862853,-0.45344790906862853,down
CD69,22,True,False,True,True,4,False,-0.10841569126657317,-0.21971059068137244,down
CD79B,243,True,False,True,True,4,False,0.32722921421942003,0.40903662478991454,up
CD83,141,True,False,True,True,4,False,0.22561939261064415,0.5195193075630251,up
CD84,203,True,False,True,True,4,False,0.47774336771988796,0.48633692605042,up
CD8A,89,True,False,True,True,4,False,0.479769137975724,0.7321772901568635,up
CD8B,224,True,False,True,True,4,False,0.3218759939495799,0.5764514962184877,up
CD96,446,True,False,True,True,4,False,0.4589551079449105,0.684631368907562,up
CD99,104,True,False,True,True,4,False,-0.09595257976190548,-0.2429454747899158,down
CDA,177,True,False,True,True,4,False,-0.33019634193417424,-0.5486670129012614,down
CDC42BPA,122,True,False,True,True,4,False,-0.003988393657795945,-0.09665044369747844,down
CDC42EP2,112,True,False,True,True,4,False,-0.5713250127292254,-0.5713250127292254,down
CDC42EP4,394,True,False,True,True,4,False,-0.39706431663772185,-0.39706431663772185,down
CDK1,182,True,False,True,True,4,False,0.416416674812325,0.5877500122184873,up
CDK11A,241,True,False,True,True,4,False,-0.25495943241083113,-0.26409259453781486,down
CDK20,204,True,False,True,True,4,False,0.23907259862254965,0.23907259862254965,up
CDKN1A,111,True,False,True,True,4,False,0.007070397119515848,0.016548043578432536,up
CDKN2D,186,True,False,True,True,4,False,-0.7538974750343135,-0.7538974750343135,down
CEBPG,387,True,False,True,True,4,False,-0.30634718278431367,-0.3099264529411775,down
CEBPZ,62,True,False,True,True,4,False,-0.1462064756512607,-0.27440346347689104,down
CENPK,428,True,False,True,True,4,False,0.5700949822614381,0.7503924733921568,up
CEP128,152,True,False,True,True,4,False,0.41582016824556417,0.6287190023683462,up
CEP290,144,True,False,True,True,4,False,0.42738468372035515,0.5436607755805327,up
CEP44,312,True,False,True,True,4,False,0.34405010661671337,0.54322890992507,up
CEP57,295,True,False,True,True,4,False,0.22822161369607796,0.25194292352941106,up
CEP68,299,True,False,True,True,4,False,0.40898292656535923,0.40898292656535923,up
CEP97,403,True,False,True,True,4,False,0.44930504840102686,0.5785488226015403,up
CES1,257,True,False,True,True,4,False,-0.5342714121848727,-0.5342714121848727,down
CES2,336,True,False,True,True,4,False,0.30960166474019674,0.30960166474019674,up
CFAP100,10,True,False,True,True,4,False,0.7928747283795515,0.7851395925693274,up
CFAP107,1,True,False,True,True,4,False,0.6834875235242763,0.6790696361344535,up
CFAP119,143,True,False,True,True,4,False,0.5375688920849667,0.5388914352941176,up
CFAP126,354,True,False,True,True,4,False,1.0934324966853406,0.9805930533613446,up
CFAP157,355,True,False,True,True,4,False,0.8743208255938381,0.9499212383907567,up
CFAP184,447,True,False,True,True,4,False,0.6955027433506067,0.4811453613445378,up
CFAP206,198,True,False,True,True,4,False,1.0441078799822592,1.320317049159664,up
CFAP20DC,55,True,False,True,True,4,False,0.4956922967892161,0.4956922967892161,up
CFAP210,221,True,False,True,True,4,False,1.040483990354342,1.0867328567226897,up
CFAP251,338,True,False,True,True,4,False,1.0084428310714288,1.008972584033614,up
CFAP263,249,True,False,True,True,4,False,1.4254084487287584,1.0239191500000007,up
CFAP276,43,True,False,True,True,4,False,1.4834834076195145,1.7509113614292717,up
CFAP298,98,True,False,True,True,4,False,0.32534930412325014,0.2908761327731096,up
CFAP36,101,True,False,True,True,4,False,0.20464322003734772,0.3182110800560216,up
CFAP418,118,True,False,True,True,4,False,0.18717999427450993,0.17854865882353005,up
CFAP44,96,True,False,True,True,4,False,0.6091610849271705,0.6091610849271705,up
CFAP46,200,True,False,True,True,4,False,0.38438131723156,0.38438131723156,up
CFAP47,338,True,False,True,True,4,False,0.6782837342726427,1.010891989075631,up
CFAP53,42,True,False,True,True,4,False,1.3191640216283842,1.5120260324425763,up
CFAP57,338,True,False,True,True,4,False,0.7573187760854344,1.0148373718487398,up
CFAP61,221,True,False,True,True,4,False,0.7468148894939305,1.0715957336134452,up
CFHR2,124,True,False,True,True,4,False,0.3853349659500467,0.56621619892507,up
CHD1,46,True,False,True,True,4,False,-0.21727771492437045,-0.21727771492437045,down
CHD6,308,True,False,True,True,4,False,0.1590978098725485,0.06875267941176395,up
CHDH,307,True,False,True,True,4,False,-0.09541639534547171,-0.09033104747899168,down
CHKB,283,True,False,True,True,4,False,0.06953063793627323,0.06953063793627323,up
CHRDL1,63,True,False,True,True,4,False,-0.12777802948366013,-0.1338006206960789,down
CHRM3,0,True,False,True,True,4,False,-0.5985031824995333,-0.5985031824995333,down
CHRNA5,230,True,False,True,True,4,False,0.11012761646171738,0.18981423781512508,up
CHRNB1,156,True,False,True,True,4,False,0.2547634338375348,0.32005140075630223,up
CHST15,308,True,False,True,True,4,False,-0.0556229723277305,-0.04395710302941053,down
CHST2,186,True,False,True,True,4,False,-0.643988020053923,-0.643988020053923,down
CHST9,291,True,False,True,True,4,False,1.3310150841325865,1.3310150841325865,up
CHSY1,288,True,False,True,True,4,False,0.028390220054155296,0.35040929327731046,up
CIITA,268,True,False,True,True,4,False,0.42623338272268924,0.384678824084034,up
CILP2,323,True,False,True,True,4,False,0.26675607259803885,0.34308664419117624,up
CIMAP3,249,True,False,True,True,4,False,1.1042730274561166,1.0267154109243704,up
CIZ1,319,True,False,True,True,4,False,0.14973904484313744,0.14973904484313744,up
CKAP2,159,True,False,True,True,4,False,0.5666922900317455,0.8331284350476182,up
CKAP5,407,True,True,True,True,4,False,0.2322584447745092,0.2322584447745092,up
CKMT2,315,True,False,True,True,4,False,0.25477515502567644,0.26099265168067176,up
CLCF1,142,True,False,True,True,4,False,0.0253722688333331,0.19485632058823488,up
CLDN3,243,True,False,True,True,4,False,0.4122131626876752,0.3959009940315128,up
CLEC1B,0,True,False,True,True,4,False,-0.6220423256904759,-0.6220423256904759,down
CLEC2B,62,True,False,True,True,4,False,-0.25093151906255834,-0.41145102859383753,down
CLEC4D,133,True,False,True,True,4,False,-1.1981525380546225,-1.1981525380546225,down
CLK4,315,True,False,True,True,4,False,0.21783975593790808,0.29775213390686206,up
CLMB,365,True,False,True,True,4,False,0.5915883411568621,0.5915883411568621,up
CLN6,227,True,False,True,True,4,False,0.04357726246078342,0.08354964369117512,up
CLSTN2,122,True,False,True,True,4,False,0.045452514604575105,-0.02731229705882339,down
CMC4,407,True,False,True,True,4,False,0.18988618989705858,0.18988618989705858,up
CMIP,323,True,True,True,True,4,False,0.3107458098431374,0.3107458098431374,up
CMKLR1,412,True,False,True,True,4,False,-0.2600923074108314,-0.3159887768907568,down
CMTM7,203,True,True,True,True,4,False,0.4831818469068626,0.4831818469068626,up
CNDP2,378,True,False,True,True,4,False,-0.17041624888422038,-0.2841490873949579,down
CNKSR3,24,True,False,True,True,4,False,0.14930375390429415,0.4394429974789913,up
CNP,440,True,False,True,True,4,False,0.1931907907254894,0.1931907907254894,up
CNR2,101,True,False,True,True,4,False,0.13558657186741355,0.26478049789915925,up
CNTN6,209,True,False,True,True,4,False,-0.4663070120765638,-0.5562953243697477,down
CNTNAP3B,85,True,False,True,True,4,False,-0.04970260278711539,-0.08704015418067312,down
COA5,35,True,False,True,True,4,False,0.004545718882352473,0.004545718882352473,up
COG4,319,True,False,True,True,4,False,0.054587406735293664,0.054587406735293664,up
COL16A1,267,True,False,True,True,4,False,0.6267871018186266,0.6267871018186266,up
COL22A1,409,True,False,True,True,4,False,0.3367078545392158,0.3367078545392158,up
COL28A1,120,True,False,True,True,4,False,0.553722177084734,0.553722177084734,up
COL4A5,413,True,False,True,True,4,False,0.5644137368655465,0.7539106052983198,up
COL8A1,367,True,False,True,True,4,False,0.29378448846638694,0.27510876218487423,up
COLGALT1,22,True,False,True,True,4,False,-0.03123552705555499,0.029547959416667435,up
COLGALT2,240,True,False,True,True,4,False,-0.4194186794313725,-0.37049943235294114,down
COMMD3,417,True,False,True,True,4,False,0.2739955375490198,0.2739955375490198,up
COPA,420,True,False,True,True,4,False,0.22695776083823554,0.22695776083823554,up
COQ10B,129,True,True,True,True,4,False,-0.2915217966419226,-0.44203144496288393,down
CORO2B,424,True,False,True,True,4,False,0.27334417509383774,0.39315376264075663,up
COX4I1,318,True,False,True,True,4,False,-0.05052449406862858,-0.05052449406862858,down
COX6A1,358,True,False,True,True,4,False,-0.07705771379084948,-0.18086809117647154,down
COXFA4L3,325,True,False,True,True,4,False,1.392103254456116,1.392103254456116,up
CPM,264,True,False,True,True,4,False,-0.24024550317973828,-0.3304430430049017,down
CPT2,340,True,False,True,True,4,False,-0.060168771802988186,-0.060168771802988186,down
CR1,181,True,False,True,True,4,False,-0.6922853219211019,-1.052422982881653,down
CR1L,40,True,False,True,True,4,False,-0.5241766654012603,-0.5241766654012603,down
CRACDL,378,True,False,True,True,4,False,-0.17587855718347356,-0.17141421302521032,down
CRACR2B,324,True,False,True,True,4,False,0.6580972822303923,0.6580972822303923,up
CRB3,157,True,False,True,True,4,False,-0.2319558065840337,-0.2319558065840337,down
CREB5,264,True,False,True,True,4,False,-0.270547342915032,-0.493494764372548,down
CREG1,72,True,False,True,True,4,False,-0.2064612619887959,-0.3052843929831939,down
CRIM1,360,True,False,True,True,4,False,-0.3016039133762833,-0.422743370064425,down
CRIP2,85,True,False,True,True,4,False,0.37760144243417365,0.5231534136512606,up
CRK,172,True,False,True,True,4,False,-0.4873706157745109,-0.4873706157745109,down
CRLF1,297,True,False,True,True,4,False,0.6572730392889828,0.6572730392889828,up
CROCC,166,True,False,True,True,4,False,0.41362724934803874,0.41362724934803874,up
CRTAM,337,True,False,True,True,4,False,0.357406014328198,0.23223906554621854,up
CRYBG3,175,True,False,True,True,4,False,-0.3043770703088241,-0.3043770703088241,down
CSF1,419,True,False,True,True,4,False,0.1760666400158729,0.11627134285714263,up
CSGALNACT2,129,True,False,True,True,4,False,-0.19664854511718022,-0.3832540676757703,down
CST5,312,True,False,True,True,4,False,0.1448609630513543,0.27923019457703147,up
CSTB,344,True,False,True,True,4,False,0.2896865997805788,0.37689364967086814,up
CTAG1A,283,True,False,True,True,4,False,0.14237586315196094,0.14237586315196094,up
CTBP2,283,True,False,True,True,4,False,0.09565127024509779,0.09565127024509779,up
CTC1,72,True,True,True,True,4,False,-0.1550097167072829,-0.21119300084033601,down
CTSH,104,True,False,True,True,4,False,-0.29528845239495877,-0.4475587928571443,down
CTSZ,323,True,False,True,True,4,False,0.3776537440182078,0.35567241680672224,up
CUBN,16,True,False,True,True,4,False,0.3244303238940244,0.40383018151260514,up
CUEDC2,51,True,False,True,True,4,False,0.00473812823039145,0.00473812823039145,up
CWC25,400,True,False,True,True,4,False,-0.3324464269754901,-0.3324464269754901,down
CXCL1,89,True,True,True,True,4,False,0.6039517383912232,1.2000334621848743,up
CXCR1,353,True,False,True,True,4,False,-0.7964342555709617,-0.7964342555709617,down
CXCR2,114,True,False,True,True,4,False,-1.3431029613730152,-1.635698192059523,down
CXCR4,107,True,False,True,True,4,False,-0.20124863887955147,-0.2409159835294113,down
CXCR5,117,True,False,True,True,4,False,0.348404115804855,0.5348501525210079,up
CXXC4,342,True,False,True,True,4,False,0.15049356594070962,0.33457784891106446,up
CYB561A3,237,True,False,True,True,4,False,0.2663995027441642,0.3752557095784301,up
CYB561D2,20,True,False,True,True,4,False,0.0302208577086841,0.018752536563026112,up
CYB5A,208,True,False,True,True,4,False,-0.24362179019141017,-0.3517488462184879,down
CYC1,213,True,False,True,True,4,False,-0.1693607894757232,-0.3077639021008398,down
CYP11B1,90,True,False,True,True,4,False,-0.03353487130859034,0.035295443277311045,up
CYP2J2,428,True,False,True,True,4,False,0.7410698451844072,0.7495060177766106,up
CYP4A11,73,True,False,True,True,4,False,-0.061812557123249456,-0.022793462184874352,down
CYP4F3,177,True,False,True,True,4,False,-0.6435870728412701,-0.9791481092619052,down
CYREN,122,True,False,True,True,4,False,-0.09650382440429477,-0.1802710621848741,down
CYTIP,46,True,False,True,True,4,False,-0.19543980809243733,-0.19543980809243733,down
CYTL1,205,True,False,True,True,4,False,0.366886637269374,0.4721192008403353,up
DAAM1,24,True,False,True,True,4,False,0.0928287252292248,0.2836680878438371,up
DAAM2,5,True,False,True,True,4,False,-0.2794589892110173,-0.3699822168067225,down
DACH1,241,True,False,True,True,4,False,-0.530205746939776,-0.5424381109243699,down
DACH2,236,True,False,True,True,4,False,0.24434149877450984,0.24434149877450984,up
DAPK1,103,True,False,True,True,4,False,-0.15420548637861722,-0.30599194285714226,down
DAPK3,356,True,False,True,True,4,False,-0.17084734274649804,-0.27786726411974705,down
DBNL,241,True,False,True,True,4,False,-0.19551804915966314,-0.19551804915966314,down
DCAF17,366,True,False,True,True,4,False,0.4399419694264707,0.4399419694264707,up
DCBLD1,98,True,False,True,True,4,False,0.3982836682460325,0.39148675236904884,up
DCDC1,413,True,False,True,True,4,False,0.7191741006162462,0.7607299009243693,up
DCLRE1A,175,True,False,True,True,4,False,-0.14850415105742376,-0.19684286092437026,down
DCP1B,243,True,False,True,True,4,False,0.28446426827824495,0.41025515241736743,up
DCSTAMP,267,True,False,True,True,4,False,0.6835218393534079,0.9203105077696079,up
DCTN1,440,True,False,True,True,4,False,0.18211435717646995,0.18211435717646995,up
DCTN2,306,True,False,True,True,4,False,0.02746591567156806,0.02746591567156806,up
DCTPP1,366,True,False,True,True,4,False,0.3574745583039216,0.3574745583039216,up
DDHD1,205,True,False,True,True,4,False,0.2643619420597574,0.3650341630896361,up
DDIAS,345,True,True,True,True,4,False,0.2843128285247431,0.4261292427871146,up
DDX21,357,True,False,True,True,4,False,-0.3437052089019596,-0.6094978133529394,down
DDX60,345,True,False,True,True,4,False,0.30700551664425907,0.4546457749663886,up
DEAF1,366,True,False,True,True,4,False,0.42156035656862795,0.42156035656862795,up
DEDD,216,True,False,True,True,4,False,-0.19249418648529362,-0.19249418648529362,down
DEF6,267,True,False,True,True,4,False,0.5442798080245104,0.5442798080245104,up
DEFA4,145,True,False,True,True,4,False,-0.9417625190901026,-0.9417625190901026,down
DEGS2,293,True,False,True,True,4,False,0.30148854286904747,0.30148854286904747,up
DENND4C,253,True,False,True,True,4,False,-0.035572097240196165,-0.035572097240196165,down
DENND5A,5,True,False,True,True,4,False,-0.1728497603235294,-0.17452805588235293,down
DENR,332,True,False,True,True,4,False,0.42036782558823427,0.42036782558823427,up
DERA,257,True,False,True,True,4,False,-0.4916041927303904,-0.4916041927303904,down
DHCR7,39,True,False,True,True,4,False,-0.6574086545845002,-0.7474380281512605,down
DHFR2,230,True,False,True,True,4,False,0.10557592141830043,0.20255388212745062,up
DHRS1,409,True,False,True,True,4,False,0.30643130525023415,0.4232132078753512,up
DIPK1B,62,True,False,True,True,4,False,-0.12219549311484608,-0.36760091302520964,down
DIRAS3,445,True,False,True,True,4,False,1.0040040385245095,1.0040040385245095,up
DIXDC1,372,True,False,True,True,4,False,0.4492491232675066,0.6536074349012599,up
DLAT,22,True,False,True,True,4,False,-0.09985023277357584,-0.17597776806722723,down
DMAC2L,210,True,False,True,True,4,False,-0.2833312858872554,-0.2833312858872554,down
DNAAF1,198,True,False,True,True,4,False,1.0277085445088703,1.3341340667633053,up
DNAAF11,413,True,False,True,True,4,False,0.7762057842712416,0.758503444117647,up
DNAAF3,54,True,False,True,True,4,False,0.5726491250616245,0.5081784399159661,up
DNAAF6,443,True,False,True,True,4,False,0.7341778021760037,0.6993717487394958,up
DNAH1,351,True,False,True,True,4,False,0.41347870975350043,0.5269430646302506,up
DNAH17,5,True,False,True,True,4,False,-0.17979619933333363,-0.17979619933333363,down
DNAH5,373,True,False,True,True,4,False,0.9315757615938369,1.0782027474789915,up
DNAH6,221,True,False,True,True,4,False,0.8576358172446311,1.0946187258669466,up
DNAH7,190,True,False,True,True,4,False,0.9468019730177399,1.149529650840336,up
DNAH9,221,True,False,True,True,4,False,1.0222856044299726,1.095464656644959,up
DNAI1,198,True,False,True,True,4,False,1.0347949893043886,1.334508733956583,up
DNAI2,190,True,False,True,True,4,False,0.9189998679593835,1.1257685519390752,up
DNAI3,249,True,False,True,True,4,False,1.0803838571386548,1.0611583978991592,up
DNAI7,310,True,False,True,True,4,False,1.117496093873016,1.117496093873016,up
DNAJA4,6,True,False,True,True,4,False,0.8587112537044813,0.9233501432773105,up
DNAJB13,286,True,False,True,True,4,False,0.6196208098046214,0.6196208098046214,up
DNAJB2,283,True,False,True,True,4,False,0.15785245429411815,0.15785245429411815,up
DNAJB5,205,True,False,True,True,4,False,0.2876745599346399,0.3796391764705879,up
DNAL1,410,True,False,True,True,4,False,0.3146810162021478,0.3711404340336132,up
DNALI1,125,True,False,True,True,4,False,0.8625461510438841,0.8960579067226888,up
DNM3,72,True,False,True,True,4,False,-0.34369987223949616,-0.3659733584033622,down
DOCK1,408,True,False,True,True,4,False,0.40826652709313754,0.40826652709313754,up
DOCK4,223,True,False,True,True,4,False,-0.4279334303898226,-0.4151504260504202,down
DOCK6,242,True,False,True,True,4,False,-0.2589869971363221,-0.5214321239495794,down
DOK2,264,True,False,True,True,4,False,-0.1299459013258634,-0.3688700298319324,down
DOK3,33,True,False,True,True,4,False,-0.45077691141363335,-0.5717778671204501,down
DONSON,346,True,False,True,True,4,False,0.39014491458823586,0.39014491458823586,up
DPCD,17,True,False,True,True,4,False,0.41976420457656344,0.41192492436974726,up
DPH3,269,True,False,True,True,4,False,-0.22003033921755358,-0.2337094844537811,down
DPP9,358,True,False,True,True,4,False,-0.13110508795284778,-0.20107173445378201,down
DPY19L4,141,True,False,True,True,4,False,0.1916299223795522,0.3364523835693283,up
DPYD,422,True,False,True,True,4,False,-0.39614610735667527,-0.40212111302520914,down
DRAP1,230,True,False,True,True,4,False,0.2147911944570494,0.32946201353431426,up
DRC1,250,True,False,True,True,4,False,0.9877078699150331,1.0509480548725494,up
DRC12,277,True,False,True,True,4,False,0.6797507094253034,0.6797507094253034,up
DRC2,1,True,False,True,True,4,False,0.6284551060714286,0.6757705899159665,up
DSC2,97,True,False,True,True,4,False,-0.22341419152847722,-0.22190742983193257,down
DSE,387,True,False,True,True,4,False,-0.31874141296171893,-0.3150823201680679,down
DSG2,432,True,False,True,True,4,False,0.31711782627917906,0.42881048941876854,up
DSP,411,True,False,True,True,4,False,0.5492061791956112,0.5327447840336135,up
DTNA,308,True,True,True,True,4,False,0.06213109239822633,0.06959750462184842,up
DTX4,284,True,False,True,True,4,False,0.35572095281559224,0.5426001792233883,up
DUSP19,429,True,False,True,True,4,False,0.5455916349565828,0.5455916349565828,up
DUSP23,268,True,False,True,True,4,False,0.3530443804117648,0.3530443804117648,up
DUSP5,288,True,False,True,True,4,False,0.10663360453221271,0.20271845805882394,up
DUSP7,255,True,False,True,True,4,False,-0.34718474395704985,-0.25738247815126064,down
DYDC2,402,True,False,True,True,4,False,0.8289707558534084,0.7722148837801126,up
DYNC1H1,15,True,False,True,True,4,False,-0.11387767388725359,-0.11387767388725359,down
DYNLRB1,253,True,False,True,True,4,False,-0.09929134857843008,-0.09929134857843008,down
DYNLT2B,6,True,False,True,True,4,False,0.7536315803043881,0.9326886204565823,up
DYNLT5,79,True,False,True,True,4,False,0.5649066067945849,0.5077513836134457,up
DYSF,41,True,False,True,True,4,False,-0.47316097442997246,-0.5157106932773112,down
DZANK1,437,True,False,True,True,4,False,0.5631959416115785,0.7302751624173678,up
DZIP3,197,True,False,True,True,4,False,1.0039902218580765,1.365400332787115,up
E2F5,441,True,True,True,True,4,False,0.21121130942343566,0.25744429915966394,up
EDNRA,79,True,False,True,True,4,False,0.4965369312992524,0.49729810504201666,up
EEIG2,244,True,False,True,True,4,False,0.26255190969327763,0.30952161453991645,up
EFCAB10,338,True,False,True,True,4,False,0.6960842511619979,1.010742846218487,up
EFCAB11,163,True,False,True,True,4,False,0.42006126885574163,0.42006126885574163,up
EFCAB13,308,True,False,True,True,4,False,0.045067625032213156,0.08413768754831974,up
EFCAB7,402,True,False,True,True,4,False,0.5587468647147525,0.7663252970721288,up
EFR3B,271,True,False,True,True,4,False,-0.26050586667600384,-0.39121380001400574,down
EGFL7,207,True,False,True,True,4,False,-0.5450362921120439,-0.6962357642857135,down
EGFR,72,True,False,True,True,4,False,-0.2459301202955185,-0.3651183243697481,down
EGR1,199,True,False,True,True,4,False,-0.12733116776844086,-0.12773609450980328,down
EHD1,256,True,False,True,True,4,False,-0.30324760085340796,-0.381581401280112,down
EID1,331,True,False,True,True,4,False,0.2828484468347341,0.3387701702521011,up
EIF1B,242,True,False,True,True,4,False,-0.3295789916106435,-0.49681473741596527,down
EIF2AK1,253,True,False,True,True,4,False,0.0056526771519614105,0.0056526771519614105,up
EIF2AK2,231,True,False,True,True,4,False,0.29397850453127866,0.44139275679691803,up
EIF2AK3,63,True,False,True,True,4,False,-0.11171013399112939,-0.1784876337598033,down
EIF2S2,157,True,False,True,True,4,False,-0.26980046940709507,-0.26980046940709507,down
EIF4A3,380,True,False,True,True,4,False,-0.24015817461998232,-0.4033235119299734,down
EIF4E3,401,True,False,True,True,4,False,-0.4265431342156866,-0.4265431342156866,down
EIF4G3,337,True,False,True,True,4,False,0.30839412201470506,0.30839412201470506,up
ELAPOR1,221,True,False,True,True,4,False,0.9297526345816994,1.1017322999999997,up
ELK4,408,True,False,True,True,4,False,0.34735873943137274,0.34735873943137274,up
ELL,52,True,False,True,True,4,False,-0.03432726976960812,-0.03432726976960812,down
ELMOD2,247,True,False,True,True,4,False,0.397095233876751,0.397095233876751,up
ELOVL1,430,True,False,True,True,4,False,-0.36955112983193295,-0.36955112983193295,down
ELOVL6,169,True,False,True,True,4,False,-0.5979728265135387,-0.5308577189075626,down
EMC1,177,True,False,True,True,4,False,-0.0793856956325857,-0.1885995785714287,down
EMC10,386,True,True,True,True,4,False,0.4192063957254902,0.4192063957254902,up
EMILIN1,91,True,False,True,True,4,False,0.24202807188328665,0.13985689075630248,up
EML4,408,True,False,True,True,4,False,0.3510394918085906,0.33255744495798323,up
EMP1,34,True,False,True,True,4,False,-0.30763896318393974,-0.6472509447759096,down
ENKUR,197,True,False,True,True,4,False,1.2048685072119507,1.4058392634453776,up
ENO1,269,True,False,True,True,4,False,-0.3242627082633076,-0.390932002100842,down
ENTREP3,87,True,False,True,True,4,False,0.028958842151960706,0.028958842151960706,up
ENY2,28,True,False,True,True,4,False,-0.2135754686900101,-0.27957239295098074,down
EPB41L1,445,True,False,True,True,4,False,0.6698802940882351,0.6698802940882351,up
EPB41L3,107,True,False,True,True,4,False,-0.10574967328384739,-0.1950152957983194,down
EPHB3,324,True,False,True,True,4,False,0.6698576113970587,0.6698576113970587,up
EPN3,313,True,False,True,True,4,False,0.4459369687990195,0.4459369687990195,up
EPS8,101,True,False,True,True,4,False,0.18016240691596588,0.2879170319327734,up
ERAL1,318,True,False,True,True,4,False,0.0586136522745101,0.0586136522745101,up
ERBB2,231,True,False,True,True,4,False,0.2541775840434172,0.4094113760651257,up
ERICH3,57,True,False,True,True,4,False,1.3852426602507004,1.2301469504201683,up
ERICH5,131,True,False,True,True,4,False,1.0991482749019608,1.0991482749019608,up
ERP27,305,True,False,True,True,4,False,0.7614709334855275,0.7614709334855275,up
ESAM,50,True,False,True,True,4,False,-0.6850705310154067,-0.8247952415966395,down
ESCO1,421,True,True,True,True,4,False,0.15676846845284792,0.20132024621848774,up
ETFRF1,127,True,False,True,True,4,False,0.00020983153734862223,-0.045940390336133785,down
ETHE1,20,True,False,True,True,4,False,0.08178619162184841,-0.03065131218487399,down
ETS1,360,True,False,True,True,4,False,-0.29094694781512515,-0.41494667172268773,down
ETV1,264,True,False,True,True,4,False,-0.2671076240947712,-0.46721489999999943,down
ETV4,87,True,False,True,True,4,False,-0.033994673401960496,-0.033994673401960496,down
EVC,118,True,False,True,True,4,False,0.288754584197479,0.4506131262962185,up
EVI2B,216,True,False,True,True,4,False,-0.37277354425163395,-0.37707281637745105,down
EXPH5,65,True,False,True,True,4,False,0.15331821448039115,0.15331821448039115,up
EYA1,402,True,False,True,True,4,False,0.7008014288758174,0.7745229323529416,up
EZH1,216,True,False,True,True,4,False,-0.24394953811671258,-0.36391367100840344,down
F10,317,True,True,True,True,4,False,-0.3440026496442577,-0.386628707142857,down
F11,49,True,False,True,True,4,False,-0.6249977244341732,-0.8425866046218484,down
F2RL2,152,True,False,True,True,4,False,0.44488551499112905,0.6896382724866936,up
F8,316,True,False,True,True,4,False,-0.4344406800546214,-0.4631353474789913,down
FAAP20,319,True,False,True,True,4,False,0.12924788623039168,0.12924788623039168,up
FAHD2A,319,True,False,True,True,4,False,0.15877003514215707,0.15877003514215707,up
FAIM,297,True,False,True,True,4,False,0.3927131814271702,0.3927131814271702,up
FAM110C,230,True,False,True,True,4,False,0.11343488429038318,0.35161021638655476,up
FAM111A,230,True,False,True,True,4,False,0.12656856548692808,0.3222953482303921,up
FAM114A1,99,True,False,True,True,4,False,0.28864069399579756,0.3435797909936964,up
FAM13A,20,True,False,True,True,4,False,-0.017995475520542332,-0.04718916722689137,down
FAM161A,351,True,False,True,True,4,False,0.4155535859850607,0.594866628977591,up
FAM181B,226,True,False,True,True,4,False,0.05592542900606895,0.19768391050420162,up
FAM184A,292,True,False,True,True,4,False,0.091090085434174,0.11394570462184972,up
FAM81B,301,True,False,True,True,4,False,1.69394916776704,1.69394916776704,up
FANCG,345,True,False,True,True,4,False,0.3794280694656864,0.3794280694656864,up
FANK1,291,True,False,True,True,4,False,1.3247581165224085,1.3247581165224085,up
FAT3,284,True,False,True,True,4,False,0.31931620783940246,0.5000955617591036,up
FAXC,392,True,False,True,True,4,False,0.3170506099393093,0.25133335084033626,up
FBLN1,234,True,False,True,True,4,False,0.27666630046825524,0.3392167466386562,up
FBXL12,28,True,False,True,True,4,False,-0.08015395655462221,-0.10413428277310938,down
FBXO32,448,True,False,True,True,4,False,0.6380301218272647,0.556543065966387,up
FCAR,39,True,False,True,True,4,False,-0.500153759713818,-0.748699389570727,down
FCF1,73,True,True,True,True,4,False,0.061791304012604596,-0.019376498319327723,down
FCGR2B,31,True,False,True,True,4,False,0.5704129946311863,0.5404570394957993,up
FEM1A,426,True,False,True,True,4,False,-0.1714965770833331,-0.1714965770833331,down
FERRY3,369,True,False,True,True,4,False,0.29611807764612474,0.29611807764612474,up
FFAR2,378,True,False,True,True,4,False,-0.6812104083534075,-1.0288168625301113,down
FGF13,152,True,False,True,True,4,False,0.44936267015452863,0.692216505231793,up
FGF18,267,True,False,True,True,4,False,0.7595455371127449,0.7595455371127449,up
FGFBP2,34,True,False,True,True,4,False,-0.3996082550821663,-0.6364065865546221,down
FGFR4,39,True,False,True,True,4,False,-0.7577026545989723,-0.751596711344537,down
FGL2,445,True,False,True,True,4,False,0.5127036598286647,0.6438100756302525,up
FHAD1,158,True,False,True,True,4,False,0.5752305663907566,0.8477334462184879,up
FIGNL1,276,True,False,True,True,4,False,0.535826262968254,0.535826262968254,up
FILIP1L,53,True,False,True,True,4,False,0.433360850603175,0.46370476680672335,up
FKBP11,227,True,False,True,True,4,False,0.35257531105649015,0.6114983113445388,up
FKBP1A,28,True,False,True,True,4,False,-0.19314386302520964,-0.19314386302520964,down
FKBP2,337,True,False,True,True,4,False,0.30129697323039245,0.30129697323039245,up
FKBP3,336,True,False,True,True,4,False,0.24596784734453872,0.3270180210168081,up
FKBP7,372,True,False,True,True,4,False,0.3629243915592902,0.4327765873389353,up
FKTN,260,True,False,True,True,4,False,0.3108223160714288,0.4722422241071431,up
FLI1,423,True,False,True,True,4,False,-0.37236729989682554,-0.41622219984523845,down
FLOT2,214,True,False,True,True,4,False,-0.12130405232072945,-0.2877415453781521,down
FLRT2,83,True,False,True,True,4,False,0.48941689789915926,0.48941689789915926,up
FLRT3,258,True,False,True,True,4,False,-0.2721932748011214,-0.3610974122016821,down
FLVCR1,419,True,False,True,True,4,False,0.16664092899393168,0.19968740714285804,up
FNIP1,209,True,False,True,True,4,False,-0.5416024323039215,-0.5416024323039215,down
FNIP2,69,True,False,True,True,4,False,-0.21263280352381062,-0.26171100252100965,down
FOCAD,82,True,False,True,True,4,False,0.37562851996872104,0.47331527995308154,up
FOXA1,411,True,False,True,True,4,False,0.48197759133239887,0.4586234298319319,up
FOXG1,73,True,False,True,True,4,False,-0.05342085636834726,-0.05338649883823493,down
FOXJ1,402,True,False,True,True,4,False,0.7136185190863674,0.764615278629551,up
FOXL1,410,True,False,True,True,4,False,0.32002450676470534,0.32002450676470534,up
FOXO1,400,True,False,True,True,4,False,-0.6232825057990186,-0.6232825057990186,down
FOXQ1,127,True,False,True,True,4,False,-0.23447821344724504,-0.03687653991596662,down
FPR3,131,True,True,True,True,4,False,0.5322296270060686,0.6344181905091029,up
FRAS1,294,True,False,True,True,4,False,0.6382851045275446,0.8739176567913169,up
FRMD4A,139,True,False,True,True,4,False,-0.07956228374556451,-0.18195679831932776,down
FRMD6,125,True,False,True,True,4,False,0.6316177045280104,0.8949265567920155,up
FRYL,330,True,False,True,True,4,False,-0.27694985634127023,-0.3211477949579832,down
FSIP1,156,True,False,True,True,4,False,0.2280218481237164,0.3168322016806725,up
FUNDC1,345,True,False,True,True,4,False,0.3751960120980394,0.3751960120980394,up
FURIN,394,True,False,True,True,4,False,-0.38857403676704055,-0.38857403676704055,down
FYN,2,True,False,True,True,4,False,-0.5275046525854344,-0.5275046525854344,down
FZD6,410,True,False,True,True,4,False,0.30925425300280107,0.36291887950420154,up
GABPA,440,True,False,True,True,4,False,0.22773168836881455,0.17948498109243766,up
GABRR2,69,True,False,True,True,4,False,-0.17972246990522903,-0.2692312048578436,down
GADD45A,66,True,False,True,True,4,False,0.2699678720695618,0.2699678720695618,up
GALM,182,True,False,True,True,4,False,0.38925617206536006,0.5379255080980401,up
GALNT15,223,True,False,True,True,4,False,-0.9516110160536885,-0.9060213302521012,down
GALR2,436,True,False,True,True,4,False,-0.11426546804388425,-0.16496573907563064,down
GAN,407,True,False,True,True,4,False,0.2452829112009808,0.2452829112009808,up
GAS2L2,185,True,False,True,True,4,False,0.37540435316386517,0.4545969924369748,up
GATD3,88,True,False,True,True,4,False,0.02366868560294197,0.02366868560294197,up
GBP3,448,True,False,True,True,4,False,0.6259720878039224,0.5272668817058834,up
GCA,193,True,False,True,True,4,False,-0.8201191398291314,-0.8201191398291314,down
GCH1,257,True,False,True,True,4,False,-0.43164677781745925,-0.6361914167261888,down
GCHFR,141,True,False,True,True,4,False,0.09144446994117617,0.28329420491176416,up
GDPD1,196,True,False,True,True,4,False,0.39530869791223155,0.6021305468683473,up
GEMIN6,237,True,False,True,True,4,False,0.356547935230392,0.356547935230392,up
GEMIN8,65,True,False,True,True,4,False,0.1303119694696543,0.1303119694696543,up
GFPT2,263,True,False,True,True,4,False,-0.4312410495018675,-0.9225115742528014,down
GFUS,141,True,False,True,True,4,False,0.2056400629421097,0.34156227424509744,up
GHDC,253,True,False,True,True,4,False,0.05228392290686279,0.05228392290686279,up
GINS1,183,True,False,True,True,4,False,0.3642189332376282,0.49867214985644237,up
GIPR,155,True,False,True,True,4,False,0.2310771117180209,0.30323566757703135,up
GJB1,407,True,False,True,True,4,False,0.1728136205147056,0.1728136205147056,up
GLB1L3,192,True,False,True,True,4,False,0.15459807006769358,0.29954103571428536,up
GLCCI1,22,True,False,True,True,4,False,0.03636645917507061,-0.09364167142857116,down
GLI1,182,True,False,True,True,4,False,0.9988844119313733,0.9988844119313733,up
GLIPR1,292,True,False,True,True,4,False,0.21618537599906604,0.3946939651260496,up
GLIPR2,366,True,False,True,True,4,False,0.38853670651260536,0.448727559768908,up
GLT1D1,368,True,False,True,True,4,False,-1.0262740965807666,-1.0262740965807666,down
GLTPD2,73,True,False,True,True,4,False,-0.02097528469141019,-0.04876835140686253,down
GMDS,410,True,False,True,True,4,False,0.3292076106377211,0.32748306890756274,up
GMNN,345,True,False,True,True,4,False,0.2521623295135389,0.3467509942703084,up
GNA11,358,True,False,True,True,4,False,-0.11375507540289535,-0.28943121428571433,down
GNAI2,283,True,False,True,True,4,False,0.15517908894117685,0.15517908894117685,up
GNMT,211,True,True,True,True,4,False,-0.7322118671813722,-0.7322118671813722,down
GNPTAB,230,True,False,True,True,4,False,0.14462099901260436,0.29210774851890653,up
GOLGA1,88,True,False,True,True,4,False,0.08724929031372533,0.08724929031372533,up
GOLM2,244,True,False,True,True,4,False,0.30777086622549077,0.30777086622549077,up
GPC3,210,True,False,True,True,4,False,-0.36706317818814216,-0.49957360210084023,down
GPN3,134,True,False,True,True,4,False,-0.3041989291601306,-0.3433698588235292,down
GPR137B,345,True,False,True,True,4,False,0.42916496075396865,0.4047366680672275,up
GPR160,316,True,False,True,True,4,False,-0.3198698781900078,-0.3635698172850117,down
GPR20,401,True,False,True,True,4,False,-0.41115851965546274,-0.5146186197478997,down
GPR21,73,True,False,True,True,4,False,0.009649830508403309,0.019515210924370224,up
GPR45,435,True,False,True,True,4,False,-0.09371658142250268,-0.10260503193277332,down
GPRASP3,121,True,False,True,True,4,False,0.23639018547945834,0.29370027821918754,up
GPX1,356,True,False,True,True,4,False,-0.18300902051447268,-0.32179406260504173,down
GPX2,325,True,False,True,True,4,False,0.3469500450966388,0.3469500450966388,up
GRHL1,321,True,False,True,True,4,False,0.7153880874817933,0.7153880874817933,up
GRIA1,11,True,False,True,True,4,False,-0.9319217104645192,-0.9319217104645192,down
GRK5,371,True,False,True,True,4,False,-0.6002668350835659,-0.6240463462184871,down
GSAP,107,True,False,True,True,4,False,-0.14970802333566682,-0.2981513974789909,down
GSTA2,58,True,False,True,True,4,False,1.2760448050420163,1.2760448050420163,up
GSTP1,24,True,False,True,True,4,False,0.06684317485994355,0.12650765808823516,up
GTF3C5,319,True,True,True,True,4,False,0.08782066454901954,0.08782066454901954,up
GTPBP4,20,True,False,True,True,4,False,-0.1429456513655456,-0.011361922268906532,down
GUCY1A1,1,True,False,True,True,4,False,0.4809216773039209,0.6668012659558813,up
GULP1,225,True,False,True,True,4,False,0.30152299691643286,0.4800657453746493,up
GUSB,230,True,False,True,True,4,False,0.12131222510270784,0.18055227799019605,up
GYG2,192,True,False,True,True,4,False,0.1303069351134454,0.3421029026701681,up
GYPC,389,True,False,True,True,4,False,-0.3033174678814195,-0.42693525630252105,down
GZMA,131,True,False,True,True,4,False,0.763293846278712,1.0763659904264706,up
H1-7,127,True,False,True,True,4,False,-0.00014278833426691526,0.04756188277310969,up
H4C9,306,True,False,True,True,4,False,0.03964445074509726,0.03964445074509726,up
HACD3,227,True,False,True,True,4,False,0.20470792868674145,0.36665189303011214,up
HACD4,80,True,False,True,True,4,False,0.43153281421381884,0.5959779713207283,up
HAUS2,107,True,False,True,True,4,False,-0.16423691524182993,-0.24976037286274488,down
HBA2,333,True,False,True,True,4,False,0.8660176245938369,0.9340549739495805,up
HBB,333,True,False,True,True,4,False,0.7213675869327728,0.7943093655462174,up
HBD,131,True,False,True,True,4,False,0.63572487809197,0.8097709218487392,up
HBEGF,81,True,False,True,True,4,False,-0.7879312659901968,-1.078073148985295,down
HCLS1,348,True,False,True,True,4,False,-0.6276231380042017,-0.6836336995798327,down
HDAC2,327,True,False,True,True,4,False,0.19962534599066337,0.1982424042016812,up
HDAC8,15,True,False,True,True,4,False,0.0033941581176476776,0.0033941581176476776,up
HEATR4,436,True,False,True,True,4,False,-0.20500055141176438,-0.20500055141176438,down
HECTD2,121,True,False,True,True,4,False,0.30688064284920485,0.29830811932772944,up
HELB,64,True,True,True,True,4,False,0.07494083506209186,0.07494083506209186,up
HELLS,158,True,False,True,True,4,False,0.659480232449112,0.8426540986736679,up
HELZ,319,True,False,True,True,4,False,0.0746311343333334,0.0746311343333334,up
HERC4,327,True,True,True,True,4,False,0.12036310969701142,0.16808130252100775,up
HES4,185,True,False,True,True,4,False,0.37054211376563995,0.5173944857745094,up
HEXB,111,True,False,True,True,4,False,0.0526422551960796,0.11000213279411941,up
HIGD1B,129,True,False,True,True,4,False,-0.2081082406914104,-0.47138814327731104,down
HIP1,175,True,False,True,True,4,False,-0.3574989569733891,-0.4391099605042009,down
HIVEP3,91,True,False,True,True,4,False,0.04440801613772242,0.1309920600840343,up
HLA-DMA,235,True,False,True,True,4,False,0.4595407924211026,0.48351493863165373,up
HLA-DMB,369,True,False,True,True,4,False,0.43258137990056006,0.43258137990056006,up
HLX,113,True,False,True,True,4,False,-0.5388898149393085,-0.5388898149393085,down
HMG20B,202,True,False,True,True,4,False,0.49764301621078455,0.49764301621078455,up
HMGB3,443,True,False,True,True,4,False,0.6255573240466843,0.6996045995798319,up
HMGCS1,146,True,False,True,True,4,False,-1.0936219450728293,-1.0936219450728293,down
HMGN2,141,True,False,True,True,4,False,0.21966804538281895,0.3471845680742285,up
HNF1B,61,True,False,True,True,4,False,-0.16607517129085056,-0.2820471264705892,down
HOGA1,316,True,False,True,True,4,False,-0.5540539248823532,-0.5540539248823532,down
HOMER3,446,True,False,True,True,4,False,0.5401785737745108,0.5401785737745108,up
HOOK2,61,True,False,True,True,4,False,-0.07882313643183898,-0.20490063067226844,down
HORMAD1,392,True,False,True,True,4,False,0.31509576021848723,0.3678584840336133,up
HOXB7,345,True,False,True,True,4,False,0.2520805792371614,0.3394146188557421,up
HRK,343,True,False,True,True,4,False,0.20485781565826353,0.2380997978991597,up
HS3ST6,268,True,False,True,True,4,False,0.33832150814705875,0.33832150814705875,up
HSCB,420,True,False,True,True,4,False,0.21285550783823476,0.21285550783823476,up
HSD11B1,206,True,False,True,True,4,False,-0.5906224250322127,-0.7246948875483192,down
HSD17B2,91,True,False,True,True,4,False,0.03826567525210053,0.1238546247899156,up
HSPA9,308,True,False,True,True,4,False,-0.15032889744351094,-0.033666126890756765,down
HSPB6,447,True,False,True,True,4,False,0.3233104341190476,0.43783315117857136,up
HSPB7,202,True,False,True,True,4,False,0.3172963992432303,0.3466169861344537,up
HSPB8,330,True,False,True,True,4,False,-0.3628088380910362,-0.3778374222689078,down
HSPG2,346,True,True,True,True,4,False,0.31215602617833677,0.4031265392675052,up
HTATIP2,269,True,False,True,True,4,False,-0.26187162869654473,-0.3033318247899154,down
HTR3C,186,True,False,True,True,4,False,-0.5136541002852477,-0.6812376084033617,down
HTRA4,445,True,False,True,True,4,False,0.6334373916414563,0.9123491731764704,up
IBA57,29,True,False,True,True,4,False,-0.36626216164215725,-0.36626216164215725,down
IBSP,88,True,False,True,True,4,False,-0.03973616348529399,-0.03973616348529399,down
ICAM2,207,True,False,True,True,4,False,-0.6476938958790853,-0.6966121558823537,down
ID3,40,True,False,True,True,4,False,-0.45541386675863654,-0.5333276012605045,down
IER5L,131,True,True,True,True,4,False,0.6743719516715688,0.6743719516715688,up
IFFO1,358,True,False,True,True,4,False,-0.09235487452007334,-0.23386559537815027,down
IFI16,231,True,False,True,True,4,False,0.15333224525676847,0.4045438668067227,up
IFI27,330,True,False,True,True,4,False,-0.23360839512465,-0.31324553655462184,down
IFI44L,333,True,False,True,True,4,False,0.799374300082167,0.9981064501232506,up
IFITM10,24,True,False,True,True,4,False,0.16013505206022496,0.318388700779412,up
IFT172,159,True,False,True,True,4,False,0.6429007755606911,0.8357761633410368,up
IFT22,9,True,False,True,True,4,False,0.48032974055275407,0.3690466894957968,up
IFT38,437,True,False,True,True,4,False,0.5514159836129788,0.7258627254194683,up
IFT46,116,True,False,True,True,4,False,0.29924332717740443,0.46418124076610656,up
IFT70A,9,True,False,True,True,4,False,0.4274481060158732,0.34682913403361365,up
IGFBP7,443,True,True,True,True,4,False,0.6022572674929962,0.7037037781512586,up
IGIP,231,True,False,True,True,4,False,0.2923118060648923,0.4403314590973384,up
IGSF11,412,True,False,True,True,4,False,-0.3044559150490196,-0.3044559150490196,down
IGSF8,319,True,False,True,True,4,False,0.10720150168137291,0.10720150168137291,up
IGSF9B,447,True,False,True,True,4,False,0.4026435508281978,0.5398586312843138,up
IKBKB,283,True,False,True,True,4,False,0.13921740609313693,0.13921740609313693,up
IL10,357,True,False,True,True,4,False,-0.39204257947432297,-0.6101438692114844,down
IL17RB,376,True,False,True,True,4,False,-0.1505362707768448,-0.3059135974789927,down
IL2RA,183,True,False,True,True,4,False,0.3279335235126055,0.43431206050420235,up
IL2RB,267,True,False,True,True,4,False,0.5410521510784316,0.6540444941176473,up
IL34,157,True,False,True,True,4,False,-0.22676255970681572,-0.22676255970681572,down
IL4R,100,True,False,True,True,4,False,-0.5336772022805786,-0.5741137457983192,down
IL5,306,True,False,True,True,4,False,0.05251237310294159,0.05251237310294159,up
IL5RA,250,True,False,True,True,4,False,0.7086935087124183,1.0412886235294116,up
IL6ST,318,True,False,True,True,4,False,-0.10945186500000048,-0.10945186500000048,down
IL7R,3,True,False,True,True,4,False,-0.8735896352773099,-0.8735896352773099,down
IMP3,435,True,False,True,True,4,False,-0.17000494297665739,-0.15651644873949633,down
INAVA,83,True,False,True,True,4,False,0.34622573201027174,0.48637984801540757,up
INKA2,256,True,False,True,True,4,False,-0.24726127857142882,-0.24726127857142882,down
INMT,173,True,False,True,True,4,False,-1.1989249014509817,-1.1989249014509817,down
INPP4A,336,True,False,True,True,4,False,0.28982075773039245,0.28982075773039245,up
INPPL1,253,True,False,True,True,4,False,0.02420888787745057,0.02420888787745057,up
INSYN1,365,True,False,True,True,4,False,0.5133890015147066,0.5133890015147066,up
INTS11,35,True,False,True,True,4,False,0.013153907887254151,0.013153907887254151,up
INTS12,426,True,False,True,True,4,False,-0.16711360877404277,-0.22019877618627398,down
INTS3,216,True,False,True,True,4,False,-0.20604903069234382,-0.26090233109243616,down
INTS8,407,True,False,True,True,4,False,0.12040162872502247,0.15621350168067183,up
INVS,253,True,False,True,True,4,False,-0.021260755426470324,-0.021260755426470324,down
IPO11,24,True,False,True,True,4,False,0.026950891106909514,0.11984678277310906,up
IQUB,159,True,False,True,True,4,False,0.6994866160228762,0.8346153764705887,up
IRF3,447,True,False,True,True,4,False,0.33379615232353005,0.33379615232353005,up
IRF6,411,True,False,True,True,4,False,0.40600663794444514,0.5374387069166677,up
ISG20,241,True,False,True,True,4,False,-0.41115582731839395,-0.610874990977591,down
ISM1,249,True,True,True,True,4,False,0.9891008928263304,1.0302614487394957,up
ITFG2,88,True,False,True,True,4,False,0.02276280437254949,0.02276280437254949,up
ITGA2,447,True,False,True,True,4,False,0.8380486406881428,0.705613502100841,up
ITGA3,25,True,False,True,True,4,False,-0.03864872340336182,-0.009225137205882167,down
ITGA8,63,True,False,True,True,4,False,-0.27339494948692805,-0.21995549999999953,down
ITGB3BP,420,True,True,True,True,4,False,0.28286196619934695,0.264961082352942,up
ITGB7,392,True,False,True,True,4,False,0.35239292501213804,0.4104691768907567,up
ITLN1,89,True,False,True,True,4,False,0.6579845115695616,0.7895505173543427,up
ITPR3,62,True,False,True,True,4,False,-0.16100293847899227,-0.29282239915966474,down
ITPRIPL1,16,True,False,True,True,4,False,0.39466854964215664,0.39466854964215664,up
JAK1,28,True,False,True,True,4,False,-0.3090309325980386,-0.3090309325980386,down
JAK3,227,True,False,True,True,4,False,0.06796800315779572,0.3175711289915966,up
JAM2,345,True,False,True,True,4,False,0.32947225258730156,0.38825337888095257,up
JCAD,330,True,False,True,True,4,False,-0.35880487985574244,-0.5309152810924376,down
JOSD1,360,True,False,True,True,4,False,-0.2980568203772184,-0.37024273056582757,down
JRK,111,True,False,True,True,4,False,0.05626478370214746,0.09451342555322118,up
JUNB,66,True,False,True,True,4,False,-0.2435623864168995,-0.2435623864168995,down
KANSL1L,122,True,False,True,True,4,False,-0.08184833920261421,-0.1554202058823526,down
KAT2B,412,True,False,True,True,4,False,-0.2758301261451915,-0.23075923025210043,down
KATNIP,53,True,False,True,True,4,False,0.3488277379621852,0.46260910694327784,up
KBTBD3,122,True,True,True,True,4,False,0.005586945661531266,-0.08977004327731095,down
KCNK17,242,True,False,True,True,4,False,-0.34350724564892626,-0.6767875050420172,down
KCNMB1,351,True,False,True,True,4,False,0.4482250546167131,0.45377307983193216,up
KCTD11,288,True,False,True,True,4,False,0.1879955665303457,0.17515870840336084,up
KCTD3,28,True,True,True,True,4,False,-0.23865140690289546,-0.2942445466386563,down
KDELR3,185,True,False,True,True,4,False,0.5391160101928106,0.5174390152892161,up
KDM1B,333,True,False,True,True,4,False,0.40181986425256805,0.5771497963788521,up
KDM5B,155,True,False,True,True,4,False,0.2955826024257714,0.3064350172268911,up
KIAA1671,307,True,False,True,True,4,False,0.13145023573109194,0.01356082689075594,up
KIF21A,6,True,False,True,True,4,False,0.7231989516867415,0.9073271775301124,up
KIF24,121,True,False,True,True,4,False,0.20031364753828215,0.2924213621848738,up
KIF4A,53,True,False,True,True,4,False,0.35738718653221246,0.4636595297983188,up
KIF9,372,True,False,True,True,4,False,0.4830602280448176,0.4218917474789914,up
KIFBP,73,True,False,True,True,4,False,0.09294492371755257,-0.0046898743697482426,down
KIT,267,True,False,True,True,4,False,0.5585064529495803,0.6576112726890762,up
KLF10,360,True,False,True,True,4,False,-0.29331586631839296,-0.38506879947758943,down
KLF2,222,True,False,True,True,4,False,-0.6773604116311848,-0.7148331174467772,down
KLF7,387,True,False,True,True,4,False,-0.2804928377366945,-0.3172647449579834,down
KLHDC8B,142,True,True,True,True,4,False,0.07523945164285817,0.1520473623382365,up
KLHL6,447,True,False,True,True,4,False,0.4423132088113912,0.6181998132170867,up
KLHL8,175,True,False,True,True,4,False,-0.18965219156862737,-0.2165889617647055,down
KLK11,227,True,False,True,True,4,False,0.2958945134285716,0.5253117701428573,up
KLRF1,174,True,False,True,True,4,False,-0.25641940929224977,-0.3770776420168067,down
KPNA3,73,True,False,True,True,4,False,-0.0642935603879559,-0.13947643277310928,down
KRABD5,292,True,False,True,True,4,False,0.11617144127077572,0.21309815168067303,up
KREMEN1,323,True,False,True,True,4,False,0.3791250982990195,0.3791250982990195,up
KRT19,333,True,False,True,True,4,False,0.45100401919187566,0.6270085287878135,up
KRT222,345,True,False,True,True,4,False,0.3753804532254903,0.3753804532254903,up
KRT4,230,True,False,True,True,4,False,0.33599718215779745,0.598279523236696,up
KRT6A,125,True,False,True,True,4,False,0.9247743107259571,0.8845177160889355,up
KRT8,31,True,False,True,True,4,False,0.575409538761905,0.6913493081428577,up
L3MBTL3,142,True,False,True,True,4,False,0.12784576618767537,0.21257081260504218,up
LAMB2,110,True,False,True,True,4,False,0.07759765354621913,0.1609964290588244,up
LAMC2,237,True,False,True,True,4,False,0.36426465619561155,0.32811288991596554,up
LANCL1,292,True,False,True,True,4,False,0.19593855047105566,0.32847782570658346,up
LARP1B,62,True,False,True,True,4,False,-0.14067471118954322,-0.23642335501960832,down
LAYN,369,True,False,True,True,4,False,0.3238808316573305,0.3238808316573305,up
LCA5,120,True,False,True,True,4,False,0.46855213142903845,0.5525498848739496,up
LCA5L,55,True,False,True,True,4,False,0.3724359479239032,0.49763903571428575,up
LCK,445,True,False,True,True,4,False,0.6892486605266113,0.9890127924705885,up
LCN6,137,True,False,True,True,4,False,-0.49861623755275436,-0.6237880042016808,down
LDB2,104,True,False,True,True,4,False,-0.29992765392063564,-0.4522069886554624,down
LDLRAD3,5,True,False,True,True,4,False,-0.19803977959337113,-0.2840271693900567,down
LEAP2,211,True,False,True,True,4,False,-0.7179148642205879,-0.7179148642205879,down
LEF1,428,True,False,True,True,4,False,0.5404235519402429,0.7453040779103643,up
LETMD1,318,True,True,True,True,4,False,0.005175007980392249,0.005175007980392249,up
LGALS2,397,True,False,True,True,4,False,1.4647717297086835,1.4647717297086835,up
LGR6,392,True,False,True,True,4,False,0.34258971361577945,0.45035082042366925,up
LGSN,123,True,False,True,True,4,False,0.6915344787749765,0.8056304681624651,up
LHPP,345,True,False,True,True,4,False,0.4010270910686279,0.4010270910686279,up
LIAS,24,True,False,True,True,4,False,0.17928070020354803,0.37531230030532203,up
LIAT1,248,True,False,True,True,4,False,0.6009725752969189,0.6009725752969189,up
LILRA1,206,True,False,True,True,4,False,-0.5991939062408965,-0.7239696093613448,down
LILRA2,21,True,False,True,True,4,False,-0.4519255787161532,-0.4939775159663868,down
LILRA3,241,True,False,True,True,4,False,-0.6749293813394018,-0.8958878220091027,down
LIN28A,87,True,False,True,True,4,False,-0.030888690622548953,-0.030888690622548953,down
LIPA,337,True,False,True,True,4,False,0.4908559646125117,0.33000250672268894,up
LMCD1,350,True,False,True,True,4,False,-0.6979548347474323,-0.654893735714285,down
LMO1,15,True,False,True,True,4,False,0.04272991382843139,0.04272991382843139,up
LMO4,131,True,False,True,True,4,False,0.5368689224509808,0.5368689224509808,up
LMO7,246,True,False,True,True,4,False,-0.48904841691316464,-0.4476823390756295,down
LONRF2,260,True,False,True,True,4,False,0.24666198377917933,0.436651725668769,up
LPAR3,414,True,False,True,True,4,False,0.5037810843986926,0.591954126598039,up
LPCAT1,129,True,False,True,True,4,False,-0.2791058085639602,-0.4282199226890767,down
LPXN,202,True,False,True,True,4,False,0.40714488354855227,0.4467160753228283,up
LRATD2,5,True,False,True,True,4,False,-0.28584867506162565,-0.26958865462184955,down
LRGUK,120,True,False,True,True,4,False,0.5300113372231561,0.5497513407563028,up
LRP1,109,True,False,True,True,4,False,0.16753524404388467,0.20446161606582702,up
LRP11,351,True,False,True,True,4,False,0.36652710297619,0.449278154464285,up
LRP2BP,13,True,False,True,True,4,False,0.36459019610457494,0.3748955617647053,up
LRP6,436,True,False,True,True,4,False,-0.2615174264519145,-0.2660713025210093,down
LRPAP1,22,True,False,True,True,4,False,-0.1201867028225952,-0.21536535630252118,down
LRRC15,288,True,False,True,True,4,False,0.3179750635863684,0.4848588453795526,up
LRRC27,16,True,False,True,True,4,False,0.31843124919234395,0.38928812378851596,up
LRRC32,368,True,False,True,True,4,False,-1.0283960686942106,-1.0283960686942106,down
LRRC36,107,True,False,True,True,4,False,-0.13050744847525708,-0.31607583319327825,down
LRRC37A2,116,True,False,True,True,4,False,0.271798937930906,0.47861465689635896,up
LRRC37A3,88,True,False,True,True,4,False,0.024269614112744975,0.024269614112744975,up
LRRC46,43,True,False,True,True,4,False,1.478076196382353,1.8722067945735295,up
LRRFIP1,29,True,False,True,True,4,False,-0.2709209899299725,-0.3708567168067234,down
LRRIQ1,197,True,False,True,True,4,False,1.07802171614986,1.3741445752100843,up
LRRK2,223,True,True,True,True,4,False,-0.8183566755952363,-0.9393313277310913,down
LRRN4,26,True,False,True,True,4,False,-0.6131654466942108,-0.8606756700413163,down
LRRTM1,13,True,False,True,True,4,False,0.22816831106372565,0.22816831106372565,up
LSM7,337,True,False,True,True,4,False,0.28585536920588384,0.28585536920588384,up
LSP1,267,True,False,True,True,4,False,0.5845203364603172,0.8252586677156862,up
LTBR,381,True,False,True,True,4,False,-0.16657615857236185,-0.29227772184873985,down
LTF,324,True,False,True,True,4,False,0.8740905788104577,1.0642416617647057,up
LTV1,255,True,False,True,True,4,False,-0.26144264729551697,-0.3740314709432755,down
LY6D,182,True,False,True,True,4,False,1.1210521958333333,1.1210521958333333,up
LY6H,417,True,False,True,True,4,False,0.25264306298529415,0.25264306298529415,up
LY75,131,True,False,True,True,4,False,1.0381836546274508,1.0381836546274508,up
LYPD6B,295,True,False,True,True,4,False,0.2927928227502337,0.34546376680672275,up
LYPLAL1,166,True,False,True,True,4,False,0.2714024538057883,0.3711861807086825,up
LYRM7,205,True,False,True,True,4,False,0.3615251413039213,0.501483961955882,up
LZTR1,253,True,False,True,True,4,False,0.0428678469362746,0.0428678469362746,up
MACIR,400,True,False,True,True,4,False,-0.39812831181372577,-0.39812831181372577,down
MAD2L1,415,True,False,True,True,4,False,0.5420096441816065,0.6043482162724096,up
MAGEA10,15,True,False,True,True,4,False,-0.08953466403431398,-0.08953466403431398,down
MAGI3,34,True,False,True,True,4,False,-0.31174938169654465,-0.47660795714285686,down
MAML2,46,True,False,True,True,4,False,0.15667189674323098,0.15667189674323098,up
MAN2B1,230,True,False,True,True,4,False,0.21534372691876738,0.23557934037815098,up
MAN2C1,214,True,False,True,True,4,False,-0.0462542561204465,-0.26949893403361214,down
MANEA,122,True,False,True,True,4,False,-0.12045126633660218,-0.12186191176470659,down
MAP3K1,293,True,False,True,True,4,False,0.18079541513305328,0.18447044747899116,up
MAP3K21,394,True,False,True,True,4,False,-0.3847431780443511,-0.3847431780443511,down
MAP4K4,421,True,False,True,True,4,False,0.1885517960910361,0.11985052815126135,up
MAP6,416,True,False,True,True,4,False,0.5821108113884218,0.5821108113884218,up
MAP6D1,35,True,False,True,True,4,False,-0.017177911730392376,-0.017177911730392376,down
MAPK10,7,True,False,True,True,4,False,0.521160554128851,0.6494797773109239,up
MAPK13,170,True,False,True,True,4,False,-0.31006667353968337,-0.4361736630252115,down
MARK1,82,True,False,True,True,4,False,0.41445869957563014,0.4753499777310918,up
MARK3,175,True,False,True,True,4,False,-0.41966152288725483,-0.41966152288725483,down
MAS1L,24,True,False,True,True,4,False,0.043827698627451527,0.12349936176470636,up
MAST4,424,True,False,True,True,4,False,0.4276395922450993,0.4276395922450993,up
MAT2A,64,True,False,True,True,4,False,-0.20139160914192486,-0.20139160914192486,down
MB,324,True,False,True,True,4,False,0.7083155084509803,0.7083155084509803,up
MBD6,69,True,False,True,True,4,False,-0.23579566548926234,-0.21233107394957915,down
MCFD2,212,True,False,True,True,4,False,-0.1969765723576089,-0.3378611085364134,down
MCL1,358,True,False,True,True,4,False,-0.2354981546498601,-0.37405973197479003,down
MCM4,393,True,False,True,True,4,False,0.4564744157194207,0.6140266235791314,up
MCM6,409,True,False,True,True,4,False,0.362539914491596,0.3522861302521003,up
MCU,99,True,False,True,True,4,False,0.24239176549533217,0.2821563982429982,up
MDM2,9,True,False,True,True,4,False,0.2986888326928099,0.3673927323529408,up
ME3,239,True,True,True,True,4,False,0.40473424377941114,0.40473424377941114,up
MEA1,444,True,False,True,True,4,False,0.38628408737745223,0.38628408737745223,up
MEIG1,331,True,False,True,True,4,False,0.3223073553314658,0.3136349743697478,up
MELK,410,True,False,True,True,4,False,0.4094353513529418,0.5053217770294125,up
MFAP4,182,True,False,True,True,4,False,0.6043848892591036,0.6733938760504192,up
MFSD8,110,True,False,True,True,4,False,0.16044937907096174,0.24034307700980365,up
MGAT4A,240,True,False,True,True,4,False,-0.36507775025256767,-0.5159166253788516,down
MGP,8,True,False,True,True,4,False,0.5284097246872083,0.6403470870308121,up
MGST3,63,True,False,True,True,4,False,-0.05574110218020515,-0.17351119537815074,down
MICA,97,True,False,True,True,4,False,-0.2804301792693747,-0.25227776890406206,down
MICAL1,91,True,True,True,True,4,False,0.05698796471755455,0.11695194707633183,up
MICAL2,46,True,False,True,True,4,False,0.06597990418393973,0.06597990418393973,up
MIDN,356,True,False,True,True,4,False,-0.2654125148566759,-0.41978627228501386,down
MIF4GD,61,True,False,True,True,4,False,-0.06715591735854302,-0.1678908651260505,down
MIPOL1,202,True,False,True,True,4,False,0.153135732587768,0.18007935756302457,up
MKNK1,170,True,False,True,True,4,False,-0.22689510844817984,-0.29661561302521033,down
MMGT1,139,True,False,True,True,4,False,-0.06882269549393044,-0.15540894243697498,down
MMP8,211,True,False,True,True,4,False,-0.7628742850084036,-1.1392539275126055,down
MNS1,291,True,False,True,True,4,False,1.3160427399094299,1.3160427399094299,up
MOB3B,231,True,False,True,True,4,False,0.3002208125434171,0.5533199688151256,up
MOK,120,True,False,True,True,4,False,0.504598254522409,0.5558430752100842,up
MORC3,327,True,False,True,True,4,False,0.14809845028478016,0.193795457142857,up
MORN2,6,True,False,True,True,4,False,0.7694524271816053,0.926944890772408,up
MOSPD3,407,True,False,True,True,4,False,0.21376447640196022,0.21376447640196022,up
MPIG6B,222,True,False,True,True,4,False,-0.38577237422689076,-0.5403327184873954,down
MPO,257,True,False,True,True,4,False,-0.5000497464607846,-0.5748777264705877,down
MRC1,177,True,False,True,True,4,False,-0.3559160641876747,-0.6041594743697467,down
MRC2,184,True,False,True,True,4,False,0.29597167392763774,0.36115751089145665,up
MRGPRF,89,True,False,True,True,4,False,0.3081395412212882,0.46305159747899216,up
MRPL58,103,True,False,True,True,4,False,-0.05628722519327752,-0.1978927336134459,down
MSH2,277,True,False,True,True,4,False,0.6226228453034554,0.6226228453034554,up
MSN,381,True,False,True,True,4,False,-0.1259340881279183,-0.24664719537815127,down
MT1E,368,True,False,True,True,4,False,-1.014428985021475,-1.014428985021475,down
MT1HL1,241,True,False,True,True,4,False,-0.7916235939705878,-0.7916235939705878,down
MTHFD1,199,True,True,True,True,4,False,-0.12146639264052277,-0.2442807088235288,down
MTHFD2,357,True,False,True,True,4,False,-0.28304075701073744,-0.6202998855161064,down
MTRF1,343,True,False,True,True,4,False,0.15695513109197054,0.21999144663795578,up
MTX3,231,True,False,True,True,4,False,0.2214782146209154,0.3810285719313731,up
MUS81,283,True,False,True,True,4,False,-0.0037179116764704534,-0.0037179116764704534,down
MVB12B,97,True,False,True,True,4,False,-0.2768178946718034,-0.3688793697478997,down
MX1,228,True,False,True,True,4,False,0.5127014135266101,0.7192695396176463,up
MXD1,151,True,False,True,True,4,False,-0.8231794786125111,-1.140504217918767,down
MXD4,339,True,False,True,True,4,False,-0.32169878235294214,-0.32169878235294214,down
MYB,221,True,False,True,True,4,False,0.9260296859733891,1.0954570289600838,up
MYCBPAP,55,True,False,True,True,4,False,0.6136090297432303,0.4964422946148457,up
MYCT1,169,True,False,True,True,4,False,-0.6045777410658262,-0.5714057424369751,down
MYH11,355,True,False,True,True,4,False,0.6763058239682547,0.9540499859523814,up
MYL9,312,True,False,True,True,4,False,0.2945047916694672,0.4555109375042008,up
MYO5A,243,True,False,True,True,4,False,0.43680242728478075,0.2962631012605042,up
MYOCD,57,True,False,True,True,4,False,0.8292988151652668,1.2158319727479001,up
MYOF,19,True,False,True,True,4,False,0.4115233684267047,0.44712049033613566,up
MYT1,87,True,False,True,True,4,False,-0.05807814839215632,-0.05807814839215632,down
N4BP1,107,True,False,True,True,4,False,-0.20324608504575115,-0.3066938117647052,down
N4BP3,5,True,False,True,True,4,False,-0.13359134399533099,-0.1444169138655457,down
NAA10,378,True,False,True,True,4,False,-0.10342565703454774,-0.24572251680672316,down
NAGK,141,True,False,True,True,4,False,0.2934123605616241,0.4425554273970582,up
NAGPA,52,True,False,True,True,4,False,0.15510457524019622,0.15510457524019622,up
NAIP,269,True,False,True,True,4,False,-0.572306887396825,-0.49205731848739503,down
NAPSA,241,True,False,True,True,4,False,-0.320160534220354,-0.467764327310924,down
NAT1,404,True,False,True,True,4,False,0.5129843857917827,0.5129843857917827,up
NAT14,235,True,False,True,True,4,False,0.5285434424019608,0.5285434424019608,up
NBPF3,67,True,False,True,True,4,False,0.19771433707096153,0.19771433707096153,up
NCALD,73,True,False,True,True,4,False,-0.04170278755088708,-0.06453952268907526,down
NCAPG2,327,True,False,True,True,4,False,0.17108093010457504,0.23853639515686265,up
NCAPH,409,True,False,True,True,4,False,0.29590545727684453,0.354783365126051,up
NCOA7,230,True,False,True,True,4,False,0.14109706565826352,0.2323315623529416,up
NDEL1,395,True,False,True,True,4,False,-0.4865416679850605,-0.4865416679850605,down
NDP,343,True,False,True,True,4,False,0.2524838960147052,0.2524838960147052,up
NDRG1,40,True,False,True,True,4,False,-0.4412611829393091,-0.5213302802521007,down
NDST1,388,True,False,True,True,4,False,-0.2718707927955184,-0.3525039890756301,down
NDUFB5,312,True,False,True,True,4,False,0.15856355074743225,0.26061282612114844,up
NEK6,131,True,False,True,True,4,False,0.6297074765098052,0.6297074765098052,up
NEK7,28,True,False,True,True,4,False,-0.25657277076563906,-0.24833648193277236,down
NELFB,283,True,False,True,True,4,False,0.09399451576960738,0.09399451576960738,up
NETO2,70,True,False,True,True,4,False,-0.3083744225877681,-0.4090849222689075,down
NEUROD2,35,True,False,True,True,4,False,-0.0012494066372553125,-0.0012494066372553125,down
NFE2,368,True,False,True,True,4,False,-1.0120541252399629,-1.0120541252399629,down
NFIB,55,True,False,True,True,4,False,0.41000188165172746,0.49799782247759117,up
NFX1,5,True,False,True,True,4,False,-0.31775103948529393,-0.31775103948529393,down
NGDN,97,True,False,True,True,4,False,-0.17306962054995326,-0.2574694308249299,down
NHLRC3,252,True,False,True,True,4,False,0.35667968566620073,0.35667968566620073,up
NIBAN2,356,True,False,True,True,4,False,-0.043896137724555806,-0.06850223865546173,down
NIBAN3,101,True,False,True,True,4,False,0.20615246993183833,0.340830007142856,up
NICOL1,324,True,False,True,True,4,False,0.9554573291421569,0.9554573291421569,up
NIPAL3,102,True,False,True,True,4,False,0.06142862233240028,0.04473568896078445,up
NIT1,15,True,False,True,True,4,False,0.1559468418284328,0.1559468418284328,up
NLRP12,207,True,False,True,True,4,False,-0.6997021739719891,-0.6997021739719891,down
NLRP3,162,True,False,True,True,4,False,-0.6138867905830995,-1.0916576858746492,down
NME5,6,True,False,True,True,4,False,1.0626817632969174,0.923283175210083,up
NME6,15,True,False,True,True,4,False,0.17038555295588176,0.17038555295588176,up
NME7,374,True,False,True,True,4,False,0.2572208618860872,0.3627356924369748,up
NNMT,67,True,True,True,True,4,False,-0.06767057945424833,-0.06767057945424833,down
NOSTRIN,50,True,False,True,True,4,False,-0.7379518898468728,-0.8268891865546225,down
NOTCH1,431,True,False,True,True,4,False,-0.3359014900877688,-0.37968676638655485,down
NPFF,28,True,False,True,True,4,False,-0.21182828577357596,-0.29107331218487376,down
NPIPA1,283,True,False,True,True,4,False,0.13859935161764708,0.13859935161764708,up
NPTX1,174,True,False,True,True,4,False,-0.30374922276237165,-0.3554513341435577,down
NQO1,137,True,False,True,True,4,False,-0.42612712497618993,-0.6388991386554618,down
NR1H3,30,True,False,True,True,4,False,0.4008796297679729,0.5704344446519594,up
NR4A1,263,True,False,True,True,4,False,-0.4216187124733892,-0.7308718187100838,down
NR5A1,254,True,False,True,True,4,False,0.019314621171568513,0.019314621171568513,up
NRSN2,337,True,False,True,True,4,False,0.26405025667156845,0.26405025667156845,up
NRXN1,208,True,False,True,True,4,False,-0.26646618121078364,-0.26646618121078364,down
NSMCE1,24,True,False,True,True,4,False,0.08408515870961764,0.16029648806442642,up
NT5DC2,104,True,False,True,True,4,False,-0.02835287758776735,-0.3008937634453773,down
NTF3,432,True,False,True,True,4,False,0.4540837015980385,0.4540837015980385,up
NTNG1,175,True,False,True,True,4,False,-0.2522065129094309,-0.37358566428571466,down
NTRK3,34,True,False,True,True,4,False,-0.42468849345238163,-0.6397239275735298,down
NUBPL,292,True,False,True,True,4,False,0.2778920790728292,0.4204568686092438,up
NUCB2,244,True,False,True,True,4,False,0.40497775590989676,0.39790824201680636,up
NUDCD1,62,True,False,True,True,4,False,-0.18758721604808573,-0.3197433240721286,down
NUDT12,25,True,False,True,True,4,False,0.19419491871195152,0.025414001680672316,up
NUDT3,366,True,False,True,True,4,False,0.5409575293872545,0.5409575293872545,up
NUDT4,51,True,True,True,True,4,False,-0.027726337671568485,-0.027726337671568485,down
NUP107,343,True,False,True,True,4,False,0.18842712292530314,0.16513344243697475,up
NUP54,35,True,False,True,True,4,False,-0.0360535578284297,-0.0360535578284297,down
NUP62,367,True,False,True,True,4,False,0.28263000028921603,0.28263000028921603,up
NXT1,292,True,True,True,True,4,False,-0.053959890147992295,0.10400037689075681,up
OAZ1,208,True,False,True,True,4,False,-0.1401911345938369,-0.20608662689075535,down
ODAD2,58,True,False,True,True,4,False,1.1524132116816068,1.258542225630253,up
ODAD3,182,True,False,True,True,4,False,0.5245152726008402,0.4811141589012604,up
ODAM,211,True,False,True,True,4,False,-1.172517550828431,-1.172517550828431,down
OLFM1,425,True,False,True,True,4,False,0.3476810881293182,0.4243166321939773,up
OLFML2B,369,True,False,True,True,4,False,0.47406595177170807,0.47406595177170807,up
OPN3,61,True,False,True,True,4,False,-0.11001541962044763,-0.2873837722689079,down
OR10P1,52,True,False,True,True,4,False,-0.0474105189075634,-0.0474105189075634,down
ORC5,204,True,False,True,True,4,False,0.24543441781605976,0.17727202100840378,up
OSBPL6,221,True,False,True,True,4,False,0.8343267045821651,1.0737313068732477,up
OSER1,317,True,False,True,True,4,False,-0.4186037658823515,-0.4186037658823515,down
OSGIN1,317,True,False,True,True,4,False,-0.4019550221470592,-0.4019550221470592,down
OSM,24,True,False,True,True,4,False,-0.10753472808309954,0.19759958739495875,up
OSMR,64,True,False,True,True,4,False,-0.13595667773575962,-0.13595667773575962,down
OSTF1,387,True,False,True,True,4,False,-0.3503251457591035,-0.28237468781512526,down
OTUD7A,87,True,False,True,True,4,False,0.024573178333333723,0.024573178333333723,up
OXR1,392,True,False,True,True,4,False,0.3484781306083096,0.45475344591246447,up
OXTR,292,True,True,True,True,4,False,0.07903488090009338,0.18892035084033634,up
P3H3,203,True,False,True,True,4,False,0.5142210351372546,0.5142210351372546,up
P4HB,229,True,False,True,True,4,False,0.10007931546685256,0.13332522320027884,up
PABPC4L,203,True,False,True,True,4,False,0.4425557754999996,0.4425557754999996,up
PACRG,123,True,False,True,True,4,False,0.6917958931241829,0.8100886852941178,up
PACRGL,432,True,False,True,True,4,False,0.16553357010877714,0.17539631134453804,up
PADI2,380,True,False,True,True,4,False,-0.35401442103361364,-0.5362853815504205,down
PAFAH1B2,283,True,False,True,True,4,False,0.09615084415686292,0.09615084415686292,up
PALM2AKAP2,219,True,False,True,True,4,False,-0.4797301133753509,-0.4797301133753509,down
PANK2,4,True,False,True,True,4,False,0.22978102644397733,0.2902159546218489,up
PANX1,20,True,False,True,True,4,False,-0.18059391409010273,0.006771053781512881,up
PAQR5,134,True,False,True,True,4,False,-0.2279235610830996,-0.3418620008403361,down
PARD6G,366,True,False,True,True,4,False,0.4052887728186284,0.4052887728186284,up
PARVB,51,True,True,True,True,4,False,0.1601302219509796,0.1601302219509796,up
PATZ1,366,True,False,True,True,4,False,0.4561016914509809,0.4561016914509809,up
PBLD,121,True,True,True,True,4,False,0.37455655767460366,0.29302456260504267,up
PBX1,185,True,False,True,True,4,False,0.3936188591153127,0.511077038672969,up
PCBP1,22,True,False,True,True,4,False,-0.1344885471283843,-0.22586237899159617,down
PCGF1,283,True,False,True,True,4,False,0.02731636557843084,0.02731636557843084,up
PCLAF,284,True,False,True,True,4,False,0.45738578138328684,0.6984636720749302,up
PCMT1,177,True,False,True,True,4,False,-0.1261620788842197,-0.21830443151260426,down
PCP4,250,True,True,True,True,4,False,0.8962590506937448,1.041313264285715,up
PCSK7,346,True,False,True,True,4,False,0.29580146364215654,0.29580146364215654,up
PCYOX1L,313,True,False,True,True,4,False,0.48558505518137274,0.48558505518137274,up
PDE4B,60,True,False,True,True,4,False,-0.06213954547945866,-0.09503917368137205,down
PDE4D,62,True,False,True,True,4,False,-0.2666695239304397,-0.4370814354754903,down
PDE5A,159,True,False,True,True,4,False,0.6840690065569559,0.8283647598354338,up
PDGFD,239,True,False,True,True,4,False,0.33552426504155036,0.3469237945378155,up
PDZD4,245,True,False,True,True,4,False,0.12882284071241829,0.14629649411764714,up
PEBP1,283,True,False,True,True,4,False,0.10488044774509703,0.10488044774509703,up
PEG10,400,True,False,True,True,4,False,-0.4462050159505149,-0.4639587739257722,down
PENK,442,True,False,True,True,4,False,0.6947448103494409,0.6947448103494409,up
PER2,273,True,False,True,True,4,False,0.4668702261395889,0.5128792915966381,up
PEX11B,319,True,False,True,True,4,False,0.14061204485294126,0.14061204485294126,up
PFDN5,141,True,False,True,True,4,False,0.20687001922969173,0.3290588910294111,up
PFN2,94,True,False,True,True,4,False,0.6353612454463108,0.6353612454463108,up
PGAP2,64,True,False,True,True,4,False,-0.1378798723053228,-0.1378798723053228,down
PGLS,24,True,False,True,True,4,False,0.09338491363538766,0.19433862045308148,up
PGM1,62,True,False,True,True,4,False,-0.1564456415280111,-0.29839956386554645,down
PHC1,202,True,False,True,True,4,False,0.16619854872175588,0.23300657308263384,up
PHEX,400,True,False,True,True,4,False,-0.5345618297955181,-0.6204241684873948,down
PHF11,420,True,False,True,True,4,False,0.24782242489215633,0.24782242489215633,up
PHF14,408,True,False,True,True,4,False,0.34168737794607995,0.34168737794607995,up
PHOX2A,318,True,False,True,True,4,False,-0.07370760736764737,-0.07370760736764737,down
PHPT1,238,True,False,True,True,4,False,0.3500891791176463,0.48237333926470516,up
PIAS3,341,True,False,True,True,4,False,0.26620975144677833,0.26620975144677833,up
PIH1D1,306,True,False,True,True,4,False,0.09722168848039198,0.09722168848039198,up
PIH1D2,125,True,False,True,True,4,False,0.7741798283949577,0.8823768634453779,up
PIR,359,True,False,True,True,4,False,-1.077571503651961,-1.077571503651961,down
PISD,423,True,False,True,True,4,False,-0.4138165735294114,-0.4138165735294114,down
PJVK,367,True,False,True,True,4,False,0.31055322331372576,0.31055322331372576,up
PKHD1L1,147,True,False,True,True,4,False,-0.9789444636629314,-0.9789444636629314,down
PKIA,386,True,True,True,True,4,False,0.2654934728169936,0.39741270922549043,up
PKNOX2,371,True,False,True,True,4,False,-0.4137404591792715,-0.6091299781512601,down
PLA2G4C,369,True,False,True,True,4,False,0.49884702053688085,0.49884702053688085,up
PLAGL1,175,True,False,True,True,4,False,-0.25709967481559265,-0.24460546092436886,down
PLAUR,24,True,False,True,True,4,False,0.0266533899612507,0.24632562773109207,up
PLCB4,384,True,False,True,True,4,False,0.7929879521755371,0.7929879521755371,up
PLCG1,128,True,False,True,True,4,False,-0.134741649626984,-0.24925797521008358,down
PLCG2,202,True,False,True,True,4,False,0.19318831423296098,0.284640770168068,up
PLCXD1,360,True,False,True,True,4,False,-0.5034898119038277,-0.43705333739495766,down
PLD2,421,True,False,True,True,4,False,0.22528417347549062,0.22528417347549062,up
PLD4,254,True,False,True,True,4,False,0.0677976806666665,0.0677976806666665,up
PLEKHA4,445,True,False,True,True,4,False,0.7875949714264707,0.7875949714264707,up
PLEKHA6,252,True,False,True,True,4,False,0.42017869041876815,0.42017869041876815,up
PLEKHB1,89,True,True,True,True,4,False,0.33142323739635876,0.5698348560945381,up
PLG,90,True,False,True,True,4,False,-0.030571741644257244,-0.026601801260504043,down
PLGRKT,346,True,False,True,True,4,False,0.4065507157450976,0.4065507157450976,up
PLIN4,110,True,False,True,True,4,False,0.08113150544864615,0.20512938487394977,up
PLOD1,229,True,False,True,True,4,False,0.04261241511624725,0.1801223726743708,up
PLP1,13,True,False,True,True,4,False,0.21415586502147535,0.25004644327731107,up
PLPBP,254,True,False,True,True,4,False,0.11981266707352872,0.11981266707352872,up
PLPPR3,345,True,False,True,True,4,False,0.2767853038594778,0.37562790588235345,up
PLSCR1,90,True,False,True,True,4,False,-0.13571329872548943,0.030278688235294893,up
PLTP,445,True,False,True,True,4,False,0.6463628019084958,0.6815029528627439,up
PLVAP,366,True,False,True,True,4,False,0.5377086327049482,0.5062822415966386,up
PNMA1,31,True,False,True,True,4,False,0.5781062644901945,0.5781062644901945,up
PNPO,110,True,False,True,True,4,False,0.145664939562558,0.220321159343837,up
PODXL2,440,True,False,True,True,4,False,0.19731529964705885,0.19731529964705885,up
POF1B,404,True,False,True,True,4,False,0.5106207703389353,0.5106207703389353,up
POLB,273,True,False,True,True,4,False,0.22642996696265147,0.3193612004439772,up
POLDIP3,88,True,False,True,True,4,False,-0.014170334205883373,-0.014170334205883373,down
POLH,156,True,False,True,True,4,False,0.26062700131605887,0.3202717519740883,up
POLR2C,394,True,False,True,True,4,False,-0.3111476626760035,-0.3111476626760035,down
POLR2L,126,True,False,True,True,4,False,0.10567769073996325,0.24997153610994483,up
POPDC1,97,True,False,True,True,4,False,-0.25290047052427683,-0.23587179495798344,down
POU3F1,25,True,False,True,True,4,False,0.012544898232492052,-0.012373902651261925,down
PPA1,217,True,False,True,True,4,False,-0.25486630852941117,-0.25486630852941117,down
PPARGC1B,400,True,False,True,True,4,False,-0.8591243284558819,-0.8591243284558819,down
PPAT,141,True,False,True,True,4,False,0.20405564770028026,0.3149588084033612,up
PPDPF,230,True,False,True,True,4,False,0.42719756115266166,0.6458675917289924,up
PPFIA1,175,True,False,True,True,4,False,-0.29476623834803883,-0.29476623834803883,down
PPIL3,312,True,False,True,True,4,False,0.24190453790896402,0.428726806863446,up
PPIL6,158,True,False,True,True,4,False,0.6496059283244628,0.8435326424866942,up
PPIP5K2,202,True,False,True,True,4,False,0.21550190347805698,0.2144235878151253,up
PPM1A,5,True,False,True,True,4,False,-0.30668615080882344,-0.30668615080882344,down
PPM1H,248,True,False,True,True,4,False,0.34421303459056957,0.34421303459056957,up
PPOX,37,True,False,True,True,4,False,0.47159586334593934,0.583581295018909,up
PPP1CB,401,True,False,True,True,4,False,-0.45792008372548976,-0.45792008372548976,down
PPP1R9A,72,True,False,True,True,4,False,-0.3412649509640527,-0.46901790588235304,down
PPP2R5D,319,True,True,True,True,4,False,0.06111430848529348,0.06111430848529348,up
PPP4R4,169,True,False,True,True,4,False,-0.5467339833048547,-0.5075196084033607,down
PRDM2,35,True,False,True,True,4,False,-0.019932205480393206,-0.019932205480393206,down
PRDM6,273,True,False,True,True,4,False,0.37131208444304437,0.5247406266645664,up
PRKAR2B,157,True,False,True,True,4,False,-0.3104970636792719,-0.3104970636792719,down
PRKCA,209,True,False,True,True,4,False,-0.14260033317226914,-0.19127335042016774,down
PRKCQ,134,True,False,True,True,4,False,-0.3789906152726419,-0.38612438907562996,down
PRKD2,230,True,False,True,True,4,False,0.025923258428104567,0.08124863764215684,up
PRMT5,61,True,False,True,True,4,False,-0.1334251845382831,-0.20592280042016964,down
PRMT6,369,True,False,True,True,4,False,0.45407791801353925,0.45407791801353925,up
PRMT8,155,True,True,True,True,4,False,0.3161959209514479,0.30916835420168126,up
PRPS1,367,True,False,True,True,4,False,0.204181242034548,0.28548105210084196,up
PRPS2,386,True,False,True,True,4,False,0.4457202937794126,0.4457202937794126,up
PRRC2A,204,True,False,True,True,4,False,0.26207146816176496,0.26207146816176496,up
PRRG4,72,True,True,True,True,4,False,-0.28271759305975724,-0.41630217605042075,down
PRRT3,238,True,False,True,True,4,False,0.4700504821764704,0.4700504821764704,up
PRSS23,408,True,False,True,True,4,False,0.27437244803968275,0.3409599220595241,up
PRTG,388,True,False,True,True,4,False,-0.44426563475583564,-0.3591548848739493,down
PSENEN,433,True,False,True,True,4,False,0.3189844477432295,0.2986234331932764,up
PSIP1,447,True,False,True,True,4,False,0.22962046566246488,0.17259987394957996,up
PSMA3,147,True,False,True,True,4,False,-0.32889121846872094,-0.32889121846872094,down
PSMA7,223,True,True,True,True,4,False,-0.21660258414565878,-0.3155165109243703,down
PSMB6,229,True,True,True,True,4,False,-0.03032575424136282,-0.19075673697479006,down
PSMD10,252,True,False,True,True,4,False,0.3112509666223162,0.3112509666223162,up
PSMD13,223,True,False,True,True,4,False,-0.20221331290056113,-0.26477696680672325,down
PSMD6,256,True,False,True,True,4,False,-0.22237142952007383,-0.22884991890756223,down
PTCD2,434,True,False,True,True,4,False,0.3412358949705883,0.45554259245588247,up
PTGES,244,True,True,True,True,4,False,0.3249750378412693,0.30647378613445353,up
PTGS1,444,True,False,True,True,4,False,0.4332710531097102,0.42680326974789873,up
PTK2B,214,True,False,True,True,4,False,-0.1531216049159662,-0.27088219957983173,down
PTPN11,28,True,False,True,True,4,False,-0.2982624643137253,-0.2982624643137253,down
PTPN18,179,True,True,True,True,4,False,-0.09961591023062484,-0.29243783445378085,down
PTPRN2,414,True,False,True,True,4,False,0.49744757812184864,0.587163867182773,up
PTPRT,190,True,False,True,True,4,False,0.8682732550378155,1.152002899159665,up
PTPRZ1,373,True,False,True,True,4,False,0.8055891021596638,1.2031649032394958,up
PTX3,357,True,False,True,True,4,False,-1.2607823570205412,-2.176598535530812,down
PUS10,293,True,False,True,True,4,False,0.2120252970485527,0.30184419557282904,up
PVR,40,True,False,True,True,4,False,-0.3689875125966393,-0.528503768894959,down
PYGO1,288,True,False,True,True,4,False,0.0700029801064425,0.21697486386554576,up
R3HDM1,441,True,False,True,True,4,False,0.2871838229754903,0.2871838229754903,up
RAB1B,88,True,False,True,True,4,False,0.07952319664705876,0.07952319664705876,up
RAB27B,182,True,False,True,True,4,False,0.5922708379262378,0.6732700068893567,up
RAB36,415,True,False,True,True,4,False,0.5546237715681605,0.5983422869747899,up
RAB37,228,True,True,True,True,4,False,0.6085935907941173,0.6085935907941173,up
RAB3D,360,True,False,True,True,4,False,-0.38708978999509697,-0.38708978999509697,down
RAB5A,5,True,False,True,True,4,False,-0.23821055284313775,-0.23821055284313775,down
RABL2A,125,True,False,True,True,4,False,0.6526189551409907,0.870703432711486,up
RAC1,90,True,False,True,True,4,False,-0.026226185406161506,0.053154471890757726,up
RACGAP1,400,True,False,True,True,4,False,-0.31188885084640433,-0.3631134558823521,down
RAI1,444,True,False,True,True,4,False,0.30728848883333293,0.30728848883333293,up
RALGPS2,124,True,False,True,True,4,False,0.40291690346498643,0.5631048054621851,up
RALY,253,True,False,True,True,4,False,0.1589835318039206,0.1589835318039206,up
RAMAC,255,True,False,True,True,4,False,-0.18612881710457443,-0.2692089205882351,down
RAMP1,447,True,False,True,True,4,False,0.8369927271666668,0.8369927271666668,up
RAPGEF1,122,True,False,True,True,4,False,-0.044435103852474046,-0.13431459285714212,down
RAPGEF2,246,True,False,True,True,4,False,-0.41514198289215754,-0.41514198289215754,down
RAPGEF3,241,True,False,True,True,4,False,-0.2918330822338934,-0.3563307344537817,down
RASA3,407,True,False,True,True,4,False,0.12133322142063574,0.11235989453781581,up
RASD1,270,True,False,True,True,4,False,-0.7414157052796453,-1.030909807919468,down
RASGRP3,99,True,False,True,True,4,False,0.39705497006022306,0.5448278390756287,up
RASL11B,228,True,False,True,True,4,False,0.49881079682843077,0.49881079682843077,up
RASSF6,354,True,False,True,True,4,False,0.6809306757292246,0.9694847635938371,up
RASSF8,169,True,False,True,True,4,False,-0.33897645751447253,-0.41789343627170883,down
RASSF9,250,True,False,True,True,4,False,0.7514135835536878,1.0433778753305316,up
RAVER1,205,True,False,True,True,4,False,0.29695857250980384,0.29695857250980384,up
RAVER2,31,True,False,True,True,4,False,0.40338263163165283,0.5825251974474792,up
RBBP9,24,True,False,True,True,4,False,0.13305987525256754,0.2623723128788513,up
RBM17,246,True,False,True,True,4,False,-0.42579288045098146,-0.42579288045098146,down
RBM26,230,True,False,True,True,4,False,0.2074922703837535,0.3181134055756303,up
RBM33,5,True,False,True,True,4,False,-0.21566336896405217,-0.30080380344607827,down
RBM41,284,True,False,True,True,4,False,0.2488424346680679,0.40339740200210183,up
RBM43,182,True,False,True,True,4,False,0.613678002658263,0.8289520039873945,up
RBP2,210,True,False,True,True,4,False,-0.3203358644360415,-0.4627388743697483,down
RBPJ,346,True,False,True,True,4,False,0.2454900693930905,0.3623041368627459,up
RCHY1,28,True,False,True,True,4,False,-0.19975319638748865,-0.2902872945812329,down
RDH10,91,True,True,True,True,4,False,0.012111414924836842,0.15213891176470562,up
RDH13,15,True,False,True,True,4,False,0.09458127666176491,0.09458127666176491,up
REC8,343,True,False,True,True,4,False,0.27556927524790004,0.2662676516806727,up
RECK,72,True,False,True,True,4,False,-0.3726817287455648,-0.3940184100840345,down
REEP1,96,True,False,True,True,4,False,0.605040882528478,0.605040882528478,up
REM1,410,True,False,True,True,4,False,0.1818074290564892,0.22601046134453792,up
RERG,447,True,False,True,True,4,False,0.36849384887908454,0.5508432733186268,up
RETSAT,263,True,False,True,True,4,False,-0.21603649692250196,-0.3710896936974792,down
RFLNB,349,True,False,True,True,4,False,-0.5526566490639603,-0.6664399735959403,down
RFX2,37,True,False,True,True,4,False,0.6038178598585429,0.6040902327731081,up
RFX7,346,True,False,True,True,4,False,0.3421594566568633,0.3421594566568633,up
RGL2,51,True,False,True,True,4,False,-0.01411521278921607,-0.01411521278921607,down
RGS22,229,True,False,True,True,4,False,1.0757904214038285,1.1756573815126048,up
RGS5,383,True,False,True,True,4,False,1.1354333440746969,1.1354333440746969,up
RHEB,222,True,False,True,True,4,False,-0.2215671019234348,-0.26542690288515214,down
RHNO1,369,True,False,True,True,4,False,0.3046963000023335,0.3046963000023335,up
RHOBTB1,73,True,False,True,True,4,False,0.11611336051493966,-0.10459347731092372,down
RHOT1,179,True,False,True,True,4,False,-0.11809205609337192,-0.19195042857142935,down
RIBC2,415,True,False,True,True,4,False,0.6716850741820726,0.6021113612731088,up
RIIAD1,8,True,False,True,True,4,False,0.6409967787100843,0.6364401680651266,up
RIPOR1,160,True,False,True,True,4,False,-0.3501074965200752,-0.46028484537815156,down
RIPOR2,81,True,False,True,True,4,False,-0.8692318866008408,-1.0418803299012613,down
RND3,60,True,False,True,True,4,False,-0.015837169534080247,-0.0011840122843131407,down
RNF123,59,True,False,True,True,4,False,0.1276585135392161,0.1276585135392161,up
RNF141,258,True,False,True,True,4,False,-0.2094140275985065,-0.25543009831932806,down
RNF148,157,True,False,True,True,4,False,-0.3051413469957982,-0.3051413469957982,down
RNF180,227,True,False,True,True,4,False,0.32387090013912184,0.5062376002086828,up
RNF207,82,True,False,True,True,4,False,0.3333976153590104,0.4734864230385156,up
RNF26,51,True,False,True,True,4,False,0.13641764074509782,0.13641764074509782,up
RNPEPL1,67,True,True,True,True,4,False,-0.026738142939309317,-0.026738142939309317,down
ROR1,113,True,False,True,True,4,False,-0.5237858404761907,-0.5237858404761907,down
RPE,243,True,False,True,True,4,False,0.343687680773109,0.39872402115966343,up
RPL10,177,True,False,True,True,4,False,-0.04826776498972907,-0.21806310462184925,down
RPL13,175,True,False,True,True,4,False,-0.20726339537815075,-0.20726339537815075,down
RPLP0,145,True,False,True,True,4,False,-0.24688996471521854,-0.24688996471521854,down
RPLP2,426,True,False,True,True,4,False,-0.12597889543090532,-0.180440843146358,down
RPS25,199,True,False,True,True,4,False,-0.08771960118113946,-0.1528331517717092,down
RPS28,46,True,False,True,True,4,False,-0.10222767050886979,-0.10222767050886979,down
RPS6KA5,273,True,False,True,True,4,False,0.36803861941036325,0.4811866791155448,up
RPS6KA6,82,True,False,True,True,4,False,0.3226766453622777,0.47794246804341656,up
RRAGC,97,True,False,True,True,4,False,-0.1984297977861814,-0.19615403445378155,down
RRM1,142,True,False,True,True,4,False,0.15082998263305347,0.24034997394958024,up
RRN3,90,True,False,True,True,4,False,-0.021785056334734116,0.042425069747899,up
RS1,209,True,False,True,True,4,False,-0.8326186668872545,-0.8326186668872545,down
RSAD1,254,True,False,True,True,4,False,0.027055771240196813,0.027055771240196813,up
RSL24D1,283,True,False,True,True,4,False,-0.03947680773529505,-0.03947680773529505,down
RSPH1,43,True,False,True,True,4,False,1.6359130015112033,1.8355007522668054,up
RSPH14,80,True,False,True,True,4,False,0.7137628148258636,0.6205742222387953,up
RSPH3,152,True,False,True,True,4,False,0.4834988734803926,0.7813895602205889,up
RSPH9,7,True,False,True,True,4,False,0.8141295292194206,0.6483818071428574,up
RSPO3,196,True,False,True,True,4,False,0.20374867011998146,0.39276525336134505,up
RSRP1,185,True,False,True,True,4,False,0.3986235113109251,0.5327640169663876,up
RUNX1T1,378,True,False,True,True,4,False,0.17654595988281926,-0.01822682226890815,down
RUNX2,16,True,True,True,True,4,False,0.4201155628183946,0.3888831390756308,up
RWDD2B,110,True,False,True,True,4,False,0.13963743772362255,0.22747365658543384,up
RYR1,446,True,False,True,True,4,False,0.7824148420441175,0.7824148420441175,up
S100A13,408,True,False,True,True,4,False,0.34761876407353043,0.34761876407353043,up
S100A6,307,True,False,True,True,4,False,-0.05209624540616309,-0.0446555126470598,down
S100A9,105,True,False,True,True,4,False,-1.2573186144948645,-1.2573186144948645,down
S100Z,15,True,False,True,True,4,False,-0.008536158014705905,-0.008536158014705905,down
S1PR2,62,True,False,True,True,4,False,-0.16656016710971047,-0.2711927506645657,down
SACK1B,413,True,False,True,True,4,False,0.5332161179042947,0.757307926856442,up
SALL4,99,True,False,True,True,4,False,0.5531612254656859,0.5531612254656859,up
SAMD5,347,True,False,True,True,4,False,-0.3913552453006548,-0.44091975294117725,down
SAMHD1,63,True,False,True,True,4,False,-0.10887371783379891,-0.2077206247899146,down
SAMSN1,34,True,False,True,True,4,False,-0.3679642761928111,-0.8411051642892167,down
SAXO2,57,True,False,True,True,4,False,1.1773816515028017,1.19108369579832,up
SAXO6,1,True,False,True,True,4,False,0.45196237759290375,0.6662660663893556,up
SBDS,431,True,False,True,True,4,False,-0.3818014592436983,-0.3818014592436983,down
SCAF11,367,True,False,True,True,4,False,0.23891400640943072,0.3190085096141462,up
SCAMP4,332,True,False,True,True,4,False,0.39394155371078465,0.39394155371078465,up
SCAP,52,True,False,True,True,4,False,0.11549480771568606,0.11549480771568606,up
SCD5,99,True,False,True,True,4,False,0.3512349058048559,0.5125961087072839,up
SCGB3A2,182,True,False,True,True,4,False,1.075560709584499,1.1840304957983179,up
SCIN,129,True,True,True,True,4,False,-0.2793331655088707,-0.4338469504201685,down
SCML1,157,True,False,True,True,4,False,-0.2860356154985994,-0.2860356154985994,down
SCN3A,98,True,False,True,True,4,False,0.32785766473389344,0.2987343109243697,up
SCP2,407,True,False,True,True,4,False,0.20001924957049524,0.23316012435574285,up
SCRG1,131,True,False,True,True,4,False,1.1785679115245102,1.1785679115245102,up
SCRN1,331,True,False,True,True,4,False,0.34372606065196054,0.34372606065196054,up
SDC2,444,True,False,True,True,4,False,0.3267801500947716,0.3838652251421575,up
SDC3,305,True,False,True,True,4,False,0.3907818222689074,0.3907818222689074,up
SDE2,100,True,False,True,True,4,False,-0.39253162265219427,-0.5762249339782914,down
SDSL,333,True,False,True,True,4,False,0.7597035897696081,0.7597035897696081,up
SEBOX,15,True,False,True,True,4,False,0.1346466895021008,0.1346466895021008,up
SEC14L3,374,True,False,True,True,4,False,0.4528336613996263,0.40351549209943927,up
SEC24D,141,True,False,True,True,4,False,0.21426889623902903,0.36958663067226905,up
SEC31A,386,True,False,True,True,4,False,0.34906072225490054,0.34906072225490054,up
SECISBP2,400,True,False,True,True,4,False,-0.43695373469117654,-0.43695373469117654,down
SELE,89,True,False,True,True,4,False,0.553509265247432,1.2787766180672264,up
SELENOH,421,True,True,True,True,4,False,0.19242527058823466,0.19242527058823466,up
SELENOM,284,True,False,True,True,4,False,0.37751628338048543,0.5742332595245097,up
SELL,263,True,False,True,True,4,False,-0.6817790092936508,-1.063122263940476,down
SELPLG,258,True,False,True,True,4,False,-0.2686513389803915,-0.37234090294117683,down
SEMA3B,168,True,False,True,True,4,False,-0.36825865419747855,-0.5466272920168065,down
SEMA3F,430,True,False,True,True,4,False,-0.38727052595004635,-0.37593765630252096,down
SEMA5A,178,True,False,True,True,4,False,-0.22023782825583513,-0.4081865084033608,down
SEMA6A,48,True,False,True,True,4,False,-0.8569627854738563,-1.0052741647058827,down
SEPTIN2,419,True,False,True,True,4,False,0.23158351764705942,0.23158351764705942,up
SEPTIN4,378,True,False,True,True,4,False,-0.23118360889962575,-0.41436482016806664,down
SERINC1,435,True,False,True,True,4,False,-0.16129817943043903,-0.22523399159663993,down
SERINC5,344,True,False,True,True,4,False,0.32198774574019606,0.32198774574019606,up
SERPINB1,62,True,False,True,True,4,False,-0.2570059094463128,-0.5305776141694691,down
SERPINB9,62,True,False,True,True,4,False,-0.17119469425770337,-0.4158782913865551,down
SERPINE1,357,True,False,True,True,4,False,-0.8052450032413639,-1.4038687548620459,down
SESN3,93,True,False,True,True,4,False,0.6588376978604104,0.6588376978604104,up
SETDB2,441,True,False,True,True,4,False,0.22704540255975847,0.18553980546218546,up
SFTPC,70,True,False,True,True,4,False,-0.2822024626377206,-0.3608499439565813,down
SFTPD,100,True,False,True,True,4,False,-0.5534144060784314,-0.5762561647058826,down
SFXN2,69,True,False,True,True,4,False,-0.24943649693090583,-0.23952341932773136,down
SGCG,401,True,False,True,True,4,False,-0.36813139733940314,-0.38954251344537916,down
SGK1,371,True,False,True,True,4,False,-0.4835839885947723,-0.6129147328921585,down
SH2D4A,145,True,False,True,True,4,False,-0.3297054800420168,-0.3297054800420168,down
SH3BGR,446,True,False,True,True,4,False,0.6014204310931373,0.6014204310931373,up
SH3BP2,256,True,False,True,True,4,False,-0.193592441362745,-0.2640593000000001,down
SH3PXD2B,71,True,False,True,True,4,False,-0.3006970725882349,-0.39937935888235243,down
SHANK2,107,True,False,True,True,4,False,-0.12721693412278215,-0.21812512563025166,down
SHANK3,349,True,False,True,True,4,False,-0.6645783026841738,-0.6645783026841738,down
SHCBP1,215,True,False,True,True,4,False,0.3254213610784313,0.44553079161764675,up
SHTN1,103,True,False,True,True,4,False,-0.07085710764052193,-0.2699845147058816,down
SIDT2,358,True,False,True,True,4,False,-0.15968939223902842,-0.3060723218487391,down
SIGLEC11,356,True,False,True,True,4,False,-0.17681725276237184,-0.3474799054621853,down
SIK1,51,True,False,True,True,4,False,-0.6240195984313721,-0.6240195984313721,down
SIL1,238,True,False,True,True,4,False,0.421133273696079,0.421133273696079,up
SIRPB2,347,True,False,True,True,4,False,-0.330034619029878,-0.43980458949579704,down
SIRPD,347,True,False,True,True,4,False,-0.3641772308790852,-0.4401542764705885,down
SIX4,338,True,False,True,True,4,False,0.6816004545102711,1.0092719317654066,up
SKIC3,22,True,False,True,True,4,False,-0.033590186761905616,-0.07373046890756357,down
SLC11A1,50,True,False,True,True,4,False,-0.6146939434351079,-0.8207351865546221,down
SLC12A2,441,True,False,True,True,4,False,0.1998521968309981,0.26910829524649715,up
SLC14A1,246,True,True,True,True,4,False,-0.330622926054622,-0.4246229651260509,down
SLC16A13,378,True,False,True,True,4,False,-0.19899907647058768,-0.19899907647058768,down
SLC18B1,297,True,False,True,True,4,False,0.5274793782086834,0.5274793782086834,up
SLC1A2,308,True,True,True,True,4,False,0.05685481561671354,0.2130012563025212,up
SLC1A4,295,True,False,True,True,4,False,0.351069325108776,0.2886319113445369,up
SLC20A1,67,True,False,True,True,4,False,-0.15296553226190457,-0.15296553226190457,down
SLC22A4,410,True,False,True,True,4,False,0.5992971616568621,0.6751836117647052,up
SLC23A1,215,True,False,True,True,4,False,0.3381730949733899,0.3145245752100852,up
SLC25A1,379,True,False,True,True,4,False,0.03876115570821622,0.12755673356232444,up
SLC25A18,209,True,False,True,True,4,False,-0.5534507550980388,-0.5534507550980388,down
SLC25A20,199,True,False,True,True,4,False,-0.11263672874603199,-0.28334109957983244,down
SLC25A37,50,True,False,True,True,4,False,-0.5776989172049477,-0.8272408758074214,down
SLC25A4,29,True,False,True,True,4,False,-0.41381583714215764,-0.41381583714215764,down
SLC25A44,97,True,False,True,True,4,False,-0.27032774484827193,-0.3484116172724079,down
SLC26A2,422,True,False,True,True,4,False,-0.4792083547418306,-0.40126092647058825,down
SLC26A6,412,True,False,True,True,4,False,-0.3020095376274509,-0.3020095376274509,down
SLC26A8,175,True,False,True,True,4,False,-0.33816049814705873,-0.33816049814705873,down
SLC26A9,48,True,False,True,True,4,False,-0.8079937088538749,-0.9866078613445382,down
SLC2A1,448,True,False,True,True,4,False,0.4320095742908494,0.572008717647059,up
SLC2A5,10,True,False,True,True,4,False,0.5675963626750703,0.7886019168067226,up
SLC2A9,14,True,False,True,True,4,False,0.057229360970121566,0.10089029145518236,up
SLC30A1,425,True,False,True,True,4,False,0.2808941373655463,0.34445803991596663,up
SLC31A2,350,True,False,True,True,4,False,-0.4788953235340805,-0.6434798949579836,down
SLC35A4,212,True,False,True,True,4,False,-0.18041956373576049,-0.3247111130252097,down
SLC35E2B,346,True,False,True,True,4,False,0.42747567919887963,0.42747567919887963,up
SLC38A11,409,True,False,True,True,4,False,0.21470750530578933,0.2499872785714291,up
SLC38A6,248,True,False,True,True,4,False,0.5868212098104576,0.5868212098104576,up
SLC39A10,252,True,False,True,True,4,False,0.3834660689439778,0.3834660689439778,up
SLC39A11,167,True,False,True,True,4,False,0.3925336817105507,0.558807398196078,up
SLC39A7,25,True,False,True,True,4,False,0.007549689627918503,0.05120515126050518,up
SLC4A5,152,True,False,True,True,4,False,0.4300488353622782,0.6688857530434174,up
SLC4A8,83,True,False,True,True,4,False,0.3951395299677876,0.48606548361344565,up
SLC5A3,166,True,False,True,True,4,False,0.318467684005602,0.415312776008403,up
SLC60A1,367,True,False,True,True,4,False,0.43882074123529385,0.3113563205882349,up
SLC6A8,239,True,False,True,True,4,False,0.37032853268137295,0.37032853268137295,up
SLF1,230,True,False,True,True,4,False,0.13111487493790933,0.20607829705882408,up
SLIT3,294,True,False,True,True,4,False,0.3792999980695617,0.39164734663865675,up
SLITRK4,14,True,False,True,True,4,False,0.09236091841876755,0.01484346596638686,up
SLITRK6,164,True,False,True,True,4,False,1.4381412845961725,1.4381412845961725,up
SLPI,5,True,False,True,True,4,False,-0.3961631218347342,-0.48317666554621974,down
SMC2,243,True,False,True,True,4,False,0.3494674718543423,0.45439370778151345,up
SMDT1,72,True,False,True,True,4,False,-0.20818048059150288,-0.30967162352941163,down
SMIM22,366,True,False,True,True,4,False,0.5986112173823539,0.5986112173823539,up
SMPD2,184,True,False,True,True,4,False,0.28871511978851605,0.3180576796827741,up
SMYD2,101,True,False,True,True,4,False,0.20134549901447307,0.3479007485217096,up
SNAI1,207,True,False,True,True,4,False,-0.4945306564393092,-0.7039434846589638,down
SNAP47,419,True,False,True,True,4,False,0.21240383066176555,0.21240383066176555,up
SNTB1,160,True,False,True,True,4,False,-0.3588467987310923,-0.464532882773109,down
SOCS1,110,True,False,True,True,4,False,0.019005657179270757,0.2926771222689066,up
SOD1,230,True,False,True,True,4,False,0.12283360091503333,0.24426040137255,up
SOS1,224,True,False,True,True,4,False,0.24701984776890828,0.4045610216533624,up
SOX5,192,True,False,True,True,4,False,0.2112447901027078,0.20287511848739476,up
SOX8,367,True,False,True,True,4,False,0.26152407673039235,0.26152407673039235,up
SP100,5,True,False,True,True,4,False,-0.26564606255322176,-0.37820435840336175,down
SPA17,92,True,False,True,True,4,False,0.9809260744332399,0.9809260744332399,up
SPAG1,9,True,False,True,True,4,False,0.33385349472595677,0.34470621596638634,up
SPAG17,42,True,False,True,True,4,False,1.2225393263155933,1.4911589894733899,up
SPAG4,182,True,False,True,True,4,False,0.4050056122572359,0.5475244092436979,up
SPAG8,351,True,False,True,True,4,False,0.6141941015191409,0.6483886522787112,up
SPAG9,317,True,True,True,True,4,False,-0.38816337752451086,-0.38816337752451086,down
SPATA17,249,True,False,True,True,4,False,1.1595493209785246,1.0279054008403359,up
SPATA18,119,True,False,True,True,4,False,1.7930938623954251,1.7930938623954251,up
SPATA31G1,2,True,False,True,True,4,False,-0.32958041351307155,-0.32958041351307155,down
SPATA4,144,True,False,True,True,4,False,0.544836074397759,0.5443141115966386,up
SPEF2,249,True,False,True,True,4,False,0.8227327995980395,1.021925449397059,up
SPHK1,110,True,True,True,True,4,False,0.03411326857142819,0.19050348697479003,up
SPIN1,408,True,False,True,True,4,False,0.3434053863578438,0.3434053863578438,up
SPIN4,229,True,False,True,True,4,False,-0.04679652918067176,-0.1246577584033612,down
SPOCK3,55,True,False,True,True,4,False,0.6063430404990666,0.5051561327731098,up
SQOR,160,True,False,True,True,4,False,-0.3798124902623714,-0.45771690840336143,down
SRGAP3,443,True,False,True,True,4,False,0.5593756942338932,0.7049297913508399,up
SRR,420,True,False,True,True,4,False,0.18494455461718015,0.25634683192577024,up
SRRM2,217,True,False,True,True,4,False,-0.3887257576792725,-0.3887257576792725,down
SSBP2,155,True,False,True,True,4,False,0.24674702787488334,0.30744725924369765,up
SSNA1,199,True,True,True,True,4,False,-0.09710915449393102,-0.1855435924369745,down
STAP1,82,True,True,True,True,4,False,0.403668545848273,0.47820398739495806,up
STAP2,337,True,False,True,True,4,False,0.3208077599430444,0.3316111638655469,up
STC1,177,True,False,True,True,4,False,-0.6335217090242762,-0.9521425635364142,down
STC2,180,True,False,True,True,4,False,-0.38932244570121366,-0.6232286685518207,down
STEAP4,324,True,False,True,True,4,False,0.49316104996825355,0.6832237789915974,up
STK25,88,True,False,True,True,4,False,0.06820780930392256,0.06820780930392256,up
STK38,276,True,False,True,True,4,False,0.2657985173790855,0.2657985173790855,up
STMN1,202,True,False,True,True,4,False,0.4241399137352946,0.4241399137352946,up
STOML3,190,True,False,True,True,4,False,1.015912875993464,1.1242034764705882,up
STON1,137,True,False,True,True,4,False,-0.5795515433872543,-0.5795515433872543,down
STOX1,125,True,False,True,True,4,False,0.7465288271255837,0.8683431831932777,up
STOX2,356,True,False,True,True,4,False,-0.10358384773482669,-0.012040089915965946,down
STRBP,118,True,False,True,True,4,False,0.401768013539683,0.6963345203095246,up
STRN,246,True,False,True,True,4,False,-0.443192469431372,-0.443192469431372,down
STS,441,True,False,True,True,4,False,0.25761629042436884,0.2359104634453767,up
STT3B,386,True,False,True,True,4,False,0.38464157406862676,0.38464157406862676,up
STUB1,35,True,False,True,True,4,False,0.024882899264706437,0.024882899264706437,up
STX17,288,True,False,True,True,4,False,0.22221333807236265,0.383445007108544,up
STXBP2,213,True,False,True,True,4,False,-0.08446476349859884,-0.293906063865546,down
SUCNR1,185,True,False,True,True,4,False,0.44407003299253067,0.524883799488796,up
SULT4A1,318,True,False,True,True,4,False,-0.01908262092156844,-0.01908262092156844,down
SUOX,88,True,False,True,True,4,False,0.11666872853921545,0.11666872853921545,up
SYDE1,175,True,False,True,True,4,False,-0.1827052122595705,-0.17246445672269,down
SYDE2,316,True,False,True,True,4,False,-0.35286407364425737,-0.47279375126050405,down
SYNDIG1,37,True,False,True,True,4,False,0.9519451570539221,0.9519451570539221,up
SYNE1,29,True,False,True,True,4,False,-0.3427738876577961,-0.32887540546218474,down
SYTL3,230,True,False,True,True,4,False,0.23439535734266967,0.44497270756302454,up
TACR1,118,True,False,True,True,4,False,0.22199814384780603,0.18320983907563085,up
TADA3,59,True,False,True,True,4,False,0.19476388999019567,0.19476388999019567,up
TAF9B,378,True,False,True,True,4,False,-0.1925210216629317,-0.17531528249439754,down
TAGAP,227,True,False,True,True,4,False,0.13094333574182984,0.4387129529411764,up
TANC1,145,True,False,True,True,4,False,-0.2766264962068159,-0.2766264962068159,down
TANK,412,True,False,True,True,4,False,-0.1861412549598506,-0.25307813243977595,down
TAS2R20,419,True,False,True,True,4,False,0.20924654705882334,0.20924654705882334,up
TAS2R31,367,True,True,True,True,4,False,0.26790728025210075,0.26790728025210075,up
TASL,101,True,False,True,True,4,False,0.2261366724915966,0.3534952920168072,up
TAX1BP1,202,True,False,True,True,4,False,0.21033204042016798,0.29950431063025196,up
TBC1D10C,141,True,True,True,True,4,False,0.40660133528711406,0.6337115718382348,up
TBC1D30,356,True,False,True,True,4,False,-0.2783338830765642,-0.42070082461484626,down
TBC1D31,243,True,False,True,True,4,False,0.4081692693571421,0.5169376540357131,up
TBC1D4,103,True,False,True,True,4,False,-0.17236448745611546,-0.30370806974789893,down
TBC1D8,28,True,False,True,True,4,False,-0.2839133586423908,-0.26003390504201773,down
TBC1D8B,273,True,False,True,True,4,False,0.399705653193745,0.5400522297906174,up
TBX1,228,True,False,True,True,4,False,0.5492383091666669,0.5492383091666669,up
TBX2,62,True,False,True,True,4,False,-0.1250753010961716,-0.4997157096638648,down
TCAP,400,True,False,True,True,4,False,-0.6508801927058822,-0.6508801927058822,down
TCEAL4,211,True,False,True,True,4,False,-0.6944397223039223,-0.6944397223039223,down
TCEAL6,5,True,False,True,True,4,False,-0.22137480126050413,-0.22137480126050413,down
TCF3,244,True,False,True,True,4,False,0.2569823921568628,0.2569823921568628,up
TCFL5,205,True,False,True,True,4,False,0.32368864734804004,0.32368864734804004,up
TDRD3,386,True,False,True,True,4,False,0.2569746361031748,0.3256369541547621,up
TECR,253,True,False,True,True,4,False,0.09187123444607848,0.09187123444607848,up
TEKT1,190,True,False,True,True,4,False,1.1835438156405227,1.1140266999999997,up
TESC,228,True,False,True,True,4,False,0.4158034776059763,0.5913822743921571,up
TFEB,336,True,False,True,True,4,False,0.2930892939019598,0.2930892939019598,up
THAP10,288,True,False,True,True,4,False,0.23194429545238074,0.3713476931785711,up
THEMIS,448,True,False,True,True,4,False,0.5384181388704481,0.5384181388704481,up
THOC1,409,True,False,True,True,4,False,0.19001373920588233,0.19001373920588233,up
THSD7A,401,True,False,True,True,4,False,-0.40630710735154163,-0.4466044110273124,down
THYN1,228,True,False,True,True,4,False,0.5539580950245102,0.5539580950245102,up
TIE1,177,True,False,True,True,4,False,-0.16918015087908458,-0.4498806617647061,down
TIMM10,340,True,False,True,True,4,False,0.09895505167927206,0.09895505167927206,up
TIMM13,69,True,False,True,True,4,False,-0.16107029816666707,-0.22706986764705855,down
TIMM8A,127,True,False,True,True,4,False,-0.21168846562371568,0.03115388949579878,up
TIMP2,141,True,True,True,True,4,False,0.13747963937441787,0.2640994590616268,up
TINAGL1,241,True,False,True,True,4,False,-0.3245171576083099,-0.32956948641246475,down
TJP3,332,True,False,True,True,4,False,0.4121450687436967,0.4121450687436967,up
TLN1,341,True,False,True,True,4,False,-0.030167379329130533,-0.030167379329130533,down
TLR3,62,True,False,True,True,4,False,-0.14212469479318365,-0.3033169680672263,down
TLR4,353,True,False,True,True,4,False,-0.8010079470415499,-0.8010079470415499,down
TMCC3,258,True,False,True,True,4,False,-0.43245639721148504,-0.4476552504201685,down
TMED9,110,True,True,True,True,4,False,0.16647251930438822,0.19806301596638626,up
TMEM121B,436,True,False,True,True,4,False,-0.19081557218020526,-0.2568933582703079,down
TMEM130,324,True,False,True,True,4,False,0.6978714878986926,1.0242971024362744,up
TMEM131,201,True,False,True,True,4,False,0.2541349385186738,0.2541349385186738,up
TMEM134,239,True,False,True,True,4,False,0.3675471221127451,0.3675471221127451,up
TMEM138,441,True,False,True,True,4,False,0.3043079513333333,0.3043079513333333,up
TMEM140,62,True,False,True,True,4,False,-0.1603279601503278,-0.3757706882352947,down
TMEM147,176,True,False,True,True,4,False,0.013785709016806943,0.03024606352521042,up
TMEM14A,429,True,False,True,True,4,False,0.5460775927488322,0.5460775927488322,up
TMEM163,169,True,False,True,True,4,False,-0.4452725522945835,-0.5264588512605033,down
TMEM167B,28,True,False,True,True,4,False,-0.24503082051960742,-0.24503082051960742,down
TMEM17,273,True,False,True,True,4,False,0.4699787419827263,0.6274131129740894,up
TMEM219,15,True,False,True,True,4,False,0.36575224943627443,0.36575224943627443,up
TMEM220,283,True,False,True,True,4,False,-0.13753383061764723,-0.13753383061764723,down
TMEM231,92,True,False,True,True,4,False,0.962418421860411,0.962418421860411,up
TMEM254,18,True,False,True,True,4,False,0.38101638561858,0.42320957842787,up
TMEM258,126,True,False,True,True,4,False,0.21503703794117726,0.3567461922058834,up
TMEM37,5,True,False,True,True,4,False,-0.2477833867969178,-0.3599089105042012,down
TMEM38A,394,True,False,True,True,4,False,-0.32075983131839414,-0.32075983131839414,down
TMEM51,229,True,False,True,True,4,False,0.4388858485931382,0.4388858485931382,up
TMEM88,169,True,False,True,True,4,False,-0.4102524918898222,-0.4696337378347333,down
TMEM9B,179,True,False,True,True,4,False,-0.0802438488996271,-0.18944980840336234,down
TMIGD3,270,True,False,True,True,4,False,-0.7815275810924374,-0.7815275810924374,down
TMOD1,175,True,False,True,True,4,False,-0.44757084043744183,-0.4452224369747895,down
TMPRSS3,440,True,False,True,True,4,False,0.21994595785620943,0.2399276794117647,up
TMTC2,345,True,True,True,True,4,False,0.3563181605723629,0.4311734908585443,up
TMTC4,204,True,True,True,True,4,False,0.2653369911619981,0.21142310210083987,up
TNFAIP1,241,True,False,True,True,4,False,-0.21943751041503368,-0.31443670000000046,down
TNFRSF10D,359,True,False,True,True,4,False,-0.44443572380952356,-0.6630135857142854,down
TNFRSF13B,230,True,False,True,True,4,False,0.048162565947245696,0.19287585168067256,up
TNFRSF14,22,True,False,True,True,4,False,0.0020289607614379554,0.09081469114215679,up
TNFRSF25,365,True,False,True,True,4,False,0.6143607524558818,0.6143607524558818,up
TNFSF9,103,True,False,True,True,4,False,-0.15923373745845057,-0.28905685618767585,down
TNIP3,31,True,False,True,True,4,False,0.5564261647422967,0.6899847336134456,up
TNPO1,441,True,False,True,True,4,False,0.2465790998039222,0.2465790998039222,up
TNPO3,88,True,False,True,True,4,False,0.0865082154362744,0.0865082154362744,up
TNXB,185,True,False,True,True,4,False,0.46702829330532136,0.49658976260504106,up
TOGARAM1,152,True,False,True,True,4,False,0.3879977793165266,0.60447041897479,up
TOGARAM2,294,True,False,True,True,4,False,0.6791530890434171,0.7954383835651258,up
TOX,208,True,False,True,True,4,False,-0.4087517826587292,-0.2914424844537801,down
TPI1,340,True,False,True,True,4,False,-0.010580394313725483,-0.010580394313725483,down
TPK1,70,True,False,True,True,4,False,-0.261336247480393,-0.2820173588235303,down
TPPP,141,True,False,True,True,4,False,0.24579902745984972,0.43571354118977457,up
TRAM1,205,True,False,True,True,4,False,0.36649220700980456,0.36649220700980456,up
TREM1,330,True,False,True,True,4,False,-0.34524982884360417,-0.40700027773109215,down
TRIB1,107,True,False,True,True,4,False,-0.1933736293548102,-0.24374714487255067,down
TRIM22,245,True,False,True,True,4,False,0.40666039444444496,0.39631552352941224,up
TRIM28,283,True,False,True,True,4,False,0.22174678457352964,0.22174678457352964,up
TRIM69,205,True,False,True,True,4,False,0.41959946925980446,0.41959946925980446,up
TRIM8,441,True,True,True,True,4,False,0.13153423266666686,0.18589085882352963,up
TRIP13,402,True,False,True,True,4,False,0.5542094514416435,0.7707666771624653,up
TRMT1L,372,True,False,True,True,4,False,0.48081220033940236,0.6827258005091035,up
TRMT5,312,True,False,True,True,4,False,0.2345249072455653,0.370343610868348,up
TRPC1,98,True,False,True,True,4,False,0.3606749019042954,0.42766860285644315,up
TRPC6,267,True,False,True,True,4,False,0.4584414834491138,0.6352559751736706,up
TRPV2,101,True,False,True,True,4,False,0.13310927926750674,0.23228766890126007,up
TSC2,254,True,False,True,True,4,False,0.2096517115049027,0.2096517115049027,up
TSEN54,337,True,False,True,True,4,False,0.2158817759558825,0.2158817759558825,up
TSPAN12,104,True,False,True,True,4,False,-0.24242143716573303,-0.43118504453781514,down
TSPO,101,True,False,True,True,4,False,0.08502878666620013,0.2003631799993002,up
TSR3,15,True,False,True,True,4,False,0.15830996765686353,0.15830996765686353,up
TTC21A,443,True,False,True,True,4,False,0.5254168387740432,0.7040140081610651,up
TTC22,386,True,False,True,True,4,False,0.3462490423088238,0.3462490423088238,up
TTC23L,191,True,False,True,True,4,False,0.22430815128991588,0.35037954747899147,up
TTC39A,38,True,False,True,True,4,False,-0.38204469719747874,-0.5411295457962182,down
TTK,83,True,False,True,True,4,False,0.38618149735247426,0.48263599602871143,up
TTLL7,139,True,False,True,True,4,False,-0.2901716792441647,-0.15289352100840392,down
TTR,31,True,False,True,True,4,False,0.4386689670322134,0.6502579310924375,up
TUBB,230,True,False,True,True,4,False,0.23112380957983167,0.3845544643697476,up
TUBB2A,229,True,False,True,True,4,False,0.13770883122035626,0.2475495243697493,up
TULP3,340,True,False,True,True,4,False,0.12719420533846917,0.12719420533846917,up
TULP4,369,True,False,True,True,4,False,0.22764416655648875,0.22764416655648875,up
TUSC1,412,True,False,True,True,4,False,-0.31020913616666634,-0.31020913616666634,down
TUT4,156,True,False,True,True,4,False,0.27110751696918706,0.3252575254537806,up
TWIST2,211,True,False,True,True,4,False,-0.6263313422794119,-0.6263313422794119,down
TXN2,35,True,False,True,True,4,False,0.04867817352451015,0.04867817352451015,up
TXNDC15,344,True,False,True,True,4,False,0.31020081076470607,0.31020081076470607,up
TXNIP,263,True,False,True,True,4,False,-0.35113853697479125,-0.5959704495798334,down
TYMP,141,True,False,True,True,4,False,0.4310611133048545,0.6611179968480381,up
TYRO3,179,True,False,True,True,4,False,-0.11277879073482766,-0.23378193610224152,down
UBA52,35,True,True,True,True,4,False,-0.01313801127451035,-0.01313801127451035,down
UBFD1,337,True,False,True,True,4,False,0.2999368283774514,0.2999368283774514,up
UBLCP1,141,True,False,True,True,4,False,0.23328073516573347,0.38636110274860025,up
UBN2,243,True,False,True,True,4,False,0.3083522368380027,0.4609321052570041,up
UBTF,409,True,False,True,True,4,False,0.267019304784314,0.267019304784314,up
UBXN11,331,True,False,True,True,4,False,0.254041414624183,0.31831462193627447,up
UCHL1,239,True,False,True,True,4,False,0.5006927505018677,0.3887616257528017,up
UFC1,182,True,False,True,True,4,False,0.31085270186414554,0.4222865527962183,up
UIMC1,175,True,False,True,True,4,False,-0.30659644335294184,-0.30659644335294184,down
UNC93B1,346,True,False,True,True,4,False,0.23084700011998102,0.3260450144656859,up
UPB1,175,True,False,True,True,4,False,-0.28315214342647094,-0.28315214342647094,down
UPF3B,440,True,False,True,True,4,False,0.20870200426610622,0.27542425639915935,up
UPK1B,366,True,False,True,True,4,False,0.3602427992366946,0.527697948855042,up
UQCR11,441,True,False,True,True,4,False,0.30743127313725566,0.30743127313725566,up
UQCRB,440,True,False,True,True,4,False,0.2316084324019613,0.2316084324019613,up
UQCRC1,67,True,False,True,True,4,False,0.054451689478991684,0.054451689478991684,up
URB1,344,True,True,True,True,4,False,0.3238330091764704,0.31968206176470554,up
URB2,25,True,False,True,True,4,False,-0.12317835731279136,0.02886411428571478,up
USF1,258,True,False,True,True,4,False,-0.17017317645938376,-0.2515560146890756,down
USHBP1,186,True,False,True,True,4,False,-0.7677363200784313,-0.7677363200784313,down
USP20,407,True,False,True,True,4,False,0.2532394158039225,0.2532394158039225,up
USP28,155,True,True,True,True,4,False,0.31661438434267025,0.3054192928571424,up
USP40,73,True,False,True,True,4,False,0.05912988861624665,-0.06721126554621848,down
USP48,386,True,False,True,True,4,False,0.35886714864705915,0.35886714864705915,up
UVSSA,356,True,False,True,True,4,False,0.009711856181139752,-0.1859412668067228,down
UXT,176,True,False,True,True,4,False,0.0590293271433234,0.034902740714985114,up
VAMP1,236,True,False,True,True,4,False,0.2001767455602231,0.2595913683403346,up
VAMP8,25,True,False,True,True,4,False,-0.017721510126050905,0.1026652348109236,up
VCF2,237,True,False,True,True,4,False,0.3486205637107841,0.3486205637107841,up
VCPKMT,104,True,False,True,True,4,False,-0.19368768471475303,-0.31614027707212955,down
VDAC2,387,True,False,True,True,4,False,-0.1533974695658267,-0.225565792436975,down
VEGFA,189,True,False,True,True,4,False,-0.5159454437656386,-0.5159454437656386,down
VKORC1,254,True,False,True,True,4,False,0.10580870612745008,0.10580870612745008,up
VKORC1L1,171,True,False,True,True,4,False,-0.2739137399304386,-0.2895396415966388,down
VPS13D,412,True,False,True,True,4,False,-0.323687741568628,-0.323687741568628,down
VPS28,88,True,False,True,True,4,False,0.1023855916372553,0.1023855916372553,up
VPS39,35,True,False,True,True,4,False,0.011624417887254462,0.011624417887254462,up
VSIG4,38,True,False,True,True,4,False,-0.4207661084089643,-0.5482971777310914,down
VSX1,29,True,False,True,True,4,False,-0.3963852772843137,-0.3963852772843137,down
VTA1,421,True,False,True,True,4,False,0.16416673973996188,0.14887514495798243,up
VTI1A,412,True,False,True,True,4,False,-0.2077852956209152,-0.2908167904901966,down
VWA3A,123,True,False,True,True,4,False,0.5849110429953316,0.8088553144929973,up
VWA8,52,True,False,True,True,4,False,0.22125205129901918,0.22125205129901918,up
WDR24,88,True,False,True,True,4,False,0.04265918851470635,0.04265918851470635,up
WDR3,90,True,False,True,True,4,False,0.018222462170869314,0.06498202310924439,up
WDR38,338,True,False,True,True,4,False,0.8406680010420174,1.014418251563026,up
WDR41,410,True,False,True,True,4,False,0.25801091424649814,0.2686716508403364,up
WFDC11,28,True,False,True,True,4,False,-0.2273310102892153,-0.2273310102892153,down
WFIKKN1,107,True,False,True,True,4,False,-0.2579632620653592,-0.45528572352941143,down
WFS1,71,True,False,True,True,4,False,-0.3079611824430444,-0.42839594327731145,down
WNT2B,308,True,False,True,True,4,False,-0.17004318294444484,-0.025550632352941582,down
WNT5B,267,True,False,True,True,4,False,0.5804748123578425,0.5804748123578425,up
WSB2,241,True,False,True,True,4,False,-0.20048651221802113,-0.26273608277310945,down
XCR1,327,True,False,True,True,4,False,0.16749895550000002,0.1470576088235294,up
XPO1,323,True,False,True,True,4,False,0.2961900200620918,0.3780637800931377,up
YARS1,394,True,False,True,True,4,False,-0.3699832868366017,-0.3699832868366017,down
YES1,356,True,False,True,True,4,False,-0.26599766995004626,-0.4070627549250694,down
YIF1A,103,True,False,True,True,4,False,-0.10625632357329702,-0.20633789495798482,down
YRDC,242,True,False,True,True,4,False,-0.3330583014509789,-0.5291224521764684,down
ZAP70,267,True,False,True,True,4,False,0.44120517832352896,0.6472786204264706,up
ZBBX,43,True,False,True,True,4,False,1.7439471169318397,2.240753175397759,up
ZBTB20,227,True,False,True,True,4,False,0.08005008666806661,0.31180263000209996,up
ZBTB21,46,True,False,True,True,4,False,-0.1446256532040154,-0.1446256532040154,down
ZBTB41,235,True,False,True,True,4,False,0.3246627389673207,0.433814108450981,up
ZBTB8OS,97,True,False,True,True,4,False,-0.1746622675032682,-0.19171720000000086,down
ZBTB9,340,True,False,True,True,4,False,0.056657737757703,0.056657737757703,up
ZC2HC1A,288,True,False,True,True,4,False,0.2920753879229687,0.47927058188445315,up
ZC3H7A,435,True,True,True,True,4,False,-0.2132140781862736,-0.2132140781862736,down
ZC3HAV1L,345,True,False,True,True,4,False,0.4239620495343138,0.4239620495343138,up
ZCCHC13,435,True,False,True,True,4,False,-0.10922430518137188,-0.10922430518137188,down
ZCRB1,293,True,False,True,True,4,False,0.23175758385760956,0.30277137578641433,up
ZDHHC1,275,True,False,True,True,4,False,0.3364819126951448,0.3364819126951448,up
ZDHHC23,4,True,False,True,True,4,False,0.28966757638235263,0.39535136457352893,up
ZDHHC3,14,True,False,True,True,4,False,0.04388358714099028,0.06308663071148546,up
ZFAND2A,388,True,False,True,True,4,False,-0.44158053575863687,-0.336973489495798,down
ZFAND5,394,True,False,True,True,4,False,-0.39846615639122346,-0.39846615639122346,down
ZFHX3,62,True,False,True,True,4,False,-0.1991086860480856,-0.3304691239495796,down
ZFP14,245,True,False,True,True,4,False,0.17490856820915032,0.17300910231372546,up
ZFP30,396,True,False,True,True,4,False,0.27954801980018734,0.27954801980018734,up
ZFP37,372,True,False,True,True,4,False,0.22847756257656401,0.287528843864846,up
ZFP62,409,True,False,True,True,4,False,0.2775239840163388,0.3950047260245082,up
ZFP64,166,True,False,True,True,4,False,0.45558671009313706,0.45558671009313706,up
ZFYVE16,409,True,False,True,True,4,False,0.15643040867833738,0.22841566092436993,up
ZG16B,324,True,False,True,True,4,False,1.044511374901961,1.044511374901961,up
ZHX3,360,True,True,True,True,4,False,-0.3493328009640528,-0.40741697352941164,down
ZKSCAN8,315,True,False,True,True,4,False,0.1658208046732023,0.23036995700980345,up
ZNF117,182,True,False,True,True,4,False,0.3810512239659208,0.5435755859488811,up
ZNF135,24,True,False,True,True,4,False,0.0801235682679743,0.1742031911764704,up
ZNF174,369,True,False,True,True,4,False,0.18431220471101703,0.18431220471101703,up
ZNF189,343,True,False,True,True,4,False,0.21979428621241795,0.1927520441176475,up
ZNF19,65,True,False,True,True,4,False,0.16189454737161535,0.16189454737161535,up
ZNF195,419,True,False,True,True,4,False,0.19382241966666677,0.14641074705882373,up
ZNF217,234,True,False,True,True,4,False,0.2858900894407102,0.33700338109243744,up
ZNF253,101,True,False,True,True,4,False,0.09917210054108351,0.2902294008116253,up
ZNF257,230,True,False,True,True,4,False,0.06210515976283828,0.14686587436974782,up
ZNF264,202,True,False,True,True,4,False,0.511915266382353,0.511915266382353,up
ZNF273,95,True,False,True,True,4,False,0.6170847641330534,0.6170847641330534,up
ZNF286A,204,True,False,True,True,4,False,0.2081649892990194,0.2081649892990194,up
ZNF287,101,True,False,True,True,4,False,0.18502385837768412,0.29318203756652617,up
ZNF292,182,True,False,True,True,4,False,0.3328914288524752,0.3252633932787128,up
ZNF33A,314,True,False,True,True,4,False,0.24543389623435966,0.19603898571428563,up
ZNF354B,227,True,False,True,True,4,False,0.08906967555415542,0.1602507668067239,up
ZNF385A,434,True,False,True,True,4,False,0.4212026992794117,0.4212026992794117,up
ZNF474,6,True,False,True,True,4,False,0.9197068267703079,0.9197068267703079,up
ZNF483,192,True,False,True,True,4,False,0.14034548504528474,0.19136322756792712,up
ZNF492,22,True,False,True,True,4,False,-0.13996817074649895,-0.08826723025210123,down
ZNF544,332,True,True,True,True,4,False,0.39665040536274454,0.39665040536274454,up
ZNF561,4,True,False,True,True,4,False,0.32045375886764677,0.32045375886764677,up
ZNF566,344,True,False,True,True,4,False,0.22216363178711487,0.3116029476806723,up
ZNF580,45,True,False,True,True,4,False,0.07214122389635856,0.07214122389635856,up
ZNF605,345,True,False,True,True,4,False,0.32942428490102743,0.4767826773515411,up
ZNF606,345,True,False,True,True,4,False,0.39637051721078387,0.39637051721078387,up
ZNF618,202,True,False,True,True,4,False,0.38491428310971054,0.5162501746645658,up
ZNF671,234,True,False,True,True,4,False,0.2818081250611576,0.29212218759173636,up
ZNF680,215,True,False,True,True,4,False,0.2844782331139126,0.4002598496708689,up
ZNF683,153,True,False,True,True,4,False,0.647909506355275,1.048496997478991,up
ZNF763,332,True,False,True,True,4,False,0.3960691341820728,0.3960691341820728,up
ZNF793,121,True,False,True,True,4,False,0.2868935542485995,0.2868935542485995,up
ZNF823,111,True,False,True,True,4,False,0.11504480438515348,0.12665835783823481,up
ZNF827,286,True,False,True,True,4,False,0.43761260275396835,0.6169176541309525,up
ZNF83,424,True,False,True,True,4,False,0.3154156986741361,0.3773547980112042,up
ZNF844,343,True,False,True,True,4,False,0.2757312171337536,0.2757312171337536,up
ZSCAN4,337,True,False,True,True,4,False,0.37285949307843147,0.37285949307843147,up
ZYG11B,254,True,False,True,True,4,False,0.06336402991666684,0.06336402991666684,up
ZYX,20,True,False,True,True,4,False,0.06323500507703099,0.0937125076155465,up
AAAS,44,True,False,True,False,3,False,0.09354592938235318,0.09354592938235318,up
ACKR4,107,True,False,True,False,3,False,-0.14422564933520174,-0.36370126386554735,down
ACSF2,140,True,False,True,False,3,False,0.0384129817633063,0.05766866172058857,up
ADRA2C,369,True,False,True,False,3,False,-0.3118874776984131,-0.3118874776984131,down
ALDH4A1,44,True,False,True,False,3,False,0.04877641153921522,0.04877641153921522,up
ALDH7A1,139,True,False,True,False,3,False,0.005537083950047576,-0.09602416134453715,down
AP1M1,44,True,False,True,False,3,False,0.08799844288235259,0.08799844288235259,up
ARHGAP32,46,True,False,True,False,3,False,0.17577770306162488,0.17577770306162488,up
ARID4A,427,True,False,True,False,3,False,-0.23069384204621834,-0.3128861235735293,down
ARMC5,56,True,False,True,False,3,False,0.0045112015882349255,0.0045112015882349255,up
ATG2A,426,True,False,True,False,3,False,-0.24581039402450997,-0.24581039402450997,down
ATP6V0E2,366,True,False,True,False,3,False,0.36747416168627356,0.36747416168627356,up
BANF1,369,True,False,True,False,3,False,0.3235611981386548,0.3235611981386548,up
BMP8A,109,True,False,True,False,3,False,0.06827088389168985,0.14427890756302492,up
CA3,400,True,False,True,False,3,False,-0.8169038057516333,-1.1411178615686275,down
CASP12,369,True,False,True,False,3,False,-0.278772000440243,-0.278772000440243,down
CBLN3,261,True,False,True,False,3,False,0.28674248691176535,0.28674248691176535,up
CD58,139,True,False,True,False,3,False,-0.14398951848132727,-0.2193132672268927,down
CDC14A,74,True,False,True,False,3,False,0.16603055595144764,0.2829945839271715,up
CDC20,366,True,False,True,False,3,False,0.2611507771227825,0.36083241568417357,up
CDC42BPB,44,True,False,True,False,3,False,0.19888166772058805,0.19888166772058805,up
CEACAM19,400,True,False,True,False,3,False,-0.47465412337745105,-0.47465412337745105,down
CEBPE,363,True,False,True,False,3,False,-0.21688207696078418,-0.21688207696078418,down
CFAP68,261,True,False,True,False,3,False,0.1428286154430438,0.2110766731645657,up
CH25H,46,True,False,True,False,3,False,0.24097195380999104,0.24097195380999104,up
CHD9,44,True,False,True,False,3,False,0.12874833617647086,0.12874833617647086,up
CHST3,109,True,False,True,False,3,False,0.1347641415508873,0.20843621232633103,up
CIBAR1,366,True,False,True,False,3,False,0.4929102428823522,0.4929102428823522,up
CISD1,261,True,False,True,False,3,False,0.18844142105975736,0.263677131589636,up
CKS1B,417,True,False,True,False,3,False,0.2377446511806721,0.25805072677100815,up
CLEC4C,261,True,False,True,False,3,False,0.17985084915196065,0.17985084915196065,up
COLEC12,261,True,False,True,False,3,False,0.30232842371241714,0.4286896767450969,up
CPAP,139,True,False,True,False,3,False,0.05339433348599395,-0.04484007016806768,down
CXXC1,23,True,False,True,False,3,False,-0.02519418053431227,-0.02519418053431227,down
CYBRD1,400,True,False,True,False,3,False,-0.4148181969234365,-0.42480894915966483,down
DENND2D,366,True,False,True,False,3,False,0.368803140799719,0.5040359078382345,up
DGLUCY,59,True,False,True,False,3,False,0.10939061110784243,0.10939061110784243,up
DPH5,139,True,False,True,False,3,False,-0.022799756329599557,-0.018945522268907666,down
EDEM2,109,True,False,True,False,3,False,0.12623111608169893,0.17798042412254844,up
EIF1,427,True,False,True,False,3,False,-0.22970663980392156,-0.22970663980392156,down
ERLN,366,True,False,True,False,3,False,0.5767165480980387,0.5767165480980387,up
EXOC2,261,True,False,True,False,3,False,0.23514094046078357,0.23514094046078357,up
FAAP100,418,True,False,True,False,3,False,0.2454459997058819,0.2454459997058819,up
FASTKD1,74,True,False,True,False,3,False,0.16078825200326793,0.29664362800490185,up
FBXO17,74,True,False,True,False,3,False,0.19524633354761925,0.31394205410294085,up
FBXO45,139,True,False,True,False,3,False,0.04779919025770352,0.008121398739496466,up
FOXE1,261,True,False,True,False,3,False,0.16882104176890725,0.15193331134453744,up
GAL3ST1,426,True,False,True,False,3,False,-0.21441411989449075,-0.22441366512604957,down
GPR183,14,True,False,True,False,3,False,0.003932338548086722,-0.016051248480391633,down
GRK1,426,True,False,True,False,3,False,-0.18112010066666567,-0.18112010066666567,down
H2BC6,139,True,False,True,False,3,False,-0.08181247756629306,-0.15914496634943953,down
H4C6,44,True,False,True,False,3,False,0.15861004705882376,0.15861004705882376,up
HNRNPA0,108,True,False,True,False,3,False,0.14032081500233487,0.09756769453781619,up
HSPA13,139,True,False,True,False,3,False,-0.11102206264892679,-0.150776747754902,down
IARS2,44,True,False,True,False,3,False,0.08136164679411806,0.08136164679411806,up
JAK2,427,True,False,True,False,3,False,-0.3191286219514483,-0.2554043659663869,down
KCNE3,139,True,False,True,False,3,False,-0.01565529307563181,-0.27774893361344666,down
KTI12,139,True,False,True,False,3,False,-0.025543554114379807,0.019312720588234078,up
LAMA1,261,True,False,True,False,3,False,0.2633082456666667,0.2633082456666667,up
LCE5A,23,True,False,True,False,3,False,0.004476071848740215,0.004476071848740215,up
LHX9,139,True,False,True,False,3,False,-0.1036968477348269,-0.20293527160224034,down
LIN7B,56,True,False,True,False,3,False,-0.005846736725489882,-0.005846736725489882,down
LNPK,261,True,False,True,False,3,False,0.2745591275831007,0.37476369137465104,up
LRRC72,23,True,False,True,False,3,False,0.0038733514019608783,0.0038733514019608783,up
LSM14B,426,True,False,True,False,3,False,-0.10131809709757178,-0.14363577521008297,down
LSMEM1,400,True,False,True,False,3,False,-0.6066068671568622,-0.6066068671568622,down
MAGED2,418,True,False,True,False,3,False,0.2588630993295992,0.29068464899439883,up
MAN2B2,56,True,False,True,False,3,False,0.1091667507892159,0.1091667507892159,up
MAP4,44,True,False,True,False,3,False,0.10054193221078475,0.10054193221078475,up
MAPK8,139,True,False,True,False,3,False,0.0028067556900092105,-0.04044547654901981,down
MARCO,141,True,False,True,False,3,False,0.29427208682866485,0.48419938024299647,up
MARK2,44,True,False,True,False,3,False,0.11183212358823463,0.11183212358823463,up
MROH7,261,True,False,True,False,3,False,0.264101788230392,0.264101788230392,up
MS4A14,74,True,False,True,False,3,False,0.11072361893417426,0.21009972672058908,up
MYBPC1,363,True,False,True,False,3,False,-0.14383218990686275,-0.14383218990686275,down
MYL6B,366,True,False,True,False,3,False,0.49712364049019575,0.49712364049019575,up
MYO5B,427,True,False,True,False,3,False,-0.31500860756209176,-0.3313492470588242,down
NDUFA10,23,True,False,True,False,3,False,-0.10339041529901824,-0.10339041529901824,down
NFXL1,261,True,False,True,False,3,False,0.14701079351914118,0.11831433109243808,up
NLGN1,108,True,False,True,False,3,False,0.06810135516339881,0.11798892352941226,up
NR4A3,109,True,False,True,False,3,False,0.12390016105088704,0.1832469247696087,up
NUDT18,87,True,False,True,False,3,False,-0.016624062848039134,-0.016624062848039134,down
NUMA1,44,True,False,True,False,3,False,0.13757009044117624,0.13757009044117624,up
OSR1,261,True,False,True,False,3,False,0.2923464570859015,0.20569536722689108,up
PARP11,44,True,False,True,False,3,False,0.09519631973529402,0.09519631973529402,up
PCIF1,44,True,False,True,False,3,False,0.13269296754901955,0.13269296754901955,up
PDE3B,261,True,False,True,False,3,False,0.20539069334874016,0.26064792100840406,up
PDXP,261,True,False,True,False,3,False,0.24237998923529458,0.24237998923529458,up
PGLYRP1,400,True,False,True,False,3,False,-0.2724811677866478,-0.3711805012598035,down
PLPPR1,108,True,False,True,False,3,False,0.12806996659103612,0.12451744988655422,up
POLM,261,True,False,True,False,3,False,0.1918479796029412,0.1918479796029412,up
POLR2I,109,True,False,True,False,3,False,0.14681886141503273,0.1810432921225491,up
PRDX4,369,True,False,True,False,3,False,0.4236951074836597,0.4236951074836597,up
PRM1,363,True,False,True,False,3,False,-0.15773413727310917,-0.16941778151260492,down
PRRC1,261,True,False,True,False,3,False,0.30095423340196176,0.30095423340196176,up
PSMD12,23,True,False,True,False,3,False,-0.23763702482352977,-0.23763702482352977,down
PTRHD1,109,True,False,True,False,3,False,0.11171798001960742,0.17827072002941113,up
PUS7,14,True,False,True,False,3,False,-0.10994823074089617,-0.031240044537814704,down
RAB7A,14,True,False,True,False,3,False,-0.034937228932773234,0.048246656600840154,up
RABGGTA,59,True,False,True,False,3,False,0.08554803439215716,0.08554803439215716,up
RALGAPA1,14,True,False,True,False,3,False,-0.01067826502427601,-0.014980115546218198,down
RANBP3L,427,True,False,True,False,3,False,-0.22756079716760028,-0.30193719369747873,down
RCN1,74,True,False,True,False,3,False,0.1845397329075625,0.31522566070588187,up
REEP5,56,True,False,True,False,3,False,-0.001229856911765137,-0.001229856911765137,down
RETREG3,59,True,False,True,False,3,False,0.1391171590392154,0.1391171590392154,up
REV3L,23,True,False,True,False,3,False,-0.05067065600490045,-0.05067065600490045,down
RNF112,400,True,False,True,False,3,False,-0.5560377987205881,-0.5560377987205881,down
RNF216,261,True,False,True,False,3,False,0.311782141455882,0.311782141455882,up
SAP30,400,True,False,True,False,3,False,-0.8865485458823525,-0.8865485458823525,down
SARS2,44,True,False,True,False,3,False,0.0638056997450984,0.0638056997450984,up
SCAF1,261,True,False,True,False,3,False,0.23200854739215632,0.23200854739215632,up
SCARB1,74,True,False,True,False,3,False,0.2055647471862734,0.25341962077941016,up
SDAD1,407,True,False,True,False,3,False,0.1951953331732037,0.168074652941177,up
SEC23A,261,True,False,True,False,3,False,0.1835895965812315,0.21746016344537739,up
SELENOP,400,True,False,True,False,3,False,-0.26330212031279343,-0.3481220888725505,down
SERPINB6,23,True,False,True,False,3,False,-0.010487591328430301,-0.010487591328430301,down
SESN1,139,True,False,True,False,3,False,0.05267617241970098,-0.15257518151260463,down
SF3A2,261,True,False,True,False,3,False,0.2723332281274508,0.2723332281274508,up
SFRP5,418,True,False,True,False,3,False,0.2175850475616248,0.27746257134243724,up
SH3BGRL3,74,True,False,True,False,3,False,0.22744346937208246,0.29033145405812366,up
SLC25A19,139,True,False,True,False,3,False,0.06567520622455637,0.02913906806722741,up
SLC7A1,139,True,False,True,False,3,False,-0.17719659976283816,-0.20704718115686288,down
SLC9B2,417,True,False,True,False,3,False,0.17475444343837457,0.21880866596638554,up
SMARCA5,139,True,False,True,False,3,False,-0.10284957197899221,-0.1644475903361361,down
SMARCAD1,261,True,False,True,False,3,False,0.1959042706127449,0.1959042706127449,up
SOCS2,46,True,False,True,False,3,False,-0.3180049839056949,-0.3180049839056949,down
SPATA22,363,True,False,True,False,3,False,-0.12661904138725516,-0.12661904138725516,down
SPEN,427,True,False,True,False,3,False,-0.35020245864705735,-0.35020245864705735,down
SRC,261,True,False,True,False,3,False,0.2839811400637262,0.2839811400637262,up
STK17A,74,True,False,True,False,3,False,0.05768323298272674,0.28424885924369836,up
SYAP1,139,True,False,True,False,3,False,-0.04555870692390326,-0.08619818055392259,down
SYCE3,366,True,False,True,False,3,False,0.48128509686764714,0.48128509686764714,up
SYT17,46,True,False,True,False,3,False,0.14375512686461253,0.14375512686461253,up
TAGLN,366,True,False,True,False,3,False,0.43374429620915045,0.4556789443137257,up
TAS2R43,261,True,False,True,False,3,False,0.21624144705882298,0.21624144705882298,up
TCEA2,366,True,False,True,False,3,False,0.4002942093235293,0.4002942093235293,up
TCF12,418,True,False,True,False,3,False,0.287653273504901,0.287653273504901,up
TCTN3,261,True,False,True,False,3,False,0.31535733369607855,0.31535733369607855,up
TES,427,True,False,True,False,3,False,-0.2833398972997206,-0.3216683945378157,down
THOC2,427,True,False,True,False,3,False,-0.18329683394724525,-0.21935738991596576,down
TK2,44,True,False,True,False,3,False,0.20116084566666703,0.20116084566666703,up
TLR10,109,True,False,True,False,3,False,0.029912954807189474,0.16475829117647078,up
TMED1,417,True,False,True,False,3,False,0.2592401865245095,0.2592401865245095,up
TMEM109,108,True,False,True,False,3,False,-0.000990723497664529,0.13671891475350328,up
TMEM255A,366,True,False,True,False,3,False,0.38440759689215653,0.533699989455882,up
TMEM50B,426,True,False,True,False,3,False,-0.16329273276190479,-0.22425071596638635,down
TMEM74B,107,True,False,True,False,3,False,-0.13341099103267984,-0.36746814411764733,down
TNFAIP3,34,True,False,True,False,3,False,-0.32337314136788037,-0.7268547120518205,down
TRAPPC9,261,True,False,True,False,3,False,0.1840630258872543,0.1840630258872543,up
TSPYL1,261,True,False,True,False,3,False,0.14561435000466794,0.20273518299019538,up
TSR1,139,True,False,True,False,3,False,-0.03845077864752574,0.03139119873949581,up
UQCR10,139,True,False,True,False,3,False,-0.08015154051820723,-0.08155406455882375,down
USP11,261,True,False,True,False,3,False,0.3667223392990193,0.3667223392990193,up
VAV1,108,True,False,True,False,3,False,0.11053910055508838,0.09426594579831987,up
VSIG2,74,True,False,True,False,3,False,0.18010852339635855,0.3241002850945378,up
WDR59,87,True,False,True,False,3,False,0.04564969844117639,0.04564969844117639,up
WRAP53,261,True,False,True,False,3,False,0.20478725856372565,0.20478725856372565,up
WRN,139,True,False,True,False,3,False,-0.027604436403360893,-0.10109498317647048,down
XK,427,True,False,True,False,3,False,-0.2769728005896354,-0.26100798319327745,down
YIPF3,44,True,False,True,False,3,False,0.08542271850980279,0.08542271850980279,up
ZCCHC17,418,True,False,True,False,3,False,0.2924873082794116,0.2924873082794116,up
ZMPSTE24,417,True,False,True,False,3,False,0.19995643050513534,0.25455464575770304,up
ZNF133,59,True,False,True,False,3,False,0.07957796233823455,0.07957796233823455,up
ZNF404,74,True,False,True,False,3,False,0.1676477345821662,0.36895160187324927,up
ZNF467,23,True,False,True,False,3,False,-0.07329442181372592,-0.07329442181372592,down
ZNF627,366,True,False,True,False,3,False,0.5522858019656853,0.5522858019656853,up
ZXDA,261,True,False,True,False,3,False,0.22911008346078404,0.22911008346078404,up
ACAA2,139,True,False,False,False,1,False,-0.09186735821428617,-0.19773846680672338,down
AIDA,139,True,False,False,False,1,False,-0.13145364699346432,-0.20948437352941252,down
ANKRD11,363,True,False,False,False,1,False,-0.19059669993277292,-0.23087004989915938,down
APPL1,56,True,False,False,False,1,False,0.039842538249998505,0.039842538249998505,up
ARHGAP27,56,True,False,False,False,1,False,-0.09209533563725536,-0.09209533563725536,down
BAG1,140,True,False,False,False,1,False,0.07065834104435087,0.14271376156652638,up
BEND6,261,True,False,False,False,1,False,0.3107595990980395,0.3107595990980395,up
BLOC1S1,56,True,False,False,False,1,False,0.08165050391176501,0.08165050391176501,up
BRD3OS,261,True,False,False,False,1,False,0.5583704586617646,0.5583704586617646,up
C6orf89,56,True,False,False,False,1,False,0.17488581025490268,0.17488581025490268,up
CACNG4,139,True,False,False,False,1,False,-0.051142513792250176,-0.1179850302521005,down
CBFA2T3,363,True,False,False,False,1,False,-0.6205521325735289,-0.6205521325735289,down
CCDC22,56,True,False,False,False,1,False,0.2717257336127449,0.2717257336127449,up
CDH23,363,True,False,False,False,1,False,-0.3117671613445373,-0.3117671613445373,down
CEP135,262,True,False,False,False,1,False,0.14346105285014132,0.13525286302521106,up
CHCHD3,363,True,False,False,False,1,False,-0.16977416387208266,-0.16658374580812385,down
CHPF,261,True,False,False,False,1,False,0.22895086328011213,0.298855268029412,up
CNOT4,56,True,False,False,False,1,False,-0.0018591836225488323,-0.0018591836225488323,down
CPD,140,True,False,False,False,1,False,-0.11939880274883229,0.010475754621849326,up
CPEB2,363,True,False,False,False,1,False,-0.22870830709313797,-0.22870830709313797,down
CSNK2B,56,True,False,False,False,1,False,0.07836443646078473,0.07836443646078473,up
CYB561D1,262,True,False,False,False,1,False,0.12396486658333236,0.12396486658333236,up
CYBA,261,True,False,False,False,1,False,0.3605532590093372,0.5250312868333341,up
DDAH2,140,True,False,False,False,1,False,0.08576402503874814,0.08526603755812223,up
DECR2,56,True,False,False,False,1,False,0.00853425451470552,0.00853425451470552,up
DMBT1,74,True,False,False,False,1,False,0.5872462641582624,0.888853407161764,up
DMP1,56,True,False,False,False,1,False,-0.03377322670588257,-0.03377322670588257,down
DNASE2,140,True,False,False,False,1,False,-0.003713396338935767,0.06996865549159637,up
DUSP9,56,True,False,False,False,1,False,-0.07284253420098064,-0.07284253420098064,down
DYRK3,74,True,False,False,False,1,False,0.15232756644444426,0.3479887352941168,up
EDF1,262,True,False,False,False,1,False,0.17566037549019523,0.17566037549019523,up
EHHADH,74,True,False,False,False,1,False,0.20039624069654519,0.3190943610448178,up
ELOVL3,363,True,False,False,False,1,False,-0.35761903471078416,-0.35761903471078416,down
FANCA,261,True,False,False,False,1,False,0.3285089923284319,0.3285089923284319,up
GATA5,261,True,False,False,False,1,False,0.47372564307352943,0.47372564307352943,up
GORASP1,56,True,False,False,False,1,False,0.08935740117156844,0.08935740117156844,up
GRM8,363,True,False,False,False,1,False,-0.41241368764705844,-0.41241368764705844,down
H4C8,139,True,False,False,False,1,False,-0.06666485725630251,-0.040341279161764776,down
HAP1,56,True,False,False,False,1,False,-0.021268296661765412,-0.021268296661765412,down
HNRNPU,261,True,False,False,False,1,False,0.31253479416666563,0.31253479416666563,up
HRAS,56,True,False,False,False,1,False,0.1043182477794115,0.1043182477794115,up
HSPB9,139,True,False,False,False,1,False,-0.08205669912605075,-0.1102827024705885,down
IER5,46,True,False,False,False,1,False,-0.125484751908496,-0.125484751908496,down
IFIH1,261,True,False,False,False,1,False,0.28801703110924365,0.40467179666386555,up
ISG15,261,True,False,False,False,1,False,0.6573498350784315,0.6573498350784315,up
KIF3B,56,True,False,False,False,1,False,0.05046712384313651,0.05046712384313651,up
KLHL23,56,True,False,False,False,1,False,-0.014693105852941146,-0.014693105852941146,down
LILRB4,74,True,False,False,False,1,False,0.32777097824743234,0.5004602173711485,up
LSR,261,True,False,False,False,1,False,0.2865537065676934,0.40191480943137264,up
LZIC,261,True,False,False,False,1,False,0.2982594296335197,0.37798039445027953,up
MAP3K12,363,True,False,False,False,1,False,-0.3108362577161534,-0.43980980001960823,down
MED10,363,True,False,False,False,1,False,-0.14420075840896293,-0.19176988761344438,down
MOCS3,261,True,False,False,False,1,False,0.07929529402427711,0.10569739201680728,up
MT1F,139,True,False,False,False,1,False,-0.2500617559729224,-0.3725143011862743,down
MTSS2,140,True,False,False,False,1,False,0.13366528284407134,0.16439542426610698,up
MYBPC3,363,True,False,False,False,1,False,-0.30141742272549,-0.30141742272549,down
NEURL1B,261,True,False,False,False,1,False,0.43930486825490234,0.43930486825490234,up
OCIAD1,56,True,False,False,False,1,False,-0.08525153240196137,-0.08525153240196137,down
OTULIN,261,True,False,False,False,1,False,0.22625008377450898,0.22625008377450898,up
PCCA,56,True,False,False,False,1,False,0.08832583350490175,0.08832583350490175,up
PDE8B,139,True,False,False,False,1,False,-0.03633027045564904,-0.1488719508403359,down
PLIN3,261,True,False,False,False,1,False,0.30921286810690946,0.44376290468137236,up
PNN,261,True,False,False,False,1,False,0.22187759196078505,0.22187759196078505,up
PRR12,56,True,False,False,False,1,False,0.14770638683823523,0.14770638683823523,up
PSMB10,74,True,False,False,False,1,False,0.3067483945751639,0.31444509186274594,up
RCC1L,56,True,False,False,False,1,False,0.03879810652941214,0.03879810652941214,up
RNF217,363,True,False,False,False,1,False,-0.14616936178571402,-0.17950380378151182,down
RPAP2,262,True,False,False,False,1,False,0.19823009098529404,0.19823009098529404,up
RPL37A,363,True,False,False,False,1,False,-0.14705438563725592,-0.14705438563725592,down
RSF1,56,True,False,False,False,1,False,0.08844475800490226,0.08844475800490226,up
SAMD4A,140,True,False,False,False,1,False,-0.04687694807469667,0.11543193949579922,up
SEMA4C,140,True,False,False,False,1,False,0.03146358071895452,0.12983680588235239,up
SETD2,363,True,False,False,False,1,False,-0.2350694610049022,-0.2350694610049022,down
SETD9,74,True,False,False,False,1,False,0.30393209937301535,0.5007213625049014,up
SLC25A23,56,True,False,False,False,1,False,0.1445616673235304,0.1445616673235304,up
SMAD9,139,True,False,False,False,1,False,-0.0332581313352005,-0.2637857050420167,down
SRGN,139,True,False,False,False,1,False,-0.09633379939775821,-0.3087381990966369,down
SRSF7,139,True,False,False,False,1,False,-0.11527883854808675,-0.2295620078221301,down
TAF6,56,True,False,False,False,1,False,0.06351501125000075,0.06351501125000075,up
TFPT,261,True,False,False,False,1,False,0.31078870687254884,0.31078870687254884,up
TMEM151A,56,True,False,False,False,1,False,-0.05178263630392077,-0.05178263630392077,down
TOM1L1,363,True,False,False,False,1,False,-0.22403135351540507,-0.3015048210294105,down
TRIM27,261,True,False,False,False,1,False,0.20785196282843188,0.20785196282843188,up
ZFYVE21,56,True,False,False,False,1,False,0.11490114217646952,0.11490114217646952,up
ZKSCAN2,262,True,False,False,False,1,False,0.12584953940196064,0.12584953940196064,up
ZNF341,262,True,False,False,False,1,False,0.17974716122058854,0.17974716122058854,up
ABCA2,-1,False,False,False,False,0,False,0.32147940472549025,0.32147940472549025,up
ACE2,-1,False,False,False,False,0,False,-0.5303228599761903,-0.6796014386554615,down
AP5M1,-1,False,False,False,False,0,False,-0.020660957756768534,-0.0996706873949581,down
APLF,-1,False,False,False,False,0,False,0.15868487452380953,0.30896489369747865,up
ARID3B,-1,False,False,False,False,0,False,-0.26700251612418313,-0.2977800241862747,down
ATRX,-1,False,False,False,False,0,False,0.23100020215686293,0.3671128032352944,up
BEX1,-1,False,False,False,False,0,False,-0.575994288490195,-0.575994288490195,down
CAMK4,-1,False,False,False,False,0,False,0.3269111443384681,0.2991470109243692,up
CD276,-1,False,False,False,False,0,False,0.3999532121421563,0.3999532121421563,up
CGAS,-1,False,False,False,False,0,False,0.15585858328618238,0.2065210109243708,up
COL4A4,-1,False,False,False,False,0,False,-0.2785196194028953,-0.42553527310924444,down
CSRP1,-1,False,False,False,False,0,False,0.26704042756302543,0.3126481413445381,up
CYP27A1,-1,False,False,False,False,0,False,0.09307492364472525,0.20141488546708786,up
DNAJC10,-1,False,False,False,False,0,False,0.27549642341876884,0.3091538894957989,up
EFNA4,-1,False,False,False,False,0,False,0.6114487468333336,0.6114487468333336,up
ENAH,-1,False,False,False,False,0,False,0.7443793900205415,0.7443793900205415,up
EPHX1,-1,False,False,False,False,0,False,0.5371428403464046,0.953468010519607,up
FBXL4,-1,False,False,False,False,0,False,0.0033836257212888354,-0.04728074957983165,down
FCRL3,-1,False,False,False,False,0,False,0.4344573311998135,0.3221636659663868,up
GP1BA,-1,False,False,False,False,0,False,-0.28604828354388384,-0.2473436753158258,down
HIBADH,-1,False,False,False,False,0,False,0.4673059349351078,0.4673059349351078,up
HLA-DOA,-1,False,False,False,False,0,False,0.8695253300177415,0.8695253300177415,up
HRH1,-1,False,False,False,False,0,False,0.5010111931545286,0.5325042289915961,up
IFIT1,-1,False,False,False,False,0,False,0.47323004051447254,0.6273850607717089,up
IL32,-1,False,False,False,False,0,False,0.4204713331559282,0.6648199728431361,up
IRX3,-1,False,False,False,False,0,False,0.23351960649906708,0.010606847478992654,up
KATNAL2,-1,False,False,False,False,0,False,0.4783860337474321,0.4783860337474321,up
KCNJ8,-1,False,False,False,False,0,False,-0.33032452957983116,-0.4068975743697474,down
KMT2A,-1,False,False,False,False,0,False,0.16835075225536864,0.36323112838305294,up
LIMD2,-1,False,False,False,False,0,False,0.4928857455441179,0.4928857455441179,up
LRIG2,-1,False,False,False,False,0,False,0.41784399931465915,0.6181034989719887,up
MAFK,-1,False,False,False,False,0,False,-0.28185910685667614,-0.3911561602850142,down
MAPK14,-1,False,False,False,False,0,False,-0.35404364850606945,-0.3917718722689086,down
MCTP1,-1,False,False,False,False,0,False,0.47091596647759165,0.5798378394957995,up
MRPL14,-1,False,False,False,False,0,False,-0.3631654527973854,-0.39397187352941143,down
MTA3,-1,False,False,False,False,0,False,0.23180676701820727,0.28598265052731087,up
NDRG2,-1,False,False,False,False,0,False,-0.5429988293604123,-0.6168808084033622,down
NFE2L3,-1,False,False,False,False,0,False,0.3208410531690013,0.3208410531690013,up
NKAPL,-1,False,False,False,False,0,False,-0.21312129216666714,-0.21312129216666714,down
PAK3,-1,False,False,False,False,0,False,0.48219194082119526,0.48219194082119526,up
PCDH9,-1,False,False,False,False,0,False,-0.5893531281512606,-0.5893531281512606,down
PDE3A,-1,False,False,False,False,0,False,0.4670311756764705,0.4670311756764705,up
PM20D2,-1,False,False,False,False,0,False,0.47610375469794636,0.47610375469794636,up
PRSS8,-1,False,False,False,False,0,False,-0.32888844363958886,-0.45267452394957974,down
RBBP8,-1,False,False,False,False,0,False,0.15570685093650768,0.26654319621848765,up
SAMD15,-1,False,False,False,False,0,False,0.16982296239262376,0.39823024537815127,up
SERPINB4,-1,False,False,False,False,0,False,1.030870182069561,1.1962922848739497,up
SF3A3,-1,False,False,False,False,0,False,0.27573335193627435,0.27573335193627435,up
SIX5,-1,False,False,False,False,0,False,0.32281178070588257,0.32281178070588257,up
SLC7A5,-1,False,False,False,False,0,False,-0.1107589828314662,0.10245231680672229,up
SPATS2L,-1,False,False,False,False,0,False,0.46909764082259525,0.46909764082259525,up
SPOCD1,-1,False,False,False,False,0,False,0.60933150487255,0.60933150487255,up
SPRR1B,-1,False,False,False,False,0,False,0.502245739852007,0.5661731180672265,up
STAB2,-1,False,False,False,False,0,False,0.4839260982717084,0.4839260982717084,up
STX18,-1,False,False,False,False,0,False,0.2409177642941171,0.2409177642941171,up
SYT8,-1,False,False,False,False,0,False,0.7456928642824462,0.7456928642824462,up
TCF4,-1,False,False,False,False,0,False,0.3194099176283838,0.33714487644257574,up
TNNC1,-1,False,False,False,False,0,False,-0.8901247054080298,-0.9680891193277315,down
UFSP2,-1,False,False,False,False,0,False,0.23708549859990632,0.18311934327731053,up
VPS13C,-1,False,False,False,False,0,False,0.2707790632549014,0.31901609488235216,up
WDR19,-1,False,False,False,False,0,False,-0.1037640728879561,-0.08623400924369887,down
WFDC5,-1,False,False,False,False,0,False,-0.4202639775873016,-0.5838315924313726,down
WIPF3,-1,False,False,False,False,0,False,0.14389127306302535,0.2054339231092441,up
WLS,-1,False,False,False,False,0,False,0.4686174919934642,0.4686174919934642,up
WNK1,-1,False,False,False,False,0,False,-0.018180300392156068,-0.07721449705882324,down
ZNF3,-1,False,False,False,False,0,False,0.3428341871470588,0.3428341871470588,up
