gene,avg_log2fc,neg_log10_min_p,n_sig_datasets,direction_consistency,tier_score
AAAS,0.5085176563088853,0.05527513270737235,0.0,0.0,0.0
AADAC,0.5977800976432656,0.18886182322594014,0.0,0.33333333333333326,0.0
AAMDC,0.439845232104372,0.3091392904478421,0.0,0.33333333333333326,0.0
AASDH,0.5141243832515829,0.3091622692332036,1.0,0.33333333333333326,0.0
AASS,0.3563605525172098,1.0,1.0,1.0,0.0
AATK,0.36807170432981423,1.0,0.0,1.0,0.0
ABAT,0.4597396757054456,0.11683257957952037,0.0,1.0,0.0
ABCA12,0.5581291763162936,1.0,1.0,1.0,0.0
ABCA13,0.6988075309572467,1.0,1.0,1.0,0.0
ABCA2,0.5416838693117298,0.1872179657423693,0.0,1.0,0.0
ABCA3,0.3165737794891481,1.0,1.0,1.0,0.0
ABCA8,0.4956315657951854,0.2036353800024593,0.0,0.33333333333333326,0.0
ABCB6,0.4020506150512877,0.9611893227653895,0.0,1.0,0.0
ABCC3,0.6236251950924414,1.0,1.0,1.0,0.0
ABCC4,0.4315520017375545,0.9761743646338787,0.0,1.0,0.0
ABCC5,0.5897991938736429,1.0,1.0,1.0,0.0
ABCC6,0.4448095895936921,0.34646583038328405,0.0,1.0,0.0
ABCC8,0.2890823395769723,0.7705616591602603,0.0,1.0,0.0
ABCD1,0.498860581046797,0.49742920673449453,0.0,0.33333333333333326,0.0
ABCG1,0.4308900673220349,0.9919322365748365,0.0,0.33333333333333326,0.0
ABHD10,0.5722511116900645,0.6774248629531537,0.0,1.0,0.0
ABHD12B,0.5275598350451667,0.48152162689507094,0.0,1.0,0.0
ABHD14A,0.5465091263779093,0.4768312374045674,0.0,1.0,0.0
ABHD2,0.5343085060215967,0.3242298767390118,0.0,1.0,0.0
ABHD5,0.4036491357654941,1.0,1.0,1.0,0.0
ABHD6,0.4403708821909635,0.1537986712354715,0.0,0.33333333333333326,0.0
ABI3,0.4629263377249156,0.4439485850750483,0.0,1.0,0.0
ABLIM1,0.4635319203517814,0.10190206648309828,0.0,0.33333333333333326,0.0
ABT1,0.4918270626534704,0.18146902024474054,0.0,0.0,0.0
ABTB1,0.43171318475058346,0.19596837623638347,0.0,1.0,0.0
ABTB3,0.5706469043910358,0.5756949163792293,0.0,1.0,0.0
ACAA2,0.46613335837340997,0.022586521117826133,0.0,0.33333333333333326,0.0
ACACA,0.44516939096820485,0.752723193045062,0.0,1.0,0.0
ACADL,0.2991726096460731,1.0,1.0,1.0,0.0
ACAN,0.6069514152530145,0.776246296356473,0.0,1.0,0.0
ACAT1,0.4159944309733356,1.0,0.0,1.0,0.0
ACAT2,0.36389532550271175,1.0,1.0,1.0,0.0
ACCS,0.4971777011553228,0.16479327024412185,0.0,0.33333333333333326,0.0
ACE,0.6007302777627238,0.26230931413033337,0.0,1.0,0.0
ACE2,0.39601829546542844,0.13034168446041575,0.0,1.0,0.0
ACER2,0.5892442734652424,0.859585992086279,1.0,1.0,0.0
ACKR4,0.4419843935514837,0.07014275108854127,0.0,0.33333333333333326,0.0
ACKR5,0.45006874915867096,0.16040544876704582,0.0,0.33333333333333326,0.0
ACLY,0.4563105967934371,0.403000016621759,0.0,0.33333333333333326,0.0
ACO1,0.5069924553442399,0.2275737471246686,0.0,0.33333333333333326,0.0
ACOT1,0.4594209854396044,0.29350962671891245,0.0,0.33333333333333326,0.0
ACOX2,0.5733520727386497,1.0,0.0,1.0,0.0
ACOXL,0.3945751573096039,0.9760241850733499,0.0,1.0,0.0
ACP3,0.4116239783405972,1.0,1.0,1.0,0.0
ACR,0.4400986623613422,0.4282904503491917,1.0,1.0,0.0
ACSF2,0.5032972160052449,0.04763412737446868,0.0,0.33333333333333326,0.0
ACSL1,0.32774145773367336,1.0,1.0,1.0,0.0
ACSL3,0.4645407706787748,0.40543029412085113,0.0,0.33333333333333326,0.0
ACSM3,0.4140568791418187,0.7518679272652563,1.0,1.0,0.0
ACSM5,0.39839047006866757,0.24269130262832875,0.0,1.0,0.0
ACSS2,0.37077271796226735,1.0,0.0,1.0,0.0
ACSS3,0.43813617345089284,0.3608827855113404,0.0,1.0,0.0
ACTC1,0.5437094443953004,0.3294763706256707,0.0,1.0,0.0
ACTG2,0.6442537700776456,1.0,0.0,1.0,0.0
ACTN1,0.5647196572531745,0.32734614059758266,1.0,1.0,0.0
ACTN4,0.5051860654240363,0.2609579721100661,0.0,0.0,0.0
ACTR1B,0.5077446190410708,0.12247748216345222,0.0,0.0,0.0
ACVR1,0.5489975621775472,0.19839949792619022,0.0,1.0,0.0
ACVR2A,0.5240722771413132,0.538015787448632,0.0,0.33333333333333326,0.0
ACVRL1,0.31816615323250597,1.0,0.0,1.0,0.0
ADA2,0.5818785404798347,0.34103708507613006,1.0,1.0,0.0
ADAM17,0.43861221706720827,0.7874888836109447,0.0,1.0,0.0
ADAM19,0.5043652173457197,0.15840784673316916,0.0,0.33333333333333326,0.0
ADAM23,0.5613610888112893,1.0,0.0,1.0,0.0
ADAM28,0.6290706049219442,1.0,0.0,1.0,0.0
ADAM8,0.5411979476841692,0.21717751675107075,0.0,0.33333333333333326,0.0
ADAMTS1,0.3134497862660246,1.0,0.0,1.0,0.0
ADAMTS14,0.5523776578748474,1.0,0.0,1.0,0.0
ADAMTS16,0.5908144995458303,1.0,0.0,1.0,0.0
ADAMTS18,0.5735418924573481,0.7741392513152967,0.0,1.0,0.0
ADAMTS2,0.3970388203166891,0.8953798290719398,1.0,1.0,0.0
ADAMTS5,0.5610574658078614,0.15184232029278785,0.0,1.0,0.0
ADAMTS8,0.3607268724909797,1.0,0.0,1.0,0.0
ADAMTSL1,0.5452576611724249,1.0,0.0,1.0,0.0
ADAMTSL3,0.3885467521012733,0.34215459201235926,0.0,1.0,0.0
ADAMTSL4,0.5247937281155305,0.3880608233134276,1.0,0.33333333333333326,0.0
ADAP1,0.46205793207230594,0.9147778806020103,0.0,1.0,0.0
ADARB1,0.3858940633044162,1.0,0.0,1.0,0.0
ADCK2,0.5009401286847509,0.07266231743009789,0.0,0.0,0.0
ADCY2,0.5523839974882607,1.0,0.0,0.33333333333333326,0.0
ADCY4,0.41910538985308865,0.6045280952898165,0.0,1.0,0.0
ADCY5,0.4916965520099076,0.1681978946552761,0.0,0.33333333333333326,0.0
ADCY9,0.44690431146028925,0.2784619113814129,0.0,1.0,0.0
ADCYAP1,0.6035657396945405,0.7711967706549102,0.0,1.0,0.0
ADD2,0.5329495984501457,0.6223931494486081,0.0,1.0,0.0
ADGRA2,0.5827643818262908,0.7152190495543576,1.0,1.0,0.0
ADGRA3,0.5727868314941723,1.0,0.0,0.33333333333333326,0.0
ADGRB1,0.4920657125017496,0.479029687565062,0.0,0.0,0.0
ADGRB3,0.42731247444435677,0.25275320794033673,0.0,1.0,0.0
ADGRD1,0.37261188511393223,1.0,1.0,1.0,0.0
ADGRE2,0.34250044664919455,1.0,0.0,0.33333333333333326,0.0
ADGRE3,0.5009300377360653,0.15962179801675147,0.0,0.33333333333333326,0.0
ADGRF1,0.690681972390359,0.5797139282767915,0.0,1.0,0.0
ADGRF5,0.39977333365860196,1.0,1.0,1.0,0.0
ADGRG3,0.2827448622600626,1.0,0.0,1.0,0.0
ADGRL2,0.3418368739001675,1.0,0.0,1.0,0.0
ADH1A,0.44562368836876215,0.33851824025223953,0.0,1.0,0.0
ADH1B,0.39895161591462697,0.5509798012198567,0.0,1.0,0.0
ADH7,0.5996728455318329,1.0,1.0,1.0,0.0
ADHFE1,0.38626016213151554,0.24108319098620873,0.0,1.0,0.0
ADI1,0.4405353571919044,0.6233201990708528,1.0,1.0,0.0
ADIPOQ,0.5151402305712922,0.08308377769127066,0.0,1.0,0.0
ADIPOR2,0.38566064566227953,1.0,1.0,1.0,0.0
ADM,0.21263804524173938,1.0,0.0,1.0,0.0
ADORA2B,0.5409632984894486,0.11452355423240501,0.0,1.0,0.0
ADORA3,0.37787787047312765,0.18016108043681134,0.0,1.0,0.0
ADPGK,0.4547120029685095,1.0,0.0,1.0,0.0
ADPRH,0.44207355951059957,0.9641455873858809,0.0,1.0,0.0
ADRA1A,0.34945015386867595,1.0,1.0,1.0,0.0
ADRA1B,0.28538210502681793,1.0,0.0,1.0,0.0
ADRA2A,0.6326372843063962,0.8184299126564704,1.0,1.0,0.0
ADRA2C,0.44952372960519843,0.041534335019827444,1.0,1.0,0.0
ADRB1,0.39147280428850334,0.9327116650578712,0.0,1.0,0.0
ADRB2,0.39984227584493165,1.0,1.0,1.0,0.0
ADSS2,0.5337052409933961,0.11367474587776627,0.0,0.33333333333333326,0.0
AEBP1,0.6033119551503288,0.43722789508470666,0.0,1.0,0.0
AFAP1,0.5534161751162754,0.92346144837547,1.0,1.0,0.0
AFAP1L1,0.39566786341940213,1.0,0.0,1.0,0.0
AFAP1L2,0.5580076655959549,0.9028490906782906,0.0,1.0,0.0
AFDN,0.4364415720865786,0.15148612333465436,0.0,1.0,0.0
AFF1,0.43679957938754127,0.11814084884194306,0.0,1.0,0.0
AFF2,0.3810547027941167,1.0,1.0,1.0,0.0
AFF3,0.26873241893457706,1.0,1.0,1.0,0.0
AFMID,0.45011719018573726,1.0,1.0,1.0,0.0
AGBL3,0.5456735603773427,0.14246316367823694,0.0,1.0,0.0
AGER,0.33128437622036533,1.0,1.0,1.0,0.0
AGFG1,0.4155475948419993,1.0,1.0,1.0,0.0
AGO2,0.4308654605924966,0.456142854692541,0.0,1.0,0.0
AGPAT2,0.42799081409578643,1.0,0.0,0.33333333333333326,0.0
AGPAT4,0.5404728578650625,0.30083913281343094,0.0,1.0,0.0
AGPS,0.5472970673046,0.3885751604045955,1.0,1.0,0.0
AGR2,0.6268955690661453,0.5238381952847903,1.0,1.0,0.0
AGR3,0.6267924546171254,1.0,0.0,1.0,0.0
AGRN,0.5952488634152835,1.0,1.0,1.0,0.0
AGTPBP1,0.3989133265053963,1.0,0.0,1.0,0.0
AGTR1,0.34069036819865434,1.0,1.0,1.0,0.0
AGTRAP,0.4375926143492025,1.0,0.0,0.33333333333333326,0.0
AHNAK2,0.6402095607061409,1.0,0.0,1.0,0.0
AIDA,0.46442423142884953,0.028794695196946034,0.0,0.33333333333333326,0.0
AIG1,0.595806007781473,1.0,1.0,1.0,0.0
AIM2,0.5891050370151056,0.18563572680106125,0.0,0.33333333333333326,0.0
AIP,0.46903878005118704,0.4648916203795653,0.0,0.33333333333333326,0.0
AJAP1,0.44999897638771996,0.15361364847554715,0.0,1.0,0.0
AK8,0.5690976758527051,1.0,0.0,1.0,0.0
AKAP1,0.45825525227973907,0.13322396639407477,0.0,0.33333333333333326,0.0
AKAP12,0.3795052850726439,0.6715670481450363,0.0,0.33333333333333326,0.0
AKAP13,0.4328288838291783,1.0,0.0,1.0,0.0
AKIRIN2,0.45272508997598393,0.7519393430224012,0.0,1.0,0.0
AKR1B10,0.5448186277524021,0.09866839754025886,1.0,1.0,0.0
AKR1C3,0.35879890568413725,0.9176790354057688,0.0,1.0,0.0
AKR1E2,0.4513340654725604,0.42394930348433685,0.0,0.33333333333333326,0.0
AKT3,0.4358899932101046,0.2951183369265809,1.0,1.0,0.0
AKTIP,0.45696296822624244,0.3776516508012299,0.0,1.0,0.0
ALDH16A1,0.5390138147541029,0.15526965818359578,0.0,1.0,0.0
ALDH18A1,0.589996264241182,0.8230536510749905,1.0,1.0,0.0
ALDH1A3,0.7379303933733066,1.0,1.0,1.0,0.0
ALDH1B1,0.5678263213040389,0.7095618448262064,1.0,1.0,0.0
ALDH1L1,0.3984458846011546,0.8956226375086532,1.0,1.0,0.0
ALDH2,0.4893125423678248,0.1180846813789718,1.0,0.33333333333333326,0.0
ALDH3A1,0.6249764586994534,1.0,1.0,1.0,0.0
ALDH4A1,0.5020033197789621,0.05102969028113214,0.0,0.0,0.0
ALDH5A1,0.5633293218843048,0.1737943926763044,0.0,1.0,0.0
ALDH6A1,0.3865987617320681,1.0,1.0,1.0,0.0
ALDH7A1,0.48093363426670177,0.06360958868690621,0.0,0.33333333333333326,0.0
ALG13,0.4960682028107885,0.6647922968109995,1.0,0.33333333333333326,0.0
ALKAL1,0.5660890026461507,1.0,0.0,1.0,0.0
ALKAL2,0.31423713597736924,1.0,1.0,1.0,0.0
ALKBH4,0.49372999815894686,0.11615498757904558,0.0,0.0,0.0
ALOX15,0.6603382239439006,1.0,0.0,1.0,0.0
ALOX15B,0.3109136487178894,1.0,1.0,1.0,0.0
ALOX5,0.44056258809516397,0.7482024132573151,0.0,0.33333333333333326,0.0
ALOX5AP,0.4100716216082001,0.9691473577643921,0.0,1.0,0.0
ALPL,0.39978422377369766,1.0,0.0,1.0,0.0
ALPP,0.376896970363436,0.5646251180735892,1.0,1.0,0.0
ALS2CL,0.4372983664823655,0.5690204484029724,0.0,0.33333333333333326,0.0
AMD1,0.4179030638346792,0.7106221764943983,0.0,1.0,0.0
AMOTL2,0.4274720313285399,0.7759008700971397,0.0,1.0,0.0
AMPD1,0.6688855648127173,1.0,1.0,1.0,0.0
AMPD2,0.49752468652051784,0.26215281207259333,0.0,0.33333333333333326,0.0
AMPD3,0.5767394723682397,0.2705894373649048,0.0,1.0,0.0
AMZ2,0.5545299826948505,0.16861119655054493,0.0,1.0,0.0
ANG,0.4087345082859387,0.3301111903650133,0.0,1.0,0.0
ANGPTL1,0.34811341993142664,0.15070492596711776,0.0,0.33333333333333326,0.0
ANGPTL2,0.6067829470938232,1.0,1.0,1.0,0.0
ANGPTL7,0.4003250303221444,0.10661838926057396,0.0,1.0,0.0
ANK2,0.5958186523330324,1.0,0.0,1.0,0.0
ANKFN1,0.581321566586539,1.0,0.0,1.0,0.0
ANKH,0.5569731774282956,1.0,1.0,1.0,0.0
ANKMY2,0.569457054720766,1.0,1.0,1.0,0.0
ANKRD11,0.46131243796972227,0.02501039341732025,0.0,1.0,0.0
ANKRD18A,0.5832990371620705,1.0,1.0,1.0,0.0
ANKRD18B,0.5918903484980361,1.0,0.0,0.33333333333333326,0.0
ANKRD2,0.44263278873689504,0.21900590705075113,0.0,1.0,0.0
ANKRD29,0.38575223452816176,0.8005643220984735,0.0,1.0,0.0
ANKRD36,0.6017851685194561,1.0,1.0,1.0,0.0
ANKRD36B,0.5817789397811232,1.0,1.0,1.0,0.0
ANKRD42,0.5555864146622724,1.0,0.0,1.0,0.0
ANKRD45,0.5808500638074583,1.0,0.0,1.0,0.0
ANKRD65,0.5937371773160538,0.4190854513724888,0.0,1.0,0.0
ANKS1A,0.3932985039254432,1.0,0.0,1.0,0.0
ANLN,0.5834747910448385,1.0,0.0,1.0,0.0
ANO1,0.6437318204488257,0.572603900574067,1.0,1.0,0.0
ANO3,0.5403537841856656,0.13454716071516484,0.0,0.33333333333333326,0.0
ANO4,0.5513417020576362,1.0,1.0,1.0,0.0
ANO5,0.5829685486802252,0.676742061541536,0.0,1.0,0.0
ANP32B,0.46573120209993185,0.24007275624755312,0.0,1.0,0.0
ANTXR1,0.6419014804434402,1.0,1.0,1.0,0.0
ANXA3,0.3069438545911345,1.0,0.0,1.0,0.0
ANXA4,0.552925284398945,0.7522654516647261,0.0,1.0,0.0
AOC1,0.5408823428226962,0.2515026714790837,1.0,1.0,0.0
AOC3,0.3794301474149399,1.0,1.0,1.0,0.0
AOPEP,0.5444175437769504,0.6831372092602708,1.0,1.0,0.0
AOX1,0.34091827335019914,0.6510623384891147,1.0,1.0,0.0
AP1M1,0.507710450967009,0.05795074505602218,0.0,0.0,0.0
AP3S1,0.5251034822511398,0.2153732240539134,0.0,1.0,0.0
AP5B1,0.45125374933622814,1.0,0.0,0.33333333333333326,0.0
AP5M1,0.4804030344523191,0.1637185498732036,0.0,0.33333333333333326,0.0
APBB2,0.4514674453354374,0.146363602941235,0.0,1.0,0.0
APH1A,0.4512040430276926,0.9715538851259391,0.0,0.33333333333333326,0.0
APLF,0.5398629040596683,0.847654159036753,0.0,0.33333333333333326,0.0
APLNR,0.647987553701936,1.0,1.0,1.0,0.0
APOBEC3A_B,0.30151284362768466,0.7421134985955392,0.0,1.0,0.0
APOBEC3B,0.6025233460174851,1.0,0.0,1.0,0.0
APOBEC3C,0.5826779812848605,1.0,1.0,1.0,0.0
APOBEC3D,0.5472170479019149,1.0,0.0,0.33333333333333326,0.0
APOBEC3F,0.5791415170352033,1.0,1.0,1.0,0.0
APOBEC3G,0.5681657903427143,0.38798400250428894,1.0,1.0,0.0
APOBEC3H,0.5540817128816594,0.7992455081217757,0.0,1.0,0.0
APOD,0.4208141426334436,0.14112856264577547,0.0,1.0,0.0
APOL3,0.42481602720449724,0.12406290496877241,0.0,0.33333333333333326,0.0
APOLD1,0.390275093661686,0.7601765304168134,0.0,1.0,0.0
APOO,0.5469108751406122,0.4694675579300834,0.0,1.0,0.0
APPL1,0.5007033670449264,0.026738702685368494,0.0,0.0,0.0
AQP1,0.4310861788263418,1.0,0.0,1.0,0.0
AQP10,0.48983243206740285,0.1920404862880631,0.0,0.33333333333333326,0.0
AQP3,0.6122821487423704,0.6449037500997092,1.0,1.0,0.0
AQP5,0.6321508391261746,1.0,1.0,1.0,0.0
AR,0.5715616262981268,0.4099351294837945,0.0,1.0,0.0
ARAP1,0.5120305488961638,0.4094313050208215,0.0,0.33333333333333326,0.0
ARAP2,0.4291568352735419,0.1331912854376252,0.0,1.0,0.0
ARAP3,0.4083353719161169,1.0,0.0,1.0,0.0
ARC,0.3969212638821465,0.07259849267431022,0.0,1.0,0.0
ARFGAP1,0.5314875437339865,0.08635778183466157,0.0,1.0,0.0
ARG1,0.15334169931190106,1.0,1.0,1.0,0.0
ARG2,0.44796631609366233,0.15615105129714277,0.0,0.33333333333333326,0.0
ARHGAP1,0.5327018740672904,0.5733694242576588,0.0,1.0,0.0
ARHGAP10,0.42824478874944816,0.2846824869560089,0.0,1.0,0.0
ARHGAP15,0.6047983585578397,0.5763941791982448,0.0,1.0,0.0
ARHGAP20,0.5389655697058647,0.12650967475965608,0.0,1.0,0.0
ARHGAP22,0.5964652781882339,0.2913939503937578,0.0,1.0,0.0
ARHGAP27,0.481505311024855,0.016895867708144174,0.0,0.0,0.0
ARHGAP29,0.4073623955605383,0.7178462751340033,0.0,1.0,0.0
ARHGAP31,0.3780033813194723,1.0,0.0,1.0,0.0
ARHGAP32,0.5204830620806469,0.060582704042660994,1.0,0.33333333333333326,0.0
ARHGAP39,0.5449194858113808,0.8755960414902976,0.0,1.0,0.0
ARHGAP44,0.4573955928988483,0.10536133235916685,0.0,1.0,0.0
ARHGAP45,0.4180789129989597,1.0,0.0,1.0,0.0
ARHGAP6,0.3347375270154768,1.0,1.0,1.0,0.0
ARHGDIA,0.50113316602344,0.5151080823835575,0.0,0.33333333333333326,0.0
ARHGEF1,0.4521900075888254,1.0,0.0,1.0,0.0
ARHGEF10,0.374850295035036,1.0,0.0,1.0,0.0
ARHGEF10L,0.5750675998109585,0.16332594856996102,0.0,1.0,0.0
ARHGEF15,0.43974249792404524,0.5482169291543187,0.0,0.33333333333333326,0.0
ARHGEF2,0.45464000931229065,0.2521576946822766,0.0,0.33333333333333326,0.0
ARHGEF25,0.5649846195770287,0.13895263363771906,0.0,1.0,0.0
ARHGEF26,0.33715017425254806,1.0,0.0,1.0,0.0
ARHGEF28,0.5741145826486267,0.22602761482043085,0.0,1.0,0.0
ARID1A,0.5384790693353356,0.21741094334124794,0.0,0.33333333333333326,0.0
ARID3B,0.4515764812135655,0.43940223705276155,0.0,1.0,0.0
ARID4A,0.44937841833945014,0.051069260848451654,0.0,1.0,0.0
ARID4B,0.5207124349311634,0.0785305745065257,0.0,1.0,0.0
ARID5A,0.48901904684921854,0.23555584231484178,1.0,0.33333333333333326,0.0
ARID5B,0.5800366709922055,1.0,0.0,0.33333333333333326,0.0
ARL1,0.5371889273480039,0.3776585592558505,1.0,1.0,0.0
ARL14EP,0.5507188287824795,1.0,1.0,1.0,0.0
ARL15,0.5380221852623236,0.07986883663574174,0.0,1.0,0.0
ARL4C,0.5795482858874869,0.749773561121636,0.0,0.33333333333333326,0.0
ARL6IP5,0.5370245195824284,0.671355863727695,1.0,1.0,0.0
ARL8A,0.45076462776385956,0.677870109421409,0.0,1.0,0.0
ARMC1,0.5465781557102616,0.268087263705741,0.0,1.0,0.0
ARMC10,0.5377734275427841,0.07953072831772073,1.0,1.0,0.0
ARMC3,0.7218490412710497,1.0,0.0,1.0,0.0
ARMC5,0.4955623642341931,0.03840067582374941,0.0,0.0,0.0
ARMC9,0.48686696027494497,0.07826168778359487,0.0,0.33333333333333326,0.0
ARMCX2,0.590987772309442,0.18976847968575045,0.0,1.0,0.0
ARMH1,0.5801239006623583,1.0,1.0,1.0,0.0
ARMH4,0.5874704095264585,1.0,0.0,1.0,0.0
ARNT2,0.5809537322262164,0.5108969727347137,1.0,1.0,0.0
ARRB1,0.36069089596892034,1.0,0.0,1.0,0.0
ARRDC2,0.36022691132257784,0.9879665787786145,0.0,1.0,0.0
ARSJ,0.5529634280838527,0.6710920991488143,0.0,1.0,0.0
ASAH1,0.4431875090780713,0.21958042761052235,0.0,1.0,0.0
ASB13,0.5054029655878964,0.1259117684360117,0.0,0.0,0.0
ASB2,0.6242201836270623,1.0,1.0,1.0,0.0
ASB5,0.5433309456319257,0.8431128578103463,0.0,1.0,0.0
ASCC3,0.567604308264193,0.9462527279645193,1.0,1.0,0.0
ASPH,0.4417958823980159,0.14124222905826858,0.0,1.0,0.0
ASPHD2,0.5344059279688305,0.3453124966790415,0.0,1.0,0.0
ASPM,0.6018629196694713,1.0,0.0,1.0,0.0
ASPN,0.893463259590976,1.0,1.0,1.0,0.0
ASRGL1,0.3818482959543601,1.0,1.0,1.0,0.0
ASTN2,0.5549209039120125,0.9335865928245881,0.0,1.0,0.0
ASXL2,0.5377313329151706,0.1793858603239872,0.0,1.0,0.0
ATF4,0.4305429029940595,1.0,0.0,1.0,0.0
ATF7,0.4914951322109118,0.19072455952175507,0.0,0.33333333333333326,0.0
ATG16L2,0.4368432028794446,1.0,0.0,1.0,0.0
ATG2A,0.4591384938623409,0.06801539503042353,0.0,1.0,0.0
ATG4C,0.5487237961733445,0.1551985497898204,0.0,1.0,0.0
ATIC,0.5145050265892731,0.09901366887869222,0.0,0.33333333333333326,0.0
ATL2,0.5198764015131976,0.26528373254167215,0.0,1.0,0.0
ATOH8,0.3092368461925319,1.0,0.0,0.33333333333333326,0.0
ATP10B,0.5140526906383869,0.3124377311238603,0.0,1.0,0.0
ATP11A,0.44172220807220025,0.4123922825064959,0.0,1.0,0.0
ATP11C,0.54249726840911,0.32888230611039615,0.0,1.0,0.0
ATP12A,0.5937256296675535,1.0,1.0,1.0,0.0
ATP13A2,0.514651301957911,0.08085020866003154,0.0,0.0,0.0
ATP13A4,0.4262482270891787,0.33144138303627596,0.0,1.0,0.0
ATP1A1,0.41534924257960426,1.0,1.0,1.0,0.0
ATP1B1,0.549846558804276,0.5954046305038875,1.0,1.0,0.0
ATP1B2,0.587453438673081,1.0,0.0,1.0,0.0
ATP1B3,0.42619047277249344,0.7435610328839497,0.0,1.0,0.0
ATP2A2,0.5598901116387731,1.0,1.0,1.0,0.0
ATP2A3,0.5482742411925159,0.21021019802528038,0.0,1.0,0.0
ATP2B1,0.5475028668640908,0.5014479561269786,0.0,0.33333333333333326,0.0
ATP2B4,0.4902237225389863,0.2687722900034056,0.0,0.33333333333333326,0.0
ATP2C2,0.4350424628073606,0.555032819112434,0.0,1.0,0.0
ATP5F1D,0.520103661380087,0.09351263352775213,0.0,0.0,0.0
ATP5MK,0.46707690292366916,0.16994534445782783,0.0,0.33333333333333326,0.0
ATP6AP1,0.48794900890848375,0.952942378401574,1.0,0.33333333333333326,0.0
ATP6V0D1,0.5135618553111148,0.5781049781076375,0.0,0.33333333333333326,0.0
ATP6V0D2,0.5630135468139177,0.4319815885657478,0.0,1.0,0.0
ATP6V0E2,0.548376488305403,0.06279818845199776,0.0,1.0,0.0
ATP6V1E1,0.44546087050902433,0.33852634703650447,0.0,1.0,0.0
ATP8A1,0.4365447583819871,0.9660437755662573,0.0,1.0,0.0
ATP8B4,0.5633726315294734,0.3045918668864297,0.0,1.0,0.0
ATP9A,0.567682243074726,1.0,1.0,1.0,0.0
ATR,0.5284403531023103,0.4074177047575989,0.0,1.0,0.0
ATRX,0.5483239076507295,0.8425558796626977,0.0,0.33333333333333326,0.0
ATXN1,0.5474225004187725,0.3491244991851521,0.0,1.0,0.0
AURKA,0.552958633389757,0.36685979685635234,0.0,1.0,0.0
AVIL,0.4499428072898348,0.12077311278097795,0.0,1.0,0.0
AVPR1A,0.560378606117096,0.5642140744955244,0.0,0.33333333333333326,0.0
AZGP1,0.4074973963902831,0.4272954260481843,0.0,1.0,0.0
AZI2,0.4632652633045517,0.14702281993423305,0.0,1.0,0.0
AZIN1,0.5406134572193567,0.6798836083774228,0.0,1.0,0.0
B3GALNT1,0.37453587183072506,0.9947962060670149,0.0,1.0,0.0
B3GALNT2,0.5549735912111949,1.0,1.0,1.0,0.0
B3GAT3,0.5048040860285045,0.15403719064455343,0.0,0.33333333333333326,0.0
B3GNT3,0.6507314151321992,0.8344049813854204,0.0,1.0,0.0
B3GNT7,0.42681577775868784,0.8708188100990276,0.0,1.0,0.0
B4GALT4,0.5315901825074337,0.2632651278980321,0.0,1.0,0.0
BAALC,0.4972410227319385,0.16031617046707508,0.0,0.33333333333333326,0.0
BAAT,0.6354979316160241,1.0,0.0,1.0,0.0
BACE2,0.6101049024014106,1.0,1.0,1.0,0.0
BACH1,0.43994239781973904,0.4399575088208464,0.0,0.33333333333333326,0.0
BACH2,0.44695173014751916,0.2504782446464484,0.0,1.0,0.0
BAG1,0.5156719840909432,0.022951610555771995,0.0,0.33333333333333326,0.0
BAG2,0.5663599433232926,0.7827635223084708,0.0,0.33333333333333326,0.0
BAG6,0.5067145132080516,0.12581809692330534,0.0,0.0,0.0
BAIAP2,0.3817572751129458,0.8665206913101587,0.0,0.33333333333333326,0.0
BANF1,0.5419867875367295,0.06322333271428127,1.0,1.0,0.0
BARD1,0.5395454999776795,0.14540962501279256,0.0,1.0,0.0
BAZ2A,0.486776192780026,0.12622034582770517,0.0,0.0,0.0
BBLN,0.5790735527453321,0.35012128319990954,0.0,1.0,0.0
BBOX1,0.5661273656008612,1.0,1.0,1.0,0.0
BBS1,0.5556395993127374,0.3307222018122337,0.0,1.0,0.0
BBS12,0.5528856494453016,0.16038523897449836,0.0,0.33333333333333326,0.0
BBS2,0.5610158531769063,1.0,1.0,1.0,0.0
BBS5,0.5733630235034333,1.0,0.0,1.0,0.0
BBS9,0.5460771818113455,1.0,1.0,1.0,0.0
BCAP29,0.45754381621474133,0.3648629933135015,0.0,1.0,0.0
BCAP31,0.5089408220846964,0.4291032525996046,0.0,0.33333333333333326,0.0
BCAS1,0.5947202800898687,1.0,1.0,1.0,0.0
BCAS3,0.5607403350145116,0.6253402218389954,0.0,0.33333333333333326,0.0
BCAT1,0.4420508344435781,0.41494619044492975,0.0,1.0,0.0
BCAT2,0.39493097210227057,1.0,1.0,1.0,0.0
BCHE,0.6740466688062733,1.0,1.0,1.0,0.0
BCKDHA,0.4443556095601921,0.7831745660349094,0.0,1.0,0.0
BCL11A,0.6475906794777829,1.0,1.0,1.0,0.0
BCL11B,0.5756207156570514,0.39966999549963567,0.0,1.0,0.0
BCL2,0.5198992645357436,0.1881386435194068,0.0,1.0,0.0
BCL2A1,0.5217014127980478,0.3821926503588624,0.0,0.33333333333333326,0.0
BCL6,0.4114978519787819,1.0,1.0,1.0,0.0
BCLAF3,0.5427604920707694,0.2251284541344427,0.0,1.0,0.0
BDKRB1,0.6539982028878407,0.8339145791786937,0.0,1.0,0.0
BDKRB2,0.6846887347176336,0.5945670638017778,1.0,1.0,0.0
BDNF,0.4371958124482459,0.4959194646384754,0.0,1.0,0.0
BEAN1,0.5714973476044465,1.0,1.0,0.33333333333333326,0.0
BEND5,0.5735027569791576,1.0,1.0,1.0,0.0
BEND6,0.5401240485953832,0.031991010004566806,0.0,1.0,0.0
BEND7,0.46154919928225485,0.10034303811264851,0.0,1.0,0.0
BEST1,0.43181519683108377,1.0,0.0,1.0,0.0
BEST4,0.5238218597988117,0.2311193351636811,0.0,1.0,0.0
BET1,0.5255706496164715,0.16008146140141533,0.0,1.0,0.0
BET1L,0.5389361566337202,0.08541938019069839,0.0,1.0,0.0
BEX1,0.41109399597772,0.0383657750510338,0.0,1.0,0.0
BFAR,0.4180419921930299,1.0,0.0,1.0,0.0
BGN,0.563918450269022,0.5312493063036636,0.0,1.0,0.0
BHLHE22,0.6576418431492949,0.8491527258676983,1.0,1.0,0.0
BHLHE40,0.49370926928516856,0.2339979935517065,0.0,0.33333333333333326,0.0
BHLHE41,0.599415085278411,0.2826742104195093,1.0,1.0,0.0
BHMT2,0.5479156609795142,0.0909991489684425,0.0,1.0,0.0
BICC1,0.6323682575491351,1.0,1.0,1.0,0.0
BIK,0.594843532021549,0.2004276713276726,0.0,1.0,0.0
BIRC3,0.6204570776760784,0.35912493773183596,0.0,0.33333333333333326,0.0
BKGD,0.45133121807857457,0.1241555480130004,0.0,1.0,0.0
BLID,0.5411354132292115,1.0,0.0,0.33333333333333326,0.0
BLK,0.5904329536062839,0.3992639951614389,0.0,0.33333333333333326,0.0
BLNK,0.5631122700395541,1.0,0.0,1.0,0.0
BLOC1S1,0.506786773145177,0.0007352586334114457,0.0,0.0,0.0
BLVRA,0.4612796100593227,0.22427837042849583,0.0,0.33333333333333326,0.0
BLVRB,0.4032878824886272,1.0,1.0,1.0,0.0
BMAL1,0.4003858154701117,0.9862325646744822,1.0,1.0,0.0
BMAL2,0.6624659599777398,0.8348931871694543,0.0,1.0,0.0
BMERB1,0.5411685539677876,0.6383794671735248,0.0,1.0,0.0
BMP2,0.4038816044650489,0.7281276596025019,1.0,1.0,0.0
BMP2K,0.563393147178599,0.7046049189496646,1.0,1.0,0.0
BMP4,0.6132911983253213,1.0,1.0,1.0,0.0
BMP7,0.5173348434867675,0.8642633643771156,0.0,0.0,0.0
BMP8A,0.5158997258275279,0.06198803426072392,0.0,0.33333333333333326,0.0
BMP8B,0.47551641062420036,0.27247296250779324,1.0,0.33333333333333326,0.0
BMPER,0.42963532587780634,0.7312392959780588,0.0,1.0,0.0
BMPR2,0.42075079602206344,0.4418044910444919,0.0,1.0,0.0
BMX,0.3892448396535617,0.46910506708345906,1.0,1.0,0.0
BNC2,0.5991885066595526,1.0,1.0,1.0,0.0
BNIP3,0.38574307169164795,1.0,1.0,1.0,0.0
BOC,0.5594689437252368,1.0,0.0,1.0,0.0
BORCS7,0.5274613884319337,0.14646982008956413,0.0,1.0,0.0
BPHL,0.5453286320911389,0.1746175540824394,0.0,1.0,0.0
BPIFB1,0.9348363127442518,1.0,1.0,1.0,0.0
BRD3OS,0.5761534843671358,0.020371719369702654,0.0,1.0,0.0
BRD8,0.49179285238057446,0.08818610269315312,0.0,0.0,0.0
BRINP3,0.6140537723794948,1.0,1.0,1.0,0.0
BRMS1,0.45898301547672227,1.0,0.0,0.33333333333333326,0.0
BSPRY,0.48043992410938474,0.14683598241917825,1.0,0.33333333333333326,0.0
BTBD1,0.5348647114781782,0.45318226361757086,0.0,1.0,0.0
BTBD8,0.5430984644894071,0.26917237059844723,0.0,0.33333333333333326,0.0
BTC,0.5988123393633397,1.0,1.0,1.0,0.0
BTLA,0.5552326377594349,0.381990167865064,0.0,1.0,0.0
BTN2A2,0.5475661857380018,0.09078436601217518,0.0,1.0,0.0
BTN3A1,0.549339969233044,0.19916300279850227,0.0,0.33333333333333326,0.0
BTN3A3,0.5660786260238074,0.15737311081541996,0.0,0.33333333333333326,0.0
BTNL8,0.308999280882571,1.0,1.0,1.0,0.0
BTNL9,0.1324451673875712,1.0,1.0,1.0,0.0
BUB1B,0.5666087198767829,0.6789782337858845,0.0,1.0,0.0
BYSL,0.5154152844869017,0.12191336499042565,0.0,0.33333333333333326,0.0
C11orf16,0.5782241782982129,1.0,0.0,1.0,0.0
C11orf24,0.5391239091297595,0.09493616974851972,1.0,1.0,0.0
C11orf96,0.33127204304264635,0.67300544704605,0.0,0.33333333333333326,0.0
C12orf75,0.7100805905007194,1.0,1.0,1.0,0.0
C16orf87,0.49877993874901994,0.08951149453905467,1.0,0.33333333333333326,0.0
C16orf89,0.5793465330825519,0.20556810104600218,0.0,1.0,0.0
C1GALT1,0.4407086230981486,0.1093631333400865,0.0,1.0,0.0
C1QA,0.5074237181050931,0.7563793122308651,0.0,0.33333333333333326,0.0
C1QC,0.42129710694252703,0.7948963571596744,0.0,0.33333333333333326,0.0
C1QTNF2,0.5848595480866551,0.4718403757110287,1.0,1.0,0.0
C1QTNF6,0.575350555501421,0.3768415091837305,0.0,1.0,0.0
C1QTNF7,0.6132308822549201,0.5089713598479646,0.0,0.33333333333333326,0.0
C1orf162,0.4190643658659843,1.0,0.0,1.0,0.0
C1orf198,0.42332986758351143,0.48266891147114455,0.0,1.0,0.0
C1orf21,0.41612281985691985,0.48438406381282395,0.0,1.0,0.0
C1orf210,0.40870678772662533,1.0,0.0,1.0,0.0
C1orf54,0.630830538117878,1.0,1.0,1.0,0.0
C2,0.4048910935003267,1.0,0.0,1.0,0.0
C20orf96,0.5752178830041262,1.0,0.0,1.0,0.0
C2CD3,0.5582775012522773,1.0,0.0,1.0,0.0
C2CD4B,0.5323322662745719,0.1130695403992108,0.0,0.33333333333333326,0.0
C2orf81,0.5584595706077007,0.8253041663622217,0.0,1.0,0.0
C3AR1,0.40997247643447127,0.39877511404691035,0.0,1.0,0.0
C3orf70,0.5376362743929547,1.0,0.0,1.0,0.0
C4B_2,0.5848814665119301,0.39754952078131367,0.0,1.0,0.0
C5AR2,0.43503718713771206,1.0,0.0,1.0,0.0
C5orf15,0.5419557096479549,0.5022963718063963,0.0,1.0,0.0
C5orf63,0.548013489406839,0.13614861222229777,0.0,1.0,0.0
C6orf132,0.5459199296713378,0.4509148768356194,0.0,1.0,0.0
C6orf141,0.5256875564888427,0.8912975545876323,0.0,0.33333333333333326,0.0
C6orf89,0.5203532842726311,0.00559703015591453,0.0,0.0,0.0
C7orf57,0.5822545227788841,1.0,0.0,1.0,0.0
C8orf34,0.611127865087897,1.0,1.0,1.0,0.0
C9orf50,0.49777871023717424,0.16932766529305548,0.0,0.0,0.0
CA11,0.5675597857907165,0.1479088204318723,0.0,1.0,0.0
CA12,0.4208354748230577,0.3951881556591385,0.0,0.33333333333333326,0.0
CA2,0.32723077853042015,0.895254817498492,0.0,1.0,0.0
CA3,0.3288638243478985,0.043545388532892595,0.0,1.0,0.0
CA4,0.1954353283456037,1.0,1.0,1.0,0.0
CABLES1,0.4629602778420843,0.07353137953246311,0.0,0.33333333333333326,0.0
CABLES2,0.4857563873063909,0.11421293671497403,0.0,0.0,0.0
CACHD1,0.5497527276649,0.8485771927351183,0.0,1.0,0.0
CACNA1C,0.5482501777564346,0.5863578852411899,0.0,0.33333333333333326,0.0
CACNA1D,0.425966288552187,0.22369715125964487,0.0,1.0,0.0
CACNA1H,0.4222058818560191,1.0,0.0,1.0,0.0
CACNA2D1,0.5376156141704619,0.8427374540349293,0.0,1.0,0.0
CACNA2D2,0.3352848896016098,1.0,1.0,1.0,0.0
CACNA2D3,0.3953000958321737,1.0,0.0,1.0,0.0
CACNB1,0.4310088039918745,1.0,0.0,1.0,0.0
CACNB2,0.4721459078001579,0.12814592570904276,0.0,0.33333333333333326,0.0
CACNB3,0.5758330286935932,1.0,0.0,1.0,0.0
CACNB4,0.4449202086056121,0.16505340643906638,1.0,1.0,0.0
CACNG4,0.47773814551798116,0.006776925651158157,0.0,0.33333333333333326,0.0
CACNG6,0.6079607264378155,0.5727196705544803,0.0,0.33333333333333326,0.0
CADM3,0.5283624752248554,0.3341944151669223,0.0,0.33333333333333326,0.0
CADPS,0.56192693525781,1.0,0.0,0.33333333333333326,0.0
CALB2,0.5770840444423758,0.3415925043596092,1.0,1.0,0.0
CALCOCO1,0.5116120301528677,0.10698556804490802,0.0,0.33333333333333326,0.0
CALCOCO2,0.4115950502977229,1.0,1.0,1.0,0.0
CALM2,0.5330951292677804,0.46617419561861295,0.0,1.0,0.0
CALML4,0.5835273841029742,1.0,0.0,1.0,0.0
CAMK1D,0.5852340642372929,1.0,0.0,1.0,0.0
CAMK4,0.5384343206065371,0.8282470946935907,0.0,1.0,0.0
CAMSAP1,0.5355866385252628,0.3811962123701583,0.0,0.33333333333333326,0.0
CAMSAP3,0.44116759437464986,1.0,0.0,1.0,0.0
CAP2,0.5962125755518802,1.0,1.0,1.0,0.0
CAPN1,0.5104693215761267,0.2173086790072095,0.0,0.0,0.0
CAPN13,0.661714410115324,1.0,1.0,1.0,0.0
CAPN5,0.5804260656342858,1.0,0.0,1.0,0.0
CAPN6,0.5667473670034531,1.0,0.0,1.0,0.0
CAPNS1,0.4984944722061178,0.3117049999544074,0.0,0.0,0.0
CAPNS2,0.5267156283259082,0.18442607857795762,0.0,1.0,0.0
CAPS,0.693750883242042,1.0,0.0,1.0,0.0
CAPS2,0.704047411034907,1.0,0.0,1.0,0.0
CARD11,0.5507704425655301,0.9483367824113952,0.0,1.0,0.0
CARD6,0.4244234040951285,1.0,1.0,1.0,0.0
CARF,0.5848196221448706,0.49284949962965785,0.0,1.0,0.0
CARMIL1,0.40092780420177815,1.0,1.0,1.0,0.0
CASD1,0.5221821486902799,0.35797100639658064,0.0,1.0,0.0
CASKIN2,0.36953744803552374,1.0,0.0,1.0,0.0
CASP12,0.4543423064762872,0.05302709105025974,1.0,1.0,0.0
CASP3,0.5532260462363523,0.48925411443255984,0.0,1.0,0.0
CASS4,0.36915784818005376,0.6919053010945394,0.0,1.0,0.0
CASTOR2,0.5194585930706147,0.08728377422059985,0.0,1.0,0.0
CASZ1,0.4675613086820129,0.570763368105522,0.0,1.0,0.0
CATSPERB,0.5461546620136595,0.29636013994814103,0.0,0.33333333333333326,0.0
CAV1,0.4011707331344314,0.22077320497754535,0.0,1.0,0.0
CAV2,0.4197699106788828,0.4525971990382585,0.0,1.0,0.0
CAVIN2,0.35801238806099983,1.0,1.0,1.0,0.0
CBFA2T3,0.40461045973719784,0.0076324524037370035,0.0,1.0,0.0
CBLB,0.5245346265922568,0.1661529338862876,0.0,0.33333333333333326,0.0
CBLN3,0.5366293593783472,0.05829244540742274,0.0,1.0,0.0
CBLN4,0.5893572371815042,1.0,1.0,1.0,0.0
CBS,0.3084965711843795,0.4246952312945719,0.0,1.0,0.0
CBX1,0.5549101817213096,0.0790215217229926,0.0,1.0,0.0
CC2D2A,0.5901108276326495,1.0,0.0,1.0,0.0
CC2D2B,0.5235063051757443,0.2145297993257444,0.0,0.33333333333333326,0.0
CCAR1,0.5353288957482574,0.20005092263112914,0.0,1.0,0.0
CCBE1,0.33979374243013505,1.0,1.0,1.0,0.0
CCDC102A,0.5457040126993314,0.11229539704310625,0.0,1.0,0.0
CCDC102B,0.5764442863282689,0.32331753466420543,0.0,1.0,0.0
CCDC125,0.597604915195512,1.0,1.0,1.0,0.0
CCDC14,0.5655441155530567,0.7462851055552115,0.0,1.0,0.0
CCDC141,0.33784604226446735,0.8906677137461938,1.0,1.0,0.0
CCDC146,0.70861225572976,1.0,1.0,1.0,0.0
CCDC149,0.44929176268324567,0.12084136646699857,0.0,1.0,0.0
CCDC170,0.6732959448533961,1.0,1.0,1.0,0.0
CCDC191,0.6167256645011809,1.0,1.0,1.0,0.0
CCDC22,0.5344442971018356,0.03229472307145328,0.0,0.0,0.0
CCDC24,0.5529450761452182,1.0,1.0,1.0,0.0
CCDC28B,0.5355017102239951,0.13244971672538963,0.0,1.0,0.0
CCDC3,0.5904493206613457,0.9383095808830162,0.0,1.0,0.0
CCDC34,0.6479676222597788,1.0,0.0,1.0,0.0
CCDC39,0.603598510670843,1.0,0.0,1.0,0.0
CCDC47,0.45853070178585525,0.38363672655504605,0.0,1.0,0.0
CCDC60,0.6188116549991458,1.0,0.0,1.0,0.0
CCDC69,0.43891837760092256,0.6396715755038702,0.0,1.0,0.0
CCDC7,0.5177962825052054,0.5218059371697324,0.0,0.33333333333333326,0.0
CCDC71L,0.521636918199529,0.28894146637819706,0.0,0.33333333333333326,0.0
CCDC74B,0.6552898032027167,1.0,0.0,1.0,0.0
CCDC78,0.6456851976626456,0.8391707395744018,0.0,1.0,0.0
CCDC80,0.6991036835511952,1.0,1.0,1.0,0.0
CCDC85A,0.29873083457254707,1.0,1.0,1.0,0.0
CCDC88A,0.5452305171149662,0.0834598206165717,0.0,0.33333333333333326,0.0
CCDC88C,0.5611025152699851,0.11762383969587477,1.0,1.0,0.0
CCDC89,0.5482041258882965,1.0,0.0,1.0,0.0
CCDC90B,0.5459885450257436,0.10262609459038241,0.0,1.0,0.0
CCDC91,0.5285454514868573,0.2716827077885898,0.0,1.0,0.0
CCK,0.27272664633896265,0.1918546830596521,0.0,1.0,0.0
CCL11,0.6595614073146714,1.0,0.0,1.0,0.0
CCL13,0.6532918546624003,1.0,1.0,1.0,0.0
CCL18,0.6522911191008904,0.9824385614650177,1.0,1.0,0.0
CCL19,0.7835379267348428,0.4279039490291027,0.0,1.0,0.0
CCL2,0.7068256673171136,0.13916632906338564,0.0,0.33333333333333326,0.0
CCL21,0.6247607237224994,0.8754885467721971,0.0,1.0,0.0
CCL22,0.5768678464930228,1.0,0.0,1.0,0.0
CCL23,0.40420997243936,0.6539504591610394,0.0,1.0,0.0
CCL24,0.5619697433981539,0.9677396653095036,1.0,1.0,0.0
CCL26,0.3870135011037938,0.25503127123059977,0.0,1.0,0.0
CCL5,0.6501772883075336,0.5739428573754914,1.0,1.0,0.0
CCL7,0.5803750760434025,0.21625228266574886,0.0,0.33333333333333326,0.0
CCL8,0.624189815173797,0.345384681585525,0.0,1.0,0.0
CCM2L,0.40736275431798247,0.5359328470541982,0.0,0.33333333333333326,0.0
CCN1,0.3840392032626526,0.37411002565686413,0.0,0.33333333333333326,0.0
CCN5,0.37253961620274234,1.0,0.0,1.0,0.0
CCNA1,0.56891304269215,1.0,0.0,1.0,0.0
CCNA2,0.5842065654826377,1.0,0.0,1.0,0.0
CCNB1,0.6037578071827963,1.0,0.0,1.0,0.0
CCNB1IP1,0.42257142617309024,1.0,0.0,1.0,0.0
CCNB2,0.567377562978753,0.7250470612745081,1.0,1.0,0.0
CCND1,0.6407333559702814,0.9815993395216819,0.0,1.0,0.0
CCND2,0.5849484971398327,1.0,1.0,1.0,0.0
CCND3,0.41850885898385887,1.0,1.0,1.0,0.0
CCNE1,0.5424940787203956,0.3004011974161705,0.0,1.0,0.0
CCNJL,0.44738003116778746,0.8488877215479891,0.0,1.0,0.0
CCNL1,0.4035147456872159,0.2591951407804331,0.0,0.33333333333333326,0.0
CCNO,0.5246006318481865,0.2070380375027748,0.0,1.0,0.0
CCNQ,0.458981717151384,0.4066184720987114,0.0,1.0,0.0
CCNYL1,0.438909092501092,0.8244950552885035,1.0,1.0,0.0
CCP110,0.5745627082132627,1.0,0.0,1.0,0.0
CCR10,0.4945489492562274,0.2775829804668221,0.0,0.0,0.0
CCR5,0.6096808591976306,0.25507808292147227,1.0,1.0,0.0
CCR6,0.5652881615726837,1.0,0.0,1.0,0.0
CCR7,0.7291714090717138,0.628509515337525,0.0,1.0,0.0
CCR8,0.5372916421978041,1.0,0.0,1.0,0.0
CCSER1,0.5282513674697051,0.9008031180058231,0.0,0.33333333333333326,0.0
CD101,0.5080421598842845,0.2275946725552233,0.0,0.33333333333333326,0.0
CD151,0.529804086336772,0.08309439627271539,0.0,0.33333333333333326,0.0
CD163,0.30977794024772165,1.0,1.0,1.0,0.0
CD163L1,0.5924699699371411,1.0,0.0,1.0,0.0
CD177,0.34976816687780854,0.7772265208775807,1.0,1.0,0.0
CD180,0.5318562345947265,0.257909419071135,0.0,0.33333333333333326,0.0
CD19,0.6485889100510348,0.8977875771741234,0.0,1.0,0.0
CD1A,0.5954036911455503,1.0,0.0,1.0,0.0
CD1B,0.5488924592889679,0.3105574035948524,0.0,1.0,0.0
CD1C,0.6523129977651387,1.0,1.0,1.0,0.0
CD1E,0.6233805031939024,1.0,0.0,1.0,0.0
CD2,0.6313950596606986,0.5378193928171757,1.0,1.0,0.0
CD200,0.6371103541097959,0.9691548919223838,0.0,1.0,0.0
CD200R1,0.57532366894597,1.0,0.0,1.0,0.0
CD207,0.584678724831385,1.0,1.0,1.0,0.0
CD209,0.5707673410688106,0.6030306346979017,0.0,1.0,0.0
CD24,0.8076399377016863,1.0,1.0,1.0,0.0
CD248,0.5791671030461788,0.2799686208885538,0.0,1.0,0.0
CD27,0.6751526067290169,1.0,0.0,1.0,0.0
CD274,0.32970769606944567,1.0,1.0,1.0,0.0
CD276,0.5531024597930412,0.2041764763113959,0.0,1.0,0.0
CD28,0.6382261026577487,1.0,1.0,1.0,0.0
CD300LF,0.4322869288036741,0.8995003797163764,0.0,0.33333333333333326,0.0
CD300LG,0.41062771612784565,0.561584155963934,0.0,1.0,0.0
CD36,0.38295216196163223,0.4398711668851486,0.0,1.0,0.0
CD38,0.6422256826986782,0.5572712573445998,0.0,1.0,0.0
CD3D,0.6118867110227766,0.4498523232134681,1.0,1.0,0.0
CD3E,0.54673424138986,0.6816843148238176,0.0,1.0,0.0
CD3G,0.6371208631717987,0.8295182513510699,0.0,1.0,0.0
CD4,0.6095720748357656,1.0,0.0,1.0,0.0
CD5,0.55511648233351,0.6571615232770914,0.0,1.0,0.0
CD55,0.41879547942369644,0.6971814753684624,0.0,1.0,0.0
CD58,0.4629940457948079,0.05625980726742288,0.0,0.33333333333333326,0.0
CD59,0.4289255115833344,0.5009775253927479,0.0,1.0,0.0
CD5L,0.45622911104374403,0.12729815266959327,0.0,0.33333333333333326,0.0
CD6,0.6133949484539202,1.0,0.0,1.0,0.0
CD69,0.46293623193353783,0.33594827557204276,0.0,0.33333333333333326,0.0
CD74,0.5979341506473883,0.9903712447383219,0.0,1.0,0.0
CD79A,0.6575485738522538,1.0,0.0,1.0,0.0
CD79B,0.5544241717452445,0.6033674373986969,0.0,1.0,0.0
CD83,0.5705003193337563,0.09832247199324688,0.0,0.33333333333333326,0.0
CD84,0.5656720073381973,0.13433076876267214,0.0,1.0,0.0
CD8A,0.6014438213219772,0.16315970482086728,0.0,0.33333333333333326,0.0
CD8B,0.5787844254433245,0.8216808781005065,0.0,0.33333333333333326,0.0
CD96,0.5945254950463089,0.36388510431618576,0.0,1.0,0.0
CD99,0.4595553633959952,0.22472927502969717,0.0,0.33333333333333326,0.0
CDA,0.41507034145135246,0.44443194934056024,0.0,0.33333333333333326,0.0
CDC14A,0.5360840083783948,0.04562674327647766,0.0,0.33333333333333326,0.0
CDC14B,0.5804841933340371,1.0,1.0,1.0,0.0
CDC20,0.5474100591212525,0.06640571276373704,0.0,1.0,0.0
CDC25B,0.40087037819855953,1.0,0.0,1.0,0.0
CDC42BPA,0.48084250498485187,0.11966983487568296,0.0,0.33333333333333326,0.0
CDC42BPB,0.5238448807513613,0.05229096955364089,0.0,0.0,0.0
CDC42EP2,0.41177341436602033,1.0,1.0,1.0,0.0
CDC42EP4,0.43712979238769556,1.0,1.0,1.0,0.0
CDCA7,0.6468067801327326,1.0,1.0,1.0,0.0
CDCA7L,0.4408671922402867,0.38458950905115485,0.0,1.0,0.0
CDCP1,0.5870269209657113,0.6408877580466368,1.0,1.0,0.0
CDH11,0.5777782008686678,0.7196588831926879,0.0,1.0,0.0
CDH13,0.33667703998656,1.0,1.0,1.0,0.0
CDH19,0.35280658355583044,1.0,1.0,1.0,0.0
CDH2,0.6862175171712872,1.0,0.0,1.0,0.0
CDH23,0.4495412366335731,0.018565485127765968,0.0,1.0,0.0
CDH26,0.5896775438909223,1.0,1.0,1.0,0.0
CDH3,0.7759443663974158,1.0,1.0,1.0,0.0
CDH5,0.38187863949153633,1.0,0.0,1.0,0.0
CDH6,0.5923637167317961,0.8391350853450285,1.0,1.0,0.0
CDIN1,0.5431697445986241,1.0,1.0,1.0,0.0
CDK1,0.5804284533234237,0.6849724024051465,0.0,1.0,0.0
CDK11A,0.45647828190588224,0.6680796706924934,0.0,1.0,0.0
CDK14,0.5478504848381441,1.0,0.0,1.0,0.0
CDK2,0.44141800733325526,0.29824467814442657,0.0,0.33333333333333326,0.0
CDK20,0.5296929948691772,0.16610214012300137,0.0,1.0,0.0
CDK2AP2,0.4435297224728189,0.8879918004564907,0.0,0.33333333333333326,0.0
CDKL2,0.3942569308961745,0.9859104988948906,1.0,1.0,0.0
CDKL5,0.3835979616190296,1.0,1.0,1.0,0.0
CDKN1A,0.49731382467556745,0.11307502268567285,0.0,0.33333333333333326,0.0
CDKN2A,0.5865137649371214,1.0,1.0,1.0,0.0
CDKN2D,0.38520760535464704,0.18377938858279108,0.0,1.0,0.0
CDKN3,0.5356059282378681,0.16924073818609106,0.0,1.0,0.0
CDO1,0.379954636830036,0.3765411865621067,0.0,1.0,0.0
CDON,0.5958719889489854,1.0,0.0,1.0,0.0
CEACAM19,0.42583983134399456,0.06460536876914066,0.0,1.0,0.0
CEACAM4,0.3936308719082398,1.0,1.0,1.0,0.0
CEBPA,0.5016668277667833,0.16586892987598778,0.0,0.33333333333333326,0.0
CEBPB,0.4357177334801498,1.0,1.0,1.0,0.0
CEBPD,0.3849508840517309,1.0,1.0,1.0,0.0
CEBPE,0.4633478041626598,0.04345365114816713,0.0,1.0,0.0
CEBPG,0.4498090749881196,1.0,0.0,1.0,0.0
CEBPZ,0.4549779648727523,0.13776443220735682,0.0,0.33333333333333326,0.0
CECR2,0.3610046423420777,1.0,0.0,1.0,0.0
CELSR1,0.5982967190130735,0.7912960631900751,0.0,1.0,0.0
CELSR2,0.5467458049349725,0.7237509068820822,1.0,1.0,0.0
CEMIP2,0.3417563142554539,1.0,1.0,1.0,0.0
CENATAC,0.44293627493266347,0.2808151898167266,0.0,1.0,0.0
CENPF,0.572360522685063,1.0,1.0,1.0,0.0
CENPK,0.6040942817080969,1.0,0.0,1.0,0.0
CENPV,0.5847856835537049,0.14790235478557234,0.0,1.0,0.0
CENPW,0.5483817998823841,0.42139964289969906,0.0,1.0,0.0
CEP126,0.6751564061403819,1.0,1.0,1.0,0.0
CEP128,0.586389781521382,1.0,0.0,0.33333333333333326,0.0
CEP135,0.5145863614116006,0.02033973110130211,0.0,1.0,0.0
CEP20,0.46697840633638427,0.2143653133163453,0.0,1.0,0.0
CEP290,0.5740131033566588,1.0,0.0,1.0,0.0
CEP41,0.5769720348042835,1.0,1.0,1.0,0.0
CEP43,0.567136465203548,1.0,1.0,1.0,0.0
CEP44,0.5739502633183707,0.4171827923573327,0.0,0.33333333333333326,0.0
CEP55,0.601858130124413,0.7269032503867114,0.0,1.0,0.0
CEP57,0.5315657339946355,0.6337173025588669,0.0,1.0,0.0
CEP68,0.5544163582077604,0.8868936045009695,1.0,1.0,0.0
CEP78,0.5579578729766428,1.0,0.0,1.0,0.0
CEP83,0.5719156383013505,1.0,1.0,1.0,0.0
CEP97,0.5790896038444,1.0,0.0,1.0,0.0
CERCAM,0.5881199882103707,1.0,0.0,1.0,0.0
CERS2,0.4107377380120066,1.0,0.0,1.0,0.0
CES1,0.4171650208701824,0.5918541440091593,0.0,1.0,0.0
CES2,0.5399555595329596,0.09062925051065683,0.0,1.0,0.0
CETN2,0.6052550942623467,1.0,1.0,1.0,0.0
CFAP100,0.6091502760245542,1.0,0.0,1.0,0.0
CFAP107,0.5937162167534205,1.0,0.0,1.0,0.0
CFAP119,0.5733191247491544,1.0,0.0,1.0,0.0
CFAP126,0.6375903772558994,1.0,0.0,1.0,0.0
CFAP157,0.6331273735353318,1.0,0.0,1.0,0.0
CFAP184,0.5649165915722852,0.4115647851394921,0.0,1.0,0.0
CFAP206,0.6870230390878761,1.0,0.0,1.0,0.0
CFAP20DC,0.5670332914504865,1.0,0.0,1.0,0.0
CFAP210,0.6530345998347151,1.0,0.0,1.0,0.0
CFAP251,0.6417198345801484,1.0,0.0,1.0,0.0
CFAP263,0.6438946840170553,1.0,0.0,1.0,0.0
CFAP276,0.7496780863864263,1.0,0.0,1.0,0.0
CFAP298,0.5372308391693664,0.7500385528864265,0.0,1.0,0.0
CFAP36,0.5412083009381644,0.45496942367707294,0.0,0.33333333333333326,0.0
CFAP418,0.5208862591489251,0.8736627226922652,0.0,0.33333333333333326,0.0
CFAP44,0.5835439421607108,1.0,1.0,1.0,0.0
CFAP46,0.5508366198031701,1.0,1.0,1.0,0.0
CFAP47,0.6419991239489715,1.0,0.0,1.0,0.0
CFAP53,0.7149182877543914,1.0,0.0,1.0,0.0
CFAP57,0.6425732098976621,1.0,0.0,1.0,0.0
CFAP61,0.6508320227514863,1.0,0.0,1.0,0.0
CFAP68,0.525619355288359,0.043639380891512744,0.0,1.0,0.0
CFAP69,0.6361727461759891,1.0,0.0,1.0,0.0
CFB,0.6659000173939458,0.36973672959755516,1.0,1.0,0.0
CFH,0.6683799860096757,1.0,1.0,1.0,0.0
CFHR1,0.6289920441443754,1.0,0.0,0.33333333333333326,0.0
CFHR2,0.5772951047120458,1.0,0.0,1.0,0.0
CFHR3,0.6025272693185041,0.9853955814836142,0.0,1.0,0.0
CFI,0.6165925145825535,1.0,1.0,1.0,0.0
CFL2,0.4254457509661605,0.7165160446925849,1.0,1.0,0.0
CFLAR,0.41516406742698114,0.5660146275353267,0.0,1.0,0.0
CGAS,0.5249564686105691,0.1153678468779242,0.0,1.0,0.0
CGN,0.3880518584957925,0.626033490122319,0.0,1.0,0.0
CGNL1,0.4096984965642448,0.4891234189256069,0.0,1.0,0.0
CH25H,0.5299693668177026,0.06378322876460274,1.0,0.33333333333333326,0.0
CHAC1,0.49548586600898986,0.2454779157294373,0.0,0.33333333333333326,0.0
CHCHD3,0.470666628930217,0.008834470862226327,0.0,1.0,0.0
CHCHD7,0.42494046333997243,1.0,1.0,1.0,0.0
CHD1,0.46329023555430787,0.12014038015646138,1.0,0.33333333333333326,0.0
CHD3,0.5665195781579438,1.0,1.0,1.0,0.0
CHD6,0.5049100326006107,0.5958631065129553,0.0,0.33333333333333326,0.0
CHD9,0.5136398987534796,0.0553163875124595,0.0,0.0,0.0
CHDH,0.48176202959928677,0.5322355598013019,0.0,0.33333333333333326,0.0
CHEK2,0.5860929589338448,0.3570990359576284,0.0,1.0,0.0
CHI3L2,0.2827722004664563,1.0,1.0,1.0,0.0
CHID1,0.5711026661833758,0.5295765441437944,0.0,1.0,0.0
CHIT1,0.7545508184132692,1.0,1.0,1.0,0.0
CHKA,0.458454937113347,0.12940466815985308,0.0,0.33333333333333326,0.0
CHKB,0.5050232320246638,0.10368943670333036,0.0,0.0,0.0
CHL1,0.5995010457916625,1.0,1.0,1.0,0.0
CHN1,0.5765622215444939,1.0,1.0,1.0,0.0
CHP1,0.4313589200158781,0.7336519781421498,0.0,1.0,0.0
CHPF,0.5383918695932243,0.025759942842886973,0.0,1.0,0.0
CHPT1,0.37769772756637954,1.0,1.0,1.0,0.0
CHRAC1,0.45249926121208295,0.16430084106097656,0.0,1.0,0.0
CHRDL1,0.4754368458048035,0.14798483409680857,0.0,0.33333333333333326,0.0
CHRDL2,0.6861210669931997,0.6845500455309906,0.0,1.0,0.0
CHRM1,0.48616825692004145,0.4371551845722997,0.0,0.33333333333333326,0.0
CHRM3,0.40781876502689846,1.0,1.0,1.0,0.0
CHRNA5,0.522525494420853,0.19209720695331137,0.0,0.33333333333333326,0.0
CHRNB1,0.5414760828786941,1.0,0.0,1.0,0.0
CHST1,0.4706178807157984,0.22458163894230598,0.0,1.0,0.0
CHST15,0.4885098235206556,0.5812249314403287,0.0,0.33333333333333326,0.0
CHST2,0.40120034354028866,0.1531760378049267,0.0,1.0,0.0
CHST3,0.5252351463148648,0.05695424614109966,0.0,0.33333333333333326,0.0
CHST6,0.6958990569524945,1.0,0.0,1.0,0.0
CHST9,0.6885796919932455,1.0,1.0,1.0,0.0
CHSY1,0.5458934082766133,0.6374264698940926,0.0,0.33333333333333326,0.0
CHSY3,0.5462438084086336,0.9344196846929742,0.0,0.33333333333333326,0.0
CHTF8,0.5125733164820084,0.28252189870325334,0.0,0.0,0.0
CIB1,0.5496620002715463,0.3163100327201557,1.0,1.0,0.0
CIBAR1,0.5666284795099784,0.06090682959020248,0.0,1.0,0.0
CIITA,0.550879909520155,0.3296815087400273,0.0,1.0,0.0
CILP2,0.5448279020407688,0.20529121417538337,0.0,1.0,0.0
CIMAP1B,0.6233832090513105,0.4847126448756438,0.0,1.0,0.0
CIMAP3,0.6443015631965596,1.0,0.0,1.0,0.0
CIRSR,0.5405236519254961,0.21485265344032264,1.0,1.0,0.0
CISD1,0.5332731586866831,0.054769560207980086,0.0,1.0,0.0
CITED2,0.4242653817241777,0.7236890818141795,1.0,1.0,0.0
CIZ1,0.5166942211327232,0.11615755343774097,0.0,0.0,0.0
CKAP2,0.6161330510162437,1.0,0.0,1.0,0.0
CKAP5,0.5287014789120847,0.07927483780308835,0.0,1.0,0.0
CKMT1A,0.6191750070232287,1.0,0.0,1.0,0.0
CKMT2,0.5328825445729444,0.32405796313110197,0.0,1.0,0.0
CKS1B,0.532454470074254,0.06836195736575709,0.0,1.0,0.0
CLCA2,0.6731850258612343,1.0,1.0,1.0,0.0
CLCF1,0.5232591593245236,0.08399272193966897,0.0,0.33333333333333326,0.0
CLCN4,0.4350108878114814,1.0,0.0,1.0,0.0
CLCN6,0.43581191743436193,1.0,0.0,1.0,0.0
CLDN1,0.7432778265963029,1.0,1.0,1.0,0.0
CLDN10,0.5810868934868834,0.6932525774318156,0.0,1.0,0.0
CLDN16,0.5934078474892724,1.0,0.0,1.0,0.0
CLDN18,0.3083419333736273,0.99829511379768,1.0,1.0,0.0
CLDN2,0.5797563239056,1.0,1.0,1.0,0.0
CLDN3,0.5525128284157752,0.5943651087836122,0.0,1.0,0.0
CLDN5,0.3602244765371507,1.0,0.0,1.0,0.0
CLEC11A,0.6024408224677322,0.5957394366828359,0.0,1.0,0.0
CLEC1B,0.4043936242668589,1.0,1.0,1.0,0.0
CLEC2B,0.43503640635728125,0.14461931599349898,0.0,0.33333333333333326,0.0
CLEC2D,0.5823820840381465,0.6709491932239602,0.0,1.0,0.0
CLEC4C,0.5210757386527055,0.05246686759157685,0.0,1.0,0.0
CLEC4D,0.3205648054081173,1.0,1.0,1.0,0.0
CLEC4E,0.20359540117172675,1.0,1.0,1.0,0.0
CLGN,0.5669606499547256,0.3653689543352846,0.0,0.33333333333333326,0.0
CLIC2,0.4069206043802893,0.4260471325012849,1.0,1.0,0.0
CLIC3,0.41539919508723644,0.294649348223146,0.0,1.0,0.0
CLIC5,0.4435819541451902,0.22481245745106868,0.0,1.0,0.0
CLIC6,0.7123145487407591,1.0,1.0,1.0,0.0
CLK4,0.5382313544199961,0.3289213973085481,0.0,1.0,0.0
CLMB,0.5809869620503822,0.2840927458507226,0.0,1.0,0.0
CLMN,0.5743203362462089,1.0,0.0,1.0,0.0
CLMP,0.5441488515277872,0.4224520554417055,0.0,1.0,0.0
CLN6,0.5070631137500454,0.3245372647302213,0.0,0.33333333333333326,0.0
CLOCK,0.45409035606673764,0.20217288583650006,1.0,1.0,0.0
CLPP,0.451576045823583,0.8833188764079581,0.0,1.0,0.0
CLPTM1L,0.4891917894725219,0.6681774784389989,1.0,0.33333333333333326,0.0
CLSTN1,0.5661880676758836,1.0,1.0,1.0,0.0
CLSTN2,0.49093178097723555,0.1284808336475592,0.0,0.33333333333333326,0.0
CLSTN3,0.5580218709356601,1.0,0.0,1.0,0.0
CLTB,0.4567595122209529,0.5419250557650058,0.0,0.33333333333333326,0.0
CLU,0.6047890728296469,1.0,1.0,1.0,0.0
CMA1,0.5262153195638505,0.5359958066737572,0.0,1.0,0.0
CMC4,0.5225359640461321,0.07216418294746736,0.0,1.0,0.0
CMIP,0.5401220421443143,0.20920528974872724,0.0,1.0,0.0
CMKLR1,0.44892695652306613,0.08311468352783384,0.0,1.0,0.0
CMTM7,0.5652129171288346,0.13622711594919165,0.0,1.0,0.0
CMTM8,0.40179152602535684,1.0,0.0,1.0,0.0
CNDP2,0.4535598956829344,0.7461654146152779,0.0,0.33333333333333326,0.0
CNIH3,0.5732070376624679,0.4060029642759573,1.0,1.0,0.0
CNIH4,0.44389030757461123,0.9193001971608409,0.0,1.0,0.0
CNKSR3,0.5588485514101078,0.12314679609449723,0.0,0.33333333333333326,0.0
CNN1,0.6413012765252576,1.0,0.0,1.0,0.0
CNNM2,0.5406082076099595,1.0,0.0,1.0,0.0
CNOT4,0.4946354202980602,0.02738771292836385,0.0,0.0,0.0
CNOT8,0.4114875311047992,1.0,0.0,1.0,0.0
CNP,0.523016810901997,0.12955937131310585,0.0,1.0,0.0
CNPY4,0.5488114560242896,1.0,1.0,1.0,0.0
CNR1,0.36080866482513696,1.0,0.0,1.0,0.0
CNR2,0.5334337076450436,0.4728419534845331,0.0,0.33333333333333326,0.0
CNTN1,0.5807059273774059,0.9212098323206165,1.0,1.0,0.0
CNTN3,0.6661139791239896,1.0,1.0,1.0,0.0
CNTN6,0.41396035880121745,0.3444104556912309,0.0,1.0,0.0
CNTNAP1,0.5259924262171859,0.2626698325348793,0.0,1.0,0.0
CNTNAP3B,0.48224088189571823,0.31115635446965323,0.0,0.33333333333333326,0.0
CNTROB,0.39629075762139687,1.0,0.0,1.0,0.0
COA5,0.49556738678705536,0.14698542388210095,0.0,0.0,0.0
COBLL1,0.441258517505065,0.298618759672061,1.0,1.0,0.0
COCH,0.5587003714410157,1.0,0.0,0.33333333333333326,0.0
COG4,0.5028488678238094,0.10987935239208317,0.0,0.0,0.0
COG6,0.5545358966879206,1.0,0.0,1.0,0.0
COL10A1,0.7291933342318428,0.8763757245247104,1.0,1.0,0.0
COL14A1,0.8306731264635175,1.0,1.0,1.0,0.0
COL15A1,0.7757834225365882,1.0,1.0,1.0,0.0
COL16A1,0.5861086739524483,0.15113332575250846,0.0,1.0,0.0
COL17A1,0.7313059276798638,1.0,1.0,1.0,0.0
COL18A1,0.6043263087229067,1.0,1.0,1.0,0.0
COL1A1,0.7569228159115403,1.0,1.0,1.0,0.0
COL1A2,0.6439661531076932,1.0,1.0,1.0,0.0
COL22A1,0.5438997351886696,0.3524017824227454,0.0,1.0,0.0
COL24A1,0.5939491481050453,1.0,1.0,1.0,0.0
COL28A1,0.5754771208068956,1.0,0.0,1.0,0.0
COL3A1,0.708824682245999,1.0,1.0,1.0,0.0
COL4A4,0.4329870318506235,0.2656918914111942,0.0,0.33333333333333326,0.0
COL4A5,0.6046061991085412,1.0,0.0,1.0,0.0
COL5A1,0.607002682334038,1.0,0.0,1.0,0.0
COL5A2,0.6275103352569854,1.0,1.0,1.0,0.0
COL6A2,0.5697650908596201,0.6076190410859869,1.0,1.0,0.0
COL6A3,0.6500259797310826,1.0,1.0,1.0,0.0
COL7A1,0.6302288069419741,0.5827121872526324,0.0,1.0,0.0
COL8A1,0.5349365558455285,0.1034821319785784,0.0,1.0,0.0
COL8A2,0.6772770913051539,1.0,0.0,1.0,0.0
COLEC11,0.6905102883080942,0.53133118603181,0.0,1.0,0.0
COLEC12,0.5572838539675258,0.03503673397697467,0.0,1.0,0.0
COLGALT1,0.4992054203574254,0.3388737909748496,0.0,0.33333333333333326,0.0
COLGALT2,0.4409952035970784,0.7835484023971419,0.0,1.0,0.0
COMMD3,0.5347745724188414,0.07340782713071045,0.0,1.0,0.0
COMMD6,0.5589246151006485,0.1717688542582916,0.0,1.0,0.0
COMMD9,0.4570128450484983,0.432092611732723,0.0,0.33333333333333326,0.0
COMP,0.7925942714952076,1.0,1.0,1.0,0.0
COPA,0.5279301853922252,0.09918675016901132,0.0,1.0,0.0
COQ10B,0.43058670189204373,0.205671777908502,0.0,0.33333333333333326,0.0
CORIN,0.5617982829948244,0.5269361397824412,0.0,0.33333333333333326,0.0
CORO2B,0.5521130834404627,0.38165136228204755,0.0,1.0,0.0
CORO6,0.32650742998195875,1.0,0.0,1.0,0.0
COX4I1,0.48755421360091133,0.10977151439100377,0.0,0.0,0.0
COX6A1,0.46858813808818683,0.5029280974855089,0.0,0.33333333333333326,0.0
COXFA4L3,0.6974685279391465,0.3025209715347646,1.0,1.0,0.0
CP,0.8716576692972755,1.0,0.0,1.0,0.0
CPA3,0.6779728086572878,1.0,0.0,1.0,0.0
CPA6,0.5430747443115884,0.8007267133962921,0.0,1.0,0.0
CPAP,0.4883813444714456,0.04068770779555777,0.0,0.33333333333333326,0.0
CPB2,0.23557098342456637,0.960200130862799,1.0,1.0,0.0
CPD,0.49643025621926384,0.021381543273040034,0.0,0.33333333333333326,0.0
CPE,0.6338754421027872,0.7917904200269639,1.0,1.0,0.0
CPEB2,0.46162698949513525,0.010209174400892695,0.0,1.0,0.0
CPED1,0.5775485433477673,0.6316086360628194,0.0,1.0,0.0
CPLANE1,0.6044932250870376,1.0,0.0,1.0,0.0
CPM,0.4468237408018131,0.27519368404651695,0.0,0.33333333333333326,0.0
CPNE2,0.427951742304311,0.43414721217032637,0.0,0.33333333333333326,0.0
CPNE4,0.5628030340228012,1.0,0.0,1.0,0.0
CPNE5,0.6257631351848463,0.32255870632713834,0.0,1.0,0.0
CPT1C,0.5480726232980286,0.12156929997858819,0.0,1.0,0.0
CPT2,0.48615089112221516,0.7131640966916867,1.0,0.33333333333333326,0.0
CPXM1,0.6102386814191366,0.8296716451275638,1.0,1.0,0.0
CPXM2,0.6941545652447928,1.0,1.0,1.0,0.0
CR1,0.34176966555601934,1.0,0.0,0.33333333333333326,0.0
CR1L,0.41863389033541143,1.0,0.0,1.0,0.0
CRABP2,0.6127876418732893,1.0,1.0,1.0,0.0
CRACD,0.5925983639189504,0.8704635539778962,1.0,1.0,0.0
CRACDL,0.4699637558468142,0.7018451281124027,0.0,0.33333333333333326,0.0
CRACR2A,0.5457436119426083,0.1472358518157426,0.0,1.0,0.0
CRACR2B,0.59066456514452,0.3210325782387659,0.0,1.0,0.0
CRB3,0.4611544513579462,0.19983483354446752,1.0,1.0,0.0
CREB3L2,0.5599515401830146,1.0,1.0,1.0,0.0
CREB5,0.4230983616611724,0.28486394272518434,0.0,0.33333333333333326,0.0
CREG1,0.4504845332511355,0.5193984455513937,0.0,1.0,0.0
CRIM1,0.4333932769224734,0.4053673036044403,0.0,1.0,0.0
CRIP1,0.692658323365642,1.0,1.0,1.0,0.0
CRIP2,0.5710291119405285,1.0,0.0,1.0,0.0
CRISPLD1,0.6577798962088733,1.0,1.0,1.0,0.0
CRISPLD2,0.38593219158922004,0.7201660309521265,1.0,1.0,0.0
CRK,0.42398947612585464,0.30347244740612617,0.0,1.0,0.0
CRLF1,0.5905446309535475,0.8145500144427669,1.0,1.0,0.0
CROCC,0.5550921457305559,0.23110646909197594,0.0,1.0,0.0
CROT,0.5941067225379265,1.0,1.0,1.0,0.0
CRTAC1,0.29784904217882757,1.0,1.0,1.0,0.0
CRTAM,0.5286986590734789,0.15088487806902134,0.0,1.0,0.0
CRYAB,0.385973927378755,1.0,1.0,1.0,0.0
CRYBG3,0.45061655623299524,0.23197852191159601,0.0,1.0,0.0
CRYM,0.6120196807661225,1.0,1.0,1.0,0.0
CSF1,0.5118243926395095,0.09576397547971699,0.0,1.0,0.0
CSF3R,0.30823579549760544,1.0,1.0,1.0,0.0
CSGALNACT1,0.5754152238701726,0.2017778507938721,0.0,1.0,0.0
CSGALNACT2,0.43913929826657033,0.2108127825792877,0.0,0.33333333333333326,0.0
CSNK2B,0.5063086230495981,0.013802891298845234,0.0,0.0,0.0
CSPG4,0.3887883951097408,0.8838607913744483,0.0,1.0,0.0
CSRNP1,0.2731220395513236,1.0,0.0,1.0,0.0
CSRNP3,0.5894024350755468,1.0,0.0,1.0,0.0
CSRP1,0.5403988471712305,0.1885525057754041,0.0,1.0,0.0
CST1,0.5511439690561579,0.4090663102832426,1.0,1.0,0.0
CST2,0.5495151239198245,0.6849468609786264,1.0,1.0,0.0
CST5,0.5355362584753828,0.4011152254248434,0.0,0.33333333333333326,0.0
CSTB,0.5497471020092676,0.22086581951717033,0.0,1.0,0.0
CSTF3,0.5313311093773677,0.241463355068366,0.0,0.33333333333333326,0.0
CTAG1A,0.5156228170663368,0.10774599326410772,0.0,0.0,0.0
CTBP2,0.5088240008832936,0.10055549630507293,0.0,0.0,0.0
CTC1,0.4641756119698111,0.5132271916259521,0.0,1.0,0.0
CTH,0.3025164430292189,1.0,1.0,1.0,0.0
CTHRC1,0.7825080789706814,1.0,1.0,1.0,0.0
CTLA4,0.5376298495900348,0.4479410031937616,0.0,0.33333333333333326,0.0
CTNNBIP1,0.37558656569893645,1.0,0.0,1.0,0.0
CTSE,0.6651415502240376,1.0,1.0,1.0,0.0
CTSF,0.5660501458450938,0.3126464775682378,1.0,1.0,0.0
CTSG,0.6359338131938922,0.28271760803647505,1.0,1.0,0.0
CTSH,0.4297824268844965,0.2217751532966465,0.0,0.33333333333333326,0.0
CTSK,0.7102706506061637,1.0,1.0,1.0,0.0
CTSV,0.5613286675300899,0.47199817966747465,1.0,1.0,0.0
CTSZ,0.5466592364454418,0.2123400629460899,0.0,1.0,0.0
CUBN,0.5536665910236654,1.0,0.0,1.0,0.0
CUEDC2,0.4955953839446084,0.17650066077809654,0.0,0.0,0.0
CWC25,0.4465322318016761,0.07435457148736827,0.0,1.0,0.0
CWH43,0.6232713050212351,1.0,0.0,1.0,0.0
CXCL1,0.669520778569335,0.17091143766613368,0.0,0.33333333333333326,0.0
CXCL12,0.7139172549782484,1.0,1.0,1.0,0.0
CXCL13,0.7162348747382035,1.0,0.0,1.0,0.0
CXCL14,0.9050344193629997,1.0,1.0,1.0,0.0
CXCL17,0.5456081914465407,0.2253811326105808,1.0,1.0,0.0
CXCL2,0.3253160932580752,0.18676519810242093,0.0,0.33333333333333326,0.0
CXCL6,0.6525992222428529,0.9997520825170136,0.0,1.0,0.0
CXCL8,0.4130934102864758,0.1292317387367154,0.0,0.33333333333333326,0.0
CXCR1,0.3790181506393627,1.0,1.0,1.0,0.0
CXCR2,0.2568982801759237,1.0,0.0,1.0,0.0
CXCR4,0.4598506712235618,0.08180364774304684,0.0,0.33333333333333326,0.0
CXCR5,0.5727310845542865,0.9917822231398066,0.0,0.33333333333333326,0.0
CXXC1,0.4912399845164964,0.06302128934759325,0.0,0.0,0.0
CXXC4,0.5435898016861238,0.6893388631621227,0.0,0.33333333333333326,0.0
CXXC5,0.6152637317125215,0.2392729105197162,0.0,1.0,0.0
CXorf65,0.5099176201832246,0.14952582343013102,1.0,0.33333333333333326,0.0
CYB561A3,0.5495087681273755,0.24950074332532324,0.0,1.0,0.0
CYB561D1,0.5129438642145431,0.022811121223892738,0.0,1.0,0.0
CYB561D2,0.4976345967068816,0.4255267346658039,0.0,0.33333333333333326,0.0
CYB5A,0.44372356955002695,0.3364843895293788,0.0,1.0,0.0
CYBA,0.5713023580789258,0.009597851558528856,0.0,1.0,0.0
CYBRD1,0.4330927180153457,0.06568341195055921,0.0,1.0,0.0
CYC1,0.45012374408923406,1.0,0.0,0.33333333333333326,0.0
CYFIP2,0.545779797856107,0.45327825583556625,0.0,1.0,0.0
CYGB,0.6050582943649534,0.386296283644428,0.0,1.0,0.0
CYP11B1,0.5000417269756856,0.15644643778505926,0.0,0.33333333333333326,0.0
CYP24A1,0.6735425236486413,1.0,1.0,1.0,0.0
CYP27A1,0.5242134849646586,0.17493006444788445,0.0,0.33333333333333326,0.0
CYP27C1,0.5714690372118777,1.0,0.0,1.0,0.0
CYP2F1,0.6713976558432022,1.0,0.0,1.0,0.0
CYP2J2,0.6039652950565375,1.0,0.0,1.0,0.0
CYP2S1,0.5784503154882567,1.0,1.0,1.0,0.0
CYP3A5,0.278680031207322,1.0,0.0,1.0,0.0
CYP4A11,0.49158930896749,0.08929093175026279,0.0,0.33333333333333326,0.0
CYP4F3,0.3524317680074934,0.46662953676015784,0.0,0.33333333333333326,0.0
CYP51A1,0.3921680614198873,0.9617924549032671,0.0,1.0,0.0
CYREN,0.46867501076309515,0.11287522842055339,0.0,0.33333333333333326,0.0
CYSLTR1,0.6013759678310058,1.0,0.0,1.0,0.0
CYTIP,0.4664678323001734,0.10418421691480392,1.0,0.33333333333333326,0.0
CYTL1,0.5636032102822858,0.17216995104666788,0.0,1.0,0.0
DAAM1,0.5361820087898076,0.12519223007178362,0.0,0.33333333333333326,0.0
DAAM2,0.44107046275305994,0.18468671391088204,0.0,1.0,0.0
DACH1,0.4159766984023375,0.7045751310133958,0.0,1.0,0.0
DACH2,0.5304596635845449,0.2542486818967215,0.0,1.0,0.0
DACT1,0.6045140751362174,0.7849403577070159,0.0,1.0,0.0
DACT3,0.5729815995588764,0.663481401391795,1.0,1.0,0.0
DAGLB,0.4413785871597498,1.0,0.0,0.33333333333333326,0.0
DAPK1,0.450381578870283,0.29112218870135725,0.0,0.33333333333333326,0.0
DAPK2,0.36336616665188237,1.0,1.0,1.0,0.0
DAPK3,0.454473953122186,0.592388777588872,0.0,0.33333333333333326,0.0
DAPP1,0.6167449755788478,0.9876560056106372,0.0,1.0,0.0
DBI,0.4367835810971859,0.8258255522993395,0.0,0.33333333333333326,0.0
DBN1,0.5803650781894953,1.0,1.0,1.0,0.0
DBNL,0.46645644757532206,0.7253750728090546,0.0,1.0,0.0
DBP,0.548305414369868,0.3543423721883337,1.0,1.0,0.0
DCAF17,0.5589211559710116,0.08767622598085559,0.0,1.0,0.0
DCAF7,0.5214639266819652,0.22090119457414617,0.0,0.0,0.0
DCBLD1,0.5518705196061415,0.735407028480747,0.0,1.0,0.0
DCDC1,0.6055984632370217,1.0,0.0,1.0,0.0
DCLK1,0.675899663708898,1.0,1.0,1.0,0.0
DCLRE1A,0.46626367646475664,0.19884889146228535,0.0,1.0,0.0
DCP1B,0.5546014776314515,0.5982918460008034,0.0,1.0,0.0
DCSTAMP,0.6288187663969005,0.13981403221705616,0.0,1.0,0.0
DCTN1,0.5214050978622797,0.11896767722305195,0.0,1.0,0.0
DCTN2,0.498902465707051,0.13105974406257215,0.0,0.0,0.0
DCTPP1,0.5469214629949531,0.08021668178105286,0.0,1.0,0.0
DCUN1D3,0.4351604055421262,0.32923406189136967,0.0,0.33333333333333326,0.0
DCUN1D4,0.521422555857889,0.3109982771891939,0.0,1.0,0.0
DCXR,0.35460213346327824,1.0,1.0,1.0,0.0
DDAH2,0.5073128633074645,0.03096064165346215,0.0,0.33333333333333326,0.0
DDB2,0.5835871856067347,1.0,1.0,1.0,0.0
DDHD1,0.5480214482523309,0.16751521940377972,0.0,1.0,0.0
DDIAS,0.5569112895695043,0.10351300500308591,0.0,1.0,0.0
DDIT3,0.42000877271984044,0.3872764974822495,0.0,0.33333333333333326,0.0
DDIT4L,0.5745939225056771,0.5073201573506354,1.0,1.0,0.0
DDR1,0.5522102562026909,0.7761334629623989,0.0,1.0,0.0
DDT,0.434934299577777,1.0,0.0,1.0,0.0
DDX21,0.406218954958532,0.5398871387085455,0.0,0.33333333333333326,0.0
DDX39A,0.438431805683411,0.6945519468381938,0.0,1.0,0.0
DDX3X,0.44060500584393375,0.31708409567382323,0.0,0.33333333333333326,0.0
DDX60,0.561060681750431,0.1027993396846316,0.0,1.0,0.0
DEAF1,0.5562464786930853,0.07698030126563699,0.0,1.0,0.0
DECR2,0.4961477518350278,0.022714228877348225,0.0,0.0,0.0
DEDD,0.46689644469903774,0.14647578503038958,0.0,1.0,0.0
DEF6,0.5741031777165646,0.16398568726631912,0.0,1.0,0.0
DEFA1B,0.12932544257811127,1.0,0.0,1.0,0.0
DEFA4,0.3578716817586807,0.25549860551863623,1.0,1.0,0.0
DEGS2,0.538775032944263,0.30840400997892425,0.0,1.0,0.0
DENND1B,0.5522554607791104,0.642088571950464,1.0,1.0,0.0
DENND2A,0.5429208843448118,0.31615830397612915,0.0,1.0,0.0
DENND2B,0.5735096330309705,1.0,0.0,1.0,0.0
DENND2D,0.5682473561281214,0.04600909107997724,0.0,1.0,0.0
DENND3,0.3609782013619862,1.0,1.0,1.0,0.0
DENND4B,0.4311833939012229,1.0,0.0,1.0,0.0
DENND4C,0.4897299114766546,0.3609409964772901,0.0,0.0,0.0
DENND5A,0.4695106658594751,0.16561522622794117,0.0,1.0,0.0
DENND5B,0.5595124481397894,0.6993582040717253,0.0,0.33333333333333326,0.0
DENR,0.5560729555348538,0.19365936931810904,0.0,1.0,0.0
DEPDC7,0.6228903675590952,0.5083473704983507,0.0,1.0,0.0
DERA,0.42337345553093647,0.5831990602589419,0.0,1.0,0.0
DERL3,0.6977446166854137,1.0,1.0,1.0,0.0
DES,0.65719134736331,1.0,0.0,1.0,0.0
DGAT1,0.446802083563261,1.0,0.0,0.33333333333333326,0.0
DGAT2,0.3942105565077978,1.0,1.0,1.0,0.0
DGKA,0.5535011746795208,1.0,1.0,1.0,0.0
DGKD,0.42398327293119586,1.0,1.0,1.0,0.0
DGKG,0.40401582129028735,0.8082056662147986,1.0,1.0,0.0
DGLUCY,0.5108231890450433,0.06932479773021587,0.0,0.0,0.0
DHCR24,0.40850515198128545,1.0,0.0,1.0,0.0
DHCR7,0.38614750850349955,1.0,0.0,1.0,0.0
DHFR2,0.524379218434875,0.182339946345842,0.0,0.33333333333333326,0.0
DHRS1,0.5564869822804512,0.3578214277466266,0.0,1.0,0.0
DHX58,0.5080535064670076,0.17963882388304017,0.0,0.33333333333333326,0.0
DIO2,0.7694018366133529,1.0,1.0,1.0,0.0
DIO3,0.41615242404868286,0.6241453110983191,1.0,1.0,0.0
DIPK1A,0.5713525680681174,1.0,1.0,1.0,0.0
DIPK1B,0.44141696222323756,0.1265960328407158,0.0,0.33333333333333326,0.0
DIRAS3,0.6409968699589087,0.4185880522780479,0.0,1.0,0.0
DISP1,0.3716838726701551,0.5841350209215753,0.0,0.33333333333333326,0.0
DIXDC1,0.5900112550826958,0.9482880229800746,0.0,1.0,0.0
DLAT,0.46929972070083187,0.3502993437714173,0.0,0.33333333333333326,0.0
DLC1,0.4018200716889202,0.7817872053047019,1.0,1.0,0.0
DLEC1,0.6287217867807419,1.0,0.0,1.0,0.0
DLG2,0.5974057812939019,1.0,1.0,1.0,0.0
DLG5,0.579784157723868,0.4870539512834587,0.0,1.0,0.0
DLGAP5,0.5827296327371029,0.9391344606907479,0.0,1.0,0.0
DMAC2,0.41549485585221557,1.0,0.0,1.0,0.0
DMAC2L,0.453678892591825,0.28726845111715676,0.0,1.0,0.0
DMBT1,0.6242414970965442,0.00431291334290686,0.0,0.33333333333333326,0.0
DMD,0.5968527239930267,1.0,1.0,1.0,0.0
DMP1,0.4899916620739101,0.032211266007315845,0.0,0.0,0.0
DNAAF1,0.6890335298603112,1.0,0.0,1.0,0.0
DNAAF10,0.6078930894243749,1.0,0.0,1.0,0.0
DNAAF11,0.6052744952872409,1.0,0.0,1.0,0.0
DNAAF2,0.5515557103989753,0.7431710316615651,0.0,1.0,0.0
DNAAF3,0.5688501289373997,1.0,0.0,1.0,0.0
DNAAF6,0.5966703426888623,1.0,0.0,1.0,0.0
DNAH1,0.5715805376202643,0.9811119065360765,0.0,1.0,0.0
DNAH17,0.4687441072503821,0.18241777128082168,0.0,1.0,0.0
DNAH5,0.6517933981214163,0.8448472774444683,0.0,1.0,0.0
DNAH6,0.6541820592649601,1.0,0.0,1.0,0.0
DNAH7,0.66217205472793,1.0,0.0,1.0,0.0
DNAH9,0.6543051492162143,1.0,0.0,1.0,0.0
DNAI1,0.6890880470474805,1.0,0.0,1.0,0.0
DNAI2,0.658714617569327,1.0,0.0,1.0,0.0
DNAI3,0.6493133037526158,1.0,0.0,1.0,0.0
DNAI7,0.6575109062414365,1.0,1.0,1.0,0.0
DNAJA4,0.6292610585988146,1.0,0.0,1.0,0.0
DNAJB12,0.45459845521490344,0.1479009833444996,0.0,1.0,0.0
DNAJB13,0.5850659189687002,1.0,0.0,1.0,0.0
DNAJB2,0.5178747895666727,0.0908026192567436,0.0,0.0,0.0
DNAJB5,0.5501465989524325,0.1693560328644304,0.0,1.0,0.0
DNAJC10,0.5398904045173974,0.4422010543208715,0.0,1.0,0.0
DNAJC12,0.6353551774017371,1.0,1.0,1.0,0.0
DNAL1,0.5489099613699243,0.7866575744533574,0.0,1.0,0.0
DNALI1,0.6252898115955742,1.0,0.0,1.0,0.0
DNASE2,0.5050869672154555,0.034128211979935846,0.0,0.33333333333333326,0.0
DNER,0.6025239912243254,1.0,0.0,1.0,0.0
DNM1,0.5970057579691552,1.0,1.0,1.0,0.0
DNM2,0.4148478900528355,1.0,0.0,1.0,0.0
DNM3,0.44165378493293694,0.5230437878908546,0.0,1.0,0.0
DNMBP,0.530109091038433,0.5709119498079274,0.0,1.0,0.0
DNPEP,0.4441750165774484,1.0,0.0,0.33333333333333326,0.0
DOCK1,0.5543121161368884,0.12107994725862863,0.0,1.0,0.0
DOCK10,0.5995631713132669,0.9155284334592538,1.0,1.0,0.0
DOCK4,0.43449811331435506,0.6613980184021122,0.0,1.0,0.0
DOCK5,0.42183829956817886,1.0,1.0,1.0,0.0
DOCK6,0.4190332439022561,0.9939859748217118,0.0,0.33333333333333326,0.0
DOCK9,0.36708539060500295,1.0,1.0,1.0,0.0
DOK2,0.4412322951914473,0.284715439378327,0.0,0.33333333333333326,0.0
DOK3,0.4117075202924271,0.43784575059503134,0.0,1.0,0.0
DOK4,0.4365744864006358,0.37511800235820125,0.0,0.33333333333333326,0.0
DOK5,0.5814468169538662,1.0,0.0,1.0,0.0
DONSON,0.5516752710688799,0.11155963395524056,0.0,1.0,0.0
DPCD,0.5548444433132385,0.9970397078939128,0.0,1.0,0.0
DPH3,0.4608992766685819,0.8875041837361044,0.0,1.0,0.0
DPH5,0.49214921617148,0.05292550778016391,0.0,0.33333333333333326,0.0
DPP9,0.4656483402574381,0.4953364130639486,0.0,0.33333333333333326,0.0
DPT,0.6164457070217156,0.6087794579915607,0.0,1.0,0.0
DPY19L4,0.5438625620415899,0.08674278066307883,0.0,0.33333333333333326,0.0
DPY30,0.550017562518081,0.5342879501164679,0.0,1.0,0.0
DPYD,0.43639398653097816,1.0,0.0,1.0,0.0
DPYS,0.5921711064939054,0.5928377680203533,1.0,1.0,0.0
DPYSL3,0.6205958745577258,1.0,1.0,1.0,0.0
DRAP1,0.5428454051663175,0.17921976050083854,0.0,0.33333333333333326,0.0
DRC1,0.647827614074332,1.0,0.0,1.0,0.0
DRC12,0.5938153185716192,0.5681715192132476,1.0,1.0,0.0
DRC2,0.5932361781394175,1.0,0.0,1.0,0.0
DRC4,0.533881216779042,0.6332890850923496,0.0,1.0,0.0
DRC7,0.5927585783863991,1.0,0.0,1.0,0.0
DRC9,0.6326034545469492,1.0,0.0,1.0,0.0
DSC2,0.4626165735986189,0.34726985739179,0.0,1.0,0.0
DSC3,0.6674801887902296,1.0,1.0,1.0,0.0
DSE,0.449058853501767,1.0,0.0,1.0,0.0
DSEL,0.3930322512190204,1.0,1.0,1.0,0.0
DSG2,0.5573014332145513,0.44340961837269066,0.0,1.0,0.0
DSG3,0.5872202706027487,1.0,1.0,1.0,0.0
DSP,0.5724247359602624,0.831779487327573,0.0,1.0,0.0
DTHD1,0.673935253215063,1.0,0.0,1.0,0.0
DTNA,0.505032961682553,0.5816723945956207,0.0,0.33333333333333326,0.0
DTWD1,0.5512926938787778,0.4880551247002546,1.0,1.0,0.0
DTX3,0.5695160912713507,0.5263733557738585,0.0,1.0,0.0
DTX4,0.5738587777814526,0.5685844279188877,0.0,0.33333333333333326,0.0
DUOX1,0.3905325621391702,1.0,1.0,1.0,0.0
DUOXA1,0.3475990687060663,1.0,1.0,1.0,0.0
DUOXA2,0.4947367080782776,0.27925443063967104,0.0,0.33333333333333326,0.0
DUSP1,0.34093750700528924,1.0,0.0,1.0,0.0
DUSP10,0.5914433511511775,1.0,0.0,1.0,0.0
DUSP14,0.5562304885147159,0.6366860647836834,0.0,0.33333333333333326,0.0
DUSP19,0.5742940594261796,1.0,1.0,1.0,0.0
DUSP2,0.5426569661551116,0.25395206731686143,0.0,0.33333333333333326,0.0
DUSP23,0.5462768353315941,0.33438656489678026,0.0,1.0,0.0
DUSP4,0.5464478847806217,0.45588334470920744,0.0,0.33333333333333326,0.0
DUSP5,0.5244031655992258,0.6660735176789764,0.0,0.33333333333333326,0.0
DUSP7,0.4574546595485927,0.6043028836626597,0.0,1.0,0.0
DUSP8,0.4282965063128647,0.6273739666895918,0.0,1.0,0.0
DUSP9,0.48430675347369095,0.02552435227091927,0.0,0.0,0.0
DYDC2,0.6072696235927096,1.0,0.0,1.0,0.0
DYNC1H1,0.47833579996900033,0.21413808754844646,0.0,0.0,0.0
DYNC1LI1,0.4571529426415621,0.35808805154274054,1.0,1.0,0.0
DYNLL1,0.5886910498182172,1.0,0.0,1.0,0.0
DYNLRB1,0.4804582313994558,0.2988269143960071,0.0,0.0,0.0
DYNLT2B,0.6306198845579402,1.0,0.0,1.0,0.0
DYNLT5,0.5687879886998928,0.7681259472005638,0.0,1.0,0.0
DYRK2,0.5734787090715361,0.25451401319171507,0.0,1.0,0.0
DYRK3,0.5455411969941963,0.010264982937702732,0.0,0.33333333333333326,0.0
DYSF,0.41986575956530997,1.0,0.0,1.0,0.0
DZANK1,0.6011670459441096,1.0,0.0,1.0,0.0
DZIP1,0.5840377333250538,1.0,1.0,1.0,0.0
DZIP1L,0.5743488949105858,1.0,1.0,1.0,0.0
DZIP3,0.693583031144351,1.0,0.0,1.0,0.0
E2F5,0.5323662298221438,0.13434720405808273,0.0,1.0,0.0
E2F8,0.5570410438362539,1.0,0.0,1.0,0.0
EAF2,0.5682823681979212,0.6226779034757222,0.0,0.33333333333333326,0.0
EBF3,0.5525863337201454,0.8108661066960232,0.0,0.33333333333333326,0.0
EBP,0.3903567350402524,1.0,1.0,1.0,0.0
ECHDC1,0.4530365910312152,0.4065576874205028,0.0,1.0,0.0
ECHDC3,0.3408166072696925,1.0,1.0,1.0,0.0
ECM1,0.5583675069204446,0.6654591023920414,1.0,1.0,0.0
ECM2,0.6870843038600101,1.0,1.0,1.0,0.0
ECRG4,0.6405718423894603,1.0,1.0,1.0,0.0
EDA2R,0.5542662861889847,1.0,0.0,1.0,0.0
EDEM1,0.4926216204962931,0.7153906289702691,1.0,0.33333333333333326,0.0
EDEM2,0.5208035762823562,0.06412432734037074,0.0,0.33333333333333326,0.0
EDF1,0.5204659899449314,0.014822406644605534,0.0,1.0,0.0
EDNRA,0.5672669498829478,0.7662021765791742,0.0,1.0,0.0
EDNRB,0.29539396175497656,1.0,1.0,1.0,0.0
EEIG1,0.565894797226829,0.8184035227320786,1.0,1.0,0.0
EEIG2,0.539943911564229,0.5437143280990498,0.0,1.0,0.0
EFCAB10,0.6419774224250492,1.0,0.0,1.0,0.0
EFCAB11,0.5560283489851928,1.0,1.0,1.0,0.0
EFCAB12,0.6235906199507526,1.0,0.0,1.0,0.0
EFCAB13,0.5071486790132947,0.56387157685531,0.0,0.33333333333333326,0.0
EFCAB7,0.6064126398304006,1.0,0.0,1.0,0.0
EFHC1,0.6596517722568983,1.0,1.0,1.0,0.0
EFHC2,0.6610534389361656,1.0,1.0,1.0,0.0
EFNA1,0.4215785942203681,1.0,0.0,1.0,0.0
EFNA4,0.583876815960595,0.2547337377961218,0.0,1.0,0.0
EFNA5,0.5601106757499466,0.5200199417055424,0.0,1.0,0.0
EFNB1,0.380009351619925,1.0,0.0,1.0,0.0
EFNB2,0.3898724718839166,1.0,0.0,1.0,0.0
EFNB3,0.5510326188567998,0.37611519116973585,1.0,1.0,0.0
EFR3B,0.4379810911283774,1.0,0.0,0.33333333333333326,0.0
EGFL6,0.6214582309073493,1.0,1.0,1.0,0.0
EGFL7,0.3935978629853767,1.0,0.0,1.0,0.0
EGFLAM,0.5832704249395316,1.0,0.0,1.0,0.0
EGFR,0.441778199483458,0.5147201980298626,0.0,1.0,0.0
EGR1,0.47631928471357965,0.2449211338801793,0.0,0.33333333333333326,0.0
EGR2,0.6268300552463008,0.4954915260471531,0.0,1.0,0.0
EGR3,0.5361689191239023,0.32789495068591246,0.0,0.33333333333333326,0.0
EHD1,0.4393826851138844,0.6348641630634085,0.0,1.0,0.0
EHD4,0.5044945248399264,0.19700076316557094,0.0,0.33333333333333326,0.0
EHHADH,0.5413368256551753,0.025282147430923597,0.0,0.33333333333333326,0.0
EID1,0.5441998192465716,0.19617349370032683,0.0,1.0,0.0
EID3,0.507734990143707,0.47814474086947795,0.0,0.33333333333333326,0.0
EIF1,0.4614817237973973,0.05741001793786408,0.0,1.0,0.0
EIF1B,0.4226152780204043,1.0,0.0,0.33333333333333326,0.0
EIF2AK1,0.4957284584054293,0.3443284821922653,0.0,0.0,0.0
EIF2AK2,0.5591322575780819,0.15034627675612972,0.0,0.33333333333333326,0.0
EIF2AK3,0.46893451440525286,0.14410058964816116,0.0,0.33333333333333326,0.0
EIF2D,0.49584003744403654,0.22851308341516813,0.0,0.0,0.0
EIF2S2,0.45564773872470565,0.13590855517343067,1.0,1.0,0.0
EIF4A3,0.43621902750782565,0.8451199264407068,0.0,0.33333333333333326,0.0
EIF4E3,0.43284037969221095,0.09600042375059509,0.0,1.0,0.0
EIF4G3,0.5397798520411864,0.14873436953945623,0.0,1.0,0.0
EIF5A2,0.5385487967566066,0.39637742940102577,0.0,1.0,0.0
ELAPOR1,0.6552171433593572,1.0,0.0,1.0,0.0
ELAPOR2,0.37998571197928743,1.0,1.0,1.0,0.0
ELK3,0.5608782047763238,1.0,0.0,1.0,0.0
ELK4,0.5454495273658401,0.12199367289052454,0.0,1.0,0.0
ELL,0.4899110442083833,0.1603684920062003,0.0,0.0,0.0
ELMO1,0.44308581450796275,0.6927488173569626,1.0,1.0,0.0
ELMO2,0.4660954377482461,0.21680617538884212,0.0,0.33333333333333326,0.0
ELMOD1,0.5499691125108022,0.814999085418608,0.0,1.0,0.0
ELMOD2,0.5526866002280288,0.7737932957058711,1.0,1.0,0.0
ELOA,0.4393922759479883,1.0,0.0,1.0,0.0
ELOVL1,0.4411331894868454,1.0,0.0,1.0,0.0
ELOVL3,0.4428694083891477,0.01935952069440237,0.0,1.0,0.0
ELOVL6,0.41766174158306235,0.9037394182415377,0.0,1.0,0.0
EMB,0.5820609310137224,0.5322840962060998,0.0,1.0,0.0
EMC1,0.4674631424841672,0.4718806485732788,0.0,0.33333333333333326,0.0
EMC10,0.5559039578474468,0.13142657817189804,0.0,1.0,0.0
EMC3,0.4582307193965807,0.8522439815258651,0.0,1.0,0.0
EMILIN1,0.515256285669854,0.17117413612935295,0.0,0.33333333333333326,0.0
EML4,0.5432958161372315,0.12998952234960356,0.0,1.0,0.0
EMP1,0.4007255609039131,0.079803613727606,0.0,0.33333333333333326,0.0
EMP2,0.3265034089395078,1.0,0.0,1.0,0.0
ENAH,0.6032193281559404,1.0,1.0,1.0,0.0
ENC1,0.6285647863034902,1.0,1.0,1.0,0.0
ENG,0.4829420741882678,0.7995714553035613,1.0,0.33333333333333326,0.0
ENKUR,0.6994672312856427,1.0,0.0,1.0,0.0
ENO1,0.43802209506427436,0.8988161738968424,0.0,1.0,0.0
ENOSF1,0.4404019933944142,0.2814365904988063,0.0,0.33333333333333326,0.0
ENPP3,0.5828968166931416,1.0,1.0,1.0,0.0
ENPP5,0.6114758947643425,1.0,1.0,1.0,0.0
ENTPD1,0.5956094686603293,1.0,1.0,1.0,0.0
ENTPD3,0.5788711235027676,1.0,0.0,1.0,0.0
ENTPD7,0.5411139626765415,0.2587265034853616,0.0,0.33333333333333326,0.0
ENTREP1,0.5786579993723803,0.1973108484147571,0.0,0.33333333333333326,0.0
ENTREP3,0.49911969890446417,0.07441699078324476,0.0,0.0,0.0
ENY2,0.45422584272098737,0.1126209439316178,0.0,1.0,0.0
EOMES,0.5570487651283694,0.15046118863309704,1.0,1.0,0.0
EPAS1,0.31877827766536804,1.0,1.0,1.0,0.0
EPB41L1,0.5923790911942982,0.38602414501724913,0.0,1.0,0.0
EPB41L3,0.466529602363337,0.09129817274843435,0.0,0.33333333333333326,0.0
EPB41L5,0.35227601109361206,1.0,0.0,1.0,0.0
EPDR1,0.40852256101029394,0.7174287764072473,0.0,1.0,0.0
EPHA3,0.733663160743973,1.0,1.0,1.0,0.0
EPHB2,0.5903767030924276,0.8476160191267325,0.0,1.0,0.0
EPHB3,0.5923757906744167,0.30139632275390094,0.0,1.0,0.0
EPHB4,0.4276282825453322,0.9574395423058838,0.0,0.33333333333333326,0.0
EPHX1,0.6336434583259527,0.8598717437381698,0.0,0.33333333333333326,0.0
EPHX2,0.5988025233764007,1.0,0.0,1.0,0.0
EPHX3,0.5275257862341113,0.11389177195065385,1.0,1.0,0.0
EPN3,0.5597934781511675,0.20322236363857674,0.0,1.0,0.0
EPS8,0.5368002654301659,0.43322886754057044,0.0,0.33333333333333326,0.0
EPS8L1,0.5929565884740655,0.6108907957366693,0.0,1.0,0.0
ERAL1,0.5034347199763043,0.11907504477558452,0.0,0.0,0.0
ERBB2,0.5544787011670331,0.153780965424538,0.0,0.33333333333333326,0.0
ERG28,0.44787466536498005,0.8154412280283675,0.0,1.0,0.0
ERICH3,0.673902541114599,1.0,0.0,1.0,0.0
ERICH5,0.6548411462546001,0.08660290821189073,0.0,1.0,0.0
ERLN,0.5788229926923026,0.06345544878512782,0.0,1.0,0.0
ERN1,0.47304997181290814,0.4092082970941138,1.0,0.33333333333333326,0.0
ERN2,0.5743233695549703,1.0,0.0,1.0,0.0
ERP27,0.605706289626842,0.4770535474542967,1.0,1.0,0.0
ERRFI1,0.3351367494443907,1.0,0.0,1.0,0.0
ESAM,0.37489139171515345,1.0,0.0,1.0,0.0
ESCO1,0.5241997141682769,0.10797787698544764,0.0,1.0,0.0
ESR2,0.5368644258486931,0.753191410606831,0.0,0.33333333333333326,0.0
ESRP2,0.4428722269468118,0.42147057978530755,0.0,1.0,0.0
ESRRG,0.5499143146955877,1.0,0.0,1.0,0.0
ESYT3,0.3870018892956088,1.0,0.0,1.0,0.0
ETFRF1,0.4882212387519567,0.2260112698866622,0.0,0.33333333333333326,0.0
ETHE1,0.4904459265553539,0.41124166183278776,0.0,0.33333333333333326,0.0
ETS1,0.43452776126064135,0.3964613913241537,0.0,1.0,0.0
ETS2,0.41275879434354146,1.0,1.0,1.0,0.0
ETV1,0.4269223001070442,0.2923875849982418,0.0,0.33333333333333326,0.0
ETV4,0.48995943974114464,0.07118983414492937,0.0,0.0,0.0
ETV6,0.5555600858128014,0.37819636485324604,1.0,1.0,0.0
EVC,0.5604738978892226,0.8861835526740238,0.0,0.33333333333333326,0.0
EVI2B,0.44003872164821944,0.1575890470633804,0.0,1.0,0.0
EVL,0.6007752904339024,0.41043838543266076,1.0,1.0,0.0
EXOC2,0.529120905965381,0.04294568721151857,0.0,1.0,0.0
EXOC3L1,0.42107752121966685,0.9034762718606547,0.0,1.0,0.0
EXPH5,0.5172150200297864,0.1816070691257564,1.0,0.33333333333333326,0.0
EXTL2,0.5605355297206198,0.43841069191539495,0.0,1.0,0.0
EYA1,0.6076054638218471,1.0,0.0,1.0,0.0
EYA2,0.677745483781236,1.0,1.0,1.0,0.0
EYA4,0.5978657564775236,0.3720696923287439,0.0,0.33333333333333326,0.0
EZH1,0.4419534865487599,0.15872799177898775,0.0,1.0,0.0
F10,0.4386482602073089,0.127462698014926,0.0,1.0,0.0
F11,0.3723026006882246,1.0,0.0,1.0,0.0
F2RL2,0.5952540410851923,1.0,0.0,0.33333333333333326,0.0
F2RL3,0.3264811500965748,1.0,1.0,1.0,0.0
F3,0.39172403508222725,1.0,0.0,1.0,0.0
F8,0.42751590886795293,0.1357141267374148,0.0,1.0,0.0
FAAH,0.5049356747155661,0.19020915227926435,0.0,0.0,0.0
FAAH2,0.5818174885322056,1.0,0.0,1.0,0.0
FAAP100,0.5306203776398042,0.06330546245253486,0.0,1.0,0.0
FAAP20,0.5137125874336701,0.1144516771326003,0.0,0.0,0.0
FADS1,0.3752438328762325,1.0,0.0,1.0,0.0
FADS3,0.3942338238329055,1.0,0.0,1.0,0.0
FAH,0.39156301906901547,1.0,0.0,1.0,0.0
FAHD2A,0.5180083051979664,0.11517481754894027,0.0,0.0,0.0
FAIM,0.5520489752161097,0.8223247793438992,1.0,1.0,0.0
FAM107A,0.22253616408045065,1.0,1.0,1.0,0.0
FAM110C,0.5460681525592653,0.1582212374741733,0.0,0.33333333333333326,0.0
FAM111A,0.5418025958657875,0.15495907284526594,0.0,0.33333333333333326,0.0
FAM114A1,0.5448996589947196,0.7209081985914254,0.0,1.0,0.0
FAM13A,0.48803953134680467,0.39585533602824297,0.0,0.33333333333333326,0.0
FAM13C,0.6820631152978649,1.0,0.0,1.0,0.0
FAM161A,0.5814639801451718,0.971455695854605,0.0,1.0,0.0
FAM162A,0.543107247786875,0.17888534975141665,0.0,1.0,0.0
FAM162B,0.6105175427363647,0.5661499413947021,1.0,1.0,0.0
FAM167A,0.35837229454685143,1.0,1.0,1.0,0.0
FAM169A,0.5872773874798293,1.0,1.0,1.0,0.0
FAM171B,0.622293366588001,1.0,0.0,1.0,0.0
FAM177A1,0.40831571191035665,0.7886986558990648,0.0,1.0,0.0
FAM181B,0.5236705971324036,0.2733514923279111,0.0,0.33333333333333326,0.0
FAM184A,0.5114859929684512,0.3710298507988936,0.0,0.33333333333333326,0.0
FAM20A,0.517781532548712,0.21103137030624328,0.0,0.33333333333333326,0.0
FAM20C,0.5777869699667466,0.32983032156488956,0.0,0.33333333333333326,0.0
FAM229B,0.5789300496630239,1.0,0.0,1.0,0.0
FAM3C,0.5316184407699549,0.12300508709311803,0.0,1.0,0.0
FAM3D,0.5619839284016136,0.5339370987016112,0.0,1.0,0.0
FAM43A,0.403020860247113,0.5439490646113685,0.0,0.33333333333333326,0.0
FAM50A,0.45827415827125934,0.5128809864308087,0.0,0.33333333333333326,0.0
FAM81A,0.5426016077049681,1.0,0.0,0.33333333333333326,0.0
FAM81B,0.7413896142992666,1.0,1.0,1.0,0.0
FAM89A,0.40025198466617107,1.0,0.0,1.0,0.0
FAM89B,0.55138846077576,0.24114813477695193,0.0,1.0,0.0
FANCA,0.5427067326687262,0.0229856961108286,0.0,1.0,0.0
FANCC,0.446262123774497,0.5897397071012447,0.0,0.33333333333333326,0.0
FANCE,0.43261400620663665,1.0,1.0,1.0,0.0
FANCF,0.568438173612668,0.8663955753097523,1.0,1.0,0.0
FANCG,0.550115881130575,0.09945163878071042,0.0,1.0,0.0
FANCL,0.5611285414027481,0.5854989663323756,1.0,1.0,0.0
FANK1,0.6876692512596119,1.0,1.0,1.0,0.0
FAP,0.7319567251399901,1.0,0.0,1.0,0.0
FASLG,0.5640434384973348,0.40129036000177853,0.0,1.0,0.0
FASN,0.3164927239086647,1.0,1.0,1.0,0.0
FASTKD1,0.5380700576082664,0.049606227992566095,0.0,0.33333333333333326,0.0
FAT1,0.604416426438648,1.0,1.0,1.0,0.0
FAT2,0.5932837813015907,1.0,1.0,1.0,0.0
FAT3,0.5676740030602201,0.5792372006444562,0.0,0.33333333333333326,0.0
FAXC,0.5314770361076044,0.864532421472904,0.0,1.0,0.0
FBLN1,0.5442647998183644,0.17963771205818815,0.0,1.0,0.0
FBLN2,0.6554153642380809,1.0,1.0,1.0,0.0
FBLN5,0.3933610909583516,0.8738742462965365,1.0,1.0,0.0
FBXL12,0.4797535442673104,0.12508178707915046,0.0,1.0,0.0
FBXL13,0.5689477040025374,1.0,1.0,1.0,0.0
FBXL2,0.5692354711267322,1.0,1.0,1.0,0.0
FBXL4,0.4880262053541204,0.3076637833534707,0.0,0.33333333333333326,0.0
FBXO16,0.5850382841704311,1.0,0.0,1.0,0.0
FBXO17,0.5405871222198503,0.050235400516411254,0.0,0.33333333333333326,0.0
FBXO31,0.5465770228940959,0.2614439650029258,0.0,1.0,0.0
FBXO32,0.5758875835586499,0.45175415347568,0.0,1.0,0.0
FBXO45,0.4960876778921398,0.05076717928868813,0.0,0.33333333333333326,0.0
FBXW7,0.5496768364738401,0.8378445796583158,1.0,1.0,0.0
FCAR,0.3859639699449415,1.0,0.0,1.0,0.0
FCER1A,0.703184564184677,1.0,1.0,1.0,0.0
FCF1,0.4920865055781113,0.09189794816717155,0.0,0.33333333333333326,0.0
FCGR2B,0.5735469331583972,0.5069185570185057,0.0,1.0,0.0
FCGRT,0.5133114634816808,0.45772136406865827,0.0,0.33333333333333326,0.0
FCHO2,0.42112521070270414,0.9888871147097004,1.0,1.0,0.0
FCHSD2,0.4573872294805649,0.16222571815956102,0.0,1.0,0.0
FCMR,0.5460767497155432,0.5549601052056579,0.0,1.0,0.0
FCN3,0.15145217566816388,1.0,0.0,1.0,0.0
FCRL2,0.5541549450703093,0.3606896847115961,0.0,0.33333333333333326,0.0
FCRL3,0.5417834350031273,0.43438193737008346,0.0,1.0,0.0
FCRL5,0.6973386728695509,1.0,0.0,1.0,0.0
FCRLA,0.5434575835859865,0.7107752630825563,0.0,1.0,0.0
FDCSP,0.6638949996421948,0.9851472941188263,0.0,1.0,0.0
FDFT1,0.42487264231379185,1.0,1.0,1.0,0.0
FDPS,0.40107511100863164,1.0,0.0,1.0,0.0
FDXR,0.6138629638109662,0.21783125197601802,0.0,1.0,0.0
FEM1A,0.46995177119255765,0.07747190081389649,0.0,1.0,0.0
FERMT1,0.6540198543603716,1.0,0.0,0.33333333333333326,0.0
FERMT2,0.4166240636173877,1.0,1.0,1.0,0.0
FERRY3,0.5379935856678606,0.12126186141836505,1.0,1.0,0.0
FES,0.4272416032807544,1.0,0.0,1.0,0.0
FFAR2,0.34520455204898126,0.7522296119345966,0.0,0.33333333333333326,0.0
FGD4,0.4136239453184835,1.0,0.0,1.0,0.0
FGD6,0.5646056992309963,0.8798728275987036,1.0,1.0,0.0
FGF1,0.5626119695844783,0.6320276452751036,1.0,1.0,0.0
FGF13,0.5956291953545078,1.0,0.0,0.33333333333333326,0.0
FGF14,0.6439888183735196,1.0,1.0,1.0,0.0
FGF18,0.6054261284696514,0.14049780440683113,0.0,1.0,0.0
FGF7,0.5831043410297897,0.4346911240756231,0.0,0.33333333333333326,0.0
FGFBP2,0.4023035050567187,0.0980616057615374,0.0,0.33333333333333326,0.0
FGFR3,0.5820214544870324,0.1507874095634396,0.0,1.0,0.0
FGFR4,0.3855423855728202,1.0,0.0,1.0,0.0
FGL1,0.382366890864037,0.4423787994813833,0.0,1.0,0.0
FGL2,0.5885856579695098,0.37708959948453213,0.0,1.0,0.0
FGR,0.3824844637355495,1.0,0.0,1.0,0.0
FHAD1,0.61825820139476,1.0,0.0,1.0,0.0
FHDC1,0.38014248755841107,1.0,1.0,1.0,0.0
FHL2,0.7123968474748865,1.0,1.0,1.0,0.0
FHOD1,0.41881947716644774,1.0,0.0,0.33333333333333326,0.0
FHOD3,0.6429152219356165,1.0,1.0,1.0,0.0
FIBIN,0.3194311443210745,1.0,1.0,1.0,0.0
FIGNL1,0.5728731167281869,0.5912645875758388,1.0,1.0,0.0
FILIP1L,0.5623788402724088,1.0,0.0,1.0,0.0
FITM2,0.4324038941239177,0.7262588915308252,0.0,1.0,0.0
FKBP11,0.5838840280084681,0.2551646768971716,0.0,0.33333333333333326,0.0
FKBP1A,0.4668019113687607,0.12731330987982775,0.0,1.0,0.0
FKBP2,0.5387471579713967,0.1548476963855141,0.0,1.0,0.0
FKBP3,0.542489783964601,0.08168265720784951,0.0,1.0,0.0
FKBP5,0.19885342589366184,1.0,1.0,1.0,0.0
FKBP7,0.5578785333891192,0.8913202081481959,0.0,1.0,0.0
FKTN,0.5636211111889653,0.36458396460228815,0.0,0.33333333333333326,0.0
FLI1,0.43434216132917036,1.0,0.0,1.0,0.0
FLNC,0.6197691115499775,1.0,0.0,1.0,0.0
FLOT2,0.45303716322121496,1.0,0.0,0.33333333333333326,0.0
FLRT2,0.5661201688126112,1.0,0.0,1.0,0.0
FLRT3,0.44236327558617194,0.5627916795499747,0.0,1.0,0.0
FLT3,0.3931270027672897,0.9336312261656642,1.0,1.0,0.0
FLT4,0.4864891940052539,0.6661166807482876,0.0,0.33333333333333326,0.0
FLVCR1,0.52396212252668,0.08988995970145663,0.0,1.0,0.0
FLVCR2,0.408644887394403,1.0,0.0,1.0,0.0
FMN1,0.39183651292320537,0.85409958065721,1.0,1.0,0.0
FMNL2,0.4331540133264932,0.7503743789987876,0.0,1.0,0.0
FMO1,0.6090019768818868,1.0,1.0,1.0,0.0
FMO3,0.6094030466093451,0.5147580213013242,0.0,1.0,0.0
FMO5,0.2114930358906114,1.0,1.0,1.0,0.0
FN1,0.5680846110558548,1.0,0.0,1.0,0.0
FNBP1L,0.4320264690039439,0.31342962660507523,0.0,1.0,0.0
FNDC1,0.7855113236422169,1.0,1.0,1.0,0.0
FNDC4,0.5848407057834799,0.4397065810305962,0.0,1.0,0.0
FNIP1,0.4160982965795513,0.3241729873244032,0.0,1.0,0.0
FNIP2,0.45682482331668783,0.4708831963812146,0.0,1.0,0.0
FOCAD,0.5637772497232317,1.0,0.0,1.0,0.0
FOLR1,0.5708421207087038,0.35650783731241,0.0,0.33333333333333326,0.0
FOLR2,0.5590417539827465,0.635886136966846,0.0,1.0,0.0
FOSL2,0.4410874979514044,0.7425588717163859,1.0,0.33333333333333326,0.0
FOXA1,0.5616394635564989,0.8270535848961265,0.0,1.0,0.0
FOXE1,0.5170135051258308,0.06050098602026265,0.0,1.0,0.0
FOXF1,0.3572378781899994,1.0,0.0,1.0,0.0
FOXG1,0.48713776814610915,0.09867485186482843,0.0,0.33333333333333326,0.0
FOXJ1,0.6061638179501572,1.0,0.0,1.0,0.0
FOXL1,0.5414721695796385,0.8114903947032549,0.0,1.0,0.0
FOXO1,0.4042131677648909,0.08610450769676142,0.0,1.0,0.0
FOXO3,0.4209739239529741,0.27413749576673585,0.0,0.33333333333333326,0.0
FOXQ1,0.4895401042376369,0.23605905999319587,0.0,0.33333333333333326,0.0
FPR1,0.2863223379653124,1.0,1.0,1.0,0.0
FPR2,0.2893626864932068,1.0,1.0,1.0,0.0
FPR3,0.5872190607114399,0.128852845621757,0.0,1.0,0.0
FRAS1,0.6220682214186393,0.6349034651627644,0.0,1.0,0.0
FREM1,0.6104840944310755,1.0,1.0,1.0,0.0
FREM3,0.5386997890824472,0.08408365711768837,1.0,1.0,0.0
FRK,0.5864930231842621,1.0,1.0,1.0,0.0
FRMD4A,0.4684297221602792,0.07268762893541837,0.0,0.33333333333333326,0.0
FRMD5,0.5605085883777269,1.0,0.0,0.33333333333333326,0.0
FRMD6,0.625125190788012,1.0,0.0,1.0,0.0
FRY,0.45292348486015177,0.5105086674700542,0.0,0.33333333333333326,0.0
FRYL,0.44817627656328585,0.3878282663259414,0.0,1.0,0.0
FRZB,0.663410012330643,0.5743984545547324,1.0,1.0,0.0
FSCN1,0.5681558853797583,0.3576335597681429,1.0,1.0,0.0
FSIP1,0.5410076626868808,1.0,0.0,1.0,0.0
FSTL3,0.39033684671260566,1.0,0.0,1.0,0.0
FTO,0.5917068979693516,1.0,0.0,1.0,0.0
FUCA1,0.565123097710785,0.2518232954512933,0.0,1.0,0.0
FUNDC1,0.5495000816483605,0.09153964068501314,0.0,1.0,0.0
FURIN,0.4383651985965504,1.0,1.0,1.0,0.0
FUT1,0.3572348671975716,1.0,1.0,1.0,0.0
FUT2,0.5760097386161755,1.0,1.0,1.0,0.0
FUT8,0.5905412975596245,1.0,0.0,1.0,0.0
FXYD5,0.5470763460245565,0.22853568886430384,1.0,1.0,0.0
FYN,0.41814964057062853,0.9030723893963494,1.0,1.0,0.0
FZD3,0.5996857357876789,1.0,1.0,1.0,0.0
FZD4,0.36586269822514766,1.0,0.0,1.0,0.0
FZD5,0.3413717308078185,1.0,1.0,1.0,0.0
FZD6,0.5477136569292252,0.8040489609838464,0.0,1.0,0.0
FZD7,0.5789471342500921,0.4590564606922074,1.0,1.0,0.0
FZD8,0.4152818702147553,1.0,0.0,1.0,0.0
GAA,0.5312734407309375,0.3393342672739774,0.0,0.33333333333333326,0.0
GAB1,0.4371664861943227,0.2095813698219312,0.0,1.0,0.0
GAB2,0.407500710454902,1.0,1.0,1.0,0.0
GABARAPL1,0.43179603997795163,1.0,0.0,1.0,0.0
GABBR2,0.5622997784010999,0.7266023820393487,1.0,1.0,0.0
GABPA,0.5210225018125493,0.12130005229240588,0.0,1.0,0.0
GABRP,0.6023636010146394,1.0,1.0,1.0,0.0
GABRR2,0.4557305714427477,0.4658753973201443,0.0,1.0,0.0
GADD45A,0.5341885136532529,0.3706657676791368,1.0,0.33333333333333326,0.0
GADD45B,0.3299398876591038,0.9394623996448386,0.0,0.33333333333333326,0.0
GADD45G,0.42552523098172906,0.7438427084002781,1.0,1.0,0.0
GAL3ST1,0.46225189555615587,0.06817525744780532,0.0,1.0,0.0
GALM,0.5731785743228419,0.6897686449539931,0.0,1.0,0.0
GALNT1,0.555401220521291,0.7792194171353524,1.0,1.0,0.0
GALNT12,0.573888842795801,0.4674174225850254,0.0,1.0,0.0
GALNT15,0.3630723214637153,0.6505036197507267,0.0,1.0,0.0
GALNT16,0.5724837620144133,1.0,0.0,0.33333333333333326,0.0
GALNT17,0.40572489753722824,1.0,1.0,1.0,0.0
GALNT18,0.33402799686611206,1.0,0.0,1.0,0.0
GALNT6,0.6258162481739673,1.0,1.0,1.0,0.0
GALNT7,0.5499544315652893,0.5144151514090141,0.0,1.0,0.0
GALR2,0.47090206234274723,0.1054936807693213,0.0,1.0,0.0
GAN,0.5305966469083541,0.07452420305543632,0.0,1.0,0.0
GAS2L2,0.5610535834874009,0.5230587598423995,0.0,1.0,0.0
GAS6,0.5584328114475194,0.5038584544707367,0.0,1.0,0.0
GATA2,0.35042334522228125,1.0,0.0,1.0,0.0
GATA5,0.5638369609641576,0.023074257595179837,0.0,1.0,0.0
GATA6,0.4407388260966541,0.7057996543520975,0.0,1.0,0.0
GATAD1,0.5337034894507611,0.09411889406581414,0.0,0.0,0.0
GATD3,0.49834993720685034,0.08273375644157818,0.0,0.0,0.0
GATM,0.5958192726803025,1.0,1.0,1.0,0.0
GBA2,0.4247869034732679,1.0,0.0,1.0,0.0
GBE1,0.4491029345693895,0.4474857220363178,0.0,1.0,0.0
GBGT1,0.43082757156739465,1.0,0.0,0.33333333333333326,0.0
GBP3,0.5716276556931503,0.45492954426997856,0.0,1.0,0.0
GCA,0.3755718033440758,1.0,1.0,1.0,0.0
GCC2,0.5496507974369973,0.8012896252695788,0.0,1.0,0.0
GCH1,0.4023348140531303,0.5620603088175036,0.0,1.0,0.0
GCHFR,0.5361276057191546,0.07579136484721437,0.0,0.33333333333333326,0.0
GCNT1,0.5523519587022965,0.480547928764329,0.0,1.0,0.0
GCNT2,0.45337407962466064,0.43021353906950693,0.0,1.0,0.0
GCNT3,0.6442895906144991,0.6537517652952719,0.0,1.0,0.0
GDF15,0.6862272273438008,1.0,0.0,1.0,0.0
GDPD1,0.5825209405044929,0.2980272439511309,0.0,0.33333333333333326,0.0
GEM,0.7273885162654075,1.0,0.0,1.0,0.0
GEMIN6,0.5467866316447807,0.24804284166985505,0.0,1.0,0.0
GEMIN8,0.5138674203791732,0.19205624596610654,1.0,0.33333333333333326,0.0
GEN1,0.573182383141434,1.0,0.0,1.0,0.0
GFOD1,0.30706400807164397,1.0,0.0,1.0,0.0
GFPT2,0.3606728540569522,0.274606566958353,0.0,0.33333333333333326,0.0
GFRA1,0.571050102094537,1.0,0.0,1.0,0.0
GFRA3,0.5233814961632209,0.46383939526763657,0.0,1.0,0.0
GFUS,0.5446060935580496,0.0720350792012251,0.0,0.33333333333333326,0.0
GGH,0.591091472492384,0.6602821825652497,0.0,1.0,0.0
GGT6,0.5667629274865674,1.0,1.0,1.0,0.0
GGTLC1,0.35127862700424295,1.0,0.0,1.0,0.0
GGTLC2,0.390151131959902,0.955883818185871,0.0,1.0,0.0
GHDC,0.502513691802879,0.29924800350682446,0.0,0.0,0.0
GHITM,0.45547654876900273,0.8692888341565667,0.0,1.0,0.0
GHR,0.3957318679361772,1.0,0.0,1.0,0.0
GIMAP6,0.3985842580738866,0.7120186251403566,0.0,1.0,0.0
GIMAP8,0.3637261547658538,1.0,0.0,1.0,0.0
GINS1,0.5674668848109881,0.5742754146275929,0.0,1.0,0.0
GIPR,0.5390292540941853,1.0,0.0,1.0,0.0
GJA4,0.39106018559515815,1.0,1.0,1.0,0.0
GJB1,0.5200517634617794,0.07733647612441526,0.0,1.0,0.0
GJB2,0.6389551655897071,1.0,0.0,1.0,0.0
GKN2,0.3347220826268607,0.7520069876353667,1.0,1.0,0.0
GLB1L,0.5603995747709962,0.7968472961198194,1.0,1.0,0.0
GLB1L2,0.5588621124784513,1.0,1.0,1.0,0.0
GLB1L3,0.5384916544847271,1.0,0.0,0.33333333333333326,0.0
GLCCI1,0.48128030632928975,0.36161270721160516,0.0,0.33333333333333326,0.0
GLDN,0.2537783088360676,1.0,0.0,1.0,0.0
GLI1,0.640251921785643,0.6710096183387592,0.0,1.0,0.0
GLIPR1,0.5523371956890819,0.3809675973014047,0.0,0.33333333333333326,0.0
GLIPR2,0.560199532305222,0.08365481689320695,0.0,1.0,0.0
GLIS3,0.5458288084596963,0.3020866869393365,0.0,0.33333333333333326,0.0
GLO1,0.4441702260188932,0.5929014833674751,1.0,1.0,0.0
GLRX5,0.46589511891417856,0.3166672192740087,0.0,0.33333333333333326,0.0
GLT1D1,0.3455745456050633,1.0,1.0,1.0,0.0
GLT8D2,0.6428507696177209,1.0,1.0,1.0,0.0
GLTPD2,0.48780974693797746,0.09050583259254527,0.0,0.33333333333333326,0.0
GLUL,0.40443036909588387,1.0,0.0,1.0,0.0
GM2A,0.573880192573012,0.22881248054360412,1.0,1.0,0.0
GMDS,0.5425574522936083,0.8047191488114819,0.0,1.0,0.0
GMNN,0.545361095399307,0.09674867477071979,0.0,1.0,0.0
GNA11,0.45279130236726123,0.5353419413729997,0.0,0.33333333333333326,0.0
GNA13,0.4966583147438275,0.49252414463429756,0.0,0.33333333333333326,0.0
GNAI2,0.5174857927131101,0.09827910853779756,0.0,0.0,0.0
GNAL,0.6381508025793914,1.0,0.0,1.0,0.0
GNG2,0.5806468343141682,0.8934156153427979,1.0,1.0,0.0
GNG5,0.44701860731456755,0.9743435239412853,0.0,0.33333333333333326,0.0
GNG8,0.5233249905914485,0.12171692919045225,0.0,1.0,0.0
GNMT,0.38836304133465865,0.2567178926101685,0.0,1.0,0.0
GNPTAB,0.5374100494854521,0.15972840505774757,0.0,0.33333333333333326,0.0
GOLGA1,0.5076014430486885,0.0756984015449503,0.0,0.0,0.0
GOLM1,0.6917149970547056,1.0,0.0,0.33333333333333326,0.0
GOLM2,0.5396891631494857,0.5434942661556377,0.0,1.0,0.0
GOLPH3L,0.5504385934690071,1.0,1.0,1.0,0.0
GOPC,0.5445370669730325,0.18372576126143506,0.0,1.0,0.0
GORAB,0.5385784214152468,0.1785813739973062,1.0,1.0,0.0
GORASP1,0.5079081906803805,0.02258010732725792,0.0,0.0,0.0
GP1BA,0.4589153887049062,0.48031862254419183,0.0,1.0,0.0
GPC3,0.4222138403042161,0.26892206881864944,0.0,1.0,0.0
GPC5,0.5787982501000931,0.43265531689286596,0.0,1.0,0.0
GPD1L,0.3918826160716755,0.5580739662240981,0.0,1.0,0.0
GPER1,0.3619978305074788,0.48739183479349224,0.0,1.0,0.0
GPIHBP1,0.2955223794519897,1.0,1.0,1.0,0.0
GPM6A,0.3512233137566409,1.0,1.0,1.0,0.0
GPM6B,0.3374740979262316,0.9247020332212462,0.0,1.0,0.0
GPN3,0.44494278177969615,0.9707505603586111,0.0,1.0,0.0
GPNMB,0.6048401250051318,0.2560125953101815,1.0,1.0,0.0
GPR135,0.5452509787902602,0.8029032439820195,0.0,0.33333333333333326,0.0
GPR137B,0.5537984923431604,0.10054765332516584,0.0,1.0,0.0
GPR146,0.40129057719581585,0.6486850552590816,0.0,1.0,0.0
GPR155,0.573855222392979,1.0,0.0,1.0,0.0
GPR156,0.5322784843419742,0.7337047255022024,0.0,0.33333333333333326,0.0
GPR160,0.44200352012024235,0.13378210799367404,0.0,1.0,0.0
GPR18,0.5527317667003618,0.35326265300827575,0.0,0.33333333333333326,0.0
GPR183,0.4925703570364362,0.06841139516758216,0.0,0.33333333333333326,0.0
GPR20,0.4200246653304096,0.08697699792200288,0.0,1.0,0.0
GPR21,0.4977455721583025,0.08792147834818644,0.0,0.33333333333333326,0.0
GPR4,0.3093538053409683,1.0,1.0,1.0,0.0
GPR45,0.47997606296066603,0.09271612946643722,0.0,1.0,0.0
GPR87,0.7501235241222142,1.0,1.0,1.0,0.0
GPRASP1,0.5605750018516956,0.22198689664122342,0.0,1.0,0.0
GPRASP3,0.5376417757782811,1.0,0.0,1.0,0.0
GPRIN2,0.39443368837578807,1.0,1.0,1.0,0.0
GPX1,0.4480822392552208,0.6148479257598423,0.0,0.33333333333333326,0.0
GPX2,0.54539005894709,0.31894626122109937,1.0,1.0,0.0
GPX3,0.2564114457998839,1.0,1.0,1.0,0.0
GPX7,0.5959954226713139,0.7800516960889151,1.0,1.0,0.0
GPX8,0.6339531017025722,1.0,0.0,1.0,0.0
GRB10,0.4296056340891623,0.8863359830763071,1.0,1.0,0.0
GREM1,0.6592419222555832,1.0,0.0,1.0,0.0
GREM2,0.6437105535318447,0.7257256454485759,0.0,0.33333333333333326,0.0
GRHL1,0.5990008529460901,1.0,1.0,1.0,0.0
GRIA1,0.3593036011136811,1.0,1.0,1.0,0.0
GRIA3,0.5474516964241183,1.0,0.0,0.33333333333333326,0.0
GRINA,0.4424796639501019,1.0,0.0,0.33333333333333326,0.0
GRK1,0.46855146861514024,0.07090139681909148,0.0,1.0,0.0
GRK3,0.5854622289160734,0.6476797185855515,0.0,1.0,0.0
GRK5,0.4041020226423321,1.0,0.0,1.0,0.0
GRM8,0.43489633147288714,0.02445529716894108,0.0,1.0,0.0
GRN,0.5327007878070563,0.13284138465454706,0.0,0.33333333333333326,0.0
GSAP,0.4515224433162744,0.087970920538562,0.0,0.33333333333333326,0.0
GSDMB,0.5398838372066217,0.3137771102348525,0.0,1.0,0.0
GSDME,0.64142086811751,1.0,1.0,1.0,0.0
GSKIP,0.539398071913806,0.2946560173203842,1.0,1.0,0.0
GSN,0.5812662217214501,0.4115316394703002,0.0,0.33333333333333326,0.0
GSTA1,0.7543645534349147,1.0,1.0,1.0,0.0
GSTA2,0.6805810600134583,1.0,0.0,1.0,0.0
GSTA3,0.6306249815861904,1.0,0.0,1.0,0.0
GSTA4,0.3940833401164583,1.0,1.0,1.0,0.0
GSTP1,0.513313861489171,0.11943213951081721,0.0,0.33333333333333326,0.0
GTF2IRD1,0.4456582174277271,0.7727309590099705,0.0,1.0,0.0
GTF3C5,0.5076845827435646,0.11551389701649183,0.0,0.0,0.0
GTPBP4,0.4932526929317486,0.417483478792399,0.0,0.33333333333333326,0.0
GTPBP6,0.4412070219278105,0.9182842672669843,0.0,1.0,0.0
GUCD1,0.4338416122581138,0.8516002391389454,0.0,1.0,0.0
GUCY1A1,0.5919310670384533,1.0,0.0,1.0,0.0
GULP1,0.5647594984855209,0.801096458834285,0.0,0.33333333333333326,0.0
GUSB,0.5211778023720439,0.18928543402491127,0.0,0.33333333333333326,0.0
GXYLT2,0.6795377940305706,1.0,1.0,1.0,0.0
GYG2,0.5446847594822816,1.0,0.0,0.33333333333333326,0.0
GYPC,0.4327833226731158,1.0,0.0,1.0,0.0
GZMA,0.6515261347212217,0.1268542331952531,0.0,1.0,0.0
GZMK,0.6627816567715209,0.716954580347361,1.0,1.0,0.0
GZMM,0.5516417292226071,0.9562558608373082,0.0,1.0,0.0
H1-2,0.4176407169370646,0.31364221539014414,0.0,1.0,0.0
H1-7,0.5018265957602803,0.2263578790297888,0.0,0.33333333333333326,0.0
H2BC5,0.4153596498435371,0.24842622272139075,0.0,0.33333333333333326,0.0
H2BC6,0.4717490330994005,0.05078854291774239,0.0,0.33333333333333326,0.0
H3C8,0.48698742658444594,0.44612428379069596,0.0,0.33333333333333326,0.0
H4C6,0.5179850256035945,0.04501379917406573,0.0,0.0,0.0
H4C8,0.48903595591255,0.024607803471075555,0.0,0.33333333333333326,0.0
H4C9,0.5006745436684088,0.1242496291804111,0.0,0.0,0.0
HABP2,0.5504180833047703,0.7506051334832707,1.0,1.0,0.0
HACD1,0.43575067476298274,0.6416935095330526,0.0,1.0,0.0
HACD3,0.5482568413893247,0.33482674830837106,0.0,0.33333333333333326,0.0
HACD4,0.5816256896826413,0.7469349072485094,0.0,1.0,0.0
HAL,0.40115768468660595,1.0,1.0,1.0,0.0
HAP1,0.49181123321327214,0.03172723328883642,0.0,0.0,0.0
HAS2,0.6733833728114893,0.7025452461173365,0.0,0.33333333333333326,0.0
HAUS2,0.4585637391480173,0.08829923469356393,0.0,0.33333333333333326,0.0
HBA2,0.6308187003348581,0.1748521346309804,0.0,1.0,0.0
HBB,0.6104845541216235,0.19184919338194314,0.0,1.0,0.0
HBD,0.6127343389279708,0.10199057187802389,0.0,1.0,0.0
HBEGF,0.3380373534361298,0.9948707633015369,0.0,1.0,0.0
HCLS1,0.3954315680244529,1.0,0.0,1.0,0.0
HCST,0.5898334004305745,0.23287327482204445,0.0,1.0,0.0
HDAC2,0.5237518626020915,0.19931252517625897,0.0,1.0,0.0
HDAC6,0.5029518506299331,0.12614715692767794,0.0,0.0,0.0
HDAC8,0.49539982513534786,0.2090609966222061,0.0,0.0,0.0
HDAC9,0.5406233651119752,1.0,0.0,1.0,0.0
HDC,0.7585660849521217,1.0,0.0,1.0,0.0
HDGFL3,0.5358461492126512,0.32600027928730857,0.0,1.0,0.0
HEATR4,0.46507666477238063,0.09964332240822436,0.0,1.0,0.0
HECTD2,0.5383122549146129,1.0,0.0,1.0,0.0
HECTD3,0.5328685513655946,0.15751478558082468,0.0,0.0,0.0
HECW2,0.311058980937207,1.0,0.0,1.0,0.0
HELB,0.5058104606227981,0.3222871222564342,1.0,0.33333333333333326,0.0
HELLS,0.6175191141574272,1.0,0.0,1.0,0.0
HELZ,0.5057653965955785,0.11512933548050396,0.0,0.0,0.0
HEPH,0.5763644382815135,0.9889980168801297,1.0,1.0,0.0
HERC4,0.5193631719052304,0.18636884264808767,0.0,1.0,0.0
HERC6,0.5602481265696153,0.1553429068453693,0.0,1.0,0.0
HES4,0.5701911401229146,0.53961033776318,0.0,1.0,0.0
HEXB,0.5109121705273482,0.09497095307381948,0.0,0.33333333333333326,0.0
HEY1,0.3553941258026587,1.0,0.0,1.0,0.0
HEYL,0.41517683474115075,1.0,0.0,1.0,0.0
HGF,0.5872574743278005,0.6945142936475991,0.0,1.0,0.0
HHAT,0.6091107829058757,1.0,1.0,1.0,0.0
HHIP,0.2755040358602768,1.0,1.0,1.0,0.0
HHLA2,0.6409572103756759,1.0,1.0,1.0,0.0
HIBADH,0.5629028401325664,1.0,1.0,1.0,0.0
HIBCH,0.5641729970485906,0.33894106846537925,0.0,0.33333333333333326,0.0
HIF3A,0.2016793977478244,1.0,1.0,1.0,0.0
HIGD1B,0.42631505856325763,0.202209014230275,0.0,0.33333333333333326,0.0
HILPDA,0.5831240842442891,0.5277033007232221,0.0,1.0,0.0
HIP1,0.43101180213541657,0.2253582799496388,0.0,1.0,0.0
HIPK2,0.4255043539221804,1.0,0.0,1.0,0.0
HIRIP3,0.4524362091033925,0.46198764888859595,0.0,1.0,0.0
HIVEP1,0.5650673195873898,0.9713016306355083,0.0,0.33333333333333326,0.0
HIVEP2,0.5625348167964271,0.3684014210211587,0.0,1.0,0.0
HIVEP3,0.5139663792097873,0.16057743656954665,0.0,0.33333333333333326,0.0
HLA-DMA,0.5652613847401728,0.31771894290317837,0.0,1.0,0.0
HLA-DMB,0.557850129086192,0.12548421065607326,1.0,1.0,0.0
HLA-DOA,0.62142910140728,0.4887000997947143,1.0,1.0,0.0
HLA-DOB,0.5961378724814176,1.0,0.0,1.0,0.0
HLA-DPA1,0.5684829629285008,0.24745776133583564,1.0,1.0,0.0
HLA-DPB1,0.5862475377955972,0.1728412317240425,0.0,1.0,0.0
HLA-DRA,0.5431896122102225,0.1364030263015535,1.0,1.0,0.0
HLTF,0.5993452137954631,1.0,0.0,1.0,0.0
HLX,0.41649300492668856,1.0,1.0,1.0,0.0
HMBOX1,0.47283896746546833,0.8165799810745977,1.0,0.33333333333333326,0.0
HMCN1,0.6602052413962657,1.0,1.0,1.0,0.0
HMG20B,0.5673171373215116,0.25823684617104997,0.0,1.0,0.0
HMGB3,0.5967042244192964,1.0,0.0,1.0,0.0
HMGCS1,0.33577487451678456,1.0,1.0,1.0,0.0
HMGN1,0.5632438886704513,0.22454798048909863,0.0,1.0,0.0
HMGN2,0.5454241839873769,0.08115907888420992,0.0,0.33333333333333326,0.0
HMGN3,0.5784937045296024,1.0,0.0,1.0,0.0
HMMR,0.571952475885057,0.6973336286342715,0.0,1.0,0.0
HNF1B,0.4538657484482482,0.17548269637849234,0.0,0.33333333333333326,0.0
HNMT,0.5730462223313245,0.5569018567053217,0.0,1.0,0.0
HNRNPA0,0.5091028565283472,0.05072607219978727,0.0,0.33333333333333326,0.0
HNRNPU,0.5403823542158236,0.02446520550458653,0.0,1.0,0.0
HOGA1,0.4142865010350929,0.12318808656373334,0.0,1.0,0.0
HOMER2,0.5512800165621045,0.8671325315280816,1.0,1.0,0.0
HOMER3,0.5735064140840825,0.37294417170981253,0.0,1.0,0.0
HOOK2,0.46509120406953536,0.17148581332952031,0.0,0.33333333333333326,0.0
HOPX,0.3637728920800597,1.0,1.0,1.0,0.0
HORMAD1,0.5484324103976469,0.8679750439619772,0.0,1.0,0.0
HOXB7,0.5442935918687174,0.0901100966390328,0.0,1.0,0.0
HP,0.49259228540555977,0.34320722591027214,0.0,0.33333333333333326,0.0
HPCAL1,0.367404874759725,1.0,1.0,1.0,0.0
HPGD,0.3406344884217464,0.601609796593964,0.0,0.33333333333333326,0.0
HPGDS,0.6254961882598081,1.0,1.0,1.0,0.0
HPN,0.4128960000527088,1.0,0.0,0.33333333333333326,0.0
HPR,0.5205724488524832,0.4630635456091805,0.0,0.33333333333333326,0.0
HPS3,0.5377177923783749,0.09284576133891748,1.0,1.0,0.0
HPS5,0.4487671025084846,0.1702684885457228,0.0,0.33333333333333326,0.0
HPS6,0.4968747627562288,0.3127556216666028,0.0,0.0,0.0
HPSE2,0.6344611150824588,1.0,0.0,1.0,0.0
HRAS,0.5100851180691794,0.025349900729055075,0.0,0.0,0.0
HRH1,0.5723897332045221,0.6430021752460422,0.0,1.0,0.0
HRK,0.5295514442875757,0.2207029193121963,0.0,1.0,0.0
HS3ST1,0.594058274698701,0.42337022223866944,1.0,1.0,0.0
HS3ST3A1,0.5365564066604015,0.6839500147464139,0.0,1.0,0.0
HS3ST6,0.5441345351854229,0.3332472013754512,0.0,1.0,0.0
HS6ST1,0.552617123061677,0.22491778545651667,0.0,0.33333333333333326,0.0
HS6ST2,0.720416779169647,1.0,0.0,1.0,0.0
HSCB,0.5258781905015497,0.09853294935121588,0.0,1.0,0.0
HSD11B1,0.38945682427844325,1.0,0.0,1.0,0.0
HSD17B10,0.4493974315733406,0.887215287144475,0.0,0.33333333333333326,0.0
HSD17B12,0.45578849130131394,0.3851270064724696,0.0,1.0,0.0
HSD17B2,0.5129278231183558,0.16709321426454476,0.0,0.33333333333333326,0.0
HSD17B4,0.4135370525760648,1.0,1.0,1.0,0.0
HSD17B6,0.29838200541941634,1.0,1.0,1.0,0.0
HSH2D,0.572220178677222,0.7594985300241941,0.0,1.0,0.0
HSP90AA1,0.5556590201870156,0.8204856965618588,0.0,1.0,0.0
HSPA12A,0.5898059609000654,0.8078917140554996,0.0,1.0,0.0
HSPA12B,0.37837832313851466,0.8929256322600531,0.0,1.0,0.0
HSPA13,0.47296667837920414,0.06721776549777793,0.0,0.33333333333333326,0.0
HSPA2,0.4084408655863301,1.0,1.0,1.0,0.0
HSPA4L,0.6512024854498728,1.0,1.0,1.0,0.0
HSPA9,0.49000724598617085,0.5619422181136294,0.0,0.33333333333333326,0.0
HSPB1,0.5674083898368355,1.0,1.0,1.0,0.0
HSPB3,0.6065116038764549,0.3875647099209449,0.0,0.33333333333333326,0.0
HSPB6,0.5586143054081935,0.4097467199713988,0.0,1.0,0.0
HSPB7,0.5453415961029829,0.26537639198961777,0.0,1.0,0.0
HSPB8,0.43992746514313125,0.37889789505057886,0.0,1.0,0.0
HSPB9,0.47885889815615673,0.010077756849597577,0.0,0.33333333333333326,0.0
HSPG2,0.5535642052352522,0.11672990115055447,0.0,1.0,0.0
HTATIP2,0.4507686481337931,0.8794075704816867,0.0,1.0,0.0
HTR2A,0.5959874917298242,1.0,0.0,1.0,0.0
HTR2B,0.6074945260997372,1.0,1.0,1.0,0.0
HTR3C,0.39578021918336426,0.170231415333507,0.0,1.0,0.0
HTRA1,0.5987886388477889,1.0,1.0,1.0,0.0
HTRA4,0.6276603261173171,0.3771773102715433,0.0,1.0,0.0
HYAL1,0.34015349234389086,1.0,1.0,1.0,0.0
HYAL2,0.32388349069098754,1.0,0.0,1.0,0.0
HYCC2,0.45239382467480105,0.7159558041608414,0.0,1.0,0.0
IARS2,0.506744742036421,0.05770742843936366,0.0,0.0,0.0
IBA57,0.44161176166400123,0.10074405715266185,0.0,1.0,0.0
IBSP,0.4891240052672443,0.08314001148294926,0.0,0.0,0.0
ICA1L,0.5470603711039078,1.0,0.0,1.0,0.0
ICAM2,0.3935430948832019,1.0,0.0,1.0,0.0
ICOS,0.6132952999666685,0.6274480073556492,0.0,1.0,0.0
ID1,0.3292729887020021,1.0,1.0,1.0,0.0
ID3,0.4173023531953483,1.0,0.0,1.0,0.0
IDI1,0.38235263123944363,1.0,1.0,1.0,0.0
IER2,0.3897250999540144,0.5100266136212631,0.0,0.33333333333333326,0.0
IER3,0.4838425440911003,0.17215907982319942,1.0,0.33333333333333326,0.0
IER5,0.4766468737530786,0.028952221229765353,1.0,0.33333333333333326,0.0
IER5L,0.5930326646631378,0.11948592248471804,0.0,1.0,0.0
IFFO1,0.46087656123302817,0.5153646011653769,0.0,0.33333333333333326,0.0
IFFO2,0.5594800207587215,0.5649183793565936,0.0,1.0,0.0
IFI16,0.5537704381590899,0.15761709290165,0.0,0.33333333333333326,0.0
IFI27,0.4493261207667968,0.38354167907206355,0.0,1.0,0.0
IFI44L,0.6401387218837968,0.22608276985292858,0.0,1.0,0.0
IFIH1,0.5537890530153984,0.02799458349456464,0.0,1.0,0.0
IFIT1,0.5861956819444734,0.2558721724824272,0.0,1.0,0.0
IFITM10,0.5412341462280535,0.1377698741559815,0.0,0.33333333333333326,0.0
IFNAR2,0.5315916158864858,0.2570693903905857,0.0,1.0,0.0
IFNG,0.5427427960612795,0.2699172076222642,0.0,0.33333333333333326,0.0
IFNGR1,0.3700245116843826,1.0,1.0,1.0,0.0
IFT172,0.6165183174648028,1.0,0.0,1.0,0.0
IFT22,0.5486053041570678,1.0,0.0,1.0,0.0
IFT25,0.5700559778068063,1.0,1.0,1.0,0.0
IFT27,0.5783978474681494,1.0,1.0,1.0,0.0
IFT38,0.6005249997281528,1.0,0.0,1.0,0.0
IFT43,0.5706417539175591,1.0,1.0,1.0,0.0
IFT46,0.5624481711892626,0.993949542729112,0.0,0.33333333333333326,0.0
IFT70A,0.5453724653835967,1.0,0.0,1.0,0.0
IFTAP,0.5876583744991282,1.0,0.0,1.0,0.0
IGDCC4,0.6232614232449114,0.3819412931007942,0.0,1.0,0.0
IGF1,0.6689350446199186,0.6905433915614937,0.0,1.0,0.0
IGF2R,0.44639033700877345,1.0,0.0,1.0,0.0
IGFBP2,0.6556857608050645,1.0,1.0,1.0,0.0
IGFBP4,0.6537279995030321,0.6315812446234373,1.0,1.0,0.0
IGFBP7,0.5973006889334797,1.0,0.0,1.0,0.0
IGFBPL1,0.5530493726189067,0.8713098541952242,1.0,1.0,0.0
IGFL2,0.6106546360520528,0.5961595028602126,1.0,1.0,0.0
IGIP,0.5589778299517287,0.14805865729963733,0.0,0.33333333333333326,0.0
IGK,0.7450058199300101,1.0,1.0,1.0,0.0
IGSF11,0.4506050836687151,0.08866600658404475,0.0,1.0,0.0
IGSF8,0.510504655449153,0.11373602176006056,0.0,0.0,0.0
IGSF9,0.5819113277333667,0.6680218227315079,1.0,1.0,0.0
IGSF9B,0.5734598597955447,0.4138676640254122,0.0,1.0,0.0
IKBKB,0.5151632353422588,0.1006976986926526,0.0,0.0,0.0
IKZF2,0.6353304544103516,1.0,1.0,1.0,0.0
IKZF3,0.5364558698388514,0.7360033398566032,0.0,1.0,0.0
IL10,0.4061249484674539,0.5201515421330656,0.0,0.33333333333333326,0.0
IL13RA2,0.8328455706744111,1.0,1.0,1.0,0.0
IL15RA,0.40218551744520936,1.0,1.0,1.0,0.0
IL17RA,0.40755841920962255,1.0,0.0,1.0,0.0
IL17RB,0.4503929787732397,0.5738198058477133,0.0,0.33333333333333326,0.0
IL17RD,0.5804817407967667,1.0,1.0,1.0,0.0
IL17RE,0.43107328941970185,0.8583583696332933,0.0,1.0,0.0
IL18R1,0.2274995974102684,1.0,1.0,1.0,0.0
IL18RAP,0.19428338124102923,1.0,1.0,1.0,0.0
IL1R2,0.0,1.0,1.0,1.0,0.0
IL1RL1,0.1402037966910999,1.0,1.0,1.0,0.0
IL1RN,0.6296084396169792,0.542966739553294,0.0,1.0,0.0
IL2RA,0.558101957482411,0.5671683865977292,0.0,1.0,0.0
IL2RB,0.5900748508272162,0.15961145563723525,0.0,1.0,0.0
IL2RG,0.5806628254518598,0.8608974913141603,1.0,1.0,0.0
IL32,0.5916427724415344,0.05310659909384188,0.0,0.33333333333333326,0.0
IL33,0.6427177035605821,1.0,1.0,1.0,0.0
IL34,0.4619101118937533,0.16139536204224686,1.0,1.0,0.0
IL4I1,0.6923534791774705,0.39417978193158704,0.0,1.0,0.0
IL4R,0.4113676305519562,1.0,0.0,1.0,0.0
IL5,0.5025469332030388,0.1277196747084075,0.0,0.0,0.0
IL5RA,0.6464220866197509,1.0,0.0,1.0,0.0
IL6,0.1990905794481425,0.1945503553194872,0.0,0.33333333333333326,0.0
IL6R,0.39078129805960315,1.0,1.0,1.0,0.0
IL6ST,0.47897979190587375,0.10723071732192757,0.0,0.0,0.0
IL7,0.577270523258359,0.9971569237060337,0.0,1.0,0.0
IL7R,0.3677914023357019,1.0,1.0,1.0,0.0
ILDR1,0.5234127584597208,0.9299664458695113,1.0,0.33333333333333326,0.0
IMP3,0.4721315042340237,0.09162521890846442,0.0,1.0,0.0
IMPA2,0.42749354607604895,0.694482628825615,0.0,1.0,0.0
INAVA,0.5656782528404481,1.0,0.0,1.0,0.0
INHBB,0.6013832142055912,0.3101476582978082,0.0,1.0,0.0
INKA2,0.458927378115287,0.6259838190493766,0.0,1.0,0.0
INMT,0.3204524201216618,0.22572728886587523,0.0,1.0,0.0
INPP1,0.42169740508368175,0.97310624333643,1.0,1.0,0.0
INPP4A,0.5370772733387575,0.08873469086950189,0.0,1.0,0.0
INPP4B,0.5489543623723975,1.0,0.0,1.0,0.0
INPP5A,0.39521090517332935,1.0,0.0,1.0,0.0
INPP5D,0.5507765367417278,0.33676630114441153,1.0,1.0,0.0
INPP5K,0.38788552288114303,1.0,0.0,1.0,0.0
INPPL1,0.4984285411226376,0.29133793812369996,0.0,0.0,0.0
INSIG1,0.37266329165117884,1.0,1.0,1.0,0.0
INSYN1,0.569608308908938,0.2772084002378732,0.0,1.0,0.0
INTS11,0.4968199497538399,0.14113309368154864,0.0,0.0,0.0
INTS12,0.46286519688957994,0.07210160881662286,0.0,1.0,0.0
INTS3,0.45694249172326573,0.14253028936379808,0.0,1.0,0.0
INTS6L,0.5493826191824953,1.0,1.0,1.0,0.0
INTS8,0.5176363083545678,0.07446750731974808,0.0,1.0,0.0
INTU,0.5849636703754937,1.0,1.0,1.0,0.0
INVS,0.4918123305256162,0.3264494217784222,0.0,0.0,0.0
IP6K3,0.3503539894791431,1.0,1.0,1.0,0.0
IPO11,0.5123446488311606,0.1370474793467014,0.0,0.33333333333333326,0.0
IPP,0.5787712175909501,0.15253724364244556,0.0,1.0,0.0
IQUB,0.616349413338113,1.0,0.0,1.0,0.0
IRAG1,0.6335306941277948,1.0,1.0,1.0,0.0
IRAG2,0.5559893121721604,0.35730016045867946,0.0,0.33333333333333326,0.0
IRAK3,0.3623294547970715,1.0,1.0,1.0,0.0
IRF3,0.5434760583428667,0.39819354467393886,0.0,1.0,0.0
IRF4,0.5574844041687606,1.0,0.0,0.33333333333333326,0.0
IRF6,0.5731077407094505,0.819317048339151,0.0,1.0,0.0
IRS2,0.3811392127077277,1.0,1.0,1.0,0.0
IRX3,0.49644933131833213,0.13933730083302417,0.0,0.33333333333333326,0.0
ISG15,0.5905558053784832,0.020740561709881762,0.0,1.0,0.0
ISG20,0.40601856418059473,0.7280673986539525,0.0,1.0,0.0
ISLR,0.5787940269231744,0.26472395227530704,1.0,1.0,0.0
ISM1,0.6448175411384374,1.0,0.0,1.0,0.0
ISOC2,0.5617850277055207,0.1519145392478,0.0,1.0,0.0
ISYNA1,0.5848271643836879,0.7174256483228039,1.0,1.0,0.0
ITFG2,0.4982181239670564,0.08929926391344269,0.0,0.0,0.0
ITGA10,0.34871209845469386,1.0,1.0,1.0,0.0
ITGA11,0.558768515791263,1.0,0.0,0.33333333333333326,0.0
ITGA2,0.5975785696229796,0.4010004212630784,0.0,1.0,0.0
ITGA2B,0.41784308258282105,1.0,0.0,1.0,0.0
ITGA3,0.4935636128983524,0.25570823030998946,0.0,0.33333333333333326,0.0
ITGA4,0.5804944511156335,0.7298594920986443,0.0,1.0,0.0
ITGA5,0.43025377999789527,0.8925300320890505,0.0,1.0,0.0
ITGA7,0.5999650967096324,0.7646076443192698,1.0,1.0,0.0
ITGA8,0.4629005955944009,0.1476160287572029,0.0,0.33333333333333326,0.0
ITGA9,0.6044955778001441,1.0,1.0,1.0,0.0
ITGAL,0.5510553124608095,0.1827944157623852,0.0,0.33333333333333326,0.0
ITGAV,0.5618659716846687,1.0,1.0,1.0,0.0
ITGB3BP,0.5334599841823102,0.09411199559109706,0.0,1.0,0.0
ITGB4,0.6295828528661667,1.0,1.0,1.0,0.0
ITGB7,0.5546326199691953,0.8545309002278747,0.0,1.0,0.0
ITGB8,0.6609058609790748,1.0,1.0,1.0,0.0
ITGBL1,0.678118781967368,0.6078975771122823,1.0,1.0,0.0
ITIH5,0.6570517713380299,1.0,1.0,1.0,0.0
ITLN1,0.6097921022009817,0.1657542842213608,0.0,0.33333333333333326,0.0
ITLN2,0.18890515090512114,1.0,0.0,1.0,0.0
ITM2C,0.5843191566564118,1.0,1.0,1.0,0.0
ITPK1,0.4352237135732233,1.0,0.0,0.33333333333333326,0.0
ITPR3,0.4522978568139386,0.1309859278132943,0.0,0.33333333333333326,0.0
ITPRID2,0.4333158987103385,1.0,0.0,1.0,0.0
ITPRIP,0.38822480320849156,1.0,0.0,1.0,0.0
ITPRIPL1,0.552333497525172,1.0,0.0,1.0,0.0
ITSN2,0.44560470516002076,0.7631241321132117,0.0,1.0,0.0
IVD,0.4417309594795063,0.3059818911036197,0.0,0.33333333333333326,0.0
IZUMO1,0.4323296502627117,1.0,0.0,1.0,0.0
JADE1,0.3929203641640643,0.6266125835284414,0.0,1.0,0.0
JAG2,0.5699311493661395,0.321297248087136,0.0,1.0,0.0
JAGN1,0.45711779816929504,0.9864384803335083,0.0,1.0,0.0
JAK1,0.44993938063280037,0.12237576390788109,0.0,1.0,0.0
JAK2,0.4577424912940977,0.055092028433155214,0.0,1.0,0.0
JAK3,0.5411151827453138,0.2818729728141424,0.0,0.33333333333333326,0.0
JAM2,0.5514000369196361,0.09023076338089722,0.0,1.0,0.0
JCAD,0.4176533658072725,0.36608916045609036,0.0,1.0,0.0
JCHAIN,0.8246179682835925,1.0,0.0,1.0,0.0
JDP2,0.4237158468783636,1.0,1.0,1.0,0.0
JHY,0.5774734544714497,1.0,0.0,1.0,0.0
JMY,0.5436375448303743,0.4181268563898673,0.0,1.0,0.0
JOSD1,0.441032555838283,0.40390042914558233,0.0,1.0,0.0
JPH1,0.43639256348220007,0.6168437314198173,1.0,1.0,0.0
JPT2,0.5705457822715786,1.0,1.0,1.0,0.0
JRK,0.5086584350340557,0.10709004479378231,0.0,0.33333333333333326,0.0
JUNB,0.4594655976325694,0.3720878305362981,1.0,0.33333333333333326,0.0
KANK3,0.4104103931202222,1.0,0.0,1.0,0.0
KANSL1L,0.4722910166709229,0.10942463793330626,0.0,0.33333333333333326,0.0
KAT2B,0.4613285631484119,0.08542850151114023,0.0,1.0,0.0
KATNAL1,0.48009541736827255,0.20975323892675718,0.0,0.33333333333333326,0.0
KATNAL2,0.5645150864985243,1.0,1.0,1.0,0.0
KATNIP,0.5622194126659329,1.0,0.0,1.0,0.0
KBTBD3,0.48184366036817855,0.1331501017887064,0.0,0.33333333333333326,0.0
KCND3,0.5724290918215963,0.2738064197296119,0.0,1.0,0.0
KCNE3,0.45449117119325166,0.06643621412087561,0.0,0.33333333333333326,0.0
KCNE4,0.6138129816395784,0.38481823635876805,0.0,1.0,0.0
KCNJ16,0.6552585542054173,1.0,1.0,1.0,0.0
KCNJ5,0.6085693401004362,0.7516234153144616,0.0,0.33333333333333326,0.0
KCNJ8,0.43569897175039657,0.43540079508293844,0.0,1.0,0.0
KCNK17,0.3964277461679146,0.9471591847308927,0.0,0.33333333333333326,0.0
KCNK3,0.3711999269136875,0.8153030188993112,0.0,0.33333333333333326,0.0
KCNMA1,0.6410671049053934,1.0,0.0,1.0,0.0
KCNMB1,0.560933697363112,0.9708280766935911,0.0,1.0,0.0
KCNMB2,0.5593809976514793,1.0,0.0,1.0,0.0
KCNMB4,0.32118847874566075,1.0,1.0,1.0,0.0
KCNN3,0.6215655343002522,1.0,1.0,1.0,0.0
KCNN4,0.6285782144779873,1.0,1.0,1.0,0.0
KCTD1,0.6174920583061579,0.8411717891192291,1.0,1.0,0.0
KCTD11,0.5203929932188761,0.651249621142515,0.0,0.33333333333333326,0.0
KCTD3,0.45209092254884786,0.11940908223251125,0.0,1.0,0.0
KDELR3,0.5701976195369957,0.5432482698124941,0.0,1.0,0.0
KDM1B,0.5788860339140579,0.19533134103591873,0.0,1.0,0.0
KDM5B,0.539494786029756,1.0,0.0,1.0,0.0
KDR,0.3893070456861595,1.0,1.0,1.0,0.0
KGD4,0.4467339547704462,0.3595233443986214,1.0,1.0,0.0
KHDRBS3,0.447678900084839,0.5964650054452351,0.0,1.0,0.0
KIAA0040,0.3862488236068747,1.0,0.0,1.0,0.0
KIAA0753,0.5461413438153835,1.0,1.0,1.0,0.0
KIAA0930,0.5697681119417103,0.8448203272653532,0.0,1.0,0.0
KIAA1549,0.3706436237913834,0.3705509146218538,0.0,1.0,0.0
KIAA1671,0.4968791598471565,0.5312533525719078,0.0,0.33333333333333326,0.0
KIF11,0.5960860012420777,1.0,0.0,1.0,0.0
KIF19,0.610939514563163,0.7975093055519286,0.0,0.33333333333333326,0.0
KIF1C,0.4115115050648909,1.0,0.0,1.0,0.0
KIF20A,0.5810571740541411,1.0,0.0,1.0,0.0
KIF21A,0.6269295840573554,1.0,0.0,1.0,0.0
KIF24,0.5374556828775215,1.0,0.0,1.0,0.0
KIF26B,0.6577601980798699,1.0,1.0,1.0,0.0
KIF2A,0.5630555340904375,1.0,0.0,1.0,0.0
KIF3A,0.5959803036565839,1.0,0.0,1.0,0.0
KIF3B,0.5022493324557484,0.014032952324548263,0.0,0.0,0.0
KIF4A,0.5623722579121211,1.0,0.0,1.0,0.0
KIF7,0.5401551821893823,0.18061011013370254,0.0,1.0,0.0
KIF9,0.5562946988218039,0.9281134088046009,0.0,1.0,0.0
KIFBP,0.4942235312934923,0.08635884406329036,0.0,0.33333333333333326,0.0
KIR3DL2,0.44386179160476136,1.0,0.0,1.0,0.0
KIT,0.5905938467213292,0.17307295839088688,0.0,1.0,0.0
KL,0.3912520024096992,1.0,0.0,1.0,0.0
KLF10,0.43887523972320996,0.3981202666751346,0.0,1.0,0.0
KLF12,0.5771286986324539,1.0,0.0,1.0,0.0
KLF13,0.41012812284875694,0.3870808148922839,0.0,1.0,0.0
KLF15,0.3132990953107028,1.0,0.0,1.0,0.0
KLF2,0.3908917937022211,0.6440306116932144,0.0,1.0,0.0
KLF4,0.3479911113935509,1.0,1.0,1.0,0.0
KLF6,0.39705730880820767,1.0,1.0,1.0,0.0
KLF7,0.4487412925759922,1.0,0.0,1.0,0.0
KLF9,0.34003019858621575,1.0,1.0,1.0,0.0
KLHDC8B,0.5170301004922837,0.08544326658447693,0.0,0.33333333333333326,0.0
KLHL13,0.6956328667761926,1.0,1.0,1.0,0.0
KLHL2,0.42540564896279504,1.0,1.0,1.0,0.0
KLHL23,0.492767978064249,0.028237525556368992,0.0,0.0,0.0
KLHL3,0.5573136741422481,0.4453841270760084,0.0,1.0,0.0
KLHL4,0.5766816521364978,1.0,1.0,1.0,0.0
KLHL6,0.5848591521678714,0.42781286298482263,0.0,1.0,0.0
KLHL8,0.4633904548571788,0.23505294852102734,0.0,1.0,0.0
KLK11,0.571343170729079,0.2718512222890342,0.0,0.33333333333333326,0.0
KLK13,0.5421162227613439,0.913532223328411,0.0,1.0,0.0
KLK7,0.566461961150352,0.8835870674710431,0.0,1.0,0.0
KLRF1,0.44003801947763,0.25948038023585024,0.0,1.0,0.0
KLRG1,0.5881012305520309,1.0,1.0,1.0,0.0
KLRG2,0.37845522175779905,1.0,1.0,1.0,0.0
KMT2A,0.5477590917334386,0.15935118543324756,0.0,0.33333333333333326,0.0
KNL1,0.5609385439040169,0.7059788099435541,0.0,0.33333333333333326,0.0
KNTC1,0.5614164687208503,1.0,0.0,1.0,0.0
KPNA3,0.47461096802608965,0.09563876946608693,0.0,0.33333333333333326,0.0
KPNA5,0.5611662609203917,0.5670431706337429,0.0,1.0,0.0
KRABD5,0.5259134971950927,0.37677999308036614,0.0,0.33333333333333326,0.0
KREMEN1,0.5500717963105095,0.2111423357397655,0.0,1.0,0.0
KRT13,0.5659726986550268,0.4376556633776656,0.0,1.0,0.0
KRT14,0.6024725784554922,1.0,1.0,1.0,0.0
KRT15,0.7663381998918652,1.0,1.0,1.0,0.0
KRT17,0.7907093160145799,1.0,1.0,1.0,0.0
KRT19,0.5861408934147874,0.18537856248072665,0.0,1.0,0.0
KRT222,0.5495269193636646,0.09307262061702123,0.0,1.0,0.0
KRT23,0.6275725724348814,0.6561353070974698,0.0,1.0,0.0
KRT4,0.5819605845942692,0.18855428258241605,0.0,0.33333333333333326,0.0
KRT5,0.8352928202941322,1.0,1.0,1.0,0.0
KRT6A,0.6236106180498422,0.9795460037791046,0.0,1.0,0.0
KRT6B,0.5727140982330096,0.48659988298379014,0.0,1.0,0.0
KRT8,0.5955030109784577,0.5086304939867016,0.0,1.0,0.0
KSR1,0.5578945829390536,0.48113233328870925,0.0,1.0,0.0
KTI12,0.4977161081332873,0.05878446048813248,0.0,0.33333333333333326,0.0
L3MBTL3,0.5258367649815345,0.0883470457622071,0.0,0.33333333333333326,0.0
L3MBTL4,0.4542188815269141,0.35439062417082356,1.0,1.0,0.0
LAMA1,0.5332194827223409,0.04913904853074719,0.0,1.0,0.0
LAMA2,0.3776973009682369,0.47805042394277836,1.0,1.0,0.0
LAMA3,0.3384922994848806,1.0,0.0,1.0,0.0
LAMA5,0.42948720533479395,0.9090075499623373,0.0,0.33333333333333326,0.0
LAMB1,0.38756976221329287,1.0,1.0,1.0,0.0
LAMB2,0.5183322639967223,0.10445738533833104,0.0,0.33333333333333326,0.0
LAMC1,0.4121037640963591,1.0,1.0,1.0,0.0
LAMC2,0.5426490964792062,0.23916777406577175,0.0,1.0,0.0
LAMC3,0.32954941933266046,1.0,0.0,1.0,0.0
LAMP3,0.34262631319510123,1.0,1.0,1.0,0.0
LAMP5,0.738412527594888,1.0,1.0,1.0,0.0
LAMTOR1,0.4674903945995756,0.47896828063793995,0.0,0.33333333333333326,0.0
LANCL1,0.5427021976664969,0.3802777256182726,0.0,0.33333333333333326,0.0
LARP1B,0.46050438597026355,0.11690870673033611,0.0,0.33333333333333326,0.0
LAT,0.5436096268396973,0.35466323780491477,1.0,1.0,0.0
LAX1,0.6000647587466823,1.0,1.0,1.0,0.0
LAYN,0.5420332968673457,0.09441134731392378,1.0,1.0,0.0
LCA5,0.5753065425576678,1.0,0.0,1.0,0.0
LCA5L,0.5673165581262243,1.0,0.0,1.0,0.0
LCE5A,0.49555725256544386,0.057990791716419125,0.0,0.0,0.0
LCK,0.6388155191983245,0.38908428213996904,0.0,1.0,0.0
LCN2,0.715964278695641,0.6516010288724454,0.0,1.0,0.0
LCN6,0.40413961355057443,0.22253824485745866,0.0,1.0,0.0
LDB2,0.4291060758057712,0.2384390005756085,0.0,0.33333333333333326,0.0
LDLR,0.3555111606909513,1.0,1.0,1.0,0.0
LDLRAD3,0.45357763576483046,0.17085977084522383,0.0,1.0,0.0
LDLRAD4,0.6308610271890344,1.0,1.0,1.0,0.0
LDOC1,0.5953487934212583,1.0,0.0,1.0,0.0
LEAP2,0.39044337396147366,0.26056757740667363,0.0,1.0,0.0
LEF1,0.6033538779208174,1.0,0.0,1.0,0.0
LEO1,0.5413282286786429,0.2566008392653022,1.0,1.0,0.0
LETMD1,0.49565895357527956,0.11422095179547702,0.0,0.0,0.0
LGALS2,0.7080423943937789,0.42397518595011635,1.0,1.0,0.0
LGALS3BP,0.5828824923870847,0.40135739097169165,0.0,1.0,0.0
LGALS7B,0.6751299005627224,0.838467647488624,1.0,1.0,0.0
LGALSL,0.4170338986978521,1.0,1.0,1.0,0.0
LGI2,0.62314272722141,1.0,0.0,0.33333333333333326,0.0
LGI3,0.35907414117943454,0.5306578270597408,0.0,1.0,0.0
LGI4,0.43006341648991087,0.569403085382149,1.0,1.0,0.0
LGMN,0.5433748214505094,0.6771365822569956,0.0,1.0,0.0
LGR4,0.6357241750843939,1.0,0.0,1.0,0.0
LGR6,0.5604357302070611,0.8600768961155324,0.0,1.0,0.0
LGSN,0.6121318685419047,1.0,0.0,1.0,0.0
LHPP,0.5532587180923585,0.09658564818218987,0.0,1.0,0.0
LHX6,0.5550995536219725,0.09586541012324042,1.0,1.0,0.0
LHX9,0.465377180130952,0.056293272026964575,0.0,0.33333333333333326,0.0
LIAS,0.5495170025479635,0.1403466453152419,0.0,0.33333333333333326,0.0
LIAT1,0.5823524460271835,0.7037240903402256,1.0,1.0,0.0
LIFR,0.3152402261335057,0.8376480296637426,0.0,1.0,0.0
LILRA1,0.3895623582760243,1.0,0.0,1.0,0.0
LILRA2,0.42302811729638734,1.0,0.0,1.0,0.0
LILRA3,0.36454683104308894,0.67832433993248,0.0,1.0,0.0
LILRB4,0.5677270634792023,0.027452220748854648,0.0,0.33333333333333326,0.0
LIMA1,0.5495757344065412,0.6019609863296209,1.0,1.0,0.0
LIMCH1,0.3881626719940279,0.3158084405572101,0.0,1.0,0.0
LIMD2,0.5666249149438845,0.2924757929903243,0.0,1.0,0.0
LIME1,0.5578623129273544,0.7676357033102631,0.0,1.0,0.0
LIMK1,0.5497117177189391,0.11663092776200314,1.0,1.0,0.0
LIMS2,0.3969471839670729,1.0,0.0,1.0,0.0
LIN28A,0.49041138602191825,0.07430886088722036,0.0,0.0,0.0
LIN7A,0.38220414892461463,1.0,1.0,1.0,0.0
LIN7B,0.49405519821627425,0.03638855669701374,0.0,0.0,0.0
LIPA,0.5429240514124876,0.14540749869276903,0.0,1.0,0.0
LIPG,0.5377588095631359,0.16201633994824205,0.0,0.33333333333333326,0.0
LLGL1,0.5308328204899274,0.23001133507657537,0.0,1.0,0.0
LLGL2,0.43661279152231774,1.0,0.0,1.0,0.0
LMCD1,0.3996134713706983,1.0,0.0,1.0,0.0
LMF2,0.5071041970355532,0.10436817587273212,0.0,0.33333333333333326,0.0
LMLN,0.5725941964900148,1.0,0.0,1.0,0.0
LMO1,0.5011235041630454,0.22234440490686844,0.0,0.0,0.0
LMO4,0.5730248323392506,0.12301811937762051,0.0,1.0,0.0
LMO7,0.4297644498840063,0.1466102918282636,0.0,1.0,0.0
LMTK2,0.42016826415334296,1.0,1.0,1.0,0.0
LNPK,0.5494371753939112,0.044812597219509094,0.0,1.0,0.0
LNX2,0.4107835937761879,1.0,1.0,1.0,0.0
LONP1,0.45503804005857496,1.0,0.0,1.0,0.0
LONRF2,0.5584423981881323,0.3607485408856,0.0,0.33333333333333326,0.0
LOXL1,0.6366747312856322,0.7281905229987162,1.0,1.0,0.0
LOXL2,0.5678835732273609,0.6215316146681146,0.0,1.0,0.0
LOXL4,0.5829736573997821,1.0,1.0,1.0,0.0
LPAR3,0.5810401868688831,1.0,0.0,1.0,0.0
LPAR5,0.5530612461742801,0.5957513385161255,1.0,1.0,0.0
LPCAT1,0.4325963930483648,0.19654308608630694,0.0,0.33333333333333326,0.0
LPCAT3,0.42325620730699126,1.0,0.0,0.33333333333333326,0.0
LPIN2,0.44754170548294137,0.3645670618095082,1.0,1.0,0.0
LPL,0.34740071825783775,1.0,0.0,1.0,0.0
LPXN,0.5599068446186496,0.25154751883143717,0.0,1.0,0.0
LRATD2,0.45567855953447933,0.16289894070457966,0.0,1.0,0.0
LRGUK,0.5748993311545862,1.0,0.0,1.0,0.0
LRIG2,0.5848451376455932,0.2609978522452549,0.0,1.0,0.0
LRIG3,0.588820374110277,1.0,0.0,1.0,0.0
LRP1,0.5246568095612232,0.07113343781054299,0.0,0.33333333333333326,0.0
LRP11,0.5602796484045252,0.9830902527664032,0.0,1.0,0.0
LRP12,0.5528046924656459,0.31829219221335686,0.0,1.0,0.0
LRP2BP,0.5494563636304733,0.4881209967556232,0.0,1.0,0.0
LRP6,0.45619036346677516,0.10184115215804501,0.0,1.0,0.0
LRPAP1,0.46356849961049623,0.3449489058311641,0.0,0.33333333333333326,0.0
LRRC15,0.5654569343293224,0.6675932638406881,0.0,0.33333333333333326,0.0
LRRC17,0.7454283367123687,1.0,1.0,1.0,0.0
LRRC18,0.55861004000931,1.0,0.0,1.0,0.0
LRRC27,0.5515506008943055,1.0,0.0,1.0,0.0
LRRC32,0.345265781045603,1.0,1.0,1.0,0.0
LRRC36,0.44891428910829384,0.08417661774861585,0.0,0.33333333333333326,0.0
LRRC37A2,0.5645483530647594,1.0,0.0,0.33333333333333326,0.0
LRRC37A3,0.4984373772940319,0.08557528994468944,0.0,0.0,0.0
LRRC46,0.7673275789231347,1.0,0.0,1.0,0.0
LRRC49,0.5946123375192776,1.0,1.0,1.0,0.0
LRRC4C,0.57971478033851,1.0,0.0,1.0,0.0
LRRC55,0.6000207707564141,1.0,0.0,1.0,0.0
LRRC70,0.5502606700636358,0.16740501033109165,0.0,0.33333333333333326,0.0
LRRC72,0.49546955173655527,0.057828214493070886,0.0,0.0,0.0
LRRC8A,0.41688081546288375,1.0,1.0,1.0,0.0
LRRFIP1,0.44094321574281997,0.1127483931103018,0.0,1.0,0.0
LRRIQ1,0.6948553910130019,1.0,0.0,1.0,0.0
LRRK1,0.5330489461554335,0.5734376627024429,0.0,1.0,0.0
LRRK2,0.3582254402855591,0.6429077654163389,0.0,1.0,0.0
LRRN1,0.7285083741123027,1.0,1.0,1.0,0.0
LRRN3,0.3793691238942804,0.14534659051376728,0.0,1.0,0.0
LRRN4,0.36967049149135794,1.0,0.0,1.0,0.0
LRRTM1,0.5281063305002169,0.4709758273247238,0.0,1.0,0.0
LSM14B,0.47400574916997934,0.06404897857301056,0.0,1.0,0.0
LSM6,0.4423854779545615,1.0,0.0,0.33333333333333326,0.0
LSM7,0.5365002763871475,0.1520617015488299,0.0,1.0,0.0
LSMEM1,0.4066396116311621,0.04724860489851421,0.0,1.0,0.0
LSP1,0.6149879345333719,0.15279581762284042,0.0,1.0,0.0
LSR,0.5533878884841187,0.033599545676761884,0.0,1.0,0.0
LSS,0.3718939721102949,1.0,1.0,1.0,0.0
LTAP1,0.4405083195511141,1.0,0.0,1.0,0.0
LTBP1,0.653335122033671,1.0,1.0,1.0,0.0
LTBP2,0.6318000067289317,1.0,1.0,1.0,0.0
LTBP3,0.5993795761146509,1.0,1.0,1.0,0.0
LTBR,0.4523771118846769,0.8872180171588134,0.0,0.33333333333333326,0.0
LTF,0.6497619442428059,0.2659970074675131,0.0,1.0,0.0
LTV1,0.4404812626586316,0.6095601539094693,0.0,1.0,0.0
LUC7L3,0.5369759426601858,0.3119818447001908,0.0,1.0,0.0
LUM,0.6609875798541945,1.0,0.0,1.0,0.0
LURAP1,0.5480163110050968,0.35218121894337934,0.0,1.0,0.0
LURAP1L,0.43318454585932203,0.8892927522275832,0.0,1.0,0.0
LUZP2,0.569292951724435,1.0,0.0,1.0,0.0
LXN,0.6306525890730197,1.0,1.0,1.0,0.0
LY6D,0.6580283485999937,0.7069775911924009,0.0,1.0,0.0
LY6E,0.5681832484631129,0.30147938884191516,1.0,1.0,0.0
LY6H,0.531667610098137,0.0722875164627838,0.0,1.0,0.0
LY75,0.6459702878665637,0.09174599265812558,0.0,1.0,0.0
LY9,0.5465138773198595,0.7792184809167572,0.0,0.33333333333333326,0.0
LYPD5,0.4083675088919599,0.7278257313601606,0.0,1.0,0.0
LYPD6B,0.5451737931165855,0.6327926940111752,0.0,1.0,0.0
LYPLAL1,0.5489166178909431,0.23047494582619882,0.0,1.0,0.0
LYRM7,0.5678760268155734,0.18209172439279192,0.0,1.0,0.0
LYVE1,0.3561304817404017,0.7451919505396164,1.0,1.0,0.0
LZIC,0.5499052323970022,0.022287340537622657,0.0,1.0,0.0
LZTR1,0.5011435745753794,0.3019740850264576,0.0,0.0,0.0
MACC1,0.6429404502065511,1.0,1.0,1.0,0.0
MACF1,0.42055663371762586,0.3032378492522505,0.0,1.0,0.0
MACIR,0.4369749722561277,0.08168125142366098,0.0,1.0,0.0
MACROD2,0.3572632141219287,0.6993940986712978,1.0,1.0,0.0
MACROH2A2,0.5704910215558185,1.0,1.0,1.0,0.0
MAD2L1,0.5828436298142324,1.0,0.0,1.0,0.0
MAFF,0.3352892009967748,0.43023158407130446,0.0,1.0,0.0
MAFK,0.43798947818747996,1.0,0.0,1.0,0.0
MAGEA10,0.481877910002191,0.2375516089889541,0.0,0.0,0.0
MAGED1,0.5675015173385836,0.9189007606302966,0.0,1.0,0.0
MAGED2,0.5372029766898349,0.0677642253033041,0.0,1.0,0.0
MAGI3,0.4255555323100854,0.09888244173038505,0.0,0.33333333333333326,0.0
MAML2,0.5177030086418397,0.10038667830361445,1.0,0.33333333333333326,0.0
MAMLD1,0.38539078309045344,1.0,1.0,1.0,0.0
MAN1C1,0.5756111393595801,1.0,1.0,1.0,0.0
MAN2A2,0.4159892029118704,1.0,1.0,1.0,0.0
MAN2B1,0.5291846967930247,0.19755001728409655,0.0,0.33333333333333326,0.0
MAN2B2,0.5107906155101587,0.03505858797989764,0.0,0.0,0.0
MAN2C1,0.4556916146249426,1.0,0.0,0.33333333333333326,0.0
MANEA,0.47717402707140233,0.12974212939328547,0.0,0.33333333333333326,0.0
MAOA,0.3114569473806418,1.0,1.0,1.0,0.0
MAP1A,0.606645590937359,1.0,1.0,1.0,0.0
MAP2,0.3658296879683904,1.0,1.0,1.0,0.0
MAP3K1,0.5217479285619376,0.29968238088372606,0.0,1.0,0.0
MAP3K12,0.4309099696757444,0.02834055638855417,0.0,1.0,0.0
MAP3K13,0.5393567536938,0.2547731665513318,0.0,0.33333333333333326,0.0
MAP3K20,0.5634741894007138,0.16251416368999339,0.0,0.33333333333333326,0.0
MAP3K21,0.43892262034510776,1.0,1.0,1.0,0.0
MAP3K6,0.3632029715952255,1.0,0.0,1.0,0.0
MAP3K7CL,0.5810368177033203,0.1422797551655113,0.0,1.0,0.0
MAP3K8,0.3595639922870227,1.0,0.0,1.0,0.0
MAP4,0.5095356328023642,0.04400464844040207,0.0,0.0,0.0
MAP4K1,0.5432153337223059,0.4209131230427248,0.0,1.0,0.0
MAP4K4,0.5123451938147765,0.1118858265585992,0.0,1.0,0.0
MAP6,0.5796079027850959,1.0,1.0,1.0,0.0
MAP6D1,0.49240641817982134,0.15148490023464461,0.0,0.0,0.0
MAP7D3,0.5171130524297884,0.219852120384737,0.0,1.0,0.0
MAPK10,0.5894106466348239,1.0,0.0,1.0,0.0
MAPK13,0.43143905779622405,0.8497311206289786,0.0,1.0,0.0
MAPK14,0.4378998869820833,1.0,0.0,1.0,0.0
MAPK8,0.48902079432764095,0.054659133376865544,0.0,0.33333333333333326,0.0
MARCHF10,0.5853874391784339,1.0,0.0,1.0,0.0
MARCHF4,0.5358291330540205,0.3054966041319139,0.0,1.0,0.0
MARCKS,0.540909275842202,0.22300051123617254,0.0,0.33333333333333326,0.0
MARCKSL1,0.5829828223666473,0.2861098433591325,0.0,1.0,0.0
MARCO,0.5653609766769677,0.06381965870756717,0.0,0.33333333333333326,0.0
MARK1,0.5640733151423208,1.0,0.0,1.0,0.0
MARK2,0.5111784493807702,0.047566805703318234,0.0,0.0,0.0
MARK3,0.4338417112727432,0.2271957488543235,0.0,1.0,0.0
MAS1L,0.5128761293987371,0.13133586510782622,0.0,0.33333333333333326,0.0
MASP1,0.5931653583748907,0.4880042373222919,0.0,0.33333333333333326,0.0
MAST2,0.5451506227464719,0.12558860438565592,0.0,1.0,0.0
MAST4,0.5571310579548054,0.3748873100456776,0.0,1.0,0.0
MAT2A,0.46560179583466216,0.27511772732278156,1.0,0.33333333333333326,0.0
MATN3,0.3529414859596022,1.0,1.0,1.0,0.0
MB,0.5979717339794167,0.3025196166829365,0.0,1.0,0.0
MBD6,0.46401001288395,0.4472176099367767,0.0,1.0,0.0
MBIP,0.4356696220533333,0.23577375842251586,0.0,1.0,0.0
MBOAT1,0.594329704029438,1.0,0.0,1.0,0.0
MCCC1,0.3610508023312058,1.0,1.0,1.0,0.0
MCEMP1,0.38727672641607563,0.42846405750187716,0.0,0.33333333333333326,0.0
MCF2L,0.4159165313885827,1.0,1.0,1.0,0.0
MCFD2,0.4457443506810035,1.0,0.0,0.33333333333333326,0.0
MCL1,0.44047715044391855,0.5304058120832281,0.0,0.33333333333333326,0.0
MCM4,0.5842519184290565,0.8701982340787893,0.0,1.0,0.0
MCM6,0.546166503638248,0.35930781474545725,0.0,1.0,0.0
MCM8,0.5583470472454825,0.14925154671663432,0.0,0.33333333333333326,0.0
MCOLN1,0.4411529663883507,1.0,0.0,0.33333333333333326,0.0
MCTP1,0.5792771665041406,0.3394992119459816,0.0,1.0,0.0
MCU,0.535962045402595,0.7212118144655267,0.0,1.0,0.0
MCUR1,0.4583578977489118,0.1711586176305347,0.0,0.33333333333333326,0.0
MDFIC,0.5641025584549835,0.19762132359941034,0.0,1.0,0.0
MDK,0.705268801087131,1.0,1.0,1.0,0.0
MDM2,0.5483646396613636,1.0,0.0,1.0,0.0
ME3,0.5537981395891562,0.15382827226578918,0.0,1.0,0.0
MEA1,0.5511134886565017,0.4157211690582086,0.0,1.0,0.0
MED10,0.4670018361981377,0.023478996690619387,0.0,1.0,0.0
MEF2C,0.5588323181860013,0.8597186791371474,0.0,1.0,0.0
MEGF9,0.3972324865162764,1.0,1.0,1.0,0.0
MEIG1,0.5405424395692453,0.19322656841993452,0.0,1.0,0.0
MELK,0.5684344607709308,0.8115743207974379,0.0,1.0,0.0
MEOX1,0.6234777972588685,1.0,1.0,1.0,0.0
MERTK,0.39649513212957044,1.0,1.0,1.0,0.0
METRN,0.569861636332297,0.2006511594192614,0.0,1.0,0.0
METRNL,0.5061159892073669,0.4315234951708199,0.0,0.33333333333333326,0.0
METTL15,0.5535011307269446,0.29912617064824737,0.0,1.0,0.0
METTL8,0.558195686565477,0.20703515749805024,0.0,1.0,0.0
MEX3B,0.5646753767769194,0.25384459982954194,0.0,1.0,0.0
MFAP2,0.6542331356957682,1.0,1.0,1.0,0.0
MFAP4,0.5928903465401193,0.6581522413377087,0.0,1.0,0.0
MFNG,0.4144187141715427,1.0,0.0,0.33333333333333326,0.0
MFSD2A,0.32030064047471773,1.0,1.0,1.0,0.0
MFSD8,0.5298778600222388,0.1095068987352899,0.0,0.33333333333333326,0.0
MGAM,0.19961796043730162,1.0,1.0,1.0,0.0
MGARP,0.5476624282724816,0.3005420499740572,0.0,1.0,0.0
MGAT1,0.4601040951344136,0.6441405498149331,0.0,0.33333333333333326,0.0
MGAT4A,0.41983579473485433,0.7874222416758083,0.0,1.0,0.0
MGLL,0.43860747991604176,0.7390803525764538,0.0,1.0,0.0
MGP,0.5880817643780023,1.0,0.0,1.0,0.0
MGST1,0.37642696511524604,0.9426574121524927,1.0,1.0,0.0
MGST3,0.46965862750497617,0.1520411146739766,0.0,0.33333333333333326,0.0
MICA,0.4581974371241783,0.3602398699681628,0.0,1.0,0.0
MICAL1,0.5119234262038874,0.15657818195268053,0.0,0.33333333333333326,0.0
MICAL2,0.5045065707849359,0.08764941264245271,1.0,0.33333333333333326,0.0
MICALL2,0.600273317772182,0.26035407529221655,0.0,1.0,0.0
MID1,0.5600366209590492,0.5725752948072056,1.0,1.0,0.0
MID1IP1,0.3944100358541332,1.0,0.0,1.0,0.0
MIDEAS,0.4808382757065702,1.0,0.0,0.33333333333333326,0.0
MIDN,0.4338235591996797,0.6198382774214115,0.0,0.33333333333333326,0.0
MIER2,0.42505059013358154,0.945836227210302,0.0,1.0,0.0
MIF4GD,0.4704764322175436,0.1575891528189712,0.0,0.33333333333333326,0.0
MINK1,0.5938030929849267,0.5245218263019523,0.0,1.0,0.0
MIPOL1,0.5211089885236289,0.27741398998124983,0.0,1.0,0.0
MITF,0.5338973607884215,0.860411685783392,1.0,0.33333333333333326,0.0
MKNK1,0.4517459127046293,0.8477408048916031,0.0,1.0,0.0
MKNK2,0.40489842238328244,1.0,1.0,1.0,0.0
MKX,0.5492487225496343,1.0,0.0,0.33333333333333326,0.0
MLEC,0.5416249638883767,0.1901225670084602,1.0,1.0,0.0
MLF1,0.5842693361935561,1.0,0.0,1.0,0.0
MLPH,0.38416800573524423,1.0,0.0,1.0,0.0
MLX,0.43337715685729306,1.0,1.0,1.0,0.0
MME,0.31854440927825084,1.0,0.0,1.0,0.0
MMGT1,0.4722926555957363,0.07349701282581173,0.0,0.33333333333333326,0.0
MMP1,0.9834529766011886,1.0,1.0,1.0,0.0
MMP10,0.7162362638449621,1.0,1.0,1.0,0.0
MMP11,0.6514956688351693,1.0,1.0,1.0,0.0
MMP12,0.6792265753181679,1.0,0.0,1.0,0.0
MMP13,0.6703749539568437,1.0,1.0,1.0,0.0
MMP16,0.6607142634984631,1.0,0.0,1.0,0.0
MMP2,0.5860559784110224,0.7037731245141323,0.0,1.0,0.0
MMP25,0.35130784291409844,1.0,1.0,1.0,0.0
MMP3,0.5898170090764417,0.9727083849015145,0.0,1.0,0.0
MMP7,1.0,1.0,1.0,1.0,0.0
MMP8,0.32913504222773043,0.28516742684594465,0.0,1.0,0.0
MMUT,0.43284341864125314,0.8816838470183072,0.0,1.0,0.0
MNAT1,0.533271353027493,0.37247995317558696,0.0,1.0,0.0
MNS1,0.6864010916059633,1.0,1.0,1.0,0.0
MOB3B,0.5754185961644698,0.14934797194717414,0.0,0.33333333333333326,0.0
MOCS3,0.510285795005598,0.02834160608792192,0.0,1.0,0.0
MOK,0.5757857290921718,1.0,0.0,1.0,0.0
MORC3,0.523104794885762,0.19246662894169542,0.0,1.0,0.0
MORN2,0.6297841242035239,1.0,0.0,1.0,0.0
MORN3,0.5583182594193535,1.0,1.0,1.0,0.0
MOSPD1,0.5461997086137127,0.41319457146067273,1.0,1.0,0.0
MOSPD3,0.5260104529739752,0.07595556384588778,0.0,1.0,0.0
MOXD1,0.6609918866593268,1.0,1.0,1.0,0.0
MPIG6B,0.4162830504812243,0.6496082072394351,0.0,1.0,0.0
MPO,0.4112564650214506,0.5609187865055565,0.0,1.0,0.0
MPP3,0.34931639260622355,1.0,1.0,1.0,0.0
MPPED2,0.5563673409259893,1.0,1.0,1.0,0.0
MR1,0.5473785453415718,0.1932033965633274,0.0,1.0,0.0
MRC1,0.4069957276003364,0.4535964416278887,0.0,0.33333333333333326,0.0
MRC2,0.5474573631729049,0.5763104348486027,0.0,1.0,0.0
MRGPRF,0.562283798712507,0.17460303740248959,0.0,0.33333333333333326,0.0
MROH7,0.533334949753481,0.048448715130163196,0.0,1.0,0.0
MRPL14,0.4375797685339154,1.0,0.0,1.0,0.0
MRPL58,0.46611091127228393,0.29579552345488447,0.0,0.33333333333333326,0.0
MRPS15,0.4335994842423519,1.0,0.0,1.0,0.0
MRPS18B,0.4510281000745481,0.7211302366062583,0.0,0.33333333333333326,0.0
MS4A1,0.6048849268269341,0.8553370435320238,0.0,1.0,0.0
MS4A14,0.5254772014699937,0.04069887830712079,0.0,0.33333333333333326,0.0
MS4A15,0.35213157329494327,1.0,1.0,1.0,0.0
MS4A2,0.7076584793054472,1.0,1.0,1.0,0.0
MSC,0.5310305254187647,0.1321003917888511,0.0,0.33333333333333326,0.0
MSH2,0.5855027400571626,0.5629581361311892,1.0,1.0,0.0
MSI2,0.5726100171906119,1.0,1.0,1.0,0.0
MSMB,0.8135399563761675,1.0,1.0,1.0,0.0
MSMO1,0.3660761420359162,1.0,1.0,1.0,0.0
MSN,0.4590167323181265,0.8569444575769853,0.0,0.33333333333333326,0.0
MSRB1,0.4394655107655695,1.0,0.0,1.0,0.0
MT1A,0.34971772080778213,0.9423291825276746,0.0,1.0,0.0
MT1B,0.40130530716020246,1.0,0.0,1.0,0.0
MT1E,0.3472981076769639,1.0,1.0,1.0,0.0
MT1F,0.4407020234540629,0.01358836766120434,0.0,0.33333333333333326,0.0
MT1G,0.3803960488590576,0.799710015984805,0.0,1.0,0.0
MT1H,0.3584723294643462,0.7697718607934136,1.0,1.0,0.0
MT1HL1,0.3797181418411044,0.6870296881055956,0.0,1.0,0.0
MT1M,0.17030753152260128,1.0,1.0,1.0,0.0
MT1X,0.32515022306803354,1.0,1.0,1.0,0.0
MT2A,0.3433508957436338,1.0,1.0,1.0,0.0
MTA1,0.5822400687909647,0.28607175141437563,0.0,1.0,0.0
MTA3,0.5365187968761251,0.44447468644015853,0.0,1.0,0.0
MTARC1,0.3735660587712227,1.0,1.0,1.0,0.0
MTARC2,0.4100804117769613,1.0,0.0,1.0,0.0
MTCL3,0.44898971254192593,0.2840651807440601,0.0,0.33333333333333326,0.0
MTHFD1,0.4593610757587765,0.26736112054873384,0.0,0.33333333333333326,0.0
MTHFD2,0.40464716377824855,0.5335183864029022,0.0,0.33333333333333326,0.0
MTHFR,0.43957299701472063,1.0,0.0,0.33333333333333326,0.0
MTM1,0.45627551896030405,0.21070840435848817,0.0,1.0,0.0
MTMR11,0.5618457742802696,1.0,1.0,1.0,0.0
MTMR14,0.43687811515103037,1.0,0.0,1.0,0.0
MTMR4,0.4426289473367728,0.9296189948168921,0.0,1.0,0.0
MTRF1,0.5269165288406222,0.21815245341628822,0.0,1.0,0.0
MTRF1L,0.4466856349809038,0.8338215174108146,0.0,1.0,0.0
MTRR,0.40506030021387457,1.0,0.0,1.0,0.0
MTSS1,0.42064459656763453,1.0,1.0,1.0,0.0
MTSS2,0.5188268460183875,0.023161114005074285,0.0,0.33333333333333326,0.0
MTTP,0.5677418806694303,1.0,1.0,1.0,0.0
MTX2,0.5461281476737101,0.19294326821250013,1.0,1.0,0.0
MTX3,0.5503487675269616,0.15309132188517857,0.0,0.33333333333333326,0.0
MUC16,0.6640410253006186,1.0,1.0,1.0,0.0
MUC20,0.6341735878039052,1.0,0.0,1.0,0.0
MUC4,0.7259306925343993,1.0,1.0,1.0,0.0
MUC5B,0.7247925719481078,1.0,1.0,1.0,0.0
MUCL3,0.3483570491973044,1.0,0.0,1.0,0.0
MUS81,0.494364959934755,0.1010510611002183,0.0,0.0,0.0
MVB12B,0.44123093615613257,0.351761187787055,0.0,1.0,0.0
MVD,0.42603947323665586,1.0,0.0,1.0,0.0
MX1,0.5995656364562975,0.09028215876102248,0.0,1.0,0.0
MXD1,0.3289531145935216,1.0,0.0,1.0,0.0
MXD4,0.44809610332293326,0.40386782967328005,0.0,1.0,0.0
MXRA5,0.7239379232383959,1.0,1.0,1.0,0.0
MXRA8,0.562549111051895,0.257003510424019,1.0,1.0,0.0
MYB,0.6543040393247387,1.0,0.0,1.0,0.0
MYBPC1,0.4739771692009314,0.04657789953286621,0.0,1.0,0.0
MYBPC3,0.4510472095278412,0.007932921470519242,0.0,1.0,0.0
MYC,0.39257391360491983,0.38808016845300386,1.0,0.33333333333333326,0.0
MYCBPAP,0.5671424223607184,1.0,0.0,1.0,0.0
MYCT1,0.4117616675233118,0.9100581206268725,0.0,1.0,0.0
MYEF2,0.5470699940862778,0.6450826721568947,0.0,1.0,0.0
MYH11,0.6337281405830753,1.0,0.0,1.0,0.0
MYL12A,0.4470923827382878,0.7725343844321273,1.0,1.0,0.0
MYL3,0.45760539477797424,0.1378370847622914,0.0,1.0,0.0
MYL6B,0.567241563842225,0.06800904204690716,0.0,1.0,0.0
MYL9,0.5611865700824014,0.41108532954401417,0.0,0.33333333333333326,0.0
MYLIP,0.41075694581851896,0.7664526336538856,1.0,1.0,0.0
MYO15B,0.495718610934522,0.2087877053266822,1.0,0.33333333333333326,0.0
MYO18A,0.5723195512270333,0.37954803339945764,0.0,1.0,0.0
MYO1E,0.5521226900948583,0.592479339949428,1.0,1.0,0.0
MYO5A,0.5380146878077623,0.5999434209198512,0.0,1.0,0.0
MYO5B,0.4466918805885154,0.06106917263441229,0.0,1.0,0.0
MYO9A,0.4381007414456613,0.2682095544978092,0.0,1.0,0.0
MYO9B,0.5131048553592855,0.24233978812119272,1.0,0.33333333333333326,0.0
MYOCD,0.6718195930180342,1.0,0.0,1.0,0.0
MYOF,0.5599656903606044,1.0,0.0,1.0,0.0
MYOM1,0.5694958848289297,1.0,1.0,1.0,0.0
MYRF,0.33024165001363537,1.0,0.0,1.0,0.0
MYT1,0.4864550941851834,0.07224456580614737,0.0,0.0,0.0
MYZAP,0.30889290088216087,1.0,0.0,1.0,0.0
MZB1,0.6870434218663877,1.0,0.0,1.0,0.0
N4BP1,0.4502794511172039,0.0793143548122054,0.0,0.33333333333333326,0.0
N4BP3,0.4738920870104706,0.1813154244946319,0.0,1.0,0.0
NAA10,0.4591512807270997,0.7532353231117274,0.0,0.33333333333333326,0.0
NAA40,0.5630653702828208,0.6565670316445483,0.0,1.0,0.0
NAB1,0.557622561579258,1.0,1.0,1.0,0.0
NAGK,0.5593014358030809,0.08092974191290792,0.0,0.33333333333333326,0.0
NAGPA,0.5174749503509927,0.14958263747176298,0.0,0.0,0.0
NAIP,0.42330752197136934,0.8924409896925033,0.0,1.0,0.0
NALCN,0.5759943297944218,0.6014739790642881,1.0,1.0,0.0
NAMPT,0.2388729164406112,1.0,0.0,0.33333333333333326,0.0
NAP1L3,0.6211721613335484,1.0,1.0,1.0,0.0
NAPA,0.45494950369798676,1.0,0.0,0.33333333333333326,0.0
NAPEPLD,0.5999685220111705,0.6979146347821427,0.0,0.33333333333333326,0.0
NAPSA,0.4268423538718707,0.6843986459669347,0.0,1.0,0.0
NAT1,0.5695494339620677,1.0,1.0,1.0,0.0
NAT14,0.5718134058726421,0.3062298610335098,0.0,1.0,0.0
NBEA,0.6161646604075139,1.0,0.0,1.0,0.0
NBEAL2,0.44606498955469476,1.0,0.0,0.33333333333333326,0.0
NBL1,0.6199835586491849,0.3286658320479664,0.0,1.0,0.0
NBPF1,0.539108211531156,0.5076865970419239,0.0,1.0,0.0
NBPF3,0.5236750244504734,0.46854577147591464,1.0,0.33333333333333326,0.0
NCALD,0.4855149105816118,0.10615624508484124,0.0,0.33333333333333326,0.0
NCAPG2,0.5296149728132722,0.18402880794366924,0.0,1.0,0.0
NCAPH,0.5465298720448538,0.35268300373717015,0.0,1.0,0.0
NCKAP5,0.35619358949942836,0.3770623440605355,0.0,1.0,0.0
NCOA3,0.39923023698317883,0.9269532079197463,1.0,1.0,0.0
NCOA7,0.5287121181267805,0.19968986006192369,0.0,0.33333333333333326,0.0
NCOR2,0.5184340854381145,0.2390775583471018,0.0,0.33333333333333326,0.0
NCS1,0.5447839908647883,0.7439911080679106,0.0,0.33333333333333326,0.0
NDC80,0.5601157751992593,0.8739426713079406,1.0,1.0,0.0
NDEL1,0.4241100949112777,1.0,1.0,1.0,0.0
NDFIP1,0.5342665744976834,0.20393180928860458,0.0,0.0,0.0
NDNF,0.6099510239371458,1.0,0.0,1.0,0.0
NDP,0.5316444499824865,0.21665860778542803,0.0,1.0,0.0
NDRG1,0.41904806300576203,1.0,0.0,1.0,0.0
NDRG2,0.40514466788388165,0.47885657272242976,0.0,1.0,0.0
NDRG3,0.5341432397069049,0.1514535610020845,0.0,0.33333333333333326,0.0
NDRG4,0.2944474519970002,1.0,0.0,1.0,0.0
NDST1,0.4436136899949951,1.0,0.0,1.0,0.0
NDUFA10,0.4798617831604982,0.05427283980806048,0.0,0.0,0.0
NDUFB5,0.5328272768006608,0.4182375241908293,0.0,0.33333333333333326,0.0
NEBL,0.37058104308733897,1.0,1.0,1.0,0.0
NECAB1,0.3437284644445021,1.0,1.0,1.0,0.0
NECAB3,0.4436166911342963,0.6194926466627382,0.0,0.33333333333333326,0.0
NECTIN4,0.5390838155603053,0.8197714793616314,0.0,1.0,0.0
NEDD4,0.4465571885053783,0.44699241779571824,0.0,1.0,0.0
NEDD4L,0.38791370062499453,0.43280822670672975,0.0,0.33333333333333326,0.0
NEDD9,0.3929827235403351,1.0,1.0,1.0,0.0
NEK1,0.5595282908758596,1.0,0.0,1.0,0.0
NEK11,0.6083082754944967,1.0,1.0,1.0,0.0
NEK6,0.5865336127154358,0.12456711879650162,0.0,1.0,0.0
NEK7,0.4587709270997001,0.11520141801086972,0.0,1.0,0.0
NELFB,0.5085829293524673,0.09299946395881795,0.0,0.0,0.0
NELL1,0.5608172540386182,0.9183240722176742,0.0,1.0,0.0
NELL2,0.6882690837969281,1.0,1.0,1.0,0.0
NENF,0.5487377301822856,0.5883848932737334,1.0,1.0,0.0
NES,0.3869301333437087,0.8350400528820126,0.0,1.0,0.0
NET1,0.5715993782886791,1.0,1.0,1.0,0.0
NETO2,0.4353806944713543,0.42453537948419795,0.0,1.0,0.0
NEU1,0.44516484701293524,1.0,0.0,1.0,0.0
NEURL1B,0.5588284524612318,0.005841935314496037,0.0,1.0,0.0
NEUROD2,0.4947241479118871,0.13592583821150803,0.0,0.0,0.0
NFASC,0.5948687273928324,1.0,1.0,1.0,0.0
NFATC1,0.5468646168285964,0.32713351944462143,0.0,0.33333333333333326,0.0
NFATC2,0.616333712625482,1.0,0.0,1.0,0.0
NFATC4,0.5261573041810201,0.657304410779647,0.0,1.0,0.0
NFE2,0.34764366949164227,1.0,1.0,1.0,0.0
NFE2L3,0.5415909838605633,0.2867046503891588,1.0,1.0,0.0
NFIA,0.5759580589897014,0.808066880401652,0.0,1.0,0.0
NFIB,0.5673687645789908,1.0,0.0,1.0,0.0
NFIL3,0.33815468607914145,0.8670999996311689,0.0,0.33333333333333326,0.0
NFIX,0.5818500717710066,0.291032896190418,0.0,0.33333333333333326,0.0
NFKBIA,0.3859031058139196,1.0,1.0,1.0,0.0
NFKBIZ,0.384236512549118,0.16989707330725407,0.0,1.0,0.0
NFX1,0.4486705326849731,0.17476766353883005,0.0,1.0,0.0
NFXL1,0.5121216643889623,0.049463097064432804,0.0,1.0,0.0
NGDN,0.45744200721267875,0.351389703971669,0.0,1.0,0.0
NHEJ1,0.4386805630503887,1.0,0.0,1.0,0.0
NHERF1,0.5684443463262585,0.6838823506174954,1.0,1.0,0.0
NHERF2,0.3694146784624724,0.8355555696259007,0.0,0.33333333333333326,0.0
NHLRC3,0.5468058024270042,0.19620815758947668,1.0,1.0,0.0
NHS,0.6495953554378685,1.0,1.0,1.0,0.0
NIBAN1,0.5663694180535912,0.7323948848856017,0.0,1.0,0.0
NIBAN2,0.48493830250939646,0.6161879320754777,0.0,0.33333333333333326,0.0
NIBAN3,0.544499542615274,0.45867502667981397,0.0,0.33333333333333326,0.0
NICOL1,0.6339329207011772,0.26926227703051564,0.0,1.0,0.0
NID1,0.3736696603414833,1.0,1.0,1.0,0.0
NIM1K,0.38681015966988685,1.0,0.0,1.0,0.0
NIPAL2,0.5441703564034889,0.8490447130059371,1.0,1.0,0.0
NIPAL3,0.5014153610970709,0.19290958758767973,0.0,0.33333333333333326,0.0
NIT1,0.517597507132214,0.20396467781274905,0.0,0.0,0.0
NKAPL,0.46389502957284484,0.08747156330099967,0.0,1.0,0.0
NLGN1,0.5120743148869561,0.057535862140244864,0.0,0.33333333333333326,0.0
NLGN4Y,0.5790369888757507,0.9713654681905114,1.0,1.0,0.0
NLRC4,0.39240882086281564,0.9882173770055087,0.0,1.0,0.0
NLRP12,0.39309347159733216,1.0,0.0,1.0,0.0
NLRP3,0.3360606905377159,0.19089084062471515,0.0,0.33333333333333326,0.0
NME5,0.6292513141890533,1.0,0.0,1.0,0.0
NME6,0.5196984594737627,0.24208913495361886,0.0,0.0,0.0
NME7,0.5476870016900952,0.8432700986025802,0.0,1.0,0.0
NME9,0.5831985779532358,1.0,0.0,0.33333333333333326,0.0
NMNAT2,0.5652500790542491,1.0,0.0,0.33333333333333326,0.0
NNMT,0.48505931582774164,0.5248974216983963,1.0,0.33333333333333326,0.0
NOS1,0.499356378404852,0.15723451478640535,0.0,0.33333333333333326,0.0
NOSTRIN,0.37458670533949867,1.0,0.0,1.0,0.0
NOTCH1,0.4396583702204609,1.0,0.0,1.0,0.0
NOTCH3,0.5871802300246738,0.4924952644631777,0.0,1.0,0.0
NOTCH4,0.3396385027405265,1.0,0.0,1.0,0.0
NOVA1,0.554621758384188,1.0,0.0,1.0,0.0
NOVA2,0.4371773069986922,0.6170596074429047,0.0,1.0,0.0
NPAT,0.5277681101264652,0.31306056370745355,0.0,1.0,0.0
NPC1,0.4134101868955334,1.0,1.0,1.0,0.0
NPC2,0.5409023836763975,0.2409486661760331,0.0,1.0,0.0
NPFF,0.45255236348997235,0.12229733667626032,0.0,1.0,0.0
NPIPA1,0.5150733032848873,0.09962864611795724,0.0,0.0,0.0
NPNT,0.4006322121230639,0.832519303637901,1.0,1.0,0.0
NPR1,0.31663170468325647,1.0,1.0,1.0,0.0
NPR3,0.34721424123727207,0.8354864298236369,0.0,1.0,0.0
NPTX1,0.4431848268182783,0.24549595027775997,0.0,1.0,0.0
NQO1,0.4019408180324776,0.2242017422845576,0.0,1.0,0.0
NR1H3,0.5779088944858636,0.47659554105052476,0.0,1.0,0.0
NR4A1,0.38855802951252927,0.26084466332362377,0.0,0.33333333333333326,0.0
NR4A3,0.5215698958498399,0.04372346917564714,0.0,0.33333333333333326,0.0
NR5A1,0.4977163846839414,0.4009254908740955,0.0,0.0,0.0
NREP,0.6698827373462277,1.0,0.0,1.0,0.0
NRG4,0.5565558991242887,1.0,0.0,1.0,0.0
NRGN,0.403499528887714,1.0,0.0,0.33333333333333326,0.0
NRK,0.5751414481238428,1.0,0.0,1.0,0.0
NRM,0.46704170562699726,0.1514350764519877,0.0,1.0,0.0
NRP2,0.6517572142333496,1.0,1.0,1.0,0.0
NRSN2,0.5333274514838489,0.15073225972824053,0.0,1.0,0.0
NRXN1,0.45613290533906653,0.3275856356444133,0.0,1.0,0.0
NRXN3,0.5618087886331026,0.3489417478877393,0.0,1.0,0.0
NSDHL,0.44493051261747857,0.9816420577043662,0.0,1.0,0.0
NSG1,0.5734408042966892,1.0,1.0,1.0,0.0
NSMCE1,0.5182304167710146,0.13762108414192126,0.0,0.33333333333333326,0.0
NSUN6,0.5724925818223052,0.48209647865272237,1.0,1.0,0.0
NT5DC2,0.45112340630060127,0.23558851836235228,0.0,0.33333333333333326,0.0
NT5E,0.579133774125017,1.0,0.0,1.0,0.0
NTF3,0.5609788954089124,0.4410732293787482,0.0,1.0,0.0
NTN1,0.6484114930627858,1.0,1.0,1.0,0.0
NTNG1,0.4405461312284653,0.22261025128949175,0.0,1.0,0.0
NTRK3,0.40182080439736834,0.08026309117857165,0.0,0.33333333333333326,0.0
NTS,0.6115012067794485,0.773750278371927,1.0,1.0,0.0
NUBPL,0.5560859120336602,0.37898580557119543,0.0,0.33333333333333326,0.0
NUCB2,0.5528048996621314,0.5436764237377314,0.0,1.0,0.0
NUDCD1,0.4483806387373212,0.12201698180660912,0.0,0.33333333333333326,0.0
NUDT12,0.4986038951860553,0.276631918094483,0.0,0.33333333333333326,0.0
NUDT16,0.35422992989113306,1.0,1.0,1.0,0.0
NUDT18,0.4924870077903464,0.06826628872474926,0.0,0.0,0.0
NUDT3,0.5736197585927516,0.07311635142879272,0.0,1.0,0.0
NUDT4,0.49087153463064936,0.17097994371753644,0.0,0.0,0.0
NUF2,0.5636921129679726,0.6292147300319687,0.0,1.0,0.0
NUMA1,0.5149235372386187,0.061162473032616516,0.0,0.0,0.0
NUP107,0.5189342337893944,0.21539153183189533,0.0,1.0,0.0
NUP210,0.5502411188163645,0.6100084929238521,1.0,1.0,0.0
NUP54,0.4896598549639033,0.13600916328968177,0.0,0.0,0.0
NUP58,0.4034461442380233,1.0,0.0,0.33333333333333326,0.0
NUP62,0.5360309584322401,0.10364429839290161,0.0,1.0,0.0
NUP62CL,0.5595876418170348,1.0,0.0,1.0,0.0
NUPR1,0.43243851164948477,1.0,0.0,1.0,0.0
NUSAP1,0.5768512067085305,0.5348740418783751,0.0,1.0,0.0
NXF3,0.3941675114810926,0.6287642576641207,0.0,1.0,0.0
NXT1,0.5100388652158648,0.3806246870109885,0.0,0.33333333333333326,0.0
OAF,0.5751703254922281,0.38023820888593113,1.0,1.0,0.0
OAT,0.5449133849784165,0.556066720133766,0.0,1.0,0.0
OAZ1,0.4649186317734139,0.3345482387489793,0.0,1.0,0.0
OCIAD1,0.4825011412139468,0.026795491400464184,0.0,0.0,0.0
OCIAD2,0.5817608663216032,1.0,1.0,1.0,0.0
OCLN,0.4024728128312848,0.842772727722412,0.0,1.0,0.0
ODAD2,0.6780342893998139,1.0,0.0,1.0,0.0
ODAD3,0.5649120513577407,0.6734214335991383,0.0,1.0,0.0
ODAM,0.32429490887532036,0.28137453561988257,0.0,1.0,0.0
ODF2L,0.5799131835374384,1.0,0.0,1.0,0.0
OGN,0.6821119183966289,1.0,1.0,1.0,0.0
OGT,0.5419271366179618,0.39496454951941967,0.0,1.0,0.0
OLAH,0.3333893018457147,1.0,1.0,1.0,0.0
OLFM1,0.5566475396796178,0.36231104860252594,0.0,1.0,0.0
OLFM4,0.3605577613444928,0.2413873963130825,0.0,1.0,0.0
OLFML2A,0.403245979998681,0.16059318512274054,0.0,1.0,0.0
OLFML2B,0.5638864787050402,0.10063251487687018,1.0,1.0,0.0
OPHN1,0.4037850707115983,0.4649572019858346,0.0,1.0,0.0
OPN3,0.4530892221788999,0.16336026376961194,0.0,0.33333333333333326,0.0
OR10P1,0.4880073228395696,0.1566785562906864,0.0,0.0,0.0
ORC5,0.5207004977479714,0.16983033928505806,0.0,1.0,0.0
ORM1,0.29037994822341234,0.4557092001157236,0.0,1.0,0.0
ORM2,0.28579726259833715,0.3978810383704183,0.0,0.33333333333333326,0.0
OSBPL3,0.6053195406126356,1.0,1.0,1.0,0.0
OSBPL6,0.6511427663906607,1.0,0.0,1.0,0.0
OSER1,0.43399562369862565,0.12086889449608293,0.0,1.0,0.0
OSGIN1,0.4364181541326622,0.12645613706581177,0.0,1.0,0.0
OSM,0.5236583274199448,0.125103357020342,0.0,0.33333333333333326,0.0
OSMR,0.4751231216055972,0.31017763884599436,1.0,0.33333333333333326,0.0
OSR1,0.5248363305979589,0.04630281320621863,0.0,1.0,0.0
OSR2,0.5836603542359724,1.0,0.0,1.0,0.0
OSTF1,0.4538180855531511,1.0,0.0,1.0,0.0
OTUD7A,0.4984815484083666,0.07116321394052143,0.0,0.0,0.0
OTUD7B,0.43664159313484874,1.0,1.0,1.0,0.0
OTULIN,0.5278272125042041,0.026701604761119647,0.0,1.0,0.0
OTULINL,0.32064473834558493,1.0,1.0,1.0,0.0
OXR1,0.5610763487669866,0.8687909784161588,0.0,1.0,0.0
OXTR,0.5223954264448277,0.3878396651216671,0.0,0.33333333333333326,0.0
P2RY1,0.2711655514000964,1.0,0.0,1.0,0.0
P2RY10,0.5410116205738374,1.0,0.0,1.0,0.0
P3H2,0.32208801210916893,1.0,1.0,1.0,0.0
P3H3,0.5697293767086957,0.14165314531665346,0.0,1.0,0.0
P4HA3,0.6736042135128865,1.0,0.0,1.0,0.0
P4HB,0.5143058738134968,0.07453269067549206,0.0,0.33333333333333326,0.0
P4HTM,0.5544636186880999,1.0,1.0,1.0,0.0
PABPC4L,0.5593014864549489,0.1389889669472503,0.0,1.0,0.0
PACRG,0.6127805761473968,1.0,0.0,1.0,0.0
PACRGL,0.5204275664194353,0.4309496384760312,0.0,1.0,0.0
PACS1,0.5481248434282696,0.28372507473417435,0.0,0.33333333333333326,0.0
PADI2,0.4168719716071972,0.8646369370605776,0.0,0.33333333333333326,0.0
PADI4,0.31327267678912524,1.0,0.0,0.33333333333333326,0.0
PAFAH1B2,0.5088966930349984,0.09855095680466368,0.0,0.0,0.0
PAG1,0.4274173355525506,1.0,0.0,1.0,0.0
PAK1,0.556156091960073,1.0,1.0,1.0,0.0
PAK3,0.5650688775750103,1.0,1.0,1.0,0.0
PALD1,0.40315475411888274,1.0,0.0,1.0,0.0
PALM2AKAP2,0.42510123265761374,0.7638990068770595,1.0,1.0,0.0
PALS2,0.4398068611815535,0.1559687517665769,1.0,1.0,0.0
PAM,0.554509079723853,1.0,1.0,1.0,0.0
PAMR1,0.6878426348724606,1.0,1.0,1.0,0.0
PANK2,0.5371347777674527,0.5075311192369464,0.0,1.0,0.0
PANX1,0.49589119148997185,0.41470261596954827,0.0,0.33333333333333326,0.0
PAPPA,0.568744259542265,0.46714547767103065,0.0,1.0,0.0
PAPSS2,0.3153521315404415,1.0,1.0,1.0,0.0
PAQR5,0.44516218763473053,0.9573653549586866,0.0,1.0,0.0
PAQR7,0.5651029059031567,1.0,0.0,1.0,0.0
PAQR8,0.54317704550608,0.47677949010892323,0.0,1.0,0.0
PARD3,0.43006991437604003,0.1951982689047115,1.0,1.0,0.0
PARD6B,0.39357117696105093,0.8748607780502866,1.0,1.0,0.0
PARD6G,0.5538788281681518,0.08182481878905802,0.0,1.0,0.0
PARP11,0.5087578018070447,0.060755686247386635,0.0,0.0,0.0
PARP12,0.5174267688287445,0.23565035040427837,0.0,0.33333333333333326,0.0
PARVB,0.5182062236711399,0.17038412141086626,0.0,0.0,0.0
PATZ1,0.5612725296861923,0.07858443037567928,0.0,1.0,0.0
PAX9,0.5667247437639157,1.0,0.0,1.0,0.0
PBK,0.5603922680847818,0.3179133164704997,0.0,0.33333333333333326,0.0
PBLD,0.5375434535465231,1.0,0.0,1.0,0.0
PBX1,0.5692718991211773,0.5452963223691117,0.0,1.0,0.0
PBX3,0.5849291235095598,0.31336214809998675,0.0,1.0,0.0
PBXIP1,0.5647612711108619,0.22872330754034756,0.0,1.0,0.0
PCBP1,0.462041095661263,0.35692654233171933,0.0,0.33333333333333326,0.0
PCCA,0.5077580890206396,0.029815542061699823,0.0,0.0,0.0
PCDH12,0.3982875008613544,0.45936794276126824,0.0,1.0,0.0
PCDH18,0.6047523621943933,1.0,0.0,1.0,0.0
PCDH7,0.6960634941374442,1.0,1.0,1.0,0.0
PCDH9,0.4091501738997968,0.38825065725892355,1.0,1.0,0.0
PCGF1,0.49888070492691056,0.09951860377555714,0.0,0.0,0.0
PCIF1,0.5142138753671504,0.06351502429061275,0.0,0.0,0.0
PCK2,0.448164075447598,0.9062851416706401,0.0,0.33333333333333326,0.0
PCLAF,0.5965382099951694,0.5263229495397282,0.0,0.33333333333333326,0.0
PCMT1,0.46314083976675346,0.4573739919673653,0.0,0.33333333333333326,0.0
PCNX2,0.5961674945576589,1.0,1.0,1.0,0.0
PCOLCE2,0.39380491732538553,0.32776115776212933,0.0,0.33333333333333326,0.0
PCP4,0.6464256720543646,1.0,0.0,1.0,0.0
PCSK1N,0.5882010535846429,0.6285841828517862,0.0,1.0,0.0
PCSK7,0.5379475157017028,0.11514569818081948,0.0,1.0,0.0
PCSK9,0.3288975695287769,1.0,0.0,1.0,0.0
PCTP,0.38720146090174806,1.0,0.0,1.0,0.0
PCYOX1,0.42954032173432527,0.17338690965152848,0.0,1.0,0.0
PCYOX1L,0.5655626038845979,0.19953733596536777,0.0,1.0,0.0
PCYT2,0.3865943679842987,1.0,0.0,1.0,0.0
PDCD4,0.5731616534635898,0.8202663739024872,0.0,0.33333333333333326,0.0
PDE1A,0.6179226202439694,1.0,0.0,1.0,0.0
PDE2A,0.5474792270228527,0.20213788814334616,0.0,1.0,0.0
PDE3A,0.5628628603793392,1.0,1.0,1.0,0.0
PDE3B,0.5328323833981198,0.04638806420632841,0.0,1.0,0.0
PDE4B,0.4810769581492185,0.19532260920525946,0.0,0.33333333333333326,0.0
PDE4D,0.43130696936823537,0.1222665951687433,0.0,0.33333333333333326,0.0
PDE5A,0.6154398967240721,1.0,0.0,1.0,0.0
PDE7B,0.6211736612383578,1.0,1.0,1.0,0.0
PDE8B,0.47324384214420423,0.008346374828807393,0.0,0.33333333333333326,0.0
PDGFD,0.5453862392728449,0.1608871903003631,0.0,1.0,0.0
PDGFRA,0.3198957884319655,1.0,1.0,1.0,0.0
PDGFRL,0.615984243135216,0.9995155359087339,0.0,1.0,0.0
PDK1,0.5797774882418092,0.9318405548244119,0.0,1.0,0.0
PDK4,0.27973762822171233,0.7796638871744997,0.0,1.0,0.0
PDLIM3,0.6367401930332728,1.0,0.0,1.0,0.0
PDLIM4,0.6619649519255726,1.0,1.0,1.0,0.0
PDLIM5,0.5298698423853809,0.24411659770987884,0.0,1.0,0.0
PDLIM7,0.576953334247457,0.18755337493568014,1.0,1.0,0.0
PDP2,0.44651000383126394,1.0,0.0,1.0,0.0
PDPN,0.42785362707298974,1.0,0.0,1.0,0.0
PDXP,0.5301742476618211,0.05347714001545556,0.0,1.0,0.0
PDZD2,0.3668440971991164,1.0,1.0,1.0,0.0
PDZD4,0.5161933014215538,0.5306380627964559,0.0,1.0,0.0
PEAK1,0.43373110738421033,0.31450896314213245,0.0,1.0,0.0
PEAR1,0.3980430434899992,1.0,0.0,1.0,0.0
PEBP1,0.5101669228316613,0.10070381453309417,0.0,0.0,0.0
PEBP4,0.24916181402687437,1.0,1.0,1.0,0.0
PECAM1,0.43168175243843343,1.0,0.0,1.0,0.0
PEG10,0.4273960934837273,0.07158128237683002,0.0,1.0,0.0
PELI1,0.3773637679248861,0.30461638344605935,0.0,1.0,0.0
PELO,0.44843511217244675,0.2573418619508011,0.0,1.0,0.0
PENK,0.5959970847395217,1.0,0.0,1.0,0.0
PEPD,0.45135100751335816,0.36607495883355573,0.0,0.33333333333333326,0.0
PER1,0.35167728887750327,1.0,0.0,1.0,0.0
PER2,0.5695341418841652,0.613830992197416,0.0,1.0,0.0
PERP,0.5746346560556288,0.9868537639765831,1.0,1.0,0.0
PEX11B,0.515366166860326,0.11519980171658345,0.0,0.0,0.0
PFDN5,0.5427867474950662,0.08240826179054388,0.0,0.33333333333333326,0.0
PFKFB2,0.36919309252916505,1.0,1.0,1.0,0.0
PFKFB3,0.3507025270070752,1.0,0.0,0.33333333333333326,0.0
PFKP,0.5886305298432343,0.6041410723610691,1.0,1.0,0.0
PFN2,0.5873562830341975,1.0,1.0,1.0,0.0
PGAP2,0.47484328082905475,0.32187222497356305,1.0,0.33333333333333326,0.0
PGC,0.23568950720557036,1.0,1.0,1.0,0.0
PGD,0.3953925072378073,1.0,0.0,1.0,0.0
PGLS,0.523183829656829,0.1321638127283943,0.0,0.33333333333333326,0.0
PGLYRP1,0.4408961024167861,0.07081135627648225,0.0,1.0,0.0
PGM1,0.45148633304671326,0.1290154458610034,0.0,0.33333333333333326,0.0
PGM2L1,0.6215186027436037,1.0,1.0,1.0,0.0
PGM5,0.6385131382842304,1.0,0.0,1.0,0.0
PGS1,0.4222266507745043,1.0,1.0,1.0,0.0
PHACTR1,0.3929355615371208,1.0,1.0,1.0,0.0
PHACTR3,0.36189204341223397,1.0,1.0,1.0,0.0
PHACTR4,0.4886228426441281,0.20224620812143582,0.0,0.33333333333333326,0.0
PHC1,0.5288103377919985,0.2673524382390384,0.0,1.0,0.0
PHC2,0.41456690119853473,1.0,1.0,1.0,0.0
PHEX,0.4046290795741088,0.07664101401988718,0.0,1.0,0.0
PHF11,0.5309661672338717,0.09752434191975219,0.0,1.0,0.0
PHF14,0.5446242971851736,0.12849197475619614,0.0,1.0,0.0
PHLDA3,0.5757510937679913,0.40139830740045923,1.0,1.0,0.0
PHLDB3,0.6358486810409276,0.6258560531044628,0.0,1.0,0.0
PHOX2A,0.48418087814596417,0.11198780321557901,0.0,0.0,0.0
PHPT1,0.5650952725545401,0.16153744965609465,0.0,1.0,0.0
PHTF1,0.5252547782988642,0.527726226507913,0.0,1.0,0.0
PHTF2,0.567760976368996,1.0,0.0,1.0,0.0
PHYHD1,0.43133699967926126,0.6206358487313047,0.0,0.33333333333333326,0.0
PIAS3,0.5336416759021153,0.9523621203719367,1.0,0.33333333333333326,0.0
PIBF1,0.531716898106681,0.5004035763177633,0.0,1.0,0.0
PID1,0.43474730777573906,0.7087860483064478,0.0,1.0,0.0
PIEZO1,0.42008181426632496,1.0,0.0,1.0,0.0
PIEZO2,0.6449020554853644,1.0,1.0,1.0,0.0
PIGA,0.3309880632725995,1.0,0.0,1.0,0.0
PIGG,0.5132771578373649,0.09828275528758082,0.0,0.0,0.0
PIGU,0.5702140623753895,0.47111444082878917,0.0,1.0,0.0
PIH1D1,0.509052509774394,0.13236086877426373,0.0,0.0,0.0
PIH1D2,0.6232991062165011,1.0,0.0,1.0,0.0
PIK3C2A,0.4350960687427418,0.7483621887629733,1.0,1.0,0.0
PIK3CG,0.5370065668564179,0.576856966006583,0.0,1.0,0.0
PIK3R1,0.4080503202962522,0.5017872339773909,0.0,1.0,0.0
PIK3R2,0.5507435462673406,0.4021489867268139,0.0,1.0,0.0
PIM1,0.463429660478319,0.8267989812709102,1.0,0.33333333333333326,0.0
PIM2,0.699059495441294,1.0,0.0,1.0,0.0
PINK1,0.4340052752276249,0.4070115157819488,0.0,0.33333333333333326,0.0
PIP,0.7203174199412837,1.0,0.0,1.0,0.0
PIP5K1B,0.3381335071302167,1.0,1.0,1.0,0.0
PIR,0.3381103469968702,0.3830235098714296,0.0,1.0,0.0
PISD,0.4346921999300203,1.0,0.0,1.0,0.0
PITHD1,0.45315820668674744,0.5630166264389072,0.0,1.0,0.0
PITPNM1,0.5611138356273848,0.5596203277682124,1.0,1.0,0.0
PITPNM2,0.4483922399242154,1.0,0.0,1.0,0.0
PJVK,0.5400940192054006,0.10631639137599064,0.0,1.0,0.0
PKDCC,0.3859541224675128,1.0,0.0,1.0,0.0
PKHD1L1,0.35246140013284266,0.6167318485165229,1.0,1.0,0.0
PKIA,0.5527327955270019,0.1279557540184227,0.0,1.0,0.0
PKIB,0.5957820626683004,0.29684686727653675,1.0,1.0,0.0
PKM,0.5742104117397088,0.38855302405065784,0.0,1.0,0.0
PKN1,0.43685460700091955,0.9249818598535117,0.0,0.33333333333333326,0.0
PKN3,0.43180516536604924,0.7704464654206388,0.0,1.0,0.0
PKNOX2,0.40627247803420335,1.0,0.0,1.0,0.0
PKP4,0.5412387627110941,0.8444181049563433,1.0,1.0,0.0
PLA1A,0.3218195680409226,1.0,0.0,1.0,0.0
PLA2G1B,0.1953592230356805,1.0,1.0,1.0,0.0
PLA2G3,0.4037541949124573,0.24130313738586107,0.0,1.0,0.0
PLA2G4A,0.568627335588021,0.4263919409191317,1.0,1.0,0.0
PLA2G4C,0.5674923299467964,0.089386168913831,1.0,1.0,0.0
PLA2G4F,0.31731641415523576,1.0,0.0,1.0,0.0
PLA2G7,0.6850379448268515,0.40340387013656737,0.0,1.0,0.0
PLA2R1,0.5776653932023839,1.0,0.0,1.0,0.0
PLAAT3,0.39146523724541143,1.0,0.0,1.0,0.0
PLAG1,0.4010483431647567,0.4644589995318435,1.0,1.0,0.0
PLAGL1,0.45931382163196005,0.23378037918826777,0.0,1.0,0.0
PLAU,0.6124949611413957,1.0,0.0,1.0,0.0
PLAUR,0.5307483708202858,0.13136124133536448,0.0,0.33333333333333326,0.0
PLCB1,0.5681428363361435,0.8567655249597004,0.0,1.0,0.0
PLCB2,0.4424519757988906,0.18891700696210534,0.0,0.33333333333333326,0.0
PLCB4,0.610292277505603,1.0,1.0,1.0,0.0
PLCG1,0.45863684217746575,0.19342065459303925,0.0,0.33333333333333326,0.0
PLCG2,0.5363235421433484,0.2805947309066712,0.0,1.0,0.0
PLCH2,0.628093875491515,1.0,0.0,1.0,0.0
PLCXD1,0.43131105787222773,0.40145452387395286,0.0,1.0,0.0
PLCXD3,0.43055264139498,0.18137796284614005,0.0,0.33333333333333326,0.0
PLD1,0.5528228461884828,1.0,1.0,1.0,0.0
PLD2,0.5276866645365541,0.10900251185616788,0.0,1.0,0.0
PLD4,0.5047710723546457,0.4248555630831745,0.0,0.0,0.0
PLEK2,0.5590362230660619,1.0,0.0,1.0,0.0
PLEKHA4,0.6095075540332192,0.3694640895750488,0.0,1.0,0.0
PLEKHA6,0.5560454347974659,0.19625286679472617,1.0,1.0,0.0
PLEKHB1,0.577821649372878,0.17003493232045472,0.0,0.33333333333333326,0.0
PLEKHM1,0.44966987043575324,0.8792594204040467,0.0,1.0,0.0
PLEKHM3,0.4266367796203017,0.456377826282962,0.0,1.0,0.0
PLEKHO1,0.5125829209991912,0.2384172578758232,0.0,0.33333333333333326,0.0
PLEKHS1,0.7556301382884516,1.0,1.0,1.0,0.0
PLG,0.4910351640145416,0.15336404876285142,0.0,0.33333333333333326,0.0
PLGRKT,0.5540624513408064,0.11224293932095059,0.0,1.0,0.0
PLIN2,0.39256304046579255,1.0,0.0,1.0,0.0
PLIN3,0.5594771337726195,0.0147811045434183,0.0,1.0,0.0
PLIN4,0.5247539754667293,0.11126832409461636,0.0,0.33333333333333326,0.0
PLIN5,0.3702342161210415,0.44966684586341926,0.0,1.0,0.0
PLK2,0.6223278198359177,0.8763156257720203,0.0,1.0,0.0
PLK3,0.42993374425744096,0.5603997914480074,0.0,0.33333333333333326,0.0
PLLP,0.3185411844894965,1.0,1.0,1.0,0.0
PLN,0.6506854821825211,1.0,1.0,1.0,0.0
PLOD1,0.5211152475794482,0.149911475904191,0.0,0.33333333333333326,0.0
PLOD2,0.5682963476329306,0.33329301108889564,0.0,0.33333333333333326,0.0
PLOD3,0.47508559919895443,0.9135766528500266,1.0,0.33333333333333326,0.0
PLP1,0.5312897803730705,0.48825768223317556,0.0,1.0,0.0
PLPBP,0.5123396847136377,0.4985398013937412,0.0,0.0,0.0
PLPP2,0.6795964932954923,1.0,1.0,1.0,0.0
PLPP5,0.5594685880858277,0.8941135431731851,0.0,1.0,0.0
PLPPR1,0.5130242696727974,0.04189223649779384,0.0,0.33333333333333326,0.0
PLPPR3,0.54956292577963,0.09437200174429858,0.0,1.0,0.0
PLPPR4,0.7836326654554208,1.0,1.0,1.0,0.0
PLSCR1,0.499311747467164,0.14913135787107734,0.0,0.33333333333333326,0.0
PLTP,0.594070284539174,0.38366669970845446,0.0,1.0,0.0
PLVAP,0.5685742163393938,0.07850343491764077,0.0,1.0,0.0
PLXDC1,0.6646145034675844,1.0,1.0,1.0,0.0
PLXNA2,0.41328222610172183,0.45382953851963087,0.0,1.0,0.0
PLXNB1,0.5641144585613762,0.36882604808989095,1.0,1.0,0.0
PLXNB2,0.5655489141649396,0.9646414135599236,1.0,1.0,0.0
PM20D2,0.5641829959489759,1.0,1.0,1.0,0.0
PMEPA1,0.6083112462751413,1.0,1.0,1.0,0.0
PMM1,0.3866303436892491,0.9545422934265508,0.0,1.0,0.0
PNKD,0.4473075454122727,0.952148915699537,0.0,0.33333333333333326,0.0
PNMA1,0.5790252079650106,0.49894272819864877,0.0,1.0,0.0
PNMT,0.22526870019020398,1.0,1.0,1.0,0.0
PNN,0.5271909786441761,0.029387646695642023,0.0,1.0,0.0
PNOC,0.631370513914661,1.0,0.0,1.0,0.0
PNPLA3,0.5091549609482058,0.30333040562187374,0.0,0.33333333333333326,0.0
PNPLA6,0.5137850263826218,0.438013979257645,1.0,0.33333333333333326,0.0
PNPO,0.5269645047766559,0.1052462816422307,0.0,0.33333333333333326,0.0
PODNL1,0.5719550876783787,0.804029245782628,0.0,0.33333333333333326,0.0
PODXL,0.3857135821429688,0.6863233774182717,0.0,1.0,0.0
PODXL2,0.5236169611924227,0.1278556919841609,0.0,1.0,0.0
POF1B,0.5692055082905622,1.0,1.0,1.0,0.0
POGLUT2,0.5657293099338347,0.4661903462261855,0.0,1.0,0.0
POLB,0.5413756530030966,0.6145881198784867,0.0,1.0,0.0
POLDIP3,0.4928440456790303,0.07834307457706549,0.0,0.0,0.0
POLH,0.5415081458102733,1.0,0.0,1.0,0.0
POLK,0.521128215672012,0.3992675992930337,1.0,0.33333333333333326,0.0
POLM,0.5228214207354321,0.05203796463586133,0.0,1.0,0.0
POLR1H,0.506395758937001,0.3515588451086622,0.0,0.33333333333333326,0.0
POLR2C,0.4496313788330225,1.0,1.0,1.0,0.0
POLR2I,0.5212492490047796,0.05548234886025099,0.0,0.33333333333333326,0.0
POLR2L,0.5312788807583273,0.21728711108731466,0.0,0.33333333333333326,0.0
POLR3H,0.3783817877034169,1.0,0.0,1.0,0.0
PON2,0.417708490377615,0.912344215669309,1.0,1.0,0.0
POPDC1,0.46058464253837045,0.356209660870635,0.0,1.0,0.0
POR,0.44618235123221694,1.0,0.0,0.33333333333333326,0.0
POSTN,0.7310779265874677,1.0,0.0,1.0,0.0
POU2AF1,0.7565750699705099,1.0,0.0,1.0,0.0
POU3F1,0.4931054413844918,0.26837028183073036,0.0,0.33333333333333326,0.0
PPA1,0.4578207831182172,0.46072644126121265,1.0,1.0,0.0
PPARG,0.42397223568737086,0.2523587587457705,0.0,0.33333333333333326,0.0
PPARGC1B,0.3698962245715263,0.10635595388366872,0.0,1.0,0.0
PPAT,0.5407350684118194,0.09103797135150336,0.0,0.33333333333333326,0.0
PPDPF,0.5888850436437064,0.20088552480950259,0.0,0.33333333333333326,0.0
PPFIA1,0.45201501207396416,0.23162302785250516,0.0,1.0,0.0
PPFIA2,0.5736650364391566,1.0,0.0,1.0,0.0
PPFIBP1,0.41425851063134644,1.0,0.0,1.0,0.0
PPIC,0.5780805182485859,1.0,1.0,1.0,0.0
PPIL3,0.5572892567080058,0.41279755128337636,0.0,0.33333333333333326,0.0
PPIL4,0.5218031417483306,0.6609374747000988,0.0,0.33333333333333326,0.0
PPIL6,0.6176469495760348,1.0,0.0,1.0,0.0
PPIP5K1,0.5510079775466561,0.9597970747444329,1.0,1.0,0.0
PPIP5K2,0.5261063591566398,0.28531313927474217,0.0,1.0,0.0
PPL,0.4162756284573313,0.7474188598793261,0.0,1.0,0.0
PPM1A,0.4502805658498872,0.17117860559640277,0.0,1.0,0.0
PPM1H,0.544991801195355,0.7298065581849916,1.0,1.0,0.0
PPM1L,0.4529213418530057,0.3224937998113457,0.0,1.0,0.0
PPM1M,0.51136331903603,0.20821790043140015,0.0,0.33333333333333326,0.0
PPOX,0.5798218703615237,0.7827175635913977,0.0,1.0,0.0
PPP1CB,0.4282747730420469,0.09083303975739485,0.0,1.0,0.0
PPP1R12B,0.6004690220277916,1.0,1.0,1.0,0.0
PPP1R14A,0.3850122968104955,1.0,0.0,1.0,0.0
PPP1R15A,0.4005470674104303,0.692060114830975,0.0,1.0,0.0
PPP1R15B,0.4387781202250698,0.18854922041291217,0.0,0.33333333333333326,0.0
PPP1R9A,0.4266599477823166,0.5037302178655331,0.0,1.0,0.0
PPP1R9B,0.5402124426134938,0.15683208338036345,0.0,0.33333333333333326,0.0
PPP2CB,0.4440890198869746,0.8254261396008844,0.0,1.0,0.0
PPP2R2B,0.5832622113497954,1.0,1.0,1.0,0.0
PPP2R3B,0.5751004814817845,0.3497372762287517,0.0,1.0,0.0
PPP2R5A,0.42209378048703394,0.9933980353174684,0.0,1.0,0.0
PPP2R5D,0.5037985862158239,0.11449983786526727,0.0,0.0,0.0
PPP4R4,0.4210576304181754,0.9335761554129592,0.0,1.0,0.0
PRAG1,0.5740945678348315,0.4622080514301942,0.0,1.0,0.0
PRC1,0.554058373842561,0.29780503842552736,0.0,0.33333333333333326,0.0
PRCP,0.5506455964750866,0.30878111432312166,1.0,1.0,0.0
PRDM2,0.49200564557260595,0.1415989906185995,0.0,0.0,0.0
PRDM6,0.5712600646112626,0.6103395635911241,0.0,1.0,0.0
PRDX4,0.5565571026742683,0.039703159012658265,1.0,1.0,0.0
PRDX6,0.414342283282446,0.9000798735287731,1.0,1.0,0.0
PRELP,0.3532776910404819,0.7751620239056904,0.0,1.0,0.0
PREX1,0.35249507598234336,1.0,0.0,1.0,0.0
PRIM2,0.547450716299759,0.6312478854798477,0.0,1.0,0.0
PRKAA2,0.6159260798038642,1.0,0.0,1.0,0.0
PRKACB,0.596112951849203,1.0,1.0,1.0,0.0
PRKAR2B,0.4497260463884246,0.12775598116045442,1.0,1.0,0.0
PRKCA,0.46707408648209114,0.2976807026356283,0.0,1.0,0.0
PRKCD,0.4342648974375488,0.6509993967826317,0.0,0.33333333333333326,0.0
PRKCE,0.3674406014420254,1.0,0.0,1.0,0.0
PRKCH,0.4451486580958352,1.0,1.0,1.0,0.0
PRKCQ,0.4387216426730202,0.971264500636146,0.0,1.0,0.0
PRKCZ,0.4081761228512148,1.0,1.0,1.0,0.0
PRKD1,0.41251927331144733,1.0,0.0,1.0,0.0
PRKD2,0.5067282982665905,0.17947868716391852,0.0,0.33333333333333326,0.0
PRM1,0.4702542532065942,0.043737941965908446,0.0,1.0,0.0
PRMT5,0.4649424698849979,0.1649556169998152,0.0,0.33333333333333326,0.0
PRMT6,0.5609780538493516,0.13346610493661107,1.0,1.0,0.0
PRMT8,0.5398925092521917,1.0,0.0,1.0,0.0
PROK2,0.17989785195748265,1.0,0.0,1.0,0.0
PROM1,0.7643396259093823,1.0,0.0,1.0,0.0
PROM2,0.6369429768880271,1.0,0.0,1.0,0.0
PROSER2,0.38610727507624737,0.5871128679727937,0.0,1.0,0.0
PRPS1,0.536445810140723,0.10562646278157364,0.0,1.0,0.0
PRPS2,0.5597619501369439,0.1270300004243944,0.0,1.0,0.0
PRPSAP1,0.4510162969057251,0.13438041190509586,0.0,0.33333333333333326,0.0
PRR12,0.5163984525175558,0.022473186828239372,0.0,0.0,0.0
PRR15,0.6294124692190426,1.0,1.0,1.0,0.0
PRR15L,0.3548926783932002,0.7560399278762573,0.0,0.33333333333333326,0.0
PRR16,0.4035136211785414,1.0,1.0,1.0,0.0
PRR5L,0.5500609949398878,0.6189860487228671,1.0,1.0,0.0
PRRC1,0.5386972864808788,0.039107284598965515,0.0,1.0,0.0
PRRC2A,0.5330395213274516,0.16456597144635265,0.0,1.0,0.0
PRRG4,0.43433052412734097,0.4937434124802491,0.0,1.0,0.0
PRRT3,0.5633021945418579,0.15453968116960684,0.0,1.0,0.0
PRRX1,0.585613774029686,1.0,0.0,1.0,0.0
PRSS1,0.5309185525005959,0.26796746160757096,0.0,1.0,0.0
PRSS12,0.6958079499935338,1.0,1.0,1.0,0.0
PRSS2,0.6398372491799803,0.9925497978194803,1.0,1.0,0.0
PRSS22,0.5551730647652537,0.646076107961077,0.0,1.0,0.0
PRSS23,0.5445184463142237,0.12459488890873877,0.0,1.0,0.0
PRSS8,0.4290380455389238,0.4373754641271187,0.0,1.0,0.0
PRTFDC1,0.6412325778990384,1.0,1.0,1.0,0.0
PRTG,0.44264592943953174,1.0,0.0,1.0,0.0
PRUNE2,0.634794978929594,1.0,0.0,1.0,0.0
PRX,0.2950503633585434,1.0,1.0,1.0,0.0
PSCA,0.6287227643473952,0.30924350017760716,1.0,1.0,0.0
PSD3,0.6730744905661097,1.0,1.0,1.0,0.0
PSENEN,0.5383581356998364,0.4559800255103779,0.0,1.0,0.0
PSIP1,0.5200206615619952,0.3874723650707457,0.0,1.0,0.0
PSMA3,0.44704954415532455,0.5605388026290967,1.0,1.0,0.0
PSMA6,0.447092177718313,0.9762080547986733,0.0,1.0,0.0
PSMA7,0.4489956751420034,0.6528843180245488,0.0,1.0,0.0
PSMB10,0.5406603183902023,0.025953047953219895,0.0,0.33333333333333326,0.0
PSMB6,0.46714925802740165,0.24299979489656348,0.0,0.33333333333333326,0.0
PSMC5,0.4445505381675956,1.0,0.0,0.33333333333333326,0.0
PSMD10,0.5401955466495777,0.196773300517153,1.0,1.0,0.0
PSMD12,0.4603277869377108,0.0552410181132894,0.0,0.0,0.0
PSMD13,0.4563787000589873,0.6594327427778275,0.0,1.0,0.0
PSMD6,0.46160638380045244,0.6268510633387715,0.0,1.0,0.0
PTCD2,0.5611911761406756,0.4597794356903486,0.0,1.0,0.0
PTDSS1,0.4648588249877422,0.20359633795849155,0.0,0.33333333333333326,0.0
PTGDS,0.6167346608861148,1.0,1.0,1.0,0.0
PTGER4,0.5646431227189624,0.23250358530476561,0.0,1.0,0.0
PTGES,0.539500427227672,0.5453876272222586,0.0,1.0,0.0
PTGFRN,0.6524453879721496,1.0,1.0,1.0,0.0
PTGS1,0.5570093660881787,0.4233556117207814,0.0,1.0,0.0
PTGS2,0.5240195131804158,0.22961726787467698,1.0,0.33333333333333326,0.0
PTH1R,0.3729014471977695,1.0,0.0,1.0,0.0
PTHLH,0.5693763436328864,1.0,0.0,1.0,0.0
PTK2B,0.4554903380038744,1.0,0.0,0.33333333333333326,0.0
PTK7,0.552297111966097,1.0,1.0,1.0,0.0
PTPA,0.5454402741105896,0.4183699430484795,0.0,1.0,0.0
PTPMT1,0.5048039310565584,0.15605863915584323,0.0,0.0,0.0
PTPN11,0.4515062821697258,0.11231577350487137,0.0,1.0,0.0
PTPN12,0.4319472455529342,1.0,1.0,1.0,0.0
PTPN18,0.4523538141713628,0.3935874899770682,0.0,0.33333333333333326,0.0
PTPN20,0.5287530085030262,0.9926294517500237,0.0,0.33333333333333326,0.0
PTPN21,0.3956248415054884,0.7200966191586643,0.0,1.0,0.0
PTPRB,0.2939694788603039,1.0,1.0,1.0,0.0
PTPRG,0.33877724205951937,1.0,1.0,1.0,0.0
PTPRM,0.37229803641423553,1.0,1.0,1.0,0.0
PTPRN2,0.5803431643544569,1.0,0.0,1.0,0.0
PTPRS,0.4023295631481181,0.8172630946864178,0.0,1.0,0.0
PTPRT,0.6625319328916982,1.0,0.0,1.0,0.0
PTPRZ1,0.6699764292405105,0.8152648226525052,0.0,1.0,0.0
PTRHD1,0.5208458167468881,0.06205380015979621,0.0,0.33333333333333326,0.0
PTX3,0.17819278955909462,0.5113687178745286,0.0,0.33333333333333326,0.0
PUS10,0.5388267833653493,0.3090486511800658,0.0,1.0,0.0
PUS7,0.4903602611102503,0.06890193379416709,0.0,0.33333333333333326,0.0
PVR,0.41800426085276826,1.0,0.0,1.0,0.0
PXDC1,0.4332982917925865,1.0,0.0,1.0,0.0
PXDNL,0.5373676940994211,0.414367151431522,0.0,1.0,0.0
PXMP4,0.42864158878895836,0.3584562649737539,0.0,0.33333333333333326,0.0
PYGO1,0.5264775910030806,0.6770354781162349,0.0,0.33333333333333326,0.0
PYROXD2,0.5845141063808603,0.9595354297838046,0.0,1.0,0.0
PZP,0.603960853530044,1.0,0.0,1.0,0.0
QDPR,0.41627524732340015,1.0,0.0,0.33333333333333326,0.0
QKI,0.4063463624424191,1.0,0.0,1.0,0.0
QSER1,0.557614253346357,0.8438381739691535,0.0,1.0,0.0
R3HDM1,0.5366935774396623,0.12795184181839028,0.0,1.0,0.0
RAB11FIP1,0.42459797867291516,1.0,0.0,1.0,0.0
RAB17,0.3932854278035281,1.0,0.0,1.0,0.0
RAB1B,0.5064772322769147,0.07952985864541155,0.0,0.0,0.0
RAB20,0.42923789348947833,0.9829393819118275,0.0,1.0,0.0
RAB23,0.5828247117185202,1.0,1.0,1.0,0.0
RAB27B,0.592872322548803,0.6846492809622055,0.0,1.0,0.0
RAB30,0.5860572309779053,1.0,1.0,1.0,0.0
RAB34,0.5684204210065287,0.3944369442291813,0.0,1.0,0.0
RAB36,0.5819697172392366,1.0,0.0,1.0,0.0
RAB37,0.5834613670529238,0.09544771136875099,0.0,1.0,0.0
RAB3C,0.5707649797992114,1.0,0.0,0.33333333333333326,0.0
RAB3D,0.4385811688243239,0.3933435372202994,0.0,1.0,0.0
RAB5A,0.46024433384933594,0.17758718539376098,0.0,1.0,0.0
RAB7A,0.5019262360373177,0.07094846497365509,0.0,0.33333333333333326,0.0
RAB7B,0.68080172212573,0.35639635952415993,0.0,1.0,0.0
RAB9B,0.5481148572363909,1.0,0.0,1.0,0.0
RABEP2,0.5332360932218607,0.15779635894196303,0.0,1.0,0.0
RABGAP1L,0.5239693116761515,0.29342037407678295,0.0,1.0,0.0
RABGGTA,0.5073538961879996,0.06995493632970702,0.0,0.0,0.0
RABL2A,0.6216005251300181,1.0,0.0,1.0,0.0
RAC1,0.5026403639074736,0.15645462447766229,0.0,0.33333333333333326,0.0
RACGAP1,0.44206992449311516,0.0745545988744884,0.0,1.0,0.0
RAD21,0.43589331153827987,0.8498024223530342,0.0,1.0,0.0
RAI1,0.539618973234152,0.42081582436793935,0.0,1.0,0.0
RAI14,0.5408545717214952,0.461757489565321,1.0,1.0,0.0
RALA,0.43411289915942164,0.424518601521943,0.0,0.33333333333333326,0.0
RALGAPA1,0.4927262157710765,0.06886566149603403,0.0,0.33333333333333326,0.0
RALGAPA2,0.4232347155101901,1.0,1.0,1.0,0.0
RALGPS2,0.5768423711319065,1.0,0.0,1.0,0.0
RALY,0.5180393707347366,0.3681786539552164,0.0,0.0,0.0
RAMAC,0.45573381398898327,0.5972153266054271,0.0,1.0,0.0
RAMP1,0.6166953376015406,0.4552338003638506,0.0,1.0,0.0
RAMP2,0.50213897592654,0.10653323164063408,0.0,0.33333333333333326,0.0
RAMP3,0.3877334722689375,0.30599938726905457,0.0,0.33333333333333326,0.0
RANBP3L,0.4509715785361946,0.06320838987890194,0.0,1.0,0.0
RAP1GAP,0.46422640152040445,0.3666668224326585,0.0,1.0,0.0
RAPGEF1,0.4753620585882891,0.11205275204565161,0.0,0.33333333333333326,0.0
RAPGEF2,0.4344993418639787,0.14981916437718854,0.0,1.0,0.0
RAPGEF3,0.44305686677221773,0.6889909693515258,0.0,1.0,0.0
RAPGEF4,0.4203959142954742,1.0,0.0,1.0,0.0
RAPGEF5,0.3523448444508728,1.0,1.0,1.0,0.0
RAPH1,0.4168800536471707,0.8114806604719473,1.0,1.0,0.0
RASA3,0.5112552444355737,0.07550993922237537,0.0,1.0,0.0
RASD1,0.3449000111188602,0.9220759092065343,0.0,1.0,0.0
RASD2,0.5247796124399834,0.39065301008564396,0.0,1.0,0.0
RASGRP1,0.6697394447164082,1.0,0.0,1.0,0.0
RASGRP2,0.42013298265705573,1.0,0.0,1.0,0.0
RASGRP3,0.5741829207843444,0.7235498956576497,0.0,1.0,0.0
RASGRP4,0.44074026424782864,1.0,0.0,1.0,0.0
RASIP1,0.41999804911073707,1.0,0.0,1.0,0.0
RASL11B,0.5674870590964819,0.10877958173034077,0.0,1.0,0.0
RASSF6,0.6359740288719166,1.0,0.0,1.0,0.0
RASSF8,0.43409898255424495,0.9349859851820067,0.0,1.0,0.0
RASSF9,0.6467260901021188,1.0,0.0,1.0,0.0
RAVER1,0.5381158846484496,0.16879889678942486,0.0,1.0,0.0
RAVER2,0.5796681993969884,0.5030387130139935,0.0,1.0,0.0
RBBP8,0.5336901948847111,0.20867189291037577,0.0,0.33333333333333326,0.0
RBBP9,0.5330832967314489,0.13530522359025546,0.0,0.33333333333333326,0.0
RBKS,0.562372860798259,1.0,0.0,1.0,0.0
RBM17,0.4329495478437031,0.14404225229959292,0.0,1.0,0.0
RBM24,0.5410861730974844,1.0,0.0,1.0,0.0
RBM26,0.5411940884903582,0.1582481995403315,0.0,0.33333333333333326,0.0
RBM33,0.4511364962273617,0.18657897319505123,0.0,1.0,0.0
RBM38,0.5578362996128744,0.3986896304533973,0.0,1.0,0.0
RBM41,0.5536036180118821,0.5308088754709314,0.0,0.33333333333333326,0.0
RBM43,0.6155253456235779,0.7106102940613349,0.0,1.0,0.0
RBMS2,0.43960973394818775,1.0,0.0,1.0,0.0
RBP1,0.5579285874629044,0.4247678513114062,0.0,1.0,0.0
RBP2,0.4275735989969313,0.27942960368246655,0.0,1.0,0.0
RBP5,0.5810696391368682,0.9989161794948475,0.0,1.0,0.0
RBPJ,0.547624206771201,0.11702069032885824,0.0,1.0,0.0
RCAN2,0.5894440103057731,1.0,1.0,1.0,0.0
RCAN3,0.5679484368038216,1.0,1.0,1.0,0.0
RCBTB2,0.5527501001036026,0.3988543738845731,1.0,1.0,0.0
RCC1L,0.5005513935585407,0.02525261245379996,0.0,0.0,0.0
RCC2,0.537817224244082,0.24551224617458706,0.0,1.0,0.0
RCHY1,0.45266673557694687,0.11164262828600083,0.0,1.0,0.0
RCL1,0.44237695239081365,1.0,0.0,1.0,0.0
RCN1,0.5407738976372869,0.03834038359844486,0.0,0.33333333333333326,0.0
RDH10,0.5170434216938931,0.16009737424066256,0.0,0.33333333333333326,0.0
RDH13,0.5086683079336596,0.2250033335124455,0.0,0.0,0.0
RDX,0.44335887756811315,0.17049942666425305,0.0,1.0,0.0
REC8,0.533650100866844,0.21025924673724483,0.0,1.0,0.0
RECK,0.4375729970788637,0.49092536587257185,0.0,1.0,0.0
REEP1,0.5829444185051172,1.0,1.0,1.0,0.0
REEP5,0.49472699255925096,0.036466061517593254,0.0,0.0,0.0
RELN,0.5382988554341225,0.22484185557195263,0.0,0.33333333333333326,0.0
REM1,0.5277923454512593,0.7908963794869511,0.0,1.0,0.0
RENBP,0.4219133109417953,1.0,0.0,0.33333333333333326,0.0
REPS2,0.3741192187716807,1.0,1.0,1.0,0.0
RERG,0.5750582164078044,0.4195911186723296,0.0,1.0,0.0
RETREG3,0.5151486485636461,0.06799637503611099,0.0,0.0,0.0
RETSAT,0.4409093156710034,0.2546591984779849,0.0,0.33333333333333326,0.0
REV3L,0.4875329458257239,0.054850661093517966,0.0,0.0,0.0
RFK,0.5573466351352744,0.533246001185233,0.0,1.0,0.0
RFLNB,0.3979333979001912,1.0,0.0,1.0,0.0
RFX2,0.5828060910732635,0.8009767327253886,0.0,1.0,0.0
RFX5,0.5603930534006969,0.9924016123520676,1.0,1.0,0.0
RFX7,0.5446929885568661,0.11707021601475401,0.0,1.0,0.0
RGCC,0.3736186044291117,1.0,0.0,1.0,0.0
RGL2,0.49285206630278233,0.17134980680156142,0.0,0.0,0.0
RGL3,0.4321418336105878,0.22064909154750892,0.0,0.33333333333333326,0.0
RGN,0.38091250220957296,0.5553498964538767,0.0,1.0,0.0
RGS1,0.659828368523163,0.426625804120685,0.0,0.33333333333333326,0.0
RGS10,0.5756112165958217,0.5700494907121533,1.0,1.0,0.0
RGS13,0.645876636707575,1.0,1.0,1.0,0.0
RGS16,0.3871702060988239,0.5337550608632958,0.0,0.33333333333333326,0.0
RGS17,0.5628098910263408,0.205788041732,0.0,1.0,0.0
RGS2,0.3539953898653411,0.4095167868974652,0.0,0.33333333333333326,0.0
RGS22,0.6659738564573727,1.0,0.0,1.0,0.0
RGS4,0.583506966969898,0.37679471336795767,1.0,1.0,0.0
RGS5,0.6601209250637207,1.0,1.0,1.0,0.0
RHBDL2,0.6143302311283756,1.0,0.0,1.0,0.0
RHEB,0.4562841289637019,0.6437547163328073,0.0,1.0,0.0
RHNO1,0.5392417882384725,0.07528786273162563,1.0,1.0,0.0
RHOBTB1,0.4796867276497514,0.08897296828665331,0.0,0.33333333333333326,0.0
RHOBTB2,0.3481274531146352,1.0,0.0,1.0,0.0
RHOBTB3,0.45339169572787913,0.38407228518752806,0.0,1.0,0.0
RHOF,0.4389101204556672,0.22539247519412106,0.0,1.0,0.0
RHOH,0.5952580631964366,0.7079381749658645,0.0,0.33333333333333326,0.0
RHOT1,0.4669755659898708,0.4017132730120697,0.0,0.33333333333333326,0.0
RHOV,0.6249808269211131,0.9773721808841911,1.0,1.0,0.0
RHPN2,0.5393889407841083,0.7655985288932776,0.0,1.0,0.0
RIBC2,0.5825181488411038,1.0,0.0,1.0,0.0
RIDA,0.3806624261548924,1.0,1.0,1.0,0.0
RIIAD1,0.5875132752326245,1.0,0.0,1.0,0.0
RILPL2,0.4177156750098759,1.0,1.0,1.0,0.0
RIMKLA,0.4029776187165747,1.0,1.0,1.0,0.0
RIN2,0.41519857423173506,1.0,0.0,1.0,0.0
RIPK4,0.5473998403346245,0.4105711736115742,1.0,1.0,0.0
RIPOR1,0.42793068058895256,1.0,0.0,1.0,0.0
RIPOR2,0.3433037090914691,1.0,0.0,1.0,0.0
RIPOR3,0.4027218930925971,1.0,0.0,1.0,0.0
RMC1,0.43865160812950876,1.0,1.0,1.0,0.0
RMDN3,0.48287464915525535,0.9726289084451576,1.0,0.33333333333333326,0.0
RNASE2,0.2709508044769568,1.0,1.0,1.0,0.0
RNASE3,0.41212671856835964,0.6041071124813343,0.0,1.0,0.0
RNASE4,0.443671824352261,0.15616781829120763,0.0,1.0,0.0
RND3,0.49473366333315466,0.21364272731352865,0.0,0.33333333333333326,0.0
RNF112,0.4139978309211896,0.06872019239424218,0.0,1.0,0.0
RNF122,0.5071196361452474,0.18902233039129018,0.0,0.33333333333333326,0.0
RNF123,0.513481320511876,0.07301428266571551,0.0,0.0,0.0
RNF128,0.39888963066180316,0.3478384486956191,0.0,1.0,0.0
RNF141,0.4577387470231107,0.5796461014220904,0.0,1.0,0.0
RNF144B,0.3855208090148513,1.0,0.0,1.0,0.0
RNF145,0.4501337524865154,0.42407811728992695,1.0,1.0,0.0
RNF148,0.4505053476298924,0.1478171133817725,1.0,1.0,0.0
RNF150,0.5969461304012772,1.0,1.0,1.0,0.0
RNF180,0.5685677206468261,0.3434014763913809,0.0,0.33333333333333326,0.0
RNF182,0.3259785940583433,1.0,0.0,1.0,0.0
RNF185,0.46169796244617667,0.2168184764040495,0.0,1.0,0.0
RNF207,0.5638021524630199,1.0,0.0,1.0,0.0
RNF216,0.5402728369977606,0.05569882909217521,0.0,1.0,0.0
RNF217,0.46878665323068713,0.0319600235741353,0.0,1.0,0.0
RNF26,0.5147558462400164,0.1744490066456835,0.0,0.0,0.0
RNH1,0.4391383884158939,1.0,0.0,0.33333333333333326,0.0
RNPEPL1,0.4910153251683449,0.5224749246311925,1.0,0.33333333333333326,0.0
ROBO1,0.6444046856485359,1.0,1.0,1.0,0.0
ROBO2,0.6837229563683086,1.0,1.0,1.0,0.0
ROBO4,0.38676009662145927,1.0,0.0,1.0,0.0
ROCK2,0.44173768180662076,0.16683588857077247,1.0,1.0,0.0
ROGDI,0.5787468825298951,0.7539393736385931,0.0,1.0,0.0
ROR1,0.4186907586067006,1.0,1.0,1.0,0.0
ROR2,0.568483463220145,0.2867738462624206,1.0,1.0,0.0
RPAP2,0.523750070926881,0.01016747173482778,0.0,1.0,0.0
RPAP3,0.5512003103449132,0.4296152156617481,0.0,1.0,0.0
RPE,0.5529236023001469,0.5955433132346794,0.0,1.0,0.0
RPGR,0.4004720043518502,0.4044682886902453,1.0,1.0,0.0
RPGRIP1L,0.6208878037590747,1.0,1.0,1.0,0.0
RPL10,0.463175954832893,0.4464488523518633,0.0,0.33333333333333326,0.0
RPL13,0.4647474021887764,0.25039515676748053,0.0,1.0,0.0
RPL37A,0.4735083129709714,0.021813083543916468,0.0,1.0,0.0
RPLP0,0.45898140736407306,0.34568790035329905,1.0,1.0,0.0
RPLP2,0.46865030622365034,0.07698728025966052,0.0,1.0,0.0
RPRD2,0.5533999159782406,0.23810412932391942,0.0,1.0,0.0
RPS25,0.47266745452216136,0.2658431912157644,0.0,0.33333333333333326,0.0
RPS27L,0.5685677945940503,0.6124068271313046,1.0,1.0,0.0
RPS28,0.4800309721807593,0.12787978002580602,1.0,0.33333333333333326,0.0
RPS6KA1,0.4385398787764098,1.0,0.0,0.33333333333333326,0.0
RPS6KA2,0.3500115695096147,1.0,1.0,1.0,0.0
RPS6KA5,0.5649226036509936,0.6158695460885686,0.0,1.0,0.0
RPS6KA6,0.5644505440060361,1.0,0.0,1.0,0.0
RRAD,0.5627277051084275,0.36933869883308745,0.0,1.0,0.0
RRAGC,0.46636390643497555,0.3705273159400522,0.0,1.0,0.0
RRAS,0.4013315831472273,1.0,0.0,1.0,0.0
RRBP1,0.5598728168546366,0.5436582550585648,1.0,1.0,0.0
RRM1,0.5298788635842357,0.0890686438736978,0.0,0.33333333333333326,0.0
RRM2,0.5908280453384853,0.5026934907911988,0.0,1.0,0.0
RRM2B,0.5656549321944955,0.9684514258071378,1.0,1.0,0.0
RRN3,0.5010791468184632,0.16815733795172086,0.0,0.33333333333333326,0.0
RRP9,0.4362511596778188,1.0,0.0,1.0,0.0
RS1,0.37375301838403235,0.3229053286979703,0.0,1.0,0.0
RSAD1,0.49884278628720136,0.41793071212613364,0.0,0.0,0.0
RSF1,0.50777539352272,0.020720883194560055,0.0,0.0,0.0
RSL24D1,0.4891617436820824,0.09861247623174,0.0,0.0,0.0
RSPH1,0.7619865450280321,1.0,0.0,1.0,0.0
RSPH14,0.5852046483932561,0.7516451402288129,0.0,1.0,0.0
RSPH3,0.6086046151844402,0.998174122137095,0.0,0.33333333333333326,0.0
RSPH9,0.5892508828598451,1.0,0.0,1.0,0.0
RSPO3,0.5520565521148417,0.3022768711598388,0.0,0.33333333333333326,0.0
RSRP1,0.572427534511656,0.5379019193191783,0.0,1.0,0.0
RTKN2,0.2585362316184217,0.7022439010078932,0.0,1.0,0.0
RTP4,0.6087456611529298,0.3929180672424647,0.0,1.0,0.0
RUBCNL,0.5826986556908804,0.5793025536412412,0.0,0.33333333333333326,0.0
RUNX1,0.5924075157563015,0.9722839569106211,0.0,1.0,0.0
RUNX1T1,0.4922537929882431,0.7636322835250354,0.0,0.33333333333333326,0.0
RUNX2,0.5514916722563324,1.0,0.0,1.0,0.0
RUSC2,0.4499223521620071,0.3552817105665739,0.0,1.0,0.0
RWDD2B,0.5280052525064922,0.10965294649007659,0.0,0.33333333333333326,0.0
RXFP1,0.35263210441253756,1.0,1.0,1.0,0.0
RYBP,0.425829437335481,0.9435820175286805,1.0,1.0,0.0
RYR1,0.6087538022018185,0.3460320544621092,0.0,1.0,0.0
RYR3,0.5561790164242808,1.0,1.0,1.0,0.0
S100A12,0.09891902912205429,1.0,1.0,1.0,0.0
S100A13,0.5454873631100404,0.1264304785832209,0.0,1.0,0.0
S100A14,0.41174108072748755,0.6253661544973687,0.0,1.0,0.0
S100A2,0.8114785602771012,1.0,1.0,1.0,0.0
S100A4,0.4250924291505918,0.5705070351459457,0.0,0.33333333333333326,0.0
S100A6,0.48840819912297845,0.5470707925149086,0.0,0.33333333333333326,0.0
S100A8,0.2567713715805985,1.0,1.0,1.0,0.0
S100A9,0.3119556500797676,1.0,1.0,1.0,0.0
S100B,0.5672702175225385,0.18865939238506563,0.0,1.0,0.0
S100Z,0.49366386509068466,0.20208239067855857,0.0,0.0,0.0
S1PR1,0.3330664889027267,1.0,1.0,1.0,0.0
S1PR2,0.45544515024280047,0.13916417069759046,0.0,0.33333333333333326,0.0
SACK1A,0.5361307979946155,0.9279544580780612,0.0,1.0,0.0
SACK1B,0.6051005376003586,1.0,0.0,1.0,0.0
SACK1D,0.691743104828526,1.0,0.0,1.0,0.0
SACK1H,0.4634578479443937,0.1663647057588499,0.0,0.33333333333333326,0.0
SACM1L,0.44563889863282147,0.31082280865949463,0.0,1.0,0.0
SACS,0.5713568527316685,0.8709901333780298,0.0,1.0,0.0
SALL4,0.5753954976892135,0.729968604751864,0.0,1.0,0.0
SAMD15,0.5528517538245309,1.0,0.0,0.33333333333333326,0.0
SAMD3,0.5546177455855094,0.11570166557277768,1.0,1.0,0.0
SAMD4A,0.5117022524815722,0.015205742919096444,0.0,0.33333333333333326,0.0
SAMD5,0.4307484623106482,1.0,0.0,1.0,0.0
SAMHD1,0.46468087151337256,0.14082568466109052,0.0,0.33333333333333326,0.0
SAMSN1,0.3725181625557788,0.07217846874578182,0.0,0.33333333333333326,0.0
SANBR,0.5985223185317009,1.0,1.0,1.0,0.0
SAP30,0.36590577325570545,0.06361599377737545,0.0,1.0,0.0
SARS2,0.5041902059884891,0.05937818310480664,0.0,0.0,0.0
SASH1,0.3682023709530803,1.0,1.0,1.0,0.0
SAXO2,0.6682185132576896,1.0,0.0,1.0,0.0
SAXO6,0.5918531910582109,1.0,0.0,1.0,0.0
SBDS,0.4393506648532259,1.0,0.0,1.0,0.0
SBNO2,0.4970563863913951,0.8729820513006533,0.0,0.33333333333333326,0.0
SC5D,0.41674182350690975,0.8207638092763536,1.0,1.0,0.0
SCAF1,0.5286651167682641,0.05287385107544974,0.0,1.0,0.0
SCAF11,0.5413243335592601,0.10227097107998614,0.0,1.0,0.0
SCAMP4,0.5522277135815201,0.19591180177249568,0.0,1.0,0.0
SCAP,0.5117114003295078,0.1543669759415626,0.0,0.0,0.0
SCARA3,0.6200056246969461,1.0,1.0,1.0,0.0
SCARB1,0.5317806057042888,0.05449480564330094,0.0,0.33333333333333326,0.0
SCARF2,0.5038555548440261,0.30057856509071407,0.0,0.33333333333333326,0.0
SCCPDH,0.5800811051540642,0.7852098620221488,0.0,1.0,0.0
SCD5,0.5694929364227341,0.7233499181294052,0.0,1.0,0.0
SCEL,0.36092145661281044,0.4161312158337623,1.0,1.0,0.0
SCG2,0.5942539490069426,0.8557807798867533,0.0,1.0,0.0
SCG5,0.7085903306883067,1.0,1.0,1.0,0.0
SCGB3A2,0.667192214100887,0.6825583119991451,0.0,1.0,0.0
SCIN,0.43177761379700047,0.20402093637585447,0.0,0.33333333333333326,0.0
SCML1,0.45328539018159447,0.13124242438883607,1.0,1.0,0.0
SCN1A,0.3758645019628253,1.0,0.0,1.0,0.0
SCN3A,0.5383742693302352,0.7453366088180579,0.0,1.0,0.0
SCN4B,0.6119152416227662,0.45623402763802096,1.0,1.0,0.0
SCN7A,0.31307852943583564,0.9641827529072907,1.0,1.0,0.0
SCNN1A,0.3725296802720598,1.0,0.0,1.0,0.0
SCP2,0.5288326807770433,0.07507253314927309,0.0,1.0,0.0
SCPEP1,0.5536596611014117,0.398408723577643,0.0,1.0,0.0
SCRG1,0.6663973627377937,0.1032599984791877,0.0,1.0,0.0
SCRN1,0.5449209424443513,0.2002628928770818,0.0,1.0,0.0
SCUBE2,0.5634078678766471,0.2667972233467549,1.0,1.0,0.0
SDAD1,0.5193622043361591,0.06821842448176282,0.0,1.0,0.0
SDC1,0.6040557961940258,0.8953436891322382,1.0,1.0,0.0
SDC2,0.5507615241194824,0.4263523389556908,0.0,1.0,0.0
SDC3,0.5517679464241277,0.4738895818798157,1.0,1.0,0.0
SDCCAG8,0.4343857855515702,0.29436205843629265,0.0,1.0,0.0
SDE2,0.411060435144346,1.0,0.0,1.0,0.0
SDHB,0.44391449386677573,1.0,0.0,1.0,0.0
SDK2,0.5687643033138767,0.8310519393841409,1.0,1.0,0.0
SDR16C5,0.2383355897567685,1.0,1.0,1.0,0.0
SDSL,0.6054491264434035,0.20810763235331398,0.0,1.0,0.0
SEBOX,0.514498158131438,0.18823930154918403,0.0,0.0,0.0
SEC11C,0.5729092389890721,0.4461774512016032,0.0,1.0,0.0
SEC14L1,0.40307076122446056,1.0,0.0,1.0,0.0
SEC14L3,0.5536208011014477,0.8362549939739458,0.0,1.0,0.0
SEC14L4,0.3169771953580291,1.0,0.0,1.0,0.0
SEC23A,0.5265482061209813,0.05541285902760705,0.0,1.0,0.0
SEC24D,0.548683870080923,0.09905280876676367,0.0,0.33333333333333326,0.0
SEC31A,0.5456971799967988,0.13875348734935486,0.0,1.0,0.0
SECISBP2,0.4313255508925455,0.07334835376098536,0.0,1.0,0.0
SECISBP2L,0.41852890882551713,0.438886902470471,0.0,1.0,0.0
SEL1L3,0.6203869507102718,1.0,1.0,1.0,0.0
SELE,0.6809785614885779,0.10518035097303745,0.0,0.33333333333333326,0.0
SELENBP1,0.4051594869262497,0.2778375551414213,0.0,1.0,0.0
SELENOH,0.522905421366555,0.1095574822372173,0.0,1.0,0.0
SELENOK,0.4524247124245758,0.18477245055486072,0.0,0.33333333333333326,0.0
SELENOM,0.5784616535881925,0.5461375027950343,0.0,0.33333333333333326,0.0
SELENOP,0.44425129285378434,0.06796579692538708,0.0,1.0,0.0
SELENOW,0.5830262355908006,1.0,1.0,1.0,0.0
SELL,0.34021283133480623,0.26151570266778584,0.0,0.33333333333333326,0.0
SELP,0.590203337898335,0.566263473080928,0.0,1.0,0.0
SELPLG,0.44072725433830473,0.5492646134806067,0.0,1.0,0.0
SEMA3A,0.5738825368601892,0.4512444573723002,1.0,1.0,0.0
SEMA3B,0.4153671377741319,0.970751233735478,0.0,1.0,0.0
SEMA3C,0.6011615776567251,1.0,1.0,1.0,0.0
SEMA3D,0.6069701593622014,1.0,1.0,1.0,0.0
SEMA3F,0.44020389686340355,1.0,0.0,1.0,0.0
SEMA4C,0.5137982801323361,0.020669239090612416,0.0,0.33333333333333326,0.0
SEMA5A,0.4355114211475679,0.3785800061939107,0.0,0.33333333333333326,0.0
SEMA6A,0.34863021003767514,1.0,0.0,1.0,0.0
SEMA6B,0.5014076246574526,0.3922995390498234,0.0,0.33333333333333326,0.0
SENP2,0.4441719263948108,0.6039811095413647,0.0,1.0,0.0
SEPTIN1,0.5733271964172797,0.6835080574847164,1.0,1.0,0.0
SEPTIN10,0.4446727343890262,0.4252359510300288,0.0,1.0,0.0
SEPTIN2,0.5286032714116871,0.08719175426623901,0.0,1.0,0.0
SEPTIN4,0.43461242549246404,0.7926539290811151,0.0,0.33333333333333326,0.0
SEPTIN6,0.5773837563981192,1.0,1.0,1.0,0.0
SEPTIN9,0.5358900606897358,0.47213413790667447,0.0,1.0,0.0
SERF1B,0.4440875006702517,0.5026259051680484,0.0,0.33333333333333326,0.0
SERINC1,0.46213253124420245,0.09065709275032695,0.0,1.0,0.0
SERINC2,0.5778344998048611,0.6782184964156164,1.0,1.0,0.0
SERINC5,0.5417578371496985,0.21911870963357954,0.0,1.0,0.0
SERPINA3,0.2672386498430094,1.0,1.0,1.0,0.0
SERPINB1,0.4177024991479296,0.15494002221024136,0.0,0.33333333333333326,0.0
SERPINB13,0.5721332432136473,1.0,0.0,1.0,0.0
SERPINB3,0.7519028395950921,0.9446144858733304,0.0,1.0,0.0
SERPINB4,0.668976406210739,0.45371537699162845,0.0,1.0,0.0
SERPINB5,0.7199129145801451,1.0,0.0,1.0,0.0
SERPINB6,0.4933799153424242,0.06219594445546808,0.0,0.0,0.0
SERPINB9,0.43439220286509217,0.13115928058590834,0.0,0.33333333333333326,0.0
SERPIND1,0.7822144793230191,1.0,1.0,1.0,0.0
SERPINE1,0.2906313879734774,0.5356911235659779,0.0,0.33333333333333326,0.0
SERPINE2,0.5924774697491476,0.4276503082194173,1.0,1.0,0.0
SERPINF1,0.6077043070612635,0.7528185978614295,0.0,1.0,0.0
SERPINF2,0.4226684630650733,1.0,1.0,1.0,0.0
SERPING1,0.44303917363519246,0.9245264517063064,0.0,1.0,0.0
SERPINI1,0.5972712176129422,1.0,1.0,1.0,0.0
SERPINI2,0.6293507113651939,1.0,1.0,1.0,0.0
SERTAD2,0.5485365283741548,0.9128800565856613,0.0,1.0,0.0
SERTAD4,0.6068864971163751,1.0,1.0,1.0,0.0
SERTM1,0.3685522771060171,0.9886597234714417,0.0,1.0,0.0
SESN1,0.47270499133657173,0.047070400544411896,0.0,0.33333333333333326,0.0
SESN3,0.5907723017657375,1.0,1.0,1.0,0.0
SESTD1,0.4156309771632743,1.0,1.0,1.0,0.0
SETD2,0.46070138878964945,0.029783749536575057,0.0,1.0,0.0
SETD4,0.4819453590551802,0.2756485990566827,0.0,0.33333333333333326,0.0
SETD9,0.5677650622642323,0.0026582704478941145,0.0,0.33333333333333326,0.0
SETDB2,0.5219035290264745,0.14047078503991356,0.0,1.0,0.0
SF3A2,0.5345326925972427,0.048190890585598146,0.0,1.0,0.0
SF3A3,0.5350274388398019,0.007039937774908012,0.0,1.0,0.0
SFRP1,0.6067935368498937,0.4213541623721416,0.0,1.0,0.0
SFRP2,0.9701595361232094,1.0,1.0,1.0,0.0
SFRP4,0.7435370252443984,1.0,1.0,1.0,0.0
SFRP5,0.5352790546196565,0.06402066996023946,0.0,1.0,0.0
SFTA2,0.39765575853182944,1.0,0.0,1.0,0.0
SFTPA2,0.41007504209264606,0.8216471286856096,0.0,1.0,0.0
SFTPC,0.44239928427035535,0.42997120638422787,0.0,1.0,0.0
SFTPD,0.41105589081419897,1.0,0.0,1.0,0.0
SFXN2,0.46005330087619856,0.4585287339796143,0.0,1.0,0.0
SGCG,0.43822427719940277,0.0927572748533153,0.0,1.0,0.0
SGF29,0.4427899982488464,0.7345774780517591,0.0,0.33333333333333326,0.0
SGK1,0.40572176479775934,1.0,0.0,1.0,0.0
SGPL1,0.5566905068122031,0.5346160102330503,1.0,1.0,0.0
SH2D1A,0.5689821379208106,0.4535260138009867,0.0,1.0,0.0
SH2D3C,0.3560988492884431,1.0,0.0,1.0,0.0
SH2D4A,0.4469310623362793,0.3393283721116762,1.0,1.0,0.0
SH3BGR,0.5824176127637042,0.37811252831167885,0.0,1.0,0.0
SH3BGRL,0.5594239940729089,0.15252384260033125,0.0,1.0,0.0
SH3BGRL3,0.5371515838943256,0.056232716458473164,0.0,0.33333333333333326,0.0
SH3BP2,0.4564831265375509,0.6185590005315572,0.0,1.0,0.0
SH3BP5,0.39398482126246315,1.0,1.0,1.0,0.0
SH3D19,0.4291945052360988,0.20839450508569848,0.0,1.0,0.0
SH3PXD2A,0.5751840604619456,0.3244923152727674,0.0,1.0,0.0
SH3PXD2B,0.43679293452124823,0.47713377054297473,0.0,1.0,0.0
SHANK2,0.46316693026126204,0.09695312024282962,0.0,0.33333333333333326,0.0
SHANK3,0.39820428647374495,1.0,0.0,1.0,0.0
SHC4,0.5455197772589213,1.0,1.0,1.0,0.0
SHCBP1,0.5597343759991295,0.5533216092490604,0.0,1.0,0.0
SHE,0.38272505450181654,1.0,1.0,1.0,0.0
SHROOM4,0.42903531462932687,0.3327490749024811,0.0,1.0,0.0
SHTN1,0.4556209586057585,0.29840901923293445,0.0,0.33333333333333326,0.0
SIDT1,0.5935659578850697,1.0,1.0,1.0,0.0
SIDT2,0.45036988305968634,0.5129846978852872,0.0,0.33333333333333326,0.0
SIGLEC10,0.3201884363643042,1.0,1.0,1.0,0.0
SIGLEC11,0.4443447358715026,0.6022349038354289,0.0,0.33333333333333326,0.0
SIGLEC5,0.3749097691135292,1.0,1.0,1.0,0.0
SIK1,0.40410591466742174,0.16856655675614696,0.0,0.0,0.0
SIL1,0.5561843345894186,0.1456728330430683,0.0,1.0,0.0
SIRAL2,0.5713769067234721,0.5979961073538476,0.0,1.0,0.0
SIRPB2,0.43091072785021756,1.0,0.0,1.0,0.0
SIRPD,0.43085984549222783,1.0,0.0,1.0,0.0
SIRPG,0.5434025497783156,0.2844756158499106,0.0,1.0,0.0
SIT1,0.5889156341160456,0.9625793438631586,0.0,1.0,0.0
SIX1,0.7215844551435239,1.0,1.0,1.0,0.0
SIX4,0.6417633921603573,1.0,0.0,1.0,0.0
SIX5,0.5418777410784769,0.006954330793613299,0.0,1.0,0.0
SKAP1,0.6010300491682888,0.9058537503476858,1.0,1.0,0.0
SKIC3,0.4841775516021061,0.37239951580782377,0.0,0.33333333333333326,0.0
SLA2,0.5072221182538387,0.19867046552095466,0.0,0.33333333333333326,0.0
SLAIN1,0.4336495471911926,0.6282534527120683,1.0,1.0,0.0
SLAMF1,0.6083335544736482,0.913035370826383,0.0,1.0,0.0
SLAMF7,0.7625071510099237,1.0,1.0,1.0,0.0
SLC11A1,0.3754821634309978,1.0,0.0,1.0,0.0
SLC12A2,0.5340634380891518,0.13952194274896076,0.0,1.0,0.0
SLC12A8,0.4912057320255079,0.34394255578098626,0.0,0.33333333333333326,0.0
SLC14A1,0.43311978023630593,0.1544704864951492,0.0,1.0,0.0
SLC15A3,0.5249345584164309,0.5463262210418032,0.0,0.33333333333333326,0.0
SLC16A12,0.3995046691273437,0.45086835199352454,0.0,1.0,0.0
SLC16A13,0.4659499292015333,0.7648449068575792,0.0,0.0,0.0
SLC16A14,0.5627169656786589,0.716852280630697,0.0,1.0,0.0
SLC16A2,0.5712860015166973,0.5460998918287687,1.0,1.0,0.0
SLC16A4,0.5596107143884507,0.8620001770438118,0.0,1.0,0.0
SLC16A9,0.5590159474169848,0.9263929136193306,1.0,1.0,0.0
SLC18A2,0.603398421287472,1.0,0.0,1.0,0.0
SLC18B1,0.571658575698488,0.8338366454011951,1.0,1.0,0.0
SLC19A2,0.32003902855281824,1.0,0.0,1.0,0.0
SLC19A3,0.32522681813981313,1.0,0.0,1.0,0.0
SLC1A1,0.31261749739661243,1.0,1.0,1.0,0.0
SLC1A2,0.5258993981131307,0.5856506921302773,0.0,0.33333333333333326,0.0
SLC1A4,0.5369042863196214,0.6359333807443563,0.0,1.0,0.0
SLC20A1,0.4726481920617938,0.4874112947747458,1.0,0.33333333333333326,0.0
SLC22A15,0.4042985886874025,1.0,1.0,1.0,0.0
SLC22A23,0.5809697844602763,1.0,1.0,1.0,0.0
SLC22A3,0.4106071895528945,0.5727071316138209,0.0,1.0,0.0
SLC22A4,0.5931507679452219,0.814564483646317,0.0,1.0,0.0
SLC23A1,0.5406718838771238,0.557923611476234,0.0,1.0,0.0
SLC24A3,0.5513948668754965,0.24502984303855058,1.0,1.0,0.0
SLC25A1,0.5134665106802445,0.7449167646019659,0.0,0.33333333333333326,0.0
SLC25A12,0.5586882973358699,1.0,1.0,1.0,0.0
SLC25A16,0.43347125235658757,0.9612029371924341,1.0,1.0,0.0
SLC25A18,0.4143742672463233,0.31486845015384207,0.0,1.0,0.0
SLC25A19,0.4991459232714,0.043529286244079736,0.0,0.33333333333333326,0.0
SLC25A20,0.4536774646180801,0.26908339117044505,0.0,0.33333333333333326,0.0
SLC25A23,0.5159408697201985,0.000530006351145197,0.0,0.0,0.0
SLC25A24,0.44097633875139297,0.6258734317145671,0.0,1.0,0.0
SLC25A25,0.3914012611362792,0.8530100797734385,0.0,0.33333333333333326,0.0
SLC25A33,0.4132975326535564,0.8662312684565397,0.0,0.33333333333333326,0.0
SLC25A37,0.3745355316334356,1.0,0.0,1.0,0.0
SLC25A4,0.4346923070804793,0.10905933812715062,0.0,1.0,0.0
SLC25A44,0.44420916406789374,0.3521386972872909,0.0,1.0,0.0
SLC25A5,0.43323057772930734,1.0,1.0,1.0,0.0
SLC25A6,0.4613375322067915,0.22237181113634455,0.0,1.0,0.0
SLC26A2,0.4365191508160828,1.0,0.0,1.0,0.0
SLC26A6,0.4509610518937726,0.08565323046004868,0.0,1.0,0.0
SLC26A8,0.4457007870070739,0.22032276461586003,0.0,1.0,0.0
SLC26A9,0.3513463121474072,1.0,0.0,1.0,0.0
SLC27A1,0.5636015471591768,0.2311140058925126,0.0,1.0,0.0
SLC27A2,0.6858624398032833,1.0,0.0,1.0,0.0
SLC27A3,0.354074679078563,1.0,0.0,1.0,0.0
SLC28A3,0.5840034447655666,0.9787924756764337,1.0,1.0,0.0
SLC29A3,0.5705759638435455,0.8448891652090313,1.0,1.0,0.0
SLC2A1,0.5781379642765185,0.441935174646194,0.0,1.0,0.0
SLC2A3,0.40268354811138857,1.0,1.0,0.33333333333333326,0.0
SLC2A5,0.6096540729458685,1.0,0.0,1.0,0.0
SLC2A9,0.5095863219645587,0.076733640986814,0.0,0.33333333333333326,0.0
SLC30A1,0.5450274515042739,0.3655602684608157,0.0,1.0,0.0
SLC31A2,0.40127427996028414,1.0,0.0,1.0,0.0
SLC35A4,0.44765778420126395,1.0,0.0,0.33333333333333326,0.0
SLC35D2,0.4382788217201233,0.6259874864807948,0.0,1.0,0.0
SLC35E2B,0.557107207245748,0.11164154588313056,0.0,1.0,0.0
SLC35E3,0.44505758605710083,0.5687339571518882,0.0,0.33333333333333326,0.0
SLC35F2,0.604547513330174,1.0,1.0,1.0,0.0
SLC36A4,0.4228881155259409,0.2346546331564013,0.0,0.33333333333333326,0.0
SLC38A11,0.5312811714171697,0.35385200425990626,0.0,1.0,0.0
SLC38A2,0.4230703153602279,0.7941553549875708,0.0,1.0,0.0
SLC38A6,0.5802933048619883,0.7354360459629452,1.0,1.0,0.0
SLC38A9,0.5285467962770317,0.47689791448691493,0.0,1.0,0.0
SLC39A1,0.4547389189903086,0.36260620000505395,0.0,1.0,0.0
SLC39A10,0.5507034435787883,0.19281154106876733,1.0,1.0,0.0
SLC39A11,0.5762170626969207,0.22282757935366326,0.0,1.0,0.0
SLC39A6,0.5623888156024869,0.8734532255970303,1.0,1.0,0.0
SLC39A7,0.5023567215721981,0.2590047607517359,0.0,0.33333333333333326,0.0
SLC39A8,0.3013120677904551,1.0,1.0,1.0,0.0
SLC3A2,0.42810566529024435,1.0,1.0,1.0,0.0
SLC43A1,0.4388055467340125,1.0,0.0,1.0,0.0
SLC44A2,0.4251692215850227,0.6829781820601264,0.0,0.33333333333333326,0.0
SLC44A4,0.6504877180880517,1.0,1.0,1.0,0.0
SLC45A3,0.6019748603730734,1.0,1.0,1.0,0.0
SLC46A2,0.38655368802039464,1.0,0.0,1.0,0.0
SLC46A3,0.5473536255772107,0.49841990821839927,1.0,1.0,0.0
SLC47A1,0.6073491063271843,0.314940589828052,0.0,1.0,0.0
SLC4A11,0.622955686339734,1.0,1.0,1.0,0.0
SLC4A4,0.6042058300742743,1.0,1.0,1.0,0.0
SLC4A5,0.5922343772154373,1.0,0.0,0.33333333333333326,0.0
SLC4A7,0.5774541257563017,0.6542152499493613,0.0,0.33333333333333326,0.0
SLC4A8,0.5656325102100588,1.0,0.0,1.0,0.0
SLC52A1,0.5699137911925882,0.3150220189125982,0.0,1.0,0.0
SLC5A3,0.5553374038531527,0.23525802205085591,0.0,1.0,0.0
SLC5A5,0.5289761609522895,0.8044493157288041,0.0,1.0,0.0
SLC60A1,0.5402108765262845,0.10772744805420363,0.0,1.0,0.0
SLC60A2,0.5464690627558907,0.25721749721206855,0.0,1.0,0.0
SLC68A1,0.39084396448277875,1.0,0.0,1.0,0.0
SLC6A1,0.5740055191710653,0.8890616755766418,1.0,1.0,0.0
SLC6A4,0.09976400101604604,1.0,0.0,1.0,0.0
SLC6A8,0.5487918229826376,0.16016523525238793,0.0,1.0,0.0
SLC75A1,0.5272601820460315,0.3560071710533718,0.0,0.0,0.0
SLC7A1,0.4647788631530191,0.04109114528650385,0.0,0.33333333333333326,0.0
SLC7A11,0.2706592652665249,0.49185718055008015,0.0,1.0,0.0
SLC7A5,0.5098136096213937,0.829736574119478,0.0,0.33333333333333326,0.0
SLC7A7,0.3911711254104954,1.0,0.0,0.33333333333333326,0.0
SLC7A8,0.4525562772964729,0.31285377015984234,0.0,1.0,0.0
SLC8A1,0.5754856390036233,0.5123460702901442,1.0,1.0,0.0
SLC9A1,0.5038371261987067,0.1257039252489455,0.0,0.33333333333333326,0.0
SLC9A7,0.5449959234874007,0.5061038728357772,1.0,1.0,0.0
SLC9B2,0.5267444244332732,0.06800922220154074,0.0,1.0,0.0
SLCO1B3,0.5413661346779808,0.6403394967353557,0.0,1.0,0.0
SLCO2A1,0.3098226956738422,1.0,1.0,1.0,0.0
SLCO4A1,0.12154488702399041,1.0,1.0,1.0,0.0
SLCO4C1,0.28035713623839364,1.0,1.0,1.0,0.0
SLF1,0.5248920500676502,0.18912077427016902,0.0,0.33333333333333326,0.0
SLFN13,0.6364517352257304,1.0,1.0,1.0,0.0
SLIT2,0.35852184650516555,1.0,0.0,1.0,0.0
SLIT3,0.5518938874056489,0.6554978048964705,0.0,1.0,0.0
SLITRK3,0.5521447703747172,0.7982257910762973,0.0,0.33333333333333326,0.0
SLITRK4,0.497065794481337,0.07211947865806491,0.0,0.33333333333333326,0.0
SLITRK6,0.7041674435396649,1.0,1.0,1.0,0.0
SLMAP,0.5386272311727484,0.6307025138604152,0.0,0.33333333333333326,0.0
SLN,0.6848136101518436,1.0,1.0,1.0,0.0
SLPI,0.4245997307029212,0.1767946304453832,0.0,1.0,0.0
SLX4IP,0.577250294081081,0.7935063250350887,0.0,1.0,0.0
SMAD1,0.5699835616997031,0.8549816610680432,0.0,1.0,0.0
SMAD6,0.30236501865832044,1.0,0.0,0.33333333333333326,0.0
SMAD7,0.40167035190804223,1.0,0.0,0.33333333333333326,0.0
SMAD9,0.4565229368753669,0.016815939445556476,0.0,0.33333333333333326,0.0
SMAP2,0.3882252542274718,0.9798092428675756,0.0,1.0,0.0
SMARCA1,0.5421155200418376,0.9849345440996465,0.0,1.0,0.0
SMARCA5,0.47097745728609797,0.049061728855491475,0.0,0.33333333333333326,0.0
SMARCAD1,0.5234116447533397,0.04343460706813621,0.0,1.0,0.0
SMARCC1,0.5715487206639486,0.4515729108040933,0.0,1.0,0.0
SMC2,0.5610240038823293,0.5858912715432851,0.0,1.0,0.0
SMC6,0.5461162068028133,0.8972317590105945,1.0,1.0,0.0
SMDT1,0.44984615478316636,0.49200611792226684,0.0,1.0,0.0
SMIM22,0.5820088488462407,0.07397634340875561,0.0,1.0,0.0
SMIM3,0.39349093554639064,0.21337875009419743,0.0,1.0,0.0
SMO,0.631097039864613,1.0,0.0,1.0,0.0
SMOC1,0.5601378714961722,0.7110630139749557,0.0,0.33333333333333326,0.0
SMOC2,0.6367422421325396,0.844941592416066,0.0,1.0,0.0
SMPD2,0.5411859799103024,0.5729604483332087,0.0,1.0,0.0
SMPD3,0.6006342011106638,0.6964201376311026,0.0,1.0,0.0
SMYD2,0.5455283941883308,0.4449408897123705,0.0,0.33333333333333326,0.0
SNAI1,0.39247632568033297,1.0,0.0,1.0,0.0
SNAP25,0.5698953626982793,1.0,0.0,1.0,0.0
SNAP47,0.5258124677224768,0.09290234806852976,0.0,1.0,0.0
SNAPC1,0.5486148595283122,0.4201462698456947,0.0,0.33333333333333326,0.0
SNCAIP,0.593835654129358,1.0,1.0,1.0,0.0
SNED1,0.557975519143731,0.8553708593196447,0.0,1.0,0.0
SNRK,0.42929681207413206,0.851938003648783,0.0,1.0,0.0
SNTB1,0.4273125558800957,1.0,0.0,1.0,0.0
SNX22,0.4298557014687088,1.0,1.0,1.0,0.0
SNX24,0.4323153868649898,0.38661937434413607,0.0,1.0,0.0
SNX27,0.4787655612430315,0.30308849072717964,0.0,0.0,0.0
SNX9,0.5592278619253759,1.0,1.0,1.0,0.0
SOAT1,0.4966465478306194,0.27572425986575544,0.0,0.33333333333333326,0.0
SOBP,0.5753287718878896,0.9164726296073182,1.0,1.0,0.0
SOCS1,0.5374928980931097,0.1057400545658123,0.0,0.33333333333333326,0.0
SOCS2,0.4486335816635173,0.06521581242910533,1.0,0.33333333333333326,0.0
SOCS3,0.27489425028717285,0.7043515537250862,0.0,0.33333333333333326,0.0
SOD1,0.5304478632392761,0.20049164115904508,0.0,0.33333333333333326,0.0
SOD2,0.3651329690750722,0.6104218408269898,0.0,0.33333333333333326,0.0
SORCS2,0.5741471742394818,1.0,1.0,1.0,0.0
SORD,0.6170167513502134,1.0,1.0,1.0,0.0
SORT1,0.37951227239415286,1.0,0.0,1.0,0.0
SOS1,0.5537729343316982,0.8214041746988229,0.0,0.33333333333333326,0.0
SOSTDC1,0.32056150252678295,0.29551809905732135,0.0,0.33333333333333326,0.0
SOX13,0.4094992930085169,0.7904452006816478,0.0,1.0,0.0
SOX17,0.43576874453877185,0.24275169658693554,0.0,1.0,0.0
SOX2,0.7345955524178395,1.0,1.0,1.0,0.0
SOX4,0.6357296274532587,1.0,1.0,1.0,0.0
SOX5,0.524425960992203,1.0,0.0,0.33333333333333326,0.0
SOX7,0.38914563004010205,0.2204493319110014,0.0,1.0,0.0
SOX8,0.532959871329655,0.10928964560141635,0.0,1.0,0.0
SP100,0.4398740728892053,0.17942334004080682,0.0,1.0,0.0
SP140,0.6016346503507594,0.5856674041435144,0.0,1.0,0.0
SPA17,0.6376388345866547,1.0,1.0,1.0,0.0
SPAG1,0.5450635631800076,1.0,0.0,1.0,0.0
SPAG16,0.5912803392717431,1.0,1.0,1.0,0.0
SPAG17,0.7118819597608237,1.0,0.0,1.0,0.0
SPAG4,0.5745752941311583,0.676917816093276,0.0,1.0,0.0
SPAG8,0.5892518788839413,0.9777146393183506,0.0,1.0,0.0
SPAG9,0.43842495292569766,0.1227718903467565,0.0,1.0,0.0
SPARC,0.5460899287825441,0.1398095941098698,0.0,0.33333333333333326,0.0
SPARCL1,0.4058995276701791,0.31609434595498737,1.0,1.0,0.0
SPATA17,0.6444747166088205,1.0,0.0,1.0,0.0
SPATA18,0.7558159904829174,1.0,1.0,1.0,0.0
SPATA20,0.6069280106941156,0.4578475351017317,0.0,1.0,0.0
SPATA22,0.4764818252168653,0.03871776510277188,0.0,1.0,0.0
SPATA31G1,0.44694926055456335,0.8766159883241869,1.0,1.0,0.0
SPATA4,0.5741081691711031,1.0,0.0,1.0,0.0
SPATA6L,0.5485188122492631,0.9817866532147911,0.0,0.33333333333333326,0.0
SPATS2,0.555553612970268,1.0,1.0,1.0,0.0
SPATS2L,0.5631635482142267,1.0,1.0,1.0,0.0
SPDEF,0.5623407932139806,0.501114876486641,0.0,1.0,0.0
SPEF1,0.5602892544700943,0.6642480661647658,1.0,1.0,0.0
SPEF2,0.6436045840273038,1.0,0.0,1.0,0.0
SPEG,0.5731596817038196,0.47923830195789274,0.0,1.0,0.0
SPEN,0.4439485817800288,0.0532787380757445,0.0,1.0,0.0
SPHK1,0.5226257858958419,0.10281533781385516,0.0,0.33333333333333326,0.0
SPICE1,0.5347766308497961,0.47697086061889427,0.0,1.0,0.0
SPIN1,0.5448742816722677,0.12728396016240845,0.0,1.0,0.0
SPIN4,0.47676720817390905,0.1793668912158916,0.0,0.33333333333333326,0.0
SPINK5,0.604689222686026,0.21269341777301026,1.0,1.0,0.0
SPNS1,0.5117660581822429,0.32085019801988945,0.0,0.33333333333333326,0.0
SPOCD1,0.5835687396776172,0.3238711936043569,1.0,1.0,0.0
SPOCK1,0.36908649600581206,0.4891722368275182,1.0,1.0,0.0
SPOCK2,0.3769871792772191,1.0,0.0,1.0,0.0
SPOCK3,0.5684103581564335,1.0,0.0,1.0,0.0
SPP1,0.883557517443313,1.0,0.0,1.0,0.0
SPRING1,0.42618853970590787,1.0,0.0,1.0,0.0
SPRR1A,0.6640572432332424,1.0,0.0,0.33333333333333326,0.0
SPRR1B,0.5772888360895654,0.7454299913201595,0.0,1.0,0.0
SPRY1,0.5777768818787054,0.7348842507158664,0.0,1.0,0.0
SPRY2,0.40246506612181693,1.0,0.0,1.0,0.0
SPRY4,0.3694887774868067,1.0,1.0,1.0,0.0
SPRYD7,0.4256825226632444,1.0,0.0,1.0,0.0
SPTBN1,0.38020024604022007,0.8061931151251499,0.0,1.0,0.0
SPTBN2,0.5414706562871824,1.0,0.0,0.33333333333333326,0.0
SPTSSA,0.3777326903616134,1.0,1.0,1.0,0.0
SQOR,0.42830433673821083,1.0,0.0,1.0,0.0
SRC,0.5362275604868113,0.0468321382449491,0.0,1.0,0.0
SRD5A2,0.64114581808416,1.0,0.0,1.0,0.0
SREBF2,0.4539319061822056,0.6780141522351761,0.0,1.0,0.0
SRGAP2,0.42993020340430893,0.9572460223698644,0.0,1.0,0.0
SRGAP2C,0.39750792241882693,0.14653085672238503,0.0,1.0,0.0
SRGAP3,0.5974790840325778,1.0,0.0,1.0,0.0
SRGN,0.449981975787575,0.03299710806630097,0.0,0.33333333333333326,0.0
SRI,0.5562652750632568,0.6134259462834337,0.0,1.0,0.0
SRPX,0.35930392104384457,1.0,1.0,1.0,0.0
SRPX2,0.3683618699619475,0.942238591131187,0.0,1.0,0.0
SRR,0.5322065392282624,0.09556033068628134,0.0,1.0,0.0
SRRM2,0.43834312194420916,0.41503101591187724,1.0,1.0,0.0
SRSF7,0.461502768951506,0.02828112991766062,0.0,0.33333333333333326,0.0
SRXN1,0.41708179451043903,0.6997834345890899,1.0,1.0,0.0
SSBP2,0.5396420756469976,1.0,0.0,1.0,0.0
SSBP4,0.5938087017251167,0.38513939938745223,0.0,1.0,0.0
SSC5D,0.5552140890089335,0.33786253743863215,1.0,1.0,0.0
SSH2,0.40175425770344986,1.0,1.0,1.0,0.0
SSNA1,0.46790781383801927,0.26100000702009596,0.0,0.33333333333333326,0.0
SSPN,0.6739931889200064,1.0,1.0,1.0,0.0
SSR4,0.5552452452590236,0.3500938909650078,0.0,1.0,0.0
SSU72,0.4930259780357379,0.7121400598186515,0.0,0.33333333333333326,0.0
SSX2IP,0.5299179199689499,0.5328873877416803,0.0,1.0,0.0
ST14,0.5685733633845355,0.4477338059755636,1.0,1.0,0.0
ST6GAL1,0.5818688105942748,1.0,0.0,1.0,0.0
ST6GAL2,0.5617027754947181,0.7691602231665122,0.0,1.0,0.0
ST6GALNAC1,0.7032980060234897,1.0,1.0,1.0,0.0
ST6GALNAC3,0.293597129001027,1.0,1.0,1.0,0.0
ST6GALNAC5,0.42350332222241316,0.6350966486986831,0.0,1.0,0.0
ST7,0.4035589961743931,1.0,0.0,1.0,0.0
ST8SIA1,0.5889634304568613,0.857365810568455,1.0,1.0,0.0
ST8SIA4,0.5772060977457147,0.8307473630566646,0.0,1.0,0.0
STAB1,0.4346310882161129,0.9934260380743937,0.0,1.0,0.0
STAB2,0.5653212118813143,1.0,1.0,1.0,0.0
STAMBPL1,0.5626760181045399,0.9687998848500409,1.0,1.0,0.0
STAP1,0.5644885972428612,1.0,0.0,1.0,0.0
STAP2,0.5431581243821041,0.1490737262227902,0.0,1.0,0.0
STARD13,0.39296761592137797,1.0,1.0,1.0,0.0
STARD3NL,0.42178352619299275,1.0,1.0,1.0,0.0
STARD4,0.38698488489838995,1.0,0.0,1.0,0.0
STARD5,0.5598777633510839,0.9166676368646954,1.0,1.0,0.0
STARD8,0.35013189808457107,1.0,0.0,1.0,0.0
STARD9,0.4113775637556826,0.3734463968636335,0.0,1.0,0.0
STAT4,0.5784094633876233,0.20642621606968373,0.0,1.0,0.0
STC1,0.35636129911494185,0.47887220912846384,0.0,0.33333333333333326,0.0
STC2,0.40422100153132373,1.0,0.0,0.33333333333333326,0.0
STEAP1,0.6579835896297749,0.2736172687980965,0.0,1.0,0.0
STEAP2,0.6346800844125867,0.7065733448433807,0.0,1.0,0.0
STEAP3,0.6166278933232551,0.785372411654239,1.0,1.0,0.0
STEAP4,0.594320679027498,0.29327940649321455,0.0,1.0,0.0
STEEP1,0.47139959998080944,0.2065048971866291,0.0,1.0,0.0
STING1,0.5725571398147902,0.48502074960294467,0.0,1.0,0.0
STK17A,0.5362665158501451,0.03524397388719409,0.0,0.33333333333333326,0.0
STK25,0.5048307494763205,0.08499120683291485,0.0,0.0,0.0
STK36,0.5514627694175068,0.4192876123409722,0.0,0.33333333333333326,0.0
STK38,0.5335818379311346,0.6125036337831604,1.0,1.0,0.0
STK38L,0.5335911097224576,0.25487264581263624,0.0,1.0,0.0
STK39,0.55954209312795,0.958774100045158,1.0,1.0,0.0
STMN1,0.5566218256767343,0.2730620059691954,0.0,1.0,0.0
STMN3,0.6171682288808578,0.3599345358976321,0.0,1.0,0.0
STOML3,0.6584868860951536,1.0,0.0,1.0,0.0
STON1,0.4105763858572949,0.22758344801677793,0.0,1.0,0.0
STOX1,0.6212570892299472,1.0,0.0,1.0,0.0
STOX2,0.49315401390884445,0.6357133374004452,0.0,0.33333333333333326,0.0
STRA6,0.5453216944189377,0.6232756264802249,0.0,1.0,0.0
STRAP,0.45016873291264103,0.6112038953571918,0.0,1.0,0.0
STRBP,0.5962284007367421,0.9249462463141945,0.0,0.33333333333333326,0.0
STRN,0.43041776319286656,0.1441152800655323,0.0,1.0,0.0
STS,0.5292328779483431,0.13673983758057706,0.0,1.0,0.0
STT3B,0.5508744893336576,0.13268348532970933,0.0,1.0,0.0
STUB1,0.49852661537523446,0.14117056436135503,0.0,0.0,0.0
STX11,0.3469299030812278,1.0,1.0,1.0,0.0
STX12,0.4186394245973266,1.0,1.0,1.0,0.0
STX17,0.550700378906874,0.6572317368624341,0.0,0.33333333333333326,0.0
STX18,0.5299614817932528,0.08234789702633932,0.0,1.0,0.0
STX3,0.39348034472101745,1.0,1.0,1.0,0.0
STXBP2,0.45214017460247397,1.0,0.0,0.33333333333333326,0.0
STXBP6,0.29071868167920517,1.0,0.0,1.0,0.0
STYK1,0.5779230175998262,0.8649089571731141,1.0,1.0,0.0
STYXL1,0.5570506957539207,0.4511800053043614,1.0,1.0,0.0
SUB1,0.5306358071873206,0.48123956154168257,0.0,1.0,0.0
SUCNR1,0.5712808974458318,0.5292108195794508,0.0,1.0,0.0
SULF1,0.7648639601996535,1.0,1.0,1.0,0.0
SULF2,0.6179602260251711,0.9956095100247034,1.0,1.0,0.0
SULT1A1,0.3973211272812452,0.5731706351085486,0.0,0.33333333333333326,0.0
SULT1A2,0.3871570761619673,0.5931973360481784,0.0,0.33333333333333326,0.0
SULT1B1,0.3214710333987013,1.0,1.0,1.0,0.0
SULT1C4,0.4502412891805823,0.3616488105772236,0.0,1.0,0.0
SULT4A1,0.4921292671793028,0.11284191881608796,0.0,0.0,0.0
SUN2,0.38347123605117306,1.0,0.0,1.0,0.0
SUOX,0.511882215555411,0.08389965806715881,0.0,0.0,0.0
SUSD2,0.4186563645606912,0.3983636884054991,0.0,1.0,0.0
SUSD4,0.5975651460588948,1.0,1.0,1.0,0.0
SV2B,0.6211949335245408,1.0,0.0,1.0,0.0
SVEP1,0.3471647059439919,1.0,1.0,1.0,0.0
SVIL,0.5536541539185779,0.9056366263982324,1.0,1.0,0.0
SYAP1,0.4823633960486111,0.054838163986929214,0.0,0.33333333333333326,0.0
SYCE3,0.5649369242510045,0.06560150219853766,0.0,1.0,0.0
SYDE1,0.4698109366695386,0.23556621127639057,0.0,1.0,0.0
SYDE2,0.4261105309321192,0.12816247615017126,0.0,1.0,0.0
SYN2,0.4340579352935566,1.0,0.0,1.0,0.0
SYNDIG1,0.6334218705037208,0.7726249724179266,0.0,1.0,0.0
SYNE1,0.4470518450790577,0.1069280844053148,0.0,1.0,0.0
SYNGR1,0.5550872079512585,0.43793789540154815,0.0,1.0,0.0
SYNPO2,0.6883843673198519,1.0,0.0,1.0,0.0
SYT11,0.5544416887482406,0.33727653576207783,0.0,1.0,0.0
SYT15,0.35395094756113094,1.0,0.0,1.0,0.0
SYT17,0.5158235113873971,0.05094436095257201,1.0,0.33333333333333326,0.0
SYT8,0.6034104495657223,1.0,1.0,1.0,0.0
SYTL1,0.6469176533015993,0.5284646236756924,0.0,1.0,0.0
SYTL2,0.6098010052265797,1.0,1.0,1.0,0.0
SYTL3,0.5596531701358782,0.20034868320252675,0.0,0.33333333333333326,0.0
SYTL4,0.40476125866453694,0.9449006743833304,1.0,1.0,0.0
TACC2,0.2869453074058324,1.0,1.0,1.0,0.0
TACR1,0.5215644995734747,0.9452921645559379,0.0,0.33333333333333326,0.0
TADA3,0.5232457099051353,0.07356729459697799,0.0,0.0,0.0
TAF1C,0.43557588083632154,1.0,0.0,1.0,0.0
TAF6,0.5041479083991096,0.019726413273829218,0.0,0.0,0.0
TAF9B,0.4693961178517405,0.7939339569231083,0.0,0.33333333333333326,0.0
TAGAP,0.5587423238689084,0.3272019885109555,0.0,0.33333333333333326,0.0
TAGLN,0.5612110164680069,0.05156504668584319,0.0,1.0,0.0
TAGLN2,0.5348557115520669,0.31762125474549924,0.0,0.33333333333333326,0.0
TALDO1,0.4107430430735173,1.0,0.0,1.0,0.0
TAMALIN,0.33623069382427,1.0,1.0,1.0,0.0
TANC1,0.4546544951545725,0.2538480981649455,1.0,1.0,0.0
TANC2,0.4646456773958735,0.3175310724626595,0.0,1.0,0.0
TANK,0.458080977584985,0.08501747431321632,0.0,1.0,0.0
TAOK3,0.4487536140111502,0.5544978439633281,0.0,1.0,0.0
TAPBP,0.5470723218687915,0.33838222441741184,0.0,1.0,0.0
TARBP1,0.5492556990264947,0.8511833042902504,1.0,1.0,0.0
TAS2R20,0.5253530567459718,0.09177527917353802,0.0,1.0,0.0
TAS2R31,0.5338886804364472,0.10983147834496446,0.0,1.0,0.0
TAS2R43,0.526370872768758,0.04505177310823962,0.0,1.0,0.0
TASL,0.5463424467136685,0.4405212289796582,0.0,0.33333333333333326,0.0
TAX1BP1,0.5384863106801027,0.2660353395133555,0.0,1.0,0.0
TBC1D10C,0.5871162418283665,0.08437631616597446,0.0,0.33333333333333326,0.0
TBC1D30,0.43369048424292833,0.6105418597787964,0.0,0.33333333333333326,0.0
TBC1D31,0.5701246673122291,0.5946629395283247,0.0,1.0,0.0
TBC1D32,0.5865302844545185,1.0,0.0,1.0,0.0
TBC1D4,0.4507139013687603,0.30752627040521047,0.0,0.33333333333333326,0.0
TBC1D8,0.45706885492341454,0.12117094690658309,0.0,1.0,0.0
TBC1D8B,0.5734880299854979,0.6297619327614556,0.0,1.0,0.0
TBCE,0.4229619844976757,1.0,1.0,1.0,0.0
TBCK,0.5628904086298203,0.7183785611464466,0.0,0.33333333333333326,0.0
TBL1XR1,0.5592140796164142,0.17525628894568313,0.0,1.0,0.0
TBX1,0.5748246807990234,0.09733232390182996,0.0,1.0,0.0
TBX2,0.4221931624739962,0.13855334651396353,0.0,0.33333333333333326,0.0
TBX3,0.3442812371769237,1.0,0.0,1.0,0.0
TBXAS1,0.38200019874099955,1.0,1.0,1.0,0.0
TCAP,0.4001974751995013,0.10377308889072441,0.0,1.0,0.0
TCEA2,0.5531520777139444,0.0674859551277889,0.0,1.0,0.0
TCEAL1,0.4534422566225691,0.2711804251826308,0.0,1.0,0.0
TCEAL4,0.3938592020047571,0.2745342996638899,0.0,1.0,0.0
TCEAL6,0.4626940754777299,0.18299574770006485,0.0,1.0,0.0
TCEAL7,0.5909075762945947,0.30629924207651454,0.0,1.0,0.0
TCF12,0.5367618863891455,0.06720895352229285,0.0,1.0,0.0
TCF21,0.38698218447573685,0.759664308474053,0.0,1.0,0.0
TCF3,0.5322990185184098,0.5487300427687551,0.0,1.0,0.0
TCF4,0.5439633255038347,0.18962292083901683,0.0,1.0,0.0
TCFL5,0.5420053324547989,0.17327961692458305,0.0,1.0,0.0
TCIRG1,0.5193794110710278,0.7092188664369571,0.0,0.33333333333333326,0.0
TCN2,0.40699434435439663,0.629309426923042,0.0,1.0,0.0
TCTN1,0.5837318291381114,1.0,1.0,1.0,0.0
TCTN3,0.5407930571505308,0.053241354191752154,0.0,1.0,0.0
TDO2,0.786069061258661,1.0,0.0,1.0,0.0
TDP1,0.5668806619064982,1.0,1.0,1.0,0.0
TDRD10,0.41522747712782637,1.0,1.0,1.0,0.0
TDRD3,0.5422888272703338,0.13844959498034573,0.0,1.0,0.0
TDRD9,0.3573430595917879,1.0,1.0,1.0,0.0
TEAD4,0.43267838771028794,1.0,0.0,1.0,0.0
TECR,0.5082739742920703,0.3237319568229274,0.0,0.0,0.0
TEK,0.35084936124114036,1.0,1.0,1.0,0.0
TEKT1,0.6570060806294459,1.0,0.0,1.0,0.0
TENM4,0.5734519779325041,0.2778112307471859,0.0,1.0,0.0
TENT5B,0.37789185221670574,1.0,1.0,1.0,0.0
TENT5C,0.5970580975051598,1.0,1.0,1.0,0.0
TES,0.44810052500231873,0.06362062058768489,0.0,1.0,0.0
TESC,0.5809569776253182,0.1012334414260961,0.0,1.0,0.0
TESPA1,0.5675555371100033,1.0,0.0,1.0,0.0
TET1,0.5838454338877337,1.0,0.0,1.0,0.0
TEX2,0.4503531480153513,0.7572683553103389,0.0,1.0,0.0
TFAP2A,0.5943222516486886,1.0,1.0,1.0,0.0
TFAP2C,0.5457914861304334,0.42853715019982397,0.0,1.0,0.0
TFCP2L1,0.34626391728402917,0.8643524198427096,0.0,1.0,0.0
TFE3,0.42720179471593894,1.0,0.0,1.0,0.0
TFEB,0.5375528724876343,0.082530304469721,0.0,1.0,0.0
TFF3,0.5706537412528843,0.3951122828913408,0.0,1.0,0.0
TFPI,0.38781166559711483,1.0,1.0,1.0,0.0
TFPT,0.5401282840182318,0.03126400721007433,0.0,1.0,0.0
TGFB2,0.627016679101726,1.0,1.0,1.0,0.0
TGFB3,0.6777550826665274,1.0,1.0,1.0,0.0
TGFBI,0.5899747881634213,0.3944142481621453,1.0,1.0,0.0
TGFBR3,0.3424774338542806,1.0,1.0,1.0,0.0
THADA,0.5488771521401212,0.4597235316491235,0.0,1.0,0.0
THAP10,0.5489401192962144,0.6488196250854564,0.0,0.33333333333333326,0.0
THBD,0.4118125301282437,0.3003811775581952,0.0,1.0,0.0
THBS1,0.26331162103945566,1.0,0.0,0.33333333333333326,0.0
THBS2,0.704339885041009,1.0,0.0,1.0,0.0
THBS3,0.5610186865108978,1.0,1.0,1.0,0.0
THBS4,0.6347144548954221,1.0,1.0,1.0,0.0
THEMIS,0.5732502561901273,0.441182114837459,0.0,1.0,0.0
THNSL1,0.5748959533434049,1.0,0.0,0.33333333333333326,0.0
THOC1,0.5225545235295009,0.35246571091361656,0.0,1.0,0.0
THOC2,0.4629876255772341,0.058492960043684775,0.0,1.0,0.0
THRA,0.4344864302204503,0.38529290127109966,0.0,0.33333333333333326,0.0
THSD1,0.4218665413943079,0.4556570469875765,0.0,1.0,0.0
THSD4,0.5824573985209088,1.0,0.0,1.0,0.0
THSD7A,0.4299212973641687,0.08920266650832417,0.0,1.0,0.0
THSD7B,0.5545789984866054,1.0,0.0,1.0,0.0
THY1,0.7770395962468185,1.0,1.0,1.0,0.0
THYN1,0.5755114488257618,0.10586659111285424,0.0,1.0,0.0
TIA1,0.6022334045948964,1.0,0.0,0.33333333333333326,0.0
TIE1,0.4294445756819167,0.42739966616725833,0.0,0.33333333333333326,0.0
TIGIT,0.6192437897320179,1.0,1.0,1.0,0.0
TIMD4,0.5679276391327738,0.28590059120690653,0.0,1.0,0.0
TIMM10,0.5093047285104915,0.6370065050133644,1.0,0.33333333333333326,0.0
TIMM13,0.461865396037128,0.452690941904833,0.0,1.0,0.0
TIMM8A,0.49943909651662916,0.23021244283021136,0.0,0.33333333333333326,0.0
TIMP2,0.5333346108400885,0.09871471943700533,0.0,0.33333333333333326,0.0
TIMP3,0.35563432262299577,1.0,1.0,1.0,0.0
TIMP4,0.23508593458025723,1.0,1.0,1.0,0.0
TINAGL1,0.44695085053842015,0.7251908387619517,0.0,1.0,0.0
TIPARP,0.41457614973053963,0.19480942228879305,0.0,1.0,0.0
TJP1,0.4338738483596191,0.7807976407758515,1.0,1.0,0.0
TJP2,0.42559529717580963,1.0,1.0,1.0,0.0
TJP3,0.5548764761473222,0.18561216115551912,0.0,1.0,0.0
TK2,0.524176520064618,0.06094100563828429,0.0,0.0,0.0
TKT,0.3959234250306265,1.0,0.0,1.0,0.0
TLCD1,0.4457170357479899,1.0,1.0,1.0,0.0
TLN1,0.49051634280355316,1.0,1.0,0.33333333333333326,0.0
TLR10,0.5188796461664249,0.06229926948978914,0.0,0.33333333333333326,0.0
TLR2,0.33722770991974643,1.0,0.0,1.0,0.0
TLR3,0.45077080991028723,0.1153109355328442,0.0,0.33333333333333326,0.0
TLR4,0.378352640558869,1.0,1.0,1.0,0.0
TLR7,0.6178464801468291,0.42520265797202256,1.0,1.0,0.0
TM6SF1,0.44838852646675104,0.5099433353457001,0.0,0.33333333333333326,0.0
TM7SF2,0.43530769521826385,0.4790292196596079,0.0,1.0,0.0
TM7SF3,0.6090286555783547,1.0,0.0,1.0,0.0
TMBIM6,0.499172479580984,0.22435162721459767,0.0,0.0,0.0
TMC4,0.5687200399320622,0.7372973919556824,0.0,1.0,0.0
TMC5,0.6109434862061568,0.6962699585326173,0.0,1.0,0.0
TMCC3,0.42976839150827023,0.561253160991991,0.0,1.0,0.0
TMED1,0.5326275463434748,0.06858981628535811,0.0,1.0,0.0
TMED3,0.5662934514335953,0.26790888013617625,1.0,1.0,0.0
TMED9,0.5237257601245461,0.10793328072815729,0.0,0.33333333333333326,0.0
TMEM100,0.14533793123991154,1.0,0.0,1.0,0.0
TMEM106B,0.5450719034824764,0.6324855260130315,1.0,1.0,0.0
TMEM106C,0.38013307182683787,1.0,0.0,1.0,0.0
TMEM107,0.5661757053255845,1.0,1.0,1.0,0.0
TMEM109,0.5147996841094648,0.046786533961485056,0.0,0.33333333333333326,0.0
TMEM117,0.5679683384162675,1.0,0.0,1.0,0.0
TMEM120A,0.4281354708075524,1.0,0.0,1.0,0.0
TMEM121B,0.45752583055202334,0.09946243469167207,0.0,1.0,0.0
TMEM125,0.3664428156763768,1.0,0.0,0.33333333333333326,0.0
TMEM130,0.6439496792343551,0.3047214196224869,0.0,1.0,0.0
TMEM131,0.5318846903740346,1.0,1.0,1.0,0.0
TMEM134,0.5483871046531839,0.15456622176008447,0.0,1.0,0.0
TMEM138,0.5391852802829997,0.12437678403275444,0.0,1.0,0.0
TMEM139,0.40210109096423813,0.6028900542893165,0.0,1.0,0.0
TMEM140,0.44022819210338077,0.11059281614221579,0.0,0.33333333333333326,0.0
TMEM141,0.45747576980747734,0.4389147121170164,0.0,0.33333333333333326,0.0
TMEM147,0.4993070003009911,0.49004129815047737,0.0,0.33333333333333326,0.0
TMEM14A,0.5743647703194517,1.0,1.0,1.0,0.0
TMEM150A,0.4500002326616001,1.0,1.0,1.0,0.0
TMEM151A,0.48737114346037685,0.028126501195838642,0.0,0.0,0.0
TMEM154,0.5771334122525433,0.6879893461967104,0.0,0.33333333333333326,0.0
TMEM156,0.5619892179495752,1.0,0.0,1.0,0.0
TMEM163,0.41830181334581706,0.9329890871470168,0.0,1.0,0.0
TMEM164,0.4704045481205169,1.0,0.0,0.0,0.0
TMEM167B,0.459251928279449,0.1231298712578305,0.0,1.0,0.0
TMEM17,0.5861997637728136,0.6310773465858798,0.0,1.0,0.0
TMEM176A,0.611094393510586,0.5002816300052524,1.0,1.0,0.0
TMEM176B,0.621285789224765,0.6412612821633019,1.0,1.0,0.0
TMEM178A,0.6161318344644315,0.19733014621422745,0.0,1.0,0.0
TMEM182,0.5414059505182116,1.0,0.0,1.0,0.0
TMEM19,0.556323749522131,0.6687969654016132,1.0,1.0,0.0
TMEM190,0.6388789869669682,0.5754873141492558,0.0,1.0,0.0
TMEM203,0.46371418087189525,0.18814604059017662,0.0,0.33333333333333326,0.0
TMEM204,0.3111441894373316,1.0,0.0,1.0,0.0
TMEM216,0.5343416828582556,0.5721296132125375,0.0,1.0,0.0
TMEM219,0.5481259357774353,0.23849961852517634,0.0,0.0,0.0
TMEM220,0.47489363276750535,0.09419028637858336,0.0,0.0,0.0
TMEM231,0.634945817483796,1.0,1.0,1.0,0.0
TMEM243,0.44140743876599897,0.37386184656369464,0.0,1.0,0.0
TMEM245,0.36864281108772495,1.0,0.0,1.0,0.0
TMEM254,0.5564864541657105,1.0,0.0,1.0,0.0
TMEM255A,0.5725637262794717,0.04886449175240788,0.0,1.0,0.0
TMEM258,0.546815479680676,0.2284916528463423,0.0,0.33333333333333326,0.0
TMEM35A,0.5879014680866869,0.27019407768273235,1.0,1.0,0.0
TMEM37,0.4425362124502879,0.1938735806283175,0.0,1.0,0.0
TMEM38A,0.4482327284937827,1.0,1.0,1.0,0.0
TMEM41A,0.45461501520449726,0.40689912627707847,0.0,1.0,0.0
TMEM41B,0.3915462341021543,1.0,1.0,1.0,0.0
TMEM45A,0.709820332034346,1.0,1.0,1.0,0.0
TMEM50B,0.462275606011717,0.06771967040775462,0.0,1.0,0.0
TMEM51,0.5587674816216764,0.18245841875294738,0.0,1.0,0.0
TMEM74B,0.4414362812015567,0.06452078940380422,0.0,0.33333333333333326,0.0
TMEM87A,0.4390584948204884,0.8810586465034302,0.0,1.0,0.0
TMEM88,0.42657033912050923,0.915294948846242,0.0,1.0,0.0
TMEM97,0.3745313924193924,1.0,1.0,1.0,0.0
TMEM98,0.5950181778579506,1.0,1.0,1.0,0.0
TMEM9B,0.46733942698487585,0.4075791463333133,0.0,0.33333333333333326,0.0
TMF1,0.5362835687521353,0.39458476649539387,1.0,1.0,0.0
TMIGD3,0.3811871955336001,0.9237223222768931,0.0,1.0,0.0
TMOD1,0.4301223860621819,0.2233908611055646,0.0,1.0,0.0
TMPRSS3,0.5298174162230264,0.12097822047348471,0.0,1.0,0.0
TMPRSS4,0.7466643389237726,1.0,1.0,1.0,0.0
TMT1A,0.3979572036468776,0.7539445892541974,1.0,1.0,0.0
TMTC1,0.33915748054420247,0.8083785040697123,1.0,1.0,0.0
TMTC2,0.5576452695420571,0.09491688040563935,0.0,1.0,0.0
TMTC3,0.5719493215622985,1.0,0.0,1.0,0.0
TMTC4,0.5256697635746956,0.16458479937928985,0.0,1.0,0.0
TNFAIP1,0.44915279659626345,0.7148628919691287,0.0,1.0,0.0
TNFAIP3,0.38914255188197294,0.04199014754669567,0.0,0.33333333333333326,0.0
TNFAIP8L1,0.5308464404201833,0.3717848310321993,0.0,1.0,0.0
TNFRSF10D,0.39843196578339596,0.3918011530796153,0.0,1.0,0.0
TNFRSF11B,0.49761780901564556,0.1618623043514204,1.0,0.33333333333333326,0.0
TNFRSF13B,0.5229709846563015,0.20196280113602907,0.0,0.33333333333333326,0.0
TNFRSF14,0.5081202384697571,0.35222850078173934,0.0,0.33333333333333326,0.0
TNFRSF17,0.6785224526960781,0.7351825092898971,0.0,1.0,0.0
TNFRSF19,0.6245020497009197,1.0,0.0,1.0,0.0
TNFRSF21,0.635637926536745,1.0,1.0,1.0,0.0
TNFRSF25,0.5843005369546154,0.2776030386976139,0.0,1.0,0.0
TNFRSF9,0.5604959314175426,0.6229692490904863,0.0,1.0,0.0
TNFSF13B,0.6253281384212256,0.7926967387714134,0.0,1.0,0.0
TNFSF9,0.4528457745785071,0.3009359648325222,0.0,0.33333333333333326,0.0
TNIP3,0.5953044540555109,0.5256260952992861,0.0,1.0,0.0
TNN,0.6002816149958717,1.0,1.0,1.0,0.0
TNNC1,0.35404094285643106,0.8567247719503766,0.0,1.0,0.0
TNNT2,0.3622314194480079,0.918521140037061,0.0,1.0,0.0
TNPO1,0.5307852531112485,0.1289389025839596,0.0,1.0,0.0
TNPO3,0.5074936105014964,0.07755924374638816,0.0,0.0,0.0
TNS1,0.40972445396145346,0.8858789870150292,0.0,0.33333333333333326,0.0
TNS2,0.36083519153886245,1.0,0.0,1.0,0.0
TNS3,0.41955332609532403,1.0,0.0,0.33333333333333326,0.0
TNS4,0.6735006564414014,1.0,1.0,1.0,0.0
TNXB,0.5671638801775949,0.5312917178559122,0.0,1.0,0.0
TOGARAM1,0.5828614113219752,1.0,0.0,0.33333333333333326,0.0
TOGARAM2,0.6106488356166642,0.6361574036525486,0.0,1.0,0.0
TOM1L1,0.451034492349026,0.0,0.0,1.0,0.0
TOMM34,0.53411465039564,0.809582638817794,1.0,1.0,0.0
TOP2A,0.6261577119240381,0.9979029407469459,0.0,0.33333333333333326,0.0
TOP6BL,0.6225183041147738,1.0,1.0,1.0,0.0
TOX,0.4524986458599189,0.32921661874051783,0.0,1.0,0.0
TOX2,0.3385267784523067,1.0,1.0,1.0,0.0
TOX3,0.5362902724648524,0.5945596696904959,0.0,1.0,0.0
TP53,0.5475347539682134,0.20924620181874892,1.0,1.0,0.0
TP53BP1,0.5788261423703098,1.0,0.0,1.0,0.0
TP53I13,0.5374685206137356,0.12138161089153279,0.0,1.0,0.0
TP53INP1,0.6279249456105689,1.0,0.0,1.0,0.0
TP63,0.7838301876731106,1.0,1.0,1.0,0.0
TP73,0.5432548324400311,1.0,0.0,0.33333333333333326,0.0
TPBG,0.5482091662905847,0.2672883648435125,1.0,1.0,0.0
TPCN1,0.448942023785479,0.5315218916692679,0.0,0.33333333333333326,0.0
TPD52L1,0.5428828666325957,0.32179811732117153,0.0,1.0,0.0
TPI1,0.49336641173759843,0.660259458900786,1.0,0.33333333333333326,0.0
TPK1,0.453870079888031,0.4296368010636412,0.0,1.0,0.0
TPM4,0.595961782945879,0.1522803342074159,0.0,1.0,0.0
TPPP,0.5583058845574801,0.11069428739020297,0.0,0.33333333333333326,0.0
TPPP3,0.71805092658371,1.0,1.0,1.0,0.0
TPST2,0.4147855995994048,1.0,0.0,1.0,0.0
TPX2,0.5766836459190718,0.9402283480875961,0.0,1.0,0.0
TRA2A,0.5787688404939606,0.5313678616104848,0.0,0.33333333333333326,0.0
TRADD,0.5509430414239475,0.5040382682565722,0.0,1.0,0.0
TRAF1,0.5610143417935842,0.573683661205799,0.0,1.0,0.0
TRAF3,0.577045700198321,0.850830242465623,1.0,1.0,0.0
TRAF3IP3,0.5938493962838705,0.27573014686761466,0.0,1.0,0.0
TRAF5,0.5967342376136345,1.0,1.0,1.0,0.0
TRAK2,0.4566397170087839,0.35496491770806854,0.0,0.33333333333333326,0.0
TRAM1,0.5482336057476309,0.17073096314562256,0.0,1.0,0.0
TRANK1,0.5699764320423399,1.0,1.0,1.0,0.0
TRAPPC9,0.5216886453378603,0.03605067301948214,0.0,1.0,0.0
TRAT1,0.5802423753555728,0.9144128691967914,1.0,1.0,0.0
TREM1,0.43568402755866115,0.3805536373763857,0.0,1.0,0.0
TREM2,0.584886629990772,0.2139096024158834,1.0,1.0,0.0
TRERF1,0.597901071813424,1.0,1.0,1.0,0.0
TRIB1,0.4594387137433777,0.09423414032133148,0.0,0.33333333333333326,0.0
TRIL,0.5698086727083652,0.7249527024803474,1.0,1.0,0.0
TRIM2,0.6499930320575683,1.0,1.0,1.0,0.0
TRIM22,0.5525731458992102,0.5395300100705694,0.0,1.0,0.0
TRIM27,0.525150133162387,0.02075888953604314,0.0,1.0,0.0
TRIM28,0.5271719450833464,0.10460918481742733,0.0,0.0,0.0
TRIM29,0.6518334096874322,1.0,1.0,1.0,0.0
TRIM32,0.5743976167581801,0.28688278866947947,0.0,1.0,0.0
TRIM36,0.6001316154500125,1.0,1.0,1.0,0.0
TRIM47,0.6100334824360265,0.2721860557554148,0.0,1.0,0.0
TRIM59,0.6054590578641436,1.0,0.0,1.0,0.0
TRIM6,0.5957480159373956,0.15931084231590345,0.0,1.0,0.0
TRIM68,0.5916542523813944,0.8266396037065873,0.0,1.0,0.0
TRIM69,0.5559611533100494,0.17126032185645965,0.0,1.0,0.0
TRIM8,0.5219546102050517,0.14156277687266278,0.0,1.0,0.0
TRIP10,0.4584345002277568,0.8762995406918148,0.0,0.33333333333333326,0.0
TRIP13,0.6070588975065974,1.0,0.0,1.0,0.0
TRMT10C,0.5033867269110494,0.24478313959900158,0.0,0.33333333333333326,0.0
TRMT13,0.5598512979336477,0.30897407400272914,0.0,1.0,0.0
TRMT1L,0.5942482190239975,0.8915871710608891,0.0,1.0,0.0
TRMT5,0.548794016984024,0.4138819811269587,0.0,0.33333333333333326,0.0
TRMT6,0.5044917470986657,0.3399993928152832,0.0,0.33333333333333326,0.0
TRO,0.6024952404642966,0.5514092824302086,0.0,1.0,0.0
TRPC1,0.5571352792396068,0.7425960779083448,0.0,1.0,0.0
TRPC3,0.3909878364598474,1.0,1.0,1.0,0.0
TRPC6,0.5873409653355576,0.17322299736526273,0.0,1.0,0.0
TRPS1,0.5765178494323476,1.0,1.0,1.0,0.0
TRPV2,0.5287057312651504,0.43272250521260813,0.0,0.33333333333333326,0.0
TRPV4,0.574288962314578,1.0,1.0,1.0,0.0
TRUB1,0.5481285113565463,0.489249766070032,1.0,1.0,0.0
TSC2,0.5254120115366169,0.6228917586441641,0.0,0.0,0.0
TSC22D3,0.38930034424668686,0.608719317331747,1.0,1.0,0.0
TSEN54,0.5263185376372328,0.1481964297951511,0.0,1.0,0.0
TSGA10,0.6176958363806241,1.0,1.0,1.0,0.0
TSHZ2,0.6408343999206337,1.0,1.0,1.0,0.0
TSKU,0.5702406363674931,0.30147788102543227,0.0,1.0,0.0
TSNAXIP1,0.5588434173656869,0.8680409482394151,0.0,1.0,0.0
TSPAN1,0.7210497146825344,1.0,0.0,1.0,0.0
TSPAN11,0.7020791413973265,1.0,1.0,1.0,0.0
TSPAN12,0.43216494320245424,0.23508936774011582,0.0,0.33333333333333326,0.0
TSPAN13,0.42157896618360785,0.26843795544609894,0.0,1.0,0.0
TSPAN14,0.4013024869280719,1.0,0.0,1.0,0.0
TSPAN2,0.618647432434764,1.0,0.0,1.0,0.0
TSPAN33,0.5381819179890441,0.22655439245618614,1.0,1.0,0.0
TSPAN5,0.5643142054815833,0.6257157369996441,0.0,1.0,0.0
TSPAN6,0.5985999405018978,1.0,1.0,1.0,0.0
TSPAN7,0.38493794023755323,0.8183006513723571,1.0,1.0,0.0
TSPAN8,0.6424008322469161,0.34687554444090185,0.0,1.0,0.0
TSPO,0.5240604530876674,0.4527389369493266,0.0,0.33333333333333326,0.0
TSPYL1,0.5244055992155934,0.056435825627090264,0.0,1.0,0.0
TSPYL2,0.42118604000357635,1.0,0.0,1.0,0.0
TSPYL4,0.5504181966793096,0.7695539827438374,1.0,1.0,0.0
TSR1,0.49947362698176656,0.05754275439240101,0.0,0.33333333333333326,0.0
TSR3,0.5179413615593018,0.1855659781987609,0.0,0.0,0.0
TST,0.4385128346522805,0.5673948354972822,0.0,1.0,0.0
TTC14,0.5691262402257699,0.3740088137734702,0.0,1.0,0.0
TTC21A,0.597345829975486,1.0,0.0,1.0,0.0
TTC22,0.5452880572216249,0.13316679317878546,0.0,1.0,0.0
TTC23L,0.5458890800160034,1.0,0.0,0.33333333333333326,0.0
TTC3,0.5921246180261365,1.0,0.0,1.0,0.0
TTC39A,0.416167105492402,1.0,0.0,1.0,0.0
TTC39C,0.6039703191018789,1.0,1.0,1.0,0.0
TTC8,0.5851220613622459,1.0,1.0,1.0,0.0
TTC9,0.5566128216112445,1.0,1.0,1.0,0.0
TTK,0.5651334912943218,1.0,0.0,1.0,0.0
TTLL5,0.5575163005832066,1.0,0.0,1.0,0.0
TTLL7,0.4726586702970272,0.08151788349669807,0.0,0.33333333333333326,0.0
TTN,0.21850622807313727,1.0,1.0,1.0,0.0
TTR,0.5895238744703921,0.5038659165644107,0.0,1.0,0.0
TUBB,0.5508618141492719,0.1699207019199901,0.0,0.33333333333333326,0.0
TUBB2A,0.5309264579421974,0.16813775187371743,0.0,0.33333333333333326,0.0
TUFM,0.5130969167534074,0.10262306759494007,0.0,0.0,0.0
TUFT1,0.44232490535502755,1.0,0.0,1.0,0.0
TULP3,0.5134137598139058,0.7030478926915581,1.0,0.33333333333333326,0.0
TULP4,0.5280300631228819,0.07438220175932543,1.0,1.0,0.0
TUSC1,0.4497679422319293,0.07868277808437826,0.0,1.0,0.0
TUSC3,0.5882900614429762,0.4137443139985247,0.0,1.0,0.0
TUT4,0.5422336172442628,1.0,0.0,1.0,0.0
TWIST2,0.4037695367450623,0.25760375766649973,0.0,1.0,0.0
TWSG1,0.546014408335022,1.0,1.0,1.0,0.0
TXLNB,0.5694914590412784,0.9078714662137133,0.0,1.0,0.0
TXN2,0.5019890253322347,0.1420780127439278,0.0,0.0,0.0
TXNDC15,0.5400427402537324,0.21368573868788943,0.0,1.0,0.0
TXNIP,0.4081872986938714,0.2606963586171617,0.0,0.33333333333333326,0.0
TXNRD1,0.3603373718213401,1.0,1.0,1.0,0.0
TYMP,0.5911041041998468,0.11171136225580794,0.0,0.33333333333333326,0.0
TYMS,0.655361391599463,1.0,0.0,1.0,0.0
TYRO3,0.46088873435222566,0.38888342449278374,0.0,0.33333333333333326,0.0
UBA1,0.5206302797447465,0.16121393475922355,0.0,0.0,0.0
UBA52,0.49299425723605633,0.14829005318766028,0.0,0.0,0.0
UBASH3A,0.5670831838896488,0.6789761676593346,1.0,1.0,0.0
UBD,0.8622336248774682,1.0,1.0,1.0,0.0
UBE2Z,0.5421798064270448,0.2721990039405526,0.0,1.0,0.0
UBFD1,0.5385492456031522,0.14748483944709054,0.0,1.0,0.0
UBLCP1,0.5511246950323977,0.08104314721625157,0.0,0.33333333333333326,0.0
UBN2,0.561975394997842,0.5874558375732825,0.0,1.0,0.0
UBTF,0.5337594726337689,0.3473157091110471,0.0,1.0,0.0
UBXN10,0.6405283189423266,1.0,1.0,1.0,0.0
UBXN11,0.5412233671413625,0.1995264517961908,0.0,1.0,0.0
UCHL1,0.5514739910590376,0.15314724208285752,0.0,1.0,0.0
UCP2,0.5936048650573378,0.2924116208174782,1.0,1.0,0.0
UFC1,0.5563521462731977,0.6812163220091866,0.0,1.0,0.0
UFSP2,0.5215513316835084,0.2025135582692835,0.0,1.0,0.0
UGCG,0.6012002344587266,0.7915999922706988,0.0,0.33333333333333326,0.0
UGT2B17,0.5629731291929232,1.0,0.0,1.0,0.0
UIMC1,0.4502936190294837,0.2250331359375978,0.0,1.0,0.0
UNC13B,0.3637796685008708,1.0,0.0,1.0,0.0
UNC13D,0.4065710029280551,1.0,0.0,1.0,0.0
UNC93B1,0.5423482034333555,0.11065858215914033,0.0,1.0,0.0
UPB1,0.4537049593071386,0.24211487794346803,0.0,1.0,0.0
UPF3B,0.5349824628729907,0.12309407861143186,0.0,1.0,0.0
UPK1B,0.5716903795421419,0.07652419260891437,0.0,1.0,0.0
UQCR10,0.4830391534820968,0.040960709010887504,0.0,0.33333333333333326,0.0
UQCR11,0.539639749535791,0.1274863062090497,0.0,1.0,0.0
UQCRB,0.5286068967153716,0.12082233802061323,0.0,1.0,0.0
UQCRC1,0.502829119836271,0.49270214642467425,1.0,0.33333333333333326,0.0
URB1,0.541422340989105,0.21817371841872374,0.0,1.0,0.0
URB2,0.49910591521347936,0.27202272297983354,0.0,0.33333333333333326,0.0
USF1,0.45830245835457856,0.577781702133868,0.0,1.0,0.0
USHBP1,0.3831939385084078,0.16498446297980165,0.0,1.0,0.0
USP11,0.548267091906307,0.04649476213283898,0.0,1.0,0.0
USP13,0.4116062222157992,0.9853450528269481,1.0,1.0,0.0
USP18,0.5643012563720445,0.46007429017020185,1.0,1.0,0.0
USP20,0.5317543843842646,0.075422355689789,0.0,1.0,0.0
USP28,0.5393469897012502,1.0,0.0,1.0,0.0
USP32,0.44462723278131944,1.0,0.0,1.0,0.0
USP40,0.48512614981465796,0.10405075799662179,0.0,0.33333333333333326,0.0
USP44,0.4366783172122297,0.8031397414784328,0.0,1.0,0.0
USP48,0.5471240964513889,0.13517972047421536,0.0,1.0,0.0
USP53,0.3735839536600606,1.0,1.0,1.0,0.0
USP54,0.42465903756364043,0.3259368261123786,0.0,1.0,0.0
UTP25,0.5313892617091884,0.26307831384437563,0.0,1.0,0.0
UVSSA,0.4678499489156643,0.6292727787901375,0.0,0.33333333333333326,0.0
UXT,0.4999845854925873,0.47736729618856855,0.0,0.33333333333333326,0.0
VAMP1,0.5326786462132453,0.2516244491220416,0.0,1.0,0.0
VAMP5,0.42302499730492704,1.0,0.0,1.0,0.0
VAMP8,0.5098445909586846,0.2785339619606064,0.0,0.33333333333333326,0.0
VANGL1,0.5701413106742762,1.0,1.0,1.0,0.0
VARS1,0.517934533926837,0.30938764798233054,0.0,0.33333333333333326,0.0
VASH1,0.579283400934004,0.19137158854729192,0.0,1.0,0.0
VASN,0.5197924486641278,0.5405681375553291,0.0,0.33333333333333326,0.0
VAT1,0.4981236086224409,0.20227474197408055,1.0,0.33333333333333326,0.0
VAT1L,0.5622806387979703,0.6059625125873908,0.0,1.0,0.0
VAV1,0.5086224246751008,0.057987562292658994,0.0,0.33333333333333326,0.0
VCAM1,0.7524521444665292,1.0,1.0,1.0,0.0
VCF2,0.5456331332743628,0.2508342267219606,0.0,1.0,0.0
VCL,0.442682829122201,0.3719880882527166,0.0,1.0,0.0
VCPKMT,0.4489049119888975,0.2365436190552036,0.0,0.33333333333333326,0.0
VDAC2,0.4620842514672697,1.0,0.0,1.0,0.0
VEGFA,0.419831601420322,0.7969883135384167,1.0,1.0,0.0
VEPH1,0.3388973604397174,0.4037881337899457,1.0,1.0,0.0
VGLL3,0.3667798302544501,1.0,1.0,1.0,0.0
VILL,0.5853808194474772,1.0,1.0,1.0,0.0
VIPAS39,0.5205813490395825,0.10555082165155709,0.0,0.0,0.0
VIPR1,0.14336746930597963,1.0,0.0,1.0,0.0
VKORC1,0.5103019921328442,0.41417377274524464,0.0,0.0,0.0
VKORC1L1,0.45277552529334075,0.8107841732701199,0.0,1.0,0.0
VLDLR,0.575900522150017,0.6883903512996177,1.0,1.0,0.0
VMA12,0.4629545992888856,1.0,0.0,1.0,0.0
VNN1,0.2801243314835433,1.0,0.0,1.0,0.0
VNN2,0.23963699664857088,1.0,0.0,1.0,0.0
VOPP1,0.5583845885175619,0.16088697359545606,0.0,1.0,0.0
VPS13A,0.5661030166531379,0.6882701241214991,0.0,0.33333333333333326,0.0
VPS13C,0.5413254372787583,0.8292679089444573,0.0,1.0,0.0
VPS13D,0.44780669324439126,0.08076946857432693,0.0,1.0,0.0
VPS26C,0.43356487105757874,1.0,0.0,1.0,0.0
VPS28,0.5098039005552731,0.08594101733197206,0.0,0.0,0.0
VPS39,0.49659739626076765,0.13949726415014416,0.0,0.0,0.0
VSIG1,0.7168348328512899,1.0,1.0,1.0,0.0
VSIG10,0.36904041775916524,1.0,1.0,1.0,0.0
VSIG2,0.5420652291643971,0.039733250497067836,0.0,0.33333333333333326,0.0
VSIG4,0.41512415553904336,1.0,0.0,1.0,0.0
VSNL1,0.6220379310190298,1.0,1.0,1.0,0.0
VSTM2L,0.5871573227695057,0.7490071399950154,1.0,1.0,0.0
VSX1,0.4372285982511105,0.11096482948528752,0.0,1.0,0.0
VTA1,0.5165685165271972,0.1124369526674892,0.0,1.0,0.0
VTCN1,0.6820412315723456,1.0,1.0,1.0,0.0
VTI1A,0.4525896895262323,0.07911542556055073,0.0,1.0,0.0
VWA1,0.6280491312059162,0.6265383324959508,0.0,1.0,0.0
VWA3A,0.6126011104561907,1.0,0.0,1.0,0.0
VWA5A,0.6041099573922128,1.0,1.0,1.0,0.0
VWA8,0.5270999572845498,0.14602845775099235,0.0,0.0,0.0
VWDE,0.5722482269828794,1.0,0.0,1.0,0.0
WASF3,0.3850301956472817,0.7214756797447307,1.0,1.0,0.0
WBP1L,0.5335299014343439,0.209479234227083,0.0,1.0,0.0
WDR19,0.4823581826767931,0.1782358033025662,0.0,0.33333333333333326,0.0
WDR24,0.5011132130427254,0.08608861270126594,0.0,0.0,0.0
WDR27,0.5297215045511935,0.48546980535782824,1.0,1.0,0.0
WDR3,0.5043613708039983,0.16164127381677518,0.0,0.33333333333333326,0.0
WDR35,0.5601351542203362,1.0,0.0,1.0,0.0
WDR38,0.6425122244164866,1.0,0.0,1.0,0.0
WDR41,0.5339999027029632,0.8038043132669189,0.0,1.0,0.0
WDR49,0.6530964894915732,1.0,1.0,1.0,0.0
WDR59,0.5015483570647218,0.07044094778009342,0.0,0.0,0.0
WDR5B,0.5426241668189559,0.5153720192917696,1.0,1.0,0.0
WEE1,0.5821233303538281,1.0,0.0,1.0,0.0
WFDC11,0.4618273976146459,0.12061406648770201,0.0,1.0,0.0
WFDC12,0.41974051311081106,1.0,0.0,1.0,0.0
WFDC2,0.6108826818929389,1.0,1.0,1.0,0.0
WFDC5,0.40995360318771923,0.1376609237449471,0.0,1.0,0.0
WFIKKN1,0.42865809432145885,0.07675175593825623,0.0,0.33333333333333326,0.0
WFS1,0.43257078059142534,0.4807689705835564,0.0,1.0,0.0
WIPF3,0.52479828830829,0.4422921938960626,0.0,1.0,0.0
WLS,0.5630936825733153,1.0,1.0,1.0,0.0
WNK1,0.48367059658113515,0.30025013640532217,0.0,0.33333333333333326,0.0
WNT10A,0.6870887631092721,1.0,0.0,0.33333333333333326,0.0
WNT2B,0.4911881178175655,0.5899091139391971,0.0,0.33333333333333326,0.0
WNT5A,0.5717639908914954,1.0,0.0,1.0,0.0
WNT5B,0.5793698513438191,0.15262821512429325,0.0,1.0,0.0
WNT7A,0.45116183811239446,0.5701997892343084,1.0,1.0,0.0
WRAP53,0.5247041932482039,0.036808687820149684,0.0,1.0,0.0
WRN,0.4801957875913761,0.061775593429567933,0.0,0.33333333333333326,0.0
WSB2,0.45667566562962597,0.6908663134436108,0.0,1.0,0.0
WWC2,0.36538274729232845,1.0,1.0,1.0,0.0
WWC3,0.3827418500086552,1.0,0.0,0.33333333333333326,0.0
XAF1,0.5976801725275109,0.2648227968907106,0.0,1.0,0.0
XBP1,0.5616248035950564,0.7514069906902211,0.0,0.33333333333333326,0.0
XCR1,0.5163040499301567,0.19303183806779797,0.0,1.0,0.0
XG,0.5393496621502036,0.9853082781839043,1.0,1.0,0.0
XK,0.45692711846545253,0.058506368560493245,0.0,1.0,0.0
XPO1,0.549917365700319,0.2110292412450268,0.0,1.0,0.0
XPR1,0.5397487938407652,0.655550888531699,1.0,1.0,0.0
XYLT1,0.36511033170839113,1.0,0.0,0.33333333333333326,0.0
YARS1,0.44107030705482897,1.0,1.0,1.0,0.0
YBX3,0.4304491872827785,0.6562571301698082,0.0,0.33333333333333326,0.0
YES1,0.4356749366082417,0.6712968993153456,0.0,0.33333333333333326,0.0
YIF1A,0.46488207018356403,0.30587840409861705,0.0,0.33333333333333326,0.0
YIPF2,0.5294788689594734,0.21395177190346248,0.0,1.0,0.0
YIPF3,0.5073356616867245,0.055053120103555495,0.0,0.0,0.0
YRDC,0.4179142372989004,1.0,0.0,0.33333333333333326,0.0
ZAP70,0.589090360033777,0.14743309129150284,0.0,1.0,0.0
ZBBX,0.8209541370644634,1.0,0.0,1.0,0.0
ZBED11,0.4957398058140245,0.1783941593076173,0.0,0.33333333333333326,0.0
ZBED2,0.35313897956561846,0.21856923584057278,0.0,0.33333333333333326,0.0
ZBED8,0.6413406048561231,1.0,0.0,1.0,0.0
ZBP1,0.5876147641556525,0.4876108411930179,0.0,0.33333333333333326,0.0
ZBTB16,0.22800611982921498,1.0,1.0,1.0,0.0
ZBTB20,0.5402758182513345,0.3282390818771845,0.0,0.33333333333333326,0.0
ZBTB21,0.47386171370373564,0.11912331346561454,1.0,0.33333333333333326,0.0
ZBTB41,0.5580295013245892,0.3092399005436989,0.0,1.0,0.0
ZBTB7C,0.5798771027276021,0.9299629570162379,0.0,1.0,0.0
ZBTB8OS,0.4670095026833148,0.34632325292102,0.0,1.0,0.0
ZBTB9,0.5031501181757915,0.7025627977367539,1.0,0.33333333333333326,0.0
ZC2HC1A,0.564643795596122,0.6665183941251838,0.0,0.33333333333333326,0.0
ZC3H12C,0.42994304763374613,0.489195043106296,1.0,1.0,0.0
ZC3H7A,0.4638815284366676,0.09250651379367307,0.0,1.0,0.0
ZC3HAV1L,0.5565959449588344,0.1004309690223455,0.0,1.0,0.0
ZCCHC13,0.47901290374872246,0.09925772359053117,0.0,1.0,0.0
ZCCHC17,0.537465278581772,0.0672905755859647,0.0,1.0,0.0
ZCRB1,0.5389616957840254,0.30076408707312835,0.0,1.0,0.0
ZDHHC1,0.5438668587745518,0.6473166431935252,1.0,1.0,0.0
ZDHHC13,0.5903126752820967,1.0,0.0,1.0,0.0
ZDHHC23,0.5524328527665263,0.5109250805505857,0.0,1.0,0.0
ZDHHC3,0.5040855754742715,0.07467689932316335,0.0,0.33333333333333326,0.0
ZFAND2A,0.44587350662056924,1.0,0.0,1.0,0.0
ZFAND5,0.4369258130652617,1.0,1.0,1.0,0.0
ZFHX2,0.560224025739123,0.23970132201042746,0.0,1.0,0.0
ZFHX3,0.4468199458078342,0.14706843009489573,0.0,0.33333333333333326,0.0
ZFP14,0.5200802076864582,0.5282460571428075,0.0,1.0,0.0
ZFP3,0.584664330755252,0.886653715272952,0.0,0.33333333333333326,0.0
ZFP30,0.5355825046839882,0.3828909569004343,1.0,1.0,0.0
ZFP36,0.3629531126773124,0.4391600697662279,0.0,0.33333333333333326,0.0
ZFP37,0.5367437808434825,0.9252125125532915,0.0,1.0,0.0
ZFP62,0.5523824139797947,0.34452310992203994,0.0,1.0,0.0
ZFP64,0.5611975956231678,0.238742489552687,0.0,1.0,0.0
ZFP82,0.5669038824230729,0.9946012761640728,0.0,1.0,0.0
ZFYVE16,0.5281423219584791,0.349024420647747,0.0,1.0,0.0
ZFYVE21,0.5116250170648449,0.012090669863343489,0.0,0.0,0.0
ZG16B,0.6468910237002578,0.2837541199880055,0.0,1.0,0.0
ZHX3,0.43562339486053,0.4036682216154959,0.0,1.0,0.0
ZKSCAN1,0.5749087551968436,0.7255213117829238,0.0,0.33333333333333326,0.0
ZKSCAN2,0.5132180997565107,0.017308477776378155,0.0,1.0,0.0
ZKSCAN7,0.5851887882930933,0.19520536331854318,0.0,1.0,0.0
ZKSCAN8,0.5284266882637905,0.32756983335517,0.0,1.0,0.0
ZMAT3,0.6599236005602253,1.0,1.0,1.0,0.0
ZMIZ2,0.5419333517416861,0.47322903958261375,0.0,1.0,0.0
ZMPSTE24,0.5319457612617905,0.07066783141373398,0.0,1.0,0.0
ZNF106,0.4328401958157742,0.3337894388560459,0.0,1.0,0.0
ZNF107,0.5348253135869055,0.9015477850544668,0.0,0.33333333333333326,0.0
ZNF117,0.5740007075579955,0.7015176979401186,0.0,1.0,0.0
ZNF133,0.5064852011396543,0.06629746245155557,0.0,0.0,0.0
ZNF135,0.5202539575295057,0.13984580138225103,0.0,0.33333333333333326,0.0
ZNF154,0.5718945335425033,1.0,0.0,1.0,0.0
ZNF17,0.5344007302636441,0.2956975189637776,1.0,1.0,0.0
ZNF174,0.5217249029254405,0.0853190685887715,1.0,1.0,0.0
ZNF184,0.5400779601946752,0.6963482937706889,0.0,1.0,0.0
ZNF189,0.5229529696280111,0.21022343288255702,0.0,1.0,0.0
ZNF19,0.5184629476675562,0.26117555684557725,1.0,0.33333333333333326,0.0
ZNF195,0.5162099261730414,0.09541948217678138,0.0,1.0,0.0
ZNF211,0.5443246512654043,0.2664786632637361,0.0,1.0,0.0
ZNF217,0.5439427367556724,0.1822516457128472,0.0,1.0,0.0
ZNF248,0.5727765084433393,0.7541473369948076,0.0,1.0,0.0
ZNF253,0.5371367342996975,0.4430621354592884,0.0,0.33333333333333326,0.0
ZNF257,0.5162761509753211,0.19478759187335548,0.0,0.33333333333333326,0.0
ZNF260,0.6068465764784091,1.0,0.0,1.0,0.0
ZNF264,0.5693938682119941,0.2600846309819244,0.0,1.0,0.0
ZNF273,0.5846969032688275,1.0,1.0,1.0,0.0
ZNF284,0.5445428018968406,0.24910593757401547,0.0,1.0,0.0
ZNF286A,0.5251956811126536,0.1648037176893494,0.0,1.0,0.0
ZNF287,0.5375663674608014,0.4704614588215514,0.0,0.33333333333333326,0.0
ZNF292,0.542234471061506,0.6795792375018243,0.0,1.0,0.0
ZNF3,0.5447911674449107,0.0030398102521320713,0.0,1.0,0.0
ZNF300,0.549539514864321,0.7156856360309535,0.0,1.0,0.0
ZNF302,0.5922314913860651,0.5567218773172654,0.0,0.33333333333333326,0.0
ZNF322,0.5455229342451545,0.2667331185808836,0.0,1.0,0.0
ZNF331,0.37358274797015106,1.0,0.0,1.0,0.0
ZNF33A,0.5234312469190404,0.31974626360286207,0.0,1.0,0.0
ZNF341,0.5210606511978569,0.012099132960055043,0.0,1.0,0.0
ZNF354B,0.5182237639484335,0.3373906789995819,0.0,0.33333333333333326,0.0
ZNF366,0.3940963216053982,1.0,0.0,1.0,0.0
ZNF382,0.5373658109125313,0.9253874416654531,1.0,1.0,0.0
ZNF385A,0.556194436588176,0.46133974011004275,0.0,1.0,0.0
ZNF385B,0.2728859526985401,1.0,1.0,1.0,0.0
ZNF385D,0.6524231471706156,1.0,0.0,1.0,0.0
ZNF404,0.5485914681185543,0.05943623870256227,0.0,0.33333333333333326,0.0
ZNF423,0.56176166911872,0.7842877510814069,1.0,1.0,0.0
ZNF428,0.5447426650177563,0.12290377379442263,0.0,1.0,0.0
ZNF43,0.5487177921179041,0.8686449422543441,1.0,1.0,0.0
ZNF436,0.6052909244193232,1.0,1.0,1.0,0.0
ZNF438,0.44820347408550076,0.6361884286706738,1.0,1.0,0.0
ZNF462,0.5632313921162554,0.699837145567322,0.0,1.0,0.0
ZNF467,0.48424100007439275,0.05592184513100974,0.0,0.0,0.0
ZNF474,0.6287309257996455,1.0,0.0,1.0,0.0
ZNF483,0.5227508852898481,1.0,0.0,0.33333333333333326,0.0
ZNF484,0.524937919909182,0.30355527510491853,0.0,0.33333333333333326,0.0
ZNF492,0.4820623321399423,0.3401668007024254,0.0,0.33333333333333326,0.0
ZNF512,0.554100623242301,0.5778004226253552,0.0,0.33333333333333326,0.0
ZNF514,0.5798201914606477,0.2156158232613677,0.0,0.33333333333333326,0.0
ZNF518A,0.609706016507318,0.6130233303031154,0.0,0.33333333333333326,0.0
ZNF521,0.6601327814796834,1.0,1.0,1.0,0.0
ZNF544,0.552621873986203,0.18997022766716798,0.0,1.0,0.0
ZNF546,0.5321229026568736,0.32249975964880023,0.0,0.33333333333333326,0.0
ZNF550,0.5357652663442051,0.4974747690765539,0.0,1.0,0.0
ZNF561,0.5415346293243365,0.507883988159503,0.0,1.0,0.0
ZNF564,0.5474726225949268,0.3716089880850703,0.0,1.0,0.0
ZNF566,0.540246762815772,0.21733201762932328,0.0,1.0,0.0
ZNF573,0.6066926156181321,0.36423923364519245,0.0,0.33333333333333326,0.0
ZNF580,0.5054030939553612,0.1402220942844169,1.0,0.33333333333333326,0.0
ZNF594,0.570399740962555,0.7094673738756945,0.0,1.0,0.0
ZNF605,0.5642817848315992,0.09539374399376087,0.0,1.0,0.0
ZNF606,0.5525811479364162,0.09535733077573062,0.0,1.0,0.0
ZNF607,0.5708469795761385,1.0,0.0,0.33333333333333326,0.0
ZNF618,0.5700246333561627,0.2529395048834417,0.0,1.0,0.0
ZNF622,0.45586168858019865,0.8252300924243815,0.0,1.0,0.0
ZNF627,0.5752681163020565,0.061421608569324056,0.0,1.0,0.0
ZNF667,0.5324376393320228,0.15426796878936005,0.0,1.0,0.0
ZNF671,0.5374121504904245,0.17869287649605406,0.0,1.0,0.0
ZNF675,0.5228678299173438,0.3236587795219809,0.0,1.0,0.0
ZNF680,0.5531470780992229,0.5563257389170918,0.0,1.0,0.0
ZNF683,0.6474709648744962,0.9719514879529416,0.0,0.33333333333333326,0.0
ZNF711,0.6090145813152722,1.0,1.0,1.0,0.0
ZNF713,0.557582435315338,1.0,0.0,0.33333333333333326,0.0
ZNF717,0.5253071289714847,0.20312763269716827,1.0,0.33333333333333326,0.0
ZNF763,0.5525372942036083,0.19001308129195604,0.0,1.0,0.0
ZNF780B,0.5746365429377298,0.9767973945374915,0.0,1.0,0.0
ZNF786,0.5271360543703253,0.2131492093565917,0.0,1.0,0.0
ZNF792,0.46096202076554293,0.3703895581218408,0.0,1.0,0.0
ZNF793,0.536651340930042,1.0,0.0,1.0,0.0
ZNF823,0.5133357895539296,0.11156421308129662,0.0,0.33333333333333326,0.0
ZNF827,0.5846725873761477,1.0,0.0,1.0,0.0
ZNF83,0.5498142029213143,0.37614732485196717,0.0,1.0,0.0
ZNF831,0.5813435881064501,0.3173204129224821,0.0,0.33333333333333326,0.0
ZNF84,0.5450035261298936,0.16561873343946645,0.0,1.0,0.0
ZNF844,0.5350271282083117,0.22145322738826395,0.0,1.0,0.0
ZNF853,0.5496176165151013,0.16946579678108528,0.0,1.0,0.0
ZNF875,0.5576451576410777,0.4208718364412227,0.0,1.0,0.0
ZNF91,0.5903900440154052,0.7042958351122972,0.0,0.33333333333333326,0.0
ZNF93,0.5364554182255081,0.7142611901347482,1.0,1.0,0.0
ZNHIT6,0.5344406752902485,0.3260219033755024,0.0,1.0,0.0
ZRANB2,0.5559223303935076,0.49839523520759443,0.0,1.0,0.0
ZSCAN26,0.5701980251955969,0.6709516833835727,0.0,1.0,0.0
ZSCAN4,0.5491600987328504,0.14412321701172828,0.0,1.0,0.0
ZXDA,0.528243366202735,0.03814982549994113,0.0,1.0,0.0
ZYG11B,0.5041259393616382,0.41807473067577533,0.0,0.0,0.0
ZYX,0.5085418948247743,0.43135786138538074,0.0,0.33333333333333326,0.0
