2026-04-29 14:40:27 [INFO] riker.config: Config loaded: condition=IPF_blind, 3 discovery + 2 replication datasets.
2026-04-29 14:40:28 [INFO] riker: ============================================================
2026-04-29 14:40:28 [INFO] riker: PHASE 1: Cross-Referencing
2026-04-29 14:40:28 [INFO] riker: ============================================================
2026-04-29 14:40:29 [INFO] riker.ingestion.gene_db: Loading HGNC data from /home/kai001/riker-engine/data/hgnc/hgnc_complete_set.txt...
2026-04-29 14:40:37 [INFO] riker.ingestion.gene_db: HGNC resolver loaded: 44981 approved symbols, 57613 aliases/previous symbols mapped.
2026-04-29 14:40:38 [INFO] riker.ingestion.gene_db: Loaded 19296 seed genes from /home/kai001/riker-engine/data/seeds/all_protein_coding_genes.csv. 0 symbols remapped via HGNC.
2026-04-29 14:40:38 [INFO] riker: Loaded 19296 seed genes.
2026-04-29 14:40:38 [INFO] riker: Loading dataset: GSE32537
/home/kai001/riker-engine/riker/cli.py:135: UserWarning: Sample GSM806206 value 'age: 52 | gender: male | final diagnosis: uf | repository: ltrc | tissue source: r middle | preservative: frozen | rin: 8.9 | smoking status: former | quit how many years ago: 45 | pack years: 1 | st. george's total score: 65.88 | fvc pre-bronchodilator % predicted: 50.8848 | dlco % predicted: 63.1221' did not match any case (['final diagnosis: ipf/uip']) or control (['final diagnosis: control']) values.
  pheno = extractor.extract(
/home/kai001/riker-engine/riker/cli.py:135: UserWarning: Sample GSM806211 value 'age: 52 | gender: male | final diagnosis: rb-ild | repository: ltrc | tissue source: r middle | preservative: rnalater | rin: 9.1 | smoking status: nonsmoker | quit how many years ago: nonsmoker | pack years: 0 | st. george's total score: 55.32 | fvc pre-bronchodilator % predicted: 90.7622 |' did not match any case (['final diagnosis: ipf/uip']) or control (['final diagnosis: control']) values.
  pheno = extractor.extract(
/home/kai001/riker-engine/riker/cli.py:135: UserWarning: Sample GSM806213 value 'age: 65 | gender: male | final diagnosis: nsip | repository: ltrc | tissue source: r lower | preservative: frozen | rin: 7.1 | smoking status: former | quit how many years ago: 25 | pack years: 10 | st. george's total score: 30.73 | fvc pre-bronchodilator % predicted: 91.7951 | dlco % predicted: 74.6446' did not match any case (['final diagnosis: ipf/uip']) or control (['final diagnosis: control']) values.
  pheno = extractor.extract(
/home/kai001/riker-engine/riker/cli.py:135: UserWarning: Sample GSM806215 value 'age: 48 | gender: male | final diagnosis: dip | repository: ltrc | tissue source: r lower | preservative: frozen | rin: 8.8 | smoking status: former | quit how many years ago: -- | pack years: 30 | st. george's total score: 64.34 | fvc pre-bronchodilator % predicted: 68.2051 | dlco % predicted: --' did not match any case (['final diagnosis: ipf/uip']) or control (['final diagnosis: control']) values.
  pheno = extractor.extract(
/home/kai001/riker-engine/riker/cli.py:135: UserWarning: Sample GSM806217 value 'age: 55 | gender: female | final diagnosis: uf | repository: ltrc | tissue source: l lower | preservative: rnalater | rin: 8.6 | smoking status: nonsmoker | quit how many years ago: nonsmoker | pack years: 0 | st. george's total score: 80.44 | fvc pre-bronchodilator % predicted: 28.6962 | dlco % predicted: 16.8638' did not match any case (['final diagnosis: ipf/uip']) or control (['final diagnosis: control']) values.
  pheno = extractor.extract(
/home/kai001/riker-engine/riker/cli.py:135: UserWarning: Sample GSM806218 value 'age: 55 | gender: male | final diagnosis: nsip | repository: ltrc | tissue source: r lower | preservative: frozen | rin: 8.8 | smoking status: current | quit how many years ago: 0 | pack years: 57 | st. george's total score: 42.48 | fvc pre-bronchodilator % predicted: 66.2241 | dlco % predicted: 50.8655' did not match any case (['final diagnosis: ipf/uip']) or control (['final diagnosis: control']) values.
  pheno = extractor.extract(
/home/kai001/riker-engine/riker/cli.py:135: UserWarning: Sample GSM806224 value 'age: 53 | gender: female | final diagnosis: nsip | repository: ltrc | tissue source: r lower | preservative: frozen | rin: 7.4 | smoking status: former | quit how many years ago: 3 | pack years: 45 | st. george's total score: 48.47 | fvc pre-bronchodilator % predicted: 73.8903 | dlco % predicted: 71.0345' did not match any case (['final diagnosis: ipf/uip']) or control (['final diagnosis: control']) values.
  pheno = extractor.extract(
/home/kai001/riker-engine/riker/cli.py:135: UserWarning: Sample GSM806233 value 'age: 74 | gender: male | final diagnosis: uf | repository: ltrc | tissue source: l upper | preservative: frozen | rin: 8.6 | smoking status: former | quit how many years ago: 40 | pack years: 20 | st. george's total score: 27.34 | fvc pre-bronchodilator % predicted: 82.5965 | dlco % predicted: 57.1213' did not match any case (['final diagnosis: ipf/uip']) or control (['final diagnosis: control']) values.
  pheno = extractor.extract(
/home/kai001/riker-engine/riker/cli.py:135: UserWarning: Sample GSM806244 value 'age: 39 | gender: male | final diagnosis: rb-ild | repository: ltrc | tissue source: r lower | preservative: frozen | rin: 8.5 | smoking status: former | quit how many years ago: 1 | pack years: 35 | st. george's total score: 53.8 | fvc pre-bronchodilator % predicted: 93.5305 | dlco % predicted: 76.9721' did not match any case (['final diagnosis: ipf/uip']) or control (['final diagnosis: control']) values.
  pheno = extractor.extract(
/home/kai001/riker-engine/riker/cli.py:135: UserWarning: Sample GSM806245 value 'age: 53 | gender: male | final diagnosis: nsip | repository: ltrc | tissue source: l lower | preservative: frozen | rin: 8.7 | smoking status: former | quit how many years ago: 8 | pack years: 75 | st. george's total score: 71.61 | fvc pre-bronchodilator % predicted: 103.375 | dlco % predicted: --' did not match any case (['final diagnosis: ipf/uip']) or control (['final diagnosis: control']) values.
  pheno = extractor.extract(
/home/kai001/riker-engine/riker/cli.py:135: UserWarning: Sample GSM806246 value 'age: 46 | gender: male | final diagnosis: rb-ild | repository: ltrc | tissue source: r middle | preservative: frozen | rin: 8.9 | smoking status: former | quit how many years ago: -- | pack years: 70 | st. george's total score: 32.77 | fvc pre-bronchodilator % predicted: 61.7265 | dlco % predicted: 44.8848' did not match any case (['final diagnosis: ipf/uip']) or control (['final diagnosis: control']) values.
  pheno = extractor.extract(
/home/kai001/riker-engine/riker/cli.py:135: UserWarning: Sample GSM806248 value 'age: 77 | gender: male | final diagnosis: uf | repository: ltrc | tissue source: r upper | preservative: rnalater | rin: 8.3 | smoking status: former | quit how many years ago: 32 | pack years: 20 | st. george's total score: 27.04 | fvc pre-bronchodilator % predicted: 111.798 | dlco % predicted: --' did not match any case (['final diagnosis: ipf/uip']) or control (['final diagnosis: control']) values.
  pheno = extractor.extract(
/home/kai001/riker-engine/riker/cli.py:135: UserWarning: Sample GSM806249 value 'age: 47 | gender: female | final diagnosis: nsip | repository: ltrc | tissue source: r lower | preservative: frozen | rin: 8.3 | smoking status: former | quit how many years ago: 15 | pack years: 15 | st. george's total score: 38.54 | fvc pre-bronchodilator % predicted: 63.6565 | dlco % predicted: 57.4016' did not match any case (['final diagnosis: ipf/uip']) or control (['final diagnosis: control']) values.
  pheno = extractor.extract(
/home/kai001/riker-engine/riker/cli.py:135: UserWarning: Sample GSM806256 value 'age: 50 | gender: female | final diagnosis: nsip | repository: ltrc | tissue source: r middle | preservative: frozen | rin: 6.2 | smoking status: former | quit how many years ago: 21 | pack years: 10 | st. george's total score: 47.15 | fvc pre-bronchodilator % predicted: 87.2304 | dlco % predicted: 72.9549' did not match any case (['final diagnosis: ipf/uip']) or control (['final diagnosis: control']) values.
  pheno = extractor.extract(
/home/kai001/riker-engine/riker/cli.py:135: UserWarning: Sample GSM806265 value 'age: 57 | gender: male | final diagnosis: nsip | repository: ltrc | tissue source: l lower | preservative: frozen | rin: 8.6 | smoking status: former | quit how many years ago: 30 | pack years: 1 | st. george's total score: 61.96 | fvc pre-bronchodilator % predicted: 70.129 | dlco % predicted: 29.6146' did not match any case (['final diagnosis: ipf/uip']) or control (['final diagnosis: control']) values.
  pheno = extractor.extract(
/home/kai001/riker-engine/riker/cli.py:135: UserWarning: Sample GSM806266 value 'age: 50 | gender: female | final diagnosis: cop | repository: ltrc | tissue source: r upper | preservative: frozen | rin: 8.1 | smoking status: -- | quit how many years ago: -- | pack years: -- | st. george's total score: 0 | fvc pre-bronchodilator % predicted: 105.122 | dlco % predicted: 108.064' did not match any case (['final diagnosis: ipf/uip']) or control (['final diagnosis: control']) values.
  pheno = extractor.extract(
/home/kai001/riker-engine/riker/cli.py:135: UserWarning: Sample GSM806270 value 'age: 32 | gender: female | final diagnosis: rb-ild | repository: ltrc | tissue source: l upper | preservative: frozen | rin: 8.7 | smoking status: current | quit how many years ago: 0 | pack years: 18 | st. george's total score: 51.17 | fvc pre-bronchodilator % predicted: 93.0329 | dlco % predicted: 60.4317' did not match any case (['final diagnosis: ipf/uip']) or control (['final diagnosis: control']) values.
  pheno = extractor.extract(
/home/kai001/riker-engine/riker/cli.py:135: UserWarning: Sample GSM806271 value 'age: 55 | gender: male | final diagnosis: dip | repository: ltrc | tissue source: r lower | preservative: frozen | rin: 7.8 | smoking status: former | quit how many years ago: 1 | pack years: 40 | st. george's total score: 68.21 | fvc pre-bronchodilator % predicted: 67.0009 | dlco % predicted: --' did not match any case (['final diagnosis: ipf/uip']) or control (['final diagnosis: control']) values.
  pheno = extractor.extract(
/home/kai001/riker-engine/riker/cli.py:135: UserWarning: Sample GSM806272 value 'age: 56 | gender: male | final diagnosis: dip | repository: ltrc | tissue source: r lower | preservative: rnalater | rin: 7.1 | smoking status: nonsmoker | quit how many years ago: nonsmoker | pack years: 0 | st. george's total score: 74.03 | fvc pre-bronchodilator % predicted: 56.8336 | dlco % predicted: 54.2864' did not match any case (['final diagnosis: ipf/uip']) or control (['final diagnosis: control']) values.
  pheno = extractor.extract(
/home/kai001/riker-engine/riker/cli.py:135: UserWarning: Sample GSM806280 value 'age: 77 | gender: male | final diagnosis: uf | repository: ltrc | tissue source: r lower | preservative: frozen | rin: 5.7 | smoking status: nonsmoker | quit how many years ago: nonsmoker | pack years: 0 | st. george's total score: 18.48 | fvc pre-bronchodilator % predicted: 68.6391 | dlco % predicted: 58.334' did not match any case (['final diagnosis: ipf/uip']) or control (['final diagnosis: control']) values.
  pheno = extractor.extract(
/home/kai001/riker-engine/riker/cli.py:135: UserWarning: Sample GSM806282 value 'age: 41 | gender: female | final diagnosis: nsip | repository: ltrc | tissue source: l upper | preservative: frozen | rin: 7.8 | smoking status: nonsmoker | quit how many years ago: nonsmoker | pack years: 0 | st. george's total score: 62.01 | fvc pre-bronchodilator % predicted: 80.0679 | dlco % predicted: 65.6709' did not match any case (['final diagnosis: ipf/uip']) or control (['final diagnosis: control']) values.
  pheno = extractor.extract(
/home/kai001/riker-engine/riker/cli.py:135: UserWarning: Sample GSM806283 value 'age: 58 | gender: male | final diagnosis: rb-ild | repository: ltrc | tissue source: r upper | preservative: frozen | rin: 7 | smoking status: former | quit how many years ago: 2 | pack years: 90 | st. george's total score: 34.13 | fvc pre-bronchodilator % predicted: 92.1677 | dlco % predicted: 75.9881' did not match any case (['final diagnosis: ipf/uip']) or control (['final diagnosis: control']) values.
  pheno = extractor.extract(
/home/kai001/riker-engine/riker/cli.py:135: UserWarning: Sample GSM806288 value 'age: 62 | gender: female | final diagnosis: rb-ild | repository: ltrc | tissue source: r lower | preservative: rnalater | rin: 6.1 | smoking status: former | quit how many years ago: 14 | pack years: 90 | st. george's total score: 8.24 | fvc pre-bronchodilator % predicted: 97.3079 | dlco % predicted: 104.885' did not match any case (['final diagnosis: ipf/uip']) or control (['final diagnosis: control']) values.
  pheno = extractor.extract(
/home/kai001/riker-engine/riker/cli.py:135: UserWarning: Sample GSM806289 value 'age: 58 | gender: female | final diagnosis: uf | repository: ltrc | tissue source: r upper | preservative: frozen | rin: 8.4 | smoking status: former | quit how many years ago: 9 | pack years: 45 | st. george's total score: 41.33 | fvc pre-bronchodilator % predicted: 81.7356 | dlco % predicted: 33.5987' did not match any case (['final diagnosis: ipf/uip']) or control (['final diagnosis: control']) values.
  pheno = extractor.extract(
/home/kai001/riker-engine/riker/cli.py:135: UserWarning: Sample GSM806295 value 'age: 45 | gender: male | final diagnosis: uf | repository: ltrc | tissue source: r lower | preservative: frozen | rin: 9.4 | smoking status: nonsmoker | quit how many years ago: nonsmoker | pack years: 0 | st. george's total score: 74.6 | fvc pre-bronchodilator % predicted: 43.0541 | dlco % predicted: --' did not match any case (['final diagnosis: ipf/uip']) or control (['final diagnosis: control']) values.
  pheno = extractor.extract(
/home/kai001/riker-engine/riker/cli.py:135: UserWarning: Sample GSM806296 value 'age: 49 | gender: female | final diagnosis: nsip | repository: ltrc | tissue source: r lower | preservative: frozen | rin: 8.5 | smoking status: former | quit how many years ago: 26 | pack years: 10 | st. george's total score: 62.53 | fvc pre-bronchodilator % predicted: 50.6299 | dlco % predicted: 43.4922' did not match any case (['final diagnosis: ipf/uip']) or control (['final diagnosis: control']) values.
  pheno = extractor.extract(
/home/kai001/riker-engine/riker/cli.py:135: UserWarning: Sample GSM806303 value 'age: 73 | gender: male | final diagnosis: nsip | repository: ltrc | tissue source: l lower | preservative: frozen | rin: 8 | smoking status: nonsmoker | quit how many years ago: nonsmoker | pack years: 0 | st. george's total score: 76.95 | fvc pre-bronchodilator % predicted: 42.026 | dlco % predicted: 30.8978' did not match any case (['final diagnosis: ipf/uip']) or control (['final diagnosis: control']) values.
  pheno = extractor.extract(
/home/kai001/riker-engine/riker/cli.py:135: UserWarning: Sample GSM806304 value 'age: 61 | gender: male | final diagnosis: cop | repository: ltrc | tissue source: r lower | preservative: frozen | rin: 8.1 | smoking status: former | quit how many years ago: 29 | pack years: 5 | st. george's total score: 0.79 | fvc pre-bronchodilator % predicted: 93.7093 | dlco % predicted: 89.3145' did not match any case (['final diagnosis: ipf/uip']) or control (['final diagnosis: control']) values.
  pheno = extractor.extract(
/home/kai001/riker-engine/riker/cli.py:135: UserWarning: Sample GSM806311 value 'age: 54 | gender: female | final diagnosis: nsip | repository: ltrc | tissue source: r lower | preservative: frozen | rin: 9.2 | smoking status: nonsmoker | quit how many years ago: nonsmoker | pack years: 0 | st. george's total score: 61.85 | fvc pre-bronchodilator % predicted: 79.7006 | dlco % predicted: 96.6294' did not match any case (['final diagnosis: ipf/uip']) or control (['final diagnosis: control']) values.
  pheno = extractor.extract(
/home/kai001/riker-engine/riker/cli.py:135: UserWarning: Sample GSM806312 value 'age: 40 | gender: male | final diagnosis: nsip | repository: ltrc | tissue source: r lower | preservative: frozen | rin: 8.2 | smoking status: -- | quit how many years ago: -- | pack years: -- | st. george's total score: 0 | fvc pre-bronchodilator % predicted: 27.8666 | dlco % predicted: ?' did not match any case (['final diagnosis: ipf/uip']) or control (['final diagnosis: control']) values.
  pheno = extractor.extract(
/home/kai001/riker-engine/riker/cli.py:135: UserWarning: Sample GSM806317 value 'age: 47 | gender: male | final diagnosis: uf | repository: ltrc | tissue source: r lower | preservative: frozen | rin: 7.9 | smoking status: former | quit how many years ago: 3 | pack years: 25 | st. george's total score: 51.87 | fvc pre-bronchodilator % predicted: 46.1464 | dlco % predicted: 49.4464' did not match any case (['final diagnosis: ipf/uip']) or control (['final diagnosis: control']) values.
  pheno = extractor.extract(
/home/kai001/riker-engine/riker/cli.py:135: UserWarning: Sample GSM806319 value 'age: 59 | gender: female | final diagnosis: rb-ild | repository: ltrc | tissue source: r lower | preservative: frozen | rin: 7.8 | smoking status: former | quit how many years ago: 1 | pack years: 20 | st. george's total score: 19.97 | fvc pre-bronchodilator % predicted: 66.8795 | dlco % predicted: 92.3694' did not match any case (['final diagnosis: ipf/uip']) or control (['final diagnosis: control']) values.
  pheno = extractor.extract(
/home/kai001/riker-engine/riker/cli.py:135: UserWarning: Sample GSM806323 value 'age: 67 | gender: female | final diagnosis: rb-ild | repository: ltrc | tissue source: l ling | preservative: frozen | rin: 6.1 | smoking status: nonsmoker | quit how many years ago: nonsmoker | pack years: 0 | st. george's total score: 23.31 | fvc pre-bronchodilator % predicted: 85.7969 | dlco % predicted: 86.311' did not match any case (['final diagnosis: ipf/uip']) or control (['final diagnosis: control']) values.
  pheno = extractor.extract(
/home/kai001/riker-engine/riker/cli.py:135: UserWarning: Sample GSM806325 value 'age: 63 | gender: female | final diagnosis: rb-ild | repository: ltrc | tissue source: r upper | preservative: rnalater | rin: 9 | smoking status: nonsmoker | quit how many years ago: nonsmoker | pack years: 0 | st. george's total score: 57.57 | fvc pre-bronchodilator % predicted: 99.7196 | dlco % predicted: 100.807' did not match any case (['final diagnosis: ipf/uip']) or control (['final diagnosis: control']) values.
  pheno = extractor.extract(
/home/kai001/riker-engine/riker/cli.py:135: UserWarning: Sample GSM806326 value 'age: 35 | gender: female | final diagnosis: uf | repository: ltrc | tissue source: l lower | preservative: frozen | rin: 8.2 | smoking status: nonsmoker | quit how many years ago: nonsmoker | pack years: 0 | st. george's total score: 67.34 | fvc pre-bronchodilator % predicted: 64.4438 | dlco % predicted: 61.8147' did not match any case (['final diagnosis: ipf/uip']) or control (['final diagnosis: control']) values.
  pheno = extractor.extract(
/home/kai001/riker-engine/riker/cli.py:135: UserWarning: Sample GSM806328 value 'age: 44 | gender: female | final diagnosis: rb-ild | repository: ltrc | tissue source: l lower | preservative: frozen | rin: 8.4 | smoking status: former | quit how many years ago: -- | pack years: 50 | st. george's total score: 52.19 | fvc pre-bronchodilator % predicted: 75.9523 | dlco % predicted: 51.5628' did not match any case (['final diagnosis: ipf/uip']) or control (['final diagnosis: control']) values.
  pheno = extractor.extract(
/home/kai001/riker-engine/riker/cli.py:135: UserWarning: Sample GSM806331 value 'age: 26 | gender: female | final diagnosis: uf | repository: ltrc | tissue source: r lower | preservative: frozen | rin: 8.4 | smoking status: nonsmoker | quit how many years ago: nonsmoker | pack years: 0 | st. george's total score: 60.88 | fvc pre-bronchodilator % predicted: 25.4745 | dlco % predicted: --' did not match any case (['final diagnosis: ipf/uip']) or control (['final diagnosis: control']) values.
  pheno = extractor.extract(
/home/kai001/riker-engine/riker/cli.py:135: UserWarning: Sample GSM806334 value 'age: 80 | gender: male | final diagnosis: nsip | repository: ltrc | tissue source: r lower | preservative: frozen | rin: 8.1 | smoking status: former | quit how many years ago: 48 | pack years: 3 | st. george's total score: 29.7 | fvc pre-bronchodilator % predicted: 79.2868 | dlco % predicted: 52.3153' did not match any case (['final diagnosis: ipf/uip']) or control (['final diagnosis: control']) values.
  pheno = extractor.extract(
/home/kai001/riker-engine/riker/cli.py:135: UserWarning: Sample GSM806337 value 'age: 53 | gender: male | final diagnosis: nsip | repository: ltrc | tissue source: r middle | preservative: rnalater | rin: 6.7 | smoking status: former | quit how many years ago: 35 | pack years: 1 | st. george's total score: 63.49 | fvc pre-bronchodilator % predicted: 48.0141 | dlco % predicted: 24.9833' did not match any case (['final diagnosis: ipf/uip']) or control (['final diagnosis: control']) values.
  pheno = extractor.extract(
/home/kai001/riker-engine/riker/cli.py:135: UserWarning: Sample GSM806341 value 'age: 41 | gender: female | final diagnosis: dip | repository: ltrc | tissue source: r lower | preservative: frozen | rin: 8.7 | smoking status: current | quit how many years ago: 0 | pack years: 26 | st. george's total score: 41.18 | fvc pre-bronchodilator % predicted: 77.6661 | dlco % predicted: --' did not match any case (['final diagnosis: ipf/uip']) or control (['final diagnosis: control']) values.
  pheno = extractor.extract(
/home/kai001/riker-engine/riker/cli.py:135: UserWarning: Sample GSM806343 value 'age: 52 | gender: female | final diagnosis: rb-ild | repository: ltrc | tissue source: r lower | preservative: rnalater | rin: 8.4 | smoking status: nonsmoker | quit how many years ago: nonsmoker | pack years: 0 | st. george's total score: 27.66 | fvc pre-bronchodilator % predicted: -- | dlco % predicted: --' did not match any case (['final diagnosis: ipf/uip']) or control (['final diagnosis: control']) values.
  pheno = extractor.extract(
/home/kai001/riker-engine/riker/cli.py:135: UserWarning: Sample GSM806345 value 'age: 55 | gender: female | final diagnosis: nsip | repository: ltrc | tissue source: r lower | preservative: frozen | rin: 8 | smoking status: former | quit how many years ago: -- | pack years: 15 | st. george's total score: 18.4 | fvc pre-bronchodilator % predicted: 43.1694 | dlco % predicted: 58.3955' did not match any case (['final diagnosis: ipf/uip']) or control (['final diagnosis: control']) values.
  pheno = extractor.extract(
/home/kai001/riker-engine/riker/cli.py:135: UserWarning: Sample GSM806347 value 'age: 60 | gender: male | final diagnosis: uf | repository: ltrc | tissue source: l upper | preservative: rnalater | rin: 8.6 | smoking status: nonsmoker | quit how many years ago: nonsmoker | pack years: 0 | st. george's total score: 65.45 | fvc pre-bronchodilator % predicted: 36.6655 | dlco % predicted: 34.3833' did not match any case (['final diagnosis: ipf/uip']) or control (['final diagnosis: control']) values.
  pheno = extractor.extract(
/home/kai001/riker-engine/riker/cli.py:135: UserWarning: Sample GSM806348 value 'age: 53 | gender: male | final diagnosis: cop | repository: ltrc | tissue source: r lower | preservative: frozen | rin: 8.8 | smoking status: nonsmoker | quit how many years ago: nonsmoker | pack years: 0 | st. george's total score: 50.06 | fvc pre-bronchodilator % predicted: 90.3909 | dlco % predicted: 103.532' did not match any case (['final diagnosis: ipf/uip']) or control (['final diagnosis: control']) values.
  pheno = extractor.extract(
/home/kai001/riker-engine/riker/cli.py:135: UserWarning: Sample GSM806350 value 'age: 66 | gender: female | final diagnosis: nsip | repository: ltrc | tissue source: l upper | preservative: frozen | rin: 8.6 | smoking status: former | quit how many years ago: 22 | pack years: 25 | st. george's total score: 39.25 | fvc pre-bronchodilator % predicted: 73.4757 | dlco % predicted: 92.9914' did not match any case (['final diagnosis: ipf/uip']) or control (['final diagnosis: control']) values.
  pheno = extractor.extract(
/home/kai001/riker-engine/riker/cli.py:135: UserWarning: Sample GSM806353 value 'age: 54 | gender: male | final diagnosis: uf | repository: ltrc | tissue source: r lower | preservative: frozen | rin: 8.5 | smoking status: former | quit how many years ago: 1 | pack years: 20 | st. george's total score: 78.45 | fvc pre-bronchodilator % predicted: 36.1349 | dlco % predicted: --' did not match any case (['final diagnosis: ipf/uip']) or control (['final diagnosis: control']) values.
  pheno = extractor.extract(
/home/kai001/riker-engine/riker/cli.py:135: UserWarning: Sample GSM806360 value 'age: 82 | gender: female | final diagnosis: nsip | repository: ltrc | tissue source: r lower | preservative: frozen | rin: 7.2 | smoking status: nonsmoker | quit how many years ago: nonsmoker | pack years: 0 | st. george's total score: 59.12 | fvc pre-bronchodilator % predicted: 108.632 | dlco % predicted: --' did not match any case (['final diagnosis: ipf/uip']) or control (['final diagnosis: control']) values.
  pheno = extractor.extract(
/home/kai001/riker-engine/riker/cli.py:135: UserWarning: Sample GSM806367 value 'age: 77 | gender: female | final diagnosis: uf | repository: ltrc | tissue source: r upper | preservative: frozen | rin: 8.4 | smoking status: nonsmoker | quit how many years ago: nonsmoker | pack years: 0 | st. george's total score: 49.1 | fvc pre-bronchodilator % predicted: 99.4732 | dlco % predicted: 63.7614' did not match any case (['final diagnosis: ipf/uip']) or control (['final diagnosis: control']) values.
  pheno = extractor.extract(
2026-04-29 14:40:48 [INFO] riker.ingestion.geo_parser: Probe-to-gene mapping: 10058 mapped, 1892 unmapped, 9056 unique genes.
2026-04-29 14:40:48 [INFO] riker: Loading dataset: GSE53845
2026-04-29 14:40:58 [INFO] riker.ingestion.geo_parser: Probe-to-gene mapping: 30723 mapped, 10277 unmapped, 19527 unique genes.
2026-04-29 14:40:58 [INFO] riker: Loading dataset: GSE24206
2026-04-29 14:41:08 [INFO] riker.ingestion.geo_parser: Probe-to-gene mapping: 45108 mapped, 9505 unmapped, 21717 unique genes.
2026-04-29 14:41:08 [INFO] riker.phases.phase1_crossref: Dataset GSE32537: 8088/19296 seed genes detected (41.9%).
2026-04-29 14:41:08 [INFO] riker.phases.phase1_crossref: Dataset GSE53845: 17434/19296 seed genes detected (90.4%).
2026-04-29 14:41:08 [INFO] riker.phases.phase1_crossref: Dataset GSE24206: 17226/19296 seed genes detected (89.3%).
2026-04-29 14:42:34 [INFO] riker.phases.phase1_crossref: Phase 1 complete: 4479 study genes from 19296 seed genes (p < 0.05 in >= 2 datasets).
2026-04-29 14:42:35 [INFO] riker.io.outputs: Phase 1 summary: /home/kai001/riker-engine/disease_days/2026-04-29_ipf_v0332/blind_pc/phase1_study_genes.csv
2026-04-29 14:42:35 [INFO] riker: ============================================================
2026-04-29 14:42:35 [INFO] riker: PHASE 2: Pathway Mapping
2026-04-29 14:42:35 [INFO] riker: ============================================================
2026-04-29 14:42:35 [WARNING] riker: No pathway data configured. Using expression features only.
2026-04-29 14:42:35 [INFO] riker.phases.phase2_pathways: Pathway filter: 0 -> 0 pathways (min_study=3, max_total=500, min_frac=0.02).
2026-04-29 14:42:35 [INFO] riker.phases.phase2_pathways: Phase 2 complete: 4479 genes × 5 features (0 pathway + 5 expression features).
2026-04-29 14:42:35 [INFO] riker.io.outputs: Phase 2 feature matrix: /home/kai001/riker-engine/disease_days/2026-04-29_ipf_v0332/blind_pc/phase2_feature_matrix.csv (4479 genes x 5 features)
2026-04-29 14:42:35 [INFO] riker: ============================================================
2026-04-29 14:42:35 [INFO] riker: PHASE 3: Consensus Clustering
2026-04-29 14:42:35 [INFO] riker: ============================================================
2026-04-29 14:42:50 [INFO] riker.phases.phase3_clustering: Running 15 UMAP+HDBSCAN configurations (3 n_neighbors × 5 seeds)...
/home/kai001/.local/lib/python3.13/site-packages/umap/umap_.py:1952: UserWarning: n_jobs value 1 overridden to 1 by setting random_state. Use no seed for parallelism.
  warn(
/home/kai001/.local/lib/python3.13/site-packages/sklearn/cluster/_hdbscan/hdbscan.py:722: FutureWarning: The default value of `copy` will change from False to True in 1.10. Explicitly set a value for `copy` to silence this warning.
  warn(
/home/kai001/.local/lib/python3.13/site-packages/umap/umap_.py:1952: UserWarning: n_jobs value 1 overridden to 1 by setting random_state. Use no seed for parallelism.
  warn(
/home/kai001/.local/lib/python3.13/site-packages/sklearn/cluster/_hdbscan/hdbscan.py:722: FutureWarning: The default value of `copy` will change from False to True in 1.10. Explicitly set a value for `copy` to silence this warning.
  warn(
/home/kai001/.local/lib/python3.13/site-packages/umap/umap_.py:1952: UserWarning: n_jobs value 1 overridden to 1 by setting random_state. Use no seed for parallelism.
  warn(
/home/kai001/.local/lib/python3.13/site-packages/sklearn/cluster/_hdbscan/hdbscan.py:722: FutureWarning: The default value of `copy` will change from False to True in 1.10. Explicitly set a value for `copy` to silence this warning.
  warn(
/home/kai001/.local/lib/python3.13/site-packages/umap/umap_.py:1952: UserWarning: n_jobs value 1 overridden to 1 by setting random_state. Use no seed for parallelism.
  warn(
/home/kai001/.local/lib/python3.13/site-packages/sklearn/cluster/_hdbscan/hdbscan.py:722: FutureWarning: The default value of `copy` will change from False to True in 1.10. Explicitly set a value for `copy` to silence this warning.
  warn(
/home/kai001/.local/lib/python3.13/site-packages/umap/umap_.py:1952: UserWarning: n_jobs value 1 overridden to 1 by setting random_state. Use no seed for parallelism.
  warn(
/home/kai001/.local/lib/python3.13/site-packages/sklearn/cluster/_hdbscan/hdbscan.py:722: FutureWarning: The default value of `copy` will change from False to True in 1.10. Explicitly set a value for `copy` to silence this warning.
  warn(
/home/kai001/.local/lib/python3.13/site-packages/umap/umap_.py:1952: UserWarning: n_jobs value 1 overridden to 1 by setting random_state. Use no seed for parallelism.
  warn(
/home/kai001/.local/lib/python3.13/site-packages/sklearn/cluster/_hdbscan/hdbscan.py:722: FutureWarning: The default value of `copy` will change from False to True in 1.10. Explicitly set a value for `copy` to silence this warning.
  warn(
/home/kai001/.local/lib/python3.13/site-packages/umap/umap_.py:1952: UserWarning: n_jobs value 1 overridden to 1 by setting random_state. Use no seed for parallelism.
  warn(
/home/kai001/.local/lib/python3.13/site-packages/sklearn/cluster/_hdbscan/hdbscan.py:722: FutureWarning: The default value of `copy` will change from False to True in 1.10. Explicitly set a value for `copy` to silence this warning.
  warn(
/home/kai001/.local/lib/python3.13/site-packages/umap/umap_.py:1952: UserWarning: n_jobs value 1 overridden to 1 by setting random_state. Use no seed for parallelism.
  warn(
/home/kai001/.local/lib/python3.13/site-packages/sklearn/cluster/_hdbscan/hdbscan.py:722: FutureWarning: The default value of `copy` will change from False to True in 1.10. Explicitly set a value for `copy` to silence this warning.
  warn(
/home/kai001/.local/lib/python3.13/site-packages/umap/umap_.py:1952: UserWarning: n_jobs value 1 overridden to 1 by setting random_state. Use no seed for parallelism.
  warn(
/home/kai001/.local/lib/python3.13/site-packages/sklearn/cluster/_hdbscan/hdbscan.py:722: FutureWarning: The default value of `copy` will change from False to True in 1.10. Explicitly set a value for `copy` to silence this warning.
  warn(
/home/kai001/.local/lib/python3.13/site-packages/umap/umap_.py:1952: UserWarning: n_jobs value 1 overridden to 1 by setting random_state. Use no seed for parallelism.
  warn(
/home/kai001/.local/lib/python3.13/site-packages/sklearn/cluster/_hdbscan/hdbscan.py:722: FutureWarning: The default value of `copy` will change from False to True in 1.10. Explicitly set a value for `copy` to silence this warning.
  warn(
/home/kai001/.local/lib/python3.13/site-packages/umap/umap_.py:1952: UserWarning: n_jobs value 1 overridden to 1 by setting random_state. Use no seed for parallelism.
  warn(
/home/kai001/.local/lib/python3.13/site-packages/sklearn/cluster/_hdbscan/hdbscan.py:722: FutureWarning: The default value of `copy` will change from False to True in 1.10. Explicitly set a value for `copy` to silence this warning.
  warn(
/home/kai001/.local/lib/python3.13/site-packages/umap/umap_.py:1952: UserWarning: n_jobs value 1 overridden to 1 by setting random_state. Use no seed for parallelism.
  warn(
/home/kai001/.local/lib/python3.13/site-packages/sklearn/cluster/_hdbscan/hdbscan.py:722: FutureWarning: The default value of `copy` will change from False to True in 1.10. Explicitly set a value for `copy` to silence this warning.
  warn(
/home/kai001/.local/lib/python3.13/site-packages/umap/umap_.py:1952: UserWarning: n_jobs value 1 overridden to 1 by setting random_state. Use no seed for parallelism.
  warn(
/home/kai001/.local/lib/python3.13/site-packages/sklearn/cluster/_hdbscan/hdbscan.py:722: FutureWarning: The default value of `copy` will change from False to True in 1.10. Explicitly set a value for `copy` to silence this warning.
  warn(
/home/kai001/.local/lib/python3.13/site-packages/umap/umap_.py:1952: UserWarning: n_jobs value 1 overridden to 1 by setting random_state. Use no seed for parallelism.
  warn(
/home/kai001/.local/lib/python3.13/site-packages/sklearn/cluster/_hdbscan/hdbscan.py:722: FutureWarning: The default value of `copy` will change from False to True in 1.10. Explicitly set a value for `copy` to silence this warning.
  warn(
/home/kai001/.local/lib/python3.13/site-packages/umap/umap_.py:1952: UserWarning: n_jobs value 1 overridden to 1 by setting random_state. Use no seed for parallelism.
  warn(
/home/kai001/.local/lib/python3.13/site-packages/sklearn/cluster/_hdbscan/hdbscan.py:722: FutureWarning: The default value of `copy` will change from False to True in 1.10. Explicitly set a value for `copy` to silence this warning.
  warn(
/home/kai001/.local/lib/python3.13/site-packages/sklearn/cluster/_hdbscan/hdbscan.py:722: FutureWarning: The default value of `copy` will change from False to True in 1.10. Explicitly set a value for `copy` to silence this warning.
  warn(
2026-04-29 14:49:34 [INFO] riker.phases.phase3_clustering: Phase 3 complete: 449 clusters, 66 noise genes from 15 configurations.
2026-04-29 14:49:34 [INFO] riker.io.outputs: Phase 3 cluster assignments: /home/kai001/riker-engine/disease_days/2026-04-29_ipf_v0332/blind_pc/phase3_cluster_assignments.csv (449 clusters, 66 noise)
2026-04-29 14:49:34 [INFO] riker: ============================================================
2026-04-29 14:49:34 [INFO] riker: PHASE 4: Robustness Testing
2026-04-29 14:49:34 [INFO] riker: ============================================================
2026-04-29 14:49:34 [INFO] riker.phases.phase4_robustness: Cluster 0: permutation p=0.2110, Bonferroni p=1.0000 (not significant)
2026-04-29 14:49:35 [INFO] riker.phases.phase4_robustness: Cluster 1: permutation p=0.1629, Bonferroni p=1.0000 (not significant)
2026-04-29 14:49:36 [INFO] riker.phases.phase4_robustness: Cluster 2: permutation p=0.2062, Bonferroni p=1.0000 (not significant)
2026-04-29 14:49:36 [INFO] riker.phases.phase4_robustness: Cluster 3: permutation p=0.0057, Bonferroni p=1.0000 (not significant)
2026-04-29 14:49:37 [INFO] riker.phases.phase4_robustness: Cluster 4: permutation p=0.9794, Bonferroni p=1.0000 (not significant)
2026-04-29 14:49:38 [INFO] riker.phases.phase4_robustness: Cluster 5: permutation p=0.9994, Bonferroni p=1.0000 (not significant)
2026-04-29 14:49:38 [INFO] riker.phases.phase4_robustness: Cluster 6: permutation p=0.0018, Bonferroni p=0.8081 (not significant)
2026-04-29 14:49:39 [INFO] riker.phases.phase4_robustness: Cluster 7: permutation p=0.2238, Bonferroni p=1.0000 (not significant)
2026-04-29 14:49:39 [INFO] riker.phases.phase4_robustness: Cluster 8: permutation p=0.2678, Bonferroni p=1.0000 (not significant)
2026-04-29 14:49:40 [INFO] riker.phases.phase4_robustness: Cluster 9: permutation p=0.9706, Bonferroni p=1.0000 (not significant)
2026-04-29 14:49:40 [INFO] riker.phases.phase4_robustness: Cluster 10: permutation p=0.1060, Bonferroni p=1.0000 (not significant)
2026-04-29 14:49:41 [INFO] riker.phases.phase4_robustness: Cluster 11: permutation p=0.0015, Bonferroni p=0.6734 (not significant)
2026-04-29 14:49:41 [INFO] riker.phases.phase4_robustness: Cluster 12: permutation p=0.0395, Bonferroni p=1.0000 (not significant)
2026-04-29 14:49:42 [INFO] riker.phases.phase4_robustness: Cluster 13: permutation p=0.9994, Bonferroni p=1.0000 (not significant)
2026-04-29 14:49:42 [INFO] riker.phases.phase4_robustness: Cluster 14: permutation p=1.0000, Bonferroni p=1.0000 (not significant)
2026-04-29 14:49:43 [INFO] riker.phases.phase4_robustness: Cluster 15: permutation p=1.0000, Bonferroni p=1.0000 (not significant)
2026-04-29 14:49:43 [INFO] riker.phases.phase4_robustness: Cluster 16: permutation p=0.8315, Bonferroni p=1.0000 (not significant)
2026-04-29 14:49:44 [INFO] riker.phases.phase4_robustness: Cluster 17: permutation p=0.8240, Bonferroni p=1.0000 (not significant)
2026-04-29 14:49:44 [INFO] riker.phases.phase4_robustness: Cluster 18: permutation p=0.8212, Bonferroni p=1.0000 (not significant)
2026-04-29 14:49:45 [INFO] riker.phases.phase4_robustness: Cluster 19: permutation p=0.7692, Bonferroni p=1.0000 (not significant)
2026-04-29 14:49:45 [INFO] riker.phases.phase4_robustness: Cluster 20: permutation p=1.0000, Bonferroni p=1.0000 (not significant)
2026-04-29 14:49:46 [INFO] riker.phases.phase4_robustness: Cluster 21: permutation p=0.6200, Bonferroni p=1.0000 (not significant)
2026-04-29 14:49:46 [INFO] riker.phases.phase4_robustness: Cluster 22: permutation p=1.0000, Bonferroni p=1.0000 (not significant)
2026-04-29 14:49:47 [INFO] riker.phases.phase4_robustness: Cluster 23: permutation p=1.0000, Bonferroni p=1.0000 (not significant)
2026-04-29 14:49:47 [INFO] riker.phases.phase4_robustness: Cluster 24: permutation p=1.0000, Bonferroni p=1.0000 (not significant)
2026-04-29 14:49:48 [INFO] riker.phases.phase4_robustness: Cluster 25: permutation p=1.0000, Bonferroni p=1.0000 (not significant)
2026-04-29 14:49:48 [INFO] riker.phases.phase4_robustness: Cluster 26: permutation p=0.0268, Bonferroni p=1.0000 (not significant)
2026-04-29 14:49:49 [INFO] riker.phases.phase4_robustness: Cluster 27: permutation p=0.0816, Bonferroni p=1.0000 (not significant)
2026-04-29 14:49:50 [INFO] riker.phases.phase4_robustness: Cluster 28: permutation p=0.9999, Bonferroni p=1.0000 (not significant)
2026-04-29 14:49:50 [INFO] riker.phases.phase4_robustness: Cluster 29: permutation p=0.8857, Bonferroni p=1.0000 (not significant)
2026-04-29 14:49:51 [INFO] riker.phases.phase4_robustness: Cluster 30: permutation p=0.4618, Bonferroni p=1.0000 (not significant)
2026-04-29 14:49:51 [INFO] riker.phases.phase4_robustness: Cluster 31: permutation p=0.0951, Bonferroni p=1.0000 (not significant)
2026-04-29 14:49:52 [INFO] riker.phases.phase4_robustness: Cluster 32: permutation p=0.0031, Bonferroni p=1.0000 (not significant)
2026-04-29 14:49:52 [INFO] riker.phases.phase4_robustness: Cluster 33: permutation p=0.5765, Bonferroni p=1.0000 (not significant)
2026-04-29 14:49:53 [INFO] riker.phases.phase4_robustness: Cluster 34: permutation p=0.2404, Bonferroni p=1.0000 (not significant)
2026-04-29 14:49:53 [INFO] riker.phases.phase4_robustness: Cluster 35: permutation p=1.0000, Bonferroni p=1.0000 (not significant)
2026-04-29 14:49:54 [INFO] riker.phases.phase4_robustness: Cluster 36: permutation p=0.0001, Bonferroni p=0.0449 (SIGNIFICANT)
2026-04-29 14:49:54 [INFO] riker.phases.phase4_robustness: Cluster 37: permutation p=0.1077, Bonferroni p=1.0000 (not significant)
2026-04-29 14:49:55 [INFO] riker.phases.phase4_robustness: Cluster 38: permutation p=0.4956, Bonferroni p=1.0000 (not significant)
2026-04-29 14:49:56 [INFO] riker.phases.phase4_robustness: Cluster 39: permutation p=0.0201, Bonferroni p=1.0000 (not significant)
2026-04-29 14:49:56 [INFO] riker.phases.phase4_robustness: Cluster 40: permutation p=0.5492, Bonferroni p=1.0000 (not significant)
2026-04-29 14:49:56 [INFO] riker.phases.phase4_robustness: Cluster 41: permutation p=0.5662, Bonferroni p=1.0000 (not significant)
2026-04-29 14:49:57 [INFO] riker.phases.phase4_robustness: Cluster 42: permutation p=0.0001, Bonferroni p=0.0449 (SIGNIFICANT)
2026-04-29 14:49:58 [INFO] riker.phases.phase4_robustness: Cluster 43: permutation p=0.0001, Bonferroni p=0.0449 (SIGNIFICANT)
2026-04-29 14:49:58 [INFO] riker.phases.phase4_robustness: Cluster 44: permutation p=1.0000, Bonferroni p=1.0000 (not significant)
2026-04-29 14:49:59 [INFO] riker.phases.phase4_robustness: Cluster 45: permutation p=1.0000, Bonferroni p=1.0000 (not significant)
2026-04-29 14:49:59 [INFO] riker.phases.phase4_robustness: Cluster 46: permutation p=1.0000, Bonferroni p=1.0000 (not significant)
2026-04-29 14:50:00 [INFO] riker.phases.phase4_robustness: Cluster 47: permutation p=0.0032, Bonferroni p=1.0000 (not significant)
2026-04-29 14:50:00 [INFO] riker.phases.phase4_robustness: Cluster 48: permutation p=0.0006, Bonferroni p=0.2694 (not significant)
2026-04-29 14:50:01 [INFO] riker.phases.phase4_robustness: Cluster 49: permutation p=0.0561, Bonferroni p=1.0000 (not significant)
2026-04-29 14:50:01 [INFO] riker.phases.phase4_robustness: Cluster 50: permutation p=0.0325, Bonferroni p=1.0000 (not significant)
2026-04-29 14:50:02 [INFO] riker.phases.phase4_robustness: Cluster 51: permutation p=1.0000, Bonferroni p=1.0000 (not significant)
2026-04-29 14:50:03 [INFO] riker.phases.phase4_robustness: Cluster 52: permutation p=1.0000, Bonferroni p=1.0000 (not significant)
2026-04-29 14:50:03 [INFO] riker.phases.phase4_robustness: Cluster 53: permutation p=0.7971, Bonferroni p=1.0000 (not significant)
2026-04-29 14:50:04 [INFO] riker.phases.phase4_robustness: Cluster 54: permutation p=0.5660, Bonferroni p=1.0000 (not significant)
2026-04-29 14:50:04 [INFO] riker.phases.phase4_robustness: Cluster 55: permutation p=0.6740, Bonferroni p=1.0000 (not significant)
2026-04-29 14:50:05 [INFO] riker.phases.phase4_robustness: Cluster 56: permutation p=1.0000, Bonferroni p=1.0000 (not significant)
2026-04-29 14:50:06 [INFO] riker.phases.phase4_robustness: Cluster 57: permutation p=0.0002, Bonferroni p=0.0898 (not significant)
2026-04-29 14:50:06 [INFO] riker.phases.phase4_robustness: Cluster 58: permutation p=0.0009, Bonferroni p=0.4041 (not significant)
2026-04-29 14:50:06 [INFO] riker.phases.phase4_robustness: Cluster 59: permutation p=1.0000, Bonferroni p=1.0000 (not significant)
2026-04-29 14:50:07 [INFO] riker.phases.phase4_robustness: Cluster 60: permutation p=1.0000, Bonferroni p=1.0000 (not significant)
2026-04-29 14:50:07 [INFO] riker.phases.phase4_robustness: Cluster 61: permutation p=0.9993, Bonferroni p=1.0000 (not significant)
2026-04-29 14:50:08 [INFO] riker.phases.phase4_robustness: Cluster 62: permutation p=0.9976, Bonferroni p=1.0000 (not significant)
2026-04-29 14:50:09 [INFO] riker.phases.phase4_robustness: Cluster 63: permutation p=0.9986, Bonferroni p=1.0000 (not significant)
2026-04-29 14:50:09 [INFO] riker.phases.phase4_robustness: Cluster 64: permutation p=0.9999, Bonferroni p=1.0000 (not significant)
2026-04-29 14:50:10 [INFO] riker.phases.phase4_robustness: Cluster 65: permutation p=1.0000, Bonferroni p=1.0000 (not significant)
2026-04-29 14:50:10 [INFO] riker.phases.phase4_robustness: Cluster 66: permutation p=0.9923, Bonferroni p=1.0000 (not significant)
2026-04-29 14:50:11 [INFO] riker.phases.phase4_robustness: Cluster 67: permutation p=1.0000, Bonferroni p=1.0000 (not significant)
2026-04-29 14:50:11 [INFO] riker.phases.phase4_robustness: Cluster 68: permutation p=0.0552, Bonferroni p=1.0000 (not significant)
2026-04-29 14:50:12 [INFO] riker.phases.phase4_robustness: Cluster 69: permutation p=0.9975, Bonferroni p=1.0000 (not significant)
2026-04-29 14:50:12 [INFO] riker.phases.phase4_robustness: Cluster 70: permutation p=0.9386, Bonferroni p=1.0000 (not significant)
2026-04-29 14:50:13 [INFO] riker.phases.phase4_robustness: Cluster 71: permutation p=0.6402, Bonferroni p=1.0000 (not significant)
2026-04-29 14:50:13 [INFO] riker.phases.phase4_robustness: Cluster 72: permutation p=0.9555, Bonferroni p=1.0000 (not significant)
2026-04-29 14:50:14 [INFO] riker.phases.phase4_robustness: Cluster 73: permutation p=1.0000, Bonferroni p=1.0000 (not significant)
2026-04-29 14:50:14 [INFO] riker.phases.phase4_robustness: Cluster 74: permutation p=0.9880, Bonferroni p=1.0000 (not significant)
2026-04-29 14:50:15 [INFO] riker.phases.phase4_robustness: Cluster 75: permutation p=0.0001, Bonferroni p=0.0449 (SIGNIFICANT)
2026-04-29 14:50:15 [INFO] riker.phases.phase4_robustness: Cluster 76: permutation p=0.0004, Bonferroni p=0.1796 (not significant)
2026-04-29 14:50:16 [INFO] riker.phases.phase4_robustness: Cluster 77: permutation p=0.0001, Bonferroni p=0.0449 (SIGNIFICANT)
2026-04-29 14:50:16 [INFO] riker.phases.phase4_robustness: Cluster 78: permutation p=0.0001, Bonferroni p=0.0449 (SIGNIFICANT)
2026-04-29 14:50:17 [INFO] riker.phases.phase4_robustness: Cluster 79: permutation p=0.5824, Bonferroni p=1.0000 (not significant)
2026-04-29 14:50:17 [INFO] riker.phases.phase4_robustness: Cluster 80: permutation p=0.5271, Bonferroni p=1.0000 (not significant)
2026-04-29 14:50:18 [INFO] riker.phases.phase4_robustness: Cluster 81: permutation p=0.0009, Bonferroni p=0.4041 (not significant)
2026-04-29 14:50:18 [INFO] riker.phases.phase4_robustness: Cluster 82: permutation p=0.6448, Bonferroni p=1.0000 (not significant)
2026-04-29 14:50:19 [INFO] riker.phases.phase4_robustness: Cluster 83: permutation p=0.6611, Bonferroni p=1.0000 (not significant)
2026-04-29 14:50:19 [INFO] riker.phases.phase4_robustness: Cluster 84: permutation p=0.1249, Bonferroni p=1.0000 (not significant)
2026-04-29 14:50:20 [INFO] riker.phases.phase4_robustness: Cluster 85: permutation p=0.6840, Bonferroni p=1.0000 (not significant)
2026-04-29 14:50:20 [INFO] riker.phases.phase4_robustness: Cluster 86: permutation p=0.1451, Bonferroni p=1.0000 (not significant)
2026-04-29 14:50:21 [INFO] riker.phases.phase4_robustness: Cluster 87: permutation p=1.0000, Bonferroni p=1.0000 (not significant)
2026-04-29 14:50:21 [INFO] riker.phases.phase4_robustness: Cluster 88: permutation p=1.0000, Bonferroni p=1.0000 (not significant)
2026-04-29 14:50:22 [INFO] riker.phases.phase4_robustness: Cluster 89: permutation p=0.0178, Bonferroni p=1.0000 (not significant)
2026-04-29 14:50:22 [INFO] riker.phases.phase4_robustness: Cluster 90: permutation p=1.0000, Bonferroni p=1.0000 (not significant)
2026-04-29 14:50:23 [INFO] riker.phases.phase4_robustness: Cluster 91: permutation p=1.0000, Bonferroni p=1.0000 (not significant)
2026-04-29 14:50:23 [INFO] riker.phases.phase4_robustness: Cluster 92: permutation p=0.0033, Bonferroni p=1.0000 (not significant)
2026-04-29 14:50:24 [INFO] riker.phases.phase4_robustness: Cluster 93: permutation p=0.2409, Bonferroni p=1.0000 (not significant)
2026-04-29 14:50:24 [INFO] riker.phases.phase4_robustness: Cluster 94: permutation p=0.2909, Bonferroni p=1.0000 (not significant)
2026-04-29 14:50:25 [INFO] riker.phases.phase4_robustness: Cluster 95: permutation p=0.3029, Bonferroni p=1.0000 (not significant)
2026-04-29 14:50:25 [INFO] riker.phases.phase4_robustness: Cluster 96: permutation p=0.3119, Bonferroni p=1.0000 (not significant)
2026-04-29 14:50:26 [INFO] riker.phases.phase4_robustness: Cluster 97: permutation p=0.9999, Bonferroni p=1.0000 (not significant)
2026-04-29 14:50:26 [INFO] riker.phases.phase4_robustness: Cluster 98: permutation p=0.9318, Bonferroni p=1.0000 (not significant)
2026-04-29 14:50:27 [INFO] riker.phases.phase4_robustness: Cluster 99: permutation p=0.7273, Bonferroni p=1.0000 (not significant)
2026-04-29 14:50:28 [INFO] riker.phases.phase4_robustness: Cluster 100: permutation p=0.4053, Bonferroni p=1.0000 (not significant)
2026-04-29 14:50:28 [INFO] riker.phases.phase4_robustness: Cluster 101: permutation p=0.9997, Bonferroni p=1.0000 (not significant)
2026-04-29 14:50:29 [INFO] riker.phases.phase4_robustness: Cluster 102: permutation p=1.0000, Bonferroni p=1.0000 (not significant)
2026-04-29 14:50:29 [INFO] riker.phases.phase4_robustness: Cluster 103: permutation p=0.9981, Bonferroni p=1.0000 (not significant)
2026-04-29 14:50:30 [INFO] riker.phases.phase4_robustness: Cluster 104: permutation p=0.9710, Bonferroni p=1.0000 (not significant)
2026-04-29 14:50:30 [INFO] riker.phases.phase4_robustness: Cluster 105: permutation p=0.0001, Bonferroni p=0.0449 (SIGNIFICANT)
2026-04-29 14:50:31 [INFO] riker.phases.phase4_robustness: Cluster 106: permutation p=0.0030, Bonferroni p=1.0000 (not significant)
2026-04-29 14:50:31 [INFO] riker.phases.phase4_robustness: Cluster 107: permutation p=0.9975, Bonferroni p=1.0000 (not significant)
2026-04-29 14:50:32 [INFO] riker.phases.phase4_robustness: Cluster 108: permutation p=0.9999, Bonferroni p=1.0000 (not significant)
2026-04-29 14:50:32 [INFO] riker.phases.phase4_robustness: Cluster 109: permutation p=1.0000, Bonferroni p=1.0000 (not significant)
2026-04-29 14:50:33 [INFO] riker.phases.phase4_robustness: Cluster 110: permutation p=0.9999, Bonferroni p=1.0000 (not significant)
2026-04-29 14:50:34 [INFO] riker.phases.phase4_robustness: Cluster 111: permutation p=1.0000, Bonferroni p=1.0000 (not significant)
2026-04-29 14:50:34 [INFO] riker.phases.phase4_robustness: Cluster 112: permutation p=0.4322, Bonferroni p=1.0000 (not significant)
2026-04-29 14:50:35 [INFO] riker.phases.phase4_robustness: Cluster 113: permutation p=0.5391, Bonferroni p=1.0000 (not significant)
2026-04-29 14:50:35 [INFO] riker.phases.phase4_robustness: Cluster 114: permutation p=0.0001, Bonferroni p=0.0449 (SIGNIFICANT)
2026-04-29 14:50:36 [INFO] riker.phases.phase4_robustness: Cluster 115: permutation p=0.0001, Bonferroni p=0.0449 (SIGNIFICANT)
2026-04-29 14:50:36 [INFO] riker.phases.phase4_robustness: Cluster 116: permutation p=0.7877, Bonferroni p=1.0000 (not significant)
2026-04-29 14:50:37 [INFO] riker.phases.phase4_robustness: Cluster 117: permutation p=0.5198, Bonferroni p=1.0000 (not significant)
2026-04-29 14:50:37 [INFO] riker.phases.phase4_robustness: Cluster 118: permutation p=0.9941, Bonferroni p=1.0000 (not significant)
2026-04-29 14:50:38 [INFO] riker.phases.phase4_robustness: Cluster 119: permutation p=0.0001, Bonferroni p=0.0449 (SIGNIFICANT)
2026-04-29 14:50:38 [INFO] riker.phases.phase4_robustness: Cluster 120: permutation p=0.4786, Bonferroni p=1.0000 (not significant)
2026-04-29 14:50:39 [INFO] riker.phases.phase4_robustness: Cluster 121: permutation p=0.9854, Bonferroni p=1.0000 (not significant)
2026-04-29 14:50:39 [INFO] riker.phases.phase4_robustness: Cluster 122: permutation p=1.0000, Bonferroni p=1.0000 (not significant)
2026-04-29 14:50:40 [INFO] riker.phases.phase4_robustness: Cluster 123: permutation p=0.0693, Bonferroni p=1.0000 (not significant)
2026-04-29 14:50:40 [INFO] riker.phases.phase4_robustness: Cluster 124: permutation p=0.4369, Bonferroni p=1.0000 (not significant)
2026-04-29 14:50:41 [INFO] riker.phases.phase4_robustness: Cluster 125: permutation p=0.0082, Bonferroni p=1.0000 (not significant)
2026-04-29 14:50:41 [INFO] riker.phases.phase4_robustness: Cluster 126: permutation p=0.9658, Bonferroni p=1.0000 (not significant)
2026-04-29 14:50:42 [INFO] riker.phases.phase4_robustness: Cluster 127: permutation p=1.0000, Bonferroni p=1.0000 (not significant)
2026-04-29 14:50:42 [INFO] riker.phases.phase4_robustness: Cluster 128: permutation p=0.9764, Bonferroni p=1.0000 (not significant)
2026-04-29 14:50:43 [INFO] riker.phases.phase4_robustness: Cluster 129: permutation p=0.7491, Bonferroni p=1.0000 (not significant)
2026-04-29 14:50:43 [INFO] riker.phases.phase4_robustness: Cluster 130: permutation p=0.0001, Bonferroni p=0.0449 (SIGNIFICANT)
2026-04-29 14:50:44 [INFO] riker.phases.phase4_robustness: Cluster 131: permutation p=0.0240, Bonferroni p=1.0000 (not significant)
2026-04-29 14:50:44 [INFO] riker.phases.phase4_robustness: Cluster 132: permutation p=0.0032, Bonferroni p=1.0000 (not significant)
2026-04-29 14:50:45 [INFO] riker.phases.phase4_robustness: Cluster 133: permutation p=0.0001, Bonferroni p=0.0449 (SIGNIFICANT)
2026-04-29 14:50:45 [INFO] riker.phases.phase4_robustness: Cluster 134: permutation p=0.9388, Bonferroni p=1.0000 (not significant)
2026-04-29 14:50:46 [INFO] riker.phases.phase4_robustness: Cluster 135: permutation p=0.0300, Bonferroni p=1.0000 (not significant)
2026-04-29 14:50:46 [INFO] riker.phases.phase4_robustness: Cluster 136: permutation p=0.0104, Bonferroni p=1.0000 (not significant)
2026-04-29 14:50:47 [INFO] riker.phases.phase4_robustness: Cluster 137: permutation p=0.0809, Bonferroni p=1.0000 (not significant)
2026-04-29 14:50:47 [INFO] riker.phases.phase4_robustness: Cluster 138: permutation p=0.0031, Bonferroni p=1.0000 (not significant)
2026-04-29 14:50:48 [INFO] riker.phases.phase4_robustness: Cluster 139: permutation p=1.0000, Bonferroni p=1.0000 (not significant)
2026-04-29 14:50:49 [INFO] riker.phases.phase4_robustness: Cluster 140: permutation p=1.0000, Bonferroni p=1.0000 (not significant)
2026-04-29 14:50:49 [INFO] riker.phases.phase4_robustness: Cluster 141: permutation p=0.9515, Bonferroni p=1.0000 (not significant)
2026-04-29 14:50:50 [INFO] riker.phases.phase4_robustness: Cluster 142: permutation p=0.9961, Bonferroni p=1.0000 (not significant)
2026-04-29 14:50:50 [INFO] riker.phases.phase4_robustness: Cluster 143: permutation p=0.4947, Bonferroni p=1.0000 (not significant)
2026-04-29 14:50:51 [INFO] riker.phases.phase4_robustness: Cluster 144: permutation p=0.4819, Bonferroni p=1.0000 (not significant)
2026-04-29 14:50:51 [INFO] riker.phases.phase4_robustness: Cluster 145: permutation p=0.9280, Bonferroni p=1.0000 (not significant)
2026-04-29 14:50:52 [INFO] riker.phases.phase4_robustness: Cluster 146: permutation p=0.0001, Bonferroni p=0.0449 (SIGNIFICANT)
2026-04-29 14:50:52 [INFO] riker.phases.phase4_robustness: Cluster 147: permutation p=0.5200, Bonferroni p=1.0000 (not significant)
2026-04-29 14:50:53 [INFO] riker.phases.phase4_robustness: Cluster 148: permutation p=0.0009, Bonferroni p=0.4041 (not significant)
2026-04-29 14:50:53 [INFO] riker.phases.phase4_robustness: Cluster 149: permutation p=0.0005, Bonferroni p=0.2245 (not significant)
2026-04-29 14:50:54 [INFO] riker.phases.phase4_robustness: Cluster 150: permutation p=0.0055, Bonferroni p=1.0000 (not significant)
2026-04-29 14:50:54 [INFO] riker.phases.phase4_robustness: Cluster 151: permutation p=0.0069, Bonferroni p=1.0000 (not significant)
2026-04-29 14:50:55 [INFO] riker.phases.phase4_robustness: Cluster 152: permutation p=0.1972, Bonferroni p=1.0000 (not significant)
2026-04-29 14:50:55 [INFO] riker.phases.phase4_robustness: Cluster 153: permutation p=0.0015, Bonferroni p=0.6734 (not significant)
2026-04-29 14:50:56 [INFO] riker.phases.phase4_robustness: Cluster 154: permutation p=0.0001, Bonferroni p=0.0449 (SIGNIFICANT)
2026-04-29 14:50:56 [INFO] riker.phases.phase4_robustness: Cluster 155: permutation p=0.9519, Bonferroni p=1.0000 (not significant)
2026-04-29 14:50:57 [INFO] riker.phases.phase4_robustness: Cluster 156: permutation p=0.9899, Bonferroni p=1.0000 (not significant)
2026-04-29 14:50:57 [INFO] riker.phases.phase4_robustness: Cluster 157: permutation p=0.9929, Bonferroni p=1.0000 (not significant)
2026-04-29 14:50:58 [INFO] riker.phases.phase4_robustness: Cluster 158: permutation p=0.0243, Bonferroni p=1.0000 (not significant)
2026-04-29 14:50:58 [INFO] riker.phases.phase4_robustness: Cluster 159: permutation p=0.0375, Bonferroni p=1.0000 (not significant)
2026-04-29 14:50:59 [INFO] riker.phases.phase4_robustness: Cluster 160: permutation p=0.7357, Bonferroni p=1.0000 (not significant)
2026-04-29 14:51:00 [INFO] riker.phases.phase4_robustness: Cluster 161: permutation p=0.6665, Bonferroni p=1.0000 (not significant)
2026-04-29 14:51:00 [INFO] riker.phases.phase4_robustness: Cluster 162: permutation p=0.0020, Bonferroni p=0.8979 (not significant)
2026-04-29 14:51:01 [INFO] riker.phases.phase4_robustness: Cluster 163: permutation p=0.8850, Bonferroni p=1.0000 (not significant)
2026-04-29 14:51:01 [INFO] riker.phases.phase4_robustness: Cluster 164: permutation p=0.0004, Bonferroni p=0.1796 (not significant)
2026-04-29 14:51:02 [INFO] riker.phases.phase4_robustness: Cluster 165: permutation p=0.0001, Bonferroni p=0.0449 (SIGNIFICANT)
2026-04-29 14:51:02 [INFO] riker.phases.phase4_robustness: Cluster 166: permutation p=0.8411, Bonferroni p=1.0000 (not significant)
2026-04-29 14:51:03 [INFO] riker.phases.phase4_robustness: Cluster 167: permutation p=0.5941, Bonferroni p=1.0000 (not significant)
2026-04-29 14:51:03 [INFO] riker.phases.phase4_robustness: Cluster 168: permutation p=0.2039, Bonferroni p=1.0000 (not significant)
2026-04-29 14:51:04 [INFO] riker.phases.phase4_robustness: Cluster 169: permutation p=0.8793, Bonferroni p=1.0000 (not significant)
2026-04-29 14:51:04 [INFO] riker.phases.phase4_robustness: Cluster 170: permutation p=0.9185, Bonferroni p=1.0000 (not significant)
2026-04-29 14:51:05 [INFO] riker.phases.phase4_robustness: Cluster 171: permutation p=0.9532, Bonferroni p=1.0000 (not significant)
2026-04-29 14:51:05 [INFO] riker.phases.phase4_robustness: Cluster 172: permutation p=0.4577, Bonferroni p=1.0000 (not significant)
2026-04-29 14:51:06 [INFO] riker.phases.phase4_robustness: Cluster 173: permutation p=0.0708, Bonferroni p=1.0000 (not significant)
2026-04-29 14:51:06 [INFO] riker.phases.phase4_robustness: Cluster 174: permutation p=0.8947, Bonferroni p=1.0000 (not significant)
2026-04-29 14:51:07 [INFO] riker.phases.phase4_robustness: Cluster 175: permutation p=1.0000, Bonferroni p=1.0000 (not significant)
2026-04-29 14:51:07 [INFO] riker.phases.phase4_robustness: Cluster 176: permutation p=1.0000, Bonferroni p=1.0000 (not significant)
2026-04-29 14:51:08 [INFO] riker.phases.phase4_robustness: Cluster 177: permutation p=0.4696, Bonferroni p=1.0000 (not significant)
2026-04-29 14:51:08 [INFO] riker.phases.phase4_robustness: Cluster 178: permutation p=0.6707, Bonferroni p=1.0000 (not significant)
2026-04-29 14:51:09 [INFO] riker.phases.phase4_robustness: Cluster 179: permutation p=0.9964, Bonferroni p=1.0000 (not significant)
2026-04-29 14:51:09 [INFO] riker.phases.phase4_robustness: Cluster 180: permutation p=0.2254, Bonferroni p=1.0000 (not significant)
2026-04-29 14:51:10 [INFO] riker.phases.phase4_robustness: Cluster 181: permutation p=0.0001, Bonferroni p=0.0449 (SIGNIFICANT)
2026-04-29 14:51:11 [INFO] riker.phases.phase4_robustness: Cluster 182: permutation p=0.0130, Bonferroni p=1.0000 (not significant)
2026-04-29 14:51:11 [INFO] riker.phases.phase4_robustness: Cluster 183: permutation p=0.6927, Bonferroni p=1.0000 (not significant)
2026-04-29 14:51:12 [INFO] riker.phases.phase4_robustness: Cluster 184: permutation p=0.9859, Bonferroni p=1.0000 (not significant)
2026-04-29 14:51:12 [INFO] riker.phases.phase4_robustness: Cluster 185: permutation p=0.6628, Bonferroni p=1.0000 (not significant)
2026-04-29 14:51:13 [INFO] riker.phases.phase4_robustness: Cluster 186: permutation p=0.1144, Bonferroni p=1.0000 (not significant)
2026-04-29 14:51:14 [INFO] riker.phases.phase4_robustness: Cluster 187: permutation p=0.0013, Bonferroni p=0.5836 (not significant)
2026-04-29 14:51:14 [INFO] riker.phases.phase4_robustness: Cluster 188: permutation p=0.0135, Bonferroni p=1.0000 (not significant)
2026-04-29 14:51:15 [INFO] riker.phases.phase4_robustness: Cluster 189: permutation p=0.4243, Bonferroni p=1.0000 (not significant)
2026-04-29 14:51:15 [INFO] riker.phases.phase4_robustness: Cluster 190: permutation p=0.0002, Bonferroni p=0.0898 (not significant)
2026-04-29 14:51:16 [INFO] riker.phases.phase4_robustness: Cluster 191: permutation p=0.9046, Bonferroni p=1.0000 (not significant)
2026-04-29 14:51:16 [INFO] riker.phases.phase4_robustness: Cluster 192: permutation p=0.9930, Bonferroni p=1.0000 (not significant)
2026-04-29 14:51:17 [INFO] riker.phases.phase4_robustness: Cluster 193: permutation p=0.0221, Bonferroni p=1.0000 (not significant)
2026-04-29 14:51:17 [INFO] riker.phases.phase4_robustness: Cluster 194: permutation p=0.0001, Bonferroni p=0.0449 (SIGNIFICANT)
2026-04-29 14:51:18 [INFO] riker.phases.phase4_robustness: Cluster 195: permutation p=0.0001, Bonferroni p=0.0449 (SIGNIFICANT)
2026-04-29 14:51:18 [INFO] riker.phases.phase4_robustness: Cluster 196: permutation p=0.7346, Bonferroni p=1.0000 (not significant)
2026-04-29 14:51:19 [INFO] riker.phases.phase4_robustness: Cluster 197: permutation p=0.0001, Bonferroni p=0.0449 (SIGNIFICANT)
2026-04-29 14:51:19 [INFO] riker.phases.phase4_robustness: Cluster 198: permutation p=0.0003, Bonferroni p=0.1347 (not significant)
2026-04-29 14:51:20 [INFO] riker.phases.phase4_robustness: Cluster 199: permutation p=0.9974, Bonferroni p=1.0000 (not significant)
2026-04-29 14:51:20 [INFO] riker.phases.phase4_robustness: Cluster 200: permutation p=0.9313, Bonferroni p=1.0000 (not significant)
2026-04-29 14:51:21 [INFO] riker.phases.phase4_robustness: Cluster 201: permutation p=0.9631, Bonferroni p=1.0000 (not significant)
2026-04-29 14:51:21 [INFO] riker.phases.phase4_robustness: Cluster 202: permutation p=0.9999, Bonferroni p=1.0000 (not significant)
2026-04-29 14:51:22 [INFO] riker.phases.phase4_robustness: Cluster 203: permutation p=0.6349, Bonferroni p=1.0000 (not significant)
2026-04-29 14:51:22 [INFO] riker.phases.phase4_robustness: Cluster 204: permutation p=0.9974, Bonferroni p=1.0000 (not significant)
2026-04-29 14:51:23 [INFO] riker.phases.phase4_robustness: Cluster 205: permutation p=0.9723, Bonferroni p=1.0000 (not significant)
2026-04-29 14:51:24 [INFO] riker.phases.phase4_robustness: Cluster 206: permutation p=0.1234, Bonferroni p=1.0000 (not significant)
2026-04-29 14:51:24 [INFO] riker.phases.phase4_robustness: Cluster 207: permutation p=0.1283, Bonferroni p=1.0000 (not significant)
2026-04-29 14:51:25 [INFO] riker.phases.phase4_robustness: Cluster 208: permutation p=0.9735, Bonferroni p=1.0000 (not significant)
2026-04-29 14:51:26 [INFO] riker.phases.phase4_robustness: Cluster 209: permutation p=0.7873, Bonferroni p=1.0000 (not significant)
2026-04-29 14:51:26 [INFO] riker.phases.phase4_robustness: Cluster 210: permutation p=0.8819, Bonferroni p=1.0000 (not significant)
2026-04-29 14:51:27 [INFO] riker.phases.phase4_robustness: Cluster 211: permutation p=0.0462, Bonferroni p=1.0000 (not significant)
2026-04-29 14:51:28 [INFO] riker.phases.phase4_robustness: Cluster 212: permutation p=0.9832, Bonferroni p=1.0000 (not significant)
2026-04-29 14:51:28 [INFO] riker.phases.phase4_robustness: Cluster 213: permutation p=0.9934, Bonferroni p=1.0000 (not significant)
2026-04-29 14:51:29 [INFO] riker.phases.phase4_robustness: Cluster 214: permutation p=0.9785, Bonferroni p=1.0000 (not significant)
2026-04-29 14:51:29 [INFO] riker.phases.phase4_robustness: Cluster 215: permutation p=0.8446, Bonferroni p=1.0000 (not significant)
2026-04-29 14:51:30 [INFO] riker.phases.phase4_robustness: Cluster 216: permutation p=0.9984, Bonferroni p=1.0000 (not significant)
2026-04-29 14:51:31 [INFO] riker.phases.phase4_robustness: Cluster 217: permutation p=0.4269, Bonferroni p=1.0000 (not significant)
2026-04-29 14:51:32 [INFO] riker.phases.phase4_robustness: Cluster 218: permutation p=0.1907, Bonferroni p=1.0000 (not significant)
2026-04-29 14:51:32 [INFO] riker.phases.phase4_robustness: Cluster 219: permutation p=0.1185, Bonferroni p=1.0000 (not significant)
2026-04-29 14:51:33 [INFO] riker.phases.phase4_robustness: Cluster 220: permutation p=0.3055, Bonferroni p=1.0000 (not significant)
2026-04-29 14:51:34 [INFO] riker.phases.phase4_robustness: Cluster 221: permutation p=0.0002, Bonferroni p=0.0898 (not significant)
2026-04-29 14:51:34 [INFO] riker.phases.phase4_robustness: Cluster 222: permutation p=0.4156, Bonferroni p=1.0000 (not significant)
2026-04-29 14:51:35 [INFO] riker.phases.phase4_robustness: Cluster 223: permutation p=0.4313, Bonferroni p=1.0000 (not significant)
2026-04-29 14:51:35 [INFO] riker.phases.phase4_robustness: Cluster 224: permutation p=0.7349, Bonferroni p=1.0000 (not significant)
2026-04-29 14:51:36 [INFO] riker.phases.phase4_robustness: Cluster 225: permutation p=0.4181, Bonferroni p=1.0000 (not significant)
2026-04-29 14:51:36 [INFO] riker.phases.phase4_robustness: Cluster 226: permutation p=0.9835, Bonferroni p=1.0000 (not significant)
2026-04-29 14:51:37 [INFO] riker.phases.phase4_robustness: Cluster 227: permutation p=0.9997, Bonferroni p=1.0000 (not significant)
2026-04-29 14:51:37 [INFO] riker.phases.phase4_robustness: Cluster 228: permutation p=0.3888, Bonferroni p=1.0000 (not significant)
2026-04-29 14:51:38 [INFO] riker.phases.phase4_robustness: Cluster 229: permutation p=0.9371, Bonferroni p=1.0000 (not significant)
2026-04-29 14:51:39 [INFO] riker.phases.phase4_robustness: Cluster 230: permutation p=0.9998, Bonferroni p=1.0000 (not significant)
2026-04-29 14:51:39 [INFO] riker.phases.phase4_robustness: Cluster 231: permutation p=0.8264, Bonferroni p=1.0000 (not significant)
2026-04-29 14:51:40 [INFO] riker.phases.phase4_robustness: Cluster 232: permutation p=0.7652, Bonferroni p=1.0000 (not significant)
2026-04-29 14:51:40 [INFO] riker.phases.phase4_robustness: Cluster 233: permutation p=0.7425, Bonferroni p=1.0000 (not significant)
2026-04-29 14:51:41 [INFO] riker.phases.phase4_robustness: Cluster 234: permutation p=0.9692, Bonferroni p=1.0000 (not significant)
2026-04-29 14:51:41 [INFO] riker.phases.phase4_robustness: Cluster 235: permutation p=0.6886, Bonferroni p=1.0000 (not significant)
2026-04-29 14:51:42 [INFO] riker.phases.phase4_robustness: Cluster 236: permutation p=0.9746, Bonferroni p=1.0000 (not significant)
2026-04-29 14:51:42 [INFO] riker.phases.phase4_robustness: Cluster 237: permutation p=0.9767, Bonferroni p=1.0000 (not significant)
2026-04-29 14:51:43 [INFO] riker.phases.phase4_robustness: Cluster 238: permutation p=0.7660, Bonferroni p=1.0000 (not significant)
2026-04-29 14:51:43 [INFO] riker.phases.phase4_robustness: Cluster 239: permutation p=0.8900, Bonferroni p=1.0000 (not significant)
2026-04-29 14:51:44 [INFO] riker.phases.phase4_robustness: Cluster 240: permutation p=0.0394, Bonferroni p=1.0000 (not significant)
2026-04-29 14:51:45 [INFO] riker.phases.phase4_robustness: Cluster 241: permutation p=0.8379, Bonferroni p=1.0000 (not significant)
2026-04-29 14:51:45 [INFO] riker.phases.phase4_robustness: Cluster 242: permutation p=0.5264, Bonferroni p=1.0000 (not significant)
2026-04-29 14:51:46 [INFO] riker.phases.phase4_robustness: Cluster 243: permutation p=0.8846, Bonferroni p=1.0000 (not significant)
2026-04-29 14:51:46 [INFO] riker.phases.phase4_robustness: Cluster 244: permutation p=0.9460, Bonferroni p=1.0000 (not significant)
2026-04-29 14:51:47 [INFO] riker.phases.phase4_robustness: Cluster 245: permutation p=0.9955, Bonferroni p=1.0000 (not significant)
2026-04-29 14:51:47 [INFO] riker.phases.phase4_robustness: Cluster 246: permutation p=0.8226, Bonferroni p=1.0000 (not significant)
2026-04-29 14:51:48 [INFO] riker.phases.phase4_robustness: Cluster 247: permutation p=0.3047, Bonferroni p=1.0000 (not significant)
2026-04-29 14:51:49 [INFO] riker.phases.phase4_robustness: Cluster 248: permutation p=0.4521, Bonferroni p=1.0000 (not significant)
2026-04-29 14:51:49 [INFO] riker.phases.phase4_robustness: Cluster 249: permutation p=0.0072, Bonferroni p=1.0000 (not significant)
2026-04-29 14:51:49 [INFO] riker.phases.phase4_robustness: Cluster 250: permutation p=0.0118, Bonferroni p=1.0000 (not significant)
2026-04-29 14:51:50 [INFO] riker.phases.phase4_robustness: Cluster 251: permutation p=0.6336, Bonferroni p=1.0000 (not significant)
2026-04-29 14:51:51 [INFO] riker.phases.phase4_robustness: Cluster 252: permutation p=0.9563, Bonferroni p=1.0000 (not significant)
2026-04-29 14:51:51 [INFO] riker.phases.phase4_robustness: Cluster 253: permutation p=1.0000, Bonferroni p=1.0000 (not significant)
2026-04-29 14:51:52 [INFO] riker.phases.phase4_robustness: Cluster 254: permutation p=1.0000, Bonferroni p=1.0000 (not significant)
2026-04-29 14:51:52 [INFO] riker.phases.phase4_robustness: Cluster 255: permutation p=0.8999, Bonferroni p=1.0000 (not significant)
2026-04-29 14:51:53 [INFO] riker.phases.phase4_robustness: Cluster 256: permutation p=0.9566, Bonferroni p=1.0000 (not significant)
2026-04-29 14:51:53 [INFO] riker.phases.phase4_robustness: Cluster 257: permutation p=0.1961, Bonferroni p=1.0000 (not significant)
2026-04-29 14:51:54 [INFO] riker.phases.phase4_robustness: Cluster 258: permutation p=0.9867, Bonferroni p=1.0000 (not significant)
2026-04-29 14:51:54 [INFO] riker.phases.phase4_robustness: Cluster 259: permutation p=0.0052, Bonferroni p=1.0000 (not significant)
2026-04-29 14:51:55 [INFO] riker.phases.phase4_robustness: Cluster 260: permutation p=0.7459, Bonferroni p=1.0000 (not significant)
2026-04-29 14:51:56 [INFO] riker.phases.phase4_robustness: Cluster 261: permutation p=1.0000, Bonferroni p=1.0000 (not significant)
2026-04-29 14:51:56 [INFO] riker.phases.phase4_robustness: Cluster 262: permutation p=0.9996, Bonferroni p=1.0000 (not significant)
2026-04-29 14:51:57 [INFO] riker.phases.phase4_robustness: Cluster 263: permutation p=0.1633, Bonferroni p=1.0000 (not significant)
2026-04-29 14:51:57 [INFO] riker.phases.phase4_robustness: Cluster 264: permutation p=0.7940, Bonferroni p=1.0000 (not significant)
2026-04-29 14:51:58 [INFO] riker.phases.phase4_robustness: Cluster 265: permutation p=0.6124, Bonferroni p=1.0000 (not significant)
2026-04-29 14:51:58 [INFO] riker.phases.phase4_robustness: Cluster 266: permutation p=0.6088, Bonferroni p=1.0000 (not significant)
2026-04-29 14:51:59 [INFO] riker.phases.phase4_robustness: Cluster 267: permutation p=0.1506, Bonferroni p=1.0000 (not significant)
2026-04-29 14:51:59 [INFO] riker.phases.phase4_robustness: Cluster 268: permutation p=0.9356, Bonferroni p=1.0000 (not significant)
2026-04-29 14:52:00 [INFO] riker.phases.phase4_robustness: Cluster 269: permutation p=0.9127, Bonferroni p=1.0000 (not significant)
2026-04-29 14:52:01 [INFO] riker.phases.phase4_robustness: Cluster 270: permutation p=0.0071, Bonferroni p=1.0000 (not significant)
2026-04-29 14:52:01 [INFO] riker.phases.phase4_robustness: Cluster 271: permutation p=0.8855, Bonferroni p=1.0000 (not significant)
2026-04-29 14:52:02 [INFO] riker.phases.phase4_robustness: Cluster 272: permutation p=0.8547, Bonferroni p=1.0000 (not significant)
2026-04-29 14:52:02 [INFO] riker.phases.phase4_robustness: Cluster 273: permutation p=0.5594, Bonferroni p=1.0000 (not significant)
2026-04-29 14:52:03 [INFO] riker.phases.phase4_robustness: Cluster 274: permutation p=0.0001, Bonferroni p=0.0449 (SIGNIFICANT)
2026-04-29 14:52:03 [INFO] riker.phases.phase4_robustness: Cluster 275: permutation p=0.4845, Bonferroni p=1.0000 (not significant)
2026-04-29 14:52:04 [INFO] riker.phases.phase4_robustness: Cluster 276: permutation p=0.6648, Bonferroni p=1.0000 (not significant)
2026-04-29 14:52:04 [INFO] riker.phases.phase4_robustness: Cluster 277: permutation p=0.0176, Bonferroni p=1.0000 (not significant)
2026-04-29 14:52:05 [INFO] riker.phases.phase4_robustness: Cluster 278: permutation p=0.6555, Bonferroni p=1.0000 (not significant)
2026-04-29 14:52:05 [INFO] riker.phases.phase4_robustness: Cluster 279: permutation p=0.7565, Bonferroni p=1.0000 (not significant)
2026-04-29 14:52:06 [INFO] riker.phases.phase4_robustness: Cluster 280: permutation p=0.6245, Bonferroni p=1.0000 (not significant)
2026-04-29 14:52:06 [INFO] riker.phases.phase4_robustness: Cluster 281: permutation p=0.3843, Bonferroni p=1.0000 (not significant)
2026-04-29 14:52:07 [INFO] riker.phases.phase4_robustness: Cluster 282: permutation p=0.8192, Bonferroni p=1.0000 (not significant)
2026-04-29 14:52:07 [INFO] riker.phases.phase4_robustness: Cluster 283: permutation p=1.0000, Bonferroni p=1.0000 (not significant)
2026-04-29 14:52:08 [INFO] riker.phases.phase4_robustness: Cluster 284: permutation p=0.4094, Bonferroni p=1.0000 (not significant)
2026-04-29 14:52:08 [INFO] riker.phases.phase4_robustness: Cluster 285: permutation p=0.3344, Bonferroni p=1.0000 (not significant)
2026-04-29 14:52:09 [INFO] riker.phases.phase4_robustness: Cluster 286: permutation p=0.2992, Bonferroni p=1.0000 (not significant)
2026-04-29 14:52:09 [INFO] riker.phases.phase4_robustness: Cluster 287: permutation p=0.0027, Bonferroni p=1.0000 (not significant)
2026-04-29 14:52:10 [INFO] riker.phases.phase4_robustness: Cluster 288: permutation p=0.9857, Bonferroni p=1.0000 (not significant)
2026-04-29 14:52:11 [INFO] riker.phases.phase4_robustness: Cluster 289: permutation p=0.1002, Bonferroni p=1.0000 (not significant)
2026-04-29 14:52:11 [INFO] riker.phases.phase4_robustness: Cluster 290: permutation p=0.0003, Bonferroni p=0.1347 (not significant)
2026-04-29 14:52:12 [INFO] riker.phases.phase4_robustness: Cluster 291: permutation p=0.0001, Bonferroni p=0.0449 (SIGNIFICANT)
2026-04-29 14:52:12 [INFO] riker.phases.phase4_robustness: Cluster 292: permutation p=0.9987, Bonferroni p=1.0000 (not significant)
2026-04-29 14:52:13 [INFO] riker.phases.phase4_robustness: Cluster 293: permutation p=0.9978, Bonferroni p=1.0000 (not significant)
2026-04-29 14:52:13 [INFO] riker.phases.phase4_robustness: Cluster 294: permutation p=0.1396, Bonferroni p=1.0000 (not significant)
2026-04-29 14:52:14 [INFO] riker.phases.phase4_robustness: Cluster 295: permutation p=0.9951, Bonferroni p=1.0000 (not significant)
2026-04-29 14:52:14 [INFO] riker.phases.phase4_robustness: Cluster 296: permutation p=0.6375, Bonferroni p=1.0000 (not significant)
2026-04-29 14:52:15 [INFO] riker.phases.phase4_robustness: Cluster 297: permutation p=0.0401, Bonferroni p=1.0000 (not significant)
2026-04-29 14:52:15 [INFO] riker.phases.phase4_robustness: Cluster 298: permutation p=0.7890, Bonferroni p=1.0000 (not significant)
2026-04-29 14:52:16 [INFO] riker.phases.phase4_robustness: Cluster 299: permutation p=0.6188, Bonferroni p=1.0000 (not significant)
2026-04-29 14:52:16 [INFO] riker.phases.phase4_robustness: Cluster 300: permutation p=0.0001, Bonferroni p=0.0449 (SIGNIFICANT)
2026-04-29 14:52:17 [INFO] riker.phases.phase4_robustness: Cluster 301: permutation p=0.0001, Bonferroni p=0.0449 (SIGNIFICANT)
2026-04-29 14:52:17 [INFO] riker.phases.phase4_robustness: Cluster 302: permutation p=0.5715, Bonferroni p=1.0000 (not significant)
2026-04-29 14:52:18 [INFO] riker.phases.phase4_robustness: Cluster 303: permutation p=0.8435, Bonferroni p=1.0000 (not significant)
2026-04-29 14:52:18 [INFO] riker.phases.phase4_robustness: Cluster 304: permutation p=0.3672, Bonferroni p=1.0000 (not significant)
2026-04-29 14:52:19 [INFO] riker.phases.phase4_robustness: Cluster 305: permutation p=0.5626, Bonferroni p=1.0000 (not significant)
2026-04-29 14:52:19 [INFO] riker.phases.phase4_robustness: Cluster 306: permutation p=1.0000, Bonferroni p=1.0000 (not significant)
2026-04-29 14:52:20 [INFO] riker.phases.phase4_robustness: Cluster 307: permutation p=1.0000, Bonferroni p=1.0000 (not significant)
2026-04-29 14:52:20 [INFO] riker.phases.phase4_robustness: Cluster 308: permutation p=1.0000, Bonferroni p=1.0000 (not significant)
2026-04-29 14:52:21 [INFO] riker.phases.phase4_robustness: Cluster 309: permutation p=0.0001, Bonferroni p=0.0449 (SIGNIFICANT)
2026-04-29 14:52:21 [INFO] riker.phases.phase4_robustness: Cluster 310: permutation p=0.0024, Bonferroni p=1.0000 (not significant)
2026-04-29 14:52:22 [INFO] riker.phases.phase4_robustness: Cluster 311: permutation p=0.0742, Bonferroni p=1.0000 (not significant)
2026-04-29 14:52:22 [INFO] riker.phases.phase4_robustness: Cluster 312: permutation p=0.8591, Bonferroni p=1.0000 (not significant)
2026-04-29 14:52:23 [INFO] riker.phases.phase4_robustness: Cluster 313: permutation p=0.6931, Bonferroni p=1.0000 (not significant)
2026-04-29 14:52:23 [INFO] riker.phases.phase4_robustness: Cluster 314: permutation p=0.9987, Bonferroni p=1.0000 (not significant)
2026-04-29 14:52:24 [INFO] riker.phases.phase4_robustness: Cluster 315: permutation p=0.9910, Bonferroni p=1.0000 (not significant)
2026-04-29 14:52:24 [INFO] riker.phases.phase4_robustness: Cluster 316: permutation p=0.6876, Bonferroni p=1.0000 (not significant)
2026-04-29 14:52:25 [INFO] riker.phases.phase4_robustness: Cluster 317: permutation p=0.8206, Bonferroni p=1.0000 (not significant)
2026-04-29 14:52:26 [INFO] riker.phases.phase4_robustness: Cluster 318: permutation p=1.0000, Bonferroni p=1.0000 (not significant)
2026-04-29 14:52:26 [INFO] riker.phases.phase4_robustness: Cluster 319: permutation p=1.0000, Bonferroni p=1.0000 (not significant)
2026-04-29 14:52:27 [INFO] riker.phases.phase4_robustness: Cluster 320: permutation p=0.1145, Bonferroni p=1.0000 (not significant)
2026-04-29 14:52:27 [INFO] riker.phases.phase4_robustness: Cluster 321: permutation p=0.1789, Bonferroni p=1.0000 (not significant)
2026-04-29 14:52:27 [INFO] riker.phases.phase4_robustness: Cluster 322: permutation p=0.1499, Bonferroni p=1.0000 (not significant)
2026-04-29 14:52:28 [INFO] riker.phases.phase4_robustness: Cluster 323: permutation p=0.9155, Bonferroni p=1.0000 (not significant)
2026-04-29 14:52:29 [INFO] riker.phases.phase4_robustness: Cluster 324: permutation p=0.0105, Bonferroni p=1.0000 (not significant)
2026-04-29 14:52:29 [INFO] riker.phases.phase4_robustness: Cluster 325: permutation p=0.4651, Bonferroni p=1.0000 (not significant)
2026-04-29 14:52:30 [INFO] riker.phases.phase4_robustness: Cluster 326: permutation p=0.1742, Bonferroni p=1.0000 (not significant)
2026-04-29 14:52:30 [INFO] riker.phases.phase4_robustness: Cluster 327: permutation p=0.9995, Bonferroni p=1.0000 (not significant)
2026-04-29 14:52:30 [INFO] riker.phases.phase4_robustness: Cluster 328: permutation p=0.0882, Bonferroni p=1.0000 (not significant)
2026-04-29 14:52:31 [INFO] riker.phases.phase4_robustness: Cluster 329: permutation p=0.3594, Bonferroni p=1.0000 (not significant)
2026-04-29 14:52:31 [INFO] riker.phases.phase4_robustness: Cluster 330: permutation p=0.9848, Bonferroni p=1.0000 (not significant)
2026-04-29 14:52:32 [INFO] riker.phases.phase4_robustness: Cluster 331: permutation p=0.9647, Bonferroni p=1.0000 (not significant)
2026-04-29 14:52:32 [INFO] riker.phases.phase4_robustness: Cluster 332: permutation p=0.8132, Bonferroni p=1.0000 (not significant)
2026-04-29 14:52:33 [INFO] riker.phases.phase4_robustness: Cluster 333: permutation p=0.0709, Bonferroni p=1.0000 (not significant)
2026-04-29 14:52:34 [INFO] riker.phases.phase4_robustness: Cluster 334: permutation p=0.1326, Bonferroni p=1.0000 (not significant)
2026-04-29 14:52:34 [INFO] riker.phases.phase4_robustness: Cluster 335: permutation p=0.1147, Bonferroni p=1.0000 (not significant)
2026-04-29 14:52:34 [INFO] riker.phases.phase4_robustness: Cluster 336: permutation p=0.9704, Bonferroni p=1.0000 (not significant)
2026-04-29 14:52:35 [INFO] riker.phases.phase4_robustness: Cluster 337: permutation p=0.9992, Bonferroni p=1.0000 (not significant)
2026-04-29 14:52:36 [INFO] riker.phases.phase4_robustness: Cluster 338: permutation p=0.0007, Bonferroni p=0.3143 (not significant)
2026-04-29 14:52:36 [INFO] riker.phases.phase4_robustness: Cluster 339: permutation p=0.9603, Bonferroni p=1.0000 (not significant)
2026-04-29 14:52:37 [INFO] riker.phases.phase4_robustness: Cluster 340: permutation p=1.0000, Bonferroni p=1.0000 (not significant)
2026-04-29 14:52:37 [INFO] riker.phases.phase4_robustness: Cluster 341: permutation p=0.9998, Bonferroni p=1.0000 (not significant)
2026-04-29 14:52:38 [INFO] riker.phases.phase4_robustness: Cluster 342: permutation p=0.3586, Bonferroni p=1.0000 (not significant)
2026-04-29 14:52:38 [INFO] riker.phases.phase4_robustness: Cluster 343: permutation p=1.0000, Bonferroni p=1.0000 (not significant)
2026-04-29 14:52:39 [INFO] riker.phases.phase4_robustness: Cluster 344: permutation p=0.9538, Bonferroni p=1.0000 (not significant)
2026-04-29 14:52:39 [INFO] riker.phases.phase4_robustness: Cluster 345: permutation p=0.9779, Bonferroni p=1.0000 (not significant)
2026-04-29 14:52:40 [INFO] riker.phases.phase4_robustness: Cluster 346: permutation p=0.9642, Bonferroni p=1.0000 (not significant)
2026-04-29 14:52:40 [INFO] riker.phases.phase4_robustness: Cluster 347: permutation p=0.8340, Bonferroni p=1.0000 (not significant)
2026-04-29 14:52:41 [INFO] riker.phases.phase4_robustness: Cluster 348: permutation p=0.1720, Bonferroni p=1.0000 (not significant)
2026-04-29 14:52:41 [INFO] riker.phases.phase4_robustness: Cluster 349: permutation p=0.2261, Bonferroni p=1.0000 (not significant)
2026-04-29 14:52:42 [INFO] riker.phases.phase4_robustness: Cluster 350: permutation p=0.2199, Bonferroni p=1.0000 (not significant)
2026-04-29 14:52:42 [INFO] riker.phases.phase4_robustness: Cluster 351: permutation p=0.3951, Bonferroni p=1.0000 (not significant)
2026-04-29 14:52:43 [INFO] riker.phases.phase4_robustness: Cluster 352: permutation p=0.0452, Bonferroni p=1.0000 (not significant)
2026-04-29 14:52:43 [INFO] riker.phases.phase4_robustness: Cluster 353: permutation p=0.0653, Bonferroni p=1.0000 (not significant)
2026-04-29 14:52:44 [INFO] riker.phases.phase4_robustness: Cluster 354: permutation p=0.0017, Bonferroni p=0.7632 (not significant)
2026-04-29 14:52:45 [INFO] riker.phases.phase4_robustness: Cluster 355: permutation p=0.0147, Bonferroni p=1.0000 (not significant)
2026-04-29 14:52:45 [INFO] riker.phases.phase4_robustness: Cluster 356: permutation p=0.9372, Bonferroni p=1.0000 (not significant)
2026-04-29 14:52:46 [INFO] riker.phases.phase4_robustness: Cluster 357: permutation p=0.0235, Bonferroni p=1.0000 (not significant)
2026-04-29 14:52:46 [INFO] riker.phases.phase4_robustness: Cluster 358: permutation p=0.9987, Bonferroni p=1.0000 (not significant)
2026-04-29 14:52:47 [INFO] riker.phases.phase4_robustness: Cluster 359: permutation p=0.1012, Bonferroni p=1.0000 (not significant)
2026-04-29 14:52:47 [INFO] riker.phases.phase4_robustness: Cluster 360: permutation p=0.8648, Bonferroni p=1.0000 (not significant)
2026-04-29 14:52:48 [INFO] riker.phases.phase4_robustness: Cluster 361: permutation p=0.0006, Bonferroni p=0.2694 (not significant)
2026-04-29 14:52:48 [INFO] riker.phases.phase4_robustness: Cluster 362: permutation p=0.1227, Bonferroni p=1.0000 (not significant)
2026-04-29 14:52:49 [INFO] riker.phases.phase4_robustness: Cluster 363: permutation p=1.0000, Bonferroni p=1.0000 (not significant)
2026-04-29 14:52:49 [INFO] riker.phases.phase4_robustness: Cluster 364: permutation p=0.1618, Bonferroni p=1.0000 (not significant)
2026-04-29 14:52:50 [INFO] riker.phases.phase4_robustness: Cluster 365: permutation p=0.4525, Bonferroni p=1.0000 (not significant)
2026-04-29 14:52:50 [INFO] riker.phases.phase4_robustness: Cluster 366: permutation p=0.8534, Bonferroni p=1.0000 (not significant)
2026-04-29 14:52:51 [INFO] riker.phases.phase4_robustness: Cluster 367: permutation p=0.9888, Bonferroni p=1.0000 (not significant)
2026-04-29 14:52:51 [INFO] riker.phases.phase4_robustness: Cluster 368: permutation p=0.0049, Bonferroni p=1.0000 (not significant)
2026-04-29 14:52:52 [INFO] riker.phases.phase4_robustness: Cluster 369: permutation p=0.9997, Bonferroni p=1.0000 (not significant)
2026-04-29 14:52:53 [INFO] riker.phases.phase4_robustness: Cluster 370: permutation p=0.2992, Bonferroni p=1.0000 (not significant)
2026-04-29 14:52:53 [INFO] riker.phases.phase4_robustness: Cluster 371: permutation p=0.3106, Bonferroni p=1.0000 (not significant)
2026-04-29 14:52:54 [INFO] riker.phases.phase4_robustness: Cluster 372: permutation p=0.5624, Bonferroni p=1.0000 (not significant)
2026-04-29 14:52:54 [INFO] riker.phases.phase4_robustness: Cluster 373: permutation p=0.0021, Bonferroni p=0.9428 (not significant)
2026-04-29 14:52:55 [INFO] riker.phases.phase4_robustness: Cluster 374: permutation p=0.8892, Bonferroni p=1.0000 (not significant)
2026-04-29 14:52:56 [INFO] riker.phases.phase4_robustness: Cluster 375: permutation p=0.1838, Bonferroni p=1.0000 (not significant)
2026-04-29 14:52:56 [INFO] riker.phases.phase4_robustness: Cluster 376: permutation p=0.8272, Bonferroni p=1.0000 (not significant)
2026-04-29 14:52:57 [INFO] riker.phases.phase4_robustness: Cluster 377: permutation p=0.0672, Bonferroni p=1.0000 (not significant)
2026-04-29 14:52:57 [INFO] riker.phases.phase4_robustness: Cluster 378: permutation p=0.9857, Bonferroni p=1.0000 (not significant)
2026-04-29 14:52:58 [INFO] riker.phases.phase4_robustness: Cluster 379: permutation p=0.9406, Bonferroni p=1.0000 (not significant)
2026-04-29 14:52:58 [INFO] riker.phases.phase4_robustness: Cluster 380: permutation p=0.1679, Bonferroni p=1.0000 (not significant)
2026-04-29 14:52:59 [INFO] riker.phases.phase4_robustness: Cluster 381: permutation p=0.9735, Bonferroni p=1.0000 (not significant)
2026-04-29 14:52:59 [INFO] riker.phases.phase4_robustness: Cluster 382: permutation p=0.0050, Bonferroni p=1.0000 (not significant)
2026-04-29 14:53:00 [INFO] riker.phases.phase4_robustness: Cluster 383: permutation p=0.0062, Bonferroni p=1.0000 (not significant)
2026-04-29 14:53:00 [INFO] riker.phases.phase4_robustness: Cluster 384: permutation p=0.0331, Bonferroni p=1.0000 (not significant)
2026-04-29 14:53:01 [INFO] riker.phases.phase4_robustness: Cluster 385: permutation p=0.1165, Bonferroni p=1.0000 (not significant)
2026-04-29 14:53:01 [INFO] riker.phases.phase4_robustness: Cluster 386: permutation p=0.9325, Bonferroni p=1.0000 (not significant)
2026-04-29 14:53:02 [INFO] riker.phases.phase4_robustness: Cluster 387: permutation p=0.9979, Bonferroni p=1.0000 (not significant)
2026-04-29 14:53:02 [INFO] riker.phases.phase4_robustness: Cluster 388: permutation p=0.9807, Bonferroni p=1.0000 (not significant)
2026-04-29 14:53:03 [INFO] riker.phases.phase4_robustness: Cluster 389: permutation p=0.8721, Bonferroni p=1.0000 (not significant)
2026-04-29 14:53:03 [INFO] riker.phases.phase4_robustness: Cluster 390: permutation p=0.0069, Bonferroni p=1.0000 (not significant)
2026-04-29 14:53:04 [INFO] riker.phases.phase4_robustness: Cluster 391: permutation p=0.0226, Bonferroni p=1.0000 (not significant)
2026-04-29 14:53:04 [INFO] riker.phases.phase4_robustness: Cluster 392: permutation p=0.8977, Bonferroni p=1.0000 (not significant)
2026-04-29 14:53:05 [INFO] riker.phases.phase4_robustness: Cluster 393: permutation p=0.2759, Bonferroni p=1.0000 (not significant)
2026-04-29 14:53:05 [INFO] riker.phases.phase4_robustness: Cluster 394: permutation p=0.9865, Bonferroni p=1.0000 (not significant)
2026-04-29 14:53:06 [INFO] riker.phases.phase4_robustness: Cluster 395: permutation p=0.7625, Bonferroni p=1.0000 (not significant)
2026-04-29 14:53:07 [INFO] riker.phases.phase4_robustness: Cluster 396: permutation p=0.8653, Bonferroni p=1.0000 (not significant)
2026-04-29 14:53:07 [INFO] riker.phases.phase4_robustness: Cluster 397: permutation p=0.0705, Bonferroni p=1.0000 (not significant)
2026-04-29 14:53:08 [INFO] riker.phases.phase4_robustness: Cluster 398: permutation p=0.1916, Bonferroni p=1.0000 (not significant)
2026-04-29 14:53:08 [INFO] riker.phases.phase4_robustness: Cluster 399: permutation p=0.2052, Bonferroni p=1.0000 (not significant)
2026-04-29 14:53:09 [INFO] riker.phases.phase4_robustness: Cluster 400: permutation p=0.4068, Bonferroni p=1.0000 (not significant)
2026-04-29 14:53:09 [INFO] riker.phases.phase4_robustness: Cluster 401: permutation p=0.7132, Bonferroni p=1.0000 (not significant)
2026-04-29 14:53:10 [INFO] riker.phases.phase4_robustness: Cluster 402: permutation p=0.0743, Bonferroni p=1.0000 (not significant)
2026-04-29 14:53:10 [INFO] riker.phases.phase4_robustness: Cluster 403: permutation p=0.4055, Bonferroni p=1.0000 (not significant)
2026-04-29 14:53:11 [INFO] riker.phases.phase4_robustness: Cluster 404: permutation p=0.5686, Bonferroni p=1.0000 (not significant)
2026-04-29 14:53:11 [INFO] riker.phases.phase4_robustness: Cluster 405: permutation p=0.5548, Bonferroni p=1.0000 (not significant)
2026-04-29 14:53:12 [INFO] riker.phases.phase4_robustness: Cluster 406: permutation p=0.5156, Bonferroni p=1.0000 (not significant)
2026-04-29 14:53:12 [INFO] riker.phases.phase4_robustness: Cluster 407: permutation p=1.0000, Bonferroni p=1.0000 (not significant)
2026-04-29 14:53:13 [INFO] riker.phases.phase4_robustness: Cluster 408: permutation p=0.9711, Bonferroni p=1.0000 (not significant)
2026-04-29 14:53:13 [INFO] riker.phases.phase4_robustness: Cluster 409: permutation p=0.9930, Bonferroni p=1.0000 (not significant)
2026-04-29 14:53:14 [INFO] riker.phases.phase4_robustness: Cluster 410: permutation p=0.9479, Bonferroni p=1.0000 (not significant)
2026-04-29 14:53:14 [INFO] riker.phases.phase4_robustness: Cluster 411: permutation p=0.7136, Bonferroni p=1.0000 (not significant)
2026-04-29 14:53:15 [INFO] riker.phases.phase4_robustness: Cluster 412: permutation p=0.9898, Bonferroni p=1.0000 (not significant)
2026-04-29 14:53:15 [INFO] riker.phases.phase4_robustness: Cluster 413: permutation p=0.0978, Bonferroni p=1.0000 (not significant)
2026-04-29 14:53:16 [INFO] riker.phases.phase4_robustness: Cluster 414: permutation p=0.3661, Bonferroni p=1.0000 (not significant)
2026-04-29 14:53:16 [INFO] riker.phases.phase4_robustness: Cluster 415: permutation p=0.3515, Bonferroni p=1.0000 (not significant)
2026-04-29 14:53:17 [INFO] riker.phases.phase4_robustness: Cluster 416: permutation p=0.3917, Bonferroni p=1.0000 (not significant)
2026-04-29 14:53:17 [INFO] riker.phases.phase4_robustness: Cluster 417: permutation p=0.9926, Bonferroni p=1.0000 (not significant)
2026-04-29 14:53:18 [INFO] riker.phases.phase4_robustness: Cluster 418: permutation p=0.9740, Bonferroni p=1.0000 (not significant)
2026-04-29 14:53:18 [INFO] riker.phases.phase4_robustness: Cluster 419: permutation p=0.9999, Bonferroni p=1.0000 (not significant)
2026-04-29 14:53:19 [INFO] riker.phases.phase4_robustness: Cluster 420: permutation p=0.9897, Bonferroni p=1.0000 (not significant)
2026-04-29 14:53:19 [INFO] riker.phases.phase4_robustness: Cluster 421: permutation p=0.9991, Bonferroni p=1.0000 (not significant)
2026-04-29 14:53:20 [INFO] riker.phases.phase4_robustness: Cluster 422: permutation p=0.8656, Bonferroni p=1.0000 (not significant)
2026-04-29 14:53:20 [INFO] riker.phases.phase4_robustness: Cluster 423: permutation p=0.8471, Bonferroni p=1.0000 (not significant)
2026-04-29 14:53:21 [INFO] riker.phases.phase4_robustness: Cluster 424: permutation p=0.8454, Bonferroni p=1.0000 (not significant)
2026-04-29 14:53:21 [INFO] riker.phases.phase4_robustness: Cluster 425: permutation p=0.9225, Bonferroni p=1.0000 (not significant)
2026-04-29 14:53:22 [INFO] riker.phases.phase4_robustness: Cluster 426: permutation p=0.9999, Bonferroni p=1.0000 (not significant)
2026-04-29 14:53:22 [INFO] riker.phases.phase4_robustness: Cluster 427: permutation p=0.9943, Bonferroni p=1.0000 (not significant)
2026-04-29 14:53:23 [INFO] riker.phases.phase4_robustness: Cluster 428: permutation p=0.1067, Bonferroni p=1.0000 (not significant)
2026-04-29 14:53:23 [INFO] riker.phases.phase4_robustness: Cluster 429: permutation p=0.4975, Bonferroni p=1.0000 (not significant)
2026-04-29 14:53:23 [INFO] riker.phases.phase4_robustness: Cluster 430: permutation p=0.8723, Bonferroni p=1.0000 (not significant)
2026-04-29 14:53:24 [INFO] riker.phases.phase4_robustness: Cluster 431: permutation p=0.8980, Bonferroni p=1.0000 (not significant)
2026-04-29 14:53:24 [INFO] riker.phases.phase4_robustness: Cluster 432: permutation p=0.8637, Bonferroni p=1.0000 (not significant)
2026-04-29 14:53:25 [INFO] riker.phases.phase4_robustness: Cluster 433: permutation p=0.9288, Bonferroni p=1.0000 (not significant)
2026-04-29 14:53:25 [INFO] riker.phases.phase4_robustness: Cluster 434: permutation p=0.6307, Bonferroni p=1.0000 (not significant)
2026-04-29 14:53:26 [INFO] riker.phases.phase4_robustness: Cluster 435: permutation p=0.9996, Bonferroni p=1.0000 (not significant)
2026-04-29 14:53:27 [INFO] riker.phases.phase4_robustness: Cluster 436: permutation p=0.9959, Bonferroni p=1.0000 (not significant)
2026-04-29 14:53:27 [INFO] riker.phases.phase4_robustness: Cluster 437: permutation p=0.1014, Bonferroni p=1.0000 (not significant)
2026-04-29 14:53:28 [INFO] riker.phases.phase4_robustness: Cluster 438: permutation p=0.4531, Bonferroni p=1.0000 (not significant)
2026-04-29 14:53:28 [INFO] riker.phases.phase4_robustness: Cluster 439: permutation p=0.6765, Bonferroni p=1.0000 (not significant)
2026-04-29 14:53:29 [INFO] riker.phases.phase4_robustness: Cluster 440: permutation p=0.9996, Bonferroni p=1.0000 (not significant)
2026-04-29 14:53:29 [INFO] riker.phases.phase4_robustness: Cluster 441: permutation p=0.9993, Bonferroni p=1.0000 (not significant)
2026-04-29 14:53:30 [INFO] riker.phases.phase4_robustness: Cluster 442: permutation p=0.1184, Bonferroni p=1.0000 (not significant)
2026-04-29 14:53:30 [INFO] riker.phases.phase4_robustness: Cluster 443: permutation p=0.1916, Bonferroni p=1.0000 (not significant)
2026-04-29 14:53:31 [INFO] riker.phases.phase4_robustness: Cluster 444: permutation p=0.9784, Bonferroni p=1.0000 (not significant)
2026-04-29 14:53:31 [INFO] riker.phases.phase4_robustness: Cluster 445: permutation p=0.0006, Bonferroni p=0.2694 (not significant)
2026-04-29 14:53:32 [INFO] riker.phases.phase4_robustness: Cluster 446: permutation p=0.1340, Bonferroni p=1.0000 (not significant)
2026-04-29 14:53:33 [INFO] riker.phases.phase4_robustness: Cluster 447: permutation p=0.6998, Bonferroni p=1.0000 (not significant)
2026-04-29 14:53:33 [INFO] riker.phases.phase4_robustness: Cluster 448: permutation p=0.5066, Bonferroni p=1.0000 (not significant)
2026-04-29 14:53:33 [INFO] riker.phases.phase4_robustness: Cluster 0 sensitivity: L1=19, L2=16, L3=19, L4=19 | dissolution=None | core=16
2026-04-29 14:53:33 [INFO] riker.phases.phase4_robustness: Cluster 1 sensitivity: L1=11, L2=7, L3=11, L4=11 | dissolution=None | core=7
2026-04-29 14:53:33 [INFO] riker.phases.phase4_robustness: Cluster 2 sensitivity: L1=16, L2=13, L3=16, L4=16 | dissolution=None | core=13
2026-04-29 14:53:33 [INFO] riker.phases.phase4_robustness: Cluster 3 sensitivity: L1=14, L2=13, L3=14, L4=14 | dissolution=None | core=13
2026-04-29 14:53:33 [INFO] riker.phases.phase4_robustness: Cluster 4 sensitivity: L1=12, L2=9, L3=12, L4=12 | dissolution=None | core=9
2026-04-29 14:53:33 [INFO] riker.phases.phase4_robustness: Cluster 5 sensitivity: L1=20, L2=5, L3=20, L4=20 | dissolution=None | core=5
2026-04-29 14:53:33 [INFO] riker.phases.phase4_robustness: Cluster 6 sensitivity: L1=14, L2=7, L3=14, L4=14 | dissolution=None | core=7
2026-04-29 14:53:33 [INFO] riker.phases.phase4_robustness: Cluster 7 sensitivity: L1=9, L2=6, L3=9, L4=9 | dissolution=None | core=6
2026-04-29 14:53:33 [INFO] riker.phases.phase4_robustness: Cluster 8 sensitivity: L1=7, L2=5, L3=7, L4=7 | dissolution=None | core=5
2026-04-29 14:53:33 [INFO] riker.phases.phase4_robustness: Cluster 9 sensitivity: L1=11, L2=5, L3=11, L4=11 | dissolution=None | core=5
2026-04-29 14:53:33 [INFO] riker.phases.phase4_robustness: Cluster 10 sensitivity: L1=5, L2=3, L3=5, L4=5 | dissolution=None | core=3
2026-04-29 14:53:33 [INFO] riker.phases.phase4_robustness: Cluster 11 sensitivity: L1=14, L2=12, L3=14, L4=14 | dissolution=None | core=12
2026-04-29 14:53:33 [INFO] riker.phases.phase4_robustness: Cluster 12 sensitivity: L1=5, L2=5, L3=5, L4=5 | dissolution=None | core=5
2026-04-29 14:53:33 [INFO] riker.phases.phase4_robustness: Cluster 13 sensitivity: L1=17, L2=11, L3=17, L4=17 | dissolution=None | core=11
2026-04-29 14:53:33 [INFO] riker.phases.phase4_robustness: Cluster 14 sensitivity: L1=8, L2=0, L3=8, L4=4 | dissolution=2 | core=0
2026-04-29 14:53:33 [INFO] riker.phases.phase4_robustness: Cluster 15 sensitivity: L1=17, L2=5, L3=17, L4=17 | dissolution=None | core=5
2026-04-29 14:53:33 [INFO] riker.phases.phase4_robustness: Cluster 16 sensitivity: L1=5, L2=2, L3=5, L4=5 | dissolution=2 | core=2
2026-04-29 14:53:33 [INFO] riker.phases.phase4_robustness: Cluster 17 sensitivity: L1=6, L2=5, L3=6, L4=6 | dissolution=None | core=5
2026-04-29 14:53:33 [INFO] riker.phases.phase4_robustness: Cluster 18 sensitivity: L1=8, L2=7, L3=8, L4=8 | dissolution=None | core=7
2026-04-29 14:53:33 [INFO] riker.phases.phase4_robustness: Cluster 19 sensitivity: L1=7, L2=6, L3=7, L4=7 | dissolution=None | core=6
2026-04-29 14:53:33 [INFO] riker.phases.phase4_robustness: Cluster 20 sensitivity: L1=12, L2=5, L3=12, L4=12 | dissolution=None | core=5
2026-04-29 14:53:33 [INFO] riker.phases.phase4_robustness: Cluster 21 sensitivity: L1=7, L2=5, L3=7, L4=7 | dissolution=None | core=5
2026-04-29 14:53:33 [INFO] riker.phases.phase4_robustness: Cluster 22 sensitivity: L1=15, L2=6, L3=15, L4=15 | dissolution=None | core=6
2026-04-29 14:53:33 [INFO] riker.phases.phase4_robustness: Cluster 23 sensitivity: L1=8, L2=0, L3=8, L4=0 | dissolution=2 | core=0
2026-04-29 14:53:33 [INFO] riker.phases.phase4_robustness: Cluster 24 sensitivity: L1=19, L2=4, L3=19, L4=19 | dissolution=None | core=4
2026-04-29 14:53:33 [INFO] riker.phases.phase4_robustness: Cluster 25 sensitivity: L1=11, L2=4, L3=11, L4=11 | dissolution=None | core=4
2026-04-29 14:53:33 [INFO] riker.phases.phase4_robustness: Cluster 26 sensitivity: L1=8, L2=7, L3=8, L4=8 | dissolution=None | core=7
2026-04-29 14:53:33 [INFO] riker.phases.phase4_robustness: Cluster 27 sensitivity: L1=6, L2=6, L3=6, L4=6 | dissolution=None | core=6
2026-04-29 14:53:33 [INFO] riker.phases.phase4_robustness: Cluster 28 sensitivity: L1=16, L2=2, L3=16, L4=16 | dissolution=2 | core=2
2026-04-29 14:53:33 [INFO] riker.phases.phase4_robustness: Cluster 29 sensitivity: L1=6, L2=0, L3=6, L4=6 | dissolution=2 | core=0
2026-04-29 14:53:33 [INFO] riker.phases.phase4_robustness: Cluster 30 sensitivity: L1=5, L2=4, L3=5, L4=5 | dissolution=None | core=4
2026-04-29 14:53:33 [INFO] riker.phases.phase4_robustness: Cluster 31 sensitivity: L1=14, L2=7, L3=14, L4=14 | dissolution=None | core=7
2026-04-29 14:53:33 [INFO] riker.phases.phase4_robustness: Cluster 32 sensitivity: L1=11, L2=11, L3=11, L4=11 | dissolution=None | core=11
2026-04-29 14:53:33 [INFO] riker.phases.phase4_robustness: Cluster 33 sensitivity: L1=9, L2=4, L3=9, L4=9 | dissolution=None | core=4
2026-04-29 14:53:33 [INFO] riker.phases.phase4_robustness: Cluster 34 sensitivity: L1=6, L2=0, L3=6, L4=5 | dissolution=2 | core=0
2026-04-29 14:53:33 [INFO] riker.phases.phase4_robustness: Cluster 35 sensitivity: L1=10, L2=1, L3=10, L4=10 | dissolution=2 | core=1
2026-04-29 14:53:33 [INFO] riker.phases.phase4_robustness: Cluster 36 sensitivity: L1=15, L2=15, L3=15, L4=15 | dissolution=None | core=15
2026-04-29 14:53:33 [INFO] riker.phases.phase4_robustness: Cluster 37 sensitivity: L1=10, L2=7, L3=10, L4=10 | dissolution=None | core=7
2026-04-29 14:53:33 [INFO] riker.phases.phase4_robustness: Cluster 38 sensitivity: L1=11, L2=9, L3=11, L4=11 | dissolution=None | core=9
2026-04-29 14:53:33 [INFO] riker.phases.phase4_robustness: Cluster 39 sensitivity: L1=21, L2=18, L3=21, L4=21 | dissolution=None | core=18
2026-04-29 14:53:33 [INFO] riker.phases.phase4_robustness: Cluster 40 sensitivity: L1=8, L2=4, L3=8, L4=8 | dissolution=None | core=4
2026-04-29 14:53:33 [INFO] riker.phases.phase4_robustness: Cluster 41 sensitivity: L1=6, L2=5, L3=6, L4=6 | dissolution=None | core=5
2026-04-29 14:53:33 [INFO] riker.phases.phase4_robustness: Cluster 42 sensitivity: L1=11, L2=8, L3=11, L4=11 | dissolution=None | core=8
2026-04-29 14:53:33 [INFO] riker.phases.phase4_robustness: Cluster 43 sensitivity: L1=12, L2=8, L3=12, L4=12 | dissolution=None | core=8
2026-04-29 14:53:33 [INFO] riker.phases.phase4_robustness: Cluster 44 sensitivity: L1=15, L2=0, L3=15, L4=0 | dissolution=2 | core=0
2026-04-29 14:53:33 [INFO] riker.phases.phase4_robustness: Cluster 45 sensitivity: L1=5, L2=3, L3=5, L4=5 | dissolution=None | core=3
2026-04-29 14:53:33 [INFO] riker.phases.phase4_robustness: Cluster 46 sensitivity: L1=13, L2=0, L3=12, L4=8 | dissolution=2 | core=0
2026-04-29 14:53:33 [INFO] riker.phases.phase4_robustness: Cluster 47 sensitivity: L1=12, L2=11, L3=12, L4=12 | dissolution=None | core=11
2026-04-29 14:53:33 [INFO] riker.phases.phase4_robustness: Cluster 48 sensitivity: L1=16, L2=14, L3=16, L4=16 | dissolution=None | core=14
2026-04-29 14:53:33 [INFO] riker.phases.phase4_robustness: Cluster 49 sensitivity: L1=6, L2=4, L3=6, L4=6 | dissolution=None | core=4
2026-04-29 14:53:33 [INFO] riker.phases.phase4_robustness: Cluster 50 sensitivity: L1=9, L2=5, L3=9, L4=9 | dissolution=None | core=5
2026-04-29 14:53:33 [INFO] riker.phases.phase4_robustness: Cluster 51 sensitivity: L1=8, L2=2, L3=8, L4=8 | dissolution=2 | core=2
2026-04-29 14:53:33 [INFO] riker.phases.phase4_robustness: Cluster 52 sensitivity: L1=8, L2=3, L3=8, L4=8 | dissolution=None | core=3
2026-04-29 14:53:33 [INFO] riker.phases.phase4_robustness: Cluster 53 sensitivity: L1=12, L2=9, L3=12, L4=12 | dissolution=None | core=9
2026-04-29 14:53:33 [INFO] riker.phases.phase4_robustness: Cluster 54 sensitivity: L1=6, L2=3, L3=6, L4=6 | dissolution=None | core=3
2026-04-29 14:53:33 [INFO] riker.phases.phase4_robustness: Cluster 55 sensitivity: L1=12, L2=7, L3=12, L4=12 | dissolution=None | core=7
2026-04-29 14:53:33 [INFO] riker.phases.phase4_robustness: Cluster 56 sensitivity: L1=28, L2=0, L3=4, L4=0 | dissolution=2 | core=0
2026-04-29 14:53:33 [INFO] riker.phases.phase4_robustness: Cluster 57 sensitivity: L1=9, L2=6, L3=9, L4=9 | dissolution=None | core=6
2026-04-29 14:53:33 [INFO] riker.phases.phase4_robustness: Cluster 58 sensitivity: L1=6, L2=4, L3=6, L4=6 | dissolution=None | core=4
2026-04-29 14:53:33 [INFO] riker.phases.phase4_robustness: Cluster 59 sensitivity: L1=6, L2=0, L3=6, L4=2 | dissolution=2 | core=0
2026-04-29 14:53:33 [INFO] riker.phases.phase4_robustness: Cluster 60 sensitivity: L1=7, L2=3, L3=7, L4=7 | dissolution=None | core=3
2026-04-29 14:53:33 [INFO] riker.phases.phase4_robustness: Cluster 61 sensitivity: L1=10, L2=4, L3=10, L4=10 | dissolution=None | core=4
2026-04-29 14:53:33 [INFO] riker.phases.phase4_robustness: Cluster 62 sensitivity: L1=22, L2=5, L3=22, L4=22 | dissolution=None | core=5
2026-04-29 14:53:33 [INFO] riker.phases.phase4_robustness: Cluster 63 sensitivity: L1=6, L2=0, L3=6, L4=6 | dissolution=2 | core=0
2026-04-29 14:53:33 [INFO] riker.phases.phase4_robustness: Cluster 64 sensitivity: L1=6, L2=1, L3=6, L4=6 | dissolution=2 | core=1
2026-04-29 14:53:33 [INFO] riker.phases.phase4_robustness: Cluster 65 sensitivity: L1=9, L2=6, L3=9, L4=9 | dissolution=None | core=6
2026-04-29 14:53:33 [INFO] riker.phases.phase4_robustness: Cluster 66 sensitivity: L1=7, L2=5, L3=7, L4=7 | dissolution=None | core=5
2026-04-29 14:53:33 [INFO] riker.phases.phase4_robustness: Cluster 67 sensitivity: L1=5, L2=2, L3=5, L4=5 | dissolution=2 | core=2
2026-04-29 14:53:33 [INFO] riker.phases.phase4_robustness: Cluster 68 sensitivity: L1=6, L2=6, L3=6, L4=6 | dissolution=None | core=6
2026-04-29 14:53:33 [INFO] riker.phases.phase4_robustness: Cluster 69 sensitivity: L1=9, L2=3, L3=9, L4=9 | dissolution=None | core=3
2026-04-29 14:53:33 [INFO] riker.phases.phase4_robustness: Cluster 70 sensitivity: L1=6, L2=3, L3=6, L4=6 | dissolution=None | core=3
2026-04-29 14:53:33 [INFO] riker.phases.phase4_robustness: Cluster 71 sensitivity: L1=7, L2=4, L3=7, L4=7 | dissolution=None | core=4
2026-04-29 14:53:33 [INFO] riker.phases.phase4_robustness: Cluster 72 sensitivity: L1=10, L2=2, L3=10, L4=10 | dissolution=2 | core=2
2026-04-29 14:53:33 [INFO] riker.phases.phase4_robustness: Cluster 73 sensitivity: L1=10, L2=1, L3=10, L4=10 | dissolution=2 | core=1
2026-04-29 14:53:33 [INFO] riker.phases.phase4_robustness: Cluster 74 sensitivity: L1=16, L2=0, L3=10, L4=0 | dissolution=2 | core=0
2026-04-29 14:53:33 [INFO] riker.phases.phase4_robustness: Cluster 75 sensitivity: L1=11, L2=11, L3=11, L4=11 | dissolution=None | core=11
2026-04-29 14:53:33 [INFO] riker.phases.phase4_robustness: Cluster 76 sensitivity: L1=5, L2=5, L3=5, L4=5 | dissolution=None | core=5
2026-04-29 14:53:33 [INFO] riker.phases.phase4_robustness: Cluster 77 sensitivity: L1=8, L2=8, L3=8, L4=8 | dissolution=None | core=8
2026-04-29 14:53:33 [INFO] riker.phases.phase4_robustness: Cluster 78 sensitivity: L1=9, L2=9, L3=9, L4=9 | dissolution=None | core=9
2026-04-29 14:53:33 [INFO] riker.phases.phase4_robustness: Cluster 79 sensitivity: L1=7, L2=5, L3=7, L4=7 | dissolution=None | core=5
2026-04-29 14:53:33 [INFO] riker.phases.phase4_robustness: Cluster 80 sensitivity: L1=6, L2=4, L3=6, L4=6 | dissolution=None | core=4
2026-04-29 14:53:33 [INFO] riker.phases.phase4_robustness: Cluster 81 sensitivity: L1=11, L2=9, L3=11, L4=11 | dissolution=None | core=9
2026-04-29 14:53:33 [INFO] riker.phases.phase4_robustness: Cluster 82 sensitivity: L1=5, L2=1, L3=5, L4=5 | dissolution=2 | core=1
2026-04-29 14:53:33 [INFO] riker.phases.phase4_robustness: Cluster 83 sensitivity: L1=7, L2=3, L3=7, L4=7 | dissolution=None | core=3
2026-04-29 14:53:33 [INFO] riker.phases.phase4_robustness: Cluster 84 sensitivity: L1=10, L2=10, L3=10, L4=10 | dissolution=None | core=10
2026-04-29 14:53:33 [INFO] riker.phases.phase4_robustness: Cluster 85 sensitivity: L1=11, L2=9, L3=11, L4=11 | dissolution=None | core=9
2026-04-29 14:53:33 [INFO] riker.phases.phase4_robustness: Cluster 86 sensitivity: L1=7, L2=7, L3=7, L4=7 | dissolution=None | core=7
2026-04-29 14:53:33 [INFO] riker.phases.phase4_robustness: Cluster 87 sensitivity: L1=8, L2=0, L3=8, L4=6 | dissolution=2 | core=0
2026-04-29 14:53:33 [INFO] riker.phases.phase4_robustness: Cluster 88 sensitivity: L1=14, L2=0, L3=14, L4=14 | dissolution=2 | core=0
2026-04-29 14:53:33 [INFO] riker.phases.phase4_robustness: Cluster 89 sensitivity: L1=7, L2=2, L3=7, L4=7 | dissolution=2 | core=2
2026-04-29 14:53:33 [INFO] riker.phases.phase4_robustness: Cluster 90 sensitivity: L1=14, L2=3, L3=14, L4=14 | dissolution=None | core=3
2026-04-29 14:53:33 [INFO] riker.phases.phase4_robustness: Cluster 91 sensitivity: L1=6, L2=2, L3=6, L4=6 | dissolution=2 | core=2
2026-04-29 14:53:33 [INFO] riker.phases.phase4_robustness: Cluster 92 sensitivity: L1=10, L2=8, L3=10, L4=10 | dissolution=None | core=8
2026-04-29 14:53:33 [INFO] riker.phases.phase4_robustness: Cluster 93 sensitivity: L1=6, L2=5, L3=6, L4=6 | dissolution=None | core=5
2026-04-29 14:53:33 [INFO] riker.phases.phase4_robustness: Cluster 94 sensitivity: L1=7, L2=6, L3=7, L4=7 | dissolution=None | core=6
2026-04-29 14:53:33 [INFO] riker.phases.phase4_robustness: Cluster 95 sensitivity: L1=7, L2=6, L3=7, L4=7 | dissolution=None | core=6
2026-04-29 14:53:33 [INFO] riker.phases.phase4_robustness: Cluster 96 sensitivity: L1=14, L2=11, L3=14, L4=14 | dissolution=None | core=11
2026-04-29 14:53:33 [INFO] riker.phases.phase4_robustness: Cluster 97 sensitivity: L1=16, L2=7, L3=16, L4=16 | dissolution=None | core=7
2026-04-29 14:53:33 [INFO] riker.phases.phase4_robustness: Cluster 98 sensitivity: L1=8, L2=3, L3=8, L4=8 | dissolution=None | core=3
2026-04-29 14:53:33 [INFO] riker.phases.phase4_robustness: Cluster 99 sensitivity: L1=14, L2=9, L3=14, L4=14 | dissolution=None | core=9
2026-04-29 14:53:33 [INFO] riker.phases.phase4_robustness: Cluster 100 sensitivity: L1=10, L2=7, L3=10, L4=10 | dissolution=None | core=7
2026-04-29 14:53:33 [INFO] riker.phases.phase4_robustness: Cluster 101 sensitivity: L1=14, L2=4, L3=14, L4=14 | dissolution=None | core=4
2026-04-29 14:53:33 [INFO] riker.phases.phase4_robustness: Cluster 102 sensitivity: L1=5, L2=4, L3=5, L4=5 | dissolution=None | core=4
2026-04-29 14:53:33 [INFO] riker.phases.phase4_robustness: Cluster 103 sensitivity: L1=13, L2=6, L3=13, L4=13 | dissolution=None | core=6
2026-04-29 14:53:33 [INFO] riker.phases.phase4_robustness: Cluster 104 sensitivity: L1=10, L2=4, L3=10, L4=10 | dissolution=None | core=4
2026-04-29 14:53:33 [INFO] riker.phases.phase4_robustness: Cluster 105 sensitivity: L1=11, L2=10, L3=11, L4=11 | dissolution=None | core=10
2026-04-29 14:53:33 [INFO] riker.phases.phase4_robustness: Cluster 106 sensitivity: L1=14, L2=14, L3=14, L4=14 | dissolution=None | core=14
2026-04-29 14:53:33 [INFO] riker.phases.phase4_robustness: Cluster 107 sensitivity: L1=12, L2=0, L3=12, L4=10 | dissolution=2 | core=0
2026-04-29 14:53:33 [INFO] riker.phases.phase4_robustness: Cluster 108 sensitivity: L1=5, L2=0, L3=5, L4=0 | dissolution=2 | core=0
2026-04-29 14:53:33 [INFO] riker.phases.phase4_robustness: Cluster 109 sensitivity: L1=8, L2=0, L3=8, L4=1 | dissolution=2 | core=0
2026-04-29 14:53:33 [INFO] riker.phases.phase4_robustness: Cluster 110 sensitivity: L1=10, L2=2, L3=10, L4=10 | dissolution=2 | core=2
2026-04-29 14:53:33 [INFO] riker.phases.phase4_robustness: Cluster 111 sensitivity: L1=8, L2=4, L3=8, L4=8 | dissolution=None | core=4
2026-04-29 14:53:33 [INFO] riker.phases.phase4_robustness: Cluster 112 sensitivity: L1=9, L2=8, L3=9, L4=9 | dissolution=None | core=8
2026-04-29 14:53:33 [INFO] riker.phases.phase4_robustness: Cluster 113 sensitivity: L1=16, L2=14, L3=16, L4=16 | dissolution=None | core=14
2026-04-29 14:53:33 [INFO] riker.phases.phase4_robustness: Cluster 114 sensitivity: L1=11, L2=10, L3=11, L4=11 | dissolution=None | core=10
2026-04-29 14:53:33 [INFO] riker.phases.phase4_robustness: Cluster 115 sensitivity: L1=8, L2=8, L3=8, L4=8 | dissolution=None | core=8
2026-04-29 14:53:33 [INFO] riker.phases.phase4_robustness: Cluster 116 sensitivity: L1=10, L2=7, L3=10, L4=10 | dissolution=None | core=7
2026-04-29 14:53:33 [INFO] riker.phases.phase4_robustness: Cluster 117 sensitivity: L1=6, L2=5, L3=6, L4=6 | dissolution=None | core=5
2026-04-29 14:53:33 [INFO] riker.phases.phase4_robustness: Cluster 118 sensitivity: L1=11, L2=5, L3=11, L4=11 | dissolution=None | core=5
2026-04-29 14:53:33 [INFO] riker.phases.phase4_robustness: Cluster 119 sensitivity: L1=11, L2=10, L3=11, L4=11 | dissolution=None | core=10
2026-04-29 14:53:33 [INFO] riker.phases.phase4_robustness: Cluster 120 sensitivity: L1=8, L2=3, L3=8, L4=8 | dissolution=None | core=3
2026-04-29 14:53:33 [INFO] riker.phases.phase4_robustness: Cluster 121 sensitivity: L1=7, L2=2, L3=7, L4=7 | dissolution=2 | core=2
2026-04-29 14:53:33 [INFO] riker.phases.phase4_robustness: Cluster 122 sensitivity: L1=8, L2=1, L3=8, L4=8 | dissolution=2 | core=1
2026-04-29 14:53:33 [INFO] riker.phases.phase4_robustness: Cluster 123 sensitivity: L1=6, L2=3, L3=6, L4=6 | dissolution=None | core=3
2026-04-29 14:53:33 [INFO] riker.phases.phase4_robustness: Cluster 124 sensitivity: L1=7, L2=4, L3=7, L4=7 | dissolution=None | core=4
2026-04-29 14:53:33 [INFO] riker.phases.phase4_robustness: Cluster 125 sensitivity: L1=12, L2=6, L3=12, L4=12 | dissolution=None | core=6
2026-04-29 14:53:33 [INFO] riker.phases.phase4_robustness: Cluster 126 sensitivity: L1=7, L2=3, L3=7, L4=7 | dissolution=None | core=3
2026-04-29 14:53:33 [INFO] riker.phases.phase4_robustness: Cluster 127 sensitivity: L1=13, L2=7, L3=13, L4=13 | dissolution=None | core=7
2026-04-29 14:53:33 [INFO] riker.phases.phase4_robustness: Cluster 128 sensitivity: L1=7, L2=6, L3=7, L4=7 | dissolution=None | core=6
2026-04-29 14:53:33 [INFO] riker.phases.phase4_robustness: Cluster 129 sensitivity: L1=5, L2=2, L3=5, L4=5 | dissolution=2 | core=2
2026-04-29 14:53:33 [INFO] riker.phases.phase4_robustness: Cluster 130 sensitivity: L1=8, L2=8, L3=8, L4=8 | dissolution=None | core=8
2026-04-29 14:53:33 [INFO] riker.phases.phase4_robustness: Cluster 131 sensitivity: L1=9, L2=2, L3=9, L4=9 | dissolution=2 | core=2
2026-04-29 14:53:33 [INFO] riker.phases.phase4_robustness: Cluster 132 sensitivity: L1=5, L2=5, L3=5, L4=5 | dissolution=None | core=5
2026-04-29 14:53:33 [INFO] riker.phases.phase4_robustness: Cluster 133 sensitivity: L1=11, L2=10, L3=11, L4=11 | dissolution=None | core=10
2026-04-29 14:53:33 [INFO] riker.phases.phase4_robustness: Cluster 134 sensitivity: L1=10, L2=6, L3=10, L4=10 | dissolution=None | core=6
2026-04-29 14:53:33 [INFO] riker.phases.phase4_robustness: Cluster 135 sensitivity: L1=7, L2=7, L3=7, L4=7 | dissolution=None | core=7
2026-04-29 14:53:33 [INFO] riker.phases.phase4_robustness: Cluster 136 sensitivity: L1=12, L2=12, L3=12, L4=12 | dissolution=None | core=12
2026-04-29 14:53:33 [INFO] riker.phases.phase4_robustness: Cluster 137 sensitivity: L1=7, L2=3, L3=7, L4=7 | dissolution=None | core=3
2026-04-29 14:53:33 [INFO] riker.phases.phase4_robustness: Cluster 138 sensitivity: L1=12, L2=12, L3=12, L4=12 | dissolution=None | core=12
2026-04-29 14:53:33 [INFO] riker.phases.phase4_robustness: Cluster 139 sensitivity: L1=33, L2=0, L3=23, L4=4 | dissolution=2 | core=0
2026-04-29 14:53:33 [INFO] riker.phases.phase4_robustness: Cluster 140 sensitivity: L1=8, L2=0, L3=1, L4=0 | dissolution=2 | core=0
2026-04-29 14:53:33 [INFO] riker.phases.phase4_robustness: Cluster 141 sensitivity: L1=16, L2=2, L3=16, L4=15 | dissolution=2 | core=2
2026-04-29 14:53:33 [INFO] riker.phases.phase4_robustness: Cluster 142 sensitivity: L1=5, L2=1, L3=5, L4=5 | dissolution=2 | core=1
2026-04-29 14:53:33 [INFO] riker.phases.phase4_robustness: Cluster 143 sensitivity: L1=6, L2=5, L3=6, L4=6 | dissolution=None | core=5
2026-04-29 14:53:33 [INFO] riker.phases.phase4_robustness: Cluster 144 sensitivity: L1=6, L2=3, L3=6, L4=6 | dissolution=None | core=3
2026-04-29 14:53:33 [INFO] riker.phases.phase4_robustness: Cluster 145 sensitivity: L1=11, L2=6, L3=11, L4=11 | dissolution=None | core=6
2026-04-29 14:53:33 [INFO] riker.phases.phase4_robustness: Cluster 146 sensitivity: L1=13, L2=12, L3=13, L4=13 | dissolution=None | core=12
2026-04-29 14:53:33 [INFO] riker.phases.phase4_robustness: Cluster 147 sensitivity: L1=13, L2=11, L3=13, L4=13 | dissolution=None | core=11
2026-04-29 14:53:33 [INFO] riker.phases.phase4_robustness: Cluster 148 sensitivity: L1=6, L2=6, L3=6, L4=6 | dissolution=None | core=6
2026-04-29 14:53:33 [INFO] riker.phases.phase4_robustness: Cluster 149 sensitivity: L1=7, L2=7, L3=7, L4=7 | dissolution=None | core=7
2026-04-29 14:53:33 [INFO] riker.phases.phase4_robustness: Cluster 150 sensitivity: L1=5, L2=5, L3=5, L4=5 | dissolution=None | core=5
2026-04-29 14:53:33 [INFO] riker.phases.phase4_robustness: Cluster 151 sensitivity: L1=5, L2=4, L3=5, L4=5 | dissolution=None | core=4
2026-04-29 14:53:33 [INFO] riker.phases.phase4_robustness: Cluster 152 sensitivity: L1=10, L2=4, L3=10, L4=10 | dissolution=None | core=4
2026-04-29 14:53:33 [INFO] riker.phases.phase4_robustness: Cluster 153 sensitivity: L1=8, L2=7, L3=8, L4=8 | dissolution=None | core=7
2026-04-29 14:53:33 [INFO] riker.phases.phase4_robustness: Cluster 154 sensitivity: L1=10, L2=10, L3=10, L4=10 | dissolution=None | core=10
2026-04-29 14:53:33 [INFO] riker.phases.phase4_robustness: Cluster 155 sensitivity: L1=5, L2=2, L3=5, L4=5 | dissolution=2 | core=2
2026-04-29 14:53:33 [INFO] riker.phases.phase4_robustness: Cluster 156 sensitivity: L1=10, L2=6, L3=10, L4=10 | dissolution=None | core=6
2026-04-29 14:53:33 [INFO] riker.phases.phase4_robustness: Cluster 157 sensitivity: L1=11, L2=5, L3=11, L4=11 | dissolution=None | core=5
2026-04-29 14:53:33 [INFO] riker.phases.phase4_robustness: Cluster 158 sensitivity: L1=9, L2=6, L3=9, L4=9 | dissolution=None | core=6
2026-04-29 14:53:33 [INFO] riker.phases.phase4_robustness: Cluster 159 sensitivity: L1=8, L2=4, L3=8, L4=8 | dissolution=None | core=4
2026-04-29 14:53:33 [INFO] riker.phases.phase4_robustness: Cluster 160 sensitivity: L1=8, L2=5, L3=8, L4=8 | dissolution=None | core=5
2026-04-29 14:53:33 [INFO] riker.phases.phase4_robustness: Cluster 161 sensitivity: L1=6, L2=6, L3=6, L4=6 | dissolution=None | core=6
2026-04-29 14:53:33 [INFO] riker.phases.phase4_robustness: Cluster 162 sensitivity: L1=5, L2=3, L3=5, L4=5 | dissolution=None | core=3
2026-04-29 14:53:33 [INFO] riker.phases.phase4_robustness: Cluster 163 sensitivity: L1=10, L2=9, L3=10, L4=10 | dissolution=None | core=9
2026-04-29 14:53:33 [INFO] riker.phases.phase4_robustness: Cluster 164 sensitivity: L1=5, L2=4, L3=5, L4=5 | dissolution=None | core=4
2026-04-29 14:53:33 [INFO] riker.phases.phase4_robustness: Cluster 165 sensitivity: L1=13, L2=13, L3=13, L4=13 | dissolution=None | core=13
2026-04-29 14:53:33 [INFO] riker.phases.phase4_robustness: Cluster 166 sensitivity: L1=7, L2=3, L3=7, L4=7 | dissolution=None | core=3
2026-04-29 14:53:33 [INFO] riker.phases.phase4_robustness: Cluster 167 sensitivity: L1=8, L2=6, L3=8, L4=8 | dissolution=None | core=6
2026-04-29 14:53:33 [INFO] riker.phases.phase4_robustness: Cluster 168 sensitivity: L1=8, L2=6, L3=8, L4=8 | dissolution=None | core=6
2026-04-29 14:53:33 [INFO] riker.phases.phase4_robustness: Cluster 169 sensitivity: L1=13, L2=6, L3=13, L4=13 | dissolution=None | core=6
2026-04-29 14:53:33 [INFO] riker.phases.phase4_robustness: Cluster 170 sensitivity: L1=8, L2=6, L3=8, L4=8 | dissolution=None | core=6
2026-04-29 14:53:33 [INFO] riker.phases.phase4_robustness: Cluster 171 sensitivity: L1=5, L2=4, L3=5, L4=5 | dissolution=None | core=4
2026-04-29 14:53:33 [INFO] riker.phases.phase4_robustness: Cluster 172 sensitivity: L1=6, L2=5, L3=6, L4=6 | dissolution=None | core=5
2026-04-29 14:53:33 [INFO] riker.phases.phase4_robustness: Cluster 173 sensitivity: L1=5, L2=3, L3=5, L4=5 | dissolution=None | core=3
2026-04-29 14:53:33 [INFO] riker.phases.phase4_robustness: Cluster 174 sensitivity: L1=6, L2=3, L3=6, L4=6 | dissolution=None | core=3
2026-04-29 14:53:33 [INFO] riker.phases.phase4_robustness: Cluster 175 sensitivity: L1=29, L2=12, L3=29, L4=29 | dissolution=None | core=12
2026-04-29 14:53:33 [INFO] riker.phases.phase4_robustness: Cluster 176 sensitivity: L1=6, L2=3, L3=6, L4=6 | dissolution=None | core=3
2026-04-29 14:53:33 [INFO] riker.phases.phase4_robustness: Cluster 177 sensitivity: L1=20, L2=9, L3=20, L4=20 | dissolution=None | core=9
2026-04-29 14:53:33 [INFO] riker.phases.phase4_robustness: Cluster 178 sensitivity: L1=8, L2=6, L3=8, L4=8 | dissolution=None | core=6
2026-04-29 14:53:33 [INFO] riker.phases.phase4_robustness: Cluster 179 sensitivity: L1=6, L2=2, L3=6, L4=6 | dissolution=2 | core=2
2026-04-29 14:53:33 [INFO] riker.phases.phase4_robustness: Cluster 180 sensitivity: L1=6, L2=5, L3=6, L4=6 | dissolution=None | core=5
2026-04-29 14:53:33 [INFO] riker.phases.phase4_robustness: Cluster 181 sensitivity: L1=11, L2=9, L3=11, L4=11 | dissolution=None | core=9
2026-04-29 14:53:33 [INFO] riker.phases.phase4_robustness: Cluster 182 sensitivity: L1=41, L2=26, L3=41, L4=41 | dissolution=None | core=26
2026-04-29 14:53:33 [INFO] riker.phases.phase4_robustness: Cluster 183 sensitivity: L1=6, L2=4, L3=6, L4=6 | dissolution=None | core=4
2026-04-29 14:53:33 [INFO] riker.phases.phase4_robustness: Cluster 184 sensitivity: L1=7, L2=5, L3=7, L4=7 | dissolution=None | core=5
2026-04-29 14:53:33 [INFO] riker.phases.phase4_robustness: Cluster 185 sensitivity: L1=16, L2=8, L3=16, L4=16 | dissolution=None | core=8
2026-04-29 14:53:33 [INFO] riker.phases.phase4_robustness: Cluster 186 sensitivity: L1=9, L2=4, L3=9, L4=9 | dissolution=None | core=4
2026-04-29 14:53:33 [INFO] riker.phases.phase4_robustness: Cluster 187 sensitivity: L1=9, L2=9, L3=9, L4=9 | dissolution=None | core=9
2026-04-29 14:53:33 [INFO] riker.phases.phase4_robustness: Cluster 188 sensitivity: L1=5, L2=5, L3=5, L4=5 | dissolution=None | core=5
2026-04-29 14:53:33 [INFO] riker.phases.phase4_robustness: Cluster 189 sensitivity: L1=7, L2=6, L3=7, L4=7 | dissolution=None | core=6
2026-04-29 14:53:33 [INFO] riker.phases.phase4_robustness: Cluster 190 sensitivity: L1=13, L2=8, L3=13, L4=13 | dissolution=None | core=8
2026-04-29 14:53:33 [INFO] riker.phases.phase4_robustness: Cluster 191 sensitivity: L1=6, L2=3, L3=6, L4=6 | dissolution=None | core=3
2026-04-29 14:53:33 [INFO] riker.phases.phase4_robustness: Cluster 192 sensitivity: L1=9, L2=5, L3=9, L4=9 | dissolution=None | core=5
2026-04-29 14:53:33 [INFO] riker.phases.phase4_robustness: Cluster 193 sensitivity: L1=11, L2=10, L3=11, L4=11 | dissolution=None | core=10
2026-04-29 14:53:33 [INFO] riker.phases.phase4_robustness: Cluster 194 sensitivity: L1=6, L2=5, L3=6, L4=6 | dissolution=None | core=5
2026-04-29 14:53:33 [INFO] riker.phases.phase4_robustness: Cluster 195 sensitivity: L1=7, L2=7, L3=7, L4=7 | dissolution=None | core=7
2026-04-29 14:53:33 [INFO] riker.phases.phase4_robustness: Cluster 196 sensitivity: L1=6, L2=4, L3=6, L4=6 | dissolution=None | core=4
2026-04-29 14:53:33 [INFO] riker.phases.phase4_robustness: Cluster 197 sensitivity: L1=10, L2=5, L3=10, L4=10 | dissolution=None | core=5
2026-04-29 14:53:33 [INFO] riker.phases.phase4_robustness: Cluster 198 sensitivity: L1=8, L2=5, L3=8, L4=8 | dissolution=None | core=5
2026-04-29 14:53:33 [INFO] riker.phases.phase4_robustness: Cluster 199 sensitivity: L1=5, L2=2, L3=5, L4=5 | dissolution=2 | core=2
2026-04-29 14:53:33 [INFO] riker.phases.phase4_robustness: Cluster 200 sensitivity: L1=10, L2=8, L3=10, L4=10 | dissolution=None | core=8
2026-04-29 14:53:33 [INFO] riker.phases.phase4_robustness: Cluster 201 sensitivity: L1=7, L2=6, L3=7, L4=7 | dissolution=None | core=6
2026-04-29 14:53:33 [INFO] riker.phases.phase4_robustness: Cluster 202 sensitivity: L1=26, L2=12, L3=26, L4=26 | dissolution=None | core=12
2026-04-29 14:53:33 [INFO] riker.phases.phase4_robustness: Cluster 203 sensitivity: L1=5, L2=2, L3=5, L4=5 | dissolution=2 | core=2
2026-04-29 14:53:33 [INFO] riker.phases.phase4_robustness: Cluster 204 sensitivity: L1=6, L2=1, L3=6, L4=6 | dissolution=2 | core=1
2026-04-29 14:53:33 [INFO] riker.phases.phase4_robustness: Cluster 205 sensitivity: L1=16, L2=8, L3=16, L4=16 | dissolution=None | core=8
2026-04-29 14:53:33 [INFO] riker.phases.phase4_robustness: Cluster 206 sensitivity: L1=9, L2=7, L3=9, L4=9 | dissolution=None | core=7
2026-04-29 14:53:33 [INFO] riker.phases.phase4_robustness: Cluster 207 sensitivity: L1=11, L2=7, L3=11, L4=11 | dissolution=None | core=7
2026-04-29 14:53:33 [INFO] riker.phases.phase4_robustness: Cluster 208 sensitivity: L1=6, L2=2, L3=6, L4=6 | dissolution=2 | core=2
2026-04-29 14:53:33 [INFO] riker.phases.phase4_robustness: Cluster 209 sensitivity: L1=20, L2=15, L3=20, L4=20 | dissolution=None | core=15
2026-04-29 14:53:33 [INFO] riker.phases.phase4_robustness: Cluster 210 sensitivity: L1=10, L2=7, L3=10, L4=10 | dissolution=None | core=7
2026-04-29 14:53:33 [INFO] riker.phases.phase4_robustness: Cluster 211 sensitivity: L1=7, L2=2, L3=7, L4=7 | dissolution=2 | core=2
2026-04-29 14:53:33 [INFO] riker.phases.phase4_robustness: Cluster 212 sensitivity: L1=10, L2=8, L3=10, L4=10 | dissolution=None | core=8
2026-04-29 14:53:33 [INFO] riker.phases.phase4_robustness: Cluster 213 sensitivity: L1=5, L2=3, L3=5, L4=5 | dissolution=None | core=3
2026-04-29 14:53:33 [INFO] riker.phases.phase4_robustness: Cluster 214 sensitivity: L1=5, L2=1, L3=5, L4=5 | dissolution=2 | core=1
2026-04-29 14:53:33 [INFO] riker.phases.phase4_robustness: Cluster 215 sensitivity: L1=6, L2=3, L3=6, L4=6 | dissolution=None | core=3
2026-04-29 14:53:33 [INFO] riker.phases.phase4_robustness: Cluster 216 sensitivity: L1=11, L2=4, L3=11, L4=11 | dissolution=None | core=4
2026-04-29 14:53:33 [INFO] riker.phases.phase4_robustness: Cluster 217 sensitivity: L1=8, L2=5, L3=8, L4=8 | dissolution=None | core=5
2026-04-29 14:53:33 [INFO] riker.phases.phase4_robustness: Cluster 218 sensitivity: L1=5, L2=5, L3=5, L4=5 | dissolution=None | core=5
2026-04-29 14:53:33 [INFO] riker.phases.phase4_robustness: Cluster 219 sensitivity: L1=14, L2=12, L3=14, L4=14 | dissolution=None | core=12
2026-04-29 14:53:33 [INFO] riker.phases.phase4_robustness: Cluster 220 sensitivity: L1=8, L2=7, L3=8, L4=8 | dissolution=None | core=7
2026-04-29 14:53:33 [INFO] riker.phases.phase4_robustness: Cluster 221 sensitivity: L1=11, L2=3, L3=11, L4=11 | dissolution=None | core=3
2026-04-29 14:53:33 [INFO] riker.phases.phase4_robustness: Cluster 222 sensitivity: L1=12, L2=9, L3=12, L4=12 | dissolution=None | core=9
2026-04-29 14:53:33 [INFO] riker.phases.phase4_robustness: Cluster 223 sensitivity: L1=5, L2=2, L3=5, L4=5 | dissolution=2 | core=2
2026-04-29 14:53:33 [INFO] riker.phases.phase4_robustness: Cluster 224 sensitivity: L1=7, L2=5, L3=7, L4=7 | dissolution=None | core=5
2026-04-29 14:53:33 [INFO] riker.phases.phase4_robustness: Cluster 225 sensitivity: L1=5, L2=3, L3=5, L4=5 | dissolution=None | core=3
2026-04-29 14:53:33 [INFO] riker.phases.phase4_robustness: Cluster 226 sensitivity: L1=7, L2=5, L3=7, L4=7 | dissolution=None | core=5
2026-04-29 14:53:33 [INFO] riker.phases.phase4_robustness: Cluster 227 sensitivity: L1=27, L2=18, L3=27, L4=27 | dissolution=None | core=18
2026-04-29 14:53:33 [INFO] riker.phases.phase4_robustness: Cluster 228 sensitivity: L1=6, L2=1, L3=6, L4=6 | dissolution=2 | core=1
2026-04-29 14:53:33 [INFO] riker.phases.phase4_robustness: Cluster 229 sensitivity: L1=7, L2=1, L3=7, L4=7 | dissolution=2 | core=1
2026-04-29 14:53:33 [INFO] riker.phases.phase4_robustness: Cluster 230 sensitivity: L1=34, L2=12, L3=34, L4=34 | dissolution=None | core=12
2026-04-29 14:53:33 [INFO] riker.phases.phase4_robustness: Cluster 231 sensitivity: L1=10, L2=3, L3=10, L4=10 | dissolution=None | core=3
2026-04-29 14:53:33 [INFO] riker.phases.phase4_robustness: Cluster 232 sensitivity: L1=6, L2=6, L3=6, L4=6 | dissolution=None | core=6
2026-04-29 14:53:33 [INFO] riker.phases.phase4_robustness: Cluster 233 sensitivity: L1=7, L2=7, L3=7, L4=7 | dissolution=None | core=7
2026-04-29 14:53:33 [INFO] riker.phases.phase4_robustness: Cluster 234 sensitivity: L1=7, L2=4, L3=7, L4=7 | dissolution=None | core=4
2026-04-29 14:53:33 [INFO] riker.phases.phase4_robustness: Cluster 235 sensitivity: L1=11, L2=7, L3=11, L4=11 | dissolution=None | core=7
2026-04-29 14:53:33 [INFO] riker.phases.phase4_robustness: Cluster 236 sensitivity: L1=5, L2=3, L3=5, L4=5 | dissolution=None | core=3
2026-04-29 14:53:33 [INFO] riker.phases.phase4_robustness: Cluster 237 sensitivity: L1=8, L2=4, L3=8, L4=8 | dissolution=None | core=4
2026-04-29 14:53:33 [INFO] riker.phases.phase4_robustness: Cluster 238 sensitivity: L1=9, L2=6, L3=9, L4=9 | dissolution=None | core=6
2026-04-29 14:53:33 [INFO] riker.phases.phase4_robustness: Cluster 239 sensitivity: L1=6, L2=1, L3=6, L4=6 | dissolution=2 | core=1
2026-04-29 14:53:33 [INFO] riker.phases.phase4_robustness: Cluster 240 sensitivity: L1=32, L2=29, L3=32, L4=32 | dissolution=None | core=29
2026-04-29 14:53:33 [INFO] riker.phases.phase4_robustness: Cluster 241 sensitivity: L1=34, L2=21, L3=34, L4=34 | dissolution=None | core=21
2026-04-29 14:53:33 [INFO] riker.phases.phase4_robustness: Cluster 242 sensitivity: L1=11, L2=7, L3=11, L4=11 | dissolution=None | core=7
2026-04-29 14:53:33 [INFO] riker.phases.phase4_robustness: Cluster 243 sensitivity: L1=12, L2=4, L3=12, L4=12 | dissolution=None | core=4
2026-04-29 14:53:33 [INFO] riker.phases.phase4_robustness: Cluster 244 sensitivity: L1=5, L2=1, L3=5, L4=5 | dissolution=2 | core=1
2026-04-29 14:53:33 [INFO] riker.phases.phase4_robustness: Cluster 245 sensitivity: L1=7, L2=4, L3=7, L4=7 | dissolution=None | core=4
2026-04-29 14:53:33 [INFO] riker.phases.phase4_robustness: Cluster 246 sensitivity: L1=8, L2=1, L3=8, L4=8 | dissolution=2 | core=1
2026-04-29 14:53:33 [INFO] riker.phases.phase4_robustness: Cluster 247 sensitivity: L1=10, L2=9, L3=10, L4=10 | dissolution=None | core=9
2026-04-29 14:53:33 [INFO] riker.phases.phase4_robustness: Cluster 248 sensitivity: L1=16, L2=13, L3=16, L4=16 | dissolution=None | core=13
2026-04-29 14:53:33 [INFO] riker.phases.phase4_robustness: Cluster 249 sensitivity: L1=7, L2=1, L3=7, L4=7 | dissolution=2 | core=1
2026-04-29 14:53:33 [INFO] riker.phases.phase4_robustness: Cluster 250 sensitivity: L1=5, L2=2, L3=5, L4=5 | dissolution=2 | core=2
2026-04-29 14:53:33 [INFO] riker.phases.phase4_robustness: Cluster 251 sensitivity: L1=6, L2=6, L3=6, L4=6 | dissolution=None | core=6
2026-04-29 14:53:33 [INFO] riker.phases.phase4_robustness: Cluster 252 sensitivity: L1=10, L2=6, L3=10, L4=10 | dissolution=None | core=6
2026-04-29 14:53:33 [INFO] riker.phases.phase4_robustness: Cluster 253 sensitivity: L1=16, L2=5, L3=16, L4=16 | dissolution=None | core=5
2026-04-29 14:53:33 [INFO] riker.phases.phase4_robustness: Cluster 254 sensitivity: L1=8, L2=0, L3=8, L4=8 | dissolution=2 | core=0
2026-04-29 14:53:33 [INFO] riker.phases.phase4_robustness: Cluster 255 sensitivity: L1=9, L2=6, L3=9, L4=9 | dissolution=None | core=6
2026-04-29 14:53:33 [INFO] riker.phases.phase4_robustness: Cluster 256 sensitivity: L1=9, L2=5, L3=9, L4=9 | dissolution=None | core=5
2026-04-29 14:53:33 [INFO] riker.phases.phase4_robustness: Cluster 257 sensitivity: L1=12, L2=8, L3=12, L4=12 | dissolution=None | core=8
2026-04-29 14:53:33 [INFO] riker.phases.phase4_robustness: Cluster 258 sensitivity: L1=10, L2=4, L3=10, L4=10 | dissolution=None | core=4
2026-04-29 14:53:33 [INFO] riker.phases.phase4_robustness: Cluster 259 sensitivity: L1=8, L2=8, L3=8, L4=8 | dissolution=None | core=8
2026-04-29 14:53:33 [INFO] riker.phases.phase4_robustness: Cluster 260 sensitivity: L1=7, L2=5, L3=7, L4=7 | dissolution=None | core=5
2026-04-29 14:53:33 [INFO] riker.phases.phase4_robustness: Cluster 261 sensitivity: L1=47, L2=0, L3=29, L4=0 | dissolution=2 | core=0
2026-04-29 14:53:33 [INFO] riker.phases.phase4_robustness: Cluster 262 sensitivity: L1=6, L2=0, L3=0, L4=0 | dissolution=2 | core=0
2026-04-29 14:53:33 [INFO] riker.phases.phase4_robustness: Cluster 263 sensitivity: L1=12, L2=6, L3=12, L4=12 | dissolution=None | core=6
2026-04-29 14:53:33 [INFO] riker.phases.phase4_robustness: Cluster 264 sensitivity: L1=7, L2=3, L3=7, L4=7 | dissolution=None | core=3
2026-04-29 14:53:33 [INFO] riker.phases.phase4_robustness: Cluster 265 sensitivity: L1=6, L2=6, L3=6, L4=6 | dissolution=None | core=6
2026-04-29 14:53:33 [INFO] riker.phases.phase4_robustness: Cluster 266 sensitivity: L1=5, L2=5, L3=5, L4=5 | dissolution=None | core=5
2026-04-29 14:53:33 [INFO] riker.phases.phase4_robustness: Cluster 267 sensitivity: L1=18, L2=7, L3=18, L4=18 | dissolution=None | core=7
2026-04-29 14:53:33 [INFO] riker.phases.phase4_robustness: Cluster 268 sensitivity: L1=8, L2=5, L3=8, L4=8 | dissolution=None | core=5
2026-04-29 14:53:33 [INFO] riker.phases.phase4_robustness: Cluster 269 sensitivity: L1=13, L2=9, L3=13, L4=13 | dissolution=None | core=9
2026-04-29 14:53:33 [INFO] riker.phases.phase4_robustness: Cluster 270 sensitivity: L1=11, L2=9, L3=11, L4=11 | dissolution=None | core=9
2026-04-29 14:53:33 [INFO] riker.phases.phase4_robustness: Cluster 271 sensitivity: L1=9, L2=7, L3=9, L4=9 | dissolution=None | core=7
2026-04-29 14:53:33 [INFO] riker.phases.phase4_robustness: Cluster 272 sensitivity: L1=5, L2=5, L3=5, L4=5 | dissolution=None | core=5
2026-04-29 14:53:33 [INFO] riker.phases.phase4_robustness: Cluster 273 sensitivity: L1=15, L2=9, L3=15, L4=15 | dissolution=None | core=9
2026-04-29 14:53:33 [INFO] riker.phases.phase4_robustness: Cluster 274 sensitivity: L1=5, L2=5, L3=5, L4=5 | dissolution=None | core=5
2026-04-29 14:53:33 [INFO] riker.phases.phase4_robustness: Cluster 275 sensitivity: L1=7, L2=6, L3=7, L4=7 | dissolution=None | core=6
2026-04-29 14:53:33 [INFO] riker.phases.phase4_robustness: Cluster 276 sensitivity: L1=17, L2=15, L3=17, L4=17 | dissolution=None | core=15
2026-04-29 14:53:33 [INFO] riker.phases.phase4_robustness: Cluster 277 sensitivity: L1=16, L2=13, L3=16, L4=16 | dissolution=None | core=13
2026-04-29 14:53:33 [INFO] riker.phases.phase4_robustness: Cluster 278 sensitivity: L1=5, L2=4, L3=5, L4=5 | dissolution=None | core=4
2026-04-29 14:53:33 [INFO] riker.phases.phase4_robustness: Cluster 279 sensitivity: L1=5, L2=5, L3=5, L4=5 | dissolution=None | core=5
2026-04-29 14:53:33 [INFO] riker.phases.phase4_robustness: Cluster 280 sensitivity: L1=5, L2=4, L3=5, L4=5 | dissolution=None | core=4
2026-04-29 14:53:33 [INFO] riker.phases.phase4_robustness: Cluster 281 sensitivity: L1=7, L2=7, L3=7, L4=7 | dissolution=None | core=7
2026-04-29 14:53:33 [INFO] riker.phases.phase4_robustness: Cluster 282 sensitivity: L1=5, L2=5, L3=5, L4=5 | dissolution=None | core=5
2026-04-29 14:53:33 [INFO] riker.phases.phase4_robustness: Cluster 283 sensitivity: L1=20, L2=4, L3=20, L4=20 | dissolution=None | core=4
2026-04-29 14:53:33 [INFO] riker.phases.phase4_robustness: Cluster 284 sensitivity: L1=18, L2=11, L3=18, L4=18 | dissolution=None | core=11
2026-04-29 14:53:33 [INFO] riker.phases.phase4_robustness: Cluster 285 sensitivity: L1=5, L2=4, L3=5, L4=5 | dissolution=None | core=4
2026-04-29 14:53:33 [INFO] riker.phases.phase4_robustness: Cluster 286 sensitivity: L1=8, L2=5, L3=8, L4=8 | dissolution=None | core=5
2026-04-29 14:53:33 [INFO] riker.phases.phase4_robustness: Cluster 287 sensitivity: L1=9, L2=9, L3=9, L4=9 | dissolution=None | core=9
2026-04-29 14:53:33 [INFO] riker.phases.phase4_robustness: Cluster 288 sensitivity: L1=15, L2=6, L3=15, L4=15 | dissolution=None | core=6
2026-04-29 14:53:33 [INFO] riker.phases.phase4_robustness: Cluster 289 sensitivity: L1=15, L2=15, L3=15, L4=15 | dissolution=None | core=15
2026-04-29 14:53:33 [INFO] riker.phases.phase4_robustness: Cluster 290 sensitivity: L1=9, L2=8, L3=9, L4=9 | dissolution=None | core=8
2026-04-29 14:53:33 [INFO] riker.phases.phase4_robustness: Cluster 291 sensitivity: L1=14, L2=11, L3=14, L4=14 | dissolution=None | core=11
2026-04-29 14:53:33 [INFO] riker.phases.phase4_robustness: Cluster 292 sensitivity: L1=9, L2=2, L3=9, L4=9 | dissolution=2 | core=2
2026-04-29 14:53:33 [INFO] riker.phases.phase4_robustness: Cluster 293 sensitivity: L1=14, L2=9, L3=14, L4=14 | dissolution=None | core=9
2026-04-29 14:53:33 [INFO] riker.phases.phase4_robustness: Cluster 294 sensitivity: L1=9, L2=6, L3=9, L4=9 | dissolution=None | core=6
2026-04-29 14:53:33 [INFO] riker.phases.phase4_robustness: Cluster 295 sensitivity: L1=13, L2=8, L3=13, L4=13 | dissolution=None | core=8
2026-04-29 14:53:33 [INFO] riker.phases.phase4_robustness: Cluster 296 sensitivity: L1=11, L2=11, L3=11, L4=11 | dissolution=None | core=11
2026-04-29 14:53:33 [INFO] riker.phases.phase4_robustness: Cluster 297 sensitivity: L1=14, L2=11, L3=14, L4=14 | dissolution=None | core=11
2026-04-29 14:53:33 [INFO] riker.phases.phase4_robustness: Cluster 298 sensitivity: L1=7, L2=7, L3=7, L4=7 | dissolution=None | core=7
2026-04-29 14:53:33 [INFO] riker.phases.phase4_robustness: Cluster 299 sensitivity: L1=15, L2=14, L3=15, L4=15 | dissolution=None | core=14
2026-04-29 14:53:33 [INFO] riker.phases.phase4_robustness: Cluster 300 sensitivity: L1=5, L2=5, L3=5, L4=5 | dissolution=None | core=5
2026-04-29 14:53:33 [INFO] riker.phases.phase4_robustness: Cluster 301 sensitivity: L1=6, L2=5, L3=6, L4=6 | dissolution=None | core=5
2026-04-29 14:53:33 [INFO] riker.phases.phase4_robustness: Cluster 302 sensitivity: L1=5, L2=5, L3=5, L4=5 | dissolution=None | core=5
2026-04-29 14:53:33 [INFO] riker.phases.phase4_robustness: Cluster 303 sensitivity: L1=9, L2=9, L3=9, L4=9 | dissolution=None | core=9
2026-04-29 14:53:33 [INFO] riker.phases.phase4_robustness: Cluster 304 sensitivity: L1=7, L2=7, L3=7, L4=7 | dissolution=None | core=7
2026-04-29 14:53:33 [INFO] riker.phases.phase4_robustness: Cluster 305 sensitivity: L1=6, L2=4, L3=6, L4=6 | dissolution=None | core=4
2026-04-29 14:53:33 [INFO] riker.phases.phase4_robustness: Cluster 306 sensitivity: L1=9, L2=3, L3=9, L4=9 | dissolution=None | core=3
2026-04-29 14:53:33 [INFO] riker.phases.phase4_robustness: Cluster 307 sensitivity: L1=8, L2=3, L3=8, L4=8 | dissolution=None | core=3
2026-04-29 14:53:33 [INFO] riker.phases.phase4_robustness: Cluster 308 sensitivity: L1=8, L2=2, L3=8, L4=8 | dissolution=2 | core=2
2026-04-29 14:53:33 [INFO] riker.phases.phase4_robustness: Cluster 309 sensitivity: L1=20, L2=18, L3=20, L4=20 | dissolution=None | core=18
2026-04-29 14:53:33 [INFO] riker.phases.phase4_robustness: Cluster 310 sensitivity: L1=7, L2=6, L3=7, L4=7 | dissolution=None | core=6
2026-04-29 14:53:33 [INFO] riker.phases.phase4_robustness: Cluster 311 sensitivity: L1=6, L2=6, L3=6, L4=6 | dissolution=None | core=6
2026-04-29 14:53:33 [INFO] riker.phases.phase4_robustness: Cluster 312 sensitivity: L1=10, L2=4, L3=10, L4=10 | dissolution=None | core=4
2026-04-29 14:53:33 [INFO] riker.phases.phase4_robustness: Cluster 313 sensitivity: L1=7, L2=5, L3=7, L4=7 | dissolution=None | core=5
2026-04-29 14:53:33 [INFO] riker.phases.phase4_robustness: Cluster 314 sensitivity: L1=5, L2=3, L3=5, L4=5 | dissolution=None | core=3
2026-04-29 14:53:33 [INFO] riker.phases.phase4_robustness: Cluster 315 sensitivity: L1=7, L2=3, L3=7, L4=7 | dissolution=None | core=3
2026-04-29 14:53:33 [INFO] riker.phases.phase4_robustness: Cluster 316 sensitivity: L1=5, L2=0, L3=5, L4=5 | dissolution=2 | core=0
2026-04-29 14:53:33 [INFO] riker.phases.phase4_robustness: Cluster 317 sensitivity: L1=5, L2=2, L3=5, L4=5 | dissolution=2 | core=2
2026-04-29 14:53:33 [INFO] riker.phases.phase4_robustness: Cluster 318 sensitivity: L1=8, L2=2, L3=8, L4=8 | dissolution=2 | core=2
2026-04-29 14:53:33 [INFO] riker.phases.phase4_robustness: Cluster 319 sensitivity: L1=9, L2=2, L3=9, L4=9 | dissolution=2 | core=2
2026-04-29 14:53:33 [INFO] riker.phases.phase4_robustness: Cluster 320 sensitivity: L1=9, L2=9, L3=9, L4=9 | dissolution=None | core=9
2026-04-29 14:53:33 [INFO] riker.phases.phase4_robustness: Cluster 321 sensitivity: L1=5, L2=4, L3=5, L4=5 | dissolution=None | core=4
2026-04-29 14:53:33 [INFO] riker.phases.phase4_robustness: Cluster 322 sensitivity: L1=5, L2=5, L3=5, L4=5 | dissolution=None | core=5
2026-04-29 14:53:33 [INFO] riker.phases.phase4_robustness: Cluster 323 sensitivity: L1=6, L2=1, L3=6, L4=6 | dissolution=2 | core=1
2026-04-29 14:53:33 [INFO] riker.phases.phase4_robustness: Cluster 324 sensitivity: L1=16, L2=8, L3=16, L4=16 | dissolution=None | core=8
2026-04-29 14:53:33 [INFO] riker.phases.phase4_robustness: Cluster 325 sensitivity: L1=9, L2=7, L3=9, L4=9 | dissolution=None | core=7
2026-04-29 14:53:33 [INFO] riker.phases.phase4_robustness: Cluster 326 sensitivity: L1=5, L2=5, L3=5, L4=5 | dissolution=None | core=5
2026-04-29 14:53:33 [INFO] riker.phases.phase4_robustness: Cluster 327 sensitivity: L1=7, L2=2, L3=7, L4=7 | dissolution=2 | core=2
2026-04-29 14:53:33 [INFO] riker.phases.phase4_robustness: Cluster 328 sensitivity: L1=9, L2=9, L3=9, L4=9 | dissolution=None | core=9
2026-04-29 14:53:33 [INFO] riker.phases.phase4_robustness: Cluster 329 sensitivity: L1=5, L2=5, L3=5, L4=5 | dissolution=None | core=5
2026-04-29 14:53:33 [INFO] riker.phases.phase4_robustness: Cluster 330 sensitivity: L1=13, L2=6, L3=13, L4=13 | dissolution=None | core=6
2026-04-29 14:53:33 [INFO] riker.phases.phase4_robustness: Cluster 331 sensitivity: L1=8, L2=3, L3=8, L4=8 | dissolution=None | core=3
2026-04-29 14:53:33 [INFO] riker.phases.phase4_robustness: Cluster 332 sensitivity: L1=5, L2=1, L3=5, L4=5 | dissolution=2 | core=1
2026-04-29 14:53:33 [INFO] riker.phases.phase4_robustness: Cluster 333 sensitivity: L1=16, L2=9, L3=16, L4=16 | dissolution=None | core=9
2026-04-29 14:53:33 [INFO] riker.phases.phase4_robustness: Cluster 334 sensitivity: L1=5, L2=5, L3=5, L4=5 | dissolution=None | core=5
2026-04-29 14:53:33 [INFO] riker.phases.phase4_robustness: Cluster 335 sensitivity: L1=6, L2=6, L3=6, L4=6 | dissolution=None | core=6
2026-04-29 14:53:33 [INFO] riker.phases.phase4_robustness: Cluster 336 sensitivity: L1=6, L2=0, L3=6, L4=6 | dissolution=2 | core=0
2026-04-29 14:53:33 [INFO] riker.phases.phase4_robustness: Cluster 337 sensitivity: L1=17, L2=3, L3=17, L4=17 | dissolution=None | core=3
2026-04-29 14:53:33 [INFO] riker.phases.phase4_robustness: Cluster 338 sensitivity: L1=12, L2=6, L3=12, L4=12 | dissolution=None | core=6
2026-04-29 14:53:33 [INFO] riker.phases.phase4_robustness: Cluster 339 sensitivity: L1=5, L2=3, L3=5, L4=5 | dissolution=None | core=3
2026-04-29 14:53:33 [INFO] riker.phases.phase4_robustness: Cluster 340 sensitivity: L1=9, L2=4, L3=9, L4=9 | dissolution=None | core=4
2026-04-29 14:53:33 [INFO] riker.phases.phase4_robustness: Cluster 341 sensitivity: L1=12, L2=10, L3=12, L4=12 | dissolution=None | core=10
2026-04-29 14:53:33 [INFO] riker.phases.phase4_robustness: Cluster 342 sensitivity: L1=14, L2=13, L3=14, L4=14 | dissolution=None | core=13
2026-04-29 14:53:33 [INFO] riker.phases.phase4_robustness: Cluster 343 sensitivity: L1=15, L2=7, L3=15, L4=15 | dissolution=None | core=7
2026-04-29 14:53:33 [INFO] riker.phases.phase4_robustness: Cluster 344 sensitivity: L1=6, L2=1, L3=6, L4=6 | dissolution=2 | core=1
2026-04-29 14:53:33 [INFO] riker.phases.phase4_robustness: Cluster 345 sensitivity: L1=18, L2=2, L3=18, L4=18 | dissolution=2 | core=2
2026-04-29 14:53:33 [INFO] riker.phases.phase4_robustness: Cluster 346 sensitivity: L1=10, L2=1, L3=10, L4=10 | dissolution=2 | core=1
2026-04-29 14:53:33 [INFO] riker.phases.phase4_robustness: Cluster 347 sensitivity: L1=10, L2=5, L3=10, L4=10 | dissolution=None | core=5
2026-04-29 14:53:33 [INFO] riker.phases.phase4_robustness: Cluster 348 sensitivity: L1=8, L2=7, L3=8, L4=8 | dissolution=None | core=7
2026-04-29 14:53:33 [INFO] riker.phases.phase4_robustness: Cluster 349 sensitivity: L1=6, L2=4, L3=6, L4=6 | dissolution=None | core=4
2026-04-29 14:53:33 [INFO] riker.phases.phase4_robustness: Cluster 350 sensitivity: L1=10, L2=7, L3=10, L4=10 | dissolution=None | core=7
2026-04-29 14:53:33 [INFO] riker.phases.phase4_robustness: Cluster 351 sensitivity: L1=10, L2=5, L3=10, L4=10 | dissolution=None | core=5
2026-04-29 14:53:33 [INFO] riker.phases.phase4_robustness: Cluster 352 sensitivity: L1=11, L2=11, L3=11, L4=11 | dissolution=None | core=11
2026-04-29 14:53:33 [INFO] riker.phases.phase4_robustness: Cluster 353 sensitivity: L1=7, L2=5, L3=7, L4=7 | dissolution=None | core=5
2026-04-29 14:53:33 [INFO] riker.phases.phase4_robustness: Cluster 354 sensitivity: L1=11, L2=9, L3=11, L4=11 | dissolution=None | core=9
2026-04-29 14:53:33 [INFO] riker.phases.phase4_robustness: Cluster 355 sensitivity: L1=7, L2=5, L3=7, L4=7 | dissolution=None | core=5
2026-04-29 14:53:33 [INFO] riker.phases.phase4_robustness: Cluster 356 sensitivity: L1=20, L2=10, L3=20, L4=20 | dissolution=None | core=10
2026-04-29 14:53:33 [INFO] riker.phases.phase4_robustness: Cluster 357 sensitivity: L1=10, L2=4, L3=10, L4=10 | dissolution=None | core=4
2026-04-29 14:53:33 [INFO] riker.phases.phase4_robustness: Cluster 358 sensitivity: L1=12, L2=6, L3=12, L4=12 | dissolution=None | core=6
2026-04-29 14:53:33 [INFO] riker.phases.phase4_robustness: Cluster 359 sensitivity: L1=9, L2=6, L3=9, L4=9 | dissolution=None | core=6
2026-04-29 14:53:33 [INFO] riker.phases.phase4_robustness: Cluster 360 sensitivity: L1=7, L2=1, L3=7, L4=7 | dissolution=2 | core=1
2026-04-29 14:53:33 [INFO] riker.phases.phase4_robustness: Cluster 361 sensitivity: L1=8, L2=8, L3=8, L4=8 | dissolution=None | core=8
2026-04-29 14:53:33 [INFO] riker.phases.phase4_robustness: Cluster 362 sensitivity: L1=5, L2=5, L3=5, L4=5 | dissolution=None | core=5
2026-04-29 14:53:33 [INFO] riker.phases.phase4_robustness: Cluster 363 sensitivity: L1=18, L2=0, L3=4, L4=0 | dissolution=2 | core=0
2026-04-29 14:53:33 [INFO] riker.phases.phase4_robustness: Cluster 364 sensitivity: L1=5, L2=4, L3=5, L4=5 | dissolution=None | core=4
2026-04-29 14:53:33 [INFO] riker.phases.phase4_robustness: Cluster 365 sensitivity: L1=11, L2=8, L3=11, L4=11 | dissolution=None | core=8
2026-04-29 14:53:33 [INFO] riker.phases.phase4_robustness: Cluster 366 sensitivity: L1=22, L2=0, L3=22, L4=11 | dissolution=2 | core=0
2026-04-29 14:53:33 [INFO] riker.phases.phase4_robustness: Cluster 367 sensitivity: L1=8, L2=1, L3=8, L4=8 | dissolution=2 | core=1
2026-04-29 14:53:33 [INFO] riker.phases.phase4_robustness: Cluster 368 sensitivity: L1=8, L2=4, L3=8, L4=8 | dissolution=None | core=4
2026-04-29 14:53:33 [INFO] riker.phases.phase4_robustness: Cluster 369 sensitivity: L1=25, L2=9, L3=25, L4=21 | dissolution=None | core=9
2026-04-29 14:53:33 [INFO] riker.phases.phase4_robustness: Cluster 370 sensitivity: L1=5, L2=5, L3=5, L4=5 | dissolution=None | core=5
2026-04-29 14:53:33 [INFO] riker.phases.phase4_robustness: Cluster 371 sensitivity: L1=8, L2=5, L3=8, L4=8 | dissolution=None | core=5
2026-04-29 14:53:33 [INFO] riker.phases.phase4_robustness: Cluster 372 sensitivity: L1=26, L2=20, L3=26, L4=26 | dissolution=None | core=20
2026-04-29 14:53:33 [INFO] riker.phases.phase4_robustness: Cluster 373 sensitivity: L1=8, L2=4, L3=8, L4=8 | dissolution=None | core=4
2026-04-29 14:53:33 [INFO] riker.phases.phase4_robustness: Cluster 374 sensitivity: L1=7, L2=4, L3=7, L4=7 | dissolution=None | core=4
2026-04-29 14:53:33 [INFO] riker.phases.phase4_robustness: Cluster 375 sensitivity: L1=6, L2=6, L3=6, L4=6 | dissolution=None | core=6
2026-04-29 14:53:33 [INFO] riker.phases.phase4_robustness: Cluster 376 sensitivity: L1=5, L2=4, L3=5, L4=5 | dissolution=None | core=4
2026-04-29 14:53:33 [INFO] riker.phases.phase4_robustness: Cluster 377 sensitivity: L1=5, L2=5, L3=5, L4=5 | dissolution=None | core=5
2026-04-29 14:53:33 [INFO] riker.phases.phase4_robustness: Cluster 378 sensitivity: L1=14, L2=4, L3=14, L4=14 | dissolution=None | core=4
2026-04-29 14:53:33 [INFO] riker.phases.phase4_robustness: Cluster 379 sensitivity: L1=8, L2=6, L3=8, L4=8 | dissolution=None | core=6
2026-04-29 14:53:33 [INFO] riker.phases.phase4_robustness: Cluster 380 sensitivity: L1=10, L2=8, L3=10, L4=10 | dissolution=None | core=8
2026-04-29 14:53:33 [INFO] riker.phases.phase4_robustness: Cluster 381 sensitivity: L1=9, L2=6, L3=9, L4=9 | dissolution=None | core=6
2026-04-29 14:53:33 [INFO] riker.phases.phase4_robustness: Cluster 382 sensitivity: L1=5, L2=5, L3=5, L4=5 | dissolution=None | core=5
2026-04-29 14:53:33 [INFO] riker.phases.phase4_robustness: Cluster 383 sensitivity: L1=5, L2=4, L3=5, L4=5 | dissolution=None | core=4
2026-04-29 14:53:33 [INFO] riker.phases.phase4_robustness: Cluster 384 sensitivity: L1=11, L2=10, L3=11, L4=11 | dissolution=None | core=10
2026-04-29 14:53:33 [INFO] riker.phases.phase4_robustness: Cluster 385 sensitivity: L1=5, L2=5, L3=5, L4=5 | dissolution=None | core=5
2026-04-29 14:53:33 [INFO] riker.phases.phase4_robustness: Cluster 386 sensitivity: L1=9, L2=2, L3=9, L4=9 | dissolution=2 | core=2
2026-04-29 14:53:33 [INFO] riker.phases.phase4_robustness: Cluster 387 sensitivity: L1=11, L2=4, L3=11, L4=11 | dissolution=None | core=4
2026-04-29 14:53:33 [INFO] riker.phases.phase4_robustness: Cluster 388 sensitivity: L1=11, L2=8, L3=11, L4=11 | dissolution=None | core=8
2026-04-29 14:53:33 [INFO] riker.phases.phase4_robustness: Cluster 389 sensitivity: L1=10, L2=9, L3=10, L4=10 | dissolution=None | core=9
2026-04-29 14:53:33 [INFO] riker.phases.phase4_robustness: Cluster 390 sensitivity: L1=8, L2=7, L3=8, L4=8 | dissolution=None | core=7
2026-04-29 14:53:33 [INFO] riker.phases.phase4_robustness: Cluster 391 sensitivity: L1=5, L2=5, L3=5, L4=5 | dissolution=None | core=5
2026-04-29 14:53:33 [INFO] riker.phases.phase4_robustness: Cluster 392 sensitivity: L1=12, L2=7, L3=12, L4=12 | dissolution=None | core=7
2026-04-29 14:53:33 [INFO] riker.phases.phase4_robustness: Cluster 393 sensitivity: L1=5, L2=4, L3=5, L4=5 | dissolution=None | core=4
2026-04-29 14:53:33 [INFO] riker.phases.phase4_robustness: Cluster 394 sensitivity: L1=20, L2=13, L3=20, L4=20 | dissolution=None | core=13
2026-04-29 14:53:33 [INFO] riker.phases.phase4_robustness: Cluster 395 sensitivity: L1=19, L2=18, L3=19, L4=19 | dissolution=None | core=18
2026-04-29 14:53:33 [INFO] riker.phases.phase4_robustness: Cluster 396 sensitivity: L1=21, L2=19, L3=21, L4=21 | dissolution=None | core=19
2026-04-29 14:53:33 [INFO] riker.phases.phase4_robustness: Cluster 397 sensitivity: L1=6, L2=5, L3=6, L4=6 | dissolution=None | core=5
2026-04-29 14:53:33 [INFO] riker.phases.phase4_robustness: Cluster 398 sensitivity: L1=6, L2=6, L3=6, L4=6 | dissolution=None | core=6
2026-04-29 14:53:33 [INFO] riker.phases.phase4_robustness: Cluster 399 sensitivity: L1=6, L2=5, L3=6, L4=6 | dissolution=None | core=5
2026-04-29 14:53:33 [INFO] riker.phases.phase4_robustness: Cluster 400 sensitivity: L1=19, L2=0, L3=19, L4=11 | dissolution=2 | core=0
2026-04-29 14:53:33 [INFO] riker.phases.phase4_robustness: Cluster 401 sensitivity: L1=5, L2=0, L3=5, L4=5 | dissolution=2 | core=0
2026-04-29 14:53:33 [INFO] riker.phases.phase4_robustness: Cluster 402 sensitivity: L1=8, L2=3, L3=8, L4=8 | dissolution=None | core=3
2026-04-29 14:53:33 [INFO] riker.phases.phase4_robustness: Cluster 403 sensitivity: L1=9, L2=7, L3=9, L4=9 | dissolution=None | core=7
2026-04-29 14:53:33 [INFO] riker.phases.phase4_robustness: Cluster 404 sensitivity: L1=6, L2=4, L3=6, L4=6 | dissolution=None | core=4
2026-04-29 14:53:33 [INFO] riker.phases.phase4_robustness: Cluster 405 sensitivity: L1=6, L2=6, L3=6, L4=6 | dissolution=None | core=6
2026-04-29 14:53:33 [INFO] riker.phases.phase4_robustness: Cluster 406 sensitivity: L1=5, L2=5, L3=5, L4=5 | dissolution=None | core=5
2026-04-29 14:53:33 [INFO] riker.phases.phase4_robustness: Cluster 407 sensitivity: L1=12, L2=1, L3=12, L4=11 | dissolution=2 | core=1
2026-04-29 14:53:33 [INFO] riker.phases.phase4_robustness: Cluster 408 sensitivity: L1=10, L2=3, L3=10, L4=10 | dissolution=None | core=3
2026-04-29 14:53:33 [INFO] riker.phases.phase4_robustness: Cluster 409 sensitivity: L1=17, L2=5, L3=17, L4=17 | dissolution=None | core=5
2026-04-29 14:53:33 [INFO] riker.phases.phase4_robustness: Cluster 410 sensitivity: L1=14, L2=6, L3=14, L4=14 | dissolution=None | core=6
2026-04-29 14:53:33 [INFO] riker.phases.phase4_robustness: Cluster 411 sensitivity: L1=9, L2=5, L3=9, L4=9 | dissolution=None | core=5
2026-04-29 14:53:33 [INFO] riker.phases.phase4_robustness: Cluster 412 sensitivity: L1=8, L2=0, L3=8, L4=8 | dissolution=2 | core=0
2026-04-29 14:53:33 [INFO] riker.phases.phase4_robustness: Cluster 413 sensitivity: L1=7, L2=3, L3=7, L4=7 | dissolution=None | core=3
2026-04-29 14:53:33 [INFO] riker.phases.phase4_robustness: Cluster 414 sensitivity: L1=8, L2=5, L3=8, L4=8 | dissolution=None | core=5
2026-04-29 14:53:33 [INFO] riker.phases.phase4_robustness: Cluster 415 sensitivity: L1=8, L2=4, L3=8, L4=8 | dissolution=None | core=4
2026-04-29 14:53:33 [INFO] riker.phases.phase4_robustness: Cluster 416 sensitivity: L1=8, L2=7, L3=8, L4=8 | dissolution=None | core=7
2026-04-29 14:53:33 [INFO] riker.phases.phase4_robustness: Cluster 417 sensitivity: L1=6, L2=0, L3=6, L4=2 | dissolution=2 | core=0
2026-04-29 14:53:33 [INFO] riker.phases.phase4_robustness: Cluster 418 sensitivity: L1=5, L2=0, L3=5, L4=0 | dissolution=2 | core=0
2026-04-29 14:53:33 [INFO] riker.phases.phase4_robustness: Cluster 419 sensitivity: L1=8, L2=0, L3=8, L4=8 | dissolution=2 | core=0
2026-04-29 14:53:33 [INFO] riker.phases.phase4_robustness: Cluster 420 sensitivity: L1=5, L2=1, L3=5, L4=5 | dissolution=2 | core=1
2026-04-29 14:53:33 [INFO] riker.phases.phase4_robustness: Cluster 421 sensitivity: L1=5, L2=2, L3=5, L4=5 | dissolution=2 | core=2
2026-04-29 14:53:33 [INFO] riker.phases.phase4_robustness: Cluster 422 sensitivity: L1=7, L2=4, L3=7, L4=7 | dissolution=None | core=4
2026-04-29 14:53:33 [INFO] riker.phases.phase4_robustness: Cluster 423 sensitivity: L1=7, L2=4, L3=7, L4=7 | dissolution=None | core=4
2026-04-29 14:53:33 [INFO] riker.phases.phase4_robustness: Cluster 424 sensitivity: L1=7, L2=4, L3=7, L4=7 | dissolution=None | core=4
2026-04-29 14:53:33 [INFO] riker.phases.phase4_robustness: Cluster 425 sensitivity: L1=5, L2=3, L3=5, L4=5 | dissolution=None | core=3
2026-04-29 14:53:33 [INFO] riker.phases.phase4_robustness: Cluster 426 sensitivity: L1=8, L2=0, L3=8, L4=3 | dissolution=2 | core=0
2026-04-29 14:53:33 [INFO] riker.phases.phase4_robustness: Cluster 427 sensitivity: L1=9, L2=0, L3=9, L4=0 | dissolution=2 | core=0
2026-04-29 14:53:33 [INFO] riker.phases.phase4_robustness: Cluster 428 sensitivity: L1=7, L2=3, L3=7, L4=7 | dissolution=None | core=3
2026-04-29 14:53:33 [INFO] riker.phases.phase4_robustness: Cluster 429 sensitivity: L1=7, L2=5, L3=7, L4=7 | dissolution=None | core=5
2026-04-29 14:53:33 [INFO] riker.phases.phase4_robustness: Cluster 430 sensitivity: L1=5, L2=3, L3=5, L4=5 | dissolution=None | core=3
2026-04-29 14:53:33 [INFO] riker.phases.phase4_robustness: Cluster 431 sensitivity: L1=7, L2=5, L3=7, L4=7 | dissolution=None | core=5
2026-04-29 14:53:33 [INFO] riker.phases.phase4_robustness: Cluster 432 sensitivity: L1=8, L2=4, L3=8, L4=8 | dissolution=None | core=4
2026-04-29 14:53:33 [INFO] riker.phases.phase4_robustness: Cluster 433 sensitivity: L1=5, L2=3, L3=5, L4=5 | dissolution=None | core=3
2026-04-29 14:53:33 [INFO] riker.phases.phase4_robustness: Cluster 434 sensitivity: L1=7, L2=5, L3=7, L4=7 | dissolution=None | core=5
2026-04-29 14:53:33 [INFO] riker.phases.phase4_robustness: Cluster 435 sensitivity: L1=5, L2=1, L3=5, L4=5 | dissolution=2 | core=1
2026-04-29 14:53:33 [INFO] riker.phases.phase4_robustness: Cluster 436 sensitivity: L1=6, L2=1, L3=6, L4=6 | dissolution=2 | core=1
2026-04-29 14:53:33 [INFO] riker.phases.phase4_robustness: Cluster 437 sensitivity: L1=9, L2=6, L3=9, L4=9 | dissolution=None | core=6
2026-04-29 14:53:33 [INFO] riker.phases.phase4_robustness: Cluster 438 sensitivity: L1=12, L2=12, L3=12, L4=12 | dissolution=None | core=12
2026-04-29 14:53:33 [INFO] riker.phases.phase4_robustness: Cluster 439 sensitivity: L1=9, L2=9, L3=9, L4=9 | dissolution=None | core=9
2026-04-29 14:53:33 [INFO] riker.phases.phase4_robustness: Cluster 440 sensitivity: L1=10, L2=3, L3=10, L4=10 | dissolution=None | core=3
2026-04-29 14:53:33 [INFO] riker.phases.phase4_robustness: Cluster 441 sensitivity: L1=11, L2=2, L3=11, L4=11 | dissolution=2 | core=2
2026-04-29 14:53:33 [INFO] riker.phases.phase4_robustness: Cluster 442 sensitivity: L1=11, L2=10, L3=11, L4=11 | dissolution=None | core=10
2026-04-29 14:53:33 [INFO] riker.phases.phase4_robustness: Cluster 443 sensitivity: L1=5, L2=1, L3=5, L4=5 | dissolution=2 | core=1
2026-04-29 14:53:33 [INFO] riker.phases.phase4_robustness: Cluster 444 sensitivity: L1=14, L2=10, L3=14, L4=14 | dissolution=None | core=10
2026-04-29 14:53:33 [INFO] riker.phases.phase4_robustness: Cluster 445 sensitivity: L1=16, L2=9, L3=16, L4=16 | dissolution=None | core=9
2026-04-29 14:53:33 [INFO] riker.phases.phase4_robustness: Cluster 446 sensitivity: L1=10, L2=6, L3=10, L4=10 | dissolution=None | core=6
2026-04-29 14:53:33 [INFO] riker.phases.phase4_robustness: Cluster 447 sensitivity: L1=31, L2=21, L3=31, L4=31 | dissolution=None | core=21
2026-04-29 14:53:33 [INFO] riker.phases.phase4_robustness: Cluster 448 sensitivity: L1=7, L2=3, L3=7, L4=7 | dissolution=None | core=3
2026-04-29 14:53:33 [INFO] riker.phases.phase4_robustness: Cluster 0 LOO: min_retention=1.00 (STABLE)
2026-04-29 14:53:33 [INFO] riker.phases.phase4_robustness: Cluster 1 LOO: min_retention=0.00 (FRAGILE)
2026-04-29 14:53:33 [INFO] riker.phases.phase4_robustness: Cluster 2 LOO: min_retention=1.00 (STABLE)
2026-04-29 14:53:33 [INFO] riker.phases.phase4_robustness: Cluster 3 LOO: min_retention=1.00 (STABLE)
2026-04-29 14:53:33 [INFO] riker.phases.phase4_robustness: Cluster 4 LOO: min_retention=0.33 (FRAGILE)
2026-04-29 14:53:33 [INFO] riker.phases.phase4_robustness: Cluster 5 LOO: min_retention=0.20 (FRAGILE)
2026-04-29 14:53:33 [INFO] riker.phases.phase4_robustness: Cluster 6 LOO: min_retention=0.00 (FRAGILE)
2026-04-29 14:53:33 [INFO] riker.phases.phase4_robustness: Cluster 7 LOO: min_retention=0.00 (FRAGILE)
2026-04-29 14:53:33 [INFO] riker.phases.phase4_robustness: Cluster 8 LOO: min_retention=0.00 (FRAGILE)
2026-04-29 14:53:33 [INFO] riker.phases.phase4_robustness: Cluster 9 LOO: min_retention=0.00 (FRAGILE)
2026-04-29 14:53:33 [INFO] riker.phases.phase4_robustness: Cluster 10 LOO: min_retention=0.00 (FRAGILE)
2026-04-29 14:53:33 [INFO] riker.phases.phase4_robustness: Cluster 11 LOO: min_retention=1.00 (STABLE)
2026-04-29 14:53:33 [INFO] riker.phases.phase4_robustness: Cluster 12 LOO: min_retention=1.00 (STABLE)
2026-04-29 14:53:33 [INFO] riker.phases.phase4_robustness: Cluster 13 LOO: min_retention=0.12 (FRAGILE)
2026-04-29 14:53:33 [INFO] riker.phases.phase4_robustness: Cluster 14 LOO: min_retention=0.12 (FRAGILE)
2026-04-29 14:53:33 [INFO] riker.phases.phase4_robustness: Cluster 15 LOO: min_retention=0.00 (FRAGILE)
2026-04-29 14:53:33 [INFO] riker.phases.phase4_robustness: Cluster 16 LOO: min_retention=0.20 (FRAGILE)
2026-04-29 14:53:33 [INFO] riker.phases.phase4_robustness: Cluster 17 LOO: min_retention=0.00 (FRAGILE)
2026-04-29 14:53:33 [INFO] riker.phases.phase4_robustness: Cluster 18 LOO: min_retention=0.00 (FRAGILE)
2026-04-29 14:53:33 [INFO] riker.phases.phase4_robustness: Cluster 19 LOO: min_retention=0.00 (FRAGILE)
2026-04-29 14:53:33 [INFO] riker.phases.phase4_robustness: Cluster 20 LOO: min_retention=0.00 (FRAGILE)
2026-04-29 14:53:33 [INFO] riker.phases.phase4_robustness: Cluster 21 LOO: min_retention=0.00 (FRAGILE)
2026-04-29 14:53:33 [INFO] riker.phases.phase4_robustness: Cluster 22 LOO: min_retention=0.07 (FRAGILE)
2026-04-29 14:53:33 [INFO] riker.phases.phase4_robustness: Cluster 23 LOO: min_retention=0.00 (FRAGILE)
2026-04-29 14:53:33 [INFO] riker.phases.phase4_robustness: Cluster 24 LOO: min_retention=0.11 (FRAGILE)
2026-04-29 14:53:33 [INFO] riker.phases.phase4_robustness: Cluster 25 LOO: min_retention=0.09 (FRAGILE)
2026-04-29 14:53:33 [INFO] riker.phases.phase4_robustness: Cluster 26 LOO: min_retention=0.00 (FRAGILE)
2026-04-29 14:53:33 [INFO] riker.phases.phase4_robustness: Cluster 27 LOO: min_retention=0.00 (FRAGILE)
2026-04-29 14:53:33 [INFO] riker.phases.phase4_robustness: Cluster 28 LOO: min_retention=0.06 (FRAGILE)
2026-04-29 14:53:33 [INFO] riker.phases.phase4_robustness: Cluster 29 LOO: min_retention=0.17 (FRAGILE)
2026-04-29 14:53:33 [INFO] riker.phases.phase4_robustness: Cluster 30 LOO: min_retention=0.20 (FRAGILE)
2026-04-29 14:53:33 [INFO] riker.phases.phase4_robustness: Cluster 31 LOO: min_retention=0.21 (FRAGILE)
2026-04-29 14:53:33 [INFO] riker.phases.phase4_robustness: Cluster 32 LOO: min_retention=0.18 (FRAGILE)
2026-04-29 14:53:33 [INFO] riker.phases.phase4_robustness: Cluster 33 LOO: min_retention=0.00 (FRAGILE)
2026-04-29 14:53:33 [INFO] riker.phases.phase4_robustness: Cluster 34 LOO: min_retention=0.17 (FRAGILE)
2026-04-29 14:53:33 [INFO] riker.phases.phase4_robustness: Cluster 35 LOO: min_retention=0.00 (FRAGILE)
2026-04-29 14:53:33 [INFO] riker.phases.phase4_robustness: Cluster 36 LOO: min_retention=1.00 (STABLE)
2026-04-29 14:53:33 [INFO] riker.phases.phase4_robustness: Cluster 37 LOO: min_retention=0.10 (FRAGILE)
2026-04-29 14:53:33 [INFO] riker.phases.phase4_robustness: Cluster 38 LOO: min_retention=0.00 (FRAGILE)
2026-04-29 14:53:33 [INFO] riker.phases.phase4_robustness: Cluster 39 LOO: min_retention=0.00 (FRAGILE)
2026-04-29 14:53:33 [INFO] riker.phases.phase4_robustness: Cluster 40 LOO: min_retention=0.00 (FRAGILE)
2026-04-29 14:53:33 [INFO] riker.phases.phase4_robustness: Cluster 41 LOO: min_retention=0.00 (FRAGILE)
2026-04-29 14:53:33 [INFO] riker.phases.phase4_robustness: Cluster 42 LOO: min_retention=0.00 (FRAGILE)
2026-04-29 14:53:33 [INFO] riker.phases.phase4_robustness: Cluster 43 LOO: min_retention=0.00 (FRAGILE)
2026-04-29 14:53:33 [INFO] riker.phases.phase4_robustness: Cluster 44 LOO: min_retention=0.00 (FRAGILE)
2026-04-29 14:53:33 [INFO] riker.phases.phase4_robustness: Cluster 45 LOO: min_retention=1.00 (STABLE)
2026-04-29 14:53:33 [INFO] riker.phases.phase4_robustness: Cluster 46 LOO: min_retention=1.00 (STABLE)
2026-04-29 14:53:33 [INFO] riker.phases.phase4_robustness: Cluster 47 LOO: min_retention=0.00 (FRAGILE)
2026-04-29 14:53:33 [INFO] riker.phases.phase4_robustness: Cluster 48 LOO: min_retention=0.00 (FRAGILE)
2026-04-29 14:53:33 [INFO] riker.phases.phase4_robustness: Cluster 49 LOO: min_retention=0.00 (FRAGILE)
2026-04-29 14:53:33 [INFO] riker.phases.phase4_robustness: Cluster 50 LOO: min_retention=0.00 (FRAGILE)
2026-04-29 14:53:33 [INFO] riker.phases.phase4_robustness: Cluster 51 LOO: min_retention=0.00 (FRAGILE)
2026-04-29 14:53:33 [INFO] riker.phases.phase4_robustness: Cluster 52 LOO: min_retention=0.00 (FRAGILE)
2026-04-29 14:53:33 [INFO] riker.phases.phase4_robustness: Cluster 53 LOO: min_retention=0.00 (FRAGILE)
2026-04-29 14:53:33 [INFO] riker.phases.phase4_robustness: Cluster 54 LOO: min_retention=0.00 (FRAGILE)
2026-04-29 14:53:33 [INFO] riker.phases.phase4_robustness: Cluster 55 LOO: min_retention=0.00 (FRAGILE)
2026-04-29 14:53:33 [INFO] riker.phases.phase4_robustness: Cluster 56 LOO: min_retention=0.00 (FRAGILE)
2026-04-29 14:53:33 [INFO] riker.phases.phase4_robustness: Cluster 57 LOO: min_retention=0.00 (FRAGILE)
2026-04-29 14:53:33 [INFO] riker.phases.phase4_robustness: Cluster 58 LOO: min_retention=0.17 (FRAGILE)
2026-04-29 14:53:33 [INFO] riker.phases.phase4_robustness: Cluster 59 LOO: min_retention=0.00 (FRAGILE)
2026-04-29 14:53:33 [INFO] riker.phases.phase4_robustness: Cluster 60 LOO: min_retention=0.00 (FRAGILE)
2026-04-29 14:53:33 [INFO] riker.phases.phase4_robustness: Cluster 61 LOO: min_retention=0.00 (FRAGILE)
2026-04-29 14:53:33 [INFO] riker.phases.phase4_robustness: Cluster 62 LOO: min_retention=0.14 (FRAGILE)
2026-04-29 14:53:33 [INFO] riker.phases.phase4_robustness: Cluster 63 LOO: min_retention=0.17 (FRAGILE)
2026-04-29 14:53:33 [INFO] riker.phases.phase4_robustness: Cluster 64 LOO: min_retention=1.00 (STABLE)
2026-04-29 14:53:33 [INFO] riker.phases.phase4_robustness: Cluster 65 LOO: min_retention=1.00 (STABLE)
2026-04-29 14:53:33 [INFO] riker.phases.phase4_robustness: Cluster 66 LOO: min_retention=1.00 (STABLE)
2026-04-29 14:53:33 [INFO] riker.phases.phase4_robustness: Cluster 67 LOO: min_retention=1.00 (STABLE)
2026-04-29 14:53:33 [INFO] riker.phases.phase4_robustness: Cluster 68 LOO: min_retention=1.00 (STABLE)
2026-04-29 14:53:33 [INFO] riker.phases.phase4_robustness: Cluster 69 LOO: min_retention=0.00 (FRAGILE)
2026-04-29 14:53:33 [INFO] riker.phases.phase4_robustness: Cluster 70 LOO: min_retention=0.00 (FRAGILE)
2026-04-29 14:53:33 [INFO] riker.phases.phase4_robustness: Cluster 71 LOO: min_retention=0.00 (FRAGILE)
2026-04-29 14:53:33 [INFO] riker.phases.phase4_robustness: Cluster 72 LOO: min_retention=0.10 (FRAGILE)
2026-04-29 14:53:33 [INFO] riker.phases.phase4_robustness: Cluster 73 LOO: min_retention=0.00 (FRAGILE)
2026-04-29 14:53:33 [INFO] riker.phases.phase4_robustness: Cluster 74 LOO: min_retention=0.12 (FRAGILE)
2026-04-29 14:53:33 [INFO] riker.phases.phase4_robustness: Cluster 75 LOO: min_retention=1.00 (STABLE)
2026-04-29 14:53:33 [INFO] riker.phases.phase4_robustness: Cluster 76 LOO: min_retention=1.00 (STABLE)
2026-04-29 14:53:33 [INFO] riker.phases.phase4_robustness: Cluster 77 LOO: min_retention=1.00 (STABLE)
2026-04-29 14:53:33 [INFO] riker.phases.phase4_robustness: Cluster 78 LOO: min_retention=1.00 (STABLE)
2026-04-29 14:53:33 [INFO] riker.phases.phase4_robustness: Cluster 79 LOO: min_retention=0.14 (FRAGILE)
2026-04-29 14:53:33 [INFO] riker.phases.phase4_robustness: Cluster 80 LOO: min_retention=0.17 (FRAGILE)
2026-04-29 14:53:33 [INFO] riker.phases.phase4_robustness: Cluster 81 LOO: min_retention=0.00 (FRAGILE)
2026-04-29 14:53:33 [INFO] riker.phases.phase4_robustness: Cluster 82 LOO: min_retention=0.00 (FRAGILE)
2026-04-29 14:53:33 [INFO] riker.phases.phase4_robustness: Cluster 83 LOO: min_retention=0.00 (FRAGILE)
2026-04-29 14:53:33 [INFO] riker.phases.phase4_robustness: Cluster 84 LOO: min_retention=1.00 (STABLE)
2026-04-29 14:53:33 [INFO] riker.phases.phase4_robustness: Cluster 85 LOO: min_retention=0.09 (FRAGILE)
2026-04-29 14:53:33 [INFO] riker.phases.phase4_robustness: Cluster 86 LOO: min_retention=1.00 (STABLE)
2026-04-29 14:53:33 [INFO] riker.phases.phase4_robustness: Cluster 87 LOO: min_retention=0.00 (FRAGILE)
2026-04-29 14:53:33 [INFO] riker.phases.phase4_robustness: Cluster 88 LOO: min_retention=0.00 (FRAGILE)
2026-04-29 14:53:33 [INFO] riker.phases.phase4_robustness: Cluster 89 LOO: min_retention=0.14 (FRAGILE)
2026-04-29 14:53:33 [INFO] riker.phases.phase4_robustness: Cluster 90 LOO: min_retention=0.14 (FRAGILE)
2026-04-29 14:53:33 [INFO] riker.phases.phase4_robustness: Cluster 91 LOO: min_retention=0.00 (FRAGILE)
2026-04-29 14:53:33 [INFO] riker.phases.phase4_robustness: Cluster 92 LOO: min_retention=1.00 (STABLE)
2026-04-29 14:53:33 [INFO] riker.phases.phase4_robustness: Cluster 93 LOO: min_retention=1.00 (STABLE)
2026-04-29 14:53:33 [INFO] riker.phases.phase4_robustness: Cluster 94 LOO: min_retention=1.00 (STABLE)
2026-04-29 14:53:33 [INFO] riker.phases.phase4_robustness: Cluster 95 LOO: min_retention=1.00 (STABLE)
2026-04-29 14:53:33 [INFO] riker.phases.phase4_robustness: Cluster 96 LOO: min_retention=1.00 (STABLE)
2026-04-29 14:53:33 [INFO] riker.phases.phase4_robustness: Cluster 97 LOO: min_retention=0.06 (FRAGILE)
2026-04-29 14:53:33 [INFO] riker.phases.phase4_robustness: Cluster 98 LOO: min_retention=0.00 (FRAGILE)
2026-04-29 14:53:33 [INFO] riker.phases.phase4_robustness: Cluster 99 LOO: min_retention=0.07 (FRAGILE)
2026-04-29 14:53:33 [INFO] riker.phases.phase4_robustness: Cluster 100 LOO: min_retention=0.00 (FRAGILE)
2026-04-29 14:53:33 [INFO] riker.phases.phase4_robustness: Cluster 101 LOO: min_retention=0.00 (FRAGILE)
2026-04-29 14:53:33 [INFO] riker.phases.phase4_robustness: Cluster 102 LOO: min_retention=0.20 (FRAGILE)
2026-04-29 14:53:33 [INFO] riker.phases.phase4_robustness: Cluster 103 LOO: min_retention=0.00 (FRAGILE)
2026-04-29 14:53:33 [INFO] riker.phases.phase4_robustness: Cluster 104 LOO: min_retention=0.00 (FRAGILE)
2026-04-29 14:53:33 [INFO] riker.phases.phase4_robustness: Cluster 105 LOO: min_retention=1.00 (STABLE)
2026-04-29 14:53:33 [INFO] riker.phases.phase4_robustness: Cluster 106 LOO: min_retention=1.00 (STABLE)
2026-04-29 14:53:33 [INFO] riker.phases.phase4_robustness: Cluster 107 LOO: min_retention=0.08 (FRAGILE)
2026-04-29 14:53:33 [INFO] riker.phases.phase4_robustness: Cluster 108 LOO: min_retention=0.00 (FRAGILE)
2026-04-29 14:53:33 [INFO] riker.phases.phase4_robustness: Cluster 109 LOO: min_retention=0.12 (FRAGILE)
2026-04-29 14:53:33 [INFO] riker.phases.phase4_robustness: Cluster 110 LOO: min_retention=0.20 (FRAGILE)
2026-04-29 14:53:33 [INFO] riker.phases.phase4_robustness: Cluster 111 LOO: min_retention=0.00 (FRAGILE)
2026-04-29 14:53:33 [INFO] riker.phases.phase4_robustness: Cluster 112 LOO: min_retention=1.00 (STABLE)
2026-04-29 14:53:33 [INFO] riker.phases.phase4_robustness: Cluster 113 LOO: min_retention=1.00 (STABLE)
2026-04-29 14:53:33 [INFO] riker.phases.phase4_robustness: Cluster 114 LOO: min_retention=0.00 (FRAGILE)
2026-04-29 14:53:33 [INFO] riker.phases.phase4_robustness: Cluster 115 LOO: min_retention=0.00 (FRAGILE)
2026-04-29 14:53:33 [INFO] riker.phases.phase4_robustness: Cluster 116 LOO: min_retention=0.00 (FRAGILE)
2026-04-29 14:53:33 [INFO] riker.phases.phase4_robustness: Cluster 117 LOO: min_retention=0.00 (FRAGILE)
2026-04-29 14:53:33 [INFO] riker.phases.phase4_robustness: Cluster 118 LOO: min_retention=0.09 (FRAGILE)
2026-04-29 14:53:33 [INFO] riker.phases.phase4_robustness: Cluster 119 LOO: min_retention=1.00 (STABLE)
2026-04-29 14:53:33 [INFO] riker.phases.phase4_robustness: Cluster 120 LOO: min_retention=0.00 (FRAGILE)
2026-04-29 14:53:33 [INFO] riker.phases.phase4_robustness: Cluster 121 LOO: min_retention=0.00 (FRAGILE)
2026-04-29 14:53:33 [INFO] riker.phases.phase4_robustness: Cluster 122 LOO: min_retention=0.00 (FRAGILE)
2026-04-29 14:53:33 [INFO] riker.phases.phase4_robustness: Cluster 123 LOO: min_retention=0.00 (FRAGILE)
2026-04-29 14:53:33 [INFO] riker.phases.phase4_robustness: Cluster 124 LOO: min_retention=0.00 (FRAGILE)
2026-04-29 14:53:33 [INFO] riker.phases.phase4_robustness: Cluster 125 LOO: min_retention=0.00 (FRAGILE)
2026-04-29 14:53:33 [INFO] riker.phases.phase4_robustness: Cluster 126 LOO: min_retention=0.29 (FRAGILE)
2026-04-29 14:53:33 [INFO] riker.phases.phase4_robustness: Cluster 127 LOO: min_retention=0.08 (FRAGILE)
2026-04-29 14:53:33 [INFO] riker.phases.phase4_robustness: Cluster 128 LOO: min_retention=0.00 (FRAGILE)
2026-04-29 14:53:33 [INFO] riker.phases.phase4_robustness: Cluster 129 LOO: min_retention=0.00 (FRAGILE)
2026-04-29 14:53:33 [INFO] riker.phases.phase4_robustness: Cluster 130 LOO: min_retention=1.00 (STABLE)
2026-04-29 14:53:33 [INFO] riker.phases.phase4_robustness: Cluster 131 LOO: min_retention=0.11 (FRAGILE)
2026-04-29 14:53:33 [INFO] riker.phases.phase4_robustness: Cluster 132 LOO: min_retention=1.00 (STABLE)
2026-04-29 14:53:33 [INFO] riker.phases.phase4_robustness: Cluster 133 LOO: min_retention=1.00 (STABLE)
2026-04-29 14:53:33 [INFO] riker.phases.phase4_robustness: Cluster 134 LOO: min_retention=0.00 (FRAGILE)
2026-04-29 14:53:33 [INFO] riker.phases.phase4_robustness: Cluster 135 LOO: min_retention=1.00 (STABLE)
2026-04-29 14:53:33 [INFO] riker.phases.phase4_robustness: Cluster 136 LOO: min_retention=1.00 (STABLE)
2026-04-29 14:53:33 [INFO] riker.phases.phase4_robustness: Cluster 137 LOO: min_retention=0.14 (FRAGILE)
2026-04-29 14:53:33 [INFO] riker.phases.phase4_robustness: Cluster 138 LOO: min_retention=0.08 (FRAGILE)
2026-04-29 14:53:33 [INFO] riker.phases.phase4_robustness: Cluster 139 LOO: min_retention=0.12 (FRAGILE)
2026-04-29 14:53:33 [INFO] riker.phases.phase4_robustness: Cluster 140 LOO: min_retention=0.12 (FRAGILE)
2026-04-29 14:53:33 [INFO] riker.phases.phase4_robustness: Cluster 141 LOO: min_retention=0.19 (FRAGILE)
2026-04-29 14:53:33 [INFO] riker.phases.phase4_robustness: Cluster 142 LOO: min_retention=0.20 (FRAGILE)
2026-04-29 14:53:33 [INFO] riker.phases.phase4_robustness: Cluster 143 LOO: min_retention=0.00 (FRAGILE)
2026-04-29 14:53:33 [INFO] riker.phases.phase4_robustness: Cluster 144 LOO: min_retention=0.00 (FRAGILE)
2026-04-29 14:53:33 [INFO] riker.phases.phase4_robustness: Cluster 145 LOO: min_retention=1.00 (STABLE)
2026-04-29 14:53:33 [INFO] riker.phases.phase4_robustness: Cluster 146 LOO: min_retention=1.00 (STABLE)
2026-04-29 14:53:33 [INFO] riker.phases.phase4_robustness: Cluster 147 LOO: min_retention=1.00 (STABLE)
2026-04-29 14:53:33 [INFO] riker.phases.phase4_robustness: Cluster 148 LOO: min_retention=0.00 (FRAGILE)
2026-04-29 14:53:33 [INFO] riker.phases.phase4_robustness: Cluster 149 LOO: min_retention=0.00 (FRAGILE)
2026-04-29 14:53:33 [INFO] riker.phases.phase4_robustness: Cluster 150 LOO: min_retention=0.00 (FRAGILE)
2026-04-29 14:53:33 [INFO] riker.phases.phase4_robustness: Cluster 151 LOO: min_retention=0.00 (FRAGILE)
2026-04-29 14:53:33 [INFO] riker.phases.phase4_robustness: Cluster 152 LOO: min_retention=0.00 (FRAGILE)
2026-04-29 14:53:33 [INFO] riker.phases.phase4_robustness: Cluster 153 LOO: min_retention=0.00 (FRAGILE)
2026-04-29 14:53:33 [INFO] riker.phases.phase4_robustness: Cluster 154 LOO: min_retention=1.00 (STABLE)
2026-04-29 14:53:33 [INFO] riker.phases.phase4_robustness: Cluster 155 LOO: min_retention=0.00 (FRAGILE)
2026-04-29 14:53:33 [INFO] riker.phases.phase4_robustness: Cluster 156 LOO: min_retention=0.00 (FRAGILE)
2026-04-29 14:53:33 [INFO] riker.phases.phase4_robustness: Cluster 157 LOO: min_retention=1.00 (STABLE)
2026-04-29 14:53:33 [INFO] riker.phases.phase4_robustness: Cluster 158 LOO: min_retention=0.00 (FRAGILE)
2026-04-29 14:53:33 [INFO] riker.phases.phase4_robustness: Cluster 159 LOO: min_retention=0.00 (FRAGILE)
2026-04-29 14:53:33 [INFO] riker.phases.phase4_robustness: Cluster 160 LOO: min_retention=0.00 (FRAGILE)
2026-04-29 14:53:33 [INFO] riker.phases.phase4_robustness: Cluster 161 LOO: min_retention=0.00 (FRAGILE)
2026-04-29 14:53:33 [INFO] riker.phases.phase4_robustness: Cluster 162 LOO: min_retention=0.20 (FRAGILE)
2026-04-29 14:53:33 [INFO] riker.phases.phase4_robustness: Cluster 163 LOO: min_retention=1.00 (STABLE)
2026-04-29 14:53:33 [INFO] riker.phases.phase4_robustness: Cluster 164 LOO: min_retention=1.00 (STABLE)
2026-04-29 14:53:33 [INFO] riker.phases.phase4_robustness: Cluster 165 LOO: min_retention=1.00 (STABLE)
2026-04-29 14:53:33 [INFO] riker.phases.phase4_robustness: Cluster 166 LOO: min_retention=0.14 (FRAGILE)
2026-04-29 14:53:33 [INFO] riker.phases.phase4_robustness: Cluster 167 LOO: min_retention=0.12 (FRAGILE)
2026-04-29 14:53:33 [INFO] riker.phases.phase4_robustness: Cluster 168 LOO: min_retention=0.00 (FRAGILE)
2026-04-29 14:53:33 [INFO] riker.phases.phase4_robustness: Cluster 169 LOO: min_retention=0.00 (FRAGILE)
2026-04-29 14:53:33 [INFO] riker.phases.phase4_robustness: Cluster 170 LOO: min_retention=0.00 (FRAGILE)
2026-04-29 14:53:33 [INFO] riker.phases.phase4_robustness: Cluster 171 LOO: min_retention=0.00 (FRAGILE)
2026-04-29 14:53:33 [INFO] riker.phases.phase4_robustness: Cluster 172 LOO: min_retention=0.17 (FRAGILE)
2026-04-29 14:53:33 [INFO] riker.phases.phase4_robustness: Cluster 173 LOO: min_retention=0.20 (FRAGILE)
2026-04-29 14:53:33 [INFO] riker.phases.phase4_robustness: Cluster 174 LOO: min_retention=0.00 (FRAGILE)
2026-04-29 14:53:33 [INFO] riker.phases.phase4_robustness: Cluster 175 LOO: min_retention=0.03 (FRAGILE)
2026-04-29 14:53:33 [INFO] riker.phases.phase4_robustness: Cluster 176 LOO: min_retention=0.00 (FRAGILE)
2026-04-29 14:53:33 [INFO] riker.phases.phase4_robustness: Cluster 177 LOO: min_retention=0.00 (FRAGILE)
2026-04-29 14:53:33 [INFO] riker.phases.phase4_robustness: Cluster 178 LOO: min_retention=0.00 (FRAGILE)
2026-04-29 14:53:33 [INFO] riker.phases.phase4_robustness: Cluster 179 LOO: min_retention=0.00 (FRAGILE)
2026-04-29 14:53:33 [INFO] riker.phases.phase4_robustness: Cluster 180 LOO: min_retention=0.00 (FRAGILE)
2026-04-29 14:53:33 [INFO] riker.phases.phase4_robustness: Cluster 181 LOO: min_retention=0.00 (FRAGILE)
2026-04-29 14:53:33 [INFO] riker.phases.phase4_robustness: Cluster 182 LOO: min_retention=0.05 (FRAGILE)
2026-04-29 14:53:33 [INFO] riker.phases.phase4_robustness: Cluster 183 LOO: min_retention=0.17 (FRAGILE)
2026-04-29 14:53:33 [INFO] riker.phases.phase4_robustness: Cluster 184 LOO: min_retention=0.14 (FRAGILE)
2026-04-29 14:53:33 [INFO] riker.phases.phase4_robustness: Cluster 185 LOO: min_retention=0.12 (FRAGILE)
2026-04-29 14:53:33 [INFO] riker.phases.phase4_robustness: Cluster 186 LOO: min_retention=0.11 (FRAGILE)
2026-04-29 14:53:33 [INFO] riker.phases.phase4_robustness: Cluster 187 LOO: min_retention=1.00 (STABLE)
2026-04-29 14:53:33 [INFO] riker.phases.phase4_robustness: Cluster 188 LOO: min_retention=1.00 (STABLE)
2026-04-29 14:53:33 [INFO] riker.phases.phase4_robustness: Cluster 189 LOO: min_retention=1.00 (STABLE)
2026-04-29 14:53:33 [INFO] riker.phases.phase4_robustness: Cluster 190 LOO: min_retention=0.00 (FRAGILE)
2026-04-29 14:53:33 [INFO] riker.phases.phase4_robustness: Cluster 191 LOO: min_retention=0.00 (FRAGILE)
2026-04-29 14:53:33 [INFO] riker.phases.phase4_robustness: Cluster 192 LOO: min_retention=0.00 (FRAGILE)
2026-04-29 14:53:33 [INFO] riker.phases.phase4_robustness: Cluster 193 LOO: min_retention=1.00 (STABLE)
2026-04-29 14:53:33 [INFO] riker.phases.phase4_robustness: Cluster 194 LOO: min_retention=1.00 (STABLE)
2026-04-29 14:53:33 [INFO] riker.phases.phase4_robustness: Cluster 195 LOO: min_retention=1.00 (STABLE)
2026-04-29 14:53:33 [INFO] riker.phases.phase4_robustness: Cluster 196 LOO: min_retention=0.00 (FRAGILE)
2026-04-29 14:53:33 [INFO] riker.phases.phase4_robustness: Cluster 197 LOO: min_retention=0.00 (FRAGILE)
2026-04-29 14:53:33 [INFO] riker.phases.phase4_robustness: Cluster 198 LOO: min_retention=0.00 (FRAGILE)
2026-04-29 14:53:33 [INFO] riker.phases.phase4_robustness: Cluster 199 LOO: min_retention=0.20 (FRAGILE)
2026-04-29 14:53:33 [INFO] riker.phases.phase4_robustness: Cluster 200 LOO: min_retention=1.00 (STABLE)
2026-04-29 14:53:33 [INFO] riker.phases.phase4_robustness: Cluster 201 LOO: min_retention=1.00 (STABLE)
2026-04-29 14:53:33 [INFO] riker.phases.phase4_robustness: Cluster 202 LOO: min_retention=0.27 (FRAGILE)
2026-04-29 14:53:33 [INFO] riker.phases.phase4_robustness: Cluster 203 LOO: min_retention=0.00 (FRAGILE)
2026-04-29 14:53:33 [INFO] riker.phases.phase4_robustness: Cluster 204 LOO: min_retention=0.00 (FRAGILE)
2026-04-29 14:53:33 [INFO] riker.phases.phase4_robustness: Cluster 205 LOO: min_retention=0.12 (FRAGILE)
2026-04-29 14:53:33 [INFO] riker.phases.phase4_robustness: Cluster 206 LOO: min_retention=0.00 (FRAGILE)
2026-04-29 14:53:33 [INFO] riker.phases.phase4_robustness: Cluster 207 LOO: min_retention=0.00 (FRAGILE)
2026-04-29 14:53:33 [INFO] riker.phases.phase4_robustness: Cluster 208 LOO: min_retention=0.00 (FRAGILE)
2026-04-29 14:53:33 [INFO] riker.phases.phase4_robustness: Cluster 209 LOO: min_retention=0.05 (FRAGILE)
2026-04-29 14:53:33 [INFO] riker.phases.phase4_robustness: Cluster 210 LOO: min_retention=0.00 (FRAGILE)
2026-04-29 14:53:33 [INFO] riker.phases.phase4_robustness: Cluster 211 LOO: min_retention=0.00 (FRAGILE)
2026-04-29 14:53:33 [INFO] riker.phases.phase4_robustness: Cluster 212 LOO: min_retention=0.00 (FRAGILE)
2026-04-29 14:53:33 [INFO] riker.phases.phase4_robustness: Cluster 213 LOO: min_retention=0.00 (FRAGILE)
2026-04-29 14:53:33 [INFO] riker.phases.phase4_robustness: Cluster 214 LOO: min_retention=0.00 (FRAGILE)
2026-04-29 14:53:33 [INFO] riker.phases.phase4_robustness: Cluster 215 LOO: min_retention=0.00 (FRAGILE)
2026-04-29 14:53:33 [INFO] riker.phases.phase4_robustness: Cluster 216 LOO: min_retention=0.18 (FRAGILE)
2026-04-29 14:53:33 [INFO] riker.phases.phase4_robustness: Cluster 217 LOO: min_retention=1.00 (STABLE)
2026-04-29 14:53:33 [INFO] riker.phases.phase4_robustness: Cluster 218 LOO: min_retention=1.00 (STABLE)
2026-04-29 14:53:33 [INFO] riker.phases.phase4_robustness: Cluster 219 LOO: min_retention=1.00 (STABLE)
2026-04-29 14:53:33 [INFO] riker.phases.phase4_robustness: Cluster 220 LOO: min_retention=1.00 (STABLE)
2026-04-29 14:53:33 [INFO] riker.phases.phase4_robustness: Cluster 221 LOO: min_retention=0.00 (FRAGILE)
2026-04-29 14:53:33 [INFO] riker.phases.phase4_robustness: Cluster 222 LOO: min_retention=0.00 (FRAGILE)
2026-04-29 14:53:33 [INFO] riker.phases.phase4_robustness: Cluster 223 LOO: min_retention=0.00 (FRAGILE)
2026-04-29 14:53:33 [INFO] riker.phases.phase4_robustness: Cluster 224 LOO: min_retention=0.00 (FRAGILE)
2026-04-29 14:53:33 [INFO] riker.phases.phase4_robustness: Cluster 225 LOO: min_retention=0.00 (FRAGILE)
2026-04-29 14:53:33 [INFO] riker.phases.phase4_robustness: Cluster 226 LOO: min_retention=0.00 (FRAGILE)
2026-04-29 14:53:33 [INFO] riker.phases.phase4_robustness: Cluster 227 LOO: min_retention=0.07 (FRAGILE)
2026-04-29 14:53:33 [INFO] riker.phases.phase4_robustness: Cluster 228 LOO: min_retention=0.00 (FRAGILE)
2026-04-29 14:53:33 [INFO] riker.phases.phase4_robustness: Cluster 229 LOO: min_retention=0.14 (FRAGILE)
2026-04-29 14:53:33 [INFO] riker.phases.phase4_robustness: Cluster 230 LOO: min_retention=0.09 (FRAGILE)
2026-04-29 14:53:33 [INFO] riker.phases.phase4_robustness: Cluster 231 LOO: min_retention=0.10 (FRAGILE)
2026-04-29 14:53:33 [INFO] riker.phases.phase4_robustness: Cluster 232 LOO: min_retention=1.00 (STABLE)
2026-04-29 14:53:33 [INFO] riker.phases.phase4_robustness: Cluster 233 LOO: min_retention=1.00 (STABLE)
2026-04-29 14:53:33 [INFO] riker.phases.phase4_robustness: Cluster 234 LOO: min_retention=0.14 (FRAGILE)
2026-04-29 14:53:33 [INFO] riker.phases.phase4_robustness: Cluster 235 LOO: min_retention=0.09 (FRAGILE)
2026-04-29 14:53:33 [INFO] riker.phases.phase4_robustness: Cluster 236 LOO: min_retention=0.20 (FRAGILE)
2026-04-29 14:53:33 [INFO] riker.phases.phase4_robustness: Cluster 237 LOO: min_retention=0.12 (FRAGILE)
2026-04-29 14:53:33 [INFO] riker.phases.phase4_robustness: Cluster 238 LOO: min_retention=0.11 (FRAGILE)
2026-04-29 14:53:33 [INFO] riker.phases.phase4_robustness: Cluster 239 LOO: min_retention=0.17 (FRAGILE)
2026-04-29 14:53:33 [INFO] riker.phases.phase4_robustness: Cluster 240 LOO: min_retention=0.00 (FRAGILE)
2026-04-29 14:53:33 [INFO] riker.phases.phase4_robustness: Cluster 241 LOO: min_retention=0.00 (FRAGILE)
2026-04-29 14:53:33 [INFO] riker.phases.phase4_robustness: Cluster 242 LOO: min_retention=0.00 (FRAGILE)
2026-04-29 14:53:33 [INFO] riker.phases.phase4_robustness: Cluster 243 LOO: min_retention=0.00 (FRAGILE)
2026-04-29 14:53:33 [INFO] riker.phases.phase4_robustness: Cluster 244 LOO: min_retention=0.20 (FRAGILE)
2026-04-29 14:53:33 [INFO] riker.phases.phase4_robustness: Cluster 245 LOO: min_retention=0.00 (FRAGILE)
2026-04-29 14:53:33 [INFO] riker.phases.phase4_robustness: Cluster 246 LOO: min_retention=0.00 (FRAGILE)
2026-04-29 14:53:33 [INFO] riker.phases.phase4_robustness: Cluster 247 LOO: min_retention=1.00 (STABLE)
2026-04-29 14:53:33 [INFO] riker.phases.phase4_robustness: Cluster 248 LOO: min_retention=1.00 (STABLE)
2026-04-29 14:53:33 [INFO] riker.phases.phase4_robustness: Cluster 249 LOO: min_retention=0.00 (FRAGILE)
2026-04-29 14:53:33 [INFO] riker.phases.phase4_robustness: Cluster 250 LOO: min_retention=0.00 (FRAGILE)
2026-04-29 14:53:33 [INFO] riker.phases.phase4_robustness: Cluster 251 LOO: min_retention=1.00 (STABLE)
2026-04-29 14:53:33 [INFO] riker.phases.phase4_robustness: Cluster 252 LOO: min_retention=1.00 (STABLE)
2026-04-29 14:53:33 [INFO] riker.phases.phase4_robustness: Cluster 253 LOO: min_retention=0.00 (FRAGILE)
2026-04-29 14:53:33 [INFO] riker.phases.phase4_robustness: Cluster 254 LOO: min_retention=0.00 (FRAGILE)
2026-04-29 14:53:33 [INFO] riker.phases.phase4_robustness: Cluster 255 LOO: min_retention=0.00 (FRAGILE)
2026-04-29 14:53:33 [INFO] riker.phases.phase4_robustness: Cluster 256 LOO: min_retention=0.00 (FRAGILE)
2026-04-29 14:53:33 [INFO] riker.phases.phase4_robustness: Cluster 257 LOO: min_retention=0.08 (FRAGILE)
2026-04-29 14:53:33 [INFO] riker.phases.phase4_robustness: Cluster 258 LOO: min_retention=0.00 (FRAGILE)
2026-04-29 14:53:33 [INFO] riker.phases.phase4_robustness: Cluster 259 LOO: min_retention=1.00 (STABLE)
2026-04-29 14:53:33 [INFO] riker.phases.phase4_robustness: Cluster 260 LOO: min_retention=0.00 (FRAGILE)
2026-04-29 14:53:33 [INFO] riker.phases.phase4_robustness: Cluster 261 LOO: min_retention=0.11 (FRAGILE)
2026-04-29 14:53:33 [INFO] riker.phases.phase4_robustness: Cluster 262 LOO: min_retention=0.00 (FRAGILE)
2026-04-29 14:53:33 [INFO] riker.phases.phase4_robustness: Cluster 263 LOO: min_retention=0.08 (FRAGILE)
2026-04-29 14:53:33 [INFO] riker.phases.phase4_robustness: Cluster 264 LOO: min_retention=0.14 (FRAGILE)
2026-04-29 14:53:33 [INFO] riker.phases.phase4_robustness: Cluster 265 LOO: min_retention=1.00 (STABLE)
2026-04-29 14:53:33 [INFO] riker.phases.phase4_robustness: Cluster 266 LOO: min_retention=1.00 (STABLE)
2026-04-29 14:53:33 [INFO] riker.phases.phase4_robustness: Cluster 267 LOO: min_retention=0.11 (FRAGILE)
2026-04-29 14:53:33 [INFO] riker.phases.phase4_robustness: Cluster 268 LOO: min_retention=0.12 (FRAGILE)
2026-04-29 14:53:33 [INFO] riker.phases.phase4_robustness: Cluster 269 LOO: min_retention=0.00 (FRAGILE)
2026-04-29 14:53:33 [INFO] riker.phases.phase4_robustness: Cluster 270 LOO: min_retention=0.00 (FRAGILE)
2026-04-29 14:53:33 [INFO] riker.phases.phase4_robustness: Cluster 271 LOO: min_retention=0.00 (FRAGILE)
2026-04-29 14:53:33 [INFO] riker.phases.phase4_robustness: Cluster 272 LOO: min_retention=0.00 (FRAGILE)
2026-04-29 14:53:33 [INFO] riker.phases.phase4_robustness: Cluster 273 LOO: min_retention=0.13 (FRAGILE)
2026-04-29 14:53:33 [INFO] riker.phases.phase4_robustness: Cluster 274 LOO: min_retention=1.00 (STABLE)
2026-04-29 14:53:33 [INFO] riker.phases.phase4_robustness: Cluster 275 LOO: min_retention=1.00 (STABLE)
2026-04-29 14:53:33 [INFO] riker.phases.phase4_robustness: Cluster 276 LOO: min_retention=1.00 (STABLE)
2026-04-29 14:53:33 [INFO] riker.phases.phase4_robustness: Cluster 277 LOO: min_retention=1.00 (STABLE)
2026-04-29 14:53:33 [INFO] riker.phases.phase4_robustness: Cluster 278 LOO: min_retention=1.00 (STABLE)
2026-04-29 14:53:33 [INFO] riker.phases.phase4_robustness: Cluster 279 LOO: min_retention=1.00 (STABLE)
2026-04-29 14:53:33 [INFO] riker.phases.phase4_robustness: Cluster 280 LOO: min_retention=1.00 (STABLE)
2026-04-29 14:53:33 [INFO] riker.phases.phase4_robustness: Cluster 281 LOO: min_retention=1.00 (STABLE)
2026-04-29 14:53:33 [INFO] riker.phases.phase4_robustness: Cluster 282 LOO: min_retention=1.00 (STABLE)
2026-04-29 14:53:33 [INFO] riker.phases.phase4_robustness: Cluster 283 LOO: min_retention=0.00 (FRAGILE)
2026-04-29 14:53:33 [INFO] riker.phases.phase4_robustness: Cluster 284 LOO: min_retention=0.06 (FRAGILE)
2026-04-29 14:53:33 [INFO] riker.phases.phase4_robustness: Cluster 285 LOO: min_retention=0.00 (FRAGILE)
2026-04-29 14:53:33 [INFO] riker.phases.phase4_robustness: Cluster 286 LOO: min_retention=0.00 (FRAGILE)
2026-04-29 14:53:33 [INFO] riker.phases.phase4_robustness: Cluster 287 LOO: min_retention=1.00 (STABLE)
2026-04-29 14:53:33 [INFO] riker.phases.phase4_robustness: Cluster 288 LOO: min_retention=0.07 (FRAGILE)
2026-04-29 14:53:33 [INFO] riker.phases.phase4_robustness: Cluster 289 LOO: min_retention=1.00 (STABLE)
2026-04-29 14:53:33 [INFO] riker.phases.phase4_robustness: Cluster 290 LOO: min_retention=1.00 (STABLE)
2026-04-29 14:53:33 [INFO] riker.phases.phase4_robustness: Cluster 291 LOO: min_retention=1.00 (STABLE)
2026-04-29 14:53:33 [INFO] riker.phases.phase4_robustness: Cluster 292 LOO: min_retention=0.00 (FRAGILE)
2026-04-29 14:53:33 [INFO] riker.phases.phase4_robustness: Cluster 293 LOO: min_retention=0.07 (FRAGILE)
2026-04-29 14:53:33 [INFO] riker.phases.phase4_robustness: Cluster 294 LOO: min_retention=0.22 (FRAGILE)
2026-04-29 14:53:33 [INFO] riker.phases.phase4_robustness: Cluster 295 LOO: min_retention=0.00 (FRAGILE)
2026-04-29 14:53:33 [INFO] riker.phases.phase4_robustness: Cluster 296 LOO: min_retention=1.00 (STABLE)
2026-04-29 14:53:33 [INFO] riker.phases.phase4_robustness: Cluster 297 LOO: min_retention=1.00 (STABLE)
2026-04-29 14:53:33 [INFO] riker.phases.phase4_robustness: Cluster 298 LOO: min_retention=1.00 (STABLE)
2026-04-29 14:53:33 [INFO] riker.phases.phase4_robustness: Cluster 299 LOO: min_retention=1.00 (STABLE)
2026-04-29 14:53:33 [INFO] riker.phases.phase4_robustness: Cluster 300 LOO: min_retention=1.00 (STABLE)
2026-04-29 14:53:33 [INFO] riker.phases.phase4_robustness: Cluster 301 LOO: min_retention=1.00 (STABLE)
2026-04-29 14:53:33 [INFO] riker.phases.phase4_robustness: Cluster 302 LOO: min_retention=1.00 (STABLE)
2026-04-29 14:53:33 [INFO] riker.phases.phase4_robustness: Cluster 303 LOO: min_retention=1.00 (STABLE)
2026-04-29 14:53:33 [INFO] riker.phases.phase4_robustness: Cluster 304 LOO: min_retention=1.00 (STABLE)
2026-04-29 14:53:33 [INFO] riker.phases.phase4_robustness: Cluster 305 LOO: min_retention=1.00 (STABLE)
2026-04-29 14:53:33 [INFO] riker.phases.phase4_robustness: Cluster 306 LOO: min_retention=0.00 (FRAGILE)
2026-04-29 14:53:33 [INFO] riker.phases.phase4_robustness: Cluster 307 LOO: min_retention=0.12 (FRAGILE)
2026-04-29 14:53:33 [INFO] riker.phases.phase4_robustness: Cluster 308 LOO: min_retention=0.12 (FRAGILE)
2026-04-29 14:53:33 [INFO] riker.phases.phase4_robustness: Cluster 309 LOO: min_retention=1.00 (STABLE)
2026-04-29 14:53:33 [INFO] riker.phases.phase4_robustness: Cluster 310 LOO: min_retention=1.00 (STABLE)
2026-04-29 14:53:33 [INFO] riker.phases.phase4_robustness: Cluster 311 LOO: min_retention=0.00 (FRAGILE)
2026-04-29 14:53:33 [INFO] riker.phases.phase4_robustness: Cluster 312 LOO: min_retention=0.00 (FRAGILE)
2026-04-29 14:53:33 [INFO] riker.phases.phase4_robustness: Cluster 313 LOO: min_retention=0.00 (FRAGILE)
2026-04-29 14:53:33 [INFO] riker.phases.phase4_robustness: Cluster 314 LOO: min_retention=0.00 (FRAGILE)
2026-04-29 14:53:33 [INFO] riker.phases.phase4_robustness: Cluster 315 LOO: min_retention=0.00 (FRAGILE)
2026-04-29 14:53:33 [INFO] riker.phases.phase4_robustness: Cluster 316 LOO: min_retention=0.20 (FRAGILE)
2026-04-29 14:53:33 [INFO] riker.phases.phase4_robustness: Cluster 317 LOO: min_retention=0.00 (FRAGILE)
2026-04-29 14:53:33 [INFO] riker.phases.phase4_robustness: Cluster 318 LOO: min_retention=0.00 (FRAGILE)
2026-04-29 14:53:33 [INFO] riker.phases.phase4_robustness: Cluster 319 LOO: min_retention=0.00 (FRAGILE)
2026-04-29 14:53:33 [INFO] riker.phases.phase4_robustness: Cluster 320 LOO: min_retention=1.00 (STABLE)
2026-04-29 14:53:33 [INFO] riker.phases.phase4_robustness: Cluster 321 LOO: min_retention=1.00 (STABLE)
2026-04-29 14:53:33 [INFO] riker.phases.phase4_robustness: Cluster 322 LOO: min_retention=1.00 (STABLE)
2026-04-29 14:53:33 [INFO] riker.phases.phase4_robustness: Cluster 323 LOO: min_retention=0.17 (FRAGILE)
2026-04-29 14:53:33 [INFO] riker.phases.phase4_robustness: Cluster 324 LOO: min_retention=0.00 (FRAGILE)
2026-04-29 14:53:33 [INFO] riker.phases.phase4_robustness: Cluster 325 LOO: min_retention=1.00 (STABLE)
2026-04-29 14:53:33 [INFO] riker.phases.phase4_robustness: Cluster 326 LOO: min_retention=1.00 (STABLE)
2026-04-29 14:53:33 [INFO] riker.phases.phase4_robustness: Cluster 327 LOO: min_retention=0.00 (FRAGILE)
2026-04-29 14:53:33 [INFO] riker.phases.phase4_robustness: Cluster 328 LOO: min_retention=1.00 (STABLE)
2026-04-29 14:53:33 [INFO] riker.phases.phase4_robustness: Cluster 329 LOO: min_retention=0.00 (FRAGILE)
2026-04-29 14:53:33 [INFO] riker.phases.phase4_robustness: Cluster 330 LOO: min_retention=0.00 (FRAGILE)
2026-04-29 14:53:33 [INFO] riker.phases.phase4_robustness: Cluster 331 LOO: min_retention=0.25 (FRAGILE)
2026-04-29 14:53:33 [INFO] riker.phases.phase4_robustness: Cluster 332 LOO: min_retention=0.00 (FRAGILE)
2026-04-29 14:53:33 [INFO] riker.phases.phase4_robustness: Cluster 333 LOO: min_retention=0.25 (FRAGILE)
2026-04-29 14:53:33 [INFO] riker.phases.phase4_robustness: Cluster 334 LOO: min_retention=1.00 (STABLE)
2026-04-29 14:53:33 [INFO] riker.phases.phase4_robustness: Cluster 335 LOO: min_retention=1.00 (STABLE)
2026-04-29 14:53:33 [INFO] riker.phases.phase4_robustness: Cluster 336 LOO: min_retention=0.00 (FRAGILE)
2026-04-29 14:53:33 [INFO] riker.phases.phase4_robustness: Cluster 337 LOO: min_retention=0.06 (FRAGILE)
2026-04-29 14:53:33 [INFO] riker.phases.phase4_robustness: Cluster 338 LOO: min_retention=0.00 (FRAGILE)
2026-04-29 14:53:33 [INFO] riker.phases.phase4_robustness: Cluster 339 LOO: min_retention=0.00 (FRAGILE)
2026-04-29 14:53:33 [INFO] riker.phases.phase4_robustness: Cluster 340 LOO: min_retention=1.00 (STABLE)
2026-04-29 14:53:33 [INFO] riker.phases.phase4_robustness: Cluster 341 LOO: min_retention=1.00 (STABLE)
2026-04-29 14:53:33 [INFO] riker.phases.phase4_robustness: Cluster 342 LOO: min_retention=0.00 (FRAGILE)
2026-04-29 14:53:33 [INFO] riker.phases.phase4_robustness: Cluster 343 LOO: min_retention=0.20 (FRAGILE)
2026-04-29 14:53:33 [INFO] riker.phases.phase4_robustness: Cluster 344 LOO: min_retention=0.17 (FRAGILE)
2026-04-29 14:53:33 [INFO] riker.phases.phase4_robustness: Cluster 345 LOO: min_retention=0.11 (FRAGILE)
2026-04-29 14:53:33 [INFO] riker.phases.phase4_robustness: Cluster 346 LOO: min_retention=0.10 (FRAGILE)
2026-04-29 14:53:33 [INFO] riker.phases.phase4_robustness: Cluster 347 LOO: min_retention=0.00 (FRAGILE)
2026-04-29 14:53:33 [INFO] riker.phases.phase4_robustness: Cluster 348 LOO: min_retention=0.00 (FRAGILE)
2026-04-29 14:53:33 [INFO] riker.phases.phase4_robustness: Cluster 349 LOO: min_retention=0.00 (FRAGILE)
2026-04-29 14:53:33 [INFO] riker.phases.phase4_robustness: Cluster 350 LOO: min_retention=0.00 (FRAGILE)
2026-04-29 14:53:33 [INFO] riker.phases.phase4_robustness: Cluster 351 LOO: min_retention=0.00 (FRAGILE)
2026-04-29 14:53:33 [INFO] riker.phases.phase4_robustness: Cluster 352 LOO: min_retention=1.00 (STABLE)
2026-04-29 14:53:33 [INFO] riker.phases.phase4_robustness: Cluster 353 LOO: min_retention=1.00 (STABLE)
2026-04-29 14:53:33 [INFO] riker.phases.phase4_robustness: Cluster 354 LOO: min_retention=0.00 (FRAGILE)
2026-04-29 14:53:33 [INFO] riker.phases.phase4_robustness: Cluster 355 LOO: min_retention=0.00 (FRAGILE)
2026-04-29 14:53:33 [INFO] riker.phases.phase4_robustness: Cluster 356 LOO: min_retention=0.00 (FRAGILE)
2026-04-29 14:53:33 [INFO] riker.phases.phase4_robustness: Cluster 357 LOO: min_retention=0.00 (FRAGILE)
2026-04-29 14:53:33 [INFO] riker.phases.phase4_robustness: Cluster 358 LOO: min_retention=0.00 (FRAGILE)
2026-04-29 14:53:33 [INFO] riker.phases.phase4_robustness: Cluster 359 LOO: min_retention=0.11 (FRAGILE)
2026-04-29 14:53:33 [INFO] riker.phases.phase4_robustness: Cluster 360 LOO: min_retention=0.14 (FRAGILE)
2026-04-29 14:53:33 [INFO] riker.phases.phase4_robustness: Cluster 361 LOO: min_retention=1.00 (STABLE)
2026-04-29 14:53:33 [INFO] riker.phases.phase4_robustness: Cluster 362 LOO: min_retention=1.00 (STABLE)
2026-04-29 14:53:33 [INFO] riker.phases.phase4_robustness: Cluster 363 LOO: min_retention=0.17 (FRAGILE)
2026-04-29 14:53:33 [INFO] riker.phases.phase4_robustness: Cluster 364 LOO: min_retention=0.20 (FRAGILE)
2026-04-29 14:53:33 [INFO] riker.phases.phase4_robustness: Cluster 365 LOO: min_retention=0.09 (FRAGILE)
2026-04-29 14:53:33 [INFO] riker.phases.phase4_robustness: Cluster 366 LOO: min_retention=0.05 (FRAGILE)
2026-04-29 14:53:33 [INFO] riker.phases.phase4_robustness: Cluster 367 LOO: min_retention=0.12 (FRAGILE)
2026-04-29 14:53:33 [INFO] riker.phases.phase4_robustness: Cluster 368 LOO: min_retention=1.00 (STABLE)
2026-04-29 14:53:33 [INFO] riker.phases.phase4_robustness: Cluster 369 LOO: min_retention=1.00 (STABLE)
2026-04-29 14:53:33 [INFO] riker.phases.phase4_robustness: Cluster 370 LOO: min_retention=0.00 (FRAGILE)
2026-04-29 14:53:33 [INFO] riker.phases.phase4_robustness: Cluster 371 LOO: min_retention=0.00 (FRAGILE)
2026-04-29 14:53:33 [INFO] riker.phases.phase4_robustness: Cluster 372 LOO: min_retention=0.04 (FRAGILE)
2026-04-29 14:53:33 [INFO] riker.phases.phase4_robustness: Cluster 373 LOO: min_retention=0.00 (FRAGILE)
2026-04-29 14:53:33 [INFO] riker.phases.phase4_robustness: Cluster 374 LOO: min_retention=0.14 (FRAGILE)
2026-04-29 14:53:33 [INFO] riker.phases.phase4_robustness: Cluster 375 LOO: min_retention=1.00 (STABLE)
2026-04-29 14:53:33 [INFO] riker.phases.phase4_robustness: Cluster 376 LOO: min_retention=0.00 (FRAGILE)
2026-04-29 14:53:33 [INFO] riker.phases.phase4_robustness: Cluster 377 LOO: min_retention=0.00 (FRAGILE)
2026-04-29 14:53:33 [INFO] riker.phases.phase4_robustness: Cluster 378 LOO: min_retention=0.00 (FRAGILE)
2026-04-29 14:53:33 [INFO] riker.phases.phase4_robustness: Cluster 379 LOO: min_retention=0.00 (FRAGILE)
2026-04-29 14:53:33 [INFO] riker.phases.phase4_robustness: Cluster 380 LOO: min_retention=0.00 (FRAGILE)
2026-04-29 14:53:33 [INFO] riker.phases.phase4_robustness: Cluster 381 LOO: min_retention=0.00 (FRAGILE)
2026-04-29 14:53:33 [INFO] riker.phases.phase4_robustness: Cluster 382 LOO: min_retention=1.00 (STABLE)
2026-04-29 14:53:33 [INFO] riker.phases.phase4_robustness: Cluster 383 LOO: min_retention=1.00 (STABLE)
2026-04-29 14:53:33 [INFO] riker.phases.phase4_robustness: Cluster 384 LOO: min_retention=1.00 (STABLE)
2026-04-29 14:53:33 [INFO] riker.phases.phase4_robustness: Cluster 385 LOO: min_retention=1.00 (STABLE)
2026-04-29 14:53:33 [INFO] riker.phases.phase4_robustness: Cluster 386 LOO: min_retention=0.00 (FRAGILE)
2026-04-29 14:53:33 [INFO] riker.phases.phase4_robustness: Cluster 387 LOO: min_retention=0.00 (FRAGILE)
2026-04-29 14:53:33 [INFO] riker.phases.phase4_robustness: Cluster 388 LOO: min_retention=0.00 (FRAGILE)
2026-04-29 14:53:33 [INFO] riker.phases.phase4_robustness: Cluster 389 LOO: min_retention=0.00 (FRAGILE)
2026-04-29 14:53:33 [INFO] riker.phases.phase4_robustness: Cluster 390 LOO: min_retention=1.00 (STABLE)
2026-04-29 14:53:33 [INFO] riker.phases.phase4_robustness: Cluster 391 LOO: min_retention=1.00 (STABLE)
2026-04-29 14:53:33 [INFO] riker.phases.phase4_robustness: Cluster 392 LOO: min_retention=0.00 (FRAGILE)
2026-04-29 14:53:33 [INFO] riker.phases.phase4_robustness: Cluster 393 LOO: min_retention=0.20 (FRAGILE)
2026-04-29 14:53:33 [INFO] riker.phases.phase4_robustness: Cluster 394 LOO: min_retention=1.00 (STABLE)
2026-04-29 14:53:33 [INFO] riker.phases.phase4_robustness: Cluster 395 LOO: min_retention=1.00 (STABLE)
2026-04-29 14:53:33 [INFO] riker.phases.phase4_robustness: Cluster 396 LOO: min_retention=1.00 (STABLE)
2026-04-29 14:53:33 [INFO] riker.phases.phase4_robustness: Cluster 397 LOO: min_retention=1.00 (STABLE)
2026-04-29 14:53:33 [INFO] riker.phases.phase4_robustness: Cluster 398 LOO: min_retention=1.00 (STABLE)
2026-04-29 14:53:33 [INFO] riker.phases.phase4_robustness: Cluster 399 LOO: min_retention=1.00 (STABLE)
2026-04-29 14:53:33 [INFO] riker.phases.phase4_robustness: Cluster 400 LOO: min_retention=0.11 (FRAGILE)
2026-04-29 14:53:33 [INFO] riker.phases.phase4_robustness: Cluster 401 LOO: min_retention=0.20 (FRAGILE)
2026-04-29 14:53:33 [INFO] riker.phases.phase4_robustness: Cluster 402 LOO: min_retention=0.00 (FRAGILE)
2026-04-29 14:53:33 [INFO] riker.phases.phase4_robustness: Cluster 403 LOO: min_retention=0.00 (FRAGILE)
2026-04-29 14:53:33 [INFO] riker.phases.phase4_robustness: Cluster 404 LOO: min_retention=1.00 (STABLE)
2026-04-29 14:53:33 [INFO] riker.phases.phase4_robustness: Cluster 405 LOO: min_retention=1.00 (STABLE)
2026-04-29 14:53:33 [INFO] riker.phases.phase4_robustness: Cluster 406 LOO: min_retention=1.00 (STABLE)
2026-04-29 14:53:33 [INFO] riker.phases.phase4_robustness: Cluster 407 LOO: min_retention=0.08 (FRAGILE)
2026-04-29 14:53:33 [INFO] riker.phases.phase4_robustness: Cluster 408 LOO: min_retention=0.10 (FRAGILE)
2026-04-29 14:53:33 [INFO] riker.phases.phase4_robustness: Cluster 409 LOO: min_retention=0.12 (FRAGILE)
2026-04-29 14:53:33 [INFO] riker.phases.phase4_robustness: Cluster 410 LOO: min_retention=0.07 (FRAGILE)
2026-04-29 14:53:33 [INFO] riker.phases.phase4_robustness: Cluster 411 LOO: min_retention=0.00 (FRAGILE)
2026-04-29 14:53:33 [INFO] riker.phases.phase4_robustness: Cluster 412 LOO: min_retention=0.12 (FRAGILE)
2026-04-29 14:53:33 [INFO] riker.phases.phase4_robustness: Cluster 413 LOO: min_retention=0.00 (FRAGILE)
2026-04-29 14:53:33 [INFO] riker.phases.phase4_robustness: Cluster 414 LOO: min_retention=0.00 (FRAGILE)
2026-04-29 14:53:33 [INFO] riker.phases.phase4_robustness: Cluster 415 LOO: min_retention=0.00 (FRAGILE)
2026-04-29 14:53:33 [INFO] riker.phases.phase4_robustness: Cluster 416 LOO: min_retention=1.00 (STABLE)
2026-04-29 14:53:33 [INFO] riker.phases.phase4_robustness: Cluster 417 LOO: min_retention=0.17 (FRAGILE)
2026-04-29 14:53:33 [INFO] riker.phases.phase4_robustness: Cluster 418 LOO: min_retention=0.00 (FRAGILE)
2026-04-29 14:53:33 [INFO] riker.phases.phase4_robustness: Cluster 419 LOO: min_retention=0.00 (FRAGILE)
2026-04-29 14:53:33 [INFO] riker.phases.phase4_robustness: Cluster 420 LOO: min_retention=0.20 (FRAGILE)
2026-04-29 14:53:33 [INFO] riker.phases.phase4_robustness: Cluster 421 LOO: min_retention=0.00 (FRAGILE)
2026-04-29 14:53:33 [INFO] riker.phases.phase4_robustness: Cluster 422 LOO: min_retention=0.00 (FRAGILE)
2026-04-29 14:53:33 [INFO] riker.phases.phase4_robustness: Cluster 423 LOO: min_retention=0.00 (FRAGILE)
2026-04-29 14:53:33 [INFO] riker.phases.phase4_robustness: Cluster 424 LOO: min_retention=0.14 (FRAGILE)
2026-04-29 14:53:33 [INFO] riker.phases.phase4_robustness: Cluster 425 LOO: min_retention=0.00 (FRAGILE)
2026-04-29 14:53:33 [INFO] riker.phases.phase4_robustness: Cluster 426 LOO: min_retention=0.12 (FRAGILE)
2026-04-29 14:53:33 [INFO] riker.phases.phase4_robustness: Cluster 427 LOO: min_retention=0.00 (FRAGILE)
2026-04-29 14:53:33 [INFO] riker.phases.phase4_robustness: Cluster 428 LOO: min_retention=0.00 (FRAGILE)
2026-04-29 14:53:33 [INFO] riker.phases.phase4_robustness: Cluster 429 LOO: min_retention=1.00 (STABLE)
2026-04-29 14:53:33 [INFO] riker.phases.phase4_robustness: Cluster 430 LOO: min_retention=0.00 (FRAGILE)
2026-04-29 14:53:33 [INFO] riker.phases.phase4_robustness: Cluster 431 LOO: min_retention=0.00 (FRAGILE)
2026-04-29 14:53:33 [INFO] riker.phases.phase4_robustness: Cluster 432 LOO: min_retention=0.25 (FRAGILE)
2026-04-29 14:53:33 [INFO] riker.phases.phase4_robustness: Cluster 433 LOO: min_retention=0.20 (FRAGILE)
2026-04-29 14:53:33 [INFO] riker.phases.phase4_robustness: Cluster 434 LOO: min_retention=0.14 (FRAGILE)
2026-04-29 14:53:33 [INFO] riker.phases.phase4_robustness: Cluster 435 LOO: min_retention=0.00 (FRAGILE)
2026-04-29 14:53:33 [INFO] riker.phases.phase4_robustness: Cluster 436 LOO: min_retention=0.17 (FRAGILE)
2026-04-29 14:53:33 [INFO] riker.phases.phase4_robustness: Cluster 437 LOO: min_retention=0.00 (FRAGILE)
2026-04-29 14:53:33 [INFO] riker.phases.phase4_robustness: Cluster 438 LOO: min_retention=1.00 (STABLE)
2026-04-29 14:53:33 [INFO] riker.phases.phase4_robustness: Cluster 439 LOO: min_retention=1.00 (STABLE)
2026-04-29 14:53:33 [INFO] riker.phases.phase4_robustness: Cluster 440 LOO: min_retention=0.10 (FRAGILE)
2026-04-29 14:53:33 [INFO] riker.phases.phase4_robustness: Cluster 441 LOO: min_retention=0.09 (FRAGILE)
2026-04-29 14:53:33 [INFO] riker.phases.phase4_robustness: Cluster 442 LOO: min_retention=0.00 (FRAGILE)
2026-04-29 14:53:33 [INFO] riker.phases.phase4_robustness: Cluster 443 LOO: min_retention=0.00 (FRAGILE)
2026-04-29 14:53:33 [INFO] riker.phases.phase4_robustness: Cluster 444 LOO: min_retention=0.29 (FRAGILE)
2026-04-29 14:53:33 [INFO] riker.phases.phase4_robustness: Cluster 445 LOO: min_retention=0.19 (FRAGILE)
2026-04-29 14:53:33 [INFO] riker.phases.phase4_robustness: Cluster 446 LOO: min_retention=0.20 (FRAGILE)
2026-04-29 14:53:33 [INFO] riker.phases.phase4_robustness: Cluster 447 LOO: min_retention=0.23 (FRAGILE)
2026-04-29 14:53:33 [INFO] riker.phases.phase4_robustness: Cluster 448 LOO: min_retention=0.14 (FRAGILE)
2026-04-29 14:53:33 [INFO] riker.phases.phase4_robustness: Cluster 14: 0 Level 2 survivors < 3 minimum. No core genes.
2026-04-29 14:53:33 [INFO] riker.phases.phase4_robustness: Cluster 16: 2 Level 2 survivors < 3 minimum. No core genes.
2026-04-29 14:53:33 [INFO] riker.phases.phase4_robustness: Cluster 23: 0 Level 2 survivors < 3 minimum. No core genes.
2026-04-29 14:53:33 [INFO] riker.phases.phase4_robustness: Cluster 28: 2 Level 2 survivors < 3 minimum. No core genes.
2026-04-29 14:53:33 [INFO] riker.phases.phase4_robustness: Cluster 29: 0 Level 2 survivors < 3 minimum. No core genes.
2026-04-29 14:53:33 [INFO] riker.phases.phase4_robustness: Cluster 34: 0 Level 2 survivors < 3 minimum. No core genes.
2026-04-29 14:53:33 [INFO] riker.phases.phase4_robustness: Cluster 35: 1 Level 2 survivors < 3 minimum. No core genes.
2026-04-29 14:53:33 [INFO] riker.phases.phase4_robustness: Cluster 44: 0 Level 2 survivors < 3 minimum. No core genes.
2026-04-29 14:53:33 [INFO] riker.phases.phase4_robustness: Cluster 46: 0 Level 2 survivors < 3 minimum. No core genes.
2026-04-29 14:53:33 [INFO] riker.phases.phase4_robustness: Cluster 51: 2 Level 2 survivors < 3 minimum. No core genes.
2026-04-29 14:53:33 [INFO] riker.phases.phase4_robustness: Cluster 56: 0 Level 2 survivors < 3 minimum. No core genes.
2026-04-29 14:53:33 [INFO] riker.phases.phase4_robustness: Cluster 59: 0 Level 2 survivors < 3 minimum. No core genes.
2026-04-29 14:53:33 [INFO] riker.phases.phase4_robustness: Cluster 63: 0 Level 2 survivors < 3 minimum. No core genes.
2026-04-29 14:53:33 [INFO] riker.phases.phase4_robustness: Cluster 64: 1 Level 2 survivors < 3 minimum. No core genes.
2026-04-29 14:53:33 [INFO] riker.phases.phase4_robustness: Cluster 67: 2 Level 2 survivors < 3 minimum. No core genes.
2026-04-29 14:53:33 [INFO] riker.phases.phase4_robustness: Cluster 72: 2 Level 2 survivors < 3 minimum. No core genes.
2026-04-29 14:53:33 [INFO] riker.phases.phase4_robustness: Cluster 73: 1 Level 2 survivors < 3 minimum. No core genes.
2026-04-29 14:53:33 [INFO] riker.phases.phase4_robustness: Cluster 74: 0 Level 2 survivors < 3 minimum. No core genes.
2026-04-29 14:53:33 [INFO] riker.phases.phase4_robustness: Cluster 82: 1 Level 2 survivors < 3 minimum. No core genes.
2026-04-29 14:53:33 [INFO] riker.phases.phase4_robustness: Cluster 87: 0 Level 2 survivors < 3 minimum. No core genes.
2026-04-29 14:53:33 [INFO] riker.phases.phase4_robustness: Cluster 88: 0 Level 2 survivors < 3 minimum. No core genes.
2026-04-29 14:53:33 [INFO] riker.phases.phase4_robustness: Cluster 89: 2 Level 2 survivors < 3 minimum. No core genes.
2026-04-29 14:53:33 [INFO] riker.phases.phase4_robustness: Cluster 91: 2 Level 2 survivors < 3 minimum. No core genes.
2026-04-29 14:53:33 [INFO] riker.phases.phase4_robustness: Cluster 107: 0 Level 2 survivors < 3 minimum. No core genes.
2026-04-29 14:53:33 [INFO] riker.phases.phase4_robustness: Cluster 108: 0 Level 2 survivors < 3 minimum. No core genes.
2026-04-29 14:53:33 [INFO] riker.phases.phase4_robustness: Cluster 109: 0 Level 2 survivors < 3 minimum. No core genes.
2026-04-29 14:53:33 [INFO] riker.phases.phase4_robustness: Cluster 110: 2 Level 2 survivors < 3 minimum. No core genes.
2026-04-29 14:53:33 [INFO] riker.phases.phase4_robustness: Cluster 121: 2 Level 2 survivors < 3 minimum. No core genes.
2026-04-29 14:53:33 [INFO] riker.phases.phase4_robustness: Cluster 122: 1 Level 2 survivors < 3 minimum. No core genes.
2026-04-29 14:53:33 [INFO] riker.phases.phase4_robustness: Cluster 129: 2 Level 2 survivors < 3 minimum. No core genes.
2026-04-29 14:53:33 [INFO] riker.phases.phase4_robustness: Cluster 131: 2 Level 2 survivors < 3 minimum. No core genes.
2026-04-29 14:53:33 [INFO] riker.phases.phase4_robustness: Cluster 139: 0 Level 2 survivors < 3 minimum. No core genes.
2026-04-29 14:53:33 [INFO] riker.phases.phase4_robustness: Cluster 140: 0 Level 2 survivors < 3 minimum. No core genes.
2026-04-29 14:53:33 [INFO] riker.phases.phase4_robustness: Cluster 141: 2 Level 2 survivors < 3 minimum. No core genes.
2026-04-29 14:53:33 [INFO] riker.phases.phase4_robustness: Cluster 142: 1 Level 2 survivors < 3 minimum. No core genes.
2026-04-29 14:53:33 [INFO] riker.phases.phase4_robustness: Cluster 155: 2 Level 2 survivors < 3 minimum. No core genes.
2026-04-29 14:53:33 [INFO] riker.phases.phase4_robustness: Cluster 179: 2 Level 2 survivors < 3 minimum. No core genes.
2026-04-29 14:53:33 [INFO] riker.phases.phase4_robustness: Cluster 199: 2 Level 2 survivors < 3 minimum. No core genes.
2026-04-29 14:53:33 [INFO] riker.phases.phase4_robustness: Cluster 203: 2 Level 2 survivors < 3 minimum. No core genes.
2026-04-29 14:53:33 [INFO] riker.phases.phase4_robustness: Cluster 204: 1 Level 2 survivors < 3 minimum. No core genes.
2026-04-29 14:53:33 [INFO] riker.phases.phase4_robustness: Cluster 208: 2 Level 2 survivors < 3 minimum. No core genes.
2026-04-29 14:53:33 [INFO] riker.phases.phase4_robustness: Cluster 211: 2 Level 2 survivors < 3 minimum. No core genes.
2026-04-29 14:53:33 [INFO] riker.phases.phase4_robustness: Cluster 214: 1 Level 2 survivors < 3 minimum. No core genes.
2026-04-29 14:53:33 [INFO] riker.phases.phase4_robustness: Cluster 223: 2 Level 2 survivors < 3 minimum. No core genes.
2026-04-29 14:53:33 [INFO] riker.phases.phase4_robustness: Cluster 228: 1 Level 2 survivors < 3 minimum. No core genes.
2026-04-29 14:53:33 [INFO] riker.phases.phase4_robustness: Cluster 229: 1 Level 2 survivors < 3 minimum. No core genes.
2026-04-29 14:53:33 [INFO] riker.phases.phase4_robustness: Cluster 239: 1 Level 2 survivors < 3 minimum. No core genes.
2026-04-29 14:53:33 [INFO] riker.phases.phase4_robustness: Cluster 244: 1 Level 2 survivors < 3 minimum. No core genes.
2026-04-29 14:53:33 [INFO] riker.phases.phase4_robustness: Cluster 246: 1 Level 2 survivors < 3 minimum. No core genes.
2026-04-29 14:53:33 [INFO] riker.phases.phase4_robustness: Cluster 249: 1 Level 2 survivors < 3 minimum. No core genes.
2026-04-29 14:53:33 [INFO] riker.phases.phase4_robustness: Cluster 250: 2 Level 2 survivors < 3 minimum. No core genes.
2026-04-29 14:53:33 [INFO] riker.phases.phase4_robustness: Cluster 254: 0 Level 2 survivors < 3 minimum. No core genes.
2026-04-29 14:53:33 [INFO] riker.phases.phase4_robustness: Cluster 261: 0 Level 2 survivors < 3 minimum. No core genes.
2026-04-29 14:53:33 [INFO] riker.phases.phase4_robustness: Cluster 262: 0 Level 2 survivors < 3 minimum. No core genes.
2026-04-29 14:53:33 [INFO] riker.phases.phase4_robustness: Cluster 292: 2 Level 2 survivors < 3 minimum. No core genes.
2026-04-29 14:53:33 [INFO] riker.phases.phase4_robustness: Cluster 308: 2 Level 2 survivors < 3 minimum. No core genes.
2026-04-29 14:53:33 [INFO] riker.phases.phase4_robustness: Cluster 316: 0 Level 2 survivors < 3 minimum. No core genes.
2026-04-29 14:53:33 [INFO] riker.phases.phase4_robustness: Cluster 317: 2 Level 2 survivors < 3 minimum. No core genes.
2026-04-29 14:53:33 [INFO] riker.phases.phase4_robustness: Cluster 318: 2 Level 2 survivors < 3 minimum. No core genes.
2026-04-29 14:53:33 [INFO] riker.phases.phase4_robustness: Cluster 319: 2 Level 2 survivors < 3 minimum. No core genes.
2026-04-29 14:53:33 [INFO] riker.phases.phase4_robustness: Cluster 323: 1 Level 2 survivors < 3 minimum. No core genes.
2026-04-29 14:53:33 [INFO] riker.phases.phase4_robustness: Cluster 327: 2 Level 2 survivors < 3 minimum. No core genes.
2026-04-29 14:53:33 [INFO] riker.phases.phase4_robustness: Cluster 332: 1 Level 2 survivors < 3 minimum. No core genes.
2026-04-29 14:53:33 [INFO] riker.phases.phase4_robustness: Cluster 336: 0 Level 2 survivors < 3 minimum. No core genes.
2026-04-29 14:53:33 [INFO] riker.phases.phase4_robustness: Cluster 344: 1 Level 2 survivors < 3 minimum. No core genes.
2026-04-29 14:53:33 [INFO] riker.phases.phase4_robustness: Cluster 345: 2 Level 2 survivors < 3 minimum. No core genes.
2026-04-29 14:53:33 [INFO] riker.phases.phase4_robustness: Cluster 346: 1 Level 2 survivors < 3 minimum. No core genes.
2026-04-29 14:53:33 [INFO] riker.phases.phase4_robustness: Cluster 360: 1 Level 2 survivors < 3 minimum. No core genes.
2026-04-29 14:53:33 [INFO] riker.phases.phase4_robustness: Cluster 363: 0 Level 2 survivors < 3 minimum. No core genes.
2026-04-29 14:53:33 [INFO] riker.phases.phase4_robustness: Cluster 366: 0 Level 2 survivors < 3 minimum. No core genes.
2026-04-29 14:53:33 [INFO] riker.phases.phase4_robustness: Cluster 367: 1 Level 2 survivors < 3 minimum. No core genes.
2026-04-29 14:53:33 [INFO] riker.phases.phase4_robustness: Cluster 386: 2 Level 2 survivors < 3 minimum. No core genes.
2026-04-29 14:53:33 [INFO] riker.phases.phase4_robustness: Cluster 400: 0 Level 2 survivors < 3 minimum. No core genes.
2026-04-29 14:53:33 [INFO] riker.phases.phase4_robustness: Cluster 401: 0 Level 2 survivors < 3 minimum. No core genes.
2026-04-29 14:53:33 [INFO] riker.phases.phase4_robustness: Cluster 407: 1 Level 2 survivors < 3 minimum. No core genes.
2026-04-29 14:53:33 [INFO] riker.phases.phase4_robustness: Cluster 412: 0 Level 2 survivors < 3 minimum. No core genes.
2026-04-29 14:53:33 [INFO] riker.phases.phase4_robustness: Cluster 417: 0 Level 2 survivors < 3 minimum. No core genes.
2026-04-29 14:53:33 [INFO] riker.phases.phase4_robustness: Cluster 418: 0 Level 2 survivors < 3 minimum. No core genes.
2026-04-29 14:53:33 [INFO] riker.phases.phase4_robustness: Cluster 419: 0 Level 2 survivors < 3 minimum. No core genes.
2026-04-29 14:53:33 [INFO] riker.phases.phase4_robustness: Cluster 420: 1 Level 2 survivors < 3 minimum. No core genes.
2026-04-29 14:53:33 [INFO] riker.phases.phase4_robustness: Cluster 421: 2 Level 2 survivors < 3 minimum. No core genes.
2026-04-29 14:53:33 [INFO] riker.phases.phase4_robustness: Cluster 426: 0 Level 2 survivors < 3 minimum. No core genes.
2026-04-29 14:53:33 [INFO] riker.phases.phase4_robustness: Cluster 427: 0 Level 2 survivors < 3 minimum. No core genes.
2026-04-29 14:53:33 [INFO] riker.phases.phase4_robustness: Cluster 435: 1 Level 2 survivors < 3 minimum. No core genes.
2026-04-29 14:53:33 [INFO] riker.phases.phase4_robustness: Cluster 436: 1 Level 2 survivors < 3 minimum. No core genes.
2026-04-29 14:53:33 [INFO] riker.phases.phase4_robustness: Cluster 441: 2 Level 2 survivors < 3 minimum. No core genes.
2026-04-29 14:53:33 [INFO] riker.phases.phase4_robustness: Cluster 443: 1 Level 2 survivors < 3 minimum. No core genes.
2026-04-29 14:53:33 [INFO] riker.phases.phase4_robustness: Identified 2451 core genes across all clusters.
2026-04-29 14:53:33 [INFO] riker.phases.phase4_robustness: Phase 4 complete: 24 significant clusters, 124 LOO-stable clusters, 2451 core genes.
2026-04-29 14:53:34 [INFO] riker.io.outputs: Phase 4 core genes: /home/kai001/riker-engine/disease_days/2026-04-29_ipf_v0332/blind_pc/phase4_core_genes.csv
2026-04-29 14:53:34 [INFO] riker.io.outputs: Phase 4 all levels: /home/kai001/riker-engine/disease_days/2026-04-29_ipf_v0332/blind_pc/phase4_all_levels.csv (4479 genes)
2026-04-29 14:53:34 [INFO] riker: ============================================================
2026-04-29 14:53:34 [INFO] riker: PHASE 5: Independent Replication
2026-04-29 14:53:34 [INFO] riker: ============================================================
2026-04-29 14:53:34 [INFO] riker: Loading replication dataset: GSE110147
/home/kai001/riker-engine/riker/cli.py:302: UserWarning: Sample GSM2978774 value 'disease state: non-specific interstitial pneumonia | tissue: lung' did not match any case (['disease state: idiopathic pulmonary fibrosis']) or control (['disease state: normal control']) values.
  pheno = extractor.extract(
/home/kai001/riker-engine/riker/cli.py:302: UserWarning: Sample GSM2978775 value 'disease state: non-specific interstitial pneumonia | tissue: lung' did not match any case (['disease state: idiopathic pulmonary fibrosis']) or control (['disease state: normal control']) values.
  pheno = extractor.extract(
/home/kai001/riker-engine/riker/cli.py:302: UserWarning: Sample GSM2978776 value 'disease state: non-specific interstitial pneumonia | tissue: lung' did not match any case (['disease state: idiopathic pulmonary fibrosis']) or control (['disease state: normal control']) values.
  pheno = extractor.extract(
/home/kai001/riker-engine/riker/cli.py:302: UserWarning: Sample GSM2978777 value 'disease state: non-specific interstitial pneumonia | tissue: lung' did not match any case (['disease state: idiopathic pulmonary fibrosis']) or control (['disease state: normal control']) values.
  pheno = extractor.extract(
/home/kai001/riker-engine/riker/cli.py:302: UserWarning: Sample GSM2978778 value 'disease state: non-specific interstitial pneumonia | tissue: lung' did not match any case (['disease state: idiopathic pulmonary fibrosis']) or control (['disease state: normal control']) values.
  pheno = extractor.extract(
/home/kai001/riker-engine/riker/cli.py:302: UserWarning: Sample GSM2978779 value 'disease state: non-specific interstitial pneumonia | tissue: lung' did not match any case (['disease state: idiopathic pulmonary fibrosis']) or control (['disease state: normal control']) values.
  pheno = extractor.extract(
/home/kai001/riker-engine/riker/cli.py:302: UserWarning: Sample GSM2978780 value 'disease state: non-specific interstitial pneumonia | tissue: lung' did not match any case (['disease state: idiopathic pulmonary fibrosis']) or control (['disease state: normal control']) values.
  pheno = extractor.extract(
/home/kai001/riker-engine/riker/cli.py:302: UserWarning: Sample GSM2978781 value 'disease state: non-specific interstitial pneumonia | tissue: lung' did not match any case (['disease state: idiopathic pulmonary fibrosis']) or control (['disease state: normal control']) values.
  pheno = extractor.extract(
/home/kai001/riker-engine/riker/cli.py:302: UserWarning: Sample GSM2978782 value 'disease state: non-specific interstitial pneumonia | tissue: lung' did not match any case (['disease state: idiopathic pulmonary fibrosis']) or control (['disease state: normal control']) values.
  pheno = extractor.extract(
/home/kai001/riker-engine/riker/cli.py:302: UserWarning: Sample GSM2978783 value 'disease state: non-specific interstitial pneumonia | tissue: lung' did not match any case (['disease state: idiopathic pulmonary fibrosis']) or control (['disease state: normal control']) values.
  pheno = extractor.extract(
/home/kai001/riker-engine/riker/cli.py:302: UserWarning: Sample GSM2978784 value 'disease state: mixed ipf-nsip | tissue: lung' did not match any case (['disease state: idiopathic pulmonary fibrosis']) or control (['disease state: normal control']) values.
  pheno = extractor.extract(
/home/kai001/riker-engine/riker/cli.py:302: UserWarning: Sample GSM2978785 value 'disease state: mixed ipf-nsip | tissue: lung' did not match any case (['disease state: idiopathic pulmonary fibrosis']) or control (['disease state: normal control']) values.
  pheno = extractor.extract(
/home/kai001/riker-engine/riker/cli.py:302: UserWarning: Sample GSM2978786 value 'disease state: mixed ipf-nsip | tissue: lung' did not match any case (['disease state: idiopathic pulmonary fibrosis']) or control (['disease state: normal control']) values.
  pheno = extractor.extract(
/home/kai001/riker-engine/riker/cli.py:302: UserWarning: Sample GSM2978787 value 'disease state: mixed ipf-nsip | tissue: lung' did not match any case (['disease state: idiopathic pulmonary fibrosis']) or control (['disease state: normal control']) values.
  pheno = extractor.extract(
/home/kai001/riker-engine/riker/cli.py:302: UserWarning: Sample GSM2978788 value 'disease state: mixed ipf-nsip | tissue: lung' did not match any case (['disease state: idiopathic pulmonary fibrosis']) or control (['disease state: normal control']) values.
  pheno = extractor.extract(
2026-04-29 14:53:40 [INFO] riker.ingestion.geo_parser: Probe-to-gene mapping: 22195 mapped, 11102 unmapped, 19978 unique genes.
2026-04-29 14:53:40 [INFO] riker: Loading replication dataset: GSE10667
2026-04-29 14:53:49 [INFO] riker.ingestion.geo_parser: Probe-to-gene mapping: 32995 mapped, 10381 unmapped, 19237 unique genes.
2026-04-29 14:53:49 [INFO] riker.phases.phase5_replication: Phase 5: Testing 2451 pre-specified core genes in 2 replication datasets.
2026-04-29 14:53:49 [INFO] riker.phases.phase5_replication: Gene ADGRF5: eliminated — Significant opposite direction in same-tissue dataset(s): ['GSE110147']. Discovery direction: down.
2026-04-29 14:53:49 [INFO] riker.phases.phase5_replication: Gene ADRB2: survived — Same-tissue replication: 2/2 concordant. Cross-tissue: 0/0 concordant.
2026-04-29 14:53:49 [INFO] riker.phases.phase5_replication: Gene BLVRB: survived — Same-tissue replication: 1/2 concordant. Cross-tissue: 0/0 concordant.
2026-04-29 14:53:49 [INFO] riker.phases.phase5_replication: Gene BMAL1: survived — Same-tissue replication: 0/2 concordant. Cross-tissue: 0/0 concordant.
2026-04-29 14:53:49 [INFO] riker.phases.phase5_replication: Gene CARMIL1: survived — Same-tissue replication: 2/2 concordant. Cross-tissue: 0/0 concordant.
2026-04-29 14:53:49 [INFO] riker.phases.phase5_replication: Gene GAB2: survived — Same-tissue replication: 2/2 concordant. Cross-tissue: 0/0 concordant.
2026-04-29 14:53:49 [INFO] riker.phases.phase5_replication: Gene GALNT17: eliminated — Significant opposite direction in same-tissue dataset(s): ['GSE10667']. Discovery direction: down.
2026-04-29 14:53:49 [INFO] riker.phases.phase5_replication: Gene HAL: survived — Same-tissue replication: 1/2 concordant. Cross-tissue: 0/0 concordant.
2026-04-29 14:53:49 [INFO] riker.phases.phase5_replication: Gene HSPA2: survived — Same-tissue replication: 1/2 concordant. Cross-tissue: 0/0 concordant.
2026-04-29 14:53:49 [INFO] riker.phases.phase5_replication: Gene IL15RA: survived — Same-tissue replication: 1/2 concordant. Cross-tissue: 0/0 concordant.
2026-04-29 14:53:49 [INFO] riker.phases.phase5_replication: Gene MKNK2: survived — Same-tissue replication: 2/2 concordant. Cross-tissue: 0/0 concordant.
2026-04-29 14:53:49 [INFO] riker.phases.phase5_replication: Gene PRKCZ: survived — Same-tissue replication: 2/2 concordant. Cross-tissue: 0/0 concordant.
2026-04-29 14:53:49 [INFO] riker.phases.phase5_replication: Gene PRR16: survived — Same-tissue replication: 1/2 concordant. Cross-tissue: 0/0 concordant.
2026-04-29 14:53:49 [INFO] riker.phases.phase5_replication: Gene RIMKLA: survived — Same-tissue replication: 2/2 concordant. Cross-tissue: 0/0 concordant.
2026-04-29 14:53:49 [INFO] riker.phases.phase5_replication: Gene SLC22A15: eliminated — Significant opposite direction in same-tissue dataset(s): ['GSE110147']. Discovery direction: down.
2026-04-29 14:53:49 [INFO] riker.phases.phase5_replication: Gene SSH2: survived — Same-tissue replication: 1/2 concordant. Cross-tissue: 0/0 concordant.
2026-04-29 14:53:49 [INFO] riker.phases.phase5_replication: Gene CD163L1: survived — Same-tissue replication: 2/2 concordant. Cross-tissue: 0/0 concordant.
2026-04-29 14:53:49 [INFO] riker.phases.phase5_replication: Gene CLDN16: survived — Same-tissue replication: 2/2 concordant. Cross-tissue: 0/0 concordant.
2026-04-29 14:53:49 [INFO] riker.phases.phase5_replication: Gene DRC7: survived — Same-tissue replication: 2/2 concordant. Cross-tissue: 0/0 concordant.
2026-04-29 14:53:49 [INFO] riker.phases.phase5_replication: Gene DUSP10: survived — Same-tissue replication: 2/2 concordant. Cross-tissue: 0/0 concordant.
2026-04-29 14:53:49 [INFO] riker.phases.phase5_replication: Gene FTO: survived — Same-tissue replication: 2/2 concordant. Cross-tissue: 0/0 concordant.
2026-04-29 14:53:49 [INFO] riker.phases.phase5_replication: Gene MBOAT1: survived — Same-tissue replication: 1/2 concordant. Cross-tissue: 0/0 concordant.
2026-04-29 14:53:49 [INFO] riker.phases.phase5_replication: Gene TTC3: survived — Same-tissue replication: 2/2 concordant. Cross-tissue: 0/0 concordant.
2026-04-29 14:53:49 [INFO] riker.phases.phase5_replication: Gene ADAMTS2: survived — Same-tissue replication: 1/2 concordant. Cross-tissue: 0/0 concordant.
2026-04-29 14:53:49 [INFO] riker.phases.phase5_replication: Gene ALDH1L1: eliminated — Significant opposite direction in same-tissue dataset(s): ['GSE10667']. Discovery direction: down.
2026-04-29 14:53:49 [INFO] riker.phases.phase5_replication: Gene FBLN5: survived — Same-tissue replication: 1/2 concordant. Cross-tissue: 0/0 concordant.
2026-04-29 14:53:49 [INFO] riker.phases.phase5_replication: Gene FLT3: eliminated — Significant opposite direction in same-tissue dataset(s): ['GSE110147', 'GSE10667']. Discovery direction: down.
2026-04-29 14:53:49 [INFO] riker.phases.phase5_replication: Gene FMN1: eliminated — Significant opposite direction in same-tissue dataset(s): ['GSE110147', 'GSE10667']. Discovery direction: down.
2026-04-29 14:53:49 [INFO] riker.phases.phase5_replication: Gene GRB10: survived — Same-tissue replication: 1/2 concordant. Cross-tissue: 0/0 concordant.
2026-04-29 14:53:49 [INFO] riker.phases.phase5_replication: Gene MGST1: eliminated — Significant opposite direction in same-tissue dataset(s): ['GSE10667']. Discovery direction: down.
2026-04-29 14:53:49 [INFO] riker.phases.phase5_replication: Gene NCOA3: eliminated — Significant opposite direction in same-tissue dataset(s): ['GSE110147']. Discovery direction: down.
2026-04-29 14:53:49 [INFO] riker.phases.phase5_replication: Gene PARD6B: survived — Same-tissue replication: 2/2 concordant. Cross-tissue: 0/0 concordant.
2026-04-29 14:53:49 [INFO] riker.phases.phase5_replication: Gene PON2: eliminated — Significant opposite direction in same-tissue dataset(s): ['GSE110147']. Discovery direction: down.
2026-04-29 14:53:49 [INFO] riker.phases.phase5_replication: Gene PRDX6: eliminated — Significant opposite direction in same-tissue dataset(s): ['GSE10667']. Discovery direction: down.
2026-04-29 14:53:49 [INFO] riker.phases.phase5_replication: Gene RYBP: survived — Same-tissue replication: 2/2 concordant. Cross-tissue: 0/0 concordant.
2026-04-29 14:53:49 [INFO] riker.phases.phase5_replication: Gene SYTL4: eliminated — Significant opposite direction in same-tissue dataset(s): ['GSE110147']. Discovery direction: down.
2026-04-29 14:53:49 [INFO] riker.phases.phase5_replication: Gene DOCK9: survived — Same-tissue replication: 1/2 concordant. Cross-tissue: 0/0 concordant.
2026-04-29 14:53:49 [INFO] riker.phases.phase5_replication: Gene HPCAL1: survived — Same-tissue replication: 2/2 concordant. Cross-tissue: 0/0 concordant.
2026-04-29 14:53:49 [INFO] riker.phases.phase5_replication: Gene IFNGR1: eliminated — Significant opposite direction in same-tissue dataset(s): ['GSE110147']. Discovery direction: down.
2026-04-29 14:53:49 [INFO] riker.phases.phase5_replication: Gene MAP2: survived — Same-tissue replication: 2/2 concordant. Cross-tissue: 0/0 concordant.
2026-04-29 14:53:49 [INFO] riker.phases.phase5_replication: Gene MSMO1: survived — Same-tissue replication: 2/2 concordant. Cross-tissue: 0/0 concordant.
2026-04-29 14:53:49 [INFO] riker.phases.phase5_replication: Gene NEBL: survived — Same-tissue replication: 2/2 concordant. Cross-tissue: 0/0 concordant.
2026-04-29 14:53:49 [INFO] riker.phases.phase5_replication: Gene PDZD2: survived — Same-tissue replication: 2/2 concordant. Cross-tissue: 0/0 concordant.
2026-04-29 14:53:49 [INFO] riker.phases.phase5_replication: Gene PFKFB2: survived — Same-tissue replication: 1/2 concordant. Cross-tissue: 0/0 concordant.
2026-04-29 14:53:49 [INFO] riker.phases.phase5_replication: Gene SASH1: survived — Same-tissue replication: 2/2 concordant. Cross-tissue: 0/0 concordant.
2026-04-29 14:53:49 [INFO] riker.phases.phase5_replication: Gene SPRY4: survived — Same-tissue replication: 2/2 concordant. Cross-tissue: 0/0 concordant.
2026-04-29 14:53:49 [INFO] riker.phases.phase5_replication: Gene VGLL3: survived — Same-tissue replication: 2/2 concordant. Cross-tissue: 0/0 concordant.
2026-04-29 14:53:49 [INFO] riker.phases.phase5_replication: Gene VSIG10: survived — Same-tissue replication: 2/2 concordant. Cross-tissue: 0/0 concordant.
2026-04-29 14:53:49 [INFO] riker.phases.phase5_replication: Gene WWC2: survived — Same-tissue replication: 1/2 concordant. Cross-tissue: 0/0 concordant.
2026-04-29 14:53:49 [INFO] riker.phases.phase5_replication: Gene C5orf15: eliminated — Significant opposite direction in same-tissue dataset(s): ['GSE110147']. Discovery direction: up.
2026-04-29 14:53:49 [INFO] riker.phases.phase5_replication: Gene GALNT7: survived — Same-tissue replication: 2/2 concordant. Cross-tissue: 0/0 concordant.
2026-04-29 14:53:49 [INFO] riker.phases.phase5_replication: Gene GAS6: eliminated — Significant opposite direction in same-tissue dataset(s): ['GSE110147']. Discovery direction: up.
2026-04-29 14:53:49 [INFO] riker.phases.phase5_replication: Gene NBPF1: survived — Same-tissue replication: 1/1 concordant. Cross-tissue: 0/0 concordant.
2026-04-29 14:53:49 [INFO] riker.phases.phase5_replication: Gene PIBF1: survived — Same-tissue replication: 2/2 concordant. Cross-tissue: 0/0 concordant.
2026-04-29 14:53:49 [INFO] riker.phases.phase5_replication: Gene SPDEF: survived — Same-tissue replication: 1/2 concordant. Cross-tissue: 0/0 concordant.
2026-04-29 14:53:49 [INFO] riker.phases.phase5_replication: Gene TRADD: survived — Same-tissue replication: 1/2 concordant. Cross-tissue: 0/0 concordant.
2026-04-29 14:53:49 [INFO] riker.phases.phase5_replication: Gene ZNF550: survived — Same-tissue replication: 2/2 concordant. Cross-tissue: 0/0 concordant.
2026-04-29 14:53:49 [INFO] riker.phases.phase5_replication: Gene ZRANB2: survived — Same-tissue replication: 2/2 concordant. Cross-tissue: 0/0 concordant.
2026-04-29 14:53:49 [INFO] riker.phases.phase5_replication: Gene CHRAC1: survived — Same-tissue replication: 2/2 concordant. Cross-tissue: 0/0 concordant.
2026-04-29 14:53:49 [INFO] riker.phases.phase5_replication: Gene FCHSD2: eliminated — Significant opposite direction in same-tissue dataset(s): ['GSE110147']. Discovery direction: down.
2026-04-29 14:53:49 [INFO] riker.phases.phase5_replication: Gene PCYOX1: survived — Same-tissue replication: 2/2 concordant. Cross-tissue: 0/0 concordant.
2026-04-29 14:53:49 [INFO] riker.phases.phase5_replication: Gene RDX: eliminated — Significant opposite direction in same-tissue dataset(s): ['GSE110147']. Discovery direction: down.
2026-04-29 14:53:49 [INFO] riker.phases.phase5_replication: Gene TIPARP: eliminated — Significant opposite direction in same-tissue dataset(s): ['GSE110147']. Discovery direction: down.
2026-04-29 14:53:49 [INFO] riker.phases.phase5_replication: Gene ADAM28: survived — Same-tissue replication: 2/2 concordant. Cross-tissue: 0/0 concordant.
2026-04-29 14:53:49 [INFO] riker.phases.phase5_replication: Gene DLEC1: survived — Same-tissue replication: 2/2 concordant. Cross-tissue: 0/0 concordant.
2026-04-29 14:53:49 [INFO] riker.phases.phase5_replication: Gene GSTA3: survived — Same-tissue replication: 2/2 concordant. Cross-tissue: 0/0 concordant.
2026-04-29 14:53:49 [INFO] riker.phases.phase5_replication: Gene PLCH2: survived — Same-tissue replication: 1/2 concordant. Cross-tissue: 0/0 concordant.
2026-04-29 14:53:49 [INFO] riker.phases.phase5_replication: Gene PNOC: survived — Same-tissue replication: 1/2 concordant. Cross-tissue: 0/0 concordant.
2026-04-29 14:53:49 [INFO] riker.phases.phase5_replication: Gene SMO: eliminated — Significant opposite direction in same-tissue dataset(s): ['GSE110147']. Discovery direction: up.
2026-04-29 14:53:49 [INFO] riker.phases.phase5_replication: Gene TP53INP1: survived — Same-tissue replication: 2/2 concordant. Cross-tissue: 0/0 concordant.
2026-04-29 14:53:49 [INFO] riker.phases.phase5_replication: Gene ADAMTS16: survived — Same-tissue replication: 2/2 concordant. Cross-tissue: 0/0 concordant.
2026-04-29 14:53:49 [INFO] riker.phases.phase5_replication: Gene CSRNP3: survived — Same-tissue replication: 2/2 concordant. Cross-tissue: 0/0 concordant.
2026-04-29 14:53:49 [INFO] riker.phases.phase5_replication: Gene DYNLL1: survived — Same-tissue replication: 1/2 concordant. Cross-tissue: 0/0 concordant.
2026-04-29 14:53:49 [INFO] riker.phases.phase5_replication: Gene FUT8: survived — Same-tissue replication: 1/1 concordant. Cross-tissue: 0/0 concordant.
2026-04-29 14:53:49 [INFO] riker.phases.phase5_replication: Gene LRIG3: survived — Same-tissue replication: 2/2 concordant. Cross-tissue: 0/0 concordant.
2026-04-29 14:53:49 [INFO] riker.phases.phase5_replication: Gene ZDHHC13: survived — Same-tissue replication: 2/2 concordant. Cross-tissue: 0/0 concordant.
2026-04-29 14:53:49 [INFO] riker.phases.phase5_replication: Gene ARMH4: survived — Same-tissue replication: 2/2 concordant. Cross-tissue: 0/0 concordant.
2026-04-29 14:53:49 [INFO] riker.phases.phase5_replication: Gene ATP1B2: eliminated — Significant opposite direction in same-tissue dataset(s): ['GSE110147']. Discovery direction: up.
2026-04-29 14:53:49 [INFO] riker.phases.phase5_replication: Gene CERCAM: eliminated — Significant opposite direction in same-tissue dataset(s): ['GSE110147']. Discovery direction: up.
2026-04-29 14:53:49 [INFO] riker.phases.phase5_replication: Gene IFTAP: survived — Same-tissue replication: 2/2 concordant. Cross-tissue: 0/0 concordant.
2026-04-29 14:53:49 [INFO] riker.phases.phase5_replication: Gene TBC1D32: survived — Same-tissue replication: 2/2 concordant. Cross-tissue: 0/0 concordant.
2026-04-29 14:53:49 [INFO] riker.phases.phase5_replication: Gene CDK14: survived — Same-tissue replication: 2/2 concordant. Cross-tissue: 0/0 concordant.
2026-04-29 14:53:49 [INFO] riker.phases.phase5_replication: Gene ESRRG: survived — Same-tissue replication: 2/2 concordant. Cross-tissue: 0/0 concordant.
2026-04-29 14:53:49 [INFO] riker.phases.phase5_replication: Gene ICA1L: survived — Same-tissue replication: 2/2 concordant. Cross-tissue: 0/0 concordant.
2026-04-29 14:53:49 [INFO] riker.phases.phase5_replication: Gene INPP4B: survived — Same-tissue replication: 2/2 concordant. Cross-tissue: 0/0 concordant.
2026-04-29 14:53:49 [INFO] riker.phases.phase5_replication: Gene RAB9B: survived — Same-tissue replication: 2/2 concordant. Cross-tissue: 0/0 concordant.
2026-04-29 14:53:49 [INFO] riker.phases.phase5_replication: Gene CD4: eliminated — Significant opposite direction in same-tissue dataset(s): ['GSE110147']. Discovery direction: up.
2026-04-29 14:53:49 [INFO] riker.phases.phase5_replication: Gene NDNF: eliminated — Significant opposite direction in same-tissue dataset(s): ['GSE110147']. Discovery direction: up.
2026-04-29 14:53:49 [INFO] riker.phases.phase5_replication: Gene TM7SF3: eliminated — Significant opposite direction in same-tissue dataset(s): ['GSE110147']. Discovery direction: up.
2026-04-29 14:53:49 [INFO] riker.phases.phase5_replication: Gene AASS: eliminated — Significant opposite direction in same-tissue dataset(s): ['GSE110147']. Discovery direction: down.
2026-04-29 14:53:49 [INFO] riker.phases.phase5_replication: Gene CAVIN2: survived — Same-tissue replication: 2/2 concordant. Cross-tissue: 0/0 concordant.
2026-04-29 14:53:49 [INFO] riker.phases.phase5_replication: Gene DAPK2: survived — Same-tissue replication: 2/2 concordant. Cross-tissue: 0/0 concordant.
2026-04-29 14:53:49 [INFO] riker.phases.phase5_replication: Gene DCXR: survived — Same-tissue replication: 1/2 concordant. Cross-tissue: 0/0 concordant.
2026-04-29 14:53:49 [INFO] riker.phases.phase5_replication: Gene FAM167A: survived — Same-tissue replication: 2/2 concordant. Cross-tissue: 0/0 concordant.
2026-04-29 14:53:49 [INFO] riker.phases.phase5_replication: Gene FUT1: survived — Same-tissue replication: 2/2 concordant. Cross-tissue: 0/0 concordant.
2026-04-29 14:53:49 [INFO] riker.phases.phase5_replication: Gene HOPX: survived — Same-tissue replication: 2/2 concordant. Cross-tissue: 0/0 concordant.
2026-04-29 14:53:49 [INFO] riker.phases.phase5_replication: Gene LDLR: survived — Same-tissue replication: 2/2 concordant. Cross-tissue: 0/0 concordant.
2026-04-29 14:53:49 [INFO] riker.phases.phase5_replication: Gene NUDT16: eliminated — Significant opposite direction in same-tissue dataset(s): ['GSE10667']. Discovery direction: down.
2026-04-29 14:53:49 [INFO] riker.phases.phase5_replication: Gene SRPX: eliminated — Significant opposite direction in same-tissue dataset(s): ['GSE10667']. Discovery direction: down.
2026-04-29 14:53:49 [INFO] riker.phases.phase5_replication: Gene TDRD9: eliminated — Significant opposite direction in same-tissue dataset(s): ['GSE110147']. Discovery direction: down.
2026-04-29 14:53:49 [INFO] riker.phases.phase5_replication: Gene TIMP3: survived — Same-tissue replication: 2/2 concordant. Cross-tissue: 0/0 concordant.
2026-04-29 14:53:49 [INFO] riker.phases.phase5_replication: Gene DENND3: survived — Same-tissue replication: 2/2 concordant. Cross-tissue: 0/0 concordant.
2026-04-29 14:53:49 [INFO] riker.phases.phase5_replication: Gene IRAK3: eliminated — Significant opposite direction in same-tissue dataset(s): ['GSE110147']. Discovery direction: down.
2026-04-29 14:53:49 [INFO] riker.phases.phase5_replication: Gene MCCC1: eliminated — Significant opposite direction in same-tissue dataset(s): ['GSE110147']. Discovery direction: down.
2026-04-29 14:53:49 [INFO] riker.phases.phase5_replication: Gene PHACTR3: survived — Same-tissue replication: 1/2 concordant. Cross-tissue: 0/0 concordant.
2026-04-29 14:53:49 [INFO] riker.phases.phase5_replication: Gene TXNRD1: eliminated — Significant opposite direction in same-tissue dataset(s): ['GSE110147']. Discovery direction: down.
2026-04-29 14:53:49 [INFO] riker.phases.phase5_replication: Gene CALM2: survived — Same-tissue replication: 2/2 concordant. Cross-tissue: 0/0 concordant.
2026-04-29 14:53:49 [INFO] riker.phases.phase5_replication: Gene CASP3: survived — Same-tissue replication: 2/2 concordant. Cross-tissue: 0/0 concordant.
2026-04-29 14:53:49 [INFO] riker.phases.phase5_replication: Gene GCNT1: survived — Same-tissue replication: 2/2 concordant. Cross-tissue: 0/0 concordant.
2026-04-29 14:53:49 [INFO] riker.phases.phase5_replication: Gene GFRA3: eliminated — Significant opposite direction in same-tissue dataset(s): ['GSE110147']. Discovery direction: up.
2026-04-29 14:53:49 [INFO] riker.phases.phase5_replication: Gene KSR1: eliminated — Significant opposite direction in same-tissue dataset(s): ['GSE110147']. Discovery direction: up.
2026-04-29 14:53:49 [INFO] riker.phases.phase5_replication: Gene PAQR8: eliminated — Significant opposite direction in same-tissue dataset(s): ['GSE110147']. Discovery direction: up.
2026-04-29 14:53:49 [INFO] riker.phases.phase5_replication: Gene SEPTIN9: eliminated — Significant opposite direction in same-tissue dataset(s): ['GSE110147']. Discovery direction: up.
2026-04-29 14:53:49 [INFO] riker.phases.phase5_replication: Gene SLC38A9: survived — Same-tissue replication: 2/2 concordant. Cross-tissue: 0/0 concordant.
2026-04-29 14:53:49 [INFO] riker.phases.phase5_replication: Gene SPICE1: survived — Same-tissue replication: 2/2 concordant. Cross-tissue: 0/0 concordant.
2026-04-29 14:53:49 [INFO] riker.phases.phase5_replication: Gene SUB1: survived — Same-tissue replication: 2/2 concordant. Cross-tissue: 0/0 concordant.
2026-04-29 14:53:49 [INFO] riker.phases.phase5_replication: Gene ZMIZ2: eliminated — Significant opposite direction in same-tissue dataset(s): ['GSE110147']. Discovery direction: up.
2026-04-29 14:53:49 [INFO] riker.phases.phase5_replication: Gene DCAF7: eliminated — Significant opposite direction in same-tissue dataset(s): ['GSE110147']. Discovery direction: up.
2026-04-29 14:53:49 [INFO] riker.phases.phase5_replication: Gene EIF2D: survived — Same-tissue replication: 1/2 concordant. Cross-tissue: 0/0 concordant.
2026-04-29 14:53:49 [INFO] riker.phases.phase5_replication: Gene FAAH: eliminated — Significant opposite direction in same-tissue dataset(s): ['GSE110147']. Discovery direction: up.
2026-04-29 14:53:49 [INFO] riker.phases.phase5_replication: Gene NDFIP1: survived — Same-tissue replication: 2/2 concordant. Cross-tissue: 0/0 concordant.
2026-04-29 14:53:49 [INFO] riker.phases.phase5_replication: Gene TMBIM6: survived — Same-tissue replication: 1/2 concordant. Cross-tissue: 0/0 concordant.
2026-04-29 14:53:49 [INFO] riker.phases.phase5_replication: Gene ANKRD42: survived — Same-tissue replication: 2/2 concordant. Cross-tissue: 0/0 concordant.
2026-04-29 14:53:49 [INFO] riker.phases.phase5_replication: Gene COG6: survived — Same-tissue replication: 2/2 concordant. Cross-tissue: 0/0 concordant.
2026-04-29 14:53:49 [INFO] riker.phases.phase5_replication: Gene EDA2R: eliminated — Significant opposite direction in same-tissue dataset(s): ['GSE110147']. Discovery direction: up.
2026-04-29 14:53:49 [INFO] riker.phases.phase5_replication: Gene NOVA1: survived — Same-tissue replication: 2/2 concordant. Cross-tissue: 0/0 concordant.
2026-04-29 14:53:49 [INFO] riker.phases.phase5_replication: Gene THSD7B: survived — Same-tissue replication: 1/1 concordant. Cross-tissue: 0/0 concordant.
2026-04-29 14:53:49 [INFO] riker.phases.phase5_replication: Gene C2CD3: survived — Same-tissue replication: 2/2 concordant. Cross-tissue: 0/0 concordant.
2026-04-29 14:53:49 [INFO] riker.phases.phase5_replication: Gene CEP78: survived — Same-tissue replication: 2/2 concordant. Cross-tissue: 0/0 concordant.
2026-04-29 14:53:49 [INFO] riker.phases.phase5_replication: Gene CLSTN3: eliminated — Significant opposite direction in same-tissue dataset(s): ['GSE110147']. Discovery direction: up.
2026-04-29 14:53:49 [INFO] riker.phases.phase5_replication: Gene E2F8: survived — Same-tissue replication: 2/2 concordant. Cross-tissue: 0/0 concordant.
2026-04-29 14:53:49 [INFO] riker.phases.phase5_replication: Gene LRRC18: survived — Same-tissue replication: 0/2 concordant. Cross-tissue: 0/0 concordant.
2026-04-29 14:53:49 [INFO] riker.phases.phase5_replication: Gene NRG4: survived — Same-tissue replication: 2/2 concordant. Cross-tissue: 0/0 concordant.
2026-04-29 14:53:49 [INFO] riker.phases.phase5_replication: Gene TTLL5: survived — Same-tissue replication: 2/2 concordant. Cross-tissue: 0/0 concordant.
2026-04-29 14:53:49 [INFO] riker.phases.phase5_replication: Gene BOC: survived — Same-tissue replication: 2/2 concordant. Cross-tissue: 0/0 concordant.
2026-04-29 14:53:49 [INFO] riker.phases.phase5_replication: Gene KCNMB2: survived — Same-tissue replication: 2/2 concordant. Cross-tissue: 0/0 concordant.
2026-04-29 14:53:49 [INFO] riker.phases.phase5_replication: Gene NEK1: survived — Same-tissue replication: 2/2 concordant. Cross-tissue: 0/0 concordant.
2026-04-29 14:53:49 [INFO] riker.phases.phase5_replication: Gene NUP62CL: survived — Same-tissue replication: 2/2 concordant. Cross-tissue: 0/0 concordant.
2026-04-29 14:53:49 [INFO] riker.phases.phase5_replication: Gene PLEK2: eliminated — Significant opposite direction in same-tissue dataset(s): ['GSE110147']. Discovery direction: up.
2026-04-29 14:53:49 [INFO] riker.phases.phase5_replication: Gene WDR35: survived — Same-tissue replication: 2/2 concordant. Cross-tissue: 0/0 concordant.
2026-04-29 14:53:49 [INFO] riker.phases.phase5_replication: Gene ARAP1: survived — Same-tissue replication: 1/2 concordant. Cross-tissue: 0/0 concordant.
2026-04-29 14:53:49 [INFO] riker.phases.phase5_replication: Gene CHRM1: survived — Same-tissue replication: 1/2 concordant. Cross-tissue: 0/0 concordant.
2026-04-29 14:53:49 [INFO] riker.phases.phase5_replication: Gene H3C8: survived — Same-tissue replication: 2/2 concordant. Cross-tissue: 0/0 concordant.
2026-04-29 14:53:49 [INFO] riker.phases.phase5_replication: Gene METRNL: eliminated — Significant opposite direction in same-tissue dataset(s): ['GSE110147']. Discovery direction: up.
2026-04-29 14:53:49 [INFO] riker.phases.phase5_replication: Gene SEMA6B: survived — Same-tissue replication: 2/2 concordant. Cross-tissue: 0/0 concordant.
2026-04-29 14:53:49 [INFO] riker.phases.phase5_replication: Gene CACNA1H: survived — Same-tissue replication: 1/2 concordant. Cross-tissue: 0/0 concordant.
2026-04-29 14:53:49 [INFO] riker.phases.phase5_replication: Gene EFNA1: survived — Same-tissue replication: 2/2 concordant. Cross-tissue: 0/0 concordant.
2026-04-29 14:53:49 [INFO] riker.phases.phase5_replication: Gene PPP2R5A: survived — Same-tissue replication: 2/2 concordant. Cross-tissue: 0/0 concordant.
2026-04-29 14:53:49 [INFO] riker.phases.phase5_replication: Gene TSPYL2: eliminated — Significant opposite direction in same-tissue dataset(s): ['GSE110147']. Discovery direction: down.
2026-04-29 14:53:49 [INFO] riker.phases.phase5_replication: Gene VAMP5: survived — Same-tissue replication: 2/2 concordant. Cross-tissue: 0/0 concordant.
2026-04-29 14:53:49 [INFO] riker.phases.phase5_replication: Gene HP: survived — Same-tissue replication: 1/2 concordant. Cross-tissue: 0/0 concordant.
2026-04-29 14:53:49 [INFO] riker.phases.phase5_replication: Gene PEPD: eliminated — Significant opposite direction in same-tissue dataset(s): ['GSE10667']. Discovery direction: down.
2026-04-29 14:53:49 [INFO] riker.phases.phase5_replication: Gene POLR1H: eliminated — Significant opposite direction in same-tissue dataset(s): ['GSE110147']. Discovery direction: up.
2026-04-29 14:53:49 [INFO] riker.phases.phase5_replication: Gene SLC12A8: eliminated — Significant opposite direction in same-tissue dataset(s): ['GSE10667']. Discovery direction: down.
2026-04-29 14:53:49 [INFO] riker.phases.phase5_replication: Gene TRAK2: eliminated — Significant opposite direction in same-tissue dataset(s): ['GSE110147']. Discovery direction: down.
2026-04-29 14:53:49 [INFO] riker.phases.phase5_replication: Gene TRMT6: survived — Same-tissue replication: 2/2 concordant. Cross-tissue: 0/0 concordant.
2026-04-29 14:53:49 [INFO] riker.phases.phase5_replication: Gene GRN: eliminated — Significant opposite direction in same-tissue dataset(s): ['GSE110147']. Discovery direction: up.
2026-04-29 14:53:49 [INFO] riker.phases.phase5_replication: Gene MSC: eliminated — Significant opposite direction in same-tissue dataset(s): ['GSE110147']. Discovery direction: up.
2026-04-29 14:53:49 [INFO] riker.phases.phase5_replication: Gene SLC9A1: eliminated — Significant opposite direction in same-tissue dataset(s): ['GSE110147']. Discovery direction: up.
2026-04-29 14:53:49 [INFO] riker.phases.phase5_replication: Gene SPARC: eliminated — Significant opposite direction in same-tissue dataset(s): ['GSE110147']. Discovery direction: up.
2026-04-29 14:53:49 [INFO] riker.phases.phase5_replication: Gene AMPD2: eliminated — Significant opposite direction in same-tissue dataset(s): ['GSE110147']. Discovery direction: up.
2026-04-29 14:53:49 [INFO] riker.phases.phase5_replication: Gene DUOXA2: survived — Same-tissue replication: 1/2 concordant. Cross-tissue: 0/0 concordant.
2026-04-29 14:53:49 [INFO] riker.phases.phase5_replication: Gene SETD4: eliminated — Significant opposite direction in same-tissue dataset(s): ['GSE110147', 'GSE10667']. Discovery direction: down.
2026-04-29 14:53:49 [INFO] riker.phases.phase5_replication: Gene SOAT1: survived — Same-tissue replication: 2/2 concordant. Cross-tissue: 0/0 concordant.
2026-04-29 14:53:49 [INFO] riker.phases.phase5_replication: Gene AATK: survived — Same-tissue replication: 2/2 concordant. Cross-tissue: 0/0 concordant.
2026-04-29 14:53:49 [INFO] riker.phases.phase5_replication: Gene ACSS2: survived — Same-tissue replication: 1/2 concordant. Cross-tissue: 0/0 concordant.
2026-04-29 14:53:49 [INFO] riker.phases.phase5_replication: Gene CASKIN2: survived — Same-tissue replication: 2/2 concordant. Cross-tissue: 0/0 concordant.
2026-04-29 14:53:49 [INFO] riker.phases.phase5_replication: Gene FZD4: survived — Same-tissue replication: 2/2 concordant. Cross-tissue: 0/0 concordant.
2026-04-29 14:53:49 [INFO] riker.phases.phase5_replication: Gene PRKCE: survived — Same-tissue replication: 2/2 concordant. Cross-tissue: 0/0 concordant.
2026-04-29 14:53:50 [INFO] riker.phases.phase5_replication: Gene SERTM1: survived — Same-tissue replication: 2/2 concordant. Cross-tissue: 0/0 concordant.
2026-04-29 14:53:50 [INFO] riker.phases.phase5_replication: Gene TMEM245: survived — Same-tissue replication: 1/2 concordant. Cross-tissue: 0/0 concordant.
2026-04-29 14:53:50 [INFO] riker.phases.phase5_replication: Gene ARHGAP31: survived — Same-tissue replication: 2/2 concordant. Cross-tissue: 0/0 concordant.
2026-04-29 14:53:50 [INFO] riker.phases.phase5_replication: Gene EFNB1: survived — Same-tissue replication: 2/2 concordant. Cross-tissue: 0/0 concordant.
2026-04-29 14:53:50 [INFO] riker.phases.phase5_replication: Gene POLR3H: survived — Same-tissue replication: 2/2 concordant. Cross-tissue: 0/0 concordant.
2026-04-29 14:53:50 [INFO] riker.phases.phase5_replication: Gene SORT1: survived — Same-tissue replication: 1/2 concordant. Cross-tissue: 0/0 concordant.
2026-04-29 14:53:50 [INFO] riker.phases.phase5_replication: Gene SPOCK2: survived — Same-tissue replication: 2/2 concordant. Cross-tissue: 0/0 concordant.
2026-04-29 14:53:50 [INFO] riker.phases.phase5_replication: Gene TMEM106C: eliminated — Significant opposite direction in same-tissue dataset(s): ['GSE10667']. Discovery direction: down.
2026-04-29 14:53:50 [INFO] riker.phases.phase5_replication: Gene DLG5: survived — Same-tissue replication: 2/2 concordant. Cross-tissue: 0/0 concordant.
2026-04-29 14:53:50 [INFO] riker.phases.phase5_replication: Gene KRT6B: survived — Same-tissue replication: 2/2 concordant. Cross-tissue: 0/0 concordant.
2026-04-29 14:53:50 [INFO] riker.phases.phase5_replication: Gene SPEG: survived — Same-tissue replication: 1/2 concordant. Cross-tissue: 0/0 concordant.
2026-04-29 14:53:50 [INFO] riker.phases.phase5_replication: Gene STING1: eliminated — Significant opposite direction in same-tissue dataset(s): ['GSE110147']. Discovery direction: up.
2026-04-29 14:53:50 [INFO] riker.phases.phase5_replication: Gene CIMAP1B: eliminated — Significant opposite direction in same-tissue dataset(s): ['GSE110147']. Discovery direction: up.
2026-04-29 14:53:50 [INFO] riker.phases.phase5_replication: Gene DEPDC7: survived — Same-tissue replication: 1/2 concordant. Cross-tissue: 0/0 concordant.
2026-04-29 14:53:50 [INFO] riker.phases.phase5_replication: Gene EGR2: eliminated — Significant opposite direction in same-tissue dataset(s): ['GSE110147']. Discovery direction: up.
2026-04-29 14:53:50 [INFO] riker.phases.phase5_replication: Gene FMO3: eliminated — Significant opposite direction in same-tissue dataset(s): ['GSE110147']. Discovery direction: up.
2026-04-29 14:53:50 [INFO] riker.phases.phase5_replication: Gene MINK1: eliminated — Significant opposite direction in same-tissue dataset(s): ['GSE110147']. Discovery direction: up.
2026-04-29 14:53:50 [INFO] riker.phases.phase5_replication: Gene NOTCH3: eliminated — Significant opposite direction in same-tissue dataset(s): ['GSE110147']. Discovery direction: up.
2026-04-29 14:53:50 [INFO] riker.phases.phase5_replication: Gene RRM2: eliminated — Significant opposite direction in same-tissue dataset(s): ['GSE110147']. Discovery direction: up.
2026-04-29 14:53:50 [INFO] riker.phases.phase5_replication: Gene CBS: survived — Same-tissue replication: 0/1 concordant. Cross-tissue: 0/0 concordant.
2026-04-29 14:53:50 [INFO] riker.phases.phase5_replication: Gene CD36: survived — Same-tissue replication: 2/2 concordant. Cross-tissue: 0/0 concordant.
2026-04-29 14:53:50 [INFO] riker.phases.phase5_replication: Gene FGL1: survived — Same-tissue replication: 2/2 concordant. Cross-tissue: 0/0 concordant.
2026-04-29 14:53:50 [INFO] riker.phases.phase5_replication: Gene GPER1: survived — Same-tissue replication: 2/2 concordant. Cross-tissue: 0/0 concordant.
2026-04-29 14:53:50 [INFO] riker.phases.phase5_replication: Gene MAFF: survived — Same-tissue replication: 2/2 concordant. Cross-tissue: 0/0 concordant.
2026-04-29 14:53:50 [INFO] riker.phases.phase5_replication: Gene OPHN1: survived — Same-tissue replication: 1/2 concordant. Cross-tissue: 0/0 concordant.
2026-04-29 14:53:50 [INFO] riker.phases.phase5_replication: Gene ORM1: survived — Same-tissue replication: 1/2 concordant. Cross-tissue: 0/0 concordant.
2026-04-29 14:53:50 [INFO] riker.phases.phase5_replication: Gene PCDH12: survived — Same-tissue replication: 2/2 concordant. Cross-tissue: 0/0 concordant.
2026-04-29 14:53:50 [INFO] riker.phases.phase5_replication: Gene PLIN5: survived — Same-tissue replication: 1/1 concordant. Cross-tissue: 0/0 concordant.
2026-04-29 14:53:50 [INFO] riker.phases.phase5_replication: Gene SLC16A12: survived — Same-tissue replication: 2/2 concordant. Cross-tissue: 0/0 concordant.
2026-04-29 14:53:50 [INFO] riker.phases.phase5_replication: Gene SLC7A11: eliminated — Significant opposite direction in same-tissue dataset(s): ['GSE110147']. Discovery direction: down.
2026-04-29 14:53:50 [INFO] riker.phases.phase5_replication: Gene PLEKHM3: survived — Same-tissue replication: 2/2 concordant. Cross-tissue: 0/0 concordant.
2026-04-29 14:53:50 [INFO] riker.phases.phase5_replication: Gene PLXNA2: survived — Same-tissue replication: 1/2 concordant. Cross-tissue: 0/0 concordant.
2026-04-29 14:53:50 [INFO] riker.phases.phase5_replication: Gene SECISBP2L: eliminated — Significant opposite direction in same-tissue dataset(s): ['GSE110147']. Discovery direction: down.
2026-04-29 14:53:50 [INFO] riker.phases.phase5_replication: Gene THSD1: survived — Same-tissue replication: 2/2 concordant. Cross-tissue: 0/0 concordant.
2026-04-29 14:53:50 [INFO] riker.phases.phase5_replication: Gene ARG1: survived — Same-tissue replication: 0/2 concordant. Cross-tissue: 0/0 concordant.
2026-04-29 14:53:50 [INFO] riker.phases.phase5_replication: Gene BTNL9: survived — Same-tissue replication: 2/2 concordant. Cross-tissue: 0/0 concordant.
2026-04-29 14:53:50 [INFO] riker.phases.phase5_replication: Gene CA4: survived — Same-tissue replication: 2/2 concordant. Cross-tissue: 0/0 concordant.
2026-04-29 14:53:50 [INFO] riker.phases.phase5_replication: Gene CLEC4E: eliminated — Significant opposite direction in same-tissue dataset(s): ['GSE110147']. Discovery direction: down.
2026-04-29 14:53:50 [INFO] riker.phases.phase5_replication: Gene FKBP5: eliminated — Significant opposite direction in same-tissue dataset(s): ['GSE110147', 'GSE10667']. Discovery direction: down.
2026-04-29 14:53:50 [INFO] riker.phases.phase5_replication: Gene FMO5: survived — Same-tissue replication: 2/2 concordant. Cross-tissue: 0/0 concordant.
2026-04-29 14:53:50 [INFO] riker.phases.phase5_replication: Gene HIF3A: survived — Same-tissue replication: 2/2 concordant. Cross-tissue: 0/0 concordant.
2026-04-29 14:53:50 [INFO] riker.phases.phase5_replication: Gene IL18RAP: eliminated — Significant opposite direction in same-tissue dataset(s): ['GSE110147']. Discovery direction: down.
2026-04-29 14:53:50 [INFO] riker.phases.phase5_replication: Gene IL1R2: eliminated — Significant opposite direction in same-tissue dataset(s): ['GSE110147']. Discovery direction: down.
2026-04-29 14:53:50 [INFO] riker.phases.phase5_replication: Gene IL1RL1: survived — Same-tissue replication: 1/2 concordant. Cross-tissue: 0/0 concordant.
2026-04-29 14:53:50 [INFO] riker.phases.phase5_replication: Gene MGAM: survived — Same-tissue replication: 1/2 concordant. Cross-tissue: 0/0 concordant.
2026-04-29 14:53:50 [INFO] riker.phases.phase5_replication: Gene MT1M: survived — Same-tissue replication: 2/2 concordant. Cross-tissue: 0/0 concordant.
2026-04-29 14:53:50 [INFO] riker.phases.phase5_replication: Gene PLA2G1B: survived — Same-tissue replication: 2/2 concordant. Cross-tissue: 0/0 concordant.
2026-04-29 14:53:50 [INFO] riker.phases.phase5_replication: Gene S100A12: survived — Same-tissue replication: 1/2 concordant. Cross-tissue: 0/0 concordant.
2026-04-29 14:53:50 [INFO] riker.phases.phase5_replication: Gene SLCO4A1: survived — Same-tissue replication: 1/2 concordant. Cross-tissue: 0/0 concordant.
2026-04-29 14:53:50 [INFO] riker.phases.phase5_replication: Gene ACAN: survived — Same-tissue replication: 2/2 concordant. Cross-tissue: 0/0 concordant.
2026-04-29 14:53:50 [INFO] riker.phases.phase5_replication: Gene ADCYAP1: survived — Same-tissue replication: 2/2 concordant. Cross-tissue: 0/0 concordant.
2026-04-29 14:53:50 [INFO] riker.phases.phase5_replication: Gene CELSR1: eliminated — Significant opposite direction in same-tissue dataset(s): ['GSE110147']. Discovery direction: up.
2026-04-29 14:53:50 [INFO] riker.phases.phase5_replication: Gene DACT1: eliminated — Significant opposite direction in same-tissue dataset(s): ['GSE110147']. Discovery direction: up.
2026-04-29 14:53:50 [INFO] riker.phases.phase5_replication: Gene SCCPDH: survived — Same-tissue replication: 2/2 concordant. Cross-tissue: 0/0 concordant.
2026-04-29 14:53:50 [INFO] riker.phases.phase5_replication: Gene SLX4IP: survived — Same-tissue replication: 2/2 concordant. Cross-tissue: 0/0 concordant.
2026-04-29 14:53:50 [INFO] riker.phases.phase5_replication: Gene TNFSF13B: survived — Same-tissue replication: 2/2 concordant. Cross-tissue: 0/0 concordant.
2026-04-29 14:53:50 [INFO] riker.phases.phase5_replication: Gene ACAT1: eliminated — Significant opposite direction in same-tissue dataset(s): ['GSE110147']. Discovery direction: down.
2026-04-29 14:53:50 [INFO] riker.phases.phase5_replication: Gene DMAC2: survived — Same-tissue replication: 1/2 concordant. Cross-tissue: 0/0 concordant.
2026-04-29 14:53:50 [INFO] riker.phases.phase5_replication: Gene DNM2: survived — Same-tissue replication: 1/2 concordant. Cross-tissue: 0/0 concordant.
2026-04-29 14:53:50 [INFO] riker.phases.phase5_replication: Gene FGD4: eliminated — Significant opposite direction in same-tissue dataset(s): ['GSE110147']. Discovery direction: down.
2026-04-29 14:53:50 [INFO] riker.phases.phase5_replication: Gene FZD8: survived — Same-tissue replication: 2/2 concordant. Cross-tissue: 0/0 concordant.
2026-04-29 14:53:50 [INFO] riker.phases.phase5_replication: Gene HEYL: survived — Same-tissue replication: 2/2 concordant. Cross-tissue: 0/0 concordant.
2026-04-29 14:53:50 [INFO] riker.phases.phase5_replication: Gene PPFIBP1: eliminated — Significant opposite direction in same-tissue dataset(s): ['GSE110147']. Discovery direction: down.
2026-04-29 14:53:50 [INFO] riker.phases.phase5_replication: Gene RIN2: survived — Same-tissue replication: 1/2 concordant. Cross-tissue: 0/0 concordant.
2026-04-29 14:53:50 [INFO] riker.phases.phase5_replication: Gene TPST2: survived — Same-tissue replication: 1/2 concordant. Cross-tissue: 0/0 concordant.
2026-04-29 14:53:50 [INFO] riker.phases.phase5_replication: Gene ADARB1: survived — Same-tissue replication: 1/2 concordant. Cross-tissue: 0/0 concordant.
2026-04-29 14:53:50 [INFO] riker.phases.phase5_replication: Gene CDH5: survived — Same-tissue replication: 2/2 concordant. Cross-tissue: 0/0 concordant.
2026-04-29 14:53:50 [INFO] riker.phases.phase5_replication: Gene ESYT3: survived — Same-tissue replication: 2/2 concordant. Cross-tissue: 0/0 concordant.
2026-04-29 14:53:50 [INFO] riker.phases.phase5_replication: Gene FGR: survived — Same-tissue replication: 1/2 concordant. Cross-tissue: 0/0 concordant.
2026-04-29 14:53:50 [INFO] riker.phases.phase5_replication: Gene INPP5K: survived — Same-tissue replication: 2/2 concordant. Cross-tissue: 0/0 concordant.
2026-04-29 14:53:50 [INFO] riker.phases.phase5_replication: Gene ITPRIP: survived — Same-tissue replication: 2/2 concordant. Cross-tissue: 0/0 concordant.
2026-04-29 14:53:50 [INFO] riker.phases.phase5_replication: Gene KIAA0040: survived — Same-tissue replication: 2/2 concordant. Cross-tissue: 0/0 concordant.
2026-04-29 14:53:50 [INFO] riker.phases.phase5_replication: Gene MLPH: survived — Same-tissue replication: 2/2 concordant. Cross-tissue: 0/0 concordant.
2026-04-29 14:53:50 [INFO] riker.phases.phase5_replication: Gene NIM1K: survived — Same-tissue replication: 2/2 concordant. Cross-tissue: 0/0 concordant.
2026-04-29 14:53:50 [INFO] riker.phases.phase5_replication: Gene PCTP: survived — Same-tissue replication: 1/2 concordant. Cross-tissue: 0/0 concordant.
2026-04-29 14:53:50 [INFO] riker.phases.phase5_replication: Gene PCYT2: survived — Same-tissue replication: 1/2 concordant. Cross-tissue: 0/0 concordant.
2026-04-29 14:53:50 [INFO] riker.phases.phase5_replication: Gene PKDCC: survived — Same-tissue replication: 1/2 concordant. Cross-tissue: 0/0 concordant.
2026-04-29 14:53:50 [INFO] riker.phases.phase5_replication: Gene PPP1R14A: survived — Same-tissue replication: 1/2 concordant. Cross-tissue: 0/0 concordant.
2026-04-29 14:53:50 [INFO] riker.phases.phase5_replication: Gene RNF144B: survived — Same-tissue replication: 2/2 concordant. Cross-tissue: 0/0 concordant.
2026-04-29 14:53:50 [INFO] riker.phases.phase5_replication: Gene ROBO4: survived — Same-tissue replication: 2/2 concordant. Cross-tissue: 0/0 concordant.
2026-04-29 14:53:50 [INFO] riker.phases.phase5_replication: Gene SLC46A2: survived — Same-tissue replication: 2/2 concordant. Cross-tissue: 0/0 concordant.
2026-04-29 14:53:50 [INFO] riker.phases.phase5_replication: Gene STARD4: eliminated — Significant opposite direction in same-tissue dataset(s): ['GSE110147']. Discovery direction: down.
2026-04-29 14:53:50 [INFO] riker.phases.phase5_replication: Gene SUN2: survived — Same-tissue replication: 1/2 concordant. Cross-tissue: 0/0 concordant.
2026-04-29 14:53:50 [INFO] riker.phases.phase5_replication: Gene ARHGAP45: survived — Same-tissue replication: 1/1 concordant. Cross-tissue: 0/0 concordant.
2026-04-29 14:53:50 [INFO] riker.phases.phase5_replication: Gene BFAR: survived — Same-tissue replication: 1/2 concordant. Cross-tissue: 0/0 concordant.
2026-04-29 14:53:50 [INFO] riker.phases.phase5_replication: Gene C1orf162: survived — Same-tissue replication: 1/2 concordant. Cross-tissue: 0/0 concordant.
2026-04-29 14:53:50 [INFO] riker.phases.phase5_replication: Gene ITGA2B: survived — Same-tissue replication: 2/2 concordant. Cross-tissue: 0/0 concordant.
2026-04-29 14:53:50 [INFO] riker.phases.phase5_replication: Gene PIEZO1: survived — Same-tissue replication: 2/2 concordant. Cross-tissue: 0/0 concordant.
2026-04-29 14:53:50 [INFO] riker.phases.phase5_replication: Gene RAPGEF4: survived — Same-tissue replication: 1/2 concordant. Cross-tissue: 0/0 concordant.
2026-04-29 14:53:50 [INFO] riker.phases.phase5_replication: Gene RASGRP2: survived — Same-tissue replication: 1/2 concordant. Cross-tissue: 0/0 concordant.
2026-04-29 14:53:50 [INFO] riker.phases.phase5_replication: Gene RASIP1: survived — Same-tissue replication: 2/2 concordant. Cross-tissue: 0/0 concordant.
2026-04-29 14:53:50 [INFO] riker.phases.phase5_replication: Gene WFDC12: survived — Same-tissue replication: 2/2 concordant. Cross-tissue: 0/0 concordant.
2026-04-29 14:53:50 [INFO] riker.phases.phase5_replication: Gene CXCL13: survived — Same-tissue replication: 2/2 concordant. Cross-tissue: 0/0 concordant.
2026-04-29 14:53:50 [INFO] riker.phases.phase5_replication: Gene FAP: survived — Same-tissue replication: 2/2 concordant. Cross-tissue: 0/0 concordant.
2026-04-29 14:53:50 [INFO] riker.phases.phase5_replication: Gene GEM: survived — Same-tissue replication: 2/2 concordant. Cross-tissue: 0/0 concordant.
2026-04-29 14:53:50 [INFO] riker.phases.phase5_replication: Gene HS6ST2: survived — Same-tissue replication: 2/2 concordant. Cross-tissue: 0/0 concordant.
2026-04-29 14:53:50 [INFO] riker.phases.phase5_replication: Gene PIP: survived — Same-tissue replication: 2/2 concordant. Cross-tissue: 0/0 concordant.
2026-04-29 14:53:50 [INFO] riker.phases.phase5_replication: Gene POSTN: survived — Same-tissue replication: 2/2 concordant. Cross-tissue: 0/0 concordant.
2026-04-29 14:53:50 [INFO] riker.phases.phase5_replication: Gene SERPINB5: survived — Same-tissue replication: 2/2 concordant. Cross-tissue: 0/0 concordant.
2026-04-29 14:53:50 [INFO] riker.phases.phase5_replication: Gene TSPAN1: survived — Same-tissue replication: 2/2 concordant. Cross-tissue: 0/0 concordant.
2026-04-29 14:53:50 [INFO] riker.phases.phase5_replication: Gene CP: survived — Same-tissue replication: 2/2 concordant. Cross-tissue: 0/0 concordant.
2026-04-29 14:53:50 [INFO] riker.phases.phase5_replication: Gene HDC: survived — Same-tissue replication: 1/2 concordant. Cross-tissue: 0/0 concordant.
2026-04-29 14:53:50 [INFO] riker.phases.phase5_replication: Gene JCHAIN: survived — Same-tissue replication: 2/2 concordant. Cross-tissue: 0/0 concordant.
2026-04-29 14:53:50 [INFO] riker.phases.phase5_replication: Gene POU2AF1: survived — Same-tissue replication: 2/2 concordant. Cross-tissue: 0/0 concordant.
2026-04-29 14:53:50 [INFO] riker.phases.phase5_replication: Gene PROM1: survived — Same-tissue replication: 2/2 concordant. Cross-tissue: 0/0 concordant.
2026-04-29 14:53:50 [INFO] riker.phases.phase5_replication: Gene SERPINB3: survived — Same-tissue replication: 2/2 concordant. Cross-tissue: 0/0 concordant.
2026-04-29 14:53:50 [INFO] riker.phases.phase5_replication: Gene SPP1: survived — Same-tissue replication: 2/2 concordant. Cross-tissue: 0/0 concordant.
2026-04-29 14:53:50 [INFO] riker.phases.phase5_replication: Gene TDO2: survived — Same-tissue replication: 2/2 concordant. Cross-tissue: 0/0 concordant.
2026-04-29 14:53:50 [INFO] riker.phases.phase5_replication: Gene CXorf65: eliminated — Significant opposite direction in same-tissue dataset(s): ['GSE110147']. Discovery direction: up.
2026-04-29 14:53:50 [INFO] riker.phases.phase5_replication: Gene IER3: survived — Same-tissue replication: 2/2 concordant. Cross-tissue: 0/0 concordant.
2026-04-29 14:53:50 [INFO] riker.phases.phase5_replication: Gene TNFRSF11B: survived — Same-tissue replication: 2/2 concordant. Cross-tissue: 0/0 concordant.
2026-04-29 14:53:50 [INFO] riker.phases.phase5_replication: Gene ARRB1: survived — Same-tissue replication: 2/2 concordant. Cross-tissue: 0/0 concordant.
2026-04-29 14:53:50 [INFO] riker.phases.phase5_replication: Gene ARRDC2: survived — Same-tissue replication: 2/2 concordant. Cross-tissue: 0/0 concordant.
2026-04-29 14:53:50 [INFO] riker.phases.phase5_replication: Gene CECR2: survived — Same-tissue replication: 1/2 concordant. Cross-tissue: 0/0 concordant.
2026-04-29 14:53:50 [INFO] riker.phases.phase5_replication: Gene CLDN5: survived — Same-tissue replication: 2/2 concordant. Cross-tissue: 0/0 concordant.
2026-04-29 14:53:50 [INFO] riker.phases.phase5_replication: Gene CNR1: eliminated — Significant opposite direction in same-tissue dataset(s): ['GSE110147', 'GSE10667']. Discovery direction: down.
2026-04-29 14:53:50 [INFO] riker.phases.phase5_replication: Gene GIMAP8: eliminated — Significant opposite direction in same-tissue dataset(s): ['GSE110147']. Discovery direction: down.
2026-04-29 14:53:50 [INFO] riker.phases.phase5_replication: Gene MAP3K6: survived — Same-tissue replication: 2/2 concordant. Cross-tissue: 0/0 concordant.
2026-04-29 14:53:50 [INFO] riker.phases.phase5_replication: Gene MAP3K8: survived — Same-tissue replication: 2/2 concordant. Cross-tissue: 0/0 concordant.
2026-04-29 14:53:50 [INFO] riker.phases.phase5_replication: Gene SLIT2: survived — Same-tissue replication: 2/2 concordant. Cross-tissue: 0/0 concordant.
2026-04-29 14:53:50 [INFO] riker.phases.phase5_replication: Gene TNS2: survived — Same-tissue replication: 1/2 concordant. Cross-tissue: 0/0 concordant.
2026-04-29 14:53:50 [INFO] riker.phases.phase5_replication: Gene UNC13B: survived — Same-tissue replication: 2/2 concordant. Cross-tissue: 0/0 concordant.
2026-04-29 14:53:50 [INFO] riker.phases.phase5_replication: Gene EPB41L5: survived — Same-tissue replication: 2/2 concordant. Cross-tissue: 0/0 concordant.
2026-04-29 14:53:50 [INFO] riker.phases.phase5_replication: Gene FOXF1: survived — Same-tissue replication: 2/2 concordant. Cross-tissue: 0/0 concordant.
2026-04-29 14:53:50 [INFO] riker.phases.phase5_replication: Gene GATA2: survived — Same-tissue replication: 2/2 concordant. Cross-tissue: 0/0 concordant.
2026-04-29 14:53:50 [INFO] riker.phases.phase5_replication: Gene GGTLC1: survived — Same-tissue replication: 2/2 concordant. Cross-tissue: 0/0 concordant.
2026-04-29 14:53:50 [INFO] riker.phases.phase5_replication: Gene HEY1: survived — Same-tissue replication: 2/2 concordant. Cross-tissue: 0/0 concordant.
2026-04-29 14:53:50 [INFO] riker.phases.phase5_replication: Gene LPL: eliminated — Significant opposite direction in same-tissue dataset(s): ['GSE110147']. Discovery direction: down.
2026-04-29 14:53:50 [INFO] riker.phases.phase5_replication: Gene MUCL3: survived — Same-tissue replication: 2/2 concordant. Cross-tissue: 0/0 concordant.
2026-04-29 14:53:50 [INFO] riker.phases.phase5_replication: Gene PER1: survived — Same-tissue replication: 2/2 concordant. Cross-tissue: 0/0 concordant.
2026-04-29 14:53:50 [INFO] riker.phases.phase5_replication: Gene PREX1: survived — Same-tissue replication: 1/2 concordant. Cross-tissue: 0/0 concordant.
2026-04-29 14:53:50 [INFO] riker.phases.phase5_replication: Gene RHOBTB2: survived — Same-tissue replication: 2/2 concordant. Cross-tissue: 0/0 concordant.
2026-04-29 14:53:50 [INFO] riker.phases.phase5_replication: Gene SH2D3C: survived — Same-tissue replication: 2/2 concordant. Cross-tissue: 0/0 concordant.
2026-04-29 14:53:50 [INFO] riker.phases.phase5_replication: Gene SLC27A3: survived — Same-tissue replication: 2/2 concordant. Cross-tissue: 0/0 concordant.
2026-04-29 14:53:50 [INFO] riker.phases.phase5_replication: Gene STARD8: survived — Same-tissue replication: 2/2 concordant. Cross-tissue: 0/0 concordant.
2026-04-29 14:53:50 [INFO] riker.phases.phase5_replication: Gene SYT15: survived — Same-tissue replication: 2/2 concordant. Cross-tissue: 0/0 concordant.
2026-04-29 14:53:50 [INFO] riker.phases.phase5_replication: Gene PTH1R: eliminated — Significant opposite direction in same-tissue dataset(s): ['GSE10667']. Discovery direction: down.
2026-04-29 14:53:50 [INFO] riker.phases.phase5_replication: Gene RGCC: survived — Same-tissue replication: 2/2 concordant. Cross-tissue: 0/0 concordant.
2026-04-29 14:53:50 [INFO] riker.phases.phase5_replication: Gene SCNN1A: survived — Same-tissue replication: 1/2 concordant. Cross-tissue: 0/0 concordant.
2026-04-29 14:53:50 [INFO] riker.phases.phase5_replication: Gene ZNF331: eliminated — Significant opposite direction in same-tissue dataset(s): ['GSE110147']. Discovery direction: down.
2026-04-29 14:53:50 [INFO] riker.phases.phase5_replication: Gene ARHGEF10: survived — Same-tissue replication: 1/2 concordant. Cross-tissue: 0/0 concordant.
2026-04-29 14:53:50 [INFO] riker.phases.phase5_replication: Gene B3GALNT1: survived — Same-tissue replication: 2/2 concordant. Cross-tissue: 0/0 concordant.
2026-04-29 14:53:50 [INFO] riker.phases.phase5_replication: Gene CTNNBIP1: survived — Same-tissue replication: 2/2 concordant. Cross-tissue: 0/0 concordant.
2026-04-29 14:53:50 [INFO] riker.phases.phase5_replication: Gene FADS1: survived — Same-tissue replication: 1/2 concordant. Cross-tissue: 0/0 concordant.
2026-04-29 14:53:50 [INFO] riker.phases.phase5_replication: Gene SCN1A: survived — Same-tissue replication: 1/2 concordant. Cross-tissue: 0/0 concordant.
2026-04-29 14:53:50 [INFO] riker.phases.phase5_replication: Gene HECTD3: eliminated — Significant opposite direction in same-tissue dataset(s): ['GSE110147']. Discovery direction: up.
2026-04-29 14:53:50 [INFO] riker.phases.phase5_replication: Gene PTPMT1: eliminated — Significant opposite direction in same-tissue dataset(s): ['GSE110147']. Discovery direction: up.
2026-04-29 14:53:50 [INFO] riker.phases.phase5_replication: Gene UBA1: eliminated — Significant opposite direction in same-tissue dataset(s): ['GSE110147']. Discovery direction: up.
2026-04-29 14:53:50 [INFO] riker.phases.phase5_replication: Gene ADAM23: survived — Same-tissue replication: 2/2 concordant. Cross-tissue: 0/0 concordant.
2026-04-29 14:53:50 [INFO] riker.phases.phase5_replication: Gene BLNK: survived — Same-tissue replication: 2/2 concordant. Cross-tissue: 0/0 concordant.
2026-04-29 14:53:50 [INFO] riker.phases.phase5_replication: Gene CPNE4: survived — Same-tissue replication: 2/2 concordant. Cross-tissue: 0/0 concordant.
2026-04-29 14:53:50 [INFO] riker.phases.phase5_replication: Gene ELK3: survived — Same-tissue replication: 2/2 concordant. Cross-tissue: 0/0 concordant.
2026-04-29 14:53:50 [INFO] riker.phases.phase5_replication: Gene KIF2A: survived — Same-tissue replication: 2/2 concordant. Cross-tissue: 0/0 concordant.
2026-04-29 14:53:50 [INFO] riker.phases.phase5_replication: Gene KNTC1: survived — Same-tissue replication: 2/2 concordant. Cross-tissue: 0/0 concordant.
2026-04-29 14:53:50 [INFO] riker.phases.phase5_replication: Gene RBKS: survived — Same-tissue replication: 2/2 concordant. Cross-tissue: 0/0 concordant.
2026-04-29 14:53:50 [INFO] riker.phases.phase5_replication: Gene TMEM156: survived — Same-tissue replication: 2/2 concordant. Cross-tissue: 0/0 concordant.
2026-04-29 14:53:50 [INFO] riker.phases.phase5_replication: Gene UGT2B17: survived — Same-tissue replication: 2/2 concordant. Cross-tissue: 0/0 concordant.
2026-04-29 14:53:50 [INFO] riker.phases.phase5_replication: Gene LUZP2: survived — Same-tissue replication: 1/2 concordant. Cross-tissue: 0/0 concordant.
2026-04-29 14:53:50 [INFO] riker.phases.phase5_replication: Gene PTHLH: survived — Same-tissue replication: 1/2 concordant. Cross-tissue: 0/0 concordant.
2026-04-29 14:53:50 [INFO] riker.phases.phase5_replication: Gene SNAP25: survived — Same-tissue replication: 2/2 concordant. Cross-tissue: 0/0 concordant.
2026-04-29 14:53:50 [INFO] riker.phases.phase5_replication: Gene CAPN6: survived — Same-tissue replication: 1/2 concordant. Cross-tissue: 0/0 concordant.
2026-04-29 14:53:50 [INFO] riker.phases.phase5_replication: Gene FN1: survived — Same-tissue replication: 2/2 concordant. Cross-tissue: 0/0 concordant.
2026-04-29 14:53:50 [INFO] riker.phases.phase5_replication: Gene PAX9: survived — Same-tissue replication: 2/2 concordant. Cross-tissue: 0/0 concordant.
2026-04-29 14:53:50 [INFO] riker.phases.phase5_replication: Gene PHTF2: survived — Same-tissue replication: 2/2 concordant. Cross-tissue: 0/0 concordant.
2026-04-29 14:53:50 [INFO] riker.phases.phase5_replication: Gene TESPA1: survived — Same-tissue replication: 2/2 concordant. Cross-tissue: 0/0 concordant.
2026-04-29 14:53:50 [INFO] riker.phases.phase5_replication: Gene TMEM117: survived — Same-tissue replication: 2/2 concordant. Cross-tissue: 0/0 concordant.
2026-04-29 14:53:50 [INFO] riker.phases.phase5_replication: Gene ZFP82: survived — Same-tissue replication: 2/2 concordant. Cross-tissue: 0/0 concordant.
2026-04-29 14:53:50 [INFO] riker.phases.phase5_replication: Gene CD27: eliminated — Significant opposite direction in same-tissue dataset(s): ['GSE110147']. Discovery direction: up.
2026-04-29 14:53:50 [INFO] riker.phases.phase5_replication: Gene CYP2F1: survived — Same-tissue replication: 1/2 concordant. Cross-tissue: 0/0 concordant.
2026-04-29 14:53:50 [INFO] riker.phases.phase5_replication: Gene DTHD1: survived — Same-tissue replication: 2/2 concordant. Cross-tissue: 0/0 concordant.
2026-04-29 14:53:50 [INFO] riker.phases.phase5_replication: Gene NREP: eliminated — Significant opposite direction in same-tissue dataset(s): ['GSE110147']. Discovery direction: up.
2026-04-29 14:53:50 [INFO] riker.phases.phase5_replication: Gene P4HA3: survived — Same-tissue replication: 2/2 concordant. Cross-tissue: 0/0 concordant.
2026-04-29 14:53:50 [INFO] riker.phases.phase5_replication: Gene RASGRP1: survived — Same-tissue replication: 1/2 concordant. Cross-tissue: 0/0 concordant.
2026-04-29 14:53:50 [INFO] riker.phases.phase5_replication: Gene COL8A2: survived — Same-tissue replication: 1/2 concordant. Cross-tissue: 0/0 concordant.
2026-04-29 14:53:50 [INFO] riker.phases.phase5_replication: Gene CPA3: survived — Same-tissue replication: 2/2 concordant. Cross-tissue: 0/0 concordant.
2026-04-29 14:53:50 [INFO] riker.phases.phase5_replication: Gene FAM13C: survived — Same-tissue replication: 2/2 concordant. Cross-tissue: 0/0 concordant.
2026-04-29 14:53:50 [INFO] riker.phases.phase5_replication: Gene MMP12: survived — Same-tissue replication: 2/2 concordant. Cross-tissue: 0/0 concordant.
2026-04-29 14:53:50 [INFO] riker.phases.phase5_replication: Gene ATF7: survived — Same-tissue replication: 2/2 concordant. Cross-tissue: 0/0 concordant.
2026-04-29 14:53:50 [INFO] riker.phases.phase5_replication: Gene KATNAL1: eliminated — Significant opposite direction in same-tissue dataset(s): ['GSE110147', 'GSE10667']. Discovery direction: down.
2026-04-29 14:53:50 [INFO] riker.phases.phase5_replication: Gene PHACTR4: survived — Same-tissue replication: 1/2 concordant. Cross-tissue: 0/0 concordant.
2026-04-29 14:53:50 [INFO] riker.phases.phase5_replication: Gene ACKR5: survived — Same-tissue replication: 1/2 concordant. Cross-tissue: 0/0 concordant.
2026-04-29 14:53:50 [INFO] riker.phases.phase5_replication: Gene HPS5: eliminated — Significant opposite direction in same-tissue dataset(s): ['GSE110147']. Discovery direction: down.
2026-04-29 14:53:50 [INFO] riker.phases.phase5_replication: Gene MCUR1: survived — Same-tissue replication: 1/2 concordant. Cross-tissue: 0/0 concordant.
2026-04-29 14:53:50 [INFO] riker.phases.phase5_replication: Gene SACK1H: survived — Same-tissue replication: 1/2 concordant. Cross-tissue: 0/0 concordant.
2026-04-29 14:53:50 [INFO] riker.phases.phase5_replication: Gene ABHD6: survived — Same-tissue replication: 1/2 concordant. Cross-tissue: 0/0 concordant.
2026-04-29 14:53:50 [INFO] riker.phases.phase5_replication: Gene CD5L: survived — Same-tissue replication: 2/2 concordant. Cross-tissue: 0/0 concordant.
2026-04-29 14:53:50 [INFO] riker.phases.phase5_replication: Gene CHKA: survived — Same-tissue replication: 1/2 concordant. Cross-tissue: 0/0 concordant.
2026-04-29 14:53:50 [INFO] riker.phases.phase5_replication: Gene CXCL8: survived — Same-tissue replication: 2/2 concordant. Cross-tissue: 0/0 concordant.
2026-04-29 14:53:50 [INFO] riker.phases.phase5_replication: Gene PRPSAP1: survived — Same-tissue replication: 2/2 concordant. Cross-tissue: 0/0 concordant.
2026-04-29 14:53:50 [INFO] riker.phases.phase5_replication: Gene ARID5A: survived — Same-tissue replication: 2/2 concordant. Cross-tissue: 0/0 concordant.
2026-04-29 14:53:50 [INFO] riker.phases.phase5_replication: Gene MYO15B: eliminated — Significant opposite direction in same-tissue dataset(s): ['GSE110147']. Discovery direction: up.
2026-04-29 14:53:50 [INFO] riker.phases.phase5_replication: Gene MYO9B: eliminated — Significant opposite direction in same-tissue dataset(s): ['GSE110147']. Discovery direction: up.
2026-04-29 14:53:50 [INFO] riker.phases.phase5_replication: Gene PTGS2: survived — Same-tissue replication: 0/2 concordant. Cross-tissue: 0/0 concordant.
2026-04-29 14:53:50 [INFO] riker.phases.phase5_replication: Gene VAT1: eliminated — Significant opposite direction in same-tissue dataset(s): ['GSE110147']. Discovery direction: up.
2026-04-29 14:53:50 [INFO] riker.phases.phase5_replication: Gene ZNF717: eliminated — Significant opposite direction in same-tissue dataset(s): ['GSE110147']. Discovery direction: up.
2026-04-29 14:53:50 [INFO] riker.phases.phase5_replication: Gene ADAMTSL4: eliminated — Significant opposite direction in same-tissue dataset(s): ['GSE110147']. Discovery direction: up.
2026-04-29 14:53:50 [INFO] riker.phases.phase5_replication: Gene ERN1: survived — Same-tissue replication: 2/2 concordant. Cross-tissue: 0/0 concordant.
2026-04-29 14:53:50 [INFO] riker.phases.phase5_replication: Gene MYC: survived — Same-tissue replication: 1/2 concordant. Cross-tissue: 0/0 concordant.
2026-04-29 14:53:50 [INFO] riker.phases.phase5_replication: Gene PNPLA6: eliminated — Significant opposite direction in same-tissue dataset(s): ['GSE110147']. Discovery direction: up.
2026-04-29 14:53:50 [INFO] riker.phases.phase5_replication: Gene POLK: survived — Same-tissue replication: 2/2 concordant. Cross-tissue: 0/0 concordant.
2026-04-29 14:53:50 [INFO] riker.phases.phase5_replication: Gene CCDC191: survived — Same-tissue replication: 2/2 concordant. Cross-tissue: 0/0 concordant.
2026-04-29 14:53:50 [INFO] riker.phases.phase5_replication: Gene CFI: survived — Same-tissue replication: 2/2 concordant. Cross-tissue: 0/0 concordant.
2026-04-29 14:53:50 [INFO] riker.phases.phase5_replication: Gene PTGDS: eliminated — Significant opposite direction in same-tissue dataset(s): ['GSE110147']. Discovery direction: up.
2026-04-29 14:53:50 [INFO] riker.phases.phase5_replication: Gene SORD: survived — Same-tissue replication: 2/2 concordant. Cross-tissue: 0/0 concordant.
2026-04-29 14:53:50 [INFO] riker.phases.phase5_replication: Gene SULF2: survived — Same-tissue replication: 2/2 concordant. Cross-tissue: 0/0 concordant.
2026-04-29 14:53:50 [INFO] riker.phases.phase5_replication: Gene TSGA10: survived — Same-tissue replication: 2/2 concordant. Cross-tissue: 0/0 concordant.
2026-04-29 14:53:50 [INFO] riker.phases.phase5_replication: Gene GBE1: eliminated — Significant opposite direction in same-tissue dataset(s): ['GSE110147']. Discovery direction: down.
2026-04-29 14:53:50 [INFO] riker.phases.phase5_replication: Gene HIRIP3: survived — Same-tissue replication: 0/2 concordant. Cross-tissue: 0/0 concordant.
2026-04-29 14:53:50 [INFO] riker.phases.phase5_replication: Gene NEDD4: eliminated — Significant opposite direction in same-tissue dataset(s): ['GSE110147']. Discovery direction: down.
2026-04-29 14:53:50 [INFO] riker.phases.phase5_replication: Gene ESRP2: survived — Same-tissue replication: 2/2 concordant. Cross-tissue: 0/0 concordant.
2026-04-29 14:53:50 [INFO] riker.phases.phase5_replication: Gene GCNT2: eliminated — Significant opposite direction in same-tissue dataset(s): ['GSE110147']. Discovery direction: down.
2026-04-29 14:53:50 [INFO] riker.phases.phase5_replication: Gene SEPTIN10: survived — Same-tissue replication: 2/2 concordant. Cross-tissue: 0/0 concordant.
2026-04-29 14:53:50 [INFO] riker.phases.phase5_replication: Gene C1orf21: survived — Same-tissue replication: 1/2 concordant. Cross-tissue: 0/0 concordant.
2026-04-29 14:53:50 [INFO] riker.phases.phase5_replication: Gene CGNL1: eliminated — Significant opposite direction in same-tissue dataset(s): ['GSE110147']. Discovery direction: down.
2026-04-29 14:53:50 [INFO] riker.phases.phase5_replication: Gene PIK3R1: eliminated — Significant opposite direction in same-tissue dataset(s): ['GSE110147']. Discovery direction: down.
2026-04-29 14:53:50 [INFO] riker.phases.phase5_replication: Gene TM7SF2: survived — Same-tissue replication: 1/2 concordant. Cross-tissue: 0/0 concordant.
2026-04-29 14:53:50 [INFO] riker.phases.phase5_replication: Gene ACADL: survived — Same-tissue replication: 2/2 concordant. Cross-tissue: 0/0 concordant.
2026-04-29 14:53:50 [INFO] riker.phases.phase5_replication: Gene CCDC85A: survived — Same-tissue replication: 2/2 concordant. Cross-tissue: 0/0 concordant.
2026-04-29 14:53:50 [INFO] riker.phases.phase5_replication: Gene CRTAC1: survived — Same-tissue replication: 2/2 concordant. Cross-tissue: 0/0 concordant.
2026-04-29 14:53:50 [INFO] riker.phases.phase5_replication: Gene CTH: survived — Same-tissue replication: 0/2 concordant. Cross-tissue: 0/0 concordant.
2026-04-29 14:53:50 [INFO] riker.phases.phase5_replication: Gene EDNRB: survived — Same-tissue replication: 2/2 concordant. Cross-tissue: 0/0 concordant.
2026-04-29 14:53:50 [INFO] riker.phases.phase5_replication: Gene GPIHBP1: survived — Same-tissue replication: 2/2 concordant. Cross-tissue: 0/0 concordant.
2026-04-29 14:53:50 [INFO] riker.phases.phase5_replication: Gene HSD17B6: survived — Same-tissue replication: 2/2 concordant. Cross-tissue: 0/0 concordant.
2026-04-29 14:53:50 [INFO] riker.phases.phase5_replication: Gene PRX: survived — Same-tissue replication: 2/2 concordant. Cross-tissue: 0/0 concordant.
2026-04-29 14:53:50 [INFO] riker.phases.phase5_replication: Gene PTPRB: survived — Same-tissue replication: 2/2 concordant. Cross-tissue: 0/0 concordant.
2026-04-29 14:53:50 [INFO] riker.phases.phase5_replication: Gene SLC39A8: survived — Same-tissue replication: 2/2 concordant. Cross-tissue: 0/0 concordant.
2026-04-29 14:53:50 [INFO] riker.phases.phase5_replication: Gene ST6GALNAC3: survived — Same-tissue replication: 2/2 concordant. Cross-tissue: 0/0 concordant.
2026-04-29 14:53:50 [INFO] riker.phases.phase5_replication: Gene CHI3L2: survived — Same-tissue replication: 2/2 concordant. Cross-tissue: 0/0 concordant.
2026-04-29 14:53:50 [INFO] riker.phases.phase5_replication: Gene FPR1: survived — Same-tissue replication: 0/2 concordant. Cross-tissue: 0/0 concordant.
2026-04-29 14:53:50 [INFO] riker.phases.phase5_replication: Gene FPR2: survived — Same-tissue replication: 0/2 concordant. Cross-tissue: 0/0 concordant.
2026-04-29 14:53:50 [INFO] riker.phases.phase5_replication: Gene SLCO4C1: survived — Same-tissue replication: 2/2 concordant. Cross-tissue: 0/0 concordant.
2026-04-29 14:53:50 [INFO] riker.phases.phase5_replication: Gene TACC2: survived — Same-tissue replication: 2/2 concordant. Cross-tissue: 0/0 concordant.
2026-04-29 14:53:50 [INFO] riker.phases.phase5_replication: Gene AFF3: survived — Same-tissue replication: 2/2 concordant. Cross-tissue: 0/0 concordant.
2026-04-29 14:53:50 [INFO] riker.phases.phase5_replication: Gene GPX3: survived — Same-tissue replication: 1/2 concordant. Cross-tissue: 0/0 concordant.
2026-04-29 14:53:50 [INFO] riker.phases.phase5_replication: Gene HHIP: survived — Same-tissue replication: 2/2 concordant. Cross-tissue: 0/0 concordant.
2026-04-29 14:53:50 [INFO] riker.phases.phase5_replication: Gene PEBP4: survived — Same-tissue replication: 2/2 concordant. Cross-tissue: 0/0 concordant.
2026-04-29 14:53:50 [INFO] riker.phases.phase5_replication: Gene RNASE2: survived — Same-tissue replication: 1/2 concordant. Cross-tissue: 0/0 concordant.
2026-04-29 14:53:50 [INFO] riker.phases.phase5_replication: Gene S100A8: survived — Same-tissue replication: 1/2 concordant. Cross-tissue: 0/0 concordant.
2026-04-29 14:53:50 [INFO] riker.phases.phase5_replication: Gene SERPINA3: eliminated — Significant opposite direction in same-tissue dataset(s): ['GSE10667']. Discovery direction: down.
2026-04-29 14:53:50 [INFO] riker.phases.phase5_replication: Gene ZNF385B: survived — Same-tissue replication: 2/2 concordant. Cross-tissue: 0/0 concordant.
2026-04-29 14:53:50 [INFO] riker.phases.phase5_replication: Gene CPB2: survived — Same-tissue replication: 2/2 concordant. Cross-tissue: 0/0 concordant.
2026-04-29 14:53:50 [INFO] riker.phases.phase5_replication: Gene FAM107A: survived — Same-tissue replication: 2/2 concordant. Cross-tissue: 0/0 concordant.
2026-04-29 14:53:50 [INFO] riker.phases.phase5_replication: Gene IL18R1: eliminated — Significant opposite direction in same-tissue dataset(s): ['GSE110147']. Discovery direction: down.
2026-04-29 14:53:50 [INFO] riker.phases.phase5_replication: Gene PGC: survived — Same-tissue replication: 2/2 concordant. Cross-tissue: 0/0 concordant.
2026-04-29 14:53:50 [INFO] riker.phases.phase5_replication: Gene PNMT: survived — Same-tissue replication: 2/2 concordant. Cross-tissue: 0/0 concordant.
2026-04-29 14:53:50 [INFO] riker.phases.phase5_replication: Gene SDR16C5: survived — Same-tissue replication: 2/2 concordant. Cross-tissue: 0/0 concordant.
2026-04-29 14:53:50 [INFO] riker.phases.phase5_replication: Gene TIMP4: eliminated — Significant opposite direction in same-tissue dataset(s): ['GSE110147', 'GSE10667']. Discovery direction: down.
2026-04-29 14:53:50 [INFO] riker.phases.phase5_replication: Gene TTN: survived — Same-tissue replication: 1/2 concordant. Cross-tissue: 0/0 concordant.
2026-04-29 14:53:50 [INFO] riker.phases.phase5_replication: Gene ZBTB16: survived — Same-tissue replication: 1/2 concordant. Cross-tissue: 0/0 concordant.
2026-04-29 14:53:50 [INFO] riker.phases.phase5_replication: Gene ADAMTS18: survived — Same-tissue replication: 2/2 concordant. Cross-tissue: 0/0 concordant.
2026-04-29 14:53:50 [INFO] riker.phases.phase5_replication: Gene DDR1: eliminated — Significant opposite direction in same-tissue dataset(s): ['GSE110147']. Discovery direction: up.
2026-04-29 14:53:50 [INFO] riker.phases.phase5_replication: Gene LIME1: survived — Same-tissue replication: 1/2 concordant. Cross-tissue: 0/0 concordant.
2026-04-29 14:53:50 [INFO] riker.phases.phase5_replication: Gene SERPINF1: survived — Same-tissue replication: 2/2 concordant. Cross-tissue: 0/0 concordant.
2026-04-29 14:53:50 [INFO] riker.phases.phase5_replication: Gene ST6GAL2: eliminated — Significant opposite direction in same-tissue dataset(s): ['GSE110147']. Discovery direction: up.
2026-04-29 14:53:50 [INFO] riker.phases.phase5_replication: Gene HSH2D: eliminated — Significant opposite direction in same-tissue dataset(s): ['GSE110147']. Discovery direction: up.
2026-04-29 14:53:50 [INFO] riker.phases.phase5_replication: Gene RHPN2: survived — Same-tissue replication: 1/2 concordant. Cross-tissue: 0/0 concordant.
2026-04-29 14:53:50 [INFO] riker.phases.phase5_replication: Gene ROGDI: eliminated — Significant opposite direction in same-tissue dataset(s): ['GSE110147']. Discovery direction: up.
2026-04-29 14:53:50 [INFO] riker.phases.phase5_replication: Gene ZNF248: survived — Same-tissue replication: 2/2 concordant. Cross-tissue: 0/0 concordant.
2026-04-29 14:53:50 [INFO] riker.phases.phase5_replication: Gene ADGRL2: survived — Same-tissue replication: 1/2 concordant. Cross-tissue: 0/0 concordant.
2026-04-29 14:53:50 [INFO] riker.phases.phase5_replication: Gene ARHGEF26: survived — Same-tissue replication: 2/2 concordant. Cross-tissue: 0/0 concordant.
2026-04-29 14:53:50 [INFO] riker.phases.phase5_replication: Gene DUSP1: survived — Same-tissue replication: 2/2 concordant. Cross-tissue: 0/0 concordant.
2026-04-29 14:53:50 [INFO] riker.phases.phase5_replication: Gene ERRFI1: survived — Same-tissue replication: 2/2 concordant. Cross-tissue: 0/0 concordant.
2026-04-29 14:53:50 [INFO] riker.phases.phase5_replication: Gene GALNT18: survived — Same-tissue replication: 2/2 concordant. Cross-tissue: 0/0 concordant.
2026-04-29 14:53:50 [INFO] riker.phases.phase5_replication: Gene LAMA3: survived — Same-tissue replication: 2/2 concordant. Cross-tissue: 0/0 concordant.
2026-04-29 14:53:50 [INFO] riker.phases.phase5_replication: Gene NOTCH4: survived — Same-tissue replication: 2/2 concordant. Cross-tissue: 0/0 concordant.
2026-04-29 14:53:50 [INFO] riker.phases.phase5_replication: Gene TBX3: survived — Same-tissue replication: 2/2 concordant. Cross-tissue: 0/0 concordant.
2026-04-29 14:53:50 [INFO] riker.phases.phase5_replication: Gene TLR2: eliminated — Significant opposite direction in same-tissue dataset(s): ['GSE110147', 'GSE10667']. Discovery direction: down.
2026-04-29 14:53:50 [INFO] riker.phases.phase5_replication: Gene ALKAL1: survived — Same-tissue replication: 2/2 concordant. Cross-tissue: 0/0 concordant.
2026-04-29 14:53:50 [INFO] riker.phases.phase5_replication: Gene CCR6: survived — Same-tissue replication: 2/2 concordant. Cross-tissue: 0/0 concordant.
2026-04-29 14:53:50 [INFO] riker.phases.phase5_replication: Gene PAQR7: survived — Same-tissue replication: 2/2 concordant. Cross-tissue: 0/0 concordant.
2026-04-29 14:53:50 [INFO] riker.phases.phase5_replication: Gene CCDC125: survived — Same-tissue replication: 2/2 concordant. Cross-tissue: 0/0 concordant.
2026-04-29 14:53:50 [INFO] riker.phases.phase5_replication: Gene DLG2: survived — Same-tissue replication: 2/2 concordant. Cross-tissue: 0/0 concordant.
2026-04-29 14:53:50 [INFO] riker.phases.phase5_replication: Gene DMD: survived — Same-tissue replication: 2/2 concordant. Cross-tissue: 0/0 concordant.
2026-04-29 14:53:50 [INFO] riker.phases.phase5_replication: Gene DNM1: survived — Same-tissue replication: 1/2 concordant. Cross-tissue: 0/0 concordant.
2026-04-29 14:53:50 [INFO] riker.phases.phase5_replication: Gene RNF150: survived — Same-tissue replication: 2/2 concordant. Cross-tissue: 0/0 concordant.
2026-04-29 14:53:50 [INFO] riker.phases.phase5_replication: Gene SERPINI1: survived — Same-tissue replication: 2/2 concordant. Cross-tissue: 0/0 concordant.
2026-04-29 14:53:50 [INFO] riker.phases.phase5_replication: Gene SUSD4: survived — Same-tissue replication: 2/2 concordant. Cross-tissue: 0/0 concordant.
2026-04-29 14:53:50 [INFO] riker.phases.phase5_replication: Gene TENT5C: survived — Same-tissue replication: 2/2 concordant. Cross-tissue: 0/0 concordant.
2026-04-29 14:53:50 [INFO] riker.phases.phase5_replication: Gene TRAF5: survived — Same-tissue replication: 2/2 concordant. Cross-tissue: 0/0 concordant.
2026-04-29 14:53:50 [INFO] riker.phases.phase5_replication: Gene TRERF1: survived — Same-tissue replication: 2/2 concordant. Cross-tissue: 0/0 concordant.
2026-04-29 14:53:50 [INFO] riker.phases.phase5_replication: Gene CHEK2: survived — Same-tissue replication: 2/2 concordant. Cross-tissue: 0/0 concordant.
2026-04-29 14:53:50 [INFO] riker.phases.phase5_replication: Gene CYP27C1: survived — Same-tissue replication: 1/1 concordant. Cross-tissue: 0/0 concordant.
2026-04-29 14:53:50 [INFO] riker.phases.phase5_replication: Gene GFRA1: survived — Same-tissue replication: 2/2 concordant. Cross-tissue: 0/0 concordant.
2026-04-29 14:53:50 [INFO] riker.phases.phase5_replication: Gene LMLN: survived — Same-tissue replication: 2/2 concordant. Cross-tissue: 0/0 concordant.
2026-04-29 14:53:50 [INFO] riker.phases.phase5_replication: Gene SERPINB13: survived — Same-tissue replication: 2/2 concordant. Cross-tissue: 0/0 concordant.
2026-04-29 14:53:50 [INFO] riker.phases.phase5_replication: Gene TMTC3: survived — Same-tissue replication: 2/2 concordant. Cross-tissue: 0/0 concordant.
2026-04-29 14:53:50 [INFO] riker.phases.phase5_replication: Gene VWDE: survived — Same-tissue replication: 2/2 concordant. Cross-tissue: 0/0 concordant.
2026-04-29 14:53:50 [INFO] riker.phases.phase5_replication: Gene WNT5A: survived — Same-tissue replication: 2/2 concordant. Cross-tissue: 0/0 concordant.
2026-04-29 14:53:50 [INFO] riker.phases.phase5_replication: Gene ZNF154: survived — Same-tissue replication: 2/2 concordant. Cross-tissue: 0/0 concordant.
2026-04-29 14:53:50 [INFO] riker.phases.phase5_replication: Gene DUOX1: survived — Same-tissue replication: 2/2 concordant. Cross-tissue: 0/0 concordant.
2026-04-29 14:53:50 [INFO] riker.phases.phase5_replication: Gene EBP: survived — Same-tissue replication: 2/2 concordant. Cross-tissue: 0/0 concordant.
2026-04-29 14:53:50 [INFO] riker.phases.phase5_replication: Gene GJA4: survived — Same-tissue replication: 1/2 concordant. Cross-tissue: 0/0 concordant.
2026-04-29 14:53:50 [INFO] riker.phases.phase5_replication: Gene IL6R: survived — Same-tissue replication: 2/2 concordant. Cross-tissue: 0/0 concordant.
2026-04-29 14:53:50 [INFO] riker.phases.phase5_replication: Gene KDR: eliminated — Significant opposite direction in same-tissue dataset(s): ['GSE110147']. Discovery direction: down.
2026-04-29 14:53:50 [INFO] riker.phases.phase5_replication: Gene TMEM41B: survived — Same-tissue replication: 2/2 concordant. Cross-tissue: 0/0 concordant.
2026-04-29 14:53:50 [INFO] riker.phases.phase5_replication: Gene TRPC3: survived — Same-tissue replication: 1/2 concordant. Cross-tissue: 0/0 concordant.
2026-04-29 14:53:50 [INFO] riker.phases.phase5_replication: Gene B3GAT3: eliminated — Significant opposite direction in same-tissue dataset(s): ['GSE110147']. Discovery direction: up.
2026-04-29 14:53:50 [INFO] riker.phases.phase5_replication: Gene CEBPA: eliminated — Significant opposite direction in same-tissue dataset(s): ['GSE110147']. Discovery direction: up.
2026-04-29 14:53:50 [INFO] riker.phases.phase5_replication: Gene NOS1: eliminated — Significant opposite direction in same-tissue dataset(s): ['GSE110147', 'GSE10667']. Discovery direction: up.
2026-04-29 14:53:50 [INFO] riker.phases.phase5_replication: Gene CD28: survived — Same-tissue replication: 2/2 concordant. Cross-tissue: 0/0 concordant.
2026-04-29 14:53:50 [INFO] riker.phases.phase5_replication: Gene DNAJC12: survived — Same-tissue replication: 2/2 concordant. Cross-tissue: 0/0 concordant.
2026-04-29 14:53:50 [INFO] riker.phases.phase5_replication: Gene IKZF2: survived — Same-tissue replication: 2/2 concordant. Cross-tissue: 0/0 concordant.
2026-04-29 14:53:50 [INFO] riker.phases.phase5_replication: Gene IRAG1: survived — Same-tissue replication: 2/2 concordant. Cross-tissue: 0/0 concordant.
2026-04-29 14:53:50 [INFO] riker.phases.phase5_replication: Gene SLFN13: survived — Same-tissue replication: 2/2 concordant. Cross-tissue: 0/0 concordant.
2026-04-29 14:53:50 [INFO] riker.phases.phase5_replication: Gene SOX4: survived — Same-tissue replication: 2/2 concordant. Cross-tissue: 0/0 concordant.
2026-04-29 14:53:50 [INFO] riker.phases.phase5_replication: Gene THBS4: survived — Same-tissue replication: 2/2 concordant. Cross-tissue: 0/0 concordant.
2026-04-29 14:53:50 [INFO] riker.phases.phase5_replication: Gene TNFRSF21: survived — Same-tissue replication: 2/2 concordant. Cross-tissue: 0/0 concordant.
2026-04-29 14:53:50 [INFO] riker.phases.phase5_replication: Gene ABCC5: survived — Same-tissue replication: 2/2 concordant. Cross-tissue: 0/0 concordant.
2026-04-29 14:53:50 [INFO] riker.phases.phase5_replication: Gene CBLN4: survived — Same-tissue replication: 2/2 concordant. Cross-tissue: 0/0 concordant.
2026-04-29 14:53:50 [INFO] riker.phases.phase5_replication: Gene CDH26: survived — Same-tissue replication: 2/2 concordant. Cross-tissue: 0/0 concordant.
2026-04-29 14:53:50 [INFO] riker.phases.phase5_replication: Gene RCAN2: survived — Same-tissue replication: 2/2 concordant. Cross-tissue: 0/0 concordant.
2026-04-29 14:53:50 [INFO] riker.phases.phase5_replication: Gene SPAG16: survived — Same-tissue replication: 2/2 concordant. Cross-tissue: 0/0 concordant.
2026-04-29 14:53:50 [INFO] riker.phases.phase5_replication: Gene CDKN2A: eliminated — Significant opposite direction in same-tissue dataset(s): ['GSE110147']. Discovery direction: up.
2026-04-29 14:53:50 [INFO] riker.phases.phase5_replication: Gene DSG3: survived — Same-tissue replication: 2/2 concordant. Cross-tissue: 0/0 concordant.
2026-04-29 14:53:50 [INFO] riker.phases.phase5_replication: Gene FAM169A: survived — Same-tissue replication: 2/2 concordant. Cross-tissue: 0/0 concordant.
2026-04-29 14:53:50 [INFO] riker.phases.phase5_replication: Gene FRK: survived — Same-tissue replication: 2/2 concordant. Cross-tissue: 0/0 concordant.
2026-04-29 14:53:50 [INFO] riker.phases.phase5_replication: Gene KLRG1: survived — Same-tissue replication: 2/2 concordant. Cross-tissue: 0/0 concordant.
2026-04-29 14:53:50 [INFO] riker.phases.phase5_replication: Gene RAB30: survived — Same-tissue replication: 2/2 concordant. Cross-tissue: 0/0 concordant.
2026-04-29 14:53:50 [INFO] riker.phases.phase5_replication: Gene CCND2: survived — Same-tissue replication: 2/2 concordant. Cross-tissue: 0/0 concordant.
2026-04-29 14:53:50 [INFO] riker.phases.phase5_replication: Gene CD207: survived — Same-tissue replication: 2/2 concordant. Cross-tissue: 0/0 concordant.
2026-04-29 14:53:50 [INFO] riker.phases.phase5_replication: Gene INTU: survived — Same-tissue replication: 2/2 concordant. Cross-tissue: 0/0 concordant.
2026-04-29 14:53:50 [INFO] riker.phases.phase5_replication: Gene ITM2C: eliminated — Significant opposite direction in same-tissue dataset(s): ['GSE110147']. Discovery direction: up.
2026-04-29 14:53:50 [INFO] riker.phases.phase5_replication: Gene TTC8: survived — Same-tissue replication: 2/2 concordant. Cross-tissue: 0/0 concordant.
2026-04-29 14:53:50 [INFO] riker.phases.phase5_replication: Gene VILL: survived — Same-tissue replication: 2/2 concordant. Cross-tissue: 0/0 concordant.
2026-04-29 14:53:50 [INFO] riker.phases.phase5_replication: Gene ANKRD18A: survived — Same-tissue replication: 2/2 concordant. Cross-tissue: 0/0 concordant.
2026-04-29 14:53:50 [INFO] riker.phases.phase5_replication: Gene APOBEC3C: eliminated — Significant opposite direction in same-tissue dataset(s): ['GSE110147']. Discovery direction: up.
2026-04-29 14:53:50 [INFO] riker.phases.phase5_replication: Gene DDB2: eliminated — Significant opposite direction in same-tissue dataset(s): ['GSE110147']. Discovery direction: up.
2026-04-29 14:53:50 [INFO] riker.phases.phase5_replication: Gene DZIP1: survived — Same-tissue replication: 2/2 concordant. Cross-tissue: 0/0 concordant.
2026-04-29 14:53:50 [INFO] riker.phases.phase5_replication: Gene ENPP3: survived — Same-tissue replication: 2/2 concordant. Cross-tissue: 0/0 concordant.
2026-04-29 14:53:50 [INFO] riker.phases.phase5_replication: Gene LOXL4: survived — Same-tissue replication: 1/2 concordant. Cross-tissue: 0/0 concordant.
2026-04-29 14:53:50 [INFO] riker.phases.phase5_replication: Gene OCIAD2: survived — Same-tissue replication: 2/2 concordant. Cross-tissue: 0/0 concordant.
2026-04-29 14:53:50 [INFO] riker.phases.phase5_replication: Gene PPP2R2B: survived — Same-tissue replication: 2/2 concordant. Cross-tissue: 0/0 concordant.
2026-04-29 14:53:50 [INFO] riker.phases.phase5_replication: Gene RAB23: survived — Same-tissue replication: 2/2 concordant. Cross-tissue: 0/0 concordant.
2026-04-29 14:53:50 [INFO] riker.phases.phase5_replication: Gene SELENOW: eliminated — Significant opposite direction in same-tissue dataset(s): ['GSE110147']. Discovery direction: up.
2026-04-29 14:53:50 [INFO] riker.phases.phase5_replication: Gene TCTN1: eliminated — Significant opposite direction in same-tissue dataset(s): ['GSE110147']. Discovery direction: up.
2026-04-29 14:53:50 [INFO] riker.phases.phase5_replication: Gene ABCC6: survived — Same-tissue replication: 2/2 concordant. Cross-tissue: 0/0 concordant.
2026-04-29 14:53:50 [INFO] riker.phases.phase5_replication: Gene BCAP29: survived — Same-tissue replication: 1/2 concordant. Cross-tissue: 0/0 concordant.
2026-04-29 14:53:50 [INFO] riker.phases.phase5_replication: Gene RAP1GAP: survived — Same-tissue replication: 2/2 concordant. Cross-tissue: 0/0 concordant.
2026-04-29 14:53:50 [INFO] riker.phases.phase5_replication: Gene RUSC2: survived — Same-tissue replication: 1/2 concordant. Cross-tissue: 0/0 concordant.
2026-04-29 14:53:50 [INFO] riker.phases.phase5_replication: Gene SLC39A1: survived — Same-tissue replication: 1/2 concordant. Cross-tissue: 0/0 concordant.
2026-04-29 14:53:50 [INFO] riker.phases.phase5_replication: Gene SULT1C4: survived — Same-tissue replication: 2/2 concordant. Cross-tissue: 0/0 concordant.
2026-04-29 14:53:50 [INFO] riker.phases.phase5_replication: Gene ZNF792: survived — Same-tissue replication: 2/2 concordant. Cross-tissue: 0/0 concordant.
2026-04-29 14:53:50 [INFO] riker.phases.phase5_replication: Gene ANXA4: survived — Same-tissue replication: 2/2 concordant. Cross-tissue: 0/0 concordant.
2026-04-29 14:53:50 [INFO] riker.phases.phase5_replication: Gene DNAAF2: eliminated — Significant opposite direction in same-tissue dataset(s): ['GSE110147']. Discovery direction: up.
2026-04-29 14:53:50 [INFO] riker.phases.phase5_replication: Gene IKZF3: survived — Same-tissue replication: 2/2 concordant. Cross-tissue: 0/0 concordant.
2026-04-29 14:53:50 [INFO] riker.phases.phase5_replication: Gene CDH11: survived — Same-tissue replication: 1/2 concordant. Cross-tissue: 0/0 concordant.
2026-04-29 14:53:50 [INFO] riker.phases.phase5_replication: Gene CEP55: survived — Same-tissue replication: 2/2 concordant. Cross-tissue: 0/0 concordant.
2026-04-29 14:53:50 [INFO] riker.phases.phase5_replication: Gene FCRLA: survived — Same-tissue replication: 2/2 concordant. Cross-tissue: 0/0 concordant.
2026-04-29 14:53:50 [INFO] riker.phases.phase5_replication: Gene ITGA4: survived — Same-tissue replication: 2/2 concordant. Cross-tissue: 0/0 concordant.
2026-04-29 14:53:50 [INFO] riker.phases.phase5_replication: Gene NIBAN1: survived — Same-tissue replication: 2/2 concordant. Cross-tissue: 0/0 concordant.
2026-04-29 14:53:50 [INFO] riker.phases.phase5_replication: Gene SLC16A14: survived — Same-tissue replication: 2/2 concordant. Cross-tissue: 0/0 concordant.
2026-04-29 14:53:51 [INFO] riker.phases.phase5_replication: Gene SPRY1: survived — Same-tissue replication: 2/2 concordant. Cross-tissue: 0/0 concordant.
2026-04-29 14:53:51 [INFO] riker.phases.phase5_replication: Gene TMC4: survived — Same-tissue replication: 2/2 concordant. Cross-tissue: 0/0 concordant.
2026-04-29 14:53:51 [INFO] riker.phases.phase5_replication: Gene ZNF300: survived — Same-tissue replication: 2/2 concordant. Cross-tissue: 0/0 concordant.
2026-04-29 14:53:51 [INFO] riker.phases.phase5_replication: Gene CERS2: survived — Same-tissue replication: 2/2 concordant. Cross-tissue: 0/0 concordant.
2026-04-29 14:53:51 [INFO] riker.phases.phase5_replication: Gene CNOT8: eliminated — Significant opposite direction in same-tissue dataset(s): ['GSE110147']. Discovery direction: down.
2026-04-29 14:53:51 [INFO] riker.phases.phase5_replication: Gene KANK3: survived — Same-tissue replication: 2/2 concordant. Cross-tissue: 0/0 concordant.
2026-04-29 14:53:51 [INFO] riker.phases.phase5_replication: Gene KIF1C: survived — Same-tissue replication: 2/2 concordant. Cross-tissue: 0/0 concordant.
2026-04-29 14:53:51 [INFO] riker.phases.phase5_replication: Gene MTARC2: survived — Same-tissue replication: 2/2 concordant. Cross-tissue: 0/0 concordant.
2026-04-29 14:53:51 [INFO] riker.phases.phase5_replication: Gene PRKD1: survived — Same-tissue replication: 0/2 concordant. Cross-tissue: 0/0 concordant.
2026-04-29 14:53:51 [INFO] riker.phases.phase5_replication: Gene TALDO1: eliminated — Significant opposite direction in same-tissue dataset(s): ['GSE10667']. Discovery direction: down.
2026-04-29 14:53:51 [INFO] riker.phases.phase5_replication: Gene CTLA4: survived — Same-tissue replication: 2/2 concordant. Cross-tissue: 0/0 concordant.
2026-04-29 14:53:51 [INFO] riker.phases.phase5_replication: Gene DUSP4: eliminated — Significant opposite direction in same-tissue dataset(s): ['GSE110147']. Discovery direction: up.
2026-04-29 14:53:51 [INFO] riker.phases.phase5_replication: Gene FCGRT: eliminated — Significant opposite direction in same-tissue dataset(s): ['GSE110147']. Discovery direction: up.
2026-04-29 14:53:51 [INFO] riker.phases.phase5_replication: Gene HPR: survived — Same-tissue replication: 2/2 concordant. Cross-tissue: 0/0 concordant.
2026-04-29 14:53:51 [INFO] riker.phases.phase5_replication: Gene EHD4: eliminated — Significant opposite direction in same-tissue dataset(s): ['GSE110147']. Discovery direction: up.
2026-04-29 14:53:51 [INFO] riker.phases.phase5_replication: Gene PPM1M: eliminated — Significant opposite direction in same-tissue dataset(s): ['GSE110147']. Discovery direction: up.
2026-04-29 14:53:51 [INFO] riker.phases.phase5_replication: Gene RNF122: eliminated — Significant opposite direction in same-tissue dataset(s): ['GSE110147']. Discovery direction: up.
2026-04-29 14:53:51 [INFO] riker.phases.phase5_replication: Gene SLA2: eliminated — Significant opposite direction in same-tissue dataset(s): ['GSE110147']. Discovery direction: up.
2026-04-29 14:53:51 [INFO] riker.phases.phase5_replication: Gene AAMDC: survived — Same-tissue replication: 2/2 concordant. Cross-tissue: 0/0 concordant.
2026-04-29 14:53:51 [INFO] riker.phases.phase5_replication: Gene CDK2: survived — Same-tissue replication: 1/2 concordant. Cross-tissue: 0/0 concordant.
2026-04-29 14:53:51 [INFO] riker.phases.phase5_replication: Gene DCUN1D3: survived — Same-tissue replication: 2/2 concordant. Cross-tissue: 0/0 concordant.
2026-04-29 14:53:51 [INFO] riker.phases.phase5_replication: Gene DDX3X: eliminated — Significant opposite direction in same-tissue dataset(s): ['GSE110147']. Discovery direction: down.
2026-04-29 14:53:51 [INFO] riker.phases.phase5_replication: Gene GLRX5: survived — Same-tissue replication: 0/2 concordant. Cross-tissue: 0/0 concordant.
2026-04-29 14:53:51 [INFO] riker.phases.phase5_replication: Gene IVD: survived — Same-tissue replication: 0/2 concordant. Cross-tissue: 0/0 concordant.
2026-04-29 14:53:51 [INFO] riker.phases.phase5_replication: Gene BLVRA: eliminated — Significant opposite direction in same-tissue dataset(s): ['GSE110147']. Discovery direction: down.
2026-04-29 14:53:51 [INFO] riker.phases.phase5_replication: Gene ELMO2: eliminated — Significant opposite direction in same-tissue dataset(s): ['GSE110147', 'GSE10667']. Discovery direction: down.
2026-04-29 14:53:51 [INFO] riker.phases.phase5_replication: Gene RGL3: survived — Same-tissue replication: 1/2 concordant. Cross-tissue: 0/0 concordant.
2026-04-29 14:53:51 [INFO] riker.phases.phase5_replication: Gene SLC36A4: eliminated — Significant opposite direction in same-tissue dataset(s): ['GSE110147', 'GSE10667']. Discovery direction: down.
2026-04-29 14:53:51 [INFO] riker.phases.phase5_replication: Gene ALOX15B: survived — Same-tissue replication: 1/2 concordant. Cross-tissue: 0/0 concordant.
2026-04-29 14:53:51 [INFO] riker.phases.phase5_replication: Gene BTNL8: survived — Same-tissue replication: 2/2 concordant. Cross-tissue: 0/0 concordant.
2026-04-29 14:53:51 [INFO] riker.phases.phase5_replication: Gene CD163: eliminated — Significant opposite direction in same-tissue dataset(s): ['GSE110147', 'GSE10667']. Discovery direction: down.
2026-04-29 14:53:51 [INFO] riker.phases.phase5_replication: Gene CLDN18: survived — Same-tissue replication: 2/2 concordant. Cross-tissue: 0/0 concordant.
2026-04-29 14:53:51 [INFO] riker.phases.phase5_replication: Gene CSF3R: survived — Same-tissue replication: 2/2 concordant. Cross-tissue: 0/0 concordant.
2026-04-29 14:53:51 [INFO] riker.phases.phase5_replication: Gene GPR4: survived — Same-tissue replication: 2/2 concordant. Cross-tissue: 0/0 concordant.
2026-04-29 14:53:51 [INFO] riker.phases.phase5_replication: Gene MAOA: eliminated — Significant opposite direction in same-tissue dataset(s): ['GSE110147']. Discovery direction: down.
2026-04-29 14:53:51 [INFO] riker.phases.phase5_replication: Gene SCN7A: eliminated — Significant opposite direction in same-tissue dataset(s): ['GSE110147']. Discovery direction: down.
2026-04-29 14:53:51 [INFO] riker.phases.phase5_replication: Gene SLC1A1: survived — Same-tissue replication: 2/2 concordant. Cross-tissue: 0/0 concordant.
2026-04-29 14:53:51 [INFO] riker.phases.phase5_replication: Gene SLCO2A1: survived — Same-tissue replication: 2/2 concordant. Cross-tissue: 0/0 concordant.
2026-04-29 14:53:51 [INFO] riker.phases.phase5_replication: Gene AQP5: survived — Same-tissue replication: 2/2 concordant. Cross-tissue: 0/0 concordant.
2026-04-29 14:53:51 [INFO] riker.phases.phase5_replication: Gene BICC1: survived — Same-tissue replication: 2/2 concordant. Cross-tissue: 0/0 concordant.
2026-04-29 14:53:51 [INFO] riker.phases.phase5_replication: Gene C1orf54: survived — Same-tissue replication: 2/2 concordant. Cross-tissue: 0/0 concordant.
2026-04-29 14:53:51 [INFO] riker.phases.phase5_replication: Gene COL5A2: survived — Same-tissue replication: 2/2 concordant. Cross-tissue: 0/0 concordant.
2026-04-29 14:53:51 [INFO] riker.phases.phase5_replication: Gene ENC1: survived — Same-tissue replication: 2/2 concordant. Cross-tissue: 0/0 concordant.
2026-04-29 14:53:51 [INFO] riker.phases.phase5_replication: Gene GALNT6: survived — Same-tissue replication: 2/2 concordant. Cross-tissue: 0/0 concordant.
2026-04-29 14:53:51 [INFO] riker.phases.phase5_replication: Gene ITGB4: survived — Same-tissue replication: 1/2 concordant. Cross-tissue: 0/0 concordant.
2026-04-29 14:53:51 [INFO] riker.phases.phase5_replication: Gene KCNN4: survived — Same-tissue replication: 2/2 concordant. Cross-tissue: 0/0 concordant.
2026-04-29 14:53:51 [INFO] riker.phases.phase5_replication: Gene LDLRAD4: survived — Same-tissue replication: 2/2 concordant. Cross-tissue: 0/0 concordant.
2026-04-29 14:53:51 [INFO] riker.phases.phase5_replication: Gene LTBP2: eliminated — Significant opposite direction in same-tissue dataset(s): ['GSE110147']. Discovery direction: up.
2026-04-29 14:53:51 [INFO] riker.phases.phase5_replication: Gene LXN: survived — Same-tissue replication: 2/2 concordant. Cross-tissue: 0/0 concordant.
2026-04-29 14:53:51 [INFO] riker.phases.phase5_replication: Gene PRR15: survived — Same-tissue replication: 2/2 concordant. Cross-tissue: 0/0 concordant.
2026-04-29 14:53:51 [INFO] riker.phases.phase5_replication: Gene SERPINI2: survived — Same-tissue replication: 2/2 concordant. Cross-tissue: 0/0 concordant.
2026-04-29 14:53:51 [INFO] riker.phases.phase5_replication: Gene TGFB2: survived — Same-tissue replication: 0/2 concordant. Cross-tissue: 0/0 concordant.
2026-04-29 14:53:51 [INFO] riker.phases.phase5_replication: Gene ATIC: survived — Same-tissue replication: 2/2 concordant. Cross-tissue: 0/0 concordant.
2026-04-29 14:53:51 [INFO] riker.phases.phase5_replication: Gene CALCOCO1: survived — Same-tissue replication: 2/2 concordant. Cross-tissue: 0/0 concordant.
2026-04-29 14:53:51 [INFO] riker.phases.phase5_replication: Gene LMF2: eliminated — Significant opposite direction in same-tissue dataset(s): ['GSE110147']. Discovery direction: up.
2026-04-29 14:53:51 [INFO] riker.phases.phase5_replication: Gene RAMP2: eliminated — Significant opposite direction in same-tissue dataset(s): ['GSE110147']. Discovery direction: up.
2026-04-29 14:53:51 [INFO] riker.phases.phase5_replication: Gene ACP3: survived — Same-tissue replication: 1/2 concordant. Cross-tissue: 0/0 concordant.
2026-04-29 14:53:51 [INFO] riker.phases.phase5_replication: Gene BCL6: eliminated — Significant opposite direction in same-tissue dataset(s): ['GSE10667']. Discovery direction: down.
2026-04-29 14:53:51 [INFO] riker.phases.phase5_replication: Gene CALCOCO2: eliminated — Significant opposite direction in same-tissue dataset(s): ['GSE110147']. Discovery direction: down.
2026-04-29 14:53:51 [INFO] riker.phases.phase5_replication: Gene ETS2: survived — Same-tissue replication: 2/2 concordant. Cross-tissue: 0/0 concordant.
2026-04-29 14:53:51 [INFO] riker.phases.phase5_replication: Gene HSD17B4: eliminated — Significant opposite direction in same-tissue dataset(s): ['GSE110147']. Discovery direction: down.
2026-04-29 14:53:51 [INFO] riker.phases.phase5_replication: Gene LAMC1: eliminated — Significant opposite direction in same-tissue dataset(s): ['GSE110147', 'GSE10667']. Discovery direction: down.
2026-04-29 14:53:51 [INFO] riker.phases.phase5_replication: Gene LNX2: survived — Same-tissue replication: 1/2 concordant. Cross-tissue: 0/0 concordant.
2026-04-29 14:53:51 [INFO] riker.phases.phase5_replication: Gene NPC1: survived — Same-tissue replication: 1/2 concordant. Cross-tissue: 0/0 concordant.
2026-04-29 14:53:51 [INFO] riker.phases.phase5_replication: Gene AGFG1: eliminated — Significant opposite direction in same-tissue dataset(s): ['GSE10667']. Discovery direction: down.
2026-04-29 14:53:51 [INFO] riker.phases.phase5_replication: Gene ATP1A1: survived — Same-tissue replication: 0/2 concordant. Cross-tissue: 0/0 concordant.
2026-04-29 14:53:51 [INFO] riker.phases.phase5_replication: Gene CCND3: survived — Same-tissue replication: 1/2 concordant. Cross-tissue: 0/0 concordant.
2026-04-29 14:53:51 [INFO] riker.phases.phase5_replication: Gene FERMT2: eliminated — Significant opposite direction in same-tissue dataset(s): ['GSE110147']. Discovery direction: down.
2026-04-29 14:53:51 [INFO] riker.phases.phase5_replication: Gene LGALSL: survived — Same-tissue replication: 2/2 concordant. Cross-tissue: 0/0 concordant.
2026-04-29 14:53:51 [INFO] riker.phases.phase5_replication: Gene LRRC8A: survived — Same-tissue replication: 1/2 concordant. Cross-tissue: 0/0 concordant.
2026-04-29 14:53:51 [INFO] riker.phases.phase5_replication: Gene MAN2A2: survived — Same-tissue replication: 1/2 concordant. Cross-tissue: 0/0 concordant.
2026-04-29 14:53:51 [INFO] riker.phases.phase5_replication: Gene MCF2L: survived — Same-tissue replication: 1/2 concordant. Cross-tissue: 0/0 concordant.
2026-04-29 14:53:51 [INFO] riker.phases.phase5_replication: Gene PHC2: survived — Same-tissue replication: 1/2 concordant. Cross-tissue: 0/0 concordant.
2026-04-29 14:53:51 [INFO] riker.phases.phase5_replication: Gene RILPL2: survived — Same-tissue replication: 1/2 concordant. Cross-tissue: 0/0 concordant.
2026-04-29 14:53:51 [INFO] riker.phases.phase5_replication: Gene SESTD1: eliminated — Significant opposite direction in same-tissue dataset(s): ['GSE110147']. Discovery direction: down.
2026-04-29 14:53:51 [INFO] riker.phases.phase5_replication: Gene STX12: eliminated — Significant opposite direction in same-tissue dataset(s): ['GSE110147']. Discovery direction: down.
2026-04-29 14:53:51 [INFO] riker.phases.phase5_replication: Gene TDRD10: survived — Same-tissue replication: 2/2 concordant. Cross-tissue: 0/0 concordant.
2026-04-29 14:53:51 [INFO] riker.phases.phase5_replication: Gene USP13: survived — Same-tissue replication: 2/2 concordant. Cross-tissue: 0/0 concordant.
2026-04-29 14:53:51 [INFO] riker.phases.phase5_replication: Gene ADGRG3: survived — Same-tissue replication: 1/2 concordant. Cross-tissue: 0/0 concordant.
2026-04-29 14:53:51 [INFO] riker.phases.phase5_replication: Gene ADRA1B: survived — Same-tissue replication: 2/2 concordant. Cross-tissue: 0/0 concordant.
2026-04-29 14:53:51 [INFO] riker.phases.phase5_replication: Gene CSRNP1: survived — Same-tissue replication: 2/2 concordant. Cross-tissue: 0/0 concordant.
2026-04-29 14:53:51 [INFO] riker.phases.phase5_replication: Gene CYP3A5: survived — Same-tissue replication: 1/2 concordant. Cross-tissue: 0/0 concordant.
2026-04-29 14:53:51 [INFO] riker.phases.phase5_replication: Gene GLDN: eliminated — Significant opposite direction in same-tissue dataset(s): ['GSE10667']. Discovery direction: down.
2026-04-29 14:53:51 [INFO] riker.phases.phase5_replication: Gene NDRG4: survived — Same-tissue replication: 2/2 concordant. Cross-tissue: 0/0 concordant.
2026-04-29 14:53:51 [INFO] riker.phases.phase5_replication: Gene P2RY1: survived — Same-tissue replication: 1/2 concordant. Cross-tissue: 0/0 concordant.
2026-04-29 14:53:51 [INFO] riker.phases.phase5_replication: Gene STXBP6: survived — Same-tissue replication: 2/2 concordant. Cross-tissue: 0/0 concordant.
2026-04-29 14:53:51 [INFO] riker.phases.phase5_replication: Gene VNN1: eliminated — Significant opposite direction in same-tissue dataset(s): ['GSE110147', 'GSE10667']. Discovery direction: down.
2026-04-29 14:53:51 [INFO] riker.phases.phase5_replication: Gene VNN2: survived — Same-tissue replication: 0/2 concordant. Cross-tissue: 0/0 concordant.
2026-04-29 14:53:51 [INFO] riker.phases.phase5_replication: Gene ADM: survived — Same-tissue replication: 2/2 concordant. Cross-tissue: 0/0 concordant.
2026-04-29 14:53:51 [INFO] riker.phases.phase5_replication: Gene DEFA1B: survived — Same-tissue replication: 2/2 concordant. Cross-tissue: 0/0 concordant.
2026-04-29 14:53:51 [INFO] riker.phases.phase5_replication: Gene FCN3: survived — Same-tissue replication: 2/2 concordant. Cross-tissue: 0/0 concordant.
2026-04-29 14:53:51 [INFO] riker.phases.phase5_replication: Gene ITLN2: survived — Same-tissue replication: 2/2 concordant. Cross-tissue: 0/0 concordant.
2026-04-29 14:53:51 [INFO] riker.phases.phase5_replication: Gene PROK2: survived — Same-tissue replication: 2/2 concordant. Cross-tissue: 0/0 concordant.
2026-04-29 14:53:51 [INFO] riker.phases.phase5_replication: Gene SLC6A4: survived — Same-tissue replication: 2/2 concordant. Cross-tissue: 0/0 concordant.
2026-04-29 14:53:51 [INFO] riker.phases.phase5_replication: Gene TMEM100: survived — Same-tissue replication: 2/2 concordant. Cross-tissue: 0/0 concordant.
2026-04-29 14:53:51 [INFO] riker.phases.phase5_replication: Gene VIPR1: survived — Same-tissue replication: 2/2 concordant. Cross-tissue: 0/0 concordant.
2026-04-29 14:53:51 [INFO] riker.phases.phase5_replication: Gene COCH: survived — Same-tissue replication: 2/2 concordant. Cross-tissue: 0/0 concordant.
2026-04-29 14:53:51 [INFO] riker.phases.phase5_replication: Gene FRMD5: survived — Same-tissue replication: 2/2 concordant. Cross-tissue: 0/0 concordant.
2026-04-29 14:53:51 [INFO] riker.phases.phase5_replication: Gene HIVEP1: survived — Same-tissue replication: 2/2 concordant. Cross-tissue: 0/0 concordant.
2026-04-29 14:53:51 [INFO] riker.phases.phase5_replication: Gene IRF4: survived — Same-tissue replication: 1/2 concordant. Cross-tissue: 0/0 concordant.
2026-04-29 14:53:51 [INFO] riker.phases.phase5_replication: Gene ITGA11: survived — Same-tissue replication: 1/2 concordant. Cross-tissue: 0/0 concordant.
2026-04-29 14:53:51 [INFO] riker.phases.phase5_replication: Gene NMNAT2: survived — Same-tissue replication: 2/2 concordant. Cross-tissue: 0/0 concordant.
2026-04-29 14:53:51 [INFO] riker.phases.phase5_replication: Gene ZNF713: survived — Same-tissue replication: 1/2 concordant. Cross-tissue: 0/0 concordant.
2026-04-29 14:53:51 [INFO] riker.phases.phase5_replication: Gene ADGRA3: survived — Same-tissue replication: 2/2 concordant. Cross-tissue: 0/0 concordant.
2026-04-29 14:53:51 [INFO] riker.phases.phase5_replication: Gene GALNT16: eliminated — Significant opposite direction in same-tissue dataset(s): ['GSE110147']. Discovery direction: up.
2026-04-29 14:53:51 [INFO] riker.phases.phase5_replication: Gene RAB3C: survived — Same-tissue replication: 2/2 concordant. Cross-tissue: 0/0 concordant.
2026-04-29 14:53:51 [INFO] riker.phases.phase5_replication: Gene THNSL1: survived — Same-tissue replication: 2/2 concordant. Cross-tissue: 0/0 concordant.
2026-04-29 14:53:51 [INFO] riker.phases.phase5_replication: Gene ZNF607: survived — Same-tissue replication: 2/2 concordant. Cross-tissue: 0/0 concordant.
2026-04-29 14:53:51 [INFO] riker.phases.phase5_replication: Gene C6orf141: survived — Same-tissue replication: 2/2 concordant. Cross-tissue: 0/0 concordant.
2026-04-29 14:53:51 [INFO] riker.phases.phase5_replication: Gene CHSY3: survived — Same-tissue replication: 2/2 concordant. Cross-tissue: 0/0 concordant.
2026-04-29 14:53:51 [INFO] riker.phases.phase5_replication: Gene SBNO2: eliminated — Significant opposite direction in same-tissue dataset(s): ['GSE110147']. Discovery direction: up.
2026-04-29 14:53:51 [INFO] riker.phases.phase5_replication: Gene ZFP3: survived — Same-tissue replication: 2/2 concordant. Cross-tissue: 0/0 concordant.
2026-04-29 14:53:51 [INFO] riker.phases.phase5_replication: Gene ZNF107: survived — Same-tissue replication: 2/2 concordant. Cross-tissue: 0/0 concordant.
2026-04-29 14:53:51 [INFO] riker.phases.phase5_replication: Gene CHIT1: survived — Same-tissue replication: 2/2 concordant. Cross-tissue: 0/0 concordant.
2026-04-29 14:53:51 [INFO] riker.phases.phase5_replication: Gene COL1A1: survived — Same-tissue replication: 2/2 concordant. Cross-tissue: 0/0 concordant.
2026-04-29 14:53:51 [INFO] riker.phases.phase5_replication: Gene DIO2: survived — Same-tissue replication: 2/2 concordant. Cross-tissue: 0/0 concordant.
2026-04-29 14:53:51 [INFO] riker.phases.phase5_replication: Gene GPR87: survived — Same-tissue replication: 2/2 concordant. Cross-tissue: 0/0 concordant.
2026-04-29 14:53:51 [INFO] riker.phases.phase5_replication: Gene GSTA1: survived — Same-tissue replication: 2/2 concordant. Cross-tissue: 0/0 concordant.
2026-04-29 14:53:51 [INFO] riker.phases.phase5_replication: Gene KRT15: survived — Same-tissue replication: 2/2 concordant. Cross-tissue: 0/0 concordant.
2026-04-29 14:53:51 [INFO] riker.phases.phase5_replication: Gene PLEKHS1: survived — Same-tissue replication: 2/2 concordant. Cross-tissue: 0/0 concordant.
2026-04-29 14:53:51 [INFO] riker.phases.phase5_replication: Gene SLAMF7: survived — Same-tissue replication: 2/2 concordant. Cross-tissue: 0/0 concordant.
2026-04-29 14:53:51 [INFO] riker.phases.phase5_replication: Gene SULF1: survived — Same-tissue replication: 2/2 concordant. Cross-tissue: 0/0 concordant.
2026-04-29 14:53:51 [INFO] riker.phases.phase5_replication: Gene VCAM1: survived — Same-tissue replication: 2/2 concordant. Cross-tissue: 0/0 concordant.
2026-04-29 14:53:51 [INFO] riker.phases.phase5_replication: Gene CACNB3: eliminated — Significant opposite direction in same-tissue dataset(s): ['GSE110147']. Discovery direction: up.
2026-04-29 14:53:51 [INFO] riker.phases.phase5_replication: Gene CD200R1: survived — Same-tissue replication: 2/2 concordant. Cross-tissue: 0/0 concordant.
2026-04-29 14:53:51 [INFO] riker.phases.phase5_replication: Gene NRK: survived — Same-tissue replication: 1/1 concordant. Cross-tissue: 0/0 concordant.
2026-04-29 14:53:51 [INFO] riker.phases.phase5_replication: Gene CD6: eliminated — Significant opposite direction in same-tissue dataset(s): ['GSE110147']. Discovery direction: up.
2026-04-29 14:53:51 [INFO] riker.phases.phase5_replication: Gene PLAU: survived — Same-tissue replication: 1/2 concordant. Cross-tissue: 0/0 concordant.
2026-04-29 14:53:51 [INFO] riker.phases.phase5_replication: Gene RHBDL2: survived — Same-tissue replication: 2/2 concordant. Cross-tissue: 0/0 concordant.
2026-04-29 14:53:51 [INFO] riker.phases.phase5_replication: Gene IL7: survived — Same-tissue replication: 2/2 concordant. Cross-tissue: 0/0 concordant.
2026-04-29 14:53:51 [INFO] riker.phases.phase5_replication: Gene JHY: survived — Same-tissue replication: 2/2 concordant. Cross-tissue: 0/0 concordant.
2026-04-29 14:53:51 [INFO] riker.phases.phase5_replication: Gene KLF12: survived — Same-tissue replication: 2/2 concordant. Cross-tissue: 0/0 concordant.
2026-04-29 14:53:51 [INFO] riker.phases.phase5_replication: Gene PLA2R1: survived — Same-tissue replication: 2/2 concordant. Cross-tissue: 0/0 concordant.
2026-04-29 14:53:51 [INFO] riker.phases.phase5_replication: Gene CD1E: eliminated — Significant opposite direction in same-tissue dataset(s): ['GSE110147']. Discovery direction: up.
2026-04-29 14:53:51 [INFO] riker.phases.phase5_replication: Gene CWH43: survived — Same-tissue replication: 2/2 concordant. Cross-tissue: 0/0 concordant.
2026-04-29 14:53:51 [INFO] riker.phases.phase5_replication: Gene EFCAB12: survived — Same-tissue replication: 2/2 concordant. Cross-tissue: 0/0 concordant.
2026-04-29 14:53:51 [INFO] riker.phases.phase5_replication: Gene FAM171B: survived — Same-tissue replication: 2/2 concordant. Cross-tissue: 0/0 concordant.
2026-04-29 14:53:51 [INFO] riker.phases.phase5_replication: Gene SV2B: survived — Same-tissue replication: 2/2 concordant. Cross-tissue: 0/0 concordant.
2026-04-29 14:53:51 [INFO] riker.phases.phase5_replication: Gene TNFRSF19: survived — Same-tissue replication: 2/2 concordant. Cross-tissue: 0/0 concordant.
2026-04-29 14:53:51 [INFO] riker.phases.phase5_replication: Gene HS6ST1: eliminated — Significant opposite direction in same-tissue dataset(s): ['GSE110147']. Discovery direction: up.
2026-04-29 14:53:51 [INFO] riker.phases.phase5_replication: Gene MARCKS: survived — Same-tissue replication: 2/2 concordant. Cross-tissue: 0/0 concordant.
2026-04-29 14:53:51 [INFO] riker.phases.phase5_replication: Gene RELN: survived — Same-tissue replication: 2/2 concordant. Cross-tissue: 0/0 concordant.
2026-04-29 14:53:51 [INFO] riker.phases.phase5_replication: Gene ACO1: survived — Same-tissue replication: 2/2 concordant. Cross-tissue: 0/0 concordant.
2026-04-29 14:53:51 [INFO] riker.phases.phase5_replication: Gene CHAC1: eliminated — Significant opposite direction in same-tissue dataset(s): ['GSE110147']. Discovery direction: up.
2026-04-29 14:53:51 [INFO] riker.phases.phase5_replication: Gene CSTF3: survived — Same-tissue replication: 2/2 concordant. Cross-tissue: 0/0 concordant.
2026-04-29 14:53:51 [INFO] riker.phases.phase5_replication: Gene NCOR2: eliminated — Significant opposite direction in same-tissue dataset(s): ['GSE110147']. Discovery direction: up.
2026-04-29 14:53:51 [INFO] riker.phases.phase5_replication: Gene PARP12: eliminated — Significant opposite direction in same-tissue dataset(s): ['GSE110147']. Discovery direction: up.
2026-04-29 14:53:51 [INFO] riker.phases.phase5_replication: Gene PLEKHO1: eliminated — Significant opposite direction in same-tissue dataset(s): ['GSE110147']. Discovery direction: up.
2026-04-29 14:53:51 [INFO] riker.phases.phase5_replication: Gene TRMT10C: survived — Same-tissue replication: 2/2 concordant. Cross-tissue: 0/0 concordant.
2026-04-29 14:53:51 [INFO] riker.phases.phase5_replication: Gene PLCB2: survived — Same-tissue replication: 2/2 concordant. Cross-tissue: 0/0 concordant.
2026-04-29 14:53:51 [INFO] riker.phases.phase5_replication: Gene PLCXD3: survived — Same-tissue replication: 2/2 concordant. Cross-tissue: 0/0 concordant.
2026-04-29 14:53:51 [INFO] riker.phases.phase5_replication: Gene PPP1R15B: survived — Same-tissue replication: 1/2 concordant. Cross-tissue: 0/0 concordant.
2026-04-29 14:53:51 [INFO] riker.phases.phase5_replication: Gene PTDSS1: survived — Same-tissue replication: 1/2 concordant. Cross-tissue: 0/0 concordant.
2026-04-29 14:53:51 [INFO] riker.phases.phase5_replication: Gene SELENOK: survived — Same-tissue replication: 1/2 concordant. Cross-tissue: 0/0 concordant.
2026-04-29 14:53:51 [INFO] riker.phases.phase5_replication: Gene TMEM203: survived — Same-tissue replication: 1/2 concordant. Cross-tissue: 0/0 concordant.
2026-04-29 14:53:51 [INFO] riker.phases.phase5_replication: Gene ABCA13: survived — Same-tissue replication: 2/2 concordant. Cross-tissue: 0/0 concordant.
2026-04-29 14:53:51 [INFO] riker.phases.phase5_replication: Gene CCDC80: survived — Same-tissue replication: 2/2 concordant. Cross-tissue: 0/0 concordant.
2026-04-29 14:53:51 [INFO] riker.phases.phase5_replication: Gene CPXM2: survived — Same-tissue replication: 2/2 concordant. Cross-tissue: 0/0 concordant.
2026-04-29 14:53:51 [INFO] riker.phases.phase5_replication: Gene CRIP1: eliminated — Significant opposite direction in same-tissue dataset(s): ['GSE110147']. Discovery direction: up.
2026-04-29 14:53:51 [INFO] riker.phases.phase5_replication: Gene DERL3: survived — Same-tissue replication: 2/2 concordant. Cross-tissue: 0/0 concordant.
2026-04-29 14:53:51 [INFO] riker.phases.phase5_replication: Gene KLHL13: survived — Same-tissue replication: 2/2 concordant. Cross-tissue: 0/0 concordant.
2026-04-29 14:53:51 [INFO] riker.phases.phase5_replication: Gene PCDH7: survived — Same-tissue replication: 2/2 concordant. Cross-tissue: 0/0 concordant.
2026-04-29 14:53:51 [INFO] riker.phases.phase5_replication: Gene PRSS12: survived — Same-tissue replication: 2/2 concordant. Cross-tissue: 0/0 concordant.
2026-04-29 14:53:51 [INFO] riker.phases.phase5_replication: Gene ABCA3: survived — Same-tissue replication: 2/2 concordant. Cross-tissue: 0/0 concordant.
2026-04-29 14:53:51 [INFO] riker.phases.phase5_replication: Gene ALKAL2: survived — Same-tissue replication: 2/2 concordant. Cross-tissue: 0/0 concordant.
2026-04-29 14:53:51 [INFO] riker.phases.phase5_replication: Gene FASN: survived — Same-tissue replication: 2/2 concordant. Cross-tissue: 0/0 concordant.
2026-04-29 14:53:51 [INFO] riker.phases.phase5_replication: Gene NPR1: survived — Same-tissue replication: 2/2 concordant. Cross-tissue: 0/0 concordant.
2026-04-29 14:53:51 [INFO] riker.phases.phase5_replication: Gene PAPSS2: survived — Same-tissue replication: 2/2 concordant. Cross-tissue: 0/0 concordant.
2026-04-29 14:53:51 [INFO] riker.phases.phase5_replication: Gene EPAS1: survived — Same-tissue replication: 2/2 concordant. Cross-tissue: 0/0 concordant.
2026-04-29 14:53:51 [INFO] riker.phases.phase5_replication: Gene FIBIN: survived — Same-tissue replication: 2/2 concordant. Cross-tissue: 0/0 concordant.
2026-04-29 14:53:51 [INFO] riker.phases.phase5_replication: Gene KCNMB4: survived — Same-tissue replication: 2/2 concordant. Cross-tissue: 0/0 concordant.
2026-04-29 14:53:51 [INFO] riker.phases.phase5_replication: Gene MFSD2A: survived — Same-tissue replication: 2/2 concordant. Cross-tissue: 0/0 concordant.
2026-04-29 14:53:51 [INFO] riker.phases.phase5_replication: Gene OTULINL: survived — Same-tissue replication: 2/2 concordant. Cross-tissue: 0/0 concordant.
2026-04-29 14:53:51 [INFO] riker.phases.phase5_replication: Gene P3H2: survived — Same-tissue replication: 2/2 concordant. Cross-tissue: 0/0 concordant.
2026-04-29 14:53:51 [INFO] riker.phases.phase5_replication: Gene PDGFRA: eliminated — Significant opposite direction in same-tissue dataset(s): ['GSE110147', 'GSE10667']. Discovery direction: down.
2026-04-29 14:53:51 [INFO] riker.phases.phase5_replication: Gene PLLP: survived — Same-tissue replication: 2/2 concordant. Cross-tissue: 0/0 concordant.
2026-04-29 14:53:51 [INFO] riker.phases.phase5_replication: Gene SIGLEC10: eliminated — Significant opposite direction in same-tissue dataset(s): ['GSE10667']. Discovery direction: down.
2026-04-29 14:53:51 [INFO] riker.phases.phase5_replication: Gene SULT1B1: survived — Same-tissue replication: 0/2 concordant. Cross-tissue: 0/0 concordant.
2026-04-29 14:53:51 [INFO] riker.phases.phase5_replication: Gene ABCC4: eliminated — Significant opposite direction in same-tissue dataset(s): ['GSE110147']. Discovery direction: down.
2026-04-29 14:53:51 [INFO] riker.phases.phase5_replication: Gene ADPRH: survived — Same-tissue replication: 1/2 concordant. Cross-tissue: 0/0 concordant.
2026-04-29 14:53:51 [INFO] riker.phases.phase5_replication: Gene NSDHL: survived — Same-tissue replication: 1/2 concordant. Cross-tissue: 0/0 concordant.
2026-04-29 14:53:51 [INFO] riker.phases.phase5_replication: Gene PSMA6: survived — Same-tissue replication: 1/2 concordant. Cross-tissue: 0/0 concordant.
2026-04-29 14:53:51 [INFO] riker.phases.phase5_replication: Gene RAB20: survived — Same-tissue replication: 2/2 concordant. Cross-tissue: 0/0 concordant.
2026-04-29 14:53:51 [INFO] riker.phases.phase5_replication: Gene SRGAP2: survived — Same-tissue replication: 1/2 concordant. Cross-tissue: 0/0 concordant.
2026-04-29 14:53:51 [INFO] riker.phases.phase5_replication: Gene ABCC3: survived — Same-tissue replication: 2/2 concordant. Cross-tissue: 0/0 concordant.
2026-04-29 14:53:51 [INFO] riker.phases.phase5_replication: Gene ALDH3A1: survived — Same-tissue replication: 2/2 concordant. Cross-tissue: 0/0 concordant.
2026-04-29 14:53:51 [INFO] riker.phases.phase5_replication: Gene ASB2: survived — Same-tissue replication: 1/2 concordant. Cross-tissue: 0/0 concordant.
2026-04-29 14:53:51 [INFO] riker.phases.phase5_replication: Gene HPGDS: survived — Same-tissue replication: 1/2 concordant. Cross-tissue: 0/0 concordant.
2026-04-29 14:53:51 [INFO] riker.phases.phase5_replication: Gene MEOX1: survived — Same-tissue replication: 2/2 concordant. Cross-tissue: 0/0 concordant.
2026-04-29 14:53:51 [INFO] riker.phases.phase5_replication: Gene RHOV: survived — Same-tissue replication: 1/2 concordant. Cross-tissue: 0/0 concordant.
2026-04-29 14:53:51 [INFO] riker.phases.phase5_replication: Gene SLC4A11: survived — Same-tissue replication: 2/2 concordant. Cross-tissue: 0/0 concordant.
2026-04-29 14:53:51 [INFO] riker.phases.phase5_replication: Gene DPYSL3: survived — Same-tissue replication: 2/2 concordant. Cross-tissue: 0/0 concordant.
2026-04-29 14:53:51 [INFO] riker.phases.phase5_replication: Gene EGFL6: survived — Same-tissue replication: 2/2 concordant. Cross-tissue: 0/0 concordant.
2026-04-29 14:53:51 [INFO] riker.phases.phase5_replication: Gene KCNN3: survived — Same-tissue replication: 1/2 concordant. Cross-tissue: 0/0 concordant.
2026-04-29 14:53:51 [INFO] riker.phases.phase5_replication: Gene NAP1L3: survived — Same-tissue replication: 2/2 concordant. Cross-tissue: 0/0 concordant.
2026-04-29 14:53:51 [INFO] riker.phases.phase5_replication: Gene PDE7B: survived — Same-tissue replication: 2/2 concordant. Cross-tissue: 0/0 concordant.
2026-04-29 14:53:51 [INFO] riker.phases.phase5_replication: Gene PGM2L1: survived — Same-tissue replication: 2/2 concordant. Cross-tissue: 0/0 concordant.
2026-04-29 14:53:51 [INFO] riker.phases.phase5_replication: Gene RPGRIP1L: survived — Same-tissue replication: 2/2 concordant. Cross-tissue: 0/0 concordant.
2026-04-29 14:53:51 [INFO] riker.phases.phase5_replication: Gene SCARA3: eliminated — Significant opposite direction in same-tissue dataset(s): ['GSE110147']. Discovery direction: up.
2026-04-29 14:53:51 [INFO] riker.phases.phase5_replication: Gene SEL1L3: survived — Same-tissue replication: 2/2 concordant. Cross-tissue: 0/0 concordant.
2026-04-29 14:53:51 [INFO] riker.phases.phase5_replication: Gene TIGIT: survived — Same-tissue replication: 1/2 concordant. Cross-tissue: 0/0 concordant.
2026-04-29 14:53:51 [INFO] riker.phases.phase5_replication: Gene TOP6BL: survived — Same-tissue replication: 2/2 concordant. Cross-tissue: 0/0 concordant.
2026-04-29 14:53:51 [INFO] riker.phases.phase5_replication: Gene VSNL1: survived — Same-tissue replication: 2/2 concordant. Cross-tissue: 0/0 concordant.
2026-04-29 14:53:51 [INFO] riker.phases.phase5_replication: Gene CAV1: survived — Same-tissue replication: 2/2 concordant. Cross-tissue: 0/0 concordant.
2026-04-29 14:53:51 [INFO] riker.phases.phase5_replication: Gene SMIM3: survived — Same-tissue replication: 1/2 concordant. Cross-tissue: 0/0 concordant.
2026-04-29 14:53:51 [INFO] riker.phases.phase5_replication: Gene SOX7: survived — Same-tissue replication: 2/2 concordant. Cross-tissue: 0/0 concordant.
2026-04-29 14:53:51 [INFO] riker.phases.phase5_replication: Gene ADGRF1: survived — Same-tissue replication: 2/2 concordant. Cross-tissue: 0/0 concordant.
2026-04-29 14:53:51 [INFO] riker.phases.phase5_replication: Gene ARHGAP15: survived — Same-tissue replication: 2/2 concordant. Cross-tissue: 0/0 concordant.
2026-04-29 14:53:51 [INFO] riker.phases.phase5_replication: Gene CD38: survived — Same-tissue replication: 2/2 concordant. Cross-tissue: 0/0 concordant.
2026-04-29 14:53:51 [INFO] riker.phases.phase5_replication: Gene CLEC11A: eliminated — Significant opposite direction in same-tissue dataset(s): ['GSE110147']. Discovery direction: up.
2026-04-29 14:53:51 [INFO] riker.phases.phase5_replication: Gene COL7A1: survived — Same-tissue replication: 2/2 concordant. Cross-tissue: 0/0 concordant.
2026-04-29 14:53:51 [INFO] riker.phases.phase5_replication: Gene COLEC11: survived — Same-tissue replication: 2/2 concordant. Cross-tissue: 0/0 concordant.
2026-04-29 14:53:51 [INFO] riker.phases.phase5_replication: Gene IL1RN: survived — Same-tissue replication: 2/2 concordant. Cross-tissue: 0/0 concordant.
2026-04-29 14:53:51 [INFO] riker.phases.phase5_replication: Gene SELP: survived — Same-tissue replication: 2/2 concordant. Cross-tissue: 0/0 concordant.
2026-04-29 14:53:51 [INFO] riker.phases.phase5_replication: Gene SP140: survived — Same-tissue replication: 2/2 concordant. Cross-tissue: 0/0 concordant.
2026-04-29 14:53:51 [INFO] riker.phases.phase5_replication: Gene SYTL1: survived — Same-tissue replication: 1/2 concordant. Cross-tissue: 0/0 concordant.
2026-04-29 14:53:51 [INFO] riker.phases.phase5_replication: Gene TMEM190: survived — Same-tissue replication: 2/2 concordant. Cross-tissue: 0/0 concordant.
2026-04-29 14:53:51 [INFO] riker.phases.phase5_replication: Gene TRO: survived — Same-tissue replication: 1/2 concordant. Cross-tissue: 0/0 concordant.
2026-04-29 14:53:51 [INFO] riker.phases.phase5_replication: Gene ACOX2: eliminated — Significant opposite direction in same-tissue dataset(s): ['GSE110147']. Discovery direction: up.
2026-04-29 14:53:51 [INFO] riker.phases.phase5_replication: Gene BBS5: survived — Same-tissue replication: 2/2 concordant. Cross-tissue: 0/0 concordant.
2026-04-29 14:53:51 [INFO] riker.phases.phase5_replication: Gene DENND2B: survived — Same-tissue replication: 1/2 concordant. Cross-tissue: 0/0 concordant.
2026-04-29 14:53:51 [INFO] riker.phases.phase5_replication: Gene GEN1: survived — Same-tissue replication: 2/2 concordant. Cross-tissue: 0/0 concordant.
2026-04-29 14:53:51 [INFO] riker.phases.phase5_replication: Gene PPFIA2: survived — Same-tissue replication: 2/2 concordant. Cross-tissue: 0/0 concordant.
2026-04-29 14:53:51 [INFO] riker.phases.phase5_replication: Gene CLMN: survived — Same-tissue replication: 2/2 concordant. Cross-tissue: 0/0 concordant.
2026-04-29 14:53:51 [INFO] riker.phases.phase5_replication: Gene ERN2: survived — Same-tissue replication: 2/2 concordant. Cross-tissue: 0/0 concordant.
2026-04-29 14:53:51 [INFO] riker.phases.phase5_replication: Gene GPR155: survived — Same-tissue replication: 2/2 concordant. Cross-tissue: 0/0 concordant.
2026-04-29 14:53:51 [INFO] riker.phases.phase5_replication: Gene COBLL1: eliminated — Significant opposite direction in same-tissue dataset(s): ['GSE110147']. Discovery direction: down.
2026-04-29 14:53:51 [INFO] riker.phases.phase5_replication: Gene DYNC1LI1: eliminated — Significant opposite direction in same-tissue dataset(s): ['GSE10667']. Discovery direction: down.
2026-04-29 14:53:51 [INFO] riker.phases.phase5_replication: Gene KGD4: survived — Same-tissue replication: 1/2 concordant. Cross-tissue: 0/0 concordant.
2026-04-29 14:53:51 [INFO] riker.phases.phase5_replication: Gene L3MBTL4: survived — Same-tissue replication: 1/2 concordant. Cross-tissue: 0/0 concordant.
2026-04-29 14:53:51 [INFO] riker.phases.phase5_replication: Gene LPIN2: eliminated — Significant opposite direction in same-tissue dataset(s): ['GSE110147']. Discovery direction: down.
2026-04-29 14:53:51 [INFO] riker.phases.phase5_replication: Gene SPARCL1: eliminated — Significant opposite direction in same-tissue dataset(s): ['GSE110147', 'GSE10667']. Discovery direction: down.
2026-04-29 14:53:51 [INFO] riker.phases.phase5_replication: Gene ACSL1: eliminated — Significant opposite direction in same-tissue dataset(s): ['GSE110147']. Discovery direction: down.
2026-04-29 14:53:51 [INFO] riker.phases.phase5_replication: Gene AGER: survived — Same-tissue replication: 2/2 concordant. Cross-tissue: 0/0 concordant.
2026-04-29 14:53:51 [INFO] riker.phases.phase5_replication: Gene ARHGAP6: survived — Same-tissue replication: 1/2 concordant. Cross-tissue: 0/0 concordant.
2026-04-29 14:53:51 [INFO] riker.phases.phase5_replication: Gene CACNA2D2: survived — Same-tissue replication: 2/2 concordant. Cross-tissue: 0/0 concordant.
2026-04-29 14:53:51 [INFO] riker.phases.phase5_replication: Gene CD274: survived — Same-tissue replication: 1/2 concordant. Cross-tissue: 0/0 concordant.
2026-04-29 14:53:51 [INFO] riker.phases.phase5_replication: Gene CDH13: survived — Same-tissue replication: 2/2 concordant. Cross-tissue: 0/0 concordant.
2026-04-29 14:53:51 [INFO] riker.phases.phase5_replication: Gene F2RL3: survived — Same-tissue replication: 1/2 concordant. Cross-tissue: 0/0 concordant.
2026-04-29 14:53:51 [INFO] riker.phases.phase5_replication: Gene ID1: survived — Same-tissue replication: 2/2 concordant. Cross-tissue: 0/0 concordant.
2026-04-29 14:53:51 [INFO] riker.phases.phase5_replication: Gene MT1X: survived — Same-tissue replication: 2/2 concordant. Cross-tissue: 0/0 concordant.
2026-04-29 14:53:51 [INFO] riker.phases.phase5_replication: Gene OLAH: survived — Same-tissue replication: 1/2 concordant. Cross-tissue: 0/0 concordant.
2026-04-29 14:53:51 [INFO] riker.phases.phase5_replication: Gene S1PR1: survived — Same-tissue replication: 2/2 concordant. Cross-tissue: 0/0 concordant.
2026-04-29 14:53:51 [INFO] riker.phases.phase5_replication: Gene TAMALIN: survived — Same-tissue replication: 2/2 concordant. Cross-tissue: 0/0 concordant.
2026-04-29 14:53:51 [INFO] riker.phases.phase5_replication: Gene ADI1: survived — Same-tissue replication: 1/2 concordant. Cross-tissue: 0/0 concordant.
2026-04-29 14:53:51 [INFO] riker.phases.phase5_replication: Gene ALPP: survived — Same-tissue replication: 1/2 concordant. Cross-tissue: 0/0 concordant.
2026-04-29 14:53:51 [INFO] riker.phases.phase5_replication: Gene AOX1: eliminated — Significant opposite direction in same-tissue dataset(s): ['GSE110147', 'GSE10667']. Discovery direction: down.
2026-04-29 14:53:51 [INFO] riker.phases.phase5_replication: Gene DIO3: eliminated — Significant opposite direction in same-tissue dataset(s): ['GSE10667']. Discovery direction: down.
2026-04-29 14:53:51 [INFO] riker.phases.phase5_replication: Gene GLO1: survived — Same-tissue replication: 1/2 concordant. Cross-tissue: 0/0 concordant.
2026-04-29 14:53:51 [INFO] riker.phases.phase5_replication: Gene JPH1: survived — Same-tissue replication: 2/2 concordant. Cross-tissue: 0/0 concordant.
2026-04-29 14:53:51 [INFO] riker.phases.phase5_replication: Gene LGI4: survived — Same-tissue replication: 1/2 concordant. Cross-tissue: 0/0 concordant.
2026-04-29 14:53:51 [INFO] riker.phases.phase5_replication: Gene SLAIN1: survived — Same-tissue replication: 2/2 concordant. Cross-tissue: 0/0 concordant.
2026-04-29 14:53:51 [INFO] riker.phases.phase5_replication: Gene TSC22D3: survived — Same-tissue replication: 1/2 concordant. Cross-tissue: 0/0 concordant.
2026-04-29 14:53:51 [INFO] riker.phases.phase5_replication: Gene WNT7A: survived — Same-tissue replication: 2/2 concordant. Cross-tissue: 0/0 concordant.
2026-04-29 14:53:51 [INFO] riker.phases.phase5_replication: Gene ZNF438: eliminated — Significant opposite direction in same-tissue dataset(s): ['GSE10667']. Discovery direction: down.
2026-04-29 14:53:51 [INFO] riker.phases.phase5_replication: Gene ACVRL1: survived — Same-tissue replication: 2/2 concordant. Cross-tissue: 0/0 concordant.
2026-04-29 14:53:51 [INFO] riker.phases.phase5_replication: Gene MME: survived — Same-tissue replication: 2/2 concordant. Cross-tissue: 0/0 concordant.
2026-04-29 14:53:51 [INFO] riker.phases.phase5_replication: Gene PLA1A: survived — Same-tissue replication: 1/2 concordant. Cross-tissue: 0/0 concordant.
2026-04-29 14:53:51 [INFO] riker.phases.phase5_replication: Gene PLA2G4F: survived — Same-tissue replication: 2/2 concordant. Cross-tissue: 0/0 concordant.
2026-04-29 14:53:51 [INFO] riker.phases.phase5_replication: Gene SEC14L4: survived — Same-tissue replication: 2/2 concordant. Cross-tissue: 0/0 concordant.
2026-04-29 14:53:51 [INFO] riker.phases.phase5_replication: Gene SLC19A2: eliminated — Significant opposite direction in same-tissue dataset(s): ['GSE110147']. Discovery direction: down.
2026-04-29 14:53:51 [INFO] riker.phases.phase5_replication: Gene ADAMTS1: eliminated — Significant opposite direction in same-tissue dataset(s): ['GSE110147']. Discovery direction: down.
2026-04-29 14:53:51 [INFO] riker.phases.phase5_replication: Gene ANXA3: survived — Same-tissue replication: 2/2 concordant. Cross-tissue: 0/0 concordant.
2026-04-29 14:53:51 [INFO] riker.phases.phase5_replication: Gene GFOD1: survived — Same-tissue replication: 2/2 concordant. Cross-tissue: 0/0 concordant.
2026-04-29 14:53:51 [INFO] riker.phases.phase5_replication: Gene HECW2: survived — Same-tissue replication: 2/2 concordant. Cross-tissue: 0/0 concordant.
2026-04-29 14:53:51 [INFO] riker.phases.phase5_replication: Gene KLF15: survived — Same-tissue replication: 1/2 concordant. Cross-tissue: 0/0 concordant.
2026-04-29 14:53:51 [INFO] riker.phases.phase5_replication: Gene MYZAP: survived — Same-tissue replication: 2/2 concordant. Cross-tissue: 0/0 concordant.
2026-04-29 14:53:51 [INFO] riker.phases.phase5_replication: Gene TMEM204: survived — Same-tissue replication: 2/2 concordant. Cross-tissue: 0/0 concordant.
2026-04-29 14:53:51 [INFO] riker.phases.phase5_replication: Gene CORO6: survived — Same-tissue replication: 1/2 concordant. Cross-tissue: 0/0 concordant.
2026-04-29 14:53:51 [INFO] riker.phases.phase5_replication: Gene EMP2: survived — Same-tissue replication: 2/2 concordant. Cross-tissue: 0/0 concordant.
2026-04-29 14:53:51 [INFO] riker.phases.phase5_replication: Gene HYAL2: survived — Same-tissue replication: 2/2 concordant. Cross-tissue: 0/0 concordant.
2026-04-29 14:53:51 [INFO] riker.phases.phase5_replication: Gene RNF182: survived — Same-tissue replication: 2/2 concordant. Cross-tissue: 0/0 concordant.
2026-04-29 14:53:51 [INFO] riker.phases.phase5_replication: Gene SLC19A3: survived — Same-tissue replication: 2/2 concordant. Cross-tissue: 0/0 concordant.
2026-04-29 14:53:51 [INFO] riker.phases.phase5_replication: Gene LAMC3: survived — Same-tissue replication: 2/2 concordant. Cross-tissue: 0/0 concordant.
2026-04-29 14:53:51 [INFO] riker.phases.phase5_replication: Gene MYRF: survived — Same-tissue replication: 2/2 concordant. Cross-tissue: 0/0 concordant.
2026-04-29 14:53:51 [INFO] riker.phases.phase5_replication: Gene PCSK9: survived — Same-tissue replication: 2/2 concordant. Cross-tissue: 0/0 concordant.
2026-04-29 14:53:51 [INFO] riker.phases.phase5_replication: Gene PIGA: eliminated — Significant opposite direction in same-tissue dataset(s): ['GSE110147']. Discovery direction: down.
2026-04-29 14:53:51 [INFO] riker.phases.phase5_replication: Gene ANKRD18B: survived — Same-tissue replication: 1/1 concordant. Cross-tissue: 0/0 concordant.
2026-04-29 14:53:51 [INFO] riker.phases.phase5_replication: Gene ARID5B: survived — Same-tissue replication: 2/2 concordant. Cross-tissue: 0/0 concordant.
2026-04-29 14:53:51 [INFO] riker.phases.phase5_replication: Gene NME9: survived — Same-tissue replication: 2/2 concordant. Cross-tissue: 0/0 concordant.
2026-04-29 14:53:51 [INFO] riker.phases.phase5_replication: Gene TIA1: survived — Same-tissue replication: 2/2 concordant. Cross-tissue: 0/0 concordant.
2026-04-29 14:53:51 [INFO] riker.phases.phase5_replication: Gene CFHR1: survived — Same-tissue replication: 2/2 concordant. Cross-tissue: 0/0 concordant.
2026-04-29 14:53:51 [INFO] riker.phases.phase5_replication: Gene FERMT1: survived — Same-tissue replication: 2/2 concordant. Cross-tissue: 0/0 concordant.
2026-04-29 14:53:51 [INFO] riker.phases.phase5_replication: Gene GOLM1: survived — Same-tissue replication: 2/2 concordant. Cross-tissue: 0/0 concordant.
2026-04-29 14:53:51 [INFO] riker.phases.phase5_replication: Gene LGI2: survived — Same-tissue replication: 2/2 concordant. Cross-tissue: 0/0 concordant.
2026-04-29 14:53:51 [INFO] riker.phases.phase5_replication: Gene SPRR1A: eliminated — Significant opposite direction in same-tissue dataset(s): ['GSE110147']. Discovery direction: up.
2026-04-29 14:53:51 [INFO] riker.phases.phase5_replication: Gene TOP2A: survived — Same-tissue replication: 2/2 concordant. Cross-tissue: 0/0 concordant.
2026-04-29 14:53:51 [INFO] riker.phases.phase5_replication: Gene WNT10A: eliminated — Significant opposite direction in same-tissue dataset(s): ['GSE110147']. Discovery direction: up.
2026-04-29 14:53:51 [INFO] riker.phases.phase5_replication: Gene CDH3: survived — Same-tissue replication: 2/2 concordant. Cross-tissue: 0/0 concordant.
2026-04-29 14:53:51 [INFO] riker.phases.phase5_replication: Gene COL15A1: survived — Same-tissue replication: 2/2 concordant. Cross-tissue: 0/0 concordant.
2026-04-29 14:53:51 [INFO] riker.phases.phase5_replication: Gene COMP: survived — Same-tissue replication: 2/2 concordant. Cross-tissue: 0/0 concordant.
2026-04-29 14:53:51 [INFO] riker.phases.phase5_replication: Gene CTHRC1: survived — Same-tissue replication: 2/2 concordant. Cross-tissue: 0/0 concordant.
2026-04-29 14:53:51 [INFO] riker.phases.phase5_replication: Gene FNDC1: survived — Same-tissue replication: 2/2 concordant. Cross-tissue: 0/0 concordant.
2026-04-29 14:53:51 [INFO] riker.phases.phase5_replication: Gene KRT17: survived — Same-tissue replication: 2/2 concordant. Cross-tissue: 0/0 concordant.
2026-04-29 14:53:51 [INFO] riker.phases.phase5_replication: Gene PLPPR4: survived — Same-tissue replication: 2/2 concordant. Cross-tissue: 0/0 concordant.
2026-04-29 14:53:51 [INFO] riker.phases.phase5_replication: Gene SERPIND1: survived — Same-tissue replication: 2/2 concordant. Cross-tissue: 0/0 concordant.
2026-04-29 14:53:51 [INFO] riker.phases.phase5_replication: Gene THY1: survived — Same-tissue replication: 2/2 concordant. Cross-tissue: 0/0 concordant.
2026-04-29 14:53:51 [INFO] riker.phases.phase5_replication: Gene TP63: survived — Same-tissue replication: 2/2 concordant. Cross-tissue: 0/0 concordant.
2026-04-29 14:53:51 [INFO] riker.phases.phase5_replication: Gene CNNM2: eliminated — Significant opposite direction in same-tissue dataset(s): ['GSE110147']. Discovery direction: up.
2026-04-29 14:53:51 [INFO] riker.phases.phase5_replication: Gene HDAC9: survived — Same-tissue replication: 2/2 concordant. Cross-tissue: 0/0 concordant.
2026-04-29 14:53:51 [INFO] riker.phases.phase5_replication: Gene P2RY10: eliminated — Significant opposite direction in same-tissue dataset(s): ['GSE110147']. Discovery direction: up.
2026-04-29 14:53:51 [INFO] riker.phases.phase5_replication: Gene RBM24: survived — Same-tissue replication: 2/2 concordant. Cross-tissue: 0/0 concordant.
2026-04-29 14:53:51 [INFO] riker.phases.phase5_replication: Gene SMARCA1: survived — Same-tissue replication: 2/2 concordant. Cross-tissue: 0/0 concordant.
2026-04-29 14:53:51 [INFO] riker.phases.phase5_replication: Gene TMEM182: survived — Same-tissue replication: 2/2 concordant. Cross-tissue: 0/0 concordant.
2026-04-29 14:53:51 [INFO] riker.phases.phase5_replication: Gene CACNB4: survived — Same-tissue replication: 2/2 concordant. Cross-tissue: 0/0 concordant.
2026-04-29 14:53:51 [INFO] riker.phases.phase5_replication: Gene CLOCK: eliminated — Significant opposite direction in same-tissue dataset(s): ['GSE110147']. Discovery direction: down.
2026-04-29 14:53:51 [INFO] riker.phases.phase5_replication: Gene PALS2: eliminated — Significant opposite direction in same-tissue dataset(s): ['GSE110147', 'GSE10667']. Discovery direction: down.
2026-04-29 14:53:51 [INFO] riker.phases.phase5_replication: Gene PARD3: eliminated — Significant opposite direction in same-tissue dataset(s): ['GSE110147']. Discovery direction: down.
2026-04-29 14:53:51 [INFO] riker.phases.phase5_replication: Gene ROCK2: eliminated — Significant opposite direction in same-tissue dataset(s): ['GSE110147']. Discovery direction: down.
2026-04-29 14:53:51 [INFO] riker.phases.phase5_replication: Gene CCDC60: survived — Same-tissue replication: 2/2 concordant. Cross-tissue: 0/0 concordant.
2026-04-29 14:53:51 [INFO] riker.phases.phase5_replication: Gene CKMT1A: survived — Same-tissue replication: 2/2 concordant. Cross-tissue: 0/0 concordant.
2026-04-29 14:53:51 [INFO] riker.phases.phase5_replication: Gene DAPP1: survived — Same-tissue replication: 2/2 concordant. Cross-tissue: 0/0 concordant.
2026-04-29 14:53:51 [INFO] riker.phases.phase5_replication: Gene FLNC: survived — Same-tissue replication: 2/2 concordant. Cross-tissue: 0/0 concordant.
2026-04-29 14:53:51 [INFO] riker.phases.phase5_replication: Gene PDE1A: survived — Same-tissue replication: 2/2 concordant. Cross-tissue: 0/0 concordant.
2026-04-29 14:53:51 [INFO] riker.phases.phase5_replication: Gene TSPAN2: survived — Same-tissue replication: 2/2 concordant. Cross-tissue: 0/0 concordant.
2026-04-29 14:53:51 [INFO] riker.phases.phase5_replication: Gene NBEA: survived — Same-tissue replication: 2/2 concordant. Cross-tissue: 0/0 concordant.
2026-04-29 14:53:51 [INFO] riker.phases.phase5_replication: Gene NFATC2: eliminated — Significant opposite direction in same-tissue dataset(s): ['GSE110147']. Discovery direction: up.
2026-04-29 14:53:51 [INFO] riker.phases.phase5_replication: Gene PDGFRL: survived — Same-tissue replication: 2/2 concordant. Cross-tissue: 0/0 concordant.
2026-04-29 14:53:51 [INFO] riker.phases.phase5_replication: Gene PRKAA2: survived — Same-tissue replication: 2/2 concordant. Cross-tissue: 0/0 concordant.
2026-04-29 14:53:51 [INFO] riker.phases.phase5_replication: Gene FES: survived — Same-tissue replication: 1/2 concordant. Cross-tissue: 0/0 concordant.
2026-04-29 14:53:51 [INFO] riker.phases.phase5_replication: Gene PAG1: survived — Same-tissue replication: 1/2 concordant. Cross-tissue: 0/0 concordant.
2026-04-29 14:53:51 [INFO] riker.phases.phase5_replication: Gene PDPN: survived — Same-tissue replication: 1/2 concordant. Cross-tissue: 0/0 concordant.
2026-04-29 14:53:51 [INFO] riker.phases.phase5_replication: Gene TFE3: survived — Same-tissue replication: 1/2 concordant. Cross-tissue: 0/0 concordant.
2026-04-29 14:53:51 [INFO] riker.phases.phase5_replication: Gene TMEM120A: survived — Same-tissue replication: 1/2 concordant. Cross-tissue: 0/0 concordant.
2026-04-29 14:53:51 [INFO] riker.phases.phase5_replication: Gene GBA2: survived — Same-tissue replication: 1/2 concordant. Cross-tissue: 0/0 concordant.
2026-04-29 14:53:51 [INFO] riker.phases.phase5_replication: Gene HIPK2: survived — Same-tissue replication: 2/2 concordant. Cross-tissue: 0/0 concordant.
2026-04-29 14:53:51 [INFO] riker.phases.phase5_replication: Gene MVD: survived — Same-tissue replication: 2/2 concordant. Cross-tissue: 0/0 concordant.
2026-04-29 14:53:51 [INFO] riker.phases.phase5_replication: Gene RAB11FIP1: survived — Same-tissue replication: 2/2 concordant. Cross-tissue: 0/0 concordant.
2026-04-29 14:53:51 [INFO] riker.phases.phase5_replication: Gene SPRING1: survived — Same-tissue replication: 2/2 concordant. Cross-tissue: 0/0 concordant.
2026-04-29 14:53:51 [INFO] riker.phases.phase5_replication: Gene SPRYD7: survived — Same-tissue replication: 2/2 concordant. Cross-tissue: 0/0 concordant.
2026-04-29 14:53:51 [INFO] riker.phases.phase5_replication: Gene CXCL2: survived — Same-tissue replication: 2/2 concordant. Cross-tissue: 0/0 concordant.
2026-04-29 14:53:51 [INFO] riker.phases.phase5_replication: Gene IL6: survived — Same-tissue replication: 2/2 concordant. Cross-tissue: 0/0 concordant.
2026-04-29 14:53:51 [INFO] riker.phases.phase5_replication: Gene ZBED2: survived — Same-tissue replication: 2/2 concordant. Cross-tissue: 0/0 concordant.
2026-04-29 14:53:51 [INFO] riker.phases.phase5_replication: Gene ANKH: survived — Same-tissue replication: 2/2 concordant. Cross-tissue: 0/0 concordant.
2026-04-29 14:53:51 [INFO] riker.phases.phase5_replication: Gene B3GALNT2: survived — Same-tissue replication: 2/2 concordant. Cross-tissue: 0/0 concordant.
2026-04-29 14:53:51 [INFO] riker.phases.phase5_replication: Gene MPPED2: survived — Same-tissue replication: 2/2 concordant. Cross-tissue: 0/0 concordant.
2026-04-29 14:53:51 [INFO] riker.phases.phase5_replication: Gene P4HTM: survived — Same-tissue replication: 1/2 concordant. Cross-tissue: 0/0 concordant.
2026-04-29 14:53:51 [INFO] riker.phases.phase5_replication: Gene PAK1: survived — Same-tissue replication: 2/2 concordant. Cross-tissue: 0/0 concordant.
2026-04-29 14:53:51 [INFO] riker.phases.phase5_replication: Gene PAM: survived — Same-tissue replication: 2/2 concordant. Cross-tissue: 0/0 concordant.
2026-04-29 14:53:51 [INFO] riker.phases.phase5_replication: Gene RYR3: survived — Same-tissue replication: 2/2 concordant. Cross-tissue: 0/0 concordant.
2026-04-29 14:53:51 [INFO] riker.phases.phase5_replication: Gene SPATS2: survived — Same-tissue replication: 2/2 concordant. Cross-tissue: 0/0 concordant.
2026-04-29 14:53:51 [INFO] riker.phases.phase5_replication: Gene TTC9: eliminated — Significant opposite direction in same-tissue dataset(s): ['GSE110147']. Discovery direction: up.
2026-04-29 14:53:51 [INFO] riker.phases.phase5_replication: Gene FCER1A: eliminated — Significant opposite direction in same-tissue dataset(s): ['GSE110147']. Discovery direction: up.
2026-04-29 14:53:51 [INFO] riker.phases.phase5_replication: Gene MDK: eliminated — Significant opposite direction in same-tissue dataset(s): ['GSE110147']. Discovery direction: up.
2026-04-29 14:53:51 [INFO] riker.phases.phase5_replication: Gene ST6GALNAC1: survived — Same-tissue replication: 2/2 concordant. Cross-tissue: 0/0 concordant.
2026-04-29 14:53:51 [INFO] riker.phases.phase5_replication: Gene TSPAN11: survived — Same-tissue replication: 1/2 concordant. Cross-tissue: 0/0 concordant.
2026-04-29 14:53:51 [INFO] riker.phases.phase5_replication: Gene C12orf75: eliminated — Significant opposite direction in same-tissue dataset(s): ['GSE110147']. Discovery direction: up.
2026-04-29 14:53:51 [INFO] riker.phases.phase5_replication: Gene CCDC146: survived — Same-tissue replication: 2/2 concordant. Cross-tissue: 0/0 concordant.
2026-04-29 14:53:51 [INFO] riker.phases.phase5_replication: Gene CLIC6: survived — Same-tissue replication: 2/2 concordant. Cross-tissue: 0/0 concordant.
2026-04-29 14:53:51 [INFO] riker.phases.phase5_replication: Gene COL3A1: survived — Same-tissue replication: 2/2 concordant. Cross-tissue: 0/0 concordant.
2026-04-29 14:53:51 [INFO] riker.phases.phase5_replication: Gene CTSK: survived — Same-tissue replication: 2/2 concordant. Cross-tissue: 0/0 concordant.
2026-04-29 14:53:51 [INFO] riker.phases.phase5_replication: Gene CXCL12: survived — Same-tissue replication: 2/2 concordant. Cross-tissue: 0/0 concordant.
2026-04-29 14:53:51 [INFO] riker.phases.phase5_replication: Gene FHL2: survived — Same-tissue replication: 2/2 concordant. Cross-tissue: 0/0 concordant.
2026-04-29 14:53:51 [INFO] riker.phases.phase5_replication: Gene MMP10: survived — Same-tissue replication: 2/2 concordant. Cross-tissue: 0/0 concordant.
2026-04-29 14:53:51 [INFO] riker.phases.phase5_replication: Gene MS4A2: survived — Same-tissue replication: 2/2 concordant. Cross-tissue: 0/0 concordant.
2026-04-29 14:53:51 [INFO] riker.phases.phase5_replication: Gene SCG5: survived — Same-tissue replication: 2/2 concordant. Cross-tissue: 0/0 concordant.
2026-04-29 14:53:51 [INFO] riker.phases.phase5_replication: Gene TMEM45A: survived — Same-tissue replication: 2/2 concordant. Cross-tissue: 0/0 concordant.
2026-04-29 14:53:51 [INFO] riker.phases.phase5_replication: Gene TPPP3: eliminated — Significant opposite direction in same-tissue dataset(s): ['GSE110147']. Discovery direction: up.
2026-04-29 14:53:51 [INFO] riker.phases.phase5_replication: Gene VSIG1: survived — Same-tissue replication: 2/2 concordant. Cross-tissue: 0/0 concordant.
2026-04-29 14:53:51 [INFO] riker.phases.phase5_replication: Gene FAM89B: eliminated — Significant opposite direction in same-tissue dataset(s): ['GSE110147']. Discovery direction: up.
2026-04-29 14:53:51 [INFO] riker.phases.phase5_replication: Gene RPRD2: eliminated — Significant opposite direction in same-tissue dataset(s): ['GSE110147']. Discovery direction: up.
2026-04-29 14:53:51 [INFO] riker.phases.phase5_replication: Gene ZFHX2: eliminated — Significant opposite direction in same-tissue dataset(s): ['GSE110147']. Discovery direction: up.
2026-04-29 14:53:51 [INFO] riker.phases.phase5_replication: Gene GPRASP1: survived — Same-tissue replication: 2/2 concordant. Cross-tissue: 0/0 concordant.
2026-04-29 14:53:52 [INFO] riker.phases.phase5_replication: Gene HCST: eliminated — Significant opposite direction in same-tissue dataset(s): ['GSE110147']. Discovery direction: up.
2026-04-29 14:53:52 [INFO] riker.phases.phase5_replication: Gene HMGN1: survived — Same-tissue replication: 2/2 concordant. Cross-tissue: 0/0 concordant.
2026-04-29 14:53:52 [INFO] riker.phases.phase5_replication: Gene PBXIP1: survived — Same-tissue replication: 1/2 concordant. Cross-tissue: 0/0 concordant.
2026-04-29 14:53:52 [INFO] riker.phases.phase5_replication: Gene PTGER4: eliminated — Significant opposite direction in same-tissue dataset(s): ['GSE110147']. Discovery direction: up.
2026-04-29 14:53:52 [INFO] riker.phases.phase5_replication: Gene SLC27A1: eliminated — Significant opposite direction in same-tissue dataset(s): ['GSE110147']. Discovery direction: up.
2026-04-29 14:53:52 [INFO] riker.phases.phase5_replication: Gene ABCB6: eliminated — Significant opposite direction in same-tissue dataset(s): ['GSE110147', 'GSE10667']. Discovery direction: down.
2026-04-29 14:53:52 [INFO] riker.phases.phase5_replication: Gene ALOX5AP: survived — Same-tissue replication: 1/2 concordant. Cross-tissue: 0/0 concordant.
2026-04-29 14:53:52 [INFO] riker.phases.phase5_replication: Gene CYP51A1: eliminated — Significant opposite direction in same-tissue dataset(s): ['GSE110147']. Discovery direction: down.
2026-04-29 14:53:52 [INFO] riker.phases.phase5_replication: Gene GGTLC2: survived — Same-tissue replication: 2/2 concordant. Cross-tissue: 0/0 concordant.
2026-04-29 14:53:52 [INFO] riker.phases.phase5_replication: Gene PMM1: survived — Same-tissue replication: 2/2 concordant. Cross-tissue: 0/0 concordant.
2026-04-29 14:53:52 [INFO] riker.phases.phase5_replication: Gene SMAP2: eliminated — Significant opposite direction in same-tissue dataset(s): ['GSE110147', 'GSE10667']. Discovery direction: down.
2026-04-29 14:53:52 [INFO] riker.phases.phase5_replication: Gene CNIH4: survived — Same-tissue replication: 1/2 concordant. Cross-tissue: 0/0 concordant.
2026-04-29 14:53:52 [INFO] riker.phases.phase5_replication: Gene EXOC3L1: survived — Same-tissue replication: 2/2 concordant. Cross-tissue: 0/0 concordant.
2026-04-29 14:53:52 [INFO] riker.phases.phase5_replication: Gene GTPBP6: eliminated — Significant opposite direction in same-tissue dataset(s): ['GSE10667']. Discovery direction: down.
2026-04-29 14:53:52 [INFO] riker.phases.phase5_replication: Gene MIER2: survived — Same-tissue replication: 2/2 concordant. Cross-tissue: 0/0 concordant.
2026-04-29 14:53:52 [INFO] riker.phases.phase5_replication: Gene MTMR4: eliminated — Significant opposite direction in same-tissue dataset(s): ['GSE110147', 'GSE10667']. Discovery direction: down.
2026-04-29 14:53:52 [INFO] riker.phases.phase5_replication: Gene SERPING1: survived — Same-tissue replication: 1/2 concordant. Cross-tissue: 0/0 concordant.
2026-04-29 14:53:52 [INFO] riker.phases.phase5_replication: Gene CCNJL: survived — Same-tissue replication: 2/2 concordant. Cross-tissue: 0/0 concordant.
2026-04-29 14:53:52 [INFO] riker.phases.phase5_replication: Gene EMC3: eliminated — Significant opposite direction in same-tissue dataset(s): ['GSE10667']. Discovery direction: down.
2026-04-29 14:53:52 [INFO] riker.phases.phase5_replication: Gene GUCD1: survived — Same-tissue replication: 1/2 concordant. Cross-tissue: 0/0 concordant.
2026-04-29 14:53:52 [INFO] riker.phases.phase5_replication: Gene IL17RE: survived — Same-tissue replication: 2/2 concordant. Cross-tissue: 0/0 concordant.
2026-04-29 14:53:52 [INFO] riker.phases.phase5_replication: Gene RAD21: eliminated — Significant opposite direction in same-tissue dataset(s): ['GSE110147']. Discovery direction: down.
2026-04-29 14:53:52 [INFO] riker.phases.phase5_replication: Gene SNRK: survived — Same-tissue replication: 2/2 concordant. Cross-tissue: 0/0 concordant.
2026-04-29 14:53:52 [INFO] riker.phases.phase5_replication: Gene ERG28: survived — Same-tissue replication: 2/2 concordant. Cross-tissue: 0/0 concordant.
2026-04-29 14:53:52 [INFO] riker.phases.phase5_replication: Gene MTRF1L: eliminated — Significant opposite direction in same-tissue dataset(s): ['GSE110147']. Discovery direction: down.
2026-04-29 14:53:52 [INFO] riker.phases.phase5_replication: Gene PPP2CB: survived — Same-tissue replication: 2/2 concordant. Cross-tissue: 0/0 concordant.
2026-04-29 14:53:52 [INFO] riker.phases.phase5_replication: Gene ZNF622: eliminated — Significant opposite direction in same-tissue dataset(s): ['GSE110147']. Discovery direction: down.
2026-04-29 14:53:52 [INFO] riker.phases.phase5_replication: Gene CLIC3: survived — Same-tissue replication: 2/2 concordant. Cross-tissue: 0/0 concordant.
2026-04-29 14:53:52 [INFO] riker.phases.phase5_replication: Gene MACF1: eliminated — Significant opposite direction in same-tissue dataset(s): ['GSE110147']. Discovery direction: down.
2026-04-29 14:53:52 [INFO] riker.phases.phase5_replication: Gene PELI1: eliminated — Significant opposite direction in same-tissue dataset(s): ['GSE110147']. Discovery direction: down.
2026-04-29 14:53:52 [INFO] riker.phases.phase5_replication: Gene SDCCAG8: eliminated — Significant opposite direction in same-tissue dataset(s): ['GSE110147']. Discovery direction: down.
2026-04-29 14:53:52 [INFO] riker.phases.phase5_replication: Gene THBD: survived — Same-tissue replication: 2/2 concordant. Cross-tissue: 0/0 concordant.
2026-04-29 14:53:52 [INFO] riker.phases.phase5_replication: Gene ADHFE1: survived — Same-tissue replication: 2/2 concordant. Cross-tissue: 0/0 concordant.
2026-04-29 14:53:52 [INFO] riker.phases.phase5_replication: Gene OLFM4: survived — Same-tissue replication: 1/2 concordant. Cross-tissue: 0/0 concordant.
2026-04-29 14:53:52 [INFO] riker.phases.phase5_replication: Gene PLA2G3: survived — Same-tissue replication: 2/2 concordant. Cross-tissue: 0/0 concordant.
2026-04-29 14:53:52 [INFO] riker.phases.phase5_replication: Gene ADGRB3: eliminated — Significant opposite direction in same-tissue dataset(s): ['GSE110147']. Discovery direction: down.
2026-04-29 14:53:52 [INFO] riker.phases.phase5_replication: Gene PELO: survived — Same-tissue replication: 0/2 concordant. Cross-tissue: 0/0 concordant.
2026-04-29 14:53:52 [INFO] riker.phases.phase5_replication: Gene SOX17: survived — Same-tissue replication: 2/2 concordant. Cross-tissue: 0/0 concordant.
2026-04-29 14:53:52 [INFO] riker.phases.phase5_replication: Gene ANP32B: eliminated — Significant opposite direction in same-tissue dataset(s): ['GSE110147']. Discovery direction: down.
2026-04-29 14:53:52 [INFO] riker.phases.phase5_replication: Gene CEP20: survived — Same-tissue replication: 1/2 concordant. Cross-tissue: 0/0 concordant.
2026-04-29 14:53:52 [INFO] riker.phases.phase5_replication: Gene CHST1: survived — Same-tissue replication: 2/2 concordant. Cross-tissue: 0/0 concordant.
2026-04-29 14:53:52 [INFO] riker.phases.phase5_replication: Gene CLIC5: survived — Same-tissue replication: 2/2 concordant. Cross-tissue: 0/0 concordant.
2026-04-29 14:53:52 [INFO] riker.phases.phase5_replication: Gene GAB1: survived — Same-tissue replication: 2/2 concordant. Cross-tissue: 0/0 concordant.
2026-04-29 14:53:52 [INFO] riker.phases.phase5_replication: Gene MBIP: survived — Same-tissue replication: 2/2 concordant. Cross-tissue: 0/0 concordant.
2026-04-29 14:53:52 [INFO] riker.phases.phase5_replication: Gene MTM1: eliminated — Significant opposite direction in same-tissue dataset(s): ['GSE110147']. Discovery direction: down.
2026-04-29 14:53:52 [INFO] riker.phases.phase5_replication: Gene RHOF: survived — Same-tissue replication: 2/2 concordant. Cross-tissue: 0/0 concordant.
2026-04-29 14:53:52 [INFO] riker.phases.phase5_replication: Gene RNF185: eliminated — Significant opposite direction in same-tissue dataset(s): ['GSE10667']. Discovery direction: down.
2026-04-29 14:53:52 [INFO] riker.phases.phase5_replication: Gene SH3D19: survived — Same-tissue replication: 0/2 concordant. Cross-tissue: 0/0 concordant.
2026-04-29 14:53:52 [INFO] riker.phases.phase5_replication: Gene SLC25A6: eliminated — Significant opposite direction in same-tissue dataset(s): ['GSE10667']. Discovery direction: down.
2026-04-29 14:53:52 [INFO] riker.phases.phase5_replication: Gene STEEP1: eliminated — Significant opposite direction in same-tissue dataset(s): ['GSE110147']. Discovery direction: down.
2026-04-29 14:53:52 [INFO] riker.phases.phase5_replication: Gene EID3: survived — Same-tissue replication: 1/2 concordant. Cross-tissue: 0/0 concordant.
2026-04-29 14:53:52 [INFO] riker.phases.phase5_replication: Gene GNA13: survived — Same-tissue replication: 2/2 concordant. Cross-tissue: 0/0 concordant.
2026-04-29 14:53:52 [INFO] riker.phases.phase5_replication: Gene LAMTOR1: survived — Same-tissue replication: 1/2 concordant. Cross-tissue: 0/0 concordant.
2026-04-29 14:53:52 [INFO] riker.phases.phase5_replication: Gene COMMD9: survived — Same-tissue replication: 1/2 concordant. Cross-tissue: 0/0 concordant.
2026-04-29 14:53:52 [INFO] riker.phases.phase5_replication: Gene CPNE2: survived — Same-tissue replication: 2/2 concordant. Cross-tissue: 0/0 concordant.
2026-04-29 14:53:52 [INFO] riker.phases.phase5_replication: Gene MCEMP1: survived — Same-tissue replication: 2/2 concordant. Cross-tissue: 0/0 concordant.
2026-04-29 14:53:52 [INFO] riker.phases.phase5_replication: Gene NEDD4L: survived — Same-tissue replication: 2/2 concordant. Cross-tissue: 0/0 concordant.
2026-04-29 14:53:52 [INFO] riker.phases.phase5_replication: Gene ORM2: survived — Same-tissue replication: 1/2 concordant. Cross-tissue: 0/0 concordant.
2026-04-29 14:53:52 [INFO] riker.phases.phase5_replication: Gene RALA: survived — Same-tissue replication: 2/2 concordant. Cross-tissue: 0/0 concordant.
2026-04-29 14:53:52 [INFO] riker.phases.phase5_replication: Gene RGS2: eliminated — Significant opposite direction in same-tissue dataset(s): ['GSE110147']. Discovery direction: down.
2026-04-29 14:53:52 [INFO] riker.phases.phase5_replication: Gene TMEM141: survived — Same-tissue replication: 1/2 concordant. Cross-tissue: 0/0 concordant.
2026-04-29 14:53:52 [INFO] riker.phases.phase5_replication: Gene ZFP36: survived — Same-tissue replication: 2/2 concordant. Cross-tissue: 0/0 concordant.
2026-04-29 14:53:52 [INFO] riker.phases.phase5_replication: Gene CCN1: survived — Same-tissue replication: 2/2 concordant. Cross-tissue: 0/0 concordant.
2026-04-29 14:53:52 [INFO] riker.phases.phase5_replication: Gene DDIT3: survived — Same-tissue replication: 1/2 concordant. Cross-tissue: 0/0 concordant.
2026-04-29 14:53:52 [INFO] riker.phases.phase5_replication: Gene DOK4: survived — Same-tissue replication: 2/2 concordant. Cross-tissue: 0/0 concordant.
2026-04-29 14:53:52 [INFO] riker.phases.phase5_replication: Gene PINK1: survived — Same-tissue replication: 1/2 concordant. Cross-tissue: 0/0 concordant.
2026-04-29 14:53:52 [INFO] riker.phases.phase5_replication: Gene PXMP4: survived — Same-tissue replication: 1/2 concordant. Cross-tissue: 0/0 concordant.
2026-04-29 14:53:52 [INFO] riker.phases.phase5_replication: Gene THRA: survived — Same-tissue replication: 1/2 concordant. Cross-tissue: 0/0 concordant.
2026-04-29 14:53:52 [INFO] riker.phases.phase5_replication: Gene NRGN: survived — Same-tissue replication: 2/2 concordant. Cross-tissue: 0/0 concordant.
2026-04-29 14:53:52 [INFO] riker.phases.phase5_replication: Gene NUP58: eliminated — Significant opposite direction in same-tissue dataset(s): ['GSE110147']. Discovery direction: down.
2026-04-29 14:53:52 [INFO] riker.phases.phase5_replication: Gene SLC7A7: survived — Same-tissue replication: 1/1 concordant. Cross-tissue: 0/0 concordant.
2026-04-29 14:53:52 [INFO] riker.phases.phase5_replication: Gene SMAD7: survived — Same-tissue replication: 2/2 concordant. Cross-tissue: 0/0 concordant.
2026-04-29 14:53:52 [INFO] riker.phases.phase5_replication: Gene WWC3: survived — Same-tissue replication: 2/2 concordant. Cross-tissue: 0/0 concordant.
2026-04-29 14:53:52 [INFO] riker.phases.phase5_replication: Gene ATOH8: survived — Same-tissue replication: 2/2 concordant. Cross-tissue: 0/0 concordant.
2026-04-29 14:53:52 [INFO] riker.phases.phase5_replication: Gene GADD45B: survived — Same-tissue replication: 2/2 concordant. Cross-tissue: 0/0 concordant.
2026-04-29 14:53:52 [INFO] riker.phases.phase5_replication: Gene NAMPT: eliminated — Significant opposite direction in same-tissue dataset(s): ['GSE110147']. Discovery direction: down.
2026-04-29 14:53:52 [INFO] riker.phases.phase5_replication: Gene PADI4: survived — Same-tissue replication: 1/2 concordant. Cross-tissue: 0/0 concordant.
2026-04-29 14:53:52 [INFO] riker.phases.phase5_replication: Gene PFKFB3: survived — Same-tissue replication: 2/2 concordant. Cross-tissue: 0/0 concordant.
2026-04-29 14:53:52 [INFO] riker.phases.phase5_replication: Gene SMAD6: survived — Same-tissue replication: 2/2 concordant. Cross-tissue: 0/0 concordant.
2026-04-29 14:53:52 [INFO] riker.phases.phase5_replication: Gene THBS1: survived — Same-tissue replication: 0/2 concordant. Cross-tissue: 0/0 concordant.
2026-04-29 14:53:52 [INFO] riker.phases.phase5_replication: Gene TMEM125: survived — Same-tissue replication: 2/2 concordant. Cross-tissue: 0/0 concordant.
2026-04-29 14:53:52 [INFO] riker.phases.phase5_replication: Gene XYLT1: survived — Same-tissue replication: 1/2 concordant. Cross-tissue: 0/0 concordant.
2026-04-29 14:53:52 [INFO] riker.phases.phase5_replication: Gene ABHD10: survived — Same-tissue replication: 2/2 concordant. Cross-tissue: 0/0 concordant.
2026-04-29 14:53:52 [INFO] riker.phases.phase5_replication: Gene ARSJ: survived — Same-tissue replication: 2/2 concordant. Cross-tissue: 0/0 concordant.
2026-04-29 14:53:52 [INFO] riker.phases.phase5_replication: Gene BUB1B: survived — Same-tissue replication: 2/2 concordant. Cross-tissue: 0/0 concordant.
2026-04-29 14:53:52 [INFO] riker.phases.phase5_replication: Gene CCR7: survived — Same-tissue replication: 1/2 concordant. Cross-tissue: 0/0 concordant.
2026-04-29 14:53:52 [INFO] riker.phases.phase5_replication: Gene CD3E: eliminated — Significant opposite direction in same-tissue dataset(s): ['GSE110147']. Discovery direction: up.
2026-04-29 14:53:52 [INFO] riker.phases.phase5_replication: Gene CHRDL2: survived — Same-tissue replication: 2/2 concordant. Cross-tissue: 0/0 concordant.
2026-04-29 14:53:52 [INFO] riker.phases.phase5_replication: Gene CLDN10: survived — Same-tissue replication: 1/2 concordant. Cross-tissue: 0/0 concordant.
2026-04-29 14:53:52 [INFO] riker.phases.phase5_replication: Gene CLEC2D: survived — Same-tissue replication: 2/2 concordant. Cross-tissue: 0/0 concordant.
2026-04-29 14:53:52 [INFO] riker.phases.phase5_replication: Gene GCNT3: survived — Same-tissue replication: 2/2 concordant. Cross-tissue: 0/0 concordant.
2026-04-29 14:53:52 [INFO] riker.phases.phase5_replication: Gene GGH: survived — Same-tissue replication: 2/2 concordant. Cross-tissue: 0/0 concordant.
2026-04-29 14:53:52 [INFO] riker.phases.phase5_replication: Gene HGF: survived — Same-tissue replication: 2/2 concordant. Cross-tissue: 0/0 concordant.
2026-04-29 14:53:52 [INFO] riker.phases.phase5_replication: Gene HMMR: survived — Same-tissue replication: 2/2 concordant. Cross-tissue: 0/0 concordant.
2026-04-29 14:53:52 [INFO] riker.phases.phase5_replication: Gene HS3ST3A1: eliminated — Significant opposite direction in same-tissue dataset(s): ['GSE110147']. Discovery direction: up.
2026-04-29 14:53:52 [INFO] riker.phases.phase5_replication: Gene IGF1: survived — Same-tissue replication: 2/2 concordant. Cross-tissue: 0/0 concordant.
2026-04-29 14:53:52 [INFO] riker.phases.phase5_replication: Gene KRT23: survived — Same-tissue replication: 2/2 concordant. Cross-tissue: 0/0 concordant.
2026-04-29 14:53:52 [INFO] riker.phases.phase5_replication: Gene LCN2: survived — Same-tissue replication: 2/2 concordant. Cross-tissue: 0/0 concordant.
2026-04-29 14:53:52 [INFO] riker.phases.phase5_replication: Gene LGMN: survived — Same-tissue replication: 1/2 concordant. Cross-tissue: 0/0 concordant.
2026-04-29 14:53:52 [INFO] riker.phases.phase5_replication: Gene MMP2: survived — Same-tissue replication: 2/2 concordant. Cross-tissue: 0/0 concordant.
2026-04-29 14:53:52 [INFO] riker.phases.phase5_replication: Gene SMPD3: eliminated — Significant opposite direction in same-tissue dataset(s): ['GSE110147']. Discovery direction: up.
2026-04-29 14:53:52 [INFO] riker.phases.phase5_replication: Gene STEAP2: survived — Same-tissue replication: 2/2 concordant. Cross-tissue: 0/0 concordant.
2026-04-29 14:53:52 [INFO] riker.phases.phase5_replication: Gene TMC5: survived — Same-tissue replication: 2/2 concordant. Cross-tissue: 0/0 concordant.
2026-04-29 14:53:52 [INFO] riker.phases.phase5_replication: Gene TNFRSF17: survived — Same-tissue replication: 2/2 concordant. Cross-tissue: 0/0 concordant.
2026-04-29 14:53:52 [INFO] riker.phases.phase5_replication: Gene ZNF184: survived — Same-tissue replication: 2/2 concordant. Cross-tissue: 0/0 concordant.
2026-04-29 14:53:52 [INFO] riker.phases.phase5_replication: Gene ZNF462: survived — Same-tissue replication: 1/2 concordant. Cross-tissue: 0/0 concordant.
2026-04-29 14:53:52 [INFO] riker.phases.phase5_replication: Gene ZNF594: survived — Same-tissue replication: 2/2 concordant. Cross-tissue: 0/0 concordant.
2026-04-29 14:53:52 [INFO] riker.phases.phase5_replication: Gene ZSCAN26: survived — Same-tissue replication: 2/2 concordant. Cross-tissue: 0/0 concordant.
2026-04-29 14:53:52 [INFO] riker.phases.phase5_replication: Gene ABTB3: survived — Same-tissue replication: 1/2 concordant. Cross-tissue: 0/0 concordant.
2026-04-29 14:53:52 [INFO] riker.phases.phase5_replication: Gene IFFO2: eliminated — Significant opposite direction in same-tissue dataset(s): ['GSE110147']. Discovery direction: up.
2026-04-29 14:53:52 [INFO] riker.phases.phase5_replication: Gene KPNA5: survived — Same-tissue replication: 2/2 concordant. Cross-tissue: 0/0 concordant.
2026-04-29 14:53:52 [INFO] riker.phases.phase5_replication: Gene TRAF1: survived — Same-tissue replication: 2/2 concordant. Cross-tissue: 0/0 concordant.
2026-04-29 14:53:52 [INFO] riker.phases.phase5_replication: Gene ARHGAP1: eliminated — Significant opposite direction in same-tissue dataset(s): ['GSE110147']. Discovery direction: up.
2026-04-29 14:53:52 [INFO] riker.phases.phase5_replication: Gene DNMBP: survived — Same-tissue replication: 2/2 concordant. Cross-tissue: 0/0 concordant.
2026-04-29 14:53:52 [INFO] riker.phases.phase5_replication: Gene LRRK1: eliminated — Significant opposite direction in same-tissue dataset(s): ['GSE110147']. Discovery direction: up.
2026-04-29 14:53:52 [INFO] riker.phases.phase5_replication: Gene PIK3CG: survived — Same-tissue replication: 2/2 concordant. Cross-tissue: 0/0 concordant.
2026-04-29 14:53:52 [INFO] riker.phases.phase5_replication: Gene TMEM216: eliminated — Significant opposite direction in same-tissue dataset(s): ['GSE110147']. Discovery direction: up.
2026-04-29 14:53:52 [INFO] riker.phases.phase5_replication: Gene CHID1: eliminated — Significant opposite direction in same-tissue dataset(s): ['GSE110147']. Discovery direction: up.
2026-04-29 14:53:52 [INFO] riker.phases.phase5_replication: Gene DTX3: survived — Same-tissue replication: 1/2 concordant. Cross-tissue: 0/0 concordant.
2026-04-29 14:53:52 [INFO] riker.phases.phase5_replication: Gene EFNA5: eliminated — Significant opposite direction in same-tissue dataset(s): ['GSE110147']. Discovery direction: up.
2026-04-29 14:53:52 [INFO] riker.phases.phase5_replication: Gene EMB: survived — Same-tissue replication: 1/1 concordant. Cross-tissue: 0/0 concordant.
2026-04-29 14:53:52 [INFO] riker.phases.phase5_replication: Gene FAM3D: survived — Same-tissue replication: 1/2 concordant. Cross-tissue: 0/0 concordant.
2026-04-29 14:53:52 [INFO] riker.phases.phase5_replication: Gene HILPDA: eliminated — Significant opposite direction in same-tissue dataset(s): ['GSE110147']. Discovery direction: up.
2026-04-29 14:53:52 [INFO] riker.phases.phase5_replication: Gene NUSAP1: survived — Same-tissue replication: 2/2 concordant. Cross-tissue: 0/0 concordant.
2026-04-29 14:53:52 [INFO] riker.phases.phase5_replication: Gene RFK: survived — Same-tissue replication: 2/2 concordant. Cross-tissue: 0/0 concordant.
2026-04-29 14:53:52 [INFO] riker.phases.phase5_replication: Gene LRRN3: survived — Same-tissue replication: 2/2 concordant. Cross-tissue: 0/0 concordant.
2026-04-29 14:53:52 [INFO] riker.phases.phase5_replication: Gene NFKBIZ: survived — Same-tissue replication: 1/2 concordant. Cross-tissue: 0/0 concordant.
2026-04-29 14:53:52 [INFO] riker.phases.phase5_replication: Gene OLFML2A: survived — Same-tissue replication: 2/2 concordant. Cross-tissue: 0/0 concordant.
2026-04-29 14:53:52 [INFO] riker.phases.phase5_replication: Gene SRGAP2C: eliminated — Significant opposite direction in same-tissue dataset(s): ['GSE110147']. Discovery direction: down.
2026-04-29 14:53:52 [INFO] riker.phases.phase5_replication: Gene AGTR1: survived — Same-tissue replication: 2/2 concordant. Cross-tissue: 0/0 concordant.
2026-04-29 14:53:52 [INFO] riker.phases.phase5_replication: Gene CCBE1: survived — Same-tissue replication: 2/2 concordant. Cross-tissue: 0/0 concordant.
2026-04-29 14:53:52 [INFO] riker.phases.phase5_replication: Gene ECHDC3: survived — Same-tissue replication: 2/2 concordant. Cross-tissue: 0/0 concordant.
2026-04-29 14:53:52 [INFO] riker.phases.phase5_replication: Gene FZD5: survived — Same-tissue replication: 2/2 concordant. Cross-tissue: 0/0 concordant.
2026-04-29 14:53:52 [INFO] riker.phases.phase5_replication: Gene HYAL1: survived — Same-tissue replication: 2/2 concordant. Cross-tissue: 0/0 concordant.
2026-04-29 14:53:52 [INFO] riker.phases.phase5_replication: Gene KLF9: survived — Same-tissue replication: 1/2 concordant. Cross-tissue: 0/0 concordant.
2026-04-29 14:53:52 [INFO] riker.phases.phase5_replication: Gene PIP5K1B: survived — Same-tissue replication: 1/2 concordant. Cross-tissue: 0/0 concordant.
2026-04-29 14:53:52 [INFO] riker.phases.phase5_replication: Gene PTPRG: survived — Same-tissue replication: 1/2 concordant. Cross-tissue: 0/0 concordant.
2026-04-29 14:53:52 [INFO] riker.phases.phase5_replication: Gene TOX2: survived — Same-tissue replication: 2/2 concordant. Cross-tissue: 0/0 concordant.
2026-04-29 14:53:52 [INFO] riker.phases.phase5_replication: Gene CEMIP2: eliminated — Significant opposite direction in same-tissue dataset(s): ['GSE110147']. Discovery direction: down.
2026-04-29 14:53:52 [INFO] riker.phases.phase5_replication: Gene LAMP3: survived — Same-tissue replication: 2/2 concordant. Cross-tissue: 0/0 concordant.
2026-04-29 14:53:52 [INFO] riker.phases.phase5_replication: Gene MT2A: survived — Same-tissue replication: 2/2 concordant. Cross-tissue: 0/0 concordant.
2026-04-29 14:53:52 [INFO] riker.phases.phase5_replication: Gene NECAB1: survived — Same-tissue replication: 2/2 concordant. Cross-tissue: 0/0 concordant.
2026-04-29 14:53:52 [INFO] riker.phases.phase5_replication: Gene TGFBR3: survived — Same-tissue replication: 2/2 concordant. Cross-tissue: 0/0 concordant.
2026-04-29 14:53:52 [INFO] riker.phases.phase5_replication: Gene CCNYL1: survived — Same-tissue replication: 1/2 concordant. Cross-tissue: 0/0 concordant.
2026-04-29 14:53:52 [INFO] riker.phases.phase5_replication: Gene DGKG: survived — Same-tissue replication: 0/2 concordant. Cross-tissue: 0/0 concordant.
2026-04-29 14:53:52 [INFO] riker.phases.phase5_replication: Gene NPNT: survived — Same-tissue replication: 2/2 concordant. Cross-tissue: 0/0 concordant.
2026-04-29 14:53:52 [INFO] riker.phases.phase5_replication: Gene RAPH1: survived — Same-tissue replication: 2/2 concordant. Cross-tissue: 0/0 concordant.
2026-04-29 14:53:52 [INFO] riker.phases.phase5_replication: Gene SC5D: survived — Same-tissue replication: 1/2 concordant. Cross-tissue: 0/0 concordant.
2026-04-29 14:53:52 [INFO] riker.phases.phase5_replication: Gene TSPAN7: survived — Same-tissue replication: 2/2 concordant. Cross-tissue: 0/0 concordant.
2026-04-29 14:53:52 [INFO] riker.phases.phase5_replication: Gene ALOX15: survived — Same-tissue replication: 2/2 concordant. Cross-tissue: 0/0 concordant.
2026-04-29 14:53:52 [INFO] riker.phases.phase5_replication: Gene CCL11: survived — Same-tissue replication: 2/2 concordant. Cross-tissue: 0/0 concordant.
2026-04-29 14:53:52 [INFO] riker.phases.phase5_replication: Gene CD79A: survived — Same-tissue replication: 1/2 concordant. Cross-tissue: 0/0 concordant.
2026-04-29 14:53:52 [INFO] riker.phases.phase5_replication: Gene DES: survived — Same-tissue replication: 1/2 concordant. Cross-tissue: 0/0 concordant.
2026-04-29 14:53:52 [INFO] riker.phases.phase5_replication: Gene FDCSP: survived — Same-tissue replication: 1/2 concordant. Cross-tissue: 0/0 concordant.
2026-04-29 14:53:52 [INFO] riker.phases.phase5_replication: Gene GREM1: survived — Same-tissue replication: 2/2 concordant. Cross-tissue: 0/0 concordant.
2026-04-29 14:53:52 [INFO] riker.phases.phase5_replication: Gene LUM: survived — Same-tissue replication: 1/2 concordant. Cross-tissue: 0/0 concordant.
2026-04-29 14:53:52 [INFO] riker.phases.phase5_replication: Gene MMP16: survived — Same-tissue replication: 2/2 concordant. Cross-tissue: 0/0 concordant.
2026-04-29 14:53:52 [INFO] riker.phases.phase5_replication: Gene GRIA3: survived — Same-tissue replication: 2/2 concordant. Cross-tissue: 0/0 concordant.
2026-04-29 14:53:52 [INFO] riker.phases.phase5_replication: Gene MKX: survived — Same-tissue replication: 2/2 concordant. Cross-tissue: 0/0 concordant.
2026-04-29 14:53:52 [INFO] riker.phases.phase5_replication: Gene SPATA6L: survived — Same-tissue replication: 2/2 concordant. Cross-tissue: 0/0 concordant.
2026-04-29 14:53:52 [INFO] riker.phases.phase5_replication: Gene BLID: survived — Same-tissue replication: 2/2 concordant. Cross-tissue: 0/0 concordant.
2026-04-29 14:53:52 [INFO] riker.phases.phase5_replication: Gene FAM81A: survived — Same-tissue replication: 2/2 concordant. Cross-tissue: 0/0 concordant.
2026-04-29 14:53:52 [INFO] riker.phases.phase5_replication: Gene PTPN20: survived — Same-tissue replication: 2/2 concordant. Cross-tissue: 0/0 concordant.
2026-04-29 14:53:52 [INFO] riker.phases.phase5_replication: Gene SPTBN2: survived — Same-tissue replication: 2/2 concordant. Cross-tissue: 0/0 concordant.
2026-04-29 14:53:52 [INFO] riker.phases.phase5_replication: Gene TP73: survived — Same-tissue replication: 1/2 concordant. Cross-tissue: 0/0 concordant.
2026-04-29 14:53:52 [INFO] riker.phases.phase5_replication: Gene ADGRD1: survived — Same-tissue replication: 2/2 concordant. Cross-tissue: 0/0 concordant.
2026-04-29 14:53:52 [INFO] riker.phases.phase5_replication: Gene INSIG1: survived — Same-tissue replication: 1/2 concordant. Cross-tissue: 0/0 concordant.
2026-04-29 14:53:52 [INFO] riker.phases.phase5_replication: Gene LSS: survived — Same-tissue replication: 2/2 concordant. Cross-tissue: 0/0 concordant.
2026-04-29 14:53:52 [INFO] riker.phases.phase5_replication: Gene MTARC1: survived — Same-tissue replication: 2/2 concordant. Cross-tissue: 0/0 concordant.
2026-04-29 14:53:52 [INFO] riker.phases.phase5_replication: Gene NID1: eliminated — Significant opposite direction in same-tissue dataset(s): ['GSE10667']. Discovery direction: down.
2026-04-29 14:53:52 [INFO] riker.phases.phase5_replication: Gene PTPRM: survived — Same-tissue replication: 2/2 concordant. Cross-tissue: 0/0 concordant.
2026-04-29 14:53:52 [INFO] riker.phases.phase5_replication: Gene REPS2: survived — Same-tissue replication: 1/2 concordant. Cross-tissue: 0/0 concordant.
2026-04-29 14:53:52 [INFO] riker.phases.phase5_replication: Gene SIGLEC5: survived — Same-tissue replication: 1/2 concordant. Cross-tissue: 0/0 concordant.
2026-04-29 14:53:52 [INFO] riker.phases.phase5_replication: Gene TMEM97: survived — Same-tissue replication: 2/2 concordant. Cross-tissue: 0/0 concordant.
2026-04-29 14:53:52 [INFO] riker.phases.phase5_replication: Gene USP53: eliminated — Significant opposite direction in same-tissue dataset(s): ['GSE110147']. Discovery direction: down.
2026-04-29 14:53:52 [INFO] riker.phases.phase5_replication: Gene ASPN: survived — Same-tissue replication: 2/2 concordant. Cross-tissue: 0/0 concordant.
2026-04-29 14:53:52 [INFO] riker.phases.phase5_replication: Gene CXCL14: survived — Same-tissue replication: 2/2 concordant. Cross-tissue: 0/0 concordant.
2026-04-29 14:53:52 [INFO] riker.phases.phase5_replication: Gene MMP1: survived — Same-tissue replication: 2/2 concordant. Cross-tissue: 0/0 concordant.
2026-04-29 14:53:52 [INFO] riker.phases.phase5_replication: Gene MMP7: survived — Same-tissue replication: 2/2 concordant. Cross-tissue: 0/0 concordant.
2026-04-29 14:53:52 [INFO] riker.phases.phase5_replication: Gene SFRP2: survived — Same-tissue replication: 2/2 concordant. Cross-tissue: 0/0 concordant.
2026-04-29 14:53:52 [INFO] riker.phases.phase5_replication: Gene CD24: survived — Same-tissue replication: 2/2 concordant. Cross-tissue: 0/0 concordant.
2026-04-29 14:53:52 [INFO] riker.phases.phase5_replication: Gene COL14A1: survived — Same-tissue replication: 2/2 concordant. Cross-tissue: 0/0 concordant.
2026-04-29 14:53:52 [INFO] riker.phases.phase5_replication: Gene IL13RA2: survived — Same-tissue replication: 2/2 concordant. Cross-tissue: 0/0 concordant.
2026-04-29 14:53:52 [INFO] riker.phases.phase5_replication: Gene KRT5: survived — Same-tissue replication: 2/2 concordant. Cross-tissue: 0/0 concordant.
2026-04-29 14:53:52 [INFO] riker.phases.phase5_replication: Gene MSMB: survived — Same-tissue replication: 2/2 concordant. Cross-tissue: 0/0 concordant.
2026-04-29 14:53:52 [INFO] riker.phases.phase5_replication: Gene S100A2: survived — Same-tissue replication: 2/2 concordant. Cross-tissue: 0/0 concordant.
2026-04-29 14:53:52 [INFO] riker.phases.phase5_replication: Gene UBD: survived — Same-tissue replication: 2/2 concordant. Cross-tissue: 0/0 concordant.
2026-04-29 14:53:52 [INFO] riker.phases.phase5_replication: Gene CATSPERB: survived — Same-tissue replication: 2/2 concordant. Cross-tissue: 0/0 concordant.
2026-04-29 14:53:52 [INFO] riker.phases.phase5_replication: Gene GLIS3: survived — Same-tissue replication: 2/2 concordant. Cross-tissue: 0/0 concordant.
2026-04-29 14:53:52 [INFO] riker.phases.phase5_replication: Gene NFIX: eliminated — Significant opposite direction in same-tissue dataset(s): ['GSE110147']. Discovery direction: up.
2026-04-29 14:53:52 [INFO] riker.phases.phase5_replication: Gene PRC1: survived — Same-tissue replication: 2/2 concordant. Cross-tissue: 0/0 concordant.
2026-04-29 14:53:52 [INFO] riker.phases.phase5_replication: Gene CHST6: survived — Same-tissue replication: 2/2 concordant. Cross-tissue: 0/0 concordant.
2026-04-29 14:53:52 [INFO] riker.phases.phase5_replication: Gene FCRL5: survived — Same-tissue replication: 2/2 concordant. Cross-tissue: 0/0 concordant.
2026-04-29 14:53:52 [INFO] riker.phases.phase5_replication: Gene PIM2: survived — Same-tissue replication: 2/2 concordant. Cross-tissue: 0/0 concordant.
2026-04-29 14:53:52 [INFO] riker.phases.phase5_replication: Gene SACK1D: survived — Same-tissue replication: 2/2 concordant. Cross-tissue: 0/0 concordant.
2026-04-29 14:53:52 [INFO] riker.phases.phase5_replication: Gene THBS2: survived — Same-tissue replication: 2/2 concordant. Cross-tissue: 0/0 concordant.
2026-04-29 14:53:52 [INFO] riker.phases.phase5_replication: Gene CDH2: survived — Same-tissue replication: 2/2 concordant. Cross-tissue: 0/0 concordant.
2026-04-29 14:53:52 [INFO] riker.phases.phase5_replication: Gene GDF15: eliminated — Significant opposite direction in same-tissue dataset(s): ['GSE110147']. Discovery direction: up.
2026-04-29 14:53:52 [INFO] riker.phases.phase5_replication: Gene MZB1: survived — Same-tissue replication: 2/2 concordant. Cross-tissue: 0/0 concordant.
2026-04-29 14:53:52 [INFO] riker.phases.phase5_replication: Gene SLC27A2: survived — Same-tissue replication: 2/2 concordant. Cross-tissue: 0/0 concordant.
2026-04-29 14:53:52 [INFO] riker.phases.phase5_replication: Gene SYNPO2: survived — Same-tissue replication: 2/2 concordant. Cross-tissue: 0/0 concordant.
2026-04-29 14:53:52 [INFO] riker.phases.phase5_replication: Gene ANO4: survived — Same-tissue replication: 2/2 concordant. Cross-tissue: 0/0 concordant.
2026-04-29 14:53:52 [INFO] riker.phases.phase5_replication: Gene ARL14EP: survived — Same-tissue replication: 2/2 concordant. Cross-tissue: 0/0 concordant.
2026-04-29 14:53:52 [INFO] riker.phases.phase5_replication: Gene CNPY4: survived — Same-tissue replication: 2/2 concordant. Cross-tissue: 0/0 concordant.
2026-04-29 14:53:52 [INFO] riker.phases.phase5_replication: Gene DGKA: survived — Same-tissue replication: 2/2 concordant. Cross-tissue: 0/0 concordant.
2026-04-29 14:53:52 [INFO] riker.phases.phase5_replication: Gene GOLPH3L: survived — Same-tissue replication: 2/2 concordant. Cross-tissue: 0/0 concordant.
2026-04-29 14:53:52 [INFO] riker.phases.phase5_replication: Gene INTS6L: survived — Same-tissue replication: 2/2 concordant. Cross-tissue: 0/0 concordant.
2026-04-29 14:53:52 [INFO] riker.phases.phase5_replication: Gene PLD1: survived — Same-tissue replication: 2/2 concordant. Cross-tissue: 0/0 concordant.
2026-04-29 14:53:52 [INFO] riker.phases.phase5_replication: Gene PTK7: survived — Same-tissue replication: 2/2 concordant. Cross-tissue: 0/0 concordant.
2026-04-29 14:53:52 [INFO] riker.phases.phase5_replication: Gene BBS9: survived — Same-tissue replication: 2/2 concordant. Cross-tissue: 0/0 concordant.
2026-04-29 14:53:52 [INFO] riker.phases.phase5_replication: Gene CDIN1: eliminated — Significant opposite direction in same-tissue dataset(s): ['GSE110147']. Discovery direction: up.
2026-04-29 14:53:52 [INFO] riker.phases.phase5_replication: Gene KIAA0753: survived — Same-tissue replication: 2/2 concordant. Cross-tissue: 0/0 concordant.
2026-04-29 14:53:52 [INFO] riker.phases.phase5_replication: Gene SHC4: survived — Same-tissue replication: 2/2 concordant. Cross-tissue: 0/0 concordant.
2026-04-29 14:53:52 [INFO] riker.phases.phase5_replication: Gene TWSG1: survived — Same-tissue replication: 2/2 concordant. Cross-tissue: 0/0 concordant.
2026-04-29 14:53:52 [INFO] riker.phases.phase5_replication: Gene XG: survived — Same-tissue replication: 1/2 concordant. Cross-tissue: 0/0 concordant.
2026-04-29 14:53:52 [INFO] riker.phases.phase5_replication: Gene ARMC1: survived — Same-tissue replication: 2/2 concordant. Cross-tissue: 0/0 concordant.
2026-04-29 14:53:52 [INFO] riker.phases.phase5_replication: Gene CNTNAP1: survived — Same-tissue replication: 2/2 concordant. Cross-tissue: 0/0 concordant.
2026-04-29 14:53:52 [INFO] riker.phases.phase5_replication: Gene DYRK2: eliminated — Significant opposite direction in same-tissue dataset(s): ['GSE110147']. Discovery direction: up.
2026-04-29 14:53:52 [INFO] riker.phases.phase5_replication: Gene FBXO31: eliminated — Significant opposite direction in same-tissue dataset(s): ['GSE110147']. Discovery direction: up.
2026-04-29 14:53:52 [INFO] riker.phases.phase5_replication: Gene FUCA1: survived — Same-tissue replication: 2/2 concordant. Cross-tissue: 0/0 concordant.
2026-04-29 14:53:52 [INFO] riker.phases.phase5_replication: Gene MEX3B: eliminated — Significant opposite direction in same-tissue dataset(s): ['GSE110147']. Discovery direction: up.
2026-04-29 14:53:52 [INFO] riker.phases.phase5_replication: Gene PRSS1: survived — Same-tissue replication: 2/2 concordant. Cross-tissue: 0/0 concordant.
2026-04-29 14:53:52 [INFO] riker.phases.phase5_replication: Gene SIRPG: eliminated — Significant opposite direction in same-tissue dataset(s): ['GSE110147']. Discovery direction: up.
2026-04-29 14:53:52 [INFO] riker.phases.phase5_replication: Gene UBE2Z: eliminated — Significant opposite direction in same-tissue dataset(s): ['GSE110147']. Discovery direction: up.
2026-04-29 14:53:52 [INFO] riker.phases.phase5_replication: Gene UTP25: survived — Same-tissue replication: 2/2 concordant. Cross-tissue: 0/0 concordant.
2026-04-29 14:53:52 [INFO] riker.phases.phase5_replication: Gene ZNF211: survived — Same-tissue replication: 2/2 concordant. Cross-tissue: 0/0 concordant.
2026-04-29 14:53:52 [INFO] riker.phases.phase5_replication: Gene ZNF322: survived — Same-tissue replication: 2/2 concordant. Cross-tissue: 0/0 concordant.
2026-04-29 14:53:52 [INFO] riker.phases.phase5_replication: Gene ALDH5A1: survived — Same-tissue replication: 2/2 concordant. Cross-tissue: 0/0 concordant.
2026-04-29 14:53:52 [INFO] riker.phases.phase5_replication: Gene AMZ2: eliminated — Significant opposite direction in same-tissue dataset(s): ['GSE110147']. Discovery direction: up.
2026-04-29 14:53:52 [INFO] riker.phases.phase5_replication: Gene BPHL: eliminated — Significant opposite direction in same-tissue dataset(s): ['GSE110147']. Discovery direction: up.
2026-04-29 14:53:52 [INFO] riker.phases.phase5_replication: Gene CDKN3: survived — Same-tissue replication: 2/2 concordant. Cross-tissue: 0/0 concordant.
2026-04-29 14:53:52 [INFO] riker.phases.phase5_replication: Gene COMMD6: eliminated — Significant opposite direction in same-tissue dataset(s): ['GSE110147']. Discovery direction: up.
2026-04-29 14:53:52 [INFO] riker.phases.phase5_replication: Gene TBL1XR1: survived — Same-tissue replication: 2/2 concordant. Cross-tissue: 0/0 concordant.
2026-04-29 14:53:52 [INFO] riker.phases.phase5_replication: Gene ZNF84: survived — Same-tissue replication: 2/2 concordant. Cross-tissue: 0/0 concordant.
2026-04-29 14:53:52 [INFO] riker.phases.phase5_replication: Gene ZNF853: survived — Same-tissue replication: 1/1 concordant. Cross-tissue: 0/0 concordant.
2026-04-29 14:53:52 [INFO] riker.phases.phase5_replication: Gene EFNB2: survived — Same-tissue replication: 2/2 concordant. Cross-tissue: 0/0 concordant.
2026-04-29 14:53:52 [INFO] riker.phases.phase5_replication: Gene F3: survived — Same-tissue replication: 1/2 concordant. Cross-tissue: 0/0 concordant.
2026-04-29 14:53:52 [INFO] riker.phases.phase5_replication: Gene FAH: survived — Same-tissue replication: 1/2 concordant. Cross-tissue: 0/0 concordant.
2026-04-29 14:53:52 [INFO] riker.phases.phase5_replication: Gene FSTL3: survived — Same-tissue replication: 1/2 concordant. Cross-tissue: 0/0 concordant.
2026-04-29 14:53:52 [INFO] riker.phases.phase5_replication: Gene KL: survived — Same-tissue replication: 2/2 concordant. Cross-tissue: 0/0 concordant.
2026-04-29 14:53:52 [INFO] riker.phases.phase5_replication: Gene PLAAT3: eliminated — Significant opposite direction in same-tissue dataset(s): ['GSE110147']. Discovery direction: down.
2026-04-29 14:53:52 [INFO] riker.phases.phase5_replication: Gene SLC68A1: survived — Same-tissue replication: 2/2 concordant. Cross-tissue: 0/0 concordant.
2026-04-29 14:53:52 [INFO] riker.phases.phase5_replication: Gene ANKS1A: survived — Same-tissue replication: 2/2 concordant. Cross-tissue: 0/0 concordant.
2026-04-29 14:53:52 [INFO] riker.phases.phase5_replication: Gene FADS3: survived — Same-tissue replication: 2/2 concordant. Cross-tissue: 0/0 concordant.
2026-04-29 14:53:52 [INFO] riker.phases.phase5_replication: Gene MID1IP1: survived — Same-tissue replication: 2/2 concordant. Cross-tissue: 0/0 concordant.
2026-04-29 14:53:52 [INFO] riker.phases.phase5_replication: Gene NLRC4: eliminated — Significant opposite direction in same-tissue dataset(s): ['GSE110147']. Discovery direction: down.
2026-04-29 14:53:52 [INFO] riker.phases.phase5_replication: Gene PLIN2: eliminated — Significant opposite direction in same-tissue dataset(s): ['GSE10667']. Discovery direction: down.
2026-04-29 14:53:52 [INFO] riker.phases.phase5_replication: Gene RAB17: survived — Same-tissue replication: 2/2 concordant. Cross-tissue: 0/0 concordant.
2026-04-29 14:53:52 [INFO] riker.phases.phase5_replication: Gene ZNF366: survived — Same-tissue replication: 2/2 concordant. Cross-tissue: 0/0 concordant.
2026-04-29 14:53:52 [INFO] riker.phases.phase5_replication: Gene ADAMTSL3: survived — Same-tissue replication: 2/2 concordant. Cross-tissue: 0/0 concordant.
2026-04-29 14:53:52 [INFO] riker.phases.phase5_replication: Gene ANG: survived — Same-tissue replication: 0/1 concordant. Cross-tissue: 0/0 concordant.
2026-04-29 14:53:52 [INFO] riker.phases.phase5_replication: Gene ATP13A4: survived — Same-tissue replication: 1/2 concordant. Cross-tissue: 0/0 concordant.
2026-04-29 14:53:52 [INFO] riker.phases.phase5_replication: Gene FNBP1L: eliminated — Significant opposite direction in same-tissue dataset(s): ['GSE110147']. Discovery direction: down.
2026-04-29 14:53:52 [INFO] riker.phases.phase5_replication: Gene H1-2: eliminated — Significant opposite direction in same-tissue dataset(s): ['GSE10667']. Discovery direction: down.
2026-04-29 14:53:52 [INFO] riker.phases.phase5_replication: Gene LIMCH1: survived — Same-tissue replication: 1/2 concordant. Cross-tissue: 0/0 concordant.
2026-04-29 14:53:52 [INFO] riker.phases.phase5_replication: Gene PEAK1: survived — Same-tissue replication: 2/2 concordant. Cross-tissue: 0/0 concordant.
2026-04-29 14:53:52 [INFO] riker.phases.phase5_replication: Gene PPM1L: survived — Same-tissue replication: 2/2 concordant. Cross-tissue: 0/0 concordant.
2026-04-29 14:53:52 [INFO] riker.phases.phase5_replication: Gene RNF128: survived — Same-tissue replication: 2/2 concordant. Cross-tissue: 0/0 concordant.
2026-04-29 14:53:52 [INFO] riker.phases.phase5_replication: Gene SACM1L: eliminated — Significant opposite direction in same-tissue dataset(s): ['GSE110147']. Discovery direction: down.
2026-04-29 14:53:52 [INFO] riker.phases.phase5_replication: Gene SHROOM4: survived — Same-tissue replication: 2/2 concordant. Cross-tissue: 0/0 concordant.
2026-04-29 14:53:52 [INFO] riker.phases.phase5_replication: Gene SLC7A8: eliminated — Significant opposite direction in same-tissue dataset(s): ['GSE10667']. Discovery direction: down.
2026-04-29 14:53:52 [INFO] riker.phases.phase5_replication: Gene TANC2: eliminated — Significant opposite direction in same-tissue dataset(s): ['GSE110147']. Discovery direction: down.
2026-04-29 14:53:52 [INFO] riker.phases.phase5_replication: Gene USP54: eliminated — Significant opposite direction in same-tissue dataset(s): ['GSE110147']. Discovery direction: down.
2026-04-29 14:53:52 [INFO] riker.phases.phase5_replication: Gene ZNF106: eliminated — Significant opposite direction in same-tissue dataset(s): ['GSE110147']. Discovery direction: down.
2026-04-29 14:53:52 [INFO] riker.phases.phase5_replication: Gene ADCY9: survived — Same-tissue replication: 1/2 concordant. Cross-tissue: 0/0 concordant.
2026-04-29 14:53:52 [INFO] riker.phases.phase5_replication: Gene ARHGAP10: eliminated — Significant opposite direction in same-tissue dataset(s): ['GSE110147', 'GSE10667']. Discovery direction: down.
2026-04-29 14:53:52 [INFO] riker.phases.phase5_replication: Gene CENATAC: survived — Same-tissue replication: 2/2 concordant. Cross-tissue: 0/0 concordant.
2026-04-29 14:53:52 [INFO] riker.phases.phase5_replication: Gene MYO9A: eliminated — Significant opposite direction in same-tissue dataset(s): ['GSE110147']. Discovery direction: down.
2026-04-29 14:53:52 [INFO] riker.phases.phase5_replication: Gene SELENBP1: survived — Same-tissue replication: 2/2 concordant. Cross-tissue: 0/0 concordant.
2026-04-29 14:53:52 [INFO] riker.phases.phase5_replication: Gene TCEAL1: eliminated — Significant opposite direction in same-tissue dataset(s): ['GSE110147', 'GSE10667']. Discovery direction: down.
2026-04-29 14:53:52 [INFO] riker.phases.phase5_replication: Gene TSPAN13: survived — Same-tissue replication: 2/2 concordant. Cross-tissue: 0/0 concordant.
2026-04-29 14:53:52 [INFO] riker.phases.phase5_replication: Gene APH1A: survived — Same-tissue replication: 1/2 concordant. Cross-tissue: 0/0 concordant.
2026-04-29 14:53:52 [INFO] riker.phases.phase5_replication: Gene DGAT1: survived — Same-tissue replication: 1/2 concordant. Cross-tissue: 0/0 concordant.
2026-04-29 14:53:52 [INFO] riker.phases.phase5_replication: Gene DNPEP: survived — Same-tissue replication: 1/2 concordant. Cross-tissue: 0/0 concordant.
2026-04-29 14:53:52 [INFO] riker.phases.phase5_replication: Gene GNG5: survived — Same-tissue replication: 1/2 concordant. Cross-tissue: 0/0 concordant.
2026-04-29 14:53:52 [INFO] riker.phases.phase5_replication: Gene NBEAL2: survived — Same-tissue replication: 2/2 concordant. Cross-tissue: 0/0 concordant.
2026-04-29 14:53:52 [INFO] riker.phases.phase5_replication: Gene PNKD: survived — Same-tissue replication: 1/2 concordant. Cross-tissue: 0/0 concordant.
2026-04-29 14:53:52 [INFO] riker.phases.phase5_replication: Gene POR: survived — Same-tissue replication: 1/2 concordant. Cross-tissue: 0/0 concordant.
2026-04-29 14:53:52 [INFO] riker.phases.phase5_replication: Gene PSMC5: eliminated — Significant opposite direction in same-tissue dataset(s): ['GSE110147', 'GSE10667']. Discovery direction: down.
2026-04-29 14:53:52 [INFO] riker.phases.phase5_replication: Gene MIDEAS: survived — Same-tissue replication: 2/2 concordant. Cross-tissue: 0/0 concordant.
2026-04-29 14:53:52 [INFO] riker.phases.phase5_replication: Gene NAPA: survived — Same-tissue replication: 1/2 concordant. Cross-tissue: 0/0 concordant.
2026-04-29 14:53:52 [INFO] riker.phases.phase5_replication: Gene TMEM164: survived — Same-tissue replication: 1/2 concordant. Cross-tissue: 0/0 concordant.
2026-04-29 14:53:52 [INFO] riker.phases.phase5_replication: Gene FCMR: survived — Same-tissue replication: 1/2 concordant. Cross-tissue: 0/0 concordant.
2026-04-29 14:53:52 [INFO] riker.phases.phase5_replication: Gene HNMT: survived — Same-tissue replication: 2/2 concordant. Cross-tissue: 0/0 concordant.
2026-04-29 14:53:52 [INFO] riker.phases.phase5_replication: Gene OAT: survived — Same-tissue replication: 2/2 concordant. Cross-tissue: 0/0 concordant.
2026-04-29 14:53:52 [INFO] riker.phases.phase5_replication: Gene DNAJB12: survived — Same-tissue replication: 1/2 concordant. Cross-tissue: 0/0 concordant.
2026-04-29 14:53:52 [INFO] riker.phases.phase5_replication: Gene MYL3: eliminated — Significant opposite direction in same-tissue dataset(s): ['GSE10667']. Discovery direction: down.
2026-04-29 14:53:52 [INFO] riker.phases.phase5_replication: Gene NRM: survived — Same-tissue replication: 1/2 concordant. Cross-tissue: 0/0 concordant.
2026-04-29 14:53:52 [INFO] riker.phases.phase5_replication: Gene RNASE4: survived — Same-tissue replication: 1/2 concordant. Cross-tissue: 0/0 concordant.
2026-04-29 14:53:52 [INFO] riker.phases.phase5_replication: Gene CLIC2: survived — Same-tissue replication: 0/2 concordant. Cross-tissue: 0/0 concordant.
2026-04-29 14:53:52 [INFO] riker.phases.phase5_replication: Gene RNF145: eliminated — Significant opposite direction in same-tissue dataset(s): ['GSE110147']. Discovery direction: down.
2026-04-29 14:53:52 [INFO] riker.phases.phase5_replication: Gene RPGR: eliminated — Significant opposite direction in same-tissue dataset(s): ['GSE110147']. Discovery direction: down.
2026-04-29 14:53:52 [INFO] riker.phases.phase5_replication: Gene SCEL: survived — Same-tissue replication: 2/2 concordant. Cross-tissue: 0/0 concordant.
2026-04-29 14:53:52 [INFO] riker.phases.phase5_replication: Gene VEPH1: survived — Same-tissue replication: 2/2 concordant. Cross-tissue: 0/0 concordant.
2026-04-29 14:53:52 [INFO] riker.phases.phase5_replication: Gene BMX: eliminated — Significant opposite direction in same-tissue dataset(s): ['GSE110147']. Discovery direction: down.
2026-04-29 14:53:52 [INFO] riker.phases.phase5_replication: Gene LAMA2: eliminated — Significant opposite direction in same-tissue dataset(s): ['GSE110147', 'GSE10667']. Discovery direction: down.
2026-04-29 14:53:52 [INFO] riker.phases.phase5_replication: Gene PLAG1: survived — Same-tissue replication: 2/2 concordant. Cross-tissue: 0/0 concordant.
2026-04-29 14:53:52 [INFO] riker.phases.phase5_replication: Gene SPOCK1: eliminated — Significant opposite direction in same-tissue dataset(s): ['GSE10667']. Discovery direction: down.
2026-04-29 14:53:52 [INFO] riker.phases.phase5_replication: Gene ZC3H12C: eliminated — Significant opposite direction in same-tissue dataset(s): ['GSE110147']. Discovery direction: down.
2026-04-29 14:53:52 [INFO] riker.phases.phase5_replication: Gene CD177: survived — Same-tissue replication: 1/2 concordant. Cross-tissue: 0/0 concordant.
2026-04-29 14:53:52 [INFO] riker.phases.phase5_replication: Gene DLC1: eliminated — Significant opposite direction in same-tissue dataset(s): ['GSE110147']. Discovery direction: down.
2026-04-29 14:53:52 [INFO] riker.phases.phase5_replication: Gene GADD45G: survived — Same-tissue replication: 2/2 concordant. Cross-tissue: 0/0 concordant.
2026-04-29 14:53:52 [INFO] riker.phases.phase5_replication: Gene GKN2: survived — Same-tissue replication: 2/2 concordant. Cross-tissue: 0/0 concordant.
2026-04-29 14:53:52 [INFO] riker.phases.phase5_replication: Gene LYVE1: eliminated — Significant opposite direction in same-tissue dataset(s): ['GSE10667']. Discovery direction: down.
2026-04-29 14:53:52 [INFO] riker.phases.phase5_replication: Gene MT1H: survived — Same-tissue replication: 2/2 concordant. Cross-tissue: 0/0 concordant.
2026-04-29 14:53:52 [INFO] riker.phases.phase5_replication: Gene MYL12A: survived — Same-tissue replication: 2/2 concordant. Cross-tissue: 0/0 concordant.
2026-04-29 14:53:52 [INFO] riker.phases.phase5_replication: Gene MYLIP: survived — Same-tissue replication: 1/2 concordant. Cross-tissue: 0/0 concordant.
2026-04-29 14:53:52 [INFO] riker.phases.phase5_replication: Gene PIK3C2A: eliminated — Significant opposite direction in same-tissue dataset(s): ['GSE110147']. Discovery direction: down.
2026-04-29 14:53:52 [INFO] riker.phases.phase5_replication: Gene TJP1: survived — Same-tissue replication: 1/2 concordant. Cross-tissue: 0/0 concordant.
2026-04-29 14:53:52 [INFO] riker.phases.phase5_replication: Gene TMT1A: eliminated — Significant opposite direction in same-tissue dataset(s): ['GSE10667']. Discovery direction: down.
2026-04-29 14:53:52 [INFO] riker.phases.phase5_replication: Gene TMTC1: survived — Same-tissue replication: 0/2 concordant. Cross-tissue: 0/0 concordant.
2026-04-29 14:53:52 [INFO] riker.phases.phase5_replication: Gene CFL2: eliminated — Significant opposite direction in same-tissue dataset(s): ['GSE110147']. Discovery direction: down.
2026-04-29 14:53:52 [INFO] riker.phases.phase5_replication: Gene CITED2: survived — Same-tissue replication: 2/2 concordant. Cross-tissue: 0/0 concordant.
2026-04-29 14:53:52 [INFO] riker.phases.phase5_replication: Gene CRISPLD2: survived — Same-tissue replication: 0/2 concordant. Cross-tissue: 0/0 concordant.
2026-04-29 14:53:52 [INFO] riker.phases.phase5_replication: Gene ELMO1: survived — Same-tissue replication: 1/2 concordant. Cross-tissue: 0/0 concordant.
2026-04-29 14:53:52 [INFO] riker.phases.phase5_replication: Gene MACROD2: eliminated — Significant opposite direction in same-tissue dataset(s): ['GSE110147']. Discovery direction: down.
2026-04-29 14:53:52 [INFO] riker.phases.phase5_replication: Gene SRXN1: survived — Same-tissue replication: 1/2 concordant. Cross-tissue: 0/0 concordant.
2026-04-29 14:53:52 [INFO] riker.phases.phase5_replication: Gene WASF3: survived — Same-tissue replication: 1/2 concordant. Cross-tissue: 0/0 concordant.
2026-04-29 14:53:52 [INFO] riker.phases.phase5_replication: Gene CXCL6: survived — Same-tissue replication: 2/2 concordant. Cross-tissue: 0/0 concordant.
2026-04-29 14:53:52 [INFO] riker.phases.phase5_replication: Gene TYMS: survived — Same-tissue replication: 2/2 concordant. Cross-tissue: 0/0 concordant.
2026-04-29 14:53:52 [INFO] riker.phases.phase5_replication: Gene ZNF385D: survived — Same-tissue replication: 2/2 concordant. Cross-tissue: 0/0 concordant.
2026-04-29 14:53:52 [INFO] riker.phases.phase5_replication: Gene CCDC69: eliminated — Significant opposite direction in same-tissue dataset(s): ['GSE10667']. Discovery direction: down.
2026-04-29 14:53:52 [INFO] riker.phases.phase5_replication: Gene CCL23: eliminated — Significant opposite direction in same-tissue dataset(s): ['GSE10667']. Discovery direction: down.
2026-04-29 14:53:52 [INFO] riker.phases.phase5_replication: Gene CGN: survived — Same-tissue replication: 2/2 concordant. Cross-tissue: 0/0 concordant.
2026-04-29 14:53:52 [INFO] riker.phases.phase5_replication: Gene GPR146: survived — Same-tissue replication: 2/2 concordant. Cross-tissue: 0/0 concordant.
2026-04-29 14:53:52 [INFO] riker.phases.phase5_replication: Gene HACD1: survived — Same-tissue replication: 2/2 concordant. Cross-tissue: 0/0 concordant.
2026-04-29 14:53:52 [INFO] riker.phases.phase5_replication: Gene JADE1: eliminated — Significant opposite direction in same-tissue dataset(s): ['GSE110147']. Discovery direction: down.
2026-04-29 14:53:52 [INFO] riker.phases.phase5_replication: Gene NXF3: survived — Same-tissue replication: 2/2 concordant. Cross-tissue: 0/0 concordant.
2026-04-29 14:53:52 [INFO] riker.phases.phase5_replication: Gene S100A14: survived — Same-tissue replication: 1/2 concordant. Cross-tissue: 0/0 concordant.
2026-04-29 14:53:52 [INFO] riker.phases.phase5_replication: Gene TCN2: eliminated — Significant opposite direction in same-tissue dataset(s): ['GSE10667']. Discovery direction: down.
2026-04-29 14:53:52 [INFO] riker.phases.phase5_replication: Gene EBF3: survived — Same-tissue replication: 2/2 concordant. Cross-tissue: 0/0 concordant.
2026-04-29 14:53:52 [INFO] riker.phases.phase5_replication: Gene GPR135: eliminated — Significant opposite direction in same-tissue dataset(s): ['GSE110147']. Discovery direction: up.
2026-04-29 14:53:52 [INFO] riker.phases.phase5_replication: Gene PDCD4: survived — Same-tissue replication: 2/2 concordant. Cross-tissue: 0/0 concordant.
2026-04-29 14:53:52 [INFO] riker.phases.phase5_replication: Gene PODNL1: survived — Same-tissue replication: 1/2 concordant. Cross-tissue: 0/0 concordant.
2026-04-29 14:53:52 [INFO] riker.phases.phase5_replication: Gene SLITRK3: survived — Same-tissue replication: 1/2 concordant. Cross-tissue: 0/0 concordant.
2026-04-29 14:53:52 [INFO] riker.phases.phase5_replication: Gene KIF19: eliminated — Significant opposite direction in same-tissue dataset(s): ['GSE110147']. Discovery direction: up.
2026-04-29 14:53:52 [INFO] riker.phases.phase5_replication: Gene LY9: survived — Same-tissue replication: 1/2 concordant. Cross-tissue: 0/0 concordant.
2026-04-29 14:53:52 [INFO] riker.phases.phase5_replication: Gene UGCG: survived — Same-tissue replication: 2/2 concordant. Cross-tissue: 0/0 concordant.
2026-04-29 14:53:52 [INFO] riker.phases.phase5_replication: Gene CD180: survived — Same-tissue replication: 2/2 concordant. Cross-tissue: 0/0 concordant.
2026-04-29 14:53:52 [INFO] riker.phases.phase5_replication: Gene DUSP2: eliminated — Significant opposite direction in same-tissue dataset(s): ['GSE110147']. Discovery direction: up.
2026-04-29 14:53:52 [INFO] riker.phases.phase5_replication: Gene ENTPD7: survived — Same-tissue replication: 2/2 concordant. Cross-tissue: 0/0 concordant.
2026-04-29 14:53:52 [INFO] riker.phases.phase5_replication: Gene IFNG: survived — Same-tissue replication: 0/2 concordant. Cross-tissue: 0/0 concordant.
2026-04-29 14:53:52 [INFO] riker.phases.phase5_replication: Gene MAP3K13: survived — Same-tissue replication: 2/2 concordant. Cross-tissue: 0/0 concordant.
2026-04-29 14:53:52 [INFO] riker.phases.phase5_replication: Gene CADM3: eliminated — Significant opposite direction in same-tissue dataset(s): ['GSE110147']. Discovery direction: up.
2026-04-29 14:53:52 [INFO] riker.phases.phase5_replication: Gene CCDC71L: survived — Same-tissue replication: 0/2 concordant. Cross-tissue: 0/0 concordant.
2026-04-29 14:53:52 [INFO] riker.phases.phase5_replication: Gene EGR3: survived — Same-tissue replication: 1/2 concordant. Cross-tissue: 0/0 concordant.
2026-04-29 14:53:52 [INFO] riker.phases.phase5_replication: Gene FAM20C: eliminated — Significant opposite direction in same-tissue dataset(s): ['GSE110147']. Discovery direction: up.
2026-04-29 14:53:52 [INFO] riker.phases.phase5_replication: Gene GAA: eliminated — Significant opposite direction in same-tissue dataset(s): ['GSE110147']. Discovery direction: up.
2026-04-29 14:53:52 [INFO] riker.phases.phase5_replication: Gene HIBCH: survived — Same-tissue replication: 2/2 concordant. Cross-tissue: 0/0 concordant.
2026-04-29 14:53:52 [INFO] riker.phases.phase5_replication: Gene NFATC1: eliminated — Significant opposite direction in same-tissue dataset(s): ['GSE110147']. Discovery direction: up.
2026-04-29 14:53:52 [INFO] riker.phases.phase5_replication: Gene PACS1: eliminated — Significant opposite direction in same-tissue dataset(s): ['GSE110147']. Discovery direction: up.
2026-04-29 14:53:52 [INFO] riker.phases.phase5_replication: Gene PBK: survived — Same-tissue replication: 2/2 concordant. Cross-tissue: 0/0 concordant.
2026-04-29 14:53:52 [INFO] riker.phases.phase5_replication: Gene PLOD2: survived — Same-tissue replication: 2/2 concordant. Cross-tissue: 0/0 concordant.
2026-04-29 14:53:52 [INFO] riker.phases.phase5_replication: Gene PNPLA3: eliminated — Significant opposite direction in same-tissue dataset(s): ['GSE110147']. Discovery direction: up.
2026-04-29 14:53:52 [INFO] riker.phases.phase5_replication: Gene SCARF2: eliminated — Significant opposite direction in same-tissue dataset(s): ['GSE110147']. Discovery direction: up.
2026-04-29 14:53:52 [INFO] riker.phases.phase5_replication: Gene SPNS1: eliminated — Significant opposite direction in same-tissue dataset(s): ['GSE110147']. Discovery direction: up.
2026-04-29 14:53:52 [INFO] riker.phases.phase5_replication: Gene TAGLN2: eliminated — Significant opposite direction in same-tissue dataset(s): ['GSE110147']. Discovery direction: up.
2026-04-29 14:53:52 [INFO] riker.phases.phase5_replication: Gene VARS1: eliminated — Significant opposite direction in same-tissue dataset(s): ['GSE110147']. Discovery direction: up.
2026-04-29 14:53:52 [INFO] riker.phases.phase5_replication: Gene ZNF484: survived — Same-tissue replication: 2/2 concordant. Cross-tissue: 0/0 concordant.
2026-04-29 14:53:52 [INFO] riker.phases.phase5_replication: Gene ZNF546: survived — Same-tissue replication: 2/2 concordant. Cross-tissue: 0/0 concordant.
2026-04-29 14:53:52 [INFO] riker.phases.phase5_replication: Gene ZNF831: survived — Same-tissue replication: 1/2 concordant. Cross-tissue: 0/0 concordant.
2026-04-29 14:53:52 [INFO] riker.phases.phase5_replication: Gene AADAC: survived — Same-tissue replication: 1/2 concordant. Cross-tissue: 0/0 concordant.
2026-04-29 14:53:52 [INFO] riker.phases.phase5_replication: Gene AIM2: survived — Same-tissue replication: 2/2 concordant. Cross-tissue: 0/0 concordant.
2026-04-29 14:53:52 [INFO] riker.phases.phase5_replication: Gene DHX58: eliminated — Significant opposite direction in same-tissue dataset(s): ['GSE110147']. Discovery direction: up.
2026-04-29 14:53:52 [INFO] riker.phases.phase5_replication: Gene ENTREP1: eliminated — Significant opposite direction in same-tissue dataset(s): ['GSE110147', 'GSE10667']. Discovery direction: up.
2026-04-29 14:53:52 [INFO] riker.phases.phase5_replication: Gene FAM20A: eliminated — Significant opposite direction in same-tissue dataset(s): ['GSE110147']. Discovery direction: up.
2026-04-29 14:53:52 [INFO] riker.phases.phase5_replication: Gene ITGAL: eliminated — Significant opposite direction in same-tissue dataset(s): ['GSE110147']. Discovery direction: up.
2026-04-29 14:53:52 [INFO] riker.phases.phase5_replication: Gene LIPG: survived — Same-tissue replication: 1/2 concordant. Cross-tissue: 0/0 concordant.
2026-04-29 14:53:52 [INFO] riker.phases.phase5_replication: Gene LRRC70: survived — Same-tissue replication: 1/2 concordant. Cross-tissue: 0/0 concordant.
2026-04-29 14:53:52 [INFO] riker.phases.phase5_replication: Gene NDRG3: eliminated — Significant opposite direction in same-tissue dataset(s): ['GSE110147']. Discovery direction: up.
2026-04-29 14:53:52 [INFO] riker.phases.phase5_replication: Gene PPP1R9B: survived — Same-tissue replication: 1/2 concordant. Cross-tissue: 0/0 concordant.
2026-04-29 14:53:52 [INFO] riker.phases.phase5_replication: Gene ZBED11: survived — Same-tissue replication: 2/2 concordant. Cross-tissue: 0/0 concordant.
2026-04-29 14:53:52 [INFO] riker.phases.phase5_replication: Gene ZNF514: survived — Same-tissue replication: 2/2 concordant. Cross-tissue: 0/0 concordant.
2026-04-29 14:53:52 [INFO] riker.phases.phase5_replication: Gene BTN3A3: survived — Same-tissue replication: 1/2 concordant. Cross-tissue: 0/0 concordant.
2026-04-29 14:53:52 [INFO] riker.phases.phase5_replication: Gene MAP3K20: survived — Same-tissue replication: 2/2 concordant. Cross-tissue: 0/0 concordant.
2026-04-29 14:53:52 [INFO] riker.phases.phase5_replication: Gene MCM8: survived — Same-tissue replication: 2/2 concordant. Cross-tissue: 0/0 concordant.
2026-04-29 14:53:52 [INFO] riker.phases.phase5_replication: Gene ABCA12: survived — Same-tissue replication: 2/2 concordant. Cross-tissue: 0/0 concordant.
2026-04-29 14:53:52 [INFO] riker.phases.phase5_replication: Gene GLB1L2: survived — Same-tissue replication: 2/2 concordant. Cross-tissue: 0/0 concordant.
2026-04-29 14:53:52 [INFO] riker.phases.phase5_replication: Gene MORN3: survived — Same-tissue replication: 2/2 concordant. Cross-tissue: 0/0 concordant.
2026-04-29 14:53:52 [INFO] riker.phases.phase5_replication: Gene NAB1: survived — Same-tissue replication: 2/2 concordant. Cross-tissue: 0/0 concordant.
2026-04-29 14:53:52 [INFO] riker.phases.phase5_replication: Gene SLC25A12: survived — Same-tissue replication: 2/2 concordant. Cross-tissue: 0/0 concordant.
2026-04-29 14:53:52 [INFO] riker.phases.phase5_replication: Gene SNX9: survived — Same-tissue replication: 2/2 concordant. Cross-tissue: 0/0 concordant.
2026-04-29 14:53:52 [INFO] riker.phases.phase5_replication: Gene ATP2A2: survived — Same-tissue replication: 2/2 concordant. Cross-tissue: 0/0 concordant.
2026-04-29 14:53:52 [INFO] riker.phases.phase5_replication: Gene BBS2: survived — Same-tissue replication: 2/2 concordant. Cross-tissue: 0/0 concordant.
2026-04-29 14:53:53 [INFO] riker.phases.phase5_replication: Gene CREB3L2: survived — Same-tissue replication: 1/2 concordant. Cross-tissue: 0/0 concordant.
2026-04-29 14:53:53 [INFO] riker.phases.phase5_replication: Gene ITGAV: survived — Same-tissue replication: 2/2 concordant. Cross-tissue: 0/0 concordant.
2026-04-29 14:53:53 [INFO] riker.phases.phase5_replication: Gene MTMR11: survived — Same-tissue replication: 1/2 concordant. Cross-tissue: 0/0 concordant.
2026-04-29 14:53:53 [INFO] riker.phases.phase5_replication: Gene RFX5: survived — Same-tissue replication: 2/2 concordant. Cross-tissue: 0/0 concordant.
2026-04-29 14:53:53 [INFO] riker.phases.phase5_replication: Gene THBS3: survived — Same-tissue replication: 1/2 concordant. Cross-tissue: 0/0 concordant.
2026-04-29 14:53:53 [INFO] riker.phases.phase5_replication: Gene ASXL2: survived — Same-tissue replication: 2/2 concordant. Cross-tissue: 0/0 concordant.
2026-04-29 14:53:53 [INFO] riker.phases.phase5_replication: Gene FAM162A: survived — Same-tissue replication: 2/2 concordant. Cross-tissue: 0/0 concordant.
2026-04-29 14:53:53 [INFO] riker.phases.phase5_replication: Gene GOPC: survived — Same-tissue replication: 2/2 concordant. Cross-tissue: 0/0 concordant.
2026-04-29 14:53:53 [INFO] riker.phases.phase5_replication: Gene KIF7: eliminated — Significant opposite direction in same-tissue dataset(s): ['GSE110147']. Discovery direction: up.
2026-04-29 14:53:53 [INFO] riker.phases.phase5_replication: Gene ATP8B4: survived — Same-tissue replication: 2/2 concordant. Cross-tissue: 0/0 concordant.
2026-04-29 14:53:53 [INFO] riker.phases.phase5_replication: Gene JAG2: eliminated — Significant opposite direction in same-tissue dataset(s): ['GSE110147']. Discovery direction: up.
2026-04-29 14:53:53 [INFO] riker.phases.phase5_replication: Gene METTL15: survived — Same-tissue replication: 2/2 concordant. Cross-tissue: 0/0 concordant.
2026-04-29 14:53:53 [INFO] riker.phases.phase5_replication: Gene SH3PXD2A: eliminated — Significant opposite direction in same-tissue dataset(s): ['GSE110147']. Discovery direction: up.
2026-04-29 14:53:53 [INFO] riker.phases.phase5_replication: Gene SLC52A1: survived — Same-tissue replication: 1/2 concordant. Cross-tissue: 0/0 concordant.
2026-04-29 14:53:53 [INFO] riker.phases.phase5_replication: Gene TRMT13: survived — Same-tissue replication: 2/2 concordant. Cross-tissue: 0/0 concordant.
2026-04-29 14:53:53 [INFO] riker.phases.phase5_replication: Gene TSKU: eliminated — Significant opposite direction in same-tissue dataset(s): ['GSE110147']. Discovery direction: up.
2026-04-29 14:53:53 [INFO] riker.phases.phase5_replication: Gene IFNAR2: survived — Same-tissue replication: 2/2 concordant. Cross-tissue: 0/0 concordant.
2026-04-29 14:53:53 [INFO] riker.phases.phase5_replication: Gene SLC60A2: survived — Same-tissue replication: 2/2 concordant. Cross-tissue: 0/0 concordant.
2026-04-29 14:53:53 [INFO] riker.phases.phase5_replication: Gene STK38L: survived — Same-tissue replication: 2/2 concordant. Cross-tissue: 0/0 concordant.
2026-04-29 14:53:53 [INFO] riker.phases.phase5_replication: Gene NPC2: eliminated — Significant opposite direction in same-tissue dataset(s): ['GSE110147']. Discovery direction: up.
2026-04-29 14:53:53 [INFO] riker.phases.phase5_replication: Gene PDLIM5: survived — Same-tissue replication: 2/2 concordant. Cross-tissue: 0/0 concordant.
2026-04-29 14:53:53 [INFO] riker.phases.phase5_replication: Gene RCC2: eliminated — Significant opposite direction in same-tissue dataset(s): ['GSE110147']. Discovery direction: up.
2026-04-29 14:53:53 [INFO] riker.phases.phase5_replication: Gene ZNF284: survived — Same-tissue replication: 2/2 concordant. Cross-tissue: 0/0 concordant.
2026-04-29 14:53:53 [INFO] riker.phases.phase5_replication: Gene ADAMTS5: survived — Same-tissue replication: 2/2 concordant. Cross-tissue: 0/0 concordant.
2026-04-29 14:53:53 [INFO] riker.phases.phase5_replication: Gene CA11: survived — Same-tissue replication: 1/2 concordant. Cross-tissue: 0/0 concordant.
2026-04-29 14:53:53 [INFO] riker.phases.phase5_replication: Gene HERC6: survived — Same-tissue replication: 1/2 concordant. Cross-tissue: 0/0 concordant.
2026-04-29 14:53:53 [INFO] riker.phases.phase5_replication: Gene ISOC2: eliminated — Significant opposite direction in same-tissue dataset(s): ['GSE110147']. Discovery direction: up.
2026-04-29 14:53:53 [INFO] riker.phases.phase5_replication: Gene SH3BGRL: eliminated — Significant opposite direction in same-tissue dataset(s): ['GSE110147']. Discovery direction: up.
2026-04-29 14:53:53 [INFO] riker.phases.phase5_replication: Gene VOPP1: eliminated — Significant opposite direction in same-tissue dataset(s): ['GSE110147']. Discovery direction: up.
2026-04-29 14:53:53 [INFO] riker.phases.phase5_replication: Gene ABCC8: survived — Same-tissue replication: 1/2 concordant. Cross-tissue: 0/0 concordant.
2026-04-29 14:53:53 [INFO] riker.phases.phase5_replication: Gene ACACA: eliminated — Significant opposite direction in same-tissue dataset(s): ['GSE110147']. Discovery direction: down.
2026-04-29 14:53:53 [INFO] riker.phases.phase5_replication: Gene ADAM17: eliminated — Significant opposite direction in same-tissue dataset(s): ['GSE110147']. Discovery direction: down.
2026-04-29 14:53:53 [INFO] riker.phases.phase5_replication: Gene AKIRIN2: survived — Same-tissue replication: 1/2 concordant. Cross-tissue: 0/0 concordant.
2026-04-29 14:53:53 [INFO] riker.phases.phase5_replication: Gene AMOTL2: survived — Same-tissue replication: 2/2 concordant. Cross-tissue: 0/0 concordant.
2026-04-29 14:53:53 [INFO] riker.phases.phase5_replication: Gene ANKRD29: survived — Same-tissue replication: 2/2 concordant. Cross-tissue: 0/0 concordant.
2026-04-29 14:53:53 [INFO] riker.phases.phase5_replication: Gene APOLD1: survived — Same-tissue replication: 2/2 concordant. Cross-tissue: 0/0 concordant.
2026-04-29 14:53:53 [INFO] riker.phases.phase5_replication: Gene BCKDHA: survived — Same-tissue replication: 1/2 concordant. Cross-tissue: 0/0 concordant.
2026-04-29 14:53:53 [INFO] riker.phases.phase5_replication: Gene FAM177A1: eliminated — Significant opposite direction in same-tissue dataset(s): ['GSE110147']. Discovery direction: down.
2026-04-29 14:53:53 [INFO] riker.phases.phase5_replication: Gene FMNL2: eliminated — Significant opposite direction in same-tissue dataset(s): ['GSE110147']. Discovery direction: down.
2026-04-29 14:53:53 [INFO] riker.phases.phase5_replication: Gene GTF2IRD1: survived — Same-tissue replication: 1/2 concordant. Cross-tissue: 0/0 concordant.
2026-04-29 14:53:53 [INFO] riker.phases.phase5_replication: Gene ITSN2: eliminated — Significant opposite direction in same-tissue dataset(s): ['GSE110147']. Discovery direction: down.
2026-04-29 14:53:53 [INFO] riker.phases.phase5_replication: Gene LIFR: survived — Same-tissue replication: 1/2 concordant. Cross-tissue: 0/0 concordant.
2026-04-29 14:53:53 [INFO] riker.phases.phase5_replication: Gene MT1G: survived — Same-tissue replication: 2/2 concordant. Cross-tissue: 0/0 concordant.
2026-04-29 14:53:53 [INFO] riker.phases.phase5_replication: Gene NES: survived — Same-tissue replication: 1/2 concordant. Cross-tissue: 0/0 concordant.
2026-04-29 14:53:53 [INFO] riker.phases.phase5_replication: Gene NPR3: survived — Same-tissue replication: 1/2 concordant. Cross-tissue: 0/0 concordant.
2026-04-29 14:53:53 [INFO] riker.phases.phase5_replication: Gene OCLN: survived — Same-tissue replication: 2/2 concordant. Cross-tissue: 0/0 concordant.
2026-04-29 14:53:53 [INFO] riker.phases.phase5_replication: Gene PDK4: eliminated — Significant opposite direction in same-tissue dataset(s): ['GSE110147']. Discovery direction: down.
2026-04-29 14:53:53 [INFO] riker.phases.phase5_replication: Gene PKN3: survived — Same-tissue replication: 1/2 concordant. Cross-tissue: 0/0 concordant.
2026-04-29 14:53:53 [INFO] riker.phases.phase5_replication: Gene PRELP: survived — Same-tissue replication: 1/2 concordant. Cross-tissue: 0/0 concordant.
2026-04-29 14:53:53 [INFO] riker.phases.phase5_replication: Gene PTPRS: survived — Same-tissue replication: 1/2 concordant. Cross-tissue: 0/0 concordant.
2026-04-29 14:53:53 [INFO] riker.phases.phase5_replication: Gene RTKN2: survived — Same-tissue replication: 2/2 concordant. Cross-tissue: 0/0 concordant.
2026-04-29 14:53:53 [INFO] riker.phases.phase5_replication: Gene SFTPA2: survived — Same-tissue replication: 2/2 concordant. Cross-tissue: 0/0 concordant.
2026-04-29 14:53:53 [INFO] riker.phases.phase5_replication: Gene SLC38A2: eliminated — Significant opposite direction in same-tissue dataset(s): ['GSE110147']. Discovery direction: down.
2026-04-29 14:53:53 [INFO] riker.phases.phase5_replication: Gene SOX13: survived — Same-tissue replication: 2/2 concordant. Cross-tissue: 0/0 concordant.
2026-04-29 14:53:53 [INFO] riker.phases.phase5_replication: Gene SPTBN1: eliminated — Significant opposite direction in same-tissue dataset(s): ['GSE110147']. Discovery direction: down.
2026-04-29 14:53:53 [INFO] riker.phases.phase5_replication: Gene TCF21: survived — Same-tissue replication: 2/2 concordant. Cross-tissue: 0/0 concordant.
2026-04-29 14:53:53 [INFO] riker.phases.phase5_replication: Gene TEX2: eliminated — Significant opposite direction in same-tissue dataset(s): ['GSE110147']. Discovery direction: down.
2026-04-29 14:53:53 [INFO] riker.phases.phase5_replication: Gene USP44: eliminated — Significant opposite direction in same-tissue dataset(s): ['GSE110147']. Discovery direction: down.
2026-04-29 14:53:53 [INFO] riker.phases.phase5_replication: Gene AMD1: eliminated — Significant opposite direction in same-tissue dataset(s): ['GSE110147']. Discovery direction: down.
2026-04-29 14:53:53 [INFO] riker.phases.phase5_replication: Gene ARHGAP29: eliminated — Significant opposite direction in same-tissue dataset(s): ['GSE110147']. Discovery direction: down.
2026-04-29 14:53:53 [INFO] riker.phases.phase5_replication: Gene ARL8A: survived — Same-tissue replication: 1/2 concordant. Cross-tissue: 0/0 concordant.
2026-04-29 14:53:53 [INFO] riker.phases.phase5_replication: Gene BMPER: survived — Same-tissue replication: 1/2 concordant. Cross-tissue: 0/0 concordant.
2026-04-29 14:53:53 [INFO] riker.phases.phase5_replication: Gene CD55: survived — Same-tissue replication: 2/2 concordant. Cross-tissue: 0/0 concordant.
2026-04-29 14:53:53 [INFO] riker.phases.phase5_replication: Gene CHP1: survived — Same-tissue replication: 1/2 concordant. Cross-tissue: 0/0 concordant.
2026-04-29 14:53:53 [INFO] riker.phases.phase5_replication: Gene DDX39A: eliminated — Significant opposite direction in same-tissue dataset(s): ['GSE110147']. Discovery direction: down.
2026-04-29 14:53:53 [INFO] riker.phases.phase5_replication: Gene EPDR1: survived — Same-tissue replication: 0/2 concordant. Cross-tissue: 0/0 concordant.
2026-04-29 14:53:53 [INFO] riker.phases.phase5_replication: Gene FITM2: eliminated — Significant opposite direction in same-tissue dataset(s): ['GSE10667']. Discovery direction: down.
2026-04-29 14:53:53 [INFO] riker.phases.phase5_replication: Gene GATA6: survived — Same-tissue replication: 2/2 concordant. Cross-tissue: 0/0 concordant.
2026-04-29 14:53:53 [INFO] riker.phases.phase5_replication: Gene GIMAP6: survived — Same-tissue replication: 2/2 concordant. Cross-tissue: 0/0 concordant.
2026-04-29 14:53:53 [INFO] riker.phases.phase5_replication: Gene HYCC2: eliminated — Significant opposite direction in same-tissue dataset(s): ['GSE110147']. Discovery direction: down.
2026-04-29 14:53:53 [INFO] riker.phases.phase5_replication: Gene IMPA2: survived — Same-tissue replication: 1/2 concordant. Cross-tissue: 0/0 concordant.
2026-04-29 14:53:53 [INFO] riker.phases.phase5_replication: Gene LYPD5: survived — Same-tissue replication: 2/2 concordant. Cross-tissue: 0/0 concordant.
2026-04-29 14:53:53 [INFO] riker.phases.phase5_replication: Gene MGLL: survived — Same-tissue replication: 2/2 concordant. Cross-tissue: 0/0 concordant.
2026-04-29 14:53:53 [INFO] riker.phases.phase5_replication: Gene PID1: survived — Same-tissue replication: 1/2 concordant. Cross-tissue: 0/0 concordant.
2026-04-29 14:53:53 [INFO] riker.phases.phase5_replication: Gene PODXL: survived — Same-tissue replication: 2/2 concordant. Cross-tissue: 0/0 concordant.
2026-04-29 14:53:53 [INFO] riker.phases.phase5_replication: Gene PPL: survived — Same-tissue replication: 2/2 concordant. Cross-tissue: 0/0 concordant.
2026-04-29 14:53:53 [INFO] riker.phases.phase5_replication: Gene PPP1R15A: survived — Same-tissue replication: 2/2 concordant. Cross-tissue: 0/0 concordant.
2026-04-29 14:53:53 [INFO] riker.phases.phase5_replication: Gene PTPN21: survived — Same-tissue replication: 2/2 concordant. Cross-tissue: 0/0 concordant.
2026-04-29 14:53:53 [INFO] riker.phases.phase5_replication: Gene SREBF2: survived — Same-tissue replication: 2/2 concordant. Cross-tissue: 0/0 concordant.
2026-04-29 14:53:53 [INFO] riker.phases.phase5_replication: Gene FHOD1: survived — Same-tissue replication: 2/2 concordant. Cross-tissue: 0/0 concordant.
2026-04-29 14:53:53 [INFO] riker.phases.phase5_replication: Gene HPN: survived — Same-tissue replication: 2/2 concordant. Cross-tissue: 0/0 concordant.
2026-04-29 14:53:53 [INFO] riker.phases.phase5_replication: Gene LPCAT3: survived — Same-tissue replication: 1/2 concordant. Cross-tissue: 0/0 concordant.
2026-04-29 14:53:53 [INFO] riker.phases.phase5_replication: Gene MFNG: survived — Same-tissue replication: 2/2 concordant. Cross-tissue: 0/0 concordant.
2026-04-29 14:53:53 [INFO] riker.phases.phase5_replication: Gene QDPR: survived — Same-tissue replication: 2/2 concordant. Cross-tissue: 0/0 concordant.
2026-04-29 14:53:53 [INFO] riker.phases.phase5_replication: Gene RENBP: eliminated — Significant opposite direction in same-tissue dataset(s): ['GSE110147']. Discovery direction: down.
2026-04-29 14:53:53 [INFO] riker.phases.phase5_replication: Gene TNS3: survived — Same-tissue replication: 2/2 concordant. Cross-tissue: 0/0 concordant.
2026-04-29 14:53:53 [INFO] riker.phases.phase5_replication: Gene CD209: survived — Same-tissue replication: 1/2 concordant. Cross-tissue: 0/0 concordant.
2026-04-29 14:53:53 [INFO] riker.phases.phase5_replication: Gene SIRAL2: survived — Same-tissue replication: 2/2 concordant. Cross-tissue: 0/0 concordant.
2026-04-29 14:53:53 [INFO] riker.phases.phase5_replication: Gene TOX3: survived — Same-tissue replication: 1/2 concordant. Cross-tissue: 0/0 concordant.
2026-04-29 14:53:53 [INFO] riker.phases.phase5_replication: Gene VAT1L: survived — Same-tissue replication: 2/2 concordant. Cross-tissue: 0/0 concordant.
2026-04-29 14:53:53 [INFO] riker.phases.phase5_replication: Gene CMA1: eliminated — Significant opposite direction in same-tissue dataset(s): ['GSE110147']. Discovery direction: up.
2026-04-29 14:53:53 [INFO] riker.phases.phase5_replication: Gene DPY30: survived — Same-tissue replication: 1/2 concordant. Cross-tissue: 0/0 concordant.
2026-04-29 14:53:53 [INFO] riker.phases.phase5_replication: Gene PHTF1: survived — Same-tissue replication: 2/2 concordant. Cross-tissue: 0/0 concordant.
2026-04-29 14:53:53 [INFO] riker.phases.phase5_replication: Gene SSX2IP: survived — Same-tissue replication: 2/2 concordant. Cross-tissue: 0/0 concordant.
2026-04-29 14:53:53 [INFO] riker.phases.phase5_replication: Gene CPE: survived — Same-tissue replication: 1/2 concordant. Cross-tissue: 0/0 concordant.
2026-04-29 14:53:53 [INFO] riker.phases.phase5_replication: Gene GALNT1: survived — Same-tissue replication: 2/2 concordant. Cross-tissue: 0/0 concordant.
2026-04-29 14:53:53 [INFO] riker.phases.phase5_replication: Gene GLB1L: survived — Same-tissue replication: 1/2 concordant. Cross-tissue: 0/0 concordant.
2026-04-29 14:53:53 [INFO] riker.phases.phase5_replication: Gene GPX7: eliminated — Significant opposite direction in same-tissue dataset(s): ['GSE110147']. Discovery direction: up.
2026-04-29 14:53:53 [INFO] riker.phases.phase5_replication: Gene ITGA7: survived — Same-tissue replication: 2/2 concordant. Cross-tissue: 0/0 concordant.
2026-04-29 14:53:53 [INFO] riker.phases.phase5_replication: Gene NTS: survived — Same-tissue replication: 2/2 concordant. Cross-tissue: 0/0 concordant.
2026-04-29 14:53:53 [INFO] riker.phases.phase5_replication: Gene STEAP3: survived — Same-tissue replication: 2/2 concordant. Cross-tissue: 0/0 concordant.
2026-04-29 14:53:53 [INFO] riker.phases.phase5_replication: Gene TSPYL4: eliminated — Significant opposite direction in same-tissue dataset(s): ['GSE110147']. Discovery direction: up.
2026-04-29 14:53:53 [INFO] riker.phases.phase5_replication: Gene ZNF423: eliminated — Significant opposite direction in same-tissue dataset(s): ['GSE110147']. Discovery direction: up.
2026-04-29 14:53:53 [INFO] riker.phases.phase5_replication: Gene ADGRA2: eliminated — Significant opposite direction in same-tissue dataset(s): ['GSE110147']. Discovery direction: up.
2026-04-29 14:53:53 [INFO] riker.phases.phase5_replication: Gene ALDH1B1: survived — Same-tissue replication: 2/2 concordant. Cross-tissue: 0/0 concordant.
2026-04-29 14:53:53 [INFO] riker.phases.phase5_replication: Gene BMP2K: survived — Same-tissue replication: 2/2 concordant. Cross-tissue: 0/0 concordant.
2026-04-29 14:53:53 [INFO] riker.phases.phase5_replication: Gene CCNB2: survived — Same-tissue replication: 2/2 concordant. Cross-tissue: 0/0 concordant.
2026-04-29 14:53:53 [INFO] riker.phases.phase5_replication: Gene CELSR2: eliminated — Significant opposite direction in same-tissue dataset(s): ['GSE110147']. Discovery direction: up.
2026-04-29 14:53:53 [INFO] riker.phases.phase5_replication: Gene GABBR2: survived — Same-tissue replication: 2/2 concordant. Cross-tissue: 0/0 concordant.
2026-04-29 14:53:53 [INFO] riker.phases.phase5_replication: Gene GZMK: eliminated — Significant opposite direction in same-tissue dataset(s): ['GSE110147']. Discovery direction: up.
2026-04-29 14:53:53 [INFO] riker.phases.phase5_replication: Gene HABP2: survived — Same-tissue replication: 2/2 concordant. Cross-tissue: 0/0 concordant.
2026-04-29 14:53:53 [INFO] riker.phases.phase5_replication: Gene ISYNA1: survived — Same-tissue replication: 1/2 concordant. Cross-tissue: 0/0 concordant.
2026-04-29 14:53:53 [INFO] riker.phases.phase5_replication: Gene LOXL1: eliminated — Significant opposite direction in same-tissue dataset(s): ['GSE110147']. Discovery direction: up.
2026-04-29 14:53:53 [INFO] riker.phases.phase5_replication: Gene TRIL: eliminated — Significant opposite direction in same-tissue dataset(s): ['GSE110147']. Discovery direction: up.
2026-04-29 14:53:53 [INFO] riker.phases.phase5_replication: Gene VSTM2L: survived — Same-tissue replication: 2/2 concordant. Cross-tissue: 0/0 concordant.
2026-04-29 14:53:53 [INFO] riker.phases.phase5_replication: Gene ZNF93: survived — Same-tissue replication: 1/1 concordant. Cross-tissue: 0/0 concordant.
2026-04-29 14:53:53 [INFO] riker.phases.phase5_replication: Gene CXCL17: eliminated — Significant opposite direction in same-tissue dataset(s): ['GSE110147']. Discovery direction: up.
2026-04-29 14:53:53 [INFO] riker.phases.phase5_replication: Gene FXYD5: eliminated — Significant opposite direction in same-tissue dataset(s): ['GSE110147']. Discovery direction: up.
2026-04-29 14:53:53 [INFO] riker.phases.phase5_replication: Gene GM2A: survived — Same-tissue replication: 1/2 concordant. Cross-tissue: 0/0 concordant.
2026-04-29 14:53:53 [INFO] riker.phases.phase5_replication: Gene SPINK5: survived — Same-tissue replication: 2/2 concordant. Cross-tissue: 0/0 concordant.
2026-04-29 14:53:53 [INFO] riker.phases.phase5_replication: Gene TREM2: eliminated — Significant opposite direction in same-tissue dataset(s): ['GSE110147']. Discovery direction: up.
2026-04-29 14:53:53 [INFO] riker.phases.phase5_replication: Gene TSPAN33: eliminated — Significant opposite direction in same-tissue dataset(s): ['GSE110147']. Discovery direction: up.
2026-04-29 14:53:53 [INFO] riker.phases.phase5_replication: Gene CIRSR: survived — Same-tissue replication: 2/2 concordant. Cross-tissue: 0/0 concordant.
2026-04-29 14:53:53 [INFO] riker.phases.phase5_replication: Gene GORAB: survived — Same-tissue replication: 2/2 concordant. Cross-tissue: 0/0 concordant.
2026-04-29 14:53:53 [INFO] riker.phases.phase5_replication: Gene MLEC: survived — Same-tissue replication: 2/2 concordant. Cross-tissue: 0/0 concordant.
2026-04-29 14:53:53 [INFO] riker.phases.phase5_replication: Gene MTX2: survived — Same-tissue replication: 2/2 concordant. Cross-tissue: 0/0 concordant.
2026-04-29 14:53:53 [INFO] riker.phases.phase5_replication: Gene PDLIM7: survived — Same-tissue replication: 1/2 concordant. Cross-tissue: 0/0 concordant.
2026-04-29 14:53:53 [INFO] riker.phases.phase5_replication: Gene TP53: survived — Same-tissue replication: 1/2 concordant. Cross-tissue: 0/0 concordant.
2026-04-29 14:53:53 [INFO] riker.phases.phase5_replication: Gene ACTN4: eliminated — Significant opposite direction in same-tissue dataset(s): ['GSE110147']. Discovery direction: up.
2026-04-29 14:53:53 [INFO] riker.phases.phase5_replication: Gene CHTF8: eliminated — Significant opposite direction in same-tissue dataset(s): ['GSE110147']. Discovery direction: up.
2026-04-29 14:53:53 [INFO] riker.phases.phase5_replication: Gene HPS6: eliminated — Significant opposite direction in same-tissue dataset(s): ['GSE110147']. Discovery direction: up.
2026-04-29 14:53:53 [INFO] riker.phases.phase5_replication: Gene SLC75A1: eliminated — Significant opposite direction in same-tissue dataset(s): ['GSE110147']. Discovery direction: up.
2026-04-29 14:53:53 [INFO] riker.phases.phase5_replication: Gene SNX27: eliminated — Significant opposite direction in same-tissue dataset(s): ['GSE110147']. Discovery direction: down.
2026-04-29 14:53:53 [INFO] riker.phases.phase5_replication: Gene ADCY4: survived — Same-tissue replication: 2/2 concordant. Cross-tissue: 0/0 concordant.
2026-04-29 14:53:53 [INFO] riker.phases.phase5_replication: Gene KHDRBS3: survived — Same-tissue replication: 2/2 concordant. Cross-tissue: 0/0 concordant.
2026-04-29 14:53:53 [INFO] riker.phases.phase5_replication: Gene RNASE3: survived — Same-tissue replication: 1/2 concordant. Cross-tissue: 0/0 concordant.
2026-04-29 14:53:53 [INFO] riker.phases.phase5_replication: Gene SENP2: eliminated — Significant opposite direction in same-tissue dataset(s): ['GSE110147']. Discovery direction: down.
2026-04-29 14:53:53 [INFO] riker.phases.phase5_replication: Gene STRAP: eliminated — Significant opposite direction in same-tissue dataset(s): ['GSE110147']. Discovery direction: down.
2026-04-29 14:53:53 [INFO] riker.phases.phase5_replication: Gene TMEM139: survived — Same-tissue replication: 2/2 concordant. Cross-tissue: 0/0 concordant.
2026-04-29 14:53:53 [INFO] riker.phases.phase5_replication: Gene DUSP8: survived — Same-tissue replication: 2/2 concordant. Cross-tissue: 0/0 concordant.
2026-04-29 14:53:53 [INFO] riker.phases.phase5_replication: Gene NOVA2: survived — Same-tissue replication: 2/2 concordant. Cross-tissue: 0/0 concordant.
2026-04-29 14:53:53 [INFO] riker.phases.phase5_replication: Gene SLC25A24: eliminated — Significant opposite direction in same-tissue dataset(s): ['GSE110147']. Discovery direction: down.
2026-04-29 14:53:53 [INFO] riker.phases.phase5_replication: Gene SLC35D2: survived — Same-tissue replication: 1/2 concordant. Cross-tissue: 0/0 concordant.
2026-04-29 14:53:53 [INFO] riker.phases.phase5_replication: Gene ST6GALNAC5: survived — Same-tissue replication: 2/2 concordant. Cross-tissue: 0/0 concordant.
2026-04-29 14:53:53 [INFO] riker.phases.phase5_replication: Gene ADH1B: eliminated — Significant opposite direction in same-tissue dataset(s): ['GSE110147', 'GSE10667']. Discovery direction: down.
2026-04-29 14:53:53 [INFO] riker.phases.phase5_replication: Gene CD300LG: survived — Same-tissue replication: 2/2 concordant. Cross-tissue: 0/0 concordant.
2026-04-29 14:53:53 [INFO] riker.phases.phase5_replication: Gene CFLAR: eliminated — Significant opposite direction in same-tissue dataset(s): ['GSE110147']. Discovery direction: down.
2026-04-29 14:53:53 [INFO] riker.phases.phase5_replication: Gene GPD1L: eliminated — Significant opposite direction in same-tissue dataset(s): ['GSE110147']. Discovery direction: down.
2026-04-29 14:53:53 [INFO] riker.phases.phase5_replication: Gene LGI3: survived — Same-tissue replication: 2/2 concordant. Cross-tissue: 0/0 concordant.
2026-04-29 14:53:53 [INFO] riker.phases.phase5_replication: Gene PROSER2: survived — Same-tissue replication: 2/2 concordant. Cross-tissue: 0/0 concordant.
2026-04-29 14:53:53 [INFO] riker.phases.phase5_replication: Gene RGN: survived — Same-tissue replication: 2/2 concordant. Cross-tissue: 0/0 concordant.
2026-04-29 14:53:53 [INFO] riker.phases.phase5_replication: Gene SLC22A3: survived — Same-tissue replication: 1/2 concordant. Cross-tissue: 0/0 concordant.
2026-04-29 14:53:53 [INFO] riker.phases.phase5_replication: Gene ATP2C2: survived — Same-tissue replication: 2/2 concordant. Cross-tissue: 0/0 concordant.
2026-04-29 14:53:53 [INFO] riker.phases.phase5_replication: Gene PITHD1: survived — Same-tissue replication: 1/2 concordant. Cross-tissue: 0/0 concordant.
2026-04-29 14:53:53 [INFO] riker.phases.phase5_replication: Gene TAOK3: eliminated — Significant opposite direction in same-tissue dataset(s): ['GSE110147']. Discovery direction: down.
2026-04-29 14:53:53 [INFO] riker.phases.phase5_replication: Gene TST: survived — Same-tissue replication: 1/2 concordant. Cross-tissue: 0/0 concordant.
2026-04-29 14:53:53 [INFO] riker.phases.phase5_replication: Gene ANTXR1: survived — Same-tissue replication: 2/2 concordant. Cross-tissue: 0/0 concordant.
2026-04-29 14:53:53 [INFO] riker.phases.phase5_replication: Gene ECRG4: eliminated — Significant opposite direction in same-tissue dataset(s): ['GSE110147']. Discovery direction: up.
2026-04-29 14:53:53 [INFO] riker.phases.phase5_replication: Gene GSDME: survived — Same-tissue replication: 2/2 concordant. Cross-tissue: 0/0 concordant.
2026-04-29 14:53:53 [INFO] riker.phases.phase5_replication: Gene HHLA2: survived — Same-tissue replication: 2/2 concordant. Cross-tissue: 0/0 concordant.
2026-04-29 14:53:53 [INFO] riker.phases.phase5_replication: Gene PRSS2: survived — Same-tissue replication: 2/2 concordant. Cross-tissue: 0/0 concordant.
2026-04-29 14:53:53 [INFO] riker.phases.phase5_replication: Gene PRTFDC1: survived — Same-tissue replication: 2/2 concordant. Cross-tissue: 0/0 concordant.
2026-04-29 14:53:53 [INFO] riker.phases.phase5_replication: Gene TSHZ2: survived — Same-tissue replication: 2/2 concordant. Cross-tissue: 0/0 concordant.
2026-04-29 14:53:53 [INFO] riker.phases.phase5_replication: Gene UBXN10: survived — Same-tissue replication: 2/2 concordant. Cross-tissue: 0/0 concordant.
2026-04-29 14:53:53 [INFO] riker.phases.phase5_replication: Gene CLGN: survived — Same-tissue replication: 2/2 concordant. Cross-tissue: 0/0 concordant.
2026-04-29 14:53:53 [INFO] riker.phases.phase5_replication: Gene FCRL2: survived — Same-tissue replication: 2/2 concordant. Cross-tissue: 0/0 concordant.
2026-04-29 14:53:53 [INFO] riker.phases.phase5_replication: Gene FOLR1: eliminated — Significant opposite direction in same-tissue dataset(s): ['GSE110147']. Discovery direction: up.
2026-04-29 14:53:53 [INFO] riker.phases.phase5_replication: Gene GPR18: eliminated — Significant opposite direction in same-tissue dataset(s): ['GSE110147']. Discovery direction: up.
2026-04-29 14:53:53 [INFO] riker.phases.phase5_replication: Gene IRAG2: survived — Same-tissue replication: 2/2 concordant. Cross-tissue: 0/0 concordant.
2026-04-29 14:53:53 [INFO] riker.phases.phase5_replication: Gene CCNL1: eliminated — Significant opposite direction in same-tissue dataset(s): ['GSE110147']. Discovery direction: down.
2026-04-29 14:53:53 [INFO] riker.phases.phase5_replication: Gene FOXO3: survived — Same-tissue replication: 1/2 concordant. Cross-tissue: 0/0 concordant.
2026-04-29 14:53:53 [INFO] riker.phases.phase5_replication: Gene H2BC5: eliminated — Significant opposite direction in same-tissue dataset(s): ['GSE10667']. Discovery direction: down.
2026-04-29 14:53:53 [INFO] riker.phases.phase5_replication: Gene PPARG: survived — Same-tissue replication: 1/2 concordant. Cross-tissue: 0/0 concordant.
2026-04-29 14:53:53 [INFO] riker.phases.phase5_replication: Gene RAMP3: survived — Same-tissue replication: 2/2 concordant. Cross-tissue: 0/0 concordant.
2026-04-29 14:53:53 [INFO] riker.phases.phase5_replication: Gene SOSTDC1: survived — Same-tissue replication: 2/2 concordant. Cross-tissue: 0/0 concordant.
2026-04-29 14:53:53 [INFO] riker.phases.phase5_replication: Gene ENOSF1: survived — Same-tissue replication: 0/2 concordant. Cross-tissue: 0/0 concordant.
2026-04-29 14:53:53 [INFO] riker.phases.phase5_replication: Gene MTCL3: survived — Same-tissue replication: 1/1 concordant. Cross-tissue: 0/0 concordant.
2026-04-29 14:53:53 [INFO] riker.phases.phase5_replication: Gene PCOLCE2: survived — Same-tissue replication: 1/2 concordant. Cross-tissue: 0/0 concordant.
2026-04-29 14:53:53 [INFO] riker.phases.phase5_replication: Gene ATP9A: survived — Same-tissue replication: 2/2 concordant. Cross-tissue: 0/0 concordant.
2026-04-29 14:53:53 [INFO] riker.phases.phase5_replication: Gene CEP43: survived — Same-tissue replication: 2/2 concordant. Cross-tissue: 0/0 concordant.
2026-04-29 14:53:53 [INFO] riker.phases.phase5_replication: Gene HSPB1: eliminated — Significant opposite direction in same-tissue dataset(s): ['GSE110147']. Discovery direction: up.
2026-04-29 14:53:53 [INFO] riker.phases.phase5_replication: Gene MTTP: survived — Same-tissue replication: 2/2 concordant. Cross-tissue: 0/0 concordant.
2026-04-29 14:53:53 [INFO] riker.phases.phase5_replication: Gene RCAN3: survived — Same-tissue replication: 2/2 concordant. Cross-tissue: 0/0 concordant.
2026-04-29 14:53:53 [INFO] riker.phases.phase5_replication: Gene TDP1: survived — Same-tissue replication: 2/2 concordant. Cross-tissue: 0/0 concordant.
2026-04-29 14:53:53 [INFO] riker.phases.phase5_replication: Gene BBOX1: survived — Same-tissue replication: 2/2 concordant. Cross-tissue: 0/0 concordant.
2026-04-29 14:53:53 [INFO] riker.phases.phase5_replication: Gene CHD3: survived — Same-tissue replication: 2/2 concordant. Cross-tissue: 0/0 concordant.
2026-04-29 14:53:53 [INFO] riker.phases.phase5_replication: Gene CLSTN1: survived — Same-tissue replication: 2/2 concordant. Cross-tissue: 0/0 concordant.
2026-04-29 14:53:53 [INFO] riker.phases.phase5_replication: Gene GGT6: eliminated — Significant opposite direction in same-tissue dataset(s): ['GSE110147']. Discovery direction: up.
2026-04-29 14:53:53 [INFO] riker.phases.phase5_replication: Gene TMEM107: survived — Same-tissue replication: 2/2 concordant. Cross-tissue: 0/0 concordant.
2026-04-29 14:53:53 [INFO] riker.phases.phase5_replication: Gene CENPV: eliminated — Significant opposite direction in same-tissue dataset(s): ['GSE110147']. Discovery direction: up.
2026-04-29 14:53:53 [INFO] riker.phases.phase5_replication: Gene FGFR3: eliminated — Significant opposite direction in same-tissue dataset(s): ['GSE110147']. Discovery direction: up.
2026-04-29 14:53:53 [INFO] riker.phases.phase5_replication: Gene HLA-DPB1: eliminated — Significant opposite direction in same-tissue dataset(s): ['GSE110147']. Discovery direction: up.
2026-04-29 14:53:53 [INFO] riker.phases.phase5_replication: Gene IPP: survived — Same-tissue replication: 2/2 concordant. Cross-tissue: 0/0 concordant.
2026-04-29 14:53:53 [INFO] riker.phases.phase5_replication: Gene MAP3K7CL: eliminated — Significant opposite direction in same-tissue dataset(s): ['GSE110147']. Discovery direction: up.
2026-04-29 14:53:53 [INFO] riker.phases.phase5_replication: Gene TPM4: survived — Same-tissue replication: 2/2 concordant. Cross-tissue: 0/0 concordant.
2026-04-29 14:53:53 [INFO] riker.phases.phase5_replication: Gene TRIM6: survived — Same-tissue replication: 1/1 concordant. Cross-tissue: 0/0 concordant.
2026-04-29 14:53:53 [INFO] riker.phases.phase5_replication: Gene ACTC1: survived — Same-tissue replication: 1/2 concordant. Cross-tissue: 0/0 concordant.
2026-04-29 14:53:53 [INFO] riker.phases.phase5_replication: Gene ATP11C: survived — Same-tissue replication: 2/2 concordant. Cross-tissue: 0/0 concordant.
2026-04-29 14:53:53 [INFO] riker.phases.phase5_replication: Gene BBS1: eliminated — Significant opposite direction in same-tissue dataset(s): ['GSE110147']. Discovery direction: up.
2026-04-29 14:53:53 [INFO] riker.phases.phase5_replication: Gene SYT11: eliminated — Significant opposite direction in same-tissue dataset(s): ['GSE110147']. Discovery direction: up.
2026-04-29 14:53:53 [INFO] riker.phases.phase5_replication: Gene TAPBP: eliminated — Significant opposite direction in same-tissue dataset(s): ['GSE110147']. Discovery direction: up.
2026-04-29 14:53:53 [INFO] riker.phases.phase5_replication: Gene B3GNT7: survived — Same-tissue replication: 2/2 concordant. Cross-tissue: 0/0 concordant.
2026-04-29 14:53:53 [INFO] riker.phases.phase5_replication: Gene CLPP: eliminated — Significant opposite direction in same-tissue dataset(s): ['GSE10667']. Discovery direction: down.
2026-04-29 14:53:53 [INFO] riker.phases.phase5_replication: Gene GHITM: eliminated — Significant opposite direction in same-tissue dataset(s): ['GSE110147', 'GSE10667']. Discovery direction: down.
2026-04-29 14:53:53 [INFO] riker.phases.phase5_replication: Gene ITGA5: survived — Same-tissue replication: 1/2 concordant. Cross-tissue: 0/0 concordant.
2026-04-29 14:53:53 [INFO] riker.phases.phase5_replication: Gene LURAP1L: survived — Same-tissue replication: 1/2 concordant. Cross-tissue: 0/0 concordant.
2026-04-29 14:53:53 [INFO] riker.phases.phase5_replication: Gene MMUT: eliminated — Significant opposite direction in same-tissue dataset(s): ['GSE110147']. Discovery direction: down.
2026-04-29 14:53:53 [INFO] riker.phases.phase5_replication: Gene PLEKHM1: survived — Same-tissue replication: 1/2 concordant. Cross-tissue: 0/0 concordant.
2026-04-29 14:53:53 [INFO] riker.phases.phase5_replication: Gene TFCP2L1: survived — Same-tissue replication: 1/2 concordant. Cross-tissue: 0/0 concordant.
2026-04-29 14:53:53 [INFO] riker.phases.phase5_replication: Gene TMEM87A: eliminated — Significant opposite direction in same-tissue dataset(s): ['GSE110147']. Discovery direction: down.
2026-04-29 14:53:53 [INFO] riker.phases.phase5_replication: Gene ADRB1: survived — Same-tissue replication: 2/2 concordant. Cross-tissue: 0/0 concordant.
2026-04-29 14:53:53 [INFO] riker.phases.phase5_replication: Gene AKR1C3: eliminated — Significant opposite direction in same-tissue dataset(s): ['GSE110147']. Discovery direction: down.
2026-04-29 14:53:53 [INFO] riker.phases.phase5_replication: Gene CA2: survived — Same-tissue replication: 2/2 concordant. Cross-tissue: 0/0 concordant.
2026-04-29 14:53:53 [INFO] riker.phases.phase5_replication: Gene CSPG4: survived — Same-tissue replication: 1/2 concordant. Cross-tissue: 0/0 concordant.
2026-04-29 14:53:53 [INFO] riker.phases.phase5_replication: Gene GPM6B: survived — Same-tissue replication: 1/2 concordant. Cross-tissue: 0/0 concordant.
2026-04-29 14:53:53 [INFO] riker.phases.phase5_replication: Gene HSPA12B: survived — Same-tissue replication: 2/2 concordant. Cross-tissue: 0/0 concordant.
2026-04-29 14:53:53 [INFO] riker.phases.phase5_replication: Gene MT1A: survived — Same-tissue replication: 2/2 concordant. Cross-tissue: 0/0 concordant.
2026-04-29 14:53:53 [INFO] riker.phases.phase5_replication: Gene SRPX2: eliminated — Significant opposite direction in same-tissue dataset(s): ['GSE10667']. Discovery direction: down.
2026-04-29 14:53:53 [INFO] riker.phases.phase5_replication: Gene TNNT2: survived — Same-tissue replication: 2/2 concordant. Cross-tissue: 0/0 concordant.
2026-04-29 14:53:53 [INFO] riker.phases.phase5_replication: Gene AGPAT2: survived — Same-tissue replication: 1/2 concordant. Cross-tissue: 0/0 concordant.
2026-04-29 14:53:53 [INFO] riker.phases.phase5_replication: Gene AGTRAP: survived — Same-tissue replication: 1/2 concordant. Cross-tissue: 0/0 concordant.
2026-04-29 14:53:53 [INFO] riker.phases.phase5_replication: Gene GBGT1: eliminated — Significant opposite direction in same-tissue dataset(s): ['GSE10667']. Discovery direction: down.
2026-04-29 14:53:53 [INFO] riker.phases.phase5_replication: Gene ITPK1: survived — Same-tissue replication: 1/2 concordant. Cross-tissue: 0/0 concordant.
2026-04-29 14:53:53 [INFO] riker.phases.phase5_replication: Gene MTHFR: survived — Same-tissue replication: 2/2 concordant. Cross-tissue: 0/0 concordant.
2026-04-29 14:53:53 [INFO] riker.phases.phase5_replication: Gene RNH1: survived — Same-tissue replication: 1/2 concordant. Cross-tissue: 0/0 concordant.
2026-04-29 14:53:53 [INFO] riker.phases.phase5_replication: Gene RPS6KA1: survived — Same-tissue replication: 1/2 concordant. Cross-tissue: 0/0 concordant.
2026-04-29 14:53:53 [INFO] riker.phases.phase5_replication: Gene DAGLB: eliminated — Significant opposite direction in same-tissue dataset(s): ['GSE10667']. Discovery direction: down.
2026-04-29 14:53:53 [INFO] riker.phases.phase5_replication: Gene EPHB4: survived — Same-tissue replication: 1/2 concordant. Cross-tissue: 0/0 concordant.
2026-04-29 14:53:53 [INFO] riker.phases.phase5_replication: Gene GRINA: eliminated — Significant opposite direction in same-tissue dataset(s): ['GSE10667']. Discovery direction: down.
2026-04-29 14:53:53 [INFO] riker.phases.phase5_replication: Gene LSM6: survived — Same-tissue replication: 1/2 concordant. Cross-tissue: 0/0 concordant.
2026-04-29 14:53:53 [INFO] riker.phases.phase5_replication: Gene MCOLN1: eliminated — Significant opposite direction in same-tissue dataset(s): ['GSE10667']. Discovery direction: down.
2026-04-29 14:53:53 [INFO] riker.phases.phase5_replication: Gene CPED1: survived — Same-tissue replication: 2/2 concordant. Cross-tissue: 0/0 concordant.
2026-04-29 14:53:53 [INFO] riker.phases.phase5_replication: Gene DPT: eliminated — Significant opposite direction in same-tissue dataset(s): ['GSE110147']. Discovery direction: up.
2026-04-29 14:53:53 [INFO] riker.phases.phase5_replication: Gene EPS8L1: survived — Same-tissue replication: 1/2 concordant. Cross-tissue: 0/0 concordant.
2026-04-29 14:53:53 [INFO] riker.phases.phase5_replication: Gene LOXL2: eliminated — Significant opposite direction in same-tissue dataset(s): ['GSE110147']. Discovery direction: up.
2026-04-29 14:53:53 [INFO] riker.phases.phase5_replication: Gene NUF2: survived — Same-tissue replication: 2/2 concordant. Cross-tissue: 0/0 concordant.
2026-04-29 14:53:53 [INFO] riker.phases.phase5_replication: Gene PCSK1N: eliminated — Significant opposite direction in same-tissue dataset(s): ['GSE110147']. Discovery direction: up.
2026-04-29 14:53:53 [INFO] riker.phases.phase5_replication: Gene SRI: eliminated — Significant opposite direction in same-tissue dataset(s): ['GSE110147']. Discovery direction: up.
2026-04-29 14:53:53 [INFO] riker.phases.phase5_replication: Gene TNFRSF9: survived — Same-tissue replication: 0/2 concordant. Cross-tissue: 0/0 concordant.
2026-04-29 14:53:53 [INFO] riker.phases.phase5_replication: Gene TSPAN5: survived — Same-tissue replication: 2/2 concordant. Cross-tissue: 0/0 concordant.
2026-04-29 14:53:53 [INFO] riker.phases.phase5_replication: Gene LRRN1: survived — Same-tissue replication: 2/2 concordant. Cross-tissue: 0/0 concordant.
2026-04-29 14:53:53 [INFO] riker.phases.phase5_replication: Gene MUC4: survived — Same-tissue replication: 2/2 concordant. Cross-tissue: 0/0 concordant.
2026-04-29 14:53:53 [INFO] riker.phases.phase5_replication: Gene MUC5B: survived — Same-tissue replication: 1/1 concordant. Cross-tissue: 0/0 concordant.
2026-04-29 14:53:53 [INFO] riker.phases.phase5_replication: Gene MXRA5: survived — Same-tissue replication: 2/2 concordant. Cross-tissue: 0/0 concordant.
2026-04-29 14:53:53 [INFO] riker.phases.phase5_replication: Gene SIX1: survived — Same-tissue replication: 2/2 concordant. Cross-tissue: 0/0 concordant.
2026-04-29 14:53:53 [INFO] riker.phases.phase5_replication: Gene AQP3: eliminated — Significant opposite direction in same-tissue dataset(s): ['GSE110147']. Discovery direction: up.
2026-04-29 14:53:53 [INFO] riker.phases.phase5_replication: Gene CDCP1: survived — Same-tissue replication: 2/2 concordant. Cross-tissue: 0/0 concordant.
2026-04-29 14:53:53 [INFO] riker.phases.phase5_replication: Gene DENND1B: survived — Same-tissue replication: 1/2 concordant. Cross-tissue: 0/0 concordant.
2026-04-29 14:53:53 [INFO] riker.phases.phase5_replication: Gene FGF1: eliminated — Significant opposite direction in same-tissue dataset(s): ['GSE110147']. Discovery direction: up.
2026-04-29 14:53:53 [INFO] riker.phases.phase5_replication: Gene TMEM106B: survived — Same-tissue replication: 2/2 concordant. Cross-tissue: 0/0 concordant.
2026-04-29 14:53:53 [INFO] riker.phases.phase5_replication: Gene TMEM176B: survived — Same-tissue replication: 2/2 concordant. Cross-tissue: 0/0 concordant.
2026-04-29 14:53:53 [INFO] riker.phases.phase5_replication: Gene ATP1B1: survived — Same-tissue replication: 2/2 concordant. Cross-tissue: 0/0 concordant.
2026-04-29 14:53:53 [INFO] riker.phases.phase5_replication: Gene COL6A2: survived — Same-tissue replication: 2/2 concordant. Cross-tissue: 0/0 concordant.
2026-04-29 14:53:53 [INFO] riker.phases.phase5_replication: Gene DPYS: survived — Same-tissue replication: 2/2 concordant. Cross-tissue: 0/0 concordant.
2026-04-29 14:53:53 [INFO] riker.phases.phase5_replication: Gene FANCL: survived — Same-tissue replication: 2/2 concordant. Cross-tissue: 0/0 concordant.
2026-04-29 14:53:53 [INFO] riker.phases.phase5_replication: Gene IGFBP4: eliminated — Significant opposite direction in same-tissue dataset(s): ['GSE110147']. Discovery direction: up.
2026-04-29 14:53:53 [INFO] riker.phases.phase5_replication: Gene IGFL2: survived — Same-tissue replication: 2/2 concordant. Cross-tissue: 0/0 concordant.
2026-04-29 14:53:53 [INFO] riker.phases.phase5_replication: Gene LIMA1: survived — Same-tissue replication: 2/2 concordant. Cross-tissue: 0/0 concordant.
2026-04-29 14:53:53 [INFO] riker.phases.phase5_replication: Gene LPAR5: eliminated — Significant opposite direction in same-tissue dataset(s): ['GSE110147']. Discovery direction: up.
2026-04-29 14:53:53 [INFO] riker.phases.phase5_replication: Gene MYO1E: survived — Same-tissue replication: 2/2 concordant. Cross-tissue: 0/0 concordant.
2026-04-29 14:53:53 [INFO] riker.phases.phase5_replication: Gene NALCN: survived — Same-tissue replication: 2/2 concordant. Cross-tissue: 0/0 concordant.
2026-04-29 14:53:53 [INFO] riker.phases.phase5_replication: Gene NENF: eliminated — Significant opposite direction in same-tissue dataset(s): ['GSE110147']. Discovery direction: up.
2026-04-29 14:53:53 [INFO] riker.phases.phase5_replication: Gene NUP210: eliminated — Significant opposite direction in same-tissue dataset(s): ['GSE110147']. Discovery direction: up.
2026-04-29 14:53:53 [INFO] riker.phases.phase5_replication: Gene PFKP: survived — Same-tissue replication: 1/2 concordant. Cross-tissue: 0/0 concordant.
2026-04-29 14:53:53 [INFO] riker.phases.phase5_replication: Gene PRR5L: eliminated — Significant opposite direction in same-tissue dataset(s): ['GSE110147']. Discovery direction: up.
2026-04-29 14:53:53 [INFO] riker.phases.phase5_replication: Gene RPS27L: survived — Same-tissue replication: 2/2 concordant. Cross-tissue: 0/0 concordant.
2026-04-29 14:53:53 [INFO] riker.phases.phase5_replication: Gene ANO1: eliminated — Significant opposite direction in same-tissue dataset(s): ['GSE110147']. Discovery direction: up.
2026-04-29 14:53:53 [INFO] riker.phases.phase5_replication: Gene BDKRB2: survived — Same-tissue replication: 2/2 concordant. Cross-tissue: 0/0 concordant.
2026-04-29 14:53:53 [INFO] riker.phases.phase5_replication: Gene CCL5: eliminated — Significant opposite direction in same-tissue dataset(s): ['GSE110147']. Discovery direction: up.
2026-04-29 14:53:53 [INFO] riker.phases.phase5_replication: Gene CD2: survived — Same-tissue replication: 1/2 concordant. Cross-tissue: 0/0 concordant.
2026-04-29 14:53:53 [INFO] riker.phases.phase5_replication: Gene FAM162B: eliminated — Significant opposite direction in same-tissue dataset(s): ['GSE110147', 'GSE10667']. Discovery direction: up.
2026-04-29 14:53:53 [INFO] riker.phases.phase5_replication: Gene FRZB: survived — Same-tissue replication: 1/2 concordant. Cross-tissue: 0/0 concordant.
2026-04-29 14:53:53 [INFO] riker.phases.phase5_replication: Gene ITGBL1: survived — Same-tissue replication: 2/2 concordant. Cross-tissue: 0/0 concordant.
2026-04-29 14:53:53 [INFO] riker.phases.phase5_replication: Gene MID1: survived — Same-tissue replication: 2/2 concordant. Cross-tissue: 0/0 concordant.
2026-04-29 14:53:53 [INFO] riker.phases.phase5_replication: Gene PITPNM1: eliminated — Significant opposite direction in same-tissue dataset(s): ['GSE110147']. Discovery direction: up.
2026-04-29 14:53:53 [INFO] riker.phases.phase5_replication: Gene RGS10: survived — Same-tissue replication: 2/2 concordant. Cross-tissue: 0/0 concordant.
2026-04-29 14:53:53 [INFO] riker.phases.phase5_replication: Gene RRBP1: survived — Same-tissue replication: 2/2 concordant. Cross-tissue: 0/0 concordant.
2026-04-29 14:53:53 [INFO] riker.phases.phase5_replication: Gene SGPL1: survived — Same-tissue replication: 2/2 concordant. Cross-tissue: 0/0 concordant.
2026-04-29 14:53:53 [INFO] riker.phases.phase5_replication: Gene SLC16A2: eliminated — Significant opposite direction in same-tissue dataset(s): ['GSE110147']. Discovery direction: up.
2026-04-29 14:53:53 [INFO] riker.phases.phase5_replication: Gene DDIT4L: survived — Same-tissue replication: 2/2 concordant. Cross-tissue: 0/0 concordant.
2026-04-29 14:53:53 [INFO] riker.phases.phase5_replication: Gene SLC8A1: survived — Same-tissue replication: 2/2 concordant. Cross-tissue: 0/0 concordant.
2026-04-29 14:53:53 [INFO] riker.phases.phase5_replication: Gene SLC9A7: survived — Same-tissue replication: 2/2 concordant. Cross-tissue: 0/0 concordant.
2026-04-29 14:53:53 [INFO] riker.phases.phase5_replication: Gene WDR5B: survived — Same-tissue replication: 2/2 concordant. Cross-tissue: 0/0 concordant.
2026-04-29 14:53:53 [INFO] riker.phases.phase5_replication: Gene DTWD1: survived — Same-tissue replication: 2/2 concordant. Cross-tissue: 0/0 concordant.
2026-04-29 14:53:53 [INFO] riker.phases.phase5_replication: Gene SLC46A3: survived — Same-tissue replication: 2/2 concordant. Cross-tissue: 0/0 concordant.
2026-04-29 14:53:53 [INFO] riker.phases.phase5_replication: Gene TMEM176A: eliminated — Significant opposite direction in same-tissue dataset(s): ['GSE110147']. Discovery direction: up.
2026-04-29 14:53:53 [INFO] riker.phases.phase5_replication: Gene TRUB1: survived — Same-tissue replication: 2/2 concordant. Cross-tissue: 0/0 concordant.
2026-04-29 14:53:53 [INFO] riker.phases.phase5_replication: Gene WDR27: survived — Same-tissue replication: 2/2 concordant. Cross-tissue: 0/0 concordant.
2026-04-29 14:53:53 [INFO] riker.phases.phase5_replication: Gene ACTN1: eliminated — Significant opposite direction in same-tissue dataset(s): ['GSE110147']. Discovery direction: up.
2026-04-29 14:53:53 [INFO] riker.phases.phase5_replication: Gene ADA2: survived — Same-tissue replication: 2/2 concordant. Cross-tissue: 0/0 concordant.
2026-04-29 14:53:53 [INFO] riker.phases.phase5_replication: Gene INPP5D: survived — Same-tissue replication: 2/2 concordant. Cross-tissue: 0/0 concordant.
2026-04-29 14:53:53 [INFO] riker.phases.phase5_replication: Gene SSC5D: eliminated — Significant opposite direction in same-tissue dataset(s): ['GSE110147']. Discovery direction: up.
2026-04-29 14:53:53 [INFO] riker.phases.phase5_replication: Gene CCR5: survived — Same-tissue replication: 1/2 concordant. Cross-tissue: 0/0 concordant.
2026-04-29 14:53:53 [INFO] riker.phases.phase5_replication: Gene GPNMB: survived — Same-tissue replication: 2/2 concordant. Cross-tissue: 0/0 concordant.
2026-04-29 14:53:53 [INFO] riker.phases.phase5_replication: Gene ISLR: eliminated — Significant opposite direction in same-tissue dataset(s): ['GSE110147']. Discovery direction: up.
2026-04-29 14:53:53 [INFO] riker.phases.phase5_replication: Gene SCUBE2: eliminated — Significant opposite direction in same-tissue dataset(s): ['GSE110147']. Discovery direction: up.
2026-04-29 14:53:53 [INFO] riker.phases.phase5_replication: Gene TMED3: eliminated — Significant opposite direction in same-tissue dataset(s): ['GSE110147']. Discovery direction: up.
2026-04-29 14:53:53 [INFO] riker.phases.phase5_replication: Gene TMEM35A: survived — Same-tissue replication: 1/2 concordant. Cross-tissue: 0/0 concordant.
2026-04-29 14:53:53 [INFO] riker.phases.phase5_replication: Gene TPBG: survived — Same-tissue replication: 2/2 concordant. Cross-tissue: 0/0 concordant.
2026-04-29 14:53:53 [INFO] riker.phases.phase5_replication: Gene AOC1: eliminated — Significant opposite direction in same-tissue dataset(s): ['GSE110147']. Discovery direction: up.
2026-04-29 14:53:53 [INFO] riker.phases.phase5_replication: Gene HLA-DPA1: eliminated — Significant opposite direction in same-tissue dataset(s): ['GSE110147']. Discovery direction: up.
2026-04-29 14:53:53 [INFO] riker.phases.phase5_replication: Gene LEO1: survived — Same-tissue replication: 2/2 concordant. Cross-tissue: 0/0 concordant.
2026-04-29 14:53:53 [INFO] riker.phases.phase5_replication: Gene MXRA8: eliminated — Significant opposite direction in same-tissue dataset(s): ['GSE110147']. Discovery direction: up.
2026-04-29 14:53:53 [INFO] riker.phases.phase5_replication: Gene SLC24A3: survived — Same-tissue replication: 1/2 concordant. Cross-tissue: 0/0 concordant.
2026-04-29 14:53:53 [INFO] riker.phases.phase5_replication: Gene GATAD1: survived — Same-tissue replication: 2/2 concordant. Cross-tissue: 0/0 concordant.
2026-04-29 14:53:53 [INFO] riker.phases.phase5_replication: Gene PIGG: survived — Same-tissue replication: 2/2 concordant. Cross-tissue: 0/0 concordant.
2026-04-29 14:53:53 [INFO] riker.phases.phase5_replication: Gene TUFM: survived — Same-tissue replication: 2/2 concordant. Cross-tissue: 0/0 concordant.
2026-04-29 14:53:53 [INFO] riker.phases.phase5_replication: Gene VIPAS39: survived — Same-tissue replication: 2/2 concordant. Cross-tissue: 0/0 concordant.
2026-04-29 14:53:53 [INFO] riker.phases.phase5_replication: Gene ATP2B1: survived — Same-tissue replication: 1/2 concordant. Cross-tissue: 0/0 concordant.
2026-04-29 14:53:53 [INFO] riker.phases.phase5_replication: Gene AVPR1A: survived — Same-tissue replication: 2/2 concordant. Cross-tissue: 0/0 concordant.
2026-04-29 14:53:53 [INFO] riker.phases.phase5_replication: Gene CACNA1C: survived — Same-tissue replication: 1/2 concordant. Cross-tissue: 0/0 concordant.
2026-04-29 14:53:53 [INFO] riker.phases.phase5_replication: Gene CORIN: survived — Same-tissue replication: 2/2 concordant. Cross-tissue: 0/0 concordant.
2026-04-29 14:53:53 [INFO] riker.phases.phase5_replication: Gene MASP1: eliminated — Significant opposite direction in same-tissue dataset(s): ['GSE110147']. Discovery direction: up.
2026-04-29 14:53:53 [INFO] riker.phases.phase5_replication: Gene RUBCNL: survived — Same-tissue replication: 2/2 concordant. Cross-tissue: 0/0 concordant.
2026-04-29 14:53:53 [INFO] riker.phases.phase5_replication: Gene TRA2A: survived — Same-tissue replication: 2/2 concordant. Cross-tissue: 0/0 concordant.
2026-04-29 14:53:53 [INFO] riker.phases.phase5_replication: Gene ZBP1: survived — Same-tissue replication: 1/2 concordant. Cross-tissue: 0/0 concordant.
2026-04-29 14:53:53 [INFO] riker.phases.phase5_replication: Gene ZNF302: survived — Same-tissue replication: 2/2 concordant. Cross-tissue: 0/0 concordant.
2026-04-29 14:53:53 [INFO] riker.phases.phase5_replication: Gene ZNF512: survived — Same-tissue replication: 2/2 concordant. Cross-tissue: 0/0 concordant.
2026-04-29 14:53:53 [INFO] riker.phases.phase5_replication: Gene ZNF518A: survived — Same-tissue replication: 2/2 concordant. Cross-tissue: 0/0 concordant.
2026-04-29 14:53:53 [INFO] riker.phases.phase5_replication: Gene CALML4: survived — Same-tissue replication: 2/2 concordant. Cross-tissue: 0/0 concordant.
2026-04-29 14:53:53 [INFO] riker.phases.phase5_replication: Gene EGFLAM: survived — Same-tissue replication: 2/2 concordant. Cross-tissue: 0/0 concordant.
2026-04-29 14:53:53 [INFO] riker.phases.phase5_replication: Gene OSR2: survived — Same-tissue replication: 2/2 concordant. Cross-tissue: 0/0 concordant.
2026-04-29 14:53:53 [INFO] riker.phases.phase5_replication: Gene TET1: survived — Same-tissue replication: 2/2 concordant. Cross-tissue: 0/0 concordant.
2026-04-29 14:53:53 [INFO] riker.phases.phase5_replication: Gene CAMK1D: survived — Same-tissue replication: 2/2 concordant. Cross-tissue: 0/0 concordant.
2026-04-29 14:53:53 [INFO] riker.phases.phase5_replication: Gene FBXO16: survived — Same-tissue replication: 2/2 concordant. Cross-tissue: 0/0 concordant.
2026-04-29 14:53:53 [INFO] riker.phases.phase5_replication: Gene MARCHF10: survived — Same-tissue replication: 2/2 concordant. Cross-tissue: 0/0 concordant.
2026-04-29 14:53:53 [INFO] riker.phases.phase5_replication: Gene MLF1: survived — Same-tissue replication: 2/2 concordant. Cross-tissue: 0/0 concordant.
2026-04-29 14:53:53 [INFO] riker.phases.phase5_replication: Gene PRRX1: survived — Same-tissue replication: 2/2 concordant. Cross-tissue: 0/0 concordant.
2026-04-29 14:53:53 [INFO] riker.phases.phase5_replication: Gene COL1A2: survived — Same-tissue replication: 2/2 concordant. Cross-tissue: 0/0 concordant.
2026-04-29 14:53:53 [INFO] riker.phases.phase5_replication: Gene FGF14: survived — Same-tissue replication: 2/2 concordant. Cross-tissue: 0/0 concordant.
2026-04-29 14:53:53 [INFO] riker.phases.phase5_replication: Gene FHOD3: survived — Same-tissue replication: 2/2 concordant. Cross-tissue: 0/0 concordant.
2026-04-29 14:53:53 [INFO] riker.phases.phase5_replication: Gene GLT8D2: survived — Same-tissue replication: 1/2 concordant. Cross-tissue: 0/0 concordant.
2026-04-29 14:53:53 [INFO] riker.phases.phase5_replication: Gene IL33: survived — Same-tissue replication: 2/2 concordant. Cross-tissue: 0/0 concordant.
2026-04-29 14:53:53 [INFO] riker.phases.phase5_replication: Gene MACC1: survived — Same-tissue replication: 2/2 concordant. Cross-tissue: 0/0 concordant.
2026-04-29 14:53:53 [INFO] riker.phases.phase5_replication: Gene PIEZO2: survived — Same-tissue replication: 1/2 concordant. Cross-tissue: 0/0 concordant.
2026-04-29 14:53:53 [INFO] riker.phases.phase5_replication: Gene RGS13: survived — Same-tissue replication: 1/2 concordant. Cross-tissue: 0/0 concordant.
2026-04-29 14:53:53 [INFO] riker.phases.phase5_replication: Gene ROBO1: survived — Same-tissue replication: 2/2 concordant. Cross-tissue: 0/0 concordant.
2026-04-29 14:53:54 [INFO] riker.phases.phase5_replication: Gene BCAS3: eliminated — Significant opposite direction in same-tissue dataset(s): ['GSE110147']. Discovery direction: up.
2026-04-29 14:53:54 [INFO] riker.phases.phase5_replication: Gene DUSP14: eliminated — Significant opposite direction in same-tissue dataset(s): ['GSE110147']. Discovery direction: up.
2026-04-29 14:53:54 [INFO] riker.phases.phase5_replication: Gene EAF2: survived — Same-tissue replication: 2/2 concordant. Cross-tissue: 0/0 concordant.
2026-04-29 14:53:54 [INFO] riker.phases.phase5_replication: Gene PPIL4: survived — Same-tissue replication: 2/2 concordant. Cross-tissue: 0/0 concordant.
2026-04-29 14:53:54 [INFO] riker.phases.phase5_replication: Gene SLC4A7: survived — Same-tissue replication: 2/2 concordant. Cross-tissue: 0/0 concordant.
2026-04-29 14:53:54 [INFO] riker.phases.phase5_replication: Gene SLMAP: survived — Same-tissue replication: 2/2 concordant. Cross-tissue: 0/0 concordant.
2026-04-29 14:53:54 [INFO] riker.phases.phase5_replication: Gene BCAT2: survived — Same-tissue replication: 1/2 concordant. Cross-tissue: 0/0 concordant.
2026-04-29 14:53:54 [INFO] riker.phases.phase5_replication: Gene CDKL2: survived — Same-tissue replication: 2/2 concordant. Cross-tissue: 0/0 concordant.
2026-04-29 14:53:54 [INFO] riker.phases.phase5_replication: Gene CEACAM4: survived — Same-tissue replication: 1/2 concordant. Cross-tissue: 0/0 concordant.
2026-04-29 14:53:54 [INFO] riker.phases.phase5_replication: Gene DGAT2: survived — Same-tissue replication: 2/2 concordant. Cross-tissue: 0/0 concordant.
2026-04-29 14:53:54 [INFO] riker.phases.phase5_replication: Gene DSEL: survived — Same-tissue replication: 1/2 concordant. Cross-tissue: 0/0 concordant.
2026-04-29 14:53:54 [INFO] riker.phases.phase5_replication: Gene GPRIN2: survived — Same-tissue replication: 2/2 concordant. Cross-tissue: 0/0 concordant.
2026-04-29 14:53:54 [INFO] riker.phases.phase5_replication: Gene GSTA4: survived — Same-tissue replication: 2/2 concordant. Cross-tissue: 0/0 concordant.
2026-04-29 14:53:54 [INFO] riker.phases.phase5_replication: Gene KLF6: survived — Same-tissue replication: 2/2 concordant. Cross-tissue: 0/0 concordant.
2026-04-29 14:53:54 [INFO] riker.phases.phase5_replication: Gene MEGF9: eliminated — Significant opposite direction in same-tissue dataset(s): ['GSE110147']. Discovery direction: down.
2026-04-29 14:53:54 [INFO] riker.phases.phase5_replication: Gene MERTK: eliminated — Significant opposite direction in same-tissue dataset(s): ['GSE110147', 'GSE10667']. Discovery direction: down.
2026-04-29 14:53:54 [INFO] riker.phases.phase5_replication: Gene NEDD9: survived — Same-tissue replication: 2/2 concordant. Cross-tissue: 0/0 concordant.
2026-04-29 14:53:54 [INFO] riker.phases.phase5_replication: Gene PHACTR1: survived — Same-tissue replication: 2/2 concordant. Cross-tissue: 0/0 concordant.
2026-04-29 14:53:54 [INFO] riker.phases.phase5_replication: Gene SH3BP5: survived — Same-tissue replication: 2/2 concordant. Cross-tissue: 0/0 concordant.
2026-04-29 14:53:54 [INFO] riker.phases.phase5_replication: Gene STARD13: survived — Same-tissue replication: 2/2 concordant. Cross-tissue: 0/0 concordant.
2026-04-29 14:53:54 [INFO] riker.phases.phase5_replication: Gene STX3: survived — Same-tissue replication: 2/2 concordant. Cross-tissue: 0/0 concordant.
2026-04-29 14:53:54 [INFO] riker.phases.phase5_replication: Gene BCHE: survived — Same-tissue replication: 2/2 concordant. Cross-tissue: 0/0 concordant.
2026-04-29 14:53:54 [INFO] riker.phases.phase5_replication: Gene CEP126: survived — Same-tissue replication: 2/2 concordant. Cross-tissue: 0/0 concordant.
2026-04-29 14:53:54 [INFO] riker.phases.phase5_replication: Gene CLCA2: survived — Same-tissue replication: 2/2 concordant. Cross-tissue: 0/0 concordant.
2026-04-29 14:53:54 [INFO] riker.phases.phase5_replication: Gene CYP24A1: survived — Same-tissue replication: 2/2 concordant. Cross-tissue: 0/0 concordant.
2026-04-29 14:53:54 [INFO] riker.phases.phase5_replication: Gene DCLK1: survived — Same-tissue replication: 2/2 concordant. Cross-tissue: 0/0 concordant.
2026-04-29 14:53:54 [INFO] riker.phases.phase5_replication: Gene PSD3: survived — Same-tissue replication: 2/2 concordant. Cross-tissue: 0/0 concordant.
2026-04-29 14:53:54 [INFO] riker.phases.phase5_replication: Gene SSPN: survived — Same-tissue replication: 2/2 concordant. Cross-tissue: 0/0 concordant.
2026-04-29 14:53:54 [INFO] riker.phases.phase5_replication: Gene TNS4: survived — Same-tissue replication: 2/2 concordant. Cross-tissue: 0/0 concordant.
2026-04-29 14:53:54 [INFO] riker.phases.phase5_replication: Gene ECM2: survived — Same-tissue replication: 2/2 concordant. Cross-tissue: 0/0 concordant.
2026-04-29 14:53:54 [INFO] riker.phases.phase5_replication: Gene EYA2: survived — Same-tissue replication: 1/1 concordant. Cross-tissue: 0/0 concordant.
2026-04-29 14:53:54 [INFO] riker.phases.phase5_replication: Gene GXYLT2: eliminated — Significant opposite direction in same-tissue dataset(s): ['GSE110147']. Discovery direction: up.
2026-04-29 14:53:54 [INFO] riker.phases.phase5_replication: Gene NELL2: survived — Same-tissue replication: 2/2 concordant. Cross-tissue: 0/0 concordant.
2026-04-29 14:53:54 [INFO] riker.phases.phase5_replication: Gene OGN: survived — Same-tissue replication: 2/2 concordant. Cross-tissue: 0/0 concordant.
2026-04-29 14:53:54 [INFO] riker.phases.phase5_replication: Gene PAMR1: survived — Same-tissue replication: 2/2 concordant. Cross-tissue: 0/0 concordant.
2026-04-29 14:53:54 [INFO] riker.phases.phase5_replication: Gene PLPP2: survived — Same-tissue replication: 2/2 concordant. Cross-tissue: 0/0 concordant.
2026-04-29 14:53:54 [INFO] riker.phases.phase5_replication: Gene ROBO2: survived — Same-tissue replication: 2/2 concordant. Cross-tissue: 0/0 concordant.
2026-04-29 14:53:54 [INFO] riker.phases.phase5_replication: Gene SLN: survived — Same-tissue replication: 2/2 concordant. Cross-tissue: 0/0 concordant.
2026-04-29 14:53:54 [INFO] riker.phases.phase5_replication: Gene TGFB3: survived — Same-tissue replication: 2/2 concordant. Cross-tissue: 0/0 concordant.
2026-04-29 14:53:54 [INFO] riker.phases.phase5_replication: Gene VTCN1: survived — Same-tissue replication: 2/2 concordant. Cross-tissue: 0/0 concordant.
2026-04-29 14:53:54 [INFO] riker.phases.phase5_replication: Gene AGPAT4: survived — Same-tissue replication: 2/2 concordant. Cross-tissue: 0/0 concordant.
2026-04-29 14:53:54 [INFO] riker.phases.phase5_replication: Gene CD1B: survived — Same-tissue replication: 1/2 concordant. Cross-tissue: 0/0 concordant.
2026-04-29 14:53:54 [INFO] riker.phases.phase5_replication: Gene DENND2A: survived — Same-tissue replication: 1/2 concordant. Cross-tissue: 0/0 concordant.
2026-04-29 14:53:54 [INFO] riker.phases.phase5_replication: Gene GSDMB: survived — Same-tissue replication: 2/2 concordant. Cross-tissue: 0/0 concordant.
2026-04-29 14:53:54 [INFO] riker.phases.phase5_replication: Gene LRP12: survived — Same-tissue replication: 2/2 concordant. Cross-tissue: 0/0 concordant.
2026-04-29 14:53:54 [INFO] riker.phases.phase5_replication: Gene LUC7L3: survived — Same-tissue replication: 2/2 concordant. Cross-tissue: 0/0 concordant.
2026-04-29 14:53:54 [INFO] riker.phases.phase5_replication: Gene MARCHF4: eliminated — Significant opposite direction in same-tissue dataset(s): ['GSE110147']. Discovery direction: up.
2026-04-29 14:53:54 [INFO] riker.phases.phase5_replication: Gene MGARP: survived — Same-tissue replication: 2/2 concordant. Cross-tissue: 0/0 concordant.
2026-04-29 14:53:54 [INFO] riker.phases.phase5_replication: Gene RABGAP1L: survived — Same-tissue replication: 2/2 concordant. Cross-tissue: 0/0 concordant.
2026-04-29 14:53:54 [INFO] riker.phases.phase5_replication: Gene CD5: eliminated — Significant opposite direction in same-tissue dataset(s): ['GSE110147']. Discovery direction: up.
2026-04-29 14:53:54 [INFO] riker.phases.phase5_replication: Gene GRK3: survived — Same-tissue replication: 2/2 concordant. Cross-tissue: 0/0 concordant.
2026-04-29 14:53:54 [INFO] riker.phases.phase5_replication: Gene ICOS: eliminated — Significant opposite direction in same-tissue dataset(s): ['GSE110147']. Discovery direction: up.
2026-04-29 14:53:54 [INFO] riker.phases.phase5_replication: Gene NAA40: eliminated — Significant opposite direction in same-tissue dataset(s): ['GSE110147']. Discovery direction: up.
2026-04-29 14:53:54 [INFO] riker.phases.phase5_replication: Gene PHLDB3: eliminated — Significant opposite direction in same-tissue dataset(s): ['GSE110147']. Discovery direction: up.
2026-04-29 14:53:54 [INFO] riker.phases.phase5_replication: Gene VWA1: eliminated — Significant opposite direction in same-tissue dataset(s): ['GSE110147']. Discovery direction: up.
2026-04-29 14:53:54 [INFO] riker.phases.phase5_replication: Gene DRC4: survived — Same-tissue replication: 2/2 concordant. Cross-tissue: 0/0 concordant.
2026-04-29 14:53:54 [INFO] riker.phases.phase5_replication: Gene FOLR2: eliminated — Significant opposite direction in same-tissue dataset(s): ['GSE110147']. Discovery direction: up.
2026-04-29 14:53:54 [INFO] riker.phases.phase5_replication: Gene MYEF2: survived — Same-tissue replication: 2/2 concordant. Cross-tissue: 0/0 concordant.
2026-04-29 14:53:54 [INFO] riker.phases.phase5_replication: Gene NFATC4: survived — Same-tissue replication: 2/2 concordant. Cross-tissue: 0/0 concordant.
2026-04-29 14:53:54 [INFO] riker.phases.phase5_replication: Gene PRIM2: survived — Same-tissue replication: 2/2 concordant. Cross-tissue: 0/0 concordant.
2026-04-29 14:53:54 [INFO] riker.phases.phase5_replication: Gene PRSS22: survived — Same-tissue replication: 1/2 concordant. Cross-tissue: 0/0 concordant.
2026-04-29 14:53:54 [INFO] riker.phases.phase5_replication: Gene SLCO1B3: survived — Same-tissue replication: 2/2 concordant. Cross-tissue: 0/0 concordant.
2026-04-29 14:53:54 [INFO] riker.phases.phase5_replication: Gene STRA6: survived — Same-tissue replication: 2/2 concordant. Cross-tissue: 0/0 concordant.
2026-04-29 14:53:54 [INFO] riker.phases.phase5_replication: Gene ACER2: survived — Same-tissue replication: 2/2 concordant. Cross-tissue: 0/0 concordant.
2026-04-29 14:53:54 [INFO] riker.phases.phase5_replication: Gene CRACD: survived — Same-tissue replication: 2/2 concordant. Cross-tissue: 0/0 concordant.
2026-04-29 14:53:54 [INFO] riker.phases.phase5_replication: Gene FBXW7: survived — Same-tissue replication: 2/2 concordant. Cross-tissue: 0/0 concordant.
2026-04-29 14:53:54 [INFO] riker.phases.phase5_replication: Gene IL2RG: eliminated — Significant opposite direction in same-tissue dataset(s): ['GSE110147']. Discovery direction: up.
2026-04-29 14:53:54 [INFO] riker.phases.phase5_replication: Gene NIPAL2: eliminated — Significant opposite direction in same-tissue dataset(s): ['GSE110147']. Discovery direction: up.
2026-04-29 14:53:54 [INFO] riker.phases.phase5_replication: Gene PKP4: survived — Same-tissue replication: 2/2 concordant. Cross-tissue: 0/0 concordant.
2026-04-29 14:53:54 [INFO] riker.phases.phase5_replication: Gene SLC29A3: eliminated — Significant opposite direction in same-tissue dataset(s): ['GSE110147']. Discovery direction: up.
2026-04-29 14:53:54 [INFO] riker.phases.phase5_replication: Gene ST8SIA1: survived — Same-tissue replication: 1/2 concordant. Cross-tissue: 0/0 concordant.
2026-04-29 14:53:54 [INFO] riker.phases.phase5_replication: Gene STYK1: survived — Same-tissue replication: 2/2 concordant. Cross-tissue: 0/0 concordant.
2026-04-29 14:53:54 [INFO] riker.phases.phase5_replication: Gene TARBP1: survived — Same-tissue replication: 2/2 concordant. Cross-tissue: 0/0 concordant.
2026-04-29 14:53:54 [INFO] riker.phases.phase5_replication: Gene TRAF3: survived — Same-tissue replication: 2/2 concordant. Cross-tissue: 0/0 concordant.
2026-04-29 14:53:54 [INFO] riker.phases.phase5_replication: Gene ADRA2A: eliminated — Significant opposite direction in same-tissue dataset(s): ['GSE110147']. Discovery direction: up.
2026-04-29 14:53:54 [INFO] riker.phases.phase5_replication: Gene ALDH18A1: survived — Same-tissue replication: 2/2 concordant. Cross-tissue: 0/0 concordant.
2026-04-29 14:53:54 [INFO] riker.phases.phase5_replication: Gene BHLHE22: survived — Same-tissue replication: 2/2 concordant. Cross-tissue: 0/0 concordant.
2026-04-29 14:53:54 [INFO] riker.phases.phase5_replication: Gene CDH6: survived — Same-tissue replication: 2/2 concordant. Cross-tissue: 0/0 concordant.
2026-04-29 14:53:54 [INFO] riker.phases.phase5_replication: Gene COL10A1: survived — Same-tissue replication: 2/2 concordant. Cross-tissue: 0/0 concordant.
2026-04-29 14:53:54 [INFO] riker.phases.phase5_replication: Gene CPXM1: survived — Same-tissue replication: 2/2 concordant. Cross-tissue: 0/0 concordant.
2026-04-29 14:53:54 [INFO] riker.phases.phase5_replication: Gene EEIG1: eliminated — Significant opposite direction in same-tissue dataset(s): ['GSE110147']. Discovery direction: up.
2026-04-29 14:53:54 [INFO] riker.phases.phase5_replication: Gene KCTD1: survived — Same-tissue replication: 1/2 concordant. Cross-tissue: 0/0 concordant.
2026-04-29 14:53:54 [INFO] riker.phases.phase5_replication: Gene LGALS7B: survived — Same-tissue replication: 1/2 concordant. Cross-tissue: 0/0 concordant.
2026-04-29 14:53:54 [INFO] riker.phases.phase5_replication: Gene SDK2: eliminated — Significant opposite direction in same-tissue dataset(s): ['GSE110147']. Discovery direction: up.
2026-04-29 14:53:54 [INFO] riker.phases.phase5_replication: Gene TOMM34: eliminated — Significant opposite direction in same-tissue dataset(s): ['GSE110147']. Discovery direction: up.
2026-04-29 14:53:54 [INFO] riker.phases.phase5_replication: Gene FANCF: survived — Same-tissue replication: 2/2 concordant. Cross-tissue: 0/0 concordant.
2026-04-29 14:53:54 [INFO] riker.phases.phase5_replication: Gene FGD6: survived — Same-tissue replication: 2/2 concordant. Cross-tissue: 0/0 concordant.
2026-04-29 14:53:54 [INFO] riker.phases.phase5_replication: Gene HOMER2: survived — Same-tissue replication: 2/2 concordant. Cross-tissue: 0/0 concordant.
2026-04-29 14:53:54 [INFO] riker.phases.phase5_replication: Gene IGFBPL1: eliminated — Significant opposite direction in same-tissue dataset(s): ['GSE110147']. Discovery direction: up.
2026-04-29 14:53:54 [INFO] riker.phases.phase5_replication: Gene NDC80: survived — Same-tissue replication: 2/2 concordant. Cross-tissue: 0/0 concordant.
2026-04-29 14:53:54 [INFO] riker.phases.phase5_replication: Gene SLC39A6: survived — Same-tissue replication: 2/2 concordant. Cross-tissue: 0/0 concordant.
2026-04-29 14:53:54 [INFO] riker.phases.phase5_replication: Gene ZNF43: survived — Same-tissue replication: 2/2 concordant. Cross-tissue: 0/0 concordant.
2026-04-29 14:53:54 [INFO] riker.phases.phase5_replication: Gene AFAP1: survived — Same-tissue replication: 1/2 concordant. Cross-tissue: 0/0 concordant.
2026-04-29 14:53:54 [INFO] riker.phases.phase5_replication: Gene CNTN1: survived — Same-tissue replication: 2/2 concordant. Cross-tissue: 0/0 concordant.
2026-04-29 14:53:54 [INFO] riker.phases.phase5_replication: Gene DOCK10: survived — Same-tissue replication: 2/2 concordant. Cross-tissue: 0/0 concordant.
2026-04-29 14:53:54 [INFO] riker.phases.phase5_replication: Gene GNG2: eliminated — Significant opposite direction in same-tissue dataset(s): ['GSE110147']. Discovery direction: up.
2026-04-29 14:53:54 [INFO] riker.phases.phase5_replication: Gene SDC1: eliminated — Significant opposite direction in same-tissue dataset(s): ['GSE110147']. Discovery direction: up.
2026-04-29 14:53:54 [INFO] riker.phases.phase5_replication: Gene SKAP1: survived — Same-tissue replication: 0/2 concordant. Cross-tissue: 0/0 concordant.
2026-04-29 14:53:54 [INFO] riker.phases.phase5_replication: Gene SLC16A9: survived — Same-tissue replication: 2/2 concordant. Cross-tissue: 0/0 concordant.
2026-04-29 14:53:54 [INFO] riker.phases.phase5_replication: Gene SLC6A1: eliminated — Significant opposite direction in same-tissue dataset(s): ['GSE110147']. Discovery direction: up.
2026-04-29 14:53:54 [INFO] riker.phases.phase5_replication: Gene SMC6: survived — Same-tissue replication: 2/2 concordant. Cross-tissue: 0/0 concordant.
2026-04-29 14:53:54 [INFO] riker.phases.phase5_replication: Gene SOBP: eliminated — Significant opposite direction in same-tissue dataset(s): ['GSE110147']. Discovery direction: up.
2026-04-29 14:53:54 [INFO] riker.phases.phase5_replication: Gene STARD5: survived — Same-tissue replication: 2/2 concordant. Cross-tissue: 0/0 concordant.
2026-04-29 14:53:54 [INFO] riker.phases.phase5_replication: Gene SVIL: survived — Same-tissue replication: 2/2 concordant. Cross-tissue: 0/0 concordant.
2026-04-29 14:53:54 [INFO] riker.phases.phase5_replication: Gene TRAT1: survived — Same-tissue replication: 1/2 concordant. Cross-tissue: 0/0 concordant.
2026-04-29 14:53:54 [INFO] riker.phases.phase5_replication: Gene ZNF382: survived — Same-tissue replication: 2/2 concordant. Cross-tissue: 0/0 concordant.
2026-04-29 14:53:54 [INFO] riker.phases.phase5_replication: Gene ALDH1A3: survived — Same-tissue replication: 2/2 concordant. Cross-tissue: 0/0 concordant.
2026-04-29 14:53:54 [INFO] riker.phases.phase5_replication: Gene COL17A1: survived — Same-tissue replication: 2/2 concordant. Cross-tissue: 0/0 concordant.
2026-04-29 14:53:54 [INFO] riker.phases.phase5_replication: Gene EPHA3: survived — Same-tissue replication: 2/2 concordant. Cross-tissue: 0/0 concordant.
2026-04-29 14:53:54 [INFO] riker.phases.phase5_replication: Gene LAMP5: survived — Same-tissue replication: 1/2 concordant. Cross-tissue: 0/0 concordant.
2026-04-29 14:53:54 [INFO] riker.phases.phase5_replication: Gene SOX2: survived — Same-tissue replication: 2/2 concordant. Cross-tissue: 0/0 concordant.
2026-04-29 14:53:54 [INFO] riker.phases.phase5_replication: Gene CLDN1: survived — Same-tissue replication: 2/2 concordant. Cross-tissue: 0/0 concordant.
2026-04-29 14:53:54 [INFO] riker.phases.phase5_replication: Gene IGK: survived — Same-tissue replication: 2/2 concordant. Cross-tissue: 0/0 concordant.
2026-04-29 14:53:54 [INFO] riker.phases.phase5_replication: Gene LRRC17: survived — Same-tissue replication: 2/2 concordant. Cross-tissue: 0/0 concordant.
2026-04-29 14:53:54 [INFO] riker.phases.phase5_replication: Gene SFRP4: survived — Same-tissue replication: 2/2 concordant. Cross-tissue: 0/0 concordant.
2026-04-29 14:53:54 [INFO] riker.phases.phase5_replication: Gene TMPRSS4: survived — Same-tissue replication: 2/2 concordant. Cross-tissue: 0/0 concordant.
2026-04-29 14:53:54 [INFO] riker.phases.phase5_replication: Gene CST2: eliminated — Significant opposite direction in same-tissue dataset(s): ['GSE110147']. Discovery direction: up.
2026-04-29 14:53:54 [INFO] riker.phases.phase5_replication: Gene NHERF1: eliminated — Significant opposite direction in same-tissue dataset(s): ['GSE110147']. Discovery direction: up.
2026-04-29 14:53:54 [INFO] riker.phases.phase5_replication: Gene SEPTIN1: survived — Same-tissue replication: 1/2 concordant. Cross-tissue: 0/0 concordant.
2026-04-29 14:53:54 [INFO] riker.phases.phase5_replication: Gene SERINC2: survived — Same-tissue replication: 1/2 concordant. Cross-tissue: 0/0 concordant.
2026-04-29 14:53:54 [INFO] riker.phases.phase5_replication: Gene VLDLR: survived — Same-tissue replication: 2/2 concordant. Cross-tissue: 0/0 concordant.
2026-04-29 14:53:54 [INFO] riker.phases.phase5_replication: Gene AOPEP: survived — Same-tissue replication: 2/2 concordant. Cross-tissue: 0/0 concordant.
2026-04-29 14:53:54 [INFO] riker.phases.phase5_replication: Gene ARL6IP5: survived — Same-tissue replication: 2/2 concordant. Cross-tissue: 0/0 concordant.
2026-04-29 14:53:54 [INFO] riker.phases.phase5_replication: Gene DACT3: eliminated — Significant opposite direction in same-tissue dataset(s): ['GSE110147']. Discovery direction: up.
2026-04-29 14:53:54 [INFO] riker.phases.phase5_replication: Gene ECM1: eliminated — Significant opposite direction in same-tissue dataset(s): ['GSE110147']. Discovery direction: up.
2026-04-29 14:53:54 [INFO] riker.phases.phase5_replication: Gene IGSF9: survived — Same-tissue replication: 2/2 concordant. Cross-tissue: 0/0 concordant.
2026-04-29 14:53:54 [INFO] riker.phases.phase5_replication: Gene SPEF1: survived — Same-tissue replication: 2/2 concordant. Cross-tissue: 0/0 concordant.
2026-04-29 14:53:54 [INFO] riker.phases.phase5_replication: Gene TMEM19: survived — Same-tissue replication: 2/2 concordant. Cross-tissue: 0/0 concordant.
2026-04-29 14:53:54 [INFO] riker.phases.phase5_replication: Gene UBASH3A: survived — Same-tissue replication: 1/2 concordant. Cross-tissue: 0/0 concordant.
2026-04-29 14:53:54 [INFO] riker.phases.phase5_replication: Gene XPR1: survived — Same-tissue replication: 2/2 concordant. Cross-tissue: 0/0 concordant.
2026-04-29 14:53:54 [INFO] riker.phases.phase5_replication: Gene CD3D: eliminated — Significant opposite direction in same-tissue dataset(s): ['GSE110147']. Discovery direction: up.
2026-04-29 14:53:54 [INFO] riker.phases.phase5_replication: Gene FZD7: survived — Same-tissue replication: 2/2 concordant. Cross-tissue: 0/0 concordant.
2026-04-29 14:53:54 [INFO] riker.phases.phase5_replication: Gene SCN4B: eliminated — Significant opposite direction in same-tissue dataset(s): ['GSE110147']. Discovery direction: up.
2026-04-29 14:53:54 [INFO] riker.phases.phase5_replication: Gene SEMA3A: survived — Same-tissue replication: 2/2 concordant. Cross-tissue: 0/0 concordant.
2026-04-29 14:53:54 [INFO] riker.phases.phase5_replication: Gene ST14: eliminated — Significant opposite direction in same-tissue dataset(s): ['GSE110147']. Discovery direction: up.
2026-04-29 14:53:54 [INFO] riker.phases.phase5_replication: Gene STYXL1: eliminated — Significant opposite direction in same-tissue dataset(s): ['GSE110147']. Discovery direction: up.
2026-04-29 14:53:54 [INFO] riker.phases.phase5_replication: Gene USP18: survived — Same-tissue replication: 1/2 concordant. Cross-tissue: 0/0 concordant.
2026-04-29 14:53:54 [INFO] riker.phases.phase5_replication: Gene C1QTNF2: eliminated — Significant opposite direction in same-tissue dataset(s): ['GSE110147']. Discovery direction: up.
2026-04-29 14:53:54 [INFO] riker.phases.phase5_replication: Gene CTSV: survived — Same-tissue replication: 2/2 concordant. Cross-tissue: 0/0 concordant.
2026-04-29 14:53:54 [INFO] riker.phases.phase5_replication: Gene NSUN6: survived — Same-tissue replication: 2/2 concordant. Cross-tissue: 0/0 concordant.
2026-04-29 14:53:54 [INFO] riker.phases.phase5_replication: Gene RAI14: survived — Same-tissue replication: 2/2 concordant. Cross-tissue: 0/0 concordant.
2026-04-29 14:53:54 [INFO] riker.phases.phase5_replication: Gene ASB13: eliminated — Significant opposite direction in same-tissue dataset(s): ['GSE110147']. Discovery direction: up.
2026-04-29 14:53:54 [INFO] riker.phases.phase5_replication: Gene BAG6: eliminated — Significant opposite direction in same-tissue dataset(s): ['GSE110147']. Discovery direction: up.
2026-04-29 14:53:54 [INFO] riker.phases.phase5_replication: Gene HDAC6: eliminated — Significant opposite direction in same-tissue dataset(s): ['GSE110147']. Discovery direction: up.
2026-04-29 14:53:54 [INFO] riker.phases.phase5_replication: Gene ACVR2A: survived — Same-tissue replication: 2/2 concordant. Cross-tissue: 0/0 concordant.
2026-04-29 14:53:54 [INFO] riker.phases.phase5_replication: Gene SLC15A3: eliminated — Significant opposite direction in same-tissue dataset(s): ['GSE110147']. Discovery direction: up.
2026-04-29 14:53:54 [INFO] riker.phases.phase5_replication: Gene VASN: eliminated — Significant opposite direction in same-tissue dataset(s): ['GSE110147']. Discovery direction: up.
2026-04-29 14:53:54 [INFO] riker.phases.phase5_replication: Gene APLNR: eliminated — Significant opposite direction in same-tissue dataset(s): ['GSE110147']. Discovery direction: up.
2026-04-29 14:53:54 [INFO] riker.phases.phase5_replication: Gene BCL11A: survived — Same-tissue replication: 1/2 concordant. Cross-tissue: 0/0 concordant.
2026-04-29 14:53:54 [INFO] riker.phases.phase5_replication: Gene CD1C: eliminated — Significant opposite direction in same-tissue dataset(s): ['GSE110147']. Discovery direction: up.
2026-04-29 14:53:54 [INFO] riker.phases.phase5_replication: Gene CDCA7: survived — Same-tissue replication: 2/2 concordant. Cross-tissue: 0/0 concordant.
2026-04-29 14:53:54 [INFO] riker.phases.phase5_replication: Gene COL6A3: survived — Same-tissue replication: 2/2 concordant. Cross-tissue: 0/0 concordant.
2026-04-29 14:53:54 [INFO] riker.phases.phase5_replication: Gene HSPA4L: survived — Same-tissue replication: 2/2 concordant. Cross-tissue: 0/0 concordant.
2026-04-29 14:53:54 [INFO] riker.phases.phase5_replication: Gene LTBP1: survived — Same-tissue replication: 2/2 concordant. Cross-tissue: 0/0 concordant.
2026-04-29 14:53:54 [INFO] riker.phases.phase5_replication: Gene MFAP2: eliminated — Significant opposite direction in same-tissue dataset(s): ['GSE110147']. Discovery direction: up.
2026-04-29 14:53:54 [INFO] riker.phases.phase5_replication: Gene MMP11: survived — Same-tissue replication: 2/2 concordant. Cross-tissue: 0/0 concordant.
2026-04-29 14:53:54 [INFO] riker.phases.phase5_replication: Gene NHS: survived — Same-tissue replication: 2/2 concordant. Cross-tissue: 0/0 concordant.
2026-04-29 14:53:54 [INFO] riker.phases.phase5_replication: Gene NRP2: survived — Same-tissue replication: 2/2 concordant. Cross-tissue: 0/0 concordant.
2026-04-29 14:53:54 [INFO] riker.phases.phase5_replication: Gene NTN1: eliminated — Significant opposite direction in same-tissue dataset(s): ['GSE110147']. Discovery direction: up.
2026-04-29 14:53:54 [INFO] riker.phases.phase5_replication: Gene PLN: survived — Same-tissue replication: 2/2 concordant. Cross-tissue: 0/0 concordant.
2026-04-29 14:53:54 [INFO] riker.phases.phase5_replication: Gene PTGFRN: survived — Same-tissue replication: 2/2 concordant. Cross-tissue: 0/0 concordant.
2026-04-29 14:53:54 [INFO] riker.phases.phase5_replication: Gene SLC44A4: survived — Same-tissue replication: 2/2 concordant. Cross-tissue: 0/0 concordant.
2026-04-29 14:53:54 [INFO] riker.phases.phase5_replication: Gene TRIM2: survived — Same-tissue replication: 2/2 concordant. Cross-tissue: 0/0 concordant.
2026-04-29 14:53:54 [INFO] riker.phases.phase5_replication: Gene TRIM29: survived — Same-tissue replication: 2/2 concordant. Cross-tissue: 0/0 concordant.
2026-04-29 14:53:54 [INFO] riker.phases.phase5_replication: Gene WDR49: survived — Same-tissue replication: 2/2 concordant. Cross-tissue: 0/0 concordant.
2026-04-29 14:53:54 [INFO] riker.phases.phase5_replication: Gene CRISPLD1: survived — Same-tissue replication: 2/2 concordant. Cross-tissue: 0/0 concordant.
2026-04-29 14:53:54 [INFO] riker.phases.phase5_replication: Gene FBLN2: survived — Same-tissue replication: 1/2 concordant. Cross-tissue: 0/0 concordant.
2026-04-29 14:53:54 [INFO] riker.phases.phase5_replication: Gene IGFBP2: survived — Same-tissue replication: 1/2 concordant. Cross-tissue: 0/0 concordant.
2026-04-29 14:53:54 [INFO] riker.phases.phase5_replication: Gene ITIH5: eliminated — Significant opposite direction in same-tissue dataset(s): ['GSE110147']. Discovery direction: up.
2026-04-29 14:53:54 [INFO] riker.phases.phase5_replication: Gene KCNJ16: survived — Same-tissue replication: 2/2 concordant. Cross-tissue: 0/0 concordant.
2026-04-29 14:53:54 [INFO] riker.phases.phase5_replication: Gene KIF26B: survived — Same-tissue replication: 2/2 concordant. Cross-tissue: 0/0 concordant.
2026-04-29 14:53:54 [INFO] riker.phases.phase5_replication: Gene BIRC3: survived — Same-tissue replication: 2/2 concordant. Cross-tissue: 0/0 concordant.
2026-04-29 14:53:54 [INFO] riker.phases.phase5_replication: Gene BLK: survived — Same-tissue replication: 2/2 concordant. Cross-tissue: 0/0 concordant.
2026-04-29 14:53:54 [INFO] riker.phases.phase5_replication: Gene EYA4: survived — Same-tissue replication: 0/2 concordant. Cross-tissue: 0/0 concordant.
2026-04-29 14:53:54 [INFO] riker.phases.phase5_replication: Gene HSPB3: survived — Same-tissue replication: 1/2 concordant. Cross-tissue: 0/0 concordant.
2026-04-29 14:53:54 [INFO] riker.phases.phase5_replication: Gene RGS1: survived — Same-tissue replication: 2/2 concordant. Cross-tissue: 0/0 concordant.
2026-04-29 14:53:54 [INFO] riker.phases.phase5_replication: Gene ZNF573: survived — Same-tissue replication: 2/2 concordant. Cross-tissue: 0/0 concordant.
2026-04-29 14:53:54 [INFO] riker.phases.phase5_replication: Gene FGF7: survived — Same-tissue replication: 2/2 concordant. Cross-tissue: 0/0 concordant.
2026-04-29 14:53:54 [INFO] riker.phases.phase5_replication: Gene GSN: survived — Same-tissue replication: 2/2 concordant. Cross-tissue: 0/0 concordant.
2026-04-29 14:53:54 [INFO] riker.phases.phase5_replication: Gene SNAPC1: survived — Same-tissue replication: 2/2 concordant. Cross-tissue: 0/0 concordant.
2026-04-29 14:53:54 [INFO] riker.phases.phase5_replication: Gene STK36: survived — Same-tissue replication: 1/2 concordant. Cross-tissue: 0/0 concordant.
2026-04-29 14:53:54 [INFO] riker.phases.phase5_replication: Gene MDFIC: eliminated — Significant opposite direction in same-tissue dataset(s): ['GSE110147']. Discovery direction: up.
2026-04-29 14:53:54 [INFO] riker.phases.phase5_replication: Gene METRN: eliminated — Significant opposite direction in same-tissue dataset(s): ['GSE110147']. Discovery direction: up.
2026-04-29 14:53:54 [INFO] riker.phases.phase5_replication: Gene METTL8: survived — Same-tissue replication: 2/2 concordant. Cross-tissue: 0/0 concordant.
2026-04-29 14:53:54 [INFO] riker.phases.phase5_replication: Gene RGS17: survived — Same-tissue replication: 2/2 concordant. Cross-tissue: 0/0 concordant.
2026-04-29 14:53:54 [INFO] riker.phases.phase5_replication: Gene S100B: survived — Same-tissue replication: 1/2 concordant. Cross-tissue: 0/0 concordant.
2026-04-29 14:53:54 [INFO] riker.phases.phase5_replication: Gene DCUN1D4: eliminated — Significant opposite direction in same-tissue dataset(s): ['GSE110147']. Discovery direction: up.
2026-04-29 14:53:54 [INFO] riker.phases.phase5_replication: Gene NPAT: survived — Same-tissue replication: 2/2 concordant. Cross-tissue: 0/0 concordant.
2026-04-29 14:53:54 [INFO] riker.phases.phase5_replication: Gene ZNF675: survived — Same-tissue replication: 2/2 concordant. Cross-tissue: 0/0 concordant.
2026-04-29 14:53:54 [INFO] riker.phases.phase5_replication: Gene HDGFL3: survived — Same-tissue replication: 2/2 concordant. Cross-tissue: 0/0 concordant.
2026-04-29 14:53:54 [INFO] riker.phases.phase5_replication: Gene TPD52L1: eliminated — Significant opposite direction in same-tissue dataset(s): ['GSE110147']. Discovery direction: up.
2026-04-29 14:53:54 [INFO] riker.phases.phase5_replication: Gene ZNHIT6: survived — Same-tissue replication: 2/2 concordant. Cross-tissue: 0/0 concordant.
2026-04-29 14:53:54 [INFO] riker.phases.phase5_replication: Gene ADH7: survived — Same-tissue replication: 2/2 concordant. Cross-tissue: 0/0 concordant.
2026-04-29 14:53:54 [INFO] riker.phases.phase5_replication: Gene BNC2: survived — Same-tissue replication: 2/2 concordant. Cross-tissue: 0/0 concordant.
2026-04-29 14:53:54 [INFO] riker.phases.phase5_replication: Gene CHL1: survived — Same-tissue replication: 2/2 concordant. Cross-tissue: 0/0 concordant.
2026-04-29 14:53:54 [INFO] riker.phases.phase5_replication: Gene FZD3: survived — Same-tissue replication: 2/2 concordant. Cross-tissue: 0/0 concordant.
2026-04-29 14:53:54 [INFO] riker.phases.phase5_replication: Gene LAX1: survived — Same-tissue replication: 2/2 concordant. Cross-tissue: 0/0 concordant.
2026-04-29 14:53:54 [INFO] riker.phases.phase5_replication: Gene LTBP3: eliminated — Significant opposite direction in same-tissue dataset(s): ['GSE110147']. Discovery direction: up.
2026-04-29 14:53:54 [INFO] riker.phases.phase5_replication: Gene PPP1R12B: survived — Same-tissue replication: 2/2 concordant. Cross-tissue: 0/0 concordant.
2026-04-29 14:53:54 [INFO] riker.phases.phase5_replication: Gene TNN: survived — Same-tissue replication: 2/2 concordant. Cross-tissue: 0/0 concordant.
2026-04-29 14:53:54 [INFO] riker.phases.phase5_replication: Gene TRIM36: survived — Same-tissue replication: 2/2 concordant. Cross-tissue: 0/0 concordant.
2026-04-29 14:53:54 [INFO] riker.phases.phase5_replication: Gene BTC: survived — Same-tissue replication: 2/2 concordant. Cross-tissue: 0/0 concordant.
2026-04-29 14:53:54 [INFO] riker.phases.phase5_replication: Gene HTRA1: survived — Same-tissue replication: 2/2 concordant. Cross-tissue: 0/0 concordant.
2026-04-29 14:53:54 [INFO] riker.phases.phase5_replication: Gene SANBR: survived — Same-tissue replication: 2/2 concordant. Cross-tissue: 0/0 concordant.
2026-04-29 14:53:54 [INFO] riker.phases.phase5_replication: Gene TSPAN6: survived — Same-tissue replication: 2/2 concordant. Cross-tissue: 0/0 concordant.
2026-04-29 14:53:54 [INFO] riker.phases.phase5_replication: Gene ANKRD36: survived — Same-tissue replication: 1/1 concordant. Cross-tissue: 0/0 concordant.
2026-04-29 14:53:54 [INFO] riker.phases.phase5_replication: Gene GABRP: survived — Same-tissue replication: 2/2 concordant. Cross-tissue: 0/0 concordant.
2026-04-29 14:53:54 [INFO] riker.phases.phase5_replication: Gene KRT14: survived — Same-tissue replication: 2/2 concordant. Cross-tissue: 0/0 concordant.
2026-04-29 14:53:54 [INFO] riker.phases.phase5_replication: Gene SEMA3C: survived — Same-tissue replication: 2/2 concordant. Cross-tissue: 0/0 concordant.
2026-04-29 14:53:54 [INFO] riker.phases.phase5_replication: Gene SLC45A3: eliminated — Significant opposite direction in same-tissue dataset(s): ['GSE110147']. Discovery direction: up.
2026-04-29 14:53:54 [INFO] riker.phases.phase5_replication: Gene ARHGAP22: eliminated — Significant opposite direction in same-tissue dataset(s): ['GSE110147']. Discovery direction: up.
2026-04-29 14:53:54 [INFO] riker.phases.phase5_replication: Gene CPNE5: survived — Same-tissue replication: 2/2 concordant. Cross-tissue: 0/0 concordant.
2026-04-29 14:53:54 [INFO] riker.phases.phase5_replication: Gene INHBB: eliminated — Significant opposite direction in same-tissue dataset(s): ['GSE110147']. Discovery direction: up.
2026-04-29 14:53:54 [INFO] riker.phases.phase5_replication: Gene NBL1: survived — Same-tissue replication: 1/1 concordant. Cross-tissue: 0/0 concordant.
2026-04-29 14:53:54 [INFO] riker.phases.phase5_replication: Gene PBX3: eliminated — Significant opposite direction in same-tissue dataset(s): ['GSE110147']. Discovery direction: up.
2026-04-29 14:53:54 [INFO] riker.phases.phase5_replication: Gene SLC47A1: eliminated — Significant opposite direction in same-tissue dataset(s): ['GSE110147']. Discovery direction: up.
2026-04-29 14:53:54 [INFO] riker.phases.phase5_replication: Gene STEAP1: survived — Same-tissue replication: 2/2 concordant. Cross-tissue: 0/0 concordant.
2026-04-29 14:53:54 [INFO] riker.phases.phase5_replication: Gene TCEAL7: eliminated — Significant opposite direction in same-tissue dataset(s): ['GSE110147']. Discovery direction: up.
2026-04-29 14:53:54 [INFO] riker.phases.phase5_replication: Gene CIB1: survived — Same-tissue replication: 1/2 concordant. Cross-tissue: 0/0 concordant.
2026-04-29 14:53:54 [INFO] riker.phases.phase5_replication: Gene CTSF: eliminated — Significant opposite direction in same-tissue dataset(s): ['GSE110147']. Discovery direction: up.
2026-04-29 14:53:54 [INFO] riker.phases.phase5_replication: Gene GSKIP: survived — Same-tissue replication: 2/2 concordant. Cross-tissue: 0/0 concordant.
2026-04-29 14:53:54 [INFO] riker.phases.phase5_replication: Gene LY6E: eliminated — Significant opposite direction in same-tissue dataset(s): ['GSE110147']. Discovery direction: up.
2026-04-29 14:53:54 [INFO] riker.phases.phase5_replication: Gene PRCP: eliminated — Significant opposite direction in same-tissue dataset(s): ['GSE110147']. Discovery direction: up.
2026-04-29 14:53:54 [INFO] riker.phases.phase5_replication: Gene PSCA: eliminated — Significant opposite direction in same-tissue dataset(s): ['GSE110147']. Discovery direction: up.
2026-04-29 14:53:54 [INFO] riker.phases.phase5_replication: Gene ZNF17: survived — Same-tissue replication: 2/2 concordant. Cross-tissue: 0/0 concordant.
2026-04-29 14:53:54 [INFO] riker.phases.phase5_replication: Gene BHLHE41: eliminated — Significant opposite direction in same-tissue dataset(s): ['GSE110147']. Discovery direction: up.
2026-04-29 14:53:54 [INFO] riker.phases.phase5_replication: Gene CTSG: eliminated — Significant opposite direction in same-tissue dataset(s): ['GSE110147']. Discovery direction: up.
2026-04-29 14:53:54 [INFO] riker.phases.phase5_replication: Gene PKIB: survived — Same-tissue replication: 2/2 concordant. Cross-tissue: 0/0 concordant.
2026-04-29 14:53:54 [INFO] riker.phases.phase5_replication: Gene ROR2: survived — Same-tissue replication: 2/2 concordant. Cross-tissue: 0/0 concordant.
2026-04-29 14:53:54 [INFO] riker.phases.phase5_replication: Gene UCP2: eliminated — Significant opposite direction in same-tissue dataset(s): ['GSE110147']. Discovery direction: up.
2026-04-29 14:53:54 [INFO] riker.phases.phase5_replication: Gene ADIPOR2: survived — Same-tissue replication: 2/2 concordant. Cross-tissue: 0/0 concordant.
2026-04-29 14:53:54 [INFO] riker.phases.phase5_replication: Gene ALDH6A1: eliminated — Significant opposite direction in same-tissue dataset(s): ['GSE110147']. Discovery direction: down.
2026-04-29 14:53:54 [INFO] riker.phases.phase5_replication: Gene BNIP3: survived — Same-tissue replication: 1/2 concordant. Cross-tissue: 0/0 concordant.
2026-04-29 14:53:54 [INFO] riker.phases.phase5_replication: Gene CEBPD: survived — Same-tissue replication: 2/2 concordant. Cross-tissue: 0/0 concordant.
2026-04-29 14:53:54 [INFO] riker.phases.phase5_replication: Gene CRYAB: survived — Same-tissue replication: 1/2 concordant. Cross-tissue: 0/0 concordant.
2026-04-29 14:53:54 [INFO] riker.phases.phase5_replication: Gene LAMB1: eliminated — Significant opposite direction in same-tissue dataset(s): ['GSE110147', 'GSE10667']. Discovery direction: down.
2026-04-29 14:53:54 [INFO] riker.phases.phase5_replication: Gene MAMLD1: survived — Same-tissue replication: 1/2 concordant. Cross-tissue: 0/0 concordant.
2026-04-29 14:53:54 [INFO] riker.phases.phase5_replication: Gene NFKBIA: survived — Same-tissue replication: 2/2 concordant. Cross-tissue: 0/0 concordant.
2026-04-29 14:53:54 [INFO] riker.phases.phase5_replication: Gene TFPI: eliminated — Significant opposite direction in same-tissue dataset(s): ['GSE110147']. Discovery direction: down.
2026-04-29 14:53:54 [INFO] riker.phases.phase5_replication: Gene ARAP3: survived — Same-tissue replication: 2/2 concordant. Cross-tissue: 0/0 concordant.
2026-04-29 14:53:54 [INFO] riker.phases.phase5_replication: Gene C1orf210: survived — Same-tissue replication: 2/2 concordant. Cross-tissue: 0/0 concordant.
2026-04-29 14:53:54 [INFO] riker.phases.phase5_replication: Gene DHCR24: survived — Same-tissue replication: 2/2 concordant. Cross-tissue: 0/0 concordant.
2026-04-29 14:53:54 [INFO] riker.phases.phase5_replication: Gene FLVCR2: survived — Same-tissue replication: 1/2 concordant. Cross-tissue: 0/0 concordant.
2026-04-29 14:53:54 [INFO] riker.phases.phase5_replication: Gene IL17RA: survived — Same-tissue replication: 1/2 concordant. Cross-tissue: 0/0 concordant.
2026-04-29 14:53:54 [INFO] riker.phases.phase5_replication: Gene CDCA7L: eliminated — Significant opposite direction in same-tissue dataset(s): ['GSE110147']. Discovery direction: down.
2026-04-29 14:53:54 [INFO] riker.phases.phase5_replication: Gene HSD17B12: eliminated — Significant opposite direction in same-tissue dataset(s): ['GSE110147']. Discovery direction: down.
2026-04-29 14:53:54 [INFO] riker.phases.phase5_replication: Gene RHOBTB3: eliminated — Significant opposite direction in same-tissue dataset(s): ['GSE110147', 'GSE10667']. Discovery direction: down.
2026-04-29 14:53:54 [INFO] riker.phases.phase5_replication: Gene SNX24: survived — Same-tissue replication: 2/2 concordant. Cross-tissue: 0/0 concordant.
2026-04-29 14:53:54 [INFO] riker.phases.phase5_replication: Gene TMEM243: survived — Same-tissue replication: 2/2 concordant. Cross-tissue: 0/0 concordant.
2026-04-29 14:53:54 [INFO] riker.phases.phase5_replication: Gene VCL: eliminated — Significant opposite direction in same-tissue dataset(s): ['GSE110147']. Discovery direction: down.
2026-04-29 14:53:54 [INFO] riker.phases.phase5_replication: Gene ACVR1: survived — Same-tissue replication: 2/2 concordant. Cross-tissue: 0/0 concordant.
2026-04-29 14:53:54 [INFO] riker.phases.phase5_replication: Gene MR1: survived — Same-tissue replication: 2/2 concordant. Cross-tissue: 0/0 concordant.
2026-04-29 14:53:54 [INFO] riker.phases.phase5_replication: Gene PDE2A: eliminated — Significant opposite direction in same-tissue dataset(s): ['GSE110147']. Discovery direction: up.
2026-04-29 14:53:54 [INFO] riker.phases.phase5_replication: Gene ARMCX2: survived — Same-tissue replication: 2/2 concordant. Cross-tissue: 0/0 concordant.
2026-04-29 14:53:54 [INFO] riker.phases.phase5_replication: Gene C16orf89: eliminated — Significant opposite direction in same-tissue dataset(s): ['GSE110147']. Discovery direction: up.
2026-04-29 14:53:54 [INFO] riker.phases.phase5_replication: Gene CSGALNACT1: survived — Same-tissue replication: 2/2 concordant. Cross-tissue: 0/0 concordant.
2026-04-29 14:53:54 [INFO] riker.phases.phase5_replication: Gene CXXC5: eliminated — Significant opposite direction in same-tissue dataset(s): ['GSE110147']. Discovery direction: up.
2026-04-29 14:53:54 [INFO] riker.phases.phase5_replication: Gene FDXR: eliminated — Significant opposite direction in same-tissue dataset(s): ['GSE110147']. Discovery direction: up.
2026-04-29 14:53:54 [INFO] riker.phases.phase5_replication: Gene STAT4: survived — Same-tissue replication: 1/2 concordant. Cross-tissue: 0/0 concordant.
2026-04-29 14:53:54 [INFO] riker.phases.phase5_replication: Gene TMEM178A: eliminated — Significant opposite direction in same-tissue dataset(s): ['GSE110147']. Discovery direction: up.
2026-04-29 14:53:54 [INFO] riker.phases.phase5_replication: Gene VASH1: eliminated — Significant opposite direction in same-tissue dataset(s): ['GSE110147']. Discovery direction: up.
2026-04-29 14:53:54 [INFO] riker.phases.phase5_replication: Gene ZKSCAN7: eliminated — Significant opposite direction in same-tissue dataset(s): ['GSE110147']. Discovery direction: up.
2026-04-29 14:53:54 [INFO] riker.phases.phase5_replication: Gene CETN2: survived — Same-tissue replication: 2/2 concordant. Cross-tissue: 0/0 concordant.
2026-04-29 14:53:54 [INFO] riker.phases.phase5_replication: Gene CLU: survived — Same-tissue replication: 2/2 concordant. Cross-tissue: 0/0 concordant.
2026-04-29 14:53:54 [INFO] riker.phases.phase5_replication: Gene OSBPL3: survived — Same-tissue replication: 2/2 concordant. Cross-tissue: 0/0 concordant.
2026-04-29 14:53:54 [INFO] riker.phases.phase5_replication: Gene VWA5A: survived — Same-tissue replication: 2/2 concordant. Cross-tissue: 0/0 concordant.
2026-04-29 14:53:54 [INFO] riker.phases.phase5_replication: Gene ZNF436: survived — Same-tissue replication: 2/2 concordant. Cross-tissue: 0/0 concordant.
2026-04-29 14:53:54 [INFO] riker.phases.phase5_replication: Gene COL18A1: survived — Same-tissue replication: 2/2 concordant. Cross-tissue: 0/0 concordant.
2026-04-29 14:53:54 [INFO] riker.phases.phase5_replication: Gene FAT1: survived — Same-tissue replication: 2/2 concordant. Cross-tissue: 0/0 concordant.
2026-04-29 14:53:54 [INFO] riker.phases.phase5_replication: Gene ITGA9: survived — Same-tissue replication: 2/2 concordant. Cross-tissue: 0/0 concordant.
2026-04-29 14:53:54 [INFO] riker.phases.phase5_replication: Gene SLC35F2: survived — Same-tissue replication: 2/2 concordant. Cross-tissue: 0/0 concordant.
2026-04-29 14:53:54 [INFO] riker.phases.phase5_replication: Gene SLC4A4: survived — Same-tissue replication: 2/2 concordant. Cross-tissue: 0/0 concordant.
2026-04-29 14:53:54 [INFO] riker.phases.phase5_replication: Gene TTC39C: survived — Same-tissue replication: 2/2 concordant. Cross-tissue: 0/0 concordant.
2026-04-29 14:53:54 [INFO] riker.phases.phase5_replication: Gene CRACR2A: survived — Same-tissue replication: 2/2 concordant. Cross-tissue: 0/0 concordant.
2026-04-29 14:53:54 [INFO] riker.phases.phase5_replication: Gene RABEP2: survived — Same-tissue replication: 2/2 concordant. Cross-tissue: 0/0 concordant.
2026-04-29 14:53:54 [INFO] riker.phases.phase5_replication: Gene ZNF667: survived — Same-tissue replication: 2/2 concordant. Cross-tissue: 0/0 concordant.
2026-04-29 14:53:54 [INFO] riker.phases.phase5_replication: Gene AHNAK2: survived — Same-tissue replication: 2/2 concordant. Cross-tissue: 0/0 concordant.
2026-04-29 14:53:54 [INFO] riker.phases.phase5_replication: Gene CCND1: eliminated — Significant opposite direction in same-tissue dataset(s): ['GSE110147']. Discovery direction: up.
2026-04-29 14:53:54 [INFO] riker.phases.phase5_replication: Gene CNN1: eliminated — Significant opposite direction in same-tissue dataset(s): ['GSE110147']. Discovery direction: up.
2026-04-29 14:53:54 [INFO] riker.phases.phase5_replication: Gene KCNMA1: survived — Same-tissue replication: 2/2 concordant. Cross-tissue: 0/0 concordant.
2026-04-29 14:53:54 [INFO] riker.phases.phase5_replication: Gene SRD5A2: survived — Same-tissue replication: 2/2 concordant. Cross-tissue: 0/0 concordant.
2026-04-29 14:53:54 [INFO] riker.phases.phase5_replication: Gene ZBED8: survived — Same-tissue replication: 2/2 concordant. Cross-tissue: 0/0 concordant.
2026-04-29 14:53:54 [INFO] riker.phases.phase5_replication: Gene CCNQ: eliminated — Significant opposite direction in same-tissue dataset(s): ['GSE10667']. Discovery direction: down.
2026-04-29 14:53:54 [INFO] riker.phases.phase5_replication: Gene ECHDC1: eliminated — Significant opposite direction in same-tissue dataset(s): ['GSE110147']. Discovery direction: down.
2026-04-29 14:53:54 [INFO] riker.phases.phase5_replication: Gene TMEM41A: survived — Same-tissue replication: 1/2 concordant. Cross-tissue: 0/0 concordant.
2026-04-29 14:53:54 [INFO] riker.phases.phase5_replication: Gene ALG13: survived — Same-tissue replication: 2/2 concordant. Cross-tissue: 0/0 concordant.
2026-04-29 14:53:54 [INFO] riker.phases.phase5_replication: Gene CLPTM1L: eliminated — Significant opposite direction in same-tissue dataset(s): ['GSE110147', 'GSE10667']. Discovery direction: down.
2026-04-29 14:53:54 [INFO] riker.phases.phase5_replication: Gene EDEM1: eliminated — Significant opposite direction in same-tissue dataset(s): ['GSE110147']. Discovery direction: down.
2026-04-29 14:53:54 [INFO] riker.phases.phase5_replication: Gene FOSL2: survived — Same-tissue replication: 2/2 concordant. Cross-tissue: 0/0 concordant.
2026-04-29 14:53:54 [INFO] riker.phases.phase5_replication: Gene ATP6AP1: survived — Same-tissue replication: 1/2 concordant. Cross-tissue: 0/0 concordant.
2026-04-29 14:53:54 [INFO] riker.phases.phase5_replication: Gene BEAN1: eliminated — Significant opposite direction in same-tissue dataset(s): ['GSE110147']. Discovery direction: up.
2026-04-29 14:53:54 [INFO] riker.phases.phase5_replication: Gene ENG: survived — Same-tissue replication: 1/2 concordant. Cross-tissue: 0/0 concordant.
2026-04-29 14:53:54 [INFO] riker.phases.phase5_replication: Gene HMBOX1: eliminated — Significant opposite direction in same-tissue dataset(s): ['GSE110147']. Discovery direction: down.
2026-04-29 14:53:54 [INFO] riker.phases.phase5_replication: Gene ILDR1: survived — Same-tissue replication: 0/2 concordant. Cross-tissue: 0/0 concordant.
2026-04-29 14:53:54 [INFO] riker.phases.phase5_replication: Gene MITF: survived — Same-tissue replication: 2/2 concordant. Cross-tissue: 0/0 concordant.
2026-04-29 14:53:54 [INFO] riker.phases.phase5_replication: Gene PIM1: survived — Same-tissue replication: 2/2 concordant. Cross-tissue: 0/0 concordant.
2026-04-29 14:53:54 [INFO] riker.phases.phase5_replication: Gene PLOD3: survived — Same-tissue replication: 1/2 concordant. Cross-tissue: 0/0 concordant.
2026-04-29 14:53:54 [INFO] riker.phases.phase5_replication: Gene RMDN3: survived — Same-tissue replication: 1/2 concordant. Cross-tissue: 0/0 concordant.
2026-04-29 14:53:54 [INFO] riker.phases.phase5_replication: Gene SLC2A3: survived — Same-tissue replication: 2/2 concordant. Cross-tissue: 0/0 concordant.
2026-04-29 14:53:54 [INFO] riker.phases.phase5_replication: Gene DENND5B: survived — Same-tissue replication: 2/2 concordant. Cross-tissue: 0/0 concordant.
2026-04-29 14:53:54 [INFO] riker.phases.phase5_replication: Gene GREM2: survived — Same-tissue replication: 2/2 concordant. Cross-tissue: 0/0 concordant.
2026-04-29 14:53:54 [INFO] riker.phases.phase5_replication: Gene HAS2: survived — Same-tissue replication: 1/2 concordant. Cross-tissue: 0/0 concordant.
2026-04-29 14:53:54 [INFO] riker.phases.phase5_replication: Gene KNL1: survived — Same-tissue replication: 2/2 concordant. Cross-tissue: 0/0 concordant.
2026-04-29 14:53:54 [INFO] riker.phases.phase5_replication: Gene NAPEPLD: survived — Same-tissue replication: 2/2 concordant. Cross-tissue: 0/0 concordant.
2026-04-29 14:53:54 [INFO] riker.phases.phase5_replication: Gene RHOH: survived — Same-tissue replication: 2/2 concordant. Cross-tissue: 0/0 concordant.
2026-04-29 14:53:54 [INFO] riker.phases.phase5_replication: Gene SMOC1: survived — Same-tissue replication: 2/2 concordant. Cross-tissue: 0/0 concordant.
2026-04-29 14:53:54 [INFO] riker.phases.phase5_replication: Gene TBCK: survived — Same-tissue replication: 2/2 concordant. Cross-tissue: 0/0 concordant.
2026-04-29 14:53:54 [INFO] riker.phases.phase5_replication: Gene TCIRG1: eliminated — Significant opposite direction in same-tissue dataset(s): ['GSE110147']. Discovery direction: up.
2026-04-29 14:53:54 [INFO] riker.phases.phase5_replication: Gene TMEM154: survived — Same-tissue replication: 2/2 concordant. Cross-tissue: 0/0 concordant.
2026-04-29 14:53:54 [INFO] riker.phases.phase5_replication: Gene VPS13A: survived — Same-tissue replication: 2/2 concordant. Cross-tissue: 0/0 concordant.
2026-04-29 14:53:54 [INFO] riker.phases.phase5_replication: Gene ZKSCAN1: survived — Same-tissue replication: 2/2 concordant. Cross-tissue: 0/0 concordant.
2026-04-29 14:53:54 [INFO] riker.phases.phase5_replication: Gene ZNF91: survived — Same-tissue replication: 2/2 concordant. Cross-tissue: 0/0 concordant.
2026-04-29 14:53:54 [INFO] riker.phases.phase5_replication: Gene AP3S1: eliminated — Significant opposite direction in same-tissue dataset(s): ['GSE110147']. Discovery direction: up.
2026-04-29 14:53:54 [INFO] riker.phases.phase5_replication: Gene BEST4: survived — Same-tissue replication: 1/2 concordant. Cross-tissue: 0/0 concordant.
2026-04-29 14:53:54 [INFO] riker.phases.phase5_replication: Gene LLGL1: eliminated — Significant opposite direction in same-tissue dataset(s): ['GSE110147']. Discovery direction: up.
2026-04-29 14:53:54 [INFO] riker.phases.phase5_replication: Gene MAP7D3: survived — Same-tissue replication: 2/2 concordant. Cross-tissue: 0/0 concordant.
2026-04-29 14:53:54 [INFO] riker.phases.phase5_replication: Gene WBP1L: eliminated — Significant opposite direction in same-tissue dataset(s): ['GSE110147']. Discovery direction: up.
2026-04-29 14:53:54 [INFO] riker.phases.phase5_replication: Gene YIPF2: eliminated — Significant opposite direction in same-tissue dataset(s): ['GSE110147']. Discovery direction: up.
2026-04-29 14:53:54 [INFO] riker.phases.phase5_replication: Gene ZNF786: survived — Same-tissue replication: 1/2 concordant. Cross-tissue: 0/0 concordant.
2026-04-29 14:53:54 [INFO] riker.phases.phase5_replication: Gene AQP1: survived — Same-tissue replication: 2/2 concordant. Cross-tissue: 0/0 concordant.
2026-04-29 14:53:54 [INFO] riker.phases.phase5_replication: Gene CACNB1: survived — Same-tissue replication: 2/2 concordant. Cross-tissue: 0/0 concordant.
2026-04-29 14:53:54 [INFO] riker.phases.phase5_replication: Gene DENND4B: survived — Same-tissue replication: 1/2 concordant. Cross-tissue: 0/0 concordant.
2026-04-29 14:53:54 [INFO] riker.phases.phase5_replication: Gene GABARAPL1: survived — Same-tissue replication: 2/2 concordant. Cross-tissue: 0/0 concordant.
2026-04-29 14:53:54 [INFO] riker.phases.phase5_replication: Gene PECAM1: survived — Same-tissue replication: 2/2 concordant. Cross-tissue: 0/0 concordant.
2026-04-29 14:53:54 [INFO] riker.phases.phase5_replication: Gene AFAP1L1: survived — Same-tissue replication: 2/2 concordant. Cross-tissue: 0/0 concordant.
2026-04-29 14:53:54 [INFO] riker.phases.phase5_replication: Gene CACNA2D3: survived — Same-tissue replication: 2/2 concordant. Cross-tissue: 0/0 concordant.
2026-04-29 14:53:54 [INFO] riker.phases.phase5_replication: Gene CNTROB: survived — Same-tissue replication: 2/2 concordant. Cross-tissue: 0/0 concordant.
2026-04-29 14:53:54 [INFO] riker.phases.phase5_replication: Gene GHR: survived — Same-tissue replication: 2/2 concordant. Cross-tissue: 0/0 concordant.
2026-04-29 14:53:55 [INFO] riker.phases.phase5_replication: Gene INPP5A: survived — Same-tissue replication: 2/2 concordant. Cross-tissue: 0/0 concordant.
2026-04-29 14:53:55 [INFO] riker.phases.phase5_replication: Gene PGD: eliminated — Significant opposite direction in same-tissue dataset(s): ['GSE10667']. Discovery direction: down.
2026-04-29 14:53:55 [INFO] riker.phases.phase5_replication: Gene TKT: survived — Same-tissue replication: 1/2 concordant. Cross-tissue: 0/0 concordant.
2026-04-29 14:53:55 [INFO] riker.phases.phase5_replication: Gene AGTPBP1: eliminated — Significant opposite direction in same-tissue dataset(s): ['GSE110147']. Discovery direction: down.
2026-04-29 14:53:55 [INFO] riker.phases.phase5_replication: Gene LIMS2: survived — Same-tissue replication: 2/2 concordant. Cross-tissue: 0/0 concordant.
2026-04-29 14:53:55 [INFO] riker.phases.phase5_replication: Gene PEAR1: survived — Same-tissue replication: 2/2 concordant. Cross-tissue: 0/0 concordant.
2026-04-29 14:53:55 [INFO] riker.phases.phase5_replication: Gene SFTA2: survived — Same-tissue replication: 2/2 concordant. Cross-tissue: 0/0 concordant.
2026-04-29 14:53:55 [INFO] riker.phases.phase5_replication: Gene CDC25B: survived — Same-tissue replication: 1/2 concordant. Cross-tissue: 0/0 concordant.
2026-04-29 14:53:55 [INFO] riker.phases.phase5_replication: Gene CMTM8: survived — Same-tissue replication: 2/2 concordant. Cross-tissue: 0/0 concordant.
2026-04-29 14:53:55 [INFO] riker.phases.phase5_replication: Gene FAM89A: survived — Same-tissue replication: 2/2 concordant. Cross-tissue: 0/0 concordant.
2026-04-29 14:53:55 [INFO] riker.phases.phase5_replication: Gene FDPS: eliminated — Significant opposite direction in same-tissue dataset(s): ['GSE110147']. Discovery direction: down.
2026-04-29 14:53:55 [INFO] riker.phases.phase5_replication: Gene MT1B: survived — Same-tissue replication: 2/2 concordant. Cross-tissue: 0/0 concordant.
2026-04-29 14:53:55 [INFO] riker.phases.phase5_replication: Gene RRAS: survived — Same-tissue replication: 2/2 concordant. Cross-tissue: 0/0 concordant.
2026-04-29 14:53:55 [INFO] riker.phases.phase5_replication: Gene TSPAN14: survived — Same-tissue replication: 1/2 concordant. Cross-tissue: 0/0 concordant.
2026-04-29 14:53:55 [INFO] riker.phases.phase5_replication: Gene MMP3: survived — Same-tissue replication: 2/2 concordant. Cross-tissue: 0/0 concordant.
2026-04-29 14:53:55 [INFO] riker.phases.phase5_replication: Gene PYROXD2: survived — Same-tissue replication: 1/2 concordant. Cross-tissue: 0/0 concordant.
2026-04-29 14:53:55 [INFO] riker.phases.phase5_replication: Gene RUNX1: eliminated — Significant opposite direction in same-tissue dataset(s): ['GSE110147']. Discovery direction: up.
2026-04-29 14:53:55 [INFO] riker.phases.phase5_replication: Gene SIT1: eliminated — Significant opposite direction in same-tissue dataset(s): ['GSE110147']. Discovery direction: up.
2026-04-29 14:53:55 [INFO] riker.phases.phase5_replication: Gene ZNF780B: survived — Same-tissue replication: 2/2 concordant. Cross-tissue: 0/0 concordant.
2026-04-29 14:53:55 [INFO] riker.phases.phase5_replication: Gene AFF2: survived — Same-tissue replication: 2/2 concordant. Cross-tissue: 0/0 concordant.
2026-04-29 14:53:55 [INFO] riker.phases.phase5_replication: Gene ASRGL1: survived — Same-tissue replication: 2/2 concordant. Cross-tissue: 0/0 concordant.
2026-04-29 14:53:55 [INFO] riker.phases.phase5_replication: Gene CDKL5: survived — Same-tissue replication: 2/2 concordant. Cross-tissue: 0/0 concordant.
2026-04-29 14:53:55 [INFO] riker.phases.phase5_replication: Gene ELAPOR2: eliminated — Significant opposite direction in same-tissue dataset(s): ['GSE110147']. Discovery direction: down.
2026-04-29 14:53:55 [INFO] riker.phases.phase5_replication: Gene FHDC1: survived — Same-tissue replication: 2/2 concordant. Cross-tissue: 0/0 concordant.
2026-04-29 14:53:55 [INFO] riker.phases.phase5_replication: Gene IDI1: eliminated — Significant opposite direction in same-tissue dataset(s): ['GSE110147']. Discovery direction: down.
2026-04-29 14:53:55 [INFO] riker.phases.phase5_replication: Gene IRS2: survived — Same-tissue replication: 1/2 concordant. Cross-tissue: 0/0 concordant.
2026-04-29 14:53:55 [INFO] riker.phases.phase5_replication: Gene LIN7A: survived — Same-tissue replication: 2/2 concordant. Cross-tissue: 0/0 concordant.
2026-04-29 14:53:55 [INFO] riker.phases.phase5_replication: Gene RIDA: eliminated — Significant opposite direction in same-tissue dataset(s): ['GSE110147', 'GSE10667']. Discovery direction: down.
2026-04-29 14:53:55 [INFO] riker.phases.phase5_replication: Gene SHE: survived — Same-tissue replication: 2/2 concordant. Cross-tissue: 0/0 concordant.
2026-04-29 14:53:55 [INFO] riker.phases.phase5_replication: Gene TBXAS1: survived — Same-tissue replication: 1/2 concordant. Cross-tissue: 0/0 concordant.
2026-04-29 14:53:55 [INFO] riker.phases.phase5_replication: Gene AOC3: survived — Same-tissue replication: 2/2 concordant. Cross-tissue: 0/0 concordant.
2026-04-29 14:53:55 [INFO] riker.phases.phase5_replication: Gene CHPT1: survived — Same-tissue replication: 2/2 concordant. Cross-tissue: 0/0 concordant.
2026-04-29 14:53:55 [INFO] riker.phases.phase5_replication: Gene KLRG2: survived — Same-tissue replication: 2/2 concordant. Cross-tissue: 0/0 concordant.
2026-04-29 14:53:55 [INFO] riker.phases.phase5_replication: Gene SPTSSA: eliminated — Significant opposite direction in same-tissue dataset(s): ['GSE110147']. Discovery direction: down.
2026-04-29 14:53:55 [INFO] riker.phases.phase5_replication: Gene TENT5B: survived — Same-tissue replication: 2/2 concordant. Cross-tissue: 0/0 concordant.
2026-04-29 14:53:55 [INFO] riker.phases.phase5_replication: Gene BAAT: survived — Same-tissue replication: 2/2 concordant. Cross-tissue: 0/0 concordant.
2026-04-29 14:53:55 [INFO] riker.phases.phase5_replication: Gene CD200: survived — Same-tissue replication: 1/2 concordant. Cross-tissue: 0/0 concordant.
2026-04-29 14:53:55 [INFO] riker.phases.phase5_replication: Gene CFAP69: survived — Same-tissue replication: 2/2 concordant. Cross-tissue: 0/0 concordant.
2026-04-29 14:53:55 [INFO] riker.phases.phase5_replication: Gene GJB2: survived — Same-tissue replication: 2/2 concordant. Cross-tissue: 0/0 concordant.
2026-04-29 14:53:55 [INFO] riker.phases.phase5_replication: Gene GNAL: survived — Same-tissue replication: 1/1 concordant. Cross-tissue: 0/0 concordant.
2026-04-29 14:53:55 [INFO] riker.phases.phase5_replication: Gene LGR4: survived — Same-tissue replication: 2/2 concordant. Cross-tissue: 0/0 concordant.
2026-04-29 14:53:55 [INFO] riker.phases.phase5_replication: Gene PDLIM3: survived — Same-tissue replication: 2/2 concordant. Cross-tissue: 0/0 concordant.
2026-04-29 14:53:55 [INFO] riker.phases.phase5_replication: Gene PGM5: survived — Same-tissue replication: 2/2 concordant. Cross-tissue: 0/0 concordant.
2026-04-29 14:53:55 [INFO] riker.phases.phase5_replication: Gene PROM2: survived — Same-tissue replication: 2/2 concordant. Cross-tissue: 0/0 concordant.
2026-04-29 14:53:55 [INFO] riker.phases.phase5_replication: Gene DRC9: survived — Same-tissue replication: 2/2 concordant. Cross-tissue: 0/0 concordant.
2026-04-29 14:53:55 [INFO] riker.phases.phase5_replication: Gene GPX8: survived — Same-tissue replication: 2/2 concordant. Cross-tissue: 0/0 concordant.
2026-04-29 14:53:55 [INFO] riker.phases.phase5_replication: Gene HPSE2: survived — Same-tissue replication: 2/2 concordant. Cross-tissue: 0/0 concordant.
2026-04-29 14:53:55 [INFO] riker.phases.phase5_replication: Gene MUC20: survived — Same-tissue replication: 2/2 concordant. Cross-tissue: 0/0 concordant.
2026-04-29 14:53:55 [INFO] riker.phases.phase5_replication: Gene PRUNE2: survived — Same-tissue replication: 2/2 concordant. Cross-tissue: 0/0 concordant.
2026-04-29 14:53:55 [INFO] riker.phases.phase5_replication: Gene C11orf96: survived — Same-tissue replication: 1/2 concordant. Cross-tissue: 0/0 concordant.
2026-04-29 14:53:55 [INFO] riker.phases.phase5_replication: Gene FANCC: survived — Same-tissue replication: 1/2 concordant. Cross-tissue: 0/0 concordant.
2026-04-29 14:53:55 [INFO] riker.phases.phase5_replication: Gene FLT4: survived — Same-tissue replication: 2/2 concordant. Cross-tissue: 0/0 concordant.
2026-04-29 14:53:55 [INFO] riker.phases.phase5_replication: Gene MGAT1: eliminated — Significant opposite direction in same-tissue dataset(s): ['GSE110147']. Discovery direction: down.
2026-04-29 14:53:55 [INFO] riker.phases.phase5_replication: Gene NECAB3: survived — Same-tissue replication: 2/2 concordant. Cross-tissue: 0/0 concordant.
2026-04-29 14:53:55 [INFO] riker.phases.phase5_replication: Gene PHYHD1: survived — Same-tissue replication: 1/2 concordant. Cross-tissue: 0/0 concordant.
2026-04-29 14:53:55 [INFO] riker.phases.phase5_replication: Gene PRKCD: survived — Same-tissue replication: 1/2 concordant. Cross-tissue: 0/0 concordant.
2026-04-29 14:53:55 [INFO] riker.phases.phase5_replication: Gene SLC44A2: survived — Same-tissue replication: 2/2 concordant. Cross-tissue: 0/0 concordant.
2026-04-29 14:53:55 [INFO] riker.phases.phase5_replication: Gene SOCS3: survived — Same-tissue replication: 2/2 concordant. Cross-tissue: 0/0 concordant.
2026-04-29 14:53:55 [INFO] riker.phases.phase5_replication: Gene YBX3: survived — Same-tissue replication: 1/2 concordant. Cross-tissue: 0/0 concordant.
2026-04-29 14:53:55 [INFO] riker.phases.phase5_replication: Gene CCM2L: survived — Same-tissue replication: 2/2 concordant. Cross-tissue: 0/0 concordant.
2026-04-29 14:53:55 [INFO] riker.phases.phase5_replication: Gene FAM43A: survived — Same-tissue replication: 2/2 concordant. Cross-tissue: 0/0 concordant.
2026-04-29 14:53:55 [INFO] riker.phases.phase5_replication: Gene IER2: eliminated — Significant opposite direction in same-tissue dataset(s): ['GSE110147']. Discovery direction: down.
2026-04-29 14:53:55 [INFO] riker.phases.phase5_replication: Gene RGS16: survived — Same-tissue replication: 2/2 concordant. Cross-tissue: 0/0 concordant.
2026-04-29 14:53:55 [INFO] riker.phases.phase5_replication: Gene CLTB: survived — Same-tissue replication: 1/2 concordant. Cross-tissue: 0/0 concordant.
2026-04-29 14:53:55 [INFO] riker.phases.phase5_replication: Gene FAM50A: survived — Same-tissue replication: 1/2 concordant. Cross-tissue: 0/0 concordant.
2026-04-29 14:53:55 [INFO] riker.phases.phase5_replication: Gene FRY: survived — Same-tissue replication: 1/2 concordant. Cross-tissue: 0/0 concordant.
2026-04-29 14:53:55 [INFO] riker.phases.phase5_replication: Gene SERF1B: survived — Same-tissue replication: 1/2 concordant. Cross-tissue: 0/0 concordant.
2026-04-29 14:53:55 [INFO] riker.phases.phase5_replication: Gene TM6SF1: eliminated — Significant opposite direction in same-tissue dataset(s): ['GSE110147']. Discovery direction: down.
2026-04-29 14:53:55 [INFO] riker.phases.phase5_replication: Gene TPCN1: survived — Same-tissue replication: 1/2 concordant. Cross-tissue: 0/0 concordant.
2026-04-29 14:53:55 [INFO] riker.phases.phase5_replication: Gene CDO1: survived — Same-tissue replication: 2/2 concordant. Cross-tissue: 0/0 concordant.
2026-04-29 14:53:55 [INFO] riker.phases.phase5_replication: Gene KIAA1549: survived — Same-tissue replication: 0/2 concordant. Cross-tissue: 0/0 concordant.
2026-04-29 14:53:55 [INFO] riker.phases.phase5_replication: Gene KLF13: survived — Same-tissue replication: 2/2 concordant. Cross-tissue: 0/0 concordant.
2026-04-29 14:53:55 [INFO] riker.phases.phase5_replication: Gene NCKAP5: survived — Same-tissue replication: 2/2 concordant. Cross-tissue: 0/0 concordant.
2026-04-29 14:53:55 [INFO] riker.phases.phase5_replication: Gene STARD9: survived — Same-tissue replication: 1/1 concordant. Cross-tissue: 0/0 concordant.
2026-04-29 14:53:55 [INFO] riker.phases.phase5_replication: Gene SUSD2: survived — Same-tissue replication: 2/2 concordant. Cross-tissue: 0/0 concordant.
2026-04-29 14:53:55 [INFO] riker.phases.phase5_replication: Gene AMPD1: survived — Same-tissue replication: 2/2 concordant. Cross-tissue: 0/0 concordant.
2026-04-29 14:53:55 [INFO] riker.phases.phase5_replication: Gene CFH: survived — Same-tissue replication: 2/2 concordant. Cross-tissue: 0/0 concordant.
2026-04-29 14:53:55 [INFO] riker.phases.phase5_replication: Gene CNTN3: survived — Same-tissue replication: 2/2 concordant. Cross-tissue: 0/0 concordant.
2026-04-29 14:53:55 [INFO] riker.phases.phase5_replication: Gene CTSE: survived — Same-tissue replication: 2/2 concordant. Cross-tissue: 0/0 concordant.
2026-04-29 14:53:55 [INFO] riker.phases.phase5_replication: Gene DSC3: survived — Same-tissue replication: 2/2 concordant. Cross-tissue: 0/0 concordant.
2026-04-29 14:53:55 [INFO] riker.phases.phase5_replication: Gene MMP13: survived — Same-tissue replication: 2/2 concordant. Cross-tissue: 0/0 concordant.
2026-04-29 14:53:55 [INFO] riker.phases.phase5_replication: Gene MUC16: survived — Same-tissue replication: 2/2 concordant. Cross-tissue: 0/0 concordant.
2026-04-29 14:53:55 [INFO] riker.phases.phase5_replication: Gene PLXDC1: eliminated — Significant opposite direction in same-tissue dataset(s): ['GSE110147']. Discovery direction: up.
2026-04-29 14:53:55 [INFO] riker.phases.phase5_replication: Gene ANGPTL2: eliminated — Significant opposite direction in same-tissue dataset(s): ['GSE110147']. Discovery direction: up.
2026-04-29 14:53:55 [INFO] riker.phases.phase5_replication: Gene HTR2B: survived — Same-tissue replication: 1/2 concordant. Cross-tissue: 0/0 concordant.
2026-04-29 14:53:55 [INFO] riker.phases.phase5_replication: Gene MAP1A: survived — Same-tissue replication: 2/2 concordant. Cross-tissue: 0/0 concordant.
2026-04-29 14:53:55 [INFO] riker.phases.phase5_replication: Gene SEMA3D: survived — Same-tissue replication: 2/2 concordant. Cross-tissue: 0/0 concordant.
2026-04-29 14:53:55 [INFO] riker.phases.phase5_replication: Gene SERTAD4: eliminated — Significant opposite direction in same-tissue dataset(s): ['GSE110147']. Discovery direction: up.
2026-04-29 14:53:55 [INFO] riker.phases.phase5_replication: Gene MICALL2: survived — Same-tissue replication: 1/2 concordant. Cross-tissue: 0/0 concordant.
2026-04-29 14:53:55 [INFO] riker.phases.phase5_replication: Gene TRAF3IP3: survived — Same-tissue replication: 1/2 concordant. Cross-tissue: 0/0 concordant.
2026-04-29 14:53:55 [INFO] riker.phases.phase5_replication: Gene TRIM47: eliminated — Significant opposite direction in same-tissue dataset(s): ['GSE110147']. Discovery direction: up.
2026-04-29 14:53:55 [INFO] riker.phases.phase5_replication: Gene XAF1: survived — Same-tissue replication: 1/2 concordant. Cross-tissue: 0/0 concordant.
2026-04-29 14:53:55 [INFO] riker.phases.phase5_replication: Gene AMPD3: survived — Same-tissue replication: 2/2 concordant. Cross-tissue: 0/0 concordant.
2026-04-29 14:53:55 [INFO] riker.phases.phase5_replication: Gene CD248: survived — Same-tissue replication: 2/2 concordant. Cross-tissue: 0/0 concordant.
2026-04-29 14:53:55 [INFO] riker.phases.phase5_replication: Gene KCND3: survived — Same-tissue replication: 2/2 concordant. Cross-tissue: 0/0 concordant.
2026-04-29 14:53:55 [INFO] riker.phases.phase5_replication: Gene MARCKSL1: eliminated — Significant opposite direction in same-tissue dataset(s): ['GSE110147']. Discovery direction: up.
2026-04-29 14:53:55 [INFO] riker.phases.phase5_replication: Gene MTA1: eliminated — Significant opposite direction in same-tissue dataset(s): ['GSE110147']. Discovery direction: up.
2026-04-29 14:53:55 [INFO] riker.phases.phase5_replication: Gene TENM4: survived — Same-tissue replication: 1/2 concordant. Cross-tissue: 0/0 concordant.
2026-04-29 14:53:55 [INFO] riker.phases.phase5_replication: Gene TIMD4: survived — Same-tissue replication: 1/2 concordant. Cross-tissue: 0/0 concordant.
2026-04-29 14:53:55 [INFO] riker.phases.phase5_replication: Gene TRIM32: survived — Same-tissue replication: 2/2 concordant. Cross-tissue: 0/0 concordant.
2026-04-29 14:53:55 [INFO] riker.phases.phase5_replication: Gene DUOXA1: survived — Same-tissue replication: 2/2 concordant. Cross-tissue: 0/0 concordant.
2026-04-29 14:53:55 [INFO] riker.phases.phase5_replication: Gene KLF4: survived — Same-tissue replication: 2/2 concordant. Cross-tissue: 0/0 concordant.
2026-04-29 14:53:55 [INFO] riker.phases.phase5_replication: Gene STX11: survived — Same-tissue replication: 2/2 concordant. Cross-tissue: 0/0 concordant.
2026-04-29 14:53:55 [INFO] riker.phases.phase5_replication: Gene SVEP1: survived — Same-tissue replication: 0/2 concordant. Cross-tissue: 0/0 concordant.
2026-04-29 14:53:55 [INFO] riker.phases.phase5_replication: Gene CCDC88C: survived — Same-tissue replication: 2/2 concordant. Cross-tissue: 0/0 concordant.
2026-04-29 14:53:55 [INFO] riker.phases.phase5_replication: Gene EOMES: eliminated — Significant opposite direction in same-tissue dataset(s): ['GSE110147']. Discovery direction: up.
2026-04-29 14:53:55 [INFO] riker.phases.phase5_replication: Gene EPHX3: eliminated — Significant opposite direction in same-tissue dataset(s): ['GSE110147']. Discovery direction: up.
2026-04-29 14:53:55 [INFO] riker.phases.phase5_replication: Gene FREM3: eliminated — Significant opposite direction in same-tissue dataset(s): ['GSE110147']. Discovery direction: up.
2026-04-29 14:53:55 [INFO] riker.phases.phase5_replication: Gene HLA-DRA: eliminated — Significant opposite direction in same-tissue dataset(s): ['GSE110147']. Discovery direction: up.
2026-04-29 14:53:55 [INFO] riker.phases.phase5_replication: Gene HPS3: survived — Same-tissue replication: 2/2 concordant. Cross-tissue: 0/0 concordant.
2026-04-29 14:53:55 [INFO] riker.phases.phase5_replication: Gene LHX6: eliminated — Significant opposite direction in same-tissue dataset(s): ['GSE110147']. Discovery direction: up.
2026-04-29 14:53:55 [INFO] riker.phases.phase5_replication: Gene LIMK1: eliminated — Significant opposite direction in same-tissue dataset(s): ['GSE110147']. Discovery direction: up.
2026-04-29 14:53:55 [INFO] riker.phases.phase5_replication: Gene SAMD3: survived — Same-tissue replication: 0/2 concordant. Cross-tissue: 0/0 concordant.
2026-04-29 14:53:55 [INFO] riker.phases.phase5_replication: Gene PALD1: survived — Same-tissue replication: 2/2 concordant. Cross-tissue: 0/0 concordant.
2026-04-29 14:53:55 [INFO] riker.phases.phase5_replication: Gene RIPOR3: eliminated — Significant opposite direction in same-tissue dataset(s): ['GSE10667']. Discovery direction: down.
2026-04-29 14:53:55 [INFO] riker.phases.phase5_replication: Gene SEC14L1: survived — Same-tissue replication: 1/2 concordant. Cross-tissue: 0/0 concordant.
2026-04-29 14:53:55 [INFO] riker.phases.phase5_replication: Gene SPRY2: survived — Same-tissue replication: 2/2 concordant. Cross-tissue: 0/0 concordant.
2026-04-29 14:53:55 [INFO] riker.phases.phase5_replication: Gene ST7: eliminated — Significant opposite direction in same-tissue dataset(s): ['GSE110147']. Discovery direction: down.
2026-04-29 14:53:55 [INFO] riker.phases.phase5_replication: Gene C2: survived — Same-tissue replication: 2/2 concordant. Cross-tissue: 0/0 concordant.
2026-04-29 14:53:55 [INFO] riker.phases.phase5_replication: Gene GLUL: eliminated — Significant opposite direction in same-tissue dataset(s): ['GSE110147', 'GSE10667']. Discovery direction: down.
2026-04-29 14:53:55 [INFO] riker.phases.phase5_replication: Gene MTRR: survived — Same-tissue replication: 2/2 concordant. Cross-tissue: 0/0 concordant.
2026-04-29 14:53:55 [INFO] riker.phases.phase5_replication: Gene QKI: eliminated — Significant opposite direction in same-tissue dataset(s): ['GSE110147']. Discovery direction: down.
2026-04-29 14:53:55 [INFO] riker.phases.phase5_replication: Gene UNC13D: survived — Same-tissue replication: 2/2 concordant. Cross-tissue: 0/0 concordant.
2026-04-29 14:53:55 [INFO] riker.phases.phase5_replication: Gene AFAP1L2: survived — Same-tissue replication: 1/2 concordant. Cross-tissue: 0/0 concordant.
2026-04-29 14:53:55 [INFO] riker.phases.phase5_replication: Gene CARD11: survived — Same-tissue replication: 1/2 concordant. Cross-tissue: 0/0 concordant.
2026-04-29 14:53:55 [INFO] riker.phases.phase5_replication: Gene CCDC3: eliminated — Significant opposite direction in same-tissue dataset(s): ['GSE110147']. Discovery direction: up.
2026-04-29 14:53:55 [INFO] riker.phases.phase5_replication: Gene CCL21: eliminated — Significant opposite direction in same-tissue dataset(s): ['GSE110147']. Discovery direction: up.
2026-04-29 14:53:55 [INFO] riker.phases.phase5_replication: Gene CD19: survived — Same-tissue replication: 2/2 concordant. Cross-tissue: 0/0 concordant.
2026-04-29 14:53:55 [INFO] riker.phases.phase5_replication: Gene DLGAP5: survived — Same-tissue replication: 2/2 concordant. Cross-tissue: 0/0 concordant.
2026-04-29 14:53:55 [INFO] riker.phases.phase5_replication: Gene GZMM: eliminated — Significant opposite direction in same-tissue dataset(s): ['GSE110147']. Discovery direction: up.
2026-04-29 14:53:55 [INFO] riker.phases.phase5_replication: Gene KLK13: survived — Same-tissue replication: 1/2 concordant. Cross-tissue: 0/0 concordant.
2026-04-29 14:53:55 [INFO] riker.phases.phase5_replication: Gene KLK7: eliminated — Significant opposite direction in same-tissue dataset(s): ['GSE110147']. Discovery direction: up.
2026-04-29 14:53:55 [INFO] riker.phases.phase5_replication: Gene MAGED1: eliminated — Significant opposite direction in same-tissue dataset(s): ['GSE110147']. Discovery direction: up.
2026-04-29 14:53:55 [INFO] riker.phases.phase5_replication: Gene NELL1: survived — Same-tissue replication: 2/2 concordant. Cross-tissue: 0/0 concordant.
2026-04-29 14:53:55 [INFO] riker.phases.phase5_replication: Gene PDK1: survived — Same-tissue replication: 2/2 concordant. Cross-tissue: 0/0 concordant.
2026-04-29 14:53:55 [INFO] riker.phases.phase5_replication: Gene PLK2: survived — Same-tissue replication: 2/2 concordant. Cross-tissue: 0/0 concordant.
2026-04-29 14:53:55 [INFO] riker.phases.phase5_replication: Gene PLPP5: survived — Same-tissue replication: 2/2 concordant. Cross-tissue: 0/0 concordant.
2026-04-29 14:53:55 [INFO] riker.phases.phase5_replication: Gene SACK1A: survived — Same-tissue replication: 2/2 concordant. Cross-tissue: 0/0 concordant.
2026-04-29 14:53:55 [INFO] riker.phases.phase5_replication: Gene SERTAD2: eliminated — Significant opposite direction in same-tissue dataset(s): ['GSE110147']. Discovery direction: up.
2026-04-29 14:53:55 [INFO] riker.phases.phase5_replication: Gene SLAMF1: survived — Same-tissue replication: 2/2 concordant. Cross-tissue: 0/0 concordant.
2026-04-29 14:53:55 [INFO] riker.phases.phase5_replication: Gene TPX2: survived — Same-tissue replication: 2/2 concordant. Cross-tissue: 0/0 concordant.
2026-04-29 14:53:55 [INFO] riker.phases.phase5_replication: Gene TXLNB: survived — Same-tissue replication: 2/2 concordant. Cross-tissue: 0/0 concordant.
2026-04-29 14:53:55 [INFO] riker.phases.phase5_replication: Gene ZBTB7C: eliminated — Significant opposite direction in same-tissue dataset(s): ['GSE110147']. Discovery direction: up.
2026-04-29 14:53:55 [INFO] riker.phases.phase5_replication: Gene B3GNT3: survived — Same-tissue replication: 2/2 concordant. Cross-tissue: 0/0 concordant.
2026-04-29 14:53:55 [INFO] riker.phases.phase5_replication: Gene BMAL2: survived — Same-tissue replication: 2/2 concordant. Cross-tissue: 0/0 concordant.
2026-04-29 14:53:55 [INFO] riker.phases.phase5_replication: Gene CD3G: survived — Same-tissue replication: 0/2 concordant. Cross-tissue: 0/0 concordant.
2026-04-29 14:53:55 [INFO] riker.phases.phase5_replication: Gene SMOC2: survived — Same-tissue replication: 2/2 concordant. Cross-tissue: 0/0 concordant.
2026-04-29 14:53:55 [INFO] riker.phases.phase5_replication: Gene ASB5: survived — Same-tissue replication: 2/2 concordant. Cross-tissue: 0/0 concordant.
2026-04-29 14:53:55 [INFO] riker.phases.phase5_replication: Gene CACHD1: survived — Same-tissue replication: 2/2 concordant. Cross-tissue: 0/0 concordant.
2026-04-29 14:53:55 [INFO] riker.phases.phase5_replication: Gene KIAA0930: eliminated — Significant opposite direction in same-tissue dataset(s): ['GSE110147']. Discovery direction: up.
2026-04-29 14:53:55 [INFO] riker.phases.phase5_replication: Gene QSER1: survived — Same-tissue replication: 2/2 concordant. Cross-tissue: 0/0 concordant.
2026-04-29 14:53:55 [INFO] riker.phases.phase5_replication: Gene AIG1: survived — Same-tissue replication: 2/2 concordant. Cross-tissue: 0/0 concordant.
2026-04-29 14:53:55 [INFO] riker.phases.phase5_replication: Gene CAP2: survived — Same-tissue replication: 2/2 concordant. Cross-tissue: 0/0 concordant.
2026-04-29 14:53:55 [INFO] riker.phases.phase5_replication: Gene ENTPD1: survived — Same-tissue replication: 2/2 concordant. Cross-tissue: 0/0 concordant.
2026-04-29 14:53:55 [INFO] riker.phases.phase5_replication: Gene GATM: eliminated — Significant opposite direction in same-tissue dataset(s): ['GSE110147']. Discovery direction: up.
2026-04-29 14:53:55 [INFO] riker.phases.phase5_replication: Gene PCNX2: survived — Same-tissue replication: 2/2 concordant. Cross-tissue: 0/0 concordant.
2026-04-29 14:53:55 [INFO] riker.phases.phase5_replication: Gene PRKACB: survived — Same-tissue replication: 2/2 concordant. Cross-tissue: 0/0 concordant.
2026-04-29 14:53:55 [INFO] riker.phases.phase5_replication: Gene ALS2CL: survived — Same-tissue replication: 2/2 concordant. Cross-tissue: 0/0 concordant.
2026-04-29 14:53:55 [INFO] riker.phases.phase5_replication: Gene PLK3: survived — Same-tissue replication: 2/2 concordant. Cross-tissue: 0/0 concordant.
2026-04-29 14:53:55 [INFO] riker.phases.phase5_replication: Gene S100A4: survived — Same-tissue replication: 2/2 concordant. Cross-tissue: 0/0 concordant.
2026-04-29 14:53:55 [INFO] riker.phases.phase5_replication: Gene SLC35E3: eliminated — Significant opposite direction in same-tissue dataset(s): ['GSE110147', 'GSE10667']. Discovery direction: down.
2026-04-29 14:53:55 [INFO] riker.phases.phase5_replication: Gene DISP1: survived — Same-tissue replication: 2/2 concordant. Cross-tissue: 0/0 concordant.
2026-04-29 14:53:55 [INFO] riker.phases.phase5_replication: Gene HPGD: survived — Same-tissue replication: 2/2 concordant. Cross-tissue: 0/0 concordant.
2026-04-29 14:53:55 [INFO] riker.phases.phase5_replication: Gene SOD2: survived — Same-tissue replication: 0/2 concordant. Cross-tissue: 0/0 concordant.
2026-04-29 14:53:55 [INFO] riker.phases.phase5_replication: Gene SULT1A1: survived — Same-tissue replication: 2/2 concordant. Cross-tissue: 0/0 concordant.
2026-04-29 14:53:55 [INFO] riker.phases.phase5_replication: Gene SULT1A2: survived — Same-tissue replication: 2/2 concordant. Cross-tissue: 0/0 concordant.
2026-04-29 14:53:55 [INFO] riker.phases.phase5_replication: Gene MRPS18B: survived — Same-tissue replication: 1/2 concordant. Cross-tissue: 0/0 concordant.
2026-04-29 14:53:55 [INFO] riker.phases.phase5_replication: Gene PRR15L: survived — Same-tissue replication: 2/2 concordant. Cross-tissue: 0/0 concordant.
2026-04-29 14:53:55 [INFO] riker.phases.phase5_replication: Gene SGF29: survived — Same-tissue replication: 1/2 concordant. Cross-tissue: 0/0 concordant.
2026-04-29 14:53:55 [INFO] riker.phases.phase5_replication: Gene SSU72: survived — Same-tissue replication: 1/2 concordant. Cross-tissue: 0/0 concordant.
2026-04-29 14:53:55 [INFO] riker.phases.phase5_replication: Gene ARL4C: survived — Same-tissue replication: 1/2 concordant. Cross-tissue: 0/0 concordant.
2026-04-29 14:53:55 [INFO] riker.phases.phase5_replication: Gene ESR2: survived — Same-tissue replication: 2/2 concordant. Cross-tissue: 0/0 concordant.
2026-04-29 14:53:55 [INFO] riker.phases.phase5_replication: Gene GPR156: survived — Same-tissue replication: 2/2 concordant. Cross-tissue: 0/0 concordant.
2026-04-29 14:53:55 [INFO] riker.phases.phase5_replication: Gene KCNJ5: eliminated — Significant opposite direction in same-tissue dataset(s): ['GSE110147']. Discovery direction: up.
2026-04-29 14:53:55 [INFO] riker.phases.phase5_replication: Gene NCS1: survived — Same-tissue replication: 1/2 concordant. Cross-tissue: 0/0 concordant.
2026-04-29 14:53:55 [INFO] riker.phases.phase5_replication: Gene XBP1: survived — Same-tissue replication: 2/2 concordant. Cross-tissue: 0/0 concordant.
2026-04-29 14:53:55 [INFO] riker.phases.phase5_replication: Gene BAIAP2: survived — Same-tissue replication: 2/2 concordant. Cross-tissue: 0/0 concordant.
2026-04-29 14:53:55 [INFO] riker.phases.phase5_replication: Gene DBI: survived — Same-tissue replication: 2/2 concordant. Cross-tissue: 0/0 concordant.
2026-04-29 14:53:55 [INFO] riker.phases.phase5_replication: Gene KCNK3: survived — Same-tissue replication: 2/2 concordant. Cross-tissue: 0/0 concordant.
2026-04-29 14:53:55 [INFO] riker.phases.phase5_replication: Gene NFIL3: survived — Same-tissue replication: 1/2 concordant. Cross-tissue: 0/0 concordant.
2026-04-29 14:53:55 [INFO] riker.phases.phase5_replication: Gene NHERF2: survived — Same-tissue replication: 2/2 concordant. Cross-tissue: 0/0 concordant.
2026-04-29 14:53:55 [INFO] riker.phases.phase5_replication: Gene SLC25A25: survived — Same-tissue replication: 2/2 concordant. Cross-tissue: 0/0 concordant.
2026-04-29 14:53:55 [INFO] riker.phases.phase5_replication: Gene SLC25A33: survived — Same-tissue replication: 1/2 concordant. Cross-tissue: 0/0 concordant.
2026-04-29 14:53:55 [INFO] riker.phases.phase5_replication: Gene TNS1: survived — Same-tissue replication: 2/2 concordant. Cross-tissue: 0/0 concordant.
2026-04-29 14:53:55 [INFO] riker.phases.phase5_replication: Gene CDK2AP2: survived — Same-tissue replication: 1/2 concordant. Cross-tissue: 0/0 concordant.
2026-04-29 14:53:55 [INFO] riker.phases.phase5_replication: Gene HSD17B10: eliminated — Significant opposite direction in same-tissue dataset(s): ['GSE10667']. Discovery direction: down.
2026-04-29 14:53:55 [INFO] riker.phases.phase5_replication: Gene LAMA5: survived — Same-tissue replication: 1/2 concordant. Cross-tissue: 0/0 concordant.
2026-04-29 14:53:55 [INFO] riker.phases.phase5_replication: Gene PCK2: survived — Same-tissue replication: 1/2 concordant. Cross-tissue: 0/0 concordant.
2026-04-29 14:53:55 [INFO] riker.phases.phase5_replication: Gene PKN1: survived — Same-tissue replication: 2/2 concordant. Cross-tissue: 0/0 concordant.
2026-04-29 14:53:55 [INFO] riker.phases.phase5_replication: Gene TRIP10: survived — Same-tissue replication: 2/2 concordant. Cross-tissue: 0/0 concordant.
2026-04-29 14:53:55 [INFO] riker.phases.phase5_replication: Gene CAPN13: survived — Same-tissue replication: 2/2 concordant. Cross-tissue: 0/0 concordant.
2026-04-29 14:53:55 [INFO] riker.phases.phase5_replication: Gene EFHC2: survived — Same-tissue replication: 2/2 concordant. Cross-tissue: 0/0 concordant.
2026-04-29 14:53:55 [INFO] riker.phases.phase5_replication: Gene ITGB8: survived — Same-tissue replication: 2/2 concordant. Cross-tissue: 0/0 concordant.
2026-04-29 14:53:55 [INFO] riker.phases.phase5_replication: Gene MOXD1: survived — Same-tissue replication: 2/2 concordant. Cross-tissue: 0/0 concordant.
2026-04-29 14:53:55 [INFO] riker.phases.phase5_replication: Gene PDLIM4: survived — Same-tissue replication: 2/2 concordant. Cross-tissue: 0/0 concordant.
2026-04-29 14:53:55 [INFO] riker.phases.phase5_replication: Gene EFHC1: survived — Same-tissue replication: 2/2 concordant. Cross-tissue: 0/0 concordant.
2026-04-29 14:53:55 [INFO] riker.phases.phase5_replication: Gene HMCN1: survived — Same-tissue replication: 2/2 concordant. Cross-tissue: 0/0 concordant.
2026-04-29 14:53:55 [INFO] riker.phases.phase5_replication: Gene ZMAT3: survived — Same-tissue replication: 2/2 concordant. Cross-tissue: 0/0 concordant.
2026-04-29 14:53:55 [INFO] riker.phases.phase5_replication: Gene ZNF521: survived — Same-tissue replication: 2/2 concordant. Cross-tissue: 0/0 concordant.
2026-04-29 14:53:55 [INFO] riker.phases.phase5_replication: Gene BACE2: survived — Same-tissue replication: 1/2 concordant. Cross-tissue: 0/0 concordant.
2026-04-29 14:53:55 [INFO] riker.phases.phase5_replication: Gene BMP4: eliminated — Significant opposite direction in same-tissue dataset(s): ['GSE110147']. Discovery direction: up.
2026-04-29 14:53:55 [INFO] riker.phases.phase5_replication: Gene BRINP3: survived — Same-tissue replication: 2/2 concordant. Cross-tissue: 0/0 concordant.
2026-04-29 14:53:55 [INFO] riker.phases.phase5_replication: Gene C8orf34: survived — Same-tissue replication: 2/2 concordant. Cross-tissue: 0/0 concordant.
2026-04-29 14:53:55 [INFO] riker.phases.phase5_replication: Gene CRABP2: survived — Same-tissue replication: 2/2 concordant. Cross-tissue: 0/0 concordant.
2026-04-29 14:53:55 [INFO] riker.phases.phase5_replication: Gene CRYM: survived — Same-tissue replication: 2/2 concordant. Cross-tissue: 0/0 concordant.
2026-04-29 14:53:55 [INFO] riker.phases.phase5_replication: Gene ENPP5: survived — Same-tissue replication: 2/2 concordant. Cross-tissue: 0/0 concordant.
2026-04-29 14:53:55 [INFO] riker.phases.phase5_replication: Gene FREM1: survived — Same-tissue replication: 2/2 concordant. Cross-tissue: 0/0 concordant.
2026-04-29 14:53:55 [INFO] riker.phases.phase5_replication: Gene SYTL2: survived — Same-tissue replication: 2/2 concordant. Cross-tissue: 0/0 concordant.
2026-04-29 14:53:55 [INFO] riker.phases.phase5_replication: Gene WFDC2: survived — Same-tissue replication: 1/2 concordant. Cross-tissue: 0/0 concordant.
2026-04-29 14:53:55 [INFO] riker.phases.phase5_replication: Gene FMO1: survived — Same-tissue replication: 2/2 concordant. Cross-tissue: 0/0 concordant.
2026-04-29 14:53:55 [INFO] riker.phases.phase5_replication: Gene HHAT: survived — Same-tissue replication: 2/2 concordant. Cross-tissue: 0/0 concordant.
2026-04-29 14:53:55 [INFO] riker.phases.phase5_replication: Gene NEK11: survived — Same-tissue replication: 2/2 concordant. Cross-tissue: 0/0 concordant.
2026-04-29 14:53:55 [INFO] riker.phases.phase5_replication: Gene PMEPA1: survived — Same-tissue replication: 1/2 concordant. Cross-tissue: 0/0 concordant.
2026-04-29 14:53:55 [INFO] riker.phases.phase5_replication: Gene ZNF711: survived — Same-tissue replication: 2/2 concordant. Cross-tissue: 0/0 concordant.
2026-04-29 14:53:55 [INFO] riker.phases.phase5_replication: Gene JAGN1: eliminated — Significant opposite direction in same-tissue dataset(s): ['GSE110147']. Discovery direction: down.
2026-04-29 14:53:55 [INFO] riker.phases.phase5_replication: Gene LONP1: eliminated — Significant opposite direction in same-tissue dataset(s): ['GSE110147']. Discovery direction: down.
2026-04-29 14:53:55 [INFO] riker.phases.phase5_replication: Gene PITPNM2: survived — Same-tissue replication: 2/2 concordant. Cross-tissue: 0/0 concordant.
2026-04-29 14:53:55 [INFO] riker.phases.phase5_replication: Gene VMA12: survived — Same-tissue replication: 1/2 concordant. Cross-tissue: 0/0 concordant.
2026-04-29 14:53:55 [INFO] riker.phases.phase5_replication: Gene IGF2R: eliminated — Significant opposite direction in same-tissue dataset(s): ['GSE110147', 'GSE10667']. Discovery direction: down.
2026-04-29 14:53:55 [INFO] riker.phases.phase5_replication: Gene KIR3DL2: survived — Same-tissue replication: 2/2 concordant. Cross-tissue: 0/0 concordant.
2026-04-29 14:53:55 [INFO] riker.phases.phase5_replication: Gene NEU1: survived — Same-tissue replication: 1/2 concordant. Cross-tissue: 0/0 concordant.
2026-04-29 14:53:55 [INFO] riker.phases.phase5_replication: Gene PDP2: survived — Same-tissue replication: 1/2 concordant. Cross-tissue: 0/0 concordant.
2026-04-29 14:53:55 [INFO] riker.phases.phase5_replication: Gene RCL1: survived — Same-tissue replication: 1/2 concordant. Cross-tissue: 0/0 concordant.
2026-04-29 14:53:55 [INFO] riker.phases.phase5_replication: Gene SDHB: survived — Same-tissue replication: 1/2 concordant. Cross-tissue: 0/0 concordant.
2026-04-29 14:53:55 [INFO] riker.phases.phase5_replication: Gene TUFT1: survived — Same-tissue replication: 2/2 concordant. Cross-tissue: 0/0 concordant.
2026-04-29 14:53:55 [INFO] riker.phases.phase5_replication: Gene USP32: eliminated — Significant opposite direction in same-tissue dataset(s): ['GSE110147', 'GSE10667']. Discovery direction: down.
2026-04-29 14:53:55 [INFO] riker.phases.phase5_replication: Gene AKAP13: eliminated — Significant opposite direction in same-tissue dataset(s): ['GSE110147']. Discovery direction: down.
2026-04-29 14:53:55 [INFO] riker.phases.phase5_replication: Gene ITPRID2: eliminated — Significant opposite direction in same-tissue dataset(s): ['GSE110147']. Discovery direction: down.
2026-04-29 14:53:55 [INFO] riker.phases.phase5_replication: Gene IZUMO1: survived — Same-tissue replication: 2/2 concordant. Cross-tissue: 0/0 concordant.
2026-04-29 14:53:55 [INFO] riker.phases.phase5_replication: Gene MRPS15: eliminated — Significant opposite direction in same-tissue dataset(s): ['GSE10667']. Discovery direction: down.
2026-04-29 14:53:55 [INFO] riker.phases.phase5_replication: Gene NUPR1: survived — Same-tissue replication: 1/2 concordant. Cross-tissue: 0/0 concordant.
2026-04-29 14:53:55 [INFO] riker.phases.phase5_replication: Gene PXDC1: survived — Same-tissue replication: 2/2 concordant. Cross-tissue: 0/0 concordant.
2026-04-29 14:53:55 [INFO] riker.phases.phase5_replication: Gene SYN2: survived — Same-tissue replication: 2/2 concordant. Cross-tissue: 0/0 concordant.
2026-04-29 14:53:55 [INFO] riker.phases.phase5_replication: Gene TEAD4: survived — Same-tissue replication: 2/2 concordant. Cross-tissue: 0/0 concordant.
2026-04-29 14:53:55 [INFO] riker.phases.phase5_replication: Gene VPS26C: survived — Same-tissue replication: 1/2 concordant. Cross-tissue: 0/0 concordant.
2026-04-29 14:53:55 [INFO] riker.phases.phase5_replication: Gene GPM6A: survived — Same-tissue replication: 2/2 concordant. Cross-tissue: 0/0 concordant.
2026-04-29 14:53:55 [INFO] riker.phases.phase5_replication: Gene IP6K3: survived — Same-tissue replication: 1/2 concordant. Cross-tissue: 0/0 concordant.
2026-04-29 14:53:55 [INFO] riker.phases.phase5_replication: Gene ITGA10: survived — Same-tissue replication: 1/2 concordant. Cross-tissue: 0/0 concordant.
2026-04-29 14:53:55 [INFO] riker.phases.phase5_replication: Gene MMP25: survived — Same-tissue replication: 2/2 concordant. Cross-tissue: 0/0 concordant.
2026-04-29 14:53:55 [INFO] riker.phases.phase5_replication: Gene MPP3: survived — Same-tissue replication: 2/2 concordant. Cross-tissue: 0/0 concordant.
2026-04-29 14:53:55 [INFO] riker.phases.phase5_replication: Gene RPS6KA2: survived — Same-tissue replication: 1/2 concordant. Cross-tissue: 0/0 concordant.
2026-04-29 14:53:55 [INFO] riker.phases.phase5_replication: Gene TEK: survived — Same-tissue replication: 1/2 concordant. Cross-tissue: 0/0 concordant.
2026-04-29 14:53:55 [INFO] riker.phases.phase5_replication: Gene CDH19: eliminated — Significant opposite direction in same-tissue dataset(s): ['GSE110147']. Discovery direction: down.
2026-04-29 14:53:55 [INFO] riker.phases.phase5_replication: Gene MATN3: survived — Same-tissue replication: 2/2 concordant. Cross-tissue: 0/0 concordant.
2026-04-29 14:53:55 [INFO] riker.phases.phase5_replication: Gene MS4A15: survived — Same-tissue replication: 2/2 concordant. Cross-tissue: 0/0 concordant.
2026-04-29 14:53:55 [INFO] riker.phases.phase5_replication: Gene RAPGEF5: survived — Same-tissue replication: 1/2 concordant. Cross-tissue: 0/0 concordant.
2026-04-29 14:53:55 [INFO] riker.phases.phase5_replication: Gene RXFP1: survived — Same-tissue replication: 2/2 concordant. Cross-tissue: 0/0 concordant.
2026-04-29 14:53:55 [INFO] riker.phases.phase5_replication: Gene ARHGAP39: eliminated — Significant opposite direction in same-tissue dataset(s): ['GSE110147']. Discovery direction: up.
2026-04-29 14:53:55 [INFO] riker.phases.phase5_replication: Gene MEF2C: survived — Same-tissue replication: 2/2 concordant. Cross-tissue: 0/0 concordant.
2026-04-29 14:53:55 [INFO] riker.phases.phase5_replication: Gene PLCB1: survived — Same-tissue replication: 1/2 concordant. Cross-tissue: 0/0 concordant.
2026-04-29 14:53:55 [INFO] riker.phases.phase5_replication: Gene SLC16A4: survived — Same-tissue replication: 2/2 concordant. Cross-tissue: 0/0 concordant.
2026-04-29 14:53:55 [INFO] riker.phases.phase5_replication: Gene SMAD1: survived — Same-tissue replication: 2/2 concordant. Cross-tissue: 0/0 concordant.
2026-04-29 14:53:55 [INFO] riker.phases.phase5_replication: Gene SNED1: eliminated — Significant opposite direction in same-tissue dataset(s): ['GSE110147']. Discovery direction: up.
2026-04-29 14:53:55 [INFO] riker.phases.phase5_replication: Gene TSNAXIP1: survived — Same-tissue replication: 2/2 concordant. Cross-tissue: 0/0 concordant.
2026-04-29 14:53:55 [INFO] riker.phases.phase5_replication: Gene EPHB2: survived — Same-tissue replication: 2/2 concordant. Cross-tissue: 0/0 concordant.
2026-04-29 14:53:55 [INFO] riker.phases.phase5_replication: Gene MS4A1: survived — Same-tissue replication: 2/2 concordant. Cross-tissue: 0/0 concordant.
2026-04-29 14:53:55 [INFO] riker.phases.phase5_replication: Gene SACS: survived — Same-tissue replication: 2/2 concordant. Cross-tissue: 0/0 concordant.
2026-04-29 14:53:55 [INFO] riker.phases.phase5_replication: Gene SCG2: survived — Same-tissue replication: 2/2 concordant. Cross-tissue: 0/0 concordant.
2026-04-29 14:53:55 [INFO] riker.phases.phase5_replication: Gene AFMID: survived — Same-tissue replication: 1/2 concordant. Cross-tissue: 0/0 concordant.
2026-04-29 14:53:55 [INFO] riker.phases.phase5_replication: Gene CEBPB: survived — Same-tissue replication: 1/2 concordant. Cross-tissue: 0/0 concordant.
2026-04-29 14:53:55 [INFO] riker.phases.phase5_replication: Gene FANCE: survived — Same-tissue replication: 1/2 concordant. Cross-tissue: 0/0 concordant.
2026-04-29 14:53:55 [INFO] riker.phases.phase5_replication: Gene MLX: survived — Same-tissue replication: 1/2 concordant. Cross-tissue: 0/0 concordant.
2026-04-29 14:53:55 [INFO] riker.phases.phase5_replication: Gene OTUD7B: survived — Same-tissue replication: 1/2 concordant. Cross-tissue: 0/0 concordant.
2026-04-29 14:53:55 [INFO] riker.phases.phase5_replication: Gene PRKCH: survived — Same-tissue replication: 2/2 concordant. Cross-tissue: 0/0 concordant.
2026-04-29 14:53:55 [INFO] riker.phases.phase5_replication: Gene PTPN12: eliminated — Significant opposite direction in same-tissue dataset(s): ['GSE110147']. Discovery direction: down.
2026-04-29 14:53:55 [INFO] riker.phases.phase5_replication: Gene RMC1: survived — Same-tissue replication: 2/2 concordant. Cross-tissue: 0/0 concordant.
2026-04-29 14:53:55 [INFO] riker.phases.phase5_replication: Gene SLC25A16: eliminated — Significant opposite direction in same-tissue dataset(s): ['GSE110147']. Discovery direction: down.
2026-04-29 14:53:55 [INFO] riker.phases.phase5_replication: Gene SLC25A5: survived — Same-tissue replication: 1/2 concordant. Cross-tissue: 0/0 concordant.
2026-04-29 14:53:55 [INFO] riker.phases.phase5_replication: Gene SNX22: survived — Same-tissue replication: 2/2 concordant. Cross-tissue: 0/0 concordant.
2026-04-29 14:53:55 [INFO] riker.phases.phase5_replication: Gene TLCD1: survived — Same-tissue replication: 1/2 concordant. Cross-tissue: 0/0 concordant.
2026-04-29 14:53:55 [INFO] riker.phases.phase5_replication: Gene TMEM150A: survived — Same-tissue replication: 1/2 concordant. Cross-tissue: 0/0 concordant.
2026-04-29 14:53:55 [INFO] riker.phases.phase5_replication: Gene CARD6: eliminated — Significant opposite direction in same-tissue dataset(s): ['GSE110147']. Discovery direction: down.
2026-04-29 14:53:55 [INFO] riker.phases.phase5_replication: Gene CHCHD7: eliminated — Significant opposite direction in same-tissue dataset(s): ['GSE110147']. Discovery direction: down.
2026-04-29 14:53:55 [INFO] riker.phases.phase5_replication: Gene DGKD: survived — Same-tissue replication: 2/2 concordant. Cross-tissue: 0/0 concordant.
2026-04-29 14:53:55 [INFO] riker.phases.phase5_replication: Gene DOCK5: survived — Same-tissue replication: 0/2 concordant. Cross-tissue: 0/0 concordant.
2026-04-29 14:53:55 [INFO] riker.phases.phase5_replication: Gene FCHO2: eliminated — Significant opposite direction in same-tissue dataset(s): ['GSE110147']. Discovery direction: down.
2026-04-29 14:53:55 [INFO] riker.phases.phase5_replication: Gene FDFT1: survived — Same-tissue replication: 1/2 concordant. Cross-tissue: 0/0 concordant.
2026-04-29 14:53:55 [INFO] riker.phases.phase5_replication: Gene INPP1: survived — Same-tissue replication: 1/2 concordant. Cross-tissue: 0/0 concordant.
2026-04-29 14:53:55 [INFO] riker.phases.phase5_replication: Gene JDP2: survived — Same-tissue replication: 2/2 concordant. Cross-tissue: 0/0 concordant.
2026-04-29 14:53:55 [INFO] riker.phases.phase5_replication: Gene KLHL2: eliminated — Significant opposite direction in same-tissue dataset(s): ['GSE110147']. Discovery direction: down.
2026-04-29 14:53:55 [INFO] riker.phases.phase5_replication: Gene LMTK2: survived — Same-tissue replication: 2/2 concordant. Cross-tissue: 0/0 concordant.
2026-04-29 14:53:55 [INFO] riker.phases.phase5_replication: Gene MTSS1: survived — Same-tissue replication: 1/2 concordant. Cross-tissue: 0/0 concordant.
2026-04-29 14:53:55 [INFO] riker.phases.phase5_replication: Gene PGS1: survived — Same-tissue replication: 1/2 concordant. Cross-tissue: 0/0 concordant.
2026-04-29 14:53:55 [INFO] riker.phases.phase5_replication: Gene RALGAPA2: eliminated — Significant opposite direction in same-tissue dataset(s): ['GSE110147']. Discovery direction: down.
2026-04-29 14:53:55 [INFO] riker.phases.phase5_replication: Gene SERPINF2: survived — Same-tissue replication: 1/2 concordant. Cross-tissue: 0/0 concordant.
2026-04-29 14:53:55 [INFO] riker.phases.phase5_replication: Gene SLC3A2: survived — Same-tissue replication: 1/1 concordant. Cross-tissue: 0/0 concordant.
2026-04-29 14:53:55 [INFO] riker.phases.phase5_replication: Gene STARD3NL: survived — Same-tissue replication: 2/2 concordant. Cross-tissue: 0/0 concordant.
2026-04-29 14:53:55 [INFO] riker.phases.phase5_replication: Gene TBCE: survived — Same-tissue replication: 1/2 concordant. Cross-tissue: 0/0 concordant.
2026-04-29 14:53:55 [INFO] riker.phases.phase5_replication: Gene TJP2: eliminated — Significant opposite direction in same-tissue dataset(s): ['GSE110147']. Discovery direction: down.
2026-04-29 14:53:55 [INFO] riker.phases.phase5_replication: Gene APOBEC3G: eliminated — Significant opposite direction in same-tissue dataset(s): ['GSE110147']. Discovery direction: up.
2026-04-29 14:53:55 [INFO] riker.phases.phase5_replication: Gene ARL1: survived — Same-tissue replication: 1/2 concordant. Cross-tissue: 0/0 concordant.
2026-04-29 14:53:55 [INFO] riker.phases.phase5_replication: Gene CFB: survived — Same-tissue replication: 2/2 concordant. Cross-tissue: 0/0 concordant.
2026-04-29 14:53:55 [INFO] riker.phases.phase5_replication: Gene CNIH3: survived — Same-tissue replication: 2/2 concordant. Cross-tissue: 0/0 concordant.
2026-04-29 14:53:55 [INFO] riker.phases.phase5_replication: Gene CST1: survived — Same-tissue replication: 2/2 concordant. Cross-tissue: 0/0 concordant.
2026-04-29 14:53:55 [INFO] riker.phases.phase5_replication: Gene DBP: eliminated — Significant opposite direction in same-tissue dataset(s): ['GSE110147']. Discovery direction: up.
2026-04-29 14:53:55 [INFO] riker.phases.phase5_replication: Gene EFNB3: survived — Same-tissue replication: 2/2 concordant. Cross-tissue: 0/0 concordant.
2026-04-29 14:53:55 [INFO] riker.phases.phase5_replication: Gene ETV6: eliminated — Significant opposite direction in same-tissue dataset(s): ['GSE110147']. Discovery direction: up.
2026-04-29 14:53:55 [INFO] riker.phases.phase5_replication: Gene FSCN1: eliminated — Significant opposite direction in same-tissue dataset(s): ['GSE110147']. Discovery direction: up.
2026-04-29 14:53:55 [INFO] riker.phases.phase5_replication: Gene LAT: eliminated — Significant opposite direction in same-tissue dataset(s): ['GSE110147']. Discovery direction: up.
2026-04-29 14:53:55 [INFO] riker.phases.phase5_replication: Gene MOSPD1: survived — Same-tissue replication: 2/2 concordant. Cross-tissue: 0/0 concordant.
2026-04-29 14:53:55 [INFO] riker.phases.phase5_replication: Gene OAF: eliminated — Significant opposite direction in same-tissue dataset(s): ['GSE110147']. Discovery direction: up.
2026-04-29 14:53:55 [INFO] riker.phases.phase5_replication: Gene PHLDA3: eliminated — Significant opposite direction in same-tissue dataset(s): ['GSE110147']. Discovery direction: up.
2026-04-29 14:53:55 [INFO] riker.phases.phase5_replication: Gene PLXNB1: eliminated — Significant opposite direction in same-tissue dataset(s): ['GSE110147']. Discovery direction: up.
2026-04-29 14:53:55 [INFO] riker.phases.phase5_replication: Gene RCBTB2: survived — Same-tissue replication: 2/2 concordant. Cross-tissue: 0/0 concordant.
2026-04-29 14:53:55 [INFO] riker.phases.phase5_replication: Gene RGS4: survived — Same-tissue replication: 2/2 concordant. Cross-tissue: 0/0 concordant.
2026-04-29 14:53:55 [INFO] riker.phases.phase5_replication: Gene RIPK4: survived — Same-tissue replication: 2/2 concordant. Cross-tissue: 0/0 concordant.
2026-04-29 14:53:55 [INFO] riker.phases.phase5_replication: Gene TGFBI: survived — Same-tissue replication: 1/2 concordant. Cross-tissue: 0/0 concordant.
2026-04-29 14:53:55 [INFO] riker.phases.phase5_replication: Gene TMF1: survived — Same-tissue replication: 2/2 concordant. Cross-tissue: 0/0 concordant.
2026-04-29 14:53:55 [INFO] riker.phases.phase5_replication: Gene EVL: eliminated — Significant opposite direction in same-tissue dataset(s): ['GSE110147']. Discovery direction: up.
2026-04-29 14:53:55 [INFO] riker.phases.phase5_replication: Gene HS3ST1: survived — Same-tissue replication: 2/2 concordant. Cross-tissue: 0/0 concordant.
2026-04-29 14:53:55 [INFO] riker.phases.phase5_replication: Gene PLA2G4A: survived — Same-tissue replication: 2/2 concordant. Cross-tissue: 0/0 concordant.
2026-04-29 14:53:55 [INFO] riker.phases.phase5_replication: Gene SERPINE2: survived — Same-tissue replication: 2/2 concordant. Cross-tissue: 0/0 concordant.
2026-04-29 14:53:55 [INFO] riker.phases.phase5_replication: Gene TLR7: eliminated — Significant opposite direction in same-tissue dataset(s): ['GSE110147']. Discovery direction: up.
2026-04-29 14:53:55 [INFO] riker.phases.phase5_replication: Gene AGRN: eliminated — Significant opposite direction in same-tissue dataset(s): ['GSE110147']. Discovery direction: up.
2026-04-29 14:53:55 [INFO] riker.phases.phase5_replication: Gene BCAS1: survived — Same-tissue replication: 2/2 concordant. Cross-tissue: 0/0 concordant.
2026-04-29 14:53:55 [INFO] riker.phases.phase5_replication: Gene LRRC49: survived — Same-tissue replication: 2/2 concordant. Cross-tissue: 0/0 concordant.
2026-04-29 14:53:55 [INFO] riker.phases.phase5_replication: Gene NFASC: eliminated — Significant opposite direction in same-tissue dataset(s): ['GSE110147']. Discovery direction: up.
2026-04-29 14:53:55 [INFO] riker.phases.phase5_replication: Gene TFAP2A: survived — Same-tissue replication: 1/2 concordant. Cross-tissue: 0/0 concordant.
2026-04-29 14:53:55 [INFO] riker.phases.phase5_replication: Gene TMEM98: survived — Same-tissue replication: 1/2 concordant. Cross-tissue: 0/0 concordant.
2026-04-29 14:53:55 [INFO] riker.phases.phase5_replication: Gene COL24A1: survived — Same-tissue replication: 2/2 concordant. Cross-tissue: 0/0 concordant.
2026-04-29 14:53:55 [INFO] riker.phases.phase5_replication: Gene CROT: survived — Same-tissue replication: 2/2 concordant. Cross-tissue: 0/0 concordant.
2026-04-29 14:53:55 [INFO] riker.phases.phase5_replication: Gene FAT2: survived — Same-tissue replication: 2/2 concordant. Cross-tissue: 0/0 concordant.
2026-04-29 14:53:55 [INFO] riker.phases.phase5_replication: Gene SIDT1: survived — Same-tissue replication: 2/2 concordant. Cross-tissue: 0/0 concordant.
2026-04-29 14:53:55 [INFO] riker.phases.phase5_replication: Gene SNCAIP: survived — Same-tissue replication: 2/2 concordant. Cross-tissue: 0/0 concordant.
2026-04-29 14:53:55 [INFO] riker.phases.phase5_replication: Gene COL5A1: survived — Same-tissue replication: 2/2 concordant. Cross-tissue: 0/0 concordant.
2026-04-29 14:53:55 [INFO] riker.phases.phase5_replication: Gene DNAAF10: survived — Same-tissue replication: 2/2 concordant. Cross-tissue: 0/0 concordant.
2026-04-29 14:53:55 [INFO] riker.phases.phase5_replication: Gene ZNF260: survived — Same-tissue replication: 1/1 concordant. Cross-tissue: 0/0 concordant.
2026-04-29 14:53:55 [INFO] riker.phases.phase5_replication: Gene ENTPD3: survived — Same-tissue replication: 1/2 concordant. Cross-tissue: 0/0 concordant.
2026-04-29 14:53:55 [INFO] riker.phases.phase5_replication: Gene FAM229B: eliminated — Significant opposite direction in same-tissue dataset(s): ['GSE110147']. Discovery direction: up.
2026-04-29 14:53:55 [INFO] riker.phases.phase5_replication: Gene HMGN3: survived — Same-tissue replication: 2/2 concordant. Cross-tissue: 0/0 concordant.
2026-04-29 14:53:55 [INFO] riker.phases.phase5_replication: Gene LRRC4C: survived — Same-tissue replication: 2/2 concordant. Cross-tissue: 0/0 concordant.
2026-04-29 14:53:55 [INFO] riker.phases.phase5_replication: Gene NT5E: survived — Same-tissue replication: 2/2 concordant. Cross-tissue: 0/0 concordant.
2026-04-29 14:53:55 [INFO] riker.phases.phase5_replication: Gene ODF2L: survived — Same-tissue replication: 2/2 concordant. Cross-tissue: 0/0 concordant.
2026-04-29 14:53:55 [INFO] riker.phases.phase5_replication: Gene TP53BP1: survived — Same-tissue replication: 2/2 concordant. Cross-tissue: 0/0 concordant.
2026-04-29 14:53:55 [INFO] riker.phases.phase5_replication: Gene ANKMY2: survived — Same-tissue replication: 2/2 concordant. Cross-tissue: 0/0 concordant.
2026-04-29 14:53:55 [INFO] riker.phases.phase5_replication: Gene FBXL13: survived — Same-tissue replication: 2/2 concordant. Cross-tissue: 0/0 concordant.
2026-04-29 14:53:55 [INFO] riker.phases.phase5_replication: Gene FBXL2: survived — Same-tissue replication: 2/2 concordant. Cross-tissue: 0/0 concordant.
2026-04-29 14:53:55 [INFO] riker.phases.phase5_replication: Gene MYOM1: survived — Same-tissue replication: 2/2 concordant. Cross-tissue: 0/0 concordant.
2026-04-29 14:53:55 [INFO] riker.phases.phase5_replication: Gene IFT25: survived — Same-tissue replication: 2/2 concordant. Cross-tissue: 0/0 concordant.
2026-04-29 14:53:55 [INFO] riker.phases.phase5_replication: Gene IFT43: eliminated — Significant opposite direction in same-tissue dataset(s): ['GSE110147']. Discovery direction: up.
2026-04-29 14:53:55 [INFO] riker.phases.phase5_replication: Gene JPT2: survived — Same-tissue replication: 1/2 concordant. Cross-tissue: 0/0 concordant.
2026-04-29 14:53:55 [INFO] riker.phases.phase5_replication: Gene MACROH2A2: survived — Same-tissue replication: 2/2 concordant. Cross-tissue: 0/0 concordant.
2026-04-29 14:53:55 [INFO] riker.phases.phase5_replication: Gene TRANK1: survived — Same-tissue replication: 2/2 concordant. Cross-tissue: 0/0 concordant.
2026-04-29 14:53:55 [INFO] riker.phases.phase5_replication: Gene VANGL1: survived — Same-tissue replication: 2/2 concordant. Cross-tissue: 0/0 concordant.
2026-04-29 14:53:55 [INFO] riker.phases.phase5_replication: Gene CENPF: survived — Same-tissue replication: 2/2 concordant. Cross-tissue: 0/0 concordant.
2026-04-29 14:53:55 [INFO] riker.phases.phase5_replication: Gene CEP83: survived — Same-tissue replication: 2/2 concordant. Cross-tissue: 0/0 concordant.
2026-04-29 14:53:55 [INFO] riker.phases.phase5_replication: Gene DIPK1A: survived — Same-tissue replication: 2/2 concordant. Cross-tissue: 0/0 concordant.
2026-04-29 14:53:55 [INFO] riker.phases.phase5_replication: Gene MSI2: survived — Same-tissue replication: 2/2 concordant. Cross-tissue: 0/0 concordant.
2026-04-29 14:53:55 [INFO] riker.phases.phase5_replication: Gene NET1: survived — Same-tissue replication: 2/2 concordant. Cross-tissue: 0/0 concordant.
2026-04-29 14:53:55 [INFO] riker.phases.phase5_replication: Gene CPT1C: eliminated — Significant opposite direction in same-tissue dataset(s): ['GSE110147']. Discovery direction: up.
2026-04-29 14:53:55 [INFO] riker.phases.phase5_replication: Gene MAST2: eliminated — Significant opposite direction in same-tissue dataset(s): ['GSE110147']. Discovery direction: up.
2026-04-29 14:53:55 [INFO] riker.phases.phase5_replication: Gene ZNF428: survived — Same-tissue replication: 1/2 concordant. Cross-tissue: 0/0 concordant.
2026-04-29 14:53:55 [INFO] riker.phases.phase5_replication: Gene ATXN1: eliminated — Significant opposite direction in same-tissue dataset(s): ['GSE110147']. Discovery direction: up.
2026-04-29 14:53:55 [INFO] riker.phases.phase5_replication: Gene LURAP1: survived — Same-tissue replication: 2/2 concordant. Cross-tissue: 0/0 concordant.
2026-04-29 14:53:55 [INFO] riker.phases.phase5_replication: Gene NRXN3: eliminated — Significant opposite direction in same-tissue dataset(s): ['GSE110147']. Discovery direction: up.
2026-04-29 14:53:55 [INFO] riker.phases.phase5_replication: Gene PPP2R3B: eliminated — Significant opposite direction in same-tissue dataset(s): ['GSE110147']. Discovery direction: up.
2026-04-29 14:53:55 [INFO] riker.phases.phase5_replication: Gene SSR4: survived — Same-tissue replication: 1/2 concordant. Cross-tissue: 0/0 concordant.
2026-04-29 14:53:55 [INFO] riker.phases.phase5_replication: Gene APOBEC3H: survived — Same-tissue replication: 2/2 concordant. Cross-tissue: 0/0 concordant.
2026-04-29 14:53:55 [INFO] riker.phases.phase5_replication: Gene CPA6: survived — Same-tissue replication: 2/2 concordant. Cross-tissue: 0/0 concordant.
2026-04-29 14:53:56 [INFO] riker.phases.phase5_replication: Gene GCC2: survived — Same-tissue replication: 2/2 concordant. Cross-tissue: 0/0 concordant.
2026-04-29 14:53:56 [INFO] riker.phases.phase5_replication: Gene HSPA12A: survived — Same-tissue replication: 2/2 concordant. Cross-tissue: 0/0 concordant.
2026-04-29 14:53:56 [INFO] riker.phases.phase5_replication: Gene NFIA: eliminated — Significant opposite direction in same-tissue dataset(s): ['GSE110147']. Discovery direction: up.
2026-04-29 14:53:56 [INFO] riker.phases.phase5_replication: Gene SLC5A5: survived — Same-tissue replication: 2/2 concordant. Cross-tissue: 0/0 concordant.
2026-04-29 14:53:56 [INFO] riker.phases.phase5_replication: Gene ELMOD1: survived — Same-tissue replication: 2/2 concordant. Cross-tissue: 0/0 concordant.
2026-04-29 14:53:56 [INFO] riker.phases.phase5_replication: Gene HSP90AA1: survived — Same-tissue replication: 2/2 concordant. Cross-tissue: 0/0 concordant.
2026-04-29 14:53:56 [INFO] riker.phases.phase5_replication: Gene NECTIN4: survived — Same-tissue replication: 2/2 concordant. Cross-tissue: 0/0 concordant.
2026-04-29 14:53:56 [INFO] riker.phases.phase5_replication: Gene ST8SIA4: survived — Same-tissue replication: 2/2 concordant. Cross-tissue: 0/0 concordant.
2026-04-29 14:53:56 [INFO] riker.phases.phase5_replication: Gene TRIM68: survived — Same-tissue replication: 1/2 concordant. Cross-tissue: 0/0 concordant.
2026-04-29 14:53:56 [INFO] riker.phases.phase5_replication: Gene CPLANE1: survived — Same-tissue replication: 2/2 concordant. Cross-tissue: 0/0 concordant.
2026-04-29 14:53:56 [INFO] riker.phases.phase5_replication: Gene PCDH18: survived — Same-tissue replication: 2/2 concordant. Cross-tissue: 0/0 concordant.
2026-04-29 14:53:56 [INFO] riker.phases.phase5_replication: Gene TRIM59: survived — Same-tissue replication: 2/2 concordant. Cross-tissue: 0/0 concordant.
2026-04-29 14:53:56 [INFO] riker.phases.phase5_replication: Gene ANKRD45: survived — Same-tissue replication: 2/2 concordant. Cross-tissue: 0/0 concordant.
2026-04-29 14:53:56 [INFO] riker.phases.phase5_replication: Gene CAPN5: eliminated — Significant opposite direction in same-tissue dataset(s): ['GSE110147']. Discovery direction: up.
2026-04-29 14:53:56 [INFO] riker.phases.phase5_replication: Gene DOK5: survived — Same-tissue replication: 2/2 concordant. Cross-tissue: 0/0 concordant.
2026-04-29 14:53:56 [INFO] riker.phases.phase5_replication: Gene KIF20A: survived — Same-tissue replication: 2/2 concordant. Cross-tissue: 0/0 concordant.
2026-04-29 14:53:56 [INFO] riker.phases.phase5_replication: Gene RBP5: survived — Same-tissue replication: 1/2 concordant. Cross-tissue: 0/0 concordant.
2026-04-29 14:53:56 [INFO] riker.phases.phase5_replication: Gene FAAH2: survived — Same-tissue replication: 2/2 concordant. Cross-tissue: 0/0 concordant.
2026-04-29 14:53:56 [INFO] riker.phases.phase5_replication: Gene ST6GAL1: survived — Same-tissue replication: 2/2 concordant. Cross-tissue: 0/0 concordant.
2026-04-29 14:53:56 [INFO] riker.phases.phase5_replication: Gene THSD4: survived — Same-tissue replication: 2/2 concordant. Cross-tissue: 0/0 concordant.
2026-04-29 14:53:56 [INFO] riker.phases.phase5_replication: Gene WEE1: survived — Same-tissue replication: 2/2 concordant. Cross-tissue: 0/0 concordant.
2026-04-29 14:53:56 [INFO] riker.phases.phase5_replication: Gene APOBEC3F: eliminated — Significant opposite direction in same-tissue dataset(s): ['GSE110147']. Discovery direction: up.
2026-04-29 14:53:56 [INFO] riker.phases.phase5_replication: Gene ARMH1: eliminated — Significant opposite direction in same-tissue dataset(s): ['GSE110147']. Discovery direction: up.
2026-04-29 14:53:56 [INFO] riker.phases.phase5_replication: Gene CDC14B: survived — Same-tissue replication: 2/2 concordant. Cross-tissue: 0/0 concordant.
2026-04-29 14:53:56 [INFO] riker.phases.phase5_replication: Gene CLDN2: survived — Same-tissue replication: 2/2 concordant. Cross-tissue: 0/0 concordant.
2026-04-29 14:53:56 [INFO] riker.phases.phase5_replication: Gene DBN1: survived — Same-tissue replication: 2/2 concordant. Cross-tissue: 0/0 concordant.
2026-04-29 14:53:56 [INFO] riker.phases.phase5_replication: Gene IL17RD: survived — Same-tissue replication: 2/2 concordant. Cross-tissue: 0/0 concordant.
2026-04-29 14:53:56 [INFO] riker.phases.phase5_replication: Gene SLC22A23: eliminated — Significant opposite direction in same-tissue dataset(s): ['GSE110147']. Discovery direction: up.
2026-04-29 14:53:56 [INFO] riker.phases.phase5_replication: Gene CLCN6: survived — Same-tissue replication: 1/2 concordant. Cross-tissue: 0/0 concordant.
2026-04-29 14:53:56 [INFO] riker.phases.phase5_replication: Gene LLGL2: survived — Same-tissue replication: 2/2 concordant. Cross-tissue: 0/0 concordant.
2026-04-29 14:53:56 [INFO] riker.phases.phase5_replication: Gene MTMR14: eliminated — Significant opposite direction in same-tissue dataset(s): ['GSE110147']. Discovery direction: down.
2026-04-29 14:53:56 [INFO] riker.phases.phase5_replication: Gene RRP9: survived — Same-tissue replication: 1/2 concordant. Cross-tissue: 0/0 concordant.
2026-04-29 14:53:56 [INFO] riker.phases.phase5_replication: Gene CLCN4: survived — Same-tissue replication: 1/2 concordant. Cross-tissue: 0/0 concordant.
2026-04-29 14:53:56 [INFO] riker.phases.phase5_replication: Gene DDT: survived — Same-tissue replication: 1/2 concordant. Cross-tissue: 0/0 concordant.
2026-04-29 14:53:56 [INFO] riker.phases.phase5_replication: Gene STAB1: eliminated — Significant opposite direction in same-tissue dataset(s): ['GSE10667']. Discovery direction: down.
2026-04-29 14:53:56 [INFO] riker.phases.phase5_replication: Gene TAF1C: survived — Same-tissue replication: 2/2 concordant. Cross-tissue: 0/0 concordant.
2026-04-29 14:53:56 [INFO] riker.phases.phase5_replication: Gene BTLA: survived — Same-tissue replication: 2/2 concordant. Cross-tissue: 0/0 concordant.
2026-04-29 14:53:56 [INFO] riker.phases.phase5_replication: Gene HIVEP2: survived — Same-tissue replication: 2/2 concordant. Cross-tissue: 0/0 concordant.
2026-04-29 14:53:56 [INFO] riker.phases.phase5_replication: Gene RRAD: survived — Same-tissue replication: 1/2 concordant. Cross-tissue: 0/0 concordant.
2026-04-29 14:53:56 [INFO] riker.phases.phase5_replication: Gene ZNF564: survived — Same-tissue replication: 2/2 concordant. Cross-tissue: 0/0 concordant.
2026-04-29 14:53:56 [INFO] riker.phases.phase5_replication: Gene AURKA: survived — Same-tissue replication: 2/2 concordant. Cross-tissue: 0/0 concordant.
2026-04-29 14:53:56 [INFO] riker.phases.phase5_replication: Gene MNAT1: survived — Same-tissue replication: 2/2 concordant. Cross-tissue: 0/0 concordant.
2026-04-29 14:53:56 [INFO] riker.phases.phase5_replication: Gene TNFAIP8L1: eliminated — Significant opposite direction in same-tissue dataset(s): ['GSE110147']. Discovery direction: up.
2026-04-29 14:53:56 [INFO] riker.phases.phase5_replication: Gene CCNB1: survived — Same-tissue replication: 2/2 concordant. Cross-tissue: 0/0 concordant.
2026-04-29 14:53:56 [INFO] riker.phases.phase5_replication: Gene PZP: survived — Same-tissue replication: 2/2 concordant. Cross-tissue: 0/0 concordant.
2026-04-29 14:53:56 [INFO] riker.phases.phase5_replication: Gene SLC18A2: survived — Same-tissue replication: 2/2 concordant. Cross-tissue: 0/0 concordant.
2026-04-29 14:53:56 [INFO] riker.phases.phase5_replication: Gene BEND5: survived — Same-tissue replication: 2/2 concordant. Cross-tissue: 0/0 concordant.
2026-04-29 14:53:56 [INFO] riker.phases.phase5_replication: Gene DZIP1L: survived — Same-tissue replication: 2/2 concordant. Cross-tissue: 0/0 concordant.
2026-04-29 14:53:56 [INFO] riker.phases.phase5_replication: Gene NSG1: survived — Same-tissue replication: 2/2 concordant. Cross-tissue: 0/0 concordant.
2026-04-29 14:53:56 [INFO] riker.phases.phase5_replication: Gene SORCS2: eliminated — Significant opposite direction in same-tissue dataset(s): ['GSE110147']. Discovery direction: up.
2026-04-29 14:53:56 [INFO] riker.phases.phase5_replication: Gene TRPV4: survived — Same-tissue replication: 2/2 concordant. Cross-tissue: 0/0 concordant.
2026-04-29 14:53:56 [INFO] riker.phases.phase5_replication: Gene CAMSAP3: survived — Same-tissue replication: 1/2 concordant. Cross-tissue: 0/0 concordant.
2026-04-29 14:53:56 [INFO] riker.phases.phase5_replication: Gene LTAP1: survived — Same-tissue replication: 1/2 concordant. Cross-tissue: 0/0 concordant.
2026-04-29 14:53:56 [INFO] riker.phases.phase5_replication: Gene RASGRP4: survived — Same-tissue replication: 1/2 concordant. Cross-tissue: 0/0 concordant.
2026-04-29 14:53:56 [INFO] riker.phases.phase5_replication: Gene ELOA: eliminated — Significant opposite direction in same-tissue dataset(s): ['GSE110147']. Discovery direction: down.
2026-04-29 14:53:56 [INFO] riker.phases.phase5_replication: Gene MSRB1: eliminated — Significant opposite direction in same-tissue dataset(s): ['GSE10667']. Discovery direction: down.
2026-04-29 14:53:56 [INFO] riker.phases.phase5_replication: Gene NHEJ1: eliminated — Significant opposite direction in same-tissue dataset(s): ['GSE110147']. Discovery direction: down.
2026-04-29 14:53:56 [INFO] riker.phases.phase5_replication: Gene RBMS2: survived — Same-tissue replication: 1/2 concordant. Cross-tissue: 0/0 concordant.
2026-04-29 14:53:56 [INFO] riker.phases.phase5_replication: Gene SLC43A1: eliminated — Significant opposite direction in same-tissue dataset(s): ['GSE10667']. Discovery direction: down.
2026-04-29 14:53:56 [INFO] riker.phases.phase5_replication: Gene EXTL2: survived — Same-tissue replication: 2/2 concordant. Cross-tissue: 0/0 concordant.
2026-04-29 14:53:56 [INFO] riker.phases.phase5_replication: Gene KLHL3: survived — Same-tissue replication: 2/2 concordant. Cross-tissue: 0/0 concordant.
2026-04-29 14:53:56 [INFO] riker.phases.phase5_replication: Gene KRT13: survived — Same-tissue replication: 2/2 concordant. Cross-tissue: 0/0 concordant.
2026-04-29 14:53:56 [INFO] riker.phases.phase5_replication: Gene SYNGR1: eliminated — Significant opposite direction in same-tissue dataset(s): ['GSE110147']. Discovery direction: up.
2026-04-29 14:53:56 [INFO] riker.phases.phase5_replication: Gene C6orf132: eliminated — Significant opposite direction in same-tissue dataset(s): ['GSE110147']. Discovery direction: up.
2026-04-29 14:53:56 [INFO] riker.phases.phase5_replication: Gene CYFIP2: survived — Same-tissue replication: 0/1 concordant. Cross-tissue: 0/0 concordant.
2026-04-29 14:53:56 [INFO] riker.phases.phase5_replication: Gene THADA: survived — Same-tissue replication: 2/2 concordant. Cross-tissue: 0/0 concordant.
2026-04-29 14:53:56 [INFO] riker.phases.phase5_replication: Gene GALNT12: eliminated — Significant opposite direction in same-tissue dataset(s): ['GSE110147']. Discovery direction: up.
2026-04-29 14:53:56 [INFO] riker.phases.phase5_replication: Gene PAPPA: survived — Same-tissue replication: 2/2 concordant. Cross-tissue: 0/0 concordant.
2026-04-29 14:53:56 [INFO] riker.phases.phase5_replication: Gene PIGU: eliminated — Significant opposite direction in same-tissue dataset(s): ['GSE110147']. Discovery direction: up.
2026-04-29 14:53:56 [INFO] riker.phases.phase5_replication: Gene POGLUT2: survived — Same-tissue replication: 2/2 concordant. Cross-tissue: 0/0 concordant.
2026-04-29 14:53:56 [INFO] riker.phases.phase5_replication: Gene PRAG1: eliminated — Significant opposite direction in same-tissue dataset(s): ['GSE110147']. Discovery direction: up.
2026-04-29 14:53:56 [INFO] riker.phases.phase5_replication: Gene ASPM: survived — Same-tissue replication: 2/2 concordant. Cross-tissue: 0/0 concordant.
2026-04-29 14:53:56 [INFO] riker.phases.phase5_replication: Gene CFHR3: survived — Same-tissue replication: 2/2 concordant. Cross-tissue: 0/0 concordant.
2026-04-29 14:53:56 [INFO] riker.phases.phase5_replication: Gene CYSLTR1: survived — Same-tissue replication: 2/2 concordant. Cross-tissue: 0/0 concordant.
2026-04-29 14:53:56 [INFO] riker.phases.phase5_replication: Gene DNER: survived — Same-tissue replication: 2/2 concordant. Cross-tissue: 0/0 concordant.
2026-04-29 14:53:56 [INFO] riker.phases.phase5_replication: Gene HLTF: survived — Same-tissue replication: 2/2 concordant. Cross-tissue: 0/0 concordant.
2026-04-29 14:53:56 [INFO] riker.phases.phase5_replication: Gene LRRC55: survived — Same-tissue replication: 2/2 concordant. Cross-tissue: 0/0 concordant.
2026-04-29 14:53:56 [INFO] riker.phases.phase5_replication: Gene CEP41: survived — Same-tissue replication: 2/2 concordant. Cross-tissue: 0/0 concordant.
2026-04-29 14:53:56 [INFO] riker.phases.phase5_replication: Gene CHN1: survived — Same-tissue replication: 2/2 concordant. Cross-tissue: 0/0 concordant.
2026-04-29 14:53:56 [INFO] riker.phases.phase5_replication: Gene CYP2S1: eliminated — Significant opposite direction in same-tissue dataset(s): ['GSE110147']. Discovery direction: up.
2026-04-29 14:53:56 [INFO] riker.phases.phase5_replication: Gene FUT2: survived — Same-tissue replication: 2/2 concordant. Cross-tissue: 0/0 concordant.
2026-04-29 14:53:56 [INFO] riker.phases.phase5_replication: Gene HEPH: survived — Same-tissue replication: 2/2 concordant. Cross-tissue: 0/0 concordant.
2026-04-29 14:53:56 [INFO] riker.phases.phase5_replication: Gene IFT27: survived — Same-tissue replication: 2/2 concordant. Cross-tissue: 0/0 concordant.
2026-04-29 14:53:56 [INFO] riker.phases.phase5_replication: Gene KLHL4: survived — Same-tissue replication: 2/2 concordant. Cross-tissue: 0/0 concordant.
2026-04-29 14:53:56 [INFO] riker.phases.phase5_replication: Gene MAN1C1: eliminated — Significant opposite direction in same-tissue dataset(s): ['GSE110147']. Discovery direction: up.
2026-04-29 14:53:56 [INFO] riker.phases.phase5_replication: Gene PERP: survived — Same-tissue replication: 1/2 concordant. Cross-tissue: 0/0 concordant.
2026-04-29 14:53:56 [INFO] riker.phases.phase5_replication: Gene PPIC: survived — Same-tissue replication: 2/2 concordant. Cross-tissue: 0/0 concordant.
2026-04-29 14:53:56 [INFO] riker.phases.phase5_replication: Gene SEPTIN6: eliminated — Significant opposite direction in same-tissue dataset(s): ['GSE110147']. Discovery direction: up.
2026-04-29 14:53:56 [INFO] riker.phases.phase5_replication: Gene TRPS1: survived — Same-tissue replication: 2/2 concordant. Cross-tissue: 0/0 concordant.
2026-04-29 14:53:56 [INFO] riker.phases.phase5_replication: Gene ASCC3: survived — Same-tissue replication: 2/2 concordant. Cross-tissue: 0/0 concordant.
2026-04-29 14:53:56 [INFO] riker.phases.phase5_replication: Gene CCL24: survived — Same-tissue replication: 1/2 concordant. Cross-tissue: 0/0 concordant.
2026-04-29 14:53:56 [INFO] riker.phases.phase5_replication: Gene NLGN4Y: survived — Same-tissue replication: 2/2 concordant. Cross-tissue: 0/0 concordant.
2026-04-29 14:53:56 [INFO] riker.phases.phase5_replication: Gene PLXNB2: eliminated — Significant opposite direction in same-tissue dataset(s): ['GSE110147']. Discovery direction: up.
2026-04-29 14:53:56 [INFO] riker.phases.phase5_replication: Gene PPIP5K1: survived — Same-tissue replication: 1/1 concordant. Cross-tissue: 0/0 concordant.
2026-04-29 14:53:56 [INFO] riker.phases.phase5_replication: Gene RRM2B: survived — Same-tissue replication: 2/2 concordant. Cross-tissue: 0/0 concordant.
2026-04-29 14:53:56 [INFO] riker.phases.phase5_replication: Gene SLC28A3: survived — Same-tissue replication: 2/2 concordant. Cross-tissue: 0/0 concordant.
2026-04-29 14:53:56 [INFO] riker.phases.phase5_replication: Gene STAMBPL1: survived — Same-tissue replication: 2/2 concordant. Cross-tissue: 0/0 concordant.
2026-04-29 14:53:56 [INFO] riker.phases.phase5_replication: Gene STK39: survived — Same-tissue replication: 2/2 concordant. Cross-tissue: 0/0 concordant.
2026-04-29 14:53:56 [INFO] riker.phases.phase5_replication: Gene FAM3C: survived — Same-tissue replication: 2/2 concordant. Cross-tissue: 0/0 concordant.
2026-04-29 14:53:56 [INFO] riker.phases.phase5_replication: Gene GNG8: eliminated — Significant opposite direction in same-tissue dataset(s): ['GSE110147']. Discovery direction: up.
2026-04-29 14:53:56 [INFO] riker.phases.phase5_replication: Gene TP53I13: eliminated — Significant opposite direction in same-tissue dataset(s): ['GSE110147']. Discovery direction: up.
2026-04-29 14:53:56 [INFO] riker.phases.phase5_replication: Gene ANK2: survived — Same-tissue replication: 2/2 concordant. Cross-tissue: 0/0 concordant.
2026-04-29 14:53:56 [INFO] riker.phases.phase5_replication: Gene CD1A: survived — Same-tissue replication: 2/2 concordant. Cross-tissue: 0/0 concordant.
2026-04-29 14:53:56 [INFO] riker.phases.phase5_replication: Gene CD74: eliminated — Significant opposite direction in same-tissue dataset(s): ['GSE110147']. Discovery direction: up.
2026-04-29 14:53:56 [INFO] riker.phases.phase5_replication: Gene CDON: survived — Same-tissue replication: 2/2 concordant. Cross-tissue: 0/0 concordant.
2026-04-29 14:53:56 [INFO] riker.phases.phase5_replication: Gene EPHX2: survived — Same-tissue replication: 2/2 concordant. Cross-tissue: 0/0 concordant.
2026-04-29 14:53:56 [INFO] riker.phases.phase5_replication: Gene HLA-DOB: survived — Same-tissue replication: 2/2 concordant. Cross-tissue: 0/0 concordant.
2026-04-29 14:53:56 [INFO] riker.phases.phase5_replication: Gene HTR2A: survived — Same-tissue replication: 2/2 concordant. Cross-tissue: 0/0 concordant.
2026-04-29 14:53:56 [INFO] riker.phases.phase5_replication: Gene KIF11: survived — Same-tissue replication: 2/2 concordant. Cross-tissue: 0/0 concordant.
2026-04-29 14:53:56 [INFO] riker.phases.phase5_replication: Gene KIF3A: survived — Same-tissue replication: 2/2 concordant. Cross-tissue: 0/0 concordant.
2026-04-29 14:53:56 [INFO] riker.phases.phase5_replication: Gene LDOC1: eliminated — Significant opposite direction in same-tissue dataset(s): ['GSE110147']. Discovery direction: up.
2026-04-29 14:53:56 [INFO] riker.phases.phase5_replication: Gene CENPW: survived — Same-tissue replication: 2/2 concordant. Cross-tissue: 0/0 concordant.
2026-04-29 14:53:56 [INFO] riker.phases.phase5_replication: Gene CLMP: survived — Same-tissue replication: 2/2 concordant. Cross-tissue: 0/0 concordant.
2026-04-29 14:53:56 [INFO] riker.phases.phase5_replication: Gene JMY: survived — Same-tissue replication: 2/2 concordant. Cross-tissue: 0/0 concordant.
2026-04-29 14:53:56 [INFO] riker.phases.phase5_replication: Gene MAP4K1: eliminated — Significant opposite direction in same-tissue dataset(s): ['GSE110147']. Discovery direction: up.
2026-04-29 14:53:56 [INFO] riker.phases.phase5_replication: Gene PTPA: survived — Same-tissue replication: 2/2 concordant. Cross-tissue: 0/0 concordant.
2026-04-29 14:53:56 [INFO] riker.phases.phase5_replication: Gene PXDNL: eliminated — Significant opposite direction in same-tissue dataset(s): ['GSE110147']. Discovery direction: up.
2026-04-29 14:53:56 [INFO] riker.phases.phase5_replication: Gene RBP1: survived — Same-tissue replication: 1/2 concordant. Cross-tissue: 0/0 concordant.
2026-04-29 14:53:56 [INFO] riker.phases.phase5_replication: Gene RPAP3: survived — Same-tissue replication: 2/2 concordant. Cross-tissue: 0/0 concordant.
2026-04-29 14:53:56 [INFO] riker.phases.phase5_replication: Gene TFAP2C: survived — Same-tissue replication: 2/2 concordant. Cross-tissue: 0/0 concordant.
2026-04-29 14:53:56 [INFO] riker.phases.phase5_replication: Gene ZNF875: survived — Same-tissue replication: 2/2 concordant. Cross-tissue: 0/0 concordant.
2026-04-29 14:53:56 [INFO] riker.phases.phase5_replication: Gene CCL19: survived — Same-tissue replication: 1/2 concordant. Cross-tissue: 0/0 concordant.
2026-04-29 14:53:56 [INFO] riker.phases.phase5_replication: Gene CYGB: eliminated — Significant opposite direction in same-tissue dataset(s): ['GSE110147']. Discovery direction: up.
2026-04-29 14:53:56 [INFO] riker.phases.phase5_replication: Gene IGDCC4: survived — Same-tissue replication: 1/2 concordant. Cross-tissue: 0/0 concordant.
2026-04-29 14:53:56 [INFO] riker.phases.phase5_replication: Gene IL4I1: eliminated — Significant opposite direction in same-tissue dataset(s): ['GSE110147']. Discovery direction: up.
2026-04-29 14:53:56 [INFO] riker.phases.phase5_replication: Gene KCNE4: survived — Same-tissue replication: 2/2 concordant. Cross-tissue: 0/0 concordant.
2026-04-29 14:53:56 [INFO] riker.phases.phase5_replication: Gene PLA2G7: survived — Same-tissue replication: 2/2 concordant. Cross-tissue: 0/0 concordant.
2026-04-29 14:53:56 [INFO] riker.phases.phase5_replication: Gene RAB7B: survived — Same-tissue replication: 2/2 concordant. Cross-tissue: 0/0 concordant.
2026-04-29 14:53:56 [INFO] riker.phases.phase5_replication: Gene RTP4: survived — Same-tissue replication: 2/2 concordant. Cross-tissue: 0/0 concordant.
2026-04-29 14:53:56 [INFO] riker.phases.phase5_replication: Gene SSBP4: eliminated — Significant opposite direction in same-tissue dataset(s): ['GSE110147']. Discovery direction: up.
2026-04-29 14:53:56 [INFO] riker.phases.phase5_replication: Gene C1QTNF6: eliminated — Significant opposite direction in same-tissue dataset(s): ['GSE110147']. Discovery direction: up.
2026-04-29 14:53:56 [INFO] riker.phases.phase5_replication: Gene CCL8: survived — Same-tissue replication: 1/2 concordant. Cross-tissue: 0/0 concordant.
2026-04-29 14:53:56 [INFO] riker.phases.phase5_replication: Gene MYO18A: survived — Same-tissue replication: 2/2 concordant. Cross-tissue: 0/0 concordant.
2026-04-29 14:53:56 [INFO] riker.phases.phase5_replication: Gene STMN3: eliminated — Significant opposite direction in same-tissue dataset(s): ['GSE110147']. Discovery direction: up.
2026-04-29 14:53:56 [INFO] riker.phases.phase5_replication: Gene TSPAN8: survived — Same-tissue replication: 2/2 concordant. Cross-tissue: 0/0 concordant.
2026-04-29 14:53:56 [INFO] riker.phases.phase5_replication: Gene TTC14: survived — Same-tissue replication: 2/2 concordant. Cross-tissue: 0/0 concordant.
2026-04-29 14:53:56 [INFO] riker.phases.phase5_replication: Gene AEBP1: eliminated — Significant opposite direction in same-tissue dataset(s): ['GSE110147']. Discovery direction: up.
2026-04-29 14:53:56 [INFO] riker.phases.phase5_replication: Gene ANKRD65: survived — Same-tissue replication: 1/1 concordant. Cross-tissue: 0/0 concordant.
2026-04-29 14:53:56 [INFO] riker.phases.phase5_replication: Gene AR: survived — Same-tissue replication: 1/2 concordant. Cross-tissue: 0/0 concordant.
2026-04-29 14:53:56 [INFO] riker.phases.phase5_replication: Gene ATR: survived — Same-tissue replication: 2/2 concordant. Cross-tissue: 0/0 concordant.
2026-04-29 14:53:56 [INFO] riker.phases.phase5_replication: Gene C4B_2: survived — Same-tissue replication: 1/1 concordant. Cross-tissue: 0/0 concordant.
2026-04-29 14:53:56 [INFO] riker.phases.phase5_replication: Gene EIF5A2: survived — Same-tissue replication: 2/2 concordant. Cross-tissue: 0/0 concordant.
2026-04-29 14:53:56 [INFO] riker.phases.phase5_replication: Gene FASLG: eliminated — Significant opposite direction in same-tissue dataset(s): ['GSE110147']. Discovery direction: up.
2026-04-29 14:53:56 [INFO] riker.phases.phase5_replication: Gene FNDC4: eliminated — Significant opposite direction in same-tissue dataset(s): ['GSE110147']. Discovery direction: up.
2026-04-29 14:53:56 [INFO] riker.phases.phase5_replication: Gene GPC5: survived — Same-tissue replication: 2/2 concordant. Cross-tissue: 0/0 concordant.
2026-04-29 14:53:56 [INFO] riker.phases.phase5_replication: Gene LGALS3BP: eliminated — Significant opposite direction in same-tissue dataset(s): ['GSE110147']. Discovery direction: up.
2026-04-29 14:53:56 [INFO] riker.phases.phase5_replication: Gene OGT: survived — Same-tissue replication: 2/2 concordant. Cross-tissue: 0/0 concordant.
2026-04-29 14:53:56 [INFO] riker.phases.phase5_replication: Gene PIK3R2: eliminated — Significant opposite direction in same-tissue dataset(s): ['GSE110147']. Discovery direction: up.
2026-04-29 14:53:56 [INFO] riker.phases.phase5_replication: Gene PKM: survived — Same-tissue replication: 2/2 concordant. Cross-tissue: 0/0 concordant.
2026-04-29 14:53:56 [INFO] riker.phases.phase5_replication: Gene RAB34: eliminated — Significant opposite direction in same-tissue dataset(s): ['GSE110147']. Discovery direction: up.
2026-04-29 14:53:56 [INFO] riker.phases.phase5_replication: Gene RASD2: survived — Same-tissue replication: 1/2 concordant. Cross-tissue: 0/0 concordant.
2026-04-29 14:53:56 [INFO] riker.phases.phase5_replication: Gene RBM38: eliminated — Significant opposite direction in same-tissue dataset(s): ['GSE110147']. Discovery direction: up.
2026-04-29 14:53:56 [INFO] riker.phases.phase5_replication: Gene SCPEP1: survived — Same-tissue replication: 2/2 concordant. Cross-tissue: 0/0 concordant.
2026-04-29 14:53:56 [INFO] riker.phases.phase5_replication: Gene SFRP1: survived — Same-tissue replication: 2/2 concordant. Cross-tissue: 0/0 concordant.
2026-04-29 14:53:56 [INFO] riker.phases.phase5_replication: Gene SPATA20: eliminated — Significant opposite direction in same-tissue dataset(s): ['GSE110147']. Discovery direction: up.
2026-04-29 14:53:56 [INFO] riker.phases.phase5_replication: Gene TFF3: eliminated — Significant opposite direction in same-tissue dataset(s): ['GSE110147']. Discovery direction: up.
2026-04-29 14:53:56 [INFO] riker.phases.phase5_replication: Gene TUSC3: survived — Same-tissue replication: 2/2 concordant. Cross-tissue: 0/0 concordant.
2026-04-29 14:53:56 [INFO] riker.phases.phase5_replication: Gene SEC11C: survived — Same-tissue replication: 2/2 concordant. Cross-tissue: 0/0 concordant.
2026-04-29 14:53:56 [INFO] riker.phases.phase5_replication: Gene SH2D1A: survived — Same-tissue replication: 2/2 concordant. Cross-tissue: 0/0 concordant.
2026-04-29 14:53:56 [INFO] riker.phases.phase5_replication: Gene SMARCC1: survived — Same-tissue replication: 2/2 concordant. Cross-tissue: 0/0 concordant.
2026-04-29 14:53:56 [INFO] riker.phases.phase5_replication: Cluster 0: partially_replicated (13/16 survived, 3 eliminated)
2026-04-29 14:53:56 [INFO] riker.phases.phase5_replication: Cluster 1: replicated (7/7 survived, 0 eliminated)
2026-04-29 14:53:56 [INFO] riker.phases.phase5_replication: Cluster 2: failed (5/13 survived, 8 eliminated)
2026-04-29 14:53:56 [INFO] riker.phases.phase5_replication: Cluster 3: partially_replicated (12/13 survived, 1 eliminated)
2026-04-29 14:53:56 [INFO] riker.phases.phase5_replication: Cluster 4: partially_replicated (7/9 survived, 2 eliminated)
2026-04-29 14:53:56 [INFO] riker.phases.phase5_replication: Cluster 5: failed (2/5 survived, 3 eliminated)
2026-04-29 14:53:56 [INFO] riker.phases.phase5_replication: Cluster 6: partially_replicated (6/7 survived, 1 eliminated)
2026-04-29 14:53:56 [INFO] riker.phases.phase5_replication: Cluster 7: replicated (6/6 survived, 0 eliminated)
2026-04-29 14:53:56 [INFO] riker.phases.phase5_replication: Cluster 8: partially_replicated (3/5 survived, 2 eliminated)
2026-04-29 14:53:56 [INFO] riker.phases.phase5_replication: Cluster 9: replicated (5/5 survived, 0 eliminated)
2026-04-29 14:53:56 [INFO] riker.phases.phase5_replication: Cluster 10: failed (0/3 survived, 3 eliminated)
2026-04-29 14:53:56 [INFO] riker.phases.phase5_replication: Cluster 11: partially_replicated (8/12 survived, 4 eliminated)
2026-04-29 14:53:56 [INFO] riker.phases.phase5_replication: Cluster 12: failed (2/5 survived, 3 eliminated)
2026-04-29 14:53:56 [INFO] riker.phases.phase5_replication: Cluster 13: partially_replicated (6/11 survived, 5 eliminated)
2026-04-29 14:53:56 [INFO] riker.phases.phase5_replication: Cluster 15: partially_replicated (3/5 survived, 2 eliminated)
2026-04-29 14:53:56 [INFO] riker.phases.phase5_replication: Cluster 17: partially_replicated (4/5 survived, 1 eliminated)
2026-04-29 14:53:56 [INFO] riker.phases.phase5_replication: Cluster 18: partially_replicated (6/7 survived, 1 eliminated)
2026-04-29 14:53:56 [INFO] riker.phases.phase5_replication: Cluster 19: partially_replicated (5/6 survived, 1 eliminated)
2026-04-29 14:53:56 [INFO] riker.phases.phase5_replication: Cluster 20: partially_replicated (4/5 survived, 1 eliminated)
2026-04-29 14:53:56 [INFO] riker.phases.phase5_replication: Cluster 21: partially_replicated (4/5 survived, 1 eliminated)
2026-04-29 14:53:56 [INFO] riker.phases.phase5_replication: Cluster 22: failed (2/6 survived, 4 eliminated)
2026-04-29 14:53:56 [INFO] riker.phases.phase5_replication: Cluster 24: failed (0/4 survived, 4 eliminated)
2026-04-29 14:53:56 [INFO] riker.phases.phase5_replication: Cluster 25: partially_replicated (2/4 survived, 2 eliminated)
2026-04-29 14:53:56 [INFO] riker.phases.phase5_replication: Cluster 26: replicated (7/7 survived, 0 eliminated)
2026-04-29 14:53:56 [INFO] riker.phases.phase5_replication: Cluster 27: partially_replicated (5/6 survived, 1 eliminated)
2026-04-29 14:53:56 [INFO] riker.phases.phase5_replication: Cluster 30: partially_replicated (3/4 survived, 1 eliminated)
2026-04-29 14:53:56 [INFO] riker.phases.phase5_replication: Cluster 31: failed (1/7 survived, 6 eliminated)
2026-04-29 14:53:56 [INFO] riker.phases.phase5_replication: Cluster 32: partially_replicated (10/11 survived, 1 eliminated)
2026-04-29 14:53:56 [INFO] riker.phases.phase5_replication: Cluster 33: partially_replicated (3/4 survived, 1 eliminated)
2026-04-29 14:53:56 [INFO] riker.phases.phase5_replication: Cluster 36: partially_replicated (11/15 survived, 4 eliminated)
2026-04-29 14:53:56 [INFO] riker.phases.phase5_replication: Cluster 37: partially_replicated (5/7 survived, 2 eliminated)
2026-04-29 14:53:56 [INFO] riker.phases.phase5_replication: Cluster 38: partially_replicated (6/9 survived, 3 eliminated)
2026-04-29 14:53:56 [INFO] riker.phases.phase5_replication: Cluster 39: partially_replicated (17/18 survived, 1 eliminated)
2026-04-29 14:53:56 [INFO] riker.phases.phase5_replication: Cluster 40: replicated (4/4 survived, 0 eliminated)
2026-04-29 14:53:56 [INFO] riker.phases.phase5_replication: Cluster 41: replicated (5/5 survived, 0 eliminated)
2026-04-29 14:53:56 [INFO] riker.phases.phase5_replication: Cluster 42: replicated (8/8 survived, 0 eliminated)
2026-04-29 14:53:56 [INFO] riker.phases.phase5_replication: Cluster 43: replicated (8/8 survived, 0 eliminated)
2026-04-29 14:53:56 [INFO] riker.phases.phase5_replication: Cluster 45: partially_replicated (2/3 survived, 1 eliminated)
2026-04-29 14:53:56 [INFO] riker.phases.phase5_replication: Cluster 47: partially_replicated (9/11 survived, 2 eliminated)
2026-04-29 14:53:56 [INFO] riker.phases.phase5_replication: Cluster 48: partially_replicated (13/14 survived, 1 eliminated)
2026-04-29 14:53:56 [INFO] riker.phases.phase5_replication: Cluster 49: partially_replicated (2/4 survived, 2 eliminated)
2026-04-29 14:53:56 [INFO] riker.phases.phase5_replication: Cluster 50: replicated (5/5 survived, 0 eliminated)
2026-04-29 14:53:56 [INFO] riker.phases.phase5_replication: Cluster 52: failed (0/3 survived, 3 eliminated)
2026-04-29 14:53:56 [INFO] riker.phases.phase5_replication: Cluster 53: replicated (9/9 survived, 0 eliminated)
2026-04-29 14:53:56 [INFO] riker.phases.phase5_replication: Cluster 54: replicated (3/3 survived, 0 eliminated)
2026-04-29 14:53:56 [INFO] riker.phases.phase5_replication: Cluster 55: replicated (7/7 survived, 0 eliminated)
2026-04-29 14:53:56 [INFO] riker.phases.phase5_replication: Cluster 57: partially_replicated (4/6 survived, 2 eliminated)
2026-04-29 14:53:56 [INFO] riker.phases.phase5_replication: Cluster 58: replicated (4/4 survived, 0 eliminated)
2026-04-29 14:53:56 [INFO] riker.phases.phase5_replication: Cluster 60: partially_replicated (2/3 survived, 1 eliminated)
2026-04-29 14:53:56 [INFO] riker.phases.phase5_replication: Cluster 61: partially_replicated (3/4 survived, 1 eliminated)
2026-04-29 14:53:56 [INFO] riker.phases.phase5_replication: Cluster 62: replicated (5/5 survived, 0 eliminated)
2026-04-29 14:53:56 [INFO] riker.phases.phase5_replication: Cluster 65: failed (2/6 survived, 4 eliminated)
2026-04-29 14:53:56 [INFO] riker.phases.phase5_replication: Cluster 66: partially_replicated (3/5 survived, 2 eliminated)
2026-04-29 14:53:56 [INFO] riker.phases.phase5_replication: Cluster 68: partially_replicated (5/6 survived, 1 eliminated)
2026-04-29 14:53:56 [INFO] riker.phases.phase5_replication: Cluster 69: failed (1/3 survived, 2 eliminated)
2026-04-29 14:53:56 [INFO] riker.phases.phase5_replication: Cluster 70: partially_replicated (2/3 survived, 1 eliminated)
2026-04-29 14:53:56 [INFO] riker.phases.phase5_replication: Cluster 71: partially_replicated (2/4 survived, 2 eliminated)
2026-04-29 14:53:56 [INFO] riker.phases.phase5_replication: Cluster 75: replicated (11/11 survived, 0 eliminated)
2026-04-29 14:53:56 [INFO] riker.phases.phase5_replication: Cluster 76: replicated (5/5 survived, 0 eliminated)
2026-04-29 14:53:56 [INFO] riker.phases.phase5_replication: Cluster 77: partially_replicated (7/8 survived, 1 eliminated)
2026-04-29 14:53:56 [INFO] riker.phases.phase5_replication: Cluster 78: partially_replicated (7/9 survived, 2 eliminated)
2026-04-29 14:53:56 [INFO] riker.phases.phase5_replication: Cluster 79: partially_replicated (3/5 survived, 2 eliminated)
2026-04-29 14:53:56 [INFO] riker.phases.phase5_replication: Cluster 80: partially_replicated (2/4 survived, 2 eliminated)
2026-04-29 14:53:56 [INFO] riker.phases.phase5_replication: Cluster 81: partially_replicated (8/9 survived, 1 eliminated)
2026-04-29 14:53:56 [INFO] riker.phases.phase5_replication: Cluster 83: replicated (3/3 survived, 0 eliminated)
2026-04-29 14:53:56 [INFO] riker.phases.phase5_replication: Cluster 84: replicated (10/10 survived, 0 eliminated)
2026-04-29 14:53:56 [INFO] riker.phases.phase5_replication: Cluster 85: replicated (9/9 survived, 0 eliminated)
2026-04-29 14:53:56 [INFO] riker.phases.phase5_replication: Cluster 86: partially_replicated (6/7 survived, 1 eliminated)
2026-04-29 14:53:56 [INFO] riker.phases.phase5_replication: Cluster 90: failed (0/3 survived, 3 eliminated)
2026-04-29 14:53:56 [INFO] riker.phases.phase5_replication: Cluster 92: replicated (8/8 survived, 0 eliminated)
2026-04-29 14:53:56 [INFO] riker.phases.phase5_replication: Cluster 93: replicated (5/5 survived, 0 eliminated)
2026-04-29 14:53:56 [INFO] riker.phases.phase5_replication: Cluster 94: partially_replicated (5/6 survived, 1 eliminated)
2026-04-29 14:53:56 [INFO] riker.phases.phase5_replication: Cluster 95: partially_replicated (5/6 survived, 1 eliminated)
2026-04-29 14:53:56 [INFO] riker.phases.phase5_replication: Cluster 96: partially_replicated (7/11 survived, 4 eliminated)
2026-04-29 14:53:56 [INFO] riker.phases.phase5_replication: Cluster 97: replicated (7/7 survived, 0 eliminated)
2026-04-29 14:53:56 [INFO] riker.phases.phase5_replication: Cluster 98: partially_replicated (2/3 survived, 1 eliminated)
2026-04-29 14:53:56 [INFO] riker.phases.phase5_replication: Cluster 99: replicated (9/9 survived, 0 eliminated)
2026-04-29 14:53:56 [INFO] riker.phases.phase5_replication: Cluster 100: partially_replicated (5/7 survived, 2 eliminated)
2026-04-29 14:53:56 [INFO] riker.phases.phase5_replication: Cluster 101: partially_replicated (2/4 survived, 2 eliminated)
2026-04-29 14:53:56 [INFO] riker.phases.phase5_replication: Cluster 102: failed (0/4 survived, 4 eliminated)
2026-04-29 14:53:56 [INFO] riker.phases.phase5_replication: Cluster 103: partially_replicated (5/6 survived, 1 eliminated)
2026-04-29 14:53:56 [INFO] riker.phases.phase5_replication: Cluster 104: failed (1/4 survived, 3 eliminated)
2026-04-29 14:53:56 [INFO] riker.phases.phase5_replication: Cluster 105: partially_replicated (7/10 survived, 3 eliminated)
2026-04-29 14:53:56 [INFO] riker.phases.phase5_replication: Cluster 106: partially_replicated (13/14 survived, 1 eliminated)
2026-04-29 14:53:56 [INFO] riker.phases.phase5_replication: Cluster 111: partially_replicated (2/4 survived, 2 eliminated)
2026-04-29 14:53:56 [INFO] riker.phases.phase5_replication: Cluster 112: partially_replicated (4/8 survived, 4 eliminated)
2026-04-29 14:53:56 [INFO] riker.phases.phase5_replication: Cluster 113: partially_replicated (10/14 survived, 4 eliminated)
2026-04-29 14:53:56 [INFO] riker.phases.phase5_replication: Cluster 114: partially_replicated (8/10 survived, 2 eliminated)
2026-04-29 14:53:56 [INFO] riker.phases.phase5_replication: Cluster 115: replicated (8/8 survived, 0 eliminated)
2026-04-29 14:53:56 [INFO] riker.phases.phase5_replication: Cluster 116: replicated (7/7 survived, 0 eliminated)
2026-04-29 14:53:56 [INFO] riker.phases.phase5_replication: Cluster 117: partially_replicated (4/5 survived, 1 eliminated)
2026-04-29 14:53:56 [INFO] riker.phases.phase5_replication: Cluster 118: partially_replicated (4/5 survived, 1 eliminated)
2026-04-29 14:53:56 [INFO] riker.phases.phase5_replication: Cluster 119: replicated (10/10 survived, 0 eliminated)
2026-04-29 14:53:56 [INFO] riker.phases.phase5_replication: Cluster 120: partially_replicated (2/3 survived, 1 eliminated)
2026-04-29 14:53:56 [INFO] riker.phases.phase5_replication: Cluster 123: partially_replicated (2/3 survived, 1 eliminated)
2026-04-29 14:53:56 [INFO] riker.phases.phase5_replication: Cluster 124: replicated (4/4 survived, 0 eliminated)
2026-04-29 14:53:56 [INFO] riker.phases.phase5_replication: Cluster 125: partially_replicated (5/6 survived, 1 eliminated)
2026-04-29 14:53:56 [INFO] riker.phases.phase5_replication: Cluster 126: partially_replicated (2/3 survived, 1 eliminated)
2026-04-29 14:53:56 [INFO] riker.phases.phase5_replication: Cluster 127: failed (3/7 survived, 4 eliminated)
2026-04-29 14:53:56 [INFO] riker.phases.phase5_replication: Cluster 128: replicated (6/6 survived, 0 eliminated)
2026-04-29 14:53:56 [INFO] riker.phases.phase5_replication: Cluster 130: partially_replicated (7/8 survived, 1 eliminated)
2026-04-29 14:53:56 [INFO] riker.phases.phase5_replication: Cluster 132: replicated (5/5 survived, 0 eliminated)
2026-04-29 14:53:56 [INFO] riker.phases.phase5_replication: Cluster 133: partially_replicated (8/10 survived, 2 eliminated)
2026-04-29 14:53:56 [INFO] riker.phases.phase5_replication: Cluster 134: partially_replicated (5/6 survived, 1 eliminated)
2026-04-29 14:53:56 [INFO] riker.phases.phase5_replication: Cluster 135: replicated (7/7 survived, 0 eliminated)
2026-04-29 14:53:56 [INFO] riker.phases.phase5_replication: Cluster 136: partially_replicated (11/12 survived, 1 eliminated)
2026-04-29 14:53:56 [INFO] riker.phases.phase5_replication: Cluster 137: replicated (3/3 survived, 0 eliminated)
2026-04-29 14:53:56 [INFO] riker.phases.phase5_replication: Cluster 138: partially_replicated (11/12 survived, 1 eliminated)
2026-04-29 14:53:56 [INFO] riker.phases.phase5_replication: Cluster 143: partially_replicated (4/5 survived, 1 eliminated)
2026-04-29 14:53:56 [INFO] riker.phases.phase5_replication: Cluster 144: replicated (3/3 survived, 0 eliminated)
2026-04-29 14:53:56 [INFO] riker.phases.phase5_replication: Cluster 145: failed (2/6 survived, 4 eliminated)
2026-04-29 14:53:56 [INFO] riker.phases.phase5_replication: Cluster 146: partially_replicated (11/12 survived, 1 eliminated)
2026-04-29 14:53:56 [INFO] riker.phases.phase5_replication: Cluster 147: partially_replicated (8/11 survived, 3 eliminated)
2026-04-29 14:53:56 [INFO] riker.phases.phase5_replication: Cluster 148: partially_replicated (5/6 survived, 1 eliminated)
2026-04-29 14:53:56 [INFO] riker.phases.phase5_replication: Cluster 149: partially_replicated (6/7 survived, 1 eliminated)
2026-04-29 14:53:56 [INFO] riker.phases.phase5_replication: Cluster 150: replicated (5/5 survived, 0 eliminated)
2026-04-29 14:53:56 [INFO] riker.phases.phase5_replication: Cluster 151: partially_replicated (3/4 survived, 1 eliminated)
2026-04-29 14:53:56 [INFO] riker.phases.phase5_replication: Cluster 152: replicated (4/4 survived, 0 eliminated)
2026-04-29 14:53:56 [INFO] riker.phases.phase5_replication: Cluster 153: partially_replicated (5/7 survived, 2 eliminated)
2026-04-29 14:53:56 [INFO] riker.phases.phase5_replication: Cluster 154: replicated (10/10 survived, 0 eliminated)
2026-04-29 14:53:56 [INFO] riker.phases.phase5_replication: Cluster 156: partially_replicated (4/6 survived, 2 eliminated)
2026-04-29 14:53:56 [INFO] riker.phases.phase5_replication: Cluster 157: failed (1/5 survived, 4 eliminated)
2026-04-29 14:53:56 [INFO] riker.phases.phase5_replication: Cluster 158: replicated (6/6 survived, 0 eliminated)
2026-04-29 14:53:56 [INFO] riker.phases.phase5_replication: Cluster 159: partially_replicated (3/4 survived, 1 eliminated)
2026-04-29 14:53:56 [INFO] riker.phases.phase5_replication: Cluster 160: replicated (5/5 survived, 0 eliminated)
2026-04-29 14:53:56 [INFO] riker.phases.phase5_replication: Cluster 161: replicated (6/6 survived, 0 eliminated)
2026-04-29 14:53:56 [INFO] riker.phases.phase5_replication: Cluster 162: replicated (3/3 survived, 0 eliminated)
2026-04-29 14:53:56 [INFO] riker.phases.phase5_replication: Cluster 163: partially_replicated (8/9 survived, 1 eliminated)
2026-04-29 14:53:56 [INFO] riker.phases.phase5_replication: Cluster 164: partially_replicated (2/4 survived, 2 eliminated)
2026-04-29 14:53:56 [INFO] riker.phases.phase5_replication: Cluster 165: partially_replicated (11/13 survived, 2 eliminated)
2026-04-29 14:53:56 [INFO] riker.phases.phase5_replication: Cluster 166: failed (0/3 survived, 3 eliminated)
2026-04-29 14:53:56 [INFO] riker.phases.phase5_replication: Cluster 167: partially_replicated (3/6 survived, 3 eliminated)
2026-04-29 14:53:56 [INFO] riker.phases.phase5_replication: Cluster 168: partially_replicated (3/6 survived, 3 eliminated)
2026-04-29 14:53:56 [INFO] riker.phases.phase5_replication: Cluster 169: partially_replicated (4/6 survived, 2 eliminated)
2026-04-29 14:53:56 [INFO] riker.phases.phase5_replication: Cluster 170: partially_replicated (4/6 survived, 2 eliminated)
2026-04-29 14:53:56 [INFO] riker.phases.phase5_replication: Cluster 171: partially_replicated (2/4 survived, 2 eliminated)
2026-04-29 14:53:56 [INFO] riker.phases.phase5_replication: Cluster 172: failed (2/5 survived, 3 eliminated)
2026-04-29 14:53:56 [INFO] riker.phases.phase5_replication: Cluster 173: replicated (3/3 survived, 0 eliminated)
2026-04-29 14:53:56 [INFO] riker.phases.phase5_replication: Cluster 174: partially_replicated (2/3 survived, 1 eliminated)
2026-04-29 14:53:56 [INFO] riker.phases.phase5_replication: Cluster 175: partially_replicated (7/12 survived, 5 eliminated)
2026-04-29 14:53:56 [INFO] riker.phases.phase5_replication: Cluster 176: replicated (3/3 survived, 0 eliminated)
2026-04-29 14:53:56 [INFO] riker.phases.phase5_replication: Cluster 177: partially_replicated (8/9 survived, 1 eliminated)
2026-04-29 14:53:56 [INFO] riker.phases.phase5_replication: Cluster 178: replicated (6/6 survived, 0 eliminated)
2026-04-29 14:53:56 [INFO] riker.phases.phase5_replication: Cluster 180: partially_replicated (4/5 survived, 1 eliminated)
2026-04-29 14:53:56 [INFO] riker.phases.phase5_replication: Cluster 181: partially_replicated (8/9 survived, 1 eliminated)
2026-04-29 14:53:56 [INFO] riker.phases.phase5_replication: Cluster 182: partially_replicated (23/26 survived, 3 eliminated)
2026-04-29 14:53:56 [INFO] riker.phases.phase5_replication: Cluster 183: partially_replicated (3/4 survived, 1 eliminated)
2026-04-29 14:53:56 [INFO] riker.phases.phase5_replication: Cluster 184: failed (2/5 survived, 3 eliminated)
2026-04-29 14:53:56 [INFO] riker.phases.phase5_replication: Cluster 185: partially_replicated (5/8 survived, 3 eliminated)
2026-04-29 14:53:56 [INFO] riker.phases.phase5_replication: Cluster 186: partially_replicated (3/4 survived, 1 eliminated)
2026-04-29 14:53:56 [INFO] riker.phases.phase5_replication: Cluster 187: replicated (9/9 survived, 0 eliminated)
2026-04-29 14:53:56 [INFO] riker.phases.phase5_replication: Cluster 188: partially_replicated (4/5 survived, 1 eliminated)
2026-04-29 14:53:56 [INFO] riker.phases.phase5_replication: Cluster 189: replicated (6/6 survived, 0 eliminated)
2026-04-29 14:53:56 [INFO] riker.phases.phase5_replication: Cluster 190: replicated (8/8 survived, 0 eliminated)
2026-04-29 14:53:56 [INFO] riker.phases.phase5_replication: Cluster 191: replicated (3/3 survived, 0 eliminated)
2026-04-29 14:53:56 [INFO] riker.phases.phase5_replication: Cluster 192: replicated (5/5 survived, 0 eliminated)
2026-04-29 14:53:56 [INFO] riker.phases.phase5_replication: Cluster 193: partially_replicated (8/10 survived, 2 eliminated)
2026-04-29 14:53:56 [INFO] riker.phases.phase5_replication: Cluster 194: replicated (5/5 survived, 0 eliminated)
2026-04-29 14:53:56 [INFO] riker.phases.phase5_replication: Cluster 195: replicated (7/7 survived, 0 eliminated)
2026-04-29 14:53:56 [INFO] riker.phases.phase5_replication: Cluster 196: partially_replicated (3/4 survived, 1 eliminated)
2026-04-29 14:53:56 [INFO] riker.phases.phase5_replication: Cluster 197: replicated (5/5 survived, 0 eliminated)
2026-04-29 14:53:56 [INFO] riker.phases.phase5_replication: Cluster 198: partially_replicated (4/5 survived, 1 eliminated)
2026-04-29 14:53:56 [INFO] riker.phases.phase5_replication: Cluster 200: replicated (8/8 survived, 0 eliminated)
2026-04-29 14:53:56 [INFO] riker.phases.phase5_replication: Cluster 201: partially_replicated (5/6 survived, 1 eliminated)
2026-04-29 14:53:56 [INFO] riker.phases.phase5_replication: Cluster 202: partially_replicated (7/12 survived, 5 eliminated)
2026-04-29 14:53:56 [INFO] riker.phases.phase5_replication: Cluster 205: partially_replicated (5/8 survived, 3 eliminated)
2026-04-29 14:53:56 [INFO] riker.phases.phase5_replication: Cluster 206: partially_replicated (6/7 survived, 1 eliminated)
2026-04-29 14:53:56 [INFO] riker.phases.phase5_replication: Cluster 207: partially_replicated (5/7 survived, 2 eliminated)
2026-04-29 14:53:56 [INFO] riker.phases.phase5_replication: Cluster 209: partially_replicated (8/15 survived, 7 eliminated)
2026-04-29 14:53:56 [INFO] riker.phases.phase5_replication: Cluster 210: partially_replicated (4/7 survived, 3 eliminated)
2026-04-29 14:53:56 [INFO] riker.phases.phase5_replication: Cluster 212: partially_replicated (7/8 survived, 1 eliminated)
2026-04-29 14:53:56 [INFO] riker.phases.phase5_replication: Cluster 213: replicated (3/3 survived, 0 eliminated)
2026-04-29 14:53:56 [INFO] riker.phases.phase5_replication: Cluster 215: replicated (3/3 survived, 0 eliminated)
2026-04-29 14:53:56 [INFO] riker.phases.phase5_replication: Cluster 216: partially_replicated (3/4 survived, 1 eliminated)
2026-04-29 14:53:56 [INFO] riker.phases.phase5_replication: Cluster 217: partially_replicated (3/5 survived, 2 eliminated)
2026-04-29 14:53:56 [INFO] riker.phases.phase5_replication: Cluster 218: failed (1/5 survived, 4 eliminated)
2026-04-29 14:53:56 [INFO] riker.phases.phase5_replication: Cluster 219: partially_replicated (8/12 survived, 4 eliminated)
2026-04-29 14:53:56 [INFO] riker.phases.phase5_replication: Cluster 220: partially_replicated (5/7 survived, 2 eliminated)
2026-04-29 14:53:56 [INFO] riker.phases.phase5_replication: Cluster 221: replicated (3/3 survived, 0 eliminated)
2026-04-29 14:53:56 [INFO] riker.phases.phase5_replication: Cluster 222: partially_replicated (5/9 survived, 4 eliminated)
2026-04-29 14:53:56 [INFO] riker.phases.phase5_replication: Cluster 224: partially_replicated (4/5 survived, 1 eliminated)
2026-04-29 14:53:56 [INFO] riker.phases.phase5_replication: Cluster 225: partially_replicated (2/3 survived, 1 eliminated)
2026-04-29 14:53:56 [INFO] riker.phases.phase5_replication: Cluster 226: partially_replicated (4/5 survived, 1 eliminated)
2026-04-29 14:53:56 [INFO] riker.phases.phase5_replication: Cluster 227: failed (8/18 survived, 10 eliminated)
2026-04-29 14:53:56 [INFO] riker.phases.phase5_replication: Cluster 230: partially_replicated (7/12 survived, 5 eliminated)
2026-04-29 14:53:56 [INFO] riker.phases.phase5_replication: Cluster 231: replicated (3/3 survived, 0 eliminated)
2026-04-29 14:53:56 [INFO] riker.phases.phase5_replication: Cluster 232: replicated (6/6 survived, 0 eliminated)
2026-04-29 14:53:56 [INFO] riker.phases.phase5_replication: Cluster 233: replicated (7/7 survived, 0 eliminated)
2026-04-29 14:53:56 [INFO] riker.phases.phase5_replication: Cluster 234: partially_replicated (3/4 survived, 1 eliminated)
2026-04-29 14:53:56 [INFO] riker.phases.phase5_replication: Cluster 235: partially_replicated (4/7 survived, 3 eliminated)
2026-04-29 14:53:56 [INFO] riker.phases.phase5_replication: Cluster 236: replicated (3/3 survived, 0 eliminated)
2026-04-29 14:53:56 [INFO] riker.phases.phase5_replication: Cluster 237: partially_replicated (2/4 survived, 2 eliminated)
2026-04-29 14:53:56 [INFO] riker.phases.phase5_replication: Cluster 238: partially_replicated (3/6 survived, 3 eliminated)
2026-04-29 14:53:56 [INFO] riker.phases.phase5_replication: Cluster 240: partially_replicated (19/29 survived, 10 eliminated)
2026-04-29 14:53:56 [INFO] riker.phases.phase5_replication: Cluster 241: partially_replicated (16/21 survived, 5 eliminated)
2026-04-29 14:53:56 [INFO] riker.phases.phase5_replication: Cluster 242: partially_replicated (6/7 survived, 1 eliminated)
2026-04-29 14:53:56 [INFO] riker.phases.phase5_replication: Cluster 243: replicated (4/4 survived, 0 eliminated)
2026-04-29 14:53:56 [INFO] riker.phases.phase5_replication: Cluster 245: partially_replicated (3/4 survived, 1 eliminated)
2026-04-29 14:53:56 [INFO] riker.phases.phase5_replication: Cluster 247: partially_replicated (6/9 survived, 3 eliminated)
2026-04-29 14:53:56 [INFO] riker.phases.phase5_replication: Cluster 248: partially_replicated (8/13 survived, 5 eliminated)
2026-04-29 14:53:56 [INFO] riker.phases.phase5_replication: Cluster 251: failed (2/6 survived, 4 eliminated)
2026-04-29 14:53:56 [INFO] riker.phases.phase5_replication: Cluster 252: replicated (6/6 survived, 0 eliminated)
2026-04-29 14:53:56 [INFO] riker.phases.phase5_replication: Cluster 253: failed (0/5 survived, 5 eliminated)
2026-04-29 14:53:56 [INFO] riker.phases.phase5_replication: Cluster 255: partially_replicated (4/6 survived, 2 eliminated)
2026-04-29 14:53:56 [INFO] riker.phases.phase5_replication: Cluster 256: partially_replicated (4/5 survived, 1 eliminated)
2026-04-29 14:53:56 [INFO] riker.phases.phase5_replication: Cluster 257: partially_replicated (5/8 survived, 3 eliminated)
2026-04-29 14:53:56 [INFO] riker.phases.phase5_replication: Cluster 258: partially_replicated (3/4 survived, 1 eliminated)
2026-04-29 14:53:56 [INFO] riker.phases.phase5_replication: Cluster 259: partially_replicated (7/8 survived, 1 eliminated)
2026-04-29 14:53:56 [INFO] riker.phases.phase5_replication: Cluster 260: partially_replicated (3/5 survived, 2 eliminated)
2026-04-29 14:53:56 [INFO] riker.phases.phase5_replication: Cluster 263: partially_replicated (4/6 survived, 2 eliminated)
2026-04-29 14:53:56 [INFO] riker.phases.phase5_replication: Cluster 264: replicated (3/3 survived, 0 eliminated)
2026-04-29 14:53:56 [INFO] riker.phases.phase5_replication: Cluster 265: partially_replicated (5/6 survived, 1 eliminated)
2026-04-29 14:53:56 [INFO] riker.phases.phase5_replication: Cluster 266: partially_replicated (4/5 survived, 1 eliminated)
2026-04-29 14:53:56 [INFO] riker.phases.phase5_replication: Cluster 267: failed (3/7 survived, 4 eliminated)
2026-04-29 14:53:56 [INFO] riker.phases.phase5_replication: Cluster 268: failed (2/5 survived, 3 eliminated)
2026-04-29 14:53:56 [INFO] riker.phases.phase5_replication: Cluster 269: partially_replicated (5/9 survived, 4 eliminated)
2026-04-29 14:53:56 [INFO] riker.phases.phase5_replication: Cluster 270: partially_replicated (7/9 survived, 2 eliminated)
2026-04-29 14:53:56 [INFO] riker.phases.phase5_replication: Cluster 271: partially_replicated (6/7 survived, 1 eliminated)
2026-04-29 14:53:56 [INFO] riker.phases.phase5_replication: Cluster 272: failed (2/5 survived, 3 eliminated)
2026-04-29 14:53:56 [INFO] riker.phases.phase5_replication: Cluster 273: partially_replicated (5/9 survived, 4 eliminated)
2026-04-29 14:53:56 [INFO] riker.phases.phase5_replication: Cluster 274: replicated (5/5 survived, 0 eliminated)
2026-04-29 14:53:56 [INFO] riker.phases.phase5_replication: Cluster 275: partially_replicated (4/6 survived, 2 eliminated)
2026-04-29 14:53:56 [INFO] riker.phases.phase5_replication: Cluster 276: partially_replicated (10/15 survived, 5 eliminated)
2026-04-29 14:53:56 [INFO] riker.phases.phase5_replication: Cluster 277: partially_replicated (8/13 survived, 5 eliminated)
2026-04-29 14:53:56 [INFO] riker.phases.phase5_replication: Cluster 278: replicated (4/4 survived, 0 eliminated)
2026-04-29 14:53:56 [INFO] riker.phases.phase5_replication: Cluster 279: partially_replicated (4/5 survived, 1 eliminated)
2026-04-29 14:53:56 [INFO] riker.phases.phase5_replication: Cluster 280: partially_replicated (2/4 survived, 2 eliminated)
2026-04-29 14:53:56 [INFO] riker.phases.phase5_replication: Cluster 281: partially_replicated (4/7 survived, 3 eliminated)
2026-04-29 14:53:56 [INFO] riker.phases.phase5_replication: Cluster 282: failed (2/5 survived, 3 eliminated)
2026-04-29 14:53:56 [INFO] riker.phases.phase5_replication: Cluster 283: replicated (4/4 survived, 0 eliminated)
2026-04-29 14:53:56 [INFO] riker.phases.phase5_replication: Cluster 284: partially_replicated (10/11 survived, 1 eliminated)
2026-04-29 14:53:56 [INFO] riker.phases.phase5_replication: Cluster 285: replicated (4/4 survived, 0 eliminated)
2026-04-29 14:53:56 [INFO] riker.phases.phase5_replication: Cluster 286: replicated (5/5 survived, 0 eliminated)
2026-04-29 14:53:56 [INFO] riker.phases.phase5_replication: Cluster 287: replicated (9/9 survived, 0 eliminated)
2026-04-29 14:53:56 [INFO] riker.phases.phase5_replication: Cluster 288: partially_replicated (4/6 survived, 2 eliminated)
2026-04-29 14:53:56 [INFO] riker.phases.phase5_replication: Cluster 289: partially_replicated (13/15 survived, 2 eliminated)
2026-04-29 14:53:56 [INFO] riker.phases.phase5_replication: Cluster 290: replicated (8/8 survived, 0 eliminated)
2026-04-29 14:53:56 [INFO] riker.phases.phase5_replication: Cluster 291: partially_replicated (10/11 survived, 1 eliminated)
2026-04-29 14:53:56 [INFO] riker.phases.phase5_replication: Cluster 293: partially_replicated (8/9 survived, 1 eliminated)
2026-04-29 14:53:56 [INFO] riker.phases.phase5_replication: Cluster 294: failed (1/6 survived, 5 eliminated)
2026-04-29 14:53:56 [INFO] riker.phases.phase5_replication: Cluster 295: partially_replicated (7/8 survived, 1 eliminated)
2026-04-29 14:53:56 [INFO] riker.phases.phase5_replication: Cluster 296: partially_replicated (8/11 survived, 3 eliminated)
2026-04-29 14:53:56 [INFO] riker.phases.phase5_replication: Cluster 297: partially_replicated (7/11 survived, 4 eliminated)
2026-04-29 14:53:56 [INFO] riker.phases.phase5_replication: Cluster 298: partially_replicated (6/7 survived, 1 eliminated)
2026-04-29 14:53:56 [INFO] riker.phases.phase5_replication: Cluster 299: partially_replicated (10/14 survived, 4 eliminated)
2026-04-29 14:53:56 [INFO] riker.phases.phase5_replication: Cluster 300: replicated (5/5 survived, 0 eliminated)
2026-04-29 14:53:56 [INFO] riker.phases.phase5_replication: Cluster 301: replicated (5/5 survived, 0 eliminated)
2026-04-29 14:53:56 [INFO] riker.phases.phase5_replication: Cluster 302: partially_replicated (3/5 survived, 2 eliminated)
2026-04-29 14:53:56 [INFO] riker.phases.phase5_replication: Cluster 303: partially_replicated (7/9 survived, 2 eliminated)
2026-04-29 14:53:56 [INFO] riker.phases.phase5_replication: Cluster 304: failed (3/7 survived, 4 eliminated)
2026-04-29 14:53:56 [INFO] riker.phases.phase5_replication: Cluster 305: partially_replicated (3/4 survived, 1 eliminated)
2026-04-29 14:53:56 [INFO] riker.phases.phase5_replication: Cluster 306: failed (0/3 survived, 3 eliminated)
2026-04-29 14:53:56 [INFO] riker.phases.phase5_replication: Cluster 307: failed (1/3 survived, 2 eliminated)
2026-04-29 14:53:56 [INFO] riker.phases.phase5_replication: Cluster 309: partially_replicated (14/18 survived, 4 eliminated)
2026-04-29 14:53:56 [INFO] riker.phases.phase5_replication: Cluster 310: partially_replicated (5/6 survived, 1 eliminated)
2026-04-29 14:53:56 [INFO] riker.phases.phase5_replication: Cluster 311: replicated (6/6 survived, 0 eliminated)
2026-04-29 14:53:56 [INFO] riker.phases.phase5_replication: Cluster 312: replicated (4/4 survived, 0 eliminated)
2026-04-29 14:53:56 [INFO] riker.phases.phase5_replication: Cluster 313: partially_replicated (3/5 survived, 2 eliminated)
2026-04-29 14:53:56 [INFO] riker.phases.phase5_replication: Cluster 314: partially_replicated (2/3 survived, 1 eliminated)
2026-04-29 14:53:56 [INFO] riker.phases.phase5_replication: Cluster 315: partially_replicated (2/3 survived, 1 eliminated)
2026-04-29 14:53:56 [INFO] riker.phases.phase5_replication: Cluster 320: partially_replicated (8/9 survived, 1 eliminated)
2026-04-29 14:53:56 [INFO] riker.phases.phase5_replication: Cluster 321: replicated (4/4 survived, 0 eliminated)
2026-04-29 14:53:56 [INFO] riker.phases.phase5_replication: Cluster 322: partially_replicated (4/5 survived, 1 eliminated)
2026-04-29 14:53:56 [INFO] riker.phases.phase5_replication: Cluster 324: failed (3/8 survived, 5 eliminated)
2026-04-29 14:53:56 [INFO] riker.phases.phase5_replication: Cluster 325: failed (3/7 survived, 4 eliminated)
2026-04-29 14:53:56 [INFO] riker.phases.phase5_replication: Cluster 326: failed (2/5 survived, 3 eliminated)
2026-04-29 14:53:56 [INFO] riker.phases.phase5_replication: Cluster 328: partially_replicated (6/9 survived, 3 eliminated)
2026-04-29 14:53:56 [INFO] riker.phases.phase5_replication: Cluster 329: replicated (5/5 survived, 0 eliminated)
2026-04-29 14:53:56 [INFO] riker.phases.phase5_replication: Cluster 330: failed (2/6 survived, 4 eliminated)
2026-04-29 14:53:56 [INFO] riker.phases.phase5_replication: Cluster 331: partially_replicated (2/3 survived, 1 eliminated)
2026-04-29 14:53:56 [INFO] riker.phases.phase5_replication: Cluster 333: failed (3/9 survived, 6 eliminated)
2026-04-29 14:53:56 [INFO] riker.phases.phase5_replication: Cluster 334: replicated (5/5 survived, 0 eliminated)
2026-04-29 14:53:56 [INFO] riker.phases.phase5_replication: Cluster 335: replicated (6/6 survived, 0 eliminated)
2026-04-29 14:53:56 [INFO] riker.phases.phase5_replication: Cluster 337: replicated (3/3 survived, 0 eliminated)
2026-04-29 14:53:56 [INFO] riker.phases.phase5_replication: Cluster 338: partially_replicated (4/6 survived, 2 eliminated)
2026-04-29 14:53:56 [INFO] riker.phases.phase5_replication: Cluster 339: failed (1/3 survived, 2 eliminated)
2026-04-29 14:53:56 [INFO] riker.phases.phase5_replication: Cluster 340: partially_replicated (2/4 survived, 2 eliminated)
2026-04-29 14:53:56 [INFO] riker.phases.phase5_replication: Cluster 341: partially_replicated (8/10 survived, 2 eliminated)
2026-04-29 14:53:56 [INFO] riker.phases.phase5_replication: Cluster 342: partially_replicated (12/13 survived, 1 eliminated)
2026-04-29 14:53:56 [INFO] riker.phases.phase5_replication: Cluster 343: failed (3/7 survived, 4 eliminated)
2026-04-29 14:53:56 [INFO] riker.phases.phase5_replication: Cluster 347: replicated (5/5 survived, 0 eliminated)
2026-04-29 14:53:56 [INFO] riker.phases.phase5_replication: Cluster 348: partially_replicated (6/7 survived, 1 eliminated)
2026-04-29 14:53:56 [INFO] riker.phases.phase5_replication: Cluster 349: partially_replicated (3/4 survived, 1 eliminated)
2026-04-29 14:53:56 [INFO] riker.phases.phase5_replication: Cluster 350: partially_replicated (6/7 survived, 1 eliminated)
2026-04-29 14:53:56 [INFO] riker.phases.phase5_replication: Cluster 351: partially_replicated (3/5 survived, 2 eliminated)
2026-04-29 14:53:56 [INFO] riker.phases.phase5_replication: Cluster 352: partially_replicated (8/11 survived, 3 eliminated)
2026-04-29 14:53:56 [INFO] riker.phases.phase5_replication: Cluster 353: partially_replicated (4/5 survived, 1 eliminated)
2026-04-29 14:53:56 [INFO] riker.phases.phase5_replication: Cluster 354: replicated (9/9 survived, 0 eliminated)
2026-04-29 14:53:56 [INFO] riker.phases.phase5_replication: Cluster 355: replicated (5/5 survived, 0 eliminated)
2026-04-29 14:53:56 [INFO] riker.phases.phase5_replication: Cluster 356: partially_replicated (9/10 survived, 1 eliminated)
2026-04-29 14:53:56 [INFO] riker.phases.phase5_replication: Cluster 357: partially_replicated (3/4 survived, 1 eliminated)
2026-04-29 14:53:56 [INFO] riker.phases.phase5_replication: Cluster 358: partially_replicated (5/6 survived, 1 eliminated)
2026-04-29 14:53:56 [INFO] riker.phases.phase5_replication: Cluster 359: replicated (6/6 survived, 0 eliminated)
2026-04-29 14:53:56 [INFO] riker.phases.phase5_replication: Cluster 361: partially_replicated (7/8 survived, 1 eliminated)
2026-04-29 14:53:56 [INFO] riker.phases.phase5_replication: Cluster 362: partially_replicated (3/5 survived, 2 eliminated)
2026-04-29 14:53:56 [INFO] riker.phases.phase5_replication: Cluster 364: partially_replicated (3/4 survived, 1 eliminated)
2026-04-29 14:53:56 [INFO] riker.phases.phase5_replication: Cluster 365: partially_replicated (6/8 survived, 2 eliminated)
2026-04-29 14:53:56 [INFO] riker.phases.phase5_replication: Cluster 368: replicated (4/4 survived, 0 eliminated)
2026-04-29 14:53:56 [INFO] riker.phases.phase5_replication: Cluster 369: failed (3/9 survived, 6 eliminated)
2026-04-29 14:53:56 [INFO] riker.phases.phase5_replication: Cluster 370: partially_replicated (3/5 survived, 2 eliminated)
2026-04-29 14:53:56 [INFO] riker.phases.phase5_replication: Cluster 371: partially_replicated (3/5 survived, 2 eliminated)
2026-04-29 14:53:56 [INFO] riker.phases.phase5_replication: Cluster 372: partially_replicated (13/20 survived, 7 eliminated)
2026-04-29 14:53:56 [INFO] riker.phases.phase5_replication: Cluster 373: replicated (4/4 survived, 0 eliminated)
2026-04-29 14:53:56 [INFO] riker.phases.phase5_replication: Cluster 374: partially_replicated (3/4 survived, 1 eliminated)
2026-04-29 14:53:56 [INFO] riker.phases.phase5_replication: Cluster 375: partially_replicated (5/6 survived, 1 eliminated)
2026-04-29 14:53:56 [INFO] riker.phases.phase5_replication: Cluster 376: partially_replicated (3/4 survived, 1 eliminated)
2026-04-29 14:53:56 [INFO] riker.phases.phase5_replication: Cluster 377: replicated (5/5 survived, 0 eliminated)
2026-04-29 14:53:56 [INFO] riker.phases.phase5_replication: Cluster 378: replicated (4/4 survived, 0 eliminated)
2026-04-29 14:53:56 [INFO] riker.phases.phase5_replication: Cluster 379: partially_replicated (5/6 survived, 1 eliminated)
2026-04-29 14:53:56 [INFO] riker.phases.phase5_replication: Cluster 380: replicated (8/8 survived, 0 eliminated)
2026-04-29 14:53:56 [INFO] riker.phases.phase5_replication: Cluster 381: partially_replicated (5/6 survived, 1 eliminated)
2026-04-29 14:53:56 [INFO] riker.phases.phase5_replication: Cluster 382: replicated (5/5 survived, 0 eliminated)
2026-04-29 14:53:56 [INFO] riker.phases.phase5_replication: Cluster 383: replicated (4/4 survived, 0 eliminated)
2026-04-29 14:53:56 [INFO] riker.phases.phase5_replication: Cluster 384: partially_replicated (9/10 survived, 1 eliminated)
2026-04-29 14:53:56 [INFO] riker.phases.phase5_replication: Cluster 385: replicated (5/5 survived, 0 eliminated)
2026-04-29 14:53:56 [INFO] riker.phases.phase5_replication: Cluster 387: partially_replicated (2/4 survived, 2 eliminated)
2026-04-29 14:53:56 [INFO] riker.phases.phase5_replication: Cluster 388: partially_replicated (6/8 survived, 2 eliminated)
2026-04-29 14:53:56 [INFO] riker.phases.phase5_replication: Cluster 389: partially_replicated (6/9 survived, 3 eliminated)
2026-04-29 14:53:56 [INFO] riker.phases.phase5_replication: Cluster 390: replicated (7/7 survived, 0 eliminated)
2026-04-29 14:53:56 [INFO] riker.phases.phase5_replication: Cluster 391: partially_replicated (4/5 survived, 1 eliminated)
2026-04-29 14:53:56 [INFO] riker.phases.phase5_replication: Cluster 392: partially_replicated (5/7 survived, 2 eliminated)
2026-04-29 14:53:56 [INFO] riker.phases.phase5_replication: Cluster 393: replicated (4/4 survived, 0 eliminated)
2026-04-29 14:53:56 [INFO] riker.phases.phase5_replication: Cluster 394: partially_replicated (11/13 survived, 2 eliminated)
2026-04-29 14:53:56 [INFO] riker.phases.phase5_replication: Cluster 395: partially_replicated (12/18 survived, 6 eliminated)
2026-04-29 14:53:56 [INFO] riker.phases.phase5_replication: Cluster 396: partially_replicated (11/19 survived, 8 eliminated)
2026-04-29 14:53:56 [INFO] riker.phases.phase5_replication: Cluster 397: partially_replicated (3/5 survived, 2 eliminated)
2026-04-29 14:53:56 [INFO] riker.phases.phase5_replication: Cluster 398: partially_replicated (4/6 survived, 2 eliminated)
2026-04-29 14:53:56 [INFO] riker.phases.phase5_replication: Cluster 399: replicated (5/5 survived, 0 eliminated)
2026-04-29 14:53:56 [INFO] riker.phases.phase5_replication: Cluster 402: replicated (3/3 survived, 0 eliminated)
2026-04-29 14:53:56 [INFO] riker.phases.phase5_replication: Cluster 403: partially_replicated (6/7 survived, 1 eliminated)
2026-04-29 14:53:56 [INFO] riker.phases.phase5_replication: Cluster 404: replicated (4/4 survived, 0 eliminated)
2026-04-29 14:53:56 [INFO] riker.phases.phase5_replication: Cluster 405: partially_replicated (5/6 survived, 1 eliminated)
2026-04-29 14:53:56 [INFO] riker.phases.phase5_replication: Cluster 406: replicated (5/5 survived, 0 eliminated)
2026-04-29 14:53:56 [INFO] riker.phases.phase5_replication: Cluster 408: failed (1/3 survived, 2 eliminated)
2026-04-29 14:53:56 [INFO] riker.phases.phase5_replication: Cluster 409: failed (2/5 survived, 3 eliminated)
2026-04-29 14:53:56 [INFO] riker.phases.phase5_replication: Cluster 410: partially_replicated (5/6 survived, 1 eliminated)
2026-04-29 14:53:56 [INFO] riker.phases.phase5_replication: Cluster 411: replicated (5/5 survived, 0 eliminated)
2026-04-29 14:53:56 [INFO] riker.phases.phase5_replication: Cluster 413: replicated (3/3 survived, 0 eliminated)
2026-04-29 14:53:56 [INFO] riker.phases.phase5_replication: Cluster 414: partially_replicated (4/5 survived, 1 eliminated)
2026-04-29 14:53:56 [INFO] riker.phases.phase5_replication: Cluster 415: replicated (4/4 survived, 0 eliminated)
2026-04-29 14:53:56 [INFO] riker.phases.phase5_replication: Cluster 416: partially_replicated (4/7 survived, 3 eliminated)
2026-04-29 14:53:56 [INFO] riker.phases.phase5_replication: Cluster 422: partially_replicated (3/4 survived, 1 eliminated)
2026-04-29 14:53:56 [INFO] riker.phases.phase5_replication: Cluster 423: partially_replicated (3/4 survived, 1 eliminated)
2026-04-29 14:53:56 [INFO] riker.phases.phase5_replication: Cluster 424: replicated (4/4 survived, 0 eliminated)
2026-04-29 14:53:56 [INFO] riker.phases.phase5_replication: Cluster 425: partially_replicated (2/3 survived, 1 eliminated)
2026-04-29 14:53:56 [INFO] riker.phases.phase5_replication: Cluster 428: replicated (3/3 survived, 0 eliminated)
2026-04-29 14:53:56 [INFO] riker.phases.phase5_replication: Cluster 429: partially_replicated (4/5 survived, 1 eliminated)
2026-04-29 14:53:56 [INFO] riker.phases.phase5_replication: Cluster 430: replicated (3/3 survived, 0 eliminated)
2026-04-29 14:53:56 [INFO] riker.phases.phase5_replication: Cluster 431: failed (1/5 survived, 4 eliminated)
2026-04-29 14:53:56 [INFO] riker.phases.phase5_replication: Cluster 432: partially_replicated (3/4 survived, 1 eliminated)
2026-04-29 14:53:56 [INFO] riker.phases.phase5_replication: Cluster 433: partially_replicated (2/3 survived, 1 eliminated)
2026-04-29 14:53:56 [INFO] riker.phases.phase5_replication: Cluster 434: failed (2/5 survived, 3 eliminated)
2026-04-29 14:53:56 [INFO] riker.phases.phase5_replication: Cluster 437: replicated (6/6 survived, 0 eliminated)
2026-04-29 14:53:56 [INFO] riker.phases.phase5_replication: Cluster 438: partially_replicated (9/12 survived, 3 eliminated)
2026-04-29 14:53:56 [INFO] riker.phases.phase5_replication: Cluster 439: partially_replicated (8/9 survived, 1 eliminated)
2026-04-29 14:53:56 [INFO] riker.phases.phase5_replication: Cluster 440: failed (1/3 survived, 2 eliminated)
2026-04-29 14:53:56 [INFO] riker.phases.phase5_replication: Cluster 442: partially_replicated (8/10 survived, 2 eliminated)
2026-04-29 14:53:56 [INFO] riker.phases.phase5_replication: Cluster 444: partially_replicated (8/10 survived, 2 eliminated)
2026-04-29 14:53:56 [INFO] riker.phases.phase5_replication: Cluster 445: partially_replicated (6/9 survived, 3 eliminated)
2026-04-29 14:53:56 [INFO] riker.phases.phase5_replication: Cluster 446: partially_replicated (4/6 survived, 2 eliminated)
2026-04-29 14:53:56 [INFO] riker.phases.phase5_replication: Cluster 447: partially_replicated (12/21 survived, 9 eliminated)
2026-04-29 14:53:56 [INFO] riker.phases.phase5_replication: Cluster 448: replicated (3/3 survived, 0 eliminated)
2026-04-29 14:53:56 [INFO] riker.phases.phase5_replication: Phase 5 complete: 1856 survived, 595 eliminated, 0 insufficient data.
2026-04-29 14:53:56 [INFO] riker.io.outputs: Phase 5 verdicts: /home/kai001/riker-engine/disease_days/2026-04-29_ipf_v0332/blind_pc/phase5_verdicts.csv
2026-04-29 14:53:56 [INFO] riker: ============================================================
2026-04-29 14:53:56 [INFO] riker: PHASE 6: Effect Size Meta-Analysis
2026-04-29 14:53:56 [INFO] riker: ============================================================
2026-04-29 14:53:56 [INFO] riker.phases.phase6_meta: Phase 6: Computing meta-analysis for 1856 surviving genes.
2026-04-29 14:53:58 [INFO] riker.phases.phase6_meta: Phase 6 complete: 1856 genes analyzed, 1584 significant (random effects), 877 high heterogeneity.
2026-04-29 14:53:58 [INFO] riker.io.outputs: Phase 6 meta-analysis: /home/kai001/riker-engine/disease_days/2026-04-29_ipf_v0332/blind_pc/phase6_meta_analysis.csv
2026-04-29 14:53:58 [INFO] riker: ============================================================
2026-04-29 14:53:58 [INFO] riker: WRITING FINAL OUTPUTS
2026-04-29 14:53:58 [INFO] riker: ============================================================
2026-04-29 14:53:58 [INFO] riker.io.outputs: QC report: /home/kai001/riker-engine/disease_days/2026-04-29_ipf_v0332/blind_pc/qc_report.json
2026-04-29 14:53:58 [INFO] riker.io.outputs: Pipeline summary: /home/kai001/riker-engine/disease_days/2026-04-29_ipf_v0332/blind_pc/pipeline_summary.json
2026-04-29 14:53:58 [INFO] riker: ============================================================
2026-04-29 14:53:58 [INFO] riker: PIPELINE COMPLETE: IPF_blind
2026-04-29 14:53:58 [INFO] riker: QC Report: 4 passed, 0 warnings, 0 critical. Pipeline OK.
2026-04-29 14:53:58 [INFO] riker: Output: /home/kai001/riker-engine/disease_days/2026-04-29_ipf_v0332/blind_pc
2026-04-29 14:53:58 [INFO] riker: ============================================================
