gene,avg_log2fc,neg_log10_min_p,n_sig_datasets,direction_consistency,tier_score
A1BG,0.46297176311713684,0.11640164131795104,0.0,0.33333333333333326,0.0
A2M,0.595345941027679,0.9819959247460215,1.0,1.0,0.0
A2ML1,0.5497514626268301,1.0,0.0,1.0,0.0
A4GALT,0.6996634765613579,1.0,1.0,1.0,0.0
A4GNT,0.4312363058090044,0.705843830083285,1.0,0.33333333333333326,0.0
AAAS,0.5215199026336519,0.8731569698087867,0.0,1.0,0.0
AACS,0.40569727028194913,1.0,0.0,1.0,0.0
AADACL4,0.4049414937638875,0.08322624178327262,0.0,1.0,0.0
AADAT,0.42890197592899415,1.0,0.0,0.33333333333333326,0.0
AAGAB,0.3751858148775975,1.0,0.0,1.0,0.0
AAK1,0.4514979042253087,1.0,0.0,1.0,0.0
AAMDC,0.5518421868898397,1.0,0.0,1.0,0.0
AANAT,0.49925831871140575,0.5160730007135831,0.0,1.0,0.0
AAR2,0.5071059159292486,0.7047504620372383,0.0,1.0,0.0
AARD,0.3856050354382382,1.0,0.0,1.0,0.0
AARS1,0.4225925540755178,1.0,1.0,1.0,0.0
AARSD1,0.4160794995168853,1.0,0.0,1.0,0.0
AASDH,0.5167083333634002,1.0,0.0,1.0,0.0
AASDHPPT,0.3891666399794582,1.0,1.0,1.0,0.0
AASS,0.5786651427862762,0.7315724425707486,1.0,1.0,0.0
AATF,0.5480453558950108,1.0,0.0,0.33333333333333326,0.0
AATK,0.5183289229953747,0.2934607487133565,0.0,1.0,0.0
ABAT,0.4148532476091617,1.0,0.0,0.33333333333333326,0.0
ABCA1,0.6816043027678131,1.0,1.0,1.0,0.0
ABCA10,0.4499181851052234,0.5608456476957767,0.0,1.0,0.0
ABCA2,0.5759633714990274,1.0,0.0,0.33333333333333326,0.0
ABCA3,0.44463923436140423,0.36228350495776335,1.0,1.0,0.0
ABCA5,0.36500296320401915,1.0,1.0,1.0,0.0
ABCA6,0.5672290462914086,1.0,0.0,1.0,0.0
ABCA7,0.5709261438620176,1.0,0.0,1.0,0.0
ABCA8,0.6239587120156379,1.0,1.0,1.0,0.0
ABCB1,0.6060268911022899,1.0,0.0,0.33333333333333326,0.0
ABCB10,0.4628617896878696,0.39015376218758313,0.0,1.0,0.0
ABCB11,0.46615318602119177,0.44591918637106426,0.0,1.0,0.0
ABCB6,0.47784963386852775,1.0,1.0,0.33333333333333326,0.0
ABCB7,0.5569898840085433,1.0,0.0,1.0,0.0
ABCB8,0.46176246951870514,0.12688171614439456,0.0,1.0,0.0
ABCC1,0.4593571510987323,1.0,0.0,1.0,0.0
ABCC10,0.4586902632962571,1.0,1.0,0.33333333333333326,0.0
ABCC11,0.439438781549981,1.0,0.0,0.33333333333333326,0.0
ABCC12,0.4438536894433508,1.0,1.0,0.33333333333333326,0.0
ABCC2,0.5754422104298179,1.0,1.0,1.0,0.0
ABCC3,0.5628381333109655,0.2666093435975249,1.0,1.0,0.0
ABCC4,0.6908789414245308,1.0,1.0,1.0,0.0
ABCC5,0.3716201858424553,0.4353837476069085,0.0,0.33333333333333326,0.0
ABCC6,0.43730972350487735,0.2719154711573621,0.0,0.33333333333333326,0.0
ABCC8,0.30460559284001243,1.0,1.0,1.0,0.0
ABCC9,0.6941806413709413,1.0,1.0,1.0,0.0
ABCD1,0.5317019740955516,1.0,0.0,1.0,0.0
ABCD2,0.43002601903279813,1.0,0.0,0.33333333333333326,0.0
ABCD3,0.5215489426802998,1.0,0.0,0.33333333333333326,0.0
ABCD4,0.4748947447376442,0.6275602745243996,0.0,0.33333333333333326,0.0
ABCE1,0.3770104667782732,1.0,1.0,1.0,0.0
ABCF1,0.4653540715283958,0.7524136326166616,0.0,1.0,0.0
ABCF2,0.4713515653773371,1.0,0.0,0.33333333333333326,0.0
ABCF3,0.45060801827651176,1.0,0.0,1.0,0.0
ABCG1,0.5206642122473112,1.0,0.0,0.33333333333333326,0.0
ABCG2,0.5740119353866141,0.37467786686062526,0.0,0.33333333333333326,0.0
ABCG4,0.42912070923865114,1.0,0.0,1.0,0.0
ABCG5,0.5132826615485567,1.0,0.0,1.0,0.0
ABCG8,0.45922499282001017,1.0,0.0,1.0,0.0
ABHD1,0.4548732298422434,0.08719813889245927,1.0,0.33333333333333326,0.0
ABHD10,0.3734076592871351,1.0,0.0,1.0,0.0
ABHD12B,0.32112390095966525,1.0,0.0,1.0,0.0
ABHD13,0.4101028485541219,1.0,0.0,0.33333333333333326,0.0
ABHD14A,0.42686555392613557,1.0,0.0,1.0,0.0
ABHD14B,0.5986142389746557,1.0,1.0,1.0,0.0
ABHD16A,0.46962634501329986,0.44684548334781066,0.0,1.0,0.0
ABHD17B,0.5135363129263307,0.899258937403928,0.0,1.0,0.0
ABHD17C,0.5006117302137071,0.22191120311221843,0.0,0.33333333333333326,0.0
ABHD2,0.4766950253459536,1.0,0.0,0.33333333333333326,0.0
ABHD3,0.5628424753989267,1.0,0.0,0.33333333333333326,0.0
ABHD4,0.6422025796589164,1.0,1.0,1.0,0.0
ABHD5,0.5530483292733575,1.0,0.0,1.0,0.0
ABHD6,0.3733175629197566,1.0,0.0,0.33333333333333326,0.0
ABI1,0.46493450947863596,0.4636867725853164,0.0,0.33333333333333326,0.0
ABI2,0.3977743836857954,1.0,0.0,1.0,0.0
ABI3,0.5759453186719549,1.0,0.0,1.0,0.0
ABI3BP,0.5702257138871665,1.0,0.0,1.0,0.0
ABL1,0.6030439528272159,1.0,1.0,1.0,0.0
ABLIM2,0.36710045499915317,1.0,1.0,1.0,0.0
ABLIM3,0.4235191513088192,1.0,0.0,1.0,0.0
ABO,0.3879207413338689,1.0,0.0,0.33333333333333326,0.0
ABR,0.4443845873410044,1.0,0.0,1.0,0.0
ABRA,0.5179097174049978,0.2049621912700121,1.0,0.33333333333333326,0.0
ABRACL,0.35571665541288267,1.0,1.0,1.0,0.0
ABRAXAS1,0.4592958218053901,0.4686875697884553,0.0,0.33333333333333326,0.0
ABRAXAS2,0.4579004060694386,1.0,0.0,1.0,0.0
ABTB1,0.4612245234184202,0.1626655347916726,0.0,1.0,0.0
ABTB2,0.56734767324426,1.0,0.0,0.33333333333333326,0.0
ABTB3,0.5567360647126762,0.05332652392173323,0.0,0.33333333333333326,0.0
ACAA1,0.5248606913403597,1.0,0.0,0.33333333333333326,0.0
ACAA2,0.5601872432653421,1.0,0.0,1.0,0.0
ACACB,0.6228768483598691,1.0,1.0,1.0,0.0
ACAD11,0.5804343314021569,1.0,0.0,0.33333333333333326,0.0
ACAD9,0.41100827433174336,1.0,0.0,1.0,0.0
ACADL,0.6233035399271443,1.0,0.0,1.0,0.0
ACADM,0.46827793037359317,0.29284118814510834,0.0,0.33333333333333326,0.0
ACADS,0.5481997845020581,1.0,0.0,0.33333333333333326,0.0
ACADSB,0.3895251570122591,1.0,0.0,0.33333333333333326,0.0
ACADVL,0.5091490029166444,1.0,1.0,0.33333333333333326,0.0
ACAN,0.5577870631700834,1.0,1.0,1.0,0.0
ACAP1,0.6028910728626008,1.0,1.0,1.0,0.0
ACAP2,0.5974724059670092,1.0,1.0,1.0,0.0
ACAP3,0.5665325775308884,0.8016774411907406,1.0,0.33333333333333326,0.0
ACAT2,0.38439892256985153,1.0,1.0,1.0,0.0
ACBD3,0.4397298269987791,1.0,0.0,0.33333333333333326,0.0
ACBD4,0.43543080653434346,0.17626914431568677,1.0,0.33333333333333326,0.0
ACBD5,0.42389441558861596,0.41544811083073374,1.0,1.0,0.0
ACBD6,0.4048047080568147,1.0,0.0,0.33333333333333326,0.0
ACBD7,0.44326657652887125,0.24820648431397307,0.0,1.0,0.0
ACE,0.4447900738450927,0.8675222465469038,1.0,0.33333333333333326,0.0
ACE2,0.414818876500458,0.3685462141172585,0.0,0.33333333333333326,0.0
ACER1,0.5076523156931684,1.0,0.0,1.0,0.0
ACER2,0.518054217480164,1.0,0.0,0.33333333333333326,0.0
ACIN1,0.5683812409984452,1.0,1.0,1.0,0.0
ACKR1,0.6696593422485491,1.0,0.0,1.0,0.0
ACKR3,0.6290038631893236,1.0,0.0,1.0,0.0
ACKR5,0.3949089414745468,1.0,1.0,0.33333333333333326,0.0
ACLY,0.39342669449122314,1.0,0.0,1.0,0.0
ACO1,0.5641739770354186,1.0,1.0,1.0,0.0
ACO2,0.4377035624278725,1.0,0.0,0.33333333333333326,0.0
ACOT1,0.45358905965550644,0.2413515662932315,0.0,0.33333333333333326,0.0
ACOT11,0.5770295073998624,1.0,1.0,1.0,0.0
ACOT12,0.46410651499616307,0.49081120057846195,0.0,0.33333333333333326,0.0
ACOT13,0.4597584440498311,0.9554455085314375,0.0,1.0,0.0
ACOT2,0.518500218658409,0.20102332294029615,1.0,0.33333333333333326,0.0
ACOT4,0.3619597441813778,1.0,0.0,1.0,0.0
ACOT6,0.5112879862447861,0.2865098110335356,0.0,1.0,0.0
ACOT7,0.29890528113171344,1.0,1.0,1.0,0.0
ACOT8,0.41099764326411853,1.0,1.0,1.0,0.0
ACOX1,0.5166441072794185,0.5289604548288815,0.0,1.0,0.0
ACOX2,0.6504373788351293,1.0,1.0,1.0,0.0
ACP1,0.3468362703698585,1.0,1.0,1.0,0.0
ACP2,0.37282087582921947,1.0,0.0,1.0,0.0
ACP3,0.5534484047991458,0.7272377626102743,1.0,1.0,0.0
ACP5,0.6020744426925466,1.0,1.0,1.0,0.0
ACP6,0.5377494586996652,1.0,0.0,1.0,0.0
ACP7,0.5005318274905336,0.17694617773771684,0.0,1.0,0.0
ACR,0.46862080296114345,0.6891102056192753,0.0,0.33333333333333326,0.0
ACRV1,0.4100133737519968,1.0,0.0,1.0,0.0
ACSBG1,0.675044446353161,1.0,1.0,1.0,0.0
ACSBG2,0.5754347407695523,0.8574782803739343,1.0,1.0,0.0
ACSF2,0.6410554100420784,1.0,1.0,1.0,0.0
ACSF3,0.5250540334326151,0.8415248088980989,1.0,0.33333333333333326,0.0
ACSL1,0.6248765558566639,1.0,1.0,1.0,0.0
ACSL3,0.37126614177901807,1.0,1.0,1.0,0.0
ACSL5,0.6712549922358712,1.0,1.0,1.0,0.0
ACSL6,0.3704912379102349,1.0,0.0,0.33333333333333326,0.0
ACSM1,0.5371705775838785,1.0,0.0,1.0,0.0
ACSM2A,0.4653824944138253,0.74142178156643,0.0,1.0,0.0
ACSM2B,0.5102816059742363,0.0922093121317627,0.0,0.33333333333333326,0.0
ACSM5,0.4821391183333069,1.0,1.0,0.33333333333333326,0.0
ACSS1,0.616098271014347,1.0,1.0,1.0,0.0
ACSS3,0.6744604029497525,1.0,1.0,1.0,0.0
ACTA1,0.4923307021742503,1.0,1.0,0.33333333333333326,0.0
ACTA2,0.7613662118212926,0.7076945251363993,0.0,1.0,0.0
ACTB,0.44440505191130664,0.37722289139131626,1.0,1.0,0.0
ACTBL2,0.5012799233561287,0.6946520117890532,1.0,0.33333333333333326,0.0
ACTC1,0.4356035464932535,0.38074092443552526,0.0,0.33333333333333326,0.0
ACTG1,0.39413150574306405,1.0,1.0,1.0,0.0
ACTG2,0.636502291690195,0.5444320825350532,1.0,1.0,0.0
ACTL10,0.5044969973769972,0.8887050389684222,0.0,0.33333333333333326,0.0
ACTL6A,0.6179086013228161,1.0,1.0,1.0,0.0
ACTL6B,0.38881346542820083,1.0,0.0,0.33333333333333326,0.0
ACTL7A,0.6272253439162662,0.66470767676757,0.0,1.0,0.0
ACTL7B,0.43820523005653567,1.0,0.0,1.0,0.0
ACTL8,0.42243160429442694,0.6503480405501887,1.0,1.0,0.0
ACTL9,0.3936482631300738,1.0,0.0,0.33333333333333326,0.0
ACTMAP,0.5683203615740886,1.0,1.0,1.0,0.0
ACTN2,0.24987940626234026,1.0,0.0,1.0,0.0
ACTN4,0.5283709813424317,0.9770396033726122,1.0,1.0,0.0
ACTR10,0.35492225630657853,1.0,1.0,1.0,0.0
ACTR1A,0.41344596639118975,1.0,1.0,1.0,0.0
ACTR1B,0.5326960393839733,1.0,1.0,0.33333333333333326,0.0
ACTR2,0.38687598485179037,1.0,1.0,1.0,0.0
ACTR3,0.43562371551119156,1.0,0.0,1.0,0.0
ACTR3B,0.2737215532859204,1.0,0.0,1.0,0.0
ACTR6,0.36466224860161195,1.0,1.0,1.0,0.0
ACTR8,0.45744840845768414,0.7076496206558364,0.0,0.33333333333333326,0.0
ACTRT2,0.47374239028677284,0.2930527798686252,0.0,0.33333333333333326,0.0
ACTRT3,0.3793600463899281,0.5865463230914261,1.0,1.0,0.0
ACVR1,0.5955577495977266,1.0,1.0,1.0,0.0
ACVR1B,0.5387477754409971,0.14502893998677846,0.0,0.33333333333333326,0.0
ACVR1C,0.40221378403622493,1.0,0.0,1.0,0.0
ACVR2A,0.44740868705029496,1.0,0.0,1.0,0.0
ACVR2B,0.5401278303735934,1.0,0.0,1.0,0.0
ACVRL1,0.5604152785787752,1.0,0.0,0.33333333333333326,0.0
ACY3,0.4096404780104326,0.7785968002703189,0.0,0.33333333333333326,0.0
ACYP1,0.4599146042833678,0.9093300347804528,0.0,1.0,0.0
ACYP2,0.4354863652530247,1.0,0.0,1.0,0.0
ADA,0.6208605517397121,1.0,1.0,1.0,0.0
ADAD2,0.2854841165678364,1.0,1.0,1.0,0.0
ADAM10,0.4580362556135464,0.2046298522577265,0.0,0.33333333333333326,0.0
ADAM11,0.35698100203126737,1.0,1.0,1.0,0.0
ADAM12,0.38734312241335034,1.0,1.0,0.33333333333333326,0.0
ADAM15,0.48469549780677357,0.7555677286802912,1.0,0.33333333333333326,0.0
ADAM17,0.46988022568634014,0.6100720750223879,1.0,0.33333333333333326,0.0
ADAM19,0.4048939778513071,0.09895629738529876,0.0,1.0,0.0
ADAM20,0.46633720690101454,0.25451741802887845,0.0,0.33333333333333326,0.0
ADAM22,0.4002196718952493,1.0,1.0,1.0,0.0
ADAM23,0.4052102133191109,1.0,0.0,1.0,0.0
ADAM28,0.6333443333309025,0.8617058592306104,1.0,1.0,0.0
ADAM32,0.4702189973395607,0.43498737792185577,0.0,0.33333333333333326,0.0
ADAM33,0.6588947033539205,1.0,0.0,0.33333333333333326,0.0
ADAM8,0.5219900087334332,1.0,0.0,1.0,0.0
ADAMTS1,0.7097154089957334,1.0,1.0,1.0,0.0
ADAMTS10,0.4030365312851747,0.44655855319712806,0.0,0.33333333333333326,0.0
ADAMTS13,0.5401894322379852,1.0,0.0,1.0,0.0
ADAMTS16,0.464653347447215,0.296492267289985,0.0,1.0,0.0
ADAMTS17,0.49933655814866346,0.6433110436897154,0.0,1.0,0.0
ADAMTS19,0.5059446278247608,0.5113469122415107,1.0,0.33333333333333326,0.0
ADAMTS2,0.5537519406592563,1.0,0.0,0.33333333333333326,0.0
ADAMTS20,0.499229667010785,0.5633482217797581,0.0,0.33333333333333326,0.0
ADAMTS3,0.320479792737,1.0,1.0,1.0,0.0
ADAMTS4,0.4567415974291934,0.12915606167094626,0.0,0.33333333333333326,0.0
ADAMTS5,0.5247799956777143,0.7811855179611291,1.0,0.33333333333333326,0.0
ADAMTS7,0.3888184944579032,0.26481303332636613,1.0,1.0,0.0
ADAMTS8,0.41610298351387587,1.0,0.0,1.0,0.0
ADAMTS9,0.7746471023594725,1.0,1.0,1.0,0.0
ADAMTSL3,0.5380453475383443,1.0,0.0,0.33333333333333326,0.0
ADAMTSL4,0.5384678117586014,1.0,0.0,1.0,0.0
ADAP2,0.48681177578142454,1.0,1.0,0.33333333333333326,0.0
ADAR,0.45520914175183397,1.0,0.0,1.0,0.0
ADARB1,0.3470941642900003,0.34806196350550606,0.0,0.33333333333333326,0.0
ADARB2,0.6099628038619052,1.0,0.0,0.33333333333333326,0.0
ADAT1,0.5137050284765683,1.0,1.0,0.33333333333333326,0.0
ADAT2,0.45116016674051157,0.9727620362085339,0.0,0.33333333333333326,0.0
ADAT3,0.506272134024648,1.0,0.0,1.0,0.0
ADCK1,0.397996352889354,1.0,0.0,0.33333333333333326,0.0
ADCK2,0.40419304703295866,1.0,1.0,1.0,0.0
ADCY1,0.3575571819992866,1.0,1.0,1.0,0.0
ADCY2,0.3556322127472066,1.0,0.0,1.0,0.0
ADCY3,0.5191446147273702,1.0,0.0,0.33333333333333326,0.0
ADCY4,0.5373005092967986,1.0,0.0,1.0,0.0
ADCY6,0.4962905860602158,0.09981244904475829,0.0,1.0,0.0
ADCY8,0.5850067531079703,1.0,1.0,1.0,0.0
ADCY9,0.47240045285664883,1.0,1.0,0.33333333333333326,0.0
ADCYAP1,0.045896570506871084,1.0,1.0,1.0,0.0
ADD1,0.4512487531714102,0.2561457141466778,1.0,0.33333333333333326,0.0
ADD2,0.3485268629365397,0.40528408798097565,0.0,1.0,0.0
ADD3,0.5862270362341793,1.0,0.0,1.0,0.0
ADGRA2,0.5919510283520014,0.2333804090583269,0.0,1.0,0.0
ADGRB1,0.39479883534633,0.2545058132952529,1.0,1.0,0.0
ADGRB2,0.41027070221633005,1.0,0.0,1.0,0.0
ADGRB3,0.34690692158203457,1.0,1.0,1.0,0.0
ADGRD1,0.6203866351729801,1.0,1.0,1.0,0.0
ADGRE1,0.5018138248083289,0.46459731608035604,0.0,1.0,0.0
ADGRF1,0.5392430351829415,0.067618727348048,0.0,0.33333333333333326,0.0
ADGRF3,0.47483216206794365,0.3816320558565059,0.0,0.33333333333333326,0.0
ADGRG1,0.6698387773849235,1.0,1.0,1.0,0.0
ADGRG2,0.4723097494414741,0.6684827908799114,1.0,0.33333333333333326,0.0
ADGRG5,0.5061085944958842,0.9777608071488565,0.0,1.0,0.0
ADGRG6,0.4508768603107009,1.0,1.0,0.33333333333333326,0.0
ADGRG7,0.5096229014153935,0.04537630234244942,0.0,0.33333333333333326,0.0
ADGRL2,0.4154679460670283,1.0,0.0,0.33333333333333326,0.0
ADGRL3,0.4116666981642938,1.0,0.0,0.33333333333333326,0.0
ADGRL4,0.6522198655219128,1.0,1.0,1.0,0.0
ADGRV1,0.671021983280436,1.0,1.0,1.0,0.0
ADH1A,0.6934304544060336,1.0,0.0,1.0,0.0
ADH1B,0.7724373326698789,1.0,0.0,1.0,0.0
ADH1C,0.4585948431409597,0.7078784879836352,1.0,0.33333333333333326,0.0
ADH4,0.47128416087433367,0.6829897154229956,1.0,0.33333333333333326,0.0
ADI1,0.5450207555306633,1.0,0.0,1.0,0.0
ADIPOR1,0.44562690050746445,1.0,0.0,0.33333333333333326,0.0
ADIPOR2,0.6708185048631881,1.0,1.0,1.0,0.0
ADIRF,0.6580445990808546,1.0,0.0,1.0,0.0
ADK,0.5075792343324887,1.0,0.0,1.0,0.0
ADM,0.7058921323934648,1.0,0.0,1.0,0.0
ADNP,0.5412417275789908,0.05198941898305005,0.0,1.0,0.0
ADNP2,0.4109284739531632,1.0,0.0,1.0,0.0
ADO,0.37547409318180025,1.0,0.0,1.0,0.0
ADORA2A,0.6292807191835217,1.0,1.0,1.0,0.0
ADORA2B,0.6401753496991439,1.0,1.0,1.0,0.0
ADORA3,0.6937826694490311,1.0,0.0,1.0,0.0
ADPGK,0.4441428177475606,0.14892695896010175,1.0,1.0,0.0
ADPRHL1,0.4720944554949829,1.0,1.0,0.33333333333333326,0.0
ADPRS,0.4987304749272093,0.5176580639005097,0.0,0.33333333333333326,0.0
ADRA1A,0.49865669103527843,0.5033514257869705,0.0,0.33333333333333326,0.0
ADRA1B,0.47300716921996855,0.2847376265257086,0.0,1.0,0.0
ADRA2A,0.45103876811366134,1.0,1.0,0.33333333333333326,0.0
ADRA2B,0.50620705358386,0.6620363447017577,0.0,0.33333333333333326,0.0
ADRA2C,0.5168596425624945,0.5735234047729103,0.0,1.0,0.0
ADRB1,0.44827558329274453,1.0,0.0,1.0,0.0
ADRB2,0.6132512416490657,1.0,1.0,1.0,0.0
ADRM1,0.4700469292589393,0.4011380651586989,1.0,0.33333333333333326,0.0
ADSS2,0.3099873601753713,1.0,0.0,1.0,0.0
ADTRP,0.22061199634968748,1.0,0.0,0.33333333333333326,0.0
AEBP1,0.9265537681362949,1.0,1.0,1.0,0.0
AEN,0.4451279898471637,1.0,1.0,0.33333333333333326,0.0
AFAP1L1,0.6069095121828149,1.0,1.0,1.0,0.0
AFAP1L2,0.5176438187989968,0.19119179881882384,0.0,0.33333333333333326,0.0
AFDN,0.5053331915342938,1.0,0.0,1.0,0.0
AFF1,0.6188086307949959,1.0,1.0,1.0,0.0
AFF2,0.3344355891774211,1.0,1.0,1.0,0.0
AFF3,0.5060272985242366,1.0,0.0,0.33333333333333326,0.0
AFG2A,0.551950211851692,0.4707549370164319,0.0,1.0,0.0
AFG3L2,0.4059098515229436,1.0,1.0,1.0,0.0
AFMID,0.4287673761560747,0.33373702636774527,0.0,1.0,0.0
AFP,0.450392383845375,0.5804569105743236,0.0,1.0,0.0
AFTPH,0.5292059448429585,1.0,1.0,0.33333333333333326,0.0
AGA,0.4469687748974193,0.44192756837436353,0.0,0.33333333333333326,0.0
AGAP1,0.45730021100165097,1.0,0.0,0.33333333333333326,0.0
AGAP2,0.47844665034448275,1.0,1.0,0.33333333333333326,0.0
AGAP3,0.5089205197653562,0.47672531933566054,0.0,0.33333333333333326,0.0
AGBL1,0.3258745594601423,0.31024789016942905,0.0,0.33333333333333326,0.0
AGBL2,0.5600259829764704,0.3865926715960081,1.0,1.0,0.0
AGBL3,0.515388310032351,0.5151973182553101,0.0,0.33333333333333326,0.0
AGBL5,0.47319467478664384,1.0,1.0,0.33333333333333326,0.0
AGER,0.4237468504288391,1.0,1.0,0.33333333333333326,0.0
AGFG2,0.5953306621314394,1.0,1.0,1.0,0.0
AGGF1,0.4542609036912268,0.7995967694649911,0.0,1.0,0.0
AGK,0.491233067475917,1.0,1.0,0.33333333333333326,0.0
AGL,0.39949967686849874,0.8754107237044136,1.0,1.0,0.0
AGO1,0.530199101180403,0.354946645477085,1.0,0.33333333333333326,0.0
AGO2,0.5066485090230693,0.3270880843876392,0.0,1.0,0.0
AGO3,0.5698561123401961,1.0,1.0,1.0,0.0
AGPAT4,0.40468980204611943,0.6924757186625,1.0,1.0,0.0
AGPAT5,0.5454710541451785,0.3720700761167608,1.0,0.33333333333333326,0.0
AGR2,0.3716210550077019,1.0,1.0,1.0,0.0
AGT,0.6133235943472882,1.0,1.0,1.0,0.0
AGTPBP1,0.35006286838670475,1.0,1.0,1.0,0.0
AGTR1,0.5636025473775701,1.0,0.0,0.33333333333333326,0.0
AGTRAP,0.5616145059185272,1.0,0.0,1.0,0.0
AGXT,0.5503892343164101,1.0,1.0,1.0,0.0
AHCTF1,0.5704715540241696,1.0,0.0,0.33333333333333326,0.0
AHCY,0.4483436222684391,1.0,0.0,0.33333333333333326,0.0
AHCYL1,0.5072312863276892,1.0,0.0,1.0,0.0
AHCYL2,0.6087462006934432,1.0,1.0,1.0,0.0
AHDC1,0.6129483369158166,1.0,1.0,1.0,0.0
AHI1,0.31269218409859223,0.5862321802481311,0.0,0.33333333333333326,0.0
AHNAK,0.562490340924294,0.588974603473108,1.0,1.0,0.0
AHR,0.4535666009832004,0.6734855014307437,1.0,0.33333333333333326,0.0
AHRR,0.4513481046518756,0.6494590293442437,0.0,0.33333333333333326,0.0
AHSG,0.4581510418611456,0.9727564531758885,0.0,0.33333333333333326,0.0
AHSP,0.3948600289855698,0.36376795886825086,1.0,1.0,0.0
AIF1,0.6177410428522158,1.0,0.0,0.33333333333333326,0.0
AIFM1,0.4407879556913445,1.0,0.0,1.0,0.0
AIFM2,0.5057925625580489,0.15612772808848563,0.0,1.0,0.0
AIFM3,0.6492698081393803,1.0,1.0,1.0,0.0
AIG1,0.38779030302466627,1.0,1.0,1.0,0.0
AIM2,0.45388855062745564,1.0,1.0,0.33333333333333326,0.0
AIMP2,0.3968809452159856,1.0,1.0,1.0,0.0
AIP,0.56257078386623,1.0,0.0,1.0,0.0
AIPL1,0.4806154800586654,0.5905617060499949,0.0,0.33333333333333326,0.0
AIRE,0.4653881189023961,1.0,1.0,0.33333333333333326,0.0
AIRIM,0.43310069363603537,1.0,0.0,0.33333333333333326,0.0
AJAP1,0.4387682633064843,0.6962716637533797,0.0,0.33333333333333326,0.0
AJUBA,0.5891813727257051,1.0,0.0,0.33333333333333326,0.0
AK2,0.5411164885056472,1.0,0.0,1.0,0.0
AK3,0.5377130712368627,0.8257728309174153,0.0,0.33333333333333326,0.0
AK4,0.6064301619007493,1.0,1.0,1.0,0.0
AK5,0.3555591054620543,1.0,0.0,1.0,0.0
AK7,0.4781660178476293,1.0,1.0,0.33333333333333326,0.0
AKAP1,0.5657617156084058,0.06490681833544702,0.0,0.33333333333333326,0.0
AKAP11,0.3590941568311197,1.0,1.0,1.0,0.0
AKAP13,0.6087558489769634,1.0,1.0,1.0,0.0
AKAP14,0.5145188612931006,0.16728416455734768,1.0,0.33333333333333326,0.0
AKAP19,0.5213642376362952,0.4200885446520976,0.0,0.33333333333333326,0.0
AKAP3,0.5387470648009363,1.0,0.0,1.0,0.0
AKAP4,0.5053925363134143,0.19757220266684608,0.0,0.33333333333333326,0.0
AKAP5,0.35131178865105833,1.0,0.0,1.0,0.0
AKAP6,0.3464095864789196,1.0,1.0,1.0,0.0
AKAP7,0.516809179894625,0.19441843641865764,1.0,0.33333333333333326,0.0
AKAP8,0.5187119680040145,0.8150457230220273,0.0,0.33333333333333326,0.0
AKAP8L,0.5759455597059756,1.0,0.0,1.0,0.0
AKAP9,0.508539881974733,0.10944484980676698,0.0,0.33333333333333326,0.0
AKIP1,0.5745715535364488,1.0,0.0,1.0,0.0
AKIRIN1,0.46584372850033806,0.4331468821711342,0.0,0.33333333333333326,0.0
AKIRIN2,0.41281319893575863,1.0,0.0,1.0,0.0
AKNA,0.4722517590352662,0.6361459585704239,0.0,0.33333333333333326,0.0
AKNAD1,0.550141501174301,0.12676454235188483,0.0,1.0,0.0
AKR1A1,0.4635785248717431,0.8681747043474808,0.0,1.0,0.0
AKR1B1,0.4744211328268414,0.04981406227551871,0.0,0.33333333333333326,0.0
AKR1B10,0.5081868506421134,0.32411421773661686,0.0,1.0,0.0
AKR1C1,0.6824784446459056,1.0,1.0,1.0,0.0
AKR1C2,0.6785321738721614,1.0,1.0,1.0,0.0
AKR1C3,0.7274631331470365,1.0,1.0,1.0,0.0
AKR1C4,0.5757503071206801,0.7482768589140744,1.0,0.33333333333333326,0.0
AKR7A2,0.5319885921502769,0.4415517447906714,1.0,1.0,0.0
AKT1,0.41171234278235214,1.0,1.0,0.33333333333333326,0.0
AKT1S1,0.5103862219156307,0.5420929245923979,0.0,1.0,0.0
AKT2,0.5490463035376973,0.10255076217871587,0.0,0.33333333333333326,0.0
AKTIP,0.44839619741398756,1.0,0.0,1.0,0.0
ALAD,0.47349622137839903,1.0,1.0,0.33333333333333326,0.0
ALAS1,0.3889596664336794,1.0,0.0,0.33333333333333326,0.0
ALAS2,0.3956384446307929,0.43670460707170206,1.0,0.33333333333333326,0.0
ALB,0.422818264233014,1.0,1.0,1.0,0.0
ALCAM,0.4448260733919801,0.17273385075571537,0.0,0.33333333333333326,0.0
ALDH16A1,0.47423386729850836,0.34637285448739064,0.0,1.0,0.0
ALDH18A1,0.499353829511562,0.3863199638947945,0.0,0.33333333333333326,0.0
ALDH1A1,0.3073469356723262,1.0,1.0,1.0,0.0
ALDH1A2,0.5325692211818696,0.6407553033366973,0.0,1.0,0.0
ALDH1A3,0.39010561895343515,1.0,0.0,1.0,0.0
ALDH1B1,0.40256170438904837,1.0,0.0,0.33333333333333326,0.0
ALDH1L1,0.6601567524839085,1.0,1.0,1.0,0.0
ALDH1L2,0.43883777831208365,0.27794586347938227,1.0,1.0,0.0
ALDH2,0.5429704737928777,1.0,0.0,1.0,0.0
ALDH3A2,0.5551531834590108,1.0,0.0,1.0,0.0
ALDH3B1,0.5381499401493709,1.0,0.0,1.0,0.0
ALDH3B2,0.4686639136980257,0.18268006737360523,0.0,1.0,0.0
ALDH4A1,0.5690956669814011,1.0,0.0,0.33333333333333326,0.0
ALDH5A1,0.4034361250050514,1.0,1.0,1.0,0.0
ALDH6A1,0.5871868148769434,1.0,1.0,1.0,0.0
ALDH7A1,0.5464193430580504,1.0,0.0,1.0,0.0
ALDH8A1,0.44517769990949263,0.15597615532265055,0.0,0.33333333333333326,0.0
ALDH9A1,0.5675262542896511,1.0,0.0,0.33333333333333326,0.0
ALDOA,0.3765652598891688,1.0,1.0,1.0,0.0
ALDOB,0.5326588931593649,1.0,0.0,1.0,0.0
ALG1,0.5288955906438703,0.5089021343935167,1.0,0.33333333333333326,0.0
ALG10,0.3922443502301049,1.0,1.0,1.0,0.0
ALG12,0.45372265992173166,1.0,1.0,0.33333333333333326,0.0
ALG13,0.43216657142685994,0.2543235361185233,1.0,1.0,0.0
ALG14,0.4396996725107472,1.0,0.0,1.0,0.0
ALG2,0.545635990650066,1.0,0.0,1.0,0.0
ALG5,0.440846555673451,0.8728912914924472,0.0,1.0,0.0
ALG8,0.5257481756126603,0.6395888219167079,1.0,1.0,0.0
ALG9,0.53264252400114,0.16279140030149053,1.0,1.0,0.0
ALK,0.4367227669873943,0.5756951331523712,1.0,0.33333333333333326,0.0
ALKAL1,0.37806926177714145,1.0,0.0,1.0,0.0
ALKBH3,0.4238544989812144,1.0,0.0,1.0,0.0
ALKBH4,0.47725861363803285,0.041758682936942265,0.0,0.33333333333333326,0.0
ALKBH5,0.47163238912832917,1.0,1.0,0.33333333333333326,0.0
ALKBH6,0.3588072650930019,1.0,1.0,1.0,0.0
ALKBH7,0.5689844708642187,1.0,0.0,0.33333333333333326,0.0
ALKBH8,0.5053870261280663,1.0,1.0,0.33333333333333326,0.0
ALLC,0.5609090370087831,1.0,0.0,0.33333333333333326,0.0
ALOX12B,0.4273895482645496,1.0,0.0,0.33333333333333326,0.0
ALOX15B,0.5718567141716361,1.0,0.0,0.33333333333333326,0.0
ALOX5,0.6663896503795699,1.0,1.0,1.0,0.0
ALOX5AP,0.6923713852320241,1.0,1.0,1.0,0.0
ALPG,0.6254459552939623,1.0,0.0,1.0,0.0
ALPK1,0.5960565788435133,1.0,1.0,1.0,0.0
ALPK3,0.5204238191468098,1.0,0.0,0.33333333333333326,0.0
ALPL,0.5292269981236062,1.0,0.0,0.33333333333333326,0.0
ALPP,0.4223151968505188,0.6453893054525018,0.0,0.33333333333333326,0.0
ALX1,0.5497857378397544,0.26496799401658216,0.0,1.0,0.0
ALX3,0.6994488178029432,1.0,1.0,1.0,0.0
ALX4,0.5249755873282745,1.0,0.0,1.0,0.0
ALYREF,0.4365482798440856,1.0,0.0,0.33333333333333326,0.0
AMACR,0.42083793121993907,1.0,0.0,0.33333333333333326,0.0
AMBN,0.5407148433152943,0.48214854717803607,1.0,0.33333333333333326,0.0
AMD1,0.5153129693356627,0.522849202919845,0.0,1.0,0.0
AMDHD1,0.5269348921473114,1.0,1.0,0.33333333333333326,0.0
AMDHD2,0.3381071642982109,1.0,1.0,1.0,0.0
AMELY,0.519245870725319,0.5431132421812156,1.0,0.33333333333333326,0.0
AMER1,0.49544669816118697,0.21138421780978173,0.0,0.33333333333333326,0.0
AMER2,0.5780482444223238,1.0,0.0,1.0,0.0
AMER3,0.40132138502858605,1.0,0.0,1.0,0.0
AMFR,0.45170941620416455,0.09545058147062044,0.0,0.33333333333333326,0.0
AMH,0.5126496309955417,0.49224577191998536,0.0,1.0,0.0
AMIGO1,0.45654351130118415,0.7818962711172155,0.0,1.0,0.0
AMIGO2,0.36059947807810666,1.0,0.0,1.0,0.0
AMIGO3,0.5028312611884368,0.8279658317899978,0.0,0.33333333333333326,0.0
AMMECR1,0.545205672939214,0.030353540767483415,0.0,0.33333333333333326,0.0
AMMECR1L,0.5582698866606776,0.1747472625201071,1.0,1.0,0.0
AMN,0.453363567369759,1.0,0.0,0.33333333333333326,0.0
AMOT,0.5793909361401626,0.2685588566069011,1.0,1.0,0.0
AMOTL1,0.5476298398104705,0.40326576953755777,1.0,1.0,0.0
AMOTL2,0.5409763845601623,1.0,0.0,0.33333333333333326,0.0
AMPH,0.34995730959811683,1.0,0.0,1.0,0.0
AMT,0.5027368273129721,0.5182049817324992,0.0,1.0,0.0
AMY2A,0.3857997021393699,0.26488068526190484,0.0,0.33333333333333326,0.0
AMZ1,0.4472428492752718,0.503707578931774,0.0,0.33333333333333326,0.0
AMZ2,0.4536275620059599,1.0,0.0,1.0,0.0
ANAPC1,0.4071718696042984,0.8248752162335237,1.0,1.0,0.0
ANAPC10,0.39931743773308204,1.0,1.0,1.0,0.0
ANAPC11,0.45314155696160474,1.0,0.0,0.33333333333333326,0.0
ANAPC15,0.4231769809101913,1.0,0.0,1.0,0.0
ANAPC16,0.6167037574783416,1.0,1.0,1.0,0.0
ANAPC2,0.522206477969648,0.9580740147684518,0.0,0.33333333333333326,0.0
ANAPC4,0.504692747393773,0.35886914340515,0.0,0.33333333333333326,0.0
ANAPC5,0.5151958559516483,0.35573297463444964,1.0,0.33333333333333326,0.0
ANAPC7,0.42213046668455584,1.0,0.0,1.0,0.0
ANG,0.6169871704708401,1.0,0.0,0.33333333333333326,0.0
ANGEL1,0.4955372028170907,0.16890731409749432,0.0,0.33333333333333326,0.0
ANGEL2,0.4643049349992632,0.7465827937500995,0.0,0.33333333333333326,0.0
ANGPT1,0.6518434292931937,1.0,0.0,0.33333333333333326,0.0
ANGPT2,0.7817231469879292,1.0,1.0,1.0,0.0
ANGPTL1,0.43718955445666724,1.0,1.0,0.33333333333333326,0.0
ANGPTL3,0.5171477280920187,0.33711305636696187,0.0,1.0,0.0
ANGPTL4,0.8262374359954664,1.0,0.0,0.33333333333333326,0.0
ANGPTL5,0.5214589050602741,1.0,0.0,0.33333333333333326,0.0
ANGPTL6,0.4216472450222628,1.0,0.0,0.33333333333333326,0.0
ANGPTL7,0.5387476909981566,0.4029695227352331,0.0,1.0,0.0
ANK2,0.4742278630144567,0.350237628563458,1.0,0.33333333333333326,0.0
ANK3,0.3628235669946135,1.0,1.0,1.0,0.0
ANKEF1,0.41304017267698667,1.0,1.0,1.0,0.0
ANKFN1,0.5577897960391389,0.7901562064546769,1.0,1.0,0.0
ANKFY1,0.5423674254310588,1.0,0.0,1.0,0.0
ANKH,0.35878389113347925,1.0,1.0,1.0,0.0
ANKIB1,0.5379366241445792,0.5632585451640907,1.0,1.0,0.0
ANKK1,0.5217671713856535,1.0,0.0,1.0,0.0
ANKLE1,0.49342225259437716,0.08561455304551548,0.0,0.33333333333333326,0.0
ANKLE2,0.48851193725900915,1.0,1.0,0.33333333333333326,0.0
ANKMY1,0.5369283600240493,0.11226237118177895,0.0,1.0,0.0
ANKMY2,0.45914853557710444,0.34642069299212763,0.0,0.33333333333333326,0.0
ANKRA2,0.4489827160969318,0.7202364896006334,0.0,1.0,0.0
ANKRD11,0.5403485123761255,0.24867423550365506,1.0,1.0,0.0
ANKRD13A,0.5496503576107286,1.0,0.0,0.33333333333333326,0.0
ANKRD13B,0.533482011939632,0.7049438641225082,0.0,0.33333333333333326,0.0
ANKRD13C,0.4112522319739294,1.0,0.0,0.33333333333333326,0.0
ANKRD13D,0.4286776292148625,1.0,1.0,0.33333333333333326,0.0
ANKRD18A,0.4453155910663554,0.8737559356812002,0.0,0.33333333333333326,0.0
ANKRD2,0.3708206304597595,0.4221738408385322,0.0,1.0,0.0
ANKRD20A1,0.4208129421461023,1.0,0.0,0.33333333333333326,0.0
ANKRD22,0.5739539318307547,1.0,0.0,1.0,0.0
ANKRD23,0.5354109389208309,1.0,0.0,0.33333333333333326,0.0
ANKRD24,0.4719297439055211,0.21530063551805917,0.0,1.0,0.0
ANKRD26,0.4277974969199897,1.0,0.0,1.0,0.0
ANKRD27,0.5569810672042408,0.2908243727120599,0.0,1.0,0.0
ANKRD29,0.37373598263102364,1.0,1.0,1.0,0.0
ANKRD30B,0.393472572142901,1.0,0.0,1.0,0.0
ANKRD33,0.5036119133581811,0.7353014231682214,0.0,0.33333333333333326,0.0
ANKRD34A,0.4205655716866679,1.0,0.0,1.0,0.0
ANKRD34B,0.4192749197562585,1.0,0.0,0.33333333333333326,0.0
ANKRD35,0.589052118985299,1.0,1.0,1.0,0.0
ANKRD37,0.6397516176632655,0.9101214128801672,1.0,1.0,0.0
ANKRD39,0.32345070708791335,1.0,1.0,1.0,0.0
ANKRD40,0.5956233383784977,1.0,1.0,1.0,0.0
ANKRD44,0.4757194226659648,0.7147576766996501,1.0,0.33333333333333326,0.0
ANKRD46,0.375403307037563,1.0,0.0,1.0,0.0
ANKRD49,0.5454059665624377,1.0,0.0,1.0,0.0
ANKRD50,0.39465950961065693,1.0,0.0,0.33333333333333326,0.0
ANKRD53,0.5370283958856293,0.19890723257654405,1.0,1.0,0.0
ANKRD54,0.42638677483784676,1.0,1.0,1.0,0.0
ANKRD55,0.33304237371545176,1.0,0.0,1.0,0.0
ANKRD6,0.4334508805532623,1.0,0.0,0.33333333333333326,0.0
ANKRD7,0.4472288245680471,0.8956936863769978,0.0,1.0,0.0
ANKRD9,0.5279636029116513,1.0,0.0,0.33333333333333326,0.0
ANKS1A,0.5351316680716348,1.0,1.0,1.0,0.0
ANKS1B,0.409247119999625,1.0,1.0,1.0,0.0
ANKS3,0.5057692083579868,0.5404649360606176,0.0,1.0,0.0
ANKS6,0.41532120018741253,0.2454917650210073,0.0,0.33333333333333326,0.0
ANKZF1,0.5847597104688356,1.0,0.0,0.33333333333333326,0.0
ANLN,0.6636799187317346,0.40490051422935797,1.0,1.0,0.0
ANO1,0.40630525867639755,1.0,0.0,1.0,0.0
ANO2,0.6299927188562596,1.0,0.0,1.0,0.0
ANO4,0.36270467603645357,1.0,1.0,1.0,0.0
ANO5,0.44879577159348544,0.9864479264046283,0.0,0.33333333333333326,0.0
ANO6,0.6497177872486738,0.4217062254216311,0.0,1.0,0.0
ANO8,0.5562202865299841,1.0,0.0,0.33333333333333326,0.0
ANO9,0.5357858603819057,0.20621407941041345,1.0,0.33333333333333326,0.0
ANP32B,0.5933096011014374,1.0,1.0,1.0,0.0
ANP32E,0.5067967173344834,0.23607283083781247,0.0,1.0,0.0
ANPEP,0.5863032383959866,1.0,1.0,1.0,0.0
ANTKMT,0.4110471947976085,1.0,0.0,0.33333333333333326,0.0
ANTXR1,0.6018346544662692,0.5193566729618417,1.0,1.0,0.0
ANTXR2,0.7272381599010079,1.0,1.0,1.0,0.0
ANTXRL,0.4314593497540323,0.516709039046151,0.0,1.0,0.0
ANXA1,0.5142614778727466,1.0,0.0,1.0,0.0
ANXA10,0.46598195879401133,0.2573016111157718,0.0,0.33333333333333326,0.0
ANXA13,0.5576525407926121,1.0,0.0,1.0,0.0
ANXA2,0.718327593348659,1.0,1.0,1.0,0.0
ANXA2R,0.5546090592527231,1.0,0.0,1.0,0.0
ANXA3,0.6572263527950348,1.0,1.0,1.0,0.0
ANXA4,0.5034073266531737,0.14135226783012408,0.0,1.0,0.0
ANXA5,0.649784643317986,1.0,1.0,1.0,0.0
ANXA6,0.46005391055354,0.9784463244873334,0.0,1.0,0.0
ANXA7,0.4427531713444099,1.0,0.0,1.0,0.0
AOAH,0.5595088831783358,1.0,0.0,0.33333333333333326,0.0
AOC2,0.5751346564401726,1.0,0.0,1.0,0.0
AOC3,0.47371798060576403,0.7745931043480327,1.0,0.33333333333333326,0.0
AOPEP,0.5522768681338703,0.4721342483922545,1.0,1.0,0.0
AOX1,0.6533526105559536,1.0,1.0,1.0,0.0
AP1AR,0.45725272137597917,1.0,1.0,0.33333333333333326,0.0
AP1G2,0.49297563068117506,1.0,1.0,0.33333333333333326,0.0
AP1M1,0.42390207741971314,0.6269752104931393,1.0,1.0,0.0
AP1S1,0.40312168997740583,1.0,0.0,1.0,0.0
AP1S2,0.3660681138134467,1.0,0.0,1.0,0.0
AP2A1,0.46097497264299103,0.18414569655803573,0.0,1.0,0.0
AP2A2,0.4160479052981651,1.0,0.0,0.33333333333333326,0.0
AP2M1,0.41259162683611783,1.0,0.0,1.0,0.0
AP2S1,0.40147213527800213,1.0,1.0,1.0,0.0
AP3B1,0.5601235715294299,1.0,1.0,1.0,0.0
AP3B2,0.3155304783791272,1.0,1.0,1.0,0.0
AP3D1,0.46106922210810625,1.0,0.0,1.0,0.0
AP3M1,0.5533030843127655,1.0,1.0,1.0,0.0
AP3M2,0.3502441623035219,1.0,1.0,1.0,0.0
AP3S1,0.41804523148561323,1.0,0.0,1.0,0.0
AP3S2,0.5204484774296978,0.5961147744081841,1.0,0.33333333333333326,0.0
AP4B1,0.3703320878390558,1.0,1.0,1.0,0.0
AP4E1,0.4795757692363048,1.0,0.0,0.33333333333333326,0.0
AP4M1,0.46709772207876343,0.5716173182018642,0.0,0.33333333333333326,0.0
AP4S1,0.5041438702123976,1.0,0.0,1.0,0.0
AP5B1,0.3689433848758258,0.3626392972636105,1.0,0.33333333333333326,0.0
AP5M1,0.4639677491427464,0.43806801121982714,0.0,1.0,0.0
AP5S1,0.42613785127645165,0.41348148091288994,1.0,1.0,0.0
APAF1,0.4809394082609177,1.0,1.0,0.33333333333333326,0.0
APBA1,0.44128154834200495,0.09296971072727386,0.0,0.33333333333333326,0.0
APBA2,0.43744836908352597,1.0,0.0,1.0,0.0
APBA3,0.5435607774759814,1.0,0.0,0.33333333333333326,0.0
APBB1,0.3306282508957629,1.0,1.0,1.0,0.0
APBB1IP,0.5973280205175134,1.0,0.0,0.33333333333333326,0.0
APBB2,0.40786702820008774,0.5317394037405202,0.0,1.0,0.0
APBB3,0.36404744251500476,1.0,1.0,1.0,0.0
APC,0.42774305925299927,1.0,0.0,0.33333333333333326,0.0
APC2,0.5034495001600625,0.337854522256627,0.0,1.0,0.0
APCDD1,0.6106565514490636,1.0,1.0,1.0,0.0
APCS,0.5268088278249514,0.7021157983698703,1.0,0.33333333333333326,0.0
APEH,0.4059217527243354,1.0,0.0,1.0,0.0
APEX1,0.41710597616619555,1.0,1.0,1.0,0.0
APEX2,0.5352656871399584,0.3392998855325423,1.0,1.0,0.0
APH1A,0.5901630919377087,1.0,1.0,1.0,0.0
APH1B,0.5795652456497725,1.0,1.0,1.0,0.0
API5,0.43956002866878685,1.0,1.0,1.0,0.0
APIP,0.5126597776200906,0.7392059629652873,0.0,1.0,0.0
APLN,0.5707212320149473,1.0,0.0,0.33333333333333326,0.0
APLNR,0.6683501895004825,1.0,1.0,0.33333333333333326,0.0
APMAP,0.3978947647758742,1.0,1.0,1.0,0.0
APOA1,0.5083673411368614,0.5342108635871021,0.0,0.33333333333333326,0.0
APOA2,0.569297780986582,0.48424121712475643,0.0,1.0,0.0
APOA4,0.47672050285915923,0.022457683688178097,0.0,0.33333333333333326,0.0
APOA5,0.4045731642701746,0.7990894922252206,1.0,1.0,0.0
APOB,0.5496439446568149,0.2658286275101648,0.0,1.0,0.0
APOBEC3A,0.564974744627615,0.9853542565415114,0.0,0.33333333333333326,0.0
APOBEC3B,0.5893017060648535,1.0,1.0,1.0,0.0
APOBEC3C,0.475096390940358,1.0,1.0,0.33333333333333326,0.0
APOBEC3D,0.36130800486251796,0.2289319126477392,0.0,0.33333333333333326,0.0
APOBEC3F,0.4575195721277684,0.3978290384936974,1.0,0.33333333333333326,0.0
APOBEC3G,0.4549008885411991,1.0,1.0,0.33333333333333326,0.0
APOBEC3H,0.5939581878758863,0.7740867817491568,1.0,1.0,0.0
APOBEC4,0.5511066539250823,0.3858049047181164,0.0,0.33333333333333326,0.0
APOBR,0.5858776526623738,1.0,0.0,0.33333333333333326,0.0
APOC1,0.6106164711123714,1.0,1.0,1.0,0.0
APOC4,0.49726955597285305,0.5046411190081644,0.0,0.33333333333333326,0.0
APOD,0.7020802531297322,1.0,0.0,1.0,0.0
APOE,0.5731612294239566,1.0,0.0,1.0,0.0
APOF,0.41934938459502774,0.3199773309172039,1.0,1.0,0.0
APOH,0.5709708666170394,0.7530783867079227,1.0,1.0,0.0
APOL1,0.5717756637994023,1.0,0.0,1.0,0.0
APOL2,0.44419535745662075,0.03887649928953959,0.0,0.33333333333333326,0.0
APOL3,0.5287288253831992,1.0,0.0,1.0,0.0
APOL4,0.509693764591503,0.3024186876696778,0.0,0.33333333333333326,0.0
APOL5,0.412900990378404,1.0,0.0,0.33333333333333326,0.0
APOLD1,0.8860319967314405,1.0,1.0,1.0,0.0
APOO,0.40375269579268,1.0,0.0,1.0,0.0
APOOL,0.5094607232746753,0.5882343823533686,0.0,0.33333333333333326,0.0
APP,0.3904933550641036,1.0,1.0,1.0,0.0
APPBP2,0.4025778238011229,1.0,1.0,1.0,0.0
APPL1,0.4624227833679999,0.1119572553805697,0.0,0.33333333333333326,0.0
APPL2,0.604812983866328,1.0,1.0,1.0,0.0
APTX,0.5103887348429389,1.0,1.0,0.33333333333333326,0.0
AQP11,0.3359732606465532,1.0,0.0,1.0,0.0
AQP12A,0.537634550453067,0.4118025461019171,1.0,1.0,0.0
AQP3,0.34475195729045466,0.22097970047059456,0.0,0.33333333333333326,0.0
AQP4,0.6911725863129294,1.0,0.0,1.0,0.0
AQP6,0.5714568649797982,1.0,1.0,1.0,0.0
AQR,0.4676032424293759,1.0,1.0,0.33333333333333326,0.0
AR,0.5743969642916492,1.0,1.0,1.0,0.0
ARAF,0.5942517090276306,1.0,1.0,1.0,0.0
ARAP1,0.47416783681593655,1.0,1.0,0.33333333333333326,0.0
ARAP2,0.5337158128260944,1.0,0.0,0.33333333333333326,0.0
ARAP3,0.5309477263477005,1.0,0.0,0.33333333333333326,0.0
ARB2A,0.5306497598266027,1.0,1.0,1.0,0.0
ARC,0.3569651508518426,1.0,0.0,1.0,0.0
ARCN1,0.46261185262551363,1.0,0.0,1.0,0.0
AREG,0.5538801149119975,0.2969790493384262,1.0,1.0,0.0
ARF1,0.4235889812955429,1.0,0.0,0.33333333333333326,0.0
ARF3,0.3783457049251083,1.0,1.0,1.0,0.0
ARF4,0.49946273098009114,0.23219847210603992,0.0,0.33333333333333326,0.0
ARF5,0.37580145942876936,1.0,1.0,1.0,0.0
ARF6,0.42667877580809205,0.7886792880831509,1.0,1.0,0.0
ARFGAP1,0.45211959320544265,0.655568908622766,1.0,0.33333333333333326,0.0
ARFGAP2,0.5393387493659334,0.35664238731721704,1.0,0.33333333333333326,0.0
ARFGEF1,0.4412557477513912,1.0,0.0,0.33333333333333326,0.0
ARFGEF3,0.3884146458431992,0.34709035940476674,0.0,0.33333333333333326,0.0
ARFIP1,0.5338722581422721,0.052692611546533874,0.0,0.33333333333333326,0.0
ARFIP2,0.4542685569503509,1.0,0.0,0.33333333333333326,0.0
ARFRP1,0.4989713148233248,1.0,1.0,0.33333333333333326,0.0
ARGFX,0.5896382440324709,1.0,1.0,1.0,0.0
ARGLU1,0.5227697857513095,1.0,0.0,0.33333333333333326,0.0
ARHGAP10,0.5733076597116422,1.0,1.0,1.0,0.0
ARHGAP15,0.5580955202831787,1.0,0.0,1.0,0.0
ARHGAP18,0.6109607250589598,1.0,1.0,1.0,0.0
ARHGAP20,0.29786565831356204,1.0,1.0,1.0,0.0
ARHGAP21,0.517203309219711,0.43035682983587553,0.0,0.33333333333333326,0.0
ARHGAP22,0.5787147885451324,0.24482078201904028,0.0,1.0,0.0
ARHGAP23,0.5366699818664555,0.8335694361930531,0.0,1.0,0.0
ARHGAP24,0.35338055001715374,0.05533859423273806,0.0,1.0,0.0
ARHGAP25,0.5089221518113427,0.555452076716333,0.0,1.0,0.0
ARHGAP26,0.5092809955616485,0.3023669182977256,0.0,1.0,0.0
ARHGAP28,0.528607318435276,1.0,0.0,0.33333333333333326,0.0
ARHGAP29,0.5974121413383767,1.0,0.0,1.0,0.0
ARHGAP30,0.5492228387787259,1.0,1.0,0.33333333333333326,0.0
ARHGAP32,0.412176378558718,1.0,0.0,0.33333333333333326,0.0
ARHGAP4,0.5733624353847233,1.0,1.0,1.0,0.0
ARHGAP42,0.6056489173106671,1.0,0.0,1.0,0.0
ARHGAP44,0.34304568412818914,1.0,1.0,1.0,0.0
ARHGAP45,0.5400581727166148,1.0,1.0,0.33333333333333326,0.0
ARHGAP5,0.5774170753798655,1.0,0.0,1.0,0.0
ARHGAP6,0.5764436480448091,1.0,0.0,1.0,0.0
ARHGAP9,0.38271511083313886,1.0,1.0,0.33333333333333326,0.0
ARHGDIB,0.6042950477670734,1.0,0.0,1.0,0.0
ARHGDIG,0.4571360141026573,0.6384124865437154,0.0,1.0,0.0
ARHGEF1,0.5771031782498425,1.0,1.0,1.0,0.0
ARHGEF10,0.5921389137323034,1.0,1.0,1.0,0.0
ARHGEF10L,0.5008304600048282,1.0,1.0,0.33333333333333326,0.0
ARHGEF11,0.4326927426904012,0.9101057420502341,1.0,0.33333333333333326,0.0
ARHGEF12,0.5633149124633459,0.19857406210850986,1.0,1.0,0.0
ARHGEF15,0.51151920720682,0.8109975968518381,0.0,1.0,0.0
ARHGEF16,0.5423295952265449,1.0,0.0,1.0,0.0
ARHGEF17,0.562855139390534,1.0,1.0,1.0,0.0
ARHGEF18,0.5057581480538997,0.7836316734858687,0.0,1.0,0.0
ARHGEF19,0.5555341508659555,0.8160325508901669,1.0,1.0,0.0
ARHGEF2,0.4418525919476064,0.7362029187486037,1.0,1.0,0.0
ARHGEF25,0.4256923570927923,0.05594909562426572,0.0,0.33333333333333326,0.0
ARHGEF26,0.5911959448309053,1.0,1.0,1.0,0.0
ARHGEF3,0.3402300351988867,1.0,1.0,1.0,0.0
ARHGEF35,0.5808407930435272,0.4993558005341325,1.0,1.0,0.0
ARHGEF37,0.6004005105333323,1.0,1.0,1.0,0.0
ARHGEF38,0.40024758463491156,0.07745958461143498,0.0,0.33333333333333326,0.0
ARHGEF4,0.44655708774744374,1.0,0.0,0.33333333333333326,0.0
ARHGEF40,0.6210049534209486,1.0,0.0,1.0,0.0
ARHGEF5,0.632019386495623,1.0,1.0,1.0,0.0
ARHGEF6,0.6301838828363938,1.0,1.0,1.0,0.0
ARHGEF7,0.5202998699623617,1.0,0.0,0.33333333333333326,0.0
ARHGEF9,0.3195234553046606,1.0,1.0,1.0,0.0
ARID1B,0.4706470240084929,0.1103083025078864,0.0,0.33333333333333326,0.0
ARID2,0.45599680421686467,0.5218701762329852,1.0,0.33333333333333326,0.0
ARID3A,0.5337139658322224,1.0,0.0,1.0,0.0
ARID3B,0.5633933517743921,1.0,1.0,1.0,0.0
ARID4A,0.4491965671534061,0.6878358424333154,0.0,1.0,0.0
ARID4B,0.5050155029360619,0.30312995594068587,0.0,0.33333333333333326,0.0
ARID5A,0.6347514362819772,1.0,0.0,1.0,0.0
ARID5B,0.5152710126368347,0.6073541121787117,0.0,1.0,0.0
ARIH1,0.3760141718392372,1.0,0.0,0.33333333333333326,0.0
ARIH2,0.4172131911119985,0.27658146342240547,0.0,0.33333333333333326,0.0
ARK2N,0.4648962967257295,0.33303695178583026,1.0,0.33333333333333326,0.0
ARL1,0.42034320560876165,1.0,0.0,1.0,0.0
ARL10,0.42943003017697284,1.0,0.0,0.33333333333333326,0.0
ARL11,0.5763569464355451,0.9544322551595618,1.0,1.0,0.0
ARL13B,0.5186225487669174,0.962298980109906,0.0,1.0,0.0
ARL14,0.4703412607536966,0.1111198991673206,0.0,0.33333333333333326,0.0
ARL14EP,0.36892349331589375,1.0,0.0,0.33333333333333326,0.0
ARL15,0.39404078598093084,1.0,0.0,0.33333333333333326,0.0
ARL17B,0.512157624377423,0.31684161908787345,0.0,0.33333333333333326,0.0
ARL2,0.456567743875693,1.0,0.0,1.0,0.0
ARL2BP,0.420495151644085,1.0,0.0,1.0,0.0
ARL3,0.4323283454915897,1.0,0.0,1.0,0.0
ARL4C,0.2840698043449914,1.0,1.0,1.0,0.0
ARL4D,0.38221864554666335,1.0,1.0,1.0,0.0
ARL6,0.3516377175380162,1.0,1.0,1.0,0.0
ARL6IP1,0.40885102417769587,0.7181392226273385,1.0,1.0,0.0
ARL6IP6,0.4688586479800385,1.0,1.0,0.33333333333333326,0.0
ARL8B,0.36486524623349953,1.0,1.0,1.0,0.0
ARL9,0.3398833225479433,1.0,0.0,1.0,0.0
ARMC1,0.3737302448589037,1.0,0.0,1.0,0.0
ARMC10,0.4364285167056314,1.0,0.0,1.0,0.0
ARMC12,0.5748992905518951,1.0,1.0,1.0,0.0
ARMC2,0.5269069020749634,1.0,1.0,0.33333333333333326,0.0
ARMC3,0.6239225821491797,1.0,0.0,1.0,0.0
ARMC5,0.5253994307919736,0.767164625875488,0.0,0.33333333333333326,0.0
ARMC6,0.4686850185280016,0.7034313509881335,0.0,0.33333333333333326,0.0
ARMC9,0.34970212347542895,1.0,1.0,1.0,0.0
ARMCX1,0.4190445503353353,1.0,0.0,1.0,0.0
ARMCX2,0.4303788911004344,1.0,0.0,0.33333333333333326,0.0
ARMCX3,0.3749131343149419,1.0,1.0,1.0,0.0
ARMCX4,0.4208342893259047,1.0,1.0,0.33333333333333326,0.0
ARMCX5,0.34759669610203536,1.0,0.0,1.0,0.0
ARMCX6,0.556386780280048,1.0,1.0,1.0,0.0
ARMH3,0.5293178516971802,1.0,0.0,0.33333333333333326,0.0
ARNT,0.525765034002042,0.4438627295979416,0.0,0.33333333333333326,0.0
ARNT2,0.4149021701601861,1.0,0.0,1.0,0.0
ARPC1A,0.40319958332884925,1.0,0.0,1.0,0.0
ARPC1B,0.6254363448228085,1.0,0.0,0.33333333333333326,0.0
ARPC2,0.44541456786327255,1.0,0.0,1.0,0.0
ARPC3,0.4001104317639219,1.0,1.0,1.0,0.0
ARPC5,0.4494802796931209,0.9461369805392217,0.0,0.33333333333333326,0.0
ARPC5L,0.3622626491000134,1.0,0.0,1.0,0.0
ARPIN,0.5068446762213835,0.5262477645191954,0.0,1.0,0.0
ARPP19,0.1676046541599807,1.0,0.0,1.0,0.0
ARPP21,0.41101745740708256,0.6036270938406664,1.0,1.0,0.0
ARR3,0.46242850108505823,0.8174884877477266,0.0,1.0,0.0
ARRDC2,0.43900646261121484,1.0,1.0,0.33333333333333326,0.0
ARRDC3,0.5694343507788555,1.0,0.0,0.33333333333333326,0.0
ARRDC4,0.5631590674268749,0.9831257524781268,0.0,1.0,0.0
ARSA,0.4024044532460376,0.6407110455158468,1.0,0.33333333333333326,0.0
ARSB,0.5153778799573699,0.8815526953344118,1.0,0.33333333333333326,0.0
ARSD,0.5302171076888161,1.0,0.0,1.0,0.0
ARSF,0.42772358735980176,0.6859473608732161,0.0,0.33333333333333326,0.0
ARSG,0.5172949025962394,0.4752970677577226,0.0,0.33333333333333326,0.0
ARSH,0.5064707090256098,1.0,0.0,0.33333333333333326,0.0
ARSK,0.45287023038759905,1.0,0.0,0.33333333333333326,0.0
ART4,0.5249172819782867,0.23509751279894556,0.0,1.0,0.0
ART5,0.5612543300704265,0.6612136405847826,1.0,1.0,0.0
ARTN,0.5420463130098294,0.303764619657257,1.0,1.0,0.0
ARV1,0.5076830520450429,0.6543096292385236,0.0,1.0,0.0
ARVCF,0.5542596793191895,0.5999147973841075,1.0,1.0,0.0
ASAH1,0.5045934645798701,0.5823911949879609,0.0,0.33333333333333326,0.0
ASAH2,0.3470465986489429,1.0,0.0,0.33333333333333326,0.0
ASAP1,0.43019467092545877,1.0,0.0,0.33333333333333326,0.0
ASAP2,0.4186541779392574,1.0,0.0,0.33333333333333326,0.0
ASAP3,0.6140433085259608,1.0,1.0,1.0,0.0
ASB10,0.5127771870047536,1.0,0.0,1.0,0.0
ASB13,0.4190997190624389,1.0,0.0,0.33333333333333326,0.0
ASB14,0.4560110020776015,0.8075874531486852,0.0,0.33333333333333326,0.0
ASB15,0.512084560618726,0.13720655927555492,1.0,0.33333333333333326,0.0
ASB16,0.5140404165141287,1.0,0.0,1.0,0.0
ASB2,0.34563617366577415,1.0,0.0,1.0,0.0
ASB3,0.555211898128089,1.0,0.0,0.33333333333333326,0.0
ASB4,0.46872853940988846,0.42740803676586564,0.0,0.33333333333333326,0.0
ASB6,0.559720335408233,1.0,0.0,1.0,0.0
ASB7,0.5723791157947407,0.2590712446489016,0.0,0.33333333333333326,0.0
ASB8,0.39982616970191154,1.0,1.0,1.0,0.0
ASB9,0.5065378320222698,1.0,0.0,1.0,0.0
ASCC1,0.5088790361245117,0.36960049793904126,0.0,1.0,0.0
ASCC2,0.5478222113443391,1.0,0.0,1.0,0.0
ASCC3,0.5246614603415423,0.17586339802027284,1.0,1.0,0.0
ASCL1,0.6928999310777072,0.878977944739872,1.0,1.0,0.0
ASCL2,0.5624354370361674,0.27945387192260773,0.0,1.0,0.0
ASF1A,0.503079557950315,0.4763511040097872,0.0,0.33333333333333326,0.0
ASGR1,0.2820253871344667,0.37624563482676043,0.0,1.0,0.0
ASH1L,0.4264805567316679,1.0,0.0,0.33333333333333326,0.0
ASH2L,0.38724313860002696,1.0,0.0,0.33333333333333326,0.0
ASIC1,0.45027823742042955,0.46271304293066273,0.0,1.0,0.0
ASIC2,0.44921550815665373,1.0,0.0,1.0,0.0
ASIC3,0.4502439682700215,1.0,1.0,0.33333333333333326,0.0
ASIP,0.5538099072014431,1.0,0.0,1.0,0.0
ASL,0.4001781462885636,1.0,1.0,1.0,0.0
ASMT,0.4481202373349861,0.7830648403314047,0.0,0.33333333333333326,0.0
ASMTL,0.43782613935905423,1.0,0.0,0.33333333333333326,0.0
ASNS,0.31990620213111887,1.0,1.0,1.0,0.0
ASNSD1,0.4524311109855636,0.4245752620786098,0.0,1.0,0.0
ASPHD1,0.3140406263079571,1.0,1.0,1.0,0.0
ASPHD2,0.47126243004953117,1.0,1.0,0.33333333333333326,0.0
ASS1,0.5187451748215719,0.2228994276625631,0.0,0.33333333333333326,0.0
ASTE1,0.4652740510133367,0.373245764703627,0.0,1.0,0.0
ASTN1,0.38854557078429514,1.0,0.0,1.0,0.0
ASXL1,0.5547949221559457,1.0,1.0,1.0,0.0
ASXL2,0.5524681048027988,0.8870436054796419,1.0,1.0,0.0
ATAD1,0.4490249926622582,1.0,0.0,1.0,0.0
ATAD2,0.5645807418388672,1.0,1.0,1.0,0.0
ATAD2B,0.37214399616582683,1.0,1.0,0.33333333333333326,0.0
ATAD3C,0.5646121245191992,1.0,0.0,1.0,0.0
ATAD5,0.45736589733584926,0.6229175781736531,0.0,1.0,0.0
ATAT1,0.5064542295594839,0.22595875553814956,1.0,0.33333333333333326,0.0
ATCAY,0.26846076106875794,1.0,0.0,0.33333333333333326,0.0
ATE1,0.4415699453030443,0.7000004007297289,0.0,1.0,0.0
ATF1,0.5283266725458893,1.0,0.0,1.0,0.0
ATF2,0.4396795654793233,1.0,0.0,1.0,0.0
ATF3,0.5448510991439066,0.47510760187636175,0.0,0.33333333333333326,0.0
ATF4,0.4737612575441672,1.0,1.0,0.33333333333333326,0.0
ATF5,0.4187643011732913,0.574381034267305,1.0,1.0,0.0
ATF6,0.5263777972131218,0.40029552972976595,1.0,0.33333333333333326,0.0
ATF6B,0.39775064254322234,0.1287549024181919,0.0,0.33333333333333326,0.0
ATF7,0.49960803124025716,1.0,0.0,0.33333333333333326,0.0
ATF7IP,0.5705921786185922,1.0,0.0,0.33333333333333326,0.0
ATF7IP2,0.449574624122893,1.0,0.0,0.33333333333333326,0.0
ATG10,0.460328268889817,1.0,1.0,0.33333333333333326,0.0
ATG12,0.4479578786721635,0.507079249056488,0.0,0.33333333333333326,0.0
ATG13,0.5108418735089647,1.0,0.0,0.33333333333333326,0.0
ATG14,0.44913602090606286,1.0,0.0,0.33333333333333326,0.0
ATG16L1,0.4332547519294202,0.876098409973179,1.0,0.33333333333333326,0.0
ATG16L2,0.5577436533190078,1.0,1.0,1.0,0.0
ATG2B,0.5679172375954731,0.1161742694022167,0.0,0.33333333333333326,0.0
ATG4A,0.5200963188059581,1.0,0.0,0.33333333333333326,0.0
ATG4B,0.46307280809801665,1.0,1.0,0.33333333333333326,0.0
ATG5,0.45562323032635493,0.8935669080814657,0.0,0.33333333333333326,0.0
ATG7,0.3756945860161185,1.0,1.0,1.0,0.0
ATG9A,0.46263952217646453,0.3986665529781792,0.0,0.33333333333333326,0.0
ATG9B,0.5379973719990752,1.0,1.0,1.0,0.0
ATIC,0.5091729811013993,0.6362709260301083,0.0,0.33333333333333326,0.0
ATL1,0.2842464391511017,1.0,1.0,1.0,0.0
ATL2,0.4835245999013918,0.7296841227443329,1.0,0.33333333333333326,0.0
ATL3,0.5964488925778137,1.0,1.0,1.0,0.0
ATM,0.567546763781796,1.0,0.0,1.0,0.0
ATN1,0.5219036849454372,0.8405464251649859,0.0,0.33333333333333326,0.0
ATOH1,0.5725695158188878,0.6104919723186242,1.0,1.0,0.0
ATOH7,0.3737825804814177,1.0,1.0,1.0,0.0
ATOH8,0.7401965498213096,1.0,1.0,1.0,0.0
ATOX1,0.4676801480967581,0.3103340632945755,0.0,0.33333333333333326,0.0
ATP10A,0.4586775066702039,0.4841484889150252,0.0,0.33333333333333326,0.0
ATP10D,0.580936046177323,0.6019950378049485,1.0,1.0,0.0
ATP11C,0.5917498526356778,1.0,1.0,1.0,0.0
ATP12A,0.440835167716835,0.27636946210337954,0.0,1.0,0.0
ATP13A1,0.5411634118306694,1.0,1.0,1.0,0.0
ATP13A3,0.5068361968573593,0.5471772751067631,0.0,0.33333333333333326,0.0
ATP13A4,0.5837315462490309,0.058946393889654135,0.0,1.0,0.0
ATP13A5,0.5497188052209108,1.0,0.0,1.0,0.0
ATP1A1,0.3148753744776066,1.0,1.0,1.0,0.0
ATP1A2,0.6751638764861039,1.0,1.0,1.0,0.0
ATP1A3,0.4364859041054971,0.2837325236037841,0.0,1.0,0.0
ATP1B1,0.24087941352309936,1.0,1.0,1.0,0.0
ATP1B2,0.5754054848380568,1.0,0.0,0.33333333333333326,0.0
ATP1B3,0.563187640898204,1.0,0.0,1.0,0.0
ATP1B4,0.5588590715366157,1.0,1.0,1.0,0.0
ATP23,0.4040751427988729,1.0,0.0,0.33333333333333326,0.0
ATP2A1,0.576378107642551,0.37605799033673853,0.0,1.0,0.0
ATP2A2,0.3083627585782891,1.0,1.0,1.0,0.0
ATP2A3,0.3801466457318358,0.16615309695509878,0.0,0.33333333333333326,0.0
ATP2B1,0.299001082177281,1.0,1.0,1.0,0.0
ATP2B2,0.2812425462862542,1.0,1.0,1.0,0.0
ATP2B3,0.3708042109406755,1.0,1.0,1.0,0.0
ATP2C1,0.47518224635636935,0.40706316948563687,1.0,0.33333333333333326,0.0
ATP2C2,0.42262577692254105,1.0,0.0,1.0,0.0
ATP4A,0.4108393617906312,0.42190528839356684,1.0,0.33333333333333326,0.0
ATP5F1A,0.37321661617496354,1.0,1.0,1.0,0.0
ATP5F1B,0.31469486113536077,1.0,1.0,1.0,0.0
ATP5F1C,0.3645017488206772,1.0,0.0,1.0,0.0
ATP5F1D,0.46337580675876516,0.5216046862594317,1.0,0.33333333333333326,0.0
ATP5F1E,0.46165889467660687,0.4430809831737391,0.0,1.0,0.0
ATP5IF1,0.3297557466712681,1.0,1.0,1.0,0.0
ATP5MC1,0.3518145696786811,1.0,1.0,1.0,0.0
ATP5MC2,0.46982357499761385,0.2344939295002977,1.0,0.33333333333333326,0.0
ATP5MC3,0.4493508772877857,1.0,1.0,0.33333333333333326,0.0
ATP5ME,0.43149736624022855,0.5090639069179078,1.0,1.0,0.0
ATP5MF,0.41207665975577634,1.0,0.0,1.0,0.0
ATP5MG,0.3768609380383872,1.0,1.0,1.0,0.0
ATP5MGL,0.42672166782657633,1.0,0.0,1.0,0.0
ATP5MJ,0.3461902273024514,1.0,1.0,1.0,0.0
ATP5MK,0.3809006795942678,1.0,0.0,0.33333333333333326,0.0
ATP5PB,0.3541183543938317,1.0,1.0,1.0,0.0
ATP5PD,0.3379676930898482,1.0,1.0,1.0,0.0
ATP5PF,0.37938042650801096,1.0,0.0,1.0,0.0
ATP5PO,0.40676376292915184,1.0,1.0,1.0,0.0
ATP6AP1,0.36164301337493654,1.0,1.0,1.0,0.0
ATP6AP2,0.3052500586295497,1.0,0.0,1.0,0.0
ATP6V0A1,0.409350476736751,1.0,1.0,1.0,0.0
ATP6V0A2,0.5399443399547109,0.3121406795974273,1.0,1.0,0.0
ATP6V0A4,0.4698079393380842,0.17853738921595194,0.0,0.33333333333333326,0.0
ATP6V0B,0.4215107244346814,0.3190821005474485,0.0,0.33333333333333326,0.0
ATP6V0C,0.3955234910358008,1.0,0.0,1.0,0.0
ATP6V0D1,0.3619965997219766,1.0,1.0,1.0,0.0
ATP6V0D2,0.5675926112654005,0.2736406856046072,0.0,0.33333333333333326,0.0
ATP6V0E1,0.6069493599945301,1.0,0.0,0.33333333333333326,0.0
ATP6V0E2,0.3300779360935937,1.0,1.0,1.0,0.0
ATP6V1A,0.20885852458465173,1.0,1.0,1.0,0.0
ATP6V1B1,0.513169268816275,0.5724719249644602,0.0,0.33333333333333326,0.0
ATP6V1B2,0.17251289855184018,1.0,1.0,1.0,0.0
ATP6V1C1,0.3468016633251127,1.0,1.0,1.0,0.0
ATP6V1D,0.3420688664667143,1.0,1.0,1.0,0.0
ATP6V1E1,0.31012834931662603,1.0,1.0,1.0,0.0
ATP6V1F,0.3680077938463974,1.0,1.0,1.0,0.0
ATP6V1G1,0.3954255820894861,1.0,1.0,1.0,0.0
ATP6V1G2,0.22609596529258563,1.0,1.0,1.0,0.0
ATP6V1G3,0.41580073539403445,0.07858427804482782,0.0,0.33333333333333326,0.0
ATP6V1H,0.3362128602389595,1.0,1.0,1.0,0.0
ATP7B,0.5275066789338531,1.0,0.0,1.0,0.0
ATP8A1,0.4504015595898124,0.23973151527083916,0.0,1.0,0.0
ATP8A2,0.3013390270947939,1.0,1.0,1.0,0.0
ATP9A,0.3791456476783845,1.0,1.0,1.0,0.0
ATP9B,0.4979359662655491,0.5001516335759455,0.0,0.33333333333333326,0.0
ATPAF2,0.5326796120970274,1.0,0.0,1.0,0.0
ATR,0.429234215011865,1.0,0.0,1.0,0.0
ATRAID,0.5364793443130998,1.0,1.0,1.0,0.0
ATRIP,0.47000016283059454,1.0,1.0,0.33333333333333326,0.0
ATRN,0.38504894454683564,1.0,1.0,1.0,0.0
ATRNL1,0.2776666737327612,1.0,0.0,1.0,0.0
ATRX,0.46397206830396476,0.452444095876814,0.0,0.33333333333333326,0.0
ATXN1,0.3944835647034655,1.0,0.0,1.0,0.0
ATXN10,0.3765196296434726,1.0,1.0,1.0,0.0
ATXN2L,0.5846651742086071,0.7452504404019131,1.0,1.0,0.0
ATXN3,0.4114072320525717,1.0,0.0,0.33333333333333326,0.0
ATXN3L,0.4552133143134793,0.9513535944611348,1.0,0.33333333333333326,0.0
ATXN7,0.3882825239843842,0.4446351191258781,1.0,1.0,0.0
ATXN7L1,0.5229342674416416,0.8799015160354642,0.0,1.0,0.0
ATXN7L2,0.5376022530425343,1.0,0.0,1.0,0.0
AUH,0.37106384798080344,1.0,1.0,1.0,0.0
AUNIP,0.39787091107676403,1.0,0.0,1.0,0.0
AURKA,0.5640758771643039,0.1270208319762701,0.0,0.33333333333333326,0.0
AURKAIP1,0.40018363467830176,1.0,1.0,1.0,0.0
AVEN,0.5658527752057732,0.8807827450037649,1.0,1.0,0.0
AVIL,0.5786675838045156,1.0,0.0,1.0,0.0
AVL9,0.488280345493787,1.0,1.0,0.33333333333333326,0.0
AVP,0.5155125131592299,0.6492509855842845,0.0,0.33333333333333326,0.0
AVPI1,0.45227117465746225,1.0,0.0,1.0,0.0
AVPR1A,0.5143135313717409,1.0,1.0,0.33333333333333326,0.0
AVPR1B,0.4991312429214893,0.3942857002486206,0.0,0.33333333333333326,0.0
AVPR2,0.551037023388895,1.0,1.0,1.0,0.0
AWAT2,0.5348735341034017,0.04080758483060335,0.0,0.33333333333333326,0.0
AXDND1,0.5332360301029443,0.17091742921402725,1.0,1.0,0.0
AXIN1,0.5522854407638095,1.0,0.0,1.0,0.0
AXIN2,0.5478806750179834,0.22752142098368558,0.0,0.33333333333333326,0.0
AXL,0.669932835080688,1.0,1.0,1.0,0.0
AZGP1,0.6591796387959534,1.0,1.0,1.0,0.0
AZI2,0.5283236585400206,0.1546744068087294,1.0,0.33333333333333326,0.0
AZIN1,0.42108869096713863,1.0,0.0,0.33333333333333326,0.0
AZIN2,0.37194648166670746,1.0,1.0,1.0,0.0
B2M,0.6258847635333711,1.0,1.0,1.0,0.0
B3GALNT1,0.31404636655557033,1.0,1.0,1.0,0.0
B3GALNT2,0.5242903108154333,0.1911897177887917,0.0,0.33333333333333326,0.0
B3GALT2,0.23558226374781302,1.0,0.0,0.33333333333333326,0.0
B3GALT4,0.4696469511542745,0.20343867372218746,0.0,0.33333333333333326,0.0
B3GALT5,0.6410201450053142,0.5335923216575521,0.0,1.0,0.0
B3GALT6,0.3948945701204454,1.0,0.0,1.0,0.0
B3GAT1,0.4534461637418924,0.9771291028475334,0.0,1.0,0.0
B3GAT3,0.5104494164438816,0.46876867409318285,0.0,0.33333333333333326,0.0
B3GLCT,0.6500640963601965,0.4135345731956027,1.0,1.0,0.0
B3GNT2,0.5022267427875231,0.7109202576555861,1.0,0.33333333333333326,0.0
B3GNT3,0.46402760692607553,0.5027154442091261,0.0,0.33333333333333326,0.0
B3GNT4,0.3868320203478381,1.0,0.0,1.0,0.0
B3GNT5,0.5109691635004511,1.0,0.0,0.33333333333333326,0.0
B3GNT6,0.4010236311376508,0.596830925175129,1.0,0.33333333333333326,0.0
B3GNT8,0.4707821292038209,0.4036795134401389,0.0,1.0,0.0
B3GNT9,0.5727435941108114,1.0,0.0,0.33333333333333326,0.0
B4GALNT1,0.41472909087412824,0.22867515276489334,0.0,0.33333333333333326,0.0
B4GALNT4,0.5462853488136038,1.0,0.0,1.0,0.0
B4GALT1,0.6871417138970953,1.0,1.0,1.0,0.0
B4GALT2,0.4564880022715143,0.2778387583910756,0.0,0.33333333333333326,0.0
B4GALT3,0.4694659502360563,0.5489502592491982,0.0,0.33333333333333326,0.0
B4GALT4,0.5779107808966739,1.0,1.0,1.0,0.0
B4GALT5,0.40006073151100713,1.0,1.0,1.0,0.0
B4GALT6,0.24473583093139756,1.0,1.0,1.0,0.0
B4GAT1,0.3647594346805839,1.0,1.0,1.0,0.0
B9D1,0.3891309907009528,1.0,0.0,1.0,0.0
BAALC,0.44915411689999873,0.9036790452435679,0.0,1.0,0.0
BAAT,0.44888173103388207,1.0,0.0,0.33333333333333326,0.0
BABAM1,0.4148791389497227,1.0,0.0,1.0,0.0
BABAM2,0.38032430840565734,1.0,0.0,0.33333333333333326,0.0
BACC1,0.4536541881705583,1.0,0.0,1.0,0.0
BACE1,0.45650812094139975,0.582032936551484,0.0,0.33333333333333326,0.0
BACE2,0.6837963177380793,1.0,1.0,1.0,0.0
BACH1,0.5685088971990738,1.0,0.0,1.0,0.0
BAD,0.4623884935844735,0.5001883624913123,0.0,1.0,0.0
BAG2,0.46562584795115114,0.019454749872454415,0.0,0.33333333333333326,0.0
BAG3,0.818899478882235,1.0,0.0,1.0,0.0
BAG4,0.4000480144343964,1.0,1.0,1.0,0.0
BAG5,0.49851350645737313,0.8407160884601093,0.0,0.33333333333333326,0.0
BAG6,0.5202393412531736,0.5640449532533085,1.0,1.0,0.0
BAGE3,0.5130579577574238,0.923550504294015,0.0,1.0,0.0
BAGE4,0.5125428647294674,0.8003615559720996,0.0,0.33333333333333326,0.0
BAGE5,0.5120657074438595,0.8351037210642784,0.0,1.0,0.0
BAHCC1,0.5054542968641899,0.392972744205552,0.0,1.0,0.0
BAIAP2,0.4880016644142668,1.0,1.0,0.33333333333333326,0.0
BAIAP2L1,0.5571879767463902,0.4996457331967563,1.0,1.0,0.0
BAIAP2L2,0.43411448828870036,1.0,0.0,1.0,0.0
BAIAP3,0.4564175088843763,0.27346816602554674,0.0,0.33333333333333326,0.0
BAK1,0.37693594412103787,0.38191483956398675,1.0,0.33333333333333326,0.0
BAMBI,0.5956171630768019,1.0,1.0,1.0,0.0
BANK1,0.5085389647036439,1.0,0.0,0.33333333333333326,0.0
BANP,0.5910680448045513,1.0,0.0,0.33333333333333326,0.0
BARD1,0.6271019215926219,1.0,1.0,1.0,0.0
BARHL1,0.4677213006753255,0.3478302542587731,0.0,0.33333333333333326,0.0
BARX2,0.4784790216840202,0.026357168573595945,0.0,0.33333333333333326,0.0
BASP1,0.3247817738805195,1.0,0.0,1.0,0.0
BATF,0.6049930458175102,1.0,0.0,0.33333333333333326,0.0
BATF2,0.5878460451640483,1.0,1.0,1.0,0.0
BATF3,0.42290378176953697,1.0,0.0,0.33333333333333326,0.0
BAX,0.5351705911149137,1.0,1.0,1.0,0.0
BAZ1A,0.6808830600984582,1.0,1.0,1.0,0.0
BAZ2A,0.5271392252683451,1.0,0.0,1.0,0.0
BAZ2B,0.5697445448148842,1.0,0.0,0.33333333333333326,0.0
BBC3,0.577063462523675,0.8651322688580712,1.0,1.0,0.0
BBOF1,0.5227772447243042,1.0,0.0,0.33333333333333326,0.0
BBOX1,0.6922115856140141,1.0,1.0,1.0,0.0
BBS12,0.4130075398610676,1.0,0.0,1.0,0.0
BBS2,0.5848527357501544,1.0,0.0,1.0,0.0
BBS4,0.48433648809602203,1.0,1.0,0.33333333333333326,0.0
BBS5,0.4436326464984303,1.0,0.0,1.0,0.0
BBS7,0.3224869203128591,1.0,1.0,1.0,0.0
BBS9,0.30852995711589526,0.8012496326097323,1.0,1.0,0.0
BBX,0.5780925144140717,1.0,0.0,1.0,0.0
BCAM,0.5140390466429166,0.3416214843599234,0.0,1.0,0.0
BCAN,0.5568343060308314,0.3329500498467416,1.0,1.0,0.0
BCAP29,0.5763753891138127,1.0,0.0,0.33333333333333326,0.0
BCAP31,0.45850033074868657,1.0,0.0,0.33333333333333326,0.0
BCAR1,0.5964499293408719,1.0,1.0,1.0,0.0
BCAR3,0.5268501932745304,1.0,0.0,0.33333333333333326,0.0
BCAS2,0.33306499903670744,1.0,0.0,1.0,0.0
BCAS3,0.46514835462599796,0.5910034404587396,0.0,1.0,0.0
BCAS4,0.4602061663491975,1.0,1.0,0.33333333333333326,0.0
BCAT1,0.3714703396968733,1.0,1.0,1.0,0.0
BCAT2,0.615475749970191,1.0,1.0,1.0,0.0
BCCIP,0.5001709626179321,1.0,1.0,0.33333333333333326,0.0
BCDIN3D,0.49407411474850677,0.328948408960023,0.0,1.0,0.0
BCHE,0.49665887346370075,0.44231038147068175,1.0,0.33333333333333326,0.0
BCKDHA,0.5426974010493788,0.42724430763887106,1.0,0.33333333333333326,0.0
BCKDK,0.42681086367365023,1.0,0.0,1.0,0.0
BCL10,0.466860021423987,0.22812155889419977,0.0,1.0,0.0
BCL11A,0.3510216383152639,1.0,0.0,1.0,0.0
BCL11B,0.3969753148621288,1.0,0.0,0.33333333333333326,0.0
BCL2,0.5806263078944016,1.0,1.0,1.0,0.0
BCL2A1,0.5571630029158774,1.0,0.0,0.33333333333333326,0.0
BCL2L1,0.5449754872037673,1.0,0.0,0.33333333333333326,0.0
BCL2L10,0.4347403875421444,1.0,0.0,1.0,0.0
BCL2L11,0.5153936407786055,0.7341754914119335,0.0,0.33333333333333326,0.0
BCL2L12,0.47334431680729877,1.0,1.0,0.33333333333333326,0.0
BCL2L15,0.4723930927382136,0.1695782149958515,0.0,0.33333333333333326,0.0
BCL2L2,0.3809171807512562,1.0,0.0,0.33333333333333326,0.0
BCL3,0.6682206414918199,1.0,1.0,1.0,0.0
BCL6,0.7180723462371033,1.0,0.0,1.0,0.0
BCL6B,0.6252577427747223,1.0,0.0,0.33333333333333326,0.0
BCL7C,0.43655377692915587,1.0,1.0,0.33333333333333326,0.0
BCL9,0.5542878001584248,1.0,1.0,1.0,0.0
BCL9L,0.5086188318993503,1.0,0.0,1.0,0.0
BCLAF1,0.46727089693339807,0.673775968044238,1.0,0.33333333333333326,0.0
BCO1,0.45471140145716243,0.2994158176131822,1.0,0.33333333333333326,0.0
BCO2,0.5217119579648443,0.5556944908581917,0.0,1.0,0.0
BCOR,0.49992591942850945,0.03730384547983093,0.0,1.0,0.0
BCORL1,0.5535961736888948,0.6260319434947599,0.0,1.0,0.0
BCR,0.4909970689671552,1.0,1.0,0.33333333333333326,0.0
BCS1L,0.4422304041135423,1.0,0.0,1.0,0.0
BDH1,0.40161578305114604,1.0,0.0,0.33333333333333326,0.0
BDH2,0.7050196340729875,1.0,1.0,1.0,0.0
BDKRB2,0.5006758472167085,0.24053506987379425,0.0,0.33333333333333326,0.0
BDNF,0.19180847979238042,1.0,1.0,1.0,0.0
BDP1,0.5202693628394224,0.9979673759505532,0.0,1.0,0.0
BECN1,0.3718858156107362,1.0,0.0,1.0,0.0
BEGAIN,0.3849253836134018,0.9003044925140224,1.0,1.0,0.0
BEND3,0.3054313083722774,0.751230029055037,1.0,1.0,0.0
BEND4,0.5346228012660148,0.33374372375160094,1.0,0.33333333333333326,0.0
BEND5,0.3234869460391463,1.0,0.0,1.0,0.0
BEND6,0.31434776607071896,1.0,1.0,1.0,0.0
BEST1,0.5793241247800585,1.0,0.0,1.0,0.0
BEST3,0.6013926853976659,1.0,0.0,0.33333333333333326,0.0
BEST4,0.3999996232353343,1.0,0.0,0.33333333333333326,0.0
BET1,0.46154647079441424,1.0,0.0,0.33333333333333326,0.0
BET1L,0.44845243309535543,1.0,1.0,0.33333333333333326,0.0
BEX1,0.24079980269803192,1.0,1.0,1.0,0.0
BEX2,0.25745831652931983,1.0,1.0,1.0,0.0
BEX3,0.33786633457238185,1.0,1.0,1.0,0.0
BEX4,0.28533718085485194,1.0,1.0,1.0,0.0
BEX5,0.1859704688001171,1.0,1.0,1.0,0.0
BFAR,0.5368694836362763,0.03661685116371876,0.0,0.33333333333333326,0.0
BFSP1,0.3073229475358158,1.0,1.0,1.0,0.0
BGLAP,0.5204405766501705,0.9946912117753789,0.0,0.33333333333333326,0.0
BGN,0.702445302999056,1.0,1.0,1.0,0.0
BHLHA15,0.568027148105477,0.17074140418608852,0.0,0.33333333333333326,0.0
BHLHE22,0.4977797258544843,1.0,0.0,0.33333333333333326,0.0
BHLHE23,0.6459337113949107,1.0,0.0,0.33333333333333326,0.0
BHLHE41,0.5421127602961652,1.0,0.0,1.0,0.0
BHMT,0.434272596247276,0.6922525636723799,0.0,0.33333333333333326,0.0
BHMT2,0.5161193581124415,1.0,0.0,0.33333333333333326,0.0
BICD1,0.46008973157603805,0.5292793042512333,0.0,1.0,0.0
BICD2,0.4286842766121073,0.6606279793754979,1.0,1.0,0.0
BICRA,0.4882739977410549,1.0,1.0,0.33333333333333326,0.0
BICRAL,0.44555316764969255,1.0,0.0,1.0,0.0
BID,0.4833079826870473,1.0,1.0,0.33333333333333326,0.0
BIK,0.42575719686540164,0.1111663894991918,1.0,1.0,0.0
BIN1,0.5439797885764021,1.0,0.0,0.33333333333333326,0.0
BIN2,0.6027960128044456,1.0,0.0,1.0,0.0
BIN3,0.5354457848205852,1.0,0.0,1.0,0.0
BIRC2,0.5455756957137972,1.0,1.0,1.0,0.0
BIRC3,0.4571931928528056,0.2236652606463339,1.0,0.33333333333333326,0.0
BIRC6,0.4528748901184048,0.6373698068368749,0.0,1.0,0.0
BIRC7,0.5388289320159994,0.29455148728168606,1.0,1.0,0.0
BIVM,0.44696594653472493,0.2299682800821375,1.0,1.0,0.0
BKGD,0.5926526312436883,1.0,1.0,1.0,0.0
BLCAP,0.3818001711290132,1.0,0.0,1.0,0.0
BLID,0.5718989987830988,0.7374479996245487,1.0,1.0,0.0
BLK,0.5674668144922046,1.0,1.0,1.0,0.0
BLM,0.5930303372562699,0.19199344587883838,0.0,1.0,0.0
BLMH,0.42066068831781667,0.13089666862501648,0.0,0.33333333333333326,0.0
BLNK,0.5523384351583527,0.6556973132427885,0.0,1.0,0.0
BLOC1S2,0.39333905397341157,1.0,1.0,1.0,0.0
BLOC1S4,0.43667592329945404,0.12689276145527534,0.0,0.33333333333333326,0.0
BLOC1S5,0.5830085809089104,1.0,1.0,1.0,0.0
BLOC1S6,0.3971762939395444,1.0,1.0,1.0,0.0
BLTP2,0.5347212305346053,0.41551042598524124,1.0,0.33333333333333326,0.0
BLVRA,0.4309110500496754,1.0,1.0,0.33333333333333326,0.0
BLVRB,0.5051635650395383,0.12852941163106488,0.0,0.33333333333333326,0.0
BLZF1,0.43740571374368753,1.0,0.0,1.0,0.0
BMAL2,0.4072720162283936,1.0,0.0,1.0,0.0
BMERB1,0.46320033278425216,0.40164344738022095,0.0,1.0,0.0
BMF,0.5516843393133852,1.0,0.0,0.33333333333333326,0.0
BMP15,0.4682045677341813,0.30727575662347106,0.0,1.0,0.0
BMP2,0.6187008438389503,0.3792467165428137,0.0,0.33333333333333326,0.0
BMP2K,0.6166356096236087,1.0,1.0,1.0,0.0
BMP3,0.3730841235551793,1.0,1.0,1.0,0.0
BMP4,0.6833670724318022,1.0,1.0,1.0,0.0
BMP5,0.6012803541733418,1.0,0.0,0.33333333333333326,0.0
BMP6,0.631598186895333,1.0,0.0,1.0,0.0
BMP7,0.5629223071051987,1.0,0.0,1.0,0.0
BMP8B,0.4425188538320195,0.6578102114882566,1.0,1.0,0.0
BMPER,0.3292946397253783,1.0,1.0,1.0,0.0
BMPR1A,0.5951646804123425,1.0,1.0,1.0,0.0
BMPR1B,0.557505016710379,1.0,0.0,1.0,0.0
BMX,0.5341181224037685,0.8774579672088437,0.0,1.0,0.0
BNC2,0.5606481820902259,1.0,0.0,0.33333333333333326,0.0
BNIP2,0.5822398708102041,1.0,1.0,1.0,0.0
BNIP3,0.34199511726736537,1.0,1.0,1.0,0.0
BNIP3L,0.46246143015744423,0.36033832374496416,0.0,1.0,0.0
BNIPL,0.570742631273765,1.0,0.0,0.33333333333333326,0.0
BOC,0.6577481596211846,1.0,1.0,1.0,0.0
BOD1,0.4691077352797693,0.2966663945422085,0.0,0.33333333333333326,0.0
BOK,0.5061795049146725,1.0,0.0,0.33333333333333326,0.0
BOLA1,0.5102806978120932,1.0,1.0,0.33333333333333326,0.0
BOLA3,0.3896629256816642,1.0,1.0,1.0,0.0
BORA,0.5016209037405885,0.09733891593308983,0.0,0.33333333333333326,0.0
BORCS5,0.404365582152641,1.0,0.0,0.33333333333333326,0.0
BORCS6,0.414308718505528,0.2295722312651972,1.0,0.33333333333333326,0.0
BORCS7,0.4064063959634682,1.0,0.0,0.33333333333333326,0.0
BPGM,0.4226091581366798,1.0,0.0,0.33333333333333326,0.0
BPHL,0.42342048526228887,1.0,1.0,1.0,0.0
BPI,0.4872881481064504,0.42552244876482437,1.0,0.33333333333333326,0.0
BPIFA3,0.33907705514746783,0.5337440614824789,0.0,0.33333333333333326,0.0
BPIFB3,0.4564298057008141,1.0,0.0,1.0,0.0
BPIFB4,0.49959376505652464,0.9167959685800533,0.0,1.0,0.0
BPIFB6,0.474199318265495,0.5231258109708614,0.0,0.33333333333333326,0.0
BPIFC,0.5471871138731804,0.1803708751653406,0.0,1.0,0.0
BPNT1,0.46343476546252516,0.5277189711096788,0.0,0.33333333333333326,0.0
BPNT2,0.36385630020421605,1.0,1.0,1.0,0.0
BRAP,0.3682178716993272,1.0,1.0,1.0,0.0
BRAT1,0.5527198905829342,1.0,0.0,1.0,0.0
BRCA1,0.533191434037092,0.8724262871470762,0.0,0.33333333333333326,0.0
BRCA2,0.4655976833973369,0.07412303405378466,0.0,0.33333333333333326,0.0
BRD1,0.5096430101238393,1.0,0.0,1.0,0.0
BRD2,0.44404616902092714,1.0,1.0,0.33333333333333326,0.0
BRD3,0.5218903974899511,1.0,0.0,0.33333333333333326,0.0
BRD3OS,0.44146858215208234,1.0,0.0,0.33333333333333326,0.0
BRD4,0.48339940937814296,0.7896670346492646,1.0,0.33333333333333326,0.0
BRD7,0.5064205393143993,1.0,0.0,1.0,0.0
BRD8,0.501935193831034,0.3526583070162253,0.0,0.33333333333333326,0.0
BRD9,0.39539380659197604,1.0,1.0,1.0,0.0
BRDT,0.44293281437397775,1.0,0.0,0.33333333333333326,0.0
BRF2,0.42661923928981826,1.0,0.0,1.0,0.0
BRI3,0.5840561198665476,1.0,1.0,1.0,0.0
BRI3BP,0.4179031412968891,1.0,0.0,0.33333333333333326,0.0
BRICD5,0.547399737596552,1.0,0.0,1.0,0.0
BRINP1,0.32706269207228117,1.0,1.0,1.0,0.0
BRINP2,0.41065681146024985,1.0,0.0,0.33333333333333326,0.0
BRINP3,0.4140947713435996,1.0,0.0,0.33333333333333326,0.0
BRIP1,0.44578520820836104,0.6663407732034105,1.0,1.0,0.0
BRIX1,0.44965678104703866,1.0,0.0,1.0,0.0
BRK1,0.43356663165063114,1.0,0.0,0.33333333333333326,0.0
BRME1,0.5158560734253514,1.0,0.0,0.33333333333333326,0.0
BRMS1,0.5591233870637076,1.0,1.0,1.0,0.0
BRMS1L,0.3539037325242806,1.0,0.0,0.33333333333333326,0.0
BROX,0.5278857536516723,0.9302864272397933,1.0,1.0,0.0
BRPF1,0.5224881896616551,1.0,0.0,0.33333333333333326,0.0
BRPF3,0.43265719906346106,0.38472018860446167,1.0,1.0,0.0
BRS3,0.5264040415179314,1.0,0.0,1.0,0.0
BRWD1,0.5251183960195732,1.0,0.0,0.33333333333333326,0.0
BRWD3,0.5772335216423529,1.0,0.0,1.0,0.0
BSDC1,0.5247221720985178,1.0,0.0,0.33333333333333326,0.0
BSN,0.3400508938604525,1.0,1.0,1.0,0.0
BST1,0.6172060239161018,1.0,1.0,1.0,0.0
BST2,0.6107697798195425,1.0,0.0,0.33333333333333326,0.0
BTAF1,0.48525677775583087,0.674916921044796,1.0,0.33333333333333326,0.0
BTBD1,0.45864556995273603,1.0,0.0,0.33333333333333326,0.0
BTBD10,0.3426037555493592,1.0,1.0,1.0,0.0
BTBD3,0.3656166663168617,1.0,1.0,1.0,0.0
BTBD6,0.4553999639950117,0.6246996309059293,0.0,0.33333333333333326,0.0
BTBD7,0.3098219910919166,0.6670280569606812,0.0,0.33333333333333326,0.0
BTBD8,0.4128243140400815,1.0,1.0,0.33333333333333326,0.0
BTBD9,0.4995583436058301,0.436615144714231,0.0,0.33333333333333326,0.0
BTC,0.5567664839746184,0.34140874386974446,1.0,0.33333333333333326,0.0
BTD,0.4668567988664836,1.0,1.0,0.33333333333333326,0.0
BTF3,0.5099334801859988,0.5029532523390936,0.0,1.0,0.0
BTF3L4,0.40629352096981364,1.0,0.0,1.0,0.0
BTG1,0.6270861878686288,1.0,0.0,1.0,0.0
BTG2,0.6154549691535012,1.0,1.0,1.0,0.0
BTG3,0.5445380611448981,1.0,0.0,0.33333333333333326,0.0
BTG4,0.5377577640684782,0.30233770501644536,0.0,0.33333333333333326,0.0
BTK,0.6182693695719235,1.0,1.0,1.0,0.0
BTLA,0.5135684660240143,0.01458671561781288,0.0,0.33333333333333326,0.0
BTN2A1,0.3851660418995354,1.0,1.0,1.0,0.0
BTN3A1,0.4665477951506119,1.0,1.0,0.33333333333333326,0.0
BTN3A2,0.5667275508841214,1.0,1.0,1.0,0.0
BTN3A3,0.51795395657639,0.786896309117068,0.0,0.33333333333333326,0.0
BTNL8,0.553709833122167,1.0,0.0,0.33333333333333326,0.0
BTNL9,0.5556756813849378,1.0,0.0,1.0,0.0
BUB1B,0.36956377160821774,0.5767304423443085,1.0,1.0,0.0
BUB3,0.46123972814423925,0.40408932117525487,1.0,0.33333333333333326,0.0
BUD13,0.5093445828375844,1.0,0.0,1.0,0.0
BUD23,0.40683947849379515,1.0,1.0,1.0,0.0
BUD31,0.4600275381188426,1.0,0.0,1.0,0.0
BYSL,0.42456575492147797,1.0,0.0,0.33333333333333326,0.0
BZW1,0.4510479640306619,0.4028894068933418,0.0,1.0,0.0
BZW2,0.38243525432659836,1.0,0.0,0.33333333333333326,0.0
C10orf105,0.5682414601096724,1.0,1.0,0.33333333333333326,0.0
C10orf88,0.38613136730248826,1.0,1.0,1.0,0.0
C10orf90,0.528199944968123,0.2856387114340904,0.0,1.0,0.0
C10orf95,0.5105127994070799,1.0,0.0,1.0,0.0
C11orf24,0.41999320220135894,1.0,0.0,1.0,0.0
C11orf42,0.5550798529330035,0.12936952837195526,0.0,0.33333333333333326,0.0
C11orf52,0.5475137883323268,1.0,0.0,1.0,0.0
C11orf58,0.45025882398270556,1.0,0.0,0.33333333333333326,0.0
C11orf65,0.45649335616619335,0.7900708492576706,0.0,0.33333333333333326,0.0
C11orf68,0.5458330677271797,0.5246966408745127,1.0,1.0,0.0
C11orf86,0.43012057328663816,0.34959461780702705,1.0,0.33333333333333326,0.0
C11orf87,0.2543354822381148,1.0,0.0,1.0,0.0
C11orf98,0.4650557094393876,0.7083998505740327,0.0,1.0,0.0
C12orf42,0.41619520277763394,1.0,0.0,0.33333333333333326,0.0
C12orf43,0.3792449075527879,1.0,0.0,0.33333333333333326,0.0
C12orf54,0.4080812149210285,1.0,0.0,1.0,0.0
C12orf57,0.44194783883766575,1.0,0.0,0.33333333333333326,0.0
C12orf76,0.37919374280089313,1.0,1.0,1.0,0.0
C14orf119,0.5077521739018301,0.6239098478912941,0.0,0.33333333333333326,0.0
C14orf39,0.45614416843177247,0.12570361288051551,0.0,1.0,0.0
C14orf93,0.5772452522125614,1.0,1.0,1.0,0.0
C15orf39,0.519189372366515,1.0,0.0,1.0,0.0
C15orf40,0.4825382682728761,1.0,1.0,0.33333333333333326,0.0
C15orf61,0.40980324794236367,1.0,0.0,1.0,0.0
C15orf62,0.47858320496701956,1.0,1.0,0.33333333333333326,0.0
C16orf46,0.5472128854015283,1.0,1.0,1.0,0.0
C16orf54,0.40132981252663497,1.0,1.0,1.0,0.0
C16orf89,0.48780211642511,1.0,1.0,0.33333333333333326,0.0
C17orf50,0.5008377200322267,1.0,0.0,1.0,0.0
C17orf58,0.38640018614802024,1.0,1.0,1.0,0.0
C17orf67,0.49055687414558846,1.0,1.0,0.33333333333333326,0.0
C19orf12,0.45800458186589266,1.0,0.0,0.33333333333333326,0.0
C19orf18,0.564823709783826,1.0,0.0,1.0,0.0
C19orf25,0.5697922296016612,1.0,0.0,0.33333333333333326,0.0
C19orf33,0.5584073054600092,0.6665271505319117,1.0,1.0,0.0
C19orf44,0.5631189221525008,1.0,1.0,1.0,0.0
C19orf47,0.46083107719913763,0.6437153658281034,0.0,1.0,0.0
C19orf53,0.4713815170146092,0.18082076626807334,0.0,1.0,0.0
C19orf73,0.5681781836568711,0.2886942923306027,1.0,1.0,0.0
C1D,0.36042473558236465,1.0,1.0,1.0,0.0
C1GALT1,0.422123099287964,1.0,0.0,1.0,0.0
C1QA,0.8032217744655354,1.0,0.0,0.33333333333333326,0.0
C1QB,0.7192168908336705,1.0,1.0,1.0,0.0
C1QBP,0.43090393641483243,1.0,0.0,1.0,0.0
C1QC,0.7404771428200823,1.0,0.0,1.0,0.0
C1QL1,0.5214635950938692,0.7650560703181122,0.0,1.0,0.0
C1QL3,0.2189541561064081,1.0,1.0,1.0,0.0
C1QL4,0.4707306706333603,0.20588469221850556,0.0,0.33333333333333326,0.0
C1QTNF1,0.629101289263891,1.0,1.0,1.0,0.0
C1QTNF2,0.5189283533354161,1.0,1.0,0.33333333333333326,0.0
C1QTNF3,0.5568157578355472,0.321714354162181,1.0,1.0,0.0
C1QTNF4,0.474120246107238,1.0,1.0,0.33333333333333326,0.0
C1QTNF5,0.7787231440723099,1.0,1.0,1.0,0.0
C1QTNF6,0.5335129843919434,1.0,0.0,0.33333333333333326,0.0
C1R,0.5428991737932597,1.0,1.0,0.33333333333333326,0.0
C1RL,0.5819624652878067,1.0,0.0,0.33333333333333326,0.0
C1S,0.7559534933262401,1.0,1.0,1.0,0.0
C1orf115,0.34741946493738346,1.0,0.0,1.0,0.0
C1orf122,0.46292147542251955,0.4807816259722401,0.0,0.33333333333333326,0.0
C1orf159,0.4708552129951186,0.05296628328758439,0.0,0.33333333333333326,0.0
C1orf162,0.7211847885847855,1.0,1.0,1.0,0.0
C1orf198,0.6017340911113863,1.0,0.0,1.0,0.0
C1orf21,0.4375514949430541,1.0,0.0,1.0,0.0
C1orf210,0.4259080306812053,0.37211801466278466,0.0,1.0,0.0
C1orf216,0.38398508002614296,1.0,1.0,1.0,0.0
C1orf226,0.5989452618359313,1.0,1.0,1.0,0.0
C1orf35,0.5014944610743247,0.5951407245158871,0.0,0.33333333333333326,0.0
C1orf50,0.4615426981580366,0.22640070085795916,0.0,0.33333333333333326,0.0
C1orf52,0.367536305820173,1.0,1.0,1.0,0.0
C1orf53,0.4279522977024632,1.0,0.0,0.33333333333333326,0.0
C1orf54,0.5450942487560754,1.0,0.0,1.0,0.0
C1orf56,0.5122070506328128,0.5431133686972958,0.0,1.0,0.0
C1orf74,0.34853306065645995,1.0,1.0,1.0,0.0
C1orf87,0.4692420924315734,1.0,1.0,0.33333333333333326,0.0
C2,0.5531579546573545,1.0,0.0,1.0,0.0
C20orf141,0.6160977680094928,1.0,0.0,1.0,0.0
C20orf144,0.535405646683332,1.0,0.0,1.0,0.0
C20orf96,0.5010811655096978,1.0,0.0,0.33333333333333326,0.0
C21orf58,0.46554249055728936,0.22018841714948906,0.0,0.33333333333333326,0.0
C21orf91,0.5134144047395441,0.13475216290292222,0.0,1.0,0.0
C22orf23,0.5673982725516404,1.0,1.0,1.0,0.0
C2CD2,0.5881524791072096,1.0,1.0,1.0,0.0
C2CD2L,0.34904337306679906,1.0,1.0,1.0,0.0
C2CD4A,0.51581462418675,0.4804313864738997,0.0,0.33333333333333326,0.0
C2CD4C,0.4201411727042888,1.0,0.0,1.0,0.0
C2CD5,0.3732742960599981,0.5033305268903303,1.0,1.0,0.0
C2orf15,0.44802521760450265,1.0,0.0,1.0,0.0
C2orf42,0.5133508253414366,1.0,0.0,1.0,0.0
C2orf49,0.46268745715875503,0.5429502773419409,0.0,1.0,0.0
C2orf69,0.45576853169728715,0.6899909007199123,1.0,1.0,0.0
C2orf72,0.5364883892251514,1.0,0.0,1.0,0.0
C2orf80,0.23680242192578244,1.0,1.0,1.0,0.0
C3,0.6834874001111253,1.0,1.0,1.0,0.0
C3AR1,0.7317433451645876,1.0,0.0,1.0,0.0
C3orf18,0.4957216072605889,1.0,1.0,0.33333333333333326,0.0
C3orf22,0.46332084660203365,1.0,0.0,0.33333333333333326,0.0
C3orf38,0.4452830665249915,0.5790831249870572,0.0,1.0,0.0
C3orf52,0.44228988904790734,0.7390921825433696,0.0,1.0,0.0
C4A,0.6259862533609714,1.0,1.0,0.33333333333333326,0.0
C4orf33,0.3614767234509708,1.0,0.0,1.0,0.0
C4orf46,0.4612849481346582,0.34151139136066067,0.0,0.33333333333333326,0.0
C4orf54,0.3548501261621039,1.0,0.0,1.0,0.0
C5,0.5475112583822188,0.3920983723195592,1.0,1.0,0.0
C5AR1,0.6730536569590865,1.0,0.0,0.33333333333333326,0.0
C5orf22,0.34008849700497856,1.0,1.0,1.0,0.0
C5orf24,0.455851277785967,0.6986936139258962,0.0,0.33333333333333326,0.0
C5orf34,0.4943186992367956,1.0,1.0,0.33333333333333326,0.0
C5orf47,0.4443564281901719,1.0,0.0,0.33333333333333326,0.0
C6orf118,0.574245844393264,1.0,0.0,1.0,0.0
C6orf120,0.4906450640005014,1.0,1.0,0.33333333333333326,0.0
C6orf136,0.40999108510598714,1.0,1.0,1.0,0.0
C6orf163,0.5140184100133823,0.18702020392467894,0.0,0.33333333333333326,0.0
C6orf47,0.5091482024919889,0.9242423215455557,0.0,1.0,0.0
C6orf52,0.4645788464797158,0.2721815204754172,0.0,0.33333333333333326,0.0
C6orf62,0.5083702239270587,1.0,0.0,0.33333333333333326,0.0
C6orf89,0.5145795257026184,1.0,0.0,1.0,0.0
C7,0.7222998182753089,1.0,1.0,1.0,0.0
C7orf25,0.4565900367335538,1.0,0.0,0.33333333333333326,0.0
C7orf33,0.5004170563247203,0.2117468910082059,1.0,0.33333333333333326,0.0
C7orf57,0.5671860766762743,0.8938619489478032,0.0,0.33333333333333326,0.0
C8A,0.4868026309945795,0.8117217101634716,1.0,0.33333333333333326,0.0
C8B,0.4288368002814384,0.0628074079818035,0.0,0.33333333333333326,0.0
C8orf33,0.4593092145894347,1.0,1.0,0.33333333333333326,0.0
C8orf34,0.39153670448850686,1.0,0.0,0.33333333333333326,0.0
C8orf74,0.5734165180339579,1.0,1.0,1.0,0.0
C8orf76,0.37558448598110883,0.43716059838448906,0.0,1.0,0.0
C8orf82,0.5437882082776492,1.0,1.0,1.0,0.0
C9,0.5507407795702604,0.6487693773837521,1.0,1.0,0.0
C9orf40,0.43338053447320085,1.0,0.0,0.33333333333333326,0.0
C9orf43,0.5799043804263755,0.3272601083237711,0.0,0.33333333333333326,0.0
C9orf50,0.47396318997241826,0.2569186463516326,0.0,0.33333333333333326,0.0
C9orf72,0.35918519129828075,1.0,1.0,1.0,0.0
C9orf78,0.46632520730591154,0.10537676596794261,1.0,0.33333333333333326,0.0
C9orf85,0.45769098557616816,0.4592629058170606,0.0,0.33333333333333326,0.0
CA10,0.16821224406905788,1.0,1.0,1.0,0.0
CA11,0.41354045316823923,1.0,1.0,1.0,0.0
CA12,0.5138813849582474,1.0,0.0,1.0,0.0
CA13,0.37635099513500125,1.0,1.0,1.0,0.0
CA14,0.37268741139580386,1.0,0.0,0.33333333333333326,0.0
CA2,0.6237379428680093,1.0,1.0,1.0,0.0
CA3,0.542422398174317,1.0,0.0,0.33333333333333326,0.0
CA4,0.282002076493989,1.0,0.0,0.33333333333333326,0.0
CA5A,0.5288769171177402,0.6688448980890908,0.0,1.0,0.0
CA8,0.5606223563326779,1.0,0.0,1.0,0.0
CAB39,0.4161464804119346,1.0,0.0,1.0,0.0
CAB39L,0.5969667161633958,1.0,1.0,1.0,0.0
CABCOCO1,0.38969860723322935,1.0,0.0,0.33333333333333326,0.0
CABIN1,0.46599744085878864,1.0,1.0,0.33333333333333326,0.0
CABLES1,0.5394052921919612,0.9380601543978621,0.0,1.0,0.0
CABLES2,0.49633590120926124,1.0,1.0,0.33333333333333326,0.0
CABP1,0.385300051676829,1.0,1.0,1.0,0.0
CABP2,0.4734887068728758,0.1148571945627046,0.0,1.0,0.0
CABP4,0.5041057561879907,1.0,0.0,1.0,0.0
CABP5,0.5190253441098067,1.0,0.0,0.33333333333333326,0.0
CABYR,0.3337408701106237,1.0,1.0,1.0,0.0
CACFD1,0.4989767583790502,1.0,1.0,0.33333333333333326,0.0
CACHD1,0.615153908725797,1.0,1.0,1.0,0.0
CACNA1A,0.5404323336767295,1.0,0.0,0.33333333333333326,0.0
CACNA1B,0.45780628676096197,0.4356224344284509,0.0,1.0,0.0
CACNA1D,0.3665142497494991,1.0,1.0,1.0,0.0
CACNA1E,0.5381181197603292,1.0,0.0,0.33333333333333326,0.0
CACNA1G,0.355669629773774,1.0,0.0,0.33333333333333326,0.0
CACNA1S,0.47212756892157387,0.36729568799880313,0.0,1.0,0.0
CACNA2D1,0.3671222089403433,1.0,1.0,1.0,0.0
CACNA2D3,0.3240106970743167,1.0,0.0,1.0,0.0
CACNA2D4,0.5732020096395768,0.36558112624660194,1.0,1.0,0.0
CACNB1,0.4013520537863238,1.0,1.0,1.0,0.0
CACNB2,0.49610760782165675,1.0,1.0,0.33333333333333326,0.0
CACNB3,0.33582679448268965,1.0,1.0,1.0,0.0
CACNB4,0.3040330269600316,1.0,1.0,1.0,0.0
CACNG1,0.36120209768489064,1.0,0.0,0.33333333333333326,0.0
CACNG2,0.4392121587796316,1.0,0.0,0.33333333333333326,0.0
CACNG3,0.31901517501401944,1.0,0.0,1.0,0.0
CACNG4,0.549713714561995,0.1020677660307803,0.0,0.33333333333333326,0.0
CACUL1,0.49244447202432884,1.0,1.0,0.33333333333333326,0.0
CACYBP,0.40170007970364774,0.7075384325345832,1.0,1.0,0.0
CAD,0.5164022579635132,1.0,0.0,0.33333333333333326,0.0
CADM1,0.580563115597798,1.0,0.0,1.0,0.0
CADM2,0.40075179971557934,1.0,0.0,1.0,0.0
CADM4,0.5681237583423765,0.16913598588934198,0.0,1.0,0.0
CADPS,0.4434375202443561,0.829964809964281,0.0,1.0,0.0
CADPS2,0.38932150556074996,1.0,1.0,1.0,0.0
CALB1,0.16670850562389078,1.0,1.0,1.0,0.0
CALB2,0.34967514754350665,1.0,0.0,1.0,0.0
CALCA,0.49831282457209114,0.5153373936893029,0.0,0.33333333333333326,0.0
CALCB,0.4452821400232494,1.0,0.0,1.0,0.0
CALCOCO1,0.5526570607900266,1.0,0.0,1.0,0.0
CALCOCO2,0.6316501843491524,1.0,1.0,1.0,0.0
CALCR,0.436277288321019,0.9991791632607083,0.0,0.33333333333333326,0.0
CALCRL,0.5534485815583943,1.0,0.0,1.0,0.0
CALD1,0.508687577692025,0.28176124951603826,0.0,1.0,0.0
CALHM1,0.3737838594353056,1.0,0.0,1.0,0.0
CALHM2,0.4127007058709229,1.0,1.0,0.33333333333333326,0.0
CALHM5,0.4474882576568691,1.0,1.0,0.33333333333333326,0.0
CALHM6,0.5498154501507735,1.0,0.0,1.0,0.0
CALM1,0.4171805514977534,1.0,1.0,1.0,0.0
CALM2,0.388854226219913,1.0,1.0,1.0,0.0
CALM3,0.3461804680873874,1.0,1.0,1.0,0.0
CALML3,0.4711740497482484,1.0,1.0,0.33333333333333326,0.0
CALML5,0.525317981743442,1.0,0.0,1.0,0.0
CALML6,0.5299407567287957,1.0,0.0,1.0,0.0
CALN1,0.4557620070355127,0.9858972522835782,0.0,0.33333333333333326,0.0
CALR,0.5085725294070359,0.857324821447443,0.0,0.33333333333333326,0.0
CALU,0.561318965676574,0.49623031633440673,1.0,1.0,0.0
CALY,0.32713947893973977,0.8178869725149935,1.0,1.0,0.0
CAMK1,0.42676083373828555,0.3510572448460773,1.0,1.0,0.0
CAMK1G,0.37282380883375593,1.0,1.0,1.0,0.0
CAMK2A,0.4303867111342663,0.5718229656993669,0.0,1.0,0.0
CAMK2B,0.4437101534752513,0.23249263726608246,1.0,0.33333333333333326,0.0
CAMK2D,0.3873623096344006,1.0,1.0,0.33333333333333326,0.0
CAMK2G,0.5110961817494442,1.0,0.0,0.33333333333333326,0.0
CAMK2N1,0.4388441081285005,0.18168891600097384,0.0,1.0,0.0
CAMK2N2,0.44480100633765307,1.0,0.0,1.0,0.0
CAMK4,0.18486736712815138,1.0,1.0,1.0,0.0
CAMKK1,0.49923649302690054,0.23049642549641,0.0,0.33333333333333326,0.0
CAMKK2,0.328548410426001,1.0,1.0,1.0,0.0
CAMKMT,0.5261579378721205,1.0,0.0,0.33333333333333326,0.0
CAMKV,0.3675043855074189,1.0,0.0,1.0,0.0
CAMLG,0.33633828978313307,1.0,1.0,1.0,0.0
CAMP,0.4440692648686008,0.12180109942637245,0.0,1.0,0.0
CAMSAP1,0.3798563349700024,1.0,0.0,0.33333333333333326,0.0
CAMSAP2,0.391127988146016,1.0,1.0,1.0,0.0
CAMTA1,0.43857868948472656,1.0,1.0,0.33333333333333326,0.0
CAMTA2,0.4484748352126098,1.0,0.0,0.33333333333333326,0.0
CAND1,0.418908191107949,1.0,0.0,1.0,0.0
CAND2,0.3760379653398715,1.0,1.0,1.0,0.0
CAP2,0.12696238718695615,1.0,1.0,1.0,0.0
CAPG,0.6609578143588463,1.0,1.0,1.0,0.0
CAPN10,0.5239960510122097,1.0,0.0,1.0,0.0
CAPN11,0.5004291279273059,0.7942956378176691,0.0,0.33333333333333326,0.0
CAPN13,0.4549152148401866,1.0,0.0,0.33333333333333326,0.0
CAPN15,0.5191423941974223,1.0,0.0,1.0,0.0
CAPN2,0.588246332282992,1.0,0.0,1.0,0.0
CAPN5,0.4013784563643904,1.0,1.0,1.0,0.0
CAPN6,0.4049732142368944,0.3891701883103799,1.0,1.0,0.0
CAPNS1,0.3820678748474329,0.9513027097550816,1.0,1.0,0.0
CAPNS2,0.5016436590266155,0.03747421065099836,0.0,1.0,0.0
CAPRIN1,0.3369896929847177,0.34998051866510593,0.0,0.33333333333333326,0.0
CAPRIN2,0.4126071002150477,1.0,1.0,1.0,0.0
CAPS,0.644448248624529,1.0,1.0,1.0,0.0
CAPS2,0.43249030856182386,1.0,1.0,1.0,0.0
CAPSL,0.5694911667763559,0.2044984751899243,0.0,1.0,0.0
CAPZA1,0.46501241496555146,0.2967204954243587,1.0,0.33333333333333326,0.0
CAPZA2,0.38217752862603066,1.0,0.0,1.0,0.0
CAPZA3,0.45047703066985495,0.40664478134956494,0.0,0.33333333333333326,0.0
CAPZB,0.4016855469746501,1.0,1.0,1.0,0.0
CARD10,0.5593356252695051,1.0,0.0,1.0,0.0
CARD14,0.36375495156156556,0.370962467706966,1.0,1.0,0.0
CARD19,0.5213217076212863,0.5840506034965528,0.0,1.0,0.0
CARD6,0.6461140285093121,1.0,0.0,1.0,0.0
CARD8,0.5652990328920491,1.0,0.0,1.0,0.0
CARD9,0.602751546181586,1.0,1.0,1.0,0.0
CARF,0.49886945066420413,1.0,1.0,0.33333333333333326,0.0
CARHSP1,0.6068326072664539,1.0,1.0,1.0,0.0
CARM1,0.5284757243176867,0.770866663980003,1.0,1.0,0.0
CARMIL3,0.5521379763258529,1.0,1.0,1.0,0.0
CARNMT1,0.42849987729905537,1.0,0.0,0.33333333333333326,0.0
CARNS1,0.39939202297404425,0.9015041909592928,0.0,1.0,0.0
CARS1,0.43828872107625166,1.0,0.0,1.0,0.0
CARS2,0.6002803956386754,1.0,0.0,1.0,0.0
CARTPT,0.08355290213822239,1.0,1.0,1.0,0.0
CASC3,0.6259638693901048,1.0,1.0,1.0,0.0
CASD1,0.44717711656817505,0.9427073706937947,0.0,1.0,0.0
CASK,0.39165236125607833,1.0,0.0,1.0,0.0
CASKIN2,0.580366159138864,1.0,0.0,0.33333333333333326,0.0
CASP1,0.6729396896175119,1.0,0.0,0.33333333333333326,0.0
CASP10,0.3300816316068743,1.0,1.0,0.33333333333333326,0.0
CASP2,0.49782907671517707,0.21519958538562325,0.0,1.0,0.0
CASP4,0.6677985243024027,1.0,0.0,1.0,0.0
CASP6,0.6286314203681405,1.0,1.0,1.0,0.0
CASP7,0.6471059588398059,1.0,0.0,1.0,0.0
CASP8,0.5371589670822242,1.0,0.0,1.0,0.0
CASP8AP2,0.5464657709532238,0.09832542638690137,1.0,1.0,0.0
CASP9,0.5564129020586114,0.4140876255145743,0.0,0.33333333333333326,0.0
CASQ1,0.3613347064755974,1.0,0.0,1.0,0.0
CASQ2,0.387511145877901,0.25950891147318506,0.0,0.33333333333333326,0.0
CASR,0.538263784161179,0.36738964976814903,1.0,1.0,0.0
CAST,0.5390764989655658,1.0,0.0,1.0,0.0
CASZ1,0.5351077853586341,1.0,0.0,1.0,0.0
CAT,0.5922607556934515,1.0,1.0,1.0,0.0
CATSPER1,0.5268608947600577,0.2705497925064891,1.0,1.0,0.0
CATSPER2,0.5162799802149091,0.5446366796627813,0.0,1.0,0.0
CATSPER3,0.537573975775505,1.0,1.0,1.0,0.0
CATSPER4,0.5138465002185596,1.0,0.0,0.33333333333333326,0.0
CATSPERB,0.4261249930748592,1.0,0.0,0.33333333333333326,0.0
CATSPERG,0.47490014150060034,0.3833455151526801,0.0,1.0,0.0
CATSPERT,0.565624611598926,1.0,1.0,1.0,0.0
CAV1,0.6492372100564786,1.0,1.0,1.0,0.0
CAV2,0.5468856672357271,1.0,0.0,1.0,0.0
CAV3,0.2898374633171139,0.9454021271634266,1.0,0.33333333333333326,0.0
CAVIN1,0.6227762708718169,1.0,1.0,1.0,0.0
CAVIN2,0.6708448361163245,0.7461385354903362,1.0,1.0,0.0
CBARP,0.3312872906303868,0.39056390747984093,0.0,0.33333333333333326,0.0
CBFA2T2,0.5235642978106222,0.16832082893165887,0.0,0.33333333333333326,0.0
CBFA2T3,0.4458474917441373,0.5834929687651458,0.0,0.33333333333333326,0.0
CBFB,0.6246261399077937,1.0,1.0,1.0,0.0
CBL,0.55745529865777,0.45086029775535263,0.0,0.33333333333333326,0.0
CBLB,0.5586348336777612,1.0,0.0,1.0,0.0
CBLL2,0.5207041472134268,0.45354255779024955,1.0,0.33333333333333326,0.0
CBLN1,0.3081667186575039,1.0,0.0,1.0,0.0
CBLN2,0.30134672309851473,1.0,0.0,1.0,0.0
CBLN3,0.4705833563245476,0.3102561757488632,0.0,1.0,0.0
CBLN4,0.164085798083237,1.0,0.0,1.0,0.0
CBR4,0.5026543821261245,0.5264678356956335,0.0,1.0,0.0
CBS,0.5833390642714849,1.0,1.0,1.0,0.0
CBX1,0.45257268207665147,1.0,0.0,0.33333333333333326,0.0
CBX3,0.44445373713645153,0.648007521847235,1.0,1.0,0.0
CBX4,0.45064840803103406,0.5324044031849062,0.0,1.0,0.0
CBX5,0.4742358017656721,0.6706080176770837,1.0,0.33333333333333326,0.0
CBX6,0.38881489599809854,0.2697492566477818,0.0,1.0,0.0
CBX7,0.41972066071596653,1.0,1.0,1.0,0.0
CC2D1A,0.5401549023058634,1.0,0.0,1.0,0.0
CC2D1B,0.542127555194055,1.0,0.0,0.33333333333333326,0.0
CC2D2B,0.5415468221731756,0.11947117687968209,1.0,1.0,0.0
CCAR1,0.5188321789459249,0.8465239418571912,0.0,0.33333333333333326,0.0
CCAR2,0.5020432420885824,0.10449047105050947,0.0,0.33333333333333326,0.0
CCBE1,0.4346119401532095,1.0,0.0,1.0,0.0
CCDC102A,0.6306735713261786,1.0,0.0,1.0,0.0
CCDC102B,0.5292309561151192,1.0,0.0,0.33333333333333326,0.0
CCDC106,0.3830878734273378,1.0,1.0,1.0,0.0
CCDC112,0.41724426102834367,1.0,0.0,1.0,0.0
CCDC116,0.496523750917141,0.38183873836721,0.0,0.33333333333333326,0.0
CCDC117,0.5542795006044325,1.0,0.0,0.33333333333333326,0.0
CCDC12,0.5413985905925952,1.0,0.0,0.33333333333333326,0.0
CCDC120,0.5003064736986264,1.0,1.0,0.33333333333333326,0.0
CCDC121,0.5747915448851411,1.0,1.0,1.0,0.0
CCDC124,0.46549078539588484,0.2908869879692824,0.0,0.33333333333333326,0.0
CCDC125,0.43809827844445254,1.0,1.0,1.0,0.0
CCDC126,0.42475300116248826,0.8178188423146587,0.0,1.0,0.0
CCDC127,0.5176531688431872,0.638269021737205,0.0,0.33333333333333326,0.0
CCDC13,0.5309825378244497,0.35405448805419387,0.0,0.33333333333333326,0.0
CCDC136,0.299563980685709,1.0,1.0,1.0,0.0
CCDC138,0.5473181850709846,0.5831230885554382,1.0,1.0,0.0
CCDC141,0.5229309972062489,0.6650611970650538,1.0,0.33333333333333326,0.0
CCDC142,0.5698382083831051,1.0,0.0,1.0,0.0
CCDC144A,0.36506538640174796,0.18855497980342342,0.0,1.0,0.0
CCDC146,0.5256390824914448,1.0,0.0,1.0,0.0
CCDC149,0.5387050435445737,1.0,0.0,1.0,0.0
CCDC15,0.5032750456149865,0.12645378840176275,0.0,1.0,0.0
CCDC17,0.5315921388406337,1.0,0.0,1.0,0.0
CCDC174,0.5287029175163239,1.0,0.0,0.33333333333333326,0.0
CCDC178,0.4342745603745637,0.12071625464059343,1.0,1.0,0.0
CCDC18,0.5404082121196203,0.14731581855195597,1.0,1.0,0.0
CCDC181,0.3450483102125437,0.34098845139351375,0.0,1.0,0.0
CCDC184,0.29765496447235307,1.0,1.0,1.0,0.0
CCDC185,0.5311938367995007,0.198045334061646,1.0,0.33333333333333326,0.0
CCDC186,0.45829230405683086,0.23653670095782245,0.0,0.33333333333333326,0.0
CCDC187,0.49015316343491944,1.0,1.0,0.33333333333333326,0.0
CCDC198,0.5129039530740728,1.0,0.0,1.0,0.0
CCDC22,0.5633873601782403,0.143364971094456,0.0,0.33333333333333326,0.0
CCDC24,0.4444976865722819,1.0,0.0,1.0,0.0
CCDC25,0.4835896726156116,0.5593463740467385,1.0,0.33333333333333326,0.0
CCDC27,0.5449987722369528,0.08287135923504016,0.0,1.0,0.0
CCDC28A,0.4077664718419717,0.527798516346138,1.0,1.0,0.0
CCDC32,0.4643293745659051,1.0,0.0,0.33333333333333326,0.0
CCDC34,0.37421587629332537,1.0,1.0,1.0,0.0
CCDC40,0.5621896857092148,1.0,0.0,1.0,0.0
CCDC42,0.39561626062065697,1.0,1.0,0.33333333333333326,0.0
CCDC43,0.42837658884614577,1.0,0.0,0.33333333333333326,0.0
CCDC47,0.4283077199131735,0.9231906105117524,1.0,1.0,0.0
CCDC50,0.6193943270222825,1.0,1.0,1.0,0.0
CCDC51,0.4297422281674621,1.0,0.0,0.33333333333333326,0.0
CCDC57,0.4588235940995298,1.0,0.0,1.0,0.0
CCDC62,0.5195186734903201,1.0,0.0,1.0,0.0
CCDC63,0.47517116893254296,0.22897604380201197,0.0,1.0,0.0
CCDC66,0.4244090266268937,0.22036549860746518,0.0,0.33333333333333326,0.0
CCDC69,0.49625350144576147,1.0,1.0,0.33333333333333326,0.0
CCDC7,0.5532890997132835,0.013273391687425019,0.0,1.0,0.0
CCDC71L,0.6192736753763056,1.0,1.0,1.0,0.0
CCDC77,0.5134172442410522,0.35953505626559384,0.0,1.0,0.0
CCDC78,0.5223842152153549,1.0,0.0,1.0,0.0
CCDC80,0.5463059803922217,0.319582825954863,1.0,1.0,0.0
CCDC81,0.5463217237155212,1.0,0.0,1.0,0.0
CCDC82,0.5001779297766068,0.1362486693620883,0.0,0.33333333333333326,0.0
CCDC85A,0.3680111374530254,1.0,0.0,1.0,0.0
CCDC85B,0.47310981132930063,1.0,1.0,0.33333333333333326,0.0
CCDC86,0.5343289162281083,1.0,0.0,1.0,0.0
CCDC87,0.4273712883664215,1.0,1.0,0.33333333333333326,0.0
CCDC88B,0.6229069543756988,1.0,0.0,0.33333333333333326,0.0
CCDC88C,0.4177223180852358,1.0,1.0,0.33333333333333326,0.0
CCDC89,0.47228187058855975,0.19095339134634468,0.0,0.33333333333333326,0.0
CCDC9,0.5338279537050558,1.0,0.0,0.33333333333333326,0.0
CCDC93,0.5363210437619047,1.0,0.0,0.33333333333333326,0.0
CCDC97,0.5588688159817781,0.36222040996443877,1.0,1.0,0.0
CCDC9B,0.6291788477555005,1.0,1.0,1.0,0.0
CCER1,0.4656805097244389,0.8384882277276038,0.0,1.0,0.0
CCHCR1,0.4773987391917713,1.0,1.0,0.33333333333333326,0.0
CCIN,0.45700217311186364,1.0,1.0,0.33333333333333326,0.0
CCKBR,0.26016422288458585,1.0,1.0,1.0,0.0
CCL13,0.41996589579193305,0.0024724844420913926,0.0,1.0,0.0
CCL15,0.6593590311003581,1.0,0.0,0.33333333333333326,0.0
CCL16,0.5335029551944767,1.0,0.0,0.33333333333333326,0.0
CCL19,0.5394234736060165,0.11934708379785637,0.0,0.33333333333333326,0.0
CCL2,0.8205496121062354,1.0,1.0,1.0,0.0
CCL20,0.4524751108274541,0.17434639154508644,1.0,0.33333333333333326,0.0
CCL22,0.5401675732154324,0.8912500491150249,1.0,1.0,0.0
CCL24,0.4709482477358901,1.0,0.0,0.33333333333333326,0.0
CCL26,0.5895770641860212,1.0,1.0,1.0,0.0
CCL27,0.5337258706053933,1.0,0.0,1.0,0.0
CCL3L1,0.5464736775092108,0.08195967660062167,0.0,0.33333333333333326,0.0
CCL5,0.5951801916613496,0.21288021575426455,0.0,1.0,0.0
CCL8,0.4323427652422489,0.35558728264616224,0.0,0.33333333333333326,0.0
CCM2,0.43460256987363843,1.0,0.0,1.0,0.0
CCN1,0.5504951576733006,0.3550654130769469,0.0,1.0,0.0
CCN2,0.5151150345896691,1.0,1.0,0.33333333333333326,0.0
CCN3,0.5571123303713493,0.14863325495357874,0.0,0.33333333333333326,0.0
CCN5,0.5383154000681329,0.26068964795168104,0.0,1.0,0.0
CCNA1,0.3314203011552013,1.0,0.0,1.0,0.0
CCNA2,0.5406120324942715,0.7112097317713042,0.0,0.33333333333333326,0.0
CCNB1,0.3550581390094513,1.0,0.0,1.0,0.0
CCNB2,0.563015128683841,0.5619384339021207,1.0,1.0,0.0
CCNB3,0.4354589153867799,1.0,0.0,1.0,0.0
CCND1,0.5612077368516365,0.5637060731377279,1.0,1.0,0.0
CCND2,0.387054426810213,1.0,0.0,1.0,0.0
CCND3,0.5100095270444663,1.0,0.0,0.33333333333333326,0.0
CCNDBP1,0.4849075113248237,1.0,1.0,0.33333333333333326,0.0
CCNE1,0.43933761513876946,1.0,0.0,0.33333333333333326,0.0
CCNE2,0.4861884437301932,0.2575282032313663,1.0,0.33333333333333326,0.0
CCNF,0.5036302664482306,0.4052702766363782,0.0,0.33333333333333326,0.0
CCNG1,0.5249428814857908,0.38127298415291955,0.0,1.0,0.0
CCNG2,0.41520428636527923,1.0,0.0,1.0,0.0
CCNH,0.36926647994016615,1.0,0.0,1.0,0.0
CCNI,0.39181443568992463,1.0,1.0,1.0,0.0
CCNJL,0.5399994526655326,1.0,0.0,0.33333333333333326,0.0
CCNK,0.5055060334557824,0.24858029100024417,0.0,1.0,0.0
CCNL1,0.5271948733735304,0.6147144375475271,0.0,0.33333333333333326,0.0
CCNL2,0.5525838286979036,1.0,0.0,1.0,0.0
CCNO,0.41988737574550844,1.0,0.0,1.0,0.0
CCNP,0.5134051120890616,0.9307028749619309,0.0,1.0,0.0
CCNQ,0.4530163857504567,1.0,0.0,0.33333333333333326,0.0
CCNT1,0.5741142410173306,1.0,1.0,1.0,0.0
CCNT2,0.4545853051245323,1.0,0.0,1.0,0.0
CCNY,0.443637499467033,1.0,0.0,0.33333333333333326,0.0
CCNYL1,0.3715755129912747,1.0,0.0,1.0,0.0
CCP110,0.5571918687494077,1.0,0.0,1.0,0.0
CCPG1,0.5043753994964999,0.6379926731475801,0.0,1.0,0.0
CCR1,0.6372853806685547,1.0,0.0,1.0,0.0
CCR2,0.5447302053495899,1.0,1.0,1.0,0.0
CCR4,0.4190050384508509,0.08878410306641017,1.0,0.33333333333333326,0.0
CCR5,0.4460640572595774,1.0,1.0,0.33333333333333326,0.0
CCR6,0.5051430922091007,0.7449289789368619,0.0,1.0,0.0
CCR9,0.5020094888835501,0.4612852840704438,0.0,1.0,0.0
CCRL2,0.411900200984953,1.0,1.0,0.33333333333333326,0.0
CCSAP,0.3974671622229683,1.0,1.0,1.0,0.0
CCSER2,0.4347989386209854,1.0,0.0,1.0,0.0
CCT2,0.42441940062085903,1.0,0.0,0.33333333333333326,0.0
CCT3,0.4541388064122956,0.07452969536050533,0.0,0.33333333333333326,0.0
CCT4,0.4254929676540378,1.0,0.0,0.33333333333333326,0.0
CCT5,0.5083606473155639,0.3573379072482832,1.0,0.33333333333333326,0.0
CCT6A,0.39374513616668755,1.0,1.0,1.0,0.0
CCT6B,0.42543346861192705,0.8279270773589932,1.0,1.0,0.0
CCT7,0.445083920553898,0.7246694824187335,1.0,1.0,0.0
CCT8,0.39686120850398393,1.0,1.0,1.0,0.0
CCT8L2,0.4999745565501188,0.1785327250556626,0.0,1.0,0.0
CCZ1,0.4675460437768106,0.8460702134380886,0.0,1.0,0.0
CCZ1B,0.4670432931958031,0.8403904464304238,0.0,1.0,0.0
CD109,0.5832563113722029,1.0,1.0,1.0,0.0
CD14,0.7158815620739776,1.0,1.0,1.0,0.0
CD151,0.5925788233864138,1.0,0.0,1.0,0.0
CD160,0.4049359477217795,0.1918804109771176,1.0,1.0,0.0
CD163,0.825331208865882,1.0,1.0,1.0,0.0
CD163L1,0.4272352622870362,1.0,0.0,0.33333333333333326,0.0
CD164,0.5664016516230385,0.6280261216431701,1.0,1.0,0.0
CD164L2,0.4633952592301312,1.0,0.0,0.33333333333333326,0.0
CD177,0.6197767674658382,1.0,1.0,1.0,0.0
CD180,0.6624806059596324,1.0,0.0,0.33333333333333326,0.0
CD1D,0.5614292448527584,1.0,0.0,1.0,0.0
CD1E,0.4709183734198532,0.679537190772424,0.0,0.33333333333333326,0.0
CD2,0.5104436061115087,0.8342930775071395,0.0,1.0,0.0
CD200,0.282126827054597,1.0,1.0,1.0,0.0
CD200R1,0.45590050912545965,0.5293057523917567,0.0,0.33333333333333326,0.0
CD200R1L,0.5220666562645078,0.4465419914806199,1.0,0.33333333333333326,0.0
CD209,0.5660757952872097,1.0,0.0,1.0,0.0
CD22,0.5111509014959341,1.0,0.0,1.0,0.0
CD24,0.41462486200554505,1.0,0.0,1.0,0.0
CD247,0.49917572685449063,0.12216277829562452,0.0,1.0,0.0
CD248,0.5132304808463833,0.8782623821742694,0.0,0.33333333333333326,0.0
CD274,0.46477271589174246,0.5712908666715858,0.0,1.0,0.0
CD28,0.23998113712004843,0.9186088528337478,0.0,0.33333333333333326,0.0
CD2AP,0.5240919303408043,1.0,0.0,1.0,0.0
CD2BP2,0.36809306736829145,1.0,0.0,1.0,0.0
CD300A,0.7022984781658322,1.0,0.0,1.0,0.0
CD300C,0.570438757804445,1.0,0.0,0.33333333333333326,0.0
CD300E,0.5150249274520193,0.34675598277908387,1.0,0.33333333333333326,0.0
CD300LB,0.520131509721345,1.0,0.0,1.0,0.0
CD300LF,0.5393632927379163,0.5024735102342273,0.0,1.0,0.0
CD300LG,0.4115709312837986,0.5529897041565198,1.0,1.0,0.0
CD302,0.6503283855716053,1.0,0.0,0.33333333333333326,0.0
CD320,0.5185136723046656,1.0,0.0,1.0,0.0
CD33,0.5827622957815842,1.0,0.0,1.0,0.0
CD34,0.6762835821266404,1.0,1.0,1.0,0.0
CD37,0.6390152589323841,1.0,1.0,1.0,0.0
CD38,0.4686344983625678,0.007712378229260754,0.0,0.33333333333333326,0.0
CD3E,0.5653887699517947,0.08541749801904487,0.0,0.33333333333333326,0.0
CD4,0.627498142446669,1.0,1.0,1.0,0.0
CD40,0.5474250675671417,1.0,0.0,1.0,0.0
CD40LG,0.5362874270942309,0.39582351171285624,1.0,0.33333333333333326,0.0
CD44,0.7618422534122403,1.0,1.0,1.0,0.0
CD46,0.505062273828814,0.4158342962077408,0.0,1.0,0.0
CD47,0.36348993644072974,1.0,1.0,1.0,0.0
CD48,0.6164184351253444,1.0,0.0,1.0,0.0
CD5,0.4566646752928311,0.5341322573337457,0.0,0.33333333333333326,0.0
CD53,0.608418808555479,1.0,0.0,1.0,0.0
CD55,0.43770600298595186,1.0,1.0,0.33333333333333326,0.0
CD58,0.5747943257872539,1.0,1.0,1.0,0.0
CD59,0.6615758333963097,1.0,1.0,1.0,0.0
CD5L,0.371893471660716,0.16088859732914765,0.0,0.33333333333333326,0.0
CD63,0.5342843522861074,1.0,0.0,1.0,0.0
CD68,0.5380247009895477,1.0,1.0,0.33333333333333326,0.0
CD69,0.4206356438443138,0.35330124262204776,0.0,0.33333333333333326,0.0
CD7,0.42805934072909263,0.4715818615667081,1.0,1.0,0.0
CD72,0.567083471383798,0.1017501683571109,0.0,1.0,0.0
CD74,0.6835763405026992,1.0,1.0,1.0,0.0
CD81,0.5982275085279578,1.0,0.0,1.0,0.0
CD82,0.5440875969822285,1.0,0.0,0.33333333333333326,0.0
CD83,0.36603762676277657,1.0,1.0,1.0,0.0
CD84,0.40840606866469303,1.0,1.0,0.33333333333333326,0.0
CD86,0.6335113070951255,1.0,0.0,1.0,0.0
CD8A,0.4143748354356987,1.0,0.0,0.33333333333333326,0.0
CD9,0.5611911564896749,1.0,0.0,0.33333333333333326,0.0
CD93,0.7145980688676102,1.0,0.0,0.33333333333333326,0.0
CD96,0.52658798108089,0.7467081820213122,1.0,0.33333333333333326,0.0
CD99,0.652796663120828,1.0,1.0,1.0,0.0
CD99L2,0.3610569403582125,1.0,1.0,1.0,0.0
CDA,0.6757809688719639,1.0,1.0,1.0,0.0
CDADC1,0.5168622328543027,0.6324598496385065,0.0,1.0,0.0
CDAN1,0.4735032092060002,0.7579437350306809,1.0,0.33333333333333326,0.0
CDC123,0.5046533638350513,0.8203311892336783,0.0,0.33333333333333326,0.0
CDC14A,0.6222399207775476,0.9419013845628983,1.0,1.0,0.0
CDC14B,0.6069526020622704,1.0,1.0,1.0,0.0
CDC16,0.4437479693230181,0.4736621816902411,1.0,0.33333333333333326,0.0
CDC20B,0.5047358769290232,0.530523186554729,0.0,0.33333333333333326,0.0
CDC23,0.5150384093134278,1.0,0.0,0.33333333333333326,0.0
CDC25B,0.5531685059389506,1.0,0.0,0.33333333333333326,0.0
CDC25C,0.4689584760315824,0.2833648329840416,0.0,1.0,0.0
CDC26,0.5771306681364758,1.0,1.0,1.0,0.0
CDC27,0.3883284291051336,1.0,0.0,1.0,0.0
CDC34,0.4976828963598168,0.256798660244539,0.0,1.0,0.0
CDC37,0.4128989068558431,0.7121906138798361,1.0,1.0,0.0
CDC37L1,0.4329887828938028,1.0,0.0,1.0,0.0
CDC40,0.3442996596840117,1.0,0.0,1.0,0.0
CDC42,0.39445548626704985,0.3432671260161208,1.0,1.0,0.0
CDC42EP1,0.5372508744691349,1.0,0.0,0.33333333333333326,0.0
CDC42EP3,0.39224672418416906,1.0,0.0,0.33333333333333326,0.0
CDC42EP4,0.6355030573455581,1.0,1.0,1.0,0.0
CDC42EP5,0.6046068870329625,1.0,1.0,1.0,0.0
CDC42SE1,0.5491656619654204,0.9835164912187621,1.0,1.0,0.0
CDC42SE2,0.370178100155344,1.0,0.0,1.0,0.0
CDC50A,0.375457026545325,1.0,1.0,1.0,0.0
CDC50B,0.6094253307715249,0.7062975186862124,1.0,1.0,0.0
CDC6,0.5407201414943318,1.0,1.0,0.33333333333333326,0.0
CDC7,0.4165685974242266,1.0,0.0,1.0,0.0
CDC73,0.5740622980576211,1.0,1.0,1.0,0.0
CDCA2,0.5486695804571428,0.1543945664946782,0.0,1.0,0.0
CDCA4,0.5118356828201864,0.540614157025854,0.0,1.0,0.0
CDCA5,0.32625513392003447,1.0,0.0,0.33333333333333326,0.0
CDCA7,0.522364884096771,0.13784615199655478,1.0,0.33333333333333326,0.0
CDCA8,0.523606725677025,0.07556116899180261,0.0,0.33333333333333326,0.0
CDCP1,0.5207364535390749,1.0,0.0,1.0,0.0
CDH1,0.6549149134809233,0.32384783391333344,0.0,1.0,0.0
CDH10,0.3644937958655804,1.0,1.0,1.0,0.0
CDH12,0.4013006930489602,1.0,0.0,1.0,0.0
CDH13,0.2614577900576198,1.0,0.0,1.0,0.0
CDH17,0.4517972570013101,1.0,0.0,1.0,0.0
CDH18,0.33170192745805693,1.0,1.0,1.0,0.0
CDH19,0.573913465792498,0.42997253636942917,1.0,1.0,0.0
CDH2,0.4254078506887648,0.77014301743847,0.0,1.0,0.0
CDH20,0.48349203914133326,1.0,1.0,0.33333333333333326,0.0
CDH22,0.4180291689585824,0.6967410419091646,1.0,0.33333333333333326,0.0
CDH23,0.6099146123392251,1.0,1.0,1.0,0.0
CDH24,0.41854493821787,0.1927014636876774,1.0,1.0,0.0
CDH26,0.567024002222035,1.0,0.0,0.33333333333333326,0.0
CDH5,0.6434205691001135,1.0,1.0,1.0,0.0
CDH6,0.5547756856233492,0.5606966182461928,1.0,0.33333333333333326,0.0
CDH7,0.3503705789635236,0.46201147663427733,1.0,1.0,0.0
CDH8,0.24321551666467492,1.0,0.0,0.33333333333333326,0.0
CDH9,0.3177520504047009,1.0,0.0,0.33333333333333326,0.0
CDIN1,0.5836104787798545,0.14691605694871648,0.0,1.0,0.0
CDIP1,0.6199253950128353,1.0,1.0,1.0,0.0
CDIPT,0.4342767736352623,0.9195046840030509,1.0,1.0,0.0
CDK1,0.4003654903204942,0.5557247234494779,1.0,1.0,0.0
CDK11A,0.5114677231112057,1.0,0.0,0.33333333333333326,0.0
CDK11B,0.5084433022735583,1.0,0.0,0.33333333333333326,0.0
CDK12,0.5434071444970509,1.0,0.0,1.0,0.0
CDK13,0.5537899245282432,1.0,1.0,1.0,0.0
CDK14,0.3704607801088516,1.0,0.0,1.0,0.0
CDK15,0.38718868675435675,0.500546538473559,1.0,1.0,0.0
CDK16,0.44014354434646924,0.3085121362587095,0.0,1.0,0.0
CDK17,0.3704370489805316,1.0,1.0,1.0,0.0
CDK18,0.3927996676568565,1.0,1.0,0.33333333333333326,0.0
CDK19,0.5622926164178125,1.0,1.0,1.0,0.0
CDK2,0.6060315968542083,1.0,0.0,1.0,0.0
CDK20,0.36695148154404844,1.0,0.0,1.0,0.0
CDK2AP1,0.6153849398966798,1.0,1.0,1.0,0.0
CDK2AP2,0.6277709756093325,1.0,1.0,1.0,0.0
CDK3,0.600340228815766,1.0,1.0,1.0,0.0
CDK5,0.32728608263749553,1.0,1.0,1.0,0.0
CDK5R1,0.3490830750240413,1.0,0.0,1.0,0.0
CDK5R2,0.2496630336311908,1.0,1.0,1.0,0.0
CDK5RAP1,0.4666126126114496,0.9501337977260298,0.0,1.0,0.0
CDK5RAP2,0.5387262150394531,1.0,0.0,1.0,0.0
CDK6,0.6205510717828561,0.4359542128658885,0.0,0.33333333333333326,0.0
CDK7,0.34595764173694143,1.0,1.0,1.0,0.0
CDK8,0.40452837992036533,1.0,0.0,0.33333333333333326,0.0
CDK9,0.5046466449132976,0.4015549451235718,0.0,0.33333333333333326,0.0
CDKAL1,0.539889264570179,1.0,0.0,0.33333333333333326,0.0
CDKL1,0.3962045686495115,1.0,0.0,1.0,0.0
CDKL3,0.460223885369594,0.3359425817303126,0.0,0.33333333333333326,0.0
CDKL4,0.4630378149444959,0.7959113562394112,0.0,0.33333333333333326,0.0
CDKL5,0.41375766424500543,0.5635878113822496,1.0,1.0,0.0
CDKN1A,0.7491126797151492,1.0,1.0,1.0,0.0
CDKN1C,0.6318014570329902,1.0,0.0,0.33333333333333326,0.0
CDKN2A,0.5383718846421051,1.0,0.0,1.0,0.0
CDKN2AIP,0.4663684110573465,1.0,1.0,0.33333333333333326,0.0
CDKN2B,0.5463434949769413,1.0,1.0,1.0,0.0
CDKN2C,0.4019579453499108,1.0,1.0,0.33333333333333326,0.0
CDKN2D,0.3154572700532112,1.0,1.0,1.0,0.0
CDKN3,0.3175828104185306,1.0,0.0,1.0,0.0
CDNF,0.4359059546708379,0.8475794073463115,0.0,1.0,0.0
CDO1,0.503890762903035,0.2512775867345024,0.0,0.33333333333333326,0.0
CDON,0.33394449746092936,0.46749160287016506,1.0,1.0,0.0
CDR2,0.3712679143848813,1.0,0.0,1.0,0.0
CDR2L,0.522898680771544,0.38176152321458984,0.0,0.33333333333333326,0.0
CDRT4,0.4456464096534462,1.0,0.0,1.0,0.0
CDS1,0.2979506122174561,1.0,1.0,1.0,0.0
CDS2,0.47211424996903706,0.11682216299331925,0.0,1.0,0.0
CDSN,0.49920936489169876,0.593640640457487,0.0,1.0,0.0
CDV3,0.576572998038982,1.0,1.0,1.0,0.0
CDX1,0.40056510876499296,1.0,1.0,1.0,0.0
CDY1,0.5002155344790927,0.4076471608949611,0.0,1.0,0.0
CDY2A,0.5971830271157434,0.36058441228407306,0.0,1.0,0.0
CDYL,0.507782059502755,0.842152976625949,0.0,1.0,0.0
CDYL2,0.45735776840305603,1.0,1.0,0.33333333333333326,0.0
CEACAM1,0.42754103118338826,1.0,1.0,0.33333333333333326,0.0
CEACAM16,0.5015840000006414,0.703160872969133,0.0,1.0,0.0
CEACAM19,0.5590209009667655,1.0,1.0,1.0,0.0
CEACAM21,0.5440497158515827,0.5022026999457727,1.0,1.0,0.0
CEACAM3,0.5852957547792657,1.0,1.0,1.0,0.0
CEACAM4,0.5959890637715284,0.3761055865931,0.0,1.0,0.0
CEACAM7,0.5544486160201362,0.15526790631708864,0.0,1.0,0.0
CEBPA,0.499953629529061,0.8779570529796281,0.0,1.0,0.0
CEBPB,0.7190948497547722,1.0,1.0,1.0,0.0
CEBPD,0.8271062606790002,1.0,1.0,1.0,0.0
CEBPG,0.4521613756585983,0.6059896654135177,0.0,0.33333333333333326,0.0
CEBPZ,0.5267055177440085,1.0,0.0,0.33333333333333326,0.0
CECR2,0.5030439177055609,0.07076926097301518,0.0,1.0,0.0
CEL,0.550163169878609,1.0,0.0,1.0,0.0
CELA1,0.5556063141232798,1.0,1.0,1.0,0.0
CELA2B,0.547837040622113,0.12793921018473303,0.0,1.0,0.0
CELF1,0.5320912577502943,1.0,0.0,1.0,0.0
CELF3,0.4278040515826583,0.12605394553563445,1.0,1.0,0.0
CELF4,0.3200335017849708,1.0,1.0,1.0,0.0
CELF5,0.4830484819757289,1.0,1.0,0.33333333333333326,0.0
CELF6,0.38431776762427533,0.8798314634384448,1.0,1.0,0.0
CELSR2,0.453640665416175,0.6180640438753494,0.0,1.0,0.0
CELSR3,0.44629004886584556,1.0,1.0,0.33333333333333326,0.0
CEMIP,0.6899859396899718,1.0,1.0,1.0,0.0
CEMIP2,0.5886239563925718,1.0,1.0,1.0,0.0
CEND1,0.444955121050559,0.9343627573264393,0.0,1.0,0.0
CENPB,0.5356700671407117,1.0,0.0,1.0,0.0
CENPC,0.5164282148897268,0.6477332958625475,0.0,0.33333333333333326,0.0
CENPE,0.5057668222703123,0.5387270244666945,1.0,0.33333333333333326,0.0
CENPF,0.4242363910142817,1.0,0.0,1.0,0.0
CENPH,0.4557009327117025,1.0,1.0,0.33333333333333326,0.0
CENPK,0.5664427048964289,0.2544131373998702,0.0,1.0,0.0
CENPL,0.5064361195605568,0.17902484878761862,0.0,1.0,0.0
CENPN,0.4485656024091957,0.3731879488632146,0.0,0.33333333333333326,0.0
CENPO,0.4534884288992896,1.0,0.0,0.33333333333333326,0.0
CENPP,0.3745586884713725,1.0,0.0,0.33333333333333326,0.0
CENPT,0.5250983844683796,1.0,0.0,1.0,0.0
CENPW,0.4168214704700705,1.0,0.0,1.0,0.0
CEP104,0.5042022597613103,0.383732207349663,0.0,0.33333333333333326,0.0
CEP112,0.576389214442444,1.0,0.0,1.0,0.0
CEP120,0.4483056188237725,0.36577656516295615,0.0,0.33333333333333326,0.0
CEP126,0.4270587463018588,1.0,0.0,1.0,0.0
CEP128,0.5096825116102531,0.4126483043832057,0.0,0.33333333333333326,0.0
CEP135,0.5507869909399924,1.0,1.0,1.0,0.0
CEP15,0.30881771339581215,1.0,0.0,1.0,0.0
CEP152,0.5231583745094297,1.0,0.0,1.0,0.0
CEP162,0.5418531449680748,1.0,0.0,0.33333333333333326,0.0
CEP164,0.5121844133035265,0.7266115434695032,0.0,0.33333333333333326,0.0
CEP170,0.4078530117657359,1.0,1.0,1.0,0.0
CEP170B,0.39945557356585476,1.0,0.0,1.0,0.0
CEP192,0.46683395341984657,0.15838578542994822,0.0,0.33333333333333326,0.0
CEP20,0.47214998379583234,0.2523805132136787,0.0,1.0,0.0
CEP250,0.5400730657742219,0.7697956555978461,0.0,1.0,0.0
CEP295,0.566431412750421,0.5591167309181457,1.0,1.0,0.0
CEP350,0.5589756970203236,1.0,0.0,1.0,0.0
CEP41,0.3347849353925246,1.0,1.0,1.0,0.0
CEP43,0.4266984625764423,1.0,0.0,1.0,0.0
CEP57L1,0.5024826267990576,0.9930510406082295,0.0,1.0,0.0
CEP63,0.45815508766332835,0.5832232239529214,0.0,0.33333333333333326,0.0
CEP68,0.3413793567023845,1.0,0.0,1.0,0.0
CEP70,0.5772165833801108,1.0,1.0,1.0,0.0
CEP72,0.45240445822595193,1.0,1.0,0.33333333333333326,0.0
CEP76,0.4452703240579083,0.661933381606656,0.0,0.33333333333333326,0.0
CEP83,0.41105169309044604,1.0,0.0,0.33333333333333326,0.0
CEP85L,0.5258040417124328,0.1382222758005769,0.0,0.33333333333333326,0.0
CEP89,0.5143217928957985,1.0,0.0,1.0,0.0
CEP95,0.48970172381672455,1.0,1.0,0.33333333333333326,0.0
CEPT1,0.551073875029425,1.0,0.0,0.33333333333333326,0.0
CER1,0.44883147535601314,1.0,0.0,1.0,0.0
CERK,0.45024103137950855,1.0,0.0,1.0,0.0
CERKL,0.3114796594605631,1.0,1.0,1.0,0.0
CERS1,0.5765121123453706,1.0,1.0,1.0,0.0
CERS2,0.5772286229582492,1.0,1.0,1.0,0.0
CERS4,0.5494493689680309,1.0,0.0,0.33333333333333326,0.0
CERS5,0.5336141954673727,1.0,0.0,0.33333333333333326,0.0
CERS6,0.39824924181850396,1.0,0.0,1.0,0.0
CES1,0.7269324053713879,1.0,1.0,1.0,0.0
CES5A,0.3701930135117338,1.0,0.0,1.0,0.0
CETN3,0.525480887573523,0.4955716408510535,0.0,0.33333333333333326,0.0
CETP,0.4103347727455515,1.0,1.0,1.0,0.0
CFAP100,0.5715946934869399,1.0,1.0,1.0,0.0
CFAP126,0.563026802037748,1.0,0.0,0.33333333333333326,0.0
CFAP161,0.45071955988661755,1.0,0.0,1.0,0.0
CFAP184,0.4214009005812723,1.0,0.0,0.33333333333333326,0.0
CFAP20,0.3588860346352175,1.0,1.0,1.0,0.0
CFAP206,0.5426959103986713,0.45396545757283535,1.0,1.0,0.0
CFAP20DC,0.4305445552816044,1.0,0.0,0.33333333333333326,0.0
CFAP263,0.34740077511239364,1.0,0.0,1.0,0.0
CFAP276,0.5820940514061759,0.7938386997004566,1.0,1.0,0.0
CFAP299,0.4537935008267044,0.5908635847460698,0.0,0.33333333333333326,0.0
CFAP300,0.5023536633133067,1.0,1.0,0.33333333333333326,0.0
CFAP36,0.38230167103164514,1.0,1.0,1.0,0.0
CFAP410,0.5094705993200441,1.0,0.0,1.0,0.0
CFAP418,0.4778156641155457,1.0,1.0,0.33333333333333326,0.0
CFAP44,0.5488504853380737,1.0,1.0,1.0,0.0
CFAP45,0.5321887642075643,0.6631518451383369,0.0,1.0,0.0
CFAP46,0.5040846396288887,0.33142048251896955,0.0,1.0,0.0
CFAP47,0.42033833665675957,0.02188243564248234,0.0,0.33333333333333326,0.0
CFAP52,0.3855750923895836,1.0,1.0,1.0,0.0
CFAP53,0.5565745831314514,1.0,0.0,1.0,0.0
CFAP54,0.46569137971651037,0.23742585321684417,0.0,1.0,0.0
CFAP57,0.36985427847205105,0.15015629305172093,0.0,0.33333333333333326,0.0
CFAP68,0.5031795792519574,0.6649656847667951,1.0,0.33333333333333326,0.0
CFAP74,0.4285103552679204,1.0,0.0,1.0,0.0
CFAP91,0.605134692208715,0.33779381346077025,0.0,1.0,0.0
CFAP97,0.5515431567222672,0.057701084741099216,0.0,0.33333333333333326,0.0
CFB,0.711538760995278,1.0,0.0,1.0,0.0
CFC1,0.3023336516057266,1.0,1.0,1.0,0.0
CFD,0.5859449651238482,1.0,1.0,1.0,0.0
CFDP1,0.4660525946353618,0.7485142502338451,0.0,1.0,0.0
CFH,0.7866764159398874,1.0,0.0,1.0,0.0
CFHR1,0.7631247740429117,1.0,0.0,0.33333333333333326,0.0
CFHR2,0.5014706500562577,0.012128185007296231,0.0,1.0,0.0
CFHR3,0.46965238903409895,0.19776640515595934,0.0,1.0,0.0
CFHR5,0.441657100247065,1.0,0.0,0.33333333333333326,0.0
CFI,0.7320206623706571,1.0,0.0,1.0,0.0
CFL1,0.4194873836990868,0.26346350014201775,1.0,1.0,0.0
CFL2,0.5055848679912115,0.09602059290527552,0.0,1.0,0.0
CFLAR,0.6020902482214796,1.0,0.0,1.0,0.0
CFP,0.5299478657675573,1.0,0.0,0.33333333333333326,0.0
CFTR,0.39343584293133543,0.23659874264884692,1.0,1.0,0.0
CGAS,0.5209776752869868,1.0,0.0,0.33333333333333326,0.0
CGB1,0.40224880127679186,0.3292017642257531,0.0,0.33333333333333326,0.0
CGB2,0.5586738304095361,1.0,0.0,0.33333333333333326,0.0
CGB3,0.5547378278584486,0.5758844162978768,0.0,1.0,0.0
CGB5,0.5419053652072621,0.34227071458889285,0.0,1.0,0.0
CGB8,0.5037608152455384,0.720966157812991,0.0,1.0,0.0
CGGBP1,0.533466709251583,1.0,0.0,1.0,0.0
CGN,0.5467414069580997,1.0,0.0,0.33333333333333326,0.0
CGNL1,0.6682507491219165,1.0,1.0,1.0,0.0
CGREF1,0.4423004270430484,1.0,0.0,1.0,0.0
CH25H,0.5325889929721596,0.3750710598324155,0.0,1.0,0.0
CHAC1,0.5330192602499554,0.5293718610870187,1.0,0.33333333333333326,0.0
CHAC2,0.49161243848165154,0.7731120172483329,1.0,0.33333333333333326,0.0
CHAD,0.4647720502870592,0.09345581343313857,0.0,0.33333333333333326,0.0
CHAF1A,0.4339337674677277,1.0,0.0,1.0,0.0
CHAF1B,0.3211876513259429,1.0,0.0,1.0,0.0
CHAT,0.4701208319696287,0.20046839098495348,0.0,0.33333333333333326,0.0
CHCHD1,0.47951566372876353,1.0,1.0,0.33333333333333326,0.0
CHCHD10,0.44316816700623696,1.0,0.0,1.0,0.0
CHCHD2,0.3682531732029511,1.0,1.0,1.0,0.0
CHCHD3,0.4078902937741589,1.0,0.0,0.33333333333333326,0.0
CHCHD4,0.43804758317585624,1.0,0.0,0.33333333333333326,0.0
CHCHD5,0.43368392187414495,1.0,0.0,1.0,0.0
CHCHD6,0.3158453505993128,1.0,0.0,1.0,0.0
CHCHD7,0.3828045454854377,1.0,0.0,0.33333333333333326,0.0
CHCT1,0.4442254295845647,0.20601708045946657,0.0,0.33333333333333326,0.0
CHD1,0.5517271581554158,1.0,0.0,0.33333333333333326,0.0
CHD2,0.4967916258865391,1.0,0.0,0.33333333333333326,0.0
CHD3,0.43757676023592473,1.0,1.0,0.33333333333333326,0.0
CHD4,0.5364347098687599,0.6698216671530086,1.0,1.0,0.0
CHD5,0.3656747612453509,0.12382222638843798,0.0,1.0,0.0
CHD6,0.46194460721795294,0.7849901863094997,0.0,0.33333333333333326,0.0
CHD7,0.5672018767852995,1.0,0.0,1.0,0.0
CHD9,0.5351160669815297,0.9853516459726922,0.0,1.0,0.0
CHDH,0.6975030377465844,1.0,1.0,1.0,0.0
CHEK1,0.4518987437266245,0.12093484005535353,0.0,1.0,0.0
CHEK2,0.52377877827264,1.0,0.0,1.0,0.0
CHGA,0.4357343118769676,0.6469337299090065,0.0,1.0,0.0
CHGB,0.052221418499102765,1.0,1.0,1.0,0.0
CHI3L1,0.7334511076341661,1.0,1.0,1.0,0.0
CHI3L2,0.5529520737064654,0.17518489048178318,1.0,1.0,0.0
CHIC1,0.3915595169012245,1.0,1.0,1.0,0.0
CHIC2,0.5420264893307983,1.0,0.0,1.0,0.0
CHID1,0.3957382456326781,1.0,1.0,1.0,0.0
CHKA,0.4768552172479575,1.0,1.0,0.33333333333333326,0.0
CHKB,0.6323361193923052,1.0,0.0,1.0,0.0
CHL1,0.29916457789542966,1.0,1.0,1.0,0.0
CHLSN,0.38356791117717537,1.0,1.0,1.0,0.0
CHM,0.34440102661323585,1.0,0.0,1.0,0.0
CHML,0.37443905881483497,1.0,0.0,0.33333333333333326,0.0
CHMP1A,0.501230426445044,0.40275786911848316,0.0,1.0,0.0
CHMP1B,0.4431672973347865,0.5280158614745729,0.0,0.33333333333333326,0.0
CHMP2A,0.41968401941467737,0.48925662786065705,1.0,1.0,0.0
CHMP2B,0.4030868746968246,1.0,0.0,0.33333333333333326,0.0
CHMP4A,0.5424385423034225,0.2031732642942466,1.0,1.0,0.0
CHMP4B,0.3829753111505417,1.0,1.0,1.0,0.0
CHMP4C,0.5336238884939964,1.0,0.0,1.0,0.0
CHMP5,0.3780483559645033,1.0,1.0,1.0,0.0
CHMP6,0.43209827551906915,0.9759970859340305,0.0,0.33333333333333326,0.0
CHMP7,0.47396026886868164,0.26998341445434126,0.0,0.33333333333333326,0.0
CHN1,0.25032102758437047,1.0,1.0,1.0,0.0
CHORDC1,0.5892894904475494,1.0,0.0,0.33333333333333326,0.0
CHPF,0.5546066416306077,1.0,0.0,1.0,0.0
CHPT1,0.5667527929689343,1.0,0.0,1.0,0.0
CHRDL1,0.439538664564926,0.6491609056995559,0.0,1.0,0.0
CHRDL2,0.34791700934853187,1.0,1.0,1.0,0.0
CHRFAM7A,0.43126325617506994,1.0,0.0,0.33333333333333326,0.0
CHRM1,0.4271610185884697,1.0,0.0,1.0,0.0
CHRM2,0.4600543651619518,0.03776775384415191,0.0,1.0,0.0
CHRM3,0.3025209150161077,1.0,0.0,1.0,0.0
CHRM4,0.5156636891809665,1.0,1.0,0.33333333333333326,0.0
CHRM5,0.5393545246972953,1.0,0.0,0.33333333333333326,0.0
CHRNA10,0.41721300083926155,0.4397188047876576,0.0,0.33333333333333326,0.0
CHRNA3,0.5147083660387031,1.0,1.0,0.33333333333333326,0.0
CHRNA4,0.5082813922480119,1.0,1.0,0.33333333333333326,0.0
CHRNA6,0.539722046371912,0.06832850352899261,0.0,0.33333333333333326,0.0
CHRNA7,0.4311276766327485,0.8701779658972914,0.0,1.0,0.0
CHRNB2,0.37898211813782406,0.08357347236992316,0.0,1.0,0.0
CHRNB3,0.44577193209065175,0.7110892521196213,0.0,1.0,0.0
CHRNB4,0.3356722569993202,0.46298439737592506,0.0,0.33333333333333326,0.0
CHST1,0.4505402338230417,0.9239814208647864,0.0,1.0,0.0
CHST11,0.4522595330647017,1.0,1.0,0.33333333333333326,0.0
CHST12,0.5469998526505564,1.0,0.0,1.0,0.0
CHST13,0.45287366293803255,0.16220827809182622,0.0,1.0,0.0
CHST14,0.6265834209773715,1.0,1.0,1.0,0.0
CHST15,0.5061016889446551,0.2571867931522221,0.0,0.33333333333333326,0.0
CHST2,0.3864546343110586,1.0,1.0,1.0,0.0
CHST3,0.7082469340126397,1.0,0.0,0.33333333333333326,0.0
CHST4,0.5185678311601611,0.8782527163638677,0.0,0.33333333333333326,0.0
CHST5,0.4757507873206786,0.10513668277424554,0.0,0.33333333333333326,0.0
CHST6,0.7516282054393606,1.0,1.0,1.0,0.0
CHST7,0.558842050300925,0.2903898790545186,1.0,1.0,0.0
CHST8,0.4304568615758882,0.6572694225455686,1.0,1.0,0.0
CHSY1,0.6234632965075558,1.0,1.0,1.0,0.0
CHSY3,0.4000406460025596,1.0,0.0,0.33333333333333326,0.0
CHTF18,0.4998449282760562,0.050127872441862426,0.0,0.33333333333333326,0.0
CHTOP,0.4251922739416315,0.1989973887244289,0.0,1.0,0.0
CHUK,0.5876014646519178,0.8803000840135516,1.0,1.0,0.0
CHURC1,0.4191362054434547,0.45962232963132793,0.0,0.33333333333333326,0.0
CIAO1,0.4672750856081752,0.3373635646270726,1.0,0.33333333333333326,0.0
CIAO2A,0.5146406502770128,1.0,0.0,0.33333333333333326,0.0
CIAO2B,0.49464114651345636,0.20022903942264536,0.0,1.0,0.0
CIAO3,0.5140575276121004,0.7158654716571631,0.0,1.0,0.0
CIAPIN1,0.3919641774307069,1.0,0.0,1.0,0.0
CIB1,0.5189922443165497,0.5727222850715182,0.0,0.33333333333333326,0.0
CIB4,0.5022862321486036,1.0,1.0,0.33333333333333326,0.0
CIBAR1,0.46795089221399755,0.3942667085815553,0.0,0.33333333333333326,0.0
CIBAR2,0.42310396645793186,0.45818750961674337,0.0,0.33333333333333326,0.0
CIC,0.6128232292279437,1.0,1.0,1.0,0.0
CIDEA,0.26412631926313385,1.0,0.0,1.0,0.0
CIDEB,0.5093719184550154,1.0,0.0,1.0,0.0
CIDEC,0.3958633139134158,1.0,0.0,1.0,0.0
CIITA,0.509739212154607,1.0,0.0,0.33333333333333326,0.0
CILP,0.43478626764225486,1.0,1.0,0.33333333333333326,0.0
CIMAP1C,0.45121059967090327,0.7560894687319295,0.0,0.33333333333333326,0.0
CIMAP2,0.6153307344833977,0.5035507218699338,0.0,0.33333333333333326,0.0
CIMAP3,0.5281633089081192,0.9050933779451171,0.0,0.33333333333333326,0.0
CIMIP4,0.5195801385601908,1.0,0.0,0.33333333333333326,0.0
CINP,0.4679509399997896,0.44249367163149605,0.0,0.33333333333333326,0.0
CIP2A,0.33590401209759824,1.0,0.0,1.0,0.0
CIRBP,0.24916194691095345,1.0,1.0,1.0,0.0
CISD1,0.28692335424817184,1.0,1.0,1.0,0.0
CITED1,0.32690965619721546,1.0,1.0,1.0,0.0
CITED2,0.26019598598943366,1.0,1.0,1.0,0.0
CITED4,0.6240139243057571,0.49635724363486994,0.0,0.33333333333333326,0.0
CIZ1,0.5737250768611073,1.0,1.0,1.0,0.0
CKAP2L,0.4993569233583722,0.28064796278194615,0.0,1.0,0.0
CKAP4,0.4289538071307885,1.0,0.0,0.33333333333333326,0.0
CKB,0.4100363625004239,1.0,1.0,1.0,0.0
CKLF,0.568675248622415,1.0,1.0,1.0,0.0
CKMT1A,0.293283363269899,1.0,1.0,1.0,0.0
CKMT1B,0.1886949993382961,1.0,1.0,1.0,0.0
CKMT2,0.4647889220471247,0.9230424850657029,0.0,0.33333333333333326,0.0
CKS1B,0.54337767558956,0.14785806982924674,1.0,1.0,0.0
CLASP2,0.41311424771356015,0.8931146565422511,1.0,1.0,0.0
CLASRP,0.5718422339369016,0.8855076839961262,1.0,1.0,0.0
CLBA1,0.37987204160403726,1.0,1.0,1.0,0.0
CLC,0.3948547990932664,0.4344605306832072,1.0,1.0,0.0
CLCA1,0.46759437162844075,0.14547606523903578,0.0,1.0,0.0
CLCA2,0.5131757472793121,0.24208853105738248,1.0,0.33333333333333326,0.0
CLCA4,0.591186286887896,1.0,1.0,1.0,0.0
CLCC1,0.4164573749342916,1.0,0.0,1.0,0.0
CLCF1,0.5729579673767526,1.0,0.0,1.0,0.0
CLCN2,0.552011938507991,1.0,0.0,0.33333333333333326,0.0
CLCN3,0.4550738224828643,0.8814480513480241,0.0,1.0,0.0
CLCN4,0.3904773090608101,1.0,1.0,1.0,0.0
CLCN5,0.4689198532936313,0.4545212246729674,0.0,0.33333333333333326,0.0
CLCN7,0.5718803767896263,1.0,0.0,0.33333333333333326,0.0
CLCNKA,0.5009361432659967,0.5392952819481838,0.0,0.33333333333333326,0.0
CLDN1,0.5602554581756877,0.2564905010168638,0.0,1.0,0.0
CLDN10,0.5588563194812075,0.8044020526124803,0.0,0.33333333333333326,0.0
CLDN11,0.58008063272794,0.51496075033134,0.0,1.0,0.0
CLDN15,0.5532228983851474,1.0,0.0,0.33333333333333326,0.0
CLDN16,0.5626897333763395,1.0,0.0,1.0,0.0
CLDN18,0.6373870304578996,0.3890403987344125,0.0,1.0,0.0
CLDN19,0.4972438012891641,0.39107898609544484,0.0,0.33333333333333326,0.0
CLDN2,0.5136272458668946,0.1474787299628193,1.0,0.33333333333333326,0.0
CLDN23,0.5889475172641865,1.0,0.0,0.33333333333333326,0.0
CLDN3,0.3252291009700497,0.1682250551306294,0.0,1.0,0.0
CLDN5,0.7179802605546536,1.0,1.0,1.0,0.0
CLDN7,0.5052991169386566,0.48310893786961046,0.0,0.33333333333333326,0.0
CLDND1,0.5646193890301702,0.7254099081159511,0.0,1.0,0.0
CLDND2,0.511717864071308,0.693105620162455,0.0,1.0,0.0
CLEC10A,0.5590437755598829,0.19446007698202328,1.0,1.0,0.0
CLEC12A,0.5644591122726855,1.0,0.0,1.0,0.0
CLEC14A,0.5453591550451903,1.0,0.0,1.0,0.0
CLEC17A,0.8017913337977535,1.0,0.0,1.0,0.0
CLEC18C,0.44546840792202963,1.0,1.0,0.33333333333333326,0.0
CLEC1A,0.6165218563479035,1.0,1.0,1.0,0.0
CLEC1B,0.5535688748239104,0.15132944012194743,1.0,1.0,0.0
CLEC2B,0.6164823694024594,1.0,1.0,0.33333333333333326,0.0
CLEC2D,0.4535109127975097,1.0,1.0,0.33333333333333326,0.0
CLEC2L,0.38616194788685704,1.0,0.0,1.0,0.0
CLEC4A,0.5256403061790372,0.952512933629881,0.0,0.33333333333333326,0.0
CLEC4D,0.4382901254981966,1.0,1.0,0.33333333333333326,0.0
CLEC4E,0.5035742547831328,0.9710017642653636,0.0,1.0,0.0
CLEC4F,0.47101106899518785,0.12260602857624767,0.0,1.0,0.0
CLEC4G,0.3529374722243053,1.0,0.0,0.33333333333333326,0.0
CLEC4M,0.389101530413439,0.409228218606288,1.0,1.0,0.0
CLEC5A,0.6770768128489595,1.0,0.0,1.0,0.0
CLEC7A,0.6642507515332567,1.0,0.0,1.0,0.0
CLECL1,0.6071091913831319,1.0,0.0,1.0,0.0
CLGN,0.27131575426605836,1.0,1.0,1.0,0.0
CLIC1,0.7538727989416555,1.0,1.0,1.0,0.0
CLIC2,0.5933941045740966,1.0,1.0,1.0,0.0
CLIC4,0.6053042843526162,1.0,0.0,1.0,0.0
CLIC6,0.643134602197326,1.0,1.0,1.0,0.0
CLINT1,0.46337226318425684,0.2371242048317664,0.0,0.33333333333333326,0.0
CLIP2,0.6295722955501659,1.0,1.0,1.0,0.0
CLIP3,0.3523538717202829,0.5194073792826833,0.0,1.0,0.0
CLK1,0.5978482772270614,1.0,0.0,1.0,0.0
CLK2,0.5263123984518353,1.0,0.0,1.0,0.0
CLK3,0.5560011303210349,1.0,0.0,0.33333333333333326,0.0
CLMN,0.4031602231523695,1.0,1.0,0.33333333333333326,0.0
CLMP,0.5546679719865967,1.0,0.0,0.33333333333333326,0.0
CLN3,0.5345681666910592,1.0,0.0,0.33333333333333326,0.0
CLN5,0.5207358505534043,0.6392049364924652,0.0,1.0,0.0
CLN6,0.509063904175907,0.7216372981047426,0.0,1.0,0.0
CLN8,0.5003773428097574,0.3165547021215562,0.0,1.0,0.0
CLNK,0.5242058083116398,0.7758342798908531,0.0,1.0,0.0
CLNS1A,0.5340321742461426,0.5446848683989289,1.0,0.33333333333333326,0.0
CLOCK,0.5081235433939664,0.23724186971749608,0.0,1.0,0.0
CLPP,0.5149529433128677,0.2784533239814273,1.0,0.33333333333333326,0.0
CLPS,0.41813477915696134,0.9206000151451816,1.0,1.0,0.0
CLPTM1L,0.471301754998193,0.5688559955065003,0.0,0.33333333333333326,0.0
CLPX,0.43186782598178725,1.0,0.0,0.33333333333333326,0.0
CLRN1,0.5227539820111204,0.10985066624265524,0.0,0.33333333333333326,0.0
CLRN3,0.5047775018299424,1.0,1.0,0.33333333333333326,0.0
CLSPN,0.4059009895290756,1.0,0.0,1.0,0.0
CLSTN1,0.36692935967870816,1.0,1.0,1.0,0.0
CLSTN2,0.4497948089017258,1.0,0.0,1.0,0.0
CLSTN3,0.32510404294518486,1.0,1.0,1.0,0.0
CLTA,0.42711902327085854,1.0,1.0,1.0,0.0
CLTC,0.37183670506698363,1.0,1.0,1.0,0.0
CLTCL1,0.5283281073262014,0.9058682338685177,0.0,0.33333333333333326,0.0
CLTRN,0.39855510456962506,1.0,0.0,0.33333333333333326,0.0
CLU,0.6902149090489448,1.0,0.0,0.33333333333333326,0.0
CLUH,0.5057839746992258,0.4980762843322016,0.0,0.33333333333333326,0.0
CLUL1,0.31684416508016167,1.0,1.0,1.0,0.0
CLVS1,0.355718452245265,1.0,0.0,0.33333333333333326,0.0
CLVS2,0.4024811522452294,1.0,0.0,1.0,0.0
CMA1,0.4700085800380547,0.6567421743991433,0.0,0.33333333333333326,0.0
CMAS,0.31760488017309574,1.0,1.0,1.0,0.0
CMBL,0.6242898353163772,0.7371379541181198,1.0,1.0,0.0
CMC1,0.40937835846424714,1.0,0.0,1.0,0.0
CMC2,0.42345883019235125,1.0,1.0,1.0,0.0
CMIP,0.39835704873353533,1.0,1.0,1.0,0.0
CMKLR1,0.5499505938595819,0.7668091256681987,1.0,1.0,0.0
CMPK1,0.4395923636383557,0.6546977684124423,0.0,0.33333333333333326,0.0
CMSS1,0.298820195278771,1.0,1.0,1.0,0.0
CMTM1,0.5372650603950494,1.0,0.0,0.33333333333333326,0.0
CMTM2,0.5169503391712023,0.6924257955747939,0.0,1.0,0.0
CMTM5,0.37414531575274407,1.0,1.0,1.0,0.0
CMTM6,0.5987893984729153,1.0,1.0,1.0,0.0
CMTM7,0.49682263166847696,1.0,1.0,0.33333333333333326,0.0
CMTM8,0.5622107409692958,1.0,1.0,1.0,0.0
CMTR1,0.5388385493282342,0.5215861120800623,0.0,0.33333333333333326,0.0
CMYA5,0.582024058348018,0.3065119234117936,1.0,1.0,0.0
CNBD1,0.42945920328859777,0.8478324416110236,1.0,1.0,0.0
CNBD2,0.4739526252912167,0.0929385669283846,0.0,0.33333333333333326,0.0
CNBP,0.43354125130241333,0.12897361705666385,0.0,1.0,0.0
CNEP1R1,0.4731831951654549,0.23002885323154174,0.0,1.0,0.0
CNFN,0.42288902537890044,0.10969201036669701,0.0,0.33333333333333326,0.0
CNGA1,0.5298866895822976,0.6171153395020675,1.0,0.33333333333333326,0.0
CNGB1,0.3786406927825011,1.0,0.0,1.0,0.0
CNIH1,0.4682642219003134,0.5307406889328665,0.0,0.33333333333333326,0.0
CNIH2,0.5366950755840065,0.5193558288479623,0.0,1.0,0.0
CNIH3,0.31939844677445195,1.0,0.0,0.33333333333333326,0.0
CNIH4,0.5774009836220674,1.0,1.0,1.0,0.0
CNKSR1,0.5545152680086705,1.0,0.0,1.0,0.0
CNKSR2,0.2829274971350394,1.0,1.0,1.0,0.0
CNKSR3,0.6068774422458297,1.0,1.0,1.0,0.0
CNN1,0.6034098298514255,0.39128228015790306,0.0,1.0,0.0
CNN2,0.6726952717320369,1.0,1.0,1.0,0.0
CNN3,0.6316652838681491,1.0,0.0,1.0,0.0
CNNM1,0.5388549512792318,0.9740057675043724,0.0,0.33333333333333326,0.0
CNNM3,0.5515200678238773,1.0,0.0,0.33333333333333326,0.0
CNNM4,0.45986288025760363,1.0,0.0,1.0,0.0
CNOT1,0.5089160797070369,1.0,0.0,1.0,0.0
CNOT10,0.5450701328881213,1.0,1.0,0.33333333333333326,0.0
CNOT11,0.43302217588646064,0.5006171920344988,1.0,1.0,0.0
CNOT12,0.5990852972683751,1.0,1.0,1.0,0.0
CNOT2,0.5369229566445453,1.0,0.0,0.33333333333333326,0.0
CNOT3,0.5763139654762037,0.517337817692301,1.0,1.0,0.0
CNOT4,0.5083660099162022,0.7676967897361252,0.0,0.33333333333333326,0.0
CNOT6,0.5409900471646912,1.0,0.0,1.0,0.0
CNOT6L,0.5499349000054559,0.24216462828433366,1.0,1.0,0.0
CNOT7,0.3571091099281945,1.0,0.0,0.33333333333333326,0.0
CNOT8,0.5492110638214789,1.0,1.0,1.0,0.0
CNOT9,0.5163559564447593,1.0,0.0,0.33333333333333326,0.0
CNPPD1,0.5347974730332595,1.0,0.0,0.33333333333333326,0.0
CNPY2,0.42869854492143933,1.0,1.0,1.0,0.0
CNPY3,0.5277466863273966,1.0,0.0,1.0,0.0
CNPY4,0.5687027219782493,1.0,1.0,1.0,0.0
CNR1,0.4598140081459497,1.0,0.0,1.0,0.0
CNR2,0.5336809897883901,0.25013267037673875,0.0,0.33333333333333326,0.0
CNST,0.4289654217678019,0.8496690614513909,0.0,1.0,0.0
CNTFR,0.5458478024523269,0.78861498036343,0.0,1.0,0.0
CNTLN,0.5356745807723856,1.0,0.0,1.0,0.0
CNTN1,0.3585766504273471,1.0,1.0,1.0,0.0
CNTN3,0.4890554368257058,1.0,1.0,0.33333333333333326,0.0
CNTN4,0.393103850112777,1.0,0.0,0.33333333333333326,0.0
CNTN5,0.3507335877382885,1.0,0.0,0.33333333333333326,0.0
CNTN6,0.42760943246023564,1.0,0.0,1.0,0.0
CNTNAP1,0.37969728499813915,1.0,1.0,1.0,0.0
CNTNAP2,0.24991221874143277,1.0,1.0,1.0,0.0
CNTNAP5,0.32586205699645854,1.0,1.0,1.0,0.0
CNTRL,0.56712906621819,1.0,1.0,1.0,0.0
CNTROB,0.5905178149306638,1.0,1.0,1.0,0.0
COA1,0.545091969003829,1.0,0.0,0.33333333333333326,0.0
COA6,0.4009092355542146,1.0,0.0,1.0,0.0
COA7,0.5066282600953615,1.0,1.0,0.33333333333333326,0.0
COA8,0.40801085430975653,0.7926835903623968,0.0,1.0,0.0
COASY,0.5237846875268778,1.0,0.0,0.33333333333333326,0.0
COBLL1,0.5842891919147116,0.2726301860862366,0.0,0.33333333333333326,0.0
COCH,0.546991259026706,0.14241480966987888,0.0,0.33333333333333326,0.0
COG1,0.3991765531352561,1.0,1.0,1.0,0.0
COG2,0.563740286021245,1.0,1.0,1.0,0.0
COG3,0.44447944314891374,1.0,0.0,0.33333333333333326,0.0
COG4,0.5154609188521251,1.0,0.0,1.0,0.0
COG5,0.4604682815661704,1.0,0.0,0.33333333333333326,0.0
COG6,0.4573318802610128,0.7131073251550231,0.0,0.33333333333333326,0.0
COG7,0.5078094510195977,0.7445171193737166,0.0,1.0,0.0
COG8,0.44981353855615375,1.0,1.0,0.33333333333333326,0.0
COIL,0.4621951864597594,1.0,0.0,0.33333333333333326,0.0
COL10A1,0.5613343265770201,0.8233306242130096,1.0,1.0,0.0
COL11A2,0.4356769533763639,0.06641409100394441,1.0,0.33333333333333326,0.0
COL12A1,0.34161360525354195,1.0,1.0,1.0,0.0
COL14A1,0.561569221230841,0.4335348159270186,1.0,1.0,0.0
COL15A1,0.6636989052022817,0.6686809765327103,0.0,1.0,0.0
COL16A1,0.5130463995040546,0.7583514529103402,0.0,1.0,0.0
COL17A1,0.42950617413145853,0.38899561063543464,1.0,1.0,0.0
COL18A1,0.4901605147682844,1.0,1.0,0.33333333333333326,0.0
COL19A1,0.44396140911639365,0.9341220443235327,0.0,1.0,0.0
COL1A1,0.5952941735578597,1.0,0.0,1.0,0.0
COL1A2,0.6926393719665788,1.0,1.0,1.0,0.0
COL21A1,0.507839946325813,1.0,1.0,0.33333333333333326,0.0
COL22A1,0.42363419961938326,0.17372240406832773,1.0,1.0,0.0
COL23A1,0.4053468145031292,1.0,0.0,1.0,0.0
COL24A1,0.34654338582026,1.0,0.0,1.0,0.0
COL26A1,0.4191140223610701,1.0,1.0,1.0,0.0
COL27A1,0.555772626111666,1.0,1.0,1.0,0.0
COL2A1,0.5187344646865902,0.33761182578652116,0.0,1.0,0.0
COL3A1,0.5504540881600364,1.0,1.0,1.0,0.0
COL4A1,0.6931797370967993,1.0,1.0,1.0,0.0
COL4A2,0.4284529257414992,1.0,1.0,0.33333333333333326,0.0
COL4A4,0.5422366541157508,0.5741203023584506,0.0,1.0,0.0
COL4A5,0.6422497726463664,0.9644497518575115,1.0,1.0,0.0
COL4A6,0.5720941599189041,1.0,0.0,0.33333333333333326,0.0
COL5A2,0.3803596767683681,1.0,0.0,0.33333333333333326,0.0
COL5A3,0.6611006450340261,1.0,1.0,1.0,0.0
COL6A1,0.5891728491974507,1.0,0.0,1.0,0.0
COL6A2,0.5979826657601602,1.0,1.0,1.0,0.0
COL6A3,0.7429573503802848,1.0,1.0,1.0,0.0
COL6A5,0.5509625835217762,0.7651781317732571,1.0,0.33333333333333326,0.0
COL6A6,0.40229502517471816,1.0,0.0,0.33333333333333326,0.0
COL7A1,0.5669548976761596,1.0,0.0,1.0,0.0
COL8A1,0.7021037437984866,1.0,0.0,0.33333333333333326,0.0
COL8A2,0.6974352708251406,1.0,0.0,0.33333333333333326,0.0
COL9A1,0.492610107088737,0.9472619450132546,1.0,0.33333333333333326,0.0
COL9A3,0.41883024301566935,0.8304362168676784,0.0,0.33333333333333326,0.0
COLEC11,0.5261564197888742,0.48146389890802904,0.0,1.0,0.0
COLGALT1,0.6096045889587108,1.0,0.0,1.0,0.0
COMMD1,0.46558835470773746,1.0,0.0,1.0,0.0
COMMD10,0.4649618947878947,0.21348344449006693,0.0,0.33333333333333326,0.0
COMMD3,0.42372563282020903,0.2925582405743288,1.0,1.0,0.0
COMMD5,0.45035212138821906,0.779666683700857,1.0,0.33333333333333326,0.0
COMMD7,0.5647345538541194,1.0,1.0,1.0,0.0
COMMD8,0.38953763034331307,1.0,1.0,1.0,0.0
COMMD9,0.41785132126938135,1.0,0.0,1.0,0.0
COMP,0.5332608663773843,1.0,0.0,1.0,0.0
COMT,0.5718032452482611,1.0,0.0,0.33333333333333326,0.0
COMTD1,0.5307905126504162,0.1940693969357852,1.0,0.33333333333333326,0.0
COP1,0.592338629723576,1.0,1.0,1.0,0.0
COPB1,0.5260524385515553,1.0,0.0,1.0,0.0
COPE,0.5129844775669011,0.7041975548636481,0.0,1.0,0.0
COPG1,0.45873774504127374,0.15549413077873359,0.0,1.0,0.0
COPG2,0.36176055366709126,0.2350998906727954,1.0,1.0,0.0
COPRS,0.44478121878680393,1.0,0.0,1.0,0.0
COPS2,0.4732990408618185,0.2292972855475016,0.0,1.0,0.0
COPS3,0.3901723797648227,1.0,1.0,1.0,0.0
COPS4,0.3123464675953524,1.0,0.0,1.0,0.0
COPS5,0.38352021987701257,1.0,0.0,1.0,0.0
COPS6,0.4461315801491097,1.0,0.0,1.0,0.0
COPS7A,0.34695101261183153,1.0,1.0,1.0,0.0
COPS8,0.3658549680837177,1.0,0.0,1.0,0.0
COPZ1,0.474479139669989,0.5153400051478982,0.0,0.33333333333333326,0.0
COPZ2,0.6106173028951924,1.0,0.0,1.0,0.0
COQ10A,0.46850410944624227,0.30730268903217467,0.0,0.33333333333333326,0.0
COQ10B,0.44166407689127923,1.0,0.0,1.0,0.0
COQ2,0.4536322014923433,1.0,0.0,0.33333333333333326,0.0
COQ3,0.3709329742423839,1.0,0.0,1.0,0.0
COQ4,0.3239356827630322,0.6174021979647404,1.0,1.0,0.0
COQ6,0.4203701034909802,1.0,1.0,1.0,0.0
COQ7,0.4455709297807885,1.0,0.0,1.0,0.0
COQ8A,0.5063222866728446,0.709234521407972,0.0,0.33333333333333326,0.0
COQ8B,0.5001817366211668,0.12348557090486523,0.0,1.0,0.0
CORO1B,0.5345270258822978,1.0,0.0,1.0,0.0
CORO1C,0.5038666882487518,0.36492502942276306,1.0,0.33333333333333326,0.0
CORO2A,0.3091358366292156,1.0,1.0,1.0,0.0
CORO2B,0.4008362092579689,0.20431245205857793,0.0,0.33333333333333326,0.0
CORO6,0.28145171534559554,0.3764021682726027,0.0,0.33333333333333326,0.0
CORO7,0.5967019258525156,0.6839556185536222,0.0,0.33333333333333326,0.0
CORT,0.25162812872664186,1.0,0.0,0.33333333333333326,0.0
COTL1,0.47003138768345637,1.0,1.0,0.33333333333333326,0.0
COX10,0.38389174551552374,1.0,1.0,1.0,0.0
COX14,0.43578530719277736,1.0,0.0,0.33333333333333326,0.0
COX15,0.4072379772307588,1.0,0.0,0.33333333333333326,0.0
COX16,0.39508877424949057,1.0,1.0,1.0,0.0
COX18,0.44440480486830236,1.0,0.0,1.0,0.0
COX20,0.498529175991347,0.04921293965193346,0.0,1.0,0.0
COX4I1,0.3947539619261699,1.0,1.0,1.0,0.0
COX5A,0.3629249754597709,1.0,1.0,1.0,0.0
COX5B,0.4457943671229862,1.0,0.0,0.33333333333333326,0.0
COX6A1,0.44461653620153396,1.0,0.0,0.33333333333333326,0.0
COX6A2,0.5129881466234852,0.9374347034600398,0.0,0.33333333333333326,0.0
COX6B1,0.3936986417421709,1.0,1.0,1.0,0.0
COX6B2,0.5164198206938289,1.0,0.0,1.0,0.0
COX6C,0.39531053514190134,1.0,0.0,1.0,0.0
COX7A1,0.4444583021086072,0.5960696179978432,0.0,0.33333333333333326,0.0
COX7A2,0.3871214591952194,1.0,0.0,1.0,0.0
COX7A2L,0.38159953967136195,1.0,1.0,1.0,0.0
COX7B,0.3986754481699225,1.0,0.0,0.33333333333333326,0.0
COX7B2,0.5988324353381554,0.2872139741894836,0.0,1.0,0.0
COX7C,0.4405692886625545,1.0,0.0,1.0,0.0
COX8A,0.4169747850726008,1.0,1.0,1.0,0.0
COX8C,0.500729280331322,0.15257245318879648,0.0,1.0,0.0
COXFA4,0.32754950678165123,1.0,0.0,1.0,0.0
COXFA4L2,0.6592263470645495,1.0,1.0,1.0,0.0
COXFA4L3,0.5341948404333408,1.0,0.0,0.33333333333333326,0.0
CP,0.5894195048268017,0.3897125103636816,1.0,1.0,0.0
CPA2,0.533605503020564,0.3590144810104612,0.0,1.0,0.0
CPA5,0.4209406353674536,1.0,1.0,1.0,0.0
CPA6,0.3523276307765296,0.263291253413298,0.0,0.33333333333333326,0.0
CPAMD8,0.48379157531227673,1.0,1.0,0.33333333333333326,0.0
CPAP,0.5460115098251388,1.0,0.0,0.33333333333333326,0.0
CPB1,0.4720052478344598,0.8985968007970802,1.0,0.33333333333333326,0.0
CPB2,0.573631192110057,0.19416888820821998,0.0,1.0,0.0
CPD,0.5110103406902133,0.34262911881852726,0.0,1.0,0.0
CPEB1,0.45227166040768196,1.0,1.0,0.33333333333333326,0.0
CPEB2,0.5089693297737715,0.3520531841516966,0.0,1.0,0.0
CPEB4,0.5330564504757285,0.09685906499637909,0.0,0.33333333333333326,0.0
CPED1,0.554018579118912,0.10498201611167839,0.0,1.0,0.0
CPLANE2,0.4644749039287925,0.21793546374030148,0.0,0.33333333333333326,0.0
CPLX1,0.303362766123569,0.4871860600050632,0.0,1.0,0.0
CPM,0.6377359183742765,1.0,0.0,0.33333333333333326,0.0
CPN1,0.46280843195524685,0.4075348574831758,0.0,1.0,0.0
CPNE1,0.5527183475561216,1.0,0.0,1.0,0.0
CPNE2,0.524495088308348,0.5841793623817457,0.0,0.33333333333333326,0.0
CPNE3,0.638176363780582,1.0,1.0,1.0,0.0
CPNE4,0.3098668074290988,1.0,0.0,1.0,0.0
CPNE5,0.43543136222759704,1.0,0.0,1.0,0.0
CPNE6,0.3384708031787824,1.0,1.0,1.0,0.0
CPNE7,0.4270961965219177,1.0,0.0,1.0,0.0
CPNE9,0.45262094994702484,1.0,0.0,0.33333333333333326,0.0
CPPED1,0.43683312403191715,0.10918238104298407,0.0,0.33333333333333326,0.0
CPQ,0.6319092815839664,1.0,0.0,0.33333333333333326,0.0
CPS1,0.5050542820973387,0.4223287397367721,0.0,1.0,0.0
CPSF1,0.566542583939682,1.0,0.0,1.0,0.0
CPSF2,0.4890372256179716,1.0,1.0,0.33333333333333326,0.0
CPSF3,0.4389469796233736,1.0,1.0,1.0,0.0
CPSF4,0.43094090758665216,0.47882367772135,0.0,1.0,0.0
CPSF6,0.43486610552698024,1.0,0.0,0.33333333333333326,0.0
CPSF7,0.5329644781601094,1.0,0.0,1.0,0.0
CPT1A,0.6268149062242638,1.0,1.0,1.0,0.0
CPT1B,0.6320673926769609,1.0,0.0,1.0,0.0
CPT1C,0.3655693991547377,1.0,1.0,1.0,0.0
CPT2,0.5231340369105828,0.3388855836156746,0.0,1.0,0.0
CPVL,0.7016904885976781,1.0,0.0,0.33333333333333326,0.0
CPXM1,0.5922740087323928,1.0,1.0,1.0,0.0
CPXM2,0.5774702933675616,1.0,0.0,1.0,0.0
CPZ,0.6591753794401185,1.0,0.0,1.0,0.0
CR1,0.5781892423781217,1.0,0.0,0.33333333333333326,0.0
CR1L,0.5061370800702263,0.2329889091003153,0.0,1.0,0.0
CR2,0.5747163315137088,0.17574176936603306,0.0,1.0,0.0
CRABP1,0.7423042394650314,1.0,0.0,1.0,0.0
CRABP2,0.5503100837971614,0.8308791840735237,0.0,0.33333333333333326,0.0
CRACDL,0.37971446715141305,1.0,0.0,1.0,0.0
CRACR2A,0.37133817748335457,0.20358027352369326,0.0,0.33333333333333326,0.0
CRACR2B,0.5921567071129785,1.0,1.0,1.0,0.0
CRADD,0.5413347677255206,0.9111547253936759,1.0,1.0,0.0
CRAMP1,0.44243595530524704,1.0,1.0,0.33333333333333326,0.0
CRAT,0.5468211914914682,0.9351882401351245,1.0,1.0,0.0
CRB2,0.6489175335617794,1.0,1.0,1.0,0.0
CRB3,0.4704186613216522,0.3470910581046286,0.0,1.0,0.0
CRBN,0.40101938951084687,1.0,1.0,1.0,0.0
CRCP,0.46869846675225946,0.32535627946694884,1.0,0.33333333333333326,0.0
CREB3,0.3922442347375717,0.9704748469094047,1.0,1.0,0.0
CREB3L1,0.4037367747549172,1.0,0.0,0.33333333333333326,0.0
CREB3L2,0.5554532076645076,1.0,1.0,1.0,0.0
CREB3L4,0.4220580812965676,1.0,1.0,0.33333333333333326,0.0
CREB5,0.5377085702519518,0.28567176695533164,0.0,1.0,0.0
CREBBP,0.5398250374136147,1.0,1.0,1.0,0.0
CREBL2,0.4355002017124428,1.0,1.0,0.33333333333333326,0.0
CREG2,0.21656399450884453,1.0,0.0,1.0,0.0
CRELD2,0.438753179778557,0.08447258813913004,0.0,1.0,0.0
CREM,0.5562404008863978,1.0,0.0,0.33333333333333326,0.0
CRH,0.0,1.0,1.0,1.0,0.0
CRHBP,0.2548144754397029,1.0,1.0,1.0,0.0
CRHR1,0.42421266478541153,0.6137456607507008,1.0,1.0,0.0
CRHR2,0.2744945822417513,0.5153078942241084,0.0,1.0,0.0
CRIP1,0.5314110945916058,0.8788700060925674,0.0,0.33333333333333326,0.0
CRIP2,0.4358330188619082,1.0,0.0,0.33333333333333326,0.0
CRIP3,0.395702141027657,0.6276555247981144,1.0,0.33333333333333326,0.0
CRIPT,0.5354717273746963,1.0,0.0,1.0,0.0
CRIPTO,0.45954719072094946,0.7604326074994016,1.0,0.33333333333333326,0.0
CRIPTO3,0.41915950858210216,0.34877310109864773,1.0,0.33333333333333326,0.0
CRISPLD2,0.6600093855047855,1.0,0.0,1.0,0.0
CRLF1,0.5434838187175924,0.14419097887199103,1.0,1.0,0.0
CRLF3,0.510694926293069,0.7706012102011738,0.0,0.33333333333333326,0.0
CRLS1,0.4206399973076041,1.0,0.0,0.33333333333333326,0.0
CRMP1,0.4169838012702285,1.0,1.0,1.0,0.0
CRNKL1,0.4520387781946842,0.8020663711169016,0.0,1.0,0.0
CRNN,0.5470992704075149,0.3666172886689244,1.0,1.0,0.0
CROCC,0.5699410433633092,1.0,0.0,1.0,0.0
CROT,0.4391571903009229,0.11089860632578746,0.0,1.0,0.0
CRP,0.5452971783643049,0.7742121008668384,1.0,1.0,0.0
CRTAC1,0.5701888579863147,1.0,0.0,0.33333333333333326,0.0
CRTAM,0.4605256244931212,0.019552497367485846,0.0,1.0,0.0
CRTAP,0.6457065453611066,1.0,1.0,1.0,0.0
CRTC2,0.5756648155327789,1.0,0.0,1.0,0.0
CRTC3,0.5543021017629798,1.0,0.0,1.0,0.0
CRX,0.3357930321602569,0.5050105776999112,0.0,0.33333333333333326,0.0
CRY2,0.37854769221276463,1.0,1.0,1.0,0.0
CRYAB,0.6876153974448561,1.0,0.0,0.33333333333333326,0.0
CRYBA2,0.4579359317853978,0.6672333893255655,0.0,0.33333333333333326,0.0
CRYBA4,0.4444081010431291,0.722605503932199,1.0,0.33333333333333326,0.0
CRYBB1,0.5166224839520508,0.8099340439947184,1.0,0.33333333333333326,0.0
CRYBB2,0.33908068108413086,1.0,0.0,0.33333333333333326,0.0
CRYBG1,0.5243814999232023,1.0,0.0,0.33333333333333326,0.0
CRYBG2,0.341318375661437,0.53120650453504,1.0,1.0,0.0
CRYGA,0.5586044451315314,0.12575512473539885,0.0,0.33333333333333326,0.0
CRYGD,0.43571185136414226,1.0,0.0,1.0,0.0
CRYGN,0.5605670455129655,1.0,1.0,1.0,0.0
CRYGS,0.5187305210697313,1.0,0.0,1.0,0.0
CRYL1,0.5026263709999979,0.08530344124060914,0.0,1.0,0.0
CRYM,0.07772411291003936,1.0,1.0,1.0,0.0
CRYZL1,0.5040314949854463,1.0,1.0,0.33333333333333326,0.0
CS,0.3830976245172121,1.0,1.0,1.0,0.0
CSAD,0.5063211852058711,1.0,1.0,0.33333333333333326,0.0
CSAG1,0.5466657596503957,1.0,0.0,1.0,0.0
CSAG2,0.5485489063512772,1.0,0.0,1.0,0.0
CSDE1,0.45531345466275885,1.0,0.0,0.33333333333333326,0.0
CSE1L,0.46101929768216804,0.7630845519179523,1.0,0.33333333333333326,0.0
CSF1,0.5863893185879085,0.2379607173772256,0.0,0.33333333333333326,0.0
CSF1R,0.7076750697249661,1.0,1.0,1.0,0.0
CSF2RA,0.5144711783553816,0.9866114066223719,1.0,0.33333333333333326,0.0
CSF2RB,0.46248696205636813,0.9938106472653625,0.0,1.0,0.0
CSF3,0.5875512462915671,0.6463768583629197,1.0,1.0,0.0
CSF3R,0.6327787001633942,1.0,1.0,1.0,0.0
CSGALNACT1,0.6399548665952305,0.26506244536771717,0.0,0.33333333333333326,0.0
CSK,0.5817591502206623,1.0,1.0,1.0,0.0
CSMD1,0.4304683231924323,1.0,0.0,0.33333333333333326,0.0
CSMD3,0.44532482086498343,1.0,0.0,1.0,0.0
CSN1S1,0.4833588442377829,1.0,1.0,0.33333333333333326,0.0
CSNK1A1L,0.44418230745305964,0.436966384108183,0.0,1.0,0.0
CSNK1D,0.5409518297179554,0.2759291052320669,1.0,1.0,0.0
CSNK1G1,0.5489874661362475,0.9153179825709669,1.0,1.0,0.0
CSNK1G2,0.4662254532708114,0.527210752328082,1.0,0.33333333333333326,0.0
CSNK1G3,0.44462780628694126,1.0,0.0,1.0,0.0
CSNK2A1,0.42219410970830684,1.0,0.0,0.33333333333333326,0.0
CSNK2A2,0.529517771385937,1.0,0.0,1.0,0.0
CSPG4,0.6142732550579219,1.0,1.0,1.0,0.0
CSPG5,0.38365984077422455,1.0,0.0,0.33333333333333326,0.0
CSPP1,0.5247015147935109,1.0,0.0,1.0,0.0
CSRNP1,0.6271985479319818,1.0,1.0,1.0,0.0
CSRNP2,0.4204193771400197,1.0,0.0,1.0,0.0
CSRNP3,0.3998626434071018,1.0,0.0,1.0,0.0
CSRP1,0.6771920167865708,1.0,1.0,1.0,0.0
CSRP2,0.553470925904649,1.0,0.0,1.0,0.0
CST4,0.39254474248021126,0.26456706607290587,0.0,0.33333333333333326,0.0
CST5,0.43330905227821304,0.6909158001937077,1.0,1.0,0.0
CST7,0.6113336382564811,1.0,1.0,1.0,0.0
CST9,0.4487708049056148,0.984664726122082,0.0,1.0,0.0
CSTA,0.6762436962282194,1.0,0.0,1.0,0.0
CSTB,0.5377820974070092,1.0,0.0,0.33333333333333326,0.0
CSTF1,0.42161924707484943,1.0,0.0,1.0,0.0
CSTF2,0.44480728610243536,1.0,0.0,1.0,0.0
CSTF2T,0.43520559996394054,1.0,0.0,1.0,0.0
CSTF3,0.3884338003727918,1.0,1.0,1.0,0.0
CSTL1,0.6002135406203591,0.5277161166087991,0.0,0.33333333333333326,0.0
CSTPP1,0.4354795557778454,1.0,0.0,0.33333333333333326,0.0
CT55,0.5078365618117753,0.6115947064191662,1.0,0.33333333333333326,0.0
CTAGE1,0.4549693810226788,1.0,0.0,1.0,0.0
CTBP1,0.40334737508106105,1.0,1.0,1.0,0.0
CTBP2,0.4693675586120056,1.0,1.0,0.33333333333333326,0.0
CTBS,0.5080192472392766,1.0,0.0,1.0,0.0
CTC1,0.42133128371603523,1.0,0.0,1.0,0.0
CTCF,0.5769884625551126,1.0,1.0,1.0,0.0
CTCFL,0.46470734275566883,0.33128563020117396,0.0,0.33333333333333326,0.0
CTDNEP1,0.5494152578980349,1.0,1.0,1.0,0.0
CTDP1,0.516170693464528,1.0,0.0,1.0,0.0
CTDSP1,0.5651065373742766,1.0,0.0,1.0,0.0
CTDSP2,0.6174459435996619,1.0,1.0,1.0,0.0
CTDSPL,0.5414826062250931,1.0,0.0,1.0,0.0
CTF1,0.5816691916151149,1.0,1.0,1.0,0.0
CTH,0.4558320621060136,0.881773678937073,0.0,0.33333333333333326,0.0
CTHRC1,0.4183759376214697,1.0,0.0,0.33333333333333326,0.0
CTIF,0.5421895593803975,1.0,0.0,0.33333333333333326,0.0
CTLA4,0.4591542317621404,0.20307919134071303,0.0,0.33333333333333326,0.0
CTNNA1,0.5417892234865179,1.0,0.0,1.0,0.0
CTNNA2,0.38368938315260764,1.0,0.0,0.33333333333333326,0.0
CTNNA3,0.5550593375650185,0.1360122809243161,1.0,0.33333333333333326,0.0
CTNNAL1,0.44689578204225544,0.564223563347907,1.0,0.33333333333333326,0.0
CTNNBIP1,0.4187636000557715,1.0,0.0,1.0,0.0
CTNNBL1,0.4928184476726762,0.2513818333687221,0.0,1.0,0.0
CTNND1,0.5310881764875376,0.17878195206564892,1.0,1.0,0.0
CTNND2,0.46989433881230314,0.24525728293727952,0.0,0.33333333333333326,0.0
CTNS,0.5807112909541289,1.0,1.0,1.0,0.0
CTRB1,0.4383100524410957,1.0,1.0,0.33333333333333326,0.0
CTRC,0.4943220584685425,0.1474685961692206,0.0,1.0,0.0
CTRL,0.5492034316268898,1.0,0.0,0.33333333333333326,0.0
CTSA,0.5236531356235959,1.0,0.0,0.33333333333333326,0.0
CTSC,0.5982318259010558,1.0,0.0,1.0,0.0
CTSD,0.5880626185476832,0.9397746246327583,1.0,1.0,0.0
CTSF,0.46621046229116586,0.2511839557342876,0.0,0.33333333333333326,0.0
CTSH,0.6118634579775597,1.0,1.0,1.0,0.0
CTSK,0.5619263101049763,1.0,1.0,1.0,0.0
CTSO,0.459525899679511,0.10928596632561344,0.0,1.0,0.0
CTSS,0.656607876776511,1.0,1.0,1.0,0.0
CTSV,0.38254267481482895,1.0,1.0,1.0,0.0
CTSZ,0.5724669391012599,1.0,0.0,1.0,0.0
CTTN,0.4644388291004874,0.58144069937582,1.0,0.33333333333333326,0.0
CTTNBP2,0.4891671296294165,1.0,1.0,0.33333333333333326,0.0
CTTNBP2NL,0.4928506013898346,0.7280136965001989,1.0,0.33333333333333326,0.0
CTU1,0.4728411001730264,0.0525975020238473,0.0,1.0,0.0
CTXN1,0.3853356819046762,1.0,0.0,1.0,0.0
CTXN3,0.32383887800544986,1.0,1.0,1.0,0.0
CUBN,0.5380941288123907,1.0,0.0,1.0,0.0
CUEDC1,0.5555919027580448,0.4146178715749321,1.0,1.0,0.0
CUEDC2,0.44014788213577055,1.0,0.0,1.0,0.0
CUL1,0.46894981102269906,0.7189614742624686,0.0,0.33333333333333326,0.0
CUL3,0.3971902688510788,1.0,0.0,1.0,0.0
CUL4A,0.5137851854397012,1.0,0.0,0.33333333333333326,0.0
CUL4B,0.49099851190379734,0.48963244043420007,1.0,0.33333333333333326,0.0
CUL7,0.5164198942323228,0.689878597795911,0.0,0.33333333333333326,0.0
CUTA,0.4139717329595734,1.0,1.0,1.0,0.0
CUTC,0.45974807242723525,0.5825039969589677,0.0,0.33333333333333326,0.0
CUX2,0.33040788666627985,1.0,0.0,1.0,0.0
CUZD1,0.6080840532415477,1.0,1.0,1.0,0.0
CWC15,0.4464591920253611,1.0,1.0,1.0,0.0
CWC22,0.5367752414401487,1.0,0.0,1.0,0.0
CWF19L1,0.4112396718114101,1.0,1.0,1.0,0.0
CWF19L2,0.5376428147136836,1.0,0.0,1.0,0.0
CX3CL1,0.36441476349776086,1.0,0.0,1.0,0.0
CX3CR1,0.43074052688467923,0.10636983768966773,0.0,1.0,0.0
CXADR,0.385369832392864,1.0,0.0,1.0,0.0
CXCL1,0.66595059960957,1.0,1.0,0.33333333333333326,0.0
CXCL10,0.5357059627333637,0.45637650684946374,0.0,1.0,0.0
CXCL12,0.5969232551655572,0.5720747538934403,0.0,0.33333333333333326,0.0
CXCL14,0.35117844612380866,1.0,0.0,0.33333333333333326,0.0
CXCL16,0.6580509094183536,1.0,1.0,1.0,0.0
CXCL17,0.5383519941269532,0.09628341418629154,1.0,1.0,0.0
CXCL2,0.647924733217174,1.0,1.0,1.0,0.0
CXCL3,0.35003806277807686,0.6826816548739981,1.0,0.33333333333333326,0.0
CXCL5,0.5440222323908672,0.666588786276997,0.0,1.0,0.0
CXCL6,0.5147280428273334,0.6354796827651163,0.0,0.33333333333333326,0.0
CXCL8,0.3904526407195441,0.5324276791712197,1.0,0.33333333333333326,0.0
CXCR1,0.4471590376785082,1.0,1.0,0.33333333333333326,0.0
CXCR2,0.5835262938515979,1.0,0.0,0.33333333333333326,0.0
CXCR4,0.672866876305737,1.0,0.0,0.33333333333333326,0.0
CXCR5,0.4985945090972159,0.10929687276153609,0.0,0.33333333333333326,0.0
CXCR6,0.562139356484201,1.0,1.0,1.0,0.0
CXXC1,0.5255015040859383,1.0,0.0,0.33333333333333326,0.0
CXXC4,0.6111595419657798,0.3641001118011195,0.0,0.33333333333333326,0.0
CXXC5,0.4061779077256036,1.0,1.0,1.0,0.0
CXorf38,0.5072765095904659,0.191395242848453,0.0,1.0,0.0
CXorf66,0.45613364073474083,0.4509520769799909,1.0,0.33333333333333326,0.0
CYB561,0.42761179833448115,0.9148525409932537,1.0,1.0,0.0
CYB561A3,0.5486079214849761,1.0,0.0,1.0,0.0
CYB561D1,0.4679862846163787,0.549700638007539,0.0,0.33333333333333326,0.0
CYB561D2,0.4693153039451154,1.0,1.0,0.33333333333333326,0.0
CYB5A,0.5332420423438448,0.4901850118483693,1.0,1.0,0.0
CYB5B,0.5037489144067875,0.34308904098888654,0.0,0.33333333333333326,0.0
CYB5D2,0.47358898896390633,1.0,1.0,0.33333333333333326,0.0
CYB5R1,0.4508899149352168,0.9548101477432499,0.0,0.33333333333333326,0.0
CYB5R3,0.5308733471547233,1.0,0.0,0.33333333333333326,0.0
CYBA,0.6499892851940255,1.0,1.0,1.0,0.0
CYBB,0.6603229505586096,1.0,1.0,1.0,0.0
CYBRD1,0.6942107489693373,1.0,1.0,1.0,0.0
CYC1,0.396546934069909,1.0,1.0,1.0,0.0
CYCS,0.36355392970534633,1.0,0.0,0.33333333333333326,0.0
CYFIP1,0.48307895700146264,1.0,1.0,0.33333333333333326,0.0
CYFIP2,0.42103558819008524,1.0,1.0,1.0,0.0
CYGB,0.4544662905650603,1.0,0.0,0.33333333333333326,0.0
CYLC1,0.5041264018397816,0.6386262133043773,0.0,1.0,0.0
CYP11A1,0.515014371687349,0.9411993960462668,0.0,0.33333333333333326,0.0
CYP19A1,0.44650833560982234,0.31227600681815115,1.0,0.33333333333333326,0.0
CYP1A1,0.32999006720126844,0.5886732137738123,1.0,1.0,0.0
CYP1B1,0.5776248562953602,1.0,1.0,1.0,0.0
CYP20A1,0.5975241688854966,0.5735024674781611,1.0,1.0,0.0
CYP21A2,0.5316292611670214,0.4703944903242948,1.0,1.0,0.0
CYP24A1,0.3607070830076925,1.0,0.0,1.0,0.0
CYP26A1,0.41371854613967235,1.0,0.0,1.0,0.0
CYP26B1,0.41733673918502956,0.6597826949899831,0.0,0.33333333333333326,0.0
CYP27A1,0.6134785517738391,1.0,1.0,1.0,0.0
CYP27C1,0.39426575680716514,0.13160298535948728,0.0,0.33333333333333326,0.0
CYP2A13,0.35477551366556453,1.0,1.0,1.0,0.0
CYP2A6,0.439261751288394,1.0,0.0,1.0,0.0
CYP2A7,0.4489922893733856,0.7165561886610281,0.0,1.0,0.0
CYP2C18,0.5207263818364842,0.42207424464506305,1.0,0.33333333333333326,0.0
CYP2C8,0.4627936014152346,0.38615369444489545,0.0,1.0,0.0
CYP2D6,0.5042636577543393,1.0,0.0,1.0,0.0
CYP2E1,0.35092529103212367,1.0,1.0,1.0,0.0
CYP2F1,0.47315356052620505,0.1260953697366877,0.0,0.33333333333333326,0.0
CYP2J2,0.5921454362566633,1.0,1.0,1.0,0.0
CYP2R1,0.5311374952100997,1.0,0.0,1.0,0.0
CYP2S1,0.5606230990480239,1.0,1.0,1.0,0.0
CYP2W1,0.5636928995313639,0.3446912350573584,1.0,1.0,0.0
CYP39A1,0.5583960663014556,1.0,1.0,1.0,0.0
CYP3A5,0.5563500273345786,1.0,0.0,1.0,0.0
CYP46A1,0.5119204998032185,1.0,0.0,1.0,0.0
CYP4A11,0.42128709060898945,0.537497932386415,0.0,0.33333333333333326,0.0
CYP4B1,0.5928659813768585,1.0,0.0,1.0,0.0
CYP4F11,0.5051158957580891,0.5297094130409326,0.0,0.33333333333333326,0.0
CYP4F12,0.5288011021138478,1.0,0.0,1.0,0.0
CYP4F2,0.5281882877562093,1.0,1.0,0.33333333333333326,0.0
CYP4V2,0.5388665440997585,0.9835767075749785,0.0,0.33333333333333326,0.0
CYP4X1,0.2927941909025909,1.0,1.0,1.0,0.0
CYP4Z1,0.413844770356137,1.0,0.0,1.0,0.0
CYP51A1,0.44861745299158284,1.0,0.0,1.0,0.0
CYP7A1,0.5438254151860572,0.3688269189206045,0.0,0.33333333333333326,0.0
CYP7B1,0.4673660720300925,0.300440419420703,0.0,0.33333333333333326,0.0
CYREN,0.5127992420048729,1.0,0.0,1.0,0.0
CYRIA,0.35726540429223635,1.0,1.0,1.0,0.0
CYRIB,0.34275863862337197,1.0,0.0,1.0,0.0
CYS1,0.40284676548596177,1.0,0.0,0.33333333333333326,0.0
CYSLTR1,0.5177589987649587,0.1248372834000623,1.0,0.33333333333333326,0.0
CYSTM1,0.5794809680141791,1.0,1.0,1.0,0.0
CYTH1,0.5272514591933212,1.0,0.0,1.0,0.0
CYTH2,0.5209961915636327,1.0,0.0,1.0,0.0
CYTH3,0.4139127626499514,1.0,0.0,1.0,0.0
CYTH4,0.595643287680205,1.0,0.0,1.0,0.0
CYTIP,0.6080866807999271,1.0,0.0,0.33333333333333326,0.0
CYTL1,0.6513040377851851,1.0,0.0,0.33333333333333326,0.0
CYYR1,0.5791669306324199,1.0,1.0,1.0,0.0
CZIB,0.44841797081763685,0.5301989642805206,1.0,1.0,0.0
D2HGDH,0.39884139406886143,0.37203949895650007,1.0,1.0,0.0
DAAM1,0.5712296415683967,1.0,0.0,0.33333333333333326,0.0
DAB2,0.6391538980742918,1.0,1.0,1.0,0.0
DAB2IP,0.5238487367289477,1.0,0.0,0.33333333333333326,0.0
DACH1,0.6152564798726058,1.0,1.0,1.0,0.0
DACH2,0.3569913988385812,1.0,0.0,1.0,0.0
DACT3,0.4248172885595226,1.0,0.0,1.0,0.0
DAD1,0.47607744701182275,0.6061901751156203,1.0,0.33333333333333326,0.0
DAG1,0.6028414692798452,1.0,1.0,1.0,0.0
DAGLA,0.3825366659642444,1.0,0.0,1.0,0.0
DAGLB,0.4380049701776662,0.31185127083000774,0.0,0.33333333333333326,0.0
DAND5,0.5998647630394983,0.6490824149901586,1.0,1.0,0.0
DAP,0.5598030684531335,1.0,1.0,1.0,0.0
DAP3,0.4088063158825118,1.0,1.0,1.0,0.0
DAPK2,0.5016368429736083,1.0,0.0,1.0,0.0
DAPP1,0.5088891753130931,1.0,1.0,0.33333333333333326,0.0
DARS2,0.5275484688452485,0.29897232100355003,1.0,0.33333333333333326,0.0
DAW1,0.4309591344385547,1.0,0.0,0.33333333333333326,0.0
DAXX,0.5763459583950316,1.0,1.0,1.0,0.0
DAZ3,0.42667215195957536,0.1188173401243636,1.0,1.0,0.0
DAZAP1,0.5105246384983568,1.0,0.0,1.0,0.0
DBF4,0.46125914561337134,0.49253905525930747,0.0,0.33333333333333326,0.0
DBI,0.634695370644517,1.0,1.0,1.0,0.0
DBNDD1,0.3871157794377087,1.0,0.0,0.33333333333333326,0.0
DBNL,0.45094604506393937,1.0,0.0,0.33333333333333326,0.0
DBP,0.4950999307020167,0.1997619626634959,0.0,0.33333333333333326,0.0
DBR1,0.5006213556076121,0.177505468065107,0.0,0.33333333333333326,0.0
DBT,0.5030161150009149,0.6300231407215249,0.0,0.33333333333333326,0.0
DCAF1,0.5915156093535517,1.0,1.0,1.0,0.0
DCAF10,0.496806918350204,0.1674457512636096,0.0,0.33333333333333326,0.0
DCAF11,0.40856557651255904,1.0,1.0,1.0,0.0
DCAF12,0.6233228491448062,1.0,1.0,1.0,0.0
DCAF12L1,0.45826489399721876,0.8444467619967582,0.0,1.0,0.0
DCAF12L2,0.554928488712559,1.0,1.0,1.0,0.0
DCAF13,0.5016034376233546,0.3287325026210687,1.0,0.33333333333333326,0.0
DCAF17,0.5107164854093086,0.645850491864455,0.0,1.0,0.0
DCAF4,0.3997691954488664,1.0,0.0,0.33333333333333326,0.0
DCAF4L1,0.41705574285073455,0.0961739230193902,0.0,0.33333333333333326,0.0
DCAF4L2,0.527742529664373,0.18869065264888596,1.0,0.33333333333333326,0.0
DCAF5,0.5266553848735241,1.0,0.0,0.33333333333333326,0.0
DCAF6,0.32699024252994263,1.0,1.0,1.0,0.0
DCAF7,0.55650957196961,1.0,1.0,1.0,0.0
DCAF8,0.46085397776015047,1.0,1.0,0.33333333333333326,0.0
DCAF8L1,0.4025262249206458,0.705870279540078,1.0,1.0,0.0
DCAF8L2,0.5288997406489326,0.20982040075116198,0.0,0.33333333333333326,0.0
DCAKD,0.48734143175472455,0.7107943363299846,1.0,0.33333333333333326,0.0
DCC,0.4521569106936604,0.07673784896800513,0.0,0.33333333333333326,0.0
DCD,0.5032415416258654,0.22269669035013542,0.0,0.33333333333333326,0.0
DCDC2,0.3605425527292506,1.0,0.0,0.33333333333333326,0.0
DCDC2B,0.4289815983578436,0.6948157189381478,1.0,0.33333333333333326,0.0
DCHS2,0.42355741757801985,1.0,0.0,0.33333333333333326,0.0
DCK,0.37070624027606525,1.0,1.0,1.0,0.0
DCLK1,0.25452826215480984,1.0,1.0,1.0,0.0
DCLRE1A,0.5198898786298558,0.5660142768470834,1.0,0.33333333333333326,0.0
DCLRE1B,0.510213429115262,0.2407775585625766,0.0,1.0,0.0
DCLRE1C,0.5063018238856674,1.0,1.0,0.33333333333333326,0.0
DCN,0.753056336955674,1.0,1.0,1.0,0.0
DCP1A,0.4314814895590385,0.03760992745623954,0.0,0.33333333333333326,0.0
DCP1B,0.5691091440855646,1.0,1.0,1.0,0.0
DCP2,0.5277269811436702,0.6828671758380187,1.0,0.33333333333333326,0.0
DCPH1,0.4282227015233656,1.0,0.0,1.0,0.0
DCPS,0.46741459760458404,0.4732897967423808,0.0,0.33333333333333326,0.0
DCST1,0.4719218483012668,0.3348578522642859,0.0,1.0,0.0
DCTN1,0.3687577813803087,0.8253558298804473,1.0,1.0,0.0
DCTN2,0.4646409188685079,0.6725477625094293,1.0,0.33333333333333326,0.0
DCTN3,0.4063855127475718,1.0,0.0,1.0,0.0
DCTN4,0.47234249627377206,0.29525643163079063,0.0,0.33333333333333326,0.0
DCTN6,0.41421260315449077,1.0,1.0,1.0,0.0
DCTPP1,0.4207564505498704,1.0,0.0,1.0,0.0
DCUN1D3,0.4317375759733722,0.07478151159727416,0.0,1.0,0.0
DCUN1D4,0.47307164407253444,0.08612384298743045,0.0,0.33333333333333326,0.0
DCUN1D5,0.41550429356610824,1.0,0.0,1.0,0.0
DCX,0.4048973542416992,1.0,0.0,0.33333333333333326,0.0
DCXR,0.5342812427115162,1.0,0.0,1.0,0.0
DDA1,0.35721395637955766,1.0,1.0,1.0,0.0
DDAH2,0.6244723517351991,1.0,0.0,1.0,0.0
DDB1,0.4078288989191688,1.0,1.0,1.0,0.0
DDB2,0.5967705610545917,1.0,1.0,1.0,0.0
DDC,0.412115794160857,1.0,0.0,1.0,0.0
DDHD1,0.42833838570609906,0.45421483226324294,1.0,1.0,0.0
DDHD2,0.3736894028314499,1.0,0.0,0.33333333333333326,0.0
DDI1,0.38287033511958257,0.10543860280724923,0.0,1.0,0.0
DDIT4,0.7993209772407989,1.0,1.0,1.0,0.0
DDIT4L,0.7754935585273733,1.0,1.0,1.0,0.0
DDN,0.24341496144765085,1.0,0.0,0.33333333333333326,0.0
DDO,0.5662188181148541,1.0,1.0,1.0,0.0
DDOST,0.3982454749426677,1.0,0.0,1.0,0.0
DDR1,0.5291240958111141,1.0,1.0,0.33333333333333326,0.0
DDR2,0.5834940298630782,1.0,1.0,1.0,0.0
DDRGK1,0.4207216742089009,1.0,1.0,1.0,0.0
DDT,0.38651737162726846,1.0,1.0,1.0,0.0
DDX1,0.3649813310745271,1.0,1.0,1.0,0.0
DDX10,0.4019839692932682,1.0,0.0,1.0,0.0
DDX11,0.5363150427089275,1.0,0.0,1.0,0.0
DDX17,0.4935791305752058,1.0,1.0,0.33333333333333326,0.0
DDX19A,0.42684297992586245,1.0,1.0,1.0,0.0
DDX19B,0.44887503717321353,1.0,0.0,1.0,0.0
DDX20,0.4592867593015236,0.9014055591750592,0.0,0.33333333333333326,0.0
DDX21,0.5620225621462496,0.32694452853505646,1.0,1.0,0.0
DDX23,0.5557335451535319,1.0,1.0,1.0,0.0
DDX24,0.3655700548296379,1.0,1.0,1.0,0.0
DDX25,0.3406925728085609,1.0,0.0,1.0,0.0
DDX28,0.3957309667533647,1.0,0.0,1.0,0.0
DDX39A,0.5624653752080638,1.0,0.0,1.0,0.0
DDX3X,0.5731700753448845,1.0,1.0,1.0,0.0
DDX3Y,0.1251137838445765,1.0,0.0,1.0,0.0
DDX41,0.42290635674376276,0.8102440863318943,1.0,1.0,0.0
DDX42,0.42715487431173615,1.0,0.0,0.33333333333333326,0.0
DDX46,0.5341852516405008,0.7484108149003695,1.0,1.0,0.0
DDX49,0.3873031355557033,0.7320500019592441,1.0,1.0,0.0
DDX5,0.5028956560038254,0.14032328455778623,0.0,1.0,0.0
DDX50,0.4712373319838672,0.20531410378285475,0.0,0.33333333333333326,0.0
DDX51,0.41585418691700515,1.0,0.0,1.0,0.0
DDX54,0.4654631752279186,0.5417901969100417,0.0,0.33333333333333326,0.0
DDX55,0.46774809924794086,0.5691177210882422,0.0,1.0,0.0
DDX56,0.4984928527603484,0.312465315160786,0.0,0.33333333333333326,0.0
DDX59,0.5140822459513018,0.3501941443270259,0.0,1.0,0.0
DECR1,0.4507518348805492,0.698076033757827,0.0,0.33333333333333326,0.0
DECR2,0.42561773011117665,1.0,0.0,0.33333333333333326,0.0
DEDD,0.5087095519178254,0.5982053444140352,0.0,0.33333333333333326,0.0
DEF6,0.5480566381625713,1.0,0.0,1.0,0.0
DEF8,0.43039021335476807,1.0,0.0,1.0,0.0
DEFA5,0.5164801886093949,0.5280547898854576,0.0,0.33333333333333326,0.0
DEFA6,0.3377498691864516,0.6128596908213297,1.0,1.0,0.0
DEFB1,0.7026967927554054,1.0,0.0,1.0,0.0
DEFB105A,0.5249270970211506,0.2754609608727948,1.0,0.33333333333333326,0.0
DEFB112,0.46659136304632065,0.1133658276899775,0.0,0.33333333333333326,0.0
DEFB123,0.557890183380977,1.0,1.0,1.0,0.0
DEFB126,0.5512989784040699,0.1937377484946938,0.0,1.0,0.0
DEFB127,0.4521531596699112,1.0,1.0,0.33333333333333326,0.0
DEFB129,0.45027992627450214,0.8951247606939126,1.0,0.33333333333333326,0.0
DEGS2,0.43326775973922643,1.0,0.0,1.0,0.0
DEK,0.5927902161885722,1.0,1.0,1.0,0.0
DENND10,0.4429658902221587,1.0,0.0,0.33333333333333326,0.0
DENND1C,0.5018907425041153,0.964447653176428,0.0,1.0,0.0
DENND2A,0.5473415812430233,1.0,1.0,1.0,0.0
DENND2B,0.5471868198107037,1.0,0.0,1.0,0.0
DENND2C,0.4738624812130414,1.0,1.0,0.33333333333333326,0.0
DENND2D,0.511844676276261,0.24879507097542983,0.0,1.0,0.0
DENND3,0.5174995337038703,0.5818871983144513,0.0,0.33333333333333326,0.0
DENND4B,0.4825975489929697,1.0,1.0,0.33333333333333326,0.0
DENND4C,0.548277920077194,0.2925506872985792,1.0,1.0,0.0
DENND5A,0.5615635414539975,1.0,1.0,1.0,0.0
DENND5B,0.40018859031117754,1.0,0.0,1.0,0.0
DENND6A,0.5351881666135899,1.0,0.0,0.33333333333333326,0.0
DENND6B,0.4334385128966229,1.0,0.0,0.33333333333333326,0.0
DEPDC1,0.5155912725624953,0.3709423420316389,0.0,1.0,0.0
DEPDC4,0.4163654764434564,0.0784173127743114,0.0,0.33333333333333326,0.0
DEPDC5,0.5032988289187861,1.0,1.0,0.33333333333333326,0.0
DEPP1,0.5794193761928437,1.0,0.0,1.0,0.0
DERA,0.6112686155772796,1.0,1.0,1.0,0.0
DERL1,0.5055784511033614,0.2802612478145358,0.0,1.0,0.0
DERL2,0.4116028137020177,1.0,1.0,0.33333333333333326,0.0
DERL3,0.3889147588951246,0.24037002901921065,0.0,1.0,0.0
DES,0.5961811220968267,0.5737018869750241,1.0,1.0,0.0
DESI2,0.5225769468271768,1.0,1.0,0.33333333333333326,0.0
DET1,0.5125027307019874,1.0,1.0,0.33333333333333326,0.0
DFFB,0.5403566587085683,1.0,0.0,0.33333333333333326,0.0
DGAT1,0.5423828451521476,0.5731173309083915,1.0,1.0,0.0
DGAT2,0.28428227152760294,1.0,1.0,1.0,0.0
DGCR2,0.506478099876123,0.6059132475172506,0.0,0.33333333333333326,0.0
DGCR6,0.6380046376584232,1.0,0.0,0.33333333333333326,0.0
DGCR8,0.5501769604641459,0.5634991033920692,1.0,0.33333333333333326,0.0
DGKA,0.5006964149268835,0.0803813399568433,0.0,1.0,0.0
DGKD,0.5356210507311133,1.0,0.0,0.33333333333333326,0.0
DGKE,0.40697700661078423,0.356119417205026,1.0,1.0,0.0
DGKG,0.627165307975549,1.0,0.0,0.33333333333333326,0.0
DGKH,0.43487804257426166,1.0,0.0,1.0,0.0
DGKI,0.38943626799469616,1.0,0.0,1.0,0.0
DGKQ,0.44309855408614746,0.7028126446185606,1.0,1.0,0.0
DGKZ,0.49544686041614416,0.41355468951511654,1.0,0.33333333333333326,0.0
DGLUCY,0.5212966826879641,1.0,0.0,1.0,0.0
DHCR24,0.35802221360903264,1.0,1.0,1.0,0.0
DHCR7,0.5990170456910574,1.0,1.0,1.0,0.0
DHDDS,0.3895191520198073,1.0,1.0,1.0,0.0
DHDH,0.43964188315711655,1.0,0.0,0.33333333333333326,0.0
DHFR2,0.43196582393679755,0.4134599263886965,1.0,1.0,0.0
DHPS,0.4293922660849081,0.44725180931532516,0.0,0.33333333333333326,0.0
DHRS1,0.45414915839555514,0.49741020358303156,1.0,0.33333333333333326,0.0
DHRS11,0.34546787955539326,1.0,1.0,1.0,0.0
DHRS13,0.5216746505664742,1.0,0.0,0.33333333333333326,0.0
DHRS2,0.4184618330623304,1.0,1.0,1.0,0.0
DHRS3,0.6653799777748847,1.0,1.0,1.0,0.0
DHRS4,0.5689532717862495,1.0,1.0,1.0,0.0
DHRS7B,0.36759290691317364,1.0,1.0,1.0,0.0
DHRS7C,0.3802501495743027,1.0,1.0,1.0,0.0
DHRSX,0.3766489678618361,1.0,1.0,1.0,0.0
DHTKD1,0.5329456319692408,0.9550813133025784,0.0,1.0,0.0
DHX15,0.5046985185894355,0.20995911197957723,0.0,1.0,0.0
DHX16,0.45772054401979106,1.0,1.0,0.33333333333333326,0.0
DHX30,0.4508408312887724,1.0,0.0,1.0,0.0
DHX32,0.5672928359475571,1.0,1.0,1.0,0.0
DHX33,0.4402340455899879,1.0,0.0,0.33333333333333326,0.0
DHX34,0.581048243536072,1.0,1.0,1.0,0.0
DHX35,0.46366643273556385,1.0,0.0,1.0,0.0
DHX36,0.3841512528645521,1.0,0.0,0.33333333333333326,0.0
DHX38,0.5108011586714732,1.0,0.0,1.0,0.0
DHX40,0.5451269805585104,1.0,1.0,1.0,0.0
DHX8,0.4689013285239069,0.5408200296545608,0.0,0.33333333333333326,0.0
DHX9,0.43371575737290885,0.10937386929843196,0.0,0.33333333333333326,0.0
DIABLO,0.39745098484346775,0.3544379931606005,0.0,1.0,0.0
DIAPH1,0.5067576754693964,0.44653422923187536,0.0,0.33333333333333326,0.0
DIAPH2,0.5638763387933602,0.6187265897891115,1.0,1.0,0.0
DIAPH3,0.5732488349491803,0.9198041667884979,1.0,0.33333333333333326,0.0
DICER1,0.5319358936638949,1.0,0.0,1.0,0.0
DIDO1,0.5382769117341295,1.0,0.0,0.33333333333333326,0.0
DIO2,0.3733344367056531,1.0,0.0,1.0,0.0
DIO3,0.6141068458469543,1.0,0.0,0.33333333333333326,0.0
DIP2A,0.32822976942250925,0.38225233978773715,0.0,0.33333333333333326,0.0
DIP2B,0.45509762434416945,0.8883604146530361,0.0,0.33333333333333326,0.0
DIPK1A,0.5136690442850435,0.401524446184985,1.0,0.33333333333333326,0.0
DIPK1B,0.3645973528335584,1.0,1.0,1.0,0.0
DIPK1C,0.4380516009289578,0.5297672017472984,0.0,1.0,0.0
DIPK2B,0.4228921600122192,1.0,1.0,0.33333333333333326,0.0
DIRAS2,0.26139618156253996,1.0,1.0,1.0,0.0
DIRAS3,0.37914011976647066,1.0,0.0,0.33333333333333326,0.0
DIS3L,0.4634715978640504,0.15391178824467283,1.0,0.33333333333333326,0.0
DIS3L2,0.5061525303073494,0.31384010959690856,1.0,0.33333333333333326,0.0
DISC1,0.546509324770699,1.0,1.0,1.0,0.0
DISP1,0.5824641826569599,1.0,1.0,1.0,0.0
DISP2,0.5272468861264462,0.9644083608993503,1.0,0.33333333333333326,0.0
DIXDC1,0.45410063781777577,0.22476732168246102,0.0,0.33333333333333326,0.0
DKK1,0.4532002860239609,0.26218461906948587,0.0,0.33333333333333326,0.0
DKK2,0.5950541148571429,0.6384756698070543,0.0,0.33333333333333326,0.0
DKK3,0.45743323999965385,0.57905261976695,0.0,1.0,0.0
DKK4,0.46168519989817614,1.0,0.0,1.0,0.0
DKKL1,0.5076220691782153,1.0,1.0,0.33333333333333326,0.0
DLAT,0.3626635798053155,1.0,0.0,1.0,0.0
DLC1,0.6223479769480169,1.0,1.0,1.0,0.0
DLD,0.39369775506660476,1.0,0.0,1.0,0.0
DLEC1,0.6882895706249237,1.0,0.0,1.0,0.0
DLEU7,0.2816874835984764,1.0,0.0,1.0,0.0
DLG1,0.39095585305955266,1.0,0.0,0.33333333333333326,0.0
DLG2,0.36271993611666026,1.0,1.0,1.0,0.0
DLG3,0.2967118886746078,1.0,1.0,1.0,0.0
DLG5,0.558076405827287,1.0,1.0,1.0,0.0
DLGAP1,0.3589824582583606,1.0,1.0,1.0,0.0
DLGAP2,0.3814977593675533,1.0,0.0,1.0,0.0
DLGAP4,0.5220324271154817,1.0,0.0,0.33333333333333326,0.0
DLK2,0.4754608265333045,1.0,1.0,0.33333333333333326,0.0
DLL1,0.5965904866422344,1.0,0.0,1.0,0.0
DLL3,0.44029704581430823,1.0,0.0,1.0,0.0
DLL4,0.6382237879020071,1.0,1.0,1.0,0.0
DLST,0.5475201063208393,0.7553714480738053,1.0,1.0,0.0
DLX1,0.24990030951032163,1.0,0.0,0.33333333333333326,0.0
DLX2,0.33231161711697066,1.0,0.0,1.0,0.0
DLX3,0.5062925613571094,1.0,0.0,0.33333333333333326,0.0
DLX5,0.5192605410271884,1.0,1.0,0.33333333333333326,0.0
DLX6,0.41841807886765975,1.0,0.0,0.33333333333333326,0.0
DMAC1,0.38642996043528477,1.0,0.0,1.0,0.0
DMAC2,0.4667458548724437,0.9032505581658364,0.0,1.0,0.0
DMAP1,0.46661729464693963,0.3388524698434494,0.0,0.33333333333333326,0.0
DMBT1,0.5251182698147748,0.1861209050937142,0.0,0.33333333333333326,0.0
DMGDH,0.41020107574781756,0.4808287694925156,1.0,1.0,0.0
DMKN,0.405401731556394,1.0,0.0,1.0,0.0
DMPK,0.594007057064191,1.0,1.0,1.0,0.0
DMRT3,0.3847867694609969,1.0,0.0,1.0,0.0
DMRTC1,0.351652850945391,1.0,0.0,1.0,0.0
DMTF1,0.5339819163702094,0.47701687645714813,1.0,1.0,0.0
DMTN,0.4528571869884549,0.25722811497193926,0.0,1.0,0.0
DMWD,0.463727567533994,0.21425820966578019,0.0,1.0,0.0
DMXL1,0.4360471415336493,1.0,0.0,1.0,0.0
DMXL2,0.23893326842972723,1.0,0.0,0.33333333333333326,0.0
DNA2,0.621504916232581,1.0,0.0,0.33333333333333326,0.0
DNAAF1,0.4711958484510051,0.33949797656482134,0.0,1.0,0.0
DNAAF10,0.4416107275912716,1.0,0.0,1.0,0.0
DNAAF11,0.45451728452215623,0.7607282901499558,0.0,0.33333333333333326,0.0
DNAAF19,0.44809704393073196,1.0,1.0,0.33333333333333326,0.0
DNAAF2,0.45119570091628,1.0,0.0,1.0,0.0
DNAAF3,0.5211275615247906,1.0,0.0,1.0,0.0
DNAAF4,0.3913243807838266,1.0,0.0,0.33333333333333326,0.0
DNAAF5,0.43735803064143663,1.0,1.0,0.33333333333333326,0.0
DNAAF6,0.554959249720796,0.24209373130966585,0.0,1.0,0.0
DNAAF8,0.5111180539031817,1.0,0.0,1.0,0.0
DNAH1,0.39471237150068356,0.1722688696986918,0.0,0.33333333333333326,0.0
DNAH10,0.5832690228264007,0.11405416090983604,0.0,1.0,0.0
DNAH11,0.501884564438381,0.7541808357024645,0.0,1.0,0.0
DNAH14,0.5382273996604207,1.0,0.0,1.0,0.0
DNAH2,0.46009917177016035,1.0,0.0,1.0,0.0
DNAH3,0.5061675970140094,0.480980374852126,0.0,0.33333333333333326,0.0
DNAH5,0.4438845868806864,0.8959243817876569,0.0,0.33333333333333326,0.0
DNAH6,0.5565947919380481,0.07485960563868238,0.0,1.0,0.0
DNAH8,0.5268324729964973,1.0,0.0,1.0,0.0
DNAH9,0.5215031843080361,0.8835406035568393,0.0,1.0,0.0
DNAI7,0.4335639211558976,1.0,0.0,0.33333333333333326,0.0
DNAJA2,0.4061370002920305,0.6778387372084552,1.0,1.0,0.0
DNAJA3,0.4368740393369271,1.0,0.0,0.33333333333333326,0.0
DNAJA4,0.4171103534297682,1.0,0.0,1.0,0.0
DNAJB1,0.5889672023303675,1.0,0.0,1.0,0.0
DNAJB11,0.46164618565800597,0.2248956929373885,0.0,1.0,0.0
DNAJB12,0.5155316293485278,0.3623436598859231,1.0,0.33333333333333326,0.0
DNAJB2,0.49640838584327296,1.0,1.0,0.33333333333333326,0.0
DNAJB5,0.39870581013238776,1.0,0.0,1.0,0.0
DNAJB6,0.48740952757855216,1.0,1.0,0.33333333333333326,0.0
DNAJB7,0.5066173992682892,1.0,1.0,0.33333333333333326,0.0
DNAJB9,0.3955445834639545,0.8186966820829368,1.0,1.0,0.0
DNAJC1,0.5960392321031488,1.0,1.0,1.0,0.0
DNAJC10,0.44350311889002425,0.9409622047620677,0.0,1.0,0.0
DNAJC12,0.4207149145403774,1.0,0.0,1.0,0.0
DNAJC13,0.5373427158844312,0.14220912531819638,0.0,0.33333333333333326,0.0
DNAJC14,0.5098006884322848,0.9341087227929563,1.0,0.33333333333333326,0.0
DNAJC15,0.5082285284920658,0.5109545878079406,0.0,1.0,0.0
DNAJC16,0.46231820455532935,0.24786578831004047,0.0,0.33333333333333326,0.0
DNAJC19,0.3852452712495855,1.0,0.0,1.0,0.0
DNAJC21,0.46728327006397635,0.084665723101076,0.0,0.33333333333333326,0.0
DNAJC24,0.45542478751101184,1.0,0.0,1.0,0.0
DNAJC27,0.4187324083192476,1.0,0.0,0.33333333333333326,0.0
DNAJC28,0.444087770341508,0.7534900068722986,1.0,1.0,0.0
DNAJC3,0.5606631292716484,1.0,0.0,1.0,0.0
DNAJC30,0.4709740066584213,0.41060223286890885,1.0,0.33333333333333326,0.0
DNAJC5,0.482581748160784,1.0,1.0,0.33333333333333326,0.0
DNAJC5G,0.45741866717604157,0.8827868667572281,0.0,1.0,0.0
DNAJC6,0.3447502735681574,1.0,1.0,1.0,0.0
DNAJC7,0.5331868091478204,1.0,0.0,0.33333333333333326,0.0
DNAJC9,0.4981063290808777,0.158972098531811,0.0,0.33333333333333326,0.0
DNAL1,0.42900405898017174,1.0,0.0,1.0,0.0
DNAL4,0.3406268045572708,1.0,1.0,1.0,0.0
DNALI1,0.587663709330181,0.33369877582012786,1.0,1.0,0.0
DNASE1,0.5623173909088308,0.6174444753172441,1.0,1.0,0.0
DNASE1L1,0.3403796782618403,1.0,1.0,1.0,0.0
DNASE1L2,0.5251746686460245,1.0,0.0,1.0,0.0
DNASE1L3,0.538527828755505,1.0,0.0,1.0,0.0
DNASE2B,0.5189684423112001,1.0,0.0,0.33333333333333326,0.0
DNER,0.40348546586651624,0.7926744739310093,1.0,1.0,0.0
DNHD1,0.5712711381875532,1.0,0.0,0.33333333333333326,0.0
DNLZ,0.4693957779184598,0.09507455791180046,0.0,0.33333333333333326,0.0
DNM1,0.36067505572836867,1.0,1.0,1.0,0.0
DNM1L,0.3828271357115387,1.0,1.0,1.0,0.0
DNM2,0.5678651692686745,1.0,0.0,0.33333333333333326,0.0
DNM3,0.32938121145088267,1.0,1.0,1.0,0.0
DNMBP,0.5336506635776381,1.0,0.0,1.0,0.0
DNMT1,0.5010210811794878,0.33644080530739945,0.0,0.33333333333333326,0.0
DNMT3A,0.5550466830197212,1.0,0.0,1.0,0.0
DNMT3B,0.5147498349006165,0.04033244992513797,0.0,1.0,0.0
DNMT3L,0.4042013516586321,0.07042276483894115,0.0,1.0,0.0
DNPEP,0.39948217818829135,0.20248752699594036,0.0,0.33333333333333326,0.0
DNPH1,0.4596387804612252,0.8802639215672695,0.0,0.33333333333333326,0.0
DNTTIP1,0.46255518107431143,1.0,0.0,0.33333333333333326,0.0
DOC2A,0.37469934872610405,1.0,0.0,1.0,0.0
DOCK1,0.6341998897110936,1.0,1.0,1.0,0.0
DOCK11,0.47565523562215345,1.0,1.0,0.33333333333333326,0.0
DOCK2,0.6388190353967123,1.0,0.0,1.0,0.0
DOCK4,0.5063947959322485,1.0,0.0,0.33333333333333326,0.0
DOCK5,0.6270297593443509,0.4982297552683332,1.0,1.0,0.0
DOCK6,0.5935432767981303,1.0,1.0,1.0,0.0
DOCK7,0.606765466184623,1.0,1.0,1.0,0.0
DOCK8,0.6756689836196043,1.0,1.0,1.0,0.0
DOCK9,0.4991431976773259,0.27048235710533897,0.0,1.0,0.0
DOHH,0.45001239993612985,0.19017130146991804,1.0,0.33333333333333326,0.0
DOK1,0.5167310640034171,1.0,1.0,0.33333333333333326,0.0
DOK2,0.587652816846846,1.0,0.0,0.33333333333333326,0.0
DOK3,0.5638901722145581,0.6180062365942289,1.0,1.0,0.0
DOK4,0.392759901864699,1.0,0.0,1.0,0.0
DOK5,0.5140281437638128,0.39477505187858025,1.0,0.33333333333333326,0.0
DOK6,0.353458818518488,1.0,0.0,1.0,0.0
DOK7,0.5221149163556409,1.0,0.0,0.33333333333333326,0.0
DOLK,0.414840500957008,1.0,0.0,1.0,0.0
DOLPP1,0.4736416901173195,0.28927311366630215,0.0,1.0,0.0
DONSON,0.5474257905097759,1.0,0.0,1.0,0.0
DOP1A,0.3943530807274195,1.0,0.0,1.0,0.0
DOP1B,0.3564072502394006,1.0,1.0,1.0,0.0
DORIP1,0.4559824538105272,1.0,0.0,0.33333333333333326,0.0
DOT1L,0.3611930379701875,1.0,1.0,0.33333333333333326,0.0
DPAGT1,0.5092742401443358,0.9436829486063928,0.0,0.33333333333333326,0.0
DPCD,0.3745697416738086,1.0,0.0,0.33333333333333326,0.0
DPEP1,0.5172559146931279,1.0,0.0,1.0,0.0
DPF2,0.5290788340662335,1.0,0.0,1.0,0.0
DPF3,0.508549690001554,0.2981953989146757,0.0,0.33333333333333326,0.0
DPH2,0.423398702465171,1.0,0.0,0.33333333333333326,0.0
DPH3,0.5327966042761338,0.24546203496809674,1.0,0.33333333333333326,0.0
DPH5,0.4334799135162107,1.0,0.0,1.0,0.0
DPH6,0.44222603390808146,0.4327188354218649,0.0,0.33333333333333326,0.0
DPM1,0.4231121494806525,1.0,0.0,0.33333333333333326,0.0
DPM2,0.47046613317500297,1.0,1.0,0.33333333333333326,0.0
DPM3,0.5655414044303274,1.0,1.0,1.0,0.0
DPP10,0.34276951071578554,1.0,1.0,1.0,0.0
DPP3,0.5322065500558246,1.0,0.0,1.0,0.0
DPP4,0.41264126537740226,1.0,0.0,0.33333333333333326,0.0
DPP6,0.3549461463241298,0.722366856091926,1.0,1.0,0.0
DPP7,0.5486610294187096,1.0,0.0,0.33333333333333326,0.0
DPP8,0.407427396975795,1.0,0.0,0.33333333333333326,0.0
DPP9,0.5906318951563997,1.0,0.0,1.0,0.0
DPPA4,0.6107227027898354,0.344670773031295,0.0,1.0,0.0
DPPA5,0.5441071071784006,0.11468167672238644,0.0,0.33333333333333326,0.0
DPT,0.48726561488475617,1.0,1.0,0.33333333333333326,0.0
DPY19L1,0.4742160384443793,1.0,1.0,0.33333333333333326,0.0
DPY19L2,0.3488305656429505,1.0,0.0,1.0,0.0
DPY19L3,0.4527491417916357,0.6544721259484381,0.0,0.33333333333333326,0.0
DPY19L4,0.602374960868244,1.0,1.0,1.0,0.0
DPY30,0.42717441773125425,1.0,1.0,1.0,0.0
DPYD,0.6070465277381658,1.0,1.0,1.0,0.0
DPYS,0.3873198748202156,1.0,0.0,1.0,0.0
DPYSL3,0.6059487657486258,1.0,0.0,1.0,0.0
DPYSL4,0.4187099162425039,1.0,0.0,1.0,0.0
DPYSL5,0.45676276853667186,1.0,0.0,0.33333333333333326,0.0
DR1,0.4390661025528195,1.0,0.0,1.0,0.0
DRAM1,0.6186541095013552,1.0,0.0,0.33333333333333326,0.0
DRAM2,0.5723854440861306,1.0,1.0,1.0,0.0
DRAP1,0.4360479686546258,1.0,0.0,1.0,0.0
DRC11,0.5110183987459804,0.29068920514165003,0.0,1.0,0.0
DRC2,0.3920692357987059,1.0,1.0,1.0,0.0
DRC3,0.5971005258094749,0.6869675170748017,1.0,1.0,0.0
DRC4,0.49679028993723334,0.46778951359330007,0.0,1.0,0.0
DRC5,0.5070186829259719,0.8292806333749554,1.0,0.33333333333333326,0.0
DRC8,0.5073487382450116,0.09217725267167956,0.0,1.0,0.0
DRC9,0.431046894513145,0.9877636909091266,0.0,1.0,0.0
DRD1,0.2913014143581973,1.0,0.0,0.33333333333333326,0.0
DRD4,0.4499635627672589,0.8006944740667836,0.0,1.0,0.0
DRD5,0.32088303100933174,1.0,0.0,0.33333333333333326,0.0
DRG1,0.44831309755725435,1.0,0.0,0.33333333333333326,0.0
DRG2,0.4980831628625502,0.7376107091771743,0.0,1.0,0.0
DROSHA,0.41253277158583257,1.0,1.0,1.0,0.0
DRP2,0.40503292974686417,1.0,0.0,0.33333333333333326,0.0
DSC2,0.6129258415912191,1.0,1.0,1.0,0.0
DSC3,0.5313176072414111,0.8551944856954325,0.0,0.33333333333333326,0.0
DSCC1,0.4106671967749529,0.4433042206523504,1.0,1.0,0.0
DSE,0.7867634671636357,1.0,1.0,1.0,0.0
DSG2,0.6042086265751637,0.8689520286485034,0.0,1.0,0.0
DSG3,0.4124212408655688,1.0,0.0,1.0,0.0
DSN1,0.40848891284150346,1.0,0.0,0.33333333333333326,0.0
DSP,0.7354049325397175,1.0,1.0,1.0,0.0
DST,0.541189532608882,0.2643544115651381,1.0,1.0,0.0
DSTN,0.35456913132095086,1.0,1.0,1.0,0.0
DTD2,0.4334708335587374,1.0,1.0,0.33333333333333326,0.0
DTNA,0.610721745652321,1.0,0.0,1.0,0.0
DTNB,0.4375336928601024,1.0,0.0,0.33333333333333326,0.0
DTNBP1,0.43527844654815806,1.0,0.0,1.0,0.0
DTWD2,0.4451230269848053,0.7433825145108627,1.0,1.0,0.0
DTX1,0.5529974058237049,0.401879855194474,1.0,1.0,0.0
DTX2,0.46177822670302127,1.0,1.0,0.33333333333333326,0.0
DTX3L,0.6070747079915898,1.0,1.0,1.0,0.0
DTX4,0.34301457578891126,1.0,1.0,1.0,0.0
DTYMK,0.5430164221160588,1.0,0.0,0.33333333333333326,0.0
DUOX1,0.49926330396883445,0.5350249792794836,0.0,0.33333333333333326,0.0
DUOX2,0.5363547293899608,0.1892080911962372,1.0,0.33333333333333326,0.0
DUS1L,0.5156471023607683,0.8655901234253134,0.0,1.0,0.0
DUS2,0.44678797510874674,1.0,0.0,1.0,0.0
DUS4L,0.4218924295274784,1.0,0.0,0.33333333333333326,0.0
DUSP1,0.7737395598110968,1.0,1.0,1.0,0.0
DUSP10,0.4578655825988109,0.20701259554500695,0.0,0.33333333333333326,0.0
DUSP11,0.4595500782166364,1.0,0.0,0.33333333333333326,0.0
DUSP12,0.46510710859376075,0.5810516538502668,0.0,1.0,0.0
DUSP13B,0.4917989422473754,0.23463497476419418,1.0,0.33333333333333326,0.0
DUSP14,0.37929440226229283,1.0,1.0,1.0,0.0
DUSP15,0.5018050509930801,0.4405508256082563,0.0,1.0,0.0
DUSP16,0.5548170245442354,0.47175135846606103,1.0,1.0,0.0
DUSP18,0.5457958685027897,1.0,0.0,1.0,0.0
DUSP2,0.2872359859644631,1.0,1.0,1.0,0.0
DUSP23,0.6198193317328335,1.0,1.0,1.0,0.0
DUSP26,0.38352093887656563,1.0,1.0,1.0,0.0
DUSP29,0.4724414596683655,0.6060851844414891,0.0,0.33333333333333326,0.0
DUSP3,0.4988306134730954,1.0,0.0,0.33333333333333326,0.0
DUSP4,0.14761226653071527,1.0,0.0,0.33333333333333326,0.0
DUSP5,0.45899427633902146,0.010222763371815196,0.0,1.0,0.0
DUSP6,0.33362340050540196,1.0,0.0,1.0,0.0
DUSP8,0.5915272486401147,1.0,1.0,1.0,0.0
DUSP9,0.5991812313505683,1.0,0.0,0.33333333333333326,0.0
DUX3,0.5895764867207042,0.558872975047504,0.0,1.0,0.0
DUX4,0.6021286871399479,1.0,0.0,1.0,0.0
DVL2,0.5634246037886427,1.0,0.0,1.0,0.0
DXO,0.5221967608562142,1.0,0.0,1.0,0.0
DYDC2,0.4657842603626061,0.5579879851753712,0.0,1.0,0.0
DYM,0.4094610296710529,1.0,1.0,1.0,0.0
DYNAP,0.5260880008596834,1.0,0.0,1.0,0.0
DYNC1H1,0.41719460972134415,1.0,1.0,1.0,0.0
DYNC1I1,0.17770763222103453,1.0,1.0,1.0,0.0
DYNC1LI1,0.3185667972038221,1.0,1.0,1.0,0.0
DYNC1LI2,0.5588448110301716,0.10864757314400225,0.0,0.33333333333333326,0.0
DYNC2I1,0.4594052806600027,1.0,0.0,0.33333333333333326,0.0
DYNC2LI1,0.42025845587515415,1.0,0.0,1.0,0.0
DYNLL1,0.38764354939788803,1.0,1.0,1.0,0.0
DYNLL2,0.38278421052737704,1.0,1.0,1.0,0.0
DYNLRB1,0.40919741302117213,0.5330066544083368,0.0,1.0,0.0
DYNLT1,0.6044367954157432,1.0,0.0,1.0,0.0
DYNLT2,0.4684836733193429,0.21934714435664524,0.0,1.0,0.0
DYNLT2B,0.39923707085534893,1.0,0.0,1.0,0.0
DYNLT3,0.32882560563621605,1.0,1.0,1.0,0.0
DYNLT5,0.38128709628503055,1.0,0.0,1.0,0.0
DYRK1A,0.4476195364588881,1.0,0.0,1.0,0.0
DYRK3,0.5997164619845767,1.0,1.0,1.0,0.0
DYRK4,0.4963790692376968,0.23666068579128002,0.0,1.0,0.0
DZIP1,0.4401901493906005,1.0,0.0,1.0,0.0
DZIP1L,0.530523810508664,0.9181394784859728,0.0,1.0,0.0
DZIP3,0.43202416734918575,1.0,0.0,1.0,0.0
E2F1,0.33103396189326706,0.36852239161123873,0.0,0.33333333333333326,0.0
E2F3,0.36722977882903374,1.0,0.0,1.0,0.0
E2F6,0.4961256508326476,0.503264754568984,0.0,1.0,0.0
EAF1,0.3545967332918345,1.0,1.0,1.0,0.0
EAF2,0.43291772703828696,1.0,0.0,0.33333333333333326,0.0
EAPP,0.440321072809805,1.0,0.0,0.33333333333333326,0.0
EBAG9,0.4724912002173718,0.40309275973798814,0.0,0.33333333333333326,0.0
EBF1,0.5286522525402831,1.0,0.0,1.0,0.0
EBF4,0.5888669874277039,1.0,1.0,1.0,0.0
EBI3,0.6788378172453362,1.0,0.0,1.0,0.0
EBNA1BP2,0.40000004933456,0.28096344387871985,0.0,0.33333333333333326,0.0
EBP,0.4176773431222689,1.0,0.0,0.33333333333333326,0.0
ECD,0.4428100310783797,1.0,0.0,0.33333333333333326,0.0
ECE1,0.5984953928947402,1.0,1.0,1.0,0.0
ECE2,0.38942415329683555,0.899895796374125,0.0,0.33333333333333326,0.0
ECEL1,0.5103622299919814,1.0,0.0,1.0,0.0
ECH1,0.5208316741219151,1.0,0.0,0.33333333333333326,0.0
ECHDC1,0.3781264221225127,1.0,0.0,1.0,0.0
ECHDC2,0.5787128396186079,1.0,0.0,1.0,0.0
ECHDC3,0.6382088698780403,1.0,1.0,1.0,0.0
ECI1,0.5215268782254887,1.0,0.0,0.33333333333333326,0.0
ECI2,0.5605886141355959,1.0,0.0,0.33333333333333326,0.0
ECM1,0.4234248123031232,1.0,0.0,1.0,0.0
ECM2,0.5558138832792365,1.0,0.0,0.33333333333333326,0.0
ECRG4,0.5548327220267719,0.863949636658058,0.0,1.0,0.0
ECSCR,0.557126558152245,1.0,0.0,1.0,0.0
ECSIT,0.4608977980852847,0.44108094307948054,0.0,0.33333333333333326,0.0
EDA2R,0.5849732219224179,0.5720881400976735,1.0,1.0,0.0
EDAR,0.46908832798727873,0.8487352741441796,0.0,0.33333333333333326,0.0
EDARADD,0.4986853643114882,0.5674009136456719,0.0,1.0,0.0
EDC3,0.5740443811619986,1.0,0.0,1.0,0.0
EDC4,0.46663822598096644,0.7040214529963891,1.0,0.33333333333333326,0.0
EDDM3A,0.4639371714612426,0.13340852982812648,0.0,1.0,0.0
EDEM1,0.4387333216664998,1.0,0.0,1.0,0.0
EDEM2,0.5122986035887721,1.0,0.0,1.0,0.0
EDF1,0.41360937088956123,1.0,1.0,1.0,0.0
EDN1,0.6843760546354809,1.0,0.0,1.0,0.0
EDN2,0.5659639673208339,0.5246183566467839,1.0,1.0,0.0
EDN3,0.32871946199507107,1.0,0.0,0.33333333333333326,0.0
EDNRA,0.6954428522170296,0.4712456968160854,0.0,1.0,0.0
EDNRB,0.5758524469235208,0.29162804192714376,1.0,1.0,0.0
EED,0.5665328059241562,1.0,1.0,1.0,0.0
EEF1A1,0.5687789804711914,1.0,1.0,1.0,0.0
EEF1A2,0.34096773236633116,1.0,1.0,1.0,0.0
EEF1AKMT1,0.543357856264012,1.0,1.0,1.0,0.0
EEF1AKMT3,0.5902697712247466,1.0,0.0,0.33333333333333326,0.0
EEF1B2,0.41512720213469817,1.0,0.0,1.0,0.0
EEF1D,0.6102754971795776,1.0,0.0,1.0,0.0
EEF1E1,0.3303668445534665,1.0,1.0,1.0,0.0
EEF1G,0.5099287962618525,0.6402458084862525,0.0,1.0,0.0
EEF2K,0.5705062232028244,1.0,0.0,1.0,0.0
EEF2KMT,0.3921676186552671,1.0,0.0,0.33333333333333326,0.0
EEFSEC,0.5609766308532397,0.529981240694838,1.0,0.33333333333333326,0.0
EEIG2,0.36824990291168724,1.0,0.0,1.0,0.0
EFCAB11,0.45434071730303843,0.3064226277302404,0.0,1.0,0.0
EFCAB13,0.5451099347868865,0.1001830926851523,1.0,1.0,0.0
EFCAB14,0.5855290042821885,1.0,1.0,1.0,0.0
EFCAB3,0.643565569688388,1.0,1.0,1.0,0.0
EFCAB5,0.5341302139033882,0.21740798126172692,1.0,1.0,0.0
EFCAB6,0.5203614948156947,0.6476935494136385,1.0,0.33333333333333326,0.0
EFCAB7,0.388896514631484,1.0,1.0,1.0,0.0
EFCC1,0.3075256256293479,1.0,1.0,1.0,0.0
EFEMP1,0.6034278570070429,1.0,0.0,1.0,0.0
EFEMP2,0.6203653415697776,1.0,1.0,1.0,0.0
EFHB,0.3995029979388535,0.48652150687061496,0.0,1.0,0.0
EFHC1,0.46932978339302395,0.19859688532152142,0.0,0.33333333333333326,0.0
EFHD1,0.6775337479876857,1.0,1.0,1.0,0.0
EFHD2,0.44417694806802227,0.7146272460070574,0.0,1.0,0.0
EFNA1,0.6707386872179527,1.0,1.0,1.0,0.0
EFNA3,0.4447147044387557,0.8013425828893944,0.0,1.0,0.0
EFNA4,0.6385404178529015,1.0,0.0,1.0,0.0
EFNA5,0.5735853258232081,0.3673953634280854,0.0,0.33333333333333326,0.0
EFNB1,0.621354726167579,1.0,1.0,1.0,0.0
EFNB3,0.47682794639637915,0.25425222719974194,0.0,1.0,0.0
EFR3A,0.5144274126301291,0.7189808617065716,0.0,1.0,0.0
EFR3B,0.4111852417066806,0.7905527780508002,1.0,1.0,0.0
EGF,0.5823990124833338,1.0,1.0,1.0,0.0
EGFL6,0.48956157883294604,0.5951463458751286,1.0,0.33333333333333326,0.0
EGFL8,0.5450395090521624,0.7397612123719942,1.0,1.0,0.0
EGFLAM,0.579556871364503,0.9779261548340169,1.0,1.0,0.0
EGFR,0.5758594980052297,1.0,0.0,1.0,0.0
EGLN1,0.5774159988277056,1.0,1.0,1.0,0.0
EGLN3,0.6138018989534285,0.17497647442738798,0.0,0.33333333333333326,0.0
EGR1,0.15217584599921274,1.0,1.0,1.0,0.0
EGR2,0.19301467043747528,1.0,0.0,1.0,0.0
EGR3,0.24958419886908625,1.0,0.0,1.0,0.0
EGR4,0.2866643456880264,1.0,1.0,1.0,0.0
EHBP1,0.41671847328119044,1.0,0.0,1.0,0.0
EHBP1L1,0.5404633045702761,1.0,0.0,0.33333333333333326,0.0
EHD1,0.5731040413201935,1.0,0.0,0.33333333333333326,0.0
EHD2,0.6372111178618323,0.651922993751906,0.0,1.0,0.0
EHD3,0.3957141450236447,1.0,1.0,1.0,0.0
EHD4,0.55908492820398,1.0,0.0,0.33333333333333326,0.0
EHF,0.5716007042999413,0.024149548724673956,0.0,0.33333333333333326,0.0
EI24,0.4543271273728717,1.0,0.0,0.33333333333333326,0.0
EID1,0.35119367334112,1.0,0.0,0.33333333333333326,0.0
EID2,0.30352317873367185,1.0,1.0,1.0,0.0
EID2B,0.41681323676801435,1.0,1.0,1.0,0.0
EID3,0.44593592121673675,0.8942553397551901,0.0,0.33333333333333326,0.0
EIF1AD,0.5309214597055977,1.0,0.0,0.33333333333333326,0.0
EIF1AX,0.3952351181623544,1.0,1.0,1.0,0.0
EIF1AY,0.2377315797800262,1.0,1.0,1.0,0.0
EIF2A,0.436351058021321,1.0,0.0,1.0,0.0
EIF2AK1,0.43426504415802525,1.0,1.0,1.0,0.0
EIF2AK2,0.5279006505969791,1.0,0.0,1.0,0.0
EIF2AK4,0.4855867328483944,0.7896729954836009,1.0,0.33333333333333326,0.0
EIF2B1,0.4636750693777819,1.0,0.0,0.33333333333333326,0.0
EIF2B3,0.40138829884004423,1.0,1.0,1.0,0.0
EIF2B4,0.5410150601827097,1.0,1.0,1.0,0.0
EIF2S1,0.3624105535671635,1.0,1.0,1.0,0.0
EIF2S2,0.5270016022515616,0.3587268111090118,1.0,0.33333333333333326,0.0
EIF2S3,0.4434016124171441,0.4373760819974265,1.0,0.33333333333333326,0.0
EIF3A,0.4512504875580253,1.0,0.0,0.33333333333333326,0.0
EIF3B,0.4908313826741298,1.0,1.0,0.33333333333333326,0.0
EIF3E,0.4805830413353579,0.8947319870718541,1.0,0.33333333333333326,0.0
EIF3F,0.4576533813226031,1.0,0.0,1.0,0.0
EIF3G,0.5038126272851784,0.9478386208956764,0.0,1.0,0.0
EIF3H,0.44047920106318694,1.0,1.0,1.0,0.0
EIF3I,0.49238825380614304,1.0,1.0,0.33333333333333326,0.0
EIF3J,0.44281646137109,1.0,0.0,0.33333333333333326,0.0
EIF3K,0.41397913500546046,1.0,0.0,1.0,0.0
EIF3L,0.4278298159114649,0.7970036405957267,1.0,1.0,0.0
EIF3M,0.4332461266157798,0.2742000812230163,1.0,1.0,0.0
EIF4A1,0.41942971421629593,0.1122527393795655,0.0,1.0,0.0
EIF4A2,0.28161068166060105,1.0,1.0,1.0,0.0
EIF4B,0.49971949644716995,0.5083090365259663,0.0,0.33333333333333326,0.0
EIF4E,0.35190286813616617,1.0,0.0,0.33333333333333326,0.0
EIF4E1B,0.4001892549939397,1.0,1.0,1.0,0.0
EIF4E2,0.5059914388907969,0.2187707530150993,0.0,1.0,0.0
EIF4E3,0.37254269419933517,1.0,0.0,1.0,0.0
EIF4EBP1,0.5992679356174551,1.0,0.0,0.33333333333333326,0.0
EIF4EBP2,0.5601482152317335,1.0,0.0,1.0,0.0
EIF4EBP3,0.6417299914443741,1.0,1.0,1.0,0.0
EIF4ENIF1,0.45207861635936425,1.0,0.0,1.0,0.0
EIF4G1,0.5347558138692599,0.566342773081796,1.0,1.0,0.0
EIF4G2,0.4670511600494238,0.4599721953286743,0.0,1.0,0.0
EIF4G3,0.4398811947776842,1.0,0.0,1.0,0.0
EIF4H,0.40155009674358033,1.0,1.0,1.0,0.0
EIF5,0.4043000302812044,1.0,1.0,1.0,0.0
EIF5A,0.4056546640165171,0.2842658020500104,0.0,1.0,0.0
EIF5A2,0.39951663522540976,1.0,0.0,0.33333333333333326,0.0
EIF5B,0.5065089832283791,0.7150501403581946,0.0,1.0,0.0
EIF6,0.44727775058998076,1.0,0.0,1.0,0.0
EIPR1,0.36969429702889,1.0,1.0,1.0,0.0
ELAC1,0.419228923965404,1.0,0.0,1.0,0.0
ELAC2,0.46445861212903133,1.0,0.0,1.0,0.0
ELAPOR1,0.42344924728489297,1.0,0.0,1.0,0.0
ELAPOR2,0.5009511978442456,1.0,1.0,0.33333333333333326,0.0
ELAVL1,0.4335683741647169,0.6799598157487294,1.0,0.33333333333333326,0.0
ELAVL2,0.3078883102452073,1.0,1.0,1.0,0.0
ELAVL3,0.4598824538502056,1.0,1.0,0.33333333333333326,0.0
ELAVL4,0.33577713543143656,1.0,0.0,1.0,0.0
ELF1,0.6456540093780087,1.0,1.0,1.0,0.0
ELF2,0.5784989714760213,1.0,1.0,1.0,0.0
ELF4,0.6040064458229268,1.0,0.0,1.0,0.0
ELFN2,0.3422788954655954,0.32807258276523366,0.0,0.33333333333333326,0.0
ELK1,0.6396766938906531,1.0,1.0,1.0,0.0
ELK3,0.5798727044158661,1.0,0.0,0.33333333333333326,0.0
ELK4,0.5274908425729514,0.37237749264327935,1.0,1.0,0.0
ELL,0.5634263527099956,1.0,0.0,0.33333333333333326,0.0
ELL2,0.6012941213685135,1.0,0.0,0.33333333333333326,0.0
ELL3,0.5539052719577835,1.0,0.0,1.0,0.0
ELMO1,0.3477659352190041,1.0,1.0,1.0,0.0
ELMO2,0.43864796124168187,1.0,1.0,1.0,0.0
ELMO3,0.5116292261375445,1.0,0.0,1.0,0.0
ELMOD1,0.2269982724075767,1.0,0.0,1.0,0.0
ELMOD2,0.5276190203377991,1.0,0.0,0.33333333333333326,0.0
ELMOD3,0.4696457199815637,1.0,1.0,0.33333333333333326,0.0
ELN,0.5927206385716621,1.0,1.0,1.0,0.0
ELOA,0.5397682150630009,0.5449216247976271,1.0,1.0,0.0
ELOA2,0.46627646639951736,0.08521042147835149,0.0,0.33333333333333326,0.0
ELOB,0.4221077501660724,1.0,1.0,1.0,0.0
ELOC,0.3601579456744746,1.0,0.0,1.0,0.0
ELOF1,0.5099289140856773,0.7736650906701833,0.0,0.33333333333333326,0.0
ELOVL2,0.557883776446687,0.706835608820053,0.0,0.33333333333333326,0.0
ELOVL3,0.4629396658502547,0.4547448588624591,0.0,1.0,0.0
ELOVL4,0.32197203858620854,1.0,1.0,1.0,0.0
ELOVL5,0.6374666679403976,1.0,1.0,1.0,0.0
ELOVL6,0.39164158196276977,1.0,0.0,1.0,0.0
ELOVL7,0.6720092363462443,1.0,1.0,1.0,0.0
ELP1,0.4491509987523595,1.0,0.0,0.33333333333333326,0.0
ELP2,0.4091672800615489,0.31520408036147857,0.0,0.33333333333333326,0.0
ELP3,0.45517762165534925,1.0,0.0,1.0,0.0
ELP4,0.6081784521938919,1.0,1.0,1.0,0.0
ELP5,0.5120732367716729,1.0,1.0,0.33333333333333326,0.0
ELSPBP1,0.46858300933808444,0.16422490092596342,0.0,1.0,0.0
EMB,0.4731299470417924,0.20192047262237448,0.0,0.33333333333333326,0.0
EMC1,0.4158869749154932,1.0,0.0,1.0,0.0
EMC2,0.4467940382831929,0.6090157137015745,1.0,0.33333333333333326,0.0
EMC3,0.43297255363469433,1.0,0.0,1.0,0.0
EMC4,0.34652083151735386,1.0,1.0,1.0,0.0
EMC6,0.46150947135218134,1.0,0.0,1.0,0.0
EMC7,0.43483037553011933,1.0,0.0,1.0,0.0
EMC8,0.5408206656728498,0.2553430476611535,1.0,1.0,0.0
EMC9,0.343972401062559,1.0,1.0,1.0,0.0
EMCN,0.6239084727064327,1.0,1.0,1.0,0.0
EME2,0.5122388728112043,1.0,0.0,1.0,0.0
EMG1,0.49996565162520756,0.2671841608413249,0.0,0.33333333333333326,0.0
EMID1,0.6340663954840335,0.9057758184153198,1.0,1.0,0.0
EMILIN1,0.6165803508664517,1.0,1.0,1.0,0.0
EMILIN2,0.5872398167019214,0.1856515037025178,0.0,1.0,0.0
EMILIN3,0.5298323482634802,0.4689170188334569,0.0,1.0,0.0
EML1,0.4043213578469458,1.0,0.0,0.33333333333333326,0.0
EML2,0.5269823964215588,0.2848984168678233,0.0,0.33333333333333326,0.0
EML3,0.6019016860404734,1.0,0.0,1.0,0.0
EML4,0.41447169021043584,0.24651544816806642,1.0,0.33333333333333326,0.0
EMP1,0.7982016230043375,1.0,1.0,1.0,0.0
EMP2,0.4622987476836054,1.0,1.0,0.33333333333333326,0.0
EMP3,0.7642484466236997,1.0,1.0,1.0,0.0
EMSY,0.5684020308427893,1.0,1.0,1.0,0.0
EMX2,0.6762435848008916,1.0,1.0,1.0,0.0
EN1,0.5675198005314418,0.17661873647894524,0.0,0.33333333333333326,0.0
EN2,0.5224427933484845,0.6967920066085558,0.0,1.0,0.0
ENAH,0.6099846645086918,0.7160541951416247,0.0,0.33333333333333326,0.0
ENC1,0.18327790567858193,1.0,1.0,1.0,0.0
ENDOD1,0.5671177404617765,1.0,1.0,1.0,0.0
ENDOG,0.4112068511095359,1.0,0.0,0.33333333333333326,0.0
ENDOV,0.41737032985814576,0.2272296148906452,1.0,1.0,0.0
ENG,0.6042372230483075,1.0,1.0,1.0,0.0
ENKD1,0.5504256597914013,0.2404857354738647,1.0,1.0,0.0
ENO1,0.4648157775804059,1.0,1.0,0.33333333333333326,0.0
ENO2,0.26406151242370196,1.0,1.0,1.0,0.0
ENO3,0.4059706762416426,1.0,0.0,0.33333333333333326,0.0
ENOPH1,0.3662808376134788,1.0,1.0,1.0,0.0
ENOX1,0.41992522579437497,1.0,0.0,1.0,0.0
ENOX2,0.5268168637063975,1.0,0.0,0.33333333333333326,0.0
ENPEP,0.519375107671747,0.08083056596840273,0.0,0.33333333333333326,0.0
ENPP1,0.5465718340789207,0.6809215511947931,1.0,1.0,0.0
ENPP5,0.3400159364327697,1.0,0.0,1.0,0.0
ENPP7,0.3862693140857243,0.0624240537031838,0.0,1.0,0.0
ENSA,0.2596449930453951,1.0,1.0,1.0,0.0
ENTHD1,0.47253510663593656,0.06917412883435414,0.0,1.0,0.0
ENTPD1,0.6042841841704283,1.0,1.0,1.0,0.0
ENTPD3,0.4014029275233218,1.0,1.0,0.33333333333333326,0.0
ENTPD4,0.6197854187500971,0.5307945196275771,0.0,0.33333333333333326,0.0
ENTPD6,0.4195903435887713,0.9279047605698992,1.0,1.0,0.0
ENTR1,0.5581354501469697,1.0,0.0,0.33333333333333326,0.0
ENTREP1,0.7017925307522384,1.0,1.0,1.0,0.0
ENY2,0.4328936108536468,1.0,0.0,1.0,0.0
EOLA1,0.38294551897662565,1.0,0.0,1.0,0.0
EOMES,0.30939641874868845,0.4326836660351269,0.0,0.33333333333333326,0.0
EP300,0.5666738889921652,1.0,1.0,1.0,0.0
EPAS1,0.6474461212294395,1.0,0.0,1.0,0.0
EPB41L3,0.26234098578665127,1.0,1.0,1.0,0.0
EPB41L4A,0.5385982756169106,0.22711014752111802,0.0,1.0,0.0
EPB41L5,0.5116221382273346,0.999974778189439,0.0,1.0,0.0
EPC1,0.5022161434756047,0.18664760727465363,0.0,0.33333333333333326,0.0
EPC2,0.46404430866358837,0.4413563692705559,0.0,1.0,0.0
EPCAM,0.42825818730679516,1.0,1.0,0.33333333333333326,0.0
EPCIP,0.6567427181977447,1.0,0.0,1.0,0.0
EPDR1,0.3033398693455795,1.0,1.0,1.0,0.0
EPGN,0.5405185460145967,0.7599961411779909,0.0,1.0,0.0
EPHA10,0.41982466528766244,0.5803589579923715,1.0,1.0,0.0
EPHA2,0.6979824473870023,1.0,0.0,1.0,0.0
EPHA4,0.351563691311761,1.0,1.0,1.0,0.0
EPHA5,0.4243033807731029,1.0,0.0,1.0,0.0
EPHA6,0.4388395071198084,1.0,0.0,1.0,0.0
EPHA7,0.5256984401493554,0.9091179259108051,0.0,1.0,0.0
EPHB3,0.4878175355937641,1.0,1.0,0.33333333333333326,0.0
EPHB4,0.6095249509810733,1.0,1.0,1.0,0.0
EPHX1,0.6390325294265918,1.0,0.0,0.33333333333333326,0.0
EPHX2,0.5336994595939033,0.9678920181550302,0.0,1.0,0.0
EPHX3,0.5125941348907672,0.4297741076359186,0.0,1.0,0.0
EPHX4,0.3177900029883758,1.0,1.0,1.0,0.0
EPM2A,0.44350121871227904,1.0,0.0,0.33333333333333326,0.0
EPM2AIP1,0.4759020224823969,1.0,1.0,0.33333333333333326,0.0
EPN1,0.4160730833299045,0.36819242745851477,0.0,0.33333333333333326,0.0
EPN2,0.503975540158472,0.16587383654013116,0.0,1.0,0.0
EPN3,0.38291811971162687,0.07119409076877266,0.0,0.33333333333333326,0.0
EPOR,0.6132909540393995,1.0,1.0,1.0,0.0
EPS15,0.48612975964292576,1.0,1.0,0.33333333333333326,0.0
EPS15L1,0.6119263717619475,0.4122120879601258,0.0,1.0,0.0
EPS8,0.697428708546449,1.0,1.0,1.0,0.0
EPS8L1,0.4347234086480037,1.0,1.0,0.33333333333333326,0.0
EPS8L2,0.4131090190582707,1.0,1.0,0.33333333333333326,0.0
EPS8L3,0.5318977020818889,0.029537011824811693,0.0,0.33333333333333326,0.0
EPSTI1,0.5337830617349066,0.93695383992037,0.0,1.0,0.0
EPYC,0.4653953320637391,0.33521103852726547,0.0,0.33333333333333326,0.0
EQTN,0.5933736470817992,0.41791198728337836,0.0,0.33333333333333326,0.0
ERAP1,0.2901355305945988,0.6747878470088088,0.0,1.0,0.0
ERAP2,0.4985075117128115,1.0,1.0,0.33333333333333326,0.0
ERBB2,0.6268409179585562,1.0,0.0,1.0,0.0
ERBB3,0.5456479416346205,0.35879921733113396,0.0,1.0,0.0
ERBIN,0.7302200114425466,1.0,1.0,1.0,0.0
ERC1,0.40219765605403635,0.8465071879482284,1.0,0.33333333333333326,0.0
ERC2,0.2804703592058142,1.0,1.0,1.0,0.0
ERCC1,0.445273258335373,1.0,0.0,0.33333333333333326,0.0
ERCC2,0.42214771980719845,1.0,0.0,1.0,0.0
ERCC3,0.4651320218460967,1.0,0.0,0.33333333333333326,0.0
ERCC5,0.5394362664093119,1.0,1.0,1.0,0.0
ERCC6,0.5425623106330884,0.5482265378096581,1.0,0.33333333333333326,0.0
ERCC6L,0.5129338398767852,0.0369613902588642,0.0,1.0,0.0
ERCC6L2,0.5248944890854984,1.0,1.0,0.33333333333333326,0.0
ERCC8,0.4650468558285312,0.2880408736388163,0.0,1.0,0.0
ERF,0.5809251066650071,0.8631525661977371,1.0,1.0,0.0
ERG,0.5621990188764159,1.0,1.0,1.0,0.0
ERG28,0.5140495601581146,0.19357473119783625,0.0,0.33333333333333326,0.0
ERGIC1,0.3592741993846464,0.22068464315173109,0.0,0.33333333333333326,0.0
ERGIC2,0.4685798267856376,0.10844207780154985,0.0,0.33333333333333326,0.0
ERGIC3,0.45640021888897836,1.0,0.0,0.33333333333333326,0.0
ERH,0.4131506854248208,1.0,1.0,1.0,0.0
ERI1,0.5208362104840842,0.9272040550029222,0.0,1.0,0.0
ERI2,0.4681993476761648,0.6311566748892975,0.0,1.0,0.0
ERICH1,0.4236524338113483,1.0,0.0,1.0,0.0
ERICH3,0.2815035704537162,1.0,0.0,1.0,0.0
ERICH5,0.39924922562318277,1.0,0.0,0.33333333333333326,0.0
ERICH6,0.5151917868279775,0.50648652138506,1.0,0.33333333333333326,0.0
ERLEC1,0.38692114397574917,1.0,1.0,1.0,0.0
ERLIN1,0.5224994955583202,1.0,0.0,0.33333333333333326,0.0
ERMAP,0.6633603998607845,1.0,1.0,1.0,0.0
ERMN,0.6253422222243873,0.06724780306215548,0.0,1.0,0.0
ERMP1,0.45382534805811725,0.3488952360770418,0.0,1.0,0.0
ERO1A,0.440861669704443,1.0,0.0,1.0,0.0
ERO1B,0.485004513842244,1.0,0.0,0.33333333333333326,0.0
ERP29,0.3931221190237,1.0,1.0,1.0,0.0
ERRFI1,0.5192812493632379,0.7777152543439527,0.0,0.33333333333333326,0.0
ESAM,0.7035719383127473,1.0,1.0,1.0,0.0
ESCO1,0.5083321668490891,0.4312279648692555,0.0,0.33333333333333326,0.0
ESCO2,0.4996393635544161,0.2971880504427696,1.0,0.33333333333333326,0.0
ESD,0.47111951585745615,0.25066309873326853,0.0,1.0,0.0
ESM1,0.3804233153288093,0.2625444746015454,0.0,0.33333333333333326,0.0
ESR1,0.5229463886043086,1.0,0.0,0.33333333333333326,0.0
ESRP1,0.4106138418951531,1.0,0.0,1.0,0.0
ESRP2,0.6169104433367065,1.0,1.0,1.0,0.0
ESRRA,0.4479132574590681,1.0,1.0,0.33333333333333326,0.0
ESRRG,0.38467167238928146,1.0,0.0,1.0,0.0
ESX1,0.5431307658918496,0.6960146731281253,1.0,0.33333333333333326,0.0
ESYT2,0.46439315324943903,0.6178910886499092,0.0,1.0,0.0
ESYT3,0.5151897727825666,0.31572054005498584,0.0,1.0,0.0
ETAA1,0.5362379577126267,1.0,0.0,0.33333333333333326,0.0
ETF1,0.44687661983748445,0.06760151731659929,0.0,0.33333333333333326,0.0
ETFA,0.46219872647732385,0.16435729976065064,0.0,0.33333333333333326,0.0
ETFB,0.4679151311153881,0.37162080205582604,0.0,1.0,0.0
ETFBKMT,0.5057595368871941,0.598491406633274,0.0,0.33333333333333326,0.0
ETFDH,0.5105362737418131,0.4536467370609198,0.0,0.33333333333333326,0.0
ETFRF1,0.46180837297091964,0.490919665152012,0.0,0.33333333333333326,0.0
ETNPPL,0.5637090768644946,0.45739900386448645,0.0,0.33333333333333326,0.0
ETS1,0.5188120653924417,0.3380863731812278,1.0,0.33333333333333326,0.0
ETS2,0.4239825656501738,1.0,0.0,1.0,0.0
ETV1,0.31486872012407674,1.0,1.0,1.0,0.0
ETV2,0.5148371701791844,1.0,0.0,0.33333333333333326,0.0
ETV3L,0.5329684639326557,1.0,0.0,1.0,0.0
ETV4,0.4136286422168943,0.6884974227659019,0.0,0.33333333333333326,0.0
ETV5,0.31562462490593707,1.0,0.0,1.0,0.0
ETV6,0.49695158088758984,0.17130931097965182,0.0,1.0,0.0
EVA1B,0.6761617240395227,1.0,1.0,1.0,0.0
EVA1C,0.5929883453680991,1.0,1.0,1.0,0.0
EVC,0.5680524425231609,0.39821872722764634,1.0,1.0,0.0
EVC2,0.6096050041036193,1.0,1.0,1.0,0.0
EVI2B,0.6155650833507756,1.0,1.0,1.0,0.0
EVI5,0.45489914118475905,0.732138013043123,1.0,0.33333333333333326,0.0
EVI5L,0.46855259879215083,0.06147988880467315,0.0,0.33333333333333326,0.0
EVL,0.38183808612759546,0.5462302835716102,0.0,1.0,0.0
EVPL,0.49434778094670073,0.5946315053595844,0.0,1.0,0.0
EVX1,0.5032869020477432,0.4543129016263759,0.0,0.33333333333333326,0.0
EWSR1,0.450972780583328,0.1309228568906946,0.0,0.33333333333333326,0.0
EXD1,0.377113663963631,1.0,1.0,1.0,0.0
EXD2,0.5048008448111928,0.5480881909844529,0.0,1.0,0.0
EXO1,0.48539857616535315,1.0,1.0,0.33333333333333326,0.0
EXO5,0.4047230973255733,1.0,1.0,1.0,0.0
EXOC1,0.5405876636866354,0.9337044012996617,0.0,0.33333333333333326,0.0
EXOC2,0.5357070026885324,0.22174284038422779,0.0,0.33333333333333326,0.0
EXOC3,0.5253873077487687,0.18605683042117874,0.0,0.33333333333333326,0.0
EXOC3L2,0.5018391940378218,0.548707691589532,0.0,1.0,0.0
EXOC4,0.453470153451938,1.0,0.0,0.33333333333333326,0.0
EXOC5,0.4086415995547786,0.38292241487679257,0.0,0.33333333333333326,0.0
EXOC6,0.3821650665783401,1.0,0.0,0.33333333333333326,0.0
EXOC8,0.3744026734126584,1.0,0.0,1.0,0.0
EXOG,0.4082800802794301,1.0,0.0,0.33333333333333326,0.0
EXOSC1,0.4382320428870427,1.0,0.0,1.0,0.0
EXOSC10,0.5352244563045286,0.34764931515170483,1.0,1.0,0.0
EXOSC3,0.4247221990513461,1.0,0.0,0.33333333333333326,0.0
EXOSC4,0.5049291611281564,1.0,1.0,0.33333333333333326,0.0
EXOSC5,0.3804054750660405,1.0,0.0,1.0,0.0
EXOSC7,0.4478205924255217,1.0,0.0,1.0,0.0
EXOSC8,0.38693016684483705,0.39066986800091386,0.0,0.33333333333333326,0.0
EXOSC9,0.4430274225404061,1.0,0.0,0.33333333333333326,0.0
EXT1,0.48524375356211713,1.0,1.0,0.33333333333333326,0.0
EXTL1,0.38865387029182485,1.0,1.0,1.0,0.0
EXTL2,0.4274725590031609,1.0,0.0,1.0,0.0
EYA1,0.6393854552083222,1.0,1.0,1.0,0.0
EYA2,0.6216737586612149,1.0,1.0,1.0,0.0
EYA4,0.40510904022304994,0.47029225151256565,1.0,1.0,0.0
EYS,0.5214077466312098,0.07491683346923969,0.0,0.33333333333333326,0.0
EZH1,0.4254505724503825,1.0,1.0,0.33333333333333326,0.0
EZH2,0.5254490775022481,0.36950502423025683,0.0,0.33333333333333326,0.0
EZR,0.6779716627693297,1.0,1.0,0.33333333333333326,0.0
F10,0.6117099667476912,1.0,1.0,1.0,0.0
F11,0.5241710393102501,0.9287364429982252,0.0,0.33333333333333326,0.0
F11R,0.5156380747680663,1.0,1.0,0.33333333333333326,0.0
F12,0.4422378828354963,1.0,0.0,1.0,0.0
F13A1,0.7649953051850467,1.0,0.0,1.0,0.0
F2R,0.5109855074349688,1.0,1.0,0.33333333333333326,0.0
F2RL3,0.5712243311653641,0.17713009970414464,0.0,1.0,0.0
F3,0.6181134488263222,1.0,0.0,0.33333333333333326,0.0
F5,0.533839784124448,1.0,0.0,0.33333333333333326,0.0
F7,0.41585731153550765,1.0,0.0,1.0,0.0
F8,0.39272468070008454,1.0,0.0,0.33333333333333326,0.0
F8A1,0.3867793903965591,1.0,1.0,1.0,0.0
F8A3,0.4003582608350317,1.0,1.0,1.0,0.0
F9,0.45302636547245884,0.25335699416053326,0.0,0.33333333333333326,0.0
FAAH,0.473015596712763,0.15285506767374274,0.0,1.0,0.0
FAAH2,0.4666249354450229,0.4850672953583791,0.0,1.0,0.0
FAAP100,0.4593320613505631,0.6014651292770242,0.0,1.0,0.0
FAAP20,0.6073200861902563,1.0,0.0,0.33333333333333326,0.0
FAAP24,0.5682789312316465,1.0,0.0,0.33333333333333326,0.0
FABP4,0.523423013563505,0.3948887649656717,0.0,1.0,0.0
FABP6,0.3732337435009575,1.0,0.0,0.33333333333333326,0.0
FABP7,0.5688220490586509,1.0,1.0,1.0,0.0
FADD,0.5494903656821799,1.0,1.0,1.0,0.0
FADS1,0.5744130451021716,0.6499695366544208,1.0,1.0,0.0
FADS2,0.5319299370411347,0.49998055602385305,0.0,1.0,0.0
FADS3,0.5185224287078523,1.0,0.0,1.0,0.0
FADS6,0.22847767519935527,0.59918879650104,0.0,1.0,0.0
FAH,0.5236020773107646,1.0,0.0,0.33333333333333326,0.0
FAHD1,0.3815921950366596,1.0,0.0,1.0,0.0
FAHD2B,0.4393699346288666,0.8693701311546019,1.0,1.0,0.0
FAIM,0.5008714872409844,0.31306263830570846,1.0,0.33333333333333326,0.0
FAIM2,0.3106242744293474,1.0,1.0,1.0,0.0
FAM107A,0.731741323615621,1.0,1.0,1.0,0.0
FAM107B,0.6111905040286981,1.0,1.0,1.0,0.0
FAM110B,0.44307563143507345,1.0,0.0,1.0,0.0
FAM110C,0.6391613557509818,0.33079219167496465,0.0,0.33333333333333326,0.0
FAM110D,0.7250657439085066,1.0,1.0,1.0,0.0
FAM111A,0.6351265033562846,1.0,1.0,1.0,0.0
FAM111B,0.4454353564790968,0.14948089875702286,0.0,0.33333333333333326,0.0
FAM114A1,0.6360716940493317,1.0,1.0,1.0,0.0
FAM114A2,0.5109570187384495,1.0,0.0,1.0,0.0
FAM117A,0.523036738364063,0.6936705542920641,0.0,1.0,0.0
FAM117B,0.5600488564561047,1.0,0.0,0.33333333333333326,0.0
FAM120A,0.4713932972312671,0.14575168677762634,0.0,1.0,0.0
FAM120AOS,0.5153627278717401,0.9850023651356756,1.0,0.33333333333333326,0.0
FAM120B,0.4851810200067303,1.0,1.0,0.33333333333333326,0.0
FAM120C,0.5198093336887915,1.0,0.0,1.0,0.0
FAM124A,0.5289930326132284,1.0,0.0,0.33333333333333326,0.0
FAM131A,0.3053044351121969,1.0,1.0,1.0,0.0
FAM131B,0.38339437692289585,1.0,1.0,1.0,0.0
FAM131C,0.42044617462080097,0.2029485714596349,1.0,1.0,0.0
FAM133A,0.3730263072803176,1.0,0.0,1.0,0.0
FAM135B,0.5623872924339356,0.3511754823658919,0.0,0.33333333333333326,0.0
FAM13B,0.4209139062902728,0.2202950468704923,0.0,1.0,0.0
FAM13C,0.469461974790297,1.0,1.0,0.33333333333333326,0.0
FAM149A,0.3536633272060481,1.0,0.0,0.33333333333333326,0.0
FAM153A,0.4572696569721692,1.0,1.0,0.33333333333333326,0.0
FAM156A,0.4605454314601052,1.0,0.0,1.0,0.0
FAM161A,0.4493624329220532,1.0,0.0,0.33333333333333326,0.0
FAM161B,0.3268164317188966,1.0,1.0,1.0,0.0
FAM162A,0.3424515897860085,1.0,0.0,1.0,0.0
FAM163A,0.2923630403639642,1.0,0.0,1.0,0.0
FAM163B,0.3859880381440872,0.832171113278246,1.0,1.0,0.0
FAM167A,0.5999303012076798,0.5015552711401395,1.0,1.0,0.0
FAM167B,0.6640489969583725,1.0,0.0,0.33333333333333326,0.0
FAM168A,0.4309664300818959,1.0,1.0,1.0,0.0
FAM171A1,0.5095993251261978,0.6040722612542528,0.0,1.0,0.0
FAM171B,0.4353075285618504,0.7011944192901837,0.0,1.0,0.0
FAM174B,0.41943661541115007,1.0,0.0,1.0,0.0
FAM174C,0.4989207607779127,0.4241044557951766,0.0,1.0,0.0
FAM177A1,0.4335925366547383,1.0,1.0,1.0,0.0
FAM177B,0.5832346387635241,1.0,1.0,1.0,0.0
FAM178B,0.5615009645224204,1.0,1.0,1.0,0.0
FAM180A,0.5726253764293605,0.6485912420658236,1.0,1.0,0.0
FAM181A,0.6053872491476022,1.0,0.0,1.0,0.0
FAM181B,0.6513147997341024,1.0,1.0,1.0,0.0
FAM184A,0.46541802802358234,0.3575550188606666,0.0,0.33333333333333326,0.0
FAM186B,0.5465220141011379,1.0,1.0,1.0,0.0
FAM187B,0.458411571966753,0.7691899488802133,1.0,0.33333333333333326,0.0
FAM193A,0.5033940888921321,0.5368043955711714,0.0,1.0,0.0
FAM193B,0.5538141429299475,1.0,0.0,1.0,0.0
FAM199X,0.5671498760632406,1.0,0.0,0.33333333333333326,0.0
FAM204A,0.4499886149079867,1.0,0.0,1.0,0.0
FAM209A,0.4247051035625837,1.0,0.0,1.0,0.0
FAM209B,0.4665702269621358,0.3727035876962776,0.0,0.33333333333333326,0.0
FAM20A,0.7269265836950951,1.0,0.0,1.0,0.0
FAM20B,0.42235066895357537,1.0,1.0,1.0,0.0
FAM20C,0.6223391428243584,1.0,1.0,1.0,0.0
FAM216A,0.3560459363894483,1.0,0.0,0.33333333333333326,0.0
FAM217A,0.52407215333038,1.0,1.0,0.33333333333333326,0.0
FAM217B,0.39240317264575997,1.0,0.0,1.0,0.0
FAM219A,0.4500938949839509,1.0,0.0,1.0,0.0
FAM219B,0.42229855129095906,1.0,0.0,0.33333333333333326,0.0
FAM221B,0.47272895763843853,0.1381894761137276,0.0,0.33333333333333326,0.0
FAM222A,0.6091113297349534,0.5799693226162501,1.0,1.0,0.0
FAM222B,0.4944345655191149,0.13560866941892027,0.0,1.0,0.0
FAM227B,0.4635187317795505,0.11782362367837385,0.0,0.33333333333333326,0.0
FAM229B,0.4166601989142756,1.0,0.0,0.33333333333333326,0.0
FAM234A,0.5944934313772378,1.0,1.0,1.0,0.0
FAM234B,0.25293419276241075,1.0,1.0,1.0,0.0
FAM241A,0.5918736472858499,1.0,1.0,1.0,0.0
FAM241B,0.27402996463685364,1.0,1.0,1.0,0.0
FAM24A,0.4657895673202258,0.9331750730335956,0.0,0.33333333333333326,0.0
FAM24B,0.45132054535626,1.0,0.0,1.0,0.0
FAM32A,0.4623155413750037,1.0,0.0,0.33333333333333326,0.0
FAM3A,0.5165878840781708,0.7686400008510512,0.0,1.0,0.0
FAM3C,0.2763136740564548,1.0,1.0,1.0,0.0
FAM43A,0.5428255535825847,1.0,0.0,1.0,0.0
FAM43B,0.5536446827703534,0.24745720651066608,0.0,1.0,0.0
FAM47A,0.5564040814660212,0.13763485482206506,0.0,0.33333333333333326,0.0
FAM47B,0.40943279466002735,0.9920466889986208,1.0,1.0,0.0
FAM47C,0.40848474420157155,1.0,1.0,1.0,0.0
FAM50A,0.5291151631032673,1.0,0.0,0.33333333333333326,0.0
FAM50B,0.41602558872472095,1.0,0.0,0.33333333333333326,0.0
FAM53A,0.4078709891692218,0.14418840704254557,0.0,0.33333333333333326,0.0
FAM53B,0.48604694556243266,1.0,1.0,0.33333333333333326,0.0
FAM53C,0.46231353810984976,0.3156802951173457,1.0,0.33333333333333326,0.0
FAM76A,0.442441483143269,1.0,0.0,1.0,0.0
FAM78A,0.5394480194500747,1.0,0.0,1.0,0.0
FAM81A,0.2571832624544655,1.0,1.0,1.0,0.0
FAM81B,0.5489722151433275,1.0,0.0,0.33333333333333326,0.0
FAM86B1,0.5223399797907105,0.5275070402209059,1.0,0.33333333333333326,0.0
FAM89A,0.7332847689888635,1.0,1.0,1.0,0.0
FAM8A1,0.44008071031427953,1.0,1.0,0.33333333333333326,0.0
FAM98A,0.3607114150477917,1.0,1.0,1.0,0.0
FAM98B,0.5199356737111019,0.5671490599982139,0.0,0.33333333333333326,0.0
FAM98C,0.4268422501532369,1.0,0.0,0.33333333333333326,0.0
FAM9C,0.44765480758373954,0.7845220391177576,0.0,0.33333333333333326,0.0
FAN1,0.5462250639083817,1.0,1.0,1.0,0.0
FANCA,0.32626221512687437,0.22807138458101925,0.0,1.0,0.0
FANCB,0.7250987078009801,0.8260840417525714,0.0,1.0,0.0
FANCC,0.6367273213916037,1.0,0.0,0.33333333333333326,0.0
FANCD2,0.5168145201576795,1.0,0.0,1.0,0.0
FANCD2OS,0.4994233846886692,0.592897900722799,0.0,0.33333333333333326,0.0
FANCE,0.5503580141013052,1.0,0.0,1.0,0.0
FANCF,0.4428588261166943,1.0,0.0,1.0,0.0
FANCG,0.47017835859566354,1.0,1.0,0.33333333333333326,0.0
FANCM,0.44451648940607613,1.0,0.0,0.33333333333333326,0.0
FAP,0.6118378285214254,1.0,1.0,1.0,0.0
FAR1,0.4055717249528603,0.24572260305763513,0.0,1.0,0.0
FAR2,0.3228798376517084,1.0,0.0,0.33333333333333326,0.0
FARP1,0.5336291559801027,1.0,1.0,0.33333333333333326,0.0
FARS2,0.43369632731388924,1.0,0.0,0.33333333333333326,0.0
FARSA,0.37901876936879764,1.0,1.0,1.0,0.0
FARSB,0.44160254473604316,0.8029168388932061,1.0,1.0,0.0
FAS,0.586435972240446,1.0,0.0,0.33333333333333326,0.0
FASN,0.4627039610163066,0.0606229520040712,1.0,0.33333333333333326,0.0
FASTK,0.4559124759904267,1.0,1.0,0.33333333333333326,0.0
FASTKD1,0.52073890755278,0.85811109739387,0.0,0.33333333333333326,0.0
FASTKD2,0.43371038361494535,1.0,0.0,0.33333333333333326,0.0
FASTKD3,0.510297416725919,1.0,1.0,0.33333333333333326,0.0
FAT1,0.6035303838185322,1.0,1.0,1.0,0.0
FAT2,0.5177588766742516,1.0,0.0,0.33333333333333326,0.0
FAT3,0.43952674546077564,0.6199322127819037,0.0,1.0,0.0
FAT4,0.5725143612602007,1.0,0.0,1.0,0.0
FATE1,0.3859127629634279,0.7879073280890792,1.0,1.0,0.0
FAU,0.499820313817201,0.17826584438152662,0.0,1.0,0.0
FAXC,0.36012761747713357,1.0,1.0,1.0,0.0
FBH1,0.5324195385328985,1.0,0.0,1.0,0.0
FBL,0.5544250692643464,0.5392128978446571,1.0,1.0,0.0
FBLIM1,0.4599334867848747,1.0,1.0,0.33333333333333326,0.0
FBLL1,0.36944679480798787,1.0,1.0,1.0,0.0
FBLN1,0.6303222071074415,1.0,0.0,1.0,0.0
FBLN5,0.630027158679514,1.0,1.0,1.0,0.0
FBLN7,0.18605138632658125,1.0,1.0,1.0,0.0
FBN1,0.52157396907582,0.7745219511931304,0.0,1.0,0.0
FBN2,0.43973990976757066,0.6282614787205398,0.0,1.0,0.0
FBN3,0.4090206926110283,1.0,0.0,0.33333333333333326,0.0
FBP1,0.5372648862520142,1.0,0.0,1.0,0.0
FBXL14,0.45620305033717595,1.0,0.0,1.0,0.0
FBXL15,0.4326577383928423,1.0,0.0,1.0,0.0
FBXL16,0.34634760468617304,1.0,0.0,1.0,0.0
FBXL17,0.33577043358810865,1.0,0.0,1.0,0.0
FBXL2,0.34198234808469574,1.0,1.0,1.0,0.0
FBXL22,0.41621212232847227,1.0,0.0,1.0,0.0
FBXL3,0.5810046021696207,0.8637534487527311,1.0,1.0,0.0
FBXL7,0.632677826824428,1.0,0.0,1.0,0.0
FBXL8,0.4765065261832354,0.12399836800388718,0.0,0.33333333333333326,0.0
FBXO11,0.41659017465652837,1.0,1.0,1.0,0.0
FBXO15,0.4475675160671287,1.0,0.0,0.33333333333333326,0.0
FBXO16,0.26088293288122777,1.0,0.0,0.33333333333333326,0.0
FBXO17,0.5279495240176222,1.0,0.0,1.0,0.0
FBXO2,0.37024606224554185,1.0,1.0,0.33333333333333326,0.0
FBXO25,0.4667744561099535,0.3675631882106019,0.0,0.33333333333333326,0.0
FBXO27,0.4116251649176246,1.0,0.0,0.33333333333333326,0.0
FBXO28,0.38616617412166787,1.0,1.0,1.0,0.0
FBXO3,0.5139626684178293,0.13237114937427732,0.0,0.33333333333333326,0.0
FBXO30,0.5072116070959934,1.0,1.0,0.33333333333333326,0.0
FBXO32,0.5536772493183386,1.0,0.0,1.0,0.0
FBXO33,0.5136147248037214,0.1810084332952367,1.0,0.33333333333333326,0.0
FBXO34,0.35194197537853716,1.0,1.0,1.0,0.0
FBXO36,0.4170517268762317,1.0,0.0,1.0,0.0
FBXO38,0.5259642107697549,1.0,0.0,1.0,0.0
FBXO39,0.49273041094439735,0.12496119765549245,0.0,0.33333333333333326,0.0
FBXO4,0.33931271563738874,0.3737369880959193,0.0,1.0,0.0
FBXO40,0.4405036627961098,0.1439955682670304,0.0,0.33333333333333326,0.0
FBXO42,0.40746002625461847,1.0,1.0,0.33333333333333326,0.0
FBXO46,0.5943284408399411,1.0,1.0,1.0,0.0
FBXO8,0.6036115730644368,1.0,1.0,1.0,0.0
FBXW10,0.5256821942678781,1.0,0.0,1.0,0.0
FBXW10B,0.4327667759847783,0.5966785454594618,0.0,0.33333333333333326,0.0
FBXW11,0.47293725239970896,1.0,1.0,0.33333333333333326,0.0
FBXW12,0.4451996806485666,1.0,0.0,0.33333333333333326,0.0
FBXW7,0.28274367693966884,1.0,1.0,1.0,0.0
FBXW9,0.3791389535994207,1.0,1.0,1.0,0.0
FCAMR,0.42820466104045113,0.3707770454952827,1.0,0.33333333333333326,0.0
FCAR,0.5217674774035747,1.0,0.0,0.33333333333333326,0.0
FCER1A,0.6463517736479594,1.0,0.0,1.0,0.0
FCER1G,0.6673217002272553,1.0,0.0,1.0,0.0
FCER2,0.5253718911528984,0.94135383619978,1.0,0.33333333333333326,0.0
FCF1,0.4041115316233482,1.0,0.0,1.0,0.0
FCGBP,0.8621050906736097,1.0,0.0,1.0,0.0
FCGR1A,0.6374989180947412,1.0,0.0,1.0,0.0
FCGR2A,0.7339803369202555,1.0,1.0,1.0,0.0
FCGR2B,0.6014323881672061,1.0,0.0,1.0,0.0
FCGR3A,0.5761260826200578,1.0,1.0,0.33333333333333326,0.0
FCGR3B,0.6204726340847364,1.0,0.0,1.0,0.0
FCGRT,0.6446797637886812,1.0,1.0,1.0,0.0
FCHO1,0.5176215154629604,1.0,0.0,0.33333333333333326,0.0
FCHSD1,0.48390413871214366,1.0,1.0,0.33333333333333326,0.0
FCHSD2,0.4843919405506322,1.0,1.0,0.33333333333333326,0.0
FCN1,0.5575323269809275,1.0,0.0,0.33333333333333326,0.0
FCN3,0.5467422044291816,1.0,0.0,1.0,0.0
FCRL3,0.46335522046890393,1.0,0.0,1.0,0.0
FCRL5,0.5554765011323441,0.8010359673671592,1.0,1.0,0.0
FCSK,0.5759242830156057,1.0,1.0,1.0,0.0
FDFT1,0.5751193026243123,0.2875371479728538,0.0,1.0,0.0
FDPS,0.37657503081772614,1.0,1.0,1.0,0.0
FDX1,0.44096496086480286,1.0,0.0,0.33333333333333326,0.0
FDX2,0.44793052163436875,1.0,1.0,0.33333333333333326,0.0
FDXACB1,0.4256284894000838,1.0,1.0,1.0,0.0
FDXR,0.38957415600988893,1.0,1.0,0.33333333333333326,0.0
FECH,0.4161422351381985,1.0,0.0,1.0,0.0
FEM1A,0.40123105116505065,0.2917698399512341,0.0,1.0,0.0
FEM1B,0.4134654664509614,1.0,0.0,1.0,0.0
FEM1C,0.43483859361354427,0.40478314062452425,0.0,0.33333333333333326,0.0
FEN1,0.3577177984218319,1.0,1.0,1.0,0.0
FER,0.5037655878581766,0.8751444504977985,0.0,1.0,0.0
FERD3L,0.4690487160265058,0.07371993365151965,0.0,0.33333333333333326,0.0
FERMT1,0.4446273340971972,0.6701052955855977,0.0,1.0,0.0
FERMT2,0.6123659716682103,1.0,1.0,1.0,0.0
FERMT3,0.5682703882207603,1.0,1.0,0.33333333333333326,0.0
FERRY3,0.42213264336069733,1.0,1.0,1.0,0.0
FES,0.5614280023802355,1.0,1.0,1.0,0.0
FETUB,0.393467592850017,0.26328056257478616,1.0,1.0,0.0
FEZ1,0.4186337772148636,0.41469382271648975,1.0,1.0,0.0
FEZ2,0.4412267136226101,0.5531110282291254,1.0,1.0,0.0
FEZF2,0.4610070086917485,0.11601368495575827,0.0,1.0,0.0
FFAR2,0.515042521673394,1.0,0.0,1.0,0.0
FFAR3,0.5165580105587668,0.13461088674021088,0.0,1.0,0.0
FFAR4,0.2883996874511519,1.0,0.0,1.0,0.0
FGA,0.3385316259130867,0.4692542291249999,0.0,0.33333333333333326,0.0
FGB,0.5283288989534501,0.23161324556208848,1.0,0.33333333333333326,0.0
FGD1,0.5178584836075009,1.0,0.0,1.0,0.0
FGD2,0.5802829730481379,1.0,1.0,0.33333333333333326,0.0
FGD3,0.523401877318764,1.0,0.0,0.33333333333333326,0.0
FGD4,0.5268918039918227,1.0,0.0,1.0,0.0
FGD5,0.500646972245555,0.9684858018114272,0.0,1.0,0.0
FGD6,0.6066692500326284,1.0,1.0,1.0,0.0
FGF10,0.5488761182648341,0.1751135672876559,0.0,1.0,0.0
FGF12,0.10242776945598582,1.0,1.0,1.0,0.0
FGF13,0.44655615159996276,0.9177135956473192,0.0,1.0,0.0
FGF14,0.3108363696942615,1.0,1.0,1.0,0.0
FGF16,0.47226841511717227,0.39101370550411424,0.0,0.33333333333333326,0.0
FGF17,0.5352577357883739,1.0,0.0,0.33333333333333326,0.0
FGF18,0.5154648972122613,0.32151812543776553,0.0,0.33333333333333326,0.0
FGF19,0.527857031121573,1.0,0.0,0.33333333333333326,0.0
FGF2,0.5974034357397576,0.20579219308302837,0.0,0.33333333333333326,0.0
FGF20,0.45587845863487725,0.5409198504748501,0.0,1.0,0.0
FGF21,0.47041907703754876,0.4331653876461268,0.0,0.33333333333333326,0.0
FGF22,0.5660907103040685,0.4821859853268042,1.0,0.33333333333333326,0.0
FGF5,0.4631329922855426,0.34237050824897514,0.0,1.0,0.0
FGF6,0.27703095279729983,0.6056932320195967,0.0,1.0,0.0
FGF7,0.3256411746808905,1.0,1.0,1.0,0.0
FGF8,0.5257287984787753,0.9150739834501065,1.0,0.33333333333333326,0.0
FGF9,0.25184218696896277,1.0,1.0,1.0,0.0
FGFBP2,0.42900967392856426,0.35893151646203136,0.0,0.33333333333333326,0.0
FGFBP3,0.4302767029069723,0.23654871532175886,1.0,1.0,0.0
FGFR1,0.5902342273175404,1.0,0.0,0.33333333333333326,0.0
FGFR1OP2,0.5233287945838077,1.0,1.0,0.33333333333333326,0.0
FGFR2,0.6149852808704365,0.7298790096223953,1.0,1.0,0.0
FGFR3,0.5509784804816299,0.549418555647655,0.0,1.0,0.0
FGFR4,0.6111438089648249,1.0,0.0,1.0,0.0
FGFRL1,0.6989801663841624,1.0,1.0,1.0,0.0
FGGY,0.4177207095551298,1.0,0.0,0.33333333333333326,0.0
FGL1,0.5486482346190538,0.3961039596712943,1.0,1.0,0.0
FGL2,0.5474674493856069,0.08567951681073624,0.0,0.33333333333333326,0.0
FGR,0.5141324509967949,1.0,1.0,0.33333333333333326,0.0
FH,0.3509954037147063,1.0,1.0,1.0,0.0
FHAD1,0.4786760371674791,1.0,1.0,0.33333333333333326,0.0
FHDC1,0.5735352070577316,0.2191274729124917,1.0,1.0,0.0
FHIP1B,0.4301100503534316,1.0,0.0,0.33333333333333326,0.0
FHIP2A,0.5061311407555522,0.6294587139163825,0.0,1.0,0.0
FHIP2B,0.5175138498057272,1.0,0.0,1.0,0.0
FHIT,0.4378218908206626,1.0,0.0,1.0,0.0
FHL1,0.465414108767443,0.680534710537581,0.0,1.0,0.0
FHL2,0.3133803239441644,1.0,0.0,0.33333333333333326,0.0
FHL5,0.6332886502709757,1.0,1.0,1.0,0.0
FHOD1,0.5097097349908648,0.7597496200418692,0.0,1.0,0.0
FHOD3,0.39304766959781146,1.0,0.0,1.0,0.0
FIBCD1,0.5027702316290988,1.0,0.0,0.33333333333333326,0.0
FIBIN,0.587324546924734,1.0,0.0,1.0,0.0
FIBP,0.36524296178384674,1.0,1.0,1.0,0.0
FICD,0.5052844078052684,1.0,0.0,1.0,0.0
FIG4,0.4131991861216771,1.0,0.0,0.33333333333333326,0.0
FIGN,0.5784125555452607,0.36408478539736994,1.0,1.0,0.0
FIGNL1,0.4053068278254789,1.0,0.0,1.0,0.0
FILIP1,0.5082338974848201,1.0,1.0,0.33333333333333326,0.0
FILIP1L,0.5093545471430431,0.19169515030047674,0.0,1.0,0.0
FIP1L1,0.5001285979063429,0.25742953847702904,0.0,0.33333333333333326,0.0
FIRRM,0.5151899100494739,0.4199955708059273,0.0,1.0,0.0
FIS1,0.43748702051325983,1.0,0.0,0.33333333333333326,0.0
FITM2,0.4008616649079879,1.0,0.0,0.33333333333333326,0.0
FIZ1,0.5228956031122071,1.0,0.0,1.0,0.0
FJX1,0.4623934843231598,0.5630294975040555,0.0,0.33333333333333326,0.0
FKBP10,0.6175877518227129,1.0,0.0,0.33333333333333326,0.0
FKBP14,0.43790373948492856,1.0,1.0,0.33333333333333326,0.0
FKBP15,0.446389649944509,1.0,1.0,0.33333333333333326,0.0
FKBP1B,0.35890068284712295,1.0,1.0,1.0,0.0
FKBP3,0.3936575046710016,1.0,1.0,1.0,0.0
FKBP4,0.45843351594765475,0.14283612461585185,0.0,0.33333333333333326,0.0
FKBP5,0.8060152687477368,1.0,1.0,1.0,0.0
FKBP6,0.615451226451807,0.6163568306791549,0.0,0.33333333333333326,0.0
FKBPL,0.44717608823225324,1.0,0.0,0.33333333333333326,0.0
FKRP,0.5062906410877832,1.0,1.0,0.33333333333333326,0.0
FKTN,0.4434719287931085,1.0,1.0,1.0,0.0
FLAD1,0.46938319458802824,1.0,1.0,0.33333333333333326,0.0
FLCN,0.5655896946502643,1.0,0.0,1.0,0.0
FLI1,0.6096634636477455,1.0,0.0,1.0,0.0
FLII,0.5298068974763304,1.0,0.0,1.0,0.0
FLNA,0.6031015830359513,1.0,0.0,0.33333333333333326,0.0
FLNB,0.5637743638179391,1.0,0.0,1.0,0.0
FLNC,0.5690049421360526,1.0,0.0,1.0,0.0
FLRT1,0.4322109622715542,1.0,1.0,0.33333333333333326,0.0
FLRT2,0.5088196105763936,0.836149883211459,1.0,0.33333333333333326,0.0
FLRT3,0.38898709313491814,1.0,0.0,1.0,0.0
FLT1,0.6769457449993129,1.0,1.0,1.0,0.0
FLT3,0.42891628420660927,1.0,0.0,1.0,0.0
FLT3LG,0.5537955157816006,0.8889859031619819,1.0,1.0,0.0
FLT4,0.5470212556880076,0.13645343260943865,0.0,1.0,0.0
FLVCR1,0.3012678060031516,1.0,1.0,1.0,0.0
FLVCR2,0.5835889811285765,1.0,1.0,1.0,0.0
FLYWCH1,0.5319596761557832,1.0,0.0,0.33333333333333326,0.0
FMC1,0.46230318054980674,1.0,1.0,0.33333333333333326,0.0
FMN1,0.5152727538660454,0.6173910027111283,0.0,1.0,0.0
FMN2,0.5467410090840477,0.5151075434432422,0.0,0.33333333333333326,0.0
FMNL1,0.3792254122247217,0.08238107411402826,0.0,1.0,0.0
FMNL2,0.606354368614966,1.0,1.0,1.0,0.0
FMNL3,0.5777746368820725,1.0,1.0,1.0,0.0
FMO1,0.5798939230129054,0.39399945391099606,0.0,1.0,0.0
FMO2,0.5616404477022603,1.0,0.0,1.0,0.0
FMO3,0.5147526108067056,1.0,1.0,0.33333333333333326,0.0
FMO4,0.5003760784850142,0.9707107704593754,0.0,1.0,0.0
FMO5,0.585071555775901,1.0,1.0,1.0,0.0
FMOD,0.7523126860536834,1.0,1.0,1.0,0.0
FMR1,0.400718581338197,1.0,0.0,1.0,0.0
FMR1NB,0.5198086991233974,1.0,1.0,0.33333333333333326,0.0
FN1,0.7563602822595579,1.0,0.0,1.0,0.0
FN3KRP,0.4292425158343853,1.0,0.0,1.0,0.0
FNBP1,0.5456256985031551,1.0,0.0,0.33333333333333326,0.0
FNBP1L,0.5426203027854268,0.34403254939793854,1.0,1.0,0.0
FNBP4,0.4708641060780326,0.32482674143516244,1.0,0.33333333333333326,0.0
FNDC11,0.6033575246595207,1.0,1.0,1.0,0.0
FNDC3B,0.622235315488615,1.0,1.0,1.0,0.0
FNDC4,0.37123560842833475,1.0,0.0,1.0,0.0
FNDC5,0.2728761995176933,1.0,1.0,1.0,0.0
FNDC9,0.23533926932914412,1.0,0.0,1.0,0.0
FNIP1,0.4262355847666223,0.3646127367968205,0.0,1.0,0.0
FNIP2,0.38159841422278656,0.5488835114481445,1.0,0.33333333333333326,0.0
FNTA,0.5755819598634566,1.0,1.0,1.0,0.0
FNTB,0.562343438861393,1.0,1.0,1.0,0.0
FOCAD,0.4975158891223039,0.12192896151390292,0.0,1.0,0.0
FOLH1,0.3246965224543875,1.0,0.0,0.33333333333333326,0.0
FOLR1,0.519297406499616,1.0,0.0,0.33333333333333326,0.0
FOLR2,0.4773378717120956,1.0,1.0,0.33333333333333326,0.0
FOLR3,0.561210561477895,1.0,1.0,1.0,0.0
FOS,0.6771834306437172,1.0,1.0,1.0,0.0
FOSB,0.4524285584352663,0.17935846974377095,0.0,1.0,0.0
FOSL1,0.5018092149104929,0.7996247381126994,0.0,1.0,0.0
FOSL2,0.5091776664978591,0.8004772933195021,0.0,1.0,0.0
FOXA1,0.5059170633467961,0.24809112087943475,1.0,0.33333333333333326,0.0
FOXA2,0.45067702521885744,0.23739192456328256,0.0,1.0,0.0
FOXB2,0.5245188856760145,1.0,1.0,0.33333333333333326,0.0
FOXC1,0.7043326577958292,1.0,1.0,1.0,0.0
FOXD1,0.6448495849550734,1.0,0.0,1.0,0.0
FOXD2,0.5826274427986238,1.0,1.0,1.0,0.0
FOXD4,0.4308927722679744,0.5403919474765844,1.0,1.0,0.0
FOXD4L3,0.5207364944424552,0.6315753568019453,0.0,0.33333333333333326,0.0
FOXD4L4,0.5416144812026308,1.0,0.0,1.0,0.0
FOXE1,0.5815632824188848,0.19592740890629992,0.0,0.33333333333333326,0.0
FOXE3,0.33310776049161733,0.6158183814720992,1.0,1.0,0.0
FOXF1,0.6947786773328357,1.0,1.0,1.0,0.0
FOXF2,0.5665787134273447,1.0,1.0,1.0,0.0
FOXG1,0.4370539677074844,1.0,0.0,1.0,0.0
FOXI1,0.4642451380860485,0.6573527034267299,0.0,1.0,0.0
FOXJ1,0.6955423440057831,1.0,1.0,1.0,0.0
FOXJ2,0.3975945651757446,0.4872989379125608,1.0,1.0,0.0
FOXJ3,0.3975998086890934,1.0,1.0,1.0,0.0
FOXK1,0.5009870639134127,0.28568646503411316,0.0,1.0,0.0
FOXK2,0.49755669061158087,1.0,1.0,0.33333333333333326,0.0
FOXL1,0.4752252303015464,0.1141087915731558,0.0,1.0,0.0
FOXL2,0.5087061902654519,1.0,0.0,0.33333333333333326,0.0
FOXN1,0.42983824440146895,0.049006758049101075,0.0,0.33333333333333326,0.0
FOXN3,0.5552717784569254,1.0,1.0,1.0,0.0
FOXN4,0.5468731633499893,0.2102784765659245,1.0,1.0,0.0
FOXO1,0.6521981902719095,1.0,1.0,1.0,0.0
FOXO3,0.5094365784420699,0.9325691971612204,0.0,1.0,0.0
FOXO4,0.681236351231461,1.0,1.0,1.0,0.0
FOXP2,0.42714726147054005,1.0,0.0,0.33333333333333326,0.0
FOXP3,0.31575170164391614,0.27680755904452947,0.0,1.0,0.0
FOXP4,0.5182477285219816,0.4322726479873906,0.0,0.33333333333333326,0.0
FOXQ1,0.6896269353865139,0.375420664428299,0.0,0.33333333333333326,0.0
FOXR1,0.2894419361381634,0.6468962706815106,1.0,1.0,0.0
FOXRED1,0.372287986072917,1.0,1.0,1.0,0.0
FOXRED2,0.48819546003669906,1.0,1.0,0.33333333333333326,0.0
FOXS1,0.44027310199346276,0.665394354500653,0.0,0.33333333333333326,0.0
FPGS,0.3822589516707511,0.3236079139075158,1.0,1.0,0.0
FPGT,0.5287504095092371,1.0,0.0,1.0,0.0
FPR1,0.7296234442191593,1.0,0.0,0.33333333333333326,0.0
FPR2,0.5728121750144087,1.0,0.0,1.0,0.0
FPR3,0.6458662976223576,1.0,1.0,1.0,0.0
FRA10AC1,0.4519812886494207,0.6712999905333256,0.0,1.0,0.0
FRAT1,0.5911512435700826,1.0,1.0,1.0,0.0
FRAT2,0.5735392365222847,1.0,1.0,1.0,0.0
FREM1,0.46751848364385706,0.433244056358722,0.0,1.0,0.0
FREM3,0.17528779660212088,1.0,1.0,1.0,0.0
FRG1,0.4667698930013403,0.14563544402673242,0.0,1.0,0.0
FRMD1,0.5218207592906394,0.6709914607037866,1.0,0.33333333333333326,0.0
FRMD4A,0.40261737221316807,1.0,0.0,0.33333333333333326,0.0
FRMD4B,0.5103388706983477,0.16181511995806175,0.0,0.33333333333333326,0.0
FRMD5,0.5182473982231203,0.5296068426548659,0.0,1.0,0.0
FRMD6,0.5839370008285022,0.1960807845723342,0.0,0.33333333333333326,0.0
FRMD8,0.5465553474811211,1.0,0.0,1.0,0.0
FRMPD2,0.13568026254933674,1.0,0.0,0.33333333333333326,0.0
FRMPD3,0.505146305178571,0.7580952086432052,0.0,1.0,0.0
FRMPD4,0.2766661182255141,1.0,0.0,1.0,0.0
FRRS1,0.5376843295821226,0.1974859624307625,1.0,1.0,0.0
FRRS1L,0.3037976982736722,1.0,1.0,1.0,0.0
FRY,0.48707995326397,1.0,1.0,0.33333333333333326,0.0
FRYL,0.5889005548771129,1.0,0.0,1.0,0.0
FRZB,0.6540480425663227,1.0,1.0,1.0,0.0
FSCB,0.5097358731598965,1.0,0.0,1.0,0.0
FSCN1,0.45101456850389615,0.23766338719593258,0.0,0.33333333333333326,0.0
FSCN2,0.5194502097413609,1.0,0.0,1.0,0.0
FSCN3,0.512773948337982,1.0,0.0,1.0,0.0
FSD2,0.5400264067372821,0.06884522996910111,0.0,0.33333333333333326,0.0
FSHR,0.46606298014666653,0.48756564012052617,0.0,0.33333333333333326,0.0
FSIP1,0.3903306970394752,1.0,0.0,1.0,0.0
FSTL1,0.5954191181348494,1.0,1.0,0.33333333333333326,0.0
FSTL3,0.5827247920458833,1.0,0.0,0.33333333333333326,0.0
FSTL4,0.38113711919972326,1.0,0.0,0.33333333333333326,0.0
FSTL5,0.2957664964948015,1.0,1.0,1.0,0.0
FTCD,0.5154559157846808,0.5994860343237145,0.0,1.0,0.0
FTH1,0.5198329807038907,0.2927361392352941,0.0,0.33333333333333326,0.0
FTHL17,0.5279360703719211,1.0,0.0,1.0,0.0
FTL,0.6099398915643492,1.0,0.0,1.0,0.0
FTO,0.4062292876493289,0.9900869767699152,1.0,1.0,0.0
FTSJ1,0.501536546203128,1.0,1.0,0.33333333333333326,0.0
FTSJ3,0.5555959468650492,1.0,0.0,0.33333333333333326,0.0
FUBP1,0.4517607235218393,0.7903762502584055,0.0,1.0,0.0
FUBP3,0.5016607671437904,0.0918297314311099,0.0,1.0,0.0
FUCA1,0.445765846464742,1.0,0.0,0.33333333333333326,0.0
FUCA2,0.5033145396294312,0.0859805058518208,0.0,1.0,0.0
FUNDC1,0.40975168603741075,1.0,0.0,0.33333333333333326,0.0
FUNDC2,0.4364658813695704,1.0,0.0,0.33333333333333326,0.0
FUOM,0.45932318354053947,0.11375058350028511,0.0,0.33333333333333326,0.0
FURIN,0.5854642467356633,1.0,1.0,1.0,0.0
FUS,0.4460623957788126,1.0,0.0,0.33333333333333326,0.0
FUT1,0.44472314614791664,1.0,0.0,0.33333333333333326,0.0
FUT4,0.44869534931853433,1.0,1.0,0.33333333333333326,0.0
FUT5,0.4646175583931413,0.15677507109639408,0.0,1.0,0.0
FUT8,0.3659598342969484,0.48447731782398745,1.0,1.0,0.0
FUT9,0.4809174860895948,1.0,1.0,0.33333333333333326,0.0
FUZ,0.4315258594097014,0.2534525358304109,0.0,0.33333333333333326,0.0
FXN,0.5352996687458712,1.0,1.0,1.0,0.0
FXR1,0.5400406801357372,0.656499537708707,1.0,1.0,0.0
FXR2,0.5064901468583425,0.11964165765812904,0.0,0.33333333333333326,0.0
FXYD1,0.6009413577458219,1.0,0.0,0.33333333333333326,0.0
FXYD2,0.4585618983708032,1.0,0.0,0.33333333333333326,0.0
FXYD3,0.4401178294228531,1.0,1.0,0.33333333333333326,0.0
FXYD4,0.45890861529612054,0.5176163719517435,0.0,1.0,0.0
FXYD5,0.7230410593404967,1.0,1.0,1.0,0.0
FXYD6,0.32866639118134083,1.0,1.0,1.0,0.0
FXYD7,0.44319308863072937,0.817869195130787,0.0,1.0,0.0
FYB1,0.6871021919554916,1.0,0.0,0.33333333333333326,0.0
FYCO1,0.5967544948310858,1.0,1.0,1.0,0.0
FYN,0.575314939608316,1.0,1.0,1.0,0.0
FZD1,0.5752056570016939,1.0,0.0,1.0,0.0
FZD2,0.5820428890438569,1.0,0.0,0.33333333333333326,0.0
FZD3,0.3357663841911233,1.0,0.0,1.0,0.0
FZD4,0.5976801556980367,1.0,1.0,1.0,0.0
FZD5,0.5260804170726455,0.4442650289023817,0.0,0.33333333333333326,0.0
FZD6,0.5609987451398887,0.5874498964116024,1.0,1.0,0.0
FZD7,0.6695754508036589,1.0,0.0,0.33333333333333326,0.0
FZD8,0.5417593826463386,0.9575862246070366,0.0,1.0,0.0
FZD9,0.6796457191108721,1.0,1.0,1.0,0.0
FZR1,0.3792396840640892,1.0,1.0,0.33333333333333326,0.0
G0S2,0.5648306216176237,0.9902134727646384,0.0,1.0,0.0
G2E3,0.5499021372640336,0.7127437580835494,1.0,1.0,0.0
G3BP1,0.5838213296432718,0.8993503804464431,1.0,1.0,0.0
G3BP2,0.31273491632975947,1.0,1.0,1.0,0.0
GAA,0.5194126671650002,0.9542469626080956,0.0,0.33333333333333326,0.0
GAB2,0.5616445903695484,0.15502936476237775,1.0,1.0,0.0
GAB3,0.5201606370932098,1.0,0.0,1.0,0.0
GABARAP,0.33283816674689337,1.0,1.0,1.0,0.0
GABARAPL1,0.31096097218440777,1.0,1.0,1.0,0.0
GABARAPL2,0.4072685697725286,1.0,0.0,1.0,0.0
GABBR1,0.530450364822073,1.0,0.0,0.33333333333333326,0.0
GABBR2,0.2730952329148035,1.0,1.0,1.0,0.0
GABPB2,0.5015522272876332,1.0,1.0,0.33333333333333326,0.0
GABRA1,0.18942797038292516,1.0,1.0,1.0,0.0
GABRA2,0.39637123371445687,1.0,0.0,0.33333333333333326,0.0
GABRA3,0.42659645201426133,1.0,0.0,1.0,0.0
GABRA4,0.31027017883731184,1.0,0.0,1.0,0.0
GABRA5,0.2561922859726119,1.0,0.0,0.33333333333333326,0.0
GABRA6,0.38569914668576327,1.0,0.0,0.33333333333333326,0.0
GABRB2,0.2777979980229416,1.0,1.0,1.0,0.0
GABRB3,0.39230399136796734,1.0,1.0,1.0,0.0
GABRD,0.20348211208228714,1.0,1.0,1.0,0.0
GABRE,0.6212192342960129,1.0,0.0,1.0,0.0
GABRG1,0.5750824802074168,0.31152637498893987,1.0,1.0,0.0
GABRG2,0.05242569662025987,1.0,1.0,1.0,0.0
GABRG3,0.3838359925446275,1.0,0.0,0.33333333333333326,0.0
GABRP,0.5503561938501783,0.10368547052373556,0.0,0.33333333333333326,0.0
GABRR2,0.5491447551601676,0.5275978371843956,1.0,0.33333333333333326,0.0
GAD1,0.29201354034442545,1.0,1.0,1.0,0.0
GAD2,0.19275729462801516,1.0,1.0,1.0,0.0
GADD45B,0.7340501937425202,1.0,0.0,1.0,0.0
GADD45G,0.6711092469629266,1.0,1.0,1.0,0.0
GADL1,0.5975866806486446,1.0,1.0,1.0,0.0
GAGE12I,0.6202170489757516,1.0,0.0,1.0,0.0
GAGE2A,0.5984742569673306,1.0,1.0,1.0,0.0
GAGE4,0.6603375210427012,1.0,1.0,1.0,0.0
GAGE5,0.5006985329316516,1.0,1.0,0.33333333333333326,0.0
GAGE6,0.6288998671730485,1.0,1.0,1.0,0.0
GAGE7,0.6131235089536715,1.0,0.0,1.0,0.0
GAGE8,0.6089709598130189,1.0,0.0,1.0,0.0
GAK,0.5265434067460576,1.0,0.0,0.33333333333333326,0.0
GAL3ST2,0.44073036382797554,0.5883204275289592,0.0,1.0,0.0
GAL3ST4,0.5749298744499168,1.0,1.0,1.0,0.0
GALE,0.4545030041042655,0.9850225655928413,0.0,1.0,0.0
GALK1,0.5616703419083349,1.0,1.0,1.0,0.0
GALK2,0.45941680815906255,0.4333963098369754,0.0,0.33333333333333326,0.0
GALM,0.6031025549236486,1.0,1.0,1.0,0.0
GALNT1,0.42948625359410214,0.4323853395630433,1.0,1.0,0.0
GALNT10,0.607403558526083,1.0,1.0,1.0,0.0
GALNT11,0.3512166157141858,1.0,1.0,1.0,0.0
GALNT12,0.41972480304273463,0.6889763776323038,1.0,1.0,0.0
GALNT13,0.38598764948166575,1.0,0.0,0.33333333333333326,0.0
GALNT14,0.34898483853203854,1.0,0.0,0.33333333333333326,0.0
GALNT15,0.6484061850467787,1.0,1.0,1.0,0.0
GALNT16,0.5325118037005339,1.0,0.0,1.0,0.0
GALNT17,0.45962543699658404,0.4871529594005058,0.0,1.0,0.0
GALNT18,0.5680274489482262,1.0,0.0,1.0,0.0
GALNT4,0.6105301324077289,1.0,0.0,1.0,0.0
GALNT6,0.5293390585814692,0.15414303049831057,0.0,1.0,0.0
GALNT9,0.3366795371618608,1.0,1.0,1.0,0.0
GALNTL5,0.3424726966609862,1.0,0.0,0.33333333333333326,0.0
GALP,0.5483019045373911,0.788934158547091,1.0,1.0,0.0
GALR1,0.3592373335763509,1.0,0.0,0.33333333333333326,0.0
GALR2,0.5356598726364836,0.46537554423670124,1.0,0.33333333333333326,0.0
GALR3,0.5656328159119423,0.2151300204144922,0.0,0.33333333333333326,0.0
GALT,0.4012384227468814,1.0,1.0,1.0,0.0
GAMT,0.44485342655335014,1.0,0.0,1.0,0.0
GANC,0.5733584527406042,1.0,1.0,1.0,0.0
GAP43,0.27133512750288014,1.0,1.0,1.0,0.0
GAPDH,0.4111417136967553,1.0,1.0,1.0,0.0
GAPDHS,0.3997263150192248,1.0,0.0,1.0,0.0
GAPT,0.6150507794709879,1.0,1.0,1.0,0.0
GAR1,0.563576626524439,0.1122743396009885,0.0,0.33333333333333326,0.0
GAREM1,0.510318175323602,0.5587895061824316,0.0,0.33333333333333326,0.0
GAREM2,0.6581401305513597,1.0,0.0,1.0,0.0
GARIN1B,0.41833217168736814,1.0,0.0,0.33333333333333326,0.0
GARIN2,0.4684984204401357,0.46486970185829185,0.0,0.33333333333333326,0.0
GARIN5B,0.536960446425549,0.09206042363335525,0.0,0.33333333333333326,0.0
GARNL3,0.43066130027209687,0.7392293737278194,1.0,0.33333333333333326,0.0
GARRE1,0.5400325249932117,1.0,0.0,0.33333333333333326,0.0
GARS1,0.352303602983049,1.0,1.0,1.0,0.0
GAS1,0.7258370964722172,1.0,1.0,1.0,0.0
GAS2,0.443825886382274,1.0,0.0,1.0,0.0
GAS2L1,0.5291764904987253,1.0,0.0,1.0,0.0
GAS2L2,0.34145582047431533,0.5896762187847405,1.0,0.33333333333333326,0.0
GAS2L3,0.6252451890528924,1.0,1.0,1.0,0.0
GAS6,0.5610737200155876,1.0,1.0,1.0,0.0
GAS7,0.32726950743793626,1.0,1.0,1.0,0.0
GASK1A,0.4583867448423828,1.0,1.0,0.33333333333333326,0.0
GASK1B,0.5210679236545102,0.6010587904537346,0.0,1.0,0.0
GAST,0.5671508760840569,1.0,1.0,1.0,0.0
GATA1,0.45314817245530514,1.0,1.0,0.33333333333333326,0.0
GATA2,0.5827986865788521,1.0,1.0,1.0,0.0
GATA3,0.5446577028692411,1.0,0.0,1.0,0.0
GATAD1,0.5033973881813284,0.4018257029748174,0.0,0.33333333333333326,0.0
GATAD2A,0.5313346171193397,1.0,0.0,0.33333333333333326,0.0
GATB,0.40501688941611996,1.0,0.0,1.0,0.0
GATD1,0.4669505384306819,0.11027465142162839,1.0,0.33333333333333326,0.0
GATD3,0.44556683625002935,0.8494289360288679,1.0,1.0,0.0
GATM,0.5880927001766678,1.0,1.0,1.0,0.0
GBA2,0.46453935319617207,0.35807799263008694,0.0,0.33333333333333326,0.0
GBE1,0.5512101158595724,0.08844890171485227,0.0,0.33333333333333326,0.0
GBF1,0.4663287643813454,0.5600673574143002,0.0,0.33333333333333326,0.0
GBGT1,0.5140190469152011,1.0,0.0,1.0,0.0
GBP1,0.47280725437552695,1.0,1.0,0.33333333333333326,0.0
GBP2,0.7537824012134205,1.0,0.0,1.0,0.0
GBP3,0.6535407084242737,1.0,0.0,1.0,0.0
GBP5,0.5177305276352778,0.39801579840305845,0.0,0.33333333333333326,0.0
GBP6,0.5463776248830311,0.6780395416402127,0.0,0.33333333333333326,0.0
GC,0.5426524053273785,0.17078812255836612,1.0,1.0,0.0
GCAT,0.4658380708753758,0.620165819361326,0.0,0.33333333333333326,0.0
GCC1,0.544760903523076,1.0,0.0,0.33333333333333326,0.0
GCC2,0.3973303877617816,1.0,0.0,1.0,0.0
GCDH,0.5033912733798613,0.16500521107786814,0.0,0.33333333333333326,0.0
GCG,0.5282034259766871,0.6960740651013554,1.0,0.33333333333333326,0.0
GCGR,0.5659090568729952,0.43103881889817386,1.0,1.0,0.0
GCH1,0.3079895928362647,0.3019934366602053,0.0,0.33333333333333326,0.0
GCK,0.4448717416767199,1.0,1.0,0.33333333333333326,0.0
GCN1,0.5125628796047982,1.0,0.0,0.33333333333333326,0.0
GCNA,0.6054066256236442,1.0,0.0,0.33333333333333326,0.0
GCNT1,0.4377725084190943,1.0,0.0,0.33333333333333326,0.0
GCNT2,0.5800877417561664,0.18904316777555363,0.0,1.0,0.0
GCSH,0.4288437762613015,1.0,0.0,1.0,0.0
GDA,0.374645812191673,1.0,1.0,1.0,0.0
GDAP1,0.2754518795940309,1.0,1.0,1.0,0.0
GDAP1L1,0.45129214012230673,0.7326665486942058,0.0,0.33333333333333326,0.0
GDAP2,0.5471548101389249,1.0,1.0,1.0,0.0
GDE1,0.34288684449051426,1.0,0.0,1.0,0.0
GDF1,0.5532835802778061,1.0,0.0,0.33333333333333326,0.0
GDF10,0.4193716992229597,0.7472638430374663,1.0,1.0,0.0
GDF11,0.5465030920998761,0.2606810881924124,0.0,1.0,0.0
GDF15,0.6395607985547288,1.0,1.0,1.0,0.0
GDF5,0.5203410391836123,0.9680229700581794,0.0,1.0,0.0
GDF7,0.5430184083967455,1.0,1.0,1.0,0.0
GDNF,0.4597416942433246,0.5628500992410107,0.0,0.33333333333333326,0.0
GDPD1,0.38782017496801113,0.426224907012693,0.0,0.33333333333333326,0.0
GDPD2,0.6247762914889325,1.0,0.0,1.0,0.0
GDPD3,0.5946382735028818,1.0,0.0,0.33333333333333326,0.0
GDPD4,0.413483320070869,0.09909332306861139,0.0,1.0,0.0
GDPD5,0.4587018111285224,1.0,1.0,0.33333333333333326,0.0
GEM,0.8351186602757308,1.0,1.0,1.0,0.0
GEMIN2,0.43087802420655474,1.0,0.0,0.33333333333333326,0.0
GEMIN4,0.3363723064777627,0.5939371090985905,0.0,1.0,0.0
GEMIN7,0.3760479366324766,0.4177245411858863,1.0,1.0,0.0
GEMIN8,0.5021028907887527,0.24096071932791083,0.0,1.0,0.0
GEN1,0.4872895948022139,1.0,1.0,0.33333333333333326,0.0
GET1,0.4122110679883487,1.0,1.0,1.0,0.0
GET3,0.33360088318896297,1.0,1.0,1.0,0.0
GFAP,0.9074605582368108,1.0,1.0,1.0,0.0
GFER,0.4292848061227463,1.0,1.0,0.33333333333333326,0.0
GFM1,0.39863257243523853,1.0,1.0,1.0,0.0
GFM2,0.45261812493499654,0.7865664158713027,0.0,1.0,0.0
GFOD1,0.4129160185228243,1.0,0.0,1.0,0.0
GFOD2,0.38551105166459276,0.768612023767119,1.0,1.0,0.0
GFPT1,0.41973040564100406,1.0,0.0,1.0,0.0
GFPT2,0.586497005785029,1.0,1.0,1.0,0.0
GFRA2,0.3134428866947433,1.0,0.0,1.0,0.0
GFRA3,0.6024161174310296,0.7340534555309538,1.0,1.0,0.0
GFRAL,0.47299164094528756,0.4252486048844225,0.0,0.33333333333333326,0.0
GGA1,0.52212106583661,1.0,0.0,0.33333333333333326,0.0
GGA2,0.5325744106133653,1.0,0.0,0.33333333333333326,0.0
GGA3,0.45939973376333776,1.0,0.0,0.33333333333333326,0.0
GGCT,0.36474151794793824,1.0,1.0,1.0,0.0
GGCX,0.5788599937481783,0.24723430992081535,0.0,0.33333333333333326,0.0
GGH,0.44941293967651075,1.0,1.0,0.33333333333333326,0.0
GGPS1,0.4638136658264667,0.563530526135575,0.0,0.33333333333333326,0.0
GGT5,0.5454968545265578,1.0,0.0,1.0,0.0
GGTA1,0.4602707725721734,0.25288522060092483,0.0,1.0,0.0
GGTLC1,0.5449753254093946,0.430230106227073,1.0,1.0,0.0
GH1,0.5004847788901328,0.17675425687760088,0.0,0.33333333333333326,0.0
GHDC,0.5885999511081393,0.574797098602363,1.0,1.0,0.0
GHITM,0.3517034405274951,1.0,1.0,1.0,0.0
GHR,0.54093845854506,1.0,1.0,1.0,0.0
GHRH,0.5389424071925266,0.11914284634205556,0.0,0.33333333333333326,0.0
GHRL,0.5078256379392263,0.2286553204646176,0.0,1.0,0.0
GHSR,0.5245918791719809,1.0,0.0,1.0,0.0
GID4,0.5754411983744305,1.0,1.0,1.0,0.0
GID8,0.47346532889874887,1.0,1.0,0.33333333333333326,0.0
GIGYF1,0.552486745919342,1.0,0.0,1.0,0.0
GIGYF2,0.519085467930278,0.9008497562096724,1.0,1.0,0.0
GIMAP1,0.5786765392767536,1.0,0.0,1.0,0.0
GIMAP2,0.6461039508925578,1.0,1.0,1.0,0.0
GIMAP4,0.6602105836719913,1.0,1.0,1.0,0.0
GIMAP5,0.663312879542423,1.0,1.0,1.0,0.0
GIMAP6,0.6101909734542512,1.0,1.0,1.0,0.0
GIMAP7,0.572793125376466,1.0,0.0,1.0,0.0
GIMAP8,0.6380651632914456,1.0,1.0,1.0,0.0
GIN1,0.4531708334606218,0.8494377209463791,0.0,1.0,0.0
GINM1,0.5301381207140615,1.0,0.0,0.33333333333333326,0.0
GINS1,0.4297530576984561,1.0,0.0,1.0,0.0
GINS2,0.5738567097041435,0.10031711600627773,0.0,1.0,0.0
GIPC1,0.46465894868509194,0.5579031106306935,0.0,0.33333333333333326,0.0
GIT1,0.5674190267482511,0.9094443447397266,1.0,1.0,0.0
GIT2,0.5112166914755268,1.0,0.0,0.33333333333333326,0.0
GJA1,0.7327339304156606,1.0,1.0,1.0,0.0
GJA3,0.555768523711599,0.13261443294068792,0.0,1.0,0.0
GJA4,0.6827822709036998,1.0,1.0,1.0,0.0
GJA5,0.6569774113626163,1.0,1.0,1.0,0.0
GJA8,0.5567276238354094,1.0,1.0,1.0,0.0
GJB2,0.5913769438624601,1.0,1.0,1.0,0.0
GJB5,0.44619506684798016,1.0,0.0,1.0,0.0
GJB6,0.6050935486286873,0.9285501754731833,0.0,1.0,0.0
GJC1,0.5022357032504239,1.0,1.0,0.33333333333333326,0.0
GJD2,0.4534651402887765,1.0,0.0,0.33333333333333326,0.0
GK,0.4223832631196346,1.0,1.0,1.0,0.0
GKAP1,0.5023980252417091,0.3739650450115602,0.0,1.0,0.0
GLA,0.5015940705964429,0.2496849934917691,0.0,0.33333333333333326,0.0
GLB1,0.5963497966788689,1.0,1.0,1.0,0.0
GLB1L3,0.46654103293297394,0.631292306918839,0.0,1.0,0.0
GLCCI1,0.423384494810514,1.0,0.0,0.33333333333333326,0.0
GLCE,0.3651106429542479,1.0,0.0,1.0,0.0
GLDC,0.555099149211099,1.0,1.0,0.33333333333333326,0.0
GLDN,0.37590854649223515,0.9031725075081741,0.0,1.0,0.0
GLE1,0.40140444908164813,0.6937424960706227,0.0,0.33333333333333326,0.0
GLI1,0.6262786562176118,1.0,0.0,0.33333333333333326,0.0
GLI2,0.6328599283919215,1.0,0.0,1.0,0.0
GLI3,0.4908490702803833,0.978935689732155,1.0,0.33333333333333326,0.0
GLI4,0.5399247748489041,0.6647172241778682,1.0,1.0,0.0
GLIS1,0.5075503338322411,1.0,0.0,1.0,0.0
GLIS2,0.5232342596102054,1.0,0.0,0.33333333333333326,0.0
GLIS3,0.5663164773005167,1.0,1.0,0.33333333333333326,0.0
GLMN,0.4376242141541867,1.0,0.0,1.0,0.0
GLMP,0.5690211022912054,0.07743857231967606,0.0,0.33333333333333326,0.0
GLO1,0.43875950944808884,1.0,0.0,0.33333333333333326,0.0
GLOD4,0.3755296384826412,1.0,1.0,1.0,0.0
GLRA2,0.37391405945735023,0.5577072627031054,1.0,1.0,0.0
GLRA3,0.39515975067964776,1.0,0.0,0.33333333333333326,0.0
GLRB,0.226403841715415,1.0,1.0,1.0,0.0
GLRX,0.3562130160706687,0.689821305660949,0.0,1.0,0.0
GLRX2,0.3700021969283284,1.0,0.0,1.0,0.0
GLRX3,0.5068391598950791,1.0,0.0,0.33333333333333326,0.0
GLRX5,0.41713042383816745,1.0,0.0,1.0,0.0
GLS,0.34118242623562295,1.0,1.0,1.0,0.0
GLS2,0.37151278752628153,1.0,0.0,1.0,0.0
GLT1D1,0.26307825913456573,1.0,1.0,1.0,0.0
GLT6D1,0.5382072644977944,1.0,0.0,1.0,0.0
GLT8D1,0.4658675656801529,0.9332284171852645,0.0,0.33333333333333326,0.0
GLT8D2,0.4372013690368973,0.6653962022657266,0.0,0.33333333333333326,0.0
GLTP,0.5636215742597277,0.2602219482872061,1.0,1.0,0.0
GLUL,0.6030212292546326,0.6819444952225311,1.0,1.0,0.0
GLYATL1,0.32924314740788546,1.0,1.0,1.0,0.0
GLYATL2,0.4070884602770435,1.0,1.0,1.0,0.0
GLYR1,0.4309397072104927,1.0,0.0,0.33333333333333326,0.0
GMCL1,0.44526861969774895,1.0,0.0,0.33333333333333326,0.0
GMDS,0.44041798342981553,0.994106121356459,0.0,1.0,0.0
GMEB1,0.4975124064032541,0.25158761234442184,0.0,0.33333333333333326,0.0
GMEB2,0.41613704149064934,0.17202185064660033,0.0,0.33333333333333326,0.0
GMFB,0.40943948357656385,1.0,0.0,1.0,0.0
GMFG,0.5612217933418463,1.0,0.0,0.33333333333333326,0.0
GMIP,0.5026662136436019,0.29390036109943435,0.0,0.33333333333333326,0.0
GMNN,0.603574582788503,1.0,0.0,1.0,0.0
GMPPA,0.4188838153882593,0.8227936907692963,1.0,0.33333333333333326,0.0
GMPPB,0.45442468651374285,1.0,0.0,1.0,0.0
GMPR,0.6229285458318878,1.0,1.0,1.0,0.0
GMPR2,0.42013672685882514,1.0,0.0,1.0,0.0
GNA11,0.5543671040373553,0.9413796272969521,1.0,1.0,0.0
GNA12,0.5697540328259817,1.0,1.0,1.0,0.0
GNA13,0.622211779592335,1.0,1.0,1.0,0.0
GNAI1,0.3752741127124884,1.0,1.0,1.0,0.0
GNAI2,0.6019228760429851,1.0,1.0,1.0,0.0
GNAI3,0.5491905677411513,1.0,0.0,1.0,0.0
GNAL,0.36139324641834325,1.0,0.0,0.33333333333333326,0.0
GNAO1,0.5734565215799557,1.0,0.0,0.33333333333333326,0.0
GNAQ,0.3763911124936226,1.0,0.0,1.0,0.0
GNAS,0.4222262530501375,0.31186733814555706,0.0,0.33333333333333326,0.0
GNAT1,0.5368890869907114,1.0,0.0,0.33333333333333326,0.0
GNAZ,0.4096402601622388,1.0,0.0,1.0,0.0
GNB1,0.39790600005128135,1.0,1.0,1.0,0.0
GNB1L,0.441825796094699,1.0,0.0,1.0,0.0
GNB2,0.5144334538182527,0.7902966340198924,0.0,0.33333333333333326,0.0
GNB3,0.517056392034549,1.0,0.0,0.33333333333333326,0.0
GNB4,0.47447229441932715,0.4949050098961533,1.0,0.33333333333333326,0.0
GNB5,0.3071165308222564,1.0,1.0,1.0,0.0
GNG11,0.6673088889569564,1.0,1.0,1.0,0.0
GNG12,0.6747998028124919,1.0,1.0,1.0,0.0
GNG13,0.4206482141234491,0.12222712270826809,1.0,1.0,0.0
GNG2,0.23571640809603683,1.0,1.0,1.0,0.0
GNG3,0.17355332441180163,1.0,1.0,1.0,0.0
GNG4,0.41243061529123376,1.0,0.0,0.33333333333333326,0.0
GNG5,0.6290880940012722,1.0,0.0,0.33333333333333326,0.0
GNG7,0.470299624092939,0.7734796178201284,0.0,0.33333333333333326,0.0
GNG8,0.5222868560795353,1.0,0.0,1.0,0.0
GNGT2,0.5370696414575827,1.0,1.0,1.0,0.0
GNL1,0.5487443270240798,0.9543220724774013,1.0,1.0,0.0
GNL3,0.4141360209843688,1.0,1.0,1.0,0.0
GNL3L,0.5186616572436555,0.39543893939929226,0.0,0.33333333333333326,0.0
GNPDA2,0.4190763557264377,1.0,1.0,1.0,0.0
GNPTAB,0.46764177918830757,1.0,0.0,0.33333333333333326,0.0
GNPTG,0.4506171682678335,1.0,1.0,1.0,0.0
GNRH1,0.6216002002686122,1.0,0.0,1.0,0.0
GNS,0.4498999222876065,0.24224565677992896,0.0,0.33333333333333326,0.0
GOLGA1,0.5530297980852918,0.27385035888984044,1.0,1.0,0.0
GOLGA2,0.4687954375411822,0.3359960303343446,0.0,0.33333333333333326,0.0
GOLGA3,0.4008626106862208,0.34577208210992283,0.0,1.0,0.0
GOLGA4,0.5593750096293229,1.0,1.0,1.0,0.0
GOLGA7B,0.5353689039242189,1.0,0.0,1.0,0.0
GOLGA8G,0.43569004220536545,1.0,0.0,1.0,0.0
GOLIM4,0.6085683864402718,1.0,1.0,1.0,0.0
GOLM1,0.5211615887827168,1.0,0.0,1.0,0.0
GOLM2,0.5334557449121972,1.0,0.0,1.0,0.0
GOLPH3,0.5245857506358287,0.8361585697529799,1.0,1.0,0.0
GOLPH3L,0.573616268489491,1.0,1.0,1.0,0.0
GOLT1A,0.3415691863037836,1.0,1.0,1.0,0.0
GOLT1B,0.43419625164595277,1.0,0.0,1.0,0.0
GON4L,0.4392326863770758,1.0,0.0,1.0,0.0
GOPC,0.37525098429153264,1.0,1.0,1.0,0.0
GORAB,0.5029330115606883,0.2783350966874535,0.0,1.0,0.0
GORASP1,0.5017368468762271,0.30808859096886315,0.0,1.0,0.0
GOSR1,0.5252662056992503,0.15197710369553813,0.0,0.33333333333333326,0.0
GOSR2,0.46673669591113826,0.678123605894,0.0,0.33333333333333326,0.0
GOT1,0.20643470717846332,1.0,1.0,1.0,0.0
GOT2,0.3426317029408399,1.0,1.0,1.0,0.0
GP1BA,0.5219346608841526,1.0,0.0,0.33333333333333326,0.0
GP5,0.44846365600382077,1.0,0.0,0.33333333333333326,0.0
GP6,0.520775225379275,0.4174514436085154,0.0,1.0,0.0
GPAA1,0.4000950649340795,1.0,1.0,1.0,0.0
GPALPP1,0.5008392710573301,1.0,1.0,0.33333333333333326,0.0
GPAM,0.6644638353909607,0.2212463119425322,0.0,1.0,0.0
GPAT3,0.42474099035566426,1.0,0.0,1.0,0.0
GPATCH11,0.5823611050622611,0.1572157331278813,0.0,0.33333333333333326,0.0
GPATCH2,0.5237359931928307,0.600410197960928,0.0,0.33333333333333326,0.0
GPATCH2L,0.4036716894089097,0.7954083913003189,1.0,1.0,0.0
GPATCH3,0.4971897352492577,1.0,1.0,0.33333333333333326,0.0
GPATCH4,0.39900547857134894,1.0,0.0,0.33333333333333326,0.0
GPATCH8,0.5356405078163977,1.0,0.0,1.0,0.0
GPBAR1,0.5470935107496108,0.39342770443078734,0.0,1.0,0.0
GPBP1L1,0.5301194128654497,1.0,0.0,0.33333333333333326,0.0
GPC1,0.4659279499793973,0.29139417723917027,0.0,0.33333333333333326,0.0
GPC3,0.5735199966398251,0.7409428951046663,1.0,1.0,0.0
GPC4,0.6211816867457965,1.0,1.0,1.0,0.0
GPC6,0.519136315262598,0.3575040691136438,0.0,1.0,0.0
GPD1,0.35123314095764513,1.0,0.0,1.0,0.0
GPD1L,0.40628547599374537,1.0,1.0,1.0,0.0
GPD2,0.5500524378595173,0.5092715848943443,0.0,0.33333333333333326,0.0
GPER1,0.5665527901678589,1.0,0.0,1.0,0.0
GPHA2,0.5735750506144409,0.14669544712911578,0.0,1.0,0.0
GPHB5,0.5209045748418478,0.6927032950954485,1.0,0.33333333333333326,0.0
GPHN,0.3983633248811882,1.0,0.0,1.0,0.0
GPHRB,0.49683775990247164,0.3888538564685468,0.0,1.0,0.0
GPI,0.33941335122503763,1.0,1.0,1.0,0.0
GPIHBP1,0.5650959981530297,1.0,0.0,1.0,0.0
GPKOW,0.4008317200257841,1.0,1.0,1.0,0.0
GPLD1,0.428188657790621,1.0,0.0,1.0,0.0
GPM6A,0.38334331083536094,1.0,1.0,1.0,0.0
GPM6B,0.5350594262331044,0.9885185576418184,0.0,1.0,0.0
GPN1,0.4306250811363489,1.0,0.0,0.33333333333333326,0.0
GPN2,0.4163253498665947,1.0,0.0,1.0,0.0
GPN3,0.4685045590718947,0.24470034429350485,0.0,0.33333333333333326,0.0
GPNMB,0.6781724754054894,1.0,1.0,1.0,0.0
GPR107,0.5703337198016496,1.0,1.0,1.0,0.0
GPR108,0.5937965788152151,1.0,1.0,1.0,0.0
GPR12,0.4532895791047315,0.9609844349677741,0.0,1.0,0.0
GPR132,0.5727949863298666,1.0,1.0,1.0,0.0
GPR137,0.5013387084764137,0.5982148354684609,0.0,1.0,0.0
GPR137B,0.5681138685707178,1.0,1.0,1.0,0.0
GPR137C,0.32774154147303064,1.0,1.0,1.0,0.0
GPR139,0.5086337615065138,0.8166270692840703,0.0,0.33333333333333326,0.0
GPR141,0.46318860056380373,0.4842519086266605,0.0,0.33333333333333326,0.0
GPR142,0.47516261306575913,0.1619936591636382,0.0,0.33333333333333326,0.0
GPR143,0.5305927630213023,0.3711176367342401,0.0,0.33333333333333326,0.0
GPR146,0.6324690540420025,1.0,1.0,1.0,0.0
GPR148,0.4675881924333807,0.5389789221748198,0.0,1.0,0.0
GPR15,0.5954942204065362,0.24887658790763983,0.0,0.33333333333333326,0.0
GPR152,0.5027939044419856,1.0,0.0,1.0,0.0
GPR155,0.3385213635783286,1.0,0.0,1.0,0.0
GPR156,0.4017513291079173,0.23910238981627402,0.0,0.33333333333333326,0.0
GPR157,0.5519154052406423,1.0,0.0,0.33333333333333326,0.0
GPR158,0.20152538199654094,1.0,1.0,1.0,0.0
GPR15LG,0.5303217341425642,0.12839146816535107,1.0,0.33333333333333326,0.0
GPR162,0.39955285202303237,0.21828936329792087,0.0,1.0,0.0
GPR17,0.5032679307724222,0.04829782820460053,1.0,0.33333333333333326,0.0
GPR171,0.4269363500500454,0.48635850660308133,0.0,0.33333333333333326,0.0
GPR174,0.4626790440981317,0.15932694608886935,0.0,0.33333333333333326,0.0
GPR176,0.30395958366455583,1.0,1.0,1.0,0.0
GPR179,0.46772796698927116,0.41718522071653147,0.0,0.33333333333333326,0.0
GPR18,0.5475303913461983,0.06755234728252053,0.0,0.33333333333333326,0.0
GPR183,0.6490679157830973,1.0,1.0,1.0,0.0
GPR19,0.5084799137341403,0.7508284692161366,0.0,0.33333333333333326,0.0
GPR21,0.3622031578218753,1.0,1.0,1.0,0.0
GPR22,0.3319649360701449,1.0,0.0,0.33333333333333326,0.0
GPR25,0.5171342592068285,0.15630487129190695,1.0,0.33333333333333326,0.0
GPR26,0.2641785958884935,1.0,1.0,1.0,0.0
GPR27,0.4462742234958417,1.0,0.0,0.33333333333333326,0.0
GPR32,0.45225875307819385,0.8777437134292494,0.0,1.0,0.0
GPR34,0.6121820608616031,1.0,0.0,1.0,0.0
GPR35,0.5158997386036719,1.0,0.0,1.0,0.0
GPR37L1,0.540609401307716,1.0,0.0,1.0,0.0
GPR39,0.45519136668508314,0.6654966175535888,0.0,1.0,0.0
GPR4,0.8241425942767036,1.0,1.0,1.0,0.0
GPR42,0.5151736721766699,0.9299496205095668,0.0,1.0,0.0
GPR45,0.45602740129211045,0.9967233894168656,0.0,0.33333333333333326,0.0
GPR50,0.5378445433252212,0.8400279796351126,1.0,0.33333333333333326,0.0
GPR52,0.45000030211486786,0.9944927181564144,0.0,1.0,0.0
GPR55,0.46152213794951763,0.44612555186339886,0.0,0.33333333333333326,0.0
GPR6,0.46519629504106763,0.13527106564090913,0.0,0.33333333333333326,0.0
GPR61,0.32450652334703894,1.0,1.0,1.0,0.0
GPR62,0.528927385725761,0.254863180899448,0.0,1.0,0.0
GPR63,0.569670921761162,0.7180975971504915,1.0,0.33333333333333326,0.0
GPR65,0.6448362799336612,1.0,1.0,1.0,0.0
GPR68,0.5076185777184723,1.0,0.0,0.33333333333333326,0.0
GPR78,0.5604879413830606,0.10490271157812249,0.0,0.33333333333333326,0.0
GPR84,0.5214949750480176,1.0,0.0,1.0,0.0
GPR85,0.37473015838771784,1.0,0.0,1.0,0.0
GPR88,0.412501353667229,1.0,0.0,1.0,0.0
GPRASP1,0.24832717813090607,1.0,1.0,1.0,0.0
GPRASP2,0.33095658907899517,1.0,0.0,1.0,0.0
GPRASP3,0.38635657332166207,1.0,0.0,1.0,0.0
GPRC5A,0.6528430270842907,1.0,0.0,0.33333333333333326,0.0
GPRC5B,0.600957606314338,1.0,1.0,1.0,0.0
GPRC5C,0.6080135549980847,1.0,0.0,1.0,0.0
GPRC6A,0.4270588616451634,0.48149177033984714,1.0,1.0,0.0
GPS1,0.43438881404462976,0.5390311821266031,1.0,1.0,0.0
GPS2,0.5497306968593773,1.0,1.0,1.0,0.0
GPSM1,0.3696886912098703,0.5482032099279017,1.0,0.33333333333333326,0.0
GPSM3,0.68885451955299,1.0,0.0,0.33333333333333326,0.0
GPT,0.5981002736548229,0.5478748194804541,1.0,1.0,0.0
GPT2,0.6071748532158183,1.0,0.0,1.0,0.0
GPX1,0.5631179073467112,0.9296563320538992,1.0,1.0,0.0
GPX2,0.5551990444870858,0.050008724067888394,0.0,0.33333333333333326,0.0
GPX4,0.43723946884946036,1.0,0.0,1.0,0.0
GPX5,0.5054766274058552,0.871977606241911,0.0,1.0,0.0
GPX6,0.5822724861495434,0.29542990329084773,0.0,0.33333333333333326,0.0
GRAMD1A,0.521902805003672,1.0,0.0,1.0,0.0
GRAMD1B,0.3285940976862367,1.0,1.0,1.0,0.0
GRAMD1C,0.630069665364483,1.0,1.0,0.33333333333333326,0.0
GRAMD2A,0.5358414170038365,1.0,0.0,1.0,0.0
GRAMD2B,0.6893403875519863,1.0,1.0,1.0,0.0
GRAMD4,0.4356980421386229,1.0,0.0,1.0,0.0
GRB14,0.43594911064890834,0.8636531285635544,0.0,1.0,0.0
GRB2,0.4001197111490134,1.0,1.0,1.0,0.0
GRB7,0.4161476387613232,0.003549911169716141,0.0,1.0,0.0
GREB1,0.5412103033987098,1.0,0.0,0.33333333333333326,0.0
GREM1,0.42453247567919616,0.32868259655294285,0.0,0.33333333333333326,0.0
GREM2,0.34113496298110085,1.0,0.0,1.0,0.0
GRHL1,0.3256506598363588,1.0,1.0,1.0,0.0
GRHL2,0.45444512250762326,0.3522756591342521,0.0,0.33333333333333326,0.0
GRIA1,0.2791413501846898,1.0,1.0,1.0,0.0
GRIA2,0.25753893441043935,1.0,1.0,1.0,0.0
GRIA3,0.34283564515388865,0.8287112368314302,1.0,1.0,0.0
GRIA4,0.3999164439457605,1.0,1.0,1.0,0.0
GRIK1,0.31184706917795785,1.0,1.0,1.0,0.0
GRIK2,0.3530131446633887,1.0,1.0,1.0,0.0
GRIK3,0.4700629871991589,1.0,1.0,0.33333333333333326,0.0
GRIK5,0.5150631742590779,0.42186312588154096,0.0,0.33333333333333326,0.0
GRIN1,0.5381557462766785,0.6140634040895979,0.0,0.33333333333333326,0.0
GRIN2A,0.21016988857934576,1.0,1.0,1.0,0.0
GRIN2C,0.5506041210701078,0.860084609659921,0.0,0.33333333333333326,0.0
GRIN2D,0.578858636148706,1.0,1.0,1.0,0.0
GRIN3A,0.42912020407449397,1.0,1.0,0.33333333333333326,0.0
GRINA,0.4208435231576986,0.7190268758820351,1.0,1.0,0.0
GRIP1,0.516511035903858,0.4687453560178533,0.0,0.33333333333333326,0.0
GRIP2,0.3359115352219681,1.0,1.0,1.0,0.0
GRIPAP1,0.3841267079894319,1.0,1.0,1.0,0.0
GRK2,0.5139099627785212,0.21109301685829776,0.0,0.33333333333333326,0.0
GRK3,0.42143635539442764,0.5425623490289347,0.0,0.33333333333333326,0.0
GRK5,0.44657903710715713,0.5841033690086753,0.0,1.0,0.0
GRK6,0.47456792544227305,0.05437585787473041,0.0,0.33333333333333326,0.0
GRK7,0.502645631054398,0.07603788076297395,0.0,0.33333333333333326,0.0
GRM1,0.3405339747975161,1.0,0.0,1.0,0.0
GRM2,0.39260215327105163,1.0,1.0,1.0,0.0
GRM3,0.38119111527760563,1.0,0.0,1.0,0.0
GRM4,0.4281301356248325,0.1671546254012834,0.0,0.33333333333333326,0.0
GRM5,0.42779139289259227,1.0,0.0,0.33333333333333326,0.0
GRM7,0.39904117993873006,1.0,0.0,1.0,0.0
GRM8,0.36702874593302565,1.0,0.0,0.33333333333333326,0.0
GRN,0.534616421791127,1.0,0.0,1.0,0.0
GRP,0.4365638048696701,0.7851683276031441,0.0,0.33333333333333326,0.0
GRPEL1,0.3914808394940344,1.0,1.0,1.0,0.0
GRPEL2,0.4102199849973191,1.0,1.0,1.0,0.0
GRSF1,0.4172487875572422,1.0,0.0,1.0,0.0
GRTP1,0.3984752315012087,1.0,1.0,0.33333333333333326,0.0
GRWD1,0.49996046345709116,0.2615932510468955,0.0,1.0,0.0
GSDMA,0.49710643923185815,0.9394891066193733,1.0,0.33333333333333326,0.0
GSDMB,0.5236850124033657,1.0,1.0,0.33333333333333326,0.0
GSDMC,0.46354781729523575,1.0,0.0,0.33333333333333326,0.0
GSDMD,0.6430920620700661,1.0,1.0,1.0,0.0
GSDME,0.368773102556267,1.0,1.0,1.0,0.0
GSE1,0.3866281333333751,1.0,1.0,1.0,0.0
GSK3A,0.2064719301959641,0.7625986456875926,0.0,1.0,0.0
GSKIP,0.32879700711023413,1.0,0.0,0.33333333333333326,0.0
GSN,0.6459731983498108,1.0,1.0,1.0,0.0
GSPT1,0.4998911033799445,0.34751185960074193,0.0,0.33333333333333326,0.0
GSPT2,0.4203493008942177,1.0,0.0,1.0,0.0
GSR,0.43071612342412474,1.0,0.0,0.33333333333333326,0.0
GSS,0.3960045537451373,1.0,0.0,1.0,0.0
GSTA1,0.40147843888609674,0.624674724274697,0.0,1.0,0.0
GSTA4,0.37314862503578694,1.0,1.0,1.0,0.0
GSTA5,0.5254824249989846,0.03487093212686726,1.0,1.0,0.0
GSTK1,0.5134046615365906,1.0,0.0,0.33333333333333326,0.0
GSTM2,0.5283328422974857,0.8920504120884336,0.0,1.0,0.0
GSTM3,0.5714131442574154,0.15145281336279318,1.0,1.0,0.0
GSTM4,0.5104756699564487,0.5624494672773809,0.0,0.33333333333333326,0.0
GSTO1,0.4054881911229762,1.0,1.0,1.0,0.0
GSTP1,0.5652633436058029,1.0,0.0,0.33333333333333326,0.0
GSTZ1,0.26687006931756363,1.0,1.0,1.0,0.0
GSX2,0.502136200012082,0.47770503222315697,0.0,1.0,0.0
GTF2A2,0.43730376830850676,1.0,0.0,1.0,0.0
GTF2B,0.44525190533139053,1.0,0.0,0.33333333333333326,0.0
GTF2E2,0.4987292735773794,0.1319070506799606,0.0,0.33333333333333326,0.0
GTF2F1,0.5376569773257286,0.3039382330685581,1.0,1.0,0.0
GTF2H1,0.4570445483540695,0.8847082631060726,0.0,0.33333333333333326,0.0
GTF2H2,0.5539696838103624,0.3159372361992416,1.0,1.0,0.0
GTF2H3,0.35365281388899633,1.0,0.0,1.0,0.0
GTF2H4,0.4502883646981088,0.39969014302475114,0.0,0.33333333333333326,0.0
GTF2H5,0.44909463391691873,1.0,1.0,0.33333333333333326,0.0
GTF2I,0.49862674846209143,1.0,1.0,0.33333333333333326,0.0
GTF2IRD1,0.5723925191572077,1.0,1.0,1.0,0.0
GTF3C1,0.5907436153323927,1.0,1.0,1.0,0.0
GTF3C2,0.5034856424520533,0.6578343521779534,0.0,0.33333333333333326,0.0
GTF3C3,0.47060487020208586,0.2293484291820706,0.0,1.0,0.0
GTF3C4,0.30112085595521026,1.0,1.0,1.0,0.0
GTF3C5,0.5641701543299591,1.0,1.0,1.0,0.0
GTF3C6,0.5100684282595669,0.8581150315102714,0.0,1.0,0.0
GTPBP1,0.574988613865975,0.6813561919824502,0.0,1.0,0.0
GTPBP2,0.559416611927923,1.0,1.0,0.33333333333333326,0.0
GTPBP4,0.44038877974024754,1.0,0.0,1.0,0.0
GTPBP6,0.5501262369200771,0.3293868423879209,1.0,1.0,0.0
GTPBP8,0.384344426280206,1.0,1.0,1.0,0.0
GTSE1,0.5510933305991403,0.08643320370904159,0.0,1.0,0.0
GTSF1,0.4064751482006194,0.2632796835746928,0.0,0.33333333333333326,0.0
GTSF1L,0.5498580268195503,0.3629957545440163,1.0,1.0,0.0
GUCA1A,0.434776138482938,0.9911139089520338,0.0,0.33333333333333326,0.0
GUCA1C,0.375642167732915,1.0,0.0,0.33333333333333326,0.0
GUCA2A,0.4819523432384781,1.0,1.0,0.33333333333333326,0.0
GUCA2B,0.4612950692117411,0.3136660673093258,0.0,1.0,0.0
GUCD1,0.5934516449108226,1.0,1.0,1.0,0.0
GUCY1A1,0.4286578816532848,1.0,0.0,0.33333333333333326,0.0
GUCY1A2,0.4548845245573993,1.0,0.0,1.0,0.0
GUCY1B1,0.24417687834203153,1.0,1.0,1.0,0.0
GUCY2C,0.5144332452895067,1.0,1.0,0.33333333333333326,0.0
GUCY2D,0.468807053670304,0.53584927328169,0.0,0.33333333333333326,0.0
GUF1,0.3576464027963671,1.0,1.0,1.0,0.0
GUK1,0.441671856676426,1.0,0.0,1.0,0.0
GULP1,0.36066287000355757,1.0,0.0,1.0,0.0
GUSB,0.5495567944393166,1.0,0.0,1.0,0.0
GXYLT1,0.5194219346216801,1.0,0.0,1.0,0.0
GYG1,0.5049162502784008,0.270261770281806,0.0,1.0,0.0
GYG2,0.5521952010591312,1.0,0.0,1.0,0.0
GYPA,0.5124918338663488,0.19777221083667657,0.0,0.33333333333333326,0.0
GYPB,0.4370314226317553,1.0,0.0,0.33333333333333326,0.0
GYPC,0.7002880360292031,1.0,0.0,0.33333333333333326,0.0
GYPE,0.3586927377115007,1.0,1.0,1.0,0.0
GYS1,0.5279859249911004,1.0,0.0,1.0,0.0
GZF1,0.4502568893196114,1.0,0.0,0.33333333333333326,0.0
GZMA,0.5915225340462276,0.22048491352418761,0.0,0.33333333333333326,0.0
GZMK,0.5550149127416082,0.7695734784969566,1.0,1.0,0.0
GZMM,0.44208029227319434,0.9624170481304339,0.0,0.33333333333333326,0.0
H1-0,0.531820250035249,0.3089076788284674,0.0,0.33333333333333326,0.0
H1-10,0.5733914715579123,0.615958730617522,1.0,1.0,0.0
H1-2,0.6892619615730682,1.0,0.0,0.33333333333333326,0.0
H1-3,0.4348819682510172,0.1892648922810718,0.0,0.33333333333333326,0.0
H1-6,0.5217503050559468,1.0,0.0,1.0,0.0
H1-7,0.5417242949469437,0.11028359307064028,0.0,0.33333333333333326,0.0
H1-8,0.4683062557208363,0.8646101032309816,0.0,0.33333333333333326,0.0
H2AB3,0.5011744405883588,0.9006509899057169,0.0,0.33333333333333326,0.0
H2AC11,0.5064537383993932,0.059930510750345084,0.0,1.0,0.0
H2AC15,0.5149888130877918,1.0,0.0,1.0,0.0
H2AC17,0.4414639353651091,0.14529404369585566,1.0,0.33333333333333326,0.0
H2AC18,0.5079054456091848,1.0,1.0,0.33333333333333326,0.0
H2AC21,0.5135161750734094,1.0,0.0,1.0,0.0
H2AC25,0.4313802882924317,1.0,0.0,0.33333333333333326,0.0
H2AC6,0.6203259565104516,1.0,0.0,0.33333333333333326,0.0
H2AC7,0.5797786518574094,1.0,1.0,1.0,0.0
H2AC8,0.4254257219463564,1.0,1.0,0.33333333333333326,0.0
H2AJ,0.5812706624031821,1.0,0.0,1.0,0.0
H2AX,0.5459075810028252,1.0,0.0,1.0,0.0
H2AZ1,0.425072152082997,1.0,0.0,1.0,0.0
H2AZ2,0.5633600218348879,1.0,1.0,1.0,0.0
H2BC1,0.5062034842095107,0.29060783845841415,0.0,1.0,0.0
H2BC10,0.5187320862390324,1.0,0.0,1.0,0.0
H2BC12,0.39267206017417294,0.8804398249381593,1.0,0.33333333333333326,0.0
H2BC13,0.5556966943026971,0.3407365510875759,0.0,1.0,0.0
H2BC14,0.5677294171611444,1.0,0.0,1.0,0.0
H2BC15,0.5593524790944968,1.0,0.0,1.0,0.0
H2BC17,0.4905781673720868,1.0,1.0,0.33333333333333326,0.0
H2BC21,0.6349135420060543,1.0,0.0,1.0,0.0
H2BC26,0.644995359254705,1.0,1.0,1.0,0.0
H2BC4,0.5190842730267807,0.6697005188943411,0.0,1.0,0.0
H2BC5,0.673994218219488,1.0,0.0,0.33333333333333326,0.0
H2BC6,0.562806555136297,1.0,0.0,0.33333333333333326,0.0
H2BC7,0.5096502120670812,0.7641289097400571,0.0,0.33333333333333326,0.0
H2BC8,0.54115000507666,0.49588050772975134,0.0,0.33333333333333326,0.0
H2BW1,0.5367054120513786,1.0,0.0,0.33333333333333326,0.0
H3-3A,0.5036375813225885,1.0,1.0,0.33333333333333326,0.0
H3-4,0.5202427654912686,1.0,0.0,1.0,0.0
H3C1,0.5184187152187457,0.34650949130118425,1.0,0.33333333333333326,0.0
H3C10,0.5072646722377332,0.5342046894144392,0.0,1.0,0.0
H3C11,0.3547010646130991,0.1988710169741089,0.0,0.33333333333333326,0.0
H3C12,0.5464594708071244,1.0,1.0,1.0,0.0
H3C2,0.5068627187739427,0.16519973541903576,1.0,0.33333333333333326,0.0
H3C4,0.621784907373265,1.0,0.0,1.0,0.0
H3C6,0.5619317377658174,1.0,1.0,1.0,0.0
H3C7,0.5202293985759119,1.0,0.0,0.33333333333333326,0.0
H3C8,0.5216089357490329,1.0,0.0,1.0,0.0
H4C11,0.5041509227568894,0.529925777855565,0.0,0.33333333333333326,0.0
H4C14,0.513406539595373,1.0,0.0,1.0,0.0
H4C4,0.46007293026828305,0.6099307014137879,1.0,0.33333333333333326,0.0
H4C5,0.38147619984554415,0.5532428157760576,0.0,0.33333333333333326,0.0
H4C6,0.4480522328751436,0.720709010201802,1.0,0.33333333333333326,0.0
H4C7,0.5251919391472005,0.9796793079269736,1.0,0.33333333333333326,0.0
H4C8,0.47810958417459576,1.0,1.0,0.33333333333333326,0.0
HAAO,0.5435953252908995,0.0045935082712979655,0.0,0.33333333333333326,0.0
HABP2,0.5461403137898649,0.865163954877638,1.0,0.33333333333333326,0.0
HABP4,0.37123330124301884,1.0,1.0,1.0,0.0
HACD1,0.4474473456089491,0.6686667055388926,0.0,0.33333333333333326,0.0
HACD2,0.5179868328147331,1.0,0.0,0.33333333333333326,0.0
HACD3,0.34982312604472426,1.0,0.0,1.0,0.0
HACD4,0.5277001923747027,1.0,1.0,0.33333333333333326,0.0
HACE1,0.38925514794669486,1.0,0.0,0.33333333333333326,0.0
HACL1,0.3148915044476048,1.0,1.0,1.0,0.0
HADH,0.5764558044730123,1.0,1.0,1.0,0.0
HADHA,0.6047755603307094,1.0,1.0,1.0,0.0
HADHB,0.6009338043784193,1.0,1.0,1.0,0.0
HAGH,0.382426038286399,1.0,1.0,1.0,0.0
HAGHL,0.4496820906778176,1.0,0.0,0.33333333333333326,0.0
HAL,0.46885241200437255,0.5744477396550615,1.0,0.33333333333333326,0.0
HAMP,0.683207827472317,1.0,0.0,1.0,0.0
HAO1,0.37498064271534903,0.1972489848230539,0.0,1.0,0.0
HAP1,0.6285746956426007,1.0,0.0,1.0,0.0
HAPLN1,0.3621936148507688,1.0,0.0,0.33333333333333326,0.0
HAPLN2,0.45266724435272,1.0,1.0,0.33333333333333326,0.0
HAPLN3,0.5703120974706395,1.0,0.0,0.33333333333333326,0.0
HAPLN4,0.4332404492070702,1.0,0.0,1.0,0.0
HAPSTR1,0.5093755363972201,0.662356785841482,0.0,1.0,0.0
HARBI1,0.5388251940114717,0.6624221432531746,0.0,0.33333333333333326,0.0
HARS1,0.415387738048832,1.0,1.0,1.0,0.0
HARS2,0.4593534226939933,1.0,1.0,0.33333333333333326,0.0
HAS1,0.44729999513213725,1.0,1.0,0.33333333333333326,0.0
HAT1,0.5724817531268124,0.719465961906212,1.0,1.0,0.0
HAUS1,0.5152360008170205,0.6029529569278481,0.0,0.33333333333333326,0.0
HAUS2,0.4150406545718695,0.9491145612194019,1.0,1.0,0.0
HAUS3,0.5050958380699093,0.2729073853046294,0.0,1.0,0.0
HAUS4,0.5806072055773762,1.0,0.0,1.0,0.0
HAUS5,0.5434622235804916,1.0,0.0,0.33333333333333326,0.0
HAUS6,0.45921518294203656,0.6832648031932163,0.0,1.0,0.0
HAUS7,0.5280108017985872,1.0,0.0,0.33333333333333326,0.0
HAUS8,0.5465590671189822,1.0,0.0,0.33333333333333326,0.0
HAVCR1,0.5174224771150484,0.047152431029875264,0.0,1.0,0.0
HAVCR2,0.6332313068931528,1.0,1.0,1.0,0.0
HAX1,0.44629404063165684,0.6636613780977918,1.0,1.0,0.0
HBE1,0.4517726230581508,0.882890736492846,0.0,1.0,0.0
HBEGF,0.5281285734306315,0.9341355715638384,0.0,0.33333333333333326,0.0
HBG2,0.35322315753376865,1.0,0.0,1.0,0.0
HBP1,0.6173203515654743,1.0,1.0,1.0,0.0
HBQ1,0.30833255639208396,1.0,1.0,1.0,0.0
HBS1L,0.371555915230776,1.0,0.0,0.33333333333333326,0.0
HBZ,0.4548797294429417,1.0,0.0,0.33333333333333326,0.0
HCAR1,0.5126193175892882,0.889813961276346,0.0,1.0,0.0
HCAR2,0.530130395645808,0.6751322274795829,0.0,0.33333333333333326,0.0
HCAR3,0.4857530377721902,1.0,1.0,0.33333333333333326,0.0
HCCS,0.3812625286915783,1.0,1.0,1.0,0.0
HCFC1,0.46734683031554636,0.22139709628587625,1.0,0.33333333333333326,0.0
HCFC1R1,0.43572120718841695,0.31502043688987735,1.0,1.0,0.0
HCK,0.7097742858405599,1.0,1.0,1.0,0.0
HCLS1,0.7008224338258403,1.0,1.0,1.0,0.0
HCN1,0.40519329250630454,1.0,1.0,0.33333333333333326,0.0
HCN3,0.5183652019625805,0.71346674191298,0.0,0.33333333333333326,0.0
HCRT,0.5974396550026823,0.32545776961920997,0.0,1.0,0.0
HCRTR1,0.4700853234161777,0.7259842182832174,0.0,0.33333333333333326,0.0
HCRTR2,0.46923352960799936,1.0,1.0,0.33333333333333326,0.0
HCST,0.5201275024100939,0.8626336562200134,0.0,0.33333333333333326,0.0
HDAC1,0.5878047930446079,1.0,1.0,1.0,0.0
HDAC11,0.4478527598686804,0.8252279597696909,0.0,1.0,0.0
HDAC3,0.4623231517979648,1.0,0.0,1.0,0.0
HDAC4,0.569464187347829,1.0,1.0,1.0,0.0
HDAC6,0.4713990420670476,1.0,1.0,0.33333333333333326,0.0
HDAC7,0.4675046884320616,1.0,1.0,0.33333333333333326,0.0
HDAC8,0.531092207152864,1.0,0.0,1.0,0.0
HDC,0.4593859800379747,0.5849787310197656,0.0,0.33333333333333326,0.0
HDDC2,0.5227861757376626,1.0,0.0,0.33333333333333326,0.0
HDDC3,0.4432737490196819,1.0,0.0,0.33333333333333326,0.0
HDGF,0.5864272353901284,1.0,1.0,1.0,0.0
HDGFL3,0.3903380443310427,1.0,0.0,0.33333333333333326,0.0
HDHD2,0.3766229987649362,1.0,1.0,1.0,0.0
HDHD3,0.539237674031054,1.0,1.0,1.0,0.0
HDLBP,0.4047727640815272,0.43344687593392345,1.0,0.33333333333333326,0.0
HDX,0.37026252958782163,1.0,1.0,1.0,0.0
HEATR1,0.513385142313657,0.8239857407262126,0.0,0.33333333333333326,0.0
HEATR5B,0.499045286926812,1.0,1.0,0.33333333333333326,0.0
HEATR6,0.45888143558161393,0.9789516027464734,0.0,1.0,0.0
HEBP1,0.5284223504936478,1.0,0.0,1.0,0.0
HEBP2,0.6278681480336654,1.0,1.0,1.0,0.0
HECTD2,0.43219997663161686,1.0,1.0,1.0,0.0
HECTD3,0.5273829551541356,0.7301711963805925,0.0,1.0,0.0
HECW1,0.31438129633227957,1.0,1.0,1.0,0.0
HECW2,0.3286473371519521,1.0,0.0,0.33333333333333326,0.0
HEG1,0.5496447644760752,1.0,0.0,1.0,0.0
HELB,0.5682786280657436,0.7088005002288744,0.0,1.0,0.0
HELQ,0.4964873160809793,0.2998119332550703,0.0,1.0,0.0
HELZ,0.5563762652700127,0.4532569697838103,1.0,1.0,0.0
HELZ2,0.6209907310940987,1.0,0.0,1.0,0.0
HEMGN,0.43005304876724126,0.7303094363043531,0.0,0.33333333333333326,0.0
HEMK1,0.5432076654110621,0.09258237891464809,0.0,1.0,0.0
HEMK2,0.4760520350125093,1.0,1.0,0.33333333333333326,0.0
HENMT1,0.4477206117049157,1.0,0.0,1.0,0.0
HEPH,0.7454785356641941,1.0,1.0,1.0,0.0
HEPHL1,0.45772292620108124,0.6180646090414398,0.0,0.33333333333333326,0.0
HERC1,0.4435353566901353,1.0,0.0,1.0,0.0
HERC2,0.48898679099239917,0.6673647062034206,0.0,0.33333333333333326,0.0
HERC4,0.5153619551501416,1.0,0.0,0.33333333333333326,0.0
HERC5,0.6045538420859152,1.0,1.0,1.0,0.0
HERC6,0.5176789890167395,0.21676639515048549,0.0,0.33333333333333326,0.0
HERPUD1,0.5427040122668586,1.0,0.0,1.0,0.0
HERPUD2,0.49945085392629945,0.42046237937202496,0.0,1.0,0.0
HES1,0.5897969673734079,1.0,0.0,1.0,0.0
HES4,0.44333097983358044,0.834166429313636,0.0,1.0,0.0
HES5,0.3921059113194697,0.785951094392352,0.0,0.33333333333333326,0.0
HES7,0.4742168260465933,0.4823450013859488,1.0,0.33333333333333326,0.0
HESX1,0.49528514265383455,0.6787994438298743,1.0,0.33333333333333326,0.0
HEXA,0.574339461191971,0.2211940339637323,1.0,1.0,0.0
HEXB,0.45910996709186286,0.2988211586573189,0.0,1.0,0.0
HEXD,0.5726283165646905,1.0,0.0,0.33333333333333326,0.0
HEXIM1,0.5056639241191262,0.2699306048573933,0.0,1.0,0.0
HEXIM2,0.4559433810606386,0.9633933764592061,0.0,1.0,0.0
HEY1,0.3784303326679645,1.0,1.0,1.0,0.0
HEY2,0.6340414965765642,0.36134183378070245,0.0,1.0,0.0
HEYL,0.742393841981247,1.0,1.0,1.0,0.0
HFE,0.2897102900057119,1.0,0.0,0.33333333333333326,0.0
HGD,0.37284478900509976,1.0,1.0,1.0,0.0
HGF,0.5414903629330762,1.0,1.0,0.33333333333333326,0.0
HGFAC,0.49279397747029036,0.5458957819774569,0.0,0.33333333333333326,0.0
HGH1,0.5624530710534726,0.6740021442467357,1.0,1.0,0.0
HGS,0.41484253477287547,0.4067899167950931,0.0,0.33333333333333326,0.0
HGSNAT,0.4066829350284277,1.0,1.0,1.0,0.0
HHAT,0.5818949356872416,1.0,1.0,0.33333333333333326,0.0
HHEX,0.6453564370597973,1.0,1.0,1.0,0.0
HHIPL1,0.3705082501507772,0.6775888800757238,0.0,0.33333333333333326,0.0
HHLA2,0.44695635847665544,0.22465339933945389,0.0,0.33333333333333326,0.0
HIC2,0.5158069976937919,0.8482063134455197,0.0,1.0,0.0
HID1,0.5301844663609522,1.0,0.0,1.0,0.0
HIF1A,0.5737566276982542,1.0,0.0,0.33333333333333326,0.0
HIF3A,0.5238767746476355,1.0,1.0,0.33333333333333326,0.0
HIGD1A,0.37773141160592566,1.0,1.0,1.0,0.0
HIGD1B,0.8150203540215213,1.0,1.0,1.0,0.0
HIGD2A,0.5293304866467712,0.9169300159871074,0.0,0.33333333333333326,0.0
HIGD2B,0.5577190527332235,0.2221856217963503,0.0,1.0,0.0
HIKESHI,0.41771646119069866,1.0,1.0,1.0,0.0
HILPDA,0.7361660458232755,1.0,0.0,1.0,0.0
HINFP,0.4981498158693795,0.3997427007725528,1.0,0.33333333333333326,0.0
HINT1,0.3705547542623667,1.0,0.0,1.0,0.0
HINT3,0.4377848034764939,1.0,0.0,0.33333333333333326,0.0
HIP1,0.6293240858261716,1.0,1.0,1.0,0.0
HIP1R,0.6337988045823794,1.0,1.0,1.0,0.0
HIPK1,0.510768212878233,0.7322688346400064,0.0,1.0,0.0
HIPK2,0.5802545029240568,1.0,0.0,0.33333333333333326,0.0
HIPK3,0.5419017602910103,1.0,0.0,1.0,0.0
HIPK4,0.5070530127118936,1.0,0.0,1.0,0.0
HIRA,0.40580255464789583,1.0,1.0,1.0,0.0
HIVEP1,0.4786271092586464,1.0,1.0,0.33333333333333326,0.0
HIVEP2,0.2914071446047148,1.0,1.0,1.0,0.0
HIVEP3,0.3882496501371748,0.180333489118726,0.0,0.33333333333333326,0.0
HK1,0.4102781195517561,1.0,1.0,1.0,0.0
HK2,0.540291783546483,1.0,0.0,0.33333333333333326,0.0
HK3,0.5650218763596452,1.0,0.0,1.0,0.0
HKDC1,0.4638939653324264,0.3188897565009328,0.0,1.0,0.0
HLA-A,0.5264079770088123,1.0,0.0,0.33333333333333326,0.0
HLA-B,0.5946554801538546,1.0,0.0,1.0,0.0
HLA-C,0.5276761797511151,1.0,1.0,0.33333333333333326,0.0
HLA-DMB,0.6880853919049398,1.0,0.0,1.0,0.0
HLA-DOB,0.5117053608300526,0.7431637370725606,0.0,1.0,0.0
HLA-DPA1,0.7142110153344926,1.0,1.0,1.0,0.0
HLA-DPB1,0.5318798079815946,1.0,0.0,1.0,0.0
HLA-DQA2,0.5475601009588785,0.5237778785818348,1.0,1.0,0.0
HLA-DQB1,0.5985120607480819,0.36146300549174715,1.0,1.0,0.0
HLA-DQB2,0.5090705970403008,1.0,0.0,1.0,0.0
HLA-DRA,0.7727808308916463,1.0,1.0,1.0,0.0
HLA-DRB1,0.6621724410414184,1.0,0.0,1.0,0.0
HLA-DRB3,0.6671156058955698,1.0,0.0,1.0,0.0
HLA-DRB4,0.6280326848464907,1.0,0.0,1.0,0.0
HLA-E,0.594433737079413,1.0,1.0,1.0,0.0
HLA-F,0.5374673811616412,1.0,0.0,1.0,0.0
HLA-G,0.5526546146938994,0.4949154344170283,0.0,0.33333333333333326,0.0
HLCS,0.4683356196337126,0.9650234909117285,0.0,1.0,0.0
HLF,0.3566737923328274,1.0,0.0,1.0,0.0
HLTF,0.4120200527455036,1.0,1.0,1.0,0.0
HLX,0.6344287736915846,1.0,1.0,1.0,0.0
HM13,0.5056790280403272,0.4007631001985427,0.0,0.33333333333333326,0.0
HMBOX1,0.6415676540676393,1.0,1.0,1.0,0.0
HMBS,0.45647973622151666,0.5607823660122802,0.0,1.0,0.0
HMCES,0.4292644164026676,1.0,0.0,1.0,0.0
HMCN1,0.5511991810807313,0.3565387455239764,0.0,0.33333333333333326,0.0
HMCN2,0.4696020679577699,0.09303226265154384,0.0,1.0,0.0
HMG20A,0.45449714521698864,1.0,0.0,1.0,0.0
HMG20B,0.49098779025400896,1.0,1.0,0.33333333333333326,0.0
HMGA1,0.3623985443677849,0.21264471112856395,0.0,1.0,0.0
HMGB2,0.545979534213251,0.8558472640474957,0.0,0.33333333333333326,0.0
HMGB3,0.4447784854192019,1.0,0.0,0.33333333333333326,0.0
HMGCLL1,0.31549267488124516,1.0,1.0,1.0,0.0
HMGCR,0.364666485653536,1.0,1.0,1.0,0.0
HMGCS1,0.3201161630960132,1.0,1.0,1.0,0.0
HMGCS2,0.5546834856974682,0.3700642043063997,1.0,0.33333333333333326,0.0
HMGN2,0.3884274582857749,1.0,1.0,1.0,0.0
HMGN3,0.539226246232804,1.0,0.0,1.0,0.0
HMGN4,0.37818753120475157,1.0,1.0,1.0,0.0
HMGN5,0.6224008335772683,1.0,1.0,1.0,0.0
HMGXB3,0.5010431454766145,0.18241794408550918,0.0,1.0,0.0
HMGXB4,0.49787305141384475,0.22016817607295133,0.0,1.0,0.0
HMMR,0.45050974657298215,0.27185756553053997,0.0,1.0,0.0
HMOX1,0.671514867952088,1.0,0.0,0.33333333333333326,0.0
HMOX2,0.39132872490593984,1.0,0.0,0.33333333333333326,0.0
HMX1,0.5283626908704835,0.04263847472231737,0.0,0.33333333333333326,0.0
HMX2,0.5003620131018967,1.0,0.0,1.0,0.0
HMX3,0.5036798238124159,0.20412166292846817,0.0,1.0,0.0
HNF4A,0.4283560160123473,0.07042081232199514,0.0,0.33333333333333326,0.0
HNF4G,0.5471599879359091,1.0,0.0,1.0,0.0
HNMT,0.5408651277809333,1.0,0.0,1.0,0.0
HNRNPA0,0.39277416203841076,1.0,1.0,1.0,0.0
HNRNPA1,0.42009189182175616,1.0,0.0,0.33333333333333326,0.0
HNRNPA2B1,0.5090920238111605,0.47916368701193374,0.0,1.0,0.0
HNRNPAB,0.5204760949121058,0.8776254952747482,0.0,1.0,0.0
HNRNPC,0.4756302374949313,0.01595453205480434,0.0,1.0,0.0
HNRNPD,0.4010912753983436,1.0,1.0,1.0,0.0
HNRNPDL,0.47107927608020583,0.23465290357060284,0.0,0.33333333333333326,0.0
HNRNPF,0.576941557780322,1.0,0.0,1.0,0.0
HNRNPH1,0.5224359667622547,0.30473192567072016,1.0,1.0,0.0
HNRNPH2,0.4417895999197422,1.0,0.0,1.0,0.0
HNRNPH3,0.5322386351535016,1.0,0.0,1.0,0.0
HNRNPK,0.388274470890718,1.0,1.0,1.0,0.0
HNRNPL,0.5053231013811724,0.061015637715293516,0.0,1.0,0.0
HNRNPM,0.5002043045316914,0.1804419120073467,0.0,1.0,0.0
HNRNPR,0.499524512820848,1.0,0.0,0.33333333333333326,0.0
HNRNPUL2,0.47640943598303215,0.5346560418539895,1.0,0.33333333333333326,0.0
HOGA1,0.5553027735178848,1.0,0.0,1.0,0.0
HOMER1,0.3712730865330997,1.0,0.0,1.0,0.0
HOMER2,0.41477675584050505,1.0,0.0,1.0,0.0
HOMER3,0.5838440154072675,1.0,1.0,1.0,0.0
HOOK1,0.39428916225772564,1.0,1.0,1.0,0.0
HOOK2,0.5525884300774406,0.425198923215012,1.0,1.0,0.0
HOOK3,0.4687582445284632,0.5759146251661896,0.0,0.33333333333333326,0.0
HOPX,0.22871454558458393,1.0,1.0,1.0,0.0
HORMAD1,0.4153586848634299,0.6273661400662229,1.0,1.0,0.0
HOXA13,0.45157573728764183,0.27942021318846516,0.0,1.0,0.0
HOXA2,0.48755526424083057,0.2529755000302212,0.0,0.33333333333333326,0.0
HOXA4,0.4704185320364995,0.2598438084690782,0.0,0.33333333333333326,0.0
HOXA5,0.461677461373022,0.5675910341811927,0.0,0.33333333333333326,0.0
HOXA7,0.5785398724794207,0.18013866247620813,0.0,1.0,0.0
HOXA9,0.5767869270250313,0.5575407837589562,1.0,0.33333333333333326,0.0
HOXB1,0.5622919787592049,0.12560039301256354,0.0,1.0,0.0
HOXB2,0.5897412004907348,1.0,0.0,0.33333333333333326,0.0
HOXB3,0.4255453559916512,0.12014549745931687,1.0,1.0,0.0
HOXB5,0.4016730047745895,0.3319627362238674,1.0,1.0,0.0
HOXB9,0.46580234964842154,0.19050562137072152,0.0,1.0,0.0
HOXC10,0.46098899180422337,0.7376370899953417,0.0,0.33333333333333326,0.0
HOXC11,0.3723064493970802,1.0,1.0,0.33333333333333326,0.0
HOXC12,0.5021608093407566,0.7234081896063658,0.0,1.0,0.0
HOXC5,0.5570101099901135,0.3349503054215377,1.0,0.33333333333333326,0.0
HOXC8,0.5477764746668162,0.3849326121765226,1.0,0.33333333333333326,0.0
HOXC9,0.5743386091187358,0.29651817303746975,0.0,0.33333333333333326,0.0
HOXD1,0.4003529193967993,0.4426928256085002,0.0,0.33333333333333326,0.0
HOXD10,0.5278133973270173,0.9730951447120744,0.0,1.0,0.0
HOXD11,0.45826156187130573,0.31068087831650204,0.0,1.0,0.0
HOXD3,0.4610582232405544,0.7606167668626623,1.0,0.33333333333333326,0.0
HP,0.6330588468705978,1.0,1.0,1.0,0.0
HP1BP3,0.5455505877807982,0.2333490429929529,0.0,1.0,0.0
HPCA,0.3673449099109552,0.7230349681640031,1.0,1.0,0.0
HPCAL1,0.3213932597968481,1.0,1.0,1.0,0.0
HPCAL4,0.3325979392905032,1.0,1.0,1.0,0.0
HPD,0.49422500202662334,0.6239531182615493,0.0,1.0,0.0
HPDL,0.45141700134717744,1.0,0.0,1.0,0.0
HPF1,0.36038645185578544,1.0,0.0,0.33333333333333326,0.0
HPGDS,0.5820852508862333,1.0,1.0,1.0,0.0
HPN,0.5925149898859351,0.40165959093700415,0.0,1.0,0.0
HPR,0.5297584946642946,1.0,1.0,0.33333333333333326,0.0
HPRT1,0.1715870943700452,1.0,1.0,1.0,0.0
HPS1,0.5578625420010475,0.6263192366889043,1.0,1.0,0.0
HPS3,0.5438104564743121,1.0,0.0,1.0,0.0
HPS5,0.49868026050056297,1.0,1.0,0.33333333333333326,0.0
HPS6,0.41762986421326315,1.0,0.0,1.0,0.0
HR,0.4565978919929284,0.3525012006066874,0.0,0.33333333333333326,0.0
HRAS,0.4085068449483957,1.0,0.0,1.0,0.0
HRCT1,0.5736547138560205,1.0,0.0,1.0,0.0
HRG,0.4161346032157297,0.9884453547683377,1.0,1.0,0.0
HRH1,0.40720631356992504,1.0,0.0,0.33333333333333326,0.0
HRH3,0.42667787599108414,0.35160423299802357,0.0,0.33333333333333326,0.0
HRH4,0.5050373711556021,0.19993544999951743,0.0,0.33333333333333326,0.0
HRK,0.37833200199664346,1.0,1.0,1.0,0.0
HS1BP3,0.5793198876616098,1.0,1.0,1.0,0.0
HS2ST1,0.4673265101823944,0.2562898692804509,0.0,0.33333333333333326,0.0
HS3ST1,0.42357163685200605,1.0,0.0,1.0,0.0
HS3ST2,0.3299371274818951,1.0,0.0,1.0,0.0
HS3ST3A1,0.5056274096795345,0.3443598538018981,0.0,0.33333333333333326,0.0
HS3ST3B1,0.46778059931444305,0.6576534302128779,0.0,1.0,0.0
HS3ST4,0.3997767388969882,1.0,0.0,1.0,0.0
HS3ST5,0.42954393641903443,1.0,0.0,1.0,0.0
HS3ST6,0.45647946764350833,0.5255560056574176,0.0,1.0,0.0
HS6ST1,0.5584879372158045,0.45303625016522026,1.0,1.0,0.0
HS6ST3,0.4506981389520221,1.0,0.0,1.0,0.0
HSBP1,0.42650737513654574,1.0,0.0,0.33333333333333326,0.0
HSCB,0.4668074100771919,0.09815026905958334,1.0,0.33333333333333326,0.0
HSD11B1L,0.3619734032592625,1.0,0.0,0.33333333333333326,0.0
HSD11B2,0.766317052234747,1.0,0.0,1.0,0.0
HSD17B1,0.6025952216967105,1.0,1.0,1.0,0.0
HSD17B10,0.5542807149660769,1.0,1.0,1.0,0.0
HSD17B11,0.39920971555677665,0.2203766995965951,1.0,1.0,0.0
HSD17B12,0.46920767594083945,0.45755612361280756,1.0,0.33333333333333326,0.0
HSD17B13,0.5175474785456226,0.1750571000250565,0.0,1.0,0.0
HSD17B14,0.585840578826764,1.0,1.0,1.0,0.0
HSD17B2,0.6027227899122091,0.2774627489499592,0.0,1.0,0.0
HSD17B4,0.537656464341141,1.0,0.0,1.0,0.0
HSD17B7,0.5078017738821322,1.0,1.0,0.33333333333333326,0.0
HSD17B8,0.3835613079422492,1.0,1.0,1.0,0.0
HSD3B1,0.5092507581386644,0.41353812289367564,0.0,1.0,0.0
HSD3B2,0.600652389340819,0.22188542333093728,0.0,1.0,0.0
HSD3B7,0.5755091982720256,1.0,1.0,1.0,0.0
HSDL1,0.4644922499096544,0.5424296924445469,0.0,1.0,0.0
HSDL2,0.5760527407423439,0.19395691587490219,1.0,1.0,0.0
HSF1,0.586981643921333,1.0,1.0,1.0,0.0
HSF2,0.43082782345797793,0.9557584036265859,0.0,0.33333333333333326,0.0
HSF2BP,0.42006174557308595,1.0,0.0,1.0,0.0
HSF4,0.5164167372012254,1.0,0.0,1.0,0.0
HSF5,0.4557664694438013,0.20255110326378709,0.0,1.0,0.0
HSFX1,0.5315219386813768,1.0,0.0,1.0,0.0
HSFY2,0.5077967992170386,0.5370458987196871,0.0,0.33333333333333326,0.0
HSP90AA1,0.44234624167940134,0.21219477159379382,0.0,1.0,0.0
HSP90AB1,0.3868740501799655,1.0,1.0,1.0,0.0
HSP90B1,0.3995159094730648,0.16238518468168625,0.0,1.0,0.0
HSPA13,0.40218220967779406,1.0,1.0,1.0,0.0
HSPA1A,0.7373359355728534,1.0,0.0,1.0,0.0
HSPA1B,0.6616908666907153,1.0,0.0,0.33333333333333326,0.0
HSPA1L,0.5138789738137707,0.35672276330565555,0.0,1.0,0.0
HSPA2,0.6053859751774093,1.0,0.0,1.0,0.0
HSPA6,0.5312870228641137,0.512889723858936,0.0,1.0,0.0
HSPA8,0.3390016830970655,1.0,1.0,1.0,0.0
HSPA9,0.43402658322474524,1.0,0.0,0.33333333333333326,0.0
HSPB1,0.8135236239431204,1.0,0.0,1.0,0.0
HSPB2,0.6588867179404466,1.0,1.0,1.0,0.0
HSPB3,0.21868814477984733,1.0,1.0,1.0,0.0
HSPB6,0.525906373374189,1.0,0.0,1.0,0.0
HSPB7,0.6074002623895441,1.0,1.0,1.0,0.0
HSPB8,0.6233281883757863,1.0,1.0,1.0,0.0
HSPB9,0.5114458580815826,1.0,0.0,0.33333333333333326,0.0
HSPBAP1,0.5273830857813628,1.0,0.0,1.0,0.0
HSPBP1,0.4047722767613903,1.0,0.0,1.0,0.0
HSPE1,0.45570555341744956,0.20399280052814467,1.0,0.33333333333333326,0.0
HSPG2,0.5544852662654902,1.0,1.0,1.0,0.0
HSPH1,0.31648455907899825,0.10160843333093904,0.0,1.0,0.0
HTATSF1,0.449497788525735,1.0,0.0,0.33333333333333326,0.0
HTR1A,0.40922047984418797,1.0,0.0,1.0,0.0
HTR1D,0.5058643452639797,0.06135757483528648,0.0,0.33333333333333326,0.0
HTR1E,0.34678559021742966,0.35185515847024335,0.0,1.0,0.0
HTR1F,0.39109661954088154,1.0,0.0,0.33333333333333326,0.0
HTR2A,0.39122294116140666,1.0,0.0,1.0,0.0
HTR2B,0.4878544221890197,1.0,1.0,0.33333333333333326,0.0
HTR2C,0.31189624740693744,1.0,0.0,0.33333333333333326,0.0
HTR3B,0.3795835522830104,1.0,1.0,1.0,0.0
HTR3D,0.4637647883560777,0.28453654100450504,0.0,1.0,0.0
HTR3E,0.5592827960399306,1.0,1.0,1.0,0.0
HTR4,0.3519012166723439,1.0,1.0,1.0,0.0
HTR5A,0.2785695336683563,1.0,1.0,1.0,0.0
HTR6,0.41149073703344213,1.0,1.0,0.33333333333333326,0.0
HTR7,0.31094950612078903,1.0,1.0,1.0,0.0
HTRA1,0.547633554523642,0.9793454279804784,0.0,1.0,0.0
HTRA2,0.4062073113039877,1.0,1.0,1.0,0.0
HTRA3,0.5643743168379568,0.920057986872857,1.0,1.0,0.0
HTRA4,0.4347035907083762,1.0,1.0,0.33333333333333326,0.0
HUNK,0.4110008326649924,1.0,1.0,1.0,0.0
HUS1,0.495490805276129,1.0,1.0,0.33333333333333326,0.0
HUS1B,0.5199317999006788,1.0,0.0,0.33333333333333326,0.0
HUWE1,0.4479871908222711,0.5189062210780863,1.0,0.33333333333333326,0.0
HVCN1,0.6954904302008607,1.0,0.0,0.33333333333333326,0.0
HYAL1,0.630092592771817,1.0,1.0,1.0,0.0
HYAL2,0.5418661297597223,1.0,1.0,0.33333333333333326,0.0
HYAL3,0.41434660734512,1.0,0.0,1.0,0.0
HYCC1,0.4955285227202173,1.0,0.0,0.33333333333333326,0.0
HYCC2,0.43962728007863705,1.0,0.0,1.0,0.0
HYDIN,0.5591845507273784,1.0,0.0,1.0,0.0
HYI,0.5665522849111901,1.0,0.0,1.0,0.0
HYLS1,0.42196807838117656,1.0,0.0,1.0,0.0
HYOU1,0.3944827382440273,0.8345386083626672,1.0,1.0,0.0
HYPK,0.43899056399791164,0.5764584051568608,1.0,0.33333333333333326,0.0
IAH1,0.43865252713981623,1.0,0.0,0.33333333333333326,0.0
IARS1,0.3395953544746893,1.0,1.0,1.0,0.0
IARS2,0.4609727045820706,0.9175373777206759,0.0,1.0,0.0
IBSP,0.4083303053556262,0.5414950501657845,1.0,1.0,0.0
ICA1,0.370357670343585,1.0,1.0,1.0,0.0
ICA1L,0.5015179259836755,0.7948188997797785,0.0,0.33333333333333326,0.0
ICAM1,0.4043404983630348,1.0,1.0,0.33333333333333326,0.0
ICAM2,0.730084675733345,1.0,1.0,1.0,0.0
ICAM3,0.5427971033081954,1.0,0.0,1.0,0.0
ICAM5,0.4408861702211245,0.7624009213858589,0.0,1.0,0.0
ICE1,0.4497277278357995,0.7987002145573642,0.0,0.33333333333333326,0.0
ICE2,0.6398067757596431,1.0,1.0,1.0,0.0
ICOSLG,0.5346806417856604,1.0,0.0,1.0,0.0
ID1,0.6498213114799795,1.0,1.0,1.0,0.0
ID4,0.6818941396738972,1.0,1.0,1.0,0.0
IDH2,0.4529139005079963,0.5807698112564949,0.0,1.0,0.0
IDH3A,0.3589947537137062,1.0,1.0,1.0,0.0
IDH3B,0.4315524139279894,1.0,0.0,0.33333333333333326,0.0
IDH3G,0.4561091632348075,1.0,0.0,1.0,0.0
IDI2,0.4694167763276195,0.2698130453725149,0.0,0.33333333333333326,0.0
IDNK,0.4312733277530874,1.0,0.0,0.33333333333333326,0.0
IDO2,0.43984946020762944,1.0,0.0,0.33333333333333326,0.0
IDS,0.4516738082160383,0.7303544641692863,0.0,1.0,0.0
IDUA,0.5132187504565257,1.0,0.0,1.0,0.0
IER2,0.38106516236954807,0.6811725803971158,1.0,0.33333333333333326,0.0
IER3,0.6865837390502849,1.0,0.0,1.0,0.0
IER3IP1,0.4319165077170765,1.0,0.0,0.33333333333333326,0.0
IER5,0.408417349960305,1.0,0.0,1.0,0.0
IER5L,0.508651775075426,0.30673756645399036,0.0,0.33333333333333326,0.0
IFI16,0.6254796204327702,1.0,0.0,1.0,0.0
IFI27,0.5891440171225033,0.8656095544994283,1.0,1.0,0.0
IFI27L2,0.5865424948485567,1.0,1.0,1.0,0.0
IFI30,0.7809149188978313,1.0,0.0,0.33333333333333326,0.0
IFI35,0.5704177205858638,1.0,0.0,1.0,0.0
IFI6,0.4803666855098088,1.0,1.0,0.33333333333333326,0.0
IFIT2,0.5319745632605639,0.8152824630584244,0.0,1.0,0.0
IFIT3,0.5028539860416812,0.13572678180278522,0.0,0.33333333333333326,0.0
IFITM1,0.7690874899581608,1.0,1.0,1.0,0.0
IFITM2,0.8125888220048509,1.0,0.0,1.0,0.0
IFITM3,0.8077055186976739,1.0,0.0,1.0,0.0
IFNA1,0.4582162209870032,0.863795527943962,0.0,1.0,0.0
IFNA14,0.511030579680969,0.6627512146288895,1.0,0.33333333333333326,0.0
IFNA16,0.4185701921693606,0.019863434470573347,0.0,0.33333333333333326,0.0
IFNA17,0.4448753818685506,0.4101728082600988,0.0,0.33333333333333326,0.0
IFNA4,0.4553355080096032,0.5851255740877379,0.0,1.0,0.0
IFNA7,0.5360513133898136,0.11106958404138709,1.0,0.33333333333333326,0.0
IFNAR1,0.5098612818525224,0.9163860389678371,1.0,0.33333333333333326,0.0
IFNAR2,0.554704812600746,1.0,0.0,1.0,0.0
IFNG,0.5456173059305522,0.8105224220828655,1.0,0.33333333333333326,0.0
IFNGR1,0.5753350533353863,1.0,0.0,1.0,0.0
IFNK,0.28375142541404214,0.43741434219033337,0.0,1.0,0.0
IFNLR1,0.4619285861058445,1.0,1.0,0.33333333333333326,0.0
IFRD2,0.5417399861804184,1.0,0.0,1.0,0.0
IFT140,0.5457207515872241,1.0,0.0,1.0,0.0
IFT20,0.5377446360956248,1.0,0.0,0.33333333333333326,0.0
IFT22,0.5213259051971592,1.0,1.0,0.33333333333333326,0.0
IFT25,0.439499526784653,1.0,0.0,0.33333333333333326,0.0
IFT27,0.41915908462450047,1.0,0.0,0.33333333333333326,0.0
IFT38,0.4860954241882855,0.3751109453244102,1.0,0.33333333333333326,0.0
IFT43,0.46527184358632645,1.0,0.0,1.0,0.0
IFT52,0.41713968676908997,1.0,0.0,0.33333333333333326,0.0
IFT54,0.39503412335971483,1.0,0.0,0.33333333333333326,0.0
IFT57,0.37683579895323305,1.0,1.0,1.0,0.0
IFT70A,0.4425719249419444,1.0,0.0,0.33333333333333326,0.0
IFT70B,0.4650638143627546,0.3644617652089547,0.0,0.33333333333333326,0.0
IFT74,0.5536749638697389,1.0,1.0,1.0,0.0
IFT80,0.45212738981634343,0.6931670715953547,0.0,1.0,0.0
IFT81,0.3945811995449277,1.0,0.0,0.33333333333333326,0.0
IFT88,0.5845020862702255,0.3445269926048819,0.0,1.0,0.0
IFTAP,0.40310200551971326,1.0,0.0,0.33333333333333326,0.0
IGBP1,0.4604051066133678,1.0,0.0,0.33333333333333326,0.0
IGDCC3,0.2682498434356643,0.5791914666837172,0.0,0.33333333333333326,0.0
IGDCC4,0.6750886211711056,1.0,0.0,1.0,0.0
IGF1,0.22271356892340186,1.0,0.0,1.0,0.0
IGF2,0.618441272917857,1.0,1.0,1.0,0.0
IGF2BP2,0.6040674948707603,1.0,0.0,1.0,0.0
IGF2BP3,0.4384878989685629,0.7894333909294969,0.0,1.0,0.0
IGF2R,0.5416972160444739,1.0,0.0,1.0,0.0
IGFALS,0.4695301491797989,0.7831468078809196,0.0,1.0,0.0
IGFBP1,0.3669185129584143,0.8078748479981659,1.0,0.33333333333333326,0.0
IGFBP2,0.54798727123879,0.8687636603189749,0.0,0.33333333333333326,0.0
IGFBP3,0.6161993664513004,0.4407299423841606,0.0,1.0,0.0
IGFBP4,0.6307368326300404,1.0,1.0,1.0,0.0
IGFBP5,0.6398550190063436,1.0,1.0,1.0,0.0
IGFBP7,0.6490614319439876,1.0,1.0,1.0,0.0
IGFBPL1,0.34655935942811705,1.0,1.0,1.0,0.0
IGFL1,0.5744637008798166,1.0,1.0,1.0,0.0
IGFL2,0.35357071332519735,1.0,1.0,1.0,0.0
IGFL3,0.508083136350836,1.0,0.0,0.33333333333333326,0.0
IGFL4,0.44440412055318673,0.8508673410334704,0.0,1.0,0.0
IGFLR1,0.5340011415124357,1.0,1.0,0.33333333333333326,0.0
IGH,0.548749174964933,0.535686098263305,0.0,1.0,0.0
IGHMBP2,0.49638129477429566,0.535910810508066,0.0,1.0,0.0
IGIP,0.5601299985263485,0.2609482800816033,0.0,0.33333333333333326,0.0
IGLL1,0.4557224944316692,1.0,1.0,0.33333333333333326,0.0
IGSF21,0.35514222259451944,1.0,1.0,1.0,0.0
IGSF22,0.475306830318361,1.0,1.0,0.33333333333333326,0.0
IGSF3,0.4643960936216838,1.0,0.0,1.0,0.0
IGSF6,0.4652622592237887,1.0,1.0,0.33333333333333326,0.0
IGSF9B,0.5394302772373175,0.7628815854839492,0.0,1.0,0.0
IHH,0.41141193117066904,0.11049186377216738,0.0,0.33333333333333326,0.0
IK,0.46748657495808127,0.9982091929294934,0.0,1.0,0.0
IKBIP,0.6005849420311263,1.0,0.0,1.0,0.0
IKBKB,0.5832639532448199,1.0,1.0,1.0,0.0
IKBKE,0.5763547341951903,1.0,1.0,1.0,0.0
IKBKG,0.498105701373067,0.4823530783474656,0.0,0.33333333333333326,0.0
IKZF1,0.6320359022088489,1.0,1.0,1.0,0.0
IKZF3,0.47329523967287684,0.06518266796482317,0.0,1.0,0.0
IKZF4,0.5510621737601737,0.4023541538186434,1.0,1.0,0.0
IKZF5,0.5499813747828237,0.4678540023916251,0.0,1.0,0.0
IL10,0.4932313327043985,1.0,1.0,0.33333333333333326,0.0
IL10RA,0.6672036548715562,1.0,1.0,1.0,0.0
IL10RB,0.4718122962682398,0.27374896117684555,0.0,0.33333333333333326,0.0
IL11,0.40420683485520204,1.0,1.0,1.0,0.0
IL11RA,0.5077492892920881,1.0,0.0,1.0,0.0
IL12A,0.5155871695889503,0.21152535513115203,0.0,1.0,0.0
IL12B,0.46525963641463836,0.28117861703959107,0.0,0.33333333333333326,0.0
IL12RB2,0.4247911143119212,1.0,0.0,1.0,0.0
IL13RA1,0.7269938165937977,1.0,1.0,1.0,0.0
IL13RA2,0.3136716756459361,1.0,0.0,1.0,0.0
IL15,0.579915851347544,1.0,0.0,1.0,0.0
IL15RA,0.6741305807704867,1.0,0.0,1.0,0.0
IL16,0.5512868500513104,1.0,0.0,1.0,0.0
IL17D,0.5252350330194693,0.8102452015057442,0.0,1.0,0.0
IL17RA,0.5383802335602577,1.0,0.0,0.33333333333333326,0.0
IL17RB,0.6881065253174383,1.0,0.0,1.0,0.0
IL17RD,0.42165854052315677,0.7064921707749166,0.0,0.33333333333333326,0.0
IL18,0.6510024620910297,1.0,1.0,0.33333333333333326,0.0
IL18R1,0.7165478592956819,1.0,1.0,1.0,0.0
IL18RAP,0.7002634715764776,1.0,0.0,0.33333333333333326,0.0
IL19,0.5908672703431949,0.20118807696736665,0.0,1.0,0.0
IL1A,0.46151720780831906,0.16595460032603015,0.0,0.33333333333333326,0.0
IL1B,0.5644761668553595,0.3215132192306773,0.0,0.33333333333333326,0.0
IL1R1,0.7209774356216292,1.0,1.0,1.0,0.0
IL1R2,0.5438333402096357,1.0,1.0,0.33333333333333326,0.0
IL1RAP,0.4509406882041892,0.6602666688847317,0.0,0.33333333333333326,0.0
IL1RAPL2,0.37988803453218245,1.0,0.0,0.33333333333333326,0.0
IL1RL2,0.47048515119173434,0.6800668361620146,0.0,1.0,0.0
IL1RN,0.5546154528080222,1.0,0.0,1.0,0.0
IL20RA,0.6074510057362186,1.0,1.0,1.0,0.0
IL22RA1,0.5157171004865585,1.0,0.0,0.33333333333333326,0.0
IL23A,0.42860822020385264,1.0,0.0,0.33333333333333326,0.0
IL24,0.5112509756289239,0.05922087817663861,0.0,1.0,0.0
IL25,0.41126911119066745,0.8634364714925948,1.0,1.0,0.0
IL27,0.6022077104615964,1.0,0.0,1.0,0.0
IL27RA,0.5092329113154479,0.6166242285771782,0.0,1.0,0.0
IL2RB,0.35198858081385925,0.4782961379210035,1.0,1.0,0.0
IL31RA,0.46659383687103984,0.11046535642036388,0.0,0.33333333333333326,0.0
IL32,0.5357500284545852,1.0,0.0,1.0,0.0
IL34,0.5112637192734804,0.3600884956878546,1.0,0.33333333333333326,0.0
IL36B,0.5227832547808533,0.38587107714483865,0.0,0.33333333333333326,0.0
IL3RA,0.5265207815285303,1.0,1.0,0.33333333333333326,0.0
IL4,0.5560607134710388,0.9483079752639854,0.0,1.0,0.0
IL4I1,0.5031768981838235,1.0,0.0,1.0,0.0
IL4R,0.7189920170434349,1.0,1.0,1.0,0.0
IL5RA,0.4348590255694863,1.0,1.0,0.33333333333333326,0.0
IL6,0.7397838934073183,1.0,0.0,1.0,0.0
IL6R,0.6083814640755957,1.0,1.0,1.0,0.0
IL6ST,0.5343158327188701,1.0,1.0,1.0,0.0
IL7,0.60582114078962,1.0,0.0,0.33333333333333326,0.0
IL7R,0.5353015038509733,0.7061582855744503,0.0,1.0,0.0
IL9,0.6613916631977168,0.6220503821959796,0.0,1.0,0.0
ILDR1,0.5525813223376509,1.0,0.0,1.0,0.0
ILDR2,0.4485196451909067,1.0,0.0,0.33333333333333326,0.0
ILF2,0.4641525071567444,0.7770485871400183,0.0,0.33333333333333326,0.0
ILK,0.5768113741712169,1.0,1.0,1.0,0.0
ILKAP,0.46661319203171586,1.0,1.0,0.33333333333333326,0.0
ILRUN,0.41927396571467856,0.18530723997553972,0.0,0.33333333333333326,0.0
IMMP1L,0.3977828258956914,1.0,0.0,0.33333333333333326,0.0
IMMP2L,0.4938495626374042,1.0,1.0,0.33333333333333326,0.0
IMMT,0.36912936997841067,1.0,0.0,1.0,0.0
IMP3,0.4038948571646652,1.0,1.0,1.0,0.0
IMP4,0.37750701194334096,1.0,1.0,1.0,0.0
IMPA1,0.3652585093585641,0.13874302450565398,0.0,0.33333333333333326,0.0
IMPA2,0.6232414245920651,1.0,0.0,1.0,0.0
IMPACT,0.4376728079310063,1.0,0.0,1.0,0.0
IMPDH1,0.582444856291285,1.0,1.0,1.0,0.0
IMPDH2,0.4470749397104864,0.028140834352243755,0.0,0.33333333333333326,0.0
IMPG1,0.32626542318124574,1.0,0.0,0.33333333333333326,0.0
INA,0.27459443974676767,1.0,1.0,1.0,0.0
INCENP,0.4399754883193121,1.0,0.0,0.33333333333333326,0.0
ING1,0.5265823202673829,1.0,0.0,1.0,0.0
ING2,0.4253928346476834,1.0,0.0,0.33333333333333326,0.0
ING3,0.5166343485269957,1.0,1.0,0.33333333333333326,0.0
ING4,0.4447530633495582,0.16383830175040578,0.0,0.33333333333333326,0.0
ING5,0.5127505474461883,0.6152472124576659,0.0,1.0,0.0
INHBB,0.6353250723957177,1.0,1.0,1.0,0.0
INIP,0.42273826184508595,1.0,1.0,1.0,0.0
INKA1,0.4562921157127148,0.9733094235304168,0.0,0.33333333333333326,0.0
INO80B,0.46223358087592364,0.4731844894853811,0.0,1.0,0.0
INO80C,0.4219472876861705,0.06983436017150954,0.0,0.33333333333333326,0.0
INO80E,0.5071708525614237,0.24456705595984157,0.0,0.33333333333333326,0.0
INPP4A,0.3547020003252597,1.0,1.0,1.0,0.0
INPP4B,0.42639804653494595,1.0,0.0,0.33333333333333326,0.0
INPP5A,0.430857997372156,1.0,0.0,1.0,0.0
INPP5B,0.5199812434957808,1.0,0.0,1.0,0.0
INPP5D,0.5234329292263301,1.0,1.0,0.33333333333333326,0.0
INPP5E,0.5427292069389678,0.42704794473069335,1.0,1.0,0.0
INPP5F,0.3351779911281832,1.0,1.0,1.0,0.0
INPP5J,0.5360784249397943,1.0,1.0,0.33333333333333326,0.0
INPPL1,0.6317976380743343,1.0,1.0,1.0,0.0
INSIG2,0.4146283363325556,1.0,1.0,1.0,0.0
INSL3,0.5475979796805152,0.7518264880300459,1.0,0.33333333333333326,0.0
INSL4,0.5716041055233345,0.37977290217652987,0.0,1.0,0.0
INSL6,0.4555312703656749,0.9898881608085743,0.0,1.0,0.0
INSM1,0.34574078862804386,1.0,1.0,1.0,0.0
INSM2,0.3919852588268825,1.0,0.0,1.0,0.0
INSR,0.4767267788789852,1.0,1.0,0.33333333333333326,0.0
INSRR,0.38821690945472187,0.9495787695593761,0.0,0.33333333333333326,0.0
INSYN2A,0.47145119376599803,0.2125446560225249,0.0,0.33333333333333326,0.0
INTS1,0.4609491465141173,0.5441320569510537,0.0,0.33333333333333326,0.0
INTS10,0.4139104115669218,1.0,1.0,0.33333333333333326,0.0
INTS11,0.5160133260533447,1.0,0.0,1.0,0.0
INTS12,0.5488473127839841,0.5719904015423023,1.0,1.0,0.0
INTS13,0.5347111933972436,0.2117903012119826,1.0,1.0,0.0
INTS14,0.47122478214511143,0.1211000959587186,0.0,1.0,0.0
INTS3,0.4985739690177152,0.15892881722497174,0.0,1.0,0.0
INTS4,0.44686900362967,0.0,0.0,1.0,0.0
INTS5,0.5675406100885113,0.253737334875957,0.0,1.0,0.0
INTS6,0.5229666379139256,0.8997937005475535,0.0,1.0,0.0
INTS7,0.5464831873468344,0.269460131630986,0.0,0.33333333333333326,0.0
INTS8,0.43318968618094233,0.7440683984803158,0.0,1.0,0.0
INTS9,0.5394999532116327,1.0,1.0,1.0,0.0
INTU,0.43501303714694056,0.7033412324837254,0.0,0.33333333333333326,0.0
INVS,0.4655799497386223,0.43415834011118604,0.0,0.33333333333333326,0.0
IP6K1,0.45869369545682237,0.3749166154379002,0.0,0.33333333333333326,0.0
IP6K2,0.5096139241179193,1.0,0.0,1.0,0.0
IP6K3,0.5563641010042967,1.0,1.0,0.33333333333333326,0.0
IPCEF1,0.3561503986600258,1.0,1.0,1.0,0.0
IPO11,0.467221093399283,0.28287087837533315,0.0,1.0,0.0
IPO4,0.5197012649008677,0.8347293512339437,1.0,0.33333333333333326,0.0
IPO5,0.3710712138340221,1.0,0.0,1.0,0.0
IPO7,0.39443156577425104,0.9515807640381766,0.0,1.0,0.0
IPO8,0.6585558943316724,1.0,1.0,1.0,0.0
IPO9,0.43074688649856935,1.0,0.0,0.33333333333333326,0.0
IQCC,0.4054982040170464,0.5668717542523678,1.0,1.0,0.0
IQCF2,0.4526047866413728,0.8116985362670263,0.0,1.0,0.0
IQCF3,0.4698993463963937,0.20748429114632685,0.0,0.33333333333333326,0.0
IQCH,0.41741732384486174,0.8162545594372119,1.0,1.0,0.0
IQCK,0.6048745840248376,1.0,1.0,1.0,0.0
IQGAP1,0.6839449083760982,1.0,1.0,1.0,0.0
IQGAP2,0.5588489212060894,1.0,0.0,1.0,0.0
IQGAP3,0.39949494365348936,0.5550665072696328,1.0,0.33333333333333326,0.0
IQSEC1,0.4029672080967731,1.0,0.0,0.33333333333333326,0.0
IQSEC3,0.4125527042913664,0.3243528920533433,1.0,1.0,0.0
IQUB,0.528877656923355,1.0,0.0,1.0,0.0
IRAG1,0.7003693082335873,1.0,1.0,1.0,0.0
IRAK1,0.51143846293519,0.5019501079859838,0.0,0.33333333333333326,0.0
IRAK3,0.5408201927558289,1.0,1.0,0.33333333333333326,0.0
IRAK4,0.5406029711023808,1.0,0.0,0.33333333333333326,0.0
IREB2,0.4344483982263872,0.08652365140693957,0.0,1.0,0.0
IRF1,0.6628809109984387,1.0,0.0,0.33333333333333326,0.0
IRF2,0.5866944378335855,1.0,0.0,0.33333333333333326,0.0
IRF2BP1,0.5751085820945897,0.3843215743342326,1.0,1.0,0.0
IRF2BP2,0.5684601438401106,1.0,0.0,1.0,0.0
IRF3,0.5571602846586712,1.0,0.0,1.0,0.0
IRF4,0.4717518669627636,0.2162856092724517,0.0,1.0,0.0
IRF5,0.5467211146848513,1.0,0.0,1.0,0.0
IRF7,0.4765359168996995,1.0,1.0,0.33333333333333326,0.0
IRF8,0.5831923086149794,0.9569749690275483,0.0,1.0,0.0
IRF9,0.5510228841561455,1.0,0.0,1.0,0.0
IRGM,0.47704266017906016,0.09186736070094388,0.0,1.0,0.0
IRGQ,0.453700186649187,0.12817797319665983,1.0,0.33333333333333326,0.0
IRS2,0.4303441144830166,0.8482320527992588,0.0,0.33333333333333326,0.0
IRS4,0.5462305699830616,0.1766822353245909,0.0,0.33333333333333326,0.0
IRX3,0.6465290231156692,1.0,0.0,0.33333333333333326,0.0
IRX4,0.5738040379431487,0.4084744115804815,0.0,1.0,0.0
IRX5,0.5003840889117089,0.664023404208245,0.0,0.33333333333333326,0.0
ISCA1,0.379682094370756,1.0,1.0,1.0,0.0
ISCA2,0.454220554038264,1.0,0.0,1.0,0.0
ISCU,0.4060640140537141,1.0,0.0,1.0,0.0
ISG15,0.3659913245522181,0.660232829458762,1.0,1.0,0.0
ISG20,0.6572826985019179,1.0,0.0,1.0,0.0
ISG20L2,0.49901784180838543,0.40694112263932114,0.0,1.0,0.0
ISL1,0.5040928320524395,0.45176575060972235,0.0,1.0,0.0
ISLR,0.6173652544834062,1.0,1.0,1.0,0.0
ISM1,0.39874014118849926,0.32167658870526,1.0,1.0,0.0
ISM2,0.5113620766852518,0.2643295238538914,0.0,1.0,0.0
ISOC1,0.46347657575226947,0.20585441073444855,0.0,0.33333333333333326,0.0
IST1,0.5527991436291018,1.0,1.0,1.0,0.0
ISY1,0.46508630994374595,0.15563279113517062,1.0,0.33333333333333326,0.0
ISYNA1,0.6522292611274229,1.0,1.0,1.0,0.0
ITFG1,0.46522441700446016,0.3767158155241509,0.0,1.0,0.0
ITGA1,0.6103042712947717,1.0,0.0,0.33333333333333326,0.0
ITGA10,0.657436811352957,1.0,1.0,1.0,0.0
ITGA2B,0.4902505818456228,1.0,1.0,0.33333333333333326,0.0
ITGA3,0.5041720414214917,0.3629054901177859,0.0,1.0,0.0
ITGA5,0.7372366646753853,1.0,0.0,1.0,0.0
ITGA6,0.6428990740391453,1.0,1.0,1.0,0.0
ITGA7,0.5754866682055949,1.0,0.0,1.0,0.0
ITGA8,0.6232899326362762,1.0,1.0,1.0,0.0
ITGA9,0.5632010968955664,1.0,1.0,1.0,0.0
ITGAD,0.5229147251457172,0.12241117805768242,1.0,0.33333333333333326,0.0
ITGAL,0.5747494277959524,1.0,1.0,1.0,0.0
ITGAM,0.6024437869911057,1.0,1.0,1.0,0.0
ITGAV,0.5368214895166445,0.36535800862809287,0.0,1.0,0.0
ITGAX,0.5234082004004772,1.0,0.0,1.0,0.0
ITGB1BP1,0.3980602887974851,0.41387012855561134,1.0,1.0,0.0
ITGB1BP2,0.46819491754315923,0.4570879897418486,0.0,0.33333333333333326,0.0
ITGB2,0.7095846914664876,1.0,1.0,1.0,0.0
ITGB3,0.5896407733543195,0.20582778432150078,0.0,1.0,0.0
ITGB4,0.7531639815051621,1.0,1.0,1.0,0.0
ITGB5,0.6545802997435426,1.0,1.0,1.0,0.0
ITGB8,0.7154686429174736,1.0,1.0,1.0,0.0
ITGBL1,0.5830345768176174,1.0,0.0,0.33333333333333326,0.0
ITIH1,0.387630942670886,0.1509705714659194,0.0,0.33333333333333326,0.0
ITIH2,0.5674946894724631,0.9394040967074478,0.0,0.33333333333333326,0.0
ITIH3,0.28028814793798956,0.919636092663526,0.0,0.33333333333333326,0.0
ITK,0.46111205374737496,0.06899423134122087,0.0,1.0,0.0
ITLN2,0.49882721213823195,0.28178409460418113,0.0,1.0,0.0
ITM2A,0.5950411156945836,0.05409066097050635,0.0,0.33333333333333326,0.0
ITM2C,0.5285246812119968,0.5262293080811444,0.0,1.0,0.0
ITPA,0.38294812233979336,1.0,1.0,1.0,0.0
ITPK1,0.5656774053614491,1.0,1.0,1.0,0.0
ITPKA,0.4404647270240702,0.7125679809726307,0.0,1.0,0.0
ITPKB,0.8166016295181537,1.0,1.0,1.0,0.0
ITPKC,0.5273020168523538,1.0,0.0,1.0,0.0
ITPR1,0.5364478894635744,0.7622135721430776,0.0,0.33333333333333326,0.0
ITPR2,0.5719733506206733,0.4802683994869612,1.0,1.0,0.0
ITPR3,0.6390164010550682,1.0,0.0,1.0,0.0
ITPRID2,0.6504315500529407,1.0,1.0,1.0,0.0
ITPRIP,0.5918865097088921,1.0,1.0,1.0,0.0
ITPRIPL1,0.5196196912903126,1.0,0.0,1.0,0.0
ITPRIPL2,0.6590410464208831,1.0,1.0,1.0,0.0
ITSN1,0.5357945087753087,0.5711353456472078,1.0,0.33333333333333326,0.0
ITSN2,0.5789828508654309,1.0,1.0,1.0,0.0
IVD,0.550237549925577,0.7910810801688986,0.0,1.0,0.0
IVL,0.5006768163001677,1.0,0.0,0.33333333333333326,0.0
IVNS1ABP,0.5426234717920791,1.0,1.0,1.0,0.0
IYD,0.5153440594295793,0.7656025438236409,0.0,1.0,0.0
JADE1,0.6065773494431194,1.0,1.0,1.0,0.0
JADE3,0.42672366488916824,1.0,1.0,0.33333333333333326,0.0
JAG1,0.5886980525056307,1.0,1.0,1.0,0.0
JAGN1,0.49007720115258874,0.7534170160972156,1.0,0.33333333333333326,0.0
JAK1,0.4648085079932492,0.8028337270390526,1.0,0.33333333333333326,0.0
JAKMIP1,0.44624511565606967,1.0,1.0,0.33333333333333326,0.0
JAKMIP3,0.538875349689137,0.9026233860019618,0.0,1.0,0.0
JAM2,0.5399720865583545,1.0,0.0,1.0,0.0
JAM3,0.5743330001512162,1.0,0.0,1.0,0.0
JAML,0.6666153209424777,1.0,1.0,1.0,0.0
JARID2,0.5279939425777124,1.0,0.0,0.33333333333333326,0.0
JAZF1,0.3677467448393119,1.0,0.0,0.33333333333333326,0.0
JCAD,0.46781930033279573,0.09013041079724621,0.0,1.0,0.0
JDP2,0.5518232928908678,1.0,0.0,1.0,0.0
JHY,0.45046596858088656,0.48328713240301585,1.0,0.33333333333333326,0.0
JKAMP,0.45738393524397997,0.6122357566150177,0.0,1.0,0.0
JMJD4,0.4736777406740444,0.25402367056634123,0.0,1.0,0.0
JMJD6,0.5287017950384212,0.13134902457742875,1.0,0.33333333333333326,0.0
JMY,0.5038101284613613,0.7818676296124756,1.0,0.33333333333333326,0.0
JOSD1,0.461840273434632,1.0,0.0,1.0,0.0
JOSD2,0.5135047075592406,0.5755991030757655,0.0,1.0,0.0
JPH1,0.3404999101175621,1.0,0.0,1.0,0.0
JPH2,0.5534715701409351,1.0,1.0,1.0,0.0
JPH3,0.43287875844916274,1.0,0.0,0.33333333333333326,0.0
JPH4,0.4112983122702991,0.126300021091241,0.0,1.0,0.0
JPT1,0.27090777764317164,1.0,0.0,1.0,0.0
JPT2,0.549626146146327,0.5745357631191222,0.0,0.33333333333333326,0.0
JSRP1,0.49243619403577277,0.06169401166336945,0.0,1.0,0.0
JUN,0.5267944459196163,0.2086306130073813,0.0,0.33333333333333326,0.0
JUNB,0.6470926728595369,1.0,1.0,1.0,0.0
JUND,0.5654955273085566,1.0,0.0,1.0,0.0
JUP,0.6308475282696604,1.0,1.0,1.0,0.0
KANK1,0.5371835905988939,1.0,0.0,1.0,0.0
KANK2,0.6880336825670382,1.0,1.0,1.0,0.0
KANSL1,0.5429957072691667,1.0,0.0,0.33333333333333326,0.0
KANSL1L,0.5825576994860405,1.0,0.0,0.33333333333333326,0.0
KANSL2,0.4579150313637324,0.6118333152443799,0.0,1.0,0.0
KANSL3,0.49319377655954844,1.0,1.0,0.33333333333333326,0.0
KARS1,0.4414608652731704,1.0,1.0,1.0,0.0
KAT2A,0.4793124835760289,1.0,1.0,0.33333333333333326,0.0
KAT5,0.527300410760646,1.0,1.0,0.33333333333333326,0.0
KAT6A,0.5799511145499247,1.0,1.0,1.0,0.0
KAT7,0.45720306886302037,1.0,0.0,1.0,0.0
KAT8,0.5198594617475442,1.0,0.0,0.33333333333333326,0.0
KATNA1,0.5943082204326021,1.0,1.0,1.0,0.0
KATNAL1,0.42212621995837657,1.0,0.0,1.0,0.0
KATNAL2,0.5536571622327795,1.0,0.0,1.0,0.0
KATNBL1,0.46954624851237303,1.0,1.0,0.33333333333333326,0.0
KATNIP,0.5146802854111038,1.0,0.0,1.0,0.0
KAZALD1,0.38690705455039515,1.0,1.0,1.0,0.0
KBTBD11,0.4358120238449762,1.0,0.0,1.0,0.0
KBTBD13,0.40062517148200966,0.3119349326554361,1.0,1.0,0.0
KBTBD4,0.46352374740683416,1.0,1.0,0.33333333333333326,0.0
KBTBD6,0.43719009216596755,1.0,0.0,1.0,0.0
KBTBD7,0.4210864574475879,1.0,0.0,1.0,0.0
KBTBD8,0.46669955884816533,0.3871406464044682,0.0,0.33333333333333326,0.0
KCMF1,0.3207248059864654,1.0,1.0,1.0,0.0
KCNA1,0.3320929023170153,1.0,1.0,1.0,0.0
KCNA10,0.46998648061142834,0.6454561198422939,0.0,0.33333333333333326,0.0
KCNA2,0.36574464876538204,1.0,1.0,1.0,0.0
KCNA3,0.37213758800643787,0.1712377876157225,1.0,1.0,0.0
KCNA4,0.2911470947673696,1.0,0.0,0.33333333333333326,0.0
KCNA6,0.462577756329395,1.0,1.0,0.33333333333333326,0.0
KCNAB1,0.2936653122088456,1.0,1.0,1.0,0.0
KCNAB2,0.44454684475844364,1.0,0.0,0.33333333333333326,0.0
KCNAB3,0.43809917036288487,1.0,0.0,1.0,0.0
KCNB2,0.3170920400510642,1.0,0.0,1.0,0.0
KCNC1,0.38073260166848955,0.16073021236072924,0.0,1.0,0.0
KCNC2,0.29832667646995165,1.0,0.0,1.0,0.0
KCNC3,0.445002161010694,0.7745224882666312,1.0,0.33333333333333326,0.0
KCNC4,0.4707660799725112,0.6294737484828266,0.0,0.33333333333333326,0.0
KCND1,0.40923537545145267,0.08294633705053614,0.0,0.33333333333333326,0.0
KCND2,0.30559552429606196,1.0,1.0,1.0,0.0
KCND3,0.4960376192886992,0.061337583260827035,0.0,1.0,0.0
KCNE2,0.5132990706285927,0.6807847336246667,0.0,1.0,0.0
KCNE3,0.5775462590753594,1.0,0.0,1.0,0.0
KCNE4,0.6373123870754025,1.0,1.0,1.0,0.0
KCNE5,0.4280368188043536,1.0,0.0,0.33333333333333326,0.0
KCNF1,0.3468266334772552,1.0,0.0,1.0,0.0
KCNG1,0.4291705455591161,0.37049351840484646,0.0,0.33333333333333326,0.0
KCNG2,0.6065081397124548,0.5043141607373895,0.0,0.33333333333333326,0.0
KCNG3,0.3453152270373647,1.0,0.0,1.0,0.0
KCNG4,0.416784846261939,0.14873805043906294,1.0,1.0,0.0
KCNH1,0.37663417391606313,1.0,1.0,1.0,0.0
KCNH2,0.40663946034997506,1.0,1.0,0.33333333333333326,0.0
KCNH3,0.5022050804996292,0.2764606066270316,0.0,0.33333333333333326,0.0
KCNH4,0.44873774781004355,1.0,0.0,0.33333333333333326,0.0
KCNH6,0.45552520268339863,0.9014170207052512,1.0,0.33333333333333326,0.0
KCNH8,0.5073906232725895,0.22585325924703067,0.0,0.33333333333333326,0.0
KCNIP1,0.30200237172905653,1.0,0.0,1.0,0.0
KCNIP2,0.5691905650985924,1.0,1.0,1.0,0.0
KCNIP3,0.2829211809774017,1.0,1.0,1.0,0.0
KCNIP4,0.4314737435854288,1.0,0.0,1.0,0.0
KCNJ10,0.6249615608780941,1.0,1.0,1.0,0.0
KCNJ11,0.39960492178293056,1.0,0.0,1.0,0.0
KCNJ13,0.6099678028310787,1.0,1.0,1.0,0.0
KCNJ14,0.533754036398913,0.10141804743066445,1.0,0.33333333333333326,0.0
KCNJ15,0.6188959823731419,1.0,0.0,0.33333333333333326,0.0
KCNJ16,0.5695557207322035,1.0,0.0,1.0,0.0
KCNJ2,0.5998346772217976,1.0,0.0,1.0,0.0
KCNJ3,0.2637501701056488,1.0,1.0,1.0,0.0
KCNJ4,0.382228431572311,1.0,1.0,1.0,0.0
KCNJ5,0.5108254495951455,1.0,0.0,1.0,0.0
KCNJ6,0.3095715482324675,1.0,1.0,1.0,0.0
KCNJ8,0.5843968886061138,1.0,1.0,1.0,0.0
KCNJ9,0.3488960127631333,1.0,0.0,1.0,0.0
KCNK1,0.24046168690935404,1.0,0.0,1.0,0.0
KCNK15,0.42842585071832967,0.4824765875904982,1.0,0.33333333333333326,0.0
KCNK17,0.40881227171588735,0.04134816537087691,0.0,1.0,0.0
KCNK18,0.4572892706920733,0.6461541040756859,0.0,0.33333333333333326,0.0
KCNK2,0.38849939985411114,1.0,0.0,0.33333333333333326,0.0
KCNK3,0.33550182723425886,1.0,0.0,0.33333333333333326,0.0
KCNK4,0.34403355239034367,0.9898480123408606,1.0,1.0,0.0
KCNK6,0.502833733739791,1.0,0.0,0.33333333333333326,0.0
KCNK9,0.3972027861807231,0.3349762906126352,1.0,1.0,0.0
KCNMA1,0.5245565416651122,1.0,0.0,0.33333333333333326,0.0
KCNMB1,0.5482311582846747,0.9551870884325917,0.0,1.0,0.0
KCNMB2,0.39868524996185717,1.0,0.0,0.33333333333333326,0.0
KCNMB3,0.4699001476216264,1.0,1.0,0.33333333333333326,0.0
KCNMB4,0.437102462542463,1.0,0.0,0.33333333333333326,0.0
KCNN1,0.45249278385264047,0.48823925999442525,0.0,1.0,0.0
KCNN2,0.3787361569953249,1.0,1.0,1.0,0.0
KCNN3,0.6975637682481669,1.0,1.0,1.0,0.0
KCNN4,0.4394302582114772,0.7036730665077202,1.0,0.33333333333333326,0.0
KCNQ1,0.6119497986118015,1.0,0.0,1.0,0.0
KCNQ2,0.35168603260527614,1.0,1.0,1.0,0.0
KCNQ3,0.40134116797018154,1.0,0.0,1.0,0.0
KCNQ5,0.38566980336720263,1.0,0.0,1.0,0.0
KCNRG,0.5212928292786944,1.0,0.0,1.0,0.0
KCNS2,0.25280767310082564,1.0,1.0,1.0,0.0
KCNS3,0.37403328809247294,1.0,0.0,1.0,0.0
KCNT1,0.2898825801472557,1.0,1.0,1.0,0.0
KCNT2,0.3988389554331671,1.0,0.0,0.33333333333333326,0.0
KCNV1,0.2605773120412008,1.0,1.0,1.0,0.0
KCTD10,0.5511835912523685,1.0,1.0,1.0,0.0
KCTD11,0.5843143665805937,1.0,0.0,0.33333333333333326,0.0
KCTD12,0.5905463919128747,1.0,1.0,1.0,0.0
KCTD14,0.566914841642106,0.7037601233135706,1.0,1.0,0.0
KCTD15,0.46515590392972367,0.1866827363602208,0.0,0.33333333333333326,0.0
KCTD16,0.38654922515931295,1.0,0.0,1.0,0.0
KCTD17,0.407781801001497,0.4297804786867366,0.0,1.0,0.0
KCTD18,0.550725702442209,0.7838419698663714,1.0,1.0,0.0
KCTD2,0.4854331321549636,0.029517862490036923,0.0,0.33333333333333326,0.0
KCTD21,0.560261702330821,0.774941002003259,1.0,1.0,0.0
KCTD3,0.5237983462519271,0.4034599719815826,0.0,1.0,0.0
KCTD5,0.5063742252193514,0.5589967399219277,0.0,0.33333333333333326,0.0
KCTD8,0.3301856450411102,1.0,0.0,1.0,0.0
KDELR1,0.4512759344980592,0.0045827807247503325,0.0,0.33333333333333326,0.0
KDELR3,0.5418166637400122,0.5891666992773141,1.0,1.0,0.0
KDF1,0.5951306193024873,0.8930651058484997,1.0,1.0,0.0
KDM1B,0.5797642040012417,1.0,1.0,1.0,0.0
KDM2A,0.5272914361358789,1.0,0.0,1.0,0.0
KDM2B,0.3796416854609526,1.0,1.0,1.0,0.0
KDM3A,0.5416264666823214,1.0,0.0,1.0,0.0
KDM3B,0.5040192005424158,0.8006982619251075,0.0,1.0,0.0
KDM4A,0.43362632916302124,0.6767136075548774,1.0,0.33333333333333326,0.0
KDM4B,0.5912473374317503,1.0,0.0,0.33333333333333326,0.0
KDM4D,0.4713856434592985,0.020274194663604733,0.0,1.0,0.0
KDM5A,0.5290318699908694,0.4722019301079749,0.0,1.0,0.0
KDM5B,0.4988853255898501,0.7347934107481167,1.0,0.33333333333333326,0.0
KDM5C,0.5641897897665353,1.0,0.0,1.0,0.0
KDM5D,0.07923429114831629,1.0,1.0,1.0,0.0
KDM6A,0.5459126811056922,1.0,0.0,1.0,0.0
KDM6B,0.5800410984184516,1.0,0.0,1.0,0.0
KDM7A,0.45003488024099175,0.21202132396395437,1.0,0.33333333333333326,0.0
KDR,0.6472709328128303,1.0,1.0,1.0,0.0
KDSR,0.5714622167569542,1.0,1.0,1.0,0.0
KEAP1,0.5201753072345306,1.0,0.0,1.0,0.0
KGD4,0.4251488294790081,1.0,0.0,1.0,0.0
KHDC1,0.3332144188133788,1.0,1.0,1.0,0.0
KHDC3L,0.3472172103390198,0.654575647934208,0.0,1.0,0.0
KHDC4,0.5234385601367825,1.0,0.0,0.33333333333333326,0.0
KHDRBS1,0.3800189028209634,1.0,0.0,1.0,0.0
KHDRBS2,0.22165305483305067,1.0,0.0,0.33333333333333326,0.0
KHDRBS3,0.39161491137664656,1.0,0.0,1.0,0.0
KHK,0.39947113382064553,0.17441547041217711,0.0,1.0,0.0
KHNYN,0.6248022604859524,1.0,1.0,1.0,0.0
KHSRP,0.5300668451446058,0.5190308838526891,0.0,0.33333333333333326,0.0
KIAA0232,0.4144581296219304,1.0,0.0,1.0,0.0
KIAA0319,0.38819109714491995,1.0,0.0,1.0,0.0
KIAA0319L,0.45877629298200645,0.7263739575059612,0.0,0.33333333333333326,0.0
KIAA0408,0.38718736484133787,0.5982827578849228,0.0,1.0,0.0
KIAA0513,0.3264491142187021,1.0,1.0,1.0,0.0
KIAA0586,0.45582368359398945,1.0,1.0,0.33333333333333326,0.0
KIAA0753,0.3882300722118463,1.0,1.0,1.0,0.0
KIAA0930,0.6119484173635317,1.0,1.0,1.0,0.0
KIAA1191,0.4288789249730649,1.0,1.0,1.0,0.0
KIAA1217,0.38074482607411664,1.0,1.0,1.0,0.0
KIAA1549,0.4355229379487082,1.0,0.0,0.33333333333333326,0.0
KIAA1549L,0.30997043887580183,1.0,1.0,1.0,0.0
KIAA1586,0.44790663061967834,0.805588089339288,0.0,1.0,0.0
KIAA1755,0.5621221811366213,0.23846789594944146,1.0,1.0,0.0
KICS2,0.5647389965066004,0.9671807617582165,1.0,1.0,0.0
KIDINS220,0.4062475870079765,1.0,1.0,1.0,0.0
KIF11,0.5549499079644957,0.11628611421841399,0.0,0.33333333333333326,0.0
KIF12,0.39110094947310176,1.0,0.0,1.0,0.0
KIF13A,0.5187697618690834,1.0,1.0,0.33333333333333326,0.0
KIF13B,0.6054230822967918,1.0,1.0,1.0,0.0
KIF14,0.5551266136394519,0.17144079858114053,1.0,1.0,0.0
KIF15,0.5529351314368351,0.7885275182358039,1.0,1.0,0.0
KIF16B,0.5733908121810828,0.3944990595754066,1.0,1.0,0.0
KIF17,0.48012050838562714,1.0,1.0,0.33333333333333326,0.0
KIF19,0.5512612717412815,1.0,1.0,1.0,0.0
KIF1A,0.4659608989447854,0.5450600878939994,1.0,0.33333333333333326,0.0
KIF1C,0.6653247381295937,1.0,1.0,1.0,0.0
KIF20B,0.4390113543477241,1.0,0.0,0.33333333333333326,0.0
KIF21A,0.39619780868705085,1.0,0.0,1.0,0.0
KIF21B,0.4085113702522613,1.0,0.0,0.33333333333333326,0.0
KIF26A,0.5246453728185433,0.9720404823817219,0.0,0.33333333333333326,0.0
KIF27,0.47044235338710594,0.08324400528961519,0.0,0.33333333333333326,0.0
KIF2A,0.5102295072262794,1.0,1.0,0.33333333333333326,0.0
KIF2B,0.4327378670636518,0.054208392033052,0.0,0.33333333333333326,0.0
KIF2C,0.5051055245215608,0.34600836862682427,0.0,1.0,0.0
KIF3A,0.34700123432870694,1.0,1.0,1.0,0.0
KIF3B,0.3909290544063159,1.0,0.0,1.0,0.0
KIF3C,0.363843313844559,1.0,0.0,0.33333333333333326,0.0
KIF4A,0.46393356985854795,0.3001324304350365,0.0,0.33333333333333326,0.0
KIF5B,0.5759436707435476,0.33156991067183306,1.0,1.0,0.0
KIF5C,0.463688616117433,0.4732231063019682,0.0,1.0,0.0
KIF6,0.6058106638736774,1.0,0.0,1.0,0.0
KIF7,0.6772301927323894,1.0,1.0,1.0,0.0
KIF9,0.46875656934528664,0.34804488485667723,0.0,0.33333333333333326,0.0
KIFAP3,0.26521871017301146,1.0,1.0,1.0,0.0
KIFBP,0.40324415792281953,1.0,0.0,1.0,0.0
KIFC2,0.3837898255048901,0.30049256810235997,0.0,1.0,0.0
KIFC3,0.32147723565161723,1.0,1.0,1.0,0.0
KIN,0.4634554810521711,0.7936711049508,0.0,0.33333333333333326,0.0
KIR2DL1,0.5550517337846702,0.3456734557328891,0.0,1.0,0.0
KIR2DL2,0.37721487308107365,0.2098762584603076,0.0,0.33333333333333326,0.0
KIR2DL3,0.5185851380236225,1.0,0.0,1.0,0.0
KIR2DL4,0.5510005905119627,0.15419717119836124,0.0,0.33333333333333326,0.0
KIR2DS1,0.40035526231577623,0.07171361478171458,0.0,1.0,0.0
KIR2DS2,0.4664501081496933,0.8783860022867938,0.0,0.33333333333333326,0.0
KIR2DS3,0.4681835920565782,0.5393274239692315,0.0,1.0,0.0
KIR2DS4,0.4816757770408108,0.14483453234457133,0.0,0.33333333333333326,0.0
KIR3DL2,0.498176577283876,0.3197183520186203,0.0,1.0,0.0
KIRREL1,0.6273985187664773,0.7142134868265528,0.0,1.0,0.0
KIRREL2,0.36011536841335307,1.0,0.0,1.0,0.0
KIT,0.3024800934945649,1.0,1.0,1.0,0.0
KIZ,0.4447770357945451,1.0,0.0,1.0,0.0
KL,0.4537062426383647,0.8970566741105573,0.0,1.0,0.0
KLC2,0.39984644997412855,0.0482638864935159,0.0,1.0,0.0
KLC4,0.4171238916966768,1.0,1.0,0.33333333333333326,0.0
KLF1,0.5496054865435984,1.0,0.0,1.0,0.0
KLF10,0.46584263747092636,1.0,1.0,0.33333333333333326,0.0
KLF12,0.45243313456505346,0.7505192914517242,0.0,1.0,0.0
KLF13,0.5304509494282436,0.9003965251429997,0.0,1.0,0.0
KLF15,0.749271189764864,1.0,1.0,1.0,0.0
KLF16,0.5404012039929569,0.14440219360198683,1.0,0.33333333333333326,0.0
KLF17,0.5490278899007637,0.8506572465733226,1.0,1.0,0.0
KLF2,0.707498925902319,1.0,1.0,1.0,0.0
KLF3,0.42280063254886807,0.14776517707659792,0.0,1.0,0.0
KLF4,0.5469876613878643,1.0,0.0,1.0,0.0
KLF5,0.6259228009112334,1.0,1.0,1.0,0.0
KLF6,0.5548609497391714,1.0,0.0,1.0,0.0
KLF8,0.4619822760146278,0.1713766275664828,0.0,1.0,0.0
KLF9,0.4102732789501913,0.6516614184957895,1.0,1.0,0.0
KLHDC10,0.44205166777629146,0.26795212044466366,0.0,1.0,0.0
KLHDC2,0.4494982085924602,0.8165244221185667,0.0,1.0,0.0
KLHDC3,0.3572454398139631,1.0,1.0,1.0,0.0
KLHDC4,0.3898273476740069,1.0,1.0,1.0,0.0
KLHDC8A,0.46291059243896343,0.35986938532396257,0.0,0.33333333333333326,0.0
KLHDC8B,0.5887294112897119,0.18644579737468653,0.0,1.0,0.0
KLHDC9,0.4029691210265257,1.0,0.0,0.33333333333333326,0.0
KLHL11,0.457649001474124,0.33960191510024623,0.0,1.0,0.0
KLHL12,0.4710768950107974,0.3016034200893129,0.0,0.33333333333333326,0.0
KLHL14,0.2904821258696295,1.0,0.0,1.0,0.0
KLHL15,0.5022241821942349,0.5661021093127158,0.0,0.33333333333333326,0.0
KLHL17,0.5290423216317721,1.0,0.0,1.0,0.0
KLHL18,0.5158951116132288,0.5485051690637784,0.0,0.33333333333333326,0.0
KLHL21,0.5967115753068305,1.0,1.0,1.0,0.0
KLHL22,0.34641398732969,1.0,1.0,1.0,0.0
KLHL23,0.4145978886011647,1.0,0.0,1.0,0.0
KLHL24,0.5873099343734394,1.0,1.0,1.0,0.0
KLHL25,0.45733098429026325,0.29363312724996105,0.0,1.0,0.0
KLHL29,0.488667150745841,1.0,1.0,0.33333333333333326,0.0
KLHL31,0.5569272582960367,0.8855678980064494,0.0,0.33333333333333326,0.0
KLHL32,0.5142963728443641,0.09402191891831715,0.0,1.0,0.0
KLHL34,0.4209468906472602,0.2867429785177959,1.0,0.33333333333333326,0.0
KLHL36,0.5669875863503481,1.0,0.0,0.33333333333333326,0.0
KLHL4,0.5325054085987365,0.0829915212590144,1.0,0.33333333333333326,0.0
KLHL40,0.47600884275167316,0.03621600619815689,0.0,0.33333333333333326,0.0
KLHL42,0.3217716568293604,1.0,1.0,1.0,0.0
KLHL5,0.517059696312483,0.23948636163800213,1.0,0.33333333333333326,0.0
KLHL6,0.6695013420464514,1.0,0.0,1.0,0.0
KLHL7,0.46543992648435706,0.24271211186414646,0.0,0.33333333333333326,0.0
KLHL8,0.4548026634215113,0.9465939999716201,1.0,0.33333333333333326,0.0
KLK1,0.5528664740287874,0.6634524114650122,1.0,1.0,0.0
KLK10,0.2997930313412638,0.6661532387749812,1.0,1.0,0.0
KLK11,0.3707735118404767,0.47220761430799163,1.0,0.33333333333333326,0.0
KLK13,0.3883186520638491,0.16792850433659148,0.0,0.33333333333333326,0.0
KLK14,0.601875335643808,1.0,0.0,0.33333333333333326,0.0
KLK3,0.46937084715670396,0.11196942120331123,0.0,0.33333333333333326,0.0
KLK5,0.28695190832274003,1.0,0.0,1.0,0.0
KLK6,0.5639381335844781,1.0,1.0,1.0,0.0
KLK7,0.3616801421450809,1.0,0.0,0.33333333333333326,0.0
KLK9,0.527540886523125,0.0943609248150679,0.0,0.33333333333333326,0.0
KLKB1,0.6305185208996659,1.0,1.0,1.0,0.0
KLRB1,0.6004737349421574,0.21901499739403202,0.0,1.0,0.0
KLRC1,0.41072739162283334,0.05803584314704337,0.0,1.0,0.0
KLRC4,0.518654140327298,0.3374919227115193,0.0,1.0,0.0
KLRD1,0.5592828856529088,0.5540547617764194,0.0,1.0,0.0
KLRG1,0.6035097120992254,0.24212022096306307,0.0,1.0,0.0
KLRG2,0.5191186027909439,1.0,0.0,0.33333333333333326,0.0
KLRK1,0.4375596609486285,0.7797700884064357,1.0,0.33333333333333326,0.0
KMO,0.3352854473218528,1.0,0.0,0.33333333333333326,0.0
KMT2B,0.5439144527037448,1.0,0.0,1.0,0.0
KMT2D,0.5408307967265518,1.0,1.0,1.0,0.0
KMT2E,0.45554808130806,0.651714139527748,1.0,0.33333333333333326,0.0
KMT5B,0.4269964429421585,1.0,0.0,0.33333333333333326,0.0
KMT5C,0.3592368899160549,0.841122757687918,1.0,0.33333333333333326,0.0
KNG1,0.4483528604497234,1.0,0.0,0.33333333333333326,0.0
KNL1,0.5605707187438919,0.33531258381937057,1.0,0.33333333333333326,0.0
KNSTRN,0.3651581272130666,1.0,0.0,1.0,0.0
KPLCE,0.468431497155227,0.08196980791688441,0.0,1.0,0.0
KPNA1,0.4312734803641225,0.18788313664275275,0.0,1.0,0.0
KPNA2,0.43297089012287876,0.7986322583174519,1.0,1.0,0.0
KPNA4,0.4599532035056839,0.9571882249814387,0.0,0.33333333333333326,0.0
KPNA5,0.492587253934171,0.7917421595517131,1.0,0.33333333333333326,0.0
KPNA6,0.41818498572121804,0.18076291051753002,0.0,0.33333333333333326,0.0
KPNB1,0.4189555978470074,1.0,1.0,1.0,0.0
KPTN,0.5133792368582196,1.0,0.0,1.0,0.0
KRABD2,0.5612813939956339,1.0,0.0,1.0,0.0
KRABD3,0.5556792047639574,0.17420403256954287,0.0,0.33333333333333326,0.0
KRABD4,0.5309273398375588,1.0,0.0,0.33333333333333326,0.0
KRAS,0.35564258377303876,1.0,1.0,1.0,0.0
KRCC1,0.5556744117338274,0.6194025369598927,1.0,1.0,0.0
KREMEN1,0.5377196156105287,1.0,0.0,1.0,0.0
KREMEN2,0.4063262053188505,0.3280196241184246,1.0,1.0,0.0
KRI1,0.574221775135973,1.0,1.0,1.0,0.0
KRIT1,0.4060777539244392,0.1918084026441222,0.0,1.0,0.0
KRR1,0.5095081230479421,1.0,1.0,0.33333333333333326,0.0
KRT1,0.49515149640838435,1.0,1.0,0.33333333333333326,0.0
KRT10,0.5096060253569583,0.960592588833201,0.0,0.33333333333333326,0.0
KRT12,0.5262661238878911,1.0,1.0,0.33333333333333326,0.0
KRT13,0.5369939523646607,1.0,1.0,1.0,0.0
KRT14,0.5582750716681847,0.24096865432578599,1.0,1.0,0.0
KRT17,0.4071891298567096,1.0,0.0,1.0,0.0
KRT18,0.5977203685677258,1.0,0.0,1.0,0.0
KRT19,0.6117263868358107,1.0,0.0,1.0,0.0
KRT2,0.5226445638258099,1.0,0.0,1.0,0.0
KRT222,0.274781477350299,1.0,1.0,1.0,0.0
KRT24,0.5020664607940026,0.15925533504718548,0.0,1.0,0.0
KRT27,0.4564341432394547,1.0,0.0,0.33333333333333326,0.0
KRT28,0.5327323924888042,0.36792813948819936,1.0,0.33333333333333326,0.0
KRT3,0.49604016363133624,1.0,0.0,1.0,0.0
KRT33A,0.4784366604106955,0.05550952413891317,0.0,1.0,0.0
KRT33B,0.45177896153061753,1.0,0.0,0.33333333333333326,0.0
KRT34,0.471218191628307,0.10145195262785082,0.0,0.33333333333333326,0.0
KRT35,0.3818573462776711,0.18790841722212215,0.0,0.33333333333333326,0.0
KRT37,0.4311396697722067,1.0,0.0,0.33333333333333326,0.0
KRT38,0.49882082526838534,0.3583297968298821,0.0,1.0,0.0
KRT5,0.19573925518728666,1.0,0.0,1.0,0.0
KRT6A,0.4708673001434799,0.15794144878563318,0.0,1.0,0.0
KRT6B,0.3553250660230378,1.0,1.0,1.0,0.0
KRT6C,0.5093347139202907,1.0,0.0,1.0,0.0
KRT71,0.46818542247079714,0.5976927397963675,0.0,1.0,0.0
KRT72,0.46262577902587565,1.0,0.0,1.0,0.0
KRT74,0.541574298067633,0.8871815165499976,1.0,0.33333333333333326,0.0
KRT75,0.5157697010324338,0.2716987652351526,1.0,0.33333333333333326,0.0
KRT76,0.45882928308251625,1.0,0.0,0.33333333333333326,0.0
KRT78,0.5019863481998864,0.722634856861594,0.0,1.0,0.0
KRT8,0.5395369002441205,0.7953800176843815,1.0,1.0,0.0
KRT82,0.5495854757957878,0.1691917219001972,0.0,0.33333333333333326,0.0
KRT86,0.5029808902558875,1.0,0.0,1.0,0.0
KRT9,0.5151884293686047,1.0,0.0,1.0,0.0
KRTAP10-2,0.5037048940194805,0.959307893935413,0.0,1.0,0.0
KRTAP10-7,0.5437727343098875,0.37812254951286883,1.0,1.0,0.0
KRTAP10-9,0.4913584073681067,0.11846809348642914,0.0,0.33333333333333326,0.0
KRTAP11-1,0.601833681932391,0.3098118902142694,0.0,1.0,0.0
KRTAP12-1,0.42880612565565995,0.4620588157976332,1.0,1.0,0.0
KRTAP13-1,0.4750178818166241,0.2211269602838813,0.0,0.33333333333333326,0.0
KRTAP13-2,0.5016132817863125,0.7869936093644248,0.0,1.0,0.0
KRTAP13-3,0.4676250480053122,0.6251274046384023,0.0,1.0,0.0
KRTAP19-2,0.5061098150437366,0.9481274055383623,0.0,0.33333333333333326,0.0
KRTAP19-3,0.5142155914402815,0.7497100751946384,1.0,0.33333333333333326,0.0
KRTAP19-5,0.3691663748938095,0.6358971123356925,1.0,1.0,0.0
KRTAP19-6,0.42491086946341317,0.2205811865585257,0.0,1.0,0.0
KRTAP2-1,0.47369988927187434,0.36313704062919216,0.0,1.0,0.0
KRTAP2-2,0.5036490632390079,0.9558595640480725,0.0,1.0,0.0
KRTAP21-1,0.43530623388974493,1.0,0.0,1.0,0.0
KRTAP21-2,0.4715726670403811,0.24855154779435004,0.0,0.33333333333333326,0.0
KRTAP22-1,0.40569411516569565,0.8019697016047078,1.0,1.0,0.0
KRTAP23-1,0.5858517504008435,1.0,1.0,1.0,0.0
KRTAP26-1,0.46878161765200455,0.4061022669068394,0.0,0.33333333333333326,0.0
KRTAP3-2,0.519041332925033,0.25348341099338784,1.0,0.33333333333333326,0.0
KRTAP4-12,0.4670692899383142,0.6345274492280314,0.0,0.33333333333333326,0.0
KRTAP4-5,0.5228079689161125,0.5131644413380656,1.0,0.33333333333333326,0.0
KRTAP4-6,0.4755399723339505,0.023890975067098648,0.0,1.0,0.0
KRTAP4-7,0.47468578443756776,0.2532114682226936,0.0,0.33333333333333326,0.0
KRTAP4-9,0.4988955235153042,0.2658500498246295,0.0,0.33333333333333326,0.0
KRTAP5-11,0.5098360288427167,0.8496564806716581,0.0,1.0,0.0
KRTAP5-2,0.50153448469781,0.6640409795954296,0.0,0.33333333333333326,0.0
KRTAP5-4,0.46394937939266984,1.0,0.0,0.33333333333333326,0.0
KRTAP6-1,0.47519525687132946,0.4717238252991085,0.0,1.0,0.0
KRTAP6-3,0.5167925078153385,0.6950119704527726,1.0,0.33333333333333326,0.0
KRTAP9-2,0.44749003970797385,1.0,0.0,1.0,0.0
KRTCAP2,0.5293988714581981,1.0,0.0,0.33333333333333326,0.0
KRTCAP3,0.5077138946411262,0.5804997100712651,0.0,0.33333333333333326,0.0
KSR1,0.5262400591245374,1.0,0.0,1.0,0.0
KTI12,0.47445718121822067,1.0,1.0,0.33333333333333326,0.0
KTN1,0.6123711994709997,0.310682780767594,0.0,0.33333333333333326,0.0
KY,0.5178738257916555,0.31026411629818046,1.0,0.33333333333333326,0.0
KYNU,0.6125194361415003,1.0,1.0,1.0,0.0
L1CAM,0.4605547020098571,0.4273957827485158,0.0,1.0,0.0
L2HGDH,0.5050138760316988,1.0,1.0,0.33333333333333326,0.0
L3MBTL1,0.5214577627426845,1.0,0.0,0.33333333333333326,0.0
L3MBTL2,0.4460281043455064,0.44476050908030723,1.0,1.0,0.0
L3MBTL3,0.46411505417425775,0.5717787026643819,0.0,1.0,0.0
LACC1,0.39280761291318583,0.8780632964895584,0.0,1.0,0.0
LACRT,0.5663197460928737,0.6999052672808234,1.0,1.0,0.0
LACTB,0.45969590793561066,0.8070379146742883,0.0,0.33333333333333326,0.0
LAD1,0.37140969187559797,0.19589033844198317,0.0,0.33333333333333326,0.0
LAG3,0.5038490646961761,1.0,0.0,0.33333333333333326,0.0
LAGE3,0.40707002086531247,1.0,0.0,1.0,0.0
LAIR1,0.6512602389234863,1.0,0.0,1.0,0.0
LAIR2,0.551236813781979,0.10922514954806894,1.0,1.0,0.0
LALBA,0.4698070974947151,0.7088860159346558,0.0,1.0,0.0
LAMA1,0.5916028728531839,1.0,0.0,1.0,0.0
LAMA2,0.6014852575356737,1.0,1.0,1.0,0.0
LAMA3,0.5722727461250369,1.0,1.0,1.0,0.0
LAMA4,0.5534273163826463,0.6643075797751504,1.0,1.0,0.0
LAMA5,0.6262507827453173,1.0,0.0,1.0,0.0
LAMB1,0.41311330020540094,1.0,1.0,1.0,0.0
LAMB2,0.6837738137215381,1.0,1.0,1.0,0.0
LAMB3,0.4589696098155929,1.0,1.0,0.33333333333333326,0.0
LAMB4,0.44576297969530027,0.08369526589274008,0.0,0.33333333333333326,0.0
LAMC1,0.5764567467848345,1.0,1.0,1.0,0.0
LAMC2,0.46276727648366844,1.0,0.0,1.0,0.0
LAMP1,0.41987423878988733,0.2336370720809625,0.0,1.0,0.0
LAMP2,0.5844711988596885,1.0,0.0,1.0,0.0
LAMP5,0.19670135532409985,1.0,1.0,1.0,0.0
LAMTOR1,0.5004852508858174,1.0,1.0,0.33333333333333326,0.0
LAMTOR2,0.440325503985696,1.0,0.0,1.0,0.0
LAMTOR3,0.4626321436455991,0.6448971116839971,0.0,1.0,0.0
LAMTOR5,0.4724369481758547,0.27680558202880595,0.0,1.0,0.0
LANCL1,0.4486909005071598,1.0,1.0,0.33333333333333326,0.0
LANCL2,0.3647291938836287,1.0,0.0,1.0,0.0
LANCL3,0.4491154693000275,1.0,0.0,0.33333333333333326,0.0
LAP3,0.5221517154492067,0.2641043351067709,0.0,0.33333333333333326,0.0
LAPTM4A,0.572610117868737,1.0,1.0,1.0,0.0
LAPTM4B,0.4116771613188027,1.0,0.0,0.33333333333333326,0.0
LAPTM5,0.6754235479005395,1.0,1.0,1.0,0.0
LARGE1,0.3508071498490729,1.0,0.0,1.0,0.0
LARP1,0.549922287144067,0.437786482704774,1.0,1.0,0.0
LARP1B,0.5163616338909878,0.8872472621477251,0.0,1.0,0.0
LARP4,0.4728632798071384,0.3287019050820891,1.0,0.33333333333333326,0.0
LARP4B,0.42610906648725594,1.0,0.0,0.33333333333333326,0.0
LARP7,0.5560792338867445,1.0,1.0,1.0,0.0
LARS2,0.5584521944703357,0.07267677527163112,0.0,0.33333333333333326,0.0
LAS1L,0.4324664757213023,1.0,1.0,0.33333333333333326,0.0
LASP1,0.456005224918127,1.0,0.0,1.0,0.0
LAT2,0.7636651108333389,1.0,1.0,1.0,0.0
LATS1,0.5692465686309748,1.0,1.0,1.0,0.0
LATS2,0.571947913937139,1.0,0.0,0.33333333333333326,0.0
LAX1,0.5654646803602046,1.0,0.0,1.0,0.0
LAYN,0.4693793883037336,0.04242796008562364,0.0,1.0,0.0
LBH,0.40191859867026763,1.0,1.0,0.33333333333333326,0.0
LBR,0.5884861100555084,1.0,0.0,1.0,0.0
LCA5,0.619959848037821,1.0,0.0,1.0,0.0
LCA5L,0.5066878530783001,0.46483201734987906,0.0,1.0,0.0
LCAT,0.5675204350696728,1.0,0.0,0.33333333333333326,0.0
LCE1C,0.4960612973961172,0.14320687036147256,0.0,1.0,0.0
LCE1E,0.5392147996450621,0.1361618206347527,1.0,1.0,0.0
LCE1F,0.4141066188610136,0.26337853199174704,0.0,1.0,0.0
LCE2B,0.4318572757869778,0.6587706124919603,1.0,1.0,0.0
LCE2C,0.5369852344205186,1.0,0.0,0.33333333333333326,0.0
LCE2D,0.5640809896810725,1.0,1.0,1.0,0.0
LCE3D,0.46138009174544836,1.0,1.0,0.33333333333333326,0.0
LCE4A,0.4407578471703084,1.0,0.0,0.33333333333333326,0.0
LCE5A,0.5009829903754885,0.3977533625674316,0.0,0.33333333333333326,0.0
LCLAT1,0.3881571127133177,1.0,0.0,0.33333333333333326,0.0
LCMT2,0.4233731493671909,1.0,0.0,0.33333333333333326,0.0
LCN1,0.5981983734747598,0.5368762082809067,0.0,0.33333333333333326,0.0
LCN12,0.49678566841019645,0.3476752726097526,0.0,0.33333333333333326,0.0
LCN2,0.5776998897017214,0.10443086041657523,0.0,1.0,0.0
LCN6,0.5002842770143904,1.0,0.0,1.0,0.0
LCN8,0.46974043033087376,0.19486204466609666,0.0,0.33333333333333326,0.0
LCNL1,0.5555422827504767,0.9767922730009341,0.0,0.33333333333333326,0.0
LCP1,0.8024752492193105,1.0,1.0,1.0,0.0
LCP2,0.5386023686391705,1.0,0.0,1.0,0.0
LCT,0.34247807959799104,0.5302643661995172,0.0,0.33333333333333326,0.0
LCTL,0.5896660723331628,1.0,0.0,1.0,0.0
LDAF1,0.44587870724290285,0.7718115079318446,1.0,1.0,0.0
LDB2,0.20106620935332106,1.0,1.0,1.0,0.0
LDB3,0.40474294411773026,1.0,0.0,0.33333333333333326,0.0
LDHA,0.406804210438533,1.0,0.0,1.0,0.0
LDHAL6A,0.43533477408784266,1.0,1.0,1.0,0.0
LDHAL6B,0.4543248976405506,1.0,0.0,1.0,0.0
LDHB,0.43853724506676767,1.0,0.0,1.0,0.0
LDHC,0.5123641996641086,0.8697333826195441,0.0,1.0,0.0
LDHD,0.5173213022324529,1.0,0.0,0.33333333333333326,0.0
LDLR,0.5887752953791019,1.0,0.0,1.0,0.0
LDLRAD3,0.6240050167090109,1.0,1.0,1.0,0.0
LDLRAD4,0.4017074019253782,1.0,0.0,1.0,0.0
LDLRAP1,0.6099113892049713,1.0,1.0,1.0,0.0
LDOC1,0.4110176335933809,1.0,0.0,0.33333333333333326,0.0
LEAP2,0.5978644761674594,1.0,0.0,0.33333333333333326,0.0
LEF1,0.6181207556563926,1.0,1.0,1.0,0.0
LEMD1,0.3940983795402576,1.0,0.0,1.0,0.0
LEMD2,0.5508627232864333,1.0,0.0,0.33333333333333326,0.0
LENG1,0.4688406229814793,0.7332988201416654,0.0,0.33333333333333326,0.0
LENG8,0.5893560374789459,0.4511481602113578,0.0,1.0,0.0
LENG9,0.5138336797818186,1.0,0.0,0.33333333333333326,0.0
LEO1,0.4238141707537612,1.0,1.0,1.0,0.0
LEP,0.46689334299140806,0.6130664265523991,1.0,0.33333333333333326,0.0
LEPR,0.5819989745893444,1.0,1.0,1.0,0.0
LEPROT,0.5679168987180246,1.0,0.0,1.0,0.0
LEPROTL1,0.43156181672109456,1.0,0.0,0.33333333333333326,0.0
LETM1,0.4434243723752263,1.0,0.0,0.33333333333333326,0.0
LETMD1,0.43576790351816724,1.0,0.0,1.0,0.0
LFNG,0.5744027573114686,1.0,0.0,0.33333333333333326,0.0
LGALS1,0.5154604612709881,0.16272372548067734,1.0,0.33333333333333326,0.0
LGALS12,0.5376091951699353,0.5218984263705024,0.0,1.0,0.0
LGALS13,0.38444417984680657,1.0,1.0,1.0,0.0
LGALS14,0.3743835091907209,0.07160812579718333,0.0,1.0,0.0
LGALS2,0.4669939026643036,0.6322585457493161,0.0,1.0,0.0
LGALS3,0.5408563296692691,1.0,0.0,1.0,0.0
LGALS3BP,0.6401592936245326,1.0,1.0,1.0,0.0
LGALS4,0.5401614208705592,0.7604086932822165,1.0,1.0,0.0
LGALS8,0.42353494537569825,1.0,1.0,0.33333333333333326,0.0
LGALS9,0.5915823307388048,1.0,0.0,1.0,0.0
LGALSL,0.3457507515224997,1.0,0.0,0.33333333333333326,0.0
LGI1,0.45999292382471546,0.21154739771589345,0.0,1.0,0.0
LGI2,0.32625363845083916,1.0,1.0,1.0,0.0
LGI4,0.6269337606397829,1.0,0.0,0.33333333333333326,0.0
LGMN,0.4358503722958309,1.0,1.0,0.33333333333333326,0.0
LGR4,0.6041204444558504,1.0,1.0,1.0,0.0
LGR5,0.5387041031302565,0.15796663676543246,0.0,1.0,0.0
LGR6,0.40796391845353275,0.3086697382893137,1.0,0.33333333333333326,0.0
LHCGR,0.5930030283901522,1.0,1.0,1.0,0.0
LHFPL1,0.3567901093581597,0.7853196263615698,1.0,0.33333333333333326,0.0
LHFPL2,0.6726245307561661,1.0,1.0,1.0,0.0
LHFPL3,0.4201778732494511,1.0,0.0,0.33333333333333326,0.0
LHFPL4,0.3596855243036389,1.0,0.0,1.0,0.0
LHFPL5,0.3556720926884713,1.0,0.0,0.33333333333333326,0.0
LHFPL6,0.5385437771782698,1.0,0.0,1.0,0.0
LHFPL7,0.4708776721809683,0.23066708677415754,0.0,0.33333333333333326,0.0
LHPP,0.5406914708931873,0.5668852072784591,0.0,1.0,0.0
LHX2,0.5326552343025963,0.7733702078256933,0.0,1.0,0.0
LHX3,0.35256402926051505,0.3392334736255326,0.0,0.33333333333333326,0.0
LHX6,0.36763005774602797,1.0,0.0,1.0,0.0
LIAS,0.4358314735326721,1.0,0.0,1.0,0.0
LIAT1,0.3927831478590765,1.0,0.0,1.0,0.0
LIF,0.5456530891670173,1.0,0.0,1.0,0.0
LIFR,0.6331714105671276,1.0,1.0,1.0,0.0
LIG4,0.45727957361863025,1.0,1.0,0.33333333333333326,0.0
LILRA1,0.6008906302195101,0.3440686081310909,0.0,1.0,0.0
LILRA2,0.7062268230273382,1.0,0.0,1.0,0.0
LILRA3,0.5243028470016662,1.0,0.0,0.33333333333333326,0.0
LILRA4,0.5104084690706653,0.5468688119137594,0.0,0.33333333333333326,0.0
LILRA5,0.4285628158181188,0.9637217020107723,1.0,0.33333333333333326,0.0
LILRA6,0.5009402509606306,1.0,0.0,0.33333333333333326,0.0
LILRB1,0.4754442080074511,1.0,1.0,0.33333333333333326,0.0
LILRB2,0.6743088207810773,1.0,1.0,1.0,0.0
LILRB3,0.6690152787417444,1.0,1.0,0.33333333333333326,0.0
LILRB4,0.5550165551413435,0.7677589826954815,0.0,1.0,0.0
LILRB5,0.6514318360940244,1.0,0.0,0.33333333333333326,0.0
LIMA1,0.5674493292142904,1.0,1.0,1.0,0.0
LIMCH1,0.4504573154520208,0.6656710825038545,0.0,1.0,0.0
LIMD1,0.577315383314321,1.0,1.0,1.0,0.0
LIMD2,0.4620139867838748,0.24148580106014955,0.0,0.33333333333333326,0.0
LIME1,0.45821344468341496,1.0,1.0,0.33333333333333326,0.0
LIMK1,0.43491305722477147,0.8621728147594974,0.0,1.0,0.0
LIMK2,0.6891681359859456,1.0,1.0,1.0,0.0
LIMS1,0.6529191487302342,1.0,1.0,1.0,0.0
LIMS2,0.5306694769229561,0.9689893223317771,0.0,0.33333333333333326,0.0
LIMS3,0.5287371698151204,1.0,0.0,1.0,0.0
LIN28B,0.5301127942233651,0.3987196714662153,1.0,0.33333333333333326,0.0
LIN52,0.4590656483316694,1.0,0.0,0.33333333333333326,0.0
LIN7B,0.3259066299418438,1.0,1.0,1.0,0.0
LIN7C,0.5211845574027281,1.0,0.0,1.0,0.0
LIN9,0.5450459150642286,1.0,0.0,0.33333333333333326,0.0
LINGO1,0.33364373827974186,1.0,1.0,1.0,0.0
LINGO2,0.3968605683749346,1.0,0.0,0.33333333333333326,0.0
LINS1,0.5162295744279398,1.0,0.0,1.0,0.0
LIPA,0.5378642698260797,0.6229879060282983,0.0,1.0,0.0
LIPC,0.439353572541179,0.8199453834773193,0.0,1.0,0.0
LIPE,0.5267076153300654,0.4287404933954538,0.0,1.0,0.0
LIPG,0.6848614996417582,1.0,1.0,1.0,0.0
LIPJ,0.4048167654961258,1.0,0.0,0.33333333333333326,0.0
LIPM,0.41654615159519387,0.33082775475152204,1.0,1.0,0.0
LIPT1,0.4664403482507839,0.1347619417339158,1.0,0.33333333333333326,0.0
LITAF,0.5707562042701015,1.0,0.0,1.0,0.0
LIX1,0.5627259014178435,0.8763230907714109,0.0,0.33333333333333326,0.0
LIX1L,0.5494768826883994,1.0,0.0,1.0,0.0
LLGL1,0.45140397404137994,0.21944837966832742,1.0,0.33333333333333326,0.0
LLGL2,0.5342262611262172,1.0,0.0,1.0,0.0
LLPH,0.47362559561497936,0.13061263488877772,0.0,0.33333333333333326,0.0
LMAN1L,0.318594205635052,0.15246571583025234,0.0,1.0,0.0
LMAN2L,0.5509376169661389,1.0,0.0,1.0,0.0
LMBR1,0.35780287515845627,1.0,0.0,0.33333333333333326,0.0
LMBRD1,0.4553324324354243,0.35457394148304316,0.0,0.33333333333333326,0.0
LMBRD2,0.3914499156487455,1.0,1.0,1.0,0.0
LMF2,0.49519750694323167,0.2554000957220516,0.0,1.0,0.0
LMLN,0.38729155672052584,1.0,1.0,1.0,0.0
LMNA,0.5416712163434375,1.0,0.0,1.0,0.0
LMNB2,0.535103089833818,1.0,0.0,1.0,0.0
LMO1,0.41331331622593653,1.0,0.0,1.0,0.0
LMO2,0.5339481378626314,1.0,0.0,1.0,0.0
LMO3,0.42209820871764103,1.0,0.0,0.33333333333333326,0.0
LMO4,0.3332820856508095,1.0,0.0,1.0,0.0
LMO7,0.4472687830746653,1.0,0.0,0.33333333333333326,0.0
LMOD1,0.5949056614224234,1.0,0.0,1.0,0.0
LMOD2,0.5428735913764909,0.4190186851493897,1.0,0.33333333333333326,0.0
LMOD3,0.38467351871701305,1.0,1.0,1.0,0.0
LMTK2,0.4132068593271989,1.0,1.0,1.0,0.0
LMTK3,0.5005713971195147,0.027788470709750383,0.0,1.0,0.0
LNPEP,0.5185671139696557,0.8630917993377161,0.0,1.0,0.0
LNPK,0.3621319700217197,1.0,0.0,0.33333333333333326,0.0
LNX1,0.3244747194015444,1.0,0.0,1.0,0.0
LNX2,0.5352783516288208,0.3362948076106232,1.0,0.33333333333333326,0.0
LONP2,0.5429807904972581,0.24111219248549473,1.0,1.0,0.0
LONRF1,0.5855453874244954,0.2040478038185604,0.0,1.0,0.0
LONRF3,0.6151361410134926,1.0,1.0,1.0,0.0
LORICRIN,0.36543259366051384,1.0,0.0,1.0,0.0
LOX,0.5227859829075395,0.33962076142986747,0.0,0.33333333333333326,0.0
LOXL1,0.49471988629820934,1.0,1.0,0.33333333333333326,0.0
LOXL2,0.526829391636146,1.0,1.0,0.33333333333333326,0.0
LOXL3,0.598636309897776,1.0,1.0,1.0,0.0
LOXL4,0.6409321799244695,1.0,1.0,1.0,0.0
LPA,0.3450238283824249,1.0,0.0,1.0,0.0
LPAR2,0.41652612157326296,0.36814077365376524,1.0,0.33333333333333326,0.0
LPAR3,0.5121450161518453,0.08378860967083687,0.0,1.0,0.0
LPAR4,0.5846544050583182,1.0,0.0,1.0,0.0
LPAR6,0.6007146422054174,1.0,1.0,1.0,0.0
LPCAT1,0.4360007804941388,0.5328361848785427,1.0,0.33333333333333326,0.0
LPCAT2,0.6454146194729524,1.0,1.0,1.0,0.0
LPCAT3,0.5509264348622509,1.0,0.0,0.33333333333333326,0.0
LPIN1,0.5822025758745043,1.0,1.0,1.0,0.0
LPIN2,0.6406969870121477,0.8019959895387345,0.0,1.0,0.0
LPL,0.5399013267736652,0.6008389831682465,0.0,1.0,0.0
LRAT,0.5120120088303368,0.07709666100762849,0.0,1.0,0.0
LRATD1,0.21845953172299445,1.0,1.0,1.0,0.0
LRATD2,0.6282708536627571,1.0,1.0,1.0,0.0
LRCH1,0.3585146230328579,1.0,1.0,0.33333333333333326,0.0
LRCH2,0.54184997062521,0.9732719677519924,1.0,1.0,0.0
LRCH3,0.5303562385921362,1.0,0.0,1.0,0.0
LRCH4,0.6113721215732916,1.0,1.0,1.0,0.0
LRFN1,0.5599477269514445,0.3837810140755757,1.0,1.0,0.0
LRFN2,0.3499707059297781,1.0,1.0,1.0,0.0
LRFN3,0.44870194468795405,1.0,0.0,1.0,0.0
LRFN4,0.5151082232828622,0.4370217573791146,0.0,1.0,0.0
LRFN5,0.3859964081551113,1.0,0.0,1.0,0.0
LRG1,0.52761397185946,1.0,0.0,1.0,0.0
LRGUK,0.5200986439421614,0.11063053214591702,1.0,0.33333333333333326,0.0
LRIF1,0.5011509577090052,0.14290496392168223,0.0,0.33333333333333326,0.0
LRIG1,0.6688518852942796,1.0,1.0,1.0,0.0
LRIG2,0.3820984849629461,0.3849852921521816,0.0,0.33333333333333326,0.0
LRIG3,0.62272621621191,1.0,1.0,1.0,0.0
LRIT1,0.5326178888167244,0.6359648393345744,1.0,1.0,0.0
LRIT2,0.575533341743708,1.0,1.0,1.0,0.0
LRIT3,0.5371720341233274,0.8075751103799419,0.0,0.33333333333333326,0.0
LRMDA,0.6151762499786902,1.0,0.0,0.33333333333333326,0.0
LRP1,0.5242755123224585,0.9875663204794244,0.0,0.33333333333333326,0.0
LRP10,0.6625543314602654,1.0,1.0,1.0,0.0
LRP11,0.4062366020664095,1.0,0.0,1.0,0.0
LRP12,0.4380831565486223,1.0,0.0,1.0,0.0
LRP1B,0.45676443086794544,0.3862570787390701,0.0,0.33333333333333326,0.0
LRP2,0.5611457636191615,0.317025572704184,0.0,1.0,0.0
LRP4,0.7380049799736378,1.0,1.0,1.0,0.0
LRP5,0.5150719328688781,0.6407267735671364,0.0,1.0,0.0
LRP6,0.5263961412724897,1.0,0.0,0.33333333333333326,0.0
LRP8,0.5110553800863593,1.0,1.0,0.33333333333333326,0.0
LRPAP1,0.41120743618831773,1.0,0.0,1.0,0.0
LRPPRC,0.39316002215789,1.0,1.0,1.0,0.0
LRR1,0.5884642413515615,1.0,1.0,1.0,0.0
LRRC1,0.6921521096040417,1.0,1.0,1.0,0.0
LRRC14,0.5249061244921776,0.5216123296254498,0.0,1.0,0.0
LRRC17,0.4272221212062134,0.6458005317504796,0.0,0.33333333333333326,0.0
LRRC18,0.4681692753082049,0.3984953606333348,0.0,0.33333333333333326,0.0
LRRC19,0.4512188212792967,1.0,0.0,1.0,0.0
LRRC2,0.27993302032173256,1.0,1.0,1.0,0.0
LRRC20,0.3904952339049193,1.0,0.0,1.0,0.0
LRRC24,0.4109401124363311,1.0,0.0,1.0,0.0
LRRC25,0.41407458865766983,0.23622591640509344,0.0,0.33333333333333326,0.0
LRRC27,0.5054360420649298,0.341953727457719,1.0,0.33333333333333326,0.0
LRRC28,0.5014601546240435,0.8756579606683244,0.0,1.0,0.0
LRRC32,0.7555284221628932,1.0,1.0,1.0,0.0
LRRC36,0.4701431528929119,0.46590692024365343,0.0,0.33333333333333326,0.0
LRRC37A,0.5357907227379398,0.3469166429940167,0.0,0.33333333333333326,0.0
LRRC37A2,0.6000857413535804,1.0,0.0,0.33333333333333326,0.0
LRRC38,0.3834394297569312,1.0,0.0,1.0,0.0
LRRC39,0.4167230339574792,1.0,0.0,1.0,0.0
LRRC4,0.37024102056398767,1.0,0.0,1.0,0.0
LRRC40,0.3432531320682914,1.0,1.0,1.0,0.0
LRRC42,0.5083203383327511,0.8344660701999401,0.0,1.0,0.0
LRRC43,0.5847678484002434,1.0,1.0,1.0,0.0
LRRC45,0.5776934759034423,1.0,1.0,1.0,0.0
LRRC46,0.5785988008221518,0.29295789188812577,0.0,0.33333333333333326,0.0
LRRC47,0.39646229562558194,1.0,0.0,1.0,0.0
LRRC49,0.26691738703438916,1.0,1.0,1.0,0.0
LRRC4C,0.3608656469112724,1.0,0.0,1.0,0.0
LRRC51,0.4649061224560283,0.24295250066323476,0.0,1.0,0.0
LRRC56,0.4330407517253206,0.06755579368263681,0.0,0.33333333333333326,0.0
LRRC57,0.46297413066878496,0.7616692532736788,0.0,0.33333333333333326,0.0
LRRC58,0.5590122845647466,0.5490060219744235,1.0,1.0,0.0
LRRC59,0.5053199276824993,1.0,1.0,0.33333333333333326,0.0
LRRC7,0.3525663479079149,1.0,0.0,1.0,0.0
LRRC73,0.40640169702808143,1.0,1.0,0.33333333333333326,0.0
LRRC75A,0.3548576372445882,1.0,0.0,1.0,0.0
LRRC8A,0.6000818281342292,1.0,0.0,1.0,0.0
LRRC8B,0.2964476417548054,1.0,1.0,1.0,0.0
LRRC8C,0.6012108951143649,1.0,1.0,1.0,0.0
LRRFIP1,0.44738312417952153,0.7296754798360172,1.0,0.33333333333333326,0.0
LRRFIP2,0.5045569940794545,0.5749668734910401,0.0,0.33333333333333326,0.0
LRRIQ1,0.5394102226554487,1.0,0.0,1.0,0.0
LRRK1,0.44862086049869937,0.890025042984538,0.0,0.33333333333333326,0.0
LRRN1,0.44300632136892,0.38994678031229024,0.0,0.33333333333333326,0.0
LRRN2,0.3893295476465593,0.13602173710370152,1.0,1.0,0.0
LRRN3,0.4217383037349262,1.0,0.0,0.33333333333333326,0.0
LRRN4,0.46384706773818185,0.5816045805689165,0.0,0.33333333333333326,0.0
LRRTM1,0.2719689618565141,1.0,0.0,0.33333333333333326,0.0
LRRTM2,0.3708214742956906,1.0,0.0,0.33333333333333326,0.0
LRRTM3,0.38335314563820205,1.0,0.0,0.33333333333333326,0.0
LRRTM4,0.3955271571953925,1.0,0.0,1.0,0.0
LRTM1,0.520643890638855,0.8365678870604203,0.0,1.0,0.0
LRTM2,0.28636805033846185,1.0,0.0,1.0,0.0
LRWD1,0.4709453514365084,0.10086650163138647,0.0,1.0,0.0
LSM1,0.4757767338294883,0.24607297698976985,0.0,1.0,0.0
LSM11,0.45861327624487075,0.7705072566870412,0.0,1.0,0.0
LSM14A,0.5168279816517313,1.0,0.0,1.0,0.0
LSM14B,0.4127333759816858,1.0,0.0,1.0,0.0
LSM2,0.5247889176579338,1.0,0.0,0.33333333333333326,0.0
LSM3,0.44014289824702946,1.0,0.0,1.0,0.0
LSM4,0.3998782281952078,1.0,1.0,1.0,0.0
LSM5,0.4574030132238845,0.6551788415862333,0.0,1.0,0.0
LSM8,0.5006233020446006,0.12138819228546581,0.0,0.33333333333333326,0.0
LSMEM1,0.6243932934294588,1.0,0.0,0.33333333333333326,0.0
LSMEM2,0.47030047472378145,1.0,1.0,0.33333333333333326,0.0
LSP1,0.4263785177859664,1.0,1.0,0.33333333333333326,0.0
LSR,0.41105190657655954,1.0,1.0,0.33333333333333326,0.0
LSS,0.6270498912934664,1.0,0.0,1.0,0.0
LST1,0.618239780422112,1.0,1.0,1.0,0.0
LTA,0.5016398892303814,0.5493003399719337,0.0,1.0,0.0
LTA4H,0.5142719240563755,1.0,0.0,0.33333333333333326,0.0
LTAP1,0.4683495649380973,0.6203207945476715,0.0,1.0,0.0
LTB4R,0.5016314650954886,0.6386729219544736,0.0,1.0,0.0
LTB4R2,0.5558612642169565,0.5471806116513603,0.0,1.0,0.0
LTBP1,0.7057328546604797,1.0,1.0,1.0,0.0
LTBP2,0.428730444777009,1.0,1.0,0.33333333333333326,0.0
LTBP3,0.6475091338269021,1.0,1.0,1.0,0.0
LTBP4,0.5772839835712051,0.9524414378793468,1.0,1.0,0.0
LTBR,0.6950371134725498,1.0,0.0,1.0,0.0
LTF,0.6867717212829288,1.0,0.0,0.33333333333333326,0.0
LTK,0.33620340231780693,0.43308263920406154,1.0,1.0,0.0
LTO1,0.4699230364743306,0.5341907973499003,0.0,1.0,0.0
LTV1,0.46254990043829297,0.6115857406725687,0.0,1.0,0.0
LUC7L,0.4298616828602004,1.0,1.0,1.0,0.0
LUC7L2,0.4425862055446496,0.32897601105916663,0.0,0.33333333333333326,0.0
LUC7L3,0.5166283551529721,0.5353752292201789,0.0,0.33333333333333326,0.0
LUM,0.6494055059179634,0.516752738609654,0.0,0.33333333333333326,0.0
LXN,0.4070858209140689,0.5015705975835055,1.0,1.0,0.0
LY6D,0.410324457921962,1.0,0.0,0.33333333333333326,0.0
LY6G5B,0.46968418283376795,0.6912729975408803,0.0,0.33333333333333326,0.0
LY6G5C,0.5572390908872531,1.0,0.0,0.33333333333333326,0.0
LY6G6D,0.5073093447307425,0.8542544669364448,0.0,1.0,0.0
LY6H,0.3936535925861565,1.0,0.0,0.33333333333333326,0.0
LY75,0.5489969988871763,1.0,0.0,0.33333333333333326,0.0
LY86,0.6320915143218315,1.0,0.0,0.33333333333333326,0.0
LY9,0.5164981022823958,1.0,0.0,0.33333333333333326,0.0
LY96,0.6382080203576407,1.0,1.0,1.0,0.0
LYAR,0.5841840395424638,1.0,1.0,1.0,0.0
LYG1,0.6010475274204164,1.0,1.0,1.0,0.0
LYG2,0.500066512631991,1.0,1.0,0.33333333333333326,0.0
LYL1,0.5472431346724876,1.0,0.0,1.0,0.0
LYN,0.6118356641094116,1.0,1.0,1.0,0.0
LYNX1,0.44826973250191765,0.7145565042330657,1.0,0.33333333333333326,0.0
LYPD1,0.44496945790745007,0.22515989675842502,0.0,0.33333333333333326,0.0
LYPD2,0.47400510323040523,0.02513903046569613,0.0,0.33333333333333326,0.0
LYPLA1,0.43073398974502847,1.0,0.0,1.0,0.0
LYPLAL1,0.5022828341853862,0.26318141565961906,1.0,0.33333333333333326,0.0
LYRM1,0.42004446886122837,1.0,0.0,1.0,0.0
LYRM2,0.4572044531969272,0.508105076715961,0.0,1.0,0.0
LYRM4,0.36495398246459027,0.45714356037598614,0.0,1.0,0.0
LYRM7,0.3804492594554718,1.0,1.0,1.0,0.0
LYSET,0.45596725980393554,0.8254235417419626,0.0,1.0,0.0
LYSMD1,0.4474379412122889,0.4433962560815524,0.0,0.33333333333333326,0.0
LYSMD2,0.38288156353513214,1.0,0.0,1.0,0.0
LYSMD4,0.4817380764618221,0.328879809464129,0.0,0.33333333333333326,0.0
LYVE1,0.6450253171540998,1.0,0.0,1.0,0.0
LYZ,0.6122263915370034,1.0,1.0,0.33333333333333326,0.0
LYZL2,0.4586814561836833,0.07216120036823885,0.0,0.33333333333333326,0.0
LYZL4,0.5122276783506625,1.0,1.0,0.33333333333333326,0.0
LYZL6,0.4774503513497084,0.11125409741576765,0.0,0.33333333333333326,0.0
LZIC,0.5337186988314239,0.8617290813070038,1.0,0.33333333333333326,0.0
LZTFL1,0.3797999520252632,1.0,0.0,1.0,0.0
LZTR1,0.5593689963673881,1.0,0.0,1.0,0.0
LZTS1,0.4255808625064135,1.0,0.0,1.0,0.0
LZTS2,0.5750543965277417,1.0,0.0,1.0,0.0
LZTS3,0.43063442905605154,0.7482782427098341,0.0,1.0,0.0
MAB21L1,0.5695124405602863,1.0,0.0,0.33333333333333326,0.0
MAB21L2,0.3929657711151731,0.3768126435814063,1.0,1.0,0.0
MAB21L3,0.5181296619083947,0.41663548203267786,0.0,1.0,0.0
MAB21L4,0.5051579092626555,1.0,0.0,1.0,0.0
MACF1,0.5856488656530723,1.0,1.0,1.0,0.0
MACO1,0.46783059914020814,0.2836154620853279,0.0,1.0,0.0
MACROD1,0.5563454778783503,1.0,0.0,1.0,0.0
MACROD2,0.44045070186563656,0.23524942438225807,1.0,0.33333333333333326,0.0
MACROH2A1,0.4639792322970689,1.0,0.0,1.0,0.0
MACROH2A2,0.4447549918214666,0.2327479128102465,1.0,1.0,0.0
MAD1L1,0.4970545116157686,0.3828198644604443,0.0,1.0,0.0
MAD2L1,0.33405799332572067,1.0,0.0,1.0,0.0
MAD2L1BP,0.4458094672365391,0.28573647357017684,1.0,0.33333333333333326,0.0
MAD2L2,0.564355602691252,1.0,1.0,1.0,0.0
MADCAM1,0.49759780797163705,0.4142058258932887,0.0,1.0,0.0
MADD,0.3837660426422961,1.0,1.0,1.0,0.0
MAEA,0.4318700567439556,1.0,0.0,0.33333333333333326,0.0
MAEL,0.40223441202967936,1.0,0.0,0.33333333333333326,0.0
MAF,0.6035487082038924,1.0,0.0,0.33333333333333326,0.0
MAF1,0.5909093707738621,1.0,1.0,1.0,0.0
MAFA,0.3989097735762122,0.1888293072097457,0.0,0.33333333333333326,0.0
MAFB,0.45451334210149297,0.19050786098724376,0.0,1.0,0.0
MAFF,0.8293678981087245,1.0,0.0,1.0,0.0
MAFK,0.41164545792817675,0.3363722549564069,1.0,0.33333333333333326,0.0
MAGEA1,0.5323534631512162,1.0,0.0,1.0,0.0
MAGEA10,0.4631067065768333,1.0,0.0,0.33333333333333326,0.0
MAGEA12,0.5254815876707876,1.0,0.0,1.0,0.0
MAGEA2,0.5151442996028492,0.6804728740135022,0.0,0.33333333333333326,0.0
MAGEA2B,0.5190918949434151,0.6751610041775716,0.0,1.0,0.0
MAGEA8,0.3941596254797391,0.3735375657206375,1.0,1.0,0.0
MAGEA9,0.5558384968077487,0.05260462339844774,0.0,1.0,0.0
MAGEB1,0.3347531448157917,0.4897543565372034,1.0,1.0,0.0
MAGEB10,0.5993417532722012,0.273544990822534,1.0,1.0,0.0
MAGEB4,0.5662714629558313,0.19908353204518286,1.0,1.0,0.0
MAGEB6,0.5136979101172751,0.2066647524281584,0.0,1.0,0.0
MAGEC1,0.5756812566769064,0.19486844322251773,0.0,1.0,0.0
MAGEC2,0.3903898749673466,1.0,1.0,1.0,0.0
MAGEC3,0.5736122982519666,0.1199576973293829,0.0,1.0,0.0
MAGED1,0.3435327141609308,1.0,1.0,1.0,0.0
MAGED2,0.36741551267499395,1.0,1.0,1.0,0.0
MAGED4B,0.4620344416500452,0.9676605155467883,1.0,0.33333333333333326,0.0
MAGEE1,0.27136322877002533,1.0,1.0,1.0,0.0
MAGEE2,0.40523303551966094,1.0,0.0,0.33333333333333326,0.0
MAGEF1,0.3837878380400563,1.0,0.0,1.0,0.0
MAGEH1,0.33864720844828855,1.0,1.0,1.0,0.0
MAGEL2,0.36905873687589236,1.0,0.0,1.0,0.0
MAGI1,0.3697843645706708,1.0,1.0,1.0,0.0
MAGI2,0.4560095002977214,1.0,0.0,0.33333333333333326,0.0
MAGI3,0.39938324516643753,1.0,0.0,1.0,0.0
MAGOH,0.441199625309369,1.0,0.0,0.33333333333333326,0.0
MAIP1,0.38176517920964614,1.0,0.0,1.0,0.0
MAK16,0.3412792424094223,1.0,0.0,0.33333333333333326,0.0
MAL,0.5005974781049112,0.3893768633029395,0.0,0.33333333333333326,0.0
MAL2,0.18215741250125525,1.0,1.0,1.0,0.0
MALL,0.5336598412081045,0.9741637556153522,0.0,1.0,0.0
MALRD1,0.5766317235025246,0.23915743086958627,0.0,0.33333333333333326,0.0
MALSU1,0.4569621787662152,1.0,0.0,1.0,0.0
MALT1,0.42507510517210295,0.05312962527499328,0.0,0.33333333333333326,0.0
MAMDC2,0.5002255630794608,0.26957479744086904,0.0,0.33333333333333326,0.0
MAMDC4,0.4977620340246149,0.3918256583212343,0.0,1.0,0.0
MAML1,0.5850525595282833,1.0,1.0,1.0,0.0
MAML2,0.5956238410954237,1.0,1.0,1.0,0.0
MAML3,0.45852655993798924,0.3554397946451441,0.0,1.0,0.0
MAMLD1,0.42032034308690625,0.19150156195642365,0.0,0.33333333333333326,0.0
MAN1A1,0.4014861132583775,1.0,0.0,0.33333333333333326,0.0
MAN1C1,0.5096018509184785,0.08860700584922958,0.0,0.33333333333333326,0.0
MAN2A1,0.555582287593269,0.6597336085414209,0.0,1.0,0.0
MAN2A2,0.5457942420869697,1.0,0.0,1.0,0.0
MAN2B1,0.6089786453161471,1.0,1.0,1.0,0.0
MAN2B2,0.4443102297593504,1.0,0.0,1.0,0.0
MAN2C1,0.5349868197838303,1.0,0.0,1.0,0.0
MANBA,0.5489491406400082,1.0,0.0,1.0,0.0
MANBAL,0.4074521942736682,1.0,0.0,0.33333333333333326,0.0
MANEAL,0.43532415259322915,1.0,0.0,0.33333333333333326,0.0
MANSC1,0.41451822768698465,1.0,0.0,1.0,0.0
MAOA,0.5886936153225504,1.0,0.0,1.0,0.0
MAOB,0.5734608079034419,0.21458263429996288,1.0,1.0,0.0
MAP10,0.3610709725171936,1.0,0.0,1.0,0.0
MAP1A,0.40186262848472265,0.45183411524738765,0.0,0.33333333333333326,0.0
MAP1B,0.2965675981630915,1.0,1.0,1.0,0.0
MAP1LC3A,0.37809684446969155,0.6977686775755161,1.0,1.0,0.0
MAP1LC3B,0.4176243558309305,1.0,1.0,1.0,0.0
MAP1LC3C,0.5126797409539189,0.566761772203564,0.0,1.0,0.0
MAP1S,0.5096612701368786,0.5910939723923174,0.0,0.33333333333333326,0.0
MAP2,0.3908377099492097,0.3690073681379497,1.0,1.0,0.0
MAP2K1,0.29631712829680107,1.0,1.0,1.0,0.0
MAP2K3,0.5515293767374989,1.0,0.0,0.33333333333333326,0.0
MAP2K4,0.36951314410982944,1.0,0.0,1.0,0.0
MAP2K5,0.43954542452562223,1.0,0.0,0.33333333333333326,0.0
MAP2K7,0.5743334571381362,1.0,1.0,1.0,0.0
MAP3K1,0.5977874672099677,1.0,1.0,1.0,0.0
MAP3K11,0.5604887254849147,1.0,0.0,1.0,0.0
MAP3K13,0.39102423584851914,1.0,0.0,0.33333333333333326,0.0
MAP3K14,0.5161080321615833,0.5805412894760493,0.0,1.0,0.0
MAP3K19,0.5150340128633221,0.7926761931808484,0.0,0.33333333333333326,0.0
MAP3K2,0.47013486667376275,0.5693597921676198,1.0,0.33333333333333326,0.0
MAP3K20,0.6796622377918198,1.0,1.0,1.0,0.0
MAP3K21,0.3173593540727561,1.0,1.0,1.0,0.0
MAP3K3,0.5840490465205853,1.0,1.0,1.0,0.0
MAP3K4,0.5102661624109703,1.0,0.0,1.0,0.0
MAP3K5,0.5573840834469632,1.0,0.0,1.0,0.0
MAP3K6,0.6135281758366827,1.0,1.0,1.0,0.0
MAP3K7,0.43729866127012973,0.7386055589612673,1.0,1.0,0.0
MAP3K8,0.6357371406071789,1.0,0.0,1.0,0.0
MAP3K9,0.35883730612988535,1.0,0.0,0.33333333333333326,0.0
MAP4,0.5235139883887752,0.47455049193808485,0.0,1.0,0.0
MAP4K1,0.5300478885183494,1.0,0.0,1.0,0.0
MAP4K3,0.3895768514962842,0.9544596131850092,1.0,1.0,0.0
MAP4K4,0.579950386885587,1.0,1.0,1.0,0.0
MAP4K5,0.5201439150141004,0.3628846100335251,0.0,1.0,0.0
MAP6,0.5035728427753395,0.4544207667920246,0.0,1.0,0.0
MAP7D1,0.4260697416863946,0.8682995797703991,1.0,1.0,0.0
MAP7D2,0.20812292271746324,1.0,1.0,1.0,0.0
MAP7D3,0.4557860541075622,0.04447096566582939,0.0,0.33333333333333326,0.0
MAPDA,0.4971648708879428,1.0,1.0,0.33333333333333326,0.0
MAPK1,0.4397616031313759,0.4561080298488084,1.0,0.33333333333333326,0.0
MAPK10,0.3726380522852248,1.0,1.0,1.0,0.0
MAPK12,0.4988420017248089,1.0,1.0,0.33333333333333326,0.0
MAPK13,0.44463614696221176,1.0,0.0,1.0,0.0
MAPK14,0.4085620562578195,0.9780628168912451,1.0,1.0,0.0
MAPK1IP1L,0.5166571533709616,0.8099781062249373,1.0,0.33333333333333326,0.0
MAPK3,0.5247553873716996,1.0,0.0,1.0,0.0
MAPK4,0.590762296912416,1.0,0.0,1.0,0.0
MAPK6,0.3673449356534108,1.0,1.0,1.0,0.0
MAPK7,0.5460896424516023,1.0,0.0,0.33333333333333326,0.0
MAPK8,0.33990708425447336,1.0,1.0,1.0,0.0
MAPK8IP1,0.4573899383030699,1.0,0.0,0.33333333333333326,0.0
MAPK8IP2,0.35052198505967935,0.654329154579019,1.0,0.33333333333333326,0.0
MAPK9,0.3262673179959139,1.0,1.0,1.0,0.0
MAPKAP1,0.4609007920069764,0.670418318409838,0.0,0.33333333333333326,0.0
MAPKAPK2,0.6490624539566221,1.0,1.0,1.0,0.0
MAPKAPK3,0.6287506195161917,1.0,0.0,1.0,0.0
MAPKAPK5,0.41875221934681905,0.7234627360907695,1.0,1.0,0.0
MAPKBP1,0.5659967487612477,1.0,1.0,1.0,0.0
MAPRE1,0.614081534336678,1.0,1.0,1.0,0.0
MAPRE2,0.4189934211935539,1.0,1.0,1.0,0.0
MAPT,0.4162210445623051,1.0,0.0,1.0,0.0
MARCHF1,0.4412578247961213,0.7586989961198684,0.0,1.0,0.0
MARCHF10,0.5230406652906798,0.4951783158586748,1.0,0.33333333333333326,0.0
MARCHF11,0.33707011987578417,1.0,1.0,1.0,0.0
MARCHF3,0.6737549897632857,1.0,0.0,0.33333333333333326,0.0
MARCHF4,0.30976580907072304,1.0,0.0,1.0,0.0
MARCHF6,0.5004083735388906,1.0,1.0,0.33333333333333326,0.0
MARCHF7,0.5321111120606999,1.0,0.0,1.0,0.0
MARCHF8,0.6209994171354867,0.18548838704462575,0.0,1.0,0.0
MARCHF9,0.6066611292334037,0.47309925302813033,0.0,0.33333333333333326,0.0
MARCKS,0.4437560653162897,1.0,0.0,1.0,0.0
MARCO,0.5385131763168447,1.0,1.0,0.33333333333333326,0.0
MARK1,0.2914907398988114,1.0,0.0,1.0,0.0
MARK3,0.518766276101773,1.0,0.0,1.0,0.0
MARS1,0.40646522798336915,1.0,1.0,1.0,0.0
MARS2,0.4302608236181393,1.0,0.0,1.0,0.0
MARVELD2,0.6101435870277161,1.0,1.0,1.0,0.0
MARVELD3,0.5888508458730011,1.0,1.0,1.0,0.0
MAS1,0.45818366431719937,0.3530362609747543,0.0,1.0,0.0
MAS1L,0.5873705073782047,1.0,1.0,1.0,0.0
MASP1,0.5726008316432821,1.0,1.0,0.33333333333333326,0.0
MAST1,0.5305177137661501,0.5675208040993271,0.0,0.33333333333333326,0.0
MAST2,0.3816874630587177,0.5806392748986506,1.0,1.0,0.0
MAST3,0.35792793544697304,1.0,0.0,1.0,0.0
MAST4,0.5266596532906559,0.32537923173049316,0.0,0.33333333333333326,0.0
MASTL,0.42886182440616927,1.0,0.0,0.33333333333333326,0.0
MAT1A,0.5079597760757208,1.0,0.0,1.0,0.0
MAT2A,0.5566164723230012,1.0,0.0,1.0,0.0
MAT2B,0.3835190389387931,1.0,1.0,1.0,0.0
MATCAP2,0.44278506690306846,0.8281353165415383,0.0,1.0,0.0
MATN1,0.3383106815649206,0.8535319527471132,1.0,1.0,0.0
MATN2,0.5627954881594,1.0,0.0,1.0,0.0
MATN3,0.567679269108356,1.0,0.0,1.0,0.0
MATR3,0.38730865328288994,1.0,1.0,1.0,0.0
MAU2,0.5620478871441589,0.5443591880554096,1.0,1.0,0.0
MAVS,0.5764048318840785,1.0,1.0,1.0,0.0
MAX,0.45859377151385217,0.8886764219495114,0.0,0.33333333333333326,0.0
MAZ,0.4038762751842109,1.0,0.0,1.0,0.0
MB,0.3556456750864113,0.6169441499540006,1.0,1.0,0.0
MB21D2,0.3514777599386679,1.0,0.0,0.33333333333333326,0.0
MBD1,0.44248220303694275,1.0,0.0,0.33333333333333326,0.0
MBD3,0.548104686710247,1.0,0.0,1.0,0.0
MBD3L1,0.5135278825299732,0.665286395899197,0.0,1.0,0.0
MBD4,0.40308931240993395,0.9556234817549988,1.0,1.0,0.0
MBD5,0.560998131628834,1.0,0.0,1.0,0.0
MBD6,0.5785405571859463,1.0,0.0,0.33333333333333326,0.0
MBL2,0.5310160557933322,0.3952426087808482,1.0,0.33333333333333326,0.0
MBNL1,0.5835563662369163,1.0,1.0,1.0,0.0
MBNL3,0.6246352441203219,0.48584404872530196,0.0,1.0,0.0
MBOAT2,0.39415167999220546,1.0,1.0,1.0,0.0
MBOAT4,0.42205862516322773,1.0,1.0,1.0,0.0
MBP,0.3791530129647949,0.5054207331840074,0.0,1.0,0.0
MBTD1,0.4656058684699944,0.5919466443801922,1.0,0.33333333333333326,0.0
MBTPS1,0.5034232899983319,0.9668739979900911,0.0,0.33333333333333326,0.0
MBTPS2,0.35867867929677827,1.0,0.0,1.0,0.0
MC1R,0.518849555749828,1.0,0.0,0.33333333333333326,0.0
MC4R,0.5025535476399491,0.24939595581540383,0.0,0.33333333333333326,0.0
MCAM,0.6049852951399562,0.12218905997826564,0.0,1.0,0.0
MCAT,0.3445464830318016,1.0,1.0,1.0,0.0
MCC,0.5989812625857679,1.0,0.0,1.0,0.0
MCCC1,0.4237044270321863,1.0,0.0,0.33333333333333326,0.0
MCCC2,0.4268948955570258,0.8059186879626613,0.0,0.33333333333333326,0.0
MCEE,0.42481817611053196,1.0,0.0,0.33333333333333326,0.0
MCEMP1,0.7180261332357671,1.0,0.0,1.0,0.0
MCF2,0.3201529242564383,1.0,1.0,1.0,0.0
MCF2L,0.4574234173830009,0.33136284323210646,0.0,1.0,0.0
MCF2L2,0.5154868721194448,1.0,1.0,0.33333333333333326,0.0
MCFD2,0.4392801029212004,1.0,0.0,1.0,0.0
MCHR1,0.33325081600257767,1.0,1.0,1.0,0.0
MCHR2,0.18858071782292563,1.0,1.0,1.0,0.0
MCL1,0.6329981779746335,1.0,1.0,1.0,0.0
MCM3,0.5820078225921261,1.0,1.0,1.0,0.0
MCM4,0.38018870810378863,1.0,0.0,1.0,0.0
MCM5,0.570667713293397,1.0,0.0,0.33333333333333326,0.0
MCM6,0.4545841130858442,0.411422764432506,0.0,1.0,0.0
MCM7,0.6374386205240766,1.0,1.0,1.0,0.0
MCM8,0.4638789070367184,1.0,1.0,0.33333333333333326,0.0
MCM9,0.5835193221320146,1.0,1.0,1.0,0.0
MCMBP,0.5504131236141521,1.0,1.0,1.0,0.0
MCMDC2,0.47173141081801406,0.45456229172790447,0.0,0.33333333333333326,0.0
MCOLN1,0.48857865183938703,1.0,1.0,0.33333333333333326,0.0
MCPH1,0.5119448421741981,1.0,0.0,1.0,0.0
MCRIP2,0.4061788423192072,0.1860256516555591,0.0,0.33333333333333326,0.0
MCRS1,0.5009533180372538,0.4228880648995409,0.0,1.0,0.0
MCTP1,0.44444772311557407,1.0,1.0,0.33333333333333326,0.0
MCTS1,0.35598094145938447,1.0,0.0,1.0,0.0
MCUB,0.5285972405061581,0.34236877434645907,0.0,1.0,0.0
MDFI,0.34694667012690167,0.6377489241182495,1.0,0.33333333333333326,0.0
MDFIC,0.5607242051537875,1.0,0.0,1.0,0.0
MDGA1,0.5672669354052314,1.0,0.0,0.33333333333333326,0.0
MDGA2,0.461556553695633,0.15477123588011626,0.0,0.33333333333333326,0.0
MDH1,0.2724515184087985,1.0,1.0,1.0,0.0
MDH1B,0.3447774792196376,1.0,0.0,0.33333333333333326,0.0
MDH2,0.32839338587721817,1.0,1.0,1.0,0.0
MDK,0.34111658086663665,0.6124743068448499,1.0,0.33333333333333326,0.0
MDM2,0.5169963535790792,1.0,0.0,0.33333333333333326,0.0
MDN1,0.4671467608455499,0.45633335259078883,0.0,0.33333333333333326,0.0
ME2,0.38391428772668773,1.0,1.0,1.0,0.0
ME3,0.334701347044285,1.0,0.0,1.0,0.0
MEA1,0.4296167482288342,1.0,0.0,1.0,0.0
MEAF6,0.3620675364202212,1.0,1.0,1.0,0.0
MEAK7,0.37797684700504675,0.1169717523694921,0.0,1.0,0.0
MECOM,0.3221836340562056,0.2538683373257613,0.0,1.0,0.0
MECP2,0.5532935614206999,0.16977980925365613,1.0,1.0,0.0
MECR,0.34415180103469295,1.0,0.0,1.0,0.0
MED10,0.3828701283002357,1.0,1.0,1.0,0.0
MED11,0.5216637963667079,1.0,0.0,1.0,0.0
MED12,0.5808915019513585,1.0,1.0,1.0,0.0
MED12L,0.36614450716557734,1.0,0.0,1.0,0.0
MED13,0.5613194455584807,1.0,0.0,1.0,0.0
MED16,0.5492276997660519,1.0,1.0,1.0,0.0
MED18,0.513719630501488,0.7522010358452189,0.0,1.0,0.0
MED19,0.44206260564171335,1.0,0.0,1.0,0.0
MED20,0.5231168901177368,1.0,0.0,1.0,0.0
MED23,0.5429540052630825,0.22404656485590432,0.0,0.33333333333333326,0.0
MED24,0.49354851454638504,0.19146631905511358,0.0,0.33333333333333326,0.0
MED25,0.5411564654019537,1.0,0.0,1.0,0.0
MED26,0.4707215925633782,0.1307975649131047,0.0,0.33333333333333326,0.0
MED27,0.5240060082669795,1.0,1.0,0.33333333333333326,0.0
MED28,0.4355157331649556,0.5583404867795513,1.0,1.0,0.0
MED29,0.40702955920127143,0.9732383683554419,1.0,1.0,0.0
MED30,0.5164654222021329,0.820888787390705,0.0,0.33333333333333326,0.0
MED31,0.36794697634360457,1.0,0.0,1.0,0.0
MED4,0.4149137763605003,1.0,0.0,1.0,0.0
MED6,0.506877112421038,0.6264689595726637,0.0,0.33333333333333326,0.0
MED7,0.4059816919306105,1.0,0.0,1.0,0.0
MED8,0.4498514969944885,1.0,0.0,0.33333333333333326,0.0
MED9,0.4504510959233804,0.43018635514326664,0.0,0.33333333333333326,0.0
MEDAG,0.6153378634294218,1.0,1.0,1.0,0.0
MEF2B,0.5663894102497835,1.0,0.0,1.0,0.0
MEF2C,0.3177998821133092,1.0,0.0,1.0,0.0
MEF2D,0.4293110292750073,0.3338403731972454,1.0,0.33333333333333326,0.0
MEFV,0.49573455929392246,0.07874367836541722,0.0,0.33333333333333326,0.0
MEGF10,0.6520188452098759,1.0,1.0,1.0,0.0
MEGF6,0.7190333388607342,0.6826572988036045,0.0,1.0,0.0
MEGF8,0.41095234687922816,1.0,0.0,0.33333333333333326,0.0
MEGF9,0.5356122759151095,0.17706044552431852,0.0,0.33333333333333326,0.0
MEI1,0.36645348198629896,1.0,1.0,1.0,0.0
MEIG1,0.5893691289360055,0.444733631149769,1.0,1.0,0.0
MEIOB,0.4926916644883354,0.33904176225596117,0.0,0.33333333333333326,0.0
MEIS1,0.5008206491194073,0.30001945345954073,0.0,0.33333333333333326,0.0
MELTF,0.41822908929237007,1.0,0.0,1.0,0.0
MEMO1,0.42440081937254054,1.0,0.0,0.33333333333333326,0.0
MEN1,0.4953910824730092,0.17662515990935812,0.0,0.33333333333333326,0.0
MEOX1,0.4854402999240357,0.25473619991291774,1.0,0.33333333333333326,0.0
MEOX2,0.6120584610288892,1.0,0.0,0.33333333333333326,0.0
MEP1A,0.5366574279159946,0.768309585614447,1.0,0.33333333333333326,0.0
MEPCE,0.4575873216362996,1.0,1.0,0.33333333333333326,0.0
MERTK,0.597990735308168,0.6443273124739686,1.0,1.0,0.0
MESD,0.5147406662162718,0.9791957114977504,0.0,1.0,0.0
MESP1,0.41766523198388195,1.0,0.0,1.0,0.0
MEST,0.43853627399963674,0.41386243695390434,0.0,1.0,0.0
MET,0.4437012027468776,1.0,0.0,0.33333333333333326,0.0
METAP1,0.39993072904208454,1.0,1.0,1.0,0.0
METAP2,0.5640894608856862,1.0,1.0,1.0,0.0
METTL13,0.4129527563416654,1.0,0.0,0.33333333333333326,0.0
METTL15,0.5077168630042077,0.948931728693264,0.0,0.33333333333333326,0.0
METTL16,0.49715678943959596,1.0,0.0,1.0,0.0
METTL17,0.51862526426189,1.0,0.0,1.0,0.0
METTL21A,0.3992879699439189,1.0,1.0,1.0,0.0
METTL21C,0.34648041464176926,1.0,1.0,1.0,0.0
METTL22,0.44159209490185036,1.0,0.0,1.0,0.0
METTL23,0.4602638172869867,0.30337806902889275,0.0,1.0,0.0
METTL25,0.5282079207940485,1.0,0.0,0.33333333333333326,0.0
METTL25B,0.5905882868292192,1.0,1.0,1.0,0.0
METTL26,0.41832289710843135,0.8768584174553713,1.0,1.0,0.0
METTL27,0.5123992458473624,0.7241552614886291,1.0,0.33333333333333326,0.0
METTL2B,0.40674109793434926,1.0,0.0,0.33333333333333326,0.0
METTL4,0.5577304822651662,0.3843368930147097,1.0,1.0,0.0
METTL5,0.5318081371467852,1.0,0.0,0.33333333333333326,0.0
METTL6,0.37713300686638274,1.0,0.0,0.33333333333333326,0.0
METTL9,0.4609501908068306,0.9117473020772524,0.0,1.0,0.0
MEX3A,0.5959147473694982,1.0,0.0,1.0,0.0
MEX3B,0.38705497843402425,1.0,0.0,0.33333333333333326,0.0
MEX3C,0.5744347123703221,0.5471629862679918,1.0,1.0,0.0
MEX3D,0.4974863790092192,0.031719599879399436,0.0,1.0,0.0
MFAP1,0.5318132659223023,0.7206453242259491,1.0,0.33333333333333326,0.0
MFAP2,0.46825415673947096,0.8290269859169562,1.0,0.33333333333333326,0.0
MFAP3,0.5563200578050802,1.0,1.0,1.0,0.0
MFAP3L,0.5860183464000266,0.2941626011828783,0.0,1.0,0.0
MFAP4,0.6476398332543656,1.0,0.0,0.33333333333333326,0.0
MFF,0.4519887614768214,1.0,0.0,0.33333333333333326,0.0
MFGE8,0.5040820908994651,0.16373381109617346,0.0,1.0,0.0
MFN1,0.4434404010319729,1.0,0.0,0.33333333333333326,0.0
MFN2,0.4322950135030358,1.0,0.0,0.33333333333333326,0.0
MFNG,0.6147745776522631,1.0,1.0,1.0,0.0
MFRP,0.5728792692611746,1.0,1.0,1.0,0.0
MFSD1,0.5784536030851264,1.0,1.0,1.0,0.0
MFSD11,0.42464189908863265,0.8300180763339211,1.0,1.0,0.0
MFSD2A,0.6331470099715388,1.0,0.0,1.0,0.0
MFSD6,0.29506737414805584,1.0,1.0,1.0,0.0
MFSD8,0.4044705515175335,1.0,0.0,1.0,0.0
MGA,0.547133185646374,1.0,0.0,1.0,0.0
MGAM,0.43810532859093854,1.0,1.0,0.33333333333333326,0.0
MGARP,0.5404773955175929,1.0,0.0,1.0,0.0
MGAT1,0.60880570235395,1.0,1.0,1.0,0.0
MGAT3,0.4416372653896513,0.3733241032087808,1.0,0.33333333333333326,0.0
MGAT4C,0.3977064236708869,0.7273051714875343,1.0,1.0,0.0
MGAT5,0.4703755650439664,1.0,0.0,1.0,0.0
MGME1,0.6313513904787409,1.0,1.0,1.0,0.0
MGMT,0.45733872923834795,0.26254521650760726,0.0,1.0,0.0
MGP,0.8022571118152219,1.0,1.0,1.0,0.0
MGST1,0.5503947367939589,1.0,0.0,1.0,0.0
MGST2,0.5575598002217511,1.0,0.0,1.0,0.0
MGST3,0.39144272161842936,1.0,1.0,1.0,0.0
MIA,0.5713300925516227,1.0,1.0,0.33333333333333326,0.0
MICA,0.7163753605525449,1.0,1.0,1.0,0.0
MICAL1,0.500538019916353,0.16790053030794275,0.0,0.33333333333333326,0.0
MICAL2,0.38347192971330174,0.8142602575231187,1.0,0.33333333333333326,0.0
MICAL3,0.5334975961388865,1.0,0.0,1.0,0.0
MICALL2,0.6666041139625847,1.0,1.0,1.0,0.0
MICB,0.6293862493600527,1.0,1.0,1.0,0.0
MICOS10,0.3999743274941577,1.0,1.0,1.0,0.0
MICU1,0.41144149324654355,0.31835893622606554,0.0,1.0,0.0
MICU2,0.4101157178747101,1.0,0.0,1.0,0.0
MICU3,0.34773863243077785,1.0,1.0,1.0,0.0
MID1,0.5369295402430992,1.0,0.0,1.0,0.0
MID1IP1,0.6797688505708447,1.0,1.0,1.0,0.0
MID2,0.5498604325711426,0.6349211062783571,1.0,1.0,0.0
MIDN,0.518057105348881,0.2501855928720837,0.0,0.33333333333333326,0.0
MIEF1,0.44267969668767354,1.0,0.0,0.33333333333333326,0.0
MIEF2,0.4225007004956957,1.0,0.0,1.0,0.0
MIEN1,0.5013979125662729,0.5868651937371054,0.0,1.0,0.0
MIER2,0.5208316742740445,1.0,0.0,0.33333333333333326,0.0
MIF,0.44115871756250147,1.0,0.0,1.0,0.0
MIF4GD,0.5801894751290505,1.0,1.0,1.0,0.0
MIGA1,0.3716814940391284,1.0,1.0,1.0,0.0
MIGA2,0.49933905751320545,0.44952028272931166,0.0,1.0,0.0
MILR1,0.6574709243965031,1.0,1.0,1.0,0.0
MIMS1,0.4468696095412812,1.0,0.0,0.33333333333333326,0.0
MIMS2,0.5536404124255669,1.0,1.0,1.0,0.0
MINAR1,0.36774918550115177,1.0,0.0,1.0,0.0
MINDY1,0.4837964576538625,1.0,1.0,0.33333333333333326,0.0
MINDY2,0.5485263452431306,1.0,1.0,1.0,0.0
MINDY3,0.40503320687681527,1.0,0.0,1.0,0.0
MINPP1,0.5435254080231562,0.6259842333366823,1.0,1.0,0.0
MIOS,0.546838719052061,0.43846653565527277,1.0,1.0,0.0
MIOX,0.4779093905239958,0.15415820746189485,0.0,0.33333333333333326,0.0
MIP,0.34829894499958813,0.24905393456108468,0.0,0.33333333333333326,0.0
MIPEP,0.4427241101756958,1.0,0.0,0.33333333333333326,0.0
MIS12,0.504635846194177,0.2299843027463826,0.0,1.0,0.0
MIS18A,0.41462611803908306,1.0,0.0,1.0,0.0
MIS18BP1,0.44420872538526274,0.5443738002483921,0.0,0.33333333333333326,0.0
MISO1,0.5317822036579235,0.7905563801406246,1.0,0.33333333333333326,0.0
MISP,0.545131779779652,0.6954470131775856,1.0,1.0,0.0
MITD1,0.5855729019803314,1.0,1.0,1.0,0.0
MITF,0.6259021179115626,1.0,1.0,1.0,0.0
MKI67,0.5700526961340935,0.3799235693521023,0.0,1.0,0.0
MKKS,0.37798525548954337,1.0,1.0,1.0,0.0
MKLN1,0.6200481807215433,1.0,1.0,1.0,0.0
MKNK1,0.45233595090274553,1.0,1.0,0.33333333333333326,0.0
MKNK2,0.6645989136334486,1.0,0.0,0.33333333333333326,0.0
MKRN1,0.45241691011510826,0.1897520435892293,0.0,1.0,0.0
MKRN2,0.3751887001549456,1.0,1.0,1.0,0.0
MKRN3,0.5421669879927697,0.6969494545630057,0.0,1.0,0.0
MKS1,0.5860767613787238,1.0,1.0,1.0,0.0
MKX,0.4004556877694838,1.0,0.0,1.0,0.0
MLANA,0.4598892325739426,0.37799086677929544,0.0,1.0,0.0
MLC1,0.5997358321750276,1.0,1.0,1.0,0.0
MLEC,0.5969002088917253,1.0,1.0,1.0,0.0
MLF1,0.4447450434230132,0.9716314873684903,0.0,0.33333333333333326,0.0
MLF2,0.4587514016116043,0.08543577841248087,1.0,0.33333333333333326,0.0
MLH1,0.43785216910626984,1.0,0.0,0.33333333333333326,0.0
MLH3,0.506329390836116,0.6874770785791955,0.0,0.33333333333333326,0.0
MLIP,0.4193411399968134,1.0,1.0,0.33333333333333326,0.0
MLKL,0.6780806577424876,1.0,1.0,1.0,0.0
MLLT1,0.5667613192810625,0.3520910333498848,0.0,0.33333333333333326,0.0
MLLT10,0.544622176356608,1.0,1.0,1.0,0.0
MLLT11,0.22259965146688016,1.0,1.0,1.0,0.0
MLLT3,0.4456227004214128,1.0,1.0,0.33333333333333326,0.0
MLNR,0.5707738404245338,0.2573366421551502,0.0,1.0,0.0
MLPH,0.7012476380373378,1.0,0.0,1.0,0.0
MLX,0.3992434060919008,0.18382694535712635,0.0,0.33333333333333326,0.0
MLXIP,0.5777297769962356,1.0,1.0,1.0,0.0
MLXIPL,0.4394181777775041,1.0,1.0,0.33333333333333326,0.0
MLYCD,0.5114284058046218,0.9157246330527249,0.0,1.0,0.0
MMAA,0.46615657589847315,0.21722941027762427,0.0,0.33333333333333326,0.0
MMAB,0.5757556481798339,1.0,1.0,1.0,0.0
MMACHC,0.4770837854386973,1.0,1.0,0.33333333333333326,0.0
MMADHC,0.40167390872854564,1.0,0.0,0.33333333333333326,0.0
MMD,0.34188756628192396,1.0,0.0,1.0,0.0
MMD2,0.4955291966335667,0.56159272778865,1.0,0.33333333333333326,0.0
MMEL1,0.6134405844785519,1.0,0.0,1.0,0.0
MMP11,0.5050076341095343,0.6889392466918505,0.0,1.0,0.0
MMP12,0.5051627319217129,0.4747497315388502,0.0,0.33333333333333326,0.0
MMP14,0.6185464863925265,1.0,1.0,1.0,0.0
MMP15,0.45819550107055607,1.0,0.0,0.33333333333333326,0.0
MMP16,0.467784660013822,0.36659476371714256,0.0,1.0,0.0
MMP17,0.3855899262243806,1.0,1.0,0.33333333333333326,0.0
MMP19,0.6290400619142218,0.45818806737957235,0.0,0.33333333333333326,0.0
MMP2,0.5565376319898658,1.0,1.0,1.0,0.0
MMP20,0.4030777531314699,0.12221448100809404,0.0,1.0,0.0
MMP21,0.5349473581637929,0.717828270593523,0.0,0.33333333333333326,0.0
MMP24,0.4438454975691172,1.0,0.0,1.0,0.0
MMP25,0.5788639723861573,0.5525795874412225,1.0,1.0,0.0
MMP28,0.540485933056435,0.4605552073010647,1.0,1.0,0.0
MMP7,0.564147992610057,0.22799073188750846,1.0,1.0,0.0
MMP9,0.5919586820256661,1.0,1.0,1.0,0.0
MMRN1,0.5722711531589282,1.0,0.0,1.0,0.0
MMRN2,0.5766917315588419,1.0,0.0,0.33333333333333326,0.0
MMS19,0.41897322604631004,0.6606572502737227,0.0,0.33333333333333326,0.0
MMS22L,0.5248790644272223,0.9609784536462966,0.0,1.0,0.0
MMUT,0.5046593708692679,1.0,0.0,1.0,0.0
MN1,0.44796901619120105,0.7045690261201765,0.0,0.33333333333333326,0.0
MNAT1,0.4418900672200208,1.0,0.0,0.33333333333333326,0.0
MND1,0.44099890016430043,0.388140299259241,0.0,1.0,0.0
MNDA,0.5666964987702503,1.0,0.0,0.33333333333333326,0.0
MNT,0.5975891289572022,0.2262804734387675,0.0,1.0,0.0
MNX1,0.37913959692422183,0.48621692411560324,1.0,0.33333333333333326,0.0
MOAP1,0.26489006030114,1.0,1.0,1.0,0.0
MOB1A,0.5608231550962242,1.0,0.0,1.0,0.0
MOB1B,0.5516834922548942,1.0,0.0,0.33333333333333326,0.0
MOB2,0.5137026208987235,1.0,0.0,1.0,0.0
MOB3A,0.6778974761128891,1.0,1.0,1.0,0.0
MOB3C,0.6486452250790535,1.0,1.0,1.0,0.0
MOB4,0.31637504927038135,1.0,1.0,1.0,0.0
MOBP,0.38476570795548276,0.7682606409465118,0.0,1.0,0.0
MOCOS,0.5545354015925531,0.7215899730736773,0.0,0.33333333333333326,0.0
MOCS1,0.6310928078007496,1.0,1.0,1.0,0.0
MOCS2,0.44171911189887014,1.0,0.0,1.0,0.0
MOCS3,0.38683921387109554,1.0,1.0,1.0,0.0
MOGAT1,0.5707240896245932,1.0,0.0,1.0,0.0
MOGAT2,0.5025646117704089,0.8755890255467866,0.0,0.33333333333333326,0.0
MOGAT3,0.5763526758601923,0.12390462611011942,0.0,0.33333333333333326,0.0
MOGS,0.4980817858465124,0.7928762580832422,0.0,0.33333333333333326,0.0
MON1B,0.5479244646450715,0.12868149791927014,1.0,1.0,0.0
MON2,0.422543841803932,1.0,0.0,0.33333333333333326,0.0
MORC2,0.5659296063178075,1.0,0.0,0.33333333333333326,0.0
MORC3,0.5313306753747691,1.0,0.0,1.0,0.0
MORC4,0.5747622181991465,1.0,0.0,1.0,0.0
MORF4L1,0.39711184528810384,1.0,0.0,1.0,0.0
MORF4L2,0.34312447366513954,1.0,1.0,1.0,0.0
MORN1,0.5753291077701486,1.0,0.0,1.0,0.0
MORN3,0.3992969089586331,1.0,0.0,0.33333333333333326,0.0
MORN4,0.38887765647285577,1.0,0.0,0.33333333333333326,0.0
MORN5,0.5220555637043419,0.8367324329976611,0.0,0.33333333333333326,0.0
MOSPD3,0.46945168700951745,0.48306291024644826,1.0,0.33333333333333326,0.0
MOV10,0.6232930944519326,1.0,1.0,1.0,0.0
MOV10L1,0.6800336868654006,1.0,1.0,1.0,0.0
MPC1,0.4370982652615028,1.0,0.0,1.0,0.0
MPC2,0.3614901529026858,1.0,1.0,1.0,0.0
MPDU1,0.5174137940419217,0.8387272454485745,0.0,0.33333333333333326,0.0
MPDZ,0.5548128849926026,0.4514920013276886,0.0,0.33333333333333326,0.0
MPG,0.4601461409306838,0.5149067072711201,0.0,0.33333333333333326,0.0
MPHOSPH6,0.40126959562828773,1.0,1.0,1.0,0.0
MPHOSPH9,0.4767174688789285,1.0,1.0,0.33333333333333326,0.0
MPI,0.5232259099518682,1.0,1.0,0.33333333333333326,0.0
MPIG6B,0.37323267657130094,0.931292745187539,1.0,0.33333333333333326,0.0
MPL,0.45876740270280203,0.3407246966865668,0.0,0.33333333333333326,0.0
MPND,0.46570191691606805,1.0,1.0,0.33333333333333326,0.0
MPO,0.3696264067775114,1.0,1.0,1.0,0.0
MPP1,0.402433070833389,1.0,1.0,1.0,0.0
MPP7,0.4384461209566296,1.0,0.0,1.0,0.0
MPPE1,0.4438617825836464,1.0,0.0,0.33333333333333326,0.0
MPPED1,0.3514698114656232,1.0,0.0,1.0,0.0
MPPED2,0.3619034806045851,1.0,0.0,0.33333333333333326,0.0
MPRIP,0.44909213060555514,1.0,0.0,0.33333333333333326,0.0
MPST,0.6193885832577898,1.0,0.0,1.0,0.0
MPV17,0.4555037164407319,1.0,0.0,1.0,0.0
MPV17L2,0.45870789033241915,0.9449557785991819,0.0,1.0,0.0
MPZL1,0.5881663568515838,1.0,1.0,1.0,0.0
MPZL2,0.614948758210602,1.0,0.0,0.33333333333333326,0.0
MR1,0.5438335555950228,1.0,0.0,1.0,0.0
MRAP,0.6551073089757764,1.0,0.0,1.0,0.0
MRAP2,0.35268649517694123,1.0,0.0,1.0,0.0
MRAS,0.6529253930357292,1.0,1.0,1.0,0.0
MRC1,0.5797759807970904,1.0,1.0,0.33333333333333326,0.0
MRC2,0.5619668659909635,1.0,0.0,1.0,0.0
MRE11,0.5148881371669121,0.7018797732703885,0.0,0.33333333333333326,0.0
MRFAP1,0.44991094167978235,1.0,0.0,1.0,0.0
MRFAP1L1,0.4394401796068023,1.0,1.0,1.0,0.0
MRGBP,0.5044786703715468,0.7950467068732079,0.0,0.33333333333333326,0.0
MRGPRE,0.5090575608887122,0.14872126333173588,0.0,0.33333333333333326,0.0
MRGPRF,0.6843064797690734,1.0,0.0,1.0,0.0
MRGPRX1,0.4537857951188204,0.6521289878715018,0.0,0.33333333333333326,0.0
MRGPRX2,0.5184507278909314,0.5145447153272006,1.0,0.33333333333333326,0.0
MRGPRX3,0.43930555280718797,0.4716869659935479,0.0,0.33333333333333326,0.0
MRM3,0.5188547733559279,1.0,1.0,0.33333333333333326,0.0
MRNIP,0.49997853148091853,0.45252670634937775,0.0,1.0,0.0
MROH5,0.5248484467709127,0.27698936733546164,1.0,0.33333333333333326,0.0
MROH6,0.5216160902540556,1.0,0.0,0.33333333333333326,0.0
MROH7,0.4427094103242016,0.7533648010221569,0.0,0.33333333333333326,0.0
MROH8,0.4902652924899288,1.0,1.0,0.33333333333333326,0.0
MROH9,0.549638128177949,0.161519170274455,0.0,0.33333333333333326,0.0
MRPL1,0.34890613916962476,1.0,1.0,1.0,0.0
MRPL11,0.36217498802117437,1.0,1.0,1.0,0.0
MRPL12,0.4215600883687329,1.0,0.0,1.0,0.0
MRPL13,0.48216009991713943,1.0,1.0,0.33333333333333326,0.0
MRPL14,0.515518469953595,1.0,1.0,0.33333333333333326,0.0
MRPL15,0.3580493152647105,1.0,0.0,1.0,0.0
MRPL16,0.4351190417048674,1.0,0.0,0.33333333333333326,0.0
MRPL18,0.45049622424734065,1.0,0.0,1.0,0.0
MRPL19,0.47296460612971175,1.0,1.0,0.33333333333333326,0.0
MRPL2,0.3440332770452924,1.0,1.0,1.0,0.0
MRPL20,0.42195289980250333,1.0,0.0,1.0,0.0
MRPL21,0.4288344102800953,1.0,0.0,1.0,0.0
MRPL23,0.5008102280022633,0.08037258241212442,0.0,0.33333333333333326,0.0
MRPL24,0.4485597133108446,1.0,0.0,0.33333333333333326,0.0
MRPL27,0.47206296021048766,0.3948696862385488,0.0,1.0,0.0
MRPL28,0.3946965261254792,1.0,0.0,1.0,0.0
MRPL3,0.4097228286963852,1.0,0.0,1.0,0.0
MRPL30,0.3816195250719313,1.0,1.0,1.0,0.0
MRPL32,0.4026285312855006,1.0,1.0,1.0,0.0
MRPL33,0.4346924082892798,1.0,0.0,0.33333333333333326,0.0
MRPL34,0.46765971395332734,0.35743319124638895,0.0,1.0,0.0
MRPL35,0.4247656128748988,1.0,0.0,1.0,0.0
MRPL36,0.4211456112757209,1.0,0.0,0.33333333333333326,0.0
MRPL37,0.45261840850336615,1.0,0.0,1.0,0.0
MRPL39,0.46056846098376747,0.21491337286844664,0.0,0.33333333333333326,0.0
MRPL4,0.4483782671497836,0.4762855518228006,0.0,1.0,0.0
MRPL40,0.4261073518462413,1.0,1.0,1.0,0.0
MRPL41,0.502610187930314,0.23583892378493257,0.0,0.33333333333333326,0.0
MRPL42,0.4091732952132024,1.0,1.0,1.0,0.0
MRPL43,0.517576204526151,1.0,0.0,1.0,0.0
MRPL44,0.46130936340293877,0.6068241982601542,0.0,0.33333333333333326,0.0
MRPL45,0.4321153397143352,1.0,0.0,0.33333333333333326,0.0
MRPL46,0.4914085794511603,1.0,1.0,0.33333333333333326,0.0
MRPL47,0.4110161552391222,1.0,0.0,1.0,0.0
MRPL50,0.4252792657334551,0.6972313232064993,1.0,1.0,0.0
MRPL51,0.4723956090990663,0.2697894254155876,0.0,1.0,0.0
MRPL52,0.5636117501603136,1.0,1.0,1.0,0.0
MRPL54,0.41399057260357114,1.0,1.0,1.0,0.0
MRPL55,0.5000924886658156,0.4527874960845207,0.0,0.33333333333333326,0.0
MRPL57,0.4221540154280419,1.0,0.0,0.33333333333333326,0.0
MRPL58,0.45299607470999714,1.0,0.0,1.0,0.0
MRPL9,0.45050843347831293,1.0,0.0,0.33333333333333326,0.0
MRPS10,0.42050335126080446,1.0,0.0,1.0,0.0
MRPS11,0.4217107326694787,1.0,0.0,1.0,0.0
MRPS12,0.37967821453564354,1.0,1.0,1.0,0.0
MRPS14,0.4256550470006308,0.7343807382804903,0.0,0.33333333333333326,0.0
MRPS16,0.440874783746633,0.24952924123348322,1.0,1.0,0.0
MRPS17,0.42352337050686556,1.0,0.0,0.33333333333333326,0.0
MRPS18A,0.3915634457227856,1.0,1.0,1.0,0.0
MRPS18C,0.36104832278082416,1.0,0.0,0.33333333333333326,0.0
MRPS21,0.44077943975076866,1.0,0.0,1.0,0.0
MRPS22,0.4069850584888821,1.0,1.0,1.0,0.0
MRPS23,0.36088226312080535,1.0,1.0,1.0,0.0
MRPS24,0.45446403897977583,1.0,0.0,0.33333333333333326,0.0
MRPS25,0.3204913553330014,1.0,1.0,1.0,0.0
MRPS26,0.45823222591089574,1.0,0.0,0.33333333333333326,0.0
MRPS27,0.4730283859536826,0.566298546042577,0.0,0.33333333333333326,0.0
MRPS28,0.4224807983275483,1.0,0.0,1.0,0.0
MRPS30,0.3160353298907584,1.0,1.0,1.0,0.0
MRPS31,0.5009618435457074,0.3342797913590346,0.0,0.33333333333333326,0.0
MRPS33,0.43662888518433735,1.0,0.0,1.0,0.0
MRPS34,0.5557345138729282,0.6399450802532254,1.0,0.33333333333333326,0.0
MRPS35,0.40245569349171995,1.0,0.0,1.0,0.0
MRPS5,0.506785010688801,0.6447807093623583,0.0,0.33333333333333326,0.0
MRPS6,0.5660692012804225,1.0,0.0,1.0,0.0
MRPS7,0.46755335814829024,1.0,1.0,0.33333333333333326,0.0
MRPS9,0.43052583702284747,1.0,0.0,0.33333333333333326,0.0
MRTFA,0.5665854608185087,1.0,1.0,1.0,0.0
MRTFB,0.3974913525957776,1.0,0.0,1.0,0.0
MRTO4,0.3945407597084762,1.0,0.0,1.0,0.0
MS4A1,0.43780663900131345,0.2478343091296789,0.0,0.33333333333333326,0.0
MS4A14,0.7327696990460614,1.0,1.0,1.0,0.0
MS4A3,0.4571497961732565,0.7834804610667243,0.0,0.33333333333333326,0.0
MS4A4A,0.7052507997091296,1.0,0.0,1.0,0.0
MS4A5,0.45472490334200893,0.27229275708150213,0.0,1.0,0.0
MS4A6A,0.7304864271389321,1.0,0.0,1.0,0.0
MS4A6E,0.43071296820639765,0.5138433342070102,1.0,0.33333333333333326,0.0
MS4A7,0.7259230125300036,1.0,1.0,1.0,0.0
MS4A8,0.4877899858916505,1.0,1.0,0.33333333333333326,0.0
MSANTD1,0.37214504401018217,1.0,0.0,1.0,0.0
MSANTD2,0.5242734211318435,1.0,0.0,1.0,0.0
MSANTD3,0.3989131119803545,1.0,0.0,1.0,0.0
MSANTD4,0.5085656012742799,0.8862477776719254,0.0,1.0,0.0
MSH2,0.4016898867451254,1.0,0.0,0.33333333333333326,0.0
MSH3,0.42201081013108355,1.0,0.0,1.0,0.0
MSH4,0.5284284388453951,0.2826609878817213,0.0,1.0,0.0
MSH6,0.550390762019882,1.0,0.0,0.33333333333333326,0.0
MSI1,0.5657268073524047,1.0,1.0,1.0,0.0
MSI2,0.5744228438334554,1.0,1.0,1.0,0.0
MSL2,0.5236548286915765,0.6480654374193712,0.0,1.0,0.0
MSL3,0.5092163075523216,0.667508806415269,0.0,0.33333333333333326,0.0
MSL3B,0.4824256657033484,1.0,1.0,0.33333333333333326,0.0
MSLN,0.536922562400374,0.6453062444320181,0.0,0.33333333333333326,0.0
MSMO1,0.3933096983586198,1.0,1.0,1.0,0.0
MSN,0.6442537616948839,1.0,1.0,1.0,0.0
MSR1,0.46809462004108915,0.4324745579909701,0.0,1.0,0.0
MSRA,0.3958581087520621,1.0,1.0,1.0,0.0
MSRB1,0.5343710723099364,1.0,0.0,1.0,0.0
MSRB2,0.497288547725861,0.23031183552292311,0.0,1.0,0.0
MSRB3,0.6253745061261253,1.0,1.0,1.0,0.0
MSS51,0.4659349033079456,0.34157278718215256,0.0,0.33333333333333326,0.0
MST1,0.517636725997593,1.0,0.0,0.33333333333333326,0.0
MSTN,0.5582576424132861,0.2672161168954716,1.0,1.0,0.0
MSTO1,0.46644032592478785,0.9630447462095499,1.0,0.33333333333333326,0.0
MSX1,0.7396883398530902,1.0,1.0,1.0,0.0
MSX2,0.5413292709960588,0.6534893290653326,0.0,0.33333333333333326,0.0
MT1A,0.7561167517468339,1.0,1.0,1.0,0.0
MT1B,0.5237825038276613,1.0,0.0,1.0,0.0
MT1E,0.7368392923940816,1.0,1.0,1.0,0.0
MT1F,0.8401364854944322,1.0,1.0,1.0,0.0
MT1G,0.8099293581722299,1.0,1.0,1.0,0.0
MT1H,0.7916767763796372,1.0,1.0,1.0,0.0
MT1HL1,0.662893624601444,1.0,0.0,1.0,0.0
MT1M,0.7843079006093983,1.0,0.0,1.0,0.0
MT1X,0.7240239597472704,1.0,0.0,1.0,0.0
MT2A,0.8095427853631679,1.0,1.0,1.0,0.0
MT3,0.580501754754983,1.0,0.0,0.33333333333333326,0.0
MTA1,0.5393297677013057,1.0,0.0,0.33333333333333326,0.0
MTA2,0.6046046899513048,1.0,0.0,1.0,0.0
MTA3,0.4355388645890412,1.0,0.0,1.0,0.0
MTAP,0.5959977054510295,1.0,0.0,1.0,0.0
MTARC1,0.4529650024470275,0.8421944838482728,0.0,1.0,0.0
MTARC2,0.4387157236904511,1.0,0.0,0.33333333333333326,0.0
MTBP,0.4937580839495877,1.0,1.0,0.33333333333333326,0.0
MTCH1,0.3838139343022415,1.0,1.0,1.0,0.0
MTCH2,0.4036808915686635,1.0,1.0,1.0,0.0
MTCL1,0.3506377747514951,1.0,1.0,1.0,0.0
MTCL3,0.41062145577466097,1.0,0.0,0.33333333333333326,0.0
MTCP1,0.5270145387130242,1.0,0.0,1.0,0.0
MTERF1,0.4451384530183492,0.07910433876072105,1.0,1.0,0.0
MTERF2,0.509270342632662,0.7794597978656125,1.0,0.33333333333333326,0.0
MTERF4,0.4264730838694716,1.0,0.0,0.33333333333333326,0.0
MTF1,0.5208901739091796,1.0,0.0,1.0,0.0
MTF2,0.3825117852105937,1.0,0.0,1.0,0.0
MTFP1,0.5271258369513873,1.0,0.0,1.0,0.0
MTFR1,0.5707967215303501,0.11396650751720977,1.0,1.0,0.0
MTFR1L,0.5462543714939854,0.3115710266142169,0.0,1.0,0.0
MTHFD1,0.504774098280619,0.20143824100494087,0.0,0.33333333333333326,0.0
MTHFD2,0.6417973499882084,1.0,0.0,1.0,0.0
MTHFD2L,0.534077228786917,1.0,0.0,1.0,0.0
MTHFS,0.5230738624652423,1.0,0.0,1.0,0.0
MTIF2,0.43691964965363467,1.0,0.0,0.33333333333333326,0.0
MTM1,0.5931488236193622,1.0,0.0,1.0,0.0
MTMR10,0.46109150947793365,0.3965742146075535,0.0,0.33333333333333326,0.0
MTMR11,0.6203032749017418,1.0,1.0,1.0,0.0
MTMR14,0.4443596870767794,0.3863275429311822,1.0,0.33333333333333326,0.0
MTMR2,0.45781884815185014,1.0,0.0,0.33333333333333326,0.0
MTMR3,0.552751541644406,1.0,0.0,1.0,0.0
MTMR4,0.35585984891900246,1.0,0.0,1.0,0.0
MTMR6,0.36373145126579404,1.0,0.0,1.0,0.0
MTMR7,0.44356593301444885,1.0,0.0,1.0,0.0
MTMR8,0.4214363028188301,0.2923635369021359,0.0,0.33333333333333326,0.0
MTMR9,0.41162737917882153,1.0,0.0,1.0,0.0
MTNAP1,0.4277077229600376,1.0,0.0,0.33333333333333326,0.0
MTO1,0.4986084165552644,0.11321580840972864,0.0,1.0,0.0
MTOR,0.4405726845406449,1.0,0.0,1.0,0.0
MTPAP,0.4289128877665103,1.0,1.0,1.0,0.0
MTPN,0.41835149130003385,0.11271040335198873,0.0,0.33333333333333326,0.0
MTR,0.42201352230882716,1.0,1.0,1.0,0.0
MTREX,0.4221954074909415,0.5598511300941883,1.0,1.0,0.0
MTRF1,0.39694934328544734,0.5674440330980381,1.0,0.33333333333333326,0.0
MTRFR,0.3860700038891605,1.0,1.0,1.0,0.0
MTRR,0.5157692663171113,0.5983750637708438,0.0,0.33333333333333326,0.0
MTSS2,0.7242040756966243,1.0,1.0,1.0,0.0
MTTP,0.5656422257304768,1.0,0.0,1.0,0.0
MTURN,0.5178190892165128,0.27685722696108805,0.0,1.0,0.0
MTUS1,0.5932931972950821,1.0,0.0,1.0,0.0
MTUS2,0.3702786606423596,1.0,0.0,1.0,0.0
MTX1,0.510294527752198,1.0,0.0,1.0,0.0
MTX2,0.32550552656548415,1.0,1.0,1.0,0.0
MTX3,0.40608867995525355,1.0,0.0,1.0,0.0
MUC1,0.5820649469628763,1.0,0.0,1.0,0.0
MUC13,0.46559229840501887,1.0,1.0,0.33333333333333326,0.0
MUC15,0.46563666069618337,0.5402072651801993,0.0,0.33333333333333326,0.0
MUC20,0.5279841111266391,1.0,0.0,1.0,0.0
MUC5B,0.4313653912690972,0.09826552867361045,0.0,0.33333333333333326,0.0
MUCL1,0.4363297409720579,1.0,0.0,0.33333333333333326,0.0
MUCL3,0.47175450061165053,0.30239583564598255,0.0,1.0,0.0
MUS81,0.5024769152523253,0.43643937230093166,0.0,1.0,0.0
MUSK,0.4967734955514782,0.08415205878723184,0.0,0.33333333333333326,0.0
MVB12A,0.5465497163842138,1.0,1.0,1.0,0.0
MVB12B,0.5219797629480246,0.3258277575995044,0.0,1.0,0.0
MVK,0.46497626313964674,0.32512811217211157,0.0,1.0,0.0
MVP,0.631427179203022,1.0,0.0,1.0,0.0
MX2,0.5230937861740601,0.3674033413000032,0.0,1.0,0.0
MXD1,0.537650418148379,0.3446882176378076,0.0,0.33333333333333326,0.0
MXD4,0.4919994376770776,1.0,1.0,0.33333333333333326,0.0
MXI1,0.677532828096331,1.0,1.0,1.0,0.0
MXRA7,0.4360013409973184,0.35957823568266867,0.0,1.0,0.0
MXRA8,0.4990974690847579,1.0,1.0,0.33333333333333326,0.0
MYADM,0.4602699321633497,0.3339919979893538,0.0,1.0,0.0
MYADML2,0.4347612287806392,1.0,0.0,1.0,0.0
MYB,0.37353664773531936,1.0,0.0,1.0,0.0
MYBBP1A,0.421506657133526,1.0,0.0,1.0,0.0
MYBL1,0.572152350905535,0.7081130209711024,1.0,1.0,0.0
MYBPC1,0.49054170619924786,0.540562487488641,1.0,0.33333333333333326,0.0
MYBPC2,0.4190669147842799,0.9301382294366815,0.0,0.33333333333333326,0.0
MYBPC3,0.5466870072915597,0.06617874924540007,0.0,1.0,0.0
MYBPH,0.5216767461372551,0.5571099547052701,0.0,0.33333333333333326,0.0
MYBPHL,0.4433857804259439,1.0,1.0,0.33333333333333326,0.0
MYC,0.6957989472253974,1.0,1.0,1.0,0.0
MYCBP,0.5846619409836054,1.0,1.0,1.0,0.0
MYCBP2,0.3201048061979143,1.0,1.0,1.0,0.0
MYCBPAP,0.5043783143287455,0.138871710364108,0.0,1.0,0.0
MYCL,0.41891437182904334,0.022148561318065862,0.0,0.33333333333333326,0.0
MYCN,0.38139573248812947,1.0,1.0,1.0,0.0
MYCT1,0.6444550618268581,1.0,1.0,1.0,0.0
MYD88,0.6571895229989482,1.0,1.0,1.0,0.0
MYDGF,0.32382332977365336,1.0,1.0,1.0,0.0
MYEF2,0.3360540669549871,1.0,1.0,1.0,0.0
MYG1,0.421806658982869,1.0,0.0,1.0,0.0
MYH1,0.5103000180496804,0.40913093103857373,0.0,1.0,0.0
MYH10,0.36343276232175725,1.0,1.0,1.0,0.0
MYH11,0.7394066507348652,0.6844335595805462,1.0,1.0,0.0
MYH14,0.4862841028041483,1.0,1.0,0.33333333333333326,0.0
MYH15,0.37651899957741664,0.17681618522282633,0.0,1.0,0.0
MYH16,0.459681978287486,0.6749640736209034,0.0,1.0,0.0
MYH2,0.4566583832624172,0.548077838835127,0.0,1.0,0.0
MYH3,0.5228437603078218,0.7240795749108413,0.0,0.33333333333333326,0.0
MYH4,0.46922224414171965,0.40931937473080915,0.0,0.33333333333333326,0.0
MYH6,0.500471200530736,0.7529317276021911,0.0,1.0,0.0
MYH7,0.5318122228427462,0.7433954581238152,0.0,0.33333333333333326,0.0
MYH9,0.6056751923948956,1.0,0.0,1.0,0.0
MYL1,0.5309838684959713,0.23854610508734925,1.0,0.33333333333333326,0.0
MYL2,0.5149541987045336,0.07441327513411447,1.0,0.33333333333333326,0.0
MYL3,0.5566930693891788,1.0,0.0,0.33333333333333326,0.0
MYL5,0.32787914907406374,1.0,1.0,1.0,0.0
MYL6,0.5244906246892834,1.0,0.0,1.0,0.0
MYL6B,0.43534616679320126,1.0,0.0,1.0,0.0
MYL7,0.5037701031384114,1.0,1.0,0.33333333333333326,0.0
MYL9,0.6785548564557482,1.0,1.0,1.0,0.0
MYLIP,0.5136552715003434,0.184927469697624,1.0,0.33333333333333326,0.0
MYLK2,0.4413200050168694,1.0,0.0,0.33333333333333326,0.0
MYNN,0.4442434927759423,1.0,1.0,0.33333333333333326,0.0
MYO10,0.632715690949799,1.0,1.0,1.0,0.0
MYO15A,0.4443506552368613,0.8553286125307181,0.0,1.0,0.0
MYO16,0.4918990258476101,1.0,1.0,0.33333333333333326,0.0
MYO18A,0.5546935314914418,1.0,0.0,0.33333333333333326,0.0
MYO18B,0.45378775540523925,0.6289267596095347,0.0,0.33333333333333326,0.0
MYO1B,0.42320829376654856,1.0,0.0,0.33333333333333326,0.0
MYO1C,0.5927127049504382,0.7903978628707704,1.0,1.0,0.0
MYO1D,0.6161210384441128,0.19743047340298478,1.0,1.0,0.0
MYO1E,0.5115247075884918,1.0,1.0,0.33333333333333326,0.0
MYO1F,0.650071235335447,1.0,1.0,1.0,0.0
MYO1G,0.5052387678335439,0.3862882815893996,0.0,0.33333333333333326,0.0
MYO3B,0.4112548860356675,0.7286507840228246,1.0,1.0,0.0
MYO5A,0.37977719574719293,1.0,0.0,1.0,0.0
MYO5B,0.3566927335007382,1.0,1.0,1.0,0.0
MYO6,0.5394799628622844,0.18017058486998108,1.0,1.0,0.0
MYO7A,0.5552549592777731,1.0,0.0,1.0,0.0
MYO9B,0.6027961223503486,1.0,1.0,1.0,0.0
MYOCD,0.4004321536912144,0.05318912782600157,0.0,1.0,0.0
MYOF,0.7666199238048301,1.0,1.0,1.0,0.0
MYOG,0.4524588648078211,1.0,0.0,1.0,0.0
MYOM1,0.587089932717119,0.7896019383293255,1.0,1.0,0.0
MYOM2,0.36521825844146977,0.2736613473905251,0.0,1.0,0.0
MYOM3,0.5104923684454883,0.9214067751683988,0.0,1.0,0.0
MYOT,0.7035461041250815,1.0,1.0,1.0,0.0
MYOZ1,0.5433154511561403,0.22136111082972004,1.0,1.0,0.0
MYOZ2,0.4165224031420257,1.0,0.0,1.0,0.0
MYOZ3,0.3755311568032901,1.0,0.0,1.0,0.0
MYPN,0.4697122530501728,0.08408023583070229,0.0,1.0,0.0
MYRF,0.5228222017766369,0.2116677416718238,0.0,1.0,0.0
MYRIP,0.5136825436945286,0.18048863157164893,1.0,0.33333333333333326,0.0
MYSM1,0.3967501376484808,1.0,0.0,1.0,0.0
MYT1,0.5202506537215018,0.5740166903321017,0.0,0.33333333333333326,0.0
MYT1L,0.35885124097357296,0.5169345559835901,1.0,0.33333333333333326,0.0
MZB1,0.4265048730736469,0.6961554389112735,1.0,0.33333333333333326,0.0
MZF1,0.5102883735162687,1.0,0.0,0.33333333333333326,0.0
MZT1,0.3755586476130911,1.0,0.0,0.33333333333333326,0.0
MZT2B,0.3987588986525875,0.7009844357555852,1.0,0.33333333333333326,0.0
N4BP1,0.5461248660838951,1.0,1.0,1.0,0.0
N4BP2,0.49103268689852775,0.6301254951739993,1.0,0.33333333333333326,0.0
N4BP2L1,0.44337957344858586,1.0,0.0,0.33333333333333326,0.0
N4BP3,0.39869120011043546,1.0,0.0,0.33333333333333326,0.0
NAA10,0.43688605769859284,1.0,1.0,1.0,0.0
NAA11,0.46078131756229324,0.1239725572898669,0.0,1.0,0.0
NAA15,0.4272642666425022,0.9017711474227221,1.0,1.0,0.0
NAA16,0.5215882268491286,1.0,0.0,0.33333333333333326,0.0
NAA25,0.45497273555166523,0.687549815294811,0.0,1.0,0.0
NAA30,0.46623844291150385,0.20806146249319085,0.0,1.0,0.0
NAA35,0.4253037906503796,1.0,1.0,1.0,0.0
NAA38,0.5526804094436055,0.22024089496211838,1.0,0.33333333333333326,0.0
NAA50,0.526694858506315,0.38676887817167327,1.0,0.33333333333333326,0.0
NAA60,0.562542755082689,1.0,1.0,1.0,0.0
NAA80,0.4058201033259576,1.0,0.0,1.0,0.0
NAAA,0.5228882627359026,1.0,0.0,1.0,0.0
NAALAD2,0.35776908822358056,0.7422084915473646,1.0,1.0,0.0
NAALADL1,0.5636503827928304,1.0,1.0,1.0,0.0
NAB1,0.5760922491140961,1.0,1.0,1.0,0.0
NAB2,0.417093586539172,1.0,1.0,1.0,0.0
NACA2,0.5215171225254874,0.13723592468914775,0.0,0.33333333333333326,0.0
NACAD,0.41079702427075476,0.11484449868865004,0.0,1.0,0.0
NACC1,0.6023886615187626,0.3200350673589371,0.0,1.0,0.0
NACC2,0.6864115422572263,1.0,1.0,1.0,0.0
NADK,0.5255757556384618,1.0,0.0,1.0,0.0
NADK2,0.5543378797649571,1.0,0.0,1.0,0.0
NADSYN1,0.5994325153813994,1.0,1.0,1.0,0.0
NAE1,0.4009739822502129,1.0,1.0,1.0,0.0
NAGA,0.581538466400832,1.0,1.0,1.0,0.0
NAGK,0.4934147194295245,0.19528404706526234,0.0,0.33333333333333326,0.0
NAGLU,0.5238335287319529,1.0,0.0,1.0,0.0
NAGS,0.5672597842527464,1.0,1.0,1.0,0.0
NAIP,0.4535209368320754,0.6316716762735959,1.0,0.33333333333333326,0.0
NALCN,0.3157028933524004,1.0,0.0,0.33333333333333326,0.0
NAMPT,0.6361489433363093,1.0,0.0,1.0,0.0
NANOS1,0.43419608125665515,0.31304512070266055,1.0,0.33333333333333326,0.0
NANOS2,0.5636233028815909,1.0,1.0,1.0,0.0
NANP,0.41310348561162513,0.644504365606118,1.0,1.0,0.0
NANS,0.43249260145569596,1.0,0.0,0.33333333333333326,0.0
NAP1L2,0.22228573663043905,1.0,1.0,1.0,0.0
NAP1L3,0.31148474550333394,1.0,1.0,1.0,0.0
NAP1L4,0.5366576611038877,1.0,0.0,1.0,0.0
NAP1L5,0.18202037168518798,1.0,1.0,1.0,0.0
NAPA,0.44925249430230046,0.46454992188687916,0.0,0.33333333333333326,0.0
NAPB,0.27409018247669303,1.0,1.0,1.0,0.0
NAPEPLD,0.4262563172740736,1.0,0.0,0.33333333333333326,0.0
NAPG,0.3373184729948993,1.0,1.0,1.0,0.0
NAPSA,0.5263289076659052,1.0,0.0,1.0,0.0
NARF,0.451814157682849,0.04732331852759075,0.0,0.33333333333333326,0.0
NARS1,0.36699644226072897,1.0,1.0,1.0,0.0
NARS2,0.45595974475314244,0.5369072283055064,0.0,1.0,0.0
NASP,0.5061407770117715,0.2217518553764629,0.0,1.0,0.0
NAT1,0.5150766307543554,1.0,0.0,1.0,0.0
NAT14,0.4386179794904768,1.0,0.0,1.0,0.0
NAT16,0.32950044237110016,1.0,1.0,1.0,0.0
NAT2,0.4211908379956503,0.00438986875839482,0.0,0.33333333333333326,0.0
NAT8,0.45116901529136993,1.0,1.0,0.33333333333333326,0.0
NAT8L,0.48117839000027196,1.0,1.0,0.33333333333333326,0.0
NAT9,0.5155057478203735,1.0,0.0,0.33333333333333326,0.0
NATD1,0.5244657600096602,1.0,0.0,1.0,0.0
NAV2,0.5667409819137467,1.0,0.0,0.33333333333333326,0.0
NAV3,0.2987999869039757,1.0,1.0,1.0,0.0
NAXD,0.46143695024531106,0.769131958618502,1.0,1.0,0.0
NAXE,0.43013045517630216,1.0,0.0,1.0,0.0
NBEA,0.29631254966747034,1.0,1.0,1.0,0.0
NBEAL1,0.5660244027181315,1.0,0.0,1.0,0.0
NBEAL2,0.5450579610621172,0.17876817202331408,0.0,1.0,0.0
NBN,0.4936041586744704,0.5705061625027494,1.0,0.33333333333333326,0.0
NBPF1,0.538176715245804,1.0,0.0,0.33333333333333326,0.0
NBPF11,0.5783126780378228,1.0,0.0,1.0,0.0
NBPF14,0.5887634972208025,0.2411251898515594,1.0,1.0,0.0
NBPF15,0.5784317148093115,1.0,1.0,1.0,0.0
NBPF3,0.5356853653891399,1.0,0.0,0.33333333333333326,0.0
NBR1,0.5187700747877382,0.6730964819017886,1.0,0.33333333333333326,0.0
NCALD,0.1715965314241859,1.0,1.0,1.0,0.0
NCAM1,0.47733453574330775,1.0,1.0,0.33333333333333326,0.0
NCAM2,0.4129839509209674,1.0,0.0,1.0,0.0
NCAPD2,0.5765847657675036,1.0,1.0,1.0,0.0
NCAPD3,0.509259887163964,0.7359969256973178,0.0,1.0,0.0
NCAPG2,0.4224204752469612,1.0,0.0,1.0,0.0
NCAPH,0.4075639985884036,0.1696373645833217,1.0,1.0,0.0
NCAPH2,0.5039618481126805,0.965523736674563,0.0,1.0,0.0
NCBP1,0.5226113553380841,1.0,0.0,1.0,0.0
NCBP2L,0.46554061988689344,0.24858518480714598,0.0,1.0,0.0
NCBP3,0.49765733434536386,0.32204941428392536,0.0,1.0,0.0
NCDN,0.46606020115087793,0.2992801725362146,1.0,0.33333333333333326,0.0
NCEH1,0.3908025908001095,1.0,1.0,1.0,0.0
NCF1,0.5145200994527649,0.6569053168477584,0.0,1.0,0.0
NCF2,0.6663364394797145,1.0,1.0,1.0,0.0
NCK2,0.4150264614427087,1.0,0.0,1.0,0.0
NCKAP1,0.3912358625872393,1.0,1.0,1.0,0.0
NCKAP1L,0.617951613333362,1.0,0.0,1.0,0.0
NCKAP5,0.5592153917500733,1.0,0.0,1.0,0.0
NCMAP,0.3421669919486841,1.0,1.0,1.0,0.0
NCOA1,0.5491304876852329,1.0,0.0,0.33333333333333326,0.0
NCOA2,0.47501142422458525,1.0,1.0,0.33333333333333326,0.0
NCOA3,0.5389498166429028,1.0,0.0,0.33333333333333326,0.0
NCOA4,0.5080159050095577,0.8554551966616896,0.0,1.0,0.0
NCOA5,0.5492738234604433,1.0,1.0,1.0,0.0
NCOA6,0.5254283890515477,1.0,0.0,1.0,0.0
NCOA7,0.3479528516326228,1.0,1.0,1.0,0.0
NCOR1,0.4466326566876931,1.0,0.0,0.33333333333333326,0.0
NCOR2,0.47698817238060076,0.6009794660407256,1.0,0.33333333333333326,0.0
NCR1,0.4641569867391102,0.7955167194461795,0.0,0.33333333333333326,0.0
NCSTN,0.5402040998755215,1.0,0.0,0.33333333333333326,0.0
NDC1,0.4675956299277643,0.16620376021503397,0.0,1.0,0.0
NDC80,0.5285578342181934,0.5495339438004744,0.0,1.0,0.0
NDE1,0.5284075704778682,1.0,1.0,0.33333333333333326,0.0
NDEL1,0.3370238841415439,1.0,1.0,1.0,0.0
NDFIP1,0.3303335483863578,1.0,1.0,1.0,0.0
NDFIP2,0.2954223604834129,1.0,1.0,1.0,0.0
NDN,0.334096682802975,1.0,0.0,1.0,0.0
NDNF,0.6329277018063507,0.32566272531703944,0.0,1.0,0.0
NDOR1,0.3922384297241246,1.0,1.0,0.33333333333333326,0.0
NDP,0.5082360682767545,0.20064905332380892,0.0,1.0,0.0
NDRG1,0.6416483093436964,1.0,0.0,1.0,0.0
NDRG2,0.535204633849077,0.8209965146840338,0.0,0.33333333333333326,0.0
NDRG3,0.35785977200462166,1.0,1.0,1.0,0.0
NDRG4,0.3015967575572751,1.0,1.0,1.0,0.0
NDST1,0.45913511273416435,1.0,0.0,1.0,0.0
NDST3,0.3772955941874852,0.6259401403396132,1.0,1.0,0.0
NDUFA1,0.4408492638996951,1.0,0.0,1.0,0.0
NDUFA10,0.5352919422518728,1.0,0.0,0.33333333333333326,0.0
NDUFA11,0.465748494132437,1.0,0.0,0.33333333333333326,0.0
NDUFA12,0.40182372329831123,1.0,1.0,1.0,0.0
NDUFA13,0.41990656757675365,1.0,0.0,1.0,0.0
NDUFA2,0.4625393955332982,0.6357250166495159,0.0,1.0,0.0
NDUFA3,0.4519139474355309,1.0,0.0,1.0,0.0
NDUFA5,0.33772783306748444,1.0,1.0,1.0,0.0
NDUFA6,0.4040753688204039,1.0,0.0,0.33333333333333326,0.0
NDUFA7,0.39463765395648703,1.0,0.0,1.0,0.0
NDUFA8,0.394472767525261,1.0,0.0,1.0,0.0
NDUFA9,0.3631225157130459,1.0,1.0,1.0,0.0
NDUFAB1,0.3406450825746018,1.0,0.0,1.0,0.0
NDUFAF1,0.4051383389783477,1.0,0.0,1.0,0.0
NDUFAF2,0.4369186078420486,1.0,0.0,0.33333333333333326,0.0
NDUFAF3,0.4640616624246465,0.9131513466368848,0.0,1.0,0.0
NDUFAF4,0.3976038263122148,1.0,0.0,1.0,0.0
NDUFAF5,0.3842671414532295,1.0,1.0,1.0,0.0
NDUFAF6,0.5002334401876528,0.20440610333950154,0.0,0.33333333333333326,0.0
NDUFAF7,0.41481083665320734,1.0,1.0,1.0,0.0
NDUFB1,0.4224012945838193,1.0,0.0,0.33333333333333326,0.0
NDUFB10,0.4148807222080123,1.0,0.0,1.0,0.0
NDUFB11,0.41503980437559396,1.0,0.0,1.0,0.0
NDUFB2,0.4159729336023943,1.0,0.0,1.0,0.0
NDUFB3,0.4174434091217712,1.0,0.0,1.0,0.0
NDUFB4,0.44847048332865413,1.0,0.0,0.33333333333333326,0.0
NDUFB5,0.3648404649659788,1.0,1.0,1.0,0.0
NDUFB6,0.38026968930626,1.0,1.0,1.0,0.0
NDUFB7,0.4459260921150922,1.0,0.0,0.33333333333333326,0.0
NDUFB8,0.41183036507919113,1.0,1.0,1.0,0.0
NDUFB9,0.41177985600715666,1.0,0.0,1.0,0.0
NDUFC1,0.4512082230112821,1.0,0.0,0.33333333333333326,0.0
NDUFC2,0.37538379723684084,1.0,1.0,1.0,0.0
NDUFS2,0.3335951232962954,1.0,1.0,1.0,0.0
NDUFS3,0.3824917446589845,1.0,1.0,1.0,0.0
NDUFS4,0.5049998150249511,1.0,0.0,0.33333333333333326,0.0
NDUFS5,0.4487193999825247,1.0,0.0,1.0,0.0
NDUFS6,0.40673438721216937,1.0,0.0,0.33333333333333326,0.0
NDUFS7,0.4138277537216702,1.0,1.0,1.0,0.0
NDUFV1,0.3615438905980261,1.0,0.0,1.0,0.0
NDUFV2,0.36266957638536135,1.0,1.0,1.0,0.0
NDUFV3,0.38764153245065464,1.0,1.0,1.0,0.0
NEB,0.45015981200533783,0.117178560239565,1.0,0.33333333333333326,0.0
NEBL,0.6039181277556678,1.0,1.0,1.0,0.0
NECAB1,0.41591556286963777,1.0,0.0,1.0,0.0
NECAB2,0.3918650903519163,1.0,0.0,1.0,0.0
NECAB3,0.5181398785816529,0.8061018591771304,1.0,0.33333333333333326,0.0
NECAP1,0.2869452044415193,1.0,1.0,1.0,0.0
NECAP2,0.6223485970769018,1.0,1.0,1.0,0.0
NECTIN1,0.4416156447817966,1.0,0.0,0.33333333333333326,0.0
NECTIN2,0.6479077619255381,1.0,0.0,1.0,0.0
NECTIN4,0.4766365720970977,0.02512773367880407,0.0,1.0,0.0
NEDD1,0.5726272605192233,1.0,0.0,1.0,0.0
NEDD4,0.6561237818233708,1.0,1.0,1.0,0.0
NEDD4L,0.42140166708972854,1.0,1.0,1.0,0.0
NEDD8,0.4126447008076138,1.0,1.0,1.0,0.0
NEDD9,0.5629203717893076,0.8455601464304715,1.0,1.0,0.0
NEFH,0.39009794415366883,1.0,0.0,1.0,0.0
NEFL,0.11018145992989739,1.0,1.0,1.0,0.0
NEFM,0.2982609589971388,1.0,1.0,1.0,0.0
NEGR1,0.2794188770195153,1.0,1.0,1.0,0.0
NEIL1,0.5494661531730264,1.0,0.0,0.33333333333333326,0.0
NEIL2,0.44335228264957866,1.0,0.0,1.0,0.0
NEIL3,0.4617023274619502,0.5387670461900369,0.0,1.0,0.0
NEK10,0.37374588963779876,1.0,0.0,0.33333333333333326,0.0
NEK11,0.5785980582516258,0.31104019363450686,0.0,0.33333333333333326,0.0
NEK2,0.2451119047192509,1.0,0.0,0.33333333333333326,0.0
NEK4,0.5719449856253114,1.0,1.0,1.0,0.0
NEK5,0.5363361700638046,0.7692842064962854,0.0,1.0,0.0
NEK6,0.5788278684394059,1.0,0.0,1.0,0.0
NEK7,0.621164856165788,1.0,0.0,1.0,0.0
NEK9,0.5974261988027723,1.0,1.0,1.0,0.0
NELFA,0.4516265289452556,1.0,1.0,0.33333333333333326,0.0
NELFCD,0.5236212039206611,0.7034682008508584,0.0,1.0,0.0
NELL1,0.19536437307365803,1.0,0.0,1.0,0.0
NELL2,0.22344442224707906,1.0,1.0,1.0,0.0
NEMF,0.533515122481862,1.0,0.0,1.0,0.0
NEMP1,0.5316786570729056,1.0,0.0,1.0,0.0
NENF,0.4657855822861206,0.11370697144176074,0.0,0.33333333333333326,0.0
NEO1,0.5885430956113722,1.0,1.0,1.0,0.0
NES,0.547478546541618,0.562123710787467,0.0,1.0,0.0
NET1,0.43911363099019457,0.4349985247130823,0.0,0.33333333333333326,0.0
NETO1,0.3725912256179751,1.0,0.0,1.0,0.0
NETO2,0.2583789337781415,1.0,0.0,1.0,0.0
NEU1,0.39895918799108965,1.0,1.0,1.0,0.0
NEU3,0.4347257083166668,1.0,0.0,1.0,0.0
NEURL1,0.46874179222935825,0.9888845708175158,1.0,0.33333333333333326,0.0
NEURL1B,0.4146749294454633,0.20404726717198182,0.0,1.0,0.0
NEURL2,0.4533431931414526,0.0927568551358145,1.0,0.33333333333333326,0.0
NEUROD1,0.42861405644180184,0.8255941547282577,0.0,1.0,0.0
NEUROD2,0.5567910730896073,0.8119988010694494,0.0,0.33333333333333326,0.0
NEUROD6,0.12109067166346228,1.0,0.0,1.0,0.0
NEUROG2,0.4337262159072167,1.0,0.0,1.0,0.0
NEUROG3,0.5074136438378675,1.0,0.0,1.0,0.0
NEXMIF,0.3156428679471382,1.0,1.0,1.0,0.0
NEXN,0.6283493517582578,1.0,1.0,1.0,0.0
NFAM1,0.4029520954049239,0.11755426181722399,0.0,0.33333333333333326,0.0
NFAT5,0.5844732335985303,1.0,0.0,1.0,0.0
NFATC1,0.546510595120069,1.0,0.0,0.33333333333333326,0.0
NFATC2,0.6279982087027088,1.0,1.0,0.33333333333333326,0.0
NFATC2IP,0.4328221121938394,1.0,0.0,0.33333333333333326,0.0
NFE2,0.6809133554554844,1.0,1.0,1.0,0.0
NFE2L1,0.4972382889192853,0.4898868052880788,1.0,0.33333333333333326,0.0
NFE2L2,0.6426904308446685,1.0,0.0,1.0,0.0
NFIA,0.6147224566574334,1.0,1.0,1.0,0.0
NFIB,0.5410575078123316,1.0,1.0,1.0,0.0
NFIC,0.5932854468121243,1.0,0.0,1.0,0.0
NFIL3,0.6052917460234641,1.0,0.0,1.0,0.0
NFKB1,0.5918785604955402,1.0,1.0,1.0,0.0
NFKB2,0.5024277942629959,1.0,1.0,0.33333333333333326,0.0
NFKBIA,0.7208888623445722,1.0,1.0,1.0,0.0
NFKBIE,0.3557730858254599,1.0,1.0,1.0,0.0
NFKBIZ,0.6687405242721156,1.0,0.0,1.0,0.0
NFRKB,0.4601434961128768,0.7777071193116465,0.0,0.33333333333333326,0.0
NFS1,0.4127370409280365,1.0,0.0,1.0,0.0
NFU1,0.4511182344713083,1.0,1.0,0.33333333333333326,0.0
NFXL1,0.49917989023119536,0.6816440531635126,0.0,1.0,0.0
NFYA,0.5493544589899108,1.0,1.0,1.0,0.0
NFYB,0.4468494316604415,0.7096593121686248,0.0,0.33333333333333326,0.0
NFYC,0.5121953780872396,0.35336568883492486,0.0,1.0,0.0
NGEF,0.2954877267226823,1.0,1.0,1.0,0.0
NGFR,0.6190313037060713,1.0,0.0,0.33333333333333326,0.0
NGLY1,0.46680759046631776,0.31865929848279906,0.0,1.0,0.0
NGRN,0.4075602401204694,1.0,0.0,1.0,0.0
NHEJ1,0.5506967009654461,1.0,0.0,1.0,0.0
NHERF1,0.6006853972949795,1.0,1.0,1.0,0.0
NHERF2,0.6230482456633145,0.3376078957874974,0.0,1.0,0.0
NHERF4,0.3678085317425255,1.0,1.0,1.0,0.0
NHLH1,0.5603756490962276,0.42822697531008175,0.0,1.0,0.0
NHLH2,0.4535097658300121,1.0,0.0,1.0,0.0
NHLRC1,0.470742330891492,1.0,1.0,0.33333333333333326,0.0
NHLRC2,0.5925865061389468,1.0,1.0,1.0,0.0
NHP2,0.4127209863916695,1.0,0.0,1.0,0.0
NHSL3,0.442944800835282,0.5768885176101104,1.0,0.33333333333333326,0.0
NIBAN1,0.6664602484929032,1.0,1.0,1.0,0.0
NIBAN2,0.4535729229678044,1.0,1.0,0.33333333333333326,0.0
NICN1,0.367991039216579,1.0,1.0,1.0,0.0
NID1,0.6232163647459886,1.0,1.0,1.0,0.0
NID2,0.5322338964968043,0.6270527768489734,0.0,1.0,0.0
NIF3L1,0.4191426355296726,1.0,0.0,1.0,0.0
NIFK,0.4519622959045261,1.0,0.0,1.0,0.0
NIN,0.5350588995888532,0.6624489604543338,0.0,0.33333333333333326,0.0
NINJ1,0.6258798468052917,1.0,1.0,1.0,0.0
NIP7,0.4207275560961883,0.9861307752778603,1.0,1.0,0.0
NIPA1,0.41253388766911436,0.4565299806793952,1.0,1.0,0.0
NIPA2,0.4368181539108311,1.0,0.0,1.0,0.0
NIPAL1,0.570242082360529,0.10321413864464328,0.0,1.0,0.0
NIPAL2,0.4260326763764732,1.0,0.0,1.0,0.0
NIPAL3,0.40804648731826615,1.0,1.0,1.0,0.0
NIPBL,0.585542002983125,1.0,1.0,1.0,0.0
NIPSNAP1,0.3146430510000228,1.0,0.0,1.0,0.0
NIPSNAP2,0.43555613130640125,1.0,0.0,1.0,0.0
NIPSNAP3B,0.34458824931248394,1.0,1.0,1.0,0.0
NISCH,0.4429055845936182,0.32534709883149054,1.0,0.33333333333333326,0.0
NIT1,0.41049277387285066,1.0,0.0,1.0,0.0
NIT2,0.32397129059859214,1.0,0.0,1.0,0.0
NKAIN1,0.49273058037230444,1.0,1.0,0.33333333333333326,0.0
NKAIN4,0.5868205395110792,0.2420655075891909,0.0,1.0,0.0
NKAP,0.5661196044500341,1.0,1.0,1.0,0.0
NKAPD1,0.45285814803507873,1.0,0.0,0.33333333333333326,0.0
NKAPL,0.5089440383037876,0.2813660786546095,0.0,1.0,0.0
NKD1,0.5512306871677292,1.0,0.0,1.0,0.0
NKD2,0.40660798838753587,1.0,0.0,0.33333333333333326,0.0
NKIRAS1,0.2891100641672049,1.0,0.0,1.0,0.0
NKIRAS2,0.5219866748436642,0.04150191883025205,0.0,0.33333333333333326,0.0
NKPD1,0.5121153883601971,0.6557312885270412,1.0,0.33333333333333326,0.0
NKRF,0.38367295600981344,1.0,1.0,1.0,0.0
NKTR,0.5237678455422324,1.0,0.0,1.0,0.0
NKX1-1,0.46916125129200054,0.2496508175008695,0.0,1.0,0.0
NKX1-2,0.5184118089958467,0.17612604031815612,0.0,1.0,0.0
NKX2-1,0.4939447735494543,0.680643671812902,1.0,0.33333333333333326,0.0
NKX2-2,0.563113130510737,1.0,0.0,1.0,0.0
NKX2-8,0.5215111972602557,0.43105322308014776,1.0,0.33333333333333326,0.0
NKX3-1,0.6175093839385393,1.0,1.0,1.0,0.0
NKX3-2,0.4264024570766492,0.14770498575775223,1.0,1.0,0.0
NKX6-2,0.5854836547111667,1.0,0.0,1.0,0.0
NLE1,0.3628706658196025,1.0,0.0,0.33333333333333326,0.0
NLGN1,0.4104952498357443,1.0,0.0,0.33333333333333326,0.0
NLGN2,0.4705412972499516,0.1000077868362515,1.0,0.33333333333333326,0.0
NLGN3,0.530923442588712,1.0,1.0,0.33333333333333326,0.0
NLGN4X,0.37317640678596076,1.0,0.0,0.33333333333333326,0.0
NLGN4Y,0.403369779504842,1.0,0.0,1.0,0.0
NLK,0.2625060837255146,1.0,1.0,1.0,0.0
NLN,0.5585860289422894,0.39641214742844166,1.0,0.33333333333333326,0.0
NLRC3,0.5474612078259716,0.09352074252510811,0.0,0.33333333333333326,0.0
NLRC4,0.6645176333508369,1.0,1.0,1.0,0.0
NLRC5,0.5069222518181633,0.9047836089257384,0.0,0.33333333333333326,0.0
NLRP1,0.5022992062836363,0.737311415696932,0.0,1.0,0.0
NLRP12,0.4651641522867306,1.0,0.0,1.0,0.0
NLRP2,0.4414449173185527,0.3011725535561616,0.0,0.33333333333333326,0.0
NLRP3,0.4073937042863234,1.0,1.0,1.0,0.0
NLRP4,0.5043362946037818,0.9674556345178806,0.0,1.0,0.0
NLRP5,0.5550695336533499,0.27329477074719516,0.0,1.0,0.0
NLRP7,0.3630063347643467,1.0,1.0,1.0,0.0
NLRP8,0.4659803004581442,0.7592399169949691,1.0,0.33333333333333326,0.0
NLRP9,0.40973564036084203,0.33921367140905495,1.0,1.0,0.0
NLRX1,0.5348583503678622,0.8378830492973124,1.0,1.0,0.0
NMB,0.5052354422243133,0.06970400280290598,0.0,1.0,0.0
NME1,0.31345991226165715,1.0,1.0,1.0,0.0
NME2,0.46600801065645875,0.35904123521143777,0.0,1.0,0.0
NME3,0.518171114611103,1.0,0.0,0.33333333333333326,0.0
NME4,0.549710620296761,1.0,0.0,1.0,0.0
NME5,0.29736682109295076,1.0,0.0,1.0,0.0
NME6,0.5085078386875816,1.0,0.0,0.33333333333333326,0.0
NME7,0.3942822063630113,1.0,0.0,0.33333333333333326,0.0
NME8,0.5695336431487901,1.0,1.0,1.0,0.0
NME9,0.5537731158725038,0.9596897877017859,1.0,1.0,0.0
NMI,0.48398347345318604,1.0,1.0,0.33333333333333326,0.0
NMNAT1,0.5066992398340827,0.289673478748564,0.0,1.0,0.0
NMNAT2,0.3517383209597903,1.0,1.0,1.0,0.0
NMNAT3,0.47083335939894466,0.41728935694140645,0.0,0.33333333333333326,0.0
NMRAL1,0.43791887972968374,1.0,0.0,1.0,0.0
NMRK1,0.43076484992561453,1.0,0.0,0.33333333333333326,0.0
NMRK2,0.4603133778256841,0.5649592416808449,0.0,0.33333333333333326,0.0
NMS,0.15846272547355766,1.0,0.0,1.0,0.0
NMT1,0.5160535947096817,0.9857867771237614,0.0,1.0,0.0
NMT2,0.5050971730937419,1.0,1.0,0.33333333333333326,0.0
NMU,0.2266677130119848,1.0,1.0,1.0,0.0
NMUR1,0.47028249564558994,0.34082732280885786,0.0,0.33333333333333326,0.0
NMUR2,0.5086014783260725,0.7969230022448025,0.0,0.33333333333333326,0.0
NNAT,0.33189244407349666,1.0,1.0,1.0,0.0
NNMT,0.6064390861774578,1.0,1.0,1.0,0.0
NNT,0.345903231277928,1.0,0.0,1.0,0.0
NOA1,0.4413495593729014,1.0,0.0,0.33333333333333326,0.0
NOAZFP,0.4819822150903696,1.0,1.0,0.33333333333333326,0.0
NOB1,0.45014768922875253,0.403255717140046,1.0,0.33333333333333326,0.0
NOC2L,0.39023413376505534,0.27814689046254276,0.0,1.0,0.0
NOC3L,0.5108882485198488,0.36340057270678233,0.0,1.0,0.0
NOC4L,0.4088335276705385,0.9723527882448755,1.0,1.0,0.0
NOCT,0.4105752205712489,0.5617282451103167,1.0,1.0,0.0
NOD1,0.5205753070532919,1.0,0.0,1.0,0.0
NOD2,0.6241238640191379,1.0,1.0,1.0,0.0
NODAL,0.5017977094934002,0.2173273648808772,0.0,1.0,0.0
NOG,0.4716451381489918,0.21216361059142272,0.0,0.33333333333333326,0.0
NOL10,0.5227991315145679,0.2057019083895495,1.0,1.0,0.0
NOL11,0.5172388998361752,0.6058051929509678,0.0,1.0,0.0
NOL4,0.3404783090240252,1.0,0.0,1.0,0.0
NOL6,0.394493185183029,1.0,1.0,1.0,0.0
NOL7,0.42597464619540176,1.0,0.0,0.33333333333333326,0.0
NOL8,0.5118440022676097,0.9498979273437118,0.0,1.0,0.0
NOL9,0.5837639434261108,0.16061049802788444,0.0,1.0,0.0
NOLC1,0.36749418947027823,1.0,0.0,0.33333333333333326,0.0
NOM1,0.5065028441284735,0.3817533767382262,0.0,1.0,0.0
NOMO1,0.40156997705709213,1.0,1.0,1.0,0.0
NOMO2,0.3729512628836434,1.0,1.0,1.0,0.0
NOMO3,0.43479104914622146,1.0,0.0,1.0,0.0
NONO,0.5177482609347773,1.0,0.0,0.33333333333333326,0.0
NOP16,0.43375613700035,1.0,0.0,1.0,0.0
NOP2,0.46247915418878827,1.0,1.0,0.33333333333333326,0.0
NOP53,0.5305606148913613,1.0,0.0,0.33333333333333326,0.0
NOP56,0.40988597941590077,0.9464616394487643,1.0,1.0,0.0
NOPCHAP1,0.45147181385809904,0.7750555885602047,0.0,1.0,0.0
NOS1,0.46843906258605617,0.41279555971396276,0.0,0.33333333333333326,0.0
NOS1AP,0.5086788930278571,0.7000070583452688,0.0,1.0,0.0
NOS2,0.42088186950094825,1.0,0.0,1.0,0.0
NOS3,0.5081280993133791,0.8647250740773225,0.0,0.33333333333333326,0.0
NOSTRIN,0.5906086438156302,1.0,0.0,1.0,0.0
NOTCH1,0.63577783221743,1.0,1.0,1.0,0.0
NOTCH2,0.66992765811504,1.0,1.0,1.0,0.0
NOTCH2NLA,0.6170894040306287,1.0,1.0,1.0,0.0
NOTCH3,0.6715537913989593,1.0,1.0,1.0,0.0
NOTCH4,0.6171445179722637,1.0,1.0,1.0,0.0
NOTUM,0.3974432712717571,0.6399090013195597,1.0,1.0,0.0
NOVA1,0.3788300401067063,1.0,1.0,1.0,0.0
NOX1,0.6003925002244603,0.32910073281640345,0.0,1.0,0.0
NOXA1,0.3945500397880147,1.0,1.0,1.0,0.0
NOXRED1,0.4644425999342327,0.8475549477011751,0.0,1.0,0.0
NPAP1,0.31735922141166045,0.4400251335022178,0.0,0.33333333333333326,0.0
NPAS1,0.4997858097501726,0.7648048186142271,0.0,1.0,0.0
NPAS4,0.47901916174817805,0.9203456481500419,1.0,0.33333333333333326,0.0
NPB,0.532608542583886,0.7173803320140781,1.0,0.33333333333333326,0.0
NPBWR1,0.5637740053236062,0.323007910827512,0.0,1.0,0.0
NPC1,0.6040359640823243,1.0,1.0,1.0,0.0
NPC1L1,0.5524603149409888,0.3672047771606892,1.0,1.0,0.0
NPC2,0.656991559502183,1.0,1.0,1.0,0.0
NPDC1,0.4305387228688645,0.5551301828718922,1.0,1.0,0.0
NPEPL1,0.46470528259753385,0.3135024150924539,1.0,0.33333333333333326,0.0
NPEPPS,0.4497025004380865,1.0,0.0,0.33333333333333326,0.0
NPFF,0.6145030067683799,1.0,1.0,1.0,0.0
NPFFR1,0.4938752265108597,0.3901413251420983,0.0,1.0,0.0
NPFFR2,0.36405484661821225,1.0,0.0,1.0,0.0
NPHP1,0.5830826675421122,0.8009881191299882,1.0,1.0,0.0
NPHP3,0.5938642571319864,0.31642185295760267,1.0,1.0,0.0
NPHP4,0.4619460229323776,1.0,0.0,0.33333333333333326,0.0
NPHS2,0.5021433028348218,0.7475530522839924,1.0,0.33333333333333326,0.0
NPIPA1,0.5060218282323683,0.11149165759681887,0.0,0.33333333333333326,0.0
NPL,0.6208473750772522,1.0,1.0,1.0,0.0
NPLOC4,0.5029022224013212,1.0,1.0,0.33333333333333326,0.0
NPM1,0.4746904258874709,1.0,0.0,0.33333333333333326,0.0
NPM2,0.35524670987349277,1.0,0.0,1.0,0.0
NPM3,0.41281881801905684,1.0,0.0,1.0,0.0
NPPA,0.3293174362122147,1.0,0.0,1.0,0.0
NPPB,0.4073160080052531,0.2726279997713588,0.0,1.0,0.0
NPPC,0.46571030243201433,1.0,1.0,0.33333333333333326,0.0
NPR1,0.4607622395913638,1.0,1.0,0.33333333333333326,0.0
NPR2,0.5008923966893507,0.2214101336083582,0.0,0.33333333333333326,0.0
NPR3,0.46568584607412644,0.12963445587406944,0.0,0.33333333333333326,0.0
NPTN,0.2745851331759381,1.0,1.0,1.0,0.0
NPTX1,0.2863207261418542,1.0,1.0,1.0,0.0
NPTX2,0.20635227815767138,1.0,1.0,1.0,0.0
NPTXR,0.3729029449062883,1.0,0.0,1.0,0.0
NPY,0.3021296218877933,1.0,0.0,0.33333333333333326,0.0
NPY2R,0.46361990269754244,1.0,1.0,0.33333333333333326,0.0
NPY5R,0.41870388700187144,1.0,1.0,0.33333333333333326,0.0
NQO1,0.6189963961121495,1.0,0.0,1.0,0.0
NQO2,0.39839558163266586,1.0,0.0,1.0,0.0
NR0B2,0.44966938979868615,0.12302893136524069,0.0,0.33333333333333326,0.0
NR1D1,0.5044971818090561,0.5346037741584239,0.0,0.33333333333333326,0.0
NR1H2,0.5726378454594736,1.0,1.0,1.0,0.0
NR1H4,0.45620711701322303,0.5139825159450593,0.0,0.33333333333333326,0.0
NR1I2,0.4139199961498167,0.8709541572118281,1.0,1.0,0.0
NR1I3,0.608798730492485,0.44969579015084776,0.0,0.33333333333333326,0.0
NR2C1,0.512080400492397,0.903672832970854,0.0,1.0,0.0
NR2C2,0.5567083765553675,0.9441972289344431,1.0,1.0,0.0
NR2C2AP,0.4120163234524275,0.9018539264604576,1.0,1.0,0.0
NR2E1,0.5896169288054154,1.0,0.0,1.0,0.0
NR2E3,0.6027680836210193,0.28875226886218025,0.0,1.0,0.0
NR2F1,0.5613991293672235,1.0,1.0,1.0,0.0
NR2F2,0.6454868275292025,1.0,1.0,1.0,0.0
NR3C1,0.4081911687115667,1.0,0.0,0.33333333333333326,0.0
NR3C2,0.417764927269282,1.0,1.0,1.0,0.0
NR4A1,0.39283231317050543,0.6244009849662016,0.0,0.33333333333333326,0.0
NR4A2,0.41224096335248495,0.9542076847398832,0.0,0.33333333333333326,0.0
NR5A2,0.5178993209922317,0.6872993245239438,1.0,0.33333333333333326,0.0
NRARP,0.41570686225114534,1.0,0.0,0.33333333333333326,0.0
NRBF2,0.4013174406850644,1.0,0.0,1.0,0.0
NRBP1,0.4209426617380745,1.0,0.0,1.0,0.0
NRBP2,0.4261769740470555,1.0,0.0,1.0,0.0
NRCAM,0.47073714832403996,1.0,1.0,0.33333333333333326,0.0
NRDC,0.48595745876955226,1.0,1.0,0.33333333333333326,0.0
NRDE2,0.5340693021066824,1.0,0.0,1.0,0.0
NREP,0.2724314747361524,1.0,1.0,1.0,0.0
NRF1,0.5814082895967598,0.5823649769540935,1.0,1.0,0.0
NRG1,0.41228010903413576,0.08642367925245452,0.0,0.33333333333333326,0.0
NRG2,0.5073336911229434,0.2573606375439535,0.0,1.0,0.0
NRG3,0.33722428876906574,1.0,0.0,0.33333333333333326,0.0
NRG4,0.37868916794997376,1.0,0.0,1.0,0.0
NRGN,0.3371259083637244,1.0,0.0,0.33333333333333326,0.0
NRIP1,0.4156411712868682,1.0,0.0,1.0,0.0
NRIP2,0.5903709399567992,1.0,0.0,1.0,0.0
NRIP3,0.2968794250402711,1.0,0.0,1.0,0.0
NRK,0.45185215743108514,0.6624548484734654,0.0,1.0,0.0
NRL,0.5360594895986043,1.0,1.0,0.33333333333333326,0.0
NRN1,0.22120328166485478,1.0,1.0,1.0,0.0
NRN1L,0.530664970632489,1.0,0.0,1.0,0.0
NRP1,0.4230233478300443,0.21263703905606873,1.0,1.0,0.0
NRP2,0.5121447967776729,1.0,0.0,1.0,0.0
NRROS,0.5432791457747627,0.920002034389229,0.0,0.33333333333333326,0.0
NRSN1,0.20578637373035105,1.0,1.0,1.0,0.0
NRSN2,0.5568127244354898,0.5058114054795515,0.0,1.0,0.0
NRXN1,0.31977087703970225,1.0,1.0,1.0,0.0
NRXN3,0.2522243155668403,1.0,1.0,1.0,0.0
NSA2,0.43785066533388195,0.4058510371936493,1.0,1.0,0.0
NSD1,0.5236294104440851,1.0,0.0,0.33333333333333326,0.0
NSD2,0.5433992751074415,1.0,0.0,1.0,0.0
NSDHL,0.4226316288707736,1.0,0.0,0.33333333333333326,0.0
NSF,0.22300981132225708,1.0,1.0,1.0,0.0
NSFL1C,0.475053600264937,0.40855307647091854,0.0,0.33333333333333326,0.0
NSG1,0.23031851652457203,1.0,1.0,1.0,0.0
NSG2,0.3476921939772411,1.0,1.0,1.0,0.0
NSL1,0.5386883121589396,1.0,0.0,0.33333333333333326,0.0
NSMAF,0.43655882878208097,1.0,1.0,0.33333333333333326,0.0
NSMCE3,0.4109206331620955,1.0,1.0,1.0,0.0
NSMCE4A,0.5819630287973101,0.474557022815052,1.0,1.0,0.0
NSRP1,0.5368179746387078,0.31854714454394023,1.0,1.0,0.0
NSUN3,0.4208046055927489,0.6894778539261585,1.0,1.0,0.0
NSUN6,0.5084175398986405,0.8219802160973168,0.0,0.33333333333333326,0.0
NSUN7,0.5118651595134978,0.7347276000108994,0.0,1.0,0.0
NT5C,0.5078671648310149,0.77193392815426,0.0,0.33333333333333326,0.0
NT5C2,0.54692432515173,1.0,0.0,1.0,0.0
NT5C3A,0.38614126546535227,1.0,0.0,1.0,0.0
NT5C3B,0.4121985652696518,1.0,0.0,0.33333333333333326,0.0
NT5DC1,0.4885711873300113,0.6896829498322548,1.0,0.33333333333333326,0.0
NT5DC2,0.5771958549877755,1.0,1.0,1.0,0.0
NT5DC3,0.3635289275795201,1.0,1.0,1.0,0.0
NT5DC4,0.45305595999490716,0.8949482183923867,0.0,1.0,0.0
NT5M,0.4306513637571703,1.0,0.0,0.33333333333333326,0.0
NTAN1,0.5485989637960291,1.0,1.0,1.0,0.0
NTAQ1,0.4209856867303066,1.0,0.0,0.33333333333333326,0.0
NTHL1,0.42525186429476075,1.0,0.0,1.0,0.0
NTM,0.3918376821070902,1.0,1.0,1.0,0.0
NTMT1,0.3744203078611435,1.0,1.0,1.0,0.0
NTN1,0.5090532515473598,0.5749547392554666,1.0,0.33333333333333326,0.0
NTN4,0.35532290667779076,1.0,0.0,0.33333333333333326,0.0
NTPCR,0.3851743558333824,1.0,0.0,0.33333333333333326,0.0
NTRK2,0.5085912044620958,0.18052406525466225,1.0,0.33333333333333326,0.0
NTRK3,0.554913269871454,1.0,0.0,1.0,0.0
NTSR1,0.4549720838000362,0.3024190224008214,0.0,0.33333333333333326,0.0
NTSR2,0.5993770000729769,0.5421054131270674,1.0,1.0,0.0
NUAK1,0.33792298685234484,1.0,1.0,1.0,0.0
NUAK2,0.6648042763140982,1.0,0.0,1.0,0.0
NUBP1,0.5348317920180286,1.0,1.0,1.0,0.0
NUBPL,0.40127828307082936,1.0,1.0,1.0,0.0
NUCB1,0.455478967926047,0.30352407888557864,1.0,0.33333333333333326,0.0
NUCB2,0.4519131522962817,0.8257447382019506,0.0,1.0,0.0
NUCKS1,0.4408204723025727,0.5298129463118649,1.0,0.33333333333333326,0.0
NUDC,0.47186147663247907,0.3365136862722594,0.0,1.0,0.0
NUDCD1,0.4004020283868481,1.0,0.0,0.33333333333333326,0.0
NUDCD3,0.4408949959457965,1.0,1.0,1.0,0.0
NUDT10,0.34228098210282193,0.532437580715952,1.0,1.0,0.0
NUDT11,0.3377859561326061,1.0,1.0,1.0,0.0
NUDT14,0.44869715701651547,0.4929818154836297,0.0,0.33333333333333326,0.0
NUDT15,0.4029582931931024,1.0,0.0,1.0,0.0
NUDT18,0.345307357770089,1.0,1.0,1.0,0.0
NUDT2,0.42096445587135484,1.0,0.0,1.0,0.0
NUDT21,0.4096528874678662,0.27443111186043506,1.0,1.0,0.0
NUDT3,0.5052806326875808,0.17711095124756654,0.0,1.0,0.0
NUDT4B,0.32762188030223227,1.0,0.0,1.0,0.0
NUDT5,0.462483958659217,0.25300419381985534,0.0,1.0,0.0
NUDT6,0.379546466197786,1.0,1.0,1.0,0.0
NUDT8,0.44254214773226036,0.9361867855424945,1.0,0.33333333333333326,0.0
NUDT9,0.46420504632328574,0.512370994891329,0.0,1.0,0.0
NUF2,0.35205148874738906,0.5010382606995875,1.0,1.0,0.0
NUFIP1,0.4398064798082976,1.0,0.0,0.33333333333333326,0.0
NUMA1,0.5805917917504217,1.0,0.0,0.33333333333333326,0.0
NUMB,0.4981572313316549,0.37320958110496705,0.0,1.0,0.0
NUMBL,0.38942065351655347,0.2364410677830004,0.0,0.33333333333333326,0.0
NUP133,0.527342692920285,0.06845410857826346,0.0,0.33333333333333326,0.0
NUP155,0.46945705523103315,0.13344977054986315,0.0,1.0,0.0
NUP160,0.4476412768157204,0.8167607588671028,1.0,0.33333333333333326,0.0
NUP188,0.5614084138569856,1.0,0.0,1.0,0.0
NUP205,0.5355957100015629,1.0,0.0,1.0,0.0
NUP210,0.5345133219597711,0.03202879515869098,0.0,0.33333333333333326,0.0
NUP210L,0.5239109314616173,0.5144507926607124,0.0,1.0,0.0
NUP214,0.5137964014356171,1.0,0.0,1.0,0.0
NUP37,0.5020495659680573,0.03605517663742313,0.0,0.33333333333333326,0.0
NUP42,0.41743219817365856,1.0,0.0,0.33333333333333326,0.0
NUP50,0.45242819955724334,0.4556653960061203,0.0,1.0,0.0
NUP58,0.4279071217232369,0.38625325091297685,0.0,1.0,0.0
NUP62,0.5196517005229727,0.3069354625051144,1.0,1.0,0.0
NUP62CL,0.5776526828217396,1.0,1.0,1.0,0.0
NUP93,0.38232571645833274,1.0,1.0,1.0,0.0
NUP98,0.5555015946717565,1.0,0.0,0.33333333333333326,0.0
NUPR1,0.7503751987750115,1.0,1.0,1.0,0.0
NUS1,0.4638211478100741,1.0,1.0,0.33333333333333326,0.0
NUSAP1,0.5232028207324562,0.7958504190239994,0.0,1.0,0.0
NWD1,0.7665201907703433,1.0,1.0,1.0,0.0
NWD2,0.2897519664000654,1.0,0.0,1.0,0.0
NXF1,0.5289961197572394,1.0,0.0,0.33333333333333326,0.0
NXF5,0.471717941490904,0.2318885916202595,0.0,1.0,0.0
NXN,0.6425804479904121,1.0,1.0,1.0,0.0
NXNL1,0.5602987768747286,0.459762283622569,0.0,1.0,0.0
NXNL2,0.5131021873648297,1.0,0.0,1.0,0.0
NXPH1,0.3214832697477767,1.0,0.0,0.33333333333333326,0.0
NXPH2,0.38534314585589213,1.0,0.0,1.0,0.0
NXPH3,0.3523922111622848,1.0,0.0,1.0,0.0
NXT1,0.5426316117574729,1.0,0.0,1.0,0.0
NXT2,0.5630338421623163,1.0,0.0,1.0,0.0
NYAP1,0.4033571256116894,1.0,0.0,1.0,0.0
NYNRIN,0.5835482213501484,1.0,0.0,1.0,0.0
NYX,0.5087840340385616,0.7801297336127717,0.0,1.0,0.0
OAF,0.5371395899453035,0.8421227191657248,0.0,1.0,0.0
OARD1,0.5034378168295316,1.0,1.0,0.33333333333333326,0.0
OAS2,0.41964129395541777,0.4248375594620861,0.0,0.33333333333333326,0.0
OAT,0.35984215429185673,1.0,0.0,1.0,0.0
OAZ1,0.4178837123497155,1.0,0.0,1.0,0.0
OAZ2,0.34178711743365503,0.9687490245805818,1.0,1.0,0.0
OAZ3,0.3931684763204837,1.0,1.0,1.0,0.0
OBP2A,0.5594195642890594,0.07991121474430077,0.0,0.33333333333333326,0.0
OBP2B,0.40663597618395386,0.30883941637333945,1.0,1.0,0.0
OBSL1,0.4964321109003274,0.780230123624837,0.0,0.33333333333333326,0.0
OC90,0.498148878621785,1.0,0.0,1.0,0.0
OCA2,0.4130727007658897,1.0,1.0,0.33333333333333326,0.0
OCEL1,0.46837128907309067,0.29020012719774174,0.0,0.33333333333333326,0.0
OCIAD1,0.40197357960245717,1.0,0.0,0.33333333333333326,0.0
OCSTAMP,0.4936199391409004,0.09118878245772119,0.0,0.33333333333333326,0.0
ODAD1,0.5301274429102152,0.8404931401298128,0.0,0.33333333333333326,0.0
ODAD2,0.4498454079634018,0.5494042107507421,0.0,0.33333333333333326,0.0
ODAD3,0.605651855850483,1.0,0.0,1.0,0.0
ODAPH,0.5182505766426239,0.21119100087569426,0.0,1.0,0.0
ODC1,0.43101638244985235,1.0,1.0,1.0,0.0
ODF1,0.42739779369308756,1.0,0.0,1.0,0.0
ODF2,0.4664983279765401,0.4945131967389029,0.0,1.0,0.0
ODF2L,0.4620399982326528,1.0,1.0,0.33333333333333326,0.0
ODF4,0.5064697877454408,1.0,0.0,0.33333333333333326,0.0
ODR4,0.539744240220318,0.6773295082181471,1.0,1.0,0.0
OFD1,0.5686333596153702,1.0,0.0,1.0,0.0
OGA,0.3829789153889405,0.7486218635943283,0.0,0.33333333333333326,0.0
OGDH,0.6092140934476187,1.0,1.0,1.0,0.0
OGDHL,0.42766910792121965,1.0,0.0,1.0,0.0
OGFOD1,0.3932389474619152,1.0,1.0,1.0,0.0
OGFOD2,0.45569178052346077,0.2975107747359871,0.0,0.33333333333333326,0.0
OGFOD3,0.4227708174172679,0.6377777420336861,1.0,1.0,0.0
OGFR,0.5562063027375008,1.0,1.0,1.0,0.0
OGFRL1,0.6380693446496905,1.0,0.0,1.0,0.0
OGG1,0.4134867493970929,1.0,0.0,0.33333333333333326,0.0
OGN,0.7256468486671013,1.0,1.0,1.0,0.0
OIT3,0.40483283477115556,0.4462652009450577,1.0,0.33333333333333326,0.0
OLA1,0.4651884973689179,0.8604555023918502,0.0,1.0,0.0
OLAH,0.6497632880559746,1.0,1.0,1.0,0.0
OLFM1,0.23238383829653564,1.0,1.0,1.0,0.0
OLFM2,0.5358140994224804,1.0,0.0,1.0,0.0
OLFM3,0.18831994873092417,1.0,0.0,0.33333333333333326,0.0
OLFML1,0.5425778266433648,1.0,1.0,1.0,0.0
OLFML2A,0.6983474563626195,1.0,1.0,1.0,0.0
OLFML2B,0.5848297771088513,1.0,1.0,1.0,0.0
OLFML3,0.5817975079903337,1.0,1.0,1.0,0.0
OLIG1,0.5131903910867283,0.23194610313302266,0.0,1.0,0.0
OLIG2,0.5075855737655547,0.09472513746669725,0.0,0.33333333333333326,0.0
OMA1,0.5277320978199949,0.8237187883928897,0.0,1.0,0.0
OMD,0.6563952905374735,1.0,1.0,1.0,0.0
OMG,0.4930077914787557,1.0,0.0,0.33333333333333326,0.0
OMP,0.5169025091348463,0.19511445388028645,1.0,0.33333333333333326,0.0
ONECUT2,0.46437124464034885,0.6472411978781123,1.0,0.33333333333333326,0.0
OOEP,0.5342318132571131,0.8337114379287373,1.0,0.33333333333333326,0.0
OOSP2,0.4710027050208548,0.6338057183681206,0.0,1.0,0.0
OPA1,0.3466014011077607,1.0,1.0,1.0,0.0
OPALIN,0.3156282217824332,1.0,0.0,0.33333333333333326,0.0
OPCML,0.2957996423699488,1.0,1.0,1.0,0.0
OPHN1,0.5403637603114292,1.0,1.0,1.0,0.0
OPLAH,0.5170855603897285,0.41146408882126995,0.0,1.0,0.0
OPN1LW,0.5095824551287864,0.8344169990393937,0.0,0.33333333333333326,0.0
OPN1MW,0.44024880349997353,0.6174819431266444,1.0,0.33333333333333326,0.0
OPN3,0.299536702698163,1.0,0.0,0.33333333333333326,0.0
OPN4,0.46955866029183724,0.1675488641741231,0.0,1.0,0.0
OPN5,0.4018694220389718,0.2723325416256618,0.0,1.0,0.0
OPRD1,0.31599549449227504,0.2548399413711493,0.0,1.0,0.0
OPRK1,0.6099546891565362,0.30633694505408215,0.0,0.33333333333333326,0.0
OPRL1,0.40761236006435997,1.0,0.0,1.0,0.0
OPRM1,0.4575330900167664,1.0,0.0,1.0,0.0
OPTN,0.4047580703065594,1.0,0.0,1.0,0.0
OR10A2,0.4739759427496068,0.17046993647711778,0.0,1.0,0.0
OR10A3,0.5061748541854993,1.0,0.0,0.33333333333333326,0.0
OR10A4,0.5401672873334621,1.0,0.0,1.0,0.0
OR10AD1,0.4976089300010231,0.1349074640754244,0.0,0.33333333333333326,0.0
OR10C1,0.4753611774051606,0.051454927190643374,0.0,0.33333333333333326,0.0
OR10G3,0.5192810746206157,0.05379707097029758,1.0,0.33333333333333326,0.0
OR10G8,0.5542403745694472,0.10816399933590368,0.0,0.33333333333333326,0.0
OR10H1,0.467153618740964,0.6339772500202625,0.0,1.0,0.0
OR10H4,0.3499705362839869,0.2469417350087816,0.0,0.33333333333333326,0.0
OR10J3,0.46681150513961117,0.2661680893703916,0.0,1.0,0.0
OR10J5,0.4231988977177612,0.8057834524079998,1.0,0.33333333333333326,0.0
OR10Q1,0.47197489008216276,0.29425584872399707,0.0,0.33333333333333326,0.0
OR10S1,0.4249782080588044,1.0,0.0,0.33333333333333326,0.0
OR10T2,0.5005834094061529,0.30243668089884423,0.0,0.33333333333333326,0.0
OR10W1,0.47239459662368705,0.20968300586263577,0.0,1.0,0.0
OR10Z1,0.5702279313600509,0.6774162251514559,1.0,0.33333333333333326,0.0
OR11H1,0.49481593247811173,0.056360860710561476,0.0,1.0,0.0
OR11L1,0.5077801542259942,0.5600214319328581,0.0,0.33333333333333326,0.0
OR12D2,0.6058993086967618,0.4329339356350228,0.0,0.33333333333333326,0.0
OR12D3,0.40826359760963893,0.05179034069701352,0.0,1.0,0.0
OR13A1,0.46773998232014397,0.7051406204385113,0.0,0.33333333333333326,0.0
OR13C2,0.4391933557004295,0.7618915605633029,1.0,0.33333333333333326,0.0
OR13C4,0.45400069641289953,0.2688511453789318,0.0,0.33333333333333326,0.0
OR13C9,0.45578795793098414,1.0,0.0,1.0,0.0
OR13F1,0.47153065491597984,0.23657299964827452,0.0,0.33333333333333326,0.0
OR13H1,0.5688054956292955,0.1616557033354043,0.0,1.0,0.0
OR14C36,0.4551558759602152,0.19562442525042037,0.0,1.0,0.0
OR14I1,0.3613637604621538,1.0,0.0,1.0,0.0
OR14J1,0.46755783876266277,0.0075470480561325845,0.0,1.0,0.0
OR1A2,0.5022458290393683,0.7533122667507016,0.0,1.0,0.0
OR1C1,0.4710445725836443,0.17769870170849655,0.0,0.33333333333333326,0.0
OR1D2,0.5574125622640215,1.0,1.0,1.0,0.0
OR1E1,0.515040484439927,1.0,0.0,0.33333333333333326,0.0
OR1F1,0.45878621919514734,0.47215555443028695,0.0,1.0,0.0
OR1J2,0.42409291567437585,0.07053230017034633,1.0,1.0,0.0
OR1J4,0.5143872567598179,1.0,0.0,1.0,0.0
OR1L1,0.46161920085414454,0.2014432222579116,0.0,0.33333333333333326,0.0
OR1L3,0.46493031738719365,0.31278523348648773,0.0,1.0,0.0
OR1L4,0.46604723249812813,0.07869567791138159,0.0,1.0,0.0
OR1N2,0.5600436120692852,0.39024592484554316,1.0,0.33333333333333326,0.0
OR1Q1,0.4663452049960397,0.593128014316556,0.0,1.0,0.0
OR1S1,0.4659517100243545,0.7734466895913057,0.0,1.0,0.0
OR2A1,0.540662608524053,0.13928701883427058,1.0,0.33333333333333326,0.0
OR2A2,0.3618761309425786,0.346877924263455,0.0,0.33333333333333326,0.0
OR2A42,0.5366272919371703,0.4447759481277634,1.0,0.33333333333333326,0.0
OR2AG1,0.4608722621525044,1.0,0.0,0.33333333333333326,0.0
OR2AG2,0.5319794014882495,1.0,0.0,0.33333333333333326,0.0
OR2AK2,0.449289150991703,1.0,0.0,0.33333333333333326,0.0
OR2AT4,0.5509773036460514,1.0,1.0,1.0,0.0
OR2B11,0.51900967341589,0.20807332902858516,1.0,0.33333333333333326,0.0
OR2B2,0.5687477126216447,0.5230987631848514,0.0,1.0,0.0
OR2B3,0.4525255065223653,1.0,0.0,1.0,0.0
OR2F2,0.46999722167552754,0.1116480841524394,0.0,1.0,0.0
OR2G3,0.5103273356274182,0.9500053094285527,0.0,1.0,0.0
OR2H2,0.44267067766100493,1.0,1.0,0.33333333333333326,0.0
OR2K2,0.47231484711822136,0.034706595478471144,0.0,1.0,0.0
OR2L13,0.3568938184225019,1.0,1.0,1.0,0.0
OR2L8,0.5070782462109352,0.7294072751689018,0.0,1.0,0.0
OR2M3,0.47169790720188215,0.08876003357652947,0.0,1.0,0.0
OR2M5,0.43498452016712863,1.0,0.0,0.33333333333333326,0.0
OR2T1,0.42203579559940707,0.1282285517362811,1.0,1.0,0.0
OR2T2,0.6018598149123436,1.0,0.0,1.0,0.0
OR2T29,0.46034278700652115,0.5638509813089592,0.0,0.33333333333333326,0.0
OR2T3,0.45234222091278553,1.0,0.0,1.0,0.0
OR2T34,0.3697733480453274,1.0,1.0,1.0,0.0
OR2T5,0.5054917769171471,0.8884280844785998,1.0,0.33333333333333326,0.0
OR2T8,0.6273341251136352,0.5285567826249962,0.0,0.33333333333333326,0.0
OR2V2,0.4751256135346513,0.16048306681230817,0.0,0.33333333333333326,0.0
OR2W1,0.4573837889082754,0.9617428509369649,1.0,0.33333333333333326,0.0
OR2W3,0.43841254189708406,0.3077114960275734,1.0,0.33333333333333326,0.0
OR2Z1,0.40863936024858977,0.06877106652680781,0.0,0.33333333333333326,0.0
OR3A3,0.43973383309308683,1.0,0.0,0.33333333333333326,0.0
OR4C12,0.5013061324316629,0.4268670721706796,1.0,0.33333333333333326,0.0
OR4C45,0.4614384165088191,0.96102986520664,1.0,0.33333333333333326,0.0
OR4C46,0.381224119334006,0.12682154388057398,0.0,1.0,0.0
OR4C6,0.47267622639363394,0.26254012303857127,0.0,0.33333333333333326,0.0
OR4D6,0.5300066804142168,0.4344785231554663,1.0,0.33333333333333326,0.0
OR4F5,0.3729162901441471,0.5046395055187073,1.0,0.33333333333333326,0.0
OR4K14,0.46811727262105124,0.3040164555478864,0.0,0.33333333333333326,0.0
OR4K2,0.5154768757490539,0.2866237072442111,0.0,0.33333333333333326,0.0
OR4L1,0.4323959512768648,0.6700946099374872,1.0,1.0,0.0
OR4M1,0.5422585524216019,0.9573245037069105,0.0,0.33333333333333326,0.0
OR4N2,0.47583587853683906,0.27935815296422745,0.0,0.33333333333333326,0.0
OR4X2,0.54191360088373,1.0,0.0,1.0,0.0
OR51A2,0.5989565628471271,0.30310974767643784,0.0,1.0,0.0
OR51A4,0.5623982739528193,0.20048833075200193,1.0,1.0,0.0
OR51A7,0.5760408149421454,0.25549798537322976,0.0,0.33333333333333326,0.0
OR51B2,0.6133871769915263,0.4942868275089488,0.0,0.33333333333333326,0.0
OR51M1,0.49673052528815453,0.3011642196303166,0.0,1.0,0.0
OR51S1,0.5012731470609773,0.32314769816202643,0.0,0.33333333333333326,0.0
OR51V1,0.5201813471889609,1.0,0.0,1.0,0.0
OR52A1,0.46182257978386,0.4144682208054129,0.0,0.33333333333333326,0.0
OR52B2,0.4955740707923603,0.14602886585957306,0.0,0.33333333333333326,0.0
OR52B4,0.4648154651861062,0.77930469570191,0.0,1.0,0.0
OR52D1,0.3998294456430674,0.12228167924081,0.0,0.33333333333333326,0.0
OR52E2,0.4695277659031741,0.858371690609845,0.0,1.0,0.0
OR52E4,0.541648992157212,0.240563414775502,0.0,1.0,0.0
OR52L1,0.4178850150524279,0.20129871700978957,1.0,1.0,0.0
OR5A1,0.5068665400282772,0.9486321454539633,1.0,0.33333333333333326,0.0
OR5AC2,0.47010982837018994,0.15035174187867648,0.0,0.33333333333333326,0.0
OR5AN1,0.5630518376384102,0.38000449539616593,1.0,1.0,0.0
OR5AP2,0.42183876259088415,0.028804630779130525,0.0,0.33333333333333326,0.0
OR5AS1,0.5569840373831517,0.07173702612336273,0.0,1.0,0.0
OR5B17,0.5800253829728487,0.2503943211749203,0.0,0.33333333333333326,0.0
OR5B2,0.4678147425028902,0.6481665964537111,0.0,1.0,0.0
OR5B3,0.464935113539425,0.11858756899892132,0.0,1.0,0.0
OR5C1,0.4722396736072098,0.33261463822243953,0.0,0.33333333333333326,0.0
OR5D14,0.5274399676848881,0.18601290615974544,1.0,0.33333333333333326,0.0
OR5D18,0.4315590838287723,0.8207243643112418,1.0,0.33333333333333326,0.0
OR5I1,0.6639237339802004,0.5752086608882968,0.0,1.0,0.0
OR5J2,0.5086111745378921,0.26852285090682015,1.0,0.33333333333333326,0.0
OR5K2,0.4661412142658194,0.21712064050265162,0.0,0.33333333333333326,0.0
OR5K4,0.5092273557742955,0.7379218878569032,0.0,1.0,0.0
OR5L2,0.4202796902827775,0.2322542218342736,1.0,1.0,0.0
OR5M10,0.4663140571562163,0.3837251066660827,0.0,0.33333333333333326,0.0
OR5M3,0.5283527154322711,0.3625284073044182,0.0,0.33333333333333326,0.0
OR5T2,0.45339944451394354,0.9749993898268378,0.0,1.0,0.0
OR5V1,0.5921925078452821,0.4491092288757926,0.0,1.0,0.0
OR6B1,0.4652923544268279,0.1049203401209822,0.0,1.0,0.0
OR6B3,0.4947543170767112,0.25487205607029395,0.0,0.33333333333333326,0.0
OR6C2,0.5103940153449967,0.2356270648180292,0.0,0.33333333333333326,0.0
OR6C3,0.4250921477475396,0.7835629178164809,1.0,1.0,0.0
OR6C4,0.6046859720384093,0.3620381607937972,0.0,0.33333333333333326,0.0
OR6C65,0.6106434473474933,0.2974174367030866,0.0,1.0,0.0
OR6C68,0.47476435707659115,0.02671907645147662,0.0,0.33333333333333326,0.0
OR6C70,0.4712586231164102,0.06912043732150833,0.0,1.0,0.0
OR6F1,0.5167140168145681,0.7030709425353098,0.0,1.0,0.0
OR6K2,0.36548792996106977,0.21744276467623969,0.0,0.33333333333333326,0.0
OR6K3,0.4410872218063377,0.05408004981477863,0.0,0.33333333333333326,0.0
OR6K6,0.552598199680046,0.19034339552187207,0.0,0.33333333333333326,0.0
OR6N1,0.42312431498509295,0.16991979702088583,0.0,0.33333333333333326,0.0
OR6Q1,0.4981090249428819,0.6292896936690532,0.0,1.0,0.0
OR6Y1,0.43409993173448186,0.09203740013672079,1.0,1.0,0.0
OR7A10,0.5119783717668338,0.9344738781492208,1.0,0.33333333333333326,0.0
OR7A17,0.5771662537679952,1.0,0.0,1.0,0.0
OR7A5,0.6746217476887149,1.0,0.0,0.33333333333333326,0.0
OR7C1,0.5840625017609024,1.0,1.0,1.0,0.0
OR7C2,0.4990634341255181,0.6613434667748447,0.0,1.0,0.0
OR7D4,0.5093921294244562,1.0,0.0,1.0,0.0
OR7E24,0.40484201410384235,0.14505804475403763,0.0,0.33333333333333326,0.0
OR7G1,0.39847694817607077,0.175939698365065,1.0,1.0,0.0
OR7G2,0.5675475501740161,1.0,0.0,0.33333333333333326,0.0
OR7G3,0.31337686011798005,1.0,1.0,1.0,0.0
OR8B3,0.5642356788836006,0.0758094834917484,0.0,1.0,0.0
OR8B4,0.5385708282461572,0.11419000093834329,1.0,1.0,0.0
OR8D4,0.4449012462394167,1.0,0.0,0.33333333333333326,0.0
OR8G1,0.4597261171459547,0.4609790051679882,0.0,1.0,0.0
OR8G5,0.4627479144883894,0.5674383903827935,0.0,0.33333333333333326,0.0
OR8I2,0.4191769723673864,0.6166559615960445,1.0,1.0,0.0
OR8J1,0.49524363325760873,0.060763093457713316,0.0,1.0,0.0
OR8K3,0.40424648312385036,0.13872346524235218,0.0,0.33333333333333326,0.0
OR9A4,0.5340172208408949,0.0840521434756195,0.0,0.33333333333333326,0.0
OR9G9,0.5556604164291352,0.3496587966367178,0.0,1.0,0.0
OR9H1,0.5023976820482089,0.24040892169352235,0.0,1.0,0.0
OR9Q1,0.5001274055063233,0.6325013640397871,0.0,1.0,0.0
OR9Q2,0.5709961273138192,0.20189279869531682,0.0,0.33333333333333326,0.0
ORAI1,0.6053611725047701,1.0,0.0,1.0,0.0
ORAI2,0.5867767551530577,0.6556209592401132,1.0,1.0,0.0
ORAI3,0.5691654235790731,1.0,0.0,1.0,0.0
ORC3,0.4071310220118463,1.0,0.0,1.0,0.0
ORC4,0.4521650748445153,1.0,0.0,1.0,0.0
ORC5,0.3798345989638712,1.0,1.0,1.0,0.0
ORC6,0.4162746343824919,1.0,1.0,1.0,0.0
ORMDL2,0.5609577130692343,1.0,1.0,1.0,0.0
OS9,0.522174427051547,1.0,0.0,0.33333333333333326,0.0
OSBP,0.48355392079202814,1.0,1.0,0.33333333333333326,0.0
OSBP2,0.5008756347749027,0.7735099382971968,0.0,0.33333333333333326,0.0
OSBPL10,0.35270312633816037,1.0,0.0,1.0,0.0
OSBPL11,0.584617133316135,0.11498002958751745,0.0,0.33333333333333326,0.0
OSBPL1A,0.40099754511902025,1.0,0.0,1.0,0.0
OSBPL2,0.5453358559003213,1.0,1.0,1.0,0.0
OSBPL3,0.4035381312946641,1.0,0.0,0.33333333333333326,0.0
OSBPL6,0.39403131829404314,1.0,1.0,1.0,0.0
OSBPL7,0.39126535177855515,0.2578789965291221,0.0,0.33333333333333326,0.0
OSBPL8,0.45293788673508123,0.7530717368344745,0.0,1.0,0.0
OSBPL9,0.525193413757011,1.0,0.0,1.0,0.0
OSCAR,0.6008637486510109,1.0,1.0,1.0,0.0
OSCP1,0.38104811554146634,1.0,0.0,1.0,0.0
OSER1,0.4237807104667895,0.15839625089773918,1.0,1.0,0.0
OSGEP,0.4165753824187581,1.0,1.0,1.0,0.0
OSGEPL1,0.43485894657150687,0.7828404065279966,0.0,0.33333333333333326,0.0
OSGIN1,0.5274995658222295,1.0,0.0,1.0,0.0
OSGIN2,0.5180590627934598,1.0,0.0,1.0,0.0
OSM,0.5471382254419263,1.0,0.0,0.33333333333333326,0.0
OSMR,0.6185100891803121,1.0,1.0,1.0,0.0
OSR1,0.6404084986802525,1.0,0.0,1.0,0.0
OSTF1,0.3917286082351529,1.0,0.0,0.33333333333333326,0.0
OTOA,0.5564188566818209,1.0,1.0,1.0,0.0
OTOF,0.4156096788579146,0.04726039895396448,0.0,0.33333333333333326,0.0
OTOG,0.4747844909944091,0.1355232143511169,0.0,1.0,0.0
OTOGL,0.49707238510508384,0.5112070124546946,1.0,0.33333333333333326,0.0
OTOP1,0.4719708210391209,0.16645013278327322,0.0,0.33333333333333326,0.0
OTOP2,0.589015161869276,0.3251446116934289,0.0,1.0,0.0
OTOP3,0.39865359271439915,0.05033760890191844,0.0,1.0,0.0
OTOR,0.4524831838352323,1.0,0.0,0.33333333333333326,0.0
OTOS,0.6296881814428796,1.0,0.0,1.0,0.0
OTP,0.4927027309493072,0.8199706981171198,1.0,0.33333333333333326,0.0
OTUB1,0.40518411116739134,1.0,0.0,1.0,0.0
OTUB2,0.4536543853870296,0.8555225060407129,0.0,0.33333333333333326,0.0
OTUD1,0.39881092409783353,1.0,0.0,1.0,0.0
OTUD3,0.4056562440569267,1.0,1.0,1.0,0.0
OTUD4,0.5605138853427214,1.0,1.0,1.0,0.0
OTUD5,0.38914755369729165,1.0,1.0,1.0,0.0
OTUD6B,0.4944780853886225,0.9158944165489268,1.0,0.33333333333333326,0.0
OTUD7B,0.4423457901024865,1.0,1.0,0.33333333333333326,0.0
OTULIN,0.5355595040817405,1.0,0.0,1.0,0.0
OTULINL,0.5735461324219822,0.4253306086025715,0.0,1.0,0.0
OTX1,0.5401396528556104,0.9205536492687797,0.0,1.0,0.0
OTX2,0.60798246736072,0.17635216594627642,0.0,1.0,0.0
OVCH1,0.37911176356029197,0.3250770552153219,1.0,0.33333333333333326,0.0
OVCH2,0.4630376026584528,1.0,0.0,1.0,0.0
OVGP1,0.5258948239677714,0.8815263742995159,0.0,0.33333333333333326,0.0
OVOL1,0.5307332320633059,0.3259181155483233,0.0,0.33333333333333326,0.0
OVOL2,0.3845947734289722,1.0,0.0,0.33333333333333326,0.0
OXA1L,0.42104218399988813,1.0,1.0,1.0,0.0
OXCT1,0.31244731733804226,1.0,0.0,0.33333333333333326,0.0
OXCT2,0.5027951970709242,1.0,1.0,0.33333333333333326,0.0
OXER1,0.4949030759981981,0.5599644950306606,0.0,1.0,0.0
OXGR1,0.4351914168945855,1.0,1.0,0.33333333333333326,0.0
OXNAD1,0.4406524730846454,1.0,0.0,0.33333333333333326,0.0
OXR1,0.38596304291450156,0.9091567989083137,1.0,1.0,0.0
OXSM,0.4686942262560838,0.6808201048552616,0.0,1.0,0.0
OXSR1,0.5546401742510095,1.0,1.0,1.0,0.0
OXT,0.535163767813536,0.6946810410029095,1.0,1.0,0.0
P2RX1,0.5085861666284331,0.9326286987345649,0.0,0.33333333333333326,0.0
P2RX2,0.4644254433341668,0.467412628196703,0.0,0.33333333333333326,0.0
P2RX5,0.5010151382989011,1.0,0.0,1.0,0.0
P2RX7,0.5945196495883839,1.0,1.0,1.0,0.0
P2RY1,0.46849671359334916,0.3418045469038432,0.0,0.33333333333333326,0.0
P2RY12,0.3455768911997886,1.0,0.0,0.33333333333333326,0.0
P2RY14,0.5647293857857035,1.0,1.0,1.0,0.0
P2RY2,0.5481643632776676,0.43584090235037587,1.0,1.0,0.0
P2RY6,0.5177845308151149,0.621312441504343,0.0,1.0,0.0
P2RY8,0.5327468187720937,1.0,0.0,0.33333333333333326,0.0
P3H1,0.5595273366572251,1.0,0.0,0.33333333333333326,0.0
P3H2,0.6202930876920728,1.0,0.0,0.33333333333333326,0.0
P3H3,0.5222147421796619,1.0,0.0,0.33333333333333326,0.0
P3H4,0.4760312163260784,1.0,1.0,0.33333333333333326,0.0
P4HA1,0.5951341920146497,1.0,0.0,1.0,0.0
P4HA2,0.612214812351898,1.0,0.0,1.0,0.0
P4HB,0.5470408066091748,1.0,1.0,1.0,0.0
PA2G4,0.46381035366142365,0.6526949141886941,0.0,1.0,0.0
PAAF1,0.43446920376792825,1.0,0.0,0.33333333333333326,0.0
PABIR1,0.5086453521591413,1.0,0.0,1.0,0.0
PABIR2,0.5388776375306049,1.0,0.0,1.0,0.0
PABIR3,0.44161749122377175,1.0,0.0,0.33333333333333326,0.0
PABPC1L2A,0.3618443293507268,0.789699596970912,1.0,1.0,0.0
PABPC5,0.5288767381149413,0.8854431548238326,1.0,1.0,0.0
PABPN1,0.4415041477450518,0.8424018938526395,1.0,0.33333333333333326,0.0
PACRG,0.45693789193083695,0.8388653989957258,0.0,0.33333333333333326,0.0
PACRGL,0.4343822441298381,1.0,0.0,1.0,0.0
PACS1,0.5080300638079336,0.9628116440140455,0.0,1.0,0.0
PACS2,0.5056316417309481,0.1725247610194366,0.0,1.0,0.0
PACSIN1,0.30413561844239245,1.0,1.0,1.0,0.0
PACSIN2,0.5570309105080055,1.0,1.0,1.0,0.0
PACSIN3,0.6040340123899575,1.0,1.0,1.0,0.0
PADI1,0.5448516518413432,0.3353959899354669,1.0,1.0,0.0
PADI2,0.5852402613364456,0.464716203938046,1.0,1.0,0.0
PADI3,0.45795787963720896,0.5744352702642981,0.0,1.0,0.0
PADI6,0.4637172866247423,0.3057805668229223,0.0,0.33333333333333326,0.0
PAF1,0.5016301053361831,0.6768866787856569,0.0,0.33333333333333326,0.0
PAFAH1B1,0.43903313932008703,0.5248632187575495,0.0,1.0,0.0
PAFAH1B2,0.46550329245747313,0.6127479815902876,0.0,0.33333333333333326,0.0
PAFAH1B3,0.589158411203596,1.0,1.0,1.0,0.0
PAFAH2,0.5297806357783899,1.0,0.0,1.0,0.0
PAG1,0.5503806060753301,0.3075768883392953,1.0,1.0,0.0
PAGE1,0.5347887034883885,0.36453083456961505,1.0,0.33333333333333326,0.0
PAGE2,0.5052300906693182,0.4095898892430166,0.0,0.33333333333333326,0.0
PAGE2B,0.5104633590309562,1.0,0.0,0.33333333333333326,0.0
PAGE5,0.3994977181497731,0.5485130973241958,1.0,1.0,0.0
PAGR1,0.5775854144384711,1.0,0.0,1.0,0.0
PAIP2,0.5002199267215529,0.7027906864933455,0.0,0.33333333333333326,0.0
PAK1,0.06135806913077863,1.0,1.0,1.0,0.0
PAK1IP1,0.4246138565825294,1.0,0.0,0.33333333333333326,0.0
PAK2,0.560559065106822,1.0,1.0,1.0,0.0
PAK3,0.21734818353353155,1.0,0.0,0.33333333333333326,0.0
PAK4,0.40901096569414985,1.0,1.0,0.33333333333333326,0.0
PAK5,0.3373217448152417,1.0,1.0,1.0,0.0
PAK6,0.3831203438837818,1.0,0.0,1.0,0.0
PALD1,0.5768159435238736,1.0,1.0,1.0,0.0
PALLD,0.6501863106446546,0.4799810911086101,0.0,1.0,0.0
PALM,0.5262641339075074,0.7309447951018463,0.0,0.33333333333333326,0.0
PALMD,0.5296894184180867,1.0,0.0,1.0,0.0
PALS1,0.6041533677855171,0.6978977222128775,0.0,0.33333333333333326,0.0
PALS2,0.5230759725362889,1.0,0.0,1.0,0.0
PAM,0.39764455272934224,1.0,0.0,1.0,0.0
PAM16,0.4522493720455606,1.0,0.0,1.0,0.0
PAMR1,0.4973092069329427,0.008541294509706605,0.0,0.33333333333333326,0.0
PAN2,0.5751595638503881,1.0,0.0,0.33333333333333326,0.0
PANK1,0.43611036821726157,0.8390157378633519,0.0,1.0,0.0
PANK2,0.3791092071036296,1.0,1.0,1.0,0.0
PANK3,0.3572270736657703,1.0,1.0,1.0,0.0
PANX1,0.4352840391293627,1.0,0.0,0.33333333333333326,0.0
PANX2,0.4073239214886707,0.29959022479614217,1.0,1.0,0.0
PAOX,0.46724370967665807,0.21300093382733748,0.0,0.33333333333333326,0.0
PAPLN,0.6296645608769137,1.0,0.0,1.0,0.0
PAPOLA,0.5091722590869502,0.529082325037102,1.0,0.33333333333333326,0.0
PAPOLG,0.5383247884763362,1.0,0.0,1.0,0.0
PAPSS1,0.4427481131314801,1.0,0.0,1.0,0.0
PAQR6,0.44560139301097,0.19862245452347096,0.0,1.0,0.0
PAQR8,0.5890989356670728,1.0,1.0,1.0,0.0
PAQR9,0.4281200771201741,1.0,0.0,1.0,0.0
PARD3,0.6005057959022696,1.0,0.0,0.33333333333333326,0.0
PARD6A,0.38698040615324836,0.9459357910500317,1.0,1.0,0.0
PARG,0.41591169191942823,1.0,0.0,1.0,0.0
PARK7,0.44485691872834787,1.0,0.0,1.0,0.0
PARL,0.4061019794833,1.0,1.0,1.0,0.0
PARM1,0.3109181447096879,1.0,1.0,1.0,0.0
PARN,0.41688231515965235,1.0,1.0,1.0,0.0
PARP1,0.4656326847416795,0.16024389642203232,0.0,0.33333333333333326,0.0
PARP10,0.5924891667150693,1.0,0.0,1.0,0.0
PARP11,0.44510611281446816,1.0,0.0,0.33333333333333326,0.0
PARP12,0.5493246446035062,1.0,0.0,0.33333333333333326,0.0
PARP14,0.6185510899654524,1.0,0.0,1.0,0.0
PARP16,0.5566175516815378,1.0,0.0,1.0,0.0
PARP2,0.3882759988153415,1.0,1.0,1.0,0.0
PARP4,0.5972954071819819,1.0,0.0,1.0,0.0
PARP8,0.45707966094643987,0.5612804775670841,0.0,0.33333333333333326,0.0
PARP9,0.6197784867991576,1.0,1.0,1.0,0.0
PARPBP,0.4447506470746618,0.9068005118360444,0.0,1.0,0.0
PARS2,0.5559163848037166,0.5274778169693382,1.0,1.0,0.0
PARVA,0.5968611798344634,0.5564157414265289,1.0,1.0,0.0
PARVB,0.4371602374268044,1.0,1.0,0.33333333333333326,0.0
PARVG,0.6485343941038526,1.0,1.0,1.0,0.0
PASK,0.5598402392229044,1.0,1.0,1.0,0.0
PATE2,0.41191775293003813,0.968261865148033,1.0,1.0,0.0
PATJ,0.4733758322080311,0.01684756053545921,0.0,1.0,0.0
PATL1,0.4965420633136473,1.0,1.0,0.33333333333333326,0.0
PATZ1,0.5380784220118101,1.0,0.0,1.0,0.0
PAX6,0.6191372577996205,1.0,0.0,1.0,0.0
PAX7,0.49783988999665624,0.5355174941013833,0.0,0.33333333333333326,0.0
PAX9,0.5069241287000447,0.5504515496327713,0.0,1.0,0.0
PAXIP1,0.5149878872788197,1.0,0.0,1.0,0.0
PAXX,0.5416582705285843,1.0,0.0,1.0,0.0
PBK,0.536523855052272,1.0,0.0,1.0,0.0
PBLD,0.3569999497349196,0.4154446095628886,1.0,1.0,0.0
PBX1,0.516552472929173,1.0,0.0,0.33333333333333326,0.0
PBX2,0.4632629725586085,0.2825511101359495,1.0,0.33333333333333326,0.0
PBX3,0.46848592731692523,0.7610623457113525,0.0,1.0,0.0
PBX4,0.5489958333250845,0.5044406811654075,1.0,1.0,0.0
PBXIP1,0.6149565307105447,1.0,1.0,1.0,0.0
PC,0.5462217370876259,1.0,0.0,0.33333333333333326,0.0
PCARE,0.4534859900675516,1.0,0.0,1.0,0.0
PCBD1,0.5413651287768101,1.0,1.0,1.0,0.0
PCBP1,0.5072472603211282,1.0,0.0,1.0,0.0
PCBP2,0.5472745184451516,1.0,1.0,1.0,0.0
PCBP3,0.5019433739987587,0.17882686391915398,0.0,0.33333333333333326,0.0
PCBP4,0.4797536828342062,0.5059580359221605,1.0,0.33333333333333326,0.0
PCCA,0.47391261934349405,0.19334313147360474,0.0,0.33333333333333326,0.0
PCCB,0.5073516703524156,1.0,0.0,0.33333333333333326,0.0
PCDH1,0.41441216939696235,0.5981985158504773,1.0,1.0,0.0
PCDH10,0.3017582046984778,1.0,1.0,1.0,0.0
PCDH11Y,0.3350634667008617,1.0,0.0,1.0,0.0
PCDH12,0.6082390963123688,0.2891353714309,0.0,1.0,0.0
PCDH15,0.5084347046752765,1.0,1.0,0.33333333333333326,0.0
PCDH17,0.41775875772464705,1.0,0.0,1.0,0.0
PCDH18,0.6918837490155455,0.44227932825005667,0.0,1.0,0.0
PCDH19,0.2893306255246417,1.0,0.0,1.0,0.0
PCDH20,0.3593067569129401,1.0,1.0,1.0,0.0
PCDH8,0.3308071398502512,1.0,1.0,0.33333333333333326,0.0
PCDH9,0.42303953148052176,1.0,1.0,1.0,0.0
PCED1A,0.5736686529533374,1.0,1.0,1.0,0.0
PCF11,0.5724641345046076,1.0,0.0,1.0,0.0
PCGF1,0.519135470673327,0.9076892502598295,0.0,0.33333333333333326,0.0
PCGF2,0.4555771915720636,0.45384684895186994,1.0,0.33333333333333326,0.0
PCGF3,0.5453243401657051,0.11539584976801348,0.0,0.33333333333333326,0.0
PCGF5,0.5524862058222362,1.0,0.0,0.33333333333333326,0.0
PCGF6,0.46849564662000964,0.36632582124024154,0.0,0.33333333333333326,0.0
PCID2,0.5805334106661271,1.0,0.0,0.33333333333333326,0.0
PCIF1,0.5128476200785899,0.9192038961838186,0.0,1.0,0.0
PCK1,0.703593665323278,1.0,0.0,0.33333333333333326,0.0
PCK2,0.5203823068712059,0.6242850510217507,0.0,1.0,0.0
PCLO,0.21334981818870027,1.0,1.0,1.0,0.0
PCM1,0.4418069038697165,0.9017622630914518,1.0,1.0,0.0
PCMT1,0.27615386318495133,1.0,1.0,1.0,0.0
PCMTD1,0.5555274906810146,1.0,0.0,1.0,0.0
PCMTD2,0.5234848897172316,0.38010605242614515,1.0,1.0,0.0
PCNA,0.5513339490077814,0.12456834464287343,1.0,1.0,0.0
PCNP,0.38072111645640966,1.0,0.0,1.0,0.0
PCNT,0.4396092148007091,0.9102944837948095,1.0,0.33333333333333326,0.0
PCNX1,0.4877647946413608,1.0,1.0,0.33333333333333326,0.0
PCOLCE,0.6139032535894295,1.0,0.0,1.0,0.0
PCOLCE2,0.6153757304794845,0.3655136895911152,0.0,1.0,0.0
PCP4,0.1758922644795126,1.0,1.0,1.0,0.0
PCP4L1,0.2625135171300726,1.0,0.0,0.33333333333333326,0.0
PCSK1,0.25601236636238067,1.0,1.0,1.0,0.0
PCSK2,0.3142531705990858,1.0,0.0,1.0,0.0
PCSK4,0.534534439881413,1.0,0.0,1.0,0.0
PCSK5,0.5383155273878524,1.0,0.0,0.33333333333333326,0.0
PCSK6,0.5142350072504618,1.0,0.0,1.0,0.0
PCSK7,0.4738497631997518,1.0,1.0,0.33333333333333326,0.0
PCTP,0.5552000676992938,1.0,0.0,1.0,0.0
PCYOX1,0.3783365678991034,1.0,0.0,1.0,0.0
PCYOX1L,0.2817718157911547,1.0,1.0,1.0,0.0
PCYT1A,0.5567609310440267,0.32176362668619757,1.0,1.0,0.0
PCYT1B,0.5392743616773283,0.7409772532356746,0.0,1.0,0.0
PDAP1,0.4597050705680457,1.0,0.0,1.0,0.0
PDC,0.4197043833274808,0.3895057765618615,1.0,1.0,0.0
PDCD10,0.4045010564396762,1.0,0.0,1.0,0.0
PDCD11,0.38715923494897964,1.0,1.0,1.0,0.0
PDCD2,0.4707376167958681,0.47182399937874897,0.0,0.33333333333333326,0.0
PDCD2L,0.42338105299765766,1.0,0.0,1.0,0.0
PDCD4,0.45927583514508463,1.0,1.0,0.33333333333333326,0.0
PDCD5,0.3833735290472187,1.0,1.0,1.0,0.0
PDCD6,0.4025614569232383,1.0,0.0,1.0,0.0
PDCD7,0.4180550554081966,1.0,0.0,1.0,0.0
PDCL,0.5361049692744516,0.6665649196394802,1.0,1.0,0.0
PDCL3,0.5064822448372636,1.0,1.0,0.33333333333333326,0.0
PDE10A,0.5078253662647451,0.9962298393296924,0.0,1.0,0.0
PDE11A,0.4543815389933162,0.532204360414678,0.0,0.33333333333333326,0.0
PDE1A,0.30723979837262944,1.0,1.0,1.0,0.0
PDE1B,0.446766903994257,0.620856239558766,0.0,1.0,0.0
PDE1C,0.6206772814899081,0.2533369334912258,0.0,0.33333333333333326,0.0
PDE2A,0.4027970865919064,1.0,0.0,0.33333333333333326,0.0
PDE3A,0.4992192501047992,0.5494133306939093,0.0,0.33333333333333326,0.0
PDE3B,0.5319274577829045,1.0,0.0,1.0,0.0
PDE4A,0.45983580736576685,0.9682818824083257,0.0,0.33333333333333326,0.0
PDE4C,0.4111775314606352,1.0,1.0,1.0,0.0
PDE4D,0.44052792870403407,1.0,0.0,1.0,0.0
PDE4DIP,0.5975550543103931,1.0,1.0,1.0,0.0
PDE5A,0.547984787535133,1.0,0.0,1.0,0.0
PDE6C,0.5738183194842856,0.6203864203560971,1.0,1.0,0.0
PDE6D,0.44777840120264706,1.0,0.0,0.33333333333333326,0.0
PDE6H,0.3742194648049746,1.0,1.0,1.0,0.0
PDE7A,0.5482462715793871,1.0,0.0,1.0,0.0
PDE8A,0.4480103749758419,0.13166877590007386,0.0,0.33333333333333326,0.0
PDE8B,0.4095300080124937,1.0,0.0,1.0,0.0
PDF,0.322253673801459,1.0,1.0,1.0,0.0
PDGFC,0.5211793472407094,1.0,0.0,1.0,0.0
PDGFRA,0.588077120537929,0.13871446434780013,0.0,0.33333333333333326,0.0
PDGFRB,0.7252460778342479,1.0,1.0,1.0,0.0
PDGFRL,0.5776742687650611,1.0,0.0,1.0,0.0
PDHA1,0.3869928946799412,1.0,1.0,1.0,0.0
PDHB,0.3723389153054254,1.0,1.0,1.0,0.0
PDHX,0.35769770536294065,1.0,1.0,1.0,0.0
PDIA2,0.2778410171565443,0.522855387692486,0.0,1.0,0.0
PDIA3,0.4431880712063286,0.5671531420428945,0.0,1.0,0.0
PDIA4,0.580865067127726,1.0,0.0,1.0,0.0
PDIA6,0.5143433777919191,0.26614864775617975,0.0,1.0,0.0
PDK1,0.5124142473777172,1.0,1.0,0.33333333333333326,0.0
PDK2,0.539588434959549,1.0,0.0,1.0,0.0
PDK3,0.40206645073783803,0.8640598703788079,1.0,1.0,0.0
PDK4,0.6934400669985193,1.0,1.0,1.0,0.0
PDLIM1,0.7899461391537733,1.0,1.0,1.0,0.0
PDLIM2,0.5260104152430543,1.0,0.0,1.0,0.0
PDLIM3,0.5545934499465867,1.0,0.0,1.0,0.0
PDLIM4,0.6857038671747421,1.0,1.0,1.0,0.0
PDLIM5,0.6073611347737448,1.0,1.0,1.0,0.0
PDLIM7,0.5883821309435378,1.0,0.0,1.0,0.0
PDP1,0.33728119854487676,1.0,0.0,1.0,0.0
PDP2,0.5422023172553762,0.4983854432293685,1.0,1.0,0.0
PDPK1,0.4236043102461405,0.9039271364864375,1.0,1.0,0.0
PDPN,0.6101086850483066,1.0,0.0,1.0,0.0
PDPR,0.42286414712127424,0.36645501352986093,1.0,0.33333333333333326,0.0
PDRG1,0.4630732672427812,0.7996820167291827,0.0,1.0,0.0
PDS5A,0.5473205127031051,1.0,0.0,1.0,0.0
PDS5B,0.3722328324049619,1.0,0.0,0.33333333333333326,0.0
PDSS1,0.49334995469335635,1.0,0.0,0.33333333333333326,0.0
PDSS2,0.5269195868082387,0.196806574456696,1.0,1.0,0.0
PDX1,0.47368027963034337,0.4674554900207695,0.0,1.0,0.0
PDXDC1,0.4535438735419741,1.0,0.0,0.33333333333333326,0.0
PDXK,0.41155167382005214,1.0,1.0,1.0,0.0
PDXP,0.4131642640917664,1.0,0.0,1.0,0.0
PDYN,0.5184698673658816,0.32184883028338945,0.0,1.0,0.0
PDZD11,0.4228191952738527,1.0,0.0,1.0,0.0
PDZD4,0.40646724403725193,1.0,1.0,1.0,0.0
PDZD7,0.4625477539256297,0.4636084672604451,0.0,1.0,0.0
PDZD8,0.5117657288221932,1.0,0.0,0.33333333333333326,0.0
PDZK1,0.5530707422727026,1.0,0.0,1.0,0.0
PDZK1IP1,0.5321935126786754,1.0,0.0,0.33333333333333326,0.0
PDZRN3,0.40989050294602736,1.0,0.0,0.33333333333333326,0.0
PDZRN4,0.5321250349090244,0.33877139947974316,1.0,0.33333333333333326,0.0
PEAK1,0.5253253140491447,0.5859554861791746,1.0,1.0,0.0
PEAR1,0.7199832489594976,1.0,1.0,1.0,0.0
PEBP1,0.3846082785888502,1.0,1.0,1.0,0.0
PEBP4,0.40650588387290004,0.12997109247704766,0.0,0.33333333333333326,0.0
PECAM1,0.710453677788768,1.0,1.0,1.0,0.0
PECR,0.5064378675399712,0.8180021403079564,1.0,0.33333333333333326,0.0
PEDS1,0.5647508521318754,1.0,1.0,1.0,0.0
PEF1,0.48814196420821127,1.0,1.0,0.33333333333333326,0.0
PEG10,0.5348717837022614,1.0,0.0,0.33333333333333326,0.0
PEG3,0.35908922437515306,0.761508488802086,1.0,1.0,0.0
PELI1,0.6146051547333461,1.0,1.0,1.0,0.0
PELI2,0.5773208804676837,1.0,1.0,1.0,0.0
PELI3,0.43662034797003024,0.9662406889987207,0.0,1.0,0.0
PELO,0.5362916416300321,0.13259440846505127,0.0,1.0,0.0
PENK,0.26381134529924966,1.0,0.0,1.0,0.0
PEPD,0.5423049235788326,0.35854144499423124,1.0,1.0,0.0
PER1,0.4769619134677083,1.0,1.0,0.33333333333333326,0.0
PER2,0.3541547367432987,1.0,1.0,1.0,0.0
PER3,0.5318700816604048,0.04587951044429519,0.0,0.33333333333333326,0.0
PERP,0.6395613594687557,1.0,1.0,1.0,0.0
PES1,0.4007615078390739,0.20355803415324325,1.0,1.0,0.0
PEX10,0.4686903022443061,0.26783321254615033,0.0,0.33333333333333326,0.0
PEX11A,0.6020298241564376,0.6660711839894737,1.0,1.0,0.0
PEX11B,0.3487096009158347,1.0,1.0,1.0,0.0
PEX11G,0.44759538096617185,0.5533823207654498,0.0,1.0,0.0
PEX12,0.5176522820264283,0.8398496327454203,0.0,1.0,0.0
PEX13,0.4539822588360155,0.495920218725121,0.0,0.33333333333333326,0.0
PEX19,0.4203578937999857,1.0,0.0,0.33333333333333326,0.0
PEX2,0.5733664765745455,1.0,1.0,1.0,0.0
PEX26,0.5198142317384862,0.15577030836564243,0.0,0.33333333333333326,0.0
PEX3,0.4434048223751075,1.0,0.0,1.0,0.0
PEX5,0.48927573773499045,1.0,1.0,0.33333333333333326,0.0
PEX6,0.563435258734129,0.7188618981719431,0.0,1.0,0.0
PEX7,0.3838227044188283,1.0,1.0,1.0,0.0
PF4,0.7142371100565649,1.0,0.0,0.33333333333333326,0.0
PF4V1,0.6507475104141303,1.0,0.0,0.33333333333333326,0.0
PFAS,0.43956022067190526,1.0,0.0,1.0,0.0
PFDN1,0.41275529925481386,1.0,0.0,0.33333333333333326,0.0
PFDN2,0.40288853506368005,0.30295334475656494,0.0,1.0,0.0
PFDN4,0.3717314547679538,1.0,1.0,1.0,0.0
PFDN5,0.5015204981131988,0.44573022502839615,0.0,1.0,0.0
PFDN6,0.45672831782824386,0.8169046894722024,0.0,1.0,0.0
PFKFB1,0.4671027916367667,0.4012330364939594,0.0,0.33333333333333326,0.0
PFKFB2,0.5496131028917907,0.38605626036212126,1.0,0.33333333333333326,0.0
PFKFB3,0.6096380240602209,1.0,1.0,1.0,0.0
PFKFB4,0.591980872778566,1.0,1.0,1.0,0.0
PFKM,0.3703414077819815,1.0,1.0,1.0,0.0
PFN1,0.4745943617058143,0.5999109277447379,1.0,0.33333333333333326,0.0
PFN2,0.2782298132328411,1.0,1.0,1.0,0.0
PFN3,0.45832672434631755,0.6612057422687058,0.0,1.0,0.0
PGA5,0.4975778226330737,0.9072266109545472,0.0,1.0,0.0
PGAM1,0.31457461602417175,1.0,1.0,1.0,0.0
PGAM2,0.6515467966009907,1.0,1.0,1.0,0.0
PGAM5,0.4130889583114725,1.0,0.0,0.33333333333333326,0.0
PGAP1,0.3748835515562468,1.0,0.0,1.0,0.0
PGAP3,0.46783434723332984,0.1810016712480553,0.0,0.33333333333333326,0.0
PGAP4,0.346224310527434,1.0,0.0,1.0,0.0
PGBD1,0.41596420187562205,1.0,0.0,0.33333333333333326,0.0
PGBD3,0.5393720564934522,0.3200838342207581,0.0,1.0,0.0
PGBD5,0.39030641863988186,1.0,0.0,1.0,0.0
PGCKA1,0.5727955690612625,1.0,0.0,1.0,0.0
PGD,0.4448754524414049,0.5378773117682089,0.0,1.0,0.0
PGF,0.5919920471354494,1.0,0.0,0.33333333333333326,0.0
PGGHG,0.609851411042041,1.0,1.0,1.0,0.0
PGGT1B,0.4617900441542353,0.07555184905078718,0.0,1.0,0.0
PGK1,0.3597774368769785,1.0,1.0,1.0,0.0
PGLS,0.5699045484722323,1.0,1.0,1.0,0.0
PGLYRP3,0.4655695541723748,1.0,0.0,0.33333333333333326,0.0
PGLYRP4,0.5693656969594362,0.19174197158046064,0.0,0.33333333333333326,0.0
PGM1,0.5589130536534099,0.34505325282882093,1.0,1.0,0.0
PGM2,0.6185007466905257,1.0,1.0,1.0,0.0
PGM2L1,0.27056251990417185,1.0,1.0,1.0,0.0
PGM3,0.5401977158823177,1.0,0.0,1.0,0.0
PGM5,0.4644885735085141,0.28125613967645524,0.0,1.0,0.0
PGPEP1,0.5792167577153815,1.0,1.0,1.0,0.0
PGR,0.6313844887582443,0.6381422108580025,1.0,1.0,0.0
PGRMC1,0.3729744781891006,1.0,1.0,1.0,0.0
PGRMC2,0.44088978728113315,1.0,0.0,1.0,0.0
PGS1,0.5291327001825409,1.0,0.0,1.0,0.0
PHACTR1,0.431678727349443,0.8269701216657295,0.0,1.0,0.0
PHACTR2,0.5232323054661092,0.7735162942753911,0.0,1.0,0.0
PHACTR3,0.5100256235300112,0.5376739545193319,0.0,0.33333333333333326,0.0
PHACTR4,0.5458120716182547,1.0,0.0,1.0,0.0
PHAF1,0.4860563044978862,1.0,1.0,0.33333333333333326,0.0
PHAX,0.40519210873030936,1.0,1.0,1.0,0.0
PHB1,0.6223725093180243,1.0,1.0,1.0,0.0
PHB2,0.4243579649210737,1.0,0.0,1.0,0.0
PHC2,0.5094878260755785,1.0,0.0,1.0,0.0
PHC3,0.5368222289215696,0.9824695692142303,1.0,1.0,0.0
PHETA1,0.5511079805331797,1.0,0.0,1.0,0.0
PHETA2,0.5738701727092239,1.0,0.0,1.0,0.0
PHEX,0.6033862723674999,1.0,1.0,1.0,0.0
PHF1,0.5603675480952403,1.0,0.0,0.33333333333333326,0.0
PHF10,0.6216464689214825,1.0,1.0,1.0,0.0
PHF11,0.5036728968211179,0.8363708618412201,0.0,1.0,0.0
PHF12,0.45892367035538434,0.25925518064241077,0.0,0.33333333333333326,0.0
PHF14,0.30741216091757145,1.0,0.0,1.0,0.0
PHF19,0.6515181668264276,1.0,1.0,1.0,0.0
PHF2,0.5534826252072571,1.0,1.0,1.0,0.0
PHF20,0.4977291729329601,1.0,1.0,0.33333333333333326,0.0
PHF21A,0.556044638996231,1.0,0.0,1.0,0.0
PHF21B,0.6147866801298265,1.0,0.0,1.0,0.0
PHF23,0.5081543377975062,0.15425667960128733,1.0,0.33333333333333326,0.0
PHF24,0.3088672431313707,1.0,1.0,1.0,0.0
PHF3,0.534404480521619,1.0,0.0,1.0,0.0
PHF5A,0.5307435617613702,1.0,0.0,1.0,0.0
PHF6,0.5127017899006747,0.49708887824864845,0.0,0.33333333333333326,0.0
PHF8,0.42720559013319354,1.0,1.0,0.33333333333333326,0.0
PHGDH,0.616554275642464,1.0,1.0,1.0,0.0
PHIP,0.5201131730021293,0.5393388870668131,0.0,0.33333333333333326,0.0
PHKA1,0.5807734160389622,1.0,0.0,1.0,0.0
PHKA2,0.5639404658142398,1.0,0.0,0.33333333333333326,0.0
PHKB,0.5681776127413167,0.2848587071710162,0.0,0.33333333333333326,0.0
PHKG1,0.6084922754562031,1.0,1.0,1.0,0.0
PHKG2,0.4292525115944871,0.6497712720284978,1.0,1.0,0.0
PHLDA1,0.5564256586778483,0.9167621166743385,1.0,1.0,0.0
PHLDA2,0.42478919398890563,0.7063022579343606,0.0,1.0,0.0
PHLDA3,0.5341229214313827,1.0,0.0,1.0,0.0
PHLDB1,0.563406514856348,0.9482326333895155,0.0,0.33333333333333326,0.0
PHLDB2,0.537716937348257,0.6387762212762472,0.0,1.0,0.0
PHLDB3,0.39001011900081983,0.7279443160587193,1.0,0.33333333333333326,0.0
PHLPP1,0.5858624921276372,1.0,1.0,1.0,0.0
PHLPP2,0.5320071894950126,0.37007731945743116,0.0,0.33333333333333326,0.0
PHOSPHO1,0.5474153850199083,0.18558884397398337,0.0,0.33333333333333326,0.0
PHRF1,0.4704844479602594,1.0,1.0,0.33333333333333326,0.0
PHTF1,0.43523692184416013,1.0,0.0,1.0,0.0
PHYH,0.39575878678049375,1.0,1.0,1.0,0.0
PHYHD1,0.6710488848926547,1.0,1.0,1.0,0.0
PHYHIP,0.3483631732293164,1.0,1.0,1.0,0.0
PHYHIPL,0.4331591091253685,1.0,0.0,1.0,0.0
PHYKPL,0.5760601743087423,1.0,1.0,1.0,0.0
PI15,0.5316486709052177,0.3330308773720611,0.0,0.33333333333333326,0.0
PI16,0.51623224272773,1.0,1.0,0.33333333333333326,0.0
PI3,0.523555041765247,0.3193799854033669,0.0,0.33333333333333326,0.0
PI4K2A,0.4480388940162402,0.3131237221831563,1.0,0.33333333333333326,0.0
PI4KA,0.37021157194959636,1.0,0.0,0.33333333333333326,0.0
PIANP,0.43705298521239777,0.22678406548040433,0.0,1.0,0.0
PIAS1,0.58353159060435,1.0,0.0,1.0,0.0
PIAS2,0.3662095906972904,1.0,1.0,1.0,0.0
PIAS3,0.5249307171856166,1.0,0.0,1.0,0.0
PIAS4,0.5592201325711639,1.0,0.0,1.0,0.0
PICALM,0.4749525678238902,0.20494733600351367,1.0,0.33333333333333326,0.0
PICK1,0.5203738902831113,1.0,0.0,0.33333333333333326,0.0
PID1,0.3454899550908679,1.0,0.0,0.33333333333333326,0.0
PIDD1,0.6189277418770477,1.0,1.0,1.0,0.0
PIERCE1,0.41157854137887767,1.0,0.0,0.33333333333333326,0.0
PIEZO2,0.5161898915208654,0.7954052637674753,0.0,1.0,0.0
PIGA,0.575839710785285,1.0,0.0,1.0,0.0
PIGB,0.4349393411951476,1.0,0.0,0.33333333333333326,0.0
PIGF,0.3977154377480972,1.0,1.0,1.0,0.0
PIGG,0.5401835437797311,1.0,1.0,1.0,0.0
PIGH,0.48613259840985396,1.0,1.0,0.33333333333333326,0.0
PIGK,0.4320611425327568,0.2316232865679008,1.0,1.0,0.0
PIGM,0.5566239607725577,1.0,1.0,1.0,0.0
PIGN,0.5120453172246309,0.3863181475999131,0.0,1.0,0.0
PIGO,0.540839136716325,0.28515635153161967,1.0,1.0,0.0
PIGP,0.4500305572081577,0.585944326578272,0.0,0.33333333333333326,0.0
PIGS,0.45162116010256703,1.0,0.0,1.0,0.0
PIGT,0.46090722404665413,0.3610992268574384,0.0,1.0,0.0
PIGU,0.4607255914527304,0.5294220110170781,0.0,1.0,0.0
PIGV,0.29160205479768286,0.6875764495434548,0.0,0.33333333333333326,0.0
PIGW,0.41770641498405253,1.0,1.0,1.0,0.0
PIGX,0.39294222621512304,1.0,1.0,1.0,0.0
PIGY,0.46592010352763075,0.4166051500660457,0.0,0.33333333333333326,0.0
PIGZ,0.382693469813832,1.0,0.0,1.0,0.0
PIH1D1,0.4235020677242776,1.0,0.0,0.33333333333333326,0.0
PIK3AP1,0.5995519589647119,1.0,0.0,1.0,0.0
PIK3C2B,0.510808983675759,0.2915965587639134,0.0,1.0,0.0
PIK3C2G,0.463142011030388,0.25567696602764683,0.0,0.33333333333333326,0.0
PIK3C3,0.5349156449797373,1.0,1.0,1.0,0.0
PIK3CB,0.32233133228301386,1.0,0.0,1.0,0.0
PIK3CD,0.5389597158798959,1.0,0.0,1.0,0.0
PIK3CG,0.5718040323020012,1.0,1.0,1.0,0.0
PIK3IP1,0.5529163849216877,0.520335525754532,1.0,1.0,0.0
PIK3R1,0.45742991193418225,0.46610167572007943,0.0,1.0,0.0
PIK3R2,0.5867688741631775,0.2684819347844426,0.0,1.0,0.0
PIK3R4,0.4270499556152734,1.0,0.0,1.0,0.0
PIK3R5,0.5028392291213211,1.0,0.0,0.33333333333333326,0.0
PIK3R6,0.443032081379023,0.8749274726908175,1.0,0.33333333333333326,0.0
PIKFYVE,0.41205243779339973,1.0,0.0,0.33333333333333326,0.0
PILRA,0.5058436502526081,1.0,1.0,0.33333333333333326,0.0
PILRB,0.5540314537460963,1.0,0.0,0.33333333333333326,0.0
PIM1,0.6344416800928756,1.0,0.0,1.0,0.0
PIM2,0.3995279713128582,1.0,0.0,0.33333333333333326,0.0
PIM3,0.5814061558797632,1.0,0.0,0.33333333333333326,0.0
PIN1,0.3361239313815642,1.0,1.0,1.0,0.0
PIN4,0.5053371126658467,1.0,1.0,0.33333333333333326,0.0
PINK1,0.46033918013996933,0.4454681474032696,0.0,0.33333333333333326,0.0
PINX1,0.5345189176242986,1.0,0.0,0.33333333333333326,0.0
PIP4K2A,0.5570251007974918,0.975700880983187,0.0,1.0,0.0
PIP4K2B,0.39172506959872977,1.0,1.0,1.0,0.0
PIP4K2C,0.4360639492834082,0.7272831663783792,1.0,1.0,0.0
PIP4P1,0.4971846079677619,1.0,1.0,0.33333333333333326,0.0
PIP4P2,0.3805346360514421,1.0,0.0,0.33333333333333326,0.0
PIP5K1C,0.5102429114251662,0.24391077646479778,0.0,0.33333333333333326,0.0
PIP5KL1,0.4614167329069478,0.7414914065300524,0.0,0.33333333333333326,0.0
PIPOX,0.6293816415879071,0.43622835242003055,1.0,1.0,0.0
PIR,0.5876068219838774,1.0,0.0,0.33333333333333326,0.0
PISD,0.45356547261459457,1.0,0.0,0.33333333333333326,0.0
PITHD1,0.2812162455914067,1.0,1.0,1.0,0.0
PITPNB,0.2990760229586408,1.0,0.0,0.33333333333333326,0.0
PITPNM2,0.4301683582599786,1.0,0.0,0.33333333333333326,0.0
PITPNM3,0.49944812591780013,0.6142213125736885,0.0,1.0,0.0
PITX1,0.4606210175164021,0.8633087795094236,0.0,0.33333333333333326,0.0
PITX3,0.4574397755641133,1.0,1.0,0.33333333333333326,0.0
PIWIL1,0.4279094798327222,0.7538335939145201,0.0,0.33333333333333326,0.0
PIWIL4,0.5943302347896999,1.0,1.0,1.0,0.0
PJA1,0.27976672344928466,1.0,1.0,1.0,0.0
PJA2,0.3283917363732461,1.0,1.0,1.0,0.0
PKD1,0.47787315590204593,1.0,1.0,0.33333333333333326,0.0
PKD2,0.5855139698686561,1.0,1.0,1.0,0.0
PKD2L1,0.3869315238228422,1.0,0.0,1.0,0.0
PKIA,0.393237041967734,1.0,1.0,1.0,0.0
PKIB,0.32707468338976964,1.0,1.0,1.0,0.0
PKIG,0.5101871581225893,1.0,1.0,0.33333333333333326,0.0
PKLR,0.4729260222472995,0.6192114709111963,0.0,1.0,0.0
PKM,0.3913660528548993,0.7095317844487146,1.0,1.0,0.0
PKMYT1,0.5058026695297193,0.17372158939886193,0.0,1.0,0.0
PKN1,0.48656217001140767,1.0,1.0,0.33333333333333326,0.0
PKN2,0.5901980723236238,1.0,1.0,1.0,0.0
PKN3,0.5721912994869496,1.0,1.0,1.0,0.0
PKNOX1,0.5081015868945786,0.3377651946327491,0.0,0.33333333333333326,0.0
PKNOX2,0.41745792955873606,1.0,0.0,1.0,0.0
PKP1,0.5453177483406081,0.1927020471488084,1.0,1.0,0.0
PKP3,0.3898329904702529,1.0,0.0,1.0,0.0
PLA1A,0.7343457443468132,1.0,0.0,1.0,0.0
PLA2G15,0.5296210959721175,0.322940481431958,1.0,1.0,0.0
PLA2G2A,0.6697235693967103,1.0,0.0,1.0,0.0
PLA2G2D,0.43990483294193966,0.34251615878446784,1.0,1.0,0.0
PLA2G2E,0.518464157249064,0.5679055775477986,1.0,0.33333333333333326,0.0
PLA2G2F,0.43019035544858364,0.42270587068850385,1.0,1.0,0.0
PLA2G3,0.6133790542287662,0.38300887725360566,0.0,1.0,0.0
PLA2G4A,0.5645851563200384,0.5089122901728921,1.0,1.0,0.0
PLA2G4B,0.5463490077926101,1.0,0.0,1.0,0.0
PLA2G4C,0.4246224139022841,0.38999315246523814,0.0,1.0,0.0
PLA2G4D,0.5459955113076133,0.6607406363811106,1.0,0.33333333333333326,0.0
PLA2G4F,0.4737539014128155,0.22474592222333745,0.0,0.33333333333333326,0.0
PLA2G5,0.4196872111186113,0.5133682071974608,0.0,0.33333333333333326,0.0
PLA2G6,0.4570061913951448,1.0,1.0,0.33333333333333326,0.0
PLA2R1,0.5556252330617047,1.0,0.0,1.0,0.0
PLAA,0.3880151824074569,1.0,0.0,0.33333333333333326,0.0
PLAAT1,0.4352771375606931,1.0,1.0,0.33333333333333326,0.0
PLAAT2,0.5453773158354484,1.0,0.0,1.0,0.0
PLAAT3,0.542013650286299,0.4092241091659433,1.0,1.0,0.0
PLAAT4,0.7156774200810477,1.0,1.0,1.0,0.0
PLAAT5,0.44326221297224033,0.7610651419353808,0.0,1.0,0.0
PLAC1,0.5719334146813724,0.16500441400010127,0.0,1.0,0.0
PLAC8,0.6893825270649941,1.0,0.0,0.33333333333333326,0.0
PLAC8L1,0.4196467841297449,0.21174115455302084,1.0,0.33333333333333326,0.0
PLAC9,0.5783870884494299,0.12707134814572404,0.0,0.33333333333333326,0.0
PLAG1,0.4470347303296637,1.0,0.0,1.0,0.0
PLAGL1,0.512592507175217,0.36145328133170396,1.0,0.33333333333333326,0.0
PLAT,0.5332352077836755,0.6725816413344261,0.0,0.33333333333333326,0.0
PLAU,0.5335157740564538,0.818771243633424,0.0,1.0,0.0
PLAUR,0.6444401283964449,1.0,0.0,0.33333333333333326,0.0
PLB1,0.5595615145429877,1.0,0.0,0.33333333333333326,0.0
PLBD1,0.6434450192497231,1.0,1.0,1.0,0.0
PLBD2,0.43574249925342656,0.40170388149557873,0.0,1.0,0.0
PLCB1,0.31395243138798395,1.0,1.0,1.0,0.0
PLCB2,0.5687193169527787,0.9737526600334105,1.0,1.0,0.0
PLCB3,0.5997260646341017,1.0,1.0,1.0,0.0
PLCB4,0.45098193024381555,0.37088660063573686,0.0,0.33333333333333326,0.0
PLCD1,0.580432424008074,1.0,0.0,1.0,0.0
PLCD3,0.5380353986578424,1.0,0.0,0.33333333333333326,0.0
PLCD4,0.5561496696748435,1.0,0.0,0.33333333333333326,0.0
PLCE1,0.6866973184233434,1.0,1.0,1.0,0.0
PLCG1,0.5598440077476244,1.0,0.0,1.0,0.0
PLCG2,0.6257297742302884,1.0,1.0,1.0,0.0
PLCH1,0.39252984151063475,1.0,0.0,1.0,0.0
PLCH2,0.34905404877871316,1.0,1.0,1.0,0.0
PLCL2,0.33684743107051385,1.0,1.0,1.0,0.0
PLCXD1,0.3957892524322954,0.8862801446023577,1.0,1.0,0.0
PLCXD2,0.5649708170101887,1.0,0.0,0.33333333333333326,0.0
PLCXD3,0.3877960447454499,0.496274741620044,1.0,1.0,0.0
PLD1,0.5885564847350154,0.11804328004224285,1.0,1.0,0.0
PLD2,0.583262819546618,1.0,0.0,0.33333333333333326,0.0
PLD3,0.3906832973554561,1.0,0.0,1.0,0.0
PLD4,0.3884520778389192,0.5143004901545641,0.0,0.33333333333333326,0.0
PLD5,0.442635420171905,0.711975093622833,0.0,0.33333333333333326,0.0
PLEC,0.5621319489387274,1.0,0.0,0.33333333333333326,0.0
PLEK,0.6271191784451832,1.0,1.0,1.0,0.0
PLEK2,0.506567791925029,0.3233106208161587,0.0,1.0,0.0
PLEKHA1,0.3960738459522624,1.0,0.0,1.0,0.0
PLEKHA2,0.4329862562151319,1.0,0.0,1.0,0.0
PLEKHA3,0.4673574145096898,0.20564521767985763,0.0,1.0,0.0
PLEKHA5,0.40788529660831957,1.0,0.0,1.0,0.0
PLEKHA7,0.6774911704431239,1.0,1.0,1.0,0.0
PLEKHA8,0.4301734071460535,1.0,1.0,0.33333333333333326,0.0
PLEKHB1,0.5924574344231628,1.0,1.0,1.0,0.0
PLEKHB2,0.3501941161297032,1.0,1.0,1.0,0.0
PLEKHF1,0.6201097522195884,1.0,0.0,1.0,0.0
PLEKHF2,0.5851763833836799,1.0,0.0,1.0,0.0
PLEKHG1,0.5918906149035659,1.0,1.0,1.0,0.0
PLEKHG2,0.5939905217686248,1.0,0.0,1.0,0.0
PLEKHG3,0.5825364334862231,1.0,0.0,1.0,0.0
PLEKHG4,0.5030720574212953,0.049302100889201214,0.0,1.0,0.0
PLEKHG4B,0.51078106893323,0.07388378103748447,0.0,1.0,0.0
PLEKHG5,0.28298968715488476,1.0,1.0,1.0,0.0
PLEKHG6,0.5080085175586584,0.6363385138790544,0.0,1.0,0.0
PLEKHH3,0.46632452687238773,1.0,1.0,0.33333333333333326,0.0
PLEKHJ1,0.35827805157203935,1.0,1.0,1.0,0.0
PLEKHM1,0.5521899319331007,1.0,0.0,1.0,0.0
PLEKHM2,0.5846096889161403,1.0,1.0,1.0,0.0
PLEKHO1,0.5331458628787161,1.0,0.0,1.0,0.0
PLEKHO2,0.6618288475248076,1.0,1.0,1.0,0.0
PLG,0.42046699770557755,0.10095139799480311,0.0,0.33333333333333326,0.0
PLGLB1,0.505408363847603,0.26538921542456484,0.0,0.33333333333333326,0.0
PLGLB2,0.5687101674251449,1.0,1.0,1.0,0.0
PLGRKT,0.41478578998198495,1.0,1.0,1.0,0.0
PLIN1,0.5707062611870144,1.0,0.0,1.0,0.0
PLIN2,0.6536215820913615,1.0,0.0,1.0,0.0
PLIN3,0.6720288879280286,1.0,1.0,1.0,0.0
PLK1,0.5156266381720386,0.7884867366038643,0.0,1.0,0.0
PLK2,0.2325145820181696,1.0,1.0,1.0,0.0
PLK3,0.2951884838233647,0.3837024077606444,0.0,0.33333333333333326,0.0
PLK4,0.4099412474718381,1.0,0.0,1.0,0.0
PLN,0.6064617663365126,0.8251112564689652,1.0,1.0,0.0
PLOD1,0.5962796027302991,1.0,0.0,1.0,0.0
PLOD2,0.649864019776194,1.0,1.0,1.0,0.0
PLOD3,0.6114804608385892,1.0,0.0,0.33333333333333326,0.0
PLP1,0.4132163414451459,0.21511346385998806,0.0,0.33333333333333326,0.0
PLP2,0.5934277637609121,1.0,0.0,1.0,0.0
PLPBP,0.4010294582700313,1.0,0.0,0.33333333333333326,0.0
PLPP1,0.6037141729065634,1.0,1.0,1.0,0.0
PLPP2,0.3700024090830871,1.0,1.0,0.33333333333333326,0.0
PLPP3,0.6195910388473671,1.0,0.0,1.0,0.0
PLPP4,0.4940655390855342,1.0,1.0,0.33333333333333326,0.0
PLPP5,0.5909488797064388,1.0,1.0,1.0,0.0
PLPP6,0.42316566032968667,1.0,0.0,0.33333333333333326,0.0
PLPP7,0.4467435907837956,1.0,0.0,1.0,0.0
PLPPR4,0.2528753526813237,1.0,0.0,1.0,0.0
PLPPR5,0.3582269520039918,1.0,0.0,1.0,0.0
PLRG1,0.3987154701502258,1.0,1.0,1.0,0.0
PLS1,0.42262519535209353,1.0,0.0,0.33333333333333326,0.0
PLS3,0.458716223514876,0.39935681888386526,0.0,1.0,0.0
PLSCR1,0.6494046785635148,1.0,0.0,1.0,0.0
PLSCR2,0.6226016382762573,0.4090062366655124,0.0,1.0,0.0
PLSCR3,0.5140640231737229,1.0,0.0,0.33333333333333326,0.0
PLSCR4,0.6754919584066147,1.0,0.0,1.0,0.0
PLSCR5,0.4705814873581131,0.8808998701681405,0.0,1.0,0.0
PLTP,0.6624943319353496,1.0,1.0,1.0,0.0
PLXDC1,0.44935103639716023,0.562638728147075,0.0,1.0,0.0
PLXDC2,0.6013315458501589,0.7242949871514532,1.0,1.0,0.0
PLXNA2,0.5035485569297212,0.08886436931152641,0.0,0.33333333333333326,0.0
PLXNB1,0.7579701087967671,1.0,1.0,1.0,0.0
PLXNB2,0.5720700338617978,1.0,1.0,1.0,0.0
PLXNB3,0.5982873635933856,1.0,0.0,1.0,0.0
PLXND1,0.5310764022254798,1.0,0.0,1.0,0.0
PM20D1,0.464712604992101,0.09296326058270073,0.0,0.33333333333333326,0.0
PM20D2,0.6212386369847616,1.0,1.0,1.0,0.0
PMCH,0.46622639650191966,0.3632701666637387,0.0,1.0,0.0
PMEL,0.5076219381275634,0.5923877436850525,0.0,1.0,0.0
PMEPA1,0.5844979489980378,1.0,1.0,1.0,0.0
PMF1,0.5063234986914118,0.8532796606680298,0.0,1.0,0.0
PMFBP1,0.5368915111235624,1.0,0.0,1.0,0.0
PML,0.5482340596647273,1.0,1.0,1.0,0.0
PMM1,0.417207696632303,1.0,0.0,0.33333333333333326,0.0
PMM2,0.43437595907384374,1.0,0.0,0.33333333333333326,0.0
PMP2,0.569628500234676,0.29310773789682476,1.0,1.0,0.0
PMP22,0.5611911554792076,0.8991831635046967,0.0,0.33333333333333326,0.0
PMS1,0.46367478193094175,0.7005573972542464,0.0,1.0,0.0
PMS2,0.39971539895681724,1.0,1.0,1.0,0.0
PNISR,0.5531333900326668,1.0,0.0,0.33333333333333326,0.0
PNKD,0.4102345781455394,0.32638582252756415,1.0,1.0,0.0
PNKP,0.45570009517451077,0.6674988250639265,0.0,1.0,0.0
PNLDC1,0.473663596037406,1.0,1.0,0.33333333333333326,0.0
PNLIPRP2,0.4506589450917809,0.23640951816809608,0.0,0.33333333333333326,0.0
PNLIPRP3,0.47372572456526424,0.028709879818739285,0.0,0.33333333333333326,0.0
PNMA1,0.34366210090862276,1.0,0.0,1.0,0.0
PNMA2,0.3493514649788515,1.0,0.0,1.0,0.0
PNMA5,0.39913793939309644,1.0,0.0,0.33333333333333326,0.0
PNMA6A,0.3912961021534718,1.0,0.0,1.0,0.0
PNMA8A,0.28043739903861375,1.0,1.0,1.0,0.0
PNMT,0.455897034722091,0.2807425805636504,0.0,1.0,0.0
PNO1,0.42819828688205436,1.0,0.0,0.33333333333333326,0.0
PNOC,0.27637688913073855,1.0,0.0,0.33333333333333326,0.0
PNP,0.6881233019615538,1.0,0.0,1.0,0.0
PNPLA2,0.5849439821069663,1.0,0.0,0.33333333333333326,0.0
PNPLA3,0.4742142650161161,0.2613406329171615,0.0,1.0,0.0
PNPLA4,0.4387704885964988,1.0,0.0,0.33333333333333326,0.0
PNPLA6,0.5290479047088666,1.0,0.0,1.0,0.0
PNPLA7,0.4603366620120525,1.0,1.0,0.33333333333333326,0.0
PNPLA8,0.5387321219914548,1.0,0.0,1.0,0.0
PNPO,0.4619566080281507,0.285740160732965,0.0,0.33333333333333326,0.0
PNPT1,0.5272249464721466,1.0,1.0,0.33333333333333326,0.0
PNRC1,0.6382108300556654,1.0,0.0,1.0,0.0
PNRC2,0.5357115951172133,1.0,0.0,1.0,0.0
POC1A,0.4322948150061604,1.0,0.0,1.0,0.0
POC1B,0.5126683616794808,0.20768950172758885,0.0,0.33333333333333326,0.0
PODN,0.6547906520833551,1.0,0.0,0.33333333333333326,0.0
PODNL1,0.5467185476079176,1.0,0.0,0.33333333333333326,0.0
PODXL,0.5796655674192672,1.0,0.0,0.33333333333333326,0.0
POF1B,0.3783175278068561,0.26672240154927496,0.0,0.33333333333333326,0.0
POFUT1,0.45644656718573345,0.7162258317896713,1.0,0.33333333333333326,0.0
POFUT3,0.5645556398597767,0.14564910548404944,0.0,0.33333333333333326,0.0
POFUT4,0.42734013264513404,0.2716389019260644,1.0,1.0,0.0
POGK,0.5644273826333076,1.0,0.0,1.0,0.0
POGLUT1,0.5456973563529733,1.0,1.0,1.0,0.0
POGLUT2,0.5814598282311499,1.0,1.0,1.0,0.0
POGLUT3,0.6221199093018245,1.0,1.0,1.0,0.0
POGZ,0.49349354354969943,1.0,1.0,0.33333333333333326,0.0
POLA1,0.614309996552687,1.0,1.0,1.0,0.0
POLA2,0.530246027205912,1.0,0.0,1.0,0.0
POLB,0.39687234393673,1.0,1.0,1.0,0.0
POLD1,0.5581577329803645,1.0,1.0,1.0,0.0
POLD2,0.5641223971427133,0.7064832884193792,1.0,1.0,0.0
POLD3,0.5039989232715046,1.0,0.0,0.33333333333333326,0.0
POLD4,0.5111718545827776,1.0,0.0,1.0,0.0
POLDIP2,0.4617954602817409,1.0,0.0,0.33333333333333326,0.0
POLDIP3,0.5428535064280554,0.7940420542630136,1.0,1.0,0.0
POLE,0.6060404667913795,1.0,1.0,1.0,0.0
POLE2,0.5168492328893448,1.0,0.0,1.0,0.0
POLE3,0.4342649772631871,1.0,0.0,0.33333333333333326,0.0
POLE4,0.4634908854027076,0.5036524180633634,0.0,0.33333333333333326,0.0
POLG,0.5280774592112493,1.0,0.0,0.33333333333333326,0.0
POLG2,0.5195595026650401,1.0,0.0,0.33333333333333326,0.0
POLH,0.5279862775252163,1.0,1.0,0.33333333333333326,0.0
POLI,0.5506378237675015,0.3294223707025843,1.0,0.33333333333333326,0.0
POLK,0.5189479245262009,0.25759471397145467,0.0,0.33333333333333326,0.0
POLL,0.43509416296355846,0.09379264506555124,1.0,1.0,0.0
POLM,0.5450026421669423,1.0,1.0,1.0,0.0
POLN,0.5167568095077082,1.0,0.0,0.33333333333333326,0.0
POLQ,0.5371822368673369,1.0,0.0,0.33333333333333326,0.0
POLR1A,0.5048682503807614,0.2975270427232289,1.0,0.33333333333333326,0.0
POLR1B,0.5041501431948905,1.0,0.0,0.33333333333333326,0.0
POLR1C,0.4516208182116607,1.0,0.0,0.33333333333333326,0.0
POLR1D,0.4606063848267921,1.0,0.0,1.0,0.0
POLR1E,0.44980368088125305,1.0,0.0,1.0,0.0
POLR1F,0.45556430700921763,1.0,0.0,0.33333333333333326,0.0
POLR1H,0.453367007488691,0.5460988905060052,1.0,0.33333333333333326,0.0
POLR2A,0.5098817389812123,0.3657771854138201,0.0,0.33333333333333326,0.0
POLR2B,0.4420268354514156,1.0,0.0,0.33333333333333326,0.0
POLR2D,0.5350732355546198,0.7677115400397867,1.0,0.33333333333333326,0.0
POLR2E,0.4193589893394832,1.0,0.0,0.33333333333333326,0.0
POLR2F,0.5380291877451535,1.0,0.0,1.0,0.0
POLR2G,0.45765134007265845,0.6354963035015991,0.0,0.33333333333333326,0.0
POLR2H,0.4771959763799088,1.0,1.0,0.33333333333333326,0.0
POLR2I,0.4691997063716754,0.2039064085859508,0.0,0.33333333333333326,0.0
POLR2J,0.5317128412126275,1.0,0.0,1.0,0.0
POLR2J2,0.4608077550935281,0.2620027886889022,0.0,1.0,0.0
POLR2K,0.3488019854110644,1.0,0.0,0.33333333333333326,0.0
POLR2L,0.5913064286851153,1.0,1.0,1.0,0.0
POLR2M,0.6132441233243566,1.0,1.0,1.0,0.0
POLR3A,0.3938085575300479,1.0,0.0,1.0,0.0
POLR3B,0.3983145818494407,1.0,0.0,0.33333333333333326,0.0
POLR3C,0.4032644564626791,1.0,0.0,0.33333333333333326,0.0
POLR3E,0.5024620742265423,1.0,1.0,0.33333333333333326,0.0
POLR3F,0.3581381205475621,1.0,1.0,1.0,0.0
POLR3G,0.5236251535473277,0.6275366337779948,0.0,0.33333333333333326,0.0
POLR3GL,0.5313420242466679,0.6288208354696173,1.0,1.0,0.0
POLR3H,0.557748308777291,1.0,1.0,0.33333333333333326,0.0
POLR3K,0.33375844311123987,1.0,1.0,1.0,0.0
POLRMT,0.49487259727872757,0.09865936833488019,0.0,0.33333333333333326,0.0
POM121,0.42883821682877865,1.0,1.0,1.0,0.0
POMC,0.4313601083330767,0.7608304654091592,0.0,0.33333333333333326,0.0
POMGNT1,0.5123837799513258,0.20418321778678963,0.0,0.33333333333333326,0.0
POMGNT2,0.40388781434020804,1.0,0.0,0.33333333333333326,0.0
POMK,0.4437214699713768,1.0,0.0,0.33333333333333326,0.0
POMP,0.43075603422191727,1.0,0.0,1.0,0.0
POMT1,0.5096002243649611,1.0,0.0,1.0,0.0
POMT2,0.5496972215796735,1.0,0.0,1.0,0.0
PON1,0.5051071058072767,0.2225818057677461,0.0,1.0,0.0
PON2,0.6200601503286074,1.0,0.0,1.0,0.0
PON3,0.5264079169858027,0.5512703803752509,0.0,0.33333333333333326,0.0
POP1,0.37278445062189386,1.0,1.0,1.0,0.0
POP4,0.4010180011067618,1.0,0.0,1.0,0.0
POP7,0.3985170203619173,1.0,0.0,1.0,0.0
POPDC1,0.533455640453468,0.2709547637139098,1.0,0.33333333333333326,0.0
POPDC3,0.3188975155509945,1.0,1.0,1.0,0.0
POR,0.5773440295660446,0.5959738152687111,1.0,1.0,0.0
PORCN,0.3240107558947902,1.0,1.0,1.0,0.0
POSTN,0.6196361471936205,0.19276318661912475,0.0,1.0,0.0
POTEH,0.45724972072838965,0.40820379563371434,0.0,1.0,0.0
POU1F1,0.5801068750765853,1.0,1.0,1.0,0.0
POU2AF2,0.5742626997270982,0.5509822495052932,0.0,1.0,0.0
POU2F1,0.5874338158217685,1.0,1.0,1.0,0.0
POU2F2,0.5577976441219149,1.0,0.0,0.33333333333333326,0.0
POU2F3,0.5150812914884446,0.17284590009378498,1.0,0.33333333333333326,0.0
POU3F1,0.592242911365902,0.33086623761230904,0.0,0.33333333333333326,0.0
POU3F2,0.6066662441278994,1.0,1.0,1.0,0.0
POU3F3,0.5225604291650058,0.09123381721896531,1.0,0.33333333333333326,0.0
POU4F2,0.5420874186781077,0.21417034352628395,0.0,1.0,0.0
POU5F1,0.566977409937995,0.9615447995179072,1.0,1.0,0.0
POU5F1B,0.52695022508319,0.3244209670393509,0.0,1.0,0.0
POU6F1,0.4334930550450899,0.3479285958369994,0.0,1.0,0.0
PPA1,0.43054382118289647,0.6326518933661673,1.0,1.0,0.0
PPA2,0.4540461012754241,0.32478499679992073,0.0,1.0,0.0
PPARA,0.5894612247620376,1.0,0.0,0.33333333333333326,0.0
PPARD,0.5364657024902391,1.0,0.0,0.33333333333333326,0.0
PPARG,0.5383615620036547,0.4320148117680899,1.0,1.0,0.0
PPARGC1A,0.33073830455331554,0.2674906457094685,0.0,1.0,0.0
PPAT,0.5199963327760672,0.6016876599025244,0.0,1.0,0.0
PPBP,0.6829819042609332,1.0,1.0,1.0,0.0
PPCS,0.3782574934564055,1.0,0.0,1.0,0.0
PPDPFL,0.5228402347501498,0.8471344463570621,0.0,0.33333333333333326,0.0
PPEF1,0.04056926081963554,1.0,0.0,1.0,0.0
PPFIA1,0.5721935493812313,1.0,1.0,1.0,0.0
PPFIA2,0.3155329611219174,1.0,0.0,0.33333333333333326,0.0
PPFIBP1,0.4826299707327757,0.5071194825784122,1.0,0.33333333333333326,0.0
PPFIBP2,0.5983869065043821,1.0,1.0,1.0,0.0
PPHLN1,0.474748241416902,0.6737191444932795,1.0,0.33333333333333326,0.0
PPIA,0.4145904996074621,1.0,0.0,0.33333333333333326,0.0
PPIAL4A,0.43607745600285897,0.13665095578816536,0.0,0.33333333333333326,0.0
PPIB,0.5247181092825822,1.0,0.0,1.0,0.0
PPIC,0.7220365906764343,1.0,1.0,1.0,0.0
PPIE,0.4422205110676667,0.5499816319728618,1.0,1.0,0.0
PPIF,0.4529740944903899,0.3546659937638982,0.0,0.33333333333333326,0.0
PPIH,0.42107345523758216,1.0,1.0,1.0,0.0
PPIL2,0.4342673132080532,1.0,1.0,0.33333333333333326,0.0
PPIL3,0.5004094734936363,0.4051779578232881,1.0,0.33333333333333326,0.0
PPIL4,0.527228205474748,0.9901770473707507,0.0,0.33333333333333326,0.0
PPIP5K1,0.39067412465836904,1.0,0.0,1.0,0.0
PPIP5K2,0.4292787173077135,1.0,0.0,1.0,0.0
PPL,0.4264135434864598,1.0,1.0,0.33333333333333326,0.0
PPM1A,0.5074711190279809,1.0,1.0,0.33333333333333326,0.0
PPM1B,0.5227616438643413,0.223129700519066,1.0,1.0,0.0
PPM1D,0.5821267146026194,1.0,1.0,1.0,0.0
PPM1E,0.27454850452111457,1.0,0.0,1.0,0.0
PPM1G,0.5101844620734416,1.0,0.0,1.0,0.0
PPM1H,0.31679104539956543,1.0,1.0,1.0,0.0
PPM1J,0.37601775699280876,1.0,0.0,1.0,0.0
PPM1K,0.4819202219670674,0.7540063919517951,1.0,0.33333333333333326,0.0
PPM1L,0.36848780861892605,1.0,1.0,1.0,0.0
PPM1M,0.5131928177649872,1.0,0.0,1.0,0.0
PPME1,0.4029531551900348,1.0,1.0,1.0,0.0
PPOX,0.41219084637271614,1.0,1.0,1.0,0.0
PPP1CA,0.4587810127034638,1.0,0.0,1.0,0.0
PPP1CC,0.5396341896293372,0.7598025327747249,1.0,1.0,0.0
PPP1R10,0.5749990944709162,1.0,1.0,1.0,0.0
PPP1R11,0.43370108951382685,1.0,0.0,0.33333333333333326,0.0
PPP1R12A,0.458317832454853,0.6080343981913194,0.0,0.33333333333333326,0.0
PPP1R12B,0.3914048112619229,0.6155497836594168,0.0,1.0,0.0
PPP1R12C,0.43296890863039006,0.8962750655634666,0.0,0.33333333333333326,0.0
PPP1R13L,0.5652353387991931,1.0,0.0,1.0,0.0
PPP1R14B,0.6168885826997461,1.0,0.0,1.0,0.0
PPP1R14C,0.3598744329900152,1.0,0.0,1.0,0.0
PPP1R15B,0.5704300553250763,1.0,1.0,1.0,0.0
PPP1R16A,0.5760120184662502,1.0,1.0,1.0,0.0
PPP1R16B,0.5283967560752559,0.8252115456313316,0.0,0.33333333333333326,0.0
PPP1R17,0.2999148484346246,1.0,0.0,0.33333333333333326,0.0
PPP1R18,0.6604062897577413,1.0,0.0,0.33333333333333326,0.0
PPP1R1A,0.5744622118678485,0.5135810463542289,1.0,0.33333333333333326,0.0
PPP1R1B,0.6193960115047596,1.0,0.0,1.0,0.0
PPP1R2,0.34514144159374255,1.0,1.0,1.0,0.0
PPP1R21,0.45729371472516,1.0,0.0,1.0,0.0
PPP1R26,0.5593548517486248,0.16779055743672336,1.0,0.33333333333333326,0.0
PPP1R36,0.5606141739056786,1.0,1.0,1.0,0.0
PPP1R3B,0.6004248120077442,1.0,0.0,1.0,0.0
PPP1R3D,0.5475441956158986,1.0,0.0,1.0,0.0
PPP1R3F,0.40657966440925875,0.7750604370140702,1.0,1.0,0.0
PPP1R7,0.39126254406052674,1.0,0.0,0.33333333333333326,0.0
PPP1R9A,0.46431806508469387,0.527800981217397,0.0,0.33333333333333326,0.0
PPP1R9B,0.44916445683548833,0.4630952914044857,1.0,0.33333333333333326,0.0
PPP2CA,0.3537135593934959,1.0,1.0,1.0,0.0
PPP2CB,0.447220423066978,0.6040718554805137,0.0,0.33333333333333326,0.0
PPP2R1A,0.3888728242018907,0.8949726369515624,1.0,1.0,0.0
PPP2R1B,0.5202167022997192,0.3975968877641632,1.0,1.0,0.0
PPP2R2A,0.4129550661401814,1.0,1.0,1.0,0.0
PPP2R2B,0.36309854238387673,1.0,0.0,1.0,0.0
PPP2R2C,0.3529172304564999,1.0,1.0,1.0,0.0
PPP2R2D,0.4377664240585017,1.0,0.0,1.0,0.0
PPP2R3A,0.47624978450788147,0.5784739002461601,1.0,0.33333333333333326,0.0
PPP2R3B,0.5429874365113527,1.0,0.0,1.0,0.0
PPP2R3C,0.46965020197740376,0.183265837632638,0.0,1.0,0.0
PPP2R5A,0.5845127809594965,0.20138026606977308,1.0,1.0,0.0
PPP2R5B,0.4580407421315706,1.0,0.0,1.0,0.0
PPP2R5C,0.5086968913112725,0.7109085668409003,0.0,1.0,0.0
PPP2R5E,0.4348494136412145,1.0,0.0,0.33333333333333326,0.0
PPP3CA,0.37017391645065695,1.0,1.0,1.0,0.0
PPP3CB,0.27714595263844727,1.0,1.0,1.0,0.0
PPP3CC,0.5073389013782359,1.0,0.0,1.0,0.0
PPP3R2,0.5052707007397821,1.0,1.0,0.33333333333333326,0.0
PPP4C,0.5490953856711395,1.0,1.0,1.0,0.0
PPP4R1,0.569040072741765,1.0,1.0,1.0,0.0
PPP4R2,0.46550709318050315,0.2042896858721337,0.0,0.33333333333333326,0.0
PPP4R3C,0.5269527948258834,1.0,0.0,1.0,0.0
PPP4R4,0.45496771225761945,1.0,0.0,1.0,0.0
PPP5C,0.42618789863898454,0.4440888951261369,1.0,0.33333333333333326,0.0
PPP6R1,0.5395749999616316,0.4183990080103441,1.0,1.0,0.0
PPP6R3,0.49722292073119395,0.4076994748617614,0.0,1.0,0.0
PPT1,0.4065921441716215,1.0,1.0,1.0,0.0
PPTC7,0.5648373508229106,0.23811278983212936,0.0,1.0,0.0
PPWD1,0.5385862911560605,0.2185228894841164,0.0,0.33333333333333326,0.0
PPY,0.5601812879730208,0.1569761027628678,0.0,0.33333333333333326,0.0
PRAC1,0.414684480280796,0.027057661828225735,0.0,0.33333333333333326,0.0
PRAF2,0.4947551525942265,0.9203679607129437,1.0,0.33333333333333326,0.0
PRAG1,0.3919243274297639,1.0,0.0,1.0,0.0
PRAM1,0.5769934293808914,1.0,1.0,1.0,0.0
PRAMEF1,0.43408984703470166,0.35253954037229246,0.0,0.33333333333333326,0.0
PRAMEF10,0.4652641125612679,0.0777685446491672,0.0,0.33333333333333326,0.0
PRAP1,0.5098661637093386,0.4038175166196777,1.0,0.33333333333333326,0.0
PRB1,0.553705926430726,0.3261501911267283,1.0,1.0,0.0
PRB2,0.5776279875850503,0.3138274688757476,1.0,1.0,0.0
PRB4,0.4745342212974581,0.27155145836060157,0.0,0.33333333333333326,0.0
PRC1,0.38568640446393565,1.0,0.0,1.0,0.0
PRCP,0.5774539559600708,1.0,0.0,1.0,0.0
PRDM1,0.5240545684470231,0.3919882521889398,0.0,1.0,0.0
PRDM10,0.4123625535808784,1.0,1.0,1.0,0.0
PRDM12,0.35864916181033435,1.0,0.0,0.33333333333333326,0.0
PRDM13,0.4401520407346345,0.6657880349058699,0.0,1.0,0.0
PRDM14,0.5197756451321861,0.9054628792131496,0.0,1.0,0.0
PRDM2,0.5080202437308406,0.8401185916247406,0.0,0.33333333333333326,0.0
PRDM4,0.42190294617439916,1.0,1.0,1.0,0.0
PRDM5,0.5660884634812164,0.7693664970784292,1.0,1.0,0.0
PRDM6,0.6926945456473941,1.0,1.0,1.0,0.0
PRDM8,0.4669249956991067,0.5217149861417651,0.0,1.0,0.0
PRDX1,0.5486265244702817,1.0,0.0,0.33333333333333326,0.0
PRDX2,0.4141353014539249,1.0,0.0,1.0,0.0
PRDX3,0.4999378012770146,1.0,1.0,0.33333333333333326,0.0
PRDX5,0.45043436609684806,0.8824943202362422,0.0,1.0,0.0
PRDX6,0.6141851723256561,1.0,0.0,1.0,0.0
PREB,0.5042834099624819,0.769906703780702,0.0,1.0,0.0
PRELID1,0.47806600358289475,1.0,1.0,0.33333333333333326,0.0
PRELID3A,0.5067851268693984,0.8689220223136477,0.0,1.0,0.0
PRELID3B,0.39870424916788394,0.6905278277643737,1.0,0.33333333333333326,0.0
PRELP,0.7501121687446914,1.0,0.0,1.0,0.0
PREP,0.3377224089678403,1.0,0.0,1.0,0.0
PREPL,0.3200651696250413,1.0,1.0,1.0,0.0
PREX1,0.6058464955841562,1.0,0.0,1.0,0.0
PRF1,0.557851378472829,0.061500524017249994,0.0,0.33333333333333326,0.0
PRG2,0.42960453265647763,1.0,0.0,0.33333333333333326,0.0
PRG3,0.5596875425968538,1.0,1.0,1.0,0.0
PRG4,0.5249972556175589,0.7351896206020002,0.0,0.33333333333333326,0.0
PRH1,0.4452920146681506,1.0,0.0,1.0,0.0
PRH2,0.45441915748802925,0.736077486464004,0.0,1.0,0.0
PRICKLE1,0.32110525448544813,1.0,1.0,1.0,0.0
PRICKLE3,0.5034270790951474,0.7351313900867005,0.0,0.33333333333333326,0.0
PRICKLE4,0.46900421135114834,1.0,0.0,1.0,0.0
PRIM2,0.48752883933999247,0.609231367110025,1.0,0.33333333333333326,0.0
PRIMPOL,0.5545868096874532,0.4819758169838566,1.0,1.0,0.0
PRKAA1,0.5142219971106585,0.8177182957701848,0.0,0.33333333333333326,0.0
PRKAA2,0.4163145118252266,1.0,0.0,1.0,0.0
PRKAB2,0.54721216079829,0.09661789155373125,1.0,1.0,0.0
PRKACA,0.428026481660977,1.0,0.0,1.0,0.0
PRKACB,0.3539581545534284,1.0,1.0,1.0,0.0
PRKACG,0.6466662597834306,0.7176149665599805,0.0,0.33333333333333326,0.0
PRKAG1,0.409176764598968,1.0,0.0,0.33333333333333326,0.0
PRKAG2,0.5495333807181995,1.0,0.0,1.0,0.0
PRKAG3,0.5190774955414634,1.0,0.0,1.0,0.0
PRKAR1A,0.3413591009957567,1.0,0.0,1.0,0.0
PRKAR2A,0.4989069388228232,0.31475923840004116,0.0,0.33333333333333326,0.0
PRKAR2B,0.3591802821716311,1.0,0.0,0.33333333333333326,0.0
PRKCB,0.34077396165654633,1.0,1.0,1.0,0.0
PRKCD,0.37761388787701955,1.0,0.0,0.33333333333333326,0.0
PRKCE,0.4014007120225915,0.658574952571803,1.0,1.0,0.0
PRKCG,0.4219264155310984,0.8542976285801592,0.0,0.33333333333333326,0.0
PRKCH,0.5857838143946419,1.0,0.0,1.0,0.0
PRKCI,0.4254716520554486,0.18341057791777182,1.0,1.0,0.0
PRKCQ,0.41793762394882467,1.0,0.0,0.33333333333333326,0.0
PRKCSH,0.5450363110010491,1.0,0.0,1.0,0.0
PRKCZ,0.42107988547886344,1.0,1.0,0.33333333333333326,0.0
PRKD1,0.5248930395516078,1.0,0.0,1.0,0.0
PRKD2,0.5833146522363994,1.0,0.0,1.0,0.0
PRKD3,0.6393202767552477,1.0,1.0,1.0,0.0
PRKG2,0.3858865046553281,1.0,0.0,0.33333333333333326,0.0
PRKRA,0.4718722257901362,1.0,0.0,0.33333333333333326,0.0
PRKRIP1,0.47357520901971034,0.2041011644862679,1.0,0.33333333333333326,0.0
PRKX,0.6744245336623881,1.0,1.0,1.0,0.0
PRL,0.5167416541154284,1.0,0.0,0.33333333333333326,0.0
PRLH,0.5093978816102831,1.0,0.0,0.33333333333333326,0.0
PRM3,0.5877986891878424,1.0,1.0,1.0,0.0
PRMT1,0.367914999871029,1.0,0.0,1.0,0.0
PRMT2,0.5217442241053772,0.27397766794412903,1.0,0.33333333333333326,0.0
PRMT3,0.31170196459645366,0.4285595564249386,0.0,1.0,0.0
PRMT5,0.3891880746830382,1.0,1.0,1.0,0.0
PRMT6,0.3417851324027865,1.0,0.0,1.0,0.0
PRMT7,0.5679523611820775,1.0,1.0,1.0,0.0
PRMT8,0.22888071935162468,1.0,1.0,1.0,0.0
PRNP,0.3018605128169444,1.0,1.0,1.0,0.0
PROC,0.5412557881136026,1.0,1.0,0.33333333333333326,0.0
PROCA1,0.5176189521159867,1.0,0.0,1.0,0.0
PROCR,0.46038326380699324,1.0,1.0,0.33333333333333326,0.0
PRODH,0.5911302658124222,0.9533961814290517,1.0,1.0,0.0
PROK1,0.4691633057463061,0.48444956202409034,0.0,1.0,0.0
PROK2,0.7071705247992681,1.0,0.0,0.33333333333333326,0.0
PROKR1,0.46846470885365077,0.4122953727449687,0.0,0.33333333333333326,0.0
PROKR2,0.4554734265497569,0.32310681204772623,0.0,1.0,0.0
PROM1,0.4753525401100131,0.09699605375431572,0.0,0.33333333333333326,0.0
PROM2,0.5273622335860298,1.0,0.0,1.0,0.0
PRORP,0.5572011465057173,1.0,1.0,1.0,0.0
PROS1,0.6044278252863018,1.0,0.0,1.0,0.0
PROSER1,0.44599034161806106,1.0,0.0,0.33333333333333326,0.0
PROSER2,0.6307407848129627,1.0,1.0,1.0,0.0
PROSER3,0.46696890632320626,1.0,0.0,0.33333333333333326,0.0
PRP4K,0.607277565230161,1.0,1.0,1.0,0.0
PRPF18,0.4970248237868749,0.0507935916783812,0.0,0.33333333333333326,0.0
PRPF19,0.4269070221767132,1.0,0.0,1.0,0.0
PRPF3,0.5304930111696158,1.0,0.0,0.33333333333333326,0.0
PRPF31,0.5417006092016236,0.905385845075779,1.0,1.0,0.0
PRPF38A,0.5299901146071676,0.36564854389053997,1.0,1.0,0.0
PRPF38B,0.5380444483892847,1.0,0.0,0.33333333333333326,0.0
PRPF39,0.5883725509723,1.0,1.0,1.0,0.0
PRPF4,0.4442475899361446,1.0,0.0,1.0,0.0
PRPF40A,0.43551702191994335,1.0,1.0,0.33333333333333326,0.0
PRPF40B,0.5398041604919656,1.0,1.0,0.33333333333333326,0.0
PRPF8,0.4343420256140292,1.0,1.0,1.0,0.0
PRPH,0.5252717344618258,1.0,0.0,1.0,0.0
PRPH2,0.28832335489908256,1.0,0.0,0.33333333333333326,0.0
PRPS1,0.3799641655085249,1.0,0.0,1.0,0.0
PRPS1L1,0.4239330916904541,1.0,0.0,1.0,0.0
PRPS2,0.3077631993053367,1.0,0.0,1.0,0.0
PRPSAP1,0.4994791899809392,0.3733694429701825,0.0,1.0,0.0
PRPSAP2,0.4233365930619767,0.1474558052975194,0.0,1.0,0.0
PRR12,0.5478410796448806,0.7765167493165716,0.0,0.33333333333333326,0.0
PRR13,0.41955750966960204,0.4887457672880097,1.0,1.0,0.0
PRR14,0.4883238306731564,1.0,1.0,0.33333333333333326,0.0
PRR14L,0.464482919760139,0.8360565043586907,1.0,0.33333333333333326,0.0
PRR16,0.3693901980592497,1.0,1.0,1.0,0.0
PRR27,0.5260830993701693,0.5546766433930979,0.0,0.33333333333333326,0.0
PRR29,0.33641624599163134,1.0,0.0,1.0,0.0
PRR3,0.4165140170402946,0.8163707645082232,1.0,1.0,0.0
PRR4,0.38066617852455065,1.0,0.0,1.0,0.0
PRR5,0.44491085047255463,0.20955900412337336,0.0,0.33333333333333326,0.0
PRR5L,0.5380245271397949,0.8885809914435147,1.0,0.33333333333333326,0.0
PRR7,0.4261274775718912,1.0,0.0,0.33333333333333326,0.0
PRRC1,0.5637832807864036,1.0,1.0,1.0,0.0
PRRC2A,0.4635200136351499,0.07430946280142314,1.0,0.33333333333333326,0.0
PRRC2C,0.5030135790336157,0.8788061822595051,0.0,1.0,0.0
PRRG1,0.5450219832326361,0.5600156235930891,0.0,1.0,0.0
PRRG4,0.44815303818610597,1.0,1.0,0.33333333333333326,0.0
PRRT1,0.43622815876145926,1.0,0.0,1.0,0.0
PRRT2,0.3718648244317803,0.5515914250467444,0.0,1.0,0.0
PRRT3,0.4146241485404299,1.0,1.0,1.0,0.0
PRRX1,0.45443299450334923,1.0,1.0,0.33333333333333326,0.0
PRRX2,0.5663791858817167,1.0,0.0,0.33333333333333326,0.0
PRSS12,0.4010903096099155,1.0,0.0,0.33333333333333326,0.0
PRSS16,0.31010124822260443,1.0,0.0,1.0,0.0
PRSS2,0.35473162157526683,1.0,1.0,1.0,0.0
PRSS23,0.5911172680056633,1.0,0.0,0.33333333333333326,0.0
PRSS27,0.4708221190833808,0.06805982006631361,0.0,1.0,0.0
PRSS3,0.38505126448627824,1.0,0.0,0.33333333333333326,0.0
PRSS33,0.5247173740574638,0.23289385680018557,1.0,0.33333333333333326,0.0
PRSS35,0.4415008470000106,0.11801108994678354,0.0,0.33333333333333326,0.0
PRSS36,0.5484478866376403,0.175478038546596,1.0,1.0,0.0
PRSS38,0.5243605407761273,1.0,0.0,0.33333333333333326,0.0
PRSS50,0.5410288486824715,0.7397133648748396,1.0,1.0,0.0
PRSS55,0.3971987612164273,0.3393770312286751,1.0,0.33333333333333326,0.0
PRSS8,0.4001289286327694,1.0,1.0,0.33333333333333326,0.0
PRTFDC1,0.4509600082117968,0.3271076545630088,0.0,0.33333333333333326,0.0
PRTN3,0.4590171994081365,1.0,0.0,1.0,0.0
PRUNE1,0.49885284234196997,0.48198202972593623,0.0,1.0,0.0
PRUNE2,0.5059190645512587,1.0,0.0,0.33333333333333326,0.0
PRXL2A,0.47752791714334214,0.3339853817468662,1.0,0.33333333333333326,0.0
PRXL2B,0.39347798031435194,1.0,0.0,0.33333333333333326,0.0
PRXL2C,0.5255975822529249,1.0,0.0,0.33333333333333326,0.0
PRY,0.3647894969467341,0.37144235739381,0.0,0.33333333333333326,0.0
PRY2,0.503197144911354,0.6710333157979473,0.0,0.33333333333333326,0.0
PSAT1,0.6474869183602788,1.0,1.0,1.0,0.0
PSD2,0.6480782303672554,1.0,1.0,1.0,0.0
PSD3,0.39943031616879954,1.0,0.0,1.0,0.0
PSD4,0.5728148810530641,1.0,1.0,1.0,0.0
PSEN2,0.4056843771658009,1.0,0.0,1.0,0.0
PSENEN,0.5019967290275459,1.0,0.0,0.33333333333333326,0.0
PSG1,0.5146626461035091,0.7553635590206471,0.0,0.33333333333333326,0.0
PSG11,0.46049695751637115,0.015558886090617065,0.0,1.0,0.0
PSG4,0.5189932999485855,0.25980265981188544,1.0,0.33333333333333326,0.0
PSG6,0.3701972061559791,0.2178046789966873,1.0,1.0,0.0
PSG7,0.3917851269352392,0.09779639729496725,1.0,1.0,0.0
PSG8,0.5141113045988861,0.18278088500921277,1.0,0.33333333333333326,0.0
PSKH1,0.5259305841487922,1.0,0.0,1.0,0.0
PSKH2,0.4554420990052564,0.11265714219238988,0.0,0.33333333333333326,0.0
PSMA1,0.41487444146490937,1.0,0.0,0.33333333333333326,0.0
PSMA2,0.49795484057613243,0.6099181708644106,1.0,0.33333333333333326,0.0
PSMA3,0.4209257405235709,1.0,1.0,1.0,0.0
PSMA4,0.4622137444901203,0.28122570837043004,1.0,0.33333333333333326,0.0
PSMA5,0.4191197503352246,1.0,0.0,1.0,0.0
PSMA6,0.4068253884023969,1.0,1.0,1.0,0.0
PSMA7,0.440920091156927,1.0,0.0,1.0,0.0
PSMA8,0.4982385575873463,0.42158930133334643,1.0,0.33333333333333326,0.0
PSMB1,0.4122285844781755,1.0,1.0,1.0,0.0
PSMB10,0.4490382287290261,0.19170307408036655,1.0,1.0,0.0
PSMB2,0.40544695111525114,1.0,1.0,1.0,0.0
PSMB3,0.4077268391724627,1.0,1.0,1.0,0.0
PSMB4,0.417574786267228,1.0,1.0,1.0,0.0
PSMB5,0.3963771495782389,1.0,0.0,0.33333333333333326,0.0
PSMB6,0.4495107123754927,1.0,0.0,1.0,0.0
PSMB7,0.5012439762957517,1.0,1.0,0.33333333333333326,0.0
PSMB8,0.6097369229848293,1.0,0.0,1.0,0.0
PSMB9,0.45266511872999293,1.0,1.0,0.33333333333333326,0.0
PSMC1,0.38124072011641946,1.0,1.0,1.0,0.0
PSMC2,0.4142858632801461,1.0,0.0,1.0,0.0
PSMC3,0.3614944217541604,1.0,1.0,1.0,0.0
PSMC3IP,0.5288917642753154,0.6116951292763635,0.0,0.33333333333333326,0.0
PSMC5,0.422396629684045,1.0,1.0,1.0,0.0
PSMC6,0.3828290551219661,1.0,1.0,1.0,0.0
PSMD1,0.42802943959328904,1.0,0.0,1.0,0.0
PSMD10,0.4216624334463532,1.0,0.0,1.0,0.0
PSMD11,0.415753608679724,1.0,1.0,1.0,0.0
PSMD12,0.3902638273708923,1.0,0.0,1.0,0.0
PSMD13,0.359295187548735,1.0,1.0,1.0,0.0
PSMD14,0.3731955676408121,1.0,0.0,1.0,0.0
PSMD2,0.4344816974379814,1.0,0.0,1.0,0.0
PSMD5,0.4328691693690633,0.09321248572625666,0.0,0.33333333333333326,0.0
PSMD6,0.459813065801082,1.0,0.0,1.0,0.0
PSMD7,0.4749366100614024,0.36440739018764784,1.0,0.33333333333333326,0.0
PSMD8,0.33260992451927435,1.0,1.0,1.0,0.0
PSMD9,0.4402495531405962,1.0,0.0,0.33333333333333326,0.0
PSME1,0.5283296610185794,1.0,0.0,1.0,0.0
PSME3IP1,0.5286577369959451,1.0,0.0,1.0,0.0
PSME4,0.45285393711142435,0.38582558403957773,0.0,1.0,0.0
PSMF1,0.494144592044747,0.10557710938123699,0.0,0.33333333333333326,0.0
PSMG1,0.3733231196795755,1.0,0.0,1.0,0.0
PSMG2,0.5308293615722118,0.22380177360490275,1.0,1.0,0.0
PSMG3,0.36321182576053435,1.0,1.0,1.0,0.0
PSMG4,0.5557098336922193,1.0,0.0,0.33333333333333326,0.0
PSORS1C2,0.5177560692375199,0.2780627630160895,0.0,1.0,0.0
PSPH,0.5342663393369964,0.3803616937654643,0.0,1.0,0.0
PSPN,0.49986059232766383,1.0,0.0,1.0,0.0
PSRC1,0.5776296804224677,1.0,1.0,1.0,0.0
PSTK,0.42027131282858954,1.0,0.0,0.33333333333333326,0.0
PSTPIP1,0.5642854983176194,1.0,1.0,1.0,0.0
PSTPIP2,0.6390755198063975,1.0,0.0,1.0,0.0
PTAFR,0.5311903492918284,1.0,0.0,0.33333333333333326,0.0
PTAR1,0.6134120030463881,1.0,1.0,1.0,0.0
PTBP1,0.6523187787886244,1.0,0.0,1.0,0.0
PTBP2,0.42125625936863925,1.0,0.0,0.33333333333333326,0.0
PTCD3,0.5118605186452155,1.0,0.0,1.0,0.0
PTCH1,0.5722367922032756,1.0,1.0,1.0,0.0
PTCH2,0.5185738760924449,0.29727084593240977,1.0,0.33333333333333326,0.0
PTCHD1,0.5967580953603497,1.0,1.0,1.0,0.0
PTCHD4,0.5356089289048052,1.0,1.0,1.0,0.0
PTCRA,0.5169828330051276,0.9323357042710168,0.0,1.0,0.0
PTDSS1,0.45903928127236754,1.0,0.0,1.0,0.0
PTDSS2,0.5514166022461765,1.0,0.0,1.0,0.0
PTEN,0.4300689698936442,1.0,1.0,1.0,0.0
PTF1A,0.45593581177103826,0.5077390910862185,0.0,0.33333333333333326,0.0
PTGDR,0.6168337498740489,1.0,0.0,0.33333333333333326,0.0
PTGDS,0.7037931914805365,1.0,0.0,1.0,0.0
PTGER1,0.5184937226621801,0.3282565128958679,0.0,1.0,0.0
PTGER2,0.5941693048517327,1.0,1.0,1.0,0.0
PTGER4,0.5050489018106212,0.6092866130759267,0.0,1.0,0.0
PTGES2,0.37726794699422145,1.0,1.0,1.0,0.0
PTGFR,0.473362338628414,1.0,1.0,0.33333333333333326,0.0
PTGFRN,0.394173322709628,1.0,0.0,1.0,0.0
PTGIR,0.507631352498495,0.7107241497935982,0.0,1.0,0.0
PTGR1,0.43187570620063986,1.0,0.0,0.33333333333333326,0.0
PTGR2,0.49142886623771725,1.0,1.0,0.33333333333333326,0.0
PTGR3,0.4930843382658043,1.0,1.0,0.33333333333333326,0.0
PTGS1,0.4082625618143687,0.1326354931926813,0.0,0.33333333333333326,0.0
PTH1R,0.6018785693999679,1.0,0.0,1.0,0.0
PTH2R,0.3608357163924052,1.0,1.0,1.0,0.0
PTHLH,0.3757384445439961,1.0,0.0,0.33333333333333326,0.0
PTK7,0.6039390554306481,1.0,1.0,1.0,0.0
PTMA,0.5784998877198602,1.0,1.0,1.0,0.0
PTMS,0.6029851794692799,1.0,1.0,1.0,0.0
PTOV1,0.45585182976682614,1.0,1.0,0.33333333333333326,0.0
PTP4A1,0.43618825291476176,1.0,0.0,1.0,0.0
PTP4A2,0.4437994372102628,0.12927426261339872,1.0,0.33333333333333326,0.0
PTP4A3,0.636828433562599,1.0,0.0,1.0,0.0
PTPDC1,0.4475344697988832,0.74722740401488,0.0,1.0,0.0
PTPMT1,0.46165927948904095,0.824145383102025,0.0,0.33333333333333326,0.0
PTPN1,0.5280649976181121,0.4436363511027789,0.0,0.33333333333333326,0.0
PTPN11,0.5240495007876438,1.0,0.0,0.33333333333333326,0.0
PTPN12,0.5600894107478867,0.7781536982325765,1.0,1.0,0.0
PTPN13,0.6478927598313741,1.0,1.0,1.0,0.0
PTPN18,0.5281885706013457,1.0,0.0,1.0,0.0
PTPN20,0.33985675471295057,1.0,0.0,0.33333333333333326,0.0
PTPN21,0.6021025170132556,1.0,1.0,1.0,0.0
PTPN22,0.469422051417516,0.34643893023497985,0.0,0.33333333333333326,0.0
PTPN23,0.6036005121626995,1.0,1.0,1.0,0.0
PTPN3,0.31838080099970983,1.0,0.0,1.0,0.0
PTPN4,0.4183530792495327,1.0,0.0,1.0,0.0
PTPN5,0.28806322943200013,1.0,1.0,1.0,0.0
PTPN6,0.6178637848686,1.0,1.0,1.0,0.0
PTPN7,0.6073995373285825,1.0,0.0,0.33333333333333326,0.0
PTPN9,0.567130558372241,0.7881049383922247,1.0,1.0,0.0
PTPRB,0.5899503151673242,0.8218124517238977,0.0,1.0,0.0
PTPRC,0.6401820113563641,0.33655845025082076,1.0,1.0,0.0
PTPRCAP,0.520277335261429,1.0,0.0,1.0,0.0
PTPRD,0.436383696311296,0.2165417986486857,1.0,0.33333333333333326,0.0
PTPRE,0.5061955507794955,1.0,1.0,0.33333333333333326,0.0
PTPRF,0.498707378353941,1.0,1.0,0.33333333333333326,0.0
PTPRG,0.5854257640396102,0.440475254187734,0.0,1.0,0.0
PTPRH,0.458746122386818,0.229462159242633,0.0,0.33333333333333326,0.0
PTPRJ,0.5107621272796333,0.9456254117607872,1.0,0.33333333333333326,0.0
PTPRK,0.44572325372129584,1.0,0.0,0.33333333333333326,0.0
PTPRM,0.40786661060427226,1.0,0.0,0.33333333333333326,0.0
PTPRN,0.3544946642239764,1.0,1.0,1.0,0.0
PTPRN2,0.3234171220451815,1.0,0.0,0.33333333333333326,0.0
PTPRQ,0.3960960424389463,0.14814066211610477,0.0,0.33333333333333326,0.0
PTPRR,0.4061546605419586,1.0,1.0,0.33333333333333326,0.0
PTPRT,0.4140912872570915,1.0,0.0,1.0,0.0
PTPRU,0.3676909146781479,1.0,1.0,0.33333333333333326,0.0
PTPRZ1,0.5894641441393659,0.8912816603733115,1.0,1.0,0.0
PTRH1,0.4190099933599809,1.0,0.0,0.33333333333333326,0.0
PTRH2,0.41216874415893506,1.0,1.0,1.0,0.0
PTS,0.3759625440492146,1.0,0.0,1.0,0.0
PTTG1,0.4028088845485025,1.0,0.0,1.0,0.0
PTTG1IP,0.6893237024309133,1.0,0.0,1.0,0.0
PTTG2,0.47952566255359774,1.0,1.0,0.33333333333333326,0.0
PUDP,0.5300819698471866,1.0,0.0,1.0,0.0
PUF60,0.46492570002746997,0.33081965950772857,0.0,1.0,0.0
PUM1,0.4655135497034038,0.2673390750154796,1.0,0.33333333333333326,0.0
PUM3,0.5052942822994766,0.26596029888071565,0.0,0.33333333333333326,0.0
PURA,0.5075991231696526,0.6777449776016488,0.0,1.0,0.0
PURG,0.5251021826966398,0.08580837958395128,0.0,0.33333333333333326,0.0
PUS1,0.5043282919844798,0.677811377520163,0.0,1.0,0.0
PUS3,0.5206515200155537,0.9855583476191907,0.0,0.33333333333333326,0.0
PUS7,0.4643583797790382,0.4480826956726475,0.0,1.0,0.0
PUSL1,0.46403511717231166,0.6051753950898867,0.0,0.33333333333333326,0.0
PVALB,0.1468540308137439,1.0,1.0,1.0,0.0
PVRIG,0.5565445297682757,0.07041971406164908,0.0,1.0,0.0
PWP1,0.42868891590324126,1.0,0.0,0.33333333333333326,0.0
PWWP2A,0.5589635933587448,0.49880674555775983,1.0,1.0,0.0
PWWP2B,0.514020033734035,0.3177928546969611,1.0,0.33333333333333326,0.0
PWWP3A,0.5016708301045563,0.22795541291758903,0.0,0.33333333333333326,0.0
PWWP3B,0.49575315877797954,0.40577650109700203,1.0,0.33333333333333326,0.0
PXDC1,0.6680410222590935,1.0,0.0,1.0,0.0
PXDN,0.39003749415143496,0.22451163923172376,1.0,1.0,0.0
PXDNL,0.40123035415041547,1.0,0.0,1.0,0.0
PXK,0.5221976949809576,0.6222081368432694,0.0,1.0,0.0
PXMP2,0.49811044308563257,0.14934373344722654,0.0,1.0,0.0
PXMP4,0.4362728901478531,0.47475902631513395,1.0,0.33333333333333326,0.0
PXN,0.6898254473409804,1.0,0.0,0.33333333333333326,0.0
PXT1,0.47089128035169464,0.25209024141963615,0.0,1.0,0.0
PYCARD,0.586735056352676,1.0,0.0,0.33333333333333326,0.0
PYCR1,0.4127723300848832,0.2126555330737436,0.0,0.33333333333333326,0.0
PYCR2,0.3846695053019169,1.0,1.0,1.0,0.0
PYCR3,0.36865461734821825,1.0,1.0,1.0,0.0
PYDC1,0.3521434234340552,1.0,1.0,1.0,0.0
PYGB,0.5219854412359808,0.9307432203137215,0.0,1.0,0.0
PYGL,0.6725621155466305,1.0,1.0,1.0,0.0
PYGM,0.6390291116733072,1.0,1.0,1.0,0.0
PYGO2,0.5120604056761319,0.4923067769401454,0.0,0.33333333333333326,0.0
PYHIN1,0.5494526521117605,0.31258287339454205,1.0,0.33333333333333326,0.0
PYM1,0.4526683959689343,1.0,0.0,1.0,0.0
PYROXD1,0.3912055612942294,0.712099977442375,1.0,1.0,0.0
PYROXD2,0.6589680479942907,1.0,1.0,1.0,0.0
PZP,0.44371453311660397,1.0,0.0,0.33333333333333326,0.0
QDPR,0.6329275041401975,1.0,1.0,1.0,0.0
QKI,0.5134028195211053,1.0,0.0,1.0,0.0
QNG1,0.5044487046613451,0.09906326747067631,1.0,0.33333333333333326,0.0
QPCT,0.2998704388295239,1.0,0.0,0.33333333333333326,0.0
QPRT,0.6371318737371958,0.68838527136599,1.0,1.0,0.0
QRICH1,0.42689159439363084,1.0,1.0,1.0,0.0
QRICH2,0.5427515358795817,1.0,0.0,0.33333333333333326,0.0
QRSL1,0.4430902113534699,0.12305573736095993,0.0,1.0,0.0
QSOX1,0.5308169927992292,1.0,1.0,1.0,0.0
QSOX2,0.5488408258738262,1.0,1.0,1.0,0.0
QTMAN,0.4779862699228187,0.14041395647412447,0.0,0.33333333333333326,0.0
QTRT2,0.5535990361433876,0.346206300042952,0.0,0.33333333333333326,0.0
R3HCC1,0.4688664974638645,1.0,1.0,0.33333333333333326,0.0
R3HCC1L,0.5195969278935909,1.0,0.0,0.33333333333333326,0.0
R3HDM1,0.23283337900264348,1.0,1.0,1.0,0.0
R3HDM2,0.4285997923647518,1.0,0.0,0.33333333333333326,0.0
R3HDML,0.4742470871557406,0.06269614696366725,0.0,0.33333333333333326,0.0
RAB10,0.508325653074227,0.629708077872637,0.0,0.33333333333333326,0.0
RAB11A,0.3755410462875654,1.0,1.0,1.0,0.0
RAB11B,0.44721875340797995,0.7217449069437942,0.0,1.0,0.0
RAB11FIP1,0.5297732496833873,1.0,0.0,1.0,0.0
RAB11FIP2,0.40589721382151356,1.0,0.0,1.0,0.0
RAB11FIP4,0.45275008548790036,0.9424581254013531,0.0,1.0,0.0
RAB11FIP5,0.42601040564431,0.9444752007913761,0.0,1.0,0.0
RAB12,0.42318704508157534,0.6064878517028173,0.0,0.33333333333333326,0.0
RAB13,0.6962039117325779,1.0,0.0,1.0,0.0
RAB14,0.4158903789925789,1.0,0.0,1.0,0.0
RAB17,0.46377838474430927,0.22603302695877112,0.0,1.0,0.0
RAB18,0.5626730822059811,1.0,0.0,1.0,0.0
RAB1A,0.41896899820099515,1.0,1.0,0.33333333333333326,0.0
RAB20,0.7094288123951396,1.0,1.0,1.0,0.0
RAB22A,0.5134822431001866,1.0,0.0,0.33333333333333326,0.0
RAB23,0.5886805615687292,1.0,1.0,1.0,0.0
RAB24,0.45744398226087046,0.17014114252865317,1.0,0.33333333333333326,0.0
RAB25,0.5573047323513417,0.3244434735720855,1.0,1.0,0.0
RAB26,0.4636286771037056,0.2658838734104268,0.0,1.0,0.0
RAB27A,0.6357623533597452,1.0,1.0,1.0,0.0
RAB27B,0.36419426113612463,1.0,0.0,1.0,0.0
RAB28,0.49968807954721534,0.8292531179813518,1.0,0.33333333333333326,0.0
RAB29,0.6351406956193888,1.0,1.0,1.0,0.0
RAB2A,0.34274014624577426,1.0,1.0,1.0,0.0
RAB2B,0.5040924028635805,1.0,0.0,1.0,0.0
RAB30,0.5888333041268885,0.41411815844185357,0.0,1.0,0.0
RAB31,0.6309076969032525,1.0,1.0,1.0,0.0
RAB32,0.5897015396439825,1.0,1.0,1.0,0.0
RAB33B,0.5306053143478566,1.0,0.0,0.33333333333333326,0.0
RAB34,0.5887332616712754,1.0,0.0,1.0,0.0
RAB35,0.46072152736443794,0.808538606149791,0.0,1.0,0.0
RAB36,0.4444979229626496,1.0,0.0,1.0,0.0
RAB37,0.4100213488116563,1.0,1.0,1.0,0.0
RAB39B,0.3931276699355757,1.0,0.0,1.0,0.0
RAB3A,0.3716060971597428,0.5157386376619794,1.0,1.0,0.0
RAB3B,0.20594097141186332,1.0,0.0,1.0,0.0
RAB3C,0.3544143968592784,0.5023042780659218,0.0,1.0,0.0
RAB3D,0.5187449231219049,1.0,1.0,0.33333333333333326,0.0
RAB3GAP1,0.37143848525870726,1.0,1.0,1.0,0.0
RAB3GAP2,0.5370366086093632,1.0,0.0,1.0,0.0
RAB3IL1,0.6647803376032193,1.0,1.0,1.0,0.0
RAB3IP,0.4322375909073471,1.0,0.0,1.0,0.0
RAB40B,0.4070383962247924,1.0,0.0,1.0,0.0
RAB40C,0.3669566038597876,1.0,1.0,1.0,0.0
RAB42,0.5715691705583361,1.0,0.0,0.33333333333333326,0.0
RAB43,0.5777936973508324,1.0,1.0,1.0,0.0
RAB4A,0.43546176836693967,1.0,0.0,0.33333333333333326,0.0
RAB5A,0.4536655517918434,1.0,0.0,0.33333333333333326,0.0
RAB5B,0.4358440127288309,1.0,0.0,1.0,0.0
RAB5IF,0.43675490784099097,1.0,0.0,1.0,0.0
RAB6A,0.3634758305539264,1.0,1.0,1.0,0.0
RAB6B,0.4450838328362307,0.266494296107406,0.0,1.0,0.0
RAB6C,0.3686472366882081,1.0,0.0,0.33333333333333326,0.0
RAB7A,0.39990982252410673,1.0,1.0,1.0,0.0
RAB7B,0.40540798105826165,1.0,0.0,0.33333333333333326,0.0
RAB8A,0.5795317704406022,1.0,1.0,1.0,0.0
RAB8B,0.5047764448272841,0.3131704991969609,0.0,1.0,0.0
RAB9A,0.5311245988653954,0.7494144827182452,0.0,1.0,0.0
RAB9B,0.3577101299038574,1.0,1.0,1.0,0.0
RABAC1,0.4408786127389236,1.0,0.0,0.33333333333333326,0.0
RABEP1,0.3932177094276225,1.0,0.0,0.33333333333333326,0.0
RABEP2,0.5217277762957333,1.0,0.0,0.33333333333333326,0.0
RABEPK,0.40600067086064107,1.0,1.0,1.0,0.0
RABGGTB,0.4573777887138668,0.5664899907022234,0.0,1.0,0.0
RABL3,0.4450077541521879,1.0,0.0,1.0,0.0
RAC1,0.4382919814177913,0.10890154044407548,0.0,1.0,0.0
RAC2,0.5177017798871734,1.0,0.0,1.0,0.0
RACGAP1,0.44672709715904513,0.5851841376624428,0.0,1.0,0.0
RACK1,0.5445962467480322,1.0,0.0,0.33333333333333326,0.0
RAD1,0.43747476680174646,1.0,0.0,1.0,0.0
RAD17,0.4394434230448714,1.0,0.0,1.0,0.0
RAD18,0.33878657292170383,1.0,0.0,0.33333333333333326,0.0
RAD23B,0.44951820637210793,0.9428347263209366,0.0,0.33333333333333326,0.0
RAD50,0.4343647755937475,1.0,0.0,1.0,0.0
RAD51AP1,0.4991245894639248,1.0,1.0,0.33333333333333326,0.0
RAD51B,0.5302465966900113,1.0,0.0,0.33333333333333326,0.0
RAD51C,0.3757471266675733,1.0,1.0,1.0,0.0
RAD54L,0.5298777397078313,0.5266036443495122,0.0,0.33333333333333326,0.0
RAD54L2,0.5548202083187974,1.0,0.0,0.33333333333333326,0.0
RAD9B,0.5344169324053076,0.3052616447808078,0.0,0.33333333333333326,0.0
RADIL,0.5439943268214675,1.0,0.0,1.0,0.0
RADX,0.4445171083684508,1.0,0.0,0.33333333333333326,0.0
RAET1E,0.5485737006274428,0.1482953311166325,0.0,0.33333333333333326,0.0
RAET1G,0.45786460169438914,0.6759741011291658,0.0,1.0,0.0
RAET1L,0.45549498807558086,0.6779352043278092,0.0,1.0,0.0
RAF1,0.5840669883019903,1.0,1.0,1.0,0.0
RAG1,0.4963309842779737,0.5344239964733912,0.0,0.33333333333333326,0.0
RAG2,0.4738616297618588,0.19140209289368537,0.0,0.33333333333333326,0.0
RAI14,0.6087438958713391,1.0,1.0,1.0,0.0
RAI2,0.47099006561334306,0.05454009084261412,0.0,1.0,0.0
RALA,0.5279116075694182,1.0,0.0,1.0,0.0
RALB,0.31774126775506323,1.0,0.0,1.0,0.0
RALGAPA1,0.41741367122495787,1.0,1.0,0.33333333333333326,0.0
RALGAPB,0.4970848596802437,0.16295528516976696,0.0,1.0,0.0
RALGDS,0.5774099944610231,1.0,0.0,0.33333333333333326,0.0
RALGPS1,0.41760135666186876,1.0,0.0,1.0,0.0
RALGPS2,0.5535964587269566,1.0,1.0,1.0,0.0
RALY,0.5422150628326604,0.5767341200222446,1.0,1.0,0.0
RALYL,0.3175915197358453,1.0,1.0,1.0,0.0
RAMAC,0.41330591588761295,1.0,1.0,1.0,0.0
RAMP1,0.6246516016520968,1.0,1.0,1.0,0.0
RAMP2,0.5849648514392193,0.17610639518244955,0.0,0.33333333333333326,0.0
RAMP3,0.4669093826563193,1.0,1.0,0.33333333333333326,0.0
RAN,0.3070399168742278,1.0,1.0,1.0,0.0
RANBP1,0.4131445795445202,1.0,0.0,1.0,0.0
RANBP10,0.5083242201200731,0.9998180910768721,0.0,0.33333333333333326,0.0
RANBP17,0.4425258729523217,1.0,0.0,0.33333333333333326,0.0
RANBP2,0.43103844324061735,1.0,0.0,0.33333333333333326,0.0
RANBP3,0.4954475554567155,1.0,0.0,0.33333333333333326,0.0
RANBP3L,0.7158031917573779,1.0,1.0,1.0,0.0
RANBP6,0.2999802165923335,1.0,0.0,1.0,0.0
RANBP9,0.5241363779581119,0.5661896472401605,0.0,0.33333333333333326,0.0
RANGAP1,0.3855793976093882,1.0,0.0,1.0,0.0
RANGRF,0.49638492199282186,0.4491839646936173,0.0,0.33333333333333326,0.0
RAP1A,0.6037115614344604,1.0,1.0,1.0,0.0
RAP1B,0.5515616060118447,1.0,0.0,1.0,0.0
RAP1GAP,0.3911618078329509,1.0,1.0,1.0,0.0
RAP1GAP2,0.497603682569257,1.0,1.0,0.33333333333333326,0.0
RAP1GDS1,0.3385659590874615,1.0,1.0,1.0,0.0
RAP2A,0.3411528957449334,1.0,0.0,1.0,0.0
RAP2B,0.49878045127086307,0.438819168986088,0.0,0.33333333333333326,0.0
RAP2C,0.5022225384070947,0.6525934421445778,0.0,0.33333333333333326,0.0
RAPGEF1,0.49256517207047235,1.0,1.0,0.33333333333333326,0.0
RAPGEF2,0.4765510043795776,1.0,0.0,0.33333333333333326,0.0
RAPGEF3,0.6509131966909845,1.0,1.0,1.0,0.0
RAPGEF4,0.3574763829944991,1.0,0.0,1.0,0.0
RAPGEFL1,0.42392001636767496,1.0,0.0,0.33333333333333326,0.0
RAPSN,0.5150457174324355,0.8823519815730875,0.0,0.33333333333333326,0.0
RARG,0.5205773122697754,1.0,0.0,1.0,0.0
RARRES2,0.613317006099883,1.0,1.0,1.0,0.0
RARS1,0.45539903512382546,0.9487415028871915,0.0,0.33333333333333326,0.0
RARS2,0.4839800974893196,0.973081206150877,1.0,0.33333333333333326,0.0
RASA3,0.504139115217693,1.0,1.0,0.33333333333333326,0.0
RASA4,0.6258186075864993,0.803608431126443,1.0,1.0,0.0
RASAL1,0.35978105640637104,1.0,0.0,0.33333333333333326,0.0
RASAL3,0.5988864187479096,1.0,0.0,0.33333333333333326,0.0
RASD1,0.5623355906331595,1.0,0.0,0.33333333333333326,0.0
RASEF,0.5769206215638738,0.6758739218544393,1.0,1.0,0.0
RASGEF1A,0.41424499707923196,0.6047200360434091,1.0,0.33333333333333326,0.0
RASGEF1C,0.5434842725166557,0.5102869849518381,1.0,0.33333333333333326,0.0
RASGRF1,0.3193524114925399,0.8432984815722756,1.0,1.0,0.0
RASGRF2,0.45857843478131555,0.8151297909882373,0.0,0.33333333333333326,0.0
RASGRP1,0.2789772210073122,1.0,1.0,1.0,0.0
RASGRP4,0.4751335293451096,0.2060154865664684,0.0,0.33333333333333326,0.0
RASIP1,0.5211871479986313,1.0,0.0,1.0,0.0
RASL10A,0.30593515407582406,1.0,0.0,1.0,0.0
RASL11A,0.43819589326003344,0.22297943851714075,0.0,1.0,0.0
RASL11B,0.3645283807542539,1.0,1.0,1.0,0.0
RASL12,0.7378538960107032,1.0,1.0,1.0,0.0
RASSF1,0.5707523485165321,1.0,1.0,1.0,0.0
RASSF2,0.5581164307287435,0.2241456633081045,1.0,1.0,0.0
RASSF3,0.5051115453000982,0.3777233307484754,0.0,1.0,0.0
RASSF4,0.5887361610135222,1.0,0.0,1.0,0.0
RASSF5,0.37617802978890663,1.0,1.0,0.33333333333333326,0.0
RASSF8,0.5812199386283334,0.8240481531901265,1.0,1.0,0.0
RASSF9,0.552719291601949,0.24750952956388464,1.0,1.0,0.0
RAVER1,0.5679686278538391,0.6709519878848128,1.0,1.0,0.0
RAVER2,0.47588474643787965,0.17748546215425598,0.0,1.0,0.0
RAX,0.5154087954476027,0.40939807609539736,0.0,1.0,0.0
RAX2,0.4914571146356633,1.0,1.0,0.33333333333333326,0.0
RB1,0.5414104976504152,1.0,0.0,0.33333333333333326,0.0
RB1CC1,0.4231826591446634,1.0,0.0,1.0,0.0
RBAK,0.4708212862578498,0.6420951231880792,0.0,1.0,0.0
RBBP5,0.4366277240829924,0.6482894743679448,0.0,0.33333333333333326,0.0
RBBP6,0.5360368551854727,1.0,0.0,1.0,0.0
RBBP7,0.44287316833401336,1.0,0.0,0.33333333333333326,0.0
RBBP8NL,0.36407544609996206,1.0,1.0,1.0,0.0
RBCK1,0.5697706293553804,1.0,0.0,1.0,0.0
RBFA,0.4208277400142903,1.0,0.0,0.33333333333333326,0.0
RBFOX1,0.2577840565548655,1.0,1.0,1.0,0.0
RBFOX2,0.3742980360173024,1.0,1.0,1.0,0.0
RBFOX3,0.44838999095302084,0.5114418862453839,1.0,0.33333333333333326,0.0
RBKS,0.4429473255210271,1.0,0.0,1.0,0.0
RBL2,0.5546360120994033,1.0,1.0,1.0,0.0
RBM10,0.43825541723468975,0.6522180671165152,1.0,0.33333333333333326,0.0
RBM11,0.41247765307284256,1.0,0.0,1.0,0.0
RBM12,0.4005453201056211,1.0,0.0,0.33333333333333326,0.0
RBM12B,0.46804798568877615,0.12804001850691146,0.0,0.33333333333333326,0.0
RBM14,0.5571692962206923,1.0,0.0,1.0,0.0
RBM15B,0.611681554822736,1.0,1.0,1.0,0.0
RBM17,0.6026733715794891,1.0,1.0,1.0,0.0
RBM18,0.418680000272168,1.0,0.0,0.33333333333333326,0.0
RBM19,0.51873824706989,1.0,0.0,1.0,0.0
RBM20,0.4224739873351803,1.0,0.0,0.33333333333333326,0.0
RBM24,0.364513105461543,1.0,0.0,1.0,0.0
RBM25,0.4203497739612423,0.3722983874846001,1.0,1.0,0.0
RBM27,0.45110133956787674,0.862525490870261,0.0,1.0,0.0
RBM28,0.5446715006222257,1.0,0.0,1.0,0.0
RBM3,0.22036564235586695,1.0,1.0,1.0,0.0
RBM38,0.5813753484600007,1.0,0.0,1.0,0.0
RBM39,0.5278391176122645,1.0,0.0,0.33333333333333326,0.0
RBM4,0.559060087655223,1.0,0.0,0.33333333333333326,0.0
RBM42,0.5353548770472372,0.8824691376105285,0.0,0.33333333333333326,0.0
RBM45,0.42475289418449,1.0,0.0,1.0,0.0
RBM46,0.4482615081872615,0.12375720747823493,0.0,1.0,0.0
RBM48,0.5179681452964431,1.0,1.0,0.33333333333333326,0.0
RBM4B,0.5616340692012908,1.0,0.0,0.33333333333333326,0.0
RBM6,0.5640238406679028,1.0,1.0,1.0,0.0
RBM7,0.5271742014308256,0.48168185118954415,0.0,0.33333333333333326,0.0
RBM8A,0.4897129666948805,1.0,1.0,0.33333333333333326,0.0
RBMS1,0.520147117185927,1.0,0.0,1.0,0.0
RBMS2,0.5183734912978255,1.0,0.0,1.0,0.0
RBMS3,0.5929848948693532,1.0,1.0,1.0,0.0
RBMX,0.39184509541335816,1.0,1.0,1.0,0.0
RBMY1B,0.4580785284984763,0.2627963928921348,0.0,0.33333333333333326,0.0
RBMY1E,0.4567244719818737,0.11080020943475379,0.0,0.33333333333333326,0.0
RBP1,0.42060247045487476,1.0,0.0,1.0,0.0
RBP2,0.4229685682596955,0.5323709089622062,1.0,0.33333333333333326,0.0
RBP4,0.291792550643293,1.0,0.0,0.33333333333333326,0.0
RBP5,0.46651966881993434,1.0,1.0,0.33333333333333326,0.0
RBPJ,0.5937627434066934,1.0,1.0,1.0,0.0
RBPJL,0.56088311545517,0.33572496068365915,0.0,1.0,0.0
RBPMS,0.5341753067922217,1.0,0.0,0.33333333333333326,0.0
RBPMS2,0.6324032520586576,0.46320715139721386,0.0,1.0,0.0
RBSN,0.4234321464491494,1.0,0.0,0.33333333333333326,0.0
RBX1,0.44988372079182276,1.0,0.0,1.0,0.0
RC3H1,0.2784168711578647,0.46323081183645953,0.0,1.0,0.0
RCAN3,0.44680493192454124,0.9351438360141113,0.0,1.0,0.0
RCBTB1,0.5691335125449493,1.0,1.0,1.0,0.0
RCBTB2,0.5106410321922054,0.7811963071584243,0.0,1.0,0.0
RCC1,0.6168295260993824,1.0,0.0,1.0,0.0
RCC1L,0.5366084852159485,1.0,0.0,1.0,0.0
RCC2,0.5377117833896957,1.0,1.0,1.0,0.0
RCE1,0.5531237173956463,0.6830834741038453,1.0,1.0,0.0
RCL1,0.570865196605195,0.5455120494636255,1.0,0.33333333333333326,0.0
RCN1,0.517415673993849,0.5360543360769023,0.0,0.33333333333333326,0.0
RCN2,0.3433624223064388,1.0,0.0,0.33333333333333326,0.0
RCN3,0.510996912343887,1.0,0.0,1.0,0.0
RCOR1,0.5290762260475774,1.0,1.0,0.33333333333333326,0.0
RCOR2,0.3070723089583717,1.0,1.0,1.0,0.0
RCSD1,0.5233370583394193,0.9723966860777897,0.0,1.0,0.0
RD3,0.3340517042814449,0.6759294620157031,1.0,1.0,0.0
RDH10,0.5574915800593788,0.3378975253338048,1.0,1.0,0.0
RDH11,0.45461568927541773,1.0,0.0,1.0,0.0
RDH12,0.360320750092165,1.0,0.0,0.33333333333333326,0.0
RDH14,0.41751435394554315,1.0,1.0,1.0,0.0
RDH5,0.5742913629512757,1.0,1.0,1.0,0.0
RDH8,0.5744095865338386,0.18448885827610115,0.0,1.0,0.0
RDM1,0.3577904281840467,0.35410983050147077,1.0,1.0,0.0
REC8,0.5212693560301146,1.0,0.0,0.33333333333333326,0.0
RECK,0.5151206402306615,1.0,0.0,1.0,0.0
RECQL4,0.5557527587343449,1.0,1.0,1.0,0.0
REEP1,0.3062117352614336,1.0,1.0,1.0,0.0
REEP2,0.3900656847764293,1.0,1.0,1.0,0.0
REEP3,0.5617650159408331,1.0,0.0,1.0,0.0
REEP4,0.5938128041610421,1.0,0.0,0.33333333333333326,0.0
REEP5,0.3819086325065818,1.0,1.0,1.0,0.0
REEP6,0.46924550278682875,0.1540905875244869,0.0,1.0,0.0
REG3A,0.35709011756936715,0.4829412470833923,0.0,0.33333333333333326,0.0
REG3G,0.5302584646034632,0.2142686513404989,1.0,0.33333333333333326,0.0
REG4,0.588322894090899,0.4263339266384734,0.0,1.0,0.0
REL,0.5830246397673896,0.36836993714920313,1.0,1.0,0.0
RELA,0.6444964224742072,1.0,0.0,1.0,0.0
RELCH,0.4049698808708404,1.0,0.0,0.33333333333333326,0.0
RELL1,0.6992154465463795,1.0,0.0,1.0,0.0
RELL2,0.37853899587842527,1.0,1.0,1.0,0.0
RELN,0.3184842151713177,1.0,1.0,1.0,0.0
REM2,0.4153270154601362,1.0,0.0,1.0,0.0
REN,0.5215533185085606,0.9796143385330258,1.0,0.33333333333333326,0.0
RENBP,0.5182920825345873,0.8863357022471644,0.0,0.33333333333333326,0.0
REPS1,0.4343917656062258,1.0,0.0,1.0,0.0
RER1,0.4525653676465612,1.0,1.0,0.33333333333333326,0.0
RERE,0.5518222658477556,1.0,0.0,1.0,0.0
RERG,0.40547635502208373,0.22518755568554452,1.0,1.0,0.0
RERGL,0.28543350190836214,1.0,0.0,0.33333333333333326,0.0
RESF1,0.5568065621830509,1.0,1.0,1.0,0.0
REST,0.6086164442558263,1.0,1.0,1.0,0.0
RETN,0.5236938435432819,0.48825712839694607,0.0,0.33333333333333326,0.0
RETNLB,0.4460762496320849,0.6533756155106836,0.0,0.33333333333333326,0.0
RETREG1,0.3807798411416273,1.0,1.0,1.0,0.0
RETREG2,0.29215468081482454,1.0,1.0,1.0,0.0
REV3L,0.5275733118021119,1.0,0.0,1.0,0.0
REXO1,0.5140099945310984,1.0,0.0,0.33333333333333326,0.0
REXO2,0.5137076660895724,0.1295284278288712,1.0,1.0,0.0
REXO4,0.5489869650564283,1.0,0.0,0.33333333333333326,0.0
RFC1,0.4606647863421047,1.0,1.0,0.33333333333333326,0.0
RFC2,0.4591962230721666,1.0,0.0,0.33333333333333326,0.0
RFC3,0.400178676636272,0.1478564293387906,0.0,0.33333333333333326,0.0
RFC5,0.47043635529407607,0.2747567000799479,0.0,1.0,0.0
RFESD,0.42909344961222623,0.41880510111925756,1.0,1.0,0.0
RFK,0.3450679323056911,1.0,0.0,1.0,0.0
RFLNA,0.30728244196401594,0.3755730146456218,0.0,0.33333333333333326,0.0
RFLNB,0.5451708991844538,1.0,0.0,0.33333333333333326,0.0
RFNG,0.5618384678191655,1.0,1.0,1.0,0.0
RFPL1,0.34638816123271304,0.9153136892386954,1.0,1.0,0.0
RFPL4A,0.5252303930577822,0.26433114021299337,1.0,0.33333333333333326,0.0
RFTN1,0.3737334376153789,1.0,1.0,1.0,0.0
RFTN2,0.6746405717167833,1.0,1.0,1.0,0.0
RFX1,0.4605958930664243,1.0,1.0,0.33333333333333326,0.0
RFX2,0.6433337421239158,1.0,1.0,1.0,0.0
RFX3,0.4693137780622309,0.01353958433128836,0.0,0.33333333333333326,0.0
RFX4,0.6928546480784736,1.0,1.0,1.0,0.0
RFX5,0.49805468298472677,1.0,1.0,0.33333333333333326,0.0
RFXANK,0.5489908986582187,0.9684615470794166,1.0,1.0,0.0
RGCC,0.6727682143372202,1.0,1.0,1.0,0.0
RGL1,0.45465255769963675,0.4967431984168296,1.0,0.33333333333333326,0.0
RGL2,0.5999097135498751,1.0,1.0,1.0,0.0
RGL3,0.6349243599036597,1.0,0.0,0.33333333333333326,0.0
RGMA,0.5971862775860021,1.0,1.0,1.0,0.0
RGN,0.43982408850951465,0.35619589657793926,1.0,0.33333333333333326,0.0
RGPD8,0.45256220257375335,1.0,0.0,1.0,0.0
RGR,0.6120755813587452,1.0,1.0,1.0,0.0
RGS1,0.8821181173388457,1.0,0.0,1.0,0.0
RGS10,0.5426935204192744,0.6624518591324899,0.0,1.0,0.0
RGS11,0.5209932083108054,0.7144400006661162,0.0,0.33333333333333326,0.0
RGS12,0.4164868151233353,1.0,0.0,1.0,0.0
RGS14,0.5011968587338315,1.0,1.0,0.33333333333333326,0.0
RGS16,0.5264211691380926,0.2820722741549153,0.0,1.0,0.0
RGS17,0.3368729792135367,1.0,0.0,0.33333333333333326,0.0
RGS18,0.6296222445569057,1.0,1.0,1.0,0.0
RGS19,0.5755022928037639,1.0,0.0,1.0,0.0
RGS20,0.520506109650702,0.17174031256119582,0.0,0.33333333333333326,0.0
RGS3,0.44429358819124415,1.0,1.0,0.33333333333333326,0.0
RGS4,0.16384359114936628,1.0,1.0,1.0,0.0
RGS6,0.4107514434420178,1.0,0.0,1.0,0.0
RGS7,0.1884802837597408,1.0,1.0,1.0,0.0
RGS7BP,0.2792592709357101,1.0,0.0,1.0,0.0
RGS9,0.5690444091619443,0.9037554129651434,1.0,1.0,0.0
RGS9BP,0.5590930436457578,1.0,1.0,1.0,0.0
RHAG,0.5577300141903181,0.17657415479591076,0.0,0.33333333333333326,0.0
RHBDD3,0.5190600757809203,1.0,0.0,1.0,0.0
RHBDF1,0.6273268871938382,1.0,1.0,1.0,0.0
RHBDF2,0.7233753683365666,1.0,1.0,1.0,0.0
RHBDL2,0.47135991866015914,1.0,1.0,0.33333333333333326,0.0
RHBG,0.5017308958561895,0.4106630799821352,0.0,0.33333333333333326,0.0
RHCE,0.429189789977472,0.2271170312847124,1.0,1.0,0.0
RHCG,0.5063560878718271,1.0,0.0,1.0,0.0
RHEBL1,0.38916925782302575,1.0,0.0,0.33333333333333326,0.0
RHEX,0.5703328968943076,1.0,1.0,0.33333333333333326,0.0
RHO,0.4673573861012511,0.750950886671277,0.0,0.33333333333333326,0.0
RHOA,0.5630708338207193,1.0,1.0,1.0,0.0
RHOBTB1,0.3376598766694264,0.3400248623216644,0.0,1.0,0.0
RHOBTB2,0.411261082681964,1.0,0.0,1.0,0.0
RHOBTB3,0.6372578405903334,1.0,1.0,1.0,0.0
RHOC,0.6217766703310682,1.0,0.0,0.33333333333333326,0.0
RHOD,0.5474108885933557,0.31957004560907953,0.0,1.0,0.0
RHOF,0.4489138182873716,0.37302898585190253,1.0,0.33333333333333326,0.0
RHOG,0.568267603280045,1.0,1.0,1.0,0.0
RHOH,0.4815990886395777,1.0,1.0,0.33333333333333326,0.0
RHOJ,0.6165696085566149,1.0,1.0,1.0,0.0
RHOQ,0.6550543509436094,1.0,1.0,1.0,0.0
RHOT1,0.5112972261338492,0.9140991400017887,0.0,1.0,0.0
RHOU,0.6120879628231947,0.682461554078853,1.0,1.0,0.0
RHOV,0.37166996488692977,1.0,0.0,1.0,0.0
RHPN1,0.5675683784511893,0.6158959875726667,1.0,1.0,0.0
RHPN2,0.5495027896500639,0.5971300560984866,0.0,1.0,0.0
RIBC1,0.37199394031387795,1.0,1.0,0.33333333333333326,0.0
RIBC2,0.5131895932222671,0.7820179914974777,0.0,0.33333333333333326,0.0
RIC1,0.4599405743938974,0.5323189315183742,0.0,0.33333333333333326,0.0
RIC3,0.41563642937129575,1.0,0.0,0.33333333333333326,0.0
RIC8A,0.5004666458374505,0.44265942379095913,0.0,0.33333333333333326,0.0
RIC8B,0.5236354965845333,1.0,0.0,1.0,0.0
RIF1,0.5279977294452608,0.42569953829785223,0.0,0.33333333333333326,0.0
RIGI,0.4941479934623286,0.7089164965447048,0.0,1.0,0.0
RIIAD1,0.2624220555768673,1.0,0.0,1.0,0.0
RILPL1,0.4977907685544036,0.12724359645973018,0.0,1.0,0.0
RILPL2,0.5426874713092081,0.9783878925819569,1.0,1.0,0.0
RIMBP2,0.2980983396395287,1.0,0.0,1.0,0.0
RIMKLA,0.3443064254909024,1.0,1.0,1.0,0.0
RIMKLB,0.5680583237895643,1.0,1.0,1.0,0.0
RIMOC1,0.5462113665010075,1.0,0.0,0.33333333333333326,0.0
RIMS1,0.38328697558536395,0.44877722945691617,1.0,1.0,0.0
RIMS2,0.4004379286710846,1.0,0.0,1.0,0.0
RIMS3,0.38973401216073966,1.0,0.0,1.0,0.0
RIN2,0.71726259734631,1.0,1.0,1.0,0.0
RIN3,0.6464886821772251,1.0,1.0,1.0,0.0
RING1,0.46605668844396436,0.803638033357008,1.0,0.33333333333333326,0.0
RINL,0.4995173944518919,0.13251641792667482,0.0,1.0,0.0
RINT1,0.3921755482257675,1.0,0.0,0.33333333333333326,0.0
RIOK1,0.4432406061403509,1.0,0.0,1.0,0.0
RIOK3,0.4072796901606342,1.0,0.0,0.33333333333333326,0.0
RIOX1,0.4326202355001445,1.0,0.0,1.0,0.0
RIOX2,0.5451590263878988,0.07914829638926153,0.0,0.33333333333333326,0.0
RIPK1,0.5489593403479047,0.7957353991343611,1.0,1.0,0.0
RIPK2,0.5055403080215289,0.23741702783962146,0.0,0.33333333333333326,0.0
RIPK3,0.5984018498035311,1.0,1.0,1.0,0.0
RIPK4,0.5944012700164136,1.0,0.0,1.0,0.0
RIPOR1,0.4385463418421683,0.7622848592210687,1.0,0.33333333333333326,0.0
RIPOR3,0.6259809802086495,1.0,1.0,1.0,0.0
RIPPLY1,0.5394958996597378,0.0636316022189239,0.0,0.33333333333333326,0.0
RIPPLY2,0.3443791404133069,1.0,1.0,1.0,0.0
RIPPLY3,0.46211695767600186,0.21689969618260452,0.0,1.0,0.0
RIT1,0.5841775018608317,1.0,0.0,1.0,0.0
RIT2,0.25928331290416473,1.0,1.0,1.0,0.0
RITA1,0.3848012715396089,1.0,0.0,0.33333333333333326,0.0
RLIG1,0.33541889305658806,1.0,0.0,0.33333333333333326,0.0
RLIM,0.45756913719121994,0.6186301255082942,1.0,0.33333333333333326,0.0
RLN1,0.5087640207909516,0.5477709035643746,1.0,0.33333333333333326,0.0
RLN2,0.423293399681505,0.24540402181710208,1.0,1.0,0.0
RMC1,0.5451420520307592,0.22092224381815506,0.0,0.33333333333333326,0.0
RMDN3,0.5005666142232519,1.0,1.0,0.33333333333333326,0.0
RMI1,0.5132911644804746,0.7320672650012942,0.0,0.33333333333333326,0.0
RMI2,0.40548551038600944,1.0,0.0,1.0,0.0
RMND1,0.37935807158137413,1.0,0.0,0.33333333333333326,0.0
RMND5A,0.5464363107177597,0.48082343807627226,1.0,1.0,0.0
RMND5B,0.44057138316677424,1.0,0.0,1.0,0.0
RMP64,0.5342088369594766,1.0,0.0,1.0,0.0
RNASE10,0.45014335186601506,0.8082994183542046,0.0,1.0,0.0
RNASE2,0.7346662643756535,1.0,0.0,1.0,0.0
RNASE3,0.6992499503181225,1.0,0.0,1.0,0.0
RNASE4,0.637229266121364,1.0,1.0,1.0,0.0
RNASE6,0.6510379286915716,1.0,0.0,1.0,0.0
RNASE7,0.46479169049162494,1.0,0.0,0.33333333333333326,0.0
RNASEH1,0.40127704200087266,1.0,0.0,1.0,0.0
RNASEH2B,0.3302381642639158,1.0,1.0,1.0,0.0
RNASEH2C,0.5178137169937878,1.0,0.0,1.0,0.0
RNASEL,0.5443988563921273,0.4143871744992234,1.0,0.33333333333333326,0.0
RNASET2,0.6291226935845051,1.0,0.0,1.0,0.0
RND1,0.3668709830291957,1.0,0.0,1.0,0.0
RND2,0.6024497020244806,1.0,1.0,1.0,0.0
RND3,0.5459128811575338,0.06718975481967644,0.0,0.33333333333333326,0.0
RNF103,0.46619760044052305,0.18339498094426754,1.0,0.33333333333333326,0.0
RNF11,0.3588710693956258,1.0,0.0,1.0,0.0
RNF111,0.45312313734959114,0.8868371502232919,0.0,0.33333333333333326,0.0
RNF112,0.3192838673572172,1.0,1.0,1.0,0.0
RNF113A,0.47100939153698795,0.527752043716345,0.0,1.0,0.0
RNF113B,0.41409300038581026,0.1559966839459146,0.0,1.0,0.0
RNF114,0.5341055292814831,0.6775998362769454,0.0,0.33333333333333326,0.0
RNF115,0.4974475151305827,0.21083462705533595,0.0,0.33333333333333326,0.0
RNF121,0.542098476940689,1.0,0.0,1.0,0.0
RNF122,0.4447326034367983,0.38516699423177553,1.0,0.33333333333333326,0.0
RNF123,0.4458363764310928,1.0,0.0,0.33333333333333326,0.0
RNF125,0.5009697822775826,0.07860535059110373,0.0,1.0,0.0
RNF128,0.34614886391844363,1.0,0.0,1.0,0.0
RNF13,0.5310831091017721,0.08157481984024663,1.0,1.0,0.0
RNF130,0.6167000982221039,1.0,1.0,1.0,0.0
RNF133,0.449835676677894,0.4076393653624121,0.0,0.33333333333333326,0.0
RNF135,0.5835760830811932,1.0,0.0,0.33333333333333326,0.0
RNF14,0.40063896017777867,1.0,1.0,1.0,0.0
RNF144A,0.5275294528936416,1.0,0.0,1.0,0.0
RNF144B,0.6571653916185509,1.0,1.0,1.0,0.0
RNF148,0.44599165970908455,0.20146317413891124,0.0,0.33333333333333326,0.0
RNF150,0.30478431895498526,1.0,0.0,1.0,0.0
RNF152,0.5631249043546308,1.0,0.0,1.0,0.0
RNF157,0.4205453824280864,1.0,0.0,1.0,0.0
RNF166,0.5145753839934699,1.0,0.0,1.0,0.0
RNF168,0.5241138641688663,0.42182674017106925,1.0,0.33333333333333326,0.0
RNF169,0.5369120009747342,1.0,1.0,1.0,0.0
RNF17,0.469842047664843,0.3020302665879379,0.0,0.33333333333333326,0.0
RNF170,0.4156359842835445,1.0,0.0,1.0,0.0
RNF175,0.2825809660484735,1.0,1.0,1.0,0.0
RNF180,0.5517284647755225,0.18680250327105213,0.0,0.33333333333333326,0.0
RNF181,0.4674280195141352,0.8405887964778765,0.0,1.0,0.0
RNF182,0.5665404374041288,1.0,0.0,0.33333333333333326,0.0
RNF185,0.4954125049703683,0.12288174206273507,0.0,1.0,0.0
RNF186,0.4742993397175476,0.5423740343635858,0.0,1.0,0.0
RNF187,0.4083643231971011,1.0,0.0,0.33333333333333326,0.0
RNF19A,0.5082115547305932,1.0,1.0,0.33333333333333326,0.0
RNF19B,0.4218175484062151,0.5214148009873586,0.0,0.33333333333333326,0.0
RNF2,0.42552858172991537,1.0,0.0,0.33333333333333326,0.0
RNF20,0.5404642979145426,0.4036086846158514,1.0,1.0,0.0
RNF213,0.5183754359801963,1.0,1.0,0.33333333333333326,0.0
RNF214,0.509275744820826,0.9787072913505667,1.0,0.33333333333333326,0.0
RNF216,0.4679204470986506,1.0,0.0,0.33333333333333326,0.0
RNF217,0.47446098080238125,0.2327288753103459,0.0,1.0,0.0
RNF24,0.5742071775042118,1.0,1.0,1.0,0.0
RNF25,0.4393129553672146,0.24233987706762686,1.0,1.0,0.0
RNF26,0.45657069986258086,0.8140284560099021,0.0,1.0,0.0
RNF31,0.44889786677938004,1.0,0.0,1.0,0.0
RNF32,0.49837891308427507,1.0,0.0,1.0,0.0
RNF34,0.43165611447936225,1.0,1.0,1.0,0.0
RNF38,0.4641814119794404,1.0,0.0,0.33333333333333326,0.0
RNF39,0.5388906946531083,0.9875033914824584,1.0,1.0,0.0
RNF4,0.4605581917886061,1.0,0.0,0.33333333333333326,0.0
RNF40,0.5047650940340561,0.5002147685470236,0.0,0.33333333333333326,0.0
RNF41,0.38605356623184367,1.0,0.0,1.0,0.0
RNF43,0.5069188082563466,0.2992532858678963,0.0,1.0,0.0
RNF44,0.43916198219921404,1.0,0.0,1.0,0.0
RNF6,0.45718792920081147,0.5305149362497559,0.0,0.33333333333333326,0.0
RNF8,0.4706517685361715,0.31532121398768886,0.0,1.0,0.0
RNFT2,0.2986694799382135,1.0,1.0,1.0,0.0
RNGTT,0.4390439599591469,0.371225803015392,1.0,1.0,0.0
RNH1,0.454692005567385,0.17430820313006776,1.0,0.33333333333333326,0.0
RNLS,0.5358684636828017,0.9389807964875483,1.0,1.0,0.0
RNMT,0.35535695098583303,1.0,1.0,1.0,0.0
RNPC3,0.42396111020191635,0.19804432224734472,0.0,1.0,0.0
RNPEP,0.5233126621517475,0.6690498098606775,0.0,0.33333333333333326,0.0
RNPEPL1,0.5753744413144772,1.0,0.0,1.0,0.0
RNPS1,0.37450103743911767,1.0,1.0,1.0,0.0
RO60,0.5587280653046699,1.0,0.0,0.33333333333333326,0.0
ROBO1,0.45871398954119064,1.0,0.0,0.33333333333333326,0.0
ROBO2,0.30317885583409143,1.0,1.0,1.0,0.0
ROBO3,0.5584242522621039,1.0,0.0,0.33333333333333326,0.0
ROBO4,0.5637485631220652,1.0,0.0,0.33333333333333326,0.0
ROCK1,0.5854148297890128,0.6099021320865192,1.0,1.0,0.0
ROCK2,0.4136060816312113,0.917981503771333,1.0,1.0,0.0
ROGDI,0.3882152251864341,1.0,1.0,1.0,0.0
ROM1,0.6575039996799947,1.0,1.0,1.0,0.0
ROPN1,0.450499803809735,0.7161326340836605,0.0,1.0,0.0
ROPN1B,0.5191694784154007,0.8428325926508392,1.0,0.33333333333333326,0.0
ROPN1L,0.38522171603183597,1.0,0.0,0.33333333333333326,0.0
ROR1,0.40945160350432097,0.07643105035988039,0.0,0.33333333333333326,0.0
ROR2,0.531676796157644,1.0,0.0,1.0,0.0
RORA,0.5809123207889288,0.897699018002895,0.0,1.0,0.0
RORB,0.42557067460205356,1.0,0.0,1.0,0.0
RP1L1,0.5170586176126286,0.24583434979205254,0.0,0.33333333333333326,0.0
RP2,0.6386283837296064,1.0,1.0,1.0,0.0
RP9,0.4672053720895998,1.0,0.0,0.33333333333333326,0.0
RPA2,0.4025154714829961,1.0,1.0,1.0,0.0
RPA3,0.3722081756785906,1.0,0.0,1.0,0.0
RPA4,0.5446901158786964,1.0,0.0,0.33333333333333326,0.0
RPAP1,0.5762601744780637,0.8000604122076688,1.0,1.0,0.0
RPE,0.4457955649801463,0.6899599086293086,0.0,0.33333333333333326,0.0
RPE65,0.5048057982063663,0.3999025221024885,1.0,0.33333333333333326,0.0
RPF1,0.4623071311262139,0.6425046929672704,0.0,0.33333333333333326,0.0
RPGR,0.583228205221474,1.0,1.0,1.0,0.0
RPGRIP1L,0.439124804911635,1.0,1.0,0.33333333333333326,0.0
RPH3A,0.17716532091959142,1.0,1.0,1.0,0.0
RPH3AL,0.455662879216658,0.23962982870379043,0.0,1.0,0.0
RPIA,0.5124890484075941,1.0,0.0,0.33333333333333326,0.0
RPL10,0.41879855817009765,0.8215374829918292,1.0,0.33333333333333326,0.0
RPL10A,0.4516236338648526,0.806451327415363,0.0,0.33333333333333326,0.0
RPL10L,0.5166195303452227,0.9907420494780806,0.0,1.0,0.0
RPL11,0.5081482363835632,0.6903710949165421,0.0,1.0,0.0
RPL13A,0.5306919162883319,1.0,0.0,0.33333333333333326,0.0
RPL14,0.5053699186096836,0.3645510054681496,0.0,1.0,0.0
RPL15,0.38160352278430354,1.0,1.0,1.0,0.0
RPL18,0.5034682445775437,1.0,1.0,0.33333333333333326,0.0
RPL18A,0.5136402888599352,1.0,0.0,0.33333333333333326,0.0
RPL19,0.5335528456217689,1.0,0.0,0.33333333333333326,0.0
RPL22L1,0.5788381938975796,0.9886148415067164,1.0,1.0,0.0
RPL23,0.5184247145993998,0.9299906173944226,0.0,1.0,0.0
RPL23A,0.5501220533696025,1.0,0.0,1.0,0.0
RPL26,0.5630203613967696,0.1579132508359324,0.0,0.33333333333333326,0.0
RPL26L1,0.42132987880976946,1.0,0.0,1.0,0.0
RPL27A,0.5436789865033426,1.0,0.0,1.0,0.0
RPL29,0.4974832114872367,0.08763569765137098,0.0,0.33333333333333326,0.0
RPL3,0.46950657840463367,0.22287167731075783,1.0,0.33333333333333326,0.0
RPL30,0.5495238571238773,1.0,0.0,1.0,0.0
RPL32,0.5177792561451132,1.0,0.0,0.33333333333333326,0.0
RPL34,0.4472140476878262,0.39668462625262135,1.0,0.33333333333333326,0.0
RPL36,0.5443164917842934,0.5619033590085623,1.0,1.0,0.0
RPL36A,0.3342606238315576,1.0,1.0,0.33333333333333326,0.0
RPL36AL,0.5009608723973309,0.2720166578810749,0.0,1.0,0.0
RPL37,0.5262553982564051,0.9863813507654858,0.0,0.33333333333333326,0.0
RPL37A,0.5608457011234634,0.42650229559365893,1.0,1.0,0.0
RPL38,0.5214163948257526,0.8104672837690815,0.0,1.0,0.0
RPL39,0.521665765613058,1.0,0.0,1.0,0.0
RPL39L,0.42001625509043117,1.0,0.0,1.0,0.0
RPL3L,0.4264199754802643,0.06404865352579173,0.0,1.0,0.0
RPL4,0.5138715071123132,0.7810815314377066,0.0,1.0,0.0
RPL41,0.5086467035640968,0.1910061939412213,0.0,1.0,0.0
RPL6,0.44863937556224753,0.4168423356439392,0.0,1.0,0.0
RPL7,0.537657635733796,0.8020006642648702,1.0,1.0,0.0
RPL8,0.5243214766133789,1.0,0.0,1.0,0.0
RPLP0,0.5305878547102867,0.7120785496673858,0.0,1.0,0.0
RPLP1,0.55682839559927,1.0,0.0,0.33333333333333326,0.0
RPLP2,0.5660277822256862,1.0,0.0,0.33333333333333326,0.0
RPN2,0.5509773883025263,0.392856215318822,1.0,1.0,0.0
RPP14,0.3897618400909831,0.3100383596643665,0.0,0.33333333333333326,0.0
RPP21,0.47024346262526123,1.0,1.0,0.33333333333333326,0.0
RPP25,0.4549908747737464,1.0,0.0,1.0,0.0
RPP25L,0.4535516382712344,1.0,0.0,0.33333333333333326,0.0
RPP30,0.46262142979062065,0.40811171069828445,0.0,0.33333333333333326,0.0
RPP38,0.4524955342929271,0.9112106307654119,0.0,0.33333333333333326,0.0
RPP40,0.3576858856849066,1.0,1.0,1.0,0.0
RPRD1A,0.4555587990522043,1.0,0.0,1.0,0.0
RPRD2,0.4584760283775282,1.0,0.0,1.0,0.0
RPRML,0.31708460162606295,1.0,1.0,1.0,0.0
RPS10,0.51813385941302,1.0,0.0,0.33333333333333326,0.0
RPS11,0.5432149866367435,0.6869014523096847,1.0,1.0,0.0
RPS12,0.5161647208698376,0.6822305524585663,0.0,1.0,0.0
RPS13,0.5202530333067965,0.9684621865839462,0.0,1.0,0.0
RPS14,0.5029229024159203,0.29880675442186505,0.0,0.33333333333333326,0.0
RPS16,0.5529345714315048,1.0,0.0,1.0,0.0
RPS17,0.5298253491987355,1.0,0.0,1.0,0.0
RPS18,0.5281747523055358,0.49972003253905506,0.0,0.33333333333333326,0.0
RPS19,0.5696785419012689,1.0,0.0,0.33333333333333326,0.0
RPS2,0.5376903486803272,1.0,0.0,1.0,0.0
RPS20,0.5070954678298667,0.5135398205074814,0.0,1.0,0.0
RPS21,0.5084852688151741,0.45357192815729613,0.0,1.0,0.0
RPS23,0.5413709708399731,1.0,0.0,0.33333333333333326,0.0
RPS24,0.5273018134938215,1.0,0.0,0.33333333333333326,0.0
RPS25,0.5243616696263197,1.0,0.0,1.0,0.0
RPS26,0.5232534579813057,0.16855211306249132,0.0,0.33333333333333326,0.0
RPS27,0.5453121572197058,1.0,0.0,0.33333333333333326,0.0
RPS27A,0.5086115039198545,1.0,0.0,1.0,0.0
RPS27L,0.5804081374156911,1.0,0.0,0.33333333333333326,0.0
RPS28,0.5382576617386513,1.0,0.0,1.0,0.0
RPS29,0.5143454678132289,0.5566034411856439,0.0,1.0,0.0
RPS3,0.5605961171129021,1.0,0.0,1.0,0.0
RPS4X,0.5618362817164095,1.0,1.0,1.0,0.0
RPS4Y1,0.08037469146323664,1.0,1.0,1.0,0.0
RPS5,0.539725915019019,0.5911765406411915,1.0,1.0,0.0
RPS6,0.5642789371365982,1.0,0.0,1.0,0.0
RPS6KA1,0.5861420298179114,1.0,0.0,0.33333333333333326,0.0
RPS6KA2,0.5655081910217893,1.0,1.0,1.0,0.0
RPS6KA6,0.475035851151539,0.06639999570042224,0.0,1.0,0.0
RPS6KB1,0.5000201756985219,1.0,1.0,0.33333333333333326,0.0
RPS6KB2,0.4613290847696971,1.0,1.0,0.33333333333333326,0.0
RPS6KC1,0.4318948570289612,1.0,0.0,0.33333333333333326,0.0
RPS6KL1,0.39500505768847666,1.0,1.0,1.0,0.0
RPS7,0.4532692518280939,0.11875509229407176,1.0,0.33333333333333326,0.0
RPS8,0.5282322076605127,1.0,0.0,0.33333333333333326,0.0
RPS9,0.5441673550381307,1.0,1.0,1.0,0.0
RPTOR,0.5257548590865979,0.7013804720831975,0.0,1.0,0.0
RPUSD2,0.4663129445273871,1.0,0.0,1.0,0.0
RPUSD4,0.36914871989766584,0.8371173236064967,1.0,1.0,0.0
RRAD,0.5520342423327865,0.7792429629775807,0.0,0.33333333333333326,0.0
RRAGA,0.39780616116175876,1.0,1.0,1.0,0.0
RRAGB,0.33407312433872793,1.0,1.0,1.0,0.0
RRAGD,0.48664684320307394,1.0,1.0,0.33333333333333326,0.0
RRAS,0.5925190698096496,1.0,1.0,1.0,0.0
RRBP1,0.583060248553887,1.0,1.0,1.0,0.0
RREB1,0.5838708254386299,1.0,1.0,1.0,0.0
RRH,0.44516445464761484,1.0,1.0,0.33333333333333326,0.0
RRM1,0.41155708797588486,1.0,1.0,1.0,0.0
RRM2,0.4123689093711805,0.010060107388751656,0.0,1.0,0.0
RRN3,0.5110135108132356,0.6123238527763936,0.0,0.33333333333333326,0.0
RRP1,0.4144819456475385,0.9213867097328965,1.0,0.33333333333333326,0.0
RRP12,0.4070975414288926,0.9806593919525465,1.0,1.0,0.0
RRP15,0.503353091886979,0.2140150669271654,0.0,1.0,0.0
RRP36,0.45529418144446254,1.0,0.0,1.0,0.0
RRP8,0.5250427966084622,1.0,0.0,1.0,0.0
RS1,0.3415594663454069,1.0,0.0,1.0,0.0
RSAD1,0.5669697919600929,1.0,0.0,1.0,0.0
RSAD2,0.35222930303398725,1.0,0.0,1.0,0.0
RSBN1L,0.536592011322612,0.07477360854298531,0.0,0.33333333333333326,0.0
RSF1,0.5212003710081732,0.6699399306569988,0.0,1.0,0.0
RSKR,0.53447805378482,1.0,0.0,1.0,0.0
RSL1D1,0.4391112698498711,1.0,0.0,0.33333333333333326,0.0
RSL24D1,0.4033295591843085,1.0,1.0,1.0,0.0
RSPH1,0.4216033758036323,1.0,0.0,0.33333333333333326,0.0
RSPH10B,0.34399067039468756,0.47891616661725156,0.0,0.33333333333333326,0.0
RSPH14,0.4629965499907835,0.9094805282733255,0.0,0.33333333333333326,0.0
RSPH3,0.40211417334623134,1.0,0.0,0.33333333333333326,0.0
RSPH4A,0.4456407316192974,0.875921105446665,0.0,1.0,0.0
RSPH6A,0.46992620059567725,0.24769810634106637,0.0,1.0,0.0
RSPH9,0.46055798815003046,0.8254754860230703,0.0,0.33333333333333326,0.0
RSPO2,0.3590658238596927,1.0,1.0,1.0,0.0
RSPRY1,0.4438295068836646,1.0,0.0,1.0,0.0
RSRP1,0.5476203243405843,1.0,0.0,0.33333333333333326,0.0
RSU1,0.5178214531439437,1.0,0.0,0.33333333333333326,0.0
RTBDN,0.4822615463871783,1.0,1.0,0.33333333333333326,0.0
RTCA,0.4265315919099451,1.0,1.0,1.0,0.0
RTCB,0.4352117654960958,1.0,0.0,0.33333333333333326,0.0
RTEL1,0.5969939438806467,1.0,0.0,1.0,0.0
RTF1,0.3755871754995918,1.0,0.0,0.33333333333333326,0.0
RTKN,0.5881637560126949,1.0,0.0,1.0,0.0
RTKN2,0.4008156698779758,1.0,1.0,1.0,0.0
RTL10,0.4268036169018466,0.9174422874120598,1.0,1.0,0.0
RTL4,0.44741899318747047,0.6622193566755136,0.0,1.0,0.0
RTL5,0.5089518506583004,1.0,1.0,0.33333333333333326,0.0
RTN1,0.1472145386910871,1.0,1.0,1.0,0.0
RTN2,0.4130146500415924,1.0,0.0,1.0,0.0
RTN3,0.31929257420205254,1.0,1.0,1.0,0.0
RTN4,0.31887727899850143,1.0,1.0,1.0,0.0
RTN4IP1,0.3707394432009861,1.0,1.0,1.0,0.0
RTN4R,0.3458653520930571,1.0,0.0,1.0,0.0
RTN4RL1,0.4248030799321054,1.0,0.0,1.0,0.0
RTP1,0.2613840634365262,1.0,1.0,1.0,0.0
RTP2,0.5169130167256157,0.15543166060284036,1.0,0.33333333333333326,0.0
RTP5,0.5910519537651963,1.0,1.0,1.0,0.0
RTTN,0.4664477107246267,0.2659229002902873,0.0,0.33333333333333326,0.0
RUBCN,0.5213149943973674,0.7122765432720785,1.0,1.0,0.0
RUFY1,0.5691548928153078,1.0,0.0,1.0,0.0
RUFY2,0.40161291455978804,0.7207453798173645,1.0,1.0,0.0
RUFY3,0.353559901420159,1.0,1.0,1.0,0.0
RUFY4,0.4986541286946692,0.5813847677593816,0.0,1.0,0.0
RUNDC1,0.35581790174026207,1.0,0.0,1.0,0.0
RUNDC3A,0.39308174361734993,1.0,1.0,1.0,0.0
RUNDC3B,0.34621478976035713,1.0,1.0,1.0,0.0
RUNX1,0.6668830130026345,1.0,0.0,0.33333333333333326,0.0
RUNX1T1,0.42688293183302456,1.0,0.0,1.0,0.0
RUNX2,0.3878466453896095,0.45243733133477954,1.0,1.0,0.0
RUNX3,0.521153415899753,1.0,1.0,0.33333333333333326,0.0
RUSC1,0.3639816133018978,1.0,1.0,1.0,0.0
RUSF1,0.3507809148101265,0.5404003534153743,1.0,1.0,0.0
RUVBL1,0.4208260101527823,1.0,0.0,1.0,0.0
RUVBL2,0.39858904514091464,1.0,1.0,1.0,0.0
RWDD1,0.5195395711536721,1.0,0.0,1.0,0.0
RWDD2A,0.38801902585562104,1.0,0.0,1.0,0.0
RWDD2B,0.4057394603720699,1.0,0.0,1.0,0.0
RWDD4,0.5667476971829215,1.0,1.0,1.0,0.0
RXFP1,0.3004801034532079,1.0,0.0,0.33333333333333326,0.0
RXFP2,0.4958742231319643,0.7858468614076206,0.0,1.0,0.0
RXFP4,0.4203377120448117,0.5662654641308653,1.0,0.33333333333333326,0.0
RXRA,0.5797411452042192,1.0,1.0,0.33333333333333326,0.0
RXYLT1,0.43737798246947207,0.9748568124366728,0.0,1.0,0.0
RYK,0.5420642688396992,1.0,1.0,1.0,0.0
RYR1,0.6031152915796418,1.0,1.0,1.0,0.0
RYR3,0.5705174690032996,1.0,0.0,1.0,0.0
S100A1,0.551721970660652,0.5991848274374235,0.0,1.0,0.0
S100A10,0.7165784946434346,1.0,1.0,1.0,0.0
S100A11,0.777960954432232,1.0,0.0,1.0,0.0
S100A12,0.8062342268775144,1.0,0.0,1.0,0.0
S100A13,0.5137734103598803,0.16672018602953434,0.0,1.0,0.0
S100A14,0.329231621835075,0.5300579387967633,1.0,1.0,0.0
S100A16,0.549792224626154,1.0,0.0,1.0,0.0
S100A2,0.5045638877911793,0.49589972605129623,0.0,0.33333333333333326,0.0
S100A3,0.5161557281884107,1.0,0.0,1.0,0.0
S100A4,0.632375485922035,1.0,1.0,1.0,0.0
S100A5,0.4413656540749579,1.0,0.0,0.33333333333333326,0.0
S100A6,0.6022761941062892,1.0,0.0,0.33333333333333326,0.0
S100A8,1.0,1.0,0.0,1.0,0.0
S100A9,0.9501504982191242,1.0,0.0,0.33333333333333326,0.0
S100G,0.5163838325344006,1.0,0.0,1.0,0.0
S100P,0.6164603497899449,1.0,1.0,1.0,0.0
S100PBP,0.5360479866190359,1.0,0.0,1.0,0.0
S1PR1,0.6317333894649189,1.0,0.0,1.0,0.0
S1PR2,0.5449103335544495,1.0,0.0,1.0,0.0
S1PR3,0.6257599947383505,0.42440081204984514,0.0,0.33333333333333326,0.0
S1PR4,0.5812670105334156,1.0,1.0,1.0,0.0
SAA1,0.5153030087963971,0.7846346557766128,0.0,1.0,0.0
SACK1C,0.41624699224600104,0.38496060038307406,1.0,1.0,0.0
SACK1F,0.5293461728461534,0.20858728756129594,0.0,1.0,0.0
SACK1G,0.5692064050635739,0.27008557721624754,0.0,0.33333333333333326,0.0
SACK1H,0.4216522102404386,1.0,0.0,1.0,0.0
SACM1L,0.4264023757996603,1.0,0.0,1.0,0.0
SACS,0.37569680142547096,1.0,0.0,1.0,0.0
SAFB,0.46610546112189977,1.0,1.0,0.33333333333333326,0.0
SAFB2,0.6094347934958407,1.0,0.0,0.33333333333333326,0.0
SAGE1,0.5347938328207205,0.5888199853003316,0.0,1.0,0.0
SALL1,0.5879797451849909,1.0,1.0,1.0,0.0
SALL2,0.525617768077694,1.0,0.0,1.0,0.0
SALL3,0.6780800848875252,1.0,1.0,1.0,0.0
SALL4,0.5561667510980456,0.12174088863630635,1.0,1.0,0.0
SAMD1,0.598661391501139,1.0,1.0,1.0,0.0
SAMD11,0.39635624324235297,1.0,1.0,0.33333333333333326,0.0
SAMD12,0.3675070511019831,0.5727541340637888,1.0,1.0,0.0
SAMD13,0.4739537227675089,0.1307890909648911,0.0,0.33333333333333326,0.0
SAMD15,0.45132687276105876,1.0,1.0,0.33333333333333326,0.0
SAMD3,0.44895197010691956,1.0,0.0,1.0,0.0
SAMD4A,0.6309782237393683,1.0,1.0,1.0,0.0
SAMD4B,0.4546353584684686,0.6040166715203938,0.0,0.33333333333333326,0.0
SAMD5,0.47122720670489937,0.7383626645679287,0.0,1.0,0.0
SAMD8,0.4662547915748853,0.4617944218912074,0.0,0.33333333333333326,0.0
SAMD9,0.42916366626003527,0.6180784844314524,0.0,0.33333333333333326,0.0
SAMD9L,0.5534456537359161,1.0,0.0,1.0,0.0
SAMHD1,0.5000026845346393,0.15862936101739836,0.0,1.0,0.0
SAMM50,0.41977801489952754,1.0,0.0,1.0,0.0
SAMSN1,0.6373180855737955,1.0,1.0,1.0,0.0
SAMTOR,0.5331930272441963,1.0,0.0,0.33333333333333326,0.0
SANBR,0.46405271561655503,0.6578271880826041,0.0,0.33333333333333326,0.0
SAP130,0.5374234051301198,0.18177237836375817,0.0,0.33333333333333326,0.0
SAP30,0.5921937527799462,1.0,1.0,1.0,0.0
SAP30BP,0.5394519103285694,1.0,1.0,1.0,0.0
SAP30L,0.5971437206581095,1.0,1.0,1.0,0.0
SAPCD2,0.4608724273871117,0.297860006884284,0.0,1.0,0.0
SAR1A,0.48546766984942996,0.4567496543553449,1.0,0.33333333333333326,0.0
SAR1B,0.5252945110879413,0.24333840502019138,1.0,1.0,0.0
SARAF,0.3413699167886892,1.0,0.0,1.0,0.0
SARNP,0.4535557087029354,1.0,0.0,0.33333333333333326,0.0
SARS1,0.3781128387462704,1.0,1.0,1.0,0.0
SARS2,0.4640799449450916,0.3310862888840272,0.0,1.0,0.0
SART1,0.5175162146220799,1.0,0.0,0.33333333333333326,0.0
SART3,0.46154239704023775,1.0,0.0,1.0,0.0
SASH1,0.6636676363470195,1.0,1.0,1.0,0.0
SASS6,0.5066129809918384,0.13861335379798245,0.0,1.0,0.0
SAT1,0.5343197535092765,1.0,1.0,0.33333333333333326,0.0
SAT2,0.5046646869783094,0.7084125110589063,0.0,0.33333333333333326,0.0
SATB1,0.5042760489609912,0.7091733528540181,0.0,1.0,0.0
SATB2,0.4031775881161608,1.0,0.0,1.0,0.0
SATL1,0.4228985158738418,1.0,0.0,1.0,0.0
SAV1,0.5626928183789011,1.0,1.0,1.0,0.0
SAXO1,0.5597586904497823,0.2437070837491016,1.0,1.0,0.0
SAXO4,0.5898707171435088,0.2572833393414977,0.0,1.0,0.0
SAXO5,0.5153546084061904,0.12778549473610204,1.0,0.33333333333333326,0.0
SAXO6,0.5058784369784789,0.37954136599130084,0.0,0.33333333333333326,0.0
SBDS,0.41414972899867825,1.0,1.0,1.0,0.0
SBF2,0.6004112086092704,1.0,1.0,1.0,0.0
SBK1,0.4025561188698015,1.0,1.0,1.0,0.0
SBNO1,0.4429031334875573,0.947359663946449,1.0,1.0,0.0
SBNO2,0.6612416836621783,1.0,0.0,1.0,0.0
SBSPON,0.5681940993946669,0.8984625652117332,1.0,1.0,0.0
SC5D,0.4083717200307143,0.8245820996545886,1.0,1.0,0.0
SCAF1,0.5215589857395004,0.9679519646875229,0.0,1.0,0.0
SCAF11,0.5781820934736382,1.0,1.0,1.0,0.0
SCAF4,0.4924644510331315,1.0,1.0,0.33333333333333326,0.0
SCAF8,0.4672431602835224,0.5673185280529606,0.0,1.0,0.0
SCAI,0.46420790628554,0.4650391475676605,0.0,0.33333333333333326,0.0
SCAMP1,0.2920637198280212,1.0,1.0,1.0,0.0
SCAMP2,0.5850875030919037,1.0,1.0,1.0,0.0
SCAMP3,0.5288832316455181,1.0,0.0,0.33333333333333326,0.0
SCAMP4,0.5485135385316677,0.8510119007241146,0.0,1.0,0.0
SCAMP5,0.3712622335671751,1.0,1.0,1.0,0.0
SCAND1,0.46904908988350114,0.5243012375617376,0.0,1.0,0.0
SCAND3,0.38280714570978036,1.0,1.0,1.0,0.0
SCAP,0.4571021670925629,1.0,1.0,0.33333333333333326,0.0
SCAPER,0.432749377468584,1.0,0.0,0.33333333333333326,0.0
SCARA3,0.7113389679811417,1.0,1.0,1.0,0.0
SCARA5,0.6046382293541128,1.0,1.0,1.0,0.0
SCARB1,0.5889142864432003,1.0,1.0,1.0,0.0
SCARF1,0.5747896290100676,1.0,0.0,1.0,0.0
SCD,0.4141036616570162,0.7925029308472152,0.0,0.33333333333333326,0.0
SCFD1,0.44890476385364103,1.0,1.0,0.33333333333333326,0.0
SCFD2,0.39821893644493245,1.0,1.0,1.0,0.0
SCG2,0.16525821627370052,1.0,1.0,1.0,0.0
SCG3,0.3082325774088783,1.0,1.0,1.0,0.0
SCG5,0.20725803427176526,1.0,1.0,1.0,0.0
SCGB1A1,0.5775358388050302,1.0,0.0,1.0,0.0
SCGB1D1,0.5333849994571525,0.2704294463577971,1.0,0.33333333333333326,0.0
SCGB1D2,0.6108221103477631,1.0,0.0,0.33333333333333326,0.0
SCGN,0.5786629256242338,1.0,0.0,0.33333333333333326,0.0
SCIMP,0.5250451565278886,1.0,0.0,1.0,0.0
SCIN,0.7865373645122262,1.0,1.0,1.0,0.0
SCLT1,0.40071354154832006,1.0,0.0,0.33333333333333326,0.0
SCLY,0.553719136807437,0.30112724683535974,1.0,1.0,0.0
SCML4,0.45105172973233665,1.0,0.0,0.33333333333333326,0.0
SCN1A,0.4410177776972859,0.27637891237337936,0.0,1.0,0.0
SCN2A,0.26844497367501463,1.0,1.0,1.0,0.0
SCN2B,0.2911195469918621,0.5505709909495028,0.0,0.33333333333333326,0.0
SCN3B,0.16601445518299895,1.0,0.0,1.0,0.0
SCN4B,0.37258712444324427,1.0,1.0,1.0,0.0
SCN5A,0.3545180051368256,1.0,1.0,1.0,0.0
SCN7A,0.45236284817536565,0.6012351112824648,0.0,1.0,0.0
SCN8A,0.2880453514823453,1.0,0.0,1.0,0.0
SCNM1,0.44744485177247706,0.9282379378591781,1.0,0.33333333333333326,0.0
SCNN1B,0.5012315807356561,0.39317518328041096,0.0,0.33333333333333326,0.0
SCO1,0.47098021658186384,1.0,1.0,0.33333333333333326,0.0
SCO2,0.4460590613706272,1.0,0.0,1.0,0.0
SCOC,0.36290232396863953,1.0,0.0,1.0,0.0
SCP2,0.5371352914017543,0.7842135718130794,1.0,1.0,0.0
SCRG1,0.5170316976263707,0.24111605622555518,0.0,1.0,0.0
SCRIB,0.6088173339494177,1.0,1.0,1.0,0.0
SCRN1,0.44680776038244596,1.0,0.0,0.33333333333333326,0.0
SCRN3,0.37789271432254695,1.0,0.0,0.33333333333333326,0.0
SCRT1,0.48928431999362554,0.13067505954152123,1.0,0.33333333333333326,0.0
SCRT2,0.4538158421779147,1.0,0.0,1.0,0.0
SCTR,0.3991256758716502,1.0,1.0,1.0,0.0
SCUBE1,0.3755723470919781,1.0,1.0,1.0,0.0
SCUBE2,0.534655269124248,1.0,0.0,0.33333333333333326,0.0
SCUBE3,0.5322550550909323,1.0,0.0,0.33333333333333326,0.0
SCYL2,0.5037293942218274,0.42038207303133407,0.0,0.33333333333333326,0.0
SCYL3,0.4602666589508931,1.0,0.0,0.33333333333333326,0.0
SDC1,0.39847339963737194,1.0,1.0,1.0,0.0
SDC2,0.6399514617907625,1.0,1.0,1.0,0.0
SDC3,0.5825989589100931,0.2634762323198114,1.0,1.0,0.0
SDC4,0.6448028452819352,1.0,0.0,1.0,0.0
SDCBP,0.5332884693194461,0.5217449844198311,1.0,1.0,0.0
SDCCAG8,0.4616012353668455,0.800829129775096,0.0,1.0,0.0
SDF2,0.5019315294755952,0.5995674365925887,0.0,1.0,0.0
SDF2L1,0.47503219776771527,1.0,1.0,0.33333333333333326,0.0
SDF4,0.5699294964076165,0.7511525379665142,1.0,1.0,0.0
SDHA,0.42907074285018215,0.47041189929313526,1.0,0.33333333333333326,0.0
SDHAF2,0.5034782203617486,0.7119341583348784,0.0,1.0,0.0
SDHAF3,0.4255148748478614,1.0,0.0,0.33333333333333326,0.0
SDHAF4,0.37010265843062445,1.0,0.0,0.33333333333333326,0.0
SDHB,0.38240616047860004,1.0,0.0,1.0,0.0
SDHC,0.4622252264646747,0.7841734653358566,0.0,1.0,0.0
SDHD,0.3954524114729556,1.0,1.0,1.0,0.0
SDK1,0.45181393174736995,1.0,0.0,0.33333333333333326,0.0
SDR16C5,0.29101553339668523,1.0,1.0,1.0,0.0
SDR9C7,0.4031987971493767,0.38125012153383625,1.0,1.0,0.0
SDSL,0.40813288065194425,0.8788933640906952,1.0,1.0,0.0
SEC11A,0.5743800092169082,1.0,1.0,1.0,0.0
SEC11C,0.4521711966908488,0.5410132618445119,0.0,1.0,0.0
SEC14L1,0.5733210042407462,1.0,0.0,0.33333333333333326,0.0
SEC14L2,0.5567136170208921,0.5898449896171425,1.0,1.0,0.0
SEC14L4,0.5859958076572243,1.0,1.0,1.0,0.0
SEC14L5,0.4359903518686177,1.0,0.0,1.0,0.0
SEC16B,0.3401897359638059,1.0,1.0,1.0,0.0
SEC22A,0.4184823293251574,1.0,1.0,1.0,0.0
SEC22B,0.42431543147848827,1.0,1.0,1.0,0.0
SEC22C,0.48106466741016246,1.0,1.0,0.33333333333333326,0.0
SEC23A,0.3078612986392243,1.0,0.0,1.0,0.0
SEC23B,0.4538426830186966,0.984264506110991,0.0,0.33333333333333326,0.0
SEC23IP,0.43994851628421144,1.0,0.0,0.33333333333333326,0.0
SEC24B,0.4987834424092033,0.13886211473120114,0.0,1.0,0.0
SEC24C,0.514629078298467,1.0,0.0,0.33333333333333326,0.0
SEC24D,0.4393181260915933,0.9852957606482552,0.0,0.33333333333333326,0.0
SEC31B,0.4329266108119472,0.9735617524528511,1.0,0.33333333333333326,0.0
SEC61A1,0.5837019170942949,1.0,0.0,1.0,0.0
SEC61A2,0.3537292640545145,1.0,1.0,1.0,0.0
SEC61G,0.3935928602748143,1.0,1.0,1.0,0.0
SEC62,0.44651651124457664,1.0,0.0,1.0,0.0
SEC63,0.38164683118767984,1.0,1.0,1.0,0.0
SECTM1,0.5568150465962458,1.0,1.0,0.33333333333333326,0.0
SEH1L,0.3488779886811735,1.0,1.0,1.0,0.0
SEL1L,0.4558734742695423,0.6310674467038179,0.0,1.0,0.0
SEL1L2,0.466293136066586,1.0,0.0,1.0,0.0
SELE,0.4733355138669548,0.4560945864598965,1.0,0.33333333333333326,0.0
SELENBP1,0.6344196283353359,1.0,1.0,1.0,0.0
SELENOF,0.4553187258273585,0.5419547926857206,0.0,1.0,0.0
SELENOH,0.3594772533842981,1.0,0.0,1.0,0.0
SELENOI,0.3666051462356178,1.0,1.0,1.0,0.0
SELENOK,0.5579835294811137,1.0,1.0,1.0,0.0
SELENON,0.5482817311985226,1.0,0.0,1.0,0.0
SELENOP,0.6764961217518392,1.0,1.0,1.0,0.0
SELENOS,0.5120429653025235,0.854103804923243,0.0,1.0,0.0
SELENOT,0.3633015303639842,1.0,1.0,1.0,0.0
SELENOV,0.4762412444807589,0.030666534209110252,0.0,0.33333333333333326,0.0
SELENOW,0.4514926245348316,1.0,0.0,1.0,0.0
SELL,0.7033351471830335,1.0,1.0,1.0,0.0
SELP,0.578695347932925,1.0,1.0,1.0,0.0
SELPLG,0.566906720787431,1.0,0.0,1.0,0.0
SEM1,0.42880692745290677,1.0,1.0,1.0,0.0
SEMA3A,0.455472956747928,0.2033516630276616,0.0,0.33333333333333326,0.0
SEMA3B,0.5175148132303444,0.15907970138092306,0.0,0.33333333333333326,0.0
SEMA3C,0.5227520541833273,0.4874675476649438,0.0,1.0,0.0
SEMA3D,0.4478878952532518,1.0,1.0,0.33333333333333326,0.0
SEMA3E,0.32781360020173966,1.0,1.0,1.0,0.0
SEMA3F,0.5169475811112261,1.0,1.0,0.33333333333333326,0.0
SEMA3G,0.3973078895953644,1.0,0.0,1.0,0.0
SEMA4A,0.40763983065560294,0.07120798087040418,0.0,1.0,0.0
SEMA4B,0.5317689654856851,1.0,0.0,1.0,0.0
SEMA4C,0.44255470389162166,0.20816298457092414,0.0,0.33333333333333326,0.0
SEMA4F,0.4411140334526825,1.0,0.0,1.0,0.0
SEMA4G,0.5183111327228528,0.7216860440109301,0.0,1.0,0.0
SEMA5A,0.5587843378722812,0.7927330098538459,1.0,0.33333333333333326,0.0
SEMA5B,0.37898251131722155,1.0,0.0,0.33333333333333326,0.0
SEMA6A,0.5095590236914176,0.5645068851387219,0.0,1.0,0.0
SEMA6B,0.4481031064524036,0.6089150437858666,0.0,1.0,0.0
SEMA6D,0.4532225707995424,0.4743788735909332,0.0,1.0,0.0
SEMA7A,0.4585940158583933,1.0,0.0,0.33333333333333326,0.0
SENP2,0.4420918259495769,1.0,0.0,0.33333333333333326,0.0
SENP3,0.38127962422123207,0.5236810657869646,1.0,1.0,0.0
SENP5,0.4465002357886403,1.0,1.0,1.0,0.0
SENP7,0.5022661755999067,0.09634329428041342,0.0,1.0,0.0
SENP8,0.4630070904265315,0.9950171560982478,0.0,0.33333333333333326,0.0
SEPHS2,0.3902490587539358,1.0,1.0,1.0,0.0
SEPSECS,0.5268924896478626,1.0,0.0,0.33333333333333326,0.0
SEPTIN1,0.5514366569546402,1.0,0.0,1.0,0.0
SEPTIN10,0.6295488745008483,1.0,1.0,1.0,0.0
SEPTIN14,0.561293244067121,0.8702092676892732,1.0,1.0,0.0
SEPTIN2,0.5028699808167066,1.0,1.0,0.33333333333333326,0.0
SEPTIN3,0.40512677377810086,0.3247317383720959,0.0,0.33333333333333326,0.0
SEPTIN4,0.37884239903979083,0.09141315767953598,0.0,1.0,0.0
SEPTIN5,0.40407578937699656,1.0,1.0,1.0,0.0
SEPTIN6,0.45458969690356793,1.0,1.0,0.33333333333333326,0.0
SEPTIN7,0.45583331614061745,0.3096228867236549,0.0,0.33333333333333326,0.0
SEPTIN8,0.5998302042218335,1.0,0.0,1.0,0.0
SEPTIN9,0.5297510159942954,0.8621150184365809,0.0,0.33333333333333326,0.0
SERAC1,0.36104845678013253,1.0,1.0,1.0,0.0
SERF1A,0.45572788581052137,1.0,1.0,0.33333333333333326,0.0
SERF1B,0.381135521619846,1.0,0.0,1.0,0.0
SERHL2,0.5607531621763304,1.0,0.0,1.0,0.0
SERINC1,0.385988376821136,1.0,1.0,1.0,0.0
SERINC2,0.5824136821539065,1.0,0.0,1.0,0.0
SERINC3,0.36560401573410756,1.0,0.0,1.0,0.0
SERP1,0.5762421174045439,1.0,0.0,0.33333333333333326,0.0
SERP2,0.4644459001890175,0.6787103717847771,0.0,0.33333333333333326,0.0
SERPINA1,0.5918615104283229,1.0,0.0,1.0,0.0
SERPINA3,0.9823046902785507,1.0,1.0,1.0,0.0
SERPINA5,0.5606850734334179,1.0,1.0,0.33333333333333326,0.0
SERPINA6,0.5318466842597641,1.0,1.0,0.33333333333333326,0.0
SERPINA7,0.5955326446840956,0.3082256533575955,0.0,1.0,0.0
SERPINA9,0.5487709666774682,0.1350971663619518,0.0,0.33333333333333326,0.0
SERPINB1,0.660561982429543,1.0,0.0,1.0,0.0
SERPINB12,0.5671145064980723,0.5445870770300402,0.0,1.0,0.0
SERPINB2,0.48059158382724804,1.0,1.0,0.33333333333333326,0.0
SERPINB3,0.4608251476458177,0.6425134120329513,0.0,1.0,0.0
SERPINB4,0.5770533772298834,0.253031016893345,0.0,0.33333333333333326,0.0
SERPINB6,0.6107351559460736,1.0,1.0,1.0,0.0
SERPINB7,0.44177644298847185,0.5345349553448965,0.0,1.0,0.0
SERPINB8,0.5119168619293183,0.6619597174274046,0.0,1.0,0.0
SERPINB9,0.5281251534196426,0.2168262339423091,0.0,0.33333333333333326,0.0
SERPINC1,0.5676833548147798,0.7422799017311363,1.0,1.0,0.0
SERPIND1,0.6994147015243306,1.0,1.0,1.0,0.0
SERPINE1,0.6171119305350119,1.0,1.0,1.0,0.0
SERPINE2,0.391780883460878,0.33353894402878553,1.0,1.0,0.0
SERPINF1,0.3534042610727666,1.0,0.0,1.0,0.0
SERPINF2,0.5783606778963861,1.0,0.0,0.33333333333333326,0.0
SERPING1,0.6677589050677519,1.0,0.0,0.33333333333333326,0.0
SERPINH1,0.674758439932087,1.0,0.0,1.0,0.0
SERPINI1,0.24097641497732317,1.0,0.0,1.0,0.0
SERTAD1,0.6576432660316903,1.0,1.0,1.0,0.0
SERTAD2,0.5266027630982869,1.0,0.0,1.0,0.0
SERTAD3,0.6268916565655162,1.0,0.0,0.33333333333333326,0.0
SERTAD4,0.38388370653759835,1.0,0.0,1.0,0.0
SESN1,0.55396622905831,1.0,0.0,1.0,0.0
SESN2,0.5338456784931095,0.9210828441795686,0.0,0.33333333333333326,0.0
SESN3,0.5192541070235842,0.3560784030063466,1.0,0.33333333333333326,0.0
SETBP1,0.4600371794102024,0.4278796790862783,0.0,0.33333333333333326,0.0
SETD1A,0.5566899425936607,1.0,0.0,1.0,0.0
SETD1B,0.5696870763122898,0.9800592585510775,1.0,1.0,0.0
SETD4,0.5154718596771337,0.41344497077755954,1.0,0.33333333333333326,0.0
SETD6,0.4438398242763268,0.9785432825599475,0.0,1.0,0.0
SETD7,0.5106854046940613,0.0692576592473183,1.0,0.33333333333333326,0.0
SETD9,0.5076663917244552,0.17254487306669858,1.0,0.33333333333333326,0.0
SETDB1,0.5273190259169949,1.0,0.0,0.33333333333333326,0.0
SETDB2,0.5256025587258205,0.9010870724961925,0.0,1.0,0.0
SETX,0.5437724490503479,0.4225183453571144,1.0,1.0,0.0
SEZ6,0.2962631411989182,1.0,1.0,1.0,0.0
SEZ6L,0.340744467747184,1.0,0.0,1.0,0.0
SEZ6L2,0.25193202048707247,1.0,1.0,1.0,0.0
SF1,0.5290913941464992,0.05198439176672128,0.0,0.33333333333333326,0.0
SF3A2,0.5122462222515608,0.8349625764718702,0.0,0.33333333333333326,0.0
SF3B1,0.4484338861609581,0.1206782566945555,0.0,0.33333333333333326,0.0
SF3B2,0.4779711063838457,1.0,1.0,0.33333333333333326,0.0
SF3B3,0.38766966018062254,0.6133617975459362,1.0,0.33333333333333326,0.0
SF3B4,0.5299474040280835,0.614532087730627,0.0,0.33333333333333326,0.0
SF3B5,0.5092704798561175,1.0,1.0,0.33333333333333326,0.0
SFI1,0.5270016962633802,1.0,0.0,1.0,0.0
SFMBT2,0.3899432411192162,1.0,0.0,0.33333333333333326,0.0
SFN,0.59917333365987,0.5454286442881412,1.0,1.0,0.0
SFPQ,0.3851089550889032,1.0,1.0,1.0,0.0
SFRP1,0.6001792783633693,0.21964583506474133,1.0,1.0,0.0
SFRP2,0.6061742472813406,1.0,0.0,1.0,0.0
SFRP5,0.5657457600511158,0.12214179033683842,0.0,1.0,0.0
SFSWAP,0.5459986569281426,1.0,1.0,1.0,0.0
SFT2D1,0.5653990640150875,1.0,1.0,1.0,0.0
SFT2D2,0.600497604812558,1.0,1.0,1.0,0.0
SFT2D3,0.5381859546518305,0.9507567909638951,1.0,1.0,0.0
SFTA2,0.47423692241395243,0.19959026150373066,0.0,0.33333333333333326,0.0
SFTPB,0.5175041956016204,0.7862352263316826,0.0,0.33333333333333326,0.0
SFTPD,0.4090984816765406,1.0,0.0,0.33333333333333326,0.0
SFXN1,0.39652312138046536,1.0,0.0,1.0,0.0
SFXN2,0.5063709626241991,0.34923403045878065,1.0,0.33333333333333326,0.0
SFXN5,0.5154971207370566,0.3019874213799951,0.0,1.0,0.0
SGCA,0.5352109045952924,1.0,0.0,1.0,0.0
SGCB,0.574826336722531,1.0,1.0,1.0,0.0
SGCD,0.5604487510878189,1.0,0.0,1.0,0.0
SGCG,0.39880457520028206,1.0,0.0,0.33333333333333326,0.0
SGCZ,0.4691940722441319,0.15380376866426387,0.0,1.0,0.0
SGF29,0.5642880098244819,1.0,0.0,1.0,0.0
SGIP1,0.32472485937223006,1.0,0.0,1.0,0.0
SGK1,0.5832444978483609,0.5175606254887691,1.0,1.0,0.0
SGK2,0.37885282789267327,1.0,0.0,0.33333333333333326,0.0
SGK3,0.5555674346019741,1.0,0.0,0.33333333333333326,0.0
SGMS1,0.5582110932805812,1.0,1.0,1.0,0.0
SGMS2,0.507661959408189,1.0,0.0,0.33333333333333326,0.0
SGO2,0.4115244000189426,0.45682173327000586,1.0,1.0,0.0
SGPL1,0.5694792034048886,0.2649006107838853,0.0,1.0,0.0
SGPP1,0.55264509009173,0.4966418618619451,0.0,0.33333333333333326,0.0
SGPP2,0.3683397853649284,1.0,0.0,1.0,0.0
SGSM1,0.4030281204178226,0.7162643041874148,1.0,0.33333333333333326,0.0
SGSM2,0.4319961925101889,0.4751447654299171,1.0,1.0,0.0
SGSM3,0.5145376572430076,0.29304313868559767,1.0,0.33333333333333326,0.0
SGTA,0.5020160459376716,0.7246064610744742,0.0,1.0,0.0
SGTB,0.38415916881402357,1.0,0.0,0.33333333333333326,0.0
SH2B1,0.5753553745449221,0.5394905612782198,1.0,1.0,0.0
SH2B2,0.5636733857065546,1.0,1.0,1.0,0.0
SH2B3,0.5033543550403562,0.4652216193296655,0.0,1.0,0.0
SH2D1A,0.522115304244546,0.168775008394899,1.0,1.0,0.0
SH2D2A,0.5401412204346352,0.5842226632818257,0.0,1.0,0.0
SH2D3C,0.3681859252847203,0.18748599251083092,0.0,1.0,0.0
SH2D4A,0.5613901053831831,0.63662508525102,1.0,1.0,0.0
SH2D4B,0.437287512031357,1.0,0.0,1.0,0.0
SH2D5,0.5200964294750506,1.0,0.0,0.33333333333333326,0.0
SH3BGR,0.4230356051797733,0.59115531077723,1.0,0.33333333333333326,0.0
SH3BGRL,0.45720726260777605,0.4166878601761117,0.0,0.33333333333333326,0.0
SH3BGRL3,0.5511472832186335,1.0,0.0,0.33333333333333326,0.0
SH3BP2,0.6100444586406019,1.0,0.0,1.0,0.0
SH3BP4,0.6784463714598415,1.0,1.0,1.0,0.0
SH3BP5L,0.5084985621906137,0.5150477656225346,0.0,0.33333333333333326,0.0
SH3D21,0.4326261807982829,0.2122410334487088,1.0,1.0,0.0
SH3GL1,0.5034320891100131,0.17383569877627744,0.0,0.33333333333333326,0.0
SH3GL2,0.2185939866779321,1.0,1.0,1.0,0.0
SH3GL3,0.3788159993616222,1.0,0.0,0.33333333333333326,0.0
SH3GLB1,0.5709640601597671,1.0,1.0,1.0,0.0
SH3GLB2,0.4609855171726009,0.6574724925046446,0.0,1.0,0.0
SH3KBP1,0.4263684432626057,1.0,0.0,1.0,0.0
SH3PXD2A,0.45442534772657733,0.23654349099001054,0.0,1.0,0.0
SH3RF1,0.489093494732356,1.0,1.0,0.33333333333333326,0.0
SH3RF2,0.43341779698561894,0.5253290349700851,1.0,1.0,0.0
SH3TC1,0.6645498266115369,1.0,0.0,1.0,0.0
SH3YL1,0.4418600288526821,0.023704628778178343,0.0,0.33333333333333326,0.0
SHANK1,0.4654689451861337,0.19196983991353375,0.0,0.33333333333333326,0.0
SHANK2,0.3374361663448592,0.03589260231316536,0.0,0.33333333333333326,0.0
SHARPIN,0.5052423350846458,0.5274614960437254,0.0,0.33333333333333326,0.0
SHB,0.5534701989194072,1.0,1.0,1.0,0.0
SHC1,0.5975401601791058,1.0,0.0,1.0,0.0
SHC2,0.45329304867782655,0.3411465793081856,1.0,0.33333333333333326,0.0
SHC3,0.44132179810706734,0.6891719033083199,0.0,1.0,0.0
SHC4,0.5206638808217503,0.11609245741635794,0.0,1.0,0.0
SHCBP1,0.43203290123292354,1.0,1.0,1.0,0.0
SHD,0.3932916895571231,1.0,1.0,1.0,0.0
SHE,0.5712740724546769,1.0,0.0,1.0,0.0
SHF,0.44364457039618443,0.7556843270988879,0.0,1.0,0.0
SHFL,0.5104185604281004,0.7447304770479385,0.0,0.33333333333333326,0.0
SHH,0.44253272178423075,0.773223782500564,1.0,0.33333333333333326,0.0
SHISA5,0.5248958264804497,0.022981555095885987,0.0,1.0,0.0
SHKBP1,0.5458815962222653,1.0,1.0,1.0,0.0
SHLD1,0.46697732903638317,0.8490696775122678,0.0,0.33333333333333326,0.0
SHLD2,0.5165207280858358,1.0,0.0,1.0,0.0
SHMT1,0.5399656439536292,1.0,0.0,1.0,0.0
SHMT2,0.5031667820101466,0.11763859371404702,0.0,0.33333333333333326,0.0
SHOX2,0.5487583914736137,0.4750333707639939,1.0,1.0,0.0
SHPK,0.5155470528674213,1.0,0.0,0.33333333333333326,0.0
SHROOM1,0.5548111604739179,1.0,0.0,1.0,0.0
SHROOM2,0.4037553011879942,1.0,0.0,0.33333333333333326,0.0
SHROOM4,0.4696827348827873,0.9616051582595648,1.0,0.33333333333333326,0.0
SIAE,0.41764263455926853,1.0,0.0,1.0,0.0
SIAH1,0.42135763583719743,0.7498100013368715,0.0,1.0,0.0
SIAH2,0.3977043618050854,1.0,1.0,1.0,0.0
SIDT1,0.308201099947315,1.0,0.0,0.33333333333333326,0.0
SIGIRR,0.5734117375330838,1.0,1.0,1.0,0.0
SIGLEC1,0.4473799938876307,1.0,0.0,1.0,0.0
SIGLEC10,0.5813734427890216,1.0,1.0,1.0,0.0
SIGLEC12,0.5102927379251296,1.0,0.0,0.33333333333333326,0.0
SIGLEC14,0.5921142191290651,0.198599847554519,0.0,0.33333333333333326,0.0
SIGLEC5,0.544576780669026,0.9082857070663553,0.0,0.33333333333333326,0.0
SIGLEC7,0.5772646909231263,1.0,0.0,0.33333333333333326,0.0
SIGLEC8,0.525209912088648,1.0,0.0,0.33333333333333326,0.0
SIGLEC9,0.45302181982490985,1.0,1.0,0.33333333333333326,0.0
SIGLECL1,0.5315993380204123,0.15665098170051003,1.0,0.33333333333333326,0.0
SIK1,0.6612170641616044,1.0,1.0,1.0,0.0
SIK2,0.5375639061509717,0.09726584411463245,1.0,1.0,0.0
SIK3,0.454127145175965,0.9254320673224982,0.0,1.0,0.0
SIKE1,0.4370028234283701,1.0,1.0,1.0,0.0
SIL1,0.503088817359535,0.3529383286832785,0.0,1.0,0.0
SIM1,0.47836476290306357,0.12020482813256685,0.0,0.33333333333333326,0.0
SIMC1,0.47098603297413855,0.1791046452871266,0.0,0.33333333333333326,0.0
SIN3A,0.5335273903043644,1.0,0.0,1.0,0.0
SIN3B,0.5975647487186998,1.0,1.0,1.0,0.0
SINHCAF,0.5378226229906474,0.8125437768279757,0.0,1.0,0.0
SIPA1,0.648899941679478,1.0,0.0,1.0,0.0
SIPA1L1,0.47623200360499235,0.518710199692812,1.0,0.33333333333333326,0.0
SIPA1L2,0.3807409942750094,1.0,0.0,1.0,0.0
SIPA1L3,0.5929075011551578,1.0,1.0,1.0,0.0
SIRAL2,0.5847157585685201,1.0,1.0,1.0,0.0
SIRPA,0.5138624896068811,0.8565611527068121,0.0,0.33333333333333326,0.0
SIRPB2,0.5437393168088506,1.0,1.0,1.0,0.0
SIRT1,0.5469653599632134,1.0,0.0,1.0,0.0
SIRT2,0.442686311309747,0.4094414618930558,1.0,0.33333333333333326,0.0
SIRT3,0.43204708115721896,1.0,0.0,1.0,0.0
SIRT4,0.5558093568118976,0.26356793579562876,1.0,1.0,0.0
SIRT5,0.4606468727496083,0.9489477179755579,0.0,0.33333333333333326,0.0
SIRT7,0.5552668625796786,1.0,0.0,1.0,0.0
SIX1,0.6500457374158024,1.0,1.0,1.0,0.0
SIX2,0.5229262764790434,1.0,0.0,0.33333333333333326,0.0
SIX3,0.6165936112307308,1.0,1.0,1.0,0.0
SIX5,0.6326121654394632,1.0,1.0,1.0,0.0
SKA1,0.3850698668531271,0.931481217698269,1.0,1.0,0.0
SKA2,0.3862902701408264,0.907278334459485,1.0,1.0,0.0
SKAP1,0.5104298725973869,0.4339153373629118,1.0,0.33333333333333326,0.0
SKAP2,0.4329487969713775,1.0,0.0,0.33333333333333326,0.0
SKIC3,0.4176546852476045,1.0,1.0,1.0,0.0
SKIC8,0.39072492081409577,1.0,0.0,1.0,0.0
SKIDA1,0.38547792371378947,1.0,1.0,1.0,0.0
SKIL,0.5228132709711664,0.6377770528883348,0.0,1.0,0.0
SKP1,0.38360254523840515,1.0,1.0,1.0,0.0
SKP2,0.5024726600122152,1.0,0.0,0.33333333333333326,0.0
SLA,0.6754622613449809,1.0,0.0,0.33333333333333326,0.0
SLA2,0.5208883114281264,1.0,1.0,0.33333333333333326,0.0
SLAMF1,0.519665289960006,0.13563273260319697,1.0,0.33333333333333326,0.0
SLAMF7,0.5131182832268506,0.884818075075298,0.0,0.33333333333333326,0.0
SLAMF8,0.6126289566295894,1.0,1.0,1.0,0.0
SLBP,0.375702421308932,1.0,1.0,1.0,0.0
SLC10A1,0.5039232293081699,0.07877908525120461,0.0,0.33333333333333326,0.0
SLC10A3,0.5189903947650719,1.0,0.0,1.0,0.0
SLC10A4,0.23465747583106247,1.0,0.0,0.33333333333333326,0.0
SLC10A5,0.4526245316898228,0.9400386267085289,0.0,0.33333333333333326,0.0
SLC11A1,0.6089716008448485,1.0,0.0,1.0,0.0
SLC11A2,0.46535018892394986,0.8919753152640902,1.0,0.33333333333333326,0.0
SLC12A4,0.5911502677121514,1.0,0.0,0.33333333333333326,0.0
SLC12A5,0.333891648798324,1.0,1.0,1.0,0.0
SLC12A6,0.4778702498516151,1.0,1.0,0.33333333333333326,0.0
SLC12A7,0.6038163439496766,1.0,1.0,1.0,0.0
SLC12A8,0.4299463257273341,1.0,0.0,0.33333333333333326,0.0
SLC12A9,0.5704466787370023,1.0,0.0,0.33333333333333326,0.0
SLC13A3,0.5469108074677912,1.0,0.0,0.33333333333333326,0.0
SLC13A4,0.7156909411248102,1.0,1.0,0.33333333333333326,0.0
SLC13A5,0.4578381736103224,0.08758153233519944,0.0,0.33333333333333326,0.0
SLC14A1,0.798363795763158,1.0,0.0,1.0,0.0
SLC14A2,0.47040885895731566,0.25817536202699,0.0,0.33333333333333326,0.0
SLC15A1,0.43352785120141707,0.2164016005790778,1.0,1.0,0.0
SLC15A2,0.6144046642989252,0.7966760463762409,1.0,1.0,0.0
SLC15A3,0.7073145967989614,1.0,1.0,1.0,0.0
SLC15A4,0.5901943417534284,1.0,1.0,1.0,0.0
SLC16A1,0.6615016837239757,1.0,1.0,1.0,0.0
SLC16A10,0.46208553521751894,0.11311595195562439,0.0,1.0,0.0
SLC16A11,0.5097384414223791,0.7305577187729074,0.0,0.33333333333333326,0.0
SLC16A14,0.2774295781507067,1.0,1.0,1.0,0.0
SLC16A2,0.45363365962770513,1.0,0.0,0.33333333333333326,0.0
SLC16A3,0.6377487873817015,1.0,1.0,1.0,0.0
SLC16A4,0.5940249965760358,1.0,1.0,1.0,0.0
SLC16A5,0.5464198087396894,1.0,0.0,0.33333333333333326,0.0
SLC16A7,0.45616121182431224,0.22605082022841003,0.0,0.33333333333333326,0.0
SLC16A8,0.4125544522790142,1.0,0.0,0.33333333333333326,0.0
SLC16A9,0.7127195679856373,1.0,1.0,1.0,0.0
SLC17A2,0.5448843110497927,0.09362756722471575,0.0,1.0,0.0
SLC17A5,0.46199234500007214,0.20751692052045248,1.0,0.33333333333333326,0.0
SLC17A6,0.30506211125558724,0.38285510997751904,0.0,1.0,0.0
SLC17A7,0.4725866159917874,1.0,1.0,0.33333333333333326,0.0
SLC17A8,0.5072048690505151,1.0,1.0,0.33333333333333326,0.0
SLC17A9,0.5599864189683026,1.0,0.0,1.0,0.0
SLC18A1,0.4397911459888792,0.48977343490730374,0.0,0.33333333333333326,0.0
SLC18A3,0.35648675603655766,0.37399501467742247,1.0,0.33333333333333326,0.0
SLC18B1,0.6225856389521971,1.0,1.0,1.0,0.0
SLC19A1,0.526823068829806,1.0,0.0,0.33333333333333326,0.0
SLC19A2,0.5336548505294308,0.21253594698956071,1.0,1.0,0.0
SLC19A3,0.5801751812079449,1.0,0.0,0.33333333333333326,0.0
SLC1A1,0.3973755508155186,1.0,0.0,1.0,0.0
SLC1A3,0.6894898642595091,1.0,0.0,1.0,0.0
SLC1A4,0.5093651958565113,0.17528339660793013,0.0,1.0,0.0
SLC1A5,0.6440335742038978,1.0,0.0,1.0,0.0
SLC1A6,0.4234014525525803,1.0,0.0,1.0,0.0
SLC1A7,0.5288200491294547,1.0,0.0,0.33333333333333326,0.0
SLC20A2,0.5198042932766799,0.7906901486572372,0.0,1.0,0.0
SLC22A1,0.448563083984349,0.8315050695714485,1.0,0.33333333333333326,0.0
SLC22A10,0.3722666394127775,0.6378211216244595,1.0,1.0,0.0
SLC22A11,0.5337275771950525,0.5679390080761851,0.0,1.0,0.0
SLC22A13,0.5289254987089673,0.4218280679974272,0.0,1.0,0.0
SLC22A16,0.5209987336557437,1.0,0.0,1.0,0.0
SLC22A17,0.322129783252006,1.0,1.0,1.0,0.0
SLC22A2,0.6760928720022463,1.0,0.0,0.33333333333333326,0.0
SLC22A23,0.540019560410744,1.0,1.0,1.0,0.0
SLC22A25,0.46659715855367484,0.7301137212647765,0.0,0.33333333333333326,0.0
SLC22A3,0.5752369490694663,1.0,0.0,0.33333333333333326,0.0
SLC22A5,0.5853502318581791,1.0,1.0,1.0,0.0
SLC22A6,0.5751407586669395,1.0,0.0,1.0,0.0
SLC22A8,0.5754878219287146,1.0,0.0,1.0,0.0
SLC22A9,0.41820892066007187,1.0,0.0,0.33333333333333326,0.0
SLC23A1,0.4253801489732414,0.3969510158615771,0.0,0.33333333333333326,0.0
SLC23A3,0.5363987728370123,1.0,0.0,1.0,0.0
SLC24A2,0.4721845975350008,0.12514168926177954,0.0,1.0,0.0
SLC24A3,0.4246281023237767,1.0,0.0,0.33333333333333326,0.0
SLC24A4,0.5173596993274598,0.5255873518023622,0.0,1.0,0.0
SLC24A5,0.4243928336177119,1.0,0.0,1.0,0.0
SLC25A1,0.5340558357614144,1.0,0.0,1.0,0.0
SLC25A11,0.4565882265367367,0.8527519951225951,0.0,1.0,0.0
SLC25A12,0.33946965746891333,1.0,1.0,1.0,0.0
SLC25A13,0.45430954012374697,0.21081130071432758,0.0,0.33333333333333326,0.0
SLC25A14,0.3931706296184249,1.0,0.0,1.0,0.0
SLC25A15,0.3891791843467853,1.0,0.0,0.33333333333333326,0.0
SLC25A16,0.43473385044964413,1.0,0.0,1.0,0.0
SLC25A17,0.41022236991755373,1.0,0.0,0.33333333333333326,0.0
SLC25A18,0.6832417268718884,1.0,1.0,1.0,0.0
SLC25A19,0.5081497376046902,0.6900725612951893,0.0,0.33333333333333326,0.0
SLC25A2,0.47233111486894264,0.24747772305226512,0.0,1.0,0.0
SLC25A20,0.607961624074669,1.0,1.0,1.0,0.0
SLC25A22,0.44754159465793286,0.44554597616431907,0.0,1.0,0.0
SLC25A25,0.4031549613899993,1.0,0.0,1.0,0.0
SLC25A26,0.40378432812008175,1.0,1.0,1.0,0.0
SLC25A27,0.31138985527158697,1.0,0.0,1.0,0.0
SLC25A28,0.5020136627154832,1.0,1.0,0.33333333333333326,0.0
SLC25A29,0.5883799031033212,1.0,1.0,1.0,0.0
SLC25A3,0.3610234393072146,1.0,1.0,1.0,0.0
SLC25A30,0.5734678734445201,1.0,0.0,1.0,0.0
SLC25A32,0.4234855835366248,1.0,0.0,1.0,0.0
SLC25A33,0.43244092088772795,1.0,0.0,0.33333333333333326,0.0
SLC25A34,0.5414658941426547,1.0,0.0,1.0,0.0
SLC25A35,0.5430061262456564,1.0,0.0,1.0,0.0
SLC25A37,0.5245640400045178,0.5367612456809461,0.0,1.0,0.0
SLC25A38,0.5129275780710564,1.0,0.0,1.0,0.0
SLC25A39,0.557605033718763,1.0,0.0,0.33333333333333326,0.0
SLC25A4,0.31278391544744627,1.0,1.0,1.0,0.0
SLC25A40,0.35217158633914886,1.0,0.0,1.0,0.0
SLC25A41,0.4912191557892256,1.0,1.0,0.33333333333333326,0.0
SLC25A43,0.5663126454403977,1.0,0.0,0.33333333333333326,0.0
SLC25A44,0.4158057682404128,1.0,1.0,1.0,0.0
SLC25A46,0.38191315027502226,1.0,0.0,1.0,0.0
SLC25A5,0.37596709005454526,1.0,1.0,1.0,0.0
SLC25A53,0.4696702121568285,0.38880513913576903,0.0,1.0,0.0
SLC25A6,0.42204770092099464,1.0,0.0,1.0,0.0
SLC26A1,0.5236777022166762,1.0,0.0,0.33333333333333326,0.0
SLC26A11,0.4994632447221504,0.401438923599353,0.0,0.33333333333333326,0.0
SLC26A2,0.6353301669013292,1.0,0.0,1.0,0.0
SLC26A4,0.43662977088135074,1.0,0.0,1.0,0.0
SLC26A6,0.6336174983300458,1.0,0.0,0.33333333333333326,0.0
SLC26A9,0.569292556805131,1.0,0.0,0.33333333333333326,0.0
SLC27A1,0.5835536959490055,1.0,1.0,1.0,0.0
SLC27A2,0.3741660332715855,1.0,0.0,0.33333333333333326,0.0
SLC27A3,0.5597448592071648,1.0,0.0,0.33333333333333326,0.0
SLC27A4,0.29134082398304545,1.0,1.0,1.0,0.0
SLC27A5,0.5140327235107731,0.2174199831622029,1.0,0.33333333333333326,0.0
SLC28A1,0.40936453237664966,0.11350503310239299,1.0,1.0,0.0
SLC28A2,0.48394177207212513,0.23712555803111504,0.0,0.33333333333333326,0.0
SLC28A3,0.582578554188451,0.29861043417507505,0.0,0.33333333333333326,0.0
SLC29A2,0.5027547422882982,0.9159638980018895,0.0,1.0,0.0
SLC29A4,0.579085642352322,0.5788512077896844,1.0,1.0,0.0
SLC2A1,0.6325004597843837,1.0,1.0,1.0,0.0
SLC2A11,0.400969308244898,1.0,0.0,0.33333333333333326,0.0
SLC2A12,0.5643111099143232,0.7745578946207027,1.0,1.0,0.0
SLC2A13,0.34700294489648253,1.0,0.0,1.0,0.0
SLC2A14,0.5347267288476207,0.0983126050814981,0.0,0.33333333333333326,0.0
SLC2A2,0.471755897694092,0.20498225704404535,0.0,0.33333333333333326,0.0
SLC2A4,0.41734111593488993,0.5312601927685069,1.0,0.33333333333333326,0.0
SLC2A4RG,0.5393303387986704,1.0,0.0,0.33333333333333326,0.0
SLC2A5,0.6805559052126597,1.0,1.0,1.0,0.0
SLC2A6,0.46457948852320513,0.05183711672742192,0.0,0.33333333333333326,0.0
SLC2A7,0.5567811631313587,0.19526977728264347,1.0,1.0,0.0
SLC2A8,0.46837445855746074,0.14414131068339808,0.0,1.0,0.0
SLC2A9,0.44570738982375047,1.0,1.0,0.33333333333333326,0.0
SLC30A1,0.6206006735817851,1.0,1.0,1.0,0.0
SLC30A10,0.4360403128341995,1.0,0.0,1.0,0.0
SLC30A3,0.25649755202717567,1.0,1.0,1.0,0.0
SLC30A5,0.38087736686359447,1.0,1.0,1.0,0.0
SLC30A6,0.46479004338174734,0.8636768152365902,1.0,0.33333333333333326,0.0
SLC30A9,0.36625076261723105,1.0,1.0,1.0,0.0
SLC31A1,0.47128138521949203,1.0,1.0,0.33333333333333326,0.0
SLC32A1,0.1870844748133893,1.0,1.0,1.0,0.0
SLC33A1,0.4659869217804518,0.02585987711634098,0.0,0.33333333333333326,0.0
SLC33A2,0.4275525218722543,1.0,0.0,0.33333333333333326,0.0
SLC34A1,0.37252382921840405,0.3135818522054097,0.0,0.33333333333333326,0.0
SLC34A2,0.4965493707780474,0.6594880714764214,0.0,1.0,0.0
SLC34A3,0.47857670257505297,0.11079175485396388,0.0,0.33333333333333326,0.0
SLC35A1,0.44489176400276265,0.3005369867158753,1.0,1.0,0.0
SLC35A2,0.4586361187937663,1.0,1.0,0.33333333333333326,0.0
SLC35A4,0.534184502742723,1.0,0.0,1.0,0.0
SLC35B1,0.416102450814875,1.0,0.0,0.33333333333333326,0.0
SLC35B4,0.3958475994246072,1.0,0.0,1.0,0.0
SLC35C1,0.41415258257505744,1.0,0.0,1.0,0.0
SLC35D2,0.468127092117576,0.7619879314124939,1.0,0.33333333333333326,0.0
SLC35D3,0.4987142215549149,1.0,0.0,0.33333333333333326,0.0
SLC35E1,0.3879747814760321,0.915092154217157,0.0,1.0,0.0
SLC35E3,0.3980505949661215,1.0,0.0,0.33333333333333326,0.0
SLC35E4,0.46941915165182435,0.43123931942588145,0.0,0.33333333333333326,0.0
SLC35F1,0.4436291449218079,0.5428139383724665,0.0,0.33333333333333326,0.0
SLC35F2,0.5467363226725356,1.0,1.0,1.0,0.0
SLC35F3,0.6239264596756723,1.0,1.0,0.33333333333333326,0.0
SLC35F4,0.4151152153258993,1.0,0.0,1.0,0.0
SLC35F5,0.5587229007520331,0.62078668829417,1.0,1.0,0.0
SLC35F6,0.4423135857532543,0.448512366271554,0.0,0.33333333333333326,0.0
SLC35G2,0.4613448536579467,0.47046237772970106,0.0,0.33333333333333326,0.0
SLC35G3,0.5383438523313822,0.7602714847305332,0.0,1.0,0.0
SLC35G5,0.3528864769615723,0.5510593183804926,1.0,0.33333333333333326,0.0
SLC35G6,0.4565761022302774,0.3185312008342682,1.0,0.33333333333333326,0.0
SLC35H1,0.4618647559385101,0.5996620685321966,0.0,0.33333333333333326,0.0
SLC36A2,0.5710091912729859,0.0322047895277454,0.0,1.0,0.0
SLC36A3,0.46776536436001326,0.1322662687857712,0.0,1.0,0.0
SLC36A4,0.5699854761630136,0.1496538713831993,0.0,0.33333333333333326,0.0
SLC37A1,0.5116170729094817,0.5977537415845606,0.0,1.0,0.0
SLC37A2,0.5061227867757405,0.20748332089392396,0.0,1.0,0.0
SLC37A3,0.4440356677288259,1.0,0.0,0.33333333333333326,0.0
SLC38A10,0.5090376657287352,1.0,0.0,1.0,0.0
SLC38A12,0.5372734418112655,1.0,0.0,0.33333333333333326,0.0
SLC38A2,0.6988900301640575,1.0,1.0,1.0,0.0
SLC38A3,0.5086945299465592,0.4332393100555349,0.0,0.33333333333333326,0.0
SLC38A4,0.5678288871455456,0.44509463703492413,1.0,1.0,0.0
SLC38A5,0.3869673426838249,0.09673099030181864,0.0,0.33333333333333326,0.0
SLC38A6,0.5035043379806042,0.355174894868335,0.0,1.0,0.0
SLC38A9,0.4586346882008934,0.5956067496851057,0.0,1.0,0.0
SLC39A1,0.6769517634930791,1.0,1.0,1.0,0.0
SLC39A10,0.2987853120542417,1.0,0.0,1.0,0.0
SLC39A11,0.6349538460428423,1.0,1.0,1.0,0.0
SLC39A12,0.7377460954253411,1.0,1.0,1.0,0.0
SLC39A13,0.43310262123511484,0.686108542116842,1.0,0.33333333333333326,0.0
SLC39A14,0.5359372619727215,0.48274884450063116,0.0,0.33333333333333326,0.0
SLC39A2,0.5180044181718507,0.10232794741090905,1.0,0.33333333333333326,0.0
SLC39A3,0.4145546415686879,1.0,0.0,0.33333333333333326,0.0
SLC39A6,0.4262343546494768,1.0,0.0,1.0,0.0
SLC39A7,0.41252236304456164,0.35648601909137656,0.0,1.0,0.0
SLC39A8,0.6242996787014347,1.0,1.0,1.0,0.0
SLC39A9,0.37496718453285044,1.0,0.0,0.33333333333333326,0.0
SLC3A2,0.5678001658577534,1.0,0.0,0.33333333333333326,0.0
SLC40A1,0.5653974602250074,1.0,1.0,0.33333333333333326,0.0
SLC41A1,0.5711694764218846,0.1626802976167767,0.0,1.0,0.0
SLC41A2,0.45620299348099924,0.4522129609172359,0.0,1.0,0.0
SLC41A3,0.42699147856537273,1.0,1.0,1.0,0.0
SLC43A1,0.42853036436482855,1.0,1.0,0.33333333333333326,0.0
SLC43A3,0.6335858400106735,1.0,0.0,0.33333333333333326,0.0
SLC44A1,0.5676189391115953,1.0,1.0,1.0,0.0
SLC44A2,0.5852629224382004,1.0,1.0,1.0,0.0
SLC44A3,0.6594008412772574,1.0,0.0,1.0,0.0
SLC44A5,0.42553196864668935,1.0,0.0,1.0,0.0
SLC45A1,0.339757105336559,1.0,1.0,1.0,0.0
SLC45A2,0.5200982393766393,0.5024915644552356,0.0,1.0,0.0
SLC45A3,0.5633876838199949,0.4482061270138352,0.0,0.33333333333333326,0.0
SLC45A4,0.506560437335126,0.3629360617455159,0.0,1.0,0.0
SLC46A1,0.4491540755333665,1.0,0.0,0.33333333333333326,0.0
SLC46A2,0.3916242892624292,1.0,1.0,1.0,0.0
SLC46A3,0.5553979564236244,1.0,0.0,0.33333333333333326,0.0
SLC47A2,0.6616568586581406,1.0,0.0,0.33333333333333326,0.0
SLC48A1,0.5217741299429604,0.45536491629841913,0.0,1.0,0.0
SLC49A3,0.49558187139455323,0.41159281824261984,0.0,1.0,0.0
SLC49A4,0.44125559595248504,0.713017869617905,0.0,0.33333333333333326,0.0
SLC4A10,0.1363400052137018,1.0,0.0,1.0,0.0
SLC4A11,0.7133515386328175,1.0,1.0,1.0,0.0
SLC4A1AP,0.3514791937454884,1.0,1.0,1.0,0.0
SLC4A2,0.6085091398880932,1.0,1.0,1.0,0.0
SLC4A4,0.5901234620555009,0.7905467309772497,1.0,1.0,0.0
SLC4A5,0.4499431403324035,0.4985707932399131,1.0,0.33333333333333326,0.0
SLC4A7,0.454080835196367,0.7512871996631596,1.0,0.33333333333333326,0.0
SLC4A8,0.3633452569588609,1.0,1.0,1.0,0.0
SLC4A9,0.503137462538328,0.34992524314128987,0.0,0.33333333333333326,0.0
SLC50A1,0.5541663868136186,1.0,0.0,1.0,0.0
SLC51A,0.5449801893775873,1.0,0.0,1.0,0.0
SLC52A2,0.5374237756360157,0.9069128592000955,1.0,1.0,0.0
SLC52A3,0.7453723467758199,1.0,1.0,1.0,0.0
SLC5A1,0.5405494283731559,0.26232626799546305,0.0,1.0,0.0
SLC5A10,0.5362241722230798,0.8681467744871934,0.0,0.33333333333333326,0.0
SLC5A11,0.5747183899619097,1.0,0.0,1.0,0.0
SLC5A2,0.41324995773446005,0.06444395906829482,0.0,0.33333333333333326,0.0
SLC5A3,0.5989253366375414,1.0,1.0,1.0,0.0
SLC5A5,0.5496144163939127,0.8072227046209722,1.0,1.0,0.0
SLC5A7,0.5987395661538225,0.20652208668943936,0.0,1.0,0.0
SLC5A8,0.38004762083529936,1.0,1.0,1.0,0.0
SLC60A1,0.2952220077474208,1.0,1.0,1.0,0.0
SLC60A2,0.4727719026746409,0.2852701428364419,0.0,0.33333333333333326,0.0
SLC61A1,0.553696215493612,0.2393282449250029,0.0,1.0,0.0
SLC66A1,0.43592393240243443,0.3803589417172226,1.0,0.33333333333333326,0.0
SLC66A2,0.4175895154327063,1.0,1.0,1.0,0.0
SLC66A3,0.5378021060610073,1.0,0.0,1.0,0.0
SLC67A1,0.4346665090057959,1.0,0.0,0.33333333333333326,0.0
SLC67A2,0.4362998331275344,1.0,0.0,0.33333333333333326,0.0
SLC6A12,0.6775538516994313,1.0,1.0,1.0,0.0
SLC6A13,0.5459833277885502,1.0,0.0,1.0,0.0
SLC6A15,0.44680101629545976,0.14275631670120226,0.0,1.0,0.0
SLC6A16,0.5685004828929935,1.0,0.0,1.0,0.0
SLC6A17,0.3845707323033926,0.22573286259451072,0.0,0.33333333333333326,0.0
SLC6A2,0.4123222521157512,0.793367414819081,1.0,0.33333333333333326,0.0
SLC6A20,0.7565281661791392,1.0,1.0,1.0,0.0
SLC6A5,0.3983974774728538,1.0,1.0,1.0,0.0
SLC6A7,0.35411509310115524,1.0,1.0,1.0,0.0
SLC6A8,0.5578171526267126,1.0,0.0,0.33333333333333326,0.0
SLC6A9,0.5787784444874112,0.6233511773472702,1.0,1.0,0.0
SLC71A2,0.5721159563019123,1.0,0.0,1.0,0.0
SLC75A1,0.5157617848412286,1.0,0.0,0.33333333333333326,0.0
SLC7A11,0.6215892299667811,1.0,1.0,1.0,0.0
SLC7A14,0.41248157804599145,1.0,0.0,0.33333333333333326,0.0
SLC7A2,0.6044395540777219,0.33595610180707375,1.0,1.0,0.0
SLC7A3,0.44375191743664866,0.41475030582135675,0.0,1.0,0.0
SLC7A4,0.4291182189879156,1.0,0.0,1.0,0.0
SLC7A5,0.549316673012167,1.0,0.0,1.0,0.0
SLC7A7,0.6462904494455444,1.0,0.0,1.0,0.0
SLC7A9,0.5959878965440245,1.0,1.0,1.0,0.0
SLC8A2,0.3095147449247968,1.0,1.0,1.0,0.0
SLC8A3,0.3546682008745064,0.9370478355720943,1.0,1.0,0.0
SLC8B1,0.5469454045192624,1.0,0.0,1.0,0.0
SLC9A1,0.4517900572825507,1.0,0.0,0.33333333333333326,0.0
SLC9A2,0.394783207361266,0.18290277114171272,0.0,0.33333333333333326,0.0
SLC9A3,0.4685779750675509,0.508807893550554,0.0,1.0,0.0
SLC9A4,0.5137343034308159,0.18474499838758254,0.0,0.33333333333333326,0.0
SLC9A5,0.5183614999002615,1.0,0.0,0.33333333333333326,0.0
SLC9A6,0.383249416205178,1.0,1.0,1.0,0.0
SLC9A7,0.4492300318412425,1.0,0.0,1.0,0.0
SLC9A8,0.5397805915065946,0.2698879768660271,1.0,1.0,0.0
SLC9A9,0.6333925928880894,1.0,0.0,0.33333333333333326,0.0
SLC9B2,0.5446194482732223,1.0,0.0,1.0,0.0
SLC9C2,0.5745984753530102,1.0,1.0,1.0,0.0
SLC9D1,0.5191690090400306,0.16367572482165102,1.0,0.33333333333333326,0.0
SLCO1A2,0.6408620757810811,1.0,1.0,1.0,0.0
SLCO1C1,0.4372462227406614,0.09594060029886001,0.0,0.33333333333333326,0.0
SLCO2A1,0.44192670207426293,0.41717746953816914,0.0,0.33333333333333326,0.0
SLCO2B1,0.5968642183670315,1.0,0.0,1.0,0.0
SLCO3A1,0.5312574405993589,1.0,0.0,1.0,0.0
SLCO4A1,0.9097255265038799,1.0,1.0,1.0,0.0
SLCO4C1,0.5339636258640988,1.0,1.0,0.33333333333333326,0.0
SLCO5A1,0.5040085976808786,0.45068212335790986,1.0,0.33333333333333326,0.0
SLF1,0.37072603513641195,1.0,0.0,0.33333333333333326,0.0
SLF2,0.4434575777879181,0.2055579978344491,0.0,1.0,0.0
SLFN11,0.682177436060209,1.0,1.0,1.0,0.0
SLFN12,0.5288153272552796,1.0,0.0,1.0,0.0
SLFNL1,0.5745204709165469,1.0,0.0,1.0,0.0
SLIRP,0.4547421122865832,0.6273666030067453,0.0,1.0,0.0
SLIT1,0.4277189470334834,0.8305743672067654,0.0,0.33333333333333326,0.0
SLIT2,0.4149621897031794,1.0,0.0,1.0,0.0
SLITRK1,0.35575634830277075,1.0,0.0,0.33333333333333326,0.0
SLITRK3,0.37176381280567883,1.0,0.0,1.0,0.0
SLITRK4,0.3179295975345271,1.0,1.0,1.0,0.0
SLITRK5,0.31641237150960316,1.0,0.0,1.0,0.0
SLK,0.4951696321100858,0.5980916368688969,1.0,0.33333333333333326,0.0
SLMAP,0.5113340532029979,1.0,0.0,1.0,0.0
SLN,0.09297114181848401,1.0,0.0,1.0,0.0
SLPI,0.6217375131524275,1.0,1.0,1.0,0.0
SLTM,0.5372266701351942,1.0,1.0,1.0,0.0
SLU7,0.4381667542963159,0.6514930924092015,1.0,1.0,0.0
SLURP1,0.4978623456939014,0.861854302721607,0.0,1.0,0.0
SLX4,0.43647429965727214,1.0,0.0,1.0,0.0
SLX4IP,0.5461019939371717,0.7919021579584641,1.0,1.0,0.0
SLX9,0.45314178661959054,1.0,0.0,0.33333333333333326,0.0
SMAD1,0.6212536984309696,1.0,1.0,1.0,0.0
SMAD2,0.5234098994544997,1.0,0.0,1.0,0.0
SMAD4,0.6279925376919137,1.0,1.0,1.0,0.0
SMAD5,0.5084628250745074,0.815521636354918,0.0,0.33333333333333326,0.0
SMAD6,0.6644769521899274,1.0,1.0,1.0,0.0
SMAD7,0.575045240702472,1.0,1.0,1.0,0.0
SMAD9,0.6010451770821541,1.0,0.0,0.33333333333333326,0.0
SMAP1,0.46315173089354034,1.0,1.0,0.33333333333333326,0.0
SMAP2,0.32543863537021267,1.0,1.0,1.0,0.0
SMARCA1,0.5863144527751314,0.9318960289754958,1.0,1.0,0.0
SMARCA2,0.3703291871725718,1.0,1.0,1.0,0.0
SMARCA4,0.4089843861504243,1.0,0.0,0.33333333333333326,0.0
SMARCA5,0.4357746706235178,1.0,1.0,1.0,0.0
SMARCC1,0.6490973758752324,1.0,1.0,1.0,0.0
SMARCC2,0.4650326908544588,0.18100190185288534,1.0,0.33333333333333326,0.0
SMARCD1,0.5089027300363349,0.3861255541351181,0.0,1.0,0.0
SMARCD2,0.5211078625968857,1.0,0.0,1.0,0.0
SMARCD3,0.5339159032323605,0.4478868616994955,1.0,1.0,0.0
SMARCE1,0.4941584100423889,1.0,1.0,0.33333333333333326,0.0
SMC1A,0.5583468793096038,0.2676094458118728,0.0,0.33333333333333326,0.0
SMC2,0.4485299005917879,0.1575189237072384,0.0,1.0,0.0
SMC3,0.5539027878037323,1.0,0.0,0.33333333333333326,0.0
SMC5,0.5491771586047222,1.0,1.0,1.0,0.0
SMCHD1,0.5691103316037499,1.0,0.0,0.33333333333333326,0.0
SMCO4,0.5575864037012974,1.0,0.0,1.0,0.0
SMG1,0.5229475152273335,0.24837040796143287,0.0,1.0,0.0
SMG5,0.5603720862756486,1.0,1.0,1.0,0.0
SMG8,0.5031055686626545,0.8092246125902024,1.0,0.33333333333333326,0.0
SMG9,0.5378667842548259,0.8453254034661459,1.0,0.33333333333333326,0.0
SMIM12,0.3812765418452554,1.0,1.0,1.0,0.0
SMIM14,0.4025004858465548,1.0,1.0,1.0,0.0
SMIM15,0.4697353596128714,0.9224970695564162,1.0,0.33333333333333326,0.0
SMIM19,0.49902810281628035,1.0,1.0,0.33333333333333326,0.0
SMIM26,0.45754529528230314,1.0,0.0,0.33333333333333326,0.0
SMIM29,0.46329432623041783,1.0,0.0,0.33333333333333326,0.0
SMIM7,0.5461751957045754,1.0,0.0,0.33333333333333326,0.0
SMIM8,0.40842230838898325,1.0,0.0,0.33333333333333326,0.0
SMN1,0.4007388808771527,1.0,0.0,0.33333333333333326,0.0
SMN2,0.4230761121702602,1.0,0.0,1.0,0.0
SMNDC1,0.5141316285663423,0.6953787476951176,0.0,1.0,0.0
SMO,0.6554666391536353,1.0,1.0,1.0,0.0
SMOC1,0.6139954578618466,1.0,1.0,1.0,0.0
SMOC2,0.5782935316614598,0.09766747011274916,0.0,1.0,0.0
SMPD2,0.5561339360437246,1.0,1.0,1.0,0.0
SMPD3,0.43077219833451375,1.0,0.0,0.33333333333333326,0.0
SMPD4,0.5529058463288724,1.0,0.0,1.0,0.0
SMPDL3B,0.3552613000738365,0.4078760353113268,1.0,1.0,0.0
SMPX,0.37383439624999415,1.0,0.0,1.0,0.0
SMR3A,0.49795954179884305,1.0,0.0,1.0,0.0
SMS,0.37703343803503503,1.0,0.0,1.0,0.0
SMTN,0.6188728343430904,1.0,0.0,0.33333333333333326,0.0
SMTNL2,0.5849076503359689,1.0,0.0,1.0,0.0
SMU1,0.4373740389209656,0.5881905345527026,1.0,1.0,0.0
SMUG1,0.4301488329530309,1.0,0.0,1.0,0.0
SMURF1,0.3770899208668728,0.16948817402387836,0.0,1.0,0.0
SMURF2,0.5697220334032417,1.0,1.0,1.0,0.0
SMYD1,0.493088603260266,0.5539058518771107,1.0,0.33333333333333326,0.0
SMYD2,0.32486517748802846,1.0,0.0,1.0,0.0
SMYD3,0.34504457157654794,1.0,0.0,0.33333333333333326,0.0
SMYD4,0.4639780226731657,0.9933391251853461,1.0,0.33333333333333326,0.0
SMYD5,0.499484643906888,0.5190824401318673,0.0,1.0,0.0
SNAI1,0.5315060298123737,0.8551575885068892,0.0,1.0,0.0
SNAI2,0.5860195345979231,1.0,0.0,1.0,0.0
SNAI3,0.629253610793821,0.36250938066857646,0.0,1.0,0.0
SNAP23,0.621345779717395,1.0,1.0,1.0,0.0
SNAP25,0.15892487629251828,1.0,1.0,1.0,0.0
SNAP29,0.4320134061848972,1.0,0.0,0.33333333333333326,0.0
SNAP47,0.3734851612565893,1.0,1.0,1.0,0.0
SNAP91,0.21366205016166173,1.0,1.0,1.0,0.0
SNAPC2,0.5376546436459558,1.0,0.0,0.33333333333333326,0.0
SNAPC4,0.4727261938604303,0.1706104014313624,0.0,1.0,0.0
SNAPC5,0.34419834439813496,1.0,0.0,1.0,0.0
SNAPIN,0.46216827744394107,0.3223969039409211,0.0,1.0,0.0
SNCA,0.2964131722477871,1.0,1.0,1.0,0.0
SNCAIP,0.5433222372382057,1.0,0.0,1.0,0.0
SNCB,0.5640865189563998,1.0,0.0,0.33333333333333326,0.0
SNCG,0.32786788240656295,1.0,1.0,1.0,0.0
SNED1,0.49482929119945357,1.0,1.0,0.33333333333333326,0.0
SNF8,0.4190225494043137,0.47601079983791134,1.0,1.0,0.0
SNIP1,0.5254783008420546,0.5398550978130497,1.0,0.33333333333333326,0.0
SNN,0.3918215961566154,1.0,1.0,1.0,0.0
SNORC,0.5266344193195609,0.40533162644772647,0.0,0.33333333333333326,0.0
SNPH,0.5742608440358725,0.12055213264911764,0.0,1.0,0.0
SNRK,0.39726491165281047,1.0,1.0,1.0,0.0
SNRNP200,0.46171026544455646,1.0,1.0,0.33333333333333326,0.0
SNRNP25,0.4216495171380395,1.0,0.0,1.0,0.0
SNRNP35,0.5297952390981787,1.0,0.0,0.33333333333333326,0.0
SNRNP40,0.43056502527026114,0.27263504543233874,1.0,1.0,0.0
SNRNP48,0.5743717155196544,1.0,0.0,1.0,0.0
SNRNP70,0.41165813488534525,1.0,1.0,0.33333333333333326,0.0
SNRPA,0.5269718892074974,1.0,0.0,0.33333333333333326,0.0
SNRPA1,0.37245639963295035,1.0,1.0,1.0,0.0
SNRPB,0.4128745171421956,0.8202546342320483,1.0,1.0,0.0
SNRPB2,0.442059105972652,1.0,0.0,1.0,0.0
SNRPC,0.45770889499064565,1.0,0.0,1.0,0.0
SNRPD1,0.4103382477312817,1.0,0.0,0.33333333333333326,0.0
SNRPD2,0.4427744593075258,0.8001126691761338,1.0,1.0,0.0
SNRPE,0.4513381403577013,1.0,0.0,1.0,0.0
SNRPG,0.5228925271873464,1.0,0.0,0.33333333333333326,0.0
SNRPN,0.3796313187332484,1.0,1.0,1.0,0.0
SNTA1,0.6366163723640864,1.0,1.0,1.0,0.0
SNTB1,0.5237326700714408,0.1548815623256634,0.0,1.0,0.0
SNTG1,0.4507246230468203,1.0,0.0,1.0,0.0
SNTG2,0.457258718094576,0.3373455535672083,0.0,0.33333333333333326,0.0
SNU13,0.3510693233722222,1.0,1.0,1.0,0.0
SNUPN,0.4967854448472561,1.0,1.0,0.33333333333333326,0.0
SNURF,0.37298752160099335,1.0,1.0,1.0,0.0
SNW1,0.5253119205130482,0.10933984720048684,0.0,1.0,0.0
SNX10,0.2595545591663491,1.0,1.0,1.0,0.0
SNX11,0.4946063105264518,0.1654132560934217,0.0,1.0,0.0
SNX13,0.5832860443296415,0.1797874576117895,0.0,0.33333333333333326,0.0
SNX15,0.5120383490768644,0.5840396539722478,0.0,1.0,0.0
SNX16,0.509602619278773,0.3457088303454682,0.0,1.0,0.0
SNX17,0.496542441568316,1.0,1.0,0.33333333333333326,0.0
SNX18,0.42391897750736013,1.0,1.0,0.33333333333333326,0.0
SNX19,0.5418276783570986,0.838585682600212,1.0,1.0,0.0
SNX2,0.5180585143385742,0.3728867216107802,1.0,0.33333333333333326,0.0
SNX20,0.5897546444503914,0.3164199948998957,0.0,1.0,0.0
SNX21,0.5600630328797612,0.23804913992452145,0.0,1.0,0.0
SNX22,0.473506364884115,1.0,1.0,0.33333333333333326,0.0
SNX24,0.4381448100702013,1.0,0.0,1.0,0.0
SNX27,0.45535457287668996,0.29081368178965117,0.0,0.33333333333333326,0.0
SNX29,0.6039397172901299,1.0,1.0,1.0,0.0
SNX3,0.3839151856687466,1.0,0.0,0.33333333333333326,0.0
SNX30,0.43396654071587404,1.0,0.0,1.0,0.0
SNX31,0.5107910917439594,0.2965271444623098,0.0,1.0,0.0
SNX32,0.5356533698004868,1.0,0.0,0.33333333333333326,0.0
SNX33,0.5919404736476185,1.0,1.0,1.0,0.0
SNX4,0.41131630681791953,1.0,0.0,1.0,0.0
SNX5,0.5875864439072894,1.0,1.0,1.0,0.0
SNX6,0.5505221556087708,1.0,0.0,1.0,0.0
SNX8,0.40120334139622976,1.0,1.0,1.0,0.0
SNX9,0.6119745818975117,0.30297547740418546,0.0,1.0,0.0
SOAT1,0.63809887507995,1.0,1.0,1.0,0.0
SOBP,0.3329681704625329,1.0,0.0,0.33333333333333326,0.0
SOCS1,0.5099758169294791,0.9770678621726773,0.0,0.33333333333333326,0.0
SOCS3,0.4348752451051301,1.0,1.0,0.33333333333333326,0.0
SOCS4,0.6185944679418521,1.0,1.0,1.0,0.0
SOCS5,0.4427166290550751,0.04654796383962223,0.0,1.0,0.0
SOCS6,0.47187558013127145,1.0,1.0,0.33333333333333326,0.0
SOD1,0.4046458515184015,1.0,1.0,1.0,0.0
SOD2,0.6614226525443119,1.0,0.0,0.33333333333333326,0.0
SOD3,0.6403904671488009,1.0,0.0,1.0,0.0
SON,0.4628965746965311,0.09071095189442671,0.0,0.33333333333333326,0.0
SORBS1,0.5736860740535141,1.0,0.0,0.33333333333333326,0.0
SORBS3,0.5968806795370419,1.0,1.0,1.0,0.0
SORCS1,0.3419628457760523,1.0,1.0,1.0,0.0
SORCS3,0.3253713755235326,1.0,0.0,0.33333333333333326,0.0
SORD,0.45218429363283924,0.39189497489544106,0.0,1.0,0.0
SORL1,0.40943564947589867,1.0,1.0,1.0,0.0
SORT1,0.5627997330482515,1.0,0.0,0.33333333333333326,0.0
SOS2,0.5650224422760095,1.0,1.0,1.0,0.0
SOST,0.47729384752268117,1.0,1.0,0.33333333333333326,0.0
SOSTDC1,0.5654701446183372,0.3066307221517038,0.0,0.33333333333333326,0.0
SOWAHA,0.4888549066446272,1.0,1.0,0.33333333333333326,0.0
SOWAHB,0.19474019317436858,1.0,0.0,1.0,0.0
SOWAHC,0.6310898288135955,1.0,1.0,1.0,0.0
SOWAHD,0.5614764098701234,0.7900277019696308,1.0,1.0,0.0
SOX1,0.4338953615319491,0.5821653655003081,0.0,0.33333333333333326,0.0
SOX10,0.5863246638070742,1.0,0.0,1.0,0.0
SOX11,0.3960633834065295,1.0,0.0,0.33333333333333326,0.0
SOX12,0.5527530508005666,1.0,0.0,1.0,0.0
SOX13,0.5854858634142751,1.0,1.0,1.0,0.0
SOX14,0.6013308116769266,0.2711392616798963,0.0,1.0,0.0
SOX15,0.5236497341126138,0.6206392343973768,0.0,0.33333333333333326,0.0
SOX18,0.5557881565481566,1.0,0.0,0.33333333333333326,0.0
SOX2,0.6307985665513774,1.0,0.0,1.0,0.0
SOX21,0.47039881562728725,0.5239605581327799,0.0,0.33333333333333326,0.0
SOX3,0.49633180266126337,0.8988762135634115,1.0,0.33333333333333326,0.0
SOX4,0.4898046742966232,0.7612369969460046,1.0,0.33333333333333326,0.0
SOX5,0.5859974712188133,0.16129174627833454,0.0,1.0,0.0
SOX6,0.5500400762661661,0.2276031201854416,1.0,0.33333333333333326,0.0
SOX7,0.5907772043874949,1.0,1.0,1.0,0.0
SOX8,0.5744012288274423,1.0,0.0,1.0,0.0
SOX9,0.6518117300640789,1.0,1.0,1.0,0.0
SP1,0.5787293255385018,0.9103028410909121,1.0,1.0,0.0
SP100,0.5289672491404447,1.0,1.0,0.33333333333333326,0.0
SP110,0.5749733367960529,1.0,0.0,1.0,0.0
SP140,0.5517731682475365,0.6428530365309274,1.0,1.0,0.0
SP4,0.45585445922096784,0.638825055048733,0.0,0.33333333333333326,0.0
SP5,0.5675579809766975,0.5526855756192381,1.0,0.33333333333333326,0.0
SP8,0.3468339814478607,1.0,0.0,1.0,0.0
SPA17,0.4486769688260496,1.0,1.0,0.33333333333333326,0.0
SPACA4,0.5010068117899285,0.8745561407393578,0.0,1.0,0.0
SPACA9,0.41968375386971857,1.0,0.0,0.33333333333333326,0.0
SPAG1,0.5234133968903494,1.0,0.0,1.0,0.0
SPAG16,0.4343092885578526,1.0,1.0,1.0,0.0
SPAG17,0.524241858754546,1.0,0.0,1.0,0.0
SPAG5,0.6039679670133322,1.0,1.0,1.0,0.0
SPAG6,0.3698683600382564,1.0,0.0,0.33333333333333326,0.0
SPAG7,0.4074471029593786,1.0,1.0,1.0,0.0
SPAG9,0.5493691169720722,1.0,1.0,1.0,0.0
SPANXA1,0.565728752812836,0.15415401618887317,0.0,0.33333333333333326,0.0
SPANXB1,0.501769462794953,0.47327952718693755,0.0,1.0,0.0
SPANXD,0.5323264204905535,1.0,0.0,1.0,0.0
SPARC,0.6292272496719552,1.0,0.0,1.0,0.0
SPART,0.6147604818048544,1.0,1.0,1.0,0.0
SPAST,0.45727519190181126,0.2287054742910715,0.0,1.0,0.0
SPATA13,0.5928426512750473,1.0,1.0,1.0,0.0
SPATA16,0.5214019402619793,1.0,0.0,0.33333333333333326,0.0
SPATA17,0.5253557848185795,0.3840418269840255,0.0,1.0,0.0
SPATA19,0.40684029260524823,1.0,1.0,1.0,0.0
SPATA2,0.4647285454603145,0.40073857111526506,0.0,0.33333333333333326,0.0
SPATA20,0.5193623634407334,0.4429755586055058,0.0,0.33333333333333326,0.0
SPATA21,0.524225973760165,0.3379391937188855,0.0,0.33333333333333326,0.0
SPATA2L,0.3720251005153228,1.0,1.0,1.0,0.0
SPATA31A7,0.4193495476940298,1.0,0.0,0.33333333333333326,0.0
SPATA31H1,0.4648598338410348,0.5523812322170678,0.0,0.33333333333333326,0.0
SPATA32,0.4141534614032287,0.14039571573726176,0.0,1.0,0.0
SPATA33,0.5931629197494857,1.0,1.0,1.0,0.0
SPATA45,0.4667315130984907,0.2056804829623665,0.0,0.33333333333333326,0.0
SPATA6,0.5010835782661102,0.15023665047712265,0.0,1.0,0.0
SPATA7,0.36780948641557154,1.0,0.0,0.33333333333333326,0.0
SPATA9,0.4743842043413762,0.20882050339979016,0.0,1.0,0.0
SPATC1,0.5859737195777934,0.19044300216133134,0.0,0.33333333333333326,0.0
SPATS1,0.45983687433683845,0.39752458411683017,0.0,1.0,0.0
SPATS2,0.3770235346109919,1.0,1.0,1.0,0.0
SPC24,0.4241862742922428,0.44630175993448357,0.0,1.0,0.0
SPC25,0.41936118803850775,0.38695965120629616,1.0,1.0,0.0
SPCS1,0.38216665596230215,1.0,1.0,1.0,0.0
SPCS2,0.45446454792350033,0.5625985260082808,0.0,1.0,0.0
SPDEF,0.44939296233559783,1.0,0.0,0.33333333333333326,0.0
SPDL1,0.451749267420717,0.773142124896572,0.0,0.33333333333333326,0.0
SPDYA,0.6061081045970319,0.4249448899195062,0.0,0.33333333333333326,0.0
SPDYE1,0.42921333831278674,0.7986369890924947,1.0,0.33333333333333326,0.0
SPECC1,0.43791703048852937,0.7754628828695387,0.0,1.0,0.0
SPECC1L,0.5785113320440596,1.0,1.0,1.0,0.0
SPEF1,0.32111828583549745,1.0,0.0,0.33333333333333326,0.0
SPEF2,0.5588427951271862,1.0,0.0,0.33333333333333326,0.0
SPEG,0.3972289494252059,0.5189243934341169,0.0,0.33333333333333326,0.0
SPEN,0.5792804758195523,1.0,1.0,1.0,0.0
SPG11,0.5069653491113405,0.6993714341377086,0.0,0.33333333333333326,0.0
SPG21,0.5913643958570218,1.0,1.0,1.0,0.0
SPG7,0.41718382535391346,0.9362412540477307,1.0,1.0,0.0
SPHK1,0.5362523139399414,1.0,0.0,1.0,0.0
SPHK2,0.5074097736919717,0.36918841021199533,0.0,1.0,0.0
SPI1,0.5322383908477432,1.0,0.0,1.0,0.0
SPIB,0.5104037809945576,0.19452302591772663,0.0,1.0,0.0
SPIC,0.5610559958446886,0.10937971386917521,0.0,1.0,0.0
SPICE1,0.49992698620262555,0.5225661475994264,0.0,1.0,0.0
SPIDR,0.43339850048183715,0.21780716444692896,0.0,0.33333333333333326,0.0
SPIN1,0.4599044363098705,0.6427338146041839,0.0,1.0,0.0
SPIN2A,0.4282772886929461,1.0,1.0,1.0,0.0
SPIN3,0.4391538688297197,1.0,0.0,1.0,0.0
SPIN4,0.4424880921647412,0.9338578264634084,0.0,0.33333333333333326,0.0
SPINK2,0.37784493020497323,1.0,0.0,0.33333333333333326,0.0
SPINK8,0.5773192240384357,1.0,0.0,0.33333333333333326,0.0
SPINT2,0.3311649329227901,1.0,1.0,1.0,0.0
SPINT4,0.47225945942833925,0.15277266047922794,0.0,0.33333333333333326,0.0
SPIRE2,0.3948882469532077,1.0,1.0,1.0,0.0
SPMIP2,0.4713728868361519,0.6472791594254441,0.0,0.33333333333333326,0.0
SPMIP4,0.6037355807613856,1.0,1.0,1.0,0.0
SPMIP5,0.359962615937218,0.3446584762222471,1.0,1.0,0.0
SPMIP6,0.40080342015774434,1.0,0.0,1.0,0.0
SPMIP9,0.5023283267794187,0.528353096838654,0.0,0.33333333333333326,0.0
SPN,0.4710259243328681,1.0,1.0,0.33333333333333326,0.0
SPNS1,0.46019349867241444,0.5571899038624153,1.0,0.33333333333333326,0.0
SPNS3,0.5417499551458462,1.0,0.0,1.0,0.0
SPOCD1,0.51769733810402,0.7400064574685051,0.0,0.33333333333333326,0.0
SPOCK1,0.3959123609050936,0.14895624522141415,0.0,0.33333333333333326,0.0
SPOCK2,0.3601981442041598,0.3795960718453123,0.0,1.0,0.0
SPOCK3,0.39290079004870176,0.6070504488680505,0.0,0.33333333333333326,0.0
SPON1,0.5893492617101066,1.0,1.0,1.0,0.0
SPOP,0.4983580943918934,0.39286044944364523,0.0,0.33333333333333326,0.0
SPOPL,0.5371664841280279,0.07721209233928286,0.0,1.0,0.0
SPOUT1,0.5283704301161651,1.0,0.0,1.0,0.0
SPP1,0.7648596558919505,1.0,1.0,1.0,0.0
SPP2,0.4011276476756817,0.5407648503906295,1.0,1.0,0.0
SPPL2A,0.5920725863361558,1.0,1.0,1.0,0.0
SPPL2C,0.4639651524978185,0.45621689856307013,0.0,0.33333333333333326,0.0
SPR,0.6792807374132481,1.0,1.0,1.0,0.0
SPRED1,0.40538038156633427,1.0,1.0,1.0,0.0
SPRED2,0.4282179242790843,1.0,0.0,1.0,0.0
SPRING1,0.4574013134023937,0.9622380766676221,0.0,1.0,0.0
SPRN,0.45962914163095026,1.0,1.0,0.33333333333333326,0.0
SPRR1A,0.5375803487128099,0.7965023512967205,1.0,1.0,0.0
SPRR1B,0.47024522737005947,1.0,1.0,0.33333333333333326,0.0
SPRR2A,0.5482225595258203,0.22179786201695614,0.0,1.0,0.0
SPRR2D,0.39390945791747684,0.1186392094812257,0.0,0.33333333333333326,0.0
SPRY1,0.5469524132444596,0.029347808024506566,0.0,1.0,0.0
SPRY2,0.40762920054344337,0.8418371053735909,1.0,1.0,0.0
SPRY3,0.5101566010240325,1.0,0.0,0.33333333333333326,0.0
SPRY4,0.35104212279530794,1.0,0.0,0.33333333333333326,0.0
SPRYD3,0.3726499421788273,1.0,1.0,1.0,0.0
SPRYD4,0.4558487140350921,1.0,0.0,0.33333333333333326,0.0
SPRYD7,0.3515865831707549,1.0,0.0,1.0,0.0
SPSB1,0.5990435685918735,1.0,0.0,1.0,0.0
SPSB2,0.5529618739625374,0.48281951976179427,1.0,1.0,0.0
SPSB4,0.4536832709645688,0.31771969788981735,0.0,1.0,0.0
SPTAN1,0.4048065939380678,0.8379110855772455,1.0,1.0,0.0
SPTB,0.5721958498768238,0.8452779370338164,1.0,1.0,0.0
SPTBN1,0.4094769794044409,0.8670597084994889,0.0,1.0,0.0
SPTBN5,0.520673488847949,0.3901562147523235,0.0,0.33333333333333326,0.0
SPTLC1,0.474359619402889,1.0,1.0,0.33333333333333326,0.0
SPTLC3,0.756948943282266,1.0,0.0,0.33333333333333326,0.0
SPTSSA,0.6194847382535049,1.0,1.0,1.0,0.0
SPTY2D1,0.4518808044016353,1.0,0.0,1.0,0.0
SPX,0.6110889201278278,0.20677379207043659,1.0,1.0,0.0
SQLE,0.4197779353243184,1.0,0.0,1.0,0.0
SQOR,0.6591354159537409,1.0,0.0,0.33333333333333326,0.0
SRA1,0.48337289606042155,1.0,1.0,0.33333333333333326,0.0
SRARP,0.6916373728573925,1.0,1.0,1.0,0.0
SRBD1,0.5601536721303877,0.04246992023095472,0.0,0.33333333333333326,0.0
SRC,0.503096456029045,0.13111069702527897,0.0,0.33333333333333326,0.0
SRCAP,0.3766849036659629,1.0,1.0,1.0,0.0
SRCIN1,0.4501238686722986,0.902849290343832,0.0,0.33333333333333326,0.0
SRD5A1,0.3175853417925375,1.0,1.0,1.0,0.0
SRD5A3,0.44783738714861593,1.0,1.0,0.33333333333333326,0.0
SREBF1,0.6140979720301153,0.75564324845849,1.0,1.0,0.0
SREBF2,0.4541341190461668,1.0,0.0,1.0,0.0
SREK1,0.5986802955398195,1.0,1.0,1.0,0.0
SREK1IP1,0.5241690578121689,1.0,0.0,1.0,0.0
SRF,0.42328748290104257,1.0,1.0,1.0,0.0
SRFBP1,0.4356025749386222,1.0,0.0,1.0,0.0
SRGAP1,0.6197190238935203,1.0,0.0,1.0,0.0
SRGAP3,0.4083998293779552,1.0,1.0,1.0,0.0
SRGN,0.8194316119137698,1.0,1.0,1.0,0.0
SRL,0.5100689314835901,0.7902390493052172,0.0,0.33333333333333326,0.0
SRM,0.40144418597548376,1.0,0.0,1.0,0.0
SRP19,0.3939470306912694,1.0,1.0,1.0,0.0
SRP54,0.4291242559469818,1.0,1.0,1.0,0.0
SRP68,0.4461170398837762,1.0,0.0,0.33333333333333326,0.0
SRP72,0.4397768751650151,1.0,0.0,1.0,0.0
SRPK1,0.42625884945460235,1.0,0.0,1.0,0.0
SRPK2,0.4093971965797914,1.0,0.0,1.0,0.0
SRPK3,0.5808702485692927,1.0,1.0,1.0,0.0
SRPRB,0.4295274149966906,1.0,0.0,1.0,0.0
SRPX,0.6280760960104347,1.0,0.0,1.0,0.0
SRPX2,0.6753769460208213,1.0,0.0,1.0,0.0
SRR,0.45067733894571554,0.9697065384231826,0.0,1.0,0.0
SRRM1,0.4239010042075299,0.8702137897948615,0.0,1.0,0.0
SRRM2,0.5137570449045074,1.0,1.0,0.33333333333333326,0.0
SRRT,0.5029669425529184,1.0,1.0,0.33333333333333326,0.0
SRSF1,0.528534097320243,1.0,0.0,0.33333333333333326,0.0
SRSF10,0.5551451568494974,1.0,0.0,0.33333333333333326,0.0
SRSF12,0.3654610154758215,1.0,0.0,1.0,0.0
SRSF2,0.42909786835847386,1.0,1.0,1.0,0.0
SRSF3,0.5090381498838572,0.7874257843112493,0.0,0.33333333333333326,0.0
SRSF4,0.5454257144452979,1.0,1.0,1.0,0.0
SRSF5,0.3915892802945002,1.0,1.0,1.0,0.0
SRSF6,0.4880343872221437,0.3931033295218346,1.0,0.33333333333333326,0.0
SRSF8,0.4532584331374735,1.0,0.0,0.33333333333333326,0.0
SRSF9,0.48985443549544194,1.0,1.0,0.33333333333333326,0.0
SS18,0.4892408913777169,0.6009532969778286,1.0,0.33333333333333326,0.0
SSB,0.3855150297845363,1.0,1.0,1.0,0.0
SSBP1,0.4196089008130912,1.0,1.0,1.0,0.0
SSBP2,0.42438507921385377,1.0,1.0,1.0,0.0
SSBP4,0.35567199162328866,0.5354675804652645,1.0,1.0,0.0
SSC4D,0.25426194466017465,0.5848570199680794,0.0,1.0,0.0
SSH2,0.5856344463065286,1.0,1.0,1.0,0.0
SSH3,0.4832547585795966,1.0,1.0,0.33333333333333326,0.0
SSMEM1,0.5050919817184826,0.8923557002718415,0.0,0.33333333333333326,0.0
SSPN,0.6393381880706223,1.0,1.0,1.0,0.0
SSR1,0.5551584545366143,1.0,0.0,1.0,0.0
SSR4,0.4659590020450393,0.5359073837009906,0.0,0.33333333333333326,0.0
SSRP1,0.47210531880917767,0.7537494431442741,1.0,0.33333333333333326,0.0
SST,0.08480669972293366,1.0,1.0,1.0,0.0
SSTR1,0.3738075433531207,0.5503361687387882,1.0,1.0,0.0
SSTR2,0.39701446447736094,0.46470084027698044,0.0,0.33333333333333326,0.0
SSTR3,0.4113090256539433,0.3480409132929893,0.0,0.33333333333333326,0.0
SSTR5,0.5442637920180343,0.3026470188232379,1.0,1.0,0.0
SSU72,0.4977813955799713,0.3948320195540941,0.0,0.33333333333333326,0.0
SSX1,0.4617933189039971,0.6247393440747803,0.0,0.33333333333333326,0.0
SSX2,0.45994692607501414,0.28289905501735474,0.0,0.33333333333333326,0.0
SSX2IP,0.3842823739136103,0.5071657748223177,1.0,1.0,0.0
ST13,0.46740479759784254,0.23614203634180062,1.0,0.33333333333333326,0.0
ST14,0.5688530920906425,0.2720451887661236,1.0,1.0,0.0
ST3GAL1,0.561999072257477,0.7693350692703703,1.0,1.0,0.0
ST3GAL3,0.4269760460680265,1.0,0.0,1.0,0.0
ST3GAL4,0.5225320204134086,0.8366848060009221,0.0,0.33333333333333326,0.0
ST3GAL6,0.463342548184634,0.4830230573745498,0.0,1.0,0.0
ST6GAL1,0.593135121031045,1.0,1.0,1.0,0.0
ST6GAL2,0.47229225123027485,0.3186924654458602,0.0,0.33333333333333326,0.0
ST6GALNAC2,0.4800970972917536,1.0,1.0,0.33333333333333326,0.0
ST6GALNAC3,0.6310301783952075,1.0,1.0,1.0,0.0
ST6GALNAC6,0.4691013416463181,0.06087254437931135,0.0,1.0,0.0
ST7,0.5086575821181616,1.0,0.0,1.0,0.0
ST7L,0.5177769347782382,1.0,0.0,1.0,0.0
ST8SIA3,0.25516511870993963,1.0,1.0,1.0,0.0
ST8SIA5,0.35254823860479945,1.0,1.0,1.0,0.0
STAB1,0.6649045278435295,1.0,0.0,0.33333333333333326,0.0
STAC,0.45345588717816876,0.7247202466117444,0.0,0.33333333333333326,0.0
STAC3,0.5607806294462616,1.0,1.0,1.0,0.0
STAG1,0.5277901460497681,0.7188080243925425,0.0,1.0,0.0
STAG2,0.5727977948234378,1.0,1.0,1.0,0.0
STAM,0.37669150306939214,1.0,0.0,1.0,0.0
STAM2,0.5083264763647821,0.9100546112826395,0.0,1.0,0.0
STAMBPL1,0.3464983260610151,1.0,0.0,1.0,0.0
STAP2,0.45045390867298196,1.0,0.0,1.0,0.0
STAR,0.3075397444487913,1.0,0.0,0.33333333333333326,0.0
STARD10,0.5934387882057338,1.0,1.0,1.0,0.0
STARD13,0.6190586022222297,0.2612946337115365,0.0,1.0,0.0
STARD3,0.5500048662030935,1.0,0.0,0.33333333333333326,0.0
STARD3NL,0.42687849772650427,1.0,0.0,1.0,0.0
STARD5,0.4705473407106766,0.4861776724928298,0.0,0.33333333333333326,0.0
STARD6,0.4971771654156577,1.0,1.0,0.33333333333333326,0.0
STARD7,0.5477694826124533,1.0,1.0,1.0,0.0
STARD8,0.6326328709739542,1.0,0.0,0.33333333333333326,0.0
STARD9,0.5485672344629102,1.0,0.0,1.0,0.0
STAT1,0.5081245319675082,0.16387430297173575,0.0,0.33333333333333326,0.0
STAT2,0.45927920152992263,1.0,1.0,0.33333333333333326,0.0
STAT3,0.633926470922606,1.0,0.0,1.0,0.0
STAT4,0.26790233648479056,1.0,1.0,1.0,0.0
STAT5A,0.517768851247371,1.0,1.0,0.33333333333333326,0.0
STAT5B,0.5763346543182465,1.0,1.0,1.0,0.0
STAT6,0.5753018537697767,1.0,1.0,1.0,0.0
STAU1,0.5169838787951152,1.0,0.0,1.0,0.0
STAU2,0.4037512231891949,1.0,0.0,1.0,0.0
STBD1,0.40464367072369906,1.0,0.0,0.33333333333333326,0.0
STC1,0.6102489418691147,1.0,0.0,1.0,0.0
STC2,0.49791901638262526,0.18494568953304524,0.0,0.33333333333333326,0.0
STEAP1,0.3754642868346731,0.7888299722494572,1.0,1.0,0.0
STEAP2,0.43544440355522235,1.0,0.0,1.0,0.0
STEAP3,0.636928819563227,1.0,0.0,1.0,0.0
STEAP4,0.5229920657786189,0.27410254429154524,0.0,0.33333333333333326,0.0
STEEP1,0.5143980742644354,0.922627720018653,1.0,0.33333333333333326,0.0
STIL,0.4636290981814251,0.3765037533055257,0.0,0.33333333333333326,0.0
STIM1,0.4649194172280552,0.11175991160198769,0.0,0.33333333333333326,0.0
STING1,0.5263910252753038,1.0,0.0,0.33333333333333326,0.0
STIP1,0.5413416588053013,1.0,0.0,0.33333333333333326,0.0
STK10,0.5524379198022117,1.0,0.0,1.0,0.0
STK11,0.5606938241015097,1.0,0.0,0.33333333333333326,0.0
STK11IP,0.5386667397857792,1.0,0.0,0.33333333333333326,0.0
STK16,0.45063671452294607,0.7118664698889366,0.0,1.0,0.0
STK17A,0.521242148439363,1.0,0.0,0.33333333333333326,0.0
STK17B,0.5895090977784728,1.0,0.0,0.33333333333333326,0.0
STK25,0.4219220086240335,1.0,1.0,1.0,0.0
STK3,0.6318644813658975,1.0,0.0,1.0,0.0
STK32B,0.5734624329497345,0.3421609317256036,0.0,0.33333333333333326,0.0
STK32C,0.27996346937982014,1.0,1.0,1.0,0.0
STK33,0.5676094355100952,1.0,0.0,1.0,0.0
STK36,0.5655652036721527,1.0,0.0,0.33333333333333326,0.0
STK38,0.6136706420719314,1.0,0.0,1.0,0.0
STK38L,0.587853578302213,0.6598765755776114,1.0,1.0,0.0
STK39,0.40688240545603727,1.0,0.0,1.0,0.0
STK4,0.547573638451623,1.0,0.0,0.33333333333333326,0.0
STK40,0.40234026296950937,1.0,1.0,0.33333333333333326,0.0
STMN1,0.3440339100966411,1.0,1.0,1.0,0.0
STMN2,0.2220053514796516,1.0,1.0,1.0,0.0
STMN3,0.30808126963274485,1.0,1.0,1.0,0.0
STMN4,0.36272930390470676,1.0,1.0,1.0,0.0
STMND1,0.4636517358640984,0.413074738568254,0.0,1.0,0.0
STN1,0.4163120704533592,1.0,1.0,1.0,0.0
STOM,0.6824796893159829,1.0,0.0,1.0,0.0
STOML1,0.3974333264970031,1.0,0.0,1.0,0.0
STOML2,0.44528531608537913,1.0,0.0,1.0,0.0
STOML3,0.4915354968263551,0.2474951639733826,0.0,0.33333333333333326,0.0
STON1,0.6338481910457695,1.0,1.0,1.0,0.0
STON2,0.6217601149365388,1.0,1.0,1.0,0.0
STOX1,0.5794836920441195,1.0,1.0,1.0,0.0
STOX2,0.388913717749518,1.0,1.0,1.0,0.0
STPG1,0.346525940914745,0.41524233746996064,0.0,0.33333333333333326,0.0
STRA6,0.5719320774469621,0.7154955260066177,1.0,1.0,0.0
STRA8,0.45218417943797656,0.8717614648298391,0.0,0.33333333333333326,0.0
STRAP,0.41930533718979685,1.0,0.0,1.0,0.0
STRBP,0.3915939740124826,1.0,0.0,1.0,0.0
STRIP1,0.3915752479055821,1.0,1.0,0.33333333333333326,0.0
STRIP2,0.3561526819952223,1.0,1.0,1.0,0.0
STRN,0.5298170740422737,0.20775513265994666,0.0,1.0,0.0
STS,0.4672651956747563,0.3996353696672607,0.0,1.0,0.0
STT3A,0.5887781831140712,1.0,1.0,1.0,0.0
STT3B,0.5769565278268411,1.0,0.0,1.0,0.0
STUB1,0.3883277558344085,1.0,0.0,0.33333333333333326,0.0
STUM,0.3021523111051953,1.0,0.0,0.33333333333333326,0.0
STX10,0.5472717192265274,1.0,1.0,1.0,0.0
STX11,0.6938782329797963,1.0,0.0,1.0,0.0
STX12,0.40767477862187906,1.0,0.0,0.33333333333333326,0.0
STX16,0.4761140776140765,1.0,1.0,0.33333333333333326,0.0
STX18,0.4516740318786936,1.0,0.0,1.0,0.0
STX19,0.43076180654766544,1.0,0.0,1.0,0.0
STX1A,0.3434431153151763,1.0,0.0,1.0,0.0
STX1B,0.3947353551837339,0.34324660563390014,1.0,1.0,0.0
STX4,0.38112349319040334,1.0,1.0,0.33333333333333326,0.0
STX5,0.5456553309519367,0.825084749014956,1.0,1.0,0.0
STX6,0.42996819322970586,1.0,0.0,1.0,0.0
STX7,0.4525510415667832,0.32597675574245333,0.0,0.33333333333333326,0.0
STX8,0.5192008413610096,1.0,1.0,0.33333333333333326,0.0
STXBP1,0.30697819424103434,1.0,1.0,1.0,0.0
STXBP2,0.5327674264850445,1.0,0.0,1.0,0.0
STXBP3,0.5491857389884555,0.7692683236851793,1.0,1.0,0.0
STXBP4,0.5973624856600497,1.0,0.0,1.0,0.0
STXBP5,0.34783693421328293,1.0,0.0,1.0,0.0
STXBP5L,0.34310297685423125,1.0,1.0,1.0,0.0
STXBP6,0.39442162900996536,1.0,0.0,1.0,0.0
STYK1,0.2092926212387328,1.0,0.0,1.0,0.0
STYX,0.5078901745691586,1.0,0.0,0.33333333333333326,0.0
STYXL1,0.5269481057305057,1.0,0.0,1.0,0.0
STYXL2,0.3138101702975054,1.0,1.0,1.0,0.0
SUB1,0.3283204937747905,1.0,0.0,1.0,0.0
SUCLA2,0.4419130927081889,1.0,0.0,1.0,0.0
SUCLG1,0.44487613201023823,0.8586658337396613,1.0,1.0,0.0
SUCLG2,0.5405492785180307,1.0,0.0,0.33333333333333326,0.0
SUCNR1,0.5070475146984675,0.8456654296391446,1.0,0.33333333333333326,0.0
SUCO,0.5218401318424307,1.0,0.0,0.33333333333333326,0.0
SUDS3,0.3773459954293134,1.0,1.0,1.0,0.0
SUGP2,0.36745902278718123,0.5523946446610449,0.0,0.33333333333333326,0.0
SULF1,0.5272969803907452,0.07318134486813517,0.0,0.33333333333333326,0.0
SULF2,0.45536091512176496,0.5111302753725423,0.0,0.33333333333333326,0.0
SULT1A1,0.4509745783964285,0.6276515008888279,1.0,1.0,0.0
SULT1A3,0.5857201823976276,0.8156824262928618,1.0,1.0,0.0
SULT1B1,0.6302294615942063,1.0,0.0,1.0,0.0
SULT1C2,0.5324129902609192,0.6694740047003844,0.0,0.33333333333333326,0.0
SULT1E1,0.46529464685908445,0.4244270059637561,1.0,0.33333333333333326,0.0
SULT2B1,0.4651560517225442,0.849692264013152,0.0,0.33333333333333326,0.0
SULT4A1,0.3809680665629012,1.0,0.0,1.0,0.0
SULT6B1,0.5887603625945829,0.2612282038940664,0.0,0.33333333333333326,0.0
SUMF1,0.6296463779624683,0.5602744955885006,0.0,1.0,0.0
SUMF2,0.3862121287912494,1.0,1.0,1.0,0.0
SUMO1,0.3834627682647803,1.0,0.0,1.0,0.0
SUMO2,0.4398166891089768,0.25411165997686563,0.0,0.33333333333333326,0.0
SUMO3,0.36840049065244024,1.0,1.0,1.0,0.0
SUMO4,0.4599784079184234,1.0,1.0,0.33333333333333326,0.0
SUN2,0.660858601803139,1.0,0.0,1.0,0.0
SUN3,0.45218617583699233,0.8821798018233605,0.0,0.33333333333333326,0.0
SUOX,0.4501830943792243,1.0,0.0,0.33333333333333326,0.0
SUPT16H,0.4564815393810392,1.0,0.0,0.33333333333333326,0.0
SUPT20H,0.5144442887638853,1.0,0.0,0.33333333333333326,0.0
SUPT3H,0.4532559340408241,0.6987501647641693,0.0,0.33333333333333326,0.0
SUPT4H1,0.3795879060973187,1.0,1.0,1.0,0.0
SUPT5H,0.5078004581583033,0.16105756432059384,0.0,0.33333333333333326,0.0
SUPT6H,0.5581722039176717,1.0,1.0,1.0,0.0
SUPT7L,0.397386246462519,0.7334991814297218,1.0,1.0,0.0
SUPV3L1,0.5189401353646232,1.0,0.0,1.0,0.0
SURF2,0.4202445658008854,1.0,0.0,1.0,0.0
SURF4,0.5279107765269008,1.0,0.0,1.0,0.0
SURF6,0.4195089840115578,1.0,1.0,1.0,0.0
SUSD1,0.3354269058871081,1.0,0.0,1.0,0.0
SUSD2,0.5182074716343178,1.0,0.0,0.33333333333333326,0.0
SUSD3,0.5313638244834898,0.37933933246229856,0.0,0.33333333333333326,0.0
SUSD4,0.3237485110229878,1.0,1.0,1.0,0.0
SUSD5,0.3769194808661327,1.0,1.0,1.0,0.0
SUSD6,0.5470509003765351,0.8944234394827293,1.0,1.0,0.0
SUV39H1,0.49798091720320575,0.5748785476261306,0.0,1.0,0.0
SV2A,0.3560835847990801,1.0,1.0,1.0,0.0
SV2B,0.2526095143294872,1.0,1.0,1.0,0.0
SV2C,0.3748757756929115,1.0,0.0,1.0,0.0
SVBP,0.45646196510380826,1.0,0.0,0.33333333333333326,0.0
SVIL,0.6681494821541494,1.0,1.0,1.0,0.0
SVIP,0.37115080246312754,1.0,0.0,0.33333333333333326,0.0
SVOP,0.1459878959739875,1.0,1.0,1.0,0.0
SWAP70,0.6096052931574867,1.0,1.0,1.0,0.0
SWI5,0.5372660927564069,0.7278423483873188,1.0,1.0,0.0
SWSAP1,0.5118082509959292,1.0,0.0,1.0,0.0
SWT1,0.5266243965167478,1.0,0.0,1.0,0.0
SYAP1,0.4178185039517057,1.0,1.0,1.0,0.0
SYBU,0.3545765870758995,1.0,1.0,1.0,0.0
SYCE1,0.3343374010543679,1.0,1.0,1.0,0.0
SYCE2,0.43673267947055144,0.477899101723851,1.0,0.33333333333333326,0.0
SYCN,0.43725299835048825,0.9131877139088235,1.0,0.33333333333333326,0.0
SYCP3,0.5288544618955815,1.0,0.0,1.0,0.0
SYDE1,0.5970413014112635,1.0,1.0,1.0,0.0
SYDE2,0.5678294691872281,0.12003872740042881,0.0,0.33333333333333326,0.0
SYF2,0.46590626267389257,1.0,1.0,0.33333333333333326,0.0
SYK,0.6580354577838868,1.0,0.0,0.33333333333333326,0.0
SYMPK,0.5185415797336946,0.6283250847201486,0.0,0.33333333333333326,0.0
SYN2,0.3070173778852813,1.0,0.0,1.0,0.0
SYN3,0.3504539435424974,1.0,0.0,1.0,0.0
SYNC,0.5546968823907635,1.0,0.0,1.0,0.0
SYNCRIP,0.4912802485928135,1.0,1.0,0.33333333333333326,0.0
SYNDIG1,0.39078312259903825,1.0,0.0,1.0,0.0
SYNDIG1L,0.5106921191270997,0.3393900567796348,0.0,1.0,0.0
SYNE2,0.6456568195943894,1.0,1.0,1.0,0.0
SYNGAP1,0.5381038629453211,0.431872671651299,1.0,1.0,0.0
SYNGR1,0.34590191193290803,1.0,1.0,0.33333333333333326,0.0
SYNGR2,0.614230367734835,1.0,0.0,0.33333333333333326,0.0
SYNGR3,0.33688349093116904,1.0,0.0,1.0,0.0
SYNGR4,0.3809141114801577,1.0,0.0,0.33333333333333326,0.0
SYNJ1,0.2968901346274406,1.0,1.0,1.0,0.0
SYNJ2BP,0.4670053767983628,0.3366857030455361,1.0,0.33333333333333326,0.0
SYNM,0.6182743353034922,1.0,1.0,1.0,0.0
SYNPO,0.3419660805003473,0.7711635538625071,1.0,0.33333333333333326,0.0
SYNPO2,0.3731002519074597,1.0,0.0,1.0,0.0
SYNPO2L,0.5058928306150022,0.31577816852845336,0.0,1.0,0.0
SYNPR,0.3976362989206529,1.0,0.0,1.0,0.0
SYNRG,0.5411445929626961,1.0,0.0,0.33333333333333326,0.0
SYP,0.29380586552820903,1.0,1.0,1.0,0.0
SYPL1,0.5670660012874927,1.0,0.0,1.0,0.0
SYS1,0.5889988063706896,1.0,1.0,1.0,0.0
SYT1,0.013940103534466997,1.0,1.0,1.0,0.0
SYT10,0.5219202463699861,1.0,1.0,0.33333333333333326,0.0
SYT11,0.38609092821440333,1.0,1.0,1.0,0.0
SYT12,0.394131036681935,1.0,0.0,1.0,0.0
SYT13,0.24066465001374604,1.0,1.0,1.0,0.0
SYT14,0.420398254645489,1.0,0.0,1.0,0.0
SYT16,0.3788483057854645,0.6137630814142917,1.0,1.0,0.0
SYT17,0.429277746944779,1.0,0.0,0.33333333333333326,0.0
SYT2,0.3070625495601091,0.7200029395908842,1.0,1.0,0.0
SYT3,0.3551608468099014,1.0,1.0,1.0,0.0
SYT4,0.3000236228964502,1.0,1.0,1.0,0.0
SYT5,0.4450357964589687,1.0,0.0,1.0,0.0
SYT6,0.43684620599176194,1.0,0.0,1.0,0.0
SYT7,0.4146981011519641,0.7548528564934871,1.0,1.0,0.0
SYT8,0.5721581760557056,1.0,1.0,1.0,0.0
SYT9,0.5516779133201701,0.12295202692507586,0.0,0.33333333333333326,0.0
SYTL1,0.546158485238307,1.0,0.0,1.0,0.0
SYTL2,0.37828974532102033,1.0,0.0,1.0,0.0
SYTL4,0.7506414291462961,1.0,1.0,1.0,0.0
SYTL5,0.44088692284533554,1.0,0.0,0.33333333333333326,0.0
SYVN1,0.5209460700932754,0.3867795557504782,1.0,1.0,0.0
SZRD1,0.38620957843927634,1.0,1.0,0.33333333333333326,0.0
TAAR1,0.45628631889449206,0.36101645865788307,1.0,0.33333333333333326,0.0
TAAR2,0.45553959895110224,0.294225071453252,0.0,0.33333333333333326,0.0
TAAR9,0.7078466116605358,0.749959252516392,0.0,1.0,0.0
TAB1,0.5669833543621738,0.4239635680958061,1.0,1.0,0.0
TAB3,0.4514048154265415,1.0,0.0,0.33333333333333326,0.0
TAC1,0.16270351588675283,1.0,1.0,1.0,0.0
TAC3,0.2621181837603265,1.0,0.0,1.0,0.0
TACC2,0.38142580765299,1.0,1.0,1.0,0.0
TACC3,0.5637059451480978,0.9201354448384729,1.0,1.0,0.0
TACO1,0.4305943436543634,1.0,0.0,1.0,0.0
TACR2,0.4494210881747985,1.0,0.0,1.0,0.0
TACR3,0.5018087815089918,0.8119306383915912,0.0,1.0,0.0
TADA1,0.38419226509120086,1.0,0.0,1.0,0.0
TADA2A,0.44319996461860584,1.0,1.0,1.0,0.0
TAF11,0.44912625360555436,1.0,0.0,1.0,0.0
TAF12,0.5223812408630647,1.0,0.0,0.33333333333333326,0.0
TAF13,0.4310103441035672,0.8444833787892921,1.0,1.0,0.0
TAF15,0.46184312054680166,0.27085719068279657,1.0,0.33333333333333326,0.0
TAF1C,0.4918034529983335,1.0,1.0,0.33333333333333326,0.0
TAF1D,0.49458519970417597,1.0,1.0,0.33333333333333326,0.0
TAF1L,0.5970116849514963,0.21389190185584367,0.0,1.0,0.0
TAF2,0.46127380720608674,0.8938576835833889,0.0,1.0,0.0
TAF3,0.5606618363290027,1.0,0.0,1.0,0.0
TAF4,0.5908446501950035,1.0,1.0,1.0,0.0
TAF4B,0.4071639120551748,1.0,0.0,0.33333333333333326,0.0
TAF6,0.5268195059642659,0.46355455903700055,1.0,0.33333333333333326,0.0
TAF6L,0.5606191183264344,0.727032506476572,1.0,1.0,0.0
TAF7,0.46897467518143043,0.14697953050078374,0.0,1.0,0.0
TAF7L,0.5067533639521178,1.0,1.0,0.33333333333333326,0.0
TAF8,0.498792630155934,1.0,1.0,0.33333333333333326,0.0
TAF9,0.4839350353348522,1.0,0.0,0.0,0.0
TAF9B,0.41449676053243206,1.0,0.0,0.33333333333333326,0.0
TAFA1,0.2617832171413947,1.0,0.0,1.0,0.0
TAFA2,0.29599010333931125,1.0,0.0,0.33333333333333326,0.0
TAFA5,0.4599407127543745,0.7154306841835376,0.0,0.33333333333333326,0.0
TAFAZZIN,0.586744370064369,1.0,0.0,1.0,0.0
TAGAP,0.4680392165355444,0.1803218253220909,0.0,1.0,0.0
TAGLN,0.6677567937398402,1.0,1.0,0.33333333333333326,0.0
TAGLN2,0.6426938514957129,1.0,1.0,1.0,0.0
TAGLN3,0.22908067859814663,1.0,1.0,1.0,0.0
TAL1,0.5696448909125709,1.0,0.0,0.33333333333333326,0.0
TAL2,0.5467510865412823,1.0,1.0,1.0,0.0
TAMALIN,0.4568874487331036,1.0,1.0,0.33333333333333326,0.0
TAMM41,0.4956777070012634,0.29701751491960066,0.0,1.0,0.0
TANC1,0.5122828203379048,1.0,0.0,0.33333333333333326,0.0
TANC2,0.5106910811338152,1.0,1.0,0.33333333333333326,0.0
TANGO2,0.4538953795555532,0.7619794279488394,0.0,1.0,0.0
TANGO6,0.4825694643307443,1.0,1.0,0.33333333333333326,0.0
TANK,0.5442828037280809,1.0,0.0,1.0,0.0
TAOK2,0.3042096088275948,0.8047410889376818,0.0,0.33333333333333326,0.0
TAOK3,0.5149462547180542,0.08568013747882977,1.0,1.0,0.0
TAP1,0.6451651255380553,1.0,0.0,1.0,0.0
TAPBP,0.516947389361872,1.0,0.0,1.0,0.0
TAPBPL,0.5374695502869586,0.11694297595056198,1.0,1.0,0.0
TAPT1,0.5460148837912479,1.0,1.0,1.0,0.0
TARBP1,0.24955207632469772,1.0,1.0,1.0,0.0
TARBP2,0.5273899582500126,0.03483209056622918,1.0,1.0,0.0
TARDBP,0.5232185654921475,1.0,0.0,0.33333333333333326,0.0
TARS2,0.4932905471750691,1.0,1.0,0.33333333333333326,0.0
TARS3,0.5024236714960757,0.11964845339864925,0.0,1.0,0.0
TAS1R2,0.5036671791909724,1.0,0.0,0.33333333333333326,0.0
TAS2R10,0.5697638409726888,1.0,1.0,1.0,0.0
TAS2R13,0.4722915018364753,0.14086094252613712,0.0,0.33333333333333326,0.0
TAS2R14,0.44962571230559734,1.0,0.0,0.33333333333333326,0.0
TAS2R16,0.4732738388403384,0.1870376501381438,0.0,1.0,0.0
TAS2R3,0.5161922692642682,0.4356663037837127,1.0,0.33333333333333326,0.0
TAS2R31,0.5378890128341813,0.42723846901902257,1.0,0.33333333333333326,0.0
TAS2R39,0.4666971805635801,0.3131576692594855,0.0,1.0,0.0
TAS2R40,0.45794238613376603,0.9126789001279736,0.0,0.33333333333333326,0.0
TAS2R41,0.46572898708255955,0.5616397775088368,0.0,1.0,0.0
TAS2R43,0.45858942383096546,1.0,0.0,1.0,0.0
TAS2R50,0.41208182767216683,1.0,0.0,1.0,0.0
TAS2R8,0.4970824599047877,0.0875972984659092,0.0,1.0,0.0
TASL,0.550148580303214,1.0,1.0,0.33333333333333326,0.0
TASOR,0.5675721342024871,1.0,0.0,1.0,0.0
TASOR2,0.5879190268159968,1.0,1.0,1.0,0.0
TASP1,0.28318362555759136,1.0,0.0,1.0,0.0
TAT,0.5017455862432555,0.26036985374981275,0.0,1.0,0.0
TATDN2,0.44923933790711634,1.0,0.0,0.33333333333333326,0.0
TATDN3,0.3949846934333894,1.0,1.0,1.0,0.0
TAX1BP1,0.44216372193391584,1.0,0.0,1.0,0.0
TAX1BP3,0.5832977777953269,1.0,0.0,1.0,0.0
TBATA,0.5499400299035757,0.5941553026190326,1.0,1.0,0.0
TBC1D1,0.560153979003285,1.0,0.0,1.0,0.0
TBC1D10A,0.5008561313714767,0.12679532777217797,0.0,0.33333333333333326,0.0
TBC1D10B,0.5106210087941851,0.34658742365767575,0.0,0.33333333333333326,0.0
TBC1D10C,0.5588554421870308,0.38715246487525823,1.0,0.33333333333333326,0.0
TBC1D14,0.6521272116379766,1.0,1.0,1.0,0.0
TBC1D15,0.568119445786781,0.5379185133230269,1.0,1.0,0.0
TBC1D17,0.5153283494180871,1.0,0.0,0.33333333333333326,0.0
TBC1D19,0.4368107700297573,1.0,0.0,1.0,0.0
TBC1D2,0.5782957148654415,0.8931666829199055,1.0,1.0,0.0
TBC1D20,0.4774088890468625,1.0,1.0,0.33333333333333326,0.0
TBC1D21,0.39283475957512376,0.2903841165197582,1.0,1.0,0.0
TBC1D22A,0.43845116441574167,1.0,0.0,1.0,0.0
TBC1D22B,0.5041461173408974,0.21079092448939624,0.0,0.33333333333333326,0.0
TBC1D23,0.5290466114684971,0.27925653406568,0.0,0.33333333333333326,0.0
TBC1D24,0.4591976624974295,1.0,1.0,0.33333333333333326,0.0
TBC1D25,0.4371648517532052,1.0,0.0,0.33333333333333326,0.0
TBC1D28,0.4631657300100177,0.2574731044226855,0.0,0.33333333333333326,0.0
TBC1D2B,0.6179166000981049,1.0,1.0,1.0,0.0
TBC1D3,0.5302335902023482,0.9940230450582462,0.0,1.0,0.0
TBC1D30,0.30535733676551735,1.0,0.0,1.0,0.0
TBC1D31,0.5725615832136782,0.10337863091721193,0.0,1.0,0.0
TBC1D32,0.45019645598454,0.6494442556184125,0.0,1.0,0.0
TBC1D3B,0.5570516284887435,1.0,1.0,1.0,0.0
TBC1D3C,0.5879502557458646,1.0,1.0,1.0,0.0
TBC1D5,0.5518534271329588,1.0,0.0,1.0,0.0
TBC1D7,0.4062808071632107,1.0,1.0,0.33333333333333326,0.0
TBC1D8B,0.5927337184410827,0.497303730051489,1.0,1.0,0.0
TBC1D9,0.24473105248533014,1.0,1.0,1.0,0.0
TBC1D9B,0.5887828417578486,1.0,1.0,1.0,0.0
TBCA,0.40761817172488424,1.0,1.0,1.0,0.0
TBCB,0.4136376127523142,0.9306293079875585,1.0,1.0,0.0
TBCC,0.40679885345322486,1.0,0.0,1.0,0.0
TBCCD1,0.44519951163822896,0.2629244435181683,1.0,1.0,0.0
TBCD,0.4423716280349807,0.11307351217835697,0.0,0.33333333333333326,0.0
TBCE,0.4346044969823138,1.0,0.0,0.33333333333333326,0.0
TBCEL,0.4975504659731342,1.0,1.0,0.33333333333333326,0.0
TBCK,0.5329162399764208,1.0,0.0,1.0,0.0
TBKBP1,0.5192598547494601,0.6797536827830563,0.0,1.0,0.0
TBL1X,0.6612081614812243,1.0,1.0,1.0,0.0
TBL1XR1,0.43547547039860435,0.710170490003413,0.0,1.0,0.0
TBL2,0.44586329853512585,1.0,0.0,0.33333333333333326,0.0
TBL3,0.46190961866786856,0.691997143609145,0.0,1.0,0.0
TBP,0.4278077505562621,1.0,1.0,1.0,0.0
TBPL1,0.36379144991347834,1.0,1.0,1.0,0.0
TBR1,0.30672976342792113,1.0,0.0,1.0,0.0
TBRG1,0.3185016022886603,1.0,0.0,1.0,0.0
TBX1,0.5364997230841827,1.0,0.0,0.33333333333333326,0.0
TBX15,0.7476781526648498,1.0,0.0,1.0,0.0
TBX18,0.5629365454122234,1.0,0.0,0.33333333333333326,0.0
TBX19,0.5594140971014664,1.0,1.0,1.0,0.0
TBX2,0.5739277578262946,1.0,1.0,1.0,0.0
TBX20,0.4728249175132467,0.19869300072405996,0.0,0.33333333333333326,0.0
TBX21,0.39707372152708426,0.16582189739151046,1.0,1.0,0.0
TBX3,0.5551529429724655,1.0,1.0,1.0,0.0
TBX4,0.4991832210383583,1.0,1.0,0.33333333333333326,0.0
TBX6,0.5633122877295212,1.0,0.0,1.0,0.0
TBXA2R,0.341781725199559,0.5539473462499327,1.0,0.33333333333333326,0.0
TBXAS1,0.6848080078429832,1.0,0.0,1.0,0.0
TBXT,0.5764764760883467,0.27310376525648705,0.0,0.33333333333333326,0.0
TC2N,0.4724798400113278,1.0,1.0,0.33333333333333326,0.0
TCAF1,0.41623509079071347,1.0,1.0,1.0,0.0
TCAF2,0.4624156612010975,0.48387915078013854,1.0,0.33333333333333326,0.0
TCAIM,0.4210747402873193,1.0,1.0,0.33333333333333326,0.0
TCAP,0.5852182299655863,1.0,0.0,1.0,0.0
TCEA1,0.5195273336779056,0.2605828072563274,0.0,0.33333333333333326,0.0
TCEA2,0.38540776190336035,1.0,1.0,1.0,0.0
TCEA3,0.516938854219511,0.4141314430072017,0.0,1.0,0.0
TCEAL1,0.37279117070738005,1.0,1.0,1.0,0.0
TCEAL2,0.3076354295688957,1.0,1.0,1.0,0.0
TCEAL3,0.360272734232195,1.0,1.0,1.0,0.0
TCEAL4,0.394902471775789,1.0,1.0,1.0,0.0
TCEAL5,0.3288728005465902,1.0,1.0,1.0,0.0
TCEAL6,0.3143893053693385,1.0,1.0,1.0,0.0
TCEAL7,0.29339657391354684,1.0,1.0,1.0,0.0
TCEAL8,0.4295930874130731,1.0,0.0,1.0,0.0
TCEAL9,0.5637485926442778,1.0,0.0,1.0,0.0
TCEANC,0.5055948333535332,1.0,1.0,0.33333333333333326,0.0
TCEANC2,0.5013548255135092,0.08348642121569513,0.0,1.0,0.0
TCERG1,0.41449593694762427,1.0,0.0,0.33333333333333326,0.0
TCERG1L,0.37450463318264277,1.0,0.0,1.0,0.0
TCF12,0.5675375650499257,1.0,1.0,1.0,0.0
TCF15,0.5787246839639366,1.0,0.0,1.0,0.0
TCF19,0.45950245570895465,1.0,0.0,0.33333333333333326,0.0
TCF21,0.43336046967740866,0.35100063785955765,1.0,0.33333333333333326,0.0
TCF23,0.5354448074960789,1.0,0.0,0.33333333333333326,0.0
TCF25,0.39091780949935295,1.0,1.0,1.0,0.0
TCF3,0.58699425995065,1.0,0.0,0.33333333333333326,0.0
TCF7,0.5880595926592086,1.0,1.0,1.0,0.0
TCF7L1,0.6106276028928102,1.0,1.0,1.0,0.0
TCF7L2,0.48811304438438163,1.0,1.0,0.33333333333333326,0.0
TCFL5,0.4659013876700672,0.4256357958758798,0.0,0.33333333333333326,0.0
TCHH,0.45217020188392787,0.7313229362213457,0.0,0.33333333333333326,0.0
TCHP,0.5073472927994452,0.5182019132095175,1.0,0.33333333333333326,0.0
TCIM,0.43021871055268446,1.0,0.0,0.33333333333333326,0.0
TCIRG1,0.6385236338426294,1.0,0.0,1.0,0.0
TCL1A,0.39996201391034825,0.12796340390453043,0.0,0.33333333333333326,0.0
TCL1B,0.6579454095733224,1.0,0.0,1.0,0.0
TCN1,0.4545892865762077,0.16189497921916818,0.0,0.33333333333333326,0.0
TCN2,0.5938556207308656,1.0,1.0,1.0,0.0
TCP1,0.4144212395706686,1.0,1.0,1.0,0.0
TCP10L,0.4642481685893196,0.28443636956078816,0.0,0.33333333333333326,0.0
TCP11,0.4442020246550817,1.0,0.0,1.0,0.0
TCTA,0.46498774548839406,0.29826316807217784,0.0,0.33333333333333326,0.0
TCTN1,0.5705612641834216,1.0,0.0,0.33333333333333326,0.0
TCTN2,0.5046267182817018,0.16928610463349816,0.0,1.0,0.0
TCTN3,0.465317358215639,0.5904522045810464,0.0,0.33333333333333326,0.0
TDO2,0.4105631455052352,1.0,0.0,1.0,0.0
TDP1,0.4091837481985503,1.0,1.0,1.0,0.0
TDP2,0.4583722939426058,0.6037972820139192,0.0,1.0,0.0
TDRD10,0.6125239233450067,1.0,0.0,1.0,0.0
TDRD5,0.4131794794624302,1.0,1.0,0.33333333333333326,0.0
TDRD7,0.4721283319708823,0.19168591914548164,0.0,0.33333333333333326,0.0
TDRKH,0.4608614862637294,0.5284968409951025,0.0,0.33333333333333326,0.0
TDRP,0.44255810234306536,0.6955027281899071,0.0,1.0,0.0
TEAD1,0.577670939949116,0.6909524464253759,1.0,1.0,0.0
TEAD2,0.7573958748646423,1.0,1.0,1.0,0.0
TEAD3,0.5791372864284592,1.0,0.0,0.33333333333333326,0.0
TEAD4,0.6083420814807586,1.0,0.0,1.0,0.0
TEC,0.45546397450512144,0.968984193715313,1.0,0.33333333333333326,0.0
TECPR1,0.40951610752609596,0.1697481675251295,1.0,1.0,0.0
TECPR2,0.5229971713058158,0.6159055485071583,1.0,0.33333333333333326,0.0
TECR,0.5119223326316692,1.0,0.0,0.33333333333333326,0.0
TECTA,0.3608773865069678,1.0,0.0,1.0,0.0
TEDC1,0.4520507609393801,1.0,0.0,1.0,0.0
TEDC2,0.3970689585098806,1.0,0.0,0.33333333333333326,0.0
TEK,0.6005824505183958,0.32171504424098946,0.0,0.33333333333333326,0.0
TEKT3,0.505500609659139,0.08069060100520925,0.0,1.0,0.0
TEKT4,0.5328810966332684,1.0,0.0,0.33333333333333326,0.0
TEKT5,0.5120995093428835,0.28846285852387127,0.0,0.33333333333333326,0.0
TEKTL1,0.5372017709088943,0.7184085410828881,0.0,1.0,0.0
TELO2,0.365760413873547,0.16063138715820233,0.0,0.33333333333333326,0.0
TENM2,0.45444823863308054,1.0,0.0,1.0,0.0
TENT2,0.4764521884299798,0.11055881241628329,1.0,0.33333333333333326,0.0
TENT4A,0.4451543677590391,1.0,0.0,0.33333333333333326,0.0
TENT5A,0.6157463403033338,1.0,0.0,1.0,0.0
TENT5B,0.6452916691282844,1.0,1.0,1.0,0.0
TEP1,0.5665210807143024,1.0,1.0,1.0,0.0
TEPSIN,0.5542126782378646,1.0,0.0,1.0,0.0
TERF1,0.4107744621294383,1.0,0.0,1.0,0.0
TERF2,0.49886136943181303,0.2774599525369947,0.0,0.33333333333333326,0.0
TERF2IP,0.29008457093801027,1.0,1.0,1.0,0.0
TERT,0.5433861948055244,0.05515124250741312,0.0,0.33333333333333326,0.0
TES,0.6230168354581139,1.0,0.0,1.0,0.0
TESC,0.40112326169120993,1.0,0.0,0.33333333333333326,0.0
TESK1,0.49595457778801155,0.017782815358115905,0.0,1.0,0.0
TESK2,0.4475649690795002,0.23231355211157054,1.0,0.33333333333333326,0.0
TESMIN,0.4571761959515151,0.5367269842227219,0.0,0.33333333333333326,0.0
TET3,0.4531679980823018,1.0,0.0,1.0,0.0
TEX10,0.4797284344031684,1.0,1.0,0.33333333333333326,0.0
TEX12,0.37922044283994144,1.0,1.0,1.0,0.0
TEX13B,0.3956447017044259,0.34897423052095694,1.0,1.0,0.0
TEX14,0.5604422829704724,1.0,0.0,0.33333333333333326,0.0
TEX15,0.5096451971609478,0.36290458559590877,0.0,0.33333333333333326,0.0
TEX19,0.43776827068182966,0.4386623123518035,1.0,1.0,0.0
TEX261,0.5138324012447673,1.0,0.0,1.0,0.0
TEX28,0.578444712230829,1.0,1.0,1.0,0.0
TEX29,0.430579561585949,0.8448698503410036,0.0,0.33333333333333326,0.0
TEX30,0.45106172716304593,1.0,0.0,1.0,0.0
TEX36,0.47106241636554697,0.07144027157407049,0.0,1.0,0.0
TEX55,0.5649536522879869,0.08451329595979706,0.0,1.0,0.0
TEX9,0.5379994894626242,0.8110279753011135,0.0,0.33333333333333326,0.0
TFAP2A,0.5208280598240305,0.7394682645800618,0.0,1.0,0.0
TFAP2B,0.5629387588353784,0.14293236670112094,0.0,1.0,0.0
TFAP2C,0.5725971225575783,1.0,1.0,1.0,0.0
TFAP2D,0.504792069513777,0.6951761489693496,0.0,0.33333333333333326,0.0
TFAP2E,0.4463640482940622,0.6381607863001618,1.0,0.33333333333333326,0.0
TFAP4,0.5715946868900976,1.0,0.0,0.33333333333333326,0.0
TFB1M,0.38601853686517806,1.0,1.0,1.0,0.0
TFB2M,0.35490924643844224,1.0,1.0,1.0,0.0
TFCP2,0.4078309987421715,1.0,0.0,1.0,0.0
TFCP2L1,0.5286103417605335,0.7887622133986426,0.0,1.0,0.0
TFDP1,0.4396345116728128,0.3651558052046177,1.0,1.0,0.0
TFDP2,0.5434480209989644,1.0,0.0,1.0,0.0
TFDP3,0.5080253445979984,0.8537642000640855,1.0,0.33333333333333326,0.0
TFE3,0.5873490621222472,0.14022179900005807,0.0,0.33333333333333326,0.0
TFEB,0.5985088418887325,1.0,1.0,1.0,0.0
TFEC,0.5642474961823418,1.0,0.0,1.0,0.0
TFF1,0.5394794288319994,1.0,0.0,0.33333333333333326,0.0
TFF3,0.5479304282770676,0.826478759308068,0.0,1.0,0.0
TFG,0.43140515851825095,1.0,1.0,1.0,0.0
TFIP11,0.48201381947836336,0.8146204774987199,1.0,0.33333333333333326,0.0
TFPI,0.6232842766120827,1.0,1.0,1.0,0.0
TFPI2,0.5434855671382357,0.3981921483223985,0.0,1.0,0.0
TFPT,0.4287137094467732,1.0,0.0,0.33333333333333326,0.0
TFR2,0.4720049043753937,0.16586368685219216,0.0,0.33333333333333326,0.0
TG,0.5560000740213445,0.5315751783567351,0.0,1.0,0.0
TGDS,0.42025555054561814,0.3724340966497887,1.0,0.33333333333333326,0.0
TGFB1,0.5620870604980948,0.12913632374843725,0.0,1.0,0.0
TGFB1I1,0.6423287814632708,1.0,1.0,1.0,0.0
TGFB2,0.6745573010271904,1.0,1.0,1.0,0.0
TGFB3,0.6230799438054923,1.0,0.0,1.0,0.0
TGFBI,0.640044760887099,1.0,0.0,1.0,0.0
TGFBR2,0.6282717275367297,1.0,1.0,1.0,0.0
TGFBR3,0.6761627053552751,1.0,1.0,1.0,0.0
TGIF1,0.6691295944081492,1.0,1.0,1.0,0.0
TGIF2,0.6115329108174699,1.0,1.0,1.0,0.0
TGIF2LX,0.5503330570123214,0.35550555143256796,1.0,0.33333333333333326,0.0
TGIF2LY,0.4501312150425912,1.0,0.0,0.33333333333333326,0.0
TGM1,0.5763662481548059,1.0,1.0,1.0,0.0
TGM2,0.6131937850422838,1.0,1.0,1.0,0.0
TGM3,0.5145709993874047,0.8179411249165927,0.0,0.33333333333333326,0.0
TGM5,0.5212808980519273,0.07693538831043144,0.0,1.0,0.0
TGM6,0.5149668707150339,0.9621020904953106,0.0,0.33333333333333326,0.0
TGOLN2,0.5095249542795335,0.915178552449378,0.0,0.33333333333333326,0.0
TGS1,0.5114352014593291,1.0,0.0,0.33333333333333326,0.0
TH,0.37816264508310504,1.0,1.0,1.0,0.0
THADA,0.5147181157494642,1.0,0.0,1.0,0.0
THAP1,0.5008495114276859,0.28549381282493785,0.0,1.0,0.0
THAP10,0.43844345380054656,1.0,0.0,1.0,0.0
THAP12,0.49068080180349355,0.798956996371132,1.0,0.33333333333333326,0.0
THAP2,0.5841540911760985,1.0,0.0,1.0,0.0
THAP3,0.4547012859170957,1.0,0.0,0.33333333333333326,0.0
THAP4,0.5598392673927468,0.07901263306936544,0.0,0.33333333333333326,0.0
THAP5,0.33744625309434273,0.5803198486768437,1.0,1.0,0.0
THAP6,0.5761165709762338,0.5654850434194266,1.0,1.0,0.0
THBS1,0.6324055711822475,1.0,0.0,1.0,0.0
THBS2,0.6367845881119671,0.6891338366706994,1.0,1.0,0.0
THBS4,0.5697857018953689,1.0,1.0,1.0,0.0
THEM4,0.5125777801768587,0.6843966044504662,1.0,0.33333333333333326,0.0
THEM6,0.448773108319846,1.0,0.0,0.33333333333333326,0.0
THEMIS,0.3577866084534233,1.0,0.0,0.33333333333333326,0.0
THEMIS2,0.5701765165717344,1.0,0.0,0.33333333333333326,0.0
THNSL1,0.5145738630624506,0.6942547709923568,1.0,0.33333333333333326,0.0
THOC1,0.5331242634193225,1.0,0.0,0.33333333333333326,0.0
THOC2,0.5741258326586457,1.0,1.0,1.0,0.0
THOC3,0.4270888288185834,1.0,0.0,1.0,0.0
THOC5,0.5516665879494532,0.3199465226111367,0.0,1.0,0.0
THOC6,0.5367839610657603,1.0,0.0,1.0,0.0
THOC7,0.3725014558522643,1.0,0.0,1.0,0.0
THOP1,0.46348512578095213,0.9408205102432892,0.0,1.0,0.0
THPO,0.5138976550706255,0.9588408149663027,0.0,0.33333333333333326,0.0
THRAP3,0.4131978179604476,1.0,0.0,0.33333333333333326,0.0
THRB,0.442330823081299,1.0,0.0,1.0,0.0
THRSP,0.5246327174985836,1.0,0.0,0.33333333333333326,0.0
THSD1,0.5223665376448395,1.0,0.0,0.33333333333333326,0.0
THSD4,0.6497280737114551,1.0,1.0,1.0,0.0
THSD7A,0.3709457060139954,1.0,0.0,1.0,0.0
THSD7B,0.44767895435794736,0.9670585398335042,0.0,1.0,0.0
THTPA,0.46266611372731903,0.11124051155900393,0.0,0.33333333333333326,0.0
THUMPD2,0.507926525674399,1.0,0.0,1.0,0.0
THUMPD3,0.515508458746535,0.15709443348257865,1.0,1.0,0.0
THY1,0.31783062312629434,1.0,1.0,1.0,0.0
THYN1,0.43296150177132586,1.0,1.0,1.0,0.0
TIA1,0.4317790873506559,0.6536309711982886,1.0,1.0,0.0
TIAL1,0.5058638512535734,0.3501918980508503,0.0,1.0,0.0
TIAM1,0.41281004618517936,1.0,0.0,1.0,0.0
TICAM2,0.5643730709358239,1.0,0.0,1.0,0.0
TIE1,0.5454870489894044,1.0,0.0,1.0,0.0
TIFA,0.574358387520123,1.0,0.0,1.0,0.0
TIGAR,0.366398092616746,1.0,0.0,0.33333333333333326,0.0
TIGD2,0.4150825801826505,1.0,0.0,0.33333333333333326,0.0
TIGD3,0.4091512212813973,1.0,0.0,0.33333333333333326,0.0
TIGD6,0.5385036123812451,1.0,0.0,1.0,0.0
TIGD7,0.454099671514269,1.0,0.0,1.0,0.0
TIGIT,0.34777347154152677,0.5063185533868698,0.0,1.0,0.0
TIMCC,0.4287111997339291,1.0,0.0,1.0,0.0
TIMELESS,0.5670967206071874,1.0,0.0,0.33333333333333326,0.0
TIMM10,0.3999065256944046,1.0,0.0,1.0,0.0
TIMM10B,0.39434776158186474,1.0,0.0,1.0,0.0
TIMM13,0.24344454871663718,1.0,1.0,1.0,0.0
TIMM17A,0.38715300316298284,1.0,0.0,0.33333333333333326,0.0
TIMM17B,0.5706240608117239,0.16137250262998043,0.0,0.33333333333333326,0.0
TIMM23,0.4086709199775022,1.0,0.0,1.0,0.0
TIMM29,0.44062724154861116,0.9228629712171112,1.0,1.0,0.0
TIMM44,0.5716226882830746,0.928981253824355,1.0,1.0,0.0
TIMM50,0.419000507480658,1.0,0.0,0.33333333333333326,0.0
TIMM8A,0.3370730560993002,1.0,0.0,0.33333333333333326,0.0
TIMM8B,0.3534019953251847,1.0,1.0,1.0,0.0
TIMM9,0.46125794650439245,1.0,0.0,1.0,0.0
TIMP1,0.7802798669006137,1.0,1.0,1.0,0.0
TIMP2,0.5738502995282583,1.0,1.0,1.0,0.0
TIMP3,0.7185666556165313,1.0,0.0,0.33333333333333326,0.0
TIMP4,0.5471926541503693,1.0,0.0,0.33333333333333326,0.0
TINAGL1,0.6419119146290223,1.0,0.0,1.0,0.0
TINF2,0.5624165130923301,0.1836899407193737,1.0,1.0,0.0
TIPARP,0.6322484733868359,1.0,0.0,1.0,0.0
TIPIN,0.5190630598975743,0.47451480329088425,1.0,0.33333333333333326,0.0
TIPRL,0.3721941483377483,1.0,1.0,1.0,0.0
TIRAP,0.4330273030479697,1.0,0.0,0.33333333333333326,0.0
TJAP1,0.5396618552115537,0.5968150364373266,0.0,1.0,0.0
TJP1,0.5891052249952577,1.0,1.0,1.0,0.0
TJP2,0.6464462535109318,1.0,1.0,1.0,0.0
TJP3,0.45905929213432595,0.26285415580571797,0.0,1.0,0.0
TK1,0.5460034512403598,1.0,0.0,1.0,0.0
TK2,0.5069098909319301,1.0,0.0,0.33333333333333326,0.0
TKFC,0.45623337648920875,1.0,1.0,0.33333333333333326,0.0
TKT,0.5191129647143874,0.638411211065128,0.0,1.0,0.0
TLCD3A,0.5344068732322026,0.4154408880478462,1.0,0.33333333333333326,0.0
TLCD4,0.5467060114473336,1.0,0.0,0.33333333333333326,0.0
TLCD5,0.5599271282427667,1.0,1.0,1.0,0.0
TLE1,0.5025611215166516,0.5800089585584509,0.0,1.0,0.0
TLE2,0.5248328193432116,0.6539473680602282,0.0,0.33333333333333326,0.0
TLE3,0.5317313430790314,1.0,0.0,1.0,0.0
TLE4,0.5372003500467103,0.6154010545596066,1.0,1.0,0.0
TLE5,0.4274629306480106,0.2684688816663894,0.0,0.33333333333333326,0.0
TLK1,0.41420385168016677,1.0,0.0,0.33333333333333326,0.0
TLL2,0.41229026633057825,1.0,0.0,0.33333333333333326,0.0
TLN1,0.7306627169684633,1.0,1.0,1.0,0.0
TLN2,0.38433505948233365,1.0,0.0,1.0,0.0
TLNRD1,0.5310299912300166,0.39434475292806126,0.0,0.33333333333333326,0.0
TLR1,0.601977597083182,1.0,0.0,1.0,0.0
TLR10,0.4248865521142191,0.00501069603922155,0.0,0.33333333333333326,0.0
TLR2,0.8192162115014149,1.0,1.0,1.0,0.0
TLR3,0.613013208473545,1.0,1.0,1.0,0.0
TLR4,0.6069430471188486,1.0,1.0,1.0,0.0
TLR5,0.5649807315228456,1.0,1.0,1.0,0.0
TLR6,0.6250401275310142,0.738009390289034,0.0,1.0,0.0
TLR7,0.5659045411969519,1.0,0.0,0.33333333333333326,0.0
TLR9,0.5530915035009527,1.0,1.0,1.0,0.0
TLX3,0.5319026803740944,1.0,0.0,0.33333333333333326,0.0
TM2D1,0.44527552215790317,1.0,0.0,1.0,0.0
TM2D2,0.3985572880211567,1.0,0.0,1.0,0.0
TM2D3,0.34711960838543937,1.0,1.0,1.0,0.0
TM4SF18,0.598751816901659,1.0,1.0,1.0,0.0
TM4SF19,0.38717420396315305,0.2444591403227831,1.0,1.0,0.0
TM6SF1,0.31356322922230423,1.0,0.0,0.33333333333333326,0.0
TM7SF2,0.3375287270368161,1.0,0.0,1.0,0.0
TM7SF3,0.4508919357874339,1.0,0.0,0.33333333333333326,0.0
TM9SF1,0.5961727883609035,1.0,1.0,1.0,0.0
TM9SF2,0.42341417075628757,1.0,0.0,1.0,0.0
TM9SF3,0.47379772221131267,1.0,1.0,0.33333333333333326,0.0
TMA16,0.40843933976691893,1.0,0.0,0.33333333333333326,0.0
TMA7,0.4309956914249011,0.19455988814964498,0.0,0.33333333333333326,0.0
TMBIM1,0.67218550526707,1.0,0.0,1.0,0.0
TMBIM4,0.4900418307024074,0.4129570132086066,1.0,0.33333333333333326,0.0
TMBIM6,0.5591226189013517,1.0,0.0,1.0,0.0
TMC1,0.52210706587092,1.0,0.0,1.0,0.0
TMC4,0.4732999942107619,0.20673118825783926,0.0,1.0,0.0
TMC6,0.6580995033493655,1.0,1.0,1.0,0.0
TMC8,0.5226280495189463,1.0,1.0,0.33333333333333326,0.0
TMCC1,0.40862836193789315,1.0,0.0,0.33333333333333326,0.0
TMCC2,0.5132391063056582,1.0,0.0,1.0,0.0
TMCC3,0.5649316374944285,0.9399013467549114,1.0,1.0,0.0
TMCO2,0.4729911329042876,0.06160674649038357,0.0,0.33333333333333326,0.0
TMCO4,0.6276555282758616,1.0,0.0,1.0,0.0
TMCO6,0.5023531739402589,0.6007942897268892,0.0,1.0,0.0
TMED1,0.5703315299411291,1.0,1.0,1.0,0.0
TMED10,0.6350640399072773,1.0,1.0,1.0,0.0
TMED2,0.36694957693952923,1.0,0.0,0.33333333333333326,0.0
TMED3,0.4425868691019325,1.0,0.0,1.0,0.0
TMED4,0.3893493621361937,1.0,0.0,1.0,0.0
TMED5,0.5764500923331491,1.0,0.0,1.0,0.0
TMED6,0.4538821109162593,0.6219645777052323,0.0,1.0,0.0
TMED7,0.45308725932302973,0.08344372201463926,0.0,0.33333333333333326,0.0
TMED8,0.5202947331457022,1.0,1.0,0.33333333333333326,0.0
TMED9,0.4979752071940292,0.476957626962886,0.0,1.0,0.0
TMEFF1,0.24820092173586783,1.0,0.0,0.33333333333333326,0.0
TMEFF2,0.35839145403279565,1.0,0.0,1.0,0.0
TMEM100,0.5771357109836984,1.0,0.0,0.33333333333333326,0.0
TMEM101,0.45008358610223176,0.6709754488069765,1.0,0.33333333333333326,0.0
TMEM102,0.4569867376607208,0.49756007793074825,0.0,0.33333333333333326,0.0
TMEM106A,0.5101933649242636,1.0,1.0,0.33333333333333326,0.0
TMEM106B,0.5023711517565828,0.08355310704355144,0.0,0.33333333333333326,0.0
TMEM106C,0.48521987572496234,1.0,1.0,0.33333333333333326,0.0
TMEM107,0.4616219087169043,0.56873132553614,0.0,0.33333333333333326,0.0
TMEM108,0.5425886113412789,0.3920055074464881,1.0,0.33333333333333326,0.0
TMEM109,0.5869618513346527,1.0,1.0,1.0,0.0
TMEM11,0.3999872664424868,1.0,1.0,1.0,0.0
TMEM115,0.5369189631916984,1.0,1.0,1.0,0.0
TMEM117,0.45658503904189657,0.9103877202773227,0.0,1.0,0.0
TMEM119,0.6965255812657372,1.0,1.0,1.0,0.0
TMEM120A,0.5453412487179313,1.0,1.0,1.0,0.0
TMEM121,0.38981279902823784,1.0,0.0,1.0,0.0
TMEM121B,0.35487939388147044,1.0,1.0,1.0,0.0
TMEM123,0.6093453025265414,1.0,1.0,1.0,0.0
TMEM125,0.3871409870053689,0.9211349802608025,0.0,1.0,0.0
TMEM126A,0.40759805016390727,1.0,0.0,1.0,0.0
TMEM126B,0.4443384155678681,1.0,0.0,1.0,0.0
TMEM127,0.4383206794002446,1.0,0.0,0.33333333333333326,0.0
TMEM128,0.48532967959294476,1.0,1.0,0.33333333333333326,0.0
TMEM129,0.5366629148041672,0.42809333293642826,1.0,1.0,0.0
TMEM130,0.31124483401500413,1.0,0.0,1.0,0.0
TMEM131,0.4385361265987164,1.0,0.0,1.0,0.0
TMEM131L,0.6311039421802472,0.31432835097570144,0.0,1.0,0.0
TMEM132A,0.6230276114934018,0.2214149158079455,0.0,1.0,0.0
TMEM132B,0.3514877417555863,1.0,0.0,0.33333333333333326,0.0
TMEM132C,0.36409375233461866,0.48538062376644164,1.0,0.33333333333333326,0.0
TMEM132D,0.30083241683864986,1.0,1.0,1.0,0.0
TMEM132E,0.5093396973844961,0.22104339554404676,0.0,1.0,0.0
TMEM134,0.3869598917842242,0.19546517814051173,0.0,1.0,0.0
TMEM140,0.5848356692284303,0.9008490847466429,1.0,1.0,0.0
TMEM141,0.4027535658158516,1.0,0.0,1.0,0.0
TMEM143,0.4971668572853564,0.2891637919583509,0.0,1.0,0.0
TMEM145,0.44261823941288075,1.0,1.0,0.33333333333333326,0.0
TMEM14A,0.3368959233038867,1.0,1.0,1.0,0.0
TMEM14B,0.35676595083223706,1.0,0.0,1.0,0.0
TMEM14C,0.4570840779996987,0.402395208854364,0.0,1.0,0.0
TMEM150A,0.6163881335941959,1.0,1.0,1.0,0.0
TMEM150C,0.385785457194967,1.0,0.0,0.33333333333333326,0.0
TMEM151A,0.42924783522802556,0.5703450227699289,0.0,1.0,0.0
TMEM151B,0.38482581461057747,1.0,1.0,1.0,0.0
TMEM154,0.5741783939158136,0.33267146066725706,0.0,1.0,0.0
TMEM156,0.4989417333939309,1.0,1.0,0.33333333333333326,0.0
TMEM158,0.3113518423440505,1.0,1.0,1.0,0.0
TMEM160,0.398170570951178,1.0,1.0,1.0,0.0
TMEM161A,0.53512360250893,0.056368122461519454,1.0,1.0,0.0
TMEM161B,0.4254016396532437,1.0,0.0,1.0,0.0
TMEM163,0.42223231842043607,1.0,1.0,0.33333333333333326,0.0
TMEM164,0.5234011308054874,0.9263532856724912,0.0,1.0,0.0
TMEM165,0.5882585022446013,0.9469816541928704,1.0,1.0,0.0
TMEM167A,0.46458916624633717,0.1837531351569497,0.0,0.33333333333333326,0.0
TMEM167B,0.5087654528246865,0.41593858084165947,0.0,1.0,0.0
TMEM169,0.32109517210396693,1.0,1.0,1.0,0.0
TMEM17,0.3133300554888284,1.0,1.0,1.0,0.0
TMEM170A,0.5281535619838408,1.0,0.0,1.0,0.0
TMEM171,0.5776170415358666,0.10534303817935697,0.0,0.33333333333333326,0.0
TMEM174,0.38133129104413704,1.0,1.0,0.33333333333333326,0.0
TMEM175,0.3784193929764066,0.1556887648613238,0.0,1.0,0.0
TMEM176A,0.6993157205624819,1.0,0.0,1.0,0.0
TMEM176B,0.49520717235368433,0.2526080790517599,0.0,1.0,0.0
TMEM177,0.41171606970602304,1.0,0.0,1.0,0.0
TMEM178A,0.2898667281445641,1.0,1.0,1.0,0.0
TMEM179,0.45810124977479166,0.6210445797497983,0.0,1.0,0.0
TMEM18,0.442731183334728,0.9492445792858891,0.0,0.33333333333333326,0.0
TMEM181,0.4494237030335169,1.0,0.0,0.33333333333333326,0.0
TMEM182,0.3921959919651578,1.0,0.0,0.33333333333333326,0.0
TMEM183A,0.39311446682266965,1.0,1.0,1.0,0.0
TMEM184B,0.5383972792930842,1.0,1.0,1.0,0.0
TMEM186,0.4568071365645321,0.8620159030955116,0.0,0.33333333333333326,0.0
TMEM19,0.44958206368463866,0.6934084969211374,0.0,1.0,0.0
TMEM190,0.5165914158903495,1.0,0.0,0.33333333333333326,0.0
TMEM196,0.3880598912766993,1.0,0.0,1.0,0.0
TMEM198,0.37178841011358743,1.0,1.0,1.0,0.0
TMEM200A,0.36814900500891334,1.0,0.0,0.33333333333333326,0.0
TMEM200B,0.448500300755347,0.65305516206262,1.0,0.33333333333333326,0.0
TMEM201,0.5343600195637336,1.0,0.0,1.0,0.0
TMEM202,0.5377517011572998,0.38134846139980844,0.0,0.33333333333333326,0.0
TMEM203,0.4735738077696995,1.0,1.0,0.33333333333333326,0.0
TMEM204,0.638717406730962,1.0,1.0,1.0,0.0
TMEM208,0.4240477156323675,1.0,0.0,0.33333333333333326,0.0
TMEM209,0.4574096710427235,0.38259655137186505,0.0,0.33333333333333326,0.0
TMEM214,0.5211282110398958,0.5949891549748889,0.0,0.33333333333333326,0.0
TMEM216,0.6002383066832565,1.0,0.0,1.0,0.0
TMEM217,0.4640376572386598,0.6240790468391962,0.0,1.0,0.0
TMEM230,0.515310561648248,1.0,1.0,0.33333333333333326,0.0
TMEM234,0.5096226307520566,0.1273862989793182,1.0,0.33333333333333326,0.0
TMEM236,0.5782784671445375,1.0,0.0,0.33333333333333326,0.0
TMEM240,0.4892701693100987,0.7687243393396009,1.0,0.33333333333333326,0.0
TMEM242,0.39754576898160837,1.0,0.0,0.33333333333333326,0.0
TMEM243,0.5721784153134475,0.10485567063357475,0.0,1.0,0.0
TMEM244,0.4614286733805901,0.7048873196548109,0.0,0.33333333333333326,0.0
TMEM245,0.5238685516922238,1.0,0.0,1.0,0.0
TMEM25,0.45695354374565145,0.9320517453360389,0.0,0.33333333333333326,0.0
TMEM254,0.4614784471752077,1.0,0.0,0.33333333333333326,0.0
TMEM255A,0.45961735878209475,1.0,1.0,0.33333333333333326,0.0
TMEM255B,0.6060298050375809,1.0,0.0,0.33333333333333326,0.0
TMEM259,0.5073722637191335,0.5673260975012656,0.0,0.33333333333333326,0.0
TMEM26,0.4720669986650207,0.09070154181911612,0.0,0.33333333333333326,0.0
TMEM260,0.41554306388418555,0.3343795874495788,1.0,1.0,0.0
TMEM266,0.4191698411914212,0.07538841773996176,1.0,1.0,0.0
TMEM267,0.44518260494859707,0.4289653541345953,1.0,0.33333333333333326,0.0
TMEM268,0.36570812742843917,1.0,0.0,1.0,0.0
TMEM31,0.5094999332527947,1.0,0.0,0.33333333333333326,0.0
TMEM33,0.5064984568952419,0.2220817901643847,0.0,0.33333333333333326,0.0
TMEM35A,0.37566160820317723,1.0,0.0,0.33333333333333326,0.0
TMEM38A,0.3637634509335357,1.0,0.0,1.0,0.0
TMEM38B,0.602588700430193,1.0,1.0,1.0,0.0
TMEM39A,0.5965987791812797,1.0,1.0,1.0,0.0
TMEM39B,0.5049821015442802,0.33706161934229656,0.0,1.0,0.0
TMEM41A,0.44846927531606995,0.39956156339120863,1.0,0.33333333333333326,0.0
TMEM41B,0.402962432620811,1.0,0.0,0.33333333333333326,0.0
TMEM42,0.5022639378436125,0.8263760096428973,1.0,0.33333333333333326,0.0
TMEM43,0.5851511244130514,1.0,0.0,0.33333333333333326,0.0
TMEM44,0.5354038239948368,1.0,0.0,0.33333333333333326,0.0
TMEM45A,0.5441544489078181,1.0,0.0,1.0,0.0
TMEM47,0.6524480178375153,1.0,1.0,1.0,0.0
TMEM50A,0.44876247746431164,1.0,0.0,0.33333333333333326,0.0
TMEM51,0.5511015055561749,1.0,0.0,1.0,0.0
TMEM52,0.5623672058158858,0.46663770462234994,1.0,0.33333333333333326,0.0
TMEM52B,0.431546242751021,1.0,0.0,0.33333333333333326,0.0
TMEM53,0.4087605007278554,1.0,1.0,1.0,0.0
TMEM54,0.592820614251991,0.4798761328644406,1.0,1.0,0.0
TMEM59,0.4688013860499066,0.04943338727878041,0.0,1.0,0.0
TMEM59L,0.3599099822813965,1.0,1.0,1.0,0.0
TMEM60,0.46310440942659487,0.4261830586168446,0.0,1.0,0.0
TMEM62,0.4607722379737934,1.0,0.0,1.0,0.0
TMEM63B,0.4010213206605643,0.6533037371424146,0.0,0.33333333333333326,0.0
TMEM63C,0.5406019522107738,0.5242098126834983,0.0,0.33333333333333326,0.0
TMEM65,0.33169783574575884,1.0,0.0,0.33333333333333326,0.0
TMEM67,0.4968378770403798,0.3467659977693953,0.0,1.0,0.0
TMEM68,0.49160423344218973,1.0,1.0,0.33333333333333326,0.0
TMEM69,0.4322436135313145,1.0,0.0,0.33333333333333326,0.0
TMEM70,0.49268740310234155,1.0,1.0,0.33333333333333326,0.0
TMEM71,0.5280186014261044,1.0,0.0,1.0,0.0
TMEM74B,0.45425889583202134,1.0,0.0,1.0,0.0
TMEM79,0.46042211877803935,1.0,1.0,0.33333333333333326,0.0
TMEM80,0.5230857142372678,0.1501167074446663,0.0,0.33333333333333326,0.0
TMEM81,0.4215936902478586,1.0,1.0,0.33333333333333326,0.0
TMEM86A,0.5011355940233103,0.8791888370829496,0.0,0.33333333333333326,0.0
TMEM87A,0.515874461800325,0.3524527640711391,0.0,0.33333333333333326,0.0
TMEM87B,0.5385328284483754,0.7043705739779131,1.0,1.0,0.0
TMEM88,0.5546765890831251,0.17190131712375203,0.0,0.33333333333333326,0.0
TMEM8B,0.4366549978898739,1.0,1.0,1.0,0.0
TMEM9,0.42848889632807813,1.0,0.0,0.33333333333333326,0.0
TMEM94,0.5459343726160215,1.0,0.0,1.0,0.0
TMEM97,0.4344943533999065,0.5400402290977396,1.0,1.0,0.0
TMEM98,0.5139540601729505,0.035722421305200966,0.0,1.0,0.0
TMEM9B,0.45238716157456976,1.0,0.0,1.0,0.0
TMF1,0.5148272891673655,0.1386808887806173,0.0,0.33333333333333326,0.0
TMIE,0.40278215900104436,1.0,1.0,1.0,0.0
TMIGD1,0.5098614375979191,0.11218605748300393,0.0,0.33333333333333326,0.0
TMLHE,0.43164053110266254,1.0,0.0,0.33333333333333326,0.0
TMOD3,0.5634043641111948,1.0,1.0,1.0,0.0
TMOD4,0.5000427830222008,0.7456032396746075,0.0,1.0,0.0
TMPO,0.4186580995687997,0.11524882919473314,0.0,0.33333333333333326,0.0
TMPPE,0.42524477855881776,1.0,1.0,1.0,0.0
TMPRSS11A,0.5157292274867008,0.12165899420267434,0.0,1.0,0.0
TMPRSS11B,0.3322027811574601,0.3030158801787046,0.0,1.0,0.0
TMPRSS11F,0.505010222076779,0.6363798380295227,0.0,0.33333333333333326,0.0
TMPRSS3,0.5576733978615895,1.0,0.0,0.33333333333333326,0.0
TMPRSS5,0.7142938911190548,1.0,1.0,1.0,0.0
TMPRSS6,0.42362634012116845,0.12743502095322745,1.0,1.0,0.0
TMPRSS9,0.4971781620367963,0.28737723457611786,0.0,1.0,0.0
TMSB10,0.4290566179638702,1.0,0.0,1.0,0.0
TMSB15A,0.4564145355957729,0.34045124491626527,0.0,0.33333333333333326,0.0
TMSB15B,0.39563513899953606,1.0,0.0,1.0,0.0
TMSB4Y,0.11579227768294097,1.0,1.0,1.0,0.0
TMT1A,0.6722244322395982,1.0,0.0,1.0,0.0
TMT1B,0.6742376354871703,1.0,0.0,1.0,0.0
TMTC1,0.5841399142908685,0.5192873442504841,1.0,1.0,0.0
TMTC3,0.4219143054010306,0.521158010687452,0.0,0.33333333333333326,0.0
TMUB1,0.532323869067853,1.0,0.0,1.0,0.0
TMUB2,0.47419623135113625,0.1111537781892755,0.0,1.0,0.0
TMX1,0.6047088230685104,1.0,1.0,1.0,0.0
TMX2,0.42351405048871726,1.0,0.0,1.0,0.0
TMX3,0.3863961989057477,1.0,1.0,1.0,0.0
TMX4,0.3663650297378607,1.0,1.0,1.0,0.0
TNC,0.55250332671285,0.43579409389571294,0.0,0.33333333333333326,0.0
TNFAIP1,0.48532100382148846,1.0,1.0,0.33333333333333326,0.0
TNFAIP3,0.5822781204485621,1.0,1.0,1.0,0.0
TNFAIP6,0.581138972635174,1.0,0.0,1.0,0.0
TNFAIP8,0.47737004381754594,1.0,1.0,0.33333333333333326,0.0
TNFAIP8L1,0.4304583048818505,1.0,0.0,1.0,0.0
TNFAIP8L2,0.583986630616167,1.0,0.0,0.33333333333333326,0.0
TNFAIP8L3,0.44912736790215135,1.0,0.0,0.33333333333333326,0.0
TNFRSF10A,0.5955177193167972,1.0,0.0,0.33333333333333326,0.0
TNFRSF10B,0.668078870893865,1.0,1.0,1.0,0.0
TNFRSF10C,0.5116713059102095,0.9552262900299184,0.0,1.0,0.0
TNFRSF10D,0.6796003453439561,1.0,0.0,0.33333333333333326,0.0
TNFRSF11A,0.4318401312982822,0.9043489520451009,0.0,1.0,0.0
TNFRSF11B,0.8369178525006538,1.0,1.0,1.0,0.0
TNFRSF12A,0.5717953234022625,1.0,1.0,0.33333333333333326,0.0
TNFRSF14,0.5713614790268792,0.7069526133121021,1.0,1.0,0.0
TNFRSF18,0.45444993192797123,0.7805463993184174,0.0,0.33333333333333326,0.0
TNFRSF1A,0.7014997533703883,1.0,1.0,1.0,0.0
TNFRSF1B,0.6616633043916724,1.0,0.0,0.33333333333333326,0.0
TNFRSF21,0.42275656978482756,1.0,0.0,1.0,0.0
TNFRSF25,0.5898471267571697,1.0,0.0,0.33333333333333326,0.0
TNFRSF6B,0.5234180665569661,0.6083757150649789,0.0,1.0,0.0
TNFRSF8,0.5093762566570402,0.3488450127114477,0.0,1.0,0.0
TNFRSF9,0.5170992919028026,1.0,0.0,1.0,0.0
TNFSF10,0.5003102241013525,0.6341094530740963,1.0,0.33333333333333326,0.0
TNFSF11,0.39300484376339245,0.32374179177104656,1.0,1.0,0.0
TNFSF12,0.5188194600748628,1.0,0.0,1.0,0.0
TNFSF13,0.625105496116344,1.0,1.0,1.0,0.0
TNFSF13B,0.5545382482247259,1.0,1.0,1.0,0.0
TNFSF14,0.4828905104761208,1.0,1.0,0.33333333333333326,0.0
TNFSF18,0.4606723330608366,0.4914269146074503,0.0,1.0,0.0
TNFSF8,0.5502934976433468,0.38507117134966806,0.0,1.0,0.0
TNFSF9,0.5059032396291254,0.5945142414806134,0.0,0.33333333333333326,0.0
TNIK,0.5179757077493321,0.6409719285486225,1.0,0.33333333333333326,0.0
TNIP1,0.5366994164331413,1.0,0.0,1.0,0.0
TNIP2,0.6645227175284352,1.0,0.0,0.33333333333333326,0.0
TNIP3,0.4017408892090132,1.0,0.0,1.0,0.0
TNK1,0.43474145352743093,0.1334470707140763,1.0,0.33333333333333326,0.0
TNK2,0.48821961346777615,1.0,1.0,0.33333333333333326,0.0
TNKS,0.504673805186745,0.6747338941570213,0.0,1.0,0.0
TNKS2,0.395337425329141,1.0,1.0,0.33333333333333326,0.0
TNMD,0.5069986538927364,1.0,1.0,0.33333333333333326,0.0
TNN,0.40212642948299027,1.0,1.0,1.0,0.0
TNNC1,0.3872856011218916,0.1511436170305003,0.0,0.33333333333333326,0.0
TNNI2,0.5650282092636534,0.8667935316311036,1.0,1.0,0.0
TNNI3,0.3944604055784201,0.8365886794440969,1.0,1.0,0.0
TNNI3K,0.36221445118640994,1.0,0.0,1.0,0.0
TNNT3,0.5834875030326047,0.7811654753771096,1.0,1.0,0.0
TNPO2,0.4094357680105445,0.3789548905898693,0.0,1.0,0.0
TNPO3,0.531739184146628,0.5807035275332127,0.0,0.33333333333333326,0.0
TNRC18,0.5457277931662783,1.0,0.0,1.0,0.0
TNRC6A,0.5327840833505523,1.0,1.0,0.33333333333333326,0.0
TNRC6B,0.5528555365573126,1.0,0.0,1.0,0.0
TNRC6C,0.5274085716738665,0.26288004675126786,0.0,0.33333333333333326,0.0
TNS1,0.6428138674744456,1.0,1.0,1.0,0.0
TNS2,0.5981066738721409,1.0,0.0,1.0,0.0
TNS3,0.6449251584576308,1.0,1.0,0.33333333333333326,0.0
TNS4,0.5589245596852362,0.22597443637868292,0.0,1.0,0.0
TNXB,0.6468048491740388,1.0,1.0,1.0,0.0
TOB1,0.6082585572296486,1.0,1.0,1.0,0.0
TOB2,0.4936172860814108,1.0,1.0,0.33333333333333326,0.0
TOGARAM1,0.45522592303258147,1.0,0.0,1.0,0.0
TOM1L1,0.4234994744699393,1.0,0.0,1.0,0.0
TOMM20,0.21849656423248073,1.0,1.0,1.0,0.0
TOMM22,0.42726823875177417,1.0,0.0,1.0,0.0
TOMM34,0.4291574422831094,1.0,0.0,1.0,0.0
TOMM40,0.382066266823853,1.0,1.0,1.0,0.0
TOMM40L,0.41182309397565714,1.0,0.0,0.33333333333333326,0.0
TOMM5,0.4530398339424694,1.0,0.0,0.33333333333333326,0.0
TOMM7,0.4933729931236303,0.012982389077998481,0.0,1.0,0.0
TOMM70,0.32574354515527987,1.0,0.0,1.0,0.0
TONSL,0.42477018605228456,0.8354618415718296,1.0,0.33333333333333326,0.0
TOP1MT,0.37615288010951425,0.07077478723082876,0.0,1.0,0.0
TOP2B,0.439013764517798,1.0,0.0,0.33333333333333326,0.0
TOP3A,0.4549796648014989,0.560096669815042,1.0,0.33333333333333326,0.0
TOP6BL,0.4342757764135526,1.0,0.0,0.33333333333333326,0.0
TOPAZ1,0.43074621123639745,0.3669018352084536,1.0,0.33333333333333326,0.0
TOPBP1,0.4329654762997104,1.0,0.0,1.0,0.0
TOPORS,0.5591512108021787,1.0,1.0,1.0,0.0
TOR1A,0.4231113285875869,1.0,0.0,0.33333333333333326,0.0
TOR1AIP1,0.5642418805738494,1.0,1.0,1.0,0.0
TOR1AIP2,0.4582871828924326,0.15941546118269134,0.0,1.0,0.0
TOR1B,0.537037727185456,0.9930346696225012,1.0,1.0,0.0
TOR2A,0.5399277434822408,0.4906233524309396,1.0,1.0,0.0
TOR3A,0.30586317862035306,0.45082933281763393,0.0,0.33333333333333326,0.0
TOR4A,0.6237966516231512,1.0,1.0,1.0,0.0
TOX,0.3140004256335641,1.0,0.0,1.0,0.0
TOX2,0.3855988186243882,1.0,1.0,1.0,0.0
TOX3,0.32944135359676135,1.0,0.0,0.33333333333333326,0.0
TOX4,0.42212598483066427,1.0,1.0,1.0,0.0
TP53,0.5962608328297907,1.0,0.0,1.0,0.0
TP53BP1,0.4358904359731844,1.0,0.0,0.33333333333333326,0.0
TP53BP2,0.5691202953751217,1.0,1.0,1.0,0.0
TP53I11,0.533595164646075,0.7452542226177721,0.0,1.0,0.0
TP53I13,0.5443430765564262,1.0,0.0,1.0,0.0
TP53I3,0.5662426159735505,1.0,1.0,1.0,0.0
TP53INP1,0.6084401356662539,1.0,0.0,1.0,0.0
TP53INP2,0.41680444635734976,0.7633119183414793,0.0,1.0,0.0
TP53TG3,0.5072021099200731,1.0,0.0,1.0,0.0
TP53TG5,0.46682223872728146,1.0,1.0,0.33333333333333326,0.0
TP63,0.3842048384015566,0.08834407119847448,0.0,1.0,0.0
TPBG,0.4043053956029553,1.0,1.0,0.33333333333333326,0.0
TPCN1,0.5405433932272147,1.0,0.0,1.0,0.0
TPCN2,0.4424388982215134,0.1806506855808797,1.0,0.33333333333333326,0.0
TPD52,0.3869559618597634,1.0,1.0,1.0,0.0
TPD52L1,0.70743187328875,1.0,1.0,1.0,0.0
TPD52L2,0.5543241420722904,1.0,0.0,1.0,0.0
TPGS1,0.5533574596504258,1.0,1.0,1.0,0.0
TPGS2,0.4058851378175435,1.0,0.0,0.33333333333333326,0.0
TPH1,0.46529714800929317,0.3695158865363192,0.0,0.33333333333333326,0.0
TPH2,0.39587964497973016,1.0,0.0,0.33333333333333326,0.0
TPI1,0.3711112328327667,1.0,1.0,1.0,0.0
TPK1,0.44824297409933095,1.0,0.0,0.33333333333333326,0.0
TPM1,0.5686401442146602,1.0,0.0,0.33333333333333326,0.0
TPM2,0.6117565107509274,1.0,1.0,1.0,0.0
TPM3,0.45389588899287464,1.0,1.0,0.33333333333333326,0.0
TPM4,0.4796966066933775,0.5110116508922161,0.0,0.33333333333333326,0.0
TPMT,0.41645021862987813,1.0,1.0,1.0,0.0
TPP1,0.5937193264764324,1.0,0.0,1.0,0.0
TPP2,0.4741308812518389,0.09501498196883956,0.0,0.33333333333333326,0.0
TPPP,0.37013217486214844,1.0,0.0,1.0,0.0
TPPP3,0.45449894525881096,0.17392400682392933,0.0,0.33333333333333326,0.0
TPR,0.519151803504001,0.6399523358709316,1.0,1.0,0.0
TPRA1,0.5542610462161592,1.0,0.0,1.0,0.0
TPRG1,0.5377833291017958,0.08750956458337993,1.0,1.0,0.0
TPRG1L,0.38796118154121806,1.0,0.0,1.0,0.0
TPRKB,0.45878585995711346,1.0,0.0,0.33333333333333326,0.0
TPRN,0.5339996821533001,1.0,0.0,1.0,0.0
TPRX1,0.5035633250154148,0.3732840197588452,1.0,0.33333333333333326,0.0
TPSB2,0.4736563709746627,1.0,1.0,0.33333333333333326,0.0
TPSG1,0.44878645375645265,0.9619433313599677,0.0,1.0,0.0
TPST2,0.5737879962374374,1.0,1.0,1.0,0.0
TPTE,0.462873487603543,0.9508833060494938,0.0,1.0,0.0
TPTE2,0.3061488473553751,1.0,0.0,1.0,0.0
TPX2,0.4451640810945208,0.7550447485578989,0.0,1.0,0.0
TRA,0.42696792220321356,1.0,0.0,1.0,0.0
TRA2A,0.5113548761830923,0.23335967002004546,0.0,1.0,0.0
TRA2B,0.4559350352021669,0.8743002724283112,0.0,1.0,0.0
TRABD,0.6141722591700911,1.0,0.0,1.0,0.0
TRAF1,0.5479619221426197,1.0,0.0,1.0,0.0
TRAF2,0.5181314200534426,0.8450192029416517,0.0,1.0,0.0
TRAF3,0.38982552870070036,1.0,0.0,0.33333333333333326,0.0
TRAF3IP2,0.6448878445423806,1.0,1.0,1.0,0.0
TRAF3IP3,0.5256175958477053,1.0,0.0,1.0,0.0
TRAF4,0.39538669130990767,1.0,1.0,0.33333333333333326,0.0
TRAF5,0.31422140694357104,0.7915744936234492,1.0,1.0,0.0
TRAF7,0.5653522871193493,1.0,0.0,1.0,0.0
TRAFD1,0.5099500611721051,0.3305110841225641,0.0,0.33333333333333326,0.0
TRAIP,0.5405773402216985,0.5744398964240962,1.0,1.0,0.0
TRAK1,0.5314166846341472,0.13273431431703925,0.0,0.33333333333333326,0.0
TRAM1,0.6522741490965894,1.0,0.0,0.33333333333333326,0.0
TRAM1L1,0.4354629109057037,1.0,0.0,1.0,0.0
TRAM2,0.5943230160704219,1.0,0.0,0.33333333333333326,0.0
TRAP1,0.44634458971180124,1.0,0.0,1.0,0.0
TRAPPC1,0.4273711313211025,0.8578088197919581,0.0,1.0,0.0
TRAPPC11,0.4231836022547835,1.0,0.0,1.0,0.0
TRAPPC12,0.4892396890750851,0.7536910159299216,0.0,0.33333333333333326,0.0
TRAPPC14,0.4474836934973637,0.6405950551687066,0.0,1.0,0.0
TRAPPC2,0.3816827301662397,1.0,1.0,1.0,0.0
TRAPPC2B,0.4780433101996311,1.0,1.0,0.33333333333333326,0.0
TRAPPC2L,0.3319069014329132,1.0,1.0,1.0,0.0
TRAPPC4,0.4215058715412532,1.0,0.0,1.0,0.0
TRAPPC5,0.41847582932244515,1.0,0.0,0.33333333333333326,0.0
TRAPPC6A,0.4368758360235156,1.0,0.0,1.0,0.0
TRAPPC6B,0.39201672067686855,1.0,1.0,1.0,0.0
TRAPPC8,0.4408672234725488,0.10917737258113183,1.0,1.0,0.0
TRAPPC9,0.4200370182326998,1.0,0.0,0.33333333333333326,0.0
TRARG1,0.5178616793681098,1.0,1.0,0.33333333333333326,0.0
TRAT1,0.570775599316401,0.43993652120259163,1.0,1.0,0.0
TREM1,0.5364467312169806,1.0,0.0,1.0,0.0
TREM2,0.6864574920159724,1.0,1.0,1.0,0.0
TREML1,0.4941466198666394,0.13806857534401878,0.0,1.0,0.0
TREML4,0.4738843326068425,0.22872527191395112,0.0,0.33333333333333326,0.0
TRERF1,0.4179827789494357,1.0,0.0,0.33333333333333326,0.0
TRH,0.4739581117676403,0.8984975672359545,1.0,0.33333333333333326,0.0
TRHDE,0.3014335080375337,1.0,1.0,1.0,0.0
TRHR,0.5187749735019986,0.19291017695681686,1.0,0.33333333333333326,0.0
TRIAP1,0.44413790428280137,0.7867978601349241,1.0,1.0,0.0
TRIB1,0.45446811283250566,0.157068434153505,0.0,0.33333333333333326,0.0
TRIB2,0.5109753632253866,0.6500684376670136,1.0,0.33333333333333326,0.0
TRIB3,0.43341970091083853,1.0,0.0,0.33333333333333326,0.0
TRIL,0.6206533119077929,0.29261300326874823,1.0,1.0,0.0
TRIM11,0.4537799741610603,0.6262509059976897,1.0,0.33333333333333326,0.0
TRIM13,0.46749771541446083,0.6400508302802974,1.0,0.33333333333333326,0.0
TRIM14,0.5482967714864205,1.0,0.0,1.0,0.0
TRIM15,0.5700207632335085,0.12320415751435387,0.0,0.33333333333333326,0.0
TRIM16,0.43647480247265863,0.32201197481571403,1.0,0.33333333333333326,0.0
TRIM17,0.3857804679769157,1.0,0.0,1.0,0.0
TRIM2,0.4247189485714412,0.660061551961508,1.0,1.0,0.0
TRIM21,0.6051368189272015,1.0,0.0,1.0,0.0
TRIM22,0.6661976407586016,1.0,1.0,1.0,0.0
TRIM23,0.35480142834676637,1.0,1.0,1.0,0.0
TRIM24,0.6144964400750548,0.6575710240959067,0.0,0.33333333333333326,0.0
TRIM25,0.46296946468640743,0.8657959011594868,1.0,0.33333333333333326,0.0
TRIM26,0.5407638828413575,0.7759188103809472,1.0,1.0,0.0
TRIM27,0.47616761140756625,0.007605862969056755,0.0,0.33333333333333326,0.0
TRIM28,0.5440010257108779,1.0,0.0,1.0,0.0
TRIM29,0.46217933606775913,0.28882507763990406,0.0,1.0,0.0
TRIM31,0.487316885756783,1.0,1.0,0.33333333333333326,0.0
TRIM32,0.4596622182104535,1.0,1.0,0.33333333333333326,0.0
TRIM34,0.4517310207382297,0.603354008659451,1.0,1.0,0.0
TRIM35,0.45273024133275774,0.9321526125627619,0.0,1.0,0.0
TRIM37,0.36837596422798674,1.0,0.0,1.0,0.0
TRIM38,0.6052545001753461,1.0,0.0,0.33333333333333326,0.0
TRIM39,0.5740823497492167,1.0,1.0,1.0,0.0
TRIM4,0.5786713231465916,1.0,0.0,0.33333333333333326,0.0
TRIM42,0.4691618427900399,0.03688291224712036,0.0,1.0,0.0
TRIM43,0.40339877518004086,0.7740009385430439,1.0,1.0,0.0
TRIM44,0.41093671363483547,1.0,1.0,1.0,0.0
TRIM45,0.4040804063417416,1.0,0.0,0.33333333333333326,0.0
TRIM46,0.45707140237463373,0.11330828023455497,0.0,1.0,0.0
TRIM47,0.7224397260809438,1.0,1.0,1.0,0.0
TRIM48,0.3955118328497547,1.0,0.0,0.33333333333333326,0.0
TRIM5,0.6255991556022308,1.0,0.0,1.0,0.0
TRIM52,0.5261148216672118,0.8958085815923726,0.0,0.33333333333333326,0.0
TRIM54,0.4683109625217261,1.0,1.0,0.33333333333333326,0.0
TRIM56,0.669981733983339,1.0,1.0,1.0,0.0
TRIM59,0.5439171383659992,0.42597895087137333,1.0,0.33333333333333326,0.0
TRIM6,0.5895331284321992,0.5509103040178207,1.0,1.0,0.0
TRIM62,0.5778208964378816,0.8601625767158598,1.0,1.0,0.0
TRIM65,0.5668160632326077,1.0,1.0,1.0,0.0
TRIM67,0.32325068383687233,1.0,1.0,1.0,0.0
TRIM68,0.4976207858754716,0.21627502254177558,0.0,0.33333333333333326,0.0
TRIM69,0.5313722488169351,0.9815213993235071,0.0,1.0,0.0
TRIM7,0.43281463553028016,1.0,0.0,1.0,0.0
TRIM71,0.4657539784420758,0.563335832741536,0.0,1.0,0.0
TRIM72,0.44690886787348605,1.0,0.0,1.0,0.0
TRIM73,0.5084262113684697,1.0,0.0,1.0,0.0
TRIM8,0.5635362666038222,1.0,1.0,1.0,0.0
TRIM9,0.3759186804686372,1.0,1.0,1.0,0.0
TRIML2,0.4579428472021832,0.26338713607865516,0.0,0.33333333333333326,0.0
TRIO,0.5558021807766007,0.9547230284349,0.0,0.33333333333333326,0.0
TRIOBP,0.6503909975139565,1.0,1.0,1.0,0.0
TRIP10,0.7397971678143647,1.0,1.0,1.0,0.0
TRIP11,0.5014982148116294,1.0,0.0,0.33333333333333326,0.0
TRIP12,0.5036832725144927,0.4735645225071842,0.0,1.0,0.0
TRIP13,0.4554344610341367,0.5360099644674705,0.0,0.33333333333333326,0.0
TRIP4,0.5393375807369728,1.0,0.0,0.33333333333333326,0.0
TRIP6,0.6327836089490486,1.0,0.0,1.0,0.0
TRIT1,0.4029316026400523,0.2809494801480906,0.0,0.33333333333333326,0.0
TRMT1,0.48374683133991897,1.0,1.0,0.33333333333333326,0.0
TRMT10B,0.47114876553608104,1.0,1.0,0.33333333333333326,0.0
TRMT10C,0.39741982726803904,1.0,0.0,1.0,0.0
TRMT112,0.4986539630503983,0.37311483695402353,0.0,1.0,0.0
TRMT13,0.47160994524480115,0.8663762107943105,1.0,0.33333333333333326,0.0
TRMT1L,0.4526051506158963,0.7572530401166282,0.0,0.33333333333333326,0.0
TRMT2A,0.49254027127084765,0.03999765220050273,0.0,0.33333333333333326,0.0
TRMT2B,0.5110050002378917,0.2827288597471356,0.0,1.0,0.0
TRMT44,0.49798784044295547,0.1385827696241329,0.0,1.0,0.0
TRMT5,0.4252404412037243,1.0,0.0,1.0,0.0
TRMT6,0.3925033377338466,1.0,1.0,1.0,0.0
TRMT61B,0.3447552518778082,1.0,0.0,1.0,0.0
TRMT9B,0.4150721373599791,1.0,0.0,1.0,0.0
TRMU,0.5033680229395106,0.7505258962375501,0.0,0.33333333333333326,0.0
TRNAU1AP,0.5255099104280568,1.0,0.0,1.0,0.0
TRO,0.40055160896041403,1.0,1.0,1.0,0.0
TRPC1,0.43916209802731715,1.0,0.0,1.0,0.0
TRPC3,0.3396494421592963,1.0,0.0,0.33333333333333326,0.0
TRPC4,0.5075448718676537,0.1501117437580603,0.0,0.33333333333333326,0.0
TRPC4AP,0.5342267520726312,0.40330857427736583,0.0,0.33333333333333326,0.0
TRPC5,0.42578558648972575,1.0,0.0,1.0,0.0
TRPC6,0.4232400746301736,1.0,0.0,0.33333333333333326,0.0
TRPM3,0.5634467872262545,1.0,1.0,1.0,0.0
TRPM4,0.5322718431743476,0.6394070608689092,0.0,0.33333333333333326,0.0
TRPM7,0.560787805569788,1.0,0.0,0.33333333333333326,0.0
TRPM8,0.4340499326854857,0.9135983148408263,0.0,1.0,0.0
TRPS1,0.5128027861154452,1.0,1.0,0.33333333333333326,0.0
TRPV1,0.4361626749797821,1.0,1.0,0.33333333333333326,0.0
TRPV2,0.5277007623200197,0.19841812968245717,1.0,0.33333333333333326,0.0
TRPV3,0.4611640062294077,0.018926915554852795,0.0,0.33333333333333326,0.0
TRPV6,0.46809121686144384,0.0991566479804721,0.0,0.33333333333333326,0.0
TRRAP,0.5483364213381521,1.0,1.0,1.0,0.0
TRUB1,0.3851087932088692,1.0,0.0,1.0,0.0
TRUB2,0.3823882959673996,1.0,0.0,1.0,0.0
TSACC,0.5759957323527557,1.0,0.0,1.0,0.0
TSC1,0.4317513896491755,0.48975852464817754,1.0,1.0,0.0
TSC22D2,0.4444309465969961,1.0,0.0,0.33333333333333326,0.0
TSC22D3,0.5632627834647725,0.23688912468944678,0.0,1.0,0.0
TSC22D4,0.573674863350445,1.0,0.0,1.0,0.0
TSEN15,0.40282068591776615,0.7999687981251967,1.0,1.0,0.0
TSEN2,0.4591111788170281,1.0,0.0,1.0,0.0
TSEN34,0.5167701548737608,1.0,0.0,0.33333333333333326,0.0
TSEN54,0.5400767440740806,1.0,0.0,1.0,0.0
TSFM,0.40598364058059894,1.0,0.0,0.33333333333333326,0.0
TSG101,0.47415659315333514,0.2986009695230115,0.0,0.33333333333333326,0.0
TSHB,0.5871163259527649,0.18218119426253426,0.0,1.0,0.0
TSHZ2,0.586416922543324,0.9624012602030542,1.0,1.0,0.0
TSHZ3,0.42617846189617636,1.0,0.0,0.33333333333333326,0.0
TSKU,0.6133179008599285,1.0,0.0,1.0,0.0
TSLP,0.648842497762599,1.0,0.0,0.33333333333333326,0.0
TSN,0.44940660182451037,1.0,0.0,1.0,0.0
TSNARE1,0.5437602841500301,0.04666084356127622,0.0,0.33333333333333326,0.0
TSNAX,0.3672300580633216,1.0,0.0,1.0,0.0
TSPAN1,0.3616073232671547,0.4388553762787296,1.0,1.0,0.0
TSPAN11,0.41347436576198376,0.8011243593817858,1.0,0.33333333333333326,0.0
TSPAN12,0.586093859742671,1.0,1.0,1.0,0.0
TSPAN13,0.30608522895180934,1.0,0.0,1.0,0.0
TSPAN14,0.5498364694789748,1.0,0.0,0.33333333333333326,0.0
TSPAN17,0.46354275869876366,0.4966464986316737,0.0,1.0,0.0
TSPAN18,0.521987177335573,0.5961381199366731,0.0,1.0,0.0
TSPAN19,0.5719970075973614,0.9277829222960416,0.0,0.33333333333333326,0.0
TSPAN3,0.43047377748816257,0.8164615432627634,0.0,0.33333333333333326,0.0
TSPAN32,0.5337853792856647,1.0,0.0,1.0,0.0
TSPAN33,0.5713390078524664,0.3351570334717353,0.0,1.0,0.0
TSPAN5,0.31484294942248575,1.0,1.0,1.0,0.0
TSPAN6,0.5505227885801284,1.0,0.0,0.33333333333333326,0.0
TSPAN7,0.3074736626445654,1.0,1.0,1.0,0.0
TSPAN9,0.41587849756625517,0.9834123403680528,1.0,0.33333333333333326,0.0
TSPEAR,0.4753494705336919,0.08350557518511707,0.0,1.0,0.0
TSPO,0.6904512711792327,1.0,1.0,1.0,0.0
TSPOAP1,0.4173963405010343,0.5229187872893101,1.0,1.0,0.0
TSPY2,0.4172729125095461,0.16743633079838013,0.0,0.33333333333333326,0.0
TSPYL1,0.3250616006052888,1.0,1.0,1.0,0.0
TSPYL4,0.3649602826428525,1.0,0.0,1.0,0.0
TSPYL5,0.35898154583719566,1.0,0.0,1.0,0.0
TSPYL6,0.5942473334601366,0.6025670246020733,0.0,0.33333333333333326,0.0
TSR1,0.4589242087486151,1.0,0.0,0.33333333333333326,0.0
TSR2,0.4057930591889811,1.0,1.0,1.0,0.0
TSR3,0.49672408067864227,0.3075170136747564,1.0,0.33333333333333326,0.0
TSSC4,0.5068158348927705,0.9079847130059867,0.0,0.33333333333333326,0.0
TSSK3,0.5747499111767395,0.10959237845695094,0.0,1.0,0.0
TSSK4,0.4619836730497843,1.0,1.0,0.33333333333333326,0.0
TST,0.5612455209423998,1.0,0.0,1.0,0.0
TTBK1,0.5495872108377203,0.5201296021740462,1.0,1.0,0.0
TTBK2,0.4024773209896462,1.0,1.0,1.0,0.0
TTC1,0.45841423486832217,1.0,0.0,0.33333333333333326,0.0
TTC12,0.5063692724230084,0.16341960911187536,0.0,0.33333333333333326,0.0
TTC13,0.4427440700609032,1.0,0.0,0.33333333333333326,0.0
TTC14,0.45692884669529554,0.5390956001128548,0.0,1.0,0.0
TTC16,0.5206028999203887,0.061591547251520794,1.0,0.33333333333333326,0.0
TTC17,0.530021138594559,1.0,0.0,0.33333333333333326,0.0
TTC19,0.4058202771290097,1.0,1.0,1.0,0.0
TTC21A,0.512723027984758,0.5073519962997147,0.0,1.0,0.0
TTC21B,0.44276481267208784,1.0,0.0,1.0,0.0
TTC22,0.45777962857558163,1.0,0.0,0.33333333333333326,0.0
TTC23,0.5549128109947757,1.0,0.0,1.0,0.0
TTC23L,0.4331595119072522,0.2521696797976912,1.0,1.0,0.0
TTC24,0.41499987713790215,0.6117304904216457,1.0,1.0,0.0
TTC27,0.5083122353043722,0.5444050459165586,0.0,0.33333333333333326,0.0
TTC28,0.5443461746531084,1.0,0.0,0.33333333333333326,0.0
TTC3,0.35765582840221766,1.0,1.0,1.0,0.0
TTC31,0.572739192074271,1.0,0.0,0.33333333333333326,0.0
TTC33,0.40128799607067406,1.0,0.0,0.33333333333333326,0.0
TTC38,0.6311475397772255,1.0,1.0,1.0,0.0
TTC39B,0.47011654145194876,0.12306949901349122,0.0,1.0,0.0
TTC39C,0.4496948590582484,0.7605200811312792,0.0,1.0,0.0
TTC5,0.46882307411381885,0.2849376142574689,0.0,0.33333333333333326,0.0
TTC7A,0.6015933301384501,1.0,1.0,1.0,0.0
TTC7B,0.44129368838275446,1.0,0.0,1.0,0.0
TTC8,0.4234463978786595,1.0,0.0,0.33333333333333326,0.0
TTC9,0.3487405328142379,1.0,0.0,0.33333333333333326,0.0
TTC9B,0.3845617860334086,1.0,0.0,0.33333333333333326,0.0
TTC9C,0.42505080906029985,1.0,0.0,1.0,0.0
TTF1,0.46521551928167726,0.9460273120107263,0.0,1.0,0.0
TTF2,0.5115462017672907,0.21134483880501564,1.0,0.33333333333333326,0.0
TTL,0.40019048757469367,1.0,1.0,1.0,0.0
TTLL1,0.4486107061464216,1.0,0.0,0.33333333333333326,0.0
TTLL10,0.5093029132543399,0.10394772977355211,1.0,0.33333333333333326,0.0
TTLL3,0.5703375596106629,1.0,1.0,1.0,0.0
TTLL4,0.5036566731431142,0.2683712919788515,0.0,0.33333333333333326,0.0
TTLL5,0.43751291965474604,1.0,0.0,0.33333333333333326,0.0
TTLL7,0.4345606187224775,1.0,0.0,1.0,0.0
TTLL9,0.5567898457357199,0.8500994832555018,1.0,1.0,0.0
TTPA,0.3173912737497997,0.5864407029285202,0.0,0.33333333333333326,0.0
TTPAL,0.4965244769600164,1.0,1.0,0.33333333333333326,0.0
TTR,0.6997178694709918,0.1168097262003716,0.0,0.33333333333333326,0.0
TTYH2,0.474749670706059,0.8997782325477712,0.0,0.33333333333333326,0.0
TTYH3,0.39542606931260804,1.0,1.0,1.0,0.0
TUB,0.4249535532077314,1.0,0.0,0.33333333333333326,0.0
TUBA1A,0.34930738642763454,1.0,1.0,1.0,0.0
TUBA1B,0.3697337628081998,1.0,1.0,1.0,0.0
TUBA1C,0.3820035930785005,1.0,1.0,1.0,0.0
TUBA3C,0.3691426099499054,1.0,0.0,0.33333333333333326,0.0
TUBA3E,0.5467073297351855,1.0,1.0,1.0,0.0
TUBA4A,0.3086074412525874,1.0,1.0,1.0,0.0
TUBA4B,0.38850969746654124,1.0,1.0,1.0,0.0
TUBAL3,0.6291628943738569,1.0,0.0,1.0,0.0
TUBB1,0.5114650886186212,0.7993987714867192,0.0,0.33333333333333326,0.0
TUBB2A,0.25227134529712497,1.0,1.0,1.0,0.0
TUBB2B,0.3631988651911537,0.3461742658740246,0.0,0.33333333333333326,0.0
TUBB3,0.24990297800392844,1.0,1.0,1.0,0.0
TUBB4A,0.2734544042643474,1.0,1.0,1.0,0.0
TUBB4B,0.3259022017767404,1.0,1.0,1.0,0.0
TUBB6,0.7498091629410001,1.0,1.0,1.0,0.0
TUBB8,0.47011940068193614,0.03329946846185716,0.0,1.0,0.0
TUBD1,0.5220311602221617,0.7010430540987623,0.0,1.0,0.0
TUBE1,0.5173200604339872,0.6343737733693191,0.0,0.33333333333333326,0.0
TUBG1,0.3839181090508903,1.0,1.0,1.0,0.0
TUBG2,0.3562383317098781,1.0,1.0,1.0,0.0
TUBGCP2,0.5131736775758666,0.9142961354301451,1.0,0.33333333333333326,0.0
TUBGCP3,0.538454698652729,0.2789424938256407,0.0,0.33333333333333326,0.0
TUBGCP4,0.37589725690157666,1.0,0.0,0.33333333333333326,0.0
TUBGCP5,0.37832758703217806,1.0,0.0,0.33333333333333326,0.0
TUBGCP6,0.5326455505050038,1.0,0.0,1.0,0.0
TULP1,0.4733615792773265,0.20393258830105407,0.0,1.0,0.0
TULP2,0.4716485178744249,0.1094066932243218,0.0,0.33333333333333326,0.0
TULP3,0.5149970018367598,1.0,0.0,1.0,0.0
TULP4,0.4534572922238238,0.4292974024057033,0.0,0.33333333333333326,0.0
TUSC1,0.5480359053433878,1.0,1.0,0.33333333333333326,0.0
TUSC2,0.4475932346600321,1.0,1.0,0.33333333333333326,0.0
TUSC3,0.26237445239554413,1.0,1.0,1.0,0.0
TUT1,0.522180598818748,1.0,0.0,0.33333333333333326,0.0
TUT4,0.44712464697578846,0.30915847006739905,1.0,0.33333333333333326,0.0
TUT7,0.574268940627368,1.0,1.0,1.0,0.0
TVP23B,0.5014596755840284,0.1636118509167409,0.0,1.0,0.0
TWF1,0.5625994135069992,1.0,1.0,1.0,0.0
TWF2,0.4111828064169475,1.0,1.0,1.0,0.0
TWIST1,0.5969884773918956,1.0,1.0,1.0,0.0
TWIST2,0.38408656420395176,0.2541302540721692,0.0,1.0,0.0
TWNK,0.4995083047319957,0.3652802846338058,0.0,1.0,0.0
TXK,0.4256203175021447,1.0,0.0,0.33333333333333326,0.0
TXLNA,0.512675006179104,0.12713789673245082,1.0,0.33333333333333326,0.0
TXLNB,0.43283539065209675,0.7752858088365441,0.0,1.0,0.0
TXLNG,0.41292974793211273,1.0,1.0,1.0,0.0
TXN,0.37099359055455144,1.0,0.0,1.0,0.0
TXNDC11,0.5446473653547,1.0,1.0,1.0,0.0
TXNDC12,0.5041339769559403,0.7646073107587052,0.0,1.0,0.0
TXNDC15,0.4273069336205844,1.0,1.0,1.0,0.0
TXNDC17,0.4296543199712894,1.0,0.0,1.0,0.0
TXNDC2,0.5016286444611153,0.1297301600149187,0.0,1.0,0.0
TXNDC5,0.5745638481838028,1.0,1.0,1.0,0.0
TXNDC8,0.5308955695149805,0.2037877216753296,1.0,0.33333333333333326,0.0
TXNDC9,0.39358276201274695,1.0,0.0,0.33333333333333326,0.0
TXNIP,0.7211312256425993,1.0,1.0,1.0,0.0
TXNL4A,0.40836340261813076,1.0,0.0,1.0,0.0
TXNL4B,0.5484904282215546,0.37095670973275435,0.0,1.0,0.0
TXNRD1,0.5148589575148225,0.5685792215225198,0.0,1.0,0.0
TYK2,0.581497699797386,1.0,0.0,0.33333333333333326,0.0
TYMP,0.4703969025352904,1.0,1.0,0.33333333333333326,0.0
TYMS,0.43311122351231984,0.2638525263288353,0.0,1.0,0.0
TYR,0.45652439098956205,0.6782360681403891,0.0,1.0,0.0
TYRO3,0.45059311936285235,1.0,0.0,1.0,0.0
TYROBP,0.7492075214596334,1.0,1.0,1.0,0.0
TYRP1,0.3802506701609325,1.0,0.0,0.33333333333333326,0.0
TYSND1,0.46660418544692217,0.34387205024814954,0.0,0.33333333333333326,0.0
TYW1,0.4676001790336645,0.18996729313212288,0.0,1.0,0.0
TYW2,0.4208896610510715,1.0,1.0,1.0,0.0
TYW3,0.5220539884852972,1.0,0.0,1.0,0.0
U2AF1L4,0.46328013676557933,0.421799250674789,0.0,0.33333333333333326,0.0
U2AF2,0.5132335875631183,1.0,0.0,0.33333333333333326,0.0
U2SURP,0.4202347631481704,1.0,0.0,1.0,0.0
UACA,0.5398593538185253,1.0,0.0,1.0,0.0
UAP1,0.40169735803540063,1.0,0.0,1.0,0.0
UAP1L1,0.4533413517423816,1.0,1.0,0.33333333333333326,0.0
UBA1,0.4732565876821636,0.7406892455770557,1.0,0.33333333333333326,0.0
UBA2,0.4550008882075511,0.787156112358724,0.0,0.33333333333333326,0.0
UBA3,0.40542830311117434,1.0,0.0,0.33333333333333326,0.0
UBA5,0.3915538912176624,1.0,0.0,1.0,0.0
UBA52,0.5259620837114138,0.8606519685538853,0.0,0.33333333333333326,0.0
UBA6,0.5096465008886438,1.0,0.0,0.33333333333333326,0.0
UBA7,0.5157245466714824,1.0,0.0,0.33333333333333326,0.0
UBAC1,0.4971284551472128,0.33555557946865516,0.0,0.33333333333333326,0.0
UBALD1,0.5404071410171979,0.8467028649594946,0.0,0.33333333333333326,0.0
UBALD2,0.5969777122334877,1.0,1.0,1.0,0.0
UBAP1,0.520853453843421,1.0,0.0,1.0,0.0
UBASH3B,0.250815560028025,1.0,1.0,1.0,0.0
UBB,0.4157609443007158,1.0,1.0,1.0,0.0
UBD,0.5780514927178038,0.6329316378059131,1.0,1.0,0.0
UBE2A,0.5448355344750399,1.0,0.0,1.0,0.0
UBE2B,0.424356117917611,1.0,0.0,1.0,0.0
UBE2C,0.4623565912818117,0.9175012409909424,1.0,0.33333333333333326,0.0
UBE2D1,0.37687514944334005,1.0,1.0,1.0,0.0
UBE2D2,0.40686665517018006,1.0,0.0,0.33333333333333326,0.0
UBE2D3,0.44000138979917447,0.15573584290781736,0.0,0.33333333333333326,0.0
UBE2D4,0.4552139610181193,1.0,0.0,1.0,0.0
UBE2E1,0.41062531841313665,0.2943810227767783,0.0,1.0,0.0
UBE2E3,0.374478992118915,1.0,1.0,1.0,0.0
UBE2F,0.4952158364130526,1.0,1.0,0.33333333333333326,0.0
UBE2G1,0.42669706004521163,1.0,0.0,1.0,0.0
UBE2G2,0.5178571817438482,1.0,0.0,0.33333333333333326,0.0
UBE2I,0.4653681474694264,0.06771355117078821,0.0,0.33333333333333326,0.0
UBE2J1,0.533472633255609,1.0,0.0,0.33333333333333326,0.0
UBE2K,0.39974052786439007,1.0,0.0,1.0,0.0
UBE2L3,0.5484437884299895,1.0,0.0,1.0,0.0
UBE2L6,0.553278172398505,1.0,0.0,0.33333333333333326,0.0
UBE2M,0.4311836028388449,1.0,0.0,1.0,0.0
UBE2N,0.3756666231784386,1.0,0.0,1.0,0.0
UBE2NL,0.32957839522722054,1.0,0.0,1.0,0.0
UBE2Q1,0.4587871872103484,0.40250492993638287,0.0,1.0,0.0
UBE2Q2,0.46060901139230737,0.6796291651004336,0.0,0.33333333333333326,0.0
UBE2QL1,0.30320212230018184,1.0,0.0,1.0,0.0
UBE2R2,0.5161661808925941,0.16104898846142052,1.0,1.0,0.0
UBE2S,0.4203133285782101,1.0,0.0,1.0,0.0
UBE2T,0.2893752221873713,1.0,0.0,1.0,0.0
UBE2V1,0.3478823189778105,1.0,1.0,1.0,0.0
UBE2V2,0.2826202575895566,1.0,1.0,1.0,0.0
UBE2Z,0.4454764890937463,0.9752223699241687,0.0,0.33333333333333326,0.0
UBE3A,0.4215573248561318,1.0,1.0,1.0,0.0
UBE3B,0.5404070199386636,1.0,1.0,1.0,0.0
UBE3C,0.4382566319166407,1.0,0.0,1.0,0.0
UBE3D,0.5251094486809766,1.0,1.0,0.33333333333333326,0.0
UBE4A,0.46925526005164697,0.4340372311018467,0.0,0.33333333333333326,0.0
UBE4B,0.4703565159141433,0.369083240990527,1.0,0.33333333333333326,0.0
UBFD1,0.44237823731681514,0.842163905587468,0.0,1.0,0.0
UBL3,0.4383387721066207,0.41312624686891125,1.0,1.0,0.0
UBL4A,0.38135177100268797,1.0,0.0,1.0,0.0
UBL5,0.4203317117971144,1.0,1.0,1.0,0.0
UBLCP1,0.2792926489042719,1.0,1.0,1.0,0.0
UBN1,0.4009332174641243,0.3060678532667518,0.0,1.0,0.0
UBN2,0.5589165016810462,0.8460294808957987,0.0,0.33333333333333326,0.0
UBOX5,0.49676362398829,0.29144045157221404,0.0,0.33333333333333326,0.0
UBP1,0.46566643134900076,0.8977579292235458,0.0,1.0,0.0
UBQLN1,0.4755401572577395,1.0,1.0,0.33333333333333326,0.0
UBQLN2,0.36877654339624766,1.0,1.0,1.0,0.0
UBQLN4,0.4240462305914819,1.0,0.0,0.33333333333333326,0.0
UBQLNL,0.5760222519443526,1.0,0.0,1.0,0.0
UBR1,0.42733132328140233,0.732076271746521,0.0,0.33333333333333326,0.0
UBR2,0.5112712074313409,0.48467858195047897,0.0,0.33333333333333326,0.0
UBR3,0.4283611843228955,1.0,0.0,1.0,0.0
UBR5,0.5673422983990618,1.0,0.0,1.0,0.0
UBR7,0.4611469771974141,1.0,0.0,1.0,0.0
UBTD1,0.5730143597515663,1.0,0.0,1.0,0.0
UBTD2,0.3962521666577367,0.13426371999633507,0.0,0.33333333333333326,0.0
UBXN1,0.5205389981090901,1.0,0.0,1.0,0.0
UBXN10,0.3952370435723127,1.0,0.0,1.0,0.0
UBXN11,0.5359554709820885,0.10183636489702899,0.0,0.33333333333333326,0.0
UBXN2A,0.5252609068860823,1.0,0.0,1.0,0.0
UBXN4,0.5050239194408885,1.0,0.0,0.33333333333333326,0.0
UBXN6,0.42906888328397974,1.0,0.0,1.0,0.0
UCHL1,0.18575242585647758,1.0,1.0,1.0,0.0
UCHL3,0.46704876341221213,1.0,1.0,0.33333333333333326,0.0
UCHL5,0.35191511191196156,1.0,0.0,1.0,0.0
UCK1,0.5379765313920175,1.0,0.0,1.0,0.0
UCK2,0.37939847310803615,1.0,1.0,1.0,0.0
UCKL1,0.5266193587904747,1.0,0.0,1.0,0.0
UCMA,0.5553534594311081,1.0,1.0,1.0,0.0
UCN,0.4785207565411697,1.0,1.0,0.33333333333333326,0.0
UCN2,0.5084905813506614,0.928478468921381,0.0,1.0,0.0
UCN3,0.5553652501589726,1.0,1.0,1.0,0.0
UCP1,0.38434035100958713,0.2526639173055319,0.0,0.33333333333333326,0.0
UCP2,0.5733882145431048,1.0,0.0,0.33333333333333326,0.0
UCP3,0.5755707208044074,1.0,1.0,1.0,0.0
UFSP2,0.4354791394639162,1.0,1.0,1.0,0.0
UGCG,0.3818533337079007,0.8903920275696601,1.0,1.0,0.0
UGDH,0.5691762474009558,1.0,1.0,1.0,0.0
UGGT2,0.4225147414618504,1.0,0.0,0.33333333333333326,0.0
UGP2,0.36539153032985666,1.0,0.0,1.0,0.0
UGT2A1,0.45749934997223135,0.6750266018656231,1.0,0.33333333333333326,0.0
UGT2A3,0.44514311108576643,0.769284969577144,0.0,0.33333333333333326,0.0
UGT2B10,0.5155947855943842,0.30327704902438213,0.0,1.0,0.0
UGT2B11,0.5374961392120102,0.379734059253951,0.0,1.0,0.0
UGT2B28,0.5058623406049736,0.3016452001051277,0.0,1.0,0.0
UGT2B4,0.3584751996867218,0.1687270110361857,0.0,1.0,0.0
UGT2B7,0.5862177284422866,0.18808115735426836,0.0,1.0,0.0
UGT3A2,0.5159788734208401,1.0,0.0,1.0,0.0
UHRF1,0.6358220594471826,1.0,0.0,1.0,0.0
UIMC1,0.5452688733886012,1.0,0.0,1.0,0.0
ULBP1,0.3301643625092636,0.2531341715783874,0.0,0.33333333333333326,0.0
ULBP2,0.43978023027190066,1.0,0.0,1.0,0.0
ULBP3,0.4024863871930404,0.6049064289551885,1.0,1.0,0.0
ULK1,0.43115234491293813,0.5387554806455696,1.0,0.33333333333333326,0.0
ULK2,0.5761926345948928,1.0,0.0,0.33333333333333326,0.0
UMPS,0.5220851378086597,0.5891681719252054,1.0,0.33333333333333326,0.0
UNC119,0.45463621904361956,1.0,1.0,0.33333333333333326,0.0
UNC13A,0.3776383704453382,1.0,1.0,1.0,0.0
UNC13D,0.5382990593577097,1.0,0.0,1.0,0.0
UNC45A,0.46244559227560667,1.0,1.0,0.33333333333333326,0.0
UNC50,0.44422472129179896,0.32570576205547674,1.0,1.0,0.0
UNC5A,0.40909554452323615,0.42016896775624507,1.0,0.33333333333333326,0.0
UNC5B,0.5717637855644538,1.0,1.0,1.0,0.0
UNC5C,0.5332612852373767,0.20867927889713134,0.0,1.0,0.0
UNC5CL,0.5255178523185626,0.7532621149949562,0.0,1.0,0.0
UNC5D,0.27962349839578643,1.0,0.0,0.33333333333333326,0.0
UNC79,0.3352901674230935,1.0,1.0,1.0,0.0
UNC80,0.357274811514081,1.0,1.0,1.0,0.0
UNC93A,0.5358302961694977,0.1429622720571532,0.0,0.33333333333333326,0.0
UNC93B1,0.6072587621654162,1.0,0.0,0.33333333333333326,0.0
UNG,0.6134111552722389,1.0,0.0,1.0,0.0
UNKL,0.5325662924988649,1.0,0.0,1.0,0.0
UPB1,0.5127369953331414,1.0,0.0,1.0,0.0
UPF1,0.5036569896678649,0.2020394164889111,0.0,1.0,0.0
UPF3B,0.46067625385190664,0.2629755751375853,1.0,0.33333333333333326,0.0
UPK1B,0.5263956978244787,1.0,0.0,0.33333333333333326,0.0
UPK3B,0.537026829720907,1.0,0.0,1.0,0.0
UPP1,0.5013072659733461,1.0,1.0,0.33333333333333326,0.0
UPP2,0.5082930096884343,0.17658278691093843,0.0,1.0,0.0
UPRT,0.43241571907981424,1.0,0.0,1.0,0.0
UQCC2,0.46358602848475844,0.5632540827349212,0.0,0.33333333333333326,0.0
UQCR10,0.4244796402164375,1.0,0.0,1.0,0.0
UQCR11,0.42317543609588004,1.0,0.0,1.0,0.0
UQCRB,0.46876989276157666,0.2639279452012663,0.0,0.33333333333333326,0.0
UQCRC1,0.37779556979761686,1.0,0.0,1.0,0.0
UQCRC2,0.45606221095269994,0.23193731011489652,0.0,1.0,0.0
UQCRFS1,0.36265802488288973,1.0,0.0,1.0,0.0
UQCRH,0.35617671814895036,1.0,1.0,1.0,0.0
UQCRQ,0.41278548427218625,1.0,0.0,0.33333333333333326,0.0
URB1,0.4302685229102814,0.2867419498777083,0.0,0.33333333333333326,0.0
URM1,0.4388344973366128,0.1882239157782506,1.0,1.0,0.0
UROC1,0.33782324552572784,0.4630233325703868,0.0,0.33333333333333326,0.0
UROD,0.4105071680415644,1.0,1.0,1.0,0.0
UROS,0.40978875140834076,1.0,0.0,1.0,0.0
USB1,0.43544934797713875,1.0,1.0,1.0,0.0
USE1,0.527015471882103,1.0,1.0,0.33333333333333326,0.0
USF2,0.533250450160891,1.0,0.0,0.33333333333333326,0.0
USF3,0.3998284898579232,0.174659403397201,0.0,1.0,0.0
USH1C,0.5276450439262055,0.20178840793912378,0.0,0.33333333333333326,0.0
USH1G,0.5090877245285385,0.7043729521246679,1.0,0.33333333333333326,0.0
USH2A,0.4717194855973312,0.0917490228308593,0.0,1.0,0.0
USHBP1,0.46340593077130077,0.318569139926913,0.0,1.0,0.0
USO1,0.4228338882219464,1.0,0.0,0.33333333333333326,0.0
USP1,0.547631363929194,1.0,1.0,1.0,0.0
USP10,0.417868371077713,1.0,0.0,0.33333333333333326,0.0
USP11,0.33544661466009734,1.0,1.0,1.0,0.0
USP12,0.3677696854744248,1.0,0.0,1.0,0.0
USP13,0.410324112365352,1.0,1.0,1.0,0.0
USP14,0.42236872428288874,1.0,0.0,1.0,0.0
USP17L2,0.4683554426105481,0.22055891293252494,0.0,1.0,0.0
USP19,0.5258349463406938,0.5122904619839385,1.0,0.33333333333333326,0.0
USP20,0.24333397518030284,0.5161152687447051,0.0,0.33333333333333326,0.0
USP24,0.5196217240787625,1.0,0.0,1.0,0.0
USP25,0.4422749785767824,1.0,0.0,0.33333333333333326,0.0
USP27X,0.4216351930434709,1.0,0.0,0.33333333333333326,0.0
USP28,0.48810571158083843,0.5142871871365615,1.0,0.33333333333333326,0.0
USP3,0.5979533235770258,1.0,0.0,1.0,0.0
USP30,0.43952852150899024,1.0,0.0,1.0,0.0
USP31,0.5272874110456067,0.09386739355242923,0.0,0.33333333333333326,0.0
USP33,0.45567912413694955,1.0,0.0,0.33333333333333326,0.0
USP34,0.4955240688863558,0.13463378809618304,0.0,1.0,0.0
USP35,0.557305366306308,0.12668826006398923,1.0,1.0,0.0
USP36,0.5396647677815595,0.8630476150651393,0.0,1.0,0.0
USP37,0.5349867856091325,1.0,0.0,1.0,0.0
USP38,0.4598942969361253,0.9867714820794291,1.0,0.33333333333333326,0.0
USP39,0.4959667429346743,0.19634381678526153,0.0,0.33333333333333326,0.0
USP40,0.5578720735828498,1.0,0.0,0.33333333333333326,0.0
USP42,0.4736569193349517,1.0,1.0,0.33333333333333326,0.0
USP46,0.5390282604729152,1.0,1.0,0.33333333333333326,0.0
USP47,0.5253029806057891,0.8448885196530732,1.0,1.0,0.0
USP48,0.456812484558297,1.0,0.0,1.0,0.0
USP49,0.4364491704896072,0.5930044379998527,0.0,0.33333333333333326,0.0
USP5,0.411184703454004,0.42570603595087075,1.0,1.0,0.0
USP51,0.458606778617335,0.8831472883314094,0.0,0.33333333333333326,0.0
USP53,0.5753521998726369,0.6184615444097465,1.0,1.0,0.0
USP54,0.6727155943927845,1.0,1.0,1.0,0.0
USP7,0.4538195171336092,1.0,0.0,1.0,0.0
USP8,0.5009321835138915,0.8890288109138441,0.0,0.33333333333333326,0.0
USP9X,0.4279054003513322,1.0,0.0,0.33333333333333326,0.0
USP9Y,0.28718672917829424,1.0,0.0,1.0,0.0
UST,0.4313995245116087,1.0,0.0,0.33333333333333326,0.0
UTF1,0.5681656592468945,1.0,1.0,1.0,0.0
UTP11,0.4265079150264374,1.0,0.0,1.0,0.0
UTP14A,0.43708260810763894,1.0,0.0,0.33333333333333326,0.0
UTP14C,0.538058287973862,1.0,1.0,1.0,0.0
UTP18,0.4841085127064566,1.0,1.0,0.33333333333333326,0.0
UTP23,0.4608518665812244,0.33949139606183426,0.0,0.33333333333333326,0.0
UTP25,0.3370181650008432,0.2183708390482435,0.0,1.0,0.0
UTP3,0.3996779234745182,1.0,0.0,0.33333333333333326,0.0
UTP4,0.40709454863717653,1.0,1.0,1.0,0.0
UTRN,0.5753167234373755,0.6855960173810511,0.0,1.0,0.0
UTS2,0.44937037784876727,0.646013976892036,1.0,0.33333333333333326,0.0
UTS2B,0.43291110744850225,1.0,0.0,0.33333333333333326,0.0
UTS2R,0.4660927468598969,0.9417928961349701,0.0,0.33333333333333326,0.0
UTY,0.46338065966650294,0.3959276826166576,0.0,1.0,0.0
UVRAG,0.4425353057067135,1.0,0.0,0.33333333333333326,0.0
UVSSA,0.47195648012761376,0.06786105998065817,0.0,1.0,0.0
UXS1,0.3323290019127984,0.3837453211588952,0.0,1.0,0.0
UXT,0.5974396382012811,1.0,1.0,1.0,0.0
VAC14,0.4946914530082478,0.31913367570514606,0.0,0.33333333333333326,0.0
VAMP1,0.32992095170921154,1.0,1.0,1.0,0.0
VAMP2,0.3157479651005616,1.0,1.0,1.0,0.0
VAMP4,0.42661983191727865,0.15143268283755723,0.0,0.33333333333333326,0.0
VAMP5,0.5975467330854577,1.0,1.0,1.0,0.0
VAMP7,0.43712659143917926,1.0,0.0,0.33333333333333326,0.0
VAMP8,0.5418874184815111,1.0,1.0,0.33333333333333326,0.0
VANGL1,0.5559673971510644,1.0,0.0,0.33333333333333326,0.0
VANGL2,0.5744284359896552,1.0,0.0,0.33333333333333326,0.0
VAPA,0.31303950879471,0.5200920675527594,0.0,0.33333333333333326,0.0
VAPB,0.4263882726413446,1.0,1.0,1.0,0.0
VARS1,0.3080014431722393,0.5275823367426197,0.0,1.0,0.0
VARS2,0.5247268879241452,1.0,0.0,0.33333333333333326,0.0
VASH1,0.6037860110908612,0.5224353489338633,0.0,1.0,0.0
VASH2,0.5650805934775822,0.10819301539080386,0.0,1.0,0.0
VASN,0.6833972471424625,1.0,1.0,1.0,0.0
VASP,0.4649315628111131,1.0,1.0,0.33333333333333326,0.0
VAT1,0.6136073628430869,1.0,1.0,1.0,0.0
VAT1L,0.3657409461018688,1.0,0.0,0.33333333333333326,0.0
VAV1,0.5255318223458597,1.0,0.0,1.0,0.0
VAV2,0.5114439573738813,1.0,0.0,1.0,0.0
VAV3,0.5577104315538103,1.0,0.0,0.33333333333333326,0.0
VBP1,0.41404670114352293,1.0,0.0,0.33333333333333326,0.0
VCAM1,0.7038182841000302,1.0,0.0,0.33333333333333326,0.0
VCAN,0.6656841030690164,1.0,1.0,1.0,0.0
VCF2,0.43350575941188096,1.0,0.0,0.33333333333333326,0.0
VCL,0.546465822422008,0.6064910551591518,1.0,1.0,0.0
VCP,0.41759603257104927,0.908047676974973,1.0,1.0,0.0
VCPIP1,0.4575174852840832,1.0,0.0,1.0,0.0
VCPKMT,0.42352346049919265,1.0,0.0,0.33333333333333326,0.0
VCX,0.500569814016176,0.16734957345130533,0.0,1.0,0.0
VCY,0.5212612325451181,0.3313697758380766,1.0,0.33333333333333326,0.0
VDAC1,0.3963038489364875,0.3175519968981218,0.0,1.0,0.0
VDAC2,0.3259944118765663,1.0,1.0,1.0,0.0
VDAC3,0.31044758685711277,1.0,1.0,1.0,0.0
VEGFA,0.5366308698064053,0.5819566837802903,0.0,1.0,0.0
VEGFB,0.5700224052254098,1.0,1.0,1.0,0.0
VEGFC,0.5150736105345263,0.6657657092603168,0.0,0.33333333333333326,0.0
VEGFD,0.5299579041453151,1.0,0.0,1.0,0.0
VENTX,0.5460047113638576,1.0,0.0,1.0,0.0
VEZF1,0.6535722222739979,1.0,1.0,1.0,0.0
VEZT,0.39811693846949175,1.0,0.0,1.0,0.0
VGF,0.04690513157851149,1.0,1.0,1.0,0.0
VGLL1,0.5108721211870543,1.0,0.0,1.0,0.0
VGLL2,0.43506317362362684,0.34627933969344105,1.0,0.33333333333333326,0.0
VGLL3,0.6105911194667832,1.0,1.0,1.0,0.0
VGLL4,0.5411578488114359,0.025345712026021726,0.0,1.0,0.0
VILL,0.43954599186190263,0.44471920940621884,0.0,0.33333333333333326,0.0
VIM,0.7667658804723735,1.0,1.0,1.0,0.0
VIP,0.035231421732469625,1.0,1.0,1.0,0.0
VIPR1,0.4098603599604676,1.0,0.0,1.0,0.0
VIPR2,0.42122944307766497,1.0,0.0,0.33333333333333326,0.0
VIRMA,0.5264854171590527,1.0,0.0,1.0,0.0
VIT,0.4788846000925145,1.0,1.0,0.33333333333333326,0.0
VKORC1,0.5298139452249501,1.0,0.0,0.33333333333333326,0.0
VKORC1L1,0.33761879336457196,1.0,0.0,0.33333333333333326,0.0
VLDLR,0.33090392721157486,1.0,0.0,0.33333333333333326,0.0
VMA12,0.4394936858379008,1.0,0.0,0.33333333333333326,0.0
VMA22,0.3983788620738403,1.0,0.0,1.0,0.0
VMO1,0.5353278772919946,1.0,0.0,1.0,0.0
VMP1,0.4691061847173696,0.2065262085346488,0.0,0.33333333333333326,0.0
VN1R2,0.5624050786874502,0.17191637449475783,0.0,0.33333333333333326,0.0
VNN1,0.6473359823184534,1.0,0.0,1.0,0.0
VNN2,0.5537821656614235,1.0,1.0,0.33333333333333326,0.0
VOPP1,0.4254900592287817,1.0,1.0,1.0,0.0
VPS11,0.46533533555560624,0.8653687178571801,0.0,1.0,0.0
VPS13B,0.473333674880465,0.08859401900521707,0.0,0.33333333333333326,0.0
VPS13C,0.5755944040662836,1.0,0.0,1.0,0.0
VPS18,0.3780104223804814,0.2758823983782629,0.0,1.0,0.0
VPS25,0.38002209320760505,1.0,1.0,1.0,0.0
VPS26A,0.4258299921653492,0.989244003494424,0.0,0.33333333333333326,0.0
VPS26B,0.4040177926225522,1.0,0.0,0.33333333333333326,0.0
VPS26C,0.5069905781323885,1.0,0.0,1.0,0.0
VPS28,0.44951603047980915,0.4172460492481977,1.0,1.0,0.0
VPS29,0.3869403190528111,1.0,0.0,1.0,0.0
VPS33A,0.43727817681830555,1.0,1.0,1.0,0.0
VPS33B,0.4724664672646431,0.3919691055136197,0.0,1.0,0.0
VPS35,0.3759441585480468,1.0,0.0,1.0,0.0
VPS35L,0.5642496372107367,1.0,1.0,1.0,0.0
VPS36,0.4151865181808867,0.7031067174390373,1.0,1.0,0.0
VPS37B,0.4946599352825119,0.053979883674832405,0.0,0.33333333333333326,0.0
VPS37C,0.46551769110330515,0.2228317241657908,1.0,0.33333333333333326,0.0
VPS41,0.4051735228418199,1.0,1.0,1.0,0.0
VPS45,0.5415964321226959,1.0,0.0,0.33333333333333326,0.0
VPS4A,0.5318957797940626,0.5262425776679839,1.0,0.33333333333333326,0.0
VPS4B,0.3426284061190733,1.0,0.0,0.33333333333333326,0.0
VPS50,0.4170125265515451,0.728401925760348,0.0,1.0,0.0
VPS54,0.5366623437828408,1.0,0.0,0.33333333333333326,0.0
VPS9D1,0.43411811785246784,0.059434359881603296,0.0,0.33333333333333326,0.0
VRK1,0.3728674267650136,1.0,0.0,0.33333333333333326,0.0
VRK2,0.5807241489337317,0.24457059175700935,1.0,1.0,0.0
VRTN,0.4559008458863418,0.23006914106159213,0.0,1.0,0.0
VSIG1,0.4532570067452199,1.0,0.0,0.33333333333333326,0.0
VSIG2,0.48592376012394156,1.0,1.0,0.33333333333333326,0.0
VSIG4,0.7425585053892305,1.0,1.0,1.0,0.0
VSIG8,0.36552661146746357,1.0,0.0,0.33333333333333326,0.0
VSIR,0.6644515898001411,1.0,0.0,1.0,0.0
VSNL1,0.183352535204052,1.0,1.0,1.0,0.0
VSTM2A,0.3447892895065306,1.0,0.0,1.0,0.0
VSTM2L,0.427106053028152,1.0,0.0,1.0,0.0
VSTM4,0.6331140232231651,1.0,1.0,1.0,0.0
VSTM5,0.3476012429647717,1.0,1.0,1.0,0.0
VSX1,0.510359305857261,0.8412858929332737,0.0,0.33333333333333326,0.0
VSX2,0.5245481611304874,0.8964454403801282,0.0,1.0,0.0
VTA1,0.3582179091275681,1.0,1.0,1.0,0.0
VTCN1,0.4999798099821835,0.7468296653668061,1.0,0.33333333333333326,0.0
VTI1A,0.3935843353710762,1.0,1.0,0.33333333333333326,0.0
VTI1B,0.4882559218456985,1.0,1.0,0.33333333333333326,0.0
VTN,0.5088055809141989,1.0,0.0,1.0,0.0
VWA1,0.4686234567202911,1.0,1.0,0.33333333333333326,0.0
VWA3B,0.44059843357407175,1.0,1.0,0.33333333333333326,0.0
VWA5A,0.5560385620708801,1.0,0.0,1.0,0.0
VWC2,0.2394457240160939,1.0,1.0,1.0,0.0
VWF,0.642863704160805,1.0,0.0,1.0,0.0
VXN,0.39780770940267185,1.0,0.0,0.33333333333333326,0.0
WAC,0.5158640293268927,0.04948777257269151,1.0,1.0,0.0
WAPL,0.3712623848988257,1.0,1.0,0.33333333333333326,0.0
WARS1,0.40760187394413067,1.0,1.0,1.0,0.0
WARS2,0.5122765328003838,0.622308324281336,0.0,1.0,0.0
WAS,0.6019155184680527,1.0,0.0,1.0,0.0
WASF1,0.33783299495091135,1.0,1.0,1.0,0.0
WASF2,0.543554354903515,0.4629575096981783,1.0,1.0,0.0
WASF3,0.4619904201031612,0.3050585041080019,0.0,0.33333333333333326,0.0
WASHC1,0.5438615707370973,1.0,0.0,0.33333333333333326,0.0
WASHC2A,0.4304857056419334,0.8255780975953051,0.0,0.33333333333333326,0.0
WASHC2C,0.5796085208255048,0.5908284291465807,0.0,0.33333333333333326,0.0
WASHC3,0.40860409640837786,1.0,0.0,0.33333333333333326,0.0
WASHC4,0.5163008944958511,0.27288796625243616,0.0,0.33333333333333326,0.0
WASHC5,0.46460117382394156,0.2518579034570531,0.0,0.33333333333333326,0.0
WASL,0.3691147069585641,1.0,0.0,1.0,0.0
WBP11,0.40377968598996294,1.0,0.0,1.0,0.0
WBP1L,0.5654076711469936,1.0,0.0,0.33333333333333326,0.0
WBP2,0.3771212157545058,1.0,1.0,1.0,0.0
WBP2NL,0.4642070769556495,1.0,1.0,0.33333333333333326,0.0
WBP4,0.3984433345514739,1.0,0.0,1.0,0.0
WDCP,0.5069925512596458,0.55915772980663,0.0,1.0,0.0
WDFY1,0.5082125316096736,1.0,0.0,0.33333333333333326,0.0
WDFY2,0.5701000287218637,1.0,0.0,1.0,0.0
WDFY3,0.5620503415071267,0.1562912818795424,0.0,1.0,0.0
WDFY4,0.5960279712306034,1.0,1.0,1.0,0.0
WDR1,0.5762102432587342,1.0,1.0,1.0,0.0
WDR12,0.4635909756706075,0.445745637125666,0.0,1.0,0.0
WDR17,0.36879190067635026,1.0,0.0,0.33333333333333326,0.0
WDR18,0.4225980042719553,1.0,1.0,1.0,0.0
WDR19,0.5477295635192954,1.0,0.0,1.0,0.0
WDR20,0.5159253960271636,1.0,0.0,0.33333333333333326,0.0
WDR25,0.44769303759905066,1.0,0.0,0.33333333333333326,0.0
WDR3,0.46641305394396804,1.0,0.0,0.33333333333333326,0.0
WDR31,0.4156918696857499,1.0,0.0,1.0,0.0
WDR35,0.5030544523167145,0.26537410144554385,0.0,1.0,0.0
WDR36,0.46768671391778815,1.0,1.0,0.33333333333333326,0.0
WDR37,0.43455005863836993,1.0,0.0,1.0,0.0
WDR4,0.4462269593802187,1.0,0.0,0.33333333333333326,0.0
WDR44,0.4899299251020665,0.8214264381959732,1.0,0.33333333333333326,0.0
WDR45,0.5914639197545336,0.2354277924672678,0.0,1.0,0.0
WDR45B,0.5201981043465986,1.0,0.0,1.0,0.0
WDR46,0.43240482838626065,1.0,0.0,1.0,0.0
WDR47,0.3283038052546123,1.0,1.0,1.0,0.0
WDR48,0.5558329051699047,1.0,1.0,1.0,0.0
WDR49,0.582454407956985,1.0,1.0,1.0,0.0
WDR5,0.4571434722351104,0.7722981473734127,0.0,1.0,0.0
WDR53,0.43456958517889,0.48139142457771433,1.0,0.33333333333333326,0.0
WDR54,0.3855367905581205,1.0,1.0,1.0,0.0
WDR55,0.4544220203660238,1.0,1.0,0.33333333333333326,0.0
WDR59,0.5345707106883332,1.0,0.0,0.33333333333333326,0.0
WDR5B,0.5985023867434249,1.0,1.0,1.0,0.0
WDR6,0.5962573294575493,1.0,0.0,0.33333333333333326,0.0
WDR64,0.5898706511056557,1.0,1.0,1.0,0.0
WDR7,0.4002814486803276,1.0,0.0,0.33333333333333326,0.0
WDR70,0.46881340429196017,0.689931846070437,0.0,0.33333333333333326,0.0
WDR73,0.5296481460165733,1.0,0.0,0.33333333333333326,0.0
WDR76,0.542663769277563,1.0,0.0,1.0,0.0
WDR77,0.4370302168241017,1.0,0.0,1.0,0.0
WDR81,0.4232640962998002,1.0,1.0,0.33333333333333326,0.0
WDR82,0.4322640416501774,1.0,0.0,1.0,0.0
WDR83OS,0.4802613507179909,1.0,1.0,0.33333333333333326,0.0
WDR88,0.33272998654366337,0.5538708906751212,1.0,1.0,0.0
WDR89,0.39570153712385386,1.0,1.0,0.33333333333333326,0.0
WDR90,0.3581904159405806,1.0,1.0,0.33333333333333326,0.0
WDSUB1,0.5062933741365603,0.33846915771612923,0.0,0.33333333333333326,0.0
WDTC1,0.46906379678969545,0.4653634031744252,1.0,0.33333333333333326,0.0
WEE1,0.6392785489310023,1.0,1.0,1.0,0.0
WEE2,0.4426003313541909,1.0,0.0,0.33333333333333326,0.0
WFDC1,0.4120736730645118,1.0,0.0,0.33333333333333326,0.0
WFDC10A,0.44311502841190964,1.0,0.0,0.33333333333333326,0.0
WFDC13,0.3957954250268642,0.08981546991341988,0.0,0.33333333333333326,0.0
WFDC2,0.45415709242072877,1.0,0.0,1.0,0.0
WFDC5,0.505615826570644,1.0,0.0,1.0,0.0
WFDC8,0.45211588489015275,1.0,0.0,0.33333333333333326,0.0
WFIKKN1,0.4513367386461264,1.0,1.0,0.33333333333333326,0.0
WFS1,0.5890315521098057,1.0,1.0,1.0,0.0
WHAMM,0.4961887235763306,0.2367715463418875,0.0,0.33333333333333326,0.0
WHR1,0.4866896247808915,1.0,1.0,0.33333333333333326,0.0
WHRN,0.6050077154980951,1.0,1.0,1.0,0.0
WIF1,0.3365174720448332,1.0,0.0,1.0,0.0
WIPF1,0.5102100332404174,0.4451489965962535,0.0,1.0,0.0
WIPF2,0.38960583477466054,0.4773703339063718,1.0,1.0,0.0
WIPI1,0.6057019908203303,1.0,1.0,1.0,0.0
WIPI2,0.5093357704961826,1.0,1.0,0.33333333333333326,0.0
WLS,0.6324483003435805,1.0,0.0,1.0,0.0
WNK3,0.40545353363202224,0.07641873424520869,0.0,0.33333333333333326,0.0
WNK4,0.5856671565719074,1.0,1.0,1.0,0.0
WNT1,0.5104511930521245,1.0,1.0,0.33333333333333326,0.0
WNT10A,0.5795837426702185,0.29254908044182965,0.0,0.33333333333333326,0.0
WNT10B,0.4083835414513518,1.0,0.0,1.0,0.0
WNT2,0.31975217243029896,1.0,0.0,0.33333333333333326,0.0
WNT3,0.45169597191386673,0.7363433646731723,0.0,0.33333333333333326,0.0
WNT3A,0.4633501573056962,0.898367535583462,0.0,1.0,0.0
WNT4,0.5093734774295958,1.0,0.0,1.0,0.0
WNT5A,0.5123391125125386,0.3092073685136821,1.0,0.33333333333333326,0.0
WNT5B,0.47493008467235176,0.24761955631304908,0.0,0.33333333333333326,0.0
WNT6,0.6217820674239902,1.0,0.0,0.33333333333333326,0.0
WNT7A,0.4653258407948209,0.5740932172724211,0.0,0.33333333333333326,0.0
WNT7B,0.38967878466898076,1.0,1.0,1.0,0.0
WNT8A,0.3911102560349746,1.0,1.0,1.0,0.0
WRAP53,0.4260871981337994,0.45808737294248486,1.0,0.33333333333333326,0.0
WRAP73,0.4569017421760376,0.2949658727140973,1.0,0.33333333333333326,0.0
WSB1,0.5500863120098414,1.0,0.0,0.33333333333333326,0.0
WSB2,0.31238619797179124,1.0,1.0,1.0,0.0
WSCD1,0.620166071661329,1.0,1.0,1.0,0.0
WSCD2,0.3484002976130928,1.0,1.0,1.0,0.0
WT1,0.6220107982560611,0.5780447519182943,0.0,0.33333333333333326,0.0
WTAP,0.5149811016898695,1.0,1.0,0.33333333333333326,0.0
WTIP,0.6262589779373101,0.5679601485046826,0.0,1.0,0.0
WWC1,0.5496018679159115,0.9374259551723705,1.0,1.0,0.0
WWC3,0.6453275676817762,1.0,1.0,1.0,0.0
WWOX,0.55445550617645,0.41975605600158084,1.0,1.0,0.0
WWP1,0.4672005993641824,0.19041813515291253,0.0,0.33333333333333326,0.0
WWP2,0.44758608396205435,1.0,0.0,0.33333333333333326,0.0
WWTR1,0.7189472530129288,1.0,1.0,1.0,0.0
XAB2,0.47818550283826455,0.32928019243166473,1.0,0.33333333333333326,0.0
XAGE1B,0.4696492843668538,0.20888510990067832,0.0,0.33333333333333326,0.0
XAGE5,0.5037489509065551,0.11383652214570068,1.0,0.33333333333333326,0.0
XBP1,0.5151393321113941,0.2611975368290504,0.0,1.0,0.0
XCL2,0.4641085182352844,0.21011209341116358,0.0,0.33333333333333326,0.0
XIAP,0.4347562344944635,1.0,0.0,0.33333333333333326,0.0
XIRP2,0.5143918109043748,0.42420629661450365,0.0,1.0,0.0
XK,0.3404680821134312,1.0,0.0,1.0,0.0
XKR3,0.5527840920514976,0.2919600488509649,1.0,1.0,0.0
XKR4,0.32675874752310474,1.0,0.0,1.0,0.0
XKR5,0.4031667659131461,0.17198949897341267,0.0,1.0,0.0
XKR6,0.4351630584737015,1.0,0.0,1.0,0.0
XKR7,0.5678115674026643,1.0,1.0,1.0,0.0
XKR8,0.5872235703584838,1.0,1.0,1.0,0.0
XKR9,0.484961354825792,1.0,1.0,0.33333333333333326,0.0
XPA,0.5149282485451083,1.0,0.0,1.0,0.0
XPC,0.526018784603195,1.0,0.0,1.0,0.0
XPNPEP1,0.4751171375129398,0.36129995512391766,0.0,1.0,0.0
XPNPEP3,0.5356663966922006,1.0,1.0,0.33333333333333326,0.0
XPO1,0.5433956577025311,1.0,0.0,1.0,0.0
XPO4,0.4468003454799311,0.9739395570693177,1.0,0.33333333333333326,0.0
XPO5,0.5553623585703064,1.0,1.0,1.0,0.0
XPO7,0.3535586018788507,1.0,0.0,0.33333333333333326,0.0
XPOT,0.4499374141291594,0.22920090630118303,0.0,0.33333333333333326,0.0
XPR1,0.5166779160284384,1.0,0.0,1.0,0.0
XRCC1,0.5223685202367558,0.0817154107444133,0.0,0.33333333333333326,0.0
XRCC4,0.45659227169164507,0.4473693342107968,0.0,0.33333333333333326,0.0
XRCC6,0.4303299255169565,1.0,1.0,1.0,0.0
XRN1,0.5242765546766636,1.0,0.0,1.0,0.0
XRN2,0.5181894328987058,1.0,0.0,0.33333333333333326,0.0
XRRA1,0.5120523958641714,0.1355071911199338,0.0,0.33333333333333326,0.0
XTBD1,0.34879843459062765,1.0,1.0,1.0,0.0
XXYLT1,0.3991625913693326,0.21996695787145884,1.0,1.0,0.0
XYLT2,0.5035002254670926,0.2725770911333327,0.0,0.33333333333333326,0.0
YAE1,0.436231368389414,1.0,0.0,1.0,0.0
YAF2,0.4067740475180014,1.0,0.0,1.0,0.0
YAP1,0.7032402866452382,1.0,1.0,1.0,0.0
YARS1,0.295155435489262,1.0,1.0,1.0,0.0
YBEY,0.45869262752202516,0.2709074532483723,0.0,1.0,0.0
YBX1,0.6096391973729787,1.0,1.0,1.0,0.0
YBX2,0.5320244367092095,0.9288331947129361,1.0,0.33333333333333326,0.0
YBX3,0.8417167094419433,1.0,1.0,1.0,0.0
YEATS4,0.35546185108619427,1.0,0.0,1.0,0.0
YES1,0.6583987903101572,1.0,1.0,1.0,0.0
YIF1B,0.43751614280728485,0.23218824223984022,0.0,0.33333333333333326,0.0
YIPF4,0.5207452353599853,0.9351373730697268,0.0,1.0,0.0
YIPF5,0.5006486795379628,1.0,1.0,0.33333333333333326,0.0
YIPF6,0.5512030364037953,1.0,1.0,1.0,0.0
YJEFN3,0.43202466744666423,1.0,0.0,0.33333333333333326,0.0
YJU2B,0.45692255865211884,0.5566924396850956,1.0,0.33333333333333326,0.0
YKT6,0.38102794270832857,1.0,1.0,0.33333333333333326,0.0
YLPM1,0.5173864289194261,0.8361797488910603,0.0,0.33333333333333326,0.0
YME1L1,0.43358415310535803,1.0,1.0,1.0,0.0
YPEL1,0.3483963974634367,1.0,0.0,1.0,0.0
YPEL2,0.4958691971826956,0.5795762399989768,1.0,0.33333333333333326,0.0
YPEL3,0.45763129868204466,1.0,1.0,0.33333333333333326,0.0
YPEL4,0.3886367725972901,1.0,1.0,1.0,0.0
YPEL5,0.4178634999479745,1.0,0.0,1.0,0.0
YRDC,0.3995120206359769,1.0,1.0,1.0,0.0
YTHDC1,0.5109050645498988,0.7787375645118438,0.0,1.0,0.0
YTHDC2,0.41891200776910165,1.0,0.0,0.33333333333333326,0.0
YTHDF1,0.5039102625016016,1.0,1.0,0.33333333333333326,0.0
YTHDF2,0.41450255567706606,1.0,1.0,1.0,0.0
YWHAB,0.297903433618291,1.0,1.0,1.0,0.0
YWHAE,0.410243479142493,1.0,1.0,1.0,0.0
YWHAG,0.27809202612024686,1.0,1.0,1.0,0.0
YWHAH,0.2428058406664082,1.0,0.0,1.0,0.0
YWHAQ,0.39891172001272773,1.0,1.0,1.0,0.0
YWHAZ,0.3295303208964439,1.0,1.0,1.0,0.0
YY1,0.5363124962323949,1.0,1.0,1.0,0.0
ZAN,0.2679220158365519,0.7478785092092756,0.0,1.0,0.0
ZAP70,0.5129304471026157,1.0,0.0,1.0,0.0
ZAR1,0.44683020555661046,0.761327276832381,0.0,1.0,0.0
ZBBX,0.341801192909958,1.0,1.0,1.0,0.0
ZBED1,0.5654044869953992,0.3859122512268905,1.0,1.0,0.0
ZBED3,0.5311898205561437,0.5177611289980257,0.0,0.33333333333333326,0.0
ZBTB1,0.6051338637789201,1.0,0.0,1.0,0.0
ZBTB11,0.4524635473242299,0.7614529190252207,0.0,1.0,0.0
ZBTB12,0.5464241114786862,0.2938302408176356,1.0,1.0,0.0
ZBTB14,0.5151306161257349,0.6627429669077196,1.0,0.33333333333333326,0.0
ZBTB16,0.6332111975799968,1.0,0.0,0.33333333333333326,0.0
ZBTB17,0.5112400522406667,1.0,0.0,1.0,0.0
ZBTB18,0.2567353383368915,1.0,1.0,1.0,0.0
ZBTB2,0.5303091019582119,1.0,0.0,1.0,0.0
ZBTB20,0.5249255930101413,1.0,0.0,1.0,0.0
ZBTB24,0.4370576519875959,1.0,0.0,1.0,0.0
ZBTB26,0.5387048242324561,0.6261397229321294,1.0,0.33333333333333326,0.0
ZBTB3,0.5099368740646416,0.5638123865176455,1.0,0.33333333333333326,0.0
ZBTB32,0.4753264362458828,0.03680274753455183,0.0,1.0,0.0
ZBTB33,0.49993971151568356,1.0,0.0,0.33333333333333326,0.0
ZBTB34,0.589712014663315,1.0,1.0,1.0,0.0
ZBTB35,0.4266245103620538,0.2621874530127244,1.0,0.33333333333333326,0.0
ZBTB38,0.5324390418838055,0.6458595108997426,1.0,1.0,0.0
ZBTB39,0.5383625823539119,0.6368644524213886,1.0,1.0,0.0
ZBTB4,0.446949897298033,0.15318790083303552,0.0,0.33333333333333326,0.0
ZBTB40,0.5590496593138052,1.0,0.0,1.0,0.0
ZBTB41,0.4556032904001315,0.23990713792373541,0.0,0.33333333333333326,0.0
ZBTB44,0.5442984214129911,1.0,0.0,1.0,0.0
ZBTB47,0.6108866882644585,0.762731284922037,1.0,1.0,0.0
ZBTB49,0.5282039689243614,0.7430823545384178,0.0,0.33333333333333326,0.0
ZBTB5,0.5787566009357565,1.0,1.0,1.0,0.0
ZBTB6,0.4675760439889059,1.0,1.0,0.33333333333333326,0.0
ZBTB7A,0.5769241457983042,1.0,1.0,1.0,0.0
ZBTB7B,0.5078733393424705,1.0,1.0,0.33333333333333326,0.0
ZBTB7C,0.5062945232083347,0.3774315593776479,0.0,1.0,0.0
ZBTB8OS,0.4297652413235199,1.0,1.0,1.0,0.0
ZBTB9,0.47597464332978073,0.10205988264816923,0.0,1.0,0.0
ZC2HC1A,0.4213535108858002,1.0,0.0,1.0,0.0
ZC2HC1C,0.5690968440226932,1.0,1.0,1.0,0.0
ZC3H10,0.5760662687809149,1.0,1.0,1.0,0.0
ZC3H11A,0.5751331448742187,1.0,1.0,1.0,0.0
ZC3H11D,0.4278025730789542,0.4188685914560492,1.0,1.0,0.0
ZC3H12A,0.5548148348552494,1.0,0.0,0.33333333333333326,0.0
ZC3H12C,0.6165895650279583,1.0,1.0,1.0,0.0
ZC3H13,0.456386611816299,1.0,0.0,1.0,0.0
ZC3H14,0.5126507775153459,0.5910098100506508,0.0,0.33333333333333326,0.0
ZC3H15,0.4280468231305397,1.0,0.0,1.0,0.0
ZC3H18,0.5564504403360447,0.5918888882282364,1.0,1.0,0.0
ZC3H3,0.41194794672603624,1.0,1.0,0.33333333333333326,0.0
ZC3H4,0.5316526860206257,1.0,0.0,1.0,0.0
ZC3H7B,0.5074195661743537,0.2960411132692907,0.0,1.0,0.0
ZC3H8,0.3921624803146759,1.0,1.0,1.0,0.0
ZC3HAV1,0.5588230661452884,1.0,0.0,1.0,0.0
ZC3HC1,0.41233198148948724,0.11381258328573116,0.0,0.33333333333333326,0.0
ZC4H2,0.39502158866996173,1.0,0.0,1.0,0.0
ZCCHC10,0.4631877969842312,0.5195022677466125,0.0,0.33333333333333326,0.0
ZCCHC12,0.18228209116501157,1.0,1.0,1.0,0.0
ZCCHC14,0.6103660074954992,1.0,1.0,1.0,0.0
ZCCHC17,0.39102573852953365,1.0,0.0,1.0,0.0
ZCCHC2,0.5367720629327875,1.0,0.0,1.0,0.0
ZCCHC24,0.6289414781719652,1.0,1.0,1.0,0.0
ZCCHC3,0.4765707601497773,0.05849914751315528,0.0,0.33333333333333326,0.0
ZCCHC4,0.3712351439016441,0.18678672378456243,0.0,1.0,0.0
ZCCHC7,0.44097230927718495,1.0,0.0,1.0,0.0
ZCCHC8,0.553978969479096,1.0,0.0,1.0,0.0
ZCRB1,0.5018616138729187,0.9029214383924065,1.0,0.33333333333333326,0.0
ZCWPW1,0.5164134472387649,0.8709299470966333,0.0,0.33333333333333326,0.0
ZDBF2,0.40158171486601185,0.5629812869710419,1.0,1.0,0.0
ZDHHC11,0.5256173988451607,0.06882632472206436,0.0,1.0,0.0
ZDHHC12,0.5641581261005437,0.05683933565729161,0.0,1.0,0.0
ZDHHC13,0.43990708189911093,1.0,0.0,1.0,0.0
ZDHHC14,0.5285671452944672,0.04690347009234691,0.0,0.33333333333333326,0.0
ZDHHC15,0.40890577317920945,0.46189267679903523,1.0,1.0,0.0
ZDHHC16,0.47521041812320314,0.15913646606683715,0.0,0.33333333333333326,0.0
ZDHHC18,0.5689191321431294,1.0,0.0,0.33333333333333326,0.0
ZDHHC2,0.5733875264002553,1.0,1.0,1.0,0.0
ZDHHC20,0.5525045102766942,1.0,0.0,1.0,0.0
ZDHHC21,0.46017655345164915,0.4663807010582209,0.0,1.0,0.0
ZDHHC23,0.36218087856272757,1.0,0.0,1.0,0.0
ZDHHC24,0.45196553630220554,0.7689828886654039,0.0,0.33333333333333326,0.0
ZDHHC3,0.3864755421046107,1.0,0.0,1.0,0.0
ZDHHC6,0.47336630945037017,1.0,1.0,0.33333333333333326,0.0
ZDHHC7,0.4737878559442322,1.0,1.0,0.33333333333333326,0.0
ZDHHC8,0.5539343856218262,1.0,0.0,1.0,0.0
ZDHHC9,0.4479778697588891,0.8648108666859075,0.0,1.0,0.0
ZEB1,0.5162674268509562,0.35749616669060247,1.0,0.33333333333333326,0.0
ZEB2,0.5153861150572558,0.6684428919178879,0.0,1.0,0.0
ZFAND1,0.3848854437994938,1.0,1.0,1.0,0.0
ZFAND2A,0.37202409491262406,1.0,1.0,1.0,0.0
ZFAND3,0.5588461368445159,1.0,0.0,1.0,0.0
ZFAND4,0.5564793516747355,1.0,1.0,1.0,0.0
ZFAND5,0.42352529747000084,1.0,1.0,0.33333333333333326,0.0
ZFAND6,0.5112942135435442,0.40433056151765173,0.0,0.33333333333333326,0.0
ZFC3H1,0.5514218440563449,1.0,0.0,0.33333333333333326,0.0
ZFHX2,0.5187286658788457,0.5623564573725891,0.0,1.0,0.0
ZFHX3,0.6548028660768985,1.0,1.0,1.0,0.0
ZFHX4,0.5640104103107796,1.0,0.0,1.0,0.0
ZFP1,0.37139656191083187,1.0,1.0,1.0,0.0
ZFP14,0.5417674814518888,1.0,0.0,1.0,0.0
ZFP2,0.4695904785926345,0.4006101765449455,0.0,1.0,0.0
ZFP28,0.519495474975687,0.08681373585032955,1.0,0.33333333333333326,0.0
ZFP3,0.5251931412034655,1.0,0.0,0.33333333333333326,0.0
ZFP36,0.6750174762630919,1.0,1.0,1.0,0.0
ZFP36L1,0.7172347557877076,1.0,1.0,1.0,0.0
ZFP36L2,0.6563758605651808,1.0,1.0,1.0,0.0
ZFP37,0.3892182608968675,0.30514860712679603,0.0,1.0,0.0
ZFP41,0.6155830740531174,0.4582363996674518,0.0,1.0,0.0
ZFP57,0.5067877648686695,0.5841391582239711,0.0,1.0,0.0
ZFP62,0.5544933910903258,0.9571198832265545,1.0,1.0,0.0
ZFP64,0.4003093168105145,1.0,0.0,0.33333333333333326,0.0
ZFP69,0.5353167098126972,1.0,1.0,0.33333333333333326,0.0
ZFP69B,0.4006797763450723,1.0,0.0,0.33333333333333326,0.0
ZFP82,0.43801214778930386,0.8960825892876821,0.0,0.33333333333333326,0.0
ZFP91,0.47406212941364173,0.25340246467706784,0.0,0.33333333333333326,0.0
ZFPL1,0.5500230784646057,0.07901977801516516,0.0,0.33333333333333326,0.0
ZFPM1,0.5119910629520216,0.4690949066520662,0.0,0.33333333333333326,0.0
ZFPM2,0.30588259098749804,1.0,1.0,1.0,0.0
ZFR,0.5443170926265701,0.3023341392909427,1.0,1.0,0.0
ZFR2,0.29901359445380393,1.0,1.0,1.0,0.0
ZFTRAF1,0.5316857141056149,1.0,0.0,0.33333333333333326,0.0
ZFX,0.6163481720416646,1.0,1.0,1.0,0.0
ZFY,0.513912380478202,0.5494266130257472,1.0,0.33333333333333326,0.0
ZFYVE1,0.5018865535581308,0.4775176350058025,0.0,0.33333333333333326,0.0
ZFYVE16,0.4205674441865903,1.0,0.0,0.33333333333333326,0.0
ZFYVE21,0.5139348761724807,0.7302356544805589,0.0,1.0,0.0
ZFYVE26,0.5762264448169278,1.0,1.0,1.0,0.0
ZFYVE27,0.32358689540828567,0.67367616613765,0.0,0.33333333333333326,0.0
ZFYVE28,0.43094573015920756,0.01336135136353984,0.0,0.33333333333333326,0.0
ZFYVE9,0.44194530033203017,1.0,0.0,0.33333333333333326,0.0
ZGRF1,0.4457345010905111,0.6363553971367183,0.0,0.33333333333333326,0.0
ZHX1,0.5707130498837002,1.0,1.0,1.0,0.0
ZHX2,0.6511543056153999,1.0,1.0,1.0,0.0
ZHX3,0.5765786381874946,1.0,0.0,1.0,0.0
ZIC1,0.7135201952430078,1.0,0.0,0.33333333333333326,0.0
ZIC2,0.6763346359745057,1.0,0.0,1.0,0.0
ZIC3,0.46686311344461995,1.0,1.0,0.33333333333333326,0.0
ZIC4,0.5102538353462195,1.0,0.0,0.33333333333333326,0.0
ZIC5,0.5795968249372873,1.0,1.0,1.0,0.0
ZIK1,0.385360896435697,0.20543144573951203,0.0,1.0,0.0
ZIM2,0.541984672870053,0.18786356106328697,1.0,1.0,0.0
ZIM3,0.5627471377441714,0.05679047093275125,0.0,0.33333333333333326,0.0
ZKSCAN1,0.5972777762058056,1.0,0.0,1.0,0.0
ZKSCAN3,0.5171571070337986,1.0,1.0,0.33333333333333326,0.0
ZKSCAN5,0.5142049737090055,1.0,0.0,1.0,0.0
ZKSCAN7,0.4675312884498201,0.49661018567964077,0.0,1.0,0.0
ZMAT2,0.37887998037463266,1.0,1.0,1.0,0.0
ZMAT3,0.42801429461703194,1.0,1.0,1.0,0.0
ZMAT4,0.34787475448611566,1.0,0.0,1.0,0.0
ZMIZ1,0.4949352595473443,0.1001983989765254,0.0,0.33333333333333326,0.0
ZMIZ2,0.3685643384775604,1.0,0.0,1.0,0.0
ZMPSTE24,0.537174987074867,1.0,0.0,0.33333333333333326,0.0
ZMYM1,0.5103272238506114,1.0,0.0,1.0,0.0
ZMYM2,0.45738699803481125,0.7205471358772179,0.0,1.0,0.0
ZMYM3,0.44677159219787654,0.5263128766241786,1.0,0.33333333333333326,0.0
ZMYM4,0.41781828720069414,1.0,0.0,1.0,0.0
ZMYND10,0.5764054230305559,0.4593916693977648,0.0,1.0,0.0
ZMYND11,0.39745191007360214,1.0,0.0,1.0,0.0
ZMYND12,0.44425084896043343,0.8258350560585858,0.0,1.0,0.0
ZMYND15,0.526999289804396,1.0,0.0,1.0,0.0
ZMYND19,0.4535586421772724,1.0,0.0,0.33333333333333326,0.0
ZMYND8,0.5827323520706849,1.0,0.0,1.0,0.0
ZNF10,0.42614155182446944,1.0,0.0,0.33333333333333326,0.0
ZNF100,0.535734176466167,0.1803052782195474,0.0,1.0,0.0
ZNF101,0.496183028909507,0.14951428169583536,0.0,0.33333333333333326,0.0
ZNF106,0.5224764772409543,0.2793905032441096,1.0,1.0,0.0
ZNF107,0.5479291583340283,1.0,1.0,1.0,0.0
ZNF112,0.5022461961011357,0.4380087242238881,0.0,1.0,0.0
ZNF114,0.5309543659649415,0.807518848650279,0.0,1.0,0.0
ZNF117,0.5500364150114351,0.3405345059957837,0.0,0.33333333333333326,0.0
ZNF12,0.5343313443523209,0.0710638411628969,0.0,1.0,0.0
ZNF132,0.5233842225273477,1.0,1.0,0.33333333333333326,0.0
ZNF133,0.45983066564893915,1.0,1.0,0.33333333333333326,0.0
ZNF134,0.4678617823010387,0.35047048749657383,0.0,0.33333333333333326,0.0
ZNF135,0.5156591838904275,0.7047671963807084,1.0,0.33333333333333326,0.0
ZNF138,0.3888614410125712,1.0,1.0,1.0,0.0
ZNF14,0.4177896257582229,1.0,1.0,1.0,0.0
ZNF140,0.49655953022635446,0.14848215968052972,0.0,1.0,0.0
ZNF141,0.5356473408101131,1.0,0.0,1.0,0.0
ZNF143,0.526559915615182,1.0,0.0,0.33333333333333326,0.0
ZNF146,0.5518062969190739,1.0,0.0,0.33333333333333326,0.0
ZNF148,0.5051540174491409,0.4946700216793342,0.0,0.33333333333333326,0.0
ZNF155,0.41683254747096693,1.0,0.0,0.33333333333333326,0.0
ZNF157,0.47049887360176235,0.2840073040209945,0.0,1.0,0.0
ZNF165,0.5066023890879856,0.31155330742542925,1.0,0.33333333333333326,0.0
ZNF174,0.46438234908488313,0.7435262808755848,0.0,1.0,0.0
ZNF175,0.5824955655107052,1.0,1.0,1.0,0.0
ZNF18,0.45784242161460087,1.0,0.0,1.0,0.0
ZNF180,0.4538850234255789,0.9375521887175472,0.0,0.33333333333333326,0.0
ZNF184,0.36848426449953436,1.0,1.0,1.0,0.0
ZNF189,0.5171210012866896,0.6130426478044413,0.0,1.0,0.0
ZNF19,0.4551071097692175,0.9279301970069678,0.0,0.33333333333333326,0.0
ZNF195,0.4327330955142959,1.0,0.0,1.0,0.0
ZNF197,0.5052747980128616,1.0,1.0,0.33333333333333326,0.0
ZNF20,0.4700010962588393,0.34507871403749324,0.0,0.33333333333333326,0.0
ZNF200,0.42567531600675157,1.0,0.0,1.0,0.0
ZNF205,0.5878210680553576,1.0,1.0,1.0,0.0
ZNF208,0.41448878439221887,0.15684549525818522,0.0,0.33333333333333326,0.0
ZNF211,0.4970818584177237,0.20751694207375848,0.0,0.33333333333333326,0.0
ZNF213,0.5570307209834893,0.5746208283102271,1.0,1.0,0.0
ZNF215,0.3152347369063526,1.0,1.0,1.0,0.0
ZNF217,0.6663849090019042,1.0,1.0,1.0,0.0
ZNF219,0.5969880023574269,1.0,1.0,1.0,0.0
ZNF22,0.5147507374993664,0.9297330943683632,0.0,1.0,0.0
ZNF221,0.4621094202264592,0.489514266472124,0.0,0.33333333333333326,0.0
ZNF222,0.4270540641889325,1.0,0.0,0.33333333333333326,0.0
ZNF223,0.4239772286130308,1.0,1.0,1.0,0.0
ZNF224,0.5590183036707065,1.0,1.0,0.33333333333333326,0.0
ZNF225,0.43142069495061064,1.0,0.0,1.0,0.0
ZNF226,0.39271857486153094,1.0,0.0,0.33333333333333326,0.0
ZNF227,0.5198547195028936,1.0,0.0,1.0,0.0
ZNF229,0.5311827224803983,0.5626997573885293,1.0,1.0,0.0
ZNF23,0.4683423384064273,0.4001934811161554,0.0,1.0,0.0
ZNF230,0.46166424951308155,0.27202063219461525,0.0,0.33333333333333326,0.0
ZNF233,0.36421381062769986,1.0,0.0,0.33333333333333326,0.0
ZNF234,0.5654076824032587,1.0,0.0,0.33333333333333326,0.0
ZNF235,0.54453722622937,0.6482589897685637,1.0,1.0,0.0
ZNF236,0.43836570810360564,1.0,0.0,0.33333333333333326,0.0
ZNF239,0.44291395872500516,1.0,1.0,0.33333333333333326,0.0
ZNF24,0.592564106380559,1.0,1.0,1.0,0.0
ZNF25,0.3311506448492154,1.0,1.0,1.0,0.0
ZNF250,0.5025748556188109,0.28376493065933056,0.0,1.0,0.0
ZNF251,0.4320111341942985,1.0,0.0,0.33333333333333326,0.0
ZNF253,0.5217304872891481,1.0,0.0,0.33333333333333326,0.0
ZNF254,0.5332949189268107,1.0,0.0,0.33333333333333326,0.0
ZNF26,0.43481376564462265,0.27153791324779997,1.0,1.0,0.0
ZNF260,0.5126120501977578,0.6155931906049533,0.0,0.33333333333333326,0.0
ZNF266,0.4616187297899357,0.008207531461196025,0.0,0.33333333333333326,0.0
ZNF268,0.5072268800181456,0.5091581511828805,0.0,0.33333333333333326,0.0
ZNF274,0.550025916919338,1.0,0.0,0.33333333333333326,0.0
ZNF276,0.5789424715878714,1.0,1.0,1.0,0.0
ZNF277,0.41501314760449914,1.0,0.0,0.33333333333333326,0.0
ZNF280A,0.4925039920484531,0.10856901538414274,0.0,0.33333333333333326,0.0
ZNF280C,0.47059646336578115,0.4984851984215734,0.0,1.0,0.0
ZNF280D,0.6046748824980678,0.7220047491600238,0.0,0.33333333333333326,0.0
ZNF282,0.4977521848548055,0.1847256329762454,0.0,1.0,0.0
ZNF285,0.503273720511139,0.48057710214309207,0.0,1.0,0.0
ZNF286A,0.4138345560596628,0.886678848761859,0.0,0.33333333333333326,0.0
ZNF287,0.4639097123851149,0.6182592013313359,0.0,0.33333333333333326,0.0
ZNF292,0.5607864151229115,1.0,0.0,1.0,0.0
ZNF30,0.5240592322914251,1.0,0.0,1.0,0.0
ZNF300,0.5212665239610428,1.0,0.0,1.0,0.0
ZNF304,0.3573887381174716,1.0,1.0,1.0,0.0
ZNF311,0.505427666537809,0.5936580968421565,0.0,0.33333333333333326,0.0
ZNF317,0.5635945056288695,1.0,1.0,1.0,0.0
ZNF318,0.5305997088105541,1.0,0.0,0.33333333333333326,0.0
ZNF319,0.5255683602009874,1.0,0.0,1.0,0.0
ZNF32,0.5105201887188984,1.0,0.0,1.0,0.0
ZNF320,0.444865037651171,0.157537607334338,1.0,1.0,0.0
ZNF324,0.5114480707038352,1.0,0.0,1.0,0.0
ZNF324B,0.42710709223744,0.4152030503774641,1.0,1.0,0.0
ZNF329,0.4390471330784766,1.0,0.0,0.33333333333333326,0.0
ZNF331,0.5519071278426997,1.0,1.0,1.0,0.0
ZNF334,0.40366306465675755,1.0,0.0,1.0,0.0
ZNF337,0.44142199440964475,0.2545673864930702,1.0,1.0,0.0
ZNF33B,0.41532741677471974,1.0,0.0,1.0,0.0
ZNF34,0.5143746503622029,1.0,0.0,0.33333333333333326,0.0
ZNF343,0.45541919575550294,1.0,1.0,0.33333333333333326,0.0
ZNF345,0.5617706035600017,1.0,1.0,1.0,0.0
ZNF346,0.5022825345079707,0.23560407903507058,0.0,0.33333333333333326,0.0
ZNF35,0.5220582919019705,0.7240437766414444,1.0,1.0,0.0
ZNF350,0.5254024613837627,1.0,0.0,1.0,0.0
ZNF354A,0.4352832646705656,0.4762330339848673,1.0,0.33333333333333326,0.0
ZNF354B,0.4624059254121932,0.7130428446564832,0.0,0.33333333333333326,0.0
ZNF358,0.5652341149459286,1.0,0.0,1.0,0.0
ZNF365,0.24375988759300574,1.0,1.0,1.0,0.0
ZNF366,0.6343700206339438,1.0,1.0,1.0,0.0
ZNF367,0.5151718111516062,1.0,0.0,1.0,0.0
ZNF37A,0.4370587919560848,1.0,0.0,1.0,0.0
ZNF383,0.4627852130412515,0.5529612209809445,1.0,0.33333333333333326,0.0
ZNF384,0.5885804974463905,1.0,1.0,1.0,0.0
ZNF385A,0.5531440434025653,0.9983682462793835,1.0,1.0,0.0
ZNF385B,0.37041618407455684,1.0,0.0,1.0,0.0
ZNF385D,0.3697452150757167,1.0,1.0,1.0,0.0
ZNF391,0.42463008943428815,0.0979059138580932,0.0,0.33333333333333326,0.0
ZNF394,0.41951062729594396,1.0,1.0,0.33333333333333326,0.0
ZNF395,0.625078781580978,1.0,1.0,1.0,0.0
ZNF396,0.463270900505053,0.6271523510560776,0.0,0.33333333333333326,0.0
ZNF397,0.6277196221726828,1.0,1.0,1.0,0.0
ZNF398,0.4647770501796589,1.0,1.0,0.33333333333333326,0.0
ZNF404,0.5426709530551751,0.37253656765049303,1.0,1.0,0.0
ZNF408,0.5098940322943958,1.0,0.0,0.33333333333333326,0.0
ZNF41,0.42449057290132314,1.0,0.0,1.0,0.0
ZNF410,0.5350015188990501,1.0,0.0,1.0,0.0
ZNF414,0.5878193166291801,0.39536818935312423,0.0,1.0,0.0
ZNF415,0.46532726090426557,0.33708954102063987,0.0,0.33333333333333326,0.0
ZNF416,0.46194943883641215,1.0,0.0,0.33333333333333326,0.0
ZNF417,0.579870078522744,1.0,0.0,1.0,0.0
ZNF420,0.5121599136936956,0.42522368671083993,0.0,1.0,0.0
ZNF423,0.6167645152953776,1.0,1.0,1.0,0.0
ZNF425,0.4336409244806598,1.0,0.0,0.33333333333333326,0.0
ZNF426,0.5144098476523683,0.38158807296959074,0.0,1.0,0.0
ZNF428,0.411976525337499,0.6920870183604045,1.0,1.0,0.0
ZNF429,0.4322215487553912,0.011773469993070064,0.0,0.33333333333333326,0.0
ZNF43,0.4287258752173322,1.0,1.0,1.0,0.0
ZNF430,0.4906376691799138,0.3199831055312326,1.0,0.33333333333333326,0.0
ZNF432,0.37778809778274064,0.436714520017885,0.0,1.0,0.0
ZNF436,0.4556315506136732,0.8464004258274829,0.0,0.33333333333333326,0.0
ZNF438,0.60980886930927,1.0,1.0,1.0,0.0
ZNF440,0.4999843825473206,0.02904522692676824,0.0,0.33333333333333326,0.0
ZNF441,0.3680070874430255,1.0,1.0,1.0,0.0
ZNF442,0.5049061956554132,0.23793177641941243,0.0,1.0,0.0
ZNF443,0.5740671800508447,1.0,1.0,1.0,0.0
ZNF444,0.5380153886053509,1.0,0.0,1.0,0.0
ZNF445,0.537598899904003,1.0,0.0,1.0,0.0
ZNF449,0.4466570796988522,1.0,0.0,0.33333333333333326,0.0
ZNF45,0.4614839830542719,0.6967048420935535,0.0,0.33333333333333326,0.0
ZNF451,0.5303052386762124,1.0,1.0,1.0,0.0
ZNF461,0.42108881664211817,0.8693947396500574,1.0,1.0,0.0
ZNF462,0.5646197074618438,1.0,1.0,1.0,0.0
ZNF467,0.5083678611801621,0.3405117152825297,0.0,0.33333333333333326,0.0
ZNF470,0.44692807515459343,1.0,0.0,1.0,0.0
ZNF471,0.5113546207388626,0.41767404455230467,0.0,1.0,0.0
ZNF473,0.49987943144506825,0.09253480053392872,0.0,1.0,0.0
ZNF479,0.4066291704396779,1.0,0.0,0.33333333333333326,0.0
ZNF48,0.39594880054492204,1.0,0.0,1.0,0.0
ZNF483,0.3514134067129696,1.0,0.0,1.0,0.0
ZNF484,0.4604183077271095,0.6063920398170914,0.0,0.33333333333333326,0.0
ZNF485,0.46655608111467456,0.38134270030678025,0.0,1.0,0.0
ZNF490,0.5621105424219401,0.3274232727103407,0.0,0.33333333333333326,0.0
ZNF492,0.43809911328081935,0.9685130917221406,0.0,0.33333333333333326,0.0
ZNF493,0.4251543259306297,1.0,0.0,1.0,0.0
ZNF497,0.4936235060894882,0.1395876102656514,0.0,0.33333333333333326,0.0
ZNF500,0.5281844528917048,1.0,0.0,1.0,0.0
ZNF501,0.5586133997538141,0.5358040141097312,1.0,1.0,0.0
ZNF503,0.5196621370565916,0.8856276688815308,0.0,1.0,0.0
ZNF510,0.5639653097070859,1.0,1.0,1.0,0.0
ZNF511,0.5249591643364034,1.0,0.0,1.0,0.0
ZNF512,0.3886737609196347,1.0,0.0,1.0,0.0
ZNF512B,0.411395939968246,0.16311916127118425,0.0,1.0,0.0
ZNF516,0.5105100127702337,0.4177414216433553,0.0,0.33333333333333326,0.0
ZNF517,0.59109175573383,0.19951147049391874,0.0,0.33333333333333326,0.0
ZNF518A,0.4654419043102201,0.17858733499609977,0.0,1.0,0.0
ZNF518B,0.5201927965880937,1.0,0.0,1.0,0.0
ZNF519,0.4609966492736328,0.7988367032507995,0.0,1.0,0.0
ZNF524,0.5246048808745463,1.0,0.0,0.33333333333333326,0.0
ZNF525,0.5118911106475846,0.8681040252165544,0.0,1.0,0.0
ZNF527,0.4613111874795066,0.4127438340802978,0.0,0.33333333333333326,0.0
ZNF528,0.4508740952441058,0.08294155113970322,0.0,0.33333333333333326,0.0
ZNF529,0.4528971148790972,1.0,0.0,1.0,0.0
ZNF530,0.4458666748759149,1.0,0.0,0.33333333333333326,0.0
ZNF540,0.37466782259961995,0.4498361637143791,0.0,0.33333333333333326,0.0
ZNF543,0.5171385992870065,0.9183505110632858,1.0,0.33333333333333326,0.0
ZNF544,0.4126629903915809,1.0,0.0,1.0,0.0
ZNF546,0.4695939064607144,0.6282672229313042,0.0,0.33333333333333326,0.0
ZNF549,0.4132197776910725,0.9446515465363233,1.0,1.0,0.0
ZNF552,0.538809684472696,0.20380141835110718,0.0,0.33333333333333326,0.0
ZNF555,0.5068333819348071,0.49870707840796225,0.0,1.0,0.0
ZNF557,0.4643412965681141,0.06715577380651551,0.0,0.33333333333333326,0.0
ZNF558,0.5870768919571132,1.0,0.0,1.0,0.0
ZNF560,0.5500937804586912,0.5982850939769857,1.0,1.0,0.0
ZNF561,0.4699403917547812,1.0,1.0,0.33333333333333326,0.0
ZNF562,0.5048231043775608,0.9673119389504585,0.0,0.33333333333333326,0.0
ZNF563,0.4305898004748197,1.0,1.0,0.33333333333333326,0.0
ZNF565,0.5865308756170792,1.0,1.0,1.0,0.0
ZNF567,0.4669784625065859,0.1349062950042349,0.0,0.33333333333333326,0.0
ZNF568,0.4454802614270513,1.0,0.0,0.33333333333333326,0.0
ZNF569,0.4286123864199053,1.0,0.0,1.0,0.0
ZNF57,0.4419270664286124,1.0,0.0,0.33333333333333326,0.0
ZNF570,0.495434585258009,1.0,1.0,0.33333333333333326,0.0
ZNF571,0.5400089658081002,0.4843125825164255,1.0,1.0,0.0
ZNF575,0.4497737547368657,1.0,1.0,0.33333333333333326,0.0
ZNF576,0.512720265973223,0.9354740914305378,0.0,1.0,0.0
ZNF577,0.4866301919680141,1.0,1.0,0.33333333333333326,0.0
ZNF579,0.5136354411077914,0.9898786545633962,0.0,0.33333333333333326,0.0
ZNF580,0.5234072397483807,0.5286063947253092,0.0,1.0,0.0
ZNF581,0.4991281009681775,0.5883473964412693,0.0,0.33333333333333326,0.0
ZNF582,0.4630318162387992,0.2570586255895625,0.0,0.33333333333333326,0.0
ZNF583,0.4602814510545396,0.5891955187630536,0.0,0.33333333333333326,0.0
ZNF584,0.42295048666877716,1.0,0.0,0.33333333333333326,0.0
ZNF585A,0.516809179703178,1.0,0.0,0.33333333333333326,0.0
ZNF585B,0.46560629513841395,0.3035019648175153,0.0,0.33333333333333326,0.0
ZNF586,0.501123783331916,0.4730818714856294,0.0,1.0,0.0
ZNF587,0.5473139786610357,1.0,0.0,0.33333333333333326,0.0
ZNF592,0.4947587992408195,1.0,0.0,0.33333333333333326,0.0
ZNF593,0.4431668332778026,0.8310191036084784,0.0,1.0,0.0
ZNF594,0.4611885240205073,0.7460678337869698,0.0,0.33333333333333326,0.0
ZNF595,0.4657819614490235,0.43408165596440557,0.0,0.33333333333333326,0.0
ZNF596,0.43995693904781685,1.0,0.0,1.0,0.0
ZNF597,0.4157017876531567,1.0,0.0,1.0,0.0
ZNF598,0.4488244566930222,0.9392203112059796,1.0,0.33333333333333326,0.0
ZNF600,0.4706269025580902,1.0,1.0,0.33333333333333326,0.0
ZNF605,0.5370595254975151,1.0,0.0,1.0,0.0
ZNF606,0.5048551166933498,0.3567163405960287,0.0,1.0,0.0
ZNF607,0.6631053445587352,1.0,1.0,1.0,0.0
ZNF608,0.5986310636255651,1.0,1.0,1.0,0.0
ZNF609,0.5841763503182449,1.0,0.0,1.0,0.0
ZNF610,0.4606930539400688,0.34592486657431637,0.0,0.33333333333333326,0.0
ZNF613,0.4985738609724024,0.6485930297093123,0.0,1.0,0.0
ZNF614,0.5306555977431449,1.0,0.0,1.0,0.0
ZNF616,0.5752087616437365,1.0,1.0,1.0,0.0
ZNF618,0.5793527297045153,1.0,1.0,1.0,0.0
ZNF619,0.4564755372800453,1.0,0.0,1.0,0.0
ZNF620,0.511061129252913,1.0,0.0,1.0,0.0
ZNF622,0.42542843777266415,1.0,0.0,1.0,0.0
ZNF625,0.41494315731810877,0.1558100991749202,0.0,0.33333333333333326,0.0
ZNF626,0.44078479875597204,0.3166068334916107,1.0,1.0,0.0
ZNF627,0.5189381511435602,0.3438283270091172,0.0,0.33333333333333326,0.0
ZNF629,0.42676099403700307,1.0,1.0,1.0,0.0
ZNF630,0.553796709226467,1.0,0.0,0.33333333333333326,0.0
ZNF638,0.4824384138391096,0.5953154457016022,1.0,0.33333333333333326,0.0
ZNF639,0.5306077450413272,0.3975173449393759,1.0,1.0,0.0
ZNF644,0.5409391583337521,0.6590823050861242,0.0,1.0,0.0
ZNF646,0.571226974648054,1.0,0.0,1.0,0.0
ZNF652,0.5375534250753419,1.0,1.0,0.33333333333333326,0.0
ZNF654,0.5324672802910947,0.8621740722953182,1.0,1.0,0.0
ZNF655,0.4723066217552926,1.0,0.0,0.33333333333333326,0.0
ZNF658,0.39079068124233474,1.0,0.0,1.0,0.0
ZNF66,0.40217793084319686,1.0,0.0,1.0,0.0
ZNF660,0.5171186709115931,0.5145319822065872,0.0,1.0,0.0
ZNF662,0.5284714524677165,0.35898753292290214,1.0,0.33333333333333326,0.0
ZNF664,0.5463233964234631,0.2018443512459825,0.0,0.33333333333333326,0.0
ZNF667,0.4278670040571378,1.0,1.0,1.0,0.0
ZNF670,0.47934783524773755,1.0,1.0,0.33333333333333326,0.0
ZNF671,0.49713309989628546,0.9549324797667482,0.0,1.0,0.0
ZNF672,0.5419344962210169,1.0,0.0,1.0,0.0
ZNF674,0.47021631049452445,1.0,1.0,0.33333333333333326,0.0
ZNF675,0.3781353651218991,1.0,0.0,0.33333333333333326,0.0
ZNF676,0.49853776151881335,0.8167466008033816,1.0,0.33333333333333326,0.0
ZNF677,0.5110129322195213,1.0,1.0,0.33333333333333326,0.0
ZNF678,0.44694457114689623,1.0,0.0,1.0,0.0
ZNF680,0.5272389121285832,1.0,0.0,0.33333333333333326,0.0
ZNF681,0.46713816105910566,0.12556918684709256,0.0,1.0,0.0
ZNF682,0.4187088402302751,1.0,1.0,1.0,0.0
ZNF683,0.5218251546813671,1.0,0.0,0.33333333333333326,0.0
ZNF684,0.4685245114965467,0.19881699767077818,0.0,1.0,0.0
ZNF687,0.5462211502967033,0.41196351222898137,0.0,0.33333333333333326,0.0
ZNF688,0.5198053217187152,1.0,0.0,1.0,0.0
ZNF689,0.4678079590637352,1.0,0.0,0.33333333333333326,0.0
ZNF69,0.4345078366459378,1.0,1.0,0.33333333333333326,0.0
ZNF691,0.4988771237630941,0.801849450657251,0.0,1.0,0.0
ZNF692,0.5679196428293951,1.0,0.0,0.33333333333333326,0.0
ZNF696,0.41725137772985543,1.0,1.0,1.0,0.0
ZNF70,0.46564630974851745,0.3803389468253786,0.0,1.0,0.0
ZNF703,0.5376244896788218,0.9412875920686431,0.0,1.0,0.0
ZNF705A,0.44455652161827125,0.8670264982531241,0.0,0.33333333333333326,0.0
ZNF707,0.4325965371793947,1.0,0.0,1.0,0.0
ZNF708,0.3921588006616219,1.0,0.0,0.33333333333333326,0.0
ZNF709,0.44824440367279467,1.0,0.0,0.33333333333333326,0.0
ZNF71,0.467777492502503,0.3280075000944022,0.0,0.33333333333333326,0.0
ZNF710,0.4474840605721206,1.0,0.0,1.0,0.0
ZNF711,0.43235699159558355,1.0,0.0,1.0,0.0
ZNF714,0.5238410391005878,0.2959849088567215,1.0,0.33333333333333326,0.0
ZNF718,0.5279120790771715,0.1991056289080397,1.0,0.33333333333333326,0.0
ZNF721,0.3823879823850639,1.0,1.0,1.0,0.0
ZNF738,0.4467231012940491,0.11576153820985716,0.0,1.0,0.0
ZNF74,0.38878856852764876,0.05856655014832685,0.0,1.0,0.0
ZNF740,0.6035441547490741,0.3336824750219137,0.0,1.0,0.0
ZNF749,0.39000493863278535,1.0,0.0,1.0,0.0
ZNF75A,0.4301502541343786,1.0,1.0,1.0,0.0
ZNF75D,0.4627877314713034,1.0,1.0,0.33333333333333326,0.0
ZNF76,0.545643683007587,1.0,0.0,1.0,0.0
ZNF764,0.4488361241619382,1.0,0.0,0.33333333333333326,0.0
ZNF766,0.5498899384818294,1.0,1.0,1.0,0.0
ZNF768,0.480387802878536,1.0,1.0,0.33333333333333326,0.0
ZNF77,0.448168986687073,1.0,0.0,0.33333333333333326,0.0
ZNF770,0.5220085506425682,1.0,0.0,0.33333333333333326,0.0
ZNF771,0.5056862312176766,0.2987189639886915,0.0,1.0,0.0
ZNF774,0.33606678112052313,1.0,1.0,1.0,0.0
ZNF775,0.5474534513206413,0.4631754193751198,1.0,1.0,0.0
ZNF778,0.45711621548153264,0.5123883999857224,0.0,1.0,0.0
ZNF780A,0.5110520159431208,0.5761747219555785,0.0,0.33333333333333326,0.0
ZNF780B,0.47001954962497744,0.15169132203607463,0.0,1.0,0.0
ZNF783,0.5284870570166891,1.0,0.0,1.0,0.0
ZNF785,0.5049412830832782,1.0,1.0,0.33333333333333326,0.0
ZNF786,0.4471406657253308,0.3049469249193286,0.0,1.0,0.0
ZNF787,0.5225138744874065,1.0,0.0,1.0,0.0
ZNF79,0.4252853321992506,0.2128679059381003,1.0,1.0,0.0
ZNF791,0.36092991940900016,0.772067102191207,1.0,1.0,0.0
ZNF792,0.5918066791844289,1.0,1.0,1.0,0.0
ZNF793,0.3769543886165574,1.0,1.0,1.0,0.0
ZNF8,0.43432438371422405,1.0,0.0,0.33333333333333326,0.0
ZNF80,0.5153875746336424,0.18000844914654265,1.0,0.33333333333333326,0.0
ZNF800,0.5191190882520571,1.0,0.0,1.0,0.0
ZNF804A,0.33641072656711507,1.0,0.0,1.0,0.0
ZNF804B,0.4472469927839272,0.7356807529165068,0.0,1.0,0.0
ZNF813,0.5587696260692713,0.09660192630982724,0.0,1.0,0.0
ZNF823,0.46539891457242566,0.5463491979805272,1.0,0.33333333333333326,0.0
ZNF83,0.4726268325554813,1.0,1.0,0.33333333333333326,0.0
ZNF830,0.4516516067431092,1.0,0.0,1.0,0.0
ZNF836,0.5054566271750378,0.2809460117124887,0.0,1.0,0.0
ZNF844,0.556816904535119,1.0,1.0,1.0,0.0
ZNF85,0.4437142622290604,1.0,0.0,1.0,0.0
ZNF875,0.5065500839654515,0.3300452131727216,0.0,1.0,0.0
ZNF91,0.3949221475106741,1.0,0.0,1.0,0.0
ZNF92,0.532493387078038,1.0,0.0,0.33333333333333326,0.0
ZNFX1,0.5401337027525046,1.0,0.0,0.33333333333333326,0.0
ZNG1A,0.44750007017405646,0.8800830345044721,0.0,1.0,0.0
ZNG1B,0.4025260408083119,1.0,0.0,0.33333333333333326,0.0
ZNHIT1,0.5058161706650485,1.0,0.0,0.33333333333333326,0.0
ZNHIT3,0.3703619009493168,1.0,1.0,1.0,0.0
ZNHIT6,0.5585598100613202,0.2458502378365115,1.0,0.33333333333333326,0.0
ZNRD2,0.4356990149355053,1.0,0.0,0.33333333333333326,0.0
ZNRF2,0.562533558342876,1.0,1.0,1.0,0.0
ZNRF3,0.6413643281849342,1.0,1.0,1.0,0.0
ZNRF4,0.4999424938782962,0.8773639830355308,0.0,1.0,0.0
ZPBP,0.44325367095663365,1.0,0.0,1.0,0.0
ZPR1,0.4326900224521465,1.0,0.0,1.0,0.0
ZRANB1,0.44400958090098414,0.6027549760499884,0.0,0.33333333333333326,0.0
ZRANB2,0.39701026058919947,0.8158443250034906,1.0,1.0,0.0
ZRSR2,0.5826205531709483,1.0,0.0,1.0,0.0
ZSCAN1,0.3234396907409324,1.0,1.0,1.0,0.0
ZSCAN10,0.4654226380995235,0.2303467179419788,0.0,1.0,0.0
ZSCAN18,0.42279613991053694,1.0,1.0,1.0,0.0
ZSCAN20,0.5790684515425977,0.28279306350137057,0.0,1.0,0.0
ZSCAN21,0.4958070942316523,0.14802413488527333,0.0,0.33333333333333326,0.0
ZSCAN22,0.5850113714404235,1.0,0.0,1.0,0.0
ZSCAN25,0.4078612649671161,1.0,1.0,1.0,0.0
ZSCAN26,0.5045452334144843,0.5582536417375363,0.0,1.0,0.0
ZSCAN31,0.44509886257212067,0.35873283523049965,0.0,1.0,0.0
ZSCAN4,0.5491717383938683,0.8526027878459517,1.0,0.33333333333333326,0.0
ZSCAN5A,0.45309390704058894,0.9852435099523331,0.0,1.0,0.0
ZSCAN9,0.5824615734806186,1.0,1.0,1.0,0.0
ZSWIM1,0.5061987648686733,0.7670579877170783,0.0,1.0,0.0
ZSWIM3,0.39762955051428506,0.2297707017575237,0.0,1.0,0.0
ZSWIM4,0.5068363909942805,0.1447942340094109,0.0,1.0,0.0
ZSWIM5,0.49581920633819804,0.18553259266714942,0.0,1.0,0.0
ZSWIM6,0.5661282390527396,1.0,1.0,1.0,0.0
ZSWIM7,0.4286390036796916,0.7296319000515186,0.0,0.33333333333333326,0.0
ZSWIM8,0.43249047677564906,1.0,1.0,0.33333333333333326,0.0
ZUP1,0.40544064120445716,1.0,1.0,1.0,0.0
ZW10,0.4376315438198728,1.0,0.0,0.33333333333333326,0.0
ZWILCH,0.3396553705785049,1.0,0.0,0.33333333333333326,0.0
ZWINT,0.4265842676339339,1.0,0.0,1.0,0.0
ZXDA,0.4609171454354311,0.35685240185986794,0.0,0.33333333333333326,0.0
ZXDB,0.46092476617654854,0.5181182909216344,0.0,1.0,0.0
ZXDC,0.5375781564823159,0.22082004210671602,0.0,1.0,0.0
ZYG11B,0.3864312269090713,1.0,1.0,1.0,0.0
ZZEF1,0.5561509502640812,0.031025787724248997,0.0,0.33333333333333326,0.0
ZZZ3,0.5416360289944103,1.0,0.0,1.0,0.0
