gene,n_runs_in_phase6,median_random_effect,std_random_effect,iqr_random_effect,median_random_p,direction,direction_concordance
AADAC,50,0.457398,0.000000,0.000000,8.244399e-02,up,1.0000
AAMDC,50,-0.235966,0.000000,0.000000,1.346711e-01,down,1.0000
AASS,0,0,0,0,1.0,none,0.0
AATK,50,-0.603903,0.000000,0.000000,2.821707e-03,down,1.0000
ABCA12,50,0.486632,0.000000,0.000000,2.163032e-36,up,1.0000
ABCA13,50,1.317724,0.000000,0.000000,1.260312e-23,up,1.0000
ABCA3,49,-1.282040,0.000000,0.000000,1.413282e-07,down,1.0000
ABCB6,0,0,0,0,1.0,none,0.0
ABCC3,50,0.862916,0.000000,0.000000,1.200212e-03,up,1.0000
ABCC4,0,0,0,0,1.0,none,0.0
ABCC5,50,0.680728,0.000000,0.000000,8.159853e-44,up,1.0000
ABCC8,45,-1.149861,0.000000,0.000000,1.408880e-02,down,1.0000
ABHD10,50,0.309702,0.000000,0.000000,2.981480e-02,up,1.0000
ABTB3,50,0.478206,0.000000,0.000000,1.066725e-14,up,1.0000
ACADL,50,-1.316765,0.000000,0.000000,1.192425e-29,down,1.0000
ACAN,50,0.492355,0.000000,0.000000,1.810368e-02,up,1.0000
ACAT1,0,0,0,0,1.0,none,0.0
ACER2,50,0.633588,0.000000,0.000000,5.635625e-03,up,1.0000
ACKR5,50,-0.172383,0.000000,0.000000,1.004990e-01,down,1.0000
ACOX2,0,0,0,0,1.0,none,0.0
ACP3,50,-0.569991,0.000000,0.000000,2.558135e-04,down,1.0000
ACSL1,0,0,0,0,1.0,none,0.0
ACSS2,50,-0.695193,0.000000,0.000000,2.395578e-06,down,1.0000
ACTC1,50,0.281318,0.000000,0.000000,5.563677e-03,up,1.0000
ACTN1,0,0,0,0,1.0,none,0.0
ACTN4,0,0,0,0,1.0,none,0.0
ACVR2A,50,0.111931,0.000000,0.000000,1.957900e-01,up,1.0000
ACVRL1,50,-1.115807,0.000000,0.000000,5.858385e-45,down,1.0000
ADA2,50,0.483180,0.000000,0.000000,8.050504e-04,up,1.0000
ADAM17,0,0,0,0,1.0,none,0.0
ADAM23,50,0.329167,0.000000,0.000000,1.110194e-02,up,1.0000
ADAM28,50,0.895624,0.000000,0.000000,3.010672e-27,up,1.0000
ADAMTS1,0,0,0,0,1.0,none,0.0
ADAMTS14,45,0.274258,0.000000,0.000000,3.152803e-02,up,1.0000
ADAMTS16,45,0.466585,0.000000,0.000000,7.716119e-03,up,1.0000
ADAMTS18,49,0.380672,0.000000,0.000000,6.987835e-02,up,1.0000
ADAMTS2,50,-0.657605,0.000000,0.000000,8.638325e-06,down,1.0000
ADAMTS5,50,0.395364,0.000000,0.000000,3.189959e-03,up,1.0000
ADAMTSL3,50,-0.584388,0.000000,0.000000,8.863005e-03,down,1.0000
ADAMTSL4,0,0,0,0,1.0,none,0.0
ADARB1,50,-0.674004,0.000000,0.000000,1.713271e-04,down,1.0000
ADCY4,47,-0.356063,0.000000,0.000000,7.181783e-04,down,1.0000
ADCY9,50,-0.274980,0.000000,0.000000,1.193711e-02,down,1.0000
ADCYAP1,50,0.585186,0.000000,0.000000,1.181018e-01,up,1.0000
ADGRA2,0,0,0,0,1.0,none,0.0
ADGRA3,50,0.328745,0.000000,0.000000,1.326244e-01,up,1.0000
ADGRD1,50,-0.858092,0.000000,0.000000,1.625435e-06,down,1.0000
ADGRF1,50,0.952391,0.000000,0.000000,6.154145e-03,up,1.0000
ADGRF5,0,0,0,0,1.0,none,0.0
ADGRG3,50,-0.951743,0.000000,0.000000,2.732285e-02,down,1.0000
ADGRL2,50,-0.949873,0.000000,0.000000,2.077092e-04,down,1.0000
ADH1A,49,-0.253695,0.000000,0.000000,5.563850e-03,down,1.0000
ADH1B,0,0,0,0,1.0,none,0.0
ADH7,49,0.734040,0.000000,0.000000,1.723523e-03,up,1.0000
ADHFE1,50,-0.657346,0.000000,0.000000,2.641941e-04,down,1.0000
ADI1,50,-0.355433,0.000000,0.000000,1.426261e-13,down,1.0000
ADIPOR2,50,-0.734766,0.000000,0.000000,2.077732e-04,down,1.0000
ADM,50,-1.326044,0.000000,0.000000,7.504181e-03,down,1.0000
ADPRH,50,-0.298807,0.000000,0.000000,1.090461e-04,down,1.0000
ADRA1B,50,-0.866433,0.000000,0.000000,5.864751e-03,down,1.0000
ADRA2A,0,0,0,0,1.0,none,0.0
ADRB1,50,-0.699116,0.000000,0.000000,1.610000e-03,down,1.0000
ADRB2,50,-0.576913,0.000000,0.000000,1.162751e-03,down,1.0000
AEBP1,0,0,0,0,1.0,none,0.0
AFAP1,50,0.389968,0.000000,0.000000,5.570984e-07,up,1.0000
AFAP1L1,50,-0.568338,0.000000,0.000000,2.551859e-03,down,1.0000
AFAP1L2,48,0.333443,0.000000,0.000000,2.260224e-05,up,1.0000
AFF2,50,-0.768329,0.000000,0.000000,3.146755e-42,down,1.0000
AFF3,50,-1.461994,0.000000,0.000000,1.517304e-05,down,1.0000
AFMID,50,-0.315200,0.000000,0.000000,4.083074e-05,down,1.0000
AGER,50,-1.149702,0.000000,0.000000,7.164845e-05,down,1.0000
AGFG1,0,0,0,0,1.0,none,0.0
AGPAT2,46,-0.308543,0.000000,0.000000,2.156173e-02,down,1.0000
AGPAT4,50,0.265193,0.000000,0.000000,9.924761e-04,up,1.0000
AGTPBP1,0,0,0,0,1.0,none,0.0
AGTR1,50,-0.998337,0.000000,0.000000,2.627453e-04,down,1.0000
AGTRAP,50,-0.363137,0.000000,0.000000,4.948366e-16,down,1.0000
AHNAK2,50,0.592551,0.000000,0.000000,1.930592e-02,up,1.0000
AIG1,50,0.614463,0.000000,0.000000,4.228368e-16,up,1.0000
AIM2,50,0.392871,0.000000,0.000000,2.110554e-01,up,1.0000
AKAP13,0,0,0,0,1.0,none,0.0
AKR1C3,0,0,0,0,1.0,none,0.0
ALDH18A1,50,0.605850,0.000000,0.000000,3.623242e-09,up,1.0000
ALDH1A3,50,1.669655,0.000000,0.000000,1.725741e-02,up,1.0000
ALDH1B1,50,0.484773,0.000000,0.000000,4.534030e-04,up,1.0000
ALDH1L1,0,0,0,0,1.0,none,0.0
ALDH3A1,50,0.826211,0.000000,0.000000,2.468150e-12,up,1.0000
ALDH5A1,50,0.259352,0.000000,0.000000,4.965452e-02,up,1.0000
ALDH6A1,0,0,0,0,1.0,none,0.0
ALG13,50,0.014109,0.000000,0.000000,9.513339e-01,up,1.0000
ALKAL1,49,0.491618,0.000000,0.000000,2.064741e-03,up,1.0000
ALKAL2,50,-1.154720,0.000000,0.000000,7.969086e-11,down,1.0000
ALOX15,50,0.798153,0.000000,0.000000,7.740872e-02,up,1.0000
ALOX15B,50,-1.237675,0.000000,0.000000,4.484564e-07,down,1.0000
ALOX5AP,50,-0.520633,0.000000,0.000000,2.815862e-11,down,1.0000
ALPP,50,-0.785628,0.000000,0.000000,3.789257e-03,down,1.0000
ALS2CL,50,-0.199738,0.000000,0.000000,2.450026e-01,down,1.0000
AMD1,0,0,0,0,1.0,none,0.0
AMOTL2,50,-0.397539,0.000000,0.000000,7.042922e-13,down,1.0000
AMPD1,50,1.294029,0.000000,0.000000,5.659256e-16,up,1.0000
AMPD2,0,0,0,0,1.0,none,0.0
AMPD3,50,0.481521,0.000000,0.000000,2.535868e-02,up,1.0000
AMZ2,0,0,0,0,1.0,none,0.0
ANG,50,-0.605789,0.000000,0.000000,1.385653e-11,down,1.0000
ANGPTL2,0,0,0,0,1.0,none,0.0
ANK2,50,0.768704,0.000000,0.000000,5.990291e-03,up,1.0000
ANKH,50,0.451826,0.000000,0.000000,9.126602e-40,up,1.0000
ANKMY2,50,0.480610,0.000000,0.000000,2.841869e-12,up,1.0000
ANKRD18A,50,0.520113,0.000000,0.000000,9.450710e-03,up,1.0000
ANKRD29,46,-0.631008,0.000000,0.000000,4.721343e-05,down,1.0000
ANKRD36,50,0.724135,0.000000,0.000000,1.155636e-34,up,1.0000
ANKRD42,45,0.464278,0.000000,0.000000,1.134462e-16,up,1.0000
ANKRD45,50,0.609652,0.000000,0.000000,8.693576e-05,up,1.0000
ANKRD65,50,0.691564,0.000000,0.000000,1.717118e-12,up,1.0000
ANKS1A,50,-0.565068,0.000000,0.000000,1.540103e-02,down,1.0000
ANO1,0,0,0,0,1.0,none,0.0
ANO4,50,0.326653,0.000000,0.000000,3.419999e-04,up,1.0000
ANTXR1,48,0.960395,0.000000,0.000000,2.906459e-18,up,1.0000
ANXA3,50,-1.129207,0.000000,0.000000,2.099717e-04,down,1.0000
AOC1,0,0,0,0,1.0,none,0.0
AOC3,50,-0.672959,0.000000,0.000000,2.160859e-07,down,1.0000
AOX1,0,0,0,0,1.0,none,0.0
AP3S1,0,0,0,0,1.0,none,0.0
AP5B1,50,-0.204964,0.000000,0.000000,1.811922e-01,down,1.0000
AP5M1,0,0,0,0,1.0,none,0.0
APH1A,47,-0.199563,0.000000,0.000000,3.766380e-02,down,1.0000
APLF,0,0,0,0,1.0,none,0.0
APOBEC3C,0,0,0,0,1.0,none,0.0
APOBEC3F,0,0,0,0,1.0,none,0.0
APOBEC3G,0,0,0,0,1.0,none,0.0
APOBEC3H,50,0.396913,0.000000,0.000000,3.663048e-03,up,1.0000
AQP1,50,-0.413852,0.000000,0.000000,1.226414e-07,down,1.0000
AQP5,50,0.857512,0.000000,0.000000,5.137525e-12,up,1.0000
AR,50,0.367028,0.000000,0.000000,6.620913e-02,up,1.0000
ARAP1,50,0.048999,0.000000,0.000000,7.407125e-01,up,1.0000
ARAP3,50,-0.391329,0.000000,0.000000,1.421044e-02,down,1.0000
ARG1,49,-2.257673,0.000000,0.000000,6.441871e-03,down,1.0000
ARHGAP1,0,0,0,0,1.0,none,0.0
ARHGAP10,0,0,0,0,1.0,none,0.0
ARHGAP15,50,0.738420,0.000000,0.000000,1.946341e-02,up,1.0000
ARHGAP29,0,0,0,0,1.0,none,0.0
ARHGAP31,50,-0.703489,0.000000,0.000000,3.783658e-10,down,1.0000
ARHGAP39,0,0,0,0,1.0,none,0.0
ARHGAP45,50,-0.510027,0.000000,0.000000,1.592152e-03,down,1.0000
ARHGAP6,50,-1.039424,0.000000,0.000000,7.493464e-09,down,1.0000
ARHGEF10,50,-0.671373,0.000000,0.000000,2.527966e-14,down,1.0000
ARHGEF26,50,-0.949656,0.000000,0.000000,5.592425e-06,down,1.0000
ARID3B,50,-0.275360,0.000000,0.000000,2.071096e-10,down,1.0000
ARID5A,50,-0.049546,0.000000,0.000000,8.660624e-01,down,1.0000
ARL1,50,0.291269,0.000000,0.000000,1.819850e-10,up,1.0000
ARL14EP,50,0.365926,0.000000,0.000000,1.263096e-25,up,1.0000
ARL4C,50,0.376073,0.000000,0.000000,1.690405e-01,up,1.0000
ARL6IP5,50,0.291753,0.000000,0.000000,7.389995e-13,up,1.0000
ARMC1,50,0.267953,0.000000,0.000000,1.164977e-03,up,1.0000
ARMCX2,49,0.619247,0.000000,0.000000,2.564694e-02,up,1.0000
ARMH1,0,0,0,0,1.0,none,0.0
ARMH4,50,0.417058,0.000000,0.000000,4.403255e-02,up,1.0000
ARRB1,50,-0.763303,0.000000,0.000000,1.073759e-04,down,1.0000
ARRDC2,50,-0.634911,0.000000,0.000000,1.359943e-02,down,1.0000
ARSJ,50,0.296262,0.000000,0.000000,6.424431e-03,up,1.0000
ASB13,0,0,0,0,1.0,none,0.0
ASB2,50,0.872032,0.000000,0.000000,3.431751e-02,up,1.0000
ASB5,50,0.283593,0.000000,0.000000,3.624517e-05,up,1.0000
ASCC3,50,0.475593,0.000000,0.000000,5.834804e-18,up,1.0000
ASPM,50,0.575496,0.000000,0.000000,1.162774e-03,up,1.0000
ASPN,48,2.806108,0.000000,0.000000,1.733486e-109,up,1.0000
ASRGL1,50,-0.798953,0.000000,0.000000,5.268223e-43,down,1.0000
ASXL2,50,0.273322,0.000000,0.000000,8.568871e-03,up,1.0000
ATF7,50,0.005203,0.000000,0.000000,9.743123e-01,up,1.0000
ATIC,48,0.073768,0.000000,0.000000,6.686071e-01,up,1.0000
ATOH8,50,-0.770918,0.000000,0.000000,1.001432e-01,down,1.0000
ATP11C,49,0.267173,0.000000,0.000000,9.770925e-03,up,1.0000
ATP13A4,50,-0.437058,0.000000,0.000000,3.600849e-10,down,1.0000
ATP1A1,50,-0.524095,0.000000,0.000000,5.486146e-09,down,1.0000
ATP1B1,50,0.339871,0.000000,0.000000,1.846737e-06,up,1.0000
ATP1B2,0,0,0,0,1.0,none,0.0
ATP2A2,50,0.416901,0.000000,0.000000,1.387588e-24,up,1.0000
ATP2B1,50,0.272741,0.000000,0.000000,7.768384e-03,up,1.0000
ATP2C2,50,-0.338909,0.000000,0.000000,1.240906e-05,down,1.0000
ATP6AP1,50,-0.117173,0.000000,0.000000,3.902580e-01,down,1.0000
ATP6V1E1,49,-0.248052,0.000000,0.000000,7.820060e-03,down,1.0000
ATP8B4,50,0.386358,0.000000,0.000000,1.786632e-03,up,1.0000
ATP9A,50,0.470000,0.000000,0.000000,3.578768e-21,up,1.0000
ATXN1,0,0,0,0,1.0,none,0.0
AURKA,50,0.268685,0.000000,0.000000,2.040231e-02,up,1.0000
AVPR1A,50,0.283625,0.000000,0.000000,7.430670e-02,up,1.0000
B3GALNT1,50,-0.687700,0.000000,0.000000,1.208886e-03,down,1.0000
B3GALNT2,50,0.414196,0.000000,0.000000,7.497055e-29,up,1.0000
B3GAT3,0,0,0,0,1.0,none,0.0
B3GNT3,50,0.642736,0.000000,0.000000,3.059458e-02,up,1.0000
B3GNT7,50,-0.315920,0.000000,0.000000,2.627170e-02,down,1.0000
BAAT,50,0.733795,0.000000,0.000000,1.004625e-03,up,1.0000
BACE2,50,0.755689,0.000000,0.000000,4.493922e-09,up,1.0000
BAG6,0,0,0,0,1.0,none,0.0
BAIAP2,50,-0.410812,0.000000,0.000000,1.891418e-01,down,1.0000
BBOX1,50,0.389976,0.000000,0.000000,7.196473e-21,up,1.0000
BBS1,0,0,0,0,1.0,none,0.0
BBS2,50,0.378840,0.000000,0.000000,1.769827e-07,up,1.0000
BBS5,50,0.567024,0.000000,0.000000,2.764005e-06,up,1.0000
BBS9,50,0.351127,0.000000,0.000000,1.424968e-02,up,1.0000
BCAP29,50,-0.241435,0.000000,0.000000,1.282058e-10,down,1.0000
BCAS1,50,0.731239,0.000000,0.000000,7.741167e-24,up,1.0000
BCAS3,0,0,0,0,1.0,none,0.0
BCAT2,50,-0.684751,0.000000,0.000000,3.124624e-72,down,1.0000
BCHE,50,1.169035,0.000000,0.000000,6.413253e-10,up,1.0000
BCKDHA,50,-0.326195,0.000000,0.000000,6.589808e-20,down,1.0000
BCL6,0,0,0,0,1.0,none,0.0
BDKRB2,46,1.291389,0.000000,0.000000,8.811130e-02,up,1.0000
BEAN1,0,0,0,0,1.0,none,0.0
BEND5,50,0.437434,0.000000,0.000000,4.220134e-05,up,1.0000
BEST4,50,0.202243,0.000000,0.000000,1.587061e-08,up,1.0000
BFAR,50,-0.402747,0.000000,0.000000,8.122033e-04,down,1.0000
BHLHE22,49,1.104175,0.000000,0.000000,8.622934e-02,up,1.0000
BHLHE41,0,0,0,0,1.0,none,0.0
BICC1,49,0.855344,0.000000,0.000000,2.321842e-14,up,1.0000
BIRC3,50,0.629737,0.000000,0.000000,1.111744e-01,up,1.0000
BLID,50,0.154285,0.000000,0.000000,3.569048e-01,up,1.0000
BLK,48,0.310850,0.000000,0.000000,3.019210e-01,up,1.0000
BLNK,50,0.465421,0.000000,0.000000,3.275347e-20,up,1.0000
BLVRB,50,-0.614786,0.000000,0.000000,2.858354e-10,down,1.0000
BMAL1,50,-0.649171,0.000000,0.000000,1.927612e-18,down,1.0000
BMAL2,50,0.778641,0.000000,0.000000,3.204254e-02,up,1.0000
BMP2K,50,0.455761,0.000000,0.000000,2.357913e-04,up,1.0000
BMP4,0,0,0,0,1.0,none,0.0
BMX,0,0,0,0,1.0,none,0.0
BNC2,49,0.622366,0.000000,0.000000,7.780280e-14,up,1.0000
BNIP3,50,-0.737086,0.000000,0.000000,1.608382e-07,down,1.0000
BOC,50,0.482200,0.000000,0.000000,2.534150e-03,up,1.0000
BPHL,0,0,0,0,1.0,none,0.0
BRINP3,50,0.826002,0.000000,0.000000,4.120395e-52,up,1.0000
BTC,50,0.567557,0.000000,0.000000,3.330521e-06,up,1.0000
BTLA,45,0.406090,0.000000,0.000000,2.732193e-12,up,1.0000
BTN3A3,48,0.278128,0.000000,0.000000,1.291709e-01,up,1.0000
BTNL8,50,-1.223763,0.000000,0.000000,2.810144e-04,down,1.0000
BTNL9,50,-2.443928,0.000000,0.000000,3.300712e-07,down,1.0000
BUB1B,50,0.347168,0.000000,0.000000,3.684536e-03,up,1.0000
C11orf96,50,-0.516226,0.000000,0.000000,3.242587e-01,down,1.0000
C12orf75,0,0,0,0,1.0,none,0.0
C16orf89,0,0,0,0,1.0,none,0.0
C1QTNF2,0,0,0,0,1.0,none,0.0
C1QTNF6,0,0,0,0,1.0,none,0.0
C1orf162,50,-0.497705,0.000000,0.000000,3.438156e-07,down,1.0000
C1orf21,46,-0.402710,0.000000,0.000000,3.931969e-03,down,1.0000
C1orf210,50,-0.567995,0.000000,0.000000,9.230133e-21,down,1.0000
C1orf54,50,0.922210,0.000000,0.000000,1.044195e-02,up,1.0000
C2,50,-0.562793,0.000000,0.000000,1.866421e-07,down,1.0000
C2CD3,50,0.294816,0.000000,0.000000,2.181057e-02,up,1.0000
C4B_2,50,0.580989,0.000000,0.000000,4.644202e-03,up,1.0000
C5orf15,0,0,0,0,1.0,none,0.0
C6orf132,0,0,0,0,1.0,none,0.0
C6orf141,50,0.218054,0.000000,0.000000,1.782972e-13,up,1.0000
C8orf34,50,0.744653,0.000000,0.000000,1.321230e-23,up,1.0000
CA11,49,0.467906,0.000000,0.000000,4.795488e-02,up,1.0000
CA2,50,-0.972969,0.000000,0.000000,2.367422e-02,down,1.0000
CA4,50,-2.014709,0.000000,0.000000,1.018318e-02,down,1.0000
CACHD1,50,0.380121,0.000000,0.000000,3.656510e-08,up,1.0000
CACNA1C,50,0.236392,0.000000,0.000000,5.051463e-02,up,1.0000
CACNA1H,50,-0.364811,0.000000,0.000000,1.137478e-03,down,1.0000
CACNA2D2,50,-1.123573,0.000000,0.000000,3.170563e-07,down,1.0000
CACNA2D3,50,-0.621782,0.000000,0.000000,4.663604e-26,down,1.0000
CACNB1,50,-0.363968,0.000000,0.000000,4.145130e-06,down,1.0000
CACNB3,0,0,0,0,1.0,none,0.0
CACNB4,50,-0.296574,0.000000,0.000000,4.284672e-03,down,1.0000
CADM3,0,0,0,0,1.0,none,0.0
CALCOCO1,50,0.079900,0.000000,0.000000,6.846311e-01,up,1.0000
CALCOCO2,0,0,0,0,1.0,none,0.0
CALM2,50,0.263650,0.000000,0.000000,1.194500e-10,up,1.0000
CALML4,50,0.556265,0.000000,0.000000,1.468182e-07,up,1.0000
CAMK1D,50,0.603862,0.000000,0.000000,1.108473e-13,up,1.0000
CAMSAP3,50,-0.310393,0.000000,0.000000,7.023596e-06,down,1.0000
CAP2,50,0.702104,0.000000,0.000000,2.623387e-03,up,1.0000
CAPN13,50,1.208392,0.000000,0.000000,2.112201e-21,up,1.0000
CAPN5,0,0,0,0,1.0,none,0.0
CAPN6,50,0.445962,0.000000,0.000000,1.480271e-03,up,1.0000
CARD11,50,0.296684,0.000000,0.000000,1.168596e-03,up,1.0000
CARD6,0,0,0,0,1.0,none,0.0
CARMIL1,50,-0.536422,0.000000,0.000000,8.033455e-03,down,1.0000
CASKIN2,50,-0.639702,0.000000,0.000000,1.309490e-03,down,1.0000
CASP3,50,0.318982,0.000000,0.000000,1.401258e-02,up,1.0000
CATSPERB,50,0.317622,0.000000,0.000000,1.363748e-04,up,1.0000
CAV1,50,-0.484147,0.000000,0.000000,2.037088e-02,down,1.0000
CAVIN2,50,-0.905655,0.000000,0.000000,5.809795e-03,down,1.0000
CBLN4,50,0.643910,0.000000,0.000000,2.826684e-04,up,1.0000
CCBE1,50,-1.018140,0.000000,0.000000,5.768779e-07,down,1.0000
CCDC125,50,0.684310,0.000000,0.000000,6.990972e-12,up,1.0000
CCDC146,50,1.565862,0.000000,0.000000,4.375544e-10,up,1.0000
CCDC191,50,0.861208,0.000000,0.000000,9.649448e-09,up,1.0000
CCDC3,0,0,0,0,1.0,none,0.0
CCDC60,50,0.569121,0.000000,0.000000,1.502796e-01,up,1.0000
CCDC69,0,0,0,0,1.0,none,0.0
CCDC80,50,1.496353,0.000000,0.000000,7.588762e-21,up,1.0000
CCDC85A,50,-1.304252,0.000000,0.000000,1.827336e-03,down,1.0000
CCDC88C,50,0.410663,0.000000,0.000000,1.198406e-03,up,1.0000
CCL11,50,0.998284,0.000000,0.000000,2.319957e-02,up,1.0000
CCL19,50,1.731457,0.000000,0.000000,1.244831e-01,up,1.0000
CCL21,0,0,0,0,1.0,none,0.0
CCL23,0,0,0,0,1.0,none,0.0
CCL24,50,0.429740,0.000000,0.000000,6.609833e-03,up,1.0000
CCL5,0,0,0,0,1.0,none,0.0
CCL8,50,0.672170,0.000000,0.000000,3.251593e-03,up,1.0000
CCM2L,50,-0.412321,0.000000,0.000000,6.916159e-02,down,1.0000
CCN1,50,-0.311452,0.000000,0.000000,4.197963e-01,down,1.0000
CCNB1,50,0.586111,0.000000,0.000000,3.297887e-04,up,1.0000
CCNB2,50,0.454128,0.000000,0.000000,2.313444e-05,up,1.0000
CCND1,0,0,0,0,1.0,none,0.0
CCND2,50,0.599215,0.000000,0.000000,5.120938e-13,up,1.0000
CCND3,50,-0.534019,0.000000,0.000000,2.530731e-05,down,1.0000
CCNJL,50,-0.294393,0.000000,0.000000,1.028215e-07,down,1.0000
CCNL1,0,0,0,0,1.0,none,0.0
CCNQ,0,0,0,0,1.0,none,0.0
CCNYL1,50,-0.336517,0.000000,0.000000,1.405293e-15,down,1.0000
CCR5,50,0.743242,0.000000,0.000000,5.801208e-02,up,1.0000
CCR6,49,0.451289,0.000000,0.000000,2.820980e-07,up,1.0000
CCR7,50,1.247930,0.000000,0.000000,1.764335e-01,up,1.0000
CD163,0,0,0,0,1.0,none,0.0
CD163L1,50,0.667991,0.000000,0.000000,4.713711e-29,up,1.0000
CD177,50,-0.930830,0.000000,0.000000,2.392498e-04,down,1.0000
CD180,50,0.203747,0.000000,0.000000,1.392586e-03,up,1.0000
CD19,49,0.740496,0.000000,0.000000,1.987437e-01,up,1.0000
CD1A,50,0.683899,0.000000,0.000000,4.454847e-41,up,1.0000
CD1B,50,0.314531,0.000000,0.000000,1.065922e-03,up,1.0000
CD1C,0,0,0,0,1.0,none,0.0
CD1E,0,0,0,0,1.0,none,0.0
CD2,50,0.903801,0.000000,0.000000,1.168878e-03,up,1.0000
CD200,49,0.782364,0.000000,0.000000,2.502907e-02,up,1.0000
CD200R1,50,0.484446,0.000000,0.000000,1.365165e-03,up,1.0000
CD207,50,0.570824,0.000000,0.000000,4.467461e-03,up,1.0000
CD209,50,0.492391,0.000000,0.000000,2.014001e-02,up,1.0000
CD248,50,0.448373,0.000000,0.000000,4.403961e-05,up,1.0000
CD27,0,0,0,0,1.0,none,0.0
CD274,50,-1.094915,0.000000,0.000000,4.323856e-10,down,1.0000
CD28,50,0.990019,0.000000,0.000000,1.291342e-02,up,1.0000
CD300LG,50,-0.398559,0.000000,0.000000,9.281973e-03,down,1.0000
CD36,48,-0.662887,0.000000,0.000000,9.154465e-08,down,1.0000
CD38,50,0.717025,0.000000,0.000000,2.038854e-03,up,1.0000
CD3E,0,0,0,0,1.0,none,0.0
CD3G,50,0.686025,0.000000,0.000000,3.096924e-02,up,1.0000
CD4,0,0,0,0,1.0,none,0.0
CD5,0,0,0,0,1.0,none,0.0
CD55,47,-0.440418,0.000000,0.000000,3.559460e-04,down,1.0000
CD5L,50,-0.191037,0.000000,0.000000,1.961723e-02,down,1.0000
CD6,0,0,0,0,1.0,none,0.0
CD79A,48,0.965836,0.000000,0.000000,4.666842e-04,up,1.0000
CDC14B,50,0.520948,0.000000,0.000000,6.957616e-27,up,1.0000
CDC25B,50,-0.562609,0.000000,0.000000,3.044031e-04,down,1.0000
CDCA7L,0,0,0,0,1.0,none,0.0
CDCP1,50,0.608845,0.000000,0.000000,7.867947e-04,up,1.0000
CDH11,50,0.422966,0.000000,0.000000,3.476543e-04,up,1.0000
CDH13,50,-1.024794,0.000000,0.000000,2.485495e-28,down,1.0000
CDH19,0,0,0,0,1.0,none,0.0
CDH2,50,1.229501,0.000000,0.000000,2.031361e-22,up,1.0000
CDH26,50,0.694343,0.000000,0.000000,1.006304e-25,up,1.0000
CDH3,50,1.827884,0.000000,0.000000,9.269922e-28,up,1.0000
CDH5,50,-0.682452,0.000000,0.000000,3.501530e-06,down,1.0000
CDH6,48,0.620460,0.000000,0.000000,1.643617e-18,up,1.0000
CDIN1,0,0,0,0,1.0,none,0.0
CDK14,50,0.291644,0.000000,0.000000,1.901526e-04,up,1.0000
CDK2,49,-0.203907,0.000000,0.000000,1.406392e-01,down,1.0000
CDK2AP2,50,-0.267185,0.000000,0.000000,6.555033e-03,down,1.0000
CDKL2,50,-0.678279,0.000000,0.000000,3.489763e-09,down,1.0000
CDKL5,50,-0.753236,0.000000,0.000000,1.108574e-03,down,1.0000
CDKN2A,0,0,0,0,1.0,none,0.0
CDKN3,46,0.230935,0.000000,0.000000,8.078241e-03,up,1.0000
CDO1,50,-0.522225,0.000000,0.000000,8.138598e-02,down,1.0000
CDON,50,0.458835,0.000000,0.000000,1.184347e-01,up,1.0000
CEACAM4,50,-0.632981,0.000000,0.000000,2.179621e-04,down,1.0000
CEBPA,0,0,0,0,1.0,none,0.0
CEBPB,50,-0.391103,0.000000,0.000000,4.947286e-18,down,1.0000
CEBPD,50,-0.675120,0.000000,0.000000,2.079458e-07,down,1.0000
CECR2,50,-0.581837,0.000000,0.000000,4.034766e-02,down,1.0000
CELSR1,0,0,0,0,1.0,none,0.0
CELSR2,0,0,0,0,1.0,none,0.0
CEMIP2,0,0,0,0,1.0,none,0.0
CENATAC,50,-0.300515,0.000000,0.000000,1.008152e-02,down,1.0000
CENPF,50,0.529021,0.000000,0.000000,1.031502e-04,up,1.0000
CENPV,0,0,0,0,1.0,none,0.0
CENPW,50,0.323014,0.000000,0.000000,1.261974e-06,up,1.0000
CEP126,50,1.179182,0.000000,0.000000,2.914418e-03,up,1.0000
CEP20,50,-0.175145,0.000000,0.000000,9.926782e-07,down,1.0000
CEP41,50,0.481664,0.000000,0.000000,8.956791e-04,up,1.0000
CEP43,50,0.476314,0.000000,0.000000,2.202620e-31,up,1.0000
CEP55,50,0.613656,0.000000,0.000000,1.438315e-02,up,1.0000
CEP78,50,0.302128,0.000000,0.000000,9.021218e-03,up,1.0000
CEP83,50,0.523928,0.000000,0.000000,3.048422e-12,up,1.0000
CERCAM,0,0,0,0,1.0,none,0.0
CERS2,50,-0.497936,0.000000,0.000000,5.550217e-08,down,1.0000
CETN2,50,0.673587,0.000000,0.000000,2.463212e-15,up,1.0000
CFAP69,50,0.891045,0.000000,0.000000,2.700237e-06,up,1.0000
CFB,50,1.154354,0.000000,0.000000,6.510026e-03,up,1.0000
CFH,50,1.167986,0.000000,0.000000,1.821192e-54,up,1.0000
CFHR1,50,0.591107,0.000000,0.000000,6.417467e-02,up,1.0000
CFHR3,50,0.410195,0.000000,0.000000,2.423952e-02,up,1.0000
CFI,50,0.819447,0.000000,0.000000,4.953722e-09,up,1.0000
CFL2,0,0,0,0,1.0,none,0.0
CFLAR,0,0,0,0,1.0,none,0.0
CGN,50,-0.586124,0.000000,0.000000,1.746841e-02,down,1.0000
CHAC1,0,0,0,0,1.0,none,0.0
CHCHD7,0,0,0,0,1.0,none,0.0
CHD3,50,0.473387,0.000000,0.000000,2.898241e-03,up,1.0000
CHID1,0,0,0,0,1.0,none,0.0
CHIT1,50,1.757287,0.000000,0.000000,2.177975e-03,up,1.0000
CHKA,50,-0.176115,0.000000,0.000000,9.526485e-02,down,1.0000
CHL1,50,0.627336,0.000000,0.000000,3.827714e-06,up,1.0000
CHN1,50,0.498891,0.000000,0.000000,1.212137e-17,up,1.0000
CHP1,47,-0.293495,0.000000,0.000000,2.705529e-02,down,1.0000
CHPT1,50,-0.807371,0.000000,0.000000,2.795489e-15,down,1.0000
CHRAC1,50,-0.291128,0.000000,0.000000,3.531979e-08,down,1.0000
CHRDL2,50,1.015639,0.000000,0.000000,8.476862e-02,up,1.0000
CHRM1,50,-0.083687,0.000000,0.000000,5.797492e-01,down,1.0000
CHST6,50,1.005194,0.000000,0.000000,8.076283e-04,up,1.0000
CHSY3,50,0.284172,0.000000,0.000000,2.205490e-03,up,1.0000
CHTF8,0,0,0,0,1.0,none,0.0
CIB1,50,0.325777,0.000000,0.000000,1.446113e-03,up,1.0000
CIMAP1B,0,0,0,0,1.0,none,0.0
CIRSR,50,0.299735,0.000000,0.000000,2.075662e-03,up,1.0000
CITED2,50,-0.428280,0.000000,0.000000,1.061577e-10,down,1.0000
CKMT1A,50,0.884914,0.000000,0.000000,6.462264e-23,up,1.0000
CLCA2,50,1.057118,0.000000,0.000000,2.610737e-04,up,1.0000
CLCN4,50,-0.397837,0.000000,0.000000,1.936081e-04,down,1.0000
CLCN6,48,-0.421631,0.000000,0.000000,4.799519e-26,down,1.0000
CLDN1,50,1.685515,0.000000,0.000000,7.604666e-10,up,1.0000
CLDN10,50,0.498377,0.000000,0.000000,6.840958e-12,up,1.0000
CLDN16,50,0.476930,0.000000,0.000000,7.026153e-02,up,1.0000
CLDN18,50,-1.237622,0.000000,0.000000,2.921792e-05,down,1.0000
CLDN2,50,0.550454,0.000000,0.000000,9.794049e-04,up,1.0000
CLDN5,50,-0.543767,0.000000,0.000000,9.796464e-03,down,1.0000
CLEC2D,50,0.434055,0.000000,0.000000,6.481357e-03,up,1.0000
CLEC4E,0,0,0,0,1.0,none,0.0
CLGN,50,0.277036,0.000000,0.000000,2.237686e-01,up,1.0000
CLIC2,50,-0.519464,0.000000,0.000000,8.897375e-06,down,1.0000
CLIC3,49,-0.365238,0.000000,0.000000,9.882560e-02,down,1.0000
CLIC6,50,1.356021,0.000000,0.000000,4.213170e-34,up,1.0000
CLMN,49,0.506581,0.000000,0.000000,1.192336e-12,up,1.0000
CLMP,50,0.317492,0.000000,0.000000,2.323534e-09,up,1.0000
CLOCK,0,0,0,0,1.0,none,0.0
CLPP,0,0,0,0,1.0,none,0.0
CLPTM1L,0,0,0,0,1.0,none,0.0
CLSTN1,50,0.415412,0.000000,0.000000,4.241707e-07,up,1.0000
CLSTN3,0,0,0,0,1.0,none,0.0
CLTB,50,-0.192132,0.000000,0.000000,1.360272e-02,down,1.0000
CLU,50,0.684611,0.000000,0.000000,2.311689e-05,up,1.0000
CMA1,0,0,0,0,1.0,none,0.0
CMTM8,50,-0.469229,0.000000,0.000000,1.870341e-03,down,1.0000
CNIH3,50,0.523773,0.000000,0.000000,1.976643e-02,up,1.0000
CNIH4,50,-0.323917,0.000000,0.000000,3.938279e-17,down,1.0000
CNN1,0,0,0,0,1.0,none,0.0
CNNM2,0,0,0,0,1.0,none,0.0
CNOT8,0,0,0,0,1.0,none,0.0
CNPY4,49,0.350234,0.000000,0.000000,5.031683e-21,up,1.0000
CNR1,0,0,0,0,1.0,none,0.0
CNTN1,50,0.594523,0.000000,0.000000,5.469486e-05,up,1.0000
CNTN3,50,1.051740,0.000000,0.000000,3.587152e-05,up,1.0000
CNTNAP1,50,0.218093,0.000000,0.000000,4.970454e-09,up,1.0000
CNTROB,50,-0.493201,0.000000,0.000000,1.920430e-03,down,1.0000
COCH,50,0.277494,0.000000,0.000000,6.537472e-02,up,1.0000
COG6,50,0.410680,0.000000,0.000000,7.245662e-24,up,1.0000
COL14A1,50,2.327286,0.000000,0.000000,1.669614e-17,up,1.0000
COL15A1,50,1.819533,0.000000,0.000000,9.579245e-08,up,1.0000
COL17A1,49,1.621009,0.000000,0.000000,9.575584e-04,up,1.0000
COL18A1,50,0.728376,0.000000,0.000000,6.844333e-03,up,1.0000
COL1A1,50,1.774390,0.000000,0.000000,1.085277e-48,up,1.0000
COL1A2,50,1.034295,0.000000,0.000000,5.841776e-35,up,1.0000
COL24A1,50,0.683178,0.000000,0.000000,1.378305e-04,up,1.0000
COL3A1,50,1.568729,0.000000,0.000000,4.878975e-39,up,1.0000
COL4A4,48,-0.289852,0.000000,0.000000,1.314114e-01,down,1.0000
COL5A1,50,0.683980,0.000000,0.000000,1.283591e-06,up,1.0000
COL5A2,49,0.798377,0.000000,0.000000,4.141342e-21,up,1.0000
COL6A2,50,0.415858,0.000000,0.000000,2.090748e-03,up,1.0000
COL6A3,50,1.018842,0.000000,0.000000,3.867853e-23,up,1.0000
COL7A1,50,0.908913,0.000000,0.000000,7.368224e-16,up,1.0000
COL8A2,50,1.222789,0.000000,0.000000,1.112196e-09,up,1.0000
COLEC11,50,1.329119,0.000000,0.000000,6.721844e-02,up,1.0000
COMMD6,0,0,0,0,1.0,none,0.0
COMMD9,50,-0.167327,0.000000,0.000000,7.071738e-02,down,1.0000
COMP,50,2.011540,0.000000,0.000000,3.798067e-04,up,1.0000
CORIN,50,0.290799,0.000000,0.000000,9.092083e-02,up,1.0000
CORO6,50,-0.953024,0.000000,0.000000,1.094269e-03,down,1.0000
CP,50,2.575197,0.000000,0.000000,2.329973e-25,up,1.0000
CPA3,50,1.254750,0.000000,0.000000,7.444754e-22,up,1.0000
CPA6,50,0.224521,0.000000,0.000000,9.029988e-03,up,1.0000
CPB2,50,-1.784863,0.000000,0.000000,1.445006e-05,down,1.0000
CPE,50,0.922334,0.000000,0.000000,4.202659e-12,up,1.0000
CPED1,50,0.498518,0.000000,0.000000,5.827389e-12,up,1.0000
CPLANE1,50,0.513852,0.000000,0.000000,3.046919e-02,up,1.0000
CPNE2,50,-0.263657,0.000000,0.000000,2.035120e-01,down,1.0000
CPNE4,50,0.426587,0.000000,0.000000,3.510213e-07,up,1.0000
CPNE5,50,0.643610,0.000000,0.000000,7.126617e-02,up,1.0000
CPT1C,0,0,0,0,1.0,none,0.0
CPXM1,50,0.684383,0.000000,0.000000,6.777724e-13,up,1.0000
CPXM2,50,1.369330,0.000000,0.000000,5.884430e-03,up,1.0000
CRABP2,50,0.795742,0.000000,0.000000,1.548161e-55,up,1.0000
CRACD,46,0.434235,0.000000,0.000000,1.543079e-03,up,1.0000
CRACR2A,46,0.354309,0.000000,0.000000,2.552625e-02,up,1.0000
CREB3L2,50,0.410888,0.000000,0.000000,2.179354e-21,up,1.0000
CRIP1,0,0,0,0,1.0,none,0.0
CRISPLD1,50,1.066339,0.000000,0.000000,4.022311e-07,up,1.0000
CRISPLD2,50,-0.667597,0.000000,0.000000,1.172769e-03,down,1.0000
CROT,50,0.655916,0.000000,0.000000,4.296338e-04,up,1.0000
CRTAC1,50,-1.365087,0.000000,0.000000,5.594283e-20,down,1.0000
CRYAB,50,-0.659356,0.000000,0.000000,2.957065e-26,down,1.0000
CRYM,50,0.771158,0.000000,0.000000,1.829771e-03,up,1.0000
CSF3R,50,-1.246144,0.000000,0.000000,7.433180e-08,down,1.0000
CSGALNACT1,49,0.499753,0.000000,0.000000,9.302798e-03,up,1.0000
CSPG4,49,-0.563672,0.000000,0.000000,3.239599e-04,down,1.0000
CSRNP1,50,-1.231002,0.000000,0.000000,1.780620e-05,down,1.0000
CSRNP3,50,0.644071,0.000000,0.000000,6.283763e-11,up,1.0000
CST1,50,0.336951,0.000000,0.000000,9.223755e-12,up,1.0000
CST2,0,0,0,0,1.0,none,0.0
CTH,50,-1.086077,0.000000,0.000000,1.961931e-07,down,1.0000
CTHRC1,50,1.889753,0.000000,0.000000,4.900392e-03,up,1.0000
CTNNBIP1,50,-0.687294,0.000000,0.000000,1.405019e-02,down,1.0000
CTSE,50,1.038873,0.000000,0.000000,1.625263e-10,up,1.0000
CTSF,0,0,0,0,1.0,none,0.0
CTSG,0,0,0,0,1.0,none,0.0
CTSK,50,1.448435,0.000000,0.000000,2.609610e-07,up,1.0000
CTSV,50,0.428526,0.000000,0.000000,2.313632e-03,up,1.0000
CWH43,50,0.923988,0.000000,0.000000,5.701986e-20,up,1.0000
CXCL12,50,1.480118,0.000000,0.000000,1.069871e-04,up,1.0000
CXCL13,50,1.563838,0.000000,0.000000,3.060696e-05,up,1.0000
CXCL14,50,2.769244,0.000000,0.000000,9.204935e-03,up,1.0000
CXCL17,0,0,0,0,1.0,none,0.0
CXCL2,48,-0.614509,0.000000,0.000000,2.924743e-01,down,1.0000
CXCL8,48,-0.124819,0.000000,0.000000,8.368127e-01,down,1.0000
CXorf65,0,0,0,0,1.0,none,0.0
CYFIP2,50,0.335850,0.000000,0.000000,2.201434e-02,up,1.0000
CYGB,0,0,0,0,1.0,none,0.0
CYP24A1,50,1.274633,0.000000,0.000000,3.134693e-13,up,1.0000
CYP27A1,0,0,0,0,1.0,none,0.0
CYP27C1,50,0.479087,0.000000,0.000000,3.440126e-02,up,1.0000
CYP2F1,50,0.766504,0.000000,0.000000,2.670958e-02,up,1.0000
CYP2S1,0,0,0,0,1.0,none,0.0
CYP3A5,50,-1.004223,0.000000,0.000000,8.672972e-03,down,1.0000
CYP51A1,0,0,0,0,1.0,none,0.0
CYSLTR1,50,0.694775,0.000000,0.000000,2.412342e-04,up,1.0000
DACT1,0,0,0,0,1.0,none,0.0
DACT3,0,0,0,0,1.0,none,0.0
DAGLB,0,0,0,0,1.0,none,0.0
DAPK2,48,-0.895411,0.000000,0.000000,1.088340e-04,down,1.0000
DAPP1,50,0.587473,0.000000,0.000000,1.478291e-02,up,1.0000
DBI,50,-0.227006,0.000000,0.000000,1.402895e-01,down,1.0000
DBN1,50,0.570003,0.000000,0.000000,5.117419e-07,up,1.0000
DBP,0,0,0,0,1.0,none,0.0
DCAF7,0,0,0,0,1.0,none,0.0
DCLK1,50,1.186962,0.000000,0.000000,7.334718e-04,up,1.0000
DCUN1D3,50,-0.208460,0.000000,0.000000,2.241600e-01,down,1.0000
DCUN1D4,0,0,0,0,1.0,none,0.0
DCXR,50,-0.970658,0.000000,0.000000,1.093818e-08,down,1.0000
DDB2,0,0,0,0,1.0,none,0.0
DDIT3,50,-0.256880,0.000000,0.000000,2.281099e-01,down,1.0000
DDIT4L,50,0.530247,0.000000,0.000000,1.538517e-02,up,1.0000
DDR1,0,0,0,0,1.0,none,0.0
DDT,50,-0.418334,0.000000,0.000000,3.358426e-20,down,1.0000
DDX39A,0,0,0,0,1.0,none,0.0
DDX3X,0,0,0,0,1.0,none,0.0
DEFA1B,50,-1.602831,0.000000,0.000000,5.250366e-02,down,1.0000
DENND1B,47,0.358638,0.000000,0.000000,3.431579e-14,up,1.0000
DENND2A,49,0.314303,0.000000,0.000000,8.640506e-06,up,1.0000
DENND2B,50,0.414195,0.000000,0.000000,5.401239e-05,up,1.0000
DENND3,50,-0.957115,0.000000,0.000000,2.400075e-70,down,1.0000
DENND4B,50,-0.325102,0.000000,0.000000,1.083857e-03,down,1.0000
DENND5B,50,0.298487,0.000000,0.000000,5.058866e-02,up,1.0000
DEPDC7,50,0.854748,0.000000,0.000000,1.070445e-21,up,1.0000
DERL3,50,1.377890,0.000000,0.000000,1.576605e-02,up,1.0000
DES,48,1.177803,0.000000,0.000000,7.536320e-29,up,1.0000
DGAT1,50,-0.208502,0.000000,0.000000,5.554284e-02,down,1.0000
DGAT2,50,-0.573715,0.000000,0.000000,5.792104e-07,down,1.0000
DGKA,45,0.376919,0.000000,0.000000,6.380465e-07,up,1.0000
DGKD,50,-0.542878,0.000000,0.000000,1.563805e-32,down,1.0000
DGKG,50,-0.574972,0.000000,0.000000,3.328993e-06,down,1.0000
DHCR24,50,-0.521420,0.000000,0.000000,1.248445e-09,down,1.0000
DHX58,0,0,0,0,1.0,none,0.0
DIO2,50,1.884591,0.000000,0.000000,1.716675e-04,up,1.0000
DIO3,0,0,0,0,1.0,none,0.0
DIPK1A,50,0.513373,0.000000,0.000000,2.431343e-05,up,1.0000
DISP1,50,-0.543582,0.000000,0.000000,5.140964e-02,down,1.0000
DLC1,0,0,0,0,1.0,none,0.0
DLEC1,50,0.972207,0.000000,0.000000,1.814236e-14,up,1.0000
DLG2,50,0.784409,0.000000,0.000000,5.775268e-45,up,1.0000
DLG5,50,0.534387,0.000000,0.000000,1.146445e-12,up,1.0000
DLGAP5,50,0.462992,0.000000,0.000000,7.747522e-04,up,1.0000
DMAC2,50,-0.431497,0.000000,0.000000,1.153639e-03,down,1.0000
DMD,50,0.700903,0.000000,0.000000,1.160500e-05,up,1.0000
DNAAF10,50,0.473173,0.000000,0.000000,1.803457e-02,up,1.0000
DNAJC12,50,0.808456,0.000000,0.000000,9.307683e-11,up,1.0000
DNER,50,0.785949,0.000000,0.000000,8.654585e-22,up,1.0000
DNM1,50,0.554114,0.000000,0.000000,2.832267e-09,up,1.0000
DNM2,50,-0.497092,0.000000,0.000000,6.800312e-12,down,1.0000
DNMBP,50,0.230584,0.000000,0.000000,2.201454e-12,up,1.0000
DNPEP,49,-0.236468,0.000000,0.000000,4.433213e-02,down,1.0000
DOCK10,50,0.681837,0.000000,0.000000,1.107471e-07,up,1.0000
DOCK5,50,-0.461139,0.000000,0.000000,4.360004e-04,down,1.0000
DOCK9,50,-0.857419,0.000000,0.000000,1.323643e-07,down,1.0000
DOK4,50,-0.167700,0.000000,0.000000,4.150631e-01,down,1.0000
DOK5,49,0.567891,0.000000,0.000000,1.958553e-23,up,1.0000
DPT,0,0,0,0,1.0,none,0.0
DPYS,50,0.656136,0.000000,0.000000,1.123062e-03,up,1.0000
DPYSL3,50,0.767145,0.000000,0.000000,8.095474e-37,up,1.0000
DRC4,50,0.254320,0.000000,0.000000,8.186785e-10,up,1.0000
DRC7,50,0.684037,0.000000,0.000000,2.116267e-19,up,1.0000
DRC9,50,1.021645,0.000000,0.000000,1.523454e-25,up,1.0000
DSC3,50,1.167072,0.000000,0.000000,2.803234e-02,up,1.0000
DSEL,50,-0.650408,0.000000,0.000000,2.832417e-03,down,1.0000
DSG3,50,0.668413,0.000000,0.000000,4.193890e-25,up,1.0000
DTHD1,50,1.036279,0.000000,0.000000,1.258982e-01,up,1.0000
DTWD1,49,0.267241,0.000000,0.000000,1.520105e-03,up,1.0000
DTX3,50,0.398454,0.000000,0.000000,5.264608e-03,up,1.0000
DUOX1,50,-0.720162,0.000000,0.000000,2.059804e-02,down,1.0000
DUOXA1,50,-1.013510,0.000000,0.000000,1.594769e-05,down,1.0000
DUOXA2,50,-0.069807,0.000000,0.000000,6.074531e-01,down,1.0000
DUSP1,50,-0.745311,0.000000,0.000000,5.984191e-03,down,1.0000
DUSP10,50,0.546666,0.000000,0.000000,2.120145e-05,up,1.0000
DUSP14,0,0,0,0,1.0,none,0.0
DUSP2,0,0,0,0,1.0,none,0.0
DUSP4,0,0,0,0,1.0,none,0.0
DUSP8,47,-0.396605,0.000000,0.000000,8.153266e-11,down,1.0000
DYNC1LI1,0,0,0,0,1.0,none,0.0
DYNLL1,50,0.453667,0.000000,0.000000,3.510496e-03,up,1.0000
DYRK2,0,0,0,0,1.0,none,0.0
DZIP1,47,0.606781,0.000000,0.000000,9.238472e-20,up,1.0000
DZIP1L,50,0.598657,0.000000,0.000000,7.279907e-32,up,1.0000
E2F8,50,0.351738,0.000000,0.000000,1.957578e-21,up,1.0000
EAF2,50,0.293490,0.000000,0.000000,1.270321e-01,up,1.0000
EBF3,50,0.220422,0.000000,0.000000,1.806617e-01,up,1.0000
EBP,50,-0.676225,0.000000,0.000000,7.067022e-12,down,1.0000
ECHDC1,0,0,0,0,1.0,none,0.0
ECHDC3,50,-1.061803,0.000000,0.000000,1.560093e-06,down,1.0000
ECM1,0,0,0,0,1.0,none,0.0
ECM2,50,1.303022,0.000000,0.000000,2.325139e-19,up,1.0000
ECRG4,0,0,0,0,1.0,none,0.0
EDA2R,0,0,0,0,1.0,none,0.0
EDEM1,0,0,0,0,1.0,none,0.0
EDNRB,50,-1.297689,0.000000,0.000000,1.006486e-05,down,1.0000
EEIG1,0,0,0,0,1.0,none,0.0
EFCAB12,50,0.695459,0.000000,0.000000,8.780334e-05,up,1.0000
EFHC1,50,1.091890,0.000000,0.000000,1.388745e-09,up,1.0000
EFHC2,50,1.164721,0.000000,0.000000,4.977126e-14,up,1.0000
EFNA1,50,-0.446526,0.000000,0.000000,5.803274e-20,down,1.0000
EFNA4,0,0,0,0,1.0,none,0.0
EFNA5,0,0,0,0,1.0,none,0.0
EFNB1,50,-0.515023,0.000000,0.000000,9.187439e-03,down,1.0000
EFNB2,50,-0.663778,0.000000,0.000000,1.609082e-19,down,1.0000
EFNB3,50,0.276920,0.000000,0.000000,2.978846e-03,up,1.0000
EGFL6,50,0.813224,0.000000,0.000000,1.540204e-22,up,1.0000
EGFLAM,50,0.441320,0.000000,0.000000,1.052285e-02,up,1.0000
EGR2,0,0,0,0,1.0,none,0.0
EGR3,50,0.240195,0.000000,0.000000,7.084287e-01,up,1.0000
EHD4,0,0,0,0,1.0,none,0.0
EIF2D,50,0.008340,0.000000,0.000000,9.725448e-01,up,1.0000
EIF5A2,50,0.258211,0.000000,0.000000,3.149708e-02,up,1.0000
ELAPOR2,0,0,0,0,1.0,none,0.0
ELK3,50,0.411479,0.000000,0.000000,4.419131e-08,up,1.0000
ELMO1,50,-0.296060,0.000000,0.000000,7.376699e-07,down,1.0000
ELOA,0,0,0,0,1.0,none,0.0
EMB,50,0.505653,0.000000,0.000000,5.435780e-03,up,1.0000
EMC3,0,0,0,0,1.0,none,0.0
EMP2,50,-0.894282,0.000000,0.000000,4.583114e-03,down,1.0000
ENAH,49,0.742830,0.000000,0.000000,6.198831e-26,up,1.0000
ENC1,50,0.884357,0.000000,0.000000,1.079064e-10,up,1.0000
ENG,50,-0.108021,0.000000,0.000000,7.471304e-01,down,1.0000
ENOSF1,46,-0.212142,0.000000,0.000000,1.890350e-01,down,1.0000
ENPP3,50,0.622739,0.000000,0.000000,4.645224e-07,up,1.0000
ENPP5,50,0.639007,0.000000,0.000000,1.197920e-05,up,1.0000
ENTPD1,50,0.700529,0.000000,0.000000,2.635046e-31,up,1.0000
ENTPD3,50,0.450224,0.000000,0.000000,1.428885e-05,up,1.0000
ENTPD7,50,0.245587,0.000000,0.000000,8.503581e-03,up,1.0000
ENTREP1,0,0,0,0,1.0,none,0.0
EOMES,0,0,0,0,1.0,none,0.0
EPAS1,49,-1.098499,0.000000,0.000000,1.388519e-05,down,1.0000
EPB41L5,50,-0.833440,0.000000,0.000000,8.736546e-05,down,1.0000
EPDR1,49,-0.488435,0.000000,0.000000,1.123742e-01,down,1.0000
EPHA3,50,1.412274,0.000000,0.000000,7.308278e-15,up,1.0000
EPHX1,0,0,0,0,1.0,none,0.0
EPHX3,0,0,0,0,1.0,none,0.0
ERG28,49,-0.312948,0.000000,0.000000,2.869982e-14,down,1.0000
ERN1,50,-0.134816,0.000000,0.000000,5.729887e-01,down,1.0000
ERN2,49,0.439310,0.000000,0.000000,1.423098e-02,up,1.0000
ERRFI1,50,-0.655893,0.000000,0.000000,1.373589e-02,down,1.0000
ESR2,50,0.148920,0.000000,0.000000,1.792473e-01,up,1.0000
ESRP2,49,-0.320173,0.000000,0.000000,6.173389e-03,down,1.0000
ESRRG,50,0.406014,0.000000,0.000000,3.204645e-27,up,1.0000
ESYT3,50,-0.663103,0.000000,0.000000,5.260569e-11,down,1.0000
ETS2,50,-0.506783,0.000000,0.000000,3.562159e-06,down,1.0000
ETV6,0,0,0,0,1.0,none,0.0
EVL,0,0,0,0,1.0,none,0.0
EXOC3L1,49,-0.359529,0.000000,0.000000,2.541230e-02,down,1.0000
EXTL2,50,0.284967,0.000000,0.000000,4.730810e-02,up,1.0000
EYA2,50,1.214807,0.000000,0.000000,2.219916e-03,up,1.0000
EYA4,50,0.375080,0.000000,0.000000,9.453347e-02,up,1.0000
F2RL3,50,-1.134162,0.000000,0.000000,1.766067e-03,down,1.0000
F3,50,-0.557785,0.000000,0.000000,1.612020e-04,down,1.0000
FAAH2,50,0.506639,0.000000,0.000000,5.403377e-05,up,1.0000
FADS1,50,-0.857543,0.000000,0.000000,3.242073e-12,down,1.0000
FADS3,50,-0.624491,0.000000,0.000000,6.287107e-29,down,1.0000
FAH,50,-0.647525,0.000000,0.000000,7.838646e-40,down,1.0000
FAM107A,50,-1.848448,0.000000,0.000000,2.892649e-03,down,1.0000
FAM13C,50,0.853081,0.000000,0.000000,2.967037e-02,up,1.0000
FAM162A,50,0.297351,0.000000,0.000000,7.287234e-08,up,1.0000
FAM162B,0,0,0,0,1.0,none,0.0
FAM167A,50,-0.900156,0.000000,0.000000,1.871722e-05,down,1.0000
FAM169A,50,0.596951,0.000000,0.000000,5.471793e-54,up,1.0000
FAM171B,50,0.815117,0.000000,0.000000,1.600115e-33,up,1.0000
FAM177A1,0,0,0,0,1.0,none,0.0
FAM20C,0,0,0,0,1.0,none,0.0
FAM229B,0,0,0,0,1.0,none,0.0
FAM3D,50,0.371792,0.000000,0.000000,4.304871e-09,up,1.0000
FAM43A,50,-0.350768,0.000000,0.000000,1.102605e-01,down,1.0000
FAM50A,50,-0.140027,0.000000,0.000000,1.803147e-01,down,1.0000
FAM81A,50,0.233763,0.000000,0.000000,2.117038e-02,up,1.0000
FAM89A,50,-0.602232,0.000000,0.000000,5.329660e-07,down,1.0000
FANCE,50,-0.432143,0.000000,0.000000,6.227215e-37,down,1.0000
FANCF,47,0.439593,0.000000,0.000000,1.323057e-03,up,1.0000
FANCL,50,0.364762,0.000000,0.000000,6.470874e-06,up,1.0000
FAP,50,1.362414,0.000000,0.000000,2.615321e-11,up,1.0000
FASLG,0,0,0,0,1.0,none,0.0
FASN,49,-1.281293,0.000000,0.000000,4.310443e-10,down,1.0000
FAT1,50,0.761922,0.000000,0.000000,1.592498e-20,up,1.0000
FAT2,50,0.663952,0.000000,0.000000,3.048699e-02,up,1.0000
FBLN2,50,1.031134,0.000000,0.000000,9.562825e-09,up,1.0000
FBLN5,50,-0.630721,0.000000,0.000000,1.443845e-20,down,1.0000
FBXL13,50,0.500230,0.000000,0.000000,1.897380e-05,up,1.0000
FBXL2,50,0.515092,0.000000,0.000000,5.565356e-05,up,1.0000
FBXO16,50,0.469235,0.000000,0.000000,8.591151e-04,up,1.0000
FBXO31,0,0,0,0,1.0,none,0.0
FCER1A,0,0,0,0,1.0,none,0.0
FCGRT,0,0,0,0,1.0,none,0.0
FCHO2,0,0,0,0,1.0,none,0.0
FCHSD2,0,0,0,0,1.0,none,0.0
FCMR,50,0.362703,0.000000,0.000000,1.326225e-04,up,1.0000
FCN3,50,-2.283579,0.000000,0.000000,8.875443e-67,down,1.0000
FCRL2,50,0.243315,0.000000,0.000000,1.156746e-01,up,1.0000
FCRL5,50,1.023626,0.000000,0.000000,2.826139e-02,up,1.0000
FCRLA,50,0.315141,0.000000,0.000000,4.861969e-06,up,1.0000
FDCSP,50,1.014490,0.000000,0.000000,1.276508e-01,up,1.0000
FDFT1,50,-0.425158,0.000000,0.000000,1.220529e-20,down,1.0000
FDPS,0,0,0,0,1.0,none,0.0
FDXR,0,0,0,0,1.0,none,0.0
FERMT1,50,0.689806,0.000000,0.000000,7.987236e-02,up,1.0000
FERMT2,0,0,0,0,1.0,none,0.0
FES,50,-0.449239,0.000000,0.000000,3.114072e-33,down,1.0000
FGD4,0,0,0,0,1.0,none,0.0
FGD6,50,0.441988,0.000000,0.000000,2.090051e-05,up,1.0000
FGF1,0,0,0,0,1.0,none,0.0
FGF14,50,1.026162,0.000000,0.000000,1.079430e-02,up,1.0000
FGF7,50,0.405690,0.000000,0.000000,8.674028e-02,up,1.0000
FGFR3,0,0,0,0,1.0,none,0.0
FGL1,49,-0.727515,0.000000,0.000000,1.003573e-02,down,1.0000
FGR,50,-0.711842,0.000000,0.000000,1.909537e-06,down,1.0000
FHDC1,45,-0.714845,0.000000,0.000000,1.207136e-18,down,1.0000
FHL2,50,1.489561,0.000000,0.000000,2.789236e-02,up,1.0000
FHOD1,50,-0.326606,0.000000,0.000000,5.347918e-02,down,1.0000
FHOD3,50,0.970182,0.000000,0.000000,3.249107e-03,up,1.0000
FIBIN,50,-1.149670,0.000000,0.000000,3.326466e-31,down,1.0000
FKBP5,0,0,0,0,1.0,none,0.0
FLNC,50,0.648337,0.000000,0.000000,8.170469e-04,up,1.0000
FLT3,0,0,0,0,1.0,none,0.0
FLVCR2,50,-0.445004,0.000000,0.000000,4.744089e-03,down,1.0000
FMN1,0,0,0,0,1.0,none,0.0
FMNL2,0,0,0,0,1.0,none,0.0
FMO1,50,0.708529,0.000000,0.000000,2.332381e-11,up,1.0000
FMO3,0,0,0,0,1.0,none,0.0
FN1,49,0.450395,0.000000,0.000000,1.478747e-18,up,1.0000
FNBP1L,0,0,0,0,1.0,none,0.0
FNDC1,50,1.973859,0.000000,0.000000,2.378184e-18,up,1.0000
FNDC4,0,0,0,0,1.0,none,0.0
FOLR1,0,0,0,0,1.0,none,0.0
FOSL2,50,-0.352872,0.000000,0.000000,3.186256e-01,down,1.0000
FOXF1,49,-0.763899,0.000000,0.000000,1.902644e-04,down,1.0000
FREM1,50,0.811088,0.000000,0.000000,7.143929e-42,up,1.0000
FREM3,0,0,0,0,1.0,none,0.0
FRK,50,0.626692,0.000000,0.000000,2.254325e-04,up,1.0000
FRMD5,50,0.319870,0.000000,0.000000,8.729039e-03,up,1.0000
FRY,50,-0.242243,0.000000,0.000000,5.513412e-01,down,1.0000
FRZB,50,1.106798,0.000000,0.000000,6.961081e-04,up,1.0000
FSCN1,0,0,0,0,1.0,none,0.0
FSTL3,50,-0.646124,0.000000,0.000000,4.617165e-29,down,1.0000
FTO,50,0.449325,0.000000,0.000000,6.828769e-03,up,1.0000
FUCA1,50,0.403591,0.000000,0.000000,9.987873e-04,up,1.0000
FUT1,50,-0.885967,0.000000,0.000000,4.783665e-03,down,1.0000
FUT2,50,0.498117,0.000000,0.000000,7.581116e-24,up,1.0000
FUT8,45,0.577729,0.000000,0.000000,3.011417e-12,up,1.0000
FXYD5,0,0,0,0,1.0,none,0.0
FZD3,50,0.683281,0.000000,0.000000,3.342209e-03,up,1.0000
FZD4,50,-0.664483,0.000000,0.000000,4.201349e-04,down,1.0000
FZD5,49,-1.048418,0.000000,0.000000,3.358275e-06,down,1.0000
FZD7,50,0.485353,0.000000,0.000000,5.299511e-03,up,1.0000
FZD8,50,-0.513719,0.000000,0.000000,1.532659e-02,down,1.0000
GAA,0,0,0,0,1.0,none,0.0
GAB1,50,-0.321575,0.000000,0.000000,5.675950e-02,down,1.0000
GAB2,50,-0.591130,0.000000,0.000000,1.250051e-16,down,1.0000
GABARAPL1,50,-0.408780,0.000000,0.000000,8.625762e-20,down,1.0000
GABBR2,50,0.431831,0.000000,0.000000,1.951918e-08,up,1.0000
GABRP,50,0.584742,0.000000,0.000000,8.383620e-03,up,1.0000
GADD45B,50,-0.721597,0.000000,0.000000,6.078828e-02,down,1.0000
GADD45G,47,-0.400755,0.000000,0.000000,1.324047e-12,down,1.0000
GALNT1,50,0.391811,0.000000,0.000000,1.104369e-16,up,1.0000
GALNT12,0,0,0,0,1.0,none,0.0
GALNT16,0,0,0,0,1.0,none,0.0
GALNT17,0,0,0,0,1.0,none,0.0
GALNT18,49,-0.920468,0.000000,0.000000,3.046222e-06,down,1.0000
GALNT6,45,0.853327,0.000000,0.000000,8.275313e-04,up,1.0000
GALNT7,50,0.311957,0.000000,0.000000,6.097077e-10,up,1.0000
GAS6,0,0,0,0,1.0,none,0.0
GATA2,50,-0.893877,0.000000,0.000000,3.396102e-29,down,1.0000
GATAD1,49,0.249724,0.000000,0.000000,6.433569e-01,up,1.0000
GATM,0,0,0,0,1.0,none,0.0
GBA2,50,-0.361383,0.000000,0.000000,1.367028e-03,down,1.0000
GBE1,0,0,0,0,1.0,none,0.0
GBGT1,0,0,0,0,1.0,none,0.0
GCC2,50,0.296947,0.000000,0.000000,9.065004e-04,up,1.0000
GCNT1,50,0.289315,0.000000,0.000000,1.684861e-04,up,1.0000
GCNT2,0,0,0,0,1.0,none,0.0
GCNT3,50,0.682564,0.000000,0.000000,2.247432e-02,up,1.0000
GDF15,0,0,0,0,1.0,none,0.0
GEM,50,1.303853,0.000000,0.000000,4.028220e-05,up,1.0000
GEN1,50,0.361146,0.000000,0.000000,7.796249e-02,up,1.0000
GFOD1,50,-0.948969,0.000000,0.000000,3.450627e-03,down,1.0000
GFRA1,50,0.481733,0.000000,0.000000,4.317165e-02,up,1.0000
GFRA3,0,0,0,0,1.0,none,0.0
GGH,47,0.568072,0.000000,0.000000,6.467991e-05,up,1.0000
GGT6,0,0,0,0,1.0,none,0.0
GGTLC1,50,-0.697707,0.000000,0.000000,1.620459e-02,down,1.0000
GGTLC2,50,-0.508275,0.000000,0.000000,7.741877e-03,down,1.0000
GHITM,0,0,0,0,1.0,none,0.0
GHR,50,-0.571104,0.000000,0.000000,1.177744e-16,down,1.0000
GIMAP6,49,-0.576035,0.000000,0.000000,1.321839e-04,down,1.0000
GIMAP8,0,0,0,0,1.0,none,0.0
GJA4,50,-0.666019,0.000000,0.000000,2.396282e-07,down,1.0000
GJB2,50,0.940435,0.000000,0.000000,8.966544e-02,up,1.0000
GKN2,46,-1.032321,0.000000,0.000000,3.370396e-14,down,1.0000
GLB1L,50,0.449531,0.000000,0.000000,1.654202e-06,up,1.0000
GLB1L2,50,0.427789,0.000000,0.000000,3.304732e-02,up,1.0000
GLDN,0,0,0,0,1.0,none,0.0
GLIS3,50,0.281710,0.000000,0.000000,1.587171e-03,up,1.0000
GLO1,50,-0.342825,0.000000,0.000000,1.210535e-03,down,1.0000
GLRX5,48,-0.136017,0.000000,0.000000,3.234818e-02,down,1.0000
GLT8D2,50,1.007257,0.000000,0.000000,2.795992e-41,up,1.0000
GLUL,0,0,0,0,1.0,none,0.0
GM2A,50,0.514700,0.000000,0.000000,8.270159e-03,up,1.0000
GNAL,50,0.907390,0.000000,0.000000,6.652355e-40,up,1.0000
GNG2,0,0,0,0,1.0,none,0.0
GOLM1,50,0.851639,0.000000,0.000000,9.306994e-02,up,1.0000
GOLPH3L,50,0.381437,0.000000,0.000000,1.690033e-07,up,1.0000
GOPC,50,0.309571,0.000000,0.000000,1.900303e-04,up,1.0000
GORAB,50,0.284293,0.000000,0.000000,5.290551e-03,up,1.0000
GPC5,50,0.410004,0.000000,0.000000,7.424815e-03,up,1.0000
GPD1L,0,0,0,0,1.0,none,0.0
GPIHBP1,50,-1.308011,0.000000,0.000000,9.214575e-05,down,1.0000
GPM6A,50,-0.848657,0.000000,0.000000,7.849949e-06,down,1.0000
GPM6B,50,-0.975743,0.000000,0.000000,1.501263e-02,down,1.0000
GPNMB,50,0.690738,0.000000,0.000000,4.801204e-03,up,1.0000
GPR135,0,0,0,0,1.0,none,0.0
GPR146,50,-0.542282,0.000000,0.000000,3.241153e-05,down,1.0000
GPR155,50,0.504904,0.000000,0.000000,1.695015e-20,up,1.0000
GPR156,50,0.197073,0.000000,0.000000,5.492301e-03,up,1.0000
GPR18,0,0,0,0,1.0,none,0.0
GPR4,50,-1.206896,0.000000,0.000000,1.788746e-41,down,1.0000
GPR87,50,1.708954,0.000000,0.000000,1.774182e-03,up,1.0000
GPRASP1,50,0.438533,0.000000,0.000000,1.543813e-02,up,1.0000
GPRIN2,50,-0.590904,0.000000,0.000000,1.118931e-04,down,1.0000
GPX3,50,-1.653494,0.000000,0.000000,1.393235e-07,down,1.0000
GPX7,0,0,0,0,1.0,none,0.0
GPX8,50,1.001655,0.000000,0.000000,7.641983e-30,up,1.0000
GRB10,50,-0.422730,0.000000,0.000000,1.466782e-13,down,1.0000
GREM1,50,1.144413,0.000000,0.000000,2.572648e-07,up,1.0000
GREM2,50,0.648652,0.000000,0.000000,6.470587e-02,up,1.0000
GRIA3,50,0.214974,0.000000,0.000000,7.737586e-02,up,1.0000
GRINA,0,0,0,0,1.0,none,0.0
GRK3,47,0.508091,0.000000,0.000000,3.460061e-03,up,1.0000
GRN,0,0,0,0,1.0,none,0.0
GSDMB,50,0.248240,0.000000,0.000000,1.504724e-04,up,1.0000
GSDME,50,0.913914,0.000000,0.000000,9.348873e-37,up,1.0000
GSKIP,48,0.255151,0.000000,0.000000,2.197943e-06,up,1.0000
GSN,50,0.344278,0.000000,0.000000,9.597981e-02,up,1.0000
GSTA1,50,1.695993,0.000000,0.000000,1.989561e-34,up,1.0000
GSTA3,50,0.794234,0.000000,0.000000,1.264211e-21,up,1.0000
GSTA4,50,-0.700358,0.000000,0.000000,7.495354e-08,down,1.0000
GTPBP6,0,0,0,0,1.0,none,0.0
GUCD1,50,-0.352190,0.000000,0.000000,7.735369e-05,down,1.0000
GXYLT2,0,0,0,0,1.0,none,0.0
GZMK,0,0,0,0,1.0,none,0.0
H2BC5,0,0,0,0,1.0,none,0.0
H3C8,50,-0.034683,0.000000,0.000000,7.927598e-01,down,1.0000
HABP2,48,0.353749,0.000000,0.000000,1.950963e-08,up,1.0000
HACD1,47,-0.334804,0.000000,0.000000,2.080741e-04,down,1.0000
HAL,50,-0.629600,0.000000,0.000000,1.869433e-03,down,1.0000
HAS2,50,0.994259,0.000000,0.000000,1.847496e-04,up,1.0000
HCST,0,0,0,0,1.0,none,0.0
HDAC6,0,0,0,0,1.0,none,0.0
HDAC9,50,0.336237,0.000000,0.000000,5.586723e-03,up,1.0000
HDC,50,1.366275,0.000000,0.000000,1.158562e-03,up,1.0000
HDGFL3,48,0.222959,0.000000,0.000000,1.370736e-03,up,1.0000
HECW2,50,-1.182079,0.000000,0.000000,2.292633e-30,down,1.0000
HEPH,50,0.595186,0.000000,0.000000,1.391221e-19,up,1.0000
HERC6,50,0.302953,0.000000,0.000000,2.501202e-03,up,1.0000
HEY1,50,-0.722257,0.000000,0.000000,1.948603e-03,down,1.0000
HEYL,50,-0.458522,0.000000,0.000000,5.754785e-18,down,1.0000
HGF,50,0.583798,0.000000,0.000000,1.932249e-13,up,1.0000
HHAT,50,0.728149,0.000000,0.000000,3.918170e-66,up,1.0000
HHIP,50,-1.563061,0.000000,0.000000,1.477575e-10,down,1.0000
HHLA2,50,1.003418,0.000000,0.000000,5.064522e-02,up,1.0000
HIBADH,46,0.395307,0.000000,0.000000,4.662839e-07,up,1.0000
HIBCH,50,0.259433,0.000000,0.000000,1.577812e-01,up,1.0000
HIF3A,50,-2.011082,0.000000,0.000000,1.227889e-02,down,1.0000
HILPDA,0,0,0,0,1.0,none,0.0
HIPK2,50,-0.428691,0.000000,0.000000,6.870441e-25,down,1.0000
HIRIP3,47,-0.232388,0.000000,0.000000,7.784555e-04,down,1.0000
HIVEP1,50,0.445171,0.000000,0.000000,1.732375e-07,up,1.0000
HIVEP2,49,0.439774,0.000000,0.000000,1.429404e-10,up,1.0000
HLA-DOB,50,0.711274,0.000000,0.000000,8.516183e-23,up,1.0000
HLA-DPA1,0,0,0,0,1.0,none,0.0
HLA-DRA,0,0,0,0,1.0,none,0.0
HLTF,50,0.479341,0.000000,0.000000,1.737192e-02,up,1.0000
HMBOX1,0,0,0,0,1.0,none,0.0
HMCN1,50,1.178763,0.000000,0.000000,9.954938e-11,up,1.0000
HMGN1,50,0.469202,0.000000,0.000000,3.754156e-10,up,1.0000
HMGN3,50,0.423782,0.000000,0.000000,1.543924e-04,up,1.0000
HMMR,50,0.393147,0.000000,0.000000,4.730610e-02,up,1.0000
HNMT,50,0.411390,0.000000,0.000000,8.876435e-04,up,1.0000
HOMER2,50,0.352781,0.000000,0.000000,5.979709e-16,up,1.0000
HOPX,48,-0.860297,0.000000,0.000000,2.984434e-19,down,1.0000
HP,50,-0.136753,0.000000,0.000000,8.697172e-01,down,1.0000
HPCAL1,50,-0.900864,0.000000,0.000000,1.147800e-06,down,1.0000
HPGD,50,-0.820676,0.000000,0.000000,3.234134e-03,down,1.0000
HPGDS,50,0.968117,0.000000,0.000000,1.382617e-21,up,1.0000
HPN,50,-0.357574,0.000000,0.000000,6.265335e-02,down,1.0000
HPR,45,0.011890,0.000000,0.000000,9.846136e-01,up,1.0000
HPS3,48,0.184737,0.000000,0.000000,1.551394e-03,up,1.0000
HPS5,0,0,0,0,1.0,none,0.0
HPS6,0,0,0,0,1.0,none,0.0
HPSE2,50,0.706833,0.000000,0.000000,8.696787e-03,up,1.0000
HS3ST1,50,0.591574,0.000000,0.000000,1.748196e-02,up,1.0000
HS3ST3A1,0,0,0,0,1.0,none,0.0
HS6ST1,0,0,0,0,1.0,none,0.0
HS6ST2,50,0.623185,0.000000,0.000000,1.921149e-02,up,1.0000
HSD17B10,0,0,0,0,1.0,none,0.0
HSD17B12,0,0,0,0,1.0,none,0.0
HSD17B4,0,0,0,0,1.0,none,0.0
HSD17B6,50,-1.334465,0.000000,0.000000,6.159660e-07,down,1.0000
HSH2D,0,0,0,0,1.0,none,0.0
HSPA12B,50,-0.544698,0.000000,0.000000,4.093573e-02,down,1.0000
HSPA2,50,-0.532556,0.000000,0.000000,1.296903e-21,down,1.0000
HSPA4L,49,1.084525,0.000000,0.000000,8.011024e-03,up,1.0000
HSPB1,0,0,0,0,1.0,none,0.0
HSPB3,50,0.454285,0.000000,0.000000,2.145283e-01,up,1.0000
HTR2A,50,0.646418,0.000000,0.000000,5.136583e-18,up,1.0000
HTR2B,50,0.717119,0.000000,0.000000,2.346552e-03,up,1.0000
HTRA1,50,0.676695,0.000000,0.000000,1.609085e-04,up,1.0000
HYAL1,50,-1.043239,0.000000,0.000000,5.227622e-05,down,1.0000
HYAL2,50,-0.949249,0.000000,0.000000,1.262461e-02,down,1.0000
ICA1L,50,0.396674,0.000000,0.000000,2.283065e-02,up,1.0000
ICOS,0,0,0,0,1.0,none,0.0
ID1,50,-1.197676,0.000000,0.000000,5.470789e-47,down,1.0000
IDI1,0,0,0,0,1.0,none,0.0
IER2,0,0,0,0,1.0,none,0.0
IER3,47,-0.075334,0.000000,0.000000,8.893814e-01,down,1.0000
IFFO2,0,0,0,0,1.0,none,0.0
IFNAR2,50,0.244460,0.000000,0.000000,3.590014e-09,up,1.0000
IFNG,50,0.292689,0.000000,0.000000,3.650376e-03,up,1.0000
IFNGR1,0,0,0,0,1.0,none,0.0
IFT25,50,0.456274,0.000000,0.000000,2.113502e-12,up,1.0000
IFT27,48,0.446461,0.000000,0.000000,2.710613e-12,up,1.0000
IFT43,0,0,0,0,1.0,none,0.0
IFTAP,50,0.482545,0.000000,0.000000,2.768771e-07,up,1.0000
IGDCC4,50,0.277715,0.000000,0.000000,4.648084e-02,up,1.0000
IGF1,50,1.136349,0.000000,0.000000,3.693108e-16,up,1.0000
IGF2R,0,0,0,0,1.0,none,0.0
IGFBP2,50,1.040493,0.000000,0.000000,2.404547e-03,up,1.0000
IGFBP4,0,0,0,0,1.0,none,0.0
IGFBPL1,0,0,0,0,1.0,none,0.0
IGFL2,45,0.776871,0.000000,0.000000,6.035827e-02,up,1.0000
IGK,50,1.771004,0.000000,0.000000,8.917677e-07,up,1.0000
IGSF9,50,0.586187,0.000000,0.000000,4.227456e-02,up,1.0000
IKZF2,50,0.892708,0.000000,0.000000,7.983293e-10,up,1.0000
IKZF3,49,0.256361,0.000000,0.000000,1.814649e-02,up,1.0000
IL13RA2,50,2.326282,0.000000,0.000000,8.902078e-04,up,1.0000
IL15RA,50,-0.554257,0.000000,0.000000,8.215334e-19,down,1.0000
IL17RA,50,-0.553042,0.000000,0.000000,7.725250e-33,down,1.0000
IL17RD,50,0.471077,0.000000,0.000000,1.707031e-03,up,1.0000
IL17RE,50,-0.305997,0.000000,0.000000,6.298784e-03,down,1.0000
IL18R1,0,0,0,0,1.0,none,0.0
IL18RAP,0,0,0,0,1.0,none,0.0
IL1R2,0,0,0,0,1.0,none,0.0
IL1RL1,50,-2.417969,0.000000,0.000000,1.156364e-04,down,1.0000
IL1RN,50,0.808487,0.000000,0.000000,1.214536e-03,up,1.0000
IL2RG,0,0,0,0,1.0,none,0.0
IL33,50,0.893748,0.000000,0.000000,8.152354e-26,up,1.0000
IL4I1,0,0,0,0,1.0,none,0.0
IL6,48,-0.928658,0.000000,0.000000,3.442944e-01,down,1.0000
IL6R,50,-0.616768,0.000000,0.000000,1.429343e-10,down,1.0000
IL7,50,0.496407,0.000000,0.000000,4.083609e-17,up,1.0000
ILDR1,50,0.189192,0.000000,0.000000,4.186848e-01,up,1.0000
IMPA2,47,-0.384622,0.000000,0.000000,3.110654e-03,down,1.0000
INHBB,0,0,0,0,1.0,none,0.0
INPP1,50,-0.456876,0.000000,0.000000,3.497005e-19,down,1.0000
INPP4B,50,0.396612,0.000000,0.000000,8.125986e-02,up,1.0000
INPP5A,50,-0.599971,0.000000,0.000000,6.612897e-04,down,1.0000
INPP5D,50,0.362781,0.000000,0.000000,3.062141e-03,up,1.0000
INPP5K,50,-0.559579,0.000000,0.000000,2.532874e-04,down,1.0000
INSIG1,50,-0.828403,0.000000,0.000000,3.848765e-04,down,1.0000
INTS6L,50,0.397729,0.000000,0.000000,7.581887e-24,up,1.0000
INTU,50,0.522593,0.000000,0.000000,1.680028e-21,up,1.0000
IP6K3,50,-0.924281,0.000000,0.000000,5.869550e-04,down,1.0000
IPP,50,0.306105,0.000000,0.000000,1.944607e-02,up,1.0000
IRAG1,50,0.864931,0.000000,0.000000,9.232963e-12,up,1.0000
IRAG2,50,0.245267,0.000000,0.000000,1.316244e-01,up,1.0000
IRAK3,0,0,0,0,1.0,none,0.0
IRF4,50,0.296578,0.000000,0.000000,9.631695e-02,up,1.0000
IRS2,50,-0.758113,0.000000,0.000000,2.490162e-02,down,1.0000
ISLR,0,0,0,0,1.0,none,0.0
ISOC2,0,0,0,0,1.0,none,0.0
ISYNA1,50,0.595642,0.000000,0.000000,1.453881e-04,up,1.0000
ITGA10,50,-0.966903,0.000000,0.000000,1.590772e-07,down,1.0000
ITGA11,50,0.310644,0.000000,0.000000,1.371097e-02,up,1.0000
ITGA2B,50,-0.351348,0.000000,0.000000,1.268314e-01,down,1.0000
ITGA4,47,0.576042,0.000000,0.000000,1.976030e-19,up,1.0000
ITGA5,50,-0.379101,0.000000,0.000000,5.121043e-03,down,1.0000
ITGA7,50,0.717247,0.000000,0.000000,3.967148e-04,up,1.0000
ITGA9,50,0.697765,0.000000,0.000000,3.030275e-07,up,1.0000
ITGAV,49,0.402758,0.000000,0.000000,4.641399e-21,up,1.0000
ITGB4,50,0.868651,0.000000,0.000000,7.108979e-28,up,1.0000
ITGB8,50,1.110913,0.000000,0.000000,2.304081e-03,up,1.0000
ITIH5,0,0,0,0,1.0,none,0.0
ITLN2,50,-2.035091,0.000000,0.000000,5.834947e-02,down,1.0000
ITM2C,0,0,0,0,1.0,none,0.0
ITPK1,50,-0.271413,0.000000,0.000000,2.306719e-02,down,1.0000
ITPRID2,0,0,0,0,1.0,none,0.0
ITPRIP,50,-0.551407,0.000000,0.000000,8.137446e-05,down,1.0000
IVD,50,-0.244782,0.000000,0.000000,5.859856e-02,down,1.0000
IZUMO1,50,-0.435707,0.000000,0.000000,1.926790e-27,down,1.0000
JADE1,0,0,0,0,1.0,none,0.0
JAG2,0,0,0,0,1.0,none,0.0
JAGN1,0,0,0,0,1.0,none,0.0
JCHAIN,50,1.746418,0.000000,0.000000,1.575805e-03,up,1.0000
JDP2,50,-0.446224,0.000000,0.000000,4.016456e-27,down,1.0000
JHY,50,0.417098,0.000000,0.000000,5.759508e-03,up,1.0000
JMY,50,0.332916,0.000000,0.000000,8.949051e-10,up,1.0000
JPH1,50,-0.345895,0.000000,0.000000,3.365211e-07,down,1.0000
JPT2,50,0.500888,0.000000,0.000000,2.056055e-23,up,1.0000
KANK3,50,-0.549441,0.000000,0.000000,5.540246e-03,down,1.0000
KATNAL1,0,0,0,0,1.0,none,0.0
KCND3,50,0.343099,0.000000,0.000000,3.810691e-02,up,1.0000
KCNE4,50,0.601987,0.000000,0.000000,2.687961e-02,up,1.0000
KCNJ16,50,0.887952,0.000000,0.000000,9.468575e-25,up,1.0000
KCNJ5,0,0,0,0,1.0,none,0.0
KCNJ8,47,-0.340148,0.000000,0.000000,1.285799e-02,down,1.0000
KCNK3,50,-0.616464,0.000000,0.000000,1.193812e-01,down,1.0000
KCNMA1,50,0.642242,0.000000,0.000000,2.193749e-02,up,1.0000
KCNMB2,50,0.343973,0.000000,0.000000,1.089067e-04,up,1.0000
KCNMB4,50,-1.176164,0.000000,0.000000,2.427651e-03,down,1.0000
KCNN3,50,0.756113,0.000000,0.000000,1.050261e-12,up,1.0000
KCNN4,50,0.903729,0.000000,0.000000,1.904224e-02,up,1.0000
KCTD1,50,0.805397,0.000000,0.000000,7.073145e-03,up,1.0000
KDR,0,0,0,0,1.0,none,0.0
KGD4,50,-0.322377,0.000000,0.000000,1.481472e-04,down,1.0000
KHDRBS3,50,-0.313563,0.000000,0.000000,9.103601e-09,down,1.0000
KIAA0040,50,-0.499739,0.000000,0.000000,4.523355e-03,down,1.0000
KIAA0753,50,0.372144,0.000000,0.000000,1.071453e-18,up,1.0000
KIAA0930,0,0,0,0,1.0,none,0.0
KIAA1549,50,-0.613204,0.000000,0.000000,6.696116e-03,down,1.0000
KIF11,50,0.460972,0.000000,0.000000,7.906240e-03,up,1.0000
KIF19,0,0,0,0,1.0,none,0.0
KIF1C,50,-0.428609,0.000000,0.000000,1.004525e-03,down,1.0000
KIF20A,50,0.414673,0.000000,0.000000,2.335543e-02,up,1.0000
KIF26B,50,1.066547,0.000000,0.000000,1.812764e-02,up,1.0000
KIF2A,50,0.392446,0.000000,0.000000,1.410689e-15,up,1.0000
KIF3A,50,0.474248,0.000000,0.000000,2.320106e-02,up,1.0000
KIF7,0,0,0,0,1.0,none,0.0
KIR3DL2,50,-0.304408,0.000000,0.000000,1.548853e-05,down,1.0000
KL,50,-0.635835,0.000000,0.000000,9.353357e-22,down,1.0000
KLF12,50,0.451975,0.000000,0.000000,2.640488e-04,up,1.0000
KLF13,50,-0.503227,0.000000,0.000000,3.745284e-02,down,1.0000
KLF15,50,-1.174549,0.000000,0.000000,2.866086e-03,down,1.0000
KLF4,50,-0.928746,0.000000,0.000000,8.813781e-24,down,1.0000
KLF6,50,-0.621883,0.000000,0.000000,2.210175e-04,down,1.0000
KLF9,50,-0.985119,0.000000,0.000000,3.848183e-07,down,1.0000
KLHL13,50,1.276393,0.000000,0.000000,8.070360e-08,up,1.0000
KLHL2,0,0,0,0,1.0,none,0.0
KLHL3,50,0.397179,0.000000,0.000000,1.531472e-10,up,1.0000
KLHL4,50,0.568856,0.000000,0.000000,2.309911e-02,up,1.0000
KLK13,50,0.308012,0.000000,0.000000,1.637599e-14,up,1.0000
KLK7,0,0,0,0,1.0,none,0.0
KLRG1,50,0.684392,0.000000,0.000000,4.644331e-19,up,1.0000
KLRG2,50,-0.627615,0.000000,0.000000,6.337398e-05,down,1.0000
KMT2A,47,0.170771,0.000000,0.000000,3.290926e-01,up,1.0000
KNL1,50,0.274969,0.000000,0.000000,1.042018e-01,up,1.0000
KNTC1,50,0.386672,0.000000,0.000000,1.455078e-04,up,1.0000
KPNA5,50,0.282882,0.000000,0.000000,5.510796e-02,up,1.0000
KRT13,50,0.512217,0.000000,0.000000,2.179592e-02,up,1.0000
KRT14,50,0.501510,0.000000,0.000000,4.165077e-09,up,1.0000
KRT15,50,1.635886,0.000000,0.000000,9.843521e-22,up,1.0000
KRT17,50,2.020311,0.000000,0.000000,2.500358e-02,up,1.0000
KRT23,47,0.624002,0.000000,0.000000,2.791057e-02,up,1.0000
KRT5,50,2.440263,0.000000,0.000000,6.433911e-63,up,1.0000
KRT6B,50,0.424778,0.000000,0.000000,1.805964e-02,up,1.0000
KSR1,0,0,0,0,1.0,none,0.0
L3MBTL4,50,-0.268665,0.000000,0.000000,4.150391e-09,down,1.0000
LAMA2,0,0,0,0,1.0,none,0.0
LAMA3,50,-0.818049,0.000000,0.000000,8.442742e-04,down,1.0000
LAMA5,50,-0.284977,0.000000,0.000000,4.439720e-02,down,1.0000
LAMB1,0,0,0,0,1.0,none,0.0
LAMC1,0,0,0,0,1.0,none,0.0
LAMC3,50,-0.873735,0.000000,0.000000,5.248880e-03,down,1.0000
LAMP3,50,-1.017287,0.000000,0.000000,6.444432e-09,down,1.0000
LAMP5,50,1.670125,0.000000,0.000000,1.237183e-03,up,1.0000
LAT,0,0,0,0,1.0,none,0.0
LAX1,50,0.746368,0.000000,0.000000,1.656881e-07,up,1.0000
LCN2,50,1.330120,0.000000,0.000000,1.461505e-03,up,1.0000
LDLR,50,-0.947352,0.000000,0.000000,8.720584e-04,down,1.0000
LDLRAD4,50,0.895543,0.000000,0.000000,2.055762e-05,up,1.0000
LDOC1,0,0,0,0,1.0,none,0.0
LEO1,50,0.263364,0.000000,0.000000,3.359861e-08,up,1.0000
LGALS3BP,0,0,0,0,1.0,none,0.0
LGALS7B,50,1.218180,0.000000,0.000000,9.315075e-02,up,1.0000
LGALSL,50,-0.525364,0.000000,0.000000,1.184606e-05,down,1.0000
LGI2,50,0.556556,0.000000,0.000000,5.301599e-02,up,1.0000
LGI3,50,-0.757027,0.000000,0.000000,3.488703e-03,down,1.0000
LGI4,50,-0.392982,0.000000,0.000000,4.895992e-05,down,1.0000
LGMN,50,0.318886,0.000000,0.000000,1.612354e-12,up,1.0000
LGR4,50,0.651114,0.000000,0.000000,2.398351e-02,up,1.0000
LHX6,0,0,0,0,1.0,none,0.0
LIMA1,50,0.362617,0.000000,0.000000,2.789153e-08,up,1.0000
LIME1,50,0.418165,0.000000,0.000000,2.683573e-20,up,1.0000
LIMK1,0,0,0,0,1.0,none,0.0
LIMS2,50,-0.494024,0.000000,0.000000,2.101911e-03,down,1.0000
LIN7A,50,-0.687568,0.000000,0.000000,8.594988e-09,down,1.0000
LIPG,50,0.066189,0.000000,0.000000,9.105371e-01,up,1.0000
LLGL1,0,0,0,0,1.0,none,0.0
LLGL2,50,-0.349035,0.000000,0.000000,9.293372e-07,down,1.0000
LMF2,0,0,0,0,1.0,none,0.0
LMLN,50,0.359914,0.000000,0.000000,1.093774e-02,up,1.0000
LMTK2,50,-0.452191,0.000000,0.000000,6.156173e-06,down,1.0000
LNX2,50,-0.526931,0.000000,0.000000,3.228100e-30,down,1.0000
LONP1,0,0,0,0,1.0,none,0.0
LOXL1,0,0,0,0,1.0,none,0.0
LOXL2,0,0,0,0,1.0,none,0.0
LOXL4,50,0.564404,0.000000,0.000000,1.186224e-03,up,1.0000
LPAR5,0,0,0,0,1.0,none,0.0
LPCAT3,50,-0.361835,0.000000,0.000000,1.067712e-02,down,1.0000
LPIN2,0,0,0,0,1.0,none,0.0
LPL,0,0,0,0,1.0,none,0.0
LRIG3,50,0.642612,0.000000,0.000000,7.667999e-22,up,1.0000
LRP12,49,0.385405,0.000000,0.000000,4.365308e-03,up,1.0000
LRRC17,50,1.602471,0.000000,0.000000,5.960371e-35,up,1.0000
LRRC18,50,0.444423,0.000000,0.000000,3.870864e-18,up,1.0000
LRRC49,50,0.656243,0.000000,0.000000,2.137757e-08,up,1.0000
LRRC4C,50,0.552670,0.000000,0.000000,4.744714e-08,up,1.0000
LRRC55,50,0.517791,0.000000,0.000000,1.541922e-01,up,1.0000
LRRC70,47,0.241992,0.000000,0.000000,1.691156e-01,up,1.0000
LRRC8A,50,-0.553781,0.000000,0.000000,6.477525e-26,down,1.0000
LRRK1,0,0,0,0,1.0,none,0.0
LRRN1,50,1.575723,0.000000,0.000000,9.211218e-31,up,1.0000
LRRN3,50,-0.582346,0.000000,0.000000,3.912531e-02,down,1.0000
LSM6,46,-0.267360,0.000000,0.000000,1.411127e-02,down,1.0000
LSS,50,-0.915360,0.000000,0.000000,2.491784e-67,down,1.0000
LTAP1,50,-0.269990,0.000000,0.000000,4.758729e-03,down,1.0000
LTBP1,49,1.060638,0.000000,0.000000,1.984050e-50,up,1.0000
LTBP2,0,0,0,0,1.0,none,0.0
LTBP3,0,0,0,0,1.0,none,0.0
LUC7L3,50,0.252128,0.000000,0.000000,8.142498e-04,up,1.0000
LUM,50,0.817378,0.000000,0.000000,1.708932e-03,up,1.0000
LURAP1,50,0.296177,0.000000,0.000000,8.954465e-04,up,1.0000
LURAP1L,50,-0.436779,0.000000,0.000000,8.649312e-03,down,1.0000
LUZP2,50,0.362484,0.000000,0.000000,8.038469e-03,up,1.0000
LXN,50,0.924341,0.000000,0.000000,7.863497e-06,up,1.0000
LY6E,0,0,0,0,1.0,none,0.0
LY9,50,0.346796,0.000000,0.000000,6.446749e-10,up,1.0000
LYPD5,45,-0.425957,0.000000,0.000000,4.795378e-03,down,1.0000
LYVE1,0,0,0,0,1.0,none,0.0
MACC1,50,0.942022,0.000000,0.000000,1.949723e-35,up,1.0000
MACF1,0,0,0,0,1.0,none,0.0
MACROD2,0,0,0,0,1.0,none,0.0
MACROH2A2,50,0.518722,0.000000,0.000000,3.773392e-37,up,1.0000
MAGED1,0,0,0,0,1.0,none,0.0
MAMLD1,50,-0.745234,0.000000,0.000000,1.215705e-03,down,1.0000
MAN1C1,0,0,0,0,1.0,none,0.0
MAN2A2,50,-0.577768,0.000000,0.000000,2.843742e-38,down,1.0000
MAOA,0,0,0,0,1.0,none,0.0
MAP1A,50,0.745828,0.000000,0.000000,5.277097e-03,up,1.0000
MAP2,50,-0.826256,0.000000,0.000000,1.905900e-25,down,1.0000
MAP3K13,50,0.191232,0.000000,0.000000,1.080075e-01,up,1.0000
MAP3K20,47,0.291944,0.000000,0.000000,1.405541e-01,up,1.0000
MAP3K6,50,-0.743506,0.000000,0.000000,3.483804e-05,down,1.0000
MAP3K7CL,0,0,0,0,1.0,none,0.0
MAP3K8,50,-0.667020,0.000000,0.000000,1.050450e-02,down,1.0000
MAP4K1,0,0,0,0,1.0,none,0.0
MAP7D3,50,0.140322,0.000000,0.000000,5.483711e-07,up,1.0000
MAPK14,0,0,0,0,1.0,none,0.0
MARCHF10,50,0.443182,0.000000,0.000000,6.642110e-02,up,1.0000
MARCHF4,0,0,0,0,1.0,none,0.0
MARCKS,50,0.227469,0.000000,0.000000,2.308475e-02,up,1.0000
MARCKSL1,0,0,0,0,1.0,none,0.0
MASP1,0,0,0,0,1.0,none,0.0
MAST2,0,0,0,0,1.0,none,0.0
MATN3,50,-0.930237,0.000000,0.000000,4.972098e-32,down,1.0000
MBOAT1,50,0.468762,0.000000,0.000000,3.392253e-03,up,1.0000
MCCC1,0,0,0,0,1.0,none,0.0
MCEMP1,50,-0.488579,0.000000,0.000000,7.662450e-02,down,1.0000
MCF2L,50,-0.493272,0.000000,0.000000,3.847903e-08,down,1.0000
MCM8,48,0.211475,0.000000,0.000000,1.325692e-01,up,1.0000
MCOLN1,0,0,0,0,1.0,none,0.0
MCUR1,50,-0.213830,0.000000,0.000000,1.032494e-03,down,1.0000
MDFIC,0,0,0,0,1.0,none,0.0
MDK,0,0,0,0,1.0,none,0.0
MEF2C,49,0.402956,0.000000,0.000000,3.487817e-11,up,1.0000
MEGF9,0,0,0,0,1.0,none,0.0
MEOX1,50,0.721757,0.000000,0.000000,2.996964e-06,up,1.0000
MERTK,0,0,0,0,1.0,none,0.0
METRN,0,0,0,0,1.0,none,0.0
METRNL,0,0,0,0,1.0,none,0.0
METTL8,50,0.399738,0.000000,0.000000,7.199759e-08,up,1.0000
MEX3B,0,0,0,0,1.0,none,0.0
MFAP2,0,0,0,0,1.0,none,0.0
MFNG,50,-0.347408,0.000000,0.000000,4.952623e-02,down,1.0000
MFSD2A,50,-1.263493,0.000000,0.000000,3.103874e-27,down,1.0000
MGAM,50,-1.917327,0.000000,0.000000,1.493765e-03,down,1.0000
MGARP,50,0.314688,0.000000,0.000000,2.821913e-05,up,1.0000
MGAT1,0,0,0,0,1.0,none,0.0
MGLL,49,-0.284876,0.000000,0.000000,6.051640e-03,down,1.0000
MGST1,0,0,0,0,1.0,none,0.0
MICAL1,0,0,0,0,1.0,none,0.0
MICALL2,49,0.677243,0.000000,0.000000,1.372629e-11,up,1.0000
MID1,50,0.380728,0.000000,0.000000,1.624754e-13,up,1.0000
MID1IP1,50,-0.615565,0.000000,0.000000,6.926726e-42,down,1.0000
MIDEAS,50,-0.074318,0.000000,0.000000,6.911730e-01,down,1.0000
MIER2,47,-0.376406,0.000000,0.000000,5.173580e-03,down,1.0000
MITF,50,0.244731,0.000000,0.000000,1.558431e-01,up,1.0000
MKNK2,50,-0.583279,0.000000,0.000000,2.494883e-05,down,1.0000
MKX,50,0.222201,0.000000,0.000000,2.011721e-01,up,1.0000
MLEC,50,0.310415,0.000000,0.000000,7.538471e-03,up,1.0000
MLF1,50,0.633539,0.000000,0.000000,4.546961e-17,up,1.0000
MLPH,50,-0.591117,0.000000,0.000000,5.973467e-04,down,1.0000
MLX,50,-0.426172,0.000000,0.000000,4.445194e-07,down,1.0000
MME,50,-1.011410,0.000000,0.000000,2.067722e-07,down,1.0000
MMP1,49,3.339236,0.000000,0.000000,1.272731e-04,up,1.0000
MMP10,50,1.418642,0.000000,0.000000,9.836995e-05,up,1.0000
MMP11,50,1.064419,0.000000,0.000000,9.631188e-02,up,1.0000
MMP12,50,1.289659,0.000000,0.000000,7.703794e-04,up,1.0000
MMP13,50,1.242674,0.000000,0.000000,1.476133e-06,up,1.0000
MMP16,50,0.745290,0.000000,0.000000,5.697874e-02,up,1.0000
MMP2,50,0.500179,0.000000,0.000000,3.722487e-06,up,1.0000
MMP25,50,-0.868098,0.000000,0.000000,2.521328e-08,down,1.0000
MMP3,49,0.490353,0.000000,0.000000,1.002064e-01,up,1.0000
MMP7,50,3.370617,0.000000,0.000000,8.480407e-18,up,1.0000
MMUT,0,0,0,0,1.0,none,0.0
MNAT1,50,0.230172,0.000000,0.000000,1.670936e-06,up,1.0000
MORN3,50,0.438918,0.000000,0.000000,1.476020e-19,up,1.0000
MOSPD1,50,0.302830,0.000000,0.000000,2.853698e-12,up,1.0000
MOXD1,50,1.081818,0.000000,0.000000,4.176747e-06,up,1.0000
MPP3,50,-0.969678,0.000000,0.000000,1.439732e-05,down,1.0000
MPPED2,50,0.407683,0.000000,0.000000,3.340659e-02,up,1.0000
MRPS15,0,0,0,0,1.0,none,0.0
MS4A1,45,0.731235,0.000000,0.000000,1.356459e-19,up,1.0000
MS4A15,50,-0.981946,0.000000,0.000000,1.232497e-08,down,1.0000
MS4A2,50,1.444528,0.000000,0.000000,6.151446e-38,up,1.0000
MSC,0,0,0,0,1.0,none,0.0
MSI2,50,0.572393,0.000000,0.000000,6.739771e-27,up,1.0000
MSMB,48,1.844244,0.000000,0.000000,1.271216e-05,up,1.0000
MSMO1,50,-0.880086,0.000000,0.000000,1.243961e-22,down,1.0000
MSRB1,0,0,0,0,1.0,none,0.0
MT1A,50,-0.960524,0.000000,0.000000,4.083038e-16,down,1.0000
MT1B,50,-0.566592,0.000000,0.000000,3.925114e-04,down,1.0000
MT1G,46,-0.772798,0.000000,0.000000,1.244077e-13,down,1.0000
MT1H,50,-0.824520,0.000000,0.000000,3.606769e-03,down,1.0000
MT1M,47,-1.949875,0.000000,0.000000,2.808373e-22,down,1.0000
MT1X,50,-1.093133,0.000000,0.000000,1.281535e-18,down,1.0000
MT2A,50,-0.964791,0.000000,0.000000,7.055263e-19,down,1.0000
MTA1,0,0,0,0,1.0,none,0.0
MTARC1,50,-0.833729,0.000000,0.000000,1.291939e-11,down,1.0000
MTARC2,50,-0.520515,0.000000,0.000000,9.911562e-09,down,1.0000
MTCL3,46,-0.212146,0.000000,0.000000,3.205532e-02,down,1.0000
MTHFR,50,-0.235767,0.000000,0.000000,1.094153e-01,down,1.0000
MTM1,0,0,0,0,1.0,none,0.0
MTMR11,48,0.438398,0.000000,0.000000,5.080756e-07,up,1.0000
MTMR14,0,0,0,0,1.0,none,0.0
MTMR4,0,0,0,0,1.0,none,0.0
MTRF1L,0,0,0,0,1.0,none,0.0
MTRR,50,-0.494109,0.000000,0.000000,6.491313e-07,down,1.0000
MTSS1,50,-0.487275,0.000000,0.000000,3.653136e-26,down,1.0000
MTTP,50,0.487364,0.000000,0.000000,1.252799e-04,up,1.0000
MTX2,50,0.310920,0.000000,0.000000,1.575888e-03,up,1.0000
MUC16,50,0.955860,0.000000,0.000000,6.728717e-06,up,1.0000
MUC20,50,0.833596,0.000000,0.000000,5.311559e-25,up,1.0000
MUC4,50,1.433458,0.000000,0.000000,2.917045e-07,up,1.0000
MUC5B,50,1.471390,0.000000,0.000000,1.626112e-02,up,1.0000
MUCL3,50,-0.785669,0.000000,0.000000,2.001943e-05,down,1.0000
MVD,50,-0.456348,0.000000,0.000000,1.560852e-11,down,1.0000
MXRA5,50,1.464835,0.000000,0.000000,1.632172e-18,up,1.0000
MXRA8,0,0,0,0,1.0,none,0.0
MYC,50,-0.585939,0.000000,0.000000,8.950768e-02,down,1.0000
MYEF2,50,0.275568,0.000000,0.000000,4.881140e-04,up,1.0000
MYL12A,50,-0.312540,0.000000,0.000000,1.946169e-05,down,1.0000
MYLIP,50,-0.453211,0.000000,0.000000,8.391512e-09,down,1.0000
MYO15B,0,0,0,0,1.0,none,0.0
MYO18A,50,0.517837,0.000000,0.000000,4.932800e-02,up,1.0000
MYO1E,50,0.367658,0.000000,0.000000,4.447431e-06,up,1.0000
MYO9A,0,0,0,0,1.0,none,0.0
MYO9B,0,0,0,0,1.0,none,0.0
MYOM1,50,0.499375,0.000000,0.000000,1.880215e-03,up,1.0000
MYRF,50,-0.973595,0.000000,0.000000,6.260279e-06,down,1.0000
MYZAP,50,-1.136291,0.000000,0.000000,6.364438e-04,down,1.0000
MZB1,50,1.080668,0.000000,0.000000,5.908717e-02,up,1.0000
NAA40,0,0,0,0,1.0,none,0.0
NAB1,50,0.438538,0.000000,0.000000,8.083071e-31,up,1.0000
NALCN,49,0.422946,0.000000,0.000000,5.525308e-03,up,1.0000
NAMPT,0,0,0,0,1.0,none,0.0
NAP1L3,50,0.708654,0.000000,0.000000,3.144370e-11,up,1.0000
NAPA,50,-0.217406,0.000000,0.000000,5.983229e-03,down,1.0000
NAPEPLD,50,0.443646,0.000000,0.000000,5.836980e-02,up,1.0000
NBEA,50,0.897265,0.000000,0.000000,1.793114e-30,up,1.0000
NBEAL2,50,-0.210803,0.000000,0.000000,2.219413e-01,down,1.0000
NBPF1,50,0.273568,0.000000,0.000000,4.567073e-11,up,1.0000
NCKAP5,50,-0.818131,0.000000,0.000000,1.870899e-03,down,1.0000
NCOA3,0,0,0,0,1.0,none,0.0
NCOR2,0,0,0,0,1.0,none,0.0
NCS1,50,0.233508,0.000000,0.000000,2.810381e-02,up,1.0000
NDC80,50,0.367239,0.000000,0.000000,7.695233e-04,up,1.0000
NDNF,0,0,0,0,1.0,none,0.0
NDRG3,0,0,0,0,1.0,none,0.0
NDRG4,48,-1.128834,0.000000,0.000000,6.520622e-03,down,1.0000
NEBL,48,-0.843156,0.000000,0.000000,4.954951e-03,down,1.0000
NECAB1,50,-1.037021,0.000000,0.000000,8.453345e-02,down,1.0000
NEDD4,0,0,0,0,1.0,none,0.0
NEDD4L,50,-0.414760,0.000000,0.000000,1.880205e-01,down,1.0000
NEDD9,50,-0.778817,0.000000,0.000000,2.180598e-32,down,1.0000
NEK1,50,0.367891,0.000000,0.000000,6.376156e-03,up,1.0000
NEK11,50,0.789984,0.000000,0.000000,1.465168e-02,up,1.0000
NELL1,50,0.391069,0.000000,0.000000,1.588923e-02,up,1.0000
NELL2,50,1.389269,0.000000,0.000000,9.684505e-39,up,1.0000
NENF,0,0,0,0,1.0,none,0.0
NET1,50,0.527365,0.000000,0.000000,2.604501e-29,up,1.0000
NEU1,50,-0.282281,0.000000,0.000000,3.235102e-03,down,1.0000
NFASC,0,0,0,0,1.0,none,0.0
NFATC1,0,0,0,0,1.0,none,0.0
NFATC2,0,0,0,0,1.0,none,0.0
NFATC4,50,0.209594,0.000000,0.000000,2.672573e-11,up,1.0000
NFIL3,50,-0.712703,0.000000,0.000000,6.029056e-02,down,1.0000
NFIX,0,0,0,0,1.0,none,0.0
NFKBIA,50,-0.740201,0.000000,0.000000,1.212690e-31,down,1.0000
NFKBIZ,50,-0.463585,0.000000,0.000000,8.888038e-02,down,1.0000
NHEJ1,0,0,0,0,1.0,none,0.0
NHERF1,0,0,0,0,1.0,none,0.0
NHERF2,50,-0.532693,0.000000,0.000000,4.911648e-02,down,1.0000
NHS,50,1.042327,0.000000,0.000000,1.191654e-03,up,1.0000
NIBAN1,50,0.369895,0.000000,0.000000,3.269759e-03,up,1.0000
NID1,0,0,0,0,1.0,none,0.0
NIM1K,50,-0.622888,0.000000,0.000000,1.244853e-04,down,1.0000
NIPAL2,0,0,0,0,1.0,none,0.0
NLGN4Y,50,0.531202,0.000000,0.000000,7.041849e-07,up,1.0000
NLRC4,0,0,0,0,1.0,none,0.0
NME9,45,0.345463,0.000000,0.000000,2.394241e-01,up,1.0000
NMNAT2,50,0.348254,0.000000,0.000000,1.425949e-02,up,1.0000
NNMT,49,-0.096230,0.000000,0.000000,7.897248e-01,down,1.0000
NOS1,0,0,0,0,1.0,none,0.0
NOTCH4,50,-0.827929,0.000000,0.000000,1.164954e-04,down,1.0000
NOVA1,50,0.275984,0.000000,0.000000,3.994105e-02,up,1.0000
NPAT,48,0.210818,0.000000,0.000000,1.442715e-08,up,1.0000
NPC1,50,-0.584905,0.000000,0.000000,7.617834e-17,down,1.0000
NPC2,0,0,0,0,1.0,none,0.0
NPNT,50,-0.659199,0.000000,0.000000,3.863157e-04,down,1.0000
NPR1,49,-1.250977,0.000000,0.000000,1.735666e-18,down,1.0000
NREP,0,0,0,0,1.0,none,0.0
NRG4,50,0.312795,0.000000,0.000000,4.943906e-02,up,1.0000
NRGN,50,-0.456960,0.000000,0.000000,3.920884e-02,down,1.0000
NRK,50,0.508820,0.000000,0.000000,4.855793e-03,up,1.0000
NRP2,49,1.036624,0.000000,0.000000,2.266741e-48,up,1.0000
NRXN3,0,0,0,0,1.0,none,0.0
NSDHL,50,-0.346356,0.000000,0.000000,2.042767e-16,down,1.0000
NSG1,50,0.512771,0.000000,0.000000,2.332095e-04,up,1.0000
NSUN6,49,0.511749,0.000000,0.000000,6.219898e-03,up,1.0000
NT5E,50,0.579691,0.000000,0.000000,7.836260e-03,up,1.0000
NTS,50,0.735520,0.000000,0.000000,9.743069e-17,up,1.0000
NUF2,50,0.410033,0.000000,0.000000,4.436239e-06,up,1.0000
NUP210,0,0,0,0,1.0,none,0.0
NUP58,0,0,0,0,1.0,none,0.0
NUP62CL,50,0.455803,0.000000,0.000000,9.929969e-27,up,1.0000
NUPR1,50,-0.409039,0.000000,0.000000,1.965309e-08,down,1.0000
NUSAP1,50,0.414041,0.000000,0.000000,1.058378e-02,up,1.0000
NXF3,50,-0.452839,0.000000,0.000000,2.959857e-02,down,1.0000
OAF,0,0,0,0,1.0,none,0.0
OAT,50,0.245535,0.000000,0.000000,6.424432e-03,up,1.0000
OCIAD2,50,0.548402,0.000000,0.000000,2.443196e-11,up,1.0000
OGN,50,1.308532,0.000000,0.000000,3.516158e-40,up,1.0000
OGT,50,0.255512,0.000000,0.000000,7.837919e-09,up,1.0000
OLAH,50,-0.925791,0.000000,0.000000,2.818940e-16,down,1.0000
OLFM4,50,-0.837133,0.000000,0.000000,1.132985e-03,down,1.0000
OLFML2A,50,-0.548402,0.000000,0.000000,6.427404e-02,down,1.0000
ORM2,50,-0.738716,0.000000,0.000000,7.778601e-02,down,1.0000
OSBPL3,50,0.732457,0.000000,0.000000,3.941182e-38,up,1.0000
OSR2,50,0.611083,0.000000,0.000000,1.482062e-04,up,1.0000
OTUD7B,50,-0.428391,0.000000,0.000000,7.939549e-20,down,1.0000
OTULINL,50,-1.202537,0.000000,0.000000,7.135806e-08,down,1.0000
P2RY1,50,-1.504009,0.000000,0.000000,8.532135e-30,down,1.0000
P2RY10,0,0,0,0,1.0,none,0.0
P3H2,50,-1.206366,0.000000,0.000000,2.851523e-20,down,1.0000
P4HA3,50,0.768510,0.000000,0.000000,6.665764e-02,up,1.0000
P4HTM,50,0.359735,0.000000,0.000000,6.220325e-05,up,1.0000
PADI4,50,-0.573220,0.000000,0.000000,7.004982e-02,down,1.0000
PAG1,50,-0.431720,0.000000,0.000000,5.296653e-15,down,1.0000
PAK1,50,0.437436,0.000000,0.000000,1.783256e-21,up,1.0000
PALD1,50,-0.505943,0.000000,0.000000,4.718805e-07,down,1.0000
PALS2,0,0,0,0,1.0,none,0.0
PAM,50,0.383067,0.000000,0.000000,9.015596e-24,up,1.0000
PAMR1,50,1.353400,0.000000,0.000000,9.962182e-11,up,1.0000
PAPPA,50,0.512637,0.000000,0.000000,7.279138e-16,up,1.0000
PAPSS2,49,-1.241471,0.000000,0.000000,7.402124e-13,down,1.0000
PAQR7,49,0.317483,0.000000,0.000000,6.202030e-02,up,1.0000
PAQR8,0,0,0,0,1.0,none,0.0
PARD3,0,0,0,0,1.0,none,0.0
PARD6B,50,-0.655415,0.000000,0.000000,2.260142e-03,down,1.0000
PARP12,0,0,0,0,1.0,none,0.0
PAX9,50,0.353236,0.000000,0.000000,1.422572e-01,up,1.0000
PBK,50,0.357042,0.000000,0.000000,1.366544e-02,up,1.0000
PBX3,0,0,0,0,1.0,none,0.0
PBXIP1,50,0.477304,0.000000,0.000000,6.342039e-12,up,1.0000
PCDH12,47,-0.446212,0.000000,0.000000,2.900766e-02,down,1.0000
PCDH18,50,0.619669,0.000000,0.000000,2.712107e-04,up,1.0000
PCDH7,50,1.170205,0.000000,0.000000,2.925084e-15,up,1.0000
PCK2,50,-0.272167,0.000000,0.000000,1.665669e-04,down,1.0000
PCNX2,50,0.620233,0.000000,0.000000,6.113712e-09,up,1.0000
PCOLCE2,45,-0.255391,0.000000,0.000000,5.189527e-01,down,1.0000
PCSK1N,0,0,0,0,1.0,none,0.0
PCSK9,50,-0.997749,0.000000,0.000000,3.471757e-03,down,1.0000
PCTP,50,-0.638381,0.000000,0.000000,1.254295e-04,down,1.0000
PCYOX1,50,-0.308820,0.000000,0.000000,6.797965e-02,down,1.0000
PCYT2,50,-0.575555,0.000000,0.000000,1.274901e-04,down,1.0000
PDCD4,50,0.265504,0.000000,0.000000,2.579344e-01,up,1.0000
PDE1A,50,0.825252,0.000000,0.000000,4.578277e-11,up,1.0000
PDE3A,46,0.461441,0.000000,0.000000,6.674427e-02,up,1.0000
PDE7B,50,0.852544,0.000000,0.000000,1.037968e-02,up,1.0000
PDGFRA,0,0,0,0,1.0,none,0.0
PDGFRL,50,0.651802,0.000000,0.000000,3.446765e-04,up,1.0000
PDK1,50,0.513292,0.000000,0.000000,2.713907e-07,up,1.0000
PDK4,0,0,0,0,1.0,none,0.0
PDLIM3,50,0.803140,0.000000,0.000000,3.876718e-09,up,1.0000
PDLIM4,50,1.135494,0.000000,0.000000,3.676605e-02,up,1.0000
PDLIM5,49,0.225550,0.000000,0.000000,6.571972e-09,up,1.0000
PDLIM7,50,0.500208,0.000000,0.000000,9.404767e-03,up,1.0000
PDP2,50,-0.366292,0.000000,0.000000,6.360798e-03,down,1.0000
PDPN,50,-0.449830,0.000000,0.000000,8.640556e-21,down,1.0000
PDZD2,50,-0.882629,0.000000,0.000000,6.421867e-05,down,1.0000
PEAK1,47,-0.348355,0.000000,0.000000,1.706268e-03,down,1.0000
PEAR1,50,-0.586999,0.000000,0.000000,7.364700e-05,down,1.0000
PEBP4,47,-1.664721,0.000000,0.000000,3.285448e-40,down,1.0000
PECAM1,50,-0.439581,0.000000,0.000000,1.042806e-21,down,1.0000
PELI1,0,0,0,0,1.0,none,0.0
PER1,50,-0.951110,0.000000,0.000000,9.185489e-30,down,1.0000
PFKFB2,50,-0.872768,0.000000,0.000000,1.825157e-07,down,1.0000
PFKFB3,50,-0.567736,0.000000,0.000000,9.317515e-02,down,1.0000
PFKP,48,0.611904,0.000000,0.000000,1.764430e-05,up,1.0000
PGC,50,-1.797276,0.000000,0.000000,4.934013e-04,down,1.0000
PGD,0,0,0,0,1.0,none,0.0
PGM2L1,50,0.866880,0.000000,0.000000,1.982427e-52,up,1.0000
PGM5,50,0.680261,0.000000,0.000000,9.111134e-03,up,1.0000
PGS1,50,-0.471587,0.000000,0.000000,2.377973e-03,down,1.0000
PHACTR1,50,-0.623307,0.000000,0.000000,1.354224e-22,down,1.0000
PHACTR3,50,-0.898532,0.000000,0.000000,1.158284e-02,down,1.0000
PHACTR4,50,0.048063,0.000000,0.000000,7.461623e-01,up,1.0000
PHC2,48,-0.476936,0.000000,0.000000,2.314866e-36,down,1.0000
PHLDA3,0,0,0,0,1.0,none,0.0
PHLDB3,0,0,0,0,1.0,none,0.0
PHTF1,50,0.203727,0.000000,0.000000,3.603284e-04,up,1.0000
PHTF2,50,0.472367,0.000000,0.000000,7.008348e-15,up,1.0000
PIBF1,50,0.252775,0.000000,0.000000,3.724137e-11,up,1.0000
PID1,45,-0.348541,0.000000,0.000000,7.226102e-04,down,1.0000
PIEZO1,50,-0.439932,0.000000,0.000000,9.679527e-06,down,1.0000
PIEZO2,50,0.921036,0.000000,0.000000,1.438064e-14,up,1.0000
PIGA,0,0,0,0,1.0,none,0.0
PIGG,50,0.118223,0.000000,0.000000,6.553312e-01,up,1.0000
PIGU,0,0,0,0,1.0,none,0.0
PIK3C2A,0,0,0,0,1.0,none,0.0
PIK3CG,50,0.290697,0.000000,0.000000,4.824838e-12,up,1.0000
PIK3R1,0,0,0,0,1.0,none,0.0
PIK3R2,0,0,0,0,1.0,none,0.0
PIM1,50,-0.213786,0.000000,0.000000,5.803547e-01,down,1.0000
PIM2,50,0.968897,0.000000,0.000000,3.014334e-02,up,1.0000
PINK1,45,-0.299521,0.000000,0.000000,3.031815e-02,down,1.0000
PIP,50,1.176001,0.000000,0.000000,1.248893e-03,up,1.0000
PIP5K1B,48,-1.075590,0.000000,0.000000,8.199364e-04,down,1.0000
PITHD1,50,-0.246950,0.000000,0.000000,9.323452e-06,down,1.0000
PITPNM1,0,0,0,0,1.0,none,0.0
PITPNM2,50,-0.257475,0.000000,0.000000,3.909243e-02,down,1.0000
PKDCC,50,-0.647678,0.000000,0.000000,9.258715e-28,down,1.0000
PKIB,49,0.623738,0.000000,0.000000,3.084680e-02,up,1.0000
PKM,50,0.338788,0.000000,0.000000,4.996739e-02,up,1.0000
PKN1,50,-0.294785,0.000000,0.000000,5.114590e-03,down,1.0000
PKN3,49,-0.393714,0.000000,0.000000,2.768683e-09,down,1.0000
PKP4,50,0.311145,0.000000,0.000000,6.678222e-15,up,1.0000
PLA1A,49,-0.971478,0.000000,0.000000,7.000482e-06,down,1.0000
PLA2G1B,50,-2.058300,0.000000,0.000000,2.019999e-04,down,1.0000
PLA2G3,50,-0.604586,0.000000,0.000000,2.855276e-03,down,1.0000
PLA2G4A,50,0.418085,0.000000,0.000000,3.047719e-06,up,1.0000
PLA2G4F,50,-0.962192,0.000000,0.000000,5.438856e-05,down,1.0000
PLA2G7,50,1.108105,0.000000,0.000000,9.354721e-04,up,1.0000
PLA2R1,50,0.391240,0.000000,0.000000,8.290128e-02,up,1.0000
PLAAT3,0,0,0,0,1.0,none,0.0
PLAG1,50,-0.635195,0.000000,0.000000,1.294013e-02,down,1.0000
PLAU,50,0.618103,0.000000,0.000000,9.131185e-02,up,1.0000
PLCB1,50,0.399394,0.000000,0.000000,2.081541e-04,up,1.0000
PLCB2,49,-0.195923,0.000000,0.000000,2.047344e-01,down,1.0000
PLCH2,50,0.661623,0.000000,0.000000,1.638520e-02,up,1.0000
PLCXD3,49,-0.341493,0.000000,0.000000,3.181254e-02,down,1.0000
PLD1,49,0.386932,0.000000,0.000000,5.554620e-06,up,1.0000
PLEK2,0,0,0,0,1.0,none,0.0
PLEKHM1,50,-0.305107,0.000000,0.000000,1.192098e-16,down,1.0000
PLEKHM3,48,-0.414315,0.000000,0.000000,2.313304e-08,down,1.0000
PLEKHO1,0,0,0,0,1.0,none,0.0
PLEKHS1,50,1.885583,0.000000,0.000000,5.459872e-34,up,1.0000
PLIN2,0,0,0,0,1.0,none,0.0
PLIN5,48,-0.829804,0.000000,0.000000,3.500860e-04,down,1.0000
PLK2,49,0.740595,0.000000,0.000000,5.459591e-03,up,1.0000
PLK3,50,-0.283880,0.000000,0.000000,6.354950e-02,down,1.0000
PLLP,50,-1.228544,0.000000,0.000000,7.873176e-11,down,1.0000
PLN,50,1.117614,0.000000,0.000000,3.490528e-26,up,1.0000
PLOD2,50,0.340630,0.000000,0.000000,6.037278e-02,up,1.0000
PLOD3,50,-0.171979,0.000000,0.000000,2.242393e-01,down,1.0000
PLPP2,50,1.045820,0.000000,0.000000,4.860557e-39,up,1.0000
PLPPR4,50,1.929767,0.000000,0.000000,6.173246e-08,up,1.0000
PLXDC1,0,0,0,0,1.0,none,0.0
PLXNA2,48,-0.454556,0.000000,0.000000,7.206838e-03,down,1.0000
PLXNB1,0,0,0,0,1.0,none,0.0
PLXNB2,0,0,0,0,1.0,none,0.0
PMEPA1,50,0.740931,0.000000,0.000000,9.797059e-06,up,1.0000
PMM1,50,-0.675859,0.000000,0.000000,4.216096e-03,down,1.0000
PNMT,50,-1.792647,0.000000,0.000000,1.088277e-02,down,1.0000
PNOC,50,0.665112,0.000000,0.000000,1.667410e-01,up,1.0000
PNPLA3,0,0,0,0,1.0,none,0.0
PNPLA6,0,0,0,0,1.0,none,0.0
PODNL1,50,0.290877,0.000000,0.000000,1.510511e-01,up,1.0000
POGLUT2,50,0.371417,0.000000,0.000000,8.731661e-05,up,1.0000
POLK,50,0.174018,0.000000,0.000000,3.197048e-01,up,1.0000
POLR1H,0,0,0,0,1.0,none,0.0
POLR3H,50,-0.585329,0.000000,0.000000,1.288594e-03,down,1.0000
PON2,0,0,0,0,1.0,none,0.0
POR,50,-0.241711,0.000000,0.000000,3.254936e-02,down,1.0000
POSTN,50,1.623767,0.000000,0.000000,5.524840e-36,up,1.0000
POU2AF1,50,1.605245,0.000000,0.000000,9.899975e-02,up,1.0000
PPARG,50,-0.286588,0.000000,0.000000,1.939877e-01,down,1.0000
PPFIA2,50,0.469376,0.000000,0.000000,4.598775e-04,up,1.0000
PPFIBP1,0,0,0,0,1.0,none,0.0
PPIC,48,0.531613,0.000000,0.000000,3.687172e-25,up,1.0000
PPIL4,49,0.142199,0.000000,0.000000,2.169570e-02,up,1.0000
PPIP5K1,50,0.385104,0.000000,0.000000,2.024664e-07,up,1.0000
PPL,49,-0.414826,0.000000,0.000000,4.464379e-03,down,1.0000
PPM1L,48,-0.242013,0.000000,0.000000,1.915917e-07,down,1.0000
PPM1M,0,0,0,0,1.0,none,0.0
PPP1R12B,50,0.699467,0.000000,0.000000,4.290724e-04,up,1.0000
PPP1R14A,50,-0.702960,0.000000,0.000000,7.710998e-05,down,1.0000
PPP1R15B,49,-0.189434,0.000000,0.000000,2.388451e-01,down,1.0000
PPP1R9B,50,0.115791,0.000000,0.000000,4.630729e-01,up,1.0000
PPP2CB,49,-0.280912,0.000000,0.000000,1.949200e-05,down,1.0000
PPP2R2B,50,0.596175,0.000000,0.000000,4.240046e-04,up,1.0000
PPP2R3B,0,0,0,0,1.0,none,0.0
PPP2R5A,50,-0.409479,0.000000,0.000000,3.299852e-05,down,1.0000
PRAG1,0,0,0,0,1.0,none,0.0
PRC1,50,0.223479,0.000000,0.000000,1.679190e-01,up,1.0000
PRCP,0,0,0,0,1.0,none,0.0
PRDX6,0,0,0,0,1.0,none,0.0
PREX1,50,-0.908717,0.000000,0.000000,6.140659e-35,down,1.0000
PRIM2,50,0.232840,0.000000,0.000000,5.569045e-02,up,1.0000
PRKAA2,50,0.533820,0.000000,0.000000,2.946933e-02,up,1.0000
PRKACB,50,0.612669,0.000000,0.000000,6.137513e-25,up,1.0000
PRKCD,50,-0.231154,0.000000,0.000000,1.474333e-01,down,1.0000
PRKCE,50,-0.801434,0.000000,0.000000,7.963374e-04,down,1.0000
PRKCH,50,-0.379398,0.000000,0.000000,2.379728e-15,down,1.0000
PRKCZ,50,-0.567952,0.000000,0.000000,5.021761e-06,down,1.0000
PRKD1,50,-0.537648,0.000000,0.000000,3.082272e-23,down,1.0000
PROK2,50,-1.533172,0.000000,0.000000,3.947334e-03,down,1.0000
PROM1,50,2.024535,0.000000,0.000000,2.119647e-29,up,1.0000
PROM2,50,0.728955,0.000000,0.000000,5.638533e-04,up,1.0000
PRPSAP1,50,-0.118017,0.000000,0.000000,4.823521e-01,down,1.0000
PRR15,50,0.771980,0.000000,0.000000,9.006333e-06,up,1.0000
PRR16,50,-0.604791,0.000000,0.000000,8.017773e-05,down,1.0000
PRR5L,0,0,0,0,1.0,none,0.0
PRRX1,50,0.629738,0.000000,0.000000,8.884425e-04,up,1.0000
PRSS1,50,0.241789,0.000000,0.000000,6.802055e-03,up,1.0000
PRSS12,50,1.333666,0.000000,0.000000,1.509301e-03,up,1.0000
PRSS2,50,0.968305,0.000000,0.000000,5.525278e-03,up,1.0000
PRSS22,50,0.317006,0.000000,0.000000,1.360710e-01,up,1.0000
PRTFDC1,50,0.871128,0.000000,0.000000,1.033719e-53,up,1.0000
PRUNE2,50,0.872889,0.000000,0.000000,7.943937e-06,up,1.0000
PRX,50,-1.308401,0.000000,0.000000,2.569736e-03,down,1.0000
PSCA,0,0,0,0,1.0,none,0.0
PSD3,50,1.222676,0.000000,0.000000,7.924277e-15,up,1.0000
PSMA6,50,-0.333186,0.000000,0.000000,1.120413e-17,down,1.0000
PSMC5,0,0,0,0,1.0,none,0.0
PTDSS1,45,-0.115436,0.000000,0.000000,1.846298e-01,down,1.0000
PTGDS,0,0,0,0,1.0,none,0.0
PTGER4,0,0,0,0,1.0,none,0.0
PTGES,46,0.311196,0.000000,0.000000,8.625930e-19,up,1.0000
PTGFRN,50,1.058248,0.000000,0.000000,2.970379e-03,up,1.0000
PTGS2,50,0.237593,0.000000,0.000000,6.628299e-01,up,1.0000
PTH1R,0,0,0,0,1.0,none,0.0
PTHLH,50,0.361930,0.000000,0.000000,2.041443e-02,up,1.0000
PTK7,50,0.366399,0.000000,0.000000,8.880014e-07,up,1.0000
PTPA,50,0.343563,0.000000,0.000000,1.202880e-03,up,1.0000
PTPN12,0,0,0,0,1.0,none,0.0
PTPN20,50,0.132114,0.000000,0.000000,6.843283e-01,up,1.0000
PTPN21,49,-0.549787,0.000000,0.000000,2.976900e-04,down,1.0000
PTPRB,50,-1.307602,0.000000,0.000000,2.516899e-20,down,1.0000
PTPRG,48,-1.056168,0.000000,0.000000,6.264460e-04,down,1.0000
PTPRM,50,-0.788810,0.000000,0.000000,2.960927e-10,down,1.0000
PXDC1,50,-0.422131,0.000000,0.000000,1.510072e-10,down,1.0000
PXDNL,0,0,0,0,1.0,none,0.0
PXMP4,50,-0.281931,0.000000,0.000000,1.107422e-01,down,1.0000
PYROXD2,50,0.409237,0.000000,0.000000,1.328099e-02,up,1.0000
PZP,50,0.703260,0.000000,0.000000,1.372300e-06,up,1.0000
QDPR,50,-0.360861,0.000000,0.000000,2.673936e-02,down,1.0000
QKI,0,0,0,0,1.0,none,0.0
QSER1,50,0.277865,0.000000,0.000000,1.864963e-02,up,1.0000
RAB11FIP1,50,-0.443711,0.000000,0.000000,1.548037e-17,down,1.0000
RAB17,50,-0.627097,0.000000,0.000000,1.978243e-09,down,1.0000
RAB20,50,-0.410643,0.000000,0.000000,9.823995e-18,down,1.0000
RAB23,50,0.597045,0.000000,0.000000,1.218430e-30,up,1.0000
RAB30,50,0.545953,0.000000,0.000000,7.695657e-05,up,1.0000
RAB34,0,0,0,0,1.0,none,0.0
RAB3C,50,0.329421,0.000000,0.000000,5.888914e-02,up,1.0000
RAB7B,49,1.266243,0.000000,0.000000,2.671438e-03,up,1.0000
RAB9B,50,0.359046,0.000000,0.000000,2.874042e-26,up,1.0000
RABEP2,46,0.253369,0.000000,0.000000,2.412233e-04,up,1.0000
RAD21,0,0,0,0,1.0,none,0.0
RAI14,50,0.312515,0.000000,0.000000,1.561795e-10,up,1.0000
RALA,50,-0.307211,0.000000,0.000000,1.249503e-02,down,1.0000
RALGAPA2,0,0,0,0,1.0,none,0.0
RAMP2,0,0,0,0,1.0,none,0.0
RAMP3,45,-0.527509,0.000000,0.000000,1.559455e-01,down,1.0000
RAP1GAP,50,-0.193025,0.000000,0.000000,8.102399e-04,down,1.0000
RAPGEF4,50,-0.563248,0.000000,0.000000,5.627610e-08,down,1.0000
RAPGEF5,50,-0.929662,0.000000,0.000000,6.141721e-34,down,1.0000
RAPH1,50,-0.497061,0.000000,0.000000,8.613316e-11,down,1.0000
RASD2,50,0.202421,0.000000,0.000000,1.693742e-10,up,1.0000
RASGRP1,50,1.091414,0.000000,0.000000,3.144226e-03,up,1.0000
RASGRP2,50,-0.445357,0.000000,0.000000,3.367608e-21,down,1.0000
RASGRP4,50,-0.375909,0.000000,0.000000,4.818966e-08,down,1.0000
RASIP1,50,-0.542850,0.000000,0.000000,2.268802e-02,down,1.0000
RBKS,50,0.378368,0.000000,0.000000,3.637062e-17,up,1.0000
RBM24,49,0.327222,0.000000,0.000000,5.640972e-03,up,1.0000
RBM38,0,0,0,0,1.0,none,0.0
RBMS2,50,-0.372228,0.000000,0.000000,1.863396e-13,down,1.0000
RBP1,50,0.346710,0.000000,0.000000,3.334355e-03,up,1.0000
RBP5,50,0.596888,0.000000,0.000000,3.145048e-07,up,1.0000
RCAN2,50,0.674050,0.000000,0.000000,1.320143e-59,up,1.0000
RCAN3,50,0.481789,0.000000,0.000000,2.371097e-09,up,1.0000
RCBTB2,50,0.303747,0.000000,0.000000,4.455344e-07,up,1.0000
RCC2,0,0,0,0,1.0,none,0.0
RCL1,50,-0.349285,0.000000,0.000000,6.760161e-21,down,1.0000
RDH10,0,0,0,0,1.0,none,0.0
RDX,0,0,0,0,1.0,none,0.0
RELN,50,0.131770,0.000000,0.000000,4.064187e-01,up,1.0000
RENBP,0,0,0,0,1.0,none,0.0
REPS2,50,-0.817073,0.000000,0.000000,7.630236e-06,down,1.0000
RFK,50,0.421821,0.000000,0.000000,2.202202e-02,up,1.0000
RFX5,50,0.435561,0.000000,0.000000,1.928389e-11,up,1.0000
RGCC,50,-0.810011,0.000000,0.000000,1.484904e-05,down,1.0000
RGN,50,-0.587671,0.000000,0.000000,7.475044e-05,down,1.0000
RGS1,50,0.576759,0.000000,0.000000,3.176166e-01,up,1.0000
RGS10,50,0.544727,0.000000,0.000000,4.571203e-02,up,1.0000
RGS16,50,-0.417824,0.000000,0.000000,1.776295e-01,down,1.0000
RGS17,50,0.412899,0.000000,0.000000,2.916279e-08,up,1.0000
RGS2,0,0,0,0,1.0,none,0.0
RGS4,50,0.492096,0.000000,0.000000,1.738796e-04,up,1.0000
RHBDL2,50,0.567506,0.000000,0.000000,1.308153e-02,up,1.0000
RHOBTB2,50,-0.880824,0.000000,0.000000,2.691614e-09,down,1.0000
RHOBTB3,0,0,0,0,1.0,none,0.0
RHOH,50,0.260882,0.000000,0.000000,5.166094e-01,up,1.0000
RHOV,49,0.865415,0.000000,0.000000,2.801542e-02,up,1.0000
RHPN2,50,0.301714,0.000000,0.000000,5.539808e-09,up,1.0000
RIDA,0,0,0,0,1.0,none,0.0
RILPL2,50,-0.473852,0.000000,0.000000,2.242594e-33,down,1.0000
RIMKLA,50,-0.586775,0.000000,0.000000,4.851544e-04,down,1.0000
RIN2,50,-0.449564,0.000000,0.000000,1.988345e-04,down,1.0000
RIPK4,50,0.266332,0.000000,0.000000,1.645265e-06,up,1.0000
RIPOR3,0,0,0,0,1.0,none,0.0
RMC1,50,-0.360116,0.000000,0.000000,4.242652e-20,down,1.0000
RMDN3,50,-0.127166,0.000000,0.000000,4.944873e-01,down,1.0000
RNASE2,50,-1.375584,0.000000,0.000000,3.779855e-08,down,1.0000
RNASE3,47,-0.460503,0.000000,0.000000,7.765418e-13,down,1.0000
RNF122,0,0,0,0,1.0,none,0.0
RNF128,46,-0.546624,0.000000,0.000000,2.242901e-02,down,1.0000
RNF144B,50,-0.635405,0.000000,0.000000,5.756449e-05,down,1.0000
RNF145,0,0,0,0,1.0,none,0.0
RNF150,50,0.695294,0.000000,0.000000,2.697487e-06,up,1.0000
RNF182,50,-1.102260,0.000000,0.000000,2.297654e-04,down,1.0000
RNF185,0,0,0,0,1.0,none,0.0
RNH1,50,-0.260674,0.000000,0.000000,1.552010e-02,down,1.0000
RNPEPL1,49,-0.051197,0.000000,0.000000,6.944139e-01,down,1.0000
ROBO1,50,0.980156,0.000000,0.000000,2.529622e-21,up,1.0000
ROBO2,50,1.233595,0.000000,0.000000,3.873427e-05,up,1.0000
ROBO4,50,-0.722662,0.000000,0.000000,1.080486e-23,down,1.0000
ROCK2,0,0,0,0,1.0,none,0.0
ROGDI,0,0,0,0,1.0,none,0.0
ROR2,49,0.484270,0.000000,0.000000,1.896569e-02,up,1.0000
RPAP3,50,0.385377,0.000000,0.000000,1.317578e-10,up,1.0000
RPGR,0,0,0,0,1.0,none,0.0
RPGRIP1L,50,0.824447,0.000000,0.000000,1.092971e-02,up,1.0000
RPRD2,0,0,0,0,1.0,none,0.0
RPS27L,50,0.494411,0.000000,0.000000,8.097821e-04,up,1.0000
RPS6KA1,50,-0.288287,0.000000,0.000000,8.480410e-03,down,1.0000
RPS6KA2,50,-0.991962,0.000000,0.000000,7.645594e-26,down,1.0000
RRAD,49,0.376978,0.000000,0.000000,8.502724e-04,up,1.0000
RRAS,50,-0.548474,0.000000,0.000000,8.455239e-06,down,1.0000
RRBP1,50,0.438069,0.000000,0.000000,2.809606e-02,up,1.0000
RRM2,0,0,0,0,1.0,none,0.0
RRM2B,50,0.431787,0.000000,0.000000,3.490167e-20,up,1.0000
RRP9,50,-0.323474,0.000000,0.000000,4.159561e-03,down,1.0000
RTP4,49,0.614101,0.000000,0.000000,2.814775e-02,up,1.0000
RUBCNL,50,0.345162,0.000000,0.000000,2.616255e-01,up,1.0000
RUNX1,0,0,0,0,1.0,none,0.0
RUNX2,45,0.422306,0.000000,0.000000,1.579408e-19,up,1.0000
RXFP1,50,-0.952063,0.000000,0.000000,1.287643e-17,down,1.0000
RYBP,50,-0.415039,0.000000,0.000000,4.231374e-04,down,1.0000
RYR3,50,0.336999,0.000000,0.000000,2.054171e-09,up,1.0000
S100A12,50,-2.467941,0.000000,0.000000,4.859860e-08,down,1.0000
S100A14,48,-0.462381,0.000000,0.000000,1.717676e-05,down,1.0000
S100A4,50,-0.325683,0.000000,0.000000,3.623786e-02,down,1.0000
S100A8,49,-1.645335,0.000000,0.000000,1.584952e-57,down,1.0000
S100B,48,0.423965,0.000000,0.000000,7.853435e-02,up,1.0000
S1PR1,50,-1.031642,0.000000,0.000000,6.826113e-57,down,1.0000
SACK1A,50,0.282179,0.000000,0.000000,2.324545e-23,up,1.0000
SACK1D,50,1.253420,0.000000,0.000000,9.471675e-15,up,1.0000
SACK1H,50,-0.146512,0.000000,0.000000,1.106693e-01,down,1.0000
SACS,48,0.520010,0.000000,0.000000,3.501873e-25,up,1.0000
SAMD3,50,0.362824,0.000000,0.000000,1.004069e-02,up,1.0000
SANBR,50,0.653449,0.000000,0.000000,1.333916e-02,up,1.0000
SASH1,50,-0.836582,0.000000,0.000000,5.271364e-46,down,1.0000
SBNO2,0,0,0,0,1.0,none,0.0
SC5D,50,-0.493630,0.000000,0.000000,9.581816e-07,down,1.0000
SCARA3,0,0,0,0,1.0,none,0.0
SCCPDH,50,0.439730,0.000000,0.000000,6.463081e-05,up,1.0000
SCEL,49,-0.887901,0.000000,0.000000,4.828653e-04,down,1.0000
SCG2,47,0.612395,0.000000,0.000000,5.798209e-19,up,1.0000
SCG5,49,1.447158,0.000000,0.000000,2.547603e-02,up,1.0000
SCN1A,50,-0.841681,0.000000,0.000000,1.664668e-03,down,1.0000
SCN4B,0,0,0,0,1.0,none,0.0
SCN7A,0,0,0,0,1.0,none,0.0
SCNN1A,50,-0.685625,0.000000,0.000000,4.185884e-03,down,1.0000
SCPEP1,50,0.325086,0.000000,0.000000,1.015826e-04,up,1.0000
SCUBE2,0,0,0,0,1.0,none,0.0
SDC1,0,0,0,0,1.0,none,0.0
SDHB,50,-0.354823,0.000000,0.000000,4.221012e-19,down,1.0000
SDK2,0,0,0,0,1.0,none,0.0
SDR16C5,50,-1.677487,0.000000,0.000000,2.122296e-83,down,1.0000
SEC11C,49,0.436152,0.000000,0.000000,1.554116e-02,up,1.0000
SEC14L1,50,-0.651665,0.000000,0.000000,1.234524e-41,down,1.0000
SEC14L4,50,-1.109638,0.000000,0.000000,2.768021e-05,down,1.0000
SECISBP2L,0,0,0,0,1.0,none,0.0
SEL1L3,50,0.800660,0.000000,0.000000,1.546417e-51,up,1.0000
SELENBP1,50,-0.432003,0.000000,0.000000,2.568436e-02,down,1.0000
SELENOK,50,-0.132154,0.000000,0.000000,3.528343e-01,down,1.0000
SELENOW,0,0,0,0,1.0,none,0.0
SELP,48,0.544974,0.000000,0.000000,1.480398e-11,up,1.0000
SEMA3A,50,0.527206,0.000000,0.000000,1.438927e-03,up,1.0000
SEMA3C,47,0.737212,0.000000,0.000000,5.677162e-39,up,1.0000
SEMA3D,50,0.768586,0.000000,0.000000,3.405975e-04,up,1.0000
SEMA6B,50,-0.015388,0.000000,0.000000,9.360627e-01,down,1.0000
SENP2,0,0,0,0,1.0,none,0.0
SEPTIN1,50,0.517200,0.000000,0.000000,3.595307e-07,up,1.0000
SEPTIN10,49,-0.266529,0.000000,0.000000,6.791290e-03,down,1.0000
SEPTIN6,0,0,0,0,1.0,none,0.0
SEPTIN9,0,0,0,0,1.0,none,0.0
SERF1B,50,-0.281218,0.000000,0.000000,5.724397e-02,down,1.0000
SERINC2,50,0.547990,0.000000,0.000000,3.482934e-04,up,1.0000
SERPINA3,0,0,0,0,1.0,none,0.0
SERPINB13,50,0.553479,0.000000,0.000000,1.281030e-04,up,1.0000
SERPINB3,50,1.552814,0.000000,0.000000,1.215194e-04,up,1.0000
SERPINB4,47,0.933986,0.000000,0.000000,6.746669e-02,up,1.0000
SERPINB5,50,0.945419,0.000000,0.000000,3.267772e-02,up,1.0000
SERPIND1,50,1.777689,0.000000,0.000000,7.350522e-09,up,1.0000
SERPINE2,50,0.563812,0.000000,0.000000,3.758163e-04,up,1.0000
SERPINF1,50,0.685773,0.000000,0.000000,1.238953e-11,up,1.0000
SERPINF2,50,-0.482028,0.000000,0.000000,5.257757e-03,down,1.0000
SERPING1,50,-0.339152,0.000000,0.000000,3.219581e-16,down,1.0000
SERPINI1,50,0.647489,0.000000,0.000000,1.636161e-05,up,1.0000
SERPINI2,50,0.979129,0.000000,0.000000,1.651335e-08,up,1.0000
SERTAD2,0,0,0,0,1.0,none,0.0
SERTAD4,0,0,0,0,1.0,none,0.0
SERTM1,50,-0.789714,0.000000,0.000000,4.011863e-03,down,1.0000
SESTD1,0,0,0,0,1.0,none,0.0
SETD4,0,0,0,0,1.0,none,0.0
SFRP1,50,0.602117,0.000000,0.000000,1.807846e-03,up,1.0000
SFRP2,50,3.228778,0.000000,0.000000,2.606378e-09,up,1.0000
SFRP4,50,1.690132,0.000000,0.000000,2.943756e-09,up,1.0000
SFTA2,50,-0.657281,0.000000,0.000000,1.114949e-02,down,1.0000
SH2D1A,50,0.349960,0.000000,0.000000,1.280442e-01,up,1.0000
SH2D3C,50,-0.739169,0.000000,0.000000,1.805971e-04,down,1.0000
SH3BGRL,0,0,0,0,1.0,none,0.0
SH3BP5,50,-0.610597,0.000000,0.000000,4.106261e-46,down,1.0000
SH3D19,50,-0.418437,0.000000,0.000000,7.295088e-05,down,1.0000
SH3PXD2A,0,0,0,0,1.0,none,0.0
SHC4,50,0.341360,0.000000,0.000000,6.246832e-16,up,1.0000
SHE,50,-0.743828,0.000000,0.000000,1.133019e-06,down,1.0000
SHROOM4,50,-0.306253,0.000000,0.000000,2.376039e-02,down,1.0000
SIDT1,50,0.624308,0.000000,0.000000,9.083872e-34,up,1.0000
SIGLEC10,0,0,0,0,1.0,none,0.0
SIGLEC5,50,-0.720786,0.000000,0.000000,7.791271e-23,down,1.0000
SIRAL2,49,0.419014,0.000000,0.000000,1.935981e-06,up,1.0000
SIRPG,0,0,0,0,1.0,none,0.0
SIT1,0,0,0,0,1.0,none,0.0
SIX1,50,1.375159,0.000000,0.000000,6.486370e-09,up,1.0000
SKAP1,50,0.705707,0.000000,0.000000,2.281456e-03,up,1.0000
SLA2,0,0,0,0,1.0,none,0.0
SLAIN1,50,-0.389092,0.000000,0.000000,1.706354e-13,down,1.0000
SLAMF7,50,1.818638,0.000000,0.000000,2.264055e-05,up,1.0000
SLC12A8,0,0,0,0,1.0,none,0.0
SLC15A3,0,0,0,0,1.0,none,0.0
SLC16A12,45,-0.596769,0.000000,0.000000,3.365412e-04,down,1.0000
SLC16A14,50,0.459922,0.000000,0.000000,8.026055e-19,up,1.0000
SLC16A2,0,0,0,0,1.0,none,0.0
SLC16A4,48,0.311687,0.000000,0.000000,2.080082e-02,up,1.0000
SLC16A9,50,0.391099,0.000000,0.000000,1.561993e-15,up,1.0000
SLC18A2,50,0.795757,0.000000,0.000000,1.093311e-02,up,1.0000
SLC19A2,0,0,0,0,1.0,none,0.0
SLC19A3,50,-0.980807,0.000000,0.000000,4.130179e-07,down,1.0000
SLC1A1,50,-1.214205,0.000000,0.000000,5.471187e-06,down,1.0000
SLC22A15,0,0,0,0,1.0,none,0.0
SLC22A23,0,0,0,0,1.0,none,0.0
SLC22A3,50,-0.498966,0.000000,0.000000,1.792757e-09,down,1.0000
SLC24A3,50,0.359261,0.000000,0.000000,9.808611e-03,up,1.0000
SLC25A12,50,0.419964,0.000000,0.000000,1.803192e-19,up,1.0000
SLC25A24,0,0,0,0,1.0,none,0.0
SLC25A25,50,-0.461130,0.000000,0.000000,4.822705e-02,down,1.0000
SLC25A33,50,-0.349262,0.000000,0.000000,3.801869e-02,down,1.0000
SLC25A5,50,-0.403748,0.000000,0.000000,2.538885e-21,down,1.0000
SLC27A1,0,0,0,0,1.0,none,0.0
SLC27A2,50,1.354415,0.000000,0.000000,8.233161e-08,up,1.0000
SLC27A3,50,-0.841443,0.000000,0.000000,9.178215e-09,down,1.0000
SLC28A3,46,0.618372,0.000000,0.000000,1.477312e-07,up,1.0000
SLC2A3,50,-0.549492,0.000000,0.000000,1.640079e-01,down,1.0000
SLC35D2,49,-0.293430,0.000000,0.000000,4.765696e-03,down,1.0000
SLC35E3,0,0,0,0,1.0,none,0.0
SLC35F2,50,0.740799,0.000000,0.000000,2.967218e-04,up,1.0000
SLC38A2,0,0,0,0,1.0,none,0.0
SLC38A9,50,0.240183,0.000000,0.000000,1.560679e-09,up,1.0000
SLC39A1,50,-0.271025,0.000000,0.000000,1.462423e-02,down,1.0000
SLC39A6,50,0.444019,0.000000,0.000000,4.808349e-05,up,1.0000
SLC39A8,50,-1.328492,0.000000,0.000000,5.299643e-50,down,1.0000
SLC3A2,48,-0.430958,0.000000,0.000000,1.233510e-11,down,1.0000
SLC43A1,0,0,0,0,1.0,none,0.0
SLC44A2,50,-0.324467,0.000000,0.000000,2.997891e-02,down,1.0000
SLC44A4,50,1.027351,0.000000,0.000000,2.058396e-24,up,1.0000
SLC45A3,0,0,0,0,1.0,none,0.0
SLC46A2,50,-0.570814,0.000000,0.000000,3.971518e-03,down,1.0000
SLC46A3,49,0.338966,0.000000,0.000000,8.001200e-03,up,1.0000
SLC47A1,0,0,0,0,1.0,none,0.0
SLC4A11,50,0.761324,0.000000,0.000000,1.616852e-02,up,1.0000
SLC4A4,50,0.686670,0.000000,0.000000,6.620245e-10,up,1.0000
SLC52A1,50,0.506692,0.000000,0.000000,4.100776e-05,up,1.0000
SLC5A5,50,0.195639,0.000000,0.000000,7.061297e-02,up,1.0000
SLC60A2,50,0.192658,0.000000,0.000000,5.241202e-02,up,1.0000
SLC68A1,50,-0.620368,0.000000,0.000000,1.511819e-07,down,1.0000
SLC6A4,50,-2.216407,0.000000,0.000000,2.743266e-05,down,1.0000
SLC75A1,0,0,0,0,1.0,none,0.0
SLC7A11,0,0,0,0,1.0,none,0.0
SLC7A5,50,-0.051389,0.000000,0.000000,8.766488e-01,down,1.0000
SLC7A7,50,-0.500654,0.000000,0.000000,1.550413e-02,down,1.0000
SLC7A8,0,0,0,0,1.0,none,0.0
SLC8A1,50,0.506203,0.000000,0.000000,8.994044e-04,up,1.0000
SLC9A1,0,0,0,0,1.0,none,0.0
SLC9A7,50,0.259573,0.000000,0.000000,7.494615e-09,up,1.0000
SLCO1B3,50,0.270556,0.000000,0.000000,4.400049e-04,up,1.0000
SLCO2A1,50,-1.292205,0.000000,0.000000,3.911335e-07,down,1.0000
SLCO4A1,50,-2.464933,0.000000,0.000000,2.768109e-16,down,1.0000
SLFN13,50,0.925723,0.000000,0.000000,2.623925e-04,up,1.0000
SLIT2,50,-0.825524,0.000000,0.000000,7.028824e-21,down,1.0000
SLITRK3,50,0.272769,0.000000,0.000000,3.362550e-02,up,1.0000
SLMAP,50,0.229537,0.000000,0.000000,4.524566e-03,up,1.0000
SLN,50,1.280622,0.000000,0.000000,2.132105e-40,up,1.0000
SLX4IP,49,0.363427,0.000000,0.000000,1.655632e-02,up,1.0000
SMAD1,50,0.471867,0.000000,0.000000,7.628409e-05,up,1.0000
SMAD6,50,-1.227363,0.000000,0.000000,6.605173e-10,down,1.0000
SMAD7,50,-0.444192,0.000000,0.000000,1.617745e-02,down,1.0000
SMARCA1,48,0.318385,0.000000,0.000000,7.773096e-19,up,1.0000
SMARCC1,49,0.523811,0.000000,0.000000,2.510955e-20,up,1.0000
SMC6,48,0.346017,0.000000,0.000000,5.357662e-08,up,1.0000
SMIM3,50,-0.664088,0.000000,0.000000,8.246945e-04,down,1.0000
SMO,0,0,0,0,1.0,none,0.0
SMOC1,50,0.288745,0.000000,0.000000,1.070998e-01,up,1.0000
SMOC2,50,0.887861,0.000000,0.000000,8.072716e-04,up,1.0000
SMPD3,0,0,0,0,1.0,none,0.0
SNAP25,50,0.489501,0.000000,0.000000,1.629742e-09,up,1.0000
SNAPC1,50,0.254320,0.000000,0.000000,6.087245e-02,up,1.0000
SNCAIP,50,0.661187,0.000000,0.000000,3.833958e-57,up,1.0000
SNED1,0,0,0,0,1.0,none,0.0
SNRK,50,-0.291082,0.000000,0.000000,2.520034e-02,down,1.0000
SNX22,49,-0.454209,0.000000,0.000000,2.735653e-04,down,1.0000
SNX27,0,0,0,0,1.0,none,0.0
SNX9,50,0.437673,0.000000,0.000000,1.929025e-04,up,1.0000
SOAT1,50,-0.016127,0.000000,0.000000,9.351478e-01,down,1.0000
SOBP,0,0,0,0,1.0,none,0.0
SOCS3,50,-0.850947,0.000000,0.000000,1.760946e-01,down,1.0000
SOD2,50,-0.557121,0.000000,0.000000,4.528865e-02,down,1.0000
SORCS2,0,0,0,0,1.0,none,0.0
SORD,50,0.660097,0.000000,0.000000,8.581462e-05,up,1.0000
SORT1,50,-0.670227,0.000000,0.000000,9.573146e-07,down,1.0000
SOSTDC1,50,-0.887864,0.000000,0.000000,6.571284e-02,down,1.0000
SOX13,50,-0.410275,0.000000,0.000000,3.558166e-02,down,1.0000
SOX17,46,-0.326744,0.000000,0.000000,2.164937e-02,down,1.0000
SOX2,50,1.499218,0.000000,0.000000,6.692279e-42,up,1.0000
SOX4,50,0.957756,0.000000,0.000000,6.171450e-05,up,1.0000
SOX7,50,-0.475262,0.000000,0.000000,2.787786e-02,down,1.0000
SP140,49,0.636992,0.000000,0.000000,6.622161e-03,up,1.0000
SPAG16,50,0.653610,0.000000,0.000000,1.258603e-25,up,1.0000
SPARC,0,0,0,0,1.0,none,0.0
SPATA20,0,0,0,0,1.0,none,0.0
SPATA6L,50,0.236955,0.000000,0.000000,9.424828e-02,up,1.0000
SPATS2,50,0.409303,0.000000,0.000000,4.364406e-04,up,1.0000
SPATS2L,46,0.429739,0.000000,0.000000,5.626623e-05,up,1.0000
SPDEF,50,0.341642,0.000000,0.000000,3.141070e-02,up,1.0000
SPEF1,50,0.349382,0.000000,0.000000,9.968371e-06,up,1.0000
SPEG,50,0.505062,0.000000,0.000000,1.232557e-01,up,1.0000
SPICE1,50,0.280749,0.000000,0.000000,2.413512e-09,up,1.0000
SPINK5,50,0.707873,0.000000,0.000000,4.076144e-02,up,1.0000
SPNS1,0,0,0,0,1.0,none,0.0
SPOCK1,0,0,0,0,1.0,none,0.0
SPOCK2,47,-0.788444,0.000000,0.000000,4.442395e-18,down,1.0000
SPP1,50,2.441860,0.000000,0.000000,6.065616e-06,up,1.0000
SPRING1,50,-0.469843,0.000000,0.000000,2.204173e-28,down,1.0000
SPRR1A,0,0,0,0,1.0,none,0.0
SPRY1,50,0.420247,0.000000,0.000000,2.626630e-02,up,1.0000
SPRY2,50,-0.471685,0.000000,0.000000,9.663287e-04,down,1.0000
SPRY4,50,-0.946398,0.000000,0.000000,2.909732e-21,down,1.0000
SPRYD7,50,-0.420960,0.000000,0.000000,1.465448e-05,down,1.0000
SPTBN1,0,0,0,0,1.0,none,0.0
SPTBN2,50,0.230242,0.000000,0.000000,1.995414e-02,up,1.0000
SPTSSA,0,0,0,0,1.0,none,0.0
SRD5A2,50,0.683613,0.000000,0.000000,3.255099e-02,up,1.0000
SRGAP2,50,-0.404787,0.000000,0.000000,2.420366e-07,down,1.0000
SRGAP2C,0,0,0,0,1.0,none,0.0
SRPX,0,0,0,0,1.0,none,0.0
SRPX2,0,0,0,0,1.0,none,0.0
SRXN1,50,-0.469866,0.000000,0.000000,3.550605e-04,down,1.0000
SSBP4,0,0,0,0,1.0,none,0.0
SSC5D,0,0,0,0,1.0,none,0.0
SSH2,50,-0.605347,0.000000,0.000000,2.172524e-02,down,1.0000
SSPN,50,1.156682,0.000000,0.000000,8.016583e-16,up,1.0000
SSR4,50,0.326855,0.000000,0.000000,9.173738e-03,up,1.0000
SSX2IP,50,0.229218,0.000000,0.000000,2.320912e-08,up,1.0000
ST14,0,0,0,0,1.0,none,0.0
ST6GAL1,50,0.592684,0.000000,0.000000,1.207550e-30,up,1.0000
ST6GAL2,0,0,0,0,1.0,none,0.0
ST6GALNAC1,50,1.150983,0.000000,0.000000,9.128688e-34,up,1.0000
ST6GALNAC3,50,-1.321053,0.000000,0.000000,5.969894e-09,down,1.0000
ST6GALNAC5,50,-0.453995,0.000000,0.000000,1.372110e-11,down,1.0000
ST7,0,0,0,0,1.0,none,0.0
ST8SIA1,50,0.573139,0.000000,0.000000,2.880327e-09,up,1.0000
STAB1,0,0,0,0,1.0,none,0.0
STAMBPL1,50,0.367434,0.000000,0.000000,3.654609e-04,up,1.0000
STARD13,50,-0.681570,0.000000,0.000000,4.307860e-37,down,1.0000
STARD3NL,50,-0.529414,0.000000,0.000000,1.991459e-43,down,1.0000
STARD4,0,0,0,0,1.0,none,0.0
STARD5,50,0.453904,0.000000,0.000000,2.653335e-04,up,1.0000
STARD8,50,-0.783983,0.000000,0.000000,3.213875e-05,down,1.0000
STARD9,45,-0.429905,0.000000,0.000000,1.924675e-03,down,1.0000
STAT4,49,0.435398,0.000000,0.000000,6.481315e-02,up,1.0000
STEAP3,50,0.787719,0.000000,0.000000,6.182258e-03,up,1.0000
STEEP1,0,0,0,0,1.0,none,0.0
STING1,0,0,0,0,1.0,none,0.0
STK36,50,0.213489,0.000000,0.000000,1.723910e-01,up,1.0000
STK38L,50,0.223257,0.000000,0.000000,8.257635e-05,up,1.0000
STK39,50,0.410775,0.000000,0.000000,2.350528e-17,up,1.0000
STMN3,0,0,0,0,1.0,none,0.0
STRA6,47,0.306935,0.000000,0.000000,2.169840e-03,up,1.0000
STRAP,0,0,0,0,1.0,none,0.0
STX11,50,-0.901363,0.000000,0.000000,1.236428e-38,down,1.0000
STX12,0,0,0,0,1.0,none,0.0
STX3,50,-0.638928,0.000000,0.000000,3.267398e-09,down,1.0000
STXBP6,50,-1.305696,0.000000,0.000000,5.339775e-05,down,1.0000
STYXL1,0,0,0,0,1.0,none,0.0
SUB1,50,0.237022,0.000000,0.000000,2.943823e-09,up,1.0000
SULF1,50,1.866099,0.000000,0.000000,2.122629e-05,up,1.0000
SULF2,50,0.826779,0.000000,0.000000,3.731060e-04,up,1.0000
SULT1A1,50,-0.388161,0.000000,0.000000,2.651570e-01,down,1.0000
SULT1A2,50,-0.441417,0.000000,0.000000,2.011770e-01,down,1.0000
SULT1B1,50,-1.226423,0.000000,0.000000,1.945910e-45,down,1.0000
SULT1C4,50,-0.304439,0.000000,0.000000,1.795784e-13,down,1.0000
SUN2,50,-0.640505,0.000000,0.000000,1.830087e-05,down,1.0000
SUSD2,48,-0.495067,0.000000,0.000000,3.416251e-10,down,1.0000
SUSD4,50,0.636796,0.000000,0.000000,7.107848e-07,up,1.0000
SV2B,50,0.569719,0.000000,0.000000,3.896889e-02,up,1.0000
SVEP1,50,-0.954513,0.000000,0.000000,5.220454e-24,down,1.0000
SVIL,50,0.409355,0.000000,0.000000,6.196973e-16,up,1.0000
SYN2,48,-0.424642,0.000000,0.000000,4.766281e-10,down,1.0000
SYNGR1,0,0,0,0,1.0,none,0.0
SYNPO2,50,1.245204,0.000000,0.000000,1.749197e-06,up,1.0000
SYT11,0,0,0,0,1.0,none,0.0
SYT15,50,-0.666218,0.000000,0.000000,8.950004e-03,down,1.0000
SYT8,49,0.697456,0.000000,0.000000,1.464535e-04,up,1.0000
SYTL1,50,1.027298,0.000000,0.000000,2.732413e-04,up,1.0000
SYTL2,48,0.798302,0.000000,0.000000,5.504094e-04,up,1.0000
SYTL4,0,0,0,0,1.0,none,0.0
TAGLN2,0,0,0,0,1.0,none,0.0
TALDO1,0,0,0,0,1.0,none,0.0
TAMALIN,50,-1.064918,0.000000,0.000000,1.089990e-04,down,1.0000
TAOK3,0,0,0,0,1.0,none,0.0
TAPBP,0,0,0,0,1.0,none,0.0
TARBP1,50,0.340080,0.000000,0.000000,5.975267e-05,up,1.0000
TBC1D32,50,0.444300,0.000000,0.000000,3.919165e-02,up,1.0000
TBCE,50,-0.474561,0.000000,0.000000,7.492036e-32,down,1.0000
TBCK,50,0.264231,0.000000,0.000000,1.677301e-01,up,1.0000
TBL1XR1,50,0.422277,0.000000,0.000000,4.449789e-04,up,1.0000
TBX3,50,-0.902232,0.000000,0.000000,1.164711e-08,down,1.0000
TBXAS1,50,-0.729206,0.000000,0.000000,2.942830e-48,down,1.0000
TCEAL1,0,0,0,0,1.0,none,0.0
TCEAL7,0,0,0,0,1.0,none,0.0
TCN2,0,0,0,0,1.0,none,0.0
TCTN1,0,0,0,0,1.0,none,0.0
TDO2,50,1.828153,0.000000,0.000000,1.618677e-27,up,1.0000
TDP1,50,0.423342,0.000000,0.000000,2.510970e-10,up,1.0000
TDRD10,50,-0.427230,0.000000,0.000000,9.563526e-12,down,1.0000
TDRD9,0,0,0,0,1.0,none,0.0
TEAD4,50,-0.420322,0.000000,0.000000,4.115318e-19,down,1.0000
TEK,50,-0.931154,0.000000,0.000000,1.750445e-12,down,1.0000
TENM4,50,0.521293,0.000000,0.000000,7.819079e-02,up,1.0000
TENT5B,50,-0.721736,0.000000,0.000000,2.234497e-09,down,1.0000
TENT5C,50,0.704416,0.000000,0.000000,1.041395e-35,up,1.0000
TESPA1,50,0.480675,0.000000,0.000000,5.386050e-06,up,1.0000
TET1,50,0.632634,0.000000,0.000000,1.608253e-13,up,1.0000
TFAP2A,50,0.491295,0.000000,0.000000,5.906597e-03,up,1.0000
TFAP2C,50,0.331887,0.000000,0.000000,1.568297e-08,up,1.0000
TFE3,50,-0.456210,0.000000,0.000000,1.804594e-31,down,1.0000
TFF3,0,0,0,0,1.0,none,0.0
TFPI,0,0,0,0,1.0,none,0.0
TGFB2,48,0.796659,0.000000,0.000000,2.028530e-09,up,1.0000
TGFB3,50,1.240942,0.000000,0.000000,3.109803e-05,up,1.0000
TGFBI,50,0.597128,0.000000,0.000000,8.352107e-05,up,1.0000
TGFBR3,50,-0.974412,0.000000,0.000000,6.464245e-13,down,1.0000
THADA,50,0.236417,0.000000,0.000000,1.138406e-02,up,1.0000
THBD,50,-0.486244,0.000000,0.000000,5.840508e-03,down,1.0000
THBS1,50,-0.901536,0.000000,0.000000,1.503892e-01,down,1.0000
THBS2,50,1.315069,0.000000,0.000000,7.226173e-04,up,1.0000
THBS3,49,0.426151,0.000000,0.000000,6.023697e-26,up,1.0000
THBS4,50,0.933473,0.000000,0.000000,1.283801e-03,up,1.0000
THNSL1,50,0.322016,0.000000,0.000000,1.058611e-01,up,1.0000
THRA,50,-0.234511,0.000000,0.000000,1.052014e-01,down,1.0000
THSD1,48,-0.460930,0.000000,0.000000,3.731309e-02,down,1.0000
THSD4,50,0.434006,0.000000,0.000000,2.005194e-03,up,1.0000
THSD7B,50,0.420715,0.000000,0.000000,1.014998e-31,up,1.0000
THY1,50,1.952859,0.000000,0.000000,7.369568e-15,up,1.0000
TIMD4,50,0.470933,0.000000,0.000000,1.871125e-02,up,1.0000
TIMP3,50,-0.866552,0.000000,0.000000,2.719331e-04,down,1.0000
TIMP4,0,0,0,0,1.0,none,0.0
TIPARP,0,0,0,0,1.0,none,0.0
TJP1,50,-0.371203,0.000000,0.000000,3.196741e-14,down,1.0000
TJP2,0,0,0,0,1.0,none,0.0
TKT,50,-0.495171,0.000000,0.000000,2.244787e-03,down,1.0000
TLCD1,50,-0.362068,0.000000,0.000000,1.914820e-22,down,1.0000
TLR2,0,0,0,0,1.0,none,0.0
TLR7,0,0,0,0,1.0,none,0.0
TM6SF1,0,0,0,0,1.0,none,0.0
TM7SF2,47,-0.309103,0.000000,0.000000,8.634379e-03,down,1.0000
TM7SF3,0,0,0,0,1.0,none,0.0
TMBIM6,50,0.026999,0.000000,0.000000,9.447746e-01,up,1.0000
TMC4,50,0.388451,0.000000,0.000000,1.984236e-06,up,1.0000
TMC5,50,0.741405,0.000000,0.000000,5.609208e-05,up,1.0000
TMED3,0,0,0,0,1.0,none,0.0
TMEM100,50,-2.062395,0.000000,0.000000,2.951554e-06,down,1.0000
TMEM106B,50,0.318108,0.000000,0.000000,1.636701e-04,up,1.0000
TMEM106C,0,0,0,0,1.0,none,0.0
TMEM107,50,0.421129,0.000000,0.000000,2.302441e-20,up,1.0000
TMEM117,49,0.488334,0.000000,0.000000,1.245118e-08,up,1.0000
TMEM120A,50,-0.465750,0.000000,0.000000,1.996086e-44,down,1.0000
TMEM125,50,-0.633915,0.000000,0.000000,5.283746e-03,down,1.0000
TMEM139,47,-0.508391,0.000000,0.000000,8.554508e-03,down,1.0000
TMEM141,50,-0.177411,0.000000,0.000000,3.495519e-02,down,1.0000
TMEM150A,50,-0.314559,0.000000,0.000000,3.358694e-06,down,1.0000
TMEM154,50,0.313771,0.000000,0.000000,1.698309e-01,up,1.0000
TMEM156,50,0.352956,0.000000,0.000000,8.509762e-02,up,1.0000
TMEM164,48,-0.165604,0.000000,0.000000,5.999895e-01,down,1.0000
TMEM176A,0,0,0,0,1.0,none,0.0
TMEM178A,0,0,0,0,1.0,none,0.0
TMEM182,49,0.329905,0.000000,0.000000,7.386254e-10,up,1.0000
TMEM19,50,0.351964,0.000000,0.000000,6.788350e-13,up,1.0000
TMEM190,50,0.891768,0.000000,0.000000,8.193793e-02,up,1.0000
TMEM203,50,-0.120527,0.000000,0.000000,2.046283e-01,down,1.0000
TMEM204,50,-1.054054,0.000000,0.000000,5.234895e-03,down,1.0000
TMEM216,0,0,0,0,1.0,none,0.0
TMEM243,48,-0.268805,0.000000,0.000000,1.943630e-02,down,1.0000
TMEM245,50,-0.656945,0.000000,0.000000,1.868771e-02,down,1.0000
TMEM35A,48,0.614727,0.000000,0.000000,4.422729e-02,up,1.0000
TMEM41A,50,-0.247346,0.000000,0.000000,4.280148e-06,down,1.0000
TMEM41B,50,-0.689820,0.000000,0.000000,4.171959e-07,down,1.0000
TMEM45A,50,1.404467,0.000000,0.000000,9.671706e-40,up,1.0000
TMEM87A,0,0,0,0,1.0,none,0.0
TMEM97,50,-0.744177,0.000000,0.000000,1.228978e-12,down,1.0000
TMEM98,50,0.658198,0.000000,0.000000,4.727258e-06,up,1.0000
TMF1,50,0.272397,0.000000,0.000000,1.805551e-12,up,1.0000
TMPRSS4,50,1.728113,0.000000,0.000000,3.616615e-06,up,1.0000
TMT1A,0,0,0,0,1.0,none,0.0
TMTC3,50,0.386114,0.000000,0.000000,1.401617e-03,up,1.0000
TNFAIP8L1,0,0,0,0,1.0,none,0.0
TNFRSF11B,47,-0.002790,0.000000,0.000000,9.961923e-01,down,1.0000
TNFRSF17,50,1.084976,0.000000,0.000000,7.370985e-02,up,1.0000
TNFRSF19,50,0.941925,0.000000,0.000000,1.872787e-08,up,1.0000
TNFRSF21,50,0.916240,0.000000,0.000000,9.832660e-07,up,1.0000
TNFRSF9,50,0.442457,0.000000,0.000000,2.045193e-19,up,1.0000
TNFSF13B,50,0.700204,0.000000,0.000000,4.183534e-03,up,1.0000
TNN,50,0.695081,0.000000,0.000000,6.925921e-05,up,1.0000
TNNT2,50,-0.549100,0.000000,0.000000,9.030191e-03,down,1.0000
TNS1,48,-0.420792,0.000000,0.000000,8.951414e-03,down,1.0000
TNS2,50,-0.773465,0.000000,0.000000,4.042566e-07,down,1.0000
TNS3,50,-0.347862,0.000000,0.000000,3.361723e-02,down,1.0000
TNS4,50,1.191239,0.000000,0.000000,6.738578e-03,up,1.0000
TOMM34,0,0,0,0,1.0,none,0.0
TOP2A,49,0.617691,0.000000,0.000000,1.558858e-02,up,1.0000
TOP6BL,49,0.810197,0.000000,0.000000,5.558934e-04,up,1.0000
TOX2,49,-1.060545,0.000000,0.000000,1.575310e-02,down,1.0000
TOX3,48,0.283487,0.000000,0.000000,9.767123e-16,up,1.0000
TP53,50,0.262997,0.000000,0.000000,6.194153e-03,up,1.0000
TP53BP1,50,0.382301,0.000000,0.000000,7.149443e-02,up,1.0000
TP53INP1,50,0.828654,0.000000,0.000000,1.583126e-09,up,1.0000
TP63,50,1.922171,0.000000,0.000000,1.111449e-06,up,1.0000
TP73,50,0.230728,0.000000,0.000000,5.939531e-02,up,1.0000
TPBG,50,0.223055,0.000000,0.000000,6.922050e-03,up,1.0000
TPCN1,50,-0.211574,0.000000,0.000000,3.438152e-02,down,1.0000
TPD52L1,0,0,0,0,1.0,none,0.0
TPM4,50,0.640041,0.000000,0.000000,4.479345e-07,up,1.0000
TPPP3,0,0,0,0,1.0,none,0.0
TPST2,50,-0.510790,0.000000,0.000000,2.219639e-05,down,1.0000
TPX2,50,0.444449,0.000000,0.000000,4.064253e-04,up,1.0000
TRA2A,50,0.322511,0.000000,0.000000,1.708760e-01,up,1.0000
TRADD,50,0.387602,0.000000,0.000000,4.381953e-08,up,1.0000
TRAF1,50,0.356149,0.000000,0.000000,4.690881e-03,up,1.0000
TRAF3,50,0.563955,0.000000,0.000000,7.963708e-03,up,1.0000
TRAF3IP3,46,0.476563,0.000000,0.000000,1.015764e-01,up,1.0000
TRAF5,50,0.700061,0.000000,0.000000,1.107045e-04,up,1.0000
TRANK1,50,0.506464,0.000000,0.000000,1.246775e-18,up,1.0000
TRAT1,50,0.581691,0.000000,0.000000,1.151299e-02,up,1.0000
TREM2,0,0,0,0,1.0,none,0.0
TRERF1,50,0.652964,0.000000,0.000000,1.254966e-04,up,1.0000
TRIL,0,0,0,0,1.0,none,0.0
TRIM2,50,1.071217,0.000000,0.000000,1.415967e-60,up,1.0000
TRIM29,50,1.012559,0.000000,0.000000,1.838041e-02,up,1.0000
TRIM32,50,0.531498,0.000000,0.000000,1.469464e-03,up,1.0000
TRIM36,50,0.612631,0.000000,0.000000,5.139954e-07,up,1.0000
TRIM47,0,0,0,0,1.0,none,0.0
TRIM59,50,0.491164,0.000000,0.000000,2.514151e-02,up,1.0000
TRIM6,50,0.627783,0.000000,0.000000,6.183341e-04,up,1.0000
TRIP10,50,-0.223742,0.000000,0.000000,3.901919e-04,down,1.0000
TRMT10C,50,0.020794,0.000000,0.000000,8.982511e-01,up,1.0000
TRMT13,50,0.276377,0.000000,0.000000,2.012838e-02,up,1.0000
TRMT6,50,-0.034738,0.000000,0.000000,8.775735e-01,down,1.0000
TRO,50,0.714273,0.000000,0.000000,1.261071e-03,up,1.0000
TRPC3,50,-0.698186,0.000000,0.000000,1.139631e-04,down,1.0000
TRPS1,50,0.559551,0.000000,0.000000,2.029930e-06,up,1.0000
TRPV4,50,0.563463,0.000000,0.000000,5.196611e-32,up,1.0000
TRUB1,49,0.256545,0.000000,0.000000,8.799131e-06,up,1.0000
TSC22D3,50,-0.696878,0.000000,0.000000,5.510063e-05,down,1.0000
TSGA10,50,0.908048,0.000000,0.000000,9.169146e-08,up,1.0000
TSHZ2,50,0.895238,0.000000,0.000000,7.728487e-42,up,1.0000
TSKU,0,0,0,0,1.0,none,0.0
TSNAXIP1,49,0.359756,0.000000,0.000000,1.369102e-06,up,1.0000
TSPAN1,50,1.575380,0.000000,0.000000,7.649408e-07,up,1.0000
TSPAN11,50,1.395809,0.000000,0.000000,4.393631e-07,up,1.0000
TSPAN13,50,-0.375850,0.000000,0.000000,5.081640e-02,down,1.0000
TSPAN14,50,-0.534634,0.000000,0.000000,2.421737e-06,down,1.0000
TSPAN2,50,0.795647,0.000000,0.000000,5.524164e-13,up,1.0000
TSPAN33,0,0,0,0,1.0,none,0.0
TSPAN5,50,0.420318,0.000000,0.000000,4.274941e-05,up,1.0000
TSPAN6,50,0.747159,0.000000,0.000000,1.146497e-28,up,1.0000
TSPAN7,50,-0.711945,0.000000,0.000000,4.062307e-04,down,1.0000
TSPAN8,50,0.741945,0.000000,0.000000,3.197903e-05,up,1.0000
TSPYL2,0,0,0,0,1.0,none,0.0
TSPYL4,0,0,0,0,1.0,none,0.0
TST,50,-0.324228,0.000000,0.000000,1.175533e-03,down,1.0000
TTC14,50,0.312548,0.000000,0.000000,5.078718e-02,up,1.0000
TTC3,50,0.672008,0.000000,0.000000,2.332147e-39,up,1.0000
TTC39C,50,0.723310,0.000000,0.000000,4.031718e-05,up,1.0000
TTC8,50,0.519740,0.000000,0.000000,1.982995e-05,up,1.0000
TTC9,0,0,0,0,1.0,none,0.0
TTLL5,50,0.304457,0.000000,0.000000,1.090518e-02,up,1.0000
TTN,50,-1.826638,0.000000,0.000000,3.449860e-05,down,1.0000
TUFM,50,0.116321,0.000000,0.000000,7.296132e-01,up,1.0000
TUFT1,46,-0.358363,0.000000,0.000000,1.490913e-06,down,1.0000
TUSC3,50,0.330565,0.000000,0.000000,4.001641e-02,up,1.0000
TWSG1,50,0.353758,0.000000,0.000000,2.930323e-22,up,1.0000
TXLNB,50,0.410573,0.000000,0.000000,5.247874e-05,up,1.0000
TXNRD1,0,0,0,0,1.0,none,0.0
UBA1,0,0,0,0,1.0,none,0.0
UBASH3A,50,0.493337,0.000000,0.000000,4.804247e-02,up,1.0000
UBD,50,2.466411,0.000000,0.000000,1.575294e-02,up,1.0000
UBE2Z,0,0,0,0,1.0,none,0.0
UBXN10,50,1.013337,0.000000,0.000000,1.404785e-04,up,1.0000
UCP2,0,0,0,0,1.0,none,0.0
UGCG,50,0.468323,0.000000,0.000000,1.535094e-01,up,1.0000
UGT2B17,50,0.406643,0.000000,0.000000,1.562682e-06,up,1.0000
UNC13B,50,-0.675945,0.000000,0.000000,7.233932e-03,down,1.0000
UNC13D,50,-0.502629,0.000000,0.000000,1.745785e-06,down,1.0000
USP18,50,0.448092,0.000000,0.000000,4.452238e-03,up,1.0000
USP32,0,0,0,0,1.0,none,0.0
USP44,0,0,0,0,1.0,none,0.0
USP53,0,0,0,0,1.0,none,0.0
USP54,0,0,0,0,1.0,none,0.0
UTP25,50,0.234785,0.000000,0.000000,3.587789e-08,up,1.0000
VAMP5,50,-0.393222,0.000000,0.000000,2.238013e-04,down,1.0000
VANGL1,50,0.447609,0.000000,0.000000,7.320841e-05,up,1.0000
VARS1,0,0,0,0,1.0,none,0.0
VASH1,0,0,0,0,1.0,none,0.0
VASN,0,0,0,0,1.0,none,0.0
VAT1,0,0,0,0,1.0,none,0.0
VAT1L,50,0.448267,0.000000,0.000000,1.820768e-12,up,1.0000
VCAM1,50,1.805145,0.000000,0.000000,8.857101e-08,up,1.0000
VCL,0,0,0,0,1.0,none,0.0
VEPH1,49,-1.044092,0.000000,0.000000,5.644365e-05,down,1.0000
VGLL3,50,-0.859212,0.000000,0.000000,2.315804e-37,down,1.0000
VILL,50,0.595321,0.000000,0.000000,1.200347e-03,up,1.0000
VIPAS39,50,0.166407,0.000000,0.000000,6.187796e-01,up,1.0000
VIPR1,50,-1.872388,0.000000,0.000000,5.074205e-04,down,1.0000
VLDLR,50,0.516256,0.000000,0.000000,1.952308e-06,up,1.0000
VMA12,50,-0.218911,0.000000,0.000000,1.811289e-02,down,1.0000
VNN1,0,0,0,0,1.0,none,0.0
VNN2,50,-1.294687,0.000000,0.000000,2.518666e-04,down,1.0000
VOPP1,0,0,0,0,1.0,none,0.0
VPS13A,50,0.266980,0.000000,0.000000,1.860744e-01,up,1.0000
VPS26C,50,-0.360114,0.000000,0.000000,1.233057e-06,down,1.0000
VSIG1,50,1.485392,0.000000,0.000000,1.294769e-07,up,1.0000
VSIG10,50,-0.837124,0.000000,0.000000,8.022313e-05,down,1.0000
VSNL1,46,0.930516,0.000000,0.000000,1.643426e-53,up,1.0000
VSTM2L,48,0.606829,0.000000,0.000000,7.760649e-04,up,1.0000
VTCN1,50,1.269324,0.000000,0.000000,2.101261e-06,up,1.0000
VWA1,0,0,0,0,1.0,none,0.0
VWA5A,50,0.718893,0.000000,0.000000,7.928621e-45,up,1.0000
VWDE,50,0.359154,0.000000,0.000000,3.179226e-02,up,1.0000
WASF3,50,-0.726535,0.000000,0.000000,9.945880e-04,down,1.0000
WBP1L,0,0,0,0,1.0,none,0.0
WDR27,49,0.234242,0.000000,0.000000,4.127172e-08,up,1.0000
WDR35,50,0.435213,0.000000,0.000000,8.168074e-08,up,1.0000
WDR49,49,1.095548,0.000000,0.000000,4.727013e-02,up,1.0000
WDR5B,50,0.288988,0.000000,0.000000,8.917432e-06,up,1.0000
WEE1,50,0.473151,0.000000,0.000000,3.187513e-03,up,1.0000
WFDC12,50,-0.496220,0.000000,0.000000,1.805963e-03,down,1.0000
WFDC2,50,0.647560,0.000000,0.000000,1.100613e-10,up,1.0000
WLS,46,0.443693,0.000000,0.000000,6.938483e-10,up,1.0000
WNT10A,0,0,0,0,1.0,none,0.0
WNT5A,50,0.523723,0.000000,0.000000,2.629941e-18,up,1.0000
WNT7A,50,-0.274013,0.000000,0.000000,1.658512e-05,down,1.0000
WWC2,50,-0.825959,0.000000,0.000000,1.631843e-08,down,1.0000
WWC3,48,-0.477420,0.000000,0.000000,5.327020e-02,down,1.0000
XAF1,49,0.468539,0.000000,0.000000,5.175206e-02,up,1.0000
XBP1,50,0.292330,0.000000,0.000000,7.711756e-02,up,1.0000
XG,50,0.298927,0.000000,0.000000,5.190974e-10,up,1.0000
XYLT1,50,-0.528083,0.000000,0.000000,2.259169e-02,down,1.0000
YBX3,50,-0.306353,0.000000,0.000000,1.679033e-02,down,1.0000
YIPF2,0,0,0,0,1.0,none,0.0
ZBED11,48,0.036895,0.000000,0.000000,7.965463e-01,up,1.0000
ZBED2,48,-0.656704,0.000000,0.000000,1.908876e-01,down,1.0000
ZBED8,50,0.639680,0.000000,0.000000,1.395228e-02,up,1.0000
ZBP1,50,0.358482,0.000000,0.000000,1.717265e-01,up,1.0000
ZBTB16,50,-1.861894,0.000000,0.000000,8.372389e-05,down,1.0000
ZBTB7C,0,0,0,0,1.0,none,0.0
ZC3H12C,0,0,0,0,1.0,none,0.0
ZDHHC13,45,0.667777,0.000000,0.000000,7.436038e-32,up,1.0000
ZFHX2,0,0,0,0,1.0,none,0.0
ZFP3,50,0.312810,0.000000,0.000000,5.447340e-02,up,1.0000
ZFP36,50,-0.482277,0.000000,0.000000,1.882103e-01,down,1.0000
ZFP82,50,0.360531,0.000000,0.000000,6.215679e-03,up,1.0000
ZKSCAN1,50,0.303637,0.000000,0.000000,1.364576e-01,up,1.0000
ZKSCAN7,0,0,0,0,1.0,none,0.0
ZMAT3,50,1.133733,0.000000,0.000000,1.289907e-03,up,1.0000
ZMIZ2,0,0,0,0,1.0,none,0.0
ZNF106,0,0,0,0,1.0,none,0.0
ZNF107,50,0.177336,0.000000,0.000000,6.836337e-02,up,1.0000
ZNF154,50,0.370455,0.000000,0.000000,1.397847e-02,up,1.0000
ZNF17,48,0.243392,0.000000,0.000000,2.260761e-09,up,1.0000
ZNF184,49,0.311216,0.000000,0.000000,1.929984e-17,up,1.0000
ZNF211,50,0.253753,0.000000,0.000000,1.132998e-03,up,1.0000
ZNF248,50,0.351612,0.000000,0.000000,1.188942e-02,up,1.0000
ZNF260,50,0.740279,0.000000,0.000000,4.622864e-04,up,1.0000
ZNF284,50,0.230048,0.000000,0.000000,1.937180e-02,up,1.0000
ZNF300,50,0.248231,0.000000,0.000000,3.389860e-03,up,1.0000
ZNF302,50,0.352433,0.000000,0.000000,8.794342e-02,up,1.0000
ZNF322,50,0.237195,0.000000,0.000000,1.961699e-02,up,1.0000
ZNF331,0,0,0,0,1.0,none,0.0
ZNF366,50,-0.580240,0.000000,0.000000,2.163910e-03,down,1.0000
ZNF382,50,0.286611,0.000000,0.000000,8.758789e-04,up,1.0000
ZNF385B,50,-1.508385,0.000000,0.000000,3.272154e-09,down,1.0000
ZNF423,0,0,0,0,1.0,none,0.0
ZNF428,50,0.323990,0.000000,0.000000,2.044911e-04,up,1.0000
ZNF43,50,0.345973,0.000000,0.000000,7.193966e-03,up,1.0000
ZNF436,50,0.740751,0.000000,0.000000,3.381864e-11,up,1.0000
ZNF438,0,0,0,0,1.0,none,0.0
ZNF462,50,0.298851,0.000000,0.000000,6.634303e-03,up,1.0000
ZNF484,48,0.132667,0.000000,0.000000,6.672911e-02,up,1.0000
ZNF512,50,0.225673,0.000000,0.000000,1.771028e-01,up,1.0000
ZNF514,50,0.333352,0.000000,0.000000,8.741102e-02,up,1.0000
ZNF518A,48,0.418976,0.000000,0.000000,8.241091e-02,up,1.0000
ZNF521,50,1.114593,0.000000,0.000000,1.539586e-30,up,1.0000
ZNF546,50,0.141623,0.000000,0.000000,1.766809e-01,up,1.0000
ZNF550,50,0.230262,0.000000,0.000000,4.563805e-09,up,1.0000
ZNF564,48,0.243135,0.000000,0.000000,1.118746e-02,up,1.0000
ZNF573,50,0.451658,0.000000,0.000000,1.363331e-01,up,1.0000
ZNF594,48,0.385606,0.000000,0.000000,3.510189e-03,up,1.0000
ZNF607,50,0.343276,0.000000,0.000000,5.541162e-02,up,1.0000
ZNF622,0,0,0,0,1.0,none,0.0
ZNF667,46,0.230410,0.000000,0.000000,1.438261e-02,up,1.0000
ZNF675,49,0.133965,0.000000,0.000000,2.367584e-02,up,1.0000
ZNF711,50,0.681179,0.000000,0.000000,3.848400e-03,up,1.0000
ZNF713,50,0.238049,0.000000,0.000000,1.972977e-01,up,1.0000
ZNF717,0,0,0,0,1.0,none,0.0
ZNF780B,50,0.418225,0.000000,0.000000,6.520043e-03,up,1.0000
ZNF786,50,0.178162,0.000000,0.000000,8.928279e-07,up,1.0000
ZNF792,50,-0.235928,0.000000,0.000000,1.483244e-08,down,1.0000
ZNF831,50,0.355148,0.000000,0.000000,2.686595e-01,up,1.0000
ZNF84,47,0.317804,0.000000,0.000000,4.563479e-03,up,1.0000
ZNF853,47,0.377392,0.000000,0.000000,1.614349e-07,up,1.0000
ZNF875,50,0.273247,0.000000,0.000000,4.273302e-02,up,1.0000
ZNF91,50,0.369720,0.000000,0.000000,1.376396e-01,up,1.0000
ZNF93,50,0.268911,0.000000,0.000000,3.251110e-13,up,1.0000
ZNHIT6,48,0.269435,0.000000,0.000000,2.554071e-12,up,1.0000
ZRANB2,50,0.265233,0.000000,0.000000,3.482903e-02,up,1.0000
ZSCAN26,50,0.289637,0.000000,0.000000,3.285359e-02,up,1.0000
