gene,avg_log2fc,neg_log10_min_p,n_sig_datasets,direction_consistency,tier_score
AAMDC,0.6195619987432466,0.4296244815741749,0.0,1.0,0.0
AARS1,0.42578036055008767,0.32126579353517365,0.0,0.33333333333333326,0.0
AASDHPPT,0.5681115876915281,0.26687826209095167,0.0,0.33333333333333326,0.0
ABCA1,0.7837993848722471,0.42034944949097874,1.0,1.0,0.0
ABCA5,0.39182787017239007,0.17419078432820642,0.0,0.33333333333333326,0.0
ABCC8,0.4019466574305045,0.020449626363432664,0.0,0.33333333333333326,0.0
ABCF2,0.4558496022960628,0.13731187184258997,0.0,0.33333333333333326,0.0
ABCG4,0.3714539971762852,0.47339921424934267,0.0,0.33333333333333326,0.0
ABHD10,0.3962902545794829,0.1701966262918289,0.0,0.33333333333333326,0.0
ABHD14A,0.3777759982269211,0.45424016938039635,0.0,0.33333333333333326,0.0
ABI3BP,0.5774736535864825,0.05583422211212688,0.0,1.0,0.0
ABLIM2,0.3950526583058414,0.0725858718070284,0.0,0.33333333333333326,0.0
ABT1,0.5083911734434355,0.1343910234880226,0.0,0.0,0.0
ABTB1,0.425716247413343,0.07847722910695194,0.0,0.33333333333333326,0.0
ACAA2,0.5917365926403033,0.15431531204270518,0.0,1.0,0.0
ACADM,0.6018880786023985,0.048023285754446116,0.0,0.33333333333333326,0.0
ACBD6,0.5409059565111338,0.2793505386941748,0.0,0.33333333333333326,0.0
ACKR3,0.7674775222866078,0.23613872982910938,0.0,1.0,0.0
ACLY,0.42748793489951825,0.2324418197772724,0.0,0.33333333333333326,0.0
ACOT7,0.38993317189823673,0.1439587787322216,0.0,0.33333333333333326,0.0
ACOX2,0.599062622890168,0.19796469381818665,0.0,1.0,0.0
ACOX3,0.5994934345564832,0.09710144675227841,0.0,0.33333333333333326,0.0
ACTA2,0.6599583061843177,0.054134299873770206,0.0,0.33333333333333326,0.0
ACTL6A,0.6893395750140595,0.19686495751827898,1.0,1.0,0.0
ACTL6B,0.35466366743641975,0.47786473895036424,0.0,0.33333333333333326,0.0
ACTR1B,0.3442007088953129,0.7758442826645894,0.0,0.33333333333333326,0.0
ACTR6,0.3955191862078122,0.4251661289771087,0.0,0.33333333333333326,0.0
ADA,0.7089737498627706,0.10533638736559779,1.0,1.0,0.0
ADAMTS9,0.8448305462742539,0.3580532420837625,0.0,1.0,0.0
ADAMTSL3,0.6087988435742249,0.14073294337559522,0.0,1.0,0.0
ADAP2,0.7223011382273339,0.5000829643225287,1.0,1.0,0.0
ADCY1,0.5301895342613653,0.29204173079334966,1.0,0.33333333333333326,0.0
ADCY7,0.5737133309609507,0.09331472791787766,0.0,1.0,0.0
ADD1,0.6246920026720286,0.24219484285537854,0.0,0.33333333333333326,0.0
ADGRG1,0.6708777255154686,0.14527865297615986,0.0,1.0,0.0
ADPRH,0.5763949476419536,0.18656648611560314,0.0,1.0,0.0
ADSS2,0.3732664330611838,0.3982884701063746,0.0,0.33333333333333326,0.0
AEBP1,0.7123482554728809,0.30537316342221504,1.0,1.0,0.0
AEN,0.5987644854057819,0.16409963777301154,0.0,1.0,0.0
AFG3L2,0.4058471184931895,0.523579109638499,0.0,0.33333333333333326,0.0
AFTPH,0.4074024397299317,0.09786710228513636,0.0,0.33333333333333326,0.0
AGGF1,0.424747937532174,0.1412444722439539,0.0,0.33333333333333326,0.0
AGK,0.41264534470082703,0.2741371127879582,0.0,0.33333333333333326,0.0
AIFM1,0.4629685038695731,0.154453124259534,0.0,0.33333333333333326,0.0
AIG1,0.48114958784504547,0.12094143099519397,0.0,0.33333333333333326,0.0
AK2,0.5626921658187706,0.07603754458010704,0.0,1.0,0.0
AK4,0.5754749453116578,0.17722810649961585,0.0,1.0,0.0
AKAP1,0.4576476069270505,0.03649768769590583,0.0,0.33333333333333326,0.0
AKAP11,0.41257207887275266,0.17085297093868346,0.0,0.33333333333333326,0.0
AKIP1,0.6290484697919102,0.3575438075436102,0.0,0.33333333333333326,0.0
AKNA,0.5926200898382884,0.12282057182392736,0.0,1.0,0.0
AKR1B1,0.43838190889125,0.0950284392587933,0.0,0.33333333333333326,0.0
AKR1C2,0.398929114308066,0.09922903640539397,0.0,0.33333333333333326,0.0
ALDH1A2,0.6462602618949674,0.07744119389532156,1.0,0.33333333333333326,0.0
ALDOC,0.40014508113194003,0.4157086169329547,0.0,0.33333333333333326,0.0
ALG5,0.5757827069593309,0.3062162315529137,0.0,0.33333333333333326,0.0
ALPK1,0.7667995828430221,0.28547730764908125,0.0,1.0,0.0
AMMECR1L,0.6860038699257124,0.17222568579376016,0.0,1.0,0.0
AMPH,0.3341861018772737,0.11201552730618622,0.0,0.33333333333333326,0.0
AMY2B,0.4103387892384942,0.2190995160241794,0.0,0.33333333333333326,0.0
AMZ2,0.6607819468151058,0.1618762720164475,0.0,0.33333333333333326,0.0
ANAPC5,0.4053762150836718,0.29249679234866804,0.0,0.33333333333333326,0.0
ANGPT2,0.7611434159465325,0.10050781428408162,0.0,1.0,0.0
ANGPTL4,0.7502269502592682,0.08672284321957129,0.0,1.0,0.0
ANK3,0.42414055106626847,0.3093525763169404,0.0,0.33333333333333326,0.0
ANKFN1,0.6446016260457579,0.09112385535810498,0.0,1.0,0.0
ANKFY1,0.5400090726907557,0.0325050084547612,0.0,1.0,0.0
ANKMY2,0.3773538513472958,0.39525636745215087,0.0,0.33333333333333326,0.0
ANKRD29,0.37558535132522736,0.2301020464644149,0.0,0.33333333333333326,0.0
ANKRD34A,0.5912548354649105,0.009866511960467351,0.0,0.0,0.0
ANKRD37,0.7363947620747565,0.20250215271032984,0.0,1.0,0.0
ANO6,0.6829599270688015,0.2676431057152944,1.0,1.0,0.0
ANP32B,0.7293097941597085,0.08810475334069645,0.0,1.0,0.0
ANTXR1,0.7122464455806774,0.18419800985554835,0.0,1.0,0.0
ANXA2,0.7453407792671226,0.16232840731071402,0.0,1.0,0.0
ANXA5,0.6371617948112156,0.20387688138264795,0.0,1.0,0.0
ANXA6,0.337011024094455,0.3778678751181524,0.0,0.33333333333333326,0.0
ANXA7,0.5498732870906081,0.2838877227985408,1.0,0.33333333333333326,0.0
AP3M1,0.5409031111947119,0.047298323096183786,0.0,1.0,0.0
AP3M2,0.5885024296890972,0.3218554543033746,0.0,0.33333333333333326,0.0
APBA2,0.42102564446028246,0.5455433221233483,0.0,0.33333333333333326,0.0
APBB1IP,0.7046820436354255,0.8388060026904605,1.0,1.0,0.0
APEX1,0.44171049400195883,0.0888483892451895,0.0,0.33333333333333326,0.0
APIP,0.5225158773538578,0.027232148551126285,0.0,0.33333333333333326,0.0
APOC1,0.7486777810621031,0.25624649899871615,0.0,1.0,0.0
APOE,0.7222666038328429,0.1692594786384189,1.0,1.0,0.0
APP,0.3770452997448205,0.22762971447311475,0.0,0.33333333333333326,0.0
ARAF,0.6400336307421476,0.206630557669905,0.0,1.0,0.0
ARAP1,0.5692169482576555,0.06630450621815247,0.0,1.0,0.0
ARFGAP2,0.5935376750219485,0.07953384866163077,0.0,0.33333333333333326,0.0
ARFIP2,0.5648381312448398,0.3382807460894004,0.0,0.33333333333333326,0.0
ARHGAP26,0.40819995328918685,0.3471773648560906,0.0,0.33333333333333326,0.0
ARHGAP27,0.6804250251885299,0.02364019326600525,0.0,1.0,0.0
ARHGAP30,0.7856010858218226,0.3186992312956099,0.0,1.0,0.0
ARHGAP4,0.6302077981735069,0.04022712765671085,0.0,0.33333333333333326,0.0
ARHGAP45,0.6657168726154975,0.34067608978149955,0.0,1.0,0.0
ARHGDIB,0.7721214985594608,0.04324177054552711,0.0,1.0,0.0
ARHGEF3,0.6620254744950156,0.06857973608776556,0.0,0.33333333333333326,0.0
ARID3A,0.7337061952696545,0.0783309652137979,0.0,1.0,0.0
ARID4B,0.7083833416000768,0.11308317109118345,0.0,1.0,0.0
ARL1,0.4118006638802838,0.12342870932288706,0.0,0.33333333333333326,0.0
ARL3,0.42905964987855943,0.21468132376183674,0.0,0.33333333333333326,0.0
ARL8B,0.6021710326764188,0.06820955238456952,0.0,0.33333333333333326,0.0
ARMC8,0.4024013455211174,0.19010202968490092,0.0,0.33333333333333326,0.0
ARMCX3,0.40663605330234687,0.12336240810147349,0.0,0.33333333333333326,0.0
ARMCX5,0.4983309041845226,0.5449433689715912,1.0,0.33333333333333326,0.0
ARNT,0.5093291849020865,0.08663266855002541,0.0,0.0,0.0
ARRDC4,0.6844697536436806,0.4185310256604767,0.0,1.0,0.0
ARSG,0.3994145253751258,0.39194778253060547,0.0,1.0,0.0
ASAP3,0.5998633954510835,0.1631312797941628,0.0,1.0,0.0
ASB13,0.3401629335851487,0.4431219181061059,0.0,0.33333333333333326,0.0
ASB8,0.552710808871992,0.5896539633548749,0.0,0.33333333333333326,0.0
ASCC2,0.5890800158407111,0.11666891992606251,0.0,1.0,0.0
ASH2L,0.3899617513019343,0.5505190018659337,0.0,0.33333333333333326,0.0
ASNS,0.43030346238396083,0.037292580616985864,0.0,0.33333333333333326,0.0
ASXL2,0.5508861356784998,0.24758766709174468,0.0,1.0,0.0
ATAD1,0.4075586974513869,0.15542945986289464,0.0,0.33333333333333326,0.0
ATF5,0.6024613350211803,0.20024438606649125,0.0,1.0,0.0
ATF7IP2,0.7548067852027889,0.16949261016107928,0.0,1.0,0.0
ATG16L1,0.4221267212018847,0.37909467724813617,0.0,0.33333333333333326,0.0
ATIC,0.6589108693374375,0.03359258825966355,0.0,0.33333333333333326,0.0
ATP1A1,0.3085073849570327,0.3996907934771425,0.0,0.33333333333333326,0.0
ATP2B1,0.5451794154094809,0.25559454279232824,0.0,0.33333333333333326,0.0
ATP2B2,0.34611704063770876,0.3798317515536256,0.0,0.33333333333333326,0.0
ATP2B3,0.3971513812167315,0.2677511482236835,0.0,0.33333333333333326,0.0
ATP5F1A,0.5497006570800473,0.4607633731346484,1.0,0.33333333333333326,0.0
ATP5F1B,0.37550925846073596,0.35760090520918564,0.0,0.33333333333333326,0.0
ATP5MC1,0.4073935017794117,0.4016425628947454,0.0,0.33333333333333326,0.0
ATP5PD,0.4148352975667777,0.1531608538348378,0.0,0.33333333333333326,0.0
ATP5PF,0.6390423801514842,0.022626202040470302,0.0,0.33333333333333326,0.0
ATP5PO,0.6134277282478579,0.15294769166350666,0.0,0.33333333333333326,0.0
ATP6AP1,0.4090609054386051,0.3452414267795741,0.0,0.33333333333333326,0.0
ATP6AP2,0.580424336642646,0.21969675270563038,0.0,0.33333333333333326,0.0
ATP6V0D1,0.4008402843645164,0.16983689875330793,0.0,0.33333333333333326,0.0
ATP6V0E1,0.7022989861905379,0.14684152334530057,0.0,1.0,0.0
ATP6V1A,0.3186671953350038,0.23917735536441184,0.0,0.33333333333333326,0.0
ATP6V1B2,0.5465105561453321,0.19228615798677412,1.0,0.33333333333333326,0.0
ATP6V1C1,0.3532963106368915,0.2960340625387793,0.0,0.33333333333333326,0.0
ATP6V1D,0.6050485578314077,0.23338773023542206,0.0,0.33333333333333326,0.0
ATP6V1E1,0.3549388337197166,0.42393493903908447,0.0,0.33333333333333326,0.0
ATPAF1,0.562831054929617,0.2793184589903507,1.0,0.33333333333333326,0.0
ATRNL1,0.2972757888882653,0.3837229975459261,0.0,1.0,0.0
ATXN7,0.5576618637543941,0.4176988436755893,0.0,1.0,0.0
ATXN7L1,0.5675902981120081,0.08572945461392853,0.0,1.0,0.0
AUH,0.3835821328712462,0.41313919264735227,0.0,1.0,0.0
AVIL,0.5449468931763536,0.0572976178860822,0.0,1.0,0.0
AVPI1,0.36381056765319664,0.4849514838963294,0.0,0.33333333333333326,0.0
AZIN1,0.654266129410952,0.06105420881708855,0.0,0.33333333333333326,0.0
B2M,0.7513050427959602,0.2159399073493389,0.0,1.0,0.0
B3GALNT1,0.6163850445507892,0.0711675352093485,0.0,0.33333333333333326,0.0
B3GNT5,0.6525989349691756,0.39812747661650033,0.0,1.0,0.0
B4GALT1,0.6767940588906245,0.1591741267484861,0.0,1.0,0.0
B4GALT6,0.33619619047742755,0.3435318270111478,0.0,0.33333333333333326,0.0
BAALC,0.7223552024991566,0.19931463994883306,0.0,1.0,0.0
BAG3,0.9310232246110515,0.3658488543389723,1.0,1.0,0.0
BAHD1,0.5895472028981991,0.2621570599498169,0.0,1.0,0.0
BANF1,0.5550101760057571,0.18822521166435535,0.0,1.0,0.0
BAX,0.5874928680392709,0.11349369234469474,0.0,1.0,0.0
BAZ2A,0.6271655872641234,0.04850222932116731,0.0,1.0,0.0
BBS7,0.3828884996175425,0.18552766214118066,0.0,0.33333333333333326,0.0
BCAR3,0.6714040819474351,0.03231793990574769,0.0,1.0,0.0
BEND6,0.3597556057290142,0.3232000661177901,0.0,0.33333333333333326,0.0
BEX1,0.5820889807655103,0.20400766186298594,0.0,0.33333333333333326,0.0
BEX2,0.6126569398854276,0.20815833812380372,0.0,0.33333333333333326,0.0
BEX3,0.5634425219230869,0.6082439619243086,0.0,0.33333333333333326,0.0
BEX5,0.29219334733507807,0.29967243315159614,0.0,0.33333333333333326,0.0
BIN2,0.6745186347427634,0.40197666744132593,0.0,1.0,0.0
BIN3,0.6691073833703414,0.2056346965401217,0.0,0.33333333333333326,0.0
BIRC3,0.7520872392108205,0.21439507352895623,0.0,1.0,0.0
BLMH,0.5530184690169675,0.21294970064499044,0.0,0.33333333333333326,0.0
BLVRA,0.511842055133512,0.4566569627049787,1.0,0.33333333333333326,0.0
BMERB1,0.3829575695083246,0.27531854646083687,0.0,0.33333333333333326,0.0
BMP7,0.6285624616008617,0.42052390326392264,0.0,1.0,0.0
BMPR1A,0.5906981269723246,0.030508923257590765,0.0,1.0,0.0
BNIP2,0.5510389837022505,0.06616258252205875,0.0,1.0,0.0
BNIP3,0.6866733018336428,0.056241734750237166,0.0,0.33333333333333326,0.0
BOLA3,0.42588283894718276,0.07612650868554835,0.0,0.33333333333333326,0.0
BRI3BP,0.4774281052405807,0.09194909048300365,0.0,0.33333333333333326,0.0
BRWD1,0.6585606411175854,0.07867065184042153,0.0,0.33333333333333326,0.0
BST2,0.7365790976226018,0.4217067686191705,1.0,1.0,0.0
BTG3,0.6608201545950709,0.661943472711903,0.0,1.0,0.0
BUD31,0.6793932861124412,0.05496684964948996,0.0,1.0,0.0
C10orf88,0.42572010640358054,0.2735254534277486,0.0,0.33333333333333326,0.0
C14orf119,0.5339765322812781,0.03639631287540513,1.0,0.33333333333333326,0.0
C1QA,0.7524663068703702,0.16345578015910425,0.0,1.0,0.0
C1QB,0.8430732689546983,0.2752861600490026,1.0,1.0,0.0
C1QC,0.8161700834041068,0.36820681448337367,0.0,1.0,0.0
C1QL1,0.6309819346472298,0.144240707607462,0.0,1.0,0.0
C1QTNF1,0.7227128900978963,0.08352749741568254,0.0,1.0,0.0
C1orf115,0.6038691963949481,0.1306686558908812,0.0,0.33333333333333326,0.0
C1orf74,0.39103706626478646,0.12995803319306398,0.0,0.33333333333333326,0.0
C2CD5,0.38938099392650233,0.3240309478687212,0.0,0.33333333333333326,0.0
C3orf62,0.6073168181689689,0.2531130467012621,0.0,1.0,0.0
C3orf70,0.5734340547954626,0.2564517337322821,0.0,1.0,0.0
C6orf120,0.42471060559264096,0.06291464541504002,0.0,0.33333333333333326,0.0
C6orf136,0.6196437675919967,0.8939163019390073,0.0,0.33333333333333326,0.0
C9orf78,0.6286049441775506,0.16498695818453002,0.0,0.33333333333333326,0.0
CACHD1,0.6957620451430643,0.3001773366304848,1.0,1.0,0.0
CACNG2,0.3939614152800659,0.17707356641625668,0.0,0.33333333333333326,0.0
CADM1,0.7221131859654562,0.03734769397897201,0.0,1.0,0.0
CADPS,0.35456734299803594,0.3052926897043543,0.0,0.33333333333333326,0.0
CADPS2,0.22719080645630163,0.40727235016870444,0.0,0.33333333333333326,0.0
CALM2,0.6243515657606954,0.3545441500841173,0.0,0.33333333333333326,0.0
CALML4,0.5805075848108296,0.06608147026621577,0.0,0.33333333333333326,0.0
CALR,0.5979280934861697,0.7483038940219477,0.0,1.0,0.0
CALU,0.560097707012893,0.42715499704054966,0.0,1.0,0.0
CAMK1G,0.3594035024774516,0.4471699843439789,0.0,0.33333333333333326,0.0
CAMK2G,0.5246427548924116,0.5328001483961464,0.0,0.33333333333333326,0.0
CAMSAP2,0.6437233407301921,0.04064255769271647,0.0,0.33333333333333326,0.0
CAMTA1,0.374760779063293,0.3974192084647026,0.0,0.33333333333333326,0.0
CAND2,0.4335351900614048,0.011144056963094867,0.0,0.33333333333333326,0.0
CAP2,0.5693064088717914,0.214011351944626,0.0,0.33333333333333326,0.0
CAPG,0.6896630058936059,0.21484236512657218,0.0,1.0,0.0
CAPZB,0.5772412907926139,0.19516537080901553,0.0,0.33333333333333326,0.0
CARD8,0.6750789278376649,0.1774265159415945,0.0,1.0,0.0
CARD9,0.7643112584041082,0.39102432580677426,0.0,1.0,0.0
CARHSP1,0.6289162451686701,0.26381674086211143,0.0,1.0,0.0
CBARP,0.6250894474009551,0.20765621617128938,0.0,1.0,0.0
CBFB,0.6422127956996496,0.3662820898794444,0.0,1.0,0.0
CBL,0.5478073794495664,0.1403622510953019,0.0,1.0,0.0
CBLN2,0.26464135226089747,0.26655512954724625,0.0,0.33333333333333326,0.0
CBLN4,0.29075353614882005,0.1029280637495277,0.0,0.33333333333333326,0.0
CBX5,0.4862987541345567,0.10601560095802023,0.0,0.33333333333333326,0.0
CBX7,0.41974746174726385,0.17080270797437935,0.0,0.33333333333333326,0.0
CCAR2,0.6022426183073412,0.044833164132618286,0.0,0.33333333333333326,0.0
CCDC120,0.6583868393946515,0.03406444833275555,0.0,1.0,0.0
CCDC121,0.6276577894546764,0.16118494021026814,0.0,1.0,0.0
CCDC167,0.5666870599449457,0.13129859607055244,0.0,1.0,0.0
CCDC18,0.7062373698183015,0.3157785522669079,0.0,1.0,0.0
CCDC184,0.3327319145520511,0.8130961869275907,0.0,0.33333333333333326,0.0
CCDC25,0.3837907959946313,0.7089858380638404,0.0,0.33333333333333326,0.0
CCDC50,0.7033710401206613,0.67815728742821,0.0,1.0,0.0
CCDC51,0.404455750178674,0.5366017462542202,0.0,0.33333333333333326,0.0
CCDC77,0.70979345810495,0.06126341009041264,0.0,1.0,0.0
CCDC90B,0.5484440985245275,0.09560053716640353,0.0,1.0,0.0
CCK,0.30038028807089073,0.0702781029208734,0.0,0.33333333333333326,0.0
CCL20,0.6524959472751755,0.2238570153872354,0.0,1.0,0.0
CCN1,0.895885212794671,0.20494317956007352,0.0,1.0,0.0
CCNB1IP1,0.43557844624721725,0.14464064089307302,0.0,0.33333333333333326,0.0
CCNE1,0.43361215325359936,0.2943848966917752,0.0,0.33333333333333326,0.0
CCNI,0.6181989382531423,0.13030601155990346,1.0,0.33333333333333326,0.0
CD14,0.816668300818293,0.39294793603397865,1.0,1.0,0.0
CD151,0.6197215055183759,0.20615588845854518,0.0,1.0,0.0
CD44,1.0,0.1082594796481753,0.0,1.0,0.0
CD63,0.6135352963095574,0.16302608132692603,1.0,1.0,0.0
CD68,0.6818815067392396,0.10126554649975043,0.0,1.0,0.0
CD79B,0.6715454624181441,0.08353103410015918,0.0,1.0,0.0
CD84,0.7087307999281275,0.6748938206665513,0.0,1.0,0.0
CD93,0.9181151338750365,0.13867199223428225,0.0,1.0,0.0
CD99,0.6553800633254312,0.22926170498032034,1.0,1.0,0.0
CDAN1,0.6592554903156034,0.02881179055507191,0.0,1.0,0.0
CDC123,0.4160200367144907,0.12413462045467337,0.0,0.33333333333333326,0.0
CDC14A,0.7368732687111674,0.3528734785661413,0.0,1.0,0.0
CDC27,0.4789306569380057,0.1536228712819151,0.0,0.0,0.0
CDC42,0.47328887959823845,0.06187339853932613,0.0,0.33333333333333326,0.0
CDC42EP4,0.7260233305350999,1.6554155533485e-05,0.0,1.0,0.0
CDC42SE2,0.6302059961309792,0.19122125715003283,0.0,0.33333333333333326,0.0
CDC7,0.41505681848501885,0.1107891973896569,0.0,0.33333333333333326,0.0
CDCA5,0.358150790072579,0.4709649539248781,0.0,0.33333333333333326,0.0
CDH10,0.5647573480282573,0.12925354103578435,0.0,0.33333333333333326,0.0
CDH11,0.6993393228277534,0.036645763045338425,0.0,1.0,0.0
CDIP1,0.48774691097915,0.041742639129334416,0.0,0.33333333333333326,0.0
CDK14,0.32643456407594984,0.3102378923628408,0.0,0.33333333333333326,0.0
CDK2AP2,0.613728421796546,0.49448143184957083,0.0,1.0,0.0
CDK4,0.6787595693141868,0.13562542666972643,0.0,1.0,0.0
CDK5RAP2,0.7185143685988318,0.02191675496377414,0.0,1.0,0.0
CDKN1A,0.8641213546752475,0.21399853866765245,1.0,1.0,0.0
CDS1,0.38467190131331647,0.11626893210505848,0.0,0.33333333333333326,0.0
CEBPB,0.8207534002082456,0.20775421742729186,0.0,1.0,0.0
CEBPD,0.7597686705791388,0.23717391422736528,0.0,1.0,0.0
CELF3,0.6005919567321849,0.27846378304122943,0.0,1.0,0.0
CEMP1,0.5629436937588779,0.2114899980833324,0.0,1.0,0.0
CEND1,0.39910499925046933,0.3505538862713292,0.0,0.33333333333333326,0.0
CEP20,0.6023341479967732,0.18401259327332262,0.0,0.33333333333333326,0.0
CEP44,0.5973578677828882,0.018364813960169587,0.0,0.33333333333333326,0.0
CERS4,0.6054752923606295,0.025730203071426767,0.0,1.0,0.0
CERS6,0.6025688285950076,0.0130725212430565,0.0,0.33333333333333326,0.0
CES3,0.7327005282192938,0.10601476171006073,0.0,1.0,0.0
CFAP36,0.41895495199004806,0.1780410807264663,0.0,0.33333333333333326,0.0
CFAP418,0.5728506964872944,0.18337501436781875,0.0,0.33333333333333326,0.0
CHCHD2,0.6143030232710663,0.13202518552094533,0.0,0.33333333333333326,0.0
CHCHD4,0.41568867207158666,0.600152716283096,0.0,0.33333333333333326,0.0
CHCHD7,0.41362265869338277,0.25348681001676887,0.0,0.33333333333333326,0.0
CHIC2,0.5468824439972249,0.06185361581230443,0.0,1.0,0.0
CHN1,0.5388476773137246,0.28324035500322464,0.0,0.33333333333333326,0.0
CHRM1,0.3685427324462332,0.5206573618991459,0.0,0.33333333333333326,0.0
CHRNB1,0.5780176616655549,0.5793920658865317,0.0,1.0,0.0
CHST11,0.6170167143721857,0.49566988883156166,0.0,1.0,0.0
CHST3,0.6894841562848493,0.10301771367167406,0.0,1.0,0.0
CHST7,0.716156561995759,0.059251432563067176,0.0,1.0,0.0
CHSY1,0.6026093316227495,0.3190230001040082,0.0,1.0,0.0
CIAO1,0.6093187523558925,0.29167226585905603,0.0,0.33333333333333326,0.0
CIRBP,0.3786812183661393,0.2978975203337266,0.0,0.33333333333333326,0.0
CIRSR,0.4552183724495161,0.46608035375430173,0.0,0.33333333333333326,0.0
CISD1,0.3725123957682375,0.25976505219437823,0.0,0.33333333333333326,0.0
CITED2,0.39496665931260994,0.02464257750826625,0.0,0.33333333333333326,0.0
CKAP5,0.42558088385698206,0.35015109114139803,0.0,0.33333333333333326,0.0
CKB,0.4233144762699923,0.5873486386633937,0.0,0.33333333333333326,0.0
CKMT1A,0.33065201121148113,0.2012104318051694,0.0,0.33333333333333326,0.0
CKS2,0.7024505359473189,0.06148152375836144,0.0,1.0,0.0
CLDN15,0.5916540267847986,0.020997436667058188,0.0,1.0,0.0
CLIC1,0.7102322436870281,0.4303578279175288,0.0,1.0,0.0
CLIC4,0.7522905902693773,0.04586581307113387,0.0,1.0,0.0
CLIP4,0.43879291958670996,0.08279134306158996,0.0,0.33333333333333326,0.0
CLMP,0.43857989531255065,0.1284401059636728,1.0,0.33333333333333326,0.0
CLPX,0.4440306953108729,0.21527048118031886,0.0,0.33333333333333326,0.0
CLTC,0.39058709752366677,0.1356768673185193,0.0,0.33333333333333326,0.0
CMC1,0.4232960140384296,0.06094559696341957,0.0,0.33333333333333326,0.0
CMC2,0.6271053150225492,0.04492509956395264,0.0,0.33333333333333326,0.0
CNIH3,0.4128462586392302,0.019317922449232628,0.0,0.33333333333333326,0.0
CNKSR3,0.6842394174179639,0.02722634783105946,0.0,0.33333333333333326,0.0
CNN3,0.755108429028672,0.3337875290153988,1.0,1.0,0.0
CNOT3,0.5580142862235331,0.059905316904297595,0.0,0.33333333333333326,0.0
CNOT8,0.6053784065865525,0.1279531771686845,0.0,0.33333333333333326,0.0
CNST,0.5820413157294381,0.17793080204724823,0.0,0.33333333333333326,0.0
CNTN6,0.39080081436888525,0.1764062241276618,0.0,0.33333333333333326,0.0
CNTNAP1,0.3848848764796298,0.3703893029667471,0.0,0.33333333333333326,0.0
COA1,0.4409810847206941,0.1936484011461515,0.0,0.33333333333333326,0.0
COA5,0.629485517654665,0.17274867289647575,0.0,0.33333333333333326,0.0
COIL,0.44019401609886377,0.273487530704755,0.0,0.33333333333333326,0.0
COL27A1,0.7037747006389092,0.07215744065534423,0.0,1.0,0.0
COL4A1,0.8326901396320773,0.21277545157481492,0.0,1.0,0.0
COL4A4,0.7307219229790324,0.2878135999477183,0.0,1.0,0.0
COLGALT1,0.619244647662524,0.3364635557785118,0.0,1.0,0.0
COMMD3,0.6747586335340976,0.05663368815523841,0.0,0.33333333333333326,0.0
COMMD6,0.6863006252519003,0.05509356967974168,0.0,1.0,0.0
COPG1,0.37619537282936405,0.5045716697689232,0.0,0.33333333333333326,0.0
COPS3,0.4114923801360594,0.12134879291452026,0.0,0.33333333333333326,0.0
COPS4,0.6010944694885113,0.12214885245573932,0.0,0.33333333333333326,0.0
COQ3,0.5100061566584659,0.3787989011999795,1.0,0.33333333333333326,0.0
COQ5,0.7087452557599764,0.06876909077408967,0.0,0.33333333333333326,0.0
COQ6,0.4348113484528976,0.42241409292300036,0.0,0.33333333333333326,0.0
CORO2A,0.32405643130482165,0.699674136604301,0.0,0.33333333333333326,0.0
COX5A,0.629402657650334,0.27646450788660665,0.0,0.33333333333333326,0.0
COX6B1,0.613881581649692,0.4502158223746835,0.0,0.33333333333333326,0.0
COX6C,0.5680159915186361,0.06546544750099023,0.0,0.33333333333333326,0.0
COX7A1,0.34883357428209705,0.5079242169787638,0.0,0.33333333333333326,0.0
COX7A2,0.6296133241561506,0.11800483700534099,0.0,0.33333333333333326,0.0
COX7B,0.6171566369384109,0.14712240048979178,0.0,0.33333333333333326,0.0
COX8A,0.4182886348619754,0.11332419418089897,0.0,0.33333333333333326,0.0
COXFA4,0.6744646864879008,0.2554304134627838,0.0,0.33333333333333326,0.0
CPEB1,0.43260089446953437,0.2814656918263532,0.0,0.33333333333333326,0.0
CPLX1,0.39237777518829126,0.6827757231168171,0.0,1.0,0.0
CPLX2,0.3544123267159446,0.4318985313478883,0.0,1.0,0.0
CPNE3,0.6639089378929185,0.4806985294367129,1.0,1.0,0.0
CPNE4,0.3567646706164783,0.18687192581997114,0.0,0.33333333333333326,0.0
CPQ,0.6284848563820286,0.03286321435093931,0.0,1.0,0.0
CREB3L2,0.7592342297202792,0.051394541649128225,0.0,1.0,0.0
CREG2,0.29671965224656627,0.10450443186775273,0.0,0.33333333333333326,0.0
CRELD2,0.5885489106752727,0.06459779549865836,0.0,1.0,0.0
CRIPT,0.7123664753864214,0.0655121599112341,0.0,0.33333333333333326,0.0
CRISPLD2,0.7074500393151727,0.05099634402723919,1.0,1.0,0.0
CRYAB,0.6976825943517824,0.09460521187497062,0.0,1.0,0.0
CRYM,0.24469780388388204,0.35946983892597195,0.0,0.33333333333333326,0.0
CS,0.4378702525972567,0.36799272285524615,0.0,0.33333333333333326,0.0
CSE1L,0.6163889905288513,0.13951539135309785,0.0,0.33333333333333326,0.0
CSF1R,0.7592989501492822,0.18497783276676602,0.0,1.0,0.0
CSRP2,0.6821950271249164,0.24503375654985599,1.0,1.0,0.0
CTHRC1,0.6295703229700734,0.09011120914456919,0.0,1.0,0.0
CTPS1,0.5715931638356175,0.2131232700441523,0.0,0.33333333333333326,0.0
CTSC,0.7892360656441423,0.5474451737490716,0.0,1.0,0.0
CTSH,0.6892204628672168,0.24685240781809129,1.0,1.0,0.0
CUBN,0.6163016094736732,0.1880665074458804,0.0,1.0,0.0
CUL1,0.4554667241570176,0.07073794808028545,0.0,0.33333333333333326,0.0
CUL2,0.5607762459915346,0.20943488765712903,1.0,0.33333333333333326,0.0
CUL3,0.41773551697420347,0.39347302169840787,0.0,0.33333333333333326,0.0
CUTA,0.6482422878054629,0.1821722105371042,0.0,0.33333333333333326,0.0
CWC15,0.4549465173898547,0.0013471397563990628,0.0,0.33333333333333326,0.0
CXCL16,0.7255629713366477,0.5752171151657555,0.0,1.0,0.0
CYBA,0.7392187029706452,0.34808100124750313,1.0,1.0,0.0
CYC1,0.4191700176579448,0.26700998494076794,0.0,0.33333333333333326,0.0
CYGB,0.4052488738763684,0.2079113664632014,0.0,0.33333333333333326,0.0
CYP2E1,0.38617907141688634,0.6861570650863795,0.0,0.33333333333333326,0.0
CYP4F11,0.6256046686915937,0.0207566336921071,0.0,1.0,0.0
CYP4X1,0.501089489332662,0.3132606383987776,1.0,0.33333333333333326,0.0
DAB2,0.7214302938132018,0.29676215963924363,0.0,1.0,0.0
DAPK1,0.6169542351263101,0.1326236652310843,0.0,0.33333333333333326,0.0
DBF4,0.4948552857522555,0.037435286822417,0.0,0.0,0.0
DBI,0.6329140385485891,0.20263637203099374,1.0,1.0,0.0
DBT,0.6025093697928011,0.3428599060678523,1.0,0.33333333333333326,0.0
DCAF12,0.6648939156806988,0.545439199653056,0.0,1.0,0.0
DCBLD2,0.6324588662646725,0.04294911889803145,0.0,0.33333333333333326,0.0
DCLK1,0.3674430263495836,0.008854048250498734,0.0,0.33333333333333326,0.0
DCTN1,0.44055356091210973,0.28010664901861926,0.0,1.0,0.0
DCTN2,0.5642709736531184,0.3094220416311107,1.0,0.33333333333333326,0.0
DCUN1D2,0.41788563130932077,0.39015202166434976,0.0,0.33333333333333326,0.0
DDAH2,0.6313925251896884,0.4412225611628456,0.0,1.0,0.0
DDB1,0.5581537270889624,0.18013778429717942,1.0,0.33333333333333326,0.0
DDIT3,0.5983711690675086,0.25791422694497335,0.0,1.0,0.0
DDIT4,0.6959022888177883,0.04896068506250227,1.0,1.0,0.0
DDX1,0.37810281367013804,0.29688226081891117,0.0,0.33333333333333326,0.0
DDX24,0.3756535166961835,0.4856755240504717,0.0,0.33333333333333326,0.0
DDX25,0.33497397809354074,0.4746596656844811,0.0,0.33333333333333326,0.0
DDX27,0.5703405695246224,0.23618519817578912,0.0,1.0,0.0
DENND2A,0.5972838224326642,0.28460852839976297,0.0,1.0,0.0
DENND2C,0.5962924397664989,0.01496991640148578,0.0,1.0,0.0
DENND5A,0.6995303988774476,0.06175252651298616,0.0,1.0,0.0
DENR,0.5789103347389911,0.06456625171833846,0.0,0.33333333333333326,0.0
DEPDC5,0.43579366577369844,0.42193007637375707,0.0,0.33333333333333326,0.0
DEPP1,0.7897206651860025,0.2178557624215441,0.0,1.0,0.0
DGAT2,0.6014783263237704,0.13940396765045696,0.0,1.0,0.0
DHPS,0.4562734210750768,0.14257353530002567,0.0,0.33333333333333326,0.0
DHRS3,0.7287988055482076,0.07153865873962338,0.0,1.0,0.0
DHRS7B,0.4504409057137322,0.029512963875176868,0.0,0.33333333333333326,0.0
DHX30,0.43321875278914734,0.25237128767400097,0.0,0.33333333333333326,0.0
DHX35,0.4194599623731356,0.7121618225194153,0.0,0.33333333333333326,0.0
DHX38,0.5074581589392942,0.0,0.0,0.33333333333333326,0.0
DIPK1B,0.43542013003205343,0.15560227222815118,0.0,0.33333333333333326,0.0
DIRAS1,0.3893647579924202,0.07261726034944338,0.0,0.33333333333333326,0.0
DIRAS2,0.4551225318801184,0.36754024210694763,1.0,0.33333333333333326,0.0
DKK3,0.5363175216272326,0.20816414684367787,1.0,0.33333333333333326,0.0
DLAT,0.39850228668545534,0.26640451600892634,0.0,0.33333333333333326,0.0
DLD,0.3995131021690916,0.19162922842285393,0.0,0.33333333333333326,0.0
DLL1,0.7352109531724775,0.014893135354521449,0.0,1.0,0.0
DLL4,0.6911195143360888,0.2047726081436646,0.0,1.0,0.0
DMXL1,0.42546516889075015,0.123342921970276,0.0,0.33333333333333326,0.0
DMXL2,0.3767615405844741,0.1886681819429259,0.0,0.33333333333333326,0.0
DNAAF2,0.4506720736579435,0.06768356541164894,0.0,0.33333333333333326,0.0
DNAJA1,0.7002865475333994,0.024118163333969614,0.0,1.0,0.0
DNAJA2,0.41132200771381555,0.17965438773084907,0.0,0.33333333333333326,0.0
DNAJA3,0.450634064475653,0.15610573954294618,0.0,0.33333333333333326,0.0
DNAJB1,0.812133603928737,0.30910403074399145,0.0,1.0,0.0
DNAJB11,0.7276857144952428,0.16586175171319595,0.0,1.0,0.0
DNAJB4,0.5897207627953658,0.09203619829724725,0.0,1.0,0.0
DNAJC18,0.3998273622792536,0.5064198402381093,0.0,0.33333333333333326,0.0
DNAJC27,0.4352809878145787,0.09675034403175718,0.0,0.33333333333333326,0.0
DNASE1L1,0.4137629223662662,0.05707250890243624,0.0,0.33333333333333326,0.0
DNM1,0.35622281398510053,0.21236274911371347,0.0,0.33333333333333326,0.0
DNM1L,0.3765444038385052,0.24542574187629948,0.0,0.33333333333333326,0.0
DOK1,0.637957843189649,0.2984876173804495,0.0,1.0,0.0
DOP1A,0.4088296667301779,0.26737490018627064,0.0,0.33333333333333326,0.0
DPP10,0.3415692430455762,0.40189435337492674,0.0,0.33333333333333326,0.0
DPP6,0.418714470241777,0.17301210221648486,0.0,0.33333333333333326,0.0
DPP8,0.38553128475652854,0.44011066838154106,0.0,0.33333333333333326,0.0
DPYSL3,0.7287513144736539,0.13145784971322458,1.0,1.0,0.0
DRG1,0.42505212771757805,0.1414826229211417,0.0,0.33333333333333326,0.0
DSE,0.6747979010242927,0.3865098099128935,1.0,1.0,0.0
DSP,0.6329745378480561,0.08584167919746619,0.0,1.0,0.0
DSTN,0.5732570063195547,0.1609838945696765,0.0,0.33333333333333326,0.0
DTD1,0.4019656943070512,0.23051511292688748,0.0,0.33333333333333326,0.0
DTNA,0.6397996778449526,0.4210297271081385,0.0,1.0,0.0
DTWD2,0.5680257794566796,0.31594379521521426,0.0,0.33333333333333326,0.0
DTX2,0.6671487246912008,0.3000238142628033,0.0,1.0,0.0
DUSP18,0.634715009034064,0.522523993369561,0.0,1.0,0.0
DUSP3,0.5847823770611568,0.025241778276345352,0.0,0.33333333333333326,0.0
DYNC1H1,0.43621809926799476,0.32130847884392755,0.0,0.33333333333333326,0.0
DYNC1I1,0.32979254684421316,0.4533488944555109,0.0,0.33333333333333326,0.0
DYNLRB1,0.4408665632633098,0.07471882308181776,0.0,0.33333333333333326,0.0
DYNLT1,0.6866888858028083,0.527916682039902,1.0,1.0,0.0
DYNLT5,0.32878849190759213,0.42868158125507383,0.0,0.33333333333333326,0.0
EBNA1BP2,0.5372879784912088,0.1309346786532114,1.0,0.33333333333333326,0.0
ECI2,0.7195488817378609,0.046105155455199213,0.0,1.0,0.0
EEF1D,0.574735194761451,0.06835632873657453,0.0,1.0,0.0
EFCAB14,0.6269684026230211,0.018640881678624818,1.0,1.0,0.0
EFR3A,0.540330998663687,0.27951319583437584,1.0,0.33333333333333326,0.0
EHD4,0.6921896141471158,0.32946152445466637,1.0,1.0,0.0
EID1,0.37969787351187,0.2231520007633604,0.0,0.33333333333333326,0.0
EID2B,0.5574910145619129,0.3848226343832471,1.0,0.33333333333333326,0.0
EIF2AK1,0.4398488146432559,0.18577899689587532,0.0,0.33333333333333326,0.0
EIF2S3,0.6083558188481427,0.059069961359709676,0.0,0.33333333333333326,0.0
EIF3K,0.4362690762796234,0.17132535387355022,0.0,0.33333333333333326,0.0
EIF3M,0.6204975522510816,0.11007014078598036,0.0,0.33333333333333326,0.0
EIF4A2,0.5296302850237127,0.29489673949828044,0.0,0.33333333333333326,0.0
EIF4B,0.5846170196982531,0.25684150060450583,0.0,0.33333333333333326,0.0
ELF1,0.6149284622911397,0.29970411274312525,0.0,1.0,0.0
ELMOD1,0.35176859385609305,0.12680711466168348,0.0,0.33333333333333326,0.0
ELOVL4,0.3679771141621234,0.25186079931827343,0.0,0.33333333333333326,0.0
ELP2,0.43616169853123926,0.2111606984190158,0.0,0.33333333333333326,0.0
ELP5,0.4484315080840657,0.19411299440320035,0.0,0.33333333333333326,0.0
EMC1,0.4392688111583849,0.2672543935558409,0.0,0.33333333333333326,0.0
EMC4,0.4250410126546625,0.07085410622340405,0.0,0.33333333333333326,0.0
EMILIN1,0.6859218440940186,0.0975199239721559,0.0,1.0,0.0
EMILIN2,0.6910443878128063,0.09003088016679762,0.0,1.0,0.0
EMP1,0.7855654479232781,0.31164860183757165,0.0,1.0,0.0
EMP3,0.6948916606894807,0.25936013426440174,0.0,1.0,0.0
EMX2,0.6627648225363848,0.007325359522294235,0.0,1.0,0.0
EN2,0.5869998232410034,0.037725903675394655,0.0,1.0,0.0
ENO2,0.4843920060411087,0.5270710972505227,1.0,0.33333333333333326,0.0
ENTPD6,0.42749502334917533,0.3624517016766721,0.0,0.33333333333333326,0.0
EPB41L2,0.5774923446612238,0.4403894684442308,0.0,1.0,0.0
EPB41L3,0.3822908791736849,0.4012102906404319,0.0,0.33333333333333326,0.0
EPC2,0.512461131185552,0.13132159622665518,0.0,0.33333333333333326,0.0
EPDR1,0.3117956161402993,0.3594291348803571,0.0,0.33333333333333326,0.0
EPHX1,0.654946181365129,0.1225121329690368,0.0,1.0,0.0
EPM2AIP1,0.3912853525707522,0.2392085867611569,0.0,0.33333333333333326,0.0
EPS15,0.5371148849448775,0.2435082700889324,1.0,0.33333333333333326,0.0
ERAP2,0.6818853513595772,0.14047939455787406,0.0,1.0,0.0
ERBB2,0.638042112959897,0.260700074370055,0.0,1.0,0.0
ERGIC1,0.5467232895479156,0.12287298874393497,0.0,1.0,0.0
ERICH1,0.7046279171469713,0.22753544319065264,0.0,0.33333333333333326,0.0
ERLEC1,0.5300814243676139,0.257803617677637,1.0,0.33333333333333326,0.0
ERMARD,0.44433347260798944,0.04208385472364775,0.0,0.33333333333333326,0.0
ERRFI1,0.6624308755001127,0.020402861453289057,0.0,0.33333333333333326,0.0
ESRRG,0.33512030332005494,0.2122726787663872,0.0,0.33333333333333326,0.0
ESYT1,0.41962723792749995,0.0998210137321338,0.0,0.33333333333333326,0.0
ETNK2,0.5433231355847846,0.07488562441093882,0.0,0.33333333333333326,0.0
EXOC2,0.45535606043625687,0.017095357579928656,0.0,0.33333333333333326,0.0
EXOC3,0.4474073875861262,0.2184212980142658,0.0,0.33333333333333326,0.0
EXOSC1,0.44997037296750636,0.0632828246195211,0.0,0.33333333333333326,0.0
EXOSC2,0.4548797227710355,0.03042941228465793,0.0,0.33333333333333326,0.0
EXOSC9,0.4204736393471411,0.3404478269980395,0.0,0.33333333333333326,0.0
EXTL2,0.35640846407843074,0.23606214020517885,0.0,0.33333333333333326,0.0
F3,0.7745756592137305,0.08069235800554223,0.0,1.0,0.0
FAAH,0.3928690986638863,0.3944467414905412,0.0,0.33333333333333326,0.0
FAHD2B,0.5195694855815882,0.42639904259199046,1.0,0.33333333333333326,0.0
FAIM2,0.38888554833215644,0.22428989389878698,0.0,0.33333333333333326,0.0
FAM111A,0.6011005907844075,0.303524203288794,0.0,1.0,0.0
FAM131B,0.38402950031259653,0.7119181524737651,0.0,1.0,0.0
FAM133A,0.3985437903095979,0.2052755397110487,0.0,0.33333333333333326,0.0
FAM162A,0.6161574245061147,0.20192030341272574,0.0,0.33333333333333326,0.0
FAM20C,0.7449674370081539,0.13259812903866136,0.0,0.33333333333333326,0.0
FAM216A,0.3793247858363496,0.20748668533408582,0.0,0.33333333333333326,0.0
FAM234B,0.3515427806172348,0.35198119598711464,0.0,0.33333333333333326,0.0
FAM241B,0.34664876736732664,0.25624997360782886,0.0,0.33333333333333326,0.0
FAM3C,0.3412710417829609,0.20434596382967113,0.0,0.33333333333333326,0.0
FAM81A,0.31551531535917,0.5682861858907614,0.0,0.33333333333333326,0.0
FAR2,0.382757603246527,0.31186671371743946,0.0,0.33333333333333326,0.0
FARSA,0.42007633182384807,0.19843616243623613,0.0,0.33333333333333326,0.0
FAT1,0.6513888213696163,0.11963490192372941,0.0,1.0,0.0
FAT4,0.6392262926847511,0.2662421163180781,0.0,1.0,0.0
FAU,0.5453440284811373,0.1878711312392367,0.0,1.0,0.0
FAXC,0.350227910421419,0.17483164261063844,0.0,0.33333333333333326,0.0
FBLN2,0.6881868287647862,0.47967414742224657,0.0,0.33333333333333326,0.0
FBLN5,0.5814974804071282,0.1496141363065527,0.0,1.0,0.0
FBLN7,0.28826843437875244,0.36261936173670045,0.0,0.33333333333333326,0.0
FBXL15,0.4080728511945845,0.3872142756107578,0.0,0.33333333333333326,0.0
FBXL7,0.581678762676325,0.08973469136301841,0.0,1.0,0.0
FBXO11,0.595856433702363,0.07273666335961156,0.0,0.33333333333333326,0.0
FBXO33,0.5606482867203564,0.15498618914671533,1.0,0.33333333333333326,0.0
FBXO40,0.38567332036721813,0.21080742378066966,0.0,0.0,0.0
FBXO8,0.6111326346168466,0.2795541108782766,0.0,1.0,0.0
FBXO9,0.4507725950955318,0.17048074509350902,0.0,0.33333333333333326,0.0
FCGBP,0.8152103137926561,0.26527389414727237,0.0,1.0,0.0
FCGRT,0.6416492070879029,0.24479441744002012,0.0,1.0,0.0
FEN1,0.38023213096201536,0.2694606820385066,0.0,0.33333333333333326,0.0
FERMT2,0.7056037281564406,0.31228219906311655,1.0,1.0,0.0
FERMT3,0.8949387103382547,0.3749483922542238,0.0,1.0,0.0
FEZ2,0.6295036514468265,0.3472190527998489,0.0,0.33333333333333326,0.0
FEZF2,0.5101330433866571,0.08701134748206314,0.0,0.33333333333333326,0.0
FGF2,0.7480789946868129,0.3090553134346282,0.0,1.0,0.0
FGF9,0.33353275325951665,0.24787788085166831,0.0,0.33333333333333326,0.0
FGFRL1,0.650112637591616,0.09988577340647609,0.0,1.0,0.0
FGR,0.6867632014206175,0.10576104395638937,0.0,1.0,0.0
FH,0.3867601310487003,0.6541165540667605,0.0,0.33333333333333326,0.0
FHL1,0.6045853177781896,0.04749770550288554,0.0,0.33333333333333326,0.0
FIBP,0.40497022250595616,0.3061552268228029,0.0,0.33333333333333326,0.0
FKBP14,0.7112296203042919,0.1101279608742066,0.0,1.0,0.0
FLII,0.5321214240825676,0.1647246177924074,0.0,0.33333333333333326,0.0
FLNA,0.6602044019103599,0.15882583330063757,0.0,1.0,0.0
FLRT3,0.35625331629476187,0.1929516272992892,0.0,0.33333333333333326,0.0
FNBP1L,0.5945983211408155,0.22002593084967614,0.0,1.0,0.0
FNDC4,0.40719038215451936,0.26427843738031326,0.0,0.33333333333333326,0.0
FNDC5,0.5433250289964269,0.2509316268699634,0.0,0.33333333333333326,0.0
FOCAD,0.378880833887625,0.3166982533244062,0.0,0.33333333333333326,0.0
FRG1,0.4182957336162016,0.40882017467752957,0.0,0.33333333333333326,0.0
FRMPD4,0.34140086848262857,0.20839105254209608,0.0,0.33333333333333326,0.0
FRS3,0.42646866235112724,0.130287070732299,0.0,0.33333333333333326,0.0
FSTL3,0.6892641956209526,0.047916549889052,0.0,1.0,0.0
FTL,0.6829507102572517,0.3569562884710832,0.0,1.0,0.0
FTO,0.42953140028663234,0.2519661868700047,0.0,0.33333333333333326,0.0
FUCA1,0.5623356222574376,0.2289450392194726,0.0,0.33333333333333326,0.0
FUT1,0.39617121692922075,0.574303921571559,0.0,0.33333333333333326,0.0
FXR2,0.47320738598792317,0.3314818154666137,0.0,0.33333333333333326,0.0
FZD9,0.5865207542915858,0.11451674900658428,0.0,0.33333333333333326,0.0
G3BP2,0.3488425600068796,0.22277113429841108,0.0,0.33333333333333326,0.0
GABPB2,0.7024738119712302,0.16243967116907243,0.0,1.0,0.0
GABRA1,0.23688376623993113,0.21382276298266228,0.0,0.33333333333333326,0.0
GABRD,0.3712177233012384,0.28689078243310356,0.0,0.33333333333333326,0.0
GABRG2,0.30689341448334645,0.35107146540643464,0.0,0.33333333333333326,0.0
GAD1,0.29032399592855573,0.2591298406656961,0.0,0.33333333333333326,0.0
GADD45A,0.7656987399320649,0.19423580968299728,0.0,1.0,0.0
GADD45B,0.7915710434137098,0.22639059052861027,0.0,1.0,0.0
GAL3ST4,0.655305425622361,0.41148917571741056,0.0,1.0,0.0
GALNT17,0.41395266208119175,0.165832115596858,0.0,0.33333333333333326,0.0
GAPVD1,0.4652336645967457,0.05603975926831007,0.0,0.33333333333333326,0.0
GAR1,0.5944893539245089,0.5863452627314518,0.0,1.0,0.0
GAREM1,0.5877173818201286,0.21252018591285227,0.0,1.0,0.0
GARNL3,0.39754392870056376,0.35869018636330563,0.0,0.33333333333333326,0.0
GARS1,0.5621182333666157,0.12090392248260223,1.0,0.33333333333333326,0.0
GAS7,0.43317902791443524,0.13518855106347125,0.0,0.33333333333333326,0.0
GATAD2A,0.5941693937246233,0.15816652027103933,0.0,1.0,0.0
GATM,0.5628517057145768,0.04798403022557666,0.0,1.0,0.0
GBA2,0.440116844315792,0.5094141443048902,0.0,0.33333333333333326,0.0
GBGT1,0.6903299769201204,0.07658117880728063,0.0,1.0,0.0
GBP2,0.8010204999788288,0.2542043181340287,1.0,1.0,0.0
GBP3,0.6496087871091188,0.04247279846619037,0.0,1.0,0.0
GCFC2,0.5000129251068013,0.13970720645727344,0.0,0.33333333333333326,0.0
GDAP1L1,0.4258917981272481,0.020893642241148834,0.0,1.0,0.0
GET3,0.4860802908286327,0.08591164318518715,0.0,0.0,0.0
GET4,0.5884971681845881,0.24766210363529165,0.0,0.33333333333333326,0.0
GFER,0.554719462203487,0.16547118597866986,0.0,0.33333333333333326,0.0
GFM1,0.44004584164332783,0.19763635094333812,0.0,0.33333333333333326,0.0
GHDC,0.43507815505455244,0.1349466561057899,0.0,0.33333333333333326,0.0
GHITM,0.6221229596361382,0.23795669769415909,0.0,0.33333333333333326,0.0
GHR,0.7617356091447032,0.45456261423963407,0.0,1.0,0.0
GINS1,0.5012001381190208,0.1685214716761924,0.0,0.0,0.0
GLCE,0.5747671732382541,0.11390477515670742,0.0,0.33333333333333326,0.0
GLIS3,0.6890977511542228,0.25152001246886035,0.0,1.0,0.0
GLMN,0.3563110440706915,0.5160105168261787,0.0,0.33333333333333326,0.0
GLS,0.36767014054036035,0.12138636773448681,0.0,0.33333333333333326,0.0
GLS2,0.33853655952725165,0.6045512297171127,0.0,0.33333333333333326,0.0
GMPR2,0.4091895027101885,0.5573228374182828,0.0,0.33333333333333326,0.0
GNA12,0.6961304964888726,0.258696876052847,1.0,1.0,0.0
GNA13,0.6141332950310644,0.32509123099705184,0.0,1.0,0.0
GNAI2,0.5849774406874799,0.19794142341620843,0.0,1.0,0.0
GNAI3,0.5660303118532296,0.21968308188649946,0.0,1.0,0.0
GNAZ,0.5571561650228252,0.07494224170845658,0.0,1.0,0.0
GNB4,0.6381269383514963,0.12591223459615913,0.0,1.0,0.0
GNG11,0.6463700297336705,0.06619491539351868,0.0,1.0,0.0
GNG5,0.6924596387053484,0.5649095841807608,0.0,1.0,0.0
GNPDA1,0.6308993540749848,0.08387459987048443,0.0,0.33333333333333326,0.0
GOLGA8B,0.510116252481663,0.25471504946375073,1.0,0.33333333333333326,0.0
GOPC,0.42749661561214064,0.08375967210815535,0.0,0.33333333333333326,0.0
GOT1,0.3141529583337665,0.3707098129851965,0.0,0.33333333333333326,0.0
GOT2,0.37793666607275767,0.26603495274910127,0.0,0.33333333333333326,0.0
GPAT3,0.34337235254980114,0.19015655269879,0.0,0.33333333333333326,0.0
GPC4,0.7069393958946729,0.0758786260154102,0.0,1.0,0.0
GPCPD1,0.377039794142622,0.24987764631331325,0.0,0.33333333333333326,0.0
GPI,0.4101669859920316,0.19053243956642688,0.0,0.33333333333333326,0.0
GPNMB,0.7213667754073176,0.20656166500129097,0.0,1.0,0.0
GPR137B,0.6049522432160065,0.4034553156361336,0.0,1.0,0.0
GPR22,0.3165530231368526,0.21930906293108682,0.0,0.33333333333333326,0.0
GPRASP2,0.49712535459571144,0.3530858033004963,1.0,0.33333333333333326,0.0
GRM6,0.6619920721232875,0.2275083758895662,0.0,1.0,0.0
GRPEL2,0.40933512669577116,0.21132002539964362,0.0,0.33333333333333326,0.0
GSS,0.41076558080008624,0.27185776329771205,0.0,0.33333333333333326,0.0
GSTA4,0.38395002643283377,0.20601613775813402,0.0,0.33333333333333326,0.0
GSTM4,0.4630455938690891,0.2024146657741124,0.0,0.33333333333333326,0.0
GTF2H5,0.5991896521053867,0.042373220930582316,0.0,0.33333333333333326,0.0
GTF3C3,0.5796878445583785,0.044494018266095496,1.0,0.33333333333333326,0.0
GTPBP3,0.6462249204558977,0.2016169015078408,0.0,0.33333333333333326,0.0
H2AC18,0.701740466715835,0.24516440151140748,0.0,1.0,0.0
H2AC20,0.6153636160679113,0.36955381766078926,0.0,1.0,0.0
H2AJ,0.6659770374808337,0.10785320419619057,0.0,1.0,0.0
H2AX,0.5866053168907353,0.0970091767946769,1.0,1.0,0.0
H2AZ1,0.6537219452536462,0.022899735196052613,0.0,0.33333333333333326,0.0
H2BC11,0.6500670234352977,0.1982286720380731,1.0,1.0,0.0
H2BC12,0.6478714478572203,0.19048241096929236,1.0,1.0,0.0
H2BC21,0.6900230862778781,0.5688761606718191,1.0,1.0,0.0
H2BC26,0.5073484678445126,0.26846511626294045,0.0,0.0,0.0
H2BC5,0.610165705959042,0.8684560631452958,0.0,1.0,0.0
H4C11,0.4554829506027413,0.2073832399246742,0.0,0.0,0.0
HACL1,0.4042031916882955,0.27208205596704294,0.0,0.33333333333333326,0.0
HAGH,0.4081792414879467,0.7518487037810002,0.0,0.33333333333333326,0.0
HAPSTR1,0.7031778624608594,0.05480758878413909,0.0,1.0,0.0
HAS3,0.708133220070634,0.12839131473939053,0.0,1.0,0.0
HAVCR2,0.6931840972967926,0.3320311413446421,0.0,1.0,0.0
HCCS,0.41602546234614235,0.0802837978200621,0.0,0.33333333333333326,0.0
HCK,0.8446378312662365,0.5007067916582617,0.0,1.0,0.0
HCLS1,0.6911259748317918,0.2622652946951768,0.0,1.0,0.0
HCST,0.7216764017895096,0.07407633758411183,0.0,1.0,0.0
HDAC1,0.6354573313398916,0.2622567206424521,0.0,1.0,0.0
HDHD2,0.4345598794677354,0.4896584852364549,0.0,0.33333333333333326,0.0
HEATR5B,0.5233788668500732,0.22410623833612636,1.0,0.33333333333333326,0.0
HEBP1,0.6652017112728318,0.04192527972567126,0.0,1.0,0.0
HEBP2,0.7537423712918515,0.06927290108379668,0.0,1.0,0.0
HECTD1,0.4308480355087423,0.23115002353207859,0.0,0.33333333333333326,0.0
HECW2,0.599446842409131,0.3495480204430435,0.0,0.33333333333333326,0.0
HENMT1,0.6038078075918663,0.4969016345952524,0.0,0.33333333333333326,0.0
HERC3,0.397809154474902,0.4674986589422954,0.0,0.33333333333333326,0.0
HERC5,0.6484400324779626,0.16723403078888327,0.0,1.0,0.0
HEY2,0.6223317965890904,0.2993796770642271,0.0,1.0,0.0
HIBCH,0.6026907458980593,0.18876190500275647,0.0,1.0,0.0
HILPDA,0.6330232129279791,0.15566689808807224,0.0,1.0,0.0
HK1,0.4081974874730365,0.16324674742495845,0.0,0.33333333333333326,0.0
HK2,0.6691155692485861,0.23515196800459354,1.0,1.0,0.0
HLA-DRB1,0.8924965099049584,0.5324014246730556,0.0,1.0,0.0
HLA-F,0.6716001405341512,0.14882579698556464,1.0,1.0,0.0
HLTF,0.40005283814325654,0.202732525310086,0.0,0.33333333333333326,0.0
HMBS,0.5392526498085889,0.10281936623409049,0.0,0.33333333333333326,0.0
HMCES,0.43740488324560295,0.47594775230027564,0.0,0.33333333333333326,0.0
HMG20A,0.4310285312423317,0.7080491659846316,0.0,0.33333333333333326,0.0
HMG20B,0.6515891147341537,0.26522117276666435,1.0,1.0,0.0
HMGB3,0.42661637710759215,0.17490797053771737,0.0,0.33333333333333326,0.0
HMGN1,0.7024930639410976,0.1052315134782878,0.0,1.0,0.0
HNRNPUL2,0.47150145016042033,0.15686620201034004,0.0,0.33333333333333326,0.0
HOXD13,0.620419147054555,0.09483775529081527,0.0,0.0,0.0
HPRT1,0.5817742711194466,0.12853749543897552,0.0,0.33333333333333326,0.0
HPS6,0.40778841521415476,0.19277643724531227,0.0,0.33333333333333326,0.0
HSD17B4,0.6468214618939866,0.052930205045000206,0.0,0.33333333333333326,0.0
HSDL1,0.38871017070053615,0.19427226390778932,0.0,0.33333333333333326,0.0
HSF2,0.3992567468827729,0.32259933223518467,0.0,0.33333333333333326,0.0
HSP90AA1,0.6941452945738205,0.0560664198995685,0.0,0.33333333333333326,0.0
HSP90B1,0.5881129294957758,0.17057254203049577,0.0,1.0,0.0
HSPA1A,0.9456803301713217,0.3831196576435462,1.0,1.0,0.0
HSPA1B,0.931889189560553,0.28052326287369395,0.0,1.0,0.0
HSPA5,0.616742355705477,0.5037148770026773,0.0,1.0,0.0
HSPB1,0.920828358480852,0.49300842735195094,0.0,1.0,0.0
HSPB3,0.5970116698632184,0.017329240913724762,0.0,0.33333333333333326,0.0
HSPD1,0.6290423698174844,0.2775529538663193,0.0,1.0,0.0
HYLS1,0.37834898073690243,0.45889793956001995,0.0,0.33333333333333326,0.0
IAH1,0.6662945410861345,0.03576559685671744,0.0,0.33333333333333326,0.0
IBTK,0.6335502171867836,0.07644977545731546,0.0,0.33333333333333326,0.0
ICA1,0.3516953318099356,0.5779182510107999,0.0,0.33333333333333326,0.0
ICAM1,0.5619949085358955,0.3227890419294665,0.0,1.0,0.0
ID3,0.6528965773065808,0.07776666525654588,0.0,1.0,0.0
IDH1,0.6654881245572868,0.48303109825833396,1.0,1.0,0.0
IDH3A,0.3836706488372377,0.8521309536388981,0.0,0.33333333333333326,0.0
IDH3B,0.5440801429780088,0.7055310577066548,1.0,0.33333333333333326,0.0
IDH3G,0.41497527234187703,0.6379363152540507,0.0,0.33333333333333326,0.0
IFI35,0.6423474112727883,0.03568931001328005,0.0,1.0,0.0
IFI44,0.7391854927302742,0.05027902832186105,0.0,1.0,0.0
IFIH1,0.7326297857973136,0.2605069608734292,0.0,1.0,0.0
IFIT2,0.7778091876102972,0.08996036658800569,0.0,1.0,0.0
IFITM1,0.7634239607334782,0.11404327496490184,0.0,1.0,0.0
IFITM2,0.7670233388485075,0.19243733683723296,0.0,1.0,0.0
IFITM3,0.7963552670305968,0.17902627481457634,1.0,1.0,0.0
IFRD1,0.6570920342227126,0.41338164325335724,1.0,1.0,0.0
IFT52,0.45164469951790115,0.0855314164210367,0.0,0.33333333333333326,0.0
IGIP,0.42256528304997765,0.07791543442467917,0.0,0.33333333333333326,0.0
IK,0.586445271338129,0.07507993622715951,0.0,0.33333333333333326,0.0
IL10RB,0.7382349339234561,0.16678087690264912,0.0,1.0,0.0
IL13RA1,0.708449409647878,0.03506986314485168,0.0,1.0,0.0
IL17RA,0.7612424056426413,0.2987958357778899,0.0,1.0,0.0
IL17RD,0.7326676690679644,0.06219173375969381,0.0,1.0,0.0
IL1R1,0.7655661185696996,0.25961860335731524,0.0,1.0,0.0
IL4R,0.7954987426760872,0.0932480185466416,0.0,1.0,0.0
IMMT,0.5500045126624178,0.15521025811091624,1.0,0.33333333333333326,0.0
IMP3,0.5677861327883812,0.24238122371515888,1.0,0.33333333333333326,0.0
INA,0.337373465940136,0.3430416324999653,0.0,0.33333333333333326,0.0
INIP,0.5993948955500756,0.15482328923168334,0.0,0.33333333333333326,0.0
INO80C,0.5835467961255415,0.11047797846294233,0.0,0.33333333333333326,0.0
INPP5D,0.5881931505588255,0.11700627388201003,0.0,1.0,0.0
INTS10,0.46546884036850245,0.01321742981497885,0.0,0.33333333333333326,0.0
INTS2,0.45971655284094975,0.032892035187849084,0.0,0.33333333333333326,0.0
INTS5,0.42425841825960703,0.17006249974256676,0.0,0.33333333333333326,0.0
INTU,0.6585490802329248,0.3583354090899383,1.0,1.0,0.0
IPCEF1,0.3012892098588323,0.45807985549372265,0.0,0.33333333333333326,0.0
IRAK2,0.6167562245744577,0.11453632884295521,0.0,1.0,0.0
IRF1,0.7071967346521695,0.14876426352197758,0.0,1.0,0.0
IRF7,0.7716130081726951,0.1281666364656729,0.0,1.0,0.0
IRF8,0.754616491495686,0.24699580158492812,0.0,1.0,0.0
IRF9,0.7386626136277333,0.12902109461331646,0.0,1.0,0.0
IRX1,0.5889117117806136,0.05856440375448778,0.0,1.0,0.0
ISCU,0.3692837738487518,0.3774178829837656,0.0,0.33333333333333326,0.0
ISG15,0.749702351055171,0.05952302482804505,0.0,1.0,0.0
ITGA5,0.8159213292817772,0.15267063921246996,0.0,1.0,0.0
ITGAV,0.6165660750007652,0.15683343608363082,0.0,1.0,0.0
ITGB2,0.7787806396607662,0.4496140092297791,1.0,1.0,0.0
ITGB5,0.6943933831043241,0.2551602877971656,1.0,1.0,0.0
ITPR1,0.2833056480590859,0.4282420033549012,0.0,0.33333333333333326,0.0
ITPRIP,0.8145005413835775,0.1659405969784468,0.0,1.0,0.0
JADE1,0.41388621794341773,0.3791170658985622,0.0,0.33333333333333326,0.0
JAG1,0.7215368211052422,0.10132913285616076,0.0,1.0,0.0
JAM2,0.7266120732158036,0.2638085159834556,0.0,0.33333333333333326,0.0
JUN,0.6693572032686371,0.821689304181671,0.0,1.0,0.0
KALRN,0.40725767012110525,0.020001790134527346,0.0,1.0,0.0
KANK1,0.5782142391285646,0.06392650865482302,0.0,1.0,0.0
KAT7,0.4373361310044453,0.3749265314649366,0.0,0.33333333333333326,0.0
KATNAL1,0.6210341125346556,0.1414557601485978,0.0,0.33333333333333326,0.0
KBTBD11,0.4368708530111359,0.13785208432556334,0.0,0.33333333333333326,0.0
KCNAB1,0.3677963379406853,0.41109801309580724,0.0,0.33333333333333326,0.0
KCNB2,0.45181443403312743,0.1708805376670019,1.0,0.33333333333333326,0.0
KCNE4,0.8004058868850867,0.2267217611010292,0.0,1.0,0.0
KCNG1,0.6511056852148078,0.009694089780622459,0.0,1.0,0.0
KCNIP4,0.5342363850810598,0.16724189683052618,1.0,0.33333333333333326,0.0
KCNN3,0.6356368754761808,0.23303485282075392,0.0,1.0,0.0
KCNS1,0.18035461729078478,0.28315212763123965,0.0,0.33333333333333326,0.0
KCNS2,0.3440340480916627,0.34153400581807225,0.0,0.33333333333333326,0.0
KCTD5,0.5657825847421047,0.04252471789355553,0.0,1.0,0.0
KCTD8,0.5938348089661872,0.5205026963614909,0.0,0.33333333333333326,0.0
KCTD9,0.4008055589482696,0.2812339931672998,0.0,0.33333333333333326,0.0
KDM1A,0.46044052016197634,0.08087736246287475,0.0,0.33333333333333326,0.0
KIAA0232,0.43059002367959803,0.22647070500059818,0.0,0.33333333333333326,0.0
KIAA0513,0.3885666316857848,0.5924323714443578,0.0,0.33333333333333326,0.0
KIAA0930,0.578566473656244,0.040083030861913234,0.0,1.0,0.0
KIF17,0.3818795701685502,0.5672924214266172,0.0,1.0,0.0
KIF1C,0.6396797718323307,0.16329513032270457,1.0,1.0,0.0
KIF21A,0.4225755979402733,0.05537978965027322,0.0,0.33333333333333326,0.0
KIFBP,0.4109522852438413,0.2982662861820449,0.0,0.33333333333333326,0.0
KIFC3,0.5716894485441223,0.0943681146774467,0.0,1.0,0.0
KLB,0.6654033683156017,0.06370263644051236,0.0,1.0,0.0
KLC2,0.4177197502882977,0.5276965166100424,0.0,1.0,0.0
KLF4,0.6984339518671298,0.013592583228074011,0.0,1.0,0.0
KLF6,0.737966336723492,0.1481120515931311,0.0,1.0,0.0
KLF9,0.6568043841612979,0.21920549130455277,0.0,0.33333333333333326,0.0
KLHDC2,0.38489865072261825,0.5925349840284296,0.0,0.33333333333333326,0.0
KLHDC9,0.33793969546381397,0.5266260775717497,0.0,0.33333333333333326,0.0
KLHL12,0.5706428629452652,0.10304587655835674,0.0,0.33333333333333326,0.0
KLHL28,0.42830483299594424,0.018375013942575045,0.0,0.33333333333333326,0.0
KLHL42,0.4117490515141619,0.15254006110590526,0.0,0.33333333333333326,0.0
KLHL9,0.5857863505122484,0.0881299501202186,0.0,0.33333333333333326,0.0
KMT5A,0.5784809970577991,0.6331620284627738,0.0,1.0,0.0
KRT222,0.3145314528680656,0.21482081809992237,0.0,0.33333333333333326,0.0
KYAT3,0.35643545899018286,0.3404423994325856,0.0,0.33333333333333326,0.0
LAGE3,0.6522489972055883,0.06133664056589648,0.0,0.33333333333333326,0.0
LAMB1,0.401912592601311,0.1741292575854526,0.0,0.33333333333333326,0.0
LAMC1,0.6588513240031246,0.13887729118666603,0.0,1.0,0.0
LAPTM4A,0.5863985222094422,0.07886791631606557,0.0,0.33333333333333326,0.0
LAPTM5,0.7695301772939688,0.38840709323502315,1.0,1.0,0.0
LARS1,0.65968501106003,0.08802311594579668,0.0,0.33333333333333326,0.0
LCMT1,0.5557728310414213,0.2891699687188401,1.0,0.33333333333333326,0.0
LCMT2,0.4262729866139514,0.16932030177160315,0.0,0.33333333333333326,0.0
LCP1,0.7750400994472169,0.3411515169627685,1.0,1.0,0.0
LDHB,0.6042910286122483,0.22915022069633872,0.0,0.33333333333333326,0.0
LGALS3,0.6497365049248194,0.17894883182959542,0.0,1.0,0.0
LHFPL2,0.7599044199265031,0.20368724544546152,0.0,1.0,0.0
LHX2,0.6844215056240313,0.24845111974534922,1.0,1.0,0.0
LHX6,0.35773531572879474,0.1409942978715733,0.0,0.33333333333333326,0.0
LILRA4,0.5515205518999567,0.16895122359960316,0.0,1.0,0.0
LIMD1,0.6921298697533965,0.2262554746965675,0.0,1.0,0.0
LIMD2,0.6689282680167199,0.2110805092197233,0.0,1.0,0.0
LIMS1,0.7342216827391852,0.3058016290757899,0.0,1.0,0.0
LIN54,0.44104138151220107,0.21738117020591832,0.0,0.33333333333333326,0.0
LIN7B,0.416054928251587,0.16496571511395805,0.0,0.33333333333333326,0.0
LMAN2L,0.5657348759196588,0.06636655332952662,0.0,1.0,0.0
LMBR1,0.40663498062435066,0.06827508446772318,0.0,0.33333333333333326,0.0
LMBRD1,0.5905488787292063,0.21079964020637043,0.0,0.33333333333333326,0.0
LMO3,0.6495404226511736,0.10481724851514755,0.0,0.33333333333333326,0.0
LNX1,0.3540364051756386,0.22180955982419429,0.0,0.33333333333333326,0.0
LPAR6,0.6701535243432416,0.05308776976010295,0.0,1.0,0.0
LPCAT4,0.39399652237764854,0.5215846026332289,0.0,0.33333333333333326,0.0
LPP,0.789355127348118,0.3272163520052985,0.0,1.0,0.0
LPXN,0.5979765891598086,0.17758983079044385,0.0,0.33333333333333326,0.0
LRP10,0.6493780968732342,0.09903985628509558,1.0,1.0,0.0
LRPPRC,0.40901987119967176,0.14018115764632935,0.0,0.33333333333333326,0.0
LRRC20,0.3358093875066858,0.3739607746179604,0.0,0.33333333333333326,0.0
LRRC32,0.6566136781001899,0.036470929845722276,0.0,1.0,0.0
LRRC4,0.4548927505409546,0.20979576135586667,0.0,0.0,0.0
LRRC42,0.7249914810134016,0.2385950448608694,0.0,1.0,0.0
LRRC47,0.5413702418078108,0.13483875344561885,1.0,0.33333333333333326,0.0
LRRC49,0.419918893936008,0.06577536863264874,0.0,0.33333333333333326,0.0
LRRN1,0.5697852957295019,0.3985134547434523,0.0,1.0,0.0
LRRN3,0.36840268750458577,0.19428832756707096,0.0,0.33333333333333326,0.0
LRRTM3,0.37669967140441246,0.34154128697804814,0.0,0.33333333333333326,0.0
LSM1,0.6659009737465613,0.01524785716782301,0.0,0.33333333333333326,0.0
LTA4H,0.6019733548609627,0.1881637061501527,0.0,0.33333333333333326,0.0
LTAP1,0.48137290258876053,0.09069295845164017,0.0,0.33333333333333326,0.0
LUC7L2,0.49461576145842717,0.1129794613264116,0.0,0.33333333333333326,0.0
LUZP1,0.39213290608172807,0.2081280934171177,0.0,0.33333333333333326,0.0
LY96,0.7393953914400054,0.17756790305364437,0.0,1.0,0.0
LYAR,0.6592531591679905,0.30116605865829016,1.0,1.0,0.0
LYN,0.7522805945586726,0.2077107520618339,1.0,1.0,0.0
LYRM9,0.38676237580421047,0.19478745380360885,0.0,0.33333333333333326,0.0
LYSMD2,0.5618882218819599,0.39559142358145394,1.0,0.33333333333333326,0.0
LZIC,0.5366409898013693,0.14729661255057544,0.0,1.0,0.0
MAD2L1BP,0.3930816608778914,0.2019051426911819,0.0,0.33333333333333326,0.0
MAD2L2,0.5652434463021937,0.04333372095706905,0.0,1.0,0.0
MADD,0.4402920447592565,0.14936805682261448,0.0,0.33333333333333326,0.0
MAGED1,0.6339739521445152,0.15771513662462136,0.0,0.33333333333333326,0.0
MAGED2,0.4023871160749181,0.2219454985252123,0.0,0.33333333333333326,0.0
MAGEE1,0.3550131359204798,0.5682707425256878,0.0,0.33333333333333326,0.0
MALSU1,0.44047809253752324,0.035591125916006286,0.0,0.33333333333333326,0.0
MAMLD1,0.719394641952022,0.15207052973973548,0.0,1.0,0.0
MANF,0.6024506752900375,0.3139917286482583,0.0,1.0,0.0
MANSC1,0.39521624646435327,0.46095307840772004,0.0,0.33333333333333326,0.0
MAP2K1,0.37988363945737813,0.22775333297565012,0.0,0.33333333333333326,0.0
MAP2K5,0.44467682287233923,0.13792999001969775,0.0,0.33333333333333326,0.0
MAP3K20,0.5841547724021897,0.08405406377651539,0.0,1.0,0.0
MAP3K9,0.3927258441554026,0.33606109958382563,0.0,0.33333333333333326,0.0
MAP7D2,0.3387607630396884,0.22199002619925445,0.0,0.33333333333333326,0.0
MAPK10,0.5428423942988294,0.2873007139601069,0.0,0.33333333333333326,0.0
MAPK13,0.6242546907870627,0.3247807195104688,0.0,0.33333333333333326,0.0
MAPK4,0.5666674610845047,0.09532211150725858,0.0,1.0,0.0
MAPK9,0.34834849196388606,0.3609625611985213,0.0,0.33333333333333326,0.0
MAPKAPK2,0.6783510813284404,0.3120995732179493,0.0,1.0,0.0
MAPKAPK3,0.69996923405768,0.2359580313362171,1.0,1.0,0.0
MAPRE1,0.6449434614720893,0.17063562471947402,1.0,1.0,0.0
MARF1,0.40964972194561994,0.27036761644045754,0.0,0.33333333333333326,0.0
MAT2A,0.7606331121118378,0.12416657194709341,0.0,1.0,0.0
MAT2B,0.5315221747161051,0.28444458760888786,1.0,0.33333333333333326,0.0
MATN2,0.8232472718526855,0.27792369738175515,0.0,1.0,0.0
MBD1,0.5005542171360164,0.14725018117362393,0.0,0.33333333333333326,0.0
MBTPS1,0.4550200154132662,0.1809395991929426,0.0,0.33333333333333326,0.0
MCCC1,0.46625719946964966,0.010500486012676504,0.0,0.33333333333333326,0.0
MCEE,0.4350329064071247,0.08087165301868346,0.0,0.33333333333333326,0.0
MCF2,0.29310688560777887,0.3044177728168893,0.0,0.33333333333333326,0.0
MCL1,0.6499771803492269,0.44130629707576285,0.0,1.0,0.0
MCM4,0.39256275216966824,0.3857389628580603,0.0,0.33333333333333326,0.0
MCMDC2,0.6970153498507354,0.0645113906496956,0.0,1.0,0.0
MCUB,0.7118611183417368,0.27934706241564283,1.0,1.0,0.0
MDFIC,0.6011538307491665,0.2102896825097329,0.0,1.0,0.0
MDGA2,0.4091683100018772,0.15291182358367406,0.0,0.33333333333333326,0.0
MDH1,0.535910799883815,0.4050021314550864,1.0,0.33333333333333326,0.0
MDH2,0.40839076979002165,0.30862918233114955,0.0,0.33333333333333326,0.0
MDK,0.768549416996927,0.2677032390098647,0.0,1.0,0.0
ME3,0.3957755030789551,0.2889632053239761,0.0,0.33333333333333326,0.0
MED14,0.5664118631242332,0.029279749445136193,0.0,0.0,0.0
MED22,0.6248276485462552,0.026795888652463237,0.0,1.0,0.0
MEF2C,0.51810727837155,0.1616490950416431,0.0,0.33333333333333326,0.0
MERTK,0.7111189850005711,0.3139384656279118,1.0,1.0,0.0
METTL21A,0.67468715290401,0.07857670695055595,0.0,1.0,0.0
METTL2A,0.5671496208248221,0.0379850369597551,0.0,0.33333333333333326,0.0
MFN2,0.43691698734238077,0.18854145161790611,0.0,0.33333333333333326,0.0
MFSD11,0.5946146267947962,0.33606260614778144,0.0,0.33333333333333326,0.0
MGST1,0.738518945738057,0.3603672587523104,0.0,1.0,0.0
MICAL2,0.37805155433242005,0.11185958572179429,0.0,0.33333333333333326,0.0
MICU3,0.3495852233266824,0.23060676458791837,0.0,0.33333333333333326,0.0
MIDEAS,0.7089989276240908,0.05637509338202854,0.0,1.0,0.0
MINDY3,0.595438486844021,0.044168476453426586,0.0,0.33333333333333326,0.0
MIPEP,0.4285915588864626,0.33404536601673085,0.0,0.33333333333333326,0.0
MIS18A,0.5012146639499989,0.08853593329491821,0.0,0.0,0.0
MKKS,0.5989566171906483,0.21889028322684898,0.0,0.33333333333333326,0.0
MKNK2,0.698697807521907,0.3039574311661579,1.0,1.0,0.0
MKRN2,0.4715671082626592,0.21444518882020458,0.0,0.33333333333333326,0.0
MLC1,0.587877764974591,0.14917583586541353,0.0,1.0,0.0
MLLT11,0.5793014607875122,0.16652963306391871,0.0,0.33333333333333326,0.0
MMP14,0.6946972903737865,0.09072747424964944,0.0,1.0,0.0
MMS19,0.4512609606916829,0.10953354649509696,0.0,0.33333333333333326,0.0
MORC4,0.6327193997195598,0.13622198594517065,0.0,1.0,0.0
MORF4L1,0.6536860615388026,0.29449985946272345,0.0,0.33333333333333326,0.0
MPC2,0.5742105057222773,0.1411045165064607,0.0,0.33333333333333326,0.0
MPP1,0.3787085557150986,0.4855929654224274,0.0,0.33333333333333326,0.0
MPZL1,0.5643982008325571,0.18616595841063188,0.0,1.0,0.0
MRAP2,0.3550565668514537,0.06687313801169384,0.0,0.33333333333333326,0.0
MRC2,0.702507041148753,0.1065885803285053,0.0,1.0,0.0
MRPL1,0.4073448977096625,0.08828536618826949,0.0,0.33333333333333326,0.0
MRPL11,0.44356679950647254,0.04153989179646851,0.0,0.33333333333333326,0.0
MRPL15,0.4004846230468298,0.15834647113912237,0.0,0.33333333333333326,0.0
MRPL2,0.4075861298754278,0.5950532347121982,0.0,0.33333333333333326,0.0
MRPL22,0.44069260378806596,0.2978865963591524,0.0,0.33333333333333326,0.0
MRPL50,0.5839829275318065,0.03772695167741706,0.0,0.33333333333333326,0.0
MRPS18B,0.5930549814671292,0.038271916505171505,0.0,0.33333333333333326,0.0
MRPS27,0.42919970235629784,0.21463875874012364,0.0,0.33333333333333326,0.0
MRPS28,0.434387927274688,0.044475626020880336,0.0,0.33333333333333326,0.0
MRPS33,0.6285990099158256,0.021532461062050905,0.0,0.33333333333333326,0.0
MRPS9,0.41709722533591037,0.09733147056452235,0.0,0.33333333333333326,0.0
MRRF,0.6534424338293376,0.16714420392702406,0.0,0.33333333333333326,0.0
MSI2,0.5925953817800975,0.21022231526615465,0.0,1.0,0.0
MSN,0.7867731796345571,0.43098630438331137,1.0,1.0,0.0
MSX1,0.7995138401693672,0.26854741190552833,0.0,1.0,0.0
MT2A,0.7275673750069751,0.2018561905831825,0.0,1.0,0.0
MTIF3,0.6492276364795302,0.09818718400176286,0.0,0.33333333333333326,0.0
MTMR11,0.6564619538150933,0.3902992851559055,0.0,1.0,0.0
MTMR2,0.4208663338859389,0.17563462100397842,0.0,0.33333333333333326,0.0
MTMR7,0.39420353966781074,0.28549985742880263,0.0,0.33333333333333326,0.0
MTRES1,0.4434227924501842,0.2254076303895124,0.0,0.33333333333333326,0.0
MTX2,0.6183140046719834,0.21192237381522858,0.0,0.33333333333333326,0.0
MTX3,0.41670818982975644,0.14671425730184517,0.0,0.33333333333333326,0.0
MVB12A,0.5868546360885413,0.21688909232556183,0.0,1.0,0.0
MYCBP2,0.6199274214844881,0.18139921073647106,0.0,0.33333333333333326,0.0
MYEF2,0.49697261946605914,0.21452191642172885,0.0,0.0,0.0
MYG1,0.43175906781747003,0.0923914716918262,0.0,0.33333333333333326,0.0
MYH11,0.6241283366152703,0.14975238643535305,0.0,0.33333333333333326,0.0
MYH9,0.7125129863931562,0.108997395281208,1.0,1.0,0.0
MYL12A,0.7245754051794093,0.12039344063400458,0.0,1.0,0.0
MYOF,0.7548206629303474,0.2519947211481753,0.0,1.0,0.0
N4BP2L1,0.4203397785218575,0.24116542009832137,0.0,0.33333333333333326,0.0
NAA60,0.6026238046833619,0.16116801225017538,1.0,1.0,0.0
NAE1,0.41495219375237363,0.2372287227251195,0.0,0.33333333333333326,0.0
NAP1L3,0.31489310403692305,0.3853597098973892,0.0,0.33333333333333326,0.0
NAP1L5,0.34197122833860993,0.19247805763644904,0.0,0.33333333333333326,0.0
NAPA,0.44160011312017955,0.06776121744264622,0.0,0.33333333333333326,0.0
NAPB,0.49233780036234576,0.21992936737966626,1.0,0.33333333333333326,0.0
NAPEPLD,0.4879604877589966,0.4306608230670738,1.0,0.33333333333333326,0.0
NARS1,0.4048865755812705,0.20403503772177475,0.0,0.33333333333333326,0.0
NAV1,0.6731487209014909,0.10650991357936067,0.0,1.0,0.0
NAV2,0.6007191689069207,0.193340867913515,0.0,1.0,0.0
NBEA,0.39051634575739447,0.2509800903496712,0.0,0.33333333333333326,0.0
NBPF10,0.7541708191550933,0.18041895387905604,0.0,1.0,0.0
NBPF3,0.582819558401531,0.20536919992208916,0.0,0.33333333333333326,0.0
NBPF9,0.8210176206954376,0.2759270876368986,0.0,1.0,0.0
NCBP2,0.6883194942708463,0.0666643347153357,0.0,1.0,0.0
NCKIPSD,0.3908246972587658,0.42439443049066816,0.0,0.33333333333333326,0.0
NDEL1,0.43427700405045483,0.3163357492438403,0.0,0.33333333333333326,0.0
NDRG3,0.3439795131475897,0.3611720685890986,0.0,0.33333333333333326,0.0
NDRG4,0.393831909732533,0.382950959495453,0.0,0.33333333333333326,0.0
NDUFA8,0.6170312984058878,0.12332144168229096,0.0,0.33333333333333326,0.0
NDUFA9,0.3960611294825482,0.23731474876165878,0.0,0.33333333333333326,0.0
NDUFAB1,0.39480861343753076,0.18689686597880223,0.0,0.33333333333333326,0.0
NDUFAF5,0.405975059506139,0.26757929412903003,0.0,0.33333333333333326,0.0
NDUFB8,0.42547690769988794,0.20856762010404514,0.0,0.33333333333333326,0.0
NDUFS2,0.4040864397061971,0.5511671755534617,0.0,0.33333333333333326,0.0
NDUFS3,0.42813951126637007,0.19399383086177144,0.0,0.33333333333333326,0.0
NDUFS5,0.5702819139691354,0.018237088976353136,1.0,0.33333333333333326,0.0
NDUFV1,0.40570236267371323,0.4224079172217808,0.0,1.0,0.0
NECAP1,0.5515419761820388,0.12897182559324827,1.0,0.33333333333333326,0.0
NECAP2,0.608728122645853,0.30201798113310135,0.0,1.0,0.0
NEDD8,0.4356405305513198,0.03087050124796575,0.0,0.33333333333333326,0.0
NEFH,0.2316761135042518,0.9067566954968893,0.0,0.33333333333333326,0.0
NEFM,0.54286518200158,0.17172021709568475,0.0,0.33333333333333326,0.0
NEGR1,0.3225402712350749,0.25005989119550326,0.0,0.33333333333333326,0.0
NEK6,0.6389909007991483,0.5763052198346423,0.0,1.0,0.0
NELL1,0.49936067985819443,0.23097496768001397,0.0,0.33333333333333326,0.0
NES,0.6600530268209588,0.10373870569540161,0.0,1.0,0.0
NET1,0.38602796987486737,0.16676420115285373,0.0,0.33333333333333326,0.0
NEURL4,0.4513152364695742,0.010693660022232751,0.0,0.33333333333333326,0.0
NEUROD6,0.19109417318876945,0.26560785696717704,0.0,0.33333333333333326,0.0
NFE2L2,0.6172776238921682,0.359100765760993,0.0,1.0,0.0
NFE2L3,0.6903787164583338,0.09712827367795258,0.0,1.0,0.0
NFIL3,0.6470242949319852,0.297965340302804,0.0,1.0,0.0
NFKBIZ,0.6612055844096744,0.2909960394834203,0.0,1.0,0.0
NFS1,0.4047532926883751,0.5596580391159919,0.0,0.33333333333333326,0.0
NGEF,0.3570692702131588,0.41246578730249095,0.0,0.33333333333333326,0.0
NGFR,0.5755983847219448,0.3132437129560776,0.0,1.0,0.0
NIBAN1,0.7928566618542034,0.2385115787606616,0.0,1.0,0.0
NIBAN2,0.6319627685832653,0.211622984771163,0.0,1.0,0.0
NIF3L1,0.5414767206575316,0.36018321969874184,1.0,0.33333333333333326,0.0
NIPA2,0.4368628390914159,0.019009994870497062,0.0,0.33333333333333326,0.0
NIPSNAP2,0.43558219964488026,0.1765018227920414,0.0,0.33333333333333326,0.0
NKD2,0.5588563967850196,0.2617068029062653,0.0,0.33333333333333326,0.0
NKIRAS1,0.38362416512279524,0.2176896978207497,0.0,0.33333333333333326,0.0
NKIRAS2,0.586655883528338,0.341603076821177,0.0,1.0,0.0
NLRC3,0.6483864781965591,0.11669578577795037,0.0,1.0,0.0
NLRC5,0.7276971057591068,0.11786949105593862,0.0,1.0,0.0
NME4,0.5868899730041268,0.200553894716271,0.0,1.0,0.0
NME5,0.3470662829628541,0.15110921755637163,0.0,0.33333333333333326,0.0
NMNAT2,0.35273490435229365,0.23148809642725504,0.0,0.33333333333333326,0.0
NMT2,0.4461410962704636,0.11242974276359725,0.0,0.33333333333333326,0.0
NOMO1,0.40329611593259984,0.37552599457531066,0.0,0.33333333333333326,0.0
NOP58,0.6401702976641117,0.04596402103549567,0.0,0.33333333333333326,0.0
NOS2,0.3974653320741123,0.3685906394865761,0.0,0.0,0.0
NPAS3,0.5816189835772563,0.18506672151564876,0.0,1.0,0.0
NPC2,0.5890547469966101,0.02565661416506739,0.0,1.0,0.0
NPEPPS,0.44658141655457095,0.012242466201086382,0.0,0.33333333333333326,0.0
NPL,0.7061118187071239,0.13310763882977242,0.0,1.0,0.0
NPPA,0.7337970389098121,0.1027806898634125,0.0,1.0,0.0
NPRL2,0.4506041201481282,0.12221340758486467,0.0,0.33333333333333326,0.0
NPTN,0.3868506857892991,0.13780407845222614,0.0,0.33333333333333326,0.0
NPTX1,0.3819874654656395,0.047562258273942046,0.0,0.33333333333333326,0.0
NQO1,0.8342961229924116,0.1882395205692891,1.0,1.0,0.0
NR2E1,0.6360003022620921,0.2756211281193154,0.0,1.0,0.0
NR3C1,0.41291669068660597,0.21847598254946407,0.0,0.33333333333333326,0.0
NR3C2,0.4088287366672818,0.3469484245702437,0.0,0.33333333333333326,0.0
NRDC,0.4619461384135942,0.02698819817588931,0.0,0.33333333333333326,0.0
NRN1,0.4362439526143207,0.11420213120656766,0.0,0.33333333333333326,0.0
NSF,0.5028490049782429,0.2657889948647068,1.0,0.33333333333333326,0.0
NSG1,0.26262718166966614,0.4905975363049499,0.0,0.33333333333333326,0.0
NSMCE2,0.43768210199996305,0.19927112272259448,0.0,0.33333333333333326,0.0
NT5C2,0.5491842704491826,0.13431652169806166,0.0,1.0,0.0
NTAQ1,0.4017175198220805,0.36756476149777384,0.0,0.33333333333333326,0.0
NTHL1,0.4008286325835114,0.30068553971508594,0.0,0.33333333333333326,0.0
NTN4,0.3554089582208065,0.3417720405604301,0.0,0.33333333333333326,0.0
NUDT5,0.6845627817939824,0.2997581156444788,0.0,0.33333333333333326,0.0
NUMB,0.6970934602268837,0.3427644818495127,0.0,1.0,0.0
NUP133,0.43585146667852326,0.21737434288594293,0.0,0.33333333333333326,0.0
NUP210L,0.7586663566443971,0.218848541096422,0.0,1.0,0.0
NUP54,0.6223121509113075,0.024259773609952306,0.0,0.33333333333333326,0.0
NUP93,0.44596661771091395,0.12800590260257166,0.0,0.33333333333333326,0.0
OAS2,0.8168142337152756,0.06896311335091893,0.0,1.0,0.0
OAS3,0.7066059141248142,0.17802672143391202,0.0,1.0,0.0
OBI1,0.3995749302749558,0.21274336458221826,0.0,0.33333333333333326,0.0
OCIAD1,0.5546308053838805,0.30972514945562785,0.0,0.33333333333333326,0.0
ODAD4,0.5180468344125025,0.43476380913748597,0.0,0.33333333333333326,0.0
ODC1,0.5800325673071001,0.121482509918022,0.0,1.0,0.0
OGA,0.6613870118793085,0.12675763237603774,0.0,0.33333333333333326,0.0
OGDHL,0.34408605417821125,0.8947905320718912,0.0,0.33333333333333326,0.0
OLA1,0.3510232429647679,0.7456768083366173,0.0,0.33333333333333326,0.0
OLR1,0.6871818822724175,0.25932075532983256,0.0,1.0,0.0
ORC2,0.42658132221238326,0.5086104225257833,0.0,0.33333333333333326,0.0
ORC5,0.4221998297903904,0.20212092499178186,0.0,0.33333333333333326,0.0
OSBP,0.595070474875804,0.14503564911042321,1.0,0.33333333333333326,0.0
OSBPL10,0.3800565496094287,0.1458660613156416,0.0,0.33333333333333326,0.0
OSMR,0.7796968769587767,0.03573374563606347,0.0,1.0,0.0
OTULIN,0.6902933083378496,0.0942839750066815,0.0,1.0,0.0
OXNAD1,0.5997069572386797,0.21830692638059856,0.0,0.0,0.0
OXR1,0.32987104067842116,0.293685228360261,0.0,0.33333333333333326,0.0
P3H2,0.6680068819648969,0.49050611412699446,0.0,1.0,0.0
P4HA1,0.6788183016624589,0.39397774608110164,1.0,1.0,0.0
PABPC1,0.5685667509081842,0.18726814134106673,0.0,1.0,0.0
PABPC4,0.5664153848395002,0.16340779597828856,0.0,1.0,0.0
PACRG,0.43944680441030004,0.05742857929148529,0.0,0.33333333333333326,0.0
PAFAH1B1,0.4056437934857373,0.13502045709923685,0.0,0.33333333333333326,0.0
PAICS,0.732392939097616,0.09648764645471532,0.0,1.0,0.0
PAIP2,0.6738598745299639,0.2352002915558928,0.0,0.33333333333333326,0.0
PAK1,0.3102333847053697,0.2825488614043956,0.0,0.33333333333333326,0.0
PALLD,0.7383117570078487,0.2716428065288106,1.0,1.0,0.0
PAM,0.6619188509049031,0.02924568296474844,0.0,0.33333333333333326,0.0
PAPOLA,0.6844493664906274,0.34268873668978705,1.0,1.0,0.0
PAPSS1,0.6400083836138952,0.3344767335443876,0.0,0.33333333333333326,0.0
PARL,0.4119269067387187,0.6923056370582746,0.0,0.33333333333333326,0.0
PARM1,0.5873918753594586,0.028608445920459358,0.0,0.33333333333333326,0.0
PARN,0.4310793056096055,0.7275875582276131,0.0,0.33333333333333326,0.0
PARP14,0.6556439783718374,0.20422269624603534,0.0,1.0,0.0
PARP2,0.5368320173549439,0.5845327471887877,1.0,0.33333333333333326,0.0
PARP4,0.595873872686391,0.009288071029973734,0.0,1.0,0.0
PARP9,0.7436997149054204,0.3247066810945107,0.0,1.0,0.0
PAX7,0.445422849337082,0.13271254293828588,0.0,0.33333333333333326,0.0
PBX3,0.6068857491792673,0.23671021594249583,0.0,1.0,0.0
PCGF3,0.5728780755382935,0.0849023617676653,0.0,1.0,0.0
PCID2,0.6978004428675498,0.06587410446085296,0.0,0.33333333333333326,0.0
PCNT,0.5348654875882287,0.049816381549732745,0.0,0.33333333333333326,0.0
PCSK1,0.25608947664802445,0.7850623820773551,0.0,0.33333333333333326,0.0
PDCD4,0.627321998377811,0.0591817244324104,0.0,0.33333333333333326,0.0
PDHB,0.40198157135546403,0.17231119562200972,0.0,0.33333333333333326,0.0
PDIA5,0.659296791723363,0.13948458715316067,0.0,1.0,0.0
PDIA6,0.5884264316898916,0.45350387283704463,0.0,1.0,0.0
PDS5B,0.4100320177429671,0.11072310128725472,0.0,0.33333333333333326,0.0
PDYN,0.8278118328110868,0.38696726043529506,1.0,1.0,0.0
PEA15,0.57779525312296,0.3643816999757374,0.0,1.0,0.0
PECAM1,0.6716717692910933,0.0557416465584752,0.0,1.0,0.0
PEF1,0.551469556885198,0.0672479633767292,1.0,0.33333333333333326,0.0
PEG3,0.603005465940962,0.09376373576754866,0.0,0.33333333333333326,0.0
PELI3,0.3464866170346825,0.7329531013422725,0.0,1.0,0.0
PER2,0.6674835153751322,0.027402403385075727,0.0,0.33333333333333326,0.0
PEX11B,0.3709774029210204,0.4831861042247648,0.0,0.33333333333333326,0.0
PEX14,0.43433381478340266,0.0929140639180458,0.0,1.0,0.0
PFDN4,0.3994617943386982,0.2188322241813299,0.0,0.33333333333333326,0.0
PFKFB2,0.43326045115987605,0.11553429638873593,0.0,0.33333333333333326,0.0
PFKFB4,0.7140317171444222,0.19239623408359624,0.0,1.0,0.0
PFKM,0.5272706844299495,0.42555065328114566,1.0,0.33333333333333326,0.0
PFKP,0.3786010717577354,0.36632162413437086,0.0,0.33333333333333326,0.0
PFN1,0.6584159492985182,0.14082057910185913,1.0,1.0,0.0
PGAP4,0.39595382643107924,0.11851607370546717,0.0,0.33333333333333326,0.0
PGGHG,0.7496560768413447,0.2674776704386413,0.0,1.0,0.0
PGLS,0.5742524625343018,0.2896178972308295,0.0,1.0,0.0
PGM2L1,0.5707789321208131,0.06418929073902535,0.0,0.33333333333333326,0.0
PGP,0.41724647359371364,0.3007960140957179,0.0,0.33333333333333326,0.0
PHACTR3,0.6919305141751307,0.13146766800242915,0.0,1.0,0.0
PHB1,0.6545308326183659,0.05013577232952784,0.0,1.0,0.0
PHB2,0.4456718838407082,0.19493902229818158,0.0,0.33333333333333326,0.0
PHF11,0.5992972476231082,0.12572425888767924,0.0,1.0,0.0
PHF21A,0.5519539756902099,0.22363392189223058,0.0,1.0,0.0
PHKG2,0.4410352308373637,1.0,0.0,0.33333333333333326,0.0
PHLDA1,0.5902561725305705,0.3384666227308241,0.0,1.0,0.0
PHLDB3,0.692383879762684,0.17314194501029812,0.0,1.0,0.0
PHLPP2,0.4402215587201372,0.09455023652261563,0.0,0.33333333333333326,0.0
PHYH,0.41249281996020426,0.3151684062006398,0.0,0.33333333333333326,0.0
PICALM,0.6887424051167504,0.32407245571294263,0.0,1.0,0.0
PIEZO1,0.6676151788317088,0.22945831592212962,0.0,1.0,0.0
PIGZ,0.42053560441120447,0.4068657824904331,0.0,0.33333333333333326,0.0
PIK3AP1,0.762155423573516,0.5108077865647827,0.0,1.0,0.0
PIK3CB,0.3985412837262062,0.28878978676506173,0.0,0.33333333333333326,0.0
PIK3R3,0.4726718830812309,0.13012146055157278,0.0,0.33333333333333326,0.0
PIK3R4,0.41770407006637805,0.26691411992597663,0.0,0.33333333333333326,0.0
PIK3R5,0.7287223969189462,0.6603879932145673,0.0,1.0,0.0
PIP4P2,0.4003804416035408,0.18513926586700682,0.0,0.33333333333333326,0.0
PITPNA,0.43329696402016543,0.09985640473522374,0.0,0.33333333333333326,0.0
PITPNC1,0.5953521353349484,0.37712278690543904,0.0,1.0,0.0
PITRM1,0.4516922612426805,0.06202011197992373,0.0,0.33333333333333326,0.0
PKM,0.406138618140084,0.17903883416226718,0.0,0.33333333333333326,0.0
PKN2,0.6635039433706548,0.00535016739428866,0.0,1.0,0.0
PLA2R1,0.5757877910035146,0.01714411599408656,0.0,0.0,0.0
PLAA,0.4793571403370738,0.07155713421001195,0.0,0.33333333333333326,0.0
PLAC9,0.7118346721198175,0.5339313870931832,1.0,1.0,0.0
PLCD3,0.6067088888752307,0.04775674359430003,0.0,1.0,0.0
PLCE1,0.6451868548905157,0.29963783254022774,1.0,1.0,0.0
PLCH1,0.3910278889940277,0.24838364421270842,0.0,0.33333333333333326,0.0
PLCXD2,0.501347920781903,0.05625295903133885,0.0,0.0,0.0
PLEKHO2,0.6131033849714109,0.2511769727906037,0.0,1.0,0.0
PLIN2,0.7893257099335923,0.3144222766566054,1.0,1.0,0.0
PLIN3,0.6885125346496764,0.15452878763290087,0.0,1.0,0.0
PLK3,0.6522956900150778,0.2964711208459535,0.0,1.0,0.0
PLOD1,0.619377883607796,0.30582122013390217,0.0,1.0,0.0
PLOD2,0.7176047259406162,0.26627111378626384,1.0,1.0,0.0
PLOD3,0.6675000684266714,0.14405360612048665,0.0,1.0,0.0
PLPP6,0.4256370956145043,0.1645373527996652,0.0,0.33333333333333326,0.0
PLPP7,0.4329818063160779,0.2245158361268188,0.0,0.33333333333333326,0.0
PLSCR1,0.7498548263440322,0.3652127096390989,0.0,1.0,0.0
PLSCR4,0.6853569100806088,0.08375463015736224,0.0,1.0,0.0
PLTP,0.612413234719072,0.1211839458688552,0.0,1.0,0.0
PLXDC2,0.6849056646331848,0.5140700156377416,1.0,1.0,0.0
PLXND1,0.6249769800511771,0.2751706422419392,0.0,1.0,0.0
PMP2,0.827230638973198,0.3761975099866281,0.0,1.0,0.0
PMPCB,0.5801652153470429,0.32573316363060556,0.0,0.33333333333333326,0.0
PMS1,0.42196230852474625,0.24442473319817642,0.0,0.33333333333333326,0.0
PNKD,0.3483421854265769,0.5714169546133203,0.0,0.33333333333333326,0.0
PNMA2,0.5782685932901134,0.3624704669514155,0.0,0.33333333333333326,0.0
PNMA3,0.34197850980698424,0.27412676463015057,0.0,0.33333333333333326,0.0
PNP,0.7571248238882536,0.34109130396725695,1.0,1.0,0.0
PNPO,0.5937496647693049,0.05442715519543129,1.0,0.33333333333333326,0.0
POLDIP2,0.4443039564315383,0.16208825064097,0.0,0.33333333333333326,0.0
POLE3,0.6273673493681776,0.2676910075575118,0.0,0.33333333333333326,0.0
POLR2C,0.4303082417939162,0.3200686088792632,0.0,0.33333333333333326,0.0
POLR3F,0.42922294936250505,0.16849252826359523,0.0,0.33333333333333326,0.0
POLR3GL,0.6565292784781662,0.043216002456080836,0.0,0.33333333333333326,0.0
POMGNT2,0.41004709001315504,0.2932460031226299,0.0,0.33333333333333326,0.0
PON2,0.7201233495466074,0.04205182926393602,0.0,1.0,0.0
POP7,0.4040871420214301,0.31010089796381374,0.0,0.33333333333333326,0.0
POU3F2,0.5673242848734388,0.19708563326575754,0.0,1.0,0.0
PPA2,0.5921708390652941,0.16482923202768957,0.0,0.33333333333333326,0.0
PPARA,0.6784947517898895,0.05429371349565381,0.0,1.0,0.0
PPARGC1A,0.38878871456171443,0.2519119917975052,0.0,0.33333333333333326,0.0
PPDPF,0.601024895296205,0.24286285276650482,0.0,1.0,0.0
PPIH,0.5901332373642806,0.1776767632326448,0.0,0.33333333333333326,0.0
PPL,0.2959313593364147,0.32353833139151217,0.0,0.33333333333333326,0.0
PPM1K,0.5647355247505328,0.1546777788420549,0.0,0.33333333333333326,0.0
PPME1,0.39979223846490275,0.1604533952589449,0.0,0.33333333333333326,0.0
PPOX,0.42279820583967587,0.5748345995976814,0.0,0.33333333333333326,0.0
PPP1R14B,0.6316810620964206,0.3754643245483492,0.0,1.0,0.0
PPP1R2,0.5201466649181469,0.20142692685328148,1.0,0.33333333333333326,0.0
PPP1R3F,0.43069957826465566,0.2376100821625361,0.0,0.33333333333333326,0.0
PPP1R7,0.42654141122791955,0.16266115367044987,0.0,0.33333333333333326,0.0
PPP2R1A,0.41433531830599835,0.2045974070789053,0.0,0.33333333333333326,0.0
PPP2R5D,0.4273610162193674,0.20965350115091538,0.0,0.33333333333333326,0.0
PPP3CA,0.3501796791367496,0.3533949921397843,0.0,0.33333333333333326,0.0
PPT1,0.6079886135400009,0.1029692719793215,0.0,0.33333333333333326,0.0
PPTC7,0.41389016530917916,0.42875077835133724,0.0,0.33333333333333326,0.0
PRC1,0.38968287298840004,0.5380204740852682,0.0,0.33333333333333326,0.0
PRDX4,0.6826372591597488,0.00313908555079987,0.0,1.0,0.0
PREP,0.3858338815734629,0.2465463800389964,0.0,0.33333333333333326,0.0
PREPL,0.33504385451749946,0.30063684775207483,0.0,0.33333333333333326,0.0
PREX1,0.6321902844122915,0.2855726435424798,0.0,1.0,0.0
PRKCB,0.6031365569116811,0.030343915622964505,0.0,0.33333333333333326,0.0
PRKCE,0.33992944290343446,0.3520905873312205,0.0,0.33333333333333326,0.0
PRKD1,0.6752144666326552,0.5399165080395425,1.0,1.0,0.0
PROS1,0.7509822042180709,0.2017010043986922,0.0,1.0,0.0
PRPF19,0.3941864582674413,0.3287334635569152,0.0,0.33333333333333326,0.0
PRPF3,0.7006195206452472,0.13605731472745286,0.0,0.33333333333333326,0.0
PRPS1,0.3812345685604317,0.17804827519858812,0.0,0.33333333333333326,0.0
PRR14,0.6742173304206488,0.1439109452034943,0.0,1.0,0.0
PRR14L,0.6458565882744817,0.13668230076377522,0.0,1.0,0.0
PRR15,0.5514179227998657,0.2338166100045902,0.0,1.0,0.0
PRR5,0.6347378825036569,0.42930947333581454,0.0,1.0,0.0
PRRG4,0.6128721862505984,0.1963318420006876,0.0,1.0,0.0
PRRX1,0.6777074797390695,0.2052438729996014,0.0,1.0,0.0
PRSS35,0.5925259890270285,0.14190935689247924,0.0,1.0,0.0
PRXL2A,0.5856588951422144,0.15078704732314674,0.0,0.33333333333333326,0.0
PSEN2,0.4142820534433727,0.21276851242656636,0.0,0.33333333333333326,0.0
PSMA4,0.6071569184739363,0.10531318304394986,0.0,0.33333333333333326,0.0
PSMC1,0.4367467163080627,0.14347921721383855,0.0,0.33333333333333326,0.0
PSMD1,0.40154103375514283,0.1739039183925839,0.0,0.33333333333333326,0.0
PSME1,0.6639264161563817,0.09131172096054835,1.0,1.0,0.0
PSME2,0.6757157068908894,0.23909574925589794,1.0,1.0,0.0
PSMG3,0.39183664665970147,0.21033300496828441,0.0,0.33333333333333326,0.0
PSTK,0.4746479648431383,0.04298141822811632,0.0,0.33333333333333326,0.0
PTAFR,0.6746189180571007,0.19326087263846187,0.0,1.0,0.0
PTBP3,0.5505038831875,0.11117868070828943,0.0,1.0,0.0
PTGR2,0.669603517082561,0.11938991656104275,0.0,1.0,0.0
PTGS2,0.7805947177916308,0.18753215814362073,0.0,1.0,0.0
PTH2R,0.27640607566609154,0.4424308520257494,0.0,0.33333333333333326,0.0
PTK2B,0.3611843915572137,0.2713991487496461,0.0,0.33333333333333326,0.0
PTN,0.666615185636151,0.09855852822946706,0.0,1.0,0.0
PTPN1,0.6545455223433028,0.2880552542049839,1.0,1.0,0.0
PTPN12,0.583481333758558,0.45212637285323354,0.0,1.0,0.0
PTPN13,0.6444597935656228,0.32588296010588097,0.0,1.0,0.0
PTPN3,0.3742919935513367,0.13954864445278686,0.0,0.33333333333333326,0.0
PTPN4,0.39734960380663215,0.11710376067679157,0.0,0.33333333333333326,0.0
PTPRM,0.41183715563662654,0.1379026476116068,0.0,0.33333333333333326,0.0
PTPRZ1,0.6023072141705849,0.4185575883289505,0.0,1.0,0.0
PTTG1IP,0.7344267480567256,0.2553642624235903,1.0,1.0,0.0
PVALB,0.0,0.5735928652440332,0.0,0.33333333333333326,0.0
PWP1,0.4265442909327949,0.10670650611066076,0.0,0.33333333333333326,0.0
PXN,0.6668004977338705,0.11336158629463083,0.0,1.0,0.0
PYCR1,0.6554225761342027,0.23674177846953295,0.0,1.0,0.0
PYGB,0.39515130111676905,0.8121168154408418,0.0,0.33333333333333326,0.0
PYGL,0.7947599707930234,0.42312311238483863,0.0,1.0,0.0
PYM1,0.4477205397836634,0.05648164294989196,0.0,0.33333333333333326,0.0
QPRT,0.6071669276700762,0.06834048059944918,0.0,0.33333333333333326,0.0
QRICH1,0.4446498196032312,0.32094643398374384,0.0,0.33333333333333326,0.0
RAB11FIP5,0.4216993320638921,0.3889267354209878,0.0,0.33333333333333326,0.0
RAB13,0.687169898497234,0.3390729634398594,0.0,1.0,0.0
RAB22A,0.6384487564785083,0.06087156290581516,0.0,0.33333333333333326,0.0
RAB26,0.37467478403958815,0.4934692580814043,0.0,0.33333333333333326,0.0
RAB27A,0.7209511967549407,0.24808974032108003,0.0,1.0,0.0
RAB29,0.6027906753271329,0.3057699972994212,0.0,1.0,0.0
RAB31,0.7415705221052123,0.2512608579023584,1.0,1.0,0.0
RAB3GAP1,0.6547249437196002,0.30762670408910153,0.0,0.33333333333333326,0.0
RAB3IL1,0.6507812876260558,0.23920027194515522,0.0,1.0,0.0
RAB9A,0.6638545798438484,0.18935504772530823,0.0,0.33333333333333326,0.0
RABEPK,0.4326991355983487,0.085698820147375,0.0,0.33333333333333326,0.0
RABL2A,0.5838543591253403,0.23172912561942213,0.0,0.33333333333333326,0.0
RAC3,0.4124513197459562,0.07412786061589607,0.0,0.33333333333333326,0.0
RAD54L,0.6433831513230742,0.17315688954389172,0.0,1.0,0.0
RALGPS1,0.44887122628248394,0.26389486695807585,0.0,0.33333333333333326,0.0
RAMAC,0.43666365183830513,0.13640742558556454,0.0,0.33333333333333326,0.0
RAMP1,0.5748706035886003,0.2124950782185881,0.0,1.0,0.0
RANBP1,0.4384917013760434,0.13351630135547435,0.0,0.33333333333333326,0.0
RAP1B,0.5542149775190488,0.0754976370837872,0.0,1.0,0.0
RARB,0.39178451427189814,0.24121328279514856,0.0,0.33333333333333326,0.0
RARS1,0.6273546959349897,0.4891707478612339,0.0,0.33333333333333326,0.0
RASA1,0.4151619253747018,0.2568897713104513,0.0,0.33333333333333326,0.0
RASGEF1B,0.6497920730851283,0.23034151788687177,0.0,1.0,0.0
RASSF6,0.6467385608792386,0.18503951861353712,0.0,1.0,0.0
RBFOX1,0.36359005999052657,0.24024105074240057,0.0,1.0,0.0
RBFOX2,0.39770410602592365,0.09602578287001085,0.0,0.33333333333333326,0.0
RBM12B,0.5616357725774652,0.4453069722799,0.0,1.0,0.0
RBM14,0.7497436273106657,0.1928020025476137,0.0,1.0,0.0
RBM38,0.6051820223828004,0.17985803014772203,0.0,1.0,0.0
RBSN,0.44396220994493313,0.24193051007827437,0.0,0.33333333333333326,0.0
RC3H1,0.5585652938185308,0.4277319388768268,0.0,1.0,0.0
RC3H2,0.48150980805681304,0.06975079052319239,0.0,0.33333333333333326,0.0
RCAN2,0.3151667794045223,0.3587240610994176,0.0,0.33333333333333326,0.0
RCOR3,0.4296943121609501,0.310994944112806,0.0,0.33333333333333326,0.0
RDH10,0.8116171934763164,0.33293170688707524,1.0,1.0,0.0
RDH11,0.5713000913639869,0.028977777588680663,0.0,0.33333333333333326,0.0
REEP2,0.4281431280096586,0.19108859855971208,0.0,1.0,0.0
RELL2,0.3793476717204575,0.7436185254678196,0.0,0.33333333333333326,0.0
RETREG2,0.40465717422799846,0.19821443084615156,0.0,0.33333333333333326,0.0
REXO4,0.5533276336857135,0.2286090372871457,0.0,1.0,0.0
RFLNA,0.4875721394839937,0.01568995266034315,0.0,0.33333333333333326,0.0
RFX5,0.528172868139049,0.4650905926913076,1.0,0.33333333333333326,0.0
RFXANK,0.5912974593547459,0.18827405680421436,0.0,1.0,0.0
RGN,0.4675431613114057,0.49003686041344807,0.0,0.33333333333333326,0.0
RGS7,0.37694065953824735,0.17418630032248736,0.0,0.33333333333333326,0.0
RHBDF2,0.7274138330046934,0.3792291938839267,0.0,1.0,0.0
RHBDL3,0.32092710929373575,0.2222388738942944,0.0,0.33333333333333326,0.0
RHOBTB3,0.6336290680492379,0.0727342286586541,1.0,1.0,0.0
RHOC,0.662545709789788,0.23143705963514533,0.0,1.0,0.0
RHOT1,0.6590468691484493,0.07678793695254066,0.0,0.33333333333333326,0.0
RHPN2,0.7336777122968217,0.3434036184268583,0.0,1.0,0.0
RIN2,0.6783672934794742,0.13594128227950686,1.0,1.0,0.0
RIOK1,0.4275252508321165,0.2622580802323709,0.0,0.33333333333333326,0.0
RIPPLY2,0.3898586933493101,0.29131039157503597,0.0,0.33333333333333326,0.0
RITA1,0.6335303880343713,0.1395304575489743,0.0,0.33333333333333326,0.0
RMC1,0.5924694561031778,0.17110151705823215,0.0,0.33333333333333326,0.0
RMND1,0.4101592612265863,0.3378818506236049,0.0,0.33333333333333326,0.0
RMP64,0.5524964619908229,0.04916176477047311,1.0,0.33333333333333326,0.0
RNASEH1,0.4349972906127672,0.15842312701192934,0.0,0.33333333333333326,0.0
RNASET2,0.6859044199956228,0.07638574060145174,1.0,1.0,0.0
RNF14,0.4278807217856585,0.09529045429134454,0.0,0.33333333333333326,0.0
RNF144A,0.6431737806001524,0.1285386325991989,0.0,0.33333333333333326,0.0
RNF166,0.5972431545360577,0.08879230231242827,0.0,1.0,0.0
RNF175,0.5703139757597255,0.1593306112724827,0.0,0.33333333333333326,0.0
RNF20,0.456877939572022,0.1380792279813416,0.0,0.33333333333333326,0.0
RNF215,0.49654735014994655,0.40554567340273207,1.0,0.33333333333333326,0.0
RNF26,0.41254615281470297,0.2628824998040866,0.0,0.33333333333333326,0.0
RNF34,0.43599907284373457,0.32217126211772,0.0,0.33333333333333326,0.0
RNF41,0.39768337860268554,0.16387673162158986,0.0,0.33333333333333326,0.0
RNFT2,0.4099895978544969,0.1999916934866458,0.0,0.33333333333333326,0.0
RNGTT,0.6292306037311839,0.02057974698991136,0.0,0.33333333333333326,0.0
RNMT,0.40152245886347904,0.35554796358871094,0.0,0.33333333333333326,0.0
ROM1,0.6379592056798665,0.4674919636114075,0.0,1.0,0.0
RPA1,0.635626520281359,0.032565165160414786,0.0,0.33333333333333326,0.0
RPA3,0.5756556132455423,0.3650373778944457,0.0,0.33333333333333326,0.0
RPH3A,0.3427624951114046,0.14188306804732634,0.0,0.33333333333333326,0.0
RPIA,0.6331915638276382,0.05184409107088166,0.0,1.0,0.0
RPL12,0.581291697906434,0.2380253688844853,0.0,1.0,0.0
RPL18A,0.5705731298575092,0.27764513204560926,0.0,1.0,0.0
RPL23A,0.5708674369819842,0.3121903582785395,0.0,1.0,0.0
RPL27A,0.553366357866613,0.09162873891680794,0.0,1.0,0.0
RPL30,0.5545592879348149,0.20095472084095606,0.0,1.0,0.0
RPL32,0.6332001572601512,0.018845972560378937,0.0,1.0,0.0
RPL35,0.5329364042801397,0.29123189065390703,0.0,1.0,0.0
RPL36,0.5482396818745142,0.3694266261392278,0.0,1.0,0.0
RPL39,0.5773288201024305,0.34712039751544416,0.0,1.0,0.0
RPLP1,0.6951245028114145,0.4214365791273448,1.0,1.0,0.0
RPP25,0.4150651651664595,0.19912025722702373,0.0,0.33333333333333326,0.0
RPRD1A,0.6423199888516526,0.0996279338858537,0.0,0.33333333333333326,0.0
RPS11,0.548778358938301,0.03774184512265166,0.0,1.0,0.0
RPS16,0.5623290539161138,0.18030618991096942,0.0,1.0,0.0
RPS19,0.5880616417549941,0.567731222479797,0.0,1.0,0.0
RPS2,0.6097324577693117,0.4361869990163809,0.0,1.0,0.0
RPS28,0.5568356254722929,0.13380411855700758,0.0,1.0,0.0
RPS6KB1,0.555761076773667,0.024886313774989188,1.0,0.33333333333333326,0.0
RPS9,0.5696525656193703,0.3453250335381751,0.0,1.0,0.0
RRAGD,0.7058754423110146,0.08964706472404835,0.0,1.0,0.0
RRAS2,0.5735674166801739,0.32272586225864275,0.0,1.0,0.0
RRBP1,0.6225486662152824,0.054392400348524245,0.0,1.0,0.0
RRM1,0.6250094789942593,0.009786784413250977,0.0,0.33333333333333326,0.0
RRP15,0.7046652781277934,0.32419766500305375,0.0,0.33333333333333326,0.0
RSL24D1,0.617910318000593,0.05375092454421492,0.0,0.33333333333333326,0.0
RSU1,0.557744334279844,0.09701299401980978,0.0,1.0,0.0
RTCB,0.4392187265282713,0.13022582831815457,0.0,0.33333333333333326,0.0
RTN4IP1,0.41597687478864726,0.17407364791842758,0.0,0.33333333333333326,0.0
RUNX1,0.828225380727402,0.37917007949399284,0.0,1.0,0.0
RUSC1,0.5145163468461585,0.45754338462864363,1.0,0.33333333333333326,0.0
RUSF1,0.43931991771642875,0.04231759627190215,0.0,0.33333333333333326,0.0
RWDD2A,0.4030310198040493,0.23212192224562833,0.0,0.33333333333333326,0.0
RWDD2B,0.3702296926842522,0.4331535406414842,0.0,0.33333333333333326,0.0
RYBP,0.5520192563126924,0.03949907188982566,0.0,1.0,0.0
S100A10,0.7681118398084374,0.29386773720650794,0.0,1.0,0.0
S100A16,0.6959857019109773,0.3268474272784183,0.0,1.0,0.0
S100A8,0.7996267558592786,0.2873659428506073,0.0,1.0,0.0
S1PR1,0.6045193668249402,0.1045671362998808,0.0,1.0,0.0
S1PR3,0.7684349987207695,0.21057353193421363,0.0,1.0,0.0
SAAL1,0.6627543207017128,0.1081844959046641,0.0,0.33333333333333326,0.0
SAE1,0.6443258864434224,0.3577487239536529,0.0,0.33333333333333326,0.0
SAMD1,0.5597208381651039,0.11560446609520465,0.0,1.0,0.0
SAMD9L,0.7955074612849652,0.2888288082280225,0.0,1.0,0.0
SAMM50,0.4373282855407113,0.392296693160353,0.0,0.33333333333333326,0.0
SAP30L,0.4683678919569371,0.3224417928253297,0.0,0.33333333333333326,0.0
SARAF,0.6105347974430608,0.0620400508572961,0.0,0.33333333333333326,0.0
SARNP,0.744695486377787,0.15227697242661442,0.0,1.0,0.0
SARS1,0.40526985546752337,0.16885782961053658,0.0,1.0,0.0
SAT1,0.7312736902358029,0.3850323789215558,1.0,1.0,0.0
SAT2,0.449594331505235,0.18862617051796948,0.0,0.33333333333333326,0.0
SATB1,0.4153029463637805,0.16413362161614653,0.0,1.0,0.0
SAYSD1,0.42719374306393515,0.21492730717254296,0.0,0.33333333333333326,0.0
SBF2,0.559150245536491,0.49767595382008895,0.0,1.0,0.0
SCAMP5,0.40350174195221045,0.1973675203686292,0.0,0.33333333333333326,0.0
SCARA3,0.667203953816118,0.2102562046467937,0.0,1.0,0.0
SCARB2,0.6385608108254746,0.10689779821722592,0.0,0.33333333333333326,0.0
SCCPDH,0.6028160007643549,0.06410739639628471,0.0,0.33333333333333326,0.0
SCFD1,0.6010218914019536,0.051425991944129265,0.0,0.33333333333333326,0.0
SCG5,0.3411991557458807,0.371822793152817,0.0,0.33333333333333326,0.0
SCMH1,0.5346357718117729,0.11223443703501955,0.0,1.0,0.0
SCN1B,0.24077088157415882,0.4689217230574032,0.0,1.0,0.0
SCN2B,0.3132813821014125,0.4224373571604032,0.0,0.33333333333333326,0.0
SCN4B,0.32490592635428184,0.48741468257515597,0.0,0.33333333333333326,0.0
SCUBE2,0.6015423267384797,0.10617970777147069,0.0,1.0,0.0
SDF2L1,0.6944668172095962,0.6009647517725141,0.0,1.0,0.0
SDHA,0.40020889997332315,0.5575276302652491,0.0,0.33333333333333326,0.0
SEC11A,0.6415255713021137,0.39657098846817496,1.0,1.0,0.0
SEC14L1,0.5521444840141706,0.06498454038546914,0.0,1.0,0.0
SEC14L2,0.6070461724006819,0.37751839752018496,0.0,1.0,0.0
SEC61A1,0.6000679617017531,0.16866901400624806,0.0,1.0,0.0
SEC61B,0.5425232696939312,0.009731924541969023,0.0,1.0,0.0
SEH1L,0.42340963197671505,0.08759742784821696,0.0,0.33333333333333326,0.0
SELENOK,0.6357911625154771,0.19138021842426248,1.0,1.0,0.0
SELENON,0.6199049607837592,0.13768292937797347,0.0,1.0,0.0
SELENOS,0.716009278854226,0.18457934958981712,0.0,1.0,0.0
SEMA3E,0.37491743558668084,0.2170386423744351,0.0,0.33333333333333326,0.0
SENP2,0.4342868956191424,0.35588199178997265,0.0,0.33333333333333326,0.0
SENP3,0.5210343848071789,0.08946137595129668,0.0,0.33333333333333326,0.0
SERF2,0.5868539834520716,0.516967611646079,0.0,1.0,0.0
SERGEF,0.42030082462836316,0.3443532643465067,0.0,0.33333333333333326,0.0
SERINC1,0.581230495655374,0.3181055231773827,0.0,0.33333333333333326,0.0
SERP1,0.5715315507560509,0.32677114760797354,0.0,1.0,0.0
SERPINA3,0.8567750249808658,0.15842266125010507,0.0,1.0,0.0
SERPINE2,0.7254977176986864,0.04364118575806801,0.0,1.0,0.0
SERPINF1,0.34277512135893234,0.17459944541013875,0.0,0.33333333333333326,0.0
SERPINH1,0.9580182447720316,0.17923090735706879,0.0,1.0,0.0
SERPINI1,0.5332693024183113,0.39607008920890197,0.0,0.33333333333333326,0.0
SERTAD1,0.659270927213887,0.3998266309536268,0.0,1.0,0.0
SERTAD4,0.2758061779734023,0.33776884830564796,0.0,0.33333333333333326,0.0
SEZ6L2,0.36008294029403337,0.31619302911633385,0.0,0.33333333333333326,0.0
SF3A3,0.4630084218535372,0.05928472850983537,0.0,0.33333333333333326,0.0
SFMBT2,0.6292895611741075,0.8653825279781212,0.0,1.0,0.0
SGCB,0.5835433769600417,0.23622298106115458,0.0,0.33333333333333326,0.0
SGIP1,0.6435380523412241,0.06422139094205617,0.0,0.33333333333333326,0.0
SH2B3,0.70138234842701,0.1613398154607393,0.0,1.0,0.0
SH3BGRL2,0.5568263654825382,0.3951026088946557,0.0,0.33333333333333326,0.0
SH3BGRL3,0.6110368462565526,0.12481774453345475,0.0,1.0,0.0
SH3BP5L,0.4912038557878087,0.07546458369334995,0.0,0.33333333333333326,0.0
SH3GL2,0.2851267533816905,0.3658403961523352,0.0,0.33333333333333326,0.0
SH3GLB1,0.5697527705004036,0.2526830217635664,0.0,1.0,0.0
SH3PXD2B,0.6764914682432771,0.09892024536431279,0.0,1.0,0.0
SH3TC1,0.7951563333881192,0.390851682997705,0.0,1.0,0.0
SHC1,0.6156862723704024,0.24113103095012925,0.0,1.0,0.0
SHD,0.30374648139955085,0.9507375505623695,0.0,1.0,0.0
SHLD1,0.4011960916151884,0.31549912557905735,0.0,0.33333333333333326,0.0
SHMT2,0.5862158040486252,0.10682191449404291,0.0,1.0,0.0
SIK1,0.7699924016360584,0.10103591708598941,0.0,1.0,0.0
SIPA1,0.6516258382438794,0.3359202270940936,0.0,1.0,0.0
SLA,0.6796818712077588,0.39101234467695534,1.0,1.0,0.0
SLC12A5,0.3688235727804774,0.3664053110053355,0.0,0.33333333333333326,0.0
SLC15A3,0.7252119533070984,0.31330978997817843,1.0,1.0,0.0
SLC16A14,0.36337241819370253,0.2698622399597408,0.0,0.33333333333333326,0.0
SLC16A3,0.7810316141470444,0.4688997389864522,0.0,1.0,0.0
SLC16A9,0.7727663321018631,0.11912845097187542,0.0,1.0,0.0
SLC17A6,0.21424266382008256,0.1680633478428016,0.0,0.33333333333333326,0.0
SLC1A6,0.4771669516870025,0.14429042583167986,0.0,0.33333333333333326,0.0
SLC20A1,0.40523191890000515,0.3251740820169801,0.0,0.33333333333333326,0.0
SLC22A17,0.4007033468974786,0.28834418428138126,0.0,0.33333333333333326,0.0
SLC25A1,0.5883076798084544,0.16692396633575216,0.0,1.0,0.0
SLC25A12,0.30929358073671587,0.6695377064941782,0.0,0.33333333333333326,0.0
SLC25A27,0.3631833511947402,0.5040483497293344,0.0,0.33333333333333326,0.0
SLC25A3,0.3991939772070122,0.18027395497804746,0.0,0.33333333333333326,0.0
SLC25A37,0.676498346129181,0.22542233033123252,0.0,1.0,0.0
SLC25A4,0.3589660501691908,0.30386806199115035,0.0,0.33333333333333326,0.0
SLC25A5,0.6274295393333076,0.21256498314981703,0.0,0.33333333333333326,0.0
SLC26A6,0.7185707876159905,0.165915133532827,0.0,0.33333333333333326,0.0
SLC2A5,0.6713870898093808,0.24094015234514218,0.0,1.0,0.0
SLC30A5,0.43168435655136217,0.2827554811050912,0.0,0.33333333333333326,0.0
SLC30A9,0.3925546682877103,0.19088169368598804,0.0,0.33333333333333326,0.0
SLC33A2,0.40108523159007164,0.22100037059372685,0.0,0.33333333333333326,0.0
SLC35A1,0.6158501886199689,0.04144154892517072,0.0,0.33333333333333326,0.0
SLC35A5,0.5807053079669061,0.09499850019842074,0.0,0.33333333333333326,0.0
SLC35B3,0.43033155573167076,0.26875790514146625,0.0,0.33333333333333326,0.0
SLC35B4,0.392819300505795,0.2551302809655081,0.0,0.33333333333333326,0.0
SLC37A4,0.4218084912788223,0.4620768763599535,0.0,0.33333333333333326,0.0
SLC38A1,0.5423760332185482,0.06088141833601504,1.0,0.33333333333333326,0.0
SLC38A11,0.3934335835706708,0.1273901212362327,0.0,0.33333333333333326,0.0
SLC39A1,0.6971863860722977,0.4157527985574583,0.0,1.0,0.0
SLC43A1,0.6050338660992174,0.04362062563513912,0.0,1.0,0.0
SLC45A1,0.4816729239757078,0.2138525294056017,1.0,0.33333333333333326,0.0
SLC49A4,0.691488671745142,0.04101565162409874,0.0,0.33333333333333326,0.0
SLC6A15,0.33854356524603946,0.362472361458455,0.0,0.33333333333333326,0.0
SLF1,0.5289093089688762,0.15898295511072333,0.0,0.33333333333333326,0.0
SLITRK3,0.3952356472213904,0.2718552870130984,0.0,0.33333333333333326,0.0
SLITRK4,0.34559038256549685,0.1322801906579561,0.0,0.33333333333333326,0.0
SLX4IP,0.5849744753936982,0.1436182913993653,0.0,1.0,0.0
SMARCC1,0.5675342384536924,0.1106477306817571,0.0,1.0,0.0
SMARCD1,0.7120787741551041,0.023038834547378432,0.0,1.0,0.0
SMIM7,0.6159118121600377,0.06324245382639782,0.0,0.33333333333333326,0.0
SMO,0.6930085387325906,0.1680869693554208,0.0,1.0,0.0
SNAP23,0.6299891424310143,0.21972027261626764,0.0,1.0,0.0
SNAP25,0.36883345314132127,0.26972925070589543,0.0,0.33333333333333326,0.0
SNAP47,0.42303893802743037,0.3193550657893132,0.0,0.33333333333333326,0.0
SNAPIN,0.5795415918504074,0.05353723862826536,0.0,0.33333333333333326,0.0
SNCA,0.5860599927740563,0.1658939330537429,0.0,0.33333333333333326,0.0
SNCG,0.3055497774685731,0.40693805016161294,0.0,1.0,0.0
SNPH,0.49603917934992026,0.067409654605167,0.0,0.33333333333333326,0.0
SNRPA,0.5437875223719262,0.021508657018663013,0.0,1.0,0.0
SNRPA1,0.5475040931076218,0.14243773940452698,1.0,0.33333333333333326,0.0
SNRPG,0.6613190664403454,0.25919940246059303,1.0,1.0,0.0
SNRPN,0.39985197961419955,0.1854761926130389,0.0,0.33333333333333326,0.0
SNU13,0.40978380270158643,0.48760893475924266,0.0,0.33333333333333326,0.0
SNX14,0.41833422507254103,0.25357146675398257,0.0,0.33333333333333326,0.0
SNX17,0.42206465078595695,0.1825547136630704,0.0,0.33333333333333326,0.0
SORL1,0.3954063831299457,0.3258923894531074,0.0,0.33333333333333326,0.0
SOWAHC,0.645488742134036,0.20309046206815495,0.0,1.0,0.0
SOX2,0.6304967566069921,0.35345462933103133,0.0,1.0,0.0
SOX4,0.667858532585854,0.5861478416339778,0.0,1.0,0.0
SOX9,0.6494503143794007,0.2675185919667057,0.0,1.0,0.0
SP110,0.745873827026844,0.2796913161439653,1.0,1.0,0.0
SPAG9,0.5831783966350192,0.04058264742028871,1.0,0.33333333333333326,0.0
SPARC,0.6974059813931007,0.06179590666719892,1.0,1.0,0.0
SPATA7,0.396848059002808,0.36743776989722327,0.0,0.33333333333333326,0.0
SPIN2B,0.45112004667332184,0.3435489560464622,0.0,0.33333333333333326,0.0
SPINDOC,0.5503542061731849,0.08877810182129464,0.0,1.0,0.0
SPINT2,0.374298948382936,0.2954218301492702,0.0,0.33333333333333326,0.0
SPIRE1,0.6386898984570327,0.1473442795751915,0.0,0.33333333333333326,0.0
SPOCK2,0.4025913715075646,0.4073107867220479,0.0,0.33333333333333326,0.0
SPOP,0.5909871314933574,0.0740312948330641,1.0,0.33333333333333326,0.0
SPP1,0.9201725211350906,0.1047429816936144,0.0,1.0,0.0
SPR,0.6359137460953876,0.1398587750216441,1.0,1.0,0.0
SPRY1,0.579639662638291,0.04191522030809604,0.0,1.0,0.0
SPRYD3,0.3896288919934719,0.31651657087477447,0.0,0.33333333333333326,0.0
SPRYD7,0.406676935159722,0.33283510939508976,0.0,0.33333333333333326,0.0
SPTAN1,0.4202459261313426,0.3629235173621172,0.0,0.33333333333333326,0.0
SRGAP1,0.8015834704131453,0.3958355364383049,0.0,1.0,0.0
SRGAP3,0.42696098185185033,0.15523483425559156,0.0,0.33333333333333326,0.0
SRGN,0.7729090885222547,0.5373186151154543,1.0,1.0,0.0
SRP54,0.42952605544875627,0.15529737512468986,0.0,0.33333333333333326,0.0
SRP68,0.4491604140288941,0.30335113681182707,0.0,0.33333333333333326,0.0
SRP72,0.4465061536338767,0.23324714328831483,0.0,0.33333333333333326,0.0
SRRM4,0.36977615119728413,0.11519951249439225,0.0,0.33333333333333326,0.0
SRRT,0.7213857199299835,0.3006636732671937,0.0,1.0,0.0
SRSF2,0.6356397789076403,0.03555125083627157,0.0,0.33333333333333326,0.0
SSX2IP,0.5246213233361814,0.20128939401913645,1.0,0.33333333333333326,0.0
STAB1,0.7989409452840078,0.20692738838512512,0.0,1.0,0.0
STAMBPL1,0.36454542110348,0.18536391798913662,0.0,0.33333333333333326,0.0
STAT3,0.6877642615249798,0.10366569356435183,1.0,1.0,0.0
STAT4,0.1343942519357634,0.6701470196257306,0.0,0.33333333333333326,0.0
STAU2,0.40059042887642965,0.11652979785114072,0.0,0.33333333333333326,0.0
STEAP2,0.3305525461952315,0.27557753350550895,0.0,0.33333333333333326,0.0
STK38,0.7505087324050194,0.3651062989266446,0.0,1.0,0.0
STK39,0.5882284776157808,0.07806257168258667,1.0,0.33333333333333326,0.0
STK40,0.5966648763336854,0.11418743142744357,0.0,1.0,0.0
STMN1,0.6065407363941261,0.3170832235056825,0.0,0.33333333333333326,0.0
STMN2,0.3253347747560705,0.30106671685858194,0.0,0.33333333333333326,0.0
STMN4,0.47616034822486664,0.12356143738719635,0.0,0.33333333333333326,0.0
STN1,0.41824756988666045,0.29296856783035263,0.0,0.33333333333333326,0.0
STOML2,0.45090637967997405,0.09525601285719983,0.0,0.33333333333333326,0.0
STPG1,0.46611344316688036,0.4446888083869176,0.0,0.0,0.0
STRADB,0.684353773206863,0.1060209027635706,0.0,0.33333333333333326,0.0
STX2,0.55750817242148,0.11986915640327582,0.0,1.0,0.0
STX3,0.5597612507716229,0.16471642236917824,1.0,0.33333333333333326,0.0
STX4,0.7125516338535726,0.10301320503304218,0.0,1.0,0.0
STXBP1,0.36111783149824883,0.1526969800357566,0.0,0.33333333333333326,0.0
STYXL1,0.612373462241695,0.556541487577528,0.0,1.0,0.0
SUCLA2,0.5681684321316127,0.23393431036783524,0.0,0.33333333333333326,0.0
SUDS3,0.450262428548424,0.059203914936057186,0.0,0.33333333333333326,0.0
SUN1,0.6411310276765174,0.15817746583911252,0.0,0.33333333333333326,0.0
SUPT16H,0.569084811504935,0.1191542801456363,1.0,0.33333333333333326,0.0
SUPV3L1,0.4454728568700456,0.23173105714981534,0.0,0.33333333333333326,0.0
SUV39H1,0.4389818715483138,0.2796241364473899,0.0,0.33333333333333326,0.0
SV2A,0.38298654848640745,0.18048217898560642,0.0,0.33333333333333326,0.0
SV2B,0.2732311761843071,0.3129798251325959,0.0,0.33333333333333326,0.0
SVIL,0.7154620287633184,0.12571506776334962,0.0,1.0,0.0
SVOP,0.33015204852013624,0.28505997723081605,0.0,0.33333333333333326,0.0
SWT1,0.566689406922361,0.13513215833845668,0.0,1.0,0.0
SYK,0.7207972476428121,0.11812687082934469,0.0,1.0,0.0
SYNGR1,0.40100713459657167,0.4358534082389124,0.0,0.33333333333333326,0.0
SYNGR3,0.3928240465979303,0.03861931538535396,0.0,0.33333333333333326,0.0
SYP,0.3284236619306447,0.23907374092078307,0.0,0.33333333333333326,0.0
SYT11,0.4184468876836084,0.28379178241570535,0.0,0.33333333333333326,0.0
SYT13,0.47540491500903503,0.17725962909814064,1.0,0.33333333333333326,0.0
SYT17,0.5843269988480234,0.14045657683560753,0.0,1.0,0.0
SZRD1,0.587568008612837,0.306400813725829,0.0,1.0,0.0
TAGLN2,0.6649353006393551,0.30043704927355097,0.0,1.0,0.0
TAGLN3,0.5324648859692924,0.18897021775273717,1.0,0.33333333333333326,0.0
TAL1,0.6641707977069246,0.14414077610477866,0.0,1.0,0.0
TAP1,0.7607572490757507,0.10271587942865502,0.0,1.0,0.0
TARBP1,0.3339266164442777,0.6822005300587484,0.0,0.33333333333333326,0.0
TBC1D10A,0.5659248638922646,0.06967112385901475,0.0,1.0,0.0
TBC1D2B,0.6835723018612843,0.05756186889308049,0.0,1.0,0.0
TBC1D4,0.3873884215271398,0.4855348873127041,0.0,0.33333333333333326,0.0
TBCC,0.3899617311296223,0.3050867358979584,0.0,0.33333333333333326,0.0
TBK1,0.4169312007831212,0.23940298953492536,0.0,0.33333333333333326,0.0
TBP,0.45442779805171185,0.09428640138628294,0.0,0.33333333333333326,0.0
TBR1,0.27222753452327486,0.1424547662391533,0.0,1.0,0.0
TCAF1,0.5878059857077454,0.1617138020431282,0.0,0.33333333333333326,0.0
TCEA2,0.44149415011789794,0.2879455020619964,0.0,0.33333333333333326,0.0
TCEA3,0.6218587608461108,0.6802369975515355,0.0,1.0,0.0
TCEAL2,0.5824598745704238,0.23559991974916616,1.0,0.33333333333333326,0.0
TCEAL6,0.3461271470186114,0.20841691429368717,0.0,0.33333333333333326,0.0
TCEAL9,0.63618713208709,0.17050669346562577,1.0,1.0,0.0
TCERG1,0.444215966822288,0.10781140020108779,0.0,0.33333333333333326,0.0
TCIRG1,0.828434168656963,0.5038854358814986,0.0,1.0,0.0
TCTN1,0.6360826744889666,0.08284307354819256,1.0,1.0,0.0
TDP1,0.4969091077337659,0.21394061112305654,0.0,0.33333333333333326,0.0
TDP2,0.4271645975859714,0.1471916423784994,0.0,0.33333333333333326,0.0
TDRKH,0.4976676259276653,0.250919255562916,0.0,0.33333333333333326,0.0
TEAD2,0.6873856233947278,0.07132015759793758,0.0,1.0,0.0
TENT5A,0.8435703114851307,0.27289218475165383,0.0,1.0,0.0
TERF2IP,0.41718920720638775,0.19252499440505094,0.0,0.33333333333333326,0.0
TFB1M,0.4250899681666138,0.1583201906825411,0.0,0.33333333333333326,0.0
TFDP1,0.6780426694931513,0.16902086062258662,0.0,1.0,0.0
TFPI,0.7970067527869054,0.43723158248464616,0.0,1.0,0.0
TGFB3,0.6730468339713677,0.10501780213412801,0.0,1.0,0.0
TGFBR3,0.6942847603937129,0.0677854240489778,0.0,1.0,0.0
TGIF1,0.8334687763809168,0.34823819055415894,0.0,1.0,0.0
THAP11,0.6172418373822878,0.01516984926870366,0.0,0.33333333333333326,0.0
THEMIS,0.25910713411840935,0.3957183772006316,0.0,0.33333333333333326,0.0
THUMPD1,0.4207635525376288,0.23007785873292508,0.0,0.33333333333333326,0.0
TIGD3,0.44896457539594853,0.13385428349002992,0.0,0.0,0.0
TIMCC,0.4248554368710522,0.08246178618363083,0.0,0.33333333333333326,0.0
TIMP1,0.8568142761639771,0.24465703818789636,1.0,1.0,0.0
TIPARP,0.7174099353121953,0.21312039863120114,1.0,1.0,0.0
TLCD3A,0.682350018436443,0.18502319537124612,0.0,0.33333333333333326,0.0
TLE1,0.5479047579676599,0.16394412652583343,0.0,1.0,0.0
TLN1,0.6696845127154312,0.20402301010189625,1.0,1.0,0.0
TLR1,0.6549999861120012,0.227917610534888,0.0,1.0,0.0
TM2D3,0.6219304797530367,0.12824278598073194,0.0,0.33333333333333326,0.0
TMBIM1,0.6656331094590955,0.20744269799333312,0.0,1.0,0.0
TMBIM4,0.6877646619176748,0.24414240730173553,0.0,0.33333333333333326,0.0
TMCO1,0.6920484844027399,0.17652667106633976,0.0,0.33333333333333326,0.0
TMED5,0.5659114600462056,0.04934562980165923,0.0,1.0,0.0
TMEM126B,0.5909959739172196,0.19160837742276052,0.0,0.33333333333333326,0.0
TMEM14C,0.6443372067503935,0.17301102283804695,0.0,0.33333333333333326,0.0
TMEM17,0.6597159966983465,0.13644378528477724,0.0,0.33333333333333326,0.0
TMEM237,0.40083259965998974,0.32275078651320904,0.0,0.33333333333333326,0.0
TMEM25,0.34675956702070126,0.5529095141013971,0.0,0.33333333333333326,0.0
TMEM268,0.3699140152319822,0.32290936855104846,0.0,0.33333333333333326,0.0
TMEM43,0.606373639910176,0.06757940590686906,1.0,1.0,0.0
TMEM62,0.41392716430079973,0.21486716627195102,0.0,0.33333333333333326,0.0
TMIGD3,0.7792801153470057,0.18805019030036613,0.0,1.0,0.0
TMTC4,0.3704833813430529,0.06376983154128972,0.0,0.33333333333333326,0.0
TMX1,0.6859518803013992,0.22660138013780443,0.0,1.0,0.0
TMX3,0.3884824419230248,0.14600901012546944,0.0,0.33333333333333326,0.0
TMX4,0.3495097925068603,0.2558331502038675,0.0,0.33333333333333326,0.0
TNFRSF10B,0.784564086504577,0.3103475510500902,0.0,1.0,0.0
TNFRSF1A,0.6903486559298746,0.2697207003466119,0.0,1.0,0.0
TNFRSF1B,0.6977314341963101,0.18354048017836838,1.0,1.0,0.0
TNFSF12,0.598473950513658,0.07038883006755935,0.0,1.0,0.0
TNFSF13B,0.6828581083710865,0.19247722808234197,0.0,1.0,0.0
TNNT1,0.6029866221883998,0.18975788228261964,0.0,1.0,0.0
TNNT2,0.302817556985643,0.42856630692622893,0.0,1.0,0.0
TOB1,0.5711465471041269,0.20321704075289765,0.0,1.0,0.0
TOB2,0.6108708823564521,0.04344291093808182,0.0,1.0,0.0
TOGARAM1,0.4359497837556214,0.05817180984091674,0.0,0.33333333333333326,0.0
TOMM20,0.35260363659139077,0.3067340401202742,0.0,0.33333333333333326,0.0
TOMM70,0.5344250671751835,0.2028266410550331,1.0,0.33333333333333326,0.0
TOP1MT,0.5956969568367725,0.1577077205922545,0.0,1.0,0.0
TOP2B,0.4296830342626758,0.19706837576730665,0.0,0.33333333333333326,0.0
TOPBP1,0.4339856480889713,0.19463408953913286,0.0,0.33333333333333326,0.0
TOX,0.5242435015650588,0.35876050749284444,1.0,0.33333333333333326,0.0
TP53I13,0.622835947957543,0.0491248864628982,1.0,1.0,0.0
TPI1,0.4048294240823119,0.1976766690006361,0.0,0.33333333333333326,0.0
TPK1,0.4051957132978776,0.26542757841015235,0.0,0.33333333333333326,0.0
TPMT,0.4280317702805464,0.03152151893552253,0.0,0.33333333333333326,0.0
TRAF3IP2,0.6650723997026032,0.41342959027417686,0.0,1.0,0.0
TRAM2,0.7359969539373538,0.3229285144143426,0.0,1.0,0.0
TRAPPC11,0.42957927582067934,0.2597279645850985,0.0,0.33333333333333326,0.0
TRAPPC3,0.4537004019401107,0.07016975959134132,0.0,0.33333333333333326,0.0
TRAPPC8,0.6130803580078273,0.07173789183536707,0.0,0.33333333333333326,0.0
TRIB1,0.8089311917183317,0.09386346670621352,0.0,1.0,0.0
TRIM2,0.6294219226797603,0.38016435301696583,0.0,0.33333333333333326,0.0
TRIM23,0.3715206112245399,0.2177295584927067,0.0,0.33333333333333326,0.0
TRIM37,0.3104268847193326,0.3149477145495185,0.0,0.33333333333333326,0.0
TRIM44,0.43740114444229544,0.428318888940491,0.0,0.33333333333333326,0.0
TRIM47,0.6116024578403726,0.04779992593040984,0.0,1.0,0.0
TRIM56,0.7640039029547044,0.11351243089744698,0.0,1.0,0.0
TRIM68,0.5794906119501405,0.01849140804584791,0.0,0.33333333333333326,0.0
TRMT11,0.4016880344879409,0.19055265389190132,0.0,0.33333333333333326,0.0
TRMT1L,0.4516562468788868,0.0972937059823896,0.0,0.33333333333333326,0.0
TRO,0.42019283275856584,0.2489808650563951,0.0,0.33333333333333326,0.0
TRPC1,0.40896756186403777,0.23585767522492432,0.0,0.33333333333333326,0.0
TRPC5,0.4411007372093922,0.2911734853290286,0.0,0.33333333333333326,0.0
TRRAP,0.6974528490601661,0.1583976460902391,0.0,1.0,0.0
TSC1,0.6241833220155995,0.09511361449043552,0.0,0.33333333333333326,0.0
TSEN34,0.6973433069167592,0.1106838506700413,0.0,1.0,0.0
TSG101,0.6196630955661565,0.05185993291258371,0.0,0.33333333333333326,0.0
TSHR,0.6905360726255307,0.26362353525027316,0.0,1.0,0.0
TSNAX,0.38705491477602644,0.22707020542280373,0.0,0.33333333333333326,0.0
TSPAN14,0.6124783097340197,0.10355732853883534,0.0,1.0,0.0
TSPAN31,0.6774104198757877,0.02364640543252864,0.0,1.0,0.0
TSPAN7,0.6224777374548222,0.05459300918848742,0.0,0.33333333333333326,0.0
TSPO,0.6541329686009911,0.16742467192173527,0.0,1.0,0.0
TSPYL5,0.41748263905700117,0.1609003518524007,0.0,0.33333333333333326,0.0
TSSK4,0.6422697118055462,0.09574378187633516,0.0,1.0,0.0
TTC1,0.4445352607854736,0.1530987546106286,0.0,0.33333333333333326,0.0
TTC13,0.42138254035748096,0.2782669864437219,0.0,0.33333333333333326,0.0
TTC19,0.398683094619695,0.28612575935921725,0.0,0.33333333333333326,0.0
TTC38,0.6718771171796047,0.1716316936662294,1.0,1.0,0.0
TTC9C,0.4147635760391884,0.4175881861285041,0.0,0.33333333333333326,0.0
TTF1,0.519788710093189,0.09159674978567758,0.0,0.0,0.0
TTLL12,0.4378460721678359,0.09271953811884029,0.0,0.33333333333333326,0.0
TUBB,0.6097724885757528,0.1372238013577657,0.0,0.33333333333333326,0.0
TUBB2B,0.6954187028847816,0.5584827500638317,0.0,1.0,0.0
TUBB4B,0.531022769928572,0.20064781835315484,0.0,0.33333333333333326,0.0
TUBG1,0.4367550578173447,0.050858101086595456,0.0,0.33333333333333326,0.0
TXNDC12,0.7210729240707664,0.2656338299902577,0.0,0.33333333333333326,0.0
TXNIP,0.6972504280329646,0.20615222082163845,0.0,1.0,0.0
TYMP,0.7215229492029418,0.24223841573664207,0.0,1.0,0.0
U2AF2,0.5425913172933647,0.13090878870019046,0.0,1.0,0.0
UBA52,0.7015516297421132,0.12917928557757233,0.0,1.0,0.0
UBA6,0.6572729701603442,0.027308825665869122,0.0,0.33333333333333326,0.0
UBE2E1,0.6653129931788915,0.1304124262162852,0.0,1.0,0.0
UBE2E3,0.6487600611371634,0.30660918873937104,0.0,0.33333333333333326,0.0
UBE2L6,0.5862570629296958,0.3267633017663806,0.0,1.0,0.0
UBE2N,0.5787450098682785,0.08356987774177886,1.0,0.33333333333333326,0.0
UBE4A,0.43482188926382737,0.2758709753102976,0.0,0.33333333333333326,0.0
UBLCP1,0.5244827882829598,0.3749207615037073,1.0,0.33333333333333326,0.0
UBP1,0.6615763656549303,0.010103807401513157,0.0,0.33333333333333326,0.0
UBQLN2,0.6657923338754782,0.19732648136091427,0.0,0.33333333333333326,0.0
UBR3,0.4241043134059942,0.12512759454447336,0.0,0.33333333333333326,0.0
UBTD1,0.5926209911169177,0.1532876440076051,0.0,1.0,0.0
UBXN10,0.4214524499247185,0.3013306830948922,0.0,0.0,0.0
UCHL5,0.369549703563924,0.49360056169076466,0.0,0.33333333333333326,0.0
UGDH,0.6746212150130467,0.4268265074792132,1.0,1.0,0.0
UNC79,0.4237538072487542,0.3080974687395222,0.0,0.33333333333333326,0.0
UNC80,0.4750397237954811,0.23114018809997713,0.0,0.0,0.0
UNG,0.7170839655064849,0.42099431360245737,0.0,1.0,0.0
UQCRC1,0.36932242676439386,0.5974908906232634,0.0,0.33333333333333326,0.0
UQCRC2,0.3850349039471733,0.2276909940993705,0.0,0.33333333333333326,0.0
UQCRFS1,0.6257265740310404,0.2157259787398718,0.0,0.33333333333333326,0.0
URGCP,0.4355638691708317,0.28427229738669013,0.0,0.33333333333333326,0.0
UROD,0.4214525560078806,0.18497480326195562,0.0,0.33333333333333326,0.0
USP11,0.39059029141224194,0.22903591027469972,0.0,0.33333333333333326,0.0
USP13,0.587752564686438,0.004756862999787079,0.0,0.33333333333333326,0.0
USP4,0.5176053732145415,0.08410162381985171,0.0,0.33333333333333326,0.0
USP46,0.6338850016342445,0.30545912190439395,0.0,0.33333333333333326,0.0
USP49,0.6802628356845527,0.07548493008962764,0.0,1.0,0.0
USP5,0.403008482321472,0.23834477508705793,0.0,0.33333333333333326,0.0
UXS1,0.48683216313483657,0.18138081140140339,0.0,0.33333333333333326,0.0
UXT,0.6726135314586413,0.1684911141680698,0.0,1.0,0.0
VAMP1,0.2408934229424804,0.7452376790668747,0.0,0.33333333333333326,0.0
VAMP8,0.7491727933540965,0.30119765851663916,0.0,1.0,0.0
VAT1,0.5858247514841187,0.14564916014305782,0.0,1.0,0.0
VBP1,0.6547578217230154,0.03909014436584899,0.0,0.33333333333333326,0.0
VCAN,0.5852091634410626,0.11216518928782263,0.0,1.0,0.0
VCPKMT,0.4000257472279443,0.16120795642273889,0.0,0.33333333333333326,0.0
VDAC1,0.3995662489281356,0.0583246486484909,0.0,0.33333333333333326,0.0
VDAC3,0.36779131360527967,0.451187202449499,0.0,0.33333333333333326,0.0
VGLL4,0.671737956471042,0.2826149769393899,1.0,1.0,0.0
VHL,0.5407324023150989,0.2157834108388608,0.0,1.0,0.0
VIM,0.8889255937784051,0.1956483901972996,0.0,1.0,0.0
VPS11,0.41865202901599363,0.6192405685833261,0.0,0.33333333333333326,0.0
VPS13A,0.42286842411561176,0.04336424586640485,0.0,0.33333333333333326,0.0
VPS16,0.4380955250059811,0.2227223744463765,0.0,0.33333333333333326,0.0
VPS33A,0.5160116561814052,0.07229053059266265,0.0,0.0,0.0
VPS33B,0.4025800448582873,0.43543043857284436,0.0,0.33333333333333326,0.0
VPS35,0.5288584220370253,0.2918558222748076,1.0,0.33333333333333326,0.0
VPS36,0.3879851326963966,0.33370066060358317,0.0,0.33333333333333326,0.0
VPS37B,0.6146513480589786,0.21841620424279481,0.0,1.0,0.0
VPS39,0.4356790613463199,0.2481161914885657,0.0,0.33333333333333326,0.0
VPS45,0.43165946571634417,0.18422231122753835,0.0,0.33333333333333326,0.0
VPS51,0.45521752873606375,0.2053330842620282,0.0,0.33333333333333326,0.0
VPS8,0.4414038435911279,0.19022406019850072,0.0,0.33333333333333326,0.0
VRK1,0.4026697875269962,0.2058031663146198,0.0,0.33333333333333326,0.0
VSNL1,0.269749778081961,0.3910408213572857,0.0,0.33333333333333326,0.0
WASF1,0.38454747584620935,0.27306295506728945,0.0,0.33333333333333326,0.0
WASF2,0.62070498445771,0.26521680401832215,0.0,1.0,0.0
WDR1,0.7519738786866601,0.19505085004622064,0.0,1.0,0.0
WDR36,0.4184136955925584,0.2536157163118044,0.0,0.33333333333333326,0.0
WDR37,0.5684239870112293,0.3999977416627131,1.0,0.33333333333333326,0.0
WDR41,0.6633608865579811,0.13383463088275308,0.0,1.0,0.0
WDR54,0.39341959429805795,0.2903815625036349,0.0,0.33333333333333326,0.0
WDR86,0.6463448116113595,0.26072188370209337,0.0,1.0,0.0
WIPF1,0.7104924178856885,0.0617528196221511,0.0,1.0,0.0
WSCD1,0.6684040139215862,0.22678009014190356,1.0,1.0,0.0
WSCD2,0.537817849119151,0.03920476525252041,0.0,0.33333333333333326,0.0
WWC1,0.6088435332904533,0.42396767308116745,0.0,1.0,0.0
XK,0.336098368372216,0.2793843141463412,0.0,0.33333333333333326,0.0
XPNPEP1,0.4478366734399872,0.1208087882678126,0.0,0.33333333333333326,0.0
XRCC6,0.4253494523582948,0.25450811060644,0.0,0.33333333333333326,0.0
XXYLT1,0.5938484596710689,0.11862880060021883,0.0,0.33333333333333326,0.0
YAP1,0.7285083999459874,0.39176574204302617,1.0,1.0,0.0
YBX1,0.6495186385005769,0.39633368788803913,0.0,1.0,0.0
YBX3,0.8295919050839978,0.24520006542652795,1.0,1.0,0.0
YEATS4,0.32456214556348056,0.3692855888172216,0.0,0.33333333333333326,0.0
YES1,0.5992863531824808,0.06352724777028809,0.0,1.0,0.0
YIPF5,0.40320839145154447,0.19457744987274048,0.0,0.33333333333333326,0.0
YKT6,0.5744986915769525,0.2846837669525216,0.0,1.0,0.0
YPEL4,0.41458132883818893,0.18248290303018222,0.0,0.33333333333333326,0.0
YPEL5,0.6131254173683587,0.2605334755588365,0.0,0.33333333333333326,0.0
YWHAG,0.5865637304971603,0.12155364524763854,0.0,0.33333333333333326,0.0
ZBBX,0.34697916601588275,0.2350319510368034,0.0,0.33333333333333326,0.0
ZBED5,0.5525795787429924,0.13675617989582406,1.0,0.33333333333333326,0.0
ZBTB20,0.7126125891667169,0.022123343974955852,0.0,1.0,0.0
ZBTB24,0.4205248021276716,0.5080367601141433,0.0,0.33333333333333326,0.0
ZBTB40,0.6124804774183072,0.1212888188096378,1.0,1.0,0.0
ZC2HC1A,0.3915511013115834,0.13377945957986925,0.0,0.33333333333333326,0.0
ZC3H15,0.5930543372766062,0.17092664696442192,0.0,0.33333333333333326,0.0
ZC3HAV1,0.7555778680586507,0.42515467312895994,1.0,1.0,0.0
ZC3HC1,0.4531673947246644,0.09645801601732787,0.0,0.33333333333333326,0.0
ZDHHC17,0.39465135449337285,0.23041045661180523,0.0,0.33333333333333326,0.0
ZDHHC18,0.664275992699681,0.15756486232251868,0.0,1.0,0.0
ZFAND3,0.5872718261250426,0.23422776475363224,0.0,1.0,0.0
ZFHX3,0.6252192044742166,0.40713357525543165,0.0,1.0,0.0
ZFP14,0.5824413654600736,0.11546037878760583,0.0,0.33333333333333326,0.0
ZFP36,0.7243755130291053,0.28487131339020977,0.0,1.0,0.0
ZFP36L1,0.6870764203233306,0.3947555323514605,0.0,1.0,0.0
ZFR,0.5406178197579102,0.27410761131899997,0.0,1.0,0.0
ZFYVE21,0.5722861229713516,0.44358524959466794,0.0,1.0,0.0
ZGPAT,0.5432103860116579,0.3282492793993265,0.0,0.33333333333333326,0.0
ZHX2,0.5977626258386399,0.07849533427644079,0.0,1.0,0.0
ZMAT3,0.5799846990346189,0.10618927320413894,1.0,0.33333333333333326,0.0
ZMIZ1,0.5937739005645917,0.3749115620143408,0.0,1.0,0.0
ZNF10,0.4357378632371997,0.0980937169680826,0.0,0.33333333333333326,0.0
ZNF22,0.7133608330780213,0.062300919673280775,0.0,1.0,0.0
ZNF25,0.3365413719193338,0.39854928120522515,0.0,0.33333333333333326,0.0
ZNF329,0.5586877487241934,0.3966777400806463,1.0,0.33333333333333326,0.0
ZNF345,0.5591000973387071,0.0016054678705172153,0.0,1.0,0.0
ZNF362,0.6975500509495265,0.052174364379187724,0.0,1.0,0.0
ZNF365,0.33577682757262295,0.365418159326643,0.0,0.33333333333333326,0.0
ZNF384,0.5916648163536674,0.11928267669551325,0.0,1.0,0.0
ZNF385B,0.39548111773535566,0.3486215298890965,0.0,0.33333333333333326,0.0
ZNF395,0.6935157517213396,0.024315927745143337,0.0,1.0,0.0
ZNF425,0.42395570617838657,0.15168907909719093,0.0,0.33333333333333326,0.0
ZNF462,0.773802190178973,0.24126084364445224,0.0,1.0,0.0
ZNF557,0.5767803858266581,0.2010406316811122,0.0,0.33333333333333326,0.0
ZNF581,0.669046606171681,0.010327551034038223,0.0,1.0,0.0
ZNF69,0.6884467503466943,0.056856901043499594,0.0,1.0,0.0
ZNF7,0.6142425424862648,0.16183366748239852,0.0,0.33333333333333326,0.0
ZNF750,0.6973045825569236,0.07652401283659974,0.0,1.0,0.0
ZNF786,0.6748943923942906,0.04954524852293203,0.0,1.0,0.0
ZNF839,0.6933553920417795,0.17982060732204777,0.0,0.33333333333333326,0.0
ZNFX1,0.6385322396707551,0.17428567348494628,0.0,1.0,0.0
