2026-04-28 16:27:17 [INFO] riker.config: Config loaded: condition=ASD_blind, 3 discovery + 4 replication datasets.
2026-04-28 16:27:17 [INFO] riker: ============================================================
2026-04-28 16:27:17 [INFO] riker: PHASE 1: Cross-Referencing
2026-04-28 16:27:17 [INFO] riker: ============================================================
2026-04-28 16:27:19 [INFO] riker.ingestion.gene_db: Loading HGNC data from /home/kai001/riker-engine/data/hgnc/hgnc_complete_set.txt...
2026-04-28 16:27:26 [INFO] riker.ingestion.gene_db: HGNC resolver loaded: 44981 approved symbols, 57613 aliases/previous symbols mapped.
2026-04-28 16:27:27 [INFO] riker.ingestion.gene_db: Loaded 19296 seed genes from /home/kai001/riker-engine/data/seeds/all_protein_coding_genes.csv. 0 symbols remapped via HGNC.
2026-04-28 16:27:27 [INFO] riker: Loaded 19296 seed genes.
2026-04-28 16:27:27 [INFO] riker: Loading dataset: GSE28521
2026-04-28 16:27:29 [WARNING] riker.ingestion.geo_parser: GSE28521: 1631 probe(s) have >5% NaN cells after parsing. Probe IDs: ['ILMN_1651492', 'ILMN_1651544', 'ILMN_1651684', 'ILMN_1651692', 'ILMN_1651767', 'ILMN_1651776', 'ILMN_1651817', 'ILMN_1651838', 'ILMN_1652006', 'ILMN_1652017'] (and more). Check data quality.
2026-04-28 16:27:31 [INFO] riker.ingestion.geo_parser: Probe-to-gene mapping: 10285 mapped, 508 unmapped, 9143 unique genes.
2026-04-28 16:27:31 [INFO] riker: Loading dataset: GSE28475
/home/kai001/riker-engine/riker/cli.py:134: UserWarning: Sample GSM703758 value 'tissue: brain | assay: ivt | heat treatment: heating at 95c for 0 min |' did not match any case (['diagnosis: autism']) or control (['diagnosis: control']) values.
  pheno = extractor.extract(
/home/kai001/riker-engine/riker/cli.py:134: UserWarning: Sample GSM703759 value 'tissue: brain | assay: ivt | heat treatment: heating at 95c for 10 min |' did not match any case (['diagnosis: autism']) or control (['diagnosis: control']) values.
  pheno = extractor.extract(
/home/kai001/riker-engine/riker/cli.py:134: UserWarning: Sample GSM703760 value 'tissue: brain | assay: ivt | heat treatment: heating at 95c for 30 min |' did not match any case (['diagnosis: autism']) or control (['diagnosis: control']) values.
  pheno = extractor.extract(
/home/kai001/riker-engine/riker/cli.py:134: UserWarning: Sample GSM703761 value 'tissue: brain | assay: ivt | heat treatment: heating at 95c for 60 min |' did not match any case (['diagnosis: autism']) or control (['diagnosis: control']) values.
  pheno = extractor.extract(
/home/kai001/riker-engine/riker/cli.py:134: UserWarning: Sample GSM703762 value 'tissue: stratagene universal reference pooled rna | assay: ivt | heat treatment: heating at 95c for 0 min |' did not match any case (['diagnosis: autism']) or control (['diagnosis: control']) values.
  pheno = extractor.extract(
/home/kai001/riker-engine/riker/cli.py:134: UserWarning: Sample GSM703763 value 'tissue: stratagene universal reference pooled rna | assay: ivt | heat treatment: heating at 95c for 10 min |' did not match any case (['diagnosis: autism']) or control (['diagnosis: control']) values.
  pheno = extractor.extract(
/home/kai001/riker-engine/riker/cli.py:134: UserWarning: Sample GSM703764 value 'tissue: stratagene universal reference pooled rna | assay: ivt | heat treatment: heating at 95c for 30 min |' did not match any case (['diagnosis: autism']) or control (['diagnosis: control']) values.
  pheno = extractor.extract(
/home/kai001/riker-engine/riker/cli.py:134: UserWarning: Sample GSM703765 value 'tissue: stratagene universal reference pooled rna | assay: ivt | heat treatment: heating at 95c for 60 min |' did not match any case (['diagnosis: autism']) or control (['diagnosis: control']) values.
  pheno = extractor.extract(
/home/kai001/riker-engine/riker/cli.py:134: UserWarning: Sample GSM703766 value 'tissue: 25% brain 75% pooled | assay: ivt |  |' did not match any case (['diagnosis: autism']) or control (['diagnosis: control']) values.
  pheno = extractor.extract(
/home/kai001/riker-engine/riker/cli.py:134: UserWarning: Sample GSM703767 value 'tissue: 75% brain 25% pooled | assay: ivt |  |' did not match any case (['diagnosis: autism']) or control (['diagnosis: control']) values.
  pheno = extractor.extract(
2026-04-28 16:27:41 [INFO] riker.ingestion.geo_parser: Probe-to-gene mapping: 22735 mapped, 1791 unmapped, 17533 unique genes.
2026-04-28 16:27:42 [WARNING] riker.ingestion.normalizer: Clamping 94 negative values to 0 (background subtraction artifacts in raw intensity data).
2026-04-28 16:27:42 [INFO] riker.ingestion.normalizer: Applied log2(x+1) transformation (after clamping). Median: 178.21 -> 7.49
2026-04-28 16:27:42 [INFO] riker: Loading dataset: GSE64018
2026-04-28 16:27:45 [INFO] riker.ingestion.geo_parser: Probe-to-gene mapping: 13917 mapped, 689 unmapped, 13917 unique genes.
2026-04-28 16:27:45 [INFO] riker.phases.phase1_crossref: Dataset GSE28521: 9058/19296 seed genes detected (46.9%).
2026-04-28 16:27:45 [INFO] riker.phases.phase1_crossref: Dataset GSE28475: 17134/19296 seed genes detected (88.8%).
2026-04-28 16:27:45 [INFO] riker.phases.phase1_crossref: Dataset GSE64018: 12740/19296 seed genes detected (66.0%).
2026-04-28 16:28:41 [INFO] riker.phases.phase1_crossref: Phase 1 complete: 1793 study genes from 19296 seed genes (p < 0.05 in >= 2 datasets).
2026-04-28 16:28:41 [INFO] riker.io.outputs: Phase 1 summary: /home/kai001/riker-engine/disease_days/2026-04-28_asd_v033/blind_pc/phase1_study_genes.csv
2026-04-28 16:28:41 [INFO] riker: ============================================================
2026-04-28 16:28:41 [INFO] riker: PHASE 2: Pathway Mapping
2026-04-28 16:28:41 [INFO] riker: ============================================================
2026-04-28 16:28:41 [WARNING] riker: No pathway data configured. Using expression features only.
2026-04-28 16:28:41 [INFO] riker.phases.phase2_pathways: Pathway filter: 0 -> 0 pathways (min_study=3, max_total=500, min_frac=0.02).
2026-04-28 16:28:41 [INFO] riker.phases.phase2_pathways: Phase 2 complete: 1793 genes × 5 features (0 pathway + 5 expression features).
2026-04-28 16:28:41 [INFO] riker.io.outputs: Phase 2 feature matrix: /home/kai001/riker-engine/disease_days/2026-04-28_asd_v033/blind_pc/phase2_feature_matrix.csv (1793 genes x 5 features)
2026-04-28 16:28:41 [INFO] riker: ============================================================
2026-04-28 16:28:41 [INFO] riker: PHASE 3: Consensus Clustering
2026-04-28 16:28:41 [INFO] riker: ============================================================
2026-04-28 16:28:53 [INFO] riker.phases.phase3_clustering: Running 15 UMAP+HDBSCAN configurations (3 n_neighbors × 5 seeds)...
/home/kai001/.local/lib/python3.13/site-packages/umap/umap_.py:1952: UserWarning: n_jobs value 1 overridden to 1 by setting random_state. Use no seed for parallelism.
  warn(
/home/kai001/.local/lib/python3.13/site-packages/sklearn/cluster/_hdbscan/hdbscan.py:722: FutureWarning: The default value of `copy` will change from False to True in 1.10. Explicitly set a value for `copy` to silence this warning.
  warn(
/home/kai001/.local/lib/python3.13/site-packages/umap/umap_.py:1952: UserWarning: n_jobs value 1 overridden to 1 by setting random_state. Use no seed for parallelism.
  warn(
/home/kai001/.local/lib/python3.13/site-packages/sklearn/cluster/_hdbscan/hdbscan.py:722: FutureWarning: The default value of `copy` will change from False to True in 1.10. Explicitly set a value for `copy` to silence this warning.
  warn(
/home/kai001/.local/lib/python3.13/site-packages/umap/umap_.py:1952: UserWarning: n_jobs value 1 overridden to 1 by setting random_state. Use no seed for parallelism.
  warn(
/home/kai001/.local/lib/python3.13/site-packages/sklearn/cluster/_hdbscan/hdbscan.py:722: FutureWarning: The default value of `copy` will change from False to True in 1.10. Explicitly set a value for `copy` to silence this warning.
  warn(
/home/kai001/.local/lib/python3.13/site-packages/umap/umap_.py:1952: UserWarning: n_jobs value 1 overridden to 1 by setting random_state. Use no seed for parallelism.
  warn(
/home/kai001/.local/lib/python3.13/site-packages/sklearn/cluster/_hdbscan/hdbscan.py:722: FutureWarning: The default value of `copy` will change from False to True in 1.10. Explicitly set a value for `copy` to silence this warning.
  warn(
/home/kai001/.local/lib/python3.13/site-packages/umap/umap_.py:1952: UserWarning: n_jobs value 1 overridden to 1 by setting random_state. Use no seed for parallelism.
  warn(
/home/kai001/.local/lib/python3.13/site-packages/sklearn/cluster/_hdbscan/hdbscan.py:722: FutureWarning: The default value of `copy` will change from False to True in 1.10. Explicitly set a value for `copy` to silence this warning.
  warn(
/home/kai001/.local/lib/python3.13/site-packages/umap/umap_.py:1952: UserWarning: n_jobs value 1 overridden to 1 by setting random_state. Use no seed for parallelism.
  warn(
/home/kai001/.local/lib/python3.13/site-packages/sklearn/cluster/_hdbscan/hdbscan.py:722: FutureWarning: The default value of `copy` will change from False to True in 1.10. Explicitly set a value for `copy` to silence this warning.
  warn(
/home/kai001/.local/lib/python3.13/site-packages/umap/umap_.py:1952: UserWarning: n_jobs value 1 overridden to 1 by setting random_state. Use no seed for parallelism.
  warn(
/home/kai001/.local/lib/python3.13/site-packages/sklearn/cluster/_hdbscan/hdbscan.py:722: FutureWarning: The default value of `copy` will change from False to True in 1.10. Explicitly set a value for `copy` to silence this warning.
  warn(
/home/kai001/.local/lib/python3.13/site-packages/umap/umap_.py:1952: UserWarning: n_jobs value 1 overridden to 1 by setting random_state. Use no seed for parallelism.
  warn(
/home/kai001/.local/lib/python3.13/site-packages/sklearn/cluster/_hdbscan/hdbscan.py:722: FutureWarning: The default value of `copy` will change from False to True in 1.10. Explicitly set a value for `copy` to silence this warning.
  warn(
/home/kai001/.local/lib/python3.13/site-packages/umap/umap_.py:1952: UserWarning: n_jobs value 1 overridden to 1 by setting random_state. Use no seed for parallelism.
  warn(
/home/kai001/.local/lib/python3.13/site-packages/sklearn/cluster/_hdbscan/hdbscan.py:722: FutureWarning: The default value of `copy` will change from False to True in 1.10. Explicitly set a value for `copy` to silence this warning.
  warn(
/home/kai001/.local/lib/python3.13/site-packages/umap/umap_.py:1952: UserWarning: n_jobs value 1 overridden to 1 by setting random_state. Use no seed for parallelism.
  warn(
/home/kai001/.local/lib/python3.13/site-packages/sklearn/cluster/_hdbscan/hdbscan.py:722: FutureWarning: The default value of `copy` will change from False to True in 1.10. Explicitly set a value for `copy` to silence this warning.
  warn(
/home/kai001/.local/lib/python3.13/site-packages/umap/umap_.py:1952: UserWarning: n_jobs value 1 overridden to 1 by setting random_state. Use no seed for parallelism.
  warn(
/home/kai001/.local/lib/python3.13/site-packages/sklearn/cluster/_hdbscan/hdbscan.py:722: FutureWarning: The default value of `copy` will change from False to True in 1.10. Explicitly set a value for `copy` to silence this warning.
  warn(
/home/kai001/.local/lib/python3.13/site-packages/umap/umap_.py:1952: UserWarning: n_jobs value 1 overridden to 1 by setting random_state. Use no seed for parallelism.
  warn(
/home/kai001/.local/lib/python3.13/site-packages/sklearn/cluster/_hdbscan/hdbscan.py:722: FutureWarning: The default value of `copy` will change from False to True in 1.10. Explicitly set a value for `copy` to silence this warning.
  warn(
/home/kai001/.local/lib/python3.13/site-packages/umap/umap_.py:1952: UserWarning: n_jobs value 1 overridden to 1 by setting random_state. Use no seed for parallelism.
  warn(
/home/kai001/.local/lib/python3.13/site-packages/sklearn/cluster/_hdbscan/hdbscan.py:722: FutureWarning: The default value of `copy` will change from False to True in 1.10. Explicitly set a value for `copy` to silence this warning.
  warn(
/home/kai001/.local/lib/python3.13/site-packages/umap/umap_.py:1952: UserWarning: n_jobs value 1 overridden to 1 by setting random_state. Use no seed for parallelism.
  warn(
/home/kai001/.local/lib/python3.13/site-packages/sklearn/cluster/_hdbscan/hdbscan.py:722: FutureWarning: The default value of `copy` will change from False to True in 1.10. Explicitly set a value for `copy` to silence this warning.
  warn(
/home/kai001/.local/lib/python3.13/site-packages/umap/umap_.py:1952: UserWarning: n_jobs value 1 overridden to 1 by setting random_state. Use no seed for parallelism.
  warn(
/home/kai001/.local/lib/python3.13/site-packages/sklearn/cluster/_hdbscan/hdbscan.py:722: FutureWarning: The default value of `copy` will change from False to True in 1.10. Explicitly set a value for `copy` to silence this warning.
  warn(
/home/kai001/.local/lib/python3.13/site-packages/sklearn/cluster/_hdbscan/hdbscan.py:722: FutureWarning: The default value of `copy` will change from False to True in 1.10. Explicitly set a value for `copy` to silence this warning.
  warn(
2026-04-28 16:31:51 [INFO] riker.phases.phase3_clustering: Phase 3 complete: 180 clusters, 19 noise genes from 15 configurations.
2026-04-28 16:31:51 [INFO] riker.io.outputs: Phase 3 cluster assignments: /home/kai001/riker-engine/disease_days/2026-04-28_asd_v033/blind_pc/phase3_cluster_assignments.csv (180 clusters, 19 noise)
2026-04-28 16:31:51 [INFO] riker: ============================================================
2026-04-28 16:31:51 [INFO] riker: PHASE 4: Robustness Testing
2026-04-28 16:31:51 [INFO] riker: ============================================================
2026-04-28 16:31:51 [INFO] riker.phases.phase4_robustness: Cluster 0: permutation p=0.0002, Bonferroni p=0.0360 (SIGNIFICANT)
2026-04-28 16:31:52 [INFO] riker.phases.phase4_robustness: Cluster 1: permutation p=0.0445, Bonferroni p=1.0000 (not significant)
2026-04-28 16:31:52 [INFO] riker.phases.phase4_robustness: Cluster 2: permutation p=0.0536, Bonferroni p=1.0000 (not significant)
2026-04-28 16:31:53 [INFO] riker.phases.phase4_robustness: Cluster 3: permutation p=0.1785, Bonferroni p=1.0000 (not significant)
2026-04-28 16:31:53 [INFO] riker.phases.phase4_robustness: Cluster 4: permutation p=0.0162, Bonferroni p=1.0000 (not significant)
2026-04-28 16:31:54 [INFO] riker.phases.phase4_robustness: Cluster 5: permutation p=0.4546, Bonferroni p=1.0000 (not significant)
2026-04-28 16:31:54 [INFO] riker.phases.phase4_robustness: Cluster 6: permutation p=0.0001, Bonferroni p=0.0180 (SIGNIFICANT)
2026-04-28 16:31:55 [INFO] riker.phases.phase4_robustness: Cluster 7: permutation p=0.0001, Bonferroni p=0.0180 (SIGNIFICANT)
2026-04-28 16:31:56 [INFO] riker.phases.phase4_robustness: Cluster 8: permutation p=0.5950, Bonferroni p=1.0000 (not significant)
2026-04-28 16:31:56 [INFO] riker.phases.phase4_robustness: Cluster 9: permutation p=0.5368, Bonferroni p=1.0000 (not significant)
2026-04-28 16:31:57 [INFO] riker.phases.phase4_robustness: Cluster 10: permutation p=0.0001, Bonferroni p=0.0180 (SIGNIFICANT)
2026-04-28 16:31:57 [INFO] riker.phases.phase4_robustness: Cluster 11: permutation p=0.1294, Bonferroni p=1.0000 (not significant)
2026-04-28 16:31:58 [INFO] riker.phases.phase4_robustness: Cluster 12: permutation p=1.0000, Bonferroni p=1.0000 (not significant)
2026-04-28 16:31:58 [INFO] riker.phases.phase4_robustness: Cluster 13: permutation p=0.7382, Bonferroni p=1.0000 (not significant)
2026-04-28 16:31:59 [INFO] riker.phases.phase4_robustness: Cluster 14: permutation p=0.9724, Bonferroni p=1.0000 (not significant)
2026-04-28 16:31:59 [INFO] riker.phases.phase4_robustness: Cluster 15: permutation p=0.0168, Bonferroni p=1.0000 (not significant)
2026-04-28 16:32:00 [INFO] riker.phases.phase4_robustness: Cluster 16: permutation p=0.9887, Bonferroni p=1.0000 (not significant)
2026-04-28 16:32:00 [INFO] riker.phases.phase4_robustness: Cluster 17: permutation p=1.0000, Bonferroni p=1.0000 (not significant)
2026-04-28 16:32:01 [INFO] riker.phases.phase4_robustness: Cluster 18: permutation p=0.7406, Bonferroni p=1.0000 (not significant)
2026-04-28 16:32:01 [INFO] riker.phases.phase4_robustness: Cluster 19: permutation p=0.9159, Bonferroni p=1.0000 (not significant)
2026-04-28 16:32:02 [INFO] riker.phases.phase4_robustness: Cluster 20: permutation p=0.4952, Bonferroni p=1.0000 (not significant)
2026-04-28 16:32:03 [INFO] riker.phases.phase4_robustness: Cluster 21: permutation p=0.5855, Bonferroni p=1.0000 (not significant)
2026-04-28 16:32:03 [INFO] riker.phases.phase4_robustness: Cluster 22: permutation p=0.9944, Bonferroni p=1.0000 (not significant)
2026-04-28 16:32:04 [INFO] riker.phases.phase4_robustness: Cluster 23: permutation p=0.9995, Bonferroni p=1.0000 (not significant)
2026-04-28 16:32:04 [INFO] riker.phases.phase4_robustness: Cluster 24: permutation p=0.9998, Bonferroni p=1.0000 (not significant)
2026-04-28 16:32:05 [INFO] riker.phases.phase4_robustness: Cluster 25: permutation p=1.0000, Bonferroni p=1.0000 (not significant)
2026-04-28 16:32:05 [INFO] riker.phases.phase4_robustness: Cluster 26: permutation p=1.0000, Bonferroni p=1.0000 (not significant)
2026-04-28 16:32:06 [INFO] riker.phases.phase4_robustness: Cluster 27: permutation p=0.0124, Bonferroni p=1.0000 (not significant)
2026-04-28 16:32:06 [INFO] riker.phases.phase4_robustness: Cluster 28: permutation p=0.9564, Bonferroni p=1.0000 (not significant)
2026-04-28 16:32:07 [INFO] riker.phases.phase4_robustness: Cluster 29: permutation p=0.0003, Bonferroni p=0.0540 (not significant)
2026-04-28 16:32:07 [INFO] riker.phases.phase4_robustness: Cluster 30: permutation p=0.9125, Bonferroni p=1.0000 (not significant)
2026-04-28 16:32:08 [INFO] riker.phases.phase4_robustness: Cluster 31: permutation p=0.9787, Bonferroni p=1.0000 (not significant)
2026-04-28 16:32:08 [INFO] riker.phases.phase4_robustness: Cluster 32: permutation p=0.8791, Bonferroni p=1.0000 (not significant)
2026-04-28 16:32:09 [INFO] riker.phases.phase4_robustness: Cluster 33: permutation p=0.0001, Bonferroni p=0.0180 (SIGNIFICANT)
2026-04-28 16:32:10 [INFO] riker.phases.phase4_robustness: Cluster 34: permutation p=0.0044, Bonferroni p=0.7919 (not significant)
2026-04-28 16:32:10 [INFO] riker.phases.phase4_robustness: Cluster 35: permutation p=0.2197, Bonferroni p=1.0000 (not significant)
2026-04-28 16:32:11 [INFO] riker.phases.phase4_robustness: Cluster 36: permutation p=1.0000, Bonferroni p=1.0000 (not significant)
2026-04-28 16:32:11 [INFO] riker.phases.phase4_robustness: Cluster 37: permutation p=1.0000, Bonferroni p=1.0000 (not significant)
2026-04-28 16:32:12 [INFO] riker.phases.phase4_robustness: Cluster 38: permutation p=1.0000, Bonferroni p=1.0000 (not significant)
2026-04-28 16:32:12 [INFO] riker.phases.phase4_robustness: Cluster 39: permutation p=0.9887, Bonferroni p=1.0000 (not significant)
2026-04-28 16:32:13 [INFO] riker.phases.phase4_robustness: Cluster 40: permutation p=0.9998, Bonferroni p=1.0000 (not significant)
2026-04-28 16:32:13 [INFO] riker.phases.phase4_robustness: Cluster 41: permutation p=0.9989, Bonferroni p=1.0000 (not significant)
2026-04-28 16:32:14 [INFO] riker.phases.phase4_robustness: Cluster 42: permutation p=0.0038, Bonferroni p=0.6839 (not significant)
2026-04-28 16:32:15 [INFO] riker.phases.phase4_robustness: Cluster 43: permutation p=0.0001, Bonferroni p=0.0180 (SIGNIFICANT)
2026-04-28 16:32:15 [INFO] riker.phases.phase4_robustness: Cluster 44: permutation p=0.0001, Bonferroni p=0.0180 (SIGNIFICANT)
2026-04-28 16:32:15 [INFO] riker.phases.phase4_robustness: Cluster 45: permutation p=0.9568, Bonferroni p=1.0000 (not significant)
2026-04-28 16:32:16 [INFO] riker.phases.phase4_robustness: Cluster 46: permutation p=0.9080, Bonferroni p=1.0000 (not significant)
2026-04-28 16:32:17 [INFO] riker.phases.phase4_robustness: Cluster 47: permutation p=0.0027, Bonferroni p=0.4860 (not significant)
2026-04-28 16:32:17 [INFO] riker.phases.phase4_robustness: Cluster 48: permutation p=0.0003, Bonferroni p=0.0540 (not significant)
2026-04-28 16:32:18 [INFO] riker.phases.phase4_robustness: Cluster 49: permutation p=0.3825, Bonferroni p=1.0000 (not significant)
2026-04-28 16:32:18 [INFO] riker.phases.phase4_robustness: Cluster 50: permutation p=0.5853, Bonferroni p=1.0000 (not significant)
2026-04-28 16:32:19 [INFO] riker.phases.phase4_robustness: Cluster 51: permutation p=1.0000, Bonferroni p=1.0000 (not significant)
2026-04-28 16:32:19 [INFO] riker.phases.phase4_robustness: Cluster 52: permutation p=0.8393, Bonferroni p=1.0000 (not significant)
2026-04-28 16:32:20 [INFO] riker.phases.phase4_robustness: Cluster 53: permutation p=0.0894, Bonferroni p=1.0000 (not significant)
2026-04-28 16:32:20 [INFO] riker.phases.phase4_robustness: Cluster 54: permutation p=0.0540, Bonferroni p=1.0000 (not significant)
2026-04-28 16:32:21 [INFO] riker.phases.phase4_robustness: Cluster 55: permutation p=0.0001, Bonferroni p=0.0180 (SIGNIFICANT)
2026-04-28 16:32:21 [INFO] riker.phases.phase4_robustness: Cluster 56: permutation p=0.9972, Bonferroni p=1.0000 (not significant)
2026-04-28 16:32:22 [INFO] riker.phases.phase4_robustness: Cluster 57: permutation p=1.0000, Bonferroni p=1.0000 (not significant)
2026-04-28 16:32:22 [INFO] riker.phases.phase4_robustness: Cluster 58: permutation p=0.0544, Bonferroni p=1.0000 (not significant)
2026-04-28 16:32:23 [INFO] riker.phases.phase4_robustness: Cluster 59: permutation p=0.1404, Bonferroni p=1.0000 (not significant)
2026-04-28 16:32:23 [INFO] riker.phases.phase4_robustness: Cluster 60: permutation p=0.3422, Bonferroni p=1.0000 (not significant)
2026-04-28 16:32:24 [INFO] riker.phases.phase4_robustness: Cluster 61: permutation p=0.0001, Bonferroni p=0.0180 (SIGNIFICANT)
2026-04-28 16:32:25 [INFO] riker.phases.phase4_robustness: Cluster 62: permutation p=0.0001, Bonferroni p=0.0180 (SIGNIFICANT)
2026-04-28 16:32:25 [INFO] riker.phases.phase4_robustness: Cluster 63: permutation p=0.0019, Bonferroni p=0.3420 (not significant)
2026-04-28 16:32:26 [INFO] riker.phases.phase4_robustness: Cluster 64: permutation p=0.0695, Bonferroni p=1.0000 (not significant)
2026-04-28 16:32:26 [INFO] riker.phases.phase4_robustness: Cluster 65: permutation p=0.4748, Bonferroni p=1.0000 (not significant)
2026-04-28 16:32:27 [INFO] riker.phases.phase4_robustness: Cluster 66: permutation p=0.2490, Bonferroni p=1.0000 (not significant)
2026-04-28 16:32:27 [INFO] riker.phases.phase4_robustness: Cluster 67: permutation p=0.0104, Bonferroni p=1.0000 (not significant)
2026-04-28 16:32:28 [INFO] riker.phases.phase4_robustness: Cluster 68: permutation p=0.5236, Bonferroni p=1.0000 (not significant)
2026-04-28 16:32:28 [INFO] riker.phases.phase4_robustness: Cluster 69: permutation p=0.0001, Bonferroni p=0.0180 (SIGNIFICANT)
2026-04-28 16:32:29 [INFO] riker.phases.phase4_robustness: Cluster 70: permutation p=0.0001, Bonferroni p=0.0180 (SIGNIFICANT)
2026-04-28 16:32:29 [INFO] riker.phases.phase4_robustness: Cluster 71: permutation p=0.0040, Bonferroni p=0.7199 (not significant)
2026-04-28 16:32:30 [INFO] riker.phases.phase4_robustness: Cluster 72: permutation p=0.7783, Bonferroni p=1.0000 (not significant)
2026-04-28 16:32:30 [INFO] riker.phases.phase4_robustness: Cluster 73: permutation p=0.6402, Bonferroni p=1.0000 (not significant)
2026-04-28 16:32:31 [INFO] riker.phases.phase4_robustness: Cluster 74: permutation p=0.8945, Bonferroni p=1.0000 (not significant)
2026-04-28 16:32:31 [INFO] riker.phases.phase4_robustness: Cluster 75: permutation p=0.9423, Bonferroni p=1.0000 (not significant)
2026-04-28 16:32:32 [INFO] riker.phases.phase4_robustness: Cluster 76: permutation p=0.9999, Bonferroni p=1.0000 (not significant)
2026-04-28 16:32:32 [INFO] riker.phases.phase4_robustness: Cluster 77: permutation p=1.0000, Bonferroni p=1.0000 (not significant)
2026-04-28 16:32:33 [INFO] riker.phases.phase4_robustness: Cluster 78: permutation p=0.9235, Bonferroni p=1.0000 (not significant)
2026-04-28 16:32:33 [INFO] riker.phases.phase4_robustness: Cluster 79: permutation p=0.5417, Bonferroni p=1.0000 (not significant)
2026-04-28 16:32:34 [INFO] riker.phases.phase4_robustness: Cluster 80: permutation p=0.9816, Bonferroni p=1.0000 (not significant)
2026-04-28 16:32:34 [INFO] riker.phases.phase4_robustness: Cluster 81: permutation p=0.3114, Bonferroni p=1.0000 (not significant)
2026-04-28 16:32:35 [INFO] riker.phases.phase4_robustness: Cluster 82: permutation p=0.0001, Bonferroni p=0.0180 (SIGNIFICANT)
2026-04-28 16:32:36 [INFO] riker.phases.phase4_robustness: Cluster 83: permutation p=0.0002, Bonferroni p=0.0360 (SIGNIFICANT)
2026-04-28 16:32:36 [INFO] riker.phases.phase4_robustness: Cluster 84: permutation p=1.0000, Bonferroni p=1.0000 (not significant)
2026-04-28 16:32:37 [INFO] riker.phases.phase4_robustness: Cluster 85: permutation p=0.9998, Bonferroni p=1.0000 (not significant)
2026-04-28 16:32:37 [INFO] riker.phases.phase4_robustness: Cluster 86: permutation p=0.9979, Bonferroni p=1.0000 (not significant)
2026-04-28 16:32:38 [INFO] riker.phases.phase4_robustness: Cluster 87: permutation p=0.0110, Bonferroni p=1.0000 (not significant)
2026-04-28 16:32:38 [INFO] riker.phases.phase4_robustness: Cluster 88: permutation p=0.1479, Bonferroni p=1.0000 (not significant)
2026-04-28 16:32:39 [INFO] riker.phases.phase4_robustness: Cluster 89: permutation p=1.0000, Bonferroni p=1.0000 (not significant)
2026-04-28 16:32:39 [INFO] riker.phases.phase4_robustness: Cluster 90: permutation p=0.7488, Bonferroni p=1.0000 (not significant)
2026-04-28 16:32:40 [INFO] riker.phases.phase4_robustness: Cluster 91: permutation p=0.9976, Bonferroni p=1.0000 (not significant)
2026-04-28 16:32:40 [INFO] riker.phases.phase4_robustness: Cluster 92: permutation p=0.6209, Bonferroni p=1.0000 (not significant)
2026-04-28 16:32:41 [INFO] riker.phases.phase4_robustness: Cluster 93: permutation p=0.0276, Bonferroni p=1.0000 (not significant)
2026-04-28 16:32:41 [INFO] riker.phases.phase4_robustness: Cluster 94: permutation p=1.0000, Bonferroni p=1.0000 (not significant)
2026-04-28 16:32:42 [INFO] riker.phases.phase4_robustness: Cluster 95: permutation p=0.3003, Bonferroni p=1.0000 (not significant)
2026-04-28 16:32:42 [INFO] riker.phases.phase4_robustness: Cluster 96: permutation p=0.0017, Bonferroni p=0.3060 (not significant)
2026-04-28 16:32:43 [INFO] riker.phases.phase4_robustness: Cluster 97: permutation p=0.0019, Bonferroni p=0.3420 (not significant)
2026-04-28 16:32:43 [INFO] riker.phases.phase4_robustness: Cluster 98: permutation p=0.9554, Bonferroni p=1.0000 (not significant)
2026-04-28 16:32:44 [INFO] riker.phases.phase4_robustness: Cluster 99: permutation p=0.9356, Bonferroni p=1.0000 (not significant)
2026-04-28 16:32:44 [INFO] riker.phases.phase4_robustness: Cluster 100: permutation p=1.0000, Bonferroni p=1.0000 (not significant)
2026-04-28 16:32:45 [INFO] riker.phases.phase4_robustness: Cluster 101: permutation p=0.9595, Bonferroni p=1.0000 (not significant)
2026-04-28 16:32:46 [INFO] riker.phases.phase4_robustness: Cluster 102: permutation p=1.0000, Bonferroni p=1.0000 (not significant)
2026-04-28 16:32:46 [INFO] riker.phases.phase4_robustness: Cluster 103: permutation p=1.0000, Bonferroni p=1.0000 (not significant)
2026-04-28 16:32:47 [INFO] riker.phases.phase4_robustness: Cluster 104: permutation p=0.9560, Bonferroni p=1.0000 (not significant)
2026-04-28 16:32:47 [INFO] riker.phases.phase4_robustness: Cluster 105: permutation p=0.9995, Bonferroni p=1.0000 (not significant)
2026-04-28 16:32:48 [INFO] riker.phases.phase4_robustness: Cluster 106: permutation p=1.0000, Bonferroni p=1.0000 (not significant)
2026-04-28 16:32:48 [INFO] riker.phases.phase4_robustness: Cluster 107: permutation p=1.0000, Bonferroni p=1.0000 (not significant)
2026-04-28 16:32:49 [INFO] riker.phases.phase4_robustness: Cluster 108: permutation p=0.9999, Bonferroni p=1.0000 (not significant)
2026-04-28 16:32:49 [INFO] riker.phases.phase4_robustness: Cluster 109: permutation p=0.9828, Bonferroni p=1.0000 (not significant)
2026-04-28 16:32:50 [INFO] riker.phases.phase4_robustness: Cluster 110: permutation p=0.9429, Bonferroni p=1.0000 (not significant)
2026-04-28 16:32:50 [INFO] riker.phases.phase4_robustness: Cluster 111: permutation p=0.6378, Bonferroni p=1.0000 (not significant)
2026-04-28 16:32:51 [INFO] riker.phases.phase4_robustness: Cluster 112: permutation p=0.6935, Bonferroni p=1.0000 (not significant)
2026-04-28 16:32:51 [INFO] riker.phases.phase4_robustness: Cluster 113: permutation p=0.5088, Bonferroni p=1.0000 (not significant)
2026-04-28 16:32:52 [INFO] riker.phases.phase4_robustness: Cluster 114: permutation p=1.0000, Bonferroni p=1.0000 (not significant)
2026-04-28 16:32:53 [INFO] riker.phases.phase4_robustness: Cluster 115: permutation p=0.9999, Bonferroni p=1.0000 (not significant)
2026-04-28 16:32:54 [INFO] riker.phases.phase4_robustness: Cluster 116: permutation p=1.0000, Bonferroni p=1.0000 (not significant)
2026-04-28 16:32:54 [INFO] riker.phases.phase4_robustness: Cluster 117: permutation p=0.9997, Bonferroni p=1.0000 (not significant)
2026-04-28 16:32:55 [INFO] riker.phases.phase4_robustness: Cluster 118: permutation p=0.9997, Bonferroni p=1.0000 (not significant)
2026-04-28 16:32:56 [INFO] riker.phases.phase4_robustness: Cluster 119: permutation p=0.2567, Bonferroni p=1.0000 (not significant)
2026-04-28 16:32:56 [INFO] riker.phases.phase4_robustness: Cluster 120: permutation p=0.8825, Bonferroni p=1.0000 (not significant)
2026-04-28 16:32:57 [INFO] riker.phases.phase4_robustness: Cluster 121: permutation p=0.7881, Bonferroni p=1.0000 (not significant)
2026-04-28 16:32:57 [INFO] riker.phases.phase4_robustness: Cluster 122: permutation p=0.9997, Bonferroni p=1.0000 (not significant)
2026-04-28 16:32:58 [INFO] riker.phases.phase4_robustness: Cluster 123: permutation p=0.8536, Bonferroni p=1.0000 (not significant)
2026-04-28 16:32:59 [INFO] riker.phases.phase4_robustness: Cluster 124: permutation p=0.0151, Bonferroni p=1.0000 (not significant)
2026-04-28 16:32:59 [INFO] riker.phases.phase4_robustness: Cluster 125: permutation p=0.1717, Bonferroni p=1.0000 (not significant)
2026-04-28 16:33:00 [INFO] riker.phases.phase4_robustness: Cluster 126: permutation p=0.9877, Bonferroni p=1.0000 (not significant)
2026-04-28 16:33:00 [INFO] riker.phases.phase4_robustness: Cluster 127: permutation p=0.9383, Bonferroni p=1.0000 (not significant)
2026-04-28 16:33:01 [INFO] riker.phases.phase4_robustness: Cluster 128: permutation p=0.6150, Bonferroni p=1.0000 (not significant)
2026-04-28 16:33:01 [INFO] riker.phases.phase4_robustness: Cluster 129: permutation p=0.1386, Bonferroni p=1.0000 (not significant)
2026-04-28 16:33:02 [INFO] riker.phases.phase4_robustness: Cluster 130: permutation p=0.9998, Bonferroni p=1.0000 (not significant)
2026-04-28 16:33:02 [INFO] riker.phases.phase4_robustness: Cluster 131: permutation p=0.4127, Bonferroni p=1.0000 (not significant)
2026-04-28 16:33:03 [INFO] riker.phases.phase4_robustness: Cluster 132: permutation p=0.0734, Bonferroni p=1.0000 (not significant)
2026-04-28 16:33:03 [INFO] riker.phases.phase4_robustness: Cluster 133: permutation p=0.2017, Bonferroni p=1.0000 (not significant)
2026-04-28 16:33:04 [INFO] riker.phases.phase4_robustness: Cluster 134: permutation p=0.2613, Bonferroni p=1.0000 (not significant)
2026-04-28 16:33:04 [INFO] riker.phases.phase4_robustness: Cluster 135: permutation p=0.0841, Bonferroni p=1.0000 (not significant)
2026-04-28 16:33:05 [INFO] riker.phases.phase4_robustness: Cluster 136: permutation p=0.7624, Bonferroni p=1.0000 (not significant)
2026-04-28 16:33:05 [INFO] riker.phases.phase4_robustness: Cluster 137: permutation p=0.9464, Bonferroni p=1.0000 (not significant)
2026-04-28 16:33:06 [INFO] riker.phases.phase4_robustness: Cluster 138: permutation p=0.0080, Bonferroni p=1.0000 (not significant)
2026-04-28 16:33:07 [INFO] riker.phases.phase4_robustness: Cluster 139: permutation p=0.0948, Bonferroni p=1.0000 (not significant)
2026-04-28 16:33:07 [INFO] riker.phases.phase4_robustness: Cluster 140: permutation p=0.8638, Bonferroni p=1.0000 (not significant)
2026-04-28 16:33:08 [INFO] riker.phases.phase4_robustness: Cluster 141: permutation p=0.9997, Bonferroni p=1.0000 (not significant)
2026-04-28 16:33:08 [INFO] riker.phases.phase4_robustness: Cluster 142: permutation p=0.9312, Bonferroni p=1.0000 (not significant)
2026-04-28 16:33:09 [INFO] riker.phases.phase4_robustness: Cluster 143: permutation p=0.0004, Bonferroni p=0.0720 (not significant)
2026-04-28 16:33:09 [INFO] riker.phases.phase4_robustness: Cluster 144: permutation p=0.0007, Bonferroni p=0.1260 (not significant)
2026-04-28 16:33:10 [INFO] riker.phases.phase4_robustness: Cluster 145: permutation p=0.2126, Bonferroni p=1.0000 (not significant)
2026-04-28 16:33:11 [INFO] riker.phases.phase4_robustness: Cluster 146: permutation p=0.9938, Bonferroni p=1.0000 (not significant)
2026-04-28 16:33:11 [INFO] riker.phases.phase4_robustness: Cluster 147: permutation p=0.8041, Bonferroni p=1.0000 (not significant)
2026-04-28 16:33:12 [INFO] riker.phases.phase4_robustness: Cluster 148: permutation p=0.8410, Bonferroni p=1.0000 (not significant)
2026-04-28 16:33:12 [INFO] riker.phases.phase4_robustness: Cluster 149: permutation p=0.9995, Bonferroni p=1.0000 (not significant)
2026-04-28 16:33:13 [INFO] riker.phases.phase4_robustness: Cluster 150: permutation p=0.7444, Bonferroni p=1.0000 (not significant)
2026-04-28 16:33:13 [INFO] riker.phases.phase4_robustness: Cluster 151: permutation p=0.0001, Bonferroni p=0.0180 (SIGNIFICANT)
2026-04-28 16:33:14 [INFO] riker.phases.phase4_robustness: Cluster 152: permutation p=0.9934, Bonferroni p=1.0000 (not significant)
2026-04-28 16:33:14 [INFO] riker.phases.phase4_robustness: Cluster 153: permutation p=0.9999, Bonferroni p=1.0000 (not significant)
2026-04-28 16:33:15 [INFO] riker.phases.phase4_robustness: Cluster 154: permutation p=0.3559, Bonferroni p=1.0000 (not significant)
2026-04-28 16:33:15 [INFO] riker.phases.phase4_robustness: Cluster 155: permutation p=0.2723, Bonferroni p=1.0000 (not significant)
2026-04-28 16:33:16 [INFO] riker.phases.phase4_robustness: Cluster 156: permutation p=0.5604, Bonferroni p=1.0000 (not significant)
2026-04-28 16:33:17 [INFO] riker.phases.phase4_robustness: Cluster 157: permutation p=0.8102, Bonferroni p=1.0000 (not significant)
2026-04-28 16:33:17 [INFO] riker.phases.phase4_robustness: Cluster 158: permutation p=0.9826, Bonferroni p=1.0000 (not significant)
2026-04-28 16:33:18 [INFO] riker.phases.phase4_robustness: Cluster 159: permutation p=0.9865, Bonferroni p=1.0000 (not significant)
2026-04-28 16:33:18 [INFO] riker.phases.phase4_robustness: Cluster 160: permutation p=0.9682, Bonferroni p=1.0000 (not significant)
2026-04-28 16:33:19 [INFO] riker.phases.phase4_robustness: Cluster 161: permutation p=0.0007, Bonferroni p=0.1260 (not significant)
2026-04-28 16:33:19 [INFO] riker.phases.phase4_robustness: Cluster 162: permutation p=0.0481, Bonferroni p=1.0000 (not significant)
2026-04-28 16:33:20 [INFO] riker.phases.phase4_robustness: Cluster 163: permutation p=0.0013, Bonferroni p=0.2340 (not significant)
2026-04-28 16:33:20 [INFO] riker.phases.phase4_robustness: Cluster 164: permutation p=0.1936, Bonferroni p=1.0000 (not significant)
2026-04-28 16:33:21 [INFO] riker.phases.phase4_robustness: Cluster 165: permutation p=0.9715, Bonferroni p=1.0000 (not significant)
2026-04-28 16:33:21 [INFO] riker.phases.phase4_robustness: Cluster 166: permutation p=0.0166, Bonferroni p=1.0000 (not significant)
2026-04-28 16:33:22 [INFO] riker.phases.phase4_robustness: Cluster 167: permutation p=0.9492, Bonferroni p=1.0000 (not significant)
2026-04-28 16:33:22 [INFO] riker.phases.phase4_robustness: Cluster 168: permutation p=0.3214, Bonferroni p=1.0000 (not significant)
2026-04-28 16:33:23 [INFO] riker.phases.phase4_robustness: Cluster 169: permutation p=0.8777, Bonferroni p=1.0000 (not significant)
2026-04-28 16:33:23 [INFO] riker.phases.phase4_robustness: Cluster 170: permutation p=0.9917, Bonferroni p=1.0000 (not significant)
2026-04-28 16:33:24 [INFO] riker.phases.phase4_robustness: Cluster 171: permutation p=0.0268, Bonferroni p=1.0000 (not significant)
2026-04-28 16:33:24 [INFO] riker.phases.phase4_robustness: Cluster 172: permutation p=0.0785, Bonferroni p=1.0000 (not significant)
2026-04-28 16:33:25 [INFO] riker.phases.phase4_robustness: Cluster 173: permutation p=0.0367, Bonferroni p=1.0000 (not significant)
2026-04-28 16:33:25 [INFO] riker.phases.phase4_robustness: Cluster 174: permutation p=1.0000, Bonferroni p=1.0000 (not significant)
2026-04-28 16:33:26 [INFO] riker.phases.phase4_robustness: Cluster 175: permutation p=0.9970, Bonferroni p=1.0000 (not significant)
2026-04-28 16:33:27 [INFO] riker.phases.phase4_robustness: Cluster 176: permutation p=0.9649, Bonferroni p=1.0000 (not significant)
2026-04-28 16:33:27 [INFO] riker.phases.phase4_robustness: Cluster 177: permutation p=0.4250, Bonferroni p=1.0000 (not significant)
2026-04-28 16:33:28 [INFO] riker.phases.phase4_robustness: Cluster 178: permutation p=0.0087, Bonferroni p=1.0000 (not significant)
2026-04-28 16:33:28 [INFO] riker.phases.phase4_robustness: Cluster 179: permutation p=0.0021, Bonferroni p=0.3780 (not significant)
2026-04-28 16:33:28 [INFO] riker.phases.phase4_robustness: Cluster 0 sensitivity: L1=7, L2=3, L3=7, L4=7 | dissolution=None | core=3
2026-04-28 16:33:28 [INFO] riker.phases.phase4_robustness: Cluster 1 sensitivity: L1=12, L2=0, L3=0, L4=0 | dissolution=2 | core=0
2026-04-28 16:33:28 [INFO] riker.phases.phase4_robustness: Cluster 2 sensitivity: L1=8, L2=2, L3=8, L4=0 | dissolution=2 | core=2
2026-04-28 16:33:28 [INFO] riker.phases.phase4_robustness: Cluster 3 sensitivity: L1=10, L2=0, L3=6, L4=0 | dissolution=2 | core=0
2026-04-28 16:33:28 [INFO] riker.phases.phase4_robustness: Cluster 4 sensitivity: L1=10, L2=0, L3=0, L4=0 | dissolution=2 | core=0
2026-04-28 16:33:28 [INFO] riker.phases.phase4_robustness: Cluster 5 sensitivity: L1=5, L2=0, L3=0, L4=0 | dissolution=2 | core=0
2026-04-28 16:33:28 [INFO] riker.phases.phase4_robustness: Cluster 6 sensitivity: L1=8, L2=2, L3=8, L4=8 | dissolution=2 | core=2
2026-04-28 16:33:28 [INFO] riker.phases.phase4_robustness: Cluster 7 sensitivity: L1=10, L2=3, L3=10, L4=10 | dissolution=None | core=3
2026-04-28 16:33:28 [INFO] riker.phases.phase4_robustness: Cluster 8 sensitivity: L1=9, L2=3, L3=9, L4=9 | dissolution=None | core=3
2026-04-28 16:33:28 [INFO] riker.phases.phase4_robustness: Cluster 9 sensitivity: L1=14, L2=9, L3=14, L4=14 | dissolution=None | core=9
2026-04-28 16:33:28 [INFO] riker.phases.phase4_robustness: Cluster 10 sensitivity: L1=14, L2=0, L3=0, L4=0 | dissolution=2 | core=0
2026-04-28 16:33:28 [INFO] riker.phases.phase4_robustness: Cluster 11 sensitivity: L1=13, L2=1, L3=8, L4=7 | dissolution=2 | core=1
2026-04-28 16:33:28 [INFO] riker.phases.phase4_robustness: Cluster 12 sensitivity: L1=14, L2=7, L3=14, L4=14 | dissolution=None | core=7
2026-04-28 16:33:28 [INFO] riker.phases.phase4_robustness: Cluster 13 sensitivity: L1=6, L2=0, L3=0, L4=0 | dissolution=2 | core=0
2026-04-28 16:33:28 [INFO] riker.phases.phase4_robustness: Cluster 14 sensitivity: L1=10, L2=0, L3=0, L4=0 | dissolution=2 | core=0
2026-04-28 16:33:28 [INFO] riker.phases.phase4_robustness: Cluster 15 sensitivity: L1=6, L2=2, L3=6, L4=3 | dissolution=2 | core=2
2026-04-28 16:33:28 [INFO] riker.phases.phase4_robustness: Cluster 16 sensitivity: L1=14, L2=6, L3=14, L4=14 | dissolution=None | core=6
2026-04-28 16:33:28 [INFO] riker.phases.phase4_robustness: Cluster 17 sensitivity: L1=9, L2=0, L3=0, L4=0 | dissolution=2 | core=0
2026-04-28 16:33:28 [INFO] riker.phases.phase4_robustness: Cluster 18 sensitivity: L1=7, L2=2, L3=7, L4=7 | dissolution=2 | core=2
2026-04-28 16:33:28 [INFO] riker.phases.phase4_robustness: Cluster 19 sensitivity: L1=12, L2=4, L3=12, L4=12 | dissolution=None | core=4
2026-04-28 16:33:28 [INFO] riker.phases.phase4_robustness: Cluster 20 sensitivity: L1=11, L2=7, L3=11, L4=11 | dissolution=None | core=7
2026-04-28 16:33:28 [INFO] riker.phases.phase4_robustness: Cluster 21 sensitivity: L1=8, L2=5, L3=8, L4=8 | dissolution=None | core=5
2026-04-28 16:33:28 [INFO] riker.phases.phase4_robustness: Cluster 22 sensitivity: L1=9, L2=4, L3=9, L4=9 | dissolution=None | core=4
2026-04-28 16:33:28 [INFO] riker.phases.phase4_robustness: Cluster 23 sensitivity: L1=15, L2=6, L3=15, L4=12 | dissolution=None | core=6
2026-04-28 16:33:28 [INFO] riker.phases.phase4_robustness: Cluster 24 sensitivity: L1=9, L2=0, L3=0, L4=0 | dissolution=2 | core=0
2026-04-28 16:33:28 [INFO] riker.phases.phase4_robustness: Cluster 25 sensitivity: L1=14, L2=1, L3=12, L4=4 | dissolution=2 | core=1
2026-04-28 16:33:28 [INFO] riker.phases.phase4_robustness: Cluster 26 sensitivity: L1=11, L2=0, L3=0, L4=0 | dissolution=2 | core=0
2026-04-28 16:33:28 [INFO] riker.phases.phase4_robustness: Cluster 27 sensitivity: L1=7, L2=0, L3=0, L4=0 | dissolution=2 | core=0
2026-04-28 16:33:28 [INFO] riker.phases.phase4_robustness: Cluster 28 sensitivity: L1=7, L2=0, L3=0, L4=0 | dissolution=2 | core=0
2026-04-28 16:33:28 [INFO] riker.phases.phase4_robustness: Cluster 29 sensitivity: L1=9, L2=3, L3=9, L4=9 | dissolution=None | core=3
2026-04-28 16:33:28 [INFO] riker.phases.phase4_robustness: Cluster 30 sensitivity: L1=19, L2=8, L3=19, L4=0 | dissolution=4 | core=8
2026-04-28 16:33:28 [INFO] riker.phases.phase4_robustness: Cluster 31 sensitivity: L1=10, L2=6, L3=10, L4=10 | dissolution=None | core=6
2026-04-28 16:33:28 [INFO] riker.phases.phase4_robustness: Cluster 32 sensitivity: L1=8, L2=5, L3=8, L4=8 | dissolution=None | core=5
2026-04-28 16:33:28 [INFO] riker.phases.phase4_robustness: Cluster 33 sensitivity: L1=19, L2=0, L3=0, L4=0 | dissolution=2 | core=0
2026-04-28 16:33:28 [INFO] riker.phases.phase4_robustness: Cluster 34 sensitivity: L1=10, L2=0, L3=0, L4=0 | dissolution=2 | core=0
2026-04-28 16:33:28 [INFO] riker.phases.phase4_robustness: Cluster 35 sensitivity: L1=14, L2=6, L3=14, L4=14 | dissolution=None | core=6
2026-04-28 16:33:28 [INFO] riker.phases.phase4_robustness: Cluster 36 sensitivity: L1=25, L2=1, L3=23, L4=0 | dissolution=2 | core=1
2026-04-28 16:33:28 [INFO] riker.phases.phase4_robustness: Cluster 37 sensitivity: L1=7, L2=0, L3=7, L4=1 | dissolution=2 | core=0
2026-04-28 16:33:28 [INFO] riker.phases.phase4_robustness: Cluster 38 sensitivity: L1=14, L2=2, L3=14, L4=0 | dissolution=2 | core=2
2026-04-28 16:33:28 [INFO] riker.phases.phase4_robustness: Cluster 39 sensitivity: L1=5, L2=1, L3=5, L4=0 | dissolution=2 | core=1
2026-04-28 16:33:28 [INFO] riker.phases.phase4_robustness: Cluster 40 sensitivity: L1=6, L2=0, L3=0, L4=0 | dissolution=2 | core=0
2026-04-28 16:33:28 [INFO] riker.phases.phase4_robustness: Cluster 41 sensitivity: L1=14, L2=0, L3=0, L4=0 | dissolution=2 | core=0
2026-04-28 16:33:28 [INFO] riker.phases.phase4_robustness: Cluster 42 sensitivity: L1=10, L2=7, L3=10, L4=10 | dissolution=None | core=7
2026-04-28 16:33:28 [INFO] riker.phases.phase4_robustness: Cluster 43 sensitivity: L1=10, L2=4, L3=10, L4=10 | dissolution=None | core=4
2026-04-28 16:33:28 [INFO] riker.phases.phase4_robustness: Cluster 44 sensitivity: L1=5, L2=2, L3=5, L4=5 | dissolution=2 | core=2
2026-04-28 16:33:28 [INFO] riker.phases.phase4_robustness: Cluster 45 sensitivity: L1=8, L2=3, L3=8, L4=0 | dissolution=4 | core=3
2026-04-28 16:33:28 [INFO] riker.phases.phase4_robustness: Cluster 46 sensitivity: L1=11, L2=5, L3=11, L4=0 | dissolution=4 | core=5
2026-04-28 16:33:28 [INFO] riker.phases.phase4_robustness: Cluster 47 sensitivity: L1=6, L2=0, L3=0, L4=0 | dissolution=2 | core=0
2026-04-28 16:33:28 [INFO] riker.phases.phase4_robustness: Cluster 48 sensitivity: L1=7, L2=0, L3=0, L4=0 | dissolution=2 | core=0
2026-04-28 16:33:28 [INFO] riker.phases.phase4_robustness: Cluster 49 sensitivity: L1=8, L2=2, L3=8, L4=0 | dissolution=2 | core=2
2026-04-28 16:33:28 [INFO] riker.phases.phase4_robustness: Cluster 50 sensitivity: L1=8, L2=6, L3=8, L4=8 | dissolution=None | core=6
2026-04-28 16:33:28 [INFO] riker.phases.phase4_robustness: Cluster 51 sensitivity: L1=13, L2=0, L3=0, L4=0 | dissolution=2 | core=0
2026-04-28 16:33:28 [INFO] riker.phases.phase4_robustness: Cluster 52 sensitivity: L1=7, L2=1, L3=5, L4=1 | dissolution=2 | core=1
2026-04-28 16:33:28 [INFO] riker.phases.phase4_robustness: Cluster 53 sensitivity: L1=9, L2=4, L3=9, L4=9 | dissolution=None | core=4
2026-04-28 16:33:28 [INFO] riker.phases.phase4_robustness: Cluster 54 sensitivity: L1=8, L2=6, L3=8, L4=8 | dissolution=None | core=6
2026-04-28 16:33:28 [INFO] riker.phases.phase4_robustness: Cluster 55 sensitivity: L1=7, L2=7, L3=7, L4=4 | dissolution=None | core=7
2026-04-28 16:33:28 [INFO] riker.phases.phase4_robustness: Cluster 56 sensitivity: L1=7, L2=5, L3=7, L4=0 | dissolution=4 | core=5
2026-04-28 16:33:28 [INFO] riker.phases.phase4_robustness: Cluster 57 sensitivity: L1=9, L2=3, L3=9, L4=0 | dissolution=4 | core=3
2026-04-28 16:33:28 [INFO] riker.phases.phase4_robustness: Cluster 58 sensitivity: L1=8, L2=0, L3=0, L4=0 | dissolution=2 | core=0
2026-04-28 16:33:28 [INFO] riker.phases.phase4_robustness: Cluster 59 sensitivity: L1=6, L2=0, L3=0, L4=0 | dissolution=2 | core=0
2026-04-28 16:33:28 [INFO] riker.phases.phase4_robustness: Cluster 60 sensitivity: L1=13, L2=0, L3=0, L4=0 | dissolution=2 | core=0
2026-04-28 16:33:28 [INFO] riker.phases.phase4_robustness: Cluster 61 sensitivity: L1=13, L2=3, L3=13, L4=8 | dissolution=None | core=3
2026-04-28 16:33:28 [INFO] riker.phases.phase4_robustness: Cluster 62 sensitivity: L1=17, L2=5, L3=13, L4=1 | dissolution=4 | core=5
2026-04-28 16:33:28 [INFO] riker.phases.phase4_robustness: Cluster 63 sensitivity: L1=7, L2=0, L3=7, L4=0 | dissolution=2 | core=0
2026-04-28 16:33:28 [INFO] riker.phases.phase4_robustness: Cluster 64 sensitivity: L1=18, L2=0, L3=0, L4=0 | dissolution=2 | core=0
2026-04-28 16:33:28 [INFO] riker.phases.phase4_robustness: Cluster 65 sensitivity: L1=19, L2=0, L3=1, L4=0 | dissolution=2 | core=0
2026-04-28 16:33:28 [INFO] riker.phases.phase4_robustness: Cluster 66 sensitivity: L1=7, L2=0, L3=7, L4=0 | dissolution=2 | core=0
2026-04-28 16:33:28 [INFO] riker.phases.phase4_robustness: Cluster 67 sensitivity: L1=13, L2=2, L3=11, L4=0 | dissolution=2 | core=2
2026-04-28 16:33:28 [INFO] riker.phases.phase4_robustness: Cluster 68 sensitivity: L1=5, L2=0, L3=5, L4=0 | dissolution=2 | core=0
2026-04-28 16:33:28 [INFO] riker.phases.phase4_robustness: Cluster 69 sensitivity: L1=10, L2=7, L3=10, L4=10 | dissolution=None | core=7
2026-04-28 16:33:28 [INFO] riker.phases.phase4_robustness: Cluster 70 sensitivity: L1=8, L2=7, L3=8, L4=8 | dissolution=None | core=7
2026-04-28 16:33:28 [INFO] riker.phases.phase4_robustness: Cluster 71 sensitivity: L1=8, L2=5, L3=8, L4=8 | dissolution=None | core=5
2026-04-28 16:33:28 [INFO] riker.phases.phase4_robustness: Cluster 72 sensitivity: L1=5, L2=3, L3=5, L4=0 | dissolution=4 | core=3
2026-04-28 16:33:28 [INFO] riker.phases.phase4_robustness: Cluster 73 sensitivity: L1=5, L2=2, L3=5, L4=0 | dissolution=2 | core=2
2026-04-28 16:33:28 [INFO] riker.phases.phase4_robustness: Cluster 74 sensitivity: L1=9, L2=3, L3=9, L4=0 | dissolution=4 | core=3
2026-04-28 16:33:28 [INFO] riker.phases.phase4_robustness: Cluster 75 sensitivity: L1=10, L2=2, L3=10, L4=0 | dissolution=2 | core=2
2026-04-28 16:33:28 [INFO] riker.phases.phase4_robustness: Cluster 76 sensitivity: L1=5, L2=0, L3=2, L4=0 | dissolution=2 | core=0
2026-04-28 16:33:28 [INFO] riker.phases.phase4_robustness: Cluster 77 sensitivity: L1=10, L2=0, L3=0, L4=0 | dissolution=2 | core=0
2026-04-28 16:33:28 [INFO] riker.phases.phase4_robustness: Cluster 78 sensitivity: L1=9, L2=0, L3=0, L4=0 | dissolution=2 | core=0
2026-04-28 16:33:28 [INFO] riker.phases.phase4_robustness: Cluster 79 sensitivity: L1=11, L2=0, L3=0, L4=0 | dissolution=2 | core=0
2026-04-28 16:33:28 [INFO] riker.phases.phase4_robustness: Cluster 80 sensitivity: L1=8, L2=1, L3=8, L4=8 | dissolution=2 | core=1
2026-04-28 16:33:28 [INFO] riker.phases.phase4_robustness: Cluster 81 sensitivity: L1=11, L2=2, L3=11, L4=11 | dissolution=2 | core=2
2026-04-28 16:33:28 [INFO] riker.phases.phase4_robustness: Cluster 82 sensitivity: L1=14, L2=3, L3=14, L4=0 | dissolution=4 | core=3
2026-04-28 16:33:28 [INFO] riker.phases.phase4_robustness: Cluster 83 sensitivity: L1=9, L2=0, L3=7, L4=0 | dissolution=2 | core=0
2026-04-28 16:33:28 [INFO] riker.phases.phase4_robustness: Cluster 84 sensitivity: L1=9, L2=4, L3=9, L4=9 | dissolution=None | core=4
2026-04-28 16:33:28 [INFO] riker.phases.phase4_robustness: Cluster 85 sensitivity: L1=6, L2=2, L3=6, L4=3 | dissolution=2 | core=2
2026-04-28 16:33:28 [INFO] riker.phases.phase4_robustness: Cluster 86 sensitivity: L1=13, L2=0, L3=0, L4=0 | dissolution=2 | core=0
2026-04-28 16:33:28 [INFO] riker.phases.phase4_robustness: Cluster 87 sensitivity: L1=10, L2=3, L3=10, L4=10 | dissolution=None | core=3
2026-04-28 16:33:28 [INFO] riker.phases.phase4_robustness: Cluster 88 sensitivity: L1=7, L2=4, L3=7, L4=7 | dissolution=None | core=4
2026-04-28 16:33:28 [INFO] riker.phases.phase4_robustness: Cluster 89 sensitivity: L1=24, L2=13, L3=24, L4=24 | dissolution=None | core=13
2026-04-28 16:33:28 [INFO] riker.phases.phase4_robustness: Cluster 90 sensitivity: L1=10, L2=8, L3=10, L4=10 | dissolution=None | core=8
2026-04-28 16:33:28 [INFO] riker.phases.phase4_robustness: Cluster 91 sensitivity: L1=12, L2=6, L3=12, L4=12 | dissolution=None | core=6
2026-04-28 16:33:28 [INFO] riker.phases.phase4_robustness: Cluster 92 sensitivity: L1=6, L2=2, L3=6, L4=6 | dissolution=2 | core=2
2026-04-28 16:33:28 [INFO] riker.phases.phase4_robustness: Cluster 93 sensitivity: L1=5, L2=5, L3=5, L4=5 | dissolution=None | core=5
2026-04-28 16:33:28 [INFO] riker.phases.phase4_robustness: Cluster 94 sensitivity: L1=8, L2=1, L3=8, L4=8 | dissolution=2 | core=1
2026-04-28 16:33:28 [INFO] riker.phases.phase4_robustness: Cluster 95 sensitivity: L1=8, L2=2, L3=8, L4=0 | dissolution=2 | core=2
2026-04-28 16:33:28 [INFO] riker.phases.phase4_robustness: Cluster 96 sensitivity: L1=6, L2=4, L3=6, L4=6 | dissolution=None | core=4
2026-04-28 16:33:28 [INFO] riker.phases.phase4_robustness: Cluster 97 sensitivity: L1=19, L2=12, L3=19, L4=12 | dissolution=None | core=12
2026-04-28 16:33:28 [INFO] riker.phases.phase4_robustness: Cluster 98 sensitivity: L1=5, L2=0, L3=5, L4=0 | dissolution=2 | core=0
2026-04-28 16:33:28 [INFO] riker.phases.phase4_robustness: Cluster 99 sensitivity: L1=7, L2=3, L3=7, L4=0 | dissolution=4 | core=3
2026-04-28 16:33:28 [INFO] riker.phases.phase4_robustness: Cluster 100 sensitivity: L1=20, L2=9, L3=20, L4=0 | dissolution=4 | core=9
2026-04-28 16:33:28 [INFO] riker.phases.phase4_robustness: Cluster 101 sensitivity: L1=6, L2=0, L3=3, L4=0 | dissolution=2 | core=0
2026-04-28 16:33:28 [INFO] riker.phases.phase4_robustness: Cluster 102 sensitivity: L1=18, L2=0, L3=0, L4=0 | dissolution=2 | core=0
2026-04-28 16:33:28 [INFO] riker.phases.phase4_robustness: Cluster 103 sensitivity: L1=13, L2=0, L3=0, L4=0 | dissolution=2 | core=0
2026-04-28 16:33:28 [INFO] riker.phases.phase4_robustness: Cluster 104 sensitivity: L1=12, L2=0, L3=0, L4=0 | dissolution=2 | core=0
2026-04-28 16:33:28 [INFO] riker.phases.phase4_robustness: Cluster 105 sensitivity: L1=12, L2=0, L3=0, L4=0 | dissolution=2 | core=0
2026-04-28 16:33:28 [INFO] riker.phases.phase4_robustness: Cluster 106 sensitivity: L1=7, L2=0, L3=0, L4=0 | dissolution=2 | core=0
2026-04-28 16:33:28 [INFO] riker.phases.phase4_robustness: Cluster 107 sensitivity: L1=6, L2=0, L3=0, L4=0 | dissolution=2 | core=0
2026-04-28 16:33:28 [INFO] riker.phases.phase4_robustness: Cluster 108 sensitivity: L1=6, L2=0, L3=0, L4=0 | dissolution=2 | core=0
2026-04-28 16:33:28 [INFO] riker.phases.phase4_robustness: Cluster 109 sensitivity: L1=5, L2=0, L3=0, L4=0 | dissolution=2 | core=0
2026-04-28 16:33:28 [INFO] riker.phases.phase4_robustness: Cluster 110 sensitivity: L1=11, L2=1, L3=0, L4=0 | dissolution=2 | core=1
2026-04-28 16:33:28 [INFO] riker.phases.phase4_robustness: Cluster 111 sensitivity: L1=5, L2=0, L3=0, L4=0 | dissolution=2 | core=0
2026-04-28 16:33:28 [INFO] riker.phases.phase4_robustness: Cluster 112 sensitivity: L1=8, L2=0, L3=0, L4=0 | dissolution=2 | core=0
2026-04-28 16:33:28 [INFO] riker.phases.phase4_robustness: Cluster 113 sensitivity: L1=5, L2=0, L3=0, L4=0 | dissolution=2 | core=0
2026-04-28 16:33:28 [INFO] riker.phases.phase4_robustness: Cluster 114 sensitivity: L1=15, L2=7, L3=14, L4=0 | dissolution=4 | core=7
2026-04-28 16:33:28 [INFO] riker.phases.phase4_robustness: Cluster 115 sensitivity: L1=13, L2=1, L3=3, L4=0 | dissolution=2 | core=1
2026-04-28 16:33:28 [INFO] riker.phases.phase4_robustness: Cluster 116 sensitivity: L1=17, L2=5, L3=8, L4=0 | dissolution=4 | core=5
2026-04-28 16:33:28 [INFO] riker.phases.phase4_robustness: Cluster 117 sensitivity: L1=9, L2=0, L3=0, L4=0 | dissolution=2 | core=0
2026-04-28 16:33:28 [INFO] riker.phases.phase4_robustness: Cluster 118 sensitivity: L1=7, L2=0, L3=0, L4=0 | dissolution=2 | core=0
2026-04-28 16:33:28 [INFO] riker.phases.phase4_robustness: Cluster 119 sensitivity: L1=6, L2=0, L3=0, L4=0 | dissolution=2 | core=0
2026-04-28 16:33:28 [INFO] riker.phases.phase4_robustness: Cluster 120 sensitivity: L1=7, L2=4, L3=7, L4=0 | dissolution=4 | core=4
2026-04-28 16:33:28 [INFO] riker.phases.phase4_robustness: Cluster 121 sensitivity: L1=9, L2=2, L3=9, L4=0 | dissolution=2 | core=2
2026-04-28 16:33:28 [INFO] riker.phases.phase4_robustness: Cluster 122 sensitivity: L1=10, L2=0, L3=0, L4=0 | dissolution=2 | core=0
2026-04-28 16:33:28 [INFO] riker.phases.phase4_robustness: Cluster 123 sensitivity: L1=5, L2=0, L3=0, L4=0 | dissolution=2 | core=0
2026-04-28 16:33:28 [INFO] riker.phases.phase4_robustness: Cluster 124 sensitivity: L1=7, L2=2, L3=7, L4=7 | dissolution=2 | core=2
2026-04-28 16:33:28 [INFO] riker.phases.phase4_robustness: Cluster 125 sensitivity: L1=5, L2=2, L3=5, L4=5 | dissolution=2 | core=2
2026-04-28 16:33:28 [INFO] riker.phases.phase4_robustness: Cluster 126 sensitivity: L1=10, L2=0, L3=10, L4=1 | dissolution=2 | core=0
2026-04-28 16:33:28 [INFO] riker.phases.phase4_robustness: Cluster 127 sensitivity: L1=5, L2=0, L3=5, L4=1 | dissolution=2 | core=0
2026-04-28 16:33:28 [INFO] riker.phases.phase4_robustness: Cluster 128 sensitivity: L1=7, L2=0, L3=7, L4=2 | dissolution=2 | core=0
2026-04-28 16:33:28 [INFO] riker.phases.phase4_robustness: Cluster 129 sensitivity: L1=8, L2=1, L3=8, L4=8 | dissolution=2 | core=1
2026-04-28 16:33:28 [INFO] riker.phases.phase4_robustness: Cluster 130 sensitivity: L1=15, L2=1, L3=15, L4=15 | dissolution=2 | core=1
2026-04-28 16:33:28 [INFO] riker.phases.phase4_robustness: Cluster 131 sensitivity: L1=8, L2=0, L3=8, L4=8 | dissolution=2 | core=0
2026-04-28 16:33:28 [INFO] riker.phases.phase4_robustness: Cluster 132 sensitivity: L1=8, L2=4, L3=8, L4=3 | dissolution=None | core=4
2026-04-28 16:33:28 [INFO] riker.phases.phase4_robustness: Cluster 133 sensitivity: L1=6, L2=0, L3=6, L4=0 | dissolution=2 | core=0
2026-04-28 16:33:28 [INFO] riker.phases.phase4_robustness: Cluster 134 sensitivity: L1=7, L2=3, L3=7, L4=0 | dissolution=4 | core=3
2026-04-28 16:33:28 [INFO] riker.phases.phase4_robustness: Cluster 135 sensitivity: L1=10, L2=1, L3=0, L4=0 | dissolution=2 | core=1
2026-04-28 16:33:28 [INFO] riker.phases.phase4_robustness: Cluster 136 sensitivity: L1=6, L2=0, L3=0, L4=0 | dissolution=2 | core=0
2026-04-28 16:33:28 [INFO] riker.phases.phase4_robustness: Cluster 137 sensitivity: L1=11, L2=0, L3=0, L4=0 | dissolution=2 | core=0
2026-04-28 16:33:28 [INFO] riker.phases.phase4_robustness: Cluster 138 sensitivity: L1=13, L2=4, L3=13, L4=0 | dissolution=4 | core=4
2026-04-28 16:33:28 [INFO] riker.phases.phase4_robustness: Cluster 139 sensitivity: L1=11, L2=4, L3=11, L4=1 | dissolution=4 | core=4
2026-04-28 16:33:28 [INFO] riker.phases.phase4_robustness: Cluster 140 sensitivity: L1=8, L2=0, L3=8, L4=8 | dissolution=2 | core=0
2026-04-28 16:33:28 [INFO] riker.phases.phase4_robustness: Cluster 141 sensitivity: L1=12, L2=6, L3=12, L4=12 | dissolution=None | core=6
2026-04-28 16:33:28 [INFO] riker.phases.phase4_robustness: Cluster 142 sensitivity: L1=8, L2=5, L3=8, L4=8 | dissolution=None | core=5
2026-04-28 16:33:28 [INFO] riker.phases.phase4_robustness: Cluster 143 sensitivity: L1=9, L2=7, L3=9, L4=9 | dissolution=None | core=7
2026-04-28 16:33:28 [INFO] riker.phases.phase4_robustness: Cluster 144 sensitivity: L1=32, L2=23, L3=32, L4=32 | dissolution=None | core=23
2026-04-28 16:33:28 [INFO] riker.phases.phase4_robustness: Cluster 145 sensitivity: L1=12, L2=11, L3=12, L4=12 | dissolution=None | core=11
2026-04-28 16:33:28 [INFO] riker.phases.phase4_robustness: Cluster 146 sensitivity: L1=13, L2=0, L3=0, L4=0 | dissolution=2 | core=0
2026-04-28 16:33:28 [INFO] riker.phases.phase4_robustness: Cluster 147 sensitivity: L1=13, L2=3, L3=0, L4=0 | dissolution=3 | core=3
2026-04-28 16:33:28 [INFO] riker.phases.phase4_robustness: Cluster 148 sensitivity: L1=5, L2=0, L3=0, L4=0 | dissolution=2 | core=0
2026-04-28 16:33:28 [INFO] riker.phases.phase4_robustness: Cluster 149 sensitivity: L1=11, L2=0, L3=0, L4=0 | dissolution=2 | core=0
2026-04-28 16:33:28 [INFO] riker.phases.phase4_robustness: Cluster 150 sensitivity: L1=7, L2=1, L3=7, L4=4 | dissolution=2 | core=1
2026-04-28 16:33:28 [INFO] riker.phases.phase4_robustness: Cluster 151 sensitivity: L1=14, L2=0, L3=0, L4=0 | dissolution=2 | core=0
2026-04-28 16:33:28 [INFO] riker.phases.phase4_robustness: Cluster 152 sensitivity: L1=6, L2=4, L3=6, L4=6 | dissolution=None | core=4
2026-04-28 16:33:28 [INFO] riker.phases.phase4_robustness: Cluster 153 sensitivity: L1=11, L2=5, L3=11, L4=11 | dissolution=None | core=5
2026-04-28 16:33:28 [INFO] riker.phases.phase4_robustness: Cluster 154 sensitivity: L1=7, L2=4, L3=7, L4=7 | dissolution=None | core=4
2026-04-28 16:33:28 [INFO] riker.phases.phase4_robustness: Cluster 155 sensitivity: L1=5, L2=3, L3=5, L4=5 | dissolution=None | core=3
2026-04-28 16:33:28 [INFO] riker.phases.phase4_robustness: Cluster 156 sensitivity: L1=34, L2=21, L3=34, L4=34 | dissolution=None | core=21
2026-04-28 16:33:28 [INFO] riker.phases.phase4_robustness: Cluster 157 sensitivity: L1=10, L2=8, L3=10, L4=10 | dissolution=None | core=8
2026-04-28 16:33:28 [INFO] riker.phases.phase4_robustness: Cluster 158 sensitivity: L1=7, L2=2, L3=7, L4=7 | dissolution=2 | core=2
2026-04-28 16:33:28 [INFO] riker.phases.phase4_robustness: Cluster 159 sensitivity: L1=5, L2=2, L3=5, L4=5 | dissolution=2 | core=2
2026-04-28 16:33:28 [INFO] riker.phases.phase4_robustness: Cluster 160 sensitivity: L1=10, L2=8, L3=10, L4=10 | dissolution=None | core=8
2026-04-28 16:33:28 [INFO] riker.phases.phase4_robustness: Cluster 161 sensitivity: L1=5, L2=3, L3=5, L4=4 | dissolution=None | core=3
2026-04-28 16:33:28 [INFO] riker.phases.phase4_robustness: Cluster 162 sensitivity: L1=11, L2=0, L3=0, L4=0 | dissolution=2 | core=0
2026-04-28 16:33:28 [INFO] riker.phases.phase4_robustness: Cluster 163 sensitivity: L1=15, L2=0, L3=12, L4=0 | dissolution=2 | core=0
2026-04-28 16:33:28 [INFO] riker.phases.phase4_robustness: Cluster 164 sensitivity: L1=7, L2=1, L3=7, L4=0 | dissolution=2 | core=1
2026-04-28 16:33:28 [INFO] riker.phases.phase4_robustness: Cluster 165 sensitivity: L1=6, L2=5, L3=6, L4=3 | dissolution=None | core=5
2026-04-28 16:33:28 [INFO] riker.phases.phase4_robustness: Cluster 166 sensitivity: L1=10, L2=0, L3=0, L4=0 | dissolution=2 | core=0
2026-04-28 16:33:28 [INFO] riker.phases.phase4_robustness: Cluster 167 sensitivity: L1=7, L2=3, L3=7, L4=7 | dissolution=None | core=3
2026-04-28 16:33:28 [INFO] riker.phases.phase4_robustness: Cluster 168 sensitivity: L1=8, L2=6, L3=8, L4=8 | dissolution=None | core=6
2026-04-28 16:33:28 [INFO] riker.phases.phase4_robustness: Cluster 169 sensitivity: L1=6, L2=5, L3=6, L4=6 | dissolution=None | core=5
2026-04-28 16:33:28 [INFO] riker.phases.phase4_robustness: Cluster 170 sensitivity: L1=8, L2=5, L3=8, L4=8 | dissolution=None | core=5
2026-04-28 16:33:28 [INFO] riker.phases.phase4_robustness: Cluster 171 sensitivity: L1=5, L2=1, L3=5, L4=5 | dissolution=2 | core=1
2026-04-28 16:33:28 [INFO] riker.phases.phase4_robustness: Cluster 172 sensitivity: L1=9, L2=2, L3=9, L4=9 | dissolution=2 | core=2
2026-04-28 16:33:28 [INFO] riker.phases.phase4_robustness: Cluster 173 sensitivity: L1=10, L2=3, L3=0, L4=0 | dissolution=3 | core=3
2026-04-28 16:33:28 [INFO] riker.phases.phase4_robustness: Cluster 174 sensitivity: L1=15, L2=6, L3=15, L4=0 | dissolution=4 | core=6
2026-04-28 16:33:28 [INFO] riker.phases.phase4_robustness: Cluster 175 sensitivity: L1=6, L2=2, L3=6, L4=0 | dissolution=2 | core=2
2026-04-28 16:33:28 [INFO] riker.phases.phase4_robustness: Cluster 176 sensitivity: L1=17, L2=4, L3=9, L4=0 | dissolution=4 | core=4
2026-04-28 16:33:28 [INFO] riker.phases.phase4_robustness: Cluster 177 sensitivity: L1=7, L2=1, L3=2, L4=0 | dissolution=2 | core=1
2026-04-28 16:33:28 [INFO] riker.phases.phase4_robustness: Cluster 178 sensitivity: L1=10, L2=0, L3=0, L4=0 | dissolution=2 | core=0
2026-04-28 16:33:28 [INFO] riker.phases.phase4_robustness: Cluster 179 sensitivity: L1=9, L2=0, L3=0, L4=0 | dissolution=2 | core=0
2026-04-28 16:33:28 [INFO] riker.phases.phase4_robustness: Cluster 0 LOO: min_retention=0.00 (FRAGILE)
2026-04-28 16:33:28 [INFO] riker.phases.phase4_robustness: Cluster 1 LOO: min_retention=0.00 (FRAGILE)
2026-04-28 16:33:28 [INFO] riker.phases.phase4_robustness: Cluster 2 LOO: min_retention=1.00 (STABLE)
2026-04-28 16:33:28 [INFO] riker.phases.phase4_robustness: Cluster 3 LOO: min_retention=1.00 (STABLE)
2026-04-28 16:33:28 [INFO] riker.phases.phase4_robustness: Cluster 4 LOO: min_retention=1.00 (STABLE)
2026-04-28 16:33:28 [INFO] riker.phases.phase4_robustness: Cluster 5 LOO: min_retention=1.00 (STABLE)
2026-04-28 16:33:28 [INFO] riker.phases.phase4_robustness: Cluster 6 LOO: min_retention=0.00 (FRAGILE)
2026-04-28 16:33:28 [INFO] riker.phases.phase4_robustness: Cluster 7 LOO: min_retention=0.00 (FRAGILE)
2026-04-28 16:33:28 [INFO] riker.phases.phase4_robustness: Cluster 8 LOO: min_retention=0.00 (FRAGILE)
2026-04-28 16:33:28 [INFO] riker.phases.phase4_robustness: Cluster 9 LOO: min_retention=0.00 (FRAGILE)
2026-04-28 16:33:28 [INFO] riker.phases.phase4_robustness: Cluster 10 LOO: min_retention=0.07 (FRAGILE)
2026-04-28 16:33:28 [INFO] riker.phases.phase4_robustness: Cluster 11 LOO: min_retention=0.23 (FRAGILE)
2026-04-28 16:33:28 [INFO] riker.phases.phase4_robustness: Cluster 12 LOO: min_retention=0.00 (FRAGILE)
2026-04-28 16:33:28 [INFO] riker.phases.phase4_robustness: Cluster 13 LOO: min_retention=0.00 (FRAGILE)
2026-04-28 16:33:28 [INFO] riker.phases.phase4_robustness: Cluster 14 LOO: min_retention=0.10 (FRAGILE)
2026-04-28 16:33:28 [INFO] riker.phases.phase4_robustness: Cluster 15 LOO: min_retention=0.00 (FRAGILE)
2026-04-28 16:33:28 [INFO] riker.phases.phase4_robustness: Cluster 16 LOO: min_retention=0.00 (FRAGILE)
2026-04-28 16:33:28 [INFO] riker.phases.phase4_robustness: Cluster 17 LOO: min_retention=0.00 (FRAGILE)
2026-04-28 16:33:28 [INFO] riker.phases.phase4_robustness: Cluster 18 LOO: min_retention=0.00 (FRAGILE)
2026-04-28 16:33:28 [INFO] riker.phases.phase4_robustness: Cluster 19 LOO: min_retention=0.00 (FRAGILE)
2026-04-28 16:33:28 [INFO] riker.phases.phase4_robustness: Cluster 20 LOO: min_retention=0.00 (FRAGILE)
2026-04-28 16:33:28 [INFO] riker.phases.phase4_robustness: Cluster 21 LOO: min_retention=0.00 (FRAGILE)
2026-04-28 16:33:28 [INFO] riker.phases.phase4_robustness: Cluster 22 LOO: min_retention=0.00 (FRAGILE)
2026-04-28 16:33:28 [INFO] riker.phases.phase4_robustness: Cluster 23 LOO: min_retention=0.00 (FRAGILE)
2026-04-28 16:33:28 [INFO] riker.phases.phase4_robustness: Cluster 24 LOO: min_retention=0.00 (FRAGILE)
2026-04-28 16:33:28 [INFO] riker.phases.phase4_robustness: Cluster 25 LOO: min_retention=0.00 (FRAGILE)
2026-04-28 16:33:28 [INFO] riker.phases.phase4_robustness: Cluster 26 LOO: min_retention=0.00 (FRAGILE)
2026-04-28 16:33:28 [INFO] riker.phases.phase4_robustness: Cluster 27 LOO: min_retention=0.00 (FRAGILE)
2026-04-28 16:33:28 [INFO] riker.phases.phase4_robustness: Cluster 28 LOO: min_retention=0.00 (FRAGILE)
2026-04-28 16:33:28 [INFO] riker.phases.phase4_robustness: Cluster 29 LOO: min_retention=0.00 (FRAGILE)
2026-04-28 16:33:28 [INFO] riker.phases.phase4_robustness: Cluster 30 LOO: min_retention=0.00 (FRAGILE)
2026-04-28 16:33:28 [INFO] riker.phases.phase4_robustness: Cluster 31 LOO: min_retention=0.00 (FRAGILE)
2026-04-28 16:33:28 [INFO] riker.phases.phase4_robustness: Cluster 32 LOO: min_retention=0.00 (FRAGILE)
2026-04-28 16:33:28 [INFO] riker.phases.phase4_robustness: Cluster 33 LOO: min_retention=0.00 (FRAGILE)
2026-04-28 16:33:28 [INFO] riker.phases.phase4_robustness: Cluster 34 LOO: min_retention=0.20 (FRAGILE)
2026-04-28 16:33:28 [INFO] riker.phases.phase4_robustness: Cluster 35 LOO: min_retention=0.00 (FRAGILE)
2026-04-28 16:33:28 [INFO] riker.phases.phase4_robustness: Cluster 36 LOO: min_retention=0.04 (FRAGILE)
2026-04-28 16:33:28 [INFO] riker.phases.phase4_robustness: Cluster 37 LOO: min_retention=0.00 (FRAGILE)
2026-04-28 16:33:28 [INFO] riker.phases.phase4_robustness: Cluster 38 LOO: min_retention=0.00 (FRAGILE)
2026-04-28 16:33:28 [INFO] riker.phases.phase4_robustness: Cluster 39 LOO: min_retention=0.00 (FRAGILE)
2026-04-28 16:33:28 [INFO] riker.phases.phase4_robustness: Cluster 40 LOO: min_retention=0.00 (FRAGILE)
2026-04-28 16:33:28 [INFO] riker.phases.phase4_robustness: Cluster 41 LOO: min_retention=0.14 (FRAGILE)
2026-04-28 16:33:28 [INFO] riker.phases.phase4_robustness: Cluster 42 LOO: min_retention=1.00 (STABLE)
2026-04-28 16:33:28 [INFO] riker.phases.phase4_robustness: Cluster 43 LOO: min_retention=0.10 (FRAGILE)
2026-04-28 16:33:28 [INFO] riker.phases.phase4_robustness: Cluster 44 LOO: min_retention=0.00 (FRAGILE)
2026-04-28 16:33:28 [INFO] riker.phases.phase4_robustness: Cluster 45 LOO: min_retention=0.00 (FRAGILE)
2026-04-28 16:33:28 [INFO] riker.phases.phase4_robustness: Cluster 46 LOO: min_retention=0.00 (FRAGILE)
2026-04-28 16:33:28 [INFO] riker.phases.phase4_robustness: Cluster 47 LOO: min_retention=0.00 (FRAGILE)
2026-04-28 16:33:28 [INFO] riker.phases.phase4_robustness: Cluster 48 LOO: min_retention=0.00 (FRAGILE)
2026-04-28 16:33:28 [INFO] riker.phases.phase4_robustness: Cluster 49 LOO: min_retention=0.00 (FRAGILE)
2026-04-28 16:33:28 [INFO] riker.phases.phase4_robustness: Cluster 50 LOO: min_retention=0.00 (FRAGILE)
2026-04-28 16:33:28 [INFO] riker.phases.phase4_robustness: Cluster 51 LOO: min_retention=0.00 (FRAGILE)
2026-04-28 16:33:28 [INFO] riker.phases.phase4_robustness: Cluster 52 LOO: min_retention=0.00 (FRAGILE)
2026-04-28 16:33:28 [INFO] riker.phases.phase4_robustness: Cluster 53 LOO: min_retention=0.11 (FRAGILE)
2026-04-28 16:33:28 [INFO] riker.phases.phase4_robustness: Cluster 54 LOO: min_retention=1.00 (STABLE)
2026-04-28 16:33:28 [INFO] riker.phases.phase4_robustness: Cluster 55 LOO: min_retention=1.00 (STABLE)
2026-04-28 16:33:28 [INFO] riker.phases.phase4_robustness: Cluster 56 LOO: min_retention=0.00 (FRAGILE)
2026-04-28 16:33:28 [INFO] riker.phases.phase4_robustness: Cluster 57 LOO: min_retention=0.00 (FRAGILE)
2026-04-28 16:33:28 [INFO] riker.phases.phase4_robustness: Cluster 58 LOO: min_retention=0.00 (FRAGILE)
2026-04-28 16:33:28 [INFO] riker.phases.phase4_robustness: Cluster 59 LOO: min_retention=0.17 (FRAGILE)
2026-04-28 16:33:28 [INFO] riker.phases.phase4_robustness: Cluster 60 LOO: min_retention=0.00 (FRAGILE)
2026-04-28 16:33:28 [INFO] riker.phases.phase4_robustness: Cluster 61 LOO: min_retention=0.08 (FRAGILE)
2026-04-28 16:33:28 [INFO] riker.phases.phase4_robustness: Cluster 62 LOO: min_retention=0.06 (FRAGILE)
2026-04-28 16:33:28 [INFO] riker.phases.phase4_robustness: Cluster 63 LOO: min_retention=0.14 (FRAGILE)
2026-04-28 16:33:28 [INFO] riker.phases.phase4_robustness: Cluster 64 LOO: min_retention=0.00 (FRAGILE)
2026-04-28 16:33:28 [INFO] riker.phases.phase4_robustness: Cluster 65 LOO: min_retention=0.00 (FRAGILE)
2026-04-28 16:33:28 [INFO] riker.phases.phase4_robustness: Cluster 66 LOO: min_retention=0.00 (FRAGILE)
2026-04-28 16:33:28 [INFO] riker.phases.phase4_robustness: Cluster 67 LOO: min_retention=0.00 (FRAGILE)
2026-04-28 16:33:28 [INFO] riker.phases.phase4_robustness: Cluster 68 LOO: min_retention=0.00 (FRAGILE)
2026-04-28 16:33:28 [INFO] riker.phases.phase4_robustness: Cluster 69 LOO: min_retention=1.00 (STABLE)
2026-04-28 16:33:28 [INFO] riker.phases.phase4_robustness: Cluster 70 LOO: min_retention=1.00 (STABLE)
2026-04-28 16:33:28 [INFO] riker.phases.phase4_robustness: Cluster 71 LOO: min_retention=1.00 (STABLE)
2026-04-28 16:33:28 [INFO] riker.phases.phase4_robustness: Cluster 72 LOO: min_retention=0.00 (FRAGILE)
2026-04-28 16:33:28 [INFO] riker.phases.phase4_robustness: Cluster 73 LOO: min_retention=0.00 (FRAGILE)
2026-04-28 16:33:28 [INFO] riker.phases.phase4_robustness: Cluster 74 LOO: min_retention=0.00 (FRAGILE)
2026-04-28 16:33:28 [INFO] riker.phases.phase4_robustness: Cluster 75 LOO: min_retention=0.00 (FRAGILE)
2026-04-28 16:33:28 [INFO] riker.phases.phase4_robustness: Cluster 76 LOO: min_retention=0.00 (FRAGILE)
2026-04-28 16:33:28 [INFO] riker.phases.phase4_robustness: Cluster 77 LOO: min_retention=0.00 (FRAGILE)
2026-04-28 16:33:28 [INFO] riker.phases.phase4_robustness: Cluster 78 LOO: min_retention=0.11 (FRAGILE)
2026-04-28 16:33:28 [INFO] riker.phases.phase4_robustness: Cluster 79 LOO: min_retention=0.09 (FRAGILE)
2026-04-28 16:33:28 [INFO] riker.phases.phase4_robustness: Cluster 80 LOO: min_retention=0.12 (FRAGILE)
2026-04-28 16:33:28 [INFO] riker.phases.phase4_robustness: Cluster 81 LOO: min_retention=0.09 (FRAGILE)
2026-04-28 16:33:28 [INFO] riker.phases.phase4_robustness: Cluster 82 LOO: min_retention=0.00 (FRAGILE)
2026-04-28 16:33:28 [INFO] riker.phases.phase4_robustness: Cluster 83 LOO: min_retention=0.00 (FRAGILE)
2026-04-28 16:33:28 [INFO] riker.phases.phase4_robustness: Cluster 84 LOO: min_retention=1.00 (STABLE)
2026-04-28 16:33:28 [INFO] riker.phases.phase4_robustness: Cluster 85 LOO: min_retention=1.00 (STABLE)
2026-04-28 16:33:28 [INFO] riker.phases.phase4_robustness: Cluster 86 LOO: min_retention=1.00 (STABLE)
2026-04-28 16:33:28 [INFO] riker.phases.phase4_robustness: Cluster 87 LOO: min_retention=0.10 (FRAGILE)
2026-04-28 16:33:28 [INFO] riker.phases.phase4_robustness: Cluster 88 LOO: min_retention=0.00 (FRAGILE)
2026-04-28 16:33:28 [INFO] riker.phases.phase4_robustness: Cluster 89 LOO: min_retention=1.00 (STABLE)
2026-04-28 16:33:28 [INFO] riker.phases.phase4_robustness: Cluster 90 LOO: min_retention=0.00 (FRAGILE)
2026-04-28 16:33:28 [INFO] riker.phases.phase4_robustness: Cluster 91 LOO: min_retention=0.00 (FRAGILE)
2026-04-28 16:33:28 [INFO] riker.phases.phase4_robustness: Cluster 92 LOO: min_retention=0.00 (FRAGILE)
2026-04-28 16:33:28 [INFO] riker.phases.phase4_robustness: Cluster 93 LOO: min_retention=0.00 (FRAGILE)
2026-04-28 16:33:28 [INFO] riker.phases.phase4_robustness: Cluster 94 LOO: min_retention=0.00 (FRAGILE)
2026-04-28 16:33:28 [INFO] riker.phases.phase4_robustness: Cluster 95 LOO: min_retention=0.00 (FRAGILE)
2026-04-28 16:33:28 [INFO] riker.phases.phase4_robustness: Cluster 96 LOO: min_retention=1.00 (STABLE)
2026-04-28 16:33:28 [INFO] riker.phases.phase4_robustness: Cluster 97 LOO: min_retention=1.00 (STABLE)
2026-04-28 16:33:28 [INFO] riker.phases.phase4_robustness: Cluster 98 LOO: min_retention=0.00 (FRAGILE)
2026-04-28 16:33:28 [INFO] riker.phases.phase4_robustness: Cluster 99 LOO: min_retention=0.00 (FRAGILE)
2026-04-28 16:33:28 [INFO] riker.phases.phase4_robustness: Cluster 100 LOO: min_retention=0.00 (FRAGILE)
2026-04-28 16:33:28 [INFO] riker.phases.phase4_robustness: Cluster 101 LOO: min_retention=0.00 (FRAGILE)
2026-04-28 16:33:28 [INFO] riker.phases.phase4_robustness: Cluster 102 LOO: min_retention=0.00 (FRAGILE)
2026-04-28 16:33:28 [INFO] riker.phases.phase4_robustness: Cluster 103 LOO: min_retention=0.00 (FRAGILE)
2026-04-28 16:33:28 [INFO] riker.phases.phase4_robustness: Cluster 104 LOO: min_retention=0.00 (FRAGILE)
2026-04-28 16:33:28 [INFO] riker.phases.phase4_robustness: Cluster 105 LOO: min_retention=0.00 (FRAGILE)
2026-04-28 16:33:28 [INFO] riker.phases.phase4_robustness: Cluster 106 LOO: min_retention=0.00 (FRAGILE)
2026-04-28 16:33:28 [INFO] riker.phases.phase4_robustness: Cluster 107 LOO: min_retention=0.00 (FRAGILE)
2026-04-28 16:33:28 [INFO] riker.phases.phase4_robustness: Cluster 108 LOO: min_retention=0.00 (FRAGILE)
2026-04-28 16:33:28 [INFO] riker.phases.phase4_robustness: Cluster 109 LOO: min_retention=0.00 (FRAGILE)
2026-04-28 16:33:28 [INFO] riker.phases.phase4_robustness: Cluster 110 LOO: min_retention=0.00 (FRAGILE)
2026-04-28 16:33:28 [INFO] riker.phases.phase4_robustness: Cluster 111 LOO: min_retention=0.00 (FRAGILE)
2026-04-28 16:33:28 [INFO] riker.phases.phase4_robustness: Cluster 112 LOO: min_retention=0.00 (FRAGILE)
2026-04-28 16:33:28 [INFO] riker.phases.phase4_robustness: Cluster 113 LOO: min_retention=0.00 (FRAGILE)
2026-04-28 16:33:28 [INFO] riker.phases.phase4_robustness: Cluster 114 LOO: min_retention=1.00 (STABLE)
2026-04-28 16:33:28 [INFO] riker.phases.phase4_robustness: Cluster 115 LOO: min_retention=1.00 (STABLE)
2026-04-28 16:33:28 [INFO] riker.phases.phase4_robustness: Cluster 116 LOO: min_retention=0.00 (FRAGILE)
2026-04-28 16:33:28 [INFO] riker.phases.phase4_robustness: Cluster 117 LOO: min_retention=0.00 (FRAGILE)
2026-04-28 16:33:28 [INFO] riker.phases.phase4_robustness: Cluster 118 LOO: min_retention=0.00 (FRAGILE)
2026-04-28 16:33:28 [INFO] riker.phases.phase4_robustness: Cluster 119 LOO: min_retention=0.00 (FRAGILE)
2026-04-28 16:33:28 [INFO] riker.phases.phase4_robustness: Cluster 120 LOO: min_retention=0.14 (FRAGILE)
2026-04-28 16:33:28 [INFO] riker.phases.phase4_robustness: Cluster 121 LOO: min_retention=0.11 (FRAGILE)
2026-04-28 16:33:28 [INFO] riker.phases.phase4_robustness: Cluster 122 LOO: min_retention=0.10 (FRAGILE)
2026-04-28 16:33:28 [INFO] riker.phases.phase4_robustness: Cluster 123 LOO: min_retention=0.00 (FRAGILE)
2026-04-28 16:33:28 [INFO] riker.phases.phase4_robustness: Cluster 124 LOO: min_retention=0.14 (FRAGILE)
2026-04-28 16:33:28 [INFO] riker.phases.phase4_robustness: Cluster 125 LOO: min_retention=0.00 (FRAGILE)
2026-04-28 16:33:28 [INFO] riker.phases.phase4_robustness: Cluster 126 LOO: min_retention=0.00 (FRAGILE)
2026-04-28 16:33:28 [INFO] riker.phases.phase4_robustness: Cluster 127 LOO: min_retention=0.20 (FRAGILE)
2026-04-28 16:33:28 [INFO] riker.phases.phase4_robustness: Cluster 128 LOO: min_retention=0.00 (FRAGILE)
2026-04-28 16:33:28 [INFO] riker.phases.phase4_robustness: Cluster 129 LOO: min_retention=0.00 (FRAGILE)
2026-04-28 16:33:28 [INFO] riker.phases.phase4_robustness: Cluster 130 LOO: min_retention=0.07 (FRAGILE)
2026-04-28 16:33:28 [INFO] riker.phases.phase4_robustness: Cluster 131 LOO: min_retention=0.00 (FRAGILE)
2026-04-28 16:33:28 [INFO] riker.phases.phase4_robustness: Cluster 132 LOO: min_retention=0.00 (FRAGILE)
2026-04-28 16:33:28 [INFO] riker.phases.phase4_robustness: Cluster 133 LOO: min_retention=0.00 (FRAGILE)
2026-04-28 16:33:28 [INFO] riker.phases.phase4_robustness: Cluster 134 LOO: min_retention=0.00 (FRAGILE)
2026-04-28 16:33:28 [INFO] riker.phases.phase4_robustness: Cluster 135 LOO: min_retention=0.00 (FRAGILE)
2026-04-28 16:33:28 [INFO] riker.phases.phase4_robustness: Cluster 136 LOO: min_retention=0.00 (FRAGILE)
2026-04-28 16:33:28 [INFO] riker.phases.phase4_robustness: Cluster 137 LOO: min_retention=0.00 (FRAGILE)
2026-04-28 16:33:28 [INFO] riker.phases.phase4_robustness: Cluster 138 LOO: min_retention=0.15 (FRAGILE)
2026-04-28 16:33:28 [INFO] riker.phases.phase4_robustness: Cluster 139 LOO: min_retention=0.09 (FRAGILE)
2026-04-28 16:33:28 [INFO] riker.phases.phase4_robustness: Cluster 140 LOO: min_retention=0.00 (FRAGILE)
2026-04-28 16:33:28 [INFO] riker.phases.phase4_robustness: Cluster 141 LOO: min_retention=0.00 (FRAGILE)
2026-04-28 16:33:28 [INFO] riker.phases.phase4_robustness: Cluster 142 LOO: min_retention=0.00 (FRAGILE)
2026-04-28 16:33:28 [INFO] riker.phases.phase4_robustness: Cluster 143 LOO: min_retention=0.00 (FRAGILE)
2026-04-28 16:33:28 [INFO] riker.phases.phase4_robustness: Cluster 144 LOO: min_retention=0.00 (FRAGILE)
2026-04-28 16:33:28 [INFO] riker.phases.phase4_robustness: Cluster 145 LOO: min_retention=0.00 (FRAGILE)
2026-04-28 16:33:28 [INFO] riker.phases.phase4_robustness: Cluster 146 LOO: min_retention=0.00 (FRAGILE)
2026-04-28 16:33:28 [INFO] riker.phases.phase4_robustness: Cluster 147 LOO: min_retention=0.00 (FRAGILE)
2026-04-28 16:33:28 [INFO] riker.phases.phase4_robustness: Cluster 148 LOO: min_retention=0.00 (FRAGILE)
2026-04-28 16:33:28 [INFO] riker.phases.phase4_robustness: Cluster 149 LOO: min_retention=0.00 (FRAGILE)
2026-04-28 16:33:28 [INFO] riker.phases.phase4_robustness: Cluster 150 LOO: min_retention=0.00 (FRAGILE)
2026-04-28 16:33:28 [INFO] riker.phases.phase4_robustness: Cluster 151 LOO: min_retention=0.00 (FRAGILE)
2026-04-28 16:33:28 [INFO] riker.phases.phase4_robustness: Cluster 152 LOO: min_retention=0.00 (FRAGILE)
2026-04-28 16:33:28 [INFO] riker.phases.phase4_robustness: Cluster 153 LOO: min_retention=0.00 (FRAGILE)
2026-04-28 16:33:28 [INFO] riker.phases.phase4_robustness: Cluster 154 LOO: min_retention=0.00 (FRAGILE)
2026-04-28 16:33:28 [INFO] riker.phases.phase4_robustness: Cluster 155 LOO: min_retention=0.00 (FRAGILE)
2026-04-28 16:33:28 [INFO] riker.phases.phase4_robustness: Cluster 156 LOO: min_retention=0.00 (FRAGILE)
2026-04-28 16:33:28 [INFO] riker.phases.phase4_robustness: Cluster 157 LOO: min_retention=0.00 (FRAGILE)
2026-04-28 16:33:28 [INFO] riker.phases.phase4_robustness: Cluster 158 LOO: min_retention=0.00 (FRAGILE)
2026-04-28 16:33:28 [INFO] riker.phases.phase4_robustness: Cluster 159 LOO: min_retention=0.00 (FRAGILE)
2026-04-28 16:33:28 [INFO] riker.phases.phase4_robustness: Cluster 160 LOO: min_retention=0.00 (FRAGILE)
2026-04-28 16:33:28 [INFO] riker.phases.phase4_robustness: Cluster 161 LOO: min_retention=0.00 (FRAGILE)
2026-04-28 16:33:28 [INFO] riker.phases.phase4_robustness: Cluster 162 LOO: min_retention=0.18 (FRAGILE)
2026-04-28 16:33:28 [INFO] riker.phases.phase4_robustness: Cluster 163 LOO: min_retention=0.00 (FRAGILE)
2026-04-28 16:33:28 [INFO] riker.phases.phase4_robustness: Cluster 164 LOO: min_retention=0.14 (FRAGILE)
2026-04-28 16:33:28 [INFO] riker.phases.phase4_robustness: Cluster 165 LOO: min_retention=0.00 (FRAGILE)
2026-04-28 16:33:28 [INFO] riker.phases.phase4_robustness: Cluster 166 LOO: min_retention=0.00 (FRAGILE)
2026-04-28 16:33:28 [INFO] riker.phases.phase4_robustness: Cluster 167 LOO: min_retention=0.00 (FRAGILE)
2026-04-28 16:33:28 [INFO] riker.phases.phase4_robustness: Cluster 168 LOO: min_retention=0.00 (FRAGILE)
2026-04-28 16:33:28 [INFO] riker.phases.phase4_robustness: Cluster 169 LOO: min_retention=0.00 (FRAGILE)
2026-04-28 16:33:28 [INFO] riker.phases.phase4_robustness: Cluster 170 LOO: min_retention=0.00 (FRAGILE)
2026-04-28 16:33:28 [INFO] riker.phases.phase4_robustness: Cluster 171 LOO: min_retention=0.00 (FRAGILE)
2026-04-28 16:33:28 [INFO] riker.phases.phase4_robustness: Cluster 172 LOO: min_retention=0.00 (FRAGILE)
2026-04-28 16:33:28 [INFO] riker.phases.phase4_robustness: Cluster 173 LOO: min_retention=0.20 (FRAGILE)
2026-04-28 16:33:28 [INFO] riker.phases.phase4_robustness: Cluster 174 LOO: min_retention=0.00 (FRAGILE)
2026-04-28 16:33:28 [INFO] riker.phases.phase4_robustness: Cluster 175 LOO: min_retention=0.00 (FRAGILE)
2026-04-28 16:33:28 [INFO] riker.phases.phase4_robustness: Cluster 176 LOO: min_retention=0.06 (FRAGILE)
2026-04-28 16:33:28 [INFO] riker.phases.phase4_robustness: Cluster 177 LOO: min_retention=0.00 (FRAGILE)
2026-04-28 16:33:28 [INFO] riker.phases.phase4_robustness: Cluster 178 LOO: min_retention=0.00 (FRAGILE)
2026-04-28 16:33:28 [INFO] riker.phases.phase4_robustness: Cluster 179 LOO: min_retention=0.00 (FRAGILE)
2026-04-28 16:33:28 [INFO] riker.phases.phase4_robustness: Cluster 1: 0 Level 2 survivors < 3 minimum. No core genes.
2026-04-28 16:33:28 [INFO] riker.phases.phase4_robustness: Cluster 2: 2 Level 2 survivors < 3 minimum. No core genes.
2026-04-28 16:33:28 [INFO] riker.phases.phase4_robustness: Cluster 3: 0 Level 2 survivors < 3 minimum. No core genes.
2026-04-28 16:33:28 [INFO] riker.phases.phase4_robustness: Cluster 4: 0 Level 2 survivors < 3 minimum. No core genes.
2026-04-28 16:33:28 [INFO] riker.phases.phase4_robustness: Cluster 5: 0 Level 2 survivors < 3 minimum. No core genes.
2026-04-28 16:33:28 [INFO] riker.phases.phase4_robustness: Cluster 6: 2 Level 2 survivors < 3 minimum. No core genes.
2026-04-28 16:33:28 [INFO] riker.phases.phase4_robustness: Cluster 10: 0 Level 2 survivors < 3 minimum. No core genes.
2026-04-28 16:33:28 [INFO] riker.phases.phase4_robustness: Cluster 11: 1 Level 2 survivors < 3 minimum. No core genes.
2026-04-28 16:33:28 [INFO] riker.phases.phase4_robustness: Cluster 13: 0 Level 2 survivors < 3 minimum. No core genes.
2026-04-28 16:33:28 [INFO] riker.phases.phase4_robustness: Cluster 14: 0 Level 2 survivors < 3 minimum. No core genes.
2026-04-28 16:33:28 [INFO] riker.phases.phase4_robustness: Cluster 15: 2 Level 2 survivors < 3 minimum. No core genes.
2026-04-28 16:33:28 [INFO] riker.phases.phase4_robustness: Cluster 17: 0 Level 2 survivors < 3 minimum. No core genes.
2026-04-28 16:33:28 [INFO] riker.phases.phase4_robustness: Cluster 18: 2 Level 2 survivors < 3 minimum. No core genes.
2026-04-28 16:33:28 [INFO] riker.phases.phase4_robustness: Cluster 24: 0 Level 2 survivors < 3 minimum. No core genes.
2026-04-28 16:33:28 [INFO] riker.phases.phase4_robustness: Cluster 25: 1 Level 2 survivors < 3 minimum. No core genes.
2026-04-28 16:33:28 [INFO] riker.phases.phase4_robustness: Cluster 26: 0 Level 2 survivors < 3 minimum. No core genes.
2026-04-28 16:33:28 [INFO] riker.phases.phase4_robustness: Cluster 27: 0 Level 2 survivors < 3 minimum. No core genes.
2026-04-28 16:33:28 [INFO] riker.phases.phase4_robustness: Cluster 28: 0 Level 2 survivors < 3 minimum. No core genes.
2026-04-28 16:33:28 [INFO] riker.phases.phase4_robustness: Cluster 33: 0 Level 2 survivors < 3 minimum. No core genes.
2026-04-28 16:33:28 [INFO] riker.phases.phase4_robustness: Cluster 34: 0 Level 2 survivors < 3 minimum. No core genes.
2026-04-28 16:33:28 [INFO] riker.phases.phase4_robustness: Cluster 36: 1 Level 2 survivors < 3 minimum. No core genes.
2026-04-28 16:33:28 [INFO] riker.phases.phase4_robustness: Cluster 37: 0 Level 2 survivors < 3 minimum. No core genes.
2026-04-28 16:33:28 [INFO] riker.phases.phase4_robustness: Cluster 38: 2 Level 2 survivors < 3 minimum. No core genes.
2026-04-28 16:33:28 [INFO] riker.phases.phase4_robustness: Cluster 39: 1 Level 2 survivors < 3 minimum. No core genes.
2026-04-28 16:33:28 [INFO] riker.phases.phase4_robustness: Cluster 40: 0 Level 2 survivors < 3 minimum. No core genes.
2026-04-28 16:33:28 [INFO] riker.phases.phase4_robustness: Cluster 41: 0 Level 2 survivors < 3 minimum. No core genes.
2026-04-28 16:33:28 [INFO] riker.phases.phase4_robustness: Cluster 44: 2 Level 2 survivors < 3 minimum. No core genes.
2026-04-28 16:33:28 [INFO] riker.phases.phase4_robustness: Cluster 47: 0 Level 2 survivors < 3 minimum. No core genes.
2026-04-28 16:33:28 [INFO] riker.phases.phase4_robustness: Cluster 48: 0 Level 2 survivors < 3 minimum. No core genes.
2026-04-28 16:33:28 [INFO] riker.phases.phase4_robustness: Cluster 49: 2 Level 2 survivors < 3 minimum. No core genes.
2026-04-28 16:33:28 [INFO] riker.phases.phase4_robustness: Cluster 51: 0 Level 2 survivors < 3 minimum. No core genes.
2026-04-28 16:33:28 [INFO] riker.phases.phase4_robustness: Cluster 52: 1 Level 2 survivors < 3 minimum. No core genes.
2026-04-28 16:33:28 [INFO] riker.phases.phase4_robustness: Cluster 58: 0 Level 2 survivors < 3 minimum. No core genes.
2026-04-28 16:33:28 [INFO] riker.phases.phase4_robustness: Cluster 59: 0 Level 2 survivors < 3 minimum. No core genes.
2026-04-28 16:33:28 [INFO] riker.phases.phase4_robustness: Cluster 60: 0 Level 2 survivors < 3 minimum. No core genes.
2026-04-28 16:33:28 [INFO] riker.phases.phase4_robustness: Cluster 63: 0 Level 2 survivors < 3 minimum. No core genes.
2026-04-28 16:33:28 [INFO] riker.phases.phase4_robustness: Cluster 64: 0 Level 2 survivors < 3 minimum. No core genes.
2026-04-28 16:33:28 [INFO] riker.phases.phase4_robustness: Cluster 65: 0 Level 2 survivors < 3 minimum. No core genes.
2026-04-28 16:33:28 [INFO] riker.phases.phase4_robustness: Cluster 66: 0 Level 2 survivors < 3 minimum. No core genes.
2026-04-28 16:33:28 [INFO] riker.phases.phase4_robustness: Cluster 67: 2 Level 2 survivors < 3 minimum. No core genes.
2026-04-28 16:33:28 [INFO] riker.phases.phase4_robustness: Cluster 68: 0 Level 2 survivors < 3 minimum. No core genes.
2026-04-28 16:33:28 [INFO] riker.phases.phase4_robustness: Cluster 73: 2 Level 2 survivors < 3 minimum. No core genes.
2026-04-28 16:33:28 [INFO] riker.phases.phase4_robustness: Cluster 75: 2 Level 2 survivors < 3 minimum. No core genes.
2026-04-28 16:33:28 [INFO] riker.phases.phase4_robustness: Cluster 76: 0 Level 2 survivors < 3 minimum. No core genes.
2026-04-28 16:33:28 [INFO] riker.phases.phase4_robustness: Cluster 77: 0 Level 2 survivors < 3 minimum. No core genes.
2026-04-28 16:33:28 [INFO] riker.phases.phase4_robustness: Cluster 78: 0 Level 2 survivors < 3 minimum. No core genes.
2026-04-28 16:33:28 [INFO] riker.phases.phase4_robustness: Cluster 79: 0 Level 2 survivors < 3 minimum. No core genes.
2026-04-28 16:33:28 [INFO] riker.phases.phase4_robustness: Cluster 80: 1 Level 2 survivors < 3 minimum. No core genes.
2026-04-28 16:33:28 [INFO] riker.phases.phase4_robustness: Cluster 81: 2 Level 2 survivors < 3 minimum. No core genes.
2026-04-28 16:33:28 [INFO] riker.phases.phase4_robustness: Cluster 83: 0 Level 2 survivors < 3 minimum. No core genes.
2026-04-28 16:33:28 [INFO] riker.phases.phase4_robustness: Cluster 85: 2 Level 2 survivors < 3 minimum. No core genes.
2026-04-28 16:33:28 [INFO] riker.phases.phase4_robustness: Cluster 86: 0 Level 2 survivors < 3 minimum. No core genes.
2026-04-28 16:33:28 [INFO] riker.phases.phase4_robustness: Cluster 92: 2 Level 2 survivors < 3 minimum. No core genes.
2026-04-28 16:33:28 [INFO] riker.phases.phase4_robustness: Cluster 94: 1 Level 2 survivors < 3 minimum. No core genes.
2026-04-28 16:33:28 [INFO] riker.phases.phase4_robustness: Cluster 95: 2 Level 2 survivors < 3 minimum. No core genes.
2026-04-28 16:33:28 [INFO] riker.phases.phase4_robustness: Cluster 98: 0 Level 2 survivors < 3 minimum. No core genes.
2026-04-28 16:33:28 [INFO] riker.phases.phase4_robustness: Cluster 101: 0 Level 2 survivors < 3 minimum. No core genes.
2026-04-28 16:33:28 [INFO] riker.phases.phase4_robustness: Cluster 102: 0 Level 2 survivors < 3 minimum. No core genes.
2026-04-28 16:33:28 [INFO] riker.phases.phase4_robustness: Cluster 103: 0 Level 2 survivors < 3 minimum. No core genes.
2026-04-28 16:33:28 [INFO] riker.phases.phase4_robustness: Cluster 104: 0 Level 2 survivors < 3 minimum. No core genes.
2026-04-28 16:33:28 [INFO] riker.phases.phase4_robustness: Cluster 105: 0 Level 2 survivors < 3 minimum. No core genes.
2026-04-28 16:33:28 [INFO] riker.phases.phase4_robustness: Cluster 106: 0 Level 2 survivors < 3 minimum. No core genes.
2026-04-28 16:33:28 [INFO] riker.phases.phase4_robustness: Cluster 107: 0 Level 2 survivors < 3 minimum. No core genes.
2026-04-28 16:33:28 [INFO] riker.phases.phase4_robustness: Cluster 108: 0 Level 2 survivors < 3 minimum. No core genes.
2026-04-28 16:33:28 [INFO] riker.phases.phase4_robustness: Cluster 109: 0 Level 2 survivors < 3 minimum. No core genes.
2026-04-28 16:33:28 [INFO] riker.phases.phase4_robustness: Cluster 110: 1 Level 2 survivors < 3 minimum. No core genes.
2026-04-28 16:33:28 [INFO] riker.phases.phase4_robustness: Cluster 111: 0 Level 2 survivors < 3 minimum. No core genes.
2026-04-28 16:33:28 [INFO] riker.phases.phase4_robustness: Cluster 112: 0 Level 2 survivors < 3 minimum. No core genes.
2026-04-28 16:33:28 [INFO] riker.phases.phase4_robustness: Cluster 113: 0 Level 2 survivors < 3 minimum. No core genes.
2026-04-28 16:33:28 [INFO] riker.phases.phase4_robustness: Cluster 115: 1 Level 2 survivors < 3 minimum. No core genes.
2026-04-28 16:33:28 [INFO] riker.phases.phase4_robustness: Cluster 117: 0 Level 2 survivors < 3 minimum. No core genes.
2026-04-28 16:33:28 [INFO] riker.phases.phase4_robustness: Cluster 118: 0 Level 2 survivors < 3 minimum. No core genes.
2026-04-28 16:33:28 [INFO] riker.phases.phase4_robustness: Cluster 119: 0 Level 2 survivors < 3 minimum. No core genes.
2026-04-28 16:33:28 [INFO] riker.phases.phase4_robustness: Cluster 121: 2 Level 2 survivors < 3 minimum. No core genes.
2026-04-28 16:33:28 [INFO] riker.phases.phase4_robustness: Cluster 122: 0 Level 2 survivors < 3 minimum. No core genes.
2026-04-28 16:33:28 [INFO] riker.phases.phase4_robustness: Cluster 123: 0 Level 2 survivors < 3 minimum. No core genes.
2026-04-28 16:33:28 [INFO] riker.phases.phase4_robustness: Cluster 124: 2 Level 2 survivors < 3 minimum. No core genes.
2026-04-28 16:33:28 [INFO] riker.phases.phase4_robustness: Cluster 125: 2 Level 2 survivors < 3 minimum. No core genes.
2026-04-28 16:33:28 [INFO] riker.phases.phase4_robustness: Cluster 126: 0 Level 2 survivors < 3 minimum. No core genes.
2026-04-28 16:33:28 [INFO] riker.phases.phase4_robustness: Cluster 127: 0 Level 2 survivors < 3 minimum. No core genes.
2026-04-28 16:33:28 [INFO] riker.phases.phase4_robustness: Cluster 128: 0 Level 2 survivors < 3 minimum. No core genes.
2026-04-28 16:33:28 [INFO] riker.phases.phase4_robustness: Cluster 129: 1 Level 2 survivors < 3 minimum. No core genes.
2026-04-28 16:33:28 [INFO] riker.phases.phase4_robustness: Cluster 130: 1 Level 2 survivors < 3 minimum. No core genes.
2026-04-28 16:33:28 [INFO] riker.phases.phase4_robustness: Cluster 131: 0 Level 2 survivors < 3 minimum. No core genes.
2026-04-28 16:33:28 [INFO] riker.phases.phase4_robustness: Cluster 133: 0 Level 2 survivors < 3 minimum. No core genes.
2026-04-28 16:33:28 [INFO] riker.phases.phase4_robustness: Cluster 135: 1 Level 2 survivors < 3 minimum. No core genes.
2026-04-28 16:33:28 [INFO] riker.phases.phase4_robustness: Cluster 136: 0 Level 2 survivors < 3 minimum. No core genes.
2026-04-28 16:33:28 [INFO] riker.phases.phase4_robustness: Cluster 137: 0 Level 2 survivors < 3 minimum. No core genes.
2026-04-28 16:33:28 [INFO] riker.phases.phase4_robustness: Cluster 140: 0 Level 2 survivors < 3 minimum. No core genes.
2026-04-28 16:33:28 [INFO] riker.phases.phase4_robustness: Cluster 146: 0 Level 2 survivors < 3 minimum. No core genes.
2026-04-28 16:33:28 [INFO] riker.phases.phase4_robustness: Cluster 148: 0 Level 2 survivors < 3 minimum. No core genes.
2026-04-28 16:33:28 [INFO] riker.phases.phase4_robustness: Cluster 149: 0 Level 2 survivors < 3 minimum. No core genes.
2026-04-28 16:33:28 [INFO] riker.phases.phase4_robustness: Cluster 150: 1 Level 2 survivors < 3 minimum. No core genes.
2026-04-28 16:33:28 [INFO] riker.phases.phase4_robustness: Cluster 151: 0 Level 2 survivors < 3 minimum. No core genes.
2026-04-28 16:33:28 [INFO] riker.phases.phase4_robustness: Cluster 158: 2 Level 2 survivors < 3 minimum. No core genes.
2026-04-28 16:33:28 [INFO] riker.phases.phase4_robustness: Cluster 159: 2 Level 2 survivors < 3 minimum. No core genes.
2026-04-28 16:33:28 [INFO] riker.phases.phase4_robustness: Cluster 162: 0 Level 2 survivors < 3 minimum. No core genes.
2026-04-28 16:33:28 [INFO] riker.phases.phase4_robustness: Cluster 163: 0 Level 2 survivors < 3 minimum. No core genes.
2026-04-28 16:33:28 [INFO] riker.phases.phase4_robustness: Cluster 164: 1 Level 2 survivors < 3 minimum. No core genes.
2026-04-28 16:33:28 [INFO] riker.phases.phase4_robustness: Cluster 166: 0 Level 2 survivors < 3 minimum. No core genes.
2026-04-28 16:33:28 [INFO] riker.phases.phase4_robustness: Cluster 171: 1 Level 2 survivors < 3 minimum. No core genes.
2026-04-28 16:33:28 [INFO] riker.phases.phase4_robustness: Cluster 172: 2 Level 2 survivors < 3 minimum. No core genes.
2026-04-28 16:33:28 [INFO] riker.phases.phase4_robustness: Cluster 175: 2 Level 2 survivors < 3 minimum. No core genes.
2026-04-28 16:33:28 [INFO] riker.phases.phase4_robustness: Cluster 177: 1 Level 2 survivors < 3 minimum. No core genes.
2026-04-28 16:33:28 [INFO] riker.phases.phase4_robustness: Cluster 178: 0 Level 2 survivors < 3 minimum. No core genes.
2026-04-28 16:33:28 [INFO] riker.phases.phase4_robustness: Cluster 179: 0 Level 2 survivors < 3 minimum. No core genes.
2026-04-28 16:33:28 [INFO] riker.phases.phase4_robustness: Identified 421 core genes across all clusters.
2026-04-28 16:33:28 [INFO] riker.phases.phase4_robustness: Phase 4 complete: 15 significant clusters, 18 LOO-stable clusters, 421 core genes.
2026-04-28 16:33:28 [INFO] riker.io.outputs: Phase 4 core genes: /home/kai001/riker-engine/disease_days/2026-04-28_asd_v033/blind_pc/phase4_core_genes.csv
2026-04-28 16:33:28 [INFO] riker.io.outputs: Phase 4 all levels: /home/kai001/riker-engine/disease_days/2026-04-28_asd_v033/blind_pc/phase4_all_levels.csv (1793 genes)
2026-04-28 16:33:28 [INFO] riker: ============================================================
2026-04-28 16:33:28 [INFO] riker: PHASE 5: Independent Replication
2026-04-28 16:33:28 [INFO] riker: ============================================================
2026-04-28 16:33:28 [INFO] riker: Loading replication dataset: GSE102741
2026-04-28 16:33:39 [INFO] riker.ingestion.geo_parser: Probe-to-gene mapping: 37347 mapped, 20312 unmapped, 37346 unique genes.
2026-04-28 16:33:39 [INFO] riker: Loading replication dataset: GSE18123
2026-04-28 16:33:58 [INFO] riker.ingestion.geo_parser: Probe-to-gene mapping: 22195 mapped, 11102 unmapped, 19978 unique genes.
2026-04-28 16:33:58 [INFO] riker: Loading replication dataset: GSE26415
/home/kai001/riker-engine/riker/cli.py:301: UserWarning: Sample GSM648315 value 'disease: nonaustistic | cell type: human blood leukocytes | sample type: healthy women who had children with asd (asdmo) | sample id: 3329' did not match any case (['disease: autism spectrum disorder']) or control (['disease: nonaustistic control']) values.
  pheno = extractor.extract(
/home/kai001/riker-engine/riker/cli.py:301: UserWarning: Sample GSM648317 value 'disease: nonaustistic | cell type: human blood leukocytes | sample type: healthy women who had children with asd (asdmo) | sample id: 3330' did not match any case (['disease: autism spectrum disorder']) or control (['disease: nonaustistic control']) values.
  pheno = extractor.extract(
/home/kai001/riker-engine/riker/cli.py:301: UserWarning: Sample GSM648321 value 'disease: nonaustistic | cell type: human blood leukocytes | sample type: healthy women who had children with asd (asdmo) | sample id: 3327' did not match any case (['disease: autism spectrum disorder']) or control (['disease: nonaustistic control']) values.
  pheno = extractor.extract(
/home/kai001/riker-engine/riker/cli.py:301: UserWarning: Sample GSM648327 value 'disease: nonaustistic | cell type: human blood leukocytes | sample type: healthy women who had children with asd (asdmo) | sample id: 3333' did not match any case (['disease: autism spectrum disorder']) or control (['disease: nonaustistic control']) values.
  pheno = extractor.extract(
/home/kai001/riker-engine/riker/cli.py:301: UserWarning: Sample GSM648333 value 'disease: nonaustistic | cell type: human blood leukocytes | sample type: healthy women who had children with asd (asdmo) | sample id: 3612' did not match any case (['disease: autism spectrum disorder']) or control (['disease: nonaustistic control']) values.
  pheno = extractor.extract(
/home/kai001/riker-engine/riker/cli.py:301: UserWarning: Sample GSM648363 value 'disease: nonaustistic | cell type: human blood leukocytes | sample type: healthy women who had children with asd (asdmo) | sample id: 3613' did not match any case (['disease: autism spectrum disorder']) or control (['disease: nonaustistic control']) values.
  pheno = extractor.extract(
/home/kai001/riker-engine/riker/cli.py:301: UserWarning: Sample GSM648365 value 'disease: nonaustistic | cell type: human blood leukocytes | sample type: healthy women who had children with asd (asdmo) | sample id: 3618' did not match any case (['disease: autism spectrum disorder']) or control (['disease: nonaustistic control']) values.
  pheno = extractor.extract(
/home/kai001/riker-engine/riker/cli.py:301: UserWarning: Sample GSM648369 value 'disease: nonaustistic | cell type: human blood leukocytes | sample type: healthy women who had children with asd (asdmo) | sample id: 3620' did not match any case (['disease: autism spectrum disorder']) or control (['disease: nonaustistic control']) values.
  pheno = extractor.extract(
/home/kai001/riker-engine/riker/cli.py:301: UserWarning: Sample GSM648371 value 'disease: nonaustistic | cell type: human blood leukocytes | sample type: healthy women who had children with asd (asdmo) | sample id: 3621' did not match any case (['disease: autism spectrum disorder']) or control (['disease: nonaustistic control']) values.
  pheno = extractor.extract(
/home/kai001/riker-engine/riker/cli.py:301: UserWarning: Sample GSM648379 value 'disease: nonaustistic | cell type: human blood leukocytes | sample type: healthy women who had children with asd (asdmo) | sample id: 3625' did not match any case (['disease: autism spectrum disorder']) or control (['disease: nonaustistic control']) values.
  pheno = extractor.extract(
/home/kai001/riker-engine/riker/cli.py:301: UserWarning: Sample GSM648383 value 'disease: nonaustistic | cell type: human blood leukocytes | sample type: healthy women who had children with asd (asdmo) | sample id: 3830' did not match any case (['disease: autism spectrum disorder']) or control (['disease: nonaustistic control']) values.
  pheno = extractor.extract(
/home/kai001/riker-engine/riker/cli.py:301: UserWarning: Sample GSM648387 value 'disease: nonaustistic | cell type: human blood leukocytes | sample type: healthy women who had children with asd (asdmo) | sample id: 3832' did not match any case (['disease: autism spectrum disorder']) or control (['disease: nonaustistic control']) values.
  pheno = extractor.extract(
/home/kai001/riker-engine/riker/cli.py:301: UserWarning: Sample GSM648389 value 'disease: nonaustistic | cell type: human blood leukocytes | sample type: healthy women who had children with asd (asdmo) | sample id: 3833' did not match any case (['disease: autism spectrum disorder']) or control (['disease: nonaustistic control']) values.
  pheno = extractor.extract(
/home/kai001/riker-engine/riker/cli.py:301: UserWarning: Sample GSM648391 value 'disease: nonaustistic | cell type: human blood leukocytes | sample type: healthy women who had children with asd (asdmo) | sample id: 3834' did not match any case (['disease: autism spectrum disorder']) or control (['disease: nonaustistic control']) values.
  pheno = extractor.extract(
/home/kai001/riker-engine/riker/cli.py:301: UserWarning: Sample GSM648393 value 'disease: nonaustistic | cell type: human blood leukocytes | sample type: healthy women who had children with asd (asdmo) | sample id: 3835' did not match any case (['disease: autism spectrum disorder']) or control (['disease: nonaustistic control']) values.
  pheno = extractor.extract(
/home/kai001/riker-engine/riker/cli.py:301: UserWarning: Sample GSM648395 value 'disease: nonaustistic | cell type: human blood leukocytes | sample type: healthy women who had children with asd (asdmo) | sample id: 3836' did not match any case (['disease: autism spectrum disorder']) or control (['disease: nonaustistic control']) values.
  pheno = extractor.extract(
/home/kai001/riker-engine/riker/cli.py:301: UserWarning: Sample GSM648397 value 'disease: nonaustistic | cell type: human blood leukocytes | sample type: healthy women who had children with asd (asdmo) | sample id: 3837' did not match any case (['disease: autism spectrum disorder']) or control (['disease: nonaustistic control']) values.
  pheno = extractor.extract(
/home/kai001/riker-engine/riker/cli.py:301: UserWarning: Sample GSM648399 value 'disease: nonaustistic | cell type: human blood leukocytes | sample type: healthy women who had children with asd (asdmo) | sample id: 3838' did not match any case (['disease: autism spectrum disorder']) or control (['disease: nonaustistic control']) values.
  pheno = extractor.extract(
/home/kai001/riker-engine/riker/cli.py:301: UserWarning: Sample GSM648402 value 'disease: nonaustistic | cell type: human blood leukocytes | sample type: healthy women who had children with asd (asdmo) | sample id: 3839' did not match any case (['disease: autism spectrum disorder']) or control (['disease: nonaustistic control']) values.
  pheno = extractor.extract(
/home/kai001/riker-engine/riker/cli.py:301: UserWarning: Sample GSM648406 value 'disease: nonaustistic | cell type: human blood leukocytes | sample type: healthy women who had children with asd (asdmo) | sample id: 3840' did not match any case (['disease: autism spectrum disorder']) or control (['disease: nonaustistic control']) values.
  pheno = extractor.extract(
/home/kai001/riker-engine/riker/cli.py:301: UserWarning: Sample GSM648409 value 'disease: nonaustistic | cell type: human blood leukocytes | sample type: healthy women who had children with asd (asdmo) | sample id: 3841' did not match any case (['disease: autism spectrum disorder']) or control (['disease: nonaustistic control']) values.
  pheno = extractor.extract(
2026-04-28 16:34:06 [INFO] riker.ingestion.geo_parser: Probe-to-gene mapping: 15894 mapped, 3300 unmapped, 11191 unique genes.
2026-04-28 16:34:06 [INFO] riker: Loading replication dataset: GSE42133
2026-04-28 16:34:28 [INFO] riker.ingestion.geo_parser: Probe-to-gene mapping: 31266 mapped, 16057 unmapped, 20735 unique genes.
2026-04-28 16:34:28 [INFO] riker.phases.phase5_replication: Phase 5: Testing 421 pre-specified core genes in 4 replication datasets.
2026-04-28 16:34:28 [INFO] riker.phases.phase5_replication: Gene MGST1: survived — Same-tissue replication: 1/1 concordant. Cross-tissue: 1/3 concordant.
2026-04-28 16:34:28 [INFO] riker.phases.phase5_replication: Gene RHBDF2: survived — Same-tissue replication: 0/1 concordant. Cross-tissue: 0/3 concordant.
2026-04-28 16:34:28 [INFO] riker.phases.phase5_replication: Gene RHPN2: survived — Same-tissue replication: 1/1 concordant. Cross-tissue: 2/2 concordant.
2026-04-28 16:34:28 [INFO] riker.phases.phase5_replication: Gene HSPB1: survived — Same-tissue replication: 0/1 concordant. Cross-tissue: 1/3 concordant.
2026-04-28 16:34:28 [INFO] riker.phases.phase5_replication: Gene PIK3AP1: survived — Same-tissue replication: 0/1 concordant. Cross-tissue: 2/3 concordant.
2026-04-28 16:34:28 [INFO] riker.phases.phase5_replication: Gene SLC16A3: survived — Same-tissue replication: 0/1 concordant. Cross-tissue: 2/3 concordant.
2026-04-28 16:34:28 [INFO] riker.phases.phase5_replication: Gene GOT2: survived — Same-tissue replication: 1/1 concordant. Cross-tissue: 2/3 concordant.
2026-04-28 16:34:28 [INFO] riker.phases.phase5_replication: Gene SLC16A14: survived — Same-tissue replication: 0/1 concordant. Cross-tissue: 2/2 concordant.
2026-04-28 16:34:28 [INFO] riker.phases.phase5_replication: Gene SNAP25: survived — Same-tissue replication: 1/1 concordant. Cross-tissue: 2/2 concordant.
2026-04-28 16:34:28 [INFO] riker.phases.phase5_replication: Gene ATP6V1C1: survived — Same-tissue replication: 0/1 concordant. Cross-tissue: 1/3 concordant.
2026-04-28 16:34:28 [INFO] riker.phases.phase5_replication: Gene CADPS: survived — Same-tissue replication: 0/1 concordant. Cross-tissue: 2/2 concordant.
2026-04-28 16:34:28 [INFO] riker.phases.phase5_replication: Gene CIRBP: survived — Same-tissue replication: 0/1 concordant. Cross-tissue: 1/3 concordant.
2026-04-28 16:34:28 [INFO] riker.phases.phase5_replication: Gene DDX1: survived — Same-tissue replication: 0/1 concordant. Cross-tissue: 1/3 concordant.
2026-04-28 16:34:28 [INFO] riker.phases.phase5_replication: Gene FAR2: survived — Same-tissue replication: 0/1 concordant. Cross-tissue: 3/3 concordant.
2026-04-28 16:34:28 [INFO] riker.phases.phase5_replication: Gene FOCAD: survived — Same-tissue replication: 0/1 concordant. Cross-tissue: 1/3 concordant.
2026-04-28 16:34:28 [INFO] riker.phases.phase5_replication: Gene SEZ6L2: survived — Same-tissue replication: 1/1 concordant. Cross-tissue: 2/2 concordant.
2026-04-28 16:34:28 [INFO] riker.phases.phase5_replication: Gene SPINT2: survived — Same-tissue replication: 1/1 concordant. Cross-tissue: 1/3 concordant.
2026-04-28 16:34:28 [INFO] riker.phases.phase5_replication: Gene TMEM268: survived — Same-tissue replication: 0/1 concordant. Cross-tissue: 2/3 concordant.
2026-04-28 16:34:28 [INFO] riker.phases.phase5_replication: Gene AARS1: survived — Same-tissue replication: 1/1 concordant. Cross-tissue: 0/3 concordant.
2026-04-28 16:34:28 [INFO] riker.phases.phase5_replication: Gene FXR2: survived — Same-tissue replication: 0/1 concordant. Cross-tissue: 0/3 concordant.
2026-04-28 16:34:28 [INFO] riker.phases.phase5_replication: Gene NDEL1: survived — Same-tissue replication: 1/1 concordant. Cross-tissue: 1/3 concordant.
2026-04-28 16:34:28 [INFO] riker.phases.phase5_replication: Gene QRICH1: survived — Same-tissue replication: 1/1 concordant. Cross-tissue: 2/3 concordant.
2026-04-28 16:34:28 [INFO] riker.phases.phase5_replication: Gene RCOR3: survived — Same-tissue replication: 0/1 concordant. Cross-tissue: 1/3 concordant.
2026-04-28 16:34:28 [INFO] riker.phases.phase5_replication: Gene SNAP47: survived — Same-tissue replication: 0/1 concordant. Cross-tissue: 2/3 concordant.
2026-04-28 16:34:28 [INFO] riker.phases.phase5_replication: Gene SPIN2B: survived — Same-tissue replication: 0/1 concordant. Cross-tissue: 2/3 concordant.
2026-04-28 16:34:29 [INFO] riker.phases.phase5_replication: Gene CYC1: survived — Same-tissue replication: 1/1 concordant. Cross-tissue: 1/3 concordant.
2026-04-28 16:34:29 [INFO] riker.phases.phase5_replication: Gene DOP1A: survived — Same-tissue replication: 0/1 concordant. Cross-tissue: 2/3 concordant.
2026-04-28 16:34:29 [INFO] riker.phases.phase5_replication: Gene HACL1: survived — Same-tissue replication: 0/1 concordant. Cross-tissue: 1/3 concordant.
2026-04-28 16:34:29 [INFO] riker.phases.phase5_replication: Gene MARF1: survived — Same-tissue replication: 0/1 concordant. Cross-tissue: 2/3 concordant.
2026-04-28 16:34:29 [INFO] riker.phases.phase5_replication: Gene NDUFAF5: survived — Same-tissue replication: 0/1 concordant. Cross-tissue: 1/3 concordant.
2026-04-28 16:34:29 [INFO] riker.phases.phase5_replication: Gene PIK3R4: survived — Same-tissue replication: 0/1 concordant. Cross-tissue: 1/3 concordant.
2026-04-28 16:34:29 [INFO] riker.phases.phase5_replication: Gene MAP3K9: survived — Same-tissue replication: 1/1 concordant. Cross-tissue: 2/3 concordant.
2026-04-28 16:34:29 [INFO] riker.phases.phase5_replication: Gene PRPF19: survived — Same-tissue replication: 1/1 concordant. Cross-tissue: 1/3 concordant.
2026-04-28 16:34:29 [INFO] riker.phases.phase5_replication: Gene SHLD1: survived — Same-tissue replication: 0/1 concordant. Cross-tissue: 1/2 concordant.
2026-04-28 16:34:29 [INFO] riker.phases.phase5_replication: Gene VPS36: survived — Same-tissue replication: 0/1 concordant. Cross-tissue: 1/3 concordant.
2026-04-28 16:34:29 [INFO] riker.phases.phase5_replication: Gene BMP7: survived — Same-tissue replication: 1/1 concordant. Cross-tissue: 0/2 concordant.
2026-04-28 16:34:29 [INFO] riker.phases.phase5_replication: Gene DDAH2: survived — Same-tissue replication: 1/1 concordant. Cross-tissue: 1/3 concordant.
2026-04-28 16:34:29 [INFO] riker.phases.phase5_replication: Gene DTNA: survived — Same-tissue replication: 1/1 concordant. Cross-tissue: 1/2 concordant.
2026-04-28 16:34:29 [INFO] riker.phases.phase5_replication: Gene MCL1: survived — Same-tissue replication: 0/1 concordant. Cross-tissue: 2/3 concordant.
2026-04-28 16:34:29 [INFO] riker.phases.phase5_replication: Gene RPS2: survived — Same-tissue replication: 0/1 concordant. Cross-tissue: 2/3 concordant.
2026-04-28 16:34:29 [INFO] riker.phases.phase5_replication: Gene WWC1: survived — Same-tissue replication: 1/1 concordant. Cross-tissue: 0/2 concordant.
2026-04-28 16:34:29 [INFO] riker.phases.phase5_replication: Gene ZFHX3: survived — Same-tissue replication: 1/1 concordant. Cross-tissue: 2/3 concordant.
2026-04-28 16:34:29 [INFO] riker.phases.phase5_replication: Gene CHST11: survived — Same-tissue replication: 0/1 concordant. Cross-tissue: 1/3 concordant.
2026-04-28 16:34:29 [INFO] riker.phases.phase5_replication: Gene HSPA5: survived — Same-tissue replication: 0/1 concordant. Cross-tissue: 2/3 concordant.
2026-04-28 16:34:29 [INFO] riker.phases.phase5_replication: Gene P3H2: survived — Same-tissue replication: 1/1 concordant. Cross-tissue: 1/2 concordant.
2026-04-28 16:34:29 [INFO] riker.phases.phase5_replication: Gene SBF2: survived — Same-tissue replication: 1/1 concordant. Cross-tissue: 2/3 concordant.
2026-04-28 16:34:29 [INFO] riker.phases.phase5_replication: Gene SERF2: survived — Same-tissue replication: 1/1 concordant. Cross-tissue: 1/2 concordant.
2026-04-28 16:34:29 [INFO] riker.phases.phase5_replication: Gene ATXN7: survived — Same-tissue replication: 1/1 concordant. Cross-tissue: 0/3 concordant.
2026-04-28 16:34:29 [INFO] riker.phases.phase5_replication: Gene EPB41L2: survived — Same-tissue replication: 1/1 concordant. Cross-tissue: 1/2 concordant.
2026-04-28 16:34:29 [INFO] riker.phases.phase5_replication: Gene PDIA6: survived — Same-tissue replication: 1/1 concordant. Cross-tissue: 1/3 concordant.
2026-04-28 16:34:29 [INFO] riker.phases.phase5_replication: Gene ZFYVE21: survived — Same-tissue replication: 1/1 concordant. Cross-tissue: 1/3 concordant.
2026-04-28 16:34:29 [INFO] riker.phases.phase5_replication: Gene CHCHD7: survived — Same-tissue replication: 0/1 concordant. Cross-tissue: 1/3 concordant.
2026-04-28 16:34:29 [INFO] riker.phases.phase5_replication: Gene N4BP2L1: survived — Same-tissue replication: 0/1 concordant. Cross-tissue: 2/3 concordant.
2026-04-28 16:34:29 [INFO] riker.phases.phase5_replication: Gene NAE1: survived — Same-tissue replication: 0/1 concordant. Cross-tissue: 1/3 concordant.
2026-04-28 16:34:29 [INFO] riker.phases.phase5_replication: Gene RIOK1: survived — Same-tissue replication: 0/1 concordant. Cross-tissue: 1/3 concordant.
2026-04-28 16:34:29 [INFO] riker.phases.phase5_replication: Gene SNX14: survived — Same-tissue replication: 0/1 concordant. Cross-tissue: 2/3 concordant.
2026-04-28 16:34:29 [INFO] riker.phases.phase5_replication: Gene VPS39: survived — Same-tissue replication: 0/1 concordant. Cross-tissue: 1/3 concordant.
2026-04-28 16:34:29 [INFO] riker.phases.phase5_replication: Gene LIMS1: survived — Same-tissue replication: 1/1 concordant. Cross-tissue: 2/3 concordant.
2026-04-28 16:34:29 [INFO] riker.phases.phase5_replication: Gene PARP9: survived — Same-tissue replication: 0/1 concordant. Cross-tissue: 1/3 concordant.
2026-04-28 16:34:29 [INFO] riker.phases.phase5_replication: Gene TRAM2: survived — Same-tissue replication: 1/1 concordant. Cross-tissue: 1/3 concordant.
2026-04-28 16:34:29 [INFO] riker.phases.phase5_replication: Gene ANKRD29: survived — Same-tissue replication: 0/1 concordant. Cross-tissue: 1/2 concordant.
2026-04-28 16:34:29 [INFO] riker.phases.phase5_replication: Gene DTD1: survived — Same-tissue replication: 0/1 concordant. Cross-tissue: 1/3 concordant.
2026-04-28 16:34:29 [INFO] riker.phases.phase5_replication: Gene EID1: survived — Same-tissue replication: 0/1 concordant. Cross-tissue: 2/3 concordant.
2026-04-28 16:34:29 [INFO] riker.phases.phase5_replication: Gene RWDD2A: survived — Same-tissue replication: 0/1 concordant. Cross-tissue: 0/2 concordant.
2026-04-28 16:34:29 [INFO] riker.phases.phase5_replication: Gene TRPC1: survived — Same-tissue replication: 0/1 concordant. Cross-tissue: 0/2 concordant.
2026-04-28 16:34:29 [INFO] riker.phases.phase5_replication: Gene TSNAX: survived — Same-tissue replication: 0/1 concordant. Cross-tissue: 1/2 concordant.
2026-04-28 16:34:29 [INFO] riker.phases.phase5_replication: Gene UQCRC2: survived — Same-tissue replication: 0/1 concordant. Cross-tissue: 2/3 concordant.
2026-04-28 16:34:29 [INFO] riker.phases.phase5_replication: Gene ZDHHC17: survived — Same-tissue replication: 0/1 concordant. Cross-tissue: 1/3 concordant.
2026-04-28 16:34:29 [INFO] riker.phases.phase5_replication: Gene ANAPC5: survived — Same-tissue replication: 0/1 concordant. Cross-tissue: 1/3 concordant.
2026-04-28 16:34:29 [INFO] riker.phases.phase5_replication: Gene FIBP: survived — Same-tissue replication: 1/1 concordant. Cross-tissue: 1/3 concordant.
2026-04-28 16:34:29 [INFO] riker.phases.phase5_replication: Gene KIFBP: survived — Same-tissue replication: 0/1 concordant. Cross-tissue: 1/3 concordant.
2026-04-28 16:34:29 [INFO] riker.phases.phase5_replication: Gene NTHL1: survived — Same-tissue replication: 1/1 concordant. Cross-tissue: 3/3 concordant.
2026-04-28 16:34:29 [INFO] riker.phases.phase5_replication: Gene PHYH: survived — Same-tissue replication: 0/1 concordant. Cross-tissue: 1/3 concordant.
2026-04-28 16:34:29 [INFO] riker.phases.phase5_replication: Gene POMGNT2: survived — Same-tissue replication: 0/1 concordant. Cross-tissue: 2/3 concordant.
2026-04-28 16:34:29 [INFO] riker.phases.phase5_replication: Gene KCTD9: survived — Same-tissue replication: 0/1 concordant. Cross-tissue: 1/3 concordant.
2026-04-28 16:34:29 [INFO] riker.phases.phase5_replication: Gene ME3: survived — Same-tissue replication: 0/1 concordant. Cross-tissue: 2/3 concordant.
2026-04-28 16:34:29 [INFO] riker.phases.phase5_replication: Gene MTMR7: survived — Same-tissue replication: 0/1 concordant. Cross-tissue: 2/2 concordant.
2026-04-28 16:34:29 [INFO] riker.phases.phase5_replication: Gene TTC19: survived — Same-tissue replication: 0/1 concordant. Cross-tissue: 1/3 concordant.
2026-04-28 16:34:29 [INFO] riker.phases.phase5_replication: Gene WDR54: survived — Same-tissue replication: 1/1 concordant. Cross-tissue: 2/3 concordant.
2026-04-28 16:34:29 [INFO] riker.phases.phase5_replication: Gene ATRNL1: survived — Same-tissue replication: 0/1 concordant. Cross-tissue: 1/2 concordant.
2026-04-28 16:34:29 [INFO] riker.phases.phase5_replication: Gene CPLX2: survived — Same-tissue replication: 1/1 concordant. Cross-tissue: 1/3 concordant.
2026-04-28 16:34:29 [INFO] riker.phases.phase5_replication: Gene FAM131B: survived — Same-tissue replication: 1/1 concordant. Cross-tissue: 1/2 concordant.
2026-04-28 16:34:29 [INFO] riker.phases.phase5_replication: Gene PELI3: survived — Same-tissue replication: 0/1 concordant. Cross-tissue: 3/3 concordant.
2026-04-28 16:34:29 [INFO] riker.phases.phase5_replication: Gene SCN1B: survived — Same-tissue replication: 1/1 concordant. Cross-tissue: 2/2 concordant.
2026-04-28 16:34:29 [INFO] riker.phases.phase5_replication: Gene SHD: survived — Same-tissue replication: 1/1 concordant. Cross-tissue: 2/3 concordant.
2026-04-28 16:34:29 [INFO] riker.phases.phase5_replication: Gene ADAP2: survived — Same-tissue replication: 1/1 concordant. Cross-tissue: 1/3 concordant.
2026-04-28 16:34:29 [INFO] riker.phases.phase5_replication: Gene CPNE3: survived — Same-tissue replication: 1/1 concordant. Cross-tissue: 1/3 concordant.
2026-04-28 16:34:29 [INFO] riker.phases.phase5_replication: Gene DYNLT1: survived — Same-tissue replication: 1/1 concordant. Cross-tissue: 1/3 concordant.
2026-04-28 16:34:29 [INFO] riker.phases.phase5_replication: Gene H2BC21: survived — Same-tissue replication: 1/1 concordant. Cross-tissue: 3/3 concordant.
2026-04-28 16:34:29 [INFO] riker.phases.phase5_replication: Gene IDH1: survived — Same-tissue replication: 1/1 concordant. Cross-tissue: 1/3 concordant.
2026-04-28 16:34:29 [INFO] riker.phases.phase5_replication: Gene PLXDC2: survived — Same-tissue replication: 1/1 concordant. Cross-tissue: 0/3 concordant.
2026-04-28 16:34:29 [INFO] riker.phases.phase5_replication: Gene SRGN: survived — Same-tissue replication: 0/1 concordant. Cross-tissue: 1/3 concordant.
2026-04-28 16:34:29 [INFO] riker.phases.phase5_replication: Gene DNAJB1: eliminated — Significant opposite direction in same-tissue dataset(s): ['GSE102741']. Discovery direction: up.
2026-04-28 16:34:29 [INFO] riker.phases.phase5_replication: Gene LPP: survived — Same-tissue replication: 1/1 concordant. Cross-tissue: 1/3 concordant.
2026-04-28 16:34:29 [INFO] riker.phases.phase5_replication: Gene S100A10: survived — Same-tissue replication: 1/1 concordant. Cross-tissue: 2/3 concordant.
2026-04-28 16:34:29 [INFO] riker.phases.phase5_replication: Gene S100A8: survived — Same-tissue replication: 0/1 concordant. Cross-tissue: 1/3 concordant.
2026-04-28 16:34:29 [INFO] riker.phases.phase5_replication: Gene GRPEL2: survived — Same-tissue replication: 0/1 concordant. Cross-tissue: 2/3 concordant.
2026-04-28 16:34:29 [INFO] riker.phases.phase5_replication: Gene MAGED2: survived — Same-tissue replication: 0/1 concordant. Cross-tissue: 1/3 concordant.
2026-04-28 16:34:29 [INFO] riker.phases.phase5_replication: Gene SLC33A2: survived — Same-tissue replication: 1/1 concordant. Cross-tissue: 3/3 concordant.
2026-04-28 16:34:29 [INFO] riker.phases.phase5_replication: Gene FAM216A: survived — Same-tissue replication: 0/1 concordant. Cross-tissue: 1/3 concordant.
2026-04-28 16:34:29 [INFO] riker.phases.phase5_replication: Gene NARS1: survived — Same-tissue replication: 0/1 concordant. Cross-tissue: 1/3 concordant.
2026-04-28 16:34:29 [INFO] riker.phases.phase5_replication: Gene OBI1: survived — Same-tissue replication: 0/1 concordant. Cross-tissue: 1/3 concordant.
2026-04-28 16:34:29 [INFO] riker.phases.phase5_replication: Gene PSMG3: survived — Same-tissue replication: 1/1 concordant. Cross-tissue: 1/3 concordant.
2026-04-28 16:34:29 [INFO] riker.phases.phase5_replication: Gene VRK1: survived — Same-tissue replication: 0/1 concordant. Cross-tissue: 1/3 concordant.
2026-04-28 16:34:29 [INFO] riker.phases.phase5_replication: Gene H2AC20: survived — Same-tissue replication: 1/1 concordant. Cross-tissue: 1/3 concordant.
2026-04-28 16:34:29 [INFO] riker.phases.phase5_replication: Gene NFE2L2: survived — Same-tissue replication: 1/1 concordant. Cross-tissue: 1/3 concordant.
2026-04-28 16:34:29 [INFO] riker.phases.phase5_replication: Gene PITPNC1: survived — Same-tissue replication: 1/1 concordant. Cross-tissue: 1/3 concordant.
2026-04-28 16:34:29 [INFO] riker.phases.phase5_replication: Gene PPP1R14B: survived — Same-tissue replication: 0/1 concordant. Cross-tissue: 2/3 concordant.
2026-04-28 16:34:29 [INFO] riker.phases.phase5_replication: Gene SEC14L2: survived — Same-tissue replication: 0/1 concordant. Cross-tissue: 1/2 concordant.
2026-04-28 16:34:29 [INFO] riker.phases.phase5_replication: Gene SOX2: survived — Same-tissue replication: 1/1 concordant. Cross-tissue: 0/2 concordant.
2026-04-28 16:34:29 [INFO] riker.phases.phase5_replication: Gene BTG3: survived — Same-tissue replication: 0/1 concordant. Cross-tissue: 1/3 concordant.
2026-04-28 16:34:29 [INFO] riker.phases.phase5_replication: Gene CD84: survived — Same-tissue replication: 1/1 concordant. Cross-tissue: 1/3 concordant.
2026-04-28 16:34:29 [INFO] riker.phases.phase5_replication: Gene JUN: survived — Same-tissue replication: 0/1 concordant. Cross-tissue: 0/3 concordant.
2026-04-28 16:34:29 [INFO] riker.phases.phase5_replication: Gene SFMBT2: survived — Same-tissue replication: 1/1 concordant. Cross-tissue: 2/2 concordant.
2026-04-28 16:34:29 [INFO] riker.phases.phase5_replication: Gene IFRD1: survived — Same-tissue replication: 0/1 concordant. Cross-tissue: 1/3 concordant.
2026-04-28 16:34:29 [INFO] riker.phases.phase5_replication: Gene P4HA1: survived — Same-tissue replication: 0/1 concordant. Cross-tissue: 2/2 concordant.
2026-04-28 16:34:29 [INFO] riker.phases.phase5_replication: Gene RPLP1: survived — Same-tissue replication: 1/1 concordant. Cross-tissue: 2/3 concordant.
2026-04-28 16:34:29 [INFO] riker.phases.phase5_replication: Gene SEC11A: survived — Same-tissue replication: 1/1 concordant. Cross-tissue: 1/3 concordant.
2026-04-28 16:34:29 [INFO] riker.phases.phase5_replication: Gene SLA: survived — Same-tissue replication: 0/1 concordant. Cross-tissue: 2/3 concordant.
2026-04-28 16:34:29 [INFO] riker.phases.phase5_replication: Gene UGDH: survived — Same-tissue replication: 1/1 concordant. Cross-tissue: 2/2 concordant.
2026-04-28 16:34:29 [INFO] riker.phases.phase5_replication: Gene C1QB: survived — Same-tissue replication: 1/1 concordant. Cross-tissue: 1/3 concordant.
2026-04-28 16:34:29 [INFO] riker.phases.phase5_replication: Gene CDKN1A: eliminated — Significant opposite direction in same-tissue dataset(s): ['GSE102741']. Discovery direction: up.
2026-04-28 16:34:29 [INFO] riker.phases.phase5_replication: Gene GBP2: survived — Same-tissue replication: 0/1 concordant. Cross-tissue: 1/3 concordant.
2026-04-28 16:34:29 [INFO] riker.phases.phase5_replication: Gene IFITM3: survived — Same-tissue replication: 1/1 concordant. Cross-tissue: 0/3 concordant.
2026-04-28 16:34:29 [INFO] riker.phases.phase5_replication: Gene NQO1: survived — Same-tissue replication: 1/1 concordant. Cross-tissue: 0/2 concordant.
2026-04-28 16:34:29 [INFO] riker.phases.phase5_replication: Gene TIMP1: survived — Same-tissue replication: 1/1 concordant. Cross-tissue: 2/3 concordant.
2026-04-28 16:34:29 [INFO] riker.phases.phase5_replication: Gene YBX3: survived — Same-tissue replication: 0/1 concordant. Cross-tissue: 2/3 concordant.
2026-04-28 16:34:29 [INFO] riker.phases.phase5_replication: Gene ARL3: survived — Same-tissue replication: 0/1 concordant. Cross-tissue: 1/3 concordant.
2026-04-28 16:34:29 [INFO] riker.phases.phase5_replication: Gene ELP2: survived — Same-tissue replication: 0/1 concordant. Cross-tissue: 1/3 concordant.
2026-04-28 16:34:29 [INFO] riker.phases.phase5_replication: Gene KIAA0232: survived — Same-tissue replication: 1/1 concordant. Cross-tissue: 1/3 concordant.
2026-04-28 16:34:29 [INFO] riker.phases.phase5_replication: Gene NDUFB8: survived — Same-tissue replication: 0/1 concordant. Cross-tissue: 1/3 concordant.
2026-04-28 16:34:29 [INFO] riker.phases.phase5_replication: Gene SAYSD1: survived — Same-tissue replication: 0/1 concordant. Cross-tissue: 2/3 concordant.
2026-04-28 16:34:29 [INFO] riker.phases.phase5_replication: Gene MTRES1: survived — Same-tissue replication: 0/1 concordant. Cross-tissue: 1/3 concordant.
2026-04-28 16:34:29 [INFO] riker.phases.phase5_replication: Gene SUPV3L1: survived — Same-tissue replication: 0/1 concordant. Cross-tissue: 1/3 concordant.
2026-04-28 16:34:29 [INFO] riker.phases.phase5_replication: Gene VPS16: survived — Same-tissue replication: 0/1 concordant. Cross-tissue: 2/3 concordant.
2026-04-28 16:34:29 [INFO] riker.phases.phase5_replication: Gene APOC1: survived — Same-tissue replication: 0/1 concordant. Cross-tissue: 1/2 concordant.
2026-04-28 16:34:29 [INFO] riker.phases.phase5_replication: Gene CEBPD: eliminated — Significant opposite direction in same-tissue dataset(s): ['GSE102741']. Discovery direction: up.
2026-04-28 16:34:29 [INFO] riker.phases.phase5_replication: Gene IRF8: survived — Same-tissue replication: 1/1 concordant. Cross-tissue: 1/3 concordant.
2026-04-28 16:34:29 [INFO] riker.phases.phase5_replication: Gene CCN1: survived — Same-tissue replication: 0/1 concordant. Cross-tissue: 0/2 concordant.
2026-04-28 16:34:29 [INFO] riker.phases.phase5_replication: Gene DEPP1: survived — Same-tissue replication: 0/1 concordant. Cross-tissue: 0/2 concordant.
2026-04-28 16:34:29 [INFO] riker.phases.phase5_replication: Gene GADD45B: eliminated — Significant opposite direction in same-tissue dataset(s): ['GSE102741']. Discovery direction: up.
2026-04-28 16:34:29 [INFO] riker.phases.phase5_replication: Gene SERPINH1: eliminated — Significant opposite direction in same-tissue dataset(s): ['GSE102741']. Discovery direction: up.
2026-04-28 16:34:29 [INFO] riker.phases.phase5_replication: Gene VIM: survived — Same-tissue replication: 1/1 concordant. Cross-tissue: 0/3 concordant.
2026-04-28 16:34:29 [INFO] riker.phases.phase5_replication: Gene ABCA1: survived — Same-tissue replication: 1/1 concordant. Cross-tissue: 2/3 concordant.
2026-04-28 16:34:29 [INFO] riker.phases.phase5_replication: Gene BST2: survived — Same-tissue replication: 0/1 concordant. Cross-tissue: 1/3 concordant.
2026-04-28 16:34:29 [INFO] riker.phases.phase5_replication: Gene CD14: survived — Same-tissue replication: 0/1 concordant. Cross-tissue: 2/3 concordant.
2026-04-28 16:34:29 [INFO] riker.phases.phase5_replication: Gene LAPTM5: survived — Same-tissue replication: 1/1 concordant. Cross-tissue: 1/3 concordant.
2026-04-28 16:34:29 [INFO] riker.phases.phase5_replication: Gene MSN: survived — Same-tissue replication: 1/1 concordant. Cross-tissue: 2/3 concordant.
2026-04-28 16:34:29 [INFO] riker.phases.phase5_replication: Gene PDYN: survived — Same-tissue replication: 1/1 concordant. Cross-tissue: 1/2 concordant.
2026-04-28 16:34:29 [INFO] riker.phases.phase5_replication: Gene YAP1: survived — Same-tissue replication: 1/1 concordant. Cross-tissue: 0/2 concordant.
2026-04-28 16:34:29 [INFO] riker.phases.phase5_replication: Gene BAG3: survived — Same-tissue replication: 0/1 concordant. Cross-tissue: 0/3 concordant.
2026-04-28 16:34:29 [INFO] riker.phases.phase5_replication: Gene CNN3: survived — Same-tissue replication: 1/1 concordant. Cross-tissue: 1/2 concordant.
2026-04-28 16:34:29 [INFO] riker.phases.phase5_replication: Gene CYBA: survived — Same-tissue replication: 0/1 concordant. Cross-tissue: 2/3 concordant.
2026-04-28 16:34:29 [INFO] riker.phases.phase5_replication: Gene HSPA1A: eliminated — Significant opposite direction in same-tissue dataset(s): ['GSE102741']. Discovery direction: up.
2026-04-28 16:34:29 [INFO] riker.phases.phase5_replication: Gene PLIN2: survived — Same-tissue replication: 0/1 concordant. Cross-tissue: 2/3 concordant.
2026-04-28 16:34:29 [INFO] riker.phases.phase5_replication: Gene PNP: survived — Same-tissue replication: 0/1 concordant. Cross-tissue: 1/3 concordant.
2026-04-28 16:34:29 [INFO] riker.phases.phase5_replication: Gene RDH10: survived — Same-tissue replication: 0/1 concordant. Cross-tissue: 1/2 concordant.
2026-04-28 16:34:29 [INFO] riker.phases.phase5_replication: Gene AEBP1: survived — Same-tissue replication: 1/1 concordant. Cross-tissue: 2/3 concordant.
2026-04-28 16:34:29 [INFO] riker.phases.phase5_replication: Gene CACHD1: survived — Same-tissue replication: 1/1 concordant. Cross-tissue: 2/2 concordant.
2026-04-28 16:34:29 [INFO] riker.phases.phase5_replication: Gene EHD4: survived — Same-tissue replication: 0/1 concordant. Cross-tissue: 1/3 concordant.
2026-04-28 16:34:29 [INFO] riker.phases.phase5_replication: Gene FERMT2: survived — Same-tissue replication: 1/1 concordant. Cross-tissue: 0/2 concordant.
2026-04-28 16:34:29 [INFO] riker.phases.phase5_replication: Gene SLC15A3: survived — Same-tissue replication: 0/1 concordant. Cross-tissue: 3/3 concordant.
2026-04-28 16:34:29 [INFO] riker.phases.phase5_replication: Gene ABCA5: survived — Same-tissue replication: 0/1 concordant. Cross-tissue: 1/3 concordant.
2026-04-28 16:34:29 [INFO] riker.phases.phase5_replication: Gene NET1: survived — Same-tissue replication: 0/1 concordant. Cross-tissue: 1/3 concordant.
2026-04-28 16:34:29 [INFO] riker.phases.phase5_replication: Gene SLC25A3: survived — Same-tissue replication: 0/1 concordant. Cross-tissue: 1/3 concordant.
2026-04-28 16:34:29 [INFO] riker.phases.phase5_replication: Gene LYRM9: survived — Same-tissue replication: 0/1 concordant. Cross-tissue: 2/3 concordant.
2026-04-28 16:34:29 [INFO] riker.phases.phase5_replication: Gene PIP4P2: survived — Same-tissue replication: 0/1 concordant. Cross-tissue: 1/3 concordant.
2026-04-28 16:34:29 [INFO] riker.phases.phase5_replication: Gene TRMT11: survived — Same-tissue replication: 0/1 concordant. Cross-tissue: 0/2 concordant.
2026-04-28 16:34:29 [INFO] riker.phases.phase5_replication: Gene B2M: survived — Same-tissue replication: 1/1 concordant. Cross-tissue: 1/3 concordant.
2026-04-28 16:34:29 [INFO] riker.phases.phase5_replication: Gene BIRC3: survived — Same-tissue replication: 1/1 concordant. Cross-tissue: 1/3 concordant.
2026-04-28 16:34:29 [INFO] riker.phases.phase5_replication: Gene TMIGD3: survived — Same-tissue replication: 0/1 concordant. Cross-tissue: 1/2 concordant.
2026-04-28 16:34:29 [INFO] riker.phases.phase5_replication: Gene ATPAF1: survived — Same-tissue replication: 1/1 concordant. Cross-tissue: 2/3 concordant.
2026-04-28 16:34:29 [INFO] riker.phases.phase5_replication: Gene EFR3A: survived — Same-tissue replication: 1/1 concordant. Cross-tissue: 2/3 concordant.
2026-04-28 16:34:29 [INFO] riker.phases.phase5_replication: Gene LCMT1: survived — Same-tissue replication: 1/1 concordant. Cross-tissue: 2/3 concordant.
2026-04-28 16:34:29 [INFO] riker.phases.phase5_replication: Gene MAT2B: survived — Same-tissue replication: 1/1 concordant. Cross-tissue: 2/3 concordant.
2026-04-28 16:34:29 [INFO] riker.phases.phase5_replication: Gene ARHGAP45: survived — Same-tissue replication: 0/1 concordant. Cross-tissue: 1/2 concordant.
2026-04-28 16:34:29 [INFO] riker.phases.phase5_replication: Gene MAPKAPK2: survived — Same-tissue replication: 0/1 concordant. Cross-tissue: 2/3 concordant.
2026-04-28 16:34:29 [INFO] riker.phases.phase5_replication: Gene SIPA1: survived — Same-tissue replication: 0/1 concordant. Cross-tissue: 1/2 concordant.
2026-04-28 16:34:29 [INFO] riker.phases.phase5_replication: Gene DOK1: survived — Same-tissue replication: 1/1 concordant. Cross-tissue: 2/3 concordant.
2026-04-28 16:34:29 [INFO] riker.phases.phase5_replication: Gene DTX2: survived — Same-tissue replication: 0/1 concordant. Cross-tissue: 0/3 concordant.
2026-04-28 16:34:29 [INFO] riker.phases.phase5_replication: Gene NFKBIZ: eliminated — Significant opposite direction in same-tissue dataset(s): ['GSE102741']. Discovery direction: up.
2026-04-28 16:34:29 [INFO] riker.phases.phase5_replication: Gene PTPN13: survived — Same-tissue replication: 1/1 concordant. Cross-tissue: 0/2 concordant.
2026-04-28 16:34:30 [INFO] riker.phases.phase5_replication: Gene ARMCX5: survived — Same-tissue replication: 1/1 concordant. Cross-tissue: 1/2 concordant.
2026-04-28 16:34:30 [INFO] riker.phases.phase5_replication: Gene ATP5F1A: survived — Same-tissue replication: 1/1 concordant. Cross-tissue: 2/3 concordant.
2026-04-28 16:34:30 [INFO] riker.phases.phase5_replication: Gene COQ3: survived — Same-tissue replication: 1/1 concordant. Cross-tissue: 1/2 concordant.
2026-04-28 16:34:30 [INFO] riker.phases.phase5_replication: Gene ENO2: survived — Same-tissue replication: 1/1 concordant. Cross-tissue: 1/3 concordant.
2026-04-28 16:34:30 [INFO] riker.phases.phase5_replication: Gene FAHD2B: survived — Same-tissue replication: 1/1 concordant. Cross-tissue: 1/2 concordant.
2026-04-28 16:34:30 [INFO] riker.phases.phase5_replication: Gene GPRASP2: survived — Same-tissue replication: 1/1 concordant. Cross-tissue: 1/1 concordant.
2026-04-28 16:34:30 [INFO] riker.phases.phase5_replication: Gene IDH3B: survived — Same-tissue replication: 0/1 concordant. Cross-tissue: 1/3 concordant.
2026-04-28 16:34:30 [INFO] riker.phases.phase5_replication: Gene NIF3L1: survived — Same-tissue replication: 1/1 concordant. Cross-tissue: 0/3 concordant.
2026-04-28 16:34:30 [INFO] riker.phases.phase5_replication: Gene PARP2: survived — Same-tissue replication: 1/1 concordant. Cross-tissue: 1/3 concordant.
2026-04-28 16:34:30 [INFO] riker.phases.phase5_replication: Gene PFKM: survived — Same-tissue replication: 1/1 concordant. Cross-tissue: 1/3 concordant.
2026-04-28 16:34:30 [INFO] riker.phases.phase5_replication: Gene RFX5: survived — Same-tissue replication: 1/1 concordant. Cross-tissue: 2/3 concordant.
2026-04-28 16:34:30 [INFO] riker.phases.phase5_replication: Gene TOX: survived — Same-tissue replication: 1/1 concordant. Cross-tissue: 1/2 concordant.
2026-04-28 16:34:30 [INFO] riker.phases.phase5_replication: Gene UBLCP1: survived — Same-tissue replication: 1/1 concordant. Cross-tissue: 1/3 concordant.
2026-04-28 16:34:30 [INFO] riker.phases.phase5_replication: Gene CHSY1: survived — Same-tissue replication: 0/1 concordant. Cross-tissue: 0/3 concordant.
2026-04-28 16:34:30 [INFO] riker.phases.phase5_replication: Gene ELF1: survived — Same-tissue replication: 0/1 concordant. Cross-tissue: 1/3 concordant.
2026-04-28 16:34:30 [INFO] riker.phases.phase5_replication: Gene FAM111A: survived — Same-tissue replication: 1/1 concordant. Cross-tissue: 1/3 concordant.
2026-04-28 16:34:30 [INFO] riker.phases.phase5_replication: Gene HEY2: survived — Same-tissue replication: 1/1 concordant. Cross-tissue: 0/2 concordant.
2026-04-28 16:34:30 [INFO] riker.phases.phase5_replication: Gene MANF: survived — Same-tissue replication: 0/1 concordant. Cross-tissue: 0/3 concordant.
2026-04-28 16:34:30 [INFO] riker.phases.phase5_replication: Gene NECAP2: survived — Same-tissue replication: 1/1 concordant. Cross-tissue: 2/3 concordant.
2026-04-28 16:34:30 [INFO] riker.phases.phase5_replication: Gene PLOD1: survived — Same-tissue replication: 1/1 concordant. Cross-tissue: 1/3 concordant.
2026-04-28 16:34:30 [INFO] riker.phases.phase5_replication: Gene RAB29: survived — Same-tissue replication: 1/1 concordant. Cross-tissue: 2/3 concordant.
2026-04-28 16:34:30 [INFO] riker.phases.phase5_replication: Gene NGFR: survived — Same-tissue replication: 0/1 concordant. Cross-tissue: 0/2 concordant.
2026-04-28 16:34:30 [INFO] riker.phases.phase5_replication: Gene PEA15: survived — Same-tissue replication: 1/1 concordant. Cross-tissue: 0/3 concordant.
2026-04-28 16:34:30 [INFO] riker.phases.phase5_replication: Gene RPL36: survived — Same-tissue replication: 1/1 concordant. Cross-tissue: 1/3 concordant.
2026-04-28 16:34:30 [INFO] riker.phases.phase5_replication: Gene RPL39: survived — Same-tissue replication: 1/1 concordant. Cross-tissue: 0/2 concordant.
2026-04-28 16:34:30 [INFO] riker.phases.phase5_replication: Gene SERP1: survived — Same-tissue replication: 1/1 concordant. Cross-tissue: 1/3 concordant.
2026-04-28 16:34:30 [INFO] riker.phases.phase5_replication: Gene UBE2L6: survived — Same-tissue replication: 1/1 concordant. Cross-tissue: 2/3 concordant.
2026-04-28 16:34:30 [INFO] riker.phases.phase5_replication: Gene CXCL16: survived — Same-tissue replication: 0/1 concordant. Cross-tissue: 0/3 concordant.
2026-04-28 16:34:30 [INFO] riker.phases.phase5_replication: Gene GNG5: survived — Same-tissue replication: 1/1 concordant. Cross-tissue: 1/3 concordant.
2026-04-28 16:34:30 [INFO] riker.phases.phase5_replication: Gene SDF2L1: survived — Same-tissue replication: 0/1 concordant. Cross-tissue: 1/3 concordant.
2026-04-28 16:34:30 [INFO] riker.phases.phase5_replication: Gene SOX4: survived — Same-tissue replication: 0/1 concordant. Cross-tissue: 3/3 concordant.
2026-04-28 16:34:30 [INFO] riker.phases.phase5_replication: Gene TUBB2B: survived — Same-tissue replication: 1/1 concordant. Cross-tissue: 0/2 concordant.
2026-04-28 16:34:30 [INFO] riker.phases.phase5_replication: Gene PALLD: survived — Same-tissue replication: 1/1 concordant. Cross-tissue: 1/3 concordant.
2026-04-28 16:34:30 [INFO] riker.phases.phase5_replication: Gene PTTG1IP: survived — Same-tissue replication: 1/1 concordant. Cross-tissue: 2/3 concordant.
2026-04-28 16:34:30 [INFO] riker.phases.phase5_replication: Gene RAB31: survived — Same-tissue replication: 1/1 concordant. Cross-tissue: 2/3 concordant.
2026-04-28 16:34:30 [INFO] riker.phases.phase5_replication: Gene SP110: survived — Same-tissue replication: 0/1 concordant. Cross-tissue: 1/3 concordant.
2026-04-28 16:34:30 [INFO] riker.phases.phase5_replication: Gene ANO6: survived — Same-tissue replication: 1/1 concordant. Cross-tissue: 2/3 concordant.
2026-04-28 16:34:30 [INFO] riker.phases.phase5_replication: Gene CTSH: survived — Same-tissue replication: 1/1 concordant. Cross-tissue: 1/3 concordant.
2026-04-28 16:34:30 [INFO] riker.phases.phase5_replication: Gene GNA12: survived — Same-tissue replication: 1/1 concordant. Cross-tissue: 2/3 concordant.
2026-04-28 16:34:30 [INFO] riker.phases.phase5_replication: Gene HK2: survived — Same-tissue replication: 0/1 concordant. Cross-tissue: 1/3 concordant.
2026-04-28 16:34:30 [INFO] riker.phases.phase5_replication: Gene LHX2: survived — Same-tissue replication: 1/1 concordant. Cross-tissue: 0/2 concordant.
2026-04-28 16:34:30 [INFO] riker.phases.phase5_replication: Gene LYN: survived — Same-tissue replication: 1/1 concordant. Cross-tissue: 2/3 concordant.
2026-04-28 16:34:30 [INFO] riker.phases.phase5_replication: Gene MAPKAPK3: survived — Same-tissue replication: 0/1 concordant. Cross-tissue: 1/3 concordant.
2026-04-28 16:34:30 [INFO] riker.phases.phase5_replication: Gene PLCE1: survived — Same-tissue replication: 1/1 concordant. Cross-tissue: 0/2 concordant.
2026-04-28 16:34:30 [INFO] riker.phases.phase5_replication: Gene PSME2: survived — Same-tissue replication: 1/1 concordant. Cross-tissue: 1/3 concordant.
2026-04-28 16:34:30 [INFO] riker.phases.phase5_replication: Gene PTPN1: survived — Same-tissue replication: 0/1 concordant. Cross-tissue: 1/3 concordant.
2026-04-28 16:34:30 [INFO] riker.phases.phase5_replication: Gene TIPARP: survived — Same-tissue replication: 0/1 concordant. Cross-tissue: 1/3 concordant.
2026-04-28 16:34:30 [INFO] riker.phases.phase5_replication: Gene WSCD1: survived — Same-tissue replication: 0/1 concordant. Cross-tissue: 1/2 concordant.
2026-04-28 16:34:30 [INFO] riker.phases.phase5_replication: Gene GPI: survived — Same-tissue replication: 0/1 concordant. Cross-tissue: 1/3 concordant.
2026-04-28 16:34:30 [INFO] riker.phases.phase5_replication: Gene HPS6: survived — Same-tissue replication: 0/1 concordant. Cross-tissue: 3/3 concordant.
2026-04-28 16:34:30 [INFO] riker.phases.phase5_replication: Gene RETREG2: survived — Same-tissue replication: 1/1 concordant. Cross-tissue: 1/3 concordant.
2026-04-28 16:34:30 [INFO] riker.phases.phase5_replication: Gene CBX7: survived — Same-tissue replication: 0/1 concordant. Cross-tissue: 2/3 concordant.
2026-04-28 16:34:30 [INFO] riker.phases.phase5_replication: Gene DPP6: survived — Same-tissue replication: 1/1 concordant. Cross-tissue: 1/2 concordant.
2026-04-28 16:34:30 [INFO] riker.phases.phase5_replication: Gene EIF3K: survived — Same-tissue replication: 0/1 concordant. Cross-tissue: 1/3 concordant.
2026-04-28 16:34:30 [INFO] riker.phases.phase5_replication: Gene GALNT17: survived — Same-tissue replication: 1/1 concordant. Cross-tissue: 2/2 concordant.
2026-04-28 16:34:30 [INFO] riker.phases.phase5_replication: Gene HMGB3: survived — Same-tissue replication: 0/1 concordant. Cross-tissue: 2/2 concordant.
2026-04-28 16:34:30 [INFO] riker.phases.phase5_replication: Gene LIN7B: survived — Same-tissue replication: 0/1 concordant. Cross-tissue: 2/3 concordant.
2026-04-28 16:34:30 [INFO] riker.phases.phase5_replication: Gene PLPP6: survived — Same-tissue replication: 0/1 concordant. Cross-tissue: 1/3 concordant.
2026-04-28 16:34:30 [INFO] riker.phases.phase5_replication: Gene SNX17: survived — Same-tissue replication: 1/1 concordant. Cross-tissue: 0/3 concordant.
2026-04-28 16:34:30 [INFO] riker.phases.phase5_replication: Gene YPEL4: survived — Same-tissue replication: 0/1 concordant. Cross-tissue: 2/3 concordant.
2026-04-28 16:34:30 [INFO] riker.phases.phase5_replication: Gene DKK3: survived — Same-tissue replication: 1/1 concordant. Cross-tissue: 1/2 concordant.
2026-04-28 16:34:30 [INFO] riker.phases.phase5_replication: Gene HEATR5B: survived — Same-tissue replication: 1/1 concordant. Cross-tissue: 2/3 concordant.
2026-04-28 16:34:30 [INFO] riker.phases.phase5_replication: Gene KCNIP4: survived — Same-tissue replication: 1/1 concordant. Cross-tissue: 1/2 concordant.
2026-04-28 16:34:30 [INFO] riker.phases.phase5_replication: Gene NAPB: survived — Same-tissue replication: 0/1 concordant. Cross-tissue: 0/2 concordant.
2026-04-28 16:34:30 [INFO] riker.phases.phase5_replication: Gene SLC45A1: survived — Same-tissue replication: 1/1 concordant. Cross-tissue: 1/2 concordant.
2026-04-28 16:34:30 [INFO] riker.phases.phase5_replication: Gene SSX2IP: survived — Same-tissue replication: 1/1 concordant. Cross-tissue: 2/2 concordant.
2026-04-28 16:34:30 [INFO] riker.phases.phase5_replication: Gene SYT13: survived — Same-tissue replication: 0/1 concordant. Cross-tissue: 2/2 concordant.
2026-04-28 16:34:30 [INFO] riker.phases.phase5_replication: Gene AGGF1: survived — Same-tissue replication: 0/1 concordant. Cross-tissue: 1/3 concordant.
2026-04-28 16:34:30 [INFO] riker.phases.phase5_replication: Gene CCNB1IP1: survived — Same-tissue replication: 0/1 concordant. Cross-tissue: 0/2 concordant.
2026-04-28 16:34:30 [INFO] riker.phases.phase5_replication: Gene SRGAP3: survived — Same-tissue replication: 0/1 concordant. Cross-tissue: 1/2 concordant.
2026-04-28 16:34:30 [INFO] riker.phases.phase5_replication: Gene TTC1: survived — Same-tissue replication: 0/1 concordant. Cross-tissue: 1/3 concordant.
2026-04-28 16:34:30 [INFO] riker.phases.phase5_replication: Gene ZNF425: survived — Same-tissue replication: 0/1 concordant. Cross-tissue: 0/2 concordant.
2026-04-28 16:34:30 [INFO] riker.phases.phase5_replication: Gene GAREM1: survived — Same-tissue replication: 1/1 concordant. Cross-tissue: 1/2 concordant.
2026-04-28 16:34:30 [INFO] riker.phases.phase5_replication: Gene MDFIC: survived — Same-tissue replication: 1/1 concordant. Cross-tissue: 2/3 concordant.
2026-04-28 16:34:30 [INFO] riker.phases.phase5_replication: Gene MSI2: survived — Same-tissue replication: 1/1 concordant. Cross-tissue: 3/3 concordant.
2026-04-28 16:34:30 [INFO] riker.phases.phase5_replication: Gene NME4: survived — Same-tissue replication: 1/1 concordant. Cross-tissue: 2/3 concordant.
2026-04-28 16:34:30 [INFO] riker.phases.phase5_replication: Gene ATP6V1A: survived — Same-tissue replication: 0/1 concordant. Cross-tissue: 1/3 concordant.
2026-04-28 16:34:30 [INFO] riker.phases.phase5_replication: Gene FAM241B: survived — Same-tissue replication: 1/1 concordant. Cross-tissue: 2/3 concordant.
2026-04-28 16:34:30 [INFO] riker.phases.phase5_replication: Gene KRT222: survived — Same-tissue replication: 0/1 concordant. Cross-tissue: 2/2 concordant.
2026-04-28 16:34:30 [INFO] riker.phases.phase5_replication: Gene RHBDL3: survived — Same-tissue replication: 0/1 concordant. Cross-tissue: 2/2 concordant.
2026-04-28 16:34:30 [INFO] riker.phases.phase5_replication: Gene EXTL2: survived — Same-tissue replication: 0/1 concordant. Cross-tissue: 0/2 concordant.
2026-04-28 16:34:30 [INFO] riker.phases.phase5_replication: Gene MICU3: survived — Same-tissue replication: 0/1 concordant. Cross-tissue: 1/3 concordant.
2026-04-28 16:34:30 [INFO] riker.phases.phase5_replication: Gene NMNAT2: survived — Same-tissue replication: 0/1 concordant. Cross-tissue: 1/2 concordant.
2026-04-28 16:34:30 [INFO] riker.phases.phase5_replication: Gene PARP14: survived — Same-tissue replication: 0/1 concordant. Cross-tissue: 2/3 concordant.
2026-04-28 16:34:30 [INFO] riker.phases.phase5_replication: Gene PTAFR: survived — Same-tissue replication: 1/1 concordant. Cross-tissue: 0/3 concordant.
2026-04-28 16:34:30 [INFO] riker.phases.phase5_replication: Gene SLC25A37: survived — Same-tissue replication: 1/1 concordant. Cross-tissue: 0/3 concordant.
2026-04-28 16:34:30 [INFO] riker.phases.phase5_replication: Gene TXNIP: survived — No same-tissue replication datasets; retained by default. Cross-tissue: 2/3 concordant.
2026-04-28 16:34:30 [INFO] riker.phases.phase5_replication: Gene CCL20: survived — Same-tissue replication: 0/1 concordant. Cross-tissue: 0/2 concordant.
2026-04-28 16:34:30 [INFO] riker.phases.phase5_replication: Gene KCNN3: survived — Same-tissue replication: 0/1 concordant. Cross-tissue: 0/2 concordant.
2026-04-28 16:34:30 [INFO] riker.phases.phase5_replication: Gene RASGEF1B: survived — Same-tissue replication: 0/1 concordant. Cross-tissue: 1/2 concordant.
2026-04-28 16:34:30 [INFO] riker.phases.phase5_replication: Gene SLC2A5: survived — Same-tissue replication: 0/1 concordant. Cross-tissue: 0/3 concordant.
2026-04-28 16:34:30 [INFO] riker.phases.phase5_replication: Gene HMCES: survived — Same-tissue replication: 1/1 concordant. Cross-tissue: 2/3 concordant.
2026-04-28 16:34:30 [INFO] riker.phases.phase5_replication: Gene LPCAT4: survived — Same-tissue replication: 1/1 concordant. Cross-tissue: 3/3 concordant.
2026-04-28 16:34:30 [INFO] riker.phases.phase5_replication: Gene ORC2: survived — Same-tissue replication: 0/1 concordant. Cross-tissue: 1/3 concordant.
2026-04-28 16:34:30 [INFO] riker.phases.phase5_replication: Gene SLC37A4: survived — Same-tissue replication: 0/1 concordant. Cross-tissue: 2/3 concordant.
2026-04-28 16:34:30 [INFO] riker.phases.phase5_replication: Gene SNU13: survived — Same-tissue replication: 1/1 concordant. Cross-tissue: 1/3 concordant.
2026-04-28 16:34:30 [INFO] riker.phases.phase5_replication: Gene ZBTB24: survived — Same-tissue replication: 0/1 concordant. Cross-tissue: 1/3 concordant.
2026-04-28 16:34:30 [INFO] riker.phases.phase5_replication: Gene APBA2: survived — Same-tissue replication: 1/1 concordant. Cross-tissue: 1/3 concordant.
2026-04-28 16:34:30 [INFO] riker.phases.phase5_replication: Gene GMPR2: survived — Same-tissue replication: 0/1 concordant. Cross-tissue: 2/3 concordant.
2026-04-28 16:34:30 [INFO] riker.phases.phase5_replication: Gene NFS1: survived — Same-tissue replication: 0/1 concordant. Cross-tissue: 3/3 concordant.
2026-04-28 16:34:30 [INFO] riker.phases.phase5_replication: Gene PRC1: survived — Same-tissue replication: 0/1 concordant. Cross-tissue: 1/3 concordant.
2026-04-28 16:34:30 [INFO] riker.phases.phase5_replication: Gene SDHA: survived — Same-tissue replication: 1/1 concordant. Cross-tissue: 1/3 concordant.
2026-04-28 16:34:30 [INFO] riker.phases.phase5_replication: Gene ASB13: survived — Same-tissue replication: 0/1 concordant. Cross-tissue: 1/3 concordant.
2026-04-28 16:34:30 [INFO] riker.phases.phase5_replication: Gene DYNLT5: survived — Same-tissue replication: 0/1 concordant. Cross-tissue: 1/2 concordant.
2026-04-28 16:34:30 [INFO] riker.phases.phase5_replication: Gene ITPR1: survived — Same-tissue replication: 0/1 concordant. Cross-tissue: 1/3 concordant.
2026-04-28 16:34:30 [INFO] riker.phases.phase5_replication: Gene NSG1: survived — Same-tissue replication: 0/1 concordant. Cross-tissue: 1/3 concordant.
2026-04-28 16:34:30 [INFO] riker.phases.phase5_replication: Gene PTH2R: survived — Same-tissue replication: 0/1 concordant. Cross-tissue: 2/2 concordant.
2026-04-28 16:34:30 [INFO] riker.phases.phase5_replication: Gene PVALB: survived — Same-tissue replication: 1/1 concordant. Cross-tissue: 1/3 concordant.
2026-04-28 16:34:30 [INFO] riker.phases.phase5_replication: Gene SCN2B: survived — Same-tissue replication: 0/1 concordant. Cross-tissue: 2/2 concordant.
2026-04-28 16:34:30 [INFO] riker.phases.phase5_replication: Gene ATP1A1: survived — Same-tissue replication: 1/1 concordant. Cross-tissue: 1/3 concordant.
2026-04-28 16:34:30 [INFO] riker.phases.phase5_replication: Gene ATP2B2: survived — Same-tissue replication: 1/1 concordant. Cross-tissue: 2/2 concordant.
2026-04-28 16:34:30 [INFO] riker.phases.phase5_replication: Gene B4GALT6: survived — Same-tissue replication: 0/1 concordant. Cross-tissue: 2/2 concordant.
2026-04-28 16:34:30 [INFO] riker.phases.phase5_replication: Gene DPP10: survived — Same-tissue replication: 0/1 concordant. Cross-tissue: 1/2 concordant.
2026-04-28 16:34:30 [INFO] riker.phases.phase5_replication: Gene FAM234B: survived — Same-tissue replication: 0/1 concordant. Cross-tissue: 1/2 concordant.
2026-04-28 16:34:30 [INFO] riker.phases.phase5_replication: Gene FBLN7: survived — Same-tissue replication: 1/1 concordant. Cross-tissue: 1/2 concordant.
2026-04-28 16:34:30 [INFO] riker.phases.phase5_replication: Gene GABRG2: survived — Same-tissue replication: 0/1 concordant. Cross-tissue: 2/2 concordant.
2026-04-28 16:34:30 [INFO] riker.phases.phase5_replication: Gene GOT1: survived — Same-tissue replication: 1/1 concordant. Cross-tissue: 3/3 concordant.
2026-04-28 16:34:30 [INFO] riker.phases.phase5_replication: Gene INA: survived — Same-tissue replication: 0/1 concordant. Cross-tissue: 2/3 concordant.
2026-04-28 16:34:30 [INFO] riker.phases.phase5_replication: Gene KCNS2: survived — Same-tissue replication: 1/1 concordant. Cross-tissue: 1/2 concordant.
2026-04-28 16:34:30 [INFO] riker.phases.phase5_replication: Gene KYAT3: survived — Same-tissue replication: 0/1 concordant. Cross-tissue: 2/3 concordant.
2026-04-28 16:34:30 [INFO] riker.phases.phase5_replication: Gene LRRC20: survived — Same-tissue replication: 0/1 concordant. Cross-tissue: 3/3 concordant.
2026-04-28 16:34:30 [INFO] riker.phases.phase5_replication: Gene NDRG3: survived — Same-tissue replication: 1/1 concordant. Cross-tissue: 2/3 concordant.
2026-04-28 16:34:30 [INFO] riker.phases.phase5_replication: Gene NTN4: survived — Same-tissue replication: 0/1 concordant. Cross-tissue: 2/2 concordant.
2026-04-28 16:34:30 [INFO] riker.phases.phase5_replication: Gene PPP3CA: survived — Same-tissue replication: 0/1 concordant. Cross-tissue: 2/3 concordant.
2026-04-28 16:34:30 [INFO] riker.phases.phase5_replication: Gene PRKCE: survived — Same-tissue replication: 0/1 concordant. Cross-tissue: 2/3 concordant.
2026-04-28 16:34:30 [INFO] riker.phases.phase5_replication: Gene RCAN2: survived — Same-tissue replication: 0/1 concordant. Cross-tissue: 1/2 concordant.
2026-04-28 16:34:30 [INFO] riker.phases.phase5_replication: Gene SERTAD4: survived — Same-tissue replication: 1/1 concordant. Cross-tissue: 2/2 concordant.
2026-04-28 16:34:30 [INFO] riker.phases.phase5_replication: Gene SH3GL2: survived — Same-tissue replication: 0/1 concordant. Cross-tissue: 2/2 concordant.
2026-04-28 16:34:30 [INFO] riker.phases.phase5_replication: Gene SLC6A15: survived — Same-tissue replication: 0/1 concordant. Cross-tissue: 2/2 concordant.
2026-04-28 16:34:30 [INFO] riker.phases.phase5_replication: Gene THEMIS: survived — Same-tissue replication: 0/1 concordant. Cross-tissue: 0/2 concordant.
2026-04-28 16:34:30 [INFO] riker.phases.phase5_replication: Gene VSNL1: survived — Same-tissue replication: 0/1 concordant. Cross-tissue: 1/2 concordant.
2026-04-28 16:34:30 [INFO] riker.phases.phase5_replication: Gene ZNF25: survived — Same-tissue replication: 0/1 concordant. Cross-tissue: 1/3 concordant.
2026-04-28 16:34:30 [INFO] riker.phases.phase5_replication: Gene CCDC25: survived — Same-tissue replication: 0/1 concordant. Cross-tissue: 1/3 concordant.
2026-04-28 16:34:30 [INFO] riker.phases.phase5_replication: Gene CORO2A: survived — Same-tissue replication: 0/1 concordant. Cross-tissue: 2/3 concordant.
2026-04-28 16:34:30 [INFO] riker.phases.phase5_replication: Gene DHX35: survived — Same-tissue replication: 0/1 concordant. Cross-tissue: 2/3 concordant.
2026-04-28 16:34:30 [INFO] riker.phases.phase5_replication: Gene FH: survived — Same-tissue replication: 0/1 concordant. Cross-tissue: 2/3 concordant.
2026-04-28 16:34:30 [INFO] riker.phases.phase5_replication: Gene HMG20A: survived — Same-tissue replication: 0/1 concordant. Cross-tissue: 1/3 concordant.
2026-04-28 16:34:30 [INFO] riker.phases.phase5_replication: Gene PARL: survived — Same-tissue replication: 0/1 concordant. Cross-tissue: 1/3 concordant.
2026-04-28 16:34:30 [INFO] riker.phases.phase5_replication: Gene PARN: survived — Same-tissue replication: 0/1 concordant. Cross-tissue: 2/3 concordant.
2026-04-28 16:34:30 [INFO] riker.phases.phase5_replication: Gene SLC25A12: survived — Same-tissue replication: 0/1 concordant. Cross-tissue: 1/3 concordant.
2026-04-28 16:34:30 [INFO] riker.phases.phase5_replication: Gene STAT4: survived — Same-tissue replication: 0/1 concordant. Cross-tissue: 1/3 concordant.
2026-04-28 16:34:30 [INFO] riker.phases.phase5_replication: Gene TARBP1: survived — Same-tissue replication: 0/1 concordant. Cross-tissue: 2/3 concordant.
2026-04-28 16:34:30 [INFO] riker.phases.phase5_replication: Gene VAMP1: survived — Same-tissue replication: 0/1 concordant. Cross-tissue: 1/2 concordant.
2026-04-28 16:34:30 [INFO] riker.phases.phase5_replication: Gene GLS: survived — Same-tissue replication: 0/1 concordant. Cross-tissue: 1/3 concordant.
2026-04-28 16:34:30 [INFO] riker.phases.phase5_replication: Gene NPTN: survived — Same-tissue replication: 1/1 concordant. Cross-tissue: 2/3 concordant.
2026-04-28 16:34:30 [INFO] riker.phases.phase5_replication: Gene TMX3: survived — Same-tissue replication: 0/1 concordant. Cross-tissue: 1/2 concordant.
2026-04-28 16:34:31 [INFO] riker.phases.phase5_replication: Gene EMC1: survived — Same-tissue replication: 0/1 concordant. Cross-tissue: 1/3 concordant.
2026-04-28 16:34:31 [INFO] riker.phases.phase5_replication: Gene RALGPS1: survived — Same-tissue replication: 0/1 concordant. Cross-tissue: 2/2 concordant.
2026-04-28 16:34:31 [INFO] riker.phases.phase5_replication: Gene SLC35B3: survived — Same-tissue replication: 0/1 concordant. Cross-tissue: 2/3 concordant.
2026-04-28 16:34:31 [INFO] riker.phases.phase5_replication: Gene TTC13: survived — Same-tissue replication: 0/1 concordant. Cross-tissue: 2/3 concordant.
2026-04-28 16:34:31 [INFO] riker.phases.phase5_replication: Gene CPEB1: survived — Same-tissue replication: 0/1 concordant. Cross-tissue: 1/2 concordant.
2026-04-28 16:34:31 [INFO] riker.phases.phase5_replication: Gene MRPL22: survived — Same-tissue replication: 0/1 concordant. Cross-tissue: 2/3 concordant.
2026-04-28 16:34:31 [INFO] riker.phases.phase5_replication: Gene SUV39H1: survived — Same-tissue replication: 1/1 concordant. Cross-tissue: 1/2 concordant.
2026-04-28 16:34:31 [INFO] riker.phases.phase5_replication: Gene UBE4A: survived — Same-tissue replication: 0/1 concordant. Cross-tissue: 2/3 concordant.
2026-04-28 16:34:31 [INFO] riker.phases.phase5_replication: Gene URGCP: survived — Same-tissue replication: 0/1 concordant. Cross-tissue: 1/2 concordant.
2026-04-28 16:34:31 [INFO] riker.phases.phase5_replication: Gene IDH3A: survived — Same-tissue replication: 0/1 concordant. Cross-tissue: 2/3 concordant.
2026-04-28 16:34:31 [INFO] riker.phases.phase5_replication: Gene NEFH: survived — Same-tissue replication: 1/1 concordant. Cross-tissue: 2/3 concordant.
2026-04-28 16:34:31 [INFO] riker.phases.phase5_replication: Gene OGDHL: survived — Same-tissue replication: 0/1 concordant. Cross-tissue: 1/2 concordant.
2026-04-28 16:34:31 [INFO] riker.phases.phase5_replication: Gene PYGB: survived — Same-tissue replication: 0/1 concordant. Cross-tissue: 0/3 concordant.
2026-04-28 16:34:31 [INFO] riker.phases.phase5_replication: Gene ACTR1B: survived — Same-tissue replication: 0/1 concordant. Cross-tissue: 1/3 concordant.
2026-04-28 16:34:31 [INFO] riker.phases.phase5_replication: Gene HAGH: survived — Same-tissue replication: 0/1 concordant. Cross-tissue: 2/3 concordant.
2026-04-28 16:34:31 [INFO] riker.phases.phase5_replication: Gene OLA1: survived — Same-tissue replication: 0/1 concordant. Cross-tissue: 3/3 concordant.
2026-04-28 16:34:31 [INFO] riker.phases.phase5_replication: Gene ABCG4: survived — Same-tissue replication: 0/1 concordant. Cross-tissue: 2/2 concordant.
2026-04-28 16:34:31 [INFO] riker.phases.phase5_replication: Gene ACTL6B: survived — Same-tissue replication: 0/1 concordant. Cross-tissue: 2/2 concordant.
2026-04-28 16:34:31 [INFO] riker.phases.phase5_replication: Gene ATP6V1E1: survived — Same-tissue replication: 0/1 concordant. Cross-tissue: 2/3 concordant.
2026-04-28 16:34:31 [INFO] riker.phases.phase5_replication: Gene AVPI1: survived — Same-tissue replication: 0/1 concordant. Cross-tissue: 2/3 concordant.
2026-04-28 16:34:31 [INFO] riker.phases.phase5_replication: Gene CAMTA1: survived — Same-tissue replication: 0/1 concordant. Cross-tissue: 2/3 concordant.
2026-04-28 16:34:31 [INFO] riker.phases.phase5_replication: Gene CDCA5: survived — Same-tissue replication: 1/1 concordant. Cross-tissue: 2/2 concordant.
2026-04-28 16:34:31 [INFO] riker.phases.phase5_replication: Gene COPG1: survived — Same-tissue replication: 1/1 concordant. Cross-tissue: 2/3 concordant.
2026-04-28 16:34:31 [INFO] riker.phases.phase5_replication: Gene COX7A1: survived — Same-tissue replication: 1/1 concordant. Cross-tissue: 1/2 concordant.
2026-04-28 16:34:31 [INFO] riker.phases.phase5_replication: Gene DDX24: survived — Same-tissue replication: 0/1 concordant. Cross-tissue: 1/3 concordant.
2026-04-28 16:34:31 [INFO] riker.phases.phase5_replication: Gene DPP8: survived — Same-tissue replication: 0/1 concordant. Cross-tissue: 1/3 concordant.
2026-04-28 16:34:31 [INFO] riker.phases.phase5_replication: Gene EPB41L3: survived — Same-tissue replication: 1/1 concordant. Cross-tissue: 2/3 concordant.
2026-04-28 16:34:31 [INFO] riker.phases.phase5_replication: Gene GLMN: survived — Same-tissue replication: 0/1 concordant. Cross-tissue: 0/2 concordant.
2026-04-28 16:34:31 [INFO] riker.phases.phase5_replication: Gene HYLS1: survived — Same-tissue replication: 0/1 concordant. Cross-tissue: 1/3 concordant.
2026-04-28 16:34:31 [INFO] riker.phases.phase5_replication: Gene KLHDC9: survived — Same-tissue replication: 0/1 concordant. Cross-tissue: 2/2 concordant.
2026-04-28 16:34:31 [INFO] riker.phases.phase5_replication: Gene MPP1: survived — Same-tissue replication: 0/1 concordant. Cross-tissue: 1/3 concordant.
2026-04-28 16:34:31 [INFO] riker.phases.phase5_replication: Gene RWDD2B: survived — Same-tissue replication: 0/1 concordant. Cross-tissue: 3/3 concordant.
2026-04-28 16:34:31 [INFO] riker.phases.phase5_replication: Gene SCN4B: survived — Same-tissue replication: 0/1 concordant. Cross-tissue: 2/2 concordant.
2026-04-28 16:34:31 [INFO] riker.phases.phase5_replication: Gene SLC25A27: survived — Same-tissue replication: 0/1 concordant. Cross-tissue: 2/2 concordant.
2026-04-28 16:34:31 [INFO] riker.phases.phase5_replication: Gene TBC1D4: survived — Same-tissue replication: 0/1 concordant. Cross-tissue: 1/3 concordant.
2026-04-28 16:34:31 [INFO] riker.phases.phase5_replication: Gene UCHL5: survived — Same-tissue replication: 0/1 concordant. Cross-tissue: 1/3 concordant.
2026-04-28 16:34:31 [INFO] riker.phases.phase5_replication: Gene VDAC3: survived — Same-tissue replication: 0/1 concordant. Cross-tissue: 1/3 concordant.
2026-04-28 16:34:31 [INFO] riker.phases.phase5_replication: Gene ATP5F1B: survived — Same-tissue replication: 1/1 concordant. Cross-tissue: 2/3 concordant.
2026-04-28 16:34:31 [INFO] riker.phases.phase5_replication: Gene CNTNAP1: survived — Same-tissue replication: 1/1 concordant. Cross-tissue: 1/3 concordant.
2026-04-28 16:34:31 [INFO] riker.phases.phase5_replication: Gene NDRG4: survived — Same-tissue replication: 1/1 concordant. Cross-tissue: 2/2 concordant.
2026-04-28 16:34:31 [INFO] riker.phases.phase5_replication: Gene NOMO1: survived — Same-tissue replication: 1/1 concordant. Cross-tissue: 1/2 concordant.
2026-04-28 16:34:31 [INFO] riker.phases.phase5_replication: Gene NTAQ1: survived — Same-tissue replication: 0/1 concordant. Cross-tissue: 1/3 concordant.
2026-04-28 16:34:31 [INFO] riker.phases.phase5_replication: Gene PFKP: survived — Same-tissue replication: 1/1 concordant. Cross-tissue: 2/3 concordant.
2026-04-28 16:34:31 [INFO] riker.phases.phase5_replication: Gene SLC12A5: survived — Same-tissue replication: 1/1 concordant. Cross-tissue: 2/2 concordant.
2026-04-28 16:34:31 [INFO] riker.phases.phase5_replication: Gene SPATA7: survived — Same-tissue replication: 0/1 concordant. Cross-tissue: 1/2 concordant.
2026-04-28 16:34:31 [INFO] riker.phases.phase5_replication: Gene ARHGAP26: survived — Same-tissue replication: 0/1 concordant. Cross-tissue: 2/3 concordant.
2026-04-28 16:34:31 [INFO] riker.phases.phase5_replication: Gene CEND1: survived — Same-tissue replication: 1/1 concordant. Cross-tissue: 2/3 concordant.
2026-04-28 16:34:31 [INFO] riker.phases.phase5_replication: Gene EXOSC9: survived — Same-tissue replication: 0/1 concordant. Cross-tissue: 2/3 concordant.
2026-04-28 16:34:31 [INFO] riker.phases.phase5_replication: Gene NR3C2: survived — Same-tissue replication: 0/1 concordant. Cross-tissue: 1/3 concordant.
2026-04-28 16:34:31 [INFO] riker.phases.phase5_replication: Gene RMND1: survived — Same-tissue replication: 0/1 concordant. Cross-tissue: 0/2 concordant.
2026-04-28 16:34:31 [INFO] riker.phases.phase5_replication: Gene RNMT: survived — Same-tissue replication: 0/1 concordant. Cross-tissue: 0/2 concordant.
2026-04-28 16:34:31 [INFO] riker.phases.phase5_replication: Gene SERGEF: survived — Same-tissue replication: 1/1 concordant. Cross-tissue: 1/3 concordant.
2026-04-28 16:34:31 [INFO] riker.phases.phase5_replication: Gene ZNF385B: survived — Same-tissue replication: 0/1 concordant. Cross-tissue: 1/2 concordant.
2026-04-28 16:34:31 [INFO] riker.phases.phase5_replication: Gene CBLN2: survived — Same-tissue replication: 0/1 concordant. Cross-tissue: 1/2 concordant.
2026-04-28 16:34:31 [INFO] riker.phases.phase5_replication: Gene GABRA1: survived — Same-tissue replication: 0/1 concordant. Cross-tissue: 2/2 concordant.
2026-04-28 16:34:31 [INFO] riker.phases.phase5_replication: Gene KCNS1: survived — Same-tissue replication: 1/1 concordant. Cross-tissue: 1/2 concordant.
2026-04-28 16:34:31 [INFO] riker.phases.phase5_replication: Gene ASXL2: survived — Same-tissue replication: 1/1 concordant. Cross-tissue: 2/3 concordant.
2026-04-28 16:34:31 [INFO] riker.phases.phase5_replication: Gene C3orf70: survived — Same-tissue replication: 1/1 concordant. Cross-tissue: 1/2 concordant.
2026-04-28 16:34:31 [INFO] riker.phases.phase5_replication: Gene RPL12: survived — Same-tissue replication: 1/1 concordant. Cross-tissue: 2/3 concordant.
2026-04-28 16:34:31 [INFO] riker.phases.phase5_replication: Gene SH3GLB1: survived — Same-tissue replication: 1/1 concordant. Cross-tissue: 1/3 concordant.
2026-04-28 16:34:31 [INFO] riker.phases.phase5_replication: Gene ZFAND3: survived — Same-tissue replication: 0/1 concordant. Cross-tissue: 1/3 concordant.
2026-04-28 16:34:31 [INFO] riker.phases.phase5_replication: Gene CHCHD4: survived — Same-tissue replication: 0/1 concordant. Cross-tissue: 2/3 concordant.
2026-04-28 16:34:31 [INFO] riker.phases.phase5_replication: Gene KLHDC2: survived — Same-tissue replication: 0/1 concordant. Cross-tissue: 1/3 concordant.
2026-04-28 16:34:31 [INFO] riker.phases.phase5_replication: Gene MRPL2: survived — Same-tissue replication: 0/1 concordant. Cross-tissue: 1/3 concordant.
2026-04-28 16:34:31 [INFO] riker.phases.phase5_replication: Gene FAM81A: survived — Same-tissue replication: 0/1 concordant. Cross-tissue: 1/2 concordant.
2026-04-28 16:34:31 [INFO] riker.phases.phase5_replication: Gene GLS2: survived — Same-tissue replication: 0/1 concordant. Cross-tissue: 1/2 concordant.
2026-04-28 16:34:31 [INFO] riker.phases.phase5_replication: Gene ICA1: survived — Same-tissue replication: 0/1 concordant. Cross-tissue: 2/3 concordant.
2026-04-28 16:34:31 [INFO] riker.phases.phase5_replication: Gene IDH3G: survived — Same-tissue replication: 0/1 concordant. Cross-tissue: 2/3 concordant.
2026-04-28 16:34:31 [INFO] riker.phases.phase5_replication: Gene MAGEE1: survived — Same-tissue replication: 0/1 concordant. Cross-tissue: 1/2 concordant.
2026-04-28 16:34:31 [INFO] riker.phases.phase5_replication: Gene UQCRC1: survived — Same-tissue replication: 1/1 concordant. Cross-tissue: 1/3 concordant.
2026-04-28 16:34:31 [INFO] riker.phases.phase5_replication: Gene ACTR6: survived — Same-tissue replication: 0/1 concordant. Cross-tissue: 1/3 concordant.
2026-04-28 16:34:31 [INFO] riker.phases.phase5_replication: Gene ALDOC: survived — Same-tissue replication: 0/1 concordant. Cross-tissue: 2/3 concordant.
2026-04-28 16:34:31 [INFO] riker.phases.phase5_replication: Gene NCKIPSD: survived — Same-tissue replication: 0/1 concordant. Cross-tissue: 1/3 concordant.
2026-04-28 16:34:31 [INFO] riker.phases.phase5_replication: Gene SYNGR1: survived — Same-tissue replication: 1/1 concordant. Cross-tissue: 2/3 concordant.
2026-04-28 16:34:31 [INFO] riker.phases.phase5_replication: Gene VPS33B: survived — Same-tissue replication: 0/1 concordant. Cross-tissue: 1/3 concordant.
2026-04-28 16:34:31 [INFO] riker.phases.phase5_replication: Gene COQ6: survived — Same-tissue replication: 0/1 concordant. Cross-tissue: 1/3 concordant.
2026-04-28 16:34:31 [INFO] riker.phases.phase5_replication: Gene DEPDC5: survived — Same-tissue replication: 0/1 concordant. Cross-tissue: 2/3 concordant.
2026-04-28 16:34:31 [INFO] riker.phases.phase5_replication: Gene PIGZ: survived — Same-tissue replication: 0/1 concordant. Cross-tissue: 3/3 concordant.
2026-04-28 16:34:31 [INFO] riker.phases.phase5_replication: Gene SPOCK2: survived — Same-tissue replication: 0/1 concordant. Cross-tissue: 0/3 concordant.
2026-04-28 16:34:31 [INFO] riker.phases.phase5_replication: Gene TRIM44: survived — Same-tissue replication: 0/1 concordant. Cross-tissue: 2/3 concordant.
2026-04-28 16:34:31 [INFO] riker.phases.phase5_replication: Gene ADGRG1: survived — Same-tissue replication: 0/1 concordant. Cross-tissue: 1/3 concordant.
2026-04-28 16:34:31 [INFO] riker.phases.phase5_replication: Gene PDIA5: survived — Same-tissue replication: 0/1 concordant. Cross-tissue: 0/3 concordant.
2026-04-28 16:34:31 [INFO] riker.phases.phase5_replication: Gene PRR14: survived — Same-tissue replication: 0/1 concordant. Cross-tissue: 2/3 concordant.
2026-04-28 16:34:31 [INFO] riker.phases.phase5_replication: Gene MPZL1: survived — Same-tissue replication: 1/1 concordant. Cross-tissue: 1/3 concordant.
2026-04-28 16:34:31 [INFO] riker.phases.phase5_replication: Gene NPAS3: survived — Same-tissue replication: 1/1 concordant. Cross-tissue: 1/3 concordant.
2026-04-28 16:34:31 [INFO] riker.phases.phase5_replication: Gene PABPC4: survived — Same-tissue replication: 0/1 concordant. Cross-tissue: 2/3 concordant.
2026-04-28 16:34:31 [INFO] riker.phases.phase5_replication: Gene POU3F2: survived — Same-tissue replication: 1/1 concordant. Cross-tissue: 0/2 concordant.
2026-04-28 16:34:31 [INFO] riker.phases.phase5_replication: Gene RPS16: survived — Same-tissue replication: 1/1 concordant. Cross-tissue: 2/3 concordant.
2026-04-28 16:34:31 [INFO] riker.phases.phase5_replication: Gene TOB1: survived — Same-tissue replication: 1/1 concordant. Cross-tissue: 2/3 concordant.
2026-04-28 16:34:31 [INFO] riker.phases.phase5_replication: Gene ITGAV: survived — Same-tissue replication: 1/1 concordant. Cross-tissue: 2/3 concordant.
2026-04-28 16:34:31 [INFO] riker.phases.phase5_replication: Gene SEC61A1: survived — Same-tissue replication: 0/1 concordant. Cross-tissue: 1/3 concordant.
2026-04-28 16:34:31 [INFO] riker.phases.phase5_replication: Gene SLC25A1: survived — Same-tissue replication: 0/1 concordant. Cross-tissue: 1/3 concordant.
2026-04-28 16:34:31 [INFO] riker.phases.phase5_replication: Gene UBTD1: survived — Same-tissue replication: 1/1 concordant. Cross-tissue: 2/3 concordant.
2026-04-28 16:34:31 [INFO] riker.phases.phase5_replication: Cluster 0: tissue_specific (3/3 survived, 0 eliminated)
2026-04-28 16:34:31 [INFO] riker.phases.phase5_replication: Cluster 7: replicated (3/3 survived, 0 eliminated)
2026-04-28 16:34:31 [INFO] riker.phases.phase5_replication: Cluster 8: replicated (3/3 survived, 0 eliminated)
2026-04-28 16:34:31 [INFO] riker.phases.phase5_replication: Cluster 9: replicated (9/9 survived, 0 eliminated)
2026-04-28 16:34:31 [INFO] riker.phases.phase5_replication: Cluster 12: tissue_specific (7/7 survived, 0 eliminated)
2026-04-28 16:34:31 [INFO] riker.phases.phase5_replication: Cluster 16: replicated (6/6 survived, 0 eliminated)
2026-04-28 16:34:31 [INFO] riker.phases.phase5_replication: Cluster 19: replicated (4/4 survived, 0 eliminated)
2026-04-28 16:34:31 [INFO] riker.phases.phase5_replication: Cluster 20: tissue_specific (7/7 survived, 0 eliminated)
2026-04-28 16:34:31 [INFO] riker.phases.phase5_replication: Cluster 21: replicated (5/5 survived, 0 eliminated)
2026-04-28 16:34:31 [INFO] riker.phases.phase5_replication: Cluster 22: tissue_specific (4/4 survived, 0 eliminated)
2026-04-28 16:34:31 [INFO] riker.phases.phase5_replication: Cluster 23: replicated (6/6 survived, 0 eliminated)
2026-04-28 16:34:31 [INFO] riker.phases.phase5_replication: Cluster 29: replicated (3/3 survived, 0 eliminated)
2026-04-28 16:34:31 [INFO] riker.phases.phase5_replication: Cluster 30: tissue_specific (8/8 survived, 0 eliminated)
2026-04-28 16:34:31 [INFO] riker.phases.phase5_replication: Cluster 31: replicated (6/6 survived, 0 eliminated)
2026-04-28 16:34:31 [INFO] riker.phases.phase5_replication: Cluster 32: replicated (5/5 survived, 0 eliminated)
2026-04-28 16:34:31 [INFO] riker.phases.phase5_replication: Cluster 35: replicated (6/6 survived, 0 eliminated)
2026-04-28 16:34:31 [INFO] riker.phases.phase5_replication: Cluster 42: tissue_specific (7/7 survived, 0 eliminated)
2026-04-28 16:34:31 [INFO] riker.phases.phase5_replication: Cluster 43: partially_replicated (3/4 survived, 1 eliminated)
2026-04-28 16:34:31 [INFO] riker.phases.phase5_replication: Cluster 45: replicated (3/3 survived, 0 eliminated)
2026-04-28 16:34:31 [INFO] riker.phases.phase5_replication: Cluster 46: replicated (5/5 survived, 0 eliminated)
2026-04-28 16:34:31 [INFO] riker.phases.phase5_replication: Cluster 50: tissue_specific (6/6 survived, 0 eliminated)
2026-04-28 16:34:31 [INFO] riker.phases.phase5_replication: Cluster 53: tissue_specific (4/4 survived, 0 eliminated)
2026-04-28 16:34:31 [INFO] riker.phases.phase5_replication: Cluster 54: replicated (6/6 survived, 0 eliminated)
2026-04-28 16:34:31 [INFO] riker.phases.phase5_replication: Cluster 55: partially_replicated (6/7 survived, 1 eliminated)
2026-04-28 16:34:31 [INFO] riker.phases.phase5_replication: Cluster 56: replicated (5/5 survived, 0 eliminated)
2026-04-28 16:34:31 [INFO] riker.phases.phase5_replication: Cluster 57: replicated (3/3 survived, 0 eliminated)
2026-04-28 16:34:31 [INFO] riker.phases.phase5_replication: Cluster 61: partially_replicated (2/3 survived, 1 eliminated)
2026-04-28 16:34:31 [INFO] riker.phases.phase5_replication: Cluster 62: partially_replicated (3/5 survived, 2 eliminated)
2026-04-28 16:34:31 [INFO] riker.phases.phase5_replication: Cluster 69: tissue_specific (7/7 survived, 0 eliminated)
2026-04-28 16:34:31 [INFO] riker.phases.phase5_replication: Cluster 70: partially_replicated (6/7 survived, 1 eliminated)
2026-04-28 16:34:31 [INFO] riker.phases.phase5_replication: Cluster 71: tissue_specific (5/5 survived, 0 eliminated)
2026-04-28 16:34:31 [INFO] riker.phases.phase5_replication: Cluster 72: replicated (3/3 survived, 0 eliminated)
2026-04-28 16:34:31 [INFO] riker.phases.phase5_replication: Cluster 74: tissue_specific (3/3 survived, 0 eliminated)
2026-04-28 16:34:31 [INFO] riker.phases.phase5_replication: Cluster 82: replicated (3/3 survived, 0 eliminated)
2026-04-28 16:34:31 [INFO] riker.phases.phase5_replication: Cluster 84: replicated (4/4 survived, 0 eliminated)
2026-04-28 16:34:31 [INFO] riker.phases.phase5_replication: Cluster 87: replicated (3/3 survived, 0 eliminated)
2026-04-28 16:34:31 [INFO] riker.phases.phase5_replication: Cluster 88: partially_replicated (3/4 survived, 1 eliminated)
2026-04-28 16:34:31 [INFO] riker.phases.phase5_replication: Cluster 89: tissue_specific (13/13 survived, 0 eliminated)
2026-04-28 16:34:31 [INFO] riker.phases.phase5_replication: Cluster 90: tissue_specific (8/8 survived, 0 eliminated)
2026-04-28 16:34:31 [INFO] riker.phases.phase5_replication: Cluster 91: tissue_specific (6/6 survived, 0 eliminated)
2026-04-28 16:34:31 [INFO] riker.phases.phase5_replication: Cluster 93: tissue_specific (5/5 survived, 0 eliminated)
2026-04-28 16:34:31 [INFO] riker.phases.phase5_replication: Cluster 96: replicated (4/4 survived, 0 eliminated)
2026-04-28 16:34:31 [INFO] riker.phases.phase5_replication: Cluster 97: tissue_specific (12/12 survived, 0 eliminated)
2026-04-28 16:34:31 [INFO] riker.phases.phase5_replication: Cluster 99: replicated (3/3 survived, 0 eliminated)
2026-04-28 16:34:31 [INFO] riker.phases.phase5_replication: Cluster 100: tissue_specific (9/9 survived, 0 eliminated)
2026-04-28 16:34:31 [INFO] riker.phases.phase5_replication: Cluster 114: tissue_specific (7/7 survived, 0 eliminated)
2026-04-28 16:34:31 [INFO] riker.phases.phase5_replication: Cluster 116: tissue_specific (5/5 survived, 0 eliminated)
2026-04-28 16:34:31 [INFO] riker.phases.phase5_replication: Cluster 120: replicated (4/4 survived, 0 eliminated)
2026-04-28 16:34:31 [INFO] riker.phases.phase5_replication: Cluster 132: replicated (4/4 survived, 0 eliminated)
2026-04-28 16:34:31 [INFO] riker.phases.phase5_replication: Cluster 134: tissue_specific (3/3 survived, 0 eliminated)
2026-04-28 16:34:31 [INFO] riker.phases.phase5_replication: Cluster 138: tissue_specific (4/4 survived, 0 eliminated)
2026-04-28 16:34:31 [INFO] riker.phases.phase5_replication: Cluster 139: tissue_specific (4/4 survived, 0 eliminated)
2026-04-28 16:34:31 [INFO] riker.phases.phase5_replication: Cluster 141: replicated (6/6 survived, 0 eliminated)
2026-04-28 16:34:31 [INFO] riker.phases.phase5_replication: Cluster 142: replicated (5/5 survived, 0 eliminated)
2026-04-28 16:34:31 [INFO] riker.phases.phase5_replication: Cluster 143: replicated (7/7 survived, 0 eliminated)
2026-04-28 16:34:31 [INFO] riker.phases.phase5_replication: Cluster 144: tissue_specific (23/23 survived, 0 eliminated)
2026-04-28 16:34:31 [INFO] riker.phases.phase5_replication: Cluster 145: replicated (11/11 survived, 0 eliminated)
2026-04-28 16:34:31 [INFO] riker.phases.phase5_replication: Cluster 147: replicated (3/3 survived, 0 eliminated)
2026-04-28 16:34:31 [INFO] riker.phases.phase5_replication: Cluster 152: replicated (4/4 survived, 0 eliminated)
2026-04-28 16:34:31 [INFO] riker.phases.phase5_replication: Cluster 153: replicated (5/5 survived, 0 eliminated)
2026-04-28 16:34:31 [INFO] riker.phases.phase5_replication: Cluster 154: tissue_specific (4/4 survived, 0 eliminated)
2026-04-28 16:34:31 [INFO] riker.phases.phase5_replication: Cluster 155: replicated (3/3 survived, 0 eliminated)
2026-04-28 16:34:31 [INFO] riker.phases.phase5_replication: Cluster 156: tissue_specific (21/21 survived, 0 eliminated)
2026-04-28 16:34:31 [INFO] riker.phases.phase5_replication: Cluster 157: replicated (8/8 survived, 0 eliminated)
2026-04-28 16:34:31 [INFO] riker.phases.phase5_replication: Cluster 160: tissue_specific (8/8 survived, 0 eliminated)
2026-04-28 16:34:31 [INFO] riker.phases.phase5_replication: Cluster 161: replicated (3/3 survived, 0 eliminated)
2026-04-28 16:34:31 [INFO] riker.phases.phase5_replication: Cluster 165: replicated (5/5 survived, 0 eliminated)
2026-04-28 16:34:31 [INFO] riker.phases.phase5_replication: Cluster 167: replicated (3/3 survived, 0 eliminated)
2026-04-28 16:34:31 [INFO] riker.phases.phase5_replication: Cluster 168: replicated (6/6 survived, 0 eliminated)
2026-04-28 16:34:31 [INFO] riker.phases.phase5_replication: Cluster 169: replicated (5/5 survived, 0 eliminated)
2026-04-28 16:34:31 [INFO] riker.phases.phase5_replication: Cluster 170: tissue_specific (5/5 survived, 0 eliminated)
2026-04-28 16:34:31 [INFO] riker.phases.phase5_replication: Cluster 173: tissue_specific (3/3 survived, 0 eliminated)
2026-04-28 16:34:31 [INFO] riker.phases.phase5_replication: Cluster 174: tissue_specific (6/6 survived, 0 eliminated)
2026-04-28 16:34:31 [INFO] riker.phases.phase5_replication: Cluster 176: replicated (4/4 survived, 0 eliminated)
2026-04-28 16:34:31 [INFO] riker.phases.phase5_replication: Phase 5 complete: 414 survived, 7 eliminated, 0 insufficient data.
2026-04-28 16:34:31 [INFO] riker.io.outputs: Phase 5 verdicts: /home/kai001/riker-engine/disease_days/2026-04-28_asd_v033/blind_pc/phase5_verdicts.csv
2026-04-28 16:34:31 [INFO] riker: ============================================================
2026-04-28 16:34:31 [INFO] riker: PHASE 6: Effect Size Meta-Analysis
2026-04-28 16:34:31 [INFO] riker: ============================================================
2026-04-28 16:34:31 [INFO] riker.phases.phase6_meta: Phase 6: Computing meta-analysis for 414 surviving genes.
2026-04-28 16:34:31 [INFO] riker.phases.phase6_meta: Phase 6 complete: 414 genes analyzed, 233 significant (random effects), 139 high heterogeneity.
2026-04-28 16:34:31 [INFO] riker.io.outputs: Phase 6 meta-analysis: /home/kai001/riker-engine/disease_days/2026-04-28_asd_v033/blind_pc/phase6_meta_analysis.csv
2026-04-28 16:34:31 [INFO] riker: ============================================================
2026-04-28 16:34:31 [INFO] riker: WRITING FINAL OUTPUTS
2026-04-28 16:34:31 [INFO] riker: ============================================================
2026-04-28 16:34:31 [INFO] riker.io.outputs: QC report: /home/kai001/riker-engine/disease_days/2026-04-28_asd_v033/blind_pc/qc_report.json
2026-04-28 16:34:31 [INFO] riker.io.outputs: Pipeline summary: /home/kai001/riker-engine/disease_days/2026-04-28_asd_v033/blind_pc/pipeline_summary.json
2026-04-28 16:34:31 [INFO] riker: ============================================================
2026-04-28 16:34:31 [INFO] riker: PIPELINE COMPLETE: ASD_blind
2026-04-28 16:34:31 [INFO] riker: QC Report: 4 passed, 0 warnings, 0 critical. Pipeline OK.
2026-04-28 16:34:31 [INFO] riker: Output: /home/kai001/riker-engine/disease_days/2026-04-28_asd_v033/blind_pc
2026-04-28 16:34:31 [INFO] riker: ============================================================
