gene,cluster_id,status,discovery_direction,n_same_tissue_concordant,n_same_tissue_discordant,n_cross_tissue_concordant,reason
ADAP1,0,eliminated,down,2,1,0,Significant opposite direction in same-tissue dataset(s): ['GSE38713']. Discovery direction: down.
ARHGEF16,0,survived,down,3,0,0,Same-tissue replication: 3/3 concordant. Cross-tissue: 0/0 concordant.
CABLES2,0,eliminated,down,2,1,0,Significant opposite direction in same-tissue dataset(s): ['GSE38713']. Discovery direction: down.
FOXP1,0,survived,down,3,0,0,Same-tissue replication: 3/3 concordant. Cross-tissue: 0/0 concordant.
GARIN1B,0,survived,down,1,0,0,Same-tissue replication: 1/3 concordant. Cross-tissue: 0/0 concordant.
HSFX1,0,survived,down,2,0,0,Same-tissue replication: 2/2 concordant. Cross-tissue: 0/0 concordant.
MAS1L,0,survived,down,3,0,0,Same-tissue replication: 3/3 concordant. Cross-tissue: 0/0 concordant.
NALCN,0,survived,down,1,0,0,Same-tissue replication: 1/3 concordant. Cross-tissue: 0/0 concordant.
NR2E3,0,survived,down,2,0,0,Same-tissue replication: 2/3 concordant. Cross-tissue: 0/0 concordant.
PROKR2,0,survived,down,2,0,0,Same-tissue replication: 2/3 concordant. Cross-tissue: 0/0 concordant.
PRRT2,0,survived,down,1,0,0,Same-tissue replication: 1/3 concordant. Cross-tissue: 0/0 concordant.
RABL6,0,survived,down,2,0,0,Same-tissue replication: 2/3 concordant. Cross-tissue: 0/0 concordant.
SESN2,0,survived,down,3,0,0,Same-tissue replication: 3/3 concordant. Cross-tissue: 0/0 concordant.
SLC35A4,0,survived,down,2,0,0,Same-tissue replication: 2/3 concordant. Cross-tissue: 0/0 concordant.
TIGD5,0,survived,down,2,0,0,Same-tissue replication: 2/3 concordant. Cross-tissue: 0/0 concordant.
TRMO,0,survived,down,2,0,0,Same-tissue replication: 2/3 concordant. Cross-tissue: 0/0 concordant.
ZSCAN4,0,survived,down,2,0,0,Same-tissue replication: 2/3 concordant. Cross-tissue: 0/0 concordant.
CENPV,1,survived,down,3,0,0,Same-tissue replication: 3/3 concordant. Cross-tissue: 0/0 concordant.
FOXP2,1,survived,down,3,0,0,Same-tissue replication: 3/3 concordant. Cross-tissue: 0/0 concordant.
MAGI1,1,survived,down,3,0,0,Same-tissue replication: 3/3 concordant. Cross-tissue: 0/0 concordant.
NR5A2,1,survived,down,3,0,0,Same-tissue replication: 3/3 concordant. Cross-tissue: 0/0 concordant.
SEMA6D,1,survived,down,3,0,0,Same-tissue replication: 3/3 concordant. Cross-tissue: 0/0 concordant.
TMEM98,1,survived,down,3,0,0,Same-tissue replication: 3/3 concordant. Cross-tissue: 0/0 concordant.
TSHZ1,1,survived,down,3,0,0,Same-tissue replication: 3/3 concordant. Cross-tissue: 0/0 concordant.
XK,1,survived,down,3,0,0,Same-tissue replication: 3/3 concordant. Cross-tissue: 0/0 concordant.
CAT,3,survived,down,3,0,0,Same-tissue replication: 3/3 concordant. Cross-tissue: 0/0 concordant.
CLRN3,3,survived,down,3,0,0,Same-tissue replication: 3/3 concordant. Cross-tissue: 0/0 concordant.
MAST2,3,survived,down,3,0,0,Same-tissue replication: 3/3 concordant. Cross-tissue: 0/0 concordant.
PANK1,3,survived,down,3,0,0,Same-tissue replication: 3/3 concordant. Cross-tissue: 0/0 concordant.
SLC22A23,3,survived,down,3,0,0,Same-tissue replication: 3/3 concordant. Cross-tissue: 0/0 concordant.
ZNF704,3,survived,down,3,0,0,Same-tissue replication: 3/3 concordant. Cross-tissue: 0/0 concordant.
EAPP,4,survived,down,3,0,0,Same-tissue replication: 3/3 concordant. Cross-tissue: 0/0 concordant.
ERBB3,4,survived,down,3,0,0,Same-tissue replication: 3/3 concordant. Cross-tissue: 0/0 concordant.
FAHD1,4,survived,down,3,0,0,Same-tissue replication: 3/3 concordant. Cross-tissue: 0/0 concordant.
FZD5,4,survived,down,3,0,0,Same-tissue replication: 3/3 concordant. Cross-tissue: 0/0 concordant.
MYO1D,4,survived,down,3,0,0,Same-tissue replication: 3/3 concordant. Cross-tissue: 0/0 concordant.
NUDT7,4,survived,down,3,0,0,Same-tissue replication: 3/3 concordant. Cross-tissue: 0/0 concordant.
PEX26,4,survived,down,3,0,0,Same-tissue replication: 3/3 concordant. Cross-tissue: 0/0 concordant.
STAP2,4,survived,down,3,0,0,Same-tissue replication: 3/3 concordant. Cross-tissue: 0/0 concordant.
TESK2,4,survived,down,3,0,0,Same-tissue replication: 3/3 concordant. Cross-tissue: 0/0 concordant.
TMEM170A,4,survived,down,3,0,0,Same-tissue replication: 3/3 concordant. Cross-tissue: 0/0 concordant.
MNT,5,survived,up,3,0,0,Same-tissue replication: 3/3 concordant. Cross-tissue: 0/0 concordant.
NLRP7,5,survived,up,3,0,0,Same-tissue replication: 3/3 concordant. Cross-tissue: 0/0 concordant.
NOA1,5,survived,down,3,0,0,Same-tissue replication: 3/3 concordant. Cross-tissue: 0/0 concordant.
NOTCH4,5,survived,up,3,0,0,Same-tissue replication: 3/3 concordant. Cross-tissue: 0/0 concordant.
OGDHL,5,survived,down,3,0,0,Same-tissue replication: 3/3 concordant. Cross-tissue: 0/0 concordant.
PIK3C3,5,survived,down,3,0,0,Same-tissue replication: 3/3 concordant. Cross-tissue: 0/0 concordant.
PLA2G6,5,survived,down,3,0,0,Same-tissue replication: 3/3 concordant. Cross-tissue: 0/0 concordant.
PLSCR1,5,survived,up,3,0,0,Same-tissue replication: 3/3 concordant. Cross-tissue: 0/0 concordant.
R3HDM1,5,survived,up,3,0,0,Same-tissue replication: 3/3 concordant. Cross-tissue: 0/0 concordant.
RIPOR3,5,survived,up,3,0,0,Same-tissue replication: 3/3 concordant. Cross-tissue: 0/0 concordant.
SCAMP2,5,survived,down,3,0,0,Same-tissue replication: 3/3 concordant. Cross-tissue: 0/0 concordant.
SFMBT2,5,survived,up,3,0,0,Same-tissue replication: 3/3 concordant. Cross-tissue: 0/0 concordant.
TIMM17A,5,survived,up,3,0,0,Same-tissue replication: 3/3 concordant. Cross-tissue: 0/0 concordant.
TMBIM6,5,survived,down,2,0,0,Same-tissue replication: 2/3 concordant. Cross-tissue: 0/0 concordant.
TRIM21,5,survived,up,3,0,0,Same-tissue replication: 3/3 concordant. Cross-tissue: 0/0 concordant.
TYMP,5,survived,up,3,0,0,Same-tissue replication: 3/3 concordant. Cross-tissue: 0/0 concordant.
UBASH3B,5,survived,up,3,0,0,Same-tissue replication: 3/3 concordant. Cross-tissue: 0/0 concordant.
PTPN4,6,survived,down,0,0,0,Same-tissue replication: 0/3 concordant. Cross-tissue: 0/0 concordant.
SLC25A2,6,survived,down,3,0,0,Same-tissue replication: 3/3 concordant. Cross-tissue: 0/0 concordant.
TEDDM1,6,survived,down,2,0,0,Same-tissue replication: 2/3 concordant. Cross-tissue: 0/0 concordant.
TMEM18,6,survived,down,3,0,0,Same-tissue replication: 3/3 concordant. Cross-tissue: 0/0 concordant.
ASH1L,7,eliminated,up,0,2,0,"Significant opposite direction in same-tissue dataset(s): ['GSE38713', 'GSE36807']. Discovery direction: up."
CFAP65,7,survived,up,1,0,0,Same-tissue replication: 1/3 concordant. Cross-tissue: 0/0 concordant.
COA8,7,survived,down,2,0,0,Same-tissue replication: 2/3 concordant. Cross-tissue: 0/0 concordant.
MINDY1,7,survived,down,2,0,0,Same-tissue replication: 2/3 concordant. Cross-tissue: 0/0 concordant.
MAU2,8,survived,down,3,0,0,Same-tissue replication: 3/3 concordant. Cross-tissue: 0/0 concordant.
MYH8,8,survived,down,1,0,0,Same-tissue replication: 1/3 concordant. Cross-tissue: 0/0 concordant.
NAXD,8,survived,down,2,0,0,Same-tissue replication: 2/3 concordant. Cross-tissue: 0/0 concordant.
NRDE2,8,survived,down,2,0,0,Same-tissue replication: 2/3 concordant. Cross-tissue: 0/0 concordant.
PDS5A,8,survived,down,3,0,0,Same-tissue replication: 3/3 concordant. Cross-tissue: 0/0 concordant.
RAG1,8,survived,down,3,0,0,Same-tissue replication: 3/3 concordant. Cross-tissue: 0/0 concordant.
SOX13,8,eliminated,down,2,1,0,Significant opposite direction in same-tissue dataset(s): ['GSE36807']. Discovery direction: down.
CCSAP,9,survived,up,3,0,0,Same-tissue replication: 3/3 concordant. Cross-tissue: 0/0 concordant.
CETN2,9,survived,up,3,0,0,Same-tissue replication: 3/3 concordant. Cross-tissue: 0/0 concordant.
CHD3,9,survived,up,3,0,0,Same-tissue replication: 3/3 concordant. Cross-tissue: 0/0 concordant.
E2F7,9,survived,up,2,0,0,Same-tissue replication: 2/3 concordant. Cross-tissue: 0/0 concordant.
GAS7,9,survived,up,3,0,0,Same-tissue replication: 3/3 concordant. Cross-tissue: 0/0 concordant.
HYAL2,9,survived,up,3,0,0,Same-tissue replication: 3/3 concordant. Cross-tissue: 0/0 concordant.
MACF1,9,survived,up,2,0,0,Same-tissue replication: 2/3 concordant. Cross-tissue: 0/0 concordant.
PRRC2C,9,survived,up,3,0,0,Same-tissue replication: 3/3 concordant. Cross-tissue: 0/0 concordant.
RNF149,9,survived,up,3,0,0,Same-tissue replication: 3/3 concordant. Cross-tissue: 0/0 concordant.
TKT,9,survived,up,3,0,0,Same-tissue replication: 3/3 concordant. Cross-tissue: 0/0 concordant.
TUBB,9,survived,up,3,0,0,Same-tissue replication: 3/3 concordant. Cross-tissue: 0/0 concordant.
MTFR2,10,survived,up,3,0,0,Same-tissue replication: 3/3 concordant. Cross-tissue: 0/0 concordant.
NUDCD1,10,survived,up,3,0,0,Same-tissue replication: 3/3 concordant. Cross-tissue: 0/0 concordant.
RTL8C,10,survived,up,3,0,0,Same-tissue replication: 3/3 concordant. Cross-tissue: 0/0 concordant.
TMEM237,10,survived,up,3,0,0,Same-tissue replication: 3/3 concordant. Cross-tissue: 0/0 concordant.
UHRF1,10,survived,up,3,0,0,Same-tissue replication: 3/3 concordant. Cross-tissue: 0/0 concordant.
ABCA13,13,survived,up,1,0,0,Same-tissue replication: 1/3 concordant. Cross-tissue: 0/0 concordant.
ADAMTS12,13,survived,up,3,0,0,Same-tissue replication: 3/3 concordant. Cross-tissue: 0/0 concordant.
ADAMTS5,13,survived,up,3,0,0,Same-tissue replication: 3/3 concordant. Cross-tissue: 0/0 concordant.
AOX1,13,survived,up,3,0,0,Same-tissue replication: 3/3 concordant. Cross-tissue: 0/0 concordant.
ATP11A,13,survived,up,3,0,0,Same-tissue replication: 3/3 concordant. Cross-tissue: 0/0 concordant.
CLSTN3,13,survived,up,3,0,0,Same-tissue replication: 3/3 concordant. Cross-tissue: 0/0 concordant.
CPEB4,13,survived,up,3,0,0,Same-tissue replication: 3/3 concordant. Cross-tissue: 0/0 concordant.
DCC,13,eliminated,up,1,1,0,Significant opposite direction in same-tissue dataset(s): ['GSE87466']. Discovery direction: up.
DNAJB11,13,survived,up,3,0,0,Same-tissue replication: 3/3 concordant. Cross-tissue: 0/0 concordant.
FAIM2,13,survived,up,3,0,0,Same-tissue replication: 3/3 concordant. Cross-tissue: 0/0 concordant.
IL21R,13,survived,up,3,0,0,Same-tissue replication: 3/3 concordant. Cross-tissue: 0/0 concordant.
IQSEC1,13,survived,up,3,0,0,Same-tissue replication: 3/3 concordant. Cross-tissue: 0/0 concordant.
IRAK2,13,survived,up,3,0,0,Same-tissue replication: 3/3 concordant. Cross-tissue: 0/0 concordant.
LTBP2,13,survived,up,3,0,0,Same-tissue replication: 3/3 concordant. Cross-tissue: 0/0 concordant.
MEFV,13,survived,up,2,0,0,Same-tissue replication: 2/3 concordant. Cross-tissue: 0/0 concordant.
NOTCH3,13,survived,up,3,0,0,Same-tissue replication: 3/3 concordant. Cross-tissue: 0/0 concordant.
NRCAM,13,survived,up,3,0,0,Same-tissue replication: 3/3 concordant. Cross-tissue: 0/0 concordant.
RAMP2,13,survived,up,3,0,0,Same-tissue replication: 3/3 concordant. Cross-tissue: 0/0 concordant.
RUNX1,13,survived,up,1,0,0,Same-tissue replication: 1/1 concordant. Cross-tissue: 0/0 concordant.
S100A3,13,survived,up,3,0,0,Same-tissue replication: 3/3 concordant. Cross-tissue: 0/0 concordant.
S100B,13,survived,up,3,0,0,Same-tissue replication: 3/3 concordant. Cross-tissue: 0/0 concordant.
SPHK1,13,survived,up,3,0,0,Same-tissue replication: 3/3 concordant. Cross-tissue: 0/0 concordant.
TGFB3,13,survived,up,3,0,0,Same-tissue replication: 3/3 concordant. Cross-tissue: 0/0 concordant.
ATP2B4,14,survived,up,3,0,0,Same-tissue replication: 3/3 concordant. Cross-tissue: 0/0 concordant.
BEST1,14,survived,up,2,0,0,Same-tissue replication: 2/3 concordant. Cross-tissue: 0/0 concordant.
CCDC69,14,survived,up,3,0,0,Same-tissue replication: 3/3 concordant. Cross-tissue: 0/0 concordant.
EMILIN1,14,survived,up,3,0,0,Same-tissue replication: 3/3 concordant. Cross-tissue: 0/0 concordant.
FYN,14,survived,up,3,0,0,Same-tissue replication: 3/3 concordant. Cross-tissue: 0/0 concordant.
HASPIN,14,survived,up,2,0,0,Same-tissue replication: 2/3 concordant. Cross-tissue: 0/0 concordant.
P2RX7,14,survived,up,3,0,0,Same-tissue replication: 3/3 concordant. Cross-tissue: 0/0 concordant.
SRGAP2,14,survived,up,3,0,0,Same-tissue replication: 3/3 concordant. Cross-tissue: 0/0 concordant.
SYVN1,14,survived,up,1,0,0,Same-tissue replication: 1/1 concordant. Cross-tissue: 0/0 concordant.
TNS2,14,survived,up,2,0,0,Same-tissue replication: 2/3 concordant. Cross-tissue: 0/0 concordant.
ADAMTS9,15,survived,up,3,0,0,Same-tissue replication: 3/3 concordant. Cross-tissue: 0/0 concordant.
CXCL3,15,survived,up,3,0,0,Same-tissue replication: 3/3 concordant. Cross-tissue: 0/0 concordant.
IRAK3,15,survived,up,3,0,0,Same-tissue replication: 3/3 concordant. Cross-tissue: 0/0 concordant.
SLCO1B3,15,survived,up,3,0,0,Same-tissue replication: 3/3 concordant. Cross-tissue: 0/0 concordant.
UBD,15,survived,up,3,0,0,Same-tissue replication: 3/3 concordant. Cross-tissue: 0/0 concordant.
ANXA1,16,survived,up,3,0,0,Same-tissue replication: 3/3 concordant. Cross-tissue: 0/0 concordant.
IGFBP5,16,survived,up,3,0,0,Same-tissue replication: 3/3 concordant. Cross-tissue: 0/0 concordant.
PDZK1IP1,16,survived,up,3,0,0,Same-tissue replication: 3/3 concordant. Cross-tissue: 0/0 concordant.
REG4,16,survived,up,3,0,0,Same-tissue replication: 3/3 concordant. Cross-tissue: 0/0 concordant.
SERPINB3,16,survived,up,3,0,0,Same-tissue replication: 3/3 concordant. Cross-tissue: 0/0 concordant.
STEAP4,16,survived,up,3,0,0,Same-tissue replication: 3/3 concordant. Cross-tissue: 0/0 concordant.
VNN2,16,survived,up,3,0,0,Same-tissue replication: 3/3 concordant. Cross-tissue: 0/0 concordant.
C4BPB,17,survived,up,3,0,0,Same-tissue replication: 3/3 concordant. Cross-tissue: 0/0 concordant.
CD55,17,survived,up,3,0,0,Same-tissue replication: 3/3 concordant. Cross-tissue: 0/0 concordant.
DEFB4B,17,survived,up,2,0,0,Same-tissue replication: 2/2 concordant. Cross-tissue: 0/0 concordant.
PHLDA1,17,survived,up,3,0,0,Same-tissue replication: 3/3 concordant. Cross-tissue: 0/0 concordant.
PROK2,17,survived,up,3,0,0,Same-tissue replication: 3/3 concordant. Cross-tissue: 0/0 concordant.
SLC7A11,17,survived,up,3,0,0,Same-tissue replication: 3/3 concordant. Cross-tissue: 0/0 concordant.
KLK10,18,survived,up,3,0,0,Same-tissue replication: 3/3 concordant. Cross-tissue: 0/0 concordant.
OSMR,18,survived,up,3,0,0,Same-tissue replication: 3/3 concordant. Cross-tissue: 0/0 concordant.
PLAU,18,survived,up,3,0,0,Same-tissue replication: 3/3 concordant. Cross-tissue: 0/0 concordant.
S100A12,18,survived,up,3,0,0,Same-tissue replication: 3/3 concordant. Cross-tissue: 0/0 concordant.
SERPINE1,18,survived,up,3,0,0,Same-tissue replication: 3/3 concordant. Cross-tissue: 0/0 concordant.
SPP1,18,survived,up,3,0,0,Same-tissue replication: 3/3 concordant. Cross-tissue: 0/0 concordant.
TFPI2,18,survived,up,3,0,0,Same-tissue replication: 3/3 concordant. Cross-tissue: 0/0 concordant.
ASCC3,19,survived,up,3,0,0,Same-tissue replication: 3/3 concordant. Cross-tissue: 0/0 concordant.
CCDC134,19,survived,up,3,0,0,Same-tissue replication: 3/3 concordant. Cross-tissue: 0/0 concordant.
CFAP251,19,survived,up,3,0,0,Same-tissue replication: 3/3 concordant. Cross-tissue: 0/0 concordant.
COL18A1,19,survived,up,3,0,0,Same-tissue replication: 3/3 concordant. Cross-tissue: 0/0 concordant.
DOK5,19,survived,up,1,0,0,Same-tissue replication: 1/3 concordant. Cross-tissue: 0/0 concordant.
EIF3B,19,survived,up,3,0,0,Same-tissue replication: 3/3 concordant. Cross-tissue: 0/0 concordant.
ELMO2,19,survived,up,3,0,0,Same-tissue replication: 3/3 concordant. Cross-tissue: 0/0 concordant.
GTSE1,19,survived,up,3,0,0,Same-tissue replication: 3/3 concordant. Cross-tissue: 0/0 concordant.
HK3,19,survived,up,3,0,0,Same-tissue replication: 3/3 concordant. Cross-tissue: 0/0 concordant.
KDELR1,19,survived,up,3,0,0,Same-tissue replication: 3/3 concordant. Cross-tissue: 0/0 concordant.
MLLT11,19,survived,up,3,0,0,Same-tissue replication: 3/3 concordant. Cross-tissue: 0/0 concordant.
MRPL17,19,survived,up,3,0,0,Same-tissue replication: 3/3 concordant. Cross-tissue: 0/0 concordant.
MRPL33,19,survived,up,3,0,0,Same-tissue replication: 3/3 concordant. Cross-tissue: 0/0 concordant.
OLFML2A,19,survived,up,3,0,0,Same-tissue replication: 3/3 concordant. Cross-tissue: 0/0 concordant.
OSBPL10,19,survived,up,3,0,0,Same-tissue replication: 3/3 concordant. Cross-tissue: 0/0 concordant.
PGD,19,survived,up,3,0,0,Same-tissue replication: 3/3 concordant. Cross-tissue: 0/0 concordant.
POLR3H,19,survived,up,3,0,0,Same-tissue replication: 3/3 concordant. Cross-tissue: 0/0 concordant.
PRPF4,19,survived,up,3,0,0,Same-tissue replication: 3/3 concordant. Cross-tissue: 0/0 concordant.
PTK7,19,survived,up,3,0,0,Same-tissue replication: 3/3 concordant. Cross-tissue: 0/0 concordant.
REC8,19,survived,up,3,0,0,Same-tissue replication: 3/3 concordant. Cross-tissue: 0/0 concordant.
ROBO4,19,survived,up,3,0,0,Same-tissue replication: 3/3 concordant. Cross-tissue: 0/0 concordant.
SGSM3,19,survived,up,2,0,0,Same-tissue replication: 2/3 concordant. Cross-tissue: 0/0 concordant.
SLC75A1,19,survived,up,2,0,0,Same-tissue replication: 2/3 concordant. Cross-tissue: 0/0 concordant.
SPIRE1,19,survived,up,2,0,0,Same-tissue replication: 2/3 concordant. Cross-tissue: 0/0 concordant.
TRABD,19,survived,up,3,0,0,Same-tissue replication: 3/3 concordant. Cross-tissue: 0/0 concordant.
TRAM2,19,survived,up,3,0,0,Same-tissue replication: 3/3 concordant. Cross-tissue: 0/0 concordant.
UBFD1,19,survived,up,3,0,0,Same-tissue replication: 3/3 concordant. Cross-tissue: 0/0 concordant.
CBX4,20,survived,up,3,0,0,Same-tissue replication: 3/3 concordant. Cross-tissue: 0/0 concordant.
CCND1,20,survived,up,3,0,0,Same-tissue replication: 3/3 concordant. Cross-tissue: 0/0 concordant.
CFP,20,survived,up,3,0,0,Same-tissue replication: 3/3 concordant. Cross-tissue: 0/0 concordant.
LYST,20,survived,up,3,0,0,Same-tissue replication: 3/3 concordant. Cross-tissue: 0/0 concordant.
MSX2,20,survived,up,3,0,0,Same-tissue replication: 3/3 concordant. Cross-tissue: 0/0 concordant.
MYDGF,20,survived,up,3,0,0,Same-tissue replication: 3/3 concordant. Cross-tissue: 0/0 concordant.
PTPN12,20,survived,up,3,0,0,Same-tissue replication: 3/3 concordant. Cross-tissue: 0/0 concordant.
RARRES1,20,survived,up,3,0,0,Same-tissue replication: 3/3 concordant. Cross-tissue: 0/0 concordant.
SRPRB,20,survived,up,3,0,0,Same-tissue replication: 3/3 concordant. Cross-tissue: 0/0 concordant.
STAT4,20,survived,up,3,0,0,Same-tissue replication: 3/3 concordant. Cross-tissue: 0/0 concordant.
WDR19,20,survived,up,3,0,0,Same-tissue replication: 3/3 concordant. Cross-tissue: 0/0 concordant.
CCL2,21,survived,up,3,0,0,Same-tissue replication: 3/3 concordant. Cross-tissue: 0/0 concordant.
CEMIP,21,survived,up,3,0,0,Same-tissue replication: 3/3 concordant. Cross-tissue: 0/0 concordant.
CXCL2,21,survived,up,3,0,0,Same-tissue replication: 3/3 concordant. Cross-tissue: 0/0 concordant.
CXCL5,21,survived,up,3,0,0,Same-tissue replication: 3/3 concordant. Cross-tissue: 0/0 concordant.
FCGR3B,21,survived,up,3,0,0,Same-tissue replication: 3/3 concordant. Cross-tissue: 0/0 concordant.
IL1A,21,survived,up,3,0,0,Same-tissue replication: 3/3 concordant. Cross-tissue: 0/0 concordant.
INHBA,21,survived,up,3,0,0,Same-tissue replication: 3/3 concordant. Cross-tissue: 0/0 concordant.
MXRA5,21,survived,up,3,0,0,Same-tissue replication: 3/3 concordant. Cross-tissue: 0/0 concordant.
TNC,21,survived,up,3,0,0,Same-tissue replication: 3/3 concordant. Cross-tissue: 0/0 concordant.
TNFAIP6,21,survived,up,3,0,0,Same-tissue replication: 3/3 concordant. Cross-tissue: 0/0 concordant.
CCM2L,22,survived,up,3,0,0,Same-tissue replication: 3/3 concordant. Cross-tissue: 0/0 concordant.
CHST10,22,survived,up,3,0,0,Same-tissue replication: 3/3 concordant. Cross-tissue: 0/0 concordant.
COPG1,22,survived,up,3,0,0,Same-tissue replication: 3/3 concordant. Cross-tissue: 0/0 concordant.
EID1,22,survived,up,2,0,0,Same-tissue replication: 2/3 concordant. Cross-tissue: 0/0 concordant.
EPRS1,22,eliminated,up,2,1,0,Significant opposite direction in same-tissue dataset(s): ['GSE87466']. Discovery direction: up.
FBXW10B,22,survived,up,2,0,0,Same-tissue replication: 2/3 concordant. Cross-tissue: 0/0 concordant.
GUCY1A2,22,survived,up,2,0,0,Same-tissue replication: 2/3 concordant. Cross-tissue: 0/0 concordant.
H2AC16,22,survived,up,0,0,0,Same-tissue replication: 0/3 concordant. Cross-tissue: 0/0 concordant.
HID1,22,survived,up,3,0,0,Same-tissue replication: 3/3 concordant. Cross-tissue: 0/0 concordant.
IPO4,22,survived,up,3,0,0,Same-tissue replication: 3/3 concordant. Cross-tissue: 0/0 concordant.
KANSL1L,22,eliminated,up,2,1,0,Significant opposite direction in same-tissue dataset(s): ['GSE36807']. Discovery direction: up.
KCND1,22,survived,up,3,0,0,Same-tissue replication: 3/3 concordant. Cross-tissue: 0/0 concordant.
NLRP14,22,eliminated,up,0,1,0,Significant opposite direction in same-tissue dataset(s): ['GSE87466']. Discovery direction: up.
NOP10,22,survived,up,3,0,0,Same-tissue replication: 3/3 concordant. Cross-tissue: 0/0 concordant.
OLFM2,22,survived,up,2,0,0,Same-tissue replication: 2/3 concordant. Cross-tissue: 0/0 concordant.
PLXNA1,22,survived,up,3,0,0,Same-tissue replication: 3/3 concordant. Cross-tissue: 0/0 concordant.
PPBP,22,survived,up,3,0,0,Same-tissue replication: 3/3 concordant. Cross-tissue: 0/0 concordant.
PPP1R15B,22,eliminated,up,1,1,0,Significant opposite direction in same-tissue dataset(s): ['GSE38713']. Discovery direction: up.
PSMB7,22,survived,up,3,0,0,Same-tissue replication: 3/3 concordant. Cross-tissue: 0/0 concordant.
PTPRG,22,survived,up,3,0,0,Same-tissue replication: 3/3 concordant. Cross-tissue: 0/0 concordant.
RBP5,22,survived,up,3,0,0,Same-tissue replication: 3/3 concordant. Cross-tissue: 0/0 concordant.
RHBDD1,22,survived,up,3,0,0,Same-tissue replication: 3/3 concordant. Cross-tissue: 0/0 concordant.
TMEM255B,22,survived,up,3,0,0,Same-tissue replication: 3/3 concordant. Cross-tissue: 0/0 concordant.
TRPV4,22,eliminated,up,2,1,0,Significant opposite direction in same-tissue dataset(s): ['GSE87466']. Discovery direction: up.
ZNF200,22,survived,up,3,0,0,Same-tissue replication: 3/3 concordant. Cross-tissue: 0/0 concordant.
CHN2,23,survived,down,3,0,0,Same-tissue replication: 3/3 concordant. Cross-tissue: 0/0 concordant.
ETFDH,23,survived,down,3,0,0,Same-tissue replication: 3/3 concordant. Cross-tissue: 0/0 concordant.
RHOU,23,survived,down,3,0,0,Same-tissue replication: 3/3 concordant. Cross-tissue: 0/0 concordant.
TINAG,23,survived,down,3,0,0,Same-tissue replication: 3/3 concordant. Cross-tissue: 0/0 concordant.
ZG16,23,survived,down,3,0,0,Same-tissue replication: 3/3 concordant. Cross-tissue: 0/0 concordant.
CST5,25,survived,down,3,0,0,Same-tissue replication: 3/3 concordant. Cross-tissue: 0/0 concordant.
SALL3,25,survived,down,2,0,0,Same-tissue replication: 2/3 concordant. Cross-tissue: 0/0 concordant.
TMEM179B,25,survived,down,0,0,0,Same-tissue replication: 0/1 concordant. Cross-tissue: 0/0 concordant.
UBE2D3,25,eliminated,down,0,1,0,Significant opposite direction in same-tissue dataset(s): ['GSE36807']. Discovery direction: down.
VHL,25,survived,down,3,0,0,Same-tissue replication: 3/3 concordant. Cross-tissue: 0/0 concordant.
ZNF99,25,survived,down,2,0,0,Same-tissue replication: 2/3 concordant. Cross-tissue: 0/0 concordant.
CHRNA1,26,survived,down,3,0,0,Same-tissue replication: 3/3 concordant. Cross-tissue: 0/0 concordant.
GLB1L2,26,survived,down,2,0,0,Same-tissue replication: 2/3 concordant. Cross-tissue: 0/0 concordant.
MB,26,survived,down,3,0,0,Same-tissue replication: 3/3 concordant. Cross-tissue: 0/0 concordant.
SCGN,26,survived,down,3,0,0,Same-tissue replication: 3/3 concordant. Cross-tissue: 0/0 concordant.
TRAF3IP2,26,survived,down,3,0,0,Same-tissue replication: 3/3 concordant. Cross-tissue: 0/0 concordant.
UGT2B10,26,insufficient_data,down,0,0,0,No replication data available for this gene.
ABCA12,27,survived,up,3,0,0,Same-tissue replication: 3/3 concordant. Cross-tissue: 0/0 concordant.
CXCL11,27,survived,up,3,0,0,Same-tissue replication: 3/3 concordant. Cross-tissue: 0/0 concordant.
HCAR3,27,survived,up,3,0,0,Same-tissue replication: 3/3 concordant. Cross-tissue: 0/0 concordant.
IL1RN,27,survived,up,3,0,0,Same-tissue replication: 3/3 concordant. Cross-tissue: 0/0 concordant.
MMP10,27,survived,up,3,0,0,Same-tissue replication: 3/3 concordant. Cross-tissue: 0/0 concordant.
S100A9,27,survived,up,3,0,0,Same-tissue replication: 3/3 concordant. Cross-tissue: 0/0 concordant.
SELE,27,survived,up,3,0,0,Same-tissue replication: 3/3 concordant. Cross-tissue: 0/0 concordant.
SERPINA3,27,survived,up,3,0,0,Same-tissue replication: 3/3 concordant. Cross-tissue: 0/0 concordant.
SERPINB7,27,survived,up,3,0,0,Same-tissue replication: 3/3 concordant. Cross-tissue: 0/0 concordant.
SOCS3,27,survived,up,3,0,0,Same-tissue replication: 3/3 concordant. Cross-tissue: 0/0 concordant.
ANKS4B,28,survived,down,3,0,0,Same-tissue replication: 3/3 concordant. Cross-tissue: 0/0 concordant.
ATP5F1C,28,survived,down,3,0,0,Same-tissue replication: 3/3 concordant. Cross-tissue: 0/0 concordant.
COBL,28,survived,down,3,0,0,Same-tissue replication: 3/3 concordant. Cross-tissue: 0/0 concordant.
CPT1A,28,survived,down,3,0,0,Same-tissue replication: 3/3 concordant. Cross-tissue: 0/0 concordant.
IQGAP2,28,survived,down,3,0,0,Same-tissue replication: 3/3 concordant. Cross-tissue: 0/0 concordant.
ITPKA,28,survived,down,3,0,0,Same-tissue replication: 3/3 concordant. Cross-tissue: 0/0 concordant.
RNPC3,28,survived,down,3,0,0,Same-tissue replication: 3/3 concordant. Cross-tissue: 0/0 concordant.
SLC35F2,28,survived,down,3,0,0,Same-tissue replication: 3/3 concordant. Cross-tissue: 0/0 concordant.
ELL3,29,survived,down,2,0,0,Same-tissue replication: 2/2 concordant. Cross-tissue: 0/0 concordant.
FAM117B,29,survived,down,3,0,0,Same-tissue replication: 3/3 concordant. Cross-tissue: 0/0 concordant.
GAREM1,29,survived,down,2,0,0,Same-tissue replication: 2/3 concordant. Cross-tissue: 0/0 concordant.
HSD17B8,29,survived,down,3,0,0,Same-tissue replication: 3/3 concordant. Cross-tissue: 0/0 concordant.
IDH3A,29,survived,down,3,0,0,Same-tissue replication: 3/3 concordant. Cross-tissue: 0/0 concordant.
MED14,29,survived,down,3,0,0,Same-tissue replication: 3/3 concordant. Cross-tissue: 0/0 concordant.
NFS1,29,survived,down,3,0,0,Same-tissue replication: 3/3 concordant. Cross-tissue: 0/0 concordant.
OAF,29,survived,down,3,0,0,Same-tissue replication: 3/3 concordant. Cross-tissue: 0/0 concordant.
PATJ,29,survived,down,3,0,0,Same-tissue replication: 3/3 concordant. Cross-tissue: 0/0 concordant.
RNF103,29,survived,down,3,0,0,Same-tissue replication: 3/3 concordant. Cross-tissue: 0/0 concordant.
SDHD,29,survived,down,3,0,0,Same-tissue replication: 3/3 concordant. Cross-tissue: 0/0 concordant.
SDR42E1,29,survived,down,2,0,0,Same-tissue replication: 2/3 concordant. Cross-tissue: 0/0 concordant.
SPR,29,survived,down,3,0,0,Same-tissue replication: 3/3 concordant. Cross-tissue: 0/0 concordant.
VPS26C,29,survived,down,3,0,0,Same-tissue replication: 3/3 concordant. Cross-tissue: 0/0 concordant.
GINS1,30,survived,up,2,0,0,Same-tissue replication: 2/3 concordant. Cross-tissue: 0/0 concordant.
GPR171,30,survived,up,3,0,0,Same-tissue replication: 3/3 concordant. Cross-tissue: 0/0 concordant.
LMLN,30,survived,up,3,0,0,Same-tissue replication: 3/3 concordant. Cross-tissue: 0/0 concordant.
PHF21A,30,survived,up,3,0,0,Same-tissue replication: 3/3 concordant. Cross-tissue: 0/0 concordant.
PPP1R13L,30,survived,up,3,0,0,Same-tissue replication: 3/3 concordant. Cross-tissue: 0/0 concordant.
RAD51AP1,30,survived,up,2,0,0,Same-tissue replication: 2/3 concordant. Cross-tissue: 0/0 concordant.
RPGRIP1L,30,survived,up,3,0,0,Same-tissue replication: 3/3 concordant. Cross-tissue: 0/0 concordant.
TRNP1,30,survived,up,3,0,0,Same-tissue replication: 3/3 concordant. Cross-tissue: 0/0 concordant.
AJAP1,31,survived,up,1,0,0,Same-tissue replication: 1/3 concordant. Cross-tissue: 0/0 concordant.
ERVMER34-1,31,survived,up,3,0,0,Same-tissue replication: 3/3 concordant. Cross-tissue: 0/0 concordant.
PABPC4,31,survived,up,1,0,0,Same-tissue replication: 1/1 concordant. Cross-tissue: 0/0 concordant.
RNGTT,31,survived,up,3,0,0,Same-tissue replication: 3/3 concordant. Cross-tissue: 0/0 concordant.
ACADM,32,survived,down,3,0,0,Same-tissue replication: 3/3 concordant. Cross-tissue: 0/0 concordant.
ANKRD40CL,32,survived,down,3,0,0,Same-tissue replication: 3/3 concordant. Cross-tissue: 0/0 concordant.
HHLA2,32,survived,down,3,0,0,Same-tissue replication: 3/3 concordant. Cross-tissue: 0/0 concordant.
HOXA6,32,survived,down,3,0,0,Same-tissue replication: 3/3 concordant. Cross-tissue: 0/0 concordant.
MYO1A,32,survived,down,3,0,0,Same-tissue replication: 3/3 concordant. Cross-tissue: 0/0 concordant.
PFN2,32,survived,down,3,0,0,Same-tissue replication: 3/3 concordant. Cross-tissue: 0/0 concordant.
PHYH,32,survived,down,3,0,0,Same-tissue replication: 3/3 concordant. Cross-tissue: 0/0 concordant.
PPP2R3A,32,survived,down,3,0,0,Same-tissue replication: 3/3 concordant. Cross-tissue: 0/0 concordant.
RMND5A,32,survived,down,3,0,0,Same-tissue replication: 3/3 concordant. Cross-tissue: 0/0 concordant.
SEMA5A,32,survived,down,3,0,0,Same-tissue replication: 3/3 concordant. Cross-tissue: 0/0 concordant.
SGK2,32,survived,down,3,0,0,Same-tissue replication: 3/3 concordant. Cross-tissue: 0/0 concordant.
SLC26A3,32,survived,down,3,0,0,Same-tissue replication: 3/3 concordant. Cross-tissue: 0/0 concordant.
TDP2,32,survived,down,3,0,0,Same-tissue replication: 3/3 concordant. Cross-tissue: 0/0 concordant.
ACAT1,33,survived,down,3,0,0,Same-tissue replication: 3/3 concordant. Cross-tissue: 0/0 concordant.
ANK3,33,survived,down,3,0,0,Same-tissue replication: 3/3 concordant. Cross-tissue: 0/0 concordant.
CES2,33,survived,down,3,0,0,Same-tissue replication: 3/3 concordant. Cross-tissue: 0/0 concordant.
CMBL,33,survived,down,3,0,0,Same-tissue replication: 3/3 concordant. Cross-tissue: 0/0 concordant.
IGSF9,33,survived,down,3,0,0,Same-tissue replication: 3/3 concordant. Cross-tissue: 0/0 concordant.
MT1E,33,survived,down,3,0,0,Same-tissue replication: 3/3 concordant. Cross-tissue: 0/0 concordant.
PRR15,33,survived,down,3,0,0,Same-tissue replication: 3/3 concordant. Cross-tissue: 0/0 concordant.
RAVER2,33,survived,down,3,0,0,Same-tissue replication: 3/3 concordant. Cross-tissue: 0/0 concordant.
SMPDL3A,33,survived,down,3,0,0,Same-tissue replication: 3/3 concordant. Cross-tissue: 0/0 concordant.
STRADB,33,survived,down,3,0,0,Same-tissue replication: 3/3 concordant. Cross-tissue: 0/0 concordant.
ADAMTS2,34,survived,up,3,0,0,Same-tissue replication: 3/3 concordant. Cross-tissue: 0/0 concordant.
BST2,34,survived,up,3,0,0,Same-tissue replication: 3/3 concordant. Cross-tissue: 0/0 concordant.
CYP4X1,34,survived,up,3,0,0,Same-tissue replication: 3/3 concordant. Cross-tissue: 0/0 concordant.
IL11,34,survived,up,2,0,0,Same-tissue replication: 2/3 concordant. Cross-tissue: 0/0 concordant.
IL1R1,34,survived,up,3,0,0,Same-tissue replication: 3/3 concordant. Cross-tissue: 0/0 concordant.
KCNE3,34,survived,up,3,0,0,Same-tissue replication: 3/3 concordant. Cross-tissue: 0/0 concordant.
KDR,34,survived,up,3,0,0,Same-tissue replication: 3/3 concordant. Cross-tissue: 0/0 concordant.
LAX1,34,survived,up,3,0,0,Same-tissue replication: 3/3 concordant. Cross-tissue: 0/0 concordant.
LIPG,34,survived,up,3,0,0,Same-tissue replication: 3/3 concordant. Cross-tissue: 0/0 concordant.
LRP8,34,survived,up,3,0,0,Same-tissue replication: 3/3 concordant. Cross-tissue: 0/0 concordant.
NID1,34,survived,up,3,0,0,Same-tissue replication: 3/3 concordant. Cross-tissue: 0/0 concordant.
PCDH17,34,survived,up,3,0,0,Same-tissue replication: 3/3 concordant. Cross-tissue: 0/0 concordant.
PLA1A,34,survived,up,3,0,0,Same-tissue replication: 3/3 concordant. Cross-tissue: 0/0 concordant.
SLC7A5,34,survived,up,3,0,0,Same-tissue replication: 3/3 concordant. Cross-tissue: 0/0 concordant.
SLCO4A1,34,survived,up,3,0,0,Same-tissue replication: 3/3 concordant. Cross-tissue: 0/0 concordant.
STXBP1,34,survived,up,3,0,0,Same-tissue replication: 3/3 concordant. Cross-tissue: 0/0 concordant.
TMTC1,34,survived,up,3,0,0,Same-tissue replication: 3/3 concordant. Cross-tissue: 0/0 concordant.
CALR,35,survived,up,3,0,0,Same-tissue replication: 3/3 concordant. Cross-tissue: 0/0 concordant.
CCNF,35,survived,up,3,0,0,Same-tissue replication: 3/3 concordant. Cross-tissue: 0/0 concordant.
DCHS1,35,survived,up,3,0,0,Same-tissue replication: 3/3 concordant. Cross-tissue: 0/0 concordant.
ECM1,35,survived,up,3,0,0,Same-tissue replication: 3/3 concordant. Cross-tissue: 0/0 concordant.
ENO1,35,survived,up,3,0,0,Same-tissue replication: 3/3 concordant. Cross-tissue: 0/0 concordant.
FBXW7,35,survived,up,3,0,0,Same-tissue replication: 3/3 concordant. Cross-tissue: 0/0 concordant.
GSTP1,35,survived,up,3,0,0,Same-tissue replication: 3/3 concordant. Cross-tissue: 0/0 concordant.
IFI35,35,survived,up,3,0,0,Same-tissue replication: 3/3 concordant. Cross-tissue: 0/0 concordant.
KIAA0040,35,survived,up,3,0,0,Same-tissue replication: 3/3 concordant. Cross-tissue: 0/0 concordant.
LAP3,35,survived,up,3,0,0,Same-tissue replication: 3/3 concordant. Cross-tissue: 0/0 concordant.
MAPKAPK2,35,survived,up,3,0,0,Same-tissue replication: 3/3 concordant. Cross-tissue: 0/0 concordant.
MIF,35,survived,up,3,0,0,Same-tissue replication: 3/3 concordant. Cross-tissue: 0/0 concordant.
NUP188,35,survived,up,3,0,0,Same-tissue replication: 3/3 concordant. Cross-tissue: 0/0 concordant.
PTPN1,35,survived,up,3,0,0,Same-tissue replication: 3/3 concordant. Cross-tissue: 0/0 concordant.
SHISA5,35,survived,up,3,0,0,Same-tissue replication: 3/3 concordant. Cross-tissue: 0/0 concordant.
SND1,35,survived,up,3,0,0,Same-tissue replication: 3/3 concordant. Cross-tissue: 0/0 concordant.
TAPBP,35,survived,up,3,0,0,Same-tissue replication: 3/3 concordant. Cross-tissue: 0/0 concordant.
TIPARP,35,survived,up,2,0,0,Same-tissue replication: 2/3 concordant. Cross-tissue: 0/0 concordant.
TMEM258,35,survived,up,3,0,0,Same-tissue replication: 3/3 concordant. Cross-tissue: 0/0 concordant.
ZNF593,35,survived,up,3,0,0,Same-tissue replication: 3/3 concordant. Cross-tissue: 0/0 concordant.
A1CF,36,survived,down,3,0,0,Same-tissue replication: 3/3 concordant. Cross-tissue: 0/0 concordant.
FMO4,36,survived,down,3,0,0,Same-tissue replication: 3/3 concordant. Cross-tissue: 0/0 concordant.
RNF152,36,survived,down,3,0,0,Same-tissue replication: 3/3 concordant. Cross-tissue: 0/0 concordant.
SLC25A34,36,survived,down,3,0,0,Same-tissue replication: 3/3 concordant. Cross-tissue: 0/0 concordant.
VIPR1,36,survived,down,3,0,0,Same-tissue replication: 3/3 concordant. Cross-tissue: 0/0 concordant.
ACOX1,37,survived,down,3,0,0,Same-tissue replication: 3/3 concordant. Cross-tissue: 0/0 concordant.
ADH6,37,survived,down,3,0,0,Same-tissue replication: 3/3 concordant. Cross-tissue: 0/0 concordant.
AKAP19,37,survived,down,3,0,0,Same-tissue replication: 3/3 concordant. Cross-tissue: 0/0 concordant.
CDHR5,37,survived,down,3,0,0,Same-tissue replication: 3/3 concordant. Cross-tissue: 0/0 concordant.
EPHX2,37,survived,down,3,0,0,Same-tissue replication: 3/3 concordant. Cross-tissue: 0/0 concordant.
MAOA,37,survived,down,3,0,0,Same-tissue replication: 3/3 concordant. Cross-tissue: 0/0 concordant.
CHAD,38,survived,down,3,0,0,Same-tissue replication: 3/3 concordant. Cross-tissue: 0/0 concordant.
CNKSR3,38,survived,down,3,0,0,Same-tissue replication: 3/3 concordant. Cross-tissue: 0/0 concordant.
NHERF4,38,survived,down,3,0,0,Same-tissue replication: 3/3 concordant. Cross-tissue: 0/0 concordant.
PDK2,38,survived,down,3,0,0,Same-tissue replication: 3/3 concordant. Cross-tissue: 0/0 concordant.
PPARGC1A,38,survived,down,3,0,0,Same-tissue replication: 3/3 concordant. Cross-tissue: 0/0 concordant.
PTPRR,38,survived,down,3,0,0,Same-tissue replication: 3/3 concordant. Cross-tissue: 0/0 concordant.
RMDN2,38,survived,down,3,0,0,Same-tissue replication: 3/3 concordant. Cross-tissue: 0/0 concordant.
SLC36A1,38,survived,down,3,0,0,Same-tissue replication: 3/3 concordant. Cross-tissue: 0/0 concordant.
SLC39A5,38,survived,down,3,0,0,Same-tissue replication: 3/3 concordant. Cross-tissue: 0/0 concordant.
SULT1A2,38,survived,down,3,0,0,Same-tissue replication: 3/3 concordant. Cross-tissue: 0/0 concordant.
BMP3,39,survived,down,3,0,0,Same-tissue replication: 3/3 concordant. Cross-tissue: 0/0 concordant.
BRINP3,39,survived,down,3,0,0,Same-tissue replication: 3/3 concordant. Cross-tissue: 0/0 concordant.
CDHR1,39,survived,down,3,0,0,Same-tissue replication: 3/3 concordant. Cross-tissue: 0/0 concordant.
CHP2,39,survived,down,3,0,0,Same-tissue replication: 3/3 concordant. Cross-tissue: 0/0 concordant.
PADI2,39,survived,down,3,0,0,Same-tissue replication: 3/3 concordant. Cross-tissue: 0/0 concordant.
PAQR5,39,survived,down,3,0,0,Same-tissue replication: 3/3 concordant. Cross-tissue: 0/0 concordant.
PHLPP2,39,survived,down,3,0,0,Same-tissue replication: 3/3 concordant. Cross-tissue: 0/0 concordant.
SLC17A4,39,survived,down,3,0,0,Same-tissue replication: 3/3 concordant. Cross-tissue: 0/0 concordant.
SLC30A10,39,survived,down,3,0,0,Same-tissue replication: 3/3 concordant. Cross-tissue: 0/0 concordant.
SLC51B,39,survived,down,3,0,0,Same-tissue replication: 3/3 concordant. Cross-tissue: 0/0 concordant.
TRPM6,39,survived,down,3,0,0,Same-tissue replication: 3/3 concordant. Cross-tissue: 0/0 concordant.
ABCB1,40,survived,down,3,0,0,Same-tissue replication: 3/3 concordant. Cross-tissue: 0/0 concordant.
ABCG2,40,survived,down,3,0,0,Same-tissue replication: 3/3 concordant. Cross-tissue: 0/0 concordant.
CYP2B6,40,survived,down,2,0,0,Same-tissue replication: 2/3 concordant. Cross-tissue: 0/0 concordant.
GUCA2A,40,survived,down,3,0,0,Same-tissue replication: 3/3 concordant. Cross-tissue: 0/0 concordant.
GUCA2B,40,survived,down,3,0,0,Same-tissue replication: 3/3 concordant. Cross-tissue: 0/0 concordant.
HMGCS2,40,survived,down,3,0,0,Same-tissue replication: 3/3 concordant. Cross-tissue: 0/0 concordant.
PCK1,40,survived,down,3,0,0,Same-tissue replication: 3/3 concordant. Cross-tissue: 0/0 concordant.
SLC26A2,40,survived,down,3,0,0,Same-tissue replication: 3/3 concordant. Cross-tissue: 0/0 concordant.
UGT2A3,40,survived,down,3,0,0,Same-tissue replication: 3/3 concordant. Cross-tissue: 0/0 concordant.
AOPEP,41,survived,up,3,0,0,Same-tissue replication: 3/3 concordant. Cross-tissue: 0/0 concordant.
ARFGAP1,41,survived,up,3,0,0,Same-tissue replication: 3/3 concordant. Cross-tissue: 0/0 concordant.
ARMCX6,41,survived,up,1,0,0,Same-tissue replication: 1/2 concordant. Cross-tissue: 0/0 concordant.
ATP6V1G1,41,survived,up,2,0,0,Same-tissue replication: 2/3 concordant. Cross-tissue: 0/0 concordant.
DEF8,41,survived,up,3,0,0,Same-tissue replication: 3/3 concordant. Cross-tissue: 0/0 concordant.
MAP4,41,survived,up,2,0,0,Same-tissue replication: 2/3 concordant. Cross-tissue: 0/0 concordant.
MYBBP1A,41,survived,up,3,0,0,Same-tissue replication: 3/3 concordant. Cross-tissue: 0/0 concordant.
NOP2,41,survived,up,3,0,0,Same-tissue replication: 3/3 concordant. Cross-tissue: 0/0 concordant.
PARK7,41,survived,up,3,0,0,Same-tissue replication: 3/3 concordant. Cross-tissue: 0/0 concordant.
PKP4,41,survived,up,3,0,0,Same-tissue replication: 3/3 concordant. Cross-tissue: 0/0 concordant.
SPRY1,41,eliminated,up,1,1,0,Significant opposite direction in same-tissue dataset(s): ['GSE36807']. Discovery direction: up.
TMEM147,41,survived,up,3,0,0,Same-tissue replication: 3/3 concordant. Cross-tissue: 0/0 concordant.
ZNF35,41,survived,up,3,0,0,Same-tissue replication: 3/3 concordant. Cross-tissue: 0/0 concordant.
C3orf22,42,survived,down,2,0,0,Same-tissue replication: 2/3 concordant. Cross-tissue: 0/0 concordant.
NGB,42,survived,down,2,0,0,Same-tissue replication: 2/3 concordant. Cross-tissue: 0/0 concordant.
ZNF549,42,survived,down,2,0,0,Same-tissue replication: 2/3 concordant. Cross-tissue: 0/0 concordant.
OR5AU1,43,insufficient_data,down,0,0,0,No replication data available for this gene.
PCGF5,43,survived,down,1,0,0,Same-tissue replication: 1/3 concordant. Cross-tissue: 0/0 concordant.
SLC25A41,43,survived,down,2,0,0,Same-tissue replication: 2/3 concordant. Cross-tissue: 0/0 concordant.
SOS1,43,survived,down,2,0,0,Same-tissue replication: 2/3 concordant. Cross-tissue: 0/0 concordant.
ADIPOR2,44,survived,down,3,0,0,Same-tissue replication: 3/3 concordant. Cross-tissue: 0/0 concordant.
ATE1,44,survived,down,3,0,0,Same-tissue replication: 3/3 concordant. Cross-tissue: 0/0 concordant.
BMP2K,44,survived,down,3,0,0,Same-tissue replication: 3/3 concordant. Cross-tissue: 0/0 concordant.
C11orf71,44,survived,down,3,0,0,Same-tissue replication: 3/3 concordant. Cross-tissue: 0/0 concordant.
CBR4,44,survived,down,2,0,0,Same-tissue replication: 2/3 concordant. Cross-tissue: 0/0 concordant.
DECR2,44,survived,down,3,0,0,Same-tissue replication: 3/3 concordant. Cross-tissue: 0/0 concordant.
GPR35,44,survived,down,3,0,0,Same-tissue replication: 3/3 concordant. Cross-tissue: 0/0 concordant.
NSMF,44,survived,down,1,0,0,Same-tissue replication: 1/3 concordant. Cross-tissue: 0/0 concordant.
RPP14,44,survived,down,3,0,0,Same-tissue replication: 3/3 concordant. Cross-tissue: 0/0 concordant.
PPP1R37,45,survived,down,2,0,0,Same-tissue replication: 2/3 concordant. Cross-tissue: 0/0 concordant.
REX1BD,45,eliminated,down,0,1,0,Significant opposite direction in same-tissue dataset(s): ['GSE38713']. Discovery direction: down.
TRPC7,45,survived,down,2,0,0,Same-tissue replication: 2/3 concordant. Cross-tissue: 0/0 concordant.
ZNF148,45,survived,down,1,0,0,Same-tissue replication: 1/3 concordant. Cross-tissue: 0/0 concordant.
CFAP100,46,survived,down,2,0,0,Same-tissue replication: 2/3 concordant. Cross-tissue: 0/0 concordant.
CHCHD7,46,eliminated,down,0,1,0,Significant opposite direction in same-tissue dataset(s): ['GSE36807']. Discovery direction: down.
EIF4ENIF1,46,survived,down,2,0,0,Same-tissue replication: 2/3 concordant. Cross-tissue: 0/0 concordant.
PHKG2,46,eliminated,down,1,1,0,Significant opposite direction in same-tissue dataset(s): ['GSE38713']. Discovery direction: down.
SCAF4,46,survived,down,2,0,0,Same-tissue replication: 2/3 concordant. Cross-tissue: 0/0 concordant.
ST18,46,survived,down,3,0,0,Same-tissue replication: 3/3 concordant. Cross-tissue: 0/0 concordant.
ABO,47,survived,down,3,0,0,Same-tissue replication: 3/3 concordant. Cross-tissue: 0/0 concordant.
ADCY5,47,survived,down,3,0,0,Same-tissue replication: 3/3 concordant. Cross-tissue: 0/0 concordant.
BNIP5,47,insufficient_data,down,0,0,0,No replication data available for this gene.
CLIP2,47,survived,down,2,0,0,Same-tissue replication: 2/3 concordant. Cross-tissue: 0/0 concordant.
HRCT1,47,survived,down,3,0,0,Same-tissue replication: 3/3 concordant. Cross-tissue: 0/0 concordant.
HUS1,47,eliminated,down,2,1,0,Significant opposite direction in same-tissue dataset(s): ['GSE36807']. Discovery direction: down.
KCNH6,47,survived,down,3,0,0,Same-tissue replication: 3/3 concordant. Cross-tissue: 0/0 concordant.
KLK1,47,survived,down,3,0,0,Same-tissue replication: 3/3 concordant. Cross-tissue: 0/0 concordant.
KLRC3,47,survived,down,3,0,0,Same-tissue replication: 3/3 concordant. Cross-tissue: 0/0 concordant.
LANCL3,47,survived,down,3,0,0,Same-tissue replication: 3/3 concordant. Cross-tissue: 0/0 concordant.
QPRT,47,survived,down,3,0,0,Same-tissue replication: 3/3 concordant. Cross-tissue: 0/0 concordant.
SCO1,47,survived,down,2,0,0,Same-tissue replication: 2/3 concordant. Cross-tissue: 0/0 concordant.
SPIB,47,survived,down,3,0,0,Same-tissue replication: 3/3 concordant. Cross-tissue: 0/0 concordant.
THNSL2,47,survived,down,2,0,0,Same-tissue replication: 2/3 concordant. Cross-tissue: 0/0 concordant.
TMEM82,47,insufficient_data,down,0,0,0,No replication data available for this gene.
UBE2A,47,eliminated,down,2,1,0,Significant opposite direction in same-tissue dataset(s): ['GSE36807']. Discovery direction: down.
ZNF607,47,survived,down,2,0,0,Same-tissue replication: 2/3 concordant. Cross-tissue: 0/0 concordant.
CLCA1,48,survived,down,3,0,0,Same-tissue replication: 3/3 concordant. Cross-tissue: 0/0 concordant.
FZD7,48,survived,down,3,0,0,Same-tissue replication: 3/3 concordant. Cross-tissue: 0/0 concordant.
HTR4,48,survived,down,2,0,0,Same-tissue replication: 2/3 concordant. Cross-tissue: 0/0 concordant.
NAT8,48,survived,down,1,0,0,Same-tissue replication: 1/1 concordant. Cross-tissue: 0/0 concordant.
PYY,48,survived,down,3,0,0,Same-tissue replication: 3/3 concordant. Cross-tissue: 0/0 concordant.
CDH3,49,survived,up,3,0,0,Same-tissue replication: 3/3 concordant. Cross-tissue: 0/0 concordant.
KYNU,49,survived,up,3,0,0,Same-tissue replication: 3/3 concordant. Cross-tissue: 0/0 concordant.
MMP7,49,survived,up,3,0,0,Same-tissue replication: 3/3 concordant. Cross-tissue: 0/0 concordant.
NOS2,49,survived,up,3,0,0,Same-tissue replication: 3/3 concordant. Cross-tissue: 0/0 concordant.
PI3,49,survived,up,3,0,0,Same-tissue replication: 3/3 concordant. Cross-tissue: 0/0 concordant.
PTGS2,49,survived,up,3,0,0,Same-tissue replication: 3/3 concordant. Cross-tissue: 0/0 concordant.
SAA2,49,survived,up,3,0,0,Same-tissue replication: 3/3 concordant. Cross-tissue: 0/0 concordant.
TCN1,49,survived,up,3,0,0,Same-tissue replication: 3/3 concordant. Cross-tissue: 0/0 concordant.
TIMP1,49,survived,up,3,0,0,Same-tissue replication: 3/3 concordant. Cross-tissue: 0/0 concordant.
VSIG1,49,survived,up,3,0,0,Same-tissue replication: 3/3 concordant. Cross-tissue: 0/0 concordant.
AQP9,50,survived,up,3,0,0,Same-tissue replication: 3/3 concordant. Cross-tissue: 0/0 concordant.
CHI3L1,50,survived,up,3,0,0,Same-tissue replication: 3/3 concordant. Cross-tissue: 0/0 concordant.
CXCL1,50,survived,up,3,0,0,Same-tissue replication: 3/3 concordant. Cross-tissue: 0/0 concordant.
CXCL8,50,survived,up,3,0,0,Same-tissue replication: 3/3 concordant. Cross-tissue: 0/0 concordant.
DUOX2,50,survived,up,3,0,0,Same-tissue replication: 3/3 concordant. Cross-tissue: 0/0 concordant.
DUOXA2,50,survived,up,3,0,0,Same-tissue replication: 3/3 concordant. Cross-tissue: 0/0 concordant.
IDO1,50,survived,up,3,0,0,Same-tissue replication: 3/3 concordant. Cross-tissue: 0/0 concordant.
IL1B,50,survived,up,3,0,0,Same-tissue replication: 3/3 concordant. Cross-tissue: 0/0 concordant.
LCN2,50,survived,up,3,0,0,Same-tissue replication: 3/3 concordant. Cross-tissue: 0/0 concordant.
MMP1,50,survived,up,3,0,0,Same-tissue replication: 3/3 concordant. Cross-tissue: 0/0 concordant.
MMP3,50,survived,up,3,0,0,Same-tissue replication: 3/3 concordant. Cross-tissue: 0/0 concordant.
S100A8,50,survived,up,3,0,0,Same-tissue replication: 3/3 concordant. Cross-tissue: 0/0 concordant.
SLC6A14,50,survived,up,3,0,0,Same-tissue replication: 3/3 concordant. Cross-tissue: 0/0 concordant.
TNIP3,50,survived,up,3,0,0,Same-tissue replication: 3/3 concordant. Cross-tissue: 0/0 concordant.
ACOT8,51,survived,down,3,0,0,Same-tissue replication: 3/3 concordant. Cross-tissue: 0/0 concordant.
ASTE1,51,survived,down,3,0,0,Same-tissue replication: 3/3 concordant. Cross-tissue: 0/0 concordant.
CDKL1,51,survived,down,3,0,0,Same-tissue replication: 3/3 concordant. Cross-tissue: 0/0 concordant.
CHKA,51,survived,down,3,0,0,Same-tissue replication: 3/3 concordant. Cross-tissue: 0/0 concordant.
CTSA,51,survived,down,3,0,0,Same-tissue replication: 3/3 concordant. Cross-tissue: 0/0 concordant.
HDHD3,51,survived,down,3,0,0,Same-tissue replication: 3/3 concordant. Cross-tissue: 0/0 concordant.
ID2,51,survived,down,3,0,0,Same-tissue replication: 3/3 concordant. Cross-tissue: 0/0 concordant.
KAT8,51,survived,down,3,0,0,Same-tissue replication: 3/3 concordant. Cross-tissue: 0/0 concordant.
NGEF,51,survived,down,3,0,0,Same-tissue replication: 3/3 concordant. Cross-tissue: 0/0 concordant.
SUCLG2,51,survived,down,3,0,0,Same-tissue replication: 3/3 concordant. Cross-tissue: 0/0 concordant.
TMEM144,51,survived,down,3,0,0,Same-tissue replication: 3/3 concordant. Cross-tissue: 0/0 concordant.
CD99,52,survived,down,0,0,0,Same-tissue replication: 0/3 concordant. Cross-tissue: 0/0 concordant.
CSTL1,52,survived,down,1,0,0,Same-tissue replication: 1/3 concordant. Cross-tissue: 0/0 concordant.
DNAAF1,52,eliminated,down,1,2,0,"Significant opposite direction in same-tissue dataset(s): ['GSE87466', 'GSE36807']. Discovery direction: down."
MRPL55,52,eliminated,down,0,2,0,"Significant opposite direction in same-tissue dataset(s): ['GSE38713', 'GSE36807']. Discovery direction: down."
NDST3,52,survived,down,3,0,0,Same-tissue replication: 3/3 concordant. Cross-tissue: 0/0 concordant.
PTP4A2,52,survived,up,3,0,0,Same-tissue replication: 3/3 concordant. Cross-tissue: 0/0 concordant.
SETMAR,52,survived,down,2,0,0,Same-tissue replication: 2/3 concordant. Cross-tissue: 0/0 concordant.
SIM1,52,survived,down,1,0,0,Same-tissue replication: 1/3 concordant. Cross-tissue: 0/0 concordant.
SLC6A15,52,survived,down,2,0,0,Same-tissue replication: 2/3 concordant. Cross-tissue: 0/0 concordant.
TRMT10B,52,survived,down,1,0,0,Same-tissue replication: 1/3 concordant. Cross-tissue: 0/0 concordant.
ASAP1,57,survived,up,3,0,0,Same-tissue replication: 3/3 concordant. Cross-tissue: 0/0 concordant.
CDC6,57,survived,up,3,0,0,Same-tissue replication: 3/3 concordant. Cross-tissue: 0/0 concordant.
CENPE,57,survived,up,3,0,0,Same-tissue replication: 3/3 concordant. Cross-tissue: 0/0 concordant.
EMP3,57,survived,up,3,0,0,Same-tissue replication: 3/3 concordant. Cross-tissue: 0/0 concordant.
FASN,57,survived,up,2,0,0,Same-tissue replication: 2/3 concordant. Cross-tissue: 0/0 concordant.
GPX7,57,survived,up,3,0,0,Same-tissue replication: 3/3 concordant. Cross-tissue: 0/0 concordant.
HCLS1,57,survived,up,3,0,0,Same-tissue replication: 3/3 concordant. Cross-tissue: 0/0 concordant.
HELZ2,57,survived,up,3,0,0,Same-tissue replication: 3/3 concordant. Cross-tissue: 0/0 concordant.
PHLDA2,57,survived,up,3,0,0,Same-tissue replication: 3/3 concordant. Cross-tissue: 0/0 concordant.
PYCR1,57,survived,up,3,0,0,Same-tissue replication: 3/3 concordant. Cross-tissue: 0/0 concordant.
SHANK3,57,survived,up,3,0,0,Same-tissue replication: 3/3 concordant. Cross-tissue: 0/0 concordant.
SLC25A37,57,survived,up,3,0,0,Same-tissue replication: 3/3 concordant. Cross-tissue: 0/0 concordant.
TNFRSF10A,57,survived,up,3,0,0,Same-tissue replication: 3/3 concordant. Cross-tissue: 0/0 concordant.
CGN,58,survived,down,3,0,0,Same-tissue replication: 3/3 concordant. Cross-tissue: 0/0 concordant.
DNAH1,58,survived,down,3,0,0,Same-tissue replication: 3/3 concordant. Cross-tissue: 0/0 concordant.
MTMR8,58,survived,down,1,0,0,Same-tissue replication: 1/1 concordant. Cross-tissue: 0/0 concordant.
PARP4,58,survived,down,3,0,0,Same-tissue replication: 3/3 concordant. Cross-tissue: 0/0 concordant.
TOMM20L,58,insufficient_data,down,0,0,0,No replication data available for this gene.
USF3,58,survived,down,3,0,0,Same-tissue replication: 3/3 concordant. Cross-tissue: 0/0 concordant.
ACADS,59,survived,down,3,0,0,Same-tissue replication: 3/3 concordant. Cross-tissue: 0/0 concordant.
APPL2,59,survived,down,3,0,0,Same-tissue replication: 3/3 concordant. Cross-tissue: 0/0 concordant.
C1orf210,59,survived,down,3,0,0,Same-tissue replication: 3/3 concordant. Cross-tissue: 0/0 concordant.
FGFR3,59,survived,down,3,0,0,Same-tissue replication: 3/3 concordant. Cross-tissue: 0/0 concordant.
HOXA2,59,survived,down,3,0,0,Same-tissue replication: 3/3 concordant. Cross-tissue: 0/0 concordant.
HSD17B11,59,survived,down,3,0,0,Same-tissue replication: 3/3 concordant. Cross-tissue: 0/0 concordant.
IYD,59,survived,down,3,0,0,Same-tissue replication: 3/3 concordant. Cross-tissue: 0/0 concordant.
LRRC75A,59,survived,down,3,0,0,Same-tissue replication: 3/3 concordant. Cross-tissue: 0/0 concordant.
MTMR11,59,survived,down,3,0,0,Same-tissue replication: 3/3 concordant. Cross-tissue: 0/0 concordant.
RETSAT,59,survived,down,3,0,0,Same-tissue replication: 3/3 concordant. Cross-tissue: 0/0 concordant.
TMT1A,59,survived,down,3,0,0,Same-tissue replication: 3/3 concordant. Cross-tissue: 0/0 concordant.
CLYBL,60,survived,down,3,0,0,Same-tissue replication: 3/3 concordant. Cross-tissue: 0/0 concordant.
EDN3,60,survived,down,3,0,0,Same-tissue replication: 3/3 concordant. Cross-tissue: 0/0 concordant.
EPB41L3,60,survived,down,3,0,0,Same-tissue replication: 3/3 concordant. Cross-tissue: 0/0 concordant.
GRAMD2B,60,survived,down,3,0,0,Same-tissue replication: 3/3 concordant. Cross-tissue: 0/0 concordant.
HOXA5,60,survived,down,3,0,0,Same-tissue replication: 3/3 concordant. Cross-tissue: 0/0 concordant.
PAG1,60,survived,down,3,0,0,Same-tissue replication: 3/3 concordant. Cross-tissue: 0/0 concordant.
PXMP2,60,survived,down,3,0,0,Same-tissue replication: 3/3 concordant. Cross-tissue: 0/0 concordant.
SNX30,60,survived,down,3,0,0,Same-tissue replication: 3/3 concordant. Cross-tissue: 0/0 concordant.
TSPAN7,60,survived,down,3,0,0,Same-tissue replication: 3/3 concordant. Cross-tissue: 0/0 concordant.
VIL1,60,survived,down,3,0,0,Same-tissue replication: 3/3 concordant. Cross-tissue: 0/0 concordant.
C4B_2,61,survived,up,2,0,0,Same-tissue replication: 2/2 concordant. Cross-tissue: 0/0 concordant.
FKBP11,61,survived,up,3,0,0,Same-tissue replication: 3/3 concordant. Cross-tissue: 0/0 concordant.
GABRP,61,survived,up,3,0,0,Same-tissue replication: 3/3 concordant. Cross-tissue: 0/0 concordant.
HEG1,61,survived,up,3,0,0,Same-tissue replication: 3/3 concordant. Cross-tissue: 0/0 concordant.
TFAP2C,61,survived,up,3,0,0,Same-tissue replication: 3/3 concordant. Cross-tissue: 0/0 concordant.
ADAMTS6,62,survived,up,3,0,0,Same-tissue replication: 3/3 concordant. Cross-tissue: 0/0 concordant.
GLYATL1,62,survived,up,3,0,0,Same-tissue replication: 3/3 concordant. Cross-tissue: 0/0 concordant.
GMPPA,62,survived,up,3,0,0,Same-tissue replication: 3/3 concordant. Cross-tissue: 0/0 concordant.
IL12RB2,62,survived,up,3,0,0,Same-tissue replication: 3/3 concordant. Cross-tissue: 0/0 concordant.
LSAMP,62,survived,up,3,0,0,Same-tissue replication: 3/3 concordant. Cross-tissue: 0/0 concordant.
MRTFA,62,survived,up,3,0,0,Same-tissue replication: 3/3 concordant. Cross-tissue: 0/0 concordant.
SLCO1B1,62,survived,up,3,0,0,Same-tissue replication: 3/3 concordant. Cross-tissue: 0/0 concordant.
CD300E,63,insufficient_data,up,0,0,0,No replication data available for this gene.
CGAS,63,survived,up,3,0,0,Same-tissue replication: 3/3 concordant. Cross-tissue: 0/0 concordant.
CLU,63,survived,up,3,0,0,Same-tissue replication: 3/3 concordant. Cross-tissue: 0/0 concordant.
NFAM1,63,survived,up,2,0,0,Same-tissue replication: 2/3 concordant. Cross-tissue: 0/0 concordant.
PHGDH,63,survived,up,3,0,0,Same-tissue replication: 3/3 concordant. Cross-tissue: 0/0 concordant.
TMEM119,63,survived,up,3,0,0,Same-tissue replication: 3/3 concordant. Cross-tissue: 0/0 concordant.
TNFRSF9,63,survived,up,3,0,0,Same-tissue replication: 3/3 concordant. Cross-tissue: 0/0 concordant.
ADARB1,64,survived,up,2,0,0,Same-tissue replication: 2/3 concordant. Cross-tissue: 0/0 concordant.
CASS4,64,survived,up,2,0,0,Same-tissue replication: 2/3 concordant. Cross-tissue: 0/0 concordant.
FHL5,64,survived,up,2,0,0,Same-tissue replication: 2/3 concordant. Cross-tissue: 0/0 concordant.
GSDMC,64,survived,up,3,0,0,Same-tissue replication: 3/3 concordant. Cross-tissue: 0/0 concordant.
LAMA5,64,survived,up,3,0,0,Same-tissue replication: 3/3 concordant. Cross-tissue: 0/0 concordant.
LRCH2,64,survived,up,3,0,0,Same-tissue replication: 3/3 concordant. Cross-tissue: 0/0 concordant.
LRFN5,64,survived,up,3,0,0,Same-tissue replication: 3/3 concordant. Cross-tissue: 0/0 concordant.
PKN1,64,survived,up,3,0,0,Same-tissue replication: 3/3 concordant. Cross-tissue: 0/0 concordant.
PLEKHO1,64,survived,up,3,0,0,Same-tissue replication: 3/3 concordant. Cross-tissue: 0/0 concordant.
SNAI1,64,survived,up,3,0,0,Same-tissue replication: 3/3 concordant. Cross-tissue: 0/0 concordant.
SVEP1,64,survived,up,2,0,0,Same-tissue replication: 2/3 concordant. Cross-tissue: 0/0 concordant.
BACE1,65,survived,up,3,0,0,Same-tissue replication: 3/3 concordant. Cross-tissue: 0/0 concordant.
CERCAM,65,survived,up,3,0,0,Same-tissue replication: 3/3 concordant. Cross-tissue: 0/0 concordant.
DENND3,65,survived,up,3,0,0,Same-tissue replication: 3/3 concordant. Cross-tissue: 0/0 concordant.
IL22,65,survived,up,1,0,0,Same-tissue replication: 1/3 concordant. Cross-tissue: 0/0 concordant.
MTHFD1L,65,survived,up,3,0,0,Same-tissue replication: 3/3 concordant. Cross-tissue: 0/0 concordant.
SYDE1,65,survived,up,3,0,0,Same-tissue replication: 3/3 concordant. Cross-tissue: 0/0 concordant.
ASAP2,66,survived,down,3,0,0,Same-tissue replication: 3/3 concordant. Cross-tissue: 0/0 concordant.
DOP1A,66,survived,down,2,0,0,Same-tissue replication: 2/3 concordant. Cross-tissue: 0/0 concordant.
MMP24,66,survived,down,2,0,0,Same-tissue replication: 2/3 concordant. Cross-tissue: 0/0 concordant.
SEPTIN12,66,survived,down,2,0,0,Same-tissue replication: 2/3 concordant. Cross-tissue: 0/0 concordant.
TAFA2,66,survived,down,3,0,0,Same-tissue replication: 3/3 concordant. Cross-tissue: 0/0 concordant.
TIPRL,66,survived,down,3,0,0,Same-tissue replication: 3/3 concordant. Cross-tissue: 0/0 concordant.
TRIM2,66,survived,down,3,0,0,Same-tissue replication: 3/3 concordant. Cross-tissue: 0/0 concordant.
TTR,66,survived,down,3,0,0,Same-tissue replication: 3/3 concordant. Cross-tissue: 0/0 concordant.
UBE3B,66,survived,down,3,0,0,Same-tissue replication: 3/3 concordant. Cross-tissue: 0/0 concordant.
ATP1A2,67,survived,down,2,0,0,Same-tissue replication: 2/3 concordant. Cross-tissue: 0/0 concordant.
ATXN7L3B,67,survived,down,3,0,0,Same-tissue replication: 3/3 concordant. Cross-tissue: 0/0 concordant.
BIRC2,67,survived,down,3,0,0,Same-tissue replication: 3/3 concordant. Cross-tissue: 0/0 concordant.
CTSZ,67,survived,down,1,0,0,Same-tissue replication: 1/3 concordant. Cross-tissue: 0/0 concordant.
KIFC2,67,survived,down,2,0,0,Same-tissue replication: 2/3 concordant. Cross-tissue: 0/0 concordant.
MPL,67,eliminated,down,1,1,0,Significant opposite direction in same-tissue dataset(s): ['GSE38713']. Discovery direction: down.
PLEKHG4,67,survived,down,3,0,0,Same-tissue replication: 3/3 concordant. Cross-tissue: 0/0 concordant.
SLC12A3,67,eliminated,down,2,1,0,Significant opposite direction in same-tissue dataset(s): ['GSE36807']. Discovery direction: down.
SNX27,67,survived,down,2,0,0,Same-tissue replication: 2/3 concordant. Cross-tissue: 0/0 concordant.
UPK2,67,survived,down,2,0,0,Same-tissue replication: 2/3 concordant. Cross-tissue: 0/0 concordant.
ZNF317,67,survived,down,3,0,0,Same-tissue replication: 3/3 concordant. Cross-tissue: 0/0 concordant.
BDH1,68,survived,down,3,0,0,Same-tissue replication: 3/3 concordant. Cross-tissue: 0/0 concordant.
CES3,68,survived,down,3,0,0,Same-tissue replication: 3/3 concordant. Cross-tissue: 0/0 concordant.
ENTPD8,68,insufficient_data,down,0,0,0,No replication data available for this gene.
HNF4A,68,survived,down,3,0,0,Same-tissue replication: 3/3 concordant. Cross-tissue: 0/0 concordant.
NIPSNAP3A,68,survived,down,3,0,0,Same-tissue replication: 3/3 concordant. Cross-tissue: 0/0 concordant.
PDE8A,68,survived,down,3,0,0,Same-tissue replication: 3/3 concordant. Cross-tissue: 0/0 concordant.
PHF7,68,survived,down,3,0,0,Same-tissue replication: 3/3 concordant. Cross-tissue: 0/0 concordant.
TCEA3,68,survived,down,3,0,0,Same-tissue replication: 3/3 concordant. Cross-tissue: 0/0 concordant.
ZDHHC23,68,survived,down,3,0,0,Same-tissue replication: 3/3 concordant. Cross-tissue: 0/0 concordant.
CH25H,69,survived,up,2,0,0,Same-tissue replication: 2/3 concordant. Cross-tissue: 0/0 concordant.
CRELD2,69,survived,up,3,0,0,Same-tissue replication: 3/3 concordant. Cross-tissue: 0/0 concordant.
DDIT4,69,survived,up,3,0,0,Same-tissue replication: 3/3 concordant. Cross-tissue: 0/0 concordant.
EGFL6,69,survived,up,3,0,0,Same-tissue replication: 3/3 concordant. Cross-tissue: 0/0 concordant.
EGR2,69,survived,up,2,0,0,Same-tissue replication: 2/3 concordant. Cross-tissue: 0/0 concordant.
ERG,69,survived,up,3,0,0,Same-tissue replication: 3/3 concordant. Cross-tissue: 0/0 concordant.
FAM167B,69,survived,up,3,0,0,Same-tissue replication: 3/3 concordant. Cross-tissue: 0/0 concordant.
FCAR,69,survived,up,1,0,0,Same-tissue replication: 1/3 concordant. Cross-tissue: 0/0 concordant.
GMPR,69,survived,up,3,0,0,Same-tissue replication: 3/3 concordant. Cross-tissue: 0/0 concordant.
IL18R1,69,survived,up,3,0,0,Same-tissue replication: 3/3 concordant. Cross-tissue: 0/0 concordant.
JAK2,69,survived,up,3,0,0,Same-tissue replication: 3/3 concordant. Cross-tissue: 0/0 concordant.
LILRA3,69,survived,up,3,0,0,Same-tissue replication: 3/3 concordant. Cross-tissue: 0/0 concordant.
NAMPT,69,survived,up,3,0,0,Same-tissue replication: 3/3 concordant. Cross-tissue: 0/0 concordant.
SLC26A4,69,survived,up,3,0,0,Same-tissue replication: 3/3 concordant. Cross-tissue: 0/0 concordant.
SLC4A11,69,survived,up,2,0,0,Same-tissue replication: 2/3 concordant. Cross-tissue: 0/0 concordant.
TMEM163,69,survived,up,3,0,0,Same-tissue replication: 3/3 concordant. Cross-tissue: 0/0 concordant.
VWA1,69,survived,up,3,0,0,Same-tissue replication: 3/3 concordant. Cross-tissue: 0/0 concordant.
ADH1C,70,survived,down,3,0,0,Same-tissue replication: 3/3 concordant. Cross-tissue: 0/0 concordant.
CDC14A,70,survived,down,3,0,0,Same-tissue replication: 3/3 concordant. Cross-tissue: 0/0 concordant.
CDKN2B,70,survived,down,3,0,0,Same-tissue replication: 3/3 concordant. Cross-tissue: 0/0 concordant.
CNTN3,70,survived,down,3,0,0,Same-tissue replication: 3/3 concordant. Cross-tissue: 0/0 concordant.
ENTPD5,70,survived,down,3,0,0,Same-tissue replication: 3/3 concordant. Cross-tissue: 0/0 concordant.
FMO5,70,survived,down,3,0,0,Same-tissue replication: 3/3 concordant. Cross-tissue: 0/0 concordant.
FRMD1,70,survived,down,3,0,0,Same-tissue replication: 3/3 concordant. Cross-tissue: 0/0 concordant.
LRRC19,70,survived,down,3,0,0,Same-tissue replication: 3/3 concordant. Cross-tissue: 0/0 concordant.
NAAA,70,survived,down,3,0,0,Same-tissue replication: 3/3 concordant. Cross-tissue: 0/0 concordant.
PBLD,70,survived,down,3,0,0,Same-tissue replication: 3/3 concordant. Cross-tissue: 0/0 concordant.
RUNDC3B,70,survived,down,3,0,0,Same-tissue replication: 3/3 concordant. Cross-tissue: 0/0 concordant.
SCIN,70,survived,down,3,0,0,Same-tissue replication: 3/3 concordant. Cross-tissue: 0/0 concordant.
SLC19A3,70,survived,down,3,0,0,Same-tissue replication: 3/3 concordant. Cross-tissue: 0/0 concordant.
TMEM37,70,survived,down,3,0,0,Same-tissue replication: 3/3 concordant. Cross-tissue: 0/0 concordant.
TUBAL3,70,survived,down,3,0,0,Same-tissue replication: 3/3 concordant. Cross-tissue: 0/0 concordant.
ACSF2,71,survived,down,3,0,0,Same-tissue replication: 3/3 concordant. Cross-tissue: 0/0 concordant.
DHRS11,71,survived,down,3,0,0,Same-tissue replication: 3/3 concordant. Cross-tissue: 0/0 concordant.
HSD17B2,71,survived,down,3,0,0,Same-tissue replication: 3/3 concordant. Cross-tissue: 0/0 concordant.
MEP1A,71,survived,down,3,0,0,Same-tissue replication: 3/3 concordant. Cross-tissue: 0/0 concordant.
MT1F,71,survived,down,3,0,0,Same-tissue replication: 3/3 concordant. Cross-tissue: 0/0 concordant.
MT1G,71,survived,down,3,0,0,Same-tissue replication: 3/3 concordant. Cross-tissue: 0/0 concordant.
MT1H,71,survived,down,2,0,0,Same-tissue replication: 2/2 concordant. Cross-tissue: 0/0 concordant.
SLC22A5,71,survived,down,3,0,0,Same-tissue replication: 3/3 concordant. Cross-tissue: 0/0 concordant.
TRHDE,71,survived,down,3,0,0,Same-tissue replication: 3/3 concordant. Cross-tissue: 0/0 concordant.
A2M,72,survived,up,3,0,0,Same-tissue replication: 3/3 concordant. Cross-tissue: 0/0 concordant.
ARHGAP30,72,survived,up,3,0,0,Same-tissue replication: 3/3 concordant. Cross-tissue: 0/0 concordant.
ARHGEF3,72,survived,up,3,0,0,Same-tissue replication: 3/3 concordant. Cross-tissue: 0/0 concordant.
C2CD4A,72,survived,up,3,0,0,Same-tissue replication: 3/3 concordant. Cross-tissue: 0/0 concordant.
CAV1,72,survived,up,3,0,0,Same-tissue replication: 3/3 concordant. Cross-tissue: 0/0 concordant.
CCL20,72,survived,up,3,0,0,Same-tissue replication: 3/3 concordant. Cross-tissue: 0/0 concordant.
CD38,72,survived,up,3,0,0,Same-tissue replication: 3/3 concordant. Cross-tissue: 0/0 concordant.
CDC20,72,survived,up,3,0,0,Same-tissue replication: 3/3 concordant. Cross-tissue: 0/0 concordant.
CEP112,72,survived,up,3,0,0,Same-tissue replication: 3/3 concordant. Cross-tissue: 0/0 concordant.
COL8A1,72,survived,up,3,0,0,Same-tissue replication: 3/3 concordant. Cross-tissue: 0/0 concordant.
CREB3L1,72,eliminated,up,2,1,0,Significant opposite direction in same-tissue dataset(s): ['GSE36807']. Discovery direction: up.
CREB3L2,72,survived,up,3,0,0,Same-tissue replication: 3/3 concordant. Cross-tissue: 0/0 concordant.
CYBA,72,survived,up,3,0,0,Same-tissue replication: 3/3 concordant. Cross-tissue: 0/0 concordant.
CYRIA,72,survived,up,3,0,0,Same-tissue replication: 3/3 concordant. Cross-tissue: 0/0 concordant.
CYTIP,72,survived,up,3,0,0,Same-tissue replication: 3/3 concordant. Cross-tissue: 0/0 concordant.
DOCK4,72,survived,up,3,0,0,Same-tissue replication: 3/3 concordant. Cross-tissue: 0/0 concordant.
DPY19L1,72,survived,up,3,0,0,Same-tissue replication: 3/3 concordant. Cross-tissue: 0/0 concordant.
ENTPD3,72,survived,up,3,0,0,Same-tissue replication: 3/3 concordant. Cross-tissue: 0/0 concordant.
FAM171B,72,survived,up,3,0,0,Same-tissue replication: 3/3 concordant. Cross-tissue: 0/0 concordant.
FCER1G,72,survived,up,3,0,0,Same-tissue replication: 3/3 concordant. Cross-tissue: 0/0 concordant.
FOXQ1,72,survived,up,3,0,0,Same-tissue replication: 3/3 concordant. Cross-tissue: 0/0 concordant.
GALNT15,72,survived,up,2,0,0,Same-tissue replication: 2/3 concordant. Cross-tissue: 0/0 concordant.
GJA5,72,survived,up,3,0,0,Same-tissue replication: 3/3 concordant. Cross-tissue: 0/0 concordant.
GPR155,72,survived,up,3,0,0,Same-tissue replication: 3/3 concordant. Cross-tissue: 0/0 concordant.
GPR183,72,survived,up,3,0,0,Same-tissue replication: 3/3 concordant. Cross-tissue: 0/0 concordant.
GREM1,72,survived,up,3,0,0,Same-tissue replication: 3/3 concordant. Cross-tissue: 0/0 concordant.
HELB,72,survived,up,3,0,0,Same-tissue replication: 3/3 concordant. Cross-tissue: 0/0 concordant.
HOMER1,72,survived,up,3,0,0,Same-tissue replication: 3/3 concordant. Cross-tissue: 0/0 concordant.
HSPA13,72,survived,up,3,0,0,Same-tissue replication: 3/3 concordant. Cross-tissue: 0/0 concordant.
IER3,72,survived,up,3,0,0,Same-tissue replication: 3/3 concordant. Cross-tissue: 0/0 concordant.
IFI16,72,survived,up,3,0,0,Same-tissue replication: 3/3 concordant. Cross-tissue: 0/0 concordant.
IFI30,72,survived,up,3,0,0,Same-tissue replication: 3/3 concordant. Cross-tissue: 0/0 concordant.
IFI6,72,survived,up,3,0,0,Same-tissue replication: 3/3 concordant. Cross-tissue: 0/0 concordant.
IRS1,72,survived,up,2,0,0,Same-tissue replication: 2/3 concordant. Cross-tissue: 0/0 concordant.
ITGAM,72,survived,up,3,0,0,Same-tissue replication: 3/3 concordant. Cross-tissue: 0/0 concordant.
ITGB2,72,survived,up,3,0,0,Same-tissue replication: 3/3 concordant. Cross-tissue: 0/0 concordant.
KIF14,72,survived,up,3,0,0,Same-tissue replication: 3/3 concordant. Cross-tissue: 0/0 concordant.
LAT2,72,survived,up,3,0,0,Same-tissue replication: 3/3 concordant. Cross-tissue: 0/0 concordant.
LCP2,72,survived,up,3,0,0,Same-tissue replication: 3/3 concordant. Cross-tissue: 0/0 concordant.
LPL,72,survived,up,3,0,0,Same-tissue replication: 3/3 concordant. Cross-tissue: 0/0 concordant.
LUM,72,survived,up,3,0,0,Same-tissue replication: 3/3 concordant. Cross-tissue: 0/0 concordant.
LYPD6B,72,survived,up,3,0,0,Same-tissue replication: 3/3 concordant. Cross-tissue: 0/0 concordant.
MAFF,72,survived,up,2,0,0,Same-tissue replication: 2/3 concordant. Cross-tissue: 0/0 concordant.
MGP,72,survived,up,3,0,0,Same-tissue replication: 3/3 concordant. Cross-tissue: 0/0 concordant.
MSN,72,survived,up,3,0,0,Same-tissue replication: 3/3 concordant. Cross-tissue: 0/0 concordant.
NUCB2,72,survived,up,3,0,0,Same-tissue replication: 3/3 concordant. Cross-tissue: 0/0 concordant.
P2RY8,72,survived,up,3,0,0,Same-tissue replication: 3/3 concordant. Cross-tissue: 0/0 concordant.
PAM,72,survived,up,2,0,0,Same-tissue replication: 2/3 concordant. Cross-tissue: 0/0 concordant.
PHKA1,72,survived,up,3,0,0,Same-tissue replication: 3/3 concordant. Cross-tissue: 0/0 concordant.
PHLDB2,72,survived,up,2,0,0,Same-tissue replication: 2/3 concordant. Cross-tissue: 0/0 concordant.
PMEPA1,72,survived,up,3,0,0,Same-tissue replication: 3/3 concordant. Cross-tissue: 0/0 concordant.
POU2AF1,72,survived,up,3,0,0,Same-tissue replication: 3/3 concordant. Cross-tissue: 0/0 concordant.
PREX1,72,survived,up,3,0,0,Same-tissue replication: 3/3 concordant. Cross-tissue: 0/0 concordant.
PSMB9,72,survived,up,3,0,0,Same-tissue replication: 3/3 concordant. Cross-tissue: 0/0 concordant.
QKI,72,survived,up,3,0,0,Same-tissue replication: 3/3 concordant. Cross-tissue: 0/0 concordant.
RILPL2,72,survived,up,3,0,0,Same-tissue replication: 3/3 concordant. Cross-tissue: 0/0 concordant.
SACS,72,survived,up,3,0,0,Same-tissue replication: 3/3 concordant. Cross-tissue: 0/0 concordant.
SAMHD1,72,survived,up,3,0,0,Same-tissue replication: 3/3 concordant. Cross-tissue: 0/0 concordant.
SEMA4A,72,survived,up,3,0,0,Same-tissue replication: 3/3 concordant. Cross-tissue: 0/0 concordant.
SEMA4C,72,survived,up,2,0,0,Same-tissue replication: 2/3 concordant. Cross-tissue: 0/0 concordant.
SEMG1,72,survived,up,3,0,0,Same-tissue replication: 3/3 concordant. Cross-tissue: 0/0 concordant.
SGTB,72,survived,up,3,0,0,Same-tissue replication: 3/3 concordant. Cross-tissue: 0/0 concordant.
SLCO3A1,72,survived,up,3,0,0,Same-tissue replication: 3/3 concordant. Cross-tissue: 0/0 concordant.
SPRR1B,72,survived,up,3,0,0,Same-tissue replication: 3/3 concordant. Cross-tissue: 0/0 concordant.
TGFB1,72,survived,up,3,0,0,Same-tissue replication: 3/3 concordant. Cross-tissue: 0/0 concordant.
TMEM106A,72,survived,up,3,0,0,Same-tissue replication: 3/3 concordant. Cross-tissue: 0/0 concordant.
TMEM71,72,survived,up,3,0,0,Same-tissue replication: 3/3 concordant. Cross-tissue: 0/0 concordant.
XAF1,72,survived,up,3,0,0,Same-tissue replication: 3/3 concordant. Cross-tissue: 0/0 concordant.
ZG16B,72,survived,up,3,0,0,Same-tissue replication: 3/3 concordant. Cross-tissue: 0/0 concordant.
AFAP1L2,73,survived,up,3,0,0,Same-tissue replication: 3/3 concordant. Cross-tissue: 0/0 concordant.
DACT1,73,survived,up,2,0,0,Same-tissue replication: 2/3 concordant. Cross-tissue: 0/0 concordant.
GJA4,73,survived,up,3,0,0,Same-tissue replication: 3/3 concordant. Cross-tissue: 0/0 concordant.
GRHL3,73,survived,up,3,0,0,Same-tissue replication: 3/3 concordant. Cross-tissue: 0/0 concordant.
PCDH12,73,survived,up,3,0,0,Same-tissue replication: 3/3 concordant. Cross-tissue: 0/0 concordant.
PFKP,73,survived,up,3,0,0,Same-tissue replication: 3/3 concordant. Cross-tissue: 0/0 concordant.
RAB13,73,survived,up,3,0,0,Same-tissue replication: 3/3 concordant. Cross-tissue: 0/0 concordant.
THSD7A,73,survived,up,3,0,0,Same-tissue replication: 3/3 concordant. Cross-tissue: 0/0 concordant.
TMED9,73,survived,up,3,0,0,Same-tissue replication: 3/3 concordant. Cross-tissue: 0/0 concordant.
CADPS2,74,survived,up,3,0,0,Same-tissue replication: 3/3 concordant. Cross-tissue: 0/0 concordant.
CFLAR,74,survived,up,3,0,0,Same-tissue replication: 3/3 concordant. Cross-tissue: 0/0 concordant.
ETV3,74,survived,up,3,0,0,Same-tissue replication: 3/3 concordant. Cross-tissue: 0/0 concordant.
FRMD6,74,survived,up,2,0,0,Same-tissue replication: 2/3 concordant. Cross-tissue: 0/0 concordant.
PARVB,74,survived,up,3,0,0,Same-tissue replication: 3/3 concordant. Cross-tissue: 0/0 concordant.
STAT3,74,survived,up,3,0,0,Same-tissue replication: 3/3 concordant. Cross-tissue: 0/0 concordant.
SYNGR2,74,survived,up,3,0,0,Same-tissue replication: 3/3 concordant. Cross-tissue: 0/0 concordant.
TNFAIP3,74,survived,up,2,0,0,Same-tissue replication: 2/3 concordant. Cross-tissue: 0/0 concordant.
YIF1B,74,eliminated,up,2,1,0,Significant opposite direction in same-tissue dataset(s): ['GSE87466']. Discovery direction: up.
ANKRD13D,75,survived,up,2,0,0,Same-tissue replication: 2/3 concordant. Cross-tissue: 0/0 concordant.
CAD,75,survived,up,3,0,0,Same-tissue replication: 3/3 concordant. Cross-tissue: 0/0 concordant.
FKBP5,75,survived,up,3,0,0,Same-tissue replication: 3/3 concordant. Cross-tissue: 0/0 concordant.
GNL2,75,survived,up,3,0,0,Same-tissue replication: 3/3 concordant. Cross-tissue: 0/0 concordant.
IRF9,75,survived,up,3,0,0,Same-tissue replication: 3/3 concordant. Cross-tissue: 0/0 concordant.
RILPL1,75,survived,up,3,0,0,Same-tissue replication: 3/3 concordant. Cross-tissue: 0/0 concordant.
SAP30,75,survived,up,3,0,0,Same-tissue replication: 3/3 concordant. Cross-tissue: 0/0 concordant.
SHB,75,survived,up,3,0,0,Same-tissue replication: 3/3 concordant. Cross-tissue: 0/0 concordant.
STK10,75,survived,up,3,0,0,Same-tissue replication: 3/3 concordant. Cross-tissue: 0/0 concordant.
TTL,75,survived,up,3,0,0,Same-tissue replication: 3/3 concordant. Cross-tissue: 0/0 concordant.
AGGF1,76,survived,down,3,0,0,Same-tissue replication: 3/3 concordant. Cross-tissue: 0/0 concordant.
COX7C,76,survived,down,3,0,0,Same-tissue replication: 3/3 concordant. Cross-tissue: 0/0 concordant.
KMT5B,76,survived,down,3,0,0,Same-tissue replication: 3/3 concordant. Cross-tissue: 0/0 concordant.
LRRC57,76,survived,down,3,0,0,Same-tissue replication: 3/3 concordant. Cross-tissue: 0/0 concordant.
MBTD1,76,survived,down,3,0,0,Same-tissue replication: 3/3 concordant. Cross-tissue: 0/0 concordant.
PPP4R3A,76,survived,down,3,0,0,Same-tissue replication: 3/3 concordant. Cross-tissue: 0/0 concordant.
PRPF38A,76,survived,down,3,0,0,Same-tissue replication: 3/3 concordant. Cross-tissue: 0/0 concordant.
PTTG1IP,76,survived,down,3,0,0,Same-tissue replication: 3/3 concordant. Cross-tissue: 0/0 concordant.
PYURF,76,survived,down,2,0,0,Same-tissue replication: 2/2 concordant. Cross-tissue: 0/0 concordant.
TRAF6,76,survived,down,2,0,0,Same-tissue replication: 2/3 concordant. Cross-tissue: 0/0 concordant.
ZNF24,76,survived,down,1,0,0,Same-tissue replication: 1/3 concordant. Cross-tissue: 0/0 concordant.
ASB8,77,survived,down,3,0,0,Same-tissue replication: 3/3 concordant. Cross-tissue: 0/0 concordant.
ESPN,77,survived,down,3,0,0,Same-tissue replication: 3/3 concordant. Cross-tissue: 0/0 concordant.
FTH1,77,survived,down,3,0,0,Same-tissue replication: 3/3 concordant. Cross-tissue: 0/0 concordant.
HRK,77,survived,down,2,0,0,Same-tissue replication: 2/3 concordant. Cross-tissue: 0/0 concordant.
PPP6R3,77,survived,down,2,0,0,Same-tissue replication: 2/3 concordant. Cross-tissue: 0/0 concordant.
SLC2A13,77,survived,down,3,0,0,Same-tissue replication: 3/3 concordant. Cross-tissue: 0/0 concordant.
SURF1,77,survived,down,2,0,0,Same-tissue replication: 2/3 concordant. Cross-tissue: 0/0 concordant.
VPS28,77,survived,down,3,0,0,Same-tissue replication: 3/3 concordant. Cross-tissue: 0/0 concordant.
GOLGA7,78,survived,down,3,0,0,Same-tissue replication: 3/3 concordant. Cross-tissue: 0/0 concordant.
IL13RA1,78,survived,down,3,0,0,Same-tissue replication: 3/3 concordant. Cross-tissue: 0/0 concordant.
PEX11B,78,survived,down,3,0,0,Same-tissue replication: 3/3 concordant. Cross-tissue: 0/0 concordant.
RAB21,78,survived,down,3,0,0,Same-tissue replication: 3/3 concordant. Cross-tissue: 0/0 concordant.
TERF2,78,survived,down,3,0,0,Same-tissue replication: 3/3 concordant. Cross-tissue: 0/0 concordant.
TTC31,78,survived,down,3,0,0,Same-tissue replication: 3/3 concordant. Cross-tissue: 0/0 concordant.
VPS4A,78,eliminated,down,1,1,0,Significant opposite direction in same-tissue dataset(s): ['GSE38713']. Discovery direction: down.
XTBD1,78,survived,down,2,0,0,Same-tissue replication: 2/3 concordant. Cross-tissue: 0/0 concordant.
BCL7B,79,survived,down,2,0,0,Same-tissue replication: 2/3 concordant. Cross-tissue: 0/0 concordant.
CST3,79,survived,down,3,0,0,Same-tissue replication: 3/3 concordant. Cross-tissue: 0/0 concordant.
PHACTR4,79,survived,down,3,0,0,Same-tissue replication: 3/3 concordant. Cross-tissue: 0/0 concordant.
SMDT1,79,survived,down,3,0,0,Same-tissue replication: 3/3 concordant. Cross-tissue: 0/0 concordant.
SNAPC3,79,survived,down,2,0,0,Same-tissue replication: 2/3 concordant. Cross-tissue: 0/0 concordant.
TJP1,79,survived,down,3,0,0,Same-tissue replication: 3/3 concordant. Cross-tissue: 0/0 concordant.
ARHGAP18,80,survived,down,3,0,0,Same-tissue replication: 3/3 concordant. Cross-tissue: 0/0 concordant.
ATP2B1,80,survived,down,3,0,0,Same-tissue replication: 3/3 concordant. Cross-tissue: 0/0 concordant.
CNFN,80,survived,down,2,0,0,Same-tissue replication: 2/3 concordant. Cross-tissue: 0/0 concordant.
GPX4,80,survived,down,3,0,0,Same-tissue replication: 3/3 concordant. Cross-tissue: 0/0 concordant.
MOGAT3,80,survived,down,2,0,0,Same-tissue replication: 2/3 concordant. Cross-tissue: 0/0 concordant.
NAALADL2,80,survived,down,3,0,0,Same-tissue replication: 3/3 concordant. Cross-tissue: 0/0 concordant.
SC5D,80,survived,down,1,0,0,Same-tissue replication: 1/3 concordant. Cross-tissue: 0/0 concordant.
TENT4B,80,survived,down,3,0,0,Same-tissue replication: 3/3 concordant. Cross-tissue: 0/0 concordant.
AKAP8,81,survived,down,3,0,0,Same-tissue replication: 3/3 concordant. Cross-tissue: 0/0 concordant.
CEP95,81,survived,down,2,0,0,Same-tissue replication: 2/3 concordant. Cross-tissue: 0/0 concordant.
COX6B1,81,survived,down,3,0,0,Same-tissue replication: 3/3 concordant. Cross-tissue: 0/0 concordant.
DUSP23,81,survived,down,3,0,0,Same-tissue replication: 3/3 concordant. Cross-tissue: 0/0 concordant.
FANCC,81,survived,down,3,0,0,Same-tissue replication: 3/3 concordant. Cross-tissue: 0/0 concordant.
GABRB2,81,survived,down,1,0,0,Same-tissue replication: 1/3 concordant. Cross-tissue: 0/0 concordant.
GCC2,81,survived,down,3,0,0,Same-tissue replication: 3/3 concordant. Cross-tissue: 0/0 concordant.
KAT7,81,survived,down,3,0,0,Same-tissue replication: 3/3 concordant. Cross-tissue: 0/0 concordant.
LUZP2,81,survived,down,2,0,0,Same-tissue replication: 2/3 concordant. Cross-tissue: 0/0 concordant.
MON1B,81,survived,down,1,0,0,Same-tissue replication: 1/3 concordant. Cross-tissue: 0/0 concordant.
POLR2J3,81,survived,down,1,0,0,Same-tissue replication: 1/1 concordant. Cross-tissue: 0/0 concordant.
PRRG2,81,survived,down,3,0,0,Same-tissue replication: 3/3 concordant. Cross-tissue: 0/0 concordant.
SLC10A1,81,survived,down,3,0,0,Same-tissue replication: 3/3 concordant. Cross-tissue: 0/0 concordant.
SLC25A11,81,survived,down,3,0,0,Same-tissue replication: 3/3 concordant. Cross-tissue: 0/0 concordant.
TMEM134,81,survived,down,2,0,0,Same-tissue replication: 2/3 concordant. Cross-tissue: 0/0 concordant.
TMEM51,81,survived,down,3,0,0,Same-tissue replication: 3/3 concordant. Cross-tissue: 0/0 concordant.
TSNARE1,81,survived,down,2,0,0,Same-tissue replication: 2/3 concordant. Cross-tissue: 0/0 concordant.
VPS35,81,survived,down,2,0,0,Same-tissue replication: 2/3 concordant. Cross-tissue: 0/0 concordant.
VSTM2B,81,insufficient_data,down,0,0,0,No replication data available for this gene.
ZKSCAN3,81,survived,down,3,0,0,Same-tissue replication: 3/3 concordant. Cross-tissue: 0/0 concordant.
ZNF234,81,survived,down,1,0,0,Same-tissue replication: 1/3 concordant. Cross-tissue: 0/0 concordant.
ZNF324,81,survived,down,2,0,0,Same-tissue replication: 2/3 concordant. Cross-tissue: 0/0 concordant.
ZNF766,81,survived,down,2,0,0,Same-tissue replication: 2/3 concordant. Cross-tissue: 0/0 concordant.
CARF,82,survived,down,2,0,0,Same-tissue replication: 2/3 concordant. Cross-tissue: 0/0 concordant.
DHX35,82,survived,down,2,0,0,Same-tissue replication: 2/3 concordant. Cross-tissue: 0/0 concordant.
EZR,82,survived,down,2,0,0,Same-tissue replication: 2/3 concordant. Cross-tissue: 0/0 concordant.
GK5,82,survived,down,3,0,0,Same-tissue replication: 3/3 concordant. Cross-tissue: 0/0 concordant.
INPP5A,82,survived,down,3,0,0,Same-tissue replication: 3/3 concordant. Cross-tissue: 0/0 concordant.
NPAS2,82,survived,down,2,0,0,Same-tissue replication: 2/3 concordant. Cross-tissue: 0/0 concordant.
PNPLA2,82,survived,down,2,0,0,Same-tissue replication: 2/3 concordant. Cross-tissue: 0/0 concordant.
SLC25A10,82,survived,down,1,0,0,Same-tissue replication: 1/3 concordant. Cross-tissue: 0/0 concordant.
SNRNP48,82,survived,down,3,0,0,Same-tissue replication: 3/3 concordant. Cross-tissue: 0/0 concordant.
SRR,82,eliminated,down,1,1,0,Significant opposite direction in same-tissue dataset(s): ['GSE87466']. Discovery direction: down.
ZNF558,82,survived,down,3,0,0,Same-tissue replication: 3/3 concordant. Cross-tissue: 0/0 concordant.
CDKN2AIP,83,survived,down,3,0,0,Same-tissue replication: 3/3 concordant. Cross-tissue: 0/0 concordant.
CNTNAP2,83,survived,down,3,0,0,Same-tissue replication: 3/3 concordant. Cross-tissue: 0/0 concordant.
DUSP11,83,survived,down,2,0,0,Same-tissue replication: 2/3 concordant. Cross-tissue: 0/0 concordant.
GALNTL5,83,survived,down,2,0,0,Same-tissue replication: 2/3 concordant. Cross-tissue: 0/0 concordant.
KRTAP19-2,83,insufficient_data,down,0,0,0,No replication data available for this gene.
NDUFC1,83,survived,down,3,0,0,Same-tissue replication: 3/3 concordant. Cross-tissue: 0/0 concordant.
POP4,83,eliminated,down,1,1,0,Significant opposite direction in same-tissue dataset(s): ['GSE36807']. Discovery direction: down.
SNUPN,83,survived,down,3,0,0,Same-tissue replication: 3/3 concordant. Cross-tissue: 0/0 concordant.
THAP6,83,survived,down,2,0,0,Same-tissue replication: 2/3 concordant. Cross-tissue: 0/0 concordant.
WDR59,83,survived,down,2,0,0,Same-tissue replication: 2/3 concordant. Cross-tissue: 0/0 concordant.
ZFP2,83,survived,down,3,0,0,Same-tissue replication: 3/3 concordant. Cross-tissue: 0/0 concordant.
ZNF16,83,survived,down,3,0,0,Same-tissue replication: 3/3 concordant. Cross-tissue: 0/0 concordant.
ZNF563,83,survived,down,3,0,0,Same-tissue replication: 3/3 concordant. Cross-tissue: 0/0 concordant.
CDX1,84,survived,down,3,0,0,Same-tissue replication: 3/3 concordant. Cross-tissue: 0/0 concordant.
CLEC3A,84,survived,down,3,0,0,Same-tissue replication: 3/3 concordant. Cross-tissue: 0/0 concordant.
KRTAP4-1,84,survived,down,2,0,0,Same-tissue replication: 2/3 concordant. Cross-tissue: 0/0 concordant.
KRTAP7-1,84,survived,down,3,0,0,Same-tissue replication: 3/3 concordant. Cross-tissue: 0/0 concordant.
MYO19,84,survived,down,3,0,0,Same-tissue replication: 3/3 concordant. Cross-tissue: 0/0 concordant.
RAB41,84,insufficient_data,down,0,0,0,No replication data available for this gene.
TMEM126B,84,survived,down,1,0,0,Same-tissue replication: 1/3 concordant. Cross-tissue: 0/0 concordant.
UQCC3,84,survived,down,3,0,0,Same-tissue replication: 3/3 concordant. Cross-tissue: 0/0 concordant.
C6orf62,85,survived,up,3,0,0,Same-tissue replication: 3/3 concordant. Cross-tissue: 0/0 concordant.
CFAP54,85,survived,up,3,0,0,Same-tissue replication: 3/3 concordant. Cross-tissue: 0/0 concordant.
FICD,85,survived,up,3,0,0,Same-tissue replication: 3/3 concordant. Cross-tissue: 0/0 concordant.
HTRA4,85,survived,up,2,0,0,Same-tissue replication: 2/3 concordant. Cross-tissue: 0/0 concordant.
KCNA2,85,survived,up,3,0,0,Same-tissue replication: 3/3 concordant. Cross-tissue: 0/0 concordant.
LAMP5,85,survived,up,3,0,0,Same-tissue replication: 3/3 concordant. Cross-tissue: 0/0 concordant.
MMP25,85,survived,up,1,0,0,Same-tissue replication: 1/3 concordant. Cross-tissue: 0/0 concordant.
MTSS2,85,survived,up,1,0,0,Same-tissue replication: 1/3 concordant. Cross-tissue: 0/0 concordant.
NUTF2,85,survived,up,1,0,0,Same-tissue replication: 1/1 concordant. Cross-tissue: 0/0 concordant.
PDE1C,85,survived,up,3,0,0,Same-tissue replication: 3/3 concordant. Cross-tissue: 0/0 concordant.
RPLP2,85,survived,up,0,0,0,Same-tissue replication: 0/3 concordant. Cross-tissue: 0/0 concordant.
TGIF2,85,survived,up,3,0,0,Same-tissue replication: 3/3 concordant. Cross-tissue: 0/0 concordant.
ABCA10,86,insufficient_data,down,0,0,0,No replication data available for this gene.
DDO,86,survived,down,3,0,0,Same-tissue replication: 3/3 concordant. Cross-tissue: 0/0 concordant.
LPAR1,86,survived,down,2,0,0,Same-tissue replication: 2/3 concordant. Cross-tissue: 0/0 concordant.
PWWP3B,86,survived,down,2,0,0,Same-tissue replication: 2/3 concordant. Cross-tissue: 0/0 concordant.
STOX1,86,survived,down,3,0,0,Same-tissue replication: 3/3 concordant. Cross-tissue: 0/0 concordant.
UQCR10,86,survived,down,3,0,0,Same-tissue replication: 3/3 concordant. Cross-tissue: 0/0 concordant.
CCDC146,87,survived,down,3,0,0,Same-tissue replication: 3/3 concordant. Cross-tissue: 0/0 concordant.
CYB561D1,87,survived,down,2,0,0,Same-tissue replication: 2/3 concordant. Cross-tissue: 0/0 concordant.
DEPTOR,87,survived,down,3,0,0,Same-tissue replication: 3/3 concordant. Cross-tissue: 0/0 concordant.
GLE1,87,survived,down,1,0,0,Same-tissue replication: 1/3 concordant. Cross-tissue: 0/0 concordant.
MYL12B,87,survived,down,2,0,0,Same-tissue replication: 2/3 concordant. Cross-tissue: 0/0 concordant.
NELFB,87,survived,down,2,0,0,Same-tissue replication: 2/3 concordant. Cross-tissue: 0/0 concordant.
RTF1,87,survived,down,2,0,0,Same-tissue replication: 2/3 concordant. Cross-tissue: 0/0 concordant.
SH2D7,87,insufficient_data,down,0,0,0,No replication data available for this gene.
STAMBP,87,survived,down,3,0,0,Same-tissue replication: 3/3 concordant. Cross-tissue: 0/0 concordant.
TMEM53,87,survived,down,2,0,0,Same-tissue replication: 2/3 concordant. Cross-tissue: 0/0 concordant.
UQCR11,87,survived,down,3,0,0,Same-tissue replication: 3/3 concordant. Cross-tissue: 0/0 concordant.
ARF6,88,survived,down,3,0,0,Same-tissue replication: 3/3 concordant. Cross-tissue: 0/0 concordant.
MRPL30,88,eliminated,down,2,1,0,Significant opposite direction in same-tissue dataset(s): ['GSE38713']. Discovery direction: down.
PWWP2A,88,survived,down,3,0,0,Same-tissue replication: 3/3 concordant. Cross-tissue: 0/0 concordant.
STOML2,88,survived,down,0,0,0,Same-tissue replication: 0/3 concordant. Cross-tissue: 0/0 concordant.
FGF9,89,survived,down,3,0,0,Same-tissue replication: 3/3 concordant. Cross-tissue: 0/0 concordant.
LAMP2,89,survived,down,3,0,0,Same-tissue replication: 3/3 concordant. Cross-tissue: 0/0 concordant.
NWD2,89,survived,down,2,0,0,Same-tissue replication: 2/3 concordant. Cross-tissue: 0/0 concordant.
OGG1,89,survived,down,0,0,0,Same-tissue replication: 0/3 concordant. Cross-tissue: 0/0 concordant.
PC,89,survived,down,2,0,0,Same-tissue replication: 2/3 concordant. Cross-tissue: 0/0 concordant.
SLC2A8,89,survived,down,1,0,0,Same-tissue replication: 1/3 concordant. Cross-tissue: 0/0 concordant.
SLC45A2,89,survived,down,2,0,0,Same-tissue replication: 2/3 concordant. Cross-tissue: 0/0 concordant.
SLC6A9,89,survived,down,2,0,0,Same-tissue replication: 2/3 concordant. Cross-tissue: 0/0 concordant.
ZNF737,89,insufficient_data,down,0,0,0,No replication data available for this gene.
ABHD3,94,survived,down,3,0,0,Same-tissue replication: 3/3 concordant. Cross-tissue: 0/0 concordant.
AGAP1,94,survived,down,3,0,0,Same-tissue replication: 3/3 concordant. Cross-tissue: 0/0 concordant.
BTBD3,94,survived,down,3,0,0,Same-tissue replication: 3/3 concordant. Cross-tissue: 0/0 concordant.
CNNM4,94,survived,down,3,0,0,Same-tissue replication: 3/3 concordant. Cross-tissue: 0/0 concordant.
DMAP1,94,survived,down,3,0,0,Same-tissue replication: 3/3 concordant. Cross-tissue: 0/0 concordant.
IGF2BP2,94,survived,down,3,0,0,Same-tissue replication: 3/3 concordant. Cross-tissue: 0/0 concordant.
LGALS3,94,survived,down,3,0,0,Same-tissue replication: 3/3 concordant. Cross-tissue: 0/0 concordant.
MTMR3,94,survived,down,3,0,0,Same-tissue replication: 3/3 concordant. Cross-tissue: 0/0 concordant.
PRDM4,94,survived,down,3,0,0,Same-tissue replication: 3/3 concordant. Cross-tissue: 0/0 concordant.
SLC60A2,94,survived,down,3,0,0,Same-tissue replication: 3/3 concordant. Cross-tissue: 0/0 concordant.
ZNF44,94,survived,down,3,0,0,Same-tissue replication: 3/3 concordant. Cross-tissue: 0/0 concordant.
ZNF528,94,survived,down,2,0,0,Same-tissue replication: 2/3 concordant. Cross-tissue: 0/0 concordant.
ZNF789,94,survived,down,3,0,0,Same-tissue replication: 3/3 concordant. Cross-tissue: 0/0 concordant.
AIFM1,95,survived,down,2,0,0,Same-tissue replication: 2/3 concordant. Cross-tissue: 0/0 concordant.
C2CD5,95,survived,down,3,0,0,Same-tissue replication: 3/3 concordant. Cross-tissue: 0/0 concordant.
CD58,95,survived,down,1,0,0,Same-tissue replication: 1/3 concordant. Cross-tissue: 0/0 concordant.
CRYBG2,95,survived,down,2,0,0,Same-tissue replication: 2/3 concordant. Cross-tissue: 0/0 concordant.
DORIP1,95,survived,down,3,0,0,Same-tissue replication: 3/3 concordant. Cross-tissue: 0/0 concordant.
GINM1,95,survived,down,3,0,0,Same-tissue replication: 3/3 concordant. Cross-tissue: 0/0 concordant.
HBP1,95,survived,down,3,0,0,Same-tissue replication: 3/3 concordant. Cross-tissue: 0/0 concordant.
PLEKHF2,95,survived,down,3,0,0,Same-tissue replication: 3/3 concordant. Cross-tissue: 0/0 concordant.
TSTD2,95,survived,down,3,0,0,Same-tissue replication: 3/3 concordant. Cross-tissue: 0/0 concordant.
ABLIM3,96,survived,up,3,0,0,Same-tissue replication: 3/3 concordant. Cross-tissue: 0/0 concordant.
APOL6,96,survived,up,3,0,0,Same-tissue replication: 3/3 concordant. Cross-tissue: 0/0 concordant.
DHX30,96,survived,up,3,0,0,Same-tissue replication: 3/3 concordant. Cross-tissue: 0/0 concordant.
FFAR3,96,survived,up,0,0,0,Same-tissue replication: 0/1 concordant. Cross-tissue: 0/0 concordant.
GSTT2B,96,insufficient_data,up,0,0,0,No replication data available for this gene.
PTPRE,96,survived,up,3,0,0,Same-tissue replication: 3/3 concordant. Cross-tissue: 0/0 concordant.
TPD52L2,96,survived,up,3,0,0,Same-tissue replication: 3/3 concordant. Cross-tissue: 0/0 concordant.
TRAPPC12,96,survived,up,3,0,0,Same-tissue replication: 3/3 concordant. Cross-tissue: 0/0 concordant.
ZC3HC1,96,survived,up,3,0,0,Same-tissue replication: 3/3 concordant. Cross-tissue: 0/0 concordant.
CCDC80,97,survived,up,3,0,0,Same-tissue replication: 3/3 concordant. Cross-tissue: 0/0 concordant.
CYSLTR1,97,survived,up,3,0,0,Same-tissue replication: 3/3 concordant. Cross-tissue: 0/0 concordant.
FOCAD,97,survived,up,2,0,0,Same-tissue replication: 2/3 concordant. Cross-tissue: 0/0 concordant.
SLC2A1,97,survived,up,3,0,0,Same-tissue replication: 3/3 concordant. Cross-tissue: 0/0 concordant.
TTK,97,survived,up,2,0,0,Same-tissue replication: 2/3 concordant. Cross-tissue: 0/0 concordant.
ZNF185,97,eliminated,up,1,1,0,Significant opposite direction in same-tissue dataset(s): ['GSE36807']. Discovery direction: up.
CBLIF,98,survived,up,3,0,0,Same-tissue replication: 3/3 concordant. Cross-tissue: 0/0 concordant.
EDNRB,98,survived,up,3,0,0,Same-tissue replication: 3/3 concordant. Cross-tissue: 0/0 concordant.
EVI2A,98,survived,up,3,0,0,Same-tissue replication: 3/3 concordant. Cross-tissue: 0/0 concordant.
FYB1,98,survived,up,3,0,0,Same-tissue replication: 3/3 concordant. Cross-tissue: 0/0 concordant.
KRT23,98,survived,up,3,0,0,Same-tissue replication: 3/3 concordant. Cross-tissue: 0/0 concordant.
SAMD9,98,survived,up,3,0,0,Same-tissue replication: 3/3 concordant. Cross-tissue: 0/0 concordant.
PLAAT3,99,survived,up,3,0,0,Same-tissue replication: 3/3 concordant. Cross-tissue: 0/0 concordant.
UTP11,99,survived,up,3,0,0,Same-tissue replication: 3/3 concordant. Cross-tissue: 0/0 concordant.
XRCC2,99,eliminated,up,0,1,0,Significant opposite direction in same-tissue dataset(s): ['GSE36807']. Discovery direction: up.
AP2B1,100,survived,up,3,0,0,Same-tissue replication: 3/3 concordant. Cross-tissue: 0/0 concordant.
EXOC3L2,100,survived,up,3,0,0,Same-tissue replication: 3/3 concordant. Cross-tissue: 0/0 concordant.
H2BC21,100,survived,up,2,0,0,Same-tissue replication: 2/3 concordant. Cross-tissue: 0/0 concordant.
MSANTD4,100,survived,up,3,0,0,Same-tissue replication: 3/3 concordant. Cross-tissue: 0/0 concordant.
SFXN2,100,survived,up,3,0,0,Same-tissue replication: 3/3 concordant. Cross-tissue: 0/0 concordant.
CYRIB,101,survived,up,3,0,0,Same-tissue replication: 3/3 concordant. Cross-tissue: 0/0 concordant.
IFFO2,101,survived,up,3,0,0,Same-tissue replication: 3/3 concordant. Cross-tissue: 0/0 concordant.
YOD1,101,survived,up,2,0,0,Same-tissue replication: 2/3 concordant. Cross-tissue: 0/0 concordant.
CISD1,102,survived,down,2,0,0,Same-tissue replication: 2/3 concordant. Cross-tissue: 0/0 concordant.
GNA13,102,survived,down,2,0,0,Same-tissue replication: 2/3 concordant. Cross-tissue: 0/0 concordant.
GPRIN2,102,survived,down,3,0,0,Same-tissue replication: 3/3 concordant. Cross-tissue: 0/0 concordant.
IL22RA1,102,survived,down,3,0,0,Same-tissue replication: 3/3 concordant. Cross-tissue: 0/0 concordant.
PLIN1,102,survived,down,2,0,0,Same-tissue replication: 2/3 concordant. Cross-tissue: 0/0 concordant.
POR,102,survived,down,2,0,0,Same-tissue replication: 2/3 concordant. Cross-tissue: 0/0 concordant.
STYK1,102,survived,down,3,0,0,Same-tissue replication: 3/3 concordant. Cross-tissue: 0/0 concordant.
TMEM125,102,survived,down,3,0,0,Same-tissue replication: 3/3 concordant. Cross-tissue: 0/0 concordant.
TSTD1,102,survived,down,3,0,0,Same-tissue replication: 3/3 concordant. Cross-tissue: 0/0 concordant.
WDSUB1,102,survived,down,3,0,0,Same-tissue replication: 3/3 concordant. Cross-tissue: 0/0 concordant.
WNK2,102,survived,down,3,0,0,Same-tissue replication: 3/3 concordant. Cross-tissue: 0/0 concordant.
APOBEC4,103,survived,down,2,0,0,Same-tissue replication: 2/3 concordant. Cross-tissue: 0/0 concordant.
GSTK1,103,survived,down,2,0,0,Same-tissue replication: 2/3 concordant. Cross-tissue: 0/0 concordant.
P4HTM,103,survived,down,2,0,0,Same-tissue replication: 2/3 concordant. Cross-tissue: 0/0 concordant.
PLCXD2,103,survived,down,1,0,0,Same-tissue replication: 1/3 concordant. Cross-tissue: 0/0 concordant.
POM121L2,103,survived,down,3,0,0,Same-tissue replication: 3/3 concordant. Cross-tissue: 0/0 concordant.
STUB1,103,survived,down,1,0,0,Same-tissue replication: 1/3 concordant. Cross-tissue: 0/0 concordant.
GJD4,104,survived,down,1,0,0,Same-tissue replication: 1/3 concordant. Cross-tissue: 0/0 concordant.
NDUFV3,104,survived,down,1,0,0,Same-tissue replication: 1/3 concordant. Cross-tissue: 0/0 concordant.
PROKR1,104,insufficient_data,down,0,0,0,No replication data available for this gene.
SCML4,104,survived,down,2,0,0,Same-tissue replication: 2/3 concordant. Cross-tissue: 0/0 concordant.
SERPINA12,104,survived,down,1,0,0,Same-tissue replication: 1/3 concordant. Cross-tissue: 0/0 concordant.
SYCE1,104,survived,down,2,0,0,Same-tissue replication: 2/3 concordant. Cross-tissue: 0/0 concordant.
ZSCAN2,104,survived,down,3,0,0,Same-tissue replication: 3/3 concordant. Cross-tissue: 0/0 concordant.
ASB14,105,survived,down,3,0,0,Same-tissue replication: 3/3 concordant. Cross-tissue: 0/0 concordant.
CBLL1,105,survived,down,3,0,0,Same-tissue replication: 3/3 concordant. Cross-tissue: 0/0 concordant.
CSNK2A3,105,survived,down,1,0,0,Same-tissue replication: 1/1 concordant. Cross-tissue: 0/0 concordant.
DDX41,105,survived,down,2,0,0,Same-tissue replication: 2/3 concordant. Cross-tissue: 0/0 concordant.
KHDC3L,105,survived,down,1,0,0,Same-tissue replication: 1/3 concordant. Cross-tissue: 0/0 concordant.
MYH7B,105,survived,down,3,0,0,Same-tissue replication: 3/3 concordant. Cross-tissue: 0/0 concordant.
WFIKKN1,105,survived,down,1,0,0,Same-tissue replication: 1/3 concordant. Cross-tissue: 0/0 concordant.
CLEC5A,107,survived,up,3,0,0,Same-tissue replication: 3/3 concordant. Cross-tissue: 0/0 concordant.
GALNT2,107,survived,up,3,0,0,Same-tissue replication: 3/3 concordant. Cross-tissue: 0/0 concordant.
LATS2,107,survived,up,3,0,0,Same-tissue replication: 3/3 concordant. Cross-tissue: 0/0 concordant.
LDLRAD3,107,survived,up,3,0,0,Same-tissue replication: 3/3 concordant. Cross-tissue: 0/0 concordant.
MAGED1,107,survived,up,3,0,0,Same-tissue replication: 3/3 concordant. Cross-tissue: 0/0 concordant.
TRIM16,107,survived,up,3,0,0,Same-tissue replication: 3/3 concordant. Cross-tissue: 0/0 concordant.
TRIP13,107,survived,up,3,0,0,Same-tissue replication: 3/3 concordant. Cross-tissue: 0/0 concordant.
ZNF618,107,survived,up,3,0,0,Same-tissue replication: 3/3 concordant. Cross-tissue: 0/0 concordant.
CD276,108,survived,up,3,0,0,Same-tissue replication: 3/3 concordant. Cross-tissue: 0/0 concordant.
CXCL17,108,survived,up,3,0,0,Same-tissue replication: 3/3 concordant. Cross-tissue: 0/0 concordant.
FMO3,108,survived,up,3,0,0,Same-tissue replication: 3/3 concordant. Cross-tissue: 0/0 concordant.
RAMP3,108,survived,up,3,0,0,Same-tissue replication: 3/3 concordant. Cross-tissue: 0/0 concordant.
RASIP1,108,survived,up,3,0,0,Same-tissue replication: 3/3 concordant. Cross-tissue: 0/0 concordant.
TMEM184B,108,survived,up,3,0,0,Same-tissue replication: 3/3 concordant. Cross-tissue: 0/0 concordant.
ATAD3C,109,survived,up,2,0,0,Same-tissue replication: 2/3 concordant. Cross-tissue: 0/0 concordant.
COMT,109,survived,up,2,0,0,Same-tissue replication: 2/3 concordant. Cross-tissue: 0/0 concordant.
KRAS,109,eliminated,up,0,1,0,Significant opposite direction in same-tissue dataset(s): ['GSE36807']. Discovery direction: up.
MAP7D1,109,survived,up,3,0,0,Same-tissue replication: 3/3 concordant. Cross-tissue: 0/0 concordant.
RAB12,109,survived,up,2,0,0,Same-tissue replication: 2/3 concordant. Cross-tissue: 0/0 concordant.
SS18,109,survived,up,2,0,0,Same-tissue replication: 2/3 concordant. Cross-tissue: 0/0 concordant.
CLPB,110,survived,up,3,0,0,Same-tissue replication: 3/3 concordant. Cross-tissue: 0/0 concordant.
CLSPN,110,survived,up,3,0,0,Same-tissue replication: 3/3 concordant. Cross-tissue: 0/0 concordant.
CSF1,110,survived,up,3,0,0,Same-tissue replication: 3/3 concordant. Cross-tissue: 0/0 concordant.
ELL,110,survived,up,3,0,0,Same-tissue replication: 3/3 concordant. Cross-tissue: 0/0 concordant.
FOXK1,110,eliminated,up,1,1,0,Significant opposite direction in same-tissue dataset(s): ['GSE36807']. Discovery direction: up.
HUWE1,110,eliminated,up,1,1,0,Significant opposite direction in same-tissue dataset(s): ['GSE87466']. Discovery direction: up.
MDGA1,110,survived,up,2,0,0,Same-tissue replication: 2/3 concordant. Cross-tissue: 0/0 concordant.
NHERF2,110,survived,up,3,0,0,Same-tissue replication: 3/3 concordant. Cross-tissue: 0/0 concordant.
NUS1,110,survived,up,3,0,0,Same-tissue replication: 3/3 concordant. Cross-tissue: 0/0 concordant.
PAK2,110,survived,up,3,0,0,Same-tissue replication: 3/3 concordant. Cross-tissue: 0/0 concordant.
PELP1,110,survived,up,1,0,0,Same-tissue replication: 1/3 concordant. Cross-tissue: 0/0 concordant.
PRPH2,110,survived,up,3,0,0,Same-tissue replication: 3/3 concordant. Cross-tissue: 0/0 concordant.
PSPC1,110,survived,up,3,0,0,Same-tissue replication: 3/3 concordant. Cross-tissue: 0/0 concordant.
RANBP1,110,survived,up,3,0,0,Same-tissue replication: 3/3 concordant. Cross-tissue: 0/0 concordant.
RASEF,110,survived,up,1,0,0,Same-tissue replication: 1/3 concordant. Cross-tissue: 0/0 concordant.
TSHR,110,survived,up,2,0,0,Same-tissue replication: 2/3 concordant. Cross-tissue: 0/0 concordant.
ZSWIM4,110,survived,up,1,0,0,Same-tissue replication: 1/3 concordant. Cross-tissue: 0/0 concordant.
EMSY,113,eliminated,up,0,2,0,"Significant opposite direction in same-tissue dataset(s): ['GSE38713', 'GSE36807']. Discovery direction: up."
LAMA3,113,survived,up,3,0,0,Same-tissue replication: 3/3 concordant. Cross-tissue: 0/0 concordant.
MEIOC,113,eliminated,up,0,1,0,Significant opposite direction in same-tissue dataset(s): ['GSE36807']. Discovery direction: up.
MYLK2,113,eliminated,up,1,1,0,Significant opposite direction in same-tissue dataset(s): ['GSE87466']. Discovery direction: up.
SRY,113,eliminated,up,1,1,0,Significant opposite direction in same-tissue dataset(s): ['GSE87466']. Discovery direction: up.
UACA,113,survived,down,2,0,0,Same-tissue replication: 2/3 concordant. Cross-tissue: 0/0 concordant.
ZBTB7A,113,survived,up,0,0,0,Same-tissue replication: 0/3 concordant. Cross-tissue: 0/0 concordant.
FSTL5,114,eliminated,up,2,1,0,Significant opposite direction in same-tissue dataset(s): ['GSE87466']. Discovery direction: up.
FUT6,114,survived,down,1,0,0,Same-tissue replication: 1/3 concordant. Cross-tissue: 0/0 concordant.
RCCD1,114,survived,down,3,0,0,Same-tissue replication: 3/3 concordant. Cross-tissue: 0/0 concordant.
RPL11,114,eliminated,up,0,2,0,"Significant opposite direction in same-tissue dataset(s): ['GSE38713', 'GSE36807']. Discovery direction: up."
RPS29,114,eliminated,up,0,3,0,"Significant opposite direction in same-tissue dataset(s): ['GSE87466', 'GSE38713', 'GSE36807']. Discovery direction: up."
CHPT1,115,survived,down,3,0,0,Same-tissue replication: 3/3 concordant. Cross-tissue: 0/0 concordant.
EIF4EBP2,115,survived,down,3,0,0,Same-tissue replication: 3/3 concordant. Cross-tissue: 0/0 concordant.
EPB41L4B,115,survived,down,3,0,0,Same-tissue replication: 3/3 concordant. Cross-tissue: 0/0 concordant.
GDA,115,survived,down,2,0,0,Same-tissue replication: 2/3 concordant. Cross-tissue: 0/0 concordant.
GIPC2,115,survived,down,3,0,0,Same-tissue replication: 3/3 concordant. Cross-tissue: 0/0 concordant.
IGSF3,115,survived,down,3,0,0,Same-tissue replication: 3/3 concordant. Cross-tissue: 0/0 concordant.
KCNK5,115,survived,down,3,0,0,Same-tissue replication: 3/3 concordant. Cross-tissue: 0/0 concordant.
NHSL1,115,survived,down,3,0,0,Same-tissue replication: 3/3 concordant. Cross-tissue: 0/0 concordant.
PMM1,115,survived,down,3,0,0,Same-tissue replication: 3/3 concordant. Cross-tissue: 0/0 concordant.
VSIG10,115,survived,down,3,0,0,Same-tissue replication: 3/3 concordant. Cross-tissue: 0/0 concordant.
COL7A1,116,survived,up,3,0,0,Same-tissue replication: 3/3 concordant. Cross-tissue: 0/0 concordant.
CUTA,116,survived,down,2,0,0,Same-tissue replication: 2/3 concordant. Cross-tissue: 0/0 concordant.
EXD2,116,eliminated,up,0,1,0,Significant opposite direction in same-tissue dataset(s): ['GSE38713']. Discovery direction: up.
MORF4L1,116,eliminated,down,2,1,0,Significant opposite direction in same-tissue dataset(s): ['GSE87466']. Discovery direction: down.
PFDN5,116,survived,down,2,0,0,Same-tissue replication: 2/3 concordant. Cross-tissue: 0/0 concordant.
RPS15,116,survived,down,2,0,0,Same-tissue replication: 2/3 concordant. Cross-tissue: 0/0 concordant.
DNALI1,117,survived,up,3,0,0,Same-tissue replication: 3/3 concordant. Cross-tissue: 0/0 concordant.
DOK2,117,survived,up,3,0,0,Same-tissue replication: 3/3 concordant. Cross-tissue: 0/0 concordant.
EML3,117,survived,up,3,0,0,Same-tissue replication: 3/3 concordant. Cross-tissue: 0/0 concordant.
APIP,118,survived,up,3,0,0,Same-tissue replication: 3/3 concordant. Cross-tissue: 0/0 concordant.
CDC42EP2,118,survived,up,3,0,0,Same-tissue replication: 3/3 concordant. Cross-tissue: 0/0 concordant.
CEP135,118,survived,up,3,0,0,Same-tissue replication: 3/3 concordant. Cross-tissue: 0/0 concordant.
IER2,118,survived,up,1,0,0,Same-tissue replication: 1/3 concordant. Cross-tissue: 0/0 concordant.
MAGED2,118,survived,up,2,0,0,Same-tissue replication: 2/3 concordant. Cross-tissue: 0/0 concordant.
WDR54,118,survived,up,3,0,0,Same-tissue replication: 3/3 concordant. Cross-tissue: 0/0 concordant.
DDIAS,119,survived,up,3,0,0,Same-tissue replication: 3/3 concordant. Cross-tissue: 0/0 concordant.
NFE2L3,119,survived,up,3,0,0,Same-tissue replication: 3/3 concordant. Cross-tissue: 0/0 concordant.
PNP,119,survived,up,3,0,0,Same-tissue replication: 3/3 concordant. Cross-tissue: 0/0 concordant.
SERPINB8,119,survived,up,3,0,0,Same-tissue replication: 3/3 concordant. Cross-tissue: 0/0 concordant.
SLC2A6,119,survived,up,3,0,0,Same-tissue replication: 3/3 concordant. Cross-tissue: 0/0 concordant.
ANKLE2,120,survived,up,3,0,0,Same-tissue replication: 3/3 concordant. Cross-tissue: 0/0 concordant.
ELK1,120,survived,up,3,0,0,Same-tissue replication: 3/3 concordant. Cross-tissue: 0/0 concordant.
EMD,120,survived,up,3,0,0,Same-tissue replication: 3/3 concordant. Cross-tissue: 0/0 concordant.
GEMIN4,120,survived,up,3,0,0,Same-tissue replication: 3/3 concordant. Cross-tissue: 0/0 concordant.
H2AC19,120,survived,up,3,0,0,Same-tissue replication: 3/3 concordant. Cross-tissue: 0/0 concordant.
LRRC8A,120,survived,up,3,0,0,Same-tissue replication: 3/3 concordant. Cross-tissue: 0/0 concordant.
RAPGEF3,120,survived,up,3,0,0,Same-tissue replication: 3/3 concordant. Cross-tissue: 0/0 concordant.
TENM3,120,survived,up,1,0,0,Same-tissue replication: 1/3 concordant. Cross-tissue: 0/0 concordant.
CCNG1,123,survived,down,3,0,0,Same-tissue replication: 3/3 concordant. Cross-tissue: 0/0 concordant.
CNIH4,123,survived,down,2,0,0,Same-tissue replication: 2/3 concordant. Cross-tissue: 0/0 concordant.
ETFB,123,survived,down,3,0,0,Same-tissue replication: 3/3 concordant. Cross-tissue: 0/0 concordant.
NEU4,123,survived,down,3,0,0,Same-tissue replication: 3/3 concordant. Cross-tissue: 0/0 concordant.
RCHY1,123,survived,down,3,0,0,Same-tissue replication: 3/3 concordant. Cross-tissue: 0/0 concordant.
USP45,123,survived,down,2,0,0,Same-tissue replication: 2/3 concordant. Cross-tissue: 0/0 concordant.
BCL2L11,124,survived,down,3,0,0,Same-tissue replication: 3/3 concordant. Cross-tissue: 0/0 concordant.
CEBPA,124,survived,down,3,0,0,Same-tissue replication: 3/3 concordant. Cross-tissue: 0/0 concordant.
CYP4V2,124,survived,down,3,0,0,Same-tissue replication: 3/3 concordant. Cross-tissue: 0/0 concordant.
FAM13A,124,survived,down,3,0,0,Same-tissue replication: 3/3 concordant. Cross-tissue: 0/0 concordant.
GLOD5,124,survived,down,3,0,0,Same-tissue replication: 3/3 concordant. Cross-tissue: 0/0 concordant.
GLYCTK,124,eliminated,down,2,1,0,Significant opposite direction in same-tissue dataset(s): ['GSE36807']. Discovery direction: down.
IFNLR1,124,survived,down,3,0,0,Same-tissue replication: 3/3 concordant. Cross-tissue: 0/0 concordant.
VSIG10L,124,survived,down,1,0,0,Same-tissue replication: 1/3 concordant. Cross-tissue: 0/0 concordant.
CHMP4C,125,survived,down,3,0,0,Same-tissue replication: 3/3 concordant. Cross-tissue: 0/0 concordant.
ECI2,125,survived,down,3,0,0,Same-tissue replication: 3/3 concordant. Cross-tissue: 0/0 concordant.
GON7,125,survived,down,3,0,0,Same-tissue replication: 3/3 concordant. Cross-tissue: 0/0 concordant.
SLC25A36,125,survived,down,3,0,0,Same-tissue replication: 3/3 concordant. Cross-tissue: 0/0 concordant.
SLC35D1,125,survived,down,3,0,0,Same-tissue replication: 3/3 concordant. Cross-tissue: 0/0 concordant.
ZC3H6,125,survived,down,3,0,0,Same-tissue replication: 3/3 concordant. Cross-tissue: 0/0 concordant.
AGMAT,126,survived,down,2,0,0,Same-tissue replication: 2/3 concordant. Cross-tissue: 0/0 concordant.
MXI1,126,survived,down,3,0,0,Same-tissue replication: 3/3 concordant. Cross-tissue: 0/0 concordant.
PTPN21,126,survived,down,3,0,0,Same-tissue replication: 3/3 concordant. Cross-tissue: 0/0 concordant.
RNF157,126,survived,down,3,0,0,Same-tissue replication: 3/3 concordant. Cross-tissue: 0/0 concordant.
SLC16A5,126,survived,down,3,0,0,Same-tissue replication: 3/3 concordant. Cross-tissue: 0/0 concordant.
VAV2,126,survived,down,3,0,0,Same-tissue replication: 3/3 concordant. Cross-tissue: 0/0 concordant.
ACACB,127,survived,down,3,0,0,Same-tissue replication: 3/3 concordant. Cross-tissue: 0/0 concordant.
ACBD5,127,survived,down,3,0,0,Same-tissue replication: 3/3 concordant. Cross-tissue: 0/0 concordant.
BCL2L14,127,survived,down,3,0,0,Same-tissue replication: 3/3 concordant. Cross-tissue: 0/0 concordant.
C1orf21,127,survived,down,3,0,0,Same-tissue replication: 3/3 concordant. Cross-tissue: 0/0 concordant.
CHMP4B,127,survived,down,3,0,0,Same-tissue replication: 3/3 concordant. Cross-tissue: 0/0 concordant.
DELE1,127,survived,down,3,0,0,Same-tissue replication: 3/3 concordant. Cross-tissue: 0/0 concordant.
ECI1,127,survived,down,3,0,0,Same-tissue replication: 3/3 concordant. Cross-tissue: 0/0 concordant.
HOXB3,127,survived,down,3,0,0,Same-tissue replication: 3/3 concordant. Cross-tissue: 0/0 concordant.
LARGE1,127,survived,down,3,0,0,Same-tissue replication: 3/3 concordant. Cross-tissue: 0/0 concordant.
MCRIP2,127,survived,down,3,0,0,Same-tissue replication: 3/3 concordant. Cross-tissue: 0/0 concordant.
PCMT1,127,survived,down,3,0,0,Same-tissue replication: 3/3 concordant. Cross-tissue: 0/0 concordant.
PIGS,127,survived,down,3,0,0,Same-tissue replication: 3/3 concordant. Cross-tissue: 0/0 concordant.
TRAPPC6A,127,survived,down,3,0,0,Same-tissue replication: 3/3 concordant. Cross-tissue: 0/0 concordant.
VAMP8,127,survived,down,3,0,0,Same-tissue replication: 3/3 concordant. Cross-tissue: 0/0 concordant.
WIPF2,127,survived,down,3,0,0,Same-tissue replication: 3/3 concordant. Cross-tissue: 0/0 concordant.
ZHX3,127,survived,down,2,0,0,Same-tissue replication: 2/3 concordant. Cross-tissue: 0/0 concordant.
ZNF688,127,survived,down,2,0,0,Same-tissue replication: 2/3 concordant. Cross-tissue: 0/0 concordant.
CD46,128,survived,down,3,0,0,Same-tissue replication: 3/3 concordant. Cross-tissue: 0/0 concordant.
HDHD2,128,survived,down,3,0,0,Same-tissue replication: 3/3 concordant. Cross-tissue: 0/0 concordant.
LYSET,128,survived,down,3,0,0,Same-tissue replication: 3/3 concordant. Cross-tissue: 0/0 concordant.
NR2F6,128,survived,down,3,0,0,Same-tissue replication: 3/3 concordant. Cross-tissue: 0/0 concordant.
PLEKHM3,128,survived,down,3,0,0,Same-tissue replication: 3/3 concordant. Cross-tissue: 0/0 concordant.
SLC38A9,128,survived,down,3,0,0,Same-tissue replication: 3/3 concordant. Cross-tissue: 0/0 concordant.
TMEM14B,128,survived,down,3,0,0,Same-tissue replication: 3/3 concordant. Cross-tissue: 0/0 concordant.
TMEM184C,128,survived,down,3,0,0,Same-tissue replication: 3/3 concordant. Cross-tissue: 0/0 concordant.
ZNF585A,128,survived,down,3,0,0,Same-tissue replication: 3/3 concordant. Cross-tissue: 0/0 concordant.
ZZEF1,128,survived,down,3,0,0,Same-tissue replication: 3/3 concordant. Cross-tissue: 0/0 concordant.
CASP6,129,survived,down,3,0,0,Same-tissue replication: 3/3 concordant. Cross-tissue: 0/0 concordant.
CNST,129,survived,down,3,0,0,Same-tissue replication: 3/3 concordant. Cross-tissue: 0/0 concordant.
EPB41L5,129,survived,down,3,0,0,Same-tissue replication: 3/3 concordant. Cross-tissue: 0/0 concordant.
FRK,129,survived,down,3,0,0,Same-tissue replication: 3/3 concordant. Cross-tissue: 0/0 concordant.
MAP3K2,129,survived,down,2,0,0,Same-tissue replication: 2/3 concordant. Cross-tissue: 0/0 concordant.
MPI,129,survived,down,2,0,0,Same-tissue replication: 2/3 concordant. Cross-tissue: 0/0 concordant.
MYO5B,129,survived,down,3,0,0,Same-tissue replication: 3/3 concordant. Cross-tissue: 0/0 concordant.
NDFIP2,129,survived,down,3,0,0,Same-tissue replication: 3/3 concordant. Cross-tissue: 0/0 concordant.
PIP5K1B,129,survived,down,3,0,0,Same-tissue replication: 3/3 concordant. Cross-tissue: 0/0 concordant.
PLD1,129,survived,down,2,0,0,Same-tissue replication: 2/3 concordant. Cross-tissue: 0/0 concordant.
SYNPO,129,survived,down,2,0,0,Same-tissue replication: 2/3 concordant. Cross-tissue: 0/0 concordant.
ZNF600,129,survived,down,3,0,0,Same-tissue replication: 3/3 concordant. Cross-tissue: 0/0 concordant.
HADHB,130,survived,down,3,0,0,Same-tissue replication: 3/3 concordant. Cross-tissue: 0/0 concordant.
HYKK,130,survived,down,2,0,0,Same-tissue replication: 2/3 concordant. Cross-tissue: 0/0 concordant.
PYROXD1,130,survived,down,3,0,0,Same-tissue replication: 3/3 concordant. Cross-tissue: 0/0 concordant.
TMEM209,130,survived,down,3,0,0,Same-tissue replication: 3/3 concordant. Cross-tissue: 0/0 concordant.
ZSWIM3,130,survived,down,3,0,0,Same-tissue replication: 3/3 concordant. Cross-tissue: 0/0 concordant.
AASS,131,survived,up,2,0,0,Same-tissue replication: 2/3 concordant. Cross-tissue: 0/0 concordant.
C1QA,131,survived,up,3,0,0,Same-tissue replication: 3/3 concordant. Cross-tissue: 0/0 concordant.
CELSR1,131,survived,up,2,0,0,Same-tissue replication: 2/3 concordant. Cross-tissue: 0/0 concordant.
GLUL,131,survived,up,3,0,0,Same-tissue replication: 3/3 concordant. Cross-tissue: 0/0 concordant.
PPT1,131,survived,up,3,0,0,Same-tissue replication: 3/3 concordant. Cross-tissue: 0/0 concordant.
SLC36A4,131,survived,up,3,0,0,Same-tissue replication: 3/3 concordant. Cross-tissue: 0/0 concordant.
AKR7L,132,insufficient_data,down,0,0,0,No replication data available for this gene.
CLIC5,132,survived,down,3,0,0,Same-tissue replication: 3/3 concordant. Cross-tissue: 0/0 concordant.
DGCR2,132,survived,down,3,0,0,Same-tissue replication: 3/3 concordant. Cross-tissue: 0/0 concordant.
MT4,132,survived,down,3,0,0,Same-tissue replication: 3/3 concordant. Cross-tissue: 0/0 concordant.
ZNF808,132,survived,down,3,0,0,Same-tissue replication: 3/3 concordant. Cross-tissue: 0/0 concordant.
BRAP,133,survived,down,3,0,0,Same-tissue replication: 3/3 concordant. Cross-tissue: 0/0 concordant.
CCDC93,133,survived,down,3,0,0,Same-tissue replication: 3/3 concordant. Cross-tissue: 0/0 concordant.
MARCHF6,133,survived,down,3,0,0,Same-tissue replication: 3/3 concordant. Cross-tissue: 0/0 concordant.
PNRC2,133,survived,down,3,0,0,Same-tissue replication: 3/3 concordant. Cross-tissue: 0/0 concordant.
RAB40C,133,survived,down,3,0,0,Same-tissue replication: 3/3 concordant. Cross-tissue: 0/0 concordant.
SLC25A24,133,survived,down,3,0,0,Same-tissue replication: 3/3 concordant. Cross-tissue: 0/0 concordant.
SNX1,133,survived,down,1,0,0,Same-tissue replication: 1/3 concordant. Cross-tissue: 0/0 concordant.
SORBS3,133,survived,down,3,0,0,Same-tissue replication: 3/3 concordant. Cross-tissue: 0/0 concordant.
ZNF596,133,survived,down,3,0,0,Same-tissue replication: 3/3 concordant. Cross-tissue: 0/0 concordant.
C9orf40,134,survived,down,3,0,0,Same-tissue replication: 3/3 concordant. Cross-tissue: 0/0 concordant.
IL10RB,134,survived,down,3,0,0,Same-tissue replication: 3/3 concordant. Cross-tissue: 0/0 concordant.
LMBRD2,134,survived,down,3,0,0,Same-tissue replication: 3/3 concordant. Cross-tissue: 0/0 concordant.
MMUT,134,survived,down,3,0,0,Same-tissue replication: 3/3 concordant. Cross-tissue: 0/0 concordant.
SLC25A43,134,survived,down,3,0,0,Same-tissue replication: 3/3 concordant. Cross-tissue: 0/0 concordant.
ARHGAP17,135,survived,down,3,0,0,Same-tissue replication: 3/3 concordant. Cross-tissue: 0/0 concordant.
MAT2B,135,survived,down,3,0,0,Same-tissue replication: 3/3 concordant. Cross-tissue: 0/0 concordant.
PPIP5K1,135,survived,down,2,0,0,Same-tissue replication: 2/3 concordant. Cross-tissue: 0/0 concordant.
UBE2Q1,135,survived,down,2,0,0,Same-tissue replication: 2/3 concordant. Cross-tissue: 0/0 concordant.
ZNF395,135,survived,down,3,0,0,Same-tissue replication: 3/3 concordant. Cross-tissue: 0/0 concordant.
AP1M2,136,survived,down,3,0,0,Same-tissue replication: 3/3 concordant. Cross-tissue: 0/0 concordant.
PRKACG,136,survived,down,3,0,0,Same-tissue replication: 3/3 concordant. Cross-tissue: 0/0 concordant.
RCN3,136,survived,down,1,0,0,Same-tissue replication: 1/3 concordant. Cross-tissue: 0/0 concordant.
SLC39A12,136,survived,down,2,0,0,Same-tissue replication: 2/3 concordant. Cross-tissue: 0/0 concordant.
KCNH7,138,survived,down,1,0,0,Same-tissue replication: 1/3 concordant. Cross-tissue: 0/0 concordant.
KRT75,138,survived,down,1,0,0,Same-tissue replication: 1/3 concordant. Cross-tissue: 0/0 concordant.
MYOZ2,138,survived,down,1,0,0,Same-tissue replication: 1/3 concordant. Cross-tissue: 0/0 concordant.
REDIC1,138,survived,down,2,0,0,Same-tissue replication: 2/3 concordant. Cross-tissue: 0/0 concordant.
ATG7,141,survived,up,3,0,0,Same-tissue replication: 3/3 concordant. Cross-tissue: 0/0 concordant.
C1RL,141,survived,up,3,0,0,Same-tissue replication: 3/3 concordant. Cross-tissue: 0/0 concordant.
CFAP36,141,survived,up,3,0,0,Same-tissue replication: 3/3 concordant. Cross-tissue: 0/0 concordant.
DTD1,141,survived,up,3,0,0,Same-tissue replication: 3/3 concordant. Cross-tissue: 0/0 concordant.
FKBP15,141,survived,up,3,0,0,Same-tissue replication: 3/3 concordant. Cross-tissue: 0/0 concordant.
IMPDH1,141,survived,up,3,0,0,Same-tissue replication: 3/3 concordant. Cross-tissue: 0/0 concordant.
LRRC59,141,survived,up,3,0,0,Same-tissue replication: 3/3 concordant. Cross-tissue: 0/0 concordant.
NPM1,141,survived,up,2,0,0,Same-tissue replication: 2/3 concordant. Cross-tissue: 0/0 concordant.
RELA,141,survived,up,3,0,0,Same-tissue replication: 3/3 concordant. Cross-tissue: 0/0 concordant.
CDC42BPG,142,survived,down,2,0,0,Same-tissue replication: 2/3 concordant. Cross-tissue: 0/0 concordant.
EPS8,142,survived,down,3,0,0,Same-tissue replication: 3/3 concordant. Cross-tissue: 0/0 concordant.
FARP2,142,survived,down,3,0,0,Same-tissue replication: 3/3 concordant. Cross-tissue: 0/0 concordant.
FEM1B,142,survived,down,3,0,0,Same-tissue replication: 3/3 concordant. Cross-tissue: 0/0 concordant.
GRAMD4,142,survived,down,3,0,0,Same-tissue replication: 3/3 concordant. Cross-tissue: 0/0 concordant.
HERC3,142,survived,down,1,0,0,Same-tissue replication: 1/1 concordant. Cross-tissue: 0/0 concordant.
IQCN,142,survived,down,3,0,0,Same-tissue replication: 3/3 concordant. Cross-tissue: 0/0 concordant.
LNX1,142,survived,down,3,0,0,Same-tissue replication: 3/3 concordant. Cross-tissue: 0/0 concordant.
MVB12B,142,survived,down,3,0,0,Same-tissue replication: 3/3 concordant. Cross-tissue: 0/0 concordant.
POU2F3,142,survived,down,3,0,0,Same-tissue replication: 3/3 concordant. Cross-tissue: 0/0 concordant.
PPIL6,142,survived,down,1,0,0,Same-tissue replication: 1/3 concordant. Cross-tissue: 0/0 concordant.
TADA2B,142,survived,down,2,0,0,Same-tissue replication: 2/3 concordant. Cross-tissue: 0/0 concordant.
TRPM4,142,survived,down,3,0,0,Same-tissue replication: 3/3 concordant. Cross-tissue: 0/0 concordant.
UBR2,142,survived,down,2,0,0,Same-tissue replication: 2/3 concordant. Cross-tissue: 0/0 concordant.
ZNF181,142,insufficient_data,down,0,0,0,No replication data available for this gene.
CCDC13,143,survived,down,2,0,0,Same-tissue replication: 2/3 concordant. Cross-tissue: 0/0 concordant.
CDK19,143,survived,down,3,0,0,Same-tissue replication: 3/3 concordant. Cross-tissue: 0/0 concordant.
CTDSP1,143,survived,down,3,0,0,Same-tissue replication: 3/3 concordant. Cross-tissue: 0/0 concordant.
ETFA,143,survived,down,3,0,0,Same-tissue replication: 3/3 concordant. Cross-tissue: 0/0 concordant.
FAM110C,143,survived,down,3,0,0,Same-tissue replication: 3/3 concordant. Cross-tissue: 0/0 concordant.
FNIP1,143,survived,down,2,0,0,Same-tissue replication: 2/3 concordant. Cross-tissue: 0/0 concordant.
MGST3,143,survived,down,3,0,0,Same-tissue replication: 3/3 concordant. Cross-tissue: 0/0 concordant.
NIT1,143,survived,down,2,0,0,Same-tissue replication: 2/3 concordant. Cross-tissue: 0/0 concordant.
PELI2,143,survived,down,3,0,0,Same-tissue replication: 3/3 concordant. Cross-tissue: 0/0 concordant.
PPP1R16A,143,survived,down,3,0,0,Same-tissue replication: 3/3 concordant. Cross-tissue: 0/0 concordant.
RARS2,143,survived,down,3,0,0,Same-tissue replication: 3/3 concordant. Cross-tissue: 0/0 concordant.
RPL8,143,survived,down,3,0,0,Same-tissue replication: 3/3 concordant. Cross-tissue: 0/0 concordant.
RRN3,143,survived,down,3,0,0,Same-tissue replication: 3/3 concordant. Cross-tissue: 0/0 concordant.
SACK1G,143,survived,down,3,0,0,Same-tissue replication: 3/3 concordant. Cross-tissue: 0/0 concordant.
SNAP23,143,survived,down,1,0,0,Same-tissue replication: 1/3 concordant. Cross-tissue: 0/0 concordant.
SUMF2,143,survived,down,3,0,0,Same-tissue replication: 3/3 concordant. Cross-tissue: 0/0 concordant.
ZFAND6,143,survived,down,2,0,0,Same-tissue replication: 2/3 concordant. Cross-tissue: 0/0 concordant.
ZNF33A,143,survived,down,2,0,0,Same-tissue replication: 2/3 concordant. Cross-tissue: 0/0 concordant.
ABHD6,144,survived,down,2,0,0,Same-tissue replication: 2/3 concordant. Cross-tissue: 0/0 concordant.
C4orf33,144,survived,down,3,0,0,Same-tissue replication: 3/3 concordant. Cross-tissue: 0/0 concordant.
CA3,144,survived,down,3,0,0,Same-tissue replication: 3/3 concordant. Cross-tissue: 0/0 concordant.
DNHD1,144,survived,down,1,0,0,Same-tissue replication: 1/3 concordant. Cross-tissue: 0/0 concordant.
DOCK5,144,survived,down,3,0,0,Same-tissue replication: 3/3 concordant. Cross-tissue: 0/0 concordant.
FCHO2,144,survived,down,3,0,0,Same-tissue replication: 3/3 concordant. Cross-tissue: 0/0 concordant.
GABARAPL1,144,survived,down,2,0,0,Same-tissue replication: 2/3 concordant. Cross-tissue: 0/0 concordant.
GGTLC1,144,survived,down,3,0,0,Same-tissue replication: 3/3 concordant. Cross-tissue: 0/0 concordant.
HNRNPH3,144,survived,down,2,0,0,Same-tissue replication: 2/3 concordant. Cross-tissue: 0/0 concordant.
IMPA1,144,survived,down,2,0,0,Same-tissue replication: 2/3 concordant. Cross-tissue: 0/0 concordant.
MAP4K3,144,survived,down,3,0,0,Same-tissue replication: 3/3 concordant. Cross-tissue: 0/0 concordant.
MATK,144,survived,down,2,0,0,Same-tissue replication: 2/3 concordant. Cross-tissue: 0/0 concordant.
PPP1R14D,144,survived,down,3,0,0,Same-tissue replication: 3/3 concordant. Cross-tissue: 0/0 concordant.
REV1,144,survived,down,3,0,0,Same-tissue replication: 3/3 concordant. Cross-tissue: 0/0 concordant.
SIKE1,144,survived,down,3,0,0,Same-tissue replication: 3/3 concordant. Cross-tissue: 0/0 concordant.
TBC1D13,144,survived,down,2,0,0,Same-tissue replication: 2/3 concordant. Cross-tissue: 0/0 concordant.
TMEM176A,144,survived,down,1,0,0,Same-tissue replication: 1/3 concordant. Cross-tissue: 0/0 concordant.
TTC19,144,survived,down,3,0,0,Same-tissue replication: 3/3 concordant. Cross-tissue: 0/0 concordant.
ZNF436,144,survived,down,2,0,0,Same-tissue replication: 2/3 concordant. Cross-tissue: 0/0 concordant.
COX14,145,survived,down,3,0,0,Same-tissue replication: 3/3 concordant. Cross-tissue: 0/0 concordant.
DCAF5,145,survived,down,1,0,0,Same-tissue replication: 1/3 concordant. Cross-tissue: 0/0 concordant.
LIN7B,145,survived,down,3,0,0,Same-tissue replication: 3/3 concordant. Cross-tissue: 0/0 concordant.
NFX1,145,eliminated,down,2,1,0,Significant opposite direction in same-tissue dataset(s): ['GSE38713']. Discovery direction: down.
SLC35F5,145,eliminated,down,2,1,0,Significant opposite direction in same-tissue dataset(s): ['GSE36807']. Discovery direction: down.
TOGARAM1,145,survived,down,3,0,0,Same-tissue replication: 3/3 concordant. Cross-tissue: 0/0 concordant.
WDR37,145,survived,down,3,0,0,Same-tissue replication: 3/3 concordant. Cross-tissue: 0/0 concordant.
CALU,146,survived,up,3,0,0,Same-tissue replication: 3/3 concordant. Cross-tissue: 0/0 concordant.
CAVIN1,146,survived,up,3,0,0,Same-tissue replication: 3/3 concordant. Cross-tissue: 0/0 concordant.
DKK1,146,survived,up,3,0,0,Same-tissue replication: 3/3 concordant. Cross-tissue: 0/0 concordant.
ELL2,146,survived,up,3,0,0,Same-tissue replication: 3/3 concordant. Cross-tissue: 0/0 concordant.
FCN1,146,survived,up,3,0,0,Same-tissue replication: 3/3 concordant. Cross-tissue: 0/0 concordant.
NT5DC2,146,survived,up,3,0,0,Same-tissue replication: 3/3 concordant. Cross-tissue: 0/0 concordant.
OTUB2,146,survived,up,3,0,0,Same-tissue replication: 3/3 concordant. Cross-tissue: 0/0 concordant.
PALM2AKAP2,146,survived,up,3,0,0,Same-tissue replication: 3/3 concordant. Cross-tissue: 0/0 concordant.
PALMD,146,survived,up,3,0,0,Same-tissue replication: 3/3 concordant. Cross-tissue: 0/0 concordant.
PDGFRB,146,survived,up,3,0,0,Same-tissue replication: 3/3 concordant. Cross-tissue: 0/0 concordant.
PLXND1,146,survived,up,3,0,0,Same-tissue replication: 3/3 concordant. Cross-tissue: 0/0 concordant.
RAPGEF4,146,survived,up,3,0,0,Same-tissue replication: 3/3 concordant. Cross-tissue: 0/0 concordant.
RNF213,146,survived,up,3,0,0,Same-tissue replication: 3/3 concordant. Cross-tissue: 0/0 concordant.
SHCBP1,146,survived,up,3,0,0,Same-tissue replication: 3/3 concordant. Cross-tissue: 0/0 concordant.
SOD2,146,survived,up,3,0,0,Same-tissue replication: 3/3 concordant. Cross-tissue: 0/0 concordant.
GLT1D1,147,survived,up,3,0,0,Same-tissue replication: 3/3 concordant. Cross-tissue: 0/0 concordant.
IKBIP,147,survived,up,3,0,0,Same-tissue replication: 3/3 concordant. Cross-tissue: 0/0 concordant.
PDE10A,147,survived,up,1,0,0,Same-tissue replication: 1/3 concordant. Cross-tissue: 0/0 concordant.
SOCS1,147,survived,up,3,0,0,Same-tissue replication: 3/3 concordant. Cross-tissue: 0/0 concordant.
XBP1,147,survived,up,3,0,0,Same-tissue replication: 3/3 concordant. Cross-tissue: 0/0 concordant.
ACKR1,148,survived,up,3,0,0,Same-tissue replication: 3/3 concordant. Cross-tissue: 0/0 concordant.
DUSP10,148,survived,up,3,0,0,Same-tissue replication: 3/3 concordant. Cross-tissue: 0/0 concordant.
G0S2,148,survived,up,3,0,0,Same-tissue replication: 3/3 concordant. Cross-tissue: 0/0 concordant.
IFI44,148,survived,up,3,0,0,Same-tissue replication: 3/3 concordant. Cross-tissue: 0/0 concordant.
LRRK2,148,survived,up,3,0,0,Same-tissue replication: 3/3 concordant. Cross-tissue: 0/0 concordant.
MCAM,148,survived,up,3,0,0,Same-tissue replication: 3/3 concordant. Cross-tissue: 0/0 concordant.
PLVAP,148,survived,up,3,0,0,Same-tissue replication: 3/3 concordant. Cross-tissue: 0/0 concordant.
RRM2,148,survived,up,3,0,0,Same-tissue replication: 3/3 concordant. Cross-tissue: 0/0 concordant.
CCL8,150,survived,up,1,0,0,Same-tissue replication: 1/3 concordant. Cross-tissue: 0/0 concordant.
CYBB,150,survived,up,3,0,0,Same-tissue replication: 3/3 concordant. Cross-tissue: 0/0 concordant.
KCNS3,150,survived,up,1,0,0,Same-tissue replication: 1/3 concordant. Cross-tissue: 0/0 concordant.
STOM,150,survived,up,3,0,0,Same-tissue replication: 3/3 concordant. Cross-tissue: 0/0 concordant.
GALNT5,151,survived,up,2,0,0,Same-tissue replication: 2/3 concordant. Cross-tissue: 0/0 concordant.
LAPTM5,151,survived,up,3,0,0,Same-tissue replication: 3/3 concordant. Cross-tissue: 0/0 concordant.
SLC39A8,151,eliminated,up,2,1,0,Significant opposite direction in same-tissue dataset(s): ['GSE36807']. Discovery direction: up.
ARHGAP5,152,survived,down,3,0,0,Same-tissue replication: 3/3 concordant. Cross-tissue: 0/0 concordant.
C1orf74,152,survived,down,3,0,0,Same-tissue replication: 3/3 concordant. Cross-tissue: 0/0 concordant.
CNBP,152,survived,down,3,0,0,Same-tissue replication: 3/3 concordant. Cross-tissue: 0/0 concordant.
HDDC3,152,survived,down,3,0,0,Same-tissue replication: 3/3 concordant. Cross-tissue: 0/0 concordant.
PANK4,152,survived,down,3,0,0,Same-tissue replication: 3/3 concordant. Cross-tissue: 0/0 concordant.
PARG,152,survived,down,3,0,0,Same-tissue replication: 3/3 concordant. Cross-tissue: 0/0 concordant.
PPM1D,152,survived,down,3,0,0,Same-tissue replication: 3/3 concordant. Cross-tissue: 0/0 concordant.
RAB20,152,survived,down,2,0,0,Same-tissue replication: 2/3 concordant. Cross-tissue: 0/0 concordant.
TAF4,152,survived,down,3,0,0,Same-tissue replication: 3/3 concordant. Cross-tissue: 0/0 concordant.
ZSCAN29,152,survived,down,2,0,0,Same-tissue replication: 2/3 concordant. Cross-tissue: 0/0 concordant.
CCNB1IP1,153,survived,down,3,0,0,Same-tissue replication: 3/3 concordant. Cross-tissue: 0/0 concordant.
FASTKD3,153,survived,down,3,0,0,Same-tissue replication: 3/3 concordant. Cross-tissue: 0/0 concordant.
KCNC1,153,survived,down,2,0,0,Same-tissue replication: 2/3 concordant. Cross-tissue: 0/0 concordant.
MFN2,153,survived,down,3,0,0,Same-tissue replication: 3/3 concordant. Cross-tissue: 0/0 concordant.
TBC1D23,153,survived,down,2,0,0,Same-tissue replication: 2/3 concordant. Cross-tissue: 0/0 concordant.
ZNF256,153,survived,down,3,0,0,Same-tissue replication: 3/3 concordant. Cross-tissue: 0/0 concordant.
ANGPT1,154,survived,up,2,0,0,Same-tissue replication: 2/3 concordant. Cross-tissue: 0/0 concordant.
ANKFY1,154,survived,up,2,0,0,Same-tissue replication: 2/3 concordant. Cross-tissue: 0/0 concordant.
CDC37,154,survived,up,3,0,0,Same-tissue replication: 3/3 concordant. Cross-tissue: 0/0 concordant.
COPB2,154,survived,up,3,0,0,Same-tissue replication: 3/3 concordant. Cross-tissue: 0/0 concordant.
POLD2,154,survived,up,3,0,0,Same-tissue replication: 3/3 concordant. Cross-tissue: 0/0 concordant.
PSME1,154,survived,up,3,0,0,Same-tissue replication: 3/3 concordant. Cross-tissue: 0/0 concordant.
RNASEH1,154,survived,up,3,0,0,Same-tissue replication: 3/3 concordant. Cross-tissue: 0/0 concordant.
SHC2,154,survived,up,2,0,0,Same-tissue replication: 2/2 concordant. Cross-tissue: 0/0 concordant.
ADAMTS15,155,survived,up,2,0,0,Same-tissue replication: 2/3 concordant. Cross-tissue: 0/0 concordant.
AKT3,155,survived,up,3,0,0,Same-tissue replication: 3/3 concordant. Cross-tissue: 0/0 concordant.
ARHGAP10,155,survived,up,2,0,0,Same-tissue replication: 2/3 concordant. Cross-tissue: 0/0 concordant.
ARRDC2,155,survived,up,3,0,0,Same-tissue replication: 3/3 concordant. Cross-tissue: 0/0 concordant.
ARSJ,155,survived,up,2,0,0,Same-tissue replication: 2/3 concordant. Cross-tissue: 0/0 concordant.
BAZ1A,155,survived,up,3,0,0,Same-tissue replication: 3/3 concordant. Cross-tissue: 0/0 concordant.
BNIP2,155,survived,up,3,0,0,Same-tissue replication: 3/3 concordant. Cross-tissue: 0/0 concordant.
C15orf39,155,survived,up,3,0,0,Same-tissue replication: 3/3 concordant. Cross-tissue: 0/0 concordant.
CEACAM21,155,survived,up,2,0,0,Same-tissue replication: 2/3 concordant. Cross-tissue: 0/0 concordant.
CFAP20DC,155,survived,up,2,0,0,Same-tissue replication: 2/3 concordant. Cross-tissue: 0/0 concordant.
CFAP97,155,survived,up,3,0,0,Same-tissue replication: 3/3 concordant. Cross-tissue: 0/0 concordant.
CHD4,155,survived,up,3,0,0,Same-tissue replication: 3/3 concordant. Cross-tissue: 0/0 concordant.
DARS1,155,survived,up,3,0,0,Same-tissue replication: 3/3 concordant. Cross-tissue: 0/0 concordant.
DUSP2,155,survived,up,2,0,0,Same-tissue replication: 2/3 concordant. Cross-tissue: 0/0 concordant.
EPSTI1,155,survived,up,3,0,0,Same-tissue replication: 3/3 concordant. Cross-tissue: 0/0 concordant.
ERFE,155,survived,up,3,0,0,Same-tissue replication: 3/3 concordant. Cross-tissue: 0/0 concordant.
GPR19,155,survived,up,3,0,0,Same-tissue replication: 3/3 concordant. Cross-tissue: 0/0 concordant.
GPR65,155,survived,up,3,0,0,Same-tissue replication: 3/3 concordant. Cross-tissue: 0/0 concordant.
GSAP,155,survived,up,2,0,0,Same-tissue replication: 2/3 concordant. Cross-tissue: 0/0 concordant.
GUK1,155,survived,up,3,0,0,Same-tissue replication: 3/3 concordant. Cross-tissue: 0/0 concordant.
HAUS5,155,survived,up,3,0,0,Same-tissue replication: 3/3 concordant. Cross-tissue: 0/0 concordant.
HLA-DQB1,155,survived,up,3,0,0,Same-tissue replication: 3/3 concordant. Cross-tissue: 0/0 concordant.
IGFBP3,155,eliminated,up,1,1,0,Significant opposite direction in same-tissue dataset(s): ['GSE36807']. Discovery direction: up.
IQCK,155,survived,up,3,0,0,Same-tissue replication: 3/3 concordant. Cross-tissue: 0/0 concordant.
KDM2A,155,survived,up,3,0,0,Same-tissue replication: 3/3 concordant. Cross-tissue: 0/0 concordant.
L3MBTL2,155,survived,up,3,0,0,Same-tissue replication: 3/3 concordant. Cross-tissue: 0/0 concordant.
LAG3,155,survived,up,3,0,0,Same-tissue replication: 3/3 concordant. Cross-tissue: 0/0 concordant.
LAMC2,155,survived,up,3,0,0,Same-tissue replication: 3/3 concordant. Cross-tissue: 0/0 concordant.
LARS2,155,survived,up,3,0,0,Same-tissue replication: 3/3 concordant. Cross-tissue: 0/0 concordant.
LHX6,155,survived,up,3,0,0,Same-tissue replication: 3/3 concordant. Cross-tissue: 0/0 concordant.
MAP2K1,155,survived,up,3,0,0,Same-tissue replication: 3/3 concordant. Cross-tissue: 0/0 concordant.
MTNR1A,155,survived,up,3,0,0,Same-tissue replication: 3/3 concordant. Cross-tissue: 0/0 concordant.
OTUD4,155,survived,up,3,0,0,Same-tissue replication: 3/3 concordant. Cross-tissue: 0/0 concordant.
P3H3,155,survived,up,1,0,0,Same-tissue replication: 1/2 concordant. Cross-tissue: 0/0 concordant.
PIGW,155,survived,up,3,0,0,Same-tissue replication: 3/3 concordant. Cross-tissue: 0/0 concordant.
PLA2G2A,155,survived,up,3,0,0,Same-tissue replication: 3/3 concordant. Cross-tissue: 0/0 concordant.
POT1,155,survived,up,2,0,0,Same-tissue replication: 2/3 concordant. Cross-tissue: 0/0 concordant.
PREP,155,survived,up,1,0,0,Same-tissue replication: 1/3 concordant. Cross-tissue: 0/0 concordant.
PTRH1,155,survived,up,3,0,0,Same-tissue replication: 3/3 concordant. Cross-tissue: 0/0 concordant.
RCL1,155,survived,up,3,0,0,Same-tissue replication: 3/3 concordant. Cross-tissue: 0/0 concordant.
RIOX2,155,survived,up,3,0,0,Same-tissue replication: 3/3 concordant. Cross-tissue: 0/0 concordant.
RNF114,155,survived,up,2,0,0,Same-tissue replication: 2/3 concordant. Cross-tissue: 0/0 concordant.
RPS6KA4,155,survived,up,3,0,0,Same-tissue replication: 3/3 concordant. Cross-tissue: 0/0 concordant.
SCARF1,155,survived,up,3,0,0,Same-tissue replication: 3/3 concordant. Cross-tissue: 0/0 concordant.
SCNN1G,155,survived,up,3,0,0,Same-tissue replication: 3/3 concordant. Cross-tissue: 0/0 concordant.
SEMA4F,155,survived,up,3,0,0,Same-tissue replication: 3/3 concordant. Cross-tissue: 0/0 concordant.
SH3BP2,155,survived,up,2,0,0,Same-tissue replication: 2/3 concordant. Cross-tissue: 0/0 concordant.
SIRPB2,155,survived,up,3,0,0,Same-tissue replication: 3/3 concordant. Cross-tissue: 0/0 concordant.
SLAIN1,155,survived,up,2,0,0,Same-tissue replication: 2/3 concordant. Cross-tissue: 0/0 concordant.
SLC38A7,155,survived,up,3,0,0,Same-tissue replication: 3/3 concordant. Cross-tissue: 0/0 concordant.
SLC71A1,155,survived,up,3,0,0,Same-tissue replication: 3/3 concordant. Cross-tissue: 0/0 concordant.
SMS,155,survived,up,2,0,0,Same-tissue replication: 2/3 concordant. Cross-tissue: 0/0 concordant.
TMEM263,155,survived,up,3,0,0,Same-tissue replication: 3/3 concordant. Cross-tissue: 0/0 concordant.
TMEM50B,155,survived,up,3,0,0,Same-tissue replication: 3/3 concordant. Cross-tissue: 0/0 concordant.
TNRC18,155,eliminated,up,1,1,0,Significant opposite direction in same-tissue dataset(s): ['GSE36807']. Discovery direction: up.
TOX2,155,survived,up,3,0,0,Same-tissue replication: 3/3 concordant. Cross-tissue: 0/0 concordant.
TRIP12,155,survived,up,3,0,0,Same-tissue replication: 3/3 concordant. Cross-tissue: 0/0 concordant.
UBE2Q2,155,survived,up,2,0,0,Same-tissue replication: 2/3 concordant. Cross-tissue: 0/0 concordant.
UGGT2,155,survived,up,2,0,0,Same-tissue replication: 2/3 concordant. Cross-tissue: 0/0 concordant.
USP36,155,survived,up,3,0,0,Same-tissue replication: 3/3 concordant. Cross-tissue: 0/0 concordant.
UTP6,155,survived,up,3,0,0,Same-tissue replication: 3/3 concordant. Cross-tissue: 0/0 concordant.
VRK2,155,survived,up,3,0,0,Same-tissue replication: 3/3 concordant. Cross-tissue: 0/0 concordant.
XPO1,155,survived,up,2,0,0,Same-tissue replication: 2/3 concordant. Cross-tissue: 0/0 concordant.
ASRGL1,158,survived,up,3,0,0,Same-tissue replication: 3/3 concordant. Cross-tissue: 0/0 concordant.
CDC25B,158,survived,up,3,0,0,Same-tissue replication: 3/3 concordant. Cross-tissue: 0/0 concordant.
F2RL2,158,survived,up,3,0,0,Same-tissue replication: 3/3 concordant. Cross-tissue: 0/0 concordant.
INSC,158,survived,up,3,0,0,Same-tissue replication: 3/3 concordant. Cross-tissue: 0/0 concordant.
MMP19,158,survived,up,3,0,0,Same-tissue replication: 3/3 concordant. Cross-tissue: 0/0 concordant.
PRRX1,158,survived,up,3,0,0,Same-tissue replication: 3/3 concordant. Cross-tissue: 0/0 concordant.
ADGRG6,159,survived,up,3,0,0,Same-tissue replication: 3/3 concordant. Cross-tissue: 0/0 concordant.
ANXA5,159,survived,up,3,0,0,Same-tissue replication: 3/3 concordant. Cross-tissue: 0/0 concordant.
ART3,159,survived,up,3,0,0,Same-tissue replication: 3/3 concordant. Cross-tissue: 0/0 concordant.
ASPHD2,159,survived,up,3,0,0,Same-tissue replication: 3/3 concordant. Cross-tissue: 0/0 concordant.
BGN,159,survived,up,3,0,0,Same-tissue replication: 3/3 concordant. Cross-tissue: 0/0 concordant.
CATSPERB,159,survived,up,3,0,0,Same-tissue replication: 3/3 concordant. Cross-tissue: 0/0 concordant.
CCL4,159,survived,up,3,0,0,Same-tissue replication: 3/3 concordant. Cross-tissue: 0/0 concordant.
CDH11,159,survived,up,3,0,0,Same-tissue replication: 3/3 concordant. Cross-tissue: 0/0 concordant.
CLEC4E,159,survived,up,3,0,0,Same-tissue replication: 3/3 concordant. Cross-tissue: 0/0 concordant.
CYYR1,159,survived,up,3,0,0,Same-tissue replication: 3/3 concordant. Cross-tissue: 0/0 concordant.
ENG,159,survived,up,3,0,0,Same-tissue replication: 3/3 concordant. Cross-tissue: 0/0 concordant.
GUCY1A1,159,survived,up,3,0,0,Same-tissue replication: 3/3 concordant. Cross-tissue: 0/0 concordant.
IFI44L,159,survived,up,3,0,0,Same-tissue replication: 3/3 concordant. Cross-tissue: 0/0 concordant.
IL33,159,survived,up,3,0,0,Same-tissue replication: 3/3 concordant. Cross-tissue: 0/0 concordant.
MCTP1,159,survived,up,3,0,0,Same-tissue replication: 3/3 concordant. Cross-tissue: 0/0 concordant.
NFKBIZ,159,survived,up,3,0,0,Same-tissue replication: 3/3 concordant. Cross-tissue: 0/0 concordant.
PDPN,159,survived,up,3,0,0,Same-tissue replication: 3/3 concordant. Cross-tissue: 0/0 concordant.
PXDN,159,survived,up,3,0,0,Same-tissue replication: 3/3 concordant. Cross-tissue: 0/0 concordant.
SBNO2,159,survived,up,2,0,0,Same-tissue replication: 2/3 concordant. Cross-tissue: 0/0 concordant.
SERPINB9,159,survived,up,3,0,0,Same-tissue replication: 3/3 concordant. Cross-tissue: 0/0 concordant.
ADGRL4,160,survived,up,3,0,0,Same-tissue replication: 3/3 concordant. Cross-tissue: 0/0 concordant.
CCN1,160,survived,up,2,0,0,Same-tissue replication: 2/3 concordant. Cross-tissue: 0/0 concordant.
CLDN1,160,survived,up,3,0,0,Same-tissue replication: 3/3 concordant. Cross-tissue: 0/0 concordant.
COL6A3,160,survived,up,3,0,0,Same-tissue replication: 3/3 concordant. Cross-tissue: 0/0 concordant.
CXCL9,160,survived,up,3,0,0,Same-tissue replication: 3/3 concordant. Cross-tissue: 0/0 concordant.
CXCR2,160,survived,up,3,0,0,Same-tissue replication: 3/3 concordant. Cross-tissue: 0/0 concordant.
FPR1,160,survived,up,3,0,0,Same-tissue replication: 3/3 concordant. Cross-tissue: 0/0 concordant.
GBP4,160,survived,up,3,0,0,Same-tissue replication: 3/3 concordant. Cross-tissue: 0/0 concordant.
GNA15,160,survived,up,3,0,0,Same-tissue replication: 3/3 concordant. Cross-tissue: 0/0 concordant.
SELP,160,survived,up,3,0,0,Same-tissue replication: 3/3 concordant. Cross-tissue: 0/0 concordant.
ADIRF,161,survived,down,3,0,0,Same-tissue replication: 3/3 concordant. Cross-tissue: 0/0 concordant.
CLDN8,161,survived,down,3,0,0,Same-tissue replication: 3/3 concordant. Cross-tissue: 0/0 concordant.
CREB3L3,161,survived,down,2,0,0,Same-tissue replication: 2/3 concordant. Cross-tissue: 0/0 concordant.
CYP4F2,161,survived,down,2,0,0,Same-tissue replication: 2/3 concordant. Cross-tissue: 0/0 concordant.
GBA3,161,survived,down,3,0,0,Same-tissue replication: 3/3 concordant. Cross-tissue: 0/0 concordant.
GSTA1,161,survived,down,3,0,0,Same-tissue replication: 3/3 concordant. Cross-tissue: 0/0 concordant.
HSD3B1,161,survived,down,2,0,0,Same-tissue replication: 2/3 concordant. Cross-tissue: 0/0 concordant.
MEP1B,161,eliminated,down,2,1,0,Significant opposite direction in same-tissue dataset(s): ['GSE36807']. Discovery direction: down.
MS4A8,161,survived,down,3,0,0,Same-tissue replication: 3/3 concordant. Cross-tissue: 0/0 concordant.
PLA2G12B,161,survived,down,3,0,0,Same-tissue replication: 3/3 concordant. Cross-tissue: 0/0 concordant.
SLC38A4,161,survived,down,2,0,0,Same-tissue replication: 2/3 concordant. Cross-tissue: 0/0 concordant.
SLC51A,161,survived,down,2,0,0,Same-tissue replication: 2/3 concordant. Cross-tissue: 0/0 concordant.
XPNPEP2,161,survived,down,3,0,0,Same-tissue replication: 3/3 concordant. Cross-tissue: 0/0 concordant.
ASPA,162,survived,down,3,0,0,Same-tissue replication: 3/3 concordant. Cross-tissue: 0/0 concordant.
G6PC1,162,eliminated,down,2,1,0,Significant opposite direction in same-tissue dataset(s): ['GSE36807']. Discovery direction: down.
MAOB,162,survived,down,2,0,0,Same-tissue replication: 2/3 concordant. Cross-tissue: 0/0 concordant.
NR1H4,162,eliminated,down,2,1,0,Significant opposite direction in same-tissue dataset(s): ['GSE36807']. Discovery direction: down.
OTC,162,survived,down,2,0,0,Same-tissue replication: 2/3 concordant. Cross-tissue: 0/0 concordant.
PITX2,162,eliminated,down,2,1,0,Significant opposite direction in same-tissue dataset(s): ['GSE36807']. Discovery direction: down.
PLIN2,162,survived,down,2,0,0,Same-tissue replication: 2/3 concordant. Cross-tissue: 0/0 concordant.
SLC13A2,162,survived,down,3,0,0,Same-tissue replication: 3/3 concordant. Cross-tissue: 0/0 concordant.
SLC22A4,162,survived,down,3,0,0,Same-tissue replication: 3/3 concordant. Cross-tissue: 0/0 concordant.
SLC23A1,162,survived,down,2,0,0,Same-tissue replication: 2/3 concordant. Cross-tissue: 0/0 concordant.
SLC5A11,162,survived,down,3,0,0,Same-tissue replication: 3/3 concordant. Cross-tissue: 0/0 concordant.
SLC6A4,162,survived,down,2,0,0,Same-tissue replication: 2/3 concordant. Cross-tissue: 0/0 concordant.
TMEM252,162,survived,down,2,0,0,Same-tissue replication: 2/3 concordant. Cross-tissue: 0/0 concordant.
DIAPH3,163,survived,up,2,0,0,Same-tissue replication: 2/3 concordant. Cross-tissue: 0/0 concordant.
GOLGA2,163,survived,up,3,0,0,Same-tissue replication: 3/3 concordant. Cross-tissue: 0/0 concordant.
KBTBD2,163,survived,up,2,0,0,Same-tissue replication: 2/3 concordant. Cross-tissue: 0/0 concordant.
MDM2,163,survived,up,3,0,0,Same-tissue replication: 3/3 concordant. Cross-tissue: 0/0 concordant.
NDEL1,163,survived,up,3,0,0,Same-tissue replication: 3/3 concordant. Cross-tissue: 0/0 concordant.
NEU3,163,eliminated,up,1,1,0,Significant opposite direction in same-tissue dataset(s): ['GSE87466']. Discovery direction: up.
SMG9,163,survived,up,3,0,0,Same-tissue replication: 3/3 concordant. Cross-tissue: 0/0 concordant.
TBC1D16,163,survived,up,3,0,0,Same-tissue replication: 3/3 concordant. Cross-tissue: 0/0 concordant.
THADA,163,survived,up,3,0,0,Same-tissue replication: 3/3 concordant. Cross-tissue: 0/0 concordant.
WDR44,163,survived,up,3,0,0,Same-tissue replication: 3/3 concordant. Cross-tissue: 0/0 concordant.
ZDHHC16,163,survived,up,3,0,0,Same-tissue replication: 3/3 concordant. Cross-tissue: 0/0 concordant.
ERI1,164,survived,up,3,0,0,Same-tissue replication: 3/3 concordant. Cross-tissue: 0/0 concordant.
GPR176,164,survived,up,3,0,0,Same-tissue replication: 3/3 concordant. Cross-tissue: 0/0 concordant.
SDK1,164,survived,up,3,0,0,Same-tissue replication: 3/3 concordant. Cross-tissue: 0/0 concordant.
SSR4,164,survived,up,3,0,0,Same-tissue replication: 3/3 concordant. Cross-tissue: 0/0 concordant.
TSHZ3,164,survived,up,3,0,0,Same-tissue replication: 3/3 concordant. Cross-tissue: 0/0 concordant.
UBE2S,164,survived,up,3,0,0,Same-tissue replication: 3/3 concordant. Cross-tissue: 0/0 concordant.
ZNFX1,164,survived,up,3,0,0,Same-tissue replication: 3/3 concordant. Cross-tissue: 0/0 concordant.
CHSY1,165,survived,up,3,0,0,Same-tissue replication: 3/3 concordant. Cross-tissue: 0/0 concordant.
FHL3,165,survived,up,3,0,0,Same-tissue replication: 3/3 concordant. Cross-tissue: 0/0 concordant.
MANF,165,survived,up,3,0,0,Same-tissue replication: 3/3 concordant. Cross-tissue: 0/0 concordant.
NOD2,165,survived,up,3,0,0,Same-tissue replication: 3/3 concordant. Cross-tissue: 0/0 concordant.
SHC3,165,survived,up,2,0,0,Same-tissue replication: 2/3 concordant. Cross-tissue: 0/0 concordant.
CST7,166,survived,up,3,0,0,Same-tissue replication: 3/3 concordant. Cross-tissue: 0/0 concordant.
CYB5R2,166,survived,up,3,0,0,Same-tissue replication: 3/3 concordant. Cross-tissue: 0/0 concordant.
EHD2,166,survived,up,3,0,0,Same-tissue replication: 3/3 concordant. Cross-tissue: 0/0 concordant.
FIBIN,166,survived,up,3,0,0,Same-tissue replication: 3/3 concordant. Cross-tissue: 0/0 concordant.
LAMB1,166,survived,up,2,0,0,Same-tissue replication: 2/3 concordant. Cross-tissue: 0/0 concordant.
LMCD1,166,survived,up,3,0,0,Same-tissue replication: 3/3 concordant. Cross-tissue: 0/0 concordant.
LOXL1,166,survived,up,3,0,0,Same-tissue replication: 3/3 concordant. Cross-tissue: 0/0 concordant.
SMARCA1,166,survived,up,3,0,0,Same-tissue replication: 3/3 concordant. Cross-tissue: 0/0 concordant.
TSC22D3,166,survived,up,3,0,0,Same-tissue replication: 3/3 concordant. Cross-tissue: 0/0 concordant.
CDC42EP1,167,survived,up,2,0,0,Same-tissue replication: 2/3 concordant. Cross-tissue: 0/0 concordant.
DUSP14,167,survived,up,3,0,0,Same-tissue replication: 3/3 concordant. Cross-tissue: 0/0 concordant.
NRP2,167,survived,up,2,0,0,Same-tissue replication: 2/3 concordant. Cross-tissue: 0/0 concordant.
P3H1,167,survived,up,3,0,0,Same-tissue replication: 3/3 concordant. Cross-tissue: 0/0 concordant.
PLEKHF1,167,survived,up,3,0,0,Same-tissue replication: 3/3 concordant. Cross-tissue: 0/0 concordant.
COA5,168,survived,down,3,0,0,Same-tissue replication: 3/3 concordant. Cross-tissue: 0/0 concordant.
DBT,168,survived,down,3,0,0,Same-tissue replication: 3/3 concordant. Cross-tissue: 0/0 concordant.
NKG7,168,eliminated,down,1,2,0,"Significant opposite direction in same-tissue dataset(s): ['GSE87466', 'GSE36807']. Discovery direction: down."
PMEL,168,survived,down,2,0,0,Same-tissue replication: 2/3 concordant. Cross-tissue: 0/0 concordant.
PTPN18,168,eliminated,down,0,2,0,"Significant opposite direction in same-tissue dataset(s): ['GSE38713', 'GSE36807']. Discovery direction: down."
TAS2R4,168,survived,down,2,0,0,Same-tissue replication: 2/3 concordant. Cross-tissue: 0/0 concordant.
ZNF513,168,survived,down,1,0,0,Same-tissue replication: 1/3 concordant. Cross-tissue: 0/0 concordant.
ZSWIM1,168,survived,down,3,0,0,Same-tissue replication: 3/3 concordant. Cross-tissue: 0/0 concordant.
BSPH1,169,insufficient_data,down,0,0,0,No replication data available for this gene.
KIF6,169,survived,down,3,0,0,Same-tissue replication: 3/3 concordant. Cross-tissue: 0/0 concordant.
TTC32,169,survived,down,3,0,0,Same-tissue replication: 3/3 concordant. Cross-tissue: 0/0 concordant.
C5AR1,170,survived,up,3,0,0,Same-tissue replication: 3/3 concordant. Cross-tissue: 0/0 concordant.
CAVIN3,170,survived,up,3,0,0,Same-tissue replication: 3/3 concordant. Cross-tissue: 0/0 concordant.
CCDC3,170,survived,up,3,0,0,Same-tissue replication: 3/3 concordant. Cross-tissue: 0/0 concordant.
ELK3,170,survived,up,3,0,0,Same-tissue replication: 3/3 concordant. Cross-tissue: 0/0 concordant.
HSPG2,170,survived,up,3,0,0,Same-tissue replication: 3/3 concordant. Cross-tissue: 0/0 concordant.
KLK6,170,survived,up,3,0,0,Same-tissue replication: 3/3 concordant. Cross-tissue: 0/0 concordant.
KRT7,170,survived,up,3,0,0,Same-tissue replication: 3/3 concordant. Cross-tissue: 0/0 concordant.
MLKL,170,survived,up,3,0,0,Same-tissue replication: 3/3 concordant. Cross-tissue: 0/0 concordant.
PGC,170,eliminated,up,2,1,0,Significant opposite direction in same-tissue dataset(s): ['GSE87466']. Discovery direction: up.
RIPK2,170,survived,up,3,0,0,Same-tissue replication: 3/3 concordant. Cross-tissue: 0/0 concordant.
STAT1,170,survived,up,3,0,0,Same-tissue replication: 3/3 concordant. Cross-tissue: 0/0 concordant.
TAP1,170,survived,up,3,0,0,Same-tissue replication: 3/3 concordant. Cross-tissue: 0/0 concordant.
CNOT2,171,eliminated,down,2,1,0,Significant opposite direction in same-tissue dataset(s): ['GSE36807']. Discovery direction: down.
DCST1,171,survived,down,2,0,0,Same-tissue replication: 2/3 concordant. Cross-tissue: 0/0 concordant.
DOC2A,171,survived,down,3,0,0,Same-tissue replication: 3/3 concordant. Cross-tissue: 0/0 concordant.
FASTK,171,eliminated,down,1,1,0,Significant opposite direction in same-tissue dataset(s): ['GSE36807']. Discovery direction: down.
KCNE2,171,survived,down,2,0,0,Same-tissue replication: 2/3 concordant. Cross-tissue: 0/0 concordant.
LRRC2,171,survived,down,3,0,0,Same-tissue replication: 3/3 concordant. Cross-tissue: 0/0 concordant.
RHOXF1,171,survived,down,2,0,0,Same-tissue replication: 2/3 concordant. Cross-tissue: 0/0 concordant.
SP1,171,survived,down,1,0,0,Same-tissue replication: 1/3 concordant. Cross-tissue: 0/0 concordant.
TSSK6,171,survived,down,2,0,0,Same-tissue replication: 2/3 concordant. Cross-tissue: 0/0 concordant.
ZCCHC13,171,survived,down,2,0,0,Same-tissue replication: 2/3 concordant. Cross-tissue: 0/0 concordant.
A4GALT,172,survived,up,2,0,0,Same-tissue replication: 2/3 concordant. Cross-tissue: 0/0 concordant.
FBXL13,172,survived,up,2,0,0,Same-tissue replication: 2/3 concordant. Cross-tissue: 0/0 concordant.
FSTL3,172,survived,up,3,0,0,Same-tissue replication: 3/3 concordant. Cross-tissue: 0/0 concordant.
H2BC12,172,survived,up,2,0,0,Same-tissue replication: 2/3 concordant. Cross-tissue: 0/0 concordant.
LLGL1,172,survived,up,2,0,0,Same-tissue replication: 2/3 concordant. Cross-tissue: 0/0 concordant.
NLRC4,172,survived,up,2,0,0,Same-tissue replication: 2/3 concordant. Cross-tissue: 0/0 concordant.
RAD54L2,172,survived,up,3,0,0,Same-tissue replication: 3/3 concordant. Cross-tissue: 0/0 concordant.
UCN2,172,survived,up,3,0,0,Same-tissue replication: 3/3 concordant. Cross-tissue: 0/0 concordant.
YEATS2,172,survived,up,3,0,0,Same-tissue replication: 3/3 concordant. Cross-tissue: 0/0 concordant.
BTG2,173,survived,up,1,0,0,Same-tissue replication: 1/3 concordant. Cross-tissue: 0/0 concordant.
CFH,173,eliminated,up,2,1,0,Significant opposite direction in same-tissue dataset(s): ['GSE36807']. Discovery direction: up.
CYTH4,173,survived,up,3,0,0,Same-tissue replication: 3/3 concordant. Cross-tissue: 0/0 concordant.
DDR2,173,survived,up,3,0,0,Same-tissue replication: 3/3 concordant. Cross-tissue: 0/0 concordant.
GNAI2,173,survived,up,3,0,0,Same-tissue replication: 3/3 concordant. Cross-tissue: 0/0 concordant.
HIVEP2,173,survived,up,3,0,0,Same-tissue replication: 3/3 concordant. Cross-tissue: 0/0 concordant.
HLA-DRB5,173,survived,up,1,0,0,Same-tissue replication: 1/1 concordant. Cross-tissue: 0/0 concordant.
PTPRM,173,survived,up,3,0,0,Same-tissue replication: 3/3 concordant. Cross-tissue: 0/0 concordant.
RIPOR2,173,survived,up,3,0,0,Same-tissue replication: 3/3 concordant. Cross-tissue: 0/0 concordant.
VCAM1,173,survived,up,3,0,0,Same-tissue replication: 3/3 concordant. Cross-tissue: 0/0 concordant.
ANP32E,174,survived,up,3,0,0,Same-tissue replication: 3/3 concordant. Cross-tissue: 0/0 concordant.
C1QTNF5,174,survived,up,3,0,0,Same-tissue replication: 3/3 concordant. Cross-tissue: 0/0 concordant.
CAMSAP1,174,survived,up,3,0,0,Same-tissue replication: 3/3 concordant. Cross-tissue: 0/0 concordant.
CD83,174,survived,up,3,0,0,Same-tissue replication: 3/3 concordant. Cross-tissue: 0/0 concordant.
COX7A1,174,survived,up,2,0,0,Same-tissue replication: 2/3 concordant. Cross-tissue: 0/0 concordant.
CRLF2,174,survived,up,3,0,0,Same-tissue replication: 3/3 concordant. Cross-tissue: 0/0 concordant.
KCTD20,174,survived,up,3,0,0,Same-tissue replication: 3/3 concordant. Cross-tissue: 0/0 concordant.
NECAP2,174,survived,up,3,0,0,Same-tissue replication: 3/3 concordant. Cross-tissue: 0/0 concordant.
NOMO3,174,survived,up,3,0,0,Same-tissue replication: 3/3 concordant. Cross-tissue: 0/0 concordant.
NUP98,174,survived,up,2,0,0,Same-tissue replication: 2/3 concordant. Cross-tissue: 0/0 concordant.
OGFR,174,survived,up,2,0,0,Same-tissue replication: 2/3 concordant. Cross-tissue: 0/0 concordant.
POFUT4,174,survived,up,3,0,0,Same-tissue replication: 3/3 concordant. Cross-tissue: 0/0 concordant.
SAMD4B,174,survived,up,2,0,0,Same-tissue replication: 2/3 concordant. Cross-tissue: 0/0 concordant.
FBLN5,175,survived,up,3,0,0,Same-tissue replication: 3/3 concordant. Cross-tissue: 0/0 concordant.
LEF1,175,survived,up,3,0,0,Same-tissue replication: 3/3 concordant. Cross-tissue: 0/0 concordant.
ZNF532,175,survived,up,3,0,0,Same-tissue replication: 3/3 concordant. Cross-tissue: 0/0 concordant.
ATP6AP1,178,survived,down,2,0,0,Same-tissue replication: 2/3 concordant. Cross-tissue: 0/0 concordant.
DHPS,178,survived,down,2,0,0,Same-tissue replication: 2/3 concordant. Cross-tissue: 0/0 concordant.
DNPEP,178,survived,down,2,0,0,Same-tissue replication: 2/3 concordant. Cross-tissue: 0/0 concordant.
DUSP28,178,survived,down,3,0,0,Same-tissue replication: 3/3 concordant. Cross-tissue: 0/0 concordant.
DYNLL2,178,survived,down,2,0,0,Same-tissue replication: 2/3 concordant. Cross-tissue: 0/0 concordant.
FBXO31,178,survived,down,2,0,0,Same-tissue replication: 2/3 concordant. Cross-tissue: 0/0 concordant.
GSR,178,survived,down,2,0,0,Same-tissue replication: 2/3 concordant. Cross-tissue: 0/0 concordant.
MOAP1,178,survived,down,3,0,0,Same-tissue replication: 3/3 concordant. Cross-tissue: 0/0 concordant.
MTERF2,178,survived,down,3,0,0,Same-tissue replication: 3/3 concordant. Cross-tissue: 0/0 concordant.
SSNA1,178,survived,down,2,0,0,Same-tissue replication: 2/3 concordant. Cross-tissue: 0/0 concordant.
TAF5,178,survived,down,3,0,0,Same-tissue replication: 3/3 concordant. Cross-tissue: 0/0 concordant.
TMEM203,178,survived,down,2,0,0,Same-tissue replication: 2/3 concordant. Cross-tissue: 0/0 concordant.
TUSC2,178,survived,down,3,0,0,Same-tissue replication: 3/3 concordant. Cross-tissue: 0/0 concordant.
VCF2,178,survived,down,3,0,0,Same-tissue replication: 3/3 concordant. Cross-tissue: 0/0 concordant.
WAC,178,survived,down,3,0,0,Same-tissue replication: 3/3 concordant. Cross-tissue: 0/0 concordant.
WSB2,178,survived,down,2,0,0,Same-tissue replication: 2/3 concordant. Cross-tissue: 0/0 concordant.
YY1,178,survived,down,3,0,0,Same-tissue replication: 3/3 concordant. Cross-tissue: 0/0 concordant.
ZC3H14,178,survived,down,3,0,0,Same-tissue replication: 3/3 concordant. Cross-tissue: 0/0 concordant.
AUP1,179,survived,down,0,0,0,Same-tissue replication: 0/3 concordant. Cross-tissue: 0/0 concordant.
CDS1,179,survived,down,3,0,0,Same-tissue replication: 3/3 concordant. Cross-tissue: 0/0 concordant.
CMTR2,179,survived,down,3,0,0,Same-tissue replication: 3/3 concordant. Cross-tissue: 0/0 concordant.
DOK4,179,survived,down,3,0,0,Same-tissue replication: 3/3 concordant. Cross-tissue: 0/0 concordant.
INPP5K,179,survived,down,3,0,0,Same-tissue replication: 3/3 concordant. Cross-tissue: 0/0 concordant.
MTCH2,179,survived,down,2,0,0,Same-tissue replication: 2/3 concordant. Cross-tissue: 0/0 concordant.
NECTIN3,179,survived,down,3,0,0,Same-tissue replication: 3/3 concordant. Cross-tissue: 0/0 concordant.
OCEL1,179,survived,down,3,0,0,Same-tissue replication: 3/3 concordant. Cross-tissue: 0/0 concordant.
SESN1,179,survived,down,3,0,0,Same-tissue replication: 3/3 concordant. Cross-tissue: 0/0 concordant.
SPPL2B,179,survived,down,3,0,0,Same-tissue replication: 3/3 concordant. Cross-tissue: 0/0 concordant.
SRSF8,179,survived,down,3,0,0,Same-tissue replication: 3/3 concordant. Cross-tissue: 0/0 concordant.
ZNF41,179,survived,down,3,0,0,Same-tissue replication: 3/3 concordant. Cross-tissue: 0/0 concordant.
BSDC1,180,survived,down,3,0,0,Same-tissue replication: 3/3 concordant. Cross-tissue: 0/0 concordant.
KLF13,180,survived,down,2,0,0,Same-tissue replication: 2/3 concordant. Cross-tissue: 0/0 concordant.
KLHDC3,180,survived,down,3,0,0,Same-tissue replication: 3/3 concordant. Cross-tissue: 0/0 concordant.
NUDT16,180,survived,down,2,0,0,Same-tissue replication: 2/3 concordant. Cross-tissue: 0/0 concordant.
PHF3,180,survived,down,3,0,0,Same-tissue replication: 3/3 concordant. Cross-tissue: 0/0 concordant.
PTPRJ,180,eliminated,down,0,1,0,Significant opposite direction in same-tissue dataset(s): ['GSE36807']. Discovery direction: down.
RNF220,180,survived,down,3,0,0,Same-tissue replication: 3/3 concordant. Cross-tissue: 0/0 concordant.
SAYSD1,180,survived,down,2,0,0,Same-tissue replication: 2/3 concordant. Cross-tissue: 0/0 concordant.
SGF29,180,survived,down,3,0,0,Same-tissue replication: 3/3 concordant. Cross-tissue: 0/0 concordant.
TLK1,180,survived,down,3,0,0,Same-tissue replication: 3/3 concordant. Cross-tissue: 0/0 concordant.
TMEM184A,180,survived,down,1,0,0,Same-tissue replication: 1/3 concordant. Cross-tissue: 0/0 concordant.
ABAT,181,survived,down,3,0,0,Same-tissue replication: 3/3 concordant. Cross-tissue: 0/0 concordant.
ACOX2,181,survived,down,3,0,0,Same-tissue replication: 3/3 concordant. Cross-tissue: 0/0 concordant.
ATP23,181,survived,down,3,0,0,Same-tissue replication: 3/3 concordant. Cross-tissue: 0/0 concordant.
EPHX1,181,survived,down,3,0,0,Same-tissue replication: 3/3 concordant. Cross-tissue: 0/0 concordant.
FCGRT,181,survived,down,3,0,0,Same-tissue replication: 3/3 concordant. Cross-tissue: 0/0 concordant.
LGALSL,181,survived,down,3,0,0,Same-tissue replication: 3/3 concordant. Cross-tissue: 0/0 concordant.
NEU1,181,survived,down,3,0,0,Same-tissue replication: 3/3 concordant. Cross-tissue: 0/0 concordant.
PEX11A,181,survived,down,3,0,0,Same-tissue replication: 3/3 concordant. Cross-tissue: 0/0 concordant.
PKDCC,181,survived,down,3,0,0,Same-tissue replication: 3/3 concordant. Cross-tissue: 0/0 concordant.
PLOD2,181,survived,down,3,0,0,Same-tissue replication: 3/3 concordant. Cross-tissue: 0/0 concordant.
SFXN1,181,survived,down,2,0,0,Same-tissue replication: 2/3 concordant. Cross-tissue: 0/0 concordant.
SLC41A2,181,survived,down,3,0,0,Same-tissue replication: 3/3 concordant. Cross-tissue: 0/0 concordant.
TMCO1,181,survived,down,3,0,0,Same-tissue replication: 3/3 concordant. Cross-tissue: 0/0 concordant.
ABCB9,182,survived,down,2,0,0,Same-tissue replication: 2/3 concordant. Cross-tissue: 0/0 concordant.
MCM9,182,survived,down,2,0,0,Same-tissue replication: 2/3 concordant. Cross-tissue: 0/0 concordant.
ZBTB14,182,survived,down,1,0,0,Same-tissue replication: 1/3 concordant. Cross-tissue: 0/0 concordant.
ARPC2,183,eliminated,down,0,1,0,Significant opposite direction in same-tissue dataset(s): ['GSE36807']. Discovery direction: down.
COX10,183,survived,down,3,0,0,Same-tissue replication: 3/3 concordant. Cross-tissue: 0/0 concordant.
CRNKL1,183,survived,down,3,0,0,Same-tissue replication: 3/3 concordant. Cross-tissue: 0/0 concordant.
FNTA,183,survived,down,1,0,0,Same-tissue replication: 1/3 concordant. Cross-tissue: 0/0 concordant.
HINT1,183,survived,down,3,0,0,Same-tissue replication: 3/3 concordant. Cross-tissue: 0/0 concordant.
MED20,183,survived,down,3,0,0,Same-tissue replication: 3/3 concordant. Cross-tissue: 0/0 concordant.
OGFOD2,183,eliminated,down,2,1,0,Significant opposite direction in same-tissue dataset(s): ['GSE36807']. Discovery direction: down.
OR10Z1,183,insufficient_data,down,0,0,0,No replication data available for this gene.
PPP6C,183,survived,down,3,0,0,Same-tissue replication: 3/3 concordant. Cross-tissue: 0/0 concordant.
RXRB,183,survived,down,2,0,0,Same-tissue replication: 2/3 concordant. Cross-tissue: 0/0 concordant.
SURF2,183,eliminated,down,0,1,0,Significant opposite direction in same-tissue dataset(s): ['GSE38713']. Discovery direction: down.
TAOK3,183,survived,down,1,0,0,Same-tissue replication: 1/3 concordant. Cross-tissue: 0/0 concordant.
TIMM50,183,survived,down,0,0,0,Same-tissue replication: 0/3 concordant. Cross-tissue: 0/0 concordant.
ZFYVE26,183,survived,down,2,0,0,Same-tissue replication: 2/3 concordant. Cross-tissue: 0/0 concordant.
ZNF629,183,survived,down,3,0,0,Same-tissue replication: 3/3 concordant. Cross-tissue: 0/0 concordant.
ACOXL,184,survived,up,2,0,0,Same-tissue replication: 2/3 concordant. Cross-tissue: 0/0 concordant.
CD80,184,survived,up,3,0,0,Same-tissue replication: 3/3 concordant. Cross-tissue: 0/0 concordant.
IL27RA,184,survived,up,3,0,0,Same-tissue replication: 3/3 concordant. Cross-tissue: 0/0 concordant.
IL4I1,184,survived,up,3,0,0,Same-tissue replication: 3/3 concordant. Cross-tissue: 0/0 concordant.
ITGB3,184,survived,up,2,0,0,Same-tissue replication: 2/3 concordant. Cross-tissue: 0/0 concordant.
ITPR1,184,survived,up,3,0,0,Same-tissue replication: 3/3 concordant. Cross-tissue: 0/0 concordant.
LGI2,184,survived,up,3,0,0,Same-tissue replication: 3/3 concordant. Cross-tissue: 0/0 concordant.
LRRC8C,184,survived,up,1,0,0,Same-tissue replication: 1/1 concordant. Cross-tissue: 0/0 concordant.
MORF4L2,184,survived,up,3,0,0,Same-tissue replication: 3/3 concordant. Cross-tissue: 0/0 concordant.
NFKB2,184,survived,up,3,0,0,Same-tissue replication: 3/3 concordant. Cross-tissue: 0/0 concordant.
PDCD1LG2,184,survived,up,2,0,0,Same-tissue replication: 2/3 concordant. Cross-tissue: 0/0 concordant.
PRRC2A,184,survived,up,3,0,0,Same-tissue replication: 3/3 concordant. Cross-tissue: 0/0 concordant.
PSME2,184,survived,up,1,0,0,Same-tissue replication: 1/1 concordant. Cross-tissue: 0/0 concordant.
TRAM1,184,survived,up,3,0,0,Same-tissue replication: 3/3 concordant. Cross-tissue: 0/0 concordant.
H4C3,185,survived,up,0,0,0,Same-tissue replication: 0/1 concordant. Cross-tissue: 0/0 concordant.
NCOR2,185,survived,up,3,0,0,Same-tissue replication: 3/3 concordant. Cross-tissue: 0/0 concordant.
NFKBIA,185,survived,up,2,0,0,Same-tissue replication: 2/3 concordant. Cross-tissue: 0/0 concordant.
PLEKHM2,185,survived,up,3,0,0,Same-tissue replication: 3/3 concordant. Cross-tissue: 0/0 concordant.
POLN,185,survived,up,2,0,0,Same-tissue replication: 2/3 concordant. Cross-tissue: 0/0 concordant.
SPOCK2,185,survived,up,3,0,0,Same-tissue replication: 3/3 concordant. Cross-tissue: 0/0 concordant.
TTC28,185,survived,up,2,0,0,Same-tissue replication: 2/3 concordant. Cross-tissue: 0/0 concordant.
ZDBF2,185,survived,up,3,0,0,Same-tissue replication: 3/3 concordant. Cross-tissue: 0/0 concordant.
INTS12,186,survived,down,3,0,0,Same-tissue replication: 3/3 concordant. Cross-tissue: 0/0 concordant.
PDGFA,186,survived,down,3,0,0,Same-tissue replication: 3/3 concordant. Cross-tissue: 0/0 concordant.
TRMT61B,186,survived,down,2,0,0,Same-tissue replication: 2/3 concordant. Cross-tissue: 0/0 concordant.
TSG101,186,survived,down,3,0,0,Same-tissue replication: 3/3 concordant. Cross-tissue: 0/0 concordant.
TSGA10,186,survived,down,2,0,0,Same-tissue replication: 2/3 concordant. Cross-tissue: 0/0 concordant.
UBTD2,186,survived,down,3,0,0,Same-tissue replication: 3/3 concordant. Cross-tissue: 0/0 concordant.
XPA,186,survived,down,2,0,0,Same-tissue replication: 2/3 concordant. Cross-tissue: 0/0 concordant.
ZNF432,186,survived,down,2,0,0,Same-tissue replication: 2/3 concordant. Cross-tissue: 0/0 concordant.
ZNF790,186,insufficient_data,down,0,0,0,No replication data available for this gene.
DCAF7,187,survived,down,2,0,0,Same-tissue replication: 2/3 concordant. Cross-tissue: 0/0 concordant.
DNAJC17,187,survived,down,3,0,0,Same-tissue replication: 3/3 concordant. Cross-tissue: 0/0 concordant.
NDUFB7,187,survived,down,3,0,0,Same-tissue replication: 3/3 concordant. Cross-tissue: 0/0 concordant.
NEIL1,187,survived,down,1,0,0,Same-tissue replication: 1/1 concordant. Cross-tissue: 0/0 concordant.
NKX6-3,187,survived,down,3,0,0,Same-tissue replication: 3/3 concordant. Cross-tissue: 0/0 concordant.
RAB6D,187,eliminated,down,0,2,0,"Significant opposite direction in same-tissue dataset(s): ['GSE38713', 'GSE36807']. Discovery direction: down."
RHBDL1,187,survived,down,1,0,0,Same-tissue replication: 1/3 concordant. Cross-tissue: 0/0 concordant.
SRD5A1,187,survived,down,2,0,0,Same-tissue replication: 2/3 concordant. Cross-tissue: 0/0 concordant.
TSPAN3,187,survived,down,3,0,0,Same-tissue replication: 3/3 concordant. Cross-tissue: 0/0 concordant.
ABCA2,188,survived,down,3,0,0,Same-tissue replication: 3/3 concordant. Cross-tissue: 0/0 concordant.
BCL2L13,188,survived,down,3,0,0,Same-tissue replication: 3/3 concordant. Cross-tissue: 0/0 concordant.
OR2M5,188,insufficient_data,down,0,0,0,No replication data available for this gene.
SHROOM1,188,survived,down,3,0,0,Same-tissue replication: 3/3 concordant. Cross-tissue: 0/0 concordant.
TSKU,188,survived,down,2,0,0,Same-tissue replication: 2/3 concordant. Cross-tissue: 0/0 concordant.
ARHGAP27,189,survived,down,3,0,0,Same-tissue replication: 3/3 concordant. Cross-tissue: 0/0 concordant.
CACFD1,189,survived,down,3,0,0,Same-tissue replication: 3/3 concordant. Cross-tissue: 0/0 concordant.
DNAJC22,189,survived,down,3,0,0,Same-tissue replication: 3/3 concordant. Cross-tissue: 0/0 concordant.
FAM219B,189,survived,down,3,0,0,Same-tissue replication: 3/3 concordant. Cross-tissue: 0/0 concordant.
ING4,189,survived,down,3,0,0,Same-tissue replication: 3/3 concordant. Cross-tissue: 0/0 concordant.
L2HGDH,189,survived,down,3,0,0,Same-tissue replication: 3/3 concordant. Cross-tissue: 0/0 concordant.
RAB40B,189,survived,down,3,0,0,Same-tissue replication: 3/3 concordant. Cross-tissue: 0/0 concordant.
SPATA2,189,survived,down,3,0,0,Same-tissue replication: 3/3 concordant. Cross-tissue: 0/0 concordant.
CCDC183,190,survived,down,1,0,0,Same-tissue replication: 1/1 concordant. Cross-tissue: 0/0 concordant.
CHRNA7,190,insufficient_data,down,0,0,0,No replication data available for this gene.
DAGLA,190,survived,down,2,0,0,Same-tissue replication: 2/3 concordant. Cross-tissue: 0/0 concordant.
RPS6KA5,190,survived,down,3,0,0,Same-tissue replication: 3/3 concordant. Cross-tissue: 0/0 concordant.
SKAP2,190,survived,down,3,0,0,Same-tissue replication: 3/3 concordant. Cross-tissue: 0/0 concordant.
ADPRHL1,191,survived,down,3,0,0,Same-tissue replication: 3/3 concordant. Cross-tissue: 0/0 concordant.
BCO2,191,survived,down,2,0,0,Same-tissue replication: 2/3 concordant. Cross-tissue: 0/0 concordant.
CIB1,191,survived,down,2,0,0,Same-tissue replication: 2/3 concordant. Cross-tissue: 0/0 concordant.
EBAG9,191,survived,down,3,0,0,Same-tissue replication: 3/3 concordant. Cross-tissue: 0/0 concordant.
GDAP2,191,survived,down,3,0,0,Same-tissue replication: 3/3 concordant. Cross-tissue: 0/0 concordant.
GFOD2,191,survived,down,3,0,0,Same-tissue replication: 3/3 concordant. Cross-tissue: 0/0 concordant.
HR,191,survived,down,3,0,0,Same-tissue replication: 3/3 concordant. Cross-tissue: 0/0 concordant.
MRPS25,191,survived,down,3,0,0,Same-tissue replication: 3/3 concordant. Cross-tissue: 0/0 concordant.
OAZ1,191,eliminated,down,1,2,0,"Significant opposite direction in same-tissue dataset(s): ['GSE87466', 'GSE36807']. Discovery direction: down."
SBDS,191,insufficient_data,down,0,0,0,No replication data available for this gene.
SKP1,191,survived,down,2,0,0,Same-tissue replication: 2/3 concordant. Cross-tissue: 0/0 concordant.
SYTL2,191,survived,down,3,0,0,Same-tissue replication: 3/3 concordant. Cross-tissue: 0/0 concordant.
TMA7,191,survived,down,2,0,0,Same-tissue replication: 2/3 concordant. Cross-tissue: 0/0 concordant.
TRIM10,191,survived,down,3,0,0,Same-tissue replication: 3/3 concordant. Cross-tissue: 0/0 concordant.
ZNF174,191,survived,down,2,0,0,Same-tissue replication: 2/3 concordant. Cross-tissue: 0/0 concordant.
BZW1,192,survived,up,3,0,0,Same-tissue replication: 3/3 concordant. Cross-tissue: 0/0 concordant.
CLIP1,192,survived,up,3,0,0,Same-tissue replication: 3/3 concordant. Cross-tissue: 0/0 concordant.
DLG5,192,survived,up,3,0,0,Same-tissue replication: 3/3 concordant. Cross-tissue: 0/0 concordant.
FLT3,192,survived,up,3,0,0,Same-tissue replication: 3/3 concordant. Cross-tissue: 0/0 concordant.
PTPRU,192,survived,up,3,0,0,Same-tissue replication: 3/3 concordant. Cross-tissue: 0/0 concordant.
PYDC2,192,insufficient_data,up,0,0,0,No replication data available for this gene.
SYNJ1,192,survived,up,2,0,0,Same-tissue replication: 2/3 concordant. Cross-tissue: 0/0 concordant.
TCERG1,192,survived,up,2,0,0,Same-tissue replication: 2/3 concordant. Cross-tissue: 0/0 concordant.
TIMM9,192,survived,up,2,0,0,Same-tissue replication: 2/3 concordant. Cross-tissue: 0/0 concordant.
TMEM272,192,eliminated,up,1,1,0,Significant opposite direction in same-tissue dataset(s): ['GSE87466']. Discovery direction: up.
ZRANB3,192,survived,up,3,0,0,Same-tissue replication: 3/3 concordant. Cross-tissue: 0/0 concordant.
AFF1,194,survived,down,3,0,0,Same-tissue replication: 3/3 concordant. Cross-tissue: 0/0 concordant.
CTDSP2,194,survived,down,3,0,0,Same-tissue replication: 3/3 concordant. Cross-tissue: 0/0 concordant.
FBXW4,194,survived,down,3,0,0,Same-tissue replication: 3/3 concordant. Cross-tissue: 0/0 concordant.
MLX,194,survived,down,2,0,0,Same-tissue replication: 2/3 concordant. Cross-tissue: 0/0 concordant.
PLPP6,194,survived,down,3,0,0,Same-tissue replication: 3/3 concordant. Cross-tissue: 0/0 concordant.
RAB3IP,194,survived,down,3,0,0,Same-tissue replication: 3/3 concordant. Cross-tissue: 0/0 concordant.
SGPL1,194,eliminated,down,1,1,0,Significant opposite direction in same-tissue dataset(s): ['GSE36807']. Discovery direction: down.
SLC25A6,194,survived,down,3,0,0,Same-tissue replication: 3/3 concordant. Cross-tissue: 0/0 concordant.
SNX14,194,survived,down,3,0,0,Same-tissue replication: 3/3 concordant. Cross-tissue: 0/0 concordant.
ABCD3,195,survived,down,3,0,0,Same-tissue replication: 3/3 concordant. Cross-tissue: 0/0 concordant.
ALDH5A1,195,survived,down,3,0,0,Same-tissue replication: 3/3 concordant. Cross-tissue: 0/0 concordant.
ANO10,195,survived,down,3,0,0,Same-tissue replication: 3/3 concordant. Cross-tissue: 0/0 concordant.
AP1AR,195,survived,down,3,0,0,Same-tissue replication: 3/3 concordant. Cross-tissue: 0/0 concordant.
ARHGAP42,195,survived,down,3,0,0,Same-tissue replication: 3/3 concordant. Cross-tissue: 0/0 concordant.
BMP8B,195,survived,down,3,0,0,Same-tissue replication: 3/3 concordant. Cross-tissue: 0/0 concordant.
CDK20,195,survived,down,3,0,0,Same-tissue replication: 3/3 concordant. Cross-tissue: 0/0 concordant.
CITED2,195,survived,down,3,0,0,Same-tissue replication: 3/3 concordant. Cross-tissue: 0/0 concordant.
DEPDC7,195,survived,down,3,0,0,Same-tissue replication: 3/3 concordant. Cross-tissue: 0/0 concordant.
GPR160,195,survived,down,3,0,0,Same-tissue replication: 3/3 concordant. Cross-tissue: 0/0 concordant.
HSDL2,195,survived,down,3,0,0,Same-tissue replication: 3/3 concordant. Cross-tissue: 0/0 concordant.
MIER3,195,survived,down,3,0,0,Same-tissue replication: 3/3 concordant. Cross-tissue: 0/0 concordant.
MOGAT2,195,survived,down,3,0,0,Same-tissue replication: 3/3 concordant. Cross-tissue: 0/0 concordant.
PCK2,195,survived,down,3,0,0,Same-tissue replication: 3/3 concordant. Cross-tissue: 0/0 concordant.
PDK4,195,survived,down,3,0,0,Same-tissue replication: 3/3 concordant. Cross-tissue: 0/0 concordant.
PKIB,195,survived,down,3,0,0,Same-tissue replication: 3/3 concordant. Cross-tissue: 0/0 concordant.
TAT,195,survived,down,2,0,0,Same-tissue replication: 2/3 concordant. Cross-tissue: 0/0 concordant.
TMCC3,195,survived,down,3,0,0,Same-tissue replication: 3/3 concordant. Cross-tissue: 0/0 concordant.
TMEM171,195,survived,down,3,0,0,Same-tissue replication: 3/3 concordant. Cross-tissue: 0/0 concordant.
TMEM192,195,survived,down,3,0,0,Same-tissue replication: 3/3 concordant. Cross-tissue: 0/0 concordant.
ARMCX4,196,survived,down,2,0,0,Same-tissue replication: 2/3 concordant. Cross-tissue: 0/0 concordant.
C6orf47,196,survived,down,2,0,0,Same-tissue replication: 2/3 concordant. Cross-tissue: 0/0 concordant.
CCDC89,196,survived,down,2,0,0,Same-tissue replication: 2/3 concordant. Cross-tissue: 0/0 concordant.
CDC42BPA,196,survived,down,3,0,0,Same-tissue replication: 3/3 concordant. Cross-tissue: 0/0 concordant.
DHFR2,196,survived,down,3,0,0,Same-tissue replication: 3/3 concordant. Cross-tissue: 0/0 concordant.
ENGASE,196,survived,down,3,0,0,Same-tissue replication: 3/3 concordant. Cross-tissue: 0/0 concordant.
FAM184B,196,survived,down,3,0,0,Same-tissue replication: 3/3 concordant. Cross-tissue: 0/0 concordant.
KCNV1,196,survived,down,3,0,0,Same-tissue replication: 3/3 concordant. Cross-tissue: 0/0 concordant.
KCTD13,196,survived,down,1,0,0,Same-tissue replication: 1/3 concordant. Cross-tissue: 0/0 concordant.
LONRF3,196,survived,down,1,0,0,Same-tissue replication: 1/3 concordant. Cross-tissue: 0/0 concordant.
MLH3,196,survived,down,0,0,0,Same-tissue replication: 0/3 concordant. Cross-tissue: 0/0 concordant.
MRRF,196,survived,down,2,0,0,Same-tissue replication: 2/3 concordant. Cross-tissue: 0/0 concordant.
NOL12,196,survived,down,1,0,0,Same-tissue replication: 1/3 concordant. Cross-tissue: 0/0 concordant.
PTP4A1,196,survived,down,3,0,0,Same-tissue replication: 3/3 concordant. Cross-tissue: 0/0 concordant.
SF3B4,196,survived,down,1,0,0,Same-tissue replication: 1/3 concordant. Cross-tissue: 0/0 concordant.
SLC26A6,196,survived,down,3,0,0,Same-tissue replication: 3/3 concordant. Cross-tissue: 0/0 concordant.
STPG4,196,survived,down,3,0,0,Same-tissue replication: 3/3 concordant. Cross-tissue: 0/0 concordant.
TCP11L2,196,survived,down,2,0,0,Same-tissue replication: 2/3 concordant. Cross-tissue: 0/0 concordant.
TOX4,196,eliminated,down,2,1,0,Significant opposite direction in same-tissue dataset(s): ['GSE36807']. Discovery direction: down.
ZNF429,196,survived,down,0,0,0,Same-tissue replication: 0/2 concordant. Cross-tissue: 0/0 concordant.
ZNF785,196,survived,down,2,0,0,Same-tissue replication: 2/3 concordant. Cross-tissue: 0/0 concordant.
COL24A1,197,survived,up,3,0,0,Same-tissue replication: 3/3 concordant. Cross-tissue: 0/0 concordant.
FRMD4A,197,survived,up,2,0,0,Same-tissue replication: 2/3 concordant. Cross-tissue: 0/0 concordant.
INTS13,197,survived,up,3,0,0,Same-tissue replication: 3/3 concordant. Cross-tissue: 0/0 concordant.
MICU3,197,survived,up,3,0,0,Same-tissue replication: 3/3 concordant. Cross-tissue: 0/0 concordant.
ABCC9,198,survived,up,1,0,0,Same-tissue replication: 1/3 concordant. Cross-tissue: 0/0 concordant.
ADAMTS4,198,eliminated,up,1,1,0,Significant opposite direction in same-tissue dataset(s): ['GSE87466']. Discovery direction: up.
CASP4,198,survived,up,3,0,0,Same-tissue replication: 3/3 concordant. Cross-tissue: 0/0 concordant.
CCL3,198,insufficient_data,up,0,0,0,No replication data available for this gene.
LILRA1,198,survived,up,3,0,0,Same-tissue replication: 3/3 concordant. Cross-tissue: 0/0 concordant.
PDIA5,198,survived,up,1,0,0,Same-tissue replication: 1/1 concordant. Cross-tissue: 0/0 concordant.
PLEKHG2,198,survived,up,1,0,0,Same-tissue replication: 1/3 concordant. Cross-tissue: 0/0 concordant.
SPON2,198,survived,up,1,0,0,Same-tissue replication: 1/1 concordant. Cross-tissue: 0/0 concordant.
TGFB2,198,survived,up,3,0,0,Same-tissue replication: 3/3 concordant. Cross-tissue: 0/0 concordant.
TMEM204,198,survived,up,3,0,0,Same-tissue replication: 3/3 concordant. Cross-tissue: 0/0 concordant.
ZNF385D,198,survived,up,2,0,0,Same-tissue replication: 2/3 concordant. Cross-tissue: 0/0 concordant.
ARPC1A,201,survived,down,2,0,0,Same-tissue replication: 2/3 concordant. Cross-tissue: 0/0 concordant.
CCDC83,201,survived,down,2,0,0,Same-tissue replication: 2/3 concordant. Cross-tissue: 0/0 concordant.
MGAT4C,201,survived,down,1,0,0,Same-tissue replication: 1/3 concordant. Cross-tissue: 0/0 concordant.
SLC22A16,201,survived,down,3,0,0,Same-tissue replication: 3/3 concordant. Cross-tissue: 0/0 concordant.
BCR,202,survived,up,2,0,0,Same-tissue replication: 2/3 concordant. Cross-tissue: 0/0 concordant.
CCR8,202,survived,up,1,0,0,Same-tissue replication: 1/3 concordant. Cross-tissue: 0/0 concordant.
CIMAP1B,202,survived,up,3,0,0,Same-tissue replication: 3/3 concordant. Cross-tissue: 0/0 concordant.
DLGAP4,202,eliminated,up,1,1,0,Significant opposite direction in same-tissue dataset(s): ['GSE36807']. Discovery direction: up.
DTX3L,202,survived,up,3,0,0,Same-tissue replication: 3/3 concordant. Cross-tissue: 0/0 concordant.
GTPBP4,202,survived,up,3,0,0,Same-tissue replication: 3/3 concordant. Cross-tissue: 0/0 concordant.
OGFOD1,202,survived,up,3,0,0,Same-tissue replication: 3/3 concordant. Cross-tissue: 0/0 concordant.
RBFOX2,202,survived,up,2,0,0,Same-tissue replication: 2/3 concordant. Cross-tissue: 0/0 concordant.
URB1,202,survived,up,3,0,0,Same-tissue replication: 3/3 concordant. Cross-tissue: 0/0 concordant.
YTHDF2,202,survived,up,2,0,0,Same-tissue replication: 2/3 concordant. Cross-tissue: 0/0 concordant.
ZC3HAV1L,202,survived,up,2,0,0,Same-tissue replication: 2/3 concordant. Cross-tissue: 0/0 concordant.
ARAP3,203,survived,up,3,0,0,Same-tissue replication: 3/3 concordant. Cross-tissue: 0/0 concordant.
BTN3A1,203,survived,up,3,0,0,Same-tissue replication: 3/3 concordant. Cross-tissue: 0/0 concordant.
CAV2,203,survived,up,3,0,0,Same-tissue replication: 3/3 concordant. Cross-tissue: 0/0 concordant.
DUSP6,203,survived,up,3,0,0,Same-tissue replication: 3/3 concordant. Cross-tissue: 0/0 concordant.
NHSL2,203,survived,up,3,0,0,Same-tissue replication: 3/3 concordant. Cross-tissue: 0/0 concordant.
ANKRD22,204,survived,up,3,0,0,Same-tissue replication: 3/3 concordant. Cross-tissue: 0/0 concordant.
AREG,204,survived,up,3,0,0,Same-tissue replication: 3/3 concordant. Cross-tissue: 0/0 concordant.
CCL18,204,survived,up,2,0,0,Same-tissue replication: 2/3 concordant. Cross-tissue: 0/0 concordant.
DCN,204,survived,up,3,0,0,Same-tissue replication: 3/3 concordant. Cross-tissue: 0/0 concordant.
DMBT1,204,survived,up,3,0,0,Same-tissue replication: 3/3 concordant. Cross-tissue: 0/0 concordant.
IL7R,204,survived,up,3,0,0,Same-tissue replication: 3/3 concordant. Cross-tissue: 0/0 concordant.
MUC1,204,survived,up,3,0,0,Same-tissue replication: 3/3 concordant. Cross-tissue: 0/0 concordant.
PARP8,204,survived,up,2,0,0,Same-tissue replication: 2/3 concordant. Cross-tissue: 0/0 concordant.
SELL,204,survived,up,3,0,0,Same-tissue replication: 3/3 concordant. Cross-tissue: 0/0 concordant.
SPINK4,204,survived,up,3,0,0,Same-tissue replication: 3/3 concordant. Cross-tissue: 0/0 concordant.
TDO2,204,survived,up,3,0,0,Same-tissue replication: 3/3 concordant. Cross-tissue: 0/0 concordant.
TRIM22,204,survived,up,3,0,0,Same-tissue replication: 3/3 concordant. Cross-tissue: 0/0 concordant.
ACTR1B,205,survived,down,2,0,0,Same-tissue replication: 2/3 concordant. Cross-tissue: 0/0 concordant.
ARFRP1,205,survived,down,2,0,0,Same-tissue replication: 2/3 concordant. Cross-tissue: 0/0 concordant.
LSM11,205,survived,down,3,0,0,Same-tissue replication: 3/3 concordant. Cross-tissue: 0/0 concordant.
MED11,205,survived,down,3,0,0,Same-tissue replication: 3/3 concordant. Cross-tissue: 0/0 concordant.
MUL1,205,survived,down,3,0,0,Same-tissue replication: 3/3 concordant. Cross-tissue: 0/0 concordant.
SHOC2,205,eliminated,down,2,1,0,Significant opposite direction in same-tissue dataset(s): ['GSE36807']. Discovery direction: down.
SURF6,205,survived,down,2,0,0,Same-tissue replication: 2/3 concordant. Cross-tissue: 0/0 concordant.
APOBEC3F,206,survived,up,3,0,0,Same-tissue replication: 3/3 concordant. Cross-tissue: 0/0 concordant.
ASF1B,206,survived,up,3,0,0,Same-tissue replication: 3/3 concordant. Cross-tissue: 0/0 concordant.
CD84,206,survived,up,3,0,0,Same-tissue replication: 3/3 concordant. Cross-tissue: 0/0 concordant.
DIPK1A,206,survived,up,3,0,0,Same-tissue replication: 3/3 concordant. Cross-tissue: 0/0 concordant.
FRMD5,206,survived,up,2,0,0,Same-tissue replication: 2/3 concordant. Cross-tissue: 0/0 concordant.
MNS1,206,survived,up,3,0,0,Same-tissue replication: 3/3 concordant. Cross-tissue: 0/0 concordant.
MRC1,206,survived,up,3,0,0,Same-tissue replication: 3/3 concordant. Cross-tissue: 0/0 concordant.
PLK4,206,survived,up,2,0,0,Same-tissue replication: 2/3 concordant. Cross-tissue: 0/0 concordant.
TMOD2,206,survived,up,2,0,0,Same-tissue replication: 2/3 concordant. Cross-tissue: 0/0 concordant.
COX6C,208,survived,down,3,0,0,Same-tissue replication: 3/3 concordant. Cross-tissue: 0/0 concordant.
FAM234A,208,survived,down,3,0,0,Same-tissue replication: 3/3 concordant. Cross-tissue: 0/0 concordant.
GTF2A2,208,survived,down,2,0,0,Same-tissue replication: 2/3 concordant. Cross-tissue: 0/0 concordant.
PRSS3,208,survived,down,3,0,0,Same-tissue replication: 3/3 concordant. Cross-tissue: 0/0 concordant.
RGMB,208,survived,down,3,0,0,Same-tissue replication: 3/3 concordant. Cross-tissue: 0/0 concordant.
SLC9A6,208,survived,down,2,0,0,Same-tissue replication: 2/3 concordant. Cross-tissue: 0/0 concordant.
SPINT2,208,survived,down,3,0,0,Same-tissue replication: 3/3 concordant. Cross-tissue: 0/0 concordant.
APC,209,survived,down,3,0,0,Same-tissue replication: 3/3 concordant. Cross-tissue: 0/0 concordant.
CGRRF1,209,survived,down,3,0,0,Same-tissue replication: 3/3 concordant. Cross-tissue: 0/0 concordant.
CYC1,209,survived,down,3,0,0,Same-tissue replication: 3/3 concordant. Cross-tissue: 0/0 concordant.
GCLC,209,survived,down,2,0,0,Same-tissue replication: 2/3 concordant. Cross-tissue: 0/0 concordant.
PRKAG2,209,survived,down,3,0,0,Same-tissue replication: 3/3 concordant. Cross-tissue: 0/0 concordant.
SLC35A5,209,survived,down,3,0,0,Same-tissue replication: 3/3 concordant. Cross-tissue: 0/0 concordant.
ZNF112,209,survived,down,3,0,0,Same-tissue replication: 3/3 concordant. Cross-tissue: 0/0 concordant.
ZNF217,209,survived,down,3,0,0,Same-tissue replication: 3/3 concordant. Cross-tissue: 0/0 concordant.
CNOT1,210,survived,down,3,0,0,Same-tissue replication: 3/3 concordant. Cross-tissue: 0/0 concordant.
EPB41,210,survived,down,3,0,0,Same-tissue replication: 3/3 concordant. Cross-tissue: 0/0 concordant.
KIAA1671,210,survived,down,3,0,0,Same-tissue replication: 3/3 concordant. Cross-tissue: 0/0 concordant.
METTL14,210,survived,down,3,0,0,Same-tissue replication: 3/3 concordant. Cross-tissue: 0/0 concordant.
MTFR1L,210,survived,down,3,0,0,Same-tissue replication: 3/3 concordant. Cross-tissue: 0/0 concordant.
PHLDB3,210,survived,down,2,0,0,Same-tissue replication: 2/3 concordant. Cross-tissue: 0/0 concordant.
PRSS8,210,survived,down,3,0,0,Same-tissue replication: 3/3 concordant. Cross-tissue: 0/0 concordant.
RPP25L,210,survived,down,3,0,0,Same-tissue replication: 3/3 concordant. Cross-tissue: 0/0 concordant.
ADAM10,211,survived,down,3,0,0,Same-tissue replication: 3/3 concordant. Cross-tissue: 0/0 concordant.
BLOC1S4,211,survived,down,2,0,0,Same-tissue replication: 2/3 concordant. Cross-tissue: 0/0 concordant.
BLTP3B,211,survived,down,2,0,0,Same-tissue replication: 2/3 concordant. Cross-tissue: 0/0 concordant.
KIF3B,211,survived,down,1,0,0,Same-tissue replication: 1/3 concordant. Cross-tissue: 0/0 concordant.
KLHL12,211,survived,down,3,0,0,Same-tissue replication: 3/3 concordant. Cross-tissue: 0/0 concordant.
NAGPA,211,survived,down,3,0,0,Same-tissue replication: 3/3 concordant. Cross-tissue: 0/0 concordant.
PPP2R1B,211,survived,down,2,0,0,Same-tissue replication: 2/3 concordant. Cross-tissue: 0/0 concordant.
SLC33A2,211,eliminated,down,1,1,0,Significant opposite direction in same-tissue dataset(s): ['GSE36807']. Discovery direction: down.
THYN1,211,survived,down,2,0,0,Same-tissue replication: 2/3 concordant. Cross-tissue: 0/0 concordant.
USP25,211,survived,down,2,0,0,Same-tissue replication: 2/3 concordant. Cross-tissue: 0/0 concordant.
ATL2,212,survived,down,3,0,0,Same-tissue replication: 3/3 concordant. Cross-tissue: 0/0 concordant.
GCFC2,212,survived,down,3,0,0,Same-tissue replication: 3/3 concordant. Cross-tissue: 0/0 concordant.
METRNL,212,survived,down,3,0,0,Same-tissue replication: 3/3 concordant. Cross-tissue: 0/0 concordant.
PPP2CB,212,survived,down,3,0,0,Same-tissue replication: 3/3 concordant. Cross-tissue: 0/0 concordant.
SVIP,212,survived,down,3,0,0,Same-tissue replication: 3/3 concordant. Cross-tissue: 0/0 concordant.
ZNF358,212,survived,down,3,0,0,Same-tissue replication: 3/3 concordant. Cross-tissue: 0/0 concordant.
ZNF443,212,survived,down,3,0,0,Same-tissue replication: 3/3 concordant. Cross-tissue: 0/0 concordant.
CDK2AP1,213,survived,up,3,0,0,Same-tissue replication: 3/3 concordant. Cross-tissue: 0/0 concordant.
FANCD2,213,survived,up,3,0,0,Same-tissue replication: 3/3 concordant. Cross-tissue: 0/0 concordant.
KIF20A,213,survived,up,3,0,0,Same-tissue replication: 3/3 concordant. Cross-tissue: 0/0 concordant.
LIF,213,survived,up,3,0,0,Same-tissue replication: 3/3 concordant. Cross-tissue: 0/0 concordant.
MYADM,213,eliminated,up,2,1,0,Significant opposite direction in same-tissue dataset(s): ['GSE36807']. Discovery direction: up.
NCAPG2,213,survived,up,3,0,0,Same-tissue replication: 3/3 concordant. Cross-tissue: 0/0 concordant.
SLC12A8,213,survived,up,3,0,0,Same-tissue replication: 3/3 concordant. Cross-tissue: 0/0 concordant.
SSR3,213,survived,up,3,0,0,Same-tissue replication: 3/3 concordant. Cross-tissue: 0/0 concordant.
ZNF366,213,survived,up,3,0,0,Same-tissue replication: 3/3 concordant. Cross-tissue: 0/0 concordant.
CNRIP1,214,survived,up,2,0,0,Same-tissue replication: 2/3 concordant. Cross-tissue: 0/0 concordant.
CSTA,214,survived,up,3,0,0,Same-tissue replication: 3/3 concordant. Cross-tissue: 0/0 concordant.
FAM72A,214,survived,up,3,0,0,Same-tissue replication: 3/3 concordant. Cross-tissue: 0/0 concordant.
FANCI,214,survived,up,3,0,0,Same-tissue replication: 3/3 concordant. Cross-tissue: 0/0 concordant.
GIMAP8,214,survived,up,3,0,0,Same-tissue replication: 3/3 concordant. Cross-tissue: 0/0 concordant.
IL12RB1,214,survived,up,3,0,0,Same-tissue replication: 3/3 concordant. Cross-tissue: 0/0 concordant.
KIF18A,214,survived,up,3,0,0,Same-tissue replication: 3/3 concordant. Cross-tissue: 0/0 concordant.
RPL22L1,214,survived,up,3,0,0,Same-tissue replication: 3/3 concordant. Cross-tissue: 0/0 concordant.
TPM4,214,survived,up,3,0,0,Same-tissue replication: 3/3 concordant. Cross-tissue: 0/0 concordant.
B3GALNT1,215,survived,up,3,0,0,Same-tissue replication: 3/3 concordant. Cross-tissue: 0/0 concordant.
CD300A,215,survived,up,3,0,0,Same-tissue replication: 3/3 concordant. Cross-tissue: 0/0 concordant.
IL10,215,survived,up,3,0,0,Same-tissue replication: 3/3 concordant. Cross-tissue: 0/0 concordant.
MYCBP2,215,survived,up,3,0,0,Same-tissue replication: 3/3 concordant. Cross-tissue: 0/0 concordant.
MYO1B,215,survived,up,3,0,0,Same-tissue replication: 3/3 concordant. Cross-tissue: 0/0 concordant.
PLCXD1,215,survived,up,3,0,0,Same-tissue replication: 3/3 concordant. Cross-tissue: 0/0 concordant.
SACK1D,215,survived,up,3,0,0,Same-tissue replication: 3/3 concordant. Cross-tissue: 0/0 concordant.
TPSB2,215,eliminated,up,2,1,0,Significant opposite direction in same-tissue dataset(s): ['GSE36807']. Discovery direction: up.
TPX2,215,survived,up,3,0,0,Same-tissue replication: 3/3 concordant. Cross-tissue: 0/0 concordant.
CCNB2,216,survived,up,3,0,0,Same-tissue replication: 3/3 concordant. Cross-tissue: 0/0 concordant.
CDC25A,216,survived,up,2,0,0,Same-tissue replication: 2/3 concordant. Cross-tissue: 0/0 concordant.
DEPP1,216,survived,up,3,0,0,Same-tissue replication: 3/3 concordant. Cross-tissue: 0/0 concordant.
FGD2,216,survived,up,3,0,0,Same-tissue replication: 3/3 concordant. Cross-tissue: 0/0 concordant.
IFNAR2,216,survived,up,3,0,0,Same-tissue replication: 3/3 concordant. Cross-tissue: 0/0 concordant.
IL6ST,216,survived,up,3,0,0,Same-tissue replication: 3/3 concordant. Cross-tissue: 0/0 concordant.
LMNB1,216,survived,up,3,0,0,Same-tissue replication: 3/3 concordant. Cross-tissue: 0/0 concordant.
NEXN,216,survived,up,2,0,0,Same-tissue replication: 2/3 concordant. Cross-tissue: 0/0 concordant.
AFMID,217,survived,up,1,0,0,Same-tissue replication: 1/3 concordant. Cross-tissue: 0/0 concordant.
EFEMP2,217,survived,up,3,0,0,Same-tissue replication: 3/3 concordant. Cross-tissue: 0/0 concordant.
ETS2,217,eliminated,up,2,1,0,Significant opposite direction in same-tissue dataset(s): ['GSE36807']. Discovery direction: up.
HSH2D,217,survived,up,3,0,0,Same-tissue replication: 3/3 concordant. Cross-tissue: 0/0 concordant.
PANX1,217,survived,up,3,0,0,Same-tissue replication: 3/3 concordant. Cross-tissue: 0/0 concordant.
PDLIM7,217,survived,up,2,0,0,Same-tissue replication: 2/3 concordant. Cross-tissue: 0/0 concordant.
TBC1D19,217,survived,up,3,0,0,Same-tissue replication: 3/3 concordant. Cross-tissue: 0/0 concordant.
HECW2,218,survived,up,3,0,0,Same-tissue replication: 3/3 concordant. Cross-tissue: 0/0 concordant.
HM13,218,survived,up,3,0,0,Same-tissue replication: 3/3 concordant. Cross-tissue: 0/0 concordant.
IFT22,218,survived,up,3,0,0,Same-tissue replication: 3/3 concordant. Cross-tissue: 0/0 concordant.
IL15RA,218,survived,up,3,0,0,Same-tissue replication: 3/3 concordant. Cross-tissue: 0/0 concordant.
PML,218,survived,up,3,0,0,Same-tissue replication: 3/3 concordant. Cross-tissue: 0/0 concordant.
RPN2,218,survived,up,3,0,0,Same-tissue replication: 3/3 concordant. Cross-tissue: 0/0 concordant.
SSR1,218,survived,up,3,0,0,Same-tissue replication: 3/3 concordant. Cross-tissue: 0/0 concordant.
GGA1,219,survived,up,2,0,0,Same-tissue replication: 2/3 concordant. Cross-tissue: 0/0 concordant.
OAZ2,219,survived,up,3,0,0,Same-tissue replication: 3/3 concordant. Cross-tissue: 0/0 concordant.
RAB27B,219,survived,up,2,0,0,Same-tissue replication: 2/3 concordant. Cross-tissue: 0/0 concordant.
RXRG,219,eliminated,up,1,1,0,Significant opposite direction in same-tissue dataset(s): ['GSE87466']. Discovery direction: up.
STAC,219,eliminated,up,1,1,0,Significant opposite direction in same-tissue dataset(s): ['GSE36807']. Discovery direction: up.
GJC1,220,survived,up,3,0,0,Same-tissue replication: 3/3 concordant. Cross-tissue: 0/0 concordant.
GRAMD1A,220,survived,up,2,0,0,Same-tissue replication: 2/3 concordant. Cross-tissue: 0/0 concordant.
HS3ST1,220,survived,up,2,0,0,Same-tissue replication: 2/3 concordant. Cross-tissue: 0/0 concordant.
HSD11B1,220,survived,up,3,0,0,Same-tissue replication: 3/3 concordant. Cross-tissue: 0/0 concordant.
MMRN2,220,survived,up,3,0,0,Same-tissue replication: 3/3 concordant. Cross-tissue: 0/0 concordant.
PAPLN,220,survived,up,3,0,0,Same-tissue replication: 3/3 concordant. Cross-tissue: 0/0 concordant.
PITX1,220,survived,up,3,0,0,Same-tissue replication: 3/3 concordant. Cross-tissue: 0/0 concordant.
PRAF2,220,survived,up,3,0,0,Same-tissue replication: 3/3 concordant. Cross-tissue: 0/0 concordant.
PTGES,220,survived,up,3,0,0,Same-tissue replication: 3/3 concordant. Cross-tissue: 0/0 concordant.
RHBDF2,220,survived,up,3,0,0,Same-tissue replication: 3/3 concordant. Cross-tissue: 0/0 concordant.
ROR2,220,survived,up,3,0,0,Same-tissue replication: 3/3 concordant. Cross-tissue: 0/0 concordant.
SH3RF3,220,survived,up,3,0,0,Same-tissue replication: 3/3 concordant. Cross-tissue: 0/0 concordant.
SPCS3,220,survived,up,3,0,0,Same-tissue replication: 3/3 concordant. Cross-tissue: 0/0 concordant.
TCIRG1,220,survived,up,3,0,0,Same-tissue replication: 3/3 concordant. Cross-tissue: 0/0 concordant.
TUBB6,220,survived,up,3,0,0,Same-tissue replication: 3/3 concordant. Cross-tissue: 0/0 concordant.
BBLN,221,survived,up,3,0,0,Same-tissue replication: 3/3 concordant. Cross-tissue: 0/0 concordant.
LARP4,221,survived,up,3,0,0,Same-tissue replication: 3/3 concordant. Cross-tissue: 0/0 concordant.
MLH1,221,survived,up,3,0,0,Same-tissue replication: 3/3 concordant. Cross-tissue: 0/0 concordant.
PSMB1,221,survived,up,3,0,0,Same-tissue replication: 3/3 concordant. Cross-tissue: 0/0 concordant.
RB1,221,survived,up,2,0,0,Same-tissue replication: 2/3 concordant. Cross-tissue: 0/0 concordant.
RIOK1,221,survived,up,3,0,0,Same-tissue replication: 3/3 concordant. Cross-tissue: 0/0 concordant.
BMAL2,224,survived,up,3,0,0,Same-tissue replication: 3/3 concordant. Cross-tissue: 0/0 concordant.
GBP5,224,survived,up,3,0,0,Same-tissue replication: 3/3 concordant. Cross-tissue: 0/0 concordant.
HGF,224,survived,up,3,0,0,Same-tissue replication: 3/3 concordant. Cross-tissue: 0/0 concordant.
IL13RA2,224,survived,up,3,0,0,Same-tissue replication: 3/3 concordant. Cross-tissue: 0/0 concordant.
ITGA5,224,survived,up,3,0,0,Same-tissue replication: 3/3 concordant. Cross-tissue: 0/0 concordant.
MNDA,224,survived,up,3,0,0,Same-tissue replication: 3/3 concordant. Cross-tissue: 0/0 concordant.
PIM2,224,survived,up,3,0,0,Same-tissue replication: 3/3 concordant. Cross-tissue: 0/0 concordant.
SERPINB4,224,survived,up,3,0,0,Same-tissue replication: 3/3 concordant. Cross-tissue: 0/0 concordant.
TRIM29,224,survived,up,3,0,0,Same-tissue replication: 3/3 concordant. Cross-tissue: 0/0 concordant.
CXCL6,225,survived,up,3,0,0,Same-tissue replication: 3/3 concordant. Cross-tissue: 0/0 concordant.
ICAM1,225,survived,up,3,0,0,Same-tissue replication: 3/3 concordant. Cross-tissue: 0/0 concordant.
IL6,225,survived,up,3,0,0,Same-tissue replication: 3/3 concordant. Cross-tissue: 0/0 concordant.
KCNJ15,225,survived,up,3,0,0,Same-tissue replication: 3/3 concordant. Cross-tissue: 0/0 concordant.
STC1,225,survived,up,3,0,0,Same-tissue replication: 3/3 concordant. Cross-tissue: 0/0 concordant.
STRIP2,225,survived,up,3,0,0,Same-tissue replication: 3/3 concordant. Cross-tissue: 0/0 concordant.
TRIB2,225,survived,up,3,0,0,Same-tissue replication: 3/3 concordant. Cross-tissue: 0/0 concordant.
VWF,225,survived,up,3,0,0,Same-tissue replication: 3/3 concordant. Cross-tissue: 0/0 concordant.
WNT5A,225,survived,up,3,0,0,Same-tissue replication: 3/3 concordant. Cross-tissue: 0/0 concordant.
CRHBP,226,eliminated,up,1,1,0,Significant opposite direction in same-tissue dataset(s): ['GSE87466']. Discovery direction: up.
DRC2,226,survived,up,2,0,0,Same-tissue replication: 2/3 concordant. Cross-tissue: 0/0 concordant.
MPV17L,226,survived,down,2,0,0,Same-tissue replication: 2/3 concordant. Cross-tissue: 0/0 concordant.
MYD88,226,eliminated,down,0,1,0,Significant opposite direction in same-tissue dataset(s): ['GSE36807']. Discovery direction: down.
PCGF3,226,survived,down,3,0,0,Same-tissue replication: 3/3 concordant. Cross-tissue: 0/0 concordant.
PPM1F,226,survived,up,3,0,0,Same-tissue replication: 3/3 concordant. Cross-tissue: 0/0 concordant.
RNF212,226,eliminated,up,1,1,0,Significant opposite direction in same-tissue dataset(s): ['GSE87466']. Discovery direction: up.
SLAIN2,226,survived,down,3,0,0,Same-tissue replication: 3/3 concordant. Cross-tissue: 0/0 concordant.
SLC4A5,226,survived,down,1,0,0,Same-tissue replication: 1/3 concordant. Cross-tissue: 0/0 concordant.
ZNF814,226,survived,down,2,0,0,Same-tissue replication: 2/3 concordant. Cross-tissue: 0/0 concordant.
CWF19L1,227,survived,up,2,0,0,Same-tissue replication: 2/3 concordant. Cross-tissue: 0/0 concordant.
DAD1,227,survived,up,3,0,0,Same-tissue replication: 3/3 concordant. Cross-tissue: 0/0 concordant.
RAB14,227,survived,down,1,0,0,Same-tissue replication: 1/3 concordant. Cross-tissue: 0/0 concordant.
SET,227,survived,up,2,0,0,Same-tissue replication: 2/3 concordant. Cross-tissue: 0/0 concordant.
TIMM29,227,survived,up,3,0,0,Same-tissue replication: 3/3 concordant. Cross-tissue: 0/0 concordant.
CSF2,228,survived,down,1,0,0,Same-tissue replication: 1/3 concordant. Cross-tissue: 0/0 concordant.
KIF3C,228,survived,up,2,0,0,Same-tissue replication: 2/3 concordant. Cross-tissue: 0/0 concordant.
MORN1,228,survived,up,1,0,0,Same-tissue replication: 1/3 concordant. Cross-tissue: 0/0 concordant.
N4BP1,228,survived,up,2,0,0,Same-tissue replication: 2/3 concordant. Cross-tissue: 0/0 concordant.
PDX1,228,survived,down,1,0,0,Same-tissue replication: 1/3 concordant. Cross-tissue: 0/0 concordant.
POU5F1B,228,eliminated,up,0,1,0,Significant opposite direction in same-tissue dataset(s): ['GSE87466']. Discovery direction: up.
SIGLEC11,228,eliminated,up,0,1,0,Significant opposite direction in same-tissue dataset(s): ['GSE87466']. Discovery direction: up.
TRMT2B,228,survived,down,2,0,0,Same-tissue replication: 2/3 concordant. Cross-tissue: 0/0 concordant.
ZNF396,228,survived,down,3,0,0,Same-tissue replication: 3/3 concordant. Cross-tissue: 0/0 concordant.
ZNF721,228,eliminated,up,1,1,0,Significant opposite direction in same-tissue dataset(s): ['GSE36807']. Discovery direction: up.
C6orf163,229,survived,down,3,0,0,Same-tissue replication: 3/3 concordant. Cross-tissue: 0/0 concordant.
EQTN,229,survived,down,3,0,0,Same-tissue replication: 3/3 concordant. Cross-tissue: 0/0 concordant.
GOLGA6L2,229,survived,down,2,0,0,Same-tissue replication: 2/3 concordant. Cross-tissue: 0/0 concordant.
HCRTR2,229,survived,down,3,0,0,Same-tissue replication: 3/3 concordant. Cross-tissue: 0/0 concordant.
MPP4,229,survived,down,2,0,0,Same-tissue replication: 2/3 concordant. Cross-tissue: 0/0 concordant.
VPS33B,229,survived,down,1,0,0,Same-tissue replication: 1/3 concordant. Cross-tissue: 0/0 concordant.
ZNF385C,229,survived,down,2,0,0,Same-tissue replication: 2/3 concordant. Cross-tissue: 0/0 concordant.
ZNF7,229,survived,down,1,0,0,Same-tissue replication: 1/3 concordant. Cross-tissue: 0/0 concordant.
CBY2,231,survived,down,1,0,0,Same-tissue replication: 1/3 concordant. Cross-tissue: 0/0 concordant.
FBXL14,231,survived,down,3,0,0,Same-tissue replication: 3/3 concordant. Cross-tissue: 0/0 concordant.
KLK14,231,survived,down,3,0,0,Same-tissue replication: 3/3 concordant. Cross-tissue: 0/0 concordant.
MAGEB3,231,survived,down,2,0,0,Same-tissue replication: 2/3 concordant. Cross-tissue: 0/0 concordant.
RNF208,231,survived,down,2,0,0,Same-tissue replication: 2/3 concordant. Cross-tissue: 0/0 concordant.
ROPN1B,231,survived,down,2,0,0,Same-tissue replication: 2/3 concordant. Cross-tissue: 0/0 concordant.
SLC22A11,231,survived,down,1,0,0,Same-tissue replication: 1/3 concordant. Cross-tissue: 0/0 concordant.
DIRAS1,232,survived,down,1,0,0,Same-tissue replication: 1/3 concordant. Cross-tissue: 0/0 concordant.
FAM47C,232,survived,down,2,0,0,Same-tissue replication: 2/3 concordant. Cross-tissue: 0/0 concordant.
GORASP1,232,survived,down,1,0,0,Same-tissue replication: 1/3 concordant. Cross-tissue: 0/0 concordant.
LFNG,232,survived,down,3,0,0,Same-tissue replication: 3/3 concordant. Cross-tissue: 0/0 concordant.
LRRC7,232,survived,down,1,0,0,Same-tissue replication: 1/3 concordant. Cross-tissue: 0/0 concordant.
RAB11B,232,survived,down,3,0,0,Same-tissue replication: 3/3 concordant. Cross-tissue: 0/0 concordant.
SH3GL2,232,survived,down,2,0,0,Same-tissue replication: 2/3 concordant. Cross-tissue: 0/0 concordant.
CASP5,233,survived,up,3,0,0,Same-tissue replication: 3/3 concordant. Cross-tissue: 0/0 concordant.
CSGALNACT2,233,survived,up,3,0,0,Same-tissue replication: 3/3 concordant. Cross-tissue: 0/0 concordant.
DPYSL3,233,survived,up,3,0,0,Same-tissue replication: 3/3 concordant. Cross-tissue: 0/0 concordant.
DSE,233,survived,up,3,0,0,Same-tissue replication: 3/3 concordant. Cross-tissue: 0/0 concordant.
ICOS,233,survived,up,3,0,0,Same-tissue replication: 3/3 concordant. Cross-tissue: 0/0 concordant.
IRF4,233,survived,up,3,0,0,Same-tissue replication: 3/3 concordant. Cross-tissue: 0/0 concordant.
MEOX1,233,survived,up,3,0,0,Same-tissue replication: 3/3 concordant. Cross-tissue: 0/0 concordant.
NR4A1,233,survived,up,2,0,0,Same-tissue replication: 2/3 concordant. Cross-tissue: 0/0 concordant.
PGM3,233,survived,up,3,0,0,Same-tissue replication: 3/3 concordant. Cross-tissue: 0/0 concordant.
PSAT1,233,survived,up,3,0,0,Same-tissue replication: 3/3 concordant. Cross-tissue: 0/0 concordant.
RHOQ,233,survived,up,3,0,0,Same-tissue replication: 3/3 concordant. Cross-tissue: 0/0 concordant.
SLC9B2,233,survived,up,3,0,0,Same-tissue replication: 3/3 concordant. Cross-tissue: 0/0 concordant.
SNX10,233,survived,up,3,0,0,Same-tissue replication: 3/3 concordant. Cross-tissue: 0/0 concordant.
TLCD3A,233,survived,up,3,0,0,Same-tissue replication: 3/3 concordant. Cross-tissue: 0/0 concordant.
TLR4,233,survived,up,3,0,0,Same-tissue replication: 3/3 concordant. Cross-tissue: 0/0 concordant.
TNFSF8,233,survived,up,3,0,0,Same-tissue replication: 3/3 concordant. Cross-tissue: 0/0 concordant.
ANLN,234,survived,up,3,0,0,Same-tissue replication: 3/3 concordant. Cross-tissue: 0/0 concordant.
CSF2RA,234,survived,up,3,0,0,Same-tissue replication: 3/3 concordant. Cross-tissue: 0/0 concordant.
DNAJC10,234,survived,up,3,0,0,Same-tissue replication: 3/3 concordant. Cross-tissue: 0/0 concordant.
DYRK3,234,survived,up,2,0,0,Same-tissue replication: 2/3 concordant. Cross-tissue: 0/0 concordant.
SPART,234,survived,up,2,0,0,Same-tissue replication: 2/3 concordant. Cross-tissue: 0/0 concordant.
BUB1,235,survived,up,3,0,0,Same-tissue replication: 3/3 concordant. Cross-tissue: 0/0 concordant.
CYP26B1,235,survived,up,3,0,0,Same-tissue replication: 3/3 concordant. Cross-tissue: 0/0 concordant.
MSI2,235,survived,up,3,0,0,Same-tissue replication: 3/3 concordant. Cross-tissue: 0/0 concordant.
PLK2,235,survived,up,3,0,0,Same-tissue replication: 3/3 concordant. Cross-tissue: 0/0 concordant.
TIFA,235,survived,up,3,0,0,Same-tissue replication: 3/3 concordant. Cross-tissue: 0/0 concordant.
CKAP4,236,survived,up,3,0,0,Same-tissue replication: 3/3 concordant. Cross-tissue: 0/0 concordant.
JPH1,236,survived,up,3,0,0,Same-tissue replication: 3/3 concordant. Cross-tissue: 0/0 concordant.
LILRB4,236,survived,up,3,0,0,Same-tissue replication: 3/3 concordant. Cross-tissue: 0/0 concordant.
RFTN1,236,survived,up,3,0,0,Same-tissue replication: 3/3 concordant. Cross-tissue: 0/0 concordant.
SPI1,236,survived,up,3,0,0,Same-tissue replication: 3/3 concordant. Cross-tissue: 0/0 concordant.
CARD8,237,survived,up,3,0,0,Same-tissue replication: 3/3 concordant. Cross-tissue: 0/0 concordant.
CD2,237,survived,up,3,0,0,Same-tissue replication: 3/3 concordant. Cross-tissue: 0/0 concordant.
CFL2,237,survived,up,2,0,0,Same-tissue replication: 2/3 concordant. Cross-tissue: 0/0 concordant.
ERO1B,237,survived,up,3,0,0,Same-tissue replication: 3/3 concordant. Cross-tissue: 0/0 concordant.
HSPB8,237,survived,up,2,0,0,Same-tissue replication: 2/3 concordant. Cross-tissue: 0/0 concordant.
ISLR,237,survived,up,3,0,0,Same-tissue replication: 3/3 concordant. Cross-tissue: 0/0 concordant.
NCS1,237,survived,up,2,0,0,Same-tissue replication: 2/3 concordant. Cross-tissue: 0/0 concordant.
SEMA7A,237,survived,up,3,0,0,Same-tissue replication: 3/3 concordant. Cross-tissue: 0/0 concordant.
BMP6,238,survived,up,2,0,0,Same-tissue replication: 2/3 concordant. Cross-tissue: 0/0 concordant.
EPN2,238,survived,up,1,0,0,Same-tissue replication: 1/1 concordant. Cross-tissue: 0/0 concordant.
IL17RA,238,survived,up,3,0,0,Same-tissue replication: 3/3 concordant. Cross-tissue: 0/0 concordant.
MXRA8,238,survived,up,3,0,0,Same-tissue replication: 3/3 concordant. Cross-tissue: 0/0 concordant.
NRXN3,238,survived,up,3,0,0,Same-tissue replication: 3/3 concordant. Cross-tissue: 0/0 concordant.
ODF2,238,survived,up,3,0,0,Same-tissue replication: 3/3 concordant. Cross-tissue: 0/0 concordant.
POPDC1,238,survived,up,3,0,0,Same-tissue replication: 3/3 concordant. Cross-tissue: 0/0 concordant.
PRMT1,238,survived,up,3,0,0,Same-tissue replication: 3/3 concordant. Cross-tissue: 0/0 concordant.
PYGO1,238,survived,up,3,0,0,Same-tissue replication: 3/3 concordant. Cross-tissue: 0/0 concordant.
SOD1,238,survived,up,2,0,0,Same-tissue replication: 2/3 concordant. Cross-tissue: 0/0 concordant.
SPINDOC,238,survived,up,3,0,0,Same-tissue replication: 3/3 concordant. Cross-tissue: 0/0 concordant.
TMEM88,238,survived,up,3,0,0,Same-tissue replication: 3/3 concordant. Cross-tissue: 0/0 concordant.
URB2,238,survived,up,2,0,0,Same-tissue replication: 2/3 concordant. Cross-tissue: 0/0 concordant.
ABCC10,239,survived,up,3,0,0,Same-tissue replication: 3/3 concordant. Cross-tissue: 0/0 concordant.
ARHGAP24,239,survived,up,3,0,0,Same-tissue replication: 3/3 concordant. Cross-tissue: 0/0 concordant.
BMP7,239,survived,up,3,0,0,Same-tissue replication: 3/3 concordant. Cross-tissue: 0/0 concordant.
CPZ,239,survived,up,1,0,0,Same-tissue replication: 1/1 concordant. Cross-tissue: 0/0 concordant.
CYB5R3,239,survived,up,3,0,0,Same-tissue replication: 3/3 concordant. Cross-tissue: 0/0 concordant.
FNDC1,239,survived,up,3,0,0,Same-tissue replication: 3/3 concordant. Cross-tissue: 0/0 concordant.
FZD4,239,survived,up,3,0,0,Same-tissue replication: 3/3 concordant. Cross-tissue: 0/0 concordant.
LRP10,239,survived,up,3,0,0,Same-tissue replication: 3/3 concordant. Cross-tissue: 0/0 concordant.
OSTC,239,survived,up,3,0,0,Same-tissue replication: 3/3 concordant. Cross-tissue: 0/0 concordant.
PPIB,239,survived,up,3,0,0,Same-tissue replication: 3/3 concordant. Cross-tissue: 0/0 concordant.
PROCR,239,survived,up,3,0,0,Same-tissue replication: 3/3 concordant. Cross-tissue: 0/0 concordant.
PUSL1,239,survived,up,3,0,0,Same-tissue replication: 3/3 concordant. Cross-tissue: 0/0 concordant.
SAT1,239,survived,up,3,0,0,Same-tissue replication: 3/3 concordant. Cross-tissue: 0/0 concordant.
SIGLEC5,239,survived,up,2,0,0,Same-tissue replication: 2/3 concordant. Cross-tissue: 0/0 concordant.
SLC16A3,239,survived,up,1,0,0,Same-tissue replication: 1/1 concordant. Cross-tissue: 0/0 concordant.
SLC22A17,239,survived,up,2,0,0,Same-tissue replication: 2/3 concordant. Cross-tissue: 0/0 concordant.
SMNDC1,239,survived,up,3,0,0,Same-tissue replication: 3/3 concordant. Cross-tissue: 0/0 concordant.
SMOC1,239,survived,up,3,0,0,Same-tissue replication: 3/3 concordant. Cross-tissue: 0/0 concordant.
SRPRA,239,survived,up,3,0,0,Same-tissue replication: 3/3 concordant. Cross-tissue: 0/0 concordant.
SSR2,239,survived,up,3,0,0,Same-tissue replication: 3/3 concordant. Cross-tissue: 0/0 concordant.
ST6GALNAC5,239,survived,up,2,0,0,Same-tissue replication: 2/3 concordant. Cross-tissue: 0/0 concordant.
TLN1,239,survived,up,3,0,0,Same-tissue replication: 3/3 concordant. Cross-tissue: 0/0 concordant.
TMEM109,239,survived,up,3,0,0,Same-tissue replication: 3/3 concordant. Cross-tissue: 0/0 concordant.
CCR4,240,survived,up,1,0,0,Same-tissue replication: 1/3 concordant. Cross-tissue: 0/0 concordant.
GIMAP6,240,survived,up,3,0,0,Same-tissue replication: 3/3 concordant. Cross-tissue: 0/0 concordant.
GYPC,240,survived,up,3,0,0,Same-tissue replication: 3/3 concordant. Cross-tissue: 0/0 concordant.
IFIT3,240,survived,up,3,0,0,Same-tissue replication: 3/3 concordant. Cross-tissue: 0/0 concordant.
MR1,240,survived,up,3,0,0,Same-tissue replication: 3/3 concordant. Cross-tissue: 0/0 concordant.
GTF2IRD2B,241,survived,down,3,0,0,Same-tissue replication: 3/3 concordant. Cross-tissue: 0/0 concordant.
MIGA1,241,survived,down,3,0,0,Same-tissue replication: 3/3 concordant. Cross-tissue: 0/0 concordant.
NPY,241,survived,down,3,0,0,Same-tissue replication: 3/3 concordant. Cross-tissue: 0/0 concordant.
PTPRD,241,survived,down,3,0,0,Same-tissue replication: 3/3 concordant. Cross-tissue: 0/0 concordant.
TMEM117,241,survived,down,2,0,0,Same-tissue replication: 2/3 concordant. Cross-tissue: 0/0 concordant.
ZBTB7B,241,survived,down,3,0,0,Same-tissue replication: 3/3 concordant. Cross-tissue: 0/0 concordant.
BCLAF3,242,survived,down,3,0,0,Same-tissue replication: 3/3 concordant. Cross-tissue: 0/0 concordant.
CFDP1,242,survived,down,3,0,0,Same-tissue replication: 3/3 concordant. Cross-tissue: 0/0 concordant.
IL17RB,242,survived,down,3,0,0,Same-tissue replication: 3/3 concordant. Cross-tissue: 0/0 concordant.
LTK,242,survived,down,3,0,0,Same-tissue replication: 3/3 concordant. Cross-tissue: 0/0 concordant.
NEURL3,242,survived,down,2,0,0,Same-tissue replication: 2/3 concordant. Cross-tissue: 0/0 concordant.
THSD4,242,survived,down,3,0,0,Same-tissue replication: 3/3 concordant. Cross-tissue: 0/0 concordant.
ZNF383,242,survived,down,2,0,0,Same-tissue replication: 2/3 concordant. Cross-tissue: 0/0 concordant.
ZNF782,242,survived,down,3,0,0,Same-tissue replication: 3/3 concordant. Cross-tissue: 0/0 concordant.
COX6A1,243,survived,down,3,0,0,Same-tissue replication: 3/3 concordant. Cross-tissue: 0/0 concordant.
HEPH,243,survived,down,3,0,0,Same-tissue replication: 3/3 concordant. Cross-tissue: 0/0 concordant.
OXNAD1,243,survived,down,2,0,0,Same-tissue replication: 2/3 concordant. Cross-tissue: 0/0 concordant.
PLEKHB2,243,survived,down,3,0,0,Same-tissue replication: 3/3 concordant. Cross-tissue: 0/0 concordant.
RAD52,243,survived,down,2,0,0,Same-tissue replication: 2/3 concordant. Cross-tissue: 0/0 concordant.
ARRDC4,244,survived,down,3,0,0,Same-tissue replication: 3/3 concordant. Cross-tissue: 0/0 concordant.
LRRC8D,244,survived,down,3,0,0,Same-tissue replication: 3/3 concordant. Cross-tissue: 0/0 concordant.
TMLHE,244,survived,down,3,0,0,Same-tissue replication: 3/3 concordant. Cross-tissue: 0/0 concordant.
TPRN,244,survived,down,3,0,0,Same-tissue replication: 3/3 concordant. Cross-tissue: 0/0 concordant.
YBEY,244,survived,down,3,0,0,Same-tissue replication: 3/3 concordant. Cross-tissue: 0/0 concordant.
ABHD12,245,survived,down,2,0,0,Same-tissue replication: 2/3 concordant. Cross-tissue: 0/0 concordant.
ATG14,245,survived,down,3,0,0,Same-tissue replication: 3/3 concordant. Cross-tissue: 0/0 concordant.
BCAR3,245,survived,down,3,0,0,Same-tissue replication: 3/3 concordant. Cross-tissue: 0/0 concordant.
CCNDBP1,245,survived,down,3,0,0,Same-tissue replication: 3/3 concordant. Cross-tissue: 0/0 concordant.
CDX2,245,survived,down,3,0,0,Same-tissue replication: 3/3 concordant. Cross-tissue: 0/0 concordant.
COQ9,245,survived,down,3,0,0,Same-tissue replication: 3/3 concordant. Cross-tissue: 0/0 concordant.
GATA6,245,survived,down,3,0,0,Same-tissue replication: 3/3 concordant. Cross-tissue: 0/0 concordant.
HCN3,245,survived,down,2,0,0,Same-tissue replication: 2/3 concordant. Cross-tissue: 0/0 concordant.
HOXA10,245,survived,down,3,0,0,Same-tissue replication: 3/3 concordant. Cross-tissue: 0/0 concordant.
MALL,245,survived,down,3,0,0,Same-tissue replication: 3/3 concordant. Cross-tissue: 0/0 concordant.
NUDT9,245,survived,down,3,0,0,Same-tissue replication: 3/3 concordant. Cross-tissue: 0/0 concordant.
PARD6B,245,survived,down,3,0,0,Same-tissue replication: 3/3 concordant. Cross-tissue: 0/0 concordant.
PGM1,245,survived,down,3,0,0,Same-tissue replication: 3/3 concordant. Cross-tissue: 0/0 concordant.
ANKMY2,246,survived,down,3,0,0,Same-tissue replication: 3/3 concordant. Cross-tissue: 0/0 concordant.
ATG4D,246,survived,down,3,0,0,Same-tissue replication: 3/3 concordant. Cross-tissue: 0/0 concordant.
FBXL20,246,survived,down,3,0,0,Same-tissue replication: 3/3 concordant. Cross-tissue: 0/0 concordant.
NEURL2,246,survived,down,2,0,0,Same-tissue replication: 2/3 concordant. Cross-tissue: 0/0 concordant.
PCLO,246,survived,down,3,0,0,Same-tissue replication: 3/3 concordant. Cross-tissue: 0/0 concordant.
CHDH,247,survived,down,3,0,0,Same-tissue replication: 3/3 concordant. Cross-tissue: 0/0 concordant.
CLN5,247,survived,down,3,0,0,Same-tissue replication: 3/3 concordant. Cross-tissue: 0/0 concordant.
GDPD1,247,survived,down,3,0,0,Same-tissue replication: 3/3 concordant. Cross-tissue: 0/0 concordant.
IL6R,247,survived,down,2,0,0,Same-tissue replication: 2/3 concordant. Cross-tissue: 0/0 concordant.
LMBRD1,247,survived,down,3,0,0,Same-tissue replication: 3/3 concordant. Cross-tissue: 0/0 concordant.
NEDD4L,247,survived,down,3,0,0,Same-tissue replication: 3/3 concordant. Cross-tissue: 0/0 concordant.
RIOK3,247,survived,down,3,0,0,Same-tissue replication: 3/3 concordant. Cross-tissue: 0/0 concordant.
SNX24,247,survived,down,3,0,0,Same-tissue replication: 3/3 concordant. Cross-tissue: 0/0 concordant.
SUCLG1,247,survived,down,3,0,0,Same-tissue replication: 3/3 concordant. Cross-tissue: 0/0 concordant.
ZNF821,247,survived,down,3,0,0,Same-tissue replication: 3/3 concordant. Cross-tissue: 0/0 concordant.
ACAD10,248,survived,down,3,0,0,Same-tissue replication: 3/3 concordant. Cross-tissue: 0/0 concordant.
CALM1,248,survived,down,3,0,0,Same-tissue replication: 3/3 concordant. Cross-tissue: 0/0 concordant.
CD164,248,survived,down,3,0,0,Same-tissue replication: 3/3 concordant. Cross-tissue: 0/0 concordant.
CREBL2,248,survived,down,3,0,0,Same-tissue replication: 3/3 concordant. Cross-tissue: 0/0 concordant.
DNAJC19,248,survived,down,3,0,0,Same-tissue replication: 3/3 concordant. Cross-tissue: 0/0 concordant.
FHDC1,248,survived,down,3,0,0,Same-tissue replication: 3/3 concordant. Cross-tissue: 0/0 concordant.
FITM2,248,survived,down,3,0,0,Same-tissue replication: 3/3 concordant. Cross-tissue: 0/0 concordant.
GABARAPL2,248,survived,down,3,0,0,Same-tissue replication: 3/3 concordant. Cross-tissue: 0/0 concordant.
MKNK2,248,survived,down,3,0,0,Same-tissue replication: 3/3 concordant. Cross-tissue: 0/0 concordant.
NCOA6,248,survived,down,3,0,0,Same-tissue replication: 3/3 concordant. Cross-tissue: 0/0 concordant.
PGAP2,248,survived,down,3,0,0,Same-tissue replication: 3/3 concordant. Cross-tissue: 0/0 concordant.
SEC24B,248,survived,down,3,0,0,Same-tissue replication: 3/3 concordant. Cross-tissue: 0/0 concordant.
SMIM19,248,survived,down,3,0,0,Same-tissue replication: 3/3 concordant. Cross-tissue: 0/0 concordant.
TMEM45B,248,survived,down,3,0,0,Same-tissue replication: 3/3 concordant. Cross-tissue: 0/0 concordant.
UQCRC2,248,survived,down,3,0,0,Same-tissue replication: 3/3 concordant. Cross-tissue: 0/0 concordant.
GLOD4,249,survived,down,3,0,0,Same-tissue replication: 3/3 concordant. Cross-tissue: 0/0 concordant.
HIGD2A,249,survived,down,3,0,0,Same-tissue replication: 3/3 concordant. Cross-tissue: 0/0 concordant.
HOXD1,249,survived,down,3,0,0,Same-tissue replication: 3/3 concordant. Cross-tissue: 0/0 concordant.
HOXD4,249,survived,down,3,0,0,Same-tissue replication: 3/3 concordant. Cross-tissue: 0/0 concordant.
KIAA1191,249,survived,down,3,0,0,Same-tissue replication: 3/3 concordant. Cross-tissue: 0/0 concordant.
NAA40,249,survived,down,3,0,0,Same-tissue replication: 3/3 concordant. Cross-tissue: 0/0 concordant.
PBX1,249,survived,down,3,0,0,Same-tissue replication: 3/3 concordant. Cross-tissue: 0/0 concordant.
PDP2,249,survived,down,3,0,0,Same-tissue replication: 3/3 concordant. Cross-tissue: 0/0 concordant.
PGPEP1,249,survived,down,3,0,0,Same-tissue replication: 3/3 concordant. Cross-tissue: 0/0 concordant.
PRUNE1,249,survived,down,3,0,0,Same-tissue replication: 3/3 concordant. Cross-tissue: 0/0 concordant.
PURA,249,survived,down,3,0,0,Same-tissue replication: 3/3 concordant. Cross-tissue: 0/0 concordant.
RSPH3,249,survived,down,2,0,0,Same-tissue replication: 2/3 concordant. Cross-tissue: 0/0 concordant.
RXRA,249,survived,down,3,0,0,Same-tissue replication: 3/3 concordant. Cross-tissue: 0/0 concordant.
STK38,249,survived,down,2,0,0,Same-tissue replication: 2/3 concordant. Cross-tissue: 0/0 concordant.
TMEM131,249,survived,down,3,0,0,Same-tissue replication: 3/3 concordant. Cross-tissue: 0/0 concordant.
TRAK2,249,survived,down,3,0,0,Same-tissue replication: 3/3 concordant. Cross-tissue: 0/0 concordant.
UBL3,249,survived,down,3,0,0,Same-tissue replication: 3/3 concordant. Cross-tissue: 0/0 concordant.
USP12,249,survived,down,3,0,0,Same-tissue replication: 3/3 concordant. Cross-tissue: 0/0 concordant.
VMA22,249,survived,down,3,0,0,Same-tissue replication: 3/3 concordant. Cross-tissue: 0/0 concordant.
AOC1,250,survived,down,3,0,0,Same-tissue replication: 3/3 concordant. Cross-tissue: 0/0 concordant.
CMAS,250,survived,down,3,0,0,Same-tissue replication: 3/3 concordant. Cross-tissue: 0/0 concordant.
CRLS1,250,survived,down,3,0,0,Same-tissue replication: 3/3 concordant. Cross-tissue: 0/0 concordant.
EPS8L2,250,survived,down,3,0,0,Same-tissue replication: 3/3 concordant. Cross-tissue: 0/0 concordant.
ESRRA,250,survived,down,3,0,0,Same-tissue replication: 3/3 concordant. Cross-tissue: 0/0 concordant.
GUCD1,250,survived,down,3,0,0,Same-tissue replication: 3/3 concordant. Cross-tissue: 0/0 concordant.
MPST,250,survived,down,3,0,0,Same-tissue replication: 3/3 concordant. Cross-tissue: 0/0 concordant.
NSUN3,250,survived,down,2,0,0,Same-tissue replication: 2/3 concordant. Cross-tissue: 0/0 concordant.
ZSCAN16,250,survived,down,3,0,0,Same-tissue replication: 3/3 concordant. Cross-tissue: 0/0 concordant.
EIF4E3,251,survived,down,2,0,0,Same-tissue replication: 2/3 concordant. Cross-tissue: 0/0 concordant.
GATD3,251,survived,down,3,0,0,Same-tissue replication: 3/3 concordant. Cross-tissue: 0/0 concordant.
KAT6B,251,survived,down,3,0,0,Same-tissue replication: 3/3 concordant. Cross-tissue: 0/0 concordant.
LRIG2,251,survived,down,3,0,0,Same-tissue replication: 3/3 concordant. Cross-tissue: 0/0 concordant.
MAX,251,survived,down,3,0,0,Same-tissue replication: 3/3 concordant. Cross-tissue: 0/0 concordant.
MYLIP,251,survived,down,3,0,0,Same-tissue replication: 3/3 concordant. Cross-tissue: 0/0 concordant.
POF1B,251,survived,down,3,0,0,Same-tissue replication: 3/3 concordant. Cross-tissue: 0/0 concordant.
SMAD7,251,survived,down,3,0,0,Same-tissue replication: 3/3 concordant. Cross-tissue: 0/0 concordant.
TDRD3,251,survived,down,3,0,0,Same-tissue replication: 3/3 concordant. Cross-tissue: 0/0 concordant.
AQP11,252,survived,down,3,0,0,Same-tissue replication: 3/3 concordant. Cross-tissue: 0/0 concordant.
CNTN4,252,survived,down,3,0,0,Same-tissue replication: 3/3 concordant. Cross-tissue: 0/0 concordant.
DDC,252,survived,down,3,0,0,Same-tissue replication: 3/3 concordant. Cross-tissue: 0/0 concordant.
GDPD2,252,survived,down,3,0,0,Same-tissue replication: 3/3 concordant. Cross-tissue: 0/0 concordant.
HPGD,252,survived,down,3,0,0,Same-tissue replication: 3/3 concordant. Cross-tissue: 0/0 concordant.
MT1M,252,survived,down,3,0,0,Same-tissue replication: 3/3 concordant. Cross-tissue: 0/0 concordant.
SETD9,252,survived,down,3,0,0,Same-tissue replication: 3/3 concordant. Cross-tissue: 0/0 concordant.
SLC30A4,252,survived,down,3,0,0,Same-tissue replication: 3/3 concordant. Cross-tissue: 0/0 concordant.
TMT1B,252,survived,down,3,0,0,Same-tissue replication: 3/3 concordant. Cross-tissue: 0/0 concordant.
TRIM36,252,survived,down,3,0,0,Same-tissue replication: 3/3 concordant. Cross-tissue: 0/0 concordant.
USP2,252,survived,down,2,0,0,Same-tissue replication: 2/3 concordant. Cross-tissue: 0/0 concordant.
ZNF439,252,survived,down,3,0,0,Same-tissue replication: 3/3 concordant. Cross-tissue: 0/0 concordant.
EFNA1,253,survived,down,3,0,0,Same-tissue replication: 3/3 concordant. Cross-tissue: 0/0 concordant.
FGFR2,253,survived,down,3,0,0,Same-tissue replication: 3/3 concordant. Cross-tissue: 0/0 concordant.
HNF4G,253,survived,down,3,0,0,Same-tissue replication: 3/3 concordant. Cross-tissue: 0/0 concordant.
INPP5J,253,survived,down,3,0,0,Same-tissue replication: 3/3 concordant. Cross-tissue: 0/0 concordant.
NHERF1,253,survived,down,2,0,0,Same-tissue replication: 2/3 concordant. Cross-tissue: 0/0 concordant.
PRKG2,253,survived,down,3,0,0,Same-tissue replication: 3/3 concordant. Cross-tissue: 0/0 concordant.
RBKS,253,survived,down,3,0,0,Same-tissue replication: 3/3 concordant. Cross-tissue: 0/0 concordant.
CACHD1,254,survived,up,2,0,0,Same-tissue replication: 2/3 concordant. Cross-tissue: 0/0 concordant.
CACNA1C,254,survived,up,1,0,0,Same-tissue replication: 1/3 concordant. Cross-tissue: 0/0 concordant.
CACNA2D1,254,survived,up,2,0,0,Same-tissue replication: 2/3 concordant. Cross-tissue: 0/0 concordant.
CCDC102B,254,survived,up,3,0,0,Same-tissue replication: 3/3 concordant. Cross-tissue: 0/0 concordant.
CNTNAP1,254,survived,up,3,0,0,Same-tissue replication: 3/3 concordant. Cross-tissue: 0/0 concordant.
ETS1,254,survived,up,3,0,0,Same-tissue replication: 3/3 concordant. Cross-tissue: 0/0 concordant.
FAM219A,254,survived,up,3,0,0,Same-tissue replication: 3/3 concordant. Cross-tissue: 0/0 concordant.
FMNL3,254,survived,up,3,0,0,Same-tissue replication: 3/3 concordant. Cross-tissue: 0/0 concordant.
H2BC18,254,insufficient_data,up,0,0,0,No replication data available for this gene.
MARS1,254,survived,up,1,0,0,Same-tissue replication: 1/1 concordant. Cross-tissue: 0/0 concordant.
PAMR1,254,survived,up,3,0,0,Same-tissue replication: 3/3 concordant. Cross-tissue: 0/0 concordant.
PIP4P2,254,survived,up,2,0,0,Same-tissue replication: 2/3 concordant. Cross-tissue: 0/0 concordant.
STAT5A,254,survived,up,3,0,0,Same-tissue replication: 3/3 concordant. Cross-tissue: 0/0 concordant.
TXLNB,254,survived,up,3,0,0,Same-tissue replication: 3/3 concordant. Cross-tissue: 0/0 concordant.
DUSP22,255,survived,up,3,0,0,Same-tissue replication: 3/3 concordant. Cross-tissue: 0/0 concordant.
GKN2,255,eliminated,up,2,1,0,Significant opposite direction in same-tissue dataset(s): ['GSE87466']. Discovery direction: up.
PPM1K,255,survived,up,3,0,0,Same-tissue replication: 3/3 concordant. Cross-tissue: 0/0 concordant.
SNTB2,255,survived,up,2,0,0,Same-tissue replication: 2/3 concordant. Cross-tissue: 0/0 concordant.
VASH1,255,survived,up,3,0,0,Same-tissue replication: 3/3 concordant. Cross-tissue: 0/0 concordant.
CD53,256,survived,up,3,0,0,Same-tissue replication: 3/3 concordant. Cross-tissue: 0/0 concordant.
EVI2B,256,survived,up,3,0,0,Same-tissue replication: 3/3 concordant. Cross-tissue: 0/0 concordant.
FFAR4,256,eliminated,up,2,1,0,Significant opposite direction in same-tissue dataset(s): ['GSE36807']. Discovery direction: up.
LYZ,256,survived,up,3,0,0,Same-tissue replication: 3/3 concordant. Cross-tissue: 0/0 concordant.
OLFM4,256,survived,up,3,0,0,Same-tissue replication: 3/3 concordant. Cross-tissue: 0/0 concordant.
POSTN,256,eliminated,up,2,1,0,Significant opposite direction in same-tissue dataset(s): ['GSE36807']. Discovery direction: up.
SLPI,256,survived,up,2,0,0,Same-tissue replication: 2/3 concordant. Cross-tissue: 0/0 concordant.
ST3GAL4,256,survived,up,3,0,0,Same-tissue replication: 3/3 concordant. Cross-tissue: 0/0 concordant.
VSNL1,256,survived,up,3,0,0,Same-tissue replication: 3/3 concordant. Cross-tissue: 0/0 concordant.
ANO1,257,eliminated,up,1,1,0,Significant opposite direction in same-tissue dataset(s): ['GSE87466']. Discovery direction: up.
LST1,257,survived,up,3,0,0,Same-tissue replication: 3/3 concordant. Cross-tissue: 0/0 concordant.
SERPINF1,257,survived,up,3,0,0,Same-tissue replication: 3/3 concordant. Cross-tissue: 0/0 concordant.
SLC7A2,257,survived,up,2,0,0,Same-tissue replication: 2/3 concordant. Cross-tissue: 0/0 concordant.
SULF2,257,survived,up,3,0,0,Same-tissue replication: 3/3 concordant. Cross-tissue: 0/0 concordant.
CTSE,258,survived,up,2,0,0,Same-tissue replication: 2/3 concordant. Cross-tissue: 0/0 concordant.
GIMAP4,258,survived,up,3,0,0,Same-tissue replication: 3/3 concordant. Cross-tissue: 0/0 concordant.
GYG2,258,survived,up,3,0,0,Same-tissue replication: 3/3 concordant. Cross-tissue: 0/0 concordant.
HBEGF,258,survived,up,2,0,0,Same-tissue replication: 2/3 concordant. Cross-tissue: 0/0 concordant.
MYOF,258,survived,up,2,0,0,Same-tissue replication: 2/3 concordant. Cross-tissue: 0/0 concordant.
TCF4,258,survived,up,3,0,0,Same-tissue replication: 3/3 concordant. Cross-tissue: 0/0 concordant.
TM4SF1,258,survived,up,3,0,0,Same-tissue replication: 3/3 concordant. Cross-tissue: 0/0 concordant.
C3AR1,259,survived,up,3,0,0,Same-tissue replication: 3/3 concordant. Cross-tissue: 0/0 concordant.
CDH13,259,survived,up,2,0,0,Same-tissue replication: 2/3 concordant. Cross-tissue: 0/0 concordant.
CDK1,259,survived,up,2,0,0,Same-tissue replication: 2/3 concordant. Cross-tissue: 0/0 concordant.
IL26,259,survived,up,3,0,0,Same-tissue replication: 3/3 concordant. Cross-tissue: 0/0 concordant.
KRT6A,259,survived,up,3,0,0,Same-tissue replication: 3/3 concordant. Cross-tissue: 0/0 concordant.
MCEMP1,259,survived,up,3,0,0,Same-tissue replication: 3/3 concordant. Cross-tissue: 0/0 concordant.
ADA2,260,survived,up,3,0,0,Same-tissue replication: 3/3 concordant. Cross-tissue: 0/0 concordant.
CA8,260,eliminated,up,2,1,0,Significant opposite direction in same-tissue dataset(s): ['GSE36807']. Discovery direction: up.
CCL24,260,survived,up,3,0,0,Same-tissue replication: 3/3 concordant. Cross-tissue: 0/0 concordant.
CLIC2,260,survived,up,3,0,0,Same-tissue replication: 3/3 concordant. Cross-tissue: 0/0 concordant.
ENPP2,260,survived,up,3,0,0,Same-tissue replication: 3/3 concordant. Cross-tissue: 0/0 concordant.
FLI1,260,survived,up,3,0,0,Same-tissue replication: 3/3 concordant. Cross-tissue: 0/0 concordant.
FN1,260,eliminated,up,2,1,0,Significant opposite direction in same-tissue dataset(s): ['GSE36807']. Discovery direction: up.
GJB3,260,survived,up,2,0,0,Same-tissue replication: 2/3 concordant. Cross-tissue: 0/0 concordant.
GMFG,260,survived,up,3,0,0,Same-tissue replication: 3/3 concordant. Cross-tissue: 0/0 concordant.
GPX2,260,survived,up,3,0,0,Same-tissue replication: 3/3 concordant. Cross-tissue: 0/0 concordant.
LY96,260,survived,up,3,0,0,Same-tissue replication: 3/3 concordant. Cross-tissue: 0/0 concordant.
MEOX2,260,survived,up,2,0,0,Same-tissue replication: 2/3 concordant. Cross-tissue: 0/0 concordant.
PF4,260,survived,up,3,0,0,Same-tissue replication: 3/3 concordant. Cross-tissue: 0/0 concordant.
PLA2G7,260,survived,up,3,0,0,Same-tissue replication: 3/3 concordant. Cross-tissue: 0/0 concordant.
PLAUR,260,survived,up,3,0,0,Same-tissue replication: 3/3 concordant. Cross-tissue: 0/0 concordant.
RASGRP3,260,survived,up,3,0,0,Same-tissue replication: 3/3 concordant. Cross-tissue: 0/0 concordant.
CCDC86,261,survived,up,3,0,0,Same-tissue replication: 3/3 concordant. Cross-tissue: 0/0 concordant.
DNAJC3,261,survived,up,3,0,0,Same-tissue replication: 3/3 concordant. Cross-tissue: 0/0 concordant.
DPCD,261,survived,up,3,0,0,Same-tissue replication: 3/3 concordant. Cross-tissue: 0/0 concordant.
HILPDA,261,survived,up,3,0,0,Same-tissue replication: 3/3 concordant. Cross-tissue: 0/0 concordant.
ITPRIPL2,261,survived,up,3,0,0,Same-tissue replication: 3/3 concordant. Cross-tissue: 0/0 concordant.
NECTIN2,261,survived,up,3,0,0,Same-tissue replication: 3/3 concordant. Cross-tissue: 0/0 concordant.
PMM2,261,survived,up,3,0,0,Same-tissue replication: 3/3 concordant. Cross-tissue: 0/0 concordant.
SACK1H,261,survived,up,3,0,0,Same-tissue replication: 3/3 concordant. Cross-tissue: 0/0 concordant.
TOP1,261,survived,up,3,0,0,Same-tissue replication: 3/3 concordant. Cross-tissue: 0/0 concordant.
ZFAND5,261,survived,up,3,0,0,Same-tissue replication: 3/3 concordant. Cross-tissue: 0/0 concordant.
DPH2,262,survived,up,2,0,0,Same-tissue replication: 2/3 concordant. Cross-tissue: 0/0 concordant.
HNRNPM,262,survived,up,2,0,0,Same-tissue replication: 2/3 concordant. Cross-tissue: 0/0 concordant.
PARP10,262,survived,up,3,0,0,Same-tissue replication: 3/3 concordant. Cross-tissue: 0/0 concordant.
RTL4,262,insufficient_data,up,0,0,0,No replication data available for this gene.
SNRPB,262,survived,up,2,0,0,Same-tissue replication: 2/3 concordant. Cross-tissue: 0/0 concordant.
UBR1,262,survived,up,3,0,0,Same-tissue replication: 3/3 concordant. Cross-tissue: 0/0 concordant.
USP38,262,survived,up,1,0,0,Same-tissue replication: 1/3 concordant. Cross-tissue: 0/0 concordant.
CACNA1E,263,eliminated,up,2,1,0,Significant opposite direction in same-tissue dataset(s): ['GSE87466']. Discovery direction: up.
HSD17B10,263,survived,up,3,0,0,Same-tissue replication: 3/3 concordant. Cross-tissue: 0/0 concordant.
OR1J4,263,eliminated,up,2,1,0,Significant opposite direction in same-tissue dataset(s): ['GSE87466']. Discovery direction: up.
RARG,263,survived,up,1,0,0,Same-tissue replication: 1/3 concordant. Cross-tissue: 0/0 concordant.
RPS11,263,survived,up,2,0,0,Same-tissue replication: 2/3 concordant. Cross-tissue: 0/0 concordant.
SEC63,263,survived,up,3,0,0,Same-tissue replication: 3/3 concordant. Cross-tissue: 0/0 concordant.
SIGLEC7,263,survived,up,3,0,0,Same-tissue replication: 3/3 concordant. Cross-tissue: 0/0 concordant.
SON,263,survived,up,2,0,0,Same-tissue replication: 2/3 concordant. Cross-tissue: 0/0 concordant.
TM9SF4,263,survived,up,3,0,0,Same-tissue replication: 3/3 concordant. Cross-tissue: 0/0 concordant.
ADRM1,264,survived,up,3,0,0,Same-tissue replication: 3/3 concordant. Cross-tissue: 0/0 concordant.
DENND2D,264,survived,up,3,0,0,Same-tissue replication: 3/3 concordant. Cross-tissue: 0/0 concordant.
DNAJA1,264,survived,up,3,0,0,Same-tissue replication: 3/3 concordant. Cross-tissue: 0/0 concordant.
EIF2B3,264,survived,up,3,0,0,Same-tissue replication: 3/3 concordant. Cross-tissue: 0/0 concordant.
EMC1,264,survived,up,3,0,0,Same-tissue replication: 3/3 concordant. Cross-tissue: 0/0 concordant.
IFIH1,264,survived,up,3,0,0,Same-tissue replication: 3/3 concordant. Cross-tissue: 0/0 concordant.
MPRIP,264,survived,up,3,0,0,Same-tissue replication: 3/3 concordant. Cross-tissue: 0/0 concordant.
NDP,264,survived,up,3,0,0,Same-tissue replication: 3/3 concordant. Cross-tissue: 0/0 concordant.
NUFIP2,264,eliminated,up,2,1,0,Significant opposite direction in same-tissue dataset(s): ['GSE36807']. Discovery direction: up.
PDGFB,264,survived,up,3,0,0,Same-tissue replication: 3/3 concordant. Cross-tissue: 0/0 concordant.
PRTG,264,survived,up,3,0,0,Same-tissue replication: 3/3 concordant. Cross-tissue: 0/0 concordant.
PSMC3IP,264,eliminated,up,2,1,0,Significant opposite direction in same-tissue dataset(s): ['GSE87466']. Discovery direction: up.
RECK,264,survived,up,2,0,0,Same-tissue replication: 2/3 concordant. Cross-tissue: 0/0 concordant.
RFX3,264,eliminated,up,1,1,0,Significant opposite direction in same-tissue dataset(s): ['GSE36807']. Discovery direction: up.
SLC7A6,264,survived,up,3,0,0,Same-tissue replication: 3/3 concordant. Cross-tissue: 0/0 concordant.
TECPR2,264,eliminated,up,2,1,0,Significant opposite direction in same-tissue dataset(s): ['GSE87466']. Discovery direction: up.
TG,264,survived,up,3,0,0,Same-tissue replication: 3/3 concordant. Cross-tissue: 0/0 concordant.
TXNDC15,264,survived,up,3,0,0,Same-tissue replication: 3/3 concordant. Cross-tissue: 0/0 concordant.
WNK1,264,survived,up,1,0,0,Same-tissue replication: 1/3 concordant. Cross-tissue: 0/0 concordant.
ABCA8,265,survived,down,3,0,0,Same-tissue replication: 3/3 concordant. Cross-tissue: 0/0 concordant.
ABHD5,265,eliminated,down,2,1,0,Significant opposite direction in same-tissue dataset(s): ['GSE36807']. Discovery direction: down.
AKR1C3,265,survived,down,2,0,0,Same-tissue replication: 2/3 concordant. Cross-tissue: 0/0 concordant.
LCN15,265,survived,down,3,0,0,Same-tissue replication: 3/3 concordant. Cross-tissue: 0/0 concordant.
MAMDC2,265,survived,down,3,0,0,Same-tissue replication: 3/3 concordant. Cross-tissue: 0/0 concordant.
PPP1R3B,265,survived,down,3,0,0,Same-tissue replication: 3/3 concordant. Cross-tissue: 0/0 concordant.
TOR1AIP2,265,eliminated,down,2,1,0,Significant opposite direction in same-tissue dataset(s): ['GSE36807']. Discovery direction: down.
ACSS1,266,survived,down,2,0,0,Same-tissue replication: 2/3 concordant. Cross-tissue: 0/0 concordant.
ANKRA2,266,survived,down,3,0,0,Same-tissue replication: 3/3 concordant. Cross-tissue: 0/0 concordant.
CIB2,266,survived,down,3,0,0,Same-tissue replication: 3/3 concordant. Cross-tissue: 0/0 concordant.
ISOC1,266,survived,down,3,0,0,Same-tissue replication: 3/3 concordant. Cross-tissue: 0/0 concordant.
OGDH,266,survived,down,2,0,0,Same-tissue replication: 2/3 concordant. Cross-tissue: 0/0 concordant.
PDZD7,266,survived,down,3,0,0,Same-tissue replication: 3/3 concordant. Cross-tissue: 0/0 concordant.
PPP2R3C,266,survived,down,1,0,0,Same-tissue replication: 1/3 concordant. Cross-tissue: 0/0 concordant.
ZNF253,266,survived,down,3,0,0,Same-tissue replication: 3/3 concordant. Cross-tissue: 0/0 concordant.
BROX,267,survived,down,3,0,0,Same-tissue replication: 3/3 concordant. Cross-tissue: 0/0 concordant.
OSBP,267,survived,down,3,0,0,Same-tissue replication: 3/3 concordant. Cross-tissue: 0/0 concordant.
PPP1R2,267,eliminated,down,2,1,0,Significant opposite direction in same-tissue dataset(s): ['GSE36807']. Discovery direction: down.
RBM23,267,survived,down,1,0,0,Same-tissue replication: 1/3 concordant. Cross-tissue: 0/0 concordant.
SNX3,267,survived,down,1,0,0,Same-tissue replication: 1/3 concordant. Cross-tissue: 0/0 concordant.
TUG1,267,survived,down,3,0,0,Same-tissue replication: 3/3 concordant. Cross-tissue: 0/0 concordant.
DYNC2LI1,268,survived,down,2,0,0,Same-tissue replication: 2/3 concordant. Cross-tissue: 0/0 concordant.
FAM221A,268,survived,down,3,0,0,Same-tissue replication: 3/3 concordant. Cross-tissue: 0/0 concordant.
GSTZ1,268,survived,down,3,0,0,Same-tissue replication: 3/3 concordant. Cross-tissue: 0/0 concordant.
LRRC56,268,survived,down,3,0,0,Same-tissue replication: 3/3 concordant. Cross-tissue: 0/0 concordant.
METTL25,268,survived,down,3,0,0,Same-tissue replication: 3/3 concordant. Cross-tissue: 0/0 concordant.
MT3,268,survived,down,3,0,0,Same-tissue replication: 3/3 concordant. Cross-tissue: 0/0 concordant.
PIGH,268,survived,down,1,0,0,Same-tissue replication: 1/3 concordant. Cross-tissue: 0/0 concordant.
SCCPDH,268,survived,down,0,0,0,Same-tissue replication: 0/3 concordant. Cross-tissue: 0/0 concordant.
ZBTB33,268,survived,down,2,0,0,Same-tissue replication: 2/3 concordant. Cross-tissue: 0/0 concordant.
ASB18,269,insufficient_data,down,0,0,0,No replication data available for this gene.
EIF4E1B,269,insufficient_data,down,0,0,0,No replication data available for this gene.
HAPLN4,269,survived,down,2,0,0,Same-tissue replication: 2/3 concordant. Cross-tissue: 0/0 concordant.
HELQ,269,eliminated,down,2,1,0,Significant opposite direction in same-tissue dataset(s): ['GSE87466']. Discovery direction: down.
PRM1,269,survived,down,2,0,0,Same-tissue replication: 2/3 concordant. Cross-tissue: 0/0 concordant.
SELENOF,269,survived,down,1,0,0,Same-tissue replication: 1/3 concordant. Cross-tissue: 0/0 concordant.
ZNF12,269,survived,down,3,0,0,Same-tissue replication: 3/3 concordant. Cross-tissue: 0/0 concordant.
ABCB10,270,survived,down,3,0,0,Same-tissue replication: 3/3 concordant. Cross-tissue: 0/0 concordant.
ABITRAM,270,survived,down,3,0,0,Same-tissue replication: 3/3 concordant. Cross-tissue: 0/0 concordant.
ATP5PD,270,survived,down,3,0,0,Same-tissue replication: 3/3 concordant. Cross-tissue: 0/0 concordant.
CHCHD10,270,survived,down,3,0,0,Same-tissue replication: 3/3 concordant. Cross-tissue: 0/0 concordant.
COX20,270,survived,down,3,0,0,Same-tissue replication: 3/3 concordant. Cross-tissue: 0/0 concordant.
CTDSPL2,270,survived,down,3,0,0,Same-tissue replication: 3/3 concordant. Cross-tissue: 0/0 concordant.
DCAF17,270,survived,down,3,0,0,Same-tissue replication: 3/3 concordant. Cross-tissue: 0/0 concordant.
GFOD1,270,survived,down,2,0,0,Same-tissue replication: 2/3 concordant. Cross-tissue: 0/0 concordant.
GNG13,270,survived,down,2,0,0,Same-tissue replication: 2/3 concordant. Cross-tissue: 0/0 concordant.
RBM47,270,survived,down,3,0,0,Same-tissue replication: 3/3 concordant. Cross-tissue: 0/0 concordant.
STON2,270,survived,down,3,0,0,Same-tissue replication: 3/3 concordant. Cross-tissue: 0/0 concordant.
TGOLN2,270,survived,down,3,0,0,Same-tissue replication: 3/3 concordant. Cross-tissue: 0/0 concordant.
DUSP16,271,survived,down,3,0,0,Same-tissue replication: 3/3 concordant. Cross-tissue: 0/0 concordant.
ECH1,271,survived,down,3,0,0,Same-tissue replication: 3/3 concordant. Cross-tissue: 0/0 concordant.
FAAH,271,survived,down,3,0,0,Same-tissue replication: 3/3 concordant. Cross-tissue: 0/0 concordant.
KLHL8,271,survived,down,3,0,0,Same-tissue replication: 3/3 concordant. Cross-tissue: 0/0 concordant.
LYRM7,271,survived,down,3,0,0,Same-tissue replication: 3/3 concordant. Cross-tissue: 0/0 concordant.
ADAMTSL1,272,survived,down,3,0,0,Same-tissue replication: 3/3 concordant. Cross-tissue: 0/0 concordant.
ALAD,272,survived,down,3,0,0,Same-tissue replication: 3/3 concordant. Cross-tissue: 0/0 concordant.
CIAO1,272,eliminated,down,1,1,0,Significant opposite direction in same-tissue dataset(s): ['GSE36807']. Discovery direction: down.
FDX1,272,survived,down,3,0,0,Same-tissue replication: 3/3 concordant. Cross-tissue: 0/0 concordant.
HOOK2,272,survived,down,3,0,0,Same-tissue replication: 3/3 concordant. Cross-tissue: 0/0 concordant.
KIAA1958,272,survived,down,2,0,0,Same-tissue replication: 2/3 concordant. Cross-tissue: 0/0 concordant.
LAMTOR4,272,survived,down,3,0,0,Same-tissue replication: 3/3 concordant. Cross-tissue: 0/0 concordant.
MAP2K7,272,survived,down,3,0,0,Same-tissue replication: 3/3 concordant. Cross-tissue: 0/0 concordant.
METTL25B,272,survived,down,3,0,0,Same-tissue replication: 3/3 concordant. Cross-tissue: 0/0 concordant.
MTARC2,272,survived,down,3,0,0,Same-tissue replication: 3/3 concordant. Cross-tissue: 0/0 concordant.
NDUFA10,272,survived,down,3,0,0,Same-tissue replication: 3/3 concordant. Cross-tissue: 0/0 concordant.
NIPAL3,272,survived,down,3,0,0,Same-tissue replication: 3/3 concordant. Cross-tissue: 0/0 concordant.
PAFAH2,272,survived,down,3,0,0,Same-tissue replication: 3/3 concordant. Cross-tissue: 0/0 concordant.
RAB7A,272,survived,down,3,0,0,Same-tissue replication: 3/3 concordant. Cross-tissue: 0/0 concordant.
SLC25A5,272,survived,down,2,0,0,Same-tissue replication: 2/3 concordant. Cross-tissue: 0/0 concordant.
SLC8B1,272,survived,down,2,0,0,Same-tissue replication: 2/3 concordant. Cross-tissue: 0/0 concordant.
TMEM80,272,survived,down,3,0,0,Same-tissue replication: 3/3 concordant. Cross-tissue: 0/0 concordant.
TMTC4,272,survived,down,3,0,0,Same-tissue replication: 3/3 concordant. Cross-tissue: 0/0 concordant.
TOMM40L,272,survived,down,3,0,0,Same-tissue replication: 3/3 concordant. Cross-tissue: 0/0 concordant.
TRANK1,272,survived,down,2,0,0,Same-tissue replication: 2/3 concordant. Cross-tissue: 0/0 concordant.
ZNF564,272,survived,down,3,0,0,Same-tissue replication: 3/3 concordant. Cross-tissue: 0/0 concordant.
ASH2L,273,survived,down,3,0,0,Same-tissue replication: 3/3 concordant. Cross-tissue: 0/0 concordant.
BLTP1,273,survived,down,3,0,0,Same-tissue replication: 3/3 concordant. Cross-tissue: 0/0 concordant.
ERCC6L2,273,survived,down,3,0,0,Same-tissue replication: 3/3 concordant. Cross-tissue: 0/0 concordant.
GALM,273,survived,down,3,0,0,Same-tissue replication: 3/3 concordant. Cross-tissue: 0/0 concordant.
HDAC11,273,survived,down,3,0,0,Same-tissue replication: 3/3 concordant. Cross-tissue: 0/0 concordant.
ISCA2,273,survived,down,3,0,0,Same-tissue replication: 3/3 concordant. Cross-tissue: 0/0 concordant.
KLHDC2,273,survived,down,3,0,0,Same-tissue replication: 3/3 concordant. Cross-tissue: 0/0 concordant.
MAP1LC3A,273,survived,down,3,0,0,Same-tissue replication: 3/3 concordant. Cross-tissue: 0/0 concordant.
TYSND1,273,survived,down,3,0,0,Same-tissue replication: 3/3 concordant. Cross-tissue: 0/0 concordant.
ADCY9,274,survived,down,3,0,0,Same-tissue replication: 3/3 concordant. Cross-tissue: 0/0 concordant.
CPEB3,274,survived,down,3,0,0,Same-tissue replication: 3/3 concordant. Cross-tissue: 0/0 concordant.
MAGI3,274,survived,down,3,0,0,Same-tissue replication: 3/3 concordant. Cross-tissue: 0/0 concordant.
MAP3K21,274,survived,down,3,0,0,Same-tissue replication: 3/3 concordant. Cross-tissue: 0/0 concordant.
MYORG,274,survived,down,3,0,0,Same-tissue replication: 3/3 concordant. Cross-tissue: 0/0 concordant.
ZNF219,274,survived,down,3,0,0,Same-tissue replication: 3/3 concordant. Cross-tissue: 0/0 concordant.
BKGD,275,survived,down,3,0,0,Same-tissue replication: 3/3 concordant. Cross-tissue: 0/0 concordant.
C5orf63,275,survived,down,3,0,0,Same-tissue replication: 3/3 concordant. Cross-tissue: 0/0 concordant.
MEST,275,survived,down,3,0,0,Same-tissue replication: 3/3 concordant. Cross-tissue: 0/0 concordant.
NCK2,275,survived,down,3,0,0,Same-tissue replication: 3/3 concordant. Cross-tissue: 0/0 concordant.
SDHB,275,survived,down,3,0,0,Same-tissue replication: 3/3 concordant. Cross-tissue: 0/0 concordant.
SPRED2,275,survived,down,3,0,0,Same-tissue replication: 3/3 concordant. Cross-tissue: 0/0 concordant.
TTC38,275,survived,down,2,0,0,Same-tissue replication: 2/3 concordant. Cross-tissue: 0/0 concordant.
ANKK1,276,insufficient_data,down,0,0,0,No replication data available for this gene.
HTR3D,276,insufficient_data,down,0,0,0,No replication data available for this gene.
MYH16,276,survived,down,3,0,0,Same-tissue replication: 3/3 concordant. Cross-tissue: 0/0 concordant.
RSPH14,276,eliminated,down,2,1,0,Significant opposite direction in same-tissue dataset(s): ['GSE36807']. Discovery direction: down.
TAF1,276,survived,down,2,0,0,Same-tissue replication: 2/3 concordant. Cross-tissue: 0/0 concordant.
TNFRSF10D,276,survived,down,3,0,0,Same-tissue replication: 3/3 concordant. Cross-tissue: 0/0 concordant.
CLEC6A,278,insufficient_data,up,0,0,0,No replication data available for this gene.
COL4A2,278,survived,up,3,0,0,Same-tissue replication: 3/3 concordant. Cross-tissue: 0/0 concordant.
CTLA4,278,survived,up,3,0,0,Same-tissue replication: 3/3 concordant. Cross-tissue: 0/0 concordant.
FCGR3A,278,insufficient_data,up,0,0,0,No replication data available for this gene.
FUT8,278,survived,up,3,0,0,Same-tissue replication: 3/3 concordant. Cross-tissue: 0/0 concordant.
LILRA6,278,survived,up,3,0,0,Same-tissue replication: 3/3 concordant. Cross-tissue: 0/0 concordant.
MSC,278,survived,up,3,0,0,Same-tissue replication: 3/3 concordant. Cross-tissue: 0/0 concordant.
NPSR1,278,insufficient_data,up,0,0,0,No replication data available for this gene.
UNC13D,278,survived,up,3,0,0,Same-tissue replication: 3/3 concordant. Cross-tissue: 0/0 concordant.
CCL4L1,279,insufficient_data,up,0,0,0,No replication data available for this gene.
CR1,279,survived,up,3,0,0,Same-tissue replication: 3/3 concordant. Cross-tissue: 0/0 concordant.
DSG3,279,survived,up,3,0,0,Same-tissue replication: 3/3 concordant. Cross-tissue: 0/0 concordant.
FADS1,279,survived,up,1,0,0,Same-tissue replication: 1/1 concordant. Cross-tissue: 0/0 concordant.
HCAR2,279,insufficient_data,up,0,0,0,No replication data available for this gene.
NMUR2,279,survived,up,3,0,0,Same-tissue replication: 3/3 concordant. Cross-tissue: 0/0 concordant.
SAA1,279,insufficient_data,up,0,0,0,No replication data available for this gene.
TGM2,279,survived,up,3,0,0,Same-tissue replication: 3/3 concordant. Cross-tissue: 0/0 concordant.
TM4SF18,279,survived,up,3,0,0,Same-tissue replication: 3/3 concordant. Cross-tissue: 0/0 concordant.
ZC3H12A,279,survived,up,1,0,0,Same-tissue replication: 1/1 concordant. Cross-tissue: 0/0 concordant.
ABCD2,280,survived,up,3,0,0,Same-tissue replication: 3/3 concordant. Cross-tissue: 0/0 concordant.
AP1S3,280,survived,up,3,0,0,Same-tissue replication: 3/3 concordant. Cross-tissue: 0/0 concordant.
ARHGAP11A,280,survived,up,3,0,0,Same-tissue replication: 3/3 concordant. Cross-tissue: 0/0 concordant.
CMIP,280,survived,up,3,0,0,Same-tissue replication: 3/3 concordant. Cross-tissue: 0/0 concordant.
FERMT3,280,survived,up,3,0,0,Same-tissue replication: 3/3 concordant. Cross-tissue: 0/0 concordant.
H3C12,280,survived,up,0,0,0,Same-tissue replication: 0/1 concordant. Cross-tissue: 0/0 concordant.
MOXD1,280,survived,up,2,0,0,Same-tissue replication: 2/3 concordant. Cross-tissue: 0/0 concordant.
MYBL2,280,survived,up,3,0,0,Same-tissue replication: 3/3 concordant. Cross-tissue: 0/0 concordant.
MYO1G,280,survived,up,3,0,0,Same-tissue replication: 3/3 concordant. Cross-tissue: 0/0 concordant.
MYOCD,280,survived,up,2,0,0,Same-tissue replication: 2/3 concordant. Cross-tissue: 0/0 concordant.
NBN,280,survived,up,3,0,0,Same-tissue replication: 3/3 concordant. Cross-tissue: 0/0 concordant.
PRKCH,280,survived,up,3,0,0,Same-tissue replication: 3/3 concordant. Cross-tissue: 0/0 concordant.
RORA,280,survived,up,2,0,0,Same-tissue replication: 2/3 concordant. Cross-tissue: 0/0 concordant.
SEMA3A,280,survived,up,3,0,0,Same-tissue replication: 3/3 concordant. Cross-tissue: 0/0 concordant.
TM6SF1,280,survived,up,2,0,0,Same-tissue replication: 2/3 concordant. Cross-tissue: 0/0 concordant.
CLIC1,281,survived,up,2,0,0,Same-tissue replication: 2/3 concordant. Cross-tissue: 0/0 concordant.
HNRNPA2B1,281,survived,up,2,0,0,Same-tissue replication: 2/3 concordant. Cross-tissue: 0/0 concordant.
LOXL3,281,survived,up,3,0,0,Same-tissue replication: 3/3 concordant. Cross-tissue: 0/0 concordant.
TAMALIN,281,survived,up,2,0,0,Same-tissue replication: 2/3 concordant. Cross-tissue: 0/0 concordant.
ARID5B,283,survived,up,3,0,0,Same-tissue replication: 3/3 concordant. Cross-tissue: 0/0 concordant.
ARMC9,283,survived,up,2,0,0,Same-tissue replication: 2/3 concordant. Cross-tissue: 0/0 concordant.
BIK,283,survived,up,3,0,0,Same-tissue replication: 3/3 concordant. Cross-tissue: 0/0 concordant.
CDCA2,283,survived,up,3,0,0,Same-tissue replication: 3/3 concordant. Cross-tissue: 0/0 concordant.
CIBAR1,283,survived,up,3,0,0,Same-tissue replication: 3/3 concordant. Cross-tissue: 0/0 concordant.
CTSC,283,survived,up,3,0,0,Same-tissue replication: 3/3 concordant. Cross-tissue: 0/0 concordant.
DNMT1,283,survived,up,3,0,0,Same-tissue replication: 3/3 concordant. Cross-tissue: 0/0 concordant.
FAM241A,283,survived,up,3,0,0,Same-tissue replication: 3/3 concordant. Cross-tissue: 0/0 concordant.
GOLT1B,283,survived,up,3,0,0,Same-tissue replication: 3/3 concordant. Cross-tissue: 0/0 concordant.
IL23A,283,survived,up,3,0,0,Same-tissue replication: 3/3 concordant. Cross-tissue: 0/0 concordant.
INPP4A,283,survived,up,3,0,0,Same-tissue replication: 3/3 concordant. Cross-tissue: 0/0 concordant.
JAM3,283,survived,up,3,0,0,Same-tissue replication: 3/3 concordant. Cross-tissue: 0/0 concordant.
MAFB,283,survived,up,3,0,0,Same-tissue replication: 3/3 concordant. Cross-tissue: 0/0 concordant.
MKI67,283,survived,up,3,0,0,Same-tissue replication: 3/3 concordant. Cross-tissue: 0/0 concordant.
NECTIN4,283,survived,up,3,0,0,Same-tissue replication: 3/3 concordant. Cross-tissue: 0/0 concordant.
PLK1,283,survived,up,3,0,0,Same-tissue replication: 3/3 concordant. Cross-tissue: 0/0 concordant.
PRKAR1A,283,survived,up,3,0,0,Same-tissue replication: 3/3 concordant. Cross-tissue: 0/0 concordant.
PRR11,283,survived,up,2,0,0,Same-tissue replication: 2/3 concordant. Cross-tissue: 0/0 concordant.
PTHLH,283,survived,up,3,0,0,Same-tissue replication: 3/3 concordant. Cross-tissue: 0/0 concordant.
RAD54L,283,survived,up,3,0,0,Same-tissue replication: 3/3 concordant. Cross-tissue: 0/0 concordant.
RFC4,283,survived,up,3,0,0,Same-tissue replication: 3/3 concordant. Cross-tissue: 0/0 concordant.
S1PR3,283,survived,up,3,0,0,Same-tissue replication: 3/3 concordant. Cross-tissue: 0/0 concordant.
ZDHHC14,283,eliminated,up,2,1,0,Significant opposite direction in same-tissue dataset(s): ['GSE36807']. Discovery direction: up.
ACP3,284,survived,up,3,0,0,Same-tissue replication: 3/3 concordant. Cross-tissue: 0/0 concordant.
ADGRF1,284,survived,up,3,0,0,Same-tissue replication: 3/3 concordant. Cross-tissue: 0/0 concordant.
ENTPD1,284,survived,up,3,0,0,Same-tissue replication: 3/3 concordant. Cross-tissue: 0/0 concordant.
HK2,284,survived,up,3,0,0,Same-tissue replication: 3/3 concordant. Cross-tissue: 0/0 concordant.
S100A2,284,survived,up,3,0,0,Same-tissue replication: 3/3 concordant. Cross-tissue: 0/0 concordant.
SLC16A14,284,survived,up,3,0,0,Same-tissue replication: 3/3 concordant. Cross-tissue: 0/0 concordant.
ANXA3,285,survived,up,3,0,0,Same-tissue replication: 3/3 concordant. Cross-tissue: 0/0 concordant.
ARSB,285,survived,up,3,0,0,Same-tissue replication: 3/3 concordant. Cross-tissue: 0/0 concordant.
CCR2,285,survived,up,3,0,0,Same-tissue replication: 3/3 concordant. Cross-tissue: 0/0 concordant.
COL28A1,285,survived,up,3,0,0,Same-tissue replication: 3/3 concordant. Cross-tissue: 0/0 concordant.
FOSL1,285,survived,up,2,0,0,Same-tissue replication: 2/3 concordant. Cross-tissue: 0/0 concordant.
IL10RA,285,survived,up,3,0,0,Same-tissue replication: 3/3 concordant. Cross-tissue: 0/0 concordant.
C3,286,survived,up,3,0,0,Same-tissue replication: 3/3 concordant. Cross-tissue: 0/0 concordant.
CASP1,286,survived,up,3,0,0,Same-tissue replication: 3/3 concordant. Cross-tissue: 0/0 concordant.
CD86,286,survived,up,3,0,0,Same-tissue replication: 3/3 concordant. Cross-tissue: 0/0 concordant.
COL14A1,286,survived,up,3,0,0,Same-tissue replication: 3/3 concordant. Cross-tissue: 0/0 concordant.
FCGR2C,286,survived,up,3,0,0,Same-tissue replication: 3/3 concordant. Cross-tissue: 0/0 concordant.
KCNA3,286,survived,up,3,0,0,Same-tissue replication: 3/3 concordant. Cross-tissue: 0/0 concordant.
QSOX1,286,survived,up,3,0,0,Same-tissue replication: 3/3 concordant. Cross-tissue: 0/0 concordant.
SCD,286,survived,up,3,0,0,Same-tissue replication: 3/3 concordant. Cross-tissue: 0/0 concordant.
ADCK5,287,survived,down,2,0,0,Same-tissue replication: 2/3 concordant. Cross-tissue: 0/0 concordant.
CAPN5,287,survived,down,3,0,0,Same-tissue replication: 3/3 concordant. Cross-tissue: 0/0 concordant.
DAB2IP,287,survived,down,3,0,0,Same-tissue replication: 3/3 concordant. Cross-tissue: 0/0 concordant.
DEPDC5,287,survived,down,3,0,0,Same-tissue replication: 3/3 concordant. Cross-tissue: 0/0 concordant.
FAM53B,287,survived,down,3,0,0,Same-tissue replication: 3/3 concordant. Cross-tissue: 0/0 concordant.
GPATCH1,287,survived,down,3,0,0,Same-tissue replication: 3/3 concordant. Cross-tissue: 0/0 concordant.
PNPLA7,287,survived,down,3,0,0,Same-tissue replication: 3/3 concordant. Cross-tissue: 0/0 concordant.
STARD7,287,survived,down,2,0,0,Same-tissue replication: 2/3 concordant. Cross-tissue: 0/0 concordant.
TPCN1,287,survived,down,3,0,0,Same-tissue replication: 3/3 concordant. Cross-tissue: 0/0 concordant.
ZNF233,287,survived,down,2,0,0,Same-tissue replication: 2/3 concordant. Cross-tissue: 0/0 concordant.
CXADR,288,survived,down,3,0,0,Same-tissue replication: 3/3 concordant. Cross-tissue: 0/0 concordant.
GAB1,288,survived,down,3,0,0,Same-tissue replication: 3/3 concordant. Cross-tissue: 0/0 concordant.
HOXA4,288,survived,down,3,0,0,Same-tissue replication: 3/3 concordant. Cross-tissue: 0/0 concordant.
MATN2,288,survived,down,1,0,0,Same-tissue replication: 1/1 concordant. Cross-tissue: 0/0 concordant.
MRPL41,288,survived,down,3,0,0,Same-tissue replication: 3/3 concordant. Cross-tissue: 0/0 concordant.
PDE6A,288,survived,down,3,0,0,Same-tissue replication: 3/3 concordant. Cross-tissue: 0/0 concordant.
PEX1,288,survived,down,3,0,0,Same-tissue replication: 3/3 concordant. Cross-tissue: 0/0 concordant.
SLC25A38,288,survived,down,3,0,0,Same-tissue replication: 3/3 concordant. Cross-tissue: 0/0 concordant.
TRMT9B,288,survived,down,2,0,0,Same-tissue replication: 2/3 concordant. Cross-tissue: 0/0 concordant.
ZNF577,288,survived,down,2,0,0,Same-tissue replication: 2/3 concordant. Cross-tissue: 0/0 concordant.
ATOH1,289,survived,down,3,0,0,Same-tissue replication: 3/3 concordant. Cross-tissue: 0/0 concordant.
CDC14B,289,survived,down,3,0,0,Same-tissue replication: 3/3 concordant. Cross-tissue: 0/0 concordant.
DNAAF2,289,survived,down,3,0,0,Same-tissue replication: 3/3 concordant. Cross-tissue: 0/0 concordant.
FLCN,289,survived,down,3,0,0,Same-tissue replication: 3/3 concordant. Cross-tissue: 0/0 concordant.
LHPP,289,survived,down,2,0,0,Same-tissue replication: 2/3 concordant. Cross-tissue: 0/0 concordant.
RELL1,289,survived,down,3,0,0,Same-tissue replication: 3/3 concordant. Cross-tissue: 0/0 concordant.
TNIK,289,survived,down,3,0,0,Same-tissue replication: 3/3 concordant. Cross-tissue: 0/0 concordant.
DHRS1,290,survived,down,3,0,0,Same-tissue replication: 3/3 concordant. Cross-tissue: 0/0 concordant.
HNF1A,290,survived,down,3,0,0,Same-tissue replication: 3/3 concordant. Cross-tissue: 0/0 concordant.
NVL,290,survived,down,3,0,0,Same-tissue replication: 3/3 concordant. Cross-tissue: 0/0 concordant.
PDK3,290,survived,down,3,0,0,Same-tissue replication: 3/3 concordant. Cross-tissue: 0/0 concordant.
RFK,290,survived,down,2,0,0,Same-tissue replication: 2/3 concordant. Cross-tissue: 0/0 concordant.
RNF125,290,survived,down,3,0,0,Same-tissue replication: 3/3 concordant. Cross-tissue: 0/0 concordant.
UNC5B,290,survived,down,3,0,0,Same-tissue replication: 3/3 concordant. Cross-tissue: 0/0 concordant.
ACTMAP,291,survived,down,2,0,0,Same-tissue replication: 2/3 concordant. Cross-tissue: 0/0 concordant.
EIF6,291,survived,down,1,0,0,Same-tissue replication: 1/3 concordant. Cross-tissue: 0/0 concordant.
FRAT1,291,survived,down,3,0,0,Same-tissue replication: 3/3 concordant. Cross-tissue: 0/0 concordant.
HDDC2,291,survived,down,3,0,0,Same-tissue replication: 3/3 concordant. Cross-tissue: 0/0 concordant.
HYLS1,291,survived,down,3,0,0,Same-tissue replication: 3/3 concordant. Cross-tissue: 0/0 concordant.
KLF9,291,survived,down,3,0,0,Same-tissue replication: 3/3 concordant. Cross-tissue: 0/0 concordant.
CASZ1,292,survived,down,2,0,0,Same-tissue replication: 2/3 concordant. Cross-tissue: 0/0 concordant.
CYB5RL,292,survived,down,3,0,0,Same-tissue replication: 3/3 concordant. Cross-tissue: 0/0 concordant.
DST,292,survived,down,3,0,0,Same-tissue replication: 3/3 concordant. Cross-tissue: 0/0 concordant.
ECHS1,292,survived,down,2,0,0,Same-tissue replication: 2/3 concordant. Cross-tissue: 0/0 concordant.
GPANK1,292,survived,down,2,0,0,Same-tissue replication: 2/3 concordant. Cross-tissue: 0/0 concordant.
IFITM10,292,survived,down,2,0,0,Same-tissue replication: 2/3 concordant. Cross-tissue: 0/0 concordant.
SCML1,292,survived,down,3,0,0,Same-tissue replication: 3/3 concordant. Cross-tissue: 0/0 concordant.
BRWD1,293,survived,down,3,0,0,Same-tissue replication: 3/3 concordant. Cross-tissue: 0/0 concordant.
EIF3K,293,survived,down,3,0,0,Same-tissue replication: 3/3 concordant. Cross-tissue: 0/0 concordant.
FCSK,293,survived,down,3,0,0,Same-tissue replication: 3/3 concordant. Cross-tissue: 0/0 concordant.
MIB2,293,survived,down,3,0,0,Same-tissue replication: 3/3 concordant. Cross-tissue: 0/0 concordant.
NDUFA13,293,survived,down,2,0,0,Same-tissue replication: 2/2 concordant. Cross-tissue: 0/0 concordant.
PCYT2,293,survived,down,2,0,0,Same-tissue replication: 2/3 concordant. Cross-tissue: 0/0 concordant.
PEX3,293,survived,down,1,0,0,Same-tissue replication: 1/3 concordant. Cross-tissue: 0/0 concordant.
POMGNT1,293,survived,down,3,0,0,Same-tissue replication: 3/3 concordant. Cross-tissue: 0/0 concordant.
RBM18,293,survived,down,3,0,0,Same-tissue replication: 3/3 concordant. Cross-tissue: 0/0 concordant.
TRAF7,293,survived,down,3,0,0,Same-tissue replication: 3/3 concordant. Cross-tissue: 0/0 concordant.
ZNF347,293,survived,down,2,0,0,Same-tissue replication: 2/3 concordant. Cross-tissue: 0/0 concordant.
EIF4B,294,survived,down,3,0,0,Same-tissue replication: 3/3 concordant. Cross-tissue: 0/0 concordant.
NDUFAF3,294,survived,down,1,0,0,Same-tissue replication: 1/3 concordant. Cross-tissue: 0/0 concordant.
RBBP5,294,survived,down,1,0,0,Same-tissue replication: 1/3 concordant. Cross-tissue: 0/0 concordant.
SNX5,294,survived,down,2,0,0,Same-tissue replication: 2/3 concordant. Cross-tissue: 0/0 concordant.
ZNF655,294,survived,down,2,0,0,Same-tissue replication: 2/3 concordant. Cross-tissue: 0/0 concordant.
CHPF2,295,survived,up,3,0,0,Same-tissue replication: 3/3 concordant. Cross-tissue: 0/0 concordant.
FAM167A,295,survived,up,3,0,0,Same-tissue replication: 3/3 concordant. Cross-tissue: 0/0 concordant.
FGFR1,295,survived,up,3,0,0,Same-tissue replication: 3/3 concordant. Cross-tissue: 0/0 concordant.
S100A6,295,survived,up,3,0,0,Same-tissue replication: 3/3 concordant. Cross-tissue: 0/0 concordant.
SIL1,295,survived,up,3,0,0,Same-tissue replication: 3/3 concordant. Cross-tissue: 0/0 concordant.
TMEM214,295,survived,up,3,0,0,Same-tissue replication: 3/3 concordant. Cross-tissue: 0/0 concordant.
TXLNA,295,survived,up,3,0,0,Same-tissue replication: 3/3 concordant. Cross-tissue: 0/0 concordant.
ABR,296,survived,down,3,0,0,Same-tissue replication: 3/3 concordant. Cross-tissue: 0/0 concordant.
PARP16,296,survived,down,3,0,0,Same-tissue replication: 3/3 concordant. Cross-tissue: 0/0 concordant.
PDHX,296,survived,down,3,0,0,Same-tissue replication: 3/3 concordant. Cross-tissue: 0/0 concordant.
TRUB2,296,survived,down,3,0,0,Same-tissue replication: 3/3 concordant. Cross-tissue: 0/0 concordant.
ZNRF2,296,survived,down,3,0,0,Same-tissue replication: 3/3 concordant. Cross-tissue: 0/0 concordant.
CAPNS1,297,survived,down,2,0,0,Same-tissue replication: 2/3 concordant. Cross-tissue: 0/0 concordant.
NDUFB9,297,survived,down,3,0,0,Same-tissue replication: 3/3 concordant. Cross-tissue: 0/0 concordant.
P2RY2,297,survived,down,2,0,0,Same-tissue replication: 2/3 concordant. Cross-tissue: 0/0 concordant.
SHROOM3,297,survived,down,3,0,0,Same-tissue replication: 3/3 concordant. Cross-tissue: 0/0 concordant.
SOWAHB,297,insufficient_data,down,0,0,0,No replication data available for this gene.
SPATA1,297,survived,down,0,0,0,Same-tissue replication: 0/2 concordant. Cross-tissue: 0/0 concordant.
UGT8,297,survived,down,3,0,0,Same-tissue replication: 3/3 concordant. Cross-tissue: 0/0 concordant.
ACAA1,298,survived,down,3,0,0,Same-tissue replication: 3/3 concordant. Cross-tissue: 0/0 concordant.
ACAA2,298,survived,down,3,0,0,Same-tissue replication: 3/3 concordant. Cross-tissue: 0/0 concordant.
AKAP9,298,survived,down,3,0,0,Same-tissue replication: 3/3 concordant. Cross-tissue: 0/0 concordant.
ATP8A1,298,survived,down,3,0,0,Same-tissue replication: 3/3 concordant. Cross-tissue: 0/0 concordant.
C2CD2L,298,survived,down,2,0,0,Same-tissue replication: 2/3 concordant. Cross-tissue: 0/0 concordant.
CPT2,298,survived,down,3,0,0,Same-tissue replication: 3/3 concordant. Cross-tissue: 0/0 concordant.
CRYL1,298,survived,down,3,0,0,Same-tissue replication: 3/3 concordant. Cross-tissue: 0/0 concordant.
ENTREP2,298,survived,down,3,0,0,Same-tissue replication: 3/3 concordant. Cross-tissue: 0/0 concordant.
GPAT3,298,survived,down,1,0,0,Same-tissue replication: 1/3 concordant. Cross-tissue: 0/0 concordant.
PRKAB2,298,survived,down,3,0,0,Same-tissue replication: 3/3 concordant. Cross-tissue: 0/0 concordant.
SLC27A2,298,survived,down,2,0,0,Same-tissue replication: 2/3 concordant. Cross-tissue: 0/0 concordant.
SNX13,298,survived,down,3,0,0,Same-tissue replication: 3/3 concordant. Cross-tissue: 0/0 concordant.
TNNC2,298,survived,down,3,0,0,Same-tissue replication: 3/3 concordant. Cross-tissue: 0/0 concordant.
ZNF350,298,survived,down,3,0,0,Same-tissue replication: 3/3 concordant. Cross-tissue: 0/0 concordant.
ANPEP,299,survived,down,2,0,0,Same-tissue replication: 2/3 concordant. Cross-tissue: 0/0 concordant.
B4GALNT2,299,survived,down,2,0,0,Same-tissue replication: 2/3 concordant. Cross-tissue: 0/0 concordant.
HSD3B2,299,survived,down,2,0,0,Same-tissue replication: 2/3 concordant. Cross-tissue: 0/0 concordant.
NAALADL1,299,survived,down,3,0,0,Same-tissue replication: 3/3 concordant. Cross-tissue: 0/0 concordant.
NAT8B,299,survived,down,2,0,0,Same-tissue replication: 2/3 concordant. Cross-tissue: 0/0 concordant.
SLC3A1,299,survived,down,3,0,0,Same-tissue replication: 3/3 concordant. Cross-tissue: 0/0 concordant.
FAM151A,300,survived,down,3,0,0,Same-tissue replication: 3/3 concordant. Cross-tissue: 0/0 concordant.
GCNT2,300,survived,down,3,0,0,Same-tissue replication: 3/3 concordant. Cross-tissue: 0/0 concordant.
HAVCR1,300,survived,down,3,0,0,Same-tissue replication: 3/3 concordant. Cross-tissue: 0/0 concordant.
MT1X,300,survived,down,3,0,0,Same-tissue replication: 3/3 concordant. Cross-tissue: 0/0 concordant.
SLC16A9,300,survived,down,3,0,0,Same-tissue replication: 3/3 concordant. Cross-tissue: 0/0 concordant.
SLC1A1,300,survived,down,3,0,0,Same-tissue replication: 3/3 concordant. Cross-tissue: 0/0 concordant.
TM6SF2,300,survived,down,2,0,0,Same-tissue replication: 2/3 concordant. Cross-tissue: 0/0 concordant.
TMEM63C,300,survived,down,3,0,0,Same-tissue replication: 3/3 concordant. Cross-tissue: 0/0 concordant.
EIF3A,301,survived,up,3,0,0,Same-tissue replication: 3/3 concordant. Cross-tissue: 0/0 concordant.
KANK2,301,survived,up,2,0,0,Same-tissue replication: 2/3 concordant. Cross-tissue: 0/0 concordant.
SUV39H1,301,survived,up,3,0,0,Same-tissue replication: 3/3 concordant. Cross-tissue: 0/0 concordant.
TBX2,301,survived,up,3,0,0,Same-tissue replication: 3/3 concordant. Cross-tissue: 0/0 concordant.
BEX5,302,survived,up,2,0,0,Same-tissue replication: 2/3 concordant. Cross-tissue: 0/0 concordant.
CCM2,302,survived,up,3,0,0,Same-tissue replication: 3/3 concordant. Cross-tissue: 0/0 concordant.
FAM120C,302,survived,up,3,0,0,Same-tissue replication: 3/3 concordant. Cross-tissue: 0/0 concordant.
SIRPD,302,survived,up,2,0,0,Same-tissue replication: 2/3 concordant. Cross-tissue: 0/0 concordant.
MBNL1,303,survived,down,3,0,0,Same-tissue replication: 3/3 concordant. Cross-tissue: 0/0 concordant.
MTMR10,303,survived,down,2,0,0,Same-tissue replication: 2/3 concordant. Cross-tissue: 0/0 concordant.
MUTYH,303,survived,down,3,0,0,Same-tissue replication: 3/3 concordant. Cross-tissue: 0/0 concordant.
TTC17,303,survived,down,3,0,0,Same-tissue replication: 3/3 concordant. Cross-tissue: 0/0 concordant.
ZNF180,303,survived,down,3,0,0,Same-tissue replication: 3/3 concordant. Cross-tissue: 0/0 concordant.
ATG9A,304,survived,down,2,0,0,Same-tissue replication: 2/3 concordant. Cross-tissue: 0/0 concordant.
CRACDL,304,survived,down,3,0,0,Same-tissue replication: 3/3 concordant. Cross-tissue: 0/0 concordant.
DMXL1,304,survived,down,3,0,0,Same-tissue replication: 3/3 concordant. Cross-tissue: 0/0 concordant.
ELMO3,304,survived,down,3,0,0,Same-tissue replication: 3/3 concordant. Cross-tissue: 0/0 concordant.
GGPS1,304,survived,down,3,0,0,Same-tissue replication: 3/3 concordant. Cross-tissue: 0/0 concordant.
HYCC2,304,survived,down,3,0,0,Same-tissue replication: 3/3 concordant. Cross-tissue: 0/0 concordant.
IDH1,304,survived,down,3,0,0,Same-tissue replication: 3/3 concordant. Cross-tissue: 0/0 concordant.
LHFPL2,304,eliminated,down,1,1,0,Significant opposite direction in same-tissue dataset(s): ['GSE36807']. Discovery direction: down.
MBIP,304,survived,down,3,0,0,Same-tissue replication: 3/3 concordant. Cross-tissue: 0/0 concordant.
MSRB2,304,survived,down,3,0,0,Same-tissue replication: 3/3 concordant. Cross-tissue: 0/0 concordant.
OSGEP,304,survived,down,0,0,0,Same-tissue replication: 0/3 concordant. Cross-tissue: 0/0 concordant.
PPP4R3B,304,survived,down,3,0,0,Same-tissue replication: 3/3 concordant. Cross-tissue: 0/0 concordant.
TSPAN31,304,survived,down,3,0,0,Same-tissue replication: 3/3 concordant. Cross-tissue: 0/0 concordant.
VAMP7,304,eliminated,down,1,1,0,Significant opposite direction in same-tissue dataset(s): ['GSE36807']. Discovery direction: down.
ZFP64,304,survived,down,3,0,0,Same-tissue replication: 3/3 concordant. Cross-tissue: 0/0 concordant.
CEP164,305,survived,up,3,0,0,Same-tissue replication: 3/3 concordant. Cross-tissue: 0/0 concordant.
JAG1,305,survived,up,3,0,0,Same-tissue replication: 3/3 concordant. Cross-tissue: 0/0 concordant.
KATNAL1,305,survived,up,3,0,0,Same-tissue replication: 3/3 concordant. Cross-tissue: 0/0 concordant.
PPP3R1,305,survived,up,3,0,0,Same-tissue replication: 3/3 concordant. Cross-tissue: 0/0 concordant.
RASL12,305,survived,up,3,0,0,Same-tissue replication: 3/3 concordant. Cross-tissue: 0/0 concordant.
RNASEH2A,305,survived,up,3,0,0,Same-tissue replication: 3/3 concordant. Cross-tissue: 0/0 concordant.
RPL27A,305,survived,up,1,0,0,Same-tissue replication: 1/3 concordant. Cross-tissue: 0/0 concordant.
TRIP6,305,survived,up,3,0,0,Same-tissue replication: 3/3 concordant. Cross-tissue: 0/0 concordant.
USP14,305,survived,up,3,0,0,Same-tissue replication: 3/3 concordant. Cross-tissue: 0/0 concordant.
ADAMTS1,306,survived,up,2,0,0,Same-tissue replication: 2/3 concordant. Cross-tissue: 0/0 concordant.
C4BPA,306,survived,up,3,0,0,Same-tissue replication: 3/3 concordant. Cross-tissue: 0/0 concordant.
KCND3,306,survived,up,3,0,0,Same-tissue replication: 3/3 concordant. Cross-tissue: 0/0 concordant.
PECAM1,306,survived,up,3,0,0,Same-tissue replication: 3/3 concordant. Cross-tissue: 0/0 concordant.
PLEK,306,survived,up,3,0,0,Same-tissue replication: 3/3 concordant. Cross-tissue: 0/0 concordant.
WARS1,306,survived,up,3,0,0,Same-tissue replication: 3/3 concordant. Cross-tissue: 0/0 concordant.
ASCC1,307,survived,up,3,0,0,Same-tissue replication: 3/3 concordant. Cross-tissue: 0/0 concordant.
H1-3,307,survived,up,1,0,0,Same-tissue replication: 1/3 concordant. Cross-tissue: 0/0 concordant.
QTGAL,307,survived,up,2,0,0,Same-tissue replication: 2/3 concordant. Cross-tissue: 0/0 concordant.
SUPT6H,307,survived,up,3,0,0,Same-tissue replication: 3/3 concordant. Cross-tissue: 0/0 concordant.
XXYLT1,307,survived,up,3,0,0,Same-tissue replication: 3/3 concordant. Cross-tissue: 0/0 concordant.
ZFAT,307,survived,up,2,0,0,Same-tissue replication: 2/3 concordant. Cross-tissue: 0/0 concordant.
ADGRG3,308,survived,up,3,0,0,Same-tissue replication: 3/3 concordant. Cross-tissue: 0/0 concordant.
BAG3,308,survived,up,3,0,0,Same-tissue replication: 3/3 concordant. Cross-tissue: 0/0 concordant.
C11orf96,308,survived,up,3,0,0,Same-tissue replication: 3/3 concordant. Cross-tissue: 0/0 concordant.
CHI3L2,308,survived,up,3,0,0,Same-tissue replication: 3/3 concordant. Cross-tissue: 0/0 concordant.
CLDN18,308,survived,up,3,0,0,Same-tissue replication: 3/3 concordant. Cross-tissue: 0/0 concordant.
COL6A2,308,survived,up,3,0,0,Same-tissue replication: 3/3 concordant. Cross-tissue: 0/0 concordant.
GZMB,308,survived,up,3,0,0,Same-tissue replication: 3/3 concordant. Cross-tissue: 0/0 concordant.
LOX,308,survived,up,3,0,0,Same-tissue replication: 3/3 concordant. Cross-tissue: 0/0 concordant.
MEDAG,308,survived,up,2,0,0,Same-tissue replication: 2/3 concordant. Cross-tissue: 0/0 concordant.
NCALD,308,survived,up,3,0,0,Same-tissue replication: 3/3 concordant. Cross-tissue: 0/0 concordant.
PKM,308,survived,up,3,0,0,Same-tissue replication: 3/3 concordant. Cross-tissue: 0/0 concordant.
PRR16,308,survived,up,3,0,0,Same-tissue replication: 3/3 concordant. Cross-tissue: 0/0 concordant.
SLC1A3,308,survived,up,3,0,0,Same-tissue replication: 3/3 concordant. Cross-tissue: 0/0 concordant.
SLC38A5,308,survived,up,3,0,0,Same-tissue replication: 3/3 concordant. Cross-tissue: 0/0 concordant.
TAP2,308,survived,up,3,0,0,Same-tissue replication: 3/3 concordant. Cross-tissue: 0/0 concordant.
TMPRSS3,308,survived,up,3,0,0,Same-tissue replication: 3/3 concordant. Cross-tissue: 0/0 concordant.
TPK1,308,survived,up,3,0,0,Same-tissue replication: 3/3 concordant. Cross-tissue: 0/0 concordant.
BAG2,309,survived,up,3,0,0,Same-tissue replication: 3/3 concordant. Cross-tissue: 0/0 concordant.
BATF2,309,survived,up,3,0,0,Same-tissue replication: 3/3 concordant. Cross-tissue: 0/0 concordant.
CLMP,309,survived,up,3,0,0,Same-tissue replication: 3/3 concordant. Cross-tissue: 0/0 concordant.
KLK7,309,survived,up,3,0,0,Same-tissue replication: 3/3 concordant. Cross-tissue: 0/0 concordant.
PAPPA,309,survived,up,3,0,0,Same-tissue replication: 3/3 concordant. Cross-tissue: 0/0 concordant.
PTGDS,309,survived,up,3,0,0,Same-tissue replication: 3/3 concordant. Cross-tissue: 0/0 concordant.
RASSF8,309,survived,up,3,0,0,Same-tissue replication: 3/3 concordant. Cross-tissue: 0/0 concordant.
UBE2L6,309,survived,up,3,0,0,Same-tissue replication: 3/3 concordant. Cross-tissue: 0/0 concordant.
BIRC5,310,survived,up,3,0,0,Same-tissue replication: 3/3 concordant. Cross-tissue: 0/0 concordant.
C1orf54,310,survived,up,3,0,0,Same-tissue replication: 3/3 concordant. Cross-tissue: 0/0 concordant.
CDC42SE1,310,survived,up,3,0,0,Same-tissue replication: 3/3 concordant. Cross-tissue: 0/0 concordant.
FKBP7,310,survived,up,3,0,0,Same-tissue replication: 3/3 concordant. Cross-tissue: 0/0 concordant.
MDC1,310,survived,up,3,0,0,Same-tissue replication: 3/3 concordant. Cross-tissue: 0/0 concordant.
NUAK1,310,survived,up,3,0,0,Same-tissue replication: 3/3 concordant. Cross-tissue: 0/0 concordant.
RELT,310,survived,up,3,0,0,Same-tissue replication: 3/3 concordant. Cross-tissue: 0/0 concordant.
SCG5,310,survived,up,2,0,0,Same-tissue replication: 2/3 concordant. Cross-tissue: 0/0 concordant.
YBX3,310,survived,up,3,0,0,Same-tissue replication: 3/3 concordant. Cross-tissue: 0/0 concordant.
AKAP17A,311,survived,up,3,0,0,Same-tissue replication: 3/3 concordant. Cross-tissue: 0/0 concordant.
ARPC3,311,survived,up,3,0,0,Same-tissue replication: 3/3 concordant. Cross-tissue: 0/0 concordant.
BTN2A1,311,survived,up,3,0,0,Same-tissue replication: 3/3 concordant. Cross-tissue: 0/0 concordant.
CERS5,311,survived,up,3,0,0,Same-tissue replication: 3/3 concordant. Cross-tissue: 0/0 concordant.
NCAPD2,311,survived,up,1,0,0,Same-tissue replication: 1/3 concordant. Cross-tissue: 0/0 concordant.
RAP2B,311,survived,up,1,0,0,Same-tissue replication: 1/3 concordant. Cross-tissue: 0/0 concordant.
RUVBL2,311,survived,up,2,0,0,Same-tissue replication: 2/3 concordant. Cross-tissue: 0/0 concordant.
SNRNP70,311,survived,up,3,0,0,Same-tissue replication: 3/3 concordant. Cross-tissue: 0/0 concordant.
SSRP1,311,survived,up,3,0,0,Same-tissue replication: 3/3 concordant. Cross-tissue: 0/0 concordant.
TNFAIP1,311,survived,up,3,0,0,Same-tissue replication: 3/3 concordant. Cross-tissue: 0/0 concordant.
BEAN1,312,survived,up,3,0,0,Same-tissue replication: 3/3 concordant. Cross-tissue: 0/0 concordant.
DNAJC6,312,eliminated,up,2,1,0,Significant opposite direction in same-tissue dataset(s): ['GSE36807']. Discovery direction: up.
GJB5,312,survived,up,3,0,0,Same-tissue replication: 3/3 concordant. Cross-tissue: 0/0 concordant.
PAK1IP1,312,survived,up,2,0,0,Same-tissue replication: 2/3 concordant. Cross-tissue: 0/0 concordant.
PPAT,312,survived,up,3,0,0,Same-tissue replication: 3/3 concordant. Cross-tissue: 0/0 concordant.
SP140L,312,survived,up,3,0,0,Same-tissue replication: 3/3 concordant. Cross-tissue: 0/0 concordant.
ANKRD27,313,survived,down,3,0,0,Same-tissue replication: 3/3 concordant. Cross-tissue: 0/0 concordant.
BTBD2,313,survived,down,3,0,0,Same-tissue replication: 3/3 concordant. Cross-tissue: 0/0 concordant.
DAZAP2,313,survived,down,3,0,0,Same-tissue replication: 3/3 concordant. Cross-tissue: 0/0 concordant.
GPBP1L1,313,survived,down,3,0,0,Same-tissue replication: 3/3 concordant. Cross-tissue: 0/0 concordant.
GTF3C2,313,survived,down,3,0,0,Same-tissue replication: 3/3 concordant. Cross-tissue: 0/0 concordant.
KLHL7,313,survived,down,3,0,0,Same-tissue replication: 3/3 concordant. Cross-tissue: 0/0 concordant.
NECAB3,313,survived,down,3,0,0,Same-tissue replication: 3/3 concordant. Cross-tissue: 0/0 concordant.
PPTC7,313,survived,down,3,0,0,Same-tissue replication: 3/3 concordant. Cross-tissue: 0/0 concordant.
REPS1,313,survived,down,3,0,0,Same-tissue replication: 3/3 concordant. Cross-tissue: 0/0 concordant.
SIAH1,313,survived,down,3,0,0,Same-tissue replication: 3/3 concordant. Cross-tissue: 0/0 concordant.
SLIRP,313,survived,down,2,0,0,Same-tissue replication: 2/3 concordant. Cross-tissue: 0/0 concordant.
SPPL3,313,survived,down,3,0,0,Same-tissue replication: 3/3 concordant. Cross-tissue: 0/0 concordant.
UCK1,313,survived,down,2,0,0,Same-tissue replication: 2/3 concordant. Cross-tissue: 0/0 concordant.
XYLT1,313,survived,down,3,0,0,Same-tissue replication: 3/3 concordant. Cross-tissue: 0/0 concordant.
BCHE,314,survived,down,3,0,0,Same-tissue replication: 3/3 concordant. Cross-tissue: 0/0 concordant.
NUPR2,314,insufficient_data,down,0,0,0,No replication data available for this gene.
RAB44,314,insufficient_data,down,0,0,0,No replication data available for this gene.
RAG2,314,survived,down,2,0,0,Same-tissue replication: 2/3 concordant. Cross-tissue: 0/0 concordant.
SRC,314,survived,down,1,0,0,Same-tissue replication: 1/3 concordant. Cross-tissue: 0/0 concordant.
ARMCX3,315,survived,up,3,0,0,Same-tissue replication: 3/3 concordant. Cross-tissue: 0/0 concordant.
EMILIN2,315,survived,up,3,0,0,Same-tissue replication: 3/3 concordant. Cross-tissue: 0/0 concordant.
HIP1,315,survived,up,3,0,0,Same-tissue replication: 3/3 concordant. Cross-tissue: 0/0 concordant.
KLF2,315,survived,up,3,0,0,Same-tissue replication: 3/3 concordant. Cross-tissue: 0/0 concordant.
OLR1,315,survived,up,3,0,0,Same-tissue replication: 3/3 concordant. Cross-tissue: 0/0 concordant.
TK1,315,survived,up,3,0,0,Same-tissue replication: 3/3 concordant. Cross-tissue: 0/0 concordant.
BLVRA,316,survived,up,3,0,0,Same-tissue replication: 3/3 concordant. Cross-tissue: 0/0 concordant.
COTL1,316,survived,up,3,0,0,Same-tissue replication: 3/3 concordant. Cross-tissue: 0/0 concordant.
EPHB4,316,survived,up,3,0,0,Same-tissue replication: 3/3 concordant. Cross-tissue: 0/0 concordant.
FNDC3B,316,survived,up,3,0,0,Same-tissue replication: 3/3 concordant. Cross-tissue: 0/0 concordant.
KLHL29,316,survived,up,3,0,0,Same-tissue replication: 3/3 concordant. Cross-tissue: 0/0 concordant.
MRC2,316,survived,up,2,0,0,Same-tissue replication: 2/3 concordant. Cross-tissue: 0/0 concordant.
SMAP2,316,survived,up,3,0,0,Same-tissue replication: 3/3 concordant. Cross-tissue: 0/0 concordant.
CPB2,317,survived,down,2,0,0,Same-tissue replication: 2/3 concordant. Cross-tissue: 0/0 concordant.
GRIA3,317,survived,down,3,0,0,Same-tissue replication: 3/3 concordant. Cross-tissue: 0/0 concordant.
IL17RE,317,survived,down,3,0,0,Same-tissue replication: 3/3 concordant. Cross-tissue: 0/0 concordant.
MROH1,317,survived,down,3,0,0,Same-tissue replication: 3/3 concordant. Cross-tissue: 0/0 concordant.
SLC35F4,317,survived,down,3,0,0,Same-tissue replication: 3/3 concordant. Cross-tissue: 0/0 concordant.
CCSER1,318,survived,down,3,0,0,Same-tissue replication: 3/3 concordant. Cross-tissue: 0/0 concordant.
CYP17A1,318,survived,down,2,0,0,Same-tissue replication: 2/3 concordant. Cross-tissue: 0/0 concordant.
EPCAM,318,survived,down,3,0,0,Same-tissue replication: 3/3 concordant. Cross-tissue: 0/0 concordant.
HEMK2,318,survived,down,2,0,0,Same-tissue replication: 2/3 concordant. Cross-tissue: 0/0 concordant.
IL2,318,survived,down,2,0,0,Same-tissue replication: 2/3 concordant. Cross-tissue: 0/0 concordant.
KIR3DL2,318,survived,down,3,0,0,Same-tissue replication: 3/3 concordant. Cross-tissue: 0/0 concordant.
SMIM12,318,eliminated,down,1,1,0,Significant opposite direction in same-tissue dataset(s): ['GSE36807']. Discovery direction: down.
SPDYA,318,survived,down,2,0,0,Same-tissue replication: 2/3 concordant. Cross-tissue: 0/0 concordant.
BAK1,319,survived,up,3,0,0,Same-tissue replication: 3/3 concordant. Cross-tissue: 0/0 concordant.
N4BP2,319,survived,up,2,0,0,Same-tissue replication: 2/3 concordant. Cross-tissue: 0/0 concordant.
PGP,319,survived,up,2,0,0,Same-tissue replication: 2/3 concordant. Cross-tissue: 0/0 concordant.
PNO1,319,survived,up,3,0,0,Same-tissue replication: 3/3 concordant. Cross-tissue: 0/0 concordant.
SPCS2,319,survived,up,3,0,0,Same-tissue replication: 3/3 concordant. Cross-tissue: 0/0 concordant.
UCP1,319,eliminated,up,0,1,0,Significant opposite direction in same-tissue dataset(s): ['GSE87466']. Discovery direction: up.
BOK,320,survived,up,3,0,0,Same-tissue replication: 3/3 concordant. Cross-tissue: 0/0 concordant.
BRIX1,320,survived,up,3,0,0,Same-tissue replication: 3/3 concordant. Cross-tissue: 0/0 concordant.
C16orf46,320,survived,up,2,0,0,Same-tissue replication: 2/3 concordant. Cross-tissue: 0/0 concordant.
CARHSP1,320,survived,up,3,0,0,Same-tissue replication: 3/3 concordant. Cross-tissue: 0/0 concordant.
CCDC88B,320,survived,up,3,0,0,Same-tissue replication: 3/3 concordant. Cross-tissue: 0/0 concordant.
FAM111A,320,survived,up,3,0,0,Same-tissue replication: 3/3 concordant. Cross-tissue: 0/0 concordant.
FBLN1,320,survived,up,2,0,0,Same-tissue replication: 2/3 concordant. Cross-tissue: 0/0 concordant.
GZF1,320,survived,up,3,0,0,Same-tissue replication: 3/3 concordant. Cross-tissue: 0/0 concordant.
LSS,320,survived,up,3,0,0,Same-tissue replication: 3/3 concordant. Cross-tissue: 0/0 concordant.
NHP2,320,survived,up,3,0,0,Same-tissue replication: 3/3 concordant. Cross-tissue: 0/0 concordant.
PCSK9,320,survived,up,3,0,0,Same-tissue replication: 3/3 concordant. Cross-tissue: 0/0 concordant.
PHF11,320,survived,up,3,0,0,Same-tissue replication: 3/3 concordant. Cross-tissue: 0/0 concordant.
RAP2A,320,survived,up,2,0,0,Same-tissue replication: 2/3 concordant. Cross-tissue: 0/0 concordant.
SOX7,320,survived,up,3,0,0,Same-tissue replication: 3/3 concordant. Cross-tissue: 0/0 concordant.
TDRP,320,survived,up,2,0,0,Same-tissue replication: 2/3 concordant. Cross-tissue: 0/0 concordant.
CHID1,323,survived,up,2,0,0,Same-tissue replication: 2/3 concordant. Cross-tissue: 0/0 concordant.
DNAH3,323,survived,down,2,0,0,Same-tissue replication: 2/3 concordant. Cross-tissue: 0/0 concordant.
F2,323,eliminated,up,1,1,0,Significant opposite direction in same-tissue dataset(s): ['GSE87466']. Discovery direction: up.
SPATA24,323,survived,up,1,0,0,Same-tissue replication: 1/3 concordant. Cross-tissue: 0/0 concordant.
ZNF75A,323,survived,down,3,0,0,Same-tissue replication: 3/3 concordant. Cross-tissue: 0/0 concordant.
FAM161B,324,survived,down,2,0,0,Same-tissue replication: 2/3 concordant. Cross-tissue: 0/0 concordant.
FLACC1,324,survived,up,2,0,0,Same-tissue replication: 2/3 concordant. Cross-tissue: 0/0 concordant.
MESP2,324,eliminated,up,0,1,0,Significant opposite direction in same-tissue dataset(s): ['GSE87466']. Discovery direction: up.
NAP1L4,324,survived,up,1,0,0,Same-tissue replication: 1/3 concordant. Cross-tissue: 0/0 concordant.
TMEM135,324,survived,down,1,0,0,Same-tissue replication: 1/3 concordant. Cross-tissue: 0/0 concordant.
DTNB,325,survived,up,2,0,0,Same-tissue replication: 2/3 concordant. Cross-tissue: 0/0 concordant.
FOXP3,325,survived,up,1,0,0,Same-tissue replication: 1/3 concordant. Cross-tissue: 0/0 concordant.
GLYR1,325,eliminated,down,1,1,0,Significant opposite direction in same-tissue dataset(s): ['GSE87466']. Discovery direction: down.
LTBP3,325,survived,up,2,0,0,Same-tissue replication: 2/3 concordant. Cross-tissue: 0/0 concordant.
DDX5,326,eliminated,up,2,1,0,Significant opposite direction in same-tissue dataset(s): ['GSE36807']. Discovery direction: up.
DMRTA1,326,survived,down,3,0,0,Same-tissue replication: 3/3 concordant. Cross-tissue: 0/0 concordant.
GLI3,326,survived,up,3,0,0,Same-tissue replication: 3/3 concordant. Cross-tissue: 0/0 concordant.
HRH2,326,survived,up,0,0,0,Same-tissue replication: 0/3 concordant. Cross-tissue: 0/0 concordant.
NME7,326,eliminated,up,2,1,0,Significant opposite direction in same-tissue dataset(s): ['GSE87466']. Discovery direction: up.
TRAPPC10,326,survived,down,1,0,0,Same-tissue replication: 1/3 concordant. Cross-tissue: 0/0 concordant.
NDUFB1,327,survived,down,3,0,0,Same-tissue replication: 3/3 concordant. Cross-tissue: 0/0 concordant.
SMC3,327,survived,down,3,0,0,Same-tissue replication: 3/3 concordant. Cross-tissue: 0/0 concordant.
STAG2,327,survived,down,3,0,0,Same-tissue replication: 3/3 concordant. Cross-tissue: 0/0 concordant.
VMA12,327,survived,down,1,0,0,Same-tissue replication: 1/1 concordant. Cross-tissue: 0/0 concordant.
FAHD2A,328,survived,down,2,0,0,Same-tissue replication: 2/3 concordant. Cross-tissue: 0/0 concordant.
FAM229B,328,survived,up,2,0,0,Same-tissue replication: 2/3 concordant. Cross-tissue: 0/0 concordant.
GATC,328,eliminated,down,2,1,0,Significant opposite direction in same-tissue dataset(s): ['GSE38713']. Discovery direction: down.
GPC6,328,survived,up,3,0,0,Same-tissue replication: 3/3 concordant. Cross-tissue: 0/0 concordant.
GPR141,328,survived,up,2,0,0,Same-tissue replication: 2/3 concordant. Cross-tissue: 0/0 concordant.
HP,328,survived,up,3,0,0,Same-tissue replication: 3/3 concordant. Cross-tissue: 0/0 concordant.
KLK13,328,survived,down,3,0,0,Same-tissue replication: 3/3 concordant. Cross-tissue: 0/0 concordant.
TMED3,328,survived,up,2,0,0,Same-tissue replication: 2/3 concordant. Cross-tissue: 0/0 concordant.
VGLL3,328,survived,up,3,0,0,Same-tissue replication: 3/3 concordant. Cross-tissue: 0/0 concordant.
WNT4,328,survived,up,3,0,0,Same-tissue replication: 3/3 concordant. Cross-tissue: 0/0 concordant.
ZFP36,328,survived,up,2,0,0,Same-tissue replication: 2/3 concordant. Cross-tissue: 0/0 concordant.
ABHD15,329,survived,down,3,0,0,Same-tissue replication: 3/3 concordant. Cross-tissue: 0/0 concordant.
BBS2,329,survived,down,3,0,0,Same-tissue replication: 3/3 concordant. Cross-tissue: 0/0 concordant.
ITFG2,329,survived,down,2,0,0,Same-tissue replication: 2/3 concordant. Cross-tissue: 0/0 concordant.
RB1CC1,329,survived,down,3,0,0,Same-tissue replication: 3/3 concordant. Cross-tissue: 0/0 concordant.
SYF2,329,survived,down,3,0,0,Same-tissue replication: 3/3 concordant. Cross-tissue: 0/0 concordant.
UQCRC1,329,survived,down,3,0,0,Same-tissue replication: 3/3 concordant. Cross-tissue: 0/0 concordant.
ZNF326,329,survived,down,3,0,0,Same-tissue replication: 3/3 concordant. Cross-tissue: 0/0 concordant.
ZNF717,329,survived,down,3,0,0,Same-tissue replication: 3/3 concordant. Cross-tissue: 0/0 concordant.
BMPR1A,330,survived,down,3,0,0,Same-tissue replication: 3/3 concordant. Cross-tissue: 0/0 concordant.
CHMP1B,330,survived,down,3,0,0,Same-tissue replication: 3/3 concordant. Cross-tissue: 0/0 concordant.
EEIG1,330,survived,down,2,0,0,Same-tissue replication: 2/3 concordant. Cross-tissue: 0/0 concordant.
HCCS,330,survived,down,2,0,0,Same-tissue replication: 2/3 concordant. Cross-tissue: 0/0 concordant.
KCTD3,330,survived,down,3,0,0,Same-tissue replication: 3/3 concordant. Cross-tissue: 0/0 concordant.
RNF14,330,survived,down,3,0,0,Same-tissue replication: 3/3 concordant. Cross-tissue: 0/0 concordant.
SDSL,330,survived,down,3,0,0,Same-tissue replication: 3/3 concordant. Cross-tissue: 0/0 concordant.
SH2D6,330,survived,down,3,0,0,Same-tissue replication: 3/3 concordant. Cross-tissue: 0/0 concordant.
ST14,330,survived,down,3,0,0,Same-tissue replication: 3/3 concordant. Cross-tissue: 0/0 concordant.
TACO1,330,survived,down,2,0,0,Same-tissue replication: 2/3 concordant. Cross-tissue: 0/0 concordant.
TBC1D12,330,survived,down,3,0,0,Same-tissue replication: 3/3 concordant. Cross-tissue: 0/0 concordant.
TMED4,330,survived,down,3,0,0,Same-tissue replication: 3/3 concordant. Cross-tissue: 0/0 concordant.
VPS13A,330,survived,down,3,0,0,Same-tissue replication: 3/3 concordant. Cross-tissue: 0/0 concordant.
ARHGEF11,331,survived,down,3,0,0,Same-tissue replication: 3/3 concordant. Cross-tissue: 0/0 concordant.
GFM1,331,survived,down,3,0,0,Same-tissue replication: 3/3 concordant. Cross-tissue: 0/0 concordant.
NR2C2,331,survived,down,3,0,0,Same-tissue replication: 3/3 concordant. Cross-tissue: 0/0 concordant.
PCGF1,331,survived,down,1,0,0,Same-tissue replication: 1/3 concordant. Cross-tissue: 0/0 concordant.
R3HDM2,331,survived,down,3,0,0,Same-tissue replication: 3/3 concordant. Cross-tissue: 0/0 concordant.
RNF185,331,survived,down,3,0,0,Same-tissue replication: 3/3 concordant. Cross-tissue: 0/0 concordant.
SOCS2,331,survived,down,3,0,0,Same-tissue replication: 3/3 concordant. Cross-tissue: 0/0 concordant.
SPSB3,331,survived,down,3,0,0,Same-tissue replication: 3/3 concordant. Cross-tissue: 0/0 concordant.
TXLNG,331,survived,down,2,0,0,Same-tissue replication: 2/3 concordant. Cross-tissue: 0/0 concordant.
YTHDF3,331,survived,down,3,0,0,Same-tissue replication: 3/3 concordant. Cross-tissue: 0/0 concordant.
KBTBD11,332,survived,down,3,0,0,Same-tissue replication: 3/3 concordant. Cross-tissue: 0/0 concordant.
MIEN1,332,survived,down,3,0,0,Same-tissue replication: 3/3 concordant. Cross-tissue: 0/0 concordant.
MTMR4,332,survived,down,3,0,0,Same-tissue replication: 3/3 concordant. Cross-tissue: 0/0 concordant.
RCOR3,332,survived,down,3,0,0,Same-tissue replication: 3/3 concordant. Cross-tissue: 0/0 concordant.
ZNF813,332,survived,down,3,0,0,Same-tissue replication: 3/3 concordant. Cross-tissue: 0/0 concordant.
ABRAXAS2,333,survived,down,2,0,0,Same-tissue replication: 2/3 concordant. Cross-tissue: 0/0 concordant.
AGO1,333,survived,down,3,0,0,Same-tissue replication: 3/3 concordant. Cross-tissue: 0/0 concordant.
CDC50B,333,survived,down,3,0,0,Same-tissue replication: 3/3 concordant. Cross-tissue: 0/0 concordant.
CUL3,333,survived,down,3,0,0,Same-tissue replication: 3/3 concordant. Cross-tissue: 0/0 concordant.
EFL1,333,survived,down,3,0,0,Same-tissue replication: 3/3 concordant. Cross-tissue: 0/0 concordant.
EPC2,333,survived,down,3,0,0,Same-tissue replication: 3/3 concordant. Cross-tissue: 0/0 concordant.
FZD1,333,survived,down,3,0,0,Same-tissue replication: 3/3 concordant. Cross-tissue: 0/0 concordant.
HMGCL,333,survived,down,3,0,0,Same-tissue replication: 3/3 concordant. Cross-tissue: 0/0 concordant.
LCOR,333,survived,down,3,0,0,Same-tissue replication: 3/3 concordant. Cross-tissue: 0/0 concordant.
MGAT5,333,survived,down,2,0,0,Same-tissue replication: 2/3 concordant. Cross-tissue: 0/0 concordant.
NCOA2,333,survived,down,3,0,0,Same-tissue replication: 3/3 concordant. Cross-tissue: 0/0 concordant.
NEK7,333,survived,down,3,0,0,Same-tissue replication: 3/3 concordant. Cross-tissue: 0/0 concordant.
PRKCD,333,survived,down,2,0,0,Same-tissue replication: 2/3 concordant. Cross-tissue: 0/0 concordant.
RASSF6,333,survived,down,3,0,0,Same-tissue replication: 3/3 concordant. Cross-tissue: 0/0 concordant.
RPIA,333,survived,down,3,0,0,Same-tissue replication: 3/3 concordant. Cross-tissue: 0/0 concordant.
TBC1D22A,333,survived,down,2,0,0,Same-tissue replication: 2/3 concordant. Cross-tissue: 0/0 concordant.
UBAC2,333,survived,down,3,0,0,Same-tissue replication: 3/3 concordant. Cross-tissue: 0/0 concordant.
ZNF19,333,survived,down,3,0,0,Same-tissue replication: 3/3 concordant. Cross-tissue: 0/0 concordant.
CARMIL1,334,survived,down,3,0,0,Same-tissue replication: 3/3 concordant. Cross-tissue: 0/0 concordant.
DHRSX,334,survived,down,3,0,0,Same-tissue replication: 3/3 concordant. Cross-tissue: 0/0 concordant.
DLG1,334,survived,down,3,0,0,Same-tissue replication: 3/3 concordant. Cross-tissue: 0/0 concordant.
GABARAP,334,survived,down,3,0,0,Same-tissue replication: 3/3 concordant. Cross-tissue: 0/0 concordant.
GATAD1,334,survived,down,3,0,0,Same-tissue replication: 3/3 concordant. Cross-tissue: 0/0 concordant.
INIP,334,survived,down,3,0,0,Same-tissue replication: 3/3 concordant. Cross-tissue: 0/0 concordant.
PAFAH1B1,334,survived,down,3,0,0,Same-tissue replication: 3/3 concordant. Cross-tissue: 0/0 concordant.
TEX264,334,survived,down,3,0,0,Same-tissue replication: 3/3 concordant. Cross-tissue: 0/0 concordant.
ADHFE1,335,survived,down,3,0,0,Same-tissue replication: 3/3 concordant. Cross-tissue: 0/0 concordant.
ARV1,335,survived,down,3,0,0,Same-tissue replication: 3/3 concordant. Cross-tissue: 0/0 concordant.
C15orf40,335,survived,down,3,0,0,Same-tissue replication: 3/3 concordant. Cross-tissue: 0/0 concordant.
DUS4L,335,survived,down,3,0,0,Same-tissue replication: 3/3 concordant. Cross-tissue: 0/0 concordant.
IREB2,335,survived,down,3,0,0,Same-tissue replication: 3/3 concordant. Cross-tissue: 0/0 concordant.
NFE2L1,335,survived,down,3,0,0,Same-tissue replication: 3/3 concordant. Cross-tissue: 0/0 concordant.
NFYC,335,survived,down,3,0,0,Same-tissue replication: 3/3 concordant. Cross-tissue: 0/0 concordant.
NT5DC1,335,survived,down,3,0,0,Same-tissue replication: 3/3 concordant. Cross-tissue: 0/0 concordant.
PDCD6IP,335,survived,down,3,0,0,Same-tissue replication: 3/3 concordant. Cross-tissue: 0/0 concordant.
PPP1CC,335,survived,down,3,0,0,Same-tissue replication: 3/3 concordant. Cross-tissue: 0/0 concordant.
SORL1,335,survived,down,3,0,0,Same-tissue replication: 3/3 concordant. Cross-tissue: 0/0 concordant.
STX3,335,survived,down,3,0,0,Same-tissue replication: 3/3 concordant. Cross-tissue: 0/0 concordant.
TFDP2,335,survived,down,3,0,0,Same-tissue replication: 3/3 concordant. Cross-tissue: 0/0 concordant.
TOM1L1,335,survived,down,3,0,0,Same-tissue replication: 3/3 concordant. Cross-tissue: 0/0 concordant.
ULK3,335,survived,down,3,0,0,Same-tissue replication: 3/3 concordant. Cross-tissue: 0/0 concordant.
DCP1B,336,survived,down,2,0,0,Same-tissue replication: 2/3 concordant. Cross-tissue: 0/0 concordant.
GPAA1,336,eliminated,down,1,1,0,Significant opposite direction in same-tissue dataset(s): ['GSE38713']. Discovery direction: down.
ZNF700,336,survived,down,3,0,0,Same-tissue replication: 3/3 concordant. Cross-tissue: 0/0 concordant.
ANKRD62,337,insufficient_data,down,0,0,0,No replication data available for this gene.
C2orf68,337,survived,down,2,0,0,Same-tissue replication: 2/3 concordant. Cross-tissue: 0/0 concordant.
EVPL,337,survived,down,2,0,0,Same-tissue replication: 2/3 concordant. Cross-tissue: 0/0 concordant.
GID4,337,survived,down,2,0,0,Same-tissue replication: 2/3 concordant. Cross-tissue: 0/0 concordant.
LARP7,337,survived,down,3,0,0,Same-tissue replication: 3/3 concordant. Cross-tissue: 0/0 concordant.
MAVS,337,survived,down,3,0,0,Same-tissue replication: 3/3 concordant. Cross-tissue: 0/0 concordant.
MIEF2,337,survived,down,3,0,0,Same-tissue replication: 3/3 concordant. Cross-tissue: 0/0 concordant.
NOP53,337,survived,down,2,0,0,Same-tissue replication: 2/3 concordant. Cross-tissue: 0/0 concordant.
SHLD2,337,survived,down,1,0,0,Same-tissue replication: 1/3 concordant. Cross-tissue: 0/0 concordant.
AARS1,338,survived,up,3,0,0,Same-tissue replication: 3/3 concordant. Cross-tissue: 0/0 concordant.
CCDC71L,338,survived,up,3,0,0,Same-tissue replication: 3/3 concordant. Cross-tissue: 0/0 concordant.
CCR5,338,survived,up,3,0,0,Same-tissue replication: 3/3 concordant. Cross-tissue: 0/0 concordant.
CIT,338,survived,up,0,0,0,Same-tissue replication: 0/1 concordant. Cross-tissue: 0/0 concordant.
DZIP1,338,survived,up,3,0,0,Same-tissue replication: 3/3 concordant. Cross-tissue: 0/0 concordant.
GPI,338,survived,up,3,0,0,Same-tissue replication: 3/3 concordant. Cross-tissue: 0/0 concordant.
STAT5B,338,survived,up,2,0,0,Same-tissue replication: 2/3 concordant. Cross-tissue: 0/0 concordant.
SYPL1,338,survived,up,0,0,0,Same-tissue replication: 0/3 concordant. Cross-tissue: 0/0 concordant.
TBCD,338,survived,up,3,0,0,Same-tissue replication: 3/3 concordant. Cross-tissue: 0/0 concordant.
KCNJ8,339,survived,up,3,0,0,Same-tissue replication: 3/3 concordant. Cross-tissue: 0/0 concordant.
NUGGC,339,insufficient_data,up,0,0,0,No replication data available for this gene.
SV2A,339,survived,up,3,0,0,Same-tissue replication: 3/3 concordant. Cross-tissue: 0/0 concordant.
TNF,339,survived,up,3,0,0,Same-tissue replication: 3/3 concordant. Cross-tissue: 0/0 concordant.
AKR1B1,340,survived,up,3,0,0,Same-tissue replication: 3/3 concordant. Cross-tissue: 0/0 concordant.
ARHGDIB,340,survived,up,3,0,0,Same-tissue replication: 3/3 concordant. Cross-tissue: 0/0 concordant.
CEACAM6,340,survived,up,3,0,0,Same-tissue replication: 3/3 concordant. Cross-tissue: 0/0 concordant.
EPB41L4A,340,eliminated,up,2,1,0,Significant opposite direction in same-tissue dataset(s): ['GSE36807']. Discovery direction: up.
FOXA2,340,eliminated,up,2,1,0,Significant opposite direction in same-tissue dataset(s): ['GSE36807']. Discovery direction: up.
GAS1,340,survived,up,3,0,0,Same-tissue replication: 3/3 concordant. Cross-tissue: 0/0 concordant.
GLIPR1,340,survived,up,3,0,0,Same-tissue replication: 3/3 concordant. Cross-tissue: 0/0 concordant.
JAML,340,survived,up,3,0,0,Same-tissue replication: 3/3 concordant. Cross-tissue: 0/0 concordant.
LDLR,340,survived,up,3,0,0,Same-tissue replication: 3/3 concordant. Cross-tissue: 0/0 concordant.
TMEM154,340,survived,up,3,0,0,Same-tissue replication: 3/3 concordant. Cross-tissue: 0/0 concordant.
TRIM40,340,survived,up,3,0,0,Same-tissue replication: 3/3 concordant. Cross-tissue: 0/0 concordant.
TUSC3,340,eliminated,up,2,1,0,Significant opposite direction in same-tissue dataset(s): ['GSE36807']. Discovery direction: up.
CD74,341,survived,up,3,0,0,Same-tissue replication: 3/3 concordant. Cross-tissue: 0/0 concordant.
HLA-DPA1,341,survived,up,3,0,0,Same-tissue replication: 3/3 concordant. Cross-tissue: 0/0 concordant.
HLA-DPB1,341,survived,up,3,0,0,Same-tissue replication: 3/3 concordant. Cross-tissue: 0/0 concordant.
MUC4,341,survived,up,3,0,0,Same-tissue replication: 3/3 concordant. Cross-tissue: 0/0 concordant.
MUC5B,341,survived,up,3,0,0,Same-tissue replication: 3/3 concordant. Cross-tissue: 0/0 concordant.
AJUBA,342,survived,up,3,0,0,Same-tissue replication: 3/3 concordant. Cross-tissue: 0/0 concordant.
BDNF,342,survived,up,3,0,0,Same-tissue replication: 3/3 concordant. Cross-tissue: 0/0 concordant.
ENAH,342,survived,up,2,0,0,Same-tissue replication: 2/3 concordant. Cross-tissue: 0/0 concordant.
NEDD1,342,survived,up,3,0,0,Same-tissue replication: 3/3 concordant. Cross-tissue: 0/0 concordant.
PREX2,342,survived,up,3,0,0,Same-tissue replication: 3/3 concordant. Cross-tissue: 0/0 concordant.
SALL1,342,survived,up,2,0,0,Same-tissue replication: 2/3 concordant. Cross-tissue: 0/0 concordant.
TMEM67,342,survived,up,1,0,0,Same-tissue replication: 1/3 concordant. Cross-tissue: 0/0 concordant.
USP18,342,survived,up,3,0,0,Same-tissue replication: 3/3 concordant. Cross-tissue: 0/0 concordant.
CPVL,343,survived,up,2,0,0,Same-tissue replication: 2/3 concordant. Cross-tissue: 0/0 concordant.
FMOD,343,eliminated,up,2,1,0,Significant opposite direction in same-tissue dataset(s): ['GSE36807']. Discovery direction: up.
NCAPH,343,survived,up,3,0,0,Same-tissue replication: 3/3 concordant. Cross-tissue: 0/0 concordant.
PLTP,343,survived,up,3,0,0,Same-tissue replication: 3/3 concordant. Cross-tissue: 0/0 concordant.
SIRPB1,343,survived,up,2,0,0,Same-tissue replication: 2/3 concordant. Cross-tissue: 0/0 concordant.
VAV1,343,survived,up,3,0,0,Same-tissue replication: 3/3 concordant. Cross-tissue: 0/0 concordant.
ANTXR1,344,survived,up,3,0,0,Same-tissue replication: 3/3 concordant. Cross-tissue: 0/0 concordant.
ANXA6,344,survived,up,3,0,0,Same-tissue replication: 3/3 concordant. Cross-tissue: 0/0 concordant.
ERRFI1,344,survived,up,3,0,0,Same-tissue replication: 3/3 concordant. Cross-tissue: 0/0 concordant.
IL3RA,344,survived,up,3,0,0,Same-tissue replication: 3/3 concordant. Cross-tissue: 0/0 concordant.
KMO,344,survived,up,3,0,0,Same-tissue replication: 3/3 concordant. Cross-tissue: 0/0 concordant.
NCF4,344,survived,up,3,0,0,Same-tissue replication: 3/3 concordant. Cross-tissue: 0/0 concordant.
ORAI2,344,survived,up,3,0,0,Same-tissue replication: 3/3 concordant. Cross-tissue: 0/0 concordant.
TIMP3,344,survived,up,3,0,0,Same-tissue replication: 3/3 concordant. Cross-tissue: 0/0 concordant.
ARHGEF15,345,eliminated,up,2,1,0,Significant opposite direction in same-tissue dataset(s): ['GSE36807']. Discovery direction: up.
CRISPLD1,345,survived,up,3,0,0,Same-tissue replication: 3/3 concordant. Cross-tissue: 0/0 concordant.
EIF5B,345,survived,up,3,0,0,Same-tissue replication: 3/3 concordant. Cross-tissue: 0/0 concordant.
GCA,345,survived,up,2,0,0,Same-tissue replication: 2/3 concordant. Cross-tissue: 0/0 concordant.
IARS1,345,survived,up,3,0,0,Same-tissue replication: 3/3 concordant. Cross-tissue: 0/0 concordant.
KIF2C,345,survived,up,3,0,0,Same-tissue replication: 3/3 concordant. Cross-tissue: 0/0 concordant.
SH2D2A,345,survived,up,3,0,0,Same-tissue replication: 3/3 concordant. Cross-tissue: 0/0 concordant.
ARSD,347,survived,down,3,0,0,Same-tissue replication: 3/3 concordant. Cross-tissue: 0/0 concordant.
GPT,347,survived,down,2,0,0,Same-tissue replication: 2/3 concordant. Cross-tissue: 0/0 concordant.
RAB6B,347,survived,down,2,0,0,Same-tissue replication: 2/3 concordant. Cross-tissue: 0/0 concordant.
ANKRD9,348,survived,down,3,0,0,Same-tissue replication: 3/3 concordant. Cross-tissue: 0/0 concordant.
ATP1B3,348,survived,down,3,0,0,Same-tissue replication: 3/3 concordant. Cross-tissue: 0/0 concordant.
FH,348,survived,down,3,0,0,Same-tissue replication: 3/3 concordant. Cross-tissue: 0/0 concordant.
PPFIBP2,348,survived,down,3,0,0,Same-tissue replication: 3/3 concordant. Cross-tissue: 0/0 concordant.
PRELID2,348,survived,down,2,0,0,Same-tissue replication: 2/3 concordant. Cross-tissue: 0/0 concordant.
RITA1,348,survived,down,2,0,0,Same-tissue replication: 2/3 concordant. Cross-tissue: 0/0 concordant.
SMAD4,348,survived,down,3,0,0,Same-tissue replication: 3/3 concordant. Cross-tissue: 0/0 concordant.
SMIM8,348,survived,down,3,0,0,Same-tissue replication: 3/3 concordant. Cross-tissue: 0/0 concordant.
SNX4,348,survived,down,3,0,0,Same-tissue replication: 3/3 concordant. Cross-tissue: 0/0 concordant.
STXBP3,348,survived,down,3,0,0,Same-tissue replication: 3/3 concordant. Cross-tissue: 0/0 concordant.
TJP3,348,survived,down,3,0,0,Same-tissue replication: 3/3 concordant. Cross-tissue: 0/0 concordant.
TMC4,348,survived,down,3,0,0,Same-tissue replication: 3/3 concordant. Cross-tissue: 0/0 concordant.
TMEM129,348,survived,down,3,0,0,Same-tissue replication: 3/3 concordant. Cross-tissue: 0/0 concordant.
TMEM59,348,survived,down,3,0,0,Same-tissue replication: 3/3 concordant. Cross-tissue: 0/0 concordant.
TTC22,348,survived,down,3,0,0,Same-tissue replication: 3/3 concordant. Cross-tissue: 0/0 concordant.
VTI1B,348,survived,down,3,0,0,Same-tissue replication: 3/3 concordant. Cross-tissue: 0/0 concordant.
CDNF,349,survived,down,2,0,0,Same-tissue replication: 2/3 concordant. Cross-tissue: 0/0 concordant.
EFNA4,349,survived,down,3,0,0,Same-tissue replication: 3/3 concordant. Cross-tissue: 0/0 concordant.
GJB1,349,survived,down,3,0,0,Same-tissue replication: 3/3 concordant. Cross-tissue: 0/0 concordant.
TRPM5,349,survived,down,3,0,0,Same-tissue replication: 3/3 concordant. Cross-tissue: 0/0 concordant.
ZNF585B,349,survived,down,3,0,0,Same-tissue replication: 3/3 concordant. Cross-tissue: 0/0 concordant.
ABCC12,350,survived,down,3,0,0,Same-tissue replication: 3/3 concordant. Cross-tissue: 0/0 concordant.
ATP6V0A1,350,survived,down,2,0,0,Same-tissue replication: 2/3 concordant. Cross-tissue: 0/0 concordant.
CDHR3,350,survived,down,2,0,0,Same-tissue replication: 2/3 concordant. Cross-tissue: 0/0 concordant.
CLN8,350,survived,down,3,0,0,Same-tissue replication: 3/3 concordant. Cross-tissue: 0/0 concordant.
DERL2,350,survived,up,3,0,0,Same-tissue replication: 3/3 concordant. Cross-tissue: 0/0 concordant.
DNAJC27,350,survived,down,2,0,0,Same-tissue replication: 2/3 concordant. Cross-tissue: 0/0 concordant.
EPB41L1,350,survived,down,3,0,0,Same-tissue replication: 3/3 concordant. Cross-tissue: 0/0 concordant.
FN3K,350,survived,down,3,0,0,Same-tissue replication: 3/3 concordant. Cross-tissue: 0/0 concordant.
IRF2BPL,350,survived,up,1,0,0,Same-tissue replication: 1/3 concordant. Cross-tissue: 0/0 concordant.
LRRN2,350,survived,down,3,0,0,Same-tissue replication: 3/3 concordant. Cross-tissue: 0/0 concordant.
MAPK9,350,survived,down,3,0,0,Same-tissue replication: 3/3 concordant. Cross-tissue: 0/0 concordant.
RGP1,350,survived,down,3,0,0,Same-tissue replication: 3/3 concordant. Cross-tissue: 0/0 concordant.
SPG7,350,survived,down,3,0,0,Same-tissue replication: 3/3 concordant. Cross-tissue: 0/0 concordant.
STPG2,350,survived,down,3,0,0,Same-tissue replication: 3/3 concordant. Cross-tissue: 0/0 concordant.
SYDE2,350,survived,down,2,0,0,Same-tissue replication: 2/3 concordant. Cross-tissue: 0/0 concordant.
TMPPE,350,survived,down,1,0,0,Same-tissue replication: 1/2 concordant. Cross-tissue: 0/0 concordant.
UBE2D4,350,survived,down,2,0,0,Same-tissue replication: 2/3 concordant. Cross-tissue: 0/0 concordant.
ZNF397,350,survived,down,1,0,0,Same-tissue replication: 1/3 concordant. Cross-tissue: 0/0 concordant.
ALYREF,351,survived,up,1,0,0,Same-tissue replication: 1/3 concordant. Cross-tissue: 0/0 concordant.
ANO2,351,eliminated,up,1,1,0,Significant opposite direction in same-tissue dataset(s): ['GSE87466']. Discovery direction: up.
ARHGAP32,351,survived,down,3,0,0,Same-tissue replication: 3/3 concordant. Cross-tissue: 0/0 concordant.
BTBD9,351,survived,down,3,0,0,Same-tissue replication: 3/3 concordant. Cross-tissue: 0/0 concordant.
CDH6,351,survived,up,2,0,0,Same-tissue replication: 2/3 concordant. Cross-tissue: 0/0 concordant.
DOC2B,351,survived,up,1,0,0,Same-tissue replication: 1/3 concordant. Cross-tissue: 0/0 concordant.
DUOX1,351,survived,up,2,0,0,Same-tissue replication: 2/3 concordant. Cross-tissue: 0/0 concordant.
FBXO16,351,eliminated,up,1,1,0,Significant opposite direction in same-tissue dataset(s): ['GSE36807']. Discovery direction: up.
FGF10,351,survived,up,2,0,0,Same-tissue replication: 2/3 concordant. Cross-tissue: 0/0 concordant.
FHIP1A,351,survived,down,2,0,0,Same-tissue replication: 2/3 concordant. Cross-tissue: 0/0 concordant.
HIVEP3,351,eliminated,up,2,1,0,Significant opposite direction in same-tissue dataset(s): ['GSE38713']. Discovery direction: up.
ICAM3,351,survived,up,3,0,0,Same-tissue replication: 3/3 concordant. Cross-tissue: 0/0 concordant.
MIXL1,351,eliminated,up,1,1,0,Significant opposite direction in same-tissue dataset(s): ['GSE87466']. Discovery direction: up.
NBEAL1,351,survived,down,3,0,0,Same-tissue replication: 3/3 concordant. Cross-tissue: 0/0 concordant.
NSMCE3,351,survived,up,2,0,0,Same-tissue replication: 2/3 concordant. Cross-tissue: 0/0 concordant.
PCSK5,351,survived,down,2,0,0,Same-tissue replication: 2/3 concordant. Cross-tissue: 0/0 concordant.
PRDM8,351,eliminated,up,0,1,0,Significant opposite direction in same-tissue dataset(s): ['GSE87466']. Discovery direction: up.
PTPRS,351,survived,up,2,0,0,Same-tissue replication: 2/3 concordant. Cross-tissue: 0/0 concordant.
SCARA3,351,survived,up,3,0,0,Same-tissue replication: 3/3 concordant. Cross-tissue: 0/0 concordant.
SEMA6B,351,survived,up,2,0,0,Same-tissue replication: 2/3 concordant. Cross-tissue: 0/0 concordant.
SFT2D3,351,eliminated,down,1,1,0,Significant opposite direction in same-tissue dataset(s): ['GSE38713']. Discovery direction: down.
SLC12A4,351,eliminated,up,1,1,0,Significant opposite direction in same-tissue dataset(s): ['GSE87466']. Discovery direction: up.
STT3A,351,survived,up,3,0,0,Same-tissue replication: 3/3 concordant. Cross-tissue: 0/0 concordant.
TSHZ2,351,survived,up,2,0,0,Same-tissue replication: 2/3 concordant. Cross-tissue: 0/0 concordant.
XYLB,351,survived,down,3,0,0,Same-tissue replication: 3/3 concordant. Cross-tissue: 0/0 concordant.
ZNF619,351,survived,down,2,0,0,Same-tissue replication: 2/3 concordant. Cross-tissue: 0/0 concordant.
ARHGAP23,352,survived,up,2,0,0,Same-tissue replication: 2/3 concordant. Cross-tissue: 0/0 concordant.
BMERB1,352,eliminated,up,1,1,0,Significant opposite direction in same-tissue dataset(s): ['GSE38713']. Discovery direction: up.
CDK14,352,survived,up,2,0,0,Same-tissue replication: 2/3 concordant. Cross-tissue: 0/0 concordant.
MAPKAPK5,352,survived,down,3,0,0,Same-tissue replication: 3/3 concordant. Cross-tissue: 0/0 concordant.
PPP4R4,352,survived,up,2,0,0,Same-tissue replication: 2/3 concordant. Cross-tissue: 0/0 concordant.
SHPK,352,survived,down,1,0,0,Same-tissue replication: 1/3 concordant. Cross-tissue: 0/0 concordant.
SMPDL3B,352,survived,down,1,0,0,Same-tissue replication: 1/3 concordant. Cross-tissue: 0/0 concordant.
TRAK1,352,survived,down,3,0,0,Same-tissue replication: 3/3 concordant. Cross-tissue: 0/0 concordant.
ZNF462,352,survived,down,3,0,0,Same-tissue replication: 3/3 concordant. Cross-tissue: 0/0 concordant.
GGT6,353,survived,down,3,0,0,Same-tissue replication: 3/3 concordant. Cross-tissue: 0/0 concordant.
INSR,353,survived,down,3,0,0,Same-tissue replication: 3/3 concordant. Cross-tissue: 0/0 concordant.
RFTN2,353,eliminated,up,2,1,0,Significant opposite direction in same-tissue dataset(s): ['GSE87466']. Discovery direction: up.
STIM1,353,survived,down,2,0,0,Same-tissue replication: 2/3 concordant. Cross-tissue: 0/0 concordant.
ABCC1,354,survived,up,3,0,0,Same-tissue replication: 3/3 concordant. Cross-tissue: 0/0 concordant.
ACTN1,354,survived,up,3,0,0,Same-tissue replication: 3/3 concordant. Cross-tissue: 0/0 concordant.
IGFBP7,354,survived,up,3,0,0,Same-tissue replication: 3/3 concordant. Cross-tissue: 0/0 concordant.
LILRB1,354,survived,up,3,0,0,Same-tissue replication: 3/3 concordant. Cross-tissue: 0/0 concordant.
MCUB,354,survived,up,3,0,0,Same-tissue replication: 3/3 concordant. Cross-tissue: 0/0 concordant.
ME1,354,survived,up,3,0,0,Same-tissue replication: 3/3 concordant. Cross-tissue: 0/0 concordant.
NRG1,354,survived,up,1,0,0,Same-tissue replication: 1/3 concordant. Cross-tissue: 0/0 concordant.
SETD7,354,survived,up,3,0,0,Same-tissue replication: 3/3 concordant. Cross-tissue: 0/0 concordant.
SLC43A3,354,survived,up,3,0,0,Same-tissue replication: 3/3 concordant. Cross-tissue: 0/0 concordant.
TRPS1,354,survived,up,3,0,0,Same-tissue replication: 3/3 concordant. Cross-tissue: 0/0 concordant.
ANXA13,355,survived,down,3,0,0,Same-tissue replication: 3/3 concordant. Cross-tissue: 0/0 concordant.
CAPN9,355,survived,down,3,0,0,Same-tissue replication: 3/3 concordant. Cross-tissue: 0/0 concordant.
CLDN4,355,survived,down,3,0,0,Same-tissue replication: 3/3 concordant. Cross-tissue: 0/0 concordant.
FAM8A1,355,survived,down,3,0,0,Same-tissue replication: 3/3 concordant. Cross-tissue: 0/0 concordant.
FBXO32,355,survived,down,3,0,0,Same-tissue replication: 3/3 concordant. Cross-tissue: 0/0 concordant.
IL2RG,355,eliminated,down,2,1,0,Significant opposite direction in same-tissue dataset(s): ['GSE87466']. Discovery direction: down.
MT1B,355,insufficient_data,down,0,0,0,No replication data available for this gene.
OTOP3,355,insufficient_data,down,0,0,0,No replication data available for this gene.
RMDN3,355,eliminated,down,1,1,0,Significant opposite direction in same-tissue dataset(s): ['GSE36807']. Discovery direction: down.
ROS1,355,survived,down,1,0,0,Same-tissue replication: 1/3 concordant. Cross-tissue: 0/0 concordant.
STEEP1,355,survived,down,3,0,0,Same-tissue replication: 3/3 concordant. Cross-tissue: 0/0 concordant.
SYT7,355,survived,down,3,0,0,Same-tissue replication: 3/3 concordant. Cross-tissue: 0/0 concordant.
TMEM65,355,survived,down,3,0,0,Same-tissue replication: 3/3 concordant. Cross-tissue: 0/0 concordant.
TRIM24,355,survived,down,3,0,0,Same-tissue replication: 3/3 concordant. Cross-tissue: 0/0 concordant.
CLRN2,356,insufficient_data,down,0,0,0,No replication data available for this gene.
MICALL2,356,eliminated,down,1,2,0,"Significant opposite direction in same-tissue dataset(s): ['GSE38713', 'GSE36807']. Discovery direction: down."
MS4A15,356,survived,down,1,0,0,Same-tissue replication: 1/3 concordant. Cross-tissue: 0/0 concordant.
B3GNT6,358,survived,up,1,0,0,Same-tissue replication: 1/3 concordant. Cross-tissue: 0/0 concordant.
BIN2,358,survived,up,1,0,0,Same-tissue replication: 1/3 concordant. Cross-tissue: 0/0 concordant.
CHRNA5,358,survived,up,1,0,0,Same-tissue replication: 1/3 concordant. Cross-tissue: 0/0 concordant.
CLIC4,358,survived,up,2,0,0,Same-tissue replication: 2/3 concordant. Cross-tissue: 0/0 concordant.
LMAN1,358,survived,up,3,0,0,Same-tissue replication: 3/3 concordant. Cross-tissue: 0/0 concordant.
NPL,358,survived,up,3,0,0,Same-tissue replication: 3/3 concordant. Cross-tissue: 0/0 concordant.
RERG,358,survived,up,3,0,0,Same-tissue replication: 3/3 concordant. Cross-tissue: 0/0 concordant.
SDC2,358,survived,up,2,0,0,Same-tissue replication: 2/3 concordant. Cross-tissue: 0/0 concordant.
SLC23A2,358,survived,up,3,0,0,Same-tissue replication: 3/3 concordant. Cross-tissue: 0/0 concordant.
SPDEF,358,eliminated,up,1,1,0,Significant opposite direction in same-tissue dataset(s): ['GSE87466']. Discovery direction: up.
UBE2T,358,survived,up,3,0,0,Same-tissue replication: 3/3 concordant. Cross-tissue: 0/0 concordant.
DOCK2,359,survived,up,3,0,0,Same-tissue replication: 3/3 concordant. Cross-tissue: 0/0 concordant.
ELMO1,359,survived,up,3,0,0,Same-tissue replication: 3/3 concordant. Cross-tissue: 0/0 concordant.
GIMAP7,359,survived,up,3,0,0,Same-tissue replication: 3/3 concordant. Cross-tissue: 0/0 concordant.
H2BC14,359,eliminated,up,1,1,0,Significant opposite direction in same-tissue dataset(s): ['GSE87466']. Discovery direction: up.
KIF4A,359,survived,up,2,0,0,Same-tissue replication: 2/3 concordant. Cross-tissue: 0/0 concordant.
MYO5A,359,survived,up,3,0,0,Same-tissue replication: 3/3 concordant. Cross-tissue: 0/0 concordant.
NAP1L1,359,survived,up,3,0,0,Same-tissue replication: 3/3 concordant. Cross-tissue: 0/0 concordant.
NDC80,359,survived,up,3,0,0,Same-tissue replication: 3/3 concordant. Cross-tissue: 0/0 concordant.
RAB8B,359,survived,up,3,0,0,Same-tissue replication: 3/3 concordant. Cross-tissue: 0/0 concordant.
STIL,359,survived,up,3,0,0,Same-tissue replication: 3/3 concordant. Cross-tissue: 0/0 concordant.
TASL,359,survived,up,2,0,0,Same-tissue replication: 2/3 concordant. Cross-tissue: 0/0 concordant.
CDCA4,360,survived,up,3,0,0,Same-tissue replication: 3/3 concordant. Cross-tissue: 0/0 concordant.
CPT1C,360,survived,up,2,0,0,Same-tissue replication: 2/3 concordant. Cross-tissue: 0/0 concordant.
DNAJC18,360,survived,up,3,0,0,Same-tissue replication: 3/3 concordant. Cross-tissue: 0/0 concordant.
HNRNPCL1,360,insufficient_data,up,0,0,0,No replication data available for this gene.
MOB3C,360,survived,up,3,0,0,Same-tissue replication: 3/3 concordant. Cross-tissue: 0/0 concordant.
RAI2,360,survived,up,3,0,0,Same-tissue replication: 3/3 concordant. Cross-tissue: 0/0 concordant.
TENM4,360,survived,up,3,0,0,Same-tissue replication: 3/3 concordant. Cross-tissue: 0/0 concordant.
CHLSN,361,survived,up,2,0,0,Same-tissue replication: 2/3 concordant. Cross-tissue: 0/0 concordant.
MRPL52,361,survived,up,3,0,0,Same-tissue replication: 3/3 concordant. Cross-tissue: 0/0 concordant.
PTTG2,361,survived,up,2,0,0,Same-tissue replication: 2/3 concordant. Cross-tissue: 0/0 concordant.
TRNAU1AP,361,survived,up,3,0,0,Same-tissue replication: 3/3 concordant. Cross-tissue: 0/0 concordant.
UFD1,361,survived,up,3,0,0,Same-tissue replication: 3/3 concordant. Cross-tissue: 0/0 concordant.
ADAMTS3,365,survived,up,3,0,0,Same-tissue replication: 3/3 concordant. Cross-tissue: 0/0 concordant.
CKAP2L,365,survived,up,3,0,0,Same-tissue replication: 3/3 concordant. Cross-tissue: 0/0 concordant.
CYP1B1,365,survived,up,2,0,0,Same-tissue replication: 2/3 concordant. Cross-tissue: 0/0 concordant.
GAL,365,survived,up,3,0,0,Same-tissue replication: 3/3 concordant. Cross-tissue: 0/0 concordant.
MADCAM1,365,survived,up,3,0,0,Same-tissue replication: 3/3 concordant. Cross-tissue: 0/0 concordant.
OXCT1,365,survived,up,3,0,0,Same-tissue replication: 3/3 concordant. Cross-tissue: 0/0 concordant.
PRC1,365,survived,up,3,0,0,Same-tissue replication: 3/3 concordant. Cross-tissue: 0/0 concordant.
PTGS1,365,survived,up,3,0,0,Same-tissue replication: 3/3 concordant. Cross-tissue: 0/0 concordant.
SORCS2,365,survived,up,3,0,0,Same-tissue replication: 3/3 concordant. Cross-tissue: 0/0 concordant.
TACC3,365,survived,up,3,0,0,Same-tissue replication: 3/3 concordant. Cross-tissue: 0/0 concordant.
TMTC2,365,eliminated,up,2,1,0,Significant opposite direction in same-tissue dataset(s): ['GSE36807']. Discovery direction: up.
TNFAIP8,365,survived,up,3,0,0,Same-tissue replication: 3/3 concordant. Cross-tissue: 0/0 concordant.
TYROBP,365,survived,up,3,0,0,Same-tissue replication: 3/3 concordant. Cross-tissue: 0/0 concordant.
ZNF267,365,survived,up,3,0,0,Same-tissue replication: 3/3 concordant. Cross-tissue: 0/0 concordant.
AFG1L,366,survived,down,2,0,0,Same-tissue replication: 2/3 concordant. Cross-tissue: 0/0 concordant.
ALDH9A1,366,survived,down,3,0,0,Same-tissue replication: 3/3 concordant. Cross-tissue: 0/0 concordant.
ATP5MC3,366,survived,down,3,0,0,Same-tissue replication: 3/3 concordant. Cross-tissue: 0/0 concordant.
CS,366,survived,down,3,0,0,Same-tissue replication: 3/3 concordant. Cross-tissue: 0/0 concordant.
CTSD,366,survived,down,3,0,0,Same-tissue replication: 3/3 concordant. Cross-tissue: 0/0 concordant.
MAP7,366,survived,down,3,0,0,Same-tissue replication: 3/3 concordant. Cross-tissue: 0/0 concordant.
BAD,367,survived,down,3,0,0,Same-tissue replication: 3/3 concordant. Cross-tissue: 0/0 concordant.
BTBD7,367,survived,down,2,0,0,Same-tissue replication: 2/3 concordant. Cross-tissue: 0/0 concordant.
DCAF8,367,survived,down,2,0,0,Same-tissue replication: 2/3 concordant. Cross-tissue: 0/0 concordant.
FAF1,367,survived,down,1,0,0,Same-tissue replication: 1/3 concordant. Cross-tissue: 0/0 concordant.
FBXO8,367,survived,down,3,0,0,Same-tissue replication: 3/3 concordant. Cross-tissue: 0/0 concordant.
FEZ2,367,survived,down,3,0,0,Same-tissue replication: 3/3 concordant. Cross-tissue: 0/0 concordant.
GALT,367,survived,down,3,0,0,Same-tissue replication: 3/3 concordant. Cross-tissue: 0/0 concordant.
HEATR5B,367,survived,down,3,0,0,Same-tissue replication: 3/3 concordant. Cross-tissue: 0/0 concordant.
IDH3G,367,eliminated,down,2,1,0,Significant opposite direction in same-tissue dataset(s): ['GSE36807']. Discovery direction: down.
MED30,367,survived,down,3,0,0,Same-tissue replication: 3/3 concordant. Cross-tissue: 0/0 concordant.
MFSD8,367,survived,down,2,0,0,Same-tissue replication: 2/3 concordant. Cross-tissue: 0/0 concordant.
POLRMT,367,survived,down,3,0,0,Same-tissue replication: 3/3 concordant. Cross-tissue: 0/0 concordant.
RNASEL,367,survived,down,3,0,0,Same-tissue replication: 3/3 concordant. Cross-tissue: 0/0 concordant.
RNF146,367,survived,down,3,0,0,Same-tissue replication: 3/3 concordant. Cross-tissue: 0/0 concordant.
RNF7,367,survived,down,3,0,0,Same-tissue replication: 3/3 concordant. Cross-tissue: 0/0 concordant.
SUMO1,367,survived,down,3,0,0,Same-tissue replication: 3/3 concordant. Cross-tissue: 0/0 concordant.
TAB2,367,survived,down,3,0,0,Same-tissue replication: 3/3 concordant. Cross-tissue: 0/0 concordant.
TMEM60,367,survived,down,3,0,0,Same-tissue replication: 3/3 concordant. Cross-tissue: 0/0 concordant.
UBR7,367,survived,down,3,0,0,Same-tissue replication: 3/3 concordant. Cross-tissue: 0/0 concordant.
UPRT,367,survived,down,3,0,0,Same-tissue replication: 3/3 concordant. Cross-tissue: 0/0 concordant.
UXT,367,survived,down,3,0,0,Same-tissue replication: 3/3 concordant. Cross-tissue: 0/0 concordant.
ZKSCAN4,367,survived,down,2,0,0,Same-tissue replication: 2/3 concordant. Cross-tissue: 0/0 concordant.
AFTPH,368,survived,down,3,0,0,Same-tissue replication: 3/3 concordant. Cross-tissue: 0/0 concordant.
CCNY,368,survived,down,2,0,0,Same-tissue replication: 2/3 concordant. Cross-tissue: 0/0 concordant.
DGUOK,368,survived,down,2,0,0,Same-tissue replication: 2/3 concordant. Cross-tissue: 0/0 concordant.
EIF4H,368,survived,down,2,0,0,Same-tissue replication: 2/3 concordant. Cross-tissue: 0/0 concordant.
FMR1,368,survived,down,3,0,0,Same-tissue replication: 3/3 concordant. Cross-tissue: 0/0 concordant.
KLHL36,368,survived,down,3,0,0,Same-tissue replication: 3/3 concordant. Cross-tissue: 0/0 concordant.
MED13,368,survived,down,3,0,0,Same-tissue replication: 3/3 concordant. Cross-tissue: 0/0 concordant.
PAPOLA,368,survived,down,2,0,0,Same-tissue replication: 2/3 concordant. Cross-tissue: 0/0 concordant.
PSME3IP1,368,survived,down,2,0,0,Same-tissue replication: 2/3 concordant. Cross-tissue: 0/0 concordant.
TOLLIP,368,survived,down,3,0,0,Same-tissue replication: 3/3 concordant. Cross-tissue: 0/0 concordant.
UBXN1,368,survived,down,2,0,0,Same-tissue replication: 2/3 concordant. Cross-tissue: 0/0 concordant.
USP21,368,survived,down,3,0,0,Same-tissue replication: 3/3 concordant. Cross-tissue: 0/0 concordant.
CDV3,369,survived,up,3,0,0,Same-tissue replication: 3/3 concordant. Cross-tissue: 0/0 concordant.
CREM,369,survived,up,3,0,0,Same-tissue replication: 3/3 concordant. Cross-tissue: 0/0 concordant.
GTF2E2,369,survived,up,3,0,0,Same-tissue replication: 3/3 concordant. Cross-tissue: 0/0 concordant.
NBEAL2,369,eliminated,up,2,1,0,Significant opposite direction in same-tissue dataset(s): ['GSE87466']. Discovery direction: up.
PHC2,369,survived,up,3,0,0,Same-tissue replication: 3/3 concordant. Cross-tissue: 0/0 concordant.
PSMB2,369,survived,up,3,0,0,Same-tissue replication: 3/3 concordant. Cross-tissue: 0/0 concordant.
PSMB8,369,survived,up,3,0,0,Same-tissue replication: 3/3 concordant. Cross-tissue: 0/0 concordant.
RTP4,369,survived,up,3,0,0,Same-tissue replication: 3/3 concordant. Cross-tissue: 0/0 concordant.
SEC61A1,369,survived,up,3,0,0,Same-tissue replication: 3/3 concordant. Cross-tissue: 0/0 concordant.
UBA6,369,survived,up,3,0,0,Same-tissue replication: 3/3 concordant. Cross-tissue: 0/0 concordant.
BCL6,370,survived,up,3,0,0,Same-tissue replication: 3/3 concordant. Cross-tissue: 0/0 concordant.
COL6A1,370,survived,up,3,0,0,Same-tissue replication: 3/3 concordant. Cross-tissue: 0/0 concordant.
DENND5A,370,survived,up,3,0,0,Same-tissue replication: 3/3 concordant. Cross-tissue: 0/0 concordant.
FGF7,370,survived,up,3,0,0,Same-tissue replication: 3/3 concordant. Cross-tissue: 0/0 concordant.
GEM,370,survived,up,3,0,0,Same-tissue replication: 3/3 concordant. Cross-tissue: 0/0 concordant.
IL24,370,survived,up,3,0,0,Same-tissue replication: 3/3 concordant. Cross-tissue: 0/0 concordant.
LDB2,370,survived,up,3,0,0,Same-tissue replication: 3/3 concordant. Cross-tissue: 0/0 concordant.
LYN,370,survived,up,3,0,0,Same-tissue replication: 3/3 concordant. Cross-tissue: 0/0 concordant.
PARP9,370,survived,up,3,0,0,Same-tissue replication: 3/3 concordant. Cross-tissue: 0/0 concordant.
PODXL,370,survived,up,3,0,0,Same-tissue replication: 3/3 concordant. Cross-tissue: 0/0 concordant.
RPS6KA2,370,survived,up,3,0,0,Same-tissue replication: 3/3 concordant. Cross-tissue: 0/0 concordant.
SORD,370,survived,up,3,0,0,Same-tissue replication: 3/3 concordant. Cross-tissue: 0/0 concordant.
TNFAIP2,370,survived,up,3,0,0,Same-tissue replication: 3/3 concordant. Cross-tissue: 0/0 concordant.
LRRC31,371,survived,down,3,0,0,Same-tissue replication: 3/3 concordant. Cross-tissue: 0/0 concordant.
MT1A,371,insufficient_data,down,0,0,0,No replication data available for this gene.
SLC5A12,371,survived,down,1,0,0,Same-tissue replication: 1/3 concordant. Cross-tissue: 0/0 concordant.
SPMIP4,371,survived,down,3,0,0,Same-tissue replication: 3/3 concordant. Cross-tissue: 0/0 concordant.
BTNL8,372,survived,down,3,0,0,Same-tissue replication: 3/3 concordant. Cross-tissue: 0/0 concordant.
DNAH7,372,survived,down,2,0,0,Same-tissue replication: 2/3 concordant. Cross-tissue: 0/0 concordant.
MYOM1,372,survived,down,2,0,0,Same-tissue replication: 2/3 concordant. Cross-tissue: 0/0 concordant.
PCCA,372,survived,down,3,0,0,Same-tissue replication: 3/3 concordant. Cross-tissue: 0/0 concordant.
TAB3,372,survived,down,3,0,0,Same-tissue replication: 3/3 concordant. Cross-tissue: 0/0 concordant.
ACAP2,373,survived,down,3,0,0,Same-tissue replication: 3/3 concordant. Cross-tissue: 0/0 concordant.
ANAPC16,373,survived,down,3,0,0,Same-tissue replication: 3/3 concordant. Cross-tissue: 0/0 concordant.
GPATCH11,373,survived,down,1,0,0,Same-tissue replication: 1/3 concordant. Cross-tissue: 0/0 concordant.
ICOSLG,373,survived,down,3,0,0,Same-tissue replication: 3/3 concordant. Cross-tissue: 0/0 concordant.
SAMM50,373,survived,down,2,0,0,Same-tissue replication: 2/3 concordant. Cross-tissue: 0/0 concordant.
TNFSF10,373,survived,down,1,0,0,Same-tissue replication: 1/3 concordant. Cross-tissue: 0/0 concordant.
ACBD4,374,survived,down,2,0,0,Same-tissue replication: 2/3 concordant. Cross-tissue: 0/0 concordant.
AK2,374,survived,down,3,0,0,Same-tissue replication: 3/3 concordant. Cross-tissue: 0/0 concordant.
AKR7A3,374,survived,down,3,0,0,Same-tissue replication: 3/3 concordant. Cross-tissue: 0/0 concordant.
ANKEF1,374,survived,down,2,0,0,Same-tissue replication: 2/3 concordant. Cross-tissue: 0/0 concordant.
ANKRD49,374,survived,down,2,0,0,Same-tissue replication: 2/3 concordant. Cross-tissue: 0/0 concordant.
APOH,374,survived,down,3,0,0,Same-tissue replication: 3/3 concordant. Cross-tissue: 0/0 concordant.
BLVRB,374,survived,down,3,0,0,Same-tissue replication: 3/3 concordant. Cross-tissue: 0/0 concordant.
BMAL1,374,eliminated,down,2,1,0,Significant opposite direction in same-tissue dataset(s): ['GSE36807']. Discovery direction: down.
DYRK1B,374,survived,down,3,0,0,Same-tissue replication: 3/3 concordant. Cross-tissue: 0/0 concordant.
KLHL13,374,survived,down,3,0,0,Same-tissue replication: 3/3 concordant. Cross-tissue: 0/0 concordant.
KLRC2,374,survived,down,3,0,0,Same-tissue replication: 3/3 concordant. Cross-tissue: 0/0 concordant.
MIA2,374,survived,down,2,0,0,Same-tissue replication: 2/3 concordant. Cross-tissue: 0/0 concordant.
MYL5,374,survived,down,3,0,0,Same-tissue replication: 3/3 concordant. Cross-tissue: 0/0 concordant.
PRADC1,374,survived,down,3,0,0,Same-tissue replication: 3/3 concordant. Cross-tissue: 0/0 concordant.
SEC23A,374,eliminated,down,2,1,0,Significant opposite direction in same-tissue dataset(s): ['GSE36807']. Discovery direction: down.
SLC19A1,374,eliminated,down,1,1,0,Significant opposite direction in same-tissue dataset(s): ['GSE87466']. Discovery direction: down.
WEE1,374,survived,down,3,0,0,Same-tissue replication: 3/3 concordant. Cross-tissue: 0/0 concordant.
ZNF507,374,survived,down,2,0,0,Same-tissue replication: 2/3 concordant. Cross-tissue: 0/0 concordant.
ZNF572,374,eliminated,down,1,1,0,Significant opposite direction in same-tissue dataset(s): ['GSE38713']. Discovery direction: down.
ZNF844,374,survived,down,3,0,0,Same-tissue replication: 3/3 concordant. Cross-tissue: 0/0 concordant.
ACBD3,375,survived,up,3,0,0,Same-tissue replication: 3/3 concordant. Cross-tissue: 0/0 concordant.
CRTC3,375,survived,up,3,0,0,Same-tissue replication: 3/3 concordant. Cross-tissue: 0/0 concordant.
DLL1,375,survived,up,3,0,0,Same-tissue replication: 3/3 concordant. Cross-tissue: 0/0 concordant.
LYAR,375,survived,up,2,0,0,Same-tissue replication: 2/3 concordant. Cross-tissue: 0/0 concordant.
PPA1,375,survived,up,3,0,0,Same-tissue replication: 3/3 concordant. Cross-tissue: 0/0 concordant.
PPM1H,375,survived,up,3,0,0,Same-tissue replication: 3/3 concordant. Cross-tissue: 0/0 concordant.
SDCBP,375,survived,up,3,0,0,Same-tissue replication: 3/3 concordant. Cross-tissue: 0/0 concordant.
SERPINB1,375,survived,up,3,0,0,Same-tissue replication: 3/3 concordant. Cross-tissue: 0/0 concordant.
BRD2,376,survived,up,3,0,0,Same-tissue replication: 3/3 concordant. Cross-tissue: 0/0 concordant.
CPSF2,376,eliminated,up,1,1,0,Significant opposite direction in same-tissue dataset(s): ['GSE87466']. Discovery direction: up.
IFFO1,376,survived,up,3,0,0,Same-tissue replication: 3/3 concordant. Cross-tissue: 0/0 concordant.
MICALL1,376,survived,up,3,0,0,Same-tissue replication: 3/3 concordant. Cross-tissue: 0/0 concordant.
PLBD2,376,survived,up,3,0,0,Same-tissue replication: 3/3 concordant. Cross-tissue: 0/0 concordant.
PPP2R5B,376,survived,up,3,0,0,Same-tissue replication: 3/3 concordant. Cross-tissue: 0/0 concordant.
PSMD14,376,survived,up,3,0,0,Same-tissue replication: 3/3 concordant. Cross-tissue: 0/0 concordant.
SPRY4,376,survived,up,3,0,0,Same-tissue replication: 3/3 concordant. Cross-tissue: 0/0 concordant.
TIMELESS,376,survived,up,3,0,0,Same-tissue replication: 3/3 concordant. Cross-tissue: 0/0 concordant.
TNFSF9,376,survived,up,3,0,0,Same-tissue replication: 3/3 concordant. Cross-tissue: 0/0 concordant.
TOR4A,376,survived,up,3,0,0,Same-tissue replication: 3/3 concordant. Cross-tissue: 0/0 concordant.
TPD52L1,376,survived,up,3,0,0,Same-tissue replication: 3/3 concordant. Cross-tissue: 0/0 concordant.
TRPC4,376,survived,up,3,0,0,Same-tissue replication: 3/3 concordant. Cross-tissue: 0/0 concordant.
BCCIP,377,survived,up,3,0,0,Same-tissue replication: 3/3 concordant. Cross-tissue: 0/0 concordant.
IFT172,377,eliminated,up,1,1,0,Significant opposite direction in same-tissue dataset(s): ['GSE87466']. Discovery direction: up.
PSMB3,377,survived,up,3,0,0,Same-tissue replication: 3/3 concordant. Cross-tissue: 0/0 concordant.
EIF3I,378,survived,up,3,0,0,Same-tissue replication: 3/3 concordant. Cross-tissue: 0/0 concordant.
HDAC4,378,survived,up,2,0,0,Same-tissue replication: 2/3 concordant. Cross-tissue: 0/0 concordant.
LARP1,378,survived,up,3,0,0,Same-tissue replication: 3/3 concordant. Cross-tissue: 0/0 concordant.
PSMD12,378,survived,up,3,0,0,Same-tissue replication: 3/3 concordant. Cross-tissue: 0/0 concordant.
RBM3,378,survived,up,3,0,0,Same-tissue replication: 3/3 concordant. Cross-tissue: 0/0 concordant.
S100A13,378,survived,up,3,0,0,Same-tissue replication: 3/3 concordant. Cross-tissue: 0/0 concordant.
SAR1A,378,survived,up,2,0,0,Same-tissue replication: 2/3 concordant. Cross-tissue: 0/0 concordant.
AKAP1,379,survived,down,3,0,0,Same-tissue replication: 3/3 concordant. Cross-tissue: 0/0 concordant.
IHH,379,survived,down,3,0,0,Same-tissue replication: 3/3 concordant. Cross-tissue: 0/0 concordant.
KLHL24,379,survived,down,2,0,0,Same-tissue replication: 2/3 concordant. Cross-tissue: 0/0 concordant.
MPND,379,survived,down,3,0,0,Same-tissue replication: 3/3 concordant. Cross-tissue: 0/0 concordant.
NUAK2,379,survived,down,3,0,0,Same-tissue replication: 3/3 concordant. Cross-tissue: 0/0 concordant.
PANK3,379,survived,down,3,0,0,Same-tissue replication: 3/3 concordant. Cross-tissue: 0/0 concordant.
PGAP3,379,survived,down,3,0,0,Same-tissue replication: 3/3 concordant. Cross-tissue: 0/0 concordant.
PTPRF,379,survived,down,3,0,0,Same-tissue replication: 3/3 concordant. Cross-tissue: 0/0 concordant.
SH3BGRL2,379,survived,down,3,0,0,Same-tissue replication: 3/3 concordant. Cross-tissue: 0/0 concordant.
SOS2,379,survived,down,3,0,0,Same-tissue replication: 3/3 concordant. Cross-tissue: 0/0 concordant.
SRI,379,survived,down,3,0,0,Same-tissue replication: 3/3 concordant. Cross-tissue: 0/0 concordant.
THRA,379,survived,down,3,0,0,Same-tissue replication: 3/3 concordant. Cross-tissue: 0/0 concordant.
TPRG1L,379,survived,down,3,0,0,Same-tissue replication: 3/3 concordant. Cross-tissue: 0/0 concordant.
ZFP3,379,survived,down,3,0,0,Same-tissue replication: 3/3 concordant. Cross-tissue: 0/0 concordant.
ZNF608,379,survived,down,3,0,0,Same-tissue replication: 3/3 concordant. Cross-tissue: 0/0 concordant.
BFAR,380,survived,up,3,0,0,Same-tissue replication: 3/3 concordant. Cross-tissue: 0/0 concordant.
DHX36,380,survived,up,2,0,0,Same-tissue replication: 2/3 concordant. Cross-tissue: 0/0 concordant.
MAPK10,380,survived,up,2,0,0,Same-tissue replication: 2/3 concordant. Cross-tissue: 0/0 concordant.
NUP35,380,survived,up,2,0,0,Same-tissue replication: 2/3 concordant. Cross-tissue: 0/0 concordant.
RCC2,380,survived,up,2,0,0,Same-tissue replication: 2/3 concordant. Cross-tissue: 0/0 concordant.
RNF115,380,survived,up,3,0,0,Same-tissue replication: 3/3 concordant. Cross-tissue: 0/0 concordant.
SLC25A19,380,survived,up,3,0,0,Same-tissue replication: 3/3 concordant. Cross-tissue: 0/0 concordant.
TMED2,380,survived,up,3,0,0,Same-tissue replication: 3/3 concordant. Cross-tissue: 0/0 concordant.
AMY2B,381,insufficient_data,down,0,0,0,No replication data available for this gene.
ARL14,381,survived,down,3,0,0,Same-tissue replication: 3/3 concordant. Cross-tissue: 0/0 concordant.
DQX1,381,survived,down,2,0,0,Same-tissue replication: 2/3 concordant. Cross-tissue: 0/0 concordant.
KLKB1,381,survived,down,1,0,0,Same-tissue replication: 1/3 concordant. Cross-tissue: 0/0 concordant.
LIPC,381,survived,down,3,0,0,Same-tissue replication: 3/3 concordant. Cross-tissue: 0/0 concordant.
MMP28,381,survived,down,3,0,0,Same-tissue replication: 3/3 concordant. Cross-tissue: 0/0 concordant.
NDUFB3,381,survived,down,2,0,0,Same-tissue replication: 2/3 concordant. Cross-tissue: 0/0 concordant.
PPARD,381,survived,down,2,0,0,Same-tissue replication: 2/3 concordant. Cross-tissue: 0/0 concordant.
RAB8A,381,survived,down,1,0,0,Same-tissue replication: 1/3 concordant. Cross-tissue: 0/0 concordant.
TMEM254,381,survived,down,3,0,0,Same-tissue replication: 3/3 concordant. Cross-tissue: 0/0 concordant.
ANKH,382,survived,down,3,0,0,Same-tissue replication: 3/3 concordant. Cross-tissue: 0/0 concordant.
HSD11B2,382,survived,down,3,0,0,Same-tissue replication: 3/3 concordant. Cross-tissue: 0/0 concordant.
PALS1,382,survived,down,3,0,0,Same-tissue replication: 3/3 concordant. Cross-tissue: 0/0 concordant.
PLEKHG6,382,survived,down,3,0,0,Same-tissue replication: 3/3 concordant. Cross-tissue: 0/0 concordant.
SOWAHA,382,survived,down,3,0,0,Same-tissue replication: 3/3 concordant. Cross-tissue: 0/0 concordant.
TLDC2,382,survived,down,3,0,0,Same-tissue replication: 3/3 concordant. Cross-tissue: 0/0 concordant.
TMEM38B,382,survived,down,3,0,0,Same-tissue replication: 3/3 concordant. Cross-tissue: 0/0 concordant.
ANKMY1,383,survived,down,2,0,0,Same-tissue replication: 2/3 concordant. Cross-tissue: 0/0 concordant.
KALRN,383,survived,down,3,0,0,Same-tissue replication: 3/3 concordant. Cross-tissue: 0/0 concordant.
PI4KB,383,survived,down,1,0,0,Same-tissue replication: 1/3 concordant. Cross-tissue: 0/0 concordant.
PIGV,383,survived,down,3,0,0,Same-tissue replication: 3/3 concordant. Cross-tissue: 0/0 concordant.
SETD3,383,survived,down,3,0,0,Same-tissue replication: 3/3 concordant. Cross-tissue: 0/0 concordant.
SSH3,383,survived,down,3,0,0,Same-tissue replication: 3/3 concordant. Cross-tissue: 0/0 concordant.
E2F6,386,survived,up,3,0,0,Same-tissue replication: 3/3 concordant. Cross-tissue: 0/0 concordant.
EHBP1L1,386,survived,up,3,0,0,Same-tissue replication: 3/3 concordant. Cross-tissue: 0/0 concordant.
GYG1,386,survived,up,3,0,0,Same-tissue replication: 3/3 concordant. Cross-tissue: 0/0 concordant.
LMF2,386,survived,up,3,0,0,Same-tissue replication: 3/3 concordant. Cross-tissue: 0/0 concordant.
POLA2,386,survived,up,3,0,0,Same-tissue replication: 3/3 concordant. Cross-tissue: 0/0 concordant.
RASAL1,386,survived,up,3,0,0,Same-tissue replication: 3/3 concordant. Cross-tissue: 0/0 concordant.
TBCEL,386,survived,up,3,0,0,Same-tissue replication: 3/3 concordant. Cross-tissue: 0/0 concordant.
TSR1,386,eliminated,up,2,1,0,Significant opposite direction in same-tissue dataset(s): ['GSE36807']. Discovery direction: up.
AXIN1,387,survived,down,1,0,0,Same-tissue replication: 1/3 concordant. Cross-tissue: 0/0 concordant.
IGLON5,387,survived,down,2,0,0,Same-tissue replication: 2/3 concordant. Cross-tissue: 0/0 concordant.
KRTAP9-3,387,survived,down,2,0,0,Same-tissue replication: 2/3 concordant. Cross-tissue: 0/0 concordant.
PRLH,387,survived,down,2,0,0,Same-tissue replication: 2/3 concordant. Cross-tissue: 0/0 concordant.
DPP8,388,survived,down,2,0,0,Same-tissue replication: 2/3 concordant. Cross-tissue: 0/0 concordant.
GFI1B,388,survived,down,2,0,0,Same-tissue replication: 2/3 concordant. Cross-tissue: 0/0 concordant.
MBD6,388,survived,down,3,0,0,Same-tissue replication: 3/3 concordant. Cross-tissue: 0/0 concordant.
VAPB,388,survived,down,2,0,0,Same-tissue replication: 2/3 concordant. Cross-tissue: 0/0 concordant.
OR5T1,390,insufficient_data,down,0,0,0,No replication data available for this gene.
TAF7L,390,survived,down,2,0,0,Same-tissue replication: 2/3 concordant. Cross-tissue: 0/0 concordant.
TRAPPC14,390,survived,down,3,0,0,Same-tissue replication: 3/3 concordant. Cross-tissue: 0/0 concordant.
DHRS12,391,survived,down,3,0,0,Same-tissue replication: 3/3 concordant. Cross-tissue: 0/0 concordant.
MTFMT,391,survived,down,2,0,0,Same-tissue replication: 2/3 concordant. Cross-tissue: 0/0 concordant.
NSFL1C,391,survived,down,2,0,0,Same-tissue replication: 2/3 concordant. Cross-tissue: 0/0 concordant.
OCIAD1,391,survived,down,3,0,0,Same-tissue replication: 3/3 concordant. Cross-tissue: 0/0 concordant.
VAMP2,391,survived,down,3,0,0,Same-tissue replication: 3/3 concordant. Cross-tissue: 0/0 concordant.
ATP5MJ,392,survived,down,3,0,0,Same-tissue replication: 3/3 concordant. Cross-tissue: 0/0 concordant.
ATPAF2,392,survived,down,2,0,0,Same-tissue replication: 2/3 concordant. Cross-tissue: 0/0 concordant.
BTBD1,392,survived,down,3,0,0,Same-tissue replication: 3/3 concordant. Cross-tissue: 0/0 concordant.
DGKQ,392,survived,down,2,0,0,Same-tissue replication: 2/3 concordant. Cross-tissue: 0/0 concordant.
PRXL2B,392,survived,down,2,0,0,Same-tissue replication: 2/3 concordant. Cross-tissue: 0/0 concordant.
RNF6,392,survived,down,2,0,0,Same-tissue replication: 2/3 concordant. Cross-tissue: 0/0 concordant.
BCL2L10,393,survived,down,3,0,0,Same-tissue replication: 3/3 concordant. Cross-tissue: 0/0 concordant.
CD160,393,survived,down,3,0,0,Same-tissue replication: 3/3 concordant. Cross-tissue: 0/0 concordant.
EDN2,393,survived,down,3,0,0,Same-tissue replication: 3/3 concordant. Cross-tissue: 0/0 concordant.
EXOC6B,393,survived,down,3,0,0,Same-tissue replication: 3/3 concordant. Cross-tissue: 0/0 concordant.
MPP7,393,survived,down,3,0,0,Same-tissue replication: 3/3 concordant. Cross-tissue: 0/0 concordant.
DPP10,394,survived,down,3,0,0,Same-tissue replication: 3/3 concordant. Cross-tissue: 0/0 concordant.
ENPP3,394,survived,down,3,0,0,Same-tissue replication: 3/3 concordant. Cross-tissue: 0/0 concordant.
FABP2,394,survived,down,3,0,0,Same-tissue replication: 3/3 concordant. Cross-tissue: 0/0 concordant.
GPR15LG,394,survived,down,3,0,0,Same-tissue replication: 3/3 concordant. Cross-tissue: 0/0 concordant.
PTGR1,394,survived,down,3,0,0,Same-tissue replication: 3/3 concordant. Cross-tissue: 0/0 concordant.
TM4SF5,394,survived,down,3,0,0,Same-tissue replication: 3/3 concordant. Cross-tissue: 0/0 concordant.
ARFGEF1,395,survived,down,3,0,0,Same-tissue replication: 3/3 concordant. Cross-tissue: 0/0 concordant.
CYB561A3,395,survived,down,2,0,0,Same-tissue replication: 2/3 concordant. Cross-tissue: 0/0 concordant.
ELAC1,395,survived,down,3,0,0,Same-tissue replication: 3/3 concordant. Cross-tissue: 0/0 concordant.
GABPB2,395,survived,down,3,0,0,Same-tissue replication: 3/3 concordant. Cross-tissue: 0/0 concordant.
KIF1C,395,eliminated,down,2,1,0,Significant opposite direction in same-tissue dataset(s): ['GSE38713']. Discovery direction: down.
MED4,395,survived,down,3,0,0,Same-tissue replication: 3/3 concordant. Cross-tissue: 0/0 concordant.
PHB2,395,survived,down,3,0,0,Same-tissue replication: 3/3 concordant. Cross-tissue: 0/0 concordant.
RBM4B,395,survived,down,1,0,0,Same-tissue replication: 1/3 concordant. Cross-tissue: 0/0 concordant.
SP3,395,survived,down,3,0,0,Same-tissue replication: 3/3 concordant. Cross-tissue: 0/0 concordant.
UBE4A,395,survived,down,3,0,0,Same-tissue replication: 3/3 concordant. Cross-tissue: 0/0 concordant.
ZNF224,395,survived,down,3,0,0,Same-tissue replication: 3/3 concordant. Cross-tissue: 0/0 concordant.
ZNF250,395,survived,down,3,0,0,Same-tissue replication: 3/3 concordant. Cross-tissue: 0/0 concordant.
DMAC2L,396,survived,down,3,0,0,Same-tissue replication: 3/3 concordant. Cross-tissue: 0/0 concordant.
DSC2,396,survived,down,3,0,0,Same-tissue replication: 3/3 concordant. Cross-tissue: 0/0 concordant.
KDF1,396,survived,down,3,0,0,Same-tissue replication: 3/3 concordant. Cross-tissue: 0/0 concordant.
SIGMAR1,396,eliminated,down,1,1,0,Significant opposite direction in same-tissue dataset(s): ['GSE36807']. Discovery direction: down.
USP8,396,survived,down,2,0,0,Same-tissue replication: 2/3 concordant. Cross-tissue: 0/0 concordant.
ZNF212,396,survived,down,3,0,0,Same-tissue replication: 3/3 concordant. Cross-tissue: 0/0 concordant.
ARB2A,397,survived,down,3,0,0,Same-tissue replication: 3/3 concordant. Cross-tissue: 0/0 concordant.
GIN1,397,survived,down,2,0,0,Same-tissue replication: 2/3 concordant. Cross-tissue: 0/0 concordant.
OTUD7B,397,survived,down,3,0,0,Same-tissue replication: 3/3 concordant. Cross-tissue: 0/0 concordant.
PHKA2,397,survived,down,3,0,0,Same-tissue replication: 3/3 concordant. Cross-tissue: 0/0 concordant.
PPDPF,397,survived,down,3,0,0,Same-tissue replication: 3/3 concordant. Cross-tissue: 0/0 concordant.
SUCLA2,397,survived,down,3,0,0,Same-tissue replication: 3/3 concordant. Cross-tissue: 0/0 concordant.
TMEM128,397,survived,down,3,0,0,Same-tissue replication: 3/3 concordant. Cross-tissue: 0/0 concordant.
TRAF4,397,survived,down,3,0,0,Same-tissue replication: 3/3 concordant. Cross-tissue: 0/0 concordant.
ZFYVE19,397,survived,down,3,0,0,Same-tissue replication: 3/3 concordant. Cross-tissue: 0/0 concordant.
ZNF175,397,survived,down,2,0,0,Same-tissue replication: 2/3 concordant. Cross-tissue: 0/0 concordant.
AGPAT2,398,survived,down,2,0,0,Same-tissue replication: 2/3 concordant. Cross-tissue: 0/0 concordant.
ANKRD46,398,survived,down,3,0,0,Same-tissue replication: 3/3 concordant. Cross-tissue: 0/0 concordant.
CTH,398,survived,down,3,0,0,Same-tissue replication: 3/3 concordant. Cross-tissue: 0/0 concordant.
DMAC2,398,survived,down,2,0,0,Same-tissue replication: 2/3 concordant. Cross-tissue: 0/0 concordant.
DNASE2B,398,survived,down,3,0,0,Same-tissue replication: 3/3 concordant. Cross-tissue: 0/0 concordant.
KLHL34,398,survived,down,3,0,0,Same-tissue replication: 3/3 concordant. Cross-tissue: 0/0 concordant.
ME3,398,survived,down,3,0,0,Same-tissue replication: 3/3 concordant. Cross-tissue: 0/0 concordant.
NUDT14,398,survived,down,3,0,0,Same-tissue replication: 3/3 concordant. Cross-tissue: 0/0 concordant.
OSBPL1A,398,survived,down,3,0,0,Same-tissue replication: 3/3 concordant. Cross-tissue: 0/0 concordant.
PDE5A,398,survived,down,3,0,0,Same-tissue replication: 3/3 concordant. Cross-tissue: 0/0 concordant.
SLC20A2,398,survived,down,3,0,0,Same-tissue replication: 3/3 concordant. Cross-tissue: 0/0 concordant.
SLC25A42,398,survived,down,2,0,0,Same-tissue replication: 2/3 concordant. Cross-tissue: 0/0 concordant.
SLC30A1,398,survived,down,3,0,0,Same-tissue replication: 3/3 concordant. Cross-tissue: 0/0 concordant.
SNX2,398,survived,down,1,0,0,Same-tissue replication: 1/3 concordant. Cross-tissue: 0/0 concordant.
STPG1,398,survived,down,2,0,0,Same-tissue replication: 2/3 concordant. Cross-tissue: 0/0 concordant.
ZNF124,398,survived,down,3,0,0,Same-tissue replication: 3/3 concordant. Cross-tissue: 0/0 concordant.
ACAD8,399,survived,down,2,0,0,Same-tissue replication: 2/3 concordant. Cross-tissue: 0/0 concordant.
CBLC,399,survived,down,3,0,0,Same-tissue replication: 3/3 concordant. Cross-tissue: 0/0 concordant.
CPNE3,399,survived,down,3,0,0,Same-tissue replication: 3/3 concordant. Cross-tissue: 0/0 concordant.
GHITM,399,survived,down,2,0,0,Same-tissue replication: 2/3 concordant. Cross-tissue: 0/0 concordant.
INAVA,399,survived,down,3,0,0,Same-tissue replication: 3/3 concordant. Cross-tissue: 0/0 concordant.
IPMK,399,survived,down,2,0,0,Same-tissue replication: 2/3 concordant. Cross-tissue: 0/0 concordant.
LIN7C,399,survived,down,3,0,0,Same-tissue replication: 3/3 concordant. Cross-tissue: 0/0 concordant.
MARCHF5,399,survived,down,3,0,0,Same-tissue replication: 3/3 concordant. Cross-tissue: 0/0 concordant.
SDHA,399,survived,down,3,0,0,Same-tissue replication: 3/3 concordant. Cross-tissue: 0/0 concordant.
SMIM20,399,survived,down,3,0,0,Same-tissue replication: 3/3 concordant. Cross-tissue: 0/0 concordant.
TOB1,399,survived,down,3,0,0,Same-tissue replication: 3/3 concordant. Cross-tissue: 0/0 concordant.
UBE2G1,399,survived,down,2,0,0,Same-tissue replication: 2/3 concordant. Cross-tissue: 0/0 concordant.
ZBTB37,399,survived,down,3,0,0,Same-tissue replication: 3/3 concordant. Cross-tissue: 0/0 concordant.
ZNF610,399,survived,down,3,0,0,Same-tissue replication: 3/3 concordant. Cross-tissue: 0/0 concordant.
ANKIB1,400,survived,down,1,0,0,Same-tissue replication: 1/3 concordant. Cross-tissue: 0/0 concordant.
JOSD1,400,survived,down,2,0,0,Same-tissue replication: 2/3 concordant. Cross-tissue: 0/0 concordant.
KGD4,400,survived,down,3,0,0,Same-tissue replication: 3/3 concordant. Cross-tissue: 0/0 concordant.
PLEKHA1,400,survived,down,3,0,0,Same-tissue replication: 3/3 concordant. Cross-tissue: 0/0 concordant.
PPP1R7,400,survived,down,2,0,0,Same-tissue replication: 2/3 concordant. Cross-tissue: 0/0 concordant.
TRPM7,400,survived,down,3,0,0,Same-tissue replication: 3/3 concordant. Cross-tissue: 0/0 concordant.
ZMIZ1,400,survived,down,3,0,0,Same-tissue replication: 3/3 concordant. Cross-tissue: 0/0 concordant.
CERS6,401,survived,down,3,0,0,Same-tissue replication: 3/3 concordant. Cross-tissue: 0/0 concordant.
ELF1,401,survived,down,3,0,0,Same-tissue replication: 3/3 concordant. Cross-tissue: 0/0 concordant.
FAM32A,401,survived,down,1,0,0,Same-tissue replication: 1/3 concordant. Cross-tissue: 0/0 concordant.
LRRC75B,401,survived,down,3,0,0,Same-tissue replication: 3/3 concordant. Cross-tissue: 0/0 concordant.
NCOA4,401,survived,down,3,0,0,Same-tissue replication: 3/3 concordant. Cross-tissue: 0/0 concordant.
NUDT4B,401,survived,down,3,0,0,Same-tissue replication: 3/3 concordant. Cross-tissue: 0/0 concordant.
PDLIM1,401,survived,down,3,0,0,Same-tissue replication: 3/3 concordant. Cross-tissue: 0/0 concordant.
RNLS,401,survived,down,3,0,0,Same-tissue replication: 3/3 concordant. Cross-tissue: 0/0 concordant.
TPRKB,401,survived,down,3,0,0,Same-tissue replication: 3/3 concordant. Cross-tissue: 0/0 concordant.
ACSL5,402,survived,down,3,0,0,Same-tissue replication: 3/3 concordant. Cross-tissue: 0/0 concordant.
DISP2,402,survived,down,3,0,0,Same-tissue replication: 3/3 concordant. Cross-tissue: 0/0 concordant.
ERBIN,402,survived,down,2,0,0,Same-tissue replication: 2/3 concordant. Cross-tissue: 0/0 concordant.
SLC27A4,402,survived,down,2,0,0,Same-tissue replication: 2/3 concordant. Cross-tissue: 0/0 concordant.
SPTLC3,402,survived,down,3,0,0,Same-tissue replication: 3/3 concordant. Cross-tissue: 0/0 concordant.
CRACD,403,survived,down,3,0,0,Same-tissue replication: 3/3 concordant. Cross-tissue: 0/0 concordant.
HADH,403,survived,down,3,0,0,Same-tissue replication: 3/3 concordant. Cross-tissue: 0/0 concordant.
PTPRH,403,survived,down,2,0,0,Same-tissue replication: 2/3 concordant. Cross-tissue: 0/0 concordant.
STK17B,403,eliminated,down,2,1,0,Significant opposite direction in same-tissue dataset(s): ['GSE36807']. Discovery direction: down.
TGFA,403,survived,down,3,0,0,Same-tissue replication: 3/3 concordant. Cross-tissue: 0/0 concordant.
ALOX5,404,survived,up,3,0,0,Same-tissue replication: 3/3 concordant. Cross-tissue: 0/0 concordant.
ANKRD36B,404,survived,up,2,0,0,Same-tissue replication: 2/3 concordant. Cross-tissue: 0/0 concordant.
CDKN3,404,survived,up,3,0,0,Same-tissue replication: 3/3 concordant. Cross-tissue: 0/0 concordant.
CLEC2B,404,survived,up,3,0,0,Same-tissue replication: 3/3 concordant. Cross-tissue: 0/0 concordant.
GM2A,404,survived,up,3,0,0,Same-tissue replication: 3/3 concordant. Cross-tissue: 0/0 concordant.
KCNN4,404,survived,up,2,0,0,Same-tissue replication: 2/3 concordant. Cross-tissue: 0/0 concordant.
NEBL,404,survived,up,2,0,0,Same-tissue replication: 2/3 concordant. Cross-tissue: 0/0 concordant.
PRKAR2B,404,survived,up,3,0,0,Same-tissue replication: 3/3 concordant. Cross-tissue: 0/0 concordant.
SLC18A1,404,survived,up,2,0,0,Same-tissue replication: 2/3 concordant. Cross-tissue: 0/0 concordant.
ACTG1,405,survived,up,2,0,0,Same-tissue replication: 2/3 concordant. Cross-tissue: 0/0 concordant.
ALKBH2,405,survived,up,2,0,0,Same-tissue replication: 2/3 concordant. Cross-tissue: 0/0 concordant.
EMC7,405,survived,up,3,0,0,Same-tissue replication: 3/3 concordant. Cross-tissue: 0/0 concordant.
FOXF2,405,eliminated,up,2,1,0,Significant opposite direction in same-tissue dataset(s): ['GSE36807']. Discovery direction: up.
MAK,405,survived,up,2,0,0,Same-tissue replication: 2/3 concordant. Cross-tissue: 0/0 concordant.
PRPF8,405,survived,up,2,0,0,Same-tissue replication: 2/3 concordant. Cross-tissue: 0/0 concordant.
UBA52,405,survived,up,2,0,0,Same-tissue replication: 2/3 concordant. Cross-tissue: 0/0 concordant.
WDR25,405,survived,up,3,0,0,Same-tissue replication: 3/3 concordant. Cross-tissue: 0/0 concordant.
ANAPC5,408,survived,down,0,0,0,Same-tissue replication: 0/3 concordant. Cross-tissue: 0/0 concordant.
CACNA1F,408,survived,down,2,0,0,Same-tissue replication: 2/3 concordant. Cross-tissue: 0/0 concordant.
GRIN2C,408,survived,down,3,0,0,Same-tissue replication: 3/3 concordant. Cross-tissue: 0/0 concordant.
HIF1AN,408,survived,down,3,0,0,Same-tissue replication: 3/3 concordant. Cross-tissue: 0/0 concordant.
NIPSNAP1,408,survived,down,2,0,0,Same-tissue replication: 2/3 concordant. Cross-tissue: 0/0 concordant.
NOXRED1,408,survived,down,3,0,0,Same-tissue replication: 3/3 concordant. Cross-tissue: 0/0 concordant.
PKHD1,408,eliminated,down,2,1,0,Significant opposite direction in same-tissue dataset(s): ['GSE36807']. Discovery direction: down.
RSKR,408,survived,down,1,0,0,Same-tissue replication: 1/3 concordant. Cross-tissue: 0/0 concordant.
ZNF419,408,survived,down,1,0,0,Same-tissue replication: 1/3 concordant. Cross-tissue: 0/0 concordant.
CKM,410,survived,down,3,0,0,Same-tissue replication: 3/3 concordant. Cross-tissue: 0/0 concordant.
OPALIN,410,survived,down,2,0,0,Same-tissue replication: 2/3 concordant. Cross-tissue: 0/0 concordant.
PAQR9,410,eliminated,down,2,1,0,Significant opposite direction in same-tissue dataset(s): ['GSE36807']. Discovery direction: down.
SLC17A2,410,survived,down,3,0,0,Same-tissue replication: 3/3 concordant. Cross-tissue: 0/0 concordant.
TBC1D3I,410,eliminated,down,0,1,0,Significant opposite direction in same-tissue dataset(s): ['GSE38713']. Discovery direction: down.
TMEM31,410,survived,down,3,0,0,Same-tissue replication: 3/3 concordant. Cross-tissue: 0/0 concordant.
ARHGAP15,411,survived,up,1,0,0,Same-tissue replication: 1/1 concordant. Cross-tissue: 0/0 concordant.
ARHGAP25,411,survived,up,3,0,0,Same-tissue replication: 3/3 concordant. Cross-tissue: 0/0 concordant.
CCDC88A,411,survived,up,3,0,0,Same-tissue replication: 3/3 concordant. Cross-tissue: 0/0 concordant.
FLNA,411,survived,up,2,0,0,Same-tissue replication: 2/3 concordant. Cross-tissue: 0/0 concordant.
KLHL5,411,survived,up,2,0,0,Same-tissue replication: 2/3 concordant. Cross-tissue: 0/0 concordant.
MMRN1,411,survived,up,3,0,0,Same-tissue replication: 3/3 concordant. Cross-tissue: 0/0 concordant.
PLAT,411,survived,up,3,0,0,Same-tissue replication: 3/3 concordant. Cross-tissue: 0/0 concordant.
RASSF5,411,survived,up,3,0,0,Same-tissue replication: 3/3 concordant. Cross-tissue: 0/0 concordant.
WIPF1,411,survived,up,3,0,0,Same-tissue replication: 3/3 concordant. Cross-tissue: 0/0 concordant.
DOCK8,412,survived,up,3,0,0,Same-tissue replication: 3/3 concordant. Cross-tissue: 0/0 concordant.
GRK3,412,survived,up,2,0,0,Same-tissue replication: 2/3 concordant. Cross-tissue: 0/0 concordant.
RDX,412,survived,up,2,0,0,Same-tissue replication: 2/3 concordant. Cross-tissue: 0/0 concordant.
TRPA1,412,survived,up,3,0,0,Same-tissue replication: 3/3 concordant. Cross-tissue: 0/0 concordant.
CKAP2,413,survived,up,3,0,0,Same-tissue replication: 3/3 concordant. Cross-tissue: 0/0 concordant.
FADS2,413,survived,up,3,0,0,Same-tissue replication: 3/3 concordant. Cross-tissue: 0/0 concordant.
FOS,413,survived,up,1,0,0,Same-tissue replication: 1/3 concordant. Cross-tissue: 0/0 concordant.
HLA-DMA,413,survived,up,3,0,0,Same-tissue replication: 3/3 concordant. Cross-tissue: 0/0 concordant.
HLA-DRB1,413,survived,up,3,0,0,Same-tissue replication: 3/3 concordant. Cross-tissue: 0/0 concordant.
ITLN1,413,eliminated,up,2,1,0,Significant opposite direction in same-tissue dataset(s): ['GSE36807']. Discovery direction: up.
REG1A,413,survived,up,3,0,0,Same-tissue replication: 3/3 concordant. Cross-tissue: 0/0 concordant.
REG1B,413,survived,up,3,0,0,Same-tissue replication: 3/3 concordant. Cross-tissue: 0/0 concordant.
CD27,414,survived,up,3,0,0,Same-tissue replication: 3/3 concordant. Cross-tissue: 0/0 concordant.
CEP170,414,survived,up,1,0,0,Same-tissue replication: 1/1 concordant. Cross-tissue: 0/0 concordant.
PTPRC,414,survived,up,3,0,0,Same-tissue replication: 3/3 concordant. Cross-tissue: 0/0 concordant.
RAD54B,414,survived,up,3,0,0,Same-tissue replication: 3/3 concordant. Cross-tissue: 0/0 concordant.
SLAMF6,414,survived,up,3,0,0,Same-tissue replication: 3/3 concordant. Cross-tissue: 0/0 concordant.
ST8SIA4,414,survived,up,3,0,0,Same-tissue replication: 3/3 concordant. Cross-tissue: 0/0 concordant.
DNAJC12,415,survived,up,1,0,0,Same-tissue replication: 1/3 concordant. Cross-tissue: 0/0 concordant.
DOCK11,415,survived,up,3,0,0,Same-tissue replication: 3/3 concordant. Cross-tissue: 0/0 concordant.
EXO1,415,survived,up,3,0,0,Same-tissue replication: 3/3 concordant. Cross-tissue: 0/0 concordant.
IGSF6,415,survived,up,3,0,0,Same-tissue replication: 3/3 concordant. Cross-tissue: 0/0 concordant.
TMEM156,415,survived,up,3,0,0,Same-tissue replication: 3/3 concordant. Cross-tissue: 0/0 concordant.
ABHD2,417,survived,up,3,0,0,Same-tissue replication: 3/3 concordant. Cross-tissue: 0/0 concordant.
AMOTL1,417,survived,up,2,0,0,Same-tissue replication: 2/3 concordant. Cross-tissue: 0/0 concordant.
GPC4,417,survived,up,1,0,0,Same-tissue replication: 1/3 concordant. Cross-tissue: 0/0 concordant.
LBP,417,survived,up,2,0,0,Same-tissue replication: 2/3 concordant. Cross-tissue: 0/0 concordant.
NDE1,417,survived,up,3,0,0,Same-tissue replication: 3/3 concordant. Cross-tissue: 0/0 concordant.
PSME4,417,survived,up,3,0,0,Same-tissue replication: 3/3 concordant. Cross-tissue: 0/0 concordant.
SBSPON,417,survived,up,2,0,0,Same-tissue replication: 2/3 concordant. Cross-tissue: 0/0 concordant.
TCF19,417,survived,up,3,0,0,Same-tissue replication: 3/3 concordant. Cross-tissue: 0/0 concordant.
TGFBR2,417,survived,up,3,0,0,Same-tissue replication: 3/3 concordant. Cross-tissue: 0/0 concordant.
TMEM63A,417,survived,up,3,0,0,Same-tissue replication: 3/3 concordant. Cross-tissue: 0/0 concordant.
ALG1,418,survived,up,3,0,0,Same-tissue replication: 3/3 concordant. Cross-tissue: 0/0 concordant.
CASP8,418,survived,up,3,0,0,Same-tissue replication: 3/3 concordant. Cross-tissue: 0/0 concordant.
FURIN,418,survived,up,3,0,0,Same-tissue replication: 3/3 concordant. Cross-tissue: 0/0 concordant.
SH3TC1,418,survived,up,3,0,0,Same-tissue replication: 3/3 concordant. Cross-tissue: 0/0 concordant.
SLC30A7,418,survived,up,3,0,0,Same-tissue replication: 3/3 concordant. Cross-tissue: 0/0 concordant.
ACOT4,419,survived,down,2,0,0,Same-tissue replication: 2/3 concordant. Cross-tissue: 0/0 concordant.
BAIAP2L2,419,survived,down,3,0,0,Same-tissue replication: 3/3 concordant. Cross-tissue: 0/0 concordant.
KCNG1,419,survived,down,3,0,0,Same-tissue replication: 3/3 concordant. Cross-tissue: 0/0 concordant.
LRRC28,419,survived,down,2,0,0,Same-tissue replication: 2/3 concordant. Cross-tissue: 0/0 concordant.
PNPLA4,419,survived,down,3,0,0,Same-tissue replication: 3/3 concordant. Cross-tissue: 0/0 concordant.
RMND1,419,survived,down,3,0,0,Same-tissue replication: 3/3 concordant. Cross-tissue: 0/0 concordant.
SCAPER,419,survived,down,3,0,0,Same-tissue replication: 3/3 concordant. Cross-tissue: 0/0 concordant.
ENKUR,420,survived,up,3,0,0,Same-tissue replication: 3/3 concordant. Cross-tissue: 0/0 concordant.
FAT4,420,survived,up,1,0,0,Same-tissue replication: 1/3 concordant. Cross-tissue: 0/0 concordant.
FGD5,420,survived,up,3,0,0,Same-tissue replication: 3/3 concordant. Cross-tissue: 0/0 concordant.
HSP90B1,420,survived,up,3,0,0,Same-tissue replication: 3/3 concordant. Cross-tissue: 0/0 concordant.
MCC,420,survived,up,3,0,0,Same-tissue replication: 3/3 concordant. Cross-tissue: 0/0 concordant.
SELENOM,420,survived,up,3,0,0,Same-tissue replication: 3/3 concordant. Cross-tissue: 0/0 concordant.
BPHL,421,survived,down,3,0,0,Same-tissue replication: 3/3 concordant. Cross-tissue: 0/0 concordant.
CYP2S1,421,survived,down,3,0,0,Same-tissue replication: 3/3 concordant. Cross-tissue: 0/0 concordant.
EDN1,421,survived,down,3,0,0,Same-tissue replication: 3/3 concordant. Cross-tissue: 0/0 concordant.
HSD17B3,421,survived,down,2,0,0,Same-tissue replication: 2/3 concordant. Cross-tissue: 0/0 concordant.
MAP7D2,421,survived,down,3,0,0,Same-tissue replication: 3/3 concordant. Cross-tissue: 0/0 concordant.
MT2A,421,survived,down,3,0,0,Same-tissue replication: 3/3 concordant. Cross-tissue: 0/0 concordant.
NCKAP5,421,survived,down,2,0,0,Same-tissue replication: 2/3 concordant. Cross-tissue: 0/0 concordant.
PON3,421,survived,down,3,0,0,Same-tissue replication: 3/3 concordant. Cross-tissue: 0/0 concordant.
TMED6,421,survived,down,3,0,0,Same-tissue replication: 3/3 concordant. Cross-tissue: 0/0 concordant.
BDH2,422,survived,down,3,0,0,Same-tissue replication: 3/3 concordant. Cross-tissue: 0/0 concordant.
GRAMD1C,422,survived,down,3,0,0,Same-tissue replication: 3/3 concordant. Cross-tissue: 0/0 concordant.
SLC52A3,422,survived,down,2,0,0,Same-tissue replication: 2/3 concordant. Cross-tissue: 0/0 concordant.
TMEM220,422,survived,down,3,0,0,Same-tissue replication: 3/3 concordant. Cross-tissue: 0/0 concordant.
MTRF1,423,survived,down,3,0,0,Same-tissue replication: 3/3 concordant. Cross-tissue: 0/0 concordant.
PPP2R2D,423,survived,down,0,0,0,Same-tissue replication: 0/3 concordant. Cross-tissue: 0/0 concordant.
TES,423,survived,down,2,0,0,Same-tissue replication: 2/3 concordant. Cross-tissue: 0/0 concordant.
ZDHHC6,423,eliminated,down,1,1,0,Significant opposite direction in same-tissue dataset(s): ['GSE38713']. Discovery direction: down.
ZSCAN18,423,survived,down,3,0,0,Same-tissue replication: 3/3 concordant. Cross-tissue: 0/0 concordant.
ATOSB,424,survived,up,3,0,0,Same-tissue replication: 3/3 concordant. Cross-tissue: 0/0 concordant.
BLM,424,survived,up,3,0,0,Same-tissue replication: 3/3 concordant. Cross-tissue: 0/0 concordant.
CDCA8,424,survived,up,3,0,0,Same-tissue replication: 3/3 concordant. Cross-tissue: 0/0 concordant.
DONSON,424,survived,up,3,0,0,Same-tissue replication: 3/3 concordant. Cross-tissue: 0/0 concordant.
GLIS2,424,survived,up,3,0,0,Same-tissue replication: 3/3 concordant. Cross-tissue: 0/0 concordant.
KCNK6,424,survived,up,3,0,0,Same-tissue replication: 3/3 concordant. Cross-tissue: 0/0 concordant.
MTMR6,424,survived,up,3,0,0,Same-tissue replication: 3/3 concordant. Cross-tissue: 0/0 concordant.
PJA1,424,survived,up,3,0,0,Same-tissue replication: 3/3 concordant. Cross-tissue: 0/0 concordant.
POLR2A,424,survived,up,3,0,0,Same-tissue replication: 3/3 concordant. Cross-tissue: 0/0 concordant.
POLR3G,424,survived,up,3,0,0,Same-tissue replication: 3/3 concordant. Cross-tissue: 0/0 concordant.
PRKD3,424,survived,up,2,0,0,Same-tissue replication: 2/3 concordant. Cross-tissue: 0/0 concordant.
RAN,424,survived,up,3,0,0,Same-tissue replication: 3/3 concordant. Cross-tissue: 0/0 concordant.
REL,424,survived,up,3,0,0,Same-tissue replication: 3/3 concordant. Cross-tissue: 0/0 concordant.
RNF19B,424,survived,up,3,0,0,Same-tissue replication: 3/3 concordant. Cross-tissue: 0/0 concordant.
SLC35C1,424,survived,up,3,0,0,Same-tissue replication: 3/3 concordant. Cross-tissue: 0/0 concordant.
TP53BP1,424,survived,up,2,0,0,Same-tissue replication: 2/3 concordant. Cross-tissue: 0/0 concordant.
TTC7B,424,survived,up,3,0,0,Same-tissue replication: 3/3 concordant. Cross-tissue: 0/0 concordant.
VPS13C,424,survived,up,3,0,0,Same-tissue replication: 3/3 concordant. Cross-tissue: 0/0 concordant.
ERCC4,425,survived,up,3,0,0,Same-tissue replication: 3/3 concordant. Cross-tissue: 0/0 concordant.
EXOSC9,425,survived,up,3,0,0,Same-tissue replication: 3/3 concordant. Cross-tissue: 0/0 concordant.
FAM98A,425,survived,up,3,0,0,Same-tissue replication: 3/3 concordant. Cross-tissue: 0/0 concordant.
GART,425,survived,up,2,0,0,Same-tissue replication: 2/3 concordant. Cross-tissue: 0/0 concordant.
TEAD1,425,survived,up,3,0,0,Same-tissue replication: 3/3 concordant. Cross-tissue: 0/0 concordant.
TUT7,425,survived,up,3,0,0,Same-tissue replication: 3/3 concordant. Cross-tissue: 0/0 concordant.
UBXN4,425,survived,up,3,0,0,Same-tissue replication: 3/3 concordant. Cross-tissue: 0/0 concordant.
ADAMTS14,426,survived,up,3,0,0,Same-tissue replication: 3/3 concordant. Cross-tissue: 0/0 concordant.
DNAJB6,426,survived,up,3,0,0,Same-tissue replication: 3/3 concordant. Cross-tissue: 0/0 concordant.
GIPC3,426,survived,up,2,0,0,Same-tissue replication: 2/3 concordant. Cross-tissue: 0/0 concordant.
ATL3,427,survived,up,2,0,0,Same-tissue replication: 2/3 concordant. Cross-tissue: 0/0 concordant.
CHCHD2,427,survived,up,3,0,0,Same-tissue replication: 3/3 concordant. Cross-tissue: 0/0 concordant.
EVC,427,survived,up,1,0,0,Same-tissue replication: 1/3 concordant. Cross-tissue: 0/0 concordant.
F2RL3,427,survived,up,0,0,0,Same-tissue replication: 0/3 concordant. Cross-tissue: 0/0 concordant.
H3C4,427,eliminated,up,1,1,0,Significant opposite direction in same-tissue dataset(s): ['GSE38713']. Discovery direction: up.
HSP90AB1,427,survived,up,3,0,0,Same-tissue replication: 3/3 concordant. Cross-tissue: 0/0 concordant.
MTA2,427,eliminated,up,1,1,0,Significant opposite direction in same-tissue dataset(s): ['GSE87466']. Discovery direction: up.
ORAI1,427,survived,up,3,0,0,Same-tissue replication: 3/3 concordant. Cross-tissue: 0/0 concordant.
RPS24,427,eliminated,up,0,2,0,"Significant opposite direction in same-tissue dataset(s): ['GSE38713', 'GSE36807']. Discovery direction: up."
ADGRF5,428,survived,up,3,0,0,Same-tissue replication: 3/3 concordant. Cross-tissue: 0/0 concordant.
FCN3,428,survived,up,3,0,0,Same-tissue replication: 3/3 concordant. Cross-tissue: 0/0 concordant.
HAPLN3,428,survived,up,3,0,0,Same-tissue replication: 3/3 concordant. Cross-tissue: 0/0 concordant.
TFF2,428,survived,up,3,0,0,Same-tissue replication: 3/3 concordant. Cross-tissue: 0/0 concordant.
THBD,428,survived,up,3,0,0,Same-tissue replication: 3/3 concordant. Cross-tissue: 0/0 concordant.
APLNR,429,survived,up,3,0,0,Same-tissue replication: 3/3 concordant. Cross-tissue: 0/0 concordant.
CDH5,429,survived,up,3,0,0,Same-tissue replication: 3/3 concordant. Cross-tissue: 0/0 concordant.
CHAC1,429,survived,up,3,0,0,Same-tissue replication: 3/3 concordant. Cross-tissue: 0/0 concordant.
F3,429,survived,up,3,0,0,Same-tissue replication: 3/3 concordant. Cross-tissue: 0/0 concordant.
FLT1,429,survived,up,3,0,0,Same-tissue replication: 3/3 concordant. Cross-tissue: 0/0 concordant.
TNFRSF11B,429,survived,up,3,0,0,Same-tissue replication: 3/3 concordant. Cross-tissue: 0/0 concordant.
ATF3,430,eliminated,up,2,1,0,Significant opposite direction in same-tissue dataset(s): ['GSE38713']. Discovery direction: up.
BHMT2,430,survived,up,2,0,0,Same-tissue replication: 2/3 concordant. Cross-tissue: 0/0 concordant.
CD1B,430,survived,up,3,0,0,Same-tissue replication: 3/3 concordant. Cross-tissue: 0/0 concordant.
CD300C,430,survived,up,3,0,0,Same-tissue replication: 3/3 concordant. Cross-tissue: 0/0 concordant.
EPS8L1,430,survived,up,3,0,0,Same-tissue replication: 3/3 concordant. Cross-tissue: 0/0 concordant.
HAS2,430,eliminated,up,1,1,0,Significant opposite direction in same-tissue dataset(s): ['GSE36807']. Discovery direction: up.
ICAM4,430,survived,up,3,0,0,Same-tissue replication: 3/3 concordant. Cross-tissue: 0/0 concordant.
IFT56,430,survived,up,3,0,0,Same-tissue replication: 3/3 concordant. Cross-tissue: 0/0 concordant.
NPHP1,430,survived,up,3,0,0,Same-tissue replication: 3/3 concordant. Cross-tissue: 0/0 concordant.
PDP1,430,survived,up,3,0,0,Same-tissue replication: 3/3 concordant. Cross-tissue: 0/0 concordant.
SH3TC2,430,survived,up,3,0,0,Same-tissue replication: 3/3 concordant. Cross-tissue: 0/0 concordant.
SYTL1,430,survived,up,3,0,0,Same-tissue replication: 3/3 concordant. Cross-tissue: 0/0 concordant.
ALKBH7,431,survived,down,3,0,0,Same-tissue replication: 3/3 concordant. Cross-tissue: 0/0 concordant.
CDH17,431,survived,down,3,0,0,Same-tissue replication: 3/3 concordant. Cross-tissue: 0/0 concordant.
DNMBP,431,survived,down,3,0,0,Same-tissue replication: 3/3 concordant. Cross-tissue: 0/0 concordant.
GNG12,431,survived,down,3,0,0,Same-tissue replication: 3/3 concordant. Cross-tissue: 0/0 concordant.
GOLIM4,431,survived,down,3,0,0,Same-tissue replication: 3/3 concordant. Cross-tissue: 0/0 concordant.
KLF5,431,survived,down,3,0,0,Same-tissue replication: 3/3 concordant. Cross-tissue: 0/0 concordant.
MRPL35,431,survived,down,3,0,0,Same-tissue replication: 3/3 concordant. Cross-tissue: 0/0 concordant.
OCRL,431,survived,down,3,0,0,Same-tissue replication: 3/3 concordant. Cross-tissue: 0/0 concordant.
PARD3B,431,survived,down,3,0,0,Same-tissue replication: 3/3 concordant. Cross-tissue: 0/0 concordant.
PEX19,431,survived,down,3,0,0,Same-tissue replication: 3/3 concordant. Cross-tissue: 0/0 concordant.
SH3D19,431,survived,down,3,0,0,Same-tissue replication: 3/3 concordant. Cross-tissue: 0/0 concordant.
SPIN1,431,survived,down,3,0,0,Same-tissue replication: 3/3 concordant. Cross-tissue: 0/0 concordant.
SPPL2A,431,survived,down,2,0,0,Same-tissue replication: 2/3 concordant. Cross-tissue: 0/0 concordant.
TMEM14C,431,survived,down,3,0,0,Same-tissue replication: 3/3 concordant. Cross-tissue: 0/0 concordant.
ALPI,432,survived,down,3,0,0,Same-tissue replication: 3/3 concordant. Cross-tissue: 0/0 concordant.
DEFB1,432,survived,down,3,0,0,Same-tissue replication: 3/3 concordant. Cross-tissue: 0/0 concordant.
FLVCR1,432,survived,down,2,0,0,Same-tissue replication: 2/3 concordant. Cross-tissue: 0/0 concordant.
GABRA2,432,survived,down,3,0,0,Same-tissue replication: 3/3 concordant. Cross-tissue: 0/0 concordant.
GAL3ST1,432,survived,down,3,0,0,Same-tissue replication: 3/3 concordant. Cross-tissue: 0/0 concordant.
GLS,432,survived,down,1,0,0,Same-tissue replication: 1/3 concordant. Cross-tissue: 0/0 concordant.
HEBP1,432,survived,down,3,0,0,Same-tissue replication: 3/3 concordant. Cross-tissue: 0/0 concordant.
HPGDS,432,survived,down,3,0,0,Same-tissue replication: 3/3 concordant. Cross-tissue: 0/0 concordant.
LEAP2,432,survived,down,3,0,0,Same-tissue replication: 3/3 concordant. Cross-tissue: 0/0 concordant.
LGALS2,432,survived,down,3,0,0,Same-tissue replication: 3/3 concordant. Cross-tissue: 0/0 concordant.
PLAAT2,432,survived,down,2,0,0,Same-tissue replication: 2/3 concordant. Cross-tissue: 0/0 concordant.
SCUBE2,432,survived,down,3,0,0,Same-tissue replication: 3/3 concordant. Cross-tissue: 0/0 concordant.
SERF1B,432,survived,down,3,0,0,Same-tissue replication: 3/3 concordant. Cross-tissue: 0/0 concordant.
SLC17A8,432,survived,down,2,0,0,Same-tissue replication: 2/3 concordant. Cross-tissue: 0/0 concordant.
SLC23A3,432,survived,down,3,0,0,Same-tissue replication: 3/3 concordant. Cross-tissue: 0/0 concordant.
AMPD2,433,survived,up,3,0,0,Same-tissue replication: 3/3 concordant. Cross-tissue: 0/0 concordant.
ARPC1B,433,survived,up,3,0,0,Same-tissue replication: 3/3 concordant. Cross-tissue: 0/0 concordant.
BRCA2,433,survived,up,2,0,0,Same-tissue replication: 2/3 concordant. Cross-tissue: 0/0 concordant.
IQGAP3,433,survived,up,2,0,0,Same-tissue replication: 2/3 concordant. Cross-tissue: 0/0 concordant.
R3HDM4,433,survived,up,3,0,0,Same-tissue replication: 3/3 concordant. Cross-tissue: 0/0 concordant.
SH2B2,433,survived,up,2,0,0,Same-tissue replication: 2/3 concordant. Cross-tissue: 0/0 concordant.
TGIF1,433,eliminated,up,1,1,0,Significant opposite direction in same-tissue dataset(s): ['GSE36807']. Discovery direction: up.
TMC6,433,survived,up,3,0,0,Same-tissue replication: 3/3 concordant. Cross-tissue: 0/0 concordant.
ARHGAP6,434,survived,up,2,0,0,Same-tissue replication: 2/3 concordant. Cross-tissue: 0/0 concordant.
ARL5B,434,survived,up,3,0,0,Same-tissue replication: 3/3 concordant. Cross-tissue: 0/0 concordant.
GNPNAT1,434,survived,up,3,0,0,Same-tissue replication: 3/3 concordant. Cross-tissue: 0/0 concordant.
NES,434,survived,up,3,0,0,Same-tissue replication: 3/3 concordant. Cross-tissue: 0/0 concordant.
NOCT,434,survived,up,2,0,0,Same-tissue replication: 2/3 concordant. Cross-tissue: 0/0 concordant.
RAB11FIP5,434,survived,up,3,0,0,Same-tissue replication: 3/3 concordant. Cross-tissue: 0/0 concordant.
SHISA4,434,survived,up,2,0,0,Same-tissue replication: 2/3 concordant. Cross-tissue: 0/0 concordant.
CHD8,435,survived,up,3,0,0,Same-tissue replication: 3/3 concordant. Cross-tissue: 0/0 concordant.
CRY1,435,survived,up,3,0,0,Same-tissue replication: 3/3 concordant. Cross-tissue: 0/0 concordant.
DHX33,435,survived,up,3,0,0,Same-tissue replication: 3/3 concordant. Cross-tissue: 0/0 concordant.
ITGB1BP1,435,survived,up,3,0,0,Same-tissue replication: 3/3 concordant. Cross-tissue: 0/0 concordant.
NEK6,435,survived,up,3,0,0,Same-tissue replication: 3/3 concordant. Cross-tissue: 0/0 concordant.
PRMT5,435,survived,up,3,0,0,Same-tissue replication: 3/3 concordant. Cross-tissue: 0/0 concordant.
RRP1B,435,survived,up,3,0,0,Same-tissue replication: 3/3 concordant. Cross-tissue: 0/0 concordant.
B3GNT9,436,survived,up,3,0,0,Same-tissue replication: 3/3 concordant. Cross-tissue: 0/0 concordant.
BATF,436,survived,up,3,0,0,Same-tissue replication: 3/3 concordant. Cross-tissue: 0/0 concordant.
EIF4G1,436,survived,up,3,0,0,Same-tissue replication: 3/3 concordant. Cross-tissue: 0/0 concordant.
FAM89A,436,survived,up,1,0,0,Same-tissue replication: 1/1 concordant. Cross-tissue: 0/0 concordant.
FKBP2,436,survived,up,3,0,0,Same-tissue replication: 3/3 concordant. Cross-tissue: 0/0 concordant.
FPGS,436,survived,up,3,0,0,Same-tissue replication: 3/3 concordant. Cross-tissue: 0/0 concordant.
IFI27L2,436,survived,up,3,0,0,Same-tissue replication: 3/3 concordant. Cross-tissue: 0/0 concordant.
NRSN2,436,survived,up,3,0,0,Same-tissue replication: 3/3 concordant. Cross-tissue: 0/0 concordant.
SEL1L3,436,survived,up,3,0,0,Same-tissue replication: 3/3 concordant. Cross-tissue: 0/0 concordant.
TINF2,436,survived,up,3,0,0,Same-tissue replication: 3/3 concordant. Cross-tissue: 0/0 concordant.
TRPC6,436,survived,up,2,0,0,Same-tissue replication: 2/3 concordant. Cross-tissue: 0/0 concordant.
EPS15,437,survived,up,3,0,0,Same-tissue replication: 3/3 concordant. Cross-tissue: 0/0 concordant.
PNOC,437,survived,up,3,0,0,Same-tissue replication: 3/3 concordant. Cross-tissue: 0/0 concordant.
RANGAP1,437,survived,up,3,0,0,Same-tissue replication: 3/3 concordant. Cross-tissue: 0/0 concordant.
SETX,437,survived,up,3,0,0,Same-tissue replication: 3/3 concordant. Cross-tissue: 0/0 concordant.
ATP8B2,438,survived,up,3,0,0,Same-tissue replication: 3/3 concordant. Cross-tissue: 0/0 concordant.
CALHM5,438,survived,up,2,0,0,Same-tissue replication: 2/3 concordant. Cross-tissue: 0/0 concordant.
EHD3,438,survived,up,3,0,0,Same-tissue replication: 3/3 concordant. Cross-tissue: 0/0 concordant.
LBH,438,survived,up,3,0,0,Same-tissue replication: 3/3 concordant. Cross-tissue: 0/0 concordant.
RASGRF2,438,survived,up,3,0,0,Same-tissue replication: 3/3 concordant. Cross-tissue: 0/0 concordant.
ST3GAL2,438,survived,up,3,0,0,Same-tissue replication: 3/3 concordant. Cross-tissue: 0/0 concordant.
AGPAT3,439,survived,down,3,0,0,Same-tissue replication: 3/3 concordant. Cross-tissue: 0/0 concordant.
ALKBH1,439,survived,down,0,0,0,Same-tissue replication: 0/3 concordant. Cross-tissue: 0/0 concordant.
ATF1,439,survived,down,3,0,0,Same-tissue replication: 3/3 concordant. Cross-tissue: 0/0 concordant.
ATP5F1B,439,survived,down,3,0,0,Same-tissue replication: 3/3 concordant. Cross-tissue: 0/0 concordant.
CDIPT,439,survived,down,3,0,0,Same-tissue replication: 3/3 concordant. Cross-tissue: 0/0 concordant.
CHMP2A,439,survived,down,3,0,0,Same-tissue replication: 3/3 concordant. Cross-tissue: 0/0 concordant.
COX11,439,survived,down,3,0,0,Same-tissue replication: 3/3 concordant. Cross-tissue: 0/0 concordant.
COX4I1,439,survived,down,3,0,0,Same-tissue replication: 3/3 concordant. Cross-tissue: 0/0 concordant.
EGLN1,439,survived,down,3,0,0,Same-tissue replication: 3/3 concordant. Cross-tissue: 0/0 concordant.
KHDC4,439,survived,down,2,0,0,Same-tissue replication: 2/3 concordant. Cross-tissue: 0/0 concordant.
LETMD1,439,survived,down,3,0,0,Same-tissue replication: 3/3 concordant. Cross-tissue: 0/0 concordant.
POLR2F,439,survived,down,3,0,0,Same-tissue replication: 3/3 concordant. Cross-tissue: 0/0 concordant.
RAF1,439,survived,down,2,0,0,Same-tissue replication: 2/3 concordant. Cross-tissue: 0/0 concordant.
RPS6KA1,439,survived,down,2,0,0,Same-tissue replication: 2/3 concordant. Cross-tissue: 0/0 concordant.
SERINC1,439,survived,down,2,0,0,Same-tissue replication: 2/3 concordant. Cross-tissue: 0/0 concordant.
SH3RF1,439,survived,down,3,0,0,Same-tissue replication: 3/3 concordant. Cross-tissue: 0/0 concordant.
SIPA1L3,439,survived,down,3,0,0,Same-tissue replication: 3/3 concordant. Cross-tissue: 0/0 concordant.
SIRT5,439,survived,down,3,0,0,Same-tissue replication: 3/3 concordant. Cross-tissue: 0/0 concordant.
TMEM41B,439,survived,down,2,0,0,Same-tissue replication: 2/3 concordant. Cross-tissue: 0/0 concordant.
TMEM87B,439,survived,down,3,0,0,Same-tissue replication: 3/3 concordant. Cross-tissue: 0/0 concordant.
TRAPPC8,439,survived,down,3,0,0,Same-tissue replication: 3/3 concordant. Cross-tissue: 0/0 concordant.
VTA1,439,survived,down,3,0,0,Same-tissue replication: 3/3 concordant. Cross-tissue: 0/0 concordant.
HTR3C,440,survived,down,2,0,0,Same-tissue replication: 2/3 concordant. Cross-tissue: 0/0 concordant.
LYSMD4,440,survived,down,2,0,0,Same-tissue replication: 2/3 concordant. Cross-tissue: 0/0 concordant.
RAP1A,440,survived,down,3,0,0,Same-tissue replication: 3/3 concordant. Cross-tissue: 0/0 concordant.
TATDN1,440,survived,down,3,0,0,Same-tissue replication: 3/3 concordant. Cross-tissue: 0/0 concordant.
TCF7L2,440,survived,down,3,0,0,Same-tissue replication: 3/3 concordant. Cross-tissue: 0/0 concordant.
ZIC1,440,survived,down,2,0,0,Same-tissue replication: 2/3 concordant. Cross-tissue: 0/0 concordant.
BARX2,441,survived,down,2,0,0,Same-tissue replication: 2/3 concordant. Cross-tissue: 0/0 concordant.
IDS,441,survived,down,2,0,0,Same-tissue replication: 2/3 concordant. Cross-tissue: 0/0 concordant.
SLC38A11,441,survived,down,2,0,0,Same-tissue replication: 2/3 concordant. Cross-tissue: 0/0 concordant.
ZNF845,441,insufficient_data,down,0,0,0,No replication data available for this gene.
AIF1L,442,survived,up,2,0,0,Same-tissue replication: 2/3 concordant. Cross-tissue: 0/0 concordant.
APOC1,442,survived,up,2,0,0,Same-tissue replication: 2/3 concordant. Cross-tissue: 0/0 concordant.
C14orf132,442,survived,up,2,0,0,Same-tissue replication: 2/3 concordant. Cross-tissue: 0/0 concordant.
CD320,442,survived,up,3,0,0,Same-tissue replication: 3/3 concordant. Cross-tissue: 0/0 concordant.
EPB41L2,442,survived,up,3,0,0,Same-tissue replication: 3/3 concordant. Cross-tissue: 0/0 concordant.
EPHA3,442,eliminated,up,1,1,0,Significant opposite direction in same-tissue dataset(s): ['GSE36807']. Discovery direction: up.
GTF3A,442,survived,up,3,0,0,Same-tissue replication: 3/3 concordant. Cross-tissue: 0/0 concordant.
NLGN2,442,survived,up,2,0,0,Same-tissue replication: 2/3 concordant. Cross-tissue: 0/0 concordant.
RCAN3,442,eliminated,up,1,1,0,Significant opposite direction in same-tissue dataset(s): ['GSE36807']. Discovery direction: up.
RHOA,442,survived,up,3,0,0,Same-tissue replication: 3/3 concordant. Cross-tissue: 0/0 concordant.
SKA2,442,survived,up,3,0,0,Same-tissue replication: 3/3 concordant. Cross-tissue: 0/0 concordant.
SMC4,442,survived,up,3,0,0,Same-tissue replication: 3/3 concordant. Cross-tissue: 0/0 concordant.
SNAPC1,442,survived,up,3,0,0,Same-tissue replication: 3/3 concordant. Cross-tissue: 0/0 concordant.
SPATA6,442,survived,up,1,0,0,Same-tissue replication: 1/3 concordant. Cross-tissue: 0/0 concordant.
TAGLN,442,survived,up,2,0,0,Same-tissue replication: 2/3 concordant. Cross-tissue: 0/0 concordant.
VSTM4,442,survived,up,2,0,0,Same-tissue replication: 2/3 concordant. Cross-tissue: 0/0 concordant.
CYTL1,443,survived,up,2,0,0,Same-tissue replication: 2/3 concordant. Cross-tissue: 0/0 concordant.
HDC,443,survived,up,3,0,0,Same-tissue replication: 3/3 concordant. Cross-tissue: 0/0 concordant.
PYROXD2,443,survived,up,2,0,0,Same-tissue replication: 2/3 concordant. Cross-tissue: 0/0 concordant.
RAB5A,443,survived,up,3,0,0,Same-tissue replication: 3/3 concordant. Cross-tissue: 0/0 concordant.
ZNF503,443,survived,up,3,0,0,Same-tissue replication: 3/3 concordant. Cross-tissue: 0/0 concordant.
CHCHD4,444,survived,down,1,0,0,Same-tissue replication: 1/3 concordant. Cross-tissue: 0/0 concordant.
WASHC1,444,survived,down,2,0,0,Same-tissue replication: 2/3 concordant. Cross-tissue: 0/0 concordant.
ZNF83,444,survived,down,2,0,0,Same-tissue replication: 2/3 concordant. Cross-tissue: 0/0 concordant.
DCAF16,445,survived,down,3,0,0,Same-tissue replication: 3/3 concordant. Cross-tissue: 0/0 concordant.
EIF3L,445,survived,down,3,0,0,Same-tissue replication: 3/3 concordant. Cross-tissue: 0/0 concordant.
LRRC37B,445,survived,down,3,0,0,Same-tissue replication: 3/3 concordant. Cross-tissue: 0/0 concordant.
CYP20A1,446,survived,down,2,0,0,Same-tissue replication: 2/3 concordant. Cross-tissue: 0/0 concordant.
LRP12,446,survived,down,3,0,0,Same-tissue replication: 3/3 concordant. Cross-tissue: 0/0 concordant.
MYH3,446,survived,down,2,0,0,Same-tissue replication: 2/3 concordant. Cross-tissue: 0/0 concordant.
PITHD1,446,survived,down,2,0,0,Same-tissue replication: 2/3 concordant. Cross-tissue: 0/0 concordant.
PPP2R5D,446,survived,down,2,0,0,Same-tissue replication: 2/3 concordant. Cross-tissue: 0/0 concordant.
SLC17A5,446,survived,down,3,0,0,Same-tissue replication: 3/3 concordant. Cross-tissue: 0/0 concordant.
TMEM176B,446,eliminated,down,2,1,0,Significant opposite direction in same-tissue dataset(s): ['GSE87466']. Discovery direction: down.
UBE3C,446,eliminated,down,1,1,0,Significant opposite direction in same-tissue dataset(s): ['GSE36807']. Discovery direction: down.
ZNF718,446,survived,down,3,0,0,Same-tissue replication: 3/3 concordant. Cross-tissue: 0/0 concordant.
ZSCAN21,446,survived,down,3,0,0,Same-tissue replication: 3/3 concordant. Cross-tissue: 0/0 concordant.
CATSPER3,447,survived,down,2,0,0,Same-tissue replication: 2/3 concordant. Cross-tissue: 0/0 concordant.
RBL2,447,survived,down,2,0,0,Same-tissue replication: 2/3 concordant. Cross-tissue: 0/0 concordant.
RNF170,447,survived,down,3,0,0,Same-tissue replication: 3/3 concordant. Cross-tissue: 0/0 concordant.
USE1,447,survived,down,2,0,0,Same-tissue replication: 2/3 concordant. Cross-tissue: 0/0 concordant.
CRIP1,448,survived,down,3,0,0,Same-tissue replication: 3/3 concordant. Cross-tissue: 0/0 concordant.
HLF,448,survived,down,3,0,0,Same-tissue replication: 3/3 concordant. Cross-tissue: 0/0 concordant.
MS4A10,448,insufficient_data,down,0,0,0,No replication data available for this gene.
NELL2,448,survived,down,3,0,0,Same-tissue replication: 3/3 concordant. Cross-tissue: 0/0 concordant.
NPY1R,448,survived,down,3,0,0,Same-tissue replication: 3/3 concordant. Cross-tissue: 0/0 concordant.
SLC4A10,448,survived,down,2,0,0,Same-tissue replication: 2/3 concordant. Cross-tissue: 0/0 concordant.
TREH,448,survived,down,1,0,0,Same-tissue replication: 1/3 concordant. Cross-tissue: 0/0 concordant.
ZP2,448,survived,down,3,0,0,Same-tissue replication: 3/3 concordant. Cross-tissue: 0/0 concordant.
SLC20A1,449,eliminated,down,2,1,0,Significant opposite direction in same-tissue dataset(s): ['GSE36807']. Discovery direction: down.
WIPF3,449,survived,down,3,0,0,Same-tissue replication: 3/3 concordant. Cross-tissue: 0/0 concordant.
XCL2,449,survived,down,2,0,0,Same-tissue replication: 2/3 concordant. Cross-tissue: 0/0 concordant.
ASPG,450,survived,down,2,0,0,Same-tissue replication: 2/3 concordant. Cross-tissue: 0/0 concordant.
SLC37A4,450,survived,down,3,0,0,Same-tissue replication: 3/3 concordant. Cross-tissue: 0/0 concordant.
XCL1,450,survived,down,2,0,0,Same-tissue replication: 2/3 concordant. Cross-tissue: 0/0 concordant.
ZFYVE9,450,survived,down,3,0,0,Same-tissue replication: 3/3 concordant. Cross-tissue: 0/0 concordant.
ADGRE3,455,survived,up,3,0,0,Same-tissue replication: 3/3 concordant. Cross-tissue: 0/0 concordant.
BASP1,455,survived,up,3,0,0,Same-tissue replication: 3/3 concordant. Cross-tissue: 0/0 concordant.
BCAT1,455,survived,up,3,0,0,Same-tissue replication: 3/3 concordant. Cross-tissue: 0/0 concordant.
BCL2A1,455,survived,up,3,0,0,Same-tissue replication: 3/3 concordant. Cross-tissue: 0/0 concordant.
BTN3A3,455,survived,up,3,0,0,Same-tissue replication: 3/3 concordant. Cross-tissue: 0/0 concordant.
C1S,455,survived,up,3,0,0,Same-tissue replication: 3/3 concordant. Cross-tissue: 0/0 concordant.
CD44,455,survived,up,3,0,0,Same-tissue replication: 3/3 concordant. Cross-tissue: 0/0 concordant.
CD69,455,survived,up,2,0,0,Same-tissue replication: 2/3 concordant. Cross-tissue: 0/0 concordant.
CHST11,455,survived,up,3,0,0,Same-tissue replication: 3/3 concordant. Cross-tissue: 0/0 concordant.
ECT2,455,survived,up,3,0,0,Same-tissue replication: 3/3 concordant. Cross-tissue: 0/0 concordant.
EPHA2,455,survived,up,2,0,0,Same-tissue replication: 2/3 concordant. Cross-tissue: 0/0 concordant.
FOSB,455,survived,up,1,0,0,Same-tissue replication: 1/3 concordant. Cross-tissue: 0/0 concordant.
GLT8D2,455,survived,up,3,0,0,Same-tissue replication: 3/3 concordant. Cross-tissue: 0/0 concordant.
GPRC5B,455,survived,up,3,0,0,Same-tissue replication: 3/3 concordant. Cross-tissue: 0/0 concordant.
IFITM1,455,survived,up,3,0,0,Same-tissue replication: 3/3 concordant. Cross-tissue: 0/0 concordant.
MMP9,455,survived,up,3,0,0,Same-tissue replication: 3/3 concordant. Cross-tissue: 0/0 concordant.
NID2,455,survived,up,2,0,0,Same-tissue replication: 2/3 concordant. Cross-tissue: 0/0 concordant.
NLRC5,455,survived,up,3,0,0,Same-tissue replication: 3/3 concordant. Cross-tissue: 0/0 concordant.
PGM2L1,455,survived,up,3,0,0,Same-tissue replication: 3/3 concordant. Cross-tissue: 0/0 concordant.
RAB23,455,survived,up,3,0,0,Same-tissue replication: 3/3 concordant. Cross-tissue: 0/0 concordant.
RAC2,455,survived,up,3,0,0,Same-tissue replication: 3/3 concordant. Cross-tissue: 0/0 concordant.
RCN1,455,survived,up,3,0,0,Same-tissue replication: 3/3 concordant. Cross-tissue: 0/0 concordant.
ROBO1,455,survived,up,3,0,0,Same-tissue replication: 3/3 concordant. Cross-tissue: 0/0 concordant.
SAMSN1,455,survived,up,3,0,0,Same-tissue replication: 3/3 concordant. Cross-tissue: 0/0 concordant.
SLAMF8,455,survived,up,3,0,0,Same-tissue replication: 3/3 concordant. Cross-tissue: 0/0 concordant.
SLC15A3,455,survived,up,3,0,0,Same-tissue replication: 3/3 concordant. Cross-tissue: 0/0 concordant.
SLC28A3,455,survived,up,3,0,0,Same-tissue replication: 3/3 concordant. Cross-tissue: 0/0 concordant.
SLC9A7,455,survived,up,3,0,0,Same-tissue replication: 3/3 concordant. Cross-tissue: 0/0 concordant.
SLFN13,455,survived,up,3,0,0,Same-tissue replication: 3/3 concordant. Cross-tissue: 0/0 concordant.
SLFN5,455,survived,up,3,0,0,Same-tissue replication: 3/3 concordant. Cross-tissue: 0/0 concordant.
SRGN,455,survived,up,3,0,0,Same-tissue replication: 3/3 concordant. Cross-tissue: 0/0 concordant.
STING1,455,survived,up,2,0,0,Same-tissue replication: 2/3 concordant. Cross-tissue: 0/0 concordant.
TNS4,455,survived,up,3,0,0,Same-tissue replication: 3/3 concordant. Cross-tissue: 0/0 concordant.
APOBEC3G,456,survived,up,3,0,0,Same-tissue replication: 3/3 concordant. Cross-tissue: 0/0 concordant.
GNB4,456,survived,up,3,0,0,Same-tissue replication: 3/3 concordant. Cross-tissue: 0/0 concordant.
MX2,456,survived,up,3,0,0,Same-tissue replication: 3/3 concordant. Cross-tissue: 0/0 concordant.
PEA15,456,survived,up,3,0,0,Same-tissue replication: 3/3 concordant. Cross-tissue: 0/0 concordant.
PMAIP1,456,survived,up,2,0,0,Same-tissue replication: 2/3 concordant. Cross-tissue: 0/0 concordant.
COA4,457,eliminated,down,1,1,0,Significant opposite direction in same-tissue dataset(s): ['GSE38713']. Discovery direction: down.
DYRK1A,457,survived,down,3,0,0,Same-tissue replication: 3/3 concordant. Cross-tissue: 0/0 concordant.
RYR1,457,survived,down,2,0,0,Same-tissue replication: 2/3 concordant. Cross-tissue: 0/0 concordant.
SETD6,457,eliminated,down,2,1,0,Significant opposite direction in same-tissue dataset(s): ['GSE38713']. Discovery direction: down.
WFDC13,457,survived,down,3,0,0,Same-tissue replication: 3/3 concordant. Cross-tissue: 0/0 concordant.
ZBTB48,457,survived,down,3,0,0,Same-tissue replication: 3/3 concordant. Cross-tissue: 0/0 concordant.
ZXDC,457,survived,down,2,0,0,Same-tissue replication: 2/3 concordant. Cross-tissue: 0/0 concordant.
EEPD1,458,survived,down,2,0,0,Same-tissue replication: 2/3 concordant. Cross-tissue: 0/0 concordant.
ENPP5,458,survived,down,3,0,0,Same-tissue replication: 3/3 concordant. Cross-tissue: 0/0 concordant.
GLP1R,458,survived,down,2,0,0,Same-tissue replication: 2/3 concordant. Cross-tissue: 0/0 concordant.
LAMB3,458,survived,down,3,0,0,Same-tissue replication: 3/3 concordant. Cross-tissue: 0/0 concordant.
OR14I1,458,insufficient_data,down,0,0,0,No replication data available for this gene.
PPP4R2,458,survived,down,3,0,0,Same-tissue replication: 3/3 concordant. Cross-tissue: 0/0 concordant.
RAB18,458,eliminated,down,1,1,0,Significant opposite direction in same-tissue dataset(s): ['GSE87466']. Discovery direction: down.
RIPK4,458,survived,down,3,0,0,Same-tissue replication: 3/3 concordant. Cross-tissue: 0/0 concordant.
RMDN1,458,survived,down,2,0,0,Same-tissue replication: 2/3 concordant. Cross-tissue: 0/0 concordant.
SIDT2,458,survived,down,3,0,0,Same-tissue replication: 3/3 concordant. Cross-tissue: 0/0 concordant.
SLC31A1,458,eliminated,down,0,2,0,"Significant opposite direction in same-tissue dataset(s): ['GSE87466', 'GSE36807']. Discovery direction: down."
SMCHD1,458,survived,down,3,0,0,Same-tissue replication: 3/3 concordant. Cross-tissue: 0/0 concordant.
TOMM22,458,survived,down,3,0,0,Same-tissue replication: 3/3 concordant. Cross-tissue: 0/0 concordant.
VSTM2A,458,survived,down,3,0,0,Same-tissue replication: 3/3 concordant. Cross-tissue: 0/0 concordant.
YEATS4,458,survived,down,2,0,0,Same-tissue replication: 2/3 concordant. Cross-tissue: 0/0 concordant.
KDM3A,459,survived,down,3,0,0,Same-tissue replication: 3/3 concordant. Cross-tissue: 0/0 concordant.
MDH1,459,survived,down,3,0,0,Same-tissue replication: 3/3 concordant. Cross-tissue: 0/0 concordant.
SERBP1,459,eliminated,down,2,1,0,Significant opposite direction in same-tissue dataset(s): ['GSE38713']. Discovery direction: down.
TIMMDC1,459,survived,down,2,0,0,Same-tissue replication: 2/3 concordant. Cross-tissue: 0/0 concordant.
TYW5,459,eliminated,down,1,1,0,Significant opposite direction in same-tissue dataset(s): ['GSE38713']. Discovery direction: down.
UQCRB,459,survived,down,3,0,0,Same-tissue replication: 3/3 concordant. Cross-tissue: 0/0 concordant.
ZNF81,459,survived,down,3,0,0,Same-tissue replication: 3/3 concordant. Cross-tissue: 0/0 concordant.
FPR3,460,survived,up,3,0,0,Same-tissue replication: 3/3 concordant. Cross-tissue: 0/0 concordant.
JCHAIN,460,survived,up,2,0,0,Same-tissue replication: 2/3 concordant. Cross-tissue: 0/0 concordant.
LAIR2,460,survived,up,3,0,0,Same-tissue replication: 3/3 concordant. Cross-tissue: 0/0 concordant.
LCP1,460,survived,up,3,0,0,Same-tissue replication: 3/3 concordant. Cross-tissue: 0/0 concordant.
MECOM,460,eliminated,up,0,1,0,Significant opposite direction in same-tissue dataset(s): ['GSE36807']. Discovery direction: up.
NCKAP1L,460,survived,up,3,0,0,Same-tissue replication: 3/3 concordant. Cross-tissue: 0/0 concordant.
PDE7B,460,survived,up,2,0,0,Same-tissue replication: 2/3 concordant. Cross-tissue: 0/0 concordant.
PTCH2,460,eliminated,up,1,1,0,Significant opposite direction in same-tissue dataset(s): ['GSE87466']. Discovery direction: up.
ADGRE5,461,survived,up,3,0,0,Same-tissue replication: 3/3 concordant. Cross-tissue: 0/0 concordant.
AZGP1,461,survived,up,3,0,0,Same-tissue replication: 3/3 concordant. Cross-tissue: 0/0 concordant.
CBR3,461,survived,up,3,0,0,Same-tissue replication: 3/3 concordant. Cross-tissue: 0/0 concordant.
HSPA4L,461,survived,up,3,0,0,Same-tissue replication: 3/3 concordant. Cross-tissue: 0/0 concordant.
ICAM2,461,survived,up,3,0,0,Same-tissue replication: 3/3 concordant. Cross-tissue: 0/0 concordant.
NRP1,461,survived,up,3,0,0,Same-tissue replication: 3/3 concordant. Cross-tissue: 0/0 concordant.
TC2N,461,survived,up,3,0,0,Same-tissue replication: 3/3 concordant. Cross-tissue: 0/0 concordant.
TCTN1,461,survived,up,2,0,0,Same-tissue replication: 2/3 concordant. Cross-tissue: 0/0 concordant.
ALCAM,462,survived,up,3,0,0,Same-tissue replication: 3/3 concordant. Cross-tissue: 0/0 concordant.
CCNB1,462,survived,up,3,0,0,Same-tissue replication: 3/3 concordant. Cross-tissue: 0/0 concordant.
EAF2,462,survived,up,3,0,0,Same-tissue replication: 3/3 concordant. Cross-tissue: 0/0 concordant.
FLNC,462,survived,up,3,0,0,Same-tissue replication: 3/3 concordant. Cross-tissue: 0/0 concordant.
GPCPD1,462,survived,up,3,0,0,Same-tissue replication: 3/3 concordant. Cross-tissue: 0/0 concordant.
HSPA6,462,survived,up,3,0,0,Same-tissue replication: 3/3 concordant. Cross-tissue: 0/0 concordant.
RNF144B,462,survived,up,3,0,0,Same-tissue replication: 3/3 concordant. Cross-tissue: 0/0 concordant.
RNF183,462,survived,up,3,0,0,Same-tissue replication: 3/3 concordant. Cross-tissue: 0/0 concordant.
TRIB1,462,survived,up,2,0,0,Same-tissue replication: 2/3 concordant. Cross-tissue: 0/0 concordant.
ABHD4,463,survived,down,2,0,0,Same-tissue replication: 2/3 concordant. Cross-tissue: 0/0 concordant.
BTD,463,survived,down,3,0,0,Same-tissue replication: 3/3 concordant. Cross-tissue: 0/0 concordant.
CHMP5,463,survived,down,3,0,0,Same-tissue replication: 3/3 concordant. Cross-tissue: 0/0 concordant.
COQ5,463,survived,down,3,0,0,Same-tissue replication: 3/3 concordant. Cross-tissue: 0/0 concordant.
DNPH1,463,survived,down,2,0,0,Same-tissue replication: 2/3 concordant. Cross-tissue: 0/0 concordant.
EPDR1,463,survived,down,3,0,0,Same-tissue replication: 3/3 concordant. Cross-tissue: 0/0 concordant.
ME2,463,survived,down,2,0,0,Same-tissue replication: 2/3 concordant. Cross-tissue: 0/0 concordant.
SCN9A,463,survived,down,3,0,0,Same-tissue replication: 3/3 concordant. Cross-tissue: 0/0 concordant.
TMEM116,463,survived,down,2,0,0,Same-tissue replication: 2/3 concordant. Cross-tissue: 0/0 concordant.
ABRACL,464,survived,down,2,0,0,Same-tissue replication: 2/3 concordant. Cross-tissue: 0/0 concordant.
FAH,464,survived,down,3,0,0,Same-tissue replication: 3/3 concordant. Cross-tissue: 0/0 concordant.
GFER,464,survived,down,2,0,0,Same-tissue replication: 2/3 concordant. Cross-tissue: 0/0 concordant.
RILP,464,survived,down,3,0,0,Same-tissue replication: 3/3 concordant. Cross-tissue: 0/0 concordant.
SH3YL1,464,survived,down,3,0,0,Same-tissue replication: 3/3 concordant. Cross-tissue: 0/0 concordant.
SNX12,464,survived,down,3,0,0,Same-tissue replication: 3/3 concordant. Cross-tissue: 0/0 concordant.
ABL2,465,survived,up,3,0,0,Same-tissue replication: 3/3 concordant. Cross-tissue: 0/0 concordant.
CYBC1,465,survived,up,3,0,0,Same-tissue replication: 3/3 concordant. Cross-tissue: 0/0 concordant.
DDOST,465,survived,up,3,0,0,Same-tissue replication: 3/3 concordant. Cross-tissue: 0/0 concordant.
ERN1,465,survived,up,2,0,0,Same-tissue replication: 2/3 concordant. Cross-tissue: 0/0 concordant.
GCN1,465,survived,up,3,0,0,Same-tissue replication: 3/3 concordant. Cross-tissue: 0/0 concordant.
HDLBP,465,survived,up,3,0,0,Same-tissue replication: 3/3 concordant. Cross-tissue: 0/0 concordant.
MAPK1IP1L,465,survived,up,3,0,0,Same-tissue replication: 3/3 concordant. Cross-tissue: 0/0 concordant.
MRPL50,465,survived,up,3,0,0,Same-tissue replication: 3/3 concordant. Cross-tissue: 0/0 concordant.
PREB,465,survived,up,3,0,0,Same-tissue replication: 3/3 concordant. Cross-tissue: 0/0 concordant.
SRF,465,survived,up,3,0,0,Same-tissue replication: 3/3 concordant. Cross-tissue: 0/0 concordant.
TMSB10,465,survived,up,3,0,0,Same-tissue replication: 3/3 concordant. Cross-tissue: 0/0 concordant.
TOR3A,465,survived,up,3,0,0,Same-tissue replication: 3/3 concordant. Cross-tissue: 0/0 concordant.
FTSJ1,466,survived,up,3,0,0,Same-tissue replication: 3/3 concordant. Cross-tissue: 0/0 concordant.
MAD2L2,466,survived,up,3,0,0,Same-tissue replication: 3/3 concordant. Cross-tissue: 0/0 concordant.
MEI1,466,survived,up,3,0,0,Same-tissue replication: 3/3 concordant. Cross-tissue: 0/0 concordant.
MTDH,466,survived,up,3,0,0,Same-tissue replication: 3/3 concordant. Cross-tissue: 0/0 concordant.
P4HB,466,survived,up,3,0,0,Same-tissue replication: 3/3 concordant. Cross-tissue: 0/0 concordant.
SLC22A15,466,survived,up,3,0,0,Same-tissue replication: 3/3 concordant. Cross-tissue: 0/0 concordant.
SMIM3,466,survived,up,3,0,0,Same-tissue replication: 3/3 concordant. Cross-tissue: 0/0 concordant.
EMCN,467,survived,up,3,0,0,Same-tissue replication: 3/3 concordant. Cross-tissue: 0/0 concordant.
EML1,467,survived,up,3,0,0,Same-tissue replication: 3/3 concordant. Cross-tissue: 0/0 concordant.
FILIP1L,467,survived,up,3,0,0,Same-tissue replication: 3/3 concordant. Cross-tissue: 0/0 concordant.
GLCCI1,467,survived,up,3,0,0,Same-tissue replication: 3/3 concordant. Cross-tissue: 0/0 concordant.
JAK3,467,survived,up,3,0,0,Same-tissue replication: 3/3 concordant. Cross-tissue: 0/0 concordant.
LRRC32,467,survived,up,3,0,0,Same-tissue replication: 3/3 concordant. Cross-tissue: 0/0 concordant.
PLK3,467,survived,up,1,0,0,Same-tissue replication: 1/3 concordant. Cross-tissue: 0/0 concordant.
SDC3,467,survived,up,3,0,0,Same-tissue replication: 3/3 concordant. Cross-tissue: 0/0 concordant.
CCL11,468,survived,up,3,0,0,Same-tissue replication: 3/3 concordant. Cross-tissue: 0/0 concordant.
CRISPLD2,468,survived,up,3,0,0,Same-tissue replication: 3/3 concordant. Cross-tissue: 0/0 concordant.
FGR,468,survived,up,3,0,0,Same-tissue replication: 3/3 concordant. Cross-tissue: 0/0 concordant.
KCNN3,468,survived,up,3,0,0,Same-tissue replication: 3/3 concordant. Cross-tissue: 0/0 concordant.
LILRA5,468,survived,up,3,0,0,Same-tissue replication: 3/3 concordant. Cross-tissue: 0/0 concordant.
TEK,468,survived,up,3,0,0,Same-tissue replication: 3/3 concordant. Cross-tissue: 0/0 concordant.
AHNAK2,469,survived,up,2,0,0,Same-tissue replication: 2/3 concordant. Cross-tissue: 0/0 concordant.
CLEC14A,469,survived,up,3,0,0,Same-tissue replication: 3/3 concordant. Cross-tissue: 0/0 concordant.
COL5A1,469,survived,up,3,0,0,Same-tissue replication: 3/3 concordant. Cross-tissue: 0/0 concordant.
DYSF,469,survived,up,3,0,0,Same-tissue replication: 3/3 concordant. Cross-tissue: 0/0 concordant.
FERMT2,469,survived,up,3,0,0,Same-tissue replication: 3/3 concordant. Cross-tissue: 0/0 concordant.
GRHL1,469,survived,up,3,0,0,Same-tissue replication: 3/3 concordant. Cross-tissue: 0/0 concordant.
LAMA4,469,survived,up,3,0,0,Same-tissue replication: 3/3 concordant. Cross-tissue: 0/0 concordant.
ARHGEF10,470,survived,up,3,0,0,Same-tissue replication: 3/3 concordant. Cross-tissue: 0/0 concordant.
ARL3,470,survived,up,3,0,0,Same-tissue replication: 3/3 concordant. Cross-tissue: 0/0 concordant.
CDC27,470,survived,up,3,0,0,Same-tissue replication: 3/3 concordant. Cross-tissue: 0/0 concordant.
ITGB4,470,survived,up,3,0,0,Same-tissue replication: 3/3 concordant. Cross-tissue: 0/0 concordant.
PLPPR2,470,survived,up,3,0,0,Same-tissue replication: 3/3 concordant. Cross-tissue: 0/0 concordant.
PPRC1,470,survived,up,3,0,0,Same-tissue replication: 3/3 concordant. Cross-tissue: 0/0 concordant.
ZNF281,470,survived,up,3,0,0,Same-tissue replication: 3/3 concordant. Cross-tissue: 0/0 concordant.
AKIRIN2,471,survived,up,3,0,0,Same-tissue replication: 3/3 concordant. Cross-tissue: 0/0 concordant.
CADM1,471,survived,up,3,0,0,Same-tissue replication: 3/3 concordant. Cross-tissue: 0/0 concordant.
CLEC4D,471,survived,up,3,0,0,Same-tissue replication: 3/3 concordant. Cross-tissue: 0/0 concordant.
FST,471,survived,up,3,0,0,Same-tissue replication: 3/3 concordant. Cross-tissue: 0/0 concordant.
HSPA5,471,survived,up,3,0,0,Same-tissue replication: 3/3 concordant. Cross-tissue: 0/0 concordant.
KCNE4,471,survived,up,3,0,0,Same-tissue replication: 3/3 concordant. Cross-tissue: 0/0 concordant.
MAP4K4,471,survived,up,3,0,0,Same-tissue replication: 3/3 concordant. Cross-tissue: 0/0 concordant.
POLD3,471,survived,up,3,0,0,Same-tissue replication: 3/3 concordant. Cross-tissue: 0/0 concordant.
SLC16A6,471,survived,up,3,0,0,Same-tissue replication: 3/3 concordant. Cross-tissue: 0/0 concordant.
SPATS2,471,survived,up,3,0,0,Same-tissue replication: 3/3 concordant. Cross-tissue: 0/0 concordant.
TRAFD1,471,survived,up,3,0,0,Same-tissue replication: 3/3 concordant. Cross-tissue: 0/0 concordant.
TRIM69,471,survived,up,3,0,0,Same-tissue replication: 3/3 concordant. Cross-tissue: 0/0 concordant.
CLEC18B,472,survived,down,1,0,0,Same-tissue replication: 1/1 concordant. Cross-tissue: 0/0 concordant.
GSK3A,472,survived,down,2,0,0,Same-tissue replication: 2/3 concordant. Cross-tissue: 0/0 concordant.
NCKIPSD,472,survived,down,3,0,0,Same-tissue replication: 3/3 concordant. Cross-tissue: 0/0 concordant.
TAS2R5,472,survived,down,3,0,0,Same-tissue replication: 3/3 concordant. Cross-tissue: 0/0 concordant.
ZC4H2,472,survived,down,3,0,0,Same-tissue replication: 3/3 concordant. Cross-tissue: 0/0 concordant.
CD109,473,survived,up,3,0,0,Same-tissue replication: 3/3 concordant. Cross-tissue: 0/0 concordant.
CPXM1,473,survived,up,3,0,0,Same-tissue replication: 3/3 concordant. Cross-tissue: 0/0 concordant.
EPHB1,473,eliminated,up,2,1,0,Significant opposite direction in same-tissue dataset(s): ['GSE87466']. Discovery direction: up.
IL1RAP,473,survived,up,3,0,0,Same-tissue replication: 3/3 concordant. Cross-tissue: 0/0 concordant.
MAP3K8,473,survived,up,3,0,0,Same-tissue replication: 3/3 concordant. Cross-tissue: 0/0 concordant.
SPAG4,473,survived,up,3,0,0,Same-tissue replication: 3/3 concordant. Cross-tissue: 0/0 concordant.
LRRC4,474,eliminated,up,2,1,0,Significant opposite direction in same-tissue dataset(s): ['GSE38713']. Discovery direction: up.
NUMBL,474,survived,up,3,0,0,Same-tissue replication: 3/3 concordant. Cross-tissue: 0/0 concordant.
PARVA,474,survived,up,3,0,0,Same-tissue replication: 3/3 concordant. Cross-tissue: 0/0 concordant.
PTPA,474,survived,up,3,0,0,Same-tissue replication: 3/3 concordant. Cross-tissue: 0/0 concordant.
IPO9,475,survived,up,3,0,0,Same-tissue replication: 3/3 concordant. Cross-tissue: 0/0 concordant.
RANBP2,475,survived,up,3,0,0,Same-tissue replication: 3/3 concordant. Cross-tissue: 0/0 concordant.
RRM1,475,survived,up,2,0,0,Same-tissue replication: 2/3 concordant. Cross-tissue: 0/0 concordant.
RUSC2,475,survived,up,3,0,0,Same-tissue replication: 3/3 concordant. Cross-tissue: 0/0 concordant.
TMCC1,475,survived,up,2,0,0,Same-tissue replication: 2/3 concordant. Cross-tissue: 0/0 concordant.
ZKSCAN7,475,survived,up,2,0,0,Same-tissue replication: 2/3 concordant. Cross-tissue: 0/0 concordant.
CYP39A1,476,survived,up,2,0,0,Same-tissue replication: 2/3 concordant. Cross-tissue: 0/0 concordant.
DNAJC1,476,survived,up,3,0,0,Same-tissue replication: 3/3 concordant. Cross-tissue: 0/0 concordant.
DNASE2,476,survived,up,3,0,0,Same-tissue replication: 3/3 concordant. Cross-tissue: 0/0 concordant.
KLK8,476,survived,up,3,0,0,Same-tissue replication: 3/3 concordant. Cross-tissue: 0/0 concordant.
ZBTB46,476,survived,up,2,0,0,Same-tissue replication: 2/3 concordant. Cross-tissue: 0/0 concordant.
AEN,477,survived,up,3,0,0,Same-tissue replication: 3/3 concordant. Cross-tissue: 0/0 concordant.
DCLRE1B,477,survived,up,2,0,0,Same-tissue replication: 2/3 concordant. Cross-tissue: 0/0 concordant.
DTYMK,477,survived,up,2,0,0,Same-tissue replication: 2/3 concordant. Cross-tissue: 0/0 concordant.
GTF2IRD1,477,survived,up,3,0,0,Same-tissue replication: 3/3 concordant. Cross-tissue: 0/0 concordant.
MAK16,477,survived,up,3,0,0,Same-tissue replication: 3/3 concordant. Cross-tissue: 0/0 concordant.
PGF,477,eliminated,up,0,1,0,Significant opposite direction in same-tissue dataset(s): ['GSE36807']. Discovery direction: up.
SEC61B,477,survived,up,3,0,0,Same-tissue replication: 3/3 concordant. Cross-tissue: 0/0 concordant.
TLNRD1,477,survived,up,3,0,0,Same-tissue replication: 3/3 concordant. Cross-tissue: 0/0 concordant.
TMEM120B,477,survived,up,2,0,0,Same-tissue replication: 2/3 concordant. Cross-tissue: 0/0 concordant.
ALDH1L2,478,survived,up,3,0,0,Same-tissue replication: 3/3 concordant. Cross-tissue: 0/0 concordant.
APOL2,478,survived,up,3,0,0,Same-tissue replication: 3/3 concordant. Cross-tissue: 0/0 concordant.
CEBPB,478,survived,up,3,0,0,Same-tissue replication: 3/3 concordant. Cross-tissue: 0/0 concordant.
GFUS,478,survived,up,3,0,0,Same-tissue replication: 3/3 concordant. Cross-tissue: 0/0 concordant.
JUNB,478,survived,up,2,0,0,Same-tissue replication: 2/3 concordant. Cross-tissue: 0/0 concordant.
LY6E,478,survived,up,3,0,0,Same-tissue replication: 3/3 concordant. Cross-tissue: 0/0 concordant.
MATCAP2,478,survived,up,3,0,0,Same-tissue replication: 3/3 concordant. Cross-tissue: 0/0 concordant.
MYEOV,478,survived,up,3,0,0,Same-tissue replication: 3/3 concordant. Cross-tissue: 0/0 concordant.
OLFML2B,478,survived,up,3,0,0,Same-tissue replication: 3/3 concordant. Cross-tissue: 0/0 concordant.
PTAFR,478,survived,up,3,0,0,Same-tissue replication: 3/3 concordant. Cross-tissue: 0/0 concordant.
PTP4A3,478,eliminated,up,2,1,0,Significant opposite direction in same-tissue dataset(s): ['GSE87466']. Discovery direction: up.
APOL4,479,survived,up,3,0,0,Same-tissue replication: 3/3 concordant. Cross-tissue: 0/0 concordant.
DIPK2B,479,survived,up,3,0,0,Same-tissue replication: 3/3 concordant. Cross-tissue: 0/0 concordant.
EGR3,479,survived,up,3,0,0,Same-tissue replication: 3/3 concordant. Cross-tissue: 0/0 concordant.
GFPT2,479,survived,up,3,0,0,Same-tissue replication: 3/3 concordant. Cross-tissue: 0/0 concordant.
IFNG,479,survived,up,3,0,0,Same-tissue replication: 3/3 concordant. Cross-tissue: 0/0 concordant.
LPIN1,479,survived,up,3,0,0,Same-tissue replication: 3/3 concordant. Cross-tissue: 0/0 concordant.
PLCB1,479,survived,up,3,0,0,Same-tissue replication: 3/3 concordant. Cross-tissue: 0/0 concordant.
SLC11A1,479,survived,up,1,0,0,Same-tissue replication: 1/3 concordant. Cross-tissue: 0/0 concordant.
SRPX2,479,survived,up,3,0,0,Same-tissue replication: 3/3 concordant. Cross-tissue: 0/0 concordant.
CAMK2G,480,survived,down,3,0,0,Same-tissue replication: 3/3 concordant. Cross-tissue: 0/0 concordant.
CERK,480,survived,down,3,0,0,Same-tissue replication: 3/3 concordant. Cross-tissue: 0/0 concordant.
COX5B,480,survived,down,3,0,0,Same-tissue replication: 3/3 concordant. Cross-tissue: 0/0 concordant.
FOXJ3,480,survived,down,3,0,0,Same-tissue replication: 3/3 concordant. Cross-tissue: 0/0 concordant.
FOXO4,480,survived,down,3,0,0,Same-tissue replication: 3/3 concordant. Cross-tissue: 0/0 concordant.
LRRFIP2,480,survived,down,3,0,0,Same-tissue replication: 3/3 concordant. Cross-tissue: 0/0 concordant.
NDUFB5,480,survived,down,3,0,0,Same-tissue replication: 3/3 concordant. Cross-tissue: 0/0 concordant.
NHSL3,480,survived,down,3,0,0,Same-tissue replication: 3/3 concordant. Cross-tissue: 0/0 concordant.
POLR2H,480,survived,down,3,0,0,Same-tissue replication: 3/3 concordant. Cross-tissue: 0/0 concordant.
RSBN1,480,survived,down,3,0,0,Same-tissue replication: 3/3 concordant. Cross-tissue: 0/0 concordant.
SLC67A2,480,survived,down,3,0,0,Same-tissue replication: 3/3 concordant. Cross-tissue: 0/0 concordant.
TMEM161B,480,survived,down,3,0,0,Same-tissue replication: 3/3 concordant. Cross-tissue: 0/0 concordant.
BRPF3,481,survived,down,3,0,0,Same-tissue replication: 3/3 concordant. Cross-tissue: 0/0 concordant.
ERLIN2,481,survived,down,3,0,0,Same-tissue replication: 3/3 concordant. Cross-tissue: 0/0 concordant.
LIMA1,481,survived,down,3,0,0,Same-tissue replication: 3/3 concordant. Cross-tissue: 0/0 concordant.
MIDEAS,481,survived,down,3,0,0,Same-tissue replication: 3/3 concordant. Cross-tissue: 0/0 concordant.
MRPL48,481,survived,down,3,0,0,Same-tissue replication: 3/3 concordant. Cross-tissue: 0/0 concordant.
NDUFA6,481,survived,down,3,0,0,Same-tissue replication: 3/3 concordant. Cross-tissue: 0/0 concordant.
NDUFS1,481,survived,down,3,0,0,Same-tissue replication: 3/3 concordant. Cross-tissue: 0/0 concordant.
PET117,481,survived,down,3,0,0,Same-tissue replication: 3/3 concordant. Cross-tissue: 0/0 concordant.
PSEN1,481,survived,down,3,0,0,Same-tissue replication: 3/3 concordant. Cross-tissue: 0/0 concordant.
AMN,482,survived,down,3,0,0,Same-tissue replication: 3/3 concordant. Cross-tissue: 0/0 concordant.
ANO5,482,survived,down,3,0,0,Same-tissue replication: 3/3 concordant. Cross-tissue: 0/0 concordant.
APOM,482,survived,down,2,0,0,Same-tissue replication: 2/3 concordant. Cross-tissue: 0/0 concordant.
CDHR2,482,survived,down,2,0,0,Same-tissue replication: 2/3 concordant. Cross-tissue: 0/0 concordant.
FLVCR2,482,eliminated,down,2,1,0,Significant opposite direction in same-tissue dataset(s): ['GSE36807']. Discovery direction: down.
IL32,482,eliminated,down,2,1,0,Significant opposite direction in same-tissue dataset(s): ['GSE36807']. Discovery direction: down.
NAP1L2,482,survived,down,3,0,0,Same-tissue replication: 3/3 concordant. Cross-tissue: 0/0 concordant.
REN,482,survived,down,2,0,0,Same-tissue replication: 2/3 concordant. Cross-tissue: 0/0 concordant.
SLC1A7,482,survived,down,2,0,0,Same-tissue replication: 2/3 concordant. Cross-tissue: 0/0 concordant.
SLC39A4,482,survived,down,3,0,0,Same-tissue replication: 3/3 concordant. Cross-tissue: 0/0 concordant.
SLC46A1,482,survived,down,3,0,0,Same-tissue replication: 3/3 concordant. Cross-tissue: 0/0 concordant.
SPMIP6,482,survived,down,3,0,0,Same-tissue replication: 3/3 concordant. Cross-tissue: 0/0 concordant.
SSUH2,482,survived,down,2,0,0,Same-tissue replication: 2/3 concordant. Cross-tissue: 0/0 concordant.
BMF,483,eliminated,down,2,1,0,Significant opposite direction in same-tissue dataset(s): ['GSE36807']. Discovery direction: down.
CCDC159,483,survived,down,2,0,0,Same-tissue replication: 2/3 concordant. Cross-tissue: 0/0 concordant.
IDNK,483,survived,down,3,0,0,Same-tissue replication: 3/3 concordant. Cross-tissue: 0/0 concordant.
KCTD4,483,survived,down,2,0,0,Same-tissue replication: 2/3 concordant. Cross-tissue: 0/0 concordant.
OSBPL11,483,survived,down,2,0,0,Same-tissue replication: 2/3 concordant. Cross-tissue: 0/0 concordant.
SMPD3,483,survived,down,3,0,0,Same-tissue replication: 3/3 concordant. Cross-tissue: 0/0 concordant.
ZNF415,483,survived,down,3,0,0,Same-tissue replication: 3/3 concordant. Cross-tissue: 0/0 concordant.
ZNF43,483,survived,down,3,0,0,Same-tissue replication: 3/3 concordant. Cross-tissue: 0/0 concordant.
ZNF675,483,survived,down,3,0,0,Same-tissue replication: 3/3 concordant. Cross-tissue: 0/0 concordant.
ZNF681,483,survived,down,3,0,0,Same-tissue replication: 3/3 concordant. Cross-tissue: 0/0 concordant.
AP3D1,484,survived,up,3,0,0,Same-tissue replication: 3/3 concordant. Cross-tissue: 0/0 concordant.
BICD1,484,survived,up,3,0,0,Same-tissue replication: 3/3 concordant. Cross-tissue: 0/0 concordant.
CLCF1,484,survived,up,3,0,0,Same-tissue replication: 3/3 concordant. Cross-tissue: 0/0 concordant.
ERCC6L,484,survived,up,3,0,0,Same-tissue replication: 3/3 concordant. Cross-tissue: 0/0 concordant.
MAP9,484,survived,up,3,0,0,Same-tissue replication: 3/3 concordant. Cross-tissue: 0/0 concordant.
MRGPRF,484,survived,up,3,0,0,Same-tissue replication: 3/3 concordant. Cross-tissue: 0/0 concordant.
SNX20,484,survived,up,3,0,0,Same-tissue replication: 3/3 concordant. Cross-tissue: 0/0 concordant.
ARFGAP3,485,survived,up,3,0,0,Same-tissue replication: 3/3 concordant. Cross-tissue: 0/0 concordant.
CD34,485,survived,up,3,0,0,Same-tissue replication: 3/3 concordant. Cross-tissue: 0/0 concordant.
CD5,485,survived,up,3,0,0,Same-tissue replication: 3/3 concordant. Cross-tissue: 0/0 concordant.
RHOH,485,survived,up,3,0,0,Same-tissue replication: 3/3 concordant. Cross-tissue: 0/0 concordant.
SLCO1B7,485,insufficient_data,up,0,0,0,No replication data available for this gene.
TPST1,485,survived,up,3,0,0,Same-tissue replication: 3/3 concordant. Cross-tissue: 0/0 concordant.
TTYH3,485,survived,up,3,0,0,Same-tissue replication: 3/3 concordant. Cross-tissue: 0/0 concordant.
ACADVL,486,survived,down,3,0,0,Same-tissue replication: 3/3 concordant. Cross-tissue: 0/0 concordant.
CCDC68,486,survived,down,2,0,0,Same-tissue replication: 2/3 concordant. Cross-tissue: 0/0 concordant.
CYP2R1,486,survived,down,3,0,0,Same-tissue replication: 3/3 concordant. Cross-tissue: 0/0 concordant.
DPY19L4,486,survived,down,3,0,0,Same-tissue replication: 3/3 concordant. Cross-tissue: 0/0 concordant.
HEXIM1,486,survived,down,3,0,0,Same-tissue replication: 3/3 concordant. Cross-tissue: 0/0 concordant.
HYI,486,survived,down,3,0,0,Same-tissue replication: 3/3 concordant. Cross-tissue: 0/0 concordant.
MPPE1,486,survived,down,3,0,0,Same-tissue replication: 3/3 concordant. Cross-tissue: 0/0 concordant.
PNPO,486,survived,down,3,0,0,Same-tissue replication: 3/3 concordant. Cross-tissue: 0/0 concordant.
PRR13,486,survived,down,2,0,0,Same-tissue replication: 2/3 concordant. Cross-tissue: 0/0 concordant.
SACK1B,486,survived,down,3,0,0,Same-tissue replication: 3/3 concordant. Cross-tissue: 0/0 concordant.
SCARB2,486,survived,down,3,0,0,Same-tissue replication: 3/3 concordant. Cross-tissue: 0/0 concordant.
SLC39A14,486,survived,down,3,0,0,Same-tissue replication: 3/3 concordant. Cross-tissue: 0/0 concordant.
TEF,486,survived,down,3,0,0,Same-tissue replication: 3/3 concordant. Cross-tissue: 0/0 concordant.
TLE3,486,survived,down,3,0,0,Same-tissue replication: 3/3 concordant. Cross-tissue: 0/0 concordant.
ZNF493,486,survived,down,3,0,0,Same-tissue replication: 3/3 concordant. Cross-tissue: 0/0 concordant.
CAB39,487,survived,down,3,0,0,Same-tissue replication: 3/3 concordant. Cross-tissue: 0/0 concordant.
CPTP,487,survived,down,3,0,0,Same-tissue replication: 3/3 concordant. Cross-tissue: 0/0 concordant.
GOT1,487,survived,down,3,0,0,Same-tissue replication: 3/3 concordant. Cross-tissue: 0/0 concordant.
SLC25A26,487,survived,down,3,0,0,Same-tissue replication: 3/3 concordant. Cross-tissue: 0/0 concordant.
SPOPL,487,survived,down,3,0,0,Same-tissue replication: 3/3 concordant. Cross-tissue: 0/0 concordant.
ATAD2,488,survived,up,3,0,0,Same-tissue replication: 3/3 concordant. Cross-tissue: 0/0 concordant.
BID,488,survived,up,3,0,0,Same-tissue replication: 3/3 concordant. Cross-tissue: 0/0 concordant.
CHAC2,488,survived,up,3,0,0,Same-tissue replication: 3/3 concordant. Cross-tissue: 0/0 concordant.
CKS2,488,survived,up,3,0,0,Same-tissue replication: 3/3 concordant. Cross-tissue: 0/0 concordant.
CYLD,488,survived,up,2,0,0,Same-tissue replication: 2/3 concordant. Cross-tissue: 0/0 concordant.
FANCA,488,survived,up,3,0,0,Same-tissue replication: 3/3 concordant. Cross-tissue: 0/0 concordant.
H2AZ1,488,survived,up,3,0,0,Same-tissue replication: 3/3 concordant. Cross-tissue: 0/0 concordant.
HLX,488,survived,up,3,0,0,Same-tissue replication: 3/3 concordant. Cross-tissue: 0/0 concordant.
KRT17,488,survived,up,3,0,0,Same-tissue replication: 3/3 concordant. Cross-tissue: 0/0 concordant.
MRTO4,488,survived,up,3,0,0,Same-tissue replication: 3/3 concordant. Cross-tissue: 0/0 concordant.
MSH6,488,survived,up,3,0,0,Same-tissue replication: 3/3 concordant. Cross-tissue: 0/0 concordant.
NAV2,488,survived,up,2,0,0,Same-tissue replication: 2/3 concordant. Cross-tissue: 0/0 concordant.
NPDC1,488,survived,up,2,0,0,Same-tissue replication: 2/3 concordant. Cross-tissue: 0/0 concordant.
NT5C3B,488,survived,up,3,0,0,Same-tissue replication: 3/3 concordant. Cross-tissue: 0/0 concordant.
PBK,488,survived,up,2,0,0,Same-tissue replication: 2/3 concordant. Cross-tissue: 0/0 concordant.
PBX2,488,survived,up,1,0,0,Same-tissue replication: 1/3 concordant. Cross-tissue: 0/0 concordant.
PLXNA3,488,survived,up,3,0,0,Same-tissue replication: 3/3 concordant. Cross-tissue: 0/0 concordant.
SAV1,488,survived,up,1,0,0,Same-tissue replication: 1/3 concordant. Cross-tissue: 0/0 concordant.
SCD5,488,survived,up,3,0,0,Same-tissue replication: 3/3 concordant. Cross-tissue: 0/0 concordant.
SH2B3,488,survived,up,3,0,0,Same-tissue replication: 3/3 concordant. Cross-tissue: 0/0 concordant.
STARD4,488,survived,up,3,0,0,Same-tissue replication: 3/3 concordant. Cross-tissue: 0/0 concordant.
YARS1,488,survived,up,3,0,0,Same-tissue replication: 3/3 concordant. Cross-tissue: 0/0 concordant.
ABI2,489,eliminated,up,2,1,0,Significant opposite direction in same-tissue dataset(s): ['GSE36807']. Discovery direction: up.
DCUN1D5,489,survived,up,3,0,0,Same-tissue replication: 3/3 concordant. Cross-tissue: 0/0 concordant.
KPNB1,489,survived,up,3,0,0,Same-tissue replication: 3/3 concordant. Cross-tissue: 0/0 concordant.
PHF19,489,survived,up,3,0,0,Same-tissue replication: 3/3 concordant. Cross-tissue: 0/0 concordant.
S100A16,489,survived,up,3,0,0,Same-tissue replication: 3/3 concordant. Cross-tissue: 0/0 concordant.
SEMA3F,489,survived,up,3,0,0,Same-tissue replication: 3/3 concordant. Cross-tissue: 0/0 concordant.
SLC43A1,489,survived,up,2,0,0,Same-tissue replication: 2/3 concordant. Cross-tissue: 0/0 concordant.
SRP72,489,survived,up,3,0,0,Same-tissue replication: 3/3 concordant. Cross-tissue: 0/0 concordant.
ZNF275,489,survived,up,3,0,0,Same-tissue replication: 3/3 concordant. Cross-tissue: 0/0 concordant.
ABCC6,491,survived,down,1,0,0,Same-tissue replication: 1/1 concordant. Cross-tissue: 0/0 concordant.
ASB7,491,survived,down,2,0,0,Same-tissue replication: 2/3 concordant. Cross-tissue: 0/0 concordant.
C1orf50,491,survived,down,3,0,0,Same-tissue replication: 3/3 concordant. Cross-tissue: 0/0 concordant.
CNOT7,491,survived,down,1,0,0,Same-tissue replication: 1/3 concordant. Cross-tissue: 0/0 concordant.
DDTL,491,survived,down,2,0,0,Same-tissue replication: 2/2 concordant. Cross-tissue: 0/0 concordant.
EPS8L3,491,survived,down,3,0,0,Same-tissue replication: 3/3 concordant. Cross-tissue: 0/0 concordant.
ZCCHC10,491,survived,down,3,0,0,Same-tissue replication: 3/3 concordant. Cross-tissue: 0/0 concordant.
ZDHHC21,491,survived,down,2,0,0,Same-tissue replication: 2/3 concordant. Cross-tissue: 0/0 concordant.
ZNF254,491,survived,down,3,0,0,Same-tissue replication: 3/3 concordant. Cross-tissue: 0/0 concordant.
ZNF33B,491,survived,down,3,0,0,Same-tissue replication: 3/3 concordant. Cross-tissue: 0/0 concordant.
ACOT12,492,survived,down,1,0,0,Same-tissue replication: 1/3 concordant. Cross-tissue: 0/0 concordant.
AMFR,492,survived,down,2,0,0,Same-tissue replication: 2/3 concordant. Cross-tissue: 0/0 concordant.
CCDC186,492,survived,down,1,0,0,Same-tissue replication: 1/3 concordant. Cross-tissue: 0/0 concordant.
CLPX,492,survived,down,3,0,0,Same-tissue replication: 3/3 concordant. Cross-tissue: 0/0 concordant.
CRKL,492,survived,down,3,0,0,Same-tissue replication: 3/3 concordant. Cross-tissue: 0/0 concordant.
ERMAP,492,survived,down,3,0,0,Same-tissue replication: 3/3 concordant. Cross-tissue: 0/0 concordant.
FAHD2B,492,insufficient_data,down,0,0,0,No replication data available for this gene.
FRS2,492,survived,down,3,0,0,Same-tissue replication: 3/3 concordant. Cross-tissue: 0/0 concordant.
GNPAT,492,survived,down,2,0,0,Same-tissue replication: 2/3 concordant. Cross-tissue: 0/0 concordant.
ING2,492,survived,down,2,0,0,Same-tissue replication: 2/3 concordant. Cross-tissue: 0/0 concordant.
LCN8,492,survived,down,2,0,0,Same-tissue replication: 2/3 concordant. Cross-tissue: 0/0 concordant.
MARK2,492,survived,down,2,0,0,Same-tissue replication: 2/3 concordant. Cross-tissue: 0/0 concordant.
MFSD1,492,survived,down,3,0,0,Same-tissue replication: 3/3 concordant. Cross-tissue: 0/0 concordant.
OR4K1,492,insufficient_data,down,0,0,0,No replication data available for this gene.
POLR3GL,492,survived,down,2,0,0,Same-tissue replication: 2/3 concordant. Cross-tissue: 0/0 concordant.
RABIF,492,eliminated,down,2,1,0,Significant opposite direction in same-tissue dataset(s): ['GSE36807']. Discovery direction: down.
SCTR,492,survived,down,3,0,0,Same-tissue replication: 3/3 concordant. Cross-tissue: 0/0 concordant.
SFTPC,492,survived,down,2,0,0,Same-tissue replication: 2/3 concordant. Cross-tissue: 0/0 concordant.
SMAP1,492,survived,down,2,0,0,Same-tissue replication: 2/3 concordant. Cross-tissue: 0/0 concordant.
SPRY3,492,survived,down,3,0,0,Same-tissue replication: 3/3 concordant. Cross-tissue: 0/0 concordant.
ZNF730,492,insufficient_data,down,0,0,0,No replication data available for this gene.
ARHGEF6,493,survived,up,3,0,0,Same-tissue replication: 3/3 concordant. Cross-tissue: 0/0 concordant.
CP,493,eliminated,up,2,1,0,Significant opposite direction in same-tissue dataset(s): ['GSE36807']. Discovery direction: up.
GDF15,493,survived,up,2,0,0,Same-tissue replication: 2/3 concordant. Cross-tissue: 0/0 concordant.
HJURP,493,survived,up,3,0,0,Same-tissue replication: 3/3 concordant. Cross-tissue: 0/0 concordant.
CD28,494,survived,up,3,0,0,Same-tissue replication: 3/3 concordant. Cross-tissue: 0/0 concordant.
CENPK,494,survived,up,2,0,0,Same-tissue replication: 2/3 concordant. Cross-tissue: 0/0 concordant.
SGO2,494,survived,up,3,0,0,Same-tissue replication: 3/3 concordant. Cross-tissue: 0/0 concordant.
ACP5,495,survived,up,3,0,0,Same-tissue replication: 3/3 concordant. Cross-tissue: 0/0 concordant.
AKAP12,495,survived,up,2,0,0,Same-tissue replication: 2/3 concordant. Cross-tissue: 0/0 concordant.
ARSG,495,survived,up,3,0,0,Same-tissue replication: 3/3 concordant. Cross-tissue: 0/0 concordant.
CEP78,495,survived,up,3,0,0,Same-tissue replication: 3/3 concordant. Cross-tissue: 0/0 concordant.
COQ2,495,survived,up,2,0,0,Same-tissue replication: 2/3 concordant. Cross-tissue: 0/0 concordant.
DDHD1,495,survived,up,3,0,0,Same-tissue replication: 3/3 concordant. Cross-tissue: 0/0 concordant.
EBI3,495,survived,up,3,0,0,Same-tissue replication: 3/3 concordant. Cross-tissue: 0/0 concordant.
EMID1,495,survived,up,3,0,0,Same-tissue replication: 3/3 concordant. Cross-tissue: 0/0 concordant.
EZH2,495,survived,up,3,0,0,Same-tissue replication: 3/3 concordant. Cross-tissue: 0/0 concordant.
GIMAP2,495,survived,up,3,0,0,Same-tissue replication: 3/3 concordant. Cross-tissue: 0/0 concordant.
H2BC10,495,survived,up,0,0,0,Same-tissue replication: 0/1 concordant. Cross-tissue: 0/0 concordant.
ITGB1,495,survived,up,3,0,0,Same-tissue replication: 3/3 concordant. Cross-tissue: 0/0 concordant.
KDELR2,495,survived,up,2,0,0,Same-tissue replication: 2/3 concordant. Cross-tissue: 0/0 concordant.
MAP7D3,495,survived,up,3,0,0,Same-tissue replication: 3/3 concordant. Cross-tissue: 0/0 concordant.
MST1R,495,survived,up,2,0,0,Same-tissue replication: 2/3 concordant. Cross-tissue: 0/0 concordant.
MYO9B,495,survived,up,3,0,0,Same-tissue replication: 3/3 concordant. Cross-tissue: 0/0 concordant.
NMI,495,survived,up,3,0,0,Same-tissue replication: 3/3 concordant. Cross-tissue: 0/0 concordant.
NRM,495,survived,up,2,0,0,Same-tissue replication: 2/3 concordant. Cross-tissue: 0/0 concordant.
ODF2L,495,survived,up,3,0,0,Same-tissue replication: 3/3 concordant. Cross-tissue: 0/0 concordant.
OLFML1,495,survived,up,2,0,0,Same-tissue replication: 2/3 concordant. Cross-tissue: 0/0 concordant.
PKD2,495,survived,up,3,0,0,Same-tissue replication: 3/3 concordant. Cross-tissue: 0/0 concordant.
PLXNB2,495,survived,up,3,0,0,Same-tissue replication: 3/3 concordant. Cross-tissue: 0/0 concordant.
POGLUT3,495,survived,up,3,0,0,Same-tissue replication: 3/3 concordant. Cross-tissue: 0/0 concordant.
POMK,495,eliminated,up,0,1,0,Significant opposite direction in same-tissue dataset(s): ['GSE87466']. Discovery direction: up.
PSMB6,495,survived,up,3,0,0,Same-tissue replication: 3/3 concordant. Cross-tissue: 0/0 concordant.
RUVBL1,495,survived,up,3,0,0,Same-tissue replication: 3/3 concordant. Cross-tissue: 0/0 concordant.
SNTB1,495,eliminated,up,0,1,0,Significant opposite direction in same-tissue dataset(s): ['GSE38713']. Discovery direction: up.
TAF4B,495,survived,up,3,0,0,Same-tissue replication: 3/3 concordant. Cross-tissue: 0/0 concordant.
TNS1,495,survived,up,2,0,0,Same-tissue replication: 2/3 concordant. Cross-tissue: 0/0 concordant.
TTI2,495,survived,up,3,0,0,Same-tissue replication: 3/3 concordant. Cross-tissue: 0/0 concordant.
TUBA1B,495,survived,up,3,0,0,Same-tissue replication: 3/3 concordant. Cross-tissue: 0/0 concordant.
BICC1,496,survived,up,3,0,0,Same-tissue replication: 3/3 concordant. Cross-tissue: 0/0 concordant.
CEBPD,496,survived,up,3,0,0,Same-tissue replication: 3/3 concordant. Cross-tissue: 0/0 concordant.
FBN1,496,survived,up,3,0,0,Same-tissue replication: 3/3 concordant. Cross-tissue: 0/0 concordant.
PHTF1,496,survived,up,3,0,0,Same-tissue replication: 3/3 concordant. Cross-tissue: 0/0 concordant.
PRDX4,496,survived,up,3,0,0,Same-tissue replication: 3/3 concordant. Cross-tissue: 0/0 concordant.
PRSS22,496,survived,up,2,0,0,Same-tissue replication: 2/3 concordant. Cross-tissue: 0/0 concordant.
SLC39A6,496,survived,up,3,0,0,Same-tissue replication: 3/3 concordant. Cross-tissue: 0/0 concordant.
SRM,496,survived,up,3,0,0,Same-tissue replication: 3/3 concordant. Cross-tissue: 0/0 concordant.
TEAD2,496,eliminated,up,1,1,0,Significant opposite direction in same-tissue dataset(s): ['GSE87466']. Discovery direction: up.
TLR2,496,survived,up,3,0,0,Same-tissue replication: 3/3 concordant. Cross-tissue: 0/0 concordant.
TMEM165,496,survived,up,3,0,0,Same-tissue replication: 3/3 concordant. Cross-tissue: 0/0 concordant.
EIF5A2,497,survived,up,3,0,0,Same-tissue replication: 3/3 concordant. Cross-tissue: 0/0 concordant.
NCOA7,497,survived,up,3,0,0,Same-tissue replication: 3/3 concordant. Cross-tissue: 0/0 concordant.
OLFM1,497,survived,up,3,0,0,Same-tissue replication: 3/3 concordant. Cross-tissue: 0/0 concordant.
PKIA,497,survived,up,3,0,0,Same-tissue replication: 3/3 concordant. Cross-tissue: 0/0 concordant.
TSPAN11,497,survived,up,3,0,0,Same-tissue replication: 3/3 concordant. Cross-tissue: 0/0 concordant.
ARL6IP4,498,eliminated,down,2,1,0,Significant opposite direction in same-tissue dataset(s): ['GSE38713']. Discovery direction: down.
CENATAC,498,survived,down,1,0,0,Same-tissue replication: 1/3 concordant. Cross-tissue: 0/0 concordant.
CMTM4,498,survived,down,3,0,0,Same-tissue replication: 3/3 concordant. Cross-tissue: 0/0 concordant.
CRYBB3,498,survived,down,2,0,0,Same-tissue replication: 2/3 concordant. Cross-tissue: 0/0 concordant.
DDAH1,498,survived,down,3,0,0,Same-tissue replication: 3/3 concordant. Cross-tissue: 0/0 concordant.
DET1,498,survived,down,3,0,0,Same-tissue replication: 3/3 concordant. Cross-tissue: 0/0 concordant.
DIABLO,498,survived,down,1,0,0,Same-tissue replication: 1/3 concordant. Cross-tissue: 0/0 concordant.
DPRX,498,insufficient_data,down,0,0,0,No replication data available for this gene.
IDH3B,498,survived,down,3,0,0,Same-tissue replication: 3/3 concordant. Cross-tissue: 0/0 concordant.
IGSF8,498,survived,down,2,0,0,Same-tissue replication: 2/3 concordant. Cross-tissue: 0/0 concordant.
MAPK13,498,survived,down,2,0,0,Same-tissue replication: 2/3 concordant. Cross-tissue: 0/0 concordant.
NUDT16L1,498,survived,down,3,0,0,Same-tissue replication: 3/3 concordant. Cross-tissue: 0/0 concordant.
PEX10,498,survived,down,2,0,0,Same-tissue replication: 2/3 concordant. Cross-tissue: 0/0 concordant.
RAB11FIP4,498,survived,down,1,0,0,Same-tissue replication: 1/3 concordant. Cross-tissue: 0/0 concordant.
UBE2D2,498,survived,down,2,0,0,Same-tissue replication: 2/3 concordant. Cross-tissue: 0/0 concordant.
UCKL1,498,survived,down,3,0,0,Same-tissue replication: 3/3 concordant. Cross-tissue: 0/0 concordant.
ANKRD13A,499,survived,down,3,0,0,Same-tissue replication: 3/3 concordant. Cross-tissue: 0/0 concordant.
HOXB7,499,survived,down,3,0,0,Same-tissue replication: 3/3 concordant. Cross-tissue: 0/0 concordant.
KDM8,499,survived,down,2,0,0,Same-tissue replication: 2/3 concordant. Cross-tissue: 0/0 concordant.
LGALS4,499,survived,down,3,0,0,Same-tissue replication: 3/3 concordant. Cross-tissue: 0/0 concordant.
MKKS,499,survived,down,3,0,0,Same-tissue replication: 3/3 concordant. Cross-tissue: 0/0 concordant.
PRKN,499,survived,down,3,0,0,Same-tissue replication: 3/3 concordant. Cross-tissue: 0/0 concordant.
RNF38,499,survived,down,3,0,0,Same-tissue replication: 3/3 concordant. Cross-tissue: 0/0 concordant.
CIAO3,500,survived,down,3,0,0,Same-tissue replication: 3/3 concordant. Cross-tissue: 0/0 concordant.
CRIPT,500,survived,down,3,0,0,Same-tissue replication: 3/3 concordant. Cross-tissue: 0/0 concordant.
IKZF5,500,survived,down,3,0,0,Same-tissue replication: 3/3 concordant. Cross-tissue: 0/0 concordant.
METTL18,500,survived,down,3,0,0,Same-tissue replication: 3/3 concordant. Cross-tissue: 0/0 concordant.
NDUFS3,500,survived,down,3,0,0,Same-tissue replication: 3/3 concordant. Cross-tissue: 0/0 concordant.
PCYOX1,500,survived,down,3,0,0,Same-tissue replication: 3/3 concordant. Cross-tissue: 0/0 concordant.
PPFIA3,500,survived,down,3,0,0,Same-tissue replication: 3/3 concordant. Cross-tissue: 0/0 concordant.
VWA5A,500,survived,down,3,0,0,Same-tissue replication: 3/3 concordant. Cross-tissue: 0/0 concordant.
BOLA1,501,survived,down,3,0,0,Same-tissue replication: 3/3 concordant. Cross-tissue: 0/0 concordant.
DNAJA2,501,survived,down,2,0,0,Same-tissue replication: 2/3 concordant. Cross-tissue: 0/0 concordant.
ECSIT,501,survived,down,3,0,0,Same-tissue replication: 3/3 concordant. Cross-tissue: 0/0 concordant.
LTAP1,501,survived,down,2,0,0,Same-tissue replication: 2/3 concordant. Cross-tissue: 0/0 concordant.
OPTN,501,survived,down,2,0,0,Same-tissue replication: 2/3 concordant. Cross-tissue: 0/0 concordant.
TMUB1,501,survived,down,1,0,0,Same-tissue replication: 1/3 concordant. Cross-tissue: 0/0 concordant.
VPS52,501,survived,down,2,0,0,Same-tissue replication: 2/3 concordant. Cross-tissue: 0/0 concordant.
AREL1,502,survived,down,1,0,0,Same-tissue replication: 1/3 concordant. Cross-tissue: 0/0 concordant.
CACUL1,502,survived,down,2,0,0,Same-tissue replication: 2/3 concordant. Cross-tissue: 0/0 concordant.
INF2,502,eliminated,down,2,1,0,Significant opposite direction in same-tissue dataset(s): ['GSE38713']. Discovery direction: down.
RAB3A,502,survived,down,3,0,0,Same-tissue replication: 3/3 concordant. Cross-tissue: 0/0 concordant.
SUN1,502,survived,down,3,0,0,Same-tissue replication: 3/3 concordant. Cross-tissue: 0/0 concordant.
BCL11A,503,survived,down,3,0,0,Same-tissue replication: 3/3 concordant. Cross-tissue: 0/0 concordant.
HSPA9,503,survived,down,1,0,0,Same-tissue replication: 1/3 concordant. Cross-tissue: 0/0 concordant.
MARF1,503,survived,down,2,0,0,Same-tissue replication: 2/3 concordant. Cross-tissue: 0/0 concordant.
MIEF1,503,survived,down,2,0,0,Same-tissue replication: 2/3 concordant. Cross-tissue: 0/0 concordant.
OFD1,503,survived,down,2,0,0,Same-tissue replication: 2/3 concordant. Cross-tissue: 0/0 concordant.
RPRD2,503,survived,down,3,0,0,Same-tissue replication: 3/3 concordant. Cross-tissue: 0/0 concordant.
SENP8,503,survived,down,3,0,0,Same-tissue replication: 3/3 concordant. Cross-tissue: 0/0 concordant.
STRN4,503,survived,down,2,0,0,Same-tissue replication: 2/3 concordant. Cross-tissue: 0/0 concordant.
HPS1,504,survived,down,2,0,0,Same-tissue replication: 2/3 concordant. Cross-tissue: 0/0 concordant.
MAP2K5,504,survived,down,3,0,0,Same-tissue replication: 3/3 concordant. Cross-tissue: 0/0 concordant.
TMEM8B,504,survived,down,3,0,0,Same-tissue replication: 3/3 concordant. Cross-tissue: 0/0 concordant.
ZNF630,504,survived,down,3,0,0,Same-tissue replication: 3/3 concordant. Cross-tissue: 0/0 concordant.
ARMH3,505,survived,down,3,0,0,Same-tissue replication: 3/3 concordant. Cross-tissue: 0/0 concordant.
BICDL2,505,survived,down,3,0,0,Same-tissue replication: 3/3 concordant. Cross-tissue: 0/0 concordant.
CDH1,505,survived,down,3,0,0,Same-tissue replication: 3/3 concordant. Cross-tissue: 0/0 concordant.
CFAP144,505,insufficient_data,down,0,0,0,No replication data available for this gene.
ING1,505,survived,down,3,0,0,Same-tissue replication: 3/3 concordant. Cross-tissue: 0/0 concordant.
KMT2E,505,survived,down,2,0,0,Same-tissue replication: 2/3 concordant. Cross-tissue: 0/0 concordant.
NEURL1,505,survived,down,3,0,0,Same-tissue replication: 3/3 concordant. Cross-tissue: 0/0 concordant.
SETD2,505,survived,down,3,0,0,Same-tissue replication: 3/3 concordant. Cross-tissue: 0/0 concordant.
ADAM9,506,survived,up,3,0,0,Same-tissue replication: 3/3 concordant. Cross-tissue: 0/0 concordant.
AEBP1,506,survived,up,3,0,0,Same-tissue replication: 3/3 concordant. Cross-tissue: 0/0 concordant.
CD40,506,survived,up,3,0,0,Same-tissue replication: 3/3 concordant. Cross-tissue: 0/0 concordant.
LYPD1,506,survived,up,3,0,0,Same-tissue replication: 3/3 concordant. Cross-tissue: 0/0 concordant.
MMP14,506,survived,up,3,0,0,Same-tissue replication: 3/3 concordant. Cross-tissue: 0/0 concordant.
PCDH7,506,survived,up,2,0,0,Same-tissue replication: 2/3 concordant. Cross-tissue: 0/0 concordant.
RGS4,506,survived,up,3,0,0,Same-tissue replication: 3/3 concordant. Cross-tissue: 0/0 concordant.
ZNF521,506,survived,up,3,0,0,Same-tissue replication: 3/3 concordant. Cross-tissue: 0/0 concordant.
BHLHA15,507,survived,up,3,0,0,Same-tissue replication: 3/3 concordant. Cross-tissue: 0/0 concordant.
CCL22,507,survived,up,3,0,0,Same-tissue replication: 3/3 concordant. Cross-tissue: 0/0 concordant.
HDAC7,507,survived,up,3,0,0,Same-tissue replication: 3/3 concordant. Cross-tissue: 0/0 concordant.
LILRB3,507,survived,up,3,0,0,Same-tissue replication: 3/3 concordant. Cross-tissue: 0/0 concordant.
MAP3K6,507,survived,up,3,0,0,Same-tissue replication: 3/3 concordant. Cross-tissue: 0/0 concordant.
MASP1,507,survived,up,2,0,0,Same-tissue replication: 2/3 concordant. Cross-tissue: 0/0 concordant.
PDIA4,507,survived,up,3,0,0,Same-tissue replication: 3/3 concordant. Cross-tissue: 0/0 concordant.
RBMS1,507,survived,up,3,0,0,Same-tissue replication: 3/3 concordant. Cross-tissue: 0/0 concordant.
SNCAIP,507,survived,up,3,0,0,Same-tissue replication: 3/3 concordant. Cross-tissue: 0/0 concordant.
TIE1,507,survived,up,3,0,0,Same-tissue replication: 3/3 concordant. Cross-tissue: 0/0 concordant.
ADCY6,508,survived,down,3,0,0,Same-tissue replication: 3/3 concordant. Cross-tissue: 0/0 concordant.
ELF4,508,survived,down,3,0,0,Same-tissue replication: 3/3 concordant. Cross-tissue: 0/0 concordant.
GBA2,508,survived,down,3,0,0,Same-tissue replication: 3/3 concordant. Cross-tissue: 0/0 concordant.
GRTP1,508,survived,down,3,0,0,Same-tissue replication: 3/3 concordant. Cross-tissue: 0/0 concordant.
KLC4,508,survived,down,3,0,0,Same-tissue replication: 3/3 concordant. Cross-tissue: 0/0 concordant.
LNX2,508,survived,down,3,0,0,Same-tissue replication: 3/3 concordant. Cross-tissue: 0/0 concordant.
LZIC,508,survived,down,3,0,0,Same-tissue replication: 3/3 concordant. Cross-tissue: 0/0 concordant.
MPC2,508,survived,down,3,0,0,Same-tissue replication: 3/3 concordant. Cross-tissue: 0/0 concordant.
SPRYD7,508,survived,down,3,0,0,Same-tissue replication: 3/3 concordant. Cross-tissue: 0/0 concordant.
ADGRE2,509,survived,up,3,0,0,Same-tissue replication: 3/3 concordant. Cross-tissue: 0/0 concordant.
CD274,509,survived,up,3,0,0,Same-tissue replication: 3/3 concordant. Cross-tissue: 0/0 concordant.
CD93,509,survived,up,3,0,0,Same-tissue replication: 3/3 concordant. Cross-tissue: 0/0 concordant.
FPR2,509,survived,up,3,0,0,Same-tissue replication: 3/3 concordant. Cross-tissue: 0/0 concordant.
IFITM3,509,survived,up,3,0,0,Same-tissue replication: 3/3 concordant. Cross-tissue: 0/0 concordant.
NCF2,509,survived,up,3,0,0,Same-tissue replication: 3/3 concordant. Cross-tissue: 0/0 concordant.
PRDM1,509,survived,up,3,0,0,Same-tissue replication: 3/3 concordant. Cross-tissue: 0/0 concordant.
RBPMS,509,survived,up,3,0,0,Same-tissue replication: 3/3 concordant. Cross-tissue: 0/0 concordant.
THY1,509,survived,up,3,0,0,Same-tissue replication: 3/3 concordant. Cross-tissue: 0/0 concordant.
C1R,510,survived,up,3,0,0,Same-tissue replication: 3/3 concordant. Cross-tissue: 0/0 concordant.
CALCRL,510,survived,up,3,0,0,Same-tissue replication: 3/3 concordant. Cross-tissue: 0/0 concordant.
CARD6,510,survived,up,3,0,0,Same-tissue replication: 3/3 concordant. Cross-tissue: 0/0 concordant.
COL4A1,510,survived,up,3,0,0,Same-tissue replication: 3/3 concordant. Cross-tissue: 0/0 concordant.
CTSK,510,survived,up,3,0,0,Same-tissue replication: 3/3 concordant. Cross-tissue: 0/0 concordant.
GJA1,510,survived,up,3,0,0,Same-tissue replication: 3/3 concordant. Cross-tissue: 0/0 concordant.
LAMP3,510,survived,up,3,0,0,Same-tissue replication: 3/3 concordant. Cross-tissue: 0/0 concordant.
S100A11,510,survived,up,3,0,0,Same-tissue replication: 3/3 concordant. Cross-tissue: 0/0 concordant.
AXL,511,survived,up,2,0,0,Same-tissue replication: 2/3 concordant. Cross-tissue: 0/0 concordant.
ESR1,511,survived,up,3,0,0,Same-tissue replication: 3/3 concordant. Cross-tissue: 0/0 concordant.
FHL2,511,survived,up,3,0,0,Same-tissue replication: 3/3 concordant. Cross-tissue: 0/0 concordant.
IL5RA,511,survived,up,2,0,0,Same-tissue replication: 2/3 concordant. Cross-tissue: 0/0 concordant.
MIDN,511,survived,up,2,0,0,Same-tissue replication: 2/3 concordant. Cross-tissue: 0/0 concordant.
TSPAN2,511,survived,up,3,0,0,Same-tissue replication: 3/3 concordant. Cross-tissue: 0/0 concordant.
DPY19L3,512,survived,up,3,0,0,Same-tissue replication: 3/3 concordant. Cross-tissue: 0/0 concordant.
FTSJ3,512,survived,up,3,0,0,Same-tissue replication: 3/3 concordant. Cross-tissue: 0/0 concordant.
PFAS,512,survived,up,2,0,0,Same-tissue replication: 2/3 concordant. Cross-tissue: 0/0 concordant.
TROAP,512,survived,up,3,0,0,Same-tissue replication: 3/3 concordant. Cross-tissue: 0/0 concordant.
AMIGO3,513,survived,up,3,0,0,Same-tissue replication: 3/3 concordant. Cross-tissue: 0/0 concordant.
ARF4,513,survived,up,2,0,0,Same-tissue replication: 2/3 concordant. Cross-tissue: 0/0 concordant.
ARHGEF2,513,survived,up,3,0,0,Same-tissue replication: 3/3 concordant. Cross-tissue: 0/0 concordant.
FAM89B,513,survived,up,3,0,0,Same-tissue replication: 3/3 concordant. Cross-tissue: 0/0 concordant.
HLA-C,513,survived,up,3,0,0,Same-tissue replication: 3/3 concordant. Cross-tissue: 0/0 concordant.
IBTK,513,survived,up,3,0,0,Same-tissue replication: 3/3 concordant. Cross-tissue: 0/0 concordant.
NIFK,513,survived,up,3,0,0,Same-tissue replication: 3/3 concordant. Cross-tissue: 0/0 concordant.
PANK2,513,survived,up,3,0,0,Same-tissue replication: 3/3 concordant. Cross-tissue: 0/0 concordant.
EFNA2,514,survived,up,3,0,0,Same-tissue replication: 3/3 concordant. Cross-tissue: 0/0 concordant.
FHOD1,514,survived,up,2,0,0,Same-tissue replication: 2/3 concordant. Cross-tissue: 0/0 concordant.
H2AX,514,survived,up,3,0,0,Same-tissue replication: 3/3 concordant. Cross-tissue: 0/0 concordant.
MIS12,514,survived,up,3,0,0,Same-tissue replication: 3/3 concordant. Cross-tissue: 0/0 concordant.
PELI1,514,survived,up,2,0,0,Same-tissue replication: 2/3 concordant. Cross-tissue: 0/0 concordant.
PPIF,514,survived,up,2,0,0,Same-tissue replication: 2/3 concordant. Cross-tissue: 0/0 concordant.
RPS6KC1,514,survived,up,3,0,0,Same-tissue replication: 3/3 concordant. Cross-tissue: 0/0 concordant.
TECPR1,514,survived,up,3,0,0,Same-tissue replication: 3/3 concordant. Cross-tissue: 0/0 concordant.
TMEM43,514,survived,up,2,0,0,Same-tissue replication: 2/3 concordant. Cross-tissue: 0/0 concordant.
TULP3,514,survived,up,2,0,0,Same-tissue replication: 2/3 concordant. Cross-tissue: 0/0 concordant.
ZNF746,514,survived,up,3,0,0,Same-tissue replication: 3/3 concordant. Cross-tissue: 0/0 concordant.
CEP97,515,survived,up,2,0,0,Same-tissue replication: 2/3 concordant. Cross-tissue: 0/0 concordant.
CMTM6,515,survived,up,3,0,0,Same-tissue replication: 3/3 concordant. Cross-tissue: 0/0 concordant.
DDX21,515,survived,up,3,0,0,Same-tissue replication: 3/3 concordant. Cross-tissue: 0/0 concordant.
HLA-F,515,survived,up,2,0,0,Same-tissue replication: 2/3 concordant. Cross-tissue: 0/0 concordant.
NRIP3,515,survived,up,2,0,0,Same-tissue replication: 2/3 concordant. Cross-tissue: 0/0 concordant.
PLPPR4,515,survived,up,2,0,0,Same-tissue replication: 2/3 concordant. Cross-tissue: 0/0 concordant.
SLC37A1,515,survived,up,3,0,0,Same-tissue replication: 3/3 concordant. Cross-tissue: 0/0 concordant.
GGCX,516,survived,up,3,0,0,Same-tissue replication: 3/3 concordant. Cross-tissue: 0/0 concordant.
PGK1,516,survived,up,3,0,0,Same-tissue replication: 3/3 concordant. Cross-tissue: 0/0 concordant.
TRA2B,516,survived,up,2,0,0,Same-tissue replication: 2/3 concordant. Cross-tissue: 0/0 concordant.
UFM1,516,survived,up,3,0,0,Same-tissue replication: 3/3 concordant. Cross-tissue: 0/0 concordant.
USP48,516,survived,up,2,0,0,Same-tissue replication: 2/3 concordant. Cross-tissue: 0/0 concordant.
AGRN,517,survived,up,3,0,0,Same-tissue replication: 3/3 concordant. Cross-tissue: 0/0 concordant.
EVA1C,517,survived,up,2,0,0,Same-tissue replication: 2/3 concordant. Cross-tissue: 0/0 concordant.
GPR180,517,survived,up,3,0,0,Same-tissue replication: 3/3 concordant. Cross-tissue: 0/0 concordant.
PIAS3,517,survived,up,3,0,0,Same-tissue replication: 3/3 concordant. Cross-tissue: 0/0 concordant.
PPIL1,517,survived,up,3,0,0,Same-tissue replication: 3/3 concordant. Cross-tissue: 0/0 concordant.
RFX5,517,survived,up,3,0,0,Same-tissue replication: 3/3 concordant. Cross-tissue: 0/0 concordant.
AGTRAP,518,survived,up,3,0,0,Same-tissue replication: 3/3 concordant. Cross-tissue: 0/0 concordant.
ASS1,518,survived,up,3,0,0,Same-tissue replication: 3/3 concordant. Cross-tissue: 0/0 concordant.
DENND2B,518,survived,up,2,0,0,Same-tissue replication: 2/3 concordant. Cross-tissue: 0/0 concordant.
IDH2,518,survived,up,3,0,0,Same-tissue replication: 3/3 concordant. Cross-tissue: 0/0 concordant.
KLK11,518,survived,up,3,0,0,Same-tissue replication: 3/3 concordant. Cross-tissue: 0/0 concordant.
NXN,518,survived,up,3,0,0,Same-tissue replication: 3/3 concordant. Cross-tissue: 0/0 concordant.
RNF24,518,survived,up,3,0,0,Same-tissue replication: 3/3 concordant. Cross-tissue: 0/0 concordant.
ROPN1L,518,survived,up,2,0,0,Same-tissue replication: 2/3 concordant. Cross-tissue: 0/0 concordant.
S1PR1,518,survived,up,3,0,0,Same-tissue replication: 3/3 concordant. Cross-tissue: 0/0 concordant.
TFAP2A,518,survived,up,3,0,0,Same-tissue replication: 3/3 concordant. Cross-tissue: 0/0 concordant.
TTC9,518,survived,up,3,0,0,Same-tissue replication: 3/3 concordant. Cross-tissue: 0/0 concordant.
AK3,519,survived,down,3,0,0,Same-tissue replication: 3/3 concordant. Cross-tissue: 0/0 concordant.
C6orf120,519,survived,down,3,0,0,Same-tissue replication: 3/3 concordant. Cross-tissue: 0/0 concordant.
DACT2,519,survived,down,3,0,0,Same-tissue replication: 3/3 concordant. Cross-tissue: 0/0 concordant.
FAM168B,519,survived,down,3,0,0,Same-tissue replication: 3/3 concordant. Cross-tissue: 0/0 concordant.
KLB,519,survived,down,3,0,0,Same-tissue replication: 3/3 concordant. Cross-tissue: 0/0 concordant.
KRT20,519,survived,down,3,0,0,Same-tissue replication: 3/3 concordant. Cross-tissue: 0/0 concordant.
LRP6,519,survived,down,3,0,0,Same-tissue replication: 3/3 concordant. Cross-tissue: 0/0 concordant.
PLPBP,519,survived,down,3,0,0,Same-tissue replication: 3/3 concordant. Cross-tissue: 0/0 concordant.
POFUT1,519,survived,down,3,0,0,Same-tissue replication: 3/3 concordant. Cross-tissue: 0/0 concordant.
EPHX4,520,survived,up,3,0,0,Same-tissue replication: 3/3 concordant. Cross-tissue: 0/0 concordant.
ITGAV,520,survived,up,3,0,0,Same-tissue replication: 3/3 concordant. Cross-tissue: 0/0 concordant.
LARP6,520,survived,up,3,0,0,Same-tissue replication: 3/3 concordant. Cross-tissue: 0/0 concordant.
PLEKHO2,520,survived,up,3,0,0,Same-tissue replication: 3/3 concordant. Cross-tissue: 0/0 concordant.
PTTG1,520,survived,up,2,0,0,Same-tissue replication: 2/3 concordant. Cross-tissue: 0/0 concordant.
SLCO5A1,520,survived,up,3,0,0,Same-tissue replication: 3/3 concordant. Cross-tissue: 0/0 concordant.
SNED1,520,survived,up,3,0,0,Same-tissue replication: 3/3 concordant. Cross-tissue: 0/0 concordant.
TLE1,520,survived,up,3,0,0,Same-tissue replication: 3/3 concordant. Cross-tissue: 0/0 concordant.
FOXM1,521,survived,up,3,0,0,Same-tissue replication: 3/3 concordant. Cross-tissue: 0/0 concordant.
GBP2,521,survived,up,3,0,0,Same-tissue replication: 3/3 concordant. Cross-tissue: 0/0 concordant.
ITGA8,521,survived,up,3,0,0,Same-tissue replication: 3/3 concordant. Cross-tissue: 0/0 concordant.
NOS3,521,survived,up,2,0,0,Same-tissue replication: 2/3 concordant. Cross-tissue: 0/0 concordant.
S100A4,521,survived,up,3,0,0,Same-tissue replication: 3/3 concordant. Cross-tissue: 0/0 concordant.
COX5A,522,survived,down,3,0,0,Same-tissue replication: 3/3 concordant. Cross-tissue: 0/0 concordant.
GIT1,522,survived,down,3,0,0,Same-tissue replication: 3/3 concordant. Cross-tissue: 0/0 concordant.
MYCL,522,survived,down,3,0,0,Same-tissue replication: 3/3 concordant. Cross-tissue: 0/0 concordant.
OMP,522,survived,down,2,0,0,Same-tissue replication: 2/3 concordant. Cross-tissue: 0/0 concordant.
PRR14L,522,survived,down,3,0,0,Same-tissue replication: 3/3 concordant. Cross-tissue: 0/0 concordant.
SMG7,522,eliminated,down,1,2,0,"Significant opposite direction in same-tissue dataset(s): ['GSE38713', 'GSE36807']. Discovery direction: down."
TCTA,522,survived,down,3,0,0,Same-tissue replication: 3/3 concordant. Cross-tissue: 0/0 concordant.
B4GALT4,523,survived,down,3,0,0,Same-tissue replication: 3/3 concordant. Cross-tissue: 0/0 concordant.
BCAT2,523,survived,down,3,0,0,Same-tissue replication: 3/3 concordant. Cross-tissue: 0/0 concordant.
C4orf36,523,survived,down,3,0,0,Same-tissue replication: 3/3 concordant. Cross-tissue: 0/0 concordant.
DDR1,523,survived,down,1,0,0,Same-tissue replication: 1/1 concordant. Cross-tissue: 0/0 concordant.
FBXO48,523,insufficient_data,down,0,0,0,No replication data available for this gene.
GRB7,523,survived,down,3,0,0,Same-tissue replication: 3/3 concordant. Cross-tissue: 0/0 concordant.
IP6K2,523,survived,down,3,0,0,Same-tissue replication: 3/3 concordant. Cross-tissue: 0/0 concordant.
ZNF480,523,survived,down,3,0,0,Same-tissue replication: 3/3 concordant. Cross-tissue: 0/0 concordant.
DLG4,524,survived,up,2,0,0,Same-tissue replication: 2/3 concordant. Cross-tissue: 0/0 concordant.
HPSE,524,survived,up,3,0,0,Same-tissue replication: 3/3 concordant. Cross-tissue: 0/0 concordant.
JAZF1,524,survived,up,2,0,0,Same-tissue replication: 2/3 concordant. Cross-tissue: 0/0 concordant.
NUP37,524,survived,up,3,0,0,Same-tissue replication: 3/3 concordant. Cross-tissue: 0/0 concordant.
PDIA6,524,survived,up,3,0,0,Same-tissue replication: 3/3 concordant. Cross-tissue: 0/0 concordant.
PIK3R5,524,survived,up,3,0,0,Same-tissue replication: 3/3 concordant. Cross-tissue: 0/0 concordant.
SOX18,524,survived,up,2,0,0,Same-tissue replication: 2/3 concordant. Cross-tissue: 0/0 concordant.
AVPR1A,525,eliminated,up,1,1,0,Significant opposite direction in same-tissue dataset(s): ['GSE87466']. Discovery direction: up.
CNTNAP3B,525,survived,up,2,0,0,Same-tissue replication: 2/3 concordant. Cross-tissue: 0/0 concordant.
FKBP14,525,survived,up,3,0,0,Same-tissue replication: 3/3 concordant. Cross-tissue: 0/0 concordant.
GPR137B,525,survived,up,3,0,0,Same-tissue replication: 3/3 concordant. Cross-tissue: 0/0 concordant.
HMGN3,525,survived,up,3,0,0,Same-tissue replication: 3/3 concordant. Cross-tissue: 0/0 concordant.
IFT81,525,survived,up,3,0,0,Same-tissue replication: 3/3 concordant. Cross-tissue: 0/0 concordant.
PALLD,525,survived,up,3,0,0,Same-tissue replication: 3/3 concordant. Cross-tissue: 0/0 concordant.
SIGLEC9,525,survived,up,3,0,0,Same-tissue replication: 3/3 concordant. Cross-tissue: 0/0 concordant.
TMEM132A,525,survived,up,2,0,0,Same-tissue replication: 2/3 concordant. Cross-tissue: 0/0 concordant.
ARHGEF12,526,survived,down,3,0,0,Same-tissue replication: 3/3 concordant. Cross-tissue: 0/0 concordant.
PTPN9,526,survived,down,3,0,0,Same-tissue replication: 3/3 concordant. Cross-tissue: 0/0 concordant.
RNF11,526,survived,down,3,0,0,Same-tissue replication: 3/3 concordant. Cross-tissue: 0/0 concordant.
SLU7,526,survived,down,3,0,0,Same-tissue replication: 3/3 concordant. Cross-tissue: 0/0 concordant.
ZNF862,526,survived,down,3,0,0,Same-tissue replication: 3/3 concordant. Cross-tissue: 0/0 concordant.
ANKRD36,527,survived,up,3,0,0,Same-tissue replication: 3/3 concordant. Cross-tissue: 0/0 concordant.
ATM,527,survived,up,3,0,0,Same-tissue replication: 3/3 concordant. Cross-tissue: 0/0 concordant.
B9D1,527,survived,up,3,0,0,Same-tissue replication: 3/3 concordant. Cross-tissue: 0/0 concordant.
C2CD4B,527,survived,up,2,0,0,Same-tissue replication: 2/3 concordant. Cross-tissue: 0/0 concordant.
CENPN,527,survived,up,2,0,0,Same-tissue replication: 2/3 concordant. Cross-tissue: 0/0 concordant.
CIP2A,527,survived,up,3,0,0,Same-tissue replication: 3/3 concordant. Cross-tissue: 0/0 concordant.
CRYAB,527,survived,up,2,0,0,Same-tissue replication: 2/3 concordant. Cross-tissue: 0/0 concordant.
FMNL2,527,survived,up,2,0,0,Same-tissue replication: 2/3 concordant. Cross-tissue: 0/0 concordant.
GALNT18,527,survived,up,3,0,0,Same-tissue replication: 3/3 concordant. Cross-tissue: 0/0 concordant.
HAVCR2,527,survived,up,3,0,0,Same-tissue replication: 3/3 concordant. Cross-tissue: 0/0 concordant.
HMMR,527,survived,up,3,0,0,Same-tissue replication: 3/3 concordant. Cross-tissue: 0/0 concordant.
INHBB,527,survived,up,2,0,0,Same-tissue replication: 2/3 concordant. Cross-tissue: 0/0 concordant.
LDOC1,527,survived,up,2,0,0,Same-tissue replication: 2/3 concordant. Cross-tissue: 0/0 concordant.
MLPH,527,survived,up,2,0,0,Same-tissue replication: 2/3 concordant. Cross-tissue: 0/0 concordant.
PIK3AP1,527,survived,up,3,0,0,Same-tissue replication: 3/3 concordant. Cross-tissue: 0/0 concordant.
SPNS2,527,survived,up,3,0,0,Same-tissue replication: 3/3 concordant. Cross-tissue: 0/0 concordant.
TOP2A,527,survived,up,3,0,0,Same-tissue replication: 3/3 concordant. Cross-tissue: 0/0 concordant.
ZEB1,527,survived,up,3,0,0,Same-tissue replication: 3/3 concordant. Cross-tissue: 0/0 concordant.
ADCY4,528,survived,up,3,0,0,Same-tissue replication: 3/3 concordant. Cross-tissue: 0/0 concordant.
HELLS,528,survived,up,3,0,0,Same-tissue replication: 3/3 concordant. Cross-tissue: 0/0 concordant.
NUSAP1,528,survived,up,3,0,0,Same-tissue replication: 3/3 concordant. Cross-tissue: 0/0 concordant.
PRUNE2,528,survived,up,3,0,0,Same-tissue replication: 3/3 concordant. Cross-tissue: 0/0 concordant.
WNT2,528,survived,up,3,0,0,Same-tissue replication: 3/3 concordant. Cross-tissue: 0/0 concordant.
ZCCHC24,528,survived,up,3,0,0,Same-tissue replication: 3/3 concordant. Cross-tissue: 0/0 concordant.
ZNF460,528,eliminated,up,1,1,0,Significant opposite direction in same-tissue dataset(s): ['GSE87466']. Discovery direction: up.
ANK1,529,survived,up,3,0,0,Same-tissue replication: 3/3 concordant. Cross-tissue: 0/0 concordant.
ATG101,529,survived,up,3,0,0,Same-tissue replication: 3/3 concordant. Cross-tissue: 0/0 concordant.
BAZ2B,529,survived,up,3,0,0,Same-tissue replication: 3/3 concordant. Cross-tissue: 0/0 concordant.
BLTP3A,529,survived,up,3,0,0,Same-tissue replication: 3/3 concordant. Cross-tissue: 0/0 concordant.
CHD7,529,survived,up,2,0,0,Same-tissue replication: 2/3 concordant. Cross-tissue: 0/0 concordant.
FAM53C,529,survived,up,3,0,0,Same-tissue replication: 3/3 concordant. Cross-tissue: 0/0 concordant.
KIAA0930,529,survived,up,3,0,0,Same-tissue replication: 3/3 concordant. Cross-tissue: 0/0 concordant.
PA2G4,529,survived,up,3,0,0,Same-tissue replication: 3/3 concordant. Cross-tissue: 0/0 concordant.
PHETA2,529,survived,up,3,0,0,Same-tissue replication: 3/3 concordant. Cross-tissue: 0/0 concordant.
SRBD1,529,survived,up,3,0,0,Same-tissue replication: 3/3 concordant. Cross-tissue: 0/0 concordant.
TUBG1,529,survived,up,3,0,0,Same-tissue replication: 3/3 concordant. Cross-tissue: 0/0 concordant.
ATP11C,530,survived,up,3,0,0,Same-tissue replication: 3/3 concordant. Cross-tissue: 0/0 concordant.
NFIC,530,survived,up,3,0,0,Same-tissue replication: 3/3 concordant. Cross-tissue: 0/0 concordant.
SLC10A7,530,survived,up,3,0,0,Same-tissue replication: 3/3 concordant. Cross-tissue: 0/0 concordant.
SRA1,530,survived,up,3,0,0,Same-tissue replication: 3/3 concordant. Cross-tissue: 0/0 concordant.
TMEM107,530,survived,up,3,0,0,Same-tissue replication: 3/3 concordant. Cross-tissue: 0/0 concordant.
EIPR1,531,survived,up,3,0,0,Same-tissue replication: 3/3 concordant. Cross-tissue: 0/0 concordant.
ENTREP3,531,survived,up,3,0,0,Same-tissue replication: 3/3 concordant. Cross-tissue: 0/0 concordant.
KNTC1,531,survived,up,3,0,0,Same-tissue replication: 3/3 concordant. Cross-tissue: 0/0 concordant.
NOP16,531,eliminated,up,2,1,0,Significant opposite direction in same-tissue dataset(s): ['GSE87466']. Discovery direction: up.
NUP58,531,survived,up,3,0,0,Same-tissue replication: 3/3 concordant. Cross-tissue: 0/0 concordant.
RAB24,531,survived,up,3,0,0,Same-tissue replication: 3/3 concordant. Cross-tissue: 0/0 concordant.
TIPIN,531,survived,up,3,0,0,Same-tissue replication: 3/3 concordant. Cross-tissue: 0/0 concordant.
CLINT1,532,survived,up,3,0,0,Same-tissue replication: 3/3 concordant. Cross-tissue: 0/0 concordant.
COPA,532,survived,up,3,0,0,Same-tissue replication: 3/3 concordant. Cross-tissue: 0/0 concordant.
COPB1,532,survived,up,3,0,0,Same-tissue replication: 3/3 concordant. Cross-tissue: 0/0 concordant.
CREB3,532,survived,up,3,0,0,Same-tissue replication: 3/3 concordant. Cross-tissue: 0/0 concordant.
DNAAF5,532,survived,up,2,0,0,Same-tissue replication: 2/3 concordant. Cross-tissue: 0/0 concordant.
MMS19,532,survived,up,3,0,0,Same-tissue replication: 3/3 concordant. Cross-tissue: 0/0 concordant.
RABAC1,532,survived,up,3,0,0,Same-tissue replication: 3/3 concordant. Cross-tissue: 0/0 concordant.
TANK,532,survived,up,3,0,0,Same-tissue replication: 3/3 concordant. Cross-tissue: 0/0 concordant.
ZDHHC8,532,survived,up,1,0,0,Same-tissue replication: 1/3 concordant. Cross-tissue: 0/0 concordant.
ZMYND19,532,survived,up,3,0,0,Same-tissue replication: 3/3 concordant. Cross-tissue: 0/0 concordant.
AGMO,534,insufficient_data,down,0,0,0,No replication data available for this gene.
ALDOC,534,survived,down,2,0,0,Same-tissue replication: 2/3 concordant. Cross-tissue: 0/0 concordant.
BTNL3,534,survived,down,3,0,0,Same-tissue replication: 3/3 concordant. Cross-tissue: 0/0 concordant.
GNG4,534,survived,down,3,0,0,Same-tissue replication: 3/3 concordant. Cross-tissue: 0/0 concordant.
DUSP3,535,eliminated,down,0,2,0,"Significant opposite direction in same-tissue dataset(s): ['GSE87466', 'GSE38713']. Discovery direction: down."
FYB2,535,survived,down,3,0,0,Same-tissue replication: 3/3 concordant. Cross-tissue: 0/0 concordant.
ISCU,535,survived,down,2,0,0,Same-tissue replication: 2/3 concordant. Cross-tissue: 0/0 concordant.
ZNF799,535,insufficient_data,down,0,0,0,No replication data available for this gene.
ASB11,536,survived,down,3,0,0,Same-tissue replication: 3/3 concordant. Cross-tissue: 0/0 concordant.
BAG6,536,eliminated,down,2,1,0,Significant opposite direction in same-tissue dataset(s): ['GSE38713']. Discovery direction: down.
ELOVL1,536,survived,down,1,0,0,Same-tissue replication: 1/1 concordant. Cross-tissue: 0/0 concordant.
KLHL28,536,survived,down,1,0,0,Same-tissue replication: 1/3 concordant. Cross-tissue: 0/0 concordant.
SACK1F,536,survived,down,1,0,0,Same-tissue replication: 1/3 concordant. Cross-tissue: 0/0 concordant.
TBC1D20,536,survived,down,1,0,0,Same-tissue replication: 1/3 concordant. Cross-tissue: 0/0 concordant.
ETV1,537,survived,up,2,0,0,Same-tissue replication: 2/3 concordant. Cross-tissue: 0/0 concordant.
LIX1L,537,survived,up,2,0,0,Same-tissue replication: 2/3 concordant. Cross-tissue: 0/0 concordant.
TPCN2,537,survived,up,2,0,0,Same-tissue replication: 2/3 concordant. Cross-tissue: 0/0 concordant.
ANXA2R,538,survived,up,2,0,0,Same-tissue replication: 2/3 concordant. Cross-tissue: 0/0 concordant.
CEMIP2,538,survived,up,3,0,0,Same-tissue replication: 3/3 concordant. Cross-tissue: 0/0 concordant.
FLOT2,538,survived,up,3,0,0,Same-tissue replication: 3/3 concordant. Cross-tissue: 0/0 concordant.
H3-5,538,insufficient_data,up,0,0,0,No replication data available for this gene.
MGAT2,538,survived,up,3,0,0,Same-tissue replication: 3/3 concordant. Cross-tissue: 0/0 concordant.
NOTCH1,538,eliminated,up,1,1,0,Significant opposite direction in same-tissue dataset(s): ['GSE36807']. Discovery direction: up.
PHF20,538,survived,up,2,0,0,Same-tissue replication: 2/3 concordant. Cross-tissue: 0/0 concordant.
USP35,538,survived,up,2,0,0,Same-tissue replication: 2/3 concordant. Cross-tissue: 0/0 concordant.
WRAP53,538,survived,up,3,0,0,Same-tissue replication: 3/3 concordant. Cross-tissue: 0/0 concordant.
ACER2,539,survived,down,3,0,0,Same-tissue replication: 3/3 concordant. Cross-tissue: 0/0 concordant.
AOAH,539,survived,down,1,0,0,Same-tissue replication: 1/3 concordant. Cross-tissue: 0/0 concordant.
CCNJL,539,survived,down,3,0,0,Same-tissue replication: 3/3 concordant. Cross-tissue: 0/0 concordant.
FER1L6,539,insufficient_data,down,0,0,0,No replication data available for this gene.
PRR5L,539,survived,down,3,0,0,Same-tissue replication: 3/3 concordant. Cross-tissue: 0/0 concordant.
TST,539,survived,down,3,0,0,Same-tissue replication: 3/3 concordant. Cross-tissue: 0/0 concordant.
ATP2A2,540,survived,up,3,0,0,Same-tissue replication: 3/3 concordant. Cross-tissue: 0/0 concordant.
ATP2A3,540,survived,up,2,0,0,Same-tissue replication: 2/3 concordant. Cross-tissue: 0/0 concordant.
CDC123,540,survived,up,3,0,0,Same-tissue replication: 3/3 concordant. Cross-tissue: 0/0 concordant.
GPC1,540,survived,up,3,0,0,Same-tissue replication: 3/3 concordant. Cross-tissue: 0/0 concordant.
RIMS3,540,survived,up,3,0,0,Same-tissue replication: 3/3 concordant. Cross-tissue: 0/0 concordant.
RRP36,540,survived,up,3,0,0,Same-tissue replication: 3/3 concordant. Cross-tissue: 0/0 concordant.
ALDH1B1,541,survived,down,3,0,0,Same-tissue replication: 3/3 concordant. Cross-tissue: 0/0 concordant.
BCL2L15,541,eliminated,down,2,1,0,Significant opposite direction in same-tissue dataset(s): ['GSE36807']. Discovery direction: down.
DPH6,541,survived,down,2,0,0,Same-tissue replication: 2/3 concordant. Cross-tissue: 0/0 concordant.
IL37,541,survived,down,3,0,0,Same-tissue replication: 3/3 concordant. Cross-tissue: 0/0 concordant.
PTER,541,survived,down,3,0,0,Same-tissue replication: 3/3 concordant. Cross-tissue: 0/0 concordant.
TEKT3,541,survived,down,3,0,0,Same-tissue replication: 3/3 concordant. Cross-tissue: 0/0 concordant.
TMEM245,541,survived,down,3,0,0,Same-tissue replication: 3/3 concordant. Cross-tissue: 0/0 concordant.
ZNF575,541,survived,down,3,0,0,Same-tissue replication: 3/3 concordant. Cross-tissue: 0/0 concordant.
COL1A1,542,survived,up,3,0,0,Same-tissue replication: 3/3 concordant. Cross-tissue: 0/0 concordant.
CSF3R,542,survived,up,3,0,0,Same-tissue replication: 3/3 concordant. Cross-tissue: 0/0 concordant.
CXCR1,542,survived,up,3,0,0,Same-tissue replication: 3/3 concordant. Cross-tissue: 0/0 concordant.
EDNRA,542,survived,up,3,0,0,Same-tissue replication: 3/3 concordant. Cross-tissue: 0/0 concordant.
MZB1,542,survived,up,3,0,0,Same-tissue replication: 3/3 concordant. Cross-tissue: 0/0 concordant.
OSM,542,survived,up,3,0,0,Same-tissue replication: 3/3 concordant. Cross-tissue: 0/0 concordant.
PDE4B,542,survived,up,3,0,0,Same-tissue replication: 3/3 concordant. Cross-tissue: 0/0 concordant.
PFKFB3,542,survived,up,3,0,0,Same-tissue replication: 3/3 concordant. Cross-tissue: 0/0 concordant.
ANXA10,543,survived,up,3,0,0,Same-tissue replication: 3/3 concordant. Cross-tissue: 0/0 concordant.
COL1A2,543,survived,up,3,0,0,Same-tissue replication: 3/3 concordant. Cross-tissue: 0/0 concordant.
DUSP4,543,survived,up,3,0,0,Same-tissue replication: 3/3 concordant. Cross-tissue: 0/0 concordant.
FCRL5,543,survived,up,3,0,0,Same-tissue replication: 3/3 concordant. Cross-tissue: 0/0 concordant.
FSTL1,543,survived,up,3,0,0,Same-tissue replication: 3/3 concordant. Cross-tissue: 0/0 concordant.
MMP2,543,survived,up,3,0,0,Same-tissue replication: 3/3 concordant. Cross-tissue: 0/0 concordant.
RGS5,543,survived,up,3,0,0,Same-tissue replication: 3/3 concordant. Cross-tissue: 0/0 concordant.
ZBP1,543,survived,up,3,0,0,Same-tissue replication: 3/3 concordant. Cross-tissue: 0/0 concordant.
BACE2,544,survived,up,3,0,0,Same-tissue replication: 3/3 concordant. Cross-tissue: 0/0 concordant.
FFAR2,544,survived,up,3,0,0,Same-tissue replication: 3/3 concordant. Cross-tissue: 0/0 concordant.
ITGAX,544,survived,up,2,0,0,Same-tissue replication: 2/3 concordant. Cross-tissue: 0/0 concordant.
PCOLCE,544,survived,up,3,0,0,Same-tissue replication: 3/3 concordant. Cross-tissue: 0/0 concordant.
TAGAP,544,survived,up,3,0,0,Same-tissue replication: 3/3 concordant. Cross-tissue: 0/0 concordant.
EOGT,545,survived,up,3,0,0,Same-tissue replication: 3/3 concordant. Cross-tissue: 0/0 concordant.
MUCL1,545,survived,up,3,0,0,Same-tissue replication: 3/3 concordant. Cross-tissue: 0/0 concordant.
NXT1,545,survived,up,3,0,0,Same-tissue replication: 3/3 concordant. Cross-tissue: 0/0 concordant.
SF3B3,545,survived,up,3,0,0,Same-tissue replication: 3/3 concordant. Cross-tissue: 0/0 concordant.
SLC35G2,545,survived,up,3,0,0,Same-tissue replication: 3/3 concordant. Cross-tissue: 0/0 concordant.
STAM,545,survived,up,3,0,0,Same-tissue replication: 3/3 concordant. Cross-tissue: 0/0 concordant.
ZBTB18,545,survived,up,2,0,0,Same-tissue replication: 2/3 concordant. Cross-tissue: 0/0 concordant.
BCAP29,546,survived,up,2,0,0,Same-tissue replication: 2/3 concordant. Cross-tissue: 0/0 concordant.
BLOC1S6,546,survived,up,3,0,0,Same-tissue replication: 3/3 concordant. Cross-tissue: 0/0 concordant.
CDK5RAP2,546,survived,up,3,0,0,Same-tissue replication: 3/3 concordant. Cross-tissue: 0/0 concordant.
CHEK1,546,survived,up,3,0,0,Same-tissue replication: 3/3 concordant. Cross-tissue: 0/0 concordant.
EDAR,546,survived,up,2,0,0,Same-tissue replication: 2/3 concordant. Cross-tissue: 0/0 concordant.
GINS3,546,survived,up,3,0,0,Same-tissue replication: 3/3 concordant. Cross-tissue: 0/0 concordant.
LIMCH1,546,survived,up,2,0,0,Same-tissue replication: 2/3 concordant. Cross-tissue: 0/0 concordant.
MTHFD1,546,survived,up,3,0,0,Same-tissue replication: 3/3 concordant. Cross-tissue: 0/0 concordant.
PIEZO1,546,survived,up,3,0,0,Same-tissue replication: 3/3 concordant. Cross-tissue: 0/0 concordant.
PPP4R1,546,survived,up,3,0,0,Same-tissue replication: 3/3 concordant. Cross-tissue: 0/0 concordant.
RASAL2,546,eliminated,up,0,1,0,Significant opposite direction in same-tissue dataset(s): ['GSE38713']. Discovery direction: up.
SEC23B,546,survived,up,3,0,0,Same-tissue replication: 3/3 concordant. Cross-tissue: 0/0 concordant.
SEMA4B,546,survived,up,3,0,0,Same-tissue replication: 3/3 concordant. Cross-tissue: 0/0 concordant.
BATF3,547,survived,up,3,0,0,Same-tissue replication: 3/3 concordant. Cross-tissue: 0/0 concordant.
C1GALT1,547,survived,up,3,0,0,Same-tissue replication: 3/3 concordant. Cross-tissue: 0/0 concordant.
CELF2,547,survived,up,3,0,0,Same-tissue replication: 3/3 concordant. Cross-tissue: 0/0 concordant.
IL19,547,survived,up,3,0,0,Same-tissue replication: 3/3 concordant. Cross-tissue: 0/0 concordant.
MEIS2,547,survived,up,2,0,0,Same-tissue replication: 2/3 concordant. Cross-tissue: 0/0 concordant.
NMNAT2,547,eliminated,up,1,1,0,Significant opposite direction in same-tissue dataset(s): ['GSE36807']. Discovery direction: up.
RASGEF1B,547,survived,up,2,0,0,Same-tissue replication: 2/3 concordant. Cross-tissue: 0/0 concordant.
TYMS,547,survived,up,2,0,0,Same-tissue replication: 2/3 concordant. Cross-tissue: 0/0 concordant.
C2CD2,548,survived,up,3,0,0,Same-tissue replication: 3/3 concordant. Cross-tissue: 0/0 concordant.
CHST3,548,survived,up,3,0,0,Same-tissue replication: 3/3 concordant. Cross-tissue: 0/0 concordant.
FBXL2,548,survived,up,3,0,0,Same-tissue replication: 3/3 concordant. Cross-tissue: 0/0 concordant.
LIMS4,548,survived,up,2,0,0,Same-tissue replication: 2/2 concordant. Cross-tissue: 0/0 concordant.
SH3BP4,548,eliminated,up,2,1,0,Significant opposite direction in same-tissue dataset(s): ['GSE36807']. Discovery direction: up.
SHMT2,548,survived,up,3,0,0,Same-tissue replication: 3/3 concordant. Cross-tissue: 0/0 concordant.
SOX9,548,eliminated,up,2,1,0,Significant opposite direction in same-tissue dataset(s): ['GSE36807']. Discovery direction: up.
SRP68,548,survived,up,3,0,0,Same-tissue replication: 3/3 concordant. Cross-tissue: 0/0 concordant.
DCBLD1,549,survived,up,3,0,0,Same-tissue replication: 3/3 concordant. Cross-tissue: 0/0 concordant.
NARF,549,survived,up,3,0,0,Same-tissue replication: 3/3 concordant. Cross-tissue: 0/0 concordant.
NRDC,549,survived,up,3,0,0,Same-tissue replication: 3/3 concordant. Cross-tissue: 0/0 concordant.
PRKD2,549,survived,up,3,0,0,Same-tissue replication: 3/3 concordant. Cross-tissue: 0/0 concordant.
SRP19,549,survived,up,3,0,0,Same-tissue replication: 3/3 concordant. Cross-tissue: 0/0 concordant.
TFE3,549,survived,up,3,0,0,Same-tissue replication: 3/3 concordant. Cross-tissue: 0/0 concordant.
UBE2H,549,survived,up,3,0,0,Same-tissue replication: 3/3 concordant. Cross-tissue: 0/0 concordant.
VARS1,549,survived,up,3,0,0,Same-tissue replication: 3/3 concordant. Cross-tissue: 0/0 concordant.
WDFY3,549,survived,up,2,0,0,Same-tissue replication: 2/3 concordant. Cross-tissue: 0/0 concordant.
E2F5,551,survived,up,3,0,0,Same-tissue replication: 3/3 concordant. Cross-tissue: 0/0 concordant.
GRK5,551,survived,up,3,0,0,Same-tissue replication: 3/3 concordant. Cross-tissue: 0/0 concordant.
IGF2BP3,551,survived,up,3,0,0,Same-tissue replication: 3/3 concordant. Cross-tissue: 0/0 concordant.
LDHB,551,survived,up,3,0,0,Same-tissue replication: 3/3 concordant. Cross-tissue: 0/0 concordant.
LHFPL6,551,survived,up,3,0,0,Same-tissue replication: 3/3 concordant. Cross-tissue: 0/0 concordant.
SLA,551,survived,up,3,0,0,Same-tissue replication: 3/3 concordant. Cross-tissue: 0/0 concordant.
CMTM7,552,survived,up,3,0,0,Same-tissue replication: 3/3 concordant. Cross-tissue: 0/0 concordant.
KIT,552,survived,up,2,0,0,Same-tissue replication: 2/3 concordant. Cross-tissue: 0/0 concordant.
MICB,552,survived,up,2,0,0,Same-tissue replication: 2/3 concordant. Cross-tissue: 0/0 concordant.
P2RY14,552,survived,up,3,0,0,Same-tissue replication: 3/3 concordant. Cross-tissue: 0/0 concordant.
FBXO3,553,survived,down,3,0,0,Same-tissue replication: 3/3 concordant. Cross-tissue: 0/0 concordant.
HECA,553,survived,down,2,0,0,Same-tissue replication: 2/3 concordant. Cross-tissue: 0/0 concordant.
NAA60,553,survived,down,3,0,0,Same-tissue replication: 3/3 concordant. Cross-tissue: 0/0 concordant.
NDUFB10,553,survived,down,3,0,0,Same-tissue replication: 3/3 concordant. Cross-tissue: 0/0 concordant.
SACM1L,553,survived,down,3,0,0,Same-tissue replication: 3/3 concordant. Cross-tissue: 0/0 concordant.
SUPT4H1,553,survived,down,2,0,0,Same-tissue replication: 2/3 concordant. Cross-tissue: 0/0 concordant.
BICRAL,554,survived,down,3,0,0,Same-tissue replication: 3/3 concordant. Cross-tissue: 0/0 concordant.
KIAA2013,554,survived,down,3,0,0,Same-tissue replication: 3/3 concordant. Cross-tissue: 0/0 concordant.
PFKL,554,survived,down,3,0,0,Same-tissue replication: 3/3 concordant. Cross-tissue: 0/0 concordant.
PPARGC1B,554,survived,down,3,0,0,Same-tissue replication: 3/3 concordant. Cross-tissue: 0/0 concordant.
PUM2,554,survived,down,3,0,0,Same-tissue replication: 3/3 concordant. Cross-tissue: 0/0 concordant.
RETREG2,554,survived,down,3,0,0,Same-tissue replication: 3/3 concordant. Cross-tissue: 0/0 concordant.
RPAIN,554,survived,down,2,0,0,Same-tissue replication: 2/3 concordant. Cross-tissue: 0/0 concordant.
SORT1,554,survived,down,3,0,0,Same-tissue replication: 3/3 concordant. Cross-tissue: 0/0 concordant.
TMEM127,554,survived,down,3,0,0,Same-tissue replication: 3/3 concordant. Cross-tissue: 0/0 concordant.
WDR20,554,survived,down,3,0,0,Same-tissue replication: 3/3 concordant. Cross-tissue: 0/0 concordant.
ZNF606,554,survived,down,3,0,0,Same-tissue replication: 3/3 concordant. Cross-tissue: 0/0 concordant.
ALDH18A1,555,survived,down,3,0,0,Same-tissue replication: 3/3 concordant. Cross-tissue: 0/0 concordant.
CAMK2N1,555,survived,down,3,0,0,Same-tissue replication: 3/3 concordant. Cross-tissue: 0/0 concordant.
CPNE2,555,survived,down,3,0,0,Same-tissue replication: 3/3 concordant. Cross-tissue: 0/0 concordant.
GNA11,555,survived,down,3,0,0,Same-tissue replication: 3/3 concordant. Cross-tissue: 0/0 concordant.
GUCY2C,555,survived,down,3,0,0,Same-tissue replication: 3/3 concordant. Cross-tissue: 0/0 concordant.
MARVELD3,555,survived,down,3,0,0,Same-tissue replication: 3/3 concordant. Cross-tissue: 0/0 concordant.
PRAG1,555,survived,down,3,0,0,Same-tissue replication: 3/3 concordant. Cross-tissue: 0/0 concordant.
SEMA6A,555,survived,down,3,0,0,Same-tissue replication: 3/3 concordant. Cross-tissue: 0/0 concordant.
USP30,555,survived,down,3,0,0,Same-tissue replication: 3/3 concordant. Cross-tissue: 0/0 concordant.
ZNF57,555,survived,down,3,0,0,Same-tissue replication: 3/3 concordant. Cross-tissue: 0/0 concordant.
ASB13,556,survived,down,3,0,0,Same-tissue replication: 3/3 concordant. Cross-tissue: 0/0 concordant.
MYZAP,556,survived,down,2,0,0,Same-tissue replication: 2/2 concordant. Cross-tissue: 0/0 concordant.
NR1I2,556,survived,down,3,0,0,Same-tissue replication: 3/3 concordant. Cross-tissue: 0/0 concordant.
P2RX4,556,survived,down,3,0,0,Same-tissue replication: 3/3 concordant. Cross-tissue: 0/0 concordant.
RNF128,556,survived,down,3,0,0,Same-tissue replication: 3/3 concordant. Cross-tissue: 0/0 concordant.
ALDH1A2,557,survived,up,2,0,0,Same-tissue replication: 2/3 concordant. Cross-tissue: 0/0 concordant.
BIRC3,557,survived,up,3,0,0,Same-tissue replication: 3/3 concordant. Cross-tissue: 0/0 concordant.
CCL3L3,557,survived,up,3,0,0,Same-tissue replication: 3/3 concordant. Cross-tissue: 0/0 concordant.
CCN4,557,survived,up,3,0,0,Same-tissue replication: 3/3 concordant. Cross-tissue: 0/0 concordant.
CHN1,557,survived,up,3,0,0,Same-tissue replication: 3/3 concordant. Cross-tissue: 0/0 concordant.
DERL3,557,survived,up,3,0,0,Same-tissue replication: 3/3 concordant. Cross-tissue: 0/0 concordant.
FKBP10,557,survived,up,3,0,0,Same-tissue replication: 3/3 concordant. Cross-tissue: 0/0 concordant.
ITGA2,557,survived,up,3,0,0,Same-tissue replication: 3/3 concordant. Cross-tissue: 0/0 concordant.
RHOJ,557,survived,up,3,0,0,Same-tissue replication: 3/3 concordant. Cross-tissue: 0/0 concordant.
STX11,557,survived,up,2,0,0,Same-tissue replication: 2/3 concordant. Cross-tissue: 0/0 concordant.
ARHGAP29,558,survived,up,3,0,0,Same-tissue replication: 3/3 concordant. Cross-tissue: 0/0 concordant.
CYP7B1,558,survived,up,3,0,0,Same-tissue replication: 3/3 concordant. Cross-tissue: 0/0 concordant.
FGF2,558,survived,up,3,0,0,Same-tissue replication: 3/3 concordant. Cross-tissue: 0/0 concordant.
NNMT,558,survived,up,3,0,0,Same-tissue replication: 3/3 concordant. Cross-tissue: 0/0 concordant.
PLS3,558,survived,up,3,0,0,Same-tissue replication: 3/3 concordant. Cross-tissue: 0/0 concordant.
PTPN13,558,survived,up,3,0,0,Same-tissue replication: 3/3 concordant. Cross-tissue: 0/0 concordant.
ALPL,559,survived,up,3,0,0,Same-tissue replication: 3/3 concordant. Cross-tissue: 0/0 concordant.
F2R,559,survived,up,3,0,0,Same-tissue replication: 3/3 concordant. Cross-tissue: 0/0 concordant.
GUCY1B1,559,survived,up,3,0,0,Same-tissue replication: 3/3 concordant. Cross-tissue: 0/0 concordant.
LAMC1,559,survived,up,3,0,0,Same-tissue replication: 3/3 concordant. Cross-tissue: 0/0 concordant.
TMEM45A,559,survived,up,3,0,0,Same-tissue replication: 3/3 concordant. Cross-tissue: 0/0 concordant.
COL5A2,560,survived,up,3,0,0,Same-tissue replication: 3/3 concordant. Cross-tissue: 0/0 concordant.
GPR84,560,survived,up,3,0,0,Same-tissue replication: 3/3 concordant. Cross-tissue: 0/0 concordant.
HIF1A,560,survived,up,3,0,0,Same-tissue replication: 3/3 concordant. Cross-tissue: 0/0 concordant.
PIK3R3,560,survived,up,3,0,0,Same-tissue replication: 3/3 concordant. Cross-tissue: 0/0 concordant.
RGCC,560,survived,up,3,0,0,Same-tissue replication: 3/3 concordant. Cross-tissue: 0/0 concordant.
BYSL,561,survived,up,3,0,0,Same-tissue replication: 3/3 concordant. Cross-tissue: 0/0 concordant.
CYP27B1,561,survived,up,3,0,0,Same-tissue replication: 3/3 concordant. Cross-tissue: 0/0 concordant.
HYOU1,561,survived,up,3,0,0,Same-tissue replication: 3/3 concordant. Cross-tissue: 0/0 concordant.
IGFLR1,561,survived,up,3,0,0,Same-tissue replication: 3/3 concordant. Cross-tissue: 0/0 concordant.
MAP3K3,561,survived,up,3,0,0,Same-tissue replication: 3/3 concordant. Cross-tissue: 0/0 concordant.
RRP12,561,survived,up,3,0,0,Same-tissue replication: 3/3 concordant. Cross-tissue: 0/0 concordant.
SH3BP5,561,survived,up,3,0,0,Same-tissue replication: 3/3 concordant. Cross-tissue: 0/0 concordant.
ARHGAP31,562,survived,up,3,0,0,Same-tissue replication: 3/3 concordant. Cross-tissue: 0/0 concordant.
ARL4C,562,survived,up,3,0,0,Same-tissue replication: 3/3 concordant. Cross-tissue: 0/0 concordant.
GRINA,562,survived,up,3,0,0,Same-tissue replication: 3/3 concordant. Cross-tissue: 0/0 concordant.
MAP3K5,562,survived,up,3,0,0,Same-tissue replication: 3/3 concordant. Cross-tissue: 0/0 concordant.
MMP13,562,survived,up,3,0,0,Same-tissue replication: 3/3 concordant. Cross-tissue: 0/0 concordant.
RSPO3,562,survived,up,3,0,0,Same-tissue replication: 3/3 concordant. Cross-tissue: 0/0 concordant.
SERPINH1,562,survived,up,3,0,0,Same-tissue replication: 3/3 concordant. Cross-tissue: 0/0 concordant.
GNA14,563,survived,up,3,0,0,Same-tissue replication: 3/3 concordant. Cross-tissue: 0/0 concordant.
PRNP,563,survived,up,2,0,0,Same-tissue replication: 2/3 concordant. Cross-tissue: 0/0 concordant.
PTX3,563,survived,up,2,0,0,Same-tissue replication: 2/3 concordant. Cross-tissue: 0/0 concordant.
QPCT,563,survived,up,1,0,0,Same-tissue replication: 1/3 concordant. Cross-tissue: 0/0 concordant.
RUNX2,563,survived,up,3,0,0,Same-tissue replication: 3/3 concordant. Cross-tissue: 0/0 concordant.
SOD3,563,survived,up,2,0,0,Same-tissue replication: 2/3 concordant. Cross-tissue: 0/0 concordant.
SPINK1,563,survived,up,3,0,0,Same-tissue replication: 3/3 concordant. Cross-tissue: 0/0 concordant.
TLR1,563,survived,up,3,0,0,Same-tissue replication: 3/3 concordant. Cross-tissue: 0/0 concordant.
APH1B,564,survived,up,3,0,0,Same-tissue replication: 3/3 concordant. Cross-tissue: 0/0 concordant.
CD200,564,survived,up,3,0,0,Same-tissue replication: 3/3 concordant. Cross-tissue: 0/0 concordant.
GLIS3,564,survived,up,3,0,0,Same-tissue replication: 3/3 concordant. Cross-tissue: 0/0 concordant.
KIF11,564,survived,up,3,0,0,Same-tissue replication: 3/3 concordant. Cross-tissue: 0/0 concordant.
MET,564,survived,up,3,0,0,Same-tissue replication: 3/3 concordant. Cross-tissue: 0/0 concordant.
NPTX2,564,survived,up,3,0,0,Same-tissue replication: 3/3 concordant. Cross-tissue: 0/0 concordant.
NUF2,564,survived,up,3,0,0,Same-tissue replication: 3/3 concordant. Cross-tissue: 0/0 concordant.
RACGAP1,564,survived,up,3,0,0,Same-tissue replication: 3/3 concordant. Cross-tissue: 0/0 concordant.
SPOCK1,564,survived,up,2,0,0,Same-tissue replication: 2/3 concordant. Cross-tissue: 0/0 concordant.
TIGAR,564,survived,up,3,0,0,Same-tissue replication: 3/3 concordant. Cross-tissue: 0/0 concordant.
TMEM268,564,survived,up,3,0,0,Same-tissue replication: 3/3 concordant. Cross-tissue: 0/0 concordant.
TRIM59,564,survived,up,2,0,0,Same-tissue replication: 2/3 concordant. Cross-tissue: 0/0 concordant.
ACSL4,565,survived,up,3,0,0,Same-tissue replication: 3/3 concordant. Cross-tissue: 0/0 concordant.
APOL1,565,survived,up,3,0,0,Same-tissue replication: 3/3 concordant. Cross-tissue: 0/0 concordant.
COL15A1,565,survived,up,3,0,0,Same-tissue replication: 3/3 concordant. Cross-tissue: 0/0 concordant.
FCGR2A,565,survived,up,3,0,0,Same-tissue replication: 3/3 concordant. Cross-tissue: 0/0 concordant.
LPCAT1,565,survived,up,3,0,0,Same-tissue replication: 3/3 concordant. Cross-tissue: 0/0 concordant.
SLC2A3,565,survived,up,3,0,0,Same-tissue replication: 3/3 concordant. Cross-tissue: 0/0 concordant.
TREM1,565,survived,up,3,0,0,Same-tissue replication: 3/3 concordant. Cross-tissue: 0/0 concordant.
ADAM12,567,survived,up,2,0,0,Same-tissue replication: 2/3 concordant. Cross-tissue: 0/0 concordant.
CLEC1A,567,survived,up,3,0,0,Same-tissue replication: 3/3 concordant. Cross-tissue: 0/0 concordant.
CLEC7A,567,survived,up,3,0,0,Same-tissue replication: 3/3 concordant. Cross-tissue: 0/0 concordant.
CRIP2,567,survived,up,3,0,0,Same-tissue replication: 3/3 concordant. Cross-tissue: 0/0 concordant.
LGALS1,567,survived,up,3,0,0,Same-tissue replication: 3/3 concordant. Cross-tissue: 0/0 concordant.
MTCL1,567,survived,up,3,0,0,Same-tissue replication: 3/3 concordant. Cross-tissue: 0/0 concordant.
TSPAN18,567,survived,up,3,0,0,Same-tissue replication: 3/3 concordant. Cross-tissue: 0/0 concordant.
ARID5A,568,survived,up,3,0,0,Same-tissue replication: 3/3 concordant. Cross-tissue: 0/0 concordant.
CLEC4A,568,survived,up,3,0,0,Same-tissue replication: 3/3 concordant. Cross-tissue: 0/0 concordant.
HTRA1,568,survived,up,3,0,0,Same-tissue replication: 3/3 concordant. Cross-tissue: 0/0 concordant.
NLRP3,568,survived,up,3,0,0,Same-tissue replication: 3/3 concordant. Cross-tissue: 0/0 concordant.
OAS3,568,survived,up,3,0,0,Same-tissue replication: 3/3 concordant. Cross-tissue: 0/0 concordant.
SH3PXD2B,568,survived,up,3,0,0,Same-tissue replication: 3/3 concordant. Cross-tissue: 0/0 concordant.
BLCAP,569,survived,down,3,0,0,Same-tissue replication: 3/3 concordant. Cross-tissue: 0/0 concordant.
FBLIM1,569,survived,down,2,0,0,Same-tissue replication: 2/3 concordant. Cross-tissue: 0/0 concordant.
GSTA5,569,insufficient_data,down,0,0,0,No replication data available for this gene.
NEO1,569,survived,down,3,0,0,Same-tissue replication: 3/3 concordant. Cross-tissue: 0/0 concordant.
TYR,569,survived,down,3,0,0,Same-tissue replication: 3/3 concordant. Cross-tissue: 0/0 concordant.
ATP1A1,570,survived,down,2,0,0,Same-tissue replication: 2/3 concordant. Cross-tissue: 0/0 concordant.
DNAJA3,570,survived,down,3,0,0,Same-tissue replication: 3/3 concordant. Cross-tissue: 0/0 concordant.
GPR108,570,survived,down,1,0,0,Same-tissue replication: 1/1 concordant. Cross-tissue: 0/0 concordant.
ZNRF3,570,survived,down,3,0,0,Same-tissue replication: 3/3 concordant. Cross-tissue: 0/0 concordant.
CTBP1,571,survived,down,1,0,0,Same-tissue replication: 1/3 concordant. Cross-tissue: 0/0 concordant.
DCAF6,571,survived,down,3,0,0,Same-tissue replication: 3/3 concordant. Cross-tissue: 0/0 concordant.
DHX16,571,survived,down,2,0,0,Same-tissue replication: 2/3 concordant. Cross-tissue: 0/0 concordant.
RABL3,571,survived,down,2,0,0,Same-tissue replication: 2/3 concordant. Cross-tissue: 0/0 concordant.
SMIM7,571,survived,down,3,0,0,Same-tissue replication: 3/3 concordant. Cross-tissue: 0/0 concordant.
SSBP3,571,survived,down,3,0,0,Same-tissue replication: 3/3 concordant. Cross-tissue: 0/0 concordant.
CA7,572,survived,down,3,0,0,Same-tissue replication: 3/3 concordant. Cross-tissue: 0/0 concordant.
CABLES1,572,survived,down,3,0,0,Same-tissue replication: 3/3 concordant. Cross-tissue: 0/0 concordant.
CLDN23,572,survived,down,3,0,0,Same-tissue replication: 3/3 concordant. Cross-tissue: 0/0 concordant.
EFCAB5,572,survived,down,3,0,0,Same-tissue replication: 3/3 concordant. Cross-tissue: 0/0 concordant.
MCMDC2,572,survived,down,1,0,0,Same-tissue replication: 1/3 concordant. Cross-tissue: 0/0 concordant.
NCBP1,572,survived,down,2,0,0,Same-tissue replication: 2/3 concordant. Cross-tissue: 0/0 concordant.
PCDH20,572,survived,down,1,0,0,Same-tissue replication: 1/1 concordant. Cross-tissue: 0/0 concordant.
PDE9A,572,survived,down,3,0,0,Same-tissue replication: 3/3 concordant. Cross-tissue: 0/0 concordant.
PLS1,572,survived,down,3,0,0,Same-tissue replication: 3/3 concordant. Cross-tissue: 0/0 concordant.
RPSA2,572,insufficient_data,down,0,0,0,No replication data available for this gene.
SFXN5,572,survived,down,3,0,0,Same-tissue replication: 3/3 concordant. Cross-tissue: 0/0 concordant.
TUFT1,572,survived,down,3,0,0,Same-tissue replication: 3/3 concordant. Cross-tissue: 0/0 concordant.
CCDC97,573,survived,down,2,0,0,Same-tissue replication: 2/3 concordant. Cross-tissue: 0/0 concordant.
DGCR6L,573,survived,down,1,0,0,Same-tissue replication: 1/3 concordant. Cross-tissue: 0/0 concordant.
DUX4,573,insufficient_data,down,0,0,0,No replication data available for this gene.
EDC4,573,survived,down,3,0,0,Same-tissue replication: 3/3 concordant. Cross-tissue: 0/0 concordant.
EPC1,573,survived,down,3,0,0,Same-tissue replication: 3/3 concordant. Cross-tissue: 0/0 concordant.
KCNK10,573,survived,down,2,0,0,Same-tissue replication: 2/3 concordant. Cross-tissue: 0/0 concordant.
NMNAT1,573,survived,down,2,0,0,Same-tissue replication: 2/3 concordant. Cross-tissue: 0/0 concordant.
PHLPP1,573,survived,down,3,0,0,Same-tissue replication: 3/3 concordant. Cross-tissue: 0/0 concordant.
SMUG1,573,survived,down,2,0,0,Same-tissue replication: 2/3 concordant. Cross-tissue: 0/0 concordant.
SNX33,573,survived,down,2,0,0,Same-tissue replication: 2/3 concordant. Cross-tissue: 0/0 concordant.
ZNF169,573,survived,down,1,0,0,Same-tissue replication: 1/3 concordant. Cross-tissue: 0/0 concordant.
ZNF468,573,survived,down,3,0,0,Same-tissue replication: 3/3 concordant. Cross-tissue: 0/0 concordant.
ZNF846,573,survived,down,1,0,0,Same-tissue replication: 1/1 concordant. Cross-tissue: 0/0 concordant.
ANGPTL2,574,survived,up,3,0,0,Same-tissue replication: 3/3 concordant. Cross-tissue: 0/0 concordant.
FAP,574,survived,up,3,0,0,Same-tissue replication: 3/3 concordant. Cross-tissue: 0/0 concordant.
IFITM2,574,survived,up,3,0,0,Same-tissue replication: 3/3 concordant. Cross-tissue: 0/0 concordant.
LILRB2,574,survived,up,3,0,0,Same-tissue replication: 3/3 concordant. Cross-tissue: 0/0 concordant.
LOXL2,574,survived,up,3,0,0,Same-tissue replication: 3/3 concordant. Cross-tissue: 0/0 concordant.
PITPNC1,574,survived,up,3,0,0,Same-tissue replication: 3/3 concordant. Cross-tissue: 0/0 concordant.
RGS1,574,survived,up,1,0,0,Same-tissue replication: 1/3 concordant. Cross-tissue: 0/0 concordant.
COL3A1,575,survived,up,3,0,0,Same-tissue replication: 3/3 concordant. Cross-tissue: 0/0 concordant.
DRAM1,575,survived,up,3,0,0,Same-tissue replication: 3/3 concordant. Cross-tissue: 0/0 concordant.
GPX8,575,survived,up,3,0,0,Same-tissue replication: 3/3 concordant. Cross-tissue: 0/0 concordant.
NR4A3,575,survived,up,3,0,0,Same-tissue replication: 3/3 concordant. Cross-tissue: 0/0 concordant.
SAMD9L,575,survived,up,3,0,0,Same-tissue replication: 3/3 concordant. Cross-tissue: 0/0 concordant.
VCAN,575,survived,up,3,0,0,Same-tissue replication: 3/3 concordant. Cross-tissue: 0/0 concordant.
CALD1,577,survived,up,3,0,0,Same-tissue replication: 3/3 concordant. Cross-tissue: 0/0 concordant.
CD163,577,survived,up,3,0,0,Same-tissue replication: 3/3 concordant. Cross-tissue: 0/0 concordant.
CD59,577,survived,up,3,0,0,Same-tissue replication: 3/3 concordant. Cross-tissue: 0/0 concordant.
MRAP2,577,survived,up,2,0,0,Same-tissue replication: 2/3 concordant. Cross-tissue: 0/0 concordant.
TWSG1,577,survived,up,2,0,0,Same-tissue replication: 2/3 concordant. Cross-tissue: 0/0 concordant.
CSRP2,578,survived,up,3,0,0,Same-tissue replication: 3/3 concordant. Cross-tissue: 0/0 concordant.
ERLEC1,578,survived,up,3,0,0,Same-tissue replication: 3/3 concordant. Cross-tissue: 0/0 concordant.
HCST,578,survived,up,3,0,0,Same-tissue replication: 3/3 concordant. Cross-tissue: 0/0 concordant.
HS3ST3A1,578,survived,up,3,0,0,Same-tissue replication: 3/3 concordant. Cross-tissue: 0/0 concordant.
KIF23,578,survived,up,3,0,0,Same-tissue replication: 3/3 concordant. Cross-tissue: 0/0 concordant.
MELK,578,survived,up,3,0,0,Same-tissue replication: 3/3 concordant. Cross-tissue: 0/0 concordant.
PAPSS1,578,survived,up,3,0,0,Same-tissue replication: 3/3 concordant. Cross-tissue: 0/0 concordant.
PDK1,578,survived,up,3,0,0,Same-tissue replication: 3/3 concordant. Cross-tissue: 0/0 concordant.
TSPYL2,578,survived,up,3,0,0,Same-tissue replication: 3/3 concordant. Cross-tissue: 0/0 concordant.
BAIAP2L1,579,survived,up,3,0,0,Same-tissue replication: 3/3 concordant. Cross-tissue: 0/0 concordant.
BTN3A2,579,survived,up,3,0,0,Same-tissue replication: 3/3 concordant. Cross-tissue: 0/0 concordant.
CRYBG3,579,survived,up,2,0,0,Same-tissue replication: 2/3 concordant. Cross-tissue: 0/0 concordant.
DNAL1,579,survived,up,2,0,0,Same-tissue replication: 2/3 concordant. Cross-tissue: 0/0 concordant.
MAP1B,579,survived,up,2,0,0,Same-tissue replication: 2/3 concordant. Cross-tissue: 0/0 concordant.
PDGFRL,579,survived,up,3,0,0,Same-tissue replication: 3/3 concordant. Cross-tissue: 0/0 concordant.
SFTPA2,579,survived,up,2,0,0,Same-tissue replication: 2/3 concordant. Cross-tissue: 0/0 concordant.
SH2D1A,579,survived,up,3,0,0,Same-tissue replication: 3/3 concordant. Cross-tissue: 0/0 concordant.
SKA1,579,survived,up,3,0,0,Same-tissue replication: 3/3 concordant. Cross-tissue: 0/0 concordant.
SMOC2,579,survived,up,3,0,0,Same-tissue replication: 3/3 concordant. Cross-tissue: 0/0 concordant.
TIMP2,579,survived,up,2,0,0,Same-tissue replication: 2/3 concordant. Cross-tissue: 0/0 concordant.
VASN,579,survived,up,3,0,0,Same-tissue replication: 3/3 concordant. Cross-tissue: 0/0 concordant.
ANKRD50,582,eliminated,up,2,1,0,Significant opposite direction in same-tissue dataset(s): ['GSE36807']. Discovery direction: up.
FIGNL1,582,survived,up,3,0,0,Same-tissue replication: 3/3 concordant. Cross-tissue: 0/0 concordant.
NOC3L,582,survived,up,3,0,0,Same-tissue replication: 3/3 concordant. Cross-tissue: 0/0 concordant.
REXO2,582,survived,up,3,0,0,Same-tissue replication: 3/3 concordant. Cross-tissue: 0/0 concordant.
UBAP2L,582,survived,up,3,0,0,Same-tissue replication: 3/3 concordant. Cross-tissue: 0/0 concordant.
UBE2E2,582,survived,up,3,0,0,Same-tissue replication: 3/3 concordant. Cross-tissue: 0/0 concordant.
AUTS2,583,survived,down,3,0,0,Same-tissue replication: 3/3 concordant. Cross-tissue: 0/0 concordant.
B3GNT8,583,survived,down,3,0,0,Same-tissue replication: 3/3 concordant. Cross-tissue: 0/0 concordant.
CCDC17,583,survived,down,2,0,0,Same-tissue replication: 2/3 concordant. Cross-tissue: 0/0 concordant.
CLCN2,583,survived,down,3,0,0,Same-tissue replication: 3/3 concordant. Cross-tissue: 0/0 concordant.
CNNM2,583,survived,down,3,0,0,Same-tissue replication: 3/3 concordant. Cross-tissue: 0/0 concordant.
DOLPP1,583,survived,down,3,0,0,Same-tissue replication: 3/3 concordant. Cross-tissue: 0/0 concordant.
GSTM4,583,survived,down,3,0,0,Same-tissue replication: 3/3 concordant. Cross-tissue: 0/0 concordant.
IGBP1,583,survived,down,3,0,0,Same-tissue replication: 3/3 concordant. Cross-tissue: 0/0 concordant.
ISX,583,survived,down,3,0,0,Same-tissue replication: 3/3 concordant. Cross-tissue: 0/0 concordant.
LRRC66,583,eliminated,down,2,1,0,Significant opposite direction in same-tissue dataset(s): ['GSE36807']. Discovery direction: down.
MBNL3,583,survived,down,3,0,0,Same-tissue replication: 3/3 concordant. Cross-tissue: 0/0 concordant.
MT1HL1,583,survived,down,3,0,0,Same-tissue replication: 3/3 concordant. Cross-tissue: 0/0 concordant.
NAPEPLD,583,survived,down,3,0,0,Same-tissue replication: 3/3 concordant. Cross-tissue: 0/0 concordant.
PIK3R1,583,survived,down,3,0,0,Same-tissue replication: 3/3 concordant. Cross-tissue: 0/0 concordant.
PLA2R1,583,survived,down,1,0,0,Same-tissue replication: 1/3 concordant. Cross-tissue: 0/0 concordant.
PLPP1,583,survived,down,2,0,0,Same-tissue replication: 2/3 concordant. Cross-tissue: 0/0 concordant.
SECTM1,583,survived,down,3,0,0,Same-tissue replication: 3/3 concordant. Cross-tissue: 0/0 concordant.
SPHK2,583,survived,down,2,0,0,Same-tissue replication: 2/3 concordant. Cross-tissue: 0/0 concordant.
AGBL2,584,survived,down,3,0,0,Same-tissue replication: 3/3 concordant. Cross-tissue: 0/0 concordant.
ANO9,584,survived,down,2,0,0,Same-tissue replication: 2/3 concordant. Cross-tissue: 0/0 concordant.
ARHGEF37,584,survived,down,3,0,0,Same-tissue replication: 3/3 concordant. Cross-tissue: 0/0 concordant.
DENND1B,584,survived,down,3,0,0,Same-tissue replication: 3/3 concordant. Cross-tissue: 0/0 concordant.
DERA,584,survived,down,3,0,0,Same-tissue replication: 3/3 concordant. Cross-tissue: 0/0 concordant.
DOCK1,584,survived,down,3,0,0,Same-tissue replication: 3/3 concordant. Cross-tissue: 0/0 concordant.
FBXL3,584,survived,down,3,0,0,Same-tissue replication: 3/3 concordant. Cross-tissue: 0/0 concordant.
LCMT1,584,survived,down,3,0,0,Same-tissue replication: 3/3 concordant. Cross-tissue: 0/0 concordant.
NTPCR,584,survived,down,3,0,0,Same-tissue replication: 3/3 concordant. Cross-tissue: 0/0 concordant.
ROGDI,584,survived,down,3,0,0,Same-tissue replication: 3/3 concordant. Cross-tissue: 0/0 concordant.
STRBP,584,survived,down,3,0,0,Same-tissue replication: 3/3 concordant. Cross-tissue: 0/0 concordant.
ZBED11,584,survived,down,3,0,0,Same-tissue replication: 3/3 concordant. Cross-tissue: 0/0 concordant.
ZFAND2B,584,survived,down,3,0,0,Same-tissue replication: 3/3 concordant. Cross-tissue: 0/0 concordant.
CACNB2,585,survived,down,3,0,0,Same-tissue replication: 3/3 concordant. Cross-tissue: 0/0 concordant.
CDK18,585,survived,down,3,0,0,Same-tissue replication: 3/3 concordant. Cross-tissue: 0/0 concordant.
EXT1,585,eliminated,down,1,1,0,Significant opposite direction in same-tissue dataset(s): ['GSE38713']. Discovery direction: down.
ITSN1,585,survived,down,3,0,0,Same-tissue replication: 3/3 concordant. Cross-tissue: 0/0 concordant.
LAD1,585,eliminated,down,2,1,0,Significant opposite direction in same-tissue dataset(s): ['GSE38713']. Discovery direction: down.
NDUFS4,585,survived,down,3,0,0,Same-tissue replication: 3/3 concordant. Cross-tissue: 0/0 concordant.
PLEKHA7,585,survived,down,2,0,0,Same-tissue replication: 2/3 concordant. Cross-tissue: 0/0 concordant.
TOX3,585,survived,down,3,0,0,Same-tissue replication: 3/3 concordant. Cross-tissue: 0/0 concordant.
CKMT2,586,survived,down,2,0,0,Same-tissue replication: 2/3 concordant. Cross-tissue: 0/0 concordant.
CLPTM1,586,survived,down,1,0,0,Same-tissue replication: 1/3 concordant. Cross-tissue: 0/0 concordant.
DSP,586,survived,down,3,0,0,Same-tissue replication: 3/3 concordant. Cross-tissue: 0/0 concordant.
HSD17B13,586,insufficient_data,down,0,0,0,No replication data available for this gene.
IPP,586,survived,down,3,0,0,Same-tissue replication: 3/3 concordant. Cross-tissue: 0/0 concordant.
MAPDA,586,survived,down,3,0,0,Same-tissue replication: 3/3 concordant. Cross-tissue: 0/0 concordant.
MYOM3,586,survived,down,3,0,0,Same-tissue replication: 3/3 concordant. Cross-tissue: 0/0 concordant.
PROC,586,survived,down,3,0,0,Same-tissue replication: 3/3 concordant. Cross-tissue: 0/0 concordant.
SLC39A2,586,survived,down,3,0,0,Same-tissue replication: 3/3 concordant. Cross-tissue: 0/0 concordant.
TRPV1,586,survived,down,1,0,0,Same-tissue replication: 1/1 concordant. Cross-tissue: 0/0 concordant.
AQP12B,587,eliminated,up,1,1,0,Significant opposite direction in same-tissue dataset(s): ['GSE87466']. Discovery direction: up.
GREB1,587,survived,up,2,0,0,Same-tissue replication: 2/3 concordant. Cross-tissue: 0/0 concordant.
ZC3HAV1,587,survived,up,2,0,0,Same-tissue replication: 2/3 concordant. Cross-tissue: 0/0 concordant.
ADH1A,590,survived,down,3,0,0,Same-tissue replication: 3/3 concordant. Cross-tissue: 0/0 concordant.
CHP1,590,survived,down,3,0,0,Same-tissue replication: 3/3 concordant. Cross-tissue: 0/0 concordant.
GGT7,590,survived,down,3,0,0,Same-tissue replication: 3/3 concordant. Cross-tissue: 0/0 concordant.
KRT12,590,survived,down,2,0,0,Same-tissue replication: 2/3 concordant. Cross-tissue: 0/0 concordant.
MAPK3,590,survived,down,3,0,0,Same-tissue replication: 3/3 concordant. Cross-tissue: 0/0 concordant.
NHEJ1,590,survived,down,1,0,0,Same-tissue replication: 1/1 concordant. Cross-tissue: 0/0 concordant.
OVOL2,590,survived,down,3,0,0,Same-tissue replication: 3/3 concordant. Cross-tissue: 0/0 concordant.
POU2AF2,590,survived,down,3,0,0,Same-tissue replication: 3/3 concordant. Cross-tissue: 0/0 concordant.
SEMA4G,590,survived,down,3,0,0,Same-tissue replication: 3/3 concordant. Cross-tissue: 0/0 concordant.
TRIM3,590,survived,down,3,0,0,Same-tissue replication: 3/3 concordant. Cross-tissue: 0/0 concordant.
ZC2HC1C,590,survived,down,3,0,0,Same-tissue replication: 3/3 concordant. Cross-tissue: 0/0 concordant.
ZFYVE27,590,survived,down,3,0,0,Same-tissue replication: 3/3 concordant. Cross-tissue: 0/0 concordant.
ZNF3,590,survived,down,3,0,0,Same-tissue replication: 3/3 concordant. Cross-tissue: 0/0 concordant.
ACY1,591,survived,down,2,0,0,Same-tissue replication: 2/3 concordant. Cross-tissue: 0/0 concordant.
AKAP3,591,survived,down,2,0,0,Same-tissue replication: 2/3 concordant. Cross-tissue: 0/0 concordant.
AKAP6,591,survived,down,2,0,0,Same-tissue replication: 2/3 concordant. Cross-tissue: 0/0 concordant.
BAP1,591,survived,down,2,0,0,Same-tissue replication: 2/3 concordant. Cross-tissue: 0/0 concordant.
C11orf65,591,survived,down,1,0,0,Same-tissue replication: 1/3 concordant. Cross-tissue: 0/0 concordant.
CHAT,591,survived,down,3,0,0,Same-tissue replication: 3/3 concordant. Cross-tissue: 0/0 concordant.
EFHC2,591,survived,down,2,0,0,Same-tissue replication: 2/3 concordant. Cross-tissue: 0/0 concordant.
EPN1,591,survived,down,2,0,0,Same-tissue replication: 2/3 concordant. Cross-tissue: 0/0 concordant.
FAM9B,591,survived,down,2,0,0,Same-tissue replication: 2/3 concordant. Cross-tissue: 0/0 concordant.
NBAS,591,eliminated,down,1,1,0,Significant opposite direction in same-tissue dataset(s): ['GSE87466']. Discovery direction: down.
NCR2,591,survived,down,2,0,0,Same-tissue replication: 2/3 concordant. Cross-tissue: 0/0 concordant.
NKAP,591,eliminated,down,1,1,0,Significant opposite direction in same-tissue dataset(s): ['GSE36807']. Discovery direction: down.
NOVA1,591,survived,down,2,0,0,Same-tissue replication: 2/3 concordant. Cross-tissue: 0/0 concordant.
SEMA3B,591,survived,down,2,0,0,Same-tissue replication: 2/3 concordant. Cross-tissue: 0/0 concordant.
SMYD4,591,survived,down,0,0,0,Same-tissue replication: 0/3 concordant. Cross-tissue: 0/0 concordant.
TDRD5,591,survived,down,1,0,0,Same-tissue replication: 1/3 concordant. Cross-tissue: 0/0 concordant.
THUMPD2,591,eliminated,down,0,1,0,Significant opposite direction in same-tissue dataset(s): ['GSE38713']. Discovery direction: down.
TMEM239,591,survived,down,2,0,0,Same-tissue replication: 2/3 concordant. Cross-tissue: 0/0 concordant.
TNNT2,591,survived,down,1,0,0,Same-tissue replication: 1/3 concordant. Cross-tissue: 0/0 concordant.
TRAPPC3L,591,survived,down,2,0,0,Same-tissue replication: 2/3 concordant. Cross-tissue: 0/0 concordant.
XAGE2,591,survived,down,3,0,0,Same-tissue replication: 3/3 concordant. Cross-tissue: 0/0 concordant.
ZNF345,591,survived,down,3,0,0,Same-tissue replication: 3/3 concordant. Cross-tissue: 0/0 concordant.
ZNF75D,591,eliminated,down,1,1,0,Significant opposite direction in same-tissue dataset(s): ['GSE87466']. Discovery direction: down.
ZSCAN32,591,survived,down,0,0,0,Same-tissue replication: 0/3 concordant. Cross-tissue: 0/0 concordant.
ADA,592,survived,up,3,0,0,Same-tissue replication: 3/3 concordant. Cross-tissue: 0/0 concordant.
ANGPT2,592,survived,up,3,0,0,Same-tissue replication: 3/3 concordant. Cross-tissue: 0/0 concordant.
ENC1,592,survived,up,3,0,0,Same-tissue replication: 3/3 concordant. Cross-tissue: 0/0 concordant.
FAM20A,592,survived,up,3,0,0,Same-tissue replication: 3/3 concordant. Cross-tissue: 0/0 concordant.
KIRREL1,592,survived,up,3,0,0,Same-tissue replication: 3/3 concordant. Cross-tissue: 0/0 concordant.
KRT6C,592,survived,up,3,0,0,Same-tissue replication: 3/3 concordant. Cross-tissue: 0/0 concordant.
NIBAN1,592,survived,up,2,0,0,Same-tissue replication: 2/3 concordant. Cross-tissue: 0/0 concordant.
ODC1,592,survived,up,3,0,0,Same-tissue replication: 3/3 concordant. Cross-tissue: 0/0 concordant.
SGIP1,592,survived,up,3,0,0,Same-tissue replication: 3/3 concordant. Cross-tissue: 0/0 concordant.
SMOX,592,survived,up,3,0,0,Same-tissue replication: 3/3 concordant. Cross-tissue: 0/0 concordant.
TPRG1,592,survived,up,3,0,0,Same-tissue replication: 3/3 concordant. Cross-tissue: 0/0 concordant.
ARMCX2,593,survived,up,3,0,0,Same-tissue replication: 3/3 concordant. Cross-tissue: 0/0 concordant.
ASPH,593,survived,up,3,0,0,Same-tissue replication: 3/3 concordant. Cross-tissue: 0/0 concordant.
CEP128,593,survived,up,3,0,0,Same-tissue replication: 3/3 concordant. Cross-tissue: 0/0 concordant.
CHRDL2,593,survived,up,3,0,0,Same-tissue replication: 3/3 concordant. Cross-tissue: 0/0 concordant.
FEZ1,593,survived,up,3,0,0,Same-tissue replication: 3/3 concordant. Cross-tissue: 0/0 concordant.
IRF1,593,survived,up,3,0,0,Same-tissue replication: 3/3 concordant. Cross-tissue: 0/0 concordant.
NME5,593,survived,up,3,0,0,Same-tissue replication: 3/3 concordant. Cross-tissue: 0/0 concordant.
PIM3,593,survived,up,3,0,0,Same-tissue replication: 3/3 concordant. Cross-tissue: 0/0 concordant.
S100A7,593,survived,up,3,0,0,Same-tissue replication: 3/3 concordant. Cross-tissue: 0/0 concordant.
SEC14L1,593,survived,up,3,0,0,Same-tissue replication: 3/3 concordant. Cross-tissue: 0/0 concordant.
TUBA1A,593,survived,up,2,0,0,Same-tissue replication: 2/3 concordant. Cross-tissue: 0/0 concordant.
GAN,594,survived,down,3,0,0,Same-tissue replication: 3/3 concordant. Cross-tissue: 0/0 concordant.
KBTBD3,594,survived,down,3,0,0,Same-tissue replication: 3/3 concordant. Cross-tissue: 0/0 concordant.
NUDT13,594,survived,down,2,0,0,Same-tissue replication: 2/3 concordant. Cross-tissue: 0/0 concordant.
OXA1L,594,survived,down,3,0,0,Same-tissue replication: 3/3 concordant. Cross-tissue: 0/0 concordant.
RTN4,594,survived,down,3,0,0,Same-tissue replication: 3/3 concordant. Cross-tissue: 0/0 concordant.
ZNF461,594,survived,down,2,0,0,Same-tissue replication: 2/3 concordant. Cross-tissue: 0/0 concordant.
EEF2K,595,survived,down,1,0,0,Same-tissue replication: 1/1 concordant. Cross-tissue: 0/0 concordant.
F2RL1,595,survived,down,3,0,0,Same-tissue replication: 3/3 concordant. Cross-tissue: 0/0 concordant.
OPLAH,595,survived,down,3,0,0,Same-tissue replication: 3/3 concordant. Cross-tissue: 0/0 concordant.
OPN3,595,survived,down,3,0,0,Same-tissue replication: 3/3 concordant. Cross-tissue: 0/0 concordant.
PTGR2,595,eliminated,down,1,1,0,Significant opposite direction in same-tissue dataset(s): ['GSE38713']. Discovery direction: down.
SLC25A1,595,survived,down,2,0,0,Same-tissue replication: 2/3 concordant. Cross-tissue: 0/0 concordant.
SPAG9,595,eliminated,down,2,1,0,Significant opposite direction in same-tissue dataset(s): ['GSE36807']. Discovery direction: down.
CCDC47,596,survived,down,3,0,0,Same-tissue replication: 3/3 concordant. Cross-tissue: 0/0 concordant.
IRF6,596,survived,down,3,0,0,Same-tissue replication: 3/3 concordant. Cross-tissue: 0/0 concordant.
MCUR1,596,eliminated,down,1,1,0,Significant opposite direction in same-tissue dataset(s): ['GSE38713']. Discovery direction: down.
TMEM63B,596,survived,down,3,0,0,Same-tissue replication: 3/3 concordant. Cross-tissue: 0/0 concordant.
ZNF311,596,survived,down,3,0,0,Same-tissue replication: 3/3 concordant. Cross-tissue: 0/0 concordant.
ZNF471,596,survived,down,3,0,0,Same-tissue replication: 3/3 concordant. Cross-tissue: 0/0 concordant.
BCL10,598,survived,up,2,0,0,Same-tissue replication: 2/3 concordant. Cross-tissue: 0/0 concordant.
MAGEF1,598,survived,up,2,0,0,Same-tissue replication: 2/3 concordant. Cross-tissue: 0/0 concordant.
METTL1,598,survived,up,3,0,0,Same-tissue replication: 3/3 concordant. Cross-tissue: 0/0 concordant.
P4HA3,598,survived,up,3,0,0,Same-tissue replication: 3/3 concordant. Cross-tissue: 0/0 concordant.
RGL2,598,survived,up,2,0,0,Same-tissue replication: 2/3 concordant. Cross-tissue: 0/0 concordant.
SYNCRIP,598,survived,up,3,0,0,Same-tissue replication: 3/3 concordant. Cross-tissue: 0/0 concordant.
TANC1,598,survived,up,1,0,0,Same-tissue replication: 1/3 concordant. Cross-tissue: 0/0 concordant.
TBL2,598,survived,up,3,0,0,Same-tissue replication: 3/3 concordant. Cross-tissue: 0/0 concordant.
TNFAIP8L1,598,survived,up,3,0,0,Same-tissue replication: 3/3 concordant. Cross-tissue: 0/0 concordant.
EEF1D,600,survived,up,3,0,0,Same-tissue replication: 3/3 concordant. Cross-tissue: 0/0 concordant.
LRRTM2,600,survived,up,3,0,0,Same-tissue replication: 3/3 concordant. Cross-tissue: 0/0 concordant.
LSM10,600,survived,up,3,0,0,Same-tissue replication: 3/3 concordant. Cross-tissue: 0/0 concordant.
TOMM5,600,survived,up,3,0,0,Same-tissue replication: 3/3 concordant. Cross-tissue: 0/0 concordant.
AAMDC,601,survived,down,3,0,0,Same-tissue replication: 3/3 concordant. Cross-tissue: 0/0 concordant.
DHRS3,601,survived,down,3,0,0,Same-tissue replication: 3/3 concordant. Cross-tissue: 0/0 concordant.
ID3,601,survived,down,3,0,0,Same-tissue replication: 3/3 concordant. Cross-tissue: 0/0 concordant.
PINK1,601,survived,down,3,0,0,Same-tissue replication: 3/3 concordant. Cross-tissue: 0/0 concordant.
PPP1R36,601,survived,down,3,0,0,Same-tissue replication: 3/3 concordant. Cross-tissue: 0/0 concordant.
ABHD18,602,survived,down,3,0,0,Same-tissue replication: 3/3 concordant. Cross-tissue: 0/0 concordant.
AP5M1,602,survived,down,3,0,0,Same-tissue replication: 3/3 concordant. Cross-tissue: 0/0 concordant.
BRD1,602,survived,down,2,0,0,Same-tissue replication: 2/3 concordant. Cross-tissue: 0/0 concordant.
DCAF11,602,eliminated,down,2,1,0,Significant opposite direction in same-tissue dataset(s): ['GSE36807']. Discovery direction: down.
FAM98C,602,survived,down,3,0,0,Same-tissue replication: 3/3 concordant. Cross-tissue: 0/0 concordant.
MIGA2,602,survived,down,3,0,0,Same-tissue replication: 3/3 concordant. Cross-tissue: 0/0 concordant.
NAIF1,602,survived,down,2,0,0,Same-tissue replication: 2/3 concordant. Cross-tissue: 0/0 concordant.
PDSS1,602,survived,down,3,0,0,Same-tissue replication: 3/3 concordant. Cross-tissue: 0/0 concordant.
RERE,602,survived,down,3,0,0,Same-tissue replication: 3/3 concordant. Cross-tissue: 0/0 concordant.
RNFT1,602,survived,down,2,0,0,Same-tissue replication: 2/3 concordant. Cross-tissue: 0/0 concordant.
SCAP,602,survived,down,3,0,0,Same-tissue replication: 3/3 concordant. Cross-tissue: 0/0 concordant.
SMG5,602,eliminated,down,1,1,0,Significant opposite direction in same-tissue dataset(s): ['GSE38713']. Discovery direction: down.
STAM2,602,survived,down,3,0,0,Same-tissue replication: 3/3 concordant. Cross-tissue: 0/0 concordant.
TOE1,602,survived,down,3,0,0,Same-tissue replication: 3/3 concordant. Cross-tissue: 0/0 concordant.
ZER1,602,survived,down,2,0,0,Same-tissue replication: 2/3 concordant. Cross-tissue: 0/0 concordant.
ZNF706,602,survived,down,0,0,0,Same-tissue replication: 0/3 concordant. Cross-tissue: 0/0 concordant.
ARFGAP2,603,survived,down,2,0,0,Same-tissue replication: 2/3 concordant. Cross-tissue: 0/0 concordant.
H2AJ,603,survived,down,3,0,0,Same-tissue replication: 3/3 concordant. Cross-tissue: 0/0 concordant.
KHNYN,603,survived,down,2,0,0,Same-tissue replication: 2/3 concordant. Cross-tissue: 0/0 concordant.
PPEF2,603,survived,down,3,0,0,Same-tissue replication: 3/3 concordant. Cross-tissue: 0/0 concordant.
SLC22A8,603,survived,down,2,0,0,Same-tissue replication: 2/3 concordant. Cross-tissue: 0/0 concordant.
SLCO1C1,603,survived,down,2,0,0,Same-tissue replication: 2/3 concordant. Cross-tissue: 0/0 concordant.
ZNF620,603,survived,down,1,0,0,Same-tissue replication: 1/3 concordant. Cross-tissue: 0/0 concordant.
ACVR1C,606,survived,down,3,0,0,Same-tissue replication: 3/3 concordant. Cross-tissue: 0/0 concordant.
APOBEC3B,606,survived,down,3,0,0,Same-tissue replication: 3/3 concordant. Cross-tissue: 0/0 concordant.
AQP8,606,survived,down,3,0,0,Same-tissue replication: 3/3 concordant. Cross-tissue: 0/0 concordant.
CNTFR,606,survived,down,2,0,0,Same-tissue replication: 2/3 concordant. Cross-tissue: 0/0 concordant.
GALNT12,606,survived,down,3,0,0,Same-tissue replication: 3/3 concordant. Cross-tissue: 0/0 concordant.
HOXB5,606,survived,down,3,0,0,Same-tissue replication: 3/3 concordant. Cross-tissue: 0/0 concordant.
NIPAL1,606,survived,down,1,0,0,Same-tissue replication: 1/1 concordant. Cross-tissue: 0/0 concordant.
OTOP2,606,survived,down,3,0,0,Same-tissue replication: 3/3 concordant. Cross-tissue: 0/0 concordant.
PDCD4,606,survived,down,3,0,0,Same-tissue replication: 3/3 concordant. Cross-tissue: 0/0 concordant.
PIGZ,606,survived,down,3,0,0,Same-tissue replication: 3/3 concordant. Cross-tissue: 0/0 concordant.
PPARG,606,survived,down,3,0,0,Same-tissue replication: 3/3 concordant. Cross-tissue: 0/0 concordant.
PRDM10,606,survived,down,3,0,0,Same-tissue replication: 3/3 concordant. Cross-tissue: 0/0 concordant.
RAPGEFL1,606,survived,down,3,0,0,Same-tissue replication: 3/3 concordant. Cross-tissue: 0/0 concordant.
RPS6KA6,606,survived,down,3,0,0,Same-tissue replication: 3/3 concordant. Cross-tissue: 0/0 concordant.
SATB2,606,survived,down,3,0,0,Same-tissue replication: 3/3 concordant. Cross-tissue: 0/0 concordant.
SELENBP1,606,survived,down,3,0,0,Same-tissue replication: 3/3 concordant. Cross-tissue: 0/0 concordant.
SLC10A5,606,insufficient_data,down,0,0,0,No replication data available for this gene.
SLC25A23,606,survived,down,3,0,0,Same-tissue replication: 3/3 concordant. Cross-tissue: 0/0 concordant.
SLC9A2,606,survived,down,3,0,0,Same-tissue replication: 3/3 concordant. Cross-tissue: 0/0 concordant.
TMEM236,606,insufficient_data,down,0,0,0,No replication data available for this gene.
TMIGD1,606,insufficient_data,down,0,0,0,No replication data available for this gene.
WSCD1,606,survived,down,1,0,0,Same-tissue replication: 1/1 concordant. Cross-tissue: 0/0 concordant.
B4GAT1,607,survived,down,3,0,0,Same-tissue replication: 3/3 concordant. Cross-tissue: 0/0 concordant.
HACL2,607,survived,down,3,0,0,Same-tissue replication: 3/3 concordant. Cross-tissue: 0/0 concordant.
ZBTB3,607,survived,down,3,0,0,Same-tissue replication: 3/3 concordant. Cross-tissue: 0/0 concordant.
AMBRA1,608,survived,down,2,0,0,Same-tissue replication: 2/3 concordant. Cross-tissue: 0/0 concordant.
ANGPT4,608,survived,down,2,0,0,Same-tissue replication: 2/3 concordant. Cross-tissue: 0/0 concordant.
BHMT,608,survived,down,3,0,0,Same-tissue replication: 3/3 concordant. Cross-tissue: 0/0 concordant.
MYF5,608,survived,down,2,0,0,Same-tissue replication: 2/3 concordant. Cross-tissue: 0/0 concordant.
SLC17A6,608,survived,down,3,0,0,Same-tissue replication: 3/3 concordant. Cross-tissue: 0/0 concordant.
SMIM2,608,survived,down,3,0,0,Same-tissue replication: 3/3 concordant. Cross-tissue: 0/0 concordant.
TTC12,608,survived,down,2,0,0,Same-tissue replication: 2/3 concordant. Cross-tissue: 0/0 concordant.
ZMYND12,608,survived,down,3,0,0,Same-tissue replication: 3/3 concordant. Cross-tissue: 0/0 concordant.
CEACAM19,610,survived,down,1,0,0,Same-tissue replication: 1/3 concordant. Cross-tissue: 0/0 concordant.
CSNK2B,610,survived,down,2,0,0,Same-tissue replication: 2/3 concordant. Cross-tissue: 0/0 concordant.
FSAF1,610,survived,down,3,0,0,Same-tissue replication: 3/3 concordant. Cross-tissue: 0/0 concordant.
JUP,610,survived,down,3,0,0,Same-tissue replication: 3/3 concordant. Cross-tissue: 0/0 concordant.
KRTAP27-1,610,insufficient_data,down,0,0,0,No replication data available for this gene.
LTN1,610,survived,down,3,0,0,Same-tissue replication: 3/3 concordant. Cross-tissue: 0/0 concordant.
PAQR3,610,survived,down,2,0,0,Same-tissue replication: 2/3 concordant. Cross-tissue: 0/0 concordant.
SOCS6,610,survived,down,3,0,0,Same-tissue replication: 3/3 concordant. Cross-tissue: 0/0 concordant.
TBL1XR1,610,survived,down,3,0,0,Same-tissue replication: 3/3 concordant. Cross-tissue: 0/0 concordant.
VWDE,610,survived,down,3,0,0,Same-tissue replication: 3/3 concordant. Cross-tissue: 0/0 concordant.
ZMAT2,610,survived,down,3,0,0,Same-tissue replication: 3/3 concordant. Cross-tissue: 0/0 concordant.
AFDN,611,survived,down,3,0,0,Same-tissue replication: 3/3 concordant. Cross-tissue: 0/0 concordant.
AGBL5,611,survived,down,3,0,0,Same-tissue replication: 3/3 concordant. Cross-tissue: 0/0 concordant.
AKR7A2,611,survived,down,3,0,0,Same-tissue replication: 3/3 concordant. Cross-tissue: 0/0 concordant.
ASXL3,611,survived,down,2,0,0,Same-tissue replication: 2/3 concordant. Cross-tissue: 0/0 concordant.
ATP5PF,611,survived,down,3,0,0,Same-tissue replication: 3/3 concordant. Cross-tissue: 0/0 concordant.
BAIAP3,611,survived,down,2,0,0,Same-tissue replication: 2/3 concordant. Cross-tissue: 0/0 concordant.
BMX,611,survived,down,3,0,0,Same-tissue replication: 3/3 concordant. Cross-tissue: 0/0 concordant.
CAMSAP3,611,survived,down,1,0,0,Same-tissue replication: 1/3 concordant. Cross-tissue: 0/0 concordant.
DCAF4,611,survived,down,3,0,0,Same-tissue replication: 3/3 concordant. Cross-tissue: 0/0 concordant.
DPF3,611,survived,down,3,0,0,Same-tissue replication: 3/3 concordant. Cross-tissue: 0/0 concordant.
FHIT,611,survived,down,3,0,0,Same-tissue replication: 3/3 concordant. Cross-tissue: 0/0 concordant.
GOLGA1,611,survived,down,2,0,0,Same-tissue replication: 2/3 concordant. Cross-tissue: 0/0 concordant.
IL11RA,611,survived,down,3,0,0,Same-tissue replication: 3/3 concordant. Cross-tissue: 0/0 concordant.
MRPL2,611,survived,down,1,0,0,Same-tissue replication: 1/3 concordant. Cross-tissue: 0/0 concordant.
MRPL43,611,survived,down,3,0,0,Same-tissue replication: 3/3 concordant. Cross-tissue: 0/0 concordant.
NR1H3,611,eliminated,down,2,1,0,Significant opposite direction in same-tissue dataset(s): ['GSE36807']. Discovery direction: down.
OR9H1,611,insufficient_data,down,0,0,0,No replication data available for this gene.
PIP4P1,611,survived,down,3,0,0,Same-tissue replication: 3/3 concordant. Cross-tissue: 0/0 concordant.
SH2B1,611,survived,down,3,0,0,Same-tissue replication: 3/3 concordant. Cross-tissue: 0/0 concordant.
SLC4A9,611,survived,down,1,0,0,Same-tissue replication: 1/3 concordant. Cross-tissue: 0/0 concordant.
ZNF235,611,survived,down,3,0,0,Same-tissue replication: 3/3 concordant. Cross-tissue: 0/0 concordant.
ARRB1,612,survived,down,3,0,0,Same-tissue replication: 3/3 concordant. Cross-tissue: 0/0 concordant.
GPAM,612,survived,down,3,0,0,Same-tissue replication: 3/3 concordant. Cross-tissue: 0/0 concordant.
SNAP29,612,eliminated,down,1,1,0,Significant opposite direction in same-tissue dataset(s): ['GSE36807']. Discovery direction: down.
ZNF440,612,survived,down,3,0,0,Same-tissue replication: 3/3 concordant. Cross-tissue: 0/0 concordant.
CACNB3,613,survived,down,2,0,0,Same-tissue replication: 2/3 concordant. Cross-tissue: 0/0 concordant.
GBX1,613,survived,down,2,0,0,Same-tissue replication: 2/3 concordant. Cross-tissue: 0/0 concordant.
MICAL3,613,survived,down,3,0,0,Same-tissue replication: 3/3 concordant. Cross-tissue: 0/0 concordant.
MLYCD,613,survived,down,3,0,0,Same-tissue replication: 3/3 concordant. Cross-tissue: 0/0 concordant.
SH3BP1,613,survived,down,2,0,0,Same-tissue replication: 2/3 concordant. Cross-tissue: 0/0 concordant.
SREBF2,613,survived,down,3,0,0,Same-tissue replication: 3/3 concordant. Cross-tissue: 0/0 concordant.
ADI1,614,survived,down,3,0,0,Same-tissue replication: 3/3 concordant. Cross-tissue: 0/0 concordant.
ATP6V0A2,614,survived,down,2,0,0,Same-tissue replication: 2/3 concordant. Cross-tissue: 0/0 concordant.
C19orf18,614,survived,down,3,0,0,Same-tissue replication: 3/3 concordant. Cross-tissue: 0/0 concordant.
SECISBP2,614,survived,down,3,0,0,Same-tissue replication: 3/3 concordant. Cross-tissue: 0/0 concordant.
CCP110,615,survived,up,3,0,0,Same-tissue replication: 3/3 concordant. Cross-tissue: 0/0 concordant.
FIGN,615,survived,up,2,0,0,Same-tissue replication: 2/3 concordant. Cross-tissue: 0/0 concordant.
H1-10,615,survived,up,1,0,0,Same-tissue replication: 1/3 concordant. Cross-tissue: 0/0 concordant.
ITIH4,615,survived,up,3,0,0,Same-tissue replication: 3/3 concordant. Cross-tissue: 0/0 concordant.
UBE2J1,615,survived,up,3,0,0,Same-tissue replication: 3/3 concordant. Cross-tissue: 0/0 concordant.
ZWILCH,615,survived,up,3,0,0,Same-tissue replication: 3/3 concordant. Cross-tissue: 0/0 concordant.
MANBA,616,eliminated,up,2,1,0,Significant opposite direction in same-tissue dataset(s): ['GSE36807']. Discovery direction: up.
PDE4A,616,survived,up,2,0,0,Same-tissue replication: 2/3 concordant. Cross-tissue: 0/0 concordant.
RASA2,616,survived,up,2,0,0,Same-tissue replication: 2/3 concordant. Cross-tissue: 0/0 concordant.
TRRAP,616,survived,up,3,0,0,Same-tissue replication: 3/3 concordant. Cross-tissue: 0/0 concordant.
APCDD1,620,survived,up,3,0,0,Same-tissue replication: 3/3 concordant. Cross-tissue: 0/0 concordant.
CPA3,620,survived,up,2,0,0,Same-tissue replication: 2/3 concordant. Cross-tissue: 0/0 concordant.
FXYD5,620,survived,up,3,0,0,Same-tissue replication: 3/3 concordant. Cross-tissue: 0/0 concordant.
GRIN3A,620,survived,up,3,0,0,Same-tissue replication: 3/3 concordant. Cross-tissue: 0/0 concordant.
IL17A,620,survived,up,2,0,0,Same-tissue replication: 2/3 concordant. Cross-tissue: 0/0 concordant.
P2RY13,620,survived,up,3,0,0,Same-tissue replication: 3/3 concordant. Cross-tissue: 0/0 concordant.
PLXNC1,620,survived,up,2,0,0,Same-tissue replication: 2/3 concordant. Cross-tissue: 0/0 concordant.
SEC24D,620,survived,up,3,0,0,Same-tissue replication: 3/3 concordant. Cross-tissue: 0/0 concordant.
SRD5A3,620,survived,up,3,0,0,Same-tissue replication: 3/3 concordant. Cross-tissue: 0/0 concordant.
TMEM158,620,survived,up,3,0,0,Same-tissue replication: 3/3 concordant. Cross-tissue: 0/0 concordant.
CCL19,621,survived,up,3,0,0,Same-tissue replication: 3/3 concordant. Cross-tissue: 0/0 concordant.
CXCR4,621,survived,up,3,0,0,Same-tissue replication: 3/3 concordant. Cross-tissue: 0/0 concordant.
HYAL1,621,survived,up,3,0,0,Same-tissue replication: 3/3 concordant. Cross-tissue: 0/0 concordant.
KDELR3,621,survived,up,3,0,0,Same-tissue replication: 3/3 concordant. Cross-tissue: 0/0 concordant.
SELPLG,621,survived,up,3,0,0,Same-tissue replication: 3/3 concordant. Cross-tissue: 0/0 concordant.
ATPAF1,623,survived,down,3,0,0,Same-tissue replication: 3/3 concordant. Cross-tissue: 0/0 concordant.
GLUD2,623,survived,down,3,0,0,Same-tissue replication: 3/3 concordant. Cross-tissue: 0/0 concordant.
KDM6A,623,survived,down,3,0,0,Same-tissue replication: 3/3 concordant. Cross-tissue: 0/0 concordant.
LIAS,623,survived,down,3,0,0,Same-tissue replication: 3/3 concordant. Cross-tissue: 0/0 concordant.
NUDT12,623,survived,down,3,0,0,Same-tissue replication: 3/3 concordant. Cross-tissue: 0/0 concordant.
SAP30L,623,survived,down,3,0,0,Same-tissue replication: 3/3 concordant. Cross-tissue: 0/0 concordant.
ZNF763,623,survived,down,3,0,0,Same-tissue replication: 3/3 concordant. Cross-tissue: 0/0 concordant.
CCDC30,624,survived,down,2,0,0,Same-tissue replication: 2/3 concordant. Cross-tissue: 0/0 concordant.
CHRAC1,624,survived,down,3,0,0,Same-tissue replication: 3/3 concordant. Cross-tissue: 0/0 concordant.
CHRM5,624,survived,down,2,0,0,Same-tissue replication: 2/3 concordant. Cross-tissue: 0/0 concordant.
ITGA7,624,survived,down,0,0,0,Same-tissue replication: 0/3 concordant. Cross-tissue: 0/0 concordant.
KCNK17,624,survived,down,3,0,0,Same-tissue replication: 3/3 concordant. Cross-tissue: 0/0 concordant.
MAP3K13,624,eliminated,down,1,1,0,Significant opposite direction in same-tissue dataset(s): ['GSE38713']. Discovery direction: down.
NUMA1,624,survived,down,3,0,0,Same-tissue replication: 3/3 concordant. Cross-tissue: 0/0 concordant.
P2RY4,624,survived,down,2,0,0,Same-tissue replication: 2/3 concordant. Cross-tissue: 0/0 concordant.
PIRT,624,survived,down,2,0,0,Same-tissue replication: 2/3 concordant. Cross-tissue: 0/0 concordant.
RAB5C,624,survived,down,2,0,0,Same-tissue replication: 2/3 concordant. Cross-tissue: 0/0 concordant.
TRIR,624,eliminated,down,1,1,0,Significant opposite direction in same-tissue dataset(s): ['GSE38713']. Discovery direction: down.
ATP9A,625,survived,down,3,0,0,Same-tissue replication: 3/3 concordant. Cross-tissue: 0/0 concordant.
HOXA3,625,survived,down,3,0,0,Same-tissue replication: 3/3 concordant. Cross-tissue: 0/0 concordant.
MINPP1,625,survived,down,3,0,0,Same-tissue replication: 3/3 concordant. Cross-tissue: 0/0 concordant.
PAQR8,625,survived,down,3,0,0,Same-tissue replication: 3/3 concordant. Cross-tissue: 0/0 concordant.
RALGPS1,625,survived,down,3,0,0,Same-tissue replication: 3/3 concordant. Cross-tissue: 0/0 concordant.
ACOD1,626,survived,up,3,0,0,Same-tissue replication: 3/3 concordant. Cross-tissue: 0/0 concordant.
DUSP7,626,survived,up,3,0,0,Same-tissue replication: 3/3 concordant. Cross-tissue: 0/0 concordant.
F5,626,survived,up,3,0,0,Same-tissue replication: 3/3 concordant. Cross-tissue: 0/0 concordant.
FMNL1,626,survived,up,3,0,0,Same-tissue replication: 3/3 concordant. Cross-tissue: 0/0 concordant.
TESC,626,survived,up,3,0,0,Same-tissue replication: 3/3 concordant. Cross-tissue: 0/0 concordant.
TRERF1,626,survived,up,2,0,0,Same-tissue replication: 2/3 concordant. Cross-tissue: 0/0 concordant.
TSPAN5,626,survived,up,2,0,0,Same-tissue replication: 2/3 concordant. Cross-tissue: 0/0 concordant.
GPA33,627,survived,down,3,0,0,Same-tissue replication: 3/3 concordant. Cross-tissue: 0/0 concordant.
HACD2,627,survived,down,3,0,0,Same-tissue replication: 3/3 concordant. Cross-tissue: 0/0 concordant.
KCMF1,627,eliminated,down,1,1,0,Significant opposite direction in same-tissue dataset(s): ['GSE38713']. Discovery direction: down.
LPIN3,627,survived,down,3,0,0,Same-tissue replication: 3/3 concordant. Cross-tissue: 0/0 concordant.
METAP1,627,survived,down,3,0,0,Same-tissue replication: 3/3 concordant. Cross-tissue: 0/0 concordant.
MRPS7,627,survived,down,1,0,0,Same-tissue replication: 1/3 concordant. Cross-tissue: 0/0 concordant.
PDPK1,627,survived,down,2,0,0,Same-tissue replication: 2/3 concordant. Cross-tissue: 0/0 concordant.
SPATA25,627,survived,down,2,0,0,Same-tissue replication: 2/3 concordant. Cross-tissue: 0/0 concordant.
SPIRE2,627,survived,down,3,0,0,Same-tissue replication: 3/3 concordant. Cross-tissue: 0/0 concordant.
ATP6V0E1,628,survived,down,1,0,0,Same-tissue replication: 1/3 concordant. Cross-tissue: 0/0 concordant.
FAM120AOS,628,survived,down,3,0,0,Same-tissue replication: 3/3 concordant. Cross-tissue: 0/0 concordant.
PLXNB1,628,survived,down,3,0,0,Same-tissue replication: 3/3 concordant. Cross-tissue: 0/0 concordant.
PPP1R13B,628,survived,down,3,0,0,Same-tissue replication: 3/3 concordant. Cross-tissue: 0/0 concordant.
TGFBRAP1,628,survived,down,2,0,0,Same-tissue replication: 2/3 concordant. Cross-tissue: 0/0 concordant.
VWA8,628,survived,down,3,0,0,Same-tissue replication: 3/3 concordant. Cross-tissue: 0/0 concordant.
ZC3H12B,628,survived,down,3,0,0,Same-tissue replication: 3/3 concordant. Cross-tissue: 0/0 concordant.
ACVR2A,629,survived,down,3,0,0,Same-tissue replication: 3/3 concordant. Cross-tissue: 0/0 concordant.
CYP4F12,629,survived,down,3,0,0,Same-tissue replication: 3/3 concordant. Cross-tissue: 0/0 concordant.
MGAT4A,629,survived,down,3,0,0,Same-tissue replication: 3/3 concordant. Cross-tissue: 0/0 concordant.
P2RY1,629,survived,down,3,0,0,Same-tissue replication: 3/3 concordant. Cross-tissue: 0/0 concordant.
SULT1A1,629,survived,down,3,0,0,Same-tissue replication: 3/3 concordant. Cross-tissue: 0/0 concordant.
ZNF91,629,survived,down,3,0,0,Same-tissue replication: 3/3 concordant. Cross-tissue: 0/0 concordant.
C1orf115,630,survived,down,3,0,0,Same-tissue replication: 3/3 concordant. Cross-tissue: 0/0 concordant.
CYP2J2,630,survived,down,3,0,0,Same-tissue replication: 3/3 concordant. Cross-tissue: 0/0 concordant.
LPCAT3,630,survived,down,3,0,0,Same-tissue replication: 3/3 concordant. Cross-tissue: 0/0 concordant.
NAT2,630,survived,down,3,0,0,Same-tissue replication: 3/3 concordant. Cross-tissue: 0/0 concordant.
PRLR,630,survived,down,3,0,0,Same-tissue replication: 3/3 concordant. Cross-tissue: 0/0 concordant.
SLC25A20,630,survived,down,3,0,0,Same-tissue replication: 3/3 concordant. Cross-tissue: 0/0 concordant.
SLC35G1,630,survived,down,3,0,0,Same-tissue replication: 3/3 concordant. Cross-tissue: 0/0 concordant.
SUGCT,630,survived,down,3,0,0,Same-tissue replication: 3/3 concordant. Cross-tissue: 0/0 concordant.
ADCY10,633,survived,down,2,0,0,Same-tissue replication: 2/3 concordant. Cross-tissue: 0/0 concordant.
CFAP43,633,survived,down,2,0,0,Same-tissue replication: 2/3 concordant. Cross-tissue: 0/0 concordant.
GAB2,633,survived,down,3,0,0,Same-tissue replication: 3/3 concordant. Cross-tissue: 0/0 concordant.
GIGYF1,633,eliminated,down,2,1,0,Significant opposite direction in same-tissue dataset(s): ['GSE38713']. Discovery direction: down.
GLRX2,633,eliminated,down,1,2,0,"Significant opposite direction in same-tissue dataset(s): ['GSE38713', 'GSE36807']. Discovery direction: down."
ITGBL1,633,survived,down,3,0,0,Same-tissue replication: 3/3 concordant. Cross-tissue: 0/0 concordant.
SLC35E2B,633,survived,down,2,0,0,Same-tissue replication: 2/3 concordant. Cross-tissue: 0/0 concordant.
AMDHD2,634,survived,down,1,0,0,Same-tissue replication: 1/1 concordant. Cross-tissue: 0/0 concordant.
C14orf93,634,survived,down,3,0,0,Same-tissue replication: 3/3 concordant. Cross-tissue: 0/0 concordant.
CA10,634,survived,down,2,0,0,Same-tissue replication: 2/3 concordant. Cross-tissue: 0/0 concordant.
CAPN10,634,eliminated,down,1,1,0,Significant opposite direction in same-tissue dataset(s): ['GSE87466']. Discovery direction: down.
CLEC16A,634,eliminated,down,2,1,0,Significant opposite direction in same-tissue dataset(s): ['GSE36807']. Discovery direction: down.
CRYGC,634,survived,down,3,0,0,Same-tissue replication: 3/3 concordant. Cross-tissue: 0/0 concordant.
FAM180B,634,insufficient_data,down,0,0,0,No replication data available for this gene.
GLIPR1L1,634,survived,down,1,0,0,Same-tissue replication: 1/3 concordant. Cross-tissue: 0/0 concordant.
GTPBP6,634,survived,down,3,0,0,Same-tissue replication: 3/3 concordant. Cross-tissue: 0/0 concordant.
HAUS8,634,survived,down,3,0,0,Same-tissue replication: 3/3 concordant. Cross-tissue: 0/0 concordant.
KIAA1614,634,survived,down,2,0,0,Same-tissue replication: 2/3 concordant. Cross-tissue: 0/0 concordant.
NMUR1,634,survived,down,3,0,0,Same-tissue replication: 3/3 concordant. Cross-tissue: 0/0 concordant.
PCDH1,634,survived,down,3,0,0,Same-tissue replication: 3/3 concordant. Cross-tissue: 0/0 concordant.
PHAF1,634,survived,down,2,0,0,Same-tissue replication: 2/3 concordant. Cross-tissue: 0/0 concordant.
RAB5B,634,survived,down,2,0,0,Same-tissue replication: 2/3 concordant. Cross-tissue: 0/0 concordant.
RHCE,634,survived,down,1,0,0,Same-tissue replication: 1/1 concordant. Cross-tissue: 0/0 concordant.
RPP38,634,survived,down,2,0,0,Same-tissue replication: 2/3 concordant. Cross-tissue: 0/0 concordant.
AQP7,637,survived,down,1,0,0,Same-tissue replication: 1/1 concordant. Cross-tissue: 0/0 concordant.
BTBD8,637,survived,down,3,0,0,Same-tissue replication: 3/3 concordant. Cross-tissue: 0/0 concordant.
HIBCH,637,survived,down,3,0,0,Same-tissue replication: 3/3 concordant. Cross-tissue: 0/0 concordant.
HOXA7,637,survived,down,3,0,0,Same-tissue replication: 3/3 concordant. Cross-tissue: 0/0 concordant.
HOXB6,637,survived,down,2,0,0,Same-tissue replication: 2/3 concordant. Cross-tissue: 0/0 concordant.
PMFBP1,637,survived,down,3,0,0,Same-tissue replication: 3/3 concordant. Cross-tissue: 0/0 concordant.
PTK6,637,survived,down,3,0,0,Same-tissue replication: 3/3 concordant. Cross-tissue: 0/0 concordant.
TINCR,637,survived,down,2,0,0,Same-tissue replication: 2/3 concordant. Cross-tissue: 0/0 concordant.
TRPV3,637,survived,down,2,0,0,Same-tissue replication: 2/3 concordant. Cross-tissue: 0/0 concordant.
ASCC2,638,survived,down,2,0,0,Same-tissue replication: 2/3 concordant. Cross-tissue: 0/0 concordant.
ATP6V1G3,638,survived,down,1,0,0,Same-tissue replication: 1/3 concordant. Cross-tissue: 0/0 concordant.
CHMP1A,638,survived,down,1,0,0,Same-tissue replication: 1/3 concordant. Cross-tissue: 0/0 concordant.
CLDN7,638,survived,down,3,0,0,Same-tissue replication: 3/3 concordant. Cross-tissue: 0/0 concordant.
FGGY,638,survived,down,3,0,0,Same-tissue replication: 3/3 concordant. Cross-tissue: 0/0 concordant.
LPAR5,638,survived,down,3,0,0,Same-tissue replication: 3/3 concordant. Cross-tissue: 0/0 concordant.
NAGS,638,survived,down,3,0,0,Same-tissue replication: 3/3 concordant. Cross-tissue: 0/0 concordant.
NDUFB8,638,survived,down,3,0,0,Same-tissue replication: 3/3 concordant. Cross-tissue: 0/0 concordant.
PARS2,638,survived,down,3,0,0,Same-tissue replication: 3/3 concordant. Cross-tissue: 0/0 concordant.
RNF44,638,survived,down,3,0,0,Same-tissue replication: 3/3 concordant. Cross-tissue: 0/0 concordant.
TBX19,638,survived,down,2,0,0,Same-tissue replication: 2/3 concordant. Cross-tissue: 0/0 concordant.
THG1L,638,survived,down,3,0,0,Same-tissue replication: 3/3 concordant. Cross-tissue: 0/0 concordant.
TMEM164,638,survived,down,1,0,0,Same-tissue replication: 1/1 concordant. Cross-tissue: 0/0 concordant.
TSEN54,638,survived,down,2,0,0,Same-tissue replication: 2/3 concordant. Cross-tissue: 0/0 concordant.
VPS51,638,survived,down,3,0,0,Same-tissue replication: 3/3 concordant. Cross-tissue: 0/0 concordant.
ARHGAP28,639,survived,up,3,0,0,Same-tissue replication: 3/3 concordant. Cross-tissue: 0/0 concordant.
GGT5,639,survived,up,3,0,0,Same-tissue replication: 3/3 concordant. Cross-tissue: 0/0 concordant.
IL17REL,639,insufficient_data,up,0,0,0,No replication data available for this gene.
ITGA11,639,eliminated,up,2,1,0,Significant opposite direction in same-tissue dataset(s): ['GSE87466']. Discovery direction: up.
LAMA2,639,survived,up,3,0,0,Same-tissue replication: 3/3 concordant. Cross-tissue: 0/0 concordant.
MFSD12,639,survived,up,3,0,0,Same-tissue replication: 3/3 concordant. Cross-tissue: 0/0 concordant.
NOL6,639,survived,up,3,0,0,Same-tissue replication: 3/3 concordant. Cross-tissue: 0/0 concordant.
PRKD1,639,survived,up,3,0,0,Same-tissue replication: 3/3 concordant. Cross-tissue: 0/0 concordant.
LIMS1,640,survived,up,2,0,0,Same-tissue replication: 2/3 concordant. Cross-tissue: 0/0 concordant.
RPN1,640,survived,up,3,0,0,Same-tissue replication: 3/3 concordant. Cross-tissue: 0/0 concordant.
STARD8,640,survived,up,3,0,0,Same-tissue replication: 3/3 concordant. Cross-tissue: 0/0 concordant.
WDR35,640,survived,up,2,0,0,Same-tissue replication: 2/3 concordant. Cross-tissue: 0/0 concordant.
ZNF438,640,survived,up,3,0,0,Same-tissue replication: 3/3 concordant. Cross-tissue: 0/0 concordant.
ABCB7,641,survived,down,3,0,0,Same-tissue replication: 3/3 concordant. Cross-tissue: 0/0 concordant.
CNPPD1,641,survived,down,3,0,0,Same-tissue replication: 3/3 concordant. Cross-tissue: 0/0 concordant.
CYB5B,641,survived,down,3,0,0,Same-tissue replication: 3/3 concordant. Cross-tissue: 0/0 concordant.
HAGH,641,survived,down,3,0,0,Same-tissue replication: 3/3 concordant. Cross-tissue: 0/0 concordant.
LENEP,641,survived,down,2,0,0,Same-tissue replication: 2/3 concordant. Cross-tissue: 0/0 concordant.
VPS26B,641,survived,down,2,0,0,Same-tissue replication: 2/3 concordant. Cross-tissue: 0/0 concordant.
ABHD14B,642,survived,down,3,0,0,Same-tissue replication: 3/3 concordant. Cross-tissue: 0/0 concordant.
ADPRM,642,survived,down,2,0,0,Same-tissue replication: 2/3 concordant. Cross-tissue: 0/0 concordant.
CDC42EP4,642,survived,down,3,0,0,Same-tissue replication: 3/3 concordant. Cross-tissue: 0/0 concordant.
DCXR,642,survived,down,2,0,0,Same-tissue replication: 2/3 concordant. Cross-tissue: 0/0 concordant.
NXT2,642,survived,down,3,0,0,Same-tissue replication: 3/3 concordant. Cross-tissue: 0/0 concordant.
TXN2,642,survived,down,2,0,0,Same-tissue replication: 2/3 concordant. Cross-tissue: 0/0 concordant.
C3orf62,643,survived,down,1,0,0,Same-tissue replication: 1/3 concordant. Cross-tissue: 0/0 concordant.
H4C16,643,insufficient_data,down,0,0,0,No replication data available for this gene.
MRPL21,643,survived,down,2,0,0,Same-tissue replication: 2/3 concordant. Cross-tissue: 0/0 concordant.
NCSTN,643,eliminated,down,2,1,0,Significant opposite direction in same-tissue dataset(s): ['GSE87466']. Discovery direction: down.
SF3B6,643,survived,down,3,0,0,Same-tissue replication: 3/3 concordant. Cross-tissue: 0/0 concordant.
STX8,643,survived,down,3,0,0,Same-tissue replication: 3/3 concordant. Cross-tissue: 0/0 concordant.
ACSS2,644,survived,down,3,0,0,Same-tissue replication: 3/3 concordant. Cross-tissue: 0/0 concordant.
NDRG2,644,survived,down,3,0,0,Same-tissue replication: 3/3 concordant. Cross-tissue: 0/0 concordant.
SULT1B1,644,survived,down,3,0,0,Same-tissue replication: 3/3 concordant. Cross-tissue: 0/0 concordant.
SUOX,644,survived,down,3,0,0,Same-tissue replication: 3/3 concordant. Cross-tissue: 0/0 concordant.
ARHGEF9,645,survived,down,3,0,0,Same-tissue replication: 3/3 concordant. Cross-tissue: 0/0 concordant.
CTDSPL,645,survived,down,3,0,0,Same-tissue replication: 3/3 concordant. Cross-tissue: 0/0 concordant.
FASTKD1,645,survived,down,3,0,0,Same-tissue replication: 3/3 concordant. Cross-tissue: 0/0 concordant.
LRRC1,645,survived,down,3,0,0,Same-tissue replication: 3/3 concordant. Cross-tissue: 0/0 concordant.
NR6A1,645,survived,down,3,0,0,Same-tissue replication: 3/3 concordant. Cross-tissue: 0/0 concordant.
PDHA1,645,survived,down,3,0,0,Same-tissue replication: 3/3 concordant. Cross-tissue: 0/0 concordant.
TMEM94,645,survived,down,1,0,0,Same-tissue replication: 1/1 concordant. Cross-tissue: 0/0 concordant.
WASL,645,survived,down,3,0,0,Same-tissue replication: 3/3 concordant. Cross-tissue: 0/0 concordant.
CAMK2D,646,survived,down,3,0,0,Same-tissue replication: 3/3 concordant. Cross-tissue: 0/0 concordant.
CBFA2T2,646,survived,down,3,0,0,Same-tissue replication: 3/3 concordant. Cross-tissue: 0/0 concordant.
MTRES1,646,survived,down,3,0,0,Same-tissue replication: 3/3 concordant. Cross-tissue: 0/0 concordant.
NCBP2AS2,646,survived,down,3,0,0,Same-tissue replication: 3/3 concordant. Cross-tissue: 0/0 concordant.
PGBD3,646,survived,down,1,0,0,Same-tissue replication: 1/1 concordant. Cross-tissue: 0/0 concordant.
PLEKHJ1,646,survived,down,1,0,0,Same-tissue replication: 1/1 concordant. Cross-tissue: 0/0 concordant.
PMPCB,646,survived,down,3,0,0,Same-tissue replication: 3/3 concordant. Cross-tissue: 0/0 concordant.
PSKH1,646,survived,down,3,0,0,Same-tissue replication: 3/3 concordant. Cross-tissue: 0/0 concordant.
GDE1,647,survived,down,3,0,0,Same-tissue replication: 3/3 concordant. Cross-tissue: 0/0 concordant.
PIWIL4,647,survived,down,3,0,0,Same-tissue replication: 3/3 concordant. Cross-tissue: 0/0 concordant.
PLEKHH1,647,survived,down,3,0,0,Same-tissue replication: 3/3 concordant. Cross-tissue: 0/0 concordant.
PXMP4,647,survived,down,2,0,0,Same-tissue replication: 2/3 concordant. Cross-tissue: 0/0 concordant.
SH3RF2,647,survived,down,3,0,0,Same-tissue replication: 3/3 concordant. Cross-tissue: 0/0 concordant.
TUBA8,647,survived,down,1,0,0,Same-tissue replication: 1/3 concordant. Cross-tissue: 0/0 concordant.
ACVR1B,648,survived,down,3,0,0,Same-tissue replication: 3/3 concordant. Cross-tissue: 0/0 concordant.
NEK3,648,survived,down,3,0,0,Same-tissue replication: 3/3 concordant. Cross-tissue: 0/0 concordant.
PGCKA1,648,survived,down,3,0,0,Same-tissue replication: 3/3 concordant. Cross-tissue: 0/0 concordant.
PRKCZ,648,survived,down,3,0,0,Same-tissue replication: 3/3 concordant. Cross-tissue: 0/0 concordant.
SLC25A4,648,survived,down,3,0,0,Same-tissue replication: 3/3 concordant. Cross-tissue: 0/0 concordant.
ALDH6A1,649,survived,down,3,0,0,Same-tissue replication: 3/3 concordant. Cross-tissue: 0/0 concordant.
CD2AP,649,survived,down,3,0,0,Same-tissue replication: 3/3 concordant. Cross-tissue: 0/0 concordant.
DENND4C,649,survived,down,3,0,0,Same-tissue replication: 3/3 concordant. Cross-tissue: 0/0 concordant.
HECTD3,649,survived,down,3,0,0,Same-tissue replication: 3/3 concordant. Cross-tissue: 0/0 concordant.
MKRN1,649,survived,down,3,0,0,Same-tissue replication: 3/3 concordant. Cross-tissue: 0/0 concordant.
PHYKPL,649,survived,down,3,0,0,Same-tissue replication: 3/3 concordant. Cross-tissue: 0/0 concordant.
FOXN3,650,survived,down,3,0,0,Same-tissue replication: 3/3 concordant. Cross-tissue: 0/0 concordant.
GPD1L,650,survived,down,3,0,0,Same-tissue replication: 3/3 concordant. Cross-tissue: 0/0 concordant.
HADHA,650,survived,down,3,0,0,Same-tissue replication: 3/3 concordant. Cross-tissue: 0/0 concordant.
MARCHF8,650,survived,down,3,0,0,Same-tissue replication: 3/3 concordant. Cross-tissue: 0/0 concordant.
MARVELD2,650,survived,down,3,0,0,Same-tissue replication: 3/3 concordant. Cross-tissue: 0/0 concordant.
MRPL34,650,survived,down,3,0,0,Same-tissue replication: 3/3 concordant. Cross-tissue: 0/0 concordant.
MTM1,650,survived,down,3,0,0,Same-tissue replication: 3/3 concordant. Cross-tissue: 0/0 concordant.
NDRG1,650,survived,down,2,0,0,Same-tissue replication: 2/3 concordant. Cross-tissue: 0/0 concordant.
PLCL2,650,survived,down,3,0,0,Same-tissue replication: 3/3 concordant. Cross-tissue: 0/0 concordant.
PPM1A,650,survived,down,3,0,0,Same-tissue replication: 3/3 concordant. Cross-tissue: 0/0 concordant.
PRR15L,650,survived,down,3,0,0,Same-tissue replication: 3/3 concordant. Cross-tissue: 0/0 concordant.
RNF135,650,survived,down,3,0,0,Same-tissue replication: 3/3 concordant. Cross-tissue: 0/0 concordant.
SEPHS2,650,survived,down,3,0,0,Same-tissue replication: 3/3 concordant. Cross-tissue: 0/0 concordant.
SEPSECS,650,survived,down,3,0,0,Same-tissue replication: 3/3 concordant. Cross-tissue: 0/0 concordant.
SSTR1,650,survived,down,3,0,0,Same-tissue replication: 3/3 concordant. Cross-tissue: 0/0 concordant.
ZCCHC14,650,survived,down,3,0,0,Same-tissue replication: 3/3 concordant. Cross-tissue: 0/0 concordant.
ZNF768,650,survived,down,3,0,0,Same-tissue replication: 3/3 concordant. Cross-tissue: 0/0 concordant.
AFG3L2,651,survived,down,3,0,0,Same-tissue replication: 3/3 concordant. Cross-tissue: 0/0 concordant.
APLP2,651,survived,down,3,0,0,Same-tissue replication: 3/3 concordant. Cross-tissue: 0/0 concordant.
C9orf78,651,survived,down,3,0,0,Same-tissue replication: 3/3 concordant. Cross-tissue: 0/0 concordant.
CRBN,651,survived,down,3,0,0,Same-tissue replication: 3/3 concordant. Cross-tissue: 0/0 concordant.
CREBRF,651,survived,down,3,0,0,Same-tissue replication: 3/3 concordant. Cross-tissue: 0/0 concordant.
ECHDC2,651,survived,down,3,0,0,Same-tissue replication: 3/3 concordant. Cross-tissue: 0/0 concordant.
HOOK1,651,survived,down,3,0,0,Same-tissue replication: 3/3 concordant. Cross-tissue: 0/0 concordant.
LMTK2,651,survived,down,3,0,0,Same-tissue replication: 3/3 concordant. Cross-tissue: 0/0 concordant.
MYO15B,651,survived,down,3,0,0,Same-tissue replication: 3/3 concordant. Cross-tissue: 0/0 concordant.
PIWIL2,651,survived,down,3,0,0,Same-tissue replication: 3/3 concordant. Cross-tissue: 0/0 concordant.
PPARA,651,survived,down,3,0,0,Same-tissue replication: 3/3 concordant. Cross-tissue: 0/0 concordant.
TCP11L1,651,survived,down,2,0,0,Same-tissue replication: 2/3 concordant. Cross-tissue: 0/0 concordant.
ZSWIM5,651,survived,down,3,0,0,Same-tissue replication: 3/3 concordant. Cross-tissue: 0/0 concordant.
ARL8B,652,survived,down,2,0,0,Same-tissue replication: 2/3 concordant. Cross-tissue: 0/0 concordant.
ATG5,652,survived,down,2,0,0,Same-tissue replication: 2/3 concordant. Cross-tissue: 0/0 concordant.
MLLT10,652,survived,down,3,0,0,Same-tissue replication: 3/3 concordant. Cross-tissue: 0/0 concordant.
MRPS22,652,survived,down,2,0,0,Same-tissue replication: 2/3 concordant. Cross-tissue: 0/0 concordant.
RNF167,652,survived,down,3,0,0,Same-tissue replication: 3/3 concordant. Cross-tissue: 0/0 concordant.
TIMM8A,652,survived,down,1,0,0,Same-tissue replication: 1/3 concordant. Cross-tissue: 0/0 concordant.
VPS36,652,survived,down,3,0,0,Same-tissue replication: 3/3 concordant. Cross-tissue: 0/0 concordant.
C12orf76,653,survived,down,3,0,0,Same-tissue replication: 3/3 concordant. Cross-tissue: 0/0 concordant.
FAT3,653,survived,down,3,0,0,Same-tissue replication: 3/3 concordant. Cross-tissue: 0/0 concordant.
H2AZ2,653,eliminated,down,1,1,0,Significant opposite direction in same-tissue dataset(s): ['GSE36807']. Discovery direction: down.
SERINC4,653,survived,down,1,0,0,Same-tissue replication: 1/1 concordant. Cross-tissue: 0/0 concordant.
SLITRK1,653,survived,down,2,0,0,Same-tissue replication: 2/3 concordant. Cross-tissue: 0/0 concordant.
ZNF384,653,survived,down,0,0,0,Same-tissue replication: 0/3 concordant. Cross-tissue: 0/0 concordant.
ZNF740,653,survived,down,1,0,0,Same-tissue replication: 1/3 concordant. Cross-tissue: 0/0 concordant.
BICRA,654,eliminated,down,2,1,0,Significant opposite direction in same-tissue dataset(s): ['GSE36807']. Discovery direction: down.
CATSPER4,654,insufficient_data,down,0,0,0,No replication data available for this gene.
CTPS2,654,survived,down,3,0,0,Same-tissue replication: 3/3 concordant. Cross-tissue: 0/0 concordant.
NELFE,654,survived,down,1,0,0,Same-tissue replication: 1/1 concordant. Cross-tissue: 0/0 concordant.
RAD51B,654,survived,down,2,0,0,Same-tissue replication: 2/3 concordant. Cross-tissue: 0/0 concordant.
UBE2R2,654,eliminated,down,1,2,0,"Significant opposite direction in same-tissue dataset(s): ['GSE38713', 'GSE36807']. Discovery direction: down."
WDR53,654,survived,down,3,0,0,Same-tissue replication: 3/3 concordant. Cross-tissue: 0/0 concordant.
HMGXB3,655,survived,up,3,0,0,Same-tissue replication: 3/3 concordant. Cross-tissue: 0/0 concordant.
NAP1L5,655,survived,up,3,0,0,Same-tissue replication: 3/3 concordant. Cross-tissue: 0/0 concordant.
SEC11C,655,survived,up,3,0,0,Same-tissue replication: 3/3 concordant. Cross-tissue: 0/0 concordant.
SEC24C,655,survived,up,3,0,0,Same-tissue replication: 3/3 concordant. Cross-tissue: 0/0 concordant.
SLC24A3,655,survived,up,2,0,0,Same-tissue replication: 2/3 concordant. Cross-tissue: 0/0 concordant.
TMEM39A,655,survived,up,3,0,0,Same-tissue replication: 3/3 concordant. Cross-tissue: 0/0 concordant.
TRIM27,655,survived,up,2,0,0,Same-tissue replication: 2/3 concordant. Cross-tissue: 0/0 concordant.
VCP,655,survived,up,3,0,0,Same-tissue replication: 3/3 concordant. Cross-tissue: 0/0 concordant.
CDKL5,656,survived,up,1,0,0,Same-tissue replication: 1/3 concordant. Cross-tissue: 0/0 concordant.
CEP85L,656,survived,up,2,0,0,Same-tissue replication: 2/3 concordant. Cross-tissue: 0/0 concordant.
CMTM3,656,survived,up,3,0,0,Same-tissue replication: 3/3 concordant. Cross-tissue: 0/0 concordant.
GPM6B,656,survived,up,2,0,0,Same-tissue replication: 2/3 concordant. Cross-tissue: 0/0 concordant.
GRK2,656,survived,up,3,0,0,Same-tissue replication: 3/3 concordant. Cross-tissue: 0/0 concordant.
MAD2L1,656,survived,up,3,0,0,Same-tissue replication: 3/3 concordant. Cross-tissue: 0/0 concordant.
MILR1,656,survived,up,3,0,0,Same-tissue replication: 3/3 concordant. Cross-tissue: 0/0 concordant.
MXRA7,656,survived,up,2,0,0,Same-tissue replication: 2/3 concordant. Cross-tissue: 0/0 concordant.
NOTCH2,656,survived,up,2,0,0,Same-tissue replication: 2/3 concordant. Cross-tissue: 0/0 concordant.
PARPBP,656,survived,up,3,0,0,Same-tissue replication: 3/3 concordant. Cross-tissue: 0/0 concordant.
PHC1,656,survived,up,2,0,0,Same-tissue replication: 2/3 concordant. Cross-tissue: 0/0 concordant.
SLC18B1,656,eliminated,up,0,1,0,Significant opposite direction in same-tissue dataset(s): ['GSE36807']. Discovery direction: up.
SPDL1,656,survived,up,3,0,0,Same-tissue replication: 3/3 concordant. Cross-tissue: 0/0 concordant.
CYP2D6,657,survived,down,3,0,0,Same-tissue replication: 3/3 concordant. Cross-tissue: 0/0 concordant.
FSHR,657,survived,down,2,0,0,Same-tissue replication: 2/3 concordant. Cross-tissue: 0/0 concordant.
MOB2,657,survived,down,3,0,0,Same-tissue replication: 3/3 concordant. Cross-tissue: 0/0 concordant.
DIPK1C,658,survived,down,2,0,0,Same-tissue replication: 2/3 concordant. Cross-tissue: 0/0 concordant.
KCTD2,658,survived,down,2,0,0,Same-tissue replication: 2/3 concordant. Cross-tissue: 0/0 concordant.
KNCN,658,survived,down,2,0,0,Same-tissue replication: 2/3 concordant. Cross-tissue: 0/0 concordant.
MYH14,658,survived,down,2,0,0,Same-tissue replication: 2/3 concordant. Cross-tissue: 0/0 concordant.
ADH1B,662,eliminated,down,2,1,0,Significant opposite direction in same-tissue dataset(s): ['GSE87466']. Discovery direction: down.
AKR1C2,662,survived,down,1,0,0,Same-tissue replication: 1/1 concordant. Cross-tissue: 0/0 concordant.
CD1D,662,eliminated,down,1,1,0,Significant opposite direction in same-tissue dataset(s): ['GSE87466']. Discovery direction: down.
RARA,662,survived,down,3,0,0,Same-tissue replication: 3/3 concordant. Cross-tissue: 0/0 concordant.
ACOT11,664,survived,down,3,0,0,Same-tissue replication: 3/3 concordant. Cross-tissue: 0/0 concordant.
ADD3,664,survived,down,3,0,0,Same-tissue replication: 3/3 concordant. Cross-tissue: 0/0 concordant.
DTX4,664,survived,down,3,0,0,Same-tissue replication: 3/3 concordant. Cross-tissue: 0/0 concordant.
DYRK2,664,survived,down,3,0,0,Same-tissue replication: 3/3 concordant. Cross-tissue: 0/0 concordant.
KIF16B,664,survived,down,2,0,0,Same-tissue replication: 2/3 concordant. Cross-tissue: 0/0 concordant.
MOB3B,664,survived,down,3,0,0,Same-tissue replication: 3/3 concordant. Cross-tissue: 0/0 concordant.
NOL4L,664,survived,down,3,0,0,Same-tissue replication: 3/3 concordant. Cross-tissue: 0/0 concordant.
SCP2,664,survived,down,3,0,0,Same-tissue replication: 3/3 concordant. Cross-tissue: 0/0 concordant.
SERINC2,664,survived,down,3,0,0,Same-tissue replication: 3/3 concordant. Cross-tissue: 0/0 concordant.
ACTR3,665,survived,up,3,0,0,Same-tissue replication: 3/3 concordant. Cross-tissue: 0/0 concordant.
CAPRIN1,665,survived,up,2,0,0,Same-tissue replication: 2/3 concordant. Cross-tissue: 0/0 concordant.
MAN1A2,665,survived,up,3,0,0,Same-tissue replication: 3/3 concordant. Cross-tissue: 0/0 concordant.
NENF,665,survived,up,2,0,0,Same-tissue replication: 2/3 concordant. Cross-tissue: 0/0 concordant.
SNN,665,survived,up,3,0,0,Same-tissue replication: 3/3 concordant. Cross-tissue: 0/0 concordant.
TMEM161A,665,survived,up,3,0,0,Same-tissue replication: 3/3 concordant. Cross-tissue: 0/0 concordant.
ACVR1,666,survived,up,3,0,0,Same-tissue replication: 3/3 concordant. Cross-tissue: 0/0 concordant.
EGFLAM,666,survived,up,3,0,0,Same-tissue replication: 3/3 concordant. Cross-tissue: 0/0 concordant.
ITPRIP,666,survived,up,3,0,0,Same-tissue replication: 3/3 concordant. Cross-tissue: 0/0 concordant.
LAMB2,666,survived,up,3,0,0,Same-tissue replication: 3/3 concordant. Cross-tissue: 0/0 concordant.
STAT2,666,survived,up,3,0,0,Same-tissue replication: 3/3 concordant. Cross-tissue: 0/0 concordant.
CBFB,667,survived,up,3,0,0,Same-tissue replication: 3/3 concordant. Cross-tissue: 0/0 concordant.
JCAD,667,survived,up,3,0,0,Same-tissue replication: 3/3 concordant. Cross-tissue: 0/0 concordant.
LIMK1,667,survived,up,3,0,0,Same-tissue replication: 3/3 concordant. Cross-tissue: 0/0 concordant.
MRAS,667,survived,up,3,0,0,Same-tissue replication: 3/3 concordant. Cross-tissue: 0/0 concordant.
PILRA,667,survived,up,3,0,0,Same-tissue replication: 3/3 concordant. Cross-tissue: 0/0 concordant.
ATP2C1,668,survived,up,3,0,0,Same-tissue replication: 3/3 concordant. Cross-tissue: 0/0 concordant.
BTN2A2,668,survived,up,3,0,0,Same-tissue replication: 3/3 concordant. Cross-tissue: 0/0 concordant.
CD248,668,survived,up,3,0,0,Same-tissue replication: 3/3 concordant. Cross-tissue: 0/0 concordant.
CTSB,668,survived,up,3,0,0,Same-tissue replication: 3/3 concordant. Cross-tissue: 0/0 concordant.
E2F3,668,survived,up,3,0,0,Same-tissue replication: 3/3 concordant. Cross-tissue: 0/0 concordant.
FEN1,668,survived,up,3,0,0,Same-tissue replication: 3/3 concordant. Cross-tissue: 0/0 concordant.
FOXF1,668,survived,up,3,0,0,Same-tissue replication: 3/3 concordant. Cross-tissue: 0/0 concordant.
MID1IP1,668,survived,up,3,0,0,Same-tissue replication: 3/3 concordant. Cross-tissue: 0/0 concordant.
NCDN,668,survived,up,3,0,0,Same-tissue replication: 3/3 concordant. Cross-tissue: 0/0 concordant.
PITPNB,668,survived,up,3,0,0,Same-tissue replication: 3/3 concordant. Cross-tissue: 0/0 concordant.
PLEKHG1,668,survived,up,3,0,0,Same-tissue replication: 3/3 concordant. Cross-tissue: 0/0 concordant.
PSMB10,668,survived,up,3,0,0,Same-tissue replication: 3/3 concordant. Cross-tissue: 0/0 concordant.
RAI1,668,survived,up,3,0,0,Same-tissue replication: 3/3 concordant. Cross-tissue: 0/0 concordant.
TGFBR1,668,survived,up,3,0,0,Same-tissue replication: 3/3 concordant. Cross-tissue: 0/0 concordant.
XPOT,668,survived,up,3,0,0,Same-tissue replication: 3/3 concordant. Cross-tissue: 0/0 concordant.
ADGRL2,669,survived,up,3,0,0,Same-tissue replication: 3/3 concordant. Cross-tissue: 0/0 concordant.
ADM,669,survived,up,3,0,0,Same-tissue replication: 3/3 concordant. Cross-tissue: 0/0 concordant.
BHLHE40,669,survived,up,3,0,0,Same-tissue replication: 3/3 concordant. Cross-tissue: 0/0 concordant.
C2,669,survived,up,3,0,0,Same-tissue replication: 3/3 concordant. Cross-tissue: 0/0 concordant.
CFI,669,survived,up,3,0,0,Same-tissue replication: 3/3 concordant. Cross-tissue: 0/0 concordant.
EGR1,669,survived,up,1,0,0,Same-tissue replication: 1/3 concordant. Cross-tissue: 0/0 concordant.
KRT6B,669,survived,up,3,0,0,Same-tissue replication: 3/3 concordant. Cross-tissue: 0/0 concordant.
RAB31,669,survived,up,3,0,0,Same-tissue replication: 3/3 concordant. Cross-tissue: 0/0 concordant.
SDR16C5,669,survived,up,3,0,0,Same-tissue replication: 3/3 concordant. Cross-tissue: 0/0 concordant.
SLAMF7,669,survived,up,3,0,0,Same-tissue replication: 3/3 concordant. Cross-tissue: 0/0 concordant.
SPARC,669,survived,up,3,0,0,Same-tissue replication: 3/3 concordant. Cross-tissue: 0/0 concordant.
ST3GAL1,669,survived,up,3,0,0,Same-tissue replication: 3/3 concordant. Cross-tissue: 0/0 concordant.
TFF1,669,survived,up,3,0,0,Same-tissue replication: 3/3 concordant. Cross-tissue: 0/0 concordant.
TGFBI,669,survived,up,3,0,0,Same-tissue replication: 3/3 concordant. Cross-tissue: 0/0 concordant.
ATRX,670,survived,up,1,0,0,Same-tissue replication: 1/3 concordant. Cross-tissue: 0/0 concordant.
BBX,670,eliminated,up,2,1,0,Significant opposite direction in same-tissue dataset(s): ['GSE36807']. Discovery direction: up.
C5,670,eliminated,up,2,1,0,Significant opposite direction in same-tissue dataset(s): ['GSE36807']. Discovery direction: up.
C5AR2,670,eliminated,up,1,1,0,Significant opposite direction in same-tissue dataset(s): ['GSE87466']. Discovery direction: up.
C9orf43,670,survived,up,1,0,0,Same-tissue replication: 1/3 concordant. Cross-tissue: 0/0 concordant.
CCT7,670,survived,up,3,0,0,Same-tissue replication: 3/3 concordant. Cross-tissue: 0/0 concordant.
CHAF1B,670,survived,up,3,0,0,Same-tissue replication: 3/3 concordant. Cross-tissue: 0/0 concordant.
CLASP1,670,survived,up,2,0,0,Same-tissue replication: 2/3 concordant. Cross-tissue: 0/0 concordant.
EID3,670,survived,up,3,0,0,Same-tissue replication: 3/3 concordant. Cross-tissue: 0/0 concordant.
ERC1,670,survived,up,3,0,0,Same-tissue replication: 3/3 concordant. Cross-tissue: 0/0 concordant.
GAB3,670,survived,up,3,0,0,Same-tissue replication: 3/3 concordant. Cross-tissue: 0/0 concordant.
GCKR,670,survived,up,3,0,0,Same-tissue replication: 3/3 concordant. Cross-tissue: 0/0 concordant.
GPR68,670,survived,up,3,0,0,Same-tissue replication: 3/3 concordant. Cross-tissue: 0/0 concordant.
MAP1S,670,survived,up,3,0,0,Same-tissue replication: 3/3 concordant. Cross-tissue: 0/0 concordant.
POP1,670,survived,up,3,0,0,Same-tissue replication: 3/3 concordant. Cross-tissue: 0/0 concordant.
PPIAL4C,670,survived,up,2,0,0,Same-tissue replication: 2/2 concordant. Cross-tissue: 0/0 concordant.
PSENEN,670,survived,up,2,0,0,Same-tissue replication: 2/3 concordant. Cross-tissue: 0/0 concordant.
PXN,670,survived,up,2,0,0,Same-tissue replication: 2/3 concordant. Cross-tissue: 0/0 concordant.
RPS13,670,survived,up,1,0,0,Same-tissue replication: 1/1 concordant. Cross-tissue: 0/0 concordant.
SHC4,670,survived,up,3,0,0,Same-tissue replication: 3/3 concordant. Cross-tissue: 0/0 concordant.
SLC25A28,670,survived,up,3,0,0,Same-tissue replication: 3/3 concordant. Cross-tissue: 0/0 concordant.
SMPD4,670,insufficient_data,up,0,0,0,No replication data available for this gene.
SNRPD2,670,survived,up,3,0,0,Same-tissue replication: 3/3 concordant. Cross-tissue: 0/0 concordant.
TMEM26,670,survived,up,1,0,0,Same-tissue replication: 1/3 concordant. Cross-tissue: 0/0 concordant.
USP46,670,survived,up,2,0,0,Same-tissue replication: 2/3 concordant. Cross-tissue: 0/0 concordant.
YWHAG,670,survived,up,3,0,0,Same-tissue replication: 3/3 concordant. Cross-tissue: 0/0 concordant.
KNL1,671,survived,up,3,0,0,Same-tissue replication: 3/3 concordant. Cross-tissue: 0/0 concordant.
MAGEH1,671,survived,up,2,0,0,Same-tissue replication: 2/3 concordant. Cross-tissue: 0/0 concordant.
MDFIC,671,survived,up,3,0,0,Same-tissue replication: 3/3 concordant. Cross-tissue: 0/0 concordant.
MORC4,671,survived,up,3,0,0,Same-tissue replication: 3/3 concordant. Cross-tissue: 0/0 concordant.
PER1,671,survived,up,1,0,0,Same-tissue replication: 1/1 concordant. Cross-tissue: 0/0 concordant.
AURKA,672,survived,up,3,0,0,Same-tissue replication: 3/3 concordant. Cross-tissue: 0/0 concordant.
CCNA2,672,survived,up,2,0,0,Same-tissue replication: 2/3 concordant. Cross-tissue: 0/0 concordant.
CTSL,672,survived,up,3,0,0,Same-tissue replication: 3/3 concordant. Cross-tissue: 0/0 concordant.
CXCL16,672,survived,up,3,0,0,Same-tissue replication: 3/3 concordant. Cross-tissue: 0/0 concordant.
H4C13,672,survived,up,0,0,0,Same-tissue replication: 0/3 concordant. Cross-tissue: 0/0 concordant.
NLGN4X,672,eliminated,up,2,1,0,Significant opposite direction in same-tissue dataset(s): ['GSE36807']. Discovery direction: up.
OIP5,672,survived,up,2,0,0,Same-tissue replication: 2/3 concordant. Cross-tissue: 0/0 concordant.
PDLIM3,672,survived,up,2,0,0,Same-tissue replication: 2/3 concordant. Cross-tissue: 0/0 concordant.
PIP4K2A,672,survived,up,3,0,0,Same-tissue replication: 3/3 concordant. Cross-tissue: 0/0 concordant.
RBMS3,672,survived,up,3,0,0,Same-tissue replication: 3/3 concordant. Cross-tissue: 0/0 concordant.
SFRP2,672,survived,up,3,0,0,Same-tissue replication: 3/3 concordant. Cross-tissue: 0/0 concordant.
SGCE,672,survived,up,2,0,0,Same-tissue replication: 2/3 concordant. Cross-tissue: 0/0 concordant.
SLC16A7,672,survived,up,2,0,0,Same-tissue replication: 2/3 concordant. Cross-tissue: 0/0 concordant.
ADAM22,673,survived,down,2,0,0,Same-tissue replication: 2/3 concordant. Cross-tissue: 0/0 concordant.
ARR3,673,survived,down,1,0,0,Same-tissue replication: 1/3 concordant. Cross-tissue: 0/0 concordant.
C3orf52,673,survived,down,2,0,0,Same-tissue replication: 2/3 concordant. Cross-tissue: 0/0 concordant.
RPGRIP1,673,survived,down,2,0,0,Same-tissue replication: 2/3 concordant. Cross-tissue: 0/0 concordant.
SPMIP3,673,survived,down,2,0,0,Same-tissue replication: 2/3 concordant. Cross-tissue: 0/0 concordant.
TBRG1,673,eliminated,down,0,2,0,"Significant opposite direction in same-tissue dataset(s): ['GSE87466', 'GSE38713']. Discovery direction: down."
TSC22D1,673,survived,down,3,0,0,Same-tissue replication: 3/3 concordant. Cross-tissue: 0/0 concordant.
CLCN6,674,survived,down,1,0,0,Same-tissue replication: 1/3 concordant. Cross-tissue: 0/0 concordant.
KLK4,674,survived,down,2,0,0,Same-tissue replication: 2/3 concordant. Cross-tissue: 0/0 concordant.
SCGB2B2,674,eliminated,down,1,1,0,Significant opposite direction in same-tissue dataset(s): ['GSE36807']. Discovery direction: down.
ST7L,674,eliminated,down,2,1,0,Significant opposite direction in same-tissue dataset(s): ['GSE87466']. Discovery direction: down.
YME1L1,674,survived,down,3,0,0,Same-tissue replication: 3/3 concordant. Cross-tissue: 0/0 concordant.
BCAP31,675,survived,down,0,0,0,Same-tissue replication: 0/3 concordant. Cross-tissue: 0/0 concordant.
BCL7A,675,survived,down,2,0,0,Same-tissue replication: 2/3 concordant. Cross-tissue: 0/0 concordant.
GRIN2A,675,survived,down,2,0,0,Same-tissue replication: 2/3 concordant. Cross-tissue: 0/0 concordant.
MED23,675,survived,down,3,0,0,Same-tissue replication: 3/3 concordant. Cross-tissue: 0/0 concordant.
AKR1B10,681,survived,down,2,0,0,Same-tissue replication: 2/3 concordant. Cross-tissue: 0/0 concordant.
BEST4,681,survived,down,3,0,0,Same-tissue replication: 3/3 concordant. Cross-tissue: 0/0 concordant.
CAPN13,681,survived,down,3,0,0,Same-tissue replication: 3/3 concordant. Cross-tissue: 0/0 concordant.
CNGA1,681,survived,down,3,0,0,Same-tissue replication: 3/3 concordant. Cross-tissue: 0/0 concordant.
ENPP1,681,survived,down,3,0,0,Same-tissue replication: 3/3 concordant. Cross-tissue: 0/0 concordant.
HEPACAM2,681,survived,down,3,0,0,Same-tissue replication: 3/3 concordant. Cross-tissue: 0/0 concordant.
CIPC,682,survived,down,3,0,0,Same-tissue replication: 3/3 concordant. Cross-tissue: 0/0 concordant.
CRAT,682,survived,down,3,0,0,Same-tissue replication: 3/3 concordant. Cross-tissue: 0/0 concordant.
CROT,682,survived,down,3,0,0,Same-tissue replication: 3/3 concordant. Cross-tissue: 0/0 concordant.
GLTP,682,survived,down,3,0,0,Same-tissue replication: 3/3 concordant. Cross-tissue: 0/0 concordant.
HMOX1,682,survived,down,2,0,0,Same-tissue replication: 2/3 concordant. Cross-tissue: 0/0 concordant.
MOCS1,682,survived,down,2,0,0,Same-tissue replication: 2/3 concordant. Cross-tissue: 0/0 concordant.
PDLIM2,682,survived,down,3,0,0,Same-tissue replication: 3/3 concordant. Cross-tissue: 0/0 concordant.
PDXP,682,survived,down,3,0,0,Same-tissue replication: 3/3 concordant. Cross-tissue: 0/0 concordant.
PSD3,682,survived,down,3,0,0,Same-tissue replication: 3/3 concordant. Cross-tissue: 0/0 concordant.
RAB17,682,survived,down,3,0,0,Same-tissue replication: 3/3 concordant. Cross-tissue: 0/0 concordant.
RRAS2,682,survived,down,3,0,0,Same-tissue replication: 3/3 concordant. Cross-tissue: 0/0 concordant.
CATSPERG,683,survived,down,1,0,0,Same-tissue replication: 1/3 concordant. Cross-tissue: 0/0 concordant.
FHIP1B,683,survived,down,3,0,0,Same-tissue replication: 3/3 concordant. Cross-tissue: 0/0 concordant.
NEURL4,683,survived,down,3,0,0,Same-tissue replication: 3/3 concordant. Cross-tissue: 0/0 concordant.
OPHN1,683,survived,down,1,0,0,Same-tissue replication: 1/3 concordant. Cross-tissue: 0/0 concordant.
OSBPL7,683,survived,down,3,0,0,Same-tissue replication: 3/3 concordant. Cross-tissue: 0/0 concordant.
TMCO6,683,survived,down,3,0,0,Same-tissue replication: 3/3 concordant. Cross-tissue: 0/0 concordant.
WHAMM,683,survived,down,1,0,0,Same-tissue replication: 1/3 concordant. Cross-tissue: 0/0 concordant.
ZNF492,683,survived,down,2,0,0,Same-tissue replication: 2/3 concordant. Cross-tissue: 0/0 concordant.
KDM4A,684,survived,down,3,0,0,Same-tissue replication: 3/3 concordant. Cross-tissue: 0/0 concordant.
MRM1,684,survived,down,3,0,0,Same-tissue replication: 3/3 concordant. Cross-tissue: 0/0 concordant.
SLC25A16,684,survived,down,2,0,0,Same-tissue replication: 2/3 concordant. Cross-tissue: 0/0 concordant.
ZNF28,684,survived,down,2,0,0,Same-tissue replication: 2/3 concordant. Cross-tissue: 0/0 concordant.
ZNF701,684,survived,down,2,0,0,Same-tissue replication: 2/3 concordant. Cross-tissue: 0/0 concordant.
AMMECR1,685,survived,up,3,0,0,Same-tissue replication: 3/3 concordant. Cross-tissue: 0/0 concordant.
ATP13A2,685,survived,up,3,0,0,Same-tissue replication: 3/3 concordant. Cross-tissue: 0/0 concordant.
G6PD,685,survived,up,3,0,0,Same-tissue replication: 3/3 concordant. Cross-tissue: 0/0 concordant.
SLC39A13,685,survived,up,3,0,0,Same-tissue replication: 3/3 concordant. Cross-tissue: 0/0 concordant.
TGFB1I1,685,survived,up,2,0,0,Same-tissue replication: 2/3 concordant. Cross-tissue: 0/0 concordant.
UBE2O,685,survived,up,3,0,0,Same-tissue replication: 3/3 concordant. Cross-tissue: 0/0 concordant.
IFIT1B,686,insufficient_data,down,0,0,0,No replication data available for this gene.
LEMD2,686,survived,down,1,0,0,Same-tissue replication: 1/3 concordant. Cross-tissue: 0/0 concordant.
TIMM17B,686,survived,down,1,0,0,Same-tissue replication: 1/3 concordant. Cross-tissue: 0/0 concordant.
ZMAT5,686,survived,down,2,0,0,Same-tissue replication: 2/3 concordant. Cross-tissue: 0/0 concordant.
C1orf141,687,insufficient_data,down,0,0,0,No replication data available for this gene.
DPPA2,687,survived,down,2,0,0,Same-tissue replication: 2/3 concordant. Cross-tissue: 0/0 concordant.
ELMOD3,687,survived,down,1,0,0,Same-tissue replication: 1/3 concordant. Cross-tissue: 0/0 concordant.
GTF2B,687,survived,down,0,0,0,Same-tissue replication: 0/3 concordant. Cross-tissue: 0/0 concordant.
RETREG3,687,survived,down,3,0,0,Same-tissue replication: 3/3 concordant. Cross-tissue: 0/0 concordant.
UBB,687,survived,down,3,0,0,Same-tissue replication: 3/3 concordant. Cross-tissue: 0/0 concordant.
BET1L,688,survived,up,3,0,0,Same-tissue replication: 3/3 concordant. Cross-tissue: 0/0 concordant.
BOC,688,survived,up,3,0,0,Same-tissue replication: 3/3 concordant. Cross-tissue: 0/0 concordant.
C1QTNF1,688,survived,up,3,0,0,Same-tissue replication: 3/3 concordant. Cross-tissue: 0/0 concordant.
C1orf198,688,survived,up,3,0,0,Same-tissue replication: 3/3 concordant. Cross-tissue: 0/0 concordant.
CASP10,688,survived,up,3,0,0,Same-tissue replication: 3/3 concordant. Cross-tissue: 0/0 concordant.
CCND2,688,survived,up,2,0,0,Same-tissue replication: 2/3 concordant. Cross-tissue: 0/0 concordant.
CENPW,688,survived,up,3,0,0,Same-tissue replication: 3/3 concordant. Cross-tissue: 0/0 concordant.
CLDN12,688,survived,up,3,0,0,Same-tissue replication: 3/3 concordant. Cross-tissue: 0/0 concordant.
CNN2,688,survived,up,3,0,0,Same-tissue replication: 3/3 concordant. Cross-tissue: 0/0 concordant.
CX3CL1,688,survived,up,3,0,0,Same-tissue replication: 3/3 concordant. Cross-tissue: 0/0 concordant.
FANCG,688,survived,up,3,0,0,Same-tissue replication: 3/3 concordant. Cross-tissue: 0/0 concordant.
FBXO6,688,survived,up,3,0,0,Same-tissue replication: 3/3 concordant. Cross-tissue: 0/0 concordant.
FJX1,688,survived,up,3,0,0,Same-tissue replication: 3/3 concordant. Cross-tissue: 0/0 concordant.
GINS4,688,survived,up,2,0,0,Same-tissue replication: 2/3 concordant. Cross-tissue: 0/0 concordant.
GMDS,688,survived,up,3,0,0,Same-tissue replication: 3/3 concordant. Cross-tissue: 0/0 concordant.
IL1RL1,688,survived,up,2,0,0,Same-tissue replication: 2/3 concordant. Cross-tissue: 0/0 concordant.
KCTD11,688,survived,up,3,0,0,Same-tissue replication: 3/3 concordant. Cross-tissue: 0/0 concordant.
KLHL21,688,survived,up,3,0,0,Same-tissue replication: 3/3 concordant. Cross-tissue: 0/0 concordant.
KNSTRN,688,survived,up,3,0,0,Same-tissue replication: 3/3 concordant. Cross-tissue: 0/0 concordant.
LILRA2,688,survived,up,3,0,0,Same-tissue replication: 3/3 concordant. Cross-tissue: 0/0 concordant.
MCL1,688,survived,up,2,0,0,Same-tissue replication: 2/3 concordant. Cross-tissue: 0/0 concordant.
MED27,688,survived,up,3,0,0,Same-tissue replication: 3/3 concordant. Cross-tissue: 0/0 concordant.
MFAP2,688,survived,up,3,0,0,Same-tissue replication: 3/3 concordant. Cross-tissue: 0/0 concordant.
MITF,688,survived,up,3,0,0,Same-tissue replication: 3/3 concordant. Cross-tissue: 0/0 concordant.
MPDZ,688,survived,up,3,0,0,Same-tissue replication: 3/3 concordant. Cross-tissue: 0/0 concordant.
MYC,688,eliminated,up,2,1,0,Significant opposite direction in same-tissue dataset(s): ['GSE36807']. Discovery direction: up.
PACC1,688,survived,up,3,0,0,Same-tissue replication: 3/3 concordant. Cross-tissue: 0/0 concordant.
PELO,688,survived,up,3,0,0,Same-tissue replication: 3/3 concordant. Cross-tissue: 0/0 concordant.
POGLUT2,688,survived,up,3,0,0,Same-tissue replication: 3/3 concordant. Cross-tissue: 0/0 concordant.
PPP1R14B,688,survived,up,2,0,0,Same-tissue replication: 2/3 concordant. Cross-tissue: 0/0 concordant.
PRPS1,688,survived,up,3,0,0,Same-tissue replication: 3/3 concordant. Cross-tissue: 0/0 concordant.
RAB3D,688,eliminated,up,2,1,0,Significant opposite direction in same-tissue dataset(s): ['GSE36807']. Discovery direction: up.
RNF31,688,survived,up,3,0,0,Same-tissue replication: 3/3 concordant. Cross-tissue: 0/0 concordant.
SASH1,688,survived,up,3,0,0,Same-tissue replication: 3/3 concordant. Cross-tissue: 0/0 concordant.
SDF2L1,688,survived,up,3,0,0,Same-tissue replication: 3/3 concordant. Cross-tissue: 0/0 concordant.
SLC29A1,688,survived,up,3,0,0,Same-tissue replication: 3/3 concordant. Cross-tissue: 0/0 concordant.
SLFN12,688,survived,up,3,0,0,Same-tissue replication: 3/3 concordant. Cross-tissue: 0/0 concordant.
SRGAP2C,688,survived,up,2,0,0,Same-tissue replication: 2/3 concordant. Cross-tissue: 0/0 concordant.
ST3GAL5,688,survived,up,3,0,0,Same-tissue replication: 3/3 concordant. Cross-tissue: 0/0 concordant.
TPST2,688,survived,up,3,0,0,Same-tissue replication: 3/3 concordant. Cross-tissue: 0/0 concordant.
TRAF1,688,survived,up,3,0,0,Same-tissue replication: 3/3 concordant. Cross-tissue: 0/0 concordant.
TRPV2,688,survived,up,3,0,0,Same-tissue replication: 3/3 concordant. Cross-tissue: 0/0 concordant.
TTLL4,688,survived,up,3,0,0,Same-tissue replication: 3/3 concordant. Cross-tissue: 0/0 concordant.
VEGFC,688,survived,up,3,0,0,Same-tissue replication: 3/3 concordant. Cross-tissue: 0/0 concordant.
VOPP1,688,survived,up,3,0,0,Same-tissue replication: 3/3 concordant. Cross-tissue: 0/0 concordant.
HS3ST3B1,689,survived,up,3,0,0,Same-tissue replication: 3/3 concordant. Cross-tissue: 0/0 concordant.
LRG1,689,survived,up,3,0,0,Same-tissue replication: 3/3 concordant. Cross-tissue: 0/0 concordant.
MYCT1,689,survived,up,3,0,0,Same-tissue replication: 3/3 concordant. Cross-tissue: 0/0 concordant.
PARP14,689,survived,up,3,0,0,Same-tissue replication: 3/3 concordant. Cross-tissue: 0/0 concordant.
RECQL,689,survived,up,3,0,0,Same-tissue replication: 3/3 concordant. Cross-tissue: 0/0 concordant.
SLC16A2,689,survived,up,3,0,0,Same-tissue replication: 3/3 concordant. Cross-tissue: 0/0 concordant.
SLC7A1,689,survived,up,3,0,0,Same-tissue replication: 3/3 concordant. Cross-tissue: 0/0 concordant.
SYT11,689,survived,up,3,0,0,Same-tissue replication: 3/3 concordant. Cross-tissue: 0/0 concordant.
WWTR1,689,survived,up,3,0,0,Same-tissue replication: 3/3 concordant. Cross-tissue: 0/0 concordant.
AGPAT4,690,survived,up,3,0,0,Same-tissue replication: 3/3 concordant. Cross-tissue: 0/0 concordant.
CCR1,690,survived,up,3,0,0,Same-tissue replication: 3/3 concordant. Cross-tissue: 0/0 concordant.
CEP55,690,survived,up,3,0,0,Same-tissue replication: 3/3 concordant. Cross-tissue: 0/0 concordant.
CHST15,690,survived,up,3,0,0,Same-tissue replication: 3/3 concordant. Cross-tissue: 0/0 concordant.
CSF2RB,690,survived,up,3,0,0,Same-tissue replication: 3/3 concordant. Cross-tissue: 0/0 concordant.
IL18RAP,690,survived,up,3,0,0,Same-tissue replication: 3/3 concordant. Cross-tissue: 0/0 concordant.
LTF,690,survived,up,3,0,0,Same-tissue replication: 3/3 concordant. Cross-tissue: 0/0 concordant.
MTHFD2,690,survived,up,3,0,0,Same-tissue replication: 3/3 concordant. Cross-tissue: 0/0 concordant.
SPARCL1,690,survived,up,3,0,0,Same-tissue replication: 3/3 concordant. Cross-tissue: 0/0 concordant.
STS,690,survived,up,3,0,0,Same-tissue replication: 3/3 concordant. Cross-tissue: 0/0 concordant.
TLR8,690,survived,up,3,0,0,Same-tissue replication: 3/3 concordant. Cross-tissue: 0/0 concordant.
TNFSF13B,690,survived,up,3,0,0,Same-tissue replication: 3/3 concordant. Cross-tissue: 0/0 concordant.
TWIST1,690,survived,up,3,0,0,Same-tissue replication: 3/3 concordant. Cross-tissue: 0/0 concordant.
DPYSL2,691,survived,up,3,0,0,Same-tissue replication: 3/3 concordant. Cross-tissue: 0/0 concordant.
FNDC3A,691,survived,up,3,0,0,Same-tissue replication: 3/3 concordant. Cross-tissue: 0/0 concordant.
GPATCH4,691,survived,up,3,0,0,Same-tissue replication: 3/3 concordant. Cross-tissue: 0/0 concordant.
P2RX1,691,eliminated,up,2,1,0,Significant opposite direction in same-tissue dataset(s): ['GSE36807']. Discovery direction: up.
SNCA,691,survived,up,0,0,0,Same-tissue replication: 0/3 concordant. Cross-tissue: 0/0 concordant.
WASF1,691,survived,up,3,0,0,Same-tissue replication: 3/3 concordant. Cross-tissue: 0/0 concordant.
ERP44,692,survived,up,3,0,0,Same-tissue replication: 3/3 concordant. Cross-tissue: 0/0 concordant.
GATA2,692,survived,up,2,0,0,Same-tissue replication: 2/3 concordant. Cross-tissue: 0/0 concordant.
MAMLD1,692,survived,up,2,0,0,Same-tissue replication: 2/3 concordant. Cross-tissue: 0/0 concordant.
NSD1,692,survived,up,3,0,0,Same-tissue replication: 3/3 concordant. Cross-tissue: 0/0 concordant.
SMTN,692,survived,up,1,0,0,Same-tissue replication: 1/3 concordant. Cross-tissue: 0/0 concordant.
STIP1,692,survived,up,3,0,0,Same-tissue replication: 3/3 concordant. Cross-tissue: 0/0 concordant.
UTP3,692,survived,up,2,0,0,Same-tissue replication: 2/3 concordant. Cross-tissue: 0/0 concordant.
ETF1,693,survived,up,3,0,0,Same-tissue replication: 3/3 concordant. Cross-tissue: 0/0 concordant.
KIF21B,693,survived,up,3,0,0,Same-tissue replication: 3/3 concordant. Cross-tissue: 0/0 concordant.
NME2,693,insufficient_data,up,0,0,0,No replication data available for this gene.
NUP205,693,survived,up,3,0,0,Same-tissue replication: 3/3 concordant. Cross-tissue: 0/0 concordant.
SPRR2A,693,insufficient_data,up,0,0,0,No replication data available for this gene.
ST8SIA1,693,survived,up,3,0,0,Same-tissue replication: 3/3 concordant. Cross-tissue: 0/0 concordant.
USP11,693,survived,up,3,0,0,Same-tissue replication: 3/3 concordant. Cross-tissue: 0/0 concordant.
USP32,693,survived,up,1,0,0,Same-tissue replication: 1/3 concordant. Cross-tissue: 0/0 concordant.
ZFP69B,693,survived,up,3,0,0,Same-tissue replication: 3/3 concordant. Cross-tissue: 0/0 concordant.
CBL,694,survived,up,3,0,0,Same-tissue replication: 3/3 concordant. Cross-tissue: 0/0 concordant.
CPNE5,694,survived,up,3,0,0,Same-tissue replication: 3/3 concordant. Cross-tissue: 0/0 concordant.
H3-3B,694,survived,up,1,0,0,Same-tissue replication: 1/1 concordant. Cross-tissue: 0/0 concordant.
MAGT1,694,survived,up,3,0,0,Same-tissue replication: 3/3 concordant. Cross-tissue: 0/0 concordant.
RASSF9,694,survived,up,3,0,0,Same-tissue replication: 3/3 concordant. Cross-tissue: 0/0 concordant.
RTL8B,694,insufficient_data,up,0,0,0,No replication data available for this gene.
SNRPF,694,survived,up,3,0,0,Same-tissue replication: 3/3 concordant. Cross-tissue: 0/0 concordant.
ST7,694,survived,up,1,0,0,Same-tissue replication: 1/1 concordant. Cross-tissue: 0/0 concordant.
ZNF467,694,survived,up,3,0,0,Same-tissue replication: 3/3 concordant. Cross-tissue: 0/0 concordant.
ARAF,700,survived,down,3,0,0,Same-tissue replication: 3/3 concordant. Cross-tissue: 0/0 concordant.
C19orf33,700,survived,down,3,0,0,Same-tissue replication: 3/3 concordant. Cross-tissue: 0/0 concordant.
SYNJ2,700,survived,down,3,0,0,Same-tissue replication: 3/3 concordant. Cross-tissue: 0/0 concordant.
CACTIN,701,eliminated,down,1,1,0,Significant opposite direction in same-tissue dataset(s): ['GSE38713']. Discovery direction: down.
GPN2,701,survived,down,2,0,0,Same-tissue replication: 2/3 concordant. Cross-tissue: 0/0 concordant.
HAPSTR1,701,survived,down,2,0,0,Same-tissue replication: 2/3 concordant. Cross-tissue: 0/0 concordant.
LRP5,701,survived,down,3,0,0,Same-tissue replication: 3/3 concordant. Cross-tissue: 0/0 concordant.
PCGF6,701,survived,down,1,0,0,Same-tissue replication: 1/3 concordant. Cross-tissue: 0/0 concordant.
PNKD,701,survived,down,3,0,0,Same-tissue replication: 3/3 concordant. Cross-tissue: 0/0 concordant.
TAF11,701,survived,down,2,0,0,Same-tissue replication: 2/3 concordant. Cross-tissue: 0/0 concordant.
ACO2,702,survived,down,3,0,0,Same-tissue replication: 3/3 concordant. Cross-tissue: 0/0 concordant.
ARHGAP35,702,survived,down,3,0,0,Same-tissue replication: 3/3 concordant. Cross-tissue: 0/0 concordant.
AUH,702,survived,down,3,0,0,Same-tissue replication: 3/3 concordant. Cross-tissue: 0/0 concordant.
DGKD,702,survived,down,3,0,0,Same-tissue replication: 3/3 concordant. Cross-tissue: 0/0 concordant.
FUCA1,702,survived,down,3,0,0,Same-tissue replication: 3/3 concordant. Cross-tissue: 0/0 concordant.
KRCC1,702,survived,down,3,0,0,Same-tissue replication: 3/3 concordant. Cross-tissue: 0/0 concordant.
MAML3,702,survived,down,3,0,0,Same-tissue replication: 3/3 concordant. Cross-tissue: 0/0 concordant.
MGAT4B,702,survived,down,3,0,0,Same-tissue replication: 3/3 concordant. Cross-tissue: 0/0 concordant.
NMT2,702,survived,down,3,0,0,Same-tissue replication: 3/3 concordant. Cross-tissue: 0/0 concordant.
NR3C2,702,survived,down,3,0,0,Same-tissue replication: 3/3 concordant. Cross-tissue: 0/0 concordant.
PLXNA2,702,survived,down,3,0,0,Same-tissue replication: 3/3 concordant. Cross-tissue: 0/0 concordant.
SLC35D2,702,survived,down,3,0,0,Same-tissue replication: 3/3 concordant. Cross-tissue: 0/0 concordant.
VDR,702,survived,down,3,0,0,Same-tissue replication: 3/3 concordant. Cross-tissue: 0/0 concordant.
AGFG2,703,survived,down,3,0,0,Same-tissue replication: 3/3 concordant. Cross-tissue: 0/0 concordant.
AMT,703,survived,down,3,0,0,Same-tissue replication: 3/3 concordant. Cross-tissue: 0/0 concordant.
APPL1,703,survived,down,3,0,0,Same-tissue replication: 3/3 concordant. Cross-tissue: 0/0 concordant.
C6orf136,703,survived,down,3,0,0,Same-tissue replication: 3/3 concordant. Cross-tissue: 0/0 concordant.
DAPK2,703,survived,down,3,0,0,Same-tissue replication: 3/3 concordant. Cross-tissue: 0/0 concordant.
ERBB2,703,survived,down,3,0,0,Same-tissue replication: 3/3 concordant. Cross-tissue: 0/0 concordant.
HINFP,703,survived,down,2,0,0,Same-tissue replication: 2/3 concordant. Cross-tissue: 0/0 concordant.
HNF1B,703,survived,down,3,0,0,Same-tissue replication: 3/3 concordant. Cross-tissue: 0/0 concordant.
NDUFA2,703,survived,down,3,0,0,Same-tissue replication: 3/3 concordant. Cross-tissue: 0/0 concordant.
NRIP1,703,survived,down,3,0,0,Same-tissue replication: 3/3 concordant. Cross-tissue: 0/0 concordant.
OVOL1,703,survived,down,3,0,0,Same-tissue replication: 3/3 concordant. Cross-tissue: 0/0 concordant.
PAPSS2,703,survived,down,3,0,0,Same-tissue replication: 3/3 concordant. Cross-tissue: 0/0 concordant.
PFKFB2,703,survived,down,3,0,0,Same-tissue replication: 3/3 concordant. Cross-tissue: 0/0 concordant.
PGRMC1,703,survived,down,3,0,0,Same-tissue replication: 3/3 concordant. Cross-tissue: 0/0 concordant.
PTGR3,703,survived,down,3,0,0,Same-tissue replication: 3/3 concordant. Cross-tissue: 0/0 concordant.
PTPN3,703,survived,down,2,0,0,Same-tissue replication: 2/3 concordant. Cross-tissue: 0/0 concordant.
RAB11FIP1,703,survived,down,3,0,0,Same-tissue replication: 3/3 concordant. Cross-tissue: 0/0 concordant.
SPINT1,703,survived,down,3,0,0,Same-tissue replication: 3/3 concordant. Cross-tissue: 0/0 concordant.
TMEM177,703,survived,down,3,0,0,Same-tissue replication: 3/3 concordant. Cross-tissue: 0/0 concordant.
USH1C,703,survived,down,3,0,0,Same-tissue replication: 3/3 concordant. Cross-tissue: 0/0 concordant.
CNPY2,704,survived,up,3,0,0,Same-tissue replication: 3/3 concordant. Cross-tissue: 0/0 concordant.
EDEM1,704,survived,up,3,0,0,Same-tissue replication: 3/3 concordant. Cross-tissue: 0/0 concordant.
FNDC4,704,survived,up,2,0,0,Same-tissue replication: 2/3 concordant. Cross-tissue: 0/0 concordant.
GPR4,704,survived,up,3,0,0,Same-tissue replication: 3/3 concordant. Cross-tissue: 0/0 concordant.
HHEX,704,survived,up,3,0,0,Same-tissue replication: 3/3 concordant. Cross-tissue: 0/0 concordant.
HTRA3,704,survived,up,3,0,0,Same-tissue replication: 3/3 concordant. Cross-tissue: 0/0 concordant.
SYTL3,704,survived,up,2,0,0,Same-tissue replication: 2/3 concordant. Cross-tissue: 0/0 concordant.
ARL4A,705,eliminated,down,2,1,0,Significant opposite direction in same-tissue dataset(s): ['GSE36807']. Discovery direction: down.
KIFAP3,705,survived,down,2,0,0,Same-tissue replication: 2/3 concordant. Cross-tissue: 0/0 concordant.
NCR3LG1,705,survived,down,2,0,0,Same-tissue replication: 2/3 concordant. Cross-tissue: 0/0 concordant.
TBC1D32,705,survived,down,3,0,0,Same-tissue replication: 3/3 concordant. Cross-tissue: 0/0 concordant.
TULP4,705,survived,down,2,0,0,Same-tissue replication: 2/3 concordant. Cross-tissue: 0/0 concordant.
MFGE8,706,survived,up,3,0,0,Same-tissue replication: 3/3 concordant. Cross-tissue: 0/0 concordant.
PACS1,706,survived,up,3,0,0,Same-tissue replication: 3/3 concordant. Cross-tissue: 0/0 concordant.
PRXL2C,706,survived,up,3,0,0,Same-tissue replication: 3/3 concordant. Cross-tissue: 0/0 concordant.
RASGRP1,706,survived,up,3,0,0,Same-tissue replication: 3/3 concordant. Cross-tissue: 0/0 concordant.
ADAM15,707,survived,up,3,0,0,Same-tissue replication: 3/3 concordant. Cross-tissue: 0/0 concordant.
CCDC167,707,survived,up,3,0,0,Same-tissue replication: 3/3 concordant. Cross-tissue: 0/0 concordant.
DKK3,707,survived,up,3,0,0,Same-tissue replication: 3/3 concordant. Cross-tissue: 0/0 concordant.
FAM110B,707,survived,up,3,0,0,Same-tissue replication: 3/3 concordant. Cross-tissue: 0/0 concordant.
HCK,707,survived,up,3,0,0,Same-tissue replication: 3/3 concordant. Cross-tissue: 0/0 concordant.
ITGA6,707,survived,up,3,0,0,Same-tissue replication: 3/3 concordant. Cross-tissue: 0/0 concordant.
LRRC25,707,survived,up,3,0,0,Same-tissue replication: 3/3 concordant. Cross-tissue: 0/0 concordant.
LYPD5,707,survived,up,3,0,0,Same-tissue replication: 3/3 concordant. Cross-tissue: 0/0 concordant.
MYO1F,707,survived,up,3,0,0,Same-tissue replication: 3/3 concordant. Cross-tissue: 0/0 concordant.
RASGRP4,707,eliminated,up,1,1,0,Significant opposite direction in same-tissue dataset(s): ['GSE87466']. Discovery direction: up.
SELENON,707,survived,up,3,0,0,Same-tissue replication: 3/3 concordant. Cross-tissue: 0/0 concordant.
ADGRA2,708,survived,up,3,0,0,Same-tissue replication: 3/3 concordant. Cross-tissue: 0/0 concordant.
CALHM6,708,survived,up,3,0,0,Same-tissue replication: 3/3 concordant. Cross-tissue: 0/0 concordant.
CSRNP1,708,survived,up,2,0,0,Same-tissue replication: 2/3 concordant. Cross-tissue: 0/0 concordant.
ERO1A,708,survived,up,3,0,0,Same-tissue replication: 3/3 concordant. Cross-tissue: 0/0 concordant.
RHOB,708,survived,up,2,0,0,Same-tissue replication: 2/3 concordant. Cross-tissue: 0/0 concordant.
SEMA4D,708,survived,up,3,0,0,Same-tissue replication: 3/3 concordant. Cross-tissue: 0/0 concordant.
SERPINB2,708,survived,up,3,0,0,Same-tissue replication: 3/3 concordant. Cross-tissue: 0/0 concordant.
STX2,708,survived,up,3,0,0,Same-tissue replication: 3/3 concordant. Cross-tissue: 0/0 concordant.
ZFPM2,708,survived,up,3,0,0,Same-tissue replication: 3/3 concordant. Cross-tissue: 0/0 concordant.
CHST2,709,survived,up,3,0,0,Same-tissue replication: 3/3 concordant. Cross-tissue: 0/0 concordant.
CLEC12A,709,survived,up,3,0,0,Same-tissue replication: 3/3 concordant. Cross-tissue: 0/0 concordant.
CYGB,709,survived,up,3,0,0,Same-tissue replication: 3/3 concordant. Cross-tissue: 0/0 concordant.
DCPS,709,survived,up,3,0,0,Same-tissue replication: 3/3 concordant. Cross-tissue: 0/0 concordant.
DIO2,709,survived,up,3,0,0,Same-tissue replication: 3/3 concordant. Cross-tissue: 0/0 concordant.
EPHX3,709,survived,up,3,0,0,Same-tissue replication: 3/3 concordant. Cross-tissue: 0/0 concordant.
GARS1,709,survived,up,3,0,0,Same-tissue replication: 3/3 concordant. Cross-tissue: 0/0 concordant.
LRRC8B,709,survived,up,3,0,0,Same-tissue replication: 3/3 concordant. Cross-tissue: 0/0 concordant.
MCFD2,709,survived,up,3,0,0,Same-tissue replication: 3/3 concordant. Cross-tissue: 0/0 concordant.
MIER2,709,survived,up,3,0,0,Same-tissue replication: 3/3 concordant. Cross-tissue: 0/0 concordant.
MYH10,709,survived,up,3,0,0,Same-tissue replication: 3/3 concordant. Cross-tissue: 0/0 concordant.
OSBPL3,709,survived,up,3,0,0,Same-tissue replication: 3/3 concordant. Cross-tissue: 0/0 concordant.
PLXDC1,709,survived,up,3,0,0,Same-tissue replication: 3/3 concordant. Cross-tissue: 0/0 concordant.
SLC38A2,709,survived,up,3,0,0,Same-tissue replication: 3/3 concordant. Cross-tissue: 0/0 concordant.
TPBG,709,survived,up,3,0,0,Same-tissue replication: 3/3 concordant. Cross-tissue: 0/0 concordant.
TSPAN4,709,survived,up,2,0,0,Same-tissue replication: 2/3 concordant. Cross-tissue: 0/0 concordant.
APBA2,710,survived,up,3,0,0,Same-tissue replication: 3/3 concordant. Cross-tissue: 0/0 concordant.
ATP10D,710,survived,up,3,0,0,Same-tissue replication: 3/3 concordant. Cross-tissue: 0/0 concordant.
FSCN1,710,survived,up,3,0,0,Same-tissue replication: 3/3 concordant. Cross-tissue: 0/0 concordant.
FZD3,710,survived,up,3,0,0,Same-tissue replication: 3/3 concordant. Cross-tissue: 0/0 concordant.
MAP3K20,710,survived,up,3,0,0,Same-tissue replication: 3/3 concordant. Cross-tissue: 0/0 concordant.
AHR,711,survived,up,3,0,0,Same-tissue replication: 3/3 concordant. Cross-tissue: 0/0 concordant.
APOL3,711,survived,up,3,0,0,Same-tissue replication: 3/3 concordant. Cross-tissue: 0/0 concordant.
BCL6B,711,survived,up,2,0,0,Same-tissue replication: 2/3 concordant. Cross-tissue: 0/0 concordant.
CARD16,711,survived,up,3,0,0,Same-tissue replication: 3/3 concordant. Cross-tissue: 0/0 concordant.
CFHR1,711,survived,up,2,0,0,Same-tissue replication: 2/3 concordant. Cross-tissue: 0/0 concordant.
COPZ2,711,survived,up,3,0,0,Same-tissue replication: 3/3 concordant. Cross-tissue: 0/0 concordant.
CSF3,711,survived,up,3,0,0,Same-tissue replication: 3/3 concordant. Cross-tissue: 0/0 concordant.
CTHRC1,711,survived,up,3,0,0,Same-tissue replication: 3/3 concordant. Cross-tissue: 0/0 concordant.
ESAM,711,survived,up,3,0,0,Same-tissue replication: 3/3 concordant. Cross-tissue: 0/0 concordant.
PDGFRA,711,survived,up,3,0,0,Same-tissue replication: 3/3 concordant. Cross-tissue: 0/0 concordant.
PTGFR,711,survived,up,3,0,0,Same-tissue replication: 3/3 concordant. Cross-tissue: 0/0 concordant.
SLAMF1,711,survived,up,3,0,0,Same-tissue replication: 3/3 concordant. Cross-tissue: 0/0 concordant.
SLC17A9,711,survived,up,3,0,0,Same-tissue replication: 3/3 concordant. Cross-tissue: 0/0 concordant.
SLC2A14,711,survived,up,3,0,0,Same-tissue replication: 3/3 concordant. Cross-tissue: 0/0 concordant.
SLC41A1,711,survived,up,3,0,0,Same-tissue replication: 3/3 concordant. Cross-tissue: 0/0 concordant.
SP110,711,survived,up,3,0,0,Same-tissue replication: 3/3 concordant. Cross-tissue: 0/0 concordant.
TBXAS1,711,survived,up,3,0,0,Same-tissue replication: 3/3 concordant. Cross-tissue: 0/0 concordant.
TMC5,711,survived,up,3,0,0,Same-tissue replication: 3/3 concordant. Cross-tissue: 0/0 concordant.
ZYX,711,survived,up,3,0,0,Same-tissue replication: 3/3 concordant. Cross-tissue: 0/0 concordant.
NR4A2,712,survived,up,2,0,0,Same-tissue replication: 2/3 concordant. Cross-tissue: 0/0 concordant.
PCSK1,712,survived,up,3,0,0,Same-tissue replication: 3/3 concordant. Cross-tissue: 0/0 concordant.
PI15,712,survived,up,3,0,0,Same-tissue replication: 3/3 concordant. Cross-tissue: 0/0 concordant.
SERPINB5,712,survived,up,3,0,0,Same-tissue replication: 3/3 concordant. Cross-tissue: 0/0 concordant.
SLFN11,712,survived,up,3,0,0,Same-tissue replication: 3/3 concordant. Cross-tissue: 0/0 concordant.
CFB,713,survived,up,3,0,0,Same-tissue replication: 3/3 concordant. Cross-tissue: 0/0 concordant.
COL12A1,713,survived,up,3,0,0,Same-tissue replication: 3/3 concordant. Cross-tissue: 0/0 concordant.
CXCL10,713,survived,up,3,0,0,Same-tissue replication: 3/3 concordant. Cross-tissue: 0/0 concordant.
DAPP1,713,survived,up,3,0,0,Same-tissue replication: 3/3 concordant. Cross-tissue: 0/0 concordant.
MMP12,713,survived,up,3,0,0,Same-tissue replication: 3/3 concordant. Cross-tissue: 0/0 concordant.
OAS2,713,survived,up,3,0,0,Same-tissue replication: 3/3 concordant. Cross-tissue: 0/0 concordant.
S100P,713,survived,up,3,0,0,Same-tissue replication: 3/3 concordant. Cross-tissue: 0/0 concordant.
SERPING1,713,survived,up,3,0,0,Same-tissue replication: 3/3 concordant. Cross-tissue: 0/0 concordant.
TCIM,713,survived,up,3,0,0,Same-tissue replication: 3/3 concordant. Cross-tissue: 0/0 concordant.
ADAM17,714,survived,up,3,0,0,Same-tissue replication: 3/3 concordant. Cross-tissue: 0/0 concordant.
C1QTNF6,714,survived,up,3,0,0,Same-tissue replication: 3/3 concordant. Cross-tissue: 0/0 concordant.
DLC1,714,survived,up,3,0,0,Same-tissue replication: 3/3 concordant. Cross-tissue: 0/0 concordant.
PUS3,714,survived,up,3,0,0,Same-tissue replication: 3/3 concordant. Cross-tissue: 0/0 concordant.
ZC3H18,714,survived,up,3,0,0,Same-tissue replication: 3/3 concordant. Cross-tissue: 0/0 concordant.
APRT,715,survived,up,3,0,0,Same-tissue replication: 3/3 concordant. Cross-tissue: 0/0 concordant.
FBXO44,715,eliminated,up,1,1,0,Significant opposite direction in same-tissue dataset(s): ['GSE87466']. Discovery direction: up.
POTEF,715,insufficient_data,up,0,0,0,No replication data available for this gene.
SGCD,715,survived,up,2,0,0,Same-tissue replication: 2/3 concordant. Cross-tissue: 0/0 concordant.
TCOF1,715,survived,up,3,0,0,Same-tissue replication: 3/3 concordant. Cross-tissue: 0/0 concordant.
TNFRSF4,715,survived,up,3,0,0,Same-tissue replication: 3/3 concordant. Cross-tissue: 0/0 concordant.
ZYG11A,715,survived,up,1,0,0,Same-tissue replication: 1/3 concordant. Cross-tissue: 0/0 concordant.
ARHGAP26,716,survived,up,3,0,0,Same-tissue replication: 3/3 concordant. Cross-tissue: 0/0 concordant.
CA5B,716,survived,up,2,0,0,Same-tissue replication: 2/3 concordant. Cross-tissue: 0/0 concordant.
DYNC2H1,716,survived,up,2,0,0,Same-tissue replication: 2/3 concordant. Cross-tissue: 0/0 concordant.
RAD18,716,survived,up,0,0,0,Same-tissue replication: 0/3 concordant. Cross-tissue: 0/0 concordant.
ACOT9,719,survived,up,3,0,0,Same-tissue replication: 3/3 concordant. Cross-tissue: 0/0 concordant.
CLCN4,719,survived,up,3,0,0,Same-tissue replication: 3/3 concordant. Cross-tissue: 0/0 concordant.
DNAJB5,719,survived,up,1,0,0,Same-tissue replication: 1/3 concordant. Cross-tissue: 0/0 concordant.
DTHD1,719,survived,up,1,0,0,Same-tissue replication: 1/3 concordant. Cross-tissue: 0/0 concordant.
EXTL3,719,survived,up,2,0,0,Same-tissue replication: 2/3 concordant. Cross-tissue: 0/0 concordant.
SERPINI1,719,survived,up,3,0,0,Same-tissue replication: 3/3 concordant. Cross-tissue: 0/0 concordant.
TSPAN9,719,survived,up,3,0,0,Same-tissue replication: 3/3 concordant. Cross-tissue: 0/0 concordant.
ADAM8,720,survived,up,3,0,0,Same-tissue replication: 3/3 concordant. Cross-tissue: 0/0 concordant.
CEP19,720,survived,up,3,0,0,Same-tissue replication: 3/3 concordant. Cross-tissue: 0/0 concordant.
PCBP3,720,survived,up,3,0,0,Same-tissue replication: 3/3 concordant. Cross-tissue: 0/0 concordant.
RGS16,720,survived,up,3,0,0,Same-tissue replication: 3/3 concordant. Cross-tissue: 0/0 concordant.
SEC13,720,survived,up,3,0,0,Same-tissue replication: 3/3 concordant. Cross-tissue: 0/0 concordant.
TEAD4,720,survived,up,3,0,0,Same-tissue replication: 3/3 concordant. Cross-tissue: 0/0 concordant.
ACR,721,survived,down,3,0,0,Same-tissue replication: 3/3 concordant. Cross-tissue: 0/0 concordant.
ANO7,721,survived,down,3,0,0,Same-tissue replication: 3/3 concordant. Cross-tissue: 0/0 concordant.
ATAT1,721,survived,down,1,0,0,Same-tissue replication: 1/3 concordant. Cross-tissue: 0/0 concordant.
DCST2,721,survived,down,3,0,0,Same-tissue replication: 3/3 concordant. Cross-tissue: 0/0 concordant.
EDA,721,survived,down,2,0,0,Same-tissue replication: 2/3 concordant. Cross-tissue: 0/0 concordant.
FBXO36,721,survived,down,3,0,0,Same-tissue replication: 3/3 concordant. Cross-tissue: 0/0 concordant.
HPX,721,survived,down,2,0,0,Same-tissue replication: 2/3 concordant. Cross-tissue: 0/0 concordant.
SLC6A7,721,survived,down,2,0,0,Same-tissue replication: 2/3 concordant. Cross-tissue: 0/0 concordant.
UBP1,721,survived,down,2,0,0,Same-tissue replication: 2/3 concordant. Cross-tissue: 0/0 concordant.
ZFP14,721,survived,down,2,0,0,Same-tissue replication: 2/3 concordant. Cross-tissue: 0/0 concordant.
ACRBP,722,survived,down,2,0,0,Same-tissue replication: 2/3 concordant. Cross-tissue: 0/0 concordant.
GCNT1,722,survived,down,3,0,0,Same-tissue replication: 3/3 concordant. Cross-tissue: 0/0 concordant.
MAB21L4,722,survived,down,3,0,0,Same-tissue replication: 3/3 concordant. Cross-tissue: 0/0 concordant.
PKLR,722,survived,down,2,0,0,Same-tissue replication: 2/3 concordant. Cross-tissue: 0/0 concordant.
SLC46A3,722,eliminated,down,2,1,0,Significant opposite direction in same-tissue dataset(s): ['GSE36807']. Discovery direction: down.
SPEM2,722,survived,down,2,0,0,Same-tissue replication: 2/3 concordant. Cross-tissue: 0/0 concordant.
TSPAN12,722,survived,down,3,0,0,Same-tissue replication: 3/3 concordant. Cross-tissue: 0/0 concordant.
ZNF615,722,survived,down,3,0,0,Same-tissue replication: 3/3 concordant. Cross-tissue: 0/0 concordant.
ASB10,723,survived,up,2,0,0,Same-tissue replication: 2/3 concordant. Cross-tissue: 0/0 concordant.
EP400,723,survived,up,1,0,0,Same-tissue replication: 1/3 concordant. Cross-tissue: 0/0 concordant.
FYTTD1,723,survived,up,3,0,0,Same-tissue replication: 3/3 concordant. Cross-tissue: 0/0 concordant.
OSTF1,723,survived,up,3,0,0,Same-tissue replication: 3/3 concordant. Cross-tissue: 0/0 concordant.
PLEC,723,survived,up,3,0,0,Same-tissue replication: 3/3 concordant. Cross-tissue: 0/0 concordant.
HLA-DQB2,724,survived,up,2,0,0,Same-tissue replication: 2/3 concordant. Cross-tissue: 0/0 concordant.
IFNGR1,724,survived,up,3,0,0,Same-tissue replication: 3/3 concordant. Cross-tissue: 0/0 concordant.
NPC2,724,survived,up,2,0,0,Same-tissue replication: 2/3 concordant. Cross-tissue: 0/0 concordant.
PDZD8,724,survived,up,2,0,0,Same-tissue replication: 2/3 concordant. Cross-tissue: 0/0 concordant.
U2AF1,724,survived,up,2,0,0,Same-tissue replication: 2/3 concordant. Cross-tissue: 0/0 concordant.
LEMD3,725,survived,up,0,0,0,Same-tissue replication: 0/3 concordant. Cross-tissue: 0/0 concordant.
NLN,725,eliminated,up,2,1,0,Significant opposite direction in same-tissue dataset(s): ['GSE36807']. Discovery direction: up.
RPL24,725,eliminated,up,1,1,0,Significant opposite direction in same-tissue dataset(s): ['GSE36807']. Discovery direction: up.
SPTBN2,725,survived,up,2,0,0,Same-tissue replication: 2/3 concordant. Cross-tissue: 0/0 concordant.
TNKS2,725,survived,up,3,0,0,Same-tissue replication: 3/3 concordant. Cross-tissue: 0/0 concordant.
AKTIP,726,survived,down,3,0,0,Same-tissue replication: 3/3 concordant. Cross-tissue: 0/0 concordant.
ANKRD12,726,survived,down,2,0,0,Same-tissue replication: 2/3 concordant. Cross-tissue: 0/0 concordant.
CDK10,726,survived,down,1,0,0,Same-tissue replication: 1/3 concordant. Cross-tissue: 0/0 concordant.
CEBPG,726,eliminated,down,2,1,0,Significant opposite direction in same-tissue dataset(s): ['GSE36807']. Discovery direction: down.
CELA3A,726,survived,down,2,0,0,Same-tissue replication: 2/3 concordant. Cross-tissue: 0/0 concordant.
CEP44,726,survived,down,3,0,0,Same-tissue replication: 3/3 concordant. Cross-tissue: 0/0 concordant.
CLNS1A,726,survived,down,2,0,0,Same-tissue replication: 2/3 concordant. Cross-tissue: 0/0 concordant.
COPS5,726,survived,down,3,0,0,Same-tissue replication: 3/3 concordant. Cross-tissue: 0/0 concordant.
DDHD2,726,survived,down,3,0,0,Same-tissue replication: 3/3 concordant. Cross-tissue: 0/0 concordant.
FBXL4,726,survived,down,3,0,0,Same-tissue replication: 3/3 concordant. Cross-tissue: 0/0 concordant.
FUNDC2,726,survived,down,3,0,0,Same-tissue replication: 3/3 concordant. Cross-tissue: 0/0 concordant.
HTATIP2,726,survived,down,2,0,0,Same-tissue replication: 2/3 concordant. Cross-tissue: 0/0 concordant.
IQSEC2,726,survived,down,2,0,0,Same-tissue replication: 2/3 concordant. Cross-tissue: 0/0 concordant.
MPLKIP,726,survived,down,3,0,0,Same-tissue replication: 3/3 concordant. Cross-tissue: 0/0 concordant.
ORC2,726,survived,down,3,0,0,Same-tissue replication: 3/3 concordant. Cross-tissue: 0/0 concordant.
PHPT1,726,survived,down,1,0,0,Same-tissue replication: 1/3 concordant. Cross-tissue: 0/0 concordant.
PLRG1,726,survived,down,0,0,0,Same-tissue replication: 0/3 concordant. Cross-tissue: 0/0 concordant.
POC1B,726,survived,down,2,0,0,Same-tissue replication: 2/3 concordant. Cross-tissue: 0/0 concordant.
POLD4,726,survived,down,2,0,0,Same-tissue replication: 2/3 concordant. Cross-tissue: 0/0 concordant.
RNPEP,726,survived,down,2,0,0,Same-tissue replication: 2/3 concordant. Cross-tissue: 0/0 concordant.
SENP6,726,survived,down,3,0,0,Same-tissue replication: 3/3 concordant. Cross-tissue: 0/0 concordant.
SEPHS1,726,survived,down,3,0,0,Same-tissue replication: 3/3 concordant. Cross-tissue: 0/0 concordant.
TEP1,726,survived,down,3,0,0,Same-tissue replication: 3/3 concordant. Cross-tissue: 0/0 concordant.
TMEM33,726,survived,down,3,0,0,Same-tissue replication: 3/3 concordant. Cross-tissue: 0/0 concordant.
ZFAND3,726,survived,down,2,0,0,Same-tissue replication: 2/3 concordant. Cross-tissue: 0/0 concordant.
ZNF302,726,survived,down,3,0,0,Same-tissue replication: 3/3 concordant. Cross-tissue: 0/0 concordant.
ZRANB2,726,survived,down,2,0,0,Same-tissue replication: 2/3 concordant. Cross-tissue: 0/0 concordant.
GIGYF2,727,survived,down,2,0,0,Same-tissue replication: 2/3 concordant. Cross-tissue: 0/0 concordant.
PTEN,727,survived,down,3,0,0,Same-tissue replication: 3/3 concordant. Cross-tissue: 0/0 concordant.
RRM2B,727,survived,down,3,0,0,Same-tissue replication: 3/3 concordant. Cross-tissue: 0/0 concordant.
SSTR2,727,survived,down,3,0,0,Same-tissue replication: 3/3 concordant. Cross-tissue: 0/0 concordant.
DECR1,728,survived,down,3,0,0,Same-tissue replication: 3/3 concordant. Cross-tissue: 0/0 concordant.
MESP1,728,survived,down,2,0,0,Same-tissue replication: 2/3 concordant. Cross-tissue: 0/0 concordant.
ZNF232,728,eliminated,down,2,1,0,Significant opposite direction in same-tissue dataset(s): ['GSE38713']. Discovery direction: down.
ZNF682,728,survived,down,3,0,0,Same-tissue replication: 3/3 concordant. Cross-tissue: 0/0 concordant.
ZNF77,728,survived,down,3,0,0,Same-tissue replication: 3/3 concordant. Cross-tissue: 0/0 concordant.
ZNF793,728,survived,down,3,0,0,Same-tissue replication: 3/3 concordant. Cross-tissue: 0/0 concordant.
ADGRL1,729,survived,down,3,0,0,Same-tissue replication: 3/3 concordant. Cross-tissue: 0/0 concordant.
ADGRV1,729,survived,down,3,0,0,Same-tissue replication: 3/3 concordant. Cross-tissue: 0/0 concordant.
AVIL,729,survived,down,3,0,0,Same-tissue replication: 3/3 concordant. Cross-tissue: 0/0 concordant.
CILK1,729,survived,down,3,0,0,Same-tissue replication: 3/3 concordant. Cross-tissue: 0/0 concordant.
COG8,729,eliminated,down,1,1,0,Significant opposite direction in same-tissue dataset(s): ['GSE38713']. Discovery direction: down.
DNAJC28,729,survived,down,2,0,0,Same-tissue replication: 2/3 concordant. Cross-tissue: 0/0 concordant.
FRRS1,729,survived,down,3,0,0,Same-tissue replication: 3/3 concordant. Cross-tissue: 0/0 concordant.
GJD2,729,survived,down,3,0,0,Same-tissue replication: 3/3 concordant. Cross-tissue: 0/0 concordant.
IFT88,729,survived,down,3,0,0,Same-tissue replication: 3/3 concordant. Cross-tissue: 0/0 concordant.
MINK1,729,eliminated,down,2,1,0,Significant opposite direction in same-tissue dataset(s): ['GSE38713']. Discovery direction: down.
RAB1B,729,eliminated,down,1,1,0,Significant opposite direction in same-tissue dataset(s): ['GSE36807']. Discovery direction: down.
GGNBP2,730,survived,down,3,0,0,Same-tissue replication: 3/3 concordant. Cross-tissue: 0/0 concordant.
GPRC5C,730,survived,down,3,0,0,Same-tissue replication: 3/3 concordant. Cross-tissue: 0/0 concordant.
RABL2A,730,survived,down,2,0,0,Same-tissue replication: 2/3 concordant. Cross-tissue: 0/0 concordant.
STK25,730,survived,down,2,0,0,Same-tissue replication: 2/3 concordant. Cross-tissue: 0/0 concordant.
ZNF527,730,survived,down,2,0,0,Same-tissue replication: 2/3 concordant. Cross-tissue: 0/0 concordant.
CABIN1,731,survived,up,3,0,0,Same-tissue replication: 3/3 concordant. Cross-tissue: 0/0 concordant.
MESD,731,survived,up,3,0,0,Same-tissue replication: 3/3 concordant. Cross-tissue: 0/0 concordant.
RPL27,731,eliminated,up,2,1,0,Significant opposite direction in same-tissue dataset(s): ['GSE36807']. Discovery direction: up.
TP63,731,survived,up,1,0,0,Same-tissue replication: 1/3 concordant. Cross-tissue: 0/0 concordant.
BUD31,732,survived,up,3,0,0,Same-tissue replication: 3/3 concordant. Cross-tissue: 0/0 concordant.
FOXRED1,732,survived,up,3,0,0,Same-tissue replication: 3/3 concordant. Cross-tissue: 0/0 concordant.
H2BC11,732,survived,up,1,0,0,Same-tissue replication: 1/3 concordant. Cross-tissue: 0/0 concordant.
PADI4,732,eliminated,up,1,1,0,Significant opposite direction in same-tissue dataset(s): ['GSE87466']. Discovery direction: up.
PINLYP,732,survived,up,2,0,0,Same-tissue replication: 2/3 concordant. Cross-tissue: 0/0 concordant.
PSMG3,732,survived,up,3,0,0,Same-tissue replication: 3/3 concordant. Cross-tissue: 0/0 concordant.
RPS28,732,eliminated,up,0,3,0,"Significant opposite direction in same-tissue dataset(s): ['GSE87466', 'GSE38713', 'GSE36807']. Discovery direction: up."
SMARCA5,732,survived,up,1,0,0,Same-tissue replication: 1/3 concordant. Cross-tissue: 0/0 concordant.
SMO,732,survived,up,3,0,0,Same-tissue replication: 3/3 concordant. Cross-tissue: 0/0 concordant.
VIPR2,732,eliminated,up,2,1,0,Significant opposite direction in same-tissue dataset(s): ['GSE87466']. Discovery direction: up.
VMP1,732,survived,up,3,0,0,Same-tissue replication: 3/3 concordant. Cross-tissue: 0/0 concordant.
AGO2,733,survived,up,2,0,0,Same-tissue replication: 2/3 concordant. Cross-tissue: 0/0 concordant.
CNOT12,733,survived,up,3,0,0,Same-tissue replication: 3/3 concordant. Cross-tissue: 0/0 concordant.
GNB5,733,survived,up,3,0,0,Same-tissue replication: 3/3 concordant. Cross-tissue: 0/0 concordant.
GPAT4,733,survived,up,3,0,0,Same-tissue replication: 3/3 concordant. Cross-tissue: 0/0 concordant.
PAQR4,733,survived,up,3,0,0,Same-tissue replication: 3/3 concordant. Cross-tissue: 0/0 concordant.
SCAMP3,733,survived,up,3,0,0,Same-tissue replication: 3/3 concordant. Cross-tissue: 0/0 concordant.
ADAR,734,survived,up,3,0,0,Same-tissue replication: 3/3 concordant. Cross-tissue: 0/0 concordant.
ANXA2,734,survived,up,3,0,0,Same-tissue replication: 3/3 concordant. Cross-tissue: 0/0 concordant.
CD47,734,survived,up,3,0,0,Same-tissue replication: 3/3 concordant. Cross-tissue: 0/0 concordant.
JAK1,734,survived,up,3,0,0,Same-tissue replication: 3/3 concordant. Cross-tissue: 0/0 concordant.
PEAR1,734,survived,up,3,0,0,Same-tissue replication: 3/3 concordant. Cross-tissue: 0/0 concordant.
SHROOM4,734,survived,up,3,0,0,Same-tissue replication: 3/3 concordant. Cross-tissue: 0/0 concordant.
UGGT1,734,survived,up,3,0,0,Same-tissue replication: 3/3 concordant. Cross-tissue: 0/0 concordant.
WFS1,734,survived,up,3,0,0,Same-tissue replication: 3/3 concordant. Cross-tissue: 0/0 concordant.
CCN2,735,survived,up,3,0,0,Same-tissue replication: 3/3 concordant. Cross-tissue: 0/0 concordant.
CD81,735,survived,up,3,0,0,Same-tissue replication: 3/3 concordant. Cross-tissue: 0/0 concordant.
GNG11,735,survived,up,3,0,0,Same-tissue replication: 3/3 concordant. Cross-tissue: 0/0 concordant.
NRN1,735,survived,up,3,0,0,Same-tissue replication: 3/3 concordant. Cross-tissue: 0/0 concordant.
PTPN14,735,survived,up,2,0,0,Same-tissue replication: 2/3 concordant. Cross-tissue: 0/0 concordant.
RND1,735,survived,up,2,0,0,Same-tissue replication: 2/3 concordant. Cross-tissue: 0/0 concordant.
TENT5C,735,survived,up,3,0,0,Same-tissue replication: 3/3 concordant. Cross-tissue: 0/0 concordant.
THBS2,735,survived,up,3,0,0,Same-tissue replication: 3/3 concordant. Cross-tissue: 0/0 concordant.
THEMIS2,735,survived,up,3,0,0,Same-tissue replication: 3/3 concordant. Cross-tissue: 0/0 concordant.
CREB5,736,survived,up,3,0,0,Same-tissue replication: 3/3 concordant. Cross-tissue: 0/0 concordant.
CTNNAL1,736,survived,up,3,0,0,Same-tissue replication: 3/3 concordant. Cross-tissue: 0/0 concordant.
KPNA2,736,survived,up,3,0,0,Same-tissue replication: 3/3 concordant. Cross-tissue: 0/0 concordant.
NOX4,736,survived,up,2,0,0,Same-tissue replication: 2/3 concordant. Cross-tissue: 0/0 concordant.
NXPE3,736,survived,up,3,0,0,Same-tissue replication: 3/3 concordant. Cross-tissue: 0/0 concordant.
PDLIM4,736,survived,up,2,0,0,Same-tissue replication: 2/3 concordant. Cross-tissue: 0/0 concordant.
SACK1A,736,survived,up,3,0,0,Same-tissue replication: 3/3 concordant. Cross-tissue: 0/0 concordant.
SHH,736,survived,up,3,0,0,Same-tissue replication: 3/3 concordant. Cross-tissue: 0/0 concordant.
SLC1A4,736,survived,up,3,0,0,Same-tissue replication: 3/3 concordant. Cross-tissue: 0/0 concordant.
TACSTD2,736,survived,up,3,0,0,Same-tissue replication: 3/3 concordant. Cross-tissue: 0/0 concordant.
AUNIP,737,survived,up,3,0,0,Same-tissue replication: 3/3 concordant. Cross-tissue: 0/0 concordant.
CPSF3,737,survived,up,3,0,0,Same-tissue replication: 3/3 concordant. Cross-tissue: 0/0 concordant.
GJB4,737,survived,up,0,0,0,Same-tissue replication: 0/3 concordant. Cross-tissue: 0/0 concordant.
GNA12,737,survived,up,3,0,0,Same-tissue replication: 3/3 concordant. Cross-tissue: 0/0 concordant.
HNRNPCL3,737,survived,up,0,0,0,Same-tissue replication: 0/1 concordant. Cross-tissue: 0/0 concordant.
PES1,737,survived,up,3,0,0,Same-tissue replication: 3/3 concordant. Cross-tissue: 0/0 concordant.
AIMP2,738,survived,down,2,0,0,Same-tissue replication: 2/3 concordant. Cross-tissue: 0/0 concordant.
C19orf25,738,survived,down,3,0,0,Same-tissue replication: 3/3 concordant. Cross-tissue: 0/0 concordant.
CDK8,738,survived,down,3,0,0,Same-tissue replication: 3/3 concordant. Cross-tissue: 0/0 concordant.
EML4,738,survived,down,3,0,0,Same-tissue replication: 3/3 concordant. Cross-tissue: 0/0 concordant.
ETFBKMT,738,survived,down,3,0,0,Same-tissue replication: 3/3 concordant. Cross-tissue: 0/0 concordant.
FAM3A,738,survived,down,2,0,0,Same-tissue replication: 2/3 concordant. Cross-tissue: 0/0 concordant.
GMPR2,738,survived,down,2,0,0,Same-tissue replication: 2/3 concordant. Cross-tissue: 0/0 concordant.
MED29,738,survived,down,2,0,0,Same-tissue replication: 2/3 concordant. Cross-tissue: 0/0 concordant.
NPRL2,738,survived,down,1,0,0,Same-tissue replication: 1/3 concordant. Cross-tissue: 0/0 concordant.
P2RX6,738,survived,down,2,0,0,Same-tissue replication: 2/3 concordant. Cross-tissue: 0/0 concordant.
PDIK1L,738,survived,down,3,0,0,Same-tissue replication: 3/3 concordant. Cross-tissue: 0/0 concordant.
TTC33,738,survived,down,3,0,0,Same-tissue replication: 3/3 concordant. Cross-tissue: 0/0 concordant.
TUSC1,738,survived,down,3,0,0,Same-tissue replication: 3/3 concordant. Cross-tissue: 0/0 concordant.
VPS16,738,eliminated,down,2,1,0,Significant opposite direction in same-tissue dataset(s): ['GSE36807']. Discovery direction: down.
ZBTB8OS,738,eliminated,down,2,1,0,Significant opposite direction in same-tissue dataset(s): ['GSE36807']. Discovery direction: down.
ZNF592,738,survived,down,3,0,0,Same-tissue replication: 3/3 concordant. Cross-tissue: 0/0 concordant.
CALCOCO2,739,survived,down,3,0,0,Same-tissue replication: 3/3 concordant. Cross-tissue: 0/0 concordant.
COQ7,739,survived,down,3,0,0,Same-tissue replication: 3/3 concordant. Cross-tissue: 0/0 concordant.
EFCAB14,739,survived,down,3,0,0,Same-tissue replication: 3/3 concordant. Cross-tissue: 0/0 concordant.
KANSL1,739,survived,down,3,0,0,Same-tissue replication: 3/3 concordant. Cross-tissue: 0/0 concordant.
KAT5,739,survived,down,3,0,0,Same-tissue replication: 3/3 concordant. Cross-tissue: 0/0 concordant.
MTERF1,739,survived,down,2,0,0,Same-tissue replication: 2/3 concordant. Cross-tissue: 0/0 concordant.
MTERF4,739,survived,down,3,0,0,Same-tissue replication: 3/3 concordant. Cross-tissue: 0/0 concordant.
OSBPL9,739,survived,down,1,0,0,Same-tissue replication: 1/3 concordant. Cross-tissue: 0/0 concordant.
PEX2,739,survived,down,3,0,0,Same-tissue replication: 3/3 concordant. Cross-tissue: 0/0 concordant.
PIGL,739,survived,down,2,0,0,Same-tissue replication: 2/3 concordant. Cross-tissue: 0/0 concordant.
SFT2D2,739,eliminated,down,2,1,0,Significant opposite direction in same-tissue dataset(s): ['GSE87466']. Discovery direction: down.
THEM6,739,survived,down,2,0,0,Same-tissue replication: 2/3 concordant. Cross-tissue: 0/0 concordant.
TOPORS,739,survived,down,3,0,0,Same-tissue replication: 3/3 concordant. Cross-tissue: 0/0 concordant.
ZFYVE1,739,survived,down,3,0,0,Same-tissue replication: 3/3 concordant. Cross-tissue: 0/0 concordant.
GALNT8,741,survived,up,3,0,0,Same-tissue replication: 3/3 concordant. Cross-tissue: 0/0 concordant.
RFC3,741,survived,up,3,0,0,Same-tissue replication: 3/3 concordant. Cross-tissue: 0/0 concordant.
SMAD5,741,eliminated,up,2,1,0,Significant opposite direction in same-tissue dataset(s): ['GSE36807']. Discovery direction: up.
SPC25,741,survived,up,3,0,0,Same-tissue replication: 3/3 concordant. Cross-tissue: 0/0 concordant.
AHI1,742,survived,up,3,0,0,Same-tissue replication: 3/3 concordant. Cross-tissue: 0/0 concordant.
CHL1,742,survived,up,2,0,0,Same-tissue replication: 2/3 concordant. Cross-tissue: 0/0 concordant.
EIF2AK4,742,survived,up,2,0,0,Same-tissue replication: 2/3 concordant. Cross-tissue: 0/0 concordant.
IFIT5,742,survived,up,3,0,0,Same-tissue replication: 3/3 concordant. Cross-tissue: 0/0 concordant.
ITGA4,742,survived,up,3,0,0,Same-tissue replication: 3/3 concordant. Cross-tissue: 0/0 concordant.
NAA15,742,survived,up,2,0,0,Same-tissue replication: 2/3 concordant. Cross-tissue: 0/0 concordant.
PPP1R12B,742,survived,up,2,0,0,Same-tissue replication: 2/3 concordant. Cross-tissue: 0/0 concordant.
CBX3,743,survived,up,3,0,0,Same-tissue replication: 3/3 concordant. Cross-tissue: 0/0 concordant.
CCT3,743,survived,up,1,0,0,Same-tissue replication: 1/1 concordant. Cross-tissue: 0/0 concordant.
IRAG1,743,survived,up,3,0,0,Same-tissue replication: 3/3 concordant. Cross-tissue: 0/0 concordant.
PPP2R5C,743,survived,up,2,0,0,Same-tissue replication: 2/3 concordant. Cross-tissue: 0/0 concordant.
CD300LB,744,eliminated,up,2,1,0,Significant opposite direction in same-tissue dataset(s): ['GSE87466']. Discovery direction: up.
CTSF,744,survived,up,2,0,0,Same-tissue replication: 2/3 concordant. Cross-tissue: 0/0 concordant.
PRG4,744,survived,up,1,0,0,Same-tissue replication: 1/3 concordant. Cross-tissue: 0/0 concordant.
RAB36,744,survived,up,3,0,0,Same-tissue replication: 3/3 concordant. Cross-tissue: 0/0 concordant.
TMEM231,744,survived,up,1,0,0,Same-tissue replication: 1/3 concordant. Cross-tissue: 0/0 concordant.
TYK2,744,survived,up,3,0,0,Same-tissue replication: 3/3 concordant. Cross-tissue: 0/0 concordant.
FAM43A,745,survived,up,3,0,0,Same-tissue replication: 3/3 concordant. Cross-tissue: 0/0 concordant.
H4C1,745,eliminated,up,0,1,0,Significant opposite direction in same-tissue dataset(s): ['GSE87466']. Discovery direction: up.
UCHL1,745,survived,up,3,0,0,Same-tissue replication: 3/3 concordant. Cross-tissue: 0/0 concordant.
COPE,746,survived,up,3,0,0,Same-tissue replication: 3/3 concordant. Cross-tissue: 0/0 concordant.
DBNL,746,survived,up,1,0,0,Same-tissue replication: 1/1 concordant. Cross-tissue: 0/0 concordant.
DHX37,746,survived,up,2,0,0,Same-tissue replication: 2/3 concordant. Cross-tissue: 0/0 concordant.
ERCC3,746,survived,up,3,0,0,Same-tissue replication: 3/3 concordant. Cross-tissue: 0/0 concordant.
IFT140,746,survived,up,2,0,0,Same-tissue replication: 2/3 concordant. Cross-tissue: 0/0 concordant.
MARCKSL1,746,eliminated,up,2,1,0,Significant opposite direction in same-tissue dataset(s): ['GSE36807']. Discovery direction: up.
PHYHD1,746,survived,up,1,0,0,Same-tissue replication: 1/3 concordant. Cross-tissue: 0/0 concordant.
RNH1,746,survived,up,3,0,0,Same-tissue replication: 3/3 concordant. Cross-tissue: 0/0 concordant.
TMED10,746,survived,up,3,0,0,Same-tissue replication: 3/3 concordant. Cross-tissue: 0/0 concordant.
ZNRD2,746,survived,up,3,0,0,Same-tissue replication: 3/3 concordant. Cross-tissue: 0/0 concordant.
ADCYAP1,747,survived,up,3,0,0,Same-tissue replication: 3/3 concordant. Cross-tissue: 0/0 concordant.
ATF6,747,survived,up,3,0,0,Same-tissue replication: 3/3 concordant. Cross-tissue: 0/0 concordant.
ELOVL4,747,survived,up,2,0,0,Same-tissue replication: 2/3 concordant. Cross-tissue: 0/0 concordant.
POLR2L,747,survived,up,3,0,0,Same-tissue replication: 3/3 concordant. Cross-tissue: 0/0 concordant.
SLC35F1,747,survived,up,2,0,0,Same-tissue replication: 2/3 concordant. Cross-tissue: 0/0 concordant.
TALDO1,747,survived,up,3,0,0,Same-tissue replication: 3/3 concordant. Cross-tissue: 0/0 concordant.
UBXN11,747,survived,up,2,0,0,Same-tissue replication: 2/3 concordant. Cross-tissue: 0/0 concordant.
CC2D1A,748,survived,down,2,0,0,Same-tissue replication: 2/3 concordant. Cross-tissue: 0/0 concordant.
CCDC122,748,survived,down,3,0,0,Same-tissue replication: 3/3 concordant. Cross-tissue: 0/0 concordant.
LHX4,748,survived,down,2,0,0,Same-tissue replication: 2/3 concordant. Cross-tissue: 0/0 concordant.
NMNAT3,748,survived,down,3,0,0,Same-tissue replication: 3/3 concordant. Cross-tissue: 0/0 concordant.
RTKN,748,survived,down,2,0,0,Same-tissue replication: 2/3 concordant. Cross-tissue: 0/0 concordant.
RTN4RL1,748,survived,down,3,0,0,Same-tissue replication: 3/3 concordant. Cross-tissue: 0/0 concordant.
SEC31B,748,eliminated,down,1,1,0,Significant opposite direction in same-tissue dataset(s): ['GSE38713']. Discovery direction: down.
SRRM4,748,survived,down,2,0,0,Same-tissue replication: 2/3 concordant. Cross-tissue: 0/0 concordant.
APOE,749,survived,up,3,0,0,Same-tissue replication: 3/3 concordant. Cross-tissue: 0/0 concordant.
ARL13B,749,survived,up,3,0,0,Same-tissue replication: 3/3 concordant. Cross-tissue: 0/0 concordant.
NME4,749,survived,up,2,0,0,Same-tissue replication: 2/3 concordant. Cross-tissue: 0/0 concordant.
PKMYT1,749,survived,up,2,0,0,Same-tissue replication: 2/3 concordant. Cross-tissue: 0/0 concordant.
TMEM185B,749,survived,up,3,0,0,Same-tissue replication: 3/3 concordant. Cross-tissue: 0/0 concordant.
WDFY2,749,survived,up,3,0,0,Same-tissue replication: 3/3 concordant. Cross-tissue: 0/0 concordant.
CCDC125,750,eliminated,up,1,2,0,"Significant opposite direction in same-tissue dataset(s): ['GSE87466', 'GSE38713']. Discovery direction: up."
PSMC3,750,survived,up,3,0,0,Same-tissue replication: 3/3 concordant. Cross-tissue: 0/0 concordant.
TRIM4,750,eliminated,up,0,1,0,Significant opposite direction in same-tissue dataset(s): ['GSE36807']. Discovery direction: up.
UBR5,750,survived,up,3,0,0,Same-tissue replication: 3/3 concordant. Cross-tissue: 0/0 concordant.
DDX50,751,survived,up,3,0,0,Same-tissue replication: 3/3 concordant. Cross-tissue: 0/0 concordant.
GLRX3,751,survived,up,3,0,0,Same-tissue replication: 3/3 concordant. Cross-tissue: 0/0 concordant.
SLC26A8,751,survived,up,2,0,0,Same-tissue replication: 2/3 concordant. Cross-tissue: 0/0 concordant.
SRP54,751,survived,up,3,0,0,Same-tissue replication: 3/3 concordant. Cross-tissue: 0/0 concordant.
ARHGEF18,752,eliminated,down,2,1,0,Significant opposite direction in same-tissue dataset(s): ['GSE36807']. Discovery direction: down.
CCDC9B,752,survived,down,3,0,0,Same-tissue replication: 3/3 concordant. Cross-tissue: 0/0 concordant.
CLP1,752,survived,down,1,0,0,Same-tissue replication: 1/3 concordant. Cross-tissue: 0/0 concordant.
GARRE1,752,survived,down,3,0,0,Same-tissue replication: 3/3 concordant. Cross-tissue: 0/0 concordant.
MAPKAP1,752,survived,down,0,0,0,Same-tissue replication: 0/3 concordant. Cross-tissue: 0/0 concordant.
RXFP4,752,insufficient_data,down,0,0,0,No replication data available for this gene.
UBR3,752,survived,down,3,0,0,Same-tissue replication: 3/3 concordant. Cross-tissue: 0/0 concordant.
ZNF394,752,survived,down,2,0,0,Same-tissue replication: 2/3 concordant. Cross-tissue: 0/0 concordant.
C2orf78,753,insufficient_data,down,0,0,0,No replication data available for this gene.
DDI2,753,survived,down,1,0,0,Same-tissue replication: 1/3 concordant. Cross-tissue: 0/0 concordant.
ITPK1,753,survived,down,1,0,0,Same-tissue replication: 1/3 concordant. Cross-tissue: 0/0 concordant.
NR1H2,753,survived,down,3,0,0,Same-tissue replication: 3/3 concordant. Cross-tissue: 0/0 concordant.
OR13A1,753,insufficient_data,down,0,0,0,No replication data available for this gene.
OR6F1,753,insufficient_data,down,0,0,0,No replication data available for this gene.
ADCY7,754,survived,up,2,0,0,Same-tissue replication: 2/3 concordant. Cross-tissue: 0/0 concordant.
EOMES,754,survived,up,3,0,0,Same-tissue replication: 3/3 concordant. Cross-tissue: 0/0 concordant.
LIPN,754,insufficient_data,up,0,0,0,No replication data available for this gene.
WDR77,754,survived,up,3,0,0,Same-tissue replication: 3/3 concordant. Cross-tissue: 0/0 concordant.
COLEC10,755,survived,up,0,0,0,Same-tissue replication: 0/3 concordant. Cross-tissue: 0/0 concordant.
CSNK1D,755,eliminated,up,0,1,0,Significant opposite direction in same-tissue dataset(s): ['GSE36807']. Discovery direction: up.
ELOVL2,755,survived,up,3,0,0,Same-tissue replication: 3/3 concordant. Cross-tissue: 0/0 concordant.
FAM124A,755,survived,up,0,0,0,Same-tissue replication: 0/3 concordant. Cross-tissue: 0/0 concordant.
INTS3,755,survived,up,3,0,0,Same-tissue replication: 3/3 concordant. Cross-tissue: 0/0 concordant.
NOC2L,755,survived,up,3,0,0,Same-tissue replication: 3/3 concordant. Cross-tissue: 0/0 concordant.
ACTB,756,survived,up,3,0,0,Same-tissue replication: 3/3 concordant. Cross-tissue: 0/0 concordant.
B2M,756,eliminated,up,2,1,0,Significant opposite direction in same-tissue dataset(s): ['GSE38713']. Discovery direction: up.
B4GALT2,756,survived,up,2,0,0,Same-tissue replication: 2/3 concordant. Cross-tissue: 0/0 concordant.
CCND3,756,survived,up,3,0,0,Same-tissue replication: 3/3 concordant. Cross-tissue: 0/0 concordant.
CENPP,756,insufficient_data,up,0,0,0,No replication data available for this gene.
GAPDH,756,survived,up,3,0,0,Same-tissue replication: 3/3 concordant. Cross-tissue: 0/0 concordant.
GNB2,756,survived,up,3,0,0,Same-tissue replication: 3/3 concordant. Cross-tissue: 0/0 concordant.
IL31RA,756,survived,up,2,0,0,Same-tissue replication: 2/3 concordant. Cross-tissue: 0/0 concordant.
KARS1,756,survived,up,3,0,0,Same-tissue replication: 3/3 concordant. Cross-tissue: 0/0 concordant.
LETM2,756,survived,up,2,0,0,Same-tissue replication: 2/3 concordant. Cross-tissue: 0/0 concordant.
MAP1A,756,survived,up,2,0,0,Same-tissue replication: 2/3 concordant. Cross-tissue: 0/0 concordant.
RDH11,756,survived,up,3,0,0,Same-tissue replication: 3/3 concordant. Cross-tissue: 0/0 concordant.
RPL36AL,756,survived,up,3,0,0,Same-tissue replication: 3/3 concordant. Cross-tissue: 0/0 concordant.
SEC23IP,756,survived,up,2,0,0,Same-tissue replication: 2/3 concordant. Cross-tissue: 0/0 concordant.
SF3B5,756,survived,up,2,0,0,Same-tissue replication: 2/3 concordant. Cross-tissue: 0/0 concordant.
VPS18,756,survived,up,3,0,0,Same-tissue replication: 3/3 concordant. Cross-tissue: 0/0 concordant.
APBB1IP,757,survived,up,3,0,0,Same-tissue replication: 3/3 concordant. Cross-tissue: 0/0 concordant.
GPR132,757,survived,up,3,0,0,Same-tissue replication: 3/3 concordant. Cross-tissue: 0/0 concordant.
H3C11,757,survived,up,1,0,0,Same-tissue replication: 1/3 concordant. Cross-tissue: 0/0 concordant.
ITK,757,survived,up,3,0,0,Same-tissue replication: 3/3 concordant. Cross-tissue: 0/0 concordant.
KLHL6,757,survived,up,3,0,0,Same-tissue replication: 3/3 concordant. Cross-tissue: 0/0 concordant.
ORC6,757,survived,up,3,0,0,Same-tissue replication: 3/3 concordant. Cross-tissue: 0/0 concordant.
RIPOR1,757,survived,up,3,0,0,Same-tissue replication: 3/3 concordant. Cross-tissue: 0/0 concordant.
SGMS1,757,survived,up,3,0,0,Same-tissue replication: 3/3 concordant. Cross-tissue: 0/0 concordant.
ZNF215,757,survived,up,3,0,0,Same-tissue replication: 3/3 concordant. Cross-tissue: 0/0 concordant.
CDCA5,758,survived,up,3,0,0,Same-tissue replication: 3/3 concordant. Cross-tissue: 0/0 concordant.
DSEL,758,survived,up,2,0,0,Same-tissue replication: 2/3 concordant. Cross-tissue: 0/0 concordant.
EIF5AL1,758,insufficient_data,up,0,0,0,No replication data available for this gene.
IL34,758,survived,up,2,0,0,Same-tissue replication: 2/3 concordant. Cross-tissue: 0/0 concordant.
MCM10,758,survived,up,3,0,0,Same-tissue replication: 3/3 concordant. Cross-tissue: 0/0 concordant.
SAMD4A,758,survived,up,2,0,0,Same-tissue replication: 2/3 concordant. Cross-tissue: 0/0 concordant.
ALPK3,759,eliminated,up,2,1,0,Significant opposite direction in same-tissue dataset(s): ['GSE36807']. Discovery direction: up.
ARHGEF17,759,survived,up,3,0,0,Same-tissue replication: 3/3 concordant. Cross-tissue: 0/0 concordant.
FBN2,759,survived,up,3,0,0,Same-tissue replication: 3/3 concordant. Cross-tissue: 0/0 concordant.
FLOT1,759,survived,up,3,0,0,Same-tissue replication: 3/3 concordant. Cross-tissue: 0/0 concordant.
GMPPB,759,survived,up,1,0,0,Same-tissue replication: 1/1 concordant. Cross-tissue: 0/0 concordant.
H2BC17,759,survived,up,0,0,0,Same-tissue replication: 0/3 concordant. Cross-tissue: 0/0 concordant.
KIFC1,759,survived,up,2,0,0,Same-tissue replication: 2/3 concordant. Cross-tissue: 0/0 concordant.
LAMC3,759,survived,up,3,0,0,Same-tissue replication: 3/3 concordant. Cross-tissue: 0/0 concordant.
LRWD1,759,survived,up,1,0,0,Same-tissue replication: 1/1 concordant. Cross-tissue: 0/0 concordant.
RHBDF1,759,survived,up,3,0,0,Same-tissue replication: 3/3 concordant. Cross-tissue: 0/0 concordant.
ADAM19,760,survived,up,3,0,0,Same-tissue replication: 3/3 concordant. Cross-tissue: 0/0 concordant.
ADAMTSL4,760,survived,up,2,0,0,Same-tissue replication: 2/3 concordant. Cross-tissue: 0/0 concordant.
ALDH4A1,760,survived,up,3,0,0,Same-tissue replication: 3/3 concordant. Cross-tissue: 0/0 concordant.
ALG2,760,survived,up,3,0,0,Same-tissue replication: 3/3 concordant. Cross-tissue: 0/0 concordant.
ALG5,760,survived,up,3,0,0,Same-tissue replication: 3/3 concordant. Cross-tissue: 0/0 concordant.
C3orf80,760,survived,up,3,0,0,Same-tissue replication: 3/3 concordant. Cross-tissue: 0/0 concordant.
CDC45,760,survived,up,3,0,0,Same-tissue replication: 3/3 concordant. Cross-tissue: 0/0 concordant.
CDK12,760,survived,up,2,0,0,Same-tissue replication: 2/3 concordant. Cross-tissue: 0/0 concordant.
CLIP4,760,survived,up,3,0,0,Same-tissue replication: 3/3 concordant. Cross-tissue: 0/0 concordant.
CTSH,760,survived,up,3,0,0,Same-tissue replication: 3/3 concordant. Cross-tissue: 0/0 concordant.
DPYD,760,survived,up,3,0,0,Same-tissue replication: 3/3 concordant. Cross-tissue: 0/0 concordant.
ENO2,760,survived,up,2,0,0,Same-tissue replication: 2/3 concordant. Cross-tissue: 0/0 concordant.
ETV7,760,survived,up,3,0,0,Same-tissue replication: 3/3 concordant. Cross-tissue: 0/0 concordant.
FAM13C,760,survived,up,3,0,0,Same-tissue replication: 3/3 concordant. Cross-tissue: 0/0 concordant.
FILIP1,760,survived,up,3,0,0,Same-tissue replication: 3/3 concordant. Cross-tissue: 0/0 concordant.
FLRT2,760,survived,up,1,0,0,Same-tissue replication: 1/1 concordant. Cross-tissue: 0/0 concordant.
FRY,760,survived,up,3,0,0,Same-tissue replication: 3/3 concordant. Cross-tissue: 0/0 concordant.
G3BP1,760,survived,up,3,0,0,Same-tissue replication: 3/3 concordant. Cross-tissue: 0/0 concordant.
GNAS,760,survived,up,2,0,0,Same-tissue replication: 2/3 concordant. Cross-tissue: 0/0 concordant.
H2AC14,760,eliminated,up,1,1,0,Significant opposite direction in same-tissue dataset(s): ['GSE38713']. Discovery direction: up.
HNRNPF,760,survived,up,2,0,0,Same-tissue replication: 2/3 concordant. Cross-tissue: 0/0 concordant.
HPS5,760,survived,up,3,0,0,Same-tissue replication: 3/3 concordant. Cross-tissue: 0/0 concordant.
ILK,760,survived,up,2,0,0,Same-tissue replication: 2/3 concordant. Cross-tissue: 0/0 concordant.
ISG20,760,survived,up,3,0,0,Same-tissue replication: 3/3 concordant. Cross-tissue: 0/0 concordant.
ITSN2,760,survived,up,3,0,0,Same-tissue replication: 3/3 concordant. Cross-tissue: 0/0 concordant.
MFNG,760,survived,up,3,0,0,Same-tissue replication: 3/3 concordant. Cross-tissue: 0/0 concordant.
NAT9,760,survived,up,3,0,0,Same-tissue replication: 3/3 concordant. Cross-tissue: 0/0 concordant.
NFE2,760,survived,up,3,0,0,Same-tissue replication: 3/3 concordant. Cross-tissue: 0/0 concordant.
NR2F1,760,survived,up,3,0,0,Same-tissue replication: 3/3 concordant. Cross-tissue: 0/0 concordant.
PGS1,760,survived,up,3,0,0,Same-tissue replication: 3/3 concordant. Cross-tissue: 0/0 concordant.
PPFIBP1,760,survived,up,2,0,0,Same-tissue replication: 2/3 concordant. Cross-tissue: 0/0 concordant.
PPM1M,760,survived,up,3,0,0,Same-tissue replication: 3/3 concordant. Cross-tissue: 0/0 concordant.
PRF1,760,survived,up,3,0,0,Same-tissue replication: 3/3 concordant. Cross-tissue: 0/0 concordant.
PSMA5,760,survived,up,3,0,0,Same-tissue replication: 3/3 concordant. Cross-tissue: 0/0 concordant.
QSOX2,760,survived,up,3,0,0,Same-tissue replication: 3/3 concordant. Cross-tissue: 0/0 concordant.
RAB34,760,survived,up,3,0,0,Same-tissue replication: 3/3 concordant. Cross-tissue: 0/0 concordant.
RAB3C,760,survived,up,2,0,0,Same-tissue replication: 2/3 concordant. Cross-tissue: 0/0 concordant.
RASA3,760,survived,up,3,0,0,Same-tissue replication: 3/3 concordant. Cross-tissue: 0/0 concordant.
RASSF1,760,survived,up,3,0,0,Same-tissue replication: 3/3 concordant. Cross-tissue: 0/0 concordant.
RWDD2A,760,survived,up,3,0,0,Same-tissue replication: 3/3 concordant. Cross-tissue: 0/0 concordant.
SDC1,760,survived,up,3,0,0,Same-tissue replication: 3/3 concordant. Cross-tissue: 0/0 concordant.
SEPTIN6,760,survived,up,3,0,0,Same-tissue replication: 3/3 concordant. Cross-tissue: 0/0 concordant.
SLFN12L,760,insufficient_data,up,0,0,0,No replication data available for this gene.
TIGIT,760,survived,up,3,0,0,Same-tissue replication: 3/3 concordant. Cross-tissue: 0/0 concordant.
USP22,760,survived,up,3,0,0,Same-tissue replication: 3/3 concordant. Cross-tissue: 0/0 concordant.
EBF3,761,survived,up,2,0,0,Same-tissue replication: 2/3 concordant. Cross-tissue: 0/0 concordant.
GNL3,761,survived,up,2,0,0,Same-tissue replication: 2/3 concordant. Cross-tissue: 0/0 concordant.
H3C1,761,survived,up,1,0,0,Same-tissue replication: 1/3 concordant. Cross-tissue: 0/0 concordant.
INPP1,761,survived,up,3,0,0,Same-tissue replication: 3/3 concordant. Cross-tissue: 0/0 concordant.
SETSIP,761,survived,up,2,0,0,Same-tissue replication: 2/2 concordant. Cross-tissue: 0/0 concordant.
TYRO3,761,survived,up,3,0,0,Same-tissue replication: 3/3 concordant. Cross-tissue: 0/0 concordant.
ZWINT,761,survived,up,2,0,0,Same-tissue replication: 2/3 concordant. Cross-tissue: 0/0 concordant.
ARHGEF25,762,survived,up,2,0,0,Same-tissue replication: 2/3 concordant. Cross-tissue: 0/0 concordant.
CKAP5,762,survived,up,3,0,0,Same-tissue replication: 3/3 concordant. Cross-tissue: 0/0 concordant.
CXCR6,762,survived,up,3,0,0,Same-tissue replication: 3/3 concordant. Cross-tissue: 0/0 concordant.
FAM216A,762,survived,up,3,0,0,Same-tissue replication: 3/3 concordant. Cross-tissue: 0/0 concordant.
TACR1,762,eliminated,up,1,2,0,"Significant opposite direction in same-tissue dataset(s): ['GSE87466', 'GSE36807']. Discovery direction: up."
TCEAL6,762,insufficient_data,up,0,0,0,No replication data available for this gene.
YAP1,762,survived,up,2,0,0,Same-tissue replication: 2/3 concordant. Cross-tissue: 0/0 concordant.
DBN1,763,survived,up,3,0,0,Same-tissue replication: 3/3 concordant. Cross-tissue: 0/0 concordant.
GRWD1,763,survived,up,3,0,0,Same-tissue replication: 3/3 concordant. Cross-tissue: 0/0 concordant.
KLHL3,763,survived,up,3,0,0,Same-tissue replication: 3/3 concordant. Cross-tissue: 0/0 concordant.
NRROS,763,survived,up,3,0,0,Same-tissue replication: 3/3 concordant. Cross-tissue: 0/0 concordant.
NUCLEOLIN,763,survived,up,3,0,0,Same-tissue replication: 3/3 concordant. Cross-tissue: 0/0 concordant.
PRKDC,763,survived,up,3,0,0,Same-tissue replication: 3/3 concordant. Cross-tissue: 0/0 concordant.
RHOG,763,survived,up,3,0,0,Same-tissue replication: 3/3 concordant. Cross-tissue: 0/0 concordant.
TUBG2,763,survived,up,3,0,0,Same-tissue replication: 3/3 concordant. Cross-tissue: 0/0 concordant.
