gene,cluster_id,max_level_survived,mean_log2fc,direction
ABCC8,0,4,-0.8625064693932899,down
CACNA1D,0,4,-0.8696082229059113,down
CASR,0,3,-0.3921379819851453,down
LRFN2,0,4,-0.4851534880077657,down
OTULINL,0,4,-0.708385412302599,down
RASGRP1,0,4,-0.7025655484728418,down
RNF6,0,4,-1.0288525666112596,down
SLC2A2,0,4,-1.3004827528990084,down
