gene,appearance_count,appearance_rate,stability_class,total_runs
AK6,50,1.0000,iron-clad,50
CDK20,50,1.0000,iron-clad,50
CUEDC1,50,1.0000,iron-clad,50
EPHB2,50,1.0000,iron-clad,50
TMPO,50,1.0000,iron-clad,50
TNK1,50,1.0000,iron-clad,50
ABAT,50,1.0000,iron-clad,50
GPATCH4,50,1.0000,iron-clad,50
KRI1,50,1.0000,iron-clad,50
ORAI2,50,1.0000,iron-clad,50
COMMD4,50,1.0000,iron-clad,50
ITPKB,50,1.0000,iron-clad,50
KRT15,50,1.0000,iron-clad,50
NAGA,50,1.0000,iron-clad,50
ADSS2,50,1.0000,iron-clad,50
BZW2,50,1.0000,iron-clad,50
CASK,50,1.0000,iron-clad,50
COBL,50,1.0000,iron-clad,50
CSTF3,50,1.0000,iron-clad,50
DAP3,50,1.0000,iron-clad,50
ENOPH1,50,1.0000,iron-clad,50
FN1,50,1.0000,iron-clad,50
H4C11,50,1.0000,iron-clad,50
HNRNPAB,50,1.0000,iron-clad,50
HPRT1,50,1.0000,iron-clad,50
IDH2,50,1.0000,iron-clad,50
JTB,50,1.0000,iron-clad,50
KIF5C,50,1.0000,iron-clad,50
LYPLA1,50,1.0000,iron-clad,50
SDF2L1,50,1.0000,iron-clad,50
SEPTIN8,50,1.0000,iron-clad,50
SERP1,50,1.0000,iron-clad,50
SNRPG,50,1.0000,iron-clad,50
SUCO,50,1.0000,iron-clad,50
SYNGR2,50,1.0000,iron-clad,50
TMEM132A,50,1.0000,iron-clad,50
CDK4,50,1.0000,iron-clad,50
NELFCD,50,1.0000,iron-clad,50
PPP4R1,50,1.0000,iron-clad,50
TAF11,50,1.0000,iron-clad,50
ZFP64,50,1.0000,iron-clad,50
CEP120,50,1.0000,iron-clad,50
DET1,50,1.0000,iron-clad,50
INF2,50,1.0000,iron-clad,50
TMEM11,50,1.0000,iron-clad,50
CD24,50,1.0000,iron-clad,50
KRT8,50,1.0000,iron-clad,50
NUSAP1,50,1.0000,iron-clad,50
PRC1,50,1.0000,iron-clad,50
SDC1,50,1.0000,iron-clad,50
SLC38A1,50,1.0000,iron-clad,50
CDCA4,50,1.0000,iron-clad,50
DCTPP1,50,1.0000,iron-clad,50
DNMT3A,50,1.0000,iron-clad,50
LMNB2,50,1.0000,iron-clad,50
MBOAT7,50,1.0000,iron-clad,50
NVL,50,1.0000,iron-clad,50
PAGR1,50,1.0000,iron-clad,50
PPP4C,50,1.0000,iron-clad,50
RNASEH2A,50,1.0000,iron-clad,50
SLC37A1,50,1.0000,iron-clad,50
SPATS2,50,1.0000,iron-clad,50
STX3,50,1.0000,iron-clad,50
TLE3,50,1.0000,iron-clad,50
TRPM4,50,1.0000,iron-clad,50
ZMYND8,50,1.0000,iron-clad,50
A1BG,50,1.0000,iron-clad,50
ATP13A1,50,1.0000,iron-clad,50
C11orf98,50,1.0000,iron-clad,50
DDX39A,50,1.0000,iron-clad,50
EARS2,50,1.0000,iron-clad,50
EBP,50,1.0000,iron-clad,50
F11R,50,1.0000,iron-clad,50
HK1,50,1.0000,iron-clad,50
LMLN,50,1.0000,iron-clad,50
LSM4,50,1.0000,iron-clad,50
MAGED1,50,1.0000,iron-clad,50
NUDT16L1,50,1.0000,iron-clad,50
NUP43,50,1.0000,iron-clad,50
POGZ,50,1.0000,iron-clad,50
PPIL1,50,1.0000,iron-clad,50
PPP1R14B,50,1.0000,iron-clad,50
RBCK1,50,1.0000,iron-clad,50
RFX5,50,1.0000,iron-clad,50
RPS6KB2,50,1.0000,iron-clad,50
TAGLN2,50,1.0000,iron-clad,50
ZNF544,50,1.0000,iron-clad,50
ACSS3,50,1.0000,iron-clad,50
C1orf115,50,1.0000,iron-clad,50
F3,50,1.0000,iron-clad,50
FOLR2,50,1.0000,iron-clad,50
MRC1,50,1.0000,iron-clad,50
PLPP3,50,1.0000,iron-clad,50
TMEM47,50,1.0000,iron-clad,50
TPPP3,50,1.0000,iron-clad,50
TUBB6,50,1.0000,iron-clad,50
ZEB1,50,1.0000,iron-clad,50
ZFP36,50,1.0000,iron-clad,50
ARID5B,50,1.0000,iron-clad,50
CLIC2,50,1.0000,iron-clad,50
CREBL2,50,1.0000,iron-clad,50
HOXA7,50,1.0000,iron-clad,50
PER3,50,1.0000,iron-clad,50
PLEKHG6,50,1.0000,iron-clad,50
RGS5,50,1.0000,iron-clad,50
SPARCL1,50,1.0000,iron-clad,50
TNFAIP8,50,1.0000,iron-clad,50
YBX3,50,1.0000,iron-clad,50
COASY,50,1.0000,iron-clad,50
GRK6,50,1.0000,iron-clad,50
RAB11A,50,1.0000,iron-clad,50
SMCR8,50,1.0000,iron-clad,50
ALG2,50,1.0000,iron-clad,50
B4GALT1,50,1.0000,iron-clad,50
DNAL4,50,1.0000,iron-clad,50
MIEN1,50,1.0000,iron-clad,50
PRR11,50,1.0000,iron-clad,50
PSMD3,50,1.0000,iron-clad,50
RDH11,50,1.0000,iron-clad,50
SGSM3,50,1.0000,iron-clad,50
TMEM123,50,1.0000,iron-clad,50
ZNF468,50,1.0000,iron-clad,50
CCL8,50,1.0000,iron-clad,50
CSF1R,50,1.0000,iron-clad,50
FCGR2B,50,1.0000,iron-clad,50
PTGR1,50,1.0000,iron-clad,50
PTX3,50,1.0000,iron-clad,50
RDH10,50,1.0000,iron-clad,50
SESTD1,50,1.0000,iron-clad,50
SPON1,50,1.0000,iron-clad,50
TFPI2,50,1.0000,iron-clad,50
THBS4,50,1.0000,iron-clad,50
TSPAN8,50,1.0000,iron-clad,50
DMXL1,50,1.0000,iron-clad,50
PLCL1,50,1.0000,iron-clad,50
SLC47A1,50,1.0000,iron-clad,50
EGLN1,50,1.0000,iron-clad,50
EIF3K,50,1.0000,iron-clad,50
KCTD7,50,1.0000,iron-clad,50
MKNK2,50,1.0000,iron-clad,50
NEK1,50,1.0000,iron-clad,50
PPP4R3B,50,1.0000,iron-clad,50
VAMP4,50,1.0000,iron-clad,50
ANLN,50,1.0000,iron-clad,50
COMP,50,1.0000,iron-clad,50
COXFA4L3,50,1.0000,iron-clad,50
GALNT6,50,1.0000,iron-clad,50
GJB2,50,1.0000,iron-clad,50
KRT7,50,1.0000,iron-clad,50
LRRC15,50,1.0000,iron-clad,50
TACSTD2,50,1.0000,iron-clad,50
UHRF1,50,1.0000,iron-clad,50
ZG16B,50,1.0000,iron-clad,50
ANTXR2,50,1.0000,iron-clad,50
CACHD1,50,1.0000,iron-clad,50
CCDC178,50,1.0000,iron-clad,50
MAP3K20,50,1.0000,iron-clad,50
PKDCC,50,1.0000,iron-clad,50
SCN4B,50,1.0000,iron-clad,50
CLDN11,50,1.0000,iron-clad,50
FAM162B,50,1.0000,iron-clad,50
FOXP2,50,1.0000,iron-clad,50
MYOM1,50,1.0000,iron-clad,50
NATD1,50,1.0000,iron-clad,50
PTPRB,50,1.0000,iron-clad,50
SOX7,50,1.0000,iron-clad,50
SPRY2,50,1.0000,iron-clad,50
CXADR,50,1.0000,iron-clad,50
DSP,50,1.0000,iron-clad,50
RAB25,50,1.0000,iron-clad,50
SPINT2,50,1.0000,iron-clad,50
TPD52,50,1.0000,iron-clad,50
CD47,50,1.0000,iron-clad,50
DNAJC10,50,1.0000,iron-clad,50
IFI30,50,1.0000,iron-clad,50
NDE1,50,1.0000,iron-clad,50
NUP58,50,1.0000,iron-clad,50
RFC4,50,1.0000,iron-clad,50
SCYL3,50,1.0000,iron-clad,50
SRP9,50,1.0000,iron-clad,50
TTC13,50,1.0000,iron-clad,50
HSPA14,50,1.0000,iron-clad,50
SLC25A14,50,1.0000,iron-clad,50
TRIM37,50,1.0000,iron-clad,50
UTP18,50,1.0000,iron-clad,50
PARP1,50,1.0000,iron-clad,50
RALY,50,1.0000,iron-clad,50
SLC35H1,50,1.0000,iron-clad,50
UBE2Z,50,1.0000,iron-clad,50
ZNF672,50,1.0000,iron-clad,50
AAGAB,50,1.0000,iron-clad,50
FAAP100,50,1.0000,iron-clad,50
NSUN5,50,1.0000,iron-clad,50
PARN,50,1.0000,iron-clad,50
SEC14L2,50,1.0000,iron-clad,50
STYXL1,50,1.0000,iron-clad,50
WRNIP1,50,1.0000,iron-clad,50
FILIP1L,50,1.0000,iron-clad,50
FSTL1,50,1.0000,iron-clad,50
PDGFRA,50,1.0000,iron-clad,50
S100A4,50,1.0000,iron-clad,50
TSKU,50,1.0000,iron-clad,50
CHP1,50,1.0000,iron-clad,50
CHST7,50,1.0000,iron-clad,50
IPO5,50,1.0000,iron-clad,50
MFNG,50,1.0000,iron-clad,50
MLXIPL,50,1.0000,iron-clad,50
NQO2,50,1.0000,iron-clad,50
PHGDH,50,1.0000,iron-clad,50
PKIG,50,1.0000,iron-clad,50
PMP22,50,1.0000,iron-clad,50
PRDX6,50,1.0000,iron-clad,50
PRKD1,50,1.0000,iron-clad,50
RBMS1,50,1.0000,iron-clad,50
TNNT3,50,1.0000,iron-clad,50
TTC38,50,1.0000,iron-clad,50
CCDC28A,50,1.0000,iron-clad,50
JCAD,50,1.0000,iron-clad,50
NDUFS4,50,1.0000,iron-clad,50
RNF146,50,1.0000,iron-clad,50
SDCBP,50,1.0000,iron-clad,50
SMARCA2,50,1.0000,iron-clad,50
TRIM8,50,1.0000,iron-clad,50
UROD,50,1.0000,iron-clad,50
UVRAG,50,1.0000,iron-clad,50
YBX1,50,1.0000,iron-clad,50
CPQ,50,1.0000,iron-clad,50
CTSG,50,1.0000,iron-clad,50
DIP2C,50,1.0000,iron-clad,50
EIF2B3,50,1.0000,iron-clad,50
FNDC4,50,1.0000,iron-clad,50
FTL,50,1.0000,iron-clad,50
GCLC,50,1.0000,iron-clad,50
MT1HL1,50,1.0000,iron-clad,50
NDEL1,50,1.0000,iron-clad,50
PRR5,50,1.0000,iron-clad,50
WDR19,50,1.0000,iron-clad,50
ECHS1,50,1.0000,iron-clad,50
FGL2,50,1.0000,iron-clad,50
HOXA10,50,1.0000,iron-clad,50
NPY5R,50,1.0000,iron-clad,50
PEX19,50,1.0000,iron-clad,50
SEPTIN11,50,1.0000,iron-clad,50
CAVIN3,50,1.0000,iron-clad,50
CEBPB,50,1.0000,iron-clad,50
DLD,50,1.0000,iron-clad,50
FBXL5,50,1.0000,iron-clad,50
HIGD1B,50,1.0000,iron-clad,50
JUN,50,1.0000,iron-clad,50
MCCC1,50,1.0000,iron-clad,50
NDRG1,50,1.0000,iron-clad,50
PHACTR2,50,1.0000,iron-clad,50
RGS3,50,1.0000,iron-clad,50
CBX1,50,1.0000,iron-clad,50
CPSF6,50,1.0000,iron-clad,50
HMGB2,50,1.0000,iron-clad,50
NUCB2,50,1.0000,iron-clad,50
RPN1,50,1.0000,iron-clad,50
SLC25A13,50,1.0000,iron-clad,50
UBXN2B,50,1.0000,iron-clad,50
CCN4,50,1.0000,iron-clad,50
CDK1,50,1.0000,iron-clad,50
GINS1,50,1.0000,iron-clad,50
GPRC5A,50,1.0000,iron-clad,50
H2BC5,50,1.0000,iron-clad,50
MMP11,50,1.0000,iron-clad,50
SACK1H,50,1.0000,iron-clad,50
AP1M2,50,1.0000,iron-clad,50
BAIAP2L1,50,1.0000,iron-clad,50
CCNB1,50,1.0000,iron-clad,50
CENPU,50,1.0000,iron-clad,50
NPNT,50,1.0000,iron-clad,50
PTTG1,50,1.0000,iron-clad,50
SYNE4,50,1.0000,iron-clad,50
CANT1,50,1.0000,iron-clad,50
GALE,50,1.0000,iron-clad,50
GCH1,50,1.0000,iron-clad,50
GFUS,50,1.0000,iron-clad,50
INAVA,50,1.0000,iron-clad,50
MIF,50,1.0000,iron-clad,50
PDCD6,50,1.0000,iron-clad,50
PLAAT4,50,1.0000,iron-clad,50
SLC20A1,50,1.0000,iron-clad,50
SLC35A2,50,1.0000,iron-clad,50
CDH1,50,1.0000,iron-clad,50
COL10A1,50,1.0000,iron-clad,50
COL11A1,50,1.0000,iron-clad,50
EPCAM,50,1.0000,iron-clad,50
KRT18,50,1.0000,iron-clad,50
KRT19,50,1.0000,iron-clad,50
RRM2,50,1.0000,iron-clad,50
S100P,50,1.0000,iron-clad,50
TOP2A,50,1.0000,iron-clad,50
CDC20,50,1.0000,iron-clad,50
CKS2,50,1.0000,iron-clad,50
DTL,50,1.0000,iron-clad,50
FOXA1,50,1.0000,iron-clad,50
GATA3,50,1.0000,iron-clad,50
MELK,50,1.0000,iron-clad,50
PAFAH1B3,50,1.0000,iron-clad,50
PRSS8,50,1.0000,iron-clad,50
S100A14,50,1.0000,iron-clad,50
SQLE,50,1.0000,iron-clad,50
ZWINT,50,1.0000,iron-clad,50
NOMO3,50,1.0000,iron-clad,50
RIOX1,50,1.0000,iron-clad,50
TXNDC17,50,1.0000,iron-clad,50
ULK3,50,1.0000,iron-clad,50
WDR55,50,1.0000,iron-clad,50
AGAP3,50,1.0000,iron-clad,50
CCDC97,50,1.0000,iron-clad,50
NRDE2,50,1.0000,iron-clad,50
SUGT1,50,1.0000,iron-clad,50
THPO,50,1.0000,iron-clad,50
ATP9A,50,1.0000,iron-clad,50
CWC22,50,1.0000,iron-clad,50
EVI5,50,1.0000,iron-clad,50
KIF26A,50,1.0000,iron-clad,50
MBNL1,50,1.0000,iron-clad,50
RXRA,50,1.0000,iron-clad,50
TMEM88,50,1.0000,iron-clad,50
ACSS2,50,1.0000,iron-clad,50
ADHFE1,50,1.0000,iron-clad,50
ANKRD29,50,1.0000,iron-clad,50
DAAM2,50,1.0000,iron-clad,50
FIGN,50,1.0000,iron-clad,50
KLF15,50,1.0000,iron-clad,50
MMRN2,50,1.0000,iron-clad,50
PALM,50,1.0000,iron-clad,50
PAMR1,50,1.0000,iron-clad,50
PTPN21,50,1.0000,iron-clad,50
SCRN2,50,1.0000,iron-clad,50
SLC9A9,50,1.0000,iron-clad,50
ACAD9,50,1.0000,iron-clad,50
AIDA,50,1.0000,iron-clad,50
GOLGA7,50,1.0000,iron-clad,50
PDE4A,50,1.0000,iron-clad,50
RHOA,50,1.0000,iron-clad,50
RPUSD4,50,1.0000,iron-clad,50
CDC16,50,1.0000,iron-clad,50
HMCES,50,1.0000,iron-clad,50
MORF4L1,50,1.0000,iron-clad,50
SEC62,50,1.0000,iron-clad,50
MXD3,50,1.0000,iron-clad,50
NPIPA1,50,1.0000,iron-clad,50
XPO7,50,1.0000,iron-clad,50
ASS1,50,1.0000,iron-clad,50
FBLN2,50,1.0000,iron-clad,50
GSTM5,50,1.0000,iron-clad,50
PLTP,50,1.0000,iron-clad,50
SPX,50,1.0000,iron-clad,50
C3,50,1.0000,iron-clad,50
COL15A1,50,1.0000,iron-clad,50
ID1,50,1.0000,iron-clad,50
PEPD,50,1.0000,iron-clad,50
RNF130,50,1.0000,iron-clad,50
VTI1B,50,1.0000,iron-clad,50
NAV3,50,1.0000,iron-clad,50
NFU1,50,1.0000,iron-clad,50
PLAGL1,50,1.0000,iron-clad,50
TM7SF2,50,1.0000,iron-clad,50
TUBB2A,50,1.0000,iron-clad,50
BNC2,50,1.0000,iron-clad,50
CCNH,50,1.0000,iron-clad,50
DPP4,50,1.0000,iron-clad,50
LNPEP,50,1.0000,iron-clad,50
RAB33B,50,1.0000,iron-clad,50
BCL2L13,50,1.0000,iron-clad,50
DAAM1,50,1.0000,iron-clad,50
FSTL3,50,1.0000,iron-clad,50
LIPT1,50,1.0000,iron-clad,50
POP5,50,1.0000,iron-clad,50
AGTR1,50,1.0000,iron-clad,50
CXCL14,50,1.0000,iron-clad,50
CYP4B1,50,1.0000,iron-clad,50
DUSP1,50,1.0000,iron-clad,50
FOS,50,1.0000,iron-clad,50
OMD,50,1.0000,iron-clad,50
PIR,50,1.0000,iron-clad,50
SGCE,50,1.0000,iron-clad,50
VSIG4,50,1.0000,iron-clad,50
CD248,50,1.0000,iron-clad,50
DIXDC1,50,1.0000,iron-clad,50
GYPC,50,1.0000,iron-clad,50
KLF2,50,1.0000,iron-clad,50
MAN1A1,50,1.0000,iron-clad,50
ZNF423,50,1.0000,iron-clad,50
ABCA6,50,1.0000,iron-clad,50
ANK2,50,1.0000,iron-clad,50
CFH,50,1.0000,iron-clad,50
EBF2,50,1.0000,iron-clad,50
FABP5,50,1.0000,iron-clad,50
GNG11,50,1.0000,iron-clad,50
HSPA12A,50,1.0000,iron-clad,50
MGLL,50,1.0000,iron-clad,50
PYGL,50,1.0000,iron-clad,50
ANK3,50,1.0000,iron-clad,50
AP1G2,50,1.0000,iron-clad,50
ARFGEF3,50,1.0000,iron-clad,50
C5orf46,50,1.0000,iron-clad,50
CXCL9,50,1.0000,iron-clad,50
ENPP5,50,1.0000,iron-clad,50
FAM110C,50,1.0000,iron-clad,50
GSTO2,50,1.0000,iron-clad,50
PROM2,50,1.0000,iron-clad,50
PRR15L,50,1.0000,iron-clad,50
RAD51AP1,50,1.0000,iron-clad,50
RHPN2,50,1.0000,iron-clad,50
SOX9,50,1.0000,iron-clad,50
ST14,50,1.0000,iron-clad,50
ALDH6A1,50,1.0000,iron-clad,50
GYS1,50,1.0000,iron-clad,50
TLN1,50,1.0000,iron-clad,50
ZCWPW1,50,1.0000,iron-clad,50
ARNT2,50,1.0000,iron-clad,50
CBX4,50,1.0000,iron-clad,50
LRRC1,50,1.0000,iron-clad,50
PRKCZ,50,1.0000,iron-clad,50
SLC44A4,50,1.0000,iron-clad,50
TRIB3,50,1.0000,iron-clad,50
F12,50,1.0000,iron-clad,50
KCNK1,50,1.0000,iron-clad,50
MAPK13,50,1.0000,iron-clad,50
MICAL2,50,1.0000,iron-clad,50
PABPC1L,50,1.0000,iron-clad,50
TK1,50,1.0000,iron-clad,50
TMED3,50,1.0000,iron-clad,50
TMEM125,50,1.0000,iron-clad,50
TOP6BL,50,1.0000,iron-clad,50
UBE2T,50,1.0000,iron-clad,50
FAM193B,50,1.0000,iron-clad,50
HIF1AN,50,1.0000,iron-clad,50
NDUFB3,50,1.0000,iron-clad,50
PDE12,50,1.0000,iron-clad,50
PRRC2B,50,1.0000,iron-clad,50
TSPYL2,50,1.0000,iron-clad,50
ZSCAN9,50,1.0000,iron-clad,50
BRI3,50,1.0000,iron-clad,50
FBXO25,50,1.0000,iron-clad,50
HBP1,50,1.0000,iron-clad,50
SOX17,50,1.0000,iron-clad,50
BTNL9,50,1.0000,iron-clad,50
CCDC3,50,1.0000,iron-clad,50
CLMP,50,1.0000,iron-clad,50
CPED1,50,1.0000,iron-clad,50
HEPN1,50,1.0000,iron-clad,50
LIPE,50,1.0000,iron-clad,50
LRRN4CL,50,1.0000,iron-clad,50
MTURN,50,1.0000,iron-clad,50
NTRK2,50,1.0000,iron-clad,50
PLAC9,50,1.0000,iron-clad,50
TNXB,50,1.0000,iron-clad,50
CDKN3,50,1.0000,iron-clad,50
ECT2,50,1.0000,iron-clad,50
GOLM1,50,1.0000,iron-clad,50
JPT1,50,1.0000,iron-clad,50
LLGL2,50,1.0000,iron-clad,50
MTHFD2,50,1.0000,iron-clad,50
HSBP1L1,50,1.0000,iron-clad,50
MROH6,50,1.0000,iron-clad,50
NLK,50,1.0000,iron-clad,50
RNASET2,50,1.0000,iron-clad,50
TMEM65,50,1.0000,iron-clad,50
TPI1,50,1.0000,iron-clad,50
CEP126,50,1.0000,iron-clad,50
LIX1L,50,1.0000,iron-clad,50
OAF,50,1.0000,iron-clad,50
PRIMA1,50,1.0000,iron-clad,50
PYROXD2,50,1.0000,iron-clad,50
SBF2,50,1.0000,iron-clad,50
ZBED11,50,1.0000,iron-clad,50
BOC,50,1.0000,iron-clad,50
EFNA5,50,1.0000,iron-clad,50
GPRASP1,50,1.0000,iron-clad,50
LILRB5,50,1.0000,iron-clad,50
RASA3,50,1.0000,iron-clad,50
SEMA6D,50,1.0000,iron-clad,50
WNT11,50,1.0000,iron-clad,50
C19orf12,50,1.0000,iron-clad,50
CYYR1,50,1.0000,iron-clad,50
GPATCH11,50,1.0000,iron-clad,50
INMT,50,1.0000,iron-clad,50
PRXL2A,50,1.0000,iron-clad,50
TMOD1,50,1.0000,iron-clad,50
AADAC,50,1.0000,iron-clad,50
ADSS1,50,1.0000,iron-clad,50
ATP23,50,1.0000,iron-clad,50
BICC1,50,1.0000,iron-clad,50
CA3,50,1.0000,iron-clad,50
CALM1,50,1.0000,iron-clad,50
CLSTN2,50,1.0000,iron-clad,50
CRIM1,50,1.0000,iron-clad,50
HSPB8,50,1.0000,iron-clad,50
LRP1B,50,1.0000,iron-clad,50
MYO16,50,1.0000,iron-clad,50
OSR2,50,1.0000,iron-clad,50
PTGDS,50,1.0000,iron-clad,50
PTGS2,50,1.0000,iron-clad,50
TENM3,50,1.0000,iron-clad,50
AAMDC,50,1.0000,iron-clad,50
ARL2,50,1.0000,iron-clad,50
COPS2,50,1.0000,iron-clad,50
ISCU,50,1.0000,iron-clad,50
MAP1A,50,1.0000,iron-clad,50
MBD2,50,1.0000,iron-clad,50
RDX,50,1.0000,iron-clad,50
ZBTB20,50,1.0000,iron-clad,50
ABHD5,50,1.0000,iron-clad,50
BANK1,50,1.0000,iron-clad,50
COPZ2,50,1.0000,iron-clad,50
PLIN2,50,1.0000,iron-clad,50
TWIST1,50,1.0000,iron-clad,50
ACAA2,50,1.0000,iron-clad,50
ACKR3,50,1.0000,iron-clad,50
ADM,50,1.0000,iron-clad,50
CXCL12,50,1.0000,iron-clad,50
DHRS3,50,1.0000,iron-clad,50
EFEMP1,50,1.0000,iron-clad,50
LMO3,50,1.0000,iron-clad,50
MDFIC,50,1.0000,iron-clad,50
MFAP4,50,1.0000,iron-clad,50
NRN1,50,1.0000,iron-clad,50
PDE8B,50,1.0000,iron-clad,50
PTGIS,50,1.0000,iron-clad,50
RARRES2,50,1.0000,iron-clad,50
SFRP1,50,1.0000,iron-clad,50
VLDLR,50,1.0000,iron-clad,50
ZEB2,50,1.0000,iron-clad,50
ALDH2,50,1.0000,iron-clad,50
CEBPA,50,1.0000,iron-clad,50
CHL1,50,1.0000,iron-clad,50
DDR2,50,1.0000,iron-clad,50
ECHDC3,50,1.0000,iron-clad,50
ENPP2,50,1.0000,iron-clad,50
HSD11B1,50,1.0000,iron-clad,50
HSPB2,50,1.0000,iron-clad,50
NMT2,50,1.0000,iron-clad,50
P2RY14,50,1.0000,iron-clad,50
ARHGEF19,50,1.0000,iron-clad,50
DPH2,50,1.0000,iron-clad,50
KRABD5,50,1.0000,iron-clad,50
MEIS3,50,1.0000,iron-clad,50
RPL8,50,1.0000,iron-clad,50
SRP72,50,1.0000,iron-clad,50
SRXN1,50,1.0000,iron-clad,50
TATDN2,50,1.0000,iron-clad,50
TPMT,50,1.0000,iron-clad,50
USP7,50,1.0000,iron-clad,50
ZNF213,50,1.0000,iron-clad,50
FBXO22,50,1.0000,iron-clad,50
GARNL3,50,1.0000,iron-clad,50
STX16,50,1.0000,iron-clad,50
BUB1B,50,1.0000,iron-clad,50
CCNB2,50,1.0000,iron-clad,50
CFB,50,1.0000,iron-clad,50
CXCL10,50,1.0000,iron-clad,50
HMGB3,50,1.0000,iron-clad,50
LEF1,50,1.0000,iron-clad,50
TYMS,50,1.0000,iron-clad,50
MARCKSL1,50,1.0000,iron-clad,50
MDK,50,1.0000,iron-clad,50
PBK,50,1.0000,iron-clad,50
PLPP2,50,1.0000,iron-clad,50
TRPS1,50,1.0000,iron-clad,50
DTX1,50,1.0000,iron-clad,50
EPM2A,50,1.0000,iron-clad,50
HOXA3,50,1.0000,iron-clad,50
NDRG2,50,1.0000,iron-clad,50
PARVA,50,1.0000,iron-clad,50
PCNX1,50,1.0000,iron-clad,50
PDP2,50,1.0000,iron-clad,50
PEAR1,50,1.0000,iron-clad,50
IDNK,50,1.0000,iron-clad,50
MTFR1L,50,1.0000,iron-clad,50
PFDN1,50,1.0000,iron-clad,50
SAT2,50,1.0000,iron-clad,50
A2M,50,1.0000,iron-clad,50
AGPS,50,1.0000,iron-clad,50
ATP5MG,50,1.0000,iron-clad,50
CC2D2A,50,1.0000,iron-clad,50
FAM204A,50,1.0000,iron-clad,50
FITM2,50,1.0000,iron-clad,50
KIZ,50,1.0000,iron-clad,50
MLYCD,50,1.0000,iron-clad,50
NCOA4,50,1.0000,iron-clad,50
PDE5A,50,1.0000,iron-clad,50
PHLDA3,50,1.0000,iron-clad,50
PIGZ,50,1.0000,iron-clad,50
PSIP1,50,1.0000,iron-clad,50
RILP,50,1.0000,iron-clad,50
SEPTIN7,50,1.0000,iron-clad,50
USP48,50,1.0000,iron-clad,50
AK3,50,1.0000,iron-clad,50
AKT3,50,1.0000,iron-clad,50
AUH,50,1.0000,iron-clad,50
DECR1,50,1.0000,iron-clad,50
FGF7,50,1.0000,iron-clad,50
LPAR1,50,1.0000,iron-clad,50
MDH1,50,1.0000,iron-clad,50
NCOA7,50,1.0000,iron-clad,50
PRRG1,50,1.0000,iron-clad,50
RABL3,50,1.0000,iron-clad,50
RASSF3,50,1.0000,iron-clad,50
STRADB,50,1.0000,iron-clad,50
TSC22D3,50,1.0000,iron-clad,50
BTBD6,50,1.0000,iron-clad,50
COX14,50,1.0000,iron-clad,50
HABP4,50,1.0000,iron-clad,50
PNPLA2,50,1.0000,iron-clad,50
LSM6,50,1.0000,iron-clad,50
RAMP2,50,1.0000,iron-clad,50
SSH2,50,1.0000,iron-clad,50
USP33,50,1.0000,iron-clad,50
WDR36,50,1.0000,iron-clad,50
ZFP36L2,50,1.0000,iron-clad,50
ACKR1,50,1.0000,iron-clad,50
BOK,50,1.0000,iron-clad,50
DNASE1L3,50,1.0000,iron-clad,50
ELMOD3,50,1.0000,iron-clad,50
FGFBP2,50,1.0000,iron-clad,50
GALNT15,50,1.0000,iron-clad,50
MGST1,50,1.0000,iron-clad,50
RASD1,50,1.0000,iron-clad,50
RNF157,50,1.0000,iron-clad,50
SMIM3,50,1.0000,iron-clad,50
ACVRL1,50,1.0000,iron-clad,50
ADCY4,50,1.0000,iron-clad,50
AHNAK,50,1.0000,iron-clad,50
CCNG1,50,1.0000,iron-clad,50
DCUN1D4,50,1.0000,iron-clad,50
FRMD3,50,1.0000,iron-clad,50
NOTCH4,50,1.0000,iron-clad,50
RERE,50,1.0000,iron-clad,50
ARHGEF10,50,1.0000,iron-clad,50
ESAM,50,1.0000,iron-clad,50
MOB3C,50,1.0000,iron-clad,50
PINK1,50,1.0000,iron-clad,50
TBC1D4,50,1.0000,iron-clad,50
CLIC5,50,1.0000,iron-clad,50
NAT8L,50,1.0000,iron-clad,50
PLEKHH2,50,1.0000,iron-clad,50
PRICKLE2,50,1.0000,iron-clad,50
PTPRG,50,1.0000,iron-clad,50
TEK,50,1.0000,iron-clad,50
TMEM273,50,1.0000,iron-clad,50
HCFC2,50,1.0000,iron-clad,50
HOOK3,50,1.0000,iron-clad,50
IGFBP3,50,1.0000,iron-clad,50
MAP1LC3B,50,1.0000,iron-clad,50
POLE4,50,1.0000,iron-clad,50
PTCD2,50,1.0000,iron-clad,50
SVBP,50,1.0000,iron-clad,50
UQCRC2,50,1.0000,iron-clad,50
ACSL5,50,1.0000,iron-clad,50
MAN1C1,50,1.0000,iron-clad,50
NKIRAS1,50,1.0000,iron-clad,50
PEX11A,50,1.0000,iron-clad,50
PXK,50,1.0000,iron-clad,50
SH2B3,50,1.0000,iron-clad,50
SLC24A3,50,1.0000,iron-clad,50
ZBED3,50,1.0000,iron-clad,50
BCL2L1,50,1.0000,iron-clad,50
PPM1G,50,1.0000,iron-clad,50
PTS,50,1.0000,iron-clad,50
R3HDM4,50,1.0000,iron-clad,50
CNOT9,50,1.0000,iron-clad,50
NAT9,50,1.0000,iron-clad,50
MAFF,50,1.0000,iron-clad,50
MS4A4A,50,1.0000,iron-clad,50
NFIL3,50,1.0000,iron-clad,50
RHOBTB3,50,1.0000,iron-clad,50
DGAT1,50,1.0000,iron-clad,50
EMILIN2,50,1.0000,iron-clad,50
LGALS1,50,1.0000,iron-clad,50
LGMN,50,1.0000,iron-clad,50
PBLD,50,1.0000,iron-clad,50
ADIPOR2,50,1.0000,iron-clad,50
ALDH4A1,50,1.0000,iron-clad,50
CRYL1,50,1.0000,iron-clad,50
IL6R,50,1.0000,iron-clad,50
LONRF1,50,1.0000,iron-clad,50
LPIN1,50,1.0000,iron-clad,50
MT1H,50,1.0000,iron-clad,50
MTMR12,50,1.0000,iron-clad,50
MTMR9,50,1.0000,iron-clad,50
NTAN1,50,1.0000,iron-clad,50
PDHA1,50,1.0000,iron-clad,50
SLC29A1,50,1.0000,iron-clad,50
STOM,50,1.0000,iron-clad,50
USP25,50,1.0000,iron-clad,50
USPL1,50,1.0000,iron-clad,50
DSE,50,1.0000,iron-clad,50
GPX1,50,1.0000,iron-clad,50
HOXB7,50,1.0000,iron-clad,50
PPP2R5A,50,1.0000,iron-clad,50
MTF2,50,1.0000,iron-clad,50
PHF6,50,1.0000,iron-clad,50
TMEM107,50,1.0000,iron-clad,50
EMD,50,1.0000,iron-clad,50
NDUFS6,50,1.0000,iron-clad,50
YWHAB,50,1.0000,iron-clad,50
ATP1B1,50,1.0000,iron-clad,50
CYB561,50,1.0000,iron-clad,50
EFNA4,50,1.0000,iron-clad,50
EPS8L1,50,1.0000,iron-clad,50
GDF15,50,1.0000,iron-clad,50
H2BC11,50,1.0000,iron-clad,50
IRF7,50,1.0000,iron-clad,50
NDC80,50,1.0000,iron-clad,50
PPM1H,50,1.0000,iron-clad,50
SPP1,50,1.0000,iron-clad,50
VAV3,50,1.0000,iron-clad,50
ADPRS,50,1.0000,iron-clad,50
ELAVL1,50,1.0000,iron-clad,50
HAGHL,50,1.0000,iron-clad,50
HPS3,50,1.0000,iron-clad,50
NIFK,50,1.0000,iron-clad,50
TXNDC11,50,1.0000,iron-clad,50
ZNF138,50,1.0000,iron-clad,50
ANAPC7,50,1.0000,iron-clad,50
C12orf76,50,1.0000,iron-clad,50
DDX49,50,1.0000,iron-clad,50
ENTR1,50,1.0000,iron-clad,50
IKBKE,50,1.0000,iron-clad,50
TAF5L,50,1.0000,iron-clad,50
UBE2J2,50,1.0000,iron-clad,50
ARHGAP35,50,1.0000,iron-clad,50
GLE1,50,1.0000,iron-clad,50
INO80D,50,1.0000,iron-clad,50
ZBTB40,50,1.0000,iron-clad,50
ZNF408,50,1.0000,iron-clad,50
EXOSC4,50,1.0000,iron-clad,50
KIF22,50,1.0000,iron-clad,50
PLEK2,50,1.0000,iron-clad,50
TFPT,50,1.0000,iron-clad,50
AVPR1A,50,1.0000,iron-clad,50
BNIP2,50,1.0000,iron-clad,50
CLEC1A,50,1.0000,iron-clad,50
ERG,50,1.0000,iron-clad,50
EXOSC7,50,1.0000,iron-clad,50
KCNAB1,50,1.0000,iron-clad,50
KLHL29,50,1.0000,iron-clad,50
LETMD1,50,1.0000,iron-clad,50
NPR2,50,1.0000,iron-clad,50
POU6F1,50,1.0000,iron-clad,50
PTCH1,50,1.0000,iron-clad,50
ROCK2,50,1.0000,iron-clad,50
SNED1,50,1.0000,iron-clad,50
TEF,50,1.0000,iron-clad,50
WNK1,50,1.0000,iron-clad,50
NUCKS1,50,1.0000,iron-clad,50
DCTN6,50,1.0000,iron-clad,50
IGIP,50,1.0000,iron-clad,50
OGFRL1,50,1.0000,iron-clad,50
SDHD,50,1.0000,iron-clad,50
UBA2,50,1.0000,iron-clad,50
HYI,50,1.0000,iron-clad,50
ISCA1,50,1.0000,iron-clad,50
METTL5,50,1.0000,iron-clad,50
MT1E,50,1.0000,iron-clad,50
RNF41,50,1.0000,iron-clad,50
S100A10,50,1.0000,iron-clad,50
SAR1A,50,1.0000,iron-clad,50
SLC12A6,50,1.0000,iron-clad,50
CD93,50,1.0000,iron-clad,50
CDV3,50,1.0000,iron-clad,50
GAS6,50,1.0000,iron-clad,50
LRRC32,50,1.0000,iron-clad,50
SETD3,50,1.0000,iron-clad,50
TCF4,50,1.0000,iron-clad,50
AGPAT2,50,1.0000,iron-clad,50
ALDOC,50,1.0000,iron-clad,50
CXCL2,50,1.0000,iron-clad,50
EGFR,50,1.0000,iron-clad,50
ETFB,50,1.0000,iron-clad,50
IL33,50,1.0000,iron-clad,50
KCNJ8,50,1.0000,iron-clad,50
RHOQ,50,1.0000,iron-clad,50
TMEM140,50,1.0000,iron-clad,50
VGLL3,50,1.0000,iron-clad,50
ABLIM3,50,1.0000,iron-clad,50
ARHGAP24,50,1.0000,iron-clad,50
DUSP6,50,1.0000,iron-clad,50
GPER1,50,1.0000,iron-clad,50
SPRY1,50,1.0000,iron-clad,50
TNIP1,50,1.0000,iron-clad,50
EMP1,50,1.0000,iron-clad,50
FADS3,50,1.0000,iron-clad,50
FMOD,50,1.0000,iron-clad,50
GBE1,50,1.0000,iron-clad,50
OXCT1,50,1.0000,iron-clad,50
RFTN1,50,1.0000,iron-clad,50
CALB2,50,1.0000,iron-clad,50
CDKN1C,50,1.0000,iron-clad,50
FAM13A,50,1.0000,iron-clad,50
PLA2G4A,50,1.0000,iron-clad,50
SRPX,50,1.0000,iron-clad,50
SYNE3,50,1.0000,iron-clad,50
TGFBR3,50,1.0000,iron-clad,50
TNS1,50,1.0000,iron-clad,50
ZBTB16,50,1.0000,iron-clad,50
CPM,50,1.0000,iron-clad,50
MTARC1,50,1.0000,iron-clad,50
SEMA3G,50,1.0000,iron-clad,50
DEPP1,50,1.0000,iron-clad,50
FMO2,50,1.0000,iron-clad,50
GPC3,50,1.0000,iron-clad,50
MYZAP,50,1.0000,iron-clad,50
NPR3,50,1.0000,iron-clad,50
PLAAT3,50,1.0000,iron-clad,50
SVEP1,50,1.0000,iron-clad,50
ACADL,50,1.0000,iron-clad,50
ALDH1A1,50,1.0000,iron-clad,50
CDKN2C,50,1.0000,iron-clad,50
ECM2,50,1.0000,iron-clad,50
GLYAT,50,1.0000,iron-clad,50
GNAI1,50,1.0000,iron-clad,50
HSPB7,50,1.0000,iron-clad,50
IGFBP6,50,1.0000,iron-clad,50
MMD,50,1.0000,iron-clad,50
MME,50,1.0000,iron-clad,50
ADAM12,50,1.0000,iron-clad,50
SDR16C5,50,1.0000,iron-clad,50
SPATA13,50,1.0000,iron-clad,50
TSTD1,50,1.0000,iron-clad,50
WNT5A,50,1.0000,iron-clad,50
PA2G4,50,1.0000,iron-clad,50
TRAM1,50,1.0000,iron-clad,50
TUBA1B,50,1.0000,iron-clad,50
DNAJB11,50,1.0000,iron-clad,50
KPNB1,50,1.0000,iron-clad,50
TMEM39A,50,1.0000,iron-clad,50
TMEM86A,50,1.0000,iron-clad,50
ABLIM1,50,1.0000,iron-clad,50
BCL2L2,50,1.0000,iron-clad,50
CYP2U1,50,1.0000,iron-clad,50
LAMC1,50,1.0000,iron-clad,50
SNN,50,1.0000,iron-clad,50
STX12,50,1.0000,iron-clad,50
LSM7,50,1.0000,iron-clad,50
SNRPF,50,1.0000,iron-clad,50
ZNF260,50,1.0000,iron-clad,50
AP1S1,50,1.0000,iron-clad,50
CHTOP,50,1.0000,iron-clad,50
CLBA1,50,1.0000,iron-clad,50
DNAAF5,50,1.0000,iron-clad,50
ILF3,50,1.0000,iron-clad,50
ISG20L2,50,1.0000,iron-clad,50
PTBP3,50,1.0000,iron-clad,50
CDK2,50,1.0000,iron-clad,50
EFCAB11,50,1.0000,iron-clad,50
SMPD2,50,1.0000,iron-clad,50
TEX10,50,1.0000,iron-clad,50
MB,50,1.0000,iron-clad,50
MBOAT2,50,1.0000,iron-clad,50
SLC16A6,50,1.0000,iron-clad,50
SYTL2,50,1.0000,iron-clad,50
TRIP13,50,1.0000,iron-clad,50
CEP85,50,1.0000,iron-clad,50
METTL1,50,1.0000,iron-clad,50
MGAT4A,50,1.0000,iron-clad,50
NOP16,50,1.0000,iron-clad,50
PAK4,50,1.0000,iron-clad,50
PIK3R2,50,1.0000,iron-clad,50
POLR3K,50,1.0000,iron-clad,50
RCC1,50,1.0000,iron-clad,50
SLC2A1,50,1.0000,iron-clad,50
SLX1A,50,1.0000,iron-clad,50
YIF1B,50,1.0000,iron-clad,50
BOLA2B,50,1.0000,iron-clad,50
CCDC24,50,1.0000,iron-clad,50
QSOX1,50,1.0000,iron-clad,50
SEC61A2,50,1.0000,iron-clad,50
SEMA4D,50,1.0000,iron-clad,50
TMEM141,50,1.0000,iron-clad,50
ZMYND19,50,1.0000,iron-clad,50
DTYMK,50,1.0000,iron-clad,50
MISP,50,1.0000,iron-clad,50
MRPL14,50,1.0000,iron-clad,50
PUS1,50,1.0000,iron-clad,50
SLC50A1,50,1.0000,iron-clad,50
UBAP2L,50,1.0000,iron-clad,50
ZNF101,50,1.0000,iron-clad,50
BRMS1,50,1.0000,iron-clad,50
CNOT11,50,1.0000,iron-clad,50
CRB3,50,1.0000,iron-clad,50
DAGLB,50,1.0000,iron-clad,50
MANF,50,1.0000,iron-clad,50
SETDB1,50,1.0000,iron-clad,50
SLC12A7,50,1.0000,iron-clad,50
SLC35B1,50,1.0000,iron-clad,50
SNAP47,50,1.0000,iron-clad,50
SNRNP25,50,1.0000,iron-clad,50
TRAFD1,50,1.0000,iron-clad,50
TSEN34,50,1.0000,iron-clad,50
TSEN54,50,1.0000,iron-clad,50
ZDHHC16,50,1.0000,iron-clad,50
APBB1IP,50,1.0000,iron-clad,50
C2orf74,50,1.0000,iron-clad,50
ENPEP,50,1.0000,iron-clad,50
GULP1,50,1.0000,iron-clad,50
MEIS2,50,1.0000,iron-clad,50
MSRB3,50,1.0000,iron-clad,50
CD99L2,50,1.0000,iron-clad,50
DENND5B,50,1.0000,iron-clad,50
FAM228B,50,1.0000,iron-clad,50
HIBADH,50,1.0000,iron-clad,50
NNAT,50,1.0000,iron-clad,50
POLR3GL,50,1.0000,iron-clad,50
CSNK2A2,50,1.0000,iron-clad,50
TJP2,50,1.0000,iron-clad,50
YWHAG,50,1.0000,iron-clad,50
KDR,50,1.0000,iron-clad,50
MTIF3,50,1.0000,iron-clad,50
CMC4,50,1.0000,iron-clad,50
EIF1B,50,1.0000,iron-clad,50
HIPK3,50,1.0000,iron-clad,50
NPHP3,50,1.0000,iron-clad,50
STARD8,50,1.0000,iron-clad,50
ZBTB4,50,1.0000,iron-clad,50
CALCOCO1,50,1.0000,iron-clad,50
DYNC1LI2,50,1.0000,iron-clad,50
GNAZ,50,1.0000,iron-clad,50
GOLGA8N,50,1.0000,iron-clad,50
MAN2A2,50,1.0000,iron-clad,50
RAPGEF2,50,1.0000,iron-clad,50
THRA,50,1.0000,iron-clad,50
WBP4,50,1.0000,iron-clad,50
ASB1,50,1.0000,iron-clad,50
ITSN2,50,1.0000,iron-clad,50
RPS25,50,1.0000,iron-clad,50
TBC1D13,50,1.0000,iron-clad,50
CCM2L,50,1.0000,iron-clad,50
CTIF,50,1.0000,iron-clad,50
PARD3B,50,1.0000,iron-clad,50
SH3BGRL2,50,1.0000,iron-clad,50
THRB,50,1.0000,iron-clad,50
ANO6,50,1.0000,iron-clad,50
ATOH8,50,1.0000,iron-clad,50
FGF1,50,1.0000,iron-clad,50
GIMAP8,50,1.0000,iron-clad,50
HSD17B11,50,1.0000,iron-clad,50
KANK3,50,1.0000,iron-clad,50
ABCA5,50,1.0000,iron-clad,50
CD34,50,1.0000,iron-clad,50
DNAJB4,50,1.0000,iron-clad,50
ESYT1,50,1.0000,iron-clad,50
GAB2,50,1.0000,iron-clad,50
GABARAPL1,50,1.0000,iron-clad,50
LIMCH1,50,1.0000,iron-clad,50
MXRA7,50,1.0000,iron-clad,50
NEK7,50,1.0000,iron-clad,50
PCCA,50,1.0000,iron-clad,50
PCYOX1,50,1.0000,iron-clad,50
SMAD6,50,1.0000,iron-clad,50
ALAD,50,1.0000,iron-clad,50
KLF11,50,1.0000,iron-clad,50
MAP7D3,50,1.0000,iron-clad,50
RBPMS,50,1.0000,iron-clad,50
UTRN,50,1.0000,iron-clad,50
AGR2,50,1.0000,iron-clad,50
ALCAM,50,1.0000,iron-clad,50
CD9,50,1.0000,iron-clad,50
CEP15,50,1.0000,iron-clad,50
ERBB3,50,1.0000,iron-clad,50
HOOK1,50,1.0000,iron-clad,50
IER3,50,1.0000,iron-clad,50
IFI6,50,1.0000,iron-clad,50
IRF6,50,1.0000,iron-clad,50
IRX5,50,1.0000,iron-clad,50
MLPH,50,1.0000,iron-clad,50
PATJ,50,1.0000,iron-clad,50
SDC4,50,1.0000,iron-clad,50
SPINT1,50,1.0000,iron-clad,50
TOX3,50,1.0000,iron-clad,50
C4B_2,50,1.0000,iron-clad,50
CA12,50,1.0000,iron-clad,50
CEACAM6,50,1.0000,iron-clad,50
GALNT7,50,1.0000,iron-clad,50
TFAP2A,50,1.0000,iron-clad,50
EFNA1,50,1.0000,iron-clad,50
KCNS3,50,1.0000,iron-clad,50
STAP2,50,1.0000,iron-clad,50
TPBG,50,1.0000,iron-clad,50
TRAF4,50,1.0000,iron-clad,50
MCM3,50,1.0000,iron-clad,50
ORC5,50,1.0000,iron-clad,50
TAF2,50,1.0000,iron-clad,50
YWHAZ,50,1.0000,iron-clad,50
ANXA9,50,1.0000,iron-clad,50
BARD1,50,1.0000,iron-clad,50
CGN,50,1.0000,iron-clad,50
CLDN7,50,1.0000,iron-clad,50
DYNC2I2,50,1.0000,iron-clad,50
ERP27,50,1.0000,iron-clad,50
FLVCR1,50,1.0000,iron-clad,50
H2AC19,50,1.0000,iron-clad,50
HOXC10,50,1.0000,iron-clad,50
MAD2L1,50,1.0000,iron-clad,50
PRR15,50,1.0000,iron-clad,50
ARFGEF1,50,1.0000,iron-clad,50
CENPX,50,1.0000,iron-clad,50
DCAF11,50,1.0000,iron-clad,50
DCAF7,50,1.0000,iron-clad,50
EGLN3,50,1.0000,iron-clad,50
FLT1,50,1.0000,iron-clad,50
GRHL2,50,1.0000,iron-clad,50
HS6ST1,50,1.0000,iron-clad,50
INPP5J,50,1.0000,iron-clad,50
KIF2C,50,1.0000,iron-clad,50
LIG3,50,1.0000,iron-clad,50
MDM2,50,1.0000,iron-clad,50
MID1,50,1.0000,iron-clad,50
OVOL1,50,1.0000,iron-clad,50
PTPN1,50,1.0000,iron-clad,50
SHB,50,1.0000,iron-clad,50
STXBP2,50,1.0000,iron-clad,50
TELO2,50,1.0000,iron-clad,50
TRAF2,50,1.0000,iron-clad,50
ARHGEF15,50,1.0000,iron-clad,50
PI16,50,1.0000,iron-clad,50
RIMKLB,50,1.0000,iron-clad,50
SATB1,50,1.0000,iron-clad,50
TBC1D2B,50,1.0000,iron-clad,50
CCDC82,50,1.0000,iron-clad,50
HADHA,50,1.0000,iron-clad,50
HECTD3,50,1.0000,iron-clad,50
LTBP4,50,1.0000,iron-clad,50
PEX5,50,1.0000,iron-clad,50
PPM1F,50,1.0000,iron-clad,50
TFDP2,50,1.0000,iron-clad,50
TMEM135,50,1.0000,iron-clad,50
VIPR1,50,1.0000,iron-clad,50
AURKA,50,1.0000,iron-clad,50
BIRC5,50,1.0000,iron-clad,50
CELSR1,50,1.0000,iron-clad,50
FGFR3,50,1.0000,iron-clad,50
INHBA,50,1.0000,iron-clad,50
NEK2,50,1.0000,iron-clad,50
OVOL2,50,1.0000,iron-clad,50
PARD6B,50,1.0000,iron-clad,50
RAB26,50,1.0000,iron-clad,50
SERINC2,50,1.0000,iron-clad,50
SSX2IP,50,1.0000,iron-clad,50
CHML,50,1.0000,iron-clad,50
ERMP1,50,1.0000,iron-clad,50
H2BC4,50,1.0000,iron-clad,50
JPT2,50,1.0000,iron-clad,50
KCTD15,50,1.0000,iron-clad,50
MCM4,50,1.0000,iron-clad,50
NUP210,50,1.0000,iron-clad,50
REEP1,50,1.0000,iron-clad,50
RUSC1,50,1.0000,iron-clad,50
SHANK2,50,1.0000,iron-clad,50
TET3,50,1.0000,iron-clad,50
B4GALT3,50,1.0000,iron-clad,50
CCDC167,50,1.0000,iron-clad,50
DCAF13,50,1.0000,iron-clad,50
DNAJC9,50,1.0000,iron-clad,50
PGAP3,50,1.0000,iron-clad,50
POLE2,50,1.0000,iron-clad,50
RDH13,50,1.0000,iron-clad,50
RHNO1,50,1.0000,iron-clad,50
SNRPB,50,1.0000,iron-clad,50
TRIM11,50,1.0000,iron-clad,50
TTLL12,50,1.0000,iron-clad,50
YDJC,50,1.0000,iron-clad,50
ZNF281,50,1.0000,iron-clad,50
CLK2,50,1.0000,iron-clad,50
CTPS2,50,1.0000,iron-clad,50
LRRC59,50,1.0000,iron-clad,50
MAPKAPK2,50,1.0000,iron-clad,50
NMRAL1,50,1.0000,iron-clad,50
PIGU,50,1.0000,iron-clad,50
PRPF19,50,1.0000,iron-clad,50
RND1,50,1.0000,iron-clad,50
SGPL1,50,1.0000,iron-clad,50
AMOTL1,50,1.0000,iron-clad,50
CCDC50,50,1.0000,iron-clad,50
GAS7,50,1.0000,iron-clad,50
HYCC1,50,1.0000,iron-clad,50
ISM1,50,1.0000,iron-clad,50
JAZF1,50,1.0000,iron-clad,50
MAML2,50,1.0000,iron-clad,50
PELI2,50,1.0000,iron-clad,50
STX7,50,1.0000,iron-clad,50
THYN1,50,1.0000,iron-clad,50
TM4SF18,50,1.0000,iron-clad,50
VEGFC,50,1.0000,iron-clad,50
CKMT2,50,1.0000,iron-clad,50
CTNNAL1,50,1.0000,iron-clad,50
HRCT1,50,1.0000,iron-clad,50
MAOB,50,1.0000,iron-clad,50
PHLDB2,50,1.0000,iron-clad,50
TMEM170B,50,1.0000,iron-clad,50
VEGFB,50,1.0000,iron-clad,50
ACER3,50,1.0000,iron-clad,50
BCL6,50,1.0000,iron-clad,50
CARD6,50,1.0000,iron-clad,50
CSGALNACT1,50,1.0000,iron-clad,50
DDHD2,50,1.0000,iron-clad,50
FAM43A,50,1.0000,iron-clad,50
GALNT16,50,1.0000,iron-clad,50
GMFG,50,1.0000,iron-clad,50
ITGA9,50,1.0000,iron-clad,50
LYRM7,50,1.0000,iron-clad,50
PLCL2,50,1.0000,iron-clad,50
PODN,50,1.0000,iron-clad,50
PPL,50,1.0000,iron-clad,50
RGMA,50,1.0000,iron-clad,50
ARHGAP10,50,1.0000,iron-clad,50
EFCAB14,50,1.0000,iron-clad,50
RBPJ,50,1.0000,iron-clad,50
TSC1,50,1.0000,iron-clad,50
ZBTB47,50,1.0000,iron-clad,50
ZDHHC3,50,1.0000,iron-clad,50
DPYSL2,50,1.0000,iron-clad,50
EOGT,50,1.0000,iron-clad,50
LIMA1,50,1.0000,iron-clad,50
MITF,50,1.0000,iron-clad,50
OPTN,50,1.0000,iron-clad,50
PECAM1,50,1.0000,iron-clad,50
RTN3,50,1.0000,iron-clad,50
STX8,50,1.0000,iron-clad,50
CADM1,50,1.0000,iron-clad,50
CCAR1,50,1.0000,iron-clad,50
CROT,50,1.0000,iron-clad,50
CTSH,50,1.0000,iron-clad,50
EBPL,50,1.0000,iron-clad,50
FZD6,50,1.0000,iron-clad,50
KIF9,50,1.0000,iron-clad,50
NAA35,50,1.0000,iron-clad,50
PHF20L1,50,1.0000,iron-clad,50
PPP1R26,50,1.0000,iron-clad,50
RUNDC1,50,1.0000,iron-clad,50
TBL3,50,1.0000,iron-clad,50
TFRC,50,1.0000,iron-clad,50
TMEM258,50,1.0000,iron-clad,50
TMTC4,50,1.0000,iron-clad,50
ATXN7L3,50,1.0000,iron-clad,50
CDK5RAP1,50,1.0000,iron-clad,50
MESD,50,1.0000,iron-clad,50
POMT2,50,1.0000,iron-clad,50
RAMAC,50,1.0000,iron-clad,50
ABCA8,50,1.0000,iron-clad,50
ADH1B,50,1.0000,iron-clad,50
ADIPOQ,50,1.0000,iron-clad,50
GPD1,50,1.0000,iron-clad,50
PCK1,50,1.0000,iron-clad,50
PCOLCE2,50,1.0000,iron-clad,50
PLIN1,50,1.0000,iron-clad,50
PPP1R1A,50,1.0000,iron-clad,50
RBP4,50,1.0000,iron-clad,50
TIMP4,50,1.0000,iron-clad,50
CFD,50,1.0000,iron-clad,50
GYG2,50,1.0000,iron-clad,50
LPL,50,1.0000,iron-clad,50
MAOA,50,1.0000,iron-clad,50
SAA2,50,1.0000,iron-clad,50
SORBS1,50,1.0000,iron-clad,50
CCDC69,50,1.0000,iron-clad,50
CIDEA,50,1.0000,iron-clad,50
COX7A1,50,1.0000,iron-clad,50
CRYAB,50,1.0000,iron-clad,50
FHL1,50,1.0000,iron-clad,50
FOSB,50,1.0000,iron-clad,50
ITGA7,50,1.0000,iron-clad,50
MEOX2,50,1.0000,iron-clad,50
PDZD2,50,1.0000,iron-clad,50
TMEM100,50,1.0000,iron-clad,50
TNMD,50,1.0000,iron-clad,50
CSK,50,1.0000,iron-clad,50
FANCL,50,1.0000,iron-clad,50
FBXO45,50,1.0000,iron-clad,50
OPN3,50,1.0000,iron-clad,50
SH3RF1,50,1.0000,iron-clad,50
ZNF678,50,1.0000,iron-clad,50
EXOC6,50,1.0000,iron-clad,50
GLO1,50,1.0000,iron-clad,50
RNF149,50,1.0000,iron-clad,50
RSBN1L,50,1.0000,iron-clad,50
SPOUT1,50,1.0000,iron-clad,50
ARHGEF28,50,1.0000,iron-clad,50
DMTN,50,1.0000,iron-clad,50
EXOC6B,50,1.0000,iron-clad,50
HSPA12B,50,1.0000,iron-clad,50
PDE7B,50,1.0000,iron-clad,50
PPP1R16B,50,1.0000,iron-clad,50
ST6GALNAC6,50,1.0000,iron-clad,50
VAMP3,50,1.0000,iron-clad,50
AUP1,50,1.0000,iron-clad,50
CKAP5,50,1.0000,iron-clad,50
COIL,50,1.0000,iron-clad,50
FASTKD1,50,1.0000,iron-clad,50
PANK3,50,1.0000,iron-clad,50
TOR1B,50,1.0000,iron-clad,50
CA2,50,1.0000,iron-clad,50
CANX,50,1.0000,iron-clad,50
NR2F6,50,1.0000,iron-clad,50
PAPSS1,50,1.0000,iron-clad,50
PMAIP1,50,1.0000,iron-clad,50
SRSF1,50,1.0000,iron-clad,50
TOB1,50,1.0000,iron-clad,50
ADRA2A,50,1.0000,iron-clad,50
IGF1,50,1.0000,iron-clad,50
OGN,50,1.0000,iron-clad,50
PPP2R1B,50,1.0000,iron-clad,50
PTGER3,50,1.0000,iron-clad,50
RNASE1,50,1.0000,iron-clad,50
SGCG,50,1.0000,iron-clad,50
SLC16A7,50,1.0000,iron-clad,50
ADCY6,50,1.0000,iron-clad,50
EPS8,50,1.0000,iron-clad,50
FYN,50,1.0000,iron-clad,50
MAP7D1,50,1.0000,iron-clad,50
MT1X,50,1.0000,iron-clad,50
MTHFD1,50,1.0000,iron-clad,50
PTEN,50,1.0000,iron-clad,50
RCAN2,50,1.0000,iron-clad,50
RGL1,50,1.0000,iron-clad,50
AKR1C3,50,1.0000,iron-clad,50
AOC3,50,1.0000,iron-clad,50
ASPA,50,1.0000,iron-clad,50
CAVIN2,50,1.0000,iron-clad,50
DPT,50,1.0000,iron-clad,50
GHR,50,1.0000,iron-clad,50
GPX3,50,1.0000,iron-clad,50
HBA2,50,1.0000,iron-clad,50
ITIH5,50,1.0000,iron-clad,50
LYVE1,50,1.0000,iron-clad,50
PALMD,50,1.0000,iron-clad,50
PPARG,50,1.0000,iron-clad,50
S100B,50,1.0000,iron-clad,50
SLC19A3,50,1.0000,iron-clad,50
AKR1C1,50,1.0000,iron-clad,50
CD36,50,1.0000,iron-clad,50
CHRDL1,50,1.0000,iron-clad,50
G0S2,50,1.0000,iron-clad,50
HBB,50,1.0000,iron-clad,50
AFDN,50,1.0000,iron-clad,50
F2R,50,1.0000,iron-clad,50
GDI1,50,1.0000,iron-clad,50
HAT1,50,1.0000,iron-clad,50
HNRNPL,50,1.0000,iron-clad,50
HPS6,50,1.0000,iron-clad,50
PDCD11,50,1.0000,iron-clad,50
PSEN2,50,1.0000,iron-clad,50
RER1,50,1.0000,iron-clad,50
ZFP30,50,1.0000,iron-clad,50
CCT2,50,1.0000,iron-clad,50
CMTR1,50,1.0000,iron-clad,50
ENAH,50,1.0000,iron-clad,50
EPRS1,50,1.0000,iron-clad,50
FBXL2,50,1.0000,iron-clad,50
GOT2,50,1.0000,iron-clad,50
GTF3C1,50,1.0000,iron-clad,50
PDIA3,50,1.0000,iron-clad,50
RETREG2,50,1.0000,iron-clad,50
TMED9,50,1.0000,iron-clad,50
CENPW,50,1.0000,iron-clad,50
PLEKHS1,50,1.0000,iron-clad,50
GRTP1,50,1.0000,iron-clad,50
IPO9,50,1.0000,iron-clad,50
MNX1,50,1.0000,iron-clad,50
PARP10,50,1.0000,iron-clad,50
PARP12,50,1.0000,iron-clad,50
PDE7A,50,1.0000,iron-clad,50
SH2B2,50,1.0000,iron-clad,50
TIMP1,50,1.0000,iron-clad,50
TUFT1,50,1.0000,iron-clad,50
ZBTB41,50,1.0000,iron-clad,50
BICDL2,50,1.0000,iron-clad,50
CAPS,50,1.0000,iron-clad,50
CORO2A,50,1.0000,iron-clad,50
DENND1B,50,1.0000,iron-clad,50
DNAJC1,50,1.0000,iron-clad,50
DPP3,50,1.0000,iron-clad,50
FAAH2,50,1.0000,iron-clad,50
LAGE3,50,1.0000,iron-clad,50
MMEL1,50,1.0000,iron-clad,50
NECTIN4,50,1.0000,iron-clad,50
PLS1,50,1.0000,iron-clad,50
RAP1GAP,50,1.0000,iron-clad,50
RMI1,50,1.0000,iron-clad,50
TAPBP,50,1.0000,iron-clad,50
BGN,50,1.0000,iron-clad,50
EZR,50,1.0000,iron-clad,50
KRTCAP3,50,1.0000,iron-clad,50
PAQR4,50,1.0000,iron-clad,50
WDR90,50,1.0000,iron-clad,50
CCDC107,50,1.0000,iron-clad,50
EEPD1,50,1.0000,iron-clad,50
KATNAL1,50,1.0000,iron-clad,50
MBNL2,50,1.0000,iron-clad,50
NMNAT2,50,1.0000,iron-clad,50
ATP6V1G1,50,1.0000,iron-clad,50
GPHRA,50,1.0000,iron-clad,50
PPP1CA,50,1.0000,iron-clad,50
RAD54B,50,1.0000,iron-clad,50
RAE1,50,1.0000,iron-clad,50
SCRIB,50,1.0000,iron-clad,50
WDR6,50,1.0000,iron-clad,50
ACADS,50,1.0000,iron-clad,50
HOOK2,50,1.0000,iron-clad,50
MPC1,50,1.0000,iron-clad,50
SNRK,50,1.0000,iron-clad,50
TLE1,50,1.0000,iron-clad,50
TRIP10,50,1.0000,iron-clad,50
HIPK2,50,1.0000,iron-clad,50
JHY,50,1.0000,iron-clad,50
PJA1,50,1.0000,iron-clad,50
PPP3CB,50,1.0000,iron-clad,50
TLR3,50,1.0000,iron-clad,50
AIFM2,50,1.0000,iron-clad,50
APCDD1,50,1.0000,iron-clad,50
CD209,50,1.0000,iron-clad,50
NUDT7,50,1.0000,iron-clad,50
TBX15,50,1.0000,iron-clad,50
CLGN,50,1.0000,iron-clad,50
H2BC9,50,1.0000,iron-clad,50
NECTIN2,50,1.0000,iron-clad,50
OCIAD2,50,1.0000,iron-clad,50
PGM2L1,50,1.0000,iron-clad,50
SEMA3F,50,1.0000,iron-clad,50
TSPAN1,50,1.0000,iron-clad,50
WDR54,50,1.0000,iron-clad,50
ATP2A2,50,1.0000,iron-clad,50
CACNB3,50,1.0000,iron-clad,50
NAT14,50,1.0000,iron-clad,50
RMI2,50,1.0000,iron-clad,50
SAPCD2,50,1.0000,iron-clad,50
SELENOI,50,1.0000,iron-clad,50
SMYD3,50,1.0000,iron-clad,50
UBE2S,50,1.0000,iron-clad,50
ZBTB42,50,1.0000,iron-clad,50
ZNF692,50,1.0000,iron-clad,50
ATAD2,50,1.0000,iron-clad,50
CCDC74B,50,1.0000,iron-clad,50
DEGS2,50,1.0000,iron-clad,50
LMNB1,50,1.0000,iron-clad,50
NHSL3,50,1.0000,iron-clad,50
RTKN,50,1.0000,iron-clad,50
C2orf81,50,1.0000,iron-clad,50
GPRC5C,50,1.0000,iron-clad,50
MEAF6,50,1.0000,iron-clad,50
MRPL28,50,1.0000,iron-clad,50
PTPN6,50,1.0000,iron-clad,50
ZNF16,50,1.0000,iron-clad,50
AREL1,50,1.0000,iron-clad,50
ARID4B,50,1.0000,iron-clad,50
ATG101,50,1.0000,iron-clad,50
CASP6,50,1.0000,iron-clad,50
DDAH1,50,1.0000,iron-clad,50
DENR,50,1.0000,iron-clad,50
GAL3ST4,50,1.0000,iron-clad,50
IFIH1,50,1.0000,iron-clad,50
TSPAN5,50,1.0000,iron-clad,50
YIPF1,50,1.0000,iron-clad,50
GALNT10,50,1.0000,iron-clad,50
GTPBP4,50,1.0000,iron-clad,50
HDAC1,50,1.0000,iron-clad,50
HMGCR,50,1.0000,iron-clad,50
INTS8,50,1.0000,iron-clad,50
MACROH2A2,50,1.0000,iron-clad,50
ZNF217,50,1.0000,iron-clad,50
DNAJC12,50,1.0000,iron-clad,50
ELAPOR1,50,1.0000,iron-clad,50
H2BC12,50,1.0000,iron-clad,50
LAPTM4B,50,1.0000,iron-clad,50
RALGPS2,50,1.0000,iron-clad,50
SERPINA3,50,1.0000,iron-clad,50
SFXN1,50,1.0000,iron-clad,50
SH3BP4,50,1.0000,iron-clad,50
UBD,50,1.0000,iron-clad,50
CRNKL1,50,1.0000,iron-clad,50
FUT8,50,1.0000,iron-clad,50
GTF2H2C_2,50,1.0000,iron-clad,50
MRGBP,50,1.0000,iron-clad,50
MSH6,50,1.0000,iron-clad,50
SEC23B,50,1.0000,iron-clad,50
TASOR2,50,1.0000,iron-clad,50
YTHDF2,50,1.0000,iron-clad,50
ZNF267,50,1.0000,iron-clad,50
ARHGAP31,50,1.0000,iron-clad,50
C22orf39,50,1.0000,iron-clad,50
CEP68,50,1.0000,iron-clad,50
MSRA,50,1.0000,iron-clad,50
PEAK1,50,1.0000,iron-clad,50
QTMAN,50,1.0000,iron-clad,50
KLHDC8B,50,1.0000,iron-clad,50
MTMR10,50,1.0000,iron-clad,50
PGAP4,50,1.0000,iron-clad,50
PPARA,50,1.0000,iron-clad,50
SETD7,50,1.0000,iron-clad,50
SMIM20,50,1.0000,iron-clad,50
TSHZ2,50,1.0000,iron-clad,50
CHPF2,50,1.0000,iron-clad,50
NIPSNAP1,50,1.0000,iron-clad,50
BUB3,50,1.0000,iron-clad,50
HYOU1,50,1.0000,iron-clad,50
OAZ3,50,1.0000,iron-clad,50
POLR1C,50,1.0000,iron-clad,50
RGS10,50,1.0000,iron-clad,50
SPRING1,50,1.0000,iron-clad,50
ENO2,50,1.0000,iron-clad,50
GGCT,50,1.0000,iron-clad,50
KCTD5,50,1.0000,iron-clad,50
KHDC4,50,1.0000,iron-clad,50
PYCR1,50,1.0000,iron-clad,50
VPS37C,50,1.0000,iron-clad,50
ELMO3,50,1.0000,iron-clad,50
KPNA2,50,1.0000,iron-clad,50
NANS,50,1.0000,iron-clad,50
PCNA,50,1.0000,iron-clad,50
SMARCA4,50,1.0000,iron-clad,50
TSPAN13,50,1.0000,iron-clad,50
VAMP8,50,1.0000,iron-clad,50
CZIB,50,1.0000,iron-clad,50
FAM171A1,50,1.0000,iron-clad,50
PARM1,50,1.0000,iron-clad,50
PDE8A,50,1.0000,iron-clad,50
RTN4,50,1.0000,iron-clad,50
ACADVL,50,1.0000,iron-clad,50
GALT,50,1.0000,iron-clad,50
GJA4,50,1.0000,iron-clad,50
RASL12,50,1.0000,iron-clad,50
ADRB2,50,1.0000,iron-clad,50
EGFLAM,50,1.0000,iron-clad,50
HSPB6,50,1.0000,iron-clad,50
PGM5,50,1.0000,iron-clad,50
RBMS3,50,1.0000,iron-clad,50
TMEM220,50,1.0000,iron-clad,50
VIT,50,1.0000,iron-clad,50
ADI1,50,1.0000,iron-clad,50
ALDH5A1,50,1.0000,iron-clad,50
AXL,50,1.0000,iron-clad,50
CALCRL,50,1.0000,iron-clad,50
CD200,50,1.0000,iron-clad,50
CHCHD10,50,1.0000,iron-clad,50
EPB42,50,1.0000,iron-clad,50
HACL1,50,1.0000,iron-clad,50
JRKL,50,1.0000,iron-clad,50
MRPL2,50,1.0000,iron-clad,50
NHLRC3,50,1.0000,iron-clad,50
RASSF9,50,1.0000,iron-clad,50
RNF145,50,1.0000,iron-clad,50
SPATA7,50,1.0000,iron-clad,50
SRPX2,50,1.0000,iron-clad,50
THUMPD2,50,1.0000,iron-clad,50
APH1A,50,1.0000,iron-clad,50
C1orf35,50,1.0000,iron-clad,50
CASP3,50,1.0000,iron-clad,50
CBX3,50,1.0000,iron-clad,50
CERS6,50,1.0000,iron-clad,50
CLN3,50,1.0000,iron-clad,50
COPB1,50,1.0000,iron-clad,50
ERBB2,50,1.0000,iron-clad,50
GOSR1,50,1.0000,iron-clad,50
H2BC12L,50,1.0000,iron-clad,50
HMGN1,50,1.0000,iron-clad,50
IGSF3,50,1.0000,iron-clad,50
NHP2,50,1.0000,iron-clad,50
NREP,50,1.0000,iron-clad,50
PIAS3,50,1.0000,iron-clad,50
PRR13,50,1.0000,iron-clad,50
PTRH2,50,1.0000,iron-clad,50
RAD1,50,1.0000,iron-clad,50
RBM8A,50,1.0000,iron-clad,50
SEPTIN9,50,1.0000,iron-clad,50
SFN,50,1.0000,iron-clad,50
SHMT2,50,1.0000,iron-clad,50
SRPK1,50,1.0000,iron-clad,50
STK26,50,1.0000,iron-clad,50
TMEM14A,50,1.0000,iron-clad,50
AHCY,50,1.0000,iron-clad,50
ENTPD6,50,1.0000,iron-clad,50
FUBP1,50,1.0000,iron-clad,50
GSPT1,50,1.0000,iron-clad,50
KDM5B,50,1.0000,iron-clad,50
MAGEF1,50,1.0000,iron-clad,50
RPL39L,50,1.0000,iron-clad,50
RPN2,50,1.0000,iron-clad,50
SSR4,50,1.0000,iron-clad,50
TAP1,50,1.0000,iron-clad,50
TEFM,50,1.0000,iron-clad,50
H2AC6,50,1.0000,iron-clad,50
LRG1,50,1.0000,iron-clad,50
NME7,50,1.0000,iron-clad,50
STC2,50,1.0000,iron-clad,50
ANKRD30A,50,1.0000,iron-clad,50
CLDN3,50,1.0000,iron-clad,50
NEBL,50,1.0000,iron-clad,50
PHLDA2,50,1.0000,iron-clad,50
SAMD12,50,1.0000,iron-clad,50
TFAP2C,50,1.0000,iron-clad,50
FCMR,50,1.0000,iron-clad,50
HNRNPA3,50,1.0000,iron-clad,50
PIAS4,50,1.0000,iron-clad,50
SAC3D1,50,1.0000,iron-clad,50
YIF1A,50,1.0000,iron-clad,50
ZNF469,50,1.0000,iron-clad,50
MGRN1,50,1.0000,iron-clad,50
SLF1,50,1.0000,iron-clad,50
USP39,50,1.0000,iron-clad,50
ZNF446,50,1.0000,iron-clad,50
EPHA1,50,1.0000,iron-clad,50
TRMT6,50,1.0000,iron-clad,50
YRDC,50,1.0000,iron-clad,50
TTLL5,50,1.0000,iron-clad,50
CNOT6,50,1.0000,iron-clad,50
DIABLO,50,1.0000,iron-clad,50
EIPR1,50,1.0000,iron-clad,50
GCNT1,50,1.0000,iron-clad,50
SKIC2,50,1.0000,iron-clad,50
TARBP2,50,1.0000,iron-clad,50
TMEM106C,50,1.0000,iron-clad,50
TOMM40,50,1.0000,iron-clad,50
MEGF8,50,1.0000,iron-clad,50
PRNP,50,1.0000,iron-clad,50
RAP1B,50,1.0000,iron-clad,50
RGS2,50,1.0000,iron-clad,50
TLE4,50,1.0000,iron-clad,50
ZNF507,50,1.0000,iron-clad,50
SLC25A42,50,1.0000,iron-clad,50
SYF2,50,1.0000,iron-clad,50
TASOR,50,1.0000,iron-clad,50
AFAP1L1,50,1.0000,iron-clad,50
CFL2,50,1.0000,iron-clad,50
GLDN,50,1.0000,iron-clad,50
GNAL,50,1.0000,iron-clad,50
LIFR,50,1.0000,iron-clad,50
PCDH18,50,1.0000,iron-clad,50
RBPMS2,50,1.0000,iron-clad,50
SYNM,50,1.0000,iron-clad,50
TLCD2,50,1.0000,iron-clad,50
ADH1C,50,1.0000,iron-clad,50
ADIRF,50,1.0000,iron-clad,50
AKAP12,50,1.0000,iron-clad,50
CAV2,50,1.0000,iron-clad,50
HCAR3,50,1.0000,iron-clad,50
PRKAR2B,50,1.0000,iron-clad,50
TF,50,1.0000,iron-clad,50
ATP5MC3,50,1.0000,iron-clad,50
BHLHE22,50,1.0000,iron-clad,50
FBXL3,50,1.0000,iron-clad,50
FBXO8,50,1.0000,iron-clad,50
GABPA,50,1.0000,iron-clad,50
NSMCE4A,50,1.0000,iron-clad,50
OTUD1,50,1.0000,iron-clad,50
PPP2CB,50,1.0000,iron-clad,50
RAB6B,50,1.0000,iron-clad,50
RNF11,50,1.0000,iron-clad,50
SLC25A25,50,1.0000,iron-clad,50
SNX18,50,1.0000,iron-clad,50
TBC1D23,50,1.0000,iron-clad,50
ZNF22,50,1.0000,iron-clad,50
DHRS13,50,1.0000,iron-clad,50
KIAA1958,50,1.0000,iron-clad,50
METRN,50,1.0000,iron-clad,50
PAICS,50,1.0000,iron-clad,50
RCC2,50,1.0000,iron-clad,50
TNFRSF12A,50,1.0000,iron-clad,50
ZNF239,50,1.0000,iron-clad,50
ZWILCH,50,1.0000,iron-clad,50
FOXO6,50,1.0000,iron-clad,50
RAB17,50,1.0000,iron-clad,50
ROGDI,50,1.0000,iron-clad,50
ZNF587B,50,1.0000,iron-clad,50
ARHGEF7,50,1.0000,iron-clad,50
DUSP22,50,1.0000,iron-clad,50
FER,50,1.0000,iron-clad,50
MPRIP,50,1.0000,iron-clad,50
RBMS2,50,1.0000,iron-clad,50
ROBO3,50,1.0000,iron-clad,50
SUN2,50,1.0000,iron-clad,50
ARF3,50,1.0000,iron-clad,50
CABLES2,50,1.0000,iron-clad,50
H3-3A,50,1.0000,iron-clad,50
KDF1,50,1.0000,iron-clad,50
ST6GALNAC2,50,1.0000,iron-clad,50
ZNF776,50,1.0000,iron-clad,50
CCSAP,50,1.0000,iron-clad,50
MED23,50,1.0000,iron-clad,50
PAXIP1,50,1.0000,iron-clad,50
PRELID3B,50,1.0000,iron-clad,50
SCO2,50,1.0000,iron-clad,50
SECTM1,50,1.0000,iron-clad,50
THOC6,50,1.0000,iron-clad,50
WDR73,50,1.0000,iron-clad,50
ARAP2,50,1.0000,iron-clad,50
B3GNT2,50,1.0000,iron-clad,50
BANP,50,1.0000,iron-clad,50
EPM2AIP1,50,1.0000,iron-clad,50
ADH5,50,1.0000,iron-clad,50
CERT1,50,1.0000,iron-clad,50
CRTAP,50,1.0000,iron-clad,50
CRY2,50,1.0000,iron-clad,50
DOCK6,50,1.0000,iron-clad,50
EIF4EBP2,50,1.0000,iron-clad,50
FRMD4A,50,1.0000,iron-clad,50
JADE1,50,1.0000,iron-clad,50
LHX6,50,1.0000,iron-clad,50
MPDZ,50,1.0000,iron-clad,50
SKI,50,1.0000,iron-clad,50
SLC16A2,50,1.0000,iron-clad,50
TCF7L2,50,1.0000,iron-clad,50
TEAD1,50,1.0000,iron-clad,50
CAST,50,1.0000,iron-clad,50
CYB5R3,50,1.0000,iron-clad,50
EZH1,50,1.0000,iron-clad,50
HACD2,50,1.0000,iron-clad,50
NPR1,50,1.0000,iron-clad,50
PGRMC2,50,1.0000,iron-clad,50
SH3BP5,50,1.0000,iron-clad,50
TFE3,50,1.0000,iron-clad,50
TTC28,50,1.0000,iron-clad,50
NAV2,50,1.0000,iron-clad,50
OGT,50,1.0000,iron-clad,50
PKP1,50,1.0000,iron-clad,50
PMM2,50,1.0000,iron-clad,50
PSMA3,50,1.0000,iron-clad,50
RSRP1,50,1.0000,iron-clad,50
BCL9,50,1.0000,iron-clad,50
LYPLA2,50,1.0000,iron-clad,50
MTMR4,50,1.0000,iron-clad,50
NINL,50,1.0000,iron-clad,50
PLCG1,50,1.0000,iron-clad,50
SIPA1L1,50,1.0000,iron-clad,50
SMARCB1,50,1.0000,iron-clad,50
ARHGDIB,50,1.0000,iron-clad,50
RNF115,50,1.0000,iron-clad,50
TMC6,50,1.0000,iron-clad,50
VASP,50,1.0000,iron-clad,50
AOX1,50,1.0000,iron-clad,50
FAM149A,50,1.0000,iron-clad,50
VKORC1L1,50,1.0000,iron-clad,50
ECRG4,50,1.0000,iron-clad,50
PLXNA4,50,1.0000,iron-clad,50
TMEM37,50,1.0000,iron-clad,50
ARHGAP20,50,1.0000,iron-clad,50
DMD,50,1.0000,iron-clad,50
DOCK11,50,1.0000,iron-clad,50
PPP1R14A,50,1.0000,iron-clad,50
RNF150,50,1.0000,iron-clad,50
TMEM132C,50,1.0000,iron-clad,50
APRT,50,1.0000,iron-clad,50
DDX21,50,1.0000,iron-clad,50
PCNX4,50,1.0000,iron-clad,50
BBS10,50,1.0000,iron-clad,50
CALHM2,50,1.0000,iron-clad,50
HADHB,50,1.0000,iron-clad,50
VPS51,50,1.0000,iron-clad,50
XPA,50,1.0000,iron-clad,50
AP1S2,50,1.0000,iron-clad,50
ATP2A3,50,1.0000,iron-clad,50
IQCK,50,1.0000,iron-clad,50
MYO15B,50,1.0000,iron-clad,50
SEMA4A,50,1.0000,iron-clad,50
TGIF2,50,1.0000,iron-clad,50
TRIM14,50,1.0000,iron-clad,50
TTC39A,50,1.0000,iron-clad,50
UBE2L3,50,1.0000,iron-clad,50
ZDHHC24,50,1.0000,iron-clad,50
ARSD,50,1.0000,iron-clad,50
BYSL,50,1.0000,iron-clad,50
DUS1L,50,1.0000,iron-clad,50
HGH1,50,1.0000,iron-clad,50
SLC6A6,50,1.0000,iron-clad,50
SMG9,50,1.0000,iron-clad,50
BCAS4,50,1.0000,iron-clad,50
GPR68,50,1.0000,iron-clad,50
PKP3,50,1.0000,iron-clad,50
PSMA5,50,1.0000,iron-clad,50
RABIF,50,1.0000,iron-clad,50
RASSF7,50,1.0000,iron-clad,50
TPM3,50,1.0000,iron-clad,50
TWNK,50,1.0000,iron-clad,50
APOL3,50,1.0000,iron-clad,50
CDC42EP2,50,1.0000,iron-clad,50
MAP4,50,1.0000,iron-clad,50
MID2,50,1.0000,iron-clad,50
NAB1,50,1.0000,iron-clad,50
PTPN11,50,1.0000,iron-clad,50
RASIP1,50,1.0000,iron-clad,50
SIDT2,50,1.0000,iron-clad,50
ESD,50,1.0000,iron-clad,50
HOXD4,50,1.0000,iron-clad,50
PDXK,50,1.0000,iron-clad,50
SOS1,50,1.0000,iron-clad,50
COPS7B,50,1.0000,iron-clad,50
LPCAT4,50,1.0000,iron-clad,50
MRTFA,50,1.0000,iron-clad,50
PODXL,50,1.0000,iron-clad,50
PXN,50,1.0000,iron-clad,50
DCLRE1C,50,1.0000,iron-clad,50
GPD2,50,1.0000,iron-clad,50
POC5,50,1.0000,iron-clad,50
ZNF180,50,1.0000,iron-clad,50
CMPK1,50,1.0000,iron-clad,50
DENND4C,50,1.0000,iron-clad,50
RTL8C,50,1.0000,iron-clad,50
SIRT2,50,1.0000,iron-clad,50
TMEM143,50,1.0000,iron-clad,50
BATF,50,1.0000,iron-clad,50
CHPF,50,1.0000,iron-clad,50
JMJD4,50,1.0000,iron-clad,50
MOGS,50,1.0000,iron-clad,50
RHOT2,50,1.0000,iron-clad,50
SETD4,50,1.0000,iron-clad,50
ATP7B,50,1.0000,iron-clad,50
CA8,50,1.0000,iron-clad,50
FOXK1,50,1.0000,iron-clad,50
WDR27,50,1.0000,iron-clad,50
FBRSL1,50,1.0000,iron-clad,50
NEURL1B,50,1.0000,iron-clad,50
SLC35F2,50,1.0000,iron-clad,50
EFHC2,50,1.0000,iron-clad,50
MLLT6,50,1.0000,iron-clad,50
NSUN7,50,1.0000,iron-clad,50
RBM12B,50,1.0000,iron-clad,50
BCAR1,50,1.0000,iron-clad,50
ERP29,50,1.0000,iron-clad,50
P3H3,50,1.0000,iron-clad,50
ATP2C1,50,1.0000,iron-clad,50
DCPS,50,1.0000,iron-clad,50
KIAA0513,50,1.0000,iron-clad,50
SAE1,50,1.0000,iron-clad,50
TRAP1,50,1.0000,iron-clad,50
TTC5,50,1.0000,iron-clad,50
XPO1,50,1.0000,iron-clad,50
BAG4,50,1.0000,iron-clad,50
GSTK1,50,1.0000,iron-clad,50
PGD,50,1.0000,iron-clad,50
PLOD2,50,1.0000,iron-clad,50
RWDD2B,50,1.0000,iron-clad,50
SHOX2,50,1.0000,iron-clad,50
SIRT1,50,1.0000,iron-clad,50
B3GALNT1,50,1.0000,iron-clad,50
CHST15,50,1.0000,iron-clad,50
KDM4B,50,1.0000,iron-clad,50
LPCAT1,50,1.0000,iron-clad,50
MICB,50,1.0000,iron-clad,50
UGCG,50,1.0000,iron-clad,50
WWC1,50,1.0000,iron-clad,50
AMOTL2,50,1.0000,iron-clad,50
AQP1,50,1.0000,iron-clad,50
ASPH,50,1.0000,iron-clad,50
CDC14B,50,1.0000,iron-clad,50
CUTC,50,1.0000,iron-clad,50
DENND2A,50,1.0000,iron-clad,50
GRK5,50,1.0000,iron-clad,50
IL11RA,50,1.0000,iron-clad,50
KANK2,50,1.0000,iron-clad,50
MYCT1,50,1.0000,iron-clad,50
NR3C1,50,1.0000,iron-clad,50
OSBPL1A,50,1.0000,iron-clad,50
RRAS2,50,1.0000,iron-clad,50
SYN2,50,1.0000,iron-clad,50
TXNIP,50,1.0000,iron-clad,50
AP2B1,50,1.0000,iron-clad,50
ATG16L1,50,1.0000,iron-clad,50
B3GAT3,50,1.0000,iron-clad,50
NFYA,50,1.0000,iron-clad,50
ODF2,50,1.0000,iron-clad,50
APEX2,50,1.0000,iron-clad,50
CDK5,50,1.0000,iron-clad,50
NAT10,50,1.0000,iron-clad,50
SIRT7,50,1.0000,iron-clad,50
SMARCC1,50,1.0000,iron-clad,50
ABCD2,50,1.0000,iron-clad,50
CPE,50,1.0000,iron-clad,50
LRP1,50,1.0000,iron-clad,50
SLC25A33,50,1.0000,iron-clad,50
SNX10,50,1.0000,iron-clad,50
ZNF521,50,1.0000,iron-clad,50
CDC37L1,50,1.0000,iron-clad,50
ELOVL5,50,1.0000,iron-clad,50
FMNL2,50,1.0000,iron-clad,50
GEM,50,1.0000,iron-clad,50
SLC9A6,50,1.0000,iron-clad,50
BTD,50,1.0000,iron-clad,50
C6orf120,50,1.0000,iron-clad,50
JDP2,50,1.0000,iron-clad,50
MRPL46,50,1.0000,iron-clad,50
MSANTD4,50,1.0000,iron-clad,50
PXDN,50,1.0000,iron-clad,50
SIGLEC1,50,1.0000,iron-clad,50
TENM4,50,1.0000,iron-clad,50
CRK,50,1.0000,iron-clad,50
DYNC2H1,50,1.0000,iron-clad,50
FAM241A,50,1.0000,iron-clad,50
RAB9A,50,1.0000,iron-clad,50
SLC30A4,50,1.0000,iron-clad,50
UFSP2,50,1.0000,iron-clad,50
DUSP4,50,1.0000,iron-clad,50
GAS2L3,50,1.0000,iron-clad,50
GPC1,50,1.0000,iron-clad,50
GPRIN3,50,1.0000,iron-clad,50
GZMK,50,1.0000,iron-clad,50
H1-0,50,1.0000,iron-clad,50
LY75,50,1.0000,iron-clad,50
NAA15,50,1.0000,iron-clad,50
PLPP6,50,1.0000,iron-clad,50
APBB2,50,1.0000,iron-clad,50
PNMA1,50,1.0000,iron-clad,50
REEP2,50,1.0000,iron-clad,50
SCD,50,1.0000,iron-clad,50
SLC25A23,50,1.0000,iron-clad,50
ARHGEF10L,50,1.0000,iron-clad,50
ATF7IP,50,1.0000,iron-clad,50
POLDIP3,50,1.0000,iron-clad,50
RANBP10,50,1.0000,iron-clad,50
RMC1,50,1.0000,iron-clad,50
ATP6V1D,50,1.0000,iron-clad,50
DNM2,50,1.0000,iron-clad,50
VBP1,50,1.0000,iron-clad,50
GSDMB,50,1.0000,iron-clad,50
ARHGAP21,50,1.0000,iron-clad,50
DCUN1D3,50,1.0000,iron-clad,50
FOXN2,50,1.0000,iron-clad,50
PKD2,50,1.0000,iron-clad,50
SGK2,50,1.0000,iron-clad,50
SNCG,50,1.0000,iron-clad,50
STAT5B,50,1.0000,iron-clad,50
F8,50,1.0000,iron-clad,50
PTPRM,50,1.0000,iron-clad,50
RGN,50,1.0000,iron-clad,50
RRAS,50,1.0000,iron-clad,50
STAT5A,50,1.0000,iron-clad,50
STXBP1,50,1.0000,iron-clad,50
TLN2,50,1.0000,iron-clad,50
COX16,50,1.0000,iron-clad,50
LENG8,50,1.0000,iron-clad,50
MPLKIP,50,1.0000,iron-clad,50
DZIP1,50,1.0000,iron-clad,50
GDF5,50,1.0000,iron-clad,50
WFS1,50,1.0000,iron-clad,50
ZFHX3,50,1.0000,iron-clad,50
ATP1A1,50,1.0000,iron-clad,50
CDH11,50,1.0000,iron-clad,50
CLEC7A,50,1.0000,iron-clad,50
FGD3,50,1.0000,iron-clad,50
PHLDB3,50,1.0000,iron-clad,50
PYCARD,50,1.0000,iron-clad,50
RAB40C,50,1.0000,iron-clad,50
SLC7A1,50,1.0000,iron-clad,50
ACLY,50,1.0000,iron-clad,50
CCT7,50,1.0000,iron-clad,50
LSM2,50,1.0000,iron-clad,50
SFXN4,50,1.0000,iron-clad,50
XKR8,50,1.0000,iron-clad,50
GOLGA4,50,1.0000,iron-clad,50
KLHL7,50,1.0000,iron-clad,50
KRT14,50,1.0000,iron-clad,50
NCOA1,50,1.0000,iron-clad,50
ZNF277,50,1.0000,iron-clad,50
ALDH3B2,50,1.0000,iron-clad,50
BHLHE40,50,1.0000,iron-clad,50
DHCR24,50,1.0000,iron-clad,50
DLG5,50,1.0000,iron-clad,50
GPR137B,50,1.0000,iron-clad,50
MXRA5,50,1.0000,iron-clad,50
PLXNC1,50,1.0000,iron-clad,50
PRSS23,50,1.0000,iron-clad,50
TFF3,50,1.0000,iron-clad,50
TOM1L1,50,1.0000,iron-clad,50
ACTR3,50,1.0000,iron-clad,50
ATP5IF1,50,1.0000,iron-clad,50
C5orf22,50,1.0000,iron-clad,50
DYNLT1,50,1.0000,iron-clad,50
FAM111A,50,1.0000,iron-clad,50
HSPA4,50,1.0000,iron-clad,50
MTMR1,50,1.0000,iron-clad,50
MZT2A,50,1.0000,iron-clad,50
NSD2,50,1.0000,iron-clad,50
NTHL1,50,1.0000,iron-clad,50
RBBP7,50,1.0000,iron-clad,50
SMS,50,1.0000,iron-clad,50
SS18L1,50,1.0000,iron-clad,50
TDG,50,1.0000,iron-clad,50
TP53BP2,50,1.0000,iron-clad,50
ASNS,50,1.0000,iron-clad,50
BLNK,50,1.0000,iron-clad,50
CKMT1A,50,1.0000,iron-clad,50
HOMER1,50,1.0000,iron-clad,50
NETO2,50,1.0000,iron-clad,50
SOX4,50,1.0000,iron-clad,50
CDC42SE1,50,1.0000,iron-clad,50
CFAP298,50,1.0000,iron-clad,50
CMTM6,50,1.0000,iron-clad,50
FDPS,50,1.0000,iron-clad,50
NTAQ1,50,1.0000,iron-clad,50
SNRPA1,50,1.0000,iron-clad,50
SNRPD3,50,1.0000,iron-clad,50
TIPRL,50,1.0000,iron-clad,50
UBE2K,50,1.0000,iron-clad,50
ZNF146,50,1.0000,iron-clad,50
ARPC5L,50,1.0000,iron-clad,50
CDK5RAP3,50,1.0000,iron-clad,50
CNPY2,50,1.0000,iron-clad,50
PTBP1,50,1.0000,iron-clad,50
RNPS1,50,1.0000,iron-clad,50
RPL26L1,50,1.0000,iron-clad,50
TARBP1,50,1.0000,iron-clad,50
TIMM17A,50,1.0000,iron-clad,50
TOR3A,50,1.0000,iron-clad,50
TXN,50,1.0000,iron-clad,50
ZNG1F,50,1.0000,iron-clad,50
CYGB,50,1.0000,iron-clad,50
ECSCR,50,1.0000,iron-clad,50
JAM2,50,1.0000,iron-clad,50
ANKRD40,50,1.0000,iron-clad,50
MBNL3,50,1.0000,iron-clad,50
MOB3B,50,1.0000,iron-clad,50
RNF125,50,1.0000,iron-clad,50
SGCB,50,1.0000,iron-clad,50
SNX21,50,1.0000,iron-clad,50
UST,50,1.0000,iron-clad,50
ADGRL4,50,1.0000,iron-clad,50
ARHGAP6,50,1.0000,iron-clad,50
CORO2B,50,1.0000,iron-clad,50
HADH,50,1.0000,iron-clad,50
MOCS1,50,1.0000,iron-clad,50
FOXN3,50,1.0000,iron-clad,50
KAT2B,50,1.0000,iron-clad,50
NR3C2,50,1.0000,iron-clad,50
S1PR1,50,1.0000,iron-clad,50
SASH1,50,1.0000,iron-clad,50
PLEKHO2,50,1.0000,iron-clad,50
CDCA3,50,1.0000,iron-clad,50
CDS1,50,1.0000,iron-clad,50
CHMP4C,50,1.0000,iron-clad,50
ESRP1,50,1.0000,iron-clad,50
GALNT3,50,1.0000,iron-clad,50
MUC1,50,1.0000,iron-clad,50
MYO5B,50,1.0000,iron-clad,50
PKIB,50,1.0000,iron-clad,50
SMIM22,50,1.0000,iron-clad,50
TMC5,50,1.0000,iron-clad,50
FAF2,50,1.0000,iron-clad,50
SLC3A2,50,1.0000,iron-clad,50
TNPO1,50,1.0000,iron-clad,50
CMPK2,50,1.0000,iron-clad,50
ESR1,50,1.0000,iron-clad,50
HES1,50,1.0000,iron-clad,50
IL17RB,50,1.0000,iron-clad,50
CAMK2N1,50,1.0000,iron-clad,50
DKK3,50,1.0000,iron-clad,50
TENT5C,50,1.0000,iron-clad,50
TFAP2B,50,1.0000,iron-clad,50
ABHD14A,50,1.0000,iron-clad,50
BCL2,50,1.0000,iron-clad,50
CCL2,50,1.0000,iron-clad,50
CEBPD,50,1.0000,iron-clad,50
ECI2,50,1.0000,iron-clad,50
GATD3,50,1.0000,iron-clad,50
IL6,50,1.0000,iron-clad,50
MN1,50,1.0000,iron-clad,50
NPY1R,50,1.0000,iron-clad,50
NUBPL,50,1.0000,iron-clad,50
PIGP,50,1.0000,iron-clad,50
PLN,50,1.0000,iron-clad,50
POLR2L,50,1.0000,iron-clad,50
PPP3CC,50,1.0000,iron-clad,50
SLC31A2,50,1.0000,iron-clad,50
THBD,50,1.0000,iron-clad,50
TMEM35B,50,1.0000,iron-clad,50
TNFRSF1B,50,1.0000,iron-clad,50
UCHL1,50,1.0000,iron-clad,50
ALDH9A1,50,1.0000,iron-clad,50
ALG9,50,1.0000,iron-clad,50
ANXA11,50,1.0000,iron-clad,50
CSRP2,50,1.0000,iron-clad,50
HK2,50,1.0000,iron-clad,50
IFNGR1,50,1.0000,iron-clad,50
NEDD9,50,1.0000,iron-clad,50
RRAGC,50,1.0000,iron-clad,50
TPST2,50,1.0000,iron-clad,50
ZNF395,50,1.0000,iron-clad,50
ACAT1,50,1.0000,iron-clad,50
ARHGEF6,50,1.0000,iron-clad,50
CLDN5,50,1.0000,iron-clad,50
CRYBG3,50,1.0000,iron-clad,50
CYP26B1,50,1.0000,iron-clad,50
DIPK1A,50,1.0000,iron-clad,50
HOXA5,50,1.0000,iron-clad,50
LDHB,50,1.0000,iron-clad,50
SOBP,50,1.0000,iron-clad,50
CCN1,50,1.0000,iron-clad,50
EFEMP2,50,1.0000,iron-clad,50
QDPR,50,1.0000,iron-clad,50
CD163,50,1.0000,iron-clad,50
CYB5A,50,1.0000,iron-clad,50
PIM1,50,1.0000,iron-clad,50
RASSF4,50,1.0000,iron-clad,50
CACFD1,50,1.0000,iron-clad,50
DPY30,50,1.0000,iron-clad,50
ELOF1,50,1.0000,iron-clad,50
PABPC3,50,1.0000,iron-clad,50
TBCB,50,1.0000,iron-clad,50
GARS1,50,1.0000,iron-clad,50
HYLS1,50,1.0000,iron-clad,50
PMF1,50,1.0000,iron-clad,50
RPP40,50,1.0000,iron-clad,50
CLEC11A,50,1.0000,iron-clad,50
EFHD1,50,1.0000,iron-clad,50
MAGED2,50,1.0000,iron-clad,50
ORC6,50,1.0000,iron-clad,50
SINHCAF,50,1.0000,iron-clad,50
XBP1,50,1.0000,iron-clad,50
ARHGEF9,50,1.0000,iron-clad,50
ECE1,50,1.0000,iron-clad,50
LAMTOR3,50,1.0000,iron-clad,50
PLVAP,50,1.0000,iron-clad,50
PPP6R3,50,1.0000,iron-clad,50
TCF25,50,1.0000,iron-clad,50
ADAR,50,1.0000,iron-clad,50
ENSA,50,1.0000,iron-clad,50
POLR2H,50,1.0000,iron-clad,50
RUVBL1,50,1.0000,iron-clad,50
SEPHS2,50,1.0000,iron-clad,50
SUSD6,50,1.0000,iron-clad,50
CCT6A,50,1.0000,iron-clad,50
DPM2,50,1.0000,iron-clad,50
H2AZ1,50,1.0000,iron-clad,50
MACROH2A1,50,1.0000,iron-clad,50
PRRC2C,50,1.0000,iron-clad,50
BCAR3,50,1.0000,iron-clad,50
CAB39L,50,1.0000,iron-clad,50
CREG1,50,1.0000,iron-clad,50
DHRS7B,50,1.0000,iron-clad,50
GATB,50,1.0000,iron-clad,50
GSTA4,50,1.0000,iron-clad,50
HBEGF,50,1.0000,iron-clad,50
PXMP2,50,1.0000,iron-clad,50
SCML1,50,1.0000,iron-clad,50
TPPP,50,1.0000,iron-clad,50
BIK,50,1.0000,iron-clad,50
BSPRY,50,1.0000,iron-clad,50
CDC50B,50,1.0000,iron-clad,50
CTBP2,50,1.0000,iron-clad,50
EOLA2,50,1.0000,iron-clad,50
FAM241B,50,1.0000,iron-clad,50
HSD17B7,50,1.0000,iron-clad,50
NFKBIE,50,1.0000,iron-clad,50
OAS3,50,1.0000,iron-clad,50
PTPA,50,1.0000,iron-clad,50
RFC3,50,1.0000,iron-clad,50
SFPQ,50,1.0000,iron-clad,50
SLC7A5,50,1.0000,iron-clad,50
SRARP,50,1.0000,iron-clad,50
STARD10,50,1.0000,iron-clad,50
STMN1,50,1.0000,iron-clad,50
TIMELESS,50,1.0000,iron-clad,50
AZIN2,50,1.0000,iron-clad,50
GMPS,50,1.0000,iron-clad,50
GSTCD,50,1.0000,iron-clad,50
LMAN2,50,1.0000,iron-clad,50
NR2C2AP,50,1.0000,iron-clad,50
NUP85,50,1.0000,iron-clad,50
OGFOD2,50,1.0000,iron-clad,50
ZNF443,50,1.0000,iron-clad,50
ACOT7,50,1.0000,iron-clad,50
ADCK2,50,1.0000,iron-clad,50
ATAD3A,50,1.0000,iron-clad,50
COMTD1,50,1.0000,iron-clad,50
E4F1,50,1.0000,iron-clad,50
GORAB,50,1.0000,iron-clad,50
KRAS,50,1.0000,iron-clad,50
SLX4IP,50,1.0000,iron-clad,50
XPR1,50,1.0000,iron-clad,50
ATAD2B,50,1.0000,iron-clad,50
BRI3BP,50,1.0000,iron-clad,50
CAPN13,50,1.0000,iron-clad,50
DTX3L,50,1.0000,iron-clad,50
KIFC2,50,1.0000,iron-clad,50
NOP58,50,1.0000,iron-clad,50
RNPEP,50,1.0000,iron-clad,50
SLC25A15,50,1.0000,iron-clad,50
ZNF75A,50,1.0000,iron-clad,50
ABHD17C,50,1.0000,iron-clad,50
ARFGAP1,50,1.0000,iron-clad,50
CERS2,50,1.0000,iron-clad,50
ENC1,50,1.0000,iron-clad,50
FANCG,50,1.0000,iron-clad,50
FOXK2,50,1.0000,iron-clad,50
INPP4B,50,1.0000,iron-clad,50
MMP13,50,1.0000,iron-clad,50
NAXE,50,1.0000,iron-clad,50
PPT1,50,1.0000,iron-clad,50
PSMG3,50,1.0000,iron-clad,50
SLC4A8,50,1.0000,iron-clad,50
TCEAL3,50,1.0000,iron-clad,50
TMEM134,50,1.0000,iron-clad,50
TMF1,50,1.0000,iron-clad,50
XPO5,50,1.0000,iron-clad,50
CAPZB,50,1.0000,iron-clad,50
CHD4,50,1.0000,iron-clad,50
CIAO3,50,1.0000,iron-clad,50
EFNA3,50,1.0000,iron-clad,50
MAPKAPK3,50,1.0000,iron-clad,50
NDOR1,50,1.0000,iron-clad,50
RITA1,50,1.0000,iron-clad,50
SBNO2,50,1.0000,iron-clad,50
SOX13,50,1.0000,iron-clad,50
TEAD4,50,1.0000,iron-clad,50
TRIO,50,1.0000,iron-clad,50
ADK,50,1.0000,iron-clad,50
COL5A3,50,1.0000,iron-clad,50
IDH3A,50,1.0000,iron-clad,50
NMRK1,50,1.0000,iron-clad,50
ROBO1,50,1.0000,iron-clad,50
STAMBPL1,50,1.0000,iron-clad,50
ZNF25,50,1.0000,iron-clad,50
ARLN,50,1.0000,iron-clad,50
KCTD9,50,1.0000,iron-clad,50
LRMDA,50,1.0000,iron-clad,50
ZNF438,50,1.0000,iron-clad,50
ABHD16A,50,1.0000,iron-clad,50
ADAT3,50,1.0000,iron-clad,50
MED19,50,1.0000,iron-clad,50
NAGK,50,1.0000,iron-clad,50
NUP133,50,1.0000,iron-clad,50
OFD1,50,1.0000,iron-clad,50
PPDPF,50,1.0000,iron-clad,50
SECISBP2,50,1.0000,iron-clad,50
UQCC3,50,1.0000,iron-clad,50
NKRF,50,1.0000,iron-clad,50
TUBA3D,50,1.0000,iron-clad,50
WDR3,50,1.0000,iron-clad,50
CCDC43,50,1.0000,iron-clad,50
CCNT1,50,1.0000,iron-clad,50
GRWD1,50,1.0000,iron-clad,50
C16orf86,50,1.0000,iron-clad,50
CEP57,50,1.0000,iron-clad,50
EIF3A,50,1.0000,iron-clad,50
RBM48,50,1.0000,iron-clad,50
SLC25A3,50,1.0000,iron-clad,50
TERF2IP,50,1.0000,iron-clad,50
UBE2D4,50,1.0000,iron-clad,50
ZBTB38,50,1.0000,iron-clad,50
ZRANB1,50,1.0000,iron-clad,50
AKIRIN2,50,1.0000,iron-clad,50
FRMD4B,50,1.0000,iron-clad,50
KCTD20,50,1.0000,iron-clad,50
KPNA4,50,1.0000,iron-clad,50
NOAZFP,50,1.0000,iron-clad,50
PHKB,50,1.0000,iron-clad,50
ABI3BP,50,1.0000,iron-clad,50
CCSER2,50,1.0000,iron-clad,50
EEA1,50,1.0000,iron-clad,50
IL15RA,50,1.0000,iron-clad,50
INPP1,50,1.0000,iron-clad,50
RAB8B,50,1.0000,iron-clad,50
SPART,50,1.0000,iron-clad,50
STX2,50,1.0000,iron-clad,50
RPL11,50,1.0000,iron-clad,50
SLC25A37,50,1.0000,iron-clad,50
WDFY3,50,1.0000,iron-clad,50
AVPI1,50,1.0000,iron-clad,50
CDH5,50,1.0000,iron-clad,50
CEP112,50,1.0000,iron-clad,50
FAM107A,50,1.0000,iron-clad,50
GDPD5,50,1.0000,iron-clad,50
LMOD1,50,1.0000,iron-clad,50
MAPK10,50,1.0000,iron-clad,50
PC,50,1.0000,iron-clad,50
PLPP1,50,1.0000,iron-clad,50
TACC1,50,1.0000,iron-clad,50
TFPI,50,1.0000,iron-clad,50
ZNF106,50,1.0000,iron-clad,50
CA4,50,1.0000,iron-clad,50
CAT,50,1.0000,iron-clad,50
DIAPH2,50,1.0000,iron-clad,50
ECHDC1,50,1.0000,iron-clad,50
ITM2A,50,1.0000,iron-clad,50
MSX1,50,1.0000,iron-clad,50
SLIT3,50,1.0000,iron-clad,50
TYRO3,50,1.0000,iron-clad,50
UGP2,50,1.0000,iron-clad,50
BIN1,50,1.0000,iron-clad,50
C2CD2,50,1.0000,iron-clad,50
CAVIN1,50,1.0000,iron-clad,50
CELF2,50,1.0000,iron-clad,50
COBLL1,50,1.0000,iron-clad,50
EPB41L2,50,1.0000,iron-clad,50
HLF,50,1.0000,iron-clad,50
ITSN1,50,1.0000,iron-clad,50
PALM2AKAP2,50,1.0000,iron-clad,50
RETSAT,50,1.0000,iron-clad,50
CASQ2,50,1.0000,iron-clad,50
FBLN5,50,1.0000,iron-clad,50
FGF2,50,1.0000,iron-clad,50
KANK1,50,1.0000,iron-clad,50
MT1M,50,1.0000,iron-clad,50
PCSK5,50,1.0000,iron-clad,50
PFKFB3,50,1.0000,iron-clad,50
RGCC,50,1.0000,iron-clad,50
SIK2,50,1.0000,iron-clad,50
SOX5,50,1.0000,iron-clad,50
ACTG1,50,1.0000,iron-clad,50
BUD23,50,1.0000,iron-clad,50
CHD3,50,1.0000,iron-clad,50
GAR1,50,1.0000,iron-clad,50
HDHD5,50,1.0000,iron-clad,50
HNRNPF,50,1.0000,iron-clad,50
KIF21A,50,1.0000,iron-clad,50
MRRF,50,1.0000,iron-clad,50
NIPA2,50,1.0000,iron-clad,50
NOL11,50,1.0000,iron-clad,50
PGM2,50,1.0000,iron-clad,50
SLC30A7,50,1.0000,iron-clad,50
SLC33A1,50,1.0000,iron-clad,50
THOC2,50,1.0000,iron-clad,50
TMUB1,50,1.0000,iron-clad,50
UQCC4,50,1.0000,iron-clad,50
YARS1,50,1.0000,iron-clad,50
ZFYVE19,50,1.0000,iron-clad,50
ALYREF,50,1.0000,iron-clad,50
AP1AR,50,1.0000,iron-clad,50
JADE3,50,1.0000,iron-clad,50
MAGI3,50,1.0000,iron-clad,50
PRPF40A,50,1.0000,iron-clad,50
SIPA1L3,50,1.0000,iron-clad,50
TGS1,50,1.0000,iron-clad,50
GRAMD1A,50,1.0000,iron-clad,50
IRF9,50,1.0000,iron-clad,50
MOV10,50,1.0000,iron-clad,50
PUS7,50,1.0000,iron-clad,50
BANF1,50,1.0000,iron-clad,50
ILF2,50,1.0000,iron-clad,50
ZNF467,50,1.0000,iron-clad,50
DHX15,50,1.0000,iron-clad,50
NKD2,50,1.0000,iron-clad,50
PET100,50,1.0000,iron-clad,50
SHKBP1,50,1.0000,iron-clad,50
ZNF765,50,1.0000,iron-clad,50
BAALC,50,1.0000,iron-clad,50
CSAD,50,1.0000,iron-clad,50
EIF3F,50,1.0000,iron-clad,50
LRP3,50,1.0000,iron-clad,50
MRPL10,50,1.0000,iron-clad,50
SMAD7,50,1.0000,iron-clad,50
SRGAP2C,50,1.0000,iron-clad,50
CLSTN1,50,1.0000,iron-clad,50
KNOP1,50,1.0000,iron-clad,50
PDIA4,50,1.0000,iron-clad,50
RGS1,50,1.0000,iron-clad,50
SPDEF,50,1.0000,iron-clad,50
ZNF587,50,1.0000,iron-clad,50
CHTF18,50,1.0000,iron-clad,50
EPS8L2,50,1.0000,iron-clad,50
GPR160,50,1.0000,iron-clad,50
GRP,50,1.0000,iron-clad,50
MICALL2,50,1.0000,iron-clad,50
SULF1,50,1.0000,iron-clad,50
TYMP,50,1.0000,iron-clad,50
ATG4B,50,1.0000,iron-clad,50
CNIH4,50,1.0000,iron-clad,50
DEDD2,50,1.0000,iron-clad,50
EFR3A,50,1.0000,iron-clad,50
MCM6,50,1.0000,iron-clad,50
RTL10,50,1.0000,iron-clad,50
SYT7,50,1.0000,iron-clad,50
ACBD3,50,1.0000,iron-clad,50
HNRNPC,50,1.0000,iron-clad,50
PPP1R3D,50,1.0000,iron-clad,50
RAB8A,50,1.0000,iron-clad,50
ZDHHC12,50,1.0000,iron-clad,50
DOLPP1,50,1.0000,iron-clad,50
FLAD1,50,1.0000,iron-clad,50
PHAF1,50,1.0000,iron-clad,50
PKMYT1,50,1.0000,iron-clad,50
SIN3B,50,1.0000,iron-clad,50
TRPM2,50,1.0000,iron-clad,50
UTP25,50,1.0000,iron-clad,50
ABHD11,50,1.0000,iron-clad,50
AMMECR1,50,1.0000,iron-clad,50
ANTKMT,50,1.0000,iron-clad,50
CDC7,50,1.0000,iron-clad,50
EEF1A2,50,1.0000,iron-clad,50
HES4,50,1.0000,iron-clad,50
RNF213,50,1.0000,iron-clad,50
TMEM54,50,1.0000,iron-clad,50
TP53INP1,50,1.0000,iron-clad,50
ZNF552,50,1.0000,iron-clad,50
ZSCAN16,50,1.0000,iron-clad,50
HERC6,50,1.0000,iron-clad,50
RAI14,50,1.0000,iron-clad,50
SULF2,50,1.0000,iron-clad,50
SUSD4,50,1.0000,iron-clad,50
TIAM1,50,1.0000,iron-clad,50
ARHGEF40,50,1.0000,iron-clad,50
HSDL2,50,1.0000,iron-clad,50
LHFPL6,50,1.0000,iron-clad,50
PLSCR4,50,1.0000,iron-clad,50
SLC7A10,50,1.0000,iron-clad,50
ACO1,50,1.0000,iron-clad,50
CACNA2D1,50,1.0000,iron-clad,50
NDN,50,1.0000,iron-clad,50
PFKFB1,50,1.0000,iron-clad,50
ACSM5,50,1.0000,iron-clad,50
ANGPTL4,50,1.0000,iron-clad,50
EDNRB,50,1.0000,iron-clad,50
FERMT2,50,1.0000,iron-clad,50
FXYD1,50,1.0000,iron-clad,50
FZD4,50,1.0000,iron-clad,50
LARP6,50,1.0000,iron-clad,50
MCAM,50,1.0000,iron-clad,50
MRAS,50,1.0000,iron-clad,50
NIPSNAP3B,50,1.0000,iron-clad,50
SLC2A10,50,1.0000,iron-clad,50
ACVR1C,50,1.0000,iron-clad,50
GPAM,50,1.0000,iron-clad,50
KLB,50,1.0000,iron-clad,50
PLIN4,50,1.0000,iron-clad,50
SCARA5,50,1.0000,iron-clad,50
THRSP,50,1.0000,iron-clad,50
CCT5,50,1.0000,iron-clad,50
CNDP2,50,1.0000,iron-clad,50
FBXO5,50,1.0000,iron-clad,50
HSBP1,50,1.0000,iron-clad,50
CD2,50,1.0000,iron-clad,50
SLC26A11,50,1.0000,iron-clad,50
TRIM28,50,1.0000,iron-clad,50
LARGE2,50,1.0000,iron-clad,50
TRAF7,50,1.0000,iron-clad,50
ZNF513,50,1.0000,iron-clad,50
AFTPH,50,1.0000,iron-clad,50
CSE1L,50,1.0000,iron-clad,50
FARSA,50,1.0000,iron-clad,50
LCMT1,50,1.0000,iron-clad,50
PCYOX1L,50,1.0000,iron-clad,50
ATP6AP1,50,1.0000,iron-clad,50
CTPS1,50,1.0000,iron-clad,50
EME1,50,1.0000,iron-clad,50
EVL,50,1.0000,iron-clad,50
PARP9,50,1.0000,iron-clad,50
PREX1,50,1.0000,iron-clad,50
PRXL2B,50,1.0000,iron-clad,50
STRBP,50,1.0000,iron-clad,50
CRABP2,50,1.0000,iron-clad,50
CREB3L4,50,1.0000,iron-clad,50
EZH2,50,1.0000,iron-clad,50
H2BC21,50,1.0000,iron-clad,50
LSR,50,1.0000,iron-clad,50
NHERF1,50,1.0000,iron-clad,50
PLPP4,50,1.0000,iron-clad,50
PRRG4,50,1.0000,iron-clad,50
SYTL1,50,1.0000,iron-clad,50
TJP3,50,1.0000,iron-clad,50
TMC4,50,1.0000,iron-clad,50
CYBC1,50,1.0000,iron-clad,50
DNMT3B,50,1.0000,iron-clad,50
EIF4A3,50,1.0000,iron-clad,50
GCAT,50,1.0000,iron-clad,50
GPAT4,50,1.0000,iron-clad,50
IQCE,50,1.0000,iron-clad,50
MBD6,50,1.0000,iron-clad,50
MTFP1,50,1.0000,iron-clad,50
POLB,50,1.0000,iron-clad,50
PSENEN,50,1.0000,iron-clad,50
SEC16A,50,1.0000,iron-clad,50
SETD5,50,1.0000,iron-clad,50
SPNS1,50,1.0000,iron-clad,50
TCF3,50,1.0000,iron-clad,50
TMEM25,50,1.0000,iron-clad,50
U2AF2,50,1.0000,iron-clad,50
CARD19,50,1.0000,iron-clad,50
PKNOX1,50,1.0000,iron-clad,50
SLC27A4,50,1.0000,iron-clad,50
ZNF48,50,1.0000,iron-clad,50
ZNF768,50,1.0000,iron-clad,50
GSDMD,50,1.0000,iron-clad,50
MYDGF,50,1.0000,iron-clad,50
SUGP2,50,1.0000,iron-clad,50
TSPAN17,50,1.0000,iron-clad,50
YTHDF1,50,1.0000,iron-clad,50
ADAM8,50,1.0000,iron-clad,50
AGPAT5,50,1.0000,iron-clad,50
EPHB3,50,1.0000,iron-clad,50
FARP1,50,1.0000,iron-clad,50
HMG20B,50,1.0000,iron-clad,50
PIGM,50,1.0000,iron-clad,50
PTPRK,50,1.0000,iron-clad,50
TIGD1,50,1.0000,iron-clad,50
ABRACL,50,1.0000,iron-clad,50
CEP55,50,1.0000,iron-clad,50
CTHRC1,50,1.0000,iron-clad,50
MFAP2,50,1.0000,iron-clad,50
MSI2,50,1.0000,iron-clad,50
SLC39A4,50,1.0000,iron-clad,50
CYFIP2,50,1.0000,iron-clad,50
P3H4,50,1.0000,iron-clad,50
RBM47,50,1.0000,iron-clad,50
SHTN1,50,1.0000,iron-clad,50
SLC25A29,50,1.0000,iron-clad,50
AKAP11,50,1.0000,iron-clad,50
DENND5A,50,1.0000,iron-clad,50
DRAM2,50,1.0000,iron-clad,50
FNIP2,50,1.0000,iron-clad,50
IMMP2L,50,1.0000,iron-clad,50
KLF6,50,1.0000,iron-clad,50
MTARC2,50,1.0000,iron-clad,50
PNRC1,50,1.0000,iron-clad,50
RAB29,50,1.0000,iron-clad,50
SEPTIN4,50,1.0000,iron-clad,50
TBX5,50,1.0000,iron-clad,50
ABHD15,50,1.0000,iron-clad,50
ABHD6,50,1.0000,iron-clad,50
ANO3,50,1.0000,iron-clad,50
ANXA3,50,1.0000,iron-clad,50
C16orf89,50,1.0000,iron-clad,50
CIBAR1,50,1.0000,iron-clad,50
COLEC12,50,1.0000,iron-clad,50
CYBRD1,50,1.0000,iron-clad,50
EHHADH,50,1.0000,iron-clad,50
FAT4,50,1.0000,iron-clad,50
FBLN1,50,1.0000,iron-clad,50
HINT3,50,1.0000,iron-clad,50
KCNE3,50,1.0000,iron-clad,50
KLHL5,50,1.0000,iron-clad,50
MARCO,50,1.0000,iron-clad,50
NID1,50,1.0000,iron-clad,50
PDE1A,50,1.0000,iron-clad,50
RHOU,50,1.0000,iron-clad,50
RND3,50,1.0000,iron-clad,50
SLIT2,50,1.0000,iron-clad,50
TLCD4,50,1.0000,iron-clad,50
TMEM200B,50,1.0000,iron-clad,50
TMEM64,50,1.0000,iron-clad,50
ZDHHC2,50,1.0000,iron-clad,50
BCKDHB,50,1.0000,iron-clad,50
CPXM2,50,1.0000,iron-clad,50
DHRS12,50,1.0000,iron-clad,50
DIS3L,50,1.0000,iron-clad,50
MEIS1,50,1.0000,iron-clad,50
POGLUT3,50,1.0000,iron-clad,50
PROCR,50,1.0000,iron-clad,50
SIRPA,50,1.0000,iron-clad,50
TBC1D16,50,1.0000,iron-clad,50
USP30,50,1.0000,iron-clad,50
KIF1C,50,1.0000,iron-clad,50
LSS,50,1.0000,iron-clad,50
PCYT1A,50,1.0000,iron-clad,50
SH3KBP1,50,1.0000,iron-clad,50
VPS4A,50,1.0000,iron-clad,50
ATP11C,50,1.0000,iron-clad,50
FAT1,50,1.0000,iron-clad,50
PICALM,50,1.0000,iron-clad,50
RPS6KA3,50,1.0000,iron-clad,50
SLC41A1,50,1.0000,iron-clad,50
CARD8,50,1.0000,iron-clad,50
CTDSP1,50,1.0000,iron-clad,50
PLPBP,50,1.0000,iron-clad,50
SNRNP27,50,1.0000,iron-clad,50
TIMP2,50,1.0000,iron-clad,50
TMX3,50,1.0000,iron-clad,50
TSPAN18,50,1.0000,iron-clad,50
VPS26A,50,1.0000,iron-clad,50
YPEL5,50,1.0000,iron-clad,50
COL4A2,50,1.0000,iron-clad,50
SESN1,50,1.0000,iron-clad,50
TRIM68,50,1.0000,iron-clad,50
ZHX1,50,1.0000,iron-clad,50
CUTA,50,1.0000,iron-clad,50
DDX41,50,1.0000,iron-clad,50
FAM98C,50,1.0000,iron-clad,50
KDM2B,50,1.0000,iron-clad,50
NOXA1,50,1.0000,iron-clad,50
TCERG1,50,1.0000,iron-clad,50
MARCHF9,50,1.0000,iron-clad,50
MLST8,50,1.0000,iron-clad,50
ZNF680,50,1.0000,iron-clad,50
NCSTN,50,1.0000,iron-clad,50
ANKMY2,50,1.0000,iron-clad,50
ATE1,50,1.0000,iron-clad,50
CD164,50,1.0000,iron-clad,50
SLC35B4,50,1.0000,iron-clad,50
SLU7,50,1.0000,iron-clad,50
AKAP1,50,1.0000,iron-clad,50
DCP1A,50,1.0000,iron-clad,50
DLG1,50,1.0000,iron-clad,50
DRG1,50,1.0000,iron-clad,50
IK,50,1.0000,iron-clad,50
NBAS,50,1.0000,iron-clad,50
PCBP2,50,1.0000,iron-clad,50
ACADM,50,1.0000,iron-clad,50
BHLHE41,50,1.0000,iron-clad,50
CCDC71L,50,1.0000,iron-clad,50
CDON,50,1.0000,iron-clad,50
EPB41L1,50,1.0000,iron-clad,50
ETFA,50,1.0000,iron-clad,50
GSPT2,50,1.0000,iron-clad,50
HOXD8,50,1.0000,iron-clad,50
NACC2,50,1.0000,iron-clad,50
TKT,50,1.0000,iron-clad,50
ZNF677,50,1.0000,iron-clad,50
EPAS1,50,1.0000,iron-clad,50
GSN,50,1.0000,iron-clad,50
IRS2,50,1.0000,iron-clad,50
ITGB1BP1,50,1.0000,iron-clad,50
LAMA4,50,1.0000,iron-clad,50
MEST,50,1.0000,iron-clad,50
SAMD4A,50,1.0000,iron-clad,50
VWF,50,1.0000,iron-clad,50
AKAP9,50,1.0000,iron-clad,50
P4HB,50,1.0000,iron-clad,50
ATP1A2,50,1.0000,iron-clad,50
KCNIP2,50,1.0000,iron-clad,50
MRAP,50,1.0000,iron-clad,50
ADRB1,50,1.0000,iron-clad,50
C14orf180,50,1.0000,iron-clad,50
KLHL31,50,1.0000,iron-clad,50
PDK4,50,1.0000,iron-clad,50
TRARG1,50,1.0000,iron-clad,50
CAMK2D,50,1.0000,iron-clad,50
CEP63,50,1.0000,iron-clad,50
COX4I2,50,1.0000,iron-clad,50
DDX24,50,1.0000,iron-clad,50
MEF2A,50,1.0000,iron-clad,50
POLR2E,50,1.0000,iron-clad,50
SMAD2,50,1.0000,iron-clad,50
ALDH3A2,50,1.0000,iron-clad,50
ARRDC4,50,1.0000,iron-clad,50
CKB,50,1.0000,iron-clad,50
DPYD,50,1.0000,iron-clad,50
ETFRF1,50,1.0000,iron-clad,50
FGF13,50,1.0000,iron-clad,50
GFPT2,50,1.0000,iron-clad,50
HACD1,50,1.0000,iron-clad,50
LAIR1,50,1.0000,iron-clad,50
MARCHF2,50,1.0000,iron-clad,50
MPEG1,50,1.0000,iron-clad,50
NAP1L5,50,1.0000,iron-clad,50
PLIN5,50,1.0000,iron-clad,50
PPP1R15A,50,1.0000,iron-clad,50
STARD13,50,1.0000,iron-clad,50
STEAP4,50,1.0000,iron-clad,50
TMEM256,50,1.0000,iron-clad,50
FAM135A,50,1.0000,iron-clad,50
OSBPL9,50,1.0000,iron-clad,50
PPP3CA,50,1.0000,iron-clad,50
S100A1,50,1.0000,iron-clad,50
SRR,50,1.0000,iron-clad,50
TMEM230,50,1.0000,iron-clad,50
ARHGEF16,50,1.0000,iron-clad,50
CD2AP,50,1.0000,iron-clad,50
CENPN,50,1.0000,iron-clad,50
EIF2B5,50,1.0000,iron-clad,50
EML2,50,1.0000,iron-clad,50
H2AC17,50,1.0000,iron-clad,50
HNRNPK,50,1.0000,iron-clad,50
MORF4L2,50,1.0000,iron-clad,50
MPV17L2,50,1.0000,iron-clad,50
PDIK1L,50,1.0000,iron-clad,50
PRPF4,50,1.0000,iron-clad,50
PSMB4,50,1.0000,iron-clad,50
SETSIP,50,1.0000,iron-clad,50
SLC39A7,50,1.0000,iron-clad,50
TRIM24,50,1.0000,iron-clad,50
ZBTB5,50,1.0000,iron-clad,50
ZNF562,50,1.0000,iron-clad,50
ADGRL2,50,1.0000,iron-clad,50
C11orf96,50,1.0000,iron-clad,50
CCL13,50,1.0000,iron-clad,50
CCNDBP1,50,1.0000,iron-clad,50
CYSTM1,50,1.0000,iron-clad,50
GALNT12,50,1.0000,iron-clad,50
GKAP1,50,1.0000,iron-clad,50
SOCS2,50,1.0000,iron-clad,50
BDH2,50,1.0000,iron-clad,50
DIPK2A,50,1.0000,iron-clad,50
DNAH17,50,1.0000,iron-clad,50
SLC25A46,50,1.0000,iron-clad,50
CAP2,50,1.0000,iron-clad,50
F10,50,1.0000,iron-clad,50
GLUD2,50,1.0000,iron-clad,50
SELENBP1,50,1.0000,iron-clad,50
MEOX1,50,1.0000,iron-clad,50
PDE2A,50,1.0000,iron-clad,50
SLC35G2,50,1.0000,iron-clad,50
SPTBN1,50,1.0000,iron-clad,50
SYNPO,50,1.0000,iron-clad,50
ANKRD12,50,1.0000,iron-clad,50
LAMB2,50,1.0000,iron-clad,50
LMCD1,50,1.0000,iron-clad,50
MAP4K4,50,1.0000,iron-clad,50
SFR1,50,1.0000,iron-clad,50
SH3RF3,50,1.0000,iron-clad,50
TCN2,50,1.0000,iron-clad,50
CXCR4,50,1.0000,iron-clad,50
EIF2AK1,50,1.0000,iron-clad,50
ELF3,50,1.0000,iron-clad,50
F2RL2,50,1.0000,iron-clad,50
PPAT,50,1.0000,iron-clad,50
PRLR,50,1.0000,iron-clad,50
PSD4,50,1.0000,iron-clad,50
RHOH,50,1.0000,iron-clad,50
RUNX2,50,1.0000,iron-clad,50
VANGL1,50,1.0000,iron-clad,50
ARFIP2,50,1.0000,iron-clad,50
CHST11,50,1.0000,iron-clad,50
LTF,50,1.0000,iron-clad,50
PRKCI,50,1.0000,iron-clad,50
SEC24D,50,1.0000,iron-clad,50
SLC75A1,50,1.0000,iron-clad,50
BRD8,50,1.0000,iron-clad,50
CSTPP1,50,1.0000,iron-clad,50
FRK,50,1.0000,iron-clad,50
IRF2BP2,50,1.0000,iron-clad,50
ABHD14B,50,1.0000,iron-clad,50
BEND7,50,1.0000,iron-clad,50
CSPG4,50,1.0000,iron-clad,50
FAXDC2,50,1.0000,iron-clad,50
GIMAP4,50,1.0000,iron-clad,50
IFTAP,50,1.0000,iron-clad,50
ITPK1,50,1.0000,iron-clad,50
MAP2K1,50,1.0000,iron-clad,50
SESN3,50,1.0000,iron-clad,50
SYNE1,50,1.0000,iron-clad,50
TMEM218,50,1.0000,iron-clad,50
CLEC10A,50,1.0000,iron-clad,50
FMO3,50,1.0000,iron-clad,50
GIMAP7,50,1.0000,iron-clad,50
IRS1,50,1.0000,iron-clad,50
MCTP1,50,1.0000,iron-clad,50
NFIA,50,1.0000,iron-clad,50
PLS3,50,1.0000,iron-clad,50
FNBP1L,50,1.0000,iron-clad,50
NECAB3,50,1.0000,iron-clad,50
NME3,50,1.0000,iron-clad,50
PSD3,50,1.0000,iron-clad,50
ADAM28,50,1.0000,iron-clad,50
FZD1,50,1.0000,iron-clad,50
SLC25A39,50,1.0000,iron-clad,50
SYT17,50,1.0000,iron-clad,50
ANKRD36,50,1.0000,iron-clad,50
COL5A1,50,1.0000,iron-clad,50
PLK2,50,1.0000,iron-clad,50
TPM4,50,1.0000,iron-clad,50
ANKRD50,50,1.0000,iron-clad,50
APOC1,50,1.0000,iron-clad,50
BTN2A2,50,1.0000,iron-clad,50
SLC35A3,50,1.0000,iron-clad,50
HINT2,50,1.0000,iron-clad,50
TMEM120A,50,1.0000,iron-clad,50
BMP2,50,1.0000,iron-clad,50
CCDC80,50,1.0000,iron-clad,50
CFHR1,50,1.0000,iron-clad,50
MESP1,50,1.0000,iron-clad,50
NAALAD2,50,1.0000,iron-clad,50
NEGR1,50,1.0000,iron-clad,50
NEXN,50,1.0000,iron-clad,50
PDGFRL,50,1.0000,iron-clad,50
RASGRF2,50,1.0000,iron-clad,50
GPR34,50,1.0000,iron-clad,50
KANK4,50,1.0000,iron-clad,50
PLA2G2A,50,1.0000,iron-clad,50
SLC29A4,50,1.0000,iron-clad,50
TRHDE,50,1.0000,iron-clad,50
ACVR2A,50,1.0000,iron-clad,50
EIF4B,50,1.0000,iron-clad,50
GNAQ,50,1.0000,iron-clad,50
PRUNE2,50,1.0000,iron-clad,50
TAB2,50,1.0000,iron-clad,50
FLNC,50,1.0000,iron-clad,50
FRA10AC1,50,1.0000,iron-clad,50
PPA1,50,1.0000,iron-clad,50
RBL2,50,1.0000,iron-clad,50
ZNF354C,50,1.0000,iron-clad,50
AGTPBP1,50,1.0000,iron-clad,50
CDC26,50,1.0000,iron-clad,50
DPH3,50,1.0000,iron-clad,50
EML3,50,1.0000,iron-clad,50
KLF10,50,1.0000,iron-clad,50
ATP5PF,50,1.0000,iron-clad,50
CASKIN2,50,1.0000,iron-clad,50
CDC42EP4,50,1.0000,iron-clad,50
COX4I1,50,1.0000,iron-clad,50
PPP6C,50,1.0000,iron-clad,50
EPHX2,50,1.0000,iron-clad,50
HEATR5A,50,1.0000,iron-clad,50
MAP3K8,50,1.0000,iron-clad,50
NIPSNAP3A,50,1.0000,iron-clad,50
STEAP2,50,1.0000,iron-clad,50
ARRDC1,50,1.0000,iron-clad,50
C9orf152,50,1.0000,iron-clad,50
CAPG,50,1.0000,iron-clad,50
GINS2,50,1.0000,iron-clad,50
H2AC25,50,1.0000,iron-clad,50
LPAR2,50,1.0000,iron-clad,50
LRATD2,50,1.0000,iron-clad,50
PKM,50,1.0000,iron-clad,50
PLPP5,50,1.0000,iron-clad,50
SLC39A11,50,1.0000,iron-clad,50
SLC52A2,50,1.0000,iron-clad,50
TMEM87B,50,1.0000,iron-clad,50
CKAP4,50,1.0000,iron-clad,50
KIF20A,50,1.0000,iron-clad,50
RAB15,50,1.0000,iron-clad,50
SPAG5,50,1.0000,iron-clad,50
MRPL12,50,1.0000,iron-clad,50
PHF14,50,1.0000,iron-clad,50
SPPL2B,50,1.0000,iron-clad,50
SUMO3,50,1.0000,iron-clad,50
TAF6,50,1.0000,iron-clad,50
ABHD2,50,1.0000,iron-clad,50
ALDOA,50,1.0000,iron-clad,50
HOMER3,50,1.0000,iron-clad,50
MAST2,50,1.0000,iron-clad,50
MRPS34,50,1.0000,iron-clad,50
NUP205,50,1.0000,iron-clad,50
SRRM2,50,1.0000,iron-clad,50
STAU2,50,1.0000,iron-clad,50
TRIT1,50,1.0000,iron-clad,50
WDR46,50,1.0000,iron-clad,50
CRIP2,50,1.0000,iron-clad,50
GART,50,1.0000,iron-clad,50
MFSD6,50,1.0000,iron-clad,50
MGAT4B,50,1.0000,iron-clad,50
PLAU,50,1.0000,iron-clad,50
RAI1,50,1.0000,iron-clad,50
SPHK1,50,1.0000,iron-clad,50
EVA1B,50,1.0000,iron-clad,50
GMPPA,50,1.0000,iron-clad,50
HEATR6,50,1.0000,iron-clad,50
HMGXB4,50,1.0000,iron-clad,50
JARID2,50,1.0000,iron-clad,50
KIAA0753,50,1.0000,iron-clad,50
LUC7L3,50,1.0000,iron-clad,50
MAPK6,50,1.0000,iron-clad,50
NDC1,50,1.0000,iron-clad,50
NEMP1,50,1.0000,iron-clad,50
PPFIBP1,50,1.0000,iron-clad,50
PPOX,50,1.0000,iron-clad,50
SAYSD1,50,1.0000,iron-clad,50
SLC29A3,50,1.0000,iron-clad,50
SPIDR,50,1.0000,iron-clad,50
TRAPPC6A,50,1.0000,iron-clad,50
ADPGK,50,1.0000,iron-clad,50
ALG3,50,1.0000,iron-clad,50
ASPSCR1,50,1.0000,iron-clad,50
COG2,50,1.0000,iron-clad,50
FASTK,50,1.0000,iron-clad,50
MED25,50,1.0000,iron-clad,50
METTL13,50,1.0000,iron-clad,50
NOL6,50,1.0000,iron-clad,50
NUBP2,50,1.0000,iron-clad,50
PES1,50,1.0000,iron-clad,50
RGS19,50,1.0000,iron-clad,50
TLR5,50,1.0000,iron-clad,50
WHRN,50,1.0000,iron-clad,50
ZC3H3,50,1.0000,iron-clad,50
PPP1R11,50,1.0000,iron-clad,50
RABL6,50,1.0000,iron-clad,50
CRELD2,50,1.0000,iron-clad,50
OSBPL10,50,1.0000,iron-clad,50
RHPN1,50,1.0000,iron-clad,50
TYW2,50,1.0000,iron-clad,50
MNT,50,1.0000,iron-clad,50
PDCD10,50,1.0000,iron-clad,50
RGP1,50,1.0000,iron-clad,50
SRRM1,50,1.0000,iron-clad,50
DOCK5,50,1.0000,iron-clad,50
EXO5,50,1.0000,iron-clad,50
FIBP,50,1.0000,iron-clad,50
HLA-DOA,50,1.0000,iron-clad,50
LRRD1,50,1.0000,iron-clad,50
MFSD12,50,1.0000,iron-clad,50
MYO1D,50,1.0000,iron-clad,50
NEU3,50,1.0000,iron-clad,50
NRIP3,50,1.0000,iron-clad,50
OAS2,50,1.0000,iron-clad,50
P3H1,50,1.0000,iron-clad,50
PRCC,50,1.0000,iron-clad,50
RAD21,50,1.0000,iron-clad,50
REL,50,1.0000,iron-clad,50
SIDT1,50,1.0000,iron-clad,50
SLC35D1,50,1.0000,iron-clad,50
YKT6,50,1.0000,iron-clad,50
ZNF729,50,1.0000,iron-clad,50
ASB13,50,1.0000,iron-clad,50
CORO1B,50,1.0000,iron-clad,50
HMGA1,50,1.0000,iron-clad,50
KCNE4,50,1.0000,iron-clad,50
MYBL2,50,1.0000,iron-clad,50
PRMT1,50,1.0000,iron-clad,50
SLAMF8,50,1.0000,iron-clad,50
TANC2,50,1.0000,iron-clad,50
CBFA2T2,50,1.0000,iron-clad,50
FKBP11,50,1.0000,iron-clad,50
IL4I1,50,1.0000,iron-clad,50
MPZL2,50,1.0000,iron-clad,50
RASGRP1,50,1.0000,iron-clad,50
SEC61A1,50,1.0000,iron-clad,50
TACC3,50,1.0000,iron-clad,50
WFDC2,50,1.0000,iron-clad,50
BAZ1A,50,1.0000,iron-clad,50
CHD7,50,1.0000,iron-clad,50
DIAPH1,50,1.0000,iron-clad,50
EPB41L5,50,1.0000,iron-clad,50
KIAA0319L,50,1.0000,iron-clad,50
LCOR,50,1.0000,iron-clad,50
MED16,50,1.0000,iron-clad,50
SAP30,50,1.0000,iron-clad,50
STIP1,50,1.0000,iron-clad,50
VWA1,50,1.0000,iron-clad,50
EIF2S1,50,1.0000,iron-clad,50
ENTREP1,50,1.0000,iron-clad,50
MEGF6,50,1.0000,iron-clad,50
RPL22,50,1.0000,iron-clad,50
MAP2K7,50,1.0000,iron-clad,50
SCYL2,50,1.0000,iron-clad,50
ZBTB7C,50,1.0000,iron-clad,50
RPH3AL,50,1.0000,iron-clad,50
RNF141,50,1.0000,iron-clad,50
ATP6V1C1,50,1.0000,iron-clad,50
NRF1,50,1.0000,iron-clad,50
ZNF133,50,1.0000,iron-clad,50
ENTREP3,50,1.0000,iron-clad,50
GALNS,50,1.0000,iron-clad,50
TXNRD2,50,1.0000,iron-clad,50
BRCC3,50,1.0000,iron-clad,50
CCDC57,50,1.0000,iron-clad,50
CSNK2A1,50,1.0000,iron-clad,50
EDEM1,50,1.0000,iron-clad,50
KANSL2,50,1.0000,iron-clad,50
LARP4B,50,1.0000,iron-clad,50
NAA60,50,1.0000,iron-clad,50
PHTF2,50,1.0000,iron-clad,50
PPME1,50,1.0000,iron-clad,50
PRAF2,50,1.0000,iron-clad,50
SPATA2L,50,1.0000,iron-clad,50
UBE2I,50,1.0000,iron-clad,50
ASB6,50,1.0000,iron-clad,50
CLCN7,50,1.0000,iron-clad,50
CNPY3,50,1.0000,iron-clad,50
DCTN5,50,1.0000,iron-clad,50
EXOSC5,50,1.0000,iron-clad,50
GSS,50,1.0000,iron-clad,50
GTF3C2,50,1.0000,iron-clad,50
IRAK1,50,1.0000,iron-clad,50
LRIG2,50,1.0000,iron-clad,50
MCM9,50,1.0000,iron-clad,50
PRR14,50,1.0000,iron-clad,50
RPP38,50,1.0000,iron-clad,50
SCAND1,50,1.0000,iron-clad,50
SLC37A4,50,1.0000,iron-clad,50
TAF1C,50,1.0000,iron-clad,50
UBA6,50,1.0000,iron-clad,50
PGAP6,50,1.0000,iron-clad,50
VPS52,50,1.0000,iron-clad,50
MLX,50,1.0000,iron-clad,50
PJA2,50,1.0000,iron-clad,50
PRKAR1A,50,1.0000,iron-clad,50
COPE,50,1.0000,iron-clad,50
GPATCH8,50,1.0000,iron-clad,50
NFRKB,50,1.0000,iron-clad,50
ZNF207,50,1.0000,iron-clad,50
BRD7,50,1.0000,iron-clad,50
PAIP1,50,1.0000,iron-clad,50
RABGAP1L,50,1.0000,iron-clad,50
ATF2,50,1.0000,iron-clad,50
GAS2L1,50,1.0000,iron-clad,50
MECR,50,1.0000,iron-clad,50
NFE2L2,50,1.0000,iron-clad,50
RFC1,50,1.0000,iron-clad,50
SNX1,50,1.0000,iron-clad,50
SPAG16,50,1.0000,iron-clad,50
ST3GAL5,50,1.0000,iron-clad,50
ATP5MJ,50,1.0000,iron-clad,50
KCNMB1,50,1.0000,iron-clad,50
LSM3,50,1.0000,iron-clad,50
HACD3,50,1.0000,iron-clad,50
NUP62,50,1.0000,iron-clad,50
SDSL,50,1.0000,iron-clad,50
ABHD12,50,1.0000,iron-clad,50
DAP,50,1.0000,iron-clad,50
DDX31,50,1.0000,iron-clad,50
EOLA1,50,1.0000,iron-clad,50
PSPC1,50,1.0000,iron-clad,50
PTDSS1,50,1.0000,iron-clad,50
TRIM26,50,1.0000,iron-clad,50
ATP6V0C,50,1.0000,iron-clad,50
LPXN,50,1.0000,iron-clad,50
NCAPD3,50,1.0000,iron-clad,50
ST6GALNAC4,50,1.0000,iron-clad,50
THAP7,50,1.0000,iron-clad,50
TNFSF13,50,1.0000,iron-clad,50
WDR45B,50,1.0000,iron-clad,50
GRB2,50,1.0000,iron-clad,50
HNRNPH1,50,1.0000,iron-clad,50
RARA,50,1.0000,iron-clad,50
FLI1,50,1.0000,iron-clad,50
GNE,50,1.0000,iron-clad,50
HIVEP2,50,1.0000,iron-clad,50
NACA,50,1.0000,iron-clad,50
OTUD3,50,1.0000,iron-clad,50
PIK3CA,50,1.0000,iron-clad,50
PLCD1,50,1.0000,iron-clad,50
SNX29,50,1.0000,iron-clad,50
STAG1,50,1.0000,iron-clad,50
STS,50,1.0000,iron-clad,50
VAMP5,50,1.0000,iron-clad,50
CLCC1,50,1.0000,iron-clad,50
CRYZL1,50,1.0000,iron-clad,50
EDN1,50,1.0000,iron-clad,50
GTF2A2,50,1.0000,iron-clad,50
PAFAH1B1,50,1.0000,iron-clad,50
ZC3H13,50,1.0000,iron-clad,50
B4GALT7,49,0.9800,iron-clad,50
SRP54,49,0.9800,iron-clad,50
PPP1R35,49,0.9800,iron-clad,50
SRPRB,49,0.9800,iron-clad,50
C1QTNF1,49,0.9800,iron-clad,50
HEBP2,49,0.9800,iron-clad,50
NLRX1,49,0.9800,iron-clad,50
PDK2,49,0.9800,iron-clad,50
ALS2,49,0.9800,iron-clad,50
CEP85L,49,0.9800,iron-clad,50
REXO2,49,0.9800,iron-clad,50
MYB,49,0.9800,iron-clad,50
C7,49,0.9800,iron-clad,50
DCN,49,0.9800,iron-clad,50
PEA15,49,0.9800,iron-clad,50
RUSC2,49,0.9800,iron-clad,50
AZI2,49,0.9800,iron-clad,50
ARB2A,49,0.9800,iron-clad,50
PEMT,49,0.9800,iron-clad,50
CENPF,49,0.9800,iron-clad,50
ANKRD35,49,0.9800,iron-clad,50
APOD,49,0.9800,iron-clad,50
DLC1,49,0.9800,iron-clad,50
SERPINF1,49,0.9800,iron-clad,50
ZFPM2,49,0.9800,iron-clad,50
TST,49,0.9800,iron-clad,50
EIF1,49,0.9800,iron-clad,50
LGALS3,49,0.9800,iron-clad,50
MARVELD2,49,0.9800,iron-clad,50
SUCLG1,49,0.9800,iron-clad,50
TSPAN4,49,0.9800,iron-clad,50
GPX4,49,0.9800,iron-clad,50
EGFL6,49,0.9800,iron-clad,50
HBG2,49,0.9800,iron-clad,50
MFAP5,49,0.9800,iron-clad,50
STEAP1,49,0.9800,iron-clad,50
COMMD8,49,0.9800,iron-clad,50
MRPL35,49,0.9800,iron-clad,50
CTSF,49,0.9800,iron-clad,50
EPS15,49,0.9800,iron-clad,50
LMBRD1,49,0.9800,iron-clad,50
MYO9A,49,0.9800,iron-clad,50
SYDE1,49,0.9800,iron-clad,50
UBR3,49,0.9800,iron-clad,50
MYO1C,49,0.9800,iron-clad,50
HDDC2,49,0.9800,iron-clad,50
HIBCH,49,0.9800,iron-clad,50
OSTM1,49,0.9800,iron-clad,50
SH3GLB1,49,0.9800,iron-clad,50
TNS3,49,0.9800,iron-clad,50
DDOST,49,0.9800,iron-clad,50
PLD1,49,0.9800,iron-clad,50
BLOC1S2,49,0.9800,iron-clad,50
EMCN,49,0.9800,iron-clad,50
FZD5,49,0.9800,iron-clad,50
KLF9,49,0.9800,iron-clad,50
KLF4,49,0.9800,iron-clad,50
PID1,49,0.9800,iron-clad,50
WASF3,49,0.9800,iron-clad,50
RAB11FIP1,49,0.9800,iron-clad,50
HEATR1,49,0.9800,iron-clad,50
UBE2Q1,49,0.9800,iron-clad,50
FAAH,49,0.9800,iron-clad,50
PIP5K1A,49,0.9800,iron-clad,50
SRRT,49,0.9800,iron-clad,50
INTS7,49,0.9800,iron-clad,50
ITPA,49,0.9800,iron-clad,50
CSTF2,49,0.9800,iron-clad,50
LSG1,49,0.9800,iron-clad,50
TRAK1,49,0.9800,iron-clad,50
LIG1,49,0.9800,iron-clad,50
EIF4E3,49,0.9800,iron-clad,50
SAMD8,49,0.9800,iron-clad,50
ELOA,49,0.9800,iron-clad,50
MGAT3,49,0.9800,iron-clad,50
VSIR,49,0.9800,iron-clad,50
ZNF219,49,0.9800,iron-clad,50
CSF1,49,0.9800,iron-clad,50
SNX33,49,0.9800,iron-clad,50
RERGL,49,0.9800,iron-clad,50
TSPAN7,49,0.9800,iron-clad,50
CEP78,49,0.9800,iron-clad,50
PACC1,49,0.9800,iron-clad,50
ATP5F1E,49,0.9800,iron-clad,50
HDGF,49,0.9800,iron-clad,50
MRM2,49,0.9800,iron-clad,50
PPP6R1,49,0.9800,iron-clad,50
STK36,49,0.9800,iron-clad,50
FABP4,49,0.9800,iron-clad,50
DHDDS,49,0.9800,iron-clad,50
ID4,49,0.9800,iron-clad,50
STON1,49,0.9800,iron-clad,50
ZCCHC24,49,0.9800,iron-clad,50
ICAM2,49,0.9800,iron-clad,50
ACACB,49,0.9800,iron-clad,50
CDO1,49,0.9800,iron-clad,50
E2F3,49,0.9800,iron-clad,50
FHDC1,49,0.9800,iron-clad,50
FIGNL1,49,0.9800,iron-clad,50
NAA25,49,0.9800,iron-clad,50
CLDN12,49,0.9800,iron-clad,50
RUSF1,49,0.9800,iron-clad,50
RYBP,49,0.9800,iron-clad,50
ZNF148,49,0.9800,iron-clad,50
FAP,49,0.9800,iron-clad,50
NOLC1,49,0.9800,iron-clad,50
PTTG1IP,49,0.9800,iron-clad,50
NAT1,49,0.9800,iron-clad,50
RGS4,49,0.9800,iron-clad,50
RNF4,49,0.9800,iron-clad,50
MLLT11,49,0.9800,iron-clad,50
SLC9A7,49,0.9800,iron-clad,50
TOMM34,49,0.9800,iron-clad,50
VAV2,49,0.9800,iron-clad,50
DBF4,49,0.9800,iron-clad,50
PRKACA,49,0.9800,iron-clad,50
DDRGK1,49,0.9800,iron-clad,50
KDELR1,49,0.9800,iron-clad,50
OLA1,49,0.9800,iron-clad,50
DNAJA3,49,0.9800,iron-clad,50
PNPT1,49,0.9800,iron-clad,50
TMED4,49,0.9800,iron-clad,50
ZBTB24,49,0.9800,iron-clad,50
ABCA9,49,0.9800,iron-clad,50
SERTAD4,49,0.9800,iron-clad,50
CDKN2B,49,0.9800,iron-clad,50
GRK3,49,0.9800,iron-clad,50
COL6A6,49,0.9800,iron-clad,50
PLAAT5,49,0.9800,iron-clad,50
RSPO3,49,0.9800,iron-clad,50
SH3D19,49,0.9800,iron-clad,50
LRRFIP1,49,0.9800,iron-clad,50
PIGC,49,0.9800,iron-clad,50
SLC25A26,49,0.9800,iron-clad,50
MPST,49,0.9800,iron-clad,50
PLA2G4B,49,0.9800,iron-clad,50
SLIRP,49,0.9800,iron-clad,50
MPC2,49,0.9800,iron-clad,50
BTBD18,49,0.9800,iron-clad,50
RALGAPA2,49,0.9800,iron-clad,50
CCNQ,49,0.9800,iron-clad,50
GMNN,49,0.9800,iron-clad,50
S1PR3,49,0.9800,iron-clad,50
SARNP,49,0.9800,iron-clad,50
AGFG1,49,0.9800,iron-clad,50
SOS2,49,0.9800,iron-clad,50
CD99,49,0.9800,iron-clad,50
PACS1,49,0.9800,iron-clad,50
ARMCX1,49,0.9800,iron-clad,50
CHST2,49,0.9800,iron-clad,50
GSTM2,49,0.9800,iron-clad,50
RAI2,49,0.9800,iron-clad,50
S100A6,49,0.9800,iron-clad,50
CHFR,49,0.9800,iron-clad,50
SFMBT1,49,0.9800,iron-clad,50
HNRNPUL2,49,0.9800,iron-clad,50
TUBB,49,0.9800,iron-clad,50
SLC25A17,49,0.9800,iron-clad,50
KIFC1,49,0.9800,iron-clad,50
SSR2,49,0.9800,iron-clad,50
DAXX,49,0.9800,iron-clad,50
MTG1,49,0.9800,iron-clad,50
ABHD4,49,0.9800,iron-clad,50
NFATC1,49,0.9800,iron-clad,50
ADGRF5,49,0.9800,iron-clad,50
ITGA1,49,0.9800,iron-clad,50
LAMA2,49,0.9800,iron-clad,50
PGM1,49,0.9800,iron-clad,50
TMT1A,49,0.9800,iron-clad,50
APOL6,49,0.9800,iron-clad,50
COQ8A,49,0.9800,iron-clad,50
SRPK2,49,0.9800,iron-clad,50
CCDC137,49,0.9800,iron-clad,50
LCLAT1,49,0.9800,iron-clad,50
P4HA1,49,0.9800,iron-clad,50
HMGCL,49,0.9800,iron-clad,50
CLDN4,49,0.9800,iron-clad,50
HM13,49,0.9800,iron-clad,50
RLIM,49,0.9800,iron-clad,50
WDR12,49,0.9800,iron-clad,50
LRRN3,49,0.9800,iron-clad,50
BCOR,49,0.9800,iron-clad,50
MMP3,49,0.9800,iron-clad,50
SLC39A6,49,0.9800,iron-clad,50
PPIH,49,0.9800,iron-clad,50
PUF60,49,0.9800,iron-clad,50
SNRPE,49,0.9800,iron-clad,50
B3GALNT2,49,0.9800,iron-clad,50
LNX2,49,0.9800,iron-clad,50
ZNF184,49,0.9800,iron-clad,50
MARVELD3,49,0.9800,iron-clad,50
CELSR2,49,0.9800,iron-clad,50
C4orf46,49,0.9800,iron-clad,50
COQ10A,49,0.9800,iron-clad,50
EID1,49,0.9800,iron-clad,50
INTS13,49,0.9800,iron-clad,50
DGAT2,49,0.9800,iron-clad,50
EBF1,49,0.9800,iron-clad,50
LGALS12,49,0.9800,iron-clad,50
BACE1,49,0.9800,iron-clad,50
GLRX3,49,0.9800,iron-clad,50
ITM2B,49,0.9800,iron-clad,50
SPTAN1,49,0.9800,iron-clad,50
PRELP,49,0.9800,iron-clad,50
EHBP1,49,0.9800,iron-clad,50
H4C8,49,0.9800,iron-clad,50
LYPD3,49,0.9800,iron-clad,50
VDR,49,0.9800,iron-clad,50
CCNF,49,0.9800,iron-clad,50
DONSON,49,0.9800,iron-clad,50
GANAB,49,0.9800,iron-clad,50
RAN,49,0.9800,iron-clad,50
SFXN2,49,0.9800,iron-clad,50
SFXN5,49,0.9800,iron-clad,50
LOXL4,49,0.9800,iron-clad,50
TIFA,49,0.9800,iron-clad,50
FKBP5,49,0.9800,iron-clad,50
WTIP,49,0.9800,iron-clad,50
GTF2E1,49,0.9800,iron-clad,50
COL8A2,49,0.9800,iron-clad,50
GSR,49,0.9800,iron-clad,50
GTF3C4,49,0.9800,iron-clad,50
GMDS,49,0.9800,iron-clad,50
GNB2,49,0.9800,iron-clad,50
TGFB3,49,0.9800,iron-clad,50
WDR18,49,0.9800,iron-clad,50
SLC11A2,49,0.9800,iron-clad,50
ERCC8,49,0.9800,iron-clad,50
CTAGE8,49,0.9800,iron-clad,50
GAA,49,0.9800,iron-clad,50
LAD1,49,0.9800,iron-clad,50
PRUNE1,49,0.9800,iron-clad,50
CFL1,49,0.9800,iron-clad,50
GAPDH,49,0.9800,iron-clad,50
ABITRAM,49,0.9800,iron-clad,50
CBX6,49,0.9800,iron-clad,50
EIF2S2,49,0.9800,iron-clad,50
FHIP2B,49,0.9800,iron-clad,50
MTF1,49,0.9800,iron-clad,50
SNAP29,49,0.9800,iron-clad,50
TRAPPC2B,49,0.9800,iron-clad,50
HMGN3,49,0.9800,iron-clad,50
UBA52,49,0.9800,iron-clad,50
RNF187,49,0.9800,iron-clad,50
SCAF11,49,0.9800,iron-clad,50
ROBO4,49,0.9800,iron-clad,50
RPL9,49,0.9800,iron-clad,50
GSDME,49,0.9800,iron-clad,50
ISG15,49,0.9800,iron-clad,50
RORC,49,0.9800,iron-clad,50
RUNX1T1,48,0.9600,iron-clad,50
NOSTRIN,48,0.9600,iron-clad,50
C15orf40,48,0.9600,iron-clad,50
AVL9,48,0.9600,iron-clad,50
BCL2L12,48,0.9600,iron-clad,50
PAXX,48,0.9600,iron-clad,50
BNIP3L,48,0.9600,iron-clad,50
ETFDH,48,0.9600,iron-clad,50
FAH,48,0.9600,iron-clad,50
GAS1,48,0.9600,iron-clad,50
SERINC1,48,0.9600,iron-clad,50
TLR4,48,0.9600,iron-clad,50
APIP,48,0.9600,iron-clad,50
UBE2C,48,0.9600,iron-clad,50
MCM2,48,0.9600,iron-clad,50
TCHP,48,0.9600,iron-clad,50
PIP4P2,48,0.9600,iron-clad,50
EMC3,48,0.9600,iron-clad,50
MMP1,48,0.9600,iron-clad,50
MAMDC2,48,0.9600,iron-clad,50
TTC7B,48,0.9600,iron-clad,50
ECH1,48,0.9600,iron-clad,50
CCDC92,48,0.9600,iron-clad,50
EPB41L3,48,0.9600,iron-clad,50
RCBTB2,48,0.9600,iron-clad,50
RRAGD,48,0.9600,iron-clad,50
SELENOP,48,0.9600,iron-clad,50
SLC25A20,48,0.9600,iron-clad,50
TSPAN3,48,0.9600,iron-clad,50
NDUFV2,48,0.9600,iron-clad,50
KIF25,48,0.9600,iron-clad,50
TMEM109,48,0.9600,iron-clad,50
TRIM35,48,0.9600,iron-clad,50
WASF2,48,0.9600,iron-clad,50
CAMK1,48,0.9600,iron-clad,50
ETF1,48,0.9600,iron-clad,50
MRPS26,48,0.9600,iron-clad,50
PHETA2,48,0.9600,iron-clad,50
TMEM8B,48,0.9600,iron-clad,50
ADAMTS5,48,0.9600,iron-clad,50
ANGPT1,48,0.9600,iron-clad,50
BHMT2,48,0.9600,iron-clad,50
CAV1,48,0.9600,iron-clad,50
PCDH9,48,0.9600,iron-clad,50
AXIN1,48,0.9600,iron-clad,50
EPPK1,48,0.9600,iron-clad,50
FEN1,48,0.9600,iron-clad,50
SCNN1A,48,0.9600,iron-clad,50
TMEM97,48,0.9600,iron-clad,50
ZBTB9,48,0.9600,iron-clad,50
PDRG1,48,0.9600,iron-clad,50
ZC3H12C,48,0.9600,iron-clad,50
FXYD6,48,0.9600,iron-clad,50
LEP,48,0.9600,iron-clad,50
ZNF107,48,0.9600,iron-clad,50
PHYH,48,0.9600,iron-clad,50
FEZ1,48,0.9600,iron-clad,50
OLFML1,48,0.9600,iron-clad,50
FEZ2,48,0.9600,iron-clad,50
INHBB,48,0.9600,iron-clad,50
KLF13,48,0.9600,iron-clad,50
PXDC1,48,0.9600,iron-clad,50
FBXO46,48,0.9600,iron-clad,50
DDX23,48,0.9600,iron-clad,50
DHCR7,48,0.9600,iron-clad,50
TGIF1,48,0.9600,iron-clad,50
TUBA1C,48,0.9600,iron-clad,50
MAZ,48,0.9600,iron-clad,50
YIPF2,48,0.9600,iron-clad,50
SLF2,48,0.9600,iron-clad,50
PLEKHF2,48,0.9600,iron-clad,50
MREG,48,0.9600,iron-clad,50
CREB3L1,48,0.9600,iron-clad,50
TRIM36,48,0.9600,iron-clad,50
UBE2L6,48,0.9600,iron-clad,50
CSNK1A1,48,0.9600,iron-clad,50
ESCO1,48,0.9600,iron-clad,50
H2AC14,48,0.9600,iron-clad,50
EPDR1,48,0.9600,iron-clad,50
TMTC1,48,0.9600,iron-clad,50
BCL10,48,0.9600,iron-clad,50
RHOD,48,0.9600,iron-clad,50
U2AF1,48,0.9600,iron-clad,50
CARMIL1,48,0.9600,iron-clad,50
ADGRA2,48,0.9600,iron-clad,50
AKAP19,48,0.9600,iron-clad,50
SOD3,48,0.9600,iron-clad,50
ZNF366,48,0.9600,iron-clad,50
ZFP62,48,0.9600,iron-clad,50
TMEM201,48,0.9600,iron-clad,50
ZFYVE9,48,0.9600,iron-clad,50
ANXA2,48,0.9600,iron-clad,50
CIB2,48,0.9600,iron-clad,50
GNS,48,0.9600,iron-clad,50
OXR1,48,0.9600,iron-clad,50
SCAPER,48,0.9600,iron-clad,50
TESK1,48,0.9600,iron-clad,50
LEO1,48,0.9600,iron-clad,50
KLHL11,48,0.9600,iron-clad,50
PIP5K1C,48,0.9600,iron-clad,50
RBM39,48,0.9600,iron-clad,50
HSPE1,48,0.9600,iron-clad,50
SELENOH,48,0.9600,iron-clad,50
SMIM29,48,0.9600,iron-clad,50
XPO6,48,0.9600,iron-clad,50
MGME1,48,0.9600,iron-clad,50
ZNF444,48,0.9600,iron-clad,50
MYO5A,48,0.9600,iron-clad,50
MYO6,48,0.9600,iron-clad,50
TBC1D3I,48,0.9600,iron-clad,50
ACYP1,48,0.9600,iron-clad,50
HID1,48,0.9600,iron-clad,50
PGAP2,48,0.9600,iron-clad,50
PRKDC,48,0.9600,iron-clad,50
SLC67A1,48,0.9600,iron-clad,50
CERS5,48,0.9600,iron-clad,50
PIGQ,48,0.9600,iron-clad,50
SUSD3,48,0.9600,iron-clad,50
N4BP2L1,48,0.9600,iron-clad,50
ANKS6,48,0.9600,iron-clad,50
RAB11FIP2,48,0.9600,iron-clad,50
MTPAP,48,0.9600,iron-clad,50
TMEM41B,48,0.9600,iron-clad,50
PDE3B,48,0.9600,iron-clad,50
DDAH2,48,0.9600,iron-clad,50
ZFAND5,48,0.9600,iron-clad,50
ATP11B,48,0.9600,iron-clad,50
NR1D2,48,0.9600,iron-clad,50
ANGPTL2,48,0.9600,iron-clad,50
CYP2R1,48,0.9600,iron-clad,50
GPT2,48,0.9600,iron-clad,50
TCEAL7,48,0.9600,iron-clad,50
RAB3D,48,0.9600,iron-clad,50
SLC12A8,48,0.9600,iron-clad,50
SLC44A1,48,0.9600,iron-clad,50
VMP1,48,0.9600,iron-clad,50
GID8,48,0.9600,iron-clad,50
CERS4,48,0.9600,iron-clad,50
UBXN7,48,0.9600,iron-clad,50
UBQLN4,48,0.9600,iron-clad,50
AQP3,48,0.9600,iron-clad,50
DCAF4,48,0.9600,iron-clad,50
ZNF83,48,0.9600,iron-clad,50
CARD10,48,0.9600,iron-clad,50
DDX27,48,0.9600,iron-clad,50
ERAL1,48,0.9600,iron-clad,50
HDAC7,48,0.9600,iron-clad,50
PBX2,48,0.9600,iron-clad,50
SAMD4B,48,0.9600,iron-clad,50
TNFRSF25,48,0.9600,iron-clad,50
RPS23,48,0.9600,iron-clad,50
TBCC,48,0.9600,iron-clad,50
ATPAF1,48,0.9600,iron-clad,50
DUSP14,48,0.9600,iron-clad,50
IPPK,48,0.9600,iron-clad,50
FKBP4,47,0.9400,iron-clad,50
POSTN,47,0.9400,iron-clad,50
ALDH18A1,47,0.9400,iron-clad,50
NAP1L4,47,0.9400,iron-clad,50
RBM12,47,0.9400,iron-clad,50
F13A1,47,0.9400,iron-clad,50
INPP5K,47,0.9400,iron-clad,50
LYRM1,47,0.9400,iron-clad,50
ANXA5,47,0.9400,iron-clad,50
ST13,47,0.9400,iron-clad,50
STAB1,47,0.9400,iron-clad,50
VSTM4,47,0.9400,iron-clad,50
ME3,47,0.9400,iron-clad,50
TPX2,47,0.9400,iron-clad,50
FAM13C,47,0.9400,iron-clad,50
NR1H3,47,0.9400,iron-clad,50
PTGER4,47,0.9400,iron-clad,50
CLIC4,47,0.9400,iron-clad,50
NDUFAF1,47,0.9400,iron-clad,50
ARPP19,47,0.9400,iron-clad,50
DHRS11,47,0.9400,iron-clad,50
JUP,47,0.9400,iron-clad,50
CTSD,47,0.9400,iron-clad,50
NT5E,47,0.9400,iron-clad,50
ATF7,47,0.9400,iron-clad,50
CD81,47,0.9400,iron-clad,50
CHST3,47,0.9400,iron-clad,50
DLG3,47,0.9400,iron-clad,50
DYNLT2B,47,0.9400,iron-clad,50
CLEC14A,47,0.9400,iron-clad,50
PHYKPL,47,0.9400,iron-clad,50
ABCA1,47,0.9400,iron-clad,50
KCTD12,47,0.9400,iron-clad,50
PIK3IP1,47,0.9400,iron-clad,50
DAPK2,47,0.9400,iron-clad,50
FUS,47,0.9400,iron-clad,50
TOP1,47,0.9400,iron-clad,50
MTHFD2L,47,0.9400,iron-clad,50
CHSY1,47,0.9400,iron-clad,50
IFT81,47,0.9400,iron-clad,50
PLP2,47,0.9400,iron-clad,50
EIF2AK3,47,0.9400,iron-clad,50
MRPS30,47,0.9400,iron-clad,50
GID4,47,0.9400,iron-clad,50
OCLN,47,0.9400,iron-clad,50
SHROOM3,47,0.9400,iron-clad,50
HPGDS,47,0.9400,iron-clad,50
FANCF,47,0.9400,iron-clad,50
H2BC6,47,0.9400,iron-clad,50
SIX4,47,0.9400,iron-clad,50
GNPNAT1,47,0.9400,iron-clad,50
ALDH1L1,47,0.9400,iron-clad,50
EBF3,47,0.9400,iron-clad,50
RBP7,47,0.9400,iron-clad,50
TWIST2,47,0.9400,iron-clad,50
GNG2,47,0.9400,iron-clad,50
CSDE1,47,0.9400,iron-clad,50
JAG2,47,0.9400,iron-clad,50
MAN1B1,47,0.9400,iron-clad,50
KLHL2,47,0.9400,iron-clad,50
MT-CO1,47,0.9400,iron-clad,50
PSMB8,47,0.9400,iron-clad,50
GABRP,47,0.9400,iron-clad,50
SMAD9,47,0.9400,iron-clad,50
KIAA1671,47,0.9400,iron-clad,50
MIF4GD,47,0.9400,iron-clad,50
TBRG1,47,0.9400,iron-clad,50
NR4A1,47,0.9400,iron-clad,50
SOCS3,47,0.9400,iron-clad,50
ABCC5,47,0.9400,iron-clad,50
ACTR5,47,0.9400,iron-clad,50
PIP4K2C,47,0.9400,iron-clad,50
ARHGEF18,47,0.9400,iron-clad,50
DNAJC24,47,0.9400,iron-clad,50
TBCE,47,0.9400,iron-clad,50
FADD,47,0.9400,iron-clad,50
B3GALT6,47,0.9400,iron-clad,50
KCTD10,47,0.9400,iron-clad,50
SNX15,47,0.9400,iron-clad,50
STK40,47,0.9400,iron-clad,50
TRIOBP,47,0.9400,iron-clad,50
RSAD2,47,0.9400,iron-clad,50
SSBP2,47,0.9400,iron-clad,50
EXPH5,47,0.9400,iron-clad,50
P4HTM,47,0.9400,iron-clad,50
ZNF606,47,0.9400,iron-clad,50
REC8,47,0.9400,iron-clad,50
ADAM15,47,0.9400,iron-clad,50
HHAT,47,0.9400,iron-clad,50
PCGF2,47,0.9400,iron-clad,50
ZDHHC20,47,0.9400,iron-clad,50
BLCAP,47,0.9400,iron-clad,50
PCLAF,47,0.9400,iron-clad,50
WRAP53,47,0.9400,iron-clad,50
APTX,47,0.9400,iron-clad,50
SLC1A4,47,0.9400,iron-clad,50
TTI1,46,0.9200,iron-clad,50
EPHX1,46,0.9200,iron-clad,50
CS,46,0.9200,iron-clad,50
AKAP7,46,0.9200,iron-clad,50
AMIGO3,46,0.9200,iron-clad,50
MCF2L,46,0.9200,iron-clad,50
EXOC1,46,0.9200,iron-clad,50
MYH10,46,0.9200,iron-clad,50
EMX2,46,0.9200,iron-clad,50
ACSL1,46,0.9200,iron-clad,50
ADAMTS9,46,0.9200,iron-clad,50
GIMAP1,46,0.9200,iron-clad,50
ELL3,46,0.9200,iron-clad,50
LRBA,46,0.9200,iron-clad,50
PTP4A3,46,0.9200,iron-clad,50
ATP6V0B,46,0.9200,iron-clad,50
ADNP,46,0.9200,iron-clad,50
COX6C,46,0.9200,iron-clad,50
TCEA3,46,0.9200,iron-clad,50
KLHL21,46,0.9200,iron-clad,50
GPIHBP1,46,0.9200,iron-clad,50
GPR146,46,0.9200,iron-clad,50
ABCD3,46,0.9200,iron-clad,50
CHORDC1,46,0.9200,iron-clad,50
SEPTIN2,46,0.9200,iron-clad,50
GLB1L2,46,0.9200,iron-clad,50
NXT1,46,0.9200,iron-clad,50
CDC42BPB,46,0.9200,iron-clad,50
USP12,46,0.9200,iron-clad,50
ARF6,46,0.9200,iron-clad,50
DNAJA2,46,0.9200,iron-clad,50
EML1,46,0.9200,iron-clad,50
TBC1D5,46,0.9200,iron-clad,50
WBP1L,46,0.9200,iron-clad,50
NMB,46,0.9200,iron-clad,50
SPATC1L,46,0.9200,iron-clad,50
ADAMTS1,46,0.9200,iron-clad,50
KDM1A,46,0.9200,iron-clad,50
AGTRAP,46,0.9200,iron-clad,50
ITGA4,46,0.9200,iron-clad,50
RAB3IP,46,0.9200,iron-clad,50
FAM234B,46,0.9200,iron-clad,50
FXYD3,46,0.9200,iron-clad,50
SLC25A40,46,0.9200,iron-clad,50
KATNIP,46,0.9200,iron-clad,50
ZNF700,46,0.9200,iron-clad,50
CDS2,46,0.9200,iron-clad,50
SEMA4B,46,0.9200,iron-clad,50
PMM1,45,0.9000,iron-clad,50
ACOT1,45,0.9000,iron-clad,50
CCN5,45,0.9000,iron-clad,50
ME1,45,0.9000,iron-clad,50
NHLRC2,45,0.9000,iron-clad,50
PYM1,45,0.9000,iron-clad,50
RSPRY1,45,0.9000,iron-clad,50
UNC5B,45,0.9000,iron-clad,50
ISG20,45,0.9000,iron-clad,50
CCND2,45,0.9000,iron-clad,50
AGR3,45,0.9000,iron-clad,50
IRX3,45,0.9000,iron-clad,50
MMP9,45,0.9000,iron-clad,50
TFF1,45,0.9000,iron-clad,50
LMO2,45,0.9000,iron-clad,50
FSIP1,45,0.9000,iron-clad,50
CALHM5,45,0.9000,iron-clad,50
CLIP4,45,0.9000,iron-clad,50
CERCAM,45,0.9000,iron-clad,50
KCTD18,45,0.9000,iron-clad,50
RIOX2,45,0.9000,iron-clad,50
CD163L1,45,0.9000,iron-clad,50
MCFD2,45,0.9000,iron-clad,50
CHD1,45,0.9000,iron-clad,50
PTPRO,45,0.9000,iron-clad,50
RRS1,45,0.9000,iron-clad,50
COLEC11,45,0.9000,iron-clad,50
ECPAS,45,0.9000,iron-clad,50
GPSM2,45,0.9000,iron-clad,50
SLC48A1,45,0.9000,iron-clad,50
ACBD6,45,0.9000,iron-clad,50
ATG4D,45,0.9000,iron-clad,50
EHD2,45,0.9000,iron-clad,50
CRBN,45,0.9000,iron-clad,50
NIBAN2,45,0.9000,iron-clad,50
PEX11B,45,0.9000,iron-clad,50
CFLAR,45,0.9000,iron-clad,50
NNT,45,0.9000,iron-clad,50
GRB10,45,0.9000,iron-clad,50
G3BP1,45,0.9000,iron-clad,50
P2RX4,45,0.9000,iron-clad,50
DDX56,45,0.9000,iron-clad,50
RHOJ,44,0.8800,borderline,50
SNTA1,44,0.8800,borderline,50
TK2,44,0.8800,borderline,50
SDC2,44,0.8800,borderline,50
CRTC3,44,0.8800,borderline,50
ZDHHC9,44,0.8800,borderline,50
GIMAP6,44,0.8800,borderline,50
RACGAP1,44,0.8800,borderline,50
EEIG1,44,0.8800,borderline,50
DHX9,44,0.8800,borderline,50
IGSF10,44,0.8800,borderline,50
ZNF93,44,0.8800,borderline,50
MT-ND2,44,0.8800,borderline,50
FGFRL1,44,0.8800,borderline,50
OAS1,44,0.8800,borderline,50
PTPN2,44,0.8800,borderline,50
TMEM181,44,0.8800,borderline,50
HNRNPA2B1,44,0.8800,borderline,50
PRPS2,44,0.8800,borderline,50
SMC1A,44,0.8800,borderline,50
C1S,44,0.8800,borderline,50
FOXO1,44,0.8800,borderline,50
LDB2,44,0.8800,borderline,50
MAPK8,44,0.8800,borderline,50
MED14,44,0.8800,borderline,50
CDC42,44,0.8800,borderline,50
GP2,44,0.8800,borderline,50
TECPR1,44,0.8800,borderline,50
ARRDC3,44,0.8800,borderline,50
TRAF5,44,0.8800,borderline,50
MRGPRF,44,0.8800,borderline,50
POGK,44,0.8800,borderline,50
PDZD8,43,0.8600,borderline,50
ZFHX4,43,0.8600,borderline,50
GTF2IRD1,43,0.8600,borderline,50
PLIN3,43,0.8600,borderline,50
SF3B4,43,0.8600,borderline,50
SLC9A1,43,0.8600,borderline,50
SLC25A44,43,0.8600,borderline,50
HSPBP1,43,0.8600,borderline,50
GFOD1,43,0.8600,borderline,50
SECISBP2L,43,0.8600,borderline,50
FGD5,43,0.8600,borderline,50
CIDEC,43,0.8600,borderline,50
ADD3,43,0.8600,borderline,50
MAF,43,0.8600,borderline,50
SERPING1,43,0.8600,borderline,50
TNFRSF21,43,0.8600,borderline,50
CHD1L,43,0.8600,borderline,50
VCAN,43,0.8600,borderline,50
H2AX,43,0.8600,borderline,50
VOPP1,43,0.8600,borderline,50
LDB1,43,0.8600,borderline,50
TBC1D7,43,0.8600,borderline,50
DPCD,43,0.8600,borderline,50
TGFBR2,43,0.8600,borderline,50
ANXA1,43,0.8600,borderline,50
GPATCH2,43,0.8600,borderline,50
EIF4E2,43,0.8600,borderline,50
MYO19,43,0.8600,borderline,50
CD14,43,0.8600,borderline,50
PIK3R1,42,0.8400,borderline,50
SLC66A2,42,0.8400,borderline,50
SNTB2,42,0.8400,borderline,50
LMBR1L,42,0.8400,borderline,50
EMC9,42,0.8400,borderline,50
SNCAIP,42,0.8400,borderline,50
FZD2,42,0.8400,borderline,50
SEC11C,42,0.8400,borderline,50
ZNF92,42,0.8400,borderline,50
NOC2L,42,0.8400,borderline,50
ANGPTL1,42,0.8400,borderline,50
EIF3I,42,0.8400,borderline,50
CNBP,42,0.8400,borderline,50
SULT1A2,42,0.8400,borderline,50
ARL6IP5,42,0.8400,borderline,50
DTD2,42,0.8400,borderline,50
ZYG11B,42,0.8400,borderline,50
MAGOHB,42,0.8400,borderline,50
TKFC,42,0.8400,borderline,50
KPTN,41,0.8200,borderline,50
RFLNB,41,0.8200,borderline,50
MAP3K5,41,0.8200,borderline,50
CES2,41,0.8200,borderline,50
ADCY1,41,0.8200,borderline,50
MARK1,41,0.8200,borderline,50
SNX3,41,0.8200,borderline,50
KLHDC9,41,0.8200,borderline,50
STIL,41,0.8200,borderline,50
ZNF7,41,0.8200,borderline,50
GPC6,41,0.8200,borderline,50
MED12,41,0.8200,borderline,50
PPIL2,41,0.8200,borderline,50
RAD54L2,41,0.8200,borderline,50
MYEF2,41,0.8200,borderline,50
MAL2,41,0.8200,borderline,50
PTPRS,41,0.8200,borderline,50
SORD,41,0.8200,borderline,50
TCF7L1,41,0.8200,borderline,50
CITED2,41,0.8200,borderline,50
FBXL16,40,0.8000,borderline,50
ZNF142,40,0.8000,borderline,50
HNMT,40,0.8000,borderline,50
ATL3,40,0.8000,borderline,50
COL4A1,40,0.8000,borderline,50
MGST3,40,0.8000,borderline,50
UBE2E3,40,0.8000,borderline,50
ELK3,40,0.8000,borderline,50
MX1,40,0.8000,borderline,50
MANEA,40,0.8000,borderline,50
LATS2,40,0.8000,borderline,50
PCGF5,40,0.8000,borderline,50
UBE2E2,40,0.8000,borderline,50
CD300LG,40,0.8000,borderline,50
MAP7,40,0.8000,borderline,50
ARF5,40,0.8000,borderline,50
NOP2,40,0.8000,borderline,50
TMEM9,40,0.8000,borderline,50
LRIF1,40,0.8000,borderline,50
REV3L,39,0.7800,borderline,50
NUAK1,39,0.7800,borderline,50
PIERCE1,39,0.7800,borderline,50
PROS1,39,0.7800,borderline,50
MMP28,39,0.7800,borderline,50
TMEM45A,39,0.7800,borderline,50
NFYB,39,0.7800,borderline,50
RBM23,39,0.7800,borderline,50
PSMD13,39,0.7800,borderline,50
HSPH1,39,0.7800,borderline,50
LRRC8D,39,0.7800,borderline,50
MSMO1,39,0.7800,borderline,50
TUBA4A,39,0.7800,borderline,50
TC2N,39,0.7800,borderline,50
TNFRSF10A,39,0.7800,borderline,50
NELL2,39,0.7800,borderline,50
SIAH2,39,0.7800,borderline,50
PTPRJ,39,0.7800,borderline,50
SLC25A36,39,0.7800,borderline,50
EGR1,39,0.7800,borderline,50
CYRIA,39,0.7800,borderline,50
ENDOV,39,0.7800,borderline,50
FGD1,39,0.7800,borderline,50
FAM174B,39,0.7800,borderline,50
CYLD,38,0.7600,borderline,50
IDE,38,0.7600,borderline,50
NME1,38,0.7600,borderline,50
CCR5,38,0.7600,borderline,50
RANGAP1,38,0.7600,borderline,50
GLMN,38,0.7600,borderline,50
TIAL1,38,0.7600,borderline,50
ADGRE5,38,0.7600,borderline,50
TACO1,38,0.7600,borderline,50
CDK2AP2,38,0.7600,borderline,50
RPL23A,38,0.7600,borderline,50
MAGT1,38,0.7600,borderline,50
MIS18A,38,0.7600,borderline,50
FASN,38,0.7600,borderline,50
SLC39A1,38,0.7600,borderline,50
BTG2,38,0.7600,borderline,50
GATA2,38,0.7600,borderline,50
PYGO2,38,0.7600,borderline,50
ARL4D,38,0.7600,borderline,50
ZNF510,38,0.7600,borderline,50
NOVA1,37,0.7400,borderline,50
FGFR1,37,0.7400,borderline,50
PHKA2,37,0.7400,borderline,50
EPB41L4B,37,0.7400,borderline,50
MIER2,37,0.7400,borderline,50
ZSWIM1,37,0.7400,borderline,50
FAM149B1,37,0.7400,borderline,50
PKNOX2,37,0.7400,borderline,50
PPM1M,37,0.7400,borderline,50
TMEM131L,37,0.7400,borderline,50
JAK3,37,0.7400,borderline,50
PROM1,37,0.7400,borderline,50
ITGB4,37,0.7400,borderline,50
DEFB132,36,0.7200,borderline,50
CPNE2,36,0.7200,borderline,50
CMTM4,36,0.7200,borderline,50
HNRNPA1,36,0.7200,borderline,50
CNRIP1,36,0.7200,borderline,50
EIF3L,36,0.7200,borderline,50
GIT2,36,0.7200,borderline,50
SRSF4,36,0.7200,borderline,50
RHBDF2,36,0.7200,borderline,50
MYL9,35,0.7000,borderline,50
PLEKHM1,35,0.7000,borderline,50
ATF3,35,0.7000,borderline,50
TADA1,35,0.7000,borderline,50
BICDL1,35,0.7000,borderline,50
LAMP5,35,0.7000,borderline,50
LY6E,35,0.7000,borderline,50
SMC4,35,0.7000,borderline,50
TFB1M,35,0.7000,borderline,50
PSME1,35,0.7000,borderline,50
SPRED2,35,0.7000,borderline,50
ATIC,35,0.7000,borderline,50
FGD4,35,0.7000,borderline,50
COMMD6,34,0.6800,borderline,50
JAK1,34,0.6800,borderline,50
MED27,34,0.6800,borderline,50
CENATAC,34,0.6800,borderline,50
MCM5,34,0.6800,borderline,50
ANG,34,0.6800,borderline,50
DNMT1,34,0.6800,borderline,50
SLC1A3,33,0.6600,borderline,50
GMIP,33,0.6600,borderline,50
PPP2R3C,33,0.6600,borderline,50
TNN,33,0.6600,borderline,50
USP53,33,0.6600,borderline,50
SMYD4,33,0.6600,borderline,50
RPS6KA1,33,0.6600,borderline,50
ERG28,33,0.6600,borderline,50
LPAR6,32,0.6400,borderline,50
CHLSN,32,0.6400,borderline,50
MYCBP2,32,0.6400,borderline,50
TIMP3,32,0.6400,borderline,50
TNS2,32,0.6400,borderline,50
EDF1,32,0.6400,borderline,50
CMC2,32,0.6400,borderline,50
RUVBL2,32,0.6400,borderline,50
PHKG2,32,0.6400,borderline,50
ASPM,32,0.6400,borderline,50
MMGT1,31,0.6200,borderline,50
MTA3,31,0.6200,borderline,50
TBL2,31,0.6200,borderline,50
MSH3,31,0.6200,borderline,50
SLC4A4,31,0.6200,borderline,50
SKAP2,30,0.6000,borderline,50
NRP1,30,0.6000,borderline,50
PDGFD,30,0.6000,borderline,50
RNASE4,30,0.6000,borderline,50
VARS2,30,0.6000,borderline,50
SLC1A1,30,0.6000,borderline,50
FBXL17,30,0.6000,borderline,50
EMC10,29,0.5800,borderline,50
UBFD1,29,0.5800,borderline,50
HSPA5,29,0.5800,borderline,50
NRP2,29,0.5800,borderline,50
NSUN2,28,0.5600,borderline,50
BEND3,28,0.5600,borderline,50
TMEM165,28,0.5600,borderline,50
GGA1,28,0.5600,borderline,50
PDZRN3,27,0.5400,borderline,50
SUCLA2,27,0.5400,borderline,50
VIM,27,0.5400,borderline,50
EGR2,27,0.5400,borderline,50
PEG3,27,0.5400,borderline,50
SF1,26,0.5200,borderline,50
MEF2C,25,0.5000,borderline,50
SSPN,25,0.5000,borderline,50
SNX2,25,0.5000,borderline,50
SHE,24,0.4800,stochastic,50
HMGXB3,24,0.4800,stochastic,50
WRAP73,24,0.4800,stochastic,50
XG,24,0.4800,stochastic,50
CMC1,24,0.4800,stochastic,50
CLU,23,0.4600,stochastic,50
UBL4A,23,0.4600,stochastic,50
FBXO9,21,0.4200,stochastic,50
INTS10,21,0.4200,stochastic,50
ADAM10,20,0.4000,stochastic,50
SUGP1,19,0.3800,stochastic,50
ZC3H8,19,0.3800,stochastic,50
FZD7,18,0.3600,stochastic,50
RABEPK,18,0.3600,stochastic,50
ZCCHC3,16,0.3200,stochastic,50
RPL34,16,0.3200,stochastic,50
LIMS4,16,0.3200,stochastic,50
NEK9,15,0.3000,stochastic,50
ASXL1,11,0.2200,stochastic,50
MYD88,11,0.2200,stochastic,50
TRUB2,11,0.2200,stochastic,50
ZNF627,11,0.2200,stochastic,50
OXNAD1,10,0.2000,stochastic,50
ACTL6A,10,0.2000,stochastic,50
ARRDC2,7,0.1400,stochastic,50
COA6,6,0.1200,stochastic,50
PABPC1,6,0.1200,stochastic,50
NRSN2,5,0.1000,stochastic,50
TP53BP1,5,0.1000,stochastic,50
EEF1A1,3,0.0600,stochastic,50
HELZ,3,0.0600,stochastic,50
MT-ND4,3,0.0600,stochastic,50
ADM2,1,0.0200,stochastic,50
ADRM1,1,0.0200,stochastic,50
NABP2,1,0.0200,stochastic,50
