gene,modal_cluster,modal_count,total_runs,modal_fraction,n_distinct_clusters
A1CF,0,6,50,0.120,34
A2M,219,2,50,0.040,45
AARS1,69,2,50,0.040,48
AASDHPPT,260,2,50,0.040,43
AATF,110,2,50,0.040,47
ABAT,136,2,50,0.040,48
ABCA1,3,2,50,0.040,46
ABCA5,1,3,50,0.060,45
ABCA8,165,2,50,0.040,48
ABCA9,333,2,50,0.040,48
ABCB1,289,2,50,0.040,48
ABCB11,9,2,50,0.040,45
ABCB4,244,2,50,0.040,47
ABCB6,108,2,50,0.040,48
ABCC1,112,2,50,0.040,49
ABCC10,419,2,50,0.040,49
ABCC3,158,2,50,0.040,47
ABCD3,334,2,50,0.040,48
ABCE1,318,1,50,0.020,50
ABCF1,176,2,50,0.040,49
ABCF2,621,2,50,0.040,48
ABCG2,0,5,50,0.100,42
ABHD11,554,1,50,0.020,50
ABHD15,455,2,50,0.040,49
ABHD17C,579,2,50,0.040,47
ABHD18,469,2,50,0.040,49
ABHD5,511,2,50,0.040,44
ABHD6,80,2,50,0.040,48
ABI2,212,2,50,0.040,49
ABI3BP,420,2,50,0.040,47
ABO,307,2,50,0.040,47
ABRACL,559,2,50,0.040,49
ABT1,764,2,50,0.040,49
ACAA1,157,2,50,0.040,45
ACAA2,542,2,50,0.040,49
ACACA,611,1,50,0.020,50
ACACB,474,2,50,0.040,47
ACAD8,353,2,50,0.040,48
ACAD9,780,2,50,0.040,49
ACADM,612,2,50,0.040,49
ACADS,12,2,50,0.040,49
ACADSB,617,1,50,0.020,50
ACADVL,475,2,50,0.040,48
ACAP2,492,1,50,0.020,45
ACAT1,612,2,50,0.040,49
ACBD4,464,2,50,0.040,49
ACBD6,734,1,50,0.020,50
ACD,140,2,50,0.040,48
ACER2,460,1,50,0.020,50
ACER3,656,2,50,0.040,49
ACKR1,318,2,50,0.040,46
ACKR3,1,2,50,0.040,48
ACKR4,787,2,50,0.040,46
ACLY,782,1,50,0.020,47
ACO2,38,2,50,0.040,49
ACOT1,738,2,50,0.040,47
ACOT11,289,2,50,0.040,48
ACOT13,506,1,50,0.020,50
ACOX1,511,2,50,0.040,48
ACOX3,285,2,50,0.040,46
ACP1,319,2,50,0.040,48
ACP2,619,2,50,0.040,46
ACP6,665,2,50,0.040,46
ACSF2,230,2,50,0.040,48
ACSL4,658,2,50,0.040,47
ACSL6,492,2,50,0.040,49
ACSM3,245,2,50,0.040,47
ACSS1,2,2,50,0.040,49
ACTL10,547,1,50,0.020,50
ACTN1,469,1,50,0.020,50
ACTR10,142,2,50,0.040,48
ACTR3B,709,2,50,0.040,47
ACTR5,478,2,50,0.040,49
ACVR1,590,2,50,0.040,48
ACVR1C,89,2,50,0.040,49
ACVR2A,518,2,50,0.040,49
ACVR2B,738,2,50,0.040,46
ACVRL1,362,2,50,0.040,48
ADA,383,2,50,0.040,49
ADA2,464,2,50,0.040,49
ADAM12,455,2,50,0.040,49
ADAM17,188,2,50,0.040,48
ADAM19,661,2,50,0.040,49
ADAM28,36,1,50,0.020,50
ADAMDEC1,669,3,50,0.060,48
ADAMTS1,3,2,50,0.040,46
ADAMTS12,755,1,50,0.020,50
ADAMTS2,348,2,50,0.040,47
ADAMTS9,556,2,50,0.040,48
ADAMTSL1,737,2,50,0.040,49
ADAMTSL3,21,2,50,0.040,47
ADAR,576,2,50,0.040,47
ADAT1,669,2,50,0.040,49
ADCK2,3,2,50,0.040,49
ADCY3,653,2,50,0.040,49
ADCY6,230,2,50,0.040,48
ADD1,714,2,50,0.040,48
ADGRA3,25,3,50,0.060,46
ADGRB3,2,3,50,0.060,45
ADGRE5,740,2,50,0.040,48
ADGRG1,336,1,50,0.020,50
ADGRG5,628,2,50,0.040,47
ADGRG6,595,2,50,0.040,48
ADGRG7,333,2,50,0.040,48
ADGRL1,554,1,50,0.020,50
ADGRL3,46,2,50,0.040,49
ADH1A,408,1,50,0.020,50
ADH1B,165,2,50,0.040,48
ADH1C,165,2,50,0.040,48
ADH5,285,2,50,0.040,46
ADH6,642,2,50,0.040,46
ADHFE1,334,2,50,0.040,48
ADIRF,397,2,50,0.040,47
ADISSP,519,2,50,0.040,47
ADK,190,1,50,0.020,49
ADNP,761,2,50,0.040,47
ADO,303,2,50,0.040,49
ADORA3,322,2,50,0.040,48
ADPGK,707,2,50,0.040,49
ADPRM,132,2,50,0.040,46
ADRA2A,319,2,50,0.040,47
ADRB1,289,2,50,0.040,48
ADRB2,617,1,50,0.020,50
ADRM1,412,1,50,0.020,50
AEBP1,378,1,50,0.020,47
AEBP2,717,2,50,0.040,46
AEN,707,2,50,0.040,47
AFF1,750,2,50,0.040,44
AFF3,631,2,50,0.040,47
AFF4,428,2,50,0.040,49
AFG3L2,738,2,50,0.040,47
AGA,494,2,50,0.040,49
AGAP3,27,2,50,0.040,47
AGFG1,365,1,50,0.020,50
AGK,687,2,50,0.040,48
AGL,706,2,50,0.040,48
AGMAT,324,2,50,0.040,48
AGO2,416,1,50,0.020,50
AGR2,392,1,50,0.020,50
AGR3,65,2,50,0.040,48
AGRN,110,2,50,0.040,47
AGT,339,1,50,0.020,48
AGTPBP1,798,2,50,0.040,47
AGTRAP,525,1,50,0.020,50
AHCTF1,380,2,50,0.040,48
AHCY,344,2,50,0.040,48
AHCYL2,572,1,50,0.020,50
AHNAK,145,2,50,0.040,49
AHNAK2,295,2,50,0.040,49
AHRR,25,3,50,0.060,46
AHSA1,524,2,50,0.040,49
AIG1,59,1,50,0.020,50
AIMP2,188,2,50,0.040,48
AIRIM,419,2,50,0.040,49
AJUBA,348,2,50,0.040,46
AK2,271,1,50,0.020,50
AK3,185,2,50,0.040,45
AKAP11,469,1,50,0.020,50
AKAP13,729,1,50,0.020,50
AKAP17A,188,2,50,0.040,48
AKAP19,669,2,50,0.040,49
AKAP7,69,2,50,0.040,47
AKAP9,583,2,50,0.040,49
AKIP1,442,2,50,0.040,49
AKIRIN1,553,2,50,0.040,49
AKR1B10,669,2,50,0.040,49
AKR1C1,613,2,50,0.040,49
AKR1C3,55,2,50,0.040,48
AKT2,535,3,50,0.060,48
AKTIP,494,2,50,0.040,49
ALAD,25,3,50,0.060,46
ALAS1,486,2,50,0.040,47
ALCAM,466,3,50,0.060,47
ALDH1A1,772,2,50,0.040,48
ALDH1A3,18,2,50,0.040,43
ALDH1B1,121,2,50,0.040,48
ALDH3A2,763,2,50,0.040,49
ALDH4A1,339,1,50,0.020,50
ALDH6A1,464,2,50,0.040,49
ALG1,212,2,50,0.040,46
ALG3,347,2,50,0.040,48
ALG5,765,2,50,0.040,48
ALG8,769,2,50,0.040,48
ALKAL2,631,2,50,0.040,47
ALKBH2,680,2,50,0.040,48
ALKBH7,276,1,50,0.020,50
ALPI,92,2,50,0.040,49
AMIGO2,250,2,50,0.040,48
AMMECR1,590,2,50,0.040,46
AMN,715,2,50,0.040,49
AMOTL2,519,2,50,0.040,47
AMPD1,772,2,50,0.040,48
AMPD2,146,2,50,0.040,47
AMT,737,2,50,0.040,49
AMZ2,549,3,50,0.060,46
ANAPC10,679,2,50,0.040,47
ANAPC11,416,1,50,0.020,50
ANAPC13,82,2,50,0.040,49
ANAPC5,674,2,50,0.040,48
ANAPC7,298,1,50,0.020,50
ANG,398,2,50,0.040,48
ANGEL1,484,2,50,0.040,48
ANGPT2,45,3,50,0.060,47
ANGPTL1,162,2,50,0.040,48
ANGPTL2,376,2,50,0.040,49
ANK2,408,1,50,0.020,50
ANK3,1,3,50,0.060,45
ANKEF1,37,2,50,0.040,48
ANKFY1,3,2,50,0.040,49
ANKIB1,355,2,50,0.040,49
ANKLE2,547,1,50,0.020,50
ANKMY2,741,2,50,0.040,48
ANKRA2,628,2,50,0.040,47
ANKRD10,735,2,50,0.040,49
ANKRD12,613,2,50,0.040,49
ANKRD13A,742,2,50,0.040,48
ANKRD13B,665,2,50,0.040,49
ANKRD13C,656,2,50,0.040,49
ANKRD16,498,2,50,0.040,48
ANKRD22,260,2,50,0.040,43
ANKRD35,644,2,50,0.040,48
ANKRD39,75,2,50,0.040,49
ANKRD40,711,2,50,0.040,48
ANKRD40CL,715,2,50,0.040,49
ANKRD44,613,2,50,0.040,49
ANKRD52,417,2,50,0.040,45
ANKRD9,353,2,50,0.040,48
ANKS4B,475,2,50,0.040,48
ANKS6,52,2,50,0.040,49
ANLN,355,2,50,0.040,49
ANO10,185,2,50,0.040,45
ANO5,1,2,50,0.040,48
ANO6,455,2,50,0.040,49
ANO7,463,2,50,0.040,48
ANOS1,665,2,50,0.040,48
ANPEP,669,2,50,0.040,49
ANTXR2,250,2,50,0.040,47
ANXA2,182,2,50,0.040,47
ANXA3,627,2,50,0.040,49
ANXA5,246,1,50,0.020,50
ANXA6,108,2,50,0.040,46
ANXA7,720,1,50,0.020,50
ANXA9,223,2,50,0.040,48
AOC1,352,2,50,0.040,48
AOC3,191,1,50,0.020,50
AP1AR,267,2,50,0.040,46
AP1M1,576,2,50,0.040,43
AP1S1,212,2,50,0.040,49
AP1S2,72,2,50,0.040,49
AP1S3,324,2,50,0.040,48
AP2S1,423,2,50,0.040,48
AP3D1,207,2,50,0.040,48
AP3M2,661,2,50,0.040,47
AP4S1,658,2,50,0.040,44
AP5M1,739,2,50,0.040,48
APBB1IP,572,2,50,0.040,48
APBB2,59,1,50,0.020,50
APC,737,2,50,0.040,49
APCDD1,546,2,50,0.040,49
APEX1,740,2,50,0.040,48
APEX2,74,2,50,0.040,47
API5,505,2,50,0.040,47
APLF,173,1,50,0.020,50
APLP2,702,2,50,0.040,49
APMAP,381,1,50,0.020,50
APOBEC1,576,2,50,0.040,47
APOBR,69,2,50,0.040,47
APOE,316,2,50,0.040,48
APOL3,446,2,50,0.040,47
APOL6,398,2,50,0.040,48
APOLD1,187,2,50,0.040,48
APPL2,12,2,50,0.040,49
APTX,197,2,50,0.040,49
AQP1,281,2,50,0.040,48
AQP11,217,2,50,0.040,47
AQP8,166,2,50,0.040,48
AQP9,455,2,50,0.040,49
ARCN1,83,2,50,0.040,44
AREG,557,2,50,0.040,47
ARFGAP1,13,2,50,0.040,47
ARFGEF2,68,2,50,0.040,45
ARFIP1,272,2,50,0.040,45
ARG2,354,3,50,0.060,45
ARHGAP11A,37,2,50,0.040,48
ARHGAP20,796,2,50,0.040,49
ARHGAP21,596,2,50,0.040,48
ARHGAP26,295,2,50,0.040,49
ARHGAP27,288,2,50,0.040,47
ARHGAP28,655,3,50,0.060,43
ARHGAP30,192,1,50,0.020,50
ARHGAP31,226,2,50,0.040,48
ARHGAP39,738,2,50,0.040,47
ARHGAP42,38,2,50,0.040,49
ARHGAP5,132,2,50,0.040,46
ARHGAP9,70,2,50,0.040,47
ARHGDIB,126,1,50,0.020,50
ARHGEF10,798,2,50,0.040,47
ARHGEF12,563,1,50,0.020,48
ARHGEF19,443,1,50,0.020,50
ARHGEF25,136,2,50,0.040,48
ARHGEF3,396,2,50,0.040,48
ARHGEF37,250,2,50,0.040,47
ARHGEF39,207,2,50,0.040,48
ARHGEF9,354,2,50,0.040,49
ARID3A,410,1,50,0.020,50
ARID5B,590,2,50,0.040,48
ARIH1,622,2,50,0.040,48
ARK2N,730,2,50,0.040,49
ARL14,409,1,50,0.020,50
ARL15,599,2,50,0.040,48
ARL3,293,2,50,0.040,48
ARL4C,1,2,50,0.040,48
ARL5B,286,1,50,0.020,50
ARL6IP6,111,2,50,0.040,49
ARL8A,252,2,50,0.040,48
ARMC1,176,2,50,0.040,49
ARMC10,9,4,50,0.080,45
ARMC6,561,2,50,0.040,48
ARMC8,428,2,50,0.040,49
ARMCX1,112,2,50,0.040,48
ARMCX3,140,2,50,0.040,46
ARMCX5,494,2,50,0.040,47
ARMCX6,445,2,50,0.040,45
ARPC1B,771,2,50,0.040,48
ARPC5,456,2,50,0.040,47
ARPC5L,207,2,50,0.040,48
ARPIN,476,2,50,0.040,47
ARRDC1,547,1,50,0.020,49
ARRDC4,644,2,50,0.040,48
ARSA,649,2,50,0.040,49
ARSK,151,2,50,0.040,47
ARSL,108,2,50,0.040,48
ARV1,739,2,50,0.040,48
ASAH1,715,2,50,0.040,48
ASAP1,261,2,50,0.040,48
ASAP3,378,2,50,0.040,48
ASB2,46,2,50,0.040,49
ASB7,363,3,50,0.060,42
ASB8,398,2,50,0.040,49
ASB9,185,2,50,0.040,48
ASCC1,742,1,50,0.020,50
ASCC2,494,2,50,0.040,49
ASCC3,706,1,50,0.020,50
ASCL2,17,2,50,0.040,49
ASF1B,301,1,50,0.020,50
ASIC1,798,2,50,0.040,48
ASNS,629,2,50,0.040,49
ASNSD1,442,2,50,0.040,49
ASPA,420,2,50,0.040,47
ASPHD1,707,2,50,0.040,49
ASPM,140,2,50,0.040,47
ASPSCR1,547,1,50,0.020,50
ASXL1,75,1,50,0.020,50
ATAD2,695,2,50,0.040,48
ATAD3A,431,2,50,0.040,47
ATAD3B,114,2,50,0.040,46
ATAD5,602,2,50,0.040,49
ATE1,3,2,50,0.040,49
ATF4,789,2,50,0.040,49
ATG101,771,2,50,0.040,48
ATG2B,599,2,50,0.040,48
ATG3,261,1,50,0.020,48
ATG4D,518,2,50,0.040,49
ATIC,681,2,50,0.040,48
ATL1,334,2,50,0.040,48
ATL2,83,2,50,0.040,45
ATOH1,288,2,50,0.040,49
ATOSA,575,2,50,0.040,49
ATOX1,131,2,50,0.040,48
ATP11A,755,1,50,0.020,50
ATP11B,617,2,50,0.040,47
ATP13A1,623,2,50,0.040,49
ATP13A2,566,3,50,0.060,47
ATP13A3,688,2,50,0.040,49
ATP1A2,513,1,50,0.020,50
ATP23,681,1,50,0.020,50
ATP2A2,554,1,50,0.020,50
ATP2A3,544,2,50,0.040,49
ATP2B1,568,1,50,0.020,50
ATP2C1,100,1,50,0.020,49
ATP5F1A,739,2,50,0.040,48
ATP5F1B,206,2,50,0.040,49
ATP5F1E,100,1,50,0.020,50
ATP5MC3,49,2,50,0.040,49
ATP5MK,316,2,50,0.040,48
ATP5PB,333,2,50,0.040,47
ATP5PF,90,2,50,0.040,49
ATP5PO,235,2,50,0.040,48
ATP6AP1,99,1,50,0.020,50
ATP6V0D1,25,3,50,0.060,46
ATP6V0D2,517,2,50,0.040,48
ATP6V0E2,807,2,50,0.040,47
ATP6V1C2,665,2,50,0.040,46
ATP6V1E2,190,1,50,0.020,49
ATP6V1G1,621,2,50,0.040,45
ATP6V1H,467,2,50,0.040,48
ATP7B,309,2,50,0.040,46
ATP8A1,153,2,50,0.040,49
ATP8B1,2,3,50,0.060,45
ATP8B2,513,3,50,0.060,46
ATP8B3,128,2,50,0.040,45
ATP8B4,142,2,50,0.040,48
ATP9B,393,2,50,0.040,49
ATPAF2,631,2,50,0.040,46
ATR,69,2,50,0.040,48
ATXN7,506,1,50,0.020,50
AUH,547,2,50,0.040,49
AUNIP,680,2,50,0.040,48
AURKA,710,2,50,0.040,46
AURKB,146,2,50,0.040,47
AUTS2,530,2,50,0.040,48
AVL9,494,2,50,0.040,43
AVPI1,474,2,50,0.040,47
AXIN1,287,1,50,0.020,50
AXIN2,355,2,50,0.040,49
AZGP1,605,2,50,0.040,46
AZI2,659,2,50,0.040,46
B2M,420,2,50,0.040,47
B3GALNT2,467,2,50,0.040,49
B3GALT2,141,2,50,0.040,48
B3GALT4,88,1,50,0.020,50
B3GALT5,669,2,50,0.040,49
B3GALT6,680,2,50,0.040,48
B3GNT5,491,2,50,0.040,45
B3GNT6,69,2,50,0.040,47
B3GNT7,65,2,50,0.040,48
B3GNT8,655,2,50,0.040,47
B4GALNT2,46,2,50,0.040,49
B4GALT4,795,2,50,0.040,48
B4GALT6,417,2,50,0.040,48
B9D1,318,1,50,0.020,50
BACE1,37,2,50,0.040,48
BACE2,707,2,50,0.040,47
BAD,112,2,50,0.040,48
BAG2,530,2,50,0.040,49
BAG6,751,2,50,0.040,48
BAIAP2L1,590,2,50,0.040,46
BAIAP2L2,489,2,50,0.040,47
BAIAP3,157,2,50,0.040,44
BAK1,631,2,50,0.040,47
BANF1,669,2,50,0.040,49
BANP,659,2,50,0.040,49
BARD1,190,1,50,0.020,49
BAZ1B,731,2,50,0.040,47
BBIP1,319,2,50,0.040,47
BBLN,122,3,50,0.060,47
BBOF1,603,1,50,0.020,50
BBS12,617,2,50,0.040,49
BCAP31,525,1,50,0.020,50
BCAR3,378,2,50,0.040,48
BCAS1,500,2,50,0.040,49
BCCIP,273,2,50,0.040,48
BCHE,669,2,50,0.040,44
BCKDHB,679,1,50,0.020,50
BCKDK,354,2,50,0.040,48
BCL10,492,1,50,0.020,46
BCL11B,83,2,50,0.040,47
BCL2,245,2,50,0.040,47
BCL2L1,50,2,50,0.040,49
BCL2L12,611,1,50,0.020,46
BCL2L2,142,2,50,0.040,48
BCL6,486,2,50,0.040,49
BCL7A,98,1,50,0.020,49
BCO1,730,2,50,0.040,49
BCOR,173,1,50,0.020,50
BCR,367,2,50,0.040,45
BCS1L,176,2,50,0.040,49
BDH1,354,2,50,0.040,49
BDH2,324,2,50,0.040,47
BDKRB1,617,1,50,0.020,50
BDKRB2,655,2,50,0.040,48
BECN1,546,2,50,0.040,45
BEND3,627,2,50,0.040,45
BEST2,634,2,50,0.040,48
BEST4,78,3,50,0.060,45
BET1,740,2,50,0.040,48
BEX1,219,2,50,0.040,46
BEX4,46,2,50,0.040,49
BFAR,68,2,50,0.040,44
BFSP1,665,2,50,0.040,47
BGN,347,2,50,0.040,47
BHLHE40,556,2,50,0.040,46
BHLHE41,218,2,50,0.040,49
BICD1,354,3,50,0.060,46
BICD2,627,2,50,0.040,45
BICDL1,111,2,50,0.040,49
BID,278,2,50,0.040,49
BIK,125,2,50,0.040,48
BIN2,281,2,50,0.040,48
BIRC2,703,2,50,0.040,49
BIRC3,418,2,50,0.040,48
BIRC5,778,2,50,0.040,48
BIVM,689,2,50,0.040,44
BKGD,464,2,50,0.040,49
BLACAT1,710,2,50,0.040,46
BLCAP,145,2,50,0.040,48
BLM,571,2,50,0.040,47
BLNK,2,2,50,0.040,48
BLOC1S3,75,2,50,0.040,47
BLTP1,623,2,50,0.040,49
BLVRB,39,2,50,0.040,48
BMAL1,141,2,50,0.040,48
BMAL2,223,2,50,0.040,48
BMP3,4,2,50,0.040,47
BMP5,255,2,50,0.040,49
BMP6,469,2,50,0.040,46
BMP7,139,2,50,0.040,49
BMS1,524,2,50,0.040,49
BMX,716,1,50,0.020,50
BNIP3,708,2,50,0.040,49
BOD1,190,1,50,0.020,50
BOK,348,2,50,0.040,49
BOLA2B,448,1,50,0.020,45
BORA,521,2,50,0.040,48
BORCS5,365,1,50,0.020,49
BRAT1,8,2,50,0.040,47
BRCA1,519,2,50,0.040,47
BRCA2,778,2,50,0.040,46
BRD3,387,1,50,0.020,50
BRD3OS,553,2,50,0.040,48
BRD4,790,2,50,0.040,49
BRD7,657,2,50,0.040,46
BRD9,746,1,50,0.020,49
BRIP1,543,1,50,0.020,50
BRIX1,677,2,50,0.040,49
BRMS1,367,2,50,0.040,48
BRPF1,367,2,50,0.040,47
BSG,603,2,50,0.040,49
BST1,59,2,50,0.040,43
BTBD3,324,2,50,0.040,46
BTBD7,714,2,50,0.040,48
BTD,720,1,50,0.020,49
BTF3L4,299,2,50,0.040,49
BTG1,552,2,50,0.040,49
BTG2,516,2,50,0.040,48
BTK,230,2,50,0.040,48
BTLA,288,2,50,0.040,49
BTN3A3,534,2,50,0.040,49
BTNL3,513,1,50,0.020,50
BTNL8,148,2,50,0.040,48
BUB1,374,2,50,0.040,48
BUB1B,720,2,50,0.040,47
BUB3,687,2,50,0.040,48
BUD13,68,2,50,0.040,48
BUD23,303,2,50,0.040,49
BUD31,673,2,50,0.040,44
BYSL,680,2,50,0.040,48
BZW2,146,2,50,0.040,47
C10orf143,552,2,50,0.040,46
C11orf58,659,2,50,0.040,49
C11orf71,206,2,50,0.040,49
C11orf86,572,1,50,0.020,50
C11orf96,661,2,50,0.040,47
C11orf98,161,2,50,0.040,48
C12orf43,432,2,50,0.040,45
C12orf57,202,2,50,0.040,43
C12orf75,764,2,50,0.040,49
C14orf132,351,2,50,0.040,47
C15orf40,615,2,50,0.040,49
C16orf89,107,2,50,0.040,48
C17orf75,602,2,50,0.040,47
C19orf25,682,2,50,0.040,48
C19orf33,250,2,50,0.040,47
C19orf53,303,2,50,0.040,49
C1GALT1,611,1,50,0.020,46
C1GALT1C1,68,2,50,0.040,45
C1QA,602,2,50,0.040,47
C1QTNF1,417,2,50,0.040,49
C1QTNF12,192,1,50,0.020,50
C1QTNF5,546,1,50,0.020,50
C1QTNF7,677,2,50,0.040,47
C1orf115,289,2,50,0.040,48
C1orf174,207,2,50,0.040,48
C1orf198,278,2,50,0.040,49
C1orf21,476,2,50,0.040,47
C1orf210,583,2,50,0.040,49
C1orf216,803,2,50,0.040,47
C1orf226,474,2,50,0.040,47
C1orf35,614,2,50,0.040,48
C1orf74,598,2,50,0.040,48
C2,485,2,50,0.040,49
C22orf39,48,2,50,0.040,48
C2CD2,762,2,50,0.040,49
C2CD4A,727,2,50,0.040,48
C2orf49,644,2,50,0.040,47
C2orf68,596,2,50,0.040,49
C2orf72,217,2,50,0.040,47
C2orf74,603,2,50,0.040,49
C3,60,2,50,0.040,49
C3orf70,205,2,50,0.040,49
C3orf85,785,3,50,0.060,47
C4orf33,330,2,50,0.040,49
C5orf15,125,1,50,0.020,50
C5orf34,348,2,50,0.040,49
C6orf120,730,2,50,0.040,49
C6orf132,125,2,50,0.040,48
C7,4,2,50,0.040,47
C8orf33,180,2,50,0.040,49
C8orf88,630,2,50,0.040,43
C9orf72,1,2,50,0.040,48
CA1,166,2,50,0.040,48
CA12,726,2,50,0.040,47
CA2,166,2,50,0.040,47
CA4,166,2,50,0.040,46
CA7,78,3,50,0.060,45
CA9,326,2,50,0.040,49
CABLES2,762,2,50,0.040,48
CACNA1D,790,2,50,0.040,49
CACNA2D4,787,2,50,0.040,45
CACYBP,369,2,50,0.040,48
CAD,344,2,50,0.040,48
CADM1,80,2,50,0.040,48
CADPS,485,2,50,0.040,49
CALCOCO2,739,2,50,0.040,47
CALD1,1,2,50,0.040,48
CALM3,39,2,50,0.040,48
CALML4,25,3,50,0.060,46
CALR,423,2,50,0.040,48
CALU,1,2,50,0.040,49
CAMK1D,72,2,50,0.040,46
CAMK2D,38,2,50,0.040,49
CAMK2N1,425,2,50,0.040,48
CAMKMT,279,2,50,0.040,49
CAMLG,484,1,50,0.020,50
CAMSAP1,698,2,50,0.040,47
CAMSAP2,131,2,50,0.040,46
CAND2,655,2,50,0.040,47
CAPN2,354,2,50,0.040,49
CAPN5,217,2,50,0.040,47
CAPN9,205,1,50,0.020,50
CARD16,787,2,50,0.040,47
CARF,305,2,50,0.040,48
CARHSP1,188,2,50,0.040,48
CARM1,271,2,50,0.040,47
CARS1,176,2,50,0.040,49
CARS2,609,2,50,0.040,49
CARTPT,216,2,50,0.040,46
CASD1,378,2,50,0.040,48
CASK,687,2,50,0.040,45
CASP1,778,2,50,0.040,48
CASP2,687,2,50,0.040,48
CASP5,325,2,50,0.040,48
CASP7,378,2,50,0.040,48
CAST,243,1,50,0.020,50
CAT,435,1,50,0.020,50
CATSPERB,423,2,50,0.040,48
CAV1,655,2,50,0.040,47
CAV2,596,2,50,0.040,48
CAVIN1,182,2,50,0.040,47
CAVIN2,191,1,50,0.020,50
CBFA2T3,206,2,50,0.040,49
CBFB,629,2,50,0.040,48
CBLL1,193,2,50,0.040,45
CBLN2,89,2,50,0.040,49
CBR1,289,2,50,0.040,48
CBR4,750,2,50,0.040,49
CBX1,354,2,50,0.040,48
CBX3,245,1,50,0.020,50
CBX4,336,1,50,0.020,50
CBX7,677,2,50,0.040,47
CBX8,13,2,50,0.040,47
CCDC107,192,1,50,0.020,50
CCDC110,288,2,50,0.040,49
CCDC124,116,2,50,0.040,48
CCDC134,669,2,50,0.040,48
CCDC137,187,2,50,0.040,48
CCDC167,571,2,50,0.040,47
CCDC186,626,2,50,0.040,47
CCDC28A,334,2,50,0.040,47
CCDC3,753,1,50,0.020,50
CCDC32,684,3,50,0.060,47
CCDC34,127,2,50,0.040,47
CCDC43,121,2,50,0.040,49
CCDC50,658,2,50,0.040,47
CCDC51,776,2,50,0.040,43
CCDC57,805,2,50,0.040,49
CCDC59,342,1,50,0.020,50
CCDC68,513,1,50,0.020,50
CCDC69,106,2,50,0.040,47
CCDC71L,121,2,50,0.040,49
CCDC74B,455,2,50,0.040,49
CCDC77,751,2,50,0.040,48
CCDC85B,680,2,50,0.040,48
CCDC86,390,2,50,0.040,49
CCDC92,577,2,50,0.040,48
CCDC9B,209,2,50,0.040,48
CCL19,772,2,50,0.040,48
CCL20,455,2,50,0.040,49
CCL21,312,2,50,0.040,48
CCL23,772,2,50,0.040,48
CCL24,665,2,50,0.040,48
CCL28,289,2,50,0.040,48
CCL5,107,2,50,0.040,47
CCL8,345,2,50,0.040,48
CCN1,72,2,50,0.040,49
CCN2,486,2,50,0.040,49
CCN4,46,2,50,0.040,49
CCN6,544,2,50,0.040,46
CCNA2,497,1,50,0.020,50
CCNB1,624,2,50,0.040,48
CCNB1IP1,612,1,50,0.020,50
CCNB2,318,1,50,0.020,50
CCND1,348,2,50,0.040,49
CCNDBP1,253,2,50,0.040,48
CCNE1,629,2,50,0.040,48
CCNE2,543,1,50,0.020,49
CCNF,69,3,50,0.060,43
CCNG1,455,2,50,0.040,49
CCNG2,678,2,50,0.040,47
CCNH,246,1,50,0.020,48
CCNJ,521,2,50,0.040,48
CCNJL,354,2,50,0.040,49
CCNO,9,4,50,0.080,47
CCNQ,188,2,50,0.040,48
CCNYL1,251,2,50,0.040,47
CCPG1,32,2,50,0.040,48
CCR10,397,2,50,0.040,48
CCR2,192,1,50,0.020,50
CCS,494,2,50,0.040,49
CCSAP,570,2,50,0.040,46
CCSER2,661,2,50,0.040,47
CCT2,118,2,50,0.040,49
CCT4,612,1,50,0.020,50
CCT5,279,2,50,0.040,49
CCT6A,245,1,50,0.020,50
CCT6B,530,2,50,0.040,48
CCT7,278,2,50,0.040,49
CCT8,466,3,50,0.060,46
CCZ1B,99,1,50,0.020,50
CD14,463,2,50,0.040,48
CD160,500,2,50,0.040,49
CD163L1,96,2,50,0.040,45
CD164,333,2,50,0.040,47
CD177,165,2,50,0.040,48
CD1D,319,2,50,0.040,47
CD2,517,2,50,0.040,48
CD200,646,2,50,0.040,48
CD200R1,603,1,50,0.020,50
CD209,606,2,50,0.040,49
CD22,644,2,50,0.040,48
CD247,534,2,50,0.040,48
CD248,645,2,50,0.040,46
CD27,107,2,50,0.040,47
CD276,45,3,50,0.060,47
CD28,460,1,50,0.020,50
CD320,484,2,50,0.040,48
CD33,729,1,50,0.020,48
CD36,36,1,50,0.020,50
CD37,192,1,50,0.020,50
CD3D,507,1,50,0.020,50
CD4,490,2,50,0.040,46
CD40,294,2,50,0.040,45
CD44,121,2,50,0.040,49
CD46,765,2,50,0.040,49
CD48,345,2,50,0.040,48
CD52,192,1,50,0.020,50
CD53,534,2,50,0.040,49
CD55,1,2,50,0.040,49
CD59,571,1,50,0.020,50
CD69,787,2,50,0.040,47
CD7,185,2,50,0.040,45
CD79A,0,6,50,0.120,34
CD79B,463,2,50,0.040,48
CD81,762,2,50,0.040,48
CD8A,602,2,50,0.040,48
CD96,224,2,50,0.040,46
CDA,550,2,50,0.040,48
CDADC1,381,1,50,0.020,50
CDC123,631,2,50,0.040,47
CDC14A,475,2,50,0.040,48
CDC16,169,2,50,0.040,48
CDC20,390,2,50,0.040,49
CDC25A,268,1,50,0.020,49
CDC25B,652,2,50,0.040,49
CDC25C,383,2,50,0.040,49
CDC27,108,2,50,0.040,47
CDC34,298,1,50,0.020,50
CDC42EP2,469,1,50,0.020,50
CDC42EP3,447,2,50,0.040,48
CDC42EP5,464,2,50,0.040,49
CDC42SE2,425,2,50,0.040,47
CDC45,713,2,50,0.040,49
CDC50B,537,1,50,0.020,50
CDC5L,417,2,50,0.040,49
CDC6,11,2,50,0.040,48
CDC7,683,2,50,0.040,49
CDCA2,665,2,50,0.040,46
CDCA3,680,2,50,0.040,48
CDCA4,41,2,50,0.040,49
CDCA5,339,1,50,0.020,50
CDCA7,201,2,50,0.040,48
CDCA8,13,2,50,0.040,47
CDH11,542,1,50,0.020,50
CDH19,36,1,50,0.020,50
CDH3,18,2,50,0.040,49
CDHR2,89,2,50,0.040,49
CDHR5,726,2,50,0.040,47
CDK1,348,2,50,0.040,49
CDK12,62,2,50,0.040,47
CDK16,807,2,50,0.040,47
CDK2,28,2,50,0.040,45
CDK20,209,2,50,0.040,48
CDK2AP1,298,1,50,0.020,50
CDK4,77,2,50,0.040,45
CDK5,279,2,50,0.040,49
CDK5RAP1,110,2,50,0.040,47
CDK8,70,2,50,0.040,49
CDKL2,0,6,50,0.120,34
CDKN1A,159,2,50,0.040,47
CDKN2A,707,2,50,0.040,49
CDKN2AIP,469,2,50,0.040,49
CDKN2B,634,2,50,0.040,48
CDKN3,50,2,50,0.040,49
CDR2L,302,1,50,0.020,50
CDS1,738,2,50,0.040,47
CDT1,3,2,50,0.040,46
CEACAM1,542,2,50,0.040,49
CEACAM6,653,2,50,0.040,48
CEACAM7,140,2,50,0.040,46
CEBPB,665,2,50,0.040,48
CEBPD,793,2,50,0.040,49
CEBPZ,771,2,50,0.040,48
CEBPZOS,16,2,50,0.040,45
CEL,794,2,50,0.040,49
CELSR1,653,2,50,0.040,48
CELSR2,769,2,50,0.040,48
CELSR3,707,2,50,0.040,48
CEMIP,18,2,50,0.040,49
CENPA,419,2,50,0.040,49
CENPB,798,2,50,0.040,47
CENPC,738,2,50,0.040,47
CENPE,677,2,50,0.040,47
CENPF,69,2,50,0.040,45
CENPH,140,2,50,0.040,46
CENPI,348,2,50,0.040,49
CENPK,324,2,50,0.040,48
CENPL,790,2,50,0.040,49
CENPN,624,2,50,0.040,48
CENPO,100,1,50,0.020,49
CENPQ,140,2,50,0.040,47
CENPU,139,2,50,0.040,47
CENPW,383,2,50,0.040,49
CEP104,432,2,50,0.040,47
CEP112,590,2,50,0.040,49
CEP120,400,2,50,0.040,43
CEP126,516,2,50,0.040,47
CEP131,798,2,50,0.040,47
CEP192,329,2,50,0.040,49
CEP41,116,2,50,0.040,48
CEP43,496,2,50,0.040,45
CEP55,759,2,50,0.040,45
CEP57L1,478,1,50,0.020,48
CEP70,250,2,50,0.040,47
CEP72,391,2,50,0.040,47
CEP78,770,2,50,0.040,49
CEP85L,267,2,50,0.040,47
CERCAM,470,2,50,0.040,48
CERK,157,2,50,0.040,45
CERS2,687,2,50,0.040,48
CERS5,657,2,50,0.040,47
CERT1,469,2,50,0.040,49
CES2,244,2,50,0.040,47
CES3,500,2,50,0.040,49
CETN2,782,1,50,0.020,50
CFAP20,487,2,50,0.040,49
CFAP20DC,665,2,50,0.040,47
CFAP263,112,2,50,0.040,49
CFAP298,416,1,50,0.020,50
CFAP92,801,2,50,0.040,49
CFAP97,762,2,50,0.040,48
CFB,344,2,50,0.040,48
CFD,622,1,50,0.020,50
CFH,642,2,50,0.040,46
CFHR1,362,2,50,0.040,48
CFI,556,2,50,0.040,48
CFL1,292,1,50,0.020,49
CGREF1,49,2,50,0.040,47
CGRRF1,267,2,50,0.040,46
CH25H,720,1,50,0.020,50
CHAC1,570,2,50,0.040,46
CHAF1A,775,3,50,0.060,46
CHAF1B,803,2,50,0.040,47
CHAMP1,75,2,50,0.040,49
CHCHD10,739,2,50,0.040,47
CHCHD2,609,2,50,0.040,46
CHCHD6,570,2,50,0.040,46
CHCHD7,74,2,50,0.040,47
CHCT1,602,2,50,0.040,48
CHD4,131,2,50,0.040,48
CHD6,498,2,50,0.040,48
CHD9,222,1,50,0.020,50
CHDH,738,2,50,0.040,47
CHEK1,374,2,50,0.040,48
CHEK2,744,1,50,0.020,50
CHERP,32,2,50,0.040,46
CHFR,763,2,50,0.040,49
CHGA,669,2,50,0.040,49
CHGB,500,2,50,0.040,49
CHI3L1,17,2,50,0.040,49
CHKB,457,3,50,0.060,46
CHL1,716,1,50,0.020,50
CHLSN,600,2,50,0.040,47
CHML,769,2,50,0.040,45
CHMP1B,145,2,50,0.040,49
CHMP2A,157,2,50,0.040,45
CHMP2B,702,2,50,0.040,49
CHMP5,334,2,50,0.040,47
CHN1,326,2,50,0.040,49
CHODL,681,1,50,0.020,50
CHORDC1,365,1,50,0.020,50
CHP1,464,2,50,0.040,49
CHP2,0,5,50,0.100,42
CHPF,121,2,50,0.040,49
CHPF2,98,2,50,0.040,47
CHPT1,261,1,50,0.020,49
CHRDL1,616,2,50,0.040,48
CHRM2,550,2,50,0.040,48
CHRNA3,281,2,50,0.040,48
CHST14,83,2,50,0.040,47
CHST5,726,2,50,0.040,47
CHST9,728,1,50,0.020,50
CHSY1,576,2,50,0.040,47
CHTF18,734,2,50,0.040,49
CIAO1,345,2,50,0.040,48
CIAO2B,678,1,50,0.020,50
CIAPIN1,717,2,50,0.040,48
CIB1,90,2,50,0.040,49
CIBAR1,348,2,50,0.040,49
CIDEB,90,2,50,0.040,49
CIDEC,107,2,50,0.040,47
CIMIP2C,1,2,50,0.040,48
CIP2A,406,2,50,0.040,49
CIPC,660,2,50,0.040,49
CIRBP,702,2,50,0.040,49
CITED2,206,2,50,0.040,49
CITED4,389,2,50,0.040,47
CIZ1,111,2,50,0.040,49
CKAP2,72,2,50,0.040,49
CKAP2L,326,2,50,0.040,49
CKAP5,347,2,50,0.040,48
CKB,205,1,50,0.020,50
CKLF,74,2,50,0.040,47
CKMT1A,283,1,50,0.020,50
CKMT2,348,2,50,0.040,49
CKS1B,519,2,50,0.040,47
CKS2,86,2,50,0.040,46
CLBA1,121,2,50,0.040,48
CLCA1,78,3,50,0.060,45
CLCA4,166,2,50,0.040,48
CLCC1,740,2,50,0.040,48
CLCN5,52,2,50,0.040,49
CLDN1,18,2,50,0.040,49
CLDN12,365,1,50,0.020,50
CLDN2,605,2,50,0.040,46
CLDN23,500,2,50,0.040,49
CLDN5,88,1,50,0.020,49
CLDN7,475,2,50,0.040,48
CLDN8,166,2,50,0.040,48
CLEC10A,255,2,50,0.040,49
CLEC1A,517,2,50,0.040,48
CLEC2B,72,2,50,0.040,46
CLEC2D,325,2,50,0.040,48
CLECL1,4,2,50,0.040,47
CLIC1,176,2,50,0.040,49
CLIC2,18,1,50,0.020,50
CLIC5,544,2,50,0.040,49
CLIC6,107,2,50,0.040,47
CLINT1,611,2,50,0.040,48
CLK1,447,2,50,0.040,48
CLK3,285,2,50,0.040,46
CLMN,89,2,50,0.040,49
CLNS1A,52,2,50,0.040,49
CLPB,713,2,50,0.040,49
CLPP,188,2,50,0.040,48
CLPTM1L,265,1,50,0.020,48
CLRN3,253,2,50,0.040,48
CLSPN,378,1,50,0.020,47
CLTA,524,2,50,0.040,49
CLTB,507,1,50,0.020,50
CLU,333,2,50,0.040,48
CLYBL,38,2,50,0.040,49
CMA1,352,2,50,0.040,48
CMAS,579,2,50,0.040,48
CMBL,567,2,50,0.040,47
CMC2,547,1,50,0.020,49
CMSS1,695,2,50,0.040,48
CMTM7,42,2,50,0.040,49
CMTM8,391,2,50,0.040,48
CMTR1,272,2,50,0.040,48
CNEP1R1,646,2,50,0.040,48
CNGA1,42,2,50,0.040,46
CNIH3,805,2,50,0.040,49
CNIH4,396,2,50,0.040,48
CNN2,782,1,50,0.020,50
CNNM2,230,2,50,0.040,48
CNNM3,621,2,50,0.040,48
CNNM4,195,2,50,0.040,48
CNOT10,21,3,50,0.060,45
CNOT11,669,2,50,0.040,49
CNOT8,420,2,50,0.040,47
CNOT9,547,1,50,0.020,50
CNP,161,2,50,0.040,47
CNPY2,533,2,50,0.040,43
CNPY3,146,2,50,0.040,47
CNR1,90,2,50,0.040,49
CNST,763,2,50,0.040,49
CNTN1,340,2,50,0.040,48
CNTN3,634,2,50,0.040,48
CNTN4,408,1,50,0.020,50
CNTNAP3B,644,2,50,0.040,48
COA1,653,2,50,0.040,49
COA4,529,2,50,0.040,48
COASY,329,2,50,0.040,48
COCH,90,2,50,0.040,48
COG1,60,2,50,0.040,49
COG5,125,2,50,0.040,48
COG6,111,2,50,0.040,49
COG8,82,2,50,0.040,49
COL10A1,605,2,50,0.040,46
COL11A1,17,2,50,0.040,49
COL12A1,754,2,50,0.040,49
COL17A1,205,1,50,0.020,50
COL18A1,672,2,50,0.040,49
COL1A1,374,2,50,0.040,48
COL1A2,78,2,50,0.040,47
COL27A1,140,2,50,0.040,47
COL28A1,354,2,50,0.040,45
COL3A1,666,2,50,0.040,48
COL4A1,546,2,50,0.040,49
COL4A2,212,2,50,0.040,47
COL4A4,3,2,50,0.040,49
COL4A5,332,2,50,0.040,49
COL4A6,18,1,50,0.020,50
COL5A1,50,2,50,0.040,49
COL5A2,627,2,50,0.040,48
COL5A3,661,2,50,0.040,47
COL6A3,181,1,50,0.020,49
COL7A1,771,2,50,0.040,48
COL8A1,769,1,50,0.020,50
COL9A3,49,2,50,0.040,47
COLEC12,784,2,50,0.040,49
COLGALT1,405,2,50,0.040,49
COMMD5,161,2,50,0.040,47
COMMD6,789,2,50,0.040,49
COMMD7,765,2,50,0.040,49
COMP,415,2,50,0.040,47
COMT,761,2,50,0.040,47
COP1,30,2,50,0.040,44
COPA,482,2,50,0.040,49
COPG2,590,2,50,0.040,46
COPRS,703,2,50,0.040,48
COPS4,321,3,50,0.060,46
COPS6,74,2,50,0.040,47
COPS7A,369,2,50,0.040,48
COPS8,771,2,50,0.040,47
COPS9,329,2,50,0.040,48
COQ10B,494,2,50,0.040,49
COQ9,1,2,50,0.040,49
COX4I1,80,2,50,0.040,48
COX5A,90,2,50,0.040,49
COX5B,58,2,50,0.040,47
COX6B2,1,2,50,0.040,49
COX6C,663,1,50,0.020,47
COX7C,464,2,50,0.040,47
COX8A,3,2,50,0.040,49
COXFA4L3,244,2,50,0.040,47
CPA3,325,2,50,0.040,48
CPA5,460,1,50,0.020,50
CPAP,45,2,50,0.040,48
CPEB2,425,2,50,0.040,48
CPEB3,55,2,50,0.040,48
CPED1,195,2,50,0.040,48
CPLANE1,447,2,50,0.040,48
CPLX1,85,2,50,0.040,46
CPM,36,1,50,0.020,50
CPNE1,665,2,50,0.040,48
CPNE5,730,1,50,0.020,50
CPNE8,205,1,50,0.020,50
CPOX,670,1,50,0.020,50
CPSF3,9,4,50,0.080,47
CPSF4,498,2,50,0.040,48
CPSF6,100,1,50,0.020,47
CPSF7,679,2,50,0.040,47
CPT1A,253,2,50,0.040,48
CR2,319,2,50,0.040,47
CRABP2,324,2,50,0.040,48
CRACD,409,1,50,0.020,50
CRACR2A,281,2,50,0.040,48
CRADD,354,2,50,0.040,49
CRAMP1,577,2,50,0.040,48
CRAT,112,2,50,0.040,48
CRBN,738,2,50,0.040,47
CREB3L2,711,2,50,0.040,48
CREBL2,329,2,50,0.040,49
CREBRF,464,1,50,0.020,50
CREBZF,181,1,50,0.020,47
CREG1,422,2,50,0.040,48
CREM,530,2,50,0.040,49
CRIP1,345,2,50,0.040,48
CRIPTO3,492,2,50,0.040,49
CRK,659,2,50,0.040,46
CRLS1,293,2,50,0.040,47
CROT,750,2,50,0.040,47
CRTAM,463,2,50,0.040,48
CRTAP,251,3,50,0.060,48
CRTC3,380,2,50,0.040,48
CRYBA2,149,2,50,0.040,46
CRYBG1,243,1,50,0.020,50
CRYBG3,564,1,50,0.020,50
CRYL1,507,1,50,0.020,49
CRYZL1,425,2,50,0.040,48
CSAD,90,2,50,0.040,47
CSE1L,339,1,50,0.020,50
CSF1,546,2,50,0.040,46
CSF1R,606,2,50,0.040,47
CSF2RB,123,2,50,0.040,49
CSGALNACT1,665,2,50,0.040,47
CSGALNACT2,376,2,50,0.040,49
CSNK1E,548,1,50,0.020,50
CSNK1G3,5,2,50,0.040,47
CSNK2A2,687,2,50,0.040,48
CSNK2B,176,2,50,0.040,49
CSPP1,387,1,50,0.020,50
CSRNP1,793,2,50,0.040,49
CSRNP2,798,2,50,0.040,46
CST1,802,2,50,0.040,45
CST2,11,2,50,0.040,48
CST4,251,3,50,0.060,48
CSTF1,570,2,50,0.040,46
CSTF2,770,2,50,0.040,49
CSTF3,521,2,50,0.040,48
CTBP2,750,2,50,0.040,45
CTBS,681,2,50,0.040,49
CTH,353,1,50,0.020,50
CTHRC1,17,2,50,0.040,49
CTNNAL1,742,1,50,0.020,50
CTNNB1,369,2,50,0.040,49
CTNNBL1,70,2,50,0.040,49
CTPS1,627,2,50,0.040,48
CTPS2,9,4,50,0.080,47
CTSB,252,2,50,0.040,48
CTSE,550,2,50,0.040,48
CTSG,613,2,50,0.040,49
CTSH,570,2,50,0.040,46
CTSK,658,2,50,0.040,49
CTSL,631,3,50,0.060,47
CTSO,614,2,50,0.040,45
CTSS,737,2,50,0.040,49
CTSV,680,2,50,0.040,48
CTSW,671,2,50,0.040,47
CTU2,524,2,50,0.040,49
CUEDC1,212,2,50,0.040,46
CUEDC2,188,2,50,0.040,48
CUL1,250,2,50,0.040,49
CUL4A,272,2,50,0.040,46
CUL7,119,2,50,0.040,48
CUTA,161,2,50,0.040,49
CWC15,173,1,50,0.020,45
CWF19L1,731,2,50,0.040,47
CWH43,0,5,50,0.100,42
CX3CL1,764,2,50,0.040,49
CXCL1,709,1,50,0.020,50
CXCL10,354,3,50,0.060,46
CXCL11,46,2,50,0.040,49
CXCL12,669,3,50,0.060,48
CXCL13,325,2,50,0.040,48
CXCL16,412,1,50,0.020,50
CXCL2,348,2,50,0.040,46
CXCL3,709,1,50,0.020,50
CXCL5,347,2,50,0.040,44
CXCL6,756,2,50,0.040,45
CXCL8,18,2,50,0.040,49
CXCR2,704,2,50,0.040,48
CXCR4,292,1,50,0.020,50
CXXC5,41,2,50,0.040,49
CXorf38,669,2,50,0.040,44
CYB561,614,2,50,0.040,48
CYB561A3,656,2,50,0.040,49
CYB5A,563,1,50,0.020,49
CYB5B,125,2,50,0.040,48
CYB5D1,596,2,50,0.040,49
CYB5D2,91,2,50,0.040,49
CYB5R2,576,2,50,0.040,47
CYBRD1,21,2,50,0.040,47
CYLD,397,2,50,0.040,48
CYP27B1,37,2,50,0.040,48
CYP2C18,332,2,50,0.040,49
CYP2J2,267,2,50,0.040,46
CYP2S1,470,2,50,0.040,48
CYP2U1,622,2,50,0.040,48
CYP2W1,659,2,50,0.040,49
CYP39A1,37,2,50,0.040,48
CYP3A43,595,2,50,0.040,47
CYP3A5,633,2,50,0.040,47
CYP4F12,730,1,50,0.020,50
CYP4V2,464,1,50,0.020,50
CYP4X1,755,1,50,0.020,50
CYS1,192,1,50,0.020,50
CYSLTR1,67,2,50,0.040,47
CYSTM1,568,1,50,0.020,50
CYTIP,0,6,50,0.120,34
CYYR1,464,1,50,0.020,50
DAAM1,455,2,50,0.040,49
DACT3,671,2,50,0.040,46
DAP3,621,2,50,0.040,49
DAPK1,159,2,50,0.040,46
DAPK2,625,2,50,0.040,43
DAPL1,665,2,50,0.040,47
DARS1,497,1,50,0.020,50
DAXX,554,1,50,0.020,50
DAZAP1,466,3,50,0.060,47
DAZAP2,61,1,50,0.020,50
DBF4,98,2,50,0.040,49
DBNDD1,27,2,50,0.040,48
DCAF1,49,1,50,0.020,50
DCAF11,619,2,50,0.040,48
DCAF13,69,3,50,0.060,45
DCAF16,129,2,50,0.040,47
DCAF7,88,2,50,0.040,48
DCBLD2,764,2,50,0.040,49
DCLK1,85,3,50,0.060,47
DCLRE1A,146,1,50,0.020,50
DCLRE1B,293,2,50,0.040,49
DCLRE1C,319,2,50,0.040,48
DCP1A,125,2,50,0.040,48
DCPS,422,2,50,0.040,46
DCTD,416,1,50,0.020,50
DCTN2,518,2,50,0.040,49
DCUN1D2,309,2,50,0.040,44
DCUN1D5,519,2,50,0.040,42
DDB1,131,2,50,0.040,48
DDIAS,546,2,50,0.040,49
DDIT4,336,1,50,0.020,50
DDR2,644,2,50,0.040,48
DDRGK1,621,2,50,0.040,49
DDTL,39,2,50,0.040,48
DDX1,68,2,50,0.040,48
DDX10,734,1,50,0.020,50
DDX18,75,2,50,0.040,49
DDX19A,679,2,50,0.040,47
DDX20,63,2,50,0.040,46
DDX21,391,2,50,0.040,47
DDX23,441,2,50,0.040,48
DDX27,42,2,50,0.040,49
DDX28,762,2,50,0.040,49
DDX31,190,1,50,0.020,50
DDX39A,26,2,50,0.040,48
DDX3X,73,2,50,0.040,48
DDX41,194,1,50,0.020,49
DDX49,419,2,50,0.040,49
DDX50,422,2,50,0.040,49
DDX51,441,2,50,0.040,48
DDX52,704,2,50,0.040,47
DDX54,770,2,50,0.040,46
DDX55,40,3,50,0.060,46
DDX56,680,2,50,0.040,48
DDX60,542,2,50,0.040,49
DDX60L,564,1,50,0.020,50
DECR1,661,2,50,0.040,48
DEF8,100,1,50,0.020,50
DEFA6,594,2,50,0.040,48
DEFB1,715,2,50,0.040,49
DEGS1,698,2,50,0.040,47
DEK,252,2,50,0.040,45
DELE1,571,1,50,0.020,50
DENND1B,513,3,50,0.060,46
DENND2A,205,1,50,0.020,50
DENND3,588,2,50,0.040,43
DENND4A,617,2,50,0.040,49
DENND4B,145,2,50,0.040,48
DENND5A,578,2,50,0.040,49
DENND5B,324,2,50,0.040,47
DENND6A,602,2,50,0.040,49
DENR,32,2,50,0.040,46
DEPDC1,85,2,50,0.040,47
DEPDC1B,546,1,50,0.020,50
DERA,448,2,50,0.040,49
DES,148,2,50,0.040,48
DESI1,272,2,50,0.040,48
DET1,286,2,50,0.040,45
DFFA,387,1,50,0.020,47
DFFB,767,2,50,0.040,49
DGAT2,223,2,50,0.040,48
DGKA,354,2,50,0.040,49
DGKZ,658,2,50,0.040,49
DGLUCY,685,2,50,0.040,48
DHCR7,680,2,50,0.040,48
DHDDS,354,2,50,0.040,49
DHODH,440,2,50,0.040,48
DHPS,68,2,50,0.040,47
DHRS1,476,2,50,0.040,47
DHRS11,87,2,50,0.040,49
DHRS12,295,2,50,0.040,49
DHRS4L2,91,2,50,0.040,49
DHRS7,571,1,50,0.020,50
DHRS7B,710,2,50,0.040,49
DHRS9,634,2,50,0.040,48
DHX30,336,2,50,0.040,46
DHX33,419,2,50,0.040,46
DHX34,707,2,50,0.040,47
DHX35,417,2,50,0.040,49
DHX37,139,2,50,0.040,49
DHX40,380,2,50,0.040,48
DHX8,707,2,50,0.040,49
DHX9,100,1,50,0.020,46
DIABLO,707,2,50,0.040,49
DIAPH1,623,2,50,0.040,49
DIAPH3,794,2,50,0.040,49
DIDO1,704,2,50,0.040,47
DIMT1,612,1,50,0.020,50
DIO2,590,2,50,0.040,46
DIPK2A,386,3,50,0.060,48
DIS3,421,1,50,0.020,50
DISP2,86,2,50,0.040,49
DKK2,603,2,50,0.040,46
DKK3,180,2,50,0.040,49
DKK4,536,2,50,0.040,47
DLAT,486,2,50,0.040,48
DLD,206,2,50,0.040,49
DLG1,634,2,50,0.040,43
DLGAP5,553,2,50,0.040,48
DLL1,596,2,50,0.040,48
DLST,392,1,50,0.020,50
DMAP1,750,2,50,0.040,47
DMXL1,750,2,50,0.040,47
DMXL2,575,2,50,0.040,48
DNAAF11,347,2,50,0.040,48
DNAAF4,121,2,50,0.040,49
DNAAF5,41,2,50,0.040,49
DNAAF9,340,2,50,0.040,48
DNAH10,312,2,50,0.040,48
DNAH14,624,2,50,0.040,48
DNAH7,455,2,50,0.040,49
DNAI4,550,2,50,0.040,48
DNAJB1,368,2,50,0.040,47
DNAJB14,622,3,50,0.060,46
DNAJB4,617,1,50,0.020,49
DNAJC10,469,1,50,0.020,50
DNAJC13,222,1,50,0.020,50
DNAJC2,245,1,50,0.020,50
DNAJC27,730,2,50,0.040,49
DNAJC28,464,2,50,0.040,49
DNAJC4,464,2,50,0.040,46
DNAJC6,268,1,50,0.020,50
DNAJC9,147,2,50,0.040,48
DNASE1L3,96,2,50,0.040,45
DNASE2,367,2,50,0.040,48
DNM1,792,2,50,0.040,47
DNM1L,83,2,50,0.040,45
DNM3,753,1,50,0.020,50
DNMT1,28,2,50,0.040,49
DNMT3A,441,2,50,0.040,47
DNMT3B,348,2,50,0.040,49
DNPH1,345,2,50,0.040,48
DNTTIP1,41,2,50,0.040,49
DNTTIP2,707,2,50,0.040,49
DOCK10,784,2,50,0.040,49
DOCK2,107,2,50,0.040,47
DOCK5,252,2,50,0.040,47
DOCK6,97,2,50,0.040,49
DOCK8,655,3,50,0.060,43
DOCK9,88,2,50,0.040,48
DOHH,702,2,50,0.040,48
DOK4,506,1,50,0.020,50
DOLK,371,2,50,0.040,48
DONSON,381,1,50,0.020,50
DOP1B,289,2,50,0.040,48
DORIP1,730,2,50,0.040,49
DOT1L,621,2,50,0.040,46
DPAGT1,99,1,50,0.020,50
DPCD,769,2,50,0.040,48
DPEP1,18,2,50,0.040,49
DPF2,37,2,50,0.040,48
DPH2,188,2,50,0.040,48
DPH6,543,1,50,0.020,50
DPH7,367,2,50,0.040,45
DPM1,28,2,50,0.040,45
DPM2,261,2,50,0.040,48
DPP10,716,1,50,0.020,46
DPP3,706,2,50,0.040,43
DPP7,309,2,50,0.040,46
DPT,631,2,50,0.040,47
DPY19L1,98,2,50,0.040,49
DPYD,191,1,50,0.020,50
DPYSL2,111,2,50,0.040,49
DQX1,205,2,50,0.040,49
DRAM1,69,3,50,0.060,45
DRAP1,707,2,50,0.040,49
DRG1,707,2,50,0.040,49
DROSHA,547,1,50,0.020,48
DSC2,217,2,50,0.040,47
DSC3,713,2,50,0.040,49
DSCC1,759,2,50,0.040,46
DSEL,330,2,50,0.040,47
DSG2,222,1,50,0.020,47
DSG3,49,2,50,0.040,44
DSN1,302,1,50,0.020,50
DST,4,2,50,0.040,43
DTD1,77,2,50,0.040,45
DTL,391,2,50,0.040,48
DTNBP1,707,2,50,0.040,49
DTYMK,245,1,50,0.020,50
DUOXA2,557,2,50,0.040,47
DUS1L,272,2,50,0.040,48
DUS3L,324,2,50,0.040,48
DUS4L,381,1,50,0.020,50
DUSP10,261,2,50,0.040,43
DUSP14,355,2,50,0.040,49
DUSP19,685,3,50,0.060,48
DUSP7,717,2,50,0.040,48
DVL3,602,1,50,0.020,50
DXO,499,2,50,0.040,47
DYNC1LI1,706,2,50,0.040,47
DYNC2I2,278,2,50,0.040,49
DYNLRB1,44,2,50,0.040,48
DYNLT2B,734,2,50,0.040,49
DYNLT3,380,2,50,0.040,48
DYRK4,577,2,50,0.040,48
E2F1,52,2,50,0.040,49
E2F3,406,2,50,0.040,49
E2F5,1,2,50,0.040,49
E2F6,519,2,50,0.040,47
E2F7,680,2,50,0.040,47
E2F8,365,1,50,0.020,50
E4F1,146,1,50,0.020,50
EAF1,276,2,50,0.040,49
EAF2,40,2,50,0.040,48
EAPP,623,2,50,0.040,49
EARS2,190,1,50,0.020,49
EBPL,272,2,50,0.040,43
ECD,145,2,50,0.040,48
ECE2,261,2,50,0.040,48
ECH1,354,2,50,0.040,49
ECHDC1,478,1,50,0.020,47
ECHDC2,92,2,50,0.040,49
ECHS1,161,2,50,0.040,49
ECI1,316,2,50,0.040,48
ECI2,18,1,50,0.020,50
ECM1,653,2,50,0.040,48
ECRG4,36,1,50,0.020,50
ECSCR,1,2,50,0.040,48
ECT2,710,2,50,0.040,46
EDAR,769,2,50,0.040,48
EDEM2,100,1,50,0.020,50
EDEM3,53,3,50,0.060,42
EDIL3,289,2,50,0.040,48
EDN3,162,2,50,0.040,48
EDNRA,11,2,50,0.040,48
EDNRB,603,2,50,0.040,49
EEF1AKMT1,519,2,50,0.040,47
EEF1D,49,1,50,0.020,50
EEF1E1,374,2,50,0.040,48
EEF2KMT,253,2,50,0.040,46
EEFSEC,173,1,50,0.020,50
EEIG2,644,2,50,0.040,48
EEPD1,484,1,50,0.020,50
EFCAB11,740,2,50,0.040,47
EFCAB14,599,2,50,0.040,48
EFCAB7,399,2,50,0.040,48
EFEMP1,195,2,50,0.040,45
EFL1,656,2,50,0.040,49
EFNA2,396,1,50,0.020,45
EFNA3,291,3,50,0.060,46
EFNA4,261,2,50,0.040,48
EFNA5,463,2,50,0.040,48
EFS,616,2,50,0.040,43
EFTUD2,444,2,50,0.040,49
EGF,564,1,50,0.020,49
EGFL6,754,2,50,0.040,49
EGFR,572,2,50,0.040,49
EGLN1,716,2,50,0.040,49
EGLN3,9,2,50,0.040,45
EGR1,447,2,50,0.040,48
EGR2,661,2,50,0.040,47
EGR3,72,2,50,0.040,49
EHBP1,418,2,50,0.040,49
EHD4,60,2,50,0.040,49
EHHADH,537,1,50,0.020,50
EHMT2,709,2,50,0.040,47
EID1,564,1,50,0.020,50
EIF1AD,365,1,50,0.020,50
EIF1AX,631,2,50,0.040,47
EIF1B,805,2,50,0.040,49
EIF2AK1,687,2,50,0.040,47
EIF2AK2,698,2,50,0.040,49
EIF2AK3,206,2,50,0.040,49
EIF2B3,621,2,50,0.040,49
EIF2B5,664,1,50,0.020,50
EIF2S1,765,2,50,0.040,49
EIF2S2,77,2,50,0.040,45
EIF2S3,147,2,50,0.040,48
EIF3B,281,2,50,0.040,46
EIF3CL,75,2,50,0.040,49
EIF3E,272,2,50,0.040,48
EIF3G,466,3,50,0.060,46
EIF3H,122,3,50,0.060,45
EIF3I,602,2,50,0.040,49
EIF3J,512,2,50,0.040,49
EIF3K,398,2,50,0.040,48
EIF3M,241,1,50,0.020,50
EIF4A2,624,2,50,0.040,47
EIF4A3,512,2,50,0.040,49
EIF4E3,9,2,50,0.040,45
EIF4EBP1,607,2,50,0.040,47
EIF4G1,712,2,50,0.040,47
EIF5A2,116,2,50,0.040,48
EIF5B,665,2,50,0.040,49
EIF6,69,2,50,0.040,48
EIPR1,190,1,50,0.020,50
ELAC1,267,2,50,0.040,47
ELAC2,247,2,50,0.040,48
ELAPOR2,72,2,50,0.040,46
ELAVL1,765,2,50,0.040,49
ELK1,683,2,50,0.040,49
ELK3,711,2,50,0.040,48
ELL2,572,2,50,0.040,49
ELL3,464,2,50,0.040,49
ELMO2,278,2,50,0.040,49
ELN,355,2,50,0.040,48
ELOB,644,2,50,0.040,48
ELOC,97,2,50,0.040,49
ELOVL5,546,2,50,0.040,49
ELP1,626,2,50,0.040,48
ELP4,396,2,50,0.040,47
EMC1,273,2,50,0.040,48
EMC10,614,2,50,0.040,48
EMC3,492,1,50,0.020,49
EMC4,292,1,50,0.020,49
EMC7,559,2,50,0.040,49
EMC8,653,2,50,0.040,49
EMCN,58,2,50,0.040,47
EMD,298,1,50,0.020,50
EMG1,299,2,50,0.040,49
EMILIN2,68,2,50,0.040,44
EMP1,205,2,50,0.040,49
ENAH,140,2,50,0.040,47
ENC1,185,2,50,0.040,48
ENDOD1,206,2,50,0.040,49
ENGASE,659,2,50,0.040,49
ENKD1,127,2,50,0.040,47
ENO1,49,1,50,0.020,50
ENO2,470,2,50,0.040,48
ENOPH1,771,2,50,0.040,48
ENOSF1,63,2,50,0.040,47
ENOX2,49,2,50,0.040,46
ENPP2,9,2,50,0.040,45
ENPP3,207,2,50,0.040,49
ENPP5,239,2,50,0.040,46
ENPP6,312,2,50,0.040,43
ENTPD3,325,2,50,0.040,48
ENTPD4,659,2,50,0.040,46
ENTPD5,513,1,50,0.020,50
ENTPD6,441,2,50,0.040,48
ENTR1,570,2,50,0.040,46
ENTREP1,446,2,50,0.040,47
ENTREP2,784,2,50,0.040,49
ENTREP3,653,2,50,0.040,49
ENY2,19,2,50,0.040,46
EOGT,699,2,50,0.040,48
EP400,590,2,50,0.040,48
EPAS1,624,2,50,0.040,48
EPB41L2,576,2,50,0.040,45
EPB41L3,634,2,50,0.040,48
EPB41L4A,550,2,50,0.040,48
EPB41L4B,251,2,50,0.040,47
EPCAM,736,1,50,0.020,48
EPDR1,112,2,50,0.040,49
EPG5,494,2,50,0.040,49
EPHA1,688,2,50,0.040,49
EPHA10,464,1,50,0.020,50
EPHA2,261,2,50,0.040,48
EPHA3,224,2,50,0.040,46
EPHA4,153,2,50,0.040,47
EPHA7,332,2,50,0.040,49
EPHB1,49,2,50,0.040,47
EPHB3,45,2,50,0.040,48
EPHB4,69,3,50,0.060,45
EPHX1,2,2,50,0.040,48
EPHX2,788,2,50,0.040,49
EPHX4,17,2,50,0.040,49
EPM2A,626,2,50,0.040,47
EPM2AIP1,192,1,50,0.020,49
EPOP,629,2,50,0.040,49
EPOR,163,1,50,0.020,50
EPRS1,533,2,50,0.040,47
EPS15,30,2,50,0.040,47
EPS15L1,560,2,50,0.040,49
EPSTI1,286,1,50,0.020,48
ERAL1,329,2,50,0.040,48
ERBIN,206,2,50,0.040,49
ERC1,711,2,50,0.040,48
ERCC6L,627,2,50,0.040,48
ERCC6L2,321,3,50,0.060,46
EREG,769,1,50,0.020,50
ERF,484,2,50,0.040,48
ERG28,529,2,50,0.040,48
ERGIC3,45,3,50,0.060,47
ERH,423,2,50,0.040,48
ERLN,244,2,50,0.040,47
ERN2,2,2,50,0.040,48
ERO1A,609,2,50,0.040,49
ERP27,711,2,50,0.040,45
ERRFI1,446,2,50,0.040,47
ESD,711,2,50,0.040,48
ESF1,706,1,50,0.020,50
ESM1,492,2,50,0.040,49
ESPL1,680,2,50,0.040,48
ESYT1,734,2,50,0.040,49
ETF1,129,2,50,0.040,47
ETFA,623,2,50,0.040,49
ETFB,226,2,50,0.040,48
ETFBKMT,606,2,50,0.040,49
ETFDH,642,2,50,0.040,46
ETFRF1,193,2,50,0.040,48
ETHE1,245,2,50,0.040,47
ETS1,494,2,50,0.040,49
ETS2,1,2,50,0.040,49
ETV4,492,2,50,0.040,49
ETV5,324,2,50,0.040,48
ETV7,155,2,50,0.040,48
EVA1A,406,2,50,0.040,46
EVA1B,244,1,50,0.020,50
EVI2A,149,2,50,0.040,48
EVI2B,107,2,50,0.040,47
EVPL,707,2,50,0.040,48
EWSR1,735,2,50,0.040,49
EXO1,783,2,50,0.040,47
EXOC4,477,2,50,0.040,49
EXOG,621,2,50,0.040,48
EXOSC1,246,1,50,0.020,50
EXOSC2,271,2,50,0.040,47
EXOSC3,445,2,50,0.040,45
EXOSC4,169,2,50,0.040,48
EXOSC5,624,2,50,0.040,48
EXOSC7,70,2,50,0.040,49
EXOSC8,782,1,50,0.020,50
EXOSC9,626,2,50,0.040,47
EXT2,484,1,50,0.020,50
EXTL2,801,2,50,0.040,49
EYA2,27,2,50,0.040,45
EZH2,571,2,50,0.040,47
EZR,1,2,50,0.040,49
F12,783,1,50,0.020,50
F13A1,572,1,50,0.020,50
F2R,665,2,50,0.040,47
F2RL1,617,1,50,0.020,50
F2RL2,485,2,50,0.040,49
F3,360,2,50,0.040,49
FAAP100,176,2,50,0.040,49
FAAP20,686,2,50,0.040,48
FABP1,65,2,50,0.040,48
FABP2,81,2,50,0.040,47
FABP4,87,2,50,0.040,49
FABP6,17,2,50,0.040,49
FADS2,546,1,50,0.020,50
FADS3,131,2,50,0.040,48
FAF1,369,2,50,0.040,47
FAHD1,253,2,50,0.040,45
FAIM,512,2,50,0.040,49
FAIM2,268,1,50,0.020,50
FAM107A,107,2,50,0.040,48
FAM107B,583,2,50,0.040,49
FAM110A,188,2,50,0.040,48
FAM110C,684,3,50,0.060,46
FAM114A1,739,2,50,0.040,49
FAM114A2,222,1,50,0.020,50
FAM120AOS,235,2,50,0.040,48
FAM120C,698,2,50,0.040,49
FAM13A,735,2,50,0.040,48
FAM13B,53,3,50,0.060,42
FAM13C,650,2,50,0.040,48
FAM149A,218,2,50,0.040,49
FAM149B1,132,2,50,0.040,46
FAM156B,207,2,50,0.040,48
FAM162A,353,1,50,0.020,50
FAM174C,524,2,50,0.040,49
FAM216A,302,1,50,0.020,50
FAM217B,782,1,50,0.020,50
FAM219A,546,1,50,0.020,49
FAM219B,58,2,50,0.040,47
FAM220A,278,2,50,0.040,49
FAM241B,720,2,50,0.040,47
FAM3D,737,2,50,0.040,49
FAM50A,368,2,50,0.040,48
FAM53A,677,2,50,0.040,49
FAM53C,121,2,50,0.040,48
FAM72A,680,2,50,0.040,48
FAM91A1,44,2,50,0.040,48
FAM98A,467,2,50,0.040,48
FANCA,677,2,50,0.040,48
FANCB,740,2,50,0.040,47
FANCD2,792,2,50,0.040,47
FANCE,176,2,50,0.040,49
FANCF,644,2,50,0.040,48
FANCI,519,2,50,0.040,47
FAP,348,2,50,0.040,49
FARP1,63,2,50,0.040,46
FARSA,709,2,50,0.040,47
FARSB,714,2,50,0.040,43
FAS,4,2,50,0.040,49
FASN,778,2,50,0.040,45
FASTKD2,740,2,50,0.040,48
FAT1,669,2,50,0.040,49
FBL,32,2,50,0.040,46
FBLIM1,464,1,50,0.020,50
FBN1,516,2,50,0.040,44
FBRSL1,383,2,50,0.040,49
FBXL17,596,2,50,0.040,49
FBXL2,609,2,50,0.040,49
FBXL3,207,2,50,0.040,49
FBXL4,602,2,50,0.040,45
FBXL5,796,2,50,0.040,49
FBXO2,125,2,50,0.040,48
FBXO21,273,2,50,0.040,48
FBXO25,507,1,50,0.020,50
FBXO3,32,2,50,0.040,48
FBXO32,322,2,50,0.040,48
FBXO45,611,1,50,0.020,50
FBXO5,270,2,50,0.040,45
FBXO6,419,1,50,0.020,50
FBXO8,623,2,50,0.040,49
FBXW9,188,2,50,0.040,48
FCGBP,162,2,50,0.040,48
FCGR2B,603,2,50,0.040,49
FCGR3B,268,1,50,0.020,50
FCGRT,53,3,50,0.060,42
FCHO1,146,1,50,0.020,50
FCHSD2,73,2,50,0.040,48
FCRL1,325,2,50,0.040,48
FCRL2,655,2,50,0.040,47
FCRL3,633,2,50,0.040,47
FCRL5,307,2,50,0.040,48
FCRLA,149,2,50,0.040,46
FCRLB,363,2,50,0.040,47
FDCSP,148,2,50,0.040,48
FDPS,413,2,50,0.040,47
FDX2,621,2,50,0.040,49
FECH,571,1,50,0.020,50
FEM1B,738,2,50,0.040,47
FEM1C,564,1,50,0.020,50
FEN1,201,2,50,0.040,48
FERMT1,86,2,50,0.040,46
FERMT3,149,2,50,0.040,47
FEV,40,2,50,0.040,49
FEZ2,206,2,50,0.040,49
FFAR4,12,2,50,0.040,49
FGD4,476,2,50,0.040,47
FGF7,617,1,50,0.020,50
FGF9,21,2,50,0.040,47
FGFR2,726,2,50,0.040,47
FGFR4,681,2,50,0.040,48
FGFRL1,383,2,50,0.040,49
FGGY,665,2,50,0.040,47
FGL2,631,2,50,0.040,47
FHIP2A,111,2,50,0.040,49
FHL1,787,2,50,0.040,49
FHL3,98,1,50,0.020,50
FIBIN,372,1,50,0.020,50
FIBP,124,1,50,0.020,50
FIGN,671,2,50,0.040,44
FIGNL1,258,2,50,0.040,46
FILIP1L,720,1,50,0.020,50
FIRRM,713,2,50,0.040,49
FITM2,117,2,50,0.040,49
FJX1,406,2,50,0.040,49
FKBP10,665,2,50,0.040,48
FKBP11,669,2,50,0.040,49
FKBP14,600,2,50,0.040,45
FKBP1B,21,2,50,0.040,47
FKBP2,420,2,50,0.040,47
FKBP4,49,1,50,0.020,50
FKBP5,517,2,50,0.040,48
FKBP7,173,1,50,0.020,50
FKBP9,147,2,50,0.040,48
FKBPL,554,1,50,0.020,50
FLAD1,272,2,50,0.040,47
FLI1,91,2,50,0.040,49
FLII,564,1,50,0.020,50
FLNB,267,2,50,0.040,47
FLOT1,682,2,50,0.040,48
FLVCR1,707,2,50,0.040,48
FLVCR2,202,2,50,0.040,43
FMC1,288,2,50,0.040,44
FMN2,491,2,50,0.040,44
FMO3,535,3,50,0.060,48
FMO4,650,2,50,0.040,48
FMO5,34,2,50,0.040,49
FNBP1,661,2,50,0.040,47
FNBP4,742,1,50,0.020,50
FNDC1,704,2,50,0.040,48
FNDC5,518,2,50,0.040,49
FNIP2,643,2,50,0.040,49
FNTA,49,1,50,0.020,50
FOCAD,75,2,50,0.040,49
FOLR2,153,2,50,0.040,47
FOS,72,2,50,0.040,49
FOSB,72,2,50,0.040,49
FOSL1,543,2,50,0.040,48
FOSL2,507,1,50,0.020,50
FOXA1,9,2,50,0.040,45
FOXA2,519,2,50,0.040,46
FOXC1,767,2,50,0.040,49
FOXF2,106,2,50,0.040,47
FOXJ3,648,2,50,0.040,48
FOXK1,524,2,50,0.040,49
FOXM1,223,2,50,0.040,48
FOXN2,466,3,50,0.060,47
FOXN3,377,2,50,0.040,44
FOXO6,37,2,50,0.040,48
FOXP2,319,2,50,0.040,47
FOXP4,688,2,50,0.040,49
FOXQ1,18,2,50,0.040,49
FOXRED2,272,2,50,0.040,43
FPGS,677,2,50,0.040,49
FRMD3,500,2,50,0.040,49
FRMD4B,195,2,50,0.040,48
FRMD5,158,2,50,0.040,46
FRYL,730,2,50,0.040,48
FRZB,46,2,50,0.040,49
FSBP,372,1,50,0.020,50
FSCN1,62,2,50,0.040,47
FSIP2,281,2,50,0.040,48
FTO,711,2,50,0.040,46
FTSJ1,28,2,50,0.040,45
FTSJ3,512,2,50,0.040,49
FUCA1,85,2,50,0.040,49
FUNDC1,367,2,50,0.040,48
FUNDC2,246,1,50,0.020,48
FUS,623,2,50,0.040,49
FUT1,78,2,50,0.040,47
FUT8,193,2,50,0.040,45
FXN,803,2,50,0.040,47
FXYD1,88,2,50,0.040,49
FXYD3,283,1,50,0.020,50
FXYD5,680,2,50,0.040,48
FYB1,99,2,50,0.040,47
FZD1,159,2,50,0.040,46
FZD3,348,2,50,0.040,47
FZD5,435,1,50,0.020,48
FZD6,62,2,50,0.040,47
FZR1,246,1,50,0.020,47
G3BP1,688,2,50,0.040,49
G6PC3,416,1,50,0.020,50
G6PD,112,1,50,0.020,50
GAB1,38,2,50,0.040,49
GAB2,469,2,50,0.040,49
GABARAP,611,2,50,0.040,49
GABARAPL1,658,2,50,0.040,44
GABARAPL2,4,2,50,0.040,48
GABPA,616,2,50,0.040,43
GABPB1,197,2,50,0.040,49
GABRA2,288,2,50,0.040,49
GAD1,387,1,50,0.020,50
GADD45A,324,2,50,0.040,46
GADD45B,559,2,50,0.040,49
GADD45GIP1,612,1,50,0.020,50
GAL,86,2,50,0.040,46
GAL3ST1,397,2,50,0.040,48
GALC,455,2,50,0.040,49
GALK1,792,2,50,0.040,47
GALM,276,1,50,0.020,50
GALNT1,288,2,50,0.040,47
GALNT11,484,1,50,0.020,50
GALNT12,2,3,50,0.060,45
GALNT18,628,2,50,0.040,46
GALNT2,318,1,50,0.020,50
GALNT5,213,2,50,0.040,49
GALNT7,738,2,50,0.040,47
GAPDH,577,2,50,0.040,48
GAPT,325,2,50,0.040,49
GAR1,529,2,50,0.040,48
GAREM1,464,2,50,0.040,49
GARS1,258,2,50,0.040,46
GART,412,1,50,0.020,50
GAS1,360,2,50,0.040,44
GAS2,406,2,50,0.040,48
GAS7,128,2,50,0.040,48
GATAD2A,117,2,50,0.040,47
GATD1,74,2,50,0.040,46
GATD3,128,2,50,0.040,48
GATM,730,1,50,0.020,50
GBA2,739,2,50,0.040,48
GBA3,669,2,50,0.040,49
GBP2,418,2,50,0.040,48
GBP3,595,2,50,0.040,48
GCAT,247,2,50,0.040,48
GCC2,32,2,50,0.040,48
GCDH,596,1,50,0.020,47
GCG,166,2,50,0.040,48
GCNT2,0,5,50,0.100,42
GCNT3,513,1,50,0.020,50
GCSAM,325,2,50,0.040,48
GDE1,706,2,50,0.040,48
GDF15,348,2,50,0.040,46
GDI1,251,3,50,0.060,48
GDPD2,550,2,50,0.040,49
GDPD3,622,1,50,0.020,50
GDPD5,258,2,50,0.040,46
GDPGP1,457,3,50,0.060,46
GEM,486,2,50,0.040,49
GEMIN4,590,2,50,0.040,46
GEMIN5,609,2,50,0.040,49
GEMIN6,747,2,50,0.040,45
GET4,380,2,50,0.040,48
GFI1,123,2,50,0.040,49
GFRA3,159,2,50,0.040,47
GFUS,169,2,50,0.040,48
GGCT,3,2,50,0.040,46
GGCX,742,1,50,0.020,50
GGH,118,2,50,0.040,49
GGPS1,396,2,50,0.040,46
GGT6,191,1,50,0.020,50
GHDC,161,2,50,0.040,47
GHITM,243,1,50,0.020,50
GHR,408,1,50,0.020,50
GID8,342,1,50,0.020,50
GIMAP1,685,2,50,0.040,48
GIMAP7,86,2,50,0.040,49
GIMAP8,552,2,50,0.040,49
GINM1,49,2,50,0.040,49
GINS1,711,2,50,0.040,46
GINS2,391,2,50,0.040,48
GINS3,542,1,50,0.020,50
GINS4,665,2,50,0.040,47
GIPC1,596,2,50,0.040,49
GIT1,578,2,50,0.040,49
GIT2,428,2,50,0.040,49
GK5,547,2,50,0.040,49
GLA,98,2,50,0.040,49
GLCE,287,1,50,0.020,50
GLG1,498,2,50,0.040,48
GLIPR2,85,2,50,0.040,49
GLIS2,108,2,50,0.040,47
GLMN,422,2,50,0.040,46
GLO1,28,2,50,0.040,45
GLOD4,448,2,50,0.040,48
GLOD5,575,2,50,0.040,49
GLRX,720,1,50,0.020,45
GLRX3,146,2,50,0.040,47
GLS,443,1,50,0.020,50
GLS2,680,2,50,0.040,48
GLTP,283,1,50,0.020,50
GMEB2,771,2,50,0.040,48
GMFG,474,2,50,0.040,47
GMPR,63,2,50,0.040,46
GMPR2,347,2,50,0.040,47
GMPS,412,1,50,0.020,50
GNA11,511,2,50,0.040,48
GNA12,100,1,50,0.020,50
GNA13,810,2,50,0.040,41
GNA14,685,2,50,0.040,48
GNA15,708,2,50,0.040,48
GNAI1,542,2,50,0.040,49
GNAL,334,2,50,0.040,48
GNAQ,552,2,50,0.040,45
GNAS,789,2,50,0.040,49
GNAT2,161,1,50,0.020,50
GNB1L,767,2,50,0.040,47
GNB2,807,2,50,0.040,47
GNE,322,2,50,0.040,48
GNG12,738,2,50,0.040,47
GNG2,730,1,50,0.020,50
GNG7,750,2,50,0.040,47
GNGT2,490,2,50,0.040,46
GNL2,494,2,50,0.040,46
GNL3L,713,2,50,0.040,49
GNPDA1,301,1,50,0.020,50
GNPNAT1,190,1,50,0.020,50
GNRH1,506,1,50,0.020,50
GOLGA1,221,1,50,0.020,49
GOLGA8N,284,2,50,0.040,48
GOLM1,145,2,50,0.040,49
GOLM2,333,2,50,0.040,47
GOLT1A,140,2,50,0.040,48
GON4L,417,2,50,0.040,49
GON7,575,2,50,0.040,48
GOT1,38,2,50,0.040,49
GPA33,191,1,50,0.020,50
GPALPP1,52,2,50,0.040,49
GPAT2,149,2,50,0.040,45
GPAT3,409,1,50,0.020,50
GPAT4,789,2,50,0.040,49
GPATCH4,803,2,50,0.040,47
GPATCH8,709,2,50,0.040,49
GPBP1L1,48,2,50,0.040,48
GPC1,361,2,50,0.040,48
GPC3,292,1,50,0.020,50
GPCPD1,69,3,50,0.060,45
GPD1L,613,2,50,0.040,49
GPD2,221,1,50,0.020,50
GPHRA,88,2,50,0.040,48
GPI,49,1,50,0.020,50
GPM6B,622,1,50,0.020,50
GPN1,661,2,50,0.040,49
GPN3,443,1,50,0.020,50
GPR143,79,2,50,0.040,46
GPR15,464,2,50,0.040,49
GPR157,383,2,50,0.040,49
GPR15LG,572,1,50,0.020,50
GPR18,784,2,50,0.040,49
GPR180,268,1,50,0.020,49
GPR19,422,2,50,0.040,46
GPR34,42,2,50,0.040,46
GPR35,207,2,50,0.040,47
GPRASP1,157,2,50,0.040,45
GPRC5A,126,1,50,0.020,50
GPS1,602,2,50,0.040,48
GPS2,92,2,50,0.040,49
GPSM2,201,2,50,0.040,48
GPT,617,1,50,0.020,50
GPT2,680,2,50,0.040,48
GPX1,769,2,50,0.040,48
GPX2,62,2,50,0.040,47
GPX3,96,2,50,0.040,45
GPX4,477,2,50,0.040,49
GPX7,666,2,50,0.040,47
GRAMD1A,140,2,50,0.040,48
GRAMD1C,352,2,50,0.040,48
GRAMD2A,708,2,50,0.040,49
GRAMD2B,86,2,50,0.040,49
GRB10,761,2,50,0.040,49
GRB7,13,2,50,0.040,47
GREM2,631,2,50,0.040,47
GRHL1,754,2,50,0.040,49
GRHL2,261,2,50,0.040,48
GRIN2D,711,2,50,0.040,47
GRINA,112,2,50,0.040,49
GRK3,669,2,50,0.040,49
GRP,753,2,50,0.040,49
GRPEL1,286,1,50,0.020,50
GRPEL2,299,2,50,0.040,49
GRWD1,336,2,50,0.040,48
GSDMB,507,1,50,0.020,50
GSDME,651,1,50,0.020,49
GSKIP,568,1,50,0.020,50
GSPT1,611,1,50,0.020,50
GSTA1,631,2,50,0.040,47
GSTK1,392,1,50,0.020,50
GSTM1,192,1,50,0.020,50
GSTM2,0,6,50,0.120,34
GSTM4,352,2,50,0.040,48
GSTO1,100,1,50,0.020,50
GSTP1,657,3,50,0.060,48
GSTZ1,67,2,50,0.040,46
GTF2A2,289,2,50,0.040,48
GTF2E1,100,1,50,0.020,50
GTF2E2,121,2,50,0.040,48
GTF2F2,607,2,50,0.040,47
GTF2H1,780,2,50,0.040,49
GTF2H4,294,2,50,0.040,45
GTF2H5,482,2,50,0.040,49
GTF2IRD1,355,2,50,0.040,49
GTF3A,339,1,50,0.020,50
GTF3C1,99,1,50,0.020,50
GTF3C3,487,2,50,0.040,49
GTF3C4,499,2,50,0.040,47
GTF3C5,74,2,50,0.040,47
GTF3C6,267,2,50,0.040,43
GTPBP3,272,2,50,0.040,46
GTPBP4,680,2,50,0.040,48
GTSE1,2,2,50,0.040,49
GUCA2A,166,2,50,0.040,48
GUCA2B,166,2,50,0.040,48
GUCD1,229,2,50,0.040,43
GUCY1B1,709,2,50,0.040,49
GUK1,371,2,50,0.040,48
GULP1,4,2,50,0.040,46
GYG1,246,1,50,0.020,50
GYPB,464,2,50,0.040,49
GYPC,88,1,50,0.020,50
GZF1,70,2,50,0.040,49
GZMA,602,2,50,0.040,48
GZMB,557,2,50,0.040,47
H1-2,464,2,50,0.040,43
H2AC25,783,1,50,0.020,50
H2AX,122,3,50,0.060,47
H2AZ1,305,2,50,0.040,49
H2BC5,463,2,50,0.040,48
H3C11,624,2,50,0.040,47
HABP4,293,2,50,0.040,49
HACD1,400,2,50,0.040,44
HACD3,590,2,50,0.040,46
HACD4,769,2,50,0.040,48
HACL1,121,2,50,0.040,49
HADH,511,2,50,0.040,48
HADHA,158,2,50,0.040,47
HADHB,464,2,50,0.040,49
HAGHL,124,1,50,0.020,50
HAPLN1,787,2,50,0.040,49
HASPIN,807,2,50,0.040,47
HAT1,173,1,50,0.020,47
HAUS3,445,2,50,0.040,45
HAUS6,348,2,50,0.040,49
HAUS7,170,2,50,0.040,48
HBB,633,2,50,0.040,48
HBEGF,720,1,50,0.020,50
HBG2,418,2,50,0.040,48
HBP1,596,2,50,0.040,49
HCAR3,415,2,50,0.040,47
HCFC1,466,3,50,0.060,46
HCK,550,1,50,0.020,46
HCLS1,603,2,50,0.040,49
HDAC2,32,2,50,0.040,46
HDAC9,21,2,50,0.040,47
HDC,157,2,50,0.040,47
HDGF,75,1,50,0.020,50
HDHD2,716,2,50,0.040,49
HEATR1,13,2,50,0.040,47
HEATR3,336,2,50,0.040,48
HEATR5A,706,2,50,0.040,48
HEATR5B,190,2,50,0.040,47
HECA,286,2,50,0.040,45
HECTD2,624,2,50,0.040,48
HECTD3,91,2,50,0.040,49
HECW1,305,2,50,0.040,48
HECW2,798,2,50,0.040,47
HELLS,497,1,50,0.020,50
HELQ,516,2,50,0.040,47
HELZ2,665,2,50,0.040,48
HENMT1,278,2,50,0.040,49
HEPACAM2,78,3,50,0.060,45
HEPH,796,2,50,0.040,44
HERC1,651,2,50,0.040,49
HERPUD1,571,1,50,0.020,50
HES6,713,2,50,0.040,49
HEXIM1,685,3,50,0.060,48
HEYL,122,3,50,0.060,46
HGD,86,2,50,0.040,49
HGH1,169,2,50,0.040,48
HGS,689,2,50,0.040,47
HHIP,622,1,50,0.020,50
HHLA2,88,2,50,0.040,49
HIBADH,59,1,50,0.020,50
HIBCH,604,2,50,0.040,46
HIF1AN,617,2,50,0.040,48
HIGD1A,537,1,50,0.020,50
HIGD2A,615,2,50,0.040,49
HIKESHI,261,2,50,0.040,48
HILPDA,710,2,50,0.040,46
HIP1,97,2,50,0.040,49
HIPK1,321,3,50,0.060,46
HIVEP1,292,1,50,0.020,49
HJURP,680,2,50,0.040,48
HK1,678,1,50,0.020,50
HKDC1,86,2,50,0.040,46
HLA-A,530,2,50,0.040,49
HLA-B,1,2,50,0.040,48
HLA-C,617,2,50,0.040,47
HLA-DMB,517,2,50,0.040,48
HLA-DOB,603,2,50,0.040,49
HLA-DPA1,325,2,50,0.040,48
HLA-G,596,2,50,0.040,49
HLF,646,2,50,0.040,48
HM13,42,2,50,0.040,49
HMBS,100,1,50,0.020,47
HMCN2,671,2,50,0.040,46
HMG20A,518,2,50,0.040,49
HMGA1,412,1,50,0.020,50
HMGB1,188,2,50,0.040,48
HMGB3,519,2,50,0.040,47
HMGCL,354,2,50,0.040,49
HMGCS2,669,2,50,0.040,49
HMGN5,149,2,50,0.040,45
HMGXB3,794,2,50,0.040,41
HMMR,49,2,50,0.040,47
HMOX1,202,2,50,0.040,43
HNF1A,498,2,50,0.040,48
HNMT,619,2,50,0.040,48
HNRNPA1,682,2,50,0.040,48
HNRNPA3,176,2,50,0.040,49
HNRNPC,465,2,50,0.040,49
HNRNPD,75,2,50,0.040,49
HNRNPDL,246,1,50,0.020,50
HNRNPK,614,2,50,0.040,48
HNRNPL,670,1,50,0.020,50
HNRNPU,195,1,50,0.020,50
HNRNPUL1,261,2,50,0.040,48
HOMER1,223,2,50,0.040,48
HOXA11,360,2,50,0.040,48
HOXA13,595,2,50,0.040,48
HOXA5,153,2,50,0.040,47
HOXB13,617,2,50,0.040,44
HOXB6,1,2,50,0.040,48
HOXB8,11,2,50,0.040,48
HOXD1,788,2,50,0.040,49
HOXD4,195,2,50,0.040,49
HOXD8,128,2,50,0.040,48
HPDL,360,2,50,0.040,48
HPGD,162,2,50,0.040,48
HPGDS,409,1,50,0.020,50
HPRT1,499,2,50,0.040,47
HPS3,769,2,50,0.040,48
HPS4,309,2,50,0.040,46
HPS5,530,2,50,0.040,49
HPSE,475,2,50,0.040,48
HPX,738,2,50,0.040,47
HRAS,498,2,50,0.040,48
HRCT1,42,2,50,0.040,46
HS1BP3,450,2,50,0.040,49
HS2ST1,406,2,50,0.040,49
HS3ST1,707,2,50,0.040,49
HS6ST2,49,2,50,0.040,47
HSBP1L1,128,2,50,0.040,48
HSD11B2,572,1,50,0.020,50
HSD17B1,628,2,50,0.040,46
HSD17B10,251,3,50,0.060,48
HSD17B11,253,2,50,0.040,48
HSD17B12,367,2,50,0.040,48
HSD17B2,78,3,50,0.060,45
HSD17B6,713,2,50,0.040,47
HSD17B7,696,2,50,0.040,48
HSD17B8,271,2,50,0.040,47
HSD3B2,288,2,50,0.040,49
HSD3B7,361,2,50,0.040,48
HSDL1,554,1,50,0.020,50
HSF1,326,2,50,0.040,49
HSF2,246,1,50,0.020,50
HSP90AA1,368,2,50,0.040,48
HSP90AB1,75,1,50,0.020,50
HSPA13,111,2,50,0.040,48
HSPA14,74,2,50,0.040,47
HSPA2,0,6,50,0.120,34
HSPA4,746,1,50,0.020,49
HSPA5,2,2,50,0.040,49
HSPB7,124,2,50,0.040,49
HSPBAP1,303,2,50,0.040,49
HSPBP1,611,1,50,0.020,50
HSPD1,74,2,50,0.040,47
HSPE1,7,2,50,0.040,47
HSPH1,339,1,50,0.020,50
HTRA1,130,2,50,0.040,45
HTRA3,85,1,50,0.020,50
HUNK,239,2,50,0.040,46
HUS1,276,2,50,0.040,49
HVCN1,329,2,50,0.040,49
HYAL2,347,2,50,0.040,48
HYAL3,665,2,50,0.040,48
HYCC2,738,2,50,0.040,47
HYOU1,7,2,50,0.040,47
IARS1,85,1,50,0.020,50
ICA1,525,1,50,0.020,50
ICAM1,606,1,50,0.020,49
ICAM3,39,2,50,0.040,48
ICE1,193,2,50,0.040,47
ICMT,212,2,50,0.040,47
ID2,219,2,50,0.040,45
ID3,157,2,50,0.040,45
IDH2,212,2,50,0.040,47
IDH3A,251,2,50,0.040,47
IDH3B,365,2,50,0.040,48
IDO1,250,2,50,0.040,49
IER2,355,2,50,0.040,48
IER3,557,2,50,0.040,44
IER5L,680,2,50,0.040,48
IFFO2,744,1,50,0.020,50
IFI6,336,1,50,0.020,50
IFIT1,141,2,50,0.040,48
IFITM1,112,2,50,0.040,49
IFITM2,336,1,50,0.020,50
IFITM3,336,1,50,0.020,50
IFNA4,90,2,50,0.040,48
IFNAR1,4,2,50,0.040,48
IFNGR1,516,2,50,0.040,47
IFRD2,406,2,50,0.040,49
IFT22,8,2,50,0.040,47
IFT25,602,1,50,0.020,50
IFT56,348,2,50,0.040,49
IFT70A,658,2,50,0.040,48
IFT81,376,2,50,0.040,49
IGF1,185,2,50,0.040,47
IGF2BP2,539,2,50,0.040,48
IGF2BP3,560,2,50,0.040,49
IGF2R,815,2,50,0.040,47
IGFBP5,246,1,50,0.020,49
IGFBP7,798,2,50,0.040,46
IGH,634,2,50,0.040,48
IGK,42,2,50,0.040,46
IGLL1,4,2,50,0.040,47
IGLL5,148,2,50,0.040,48
IGSF10,763,2,50,0.040,49
IGSF9,612,2,50,0.040,49
IKZF2,658,2,50,0.040,43
IKZF3,778,2,50,0.040,48
IKZF5,494,2,50,0.040,49
IL10RA,157,2,50,0.040,45
IL10RB,575,2,50,0.040,48
IL13RA2,291,3,50,0.060,46
IL15,284,2,50,0.040,48
IL15RA,471,1,50,0.020,50
IL16,685,2,50,0.040,48
IL17A,470,2,50,0.040,48
IL17RB,85,2,50,0.040,46
IL17RD,291,3,50,0.060,46
IL18,55,2,50,0.040,48
IL18R1,507,1,50,0.020,50
IL1B,543,2,50,0.040,48
IL1R1,602,2,50,0.040,46
IL1R2,87,2,50,0.040,49
IL1RN,415,2,50,0.040,47
IL23A,441,2,50,0.040,48
IL24,798,2,50,0.040,45
IL2RB,132,2,50,0.040,46
IL4I1,764,2,50,0.040,49
IL6,181,1,50,0.020,50
IL6R,616,2,50,0.040,48
IL6ST,49,2,50,0.040,49
IL7,735,2,50,0.040,48
ILF2,687,2,50,0.040,48
ILF3,28,2,50,0.040,48
ILKAP,293,2,50,0.040,48
IMMP2L,521,2,50,0.040,48
IMP4,498,2,50,0.040,48
IMPA1,251,2,50,0.040,47
IMPA2,476,2,50,0.040,47
IMPACT,267,2,50,0.040,43
IMPDH1,302,1,50,0.020,50
IMPDH2,695,1,50,0.020,49
INAFM2,398,2,50,0.040,49
ING1,365,1,50,0.020,50
ING4,229,2,50,0.040,46
INHBA,18,2,50,0.040,49
INO80B,371,2,50,0.040,48
INO80C,796,2,50,0.040,49
INPP4B,596,2,50,0.040,48
INPP5A,469,2,50,0.040,49
INPP5D,85,1,50,0.020,50
INPP5E,742,1,50,0.020,50
INPP5K,517,2,50,0.040,48
INPPL1,602,2,50,0.040,48
INSIG1,716,2,50,0.040,47
INSL5,550,2,50,0.040,48
INSM1,409,1,50,0.020,50
INTS1,769,2,50,0.040,48
INTS13,783,1,50,0.020,50
INTS15,74,2,50,0.040,47
INTS2,387,1,50,0.020,50
INTS3,702,2,50,0.040,48
INTS4,767,2,50,0.040,49
INTS5,548,1,50,0.020,50
INTS6,661,2,50,0.040,47
INTS6L,38,2,50,0.040,49
INTS7,49,1,50,0.020,50
INTS8,273,2,50,0.040,48
INVS,413,2,50,0.040,47
IP6K1,265,1,50,0.020,49
IPCEF1,117,2,50,0.040,49
IPMK,534,2,50,0.040,49
IPO5,28,2,50,0.040,48
IPO7,251,3,50,0.060,48
IPO9,469,1,50,0.020,50
IPPK,124,1,50,0.020,50
IQCB1,75,2,50,0.040,49
IQGAP1,730,2,50,0.040,48
IQGAP2,642,2,50,0.040,46
IQGAP3,410,1,50,0.020,50
IRAG2,420,2,50,0.040,47
IRAK1,301,1,50,0.020,50
IRAK1BP1,422,2,50,0.040,47
IRAK2,336,1,50,0.020,50
IRF2BP1,146,1,50,0.020,48
IRF2BP2,670,1,50,0.020,50
IRF3,644,2,50,0.040,48
IRF4,42,2,50,0.040,46
IRGQ,161,2,50,0.040,47
IRS1,536,2,50,0.040,47
IRS2,261,2,50,0.040,48
IRX2,720,1,50,0.020,49
IRX3,49,2,50,0.040,47
IRX5,470,2,50,0.040,48
ISCU,446,2,50,0.040,47
ISG20,221,1,50,0.020,50
ISG20L2,272,2,50,0.040,47
ISLR,474,2,50,0.040,46
ISX,513,1,50,0.020,50
ISY1,644,2,50,0.040,48
ITFG1,676,2,50,0.040,45
ITGA1,285,2,50,0.040,46
ITGA11,753,1,50,0.020,50
ITGA2,258,2,50,0.040,43
ITGA4,192,1,50,0.020,50
ITGA5,792,2,50,0.040,47
ITGA8,67,2,50,0.040,46
ITGB1BP1,653,2,50,0.040,49
ITGB3BP,707,2,50,0.040,49
ITGB4,100,1,50,0.020,50
ITGB5,252,2,50,0.040,48
ITGB7,27,2,50,0.040,44
ITGB8,799,2,50,0.040,45
ITGBL1,668,2,50,0.040,46
ITLN1,669,3,50,0.060,48
ITM2A,513,1,50,0.020,50
ITM2B,486,2,50,0.040,49
ITM2C,289,2,50,0.040,48
ITPA,687,2,50,0.040,48
ITPKA,12,2,50,0.040,49
ITPR1,617,1,50,0.020,50
ITPRID2,655,2,50,0.040,47
ITPRIP,549,3,50,0.060,46
ITSN1,494,2,50,0.040,49
ITSN2,617,2,50,0.040,48
JADE3,759,2,50,0.040,46
JAG2,336,1,50,0.020,50
JAK1,544,2,50,0.040,47
JAK2,643,2,50,0.040,49
JAM2,69,2,50,0.040,47
JAM3,393,2,50,0.040,49
JAML,224,2,50,0.040,46
JCHAIN,87,2,50,0.040,49
JDP2,289,2,50,0.040,48
JMJD1C,271,1,50,0.020,50
JMJD4,535,3,50,0.060,48
JMJD6,487,2,50,0.040,49
JMY,598,2,50,0.040,48
JOSD1,281,2,50,0.040,44
JPH1,336,1,50,0.020,50
JPT1,182,2,50,0.040,47
JPT2,97,2,50,0.040,49
JRK,213,2,50,0.040,49
JUN,18,2,50,0.040,44
JUNB,72,2,50,0.040,49
JUP,662,2,50,0.040,49
KALRN,681,2,50,0.040,49
KANK1,707,2,50,0.040,49
KANK4,19,2,50,0.040,48
KANSL2,336,2,50,0.040,48
KARS1,600,2,50,0.040,45
KAT2A,571,2,50,0.040,47
KAT2B,21,2,50,0.040,47
KAT5,644,2,50,0.040,48
KAT6B,157,2,50,0.040,45
KAT7,129,2,50,0.040,47
KAZN,60,2,50,0.040,46
KBTBD11,685,2,50,0.040,48
KBTBD12,595,2,50,0.040,48
KBTBD2,40,3,50,0.060,45
KBTBD6,28,2,50,0.040,48
KCNAB2,623,2,50,0.040,49
KCND3,30,2,50,0.040,47
KCNE2,635,2,50,0.040,45
KCNE3,753,1,50,0.020,46
KCNG3,205,2,50,0.040,49
KCNH5,553,2,50,0.040,45
KCNH8,742,1,50,0.020,50
KCNIP4,289,2,50,0.040,48
KCNJ16,129,2,50,0.040,47
KCNJ8,578,2,50,0.040,49
KCNK10,613,2,50,0.040,49
KCNMA1,500,2,50,0.040,49
KCNMB1,192,1,50,0.020,47
KCNMB4,239,2,50,0.040,46
KCNN4,762,2,50,0.040,48
KCNQ1,422,2,50,0.040,46
KCNS3,149,2,50,0.040,46
KCNT2,769,2,50,0.040,48
KCTD1,195,2,50,0.040,48
KCTD18,617,2,50,0.040,49
KCTD20,687,2,50,0.040,47
KCTD4,332,2,50,0.040,49
KCTD6,798,2,50,0.040,48
KCTD9,4,2,50,0.040,49
KDELR1,124,1,50,0.020,50
KDELR2,750,2,50,0.040,43
KDELR3,753,2,50,0.040,49
KDM1A,717,2,50,0.040,48
KDM1B,707,2,50,0.040,49
KDM2B,369,2,50,0.040,48
KDM3A,37,2,50,0.040,48
KDM6A,661,2,50,0.040,47
KEAP1,547,1,50,0.020,49
KGD4,563,1,50,0.020,49
KHDRBS3,790,2,50,0.040,49
KHK,698,2,50,0.040,48
KHSRP,251,3,50,0.060,48
KIAA0513,1,3,50,0.060,45
KIAA0930,318,1,50,0.020,50
KIAA1549,571,2,50,0.040,47
KIAA1958,311,3,50,0.060,47
KICS2,499,2,50,0.040,46
KIF11,116,2,50,0.040,48
KIF13B,606,2,50,0.040,49
KIF14,11,2,50,0.040,48
KIF15,116,2,50,0.040,48
KIF16B,441,2,50,0.040,48
KIF18A,590,2,50,0.040,46
KIF18B,410,1,50,0.020,50
KIF20A,374,2,50,0.040,48
KIF20B,117,2,50,0.040,49
KIF21B,41,2,50,0.040,49
KIF22,83,2,50,0.040,44
KIF23,49,2,50,0.040,47
KIF26B,753,1,50,0.020,50
KIF2C,627,2,50,0.040,49
KIF3A,542,1,50,0.020,50
KIF3B,686,2,50,0.040,48
KIF3C,590,2,50,0.040,45
KIF4A,348,2,50,0.040,49
KIF9,110,2,50,0.040,47
KIFAP3,571,1,50,0.020,50
KIFC1,683,2,50,0.040,49
KIT,90,2,50,0.040,49
KITLG,251,2,50,0.040,47
KIZ,709,2,50,0.040,49
KL,602,2,50,0.040,48
KLB,85,3,50,0.060,47
KLC4,340,2,50,0.040,48
KLF12,354,2,50,0.040,49
KLF16,753,2,50,0.040,49
KLF3,623,2,50,0.040,49
KLF4,716,1,50,0.020,50
KLF7,672,2,50,0.040,49
KLF8,672,1,50,0.020,50
KLF9,787,2,50,0.040,49
KLHDC1,617,1,50,0.020,50
KLHDC2,615,2,50,0.040,49
KLHDC4,265,1,50,0.020,50
KLHL11,442,2,50,0.040,49
KLHL13,123,2,50,0.040,49
KLHL21,753,2,50,0.040,49
KLHL23,376,2,50,0.040,49
KLHL26,146,1,50,0.020,50
KLHL29,483,2,50,0.040,48
KLHL34,490,2,50,0.040,46
KLHL6,205,2,50,0.040,49
KLK1,55,2,50,0.040,49
KLK6,665,2,50,0.040,46
KLK7,528,1,50,0.020,46
KLKB1,671,2,50,0.040,45
KLRB1,107,2,50,0.040,48
KLRC2,716,1,50,0.020,50
KLRC3,55,2,50,0.040,49
KLRD1,595,2,50,0.040,48
KLRF1,245,2,50,0.040,47
KMT2B,37,2,50,0.040,48
KMT5B,464,1,50,0.020,50
KNL1,713,2,50,0.040,49
KNOP1,413,2,50,0.040,47
KNSTRN,466,3,50,0.060,47
KNTC1,110,2,50,0.040,47
KPNA1,665,2,50,0.040,49
KPNA2,391,2,50,0.040,48
KPNA3,299,2,50,0.040,49
KPNA4,706,2,50,0.040,43
KPNB1,687,2,50,0.040,48
KRAS,539,1,50,0.020,50
KRCC1,230,2,50,0.040,48
KRI1,367,2,50,0.040,47
KRT17,372,1,50,0.020,50
KRT18,99,1,50,0.020,49
KRT19,681,1,50,0.020,50
KRT20,107,2,50,0.040,48
KRT23,18,2,50,0.040,49
KRT6B,354,3,50,0.060,46
KRT80,605,2,50,0.040,46
KRTCAP2,512,2,50,0.040,49
KTN1,90,2,50,0.040,49
L3MBTL2,329,2,50,0.040,49
LACTB2,122,3,50,0.060,46
LAD1,21,3,50,0.060,44
LAGE3,302,1,50,0.020,50
LAIR1,227,2,50,0.040,49
LAMA1,669,3,50,0.060,48
LAMA2,393,2,50,0.040,49
LAMA5,706,1,50,0.020,50
LAMB2,801,2,50,0.040,49
LAMB3,271,1,50,0.020,50
LAMC1,751,2,50,0.040,48
LAMC2,181,1,50,0.020,50
LAMP1,329,2,50,0.040,44
LAMP3,576,2,50,0.040,47
LANCL1,386,3,50,0.060,48
LANCL2,161,2,50,0.040,44
LANCL3,352,2,50,0.040,48
LAP3,632,2,50,0.040,49
LAPTM4A,646,2,50,0.040,46
LAPTM4B,42,2,50,0.040,49
LARGE1,658,2,50,0.040,48
LARP1,97,2,50,0.040,49
LARP4,121,2,50,0.040,48
LARP6,339,1,50,0.020,50
LARS2,100,1,50,0.020,49
LAS1L,681,2,50,0.040,48
LBH,759,2,50,0.040,48
LBR,45,3,50,0.060,47
LCN10,681,2,50,0.040,49
LCN2,755,1,50,0.020,50
LCOR,651,2,50,0.040,49
LCP1,625,2,50,0.040,46
LDB1,413,2,50,0.040,47
LDHA,124,1,50,0.020,50
LDHB,672,2,50,0.040,49
LDHD,408,1,50,0.020,50
LDLR,246,1,50,0.020,49
LDLRAD3,546,2,50,0.040,49
LDLRAD4,392,1,50,0.020,50
LEAP2,192,1,50,0.020,50
LEF1,720,2,50,0.040,46
LEMD1,376,2,50,0.040,49
LEPROTL1,285,2,50,0.040,46
LFNG,276,2,50,0.040,49
LGALS2,78,3,50,0.060,45
LGALS3,249,2,50,0.040,47
LGALS4,145,2,50,0.040,49
LGALS9,53,3,50,0.060,42
LGALSL,392,1,50,0.020,50
LGI1,550,2,50,0.040,48
LGMN,735,2,50,0.040,48
LGR4,617,1,50,0.020,50
LGR5,754,2,50,0.040,49
LHFPL2,624,2,50,0.040,47
LHPP,39,2,50,0.040,48
LIAS,209,2,50,0.040,48
LIAT1,63,2,50,0.040,47
LIF,9,4,50,0.080,45
LIFR,140,2,50,0.040,46
LIG1,753,2,50,0.040,48
LILRB5,575,2,50,0.040,49
LIMA1,195,2,50,0.040,48
LIMCH1,474,2,50,0.040,47
LIMS4,445,2,50,0.040,45
LIN7C,39,2,50,0.040,48
LIN9,293,2,50,0.040,49
LINS1,617,2,50,0.040,49
LIPC,634,2,50,0.040,48
LIPG,680,2,50,0.040,48
LIPH,38,2,50,0.040,49
LIPJ,159,2,50,0.040,47
LITAF,750,2,50,0.040,47
LIX1L,285,2,50,0.040,46
LMBR1,108,2,50,0.040,48
LMBRD1,750,2,50,0.040,44
LMBRD2,715,2,50,0.040,48
LMCD1,131,2,50,0.040,46
LMLN,467,2,50,0.040,49
LMNB2,410,1,50,0.020,50
LMO2,128,2,50,0.040,46
LMO3,4,2,50,0.040,47
LNPK,227,2,50,0.040,49
LONP1,421,1,50,0.020,50
LONRF1,372,1,50,0.020,50
LOXL2,348,2,50,0.040,49
LPAR1,205,1,50,0.020,50
LPAR2,466,3,50,0.060,47
LPAR6,117,2,50,0.040,49
LPCAT1,223,2,50,0.040,48
LPCAT2,131,2,50,0.040,46
LPCAT3,619,2,50,0.040,48
LPCAT4,650,2,50,0.040,49
LPIN1,706,1,50,0.020,49
LPIN2,196,2,50,0.040,47
LPL,767,2,50,0.040,49
LPXN,643,2,50,0.040,49
LRATD2,445,2,50,0.040,45
LRCH1,212,2,50,0.040,44
LRCH2,552,2,50,0.040,48
LRCH4,213,2,50,0.040,49
LRFN4,665,2,50,0.040,46
LRG1,292,1,50,0.020,49
LRIF1,342,1,50,0.020,50
LRIG3,392,1,50,0.020,50
LRP11,412,1,50,0.020,50
LRP3,707,2,50,0.040,48
LRP8,485,2,50,0.040,49
LRPPRC,161,2,50,0.040,48
LRRC1,614,2,50,0.040,45
LRRC14,531,2,50,0.040,48
LRRC15,708,2,50,0.040,48
LRRC19,36,1,50,0.020,50
LRRC2,798,2,50,0.040,48
LRRC20,116,2,50,0.040,48
LRRC27,292,1,50,0.020,49
LRRC31,2,3,50,0.060,45
LRRC32,239,2,50,0.040,46
LRRC34,181,1,50,0.020,50
LRRC36,132,2,50,0.040,48
LRRC37A3,762,2,50,0.040,49
LRRC42,367,2,50,0.040,47
LRRC49,123,1,50,0.020,50
LRRC58,549,3,50,0.060,46
LRRC61,324,2,50,0.040,48
LRRC66,69,2,50,0.040,47
LRRC75A,145,2,50,0.040,49
LRRC8A,441,2,50,0.040,48
LRRC8E,339,1,50,0.020,50
LRRK2,195,2,50,0.040,48
LRRN3,70,2,50,0.040,47
LRSAM1,146,1,50,0.020,50
LSG1,37,2,50,0.040,48
LSM12,442,2,50,0.040,49
LSM14B,683,2,50,0.040,49
LSM2,789,2,50,0.040,47
LSM4,190,1,50,0.020,50
LSM5,272,2,50,0.040,48
LSM7,466,3,50,0.060,47
LSM8,731,2,50,0.040,47
LSP1,70,2,50,0.040,47
LTBP1,400,2,50,0.040,45
LTBP2,251,3,50,0.060,48
LTBP4,396,1,50,0.020,49
LTBR,767,2,50,0.040,49
LTV1,477,2,50,0.040,46
LUC7L2,98,2,50,0.040,47
LURAP1,352,2,50,0.040,46
LVRN,624,2,50,0.040,47
LXN,613,2,50,0.040,49
LY6E,406,2,50,0.040,46
LY6G6F,802,2,50,0.040,46
LY86,679,1,50,0.020,50
LY9,464,2,50,0.040,49
LY96,505,1,50,0.020,49
LYAR,348,2,50,0.040,49
LYN,132,2,50,0.040,46
LYPD8,0,5,50,0.100,42
LYPLAL1,538,2,50,0.040,48
LYRM1,7,2,50,0.040,47
LYRM4,533,2,50,0.040,47
LYRM7,716,2,50,0.040,49
LYSET,425,2,50,0.040,48
LYSMD2,111,2,50,0.040,49
LYVE1,550,2,50,0.040,48
LZIC,684,3,50,0.060,47
LZTFL1,622,2,50,0.040,49
LZTS3,710,2,50,0.040,46
M6PR,450,2,50,0.040,49
MAB21L2,42,2,50,0.040,46
MAB21L3,655,2,50,0.040,49
MACIR,253,2,50,0.040,48
MACO1,661,2,50,0.040,47
MACROD1,484,2,50,0.040,48
MACROH2A1,498,2,50,0.040,49
MAD2L1,49,2,50,0.040,47
MAD2L2,519,2,50,0.040,47
MADCAM1,40,2,50,0.040,49
MAF,67,2,50,0.040,47
MAFF,446,2,50,0.040,47
MAGED1,740,2,50,0.040,45
MAGED2,318,1,50,0.020,50
MAGEE1,213,2,50,0.040,49
MAGI2,158,2,50,0.040,47
MAGI3,623,2,50,0.040,49
MAGIX,316,2,50,0.040,48
MAGOHB,355,2,50,0.040,49
MAK16,698,2,50,0.040,49
MAL,606,2,50,0.040,49
MALL,622,1,50,0.020,50
MALSU1,70,2,50,0.040,49
MAMDC2,669,2,50,0.040,49
MAML3,469,2,50,0.040,49
MAN1A1,568,1,50,0.020,50
MAN1B1,265,1,50,0.020,50
MAN1C1,446,2,50,0.040,45
MAN2A1,702,2,50,0.040,49
MANBAL,188,2,50,0.040,48
MANEAL,484,2,50,0.040,48
MANF,387,1,50,0.020,50
MAOA,544,2,50,0.040,49
MAP1B,517,2,50,0.040,48
MAP1S,387,1,50,0.020,50
MAP2K4,3,2,50,0.040,49
MAP2K6,552,2,50,0.040,48
MAP3K20,543,2,50,0.040,48
MAP4,441,2,50,0.040,48
MAP4K3,706,3,50,0.060,45
MAP4K4,698,2,50,0.040,49
MAP7D2,665,2,50,0.040,48
MAPDA,226,2,50,0.040,48
MAPK10,681,1,50,0.020,50
MAPK3,91,2,50,0.040,49
MAPK6,464,1,50,0.020,50
MAPKAPK2,252,2,50,0.040,47
MAPKAPK3,122,3,50,0.060,46
MAPRE1,431,2,50,0.040,48
MAPRE2,681,2,50,0.040,49
MARCHF1,684,3,50,0.060,47
MARCHF3,575,2,50,0.040,48
MARCHF7,518,2,50,0.040,49
MARCHF8,253,2,50,0.040,48
MARCHF9,770,2,50,0.040,49
MARCKS,475,2,50,0.040,48
MARCKSL1,484,2,50,0.040,48
MARF1,457,3,50,0.060,46
MAST3,671,2,50,0.040,46
MASTL,677,2,50,0.040,49
MAT2A,484,1,50,0.020,50
MAT2B,615,2,50,0.040,49
MATCAP2,778,2,50,0.040,48
MATN3,239,2,50,0.040,46
MATR3,665,2,50,0.040,46
MB,205,1,50,0.020,50
MB21D2,111,2,50,0.040,49
MBD1,574,2,50,0.040,49
MBD2,331,2,50,0.040,48
MBNL1,334,2,50,0.040,47
MBNL3,425,2,50,0.040,48
MBOAT1,737,2,50,0.040,49
MBTPS2,98,2,50,0.040,49
MC3R,307,2,50,0.040,49
MCAM,709,2,50,0.040,49
MCAT,566,2,50,0.040,46
MCC,729,1,50,0.020,50
MCEE,268,2,50,0.040,46
MCFD2,121,2,50,0.040,49
MCM10,778,2,50,0.040,48
MCM2,629,2,50,0.040,49
MCM3,761,2,50,0.040,47
MCM4,321,2,50,0.040,49
MCM5,272,2,50,0.040,46
MCM6,747,2,50,0.040,45
MCM7,41,2,50,0.040,49
MCM8,8,2,50,0.040,47
MCMBP,494,2,50,0.040,47
MCOLN2,463,2,50,0.040,48
MCRIP1,799,2,50,0.040,45
MCTP2,54,2,50,0.040,48
MCTS1,146,2,50,0.040,47
MCU,574,2,50,0.040,49
MDC1,13,2,50,0.040,47
MDFIC,677,2,50,0.040,47
ME1,680,2,50,0.040,48
ME2,252,2,50,0.040,47
MEA1,272,2,50,0.040,47
MED1,578,2,50,0.040,49
MED10,578,2,50,0.040,49
MED11,353,2,50,0.040,48
MED12,68,2,50,0.040,42
MED14,707,2,50,0.040,49
MED17,686,2,50,0.040,48
MED22,385,1,50,0.020,48
MED27,765,2,50,0.040,49
MED30,59,1,50,0.020,50
MED4,767,2,50,0.040,49
MEF2A,547,2,50,0.040,49
MEF2C,352,2,50,0.040,48
MEGF6,543,2,50,0.040,48
MEI1,53,3,50,0.060,42
MEIS1,224,2,50,0.040,46
MELK,344,2,50,0.040,48
MELTF,627,2,50,0.040,49
MEN1,789,2,50,0.040,44
MEP1A,107,2,50,0.040,48
MEP1B,36,1,50,0.020,50
MEPCE,293,2,50,0.040,47
MESP1,672,1,50,0.020,49
MEST,782,1,50,0.020,50
MET,711,2,50,0.040,47
METAP1D,83,2,50,0.040,47
METAP2,173,1,50,0.020,45
METRNL,209,2,50,0.040,48
METTL1,13,2,50,0.040,47
METTL14,22,2,50,0.040,47
METTL21A,68,2,50,0.040,42
METTL22,769,2,50,0.040,48
METTL23,59,1,50,0.020,50
METTL25,614,2,50,0.040,45
METTL26,286,1,50,0.020,50
METTL2A,498,2,50,0.040,48
METTL2B,85,2,50,0.040,47
METTL5,169,2,50,0.040,47
METTL6,543,1,50,0.020,50
METTL8,602,2,50,0.040,47
MEX3A,803,2,50,0.040,47
MEX3D,121,2,50,0.040,48
MFAP4,312,2,50,0.040,48
MFAP5,312,2,50,0.040,48
MFN1,420,1,50,0.020,50
MFNG,398,2,50,0.040,48
MFSD1,333,2,50,0.040,47
MFSD11,207,2,50,0.040,49
MFSD12,293,2,50,0.040,47
MFSD2B,142,2,50,0.040,48
MFSD8,631,2,50,0.040,46
MGAT4A,252,2,50,0.040,47
MGAT5,747,2,50,0.040,45
MGLL,769,2,50,0.040,48
MGST3,54,2,50,0.040,48
MIA2,655,2,50,0.040,48
MICU2,60,2,50,0.040,49
MID1IP1,644,2,50,0.040,45
MIDEAS,281,2,50,0.040,48
MIER1,612,2,50,0.040,49
MIER2,19,2,50,0.040,46
MIER3,153,2,50,0.040,47
MIF,567,2,50,0.040,48
MIGA2,631,2,50,0.040,48
MIIP,188,1,50,0.020,46
MINDY3,778,2,50,0.040,48
MIOS,470,1,50,0.020,50
MIPEP,543,1,50,0.020,50
MIS18A,547,1,50,0.020,50
MIX23,645,2,50,0.040,48
MKI67,326,2,50,0.040,49
MKKS,481,1,50,0.020,48
MKX,669,2,50,0.040,49
MLF2,272,2,50,0.040,47
MLIP,192,1,50,0.020,50
MLLT1,368,2,50,0.040,48
MLLT10,360,2,50,0.040,49
MLLT11,418,2,50,0.040,49
MLLT6,100,1,50,0.020,50
MLST8,100,1,50,0.020,50
MLX,563,1,50,0.020,48
MMAA,478,1,50,0.020,49
MMADHC,469,2,50,0.040,49
MMD,295,2,50,0.040,44
MMP1,17,2,50,0.040,48
MMP10,348,2,50,0.040,49
MMP11,769,1,50,0.020,50
MMP12,794,2,50,0.040,49
MMP13,239,2,50,0.040,46
MMP14,368,2,50,0.040,48
MMP19,213,2,50,0.040,49
MMP28,420,2,50,0.040,47
MMP3,18,2,50,0.040,49
MMP7,18,2,50,0.040,49
MMRN1,46,2,50,0.040,49
MMS19,578,2,50,0.040,49
MMUT,492,1,50,0.020,49
MNAT1,417,2,50,0.040,49
MND1,45,2,50,0.040,48
MNS1,441,2,50,0.040,48
MNT,578,2,50,0.040,49
MOB3A,556,2,50,0.040,48
MOB3B,603,2,50,0.040,49
MOCS3,37,2,50,0.040,48
MOGAT2,87,2,50,0.040,49
MOGAT3,157,2,50,0.040,46
MOGS,666,2,50,0.040,48
MON1A,161,2,50,0.040,48
MON2,48,2,50,0.040,48
MORC2,69,3,50,0.060,45
MORC3,629,2,50,0.040,49
MORC4,301,1,50,0.020,50
MORF4L1,219,2,50,0.040,44
MORF4L2,303,2,50,0.040,49
MORN5,506,1,50,0.020,50
MOSPD1,45,3,50,0.060,47
MOSPD2,294,2,50,0.040,45
MOSPD3,686,2,50,0.040,48
MPC1,575,2,50,0.040,49
MPDU1,283,1,50,0.020,50
MPEG1,69,2,50,0.040,47
MPG,607,2,50,0.040,47
MPHOSPH10,673,2,50,0.040,47
MPI,324,2,50,0.040,47
MPLKIP,713,2,50,0.040,48
MPP7,572,2,50,0.040,49
MPPE1,392,1,50,0.020,50
MPV17,576,2,50,0.040,47
MRC1,685,2,50,0.040,48
MRE11,720,2,50,0.040,47
MREG,661,2,50,0.040,47
MRGBP,390,2,50,0.040,49
MRI1,405,2,50,0.040,49
MRM2,146,2,50,0.040,47
MROH6,68,2,50,0.040,47
MRPL10,294,2,50,0.040,45
MRPL12,95,2,50,0.040,48
MRPL14,621,2,50,0.040,48
MRPL17,26,2,50,0.040,48
MRPL18,16,2,50,0.040,45
MRPL19,742,1,50,0.020,50
MRPL24,145,2,50,0.040,48
MRPL30,472,2,50,0.040,49
MRPL34,22,2,50,0.040,47
MRPL36,146,2,50,0.040,47
MRPL37,561,2,50,0.040,48
MRPL4,653,2,50,0.040,48
MRPL45,564,2,50,0.040,45
MRPL47,371,2,50,0.040,48
MRPL48,176,2,50,0.040,49
MRPL50,187,2,50,0.040,48
MRPL51,161,2,50,0.040,49
MRPL52,188,2,50,0.040,48
MRPL55,413,2,50,0.040,47
MRPL57,97,2,50,0.040,49
MRPL58,303,2,50,0.040,49
MRPL9,45,3,50,0.060,47
MRPS10,7,2,50,0.040,47
MRPS12,441,2,50,0.040,48
MRPS17,42,2,50,0.040,49
MRPS2,188,2,50,0.040,48
MRPS23,13,2,50,0.040,47
MRPS26,83,2,50,0.040,47
MRPS30,686,2,50,0.040,46
MRPS31,417,2,50,0.040,49
MRPS34,176,2,50,0.040,49
MRPS35,750,2,50,0.040,45
MRTFB,648,2,50,0.040,48
MRTO4,318,1,50,0.020,50
MS4A1,4,2,50,0.040,47
MS4A12,166,2,50,0.040,48
MS4A2,713,2,50,0.040,48
MS4A4A,85,3,50,0.060,47
MS4A6A,202,2,50,0.040,43
MS4A7,660,2,50,0.040,49
MS4A8,408,1,50,0.020,50
MSANTD3,32,2,50,0.040,46
MSH6,611,1,50,0.020,50
MSI2,703,2,50,0.040,48
MSLN,665,2,50,0.040,46
MSRA,331,2,50,0.040,48
MSX1,348,2,50,0.040,48
MSX2,546,2,50,0.040,49
MT1E,616,2,50,0.040,48
MT1F,88,2,50,0.040,49
MT1G,319,2,50,0.040,47
MT1H,726,2,50,0.040,47
MT1HL1,513,1,50,0.020,50
MT1M,165,2,50,0.040,47
MT1X,788,2,50,0.040,49
MTA1,441,2,50,0.040,48
MTAP,686,2,50,0.040,46
MTARC2,739,2,50,0.040,49
MTBP,546,1,50,0.020,50
MTCL1,376,2,50,0.040,49
MTDH,127,2,50,0.040,47
MTERF3,772,1,50,0.020,50
MTFR1,381,1,50,0.020,48
MTFR1L,128,2,50,0.040,48
MTFR2,348,2,50,0.040,49
MTG2,720,2,50,0.040,47
MTHFD1,45,3,50,0.060,47
MTHFD2,112,1,50,0.020,50
MTIF3,712,2,50,0.040,47
MTM1,195,2,50,0.040,48
MTMR1,687,2,50,0.040,47
MTMR10,354,2,50,0.040,49
MTMR11,583,2,50,0.040,48
MTMR6,123,1,50,0.020,50
MTPAP,100,1,50,0.020,50
MTR,419,1,50,0.020,50
MTSS1,517,2,50,0.040,48
MTURN,598,2,50,0.040,48
MTUS1,251,2,50,0.040,47
MTX1,161,2,50,0.040,49
MUC2,726,2,50,0.040,47
MUC4,631,2,50,0.040,47
MUC5B,4,2,50,0.040,47
MVK,614,2,50,0.040,47
MVP,507,1,50,0.020,50
MX2,250,2,50,0.040,49
MXI1,55,2,50,0.040,49
MXRA5,158,2,50,0.040,45
MXRA7,418,2,50,0.040,48
MYADM,1,2,50,0.040,48
MYBBP1A,119,2,50,0.040,48
MYBL2,710,2,50,0.040,46
MYC,710,2,50,0.040,46
MYCBP2,355,2,50,0.040,48
MYCT1,80,2,50,0.040,48
MYDGF,532,2,50,0.040,49
MYEOV,348,2,50,0.040,49
MYG1,677,2,50,0.040,49
MYH10,753,1,50,0.020,50
MYH11,408,1,50,0.020,50
MYL12A,235,2,50,0.040,42
MYL12B,249,2,50,0.040,47
MYL5,398,2,50,0.040,49
MYL6,420,2,50,0.040,47
MYL6B,132,2,50,0.040,48
MYLK,332,2,50,0.040,49
MYO10,100,1,50,0.020,50
MYO1A,289,2,50,0.040,48
MYO5A,112,2,50,0.040,48
MYO5B,547,2,50,0.040,49
MYO5C,671,2,50,0.040,47
MYO7B,159,2,50,0.040,47
MYO9A,658,2,50,0.040,48
MYOCD,59,2,50,0.040,44
MYORG,476,2,50,0.040,47
MYOT,162,2,50,0.040,48
MYRIP,711,2,50,0.040,48
MYSM1,710,2,50,0.040,49
MYZAP,796,2,50,0.040,47
MZT1,336,1,50,0.020,50
N4BP1,360,2,50,0.040,49
N4BP2L1,5,2,50,0.040,48
NAA10,783,1,50,0.020,50
NAA15,533,2,50,0.040,47
NAA16,132,2,50,0.040,48
NAA20,70,2,50,0.040,49
NAA25,772,1,50,0.020,50
NAA38,209,2,50,0.040,48
NAA80,525,1,50,0.020,50
NAAA,255,2,50,0.040,49
NAALADL1,288,2,50,0.040,49
NAB1,698,2,50,0.040,49
NABP1,286,1,50,0.020,50
NABP2,261,2,50,0.040,48
NADSYN1,157,2,50,0.040,46
NAE1,769,2,50,0.040,47
NAF1,769,2,50,0.040,48
NAGA,347,2,50,0.040,47
NAIP,724,2,50,0.040,48
NAMPT,672,2,50,0.040,49
NANOS3,624,2,50,0.040,47
NANP,483,2,50,0.040,46
NAP1L1,122,3,50,0.060,47
NAP1L2,616,2,50,0.040,48
NAP1L4,151,2,50,0.040,47
NAPG,507,1,50,0.020,50
NAPRT,622,3,50,0.060,43
NARF,161,2,50,0.040,44
NARS1,730,2,50,0.040,49
NARS2,450,2,50,0.040,49
NASP,674,2,50,0.040,47
NAT1,1,3,50,0.060,45
NAT10,98,2,50,0.040,49
NAT14,445,2,50,0.040,45
NAT16,48,2,50,0.040,48
NAT2,788,2,50,0.040,49
NAT9,445,2,50,0.040,45
NAXE,529,2,50,0.040,48
NBDY,688,2,50,0.040,49
NBEAL1,689,2,50,0.040,44
NBEAL2,499,2,50,0.040,47
NBL1,196,2,50,0.040,47
NBN,287,1,50,0.020,50
NBPF1,795,2,50,0.040,48
NBPF10,193,2,50,0.040,48
NBPF20,494,2,50,0.040,49
NBPF26,596,2,50,0.040,49
NBR1,730,2,50,0.040,49
NCAM1,619,2,50,0.040,48
NCAPD2,70,2,50,0.040,49
NCAPD3,783,2,50,0.040,48
NCAPG,45,2,50,0.040,48
NCAPG2,570,2,50,0.040,46
NCAPH,78,2,50,0.040,47
NCBP2,272,2,50,0.040,48
NCBP3,552,2,50,0.040,49
NCDN,382,2,50,0.040,49
NCEH1,3,2,50,0.040,49
NCLN,271,2,50,0.040,47
NCOA1,268,2,50,0.040,47
NCOA2,599,2,50,0.040,48
NCOA3,657,2,50,0.040,48
NCOA4,4,2,50,0.040,48
NCOA5,717,2,50,0.040,48
NCOA6,803,2,50,0.040,47
NCOA7,753,2,50,0.040,49
NCOR1,49,2,50,0.040,49
NCOR2,761,2,50,0.040,47
NCR3LG1,271,2,50,0.040,47
NDC1,7,2,50,0.040,47
NDC80,60,2,50,0.040,46
NDE1,281,2,50,0.040,46
NDEL1,221,1,50,0.020,49
NDN,281,2,50,0.040,48
NDOR1,136,2,50,0.040,48
NDRG2,378,2,50,0.040,48
NDRG3,687,2,50,0.040,48
NDUFA10,221,1,50,0.020,50
NDUFA11,336,2,50,0.040,48
NDUFA5,207,2,50,0.040,49
NDUFA6,622,3,50,0.060,46
NDUFA7,380,2,50,0.040,48
NDUFAF2,88,2,50,0.040,48
NDUFAF7,82,2,50,0.040,48
NDUFAF8,196,2,50,0.040,47
NDUFB1,39,2,50,0.040,48
NDUFB5,631,2,50,0.040,46
NDUFC1,49,2,50,0.040,49
NDUFS1,714,2,50,0.040,49
NDUFS2,267,2,50,0.040,45
NDUFS3,574,2,50,0.040,49
NDUFS4,353,2,50,0.040,48
NDUFV1,276,1,50,0.020,50
NDUFV2,48,2,50,0.040,48
NEBL,794,2,50,0.040,49
NECAP1,715,2,50,0.040,48
NECTIN3,55,2,50,0.040,48
NECTIN4,367,2,50,0.040,48
NEDD1,190,1,50,0.020,50
NEDD4,246,1,50,0.020,49
NEDD4L,537,1,50,0.020,50
NEDD9,617,1,50,0.020,50
NEGR1,715,2,50,0.040,49
NEIL3,803,2,50,0.040,46
NEK2,185,2,50,0.040,48
NEK3,97,1,50,0.020,50
NEK4,770,2,50,0.040,45
NEK6,747,2,50,0.040,45
NEK7,611,2,50,0.040,47
NELFCD,629,2,50,0.040,48
NEMP1,13,2,50,0.040,47
NENF,674,2,50,0.040,47
NEO1,475,2,50,0.040,48
NET1,571,1,50,0.020,50
NEU1,272,2,50,0.040,46
NEU3,298,1,50,0.020,50
NEU4,149,2,50,0.040,46
NEUROD1,325,2,50,0.040,48
NFAT5,193,2,50,0.040,44
NFATC3,538,2,50,0.040,48
NFE2L1,631,2,50,0.040,48
NFE2L3,347,2,50,0.040,47
NFKBIE,161,2,50,0.040,49
NFS1,251,3,50,0.060,48
NFXL1,611,1,50,0.020,50
NFYA,212,2,50,0.040,46
NFYB,538,2,50,0.040,48
NFYC,248,2,50,0.040,49
NHERF4,333,2,50,0.040,48
NHP2,122,3,50,0.060,46
NIBAN1,345,2,50,0.040,48
NICOL1,611,1,50,0.020,50
NIF3L1,21,3,50,0.060,45
NIFK,279,2,50,0.040,49
NINJ1,535,3,50,0.060,48
NIP7,621,2,50,0.040,49
NIPAL3,305,2,50,0.040,48
NIPSNAP3A,49,2,50,0.040,49
NIT1,249,2,50,0.040,47
NIT2,245,1,50,0.020,50
NKAP,75,2,50,0.040,49
NKD1,69,2,50,0.040,48
NKD2,390,2,50,0.040,49
NKG7,728,1,50,0.020,50
NKIRAS2,265,1,50,0.020,50
NKRF,519,2,50,0.040,47
NKX2-2,549,1,50,0.020,45
NKX2-3,772,2,50,0.040,48
NLE1,614,2,50,0.040,48
NLGN4X,245,2,50,0.040,47
NLRC3,333,2,50,0.040,48
NMB,9,4,50,0.080,47
NMD3,533,2,50,0.040,47
NME1,185,2,50,0.040,48
NME4,466,3,50,0.060,47
NMNAT1,730,2,50,0.040,49
NMRAL1,547,1,50,0.020,50
NMRK1,267,2,50,0.040,47
NMT1,170,2,50,0.040,48
NMT2,238,2,50,0.040,47
NMU,415,2,50,0.040,47
NNT,547,2,50,0.040,49
NOB1,28,2,50,0.040,48
NOC2L,179,2,50,0.040,48
NOC3L,681,2,50,0.040,48
NOC4L,50,2,50,0.040,49
NOCT,244,1,50,0.020,49
NOD2,326,2,50,0.040,49
NOL10,44,2,50,0.040,48
NOL11,261,2,50,0.040,48
NOL12,70,2,50,0.040,47
NOL6,9,4,50,0.080,47
NOL7,16,2,50,0.040,45
NOL8,657,3,50,0.060,48
NOLC1,26,2,50,0.040,48
NOM1,190,1,50,0.020,50
NOMO3,669,2,50,0.040,48
NONO,50,1,50,0.020,50
NOP10,386,3,50,0.060,48
NOP16,13,2,50,0.040,47
NOP2,77,2,50,0.040,45
NOP58,680,2,50,0.040,48
NOPCHAP1,195,1,50,0.020,46
NOS3,707,2,50,0.040,47
NOSTRIN,475,2,50,0.040,48
NOTCH1,146,2,50,0.040,47
NOTCH3,321,2,50,0.040,49
NOVA1,542,2,50,0.040,47
NOX4,406,2,50,0.040,49
NPAS2,276,2,50,0.040,49
NPC1,37,2,50,0.040,48
NPEPL1,422,2,50,0.040,47
NPHP1,734,1,50,0.020,50
NPHP4,21,3,50,0.060,47
NPLOC4,767,2,50,0.040,49
NPM1,466,3,50,0.060,46
NPM3,665,2,50,0.040,49
NPRL2,161,2,50,0.040,46
NPRL3,771,2,50,0.040,48
NPTN,32,2,50,0.040,48
NPTX2,798,2,50,0.040,43
NPY,283,1,50,0.020,50
NPY1R,65,2,50,0.040,48
NR1H3,769,2,50,0.040,48
NR1H4,162,2,50,0.040,48
NR2C2,285,2,50,0.040,46
NR2C2AP,271,2,50,0.040,47
NR3C1,85,3,50,0.060,47
NR3C2,65,2,50,0.040,43
NR4A1,72,2,50,0.040,49
NR4A3,790,2,50,0.040,46
NR5A2,409,1,50,0.020,50
NRARP,661,2,50,0.040,47
NRBF2,207,2,50,0.040,49
NRDC,512,2,50,0.040,49
NRIP1,235,2,50,0.040,47
NRM,161,3,50,0.060,48
NSDHL,747,2,50,0.040,45
NSG1,625,2,50,0.040,45
NSMCE1,50,1,50,0.020,50
NSRP1,764,2,50,0.040,49
NSUN2,600,2,50,0.040,45
NSUN5,8,2,50,0.040,47
NT5C,553,2,50,0.040,47
NT5C3B,302,1,50,0.020,50
NT5DC2,778,2,50,0.040,48
NT5E,790,2,50,0.040,46
NTAN1,230,2,50,0.040,48
NTAQ1,653,2,50,0.040,48
NTHL1,611,1,50,0.020,49
NTMT1,783,2,50,0.040,48
NTN1,284,2,50,0.040,48
NUAK2,365,2,50,0.040,48
NUBP2,85,2,50,0.040,45
NUCLEOLIN,187,2,50,0.040,48
NUDC,74,2,50,0.040,47
NUDCD1,344,2,50,0.040,48
NUDCD3,40,3,50,0.060,46
NUDT1,665,2,50,0.040,46
NUDT12,195,2,50,0.040,48
NUDT14,443,1,50,0.020,45
NUDT15,687,2,50,0.040,48
NUDT16,354,2,50,0.040,49
NUDT19,807,2,50,0.040,46
NUDT21,482,2,50,0.040,49
NUDT22,305,2,50,0.040,48
NUDT4B,665,2,50,0.040,49
NUDT5,443,1,50,0.020,50
NUDT6,252,2,50,0.040,47
NUDT7,716,2,50,0.040,49
NUDT9,456,2,50,0.040,47
NUF2,713,2,50,0.040,49
NUFIP1,665,2,50,0.040,48
NUFIP2,644,2,50,0.040,48
NUP107,118,2,50,0.040,49
NUP133,539,2,50,0.040,48
NUP153,549,3,50,0.060,46
NUP155,519,2,50,0.040,47
NUP160,798,2,50,0.040,48
NUP188,470,1,50,0.020,50
NUP205,85,1,50,0.020,50
NUP35,190,1,50,0.020,50
NUP37,381,1,50,0.020,50
NUP42,82,2,50,0.040,48
NUP43,75,1,50,0.020,50
NUP58,28,2,50,0.040,48
NUP62,250,2,50,0.040,49
NUP62CL,519,2,50,0.040,47
NUP85,525,1,50,0.020,50
NUP88,764,2,50,0.040,49
NUP93,299,2,50,0.040,49
NUP98,590,2,50,0.040,48
NUPR1,276,1,50,0.020,50
NUSAP1,571,2,50,0.040,47
NXPE1,616,2,50,0.040,48
NXPE4,634,2,50,0.040,48
NXT1,614,2,50,0.040,48
OAF,739,2,50,0.040,48
OAS3,271,2,50,0.040,47
OASL,787,2,50,0.040,47
OAT,418,2,50,0.040,48
OBI1,782,1,50,0.020,47
OBSCN,389,2,50,0.040,48
OBSL1,799,2,50,0.040,45
OCEL1,353,2,50,0.040,48
ODAM,546,1,50,0.020,50
ODC1,690,2,50,0.040,48
ODF2,467,2,50,0.040,48
OGFOD1,170,2,50,0.040,48
OGFR,484,2,50,0.040,47
OGN,162,2,50,0.040,48
OIP5,666,2,50,0.040,48
OLA1,9,4,50,0.080,47
OLFM1,750,2,50,0.040,47
OLFML2B,348,2,50,0.040,49
ONECUT2,665,2,50,0.040,47
OPCML,307,2,50,0.040,49
OPN3,235,2,50,0.040,47
OPN5,305,2,50,0.040,48
OR2F1,729,1,50,0.020,49
OR51E1,85,2,50,0.040,47
ORAI1,99,1,50,0.020,50
ORC1,683,2,50,0.040,49
ORC2,450,2,50,0.040,49
ORC3,122,3,50,0.060,46
ORC5,734,2,50,0.040,49
ORC6,336,1,50,0.020,50
ORMDL2,12,1,50,0.020,49
OSBPL10,547,1,50,0.020,50
OSBPL11,617,2,50,0.040,49
OSBPL1A,715,2,50,0.040,49
OSBPL3,778,2,50,0.040,46
OSBPL7,463,2,50,0.040,48
OSBPL8,422,2,50,0.040,49
OSBPL9,596,2,50,0.040,49
OSER1,169,2,50,0.040,48
OSGIN2,764,2,50,0.040,49
OSR1,19,2,50,0.040,48
OSTM1,720,1,50,0.020,49
OTUD5,369,2,50,0.040,49
OTUD6B,665,2,50,0.040,49
OXA1L,276,1,50,0.020,50
OXCT1,506,1,50,0.020,50
OXGR1,669,2,50,0.040,48
OXLD1,775,3,50,0.060,46
P2RX4,110,2,50,0.040,42
P2RX5,386,3,50,0.060,48
P2RY1,616,2,50,0.040,48
P2RY12,107,2,50,0.040,48
P2RY14,544,2,50,0.040,49
P2RY2,209,2,50,0.040,48
P2RY8,464,2,50,0.040,49
P3H1,69,2,50,0.040,48
P3H2,318,2,50,0.040,47
P3H4,708,2,50,0.040,48
P4HA1,367,2,50,0.040,48
PA2G4,680,2,50,0.040,48
PAAF1,7,2,50,0.040,47
PABIR2,548,1,50,0.020,50
PABPC1,195,1,50,0.020,50
PABPC1L,49,2,50,0.040,47
PABPC3,467,2,50,0.040,47
PACC1,629,2,50,0.040,48
PACS1,560,2,50,0.040,47
PACSIN2,571,1,50,0.020,49
PADI2,36,1,50,0.020,50
PAFAH1B1,243,1,50,0.020,50
PAFAH1B2,441,2,50,0.040,48
PAFAH1B3,614,2,50,0.040,45
PAFAH2,283,1,50,0.020,50
PAG1,195,2,50,0.040,48
PAGR1,801,2,50,0.040,49
PAICS,69,3,50,0.060,45
PAIP1,195,1,50,0.020,50
PAIP2B,185,2,50,0.040,47
PAK1IP1,708,2,50,0.040,48
PAK6,271,2,50,0.040,47
PALB2,197,1,50,0.020,47
PALD1,86,2,50,0.040,46
PALM2AKAP2,292,1,50,0.020,50
PALS1,579,2,50,0.040,46
PALS2,627,2,50,0.040,48
PAM,801,2,50,0.040,49
PAM16,775,3,50,0.060,46
PAN3,279,2,50,0.040,49
PANK3,568,1,50,0.020,50
PANX1,18,2,50,0.040,46
PAPLN,398,2,50,0.040,47
PAPOLG,276,2,50,0.040,49
PAPSS1,369,2,50,0.040,49
PAPSS2,312,2,50,0.040,48
PAQR4,772,1,50,0.020,50
PAQR5,12,2,50,0.040,49
PAQR8,283,1,50,0.020,50
PARD6A,3,2,50,0.040,49
PARK7,305,2,50,0.040,49
PARM1,85,3,50,0.060,47
PARP1,775,3,50,0.060,46
PARP15,307,2,50,0.040,49
PARP2,329,2,50,0.040,48
PARPBP,326,2,50,0.040,49
PARVB,50,2,50,0.040,49
PASK,764,2,50,0.040,49
PATL1,470,2,50,0.040,48
PAXIP1,44,2,50,0.040,48
PAXX,97,1,50,0.020,50
PBDC1,122,3,50,0.060,46
PBK,422,2,50,0.040,47
PBLD,622,1,50,0.020,50
PCBD1,286,1,50,0.020,50
PCBP4,539,2,50,0.040,48
PCDH17,683,2,50,0.040,49
PCDH19,55,2,50,0.040,49
PCDH7,325,2,50,0.040,49
PCED1A,554,1,50,0.020,50
PCF11,738,2,50,0.040,47
PCID2,97,2,50,0.040,49
PCK1,140,2,50,0.040,46
PCLAF,789,2,50,0.040,49
PCLO,564,1,50,0.020,50
PCMTD2,9,4,50,0.080,47
PCNA,52,2,50,0.040,49
PCNP,109,1,50,0.020,47
PCNX2,117,2,50,0.040,49
PCOLCE,658,2,50,0.040,48
PCSK2,69,2,50,0.040,47
PCSK5,325,2,50,0.040,48
PCSK9,794,2,50,0.040,49
PCYOX1L,197,2,50,0.040,49
PCYT2,564,2,50,0.040,45
PDCD11,466,3,50,0.060,47
PDCD2,7,2,50,0.040,46
PDCD2L,665,2,50,0.040,48
PDCD4,463,2,50,0.040,48
PDCD5,147,2,50,0.040,48
PDCD6IP,651,2,50,0.040,49
PDE1A,397,2,50,0.040,48
PDE2A,55,2,50,0.040,49
PDE3B,3,2,50,0.040,49
PDE4B,295,2,50,0.040,49
PDE4D,378,2,50,0.040,48
PDE5A,715,2,50,0.040,49
PDE6A,191,1,50,0.020,50
PDE7A,798,2,50,0.040,48
PDE7B,289,2,50,0.040,48
PDE8A,195,2,50,0.040,48
PDE9A,88,2,50,0.040,49
PDGFD,245,2,50,0.040,47
PDGFRB,13,2,50,0.040,47
PDIA4,371,2,50,0.040,48
PDIA6,311,3,50,0.060,47
PDK2,463,2,50,0.040,47
PDK4,631,2,50,0.040,47
PDLIM1,4,2,50,0.040,48
PDLIM5,347,2,50,0.040,47
PDLIM7,422,2,50,0.040,49
PDP1,13,2,50,0.040,47
PDP2,630,3,50,0.060,47
PDPN,557,2,50,0.040,47
PDRG1,42,2,50,0.040,49
PDS5B,413,2,50,0.040,47
PDXK,355,2,50,0.040,49
PDXP,574,2,50,0.040,49
PDZK1,19,2,50,0.040,48
PDZK1IP1,110,2,50,0.040,47
PEA15,286,1,50,0.020,47
PEAK1,656,2,50,0.040,49
PEG3,283,1,50,0.020,50
PELI2,222,2,50,0.040,48
PELO,212,2,50,0.040,49
PEMT,140,2,50,0.040,47
PER3,195,2,50,0.040,48
PERP,9,4,50,0.080,45
PES1,50,1,50,0.020,50
PEX11A,253,2,50,0.040,47
PEX19,329,2,50,0.040,49
PEX26,660,2,50,0.040,49
PEX3,441,2,50,0.040,48
PEX5,686,2,50,0.040,47
PFAS,139,2,50,0.040,49
PFDN2,70,2,50,0.040,49
PFDN4,336,1,50,0.020,50
PFKFB3,704,2,50,0.040,48
PFKFB4,108,2,50,0.040,48
PFKM,621,2,50,0.040,48
PGAM5,367,2,50,0.040,48
PGAP3,1,2,50,0.040,49
PGAP4,575,2,50,0.040,48
PGCKA1,85,2,50,0.040,49
PGD,590,2,50,0.040,45
PGGHG,329,2,50,0.040,49
PGGT1B,739,2,50,0.040,49
PGK1,62,2,50,0.040,45
PGM1,737,2,50,0.040,49
PGM2L1,378,1,50,0.020,47
PGM3,88,2,50,0.040,48
PGM5,726,2,50,0.040,47
PGP,445,2,50,0.040,45
PGPEP1,276,2,50,0.040,49
PGR,507,1,50,0.020,50
PGRMC2,738,2,50,0.040,47
PHACTR4,457,3,50,0.060,46
PHB1,524,2,50,0.040,49
PHC2,687,2,50,0.040,47
PHC3,312,2,50,0.040,48
PHF11,704,2,50,0.040,47
PHF12,735,2,50,0.040,49
PHF13,431,2,50,0.040,48
PHF14,32,2,50,0.040,46
PHF19,348,2,50,0.040,49
PHF20,245,1,50,0.020,50
PHF6,524,2,50,0.040,46
PHF8,207,2,50,0.040,48
PHGDH,281,2,50,0.040,46
PHGR1,322,2,50,0.040,48
PHKA1,116,2,50,0.040,48
PHKB,90,2,50,0.040,49
PHLDA1,652,2,50,0.040,49
PHLDA2,78,2,50,0.040,47
PHLDA3,129,2,50,0.040,47
PHLPP1,289,2,50,0.040,48
PHLPP2,715,2,50,0.040,49
PHRF1,252,2,50,0.040,48
PHYH,795,2,50,0.040,48
PHYKPL,145,2,50,0.040,49
PI15,325,2,50,0.040,48
PI4K2A,627,2,50,0.040,45
PIAS1,617,2,50,0.040,49
PIAS2,222,1,50,0.020,50
PIAS4,196,2,50,0.040,47
PIBF1,698,2,50,0.040,49
PID1,650,2,50,0.040,48
PIERCE1,417,2,50,0.040,49
PIERCE2,713,2,50,0.040,47
PIEZO1,69,3,50,0.060,44
PIEZO2,489,2,50,0.040,47
PIGA,682,2,50,0.040,49
PIGM,628,2,50,0.040,46
PIGN,716,2,50,0.040,49
PIGR,19,2,50,0.040,48
PIGT,771,2,50,0.040,48
PIGU,478,2,50,0.040,49
PIGV,193,2,50,0.040,48
PIGW,422,2,50,0.040,46
PIGX,293,2,50,0.040,47
PIGZ,784,2,50,0.040,49
PIK3CG,46,2,50,0.040,49
PIK3R2,512,2,50,0.040,49
PIK3R3,626,2,50,0.040,47
PIK3R4,173,1,50,0.020,50
PIM3,130,2,50,0.040,45
PIMREG,707,2,50,0.040,47
PIN4,450,2,50,0.040,49
PINK1,157,2,50,0.040,45
PIP4K2B,465,2,50,0.040,49
PIP5K1B,624,2,50,0.040,47
PIPOX,799,2,50,0.040,44
PIR,478,2,50,0.040,49
PITPNB,484,1,50,0.020,50
PITPNC1,590,2,50,0.040,46
PITPNM3,378,2,50,0.040,48
PITRM1,419,1,50,0.020,50
PITX1,627,2,50,0.040,48
PJA1,131,2,50,0.040,46
PJA2,195,2,50,0.040,48
PKHD1L1,106,2,50,0.040,47
PKIB,0,5,50,0.100,42
PKIG,221,1,50,0.020,50
PKM,190,1,50,0.020,50
PKMYT1,524,2,50,0.040,45
PKP2,250,2,50,0.040,47
PKP4,703,2,50,0.040,48
PLA1A,376,2,50,0.040,49
PLA2G15,252,2,50,0.040,48
PLA2G2A,288,2,50,0.040,49
PLA2G4A,153,2,50,0.040,47
PLA2G4F,455,2,50,0.040,49
PLA2G5,157,2,50,0.040,46
PLAA,466,3,50,0.060,46
PLAAT2,409,1,50,0.020,50
PLAAT3,391,2,50,0.040,47
PLAAT4,322,2,50,0.040,48
PLAC8,420,2,50,0.040,47
PLAC9,715,2,50,0.040,49
PLAGL1,648,2,50,0.040,43
PLAGL2,665,2,50,0.040,48
PLAT,491,2,50,0.040,45
PLAUR,1,2,50,0.040,49
PLBD2,688,2,50,0.040,49
PLCB1,181,1,50,0.020,50
PLCB4,546,1,50,0.020,50
PLCD1,731,1,50,0.020,50
PLCD3,55,2,50,0.040,48
PLCE1,787,2,50,0.040,49
PLCG1,250,2,50,0.040,49
PLCG2,660,2,50,0.040,49
PLCL2,65,2,50,0.040,48
PLCXD2,321,3,50,0.060,46
PLD1,613,2,50,0.040,49
PLD6,530,2,50,0.040,49
PLEKHA2,372,1,50,0.020,49
PLEKHA4,68,2,50,0.040,47
PLEKHA8,246,1,50,0.020,50
PLEKHB1,799,2,50,0.040,45
PLEKHB2,493,1,50,0.020,47
PLEKHF2,724,2,50,0.040,48
PLEKHG4,553,2,50,0.040,48
PLEKHG6,63,2,50,0.040,47
PLEKHH1,92,2,50,0.040,49
PLEKHH2,284,2,50,0.040,48
PLEKHM3,596,2,50,0.040,49
PLEKHS1,778,2,50,0.040,48
PLGRKT,49,2,50,0.040,49
PLK1,567,2,50,0.040,48
PLK4,466,3,50,0.060,47
PLOD1,635,2,50,0.040,46
PLOD3,112,1,50,0.020,50
PLP1,669,2,50,0.040,49
PLP2,273,2,50,0.040,47
PLPBP,305,2,50,0.040,48
PLPP1,378,2,50,0.040,48
PLPP2,704,2,50,0.040,47
PLPP3,25,3,50,0.060,46
PLPP4,546,1,50,0.020,50
PLS1,537,1,50,0.020,50
PLS3,680,2,50,0.040,48
PLSCR2,517,2,50,0.040,48
PLSCR4,1,3,50,0.060,45
PLXDC1,21,3,50,0.060,44
PLXDC2,463,2,50,0.040,46
PLXNA1,567,2,50,0.040,48
PLXNA2,396,1,50,0.020,45
PLXNA3,594,2,50,0.040,48
PM20D2,706,1,50,0.020,50
PMAIP1,556,2,50,0.040,48
PMEPA1,355,2,50,0.040,49
PMM2,717,2,50,0.040,48
PMPCA,369,2,50,0.040,48
PMS1,467,2,50,0.040,48
PNCK,635,2,50,0.040,47
PNKD,1,2,50,0.040,49
PNMA1,696,2,50,0.040,49
PNO1,753,1,50,0.020,50
PNPLA7,671,2,50,0.040,47
PNPO,75,2,50,0.040,49
PNPT1,98,2,50,0.040,49
PNRC2,207,2,50,0.040,49
POC1A,607,2,50,0.040,47
POC5,108,2,50,0.040,48
PODXL,431,2,50,0.040,48
PODXL2,108,2,50,0.040,47
POFUT1,680,2,50,0.040,48
POGLUT2,69,3,50,0.060,45
POGLUT3,155,2,50,0.040,48
POLA1,1,2,50,0.040,49
POLA2,747,2,50,0.040,45
POLB,782,1,50,0.020,50
POLD1,498,2,50,0.040,48
POLD2,98,2,50,0.040,49
POLD3,111,2,50,0.040,48
POLD4,464,2,50,0.040,43
POLDIP2,677,2,50,0.040,49
POLE,207,2,50,0.040,48
POLE2,665,2,50,0.040,46
POLE3,380,2,50,0.040,48
POLG2,75,2,50,0.040,49
POLQ,497,1,50,0.020,50
POLR1A,621,2,50,0.040,49
POLR1B,130,2,50,0.040,45
POLR1C,302,1,50,0.020,50
POLR1D,782,1,50,0.020,50
POLR1E,498,2,50,0.040,47
POLR1F,26,2,50,0.040,48
POLR1G,410,1,50,0.020,50
POLR1H,303,2,50,0.040,49
POLR2D,13,2,50,0.040,47
POLR2E,731,2,50,0.040,47
POLR2G,287,1,50,0.020,50
POLR2H,367,2,50,0.040,48
POLR2I,765,2,50,0.040,49
POLR2K,621,2,50,0.040,48
POLR3A,324,2,50,0.040,48
POLR3C,369,2,50,0.040,48
POLR3D,689,2,50,0.040,47
POLR3F,698,2,50,0.040,49
POLR3GL,656,2,50,0.040,49
POLR3H,747,2,50,0.040,45
POLR3K,369,2,50,0.040,48
POLRMT,770,2,50,0.040,49
POM121C,69,2,50,0.040,48
POMGNT1,161,2,50,0.040,49
POMGNT2,542,1,50,0.020,50
POMP,40,3,50,0.060,46
POMZP3,324,2,50,0.040,48
POP1,26,2,50,0.040,48
POP7,28,2,50,0.040,45
POT1,97,2,50,0.040,49
POU2AF1,318,2,50,0.040,46
POU2AF3,281,2,50,0.040,48
PPA1,611,1,50,0.020,50
PPARGC1A,289,2,50,0.040,48
PPARGC1B,737,2,50,0.040,49
PPAT,11,2,50,0.040,48
PPBP,11,2,50,0.040,48
PPCS,553,2,50,0.040,47
PPHLN1,549,3,50,0.060,46
PPIA,524,2,50,0.040,49
PPIC,448,2,50,0.040,49
PPIF,669,2,50,0.040,46
PPIH,70,2,50,0.040,49
PPIL1,78,2,50,0.040,47
PPIP5K2,329,2,50,0.040,49
PPL,798,2,50,0.040,48
PPM1A,537,1,50,0.020,50
PPM1G,19,2,50,0.040,46
PPM1H,754,2,50,0.040,49
PPME1,547,1,50,0.020,50
PPOX,329,2,50,0.040,49
PPP1R13L,347,2,50,0.040,48
PPP1R14B,45,2,50,0.040,48
PPP1R14D,685,2,50,0.040,48
PPP1R16B,69,2,50,0.040,47
PPP1R21,596,2,50,0.040,49
PPP1R27,163,1,50,0.020,50
PPP1R35,470,1,50,0.020,49
PPP1R36,9,2,50,0.040,45
PPP1R3C,218,2,50,0.040,49
PPP1R3D,466,3,50,0.060,47
PPP1R8,420,1,50,0.020,50
PPP1R9A,513,3,50,0.060,46
PPP2CB,624,2,50,0.040,48
PPP2R2C,738,2,50,0.040,45
PPP2R3A,90,2,50,0.040,49
PPP2R3C,448,2,50,0.040,49
PPP3CB,703,2,50,0.040,49
PPP4C,599,2,50,0.040,48
PPP6R1,305,2,50,0.040,49
PPRC1,26,2,50,0.040,48
PPT1,798,2,50,0.040,48
PPTC7,622,3,50,0.060,46
PRADC1,475,2,50,0.040,48
PRAF2,484,2,50,0.040,44
PRC1,406,2,50,0.040,49
PRDM1,285,2,50,0.040,46
PRDM10,588,2,50,0.040,42
PRDX1,19,2,50,0.040,46
PRDX2,100,1,50,0.020,50
PRDX4,664,2,50,0.040,45
PRDX6,685,2,50,0.040,48
PREB,471,1,50,0.020,47
PRELID3A,798,2,50,0.040,45
PREP,95,2,50,0.040,48
PREX2,660,2,50,0.040,49
PRF1,292,1,50,0.020,50
PRICKLE2,218,2,50,0.040,49
PRIM1,707,2,50,0.040,48
PRIM2,548,1,50,0.020,50
PRIMA1,409,1,50,0.020,50
PRIMPOL,507,1,50,0.020,50
PRKAA1,617,2,50,0.040,48
PRKAA2,392,1,50,0.020,49
PRKACB,205,1,50,0.020,50
PRKAG2,305,2,50,0.040,48
PRKAR1B,37,2,50,0.040,48
PRKAR2B,500,2,50,0.040,49
PRKCA,132,2,50,0.040,46
PRKD1,60,2,50,0.040,49
PRKDC,147,2,50,0.040,48
PRKRA,399,2,50,0.040,48
PRMT3,680,2,50,0.040,48
PRMT5,682,2,50,0.040,49
PRMT8,433,2,50,0.040,49
PROCR,762,2,50,0.040,48
PROM2,81,2,50,0.040,47
PROS1,507,1,50,0.020,50
PROSER1,42,2,50,0.040,49
PROSER2,361,2,50,0.040,48
PROX1,201,2,50,0.040,48
PRPF18,333,2,50,0.040,47
PRPF3,603,2,50,0.040,47
PRPF31,674,2,50,0.040,47
PRPF4,782,1,50,0.020,50
PRPF6,27,2,50,0.040,48
PRPS1,85,1,50,0.020,50
PRPS2,7,2,50,0.040,47
PRPSAP2,631,2,50,0.040,47
PRR14,561,2,50,0.040,48
PRR5,329,2,50,0.040,49
PRR7,783,2,50,0.040,44
PRRC2A,8,2,50,0.040,47
PRRC2B,293,2,50,0.040,47
PRRC2C,441,2,50,0.040,44
PRRG1,698,2,50,0.040,49
PRRX1,291,3,50,0.060,43
PRSS12,86,2,50,0.040,49
PRSS22,547,1,50,0.020,50
PRSS33,268,1,50,0.020,50
PRUNE2,778,2,50,0.040,48
PRXL2C,246,1,50,0.020,48
PSAT1,347,2,50,0.040,47
PSD3,513,3,50,0.060,46
PSEN1,334,2,50,0.040,47
PSMA1,176,2,50,0.040,49
PSMA2,512,2,50,0.040,49
PSMA3,602,2,50,0.040,49
PSMA5,37,2,50,0.040,48
PSMA7,112,1,50,0.020,50
PSMB1,465,2,50,0.040,49
PSMB2,147,2,50,0.040,48
PSMB4,193,2,50,0.040,45
PSMB5,188,2,50,0.040,48
PSMB7,161,2,50,0.040,49
PSMB9,130,2,50,0.040,45
PSMC1,68,2,50,0.040,46
PSMC2,298,1,50,0.020,50
PSMC4,771,2,50,0.040,48
PSMD1,368,2,50,0.040,48
PSMD10,747,1,50,0.020,50
PSMD12,576,2,50,0.040,47
PSMD13,261,2,50,0.040,48
PSMD14,69,2,50,0.040,48
PSMD2,161,3,50,0.060,46
PSMD4,780,2,50,0.040,49
PSMD5,247,2,50,0.040,48
PSMD6,432,2,50,0.040,47
PSMD8,131,2,50,0.040,48
PSME3,80,2,50,0.040,44
PSME4,469,1,50,0.020,50
PSMG1,782,1,50,0.020,50
PSMG3,170,2,50,0.040,48
PSMG4,27,2,50,0.040,48
PSPC1,674,2,50,0.040,47
PSPH,665,2,50,0.040,47
PSRC1,782,1,50,0.020,50
PSTPIP1,518,2,50,0.040,48
PTBP1,703,2,50,0.040,46
PTCD2,474,2,50,0.040,46
PTCD3,98,2,50,0.040,47
PTDSS1,703,2,50,0.040,48
PTDSS2,708,2,50,0.040,48
PTGDR,36,1,50,0.020,50
PTGDR2,316,2,50,0.040,48
PTGER2,731,1,50,0.020,50
PTGER4,4,2,50,0.040,49
PTGES,798,2,50,0.040,44
PTGES2,146,1,50,0.020,50
PTGES3,780,2,50,0.040,49
PTGR1,506,1,50,0.020,50
PTGR3,624,2,50,0.040,47
PTGS1,281,2,50,0.040,48
PTGS2,708,2,50,0.040,49
PTK2,303,2,50,0.040,49
PTK2B,354,2,50,0.040,49
PTK7,127,2,50,0.040,47
PTN,206,2,50,0.040,49
PTP4A1,511,2,50,0.040,48
PTP4A3,710,2,50,0.040,46
PTPDC1,60,2,50,0.040,45
PTPMT1,188,2,50,0.040,48
PTPN1,707,2,50,0.040,48
PTPN11,272,2,50,0.040,46
PTPN12,576,2,50,0.040,47
PTPN13,52,2,50,0.040,49
PTPN14,594,2,50,0.040,48
PTPN21,352,2,50,0.040,48
PTPN22,4,2,50,0.040,49
PTPRA,735,2,50,0.040,49
PTPRCAP,192,1,50,0.020,48
PTPRD,551,2,50,0.040,48
PTPRF,235,2,50,0.040,46
PTPRH,345,2,50,0.040,48
PTPRM,617,2,50,0.040,44
PTPRR,550,2,50,0.040,48
PTPRS,625,2,50,0.040,47
PTPRZ1,325,2,50,0.040,48
PTRH1,681,2,50,0.040,48
PTRH2,147,2,50,0.040,48
PTTG1,406,2,50,0.040,49
PTTG1IP,685,3,50,0.060,48
PTX3,206,2,50,0.040,49
PUF60,765,2,50,0.040,49
PUM3,381,1,50,0.020,50
PURA,596,2,50,0.040,49
PUS1,258,2,50,0.040,46
PUS7,546,2,50,0.040,49
PUS7L,441,2,50,0.040,48
PUSL1,311,3,50,0.060,47
PVRIG,70,2,50,0.040,47
PWP1,421,1,50,0.020,50
PWP2,111,2,50,0.040,48
PXDC1,560,2,50,0.040,49
PXK,778,2,50,0.040,48
PXMP2,575,2,50,0.040,49
PXMP4,299,2,50,0.040,49
PXYLP1,28,2,50,0.040,45
PYCR1,112,1,50,0.020,50
PYCR3,201,2,50,0.040,48
PYGM,123,2,50,0.040,49
PYROXD1,221,1,50,0.020,50
PYROXD2,511,2,50,0.040,48
PYY,165,2,50,0.040,48
PZP,507,1,50,0.020,50
QPCT,576,2,50,0.040,47
QSOX2,116,2,50,0.040,48
QTRT2,467,2,50,0.040,49
R3HDM1,445,2,50,0.040,45
R3HDM4,674,2,50,0.040,47
RAB11FIP3,566,3,50,0.060,46
RAB15,132,2,50,0.040,48
RAB18,741,2,50,0.040,48
RAB23,246,1,50,0.020,49
RAB27A,205,2,50,0.040,49
RAB27B,2,3,50,0.060,45
RAB29,466,3,50,0.060,47
RAB2B,161,2,50,0.040,49
RAB30,284,2,50,0.040,48
RAB31,767,2,50,0.040,49
RAB36,326,2,50,0.040,49
RAB37,128,2,50,0.040,48
RAB3B,141,2,50,0.040,48
RAB3D,665,2,50,0.040,49
RAB9A,464,1,50,0.020,50
RABEPK,498,2,50,0.040,49
RABGEF1,474,2,50,0.040,46
RABGGTB,441,2,50,0.040,48
RABL3,305,2,50,0.040,48
RABL6,369,2,50,0.040,49
RACGAP1,50,2,50,0.040,49
RAD1,665,2,50,0.040,49
RAD18,298,1,50,0.020,50
RAD21,207,2,50,0.040,48
RAD23A,132,2,50,0.040,48
RAD51,686,2,50,0.040,45
RAD51AP1,49,2,50,0.040,47
RAD51B,422,2,50,0.040,49
RAD51C,389,2,50,0.040,48
RAD54B,759,2,50,0.040,46
RAD54L,116,2,50,0.040,46
RAD54L2,578,2,50,0.040,49
RAE1,201,2,50,0.040,48
RAI1,499,2,50,0.040,44
RALB,207,2,50,0.040,49
RALGAPA1,571,1,50,0.020,50
RALGAPB,759,2,50,0.040,49
RALY,253,2,50,0.040,46
RAN,9,4,50,0.080,47
RANBP1,570,2,50,0.040,46
RANBP17,190,1,50,0.020,50
RANGAP1,139,2,50,0.040,49
RAP1A,464,2,50,0.040,49
RAP1B,3,2,50,0.040,49
RAP2A,422,2,50,0.040,46
RAPGEF6,648,2,50,0.040,48
RAPGEFL1,362,2,50,0.040,49
RARRES1,9,2,50,0.040,45
RARRES2,142,2,50,0.040,48
RASAL2,602,1,50,0.020,50
RASGRP3,161,1,50,0.020,50
RASSF10,798,2,50,0.040,45
RASSF4,643,2,50,0.040,49
RASSF5,117,2,50,0.040,49
RASSF6,2,3,50,0.060,45
RAVER1,399,2,50,0.040,48
RAVER2,542,2,50,0.040,49
RB1,742,1,50,0.020,50
RB1CC1,679,2,50,0.040,47
RBAK,686,2,50,0.040,47
RBBP7,303,2,50,0.040,49
RBBP9,747,1,50,0.020,50
RBCK1,98,2,50,0.040,49
RBIS,734,2,50,0.040,49
RBKS,430,1,50,0.020,49
RBL1,49,2,50,0.040,46
RBL2,617,2,50,0.040,48
RBM10,82,2,50,0.040,49
RBM12,484,1,50,0.020,50
RBM14,100,1,50,0.020,48
RBM15B,161,3,50,0.060,48
RBM19,272,2,50,0.040,46
RBM24,332,2,50,0.040,49
RBM26,139,2,50,0.040,49
RBM28,98,2,50,0.040,49
RBM33,538,2,50,0.040,48
RBM39,674,2,50,0.040,48
RBM4,285,2,50,0.040,46
RBM42,416,1,50,0.020,50
RBM43,649,2,50,0.040,49
RBM45,699,2,50,0.040,48
RBM47,644,2,50,0.040,48
RBM7,516,2,50,0.040,48
RBMS1,244,1,50,0.020,49
RBMS3,354,2,50,0.040,49
RBMX2,466,3,50,0.060,47
RBP1,382,2,50,0.040,49
RBP5,728,1,50,0.020,50
RBPMS,63,2,50,0.040,44
RCAN1,281,2,50,0.040,48
RCAN2,205,1,50,0.020,50
RCBTB1,49,2,50,0.040,47
RCC1,117,2,50,0.040,49
RCC1L,771,2,50,0.040,48
RCC2,279,2,50,0.040,49
RCCD1,532,2,50,0.040,49
RCHY1,334,2,50,0.040,47
RCL1,686,2,50,0.040,48
RCN1,629,2,50,0.040,47
RCN2,265,1,50,0.020,49
RCSD1,660,2,50,0.040,49
RDX,672,1,50,0.020,50
RECQL,195,1,50,0.020,50
RECQL4,590,2,50,0.040,46
REEP3,345,1,50,0.020,50
REEP6,553,2,50,0.040,48
REG1A,17,2,50,0.040,49
REG1B,557,2,50,0.040,47
REG3A,557,2,50,0.040,47
RELA,236,2,50,0.040,44
RELCH,54,2,50,0.040,48
RELL1,9,2,50,0.040,44
RELN,217,2,50,0.040,47
REPIN1,714,2,50,0.040,43
RERG,613,1,50,0.020,45
RERGL,81,2,50,0.040,47
RETREG1,124,2,50,0.040,49
RETSAT,206,2,50,0.040,49
REXO2,761,2,50,0.040,47
REXO4,272,2,50,0.040,47
RFC1,129,2,50,0.040,47
RFC2,661,2,50,0.040,49
RFC3,485,2,50,0.040,49
RFC4,762,2,50,0.040,48
RFNG,367,2,50,0.040,48
RFT1,790,2,50,0.040,49
RFWD3,41,2,50,0.040,49
RFX6,332,2,50,0.040,49
RFXAP,576,2,50,0.040,47
RGCC,708,2,50,0.040,49
RGL2,158,2,50,0.040,46
RGP1,644,2,50,0.040,48
RGPD6,596,2,50,0.040,49
RGS1,793,2,50,0.040,49
RGS10,655,2,50,0.040,45
RGS13,634,2,50,0.040,48
RGS16,348,2,50,0.040,49
RGS3,396,2,50,0.040,48
RGS4,560,2,50,0.040,49
RGS9,513,3,50,0.060,46
RHBDF1,52,2,50,0.040,49
RHBDF2,26,2,50,0.040,48
RHBDL2,622,1,50,0.020,50
RHEB,782,1,50,0.020,47
RHEBL1,744,1,50,0.020,50
RHOB,246,1,50,0.020,49
RHOBTB1,499,2,50,0.040,47
RHOD,698,2,50,0.040,47
RHOF,112,2,50,0.040,48
RHOJ,646,2,50,0.040,48
RHOQ,173,1,50,0.020,50
RHOT1,380,2,50,0.040,48
RHOU,583,2,50,0.040,47
RIC1,312,2,50,0.040,48
RIIAD1,799,2,50,0.040,45
RILP,575,2,50,0.040,48
RILPL1,98,2,50,0.040,42
RIMKLB,635,2,50,0.040,44
RIMS3,730,1,50,0.020,50
RINT1,380,2,50,0.040,48
RIOK1,44,2,50,0.040,48
RIOK3,731,1,50,0.020,50
RIOX1,368,2,50,0.040,48
RIOX2,689,2,50,0.040,47
RIPK1,222,1,50,0.020,50
RIPK2,410,1,50,0.020,50
RIPK3,157,2,50,0.040,45
RIPK4,472,2,50,0.040,49
RIPOR3,551,2,50,0.040,48
RIPPLY3,803,2,50,0.040,47
RIT1,54,2,50,0.040,48
RITA1,125,2,50,0.040,48
RLIG1,405,2,50,0.040,49
RLN2,13,2,50,0.040,47
RMC1,447,2,50,0.040,48
RMDN2,107,2,50,0.040,48
RMI2,717,2,50,0.040,48
RMND5A,219,2,50,0.040,45
RMP64,665,2,50,0.040,47
RNASE1,42,2,50,0.040,46
RNASE4,644,2,50,0.040,43
RNASEH1,442,2,50,0.040,49
RNASEH2A,112,2,50,0.040,49
RNASEH2B,261,2,50,0.040,48
RNASEL,575,2,50,0.040,49
RND3,735,2,50,0.040,48
RNF103,659,2,50,0.040,46
RNF11,158,2,50,0.040,47
RNF112,153,2,50,0.040,47
RNF113A,687,2,50,0.040,47
RNF115,355,2,50,0.040,49
RNF125,500,2,50,0.040,49
RNF126,124,1,50,0.020,50
RNF130,630,3,50,0.060,47
RNF138,464,2,50,0.040,49
RNF14,448,2,50,0.040,49
RNF144A,250,2,50,0.040,47
RNF149,413,2,50,0.040,47
RNF152,333,2,50,0.040,48
RNF182,360,2,50,0.040,48
RNF183,11,2,50,0.040,48
RNF186,672,1,50,0.020,50
RNF187,45,3,50,0.060,47
RNF19A,20,2,50,0.040,45
RNF213,686,2,50,0.040,48
RNF220,367,2,50,0.040,48
RNF24,707,2,50,0.040,48
RNF38,617,2,50,0.040,49
RNF39,311,3,50,0.060,47
RNF40,161,2,50,0.040,49
RNF41,689,2,50,0.040,47
RNF43,652,2,50,0.040,49
RNF44,742,1,50,0.020,50
RNF6,21,3,50,0.060,47
RNF7,4,2,50,0.040,48
RNF8,470,1,50,0.020,50
RNFT1,617,2,50,0.040,49
RNFT2,249,2,50,0.040,45
RNLS,730,2,50,0.040,49
RNPS1,635,2,50,0.040,47
ROBO1,792,2,50,0.040,47
ROBO3,477,1,50,0.020,50
ROGDI,278,1,50,0.020,49
ROMO1,687,2,50,0.040,48
ROPN1B,429,2,50,0.040,46
ROR1,677,2,50,0.040,47
RP9,195,1,50,0.020,50
RPA2,399,2,50,0.040,48
RPA3,146,2,50,0.040,47
RPAIN,422,2,50,0.040,49
RPAP1,146,1,50,0.020,50
RPAP2,176,2,50,0.040,49
RPAP3,706,1,50,0.020,50
RPE,670,1,50,0.020,50
RPF2,3,2,50,0.040,46
RPGR,704,2,50,0.040,47
RPGRIP1L,321,2,50,0.040,49
RPIA,170,2,50,0.040,48
RPL14,161,3,50,0.060,44
RPL15,3,2,50,0.040,49
RPL22L1,734,1,50,0.020,50
RPL26L1,628,2,50,0.040,46
RPL36,7,2,50,0.040,47
RPL36AL,276,1,50,0.020,50
RPL7L1,8,2,50,0.040,47
RPL8,720,1,50,0.020,50
RPN2,681,2,50,0.040,48
RPP25,466,3,50,0.060,47
RPP30,759,2,50,0.040,49
RPP40,519,2,50,0.040,47
RPRD1B,524,2,50,0.040,49
RPS15,735,2,50,0.040,49
RPS21,413,2,50,0.040,47
RPS4X,365,2,50,0.040,48
RPS6KA1,398,2,50,0.040,49
RPS6KA5,393,2,50,0.040,49
RPS6KA6,54,2,50,0.040,48
RPS6KB2,614,2,50,0.040,47
RPS6KC1,590,2,50,0.040,48
RPS7,126,1,50,0.020,50
RPUSD2,750,2,50,0.040,46
RPUSD3,99,1,50,0.020,50
RPUSD4,769,2,50,0.040,45
RRAS2,3,2,50,0.040,46
RRM1,190,1,50,0.020,50
RRM2,406,2,50,0.040,49
RRP12,354,3,50,0.060,46
RRP15,497,1,50,0.020,50
RRP1B,681,2,50,0.040,48
RRP36,621,2,50,0.040,48
RRP7A,687,2,50,0.040,48
RRP8,751,2,50,0.040,48
RRP9,412,1,50,0.020,50
RRS1,762,2,50,0.040,48
RSBN1,132,2,50,0.040,46
RSL1D1,416,1,50,0.020,50
RSPH3,455,2,50,0.040,49
RSPO2,255,2,50,0.040,49
RSRC1,497,1,50,0.020,46
RTEL1,706,1,50,0.020,50
RTF2,40,3,50,0.060,46
RTKN,201,2,50,0.040,48
RTL10,139,2,50,0.040,49
RTN1,312,2,50,0.040,48
RTN4,790,2,50,0.040,47
RUBCNL,556,2,50,0.040,48
RUFY2,185,2,50,0.040,44
RUNDC3B,87,2,50,0.040,49
RUSF1,207,2,50,0.040,48
RUVBL1,201,2,50,0.040,48
RUVBL2,478,2,50,0.040,49
RWDD2A,621,2,50,0.040,48
RXYLT1,265,1,50,0.020,49
S100A11,695,2,50,0.040,48
S100A14,145,2,50,0.040,49
S100A2,605,2,50,0.040,46
S100A9,291,3,50,0.060,42
S100P,11,2,50,0.040,48
S100PBP,629,2,50,0.040,49
S1PR2,396,2,50,0.040,47
S1PR3,246,1,50,0.020,50
SAA2,383,2,50,0.040,49
SAAL1,644,2,50,0.040,47
SAC3D1,405,2,50,0.040,49
SACK1D,695,2,50,0.040,48
SACK1E,55,2,50,0.040,49
SACK1H,412,1,50,0.020,50
SACM1L,49,2,50,0.040,49
SACS,708,2,50,0.040,49
SAE1,303,2,50,0.040,49
SAFB,119,2,50,0.040,48
SALL1,19,2,50,0.040,48
SALL4,268,1,50,0.020,50
SAMD13,730,1,50,0.020,50
SAMD3,109,1,50,0.020,48
SAMD8,1,2,50,0.040,48
SAMD9,4,2,50,0.040,49
SAMD9L,710,2,50,0.040,49
SAMSN1,58,2,50,0.040,45
SAP18,682,2,50,0.040,48
SAP30,798,2,50,0.040,47
SAP30L,742,2,50,0.040,48
SAPCD2,665,2,50,0.040,48
SAR1B,611,2,50,0.040,47
SARAF,334,2,50,0.040,47
SASH1,80,2,50,0.040,48
SASH3,70,2,50,0.040,47
SASS6,659,2,50,0.040,49
SAT2,227,2,50,0.040,49
SATB1,276,1,50,0.020,50
SATB2,393,2,50,0.040,48
SAXO5,422,2,50,0.040,47
SBF1,399,2,50,0.040,48
SBK1,536,2,50,0.040,47
SBNO2,683,2,50,0.040,49
SBSPON,140,2,50,0.040,47
SCAF4,661,2,50,0.040,47
SCAMP1,661,2,50,0.040,47
SCAMP2,92,2,50,0.040,49
SCAMP3,380,2,50,0.040,48
SCAMP4,626,2,50,0.040,47
SCAND1,445,2,50,0.040,45
SCAPER,38,2,50,0.040,48
SCARA5,56,2,50,0.040,46
SCARB1,713,2,50,0.040,49
SCARB2,464,1,50,0.020,50
SCCPDH,145,2,50,0.040,48
SCD,355,2,50,0.040,49
SCFD1,321,3,50,0.060,46
SCG2,716,1,50,0.020,50
SCGB2A1,634,2,50,0.040,48
SCGN,87,2,50,0.040,49
SCIN,87,2,50,0.040,49
SCLY,542,1,50,0.020,50
SCML1,744,1,50,0.020,50
SCML2,770,2,50,0.040,49
SCML4,699,2,50,0.040,48
SCN4B,660,2,50,0.040,49
SCN7A,162,2,50,0.040,48
SCN9A,500,2,50,0.040,49
SCNN1B,669,3,50,0.060,48
SCOC,206,2,50,0.040,49
SCP2,739,2,50,0.040,47
SCRIB,769,2,50,0.040,48
SCRN1,543,2,50,0.040,48
SCUBE2,409,1,50,0.020,50
SDAD1,365,1,50,0.020,50
SDC4,261,2,50,0.040,48
SDE2,21,3,50,0.060,46
SDHA,185,2,50,0.040,45
SDHAF4,590,2,50,0.040,46
SDHB,48,2,50,0.040,48
SDHD,158,2,50,0.040,47
SDR16C5,633,2,50,0.040,47
SEC13,3,2,50,0.040,49
SEC16B,686,2,50,0.040,48
SEC23A,658,2,50,0.040,48
SEC24B,559,2,50,0.040,49
SEC61A1,466,3,50,0.060,46
SEC61G,524,2,50,0.040,49
SEC62,632,2,50,0.040,49
SEC63,801,2,50,0.040,49
SECISBP2L,425,2,50,0.040,48
SECTM1,191,1,50,0.020,50
SEL1L,716,2,50,0.040,49
SELENBP1,500,2,50,0.040,49
SELENOF,125,1,50,0.020,50
SELENOH,780,2,50,0.040,49
SELENOI,790,2,50,0.040,49
SELENON,265,1,50,0.020,50
SELENOP,352,2,50,0.040,48
SELENOS,48,2,50,0.040,48
SELENOT,243,1,50,0.020,50
SELL,109,1,50,0.020,48
SEM1,525,1,50,0.020,50
SEMA3E,660,2,50,0.040,49
SEMA3F,140,2,50,0.040,46
SEMA4C,260,2,50,0.040,43
SEMA4D,470,1,50,0.020,50
SEMA4F,293,2,50,0.040,49
SEMA4G,463,2,50,0.040,48
SEMA6A,65,2,50,0.040,48
SEMA6D,616,2,50,0.040,48
SENP5,621,2,50,0.040,48
SENP7,221,1,50,0.020,50
SENP8,425,2,50,0.040,48
SEPHS1,673,2,50,0.040,46
SEPSECS,710,2,50,0.040,49
SEPTIN1,287,2,50,0.040,47
SEPTIN10,622,2,50,0.040,48
SEPTIN2,707,2,50,0.040,49
SEPTIN9,99,1,50,0.020,47
SERINC1,49,2,50,0.040,48
SERINC3,252,2,50,0.040,48
SERPINA10,389,2,50,0.040,48
SERPINA3,126,1,50,0.020,50
SERPINB5,361,2,50,0.040,48
SERPINB8,423,2,50,0.040,48
SERPINE1,268,1,50,0.020,50
SERPINE2,336,1,50,0.020,50
SERPINH1,86,2,50,0.040,46
SERTAD1,629,2,50,0.040,49
SERTAD2,163,1,50,0.020,50
SESN1,193,2,50,0.040,45
SESN2,92,2,50,0.040,49
SESTD1,576,2,50,0.040,47
SETBP1,784,2,50,0.040,48
SETD5,687,2,50,0.040,48
SETD6,484,2,50,0.040,48
SETD7,698,2,50,0.040,49
SETD9,564,1,50,0.020,49
SETDB1,707,2,50,0.040,49
SF1,369,2,50,0.040,49
SF3A2,542,1,50,0.020,50
SF3A3,336,2,50,0.040,48
SF3B2,674,2,50,0.040,47
SF3B3,614,2,50,0.040,48
SF3B4,188,2,50,0.040,48
SF3B6,767,2,50,0.040,49
SFMBT2,128,2,50,0.040,46
SFPQ,119,2,50,0.040,48
SFR1,466,3,50,0.060,47
SFRP1,87,2,50,0.040,49
SFRP2,658,2,50,0.040,48
SFRP4,336,1,50,0.020,50
SFSWAP,288,1,50,0.020,47
SFTA2,713,2,50,0.040,49
SFTPA2,728,1,50,0.020,50
SFTPD,90,2,50,0.040,48
SFXN3,98,2,50,0.040,49
SGCB,128,2,50,0.040,48
SGCE,230,2,50,0.040,48
SGK1,312,2,50,0.040,48
SGK2,345,2,50,0.040,48
SGMS2,703,2,50,0.040,49
SGO2,326,2,50,0.040,49
SGPP1,659,2,50,0.040,44
SGPP2,250,2,50,0.040,47
SGSM3,39,2,50,0.040,48
SH2B3,724,2,50,0.040,48
SH2D2A,626,2,50,0.040,46
SH3BGR,330,2,50,0.040,49
SH3BGRL,284,2,50,0.040,48
SH3BGRL2,252,2,50,0.040,47
SH3BP4,653,2,50,0.040,49
SH3D19,448,2,50,0.040,49
SH3GL1,789,2,50,0.040,49
SH3PXD2B,567,2,50,0.040,48
SH3RF1,738,2,50,0.040,47
SH3RF2,537,1,50,0.020,50
SH3RF3,742,1,50,0.020,50
SH3TC2,268,1,50,0.020,50
SHB,709,2,50,0.040,47
SHCBP1,627,2,50,0.040,49
SHD,511,2,50,0.040,48
SHE,575,2,50,0.040,48
SHFL,31,3,50,0.060,40
SHH,519,2,50,0.040,47
SHISA2,624,2,50,0.040,48
SHISA5,97,2,50,0.040,49
SHKBP1,760,1,50,0.020,45
SHLD1,123,1,50,0.020,50
SHMT2,69,3,50,0.060,45
SHOC2,267,2,50,0.040,44
SHROOM3,38,2,50,0.040,48
SHROOM4,410,1,50,0.020,50
SI,0,5,50,0.100,42
SIAE,191,1,50,0.020,50
SIDT1,206,2,50,0.040,49
SIDT2,661,2,50,0.040,47
SIGLEC6,286,2,50,0.040,42
SIGMAR1,69,2,50,0.040,48
SIK1,72,2,50,0.040,49
SIK3,428,2,50,0.040,49
SIM2,759,2,50,0.040,46
SINHCAF,245,1,50,0.020,50
SIPA1L2,250,2,50,0.040,47
SIRT7,185,2,50,0.040,45
SIVA1,68,2,50,0.040,47
SIX4,709,2,50,0.040,49
SKA1,85,2,50,0.040,47
SKA2,466,3,50,0.060,46
SKA3,348,2,50,0.040,49
SKIC2,712,2,50,0.040,47
SKIL,355,2,50,0.040,46
SKP1,292,1,50,0.020,50
SKP2,3,2,50,0.040,46
SLAIN2,312,2,50,0.040,48
SLAMF7,107,2,50,0.040,45
SLBP,303,2,50,0.040,49
SLC10A3,441,2,50,0.040,48
SLC11A2,3,2,50,0.040,46
SLC12A3,63,2,50,0.040,47
SLC12A6,622,3,50,0.060,46
SLC12A7,413,2,50,0.040,46
SLC12A8,50,2,50,0.040,49
SLC12A9,512,2,50,0.040,49
SLC13A2,42,2,50,0.040,46
SLC15A2,661,2,50,0.040,47
SLC15A4,37,2,50,0.040,48
SLC16A4,556,2,50,0.040,48
SLC16A7,42,2,50,0.040,46
SLC16A9,318,2,50,0.040,46
SLC17A4,36,1,50,0.020,50
SLC17A5,739,2,50,0.040,48
SLC17A8,148,2,50,0.040,48
SLC17A9,519,2,50,0.040,47
SLC18A1,478,1,50,0.020,48
SLC19A1,122,3,50,0.060,46
SLC19A2,246,1,50,0.020,50
SLC1A1,69,2,50,0.040,47
SLC1A4,753,2,50,0.040,46
SLC1A5,631,2,50,0.040,47
SLC1A7,125,1,50,0.020,50
SLC20A1,157,2,50,0.040,44
SLC22A15,419,2,50,0.040,49
SLC22A23,378,2,50,0.040,48
SLC22A4,511,2,50,0.040,48
SLC22A5,730,1,50,0.020,50
SLC23A1,642,2,50,0.040,46
SLC25A11,39,2,50,0.040,48
SLC25A12,285,2,50,0.040,46
SLC25A14,621,2,50,0.040,49
SLC25A15,348,2,50,0.040,49
SLC25A17,180,2,50,0.040,49
SLC25A19,704,2,50,0.040,47
SLC25A20,217,2,50,0.040,47
SLC25A22,361,2,50,0.040,48
SLC25A23,185,2,50,0.040,45
SLC25A26,815,2,50,0.040,46
SLC25A32,26,2,50,0.040,48
SLC25A34,289,2,50,0.040,48
SLC25A35,322,2,50,0.040,48
SLC25A39,529,2,50,0.040,48
SLC25A46,730,2,50,0.040,49
SLC26A11,422,2,50,0.040,49
SLC26A2,140,2,50,0.040,46
SLC26A3,669,3,50,0.060,48
SLC27A5,258,2,50,0.040,46
SLC28A2,96,2,50,0.040,45
SLC29A1,710,2,50,0.040,45
SLC29A2,689,2,50,0.040,47
SLC29A3,762,2,50,0.040,49
SLC2A1,553,2,50,0.040,48
SLC2A10,282,2,50,0.040,49
SLC2A12,348,2,50,0.040,48
SLC2A13,153,2,50,0.040,48
SLC2A14,372,1,50,0.020,49
SLC2A3,354,3,50,0.060,45
SLC2A4RG,621,2,50,0.040,48
SLC2A5,494,2,50,0.040,49
SLC2A8,665,2,50,0.040,47
SLC30A1,312,2,50,0.040,48
SLC30A10,0,5,50,0.100,42
SLC30A4,217,2,50,0.040,47
SLC31A2,157,2,50,0.040,45
SLC35A1,425,2,50,0.040,48
SLC35A2,467,2,50,0.040,49
SLC35A3,464,2,50,0.040,49
SLC35A4,226,2,50,0.040,48
SLC35A5,284,2,50,0.040,48
SLC35B1,740,2,50,0.040,48
SLC35B3,207,2,50,0.040,49
SLC35B4,212,2,50,0.040,49
SLC35D1,575,2,50,0.040,48
SLC35D3,492,2,50,0.040,49
SLC35E4,783,2,50,0.040,48
SLC35F6,657,2,50,0.040,47
SLC35G2,767,2,50,0.040,49
SLC35H1,75,1,50,0.020,50
SLC38A2,1,2,50,0.040,48
SLC38A5,665,2,50,0.040,48
SLC38A7,405,2,50,0.040,46
SLC39A1,265,1,50,0.020,48
SLC39A10,759,2,50,0.040,46
SLC39A3,190,1,50,0.020,50
SLC39A4,139,2,50,0.040,49
SLC39A5,192,1,50,0.020,50
SLC39A6,406,2,50,0.040,49
SLC3A2,301,1,50,0.020,50
SLC41A1,670,1,50,0.020,50
SLC41A2,90,2,50,0.040,49
SLC41A3,273,2,50,0.040,47
SLC43A1,161,2,50,0.040,48
SLC44A4,730,1,50,0.020,50
SLC46A3,612,2,50,0.040,49
SLC49A4,448,2,50,0.040,48
SLC4A11,11,2,50,0.040,48
SLC4A2,627,2,50,0.040,49
SLC4A4,166,2,50,0.040,48
SLC51A,669,2,50,0.040,49
SLC51B,162,2,50,0.040,48
SLC52A2,783,1,50,0.020,50
SLC5A1,268,1,50,0.020,50
SLC5A6,759,2,50,0.040,46
SLC60A1,148,2,50,0.040,47
SLC66A2,455,2,50,0.040,49
SLC6A14,543,2,50,0.040,48
SLC6A19,622,1,50,0.020,50
SLC6A20,546,2,50,0.040,49
SLC6A6,347,2,50,0.040,47
SLC6A8,20,2,50,0.040,48
SLC71A1,516,2,50,0.040,47
SLC75A1,709,2,50,0.040,47
SLC7A1,201,2,50,0.040,48
SLC7A11,680,2,50,0.040,47
SLC7A2,307,2,50,0.040,49
SLC7A5,348,2,50,0.040,46
SLC7A6,321,2,50,0.040,49
SLC7A6OS,532,2,50,0.040,49
SLC9A1,142,2,50,0.040,48
SLC9A2,617,1,50,0.020,50
SLC9A7,37,2,50,0.040,48
SLC9A9,206,2,50,0.040,49
SLC9B2,688,2,50,0.040,49
SLCO1B3,46,2,50,0.040,49
SLCO2B1,1,2,50,0.040,49
SLCO3A1,470,2,50,0.040,48
SLCO4A1,17,2,50,0.040,49
SLCO4C1,9,2,50,0.040,45
SLF2,632,2,50,0.040,49
SLIT2,106,2,50,0.040,47
SLITRK6,409,1,50,0.020,50
SLTM,286,2,50,0.040,45
SMAD1,742,2,50,0.040,48
SMAD2,703,2,50,0.040,49
SMAD4,38,2,50,0.040,48
SMAD5,711,2,50,0.040,48
SMAD7,552,2,50,0.040,49
SMAD9,728,1,50,0.020,50
SMARCA4,635,2,50,0.040,46
SMARCAL1,561,2,50,0.040,48
SMARCC1,783,1,50,0.020,50
SMARCD1,293,2,50,0.040,47
SMARCD2,687,2,50,0.040,47
SMC1A,421,1,50,0.020,50
SMC2,382,2,50,0.040,49
SMC3,764,2,50,0.040,49
SMC4,272,2,50,0.040,46
SMC5,631,2,50,0.040,48
SMCHD1,612,2,50,0.040,49
SMDT1,62,1,50,0.020,49
SMG5,498,2,50,0.040,49
SMG7,196,2,50,0.040,47
SMG8,621,2,50,0.040,46
SMG9,253,2,50,0.040,46
SMIM12,196,2,50,0.040,47
SMIM13,32,2,50,0.040,46
SMIM14,86,2,50,0.040,49
SMIM26,740,2,50,0.040,48
SMIM29,299,2,50,0.040,49
SMIM31,18,1,50,0.020,50
SMIM5,312,2,50,0.040,48
SMIM8,464,1,50,0.020,50
SMKR1,695,2,50,0.040,48
SMNDC1,628,2,50,0.040,46
SMOX,271,2,50,0.040,47
SMPD1,158,2,50,0.040,47
SMPD3,713,2,50,0.040,48
SMPDL3A,616,2,50,0.040,48
SMPDL3B,276,2,50,0.040,49
SMS,44,2,50,0.040,48
SMURF1,704,2,50,0.040,45
SMURF2,336,2,50,0.040,48
SMYD2,278,2,50,0.040,49
SMYD3,122,3,50,0.060,46
SMYD5,406,2,50,0.040,49
SNAI2,340,2,50,0.040,48
SNAP47,265,1,50,0.020,49
SNAPC1,709,2,50,0.040,49
SNAPC4,369,2,50,0.040,48
SND1,28,2,50,0.040,45
SNIP1,456,2,50,0.040,47
SNRK,491,1,50,0.020,47
SNRNP48,735,2,50,0.040,49
SNRNP70,665,2,50,0.040,49
SNRPA,703,2,50,0.040,48
SNRPA1,49,1,50,0.020,50
SNRPB,41,2,50,0.040,49
SNRPB2,75,1,50,0.020,50
SNRPC,525,1,50,0.020,50
SNRPD1,466,3,50,0.060,45
SNRPD2,74,2,50,0.040,47
SNRPD3,293,2,50,0.040,46
SNRPE,251,3,50,0.060,48
SNRPF,703,2,50,0.040,48
SNRPG,499,2,50,0.040,47
SNTB1,336,1,50,0.020,50
SNU13,272,2,50,0.040,47
SNX10,704,2,50,0.040,48
SNX13,331,2,50,0.040,48
SNX19,617,2,50,0.040,49
SNX2,643,2,50,0.040,49
SNX20,287,1,50,0.020,50
SNX21,180,2,50,0.040,49
SNX22,556,2,50,0.040,49
SNX24,283,1,50,0.020,50
SNX25,711,2,50,0.040,48
SNX3,238,2,50,0.040,47
SNX4,658,2,50,0.040,47
SNX6,353,2,50,0.040,48
SOAT1,117,2,50,0.040,49
SOCS1,1,2,50,0.040,49
SOCS3,354,3,50,0.060,46
SOCS6,613,2,50,0.040,49
SOCS7,122,3,50,0.060,46
SORBS2,0,6,50,0.120,34
SORD,344,2,50,0.040,48
SORL1,307,2,50,0.040,43
SOS2,624,2,50,0.040,48
SOSTDC1,36,1,50,0.020,50
SOWAHA,362,2,50,0.040,48
SOX12,661,2,50,0.040,47
SOX4,140,2,50,0.040,48
SOX5,460,1,50,0.020,50
SOX9,485,2,50,0.040,49
SP110,699,2,50,0.040,47
SP140,185,2,50,0.040,46
SP140L,631,3,50,0.060,47
SP5,348,2,50,0.040,49
SP6,665,2,50,0.040,49
SPAG16,534,2,50,0.040,49
SPAG5,13,2,50,0.040,47
SPAG7,91,2,50,0.040,49
SPAG9,631,2,50,0.040,47
SPARC,391,2,50,0.040,47
SPARCL1,206,2,50,0.040,49
SPART,322,2,50,0.040,48
SPATA13,448,1,50,0.020,45
SPATA18,283,1,50,0.020,50
SPATA2L,329,2,50,0.040,49
SPATA32,546,2,50,0.040,46
SPATA33,530,2,50,0.040,44
SPATA6,626,2,50,0.040,47
SPATC1L,535,3,50,0.060,48
SPATS2L,672,1,50,0.020,50
SPC24,542,1,50,0.020,50
SPC25,49,2,50,0.040,47
SPDL1,744,1,50,0.020,50
SPECC1,3,2,50,0.040,46
SPECC1L,267,2,50,0.040,48
SPG11,345,1,50,0.020,50
SPG21,342,1,50,0.020,50
SPHK1,293,2,50,0.040,48
SPIB,36,1,50,0.020,50
SPICE1,52,2,50,0.040,49
SPIDR,3,2,50,0.040,49
SPIN3,547,1,50,0.020,50
SPIN4,571,2,50,0.040,47
SPINDOC,27,2,50,0.040,48
SPINK1,747,1,50,0.020,46
SPINK2,36,1,50,0.020,50
SPINK5,36,1,50,0.020,50
SPINT1,506,1,50,0.020,50
SPIRE1,669,2,50,0.040,49
SPMIP4,224,2,50,0.040,46
SPMIP6,253,2,50,0.040,48
SPNS1,753,2,50,0.040,48
SPNS2,42,2,50,0.040,49
SPON1,87,2,50,0.040,49
SPOP,20,3,50,0.060,46
SPOPL,571,1,50,0.020,49
SPOUT1,40,3,50,0.060,46
SPP1,756,1,50,0.020,50
SPPL2A,731,1,50,0.020,50
SPRY4,782,1,50,0.020,47
SPRYD3,532,2,50,0.040,49
SPTAN1,759,2,50,0.040,45
SPTBN4,70,2,50,0.040,47
SPTSSA,716,2,50,0.040,49
SQLE,680,2,50,0.040,47
SQOR,2,3,50,0.060,45
SQSTM1,673,2,50,0.040,46
SRD5A1,117,2,50,0.040,49
SRI,250,2,50,0.040,47
SRM,629,2,50,0.040,48
SRP14,209,2,50,0.040,48
SRP19,590,2,50,0.040,44
SRP72,123,1,50,0.020,50
SRPK1,272,2,50,0.040,46
SRPK2,432,2,50,0.040,46
SRPRA,345,2,50,0.040,48
SRPRB,118,2,50,0.040,49
SRPX,69,2,50,0.040,47
SRPX2,17,2,50,0.040,49
SRR,617,2,50,0.040,49
SRRD,188,2,50,0.040,48
SRRT,50,1,50,0.020,50
SRSF7,82,2,50,0.040,48
SRSF8,268,2,50,0.040,47
SRXN1,431,2,50,0.040,48
SS18L1,521,2,50,0.040,48
SS18L2,484,1,50,0.020,50
SSB,761,2,50,0.040,47
SSBP1,703,2,50,0.040,48
SSBP2,46,2,50,0.040,49
SSBP4,708,2,50,0.040,48
SSPN,362,2,50,0.040,48
SSR1,750,2,50,0.040,46
SSR2,16,2,50,0.040,45
SSR3,367,2,50,0.040,47
SSRP1,416,1,50,0.020,50
SST,78,3,50,0.060,45
SSTR1,715,2,50,0.040,49
SSX2IP,762,2,50,0.040,48
ST3GAL4,671,2,50,0.040,42
ST6GALNAC1,289,2,50,0.040,48
ST6GALNAC3,250,2,50,0.040,47
ST6GALNAC6,88,2,50,0.040,49
ST8SIA1,325,2,50,0.040,49
ST8SIA4,141,2,50,0.040,48
STAB1,345,2,50,0.040,48
STAG1,456,2,50,0.040,47
STAM,75,2,50,0.040,49
STAM2,739,2,50,0.040,49
STAP1,772,2,50,0.040,48
STAP2,713,2,50,0.040,47
STARD10,398,2,50,0.040,48
STARD13,60,2,50,0.040,49
STARD5,464,2,50,0.040,47
STAT1,578,2,50,0.040,49
STAT4,655,1,50,0.020,45
STAU1,478,2,50,0.040,49
STC1,485,2,50,0.040,47
STC2,709,1,50,0.020,50
STEAP3,422,2,50,0.040,49
STEEP1,578,2,50,0.040,49
STIL,348,2,50,0.040,49
STIM1,48,2,50,0.040,48
STK17A,345,1,50,0.020,50
STK17B,564,1,50,0.020,50
STK26,547,1,50,0.020,50
STK3,80,3,50,0.060,43
STK31,49,2,50,0.040,47
STK35,100,1,50,0.020,48
STK38L,246,1,50,0.020,50
STK4,336,2,50,0.040,48
STMN1,318,1,50,0.020,50
STMN2,162,2,50,0.040,48
STMN3,11,2,50,0.040,48
STOM,778,2,50,0.040,48
STOML2,413,2,50,0.040,47
STON2,331,2,50,0.040,48
STOX2,281,2,50,0.040,48
STPG1,91,2,50,0.040,49
STRA6,432,2,50,0.040,47
STRADB,661,2,50,0.040,47
STRAP,525,1,50,0.020,50
STRIP2,707,2,50,0.040,47
STRN3,730,2,50,0.040,49
STRN4,276,2,50,0.040,49
STS,128,2,50,0.040,47
STT3B,815,2,50,0.040,47
STX10,100,1,50,0.020,47
STX12,464,2,50,0.040,49
STX16,416,1,50,0.020,50
STX19,612,2,50,0.040,48
STX1A,389,2,50,0.040,48
STX2,380,2,50,0.040,48
STX8,455,2,50,0.040,49
STXBP1,339,1,50,0.020,50
STXBP3,631,2,50,0.040,48
STXBP5,493,1,50,0.020,47
STYK1,245,2,50,0.040,47
STYXL1,329,2,50,0.040,49
STYXL2,360,2,50,0.040,48
SUCLG1,742,2,50,0.040,48
SUCLG2,537,1,50,0.020,50
SUCO,273,2,50,0.040,48
SUGCT,642,2,50,0.040,46
SUGT1,703,2,50,0.040,48
SULF1,652,2,50,0.040,49
SULF2,767,2,50,0.040,49
SULT1A1,715,2,50,0.040,49
SULT1A2,715,2,50,0.040,49
SULT1B1,726,2,50,0.040,47
SULT1C2,361,2,50,0.040,48
SULT1E1,124,2,50,0.040,49
SULT2B1,301,1,50,0.020,50
SUPT20H,74,2,50,0.040,47
SUPT3H,704,2,50,0.040,45
SURF2,661,2,50,0.040,47
SURF6,494,2,50,0.040,47
SUSD6,643,2,50,0.040,49
SUV39H1,161,2,50,0.040,45
SUV39H2,116,2,50,0.040,48
SUZ12,432,2,50,0.040,46
SVIL,534,2,50,0.040,49
SVOPL,312,2,50,0.040,48
SWI5,197,2,50,0.040,49
SYAP1,644,2,50,0.040,48
SYF2,305,2,50,0.040,48
SYNC,90,2,50,0.040,48
SYNCRIP,792,2,50,0.040,47
SYNE1,362,2,50,0.040,48
SYNE2,507,1,50,0.020,50
SYNE3,544,2,50,0.040,49
SYNE4,542,1,50,0.020,50
SYNGR1,54,2,50,0.040,48
SYNGR2,621,2,50,0.040,49
SYNJ1,564,1,50,0.020,49
SYNPO,0,6,50,0.120,34
SYNPO2,715,2,50,0.040,49
SYNRG,285,2,50,0.040,46
SYPL1,590,2,50,0.040,48
SYT1,736,1,50,0.020,48
SYT13,128,2,50,0.040,43
SYT17,124,2,50,0.040,49
SYTL2,353,1,50,0.020,50
SYTL4,418,2,50,0.040,49
TAB2,611,2,50,0.040,47
TAC1,1,2,50,0.040,48
TAC3,455,2,50,0.040,49
TACC3,680,2,50,0.040,48
TACSTD2,709,1,50,0.020,50
TADA1,21,3,50,0.060,44
TAF10,432,2,50,0.040,47
TAF13,599,2,50,0.040,48
TAF1A,77,2,50,0.040,45
TAF1B,438,2,50,0.040,46
TAF1D,686,2,50,0.040,48
TAF2,31,3,50,0.060,42
TAF4,147,2,50,0.040,48
TAF6,100,1,50,0.020,48
TAFA2,19,2,50,0.040,48
TAGAP,420,2,50,0.040,48
TAGLN2,50,1,50,0.020,50
TAGLN3,511,2,50,0.040,48
TALDO1,122,3,50,0.060,46
TAMM41,63,2,50,0.040,46
TANGO6,467,2,50,0.040,49
TANK,5,2,50,0.040,48
TAOK3,316,2,50,0.040,48
TAP1,533,2,50,0.040,47
TAP2,657,2,50,0.040,47
TAPBPL,617,2,50,0.040,48
TAPT1,347,2,50,0.040,47
TARBP1,299,2,50,0.040,49
TARBP2,524,2,50,0.040,49
TARDBP,368,2,50,0.040,48
TARS1,525,1,50,0.020,50
TAS2R39,333,2,50,0.040,48
TASOR2,246,1,50,0.020,50
TASP1,470,2,50,0.040,48
TATDN1,49,1,50,0.020,50
TATDN3,631,2,50,0.040,48
TBC1D10A,741,2,50,0.040,48
TBC1D10B,423,2,50,0.040,48
TBC1D10C,235,2,50,0.040,48
TBC1D12,420,2,50,0.040,48
TBC1D16,295,2,50,0.040,47
TBC1D2,447,2,50,0.040,48
TBC1D24,110,2,50,0.040,47
TBC1D30,49,2,50,0.040,47
TBC1D31,803,2,50,0.040,47
TBC1D4,298,1,50,0.020,50
TBC1D7,750,2,50,0.040,46
TBC1D9,353,1,50,0.020,50
TBCA,644,2,50,0.040,48
TBCB,19,2,50,0.040,46
TBCD,769,2,50,0.040,48
TBL2,525,1,50,0.020,50
TBL3,381,1,50,0.020,50
TBRG1,710,2,50,0.040,49
TBXAS1,272,2,50,0.040,45
TCEA1,621,2,50,0.040,47
TCEA3,90,2,50,0.040,48
TCEAL1,661,2,50,0.040,47
TCEAL4,376,2,50,0.040,49
TCEAL7,195,2,50,0.040,48
TCERG1,477,2,50,0.040,49
TCF12,767,2,50,0.040,49
TCF20,714,2,50,0.040,43
TCF21,788,2,50,0.040,49
TCF25,617,2,50,0.040,47
TCF3,301,1,50,0.020,50
TCF7,775,3,50,0.060,46
TCFL5,281,2,50,0.040,46
TCIM,428,2,50,0.040,49
TCL1A,192,1,50,0.020,50
TCN2,685,2,50,0.040,45
TCOF1,665,2,50,0.040,49
TCP11L1,617,1,50,0.020,50
TCP11L2,469,2,50,0.040,49
TCTN1,419,2,50,0.040,49
TDO2,291,3,50,0.060,46
TDP1,303,2,50,0.040,49
TDP2,85,3,50,0.060,47
TDRD7,5,2,50,0.040,48
TDRKH,28,2,50,0.040,45
TEAD1,355,2,50,0.040,46
TEAD4,652,2,50,0.040,49
TECR,387,1,50,0.020,49
TEDC2,688,2,50,0.040,49
TEF,288,2,50,0.040,46
TEK,564,1,50,0.020,50
TELO2,707,2,50,0.040,49
TENT2,448,2,50,0.040,49
TENT4A,775,3,50,0.060,46
TENT5A,575,2,50,0.040,48
TENT5C,90,2,50,0.040,49
TEP1,737,2,50,0.040,49
TESC,348,2,50,0.040,46
TESK2,25,3,50,0.060,46
TET2,425,2,50,0.040,48
TEX10,406,2,50,0.040,48
TEX11,513,1,50,0.020,50
TEX30,3,2,50,0.040,46
TFAM,108,2,50,0.040,46
TFAP2A,767,2,50,0.040,49
TFAP2C,69,3,50,0.060,45
TFB1M,336,2,50,0.040,48
TFB2M,717,2,50,0.040,48
TFCP2L1,18,1,50,0.020,50
TFDP1,783,1,50,0.020,50
TFDP2,764,2,50,0.040,49
TFE3,770,2,50,0.040,49
TFPT,742,1,50,0.020,50
TFR2,689,2,50,0.040,47
TFRC,535,3,50,0.060,48
TGDS,753,2,50,0.040,48
TGFA,2,2,50,0.040,48
TGFBI,769,1,50,0.020,50
TGFBR2,73,2,50,0.040,48
TGIF1,122,3,50,0.060,47
TGIF2,680,2,50,0.040,47
TGM2,629,2,50,0.040,49
TGM6,513,3,50,0.060,46
TGS1,117,2,50,0.040,49
THADA,602,2,50,0.040,47
THAP10,196,2,50,0.040,47
THAP4,1,2,50,0.040,49
THBS2,709,1,50,0.020,50
THEM4,711,2,50,0.040,48
THEM6,348,2,50,0.040,49
THEMIS,332,2,50,0.040,49
THNSL1,714,2,50,0.040,45
THOC2,139,2,50,0.040,49
THOC6,666,2,50,0.040,48
THOC7,560,2,50,0.040,47
THRB,788,2,50,0.040,49
THUMPD2,52,2,50,0.040,49
THY1,680,2,50,0.040,47
TIAM1,148,2,50,0.040,47
TICRR,567,2,50,0.040,48
TIFAB,625,2,50,0.040,45
TIGAR,704,2,50,0.040,47
TIGD1,789,2,50,0.040,49
TIGD2,688,2,50,0.040,49
TIGD7,398,2,50,0.040,48
TIGIT,478,1,50,0.020,47
TIMD4,728,1,50,0.020,50
TIMELESS,681,2,50,0.040,48
TIMM10,311,3,50,0.060,47
TIMM13,265,1,50,0.020,50
TIMM17A,146,1,50,0.020,50
TIMM17B,49,1,50,0.020,50
TIMM21,493,1,50,0.020,46
TIMM23B,466,3,50,0.060,46
TIMM29,521,2,50,0.040,48
TIMM44,161,2,50,0.040,49
TIMM50,302,1,50,0.020,50
TIMM9,496,2,50,0.040,43
TIMP1,794,2,50,0.040,49
TIMP3,295,2,50,0.040,49
TINAG,253,2,50,0.040,48
TINF2,49,2,50,0.040,49
TIPARP,632,2,50,0.040,49
TIPIN,708,2,50,0.040,48
TKT,69,3,50,0.060,46
TLCD1,713,2,50,0.040,49
TLCD2,650,2,50,0.040,48
TLCD3A,85,1,50,0.020,50
TLCD4,2,2,50,0.040,48
TLE4,568,1,50,0.020,50
TLE6,163,1,50,0.020,50
TLK1,617,2,50,0.040,49
TLR1,288,2,50,0.040,49
TLR3,289,2,50,0.040,48
TM2D2,441,2,50,0.040,48
TM4SF1,1,2,50,0.040,49
TM6SF2,507,1,50,0.020,50
TM7SF2,161,2,50,0.040,48
TM9SF4,28,2,50,0.040,48
TMC6,247,2,50,0.040,48
TMCC1,469,1,50,0.020,50
TMCC3,107,2,50,0.040,48
TMED1,470,2,50,0.040,48
TMED3,367,2,50,0.040,46
TMED9,354,2,50,0.040,48
TMEFF2,682,2,50,0.040,49
TMEM100,88,2,50,0.040,49
TMEM109,74,2,50,0.040,47
TMEM120A,316,2,50,0.040,48
TMEM123,37,2,50,0.040,48
TMEM125,347,2,50,0.040,47
TMEM126B,596,1,50,0.020,47
TMEM129,646,2,50,0.040,46
TMEM131,617,1,50,0.020,50
TMEM132A,41,2,50,0.040,49
TMEM140,283,1,50,0.020,50
TMEM147,9,4,50,0.080,47
TMEM14A,539,2,50,0.040,48
TMEM158,46,2,50,0.040,48
TMEM160,472,2,50,0.040,49
TMEM161A,26,2,50,0.040,48
TMEM165,276,2,50,0.040,49
TMEM170A,656,2,50,0.040,49
TMEM171,631,2,50,0.040,47
TMEM176B,478,1,50,0.020,49
TMEM184B,539,2,50,0.040,48
TMEM185B,348,2,50,0.040,49
TMEM19,494,2,50,0.040,49
TMEM198,125,2,50,0.040,48
TMEM201,86,2,50,0.040,46
TMEM205,16,2,50,0.040,45
TMEM208,524,2,50,0.040,44
TMEM214,161,2,50,0.040,44
TMEM216,432,2,50,0.040,46
TMEM220,726,2,50,0.040,47
TMEM231,381,1,50,0.020,50
TMEM237,571,2,50,0.040,47
TMEM238L,245,2,50,0.040,47
TMEM243,97,1,50,0.020,50
TMEM248,68,2,50,0.040,45
TMEM256,70,2,50,0.040,47
TMEM258,442,2,50,0.040,49
TMEM265,190,1,50,0.020,50
TMEM267,50,1,50,0.020,50
TMEM273,354,2,50,0.040,49
TMEM35A,312,2,50,0.040,48
TMEM37,616,2,50,0.040,48
TMEM39A,472,2,50,0.040,48
TMEM41A,26,2,50,0.040,48
TMEM45B,713,2,50,0.040,48
TMEM50A,714,2,50,0.040,48
TMEM50B,658,2,50,0.040,48
TMEM54,575,2,50,0.040,49
TMEM59,624,2,50,0.040,48
TMEM61,42,2,50,0.040,46
TMEM62,704,2,50,0.040,47
TMEM63A,762,2,50,0.040,48
TMEM68,108,2,50,0.040,48
TMEM72,244,2,50,0.040,47
TMEM74,227,2,50,0.040,49
TMEM74B,669,2,50,0.040,49
TMEM80,571,1,50,0.020,50
TMEM9,391,2,50,0.040,48
TMEM97,339,1,50,0.020,50
TMEM98,209,2,50,0.040,48
TMEM9B,624,2,50,0.040,47
TMOD3,61,1,50,0.020,48
TMPO,345,2,50,0.040,48
TMPRSS2,612,2,50,0.040,49
TMPRSS3,181,1,50,0.020,50
TMT1A,191,1,50,0.020,50
TMTC4,635,2,50,0.040,46
TMUB1,440,2,50,0.040,48
TMX4,544,2,50,0.040,47
TNFAIP1,592,2,50,0.040,45
TNFAIP6,268,1,50,0.020,50
TNFAIP8L1,195,1,50,0.020,50
TNFAIP8L2,276,2,50,0.040,49
TNFRSF10A,769,2,50,0.040,48
TNFRSF10B,761,2,50,0.040,47
TNFRSF11A,12,2,50,0.040,49
TNFRSF11B,62,2,50,0.040,47
TNFRSF12A,46,2,50,0.040,49
TNFRSF13B,750,2,50,0.040,43
TNFRSF14,226,2,50,0.040,48
TNFRSF17,96,2,50,0.040,44
TNFRSF1B,121,2,50,0.040,49
TNFSF10,55,2,50,0.040,49
TNFSF11,261,2,50,0.040,48
TNFSF15,11,2,50,0.040,48
TNFSF9,146,1,50,0.020,50
TNPO1,161,2,50,0.040,49
TNPO2,623,2,50,0.040,49
TNRC18,347,2,50,0.040,48
TNRC6A,699,2,50,0.040,48
TNRC6B,455,2,50,0.040,49
TNS4,711,2,50,0.040,47
TNXB,672,1,50,0.020,50
TOGARAM1,206,2,50,0.040,49
TOMM20,704,2,50,0.040,45
TOMM34,665,2,50,0.040,48
TOMM40,445,2,50,0.040,45
TOMM40L,455,2,50,0.040,49
TOMM5,611,1,50,0.020,50
TOMM6,45,3,50,0.060,47
TOMM70,750,2,50,0.040,46
TOP1,445,2,50,0.040,45
TOP1MT,185,2,50,0.040,48
TOP2A,406,2,50,0.040,46
TOPBP1,49,1,50,0.020,50
TOX,46,2,50,0.040,49
TOX2,595,2,50,0.040,48
TP53I3,713,2,50,0.040,47
TP53INP1,38,2,50,0.040,49
TP53INP2,245,2,50,0.040,47
TP53RK,629,2,50,0.040,49
TPD52L1,201,2,50,0.040,48
TPD52L2,112,1,50,0.020,50
TPH1,140,2,50,0.040,46
TPK1,534,2,50,0.040,47
TPM1,684,3,50,0.060,47
TPM4,277,2,50,0.040,46
TPRA1,324,2,50,0.040,48
TPSAB1,325,2,50,0.040,48
TPSB2,148,2,50,0.040,47
TPSG1,148,2,50,0.040,47
TPST2,626,2,50,0.040,48
TPX2,355,2,50,0.040,49
TRAF2,309,2,50,0.040,46
TRAF3IP2,354,2,50,0.040,49
TRAF3IP3,31,2,50,0.040,42
TRAF7,2,2,50,0.040,49
TRAIP,709,2,50,0.040,49
TRAK2,750,2,50,0.040,47
TRAM1,538,2,50,0.040,48
TRANK1,55,2,50,0.040,49
TRAP1,98,2,50,0.040,49
TRAPPC11,715,2,50,0.040,48
TRAPPC13,617,2,50,0.040,48
TRAPPC2L,74,2,50,0.040,47
TRAPPC8,547,2,50,0.040,49
TRAPPC9,252,2,50,0.040,48
TRAT1,255,2,50,0.040,49
TREM1,713,2,50,0.040,49
TRHDE,333,2,50,0.040,43
TRIAP1,762,2,50,0.040,49
TRIB3,17,2,50,0.040,49
TRIM10,685,3,50,0.060,48
TRIM11,762,2,50,0.040,49
TRIM22,446,2,50,0.040,47
TRIM24,147,2,50,0.040,48
TRIM25,235,2,50,0.040,47
TRIM27,32,2,50,0.040,46
TRIM28,753,2,50,0.040,48
TRIM29,347,2,50,0.040,47
TRIM3,596,2,50,0.040,47
TRIM32,180,2,50,0.040,49
TRIM36,81,2,50,0.040,47
TRIM37,698,2,50,0.040,49
TRIM47,309,2,50,0.040,46
TRIM52,196,2,50,0.040,47
TRIM59,665,2,50,0.040,49
TRIM69,631,3,50,0.060,47
TRIM8,155,2,50,0.040,48
TRIP13,755,1,50,0.020,50
TRIP4,469,2,50,0.040,49
TRIP6,196,1,50,0.020,48
TRIT1,272,2,50,0.040,48
TRMT1,321,2,50,0.040,49
TRMT10C,686,2,50,0.040,46
TRMT112,26,2,50,0.040,48
TRMT2B,125,2,50,0.040,47
TRMT6,469,1,50,0.020,50
TRNT1,422,2,50,0.040,47
TROAP,245,1,50,0.020,50
TRPA1,55,2,50,0.040,49
TRPC4AP,45,3,50,0.060,47
TRPM2,466,3,50,0.060,47
TRPM6,0,5,50,0.100,42
TRPM7,249,2,50,0.040,46
TRPM8,161,1,50,0.020,50
TRRAP,761,2,50,0.040,47
TSC1,321,3,50,0.060,46
TSC22D3,207,2,50,0.040,49
TSEN15,260,2,50,0.040,43
TSEN2,19,2,50,0.040,46
TSEN34,194,2,50,0.040,44
TSFM,305,2,50,0.040,49
TSGA10,292,1,50,0.020,50
TSLP,717,2,50,0.040,48
TSPAN1,616,2,50,0.040,48
TSPAN11,489,2,50,0.040,47
TSPAN3,354,2,50,0.040,49
TSPAN5,374,2,50,0.040,48
TSPAN6,125,2,50,0.040,48
TSPAN7,634,2,50,0.040,48
TSPYL1,5,2,50,0.040,48
TSPYL4,420,2,50,0.040,45
TSPYL5,539,1,50,0.020,45
TSSC4,602,2,50,0.040,48
TSSK2,161,2,50,0.040,49
TST,55,2,50,0.040,49
TSTD2,132,2,50,0.040,46
TTC14,3,2,50,0.040,49
TTC19,222,1,50,0.020,50
TTC22,378,2,50,0.040,47
TTC23,420,2,50,0.040,48
TTC27,484,2,50,0.040,47
TTC28,603,1,50,0.020,50
TTC31,494,2,50,0.040,49
TTC39A,192,1,50,0.020,50
TTC7B,801,2,50,0.040,49
TTC8,246,1,50,0.020,50
TTC9,309,2,50,0.040,46
TTC9C,422,2,50,0.040,49
TTF1,319,2,50,0.040,48
TTF2,443,1,50,0.020,50
TTI1,33,2,50,0.040,48
TTL,657,3,50,0.060,48
TTLL11,271,2,50,0.040,47
TTLL4,556,2,50,0.040,48
TTLL6,622,1,50,0.020,50
TTLL7,281,2,50,0.040,48
TTPAL,469,1,50,0.020,50
TUBA1A,805,2,50,0.040,49
TUBA1B,561,2,50,0.040,48
TUBA1C,532,2,50,0.040,48
TUBA3D,74,2,50,0.040,47
TUBA4A,271,2,50,0.040,47
TUBAL3,36,1,50,0.020,50
TUBB,466,3,50,0.060,47
TUBB2A,295,2,50,0.040,49
TUBB4B,161,2,50,0.040,48
TUBD1,68,2,50,0.040,43
TUBG1,301,1,50,0.020,50
TUBGCP3,731,2,50,0.040,47
TUBGCP4,212,2,50,0.040,47
TULP3,469,1,50,0.020,50
TULP4,564,2,50,0.040,45
TUSC3,40,2,50,0.040,49
TWNK,391,2,50,0.040,47
TXLNG,680,2,50,0.040,48
TXNDC11,574,2,50,0.040,49
TXNDC12,760,1,50,0.020,49
TXNIP,575,2,50,0.040,48
TXNL4B,420,2,50,0.040,45
TXNRD3,680,2,50,0.040,48
TYMP,311,3,50,0.060,47
TYRO3,108,2,50,0.040,47
TZMP1,494,2,50,0.040,49
U2AF1L4,70,2,50,0.040,47
U2AF2,621,2,50,0.040,49
U2SURP,278,2,50,0.040,49
UAP1,763,2,50,0.040,49
UBA1,599,2,50,0.040,46
UBA2,32,2,50,0.040,46
UBA6,98,1,50,0.020,50
UBAC2,278,2,50,0.040,49
UBALD1,360,2,50,0.040,48
UBAP2,140,2,50,0.040,46
UBAP2L,762,2,50,0.040,48
UBB,563,1,50,0.020,47
UBD,769,1,50,0.020,50
UBE2C,355,2,50,0.040,49
UBE2D3,49,2,50,0.040,49
UBE2D4,420,1,50,0.020,50
UBE2G1,714,2,50,0.040,48
UBE2I,670,1,50,0.020,50
UBE2J1,534,2,50,0.040,49
UBE2L6,355,2,50,0.040,49
UBE2N,677,2,50,0.040,49
UBE2NL,789,2,50,0.040,49
UBE2O,486,2,50,0.040,48
UBE2QL1,288,2,50,0.040,49
UBE2S,11,2,50,0.040,48
UBE2T,348,2,50,0.040,49
UBE2V2,83,2,50,0.040,47
UBE3C,674,2,50,0.040,47
UBE3D,611,1,50,0.020,50
UBE4A,494,2,50,0.040,49
UBFD1,9,4,50,0.080,47
UBL3,235,2,50,0.040,47
UBL4A,405,2,50,0.040,46
UBL5,659,2,50,0.040,49
UBR1,4,2,50,0.040,48
UBR2,334,2,50,0.040,47
UBR4,190,1,50,0.020,50
UBR7,161,2,50,0.040,49
UBXN7,448,1,50,0.020,45
UCHL3,9,4,50,0.080,47
UCKL1,98,2,50,0.040,49
UFD1,712,2,50,0.040,47
UFL1,617,2,50,0.040,49
UFM1,742,1,50,0.020,50
UFSP2,617,2,50,0.040,49
UGCG,626,2,50,0.040,47
UGDH,85,2,50,0.040,49
UGGT2,50,2,50,0.040,49
UGP2,69,2,50,0.040,47
UGT2A3,669,3,50,0.060,48
UGT2B28,87,2,50,0.040,49
UHRF1,695,2,50,0.040,48
UHRF2,440,2,50,0.040,46
UIMC1,246,1,50,0.020,50
ULBP2,11,2,50,0.040,48
UMPS,299,2,50,0.040,49
UNC119B,271,1,50,0.020,50
UNC45A,125,1,50,0.020,50
UNC5C,19,2,50,0.040,48
UNC5CL,629,2,50,0.040,48
UNC93A,665,2,50,0.040,47
UPF1,498,2,50,0.040,47
UPF3A,734,2,50,0.040,44
UPF3B,665,2,50,0.040,49
UQCC1,498,2,50,0.040,49
UQCC6,570,2,50,0.040,46
UQCR10,353,2,50,0.040,48
UQCRC1,644,2,50,0.040,47
UQCRC2,716,2,50,0.040,49
UQCRFS1,741,2,50,0.040,48
URB1,125,2,50,0.040,48
URB2,406,2,50,0.040,49
URI1,241,1,50,0.020,49
USP10,679,2,50,0.040,47
USP11,212,2,50,0.040,49
USP14,596,1,50,0.020,47
USP16,778,2,50,0.040,48
USP2,617,1,50,0.020,50
USP21,161,2,50,0.040,49
USP27X,590,2,50,0.040,45
USP30,615,2,50,0.040,45
USP31,665,2,50,0.040,46
USP33,261,1,50,0.020,49
USP35,161,2,50,0.040,49
USP36,539,2,50,0.040,45
USP39,524,2,50,0.040,44
USP40,698,2,50,0.040,48
USP42,467,2,50,0.040,48
USP5,750,2,50,0.040,43
USP53,464,2,50,0.040,49
USP6NL,419,2,50,0.040,49
USP8,240,1,50,0.020,46
USPL1,45,3,50,0.060,47
UST,159,2,50,0.040,46
UTP11,644,2,50,0.040,48
UTP14A,281,2,50,0.040,46
UTP15,122,3,50,0.060,47
UTP20,1,2,50,0.040,49
UTP25,140,2,50,0.040,48
UTP4,390,2,50,0.040,49
UTP6,525,1,50,0.020,50
UXT,564,2,50,0.040,45
VAC14,251,3,50,0.060,48
VAMP1,735,2,50,0.040,48
VAMP2,392,1,50,0.020,50
VAMP5,469,2,50,0.040,49
VAMP8,25,3,50,0.060,46
VAPA,766,2,50,0.040,43
VAPB,607,2,50,0.040,47
VARS1,201,2,50,0.040,48
VASH2,383,2,50,0.040,49
VAT1L,464,2,50,0.040,43
VAV1,267,2,50,0.040,44
VBP1,252,2,50,0.040,48
VCAN,49,2,50,0.040,47
VCP,689,2,50,0.040,43
VDR,614,2,50,0.040,45
VEGFA,519,2,50,0.040,47
VGLL4,524,2,50,0.040,49
VILL,90,2,50,0.040,49
VIPR1,89,2,50,0.040,49
VKORC1,602,2,50,0.040,47
VKORC1L1,707,2,50,0.040,48
VLDLR,67,2,50,0.040,45
VMA22,518,2,50,0.040,49
VMP1,376,2,50,0.040,49
VOPP1,614,2,50,0.040,49
VPREB3,42,2,50,0.040,42
VPS13D,329,2,50,0.040,48
VPS26C,49,2,50,0.040,49
VPS35,524,2,50,0.040,49
VPS35L,217,2,50,0.040,47
VPS37A,30,2,50,0.040,47
VPS41,319,2,50,0.040,48
VPS4A,68,2,50,0.040,42
VPS4B,706,2,50,0.040,48
VPS72,50,1,50,0.020,50
VRK1,714,2,50,0.040,43
VRK2,530,2,50,0.040,48
VSIG10,738,2,50,0.040,47
VSIG2,669,3,50,0.060,48
VSIG4,612,2,50,0.040,48
VSNL1,223,2,50,0.040,48
VSTM2A,622,1,50,0.020,50
VTI1B,209,2,50,0.040,48
VWA1,422,2,50,0.040,47
VWA5A,612,2,50,0.040,49
WARS1,469,1,50,0.020,50
WASF1,98,1,50,0.020,49
WASL,517,2,50,0.040,48
WBP11,75,2,50,0.040,49
WBP1L,420,2,50,0.040,47
WBP4,193,2,50,0.040,46
WDFY4,284,2,50,0.040,46
WDHD1,140,2,50,0.040,46
WDR1,738,2,50,0.040,47
WDR12,3,2,50,0.040,46
WDR18,543,1,50,0.020,50
WDR19,798,2,50,0.040,48
WDR20,730,2,50,0.040,49
WDR3,553,2,50,0.040,48
WDR35,110,2,50,0.040,47
WDR4,546,2,50,0.040,49
WDR43,69,3,50,0.060,45
WDR44,628,2,50,0.040,47
WDR45B,188,2,50,0.040,48
WDR46,190,1,50,0.020,50
WDR47,632,2,50,0.040,49
WDR5,7,2,50,0.040,47
WDR53,678,1,50,0.020,50
WDR54,299,2,50,0.040,49
WDR5B,547,1,50,0.020,50
WDR62,212,2,50,0.040,49
WDR7,750,2,50,0.040,47
WDR72,85,2,50,0.040,47
WDR74,110,2,50,0.040,47
WDR75,631,2,50,0.040,47
WDR77,201,2,50,0.040,48
WDR90,246,1,50,0.020,50
WDSUB1,740,2,50,0.040,48
WEE1,469,1,50,0.020,50
WFDC1,282,2,50,0.040,49
WFS1,347,2,50,0.040,48
WIF1,798,2,50,0.040,43
WIPI2,88,2,50,0.040,48
WIZ,187,2,50,0.040,48
WLS,710,2,50,0.040,49
WNK1,376,2,50,0.040,49
WNK3,238,2,50,0.040,47
WNT11,348,2,50,0.040,49
WNT2,355,2,50,0.040,49
WNT2B,681,1,50,0.020,50
WNT5A,336,1,50,0.020,50
WRAP53,354,2,50,0.040,48
WRAP73,100,1,50,0.020,49
WRNIP1,193,2,50,0.040,45
WSB1,3,2,50,0.040,49
WT1,486,2,50,0.040,45
WWC3,293,2,50,0.040,47
WWOX,9,4,50,0.080,47
XAB2,239,2,50,0.040,46
XCL1,209,2,50,0.040,48
XCL2,464,2,50,0.040,49
XDH,716,1,50,0.020,50
XK,739,2,50,0.040,49
XKR4,572,1,50,0.020,50
XKRX,704,2,50,0.040,48
XPNPEP3,246,1,50,0.020,50
XPO1,49,1,50,0.020,50
XPO4,27,2,50,0.040,48
XPO5,112,1,50,0.020,50
XPO6,124,1,50,0.020,50
XPOT,201,2,50,0.040,48
XRCC1,252,2,50,0.040,48
XRCC5,241,1,50,0.020,50
XRCC6,82,2,50,0.040,48
XRN2,342,1,50,0.020,50
XYLT1,455,2,50,0.040,49
YAE1,69,2,50,0.040,48
YAP1,469,1,50,0.020,50
YARS1,8,2,50,0.040,47
YARS2,530,2,50,0.040,48
YBX3,419,1,50,0.020,49
YEATS2,421,1,50,0.020,50
YEATS4,665,2,50,0.040,49
YIF1A,484,2,50,0.040,48
YIF1B,547,1,50,0.020,50
YIPF2,158,2,50,0.040,46
YIPF5,428,2,50,0.040,49
YKT6,561,2,50,0.040,48
YPEL5,206,2,50,0.040,49
YRDC,576,2,50,0.040,47
YTHDC1,477,1,50,0.020,50
YTHDC2,651,2,50,0.040,49
YTHDF1,614,2,50,0.040,48
YWHAB,442,2,50,0.040,49
YWHAG,657,3,50,0.060,48
ZBED11,353,2,50,0.040,48
ZBED3,309,2,50,0.040,46
ZBED8,37,2,50,0.040,48
ZBTB18,271,2,50,0.040,47
ZBTB21,1,2,50,0.040,48
ZBTB24,665,2,50,0.040,49
ZBTB33,635,2,50,0.040,46
ZBTB34,518,2,50,0.040,49
ZBTB37,643,2,50,0.040,49
ZBTB39,599,2,50,0.040,49
ZBTB7B,652,1,50,0.020,46
ZBTB7C,140,2,50,0.040,47
ZBTB9,547,1,50,0.020,50
ZC2HC1A,698,2,50,0.040,48
ZC3H12C,617,1,50,0.020,50
ZC3H12D,161,2,50,0.040,49
ZC3H13,63,2,50,0.040,45
ZC3H14,574,2,50,0.040,49
ZC3H15,49,1,50,0.020,50
ZC3H18,99,1,50,0.020,50
ZC3H3,440,2,50,0.040,48
ZC3H6,631,3,50,0.060,47
ZC3H8,529,2,50,0.040,46
ZC3HAV1L,201,2,50,0.040,48
ZC3HC1,524,2,50,0.040,49
ZCCHC10,448,2,50,0.040,49
ZCCHC2,226,2,50,0.040,48
ZCCHC24,423,2,50,0.040,48
ZCCHC3,669,2,50,0.040,47
ZCCHC7,688,2,50,0.040,48
ZCRB1,173,1,50,0.020,46
ZDHHC2,330,2,50,0.040,49
ZDHHC20,371,2,50,0.040,48
ZDHHC24,803,2,50,0.040,47
ZDHHC4,689,2,50,0.040,47
ZDHHC8,621,2,50,0.040,49
ZDHHC9,140,2,50,0.040,48
ZEB2,583,2,50,0.040,49
ZER1,658,2,50,0.040,47
ZFAND1,441,2,50,0.040,48
ZFAND2B,481,2,50,0.040,45
ZFAND4,685,2,50,0.040,43
ZFAND6,49,2,50,0.040,49
ZFC3H1,815,2,50,0.040,47
ZFP1,324,2,50,0.040,48
ZFP3,613,2,50,0.040,49
ZFP30,413,2,50,0.040,47
ZFP36,516,2,50,0.040,43
ZFP36L1,88,2,50,0.040,48
ZFP41,415,2,50,0.040,47
ZFP64,657,3,50,0.060,48
ZFP69B,287,1,50,0.020,50
ZFP82,546,2,50,0.040,46
ZFP90,467,2,50,0.040,48
ZFP91,716,2,50,0.040,49
ZFR,566,2,50,0.040,46
ZFTA,519,2,50,0.040,47
ZFYVE1,603,1,50,0.020,50
ZFYVE26,132,2,50,0.040,46
ZFYVE28,464,1,50,0.020,50
ZG16,166,2,50,0.040,48
ZGPAT,538,2,50,0.040,48
ZIC2,268,1,50,0.020,50
ZKSCAN5,602,2,50,0.040,48
ZMAT1,128,2,50,0.040,44
ZMIZ2,611,1,50,0.020,50
ZMYM2,600,2,50,0.040,47
ZMYM3,686,2,50,0.040,44
ZMYM5,566,3,50,0.060,46
ZMYND12,67,2,50,0.040,46
ZMYND19,734,1,50,0.020,50
ZMYND8,413,2,50,0.040,47
ZNF101,544,2,50,0.040,46
ZNF12,702,2,50,0.040,48
ZNF121,782,1,50,0.020,50
ZNF133,190,1,50,0.020,50
ZNF142,665,2,50,0.040,46
ZNF143,129,2,50,0.040,47
ZNF146,52,2,50,0.040,49
ZNF155,460,1,50,0.020,50
ZNF182,413,2,50,0.040,47
ZNF184,97,1,50,0.020,47
ZNF189,129,2,50,0.040,47
ZNF200,75,2,50,0.040,49
ZNF202,467,2,50,0.040,49
ZNF211,428,2,50,0.040,49
ZNF219,724,2,50,0.040,48
ZNF239,201,2,50,0.040,48
ZNF24,49,2,50,0.040,49
ZNF251,455,2,50,0.040,49
ZNF256,534,2,50,0.040,49
ZNF26,161,2,50,0.040,47
ZNF260,336,2,50,0.040,48
ZNF267,661,2,50,0.040,47
ZNF275,286,1,50,0.020,49
ZNF280B,406,2,50,0.040,49
ZNF280C,8,2,50,0.040,47
ZNF281,299,2,50,0.040,49
ZNF282,790,2,50,0.040,47
ZNF3,666,2,50,0.040,48
ZNF30,188,2,50,0.040,48
ZNF304,145,2,50,0.040,49
ZNF317,735,2,50,0.040,49
ZNF318,484,2,50,0.040,48
ZNF337,466,3,50,0.060,46
ZNF350,738,2,50,0.040,47
ZNF367,590,2,50,0.040,44
ZNF384,119,2,50,0.040,48
ZNF396,750,2,50,0.040,47
ZNF407,494,2,50,0.040,49
ZNF408,196,2,50,0.040,43
ZNF415,12,2,50,0.040,49
ZNF419,188,2,50,0.040,48
ZNF436,551,2,50,0.040,46
ZNF443,548,1,50,0.020,50
ZNF444,82,2,50,0.040,49
ZNF469,708,2,50,0.040,49
ZNF473,590,2,50,0.040,46
ZNF493,534,3,50,0.060,44
ZNF503,112,2,50,0.040,49
ZNF507,161,2,50,0.040,49
ZNF511,170,2,50,0.040,47
ZNF518A,4,2,50,0.040,46
ZNF518B,534,2,50,0.040,49
ZNF526,498,2,50,0.040,48
ZNF536,730,1,50,0.020,50
ZNF558,657,2,50,0.040,49
ZNF562,188,2,50,0.040,48
ZNF567,686,2,50,0.040,48
ZNF572,127,2,50,0.040,47
ZNF574,75,2,50,0.040,49
ZNF575,1,3,50,0.060,45
ZNF579,265,1,50,0.020,50
ZNF581,702,2,50,0.040,44
ZNF584,324,2,50,0.040,48
ZNF587,336,2,50,0.040,48
ZNF593,112,1,50,0.020,50
ZNF598,612,1,50,0.020,50
ZNF613,575,2,50,0.040,48
ZNF614,247,2,50,0.040,48
ZNF615,617,2,50,0.040,47
ZNF624,622,3,50,0.060,46
ZNF629,529,2,50,0.040,48
ZNF654,563,1,50,0.020,48
ZNF655,507,1,50,0.020,50
ZNF658,199,2,50,0.040,49
ZNF670,751,2,50,0.040,48
ZNF674,99,1,50,0.020,50
ZNF677,703,2,50,0.040,49
ZNF684,612,2,50,0.040,49
ZNF692,441,2,50,0.040,48
ZNF696,418,2,50,0.040,48
ZNF697,443,1,50,0.020,48
ZNF7,765,2,50,0.040,49
ZNF703,3,2,50,0.040,46
ZNF706,669,2,50,0.040,49
ZNF738,98,2,50,0.040,47
ZNF74,70,2,50,0.040,49
ZNF746,272,2,50,0.040,46
ZNF765,68,2,50,0.040,43
ZNF777,118,2,50,0.040,49
ZNF784,455,2,50,0.040,48
ZNF786,272,2,50,0.040,47
ZNF792,590,2,50,0.040,46
ZNF804A,649,2,50,0.040,49
ZNF81,617,2,50,0.040,48
ZNF829,334,2,50,0.040,46
ZNF830,505,2,50,0.040,48
ZNF844,425,2,50,0.040,48
ZNF91,219,2,50,0.040,45
ZNF92,190,1,50,0.020,50
ZNFX1,318,1,50,0.020,50
ZNHIT2,677,2,50,0.040,49
ZNHIT3,16,2,50,0.040,45
ZNHIT6,125,2,50,0.040,48
ZNRD2,590,2,50,0.040,46
ZNRF2,741,2,50,0.040,48
ZNRF3,627,2,50,0.040,49
ZPR1,301,1,50,0.020,50
ZSCAN10,282,2,50,0.040,49
ZSCAN18,91,2,50,0.040,49
ZSCAN30,288,2,50,0.040,47
ZSWIM1,644,2,50,0.040,47
ZSWIM3,704,2,50,0.040,46
ZSWIM5,622,3,50,0.060,46
ZSWIM6,476,2,50,0.040,47
ZSWIM7,661,2,50,0.040,47
ZW10,698,2,50,0.040,48
ZWILCH,369,2,50,0.040,48
ZWINT,139,2,50,0.040,49
ZXDB,471,1,50,0.020,50
ZXDC,498,2,50,0.040,49
ZYG11B,617,2,50,0.040,49
ZYX,466,3,50,0.060,47
ZZEF1,9,2,50,0.040,45
