gene,cluster_id,max_level_survived,mean_log2fc,direction
ABL2,0,2,-0.17331246652759688,down
CNTNAP4,0,2,-0.36862663669895396,down
SLC27A4,0,2,-0.40143719622556456,down
STK39,0,4,-0.25196349646099453,down
TAF1,0,3,-0.23335781539416,down
TRAPPC9,0,4,-0.3346966468757224,down
UIMC1,0,2,-0.1801483997257676,down
